{"op_code":0,"worker_id":"ae3c7af5-73bd-4dd7-8c86-585df266468c-140596878897152","study_name":"bert_squad_lrtt_bs48_adam_binary_a_zero_nowd_nomom_nonest_onehot_constantstepideal_cconstantstepideal_perfect_noos_no-stlr_abml_split-reset_std_qkvo_5ep","directions":[2]}
{"op_code":4,"worker_id":"ae3c7af5-73bd-4dd7-8c86-585df266468c-140596878897152","study_id":0,"datetime_start":"2026-05-25T04:09:21.675162"}
{"op_code":5,"worker_id":"ae3c7af5-73bd-4dd7-8c86-585df266468c-140596878897152","trial_id":0,"param_name":"learning_rate","param_value_internal":0.004962154819522677,"distribution":"{\"name\": \"FloatDistribution\", \"attributes\": {\"step\": null, \"low\": 0.0002, \"high\": 0.006, \"log\": true}}"}
{"op_code":5,"worker_id":"ae3c7af5-73bd-4dd7-8c86-585df266468c-140596878897152","trial_id":0,"param_name":"transfer_lr","param_value_internal":0.5251792842480295,"distribution":"{\"name\": \"FloatDistribution\", \"attributes\": {\"step\": null, \"low\": 9e-06, \"high\": 3.0, \"log\": true}}"}
{"op_code":5,"worker_id":"ae3c7af5-73bd-4dd7-8c86-585df266468c-140596878897152","trial_id":0,"param_name":"transfer_every","param_value_internal":44.0,"distribution":"{\"name\": \"IntDistribution\", \"attributes\": {\"log\": true, \"step\": 1, \"low\": 1, \"high\": 50}}"}
{"op_code":5,"worker_id":"ae3c7af5-73bd-4dd7-8c86-585df266468c-140596878897152","trial_id":0,"param_name":"rank_exp","param_value_internal":6.0,"distribution":"{\"name\": \"IntDistribution\", \"attributes\": {\"log\": false, \"step\": 1, \"low\": 0, \"high\": 6}}"}
{"op_code":5,"worker_id":"ae3c7af5-73bd-4dd7-8c86-585df266468c-140596878897152","trial_id":0,"param_name":"fast_lr","param_value_internal":0.07050995536675637,"distribution":"{\"name\": \"FloatDistribution\", \"attributes\": {\"step\": null, \"low\": 7e-06, \"high\": 40.0, \"log\": true}}"}
{"op_code":5,"worker_id":"ae3c7af5-73bd-4dd7-8c86-585df266468c-140596878897152","trial_id":0,"param_name":"tau_sec","param_value_internal":0.0,"distribution":"{\"name\": \"FloatDistribution\", \"attributes\": {\"step\": null, \"low\": 0.0, \"high\": 0.0, \"log\": false}}"}
{"op_code":5,"worker_id":"ae3c7af5-73bd-4dd7-8c86-585df266468c-140596878897152","trial_id":0,"param_name":"ab_dw_min","param_value_internal":2.772057091034439e-05,"distribution":"{\"name\": \"FloatDistribution\", \"attributes\": {\"step\": null, \"low\": 5e-06, \"high\": 0.01, \"log\": true}}"}
{"op_code":5,"worker_id":"ae3c7af5-73bd-4dd7-8c86-585df266468c-140596878897152","trial_id":0,"param_name":"ab_desired_bl","param_value_internal":31.0,"distribution":"{\"name\": \"IntDistribution\", \"attributes\": {\"log\": false, \"step\": 1, \"low\": 31, \"high\": 31}}"}
{"op_code":5,"worker_id":"ae3c7af5-73bd-4dd7-8c86-585df266468c-140596878897152","trial_id":0,"param_name":"ab_multilevel","param_value_internal":14.0,"distribution":"{\"name\": \"IntDistribution\", \"attributes\": {\"log\": false, \"step\": 1, \"low\": 1, \"high\": 14}}"}
{"op_code":5,"worker_id":"ae3c7af5-73bd-4dd7-8c86-585df266468c-140596878897152","trial_id":0,"param_name":"a_reset_std","param_value_internal":1e-30,"distribution":"{\"name\": \"FloatDistribution\", \"attributes\": {\"step\": null, \"low\": 1e-30, \"high\": 1e-30, \"log\": true}}"}
{"op_code":5,"worker_id":"ae3c7af5-73bd-4dd7-8c86-585df266468c-140596878897152","trial_id":0,"param_name":"b_reset_std","param_value_internal":1e-30,"distribution":"{\"name\": \"FloatDistribution\", \"attributes\": {\"step\": null, \"low\": 1e-30, \"high\": 1e-30, \"log\": true}}"}
{"op_code":5,"worker_id":"ae3c7af5-73bd-4dd7-8c86-585df266468c-140596878897152","trial_id":0,"param_name":"c_dw_min","param_value_internal":0.025380924177320106,"distribution":"{\"name\": \"FloatDistribution\", \"attributes\": {\"step\": null, \"low\": 0.001, \"high\": 0.04, \"log\": true}}"}
{"op_code":5,"worker_id":"ae3c7af5-73bd-4dd7-8c86-585df266468c-140596878897152","trial_id":0,"param_name":"c_desired_bl","param_value_internal":31.0,"distribution":"{\"name\": \"IntDistribution\", \"attributes\": {\"log\": false, \"step\": 1, \"low\": 31, \"high\": 31}}"}
{"op_code":5,"worker_id":"ae3c7af5-73bd-4dd7-8c86-585df266468c-140596878897152","trial_id":0,"param_name":"out_noise","param_value_internal":0.0,"distribution":"{\"name\": \"FloatDistribution\", \"attributes\": {\"step\": null, \"low\": 0.0, \"high\": 0.0, \"log\": false}}"}
{"op_code":5,"worker_id":"ae3c7af5-73bd-4dd7-8c86-585df266468c-140596878897152","trial_id":0,"param_name":"ab_weight_scaling_omega","param_value_internal":0.0,"distribution":"{\"name\": \"FloatDistribution\", \"attributes\": {\"step\": null, \"low\": 0.0, \"high\": 0.0, \"log\": false}}"}
{"op_code":5,"worker_id":"ae3c7af5-73bd-4dd7-8c86-585df266468c-140596878897152","trial_id":0,"param_name":"min_lr_rate","param_value_internal":0.0,"distribution":"{\"name\": \"FloatDistribution\", \"attributes\": {\"step\": null, \"low\": 0.0, \"high\": 0.0, \"log\": false}}"}
{"op_code":5,"worker_id":"ae3c7af5-73bd-4dd7-8c86-585df266468c-140596878897152","trial_id":0,"param_name":"a_density","param_value_internal":0.041048853047703775,"distribution":"{\"name\": \"FloatDistribution\", \"attributes\": {\"step\": null, \"low\": 0.001, \"high\": 1.0, \"log\": true}}"}
{"op_code":0,"worker_id":"36f40d95-d161-4d3f-8f27-e8ab18930a88-139672131743744","study_name":"bert_squad_lrtt_bs48_adam_binary_a_zero_nowd_nomom_nonest_onehot_constantstepideal_cconstantstepideal_perfect_noos_no-stlr_abml_split-reset_std_qkvo_5ep","directions":[2]}
{"op_code":4,"worker_id":"36f40d95-d161-4d3f-8f27-e8ab18930a88-139672131743744","study_id":0,"datetime_start":"2026-05-25T04:09:25.042970"}
{"op_code":5,"worker_id":"36f40d95-d161-4d3f-8f27-e8ab18930a88-139672131743744","trial_id":1,"param_name":"learning_rate","param_value_internal":0.001049101425894653,"distribution":"{\"name\": \"FloatDistribution\", \"attributes\": {\"step\": null, \"low\": 0.0002, \"high\": 0.006, \"log\": true}}"}
{"op_code":5,"worker_id":"36f40d95-d161-4d3f-8f27-e8ab18930a88-139672131743744","trial_id":1,"param_name":"transfer_lr","param_value_internal":5.099168286833836e-05,"distribution":"{\"name\": \"FloatDistribution\", \"attributes\": {\"step\": null, \"low\": 9e-06, \"high\": 3.0, \"log\": true}}"}
{"op_code":5,"worker_id":"36f40d95-d161-4d3f-8f27-e8ab18930a88-139672131743744","trial_id":1,"param_name":"transfer_every","param_value_internal":2.0,"distribution":"{\"name\": \"IntDistribution\", \"attributes\": {\"log\": true, \"step\": 1, \"low\": 1, \"high\": 50}}"}
{"op_code":5,"worker_id":"36f40d95-d161-4d3f-8f27-e8ab18930a88-139672131743744","trial_id":1,"param_name":"rank_exp","param_value_internal":2.0,"distribution":"{\"name\": \"IntDistribution\", \"attributes\": {\"log\": false, \"step\": 1, \"low\": 0, \"high\": 6}}"}
{"op_code":5,"worker_id":"36f40d95-d161-4d3f-8f27-e8ab18930a88-139672131743744","trial_id":1,"param_name":"fast_lr","param_value_internal":0.11797481904525696,"distribution":"{\"name\": \"FloatDistribution\", \"attributes\": {\"step\": null, \"low\": 7e-06, \"high\": 40.0, \"log\": true}}"}
{"op_code":5,"worker_id":"36f40d95-d161-4d3f-8f27-e8ab18930a88-139672131743744","trial_id":1,"param_name":"tau_sec","param_value_internal":0.0,"distribution":"{\"name\": \"FloatDistribution\", \"attributes\": {\"step\": null, \"low\": 0.0, \"high\": 0.0, \"log\": false}}"}
{"op_code":5,"worker_id":"36f40d95-d161-4d3f-8f27-e8ab18930a88-139672131743744","trial_id":1,"param_name":"ab_dw_min","param_value_internal":0.004796500764708545,"distribution":"{\"name\": \"FloatDistribution\", \"attributes\": {\"step\": null, \"low\": 5e-06, \"high\": 0.01, \"log\": true}}"}
{"op_code":5,"worker_id":"36f40d95-d161-4d3f-8f27-e8ab18930a88-139672131743744","trial_id":1,"param_name":"ab_desired_bl","param_value_internal":31.0,"distribution":"{\"name\": \"IntDistribution\", \"attributes\": {\"log\": false, \"step\": 1, \"low\": 31, \"high\": 31}}"}
{"op_code":5,"worker_id":"36f40d95-d161-4d3f-8f27-e8ab18930a88-139672131743744","trial_id":1,"param_name":"ab_multilevel","param_value_internal":2.0,"distribution":"{\"name\": \"IntDistribution\", \"attributes\": {\"log\": false, \"step\": 1, \"low\": 1, \"high\": 14}}"}
{"op_code":5,"worker_id":"36f40d95-d161-4d3f-8f27-e8ab18930a88-139672131743744","trial_id":1,"param_name":"a_reset_std","param_value_internal":1e-30,"distribution":"{\"name\": \"FloatDistribution\", \"attributes\": {\"step\": null, \"low\": 1e-30, \"high\": 1e-30, \"log\": true}}"}
{"op_code":5,"worker_id":"36f40d95-d161-4d3f-8f27-e8ab18930a88-139672131743744","trial_id":1,"param_name":"b_reset_std","param_value_internal":1e-30,"distribution":"{\"name\": \"FloatDistribution\", \"attributes\": {\"step\": null, \"low\": 1e-30, \"high\": 1e-30, \"log\": true}}"}
{"op_code":5,"worker_id":"36f40d95-d161-4d3f-8f27-e8ab18930a88-139672131743744","trial_id":1,"param_name":"c_dw_min","param_value_internal":0.003524267131534065,"distribution":"{\"name\": \"FloatDistribution\", \"attributes\": {\"step\": null, \"low\": 0.001, \"high\": 0.04, \"log\": true}}"}
{"op_code":5,"worker_id":"36f40d95-d161-4d3f-8f27-e8ab18930a88-139672131743744","trial_id":1,"param_name":"c_desired_bl","param_value_internal":31.0,"distribution":"{\"name\": \"IntDistribution\", \"attributes\": {\"log\": false, \"step\": 1, \"low\": 31, \"high\": 31}}"}
{"op_code":5,"worker_id":"36f40d95-d161-4d3f-8f27-e8ab18930a88-139672131743744","trial_id":1,"param_name":"out_noise","param_value_internal":0.0,"distribution":"{\"name\": \"FloatDistribution\", \"attributes\": {\"step\": null, \"low\": 0.0, \"high\": 0.0, \"log\": false}}"}
{"op_code":5,"worker_id":"36f40d95-d161-4d3f-8f27-e8ab18930a88-139672131743744","trial_id":1,"param_name":"ab_weight_scaling_omega","param_value_internal":0.0,"distribution":"{\"name\": \"FloatDistribution\", \"attributes\": {\"step\": null, \"low\": 0.0, \"high\": 0.0, \"log\": false}}"}
{"op_code":5,"worker_id":"36f40d95-d161-4d3f-8f27-e8ab18930a88-139672131743744","trial_id":1,"param_name":"min_lr_rate","param_value_internal":0.0,"distribution":"{\"name\": \"FloatDistribution\", \"attributes\": {\"step\": null, \"low\": 0.0, \"high\": 0.0, \"log\": false}}"}
{"op_code":5,"worker_id":"36f40d95-d161-4d3f-8f27-e8ab18930a88-139672131743744","trial_id":1,"param_name":"a_density","param_value_internal":0.008009318539648919,"distribution":"{\"name\": \"FloatDistribution\", \"attributes\": {\"step\": null, \"low\": 0.001, \"high\": 1.0, \"log\": true}}"}
{"op_code":0,"worker_id":"212ec760-cf65-4e14-863f-e4e6506cf07a-140181664038912","study_name":"bert_squad_lrtt_bs48_adam_binary_a_zero_nowd_nomom_nonest_onehot_constantstepideal_cconstantstepideal_perfect_noos_no-stlr_abml_split-reset_std_qkvo_5ep","directions":[2]}
{"op_code":4,"worker_id":"212ec760-cf65-4e14-863f-e4e6506cf07a-140181664038912","study_id":0,"datetime_start":"2026-05-25T04:09:27.845331"}
{"op_code":5,"worker_id":"212ec760-cf65-4e14-863f-e4e6506cf07a-140181664038912","trial_id":2,"param_name":"learning_rate","param_value_internal":0.0027703856713710085,"distribution":"{\"name\": \"FloatDistribution\", \"attributes\": {\"step\": null, \"low\": 0.0002, \"high\": 0.006, \"log\": true}}"}
{"op_code":5,"worker_id":"212ec760-cf65-4e14-863f-e4e6506cf07a-140181664038912","trial_id":2,"param_name":"transfer_lr","param_value_internal":3.779752566797008e-05,"distribution":"{\"name\": \"FloatDistribution\", \"attributes\": {\"step\": null, \"low\": 9e-06, \"high\": 3.0, \"log\": true}}"}
{"op_code":5,"worker_id":"212ec760-cf65-4e14-863f-e4e6506cf07a-140181664038912","trial_id":2,"param_name":"transfer_every","param_value_internal":1.0,"distribution":"{\"name\": \"IntDistribution\", \"attributes\": {\"log\": true, \"step\": 1, \"low\": 1, \"high\": 50}}"}
{"op_code":5,"worker_id":"212ec760-cf65-4e14-863f-e4e6506cf07a-140181664038912","trial_id":2,"param_name":"rank_exp","param_value_internal":2.0,"distribution":"{\"name\": \"IntDistribution\", \"attributes\": {\"log\": false, \"step\": 1, \"low\": 0, \"high\": 6}}"}
{"op_code":5,"worker_id":"212ec760-cf65-4e14-863f-e4e6506cf07a-140181664038912","trial_id":2,"param_name":"fast_lr","param_value_internal":3.486340361625063e-05,"distribution":"{\"name\": \"FloatDistribution\", \"attributes\": {\"step\": null, \"low\": 7e-06, \"high\": 40.0, \"log\": true}}"}
{"op_code":5,"worker_id":"212ec760-cf65-4e14-863f-e4e6506cf07a-140181664038912","trial_id":2,"param_name":"tau_sec","param_value_internal":0.0,"distribution":"{\"name\": \"FloatDistribution\", \"attributes\": {\"step\": null, \"low\": 0.0, \"high\": 0.0, \"log\": false}}"}
{"op_code":5,"worker_id":"212ec760-cf65-4e14-863f-e4e6506cf07a-140181664038912","trial_id":2,"param_name":"ab_dw_min","param_value_internal":0.0010369519254692268,"distribution":"{\"name\": \"FloatDistribution\", \"attributes\": {\"step\": null, \"low\": 5e-06, \"high\": 0.01, \"log\": true}}"}
{"op_code":5,"worker_id":"212ec760-cf65-4e14-863f-e4e6506cf07a-140181664038912","trial_id":2,"param_name":"ab_desired_bl","param_value_internal":31.0,"distribution":"{\"name\": \"IntDistribution\", \"attributes\": {\"log\": false, \"step\": 1, \"low\": 31, \"high\": 31}}"}
{"op_code":5,"worker_id":"212ec760-cf65-4e14-863f-e4e6506cf07a-140181664038912","trial_id":2,"param_name":"ab_multilevel","param_value_internal":7.0,"distribution":"{\"name\": \"IntDistribution\", \"attributes\": {\"log\": false, \"step\": 1, \"low\": 1, \"high\": 14}}"}
{"op_code":5,"worker_id":"212ec760-cf65-4e14-863f-e4e6506cf07a-140181664038912","trial_id":2,"param_name":"a_reset_std","param_value_internal":1e-30,"distribution":"{\"name\": \"FloatDistribution\", \"attributes\": {\"step\": null, \"low\": 1e-30, \"high\": 1e-30, \"log\": true}}"}
{"op_code":5,"worker_id":"212ec760-cf65-4e14-863f-e4e6506cf07a-140181664038912","trial_id":2,"param_name":"b_reset_std","param_value_internal":1e-30,"distribution":"{\"name\": \"FloatDistribution\", \"attributes\": {\"step\": null, \"low\": 1e-30, \"high\": 1e-30, \"log\": true}}"}
{"op_code":5,"worker_id":"212ec760-cf65-4e14-863f-e4e6506cf07a-140181664038912","trial_id":2,"param_name":"c_dw_min","param_value_internal":0.004231613643151832,"distribution":"{\"name\": \"FloatDistribution\", \"attributes\": {\"step\": null, \"low\": 0.001, \"high\": 0.04, \"log\": true}}"}
{"op_code":5,"worker_id":"212ec760-cf65-4e14-863f-e4e6506cf07a-140181664038912","trial_id":2,"param_name":"c_desired_bl","param_value_internal":31.0,"distribution":"{\"name\": \"IntDistribution\", \"attributes\": {\"log\": false, \"step\": 1, \"low\": 31, \"high\": 31}}"}
{"op_code":5,"worker_id":"212ec760-cf65-4e14-863f-e4e6506cf07a-140181664038912","trial_id":2,"param_name":"out_noise","param_value_internal":0.0,"distribution":"{\"name\": \"FloatDistribution\", \"attributes\": {\"step\": null, \"low\": 0.0, \"high\": 0.0, \"log\": false}}"}
{"op_code":5,"worker_id":"212ec760-cf65-4e14-863f-e4e6506cf07a-140181664038912","trial_id":2,"param_name":"ab_weight_scaling_omega","param_value_internal":0.0,"distribution":"{\"name\": \"FloatDistribution\", \"attributes\": {\"step\": null, \"low\": 0.0, \"high\": 0.0, \"log\": false}}"}
{"op_code":5,"worker_id":"212ec760-cf65-4e14-863f-e4e6506cf07a-140181664038912","trial_id":2,"param_name":"min_lr_rate","param_value_internal":0.0,"distribution":"{\"name\": \"FloatDistribution\", \"attributes\": {\"step\": null, \"low\": 0.0, \"high\": 0.0, \"log\": false}}"}
{"op_code":5,"worker_id":"212ec760-cf65-4e14-863f-e4e6506cf07a-140181664038912","trial_id":2,"param_name":"a_density","param_value_internal":0.011218183286124053,"distribution":"{\"name\": \"FloatDistribution\", \"attributes\": {\"step\": null, \"low\": 0.001, \"high\": 1.0, \"log\": true}}"}
{"op_code":0,"worker_id":"0b55ba5c-6d70-4fc4-bf2c-d9d32ba00682-139814961631232","study_name":"bert_squad_lrtt_bs48_adam_binary_a_zero_nowd_nomom_nonest_onehot_constantstepideal_cconstantstepideal_perfect_noos_no-stlr_abml_split-reset_std_qkvo_5ep","directions":[2]}
{"op_code":4,"worker_id":"0b55ba5c-6d70-4fc4-bf2c-d9d32ba00682-139814961631232","study_id":0,"datetime_start":"2026-05-25T04:09:30.798213"}
{"op_code":5,"worker_id":"0b55ba5c-6d70-4fc4-bf2c-d9d32ba00682-139814961631232","trial_id":3,"param_name":"learning_rate","param_value_internal":0.002489097296727675,"distribution":"{\"name\": \"FloatDistribution\", \"attributes\": {\"step\": null, \"low\": 0.0002, \"high\": 0.006, \"log\": true}}"}
{"op_code":5,"worker_id":"0b55ba5c-6d70-4fc4-bf2c-d9d32ba00682-139814961631232","trial_id":3,"param_name":"transfer_lr","param_value_internal":5.085337177666724e-05,"distribution":"{\"name\": \"FloatDistribution\", \"attributes\": {\"step\": null, \"low\": 9e-06, \"high\": 3.0, \"log\": true}}"}
{"op_code":5,"worker_id":"0b55ba5c-6d70-4fc4-bf2c-d9d32ba00682-139814961631232","trial_id":3,"param_name":"transfer_every","param_value_internal":42.0,"distribution":"{\"name\": \"IntDistribution\", \"attributes\": {\"log\": true, \"step\": 1, \"low\": 1, \"high\": 50}}"}
{"op_code":5,"worker_id":"0b55ba5c-6d70-4fc4-bf2c-d9d32ba00682-139814961631232","trial_id":3,"param_name":"rank_exp","param_value_internal":4.0,"distribution":"{\"name\": \"IntDistribution\", \"attributes\": {\"log\": false, \"step\": 1, \"low\": 0, \"high\": 6}}"}
{"op_code":5,"worker_id":"0b55ba5c-6d70-4fc4-bf2c-d9d32ba00682-139814961631232","trial_id":3,"param_name":"fast_lr","param_value_internal":4.413132664572678e-05,"distribution":"{\"name\": \"FloatDistribution\", \"attributes\": {\"step\": null, \"low\": 7e-06, \"high\": 40.0, \"log\": true}}"}
{"op_code":5,"worker_id":"0b55ba5c-6d70-4fc4-bf2c-d9d32ba00682-139814961631232","trial_id":3,"param_name":"tau_sec","param_value_internal":0.0,"distribution":"{\"name\": \"FloatDistribution\", \"attributes\": {\"step\": null, \"low\": 0.0, \"high\": 0.0, \"log\": false}}"}
{"op_code":5,"worker_id":"0b55ba5c-6d70-4fc4-bf2c-d9d32ba00682-139814961631232","trial_id":3,"param_name":"ab_dw_min","param_value_internal":4.0008282788724194e-05,"distribution":"{\"name\": \"FloatDistribution\", \"attributes\": {\"step\": null, \"low\": 5e-06, \"high\": 0.01, \"log\": true}}"}
{"op_code":5,"worker_id":"0b55ba5c-6d70-4fc4-bf2c-d9d32ba00682-139814961631232","trial_id":3,"param_name":"ab_desired_bl","param_value_internal":31.0,"distribution":"{\"name\": \"IntDistribution\", \"attributes\": {\"log\": false, \"step\": 1, \"low\": 31, \"high\": 31}}"}
{"op_code":5,"worker_id":"0b55ba5c-6d70-4fc4-bf2c-d9d32ba00682-139814961631232","trial_id":3,"param_name":"ab_multilevel","param_value_internal":6.0,"distribution":"{\"name\": \"IntDistribution\", \"attributes\": {\"log\": false, \"step\": 1, \"low\": 1, \"high\": 14}}"}
{"op_code":5,"worker_id":"0b55ba5c-6d70-4fc4-bf2c-d9d32ba00682-139814961631232","trial_id":3,"param_name":"a_reset_std","param_value_internal":1e-30,"distribution":"{\"name\": \"FloatDistribution\", \"attributes\": {\"step\": null, \"low\": 1e-30, \"high\": 1e-30, \"log\": true}}"}
{"op_code":5,"worker_id":"0b55ba5c-6d70-4fc4-bf2c-d9d32ba00682-139814961631232","trial_id":3,"param_name":"b_reset_std","param_value_internal":1e-30,"distribution":"{\"name\": \"FloatDistribution\", \"attributes\": {\"step\": null, \"low\": 1e-30, \"high\": 1e-30, \"log\": true}}"}
{"op_code":5,"worker_id":"0b55ba5c-6d70-4fc4-bf2c-d9d32ba00682-139814961631232","trial_id":3,"param_name":"c_dw_min","param_value_internal":0.0028995389118692057,"distribution":"{\"name\": \"FloatDistribution\", \"attributes\": {\"step\": null, \"low\": 0.001, \"high\": 0.04, \"log\": true}}"}
{"op_code":5,"worker_id":"0b55ba5c-6d70-4fc4-bf2c-d9d32ba00682-139814961631232","trial_id":3,"param_name":"c_desired_bl","param_value_internal":31.0,"distribution":"{\"name\": \"IntDistribution\", \"attributes\": {\"log\": false, \"step\": 1, \"low\": 31, \"high\": 31}}"}
{"op_code":5,"worker_id":"0b55ba5c-6d70-4fc4-bf2c-d9d32ba00682-139814961631232","trial_id":3,"param_name":"out_noise","param_value_internal":0.0,"distribution":"{\"name\": \"FloatDistribution\", \"attributes\": {\"step\": null, \"low\": 0.0, \"high\": 0.0, \"log\": false}}"}
{"op_code":5,"worker_id":"0b55ba5c-6d70-4fc4-bf2c-d9d32ba00682-139814961631232","trial_id":3,"param_name":"ab_weight_scaling_omega","param_value_internal":0.0,"distribution":"{\"name\": \"FloatDistribution\", \"attributes\": {\"step\": null, \"low\": 0.0, \"high\": 0.0, \"log\": false}}"}
{"op_code":5,"worker_id":"0b55ba5c-6d70-4fc4-bf2c-d9d32ba00682-139814961631232","trial_id":3,"param_name":"min_lr_rate","param_value_internal":0.0,"distribution":"{\"name\": \"FloatDistribution\", \"attributes\": {\"step\": null, \"low\": 0.0, \"high\": 0.0, \"log\": false}}"}
{"op_code":5,"worker_id":"0b55ba5c-6d70-4fc4-bf2c-d9d32ba00682-139814961631232","trial_id":3,"param_name":"a_density","param_value_internal":0.2151691856229341,"distribution":"{\"name\": \"FloatDistribution\", \"attributes\": {\"step\": null, \"low\": 0.001, \"high\": 1.0, \"log\": true}}"}
{"op_code":8,"worker_id":"ae3c7af5-73bd-4dd7-8c86-585df266468c-140596878897152","trial_id":0,"user_attr":{"grad_accum_steps":1}}
{"op_code":8,"worker_id":"36f40d95-d161-4d3f-8f27-e8ab18930a88-139672131743744","trial_id":1,"user_attr":{"grad_accum_steps":1}}
{"op_code":8,"worker_id":"212ec760-cf65-4e14-863f-e4e6506cf07a-140181664038912","trial_id":2,"user_attr":{"grad_accum_steps":1}}
{"op_code":8,"worker_id":"0b55ba5c-6d70-4fc4-bf2c-d9d32ba00682-139814961631232","trial_id":3,"user_attr":{"grad_accum_steps":1}}
{"op_code":7,"worker_id":"0b55ba5c-6d70-4fc4-bf2c-d9d32ba00682-139814961631232","trial_id":3,"step":1,"intermediate_value":73.66712225980802}
{"op_code":8,"worker_id":"0b55ba5c-6d70-4fc4-bf2c-d9d32ba00682-139814961631232","trial_id":3,"user_attr":{"train_loss_epoch_1":2.241609325576927}}
{"op_code":7,"worker_id":"ae3c7af5-73bd-4dd7-8c86-585df266468c-140596878897152","trial_id":0,"step":1,"intermediate_value":77.66932548248508}
{"op_code":8,"worker_id":"ae3c7af5-73bd-4dd7-8c86-585df266468c-140596878897152","trial_id":0,"user_attr":{"train_loss_epoch_1":2.0236371341436534}}
{"op_code":7,"worker_id":"36f40d95-d161-4d3f-8f27-e8ab18930a88-139672131743744","trial_id":1,"step":1,"intermediate_value":71.53169617879168}
{"op_code":8,"worker_id":"36f40d95-d161-4d3f-8f27-e8ab18930a88-139672131743744","trial_id":1,"user_attr":{"train_loss_epoch_1":2.487926240277484}}
{"op_code":7,"worker_id":"212ec760-cf65-4e14-863f-e4e6506cf07a-140181664038912","trial_id":2,"step":1,"intermediate_value":74.19277514001699}
{"op_code":8,"worker_id":"212ec760-cf65-4e14-863f-e4e6506cf07a-140181664038912","trial_id":2,"user_attr":{"train_loss_epoch_1":2.222801374549142}}
{"op_code":7,"worker_id":"0b55ba5c-6d70-4fc4-bf2c-d9d32ba00682-139814961631232","trial_id":3,"step":2,"intermediate_value":75.72139507169419}
{"op_code":8,"worker_id":"0b55ba5c-6d70-4fc4-bf2c-d9d32ba00682-139814961631232","trial_id":3,"user_attr":{"train_loss_epoch_2":1.6700378857977023}}
{"op_code":7,"worker_id":"ae3c7af5-73bd-4dd7-8c86-585df266468c-140596878897152","trial_id":0,"step":2,"intermediate_value":78.48668268867529}
{"op_code":8,"worker_id":"ae3c7af5-73bd-4dd7-8c86-585df266468c-140596878897152","trial_id":0,"user_attr":{"train_loss_epoch_2":1.5688823099058817}}
{"op_code":7,"worker_id":"36f40d95-d161-4d3f-8f27-e8ab18930a88-139672131743744","trial_id":1,"step":2,"intermediate_value":74.27668687289194}
{"op_code":8,"worker_id":"36f40d95-d161-4d3f-8f27-e8ab18930a88-139672131743744","trial_id":1,"user_attr":{"train_loss_epoch_2":1.738372160231841}}
{"op_code":7,"worker_id":"212ec760-cf65-4e14-863f-e4e6506cf07a-140181664038912","trial_id":2,"step":2,"intermediate_value":76.06048779482252}
{"op_code":8,"worker_id":"212ec760-cf65-4e14-863f-e4e6506cf07a-140181664038912","trial_id":2,"user_attr":{"train_loss_epoch_2":1.666479699463056}}
{"op_code":7,"worker_id":"0b55ba5c-6d70-4fc4-bf2c-d9d32ba00682-139814961631232","trial_id":3,"step":3,"intermediate_value":76.7766476934295}
{"op_code":8,"worker_id":"0b55ba5c-6d70-4fc4-bf2c-d9d32ba00682-139814961631232","trial_id":3,"user_attr":{"train_loss_epoch_3":1.5862580088095937}}
{"op_code":7,"worker_id":"ae3c7af5-73bd-4dd7-8c86-585df266468c-140596878897152","trial_id":0,"step":3,"intermediate_value":78.54055436183823}
{"op_code":8,"worker_id":"ae3c7af5-73bd-4dd7-8c86-585df266468c-140596878897152","trial_id":0,"user_attr":{"train_loss_epoch_3":1.5252073464031788}}
{"op_code":7,"worker_id":"36f40d95-d161-4d3f-8f27-e8ab18930a88-139672131743744","trial_id":1,"step":3,"intermediate_value":75.53086892137335}
{"op_code":8,"worker_id":"36f40d95-d161-4d3f-8f27-e8ab18930a88-139672131743744","trial_id":1,"user_attr":{"train_loss_epoch_3":1.6557366433828504}}
{"op_code":7,"worker_id":"212ec760-cf65-4e14-863f-e4e6506cf07a-140181664038912","trial_id":2,"step":3,"intermediate_value":76.72537954806737}
{"op_code":8,"worker_id":"212ec760-cf65-4e14-863f-e4e6506cf07a-140181664038912","trial_id":2,"user_attr":{"train_loss_epoch_3":1.5912926634798852}}
{"op_code":7,"worker_id":"0b55ba5c-6d70-4fc4-bf2c-d9d32ba00682-139814961631232","trial_id":3,"step":4,"intermediate_value":77.92249026042592}
{"op_code":8,"worker_id":"0b55ba5c-6d70-4fc4-bf2c-d9d32ba00682-139814961631232","trial_id":3,"user_attr":{"train_loss_epoch_4":1.5444230302562558}}
{"op_code":7,"worker_id":"ae3c7af5-73bd-4dd7-8c86-585df266468c-140596878897152","trial_id":0,"step":4,"intermediate_value":78.54055436183823}
{"op_code":8,"worker_id":"ae3c7af5-73bd-4dd7-8c86-585df266468c-140596878897152","trial_id":0,"user_attr":{"train_loss_epoch_4":1.564873173114084}}
{"op_code":6,"worker_id":"ae3c7af5-73bd-4dd7-8c86-585df266468c-140596878897152","trial_id":0,"state":1,"values":[78.54055436183823],"datetime_complete":"2026-05-25T05:16:12.172641"}
{"op_code":4,"worker_id":"ae3c7af5-73bd-4dd7-8c86-585df266468c-140596878897152","study_id":0,"datetime_start":"2026-05-25T05:16:12.174259"}
{"op_code":5,"worker_id":"ae3c7af5-73bd-4dd7-8c86-585df266468c-140596878897152","trial_id":4,"param_name":"learning_rate","param_value_internal":0.004979820094288887,"distribution":"{\"name\": \"FloatDistribution\", \"attributes\": {\"step\": null, \"low\": 0.0002, \"high\": 0.006, \"log\": true}}"}
{"op_code":5,"worker_id":"ae3c7af5-73bd-4dd7-8c86-585df266468c-140596878897152","trial_id":4,"param_name":"transfer_lr","param_value_internal":2.394410525564886e-05,"distribution":"{\"name\": \"FloatDistribution\", \"attributes\": {\"step\": null, \"low\": 9e-06, \"high\": 3.0, \"log\": true}}"}
{"op_code":5,"worker_id":"ae3c7af5-73bd-4dd7-8c86-585df266468c-140596878897152","trial_id":4,"param_name":"transfer_every","param_value_internal":17.0,"distribution":"{\"name\": \"IntDistribution\", \"attributes\": {\"log\": true, \"step\": 1, \"low\": 1, \"high\": 50}}"}
{"op_code":5,"worker_id":"ae3c7af5-73bd-4dd7-8c86-585df266468c-140596878897152","trial_id":4,"param_name":"rank_exp","param_value_internal":3.0,"distribution":"{\"name\": \"IntDistribution\", \"attributes\": {\"log\": false, \"step\": 1, \"low\": 0, \"high\": 6}}"}
{"op_code":5,"worker_id":"ae3c7af5-73bd-4dd7-8c86-585df266468c-140596878897152","trial_id":4,"param_name":"fast_lr","param_value_internal":0.000529456978264672,"distribution":"{\"name\": \"FloatDistribution\", \"attributes\": {\"step\": null, \"low\": 7e-06, \"high\": 40.0, \"log\": true}}"}
{"op_code":5,"worker_id":"ae3c7af5-73bd-4dd7-8c86-585df266468c-140596878897152","trial_id":4,"param_name":"tau_sec","param_value_internal":0.0,"distribution":"{\"name\": \"FloatDistribution\", \"attributes\": {\"step\": null, \"low\": 0.0, \"high\": 0.0, \"log\": false}}"}
{"op_code":5,"worker_id":"ae3c7af5-73bd-4dd7-8c86-585df266468c-140596878897152","trial_id":4,"param_name":"ab_dw_min","param_value_internal":3.9302837939680056e-05,"distribution":"{\"name\": \"FloatDistribution\", \"attributes\": {\"step\": null, \"low\": 5e-06, \"high\": 0.01, \"log\": true}}"}
{"op_code":5,"worker_id":"ae3c7af5-73bd-4dd7-8c86-585df266468c-140596878897152","trial_id":4,"param_name":"ab_desired_bl","param_value_internal":31.0,"distribution":"{\"name\": \"IntDistribution\", \"attributes\": {\"log\": false, \"step\": 1, \"low\": 31, \"high\": 31}}"}
{"op_code":5,"worker_id":"ae3c7af5-73bd-4dd7-8c86-585df266468c-140596878897152","trial_id":4,"param_name":"ab_multilevel","param_value_internal":1.0,"distribution":"{\"name\": \"IntDistribution\", \"attributes\": {\"log\": false, \"step\": 1, \"low\": 1, \"high\": 14}}"}
{"op_code":5,"worker_id":"ae3c7af5-73bd-4dd7-8c86-585df266468c-140596878897152","trial_id":4,"param_name":"a_reset_std","param_value_internal":1e-30,"distribution":"{\"name\": \"FloatDistribution\", \"attributes\": {\"step\": null, \"low\": 1e-30, \"high\": 1e-30, \"log\": true}}"}
{"op_code":5,"worker_id":"ae3c7af5-73bd-4dd7-8c86-585df266468c-140596878897152","trial_id":4,"param_name":"b_reset_std","param_value_internal":1e-30,"distribution":"{\"name\": \"FloatDistribution\", \"attributes\": {\"step\": null, \"low\": 1e-30, \"high\": 1e-30, \"log\": true}}"}
{"op_code":5,"worker_id":"ae3c7af5-73bd-4dd7-8c86-585df266468c-140596878897152","trial_id":4,"param_name":"c_dw_min","param_value_internal":0.00987351974569654,"distribution":"{\"name\": \"FloatDistribution\", \"attributes\": {\"step\": null, \"low\": 0.001, \"high\": 0.04, \"log\": true}}"}
{"op_code":5,"worker_id":"ae3c7af5-73bd-4dd7-8c86-585df266468c-140596878897152","trial_id":4,"param_name":"c_desired_bl","param_value_internal":31.0,"distribution":"{\"name\": \"IntDistribution\", \"attributes\": {\"log\": false, \"step\": 1, \"low\": 31, \"high\": 31}}"}
{"op_code":5,"worker_id":"ae3c7af5-73bd-4dd7-8c86-585df266468c-140596878897152","trial_id":4,"param_name":"out_noise","param_value_internal":0.0,"distribution":"{\"name\": \"FloatDistribution\", \"attributes\": {\"step\": null, \"low\": 0.0, \"high\": 0.0, \"log\": false}}"}
{"op_code":5,"worker_id":"ae3c7af5-73bd-4dd7-8c86-585df266468c-140596878897152","trial_id":4,"param_name":"ab_weight_scaling_omega","param_value_internal":0.0,"distribution":"{\"name\": \"FloatDistribution\", \"attributes\": {\"step\": null, \"low\": 0.0, \"high\": 0.0, \"log\": false}}"}
{"op_code":5,"worker_id":"ae3c7af5-73bd-4dd7-8c86-585df266468c-140596878897152","trial_id":4,"param_name":"min_lr_rate","param_value_internal":0.0,"distribution":"{\"name\": \"FloatDistribution\", \"attributes\": {\"step\": null, \"low\": 0.0, \"high\": 0.0, \"log\": false}}"}
{"op_code":5,"worker_id":"ae3c7af5-73bd-4dd7-8c86-585df266468c-140596878897152","trial_id":4,"param_name":"a_density","param_value_internal":0.002679911076303667,"distribution":"{\"name\": \"FloatDistribution\", \"attributes\": {\"step\": null, \"low\": 0.001, \"high\": 1.0, \"log\": true}}"}
{"op_code":8,"worker_id":"ae3c7af5-73bd-4dd7-8c86-585df266468c-140596878897152","trial_id":4,"user_attr":{"grad_accum_steps":1}}
{"op_code":7,"worker_id":"36f40d95-d161-4d3f-8f27-e8ab18930a88-139672131743744","trial_id":1,"step":4,"intermediate_value":76.21629981927266}
{"op_code":8,"worker_id":"36f40d95-d161-4d3f-8f27-e8ab18930a88-139672131743744","trial_id":1,"user_attr":{"train_loss_epoch_4":1.6100353847674238}}
{"op_code":7,"worker_id":"212ec760-cf65-4e14-863f-e4e6506cf07a-140181664038912","trial_id":2,"step":4,"intermediate_value":77.79458080137032}
{"op_code":8,"worker_id":"212ec760-cf65-4e14-863f-e4e6506cf07a-140181664038912","trial_id":2,"user_attr":{"train_loss_epoch_4":1.5470268546727293}}
{"op_code":7,"worker_id":"0b55ba5c-6d70-4fc4-bf2c-d9d32ba00682-139814961631232","trial_id":3,"step":5,"intermediate_value":78.4276337792167}
{"op_code":8,"worker_id":"0b55ba5c-6d70-4fc4-bf2c-d9d32ba00682-139814961631232","trial_id":3,"user_attr":{"train_loss_epoch_5":1.5088665686325653}}
{"op_code":6,"worker_id":"0b55ba5c-6d70-4fc4-bf2c-d9d32ba00682-139814961631232","trial_id":3,"state":1,"values":[78.4276337792167],"datetime_complete":"2026-05-25T05:30:21.175925"}
{"op_code":4,"worker_id":"0b55ba5c-6d70-4fc4-bf2c-d9d32ba00682-139814961631232","study_id":0,"datetime_start":"2026-05-25T05:30:21.177503"}
{"op_code":5,"worker_id":"0b55ba5c-6d70-4fc4-bf2c-d9d32ba00682-139814961631232","trial_id":5,"param_name":"learning_rate","param_value_internal":0.004139791884116132,"distribution":"{\"name\": \"FloatDistribution\", \"attributes\": {\"step\": null, \"low\": 0.0002, \"high\": 0.006, \"log\": true}}"}
{"op_code":5,"worker_id":"0b55ba5c-6d70-4fc4-bf2c-d9d32ba00682-139814961631232","trial_id":5,"param_name":"transfer_lr","param_value_internal":0.005906378434146628,"distribution":"{\"name\": \"FloatDistribution\", \"attributes\": {\"step\": null, \"low\": 9e-06, \"high\": 3.0, \"log\": true}}"}
{"op_code":5,"worker_id":"0b55ba5c-6d70-4fc4-bf2c-d9d32ba00682-139814961631232","trial_id":5,"param_name":"transfer_every","param_value_internal":1.0,"distribution":"{\"name\": \"IntDistribution\", \"attributes\": {\"log\": true, \"step\": 1, \"low\": 1, \"high\": 50}}"}
{"op_code":5,"worker_id":"0b55ba5c-6d70-4fc4-bf2c-d9d32ba00682-139814961631232","trial_id":5,"param_name":"rank_exp","param_value_internal":0.0,"distribution":"{\"name\": \"IntDistribution\", \"attributes\": {\"log\": false, \"step\": 1, \"low\": 0, \"high\": 6}}"}
{"op_code":5,"worker_id":"0b55ba5c-6d70-4fc4-bf2c-d9d32ba00682-139814961631232","trial_id":5,"param_name":"fast_lr","param_value_internal":0.8251132018965693,"distribution":"{\"name\": \"FloatDistribution\", \"attributes\": {\"step\": null, \"low\": 7e-06, \"high\": 40.0, \"log\": true}}"}
{"op_code":5,"worker_id":"0b55ba5c-6d70-4fc4-bf2c-d9d32ba00682-139814961631232","trial_id":5,"param_name":"tau_sec","param_value_internal":0.0,"distribution":"{\"name\": \"FloatDistribution\", \"attributes\": {\"step\": null, \"low\": 0.0, \"high\": 0.0, \"log\": false}}"}
{"op_code":5,"worker_id":"0b55ba5c-6d70-4fc4-bf2c-d9d32ba00682-139814961631232","trial_id":5,"param_name":"ab_dw_min","param_value_internal":0.00310725301004112,"distribution":"{\"name\": \"FloatDistribution\", \"attributes\": {\"step\": null, \"low\": 5e-06, \"high\": 0.01, \"log\": true}}"}
{"op_code":5,"worker_id":"0b55ba5c-6d70-4fc4-bf2c-d9d32ba00682-139814961631232","trial_id":5,"param_name":"ab_desired_bl","param_value_internal":31.0,"distribution":"{\"name\": \"IntDistribution\", \"attributes\": {\"log\": false, \"step\": 1, \"low\": 31, \"high\": 31}}"}
{"op_code":5,"worker_id":"0b55ba5c-6d70-4fc4-bf2c-d9d32ba00682-139814961631232","trial_id":5,"param_name":"ab_multilevel","param_value_internal":4.0,"distribution":"{\"name\": \"IntDistribution\", \"attributes\": {\"log\": false, \"step\": 1, \"low\": 1, \"high\": 14}}"}
{"op_code":5,"worker_id":"0b55ba5c-6d70-4fc4-bf2c-d9d32ba00682-139814961631232","trial_id":5,"param_name":"a_reset_std","param_value_internal":1e-30,"distribution":"{\"name\": \"FloatDistribution\", \"attributes\": {\"step\": null, \"low\": 1e-30, \"high\": 1e-30, \"log\": true}}"}
{"op_code":5,"worker_id":"0b55ba5c-6d70-4fc4-bf2c-d9d32ba00682-139814961631232","trial_id":5,"param_name":"b_reset_std","param_value_internal":1e-30,"distribution":"{\"name\": \"FloatDistribution\", \"attributes\": {\"step\": null, \"low\": 1e-30, \"high\": 1e-30, \"log\": true}}"}
{"op_code":5,"worker_id":"0b55ba5c-6d70-4fc4-bf2c-d9d32ba00682-139814961631232","trial_id":5,"param_name":"c_dw_min","param_value_internal":0.02144110716166579,"distribution":"{\"name\": \"FloatDistribution\", \"attributes\": {\"step\": null, \"low\": 0.001, \"high\": 0.04, \"log\": true}}"}
{"op_code":5,"worker_id":"0b55ba5c-6d70-4fc4-bf2c-d9d32ba00682-139814961631232","trial_id":5,"param_name":"c_desired_bl","param_value_internal":31.0,"distribution":"{\"name\": \"IntDistribution\", \"attributes\": {\"log\": false, \"step\": 1, \"low\": 31, \"high\": 31}}"}
{"op_code":5,"worker_id":"0b55ba5c-6d70-4fc4-bf2c-d9d32ba00682-139814961631232","trial_id":5,"param_name":"out_noise","param_value_internal":0.0,"distribution":"{\"name\": \"FloatDistribution\", \"attributes\": {\"step\": null, \"low\": 0.0, \"high\": 0.0, \"log\": false}}"}
{"op_code":5,"worker_id":"0b55ba5c-6d70-4fc4-bf2c-d9d32ba00682-139814961631232","trial_id":5,"param_name":"ab_weight_scaling_omega","param_value_internal":0.0,"distribution":"{\"name\": \"FloatDistribution\", \"attributes\": {\"step\": null, \"low\": 0.0, \"high\": 0.0, \"log\": false}}"}
{"op_code":5,"worker_id":"0b55ba5c-6d70-4fc4-bf2c-d9d32ba00682-139814961631232","trial_id":5,"param_name":"min_lr_rate","param_value_internal":0.0,"distribution":"{\"name\": \"FloatDistribution\", \"attributes\": {\"step\": null, \"low\": 0.0, \"high\": 0.0, \"log\": false}}"}
{"op_code":5,"worker_id":"0b55ba5c-6d70-4fc4-bf2c-d9d32ba00682-139814961631232","trial_id":5,"param_name":"a_density","param_value_internal":0.002997272179500046,"distribution":"{\"name\": \"FloatDistribution\", \"attributes\": {\"step\": null, \"low\": 0.001, \"high\": 1.0, \"log\": true}}"}
{"op_code":8,"worker_id":"0b55ba5c-6d70-4fc4-bf2c-d9d32ba00682-139814961631232","trial_id":5,"user_attr":{"grad_accum_steps":1}}
{"op_code":7,"worker_id":"ae3c7af5-73bd-4dd7-8c86-585df266468c-140596878897152","trial_id":4,"step":1,"intermediate_value":73.91813112673032}
{"op_code":8,"worker_id":"ae3c7af5-73bd-4dd7-8c86-585df266468c-140596878897152","trial_id":4,"user_attr":{"train_loss_epoch_1":2.1489011979038475}}
{"op_code":7,"worker_id":"36f40d95-d161-4d3f-8f27-e8ab18930a88-139672131743744","trial_id":1,"step":5,"intermediate_value":76.81681845506839}
{"op_code":8,"worker_id":"36f40d95-d161-4d3f-8f27-e8ab18930a88-139672131743744","trial_id":1,"user_attr":{"train_loss_epoch_5":1.5889102656020704}}
{"op_code":6,"worker_id":"36f40d95-d161-4d3f-8f27-e8ab18930a88-139672131743744","trial_id":1,"state":1,"values":[76.81681845506839],"datetime_complete":"2026-05-25T05:33:16.930492"}
{"op_code":4,"worker_id":"36f40d95-d161-4d3f-8f27-e8ab18930a88-139672131743744","study_id":0,"datetime_start":"2026-05-25T05:33:16.931955"}
{"op_code":5,"worker_id":"36f40d95-d161-4d3f-8f27-e8ab18930a88-139672131743744","trial_id":6,"param_name":"learning_rate","param_value_internal":0.0002956628105595363,"distribution":"{\"name\": \"FloatDistribution\", \"attributes\": {\"step\": null, \"low\": 0.0002, \"high\": 0.006, \"log\": true}}"}
{"op_code":5,"worker_id":"36f40d95-d161-4d3f-8f27-e8ab18930a88-139672131743744","trial_id":6,"param_name":"transfer_lr","param_value_internal":0.2589162000956977,"distribution":"{\"name\": \"FloatDistribution\", \"attributes\": {\"step\": null, \"low\": 9e-06, \"high\": 3.0, \"log\": true}}"}
{"op_code":5,"worker_id":"36f40d95-d161-4d3f-8f27-e8ab18930a88-139672131743744","trial_id":6,"param_name":"transfer_every","param_value_internal":1.0,"distribution":"{\"name\": \"IntDistribution\", \"attributes\": {\"log\": true, \"step\": 1, \"low\": 1, \"high\": 50}}"}
{"op_code":5,"worker_id":"36f40d95-d161-4d3f-8f27-e8ab18930a88-139672131743744","trial_id":6,"param_name":"rank_exp","param_value_internal":6.0,"distribution":"{\"name\": \"IntDistribution\", \"attributes\": {\"log\": false, \"step\": 1, \"low\": 0, \"high\": 6}}"}
{"op_code":5,"worker_id":"36f40d95-d161-4d3f-8f27-e8ab18930a88-139672131743744","trial_id":6,"param_name":"fast_lr","param_value_internal":0.004873756106766282,"distribution":"{\"name\": \"FloatDistribution\", \"attributes\": {\"step\": null, \"low\": 7e-06, \"high\": 40.0, \"log\": true}}"}
{"op_code":5,"worker_id":"36f40d95-d161-4d3f-8f27-e8ab18930a88-139672131743744","trial_id":6,"param_name":"tau_sec","param_value_internal":0.0,"distribution":"{\"name\": \"FloatDistribution\", \"attributes\": {\"step\": null, \"low\": 0.0, \"high\": 0.0, \"log\": false}}"}
{"op_code":5,"worker_id":"36f40d95-d161-4d3f-8f27-e8ab18930a88-139672131743744","trial_id":6,"param_name":"ab_dw_min","param_value_internal":5.793156179982877e-05,"distribution":"{\"name\": \"FloatDistribution\", \"attributes\": {\"step\": null, \"low\": 5e-06, \"high\": 0.01, \"log\": true}}"}
{"op_code":5,"worker_id":"36f40d95-d161-4d3f-8f27-e8ab18930a88-139672131743744","trial_id":6,"param_name":"ab_desired_bl","param_value_internal":31.0,"distribution":"{\"name\": \"IntDistribution\", \"attributes\": {\"log\": false, \"step\": 1, \"low\": 31, \"high\": 31}}"}
{"op_code":5,"worker_id":"36f40d95-d161-4d3f-8f27-e8ab18930a88-139672131743744","trial_id":6,"param_name":"ab_multilevel","param_value_internal":13.0,"distribution":"{\"name\": \"IntDistribution\", \"attributes\": {\"log\": false, \"step\": 1, \"low\": 1, \"high\": 14}}"}
{"op_code":5,"worker_id":"36f40d95-d161-4d3f-8f27-e8ab18930a88-139672131743744","trial_id":6,"param_name":"a_reset_std","param_value_internal":1e-30,"distribution":"{\"name\": \"FloatDistribution\", \"attributes\": {\"step\": null, \"low\": 1e-30, \"high\": 1e-30, \"log\": true}}"}
{"op_code":5,"worker_id":"36f40d95-d161-4d3f-8f27-e8ab18930a88-139672131743744","trial_id":6,"param_name":"b_reset_std","param_value_internal":1e-30,"distribution":"{\"name\": \"FloatDistribution\", \"attributes\": {\"step\": null, \"low\": 1e-30, \"high\": 1e-30, \"log\": true}}"}
{"op_code":5,"worker_id":"36f40d95-d161-4d3f-8f27-e8ab18930a88-139672131743744","trial_id":6,"param_name":"c_dw_min","param_value_internal":0.018423858096794758,"distribution":"{\"name\": \"FloatDistribution\", \"attributes\": {\"step\": null, \"low\": 0.001, \"high\": 0.04, \"log\": true}}"}
{"op_code":5,"worker_id":"36f40d95-d161-4d3f-8f27-e8ab18930a88-139672131743744","trial_id":6,"param_name":"c_desired_bl","param_value_internal":31.0,"distribution":"{\"name\": \"IntDistribution\", \"attributes\": {\"log\": false, \"step\": 1, \"low\": 31, \"high\": 31}}"}
{"op_code":5,"worker_id":"36f40d95-d161-4d3f-8f27-e8ab18930a88-139672131743744","trial_id":6,"param_name":"out_noise","param_value_internal":0.0,"distribution":"{\"name\": \"FloatDistribution\", \"attributes\": {\"step\": null, \"low\": 0.0, \"high\": 0.0, \"log\": false}}"}
{"op_code":5,"worker_id":"36f40d95-d161-4d3f-8f27-e8ab18930a88-139672131743744","trial_id":6,"param_name":"ab_weight_scaling_omega","param_value_internal":0.0,"distribution":"{\"name\": \"FloatDistribution\", \"attributes\": {\"step\": null, \"low\": 0.0, \"high\": 0.0, \"log\": false}}"}
{"op_code":5,"worker_id":"36f40d95-d161-4d3f-8f27-e8ab18930a88-139672131743744","trial_id":6,"param_name":"min_lr_rate","param_value_internal":0.0,"distribution":"{\"name\": \"FloatDistribution\", \"attributes\": {\"step\": null, \"low\": 0.0, \"high\": 0.0, \"log\": false}}"}
{"op_code":5,"worker_id":"36f40d95-d161-4d3f-8f27-e8ab18930a88-139672131743744","trial_id":6,"param_name":"a_density","param_value_internal":0.03977446335903732,"distribution":"{\"name\": \"FloatDistribution\", \"attributes\": {\"step\": null, \"low\": 0.001, \"high\": 1.0, \"log\": true}}"}
{"op_code":8,"worker_id":"36f40d95-d161-4d3f-8f27-e8ab18930a88-139672131743744","trial_id":6,"user_attr":{"grad_accum_steps":1}}
{"op_code":7,"worker_id":"212ec760-cf65-4e14-863f-e4e6506cf07a-140181664038912","trial_id":2,"step":5,"intermediate_value":78.29826909471694}
{"op_code":8,"worker_id":"212ec760-cf65-4e14-863f-e4e6506cf07a-140181664038912","trial_id":2,"user_attr":{"train_loss_epoch_5":1.5131584508309197}}
{"op_code":6,"worker_id":"212ec760-cf65-4e14-863f-e4e6506cf07a-140181664038912","trial_id":2,"state":1,"values":[78.29826909471694],"datetime_complete":"2026-05-25T05:36:38.941060"}
{"op_code":4,"worker_id":"212ec760-cf65-4e14-863f-e4e6506cf07a-140181664038912","study_id":0,"datetime_start":"2026-05-25T05:36:38.942850"}
{"op_code":5,"worker_id":"212ec760-cf65-4e14-863f-e4e6506cf07a-140181664038912","trial_id":7,"param_name":"learning_rate","param_value_internal":0.0019250863004949322,"distribution":"{\"name\": \"FloatDistribution\", \"attributes\": {\"step\": null, \"low\": 0.0002, \"high\": 0.006, \"log\": true}}"}
{"op_code":5,"worker_id":"212ec760-cf65-4e14-863f-e4e6506cf07a-140181664038912","trial_id":7,"param_name":"transfer_lr","param_value_internal":0.663802084034644,"distribution":"{\"name\": \"FloatDistribution\", \"attributes\": {\"step\": null, \"low\": 9e-06, \"high\": 3.0, \"log\": true}}"}
{"op_code":5,"worker_id":"212ec760-cf65-4e14-863f-e4e6506cf07a-140181664038912","trial_id":7,"param_name":"transfer_every","param_value_internal":31.0,"distribution":"{\"name\": \"IntDistribution\", \"attributes\": {\"log\": true, \"step\": 1, \"low\": 1, \"high\": 50}}"}
{"op_code":5,"worker_id":"212ec760-cf65-4e14-863f-e4e6506cf07a-140181664038912","trial_id":7,"param_name":"rank_exp","param_value_internal":5.0,"distribution":"{\"name\": \"IntDistribution\", \"attributes\": {\"log\": false, \"step\": 1, \"low\": 0, \"high\": 6}}"}
{"op_code":5,"worker_id":"212ec760-cf65-4e14-863f-e4e6506cf07a-140181664038912","trial_id":7,"param_name":"fast_lr","param_value_internal":17.489824514279736,"distribution":"{\"name\": \"FloatDistribution\", \"attributes\": {\"step\": null, \"low\": 7e-06, \"high\": 40.0, \"log\": true}}"}
{"op_code":5,"worker_id":"212ec760-cf65-4e14-863f-e4e6506cf07a-140181664038912","trial_id":7,"param_name":"tau_sec","param_value_internal":0.0,"distribution":"{\"name\": \"FloatDistribution\", \"attributes\": {\"step\": null, \"low\": 0.0, \"high\": 0.0, \"log\": false}}"}
{"op_code":5,"worker_id":"212ec760-cf65-4e14-863f-e4e6506cf07a-140181664038912","trial_id":7,"param_name":"ab_dw_min","param_value_internal":0.00013726321270799468,"distribution":"{\"name\": \"FloatDistribution\", \"attributes\": {\"step\": null, \"low\": 5e-06, \"high\": 0.01, \"log\": true}}"}
{"op_code":5,"worker_id":"212ec760-cf65-4e14-863f-e4e6506cf07a-140181664038912","trial_id":7,"param_name":"ab_desired_bl","param_value_internal":31.0,"distribution":"{\"name\": \"IntDistribution\", \"attributes\": {\"log\": false, \"step\": 1, \"low\": 31, \"high\": 31}}"}
{"op_code":5,"worker_id":"212ec760-cf65-4e14-863f-e4e6506cf07a-140181664038912","trial_id":7,"param_name":"ab_multilevel","param_value_internal":8.0,"distribution":"{\"name\": \"IntDistribution\", \"attributes\": {\"log\": false, \"step\": 1, \"low\": 1, \"high\": 14}}"}
{"op_code":5,"worker_id":"212ec760-cf65-4e14-863f-e4e6506cf07a-140181664038912","trial_id":7,"param_name":"a_reset_std","param_value_internal":1e-30,"distribution":"{\"name\": \"FloatDistribution\", \"attributes\": {\"step\": null, \"low\": 1e-30, \"high\": 1e-30, \"log\": true}}"}
{"op_code":5,"worker_id":"212ec760-cf65-4e14-863f-e4e6506cf07a-140181664038912","trial_id":7,"param_name":"b_reset_std","param_value_internal":1e-30,"distribution":"{\"name\": \"FloatDistribution\", \"attributes\": {\"step\": null, \"low\": 1e-30, \"high\": 1e-30, \"log\": true}}"}
{"op_code":5,"worker_id":"212ec760-cf65-4e14-863f-e4e6506cf07a-140181664038912","trial_id":7,"param_name":"c_dw_min","param_value_internal":0.008091288950356202,"distribution":"{\"name\": \"FloatDistribution\", \"attributes\": {\"step\": null, \"low\": 0.001, \"high\": 0.04, \"log\": true}}"}
{"op_code":5,"worker_id":"212ec760-cf65-4e14-863f-e4e6506cf07a-140181664038912","trial_id":7,"param_name":"c_desired_bl","param_value_internal":31.0,"distribution":"{\"name\": \"IntDistribution\", \"attributes\": {\"log\": false, \"step\": 1, \"low\": 31, \"high\": 31}}"}
{"op_code":5,"worker_id":"212ec760-cf65-4e14-863f-e4e6506cf07a-140181664038912","trial_id":7,"param_name":"out_noise","param_value_internal":0.0,"distribution":"{\"name\": \"FloatDistribution\", \"attributes\": {\"step\": null, \"low\": 0.0, \"high\": 0.0, \"log\": false}}"}
{"op_code":5,"worker_id":"212ec760-cf65-4e14-863f-e4e6506cf07a-140181664038912","trial_id":7,"param_name":"ab_weight_scaling_omega","param_value_internal":0.0,"distribution":"{\"name\": \"FloatDistribution\", \"attributes\": {\"step\": null, \"low\": 0.0, \"high\": 0.0, \"log\": false}}"}
{"op_code":5,"worker_id":"212ec760-cf65-4e14-863f-e4e6506cf07a-140181664038912","trial_id":7,"param_name":"min_lr_rate","param_value_internal":0.0,"distribution":"{\"name\": \"FloatDistribution\", \"attributes\": {\"step\": null, \"low\": 0.0, \"high\": 0.0, \"log\": false}}"}
{"op_code":5,"worker_id":"212ec760-cf65-4e14-863f-e4e6506cf07a-140181664038912","trial_id":7,"param_name":"a_density","param_value_internal":0.05590987793143857,"distribution":"{\"name\": \"FloatDistribution\", \"attributes\": {\"step\": null, \"low\": 0.001, \"high\": 1.0, \"log\": true}}"}
{"op_code":8,"worker_id":"212ec760-cf65-4e14-863f-e4e6506cf07a-140181664038912","trial_id":7,"user_attr":{"grad_accum_steps":1}}
{"op_code":7,"worker_id":"0b55ba5c-6d70-4fc4-bf2c-d9d32ba00682-139814961631232","trial_id":5,"step":1,"intermediate_value":74.82759702439851}
{"op_code":8,"worker_id":"0b55ba5c-6d70-4fc4-bf2c-d9d32ba00682-139814961631232","trial_id":5,"user_attr":{"train_loss_epoch_1":2.147064394873332}}
{"op_code":7,"worker_id":"ae3c7af5-73bd-4dd7-8c86-585df266468c-140596878897152","trial_id":4,"step":2,"intermediate_value":75.52653819746077}
{"op_code":8,"worker_id":"ae3c7af5-73bd-4dd7-8c86-585df266468c-140596878897152","trial_id":4,"user_attr":{"train_loss_epoch_2":1.6905967663943282}}
{"op_code":7,"worker_id":"212ec760-cf65-4e14-863f-e4e6506cf07a-140181664038912","trial_id":7,"step":1,"intermediate_value":77.27238593647395}
{"op_code":8,"worker_id":"212ec760-cf65-4e14-863f-e4e6506cf07a-140181664038912","trial_id":7,"user_attr":{"train_loss_epoch_1":2.153495555389218}}
{"op_code":7,"worker_id":"36f40d95-d161-4d3f-8f27-e8ab18930a88-139672131743744","trial_id":6,"step":1,"intermediate_value":56.87438488935474}
{"op_code":8,"worker_id":"36f40d95-d161-4d3f-8f27-e8ab18930a88-139672131743744","trial_id":6,"user_attr":{"train_loss_epoch_1":3.1048940663092184}}
{"op_code":7,"worker_id":"0b55ba5c-6d70-4fc4-bf2c-d9d32ba00682-139814961631232","trial_id":5,"step":2,"intermediate_value":76.57585811513515}
{"op_code":8,"worker_id":"0b55ba5c-6d70-4fc4-bf2c-d9d32ba00682-139814961631232","trial_id":5,"user_attr":{"train_loss_epoch_2":1.664906648827116}}
{"op_code":7,"worker_id":"ae3c7af5-73bd-4dd7-8c86-585df266468c-140596878897152","trial_id":4,"step":3,"intermediate_value":77.34718644720597}
{"op_code":8,"worker_id":"ae3c7af5-73bd-4dd7-8c86-585df266468c-140596878897152","trial_id":4,"user_attr":{"train_loss_epoch_3":1.6222074528373678}}
{"op_code":7,"worker_id":"212ec760-cf65-4e14-863f-e4e6506cf07a-140181664038912","trial_id":7,"step":2,"intermediate_value":79.52135360745845}
{"op_code":8,"worker_id":"212ec760-cf65-4e14-863f-e4e6506cf07a-140181664038912","trial_id":7,"user_attr":{"train_loss_epoch_2":1.5256595093706435}}
{"op_code":7,"worker_id":"0b55ba5c-6d70-4fc4-bf2c-d9d32ba00682-139814961631232","trial_id":5,"step":3,"intermediate_value":77.18543647714766}
{"op_code":8,"worker_id":"0b55ba5c-6d70-4fc4-bf2c-d9d32ba00682-139814961631232","trial_id":5,"user_attr":{"train_loss_epoch_3":1.590976153479682}}
{"op_code":7,"worker_id":"ae3c7af5-73bd-4dd7-8c86-585df266468c-140596878897152","trial_id":4,"step":4,"intermediate_value":77.5426803318054}
{"op_code":8,"worker_id":"ae3c7af5-73bd-4dd7-8c86-585df266468c-140596878897152","trial_id":4,"user_attr":{"train_loss_epoch_4":1.5641635244454795}}
{"op_code":7,"worker_id":"212ec760-cf65-4e14-863f-e4e6506cf07a-140181664038912","trial_id":7,"step":3,"intermediate_value":80.07682668506486}
{"op_code":8,"worker_id":"212ec760-cf65-4e14-863f-e4e6506cf07a-140181664038912","trial_id":7,"user_attr":{"train_loss_epoch_3":1.4368828743453916}}
{"op_code":7,"worker_id":"36f40d95-d161-4d3f-8f27-e8ab18930a88-139672131743744","trial_id":6,"step":2,"intermediate_value":66.16559169502364}
{"op_code":8,"worker_id":"36f40d95-d161-4d3f-8f27-e8ab18930a88-139672131743744","trial_id":6,"user_attr":{"train_loss_epoch_2":2.1780541631264416}}
{"op_code":7,"worker_id":"0b55ba5c-6d70-4fc4-bf2c-d9d32ba00682-139814961631232","trial_id":5,"step":4,"intermediate_value":78.55990523409604}
{"op_code":8,"worker_id":"0b55ba5c-6d70-4fc4-bf2c-d9d32ba00682-139814961631232","trial_id":5,"user_attr":{"train_loss_epoch_4":1.5410435155478273}}
{"op_code":7,"worker_id":"ae3c7af5-73bd-4dd7-8c86-585df266468c-140596878897152","trial_id":4,"step":5,"intermediate_value":78.53327189934177}
{"op_code":8,"worker_id":"ae3c7af5-73bd-4dd7-8c86-585df266468c-140596878897152","trial_id":4,"user_attr":{"train_loss_epoch_5":1.5166123702920227}}
{"op_code":6,"worker_id":"ae3c7af5-73bd-4dd7-8c86-585df266468c-140596878897152","trial_id":4,"state":1,"values":[78.53327189934177],"datetime_complete":"2026-05-25T06:37:18.182941"}
{"op_code":4,"worker_id":"ae3c7af5-73bd-4dd7-8c86-585df266468c-140596878897152","study_id":0,"datetime_start":"2026-05-25T06:37:18.184542"}
{"op_code":5,"worker_id":"ae3c7af5-73bd-4dd7-8c86-585df266468c-140596878897152","trial_id":8,"param_name":"learning_rate","param_value_internal":0.0012694889415311283,"distribution":"{\"name\": \"FloatDistribution\", \"attributes\": {\"step\": null, \"low\": 0.0002, \"high\": 0.006, \"log\": true}}"}
{"op_code":5,"worker_id":"ae3c7af5-73bd-4dd7-8c86-585df266468c-140596878897152","trial_id":8,"param_name":"transfer_lr","param_value_internal":0.0034889366256672955,"distribution":"{\"name\": \"FloatDistribution\", \"attributes\": {\"step\": null, \"low\": 9e-06, \"high\": 3.0, \"log\": true}}"}
{"op_code":5,"worker_id":"ae3c7af5-73bd-4dd7-8c86-585df266468c-140596878897152","trial_id":8,"param_name":"transfer_every","param_value_internal":19.0,"distribution":"{\"name\": \"IntDistribution\", \"attributes\": {\"log\": true, \"step\": 1, \"low\": 1, \"high\": 50}}"}
{"op_code":5,"worker_id":"ae3c7af5-73bd-4dd7-8c86-585df266468c-140596878897152","trial_id":8,"param_name":"rank_exp","param_value_internal":3.0,"distribution":"{\"name\": \"IntDistribution\", \"attributes\": {\"log\": false, \"step\": 1, \"low\": 0, \"high\": 6}}"}
{"op_code":5,"worker_id":"ae3c7af5-73bd-4dd7-8c86-585df266468c-140596878897152","trial_id":8,"param_name":"fast_lr","param_value_internal":0.00017382882604822372,"distribution":"{\"name\": \"FloatDistribution\", \"attributes\": {\"step\": null, \"low\": 7e-06, \"high\": 40.0, \"log\": true}}"}
{"op_code":5,"worker_id":"ae3c7af5-73bd-4dd7-8c86-585df266468c-140596878897152","trial_id":8,"param_name":"tau_sec","param_value_internal":0.0,"distribution":"{\"name\": \"FloatDistribution\", \"attributes\": {\"step\": null, \"low\": 0.0, \"high\": 0.0, \"log\": false}}"}
{"op_code":5,"worker_id":"ae3c7af5-73bd-4dd7-8c86-585df266468c-140596878897152","trial_id":8,"param_name":"ab_dw_min","param_value_internal":0.00012724782631633118,"distribution":"{\"name\": \"FloatDistribution\", \"attributes\": {\"step\": null, \"low\": 5e-06, \"high\": 0.01, \"log\": true}}"}
{"op_code":5,"worker_id":"ae3c7af5-73bd-4dd7-8c86-585df266468c-140596878897152","trial_id":8,"param_name":"ab_desired_bl","param_value_internal":31.0,"distribution":"{\"name\": \"IntDistribution\", \"attributes\": {\"log\": false, \"step\": 1, \"low\": 31, \"high\": 31}}"}
{"op_code":5,"worker_id":"ae3c7af5-73bd-4dd7-8c86-585df266468c-140596878897152","trial_id":8,"param_name":"ab_multilevel","param_value_internal":12.0,"distribution":"{\"name\": \"IntDistribution\", \"attributes\": {\"log\": false, \"step\": 1, \"low\": 1, \"high\": 14}}"}
{"op_code":5,"worker_id":"ae3c7af5-73bd-4dd7-8c86-585df266468c-140596878897152","trial_id":8,"param_name":"a_reset_std","param_value_internal":1e-30,"distribution":"{\"name\": \"FloatDistribution\", \"attributes\": {\"step\": null, \"low\": 1e-30, \"high\": 1e-30, \"log\": true}}"}
{"op_code":5,"worker_id":"ae3c7af5-73bd-4dd7-8c86-585df266468c-140596878897152","trial_id":8,"param_name":"b_reset_std","param_value_internal":1e-30,"distribution":"{\"name\": \"FloatDistribution\", \"attributes\": {\"step\": null, \"low\": 1e-30, \"high\": 1e-30, \"log\": true}}"}
{"op_code":5,"worker_id":"ae3c7af5-73bd-4dd7-8c86-585df266468c-140596878897152","trial_id":8,"param_name":"c_dw_min","param_value_internal":0.002146191047958567,"distribution":"{\"name\": \"FloatDistribution\", \"attributes\": {\"step\": null, \"low\": 0.001, \"high\": 0.04, \"log\": true}}"}
{"op_code":5,"worker_id":"ae3c7af5-73bd-4dd7-8c86-585df266468c-140596878897152","trial_id":8,"param_name":"c_desired_bl","param_value_internal":31.0,"distribution":"{\"name\": \"IntDistribution\", \"attributes\": {\"log\": false, \"step\": 1, \"low\": 31, \"high\": 31}}"}
{"op_code":5,"worker_id":"ae3c7af5-73bd-4dd7-8c86-585df266468c-140596878897152","trial_id":8,"param_name":"out_noise","param_value_internal":0.0,"distribution":"{\"name\": \"FloatDistribution\", \"attributes\": {\"step\": null, \"low\": 0.0, \"high\": 0.0, \"log\": false}}"}
{"op_code":5,"worker_id":"ae3c7af5-73bd-4dd7-8c86-585df266468c-140596878897152","trial_id":8,"param_name":"ab_weight_scaling_omega","param_value_internal":0.0,"distribution":"{\"name\": \"FloatDistribution\", \"attributes\": {\"step\": null, \"low\": 0.0, \"high\": 0.0, \"log\": false}}"}
{"op_code":5,"worker_id":"ae3c7af5-73bd-4dd7-8c86-585df266468c-140596878897152","trial_id":8,"param_name":"min_lr_rate","param_value_internal":0.0,"distribution":"{\"name\": \"FloatDistribution\", \"attributes\": {\"step\": null, \"low\": 0.0, \"high\": 0.0, \"log\": false}}"}
{"op_code":5,"worker_id":"ae3c7af5-73bd-4dd7-8c86-585df266468c-140596878897152","trial_id":8,"param_name":"a_density","param_value_internal":0.0025387595979625786,"distribution":"{\"name\": \"FloatDistribution\", \"attributes\": {\"step\": null, \"low\": 0.001, \"high\": 1.0, \"log\": true}}"}
{"op_code":8,"worker_id":"ae3c7af5-73bd-4dd7-8c86-585df266468c-140596878897152","trial_id":8,"user_attr":{"grad_accum_steps":1}}
{"op_code":7,"worker_id":"212ec760-cf65-4e14-863f-e4e6506cf07a-140181664038912","trial_id":7,"step":4,"intermediate_value":80.81333071787734}
{"op_code":8,"worker_id":"212ec760-cf65-4e14-863f-e4e6506cf07a-140181664038912","trial_id":7,"user_attr":{"train_loss_epoch_4":1.397976259293595}}
{"op_code":7,"worker_id":"ae3c7af5-73bd-4dd7-8c86-585df266468c-140596878897152","trial_id":8,"step":1,"intermediate_value":73.005445216711}
{"op_code":8,"worker_id":"ae3c7af5-73bd-4dd7-8c86-585df266468c-140596878897152","trial_id":8,"user_attr":{"train_loss_epoch_1":2.405301685578778}}
{"op_code":7,"worker_id":"0b55ba5c-6d70-4fc4-bf2c-d9d32ba00682-139814961631232","trial_id":5,"step":5,"intermediate_value":78.7659665013358}
{"op_code":8,"worker_id":"0b55ba5c-6d70-4fc4-bf2c-d9d32ba00682-139814961631232","trial_id":5,"user_attr":{"train_loss_epoch_5":1.4982588365149045}}
{"op_code":6,"worker_id":"0b55ba5c-6d70-4fc4-bf2c-d9d32ba00682-139814961631232","trial_id":5,"state":1,"values":[78.7659665013358],"datetime_complete":"2026-05-25T06:53:59.030991"}
{"op_code":4,"worker_id":"0b55ba5c-6d70-4fc4-bf2c-d9d32ba00682-139814961631232","study_id":0,"datetime_start":"2026-05-25T06:53:59.033072"}
{"op_code":5,"worker_id":"0b55ba5c-6d70-4fc4-bf2c-d9d32ba00682-139814961631232","trial_id":9,"param_name":"learning_rate","param_value_internal":0.0012205055439274042,"distribution":"{\"name\": \"FloatDistribution\", \"attributes\": {\"step\": null, \"low\": 0.0002, \"high\": 0.006, \"log\": true}}"}
{"op_code":5,"worker_id":"0b55ba5c-6d70-4fc4-bf2c-d9d32ba00682-139814961631232","trial_id":9,"param_name":"transfer_lr","param_value_internal":0.4887414209332491,"distribution":"{\"name\": \"FloatDistribution\", \"attributes\": {\"step\": null, \"low\": 9e-06, \"high\": 3.0, \"log\": true}}"}
{"op_code":5,"worker_id":"0b55ba5c-6d70-4fc4-bf2c-d9d32ba00682-139814961631232","trial_id":9,"param_name":"transfer_every","param_value_internal":1.0,"distribution":"{\"name\": \"IntDistribution\", \"attributes\": {\"log\": true, \"step\": 1, \"low\": 1, \"high\": 50}}"}
{"op_code":5,"worker_id":"0b55ba5c-6d70-4fc4-bf2c-d9d32ba00682-139814961631232","trial_id":9,"param_name":"rank_exp","param_value_internal":1.0,"distribution":"{\"name\": \"IntDistribution\", \"attributes\": {\"log\": false, \"step\": 1, \"low\": 0, \"high\": 6}}"}
{"op_code":5,"worker_id":"0b55ba5c-6d70-4fc4-bf2c-d9d32ba00682-139814961631232","trial_id":9,"param_name":"fast_lr","param_value_internal":0.08387352949423112,"distribution":"{\"name\": \"FloatDistribution\", \"attributes\": {\"step\": null, \"low\": 7e-06, \"high\": 40.0, \"log\": true}}"}
{"op_code":5,"worker_id":"0b55ba5c-6d70-4fc4-bf2c-d9d32ba00682-139814961631232","trial_id":9,"param_name":"tau_sec","param_value_internal":0.0,"distribution":"{\"name\": \"FloatDistribution\", \"attributes\": {\"step\": null, \"low\": 0.0, \"high\": 0.0, \"log\": false}}"}
{"op_code":5,"worker_id":"0b55ba5c-6d70-4fc4-bf2c-d9d32ba00682-139814961631232","trial_id":9,"param_name":"ab_dw_min","param_value_internal":6.52794158899526e-06,"distribution":"{\"name\": \"FloatDistribution\", \"attributes\": {\"step\": null, \"low\": 5e-06, \"high\": 0.01, \"log\": true}}"}
{"op_code":5,"worker_id":"0b55ba5c-6d70-4fc4-bf2c-d9d32ba00682-139814961631232","trial_id":9,"param_name":"ab_desired_bl","param_value_internal":31.0,"distribution":"{\"name\": \"IntDistribution\", \"attributes\": {\"log\": false, \"step\": 1, \"low\": 31, \"high\": 31}}"}
{"op_code":5,"worker_id":"0b55ba5c-6d70-4fc4-bf2c-d9d32ba00682-139814961631232","trial_id":9,"param_name":"ab_multilevel","param_value_internal":9.0,"distribution":"{\"name\": \"IntDistribution\", \"attributes\": {\"log\": false, \"step\": 1, \"low\": 1, \"high\": 14}}"}
{"op_code":5,"worker_id":"0b55ba5c-6d70-4fc4-bf2c-d9d32ba00682-139814961631232","trial_id":9,"param_name":"a_reset_std","param_value_internal":1e-30,"distribution":"{\"name\": \"FloatDistribution\", \"attributes\": {\"step\": null, \"low\": 1e-30, \"high\": 1e-30, \"log\": true}}"}
{"op_code":5,"worker_id":"0b55ba5c-6d70-4fc4-bf2c-d9d32ba00682-139814961631232","trial_id":9,"param_name":"b_reset_std","param_value_internal":1e-30,"distribution":"{\"name\": \"FloatDistribution\", \"attributes\": {\"step\": null, \"low\": 1e-30, \"high\": 1e-30, \"log\": true}}"}
{"op_code":5,"worker_id":"0b55ba5c-6d70-4fc4-bf2c-d9d32ba00682-139814961631232","trial_id":9,"param_name":"c_dw_min","param_value_internal":0.0026098651833236564,"distribution":"{\"name\": \"FloatDistribution\", \"attributes\": {\"step\": null, \"low\": 0.001, \"high\": 0.04, \"log\": true}}"}
{"op_code":5,"worker_id":"0b55ba5c-6d70-4fc4-bf2c-d9d32ba00682-139814961631232","trial_id":9,"param_name":"c_desired_bl","param_value_internal":31.0,"distribution":"{\"name\": \"IntDistribution\", \"attributes\": {\"log\": false, \"step\": 1, \"low\": 31, \"high\": 31}}"}
{"op_code":5,"worker_id":"0b55ba5c-6d70-4fc4-bf2c-d9d32ba00682-139814961631232","trial_id":9,"param_name":"out_noise","param_value_internal":0.0,"distribution":"{\"name\": \"FloatDistribution\", \"attributes\": {\"step\": null, \"low\": 0.0, \"high\": 0.0, \"log\": false}}"}
{"op_code":5,"worker_id":"0b55ba5c-6d70-4fc4-bf2c-d9d32ba00682-139814961631232","trial_id":9,"param_name":"ab_weight_scaling_omega","param_value_internal":0.0,"distribution":"{\"name\": \"FloatDistribution\", \"attributes\": {\"step\": null, \"low\": 0.0, \"high\": 0.0, \"log\": false}}"}
{"op_code":5,"worker_id":"0b55ba5c-6d70-4fc4-bf2c-d9d32ba00682-139814961631232","trial_id":9,"param_name":"min_lr_rate","param_value_internal":0.0,"distribution":"{\"name\": \"FloatDistribution\", \"attributes\": {\"step\": null, \"low\": 0.0, \"high\": 0.0, \"log\": false}}"}
{"op_code":5,"worker_id":"0b55ba5c-6d70-4fc4-bf2c-d9d32ba00682-139814961631232","trial_id":9,"param_name":"a_density","param_value_internal":0.004646746904519935,"distribution":"{\"name\": \"FloatDistribution\", \"attributes\": {\"step\": null, \"low\": 0.001, \"high\": 1.0, \"log\": true}}"}
{"op_code":8,"worker_id":"0b55ba5c-6d70-4fc4-bf2c-d9d32ba00682-139814961631232","trial_id":9,"user_attr":{"grad_accum_steps":1}}
{"op_code":7,"worker_id":"36f40d95-d161-4d3f-8f27-e8ab18930a88-139672131743744","trial_id":6,"step":3,"intermediate_value":68.20113216868046}
{"op_code":8,"worker_id":"36f40d95-d161-4d3f-8f27-e8ab18930a88-139672131743744","trial_id":6,"user_attr":{"train_loss_epoch_3":2.010877143981334}}
{"op_code":7,"worker_id":"212ec760-cf65-4e14-863f-e4e6506cf07a-140181664038912","trial_id":7,"step":5,"intermediate_value":80.81333071787734}
{"op_code":8,"worker_id":"212ec760-cf65-4e14-863f-e4e6506cf07a-140181664038912","trial_id":7,"user_attr":{"train_loss_epoch_5":1.3765715013674604}}
{"op_code":6,"worker_id":"212ec760-cf65-4e14-863f-e4e6506cf07a-140181664038912","trial_id":7,"state":1,"values":[80.81333071787734],"datetime_complete":"2026-05-25T07:03:23.936842"}
{"op_code":4,"worker_id":"212ec760-cf65-4e14-863f-e4e6506cf07a-140181664038912","study_id":0,"datetime_start":"2026-05-25T07:03:23.938427"}
{"op_code":5,"worker_id":"212ec760-cf65-4e14-863f-e4e6506cf07a-140181664038912","trial_id":10,"param_name":"learning_rate","param_value_internal":0.0017913271977793121,"distribution":"{\"name\": \"FloatDistribution\", \"attributes\": {\"step\": null, \"low\": 0.0002, \"high\": 0.006, \"log\": true}}"}
{"op_code":5,"worker_id":"212ec760-cf65-4e14-863f-e4e6506cf07a-140181664038912","trial_id":10,"param_name":"transfer_lr","param_value_internal":3.0,"distribution":"{\"name\": \"FloatDistribution\", \"attributes\": {\"step\": null, \"low\": 9e-06, \"high\": 3.0, \"log\": true}}"}
{"op_code":5,"worker_id":"212ec760-cf65-4e14-863f-e4e6506cf07a-140181664038912","trial_id":10,"param_name":"transfer_every","param_value_internal":33.0,"distribution":"{\"name\": \"IntDistribution\", \"attributes\": {\"log\": true, \"step\": 1, \"low\": 1, \"high\": 50}}"}
{"op_code":5,"worker_id":"212ec760-cf65-4e14-863f-e4e6506cf07a-140181664038912","trial_id":10,"param_name":"rank_exp","param_value_internal":4.0,"distribution":"{\"name\": \"IntDistribution\", \"attributes\": {\"log\": false, \"step\": 1, \"low\": 0, \"high\": 6}}"}
{"op_code":5,"worker_id":"212ec760-cf65-4e14-863f-e4e6506cf07a-140181664038912","trial_id":10,"param_name":"fast_lr","param_value_internal":37.78568590519056,"distribution":"{\"name\": \"FloatDistribution\", \"attributes\": {\"step\": null, \"low\": 7e-06, \"high\": 40.0, \"log\": true}}"}
{"op_code":5,"worker_id":"212ec760-cf65-4e14-863f-e4e6506cf07a-140181664038912","trial_id":10,"param_name":"tau_sec","param_value_internal":0.0,"distribution":"{\"name\": \"FloatDistribution\", \"attributes\": {\"step\": null, \"low\": 0.0, \"high\": 0.0, \"log\": false}}"}
{"op_code":5,"worker_id":"212ec760-cf65-4e14-863f-e4e6506cf07a-140181664038912","trial_id":10,"param_name":"ab_dw_min","param_value_internal":0.0001526793990568901,"distribution":"{\"name\": \"FloatDistribution\", \"attributes\": {\"step\": null, \"low\": 5e-06, \"high\": 0.01, \"log\": true}}"}
{"op_code":5,"worker_id":"212ec760-cf65-4e14-863f-e4e6506cf07a-140181664038912","trial_id":10,"param_name":"ab_desired_bl","param_value_internal":31.0,"distribution":"{\"name\": \"IntDistribution\", \"attributes\": {\"log\": false, \"step\": 1, \"low\": 31, \"high\": 31}}"}
{"op_code":5,"worker_id":"212ec760-cf65-4e14-863f-e4e6506cf07a-140181664038912","trial_id":10,"param_name":"ab_multilevel","param_value_internal":6.0,"distribution":"{\"name\": \"IntDistribution\", \"attributes\": {\"log\": false, \"step\": 1, \"low\": 1, \"high\": 14}}"}
{"op_code":5,"worker_id":"212ec760-cf65-4e14-863f-e4e6506cf07a-140181664038912","trial_id":10,"param_name":"a_reset_std","param_value_internal":1e-30,"distribution":"{\"name\": \"FloatDistribution\", \"attributes\": {\"step\": null, \"low\": 1e-30, \"high\": 1e-30, \"log\": true}}"}
{"op_code":5,"worker_id":"212ec760-cf65-4e14-863f-e4e6506cf07a-140181664038912","trial_id":10,"param_name":"b_reset_std","param_value_internal":1e-30,"distribution":"{\"name\": \"FloatDistribution\", \"attributes\": {\"step\": null, \"low\": 1e-30, \"high\": 1e-30, \"log\": true}}"}
{"op_code":5,"worker_id":"212ec760-cf65-4e14-863f-e4e6506cf07a-140181664038912","trial_id":10,"param_name":"c_dw_min","param_value_internal":0.006936302002628238,"distribution":"{\"name\": \"FloatDistribution\", \"attributes\": {\"step\": null, \"low\": 0.001, \"high\": 0.04, \"log\": true}}"}
{"op_code":5,"worker_id":"212ec760-cf65-4e14-863f-e4e6506cf07a-140181664038912","trial_id":10,"param_name":"c_desired_bl","param_value_internal":31.0,"distribution":"{\"name\": \"IntDistribution\", \"attributes\": {\"log\": false, \"step\": 1, \"low\": 31, \"high\": 31}}"}
{"op_code":5,"worker_id":"212ec760-cf65-4e14-863f-e4e6506cf07a-140181664038912","trial_id":10,"param_name":"out_noise","param_value_internal":0.0,"distribution":"{\"name\": \"FloatDistribution\", \"attributes\": {\"step\": null, \"low\": 0.0, \"high\": 0.0, \"log\": false}}"}
{"op_code":5,"worker_id":"212ec760-cf65-4e14-863f-e4e6506cf07a-140181664038912","trial_id":10,"param_name":"ab_weight_scaling_omega","param_value_internal":0.0,"distribution":"{\"name\": \"FloatDistribution\", \"attributes\": {\"step\": null, \"low\": 0.0, \"high\": 0.0, \"log\": false}}"}
{"op_code":5,"worker_id":"212ec760-cf65-4e14-863f-e4e6506cf07a-140181664038912","trial_id":10,"param_name":"min_lr_rate","param_value_internal":0.0,"distribution":"{\"name\": \"FloatDistribution\", \"attributes\": {\"step\": null, \"low\": 0.0, \"high\": 0.0, \"log\": false}}"}
{"op_code":5,"worker_id":"212ec760-cf65-4e14-863f-e4e6506cf07a-140181664038912","trial_id":10,"param_name":"a_density","param_value_internal":0.07038739379880897,"distribution":"{\"name\": \"FloatDistribution\", \"attributes\": {\"step\": null, \"low\": 0.001, \"high\": 1.0, \"log\": true}}"}
{"op_code":8,"worker_id":"212ec760-cf65-4e14-863f-e4e6506cf07a-140181664038912","trial_id":10,"user_attr":{"grad_accum_steps":1}}
{"op_code":7,"worker_id":"ae3c7af5-73bd-4dd7-8c86-585df266468c-140596878897152","trial_id":8,"step":2,"intermediate_value":74.98715562340239}
{"op_code":8,"worker_id":"ae3c7af5-73bd-4dd7-8c86-585df266468c-140596878897152","trial_id":8,"user_attr":{"train_loss_epoch_2":1.7143513958951646}}
{"op_code":7,"worker_id":"0b55ba5c-6d70-4fc4-bf2c-d9d32ba00682-139814961631232","trial_id":9,"step":1,"intermediate_value":72.32095300852852}
{"op_code":8,"worker_id":"0b55ba5c-6d70-4fc4-bf2c-d9d32ba00682-139814961631232","trial_id":9,"user_attr":{"train_loss_epoch_1":2.4231591380385527}}
{"op_code":7,"worker_id":"212ec760-cf65-4e14-863f-e4e6506cf07a-140181664038912","trial_id":10,"step":1,"intermediate_value":73.89511909161216}
{"op_code":8,"worker_id":"212ec760-cf65-4e14-863f-e4e6506cf07a-140181664038912","trial_id":10,"user_attr":{"train_loss_epoch_1":2.2924811579670688}}
{"op_code":7,"worker_id":"ae3c7af5-73bd-4dd7-8c86-585df266468c-140596878897152","trial_id":8,"step":3,"intermediate_value":76.18604553808838}
{"op_code":8,"worker_id":"ae3c7af5-73bd-4dd7-8c86-585df266468c-140596878897152","trial_id":8,"user_attr":{"train_loss_epoch_3":1.6324187827950247}}
{"op_code":7,"worker_id":"0b55ba5c-6d70-4fc4-bf2c-d9d32ba00682-139814961631232","trial_id":9,"step":2,"intermediate_value":74.99394352887747}
{"op_code":8,"worker_id":"0b55ba5c-6d70-4fc4-bf2c-d9d32ba00682-139814961631232","trial_id":9,"user_attr":{"train_loss_epoch_2":1.7260741201519643}}
{"op_code":7,"worker_id":"36f40d95-d161-4d3f-8f27-e8ab18930a88-139672131743744","trial_id":6,"step":4,"intermediate_value":68.27190406533721}
{"op_code":8,"worker_id":"36f40d95-d161-4d3f-8f27-e8ab18930a88-139672131743744","trial_id":6,"user_attr":{"train_loss_epoch_4":2.010695630295813}}
{"op_code":7,"worker_id":"212ec760-cf65-4e14-863f-e4e6506cf07a-140181664038912","trial_id":10,"step":2,"intermediate_value":76.47393086497914}
{"op_code":8,"worker_id":"212ec760-cf65-4e14-863f-e4e6506cf07a-140181664038912","trial_id":10,"user_attr":{"train_loss_epoch_2":1.6633928174895}}
{"op_code":7,"worker_id":"ae3c7af5-73bd-4dd7-8c86-585df266468c-140596878897152","trial_id":8,"step":4,"intermediate_value":76.74389907842135}
{"op_code":8,"worker_id":"ae3c7af5-73bd-4dd7-8c86-585df266468c-140596878897152","trial_id":8,"user_attr":{"train_loss_epoch_4":1.591123218135782}}
{"op_code":7,"worker_id":"0b55ba5c-6d70-4fc4-bf2c-d9d32ba00682-139814961631232","trial_id":9,"step":3,"intermediate_value":75.99091346665574}
{"op_code":8,"worker_id":"0b55ba5c-6d70-4fc4-bf2c-d9d32ba00682-139814961631232","trial_id":9,"user_attr":{"train_loss_epoch_3":1.6405203589578954}}
{"op_code":7,"worker_id":"212ec760-cf65-4e14-863f-e4e6506cf07a-140181664038912","trial_id":10,"step":3,"intermediate_value":76.79074321701344}
{"op_code":8,"worker_id":"212ec760-cf65-4e14-863f-e4e6506cf07a-140181664038912","trial_id":10,"user_attr":{"train_loss_epoch_3":1.5819630346647122}}
{"op_code":7,"worker_id":"ae3c7af5-73bd-4dd7-8c86-585df266468c-140596878897152","trial_id":8,"step":5,"intermediate_value":76.82521816903777}
{"op_code":8,"worker_id":"ae3c7af5-73bd-4dd7-8c86-585df266468c-140596878897152","trial_id":8,"user_attr":{"train_loss_epoch_5":1.571998921157868}}
{"op_code":6,"worker_id":"ae3c7af5-73bd-4dd7-8c86-585df266468c-140596878897152","trial_id":8,"state":1,"values":[76.82521816903777],"datetime_complete":"2026-05-25T07:58:16.013479"}
{"op_code":4,"worker_id":"ae3c7af5-73bd-4dd7-8c86-585df266468c-140596878897152","study_id":0,"datetime_start":"2026-05-25T07:58:16.015056"}
{"op_code":5,"worker_id":"ae3c7af5-73bd-4dd7-8c86-585df266468c-140596878897152","trial_id":11,"param_name":"learning_rate","param_value_internal":0.002125616255280459,"distribution":"{\"name\": \"FloatDistribution\", \"attributes\": {\"step\": null, \"low\": 0.0002, \"high\": 0.006, \"log\": true}}"}
{"op_code":5,"worker_id":"ae3c7af5-73bd-4dd7-8c86-585df266468c-140596878897152","trial_id":11,"param_name":"transfer_lr","param_value_internal":2.2659184322257495,"distribution":"{\"name\": \"FloatDistribution\", \"attributes\": {\"step\": null, \"low\": 9e-06, \"high\": 3.0, \"log\": true}}"}
{"op_code":5,"worker_id":"ae3c7af5-73bd-4dd7-8c86-585df266468c-140596878897152","trial_id":11,"param_name":"transfer_every","param_value_internal":12.0,"distribution":"{\"name\": \"IntDistribution\", \"attributes\": {\"log\": true, \"step\": 1, \"low\": 1, \"high\": 50}}"}
{"op_code":5,"worker_id":"ae3c7af5-73bd-4dd7-8c86-585df266468c-140596878897152","trial_id":11,"param_name":"rank_exp","param_value_internal":3.0,"distribution":"{\"name\": \"IntDistribution\", \"attributes\": {\"log\": false, \"step\": 1, \"low\": 0, \"high\": 6}}"}
{"op_code":5,"worker_id":"ae3c7af5-73bd-4dd7-8c86-585df266468c-140596878897152","trial_id":11,"param_name":"fast_lr","param_value_internal":37.78568590519056,"distribution":"{\"name\": \"FloatDistribution\", \"attributes\": {\"step\": null, \"low\": 7e-06, \"high\": 40.0, \"log\": true}}"}
{"op_code":5,"worker_id":"ae3c7af5-73bd-4dd7-8c86-585df266468c-140596878897152","trial_id":11,"param_name":"tau_sec","param_value_internal":0.0,"distribution":"{\"name\": \"FloatDistribution\", \"attributes\": {\"step\": null, \"low\": 0.0, \"high\": 0.0, \"log\": false}}"}
{"op_code":5,"worker_id":"ae3c7af5-73bd-4dd7-8c86-585df266468c-140596878897152","trial_id":11,"param_name":"ab_dw_min","param_value_internal":0.0004418482140289462,"distribution":"{\"name\": \"FloatDistribution\", \"attributes\": {\"step\": null, \"low\": 5e-06, \"high\": 0.01, \"log\": true}}"}
{"op_code":5,"worker_id":"ae3c7af5-73bd-4dd7-8c86-585df266468c-140596878897152","trial_id":11,"param_name":"ab_desired_bl","param_value_internal":31.0,"distribution":"{\"name\": \"IntDistribution\", \"attributes\": {\"log\": false, \"step\": 1, \"low\": 31, \"high\": 31}}"}
{"op_code":5,"worker_id":"ae3c7af5-73bd-4dd7-8c86-585df266468c-140596878897152","trial_id":11,"param_name":"ab_multilevel","param_value_internal":4.0,"distribution":"{\"name\": \"IntDistribution\", \"attributes\": {\"log\": false, \"step\": 1, \"low\": 1, \"high\": 14}}"}
{"op_code":5,"worker_id":"ae3c7af5-73bd-4dd7-8c86-585df266468c-140596878897152","trial_id":11,"param_name":"a_reset_std","param_value_internal":1e-30,"distribution":"{\"name\": \"FloatDistribution\", \"attributes\": {\"step\": null, \"low\": 1e-30, \"high\": 1e-30, \"log\": true}}"}
{"op_code":5,"worker_id":"ae3c7af5-73bd-4dd7-8c86-585df266468c-140596878897152","trial_id":11,"param_name":"b_reset_std","param_value_internal":1e-30,"distribution":"{\"name\": \"FloatDistribution\", \"attributes\": {\"step\": null, \"low\": 1e-30, \"high\": 1e-30, \"log\": true}}"}
{"op_code":5,"worker_id":"ae3c7af5-73bd-4dd7-8c86-585df266468c-140596878897152","trial_id":11,"param_name":"c_dw_min","param_value_internal":0.00933953064374897,"distribution":"{\"name\": \"FloatDistribution\", \"attributes\": {\"step\": null, \"low\": 0.001, \"high\": 0.04, \"log\": true}}"}
{"op_code":5,"worker_id":"ae3c7af5-73bd-4dd7-8c86-585df266468c-140596878897152","trial_id":11,"param_name":"c_desired_bl","param_value_internal":31.0,"distribution":"{\"name\": \"IntDistribution\", \"attributes\": {\"log\": false, \"step\": 1, \"low\": 31, \"high\": 31}}"}
{"op_code":5,"worker_id":"ae3c7af5-73bd-4dd7-8c86-585df266468c-140596878897152","trial_id":11,"param_name":"out_noise","param_value_internal":0.0,"distribution":"{\"name\": \"FloatDistribution\", \"attributes\": {\"step\": null, \"low\": 0.0, \"high\": 0.0, \"log\": false}}"}
{"op_code":5,"worker_id":"ae3c7af5-73bd-4dd7-8c86-585df266468c-140596878897152","trial_id":11,"param_name":"ab_weight_scaling_omega","param_value_internal":0.0,"distribution":"{\"name\": \"FloatDistribution\", \"attributes\": {\"step\": null, \"low\": 0.0, \"high\": 0.0, \"log\": false}}"}
{"op_code":5,"worker_id":"ae3c7af5-73bd-4dd7-8c86-585df266468c-140596878897152","trial_id":11,"param_name":"min_lr_rate","param_value_internal":0.0,"distribution":"{\"name\": \"FloatDistribution\", \"attributes\": {\"step\": null, \"low\": 0.0, \"high\": 0.0, \"log\": false}}"}
{"op_code":5,"worker_id":"ae3c7af5-73bd-4dd7-8c86-585df266468c-140596878897152","trial_id":11,"param_name":"a_density","param_value_internal":0.043025479680200616,"distribution":"{\"name\": \"FloatDistribution\", \"attributes\": {\"step\": null, \"low\": 0.001, \"high\": 1.0, \"log\": true}}"}
{"op_code":7,"worker_id":"36f40d95-d161-4d3f-8f27-e8ab18930a88-139672131743744","trial_id":6,"step":5,"intermediate_value":68.27190406533721}
{"op_code":8,"worker_id":"36f40d95-d161-4d3f-8f27-e8ab18930a88-139672131743744","trial_id":6,"user_attr":{"train_loss_epoch_5":2.065374104504986}}
{"op_code":6,"worker_id":"36f40d95-d161-4d3f-8f27-e8ab18930a88-139672131743744","trial_id":6,"state":1,"values":[68.27190406533721],"datetime_complete":"2026-05-25T07:58:26.289922"}
{"op_code":4,"worker_id":"36f40d95-d161-4d3f-8f27-e8ab18930a88-139672131743744","study_id":0,"datetime_start":"2026-05-25T07:58:26.291492"}
{"op_code":5,"worker_id":"36f40d95-d161-4d3f-8f27-e8ab18930a88-139672131743744","trial_id":12,"param_name":"learning_rate","param_value_internal":0.002693637201611956,"distribution":"{\"name\": \"FloatDistribution\", \"attributes\": {\"step\": null, \"low\": 0.0002, \"high\": 0.006, \"log\": true}}"}
{"op_code":5,"worker_id":"36f40d95-d161-4d3f-8f27-e8ab18930a88-139672131743744","trial_id":12,"param_name":"transfer_lr","param_value_internal":3.0,"distribution":"{\"name\": \"FloatDistribution\", \"attributes\": {\"step\": null, \"low\": 9e-06, \"high\": 3.0, \"log\": true}}"}
{"op_code":5,"worker_id":"36f40d95-d161-4d3f-8f27-e8ab18930a88-139672131743744","trial_id":12,"param_name":"transfer_every","param_value_internal":50.0,"distribution":"{\"name\": \"IntDistribution\", \"attributes\": {\"log\": true, \"step\": 1, \"low\": 1, \"high\": 50}}"}
{"op_code":5,"worker_id":"36f40d95-d161-4d3f-8f27-e8ab18930a88-139672131743744","trial_id":12,"param_name":"rank_exp","param_value_internal":6.0,"distribution":"{\"name\": \"IntDistribution\", \"attributes\": {\"log\": false, \"step\": 1, \"low\": 0, \"high\": 6}}"}
{"op_code":5,"worker_id":"36f40d95-d161-4d3f-8f27-e8ab18930a88-139672131743744","trial_id":12,"param_name":"fast_lr","param_value_internal":37.78568590519056,"distribution":"{\"name\": \"FloatDistribution\", \"attributes\": {\"step\": null, \"low\": 7e-06, \"high\": 40.0, \"log\": true}}"}
{"op_code":5,"worker_id":"36f40d95-d161-4d3f-8f27-e8ab18930a88-139672131743744","trial_id":12,"param_name":"tau_sec","param_value_internal":0.0,"distribution":"{\"name\": \"FloatDistribution\", \"attributes\": {\"step\": null, \"low\": 0.0, \"high\": 0.0, \"log\": false}}"}
{"op_code":5,"worker_id":"36f40d95-d161-4d3f-8f27-e8ab18930a88-139672131743744","trial_id":12,"param_name":"ab_dw_min","param_value_internal":0.00030164743121074804,"distribution":"{\"name\": \"FloatDistribution\", \"attributes\": {\"step\": null, \"low\": 5e-06, \"high\": 0.01, \"log\": true}}"}
{"op_code":5,"worker_id":"36f40d95-d161-4d3f-8f27-e8ab18930a88-139672131743744","trial_id":12,"param_name":"ab_desired_bl","param_value_internal":31.0,"distribution":"{\"name\": \"IntDistribution\", \"attributes\": {\"log\": false, \"step\": 1, \"low\": 31, \"high\": 31}}"}
{"op_code":5,"worker_id":"36f40d95-d161-4d3f-8f27-e8ab18930a88-139672131743744","trial_id":12,"param_name":"ab_multilevel","param_value_internal":1.0,"distribution":"{\"name\": \"IntDistribution\", \"attributes\": {\"log\": false, \"step\": 1, \"low\": 1, \"high\": 14}}"}
{"op_code":5,"worker_id":"36f40d95-d161-4d3f-8f27-e8ab18930a88-139672131743744","trial_id":12,"param_name":"a_reset_std","param_value_internal":1e-30,"distribution":"{\"name\": \"FloatDistribution\", \"attributes\": {\"step\": null, \"low\": 1e-30, \"high\": 1e-30, \"log\": true}}"}
{"op_code":5,"worker_id":"36f40d95-d161-4d3f-8f27-e8ab18930a88-139672131743744","trial_id":12,"param_name":"b_reset_std","param_value_internal":1e-30,"distribution":"{\"name\": \"FloatDistribution\", \"attributes\": {\"step\": null, \"low\": 1e-30, \"high\": 1e-30, \"log\": true}}"}
{"op_code":5,"worker_id":"36f40d95-d161-4d3f-8f27-e8ab18930a88-139672131743744","trial_id":12,"param_name":"c_dw_min","param_value_internal":0.002987365386624672,"distribution":"{\"name\": \"FloatDistribution\", \"attributes\": {\"step\": null, \"low\": 0.001, \"high\": 0.04, \"log\": true}}"}
{"op_code":5,"worker_id":"36f40d95-d161-4d3f-8f27-e8ab18930a88-139672131743744","trial_id":12,"param_name":"c_desired_bl","param_value_internal":31.0,"distribution":"{\"name\": \"IntDistribution\", \"attributes\": {\"log\": false, \"step\": 1, \"low\": 31, \"high\": 31}}"}
{"op_code":5,"worker_id":"36f40d95-d161-4d3f-8f27-e8ab18930a88-139672131743744","trial_id":12,"param_name":"out_noise","param_value_internal":0.0,"distribution":"{\"name\": \"FloatDistribution\", \"attributes\": {\"step\": null, \"low\": 0.0, \"high\": 0.0, \"log\": false}}"}
{"op_code":5,"worker_id":"36f40d95-d161-4d3f-8f27-e8ab18930a88-139672131743744","trial_id":12,"param_name":"ab_weight_scaling_omega","param_value_internal":0.0,"distribution":"{\"name\": \"FloatDistribution\", \"attributes\": {\"step\": null, \"low\": 0.0, \"high\": 0.0, \"log\": false}}"}
{"op_code":5,"worker_id":"36f40d95-d161-4d3f-8f27-e8ab18930a88-139672131743744","trial_id":12,"param_name":"min_lr_rate","param_value_internal":0.0,"distribution":"{\"name\": \"FloatDistribution\", \"attributes\": {\"step\": null, \"low\": 0.0, \"high\": 0.0, \"log\": false}}"}
{"op_code":5,"worker_id":"36f40d95-d161-4d3f-8f27-e8ab18930a88-139672131743744","trial_id":12,"param_name":"a_density","param_value_internal":0.001027885359691577,"distribution":"{\"name\": \"FloatDistribution\", \"attributes\": {\"step\": null, \"low\": 0.001, \"high\": 1.0, \"log\": true}}"}
{"op_code":8,"worker_id":"ae3c7af5-73bd-4dd7-8c86-585df266468c-140596878897152","trial_id":11,"user_attr":{"grad_accum_steps":1}}
{"op_code":8,"worker_id":"36f40d95-d161-4d3f-8f27-e8ab18930a88-139672131743744","trial_id":12,"user_attr":{"grad_accum_steps":1}}
{"op_code":7,"worker_id":"0b55ba5c-6d70-4fc4-bf2c-d9d32ba00682-139814961631232","trial_id":9,"step":4,"intermediate_value":76.48509749538785}
{"op_code":8,"worker_id":"0b55ba5c-6d70-4fc4-bf2c-d9d32ba00682-139814961631232","trial_id":9,"user_attr":{"train_loss_epoch_4":1.6016071656855142}}
{"op_code":7,"worker_id":"212ec760-cf65-4e14-863f-e4e6506cf07a-140181664038912","trial_id":10,"step":4,"intermediate_value":77.91322332743489}
{"op_code":8,"worker_id":"212ec760-cf65-4e14-863f-e4e6506cf07a-140181664038912","trial_id":10,"user_attr":{"train_loss_epoch_4":1.5332966708878515}}
{"op_code":7,"worker_id":"ae3c7af5-73bd-4dd7-8c86-585df266468c-140596878897152","trial_id":11,"step":1,"intermediate_value":74.23417156540317}
{"op_code":8,"worker_id":"ae3c7af5-73bd-4dd7-8c86-585df266468c-140596878897152","trial_id":11,"user_attr":{"train_loss_epoch_1":2.262661964266604}}
{"op_code":7,"worker_id":"36f40d95-d161-4d3f-8f27-e8ab18930a88-139672131743744","trial_id":12,"step":1,"intermediate_value":72.91000240563633}
{"op_code":8,"worker_id":"36f40d95-d161-4d3f-8f27-e8ab18930a88-139672131743744","trial_id":12,"user_attr":{"train_loss_epoch_1":2.2284348055599184}}
{"op_code":7,"worker_id":"0b55ba5c-6d70-4fc4-bf2c-d9d32ba00682-139814961631232","trial_id":9,"step":5,"intermediate_value":76.64589473513536}
{"op_code":8,"worker_id":"0b55ba5c-6d70-4fc4-bf2c-d9d32ba00682-139814961631232","trial_id":9,"user_attr":{"train_loss_epoch_5":1.5794665950423656}}
{"op_code":6,"worker_id":"0b55ba5c-6d70-4fc4-bf2c-d9d32ba00682-139814961631232","trial_id":9,"state":1,"values":[76.64589473513536],"datetime_complete":"2026-05-25T08:19:10.059112"}
{"op_code":4,"worker_id":"0b55ba5c-6d70-4fc4-bf2c-d9d32ba00682-139814961631232","study_id":0,"datetime_start":"2026-05-25T08:19:10.060743"}
{"op_code":5,"worker_id":"0b55ba5c-6d70-4fc4-bf2c-d9d32ba00682-139814961631232","trial_id":13,"param_name":"learning_rate","param_value_internal":0.0025621455790025447,"distribution":"{\"name\": \"FloatDistribution\", \"attributes\": {\"step\": null, \"low\": 0.0002, \"high\": 0.006, \"log\": true}}"}
{"op_code":5,"worker_id":"0b55ba5c-6d70-4fc4-bf2c-d9d32ba00682-139814961631232","trial_id":13,"param_name":"transfer_lr","param_value_internal":0.3793444971776866,"distribution":"{\"name\": \"FloatDistribution\", \"attributes\": {\"step\": null, \"low\": 9e-06, \"high\": 3.0, \"log\": true}}"}
{"op_code":5,"worker_id":"0b55ba5c-6d70-4fc4-bf2c-d9d32ba00682-139814961631232","trial_id":13,"param_name":"transfer_every","param_value_internal":50.0,"distribution":"{\"name\": \"IntDistribution\", \"attributes\": {\"log\": true, \"step\": 1, \"low\": 1, \"high\": 50}}"}
{"op_code":5,"worker_id":"0b55ba5c-6d70-4fc4-bf2c-d9d32ba00682-139814961631232","trial_id":13,"param_name":"rank_exp","param_value_internal":6.0,"distribution":"{\"name\": \"IntDistribution\", \"attributes\": {\"log\": false, \"step\": 1, \"low\": 0, \"high\": 6}}"}
{"op_code":5,"worker_id":"0b55ba5c-6d70-4fc4-bf2c-d9d32ba00682-139814961631232","trial_id":13,"param_name":"fast_lr","param_value_internal":37.78568590519056,"distribution":"{\"name\": \"FloatDistribution\", \"attributes\": {\"step\": null, \"low\": 7e-06, \"high\": 40.0, \"log\": true}}"}
{"op_code":5,"worker_id":"0b55ba5c-6d70-4fc4-bf2c-d9d32ba00682-139814961631232","trial_id":13,"param_name":"tau_sec","param_value_internal":0.0,"distribution":"{\"name\": \"FloatDistribution\", \"attributes\": {\"step\": null, \"low\": 0.0, \"high\": 0.0, \"log\": false}}"}
{"op_code":5,"worker_id":"0b55ba5c-6d70-4fc4-bf2c-d9d32ba00682-139814961631232","trial_id":13,"param_name":"ab_dw_min","param_value_internal":0.007570503946150783,"distribution":"{\"name\": \"FloatDistribution\", \"attributes\": {\"step\": null, \"low\": 5e-06, \"high\": 0.01, \"log\": true}}"}
{"op_code":5,"worker_id":"0b55ba5c-6d70-4fc4-bf2c-d9d32ba00682-139814961631232","trial_id":13,"param_name":"ab_desired_bl","param_value_internal":31.0,"distribution":"{\"name\": \"IntDistribution\", \"attributes\": {\"log\": false, \"step\": 1, \"low\": 31, \"high\": 31}}"}
{"op_code":5,"worker_id":"0b55ba5c-6d70-4fc4-bf2c-d9d32ba00682-139814961631232","trial_id":13,"param_name":"ab_multilevel","param_value_internal":1.0,"distribution":"{\"name\": \"IntDistribution\", \"attributes\": {\"log\": false, \"step\": 1, \"low\": 1, \"high\": 14}}"}
{"op_code":5,"worker_id":"0b55ba5c-6d70-4fc4-bf2c-d9d32ba00682-139814961631232","trial_id":13,"param_name":"a_reset_std","param_value_internal":1e-30,"distribution":"{\"name\": \"FloatDistribution\", \"attributes\": {\"step\": null, \"low\": 1e-30, \"high\": 1e-30, \"log\": true}}"}
{"op_code":5,"worker_id":"0b55ba5c-6d70-4fc4-bf2c-d9d32ba00682-139814961631232","trial_id":13,"param_name":"b_reset_std","param_value_internal":1e-30,"distribution":"{\"name\": \"FloatDistribution\", \"attributes\": {\"step\": null, \"low\": 1e-30, \"high\": 1e-30, \"log\": true}}"}
{"op_code":5,"worker_id":"0b55ba5c-6d70-4fc4-bf2c-d9d32ba00682-139814961631232","trial_id":13,"param_name":"c_dw_min","param_value_internal":0.00798751733262198,"distribution":"{\"name\": \"FloatDistribution\", \"attributes\": {\"step\": null, \"low\": 0.001, \"high\": 0.04, \"log\": true}}"}
{"op_code":5,"worker_id":"0b55ba5c-6d70-4fc4-bf2c-d9d32ba00682-139814961631232","trial_id":13,"param_name":"c_desired_bl","param_value_internal":31.0,"distribution":"{\"name\": \"IntDistribution\", \"attributes\": {\"log\": false, \"step\": 1, \"low\": 31, \"high\": 31}}"}
{"op_code":5,"worker_id":"0b55ba5c-6d70-4fc4-bf2c-d9d32ba00682-139814961631232","trial_id":13,"param_name":"out_noise","param_value_internal":0.0,"distribution":"{\"name\": \"FloatDistribution\", \"attributes\": {\"step\": null, \"low\": 0.0, \"high\": 0.0, \"log\": false}}"}
{"op_code":5,"worker_id":"0b55ba5c-6d70-4fc4-bf2c-d9d32ba00682-139814961631232","trial_id":13,"param_name":"ab_weight_scaling_omega","param_value_internal":0.0,"distribution":"{\"name\": \"FloatDistribution\", \"attributes\": {\"step\": null, \"low\": 0.0, \"high\": 0.0, \"log\": false}}"}
{"op_code":5,"worker_id":"0b55ba5c-6d70-4fc4-bf2c-d9d32ba00682-139814961631232","trial_id":13,"param_name":"min_lr_rate","param_value_internal":0.0,"distribution":"{\"name\": \"FloatDistribution\", \"attributes\": {\"step\": null, \"low\": 0.0, \"high\": 0.0, \"log\": false}}"}
{"op_code":5,"worker_id":"0b55ba5c-6d70-4fc4-bf2c-d9d32ba00682-139814961631232","trial_id":13,"param_name":"a_density","param_value_internal":0.0017068386323814445,"distribution":"{\"name\": \"FloatDistribution\", \"attributes\": {\"step\": null, \"low\": 0.001, \"high\": 1.0, \"log\": true}}"}
{"op_code":8,"worker_id":"0b55ba5c-6d70-4fc4-bf2c-d9d32ba00682-139814961631232","trial_id":13,"user_attr":{"grad_accum_steps":1}}
{"op_code":7,"worker_id":"212ec760-cf65-4e14-863f-e4e6506cf07a-140181664038912","trial_id":10,"step":5,"intermediate_value":78.51094841100316}
{"op_code":8,"worker_id":"212ec760-cf65-4e14-863f-e4e6506cf07a-140181664038912","trial_id":10,"user_attr":{"train_loss_epoch_5":1.5029003325193555}}
{"op_code":6,"worker_id":"212ec760-cf65-4e14-863f-e4e6506cf07a-140181664038912","trial_id":10,"state":1,"values":[78.51094841100316],"datetime_complete":"2026-05-25T08:28:48.376195"}
{"op_code":4,"worker_id":"212ec760-cf65-4e14-863f-e4e6506cf07a-140181664038912","study_id":0,"datetime_start":"2026-05-25T08:28:48.377928"}
{"op_code":5,"worker_id":"212ec760-cf65-4e14-863f-e4e6506cf07a-140181664038912","trial_id":14,"param_name":"learning_rate","param_value_internal":0.002128423310775313,"distribution":"{\"name\": \"FloatDistribution\", \"attributes\": {\"step\": null, \"low\": 0.0002, \"high\": 0.006, \"log\": true}}"}
{"op_code":5,"worker_id":"212ec760-cf65-4e14-863f-e4e6506cf07a-140181664038912","trial_id":14,"param_name":"transfer_lr","param_value_internal":0.001679682471697352,"distribution":"{\"name\": \"FloatDistribution\", \"attributes\": {\"step\": null, \"low\": 9e-06, \"high\": 3.0, \"log\": true}}"}
{"op_code":5,"worker_id":"212ec760-cf65-4e14-863f-e4e6506cf07a-140181664038912","trial_id":14,"param_name":"transfer_every","param_value_internal":27.0,"distribution":"{\"name\": \"IntDistribution\", \"attributes\": {\"log\": true, \"step\": 1, \"low\": 1, \"high\": 50}}"}
{"op_code":5,"worker_id":"212ec760-cf65-4e14-863f-e4e6506cf07a-140181664038912","trial_id":14,"param_name":"rank_exp","param_value_internal":6.0,"distribution":"{\"name\": \"IntDistribution\", \"attributes\": {\"log\": false, \"step\": 1, \"low\": 0, \"high\": 6}}"}
{"op_code":5,"worker_id":"212ec760-cf65-4e14-863f-e4e6506cf07a-140181664038912","trial_id":14,"param_name":"fast_lr","param_value_internal":37.78568590519056,"distribution":"{\"name\": \"FloatDistribution\", \"attributes\": {\"step\": null, \"low\": 7e-06, \"high\": 40.0, \"log\": true}}"}
{"op_code":5,"worker_id":"212ec760-cf65-4e14-863f-e4e6506cf07a-140181664038912","trial_id":14,"param_name":"tau_sec","param_value_internal":0.0,"distribution":"{\"name\": \"FloatDistribution\", \"attributes\": {\"step\": null, \"low\": 0.0, \"high\": 0.0, \"log\": false}}"}
{"op_code":5,"worker_id":"212ec760-cf65-4e14-863f-e4e6506cf07a-140181664038912","trial_id":14,"param_name":"ab_dw_min","param_value_internal":0.00033524896897241577,"distribution":"{\"name\": \"FloatDistribution\", \"attributes\": {\"step\": null, \"low\": 5e-06, \"high\": 0.01, \"log\": true}}"}
{"op_code":5,"worker_id":"212ec760-cf65-4e14-863f-e4e6506cf07a-140181664038912","trial_id":14,"param_name":"ab_desired_bl","param_value_internal":31.0,"distribution":"{\"name\": \"IntDistribution\", \"attributes\": {\"log\": false, \"step\": 1, \"low\": 31, \"high\": 31}}"}
{"op_code":5,"worker_id":"212ec760-cf65-4e14-863f-e4e6506cf07a-140181664038912","trial_id":14,"param_name":"ab_multilevel","param_value_internal":3.0,"distribution":"{\"name\": \"IntDistribution\", \"attributes\": {\"log\": false, \"step\": 1, \"low\": 1, \"high\": 14}}"}
{"op_code":5,"worker_id":"212ec760-cf65-4e14-863f-e4e6506cf07a-140181664038912","trial_id":14,"param_name":"a_reset_std","param_value_internal":1e-30,"distribution":"{\"name\": \"FloatDistribution\", \"attributes\": {\"step\": null, \"low\": 1e-30, \"high\": 1e-30, \"log\": true}}"}
{"op_code":5,"worker_id":"212ec760-cf65-4e14-863f-e4e6506cf07a-140181664038912","trial_id":14,"param_name":"b_reset_std","param_value_internal":1e-30,"distribution":"{\"name\": \"FloatDistribution\", \"attributes\": {\"step\": null, \"low\": 1e-30, \"high\": 1e-30, \"log\": true}}"}
{"op_code":5,"worker_id":"212ec760-cf65-4e14-863f-e4e6506cf07a-140181664038912","trial_id":14,"param_name":"c_dw_min","param_value_internal":0.004725436452823419,"distribution":"{\"name\": \"FloatDistribution\", \"attributes\": {\"step\": null, \"low\": 0.001, \"high\": 0.04, \"log\": true}}"}
{"op_code":5,"worker_id":"212ec760-cf65-4e14-863f-e4e6506cf07a-140181664038912","trial_id":14,"param_name":"c_desired_bl","param_value_internal":31.0,"distribution":"{\"name\": \"IntDistribution\", \"attributes\": {\"log\": false, \"step\": 1, \"low\": 31, \"high\": 31}}"}
{"op_code":5,"worker_id":"212ec760-cf65-4e14-863f-e4e6506cf07a-140181664038912","trial_id":14,"param_name":"out_noise","param_value_internal":0.0,"distribution":"{\"name\": \"FloatDistribution\", \"attributes\": {\"step\": null, \"low\": 0.0, \"high\": 0.0, \"log\": false}}"}
{"op_code":5,"worker_id":"212ec760-cf65-4e14-863f-e4e6506cf07a-140181664038912","trial_id":14,"param_name":"ab_weight_scaling_omega","param_value_internal":0.0,"distribution":"{\"name\": \"FloatDistribution\", \"attributes\": {\"step\": null, \"low\": 0.0, \"high\": 0.0, \"log\": false}}"}
{"op_code":5,"worker_id":"212ec760-cf65-4e14-863f-e4e6506cf07a-140181664038912","trial_id":14,"param_name":"min_lr_rate","param_value_internal":0.0,"distribution":"{\"name\": \"FloatDistribution\", \"attributes\": {\"step\": null, \"low\": 0.0, \"high\": 0.0, \"log\": false}}"}
{"op_code":5,"worker_id":"212ec760-cf65-4e14-863f-e4e6506cf07a-140181664038912","trial_id":14,"param_name":"a_density","param_value_internal":0.01305143082512472,"distribution":"{\"name\": \"FloatDistribution\", \"attributes\": {\"step\": null, \"low\": 0.001, \"high\": 1.0, \"log\": true}}"}
{"op_code":8,"worker_id":"212ec760-cf65-4e14-863f-e4e6506cf07a-140181664038912","trial_id":14,"user_attr":{"grad_accum_steps":1}}
{"op_code":7,"worker_id":"36f40d95-d161-4d3f-8f27-e8ab18930a88-139672131743744","trial_id":12,"step":2,"intermediate_value":76.39734401632593}
{"op_code":8,"worker_id":"36f40d95-d161-4d3f-8f27-e8ab18930a88-139672131743744","trial_id":12,"user_attr":{"train_loss_epoch_2":1.672609766195137}}
{"op_code":7,"worker_id":"ae3c7af5-73bd-4dd7-8c86-585df266468c-140596878897152","trial_id":11,"step":2,"intermediate_value":75.76378433071062}
{"op_code":8,"worker_id":"ae3c7af5-73bd-4dd7-8c86-585df266468c-140596878897152","trial_id":11,"user_attr":{"train_loss_epoch_2":1.6655725334071854}}
{"op_code":7,"worker_id":"0b55ba5c-6d70-4fc4-bf2c-d9d32ba00682-139814961631232","trial_id":13,"step":1,"intermediate_value":74.69938685083572}
{"op_code":8,"worker_id":"0b55ba5c-6d70-4fc4-bf2c-d9d32ba00682-139814961631232","trial_id":13,"user_attr":{"train_loss_epoch_1":2.225086018838857}}
{"op_code":7,"worker_id":"212ec760-cf65-4e14-863f-e4e6506cf07a-140181664038912","trial_id":14,"step":1,"intermediate_value":73.6470379692285}
{"op_code":8,"worker_id":"212ec760-cf65-4e14-863f-e4e6506cf07a-140181664038912","trial_id":14,"user_attr":{"train_loss_epoch_1":2.278551667492564}}
{"op_code":7,"worker_id":"36f40d95-d161-4d3f-8f27-e8ab18930a88-139672131743744","trial_id":12,"step":3,"intermediate_value":77.07341367958763}
{"op_code":8,"worker_id":"36f40d95-d161-4d3f-8f27-e8ab18930a88-139672131743744","trial_id":12,"user_attr":{"train_loss_epoch_3":1.59376407238203}}
{"op_code":7,"worker_id":"ae3c7af5-73bd-4dd7-8c86-585df266468c-140596878897152","trial_id":11,"step":3,"intermediate_value":76.95112097720815}
{"op_code":8,"worker_id":"ae3c7af5-73bd-4dd7-8c86-585df266468c-140596878897152","trial_id":11,"user_attr":{"train_loss_epoch_3":1.5877773359862124}}
{"op_code":7,"worker_id":"0b55ba5c-6d70-4fc4-bf2c-d9d32ba00682-139814961631232","trial_id":13,"step":2,"intermediate_value":76.06563738027815}
{"op_code":8,"worker_id":"0b55ba5c-6d70-4fc4-bf2c-d9d32ba00682-139814961631232","trial_id":13,"user_attr":{"train_loss_epoch_2":1.6675775969900737}}
{"op_code":7,"worker_id":"212ec760-cf65-4e14-863f-e4e6506cf07a-140181664038912","trial_id":14,"step":2,"intermediate_value":76.4699767797506}
{"op_code":8,"worker_id":"212ec760-cf65-4e14-863f-e4e6506cf07a-140181664038912","trial_id":14,"user_attr":{"train_loss_epoch_2":1.6621640353021907}}
{"op_code":7,"worker_id":"36f40d95-d161-4d3f-8f27-e8ab18930a88-139672131743744","trial_id":12,"step":4,"intermediate_value":78.02910559219019}
{"op_code":8,"worker_id":"36f40d95-d161-4d3f-8f27-e8ab18930a88-139672131743744","trial_id":12,"user_attr":{"train_loss_epoch_4":1.5453165751485645}}
{"op_code":7,"worker_id":"ae3c7af5-73bd-4dd7-8c86-585df266468c-140596878897152","trial_id":11,"step":4,"intermediate_value":77.68671933025614}
{"op_code":8,"worker_id":"ae3c7af5-73bd-4dd7-8c86-585df266468c-140596878897152","trial_id":11,"user_attr":{"train_loss_epoch_4":1.5457481274436806}}
{"op_code":7,"worker_id":"0b55ba5c-6d70-4fc4-bf2c-d9d32ba00682-139814961631232","trial_id":13,"step":3,"intermediate_value":76.8038594500161}
{"op_code":8,"worker_id":"0b55ba5c-6d70-4fc4-bf2c-d9d32ba00682-139814961631232","trial_id":13,"user_attr":{"train_loss_epoch_3":1.5975437776183048}}
{"op_code":7,"worker_id":"212ec760-cf65-4e14-863f-e4e6506cf07a-140181664038912","trial_id":14,"step":3,"intermediate_value":77.45432709686092}
{"op_code":8,"worker_id":"212ec760-cf65-4e14-863f-e4e6506cf07a-140181664038912","trial_id":14,"user_attr":{"train_loss_epoch_3":1.583088941496562}}
{"op_code":7,"worker_id":"36f40d95-d161-4d3f-8f27-e8ab18930a88-139672131743744","trial_id":12,"step":5,"intermediate_value":78.29457761790746}
{"op_code":8,"worker_id":"36f40d95-d161-4d3f-8f27-e8ab18930a88-139672131743744","trial_id":12,"user_attr":{"train_loss_epoch_5":1.5099503243518715}}
{"op_code":6,"worker_id":"36f40d95-d161-4d3f-8f27-e8ab18930a88-139672131743744","trial_id":12,"state":1,"values":[78.29457761790746],"datetime_complete":"2026-05-25T09:21:02.565207"}
{"op_code":4,"worker_id":"36f40d95-d161-4d3f-8f27-e8ab18930a88-139672131743744","study_id":0,"datetime_start":"2026-05-25T09:21:02.566725"}
{"op_code":5,"worker_id":"36f40d95-d161-4d3f-8f27-e8ab18930a88-139672131743744","trial_id":15,"param_name":"learning_rate","param_value_internal":0.0026027575750221677,"distribution":"{\"name\": \"FloatDistribution\", \"attributes\": {\"step\": null, \"low\": 0.0002, \"high\": 0.006, \"log\": true}}"}
{"op_code":5,"worker_id":"36f40d95-d161-4d3f-8f27-e8ab18930a88-139672131743744","trial_id":15,"param_name":"transfer_lr","param_value_internal":0.00011138712117288167,"distribution":"{\"name\": \"FloatDistribution\", \"attributes\": {\"step\": null, \"low\": 9e-06, \"high\": 3.0, \"log\": true}}"}
{"op_code":5,"worker_id":"36f40d95-d161-4d3f-8f27-e8ab18930a88-139672131743744","trial_id":15,"param_name":"transfer_every","param_value_internal":20.0,"distribution":"{\"name\": \"IntDistribution\", \"attributes\": {\"log\": true, \"step\": 1, \"low\": 1, \"high\": 50}}"}
{"op_code":5,"worker_id":"36f40d95-d161-4d3f-8f27-e8ab18930a88-139672131743744","trial_id":15,"param_name":"rank_exp","param_value_internal":5.0,"distribution":"{\"name\": \"IntDistribution\", \"attributes\": {\"log\": false, \"step\": 1, \"low\": 0, \"high\": 6}}"}
{"op_code":5,"worker_id":"36f40d95-d161-4d3f-8f27-e8ab18930a88-139672131743744","trial_id":15,"param_name":"fast_lr","param_value_internal":37.78568590519056,"distribution":"{\"name\": \"FloatDistribution\", \"attributes\": {\"step\": null, \"low\": 7e-06, \"high\": 40.0, \"log\": true}}"}
{"op_code":5,"worker_id":"36f40d95-d161-4d3f-8f27-e8ab18930a88-139672131743744","trial_id":15,"param_name":"tau_sec","param_value_internal":0.0,"distribution":"{\"name\": \"FloatDistribution\", \"attributes\": {\"step\": null, \"low\": 0.0, \"high\": 0.0, \"log\": false}}"}
{"op_code":5,"worker_id":"36f40d95-d161-4d3f-8f27-e8ab18930a88-139672131743744","trial_id":15,"param_name":"ab_dw_min","param_value_internal":0.00019177969712434877,"distribution":"{\"name\": \"FloatDistribution\", \"attributes\": {\"step\": null, \"low\": 5e-06, \"high\": 0.01, \"log\": true}}"}
{"op_code":5,"worker_id":"36f40d95-d161-4d3f-8f27-e8ab18930a88-139672131743744","trial_id":15,"param_name":"ab_desired_bl","param_value_internal":31.0,"distribution":"{\"name\": \"IntDistribution\", \"attributes\": {\"log\": false, \"step\": 1, \"low\": 31, \"high\": 31}}"}
{"op_code":5,"worker_id":"36f40d95-d161-4d3f-8f27-e8ab18930a88-139672131743744","trial_id":15,"param_name":"ab_multilevel","param_value_internal":5.0,"distribution":"{\"name\": \"IntDistribution\", \"attributes\": {\"log\": false, \"step\": 1, \"low\": 1, \"high\": 14}}"}
{"op_code":5,"worker_id":"36f40d95-d161-4d3f-8f27-e8ab18930a88-139672131743744","trial_id":15,"param_name":"a_reset_std","param_value_internal":1e-30,"distribution":"{\"name\": \"FloatDistribution\", \"attributes\": {\"step\": null, \"low\": 1e-30, \"high\": 1e-30, \"log\": true}}"}
{"op_code":5,"worker_id":"36f40d95-d161-4d3f-8f27-e8ab18930a88-139672131743744","trial_id":15,"param_name":"b_reset_std","param_value_internal":1e-30,"distribution":"{\"name\": \"FloatDistribution\", \"attributes\": {\"step\": null, \"low\": 1e-30, \"high\": 1e-30, \"log\": true}}"}
{"op_code":5,"worker_id":"36f40d95-d161-4d3f-8f27-e8ab18930a88-139672131743744","trial_id":15,"param_name":"c_dw_min","param_value_internal":0.01158132133427744,"distribution":"{\"name\": \"FloatDistribution\", \"attributes\": {\"step\": null, \"low\": 0.001, \"high\": 0.04, \"log\": true}}"}
{"op_code":5,"worker_id":"36f40d95-d161-4d3f-8f27-e8ab18930a88-139672131743744","trial_id":15,"param_name":"c_desired_bl","param_value_internal":31.0,"distribution":"{\"name\": \"IntDistribution\", \"attributes\": {\"log\": false, \"step\": 1, \"low\": 31, \"high\": 31}}"}
{"op_code":5,"worker_id":"36f40d95-d161-4d3f-8f27-e8ab18930a88-139672131743744","trial_id":15,"param_name":"out_noise","param_value_internal":0.0,"distribution":"{\"name\": \"FloatDistribution\", \"attributes\": {\"step\": null, \"low\": 0.0, \"high\": 0.0, \"log\": false}}"}
{"op_code":5,"worker_id":"36f40d95-d161-4d3f-8f27-e8ab18930a88-139672131743744","trial_id":15,"param_name":"ab_weight_scaling_omega","param_value_internal":0.0,"distribution":"{\"name\": \"FloatDistribution\", \"attributes\": {\"step\": null, \"low\": 0.0, \"high\": 0.0, \"log\": false}}"}
{"op_code":5,"worker_id":"36f40d95-d161-4d3f-8f27-e8ab18930a88-139672131743744","trial_id":15,"param_name":"min_lr_rate","param_value_internal":0.0,"distribution":"{\"name\": \"FloatDistribution\", \"attributes\": {\"step\": null, \"low\": 0.0, \"high\": 0.0, \"log\": false}}"}
{"op_code":5,"worker_id":"36f40d95-d161-4d3f-8f27-e8ab18930a88-139672131743744","trial_id":15,"param_name":"a_density","param_value_internal":0.06334308748140954,"distribution":"{\"name\": \"FloatDistribution\", \"attributes\": {\"step\": null, \"low\": 0.001, \"high\": 1.0, \"log\": true}}"}
{"op_code":7,"worker_id":"ae3c7af5-73bd-4dd7-8c86-585df266468c-140596878897152","trial_id":11,"step":5,"intermediate_value":78.05418109844888}
{"op_code":8,"worker_id":"ae3c7af5-73bd-4dd7-8c86-585df266468c-140596878897152","trial_id":11,"user_attr":{"train_loss_epoch_5":1.5111826622389197}}
{"op_code":6,"worker_id":"ae3c7af5-73bd-4dd7-8c86-585df266468c-140596878897152","trial_id":11,"state":1,"values":[78.05418109844888],"datetime_complete":"2026-05-25T09:21:09.859601"}
{"op_code":4,"worker_id":"ae3c7af5-73bd-4dd7-8c86-585df266468c-140596878897152","study_id":0,"datetime_start":"2026-05-25T09:21:09.861248"}
{"op_code":5,"worker_id":"ae3c7af5-73bd-4dd7-8c86-585df266468c-140596878897152","trial_id":16,"param_name":"learning_rate","param_value_internal":0.0025790587325357586,"distribution":"{\"name\": \"FloatDistribution\", \"attributes\": {\"step\": null, \"low\": 0.0002, \"high\": 0.006, \"log\": true}}"}
{"op_code":5,"worker_id":"ae3c7af5-73bd-4dd7-8c86-585df266468c-140596878897152","trial_id":16,"param_name":"transfer_lr","param_value_internal":0.021140627185068706,"distribution":"{\"name\": \"FloatDistribution\", \"attributes\": {\"step\": null, \"low\": 9e-06, \"high\": 3.0, \"log\": true}}"}
{"op_code":5,"worker_id":"ae3c7af5-73bd-4dd7-8c86-585df266468c-140596878897152","trial_id":16,"param_name":"transfer_every","param_value_internal":24.0,"distribution":"{\"name\": \"IntDistribution\", \"attributes\": {\"log\": true, \"step\": 1, \"low\": 1, \"high\": 50}}"}
{"op_code":5,"worker_id":"ae3c7af5-73bd-4dd7-8c86-585df266468c-140596878897152","trial_id":16,"param_name":"rank_exp","param_value_internal":6.0,"distribution":"{\"name\": \"IntDistribution\", \"attributes\": {\"log\": false, \"step\": 1, \"low\": 0, \"high\": 6}}"}
{"op_code":5,"worker_id":"ae3c7af5-73bd-4dd7-8c86-585df266468c-140596878897152","trial_id":16,"param_name":"fast_lr","param_value_internal":18.043469479911593,"distribution":"{\"name\": \"FloatDistribution\", \"attributes\": {\"step\": null, \"low\": 7e-06, \"high\": 40.0, \"log\": true}}"}
{"op_code":5,"worker_id":"ae3c7af5-73bd-4dd7-8c86-585df266468c-140596878897152","trial_id":16,"param_name":"tau_sec","param_value_internal":0.0,"distribution":"{\"name\": \"FloatDistribution\", \"attributes\": {\"step\": null, \"low\": 0.0, \"high\": 0.0, \"log\": false}}"}
{"op_code":5,"worker_id":"ae3c7af5-73bd-4dd7-8c86-585df266468c-140596878897152","trial_id":16,"param_name":"ab_dw_min","param_value_internal":0.00011761466145732776,"distribution":"{\"name\": \"FloatDistribution\", \"attributes\": {\"step\": null, \"low\": 5e-06, \"high\": 0.01, \"log\": true}}"}
{"op_code":5,"worker_id":"ae3c7af5-73bd-4dd7-8c86-585df266468c-140596878897152","trial_id":16,"param_name":"ab_desired_bl","param_value_internal":31.0,"distribution":"{\"name\": \"IntDistribution\", \"attributes\": {\"log\": false, \"step\": 1, \"low\": 31, \"high\": 31}}"}
{"op_code":5,"worker_id":"ae3c7af5-73bd-4dd7-8c86-585df266468c-140596878897152","trial_id":16,"param_name":"ab_multilevel","param_value_internal":10.0,"distribution":"{\"name\": \"IntDistribution\", \"attributes\": {\"log\": false, \"step\": 1, \"low\": 1, \"high\": 14}}"}
{"op_code":5,"worker_id":"ae3c7af5-73bd-4dd7-8c86-585df266468c-140596878897152","trial_id":16,"param_name":"a_reset_std","param_value_internal":1e-30,"distribution":"{\"name\": \"FloatDistribution\", \"attributes\": {\"step\": null, \"low\": 1e-30, \"high\": 1e-30, \"log\": true}}"}
{"op_code":5,"worker_id":"ae3c7af5-73bd-4dd7-8c86-585df266468c-140596878897152","trial_id":16,"param_name":"b_reset_std","param_value_internal":1e-30,"distribution":"{\"name\": \"FloatDistribution\", \"attributes\": {\"step\": null, \"low\": 1e-30, \"high\": 1e-30, \"log\": true}}"}
{"op_code":5,"worker_id":"ae3c7af5-73bd-4dd7-8c86-585df266468c-140596878897152","trial_id":16,"param_name":"c_dw_min","param_value_internal":0.008353194692481724,"distribution":"{\"name\": \"FloatDistribution\", \"attributes\": {\"step\": null, \"low\": 0.001, \"high\": 0.04, \"log\": true}}"}
{"op_code":5,"worker_id":"ae3c7af5-73bd-4dd7-8c86-585df266468c-140596878897152","trial_id":16,"param_name":"c_desired_bl","param_value_internal":31.0,"distribution":"{\"name\": \"IntDistribution\", \"attributes\": {\"log\": false, \"step\": 1, \"low\": 31, \"high\": 31}}"}
{"op_code":5,"worker_id":"ae3c7af5-73bd-4dd7-8c86-585df266468c-140596878897152","trial_id":16,"param_name":"out_noise","param_value_internal":0.0,"distribution":"{\"name\": \"FloatDistribution\", \"attributes\": {\"step\": null, \"low\": 0.0, \"high\": 0.0, \"log\": false}}"}
{"op_code":5,"worker_id":"ae3c7af5-73bd-4dd7-8c86-585df266468c-140596878897152","trial_id":16,"param_name":"ab_weight_scaling_omega","param_value_internal":0.0,"distribution":"{\"name\": \"FloatDistribution\", \"attributes\": {\"step\": null, \"low\": 0.0, \"high\": 0.0, \"log\": false}}"}
{"op_code":5,"worker_id":"ae3c7af5-73bd-4dd7-8c86-585df266468c-140596878897152","trial_id":16,"param_name":"min_lr_rate","param_value_internal":0.0,"distribution":"{\"name\": \"FloatDistribution\", \"attributes\": {\"step\": null, \"low\": 0.0, \"high\": 0.0, \"log\": false}}"}
{"op_code":5,"worker_id":"ae3c7af5-73bd-4dd7-8c86-585df266468c-140596878897152","trial_id":16,"param_name":"a_density","param_value_internal":0.015630276088879957,"distribution":"{\"name\": \"FloatDistribution\", \"attributes\": {\"step\": null, \"low\": 0.001, \"high\": 1.0, \"log\": true}}"}
{"op_code":8,"worker_id":"36f40d95-d161-4d3f-8f27-e8ab18930a88-139672131743744","trial_id":15,"user_attr":{"grad_accum_steps":1}}
{"op_code":8,"worker_id":"ae3c7af5-73bd-4dd7-8c86-585df266468c-140596878897152","trial_id":16,"user_attr":{"grad_accum_steps":1}}
{"op_code":7,"worker_id":"0b55ba5c-6d70-4fc4-bf2c-d9d32ba00682-139814961631232","trial_id":13,"step":4,"intermediate_value":77.30685920746444}
{"op_code":8,"worker_id":"0b55ba5c-6d70-4fc4-bf2c-d9d32ba00682-139814961631232","trial_id":13,"user_attr":{"train_loss_epoch_4":1.5467834161549079}}
{"op_code":7,"worker_id":"212ec760-cf65-4e14-863f-e4e6506cf07a-140181664038912","trial_id":14,"step":4,"intermediate_value":78.05664507843791}
{"op_code":8,"worker_id":"212ec760-cf65-4e14-863f-e4e6506cf07a-140181664038912","trial_id":14,"user_attr":{"train_loss_epoch_4":1.5363456600403722}}
{"op_code":7,"worker_id":"36f40d95-d161-4d3f-8f27-e8ab18930a88-139672131743744","trial_id":15,"step":1,"intermediate_value":73.79021226974709}
{"op_code":8,"worker_id":"36f40d95-d161-4d3f-8f27-e8ab18930a88-139672131743744","trial_id":15,"user_attr":{"train_loss_epoch_1":2.2335050688203433}}
{"op_code":7,"worker_id":"ae3c7af5-73bd-4dd7-8c86-585df266468c-140596878897152","trial_id":16,"step":1,"intermediate_value":74.65210834768129}
{"op_code":8,"worker_id":"ae3c7af5-73bd-4dd7-8c86-585df266468c-140596878897152","trial_id":16,"user_attr":{"train_loss_epoch_1":2.1771924324475007}}
{"op_code":7,"worker_id":"0b55ba5c-6d70-4fc4-bf2c-d9d32ba00682-139814961631232","trial_id":13,"step":5,"intermediate_value":77.6901058674922}
{"op_code":8,"worker_id":"0b55ba5c-6d70-4fc4-bf2c-d9d32ba00682-139814961631232","trial_id":13,"user_attr":{"train_loss_epoch_5":1.5124914769880817}}
{"op_code":6,"worker_id":"0b55ba5c-6d70-4fc4-bf2c-d9d32ba00682-139814961631232","trial_id":13,"state":1,"values":[77.6901058674922],"datetime_complete":"2026-05-25T09:41:56.600469"}
{"op_code":4,"worker_id":"0b55ba5c-6d70-4fc4-bf2c-d9d32ba00682-139814961631232","study_id":0,"datetime_start":"2026-05-25T09:41:56.601948"}
{"op_code":5,"worker_id":"0b55ba5c-6d70-4fc4-bf2c-d9d32ba00682-139814961631232","trial_id":17,"param_name":"learning_rate","param_value_internal":0.002734750320421233,"distribution":"{\"name\": \"FloatDistribution\", \"attributes\": {\"step\": null, \"low\": 0.0002, \"high\": 0.006, \"log\": true}}"}
{"op_code":5,"worker_id":"0b55ba5c-6d70-4fc4-bf2c-d9d32ba00682-139814961631232","trial_id":17,"param_name":"transfer_lr","param_value_internal":0.04267041837141748,"distribution":"{\"name\": \"FloatDistribution\", \"attributes\": {\"step\": null, \"low\": 9e-06, \"high\": 3.0, \"log\": true}}"}
{"op_code":5,"worker_id":"0b55ba5c-6d70-4fc4-bf2c-d9d32ba00682-139814961631232","trial_id":17,"param_name":"transfer_every","param_value_internal":25.0,"distribution":"{\"name\": \"IntDistribution\", \"attributes\": {\"log\": true, \"step\": 1, \"low\": 1, \"high\": 50}}"}
{"op_code":5,"worker_id":"0b55ba5c-6d70-4fc4-bf2c-d9d32ba00682-139814961631232","trial_id":17,"param_name":"rank_exp","param_value_internal":6.0,"distribution":"{\"name\": \"IntDistribution\", \"attributes\": {\"log\": false, \"step\": 1, \"low\": 0, \"high\": 6}}"}
{"op_code":5,"worker_id":"0b55ba5c-6d70-4fc4-bf2c-d9d32ba00682-139814961631232","trial_id":17,"param_name":"fast_lr","param_value_internal":32.130776879092934,"distribution":"{\"name\": \"FloatDistribution\", \"attributes\": {\"step\": null, \"low\": 7e-06, \"high\": 40.0, \"log\": true}}"}
{"op_code":5,"worker_id":"0b55ba5c-6d70-4fc4-bf2c-d9d32ba00682-139814961631232","trial_id":17,"param_name":"tau_sec","param_value_internal":0.0,"distribution":"{\"name\": \"FloatDistribution\", \"attributes\": {\"step\": null, \"low\": 0.0, \"high\": 0.0, \"log\": false}}"}
{"op_code":5,"worker_id":"0b55ba5c-6d70-4fc4-bf2c-d9d32ba00682-139814961631232","trial_id":17,"param_name":"ab_dw_min","param_value_internal":5.453749727064048e-05,"distribution":"{\"name\": \"FloatDistribution\", \"attributes\": {\"step\": null, \"low\": 5e-06, \"high\": 0.01, \"log\": true}}"}
{"op_code":5,"worker_id":"0b55ba5c-6d70-4fc4-bf2c-d9d32ba00682-139814961631232","trial_id":17,"param_name":"ab_desired_bl","param_value_internal":31.0,"distribution":"{\"name\": \"IntDistribution\", \"attributes\": {\"log\": false, \"step\": 1, \"low\": 31, \"high\": 31}}"}
{"op_code":5,"worker_id":"0b55ba5c-6d70-4fc4-bf2c-d9d32ba00682-139814961631232","trial_id":17,"param_name":"ab_multilevel","param_value_internal":10.0,"distribution":"{\"name\": \"IntDistribution\", \"attributes\": {\"log\": false, \"step\": 1, \"low\": 1, \"high\": 14}}"}
{"op_code":5,"worker_id":"0b55ba5c-6d70-4fc4-bf2c-d9d32ba00682-139814961631232","trial_id":17,"param_name":"a_reset_std","param_value_internal":1e-30,"distribution":"{\"name\": \"FloatDistribution\", \"attributes\": {\"step\": null, \"low\": 1e-30, \"high\": 1e-30, \"log\": true}}"}
{"op_code":5,"worker_id":"0b55ba5c-6d70-4fc4-bf2c-d9d32ba00682-139814961631232","trial_id":17,"param_name":"b_reset_std","param_value_internal":1e-30,"distribution":"{\"name\": \"FloatDistribution\", \"attributes\": {\"step\": null, \"low\": 1e-30, \"high\": 1e-30, \"log\": true}}"}
{"op_code":5,"worker_id":"0b55ba5c-6d70-4fc4-bf2c-d9d32ba00682-139814961631232","trial_id":17,"param_name":"c_dw_min","param_value_internal":0.00782447952650385,"distribution":"{\"name\": \"FloatDistribution\", \"attributes\": {\"step\": null, \"low\": 0.001, \"high\": 0.04, \"log\": true}}"}
{"op_code":5,"worker_id":"0b55ba5c-6d70-4fc4-bf2c-d9d32ba00682-139814961631232","trial_id":17,"param_name":"c_desired_bl","param_value_internal":31.0,"distribution":"{\"name\": \"IntDistribution\", \"attributes\": {\"log\": false, \"step\": 1, \"low\": 31, \"high\": 31}}"}
{"op_code":5,"worker_id":"0b55ba5c-6d70-4fc4-bf2c-d9d32ba00682-139814961631232","trial_id":17,"param_name":"out_noise","param_value_internal":0.0,"distribution":"{\"name\": \"FloatDistribution\", \"attributes\": {\"step\": null, \"low\": 0.0, \"high\": 0.0, \"log\": false}}"}
{"op_code":5,"worker_id":"0b55ba5c-6d70-4fc4-bf2c-d9d32ba00682-139814961631232","trial_id":17,"param_name":"ab_weight_scaling_omega","param_value_internal":0.0,"distribution":"{\"name\": \"FloatDistribution\", \"attributes\": {\"step\": null, \"low\": 0.0, \"high\": 0.0, \"log\": false}}"}
{"op_code":5,"worker_id":"0b55ba5c-6d70-4fc4-bf2c-d9d32ba00682-139814961631232","trial_id":17,"param_name":"min_lr_rate","param_value_internal":0.0,"distribution":"{\"name\": \"FloatDistribution\", \"attributes\": {\"step\": null, \"low\": 0.0, \"high\": 0.0, \"log\": false}}"}
{"op_code":5,"worker_id":"0b55ba5c-6d70-4fc4-bf2c-d9d32ba00682-139814961631232","trial_id":17,"param_name":"a_density","param_value_internal":0.013861754227353678,"distribution":"{\"name\": \"FloatDistribution\", \"attributes\": {\"step\": null, \"low\": 0.001, \"high\": 1.0, \"log\": true}}"}
{"op_code":8,"worker_id":"0b55ba5c-6d70-4fc4-bf2c-d9d32ba00682-139814961631232","trial_id":17,"user_attr":{"grad_accum_steps":1}}
{"op_code":7,"worker_id":"212ec760-cf65-4e14-863f-e4e6506cf07a-140181664038912","trial_id":14,"step":5,"intermediate_value":78.27010920689068}
{"op_code":8,"worker_id":"212ec760-cf65-4e14-863f-e4e6506cf07a-140181664038912","trial_id":14,"user_attr":{"train_loss_epoch_5":1.5074634517434489}}
{"op_code":6,"worker_id":"212ec760-cf65-4e14-863f-e4e6506cf07a-140181664038912","trial_id":14,"state":1,"values":[78.27010920689068],"datetime_complete":"2026-05-25T09:54:18.589991"}
{"op_code":4,"worker_id":"212ec760-cf65-4e14-863f-e4e6506cf07a-140181664038912","study_id":0,"datetime_start":"2026-05-25T09:54:18.591652"}
{"op_code":5,"worker_id":"212ec760-cf65-4e14-863f-e4e6506cf07a-140181664038912","trial_id":18,"param_name":"learning_rate","param_value_internal":0.0027885403816021418,"distribution":"{\"name\": \"FloatDistribution\", \"attributes\": {\"step\": null, \"low\": 0.0002, \"high\": 0.006, \"log\": true}}"}
{"op_code":5,"worker_id":"212ec760-cf65-4e14-863f-e4e6506cf07a-140181664038912","trial_id":18,"param_name":"transfer_lr","param_value_internal":0.10406028699485508,"distribution":"{\"name\": \"FloatDistribution\", \"attributes\": {\"step\": null, \"low\": 9e-06, \"high\": 3.0, \"log\": true}}"}
{"op_code":5,"worker_id":"212ec760-cf65-4e14-863f-e4e6506cf07a-140181664038912","trial_id":18,"param_name":"transfer_every","param_value_internal":47.0,"distribution":"{\"name\": \"IntDistribution\", \"attributes\": {\"log\": true, \"step\": 1, \"low\": 1, \"high\": 50}}"}
{"op_code":5,"worker_id":"212ec760-cf65-4e14-863f-e4e6506cf07a-140181664038912","trial_id":18,"param_name":"rank_exp","param_value_internal":6.0,"distribution":"{\"name\": \"IntDistribution\", \"attributes\": {\"log\": false, \"step\": 1, \"low\": 0, \"high\": 6}}"}
{"op_code":5,"worker_id":"212ec760-cf65-4e14-863f-e4e6506cf07a-140181664038912","trial_id":18,"param_name":"fast_lr","param_value_internal":37.78568590519056,"distribution":"{\"name\": \"FloatDistribution\", \"attributes\": {\"step\": null, \"low\": 7e-06, \"high\": 40.0, \"log\": true}}"}
{"op_code":5,"worker_id":"212ec760-cf65-4e14-863f-e4e6506cf07a-140181664038912","trial_id":18,"param_name":"tau_sec","param_value_internal":0.0,"distribution":"{\"name\": \"FloatDistribution\", \"attributes\": {\"step\": null, \"low\": 0.0, \"high\": 0.0, \"log\": false}}"}
{"op_code":5,"worker_id":"212ec760-cf65-4e14-863f-e4e6506cf07a-140181664038912","trial_id":18,"param_name":"ab_dw_min","param_value_internal":9.722494959773483e-05,"distribution":"{\"name\": \"FloatDistribution\", \"attributes\": {\"step\": null, \"low\": 5e-06, \"high\": 0.01, \"log\": true}}"}
{"op_code":5,"worker_id":"212ec760-cf65-4e14-863f-e4e6506cf07a-140181664038912","trial_id":18,"param_name":"ab_desired_bl","param_value_internal":31.0,"distribution":"{\"name\": \"IntDistribution\", \"attributes\": {\"log\": false, \"step\": 1, \"low\": 31, \"high\": 31}}"}
{"op_code":5,"worker_id":"212ec760-cf65-4e14-863f-e4e6506cf07a-140181664038912","trial_id":18,"param_name":"ab_multilevel","param_value_internal":10.0,"distribution":"{\"name\": \"IntDistribution\", \"attributes\": {\"log\": false, \"step\": 1, \"low\": 1, \"high\": 14}}"}
{"op_code":5,"worker_id":"212ec760-cf65-4e14-863f-e4e6506cf07a-140181664038912","trial_id":18,"param_name":"a_reset_std","param_value_internal":1e-30,"distribution":"{\"name\": \"FloatDistribution\", \"attributes\": {\"step\": null, \"low\": 1e-30, \"high\": 1e-30, \"log\": true}}"}
{"op_code":5,"worker_id":"212ec760-cf65-4e14-863f-e4e6506cf07a-140181664038912","trial_id":18,"param_name":"b_reset_std","param_value_internal":1e-30,"distribution":"{\"name\": \"FloatDistribution\", \"attributes\": {\"step\": null, \"low\": 1e-30, \"high\": 1e-30, \"log\": true}}"}
{"op_code":5,"worker_id":"212ec760-cf65-4e14-863f-e4e6506cf07a-140181664038912","trial_id":18,"param_name":"c_dw_min","param_value_internal":0.012042875802733636,"distribution":"{\"name\": \"FloatDistribution\", \"attributes\": {\"step\": null, \"low\": 0.001, \"high\": 0.04, \"log\": true}}"}
{"op_code":5,"worker_id":"212ec760-cf65-4e14-863f-e4e6506cf07a-140181664038912","trial_id":18,"param_name":"c_desired_bl","param_value_internal":31.0,"distribution":"{\"name\": \"IntDistribution\", \"attributes\": {\"log\": false, \"step\": 1, \"low\": 31, \"high\": 31}}"}
{"op_code":5,"worker_id":"212ec760-cf65-4e14-863f-e4e6506cf07a-140181664038912","trial_id":18,"param_name":"out_noise","param_value_internal":0.0,"distribution":"{\"name\": \"FloatDistribution\", \"attributes\": {\"step\": null, \"low\": 0.0, \"high\": 0.0, \"log\": false}}"}
{"op_code":5,"worker_id":"212ec760-cf65-4e14-863f-e4e6506cf07a-140181664038912","trial_id":18,"param_name":"ab_weight_scaling_omega","param_value_internal":0.0,"distribution":"{\"name\": \"FloatDistribution\", \"attributes\": {\"step\": null, \"low\": 0.0, \"high\": 0.0, \"log\": false}}"}
{"op_code":5,"worker_id":"212ec760-cf65-4e14-863f-e4e6506cf07a-140181664038912","trial_id":18,"param_name":"min_lr_rate","param_value_internal":0.0,"distribution":"{\"name\": \"FloatDistribution\", \"attributes\": {\"step\": null, \"low\": 0.0, \"high\": 0.0, \"log\": false}}"}
{"op_code":5,"worker_id":"212ec760-cf65-4e14-863f-e4e6506cf07a-140181664038912","trial_id":18,"param_name":"a_density","param_value_internal":0.029647464340415815,"distribution":"{\"name\": \"FloatDistribution\", \"attributes\": {\"step\": null, \"low\": 0.001, \"high\": 1.0, \"log\": true}}"}
{"op_code":8,"worker_id":"212ec760-cf65-4e14-863f-e4e6506cf07a-140181664038912","trial_id":18,"user_attr":{"grad_accum_steps":1}}
{"op_code":7,"worker_id":"36f40d95-d161-4d3f-8f27-e8ab18930a88-139672131743744","trial_id":15,"step":2,"intermediate_value":75.67277893392871}
{"op_code":8,"worker_id":"36f40d95-d161-4d3f-8f27-e8ab18930a88-139672131743744","trial_id":15,"user_attr":{"train_loss_epoch_2":1.6732243138600171}}
{"op_code":7,"worker_id":"ae3c7af5-73bd-4dd7-8c86-585df266468c-140596878897152","trial_id":16,"step":2,"intermediate_value":76.44379391473264}
{"op_code":8,"worker_id":"ae3c7af5-73bd-4dd7-8c86-585df266468c-140596878897152","trial_id":16,"user_attr":{"train_loss_epoch_2":1.648202701571188}}
{"op_code":7,"worker_id":"0b55ba5c-6d70-4fc4-bf2c-d9d32ba00682-139814961631232","trial_id":17,"step":1,"intermediate_value":74.42214390784639}
{"op_code":8,"worker_id":"0b55ba5c-6d70-4fc4-bf2c-d9d32ba00682-139814961631232","trial_id":17,"user_attr":{"train_loss_epoch_1":2.1969186965042984}}
{"op_code":7,"worker_id":"36f40d95-d161-4d3f-8f27-e8ab18930a88-139672131743744","trial_id":15,"step":3,"intermediate_value":77.38121782277898}
{"op_code":8,"worker_id":"36f40d95-d161-4d3f-8f27-e8ab18930a88-139672131743744","trial_id":15,"user_attr":{"train_loss_epoch_3":1.5942420817972198}}
{"op_code":7,"worker_id":"212ec760-cf65-4e14-863f-e4e6506cf07a-140181664038912","trial_id":18,"step":1,"intermediate_value":68.16417823750157}
{"op_code":8,"worker_id":"212ec760-cf65-4e14-863f-e4e6506cf07a-140181664038912","trial_id":18,"user_attr":{"train_loss_epoch_1":2.3534462397014546}}
{"op_code":7,"worker_id":"ae3c7af5-73bd-4dd7-8c86-585df266468c-140596878897152","trial_id":16,"step":3,"intermediate_value":76.72007224422609}
{"op_code":8,"worker_id":"ae3c7af5-73bd-4dd7-8c86-585df266468c-140596878897152","trial_id":16,"user_attr":{"train_loss_epoch_3":1.6416694905376692}}
{"op_code":7,"worker_id":"0b55ba5c-6d70-4fc4-bf2c-d9d32ba00682-139814961631232","trial_id":17,"step":2,"intermediate_value":76.06099074441605}
{"op_code":8,"worker_id":"0b55ba5c-6d70-4fc4-bf2c-d9d32ba00682-139814961631232","trial_id":17,"user_attr":{"train_loss_epoch_2":1.6605904534580262}}
{"op_code":7,"worker_id":"36f40d95-d161-4d3f-8f27-e8ab18930a88-139672131743744","trial_id":15,"step":4,"intermediate_value":77.50235810321723}
{"op_code":8,"worker_id":"36f40d95-d161-4d3f-8f27-e8ab18930a88-139672131743744","trial_id":15,"user_attr":{"train_loss_epoch_4":1.5418925798036218}}
{"op_code":7,"worker_id":"ae3c7af5-73bd-4dd7-8c86-585df266468c-140596878897152","trial_id":16,"step":4,"intermediate_value":76.72007224422609}
{"op_code":8,"worker_id":"ae3c7af5-73bd-4dd7-8c86-585df266468c-140596878897152","trial_id":16,"user_attr":{"train_loss_epoch_4":1.685901994821502}}
{"op_code":6,"worker_id":"ae3c7af5-73bd-4dd7-8c86-585df266468c-140596878897152","trial_id":16,"state":1,"values":[76.72007224422609],"datetime_complete":"2026-05-25T10:35:08.954904"}
{"op_code":4,"worker_id":"ae3c7af5-73bd-4dd7-8c86-585df266468c-140596878897152","study_id":0,"datetime_start":"2026-05-25T10:35:08.956597"}
{"op_code":5,"worker_id":"ae3c7af5-73bd-4dd7-8c86-585df266468c-140596878897152","trial_id":19,"param_name":"learning_rate","param_value_internal":0.005008292453526998,"distribution":"{\"name\": \"FloatDistribution\", \"attributes\": {\"step\": null, \"low\": 0.0002, \"high\": 0.006, \"log\": true}}"}
{"op_code":5,"worker_id":"ae3c7af5-73bd-4dd7-8c86-585df266468c-140596878897152","trial_id":19,"param_name":"transfer_lr","param_value_internal":0.13488638166721956,"distribution":"{\"name\": \"FloatDistribution\", \"attributes\": {\"step\": null, \"low\": 9e-06, \"high\": 3.0, \"log\": true}}"}
{"op_code":5,"worker_id":"ae3c7af5-73bd-4dd7-8c86-585df266468c-140596878897152","trial_id":19,"param_name":"transfer_every","param_value_internal":50.0,"distribution":"{\"name\": \"IntDistribution\", \"attributes\": {\"log\": true, \"step\": 1, \"low\": 1, \"high\": 50}}"}
{"op_code":5,"worker_id":"ae3c7af5-73bd-4dd7-8c86-585df266468c-140596878897152","trial_id":19,"param_name":"rank_exp","param_value_internal":5.0,"distribution":"{\"name\": \"IntDistribution\", \"attributes\": {\"log\": false, \"step\": 1, \"low\": 0, \"high\": 6}}"}
{"op_code":5,"worker_id":"ae3c7af5-73bd-4dd7-8c86-585df266468c-140596878897152","trial_id":19,"param_name":"fast_lr","param_value_internal":0.41111504171068813,"distribution":"{\"name\": \"FloatDistribution\", \"attributes\": {\"step\": null, \"low\": 7e-06, \"high\": 40.0, \"log\": true}}"}
{"op_code":5,"worker_id":"ae3c7af5-73bd-4dd7-8c86-585df266468c-140596878897152","trial_id":19,"param_name":"tau_sec","param_value_internal":0.0,"distribution":"{\"name\": \"FloatDistribution\", \"attributes\": {\"step\": null, \"low\": 0.0, \"high\": 0.0, \"log\": false}}"}
{"op_code":5,"worker_id":"ae3c7af5-73bd-4dd7-8c86-585df266468c-140596878897152","trial_id":19,"param_name":"ab_dw_min","param_value_internal":5e-06,"distribution":"{\"name\": \"FloatDistribution\", \"attributes\": {\"step\": null, \"low\": 5e-06, \"high\": 0.01, \"log\": true}}"}
{"op_code":5,"worker_id":"ae3c7af5-73bd-4dd7-8c86-585df266468c-140596878897152","trial_id":19,"param_name":"ab_desired_bl","param_value_internal":31.0,"distribution":"{\"name\": \"IntDistribution\", \"attributes\": {\"log\": false, \"step\": 1, \"low\": 31, \"high\": 31}}"}
{"op_code":5,"worker_id":"ae3c7af5-73bd-4dd7-8c86-585df266468c-140596878897152","trial_id":19,"param_name":"ab_multilevel","param_value_internal":6.0,"distribution":"{\"name\": \"IntDistribution\", \"attributes\": {\"log\": false, \"step\": 1, \"low\": 1, \"high\": 14}}"}
{"op_code":5,"worker_id":"ae3c7af5-73bd-4dd7-8c86-585df266468c-140596878897152","trial_id":19,"param_name":"a_reset_std","param_value_internal":1e-30,"distribution":"{\"name\": \"FloatDistribution\", \"attributes\": {\"step\": null, \"low\": 1e-30, \"high\": 1e-30, \"log\": true}}"}
{"op_code":5,"worker_id":"ae3c7af5-73bd-4dd7-8c86-585df266468c-140596878897152","trial_id":19,"param_name":"b_reset_std","param_value_internal":1e-30,"distribution":"{\"name\": \"FloatDistribution\", \"attributes\": {\"step\": null, \"low\": 1e-30, \"high\": 1e-30, \"log\": true}}"}
{"op_code":5,"worker_id":"ae3c7af5-73bd-4dd7-8c86-585df266468c-140596878897152","trial_id":19,"param_name":"c_dw_min","param_value_internal":0.010944556700501887,"distribution":"{\"name\": \"FloatDistribution\", \"attributes\": {\"step\": null, \"low\": 0.001, \"high\": 0.04, \"log\": true}}"}
{"op_code":5,"worker_id":"ae3c7af5-73bd-4dd7-8c86-585df266468c-140596878897152","trial_id":19,"param_name":"c_desired_bl","param_value_internal":31.0,"distribution":"{\"name\": \"IntDistribution\", \"attributes\": {\"log\": false, \"step\": 1, \"low\": 31, \"high\": 31}}"}
{"op_code":5,"worker_id":"ae3c7af5-73bd-4dd7-8c86-585df266468c-140596878897152","trial_id":19,"param_name":"out_noise","param_value_internal":0.0,"distribution":"{\"name\": \"FloatDistribution\", \"attributes\": {\"step\": null, \"low\": 0.0, \"high\": 0.0, \"log\": false}}"}
{"op_code":5,"worker_id":"ae3c7af5-73bd-4dd7-8c86-585df266468c-140596878897152","trial_id":19,"param_name":"ab_weight_scaling_omega","param_value_internal":0.0,"distribution":"{\"name\": \"FloatDistribution\", \"attributes\": {\"step\": null, \"low\": 0.0, \"high\": 0.0, \"log\": false}}"}
{"op_code":5,"worker_id":"ae3c7af5-73bd-4dd7-8c86-585df266468c-140596878897152","trial_id":19,"param_name":"min_lr_rate","param_value_internal":0.0,"distribution":"{\"name\": \"FloatDistribution\", \"attributes\": {\"step\": null, \"low\": 0.0, \"high\": 0.0, \"log\": false}}"}
{"op_code":5,"worker_id":"ae3c7af5-73bd-4dd7-8c86-585df266468c-140596878897152","trial_id":19,"param_name":"a_density","param_value_internal":0.5940063647138953,"distribution":"{\"name\": \"FloatDistribution\", \"attributes\": {\"step\": null, \"low\": 0.001, \"high\": 1.0, \"log\": true}}"}
{"op_code":8,"worker_id":"ae3c7af5-73bd-4dd7-8c86-585df266468c-140596878897152","trial_id":19,"user_attr":{"grad_accum_steps":1}}
{"op_code":7,"worker_id":"212ec760-cf65-4e14-863f-e4e6506cf07a-140181664038912","trial_id":18,"step":2,"intermediate_value":68.16417823750157}
{"op_code":8,"worker_id":"212ec760-cf65-4e14-863f-e4e6506cf07a-140181664038912","trial_id":18,"user_attr":{"train_loss_epoch_2":2.3853767504213947}}
{"op_code":6,"worker_id":"212ec760-cf65-4e14-863f-e4e6506cf07a-140181664038912","trial_id":18,"state":1,"values":[68.16417823750157],"datetime_complete":"2026-05-25T10:35:38.753128"}
{"op_code":4,"worker_id":"212ec760-cf65-4e14-863f-e4e6506cf07a-140181664038912","study_id":0,"datetime_start":"2026-05-25T10:35:38.754792"}
{"op_code":5,"worker_id":"212ec760-cf65-4e14-863f-e4e6506cf07a-140181664038912","trial_id":20,"param_name":"learning_rate","param_value_internal":0.0016836663723132014,"distribution":"{\"name\": \"FloatDistribution\", \"attributes\": {\"step\": null, \"low\": 0.0002, \"high\": 0.006, \"log\": true}}"}
{"op_code":5,"worker_id":"212ec760-cf65-4e14-863f-e4e6506cf07a-140181664038912","trial_id":20,"param_name":"transfer_lr","param_value_internal":0.10671572321989004,"distribution":"{\"name\": \"FloatDistribution\", \"attributes\": {\"step\": null, \"low\": 9e-06, \"high\": 3.0, \"log\": true}}"}
{"op_code":5,"worker_id":"212ec760-cf65-4e14-863f-e4e6506cf07a-140181664038912","trial_id":20,"param_name":"transfer_every","param_value_internal":30.0,"distribution":"{\"name\": \"IntDistribution\", \"attributes\": {\"log\": true, \"step\": 1, \"low\": 1, \"high\": 50}}"}
{"op_code":5,"worker_id":"212ec760-cf65-4e14-863f-e4e6506cf07a-140181664038912","trial_id":20,"param_name":"rank_exp","param_value_internal":6.0,"distribution":"{\"name\": \"IntDistribution\", \"attributes\": {\"log\": false, \"step\": 1, \"low\": 0, \"high\": 6}}"}
{"op_code":5,"worker_id":"212ec760-cf65-4e14-863f-e4e6506cf07a-140181664038912","trial_id":20,"param_name":"fast_lr","param_value_internal":3.5208865591374474,"distribution":"{\"name\": \"FloatDistribution\", \"attributes\": {\"step\": null, \"low\": 7e-06, \"high\": 40.0, \"log\": true}}"}
{"op_code":5,"worker_id":"212ec760-cf65-4e14-863f-e4e6506cf07a-140181664038912","trial_id":20,"param_name":"tau_sec","param_value_internal":0.0,"distribution":"{\"name\": \"FloatDistribution\", \"attributes\": {\"step\": null, \"low\": 0.0, \"high\": 0.0, \"log\": false}}"}
{"op_code":5,"worker_id":"212ec760-cf65-4e14-863f-e4e6506cf07a-140181664038912","trial_id":20,"param_name":"ab_dw_min","param_value_internal":0.0002131699768754156,"distribution":"{\"name\": \"FloatDistribution\", \"attributes\": {\"step\": null, \"low\": 5e-06, \"high\": 0.01, \"log\": true}}"}
{"op_code":5,"worker_id":"212ec760-cf65-4e14-863f-e4e6506cf07a-140181664038912","trial_id":20,"param_name":"ab_desired_bl","param_value_internal":31.0,"distribution":"{\"name\": \"IntDistribution\", \"attributes\": {\"log\": false, \"step\": 1, \"low\": 31, \"high\": 31}}"}
{"op_code":5,"worker_id":"212ec760-cf65-4e14-863f-e4e6506cf07a-140181664038912","trial_id":20,"param_name":"ab_multilevel","param_value_internal":6.0,"distribution":"{\"name\": \"IntDistribution\", \"attributes\": {\"log\": false, \"step\": 1, \"low\": 1, \"high\": 14}}"}
{"op_code":5,"worker_id":"212ec760-cf65-4e14-863f-e4e6506cf07a-140181664038912","trial_id":20,"param_name":"a_reset_std","param_value_internal":1e-30,"distribution":"{\"name\": \"FloatDistribution\", \"attributes\": {\"step\": null, \"low\": 1e-30, \"high\": 1e-30, \"log\": true}}"}
{"op_code":5,"worker_id":"212ec760-cf65-4e14-863f-e4e6506cf07a-140181664038912","trial_id":20,"param_name":"b_reset_std","param_value_internal":1e-30,"distribution":"{\"name\": \"FloatDistribution\", \"attributes\": {\"step\": null, \"low\": 1e-30, \"high\": 1e-30, \"log\": true}}"}
{"op_code":5,"worker_id":"212ec760-cf65-4e14-863f-e4e6506cf07a-140181664038912","trial_id":20,"param_name":"c_dw_min","param_value_internal":0.0065060442187135645,"distribution":"{\"name\": \"FloatDistribution\", \"attributes\": {\"step\": null, \"low\": 0.001, \"high\": 0.04, \"log\": true}}"}
{"op_code":5,"worker_id":"212ec760-cf65-4e14-863f-e4e6506cf07a-140181664038912","trial_id":20,"param_name":"c_desired_bl","param_value_internal":31.0,"distribution":"{\"name\": \"IntDistribution\", \"attributes\": {\"log\": false, \"step\": 1, \"low\": 31, \"high\": 31}}"}
{"op_code":5,"worker_id":"212ec760-cf65-4e14-863f-e4e6506cf07a-140181664038912","trial_id":20,"param_name":"out_noise","param_value_internal":0.0,"distribution":"{\"name\": \"FloatDistribution\", \"attributes\": {\"step\": null, \"low\": 0.0, \"high\": 0.0, \"log\": false}}"}
{"op_code":5,"worker_id":"212ec760-cf65-4e14-863f-e4e6506cf07a-140181664038912","trial_id":20,"param_name":"ab_weight_scaling_omega","param_value_internal":0.0,"distribution":"{\"name\": \"FloatDistribution\", \"attributes\": {\"step\": null, \"low\": 0.0, \"high\": 0.0, \"log\": false}}"}
{"op_code":5,"worker_id":"212ec760-cf65-4e14-863f-e4e6506cf07a-140181664038912","trial_id":20,"param_name":"min_lr_rate","param_value_internal":0.0,"distribution":"{\"name\": \"FloatDistribution\", \"attributes\": {\"step\": null, \"low\": 0.0, \"high\": 0.0, \"log\": false}}"}
{"op_code":5,"worker_id":"212ec760-cf65-4e14-863f-e4e6506cf07a-140181664038912","trial_id":20,"param_name":"a_density","param_value_internal":0.07378836075897234,"distribution":"{\"name\": \"FloatDistribution\", \"attributes\": {\"step\": null, \"low\": 0.001, \"high\": 1.0, \"log\": true}}"}
{"op_code":8,"worker_id":"212ec760-cf65-4e14-863f-e4e6506cf07a-140181664038912","trial_id":20,"user_attr":{"grad_accum_steps":1}}
{"op_code":7,"worker_id":"0b55ba5c-6d70-4fc4-bf2c-d9d32ba00682-139814961631232","trial_id":17,"step":3,"intermediate_value":76.62983419968278}
{"op_code":8,"worker_id":"0b55ba5c-6d70-4fc4-bf2c-d9d32ba00682-139814961631232","trial_id":17,"user_attr":{"train_loss_epoch_3":1.6230103222658319}}
{"op_code":7,"worker_id":"36f40d95-d161-4d3f-8f27-e8ab18930a88-139672131743744","trial_id":15,"step":5,"intermediate_value":78.21750046293816}
{"op_code":8,"worker_id":"36f40d95-d161-4d3f-8f27-e8ab18930a88-139672131743744","trial_id":15,"user_attr":{"train_loss_epoch_5":1.5111298024492859}}
{"op_code":6,"worker_id":"36f40d95-d161-4d3f-8f27-e8ab18930a88-139672131743744","trial_id":15,"state":1,"values":[78.21750046293816],"datetime_complete":"2026-05-25T10:47:30.126742"}
{"op_code":4,"worker_id":"36f40d95-d161-4d3f-8f27-e8ab18930a88-139672131743744","study_id":0,"datetime_start":"2026-05-25T10:47:30.128508"}
{"op_code":5,"worker_id":"36f40d95-d161-4d3f-8f27-e8ab18930a88-139672131743744","trial_id":21,"param_name":"learning_rate","param_value_internal":0.0019805582655345383,"distribution":"{\"name\": \"FloatDistribution\", \"attributes\": {\"step\": null, \"low\": 0.0002, \"high\": 0.006, \"log\": true}}"}
{"op_code":5,"worker_id":"36f40d95-d161-4d3f-8f27-e8ab18930a88-139672131743744","trial_id":21,"param_name":"transfer_lr","param_value_internal":0.05666030642886849,"distribution":"{\"name\": \"FloatDistribution\", \"attributes\": {\"step\": null, \"low\": 9e-06, \"high\": 3.0, \"log\": true}}"}
{"op_code":5,"worker_id":"36f40d95-d161-4d3f-8f27-e8ab18930a88-139672131743744","trial_id":21,"param_name":"transfer_every","param_value_internal":25.0,"distribution":"{\"name\": \"IntDistribution\", \"attributes\": {\"log\": true, \"step\": 1, \"low\": 1, \"high\": 50}}"}
{"op_code":5,"worker_id":"36f40d95-d161-4d3f-8f27-e8ab18930a88-139672131743744","trial_id":21,"param_name":"rank_exp","param_value_internal":5.0,"distribution":"{\"name\": \"IntDistribution\", \"attributes\": {\"log\": false, \"step\": 1, \"low\": 0, \"high\": 6}}"}
{"op_code":5,"worker_id":"36f40d95-d161-4d3f-8f27-e8ab18930a88-139672131743744","trial_id":21,"param_name":"fast_lr","param_value_internal":1.0536097030999563,"distribution":"{\"name\": \"FloatDistribution\", \"attributes\": {\"step\": null, \"low\": 7e-06, \"high\": 40.0, \"log\": true}}"}
{"op_code":5,"worker_id":"36f40d95-d161-4d3f-8f27-e8ab18930a88-139672131743744","trial_id":21,"param_name":"tau_sec","param_value_internal":0.0,"distribution":"{\"name\": \"FloatDistribution\", \"attributes\": {\"step\": null, \"low\": 0.0, \"high\": 0.0, \"log\": false}}"}
{"op_code":5,"worker_id":"36f40d95-d161-4d3f-8f27-e8ab18930a88-139672131743744","trial_id":21,"param_name":"ab_dw_min","param_value_internal":0.00011180515856428284,"distribution":"{\"name\": \"FloatDistribution\", \"attributes\": {\"step\": null, \"low\": 5e-06, \"high\": 0.01, \"log\": true}}"}
{"op_code":5,"worker_id":"36f40d95-d161-4d3f-8f27-e8ab18930a88-139672131743744","trial_id":21,"param_name":"ab_desired_bl","param_value_internal":31.0,"distribution":"{\"name\": \"IntDistribution\", \"attributes\": {\"log\": false, \"step\": 1, \"low\": 31, \"high\": 31}}"}
{"op_code":5,"worker_id":"36f40d95-d161-4d3f-8f27-e8ab18930a88-139672131743744","trial_id":21,"param_name":"ab_multilevel","param_value_internal":8.0,"distribution":"{\"name\": \"IntDistribution\", \"attributes\": {\"log\": false, \"step\": 1, \"low\": 1, \"high\": 14}}"}
{"op_code":5,"worker_id":"36f40d95-d161-4d3f-8f27-e8ab18930a88-139672131743744","trial_id":21,"param_name":"a_reset_std","param_value_internal":1e-30,"distribution":"{\"name\": \"FloatDistribution\", \"attributes\": {\"step\": null, \"low\": 1e-30, \"high\": 1e-30, \"log\": true}}"}
{"op_code":5,"worker_id":"36f40d95-d161-4d3f-8f27-e8ab18930a88-139672131743744","trial_id":21,"param_name":"b_reset_std","param_value_internal":1e-30,"distribution":"{\"name\": \"FloatDistribution\", \"attributes\": {\"step\": null, \"low\": 1e-30, \"high\": 1e-30, \"log\": true}}"}
{"op_code":5,"worker_id":"36f40d95-d161-4d3f-8f27-e8ab18930a88-139672131743744","trial_id":21,"param_name":"c_dw_min","param_value_internal":0.005914394916002526,"distribution":"{\"name\": \"FloatDistribution\", \"attributes\": {\"step\": null, \"low\": 0.001, \"high\": 0.04, \"log\": true}}"}
{"op_code":5,"worker_id":"36f40d95-d161-4d3f-8f27-e8ab18930a88-139672131743744","trial_id":21,"param_name":"c_desired_bl","param_value_internal":31.0,"distribution":"{\"name\": \"IntDistribution\", \"attributes\": {\"log\": false, \"step\": 1, \"low\": 31, \"high\": 31}}"}
{"op_code":5,"worker_id":"36f40d95-d161-4d3f-8f27-e8ab18930a88-139672131743744","trial_id":21,"param_name":"out_noise","param_value_internal":0.0,"distribution":"{\"name\": \"FloatDistribution\", \"attributes\": {\"step\": null, \"low\": 0.0, \"high\": 0.0, \"log\": false}}"}
{"op_code":5,"worker_id":"36f40d95-d161-4d3f-8f27-e8ab18930a88-139672131743744","trial_id":21,"param_name":"ab_weight_scaling_omega","param_value_internal":0.0,"distribution":"{\"name\": \"FloatDistribution\", \"attributes\": {\"step\": null, \"low\": 0.0, \"high\": 0.0, \"log\": false}}"}
{"op_code":5,"worker_id":"36f40d95-d161-4d3f-8f27-e8ab18930a88-139672131743744","trial_id":21,"param_name":"min_lr_rate","param_value_internal":0.0,"distribution":"{\"name\": \"FloatDistribution\", \"attributes\": {\"step\": null, \"low\": 0.0, \"high\": 0.0, \"log\": false}}"}
{"op_code":5,"worker_id":"36f40d95-d161-4d3f-8f27-e8ab18930a88-139672131743744","trial_id":21,"param_name":"a_density","param_value_internal":0.07039110794757718,"distribution":"{\"name\": \"FloatDistribution\", \"attributes\": {\"step\": null, \"low\": 0.001, \"high\": 1.0, \"log\": true}}"}
{"op_code":8,"worker_id":"36f40d95-d161-4d3f-8f27-e8ab18930a88-139672131743744","trial_id":21,"user_attr":{"grad_accum_steps":1}}
{"op_code":7,"worker_id":"ae3c7af5-73bd-4dd7-8c86-585df266468c-140596878897152","trial_id":19,"step":1,"intermediate_value":73.88247795319587}
{"op_code":8,"worker_id":"ae3c7af5-73bd-4dd7-8c86-585df266468c-140596878897152","trial_id":19,"user_attr":{"train_loss_epoch_1":2.1552160631350383}}
{"op_code":7,"worker_id":"212ec760-cf65-4e14-863f-e4e6506cf07a-140181664038912","trial_id":20,"step":1,"intermediate_value":72.87858008628453}
{"op_code":8,"worker_id":"212ec760-cf65-4e14-863f-e4e6506cf07a-140181664038912","trial_id":20,"user_attr":{"train_loss_epoch_1":2.3396814555656618}}
{"op_code":7,"worker_id":"0b55ba5c-6d70-4fc4-bf2c-d9d32ba00682-139814961631232","trial_id":17,"step":4,"intermediate_value":77.13359357415945}
{"op_code":8,"worker_id":"0b55ba5c-6d70-4fc4-bf2c-d9d32ba00682-139814961631232","trial_id":17,"user_attr":{"train_loss_epoch_4":1.6334034057167488}}
{"op_code":6,"worker_id":"0b55ba5c-6d70-4fc4-bf2c-d9d32ba00682-139814961631232","trial_id":17,"state":1,"values":[77.13359357415945],"datetime_complete":"2026-05-25T10:58:21.120686"}
{"op_code":4,"worker_id":"0b55ba5c-6d70-4fc4-bf2c-d9d32ba00682-139814961631232","study_id":0,"datetime_start":"2026-05-25T10:58:21.122241"}
{"op_code":5,"worker_id":"0b55ba5c-6d70-4fc4-bf2c-d9d32ba00682-139814961631232","trial_id":22,"param_name":"learning_rate","param_value_internal":0.0022766055183198156,"distribution":"{\"name\": \"FloatDistribution\", \"attributes\": {\"step\": null, \"low\": 0.0002, \"high\": 0.006, \"log\": true}}"}
{"op_code":5,"worker_id":"0b55ba5c-6d70-4fc4-bf2c-d9d32ba00682-139814961631232","trial_id":22,"param_name":"transfer_lr","param_value_internal":0.012469038721803539,"distribution":"{\"name\": \"FloatDistribution\", \"attributes\": {\"step\": null, \"low\": 9e-06, \"high\": 3.0, \"log\": true}}"}
{"op_code":5,"worker_id":"0b55ba5c-6d70-4fc4-bf2c-d9d32ba00682-139814961631232","trial_id":22,"param_name":"transfer_every","param_value_internal":29.0,"distribution":"{\"name\": \"IntDistribution\", \"attributes\": {\"log\": true, \"step\": 1, \"low\": 1, \"high\": 50}}"}
{"op_code":5,"worker_id":"0b55ba5c-6d70-4fc4-bf2c-d9d32ba00682-139814961631232","trial_id":22,"param_name":"rank_exp","param_value_internal":5.0,"distribution":"{\"name\": \"IntDistribution\", \"attributes\": {\"log\": false, \"step\": 1, \"low\": 0, \"high\": 6}}"}
{"op_code":5,"worker_id":"0b55ba5c-6d70-4fc4-bf2c-d9d32ba00682-139814961631232","trial_id":22,"param_name":"fast_lr","param_value_internal":0.037006056049954425,"distribution":"{\"name\": \"FloatDistribution\", \"attributes\": {\"step\": null, \"low\": 7e-06, \"high\": 40.0, \"log\": true}}"}
{"op_code":5,"worker_id":"0b55ba5c-6d70-4fc4-bf2c-d9d32ba00682-139814961631232","trial_id":22,"param_name":"tau_sec","param_value_internal":0.0,"distribution":"{\"name\": \"FloatDistribution\", \"attributes\": {\"step\": null, \"low\": 0.0, \"high\": 0.0, \"log\": false}}"}
{"op_code":5,"worker_id":"0b55ba5c-6d70-4fc4-bf2c-d9d32ba00682-139814961631232","trial_id":22,"param_name":"ab_dw_min","param_value_internal":7.392821387575537e-06,"distribution":"{\"name\": \"FloatDistribution\", \"attributes\": {\"step\": null, \"low\": 5e-06, \"high\": 0.01, \"log\": true}}"}
{"op_code":5,"worker_id":"0b55ba5c-6d70-4fc4-bf2c-d9d32ba00682-139814961631232","trial_id":22,"param_name":"ab_desired_bl","param_value_internal":31.0,"distribution":"{\"name\": \"IntDistribution\", \"attributes\": {\"log\": false, \"step\": 1, \"low\": 31, \"high\": 31}}"}
{"op_code":5,"worker_id":"0b55ba5c-6d70-4fc4-bf2c-d9d32ba00682-139814961631232","trial_id":22,"param_name":"ab_multilevel","param_value_internal":8.0,"distribution":"{\"name\": \"IntDistribution\", \"attributes\": {\"log\": false, \"step\": 1, \"low\": 1, \"high\": 14}}"}
{"op_code":5,"worker_id":"0b55ba5c-6d70-4fc4-bf2c-d9d32ba00682-139814961631232","trial_id":22,"param_name":"a_reset_std","param_value_internal":1e-30,"distribution":"{\"name\": \"FloatDistribution\", \"attributes\": {\"step\": null, \"low\": 1e-30, \"high\": 1e-30, \"log\": true}}"}
{"op_code":5,"worker_id":"0b55ba5c-6d70-4fc4-bf2c-d9d32ba00682-139814961631232","trial_id":22,"param_name":"b_reset_std","param_value_internal":1e-30,"distribution":"{\"name\": \"FloatDistribution\", \"attributes\": {\"step\": null, \"low\": 1e-30, \"high\": 1e-30, \"log\": true}}"}
{"op_code":5,"worker_id":"0b55ba5c-6d70-4fc4-bf2c-d9d32ba00682-139814961631232","trial_id":22,"param_name":"c_dw_min","param_value_internal":0.0037723529446911453,"distribution":"{\"name\": \"FloatDistribution\", \"attributes\": {\"step\": null, \"low\": 0.001, \"high\": 0.04, \"log\": true}}"}
{"op_code":5,"worker_id":"0b55ba5c-6d70-4fc4-bf2c-d9d32ba00682-139814961631232","trial_id":22,"param_name":"c_desired_bl","param_value_internal":31.0,"distribution":"{\"name\": \"IntDistribution\", \"attributes\": {\"log\": false, \"step\": 1, \"low\": 31, \"high\": 31}}"}
{"op_code":5,"worker_id":"0b55ba5c-6d70-4fc4-bf2c-d9d32ba00682-139814961631232","trial_id":22,"param_name":"out_noise","param_value_internal":0.0,"distribution":"{\"name\": \"FloatDistribution\", \"attributes\": {\"step\": null, \"low\": 0.0, \"high\": 0.0, \"log\": false}}"}
{"op_code":5,"worker_id":"0b55ba5c-6d70-4fc4-bf2c-d9d32ba00682-139814961631232","trial_id":22,"param_name":"ab_weight_scaling_omega","param_value_internal":0.0,"distribution":"{\"name\": \"FloatDistribution\", \"attributes\": {\"step\": null, \"low\": 0.0, \"high\": 0.0, \"log\": false}}"}
{"op_code":5,"worker_id":"0b55ba5c-6d70-4fc4-bf2c-d9d32ba00682-139814961631232","trial_id":22,"param_name":"min_lr_rate","param_value_internal":0.0,"distribution":"{\"name\": \"FloatDistribution\", \"attributes\": {\"step\": null, \"low\": 0.0, \"high\": 0.0, \"log\": false}}"}
{"op_code":5,"worker_id":"0b55ba5c-6d70-4fc4-bf2c-d9d32ba00682-139814961631232","trial_id":22,"param_name":"a_density","param_value_internal":0.11237438887255044,"distribution":"{\"name\": \"FloatDistribution\", \"attributes\": {\"step\": null, \"low\": 0.001, \"high\": 1.0, \"log\": true}}"}
{"op_code":8,"worker_id":"0b55ba5c-6d70-4fc4-bf2c-d9d32ba00682-139814961631232","trial_id":22,"user_attr":{"grad_accum_steps":1}}
{"op_code":7,"worker_id":"36f40d95-d161-4d3f-8f27-e8ab18930a88-139672131743744","trial_id":21,"step":1,"intermediate_value":74.06478205691128}
{"op_code":8,"worker_id":"36f40d95-d161-4d3f-8f27-e8ab18930a88-139672131743744","trial_id":21,"user_attr":{"train_loss_epoch_1":2.2751297963020924}}
{"op_code":7,"worker_id":"ae3c7af5-73bd-4dd7-8c86-585df266468c-140596878897152","trial_id":19,"step":2,"intermediate_value":75.38909906368555}
{"op_code":8,"worker_id":"ae3c7af5-73bd-4dd7-8c86-585df266468c-140596878897152","trial_id":19,"user_attr":{"train_loss_epoch_2":1.6920375972259336}}
{"op_code":7,"worker_id":"212ec760-cf65-4e14-863f-e4e6506cf07a-140181664038912","trial_id":20,"step":2,"intermediate_value":76.11591447003833}
{"op_code":8,"worker_id":"212ec760-cf65-4e14-863f-e4e6506cf07a-140181664038912","trial_id":20,"user_attr":{"train_loss_epoch_2":1.6834162256258935}}
{"op_code":7,"worker_id":"0b55ba5c-6d70-4fc4-bf2c-d9d32ba00682-139814961631232","trial_id":22,"step":1,"intermediate_value":73.2524696467773}
{"op_code":8,"worker_id":"0b55ba5c-6d70-4fc4-bf2c-d9d32ba00682-139814961631232","trial_id":22,"user_attr":{"train_loss_epoch_1":2.262891511219304}}
{"op_code":7,"worker_id":"36f40d95-d161-4d3f-8f27-e8ab18930a88-139672131743744","trial_id":21,"step":2,"intermediate_value":75.77973383406933}
{"op_code":8,"worker_id":"36f40d95-d161-4d3f-8f27-e8ab18930a88-139672131743744","trial_id":21,"user_attr":{"train_loss_epoch_2":1.6647115736795959}}
{"op_code":7,"worker_id":"ae3c7af5-73bd-4dd7-8c86-585df266468c-140596878897152","trial_id":19,"step":3,"intermediate_value":77.1663751941875}
{"op_code":8,"worker_id":"ae3c7af5-73bd-4dd7-8c86-585df266468c-140596878897152","trial_id":19,"user_attr":{"train_loss_epoch_3":1.6215960332048618}}
{"op_code":7,"worker_id":"212ec760-cf65-4e14-863f-e4e6506cf07a-140181664038912","trial_id":20,"step":3,"intermediate_value":76.88258640712506}
{"op_code":8,"worker_id":"212ec760-cf65-4e14-863f-e4e6506cf07a-140181664038912","trial_id":20,"user_attr":{"train_loss_epoch_3":1.5980138211392452}}
{"op_code":7,"worker_id":"0b55ba5c-6d70-4fc4-bf2c-d9d32ba00682-139814961631232","trial_id":22,"step":2,"intermediate_value":76.31120875834716}
{"op_code":8,"worker_id":"0b55ba5c-6d70-4fc4-bf2c-d9d32ba00682-139814961631232","trial_id":22,"user_attr":{"train_loss_epoch_2":1.6716316259327297}}
{"op_code":7,"worker_id":"36f40d95-d161-4d3f-8f27-e8ab18930a88-139672131743744","trial_id":21,"step":3,"intermediate_value":76.8522210297443}
{"op_code":8,"worker_id":"36f40d95-d161-4d3f-8f27-e8ab18930a88-139672131743744","trial_id":21,"user_attr":{"train_loss_epoch_3":1.5872261136851014}}
{"op_code":7,"worker_id":"ae3c7af5-73bd-4dd7-8c86-585df266468c-140596878897152","trial_id":19,"step":4,"intermediate_value":77.73050678371183}
{"op_code":8,"worker_id":"ae3c7af5-73bd-4dd7-8c86-585df266468c-140596878897152","trial_id":19,"user_attr":{"train_loss_epoch_4":1.5735074602491488}}
{"op_code":7,"worker_id":"212ec760-cf65-4e14-863f-e4e6506cf07a-140181664038912","trial_id":20,"step":4,"intermediate_value":77.60993260238575}
{"op_code":8,"worker_id":"212ec760-cf65-4e14-863f-e4e6506cf07a-140181664038912","trial_id":20,"user_attr":{"train_loss_epoch_4":1.5518770704747538}}
{"op_code":7,"worker_id":"0b55ba5c-6d70-4fc4-bf2c-d9d32ba00682-139814961631232","trial_id":22,"step":3,"intermediate_value":77.39624590892872}
{"op_code":8,"worker_id":"0b55ba5c-6d70-4fc4-bf2c-d9d32ba00682-139814961631232","trial_id":22,"user_attr":{"train_loss_epoch_3":1.5940755624112075}}
{"op_code":7,"worker_id":"36f40d95-d161-4d3f-8f27-e8ab18930a88-139672131743744","trial_id":21,"step":4,"intermediate_value":77.8633082370908}
{"op_code":8,"worker_id":"36f40d95-d161-4d3f-8f27-e8ab18930a88-139672131743744","trial_id":21,"user_attr":{"train_loss_epoch_4":1.546741040741525}}
{"op_code":7,"worker_id":"ae3c7af5-73bd-4dd7-8c86-585df266468c-140596878897152","trial_id":19,"step":5,"intermediate_value":78.27717286844599}
{"op_code":8,"worker_id":"ae3c7af5-73bd-4dd7-8c86-585df266468c-140596878897152","trial_id":19,"user_attr":{"train_loss_epoch_5":1.5271219558186002}}
{"op_code":6,"worker_id":"ae3c7af5-73bd-4dd7-8c86-585df266468c-140596878897152","trial_id":19,"state":1,"values":[78.27717286844599],"datetime_complete":"2026-05-25T11:57:23.432418"}
{"op_code":4,"worker_id":"ae3c7af5-73bd-4dd7-8c86-585df266468c-140596878897152","study_id":0,"datetime_start":"2026-05-25T11:57:23.433944"}
{"op_code":5,"worker_id":"ae3c7af5-73bd-4dd7-8c86-585df266468c-140596878897152","trial_id":23,"param_name":"learning_rate","param_value_internal":0.0033047532724278105,"distribution":"{\"name\": \"FloatDistribution\", \"attributes\": {\"step\": null, \"low\": 0.0002, \"high\": 0.006, \"log\": true}}"}
{"op_code":5,"worker_id":"ae3c7af5-73bd-4dd7-8c86-585df266468c-140596878897152","trial_id":23,"param_name":"transfer_lr","param_value_internal":0.25383308967990703,"distribution":"{\"name\": \"FloatDistribution\", \"attributes\": {\"step\": null, \"low\": 9e-06, \"high\": 3.0, \"log\": true}}"}
{"op_code":5,"worker_id":"ae3c7af5-73bd-4dd7-8c86-585df266468c-140596878897152","trial_id":23,"param_name":"transfer_every","param_value_internal":28.0,"distribution":"{\"name\": \"IntDistribution\", \"attributes\": {\"log\": true, \"step\": 1, \"low\": 1, \"high\": 50}}"}
{"op_code":5,"worker_id":"ae3c7af5-73bd-4dd7-8c86-585df266468c-140596878897152","trial_id":23,"param_name":"rank_exp","param_value_internal":6.0,"distribution":"{\"name\": \"IntDistribution\", \"attributes\": {\"log\": false, \"step\": 1, \"low\": 0, \"high\": 6}}"}
{"op_code":5,"worker_id":"ae3c7af5-73bd-4dd7-8c86-585df266468c-140596878897152","trial_id":23,"param_name":"fast_lr","param_value_internal":0.3292250440930041,"distribution":"{\"name\": \"FloatDistribution\", \"attributes\": {\"step\": null, \"low\": 7e-06, \"high\": 40.0, \"log\": true}}"}
{"op_code":5,"worker_id":"ae3c7af5-73bd-4dd7-8c86-585df266468c-140596878897152","trial_id":23,"param_name":"tau_sec","param_value_internal":0.0,"distribution":"{\"name\": \"FloatDistribution\", \"attributes\": {\"step\": null, \"low\": 0.0, \"high\": 0.0, \"log\": false}}"}
{"op_code":5,"worker_id":"ae3c7af5-73bd-4dd7-8c86-585df266468c-140596878897152","trial_id":23,"param_name":"ab_dw_min","param_value_internal":5e-06,"distribution":"{\"name\": \"FloatDistribution\", \"attributes\": {\"step\": null, \"low\": 5e-06, \"high\": 0.01, \"log\": true}}"}
{"op_code":5,"worker_id":"ae3c7af5-73bd-4dd7-8c86-585df266468c-140596878897152","trial_id":23,"param_name":"ab_desired_bl","param_value_internal":31.0,"distribution":"{\"name\": \"IntDistribution\", \"attributes\": {\"log\": false, \"step\": 1, \"low\": 31, \"high\": 31}}"}
{"op_code":5,"worker_id":"ae3c7af5-73bd-4dd7-8c86-585df266468c-140596878897152","trial_id":23,"param_name":"ab_multilevel","param_value_internal":8.0,"distribution":"{\"name\": \"IntDistribution\", \"attributes\": {\"log\": false, \"step\": 1, \"low\": 1, \"high\": 14}}"}
{"op_code":5,"worker_id":"ae3c7af5-73bd-4dd7-8c86-585df266468c-140596878897152","trial_id":23,"param_name":"a_reset_std","param_value_internal":1e-30,"distribution":"{\"name\": \"FloatDistribution\", \"attributes\": {\"step\": null, \"low\": 1e-30, \"high\": 1e-30, \"log\": true}}"}
{"op_code":5,"worker_id":"ae3c7af5-73bd-4dd7-8c86-585df266468c-140596878897152","trial_id":23,"param_name":"b_reset_std","param_value_internal":1e-30,"distribution":"{\"name\": \"FloatDistribution\", \"attributes\": {\"step\": null, \"low\": 1e-30, \"high\": 1e-30, \"log\": true}}"}
{"op_code":5,"worker_id":"ae3c7af5-73bd-4dd7-8c86-585df266468c-140596878897152","trial_id":23,"param_name":"c_dw_min","param_value_internal":0.0028928375196544407,"distribution":"{\"name\": \"FloatDistribution\", \"attributes\": {\"step\": null, \"low\": 0.001, \"high\": 0.04, \"log\": true}}"}
{"op_code":5,"worker_id":"ae3c7af5-73bd-4dd7-8c86-585df266468c-140596878897152","trial_id":23,"param_name":"c_desired_bl","param_value_internal":31.0,"distribution":"{\"name\": \"IntDistribution\", \"attributes\": {\"log\": false, \"step\": 1, \"low\": 31, \"high\": 31}}"}
{"op_code":5,"worker_id":"ae3c7af5-73bd-4dd7-8c86-585df266468c-140596878897152","trial_id":23,"param_name":"out_noise","param_value_internal":0.0,"distribution":"{\"name\": \"FloatDistribution\", \"attributes\": {\"step\": null, \"low\": 0.0, \"high\": 0.0, \"log\": false}}"}
{"op_code":5,"worker_id":"ae3c7af5-73bd-4dd7-8c86-585df266468c-140596878897152","trial_id":23,"param_name":"ab_weight_scaling_omega","param_value_internal":0.0,"distribution":"{\"name\": \"FloatDistribution\", \"attributes\": {\"step\": null, \"low\": 0.0, \"high\": 0.0, \"log\": false}}"}
{"op_code":5,"worker_id":"ae3c7af5-73bd-4dd7-8c86-585df266468c-140596878897152","trial_id":23,"param_name":"min_lr_rate","param_value_internal":0.0,"distribution":"{\"name\": \"FloatDistribution\", \"attributes\": {\"step\": null, \"low\": 0.0, \"high\": 0.0, \"log\": false}}"}
{"op_code":5,"worker_id":"ae3c7af5-73bd-4dd7-8c86-585df266468c-140596878897152","trial_id":23,"param_name":"a_density","param_value_internal":0.10296938479028413,"distribution":"{\"name\": \"FloatDistribution\", \"attributes\": {\"step\": null, \"low\": 0.001, \"high\": 1.0, \"log\": true}}"}
{"op_code":8,"worker_id":"ae3c7af5-73bd-4dd7-8c86-585df266468c-140596878897152","trial_id":23,"user_attr":{"grad_accum_steps":1}}
{"op_code":7,"worker_id":"212ec760-cf65-4e14-863f-e4e6506cf07a-140181664038912","trial_id":20,"step":5,"intermediate_value":77.90646391970093}
{"op_code":8,"worker_id":"212ec760-cf65-4e14-863f-e4e6506cf07a-140181664038912","trial_id":20,"user_attr":{"train_loss_epoch_5":1.5181285986409279}}
{"op_code":6,"worker_id":"212ec760-cf65-4e14-863f-e4e6506cf07a-140181664038912","trial_id":20,"state":1,"values":[77.90646391970093],"datetime_complete":"2026-05-25T12:00:36.004885"}
{"op_code":4,"worker_id":"212ec760-cf65-4e14-863f-e4e6506cf07a-140181664038912","study_id":0,"datetime_start":"2026-05-25T12:00:36.006498"}
{"op_code":5,"worker_id":"212ec760-cf65-4e14-863f-e4e6506cf07a-140181664038912","trial_id":24,"param_name":"learning_rate","param_value_internal":0.003075503512746077,"distribution":"{\"name\": \"FloatDistribution\", \"attributes\": {\"step\": null, \"low\": 0.0002, \"high\": 0.006, \"log\": true}}"}
{"op_code":5,"worker_id":"212ec760-cf65-4e14-863f-e4e6506cf07a-140181664038912","trial_id":24,"param_name":"transfer_lr","param_value_internal":3.0,"distribution":"{\"name\": \"FloatDistribution\", \"attributes\": {\"step\": null, \"low\": 9e-06, \"high\": 3.0, \"log\": true}}"}
{"op_code":5,"worker_id":"212ec760-cf65-4e14-863f-e4e6506cf07a-140181664038912","trial_id":24,"param_name":"transfer_every","param_value_internal":29.0,"distribution":"{\"name\": \"IntDistribution\", \"attributes\": {\"log\": true, \"step\": 1, \"low\": 1, \"high\": 50}}"}
{"op_code":5,"worker_id":"212ec760-cf65-4e14-863f-e4e6506cf07a-140181664038912","trial_id":24,"param_name":"rank_exp","param_value_internal":1.0,"distribution":"{\"name\": \"IntDistribution\", \"attributes\": {\"log\": false, \"step\": 1, \"low\": 0, \"high\": 6}}"}
{"op_code":5,"worker_id":"212ec760-cf65-4e14-863f-e4e6506cf07a-140181664038912","trial_id":24,"param_name":"fast_lr","param_value_internal":37.78568590519056,"distribution":"{\"name\": \"FloatDistribution\", \"attributes\": {\"step\": null, \"low\": 7e-06, \"high\": 40.0, \"log\": true}}"}
{"op_code":5,"worker_id":"212ec760-cf65-4e14-863f-e4e6506cf07a-140181664038912","trial_id":24,"param_name":"tau_sec","param_value_internal":0.0,"distribution":"{\"name\": \"FloatDistribution\", \"attributes\": {\"step\": null, \"low\": 0.0, \"high\": 0.0, \"log\": false}}"}
{"op_code":5,"worker_id":"212ec760-cf65-4e14-863f-e4e6506cf07a-140181664038912","trial_id":24,"param_name":"ab_dw_min","param_value_internal":5e-06,"distribution":"{\"name\": \"FloatDistribution\", \"attributes\": {\"step\": null, \"low\": 5e-06, \"high\": 0.01, \"log\": true}}"}
{"op_code":5,"worker_id":"212ec760-cf65-4e14-863f-e4e6506cf07a-140181664038912","trial_id":24,"param_name":"ab_desired_bl","param_value_internal":31.0,"distribution":"{\"name\": \"IntDistribution\", \"attributes\": {\"log\": false, \"step\": 1, \"low\": 31, \"high\": 31}}"}
{"op_code":5,"worker_id":"212ec760-cf65-4e14-863f-e4e6506cf07a-140181664038912","trial_id":24,"param_name":"ab_multilevel","param_value_internal":8.0,"distribution":"{\"name\": \"IntDistribution\", \"attributes\": {\"log\": false, \"step\": 1, \"low\": 1, \"high\": 14}}"}
{"op_code":5,"worker_id":"212ec760-cf65-4e14-863f-e4e6506cf07a-140181664038912","trial_id":24,"param_name":"a_reset_std","param_value_internal":1e-30,"distribution":"{\"name\": \"FloatDistribution\", \"attributes\": {\"step\": null, \"low\": 1e-30, \"high\": 1e-30, \"log\": true}}"}
{"op_code":5,"worker_id":"212ec760-cf65-4e14-863f-e4e6506cf07a-140181664038912","trial_id":24,"param_name":"b_reset_std","param_value_internal":1e-30,"distribution":"{\"name\": \"FloatDistribution\", \"attributes\": {\"step\": null, \"low\": 1e-30, \"high\": 1e-30, \"log\": true}}"}
{"op_code":5,"worker_id":"212ec760-cf65-4e14-863f-e4e6506cf07a-140181664038912","trial_id":24,"param_name":"c_dw_min","param_value_internal":0.004565549530255184,"distribution":"{\"name\": \"FloatDistribution\", \"attributes\": {\"step\": null, \"low\": 0.001, \"high\": 0.04, \"log\": true}}"}
{"op_code":5,"worker_id":"212ec760-cf65-4e14-863f-e4e6506cf07a-140181664038912","trial_id":24,"param_name":"c_desired_bl","param_value_internal":31.0,"distribution":"{\"name\": \"IntDistribution\", \"attributes\": {\"log\": false, \"step\": 1, \"low\": 31, \"high\": 31}}"}
{"op_code":5,"worker_id":"212ec760-cf65-4e14-863f-e4e6506cf07a-140181664038912","trial_id":24,"param_name":"out_noise","param_value_internal":0.0,"distribution":"{\"name\": \"FloatDistribution\", \"attributes\": {\"step\": null, \"low\": 0.0, \"high\": 0.0, \"log\": false}}"}
{"op_code":5,"worker_id":"212ec760-cf65-4e14-863f-e4e6506cf07a-140181664038912","trial_id":24,"param_name":"ab_weight_scaling_omega","param_value_internal":0.0,"distribution":"{\"name\": \"FloatDistribution\", \"attributes\": {\"step\": null, \"low\": 0.0, \"high\": 0.0, \"log\": false}}"}
{"op_code":5,"worker_id":"212ec760-cf65-4e14-863f-e4e6506cf07a-140181664038912","trial_id":24,"param_name":"min_lr_rate","param_value_internal":0.0,"distribution":"{\"name\": \"FloatDistribution\", \"attributes\": {\"step\": null, \"low\": 0.0, \"high\": 0.0, \"log\": false}}"}
{"op_code":5,"worker_id":"212ec760-cf65-4e14-863f-e4e6506cf07a-140181664038912","trial_id":24,"param_name":"a_density","param_value_internal":0.046204061711756284,"distribution":"{\"name\": \"FloatDistribution\", \"attributes\": {\"step\": null, \"low\": 0.001, \"high\": 1.0, \"log\": true}}"}
{"op_code":8,"worker_id":"212ec760-cf65-4e14-863f-e4e6506cf07a-140181664038912","trial_id":24,"user_attr":{"grad_accum_steps":1}}
{"op_code":7,"worker_id":"0b55ba5c-6d70-4fc4-bf2c-d9d32ba00682-139814961631232","trial_id":22,"step":4,"intermediate_value":77.70598804047631}
{"op_code":8,"worker_id":"0b55ba5c-6d70-4fc4-bf2c-d9d32ba00682-139814961631232","trial_id":22,"user_attr":{"train_loss_epoch_4":1.5490784627635306}}
{"op_code":7,"worker_id":"36f40d95-d161-4d3f-8f27-e8ab18930a88-139672131743744","trial_id":21,"step":5,"intermediate_value":78.02722324788691}
{"op_code":8,"worker_id":"36f40d95-d161-4d3f-8f27-e8ab18930a88-139672131743744","trial_id":21,"user_attr":{"train_loss_epoch_5":1.5139916566006213}}
{"op_code":6,"worker_id":"36f40d95-d161-4d3f-8f27-e8ab18930a88-139672131743744","trial_id":21,"state":1,"values":[78.02722324788691],"datetime_complete":"2026-05-25T12:10:04.305389"}
{"op_code":4,"worker_id":"36f40d95-d161-4d3f-8f27-e8ab18930a88-139672131743744","study_id":0,"datetime_start":"2026-05-25T12:10:04.306963"}
{"op_code":5,"worker_id":"36f40d95-d161-4d3f-8f27-e8ab18930a88-139672131743744","trial_id":25,"param_name":"learning_rate","param_value_internal":0.0018459593641526443,"distribution":"{\"name\": \"FloatDistribution\", \"attributes\": {\"step\": null, \"low\": 0.0002, \"high\": 0.006, \"log\": true}}"}
{"op_code":5,"worker_id":"36f40d95-d161-4d3f-8f27-e8ab18930a88-139672131743744","trial_id":25,"param_name":"transfer_lr","param_value_internal":3.0,"distribution":"{\"name\": \"FloatDistribution\", \"attributes\": {\"step\": null, \"low\": 9e-06, \"high\": 3.0, \"log\": true}}"}
{"op_code":5,"worker_id":"36f40d95-d161-4d3f-8f27-e8ab18930a88-139672131743744","trial_id":25,"param_name":"transfer_every","param_value_internal":32.0,"distribution":"{\"name\": \"IntDistribution\", \"attributes\": {\"log\": true, \"step\": 1, \"low\": 1, \"high\": 50}}"}
{"op_code":5,"worker_id":"36f40d95-d161-4d3f-8f27-e8ab18930a88-139672131743744","trial_id":25,"param_name":"rank_exp","param_value_internal":0.0,"distribution":"{\"name\": \"IntDistribution\", \"attributes\": {\"log\": false, \"step\": 1, \"low\": 0, \"high\": 6}}"}
{"op_code":5,"worker_id":"36f40d95-d161-4d3f-8f27-e8ab18930a88-139672131743744","trial_id":25,"param_name":"fast_lr","param_value_internal":37.78568590519056,"distribution":"{\"name\": \"FloatDistribution\", \"attributes\": {\"step\": null, \"low\": 7e-06, \"high\": 40.0, \"log\": true}}"}
{"op_code":5,"worker_id":"36f40d95-d161-4d3f-8f27-e8ab18930a88-139672131743744","trial_id":25,"param_name":"tau_sec","param_value_internal":0.0,"distribution":"{\"name\": \"FloatDistribution\", \"attributes\": {\"step\": null, \"low\": 0.0, \"high\": 0.0, \"log\": false}}"}
{"op_code":5,"worker_id":"36f40d95-d161-4d3f-8f27-e8ab18930a88-139672131743744","trial_id":25,"param_name":"ab_dw_min","param_value_internal":5e-06,"distribution":"{\"name\": \"FloatDistribution\", \"attributes\": {\"step\": null, \"low\": 5e-06, \"high\": 0.01, \"log\": true}}"}
{"op_code":5,"worker_id":"36f40d95-d161-4d3f-8f27-e8ab18930a88-139672131743744","trial_id":25,"param_name":"ab_desired_bl","param_value_internal":31.0,"distribution":"{\"name\": \"IntDistribution\", \"attributes\": {\"log\": false, \"step\": 1, \"low\": 31, \"high\": 31}}"}
{"op_code":5,"worker_id":"36f40d95-d161-4d3f-8f27-e8ab18930a88-139672131743744","trial_id":25,"param_name":"ab_multilevel","param_value_internal":8.0,"distribution":"{\"name\": \"IntDistribution\", \"attributes\": {\"log\": false, \"step\": 1, \"low\": 1, \"high\": 14}}"}
{"op_code":5,"worker_id":"36f40d95-d161-4d3f-8f27-e8ab18930a88-139672131743744","trial_id":25,"param_name":"a_reset_std","param_value_internal":1e-30,"distribution":"{\"name\": \"FloatDistribution\", \"attributes\": {\"step\": null, \"low\": 1e-30, \"high\": 1e-30, \"log\": true}}"}
{"op_code":5,"worker_id":"36f40d95-d161-4d3f-8f27-e8ab18930a88-139672131743744","trial_id":25,"param_name":"b_reset_std","param_value_internal":1e-30,"distribution":"{\"name\": \"FloatDistribution\", \"attributes\": {\"step\": null, \"low\": 1e-30, \"high\": 1e-30, \"log\": true}}"}
{"op_code":5,"worker_id":"36f40d95-d161-4d3f-8f27-e8ab18930a88-139672131743744","trial_id":25,"param_name":"c_dw_min","param_value_internal":0.022939972044575378,"distribution":"{\"name\": \"FloatDistribution\", \"attributes\": {\"step\": null, \"low\": 0.001, \"high\": 0.04, \"log\": true}}"}
{"op_code":5,"worker_id":"36f40d95-d161-4d3f-8f27-e8ab18930a88-139672131743744","trial_id":25,"param_name":"c_desired_bl","param_value_internal":31.0,"distribution":"{\"name\": \"IntDistribution\", \"attributes\": {\"log\": false, \"step\": 1, \"low\": 31, \"high\": 31}}"}
{"op_code":5,"worker_id":"36f40d95-d161-4d3f-8f27-e8ab18930a88-139672131743744","trial_id":25,"param_name":"out_noise","param_value_internal":0.0,"distribution":"{\"name\": \"FloatDistribution\", \"attributes\": {\"step\": null, \"low\": 0.0, \"high\": 0.0, \"log\": false}}"}
{"op_code":5,"worker_id":"36f40d95-d161-4d3f-8f27-e8ab18930a88-139672131743744","trial_id":25,"param_name":"ab_weight_scaling_omega","param_value_internal":0.0,"distribution":"{\"name\": \"FloatDistribution\", \"attributes\": {\"step\": null, \"low\": 0.0, \"high\": 0.0, \"log\": false}}"}
{"op_code":5,"worker_id":"36f40d95-d161-4d3f-8f27-e8ab18930a88-139672131743744","trial_id":25,"param_name":"min_lr_rate","param_value_internal":0.0,"distribution":"{\"name\": \"FloatDistribution\", \"attributes\": {\"step\": null, \"low\": 0.0, \"high\": 0.0, \"log\": false}}"}
{"op_code":5,"worker_id":"36f40d95-d161-4d3f-8f27-e8ab18930a88-139672131743744","trial_id":25,"param_name":"a_density","param_value_internal":0.06565110743599109,"distribution":"{\"name\": \"FloatDistribution\", \"attributes\": {\"step\": null, \"low\": 0.001, \"high\": 1.0, \"log\": true}}"}
{"op_code":8,"worker_id":"36f40d95-d161-4d3f-8f27-e8ab18930a88-139672131743744","trial_id":25,"user_attr":{"grad_accum_steps":1}}
{"op_code":7,"worker_id":"ae3c7af5-73bd-4dd7-8c86-585df266468c-140596878897152","trial_id":23,"step":1,"intermediate_value":74.32687032424641}
{"op_code":8,"worker_id":"ae3c7af5-73bd-4dd7-8c86-585df266468c-140596878897152","trial_id":23,"user_attr":{"train_loss_epoch_1":2.1815761883407427}}
{"op_code":7,"worker_id":"212ec760-cf65-4e14-863f-e4e6506cf07a-140181664038912","trial_id":24,"step":1,"intermediate_value":74.37001809198502}
{"op_code":8,"worker_id":"212ec760-cf65-4e14-863f-e4e6506cf07a-140181664038912","trial_id":24,"user_attr":{"train_loss_epoch_1":2.189958899001765}}
{"op_code":7,"worker_id":"0b55ba5c-6d70-4fc4-bf2c-d9d32ba00682-139814961631232","trial_id":22,"step":5,"intermediate_value":78.0292321740296}
{"op_code":8,"worker_id":"0b55ba5c-6d70-4fc4-bf2c-d9d32ba00682-139814961631232","trial_id":22,"user_attr":{"train_loss_epoch_5":1.5165025741104188}}
{"op_code":6,"worker_id":"0b55ba5c-6d70-4fc4-bf2c-d9d32ba00682-139814961631232","trial_id":22,"state":1,"values":[78.0292321740296],"datetime_complete":"2026-05-25T12:20:23.478615"}
{"op_code":4,"worker_id":"0b55ba5c-6d70-4fc4-bf2c-d9d32ba00682-139814961631232","study_id":0,"datetime_start":"2026-05-25T12:20:23.480163"}
{"op_code":5,"worker_id":"0b55ba5c-6d70-4fc4-bf2c-d9d32ba00682-139814961631232","trial_id":26,"param_name":"learning_rate","param_value_internal":0.0022658216137183686,"distribution":"{\"name\": \"FloatDistribution\", \"attributes\": {\"step\": null, \"low\": 0.0002, \"high\": 0.006, \"log\": true}}"}
{"op_code":5,"worker_id":"0b55ba5c-6d70-4fc4-bf2c-d9d32ba00682-139814961631232","trial_id":26,"param_name":"transfer_lr","param_value_internal":1.3722553733838854,"distribution":"{\"name\": \"FloatDistribution\", \"attributes\": {\"step\": null, \"low\": 9e-06, \"high\": 3.0, \"log\": true}}"}
{"op_code":5,"worker_id":"0b55ba5c-6d70-4fc4-bf2c-d9d32ba00682-139814961631232","trial_id":26,"param_name":"transfer_every","param_value_internal":29.0,"distribution":"{\"name\": \"IntDistribution\", \"attributes\": {\"log\": true, \"step\": 1, \"low\": 1, \"high\": 50}}"}
{"op_code":5,"worker_id":"0b55ba5c-6d70-4fc4-bf2c-d9d32ba00682-139814961631232","trial_id":26,"param_name":"rank_exp","param_value_internal":5.0,"distribution":"{\"name\": \"IntDistribution\", \"attributes\": {\"log\": false, \"step\": 1, \"low\": 0, \"high\": 6}}"}
{"op_code":5,"worker_id":"0b55ba5c-6d70-4fc4-bf2c-d9d32ba00682-139814961631232","trial_id":26,"param_name":"fast_lr","param_value_internal":37.78568590519056,"distribution":"{\"name\": \"FloatDistribution\", \"attributes\": {\"step\": null, \"low\": 7e-06, \"high\": 40.0, \"log\": true}}"}
{"op_code":5,"worker_id":"0b55ba5c-6d70-4fc4-bf2c-d9d32ba00682-139814961631232","trial_id":26,"param_name":"tau_sec","param_value_internal":0.0,"distribution":"{\"name\": \"FloatDistribution\", \"attributes\": {\"step\": null, \"low\": 0.0, \"high\": 0.0, \"log\": false}}"}
{"op_code":5,"worker_id":"0b55ba5c-6d70-4fc4-bf2c-d9d32ba00682-139814961631232","trial_id":26,"param_name":"ab_dw_min","param_value_internal":1.3712684289937775e-05,"distribution":"{\"name\": \"FloatDistribution\", \"attributes\": {\"step\": null, \"low\": 5e-06, \"high\": 0.01, \"log\": true}}"}
{"op_code":5,"worker_id":"0b55ba5c-6d70-4fc4-bf2c-d9d32ba00682-139814961631232","trial_id":26,"param_name":"ab_desired_bl","param_value_internal":31.0,"distribution":"{\"name\": \"IntDistribution\", \"attributes\": {\"log\": false, \"step\": 1, \"low\": 31, \"high\": 31}}"}
{"op_code":5,"worker_id":"0b55ba5c-6d70-4fc4-bf2c-d9d32ba00682-139814961631232","trial_id":26,"param_name":"ab_multilevel","param_value_internal":7.0,"distribution":"{\"name\": \"IntDistribution\", \"attributes\": {\"log\": false, \"step\": 1, \"low\": 1, \"high\": 14}}"}
{"op_code":5,"worker_id":"0b55ba5c-6d70-4fc4-bf2c-d9d32ba00682-139814961631232","trial_id":26,"param_name":"a_reset_std","param_value_internal":1e-30,"distribution":"{\"name\": \"FloatDistribution\", \"attributes\": {\"step\": null, \"low\": 1e-30, \"high\": 1e-30, \"log\": true}}"}
{"op_code":5,"worker_id":"0b55ba5c-6d70-4fc4-bf2c-d9d32ba00682-139814961631232","trial_id":26,"param_name":"b_reset_std","param_value_internal":1e-30,"distribution":"{\"name\": \"FloatDistribution\", \"attributes\": {\"step\": null, \"low\": 1e-30, \"high\": 1e-30, \"log\": true}}"}
{"op_code":5,"worker_id":"0b55ba5c-6d70-4fc4-bf2c-d9d32ba00682-139814961631232","trial_id":26,"param_name":"c_dw_min","param_value_internal":0.012306076035375407,"distribution":"{\"name\": \"FloatDistribution\", \"attributes\": {\"step\": null, \"low\": 0.001, \"high\": 0.04, \"log\": true}}"}
{"op_code":5,"worker_id":"0b55ba5c-6d70-4fc4-bf2c-d9d32ba00682-139814961631232","trial_id":26,"param_name":"c_desired_bl","param_value_internal":31.0,"distribution":"{\"name\": \"IntDistribution\", \"attributes\": {\"log\": false, \"step\": 1, \"low\": 31, \"high\": 31}}"}
{"op_code":5,"worker_id":"0b55ba5c-6d70-4fc4-bf2c-d9d32ba00682-139814961631232","trial_id":26,"param_name":"out_noise","param_value_internal":0.0,"distribution":"{\"name\": \"FloatDistribution\", \"attributes\": {\"step\": null, \"low\": 0.0, \"high\": 0.0, \"log\": false}}"}
{"op_code":5,"worker_id":"0b55ba5c-6d70-4fc4-bf2c-d9d32ba00682-139814961631232","trial_id":26,"param_name":"ab_weight_scaling_omega","param_value_internal":0.0,"distribution":"{\"name\": \"FloatDistribution\", \"attributes\": {\"step\": null, \"low\": 0.0, \"high\": 0.0, \"log\": false}}"}
{"op_code":5,"worker_id":"0b55ba5c-6d70-4fc4-bf2c-d9d32ba00682-139814961631232","trial_id":26,"param_name":"min_lr_rate","param_value_internal":0.0,"distribution":"{\"name\": \"FloatDistribution\", \"attributes\": {\"step\": null, \"low\": 0.0, \"high\": 0.0, \"log\": false}}"}
{"op_code":5,"worker_id":"0b55ba5c-6d70-4fc4-bf2c-d9d32ba00682-139814961631232","trial_id":26,"param_name":"a_density","param_value_internal":0.03202666973113936,"distribution":"{\"name\": \"FloatDistribution\", \"attributes\": {\"step\": null, \"low\": 0.001, \"high\": 1.0, \"log\": true}}"}
{"op_code":8,"worker_id":"0b55ba5c-6d70-4fc4-bf2c-d9d32ba00682-139814961631232","trial_id":26,"user_attr":{"grad_accum_steps":1}}
{"op_code":7,"worker_id":"36f40d95-d161-4d3f-8f27-e8ab18930a88-139672131743744","trial_id":25,"step":1,"intermediate_value":73.75785999443747}
{"op_code":8,"worker_id":"36f40d95-d161-4d3f-8f27-e8ab18930a88-139672131743744","trial_id":25,"user_attr":{"train_loss_epoch_1":2.3121121581007795}}
{"op_code":7,"worker_id":"ae3c7af5-73bd-4dd7-8c86-585df266468c-140596878897152","trial_id":23,"step":2,"intermediate_value":76.09570816700435}
{"op_code":8,"worker_id":"ae3c7af5-73bd-4dd7-8c86-585df266468c-140596878897152","trial_id":23,"user_attr":{"train_loss_epoch_2":1.6557048065552544}}
{"op_code":7,"worker_id":"212ec760-cf65-4e14-863f-e4e6506cf07a-140181664038912","trial_id":24,"step":2,"intermediate_value":76.40427532703156}
{"op_code":8,"worker_id":"212ec760-cf65-4e14-863f-e4e6506cf07a-140181664038912","trial_id":24,"user_attr":{"train_loss_epoch_2":1.6698463241259256}}
{"op_code":7,"worker_id":"0b55ba5c-6d70-4fc4-bf2c-d9d32ba00682-139814961631232","trial_id":26,"step":1,"intermediate_value":73.77911079402989}
{"op_code":8,"worker_id":"0b55ba5c-6d70-4fc4-bf2c-d9d32ba00682-139814961631232","trial_id":26,"user_attr":{"train_loss_epoch_1":2.25908966432742}}
{"op_code":7,"worker_id":"36f40d95-d161-4d3f-8f27-e8ab18930a88-139672131743744","trial_id":25,"step":2,"intermediate_value":75.94049114125008}
{"op_code":8,"worker_id":"36f40d95-d161-4d3f-8f27-e8ab18930a88-139672131743744","trial_id":25,"user_attr":{"train_loss_epoch_2":1.6846197941762}}
{"op_code":7,"worker_id":"ae3c7af5-73bd-4dd7-8c86-585df266468c-140596878897152","trial_id":23,"step":3,"intermediate_value":77.64497437100566}
{"op_code":8,"worker_id":"ae3c7af5-73bd-4dd7-8c86-585df266468c-140596878897152","trial_id":23,"user_attr":{"train_loss_epoch_3":1.5773568321372757}}
{"op_code":7,"worker_id":"212ec760-cf65-4e14-863f-e4e6506cf07a-140181664038912","trial_id":24,"step":3,"intermediate_value":77.0430543554671}
{"op_code":8,"worker_id":"212ec760-cf65-4e14-863f-e4e6506cf07a-140181664038912","trial_id":24,"user_attr":{"train_loss_epoch_3":1.5889271931596565}}
{"op_code":7,"worker_id":"0b55ba5c-6d70-4fc4-bf2c-d9d32ba00682-139814961631232","trial_id":26,"step":2,"intermediate_value":76.01997469275867}
{"op_code":8,"worker_id":"0b55ba5c-6d70-4fc4-bf2c-d9d32ba00682-139814961631232","trial_id":26,"user_attr":{"train_loss_epoch_2":1.6597347396499096}}
{"op_code":7,"worker_id":"36f40d95-d161-4d3f-8f27-e8ab18930a88-139672131743744","trial_id":25,"step":3,"intermediate_value":76.59963553153324}
{"op_code":8,"worker_id":"36f40d95-d161-4d3f-8f27-e8ab18930a88-139672131743744","trial_id":25,"user_attr":{"train_loss_epoch_3":1.6031824909897678}}
{"op_code":7,"worker_id":"ae3c7af5-73bd-4dd7-8c86-585df266468c-140596878897152","trial_id":23,"step":4,"intermediate_value":78.26274222444708}
{"op_code":8,"worker_id":"ae3c7af5-73bd-4dd7-8c86-585df266468c-140596878897152","trial_id":23,"user_attr":{"train_loss_epoch_4":1.5292639879353325}}
{"op_code":7,"worker_id":"212ec760-cf65-4e14-863f-e4e6506cf07a-140181664038912","trial_id":24,"step":4,"intermediate_value":77.68633008214732}
{"op_code":8,"worker_id":"212ec760-cf65-4e14-863f-e4e6506cf07a-140181664038912","trial_id":24,"user_attr":{"train_loss_epoch_4":1.5360910607224234}}
{"op_code":7,"worker_id":"0b55ba5c-6d70-4fc4-bf2c-d9d32ba00682-139814961631232","trial_id":26,"step":3,"intermediate_value":77.19216485156173}
{"op_code":8,"worker_id":"0b55ba5c-6d70-4fc4-bf2c-d9d32ba00682-139814961631232","trial_id":26,"user_attr":{"train_loss_epoch_3":1.5812539390109095}}
{"op_code":7,"worker_id":"36f40d95-d161-4d3f-8f27-e8ab18930a88-139672131743744","trial_id":25,"step":4,"intermediate_value":77.17945751777394}
{"op_code":8,"worker_id":"36f40d95-d161-4d3f-8f27-e8ab18930a88-139672131743744","trial_id":25,"user_attr":{"train_loss_epoch_4":1.5646519974964421}}
{"op_code":7,"worker_id":"ae3c7af5-73bd-4dd7-8c86-585df266468c-140596878897152","trial_id":23,"step":5,"intermediate_value":78.64830017949846}
{"op_code":8,"worker_id":"ae3c7af5-73bd-4dd7-8c86-585df266468c-140596878897152","trial_id":23,"user_attr":{"train_loss_epoch_5":1.4928394301796992}}
{"op_code":6,"worker_id":"ae3c7af5-73bd-4dd7-8c86-585df266468c-140596878897152","trial_id":23,"state":1,"values":[78.64830017949846],"datetime_complete":"2026-05-25T13:22:22.930010"}
{"op_code":4,"worker_id":"ae3c7af5-73bd-4dd7-8c86-585df266468c-140596878897152","study_id":0,"datetime_start":"2026-05-25T13:22:22.931581"}
{"op_code":5,"worker_id":"ae3c7af5-73bd-4dd7-8c86-585df266468c-140596878897152","trial_id":27,"param_name":"learning_rate","param_value_internal":0.0029637593359752392,"distribution":"{\"name\": \"FloatDistribution\", \"attributes\": {\"step\": null, \"low\": 0.0002, \"high\": 0.006, \"log\": true}}"}
{"op_code":5,"worker_id":"ae3c7af5-73bd-4dd7-8c86-585df266468c-140596878897152","trial_id":27,"param_name":"transfer_lr","param_value_internal":0.0018547751246074163,"distribution":"{\"name\": \"FloatDistribution\", \"attributes\": {\"step\": null, \"low\": 9e-06, \"high\": 3.0, \"log\": true}}"}
{"op_code":5,"worker_id":"ae3c7af5-73bd-4dd7-8c86-585df266468c-140596878897152","trial_id":27,"param_name":"transfer_every","param_value_internal":18.0,"distribution":"{\"name\": \"IntDistribution\", \"attributes\": {\"log\": true, \"step\": 1, \"low\": 1, \"high\": 50}}"}
{"op_code":5,"worker_id":"ae3c7af5-73bd-4dd7-8c86-585df266468c-140596878897152","trial_id":27,"param_name":"rank_exp","param_value_internal":4.0,"distribution":"{\"name\": \"IntDistribution\", \"attributes\": {\"log\": false, \"step\": 1, \"low\": 0, \"high\": 6}}"}
{"op_code":5,"worker_id":"ae3c7af5-73bd-4dd7-8c86-585df266468c-140596878897152","trial_id":27,"param_name":"fast_lr","param_value_internal":2.882137411479567,"distribution":"{\"name\": \"FloatDistribution\", \"attributes\": {\"step\": null, \"low\": 7e-06, \"high\": 40.0, \"log\": true}}"}
{"op_code":5,"worker_id":"ae3c7af5-73bd-4dd7-8c86-585df266468c-140596878897152","trial_id":27,"param_name":"tau_sec","param_value_internal":0.0,"distribution":"{\"name\": \"FloatDistribution\", \"attributes\": {\"step\": null, \"low\": 0.0, \"high\": 0.0, \"log\": false}}"}
{"op_code":5,"worker_id":"ae3c7af5-73bd-4dd7-8c86-585df266468c-140596878897152","trial_id":27,"param_name":"ab_dw_min","param_value_internal":0.0001801466727342499,"distribution":"{\"name\": \"FloatDistribution\", \"attributes\": {\"step\": null, \"low\": 5e-06, \"high\": 0.01, \"log\": true}}"}
{"op_code":5,"worker_id":"ae3c7af5-73bd-4dd7-8c86-585df266468c-140596878897152","trial_id":27,"param_name":"ab_desired_bl","param_value_internal":31.0,"distribution":"{\"name\": \"IntDistribution\", \"attributes\": {\"log\": false, \"step\": 1, \"low\": 31, \"high\": 31}}"}
{"op_code":5,"worker_id":"ae3c7af5-73bd-4dd7-8c86-585df266468c-140596878897152","trial_id":27,"param_name":"ab_multilevel","param_value_internal":3.0,"distribution":"{\"name\": \"IntDistribution\", \"attributes\": {\"log\": false, \"step\": 1, \"low\": 1, \"high\": 14}}"}
{"op_code":5,"worker_id":"ae3c7af5-73bd-4dd7-8c86-585df266468c-140596878897152","trial_id":27,"param_name":"a_reset_std","param_value_internal":1e-30,"distribution":"{\"name\": \"FloatDistribution\", \"attributes\": {\"step\": null, \"low\": 1e-30, \"high\": 1e-30, \"log\": true}}"}
{"op_code":5,"worker_id":"ae3c7af5-73bd-4dd7-8c86-585df266468c-140596878897152","trial_id":27,"param_name":"b_reset_std","param_value_internal":1e-30,"distribution":"{\"name\": \"FloatDistribution\", \"attributes\": {\"step\": null, \"low\": 1e-30, \"high\": 1e-30, \"log\": true}}"}
{"op_code":5,"worker_id":"ae3c7af5-73bd-4dd7-8c86-585df266468c-140596878897152","trial_id":27,"param_name":"c_dw_min","param_value_internal":0.007639763749441677,"distribution":"{\"name\": \"FloatDistribution\", \"attributes\": {\"step\": null, \"low\": 0.001, \"high\": 0.04, \"log\": true}}"}
{"op_code":5,"worker_id":"ae3c7af5-73bd-4dd7-8c86-585df266468c-140596878897152","trial_id":27,"param_name":"c_desired_bl","param_value_internal":31.0,"distribution":"{\"name\": \"IntDistribution\", \"attributes\": {\"log\": false, \"step\": 1, \"low\": 31, \"high\": 31}}"}
{"op_code":5,"worker_id":"ae3c7af5-73bd-4dd7-8c86-585df266468c-140596878897152","trial_id":27,"param_name":"out_noise","param_value_internal":0.0,"distribution":"{\"name\": \"FloatDistribution\", \"attributes\": {\"step\": null, \"low\": 0.0, \"high\": 0.0, \"log\": false}}"}
{"op_code":5,"worker_id":"ae3c7af5-73bd-4dd7-8c86-585df266468c-140596878897152","trial_id":27,"param_name":"ab_weight_scaling_omega","param_value_internal":0.0,"distribution":"{\"name\": \"FloatDistribution\", \"attributes\": {\"step\": null, \"low\": 0.0, \"high\": 0.0, \"log\": false}}"}
{"op_code":5,"worker_id":"ae3c7af5-73bd-4dd7-8c86-585df266468c-140596878897152","trial_id":27,"param_name":"min_lr_rate","param_value_internal":0.0,"distribution":"{\"name\": \"FloatDistribution\", \"attributes\": {\"step\": null, \"low\": 0.0, \"high\": 0.0, \"log\": false}}"}
{"op_code":5,"worker_id":"ae3c7af5-73bd-4dd7-8c86-585df266468c-140596878897152","trial_id":27,"param_name":"a_density","param_value_internal":0.013972438029684047,"distribution":"{\"name\": \"FloatDistribution\", \"attributes\": {\"step\": null, \"low\": 0.001, \"high\": 1.0, \"log\": true}}"}
{"op_code":8,"worker_id":"ae3c7af5-73bd-4dd7-8c86-585df266468c-140596878897152","trial_id":27,"user_attr":{"grad_accum_steps":1}}
{"op_code":7,"worker_id":"212ec760-cf65-4e14-863f-e4e6506cf07a-140181664038912","trial_id":24,"step":5,"intermediate_value":78.34093975828348}
{"op_code":8,"worker_id":"212ec760-cf65-4e14-863f-e4e6506cf07a-140181664038912","trial_id":24,"user_attr":{"train_loss_epoch_5":1.5007613265417457}}
{"op_code":6,"worker_id":"212ec760-cf65-4e14-863f-e4e6506cf07a-140181664038912","trial_id":24,"state":1,"values":[78.34093975828348],"datetime_complete":"2026-05-25T13:23:22.815848"}
{"op_code":4,"worker_id":"212ec760-cf65-4e14-863f-e4e6506cf07a-140181664038912","study_id":0,"datetime_start":"2026-05-25T13:23:22.817613"}
{"op_code":5,"worker_id":"212ec760-cf65-4e14-863f-e4e6506cf07a-140181664038912","trial_id":28,"param_name":"learning_rate","param_value_internal":0.002943926487257745,"distribution":"{\"name\": \"FloatDistribution\", \"attributes\": {\"step\": null, \"low\": 0.0002, \"high\": 0.006, \"log\": true}}"}
{"op_code":5,"worker_id":"212ec760-cf65-4e14-863f-e4e6506cf07a-140181664038912","trial_id":28,"param_name":"transfer_lr","param_value_internal":0.0022637478823955767,"distribution":"{\"name\": \"FloatDistribution\", \"attributes\": {\"step\": null, \"low\": 9e-06, \"high\": 3.0, \"log\": true}}"}
{"op_code":5,"worker_id":"212ec760-cf65-4e14-863f-e4e6506cf07a-140181664038912","trial_id":28,"param_name":"transfer_every","param_value_internal":18.0,"distribution":"{\"name\": \"IntDistribution\", \"attributes\": {\"log\": true, \"step\": 1, \"low\": 1, \"high\": 50}}"}
{"op_code":5,"worker_id":"212ec760-cf65-4e14-863f-e4e6506cf07a-140181664038912","trial_id":28,"param_name":"rank_exp","param_value_internal":4.0,"distribution":"{\"name\": \"IntDistribution\", \"attributes\": {\"log\": false, \"step\": 1, \"low\": 0, \"high\": 6}}"}
{"op_code":5,"worker_id":"212ec760-cf65-4e14-863f-e4e6506cf07a-140181664038912","trial_id":28,"param_name":"fast_lr","param_value_internal":2.3840907005657788,"distribution":"{\"name\": \"FloatDistribution\", \"attributes\": {\"step\": null, \"low\": 7e-06, \"high\": 40.0, \"log\": true}}"}
{"op_code":5,"worker_id":"212ec760-cf65-4e14-863f-e4e6506cf07a-140181664038912","trial_id":28,"param_name":"tau_sec","param_value_internal":0.0,"distribution":"{\"name\": \"FloatDistribution\", \"attributes\": {\"step\": null, \"low\": 0.0, \"high\": 0.0, \"log\": false}}"}
{"op_code":5,"worker_id":"212ec760-cf65-4e14-863f-e4e6506cf07a-140181664038912","trial_id":28,"param_name":"ab_dw_min","param_value_internal":0.00017854860364993218,"distribution":"{\"name\": \"FloatDistribution\", \"attributes\": {\"step\": null, \"low\": 5e-06, \"high\": 0.01, \"log\": true}}"}
{"op_code":5,"worker_id":"212ec760-cf65-4e14-863f-e4e6506cf07a-140181664038912","trial_id":28,"param_name":"ab_desired_bl","param_value_internal":31.0,"distribution":"{\"name\": \"IntDistribution\", \"attributes\": {\"log\": false, \"step\": 1, \"low\": 31, \"high\": 31}}"}
{"op_code":5,"worker_id":"212ec760-cf65-4e14-863f-e4e6506cf07a-140181664038912","trial_id":28,"param_name":"ab_multilevel","param_value_internal":3.0,"distribution":"{\"name\": \"IntDistribution\", \"attributes\": {\"log\": false, \"step\": 1, \"low\": 1, \"high\": 14}}"}
{"op_code":5,"worker_id":"212ec760-cf65-4e14-863f-e4e6506cf07a-140181664038912","trial_id":28,"param_name":"a_reset_std","param_value_internal":1e-30,"distribution":"{\"name\": \"FloatDistribution\", \"attributes\": {\"step\": null, \"low\": 1e-30, \"high\": 1e-30, \"log\": true}}"}
{"op_code":5,"worker_id":"212ec760-cf65-4e14-863f-e4e6506cf07a-140181664038912","trial_id":28,"param_name":"b_reset_std","param_value_internal":1e-30,"distribution":"{\"name\": \"FloatDistribution\", \"attributes\": {\"step\": null, \"low\": 1e-30, \"high\": 1e-30, \"log\": true}}"}
{"op_code":5,"worker_id":"212ec760-cf65-4e14-863f-e4e6506cf07a-140181664038912","trial_id":28,"param_name":"c_dw_min","param_value_internal":0.007628696662300534,"distribution":"{\"name\": \"FloatDistribution\", \"attributes\": {\"step\": null, \"low\": 0.001, \"high\": 0.04, \"log\": true}}"}
{"op_code":5,"worker_id":"212ec760-cf65-4e14-863f-e4e6506cf07a-140181664038912","trial_id":28,"param_name":"c_desired_bl","param_value_internal":31.0,"distribution":"{\"name\": \"IntDistribution\", \"attributes\": {\"log\": false, \"step\": 1, \"low\": 31, \"high\": 31}}"}
{"op_code":5,"worker_id":"212ec760-cf65-4e14-863f-e4e6506cf07a-140181664038912","trial_id":28,"param_name":"out_noise","param_value_internal":0.0,"distribution":"{\"name\": \"FloatDistribution\", \"attributes\": {\"step\": null, \"low\": 0.0, \"high\": 0.0, \"log\": false}}"}
{"op_code":5,"worker_id":"212ec760-cf65-4e14-863f-e4e6506cf07a-140181664038912","trial_id":28,"param_name":"ab_weight_scaling_omega","param_value_internal":0.0,"distribution":"{\"name\": \"FloatDistribution\", \"attributes\": {\"step\": null, \"low\": 0.0, \"high\": 0.0, \"log\": false}}"}
{"op_code":5,"worker_id":"212ec760-cf65-4e14-863f-e4e6506cf07a-140181664038912","trial_id":28,"param_name":"min_lr_rate","param_value_internal":0.0,"distribution":"{\"name\": \"FloatDistribution\", \"attributes\": {\"step\": null, \"low\": 0.0, \"high\": 0.0, \"log\": false}}"}
{"op_code":5,"worker_id":"212ec760-cf65-4e14-863f-e4e6506cf07a-140181664038912","trial_id":28,"param_name":"a_density","param_value_internal":0.014264358054281216,"distribution":"{\"name\": \"FloatDistribution\", \"attributes\": {\"step\": null, \"low\": 0.001, \"high\": 1.0, \"log\": true}}"}
{"op_code":8,"worker_id":"212ec760-cf65-4e14-863f-e4e6506cf07a-140181664038912","trial_id":28,"user_attr":{"grad_accum_steps":1}}
{"op_code":7,"worker_id":"0b55ba5c-6d70-4fc4-bf2c-d9d32ba00682-139814961631232","trial_id":26,"step":4,"intermediate_value":78.08650634661066}
{"op_code":8,"worker_id":"0b55ba5c-6d70-4fc4-bf2c-d9d32ba00682-139814961631232","trial_id":26,"user_attr":{"train_loss_epoch_4":1.5369238387601485}}
{"op_code":7,"worker_id":"36f40d95-d161-4d3f-8f27-e8ab18930a88-139672131743744","trial_id":25,"step":5,"intermediate_value":77.44640589485734}
{"op_code":8,"worker_id":"36f40d95-d161-4d3f-8f27-e8ab18930a88-139672131743744","trial_id":25,"user_attr":{"train_loss_epoch_5":1.5344885282400178}}
{"op_code":6,"worker_id":"36f40d95-d161-4d3f-8f27-e8ab18930a88-139672131743744","trial_id":25,"state":1,"values":[77.44640589485734],"datetime_complete":"2026-05-25T13:31:40.312670"}
{"op_code":4,"worker_id":"36f40d95-d161-4d3f-8f27-e8ab18930a88-139672131743744","study_id":0,"datetime_start":"2026-05-25T13:31:40.314289"}
{"op_code":5,"worker_id":"36f40d95-d161-4d3f-8f27-e8ab18930a88-139672131743744","trial_id":29,"param_name":"learning_rate","param_value_internal":0.003035630855184913,"distribution":"{\"name\": \"FloatDistribution\", \"attributes\": {\"step\": null, \"low\": 0.0002, \"high\": 0.006, \"log\": true}}"}
{"op_code":5,"worker_id":"36f40d95-d161-4d3f-8f27-e8ab18930a88-139672131743744","trial_id":29,"param_name":"transfer_lr","param_value_internal":0.0015077132714999128,"distribution":"{\"name\": \"FloatDistribution\", \"attributes\": {\"step\": null, \"low\": 9e-06, \"high\": 3.0, \"log\": true}}"}
{"op_code":5,"worker_id":"36f40d95-d161-4d3f-8f27-e8ab18930a88-139672131743744","trial_id":29,"param_name":"transfer_every","param_value_internal":18.0,"distribution":"{\"name\": \"IntDistribution\", \"attributes\": {\"log\": true, \"step\": 1, \"low\": 1, \"high\": 50}}"}
{"op_code":5,"worker_id":"36f40d95-d161-4d3f-8f27-e8ab18930a88-139672131743744","trial_id":29,"param_name":"rank_exp","param_value_internal":4.0,"distribution":"{\"name\": \"IntDistribution\", \"attributes\": {\"log\": false, \"step\": 1, \"low\": 0, \"high\": 6}}"}
{"op_code":5,"worker_id":"36f40d95-d161-4d3f-8f27-e8ab18930a88-139672131743744","trial_id":29,"param_name":"fast_lr","param_value_internal":1.6459718713660443,"distribution":"{\"name\": \"FloatDistribution\", \"attributes\": {\"step\": null, \"low\": 7e-06, \"high\": 40.0, \"log\": true}}"}
{"op_code":5,"worker_id":"36f40d95-d161-4d3f-8f27-e8ab18930a88-139672131743744","trial_id":29,"param_name":"tau_sec","param_value_internal":0.0,"distribution":"{\"name\": \"FloatDistribution\", \"attributes\": {\"step\": null, \"low\": 0.0, \"high\": 0.0, \"log\": false}}"}
{"op_code":5,"worker_id":"36f40d95-d161-4d3f-8f27-e8ab18930a88-139672131743744","trial_id":29,"param_name":"ab_dw_min","param_value_internal":0.00016001611439960702,"distribution":"{\"name\": \"FloatDistribution\", \"attributes\": {\"step\": null, \"low\": 5e-06, \"high\": 0.01, \"log\": true}}"}
{"op_code":5,"worker_id":"36f40d95-d161-4d3f-8f27-e8ab18930a88-139672131743744","trial_id":29,"param_name":"ab_desired_bl","param_value_internal":31.0,"distribution":"{\"name\": \"IntDistribution\", \"attributes\": {\"log\": false, \"step\": 1, \"low\": 31, \"high\": 31}}"}
{"op_code":5,"worker_id":"36f40d95-d161-4d3f-8f27-e8ab18930a88-139672131743744","trial_id":29,"param_name":"ab_multilevel","param_value_internal":3.0,"distribution":"{\"name\": \"IntDistribution\", \"attributes\": {\"log\": false, \"step\": 1, \"low\": 1, \"high\": 14}}"}
{"op_code":5,"worker_id":"36f40d95-d161-4d3f-8f27-e8ab18930a88-139672131743744","trial_id":29,"param_name":"a_reset_std","param_value_internal":1e-30,"distribution":"{\"name\": \"FloatDistribution\", \"attributes\": {\"step\": null, \"low\": 1e-30, \"high\": 1e-30, \"log\": true}}"}
{"op_code":5,"worker_id":"36f40d95-d161-4d3f-8f27-e8ab18930a88-139672131743744","trial_id":29,"param_name":"b_reset_std","param_value_internal":1e-30,"distribution":"{\"name\": \"FloatDistribution\", \"attributes\": {\"step\": null, \"low\": 1e-30, \"high\": 1e-30, \"log\": true}}"}
{"op_code":5,"worker_id":"36f40d95-d161-4d3f-8f27-e8ab18930a88-139672131743744","trial_id":29,"param_name":"c_dw_min","param_value_internal":0.007885785872654484,"distribution":"{\"name\": \"FloatDistribution\", \"attributes\": {\"step\": null, \"low\": 0.001, \"high\": 0.04, \"log\": true}}"}
{"op_code":5,"worker_id":"36f40d95-d161-4d3f-8f27-e8ab18930a88-139672131743744","trial_id":29,"param_name":"c_desired_bl","param_value_internal":31.0,"distribution":"{\"name\": \"IntDistribution\", \"attributes\": {\"log\": false, \"step\": 1, \"low\": 31, \"high\": 31}}"}
{"op_code":5,"worker_id":"36f40d95-d161-4d3f-8f27-e8ab18930a88-139672131743744","trial_id":29,"param_name":"out_noise","param_value_internal":0.0,"distribution":"{\"name\": \"FloatDistribution\", \"attributes\": {\"step\": null, \"low\": 0.0, \"high\": 0.0, \"log\": false}}"}
{"op_code":5,"worker_id":"36f40d95-d161-4d3f-8f27-e8ab18930a88-139672131743744","trial_id":29,"param_name":"ab_weight_scaling_omega","param_value_internal":0.0,"distribution":"{\"name\": \"FloatDistribution\", \"attributes\": {\"step\": null, \"low\": 0.0, \"high\": 0.0, \"log\": false}}"}
{"op_code":5,"worker_id":"36f40d95-d161-4d3f-8f27-e8ab18930a88-139672131743744","trial_id":29,"param_name":"min_lr_rate","param_value_internal":0.0,"distribution":"{\"name\": \"FloatDistribution\", \"attributes\": {\"step\": null, \"low\": 0.0, \"high\": 0.0, \"log\": false}}"}
{"op_code":5,"worker_id":"36f40d95-d161-4d3f-8f27-e8ab18930a88-139672131743744","trial_id":29,"param_name":"a_density","param_value_internal":0.013961129882598226,"distribution":"{\"name\": \"FloatDistribution\", \"attributes\": {\"step\": null, \"low\": 0.001, \"high\": 1.0, \"log\": true}}"}
{"op_code":8,"worker_id":"36f40d95-d161-4d3f-8f27-e8ab18930a88-139672131743744","trial_id":29,"user_attr":{"grad_accum_steps":1}}
{"op_code":7,"worker_id":"ae3c7af5-73bd-4dd7-8c86-585df266468c-140596878897152","trial_id":27,"step":1,"intermediate_value":74.06657986482148}
{"op_code":8,"worker_id":"ae3c7af5-73bd-4dd7-8c86-585df266468c-140596878897152","trial_id":27,"user_attr":{"train_loss_epoch_1":2.211609409688934}}
{"op_code":7,"worker_id":"212ec760-cf65-4e14-863f-e4e6506cf07a-140181664038912","trial_id":28,"step":1,"intermediate_value":74.22901298099383}
{"op_code":8,"worker_id":"212ec760-cf65-4e14-863f-e4e6506cf07a-140181664038912","trial_id":28,"user_attr":{"train_loss_epoch_1":2.1992898418974423}}
{"op_code":7,"worker_id":"0b55ba5c-6d70-4fc4-bf2c-d9d32ba00682-139814961631232","trial_id":26,"step":5,"intermediate_value":78.08650634661066}
{"op_code":8,"worker_id":"0b55ba5c-6d70-4fc4-bf2c-d9d32ba00682-139814961631232","trial_id":26,"user_attr":{"train_loss_epoch_5":1.5022301716210074}}
{"op_code":6,"worker_id":"0b55ba5c-6d70-4fc4-bf2c-d9d32ba00682-139814961631232","trial_id":26,"state":1,"values":[78.08650634661066],"datetime_complete":"2026-05-25T13:48:13.390345"}
{"op_code":4,"worker_id":"0b55ba5c-6d70-4fc4-bf2c-d9d32ba00682-139814961631232","study_id":0,"datetime_start":"2026-05-25T13:48:13.391897"}
{"op_code":5,"worker_id":"0b55ba5c-6d70-4fc4-bf2c-d9d32ba00682-139814961631232","trial_id":30,"param_name":"learning_rate","param_value_internal":0.0032344911180295756,"distribution":"{\"name\": \"FloatDistribution\", \"attributes\": {\"step\": null, \"low\": 0.0002, \"high\": 0.006, \"log\": true}}"}
{"op_code":5,"worker_id":"0b55ba5c-6d70-4fc4-bf2c-d9d32ba00682-139814961631232","trial_id":30,"param_name":"transfer_lr","param_value_internal":3.0,"distribution":"{\"name\": \"FloatDistribution\", \"attributes\": {\"step\": null, \"low\": 9e-06, \"high\": 3.0, \"log\": true}}"}
{"op_code":5,"worker_id":"0b55ba5c-6d70-4fc4-bf2c-d9d32ba00682-139814961631232","trial_id":30,"param_name":"transfer_every","param_value_internal":31.0,"distribution":"{\"name\": \"IntDistribution\", \"attributes\": {\"log\": true, \"step\": 1, \"low\": 1, \"high\": 50}}"}
{"op_code":5,"worker_id":"0b55ba5c-6d70-4fc4-bf2c-d9d32ba00682-139814961631232","trial_id":30,"param_name":"rank_exp","param_value_internal":6.0,"distribution":"{\"name\": \"IntDistribution\", \"attributes\": {\"log\": false, \"step\": 1, \"low\": 0, \"high\": 6}}"}
{"op_code":5,"worker_id":"0b55ba5c-6d70-4fc4-bf2c-d9d32ba00682-139814961631232","trial_id":30,"param_name":"fast_lr","param_value_internal":37.78568590519056,"distribution":"{\"name\": \"FloatDistribution\", \"attributes\": {\"step\": null, \"low\": 7e-06, \"high\": 40.0, \"log\": true}}"}
{"op_code":5,"worker_id":"0b55ba5c-6d70-4fc4-bf2c-d9d32ba00682-139814961631232","trial_id":30,"param_name":"tau_sec","param_value_internal":0.0,"distribution":"{\"name\": \"FloatDistribution\", \"attributes\": {\"step\": null, \"low\": 0.0, \"high\": 0.0, \"log\": false}}"}
{"op_code":5,"worker_id":"0b55ba5c-6d70-4fc4-bf2c-d9d32ba00682-139814961631232","trial_id":30,"param_name":"ab_dw_min","param_value_internal":0.002685089671322409,"distribution":"{\"name\": \"FloatDistribution\", \"attributes\": {\"step\": null, \"low\": 5e-06, \"high\": 0.01, \"log\": true}}"}
{"op_code":5,"worker_id":"0b55ba5c-6d70-4fc4-bf2c-d9d32ba00682-139814961631232","trial_id":30,"param_name":"ab_desired_bl","param_value_internal":31.0,"distribution":"{\"name\": \"IntDistribution\", \"attributes\": {\"log\": false, \"step\": 1, \"low\": 31, \"high\": 31}}"}
{"op_code":5,"worker_id":"0b55ba5c-6d70-4fc4-bf2c-d9d32ba00682-139814961631232","trial_id":30,"param_name":"ab_multilevel","param_value_internal":8.0,"distribution":"{\"name\": \"IntDistribution\", \"attributes\": {\"log\": false, \"step\": 1, \"low\": 1, \"high\": 14}}"}
{"op_code":5,"worker_id":"0b55ba5c-6d70-4fc4-bf2c-d9d32ba00682-139814961631232","trial_id":30,"param_name":"a_reset_std","param_value_internal":1e-30,"distribution":"{\"name\": \"FloatDistribution\", \"attributes\": {\"step\": null, \"low\": 1e-30, \"high\": 1e-30, \"log\": true}}"}
{"op_code":5,"worker_id":"0b55ba5c-6d70-4fc4-bf2c-d9d32ba00682-139814961631232","trial_id":30,"param_name":"b_reset_std","param_value_internal":1e-30,"distribution":"{\"name\": \"FloatDistribution\", \"attributes\": {\"step\": null, \"low\": 1e-30, \"high\": 1e-30, \"log\": true}}"}
{"op_code":5,"worker_id":"0b55ba5c-6d70-4fc4-bf2c-d9d32ba00682-139814961631232","trial_id":30,"param_name":"c_dw_min","param_value_internal":0.0019466892546149118,"distribution":"{\"name\": \"FloatDistribution\", \"attributes\": {\"step\": null, \"low\": 0.001, \"high\": 0.04, \"log\": true}}"}
{"op_code":5,"worker_id":"0b55ba5c-6d70-4fc4-bf2c-d9d32ba00682-139814961631232","trial_id":30,"param_name":"c_desired_bl","param_value_internal":31.0,"distribution":"{\"name\": \"IntDistribution\", \"attributes\": {\"log\": false, \"step\": 1, \"low\": 31, \"high\": 31}}"}
{"op_code":5,"worker_id":"0b55ba5c-6d70-4fc4-bf2c-d9d32ba00682-139814961631232","trial_id":30,"param_name":"out_noise","param_value_internal":0.0,"distribution":"{\"name\": \"FloatDistribution\", \"attributes\": {\"step\": null, \"low\": 0.0, \"high\": 0.0, \"log\": false}}"}
{"op_code":5,"worker_id":"0b55ba5c-6d70-4fc4-bf2c-d9d32ba00682-139814961631232","trial_id":30,"param_name":"ab_weight_scaling_omega","param_value_internal":0.0,"distribution":"{\"name\": \"FloatDistribution\", \"attributes\": {\"step\": null, \"low\": 0.0, \"high\": 0.0, \"log\": false}}"}
{"op_code":5,"worker_id":"0b55ba5c-6d70-4fc4-bf2c-d9d32ba00682-139814961631232","trial_id":30,"param_name":"min_lr_rate","param_value_internal":0.0,"distribution":"{\"name\": \"FloatDistribution\", \"attributes\": {\"step\": null, \"low\": 0.0, \"high\": 0.0, \"log\": false}}"}
{"op_code":5,"worker_id":"0b55ba5c-6d70-4fc4-bf2c-d9d32ba00682-139814961631232","trial_id":30,"param_name":"a_density","param_value_internal":0.06152741187542957,"distribution":"{\"name\": \"FloatDistribution\", \"attributes\": {\"step\": null, \"low\": 0.001, \"high\": 1.0, \"log\": true}}"}
{"op_code":7,"worker_id":"36f40d95-d161-4d3f-8f27-e8ab18930a88-139672131743744","trial_id":29,"step":1,"intermediate_value":73.83628903309214}
{"op_code":8,"worker_id":"36f40d95-d161-4d3f-8f27-e8ab18930a88-139672131743744","trial_id":29,"user_attr":{"train_loss_epoch_1":2.208009756548295}}
{"op_code":8,"worker_id":"0b55ba5c-6d70-4fc4-bf2c-d9d32ba00682-139814961631232","trial_id":30,"user_attr":{"grad_accum_steps":1}}
{"op_code":7,"worker_id":"ae3c7af5-73bd-4dd7-8c86-585df266468c-140596878897152","trial_id":27,"step":2,"intermediate_value":76.11389538881569}
{"op_code":8,"worker_id":"ae3c7af5-73bd-4dd7-8c86-585df266468c-140596878897152","trial_id":27,"user_attr":{"train_loss_epoch_2":1.6713120514138282}}
{"op_code":7,"worker_id":"212ec760-cf65-4e14-863f-e4e6506cf07a-140181664038912","trial_id":28,"step":2,"intermediate_value":76.16358657205085}
{"op_code":8,"worker_id":"212ec760-cf65-4e14-863f-e4e6506cf07a-140181664038912","trial_id":28,"user_attr":{"train_loss_epoch_2":1.6619013797946092}}
{"op_code":7,"worker_id":"36f40d95-d161-4d3f-8f27-e8ab18930a88-139672131743744","trial_id":29,"step":2,"intermediate_value":76.63345761584777}
{"op_code":8,"worker_id":"36f40d95-d161-4d3f-8f27-e8ab18930a88-139672131743744","trial_id":29,"user_attr":{"train_loss_epoch_2":1.6627636840349937}}
{"op_code":7,"worker_id":"0b55ba5c-6d70-4fc4-bf2c-d9d32ba00682-139814961631232","trial_id":30,"step":1,"intermediate_value":6.365734572998448}
{"op_code":8,"worker_id":"0b55ba5c-6d70-4fc4-bf2c-d9d32ba00682-139814961631232","trial_id":30,"user_attr":{"train_loss_epoch_1":5.858202093791187}}
{"op_code":7,"worker_id":"ae3c7af5-73bd-4dd7-8c86-585df266468c-140596878897152","trial_id":27,"step":3,"intermediate_value":77.42905635699702}
{"op_code":8,"worker_id":"ae3c7af5-73bd-4dd7-8c86-585df266468c-140596878897152","trial_id":27,"user_attr":{"train_loss_epoch_3":1.5922656068956949}}
{"op_code":7,"worker_id":"212ec760-cf65-4e14-863f-e4e6506cf07a-140181664038912","trial_id":28,"step":3,"intermediate_value":77.26735963400714}
{"op_code":8,"worker_id":"212ec760-cf65-4e14-863f-e4e6506cf07a-140181664038912","trial_id":28,"user_attr":{"train_loss_epoch_3":1.5856341691521125}}
{"op_code":7,"worker_id":"36f40d95-d161-4d3f-8f27-e8ab18930a88-139672131743744","trial_id":29,"step":3,"intermediate_value":77.64003013280741}
{"op_code":8,"worker_id":"36f40d95-d161-4d3f-8f27-e8ab18930a88-139672131743744","trial_id":29,"user_attr":{"train_loss_epoch_3":1.5795178839830848}}
{"op_code":7,"worker_id":"0b55ba5c-6d70-4fc4-bf2c-d9d32ba00682-139814961631232","trial_id":30,"step":2,"intermediate_value":6.365734572998448}
{"op_code":8,"worker_id":"0b55ba5c-6d70-4fc4-bf2c-d9d32ba00682-139814961631232","trial_id":30,"user_attr":{"train_loss_epoch_2":5.859612124011446}}
{"op_code":6,"worker_id":"0b55ba5c-6d70-4fc4-bf2c-d9d32ba00682-139814961631232","trial_id":30,"state":1,"values":[6.365734572998448],"datetime_complete":"2026-05-25T14:21:59.040942"}
{"op_code":4,"worker_id":"0b55ba5c-6d70-4fc4-bf2c-d9d32ba00682-139814961631232","study_id":0,"datetime_start":"2026-05-25T14:21:59.042668"}
{"op_code":5,"worker_id":"0b55ba5c-6d70-4fc4-bf2c-d9d32ba00682-139814961631232","trial_id":31,"param_name":"learning_rate","param_value_internal":0.004233524150645037,"distribution":"{\"name\": \"FloatDistribution\", \"attributes\": {\"step\": null, \"low\": 0.0002, \"high\": 0.006, \"log\": true}}"}
{"op_code":5,"worker_id":"0b55ba5c-6d70-4fc4-bf2c-d9d32ba00682-139814961631232","trial_id":31,"param_name":"transfer_lr","param_value_internal":0.00039437506097544147,"distribution":"{\"name\": \"FloatDistribution\", \"attributes\": {\"step\": null, \"low\": 9e-06, \"high\": 3.0, \"log\": true}}"}
{"op_code":5,"worker_id":"0b55ba5c-6d70-4fc4-bf2c-d9d32ba00682-139814961631232","trial_id":31,"param_name":"transfer_every","param_value_internal":2.0,"distribution":"{\"name\": \"IntDistribution\", \"attributes\": {\"log\": true, \"step\": 1, \"low\": 1, \"high\": 50}}"}
{"op_code":5,"worker_id":"0b55ba5c-6d70-4fc4-bf2c-d9d32ba00682-139814961631232","trial_id":31,"param_name":"rank_exp","param_value_internal":4.0,"distribution":"{\"name\": \"IntDistribution\", \"attributes\": {\"log\": false, \"step\": 1, \"low\": 0, \"high\": 6}}"}
{"op_code":5,"worker_id":"0b55ba5c-6d70-4fc4-bf2c-d9d32ba00682-139814961631232","trial_id":31,"param_name":"fast_lr","param_value_internal":0.03043088462986118,"distribution":"{\"name\": \"FloatDistribution\", \"attributes\": {\"step\": null, \"low\": 7e-06, \"high\": 40.0, \"log\": true}}"}
{"op_code":5,"worker_id":"0b55ba5c-6d70-4fc4-bf2c-d9d32ba00682-139814961631232","trial_id":31,"param_name":"tau_sec","param_value_internal":0.0,"distribution":"{\"name\": \"FloatDistribution\", \"attributes\": {\"step\": null, \"low\": 0.0, \"high\": 0.0, \"log\": false}}"}
{"op_code":5,"worker_id":"0b55ba5c-6d70-4fc4-bf2c-d9d32ba00682-139814961631232","trial_id":31,"param_name":"ab_dw_min","param_value_internal":8.846880671521853e-06,"distribution":"{\"name\": \"FloatDistribution\", \"attributes\": {\"step\": null, \"low\": 5e-06, \"high\": 0.01, \"log\": true}}"}
{"op_code":5,"worker_id":"0b55ba5c-6d70-4fc4-bf2c-d9d32ba00682-139814961631232","trial_id":31,"param_name":"ab_desired_bl","param_value_internal":31.0,"distribution":"{\"name\": \"IntDistribution\", \"attributes\": {\"log\": false, \"step\": 1, \"low\": 31, \"high\": 31}}"}
{"op_code":5,"worker_id":"0b55ba5c-6d70-4fc4-bf2c-d9d32ba00682-139814961631232","trial_id":31,"param_name":"ab_multilevel","param_value_internal":1.0,"distribution":"{\"name\": \"IntDistribution\", \"attributes\": {\"log\": false, \"step\": 1, \"low\": 1, \"high\": 14}}"}
{"op_code":5,"worker_id":"0b55ba5c-6d70-4fc4-bf2c-d9d32ba00682-139814961631232","trial_id":31,"param_name":"a_reset_std","param_value_internal":1e-30,"distribution":"{\"name\": \"FloatDistribution\", \"attributes\": {\"step\": null, \"low\": 1e-30, \"high\": 1e-30, \"log\": true}}"}
{"op_code":5,"worker_id":"0b55ba5c-6d70-4fc4-bf2c-d9d32ba00682-139814961631232","trial_id":31,"param_name":"b_reset_std","param_value_internal":1e-30,"distribution":"{\"name\": \"FloatDistribution\", \"attributes\": {\"step\": null, \"low\": 1e-30, \"high\": 1e-30, \"log\": true}}"}
{"op_code":5,"worker_id":"0b55ba5c-6d70-4fc4-bf2c-d9d32ba00682-139814961631232","trial_id":31,"param_name":"c_dw_min","param_value_internal":0.008791234404973588,"distribution":"{\"name\": \"FloatDistribution\", \"attributes\": {\"step\": null, \"low\": 0.001, \"high\": 0.04, \"log\": true}}"}
{"op_code":5,"worker_id":"0b55ba5c-6d70-4fc4-bf2c-d9d32ba00682-139814961631232","trial_id":31,"param_name":"c_desired_bl","param_value_internal":31.0,"distribution":"{\"name\": \"IntDistribution\", \"attributes\": {\"log\": false, \"step\": 1, \"low\": 31, \"high\": 31}}"}
{"op_code":5,"worker_id":"0b55ba5c-6d70-4fc4-bf2c-d9d32ba00682-139814961631232","trial_id":31,"param_name":"out_noise","param_value_internal":0.0,"distribution":"{\"name\": \"FloatDistribution\", \"attributes\": {\"step\": null, \"low\": 0.0, \"high\": 0.0, \"log\": false}}"}
{"op_code":5,"worker_id":"0b55ba5c-6d70-4fc4-bf2c-d9d32ba00682-139814961631232","trial_id":31,"param_name":"ab_weight_scaling_omega","param_value_internal":0.0,"distribution":"{\"name\": \"FloatDistribution\", \"attributes\": {\"step\": null, \"low\": 0.0, \"high\": 0.0, \"log\": false}}"}
{"op_code":5,"worker_id":"0b55ba5c-6d70-4fc4-bf2c-d9d32ba00682-139814961631232","trial_id":31,"param_name":"min_lr_rate","param_value_internal":0.0,"distribution":"{\"name\": \"FloatDistribution\", \"attributes\": {\"step\": null, \"low\": 0.0, \"high\": 0.0, \"log\": false}}"}
{"op_code":5,"worker_id":"0b55ba5c-6d70-4fc4-bf2c-d9d32ba00682-139814961631232","trial_id":31,"param_name":"a_density","param_value_internal":0.07032656393968385,"distribution":"{\"name\": \"FloatDistribution\", \"attributes\": {\"step\": null, \"low\": 0.001, \"high\": 1.0, \"log\": true}}"}
{"op_code":8,"worker_id":"0b55ba5c-6d70-4fc4-bf2c-d9d32ba00682-139814961631232","trial_id":31,"user_attr":{"grad_accum_steps":1}}
{"op_code":7,"worker_id":"ae3c7af5-73bd-4dd7-8c86-585df266468c-140596878897152","trial_id":27,"step":4,"intermediate_value":78.05364353343663}
{"op_code":8,"worker_id":"ae3c7af5-73bd-4dd7-8c86-585df266468c-140596878897152","trial_id":27,"user_attr":{"train_loss_epoch_4":1.540867883532351}}
{"op_code":7,"worker_id":"212ec760-cf65-4e14-863f-e4e6506cf07a-140181664038912","trial_id":28,"step":4,"intermediate_value":77.7933913055313}
{"op_code":8,"worker_id":"212ec760-cf65-4e14-863f-e4e6506cf07a-140181664038912","trial_id":28,"user_attr":{"train_loss_epoch_4":1.533884086550736}}
{"op_code":7,"worker_id":"36f40d95-d161-4d3f-8f27-e8ab18930a88-139672131743744","trial_id":29,"step":4,"intermediate_value":78.14248890005494}
{"op_code":8,"worker_id":"36f40d95-d161-4d3f-8f27-e8ab18930a88-139672131743744","trial_id":29,"user_attr":{"train_loss_epoch_4":1.5351931638510892}}
{"op_code":7,"worker_id":"0b55ba5c-6d70-4fc4-bf2c-d9d32ba00682-139814961631232","trial_id":31,"step":1,"intermediate_value":74.83279192613662}
{"op_code":8,"worker_id":"0b55ba5c-6d70-4fc4-bf2c-d9d32ba00682-139814961631232","trial_id":31,"user_attr":{"train_loss_epoch_1":2.162603093485845}}
{"op_code":7,"worker_id":"ae3c7af5-73bd-4dd7-8c86-585df266468c-140596878897152","trial_id":27,"step":5,"intermediate_value":78.37364078035088}
{"op_code":8,"worker_id":"ae3c7af5-73bd-4dd7-8c86-585df266468c-140596878897152","trial_id":27,"user_attr":{"train_loss_epoch_5":1.5030644302768759}}
{"op_code":6,"worker_id":"ae3c7af5-73bd-4dd7-8c86-585df266468c-140596878897152","trial_id":27,"state":1,"values":[78.37364078035088],"datetime_complete":"2026-05-25T14:44:13.498867"}
{"op_code":4,"worker_id":"ae3c7af5-73bd-4dd7-8c86-585df266468c-140596878897152","study_id":0,"datetime_start":"2026-05-25T14:44:13.500505"}
{"op_code":5,"worker_id":"ae3c7af5-73bd-4dd7-8c86-585df266468c-140596878897152","trial_id":32,"param_name":"learning_rate","param_value_internal":0.005254709084489556,"distribution":"{\"name\": \"FloatDistribution\", \"attributes\": {\"step\": null, \"low\": 0.0002, \"high\": 0.006, \"log\": true}}"}
{"op_code":5,"worker_id":"ae3c7af5-73bd-4dd7-8c86-585df266468c-140596878897152","trial_id":32,"param_name":"transfer_lr","param_value_internal":3.9632499630125314e-05,"distribution":"{\"name\": \"FloatDistribution\", \"attributes\": {\"step\": null, \"low\": 9e-06, \"high\": 3.0, \"log\": true}}"}
{"op_code":5,"worker_id":"ae3c7af5-73bd-4dd7-8c86-585df266468c-140596878897152","trial_id":32,"param_name":"transfer_every","param_value_internal":50.0,"distribution":"{\"name\": \"IntDistribution\", \"attributes\": {\"log\": true, \"step\": 1, \"low\": 1, \"high\": 50}}"}
{"op_code":5,"worker_id":"ae3c7af5-73bd-4dd7-8c86-585df266468c-140596878897152","trial_id":32,"param_name":"rank_exp","param_value_internal":6.0,"distribution":"{\"name\": \"IntDistribution\", \"attributes\": {\"log\": false, \"step\": 1, \"low\": 0, \"high\": 6}}"}
{"op_code":5,"worker_id":"ae3c7af5-73bd-4dd7-8c86-585df266468c-140596878897152","trial_id":32,"param_name":"fast_lr","param_value_internal":7e-06,"distribution":"{\"name\": \"FloatDistribution\", \"attributes\": {\"step\": null, \"low\": 7e-06, \"high\": 40.0, \"log\": true}}"}
{"op_code":5,"worker_id":"ae3c7af5-73bd-4dd7-8c86-585df266468c-140596878897152","trial_id":32,"param_name":"tau_sec","param_value_internal":0.0,"distribution":"{\"name\": \"FloatDistribution\", \"attributes\": {\"step\": null, \"low\": 0.0, \"high\": 0.0, \"log\": false}}"}
{"op_code":5,"worker_id":"ae3c7af5-73bd-4dd7-8c86-585df266468c-140596878897152","trial_id":32,"param_name":"ab_dw_min","param_value_internal":5e-06,"distribution":"{\"name\": \"FloatDistribution\", \"attributes\": {\"step\": null, \"low\": 5e-06, \"high\": 0.01, \"log\": true}}"}
{"op_code":5,"worker_id":"ae3c7af5-73bd-4dd7-8c86-585df266468c-140596878897152","trial_id":32,"param_name":"ab_desired_bl","param_value_internal":31.0,"distribution":"{\"name\": \"IntDistribution\", \"attributes\": {\"log\": false, \"step\": 1, \"low\": 31, \"high\": 31}}"}
{"op_code":5,"worker_id":"ae3c7af5-73bd-4dd7-8c86-585df266468c-140596878897152","trial_id":32,"param_name":"ab_multilevel","param_value_internal":12.0,"distribution":"{\"name\": \"IntDistribution\", \"attributes\": {\"log\": false, \"step\": 1, \"low\": 1, \"high\": 14}}"}
{"op_code":5,"worker_id":"ae3c7af5-73bd-4dd7-8c86-585df266468c-140596878897152","trial_id":32,"param_name":"a_reset_std","param_value_internal":1e-30,"distribution":"{\"name\": \"FloatDistribution\", \"attributes\": {\"step\": null, \"low\": 1e-30, \"high\": 1e-30, \"log\": true}}"}
{"op_code":5,"worker_id":"ae3c7af5-73bd-4dd7-8c86-585df266468c-140596878897152","trial_id":32,"param_name":"b_reset_std","param_value_internal":1e-30,"distribution":"{\"name\": \"FloatDistribution\", \"attributes\": {\"step\": null, \"low\": 1e-30, \"high\": 1e-30, \"log\": true}}"}
{"op_code":5,"worker_id":"ae3c7af5-73bd-4dd7-8c86-585df266468c-140596878897152","trial_id":32,"param_name":"c_dw_min","param_value_internal":0.002075272656255868,"distribution":"{\"name\": \"FloatDistribution\", \"attributes\": {\"step\": null, \"low\": 0.001, \"high\": 0.04, \"log\": true}}"}
{"op_code":5,"worker_id":"ae3c7af5-73bd-4dd7-8c86-585df266468c-140596878897152","trial_id":32,"param_name":"c_desired_bl","param_value_internal":31.0,"distribution":"{\"name\": \"IntDistribution\", \"attributes\": {\"log\": false, \"step\": 1, \"low\": 31, \"high\": 31}}"}
{"op_code":5,"worker_id":"ae3c7af5-73bd-4dd7-8c86-585df266468c-140596878897152","trial_id":32,"param_name":"out_noise","param_value_internal":0.0,"distribution":"{\"name\": \"FloatDistribution\", \"attributes\": {\"step\": null, \"low\": 0.0, \"high\": 0.0, \"log\": false}}"}
{"op_code":5,"worker_id":"ae3c7af5-73bd-4dd7-8c86-585df266468c-140596878897152","trial_id":32,"param_name":"ab_weight_scaling_omega","param_value_internal":0.0,"distribution":"{\"name\": \"FloatDistribution\", \"attributes\": {\"step\": null, \"low\": 0.0, \"high\": 0.0, \"log\": false}}"}
{"op_code":5,"worker_id":"ae3c7af5-73bd-4dd7-8c86-585df266468c-140596878897152","trial_id":32,"param_name":"min_lr_rate","param_value_internal":0.0,"distribution":"{\"name\": \"FloatDistribution\", \"attributes\": {\"step\": null, \"low\": 0.0, \"high\": 0.0, \"log\": false}}"}
{"op_code":5,"worker_id":"ae3c7af5-73bd-4dd7-8c86-585df266468c-140596878897152","trial_id":32,"param_name":"a_density","param_value_internal":0.011969725226541748,"distribution":"{\"name\": \"FloatDistribution\", \"attributes\": {\"step\": null, \"low\": 0.001, \"high\": 1.0, \"log\": true}}"}
{"op_code":8,"worker_id":"ae3c7af5-73bd-4dd7-8c86-585df266468c-140596878897152","trial_id":32,"user_attr":{"grad_accum_steps":1}}
{"op_code":7,"worker_id":"212ec760-cf65-4e14-863f-e4e6506cf07a-140181664038912","trial_id":28,"step":5,"intermediate_value":78.17068910787921}
{"op_code":8,"worker_id":"212ec760-cf65-4e14-863f-e4e6506cf07a-140181664038912","trial_id":28,"user_attr":{"train_loss_epoch_5":1.503182248791382}}
{"op_code":6,"worker_id":"212ec760-cf65-4e14-863f-e4e6506cf07a-140181664038912","trial_id":28,"state":1,"values":[78.17068910787921],"datetime_complete":"2026-05-25T14:45:13.453070"}
{"op_code":4,"worker_id":"212ec760-cf65-4e14-863f-e4e6506cf07a-140181664038912","study_id":0,"datetime_start":"2026-05-25T14:45:13.454879"}
{"op_code":5,"worker_id":"212ec760-cf65-4e14-863f-e4e6506cf07a-140181664038912","trial_id":33,"param_name":"learning_rate","param_value_internal":0.005311821681871082,"distribution":"{\"name\": \"FloatDistribution\", \"attributes\": {\"step\": null, \"low\": 0.0002, \"high\": 0.006, \"log\": true}}"}
{"op_code":5,"worker_id":"212ec760-cf65-4e14-863f-e4e6506cf07a-140181664038912","trial_id":33,"param_name":"transfer_lr","param_value_internal":4.112322234565619e-05,"distribution":"{\"name\": \"FloatDistribution\", \"attributes\": {\"step\": null, \"low\": 9e-06, \"high\": 3.0, \"log\": true}}"}
{"op_code":5,"worker_id":"212ec760-cf65-4e14-863f-e4e6506cf07a-140181664038912","trial_id":33,"param_name":"transfer_every","param_value_internal":50.0,"distribution":"{\"name\": \"IntDistribution\", \"attributes\": {\"log\": true, \"step\": 1, \"low\": 1, \"high\": 50}}"}
{"op_code":5,"worker_id":"212ec760-cf65-4e14-863f-e4e6506cf07a-140181664038912","trial_id":33,"param_name":"rank_exp","param_value_internal":6.0,"distribution":"{\"name\": \"IntDistribution\", \"attributes\": {\"log\": false, \"step\": 1, \"low\": 0, \"high\": 6}}"}
{"op_code":5,"worker_id":"212ec760-cf65-4e14-863f-e4e6506cf07a-140181664038912","trial_id":33,"param_name":"fast_lr","param_value_internal":7e-06,"distribution":"{\"name\": \"FloatDistribution\", \"attributes\": {\"step\": null, \"low\": 7e-06, \"high\": 40.0, \"log\": true}}"}
{"op_code":5,"worker_id":"212ec760-cf65-4e14-863f-e4e6506cf07a-140181664038912","trial_id":33,"param_name":"tau_sec","param_value_internal":0.0,"distribution":"{\"name\": \"FloatDistribution\", \"attributes\": {\"step\": null, \"low\": 0.0, \"high\": 0.0, \"log\": false}}"}
{"op_code":5,"worker_id":"212ec760-cf65-4e14-863f-e4e6506cf07a-140181664038912","trial_id":33,"param_name":"ab_dw_min","param_value_internal":5e-06,"distribution":"{\"name\": \"FloatDistribution\", \"attributes\": {\"step\": null, \"low\": 5e-06, \"high\": 0.01, \"log\": true}}"}
{"op_code":5,"worker_id":"212ec760-cf65-4e14-863f-e4e6506cf07a-140181664038912","trial_id":33,"param_name":"ab_desired_bl","param_value_internal":31.0,"distribution":"{\"name\": \"IntDistribution\", \"attributes\": {\"log\": false, \"step\": 1, \"low\": 31, \"high\": 31}}"}
{"op_code":5,"worker_id":"212ec760-cf65-4e14-863f-e4e6506cf07a-140181664038912","trial_id":33,"param_name":"ab_multilevel","param_value_internal":12.0,"distribution":"{\"name\": \"IntDistribution\", \"attributes\": {\"log\": false, \"step\": 1, \"low\": 1, \"high\": 14}}"}
{"op_code":5,"worker_id":"212ec760-cf65-4e14-863f-e4e6506cf07a-140181664038912","trial_id":33,"param_name":"a_reset_std","param_value_internal":1e-30,"distribution":"{\"name\": \"FloatDistribution\", \"attributes\": {\"step\": null, \"low\": 1e-30, \"high\": 1e-30, \"log\": true}}"}
{"op_code":5,"worker_id":"212ec760-cf65-4e14-863f-e4e6506cf07a-140181664038912","trial_id":33,"param_name":"b_reset_std","param_value_internal":1e-30,"distribution":"{\"name\": \"FloatDistribution\", \"attributes\": {\"step\": null, \"low\": 1e-30, \"high\": 1e-30, \"log\": true}}"}
{"op_code":5,"worker_id":"212ec760-cf65-4e14-863f-e4e6506cf07a-140181664038912","trial_id":33,"param_name":"c_dw_min","param_value_internal":0.002079292336118015,"distribution":"{\"name\": \"FloatDistribution\", \"attributes\": {\"step\": null, \"low\": 0.001, \"high\": 0.04, \"log\": true}}"}
{"op_code":5,"worker_id":"212ec760-cf65-4e14-863f-e4e6506cf07a-140181664038912","trial_id":33,"param_name":"c_desired_bl","param_value_internal":31.0,"distribution":"{\"name\": \"IntDistribution\", \"attributes\": {\"log\": false, \"step\": 1, \"low\": 31, \"high\": 31}}"}
{"op_code":5,"worker_id":"212ec760-cf65-4e14-863f-e4e6506cf07a-140181664038912","trial_id":33,"param_name":"out_noise","param_value_internal":0.0,"distribution":"{\"name\": \"FloatDistribution\", \"attributes\": {\"step\": null, \"low\": 0.0, \"high\": 0.0, \"log\": false}}"}
{"op_code":5,"worker_id":"212ec760-cf65-4e14-863f-e4e6506cf07a-140181664038912","trial_id":33,"param_name":"ab_weight_scaling_omega","param_value_internal":0.0,"distribution":"{\"name\": \"FloatDistribution\", \"attributes\": {\"step\": null, \"low\": 0.0, \"high\": 0.0, \"log\": false}}"}
{"op_code":5,"worker_id":"212ec760-cf65-4e14-863f-e4e6506cf07a-140181664038912","trial_id":33,"param_name":"min_lr_rate","param_value_internal":0.0,"distribution":"{\"name\": \"FloatDistribution\", \"attributes\": {\"step\": null, \"low\": 0.0, \"high\": 0.0, \"log\": false}}"}
{"op_code":5,"worker_id":"212ec760-cf65-4e14-863f-e4e6506cf07a-140181664038912","trial_id":33,"param_name":"a_density","param_value_internal":0.013140705704770939,"distribution":"{\"name\": \"FloatDistribution\", \"attributes\": {\"step\": null, \"low\": 0.001, \"high\": 1.0, \"log\": true}}"}
{"op_code":8,"worker_id":"212ec760-cf65-4e14-863f-e4e6506cf07a-140181664038912","trial_id":33,"user_attr":{"grad_accum_steps":1}}
{"op_code":7,"worker_id":"36f40d95-d161-4d3f-8f27-e8ab18930a88-139672131743744","trial_id":29,"step":5,"intermediate_value":78.22235862657253}
{"op_code":8,"worker_id":"36f40d95-d161-4d3f-8f27-e8ab18930a88-139672131743744","trial_id":29,"user_attr":{"train_loss_epoch_5":1.4988062519368117}}
{"op_code":6,"worker_id":"36f40d95-d161-4d3f-8f27-e8ab18930a88-139672131743744","trial_id":29,"state":1,"values":[78.22235862657253],"datetime_complete":"2026-05-25T14:53:46.961292"}
{"op_code":4,"worker_id":"36f40d95-d161-4d3f-8f27-e8ab18930a88-139672131743744","study_id":0,"datetime_start":"2026-05-25T14:53:46.962956"}
{"op_code":5,"worker_id":"36f40d95-d161-4d3f-8f27-e8ab18930a88-139672131743744","trial_id":34,"param_name":"learning_rate","param_value_internal":0.005265174474688795,"distribution":"{\"name\": \"FloatDistribution\", \"attributes\": {\"step\": null, \"low\": 0.0002, \"high\": 0.006, \"log\": true}}"}
{"op_code":5,"worker_id":"36f40d95-d161-4d3f-8f27-e8ab18930a88-139672131743744","trial_id":34,"param_name":"transfer_lr","param_value_internal":3.9600951920944895e-05,"distribution":"{\"name\": \"FloatDistribution\", \"attributes\": {\"step\": null, \"low\": 9e-06, \"high\": 3.0, \"log\": true}}"}
{"op_code":5,"worker_id":"36f40d95-d161-4d3f-8f27-e8ab18930a88-139672131743744","trial_id":34,"param_name":"transfer_every","param_value_internal":50.0,"distribution":"{\"name\": \"IntDistribution\", \"attributes\": {\"log\": true, \"step\": 1, \"low\": 1, \"high\": 50}}"}
{"op_code":5,"worker_id":"36f40d95-d161-4d3f-8f27-e8ab18930a88-139672131743744","trial_id":34,"param_name":"rank_exp","param_value_internal":6.0,"distribution":"{\"name\": \"IntDistribution\", \"attributes\": {\"log\": false, \"step\": 1, \"low\": 0, \"high\": 6}}"}
{"op_code":5,"worker_id":"36f40d95-d161-4d3f-8f27-e8ab18930a88-139672131743744","trial_id":34,"param_name":"fast_lr","param_value_internal":7e-06,"distribution":"{\"name\": \"FloatDistribution\", \"attributes\": {\"step\": null, \"low\": 7e-06, \"high\": 40.0, \"log\": true}}"}
{"op_code":5,"worker_id":"36f40d95-d161-4d3f-8f27-e8ab18930a88-139672131743744","trial_id":34,"param_name":"tau_sec","param_value_internal":0.0,"distribution":"{\"name\": \"FloatDistribution\", \"attributes\": {\"step\": null, \"low\": 0.0, \"high\": 0.0, \"log\": false}}"}
{"op_code":5,"worker_id":"36f40d95-d161-4d3f-8f27-e8ab18930a88-139672131743744","trial_id":34,"param_name":"ab_dw_min","param_value_internal":5e-06,"distribution":"{\"name\": \"FloatDistribution\", \"attributes\": {\"step\": null, \"low\": 5e-06, \"high\": 0.01, \"log\": true}}"}
{"op_code":5,"worker_id":"36f40d95-d161-4d3f-8f27-e8ab18930a88-139672131743744","trial_id":34,"param_name":"ab_desired_bl","param_value_internal":31.0,"distribution":"{\"name\": \"IntDistribution\", \"attributes\": {\"log\": false, \"step\": 1, \"low\": 31, \"high\": 31}}"}
{"op_code":5,"worker_id":"36f40d95-d161-4d3f-8f27-e8ab18930a88-139672131743744","trial_id":34,"param_name":"ab_multilevel","param_value_internal":12.0,"distribution":"{\"name\": \"IntDistribution\", \"attributes\": {\"log\": false, \"step\": 1, \"low\": 1, \"high\": 14}}"}
{"op_code":5,"worker_id":"36f40d95-d161-4d3f-8f27-e8ab18930a88-139672131743744","trial_id":34,"param_name":"a_reset_std","param_value_internal":1e-30,"distribution":"{\"name\": \"FloatDistribution\", \"attributes\": {\"step\": null, \"low\": 1e-30, \"high\": 1e-30, \"log\": true}}"}
{"op_code":5,"worker_id":"36f40d95-d161-4d3f-8f27-e8ab18930a88-139672131743744","trial_id":34,"param_name":"b_reset_std","param_value_internal":1e-30,"distribution":"{\"name\": \"FloatDistribution\", \"attributes\": {\"step\": null, \"low\": 1e-30, \"high\": 1e-30, \"log\": true}}"}
{"op_code":5,"worker_id":"36f40d95-d161-4d3f-8f27-e8ab18930a88-139672131743744","trial_id":34,"param_name":"c_dw_min","param_value_internal":0.002079846561712961,"distribution":"{\"name\": \"FloatDistribution\", \"attributes\": {\"step\": null, \"low\": 0.001, \"high\": 0.04, \"log\": true}}"}
{"op_code":5,"worker_id":"36f40d95-d161-4d3f-8f27-e8ab18930a88-139672131743744","trial_id":34,"param_name":"c_desired_bl","param_value_internal":31.0,"distribution":"{\"name\": \"IntDistribution\", \"attributes\": {\"log\": false, \"step\": 1, \"low\": 31, \"high\": 31}}"}
{"op_code":5,"worker_id":"36f40d95-d161-4d3f-8f27-e8ab18930a88-139672131743744","trial_id":34,"param_name":"out_noise","param_value_internal":0.0,"distribution":"{\"name\": \"FloatDistribution\", \"attributes\": {\"step\": null, \"low\": 0.0, \"high\": 0.0, \"log\": false}}"}
{"op_code":5,"worker_id":"36f40d95-d161-4d3f-8f27-e8ab18930a88-139672131743744","trial_id":34,"param_name":"ab_weight_scaling_omega","param_value_internal":0.0,"distribution":"{\"name\": \"FloatDistribution\", \"attributes\": {\"step\": null, \"low\": 0.0, \"high\": 0.0, \"log\": false}}"}
{"op_code":5,"worker_id":"36f40d95-d161-4d3f-8f27-e8ab18930a88-139672131743744","trial_id":34,"param_name":"min_lr_rate","param_value_internal":0.0,"distribution":"{\"name\": \"FloatDistribution\", \"attributes\": {\"step\": null, \"low\": 0.0, \"high\": 0.0, \"log\": false}}"}
{"op_code":5,"worker_id":"36f40d95-d161-4d3f-8f27-e8ab18930a88-139672131743744","trial_id":34,"param_name":"a_density","param_value_internal":0.01327167103656413,"distribution":"{\"name\": \"FloatDistribution\", \"attributes\": {\"step\": null, \"low\": 0.001, \"high\": 1.0, \"log\": true}}"}
{"op_code":8,"worker_id":"36f40d95-d161-4d3f-8f27-e8ab18930a88-139672131743744","trial_id":34,"user_attr":{"grad_accum_steps":1}}
{"op_code":6,"worker_id":"ae3c7af5-73bd-4dd7-8c86-585df266468c-140596878897152","trial_id":32,"state":3,"values":null,"datetime_complete":"2026-05-25T14:57:13.824804"}
{"op_code":6,"worker_id":"36f40d95-d161-4d3f-8f27-e8ab18930a88-139672131743744","trial_id":34,"state":3,"values":null,"datetime_complete":"2026-05-25T14:57:17.470212"}
{"op_code":6,"worker_id":"212ec760-cf65-4e14-863f-e4e6506cf07a-140181664038912","trial_id":33,"state":3,"values":null,"datetime_complete":"2026-05-25T14:57:20.615117"}
{"op_code":6,"worker_id":"0b55ba5c-6d70-4fc4-bf2c-d9d32ba00682-139814961631232","trial_id":31,"state":3,"values":null,"datetime_complete":"2026-05-25T14:57:32.269918"}
{"op_code":0,"worker_id":"94fcab39-a262-4c50-b7c5-86ebbb5a8a18-139987696013312","study_name":"bert_squad_lrtt_bs48_adam_binary_a_zero_nowd_nomom_nonest_onehot_constantstepideal_cconstantstepideal_perfect_noos_no-stlr_abml_split-reset_std_qkvo_5ep","directions":[2]}
{"op_code":4,"worker_id":"94fcab39-a262-4c50-b7c5-86ebbb5a8a18-139987696013312","study_id":0,"datetime_start":"2026-05-25T14:57:45.247330"}
{"op_code":0,"worker_id":"e7d4dd1c-833e-4209-a30c-7a437c5b83c4-140384450662400","study_name":"bert_squad_lrtt_bs48_adam_binary_a_zero_nowd_nomom_nonest_onehot_constantstepideal_cconstantstepideal_perfect_noos_no-stlr_abml_split-reset_std_qkvo_5ep","directions":[2]}
{"op_code":4,"worker_id":"e7d4dd1c-833e-4209-a30c-7a437c5b83c4-140384450662400","study_id":0,"datetime_start":"2026-05-25T14:57:49.087685"}
{"op_code":0,"worker_id":"2308af96-1848-4185-8294-9a0d1213840d-139665703665664","study_name":"bert_squad_lrtt_bs48_adam_binary_a_zero_nowd_nomom_nonest_onehot_constantstepideal_cconstantstepideal_perfect_noos_no-stlr_abml_split-reset_std_qkvo_5ep","directions":[2]}
{"op_code":4,"worker_id":"2308af96-1848-4185-8294-9a0d1213840d-139665703665664","study_id":0,"datetime_start":"2026-05-25T14:57:52.909138"}
{"op_code":0,"worker_id":"8b263896-ff64-4249-a0bf-375cbcb369cf-139672061788160","study_name":"bert_squad_lrtt_bs48_adam_binary_a_zero_nowd_nomom_nonest_onehot_constantstepideal_cconstantstepideal_perfect_noos_no-stlr_abml_split-reset_std_qkvo_5ep","directions":[2]}
{"op_code":4,"worker_id":"8b263896-ff64-4249-a0bf-375cbcb369cf-139672061788160","study_id":0,"datetime_start":"2026-05-25T14:57:58.783189"}
{"op_code":5,"worker_id":"94fcab39-a262-4c50-b7c5-86ebbb5a8a18-139987696013312","trial_id":35,"param_name":"learning_rate","param_value_internal":0.004684988239631975,"distribution":"{\"name\": \"FloatDistribution\", \"attributes\": {\"step\": null, \"low\": 0.0009, \"high\": 0.007, \"log\": true}}"}
{"op_code":5,"worker_id":"94fcab39-a262-4c50-b7c5-86ebbb5a8a18-139987696013312","trial_id":35,"param_name":"transfer_lr","param_value_internal":3.96452053180147e-05,"distribution":"{\"name\": \"FloatDistribution\", \"attributes\": {\"step\": null, \"low\": 9e-06, \"high\": 5.0, \"log\": true}}"}
{"op_code":5,"worker_id":"94fcab39-a262-4c50-b7c5-86ebbb5a8a18-139987696013312","trial_id":35,"param_name":"transfer_every","param_value_internal":50.0,"distribution":"{\"name\": \"IntDistribution\", \"attributes\": {\"log\": true, \"step\": 1, \"low\": 1, \"high\": 70}}"}
{"op_code":5,"worker_id":"94fcab39-a262-4c50-b7c5-86ebbb5a8a18-139987696013312","trial_id":35,"param_name":"rank_exp","param_value_internal":6.0,"distribution":"{\"name\": \"IntDistribution\", \"attributes\": {\"log\": false, \"step\": 1, \"low\": 0, \"high\": 6}}"}
{"op_code":5,"worker_id":"94fcab39-a262-4c50-b7c5-86ebbb5a8a18-139987696013312","trial_id":35,"param_name":"fast_lr","param_value_internal":0.002013516274060795,"distribution":"{\"name\": \"FloatDistribution\", \"attributes\": {\"step\": null, \"low\": 2e-05, \"high\": 50.0, \"log\": true}}"}
{"op_code":5,"worker_id":"94fcab39-a262-4c50-b7c5-86ebbb5a8a18-139987696013312","trial_id":35,"param_name":"tau_sec","param_value_internal":0.0,"distribution":"{\"name\": \"FloatDistribution\", \"attributes\": {\"step\": null, \"low\": 0.0, \"high\": 0.0, \"log\": false}}"}
{"op_code":5,"worker_id":"94fcab39-a262-4c50-b7c5-86ebbb5a8a18-139987696013312","trial_id":35,"param_name":"ab_dw_min","param_value_internal":5e-06,"distribution":"{\"name\": \"FloatDistribution\", \"attributes\": {\"step\": null, \"low\": 3e-06, \"high\": 0.009, \"log\": true}}"}
{"op_code":5,"worker_id":"94fcab39-a262-4c50-b7c5-86ebbb5a8a18-139987696013312","trial_id":35,"param_name":"ab_desired_bl","param_value_internal":31.0,"distribution":"{\"name\": \"IntDistribution\", \"attributes\": {\"log\": false, \"step\": 1, \"low\": 31, \"high\": 31}}"}
{"op_code":5,"worker_id":"94fcab39-a262-4c50-b7c5-86ebbb5a8a18-139987696013312","trial_id":35,"param_name":"ab_multilevel","param_value_internal":12.0,"distribution":"{\"name\": \"IntDistribution\", \"attributes\": {\"log\": false, \"step\": 1, \"low\": 1, \"high\": 14}}"}
{"op_code":5,"worker_id":"94fcab39-a262-4c50-b7c5-86ebbb5a8a18-139987696013312","trial_id":35,"param_name":"a_reset_std","param_value_internal":1e-30,"distribution":"{\"name\": \"FloatDistribution\", \"attributes\": {\"step\": null, \"low\": 1e-30, \"high\": 1e-30, \"log\": true}}"}
{"op_code":5,"worker_id":"94fcab39-a262-4c50-b7c5-86ebbb5a8a18-139987696013312","trial_id":35,"param_name":"b_reset_std","param_value_internal":1e-30,"distribution":"{\"name\": \"FloatDistribution\", \"attributes\": {\"step\": null, \"low\": 1e-30, \"high\": 1e-30, \"log\": true}}"}
{"op_code":5,"worker_id":"94fcab39-a262-4c50-b7c5-86ebbb5a8a18-139987696013312","trial_id":35,"param_name":"c_dw_min","param_value_internal":0.002014673342954362,"distribution":"{\"name\": \"FloatDistribution\", \"attributes\": {\"step\": null, \"low\": 0.001, \"high\": 0.04, \"log\": true}}"}
{"op_code":5,"worker_id":"94fcab39-a262-4c50-b7c5-86ebbb5a8a18-139987696013312","trial_id":35,"param_name":"c_desired_bl","param_value_internal":31.0,"distribution":"{\"name\": \"IntDistribution\", \"attributes\": {\"log\": false, \"step\": 1, \"low\": 31, \"high\": 31}}"}
{"op_code":5,"worker_id":"94fcab39-a262-4c50-b7c5-86ebbb5a8a18-139987696013312","trial_id":35,"param_name":"out_noise","param_value_internal":0.0,"distribution":"{\"name\": \"FloatDistribution\", \"attributes\": {\"step\": null, \"low\": 0.0, \"high\": 0.0, \"log\": false}}"}
{"op_code":5,"worker_id":"94fcab39-a262-4c50-b7c5-86ebbb5a8a18-139987696013312","trial_id":35,"param_name":"ab_weight_scaling_omega","param_value_internal":0.0,"distribution":"{\"name\": \"FloatDistribution\", \"attributes\": {\"step\": null, \"low\": 0.0, \"high\": 0.0, \"log\": false}}"}
{"op_code":5,"worker_id":"94fcab39-a262-4c50-b7c5-86ebbb5a8a18-139987696013312","trial_id":35,"param_name":"min_lr_rate","param_value_internal":0.0,"distribution":"{\"name\": \"FloatDistribution\", \"attributes\": {\"step\": null, \"low\": 0.0, \"high\": 0.0, \"log\": false}}"}
{"op_code":5,"worker_id":"94fcab39-a262-4c50-b7c5-86ebbb5a8a18-139987696013312","trial_id":35,"param_name":"a_density","param_value_internal":0.012213158261126776,"distribution":"{\"name\": \"FloatDistribution\", \"attributes\": {\"step\": null, \"low\": 0.0009, \"high\": 1.0, \"log\": true}}"}
{"op_code":5,"worker_id":"e7d4dd1c-833e-4209-a30c-7a437c5b83c4-140384450662400","trial_id":36,"param_name":"learning_rate","param_value_internal":0.0054845296507958115,"distribution":"{\"name\": \"FloatDistribution\", \"attributes\": {\"step\": null, \"low\": 0.0009, \"high\": 0.007, \"log\": true}}"}
{"op_code":5,"worker_id":"e7d4dd1c-833e-4209-a30c-7a437c5b83c4-140384450662400","trial_id":36,"param_name":"transfer_lr","param_value_internal":3.968232816954226e-05,"distribution":"{\"name\": \"FloatDistribution\", \"attributes\": {\"step\": null, \"low\": 9e-06, \"high\": 5.0, \"log\": true}}"}
{"op_code":5,"worker_id":"e7d4dd1c-833e-4209-a30c-7a437c5b83c4-140384450662400","trial_id":36,"param_name":"transfer_every","param_value_internal":50.0,"distribution":"{\"name\": \"IntDistribution\", \"attributes\": {\"log\": true, \"step\": 1, \"low\": 1, \"high\": 70}}"}
{"op_code":5,"worker_id":"e7d4dd1c-833e-4209-a30c-7a437c5b83c4-140384450662400","trial_id":36,"param_name":"rank_exp","param_value_internal":6.0,"distribution":"{\"name\": \"IntDistribution\", \"attributes\": {\"log\": false, \"step\": 1, \"low\": 0, \"high\": 6}}"}
{"op_code":5,"worker_id":"e7d4dd1c-833e-4209-a30c-7a437c5b83c4-140384450662400","trial_id":36,"param_name":"fast_lr","param_value_internal":0.0075916099666274,"distribution":"{\"name\": \"FloatDistribution\", \"attributes\": {\"step\": null, \"low\": 2e-05, \"high\": 50.0, \"log\": true}}"}
{"op_code":5,"worker_id":"e7d4dd1c-833e-4209-a30c-7a437c5b83c4-140384450662400","trial_id":36,"param_name":"tau_sec","param_value_internal":0.0,"distribution":"{\"name\": \"FloatDistribution\", \"attributes\": {\"step\": null, \"low\": 0.0, \"high\": 0.0, \"log\": false}}"}
{"op_code":5,"worker_id":"e7d4dd1c-833e-4209-a30c-7a437c5b83c4-140384450662400","trial_id":36,"param_name":"ab_dw_min","param_value_internal":5.196911918353746e-06,"distribution":"{\"name\": \"FloatDistribution\", \"attributes\": {\"step\": null, \"low\": 3e-06, \"high\": 0.009, \"log\": true}}"}
{"op_code":5,"worker_id":"e7d4dd1c-833e-4209-a30c-7a437c5b83c4-140384450662400","trial_id":36,"param_name":"ab_desired_bl","param_value_internal":31.0,"distribution":"{\"name\": \"IntDistribution\", \"attributes\": {\"log\": false, \"step\": 1, \"low\": 31, \"high\": 31}}"}
{"op_code":5,"worker_id":"e7d4dd1c-833e-4209-a30c-7a437c5b83c4-140384450662400","trial_id":36,"param_name":"ab_multilevel","param_value_internal":12.0,"distribution":"{\"name\": \"IntDistribution\", \"attributes\": {\"log\": false, \"step\": 1, \"low\": 1, \"high\": 14}}"}
{"op_code":5,"worker_id":"e7d4dd1c-833e-4209-a30c-7a437c5b83c4-140384450662400","trial_id":36,"param_name":"a_reset_std","param_value_internal":1e-30,"distribution":"{\"name\": \"FloatDistribution\", \"attributes\": {\"step\": null, \"low\": 1e-30, \"high\": 1e-30, \"log\": true}}"}
{"op_code":5,"worker_id":"e7d4dd1c-833e-4209-a30c-7a437c5b83c4-140384450662400","trial_id":36,"param_name":"b_reset_std","param_value_internal":1e-30,"distribution":"{\"name\": \"FloatDistribution\", \"attributes\": {\"step\": null, \"low\": 1e-30, \"high\": 1e-30, \"log\": true}}"}
{"op_code":5,"worker_id":"e7d4dd1c-833e-4209-a30c-7a437c5b83c4-140384450662400","trial_id":36,"param_name":"c_dw_min","param_value_internal":0.0021912193508834906,"distribution":"{\"name\": \"FloatDistribution\", \"attributes\": {\"step\": null, \"low\": 0.001, \"high\": 0.04, \"log\": true}}"}
{"op_code":5,"worker_id":"e7d4dd1c-833e-4209-a30c-7a437c5b83c4-140384450662400","trial_id":36,"param_name":"c_desired_bl","param_value_internal":31.0,"distribution":"{\"name\": \"IntDistribution\", \"attributes\": {\"log\": false, \"step\": 1, \"low\": 31, \"high\": 31}}"}
{"op_code":5,"worker_id":"e7d4dd1c-833e-4209-a30c-7a437c5b83c4-140384450662400","trial_id":36,"param_name":"out_noise","param_value_internal":0.0,"distribution":"{\"name\": \"FloatDistribution\", \"attributes\": {\"step\": null, \"low\": 0.0, \"high\": 0.0, \"log\": false}}"}
{"op_code":5,"worker_id":"e7d4dd1c-833e-4209-a30c-7a437c5b83c4-140384450662400","trial_id":36,"param_name":"ab_weight_scaling_omega","param_value_internal":0.0,"distribution":"{\"name\": \"FloatDistribution\", \"attributes\": {\"step\": null, \"low\": 0.0, \"high\": 0.0, \"log\": false}}"}
{"op_code":5,"worker_id":"e7d4dd1c-833e-4209-a30c-7a437c5b83c4-140384450662400","trial_id":36,"param_name":"min_lr_rate","param_value_internal":0.0,"distribution":"{\"name\": \"FloatDistribution\", \"attributes\": {\"step\": null, \"low\": 0.0, \"high\": 0.0, \"log\": false}}"}
{"op_code":5,"worker_id":"e7d4dd1c-833e-4209-a30c-7a437c5b83c4-140384450662400","trial_id":36,"param_name":"a_density","param_value_internal":0.013955855631074104,"distribution":"{\"name\": \"FloatDistribution\", \"attributes\": {\"step\": null, \"low\": 0.0009, \"high\": 1.0, \"log\": true}}"}
{"op_code":5,"worker_id":"2308af96-1848-4185-8294-9a0d1213840d-139665703665664","trial_id":37,"param_name":"learning_rate","param_value_internal":0.004793101146662594,"distribution":"{\"name\": \"FloatDistribution\", \"attributes\": {\"step\": null, \"low\": 0.0009, \"high\": 0.007, \"log\": true}}"}
{"op_code":5,"worker_id":"2308af96-1848-4185-8294-9a0d1213840d-139665703665664","trial_id":37,"param_name":"transfer_lr","param_value_internal":4.215394148566679e-05,"distribution":"{\"name\": \"FloatDistribution\", \"attributes\": {\"step\": null, \"low\": 9e-06, \"high\": 5.0, \"log\": true}}"}
{"op_code":5,"worker_id":"2308af96-1848-4185-8294-9a0d1213840d-139665703665664","trial_id":37,"param_name":"transfer_every","param_value_internal":50.0,"distribution":"{\"name\": \"IntDistribution\", \"attributes\": {\"log\": true, \"step\": 1, \"low\": 1, \"high\": 70}}"}
{"op_code":5,"worker_id":"2308af96-1848-4185-8294-9a0d1213840d-139665703665664","trial_id":37,"param_name":"rank_exp","param_value_internal":6.0,"distribution":"{\"name\": \"IntDistribution\", \"attributes\": {\"log\": false, \"step\": 1, \"low\": 0, \"high\": 6}}"}
{"op_code":5,"worker_id":"2308af96-1848-4185-8294-9a0d1213840d-139665703665664","trial_id":37,"param_name":"fast_lr","param_value_internal":1.4831605881884216,"distribution":"{\"name\": \"FloatDistribution\", \"attributes\": {\"step\": null, \"low\": 2e-05, \"high\": 50.0, \"log\": true}}"}
{"op_code":5,"worker_id":"2308af96-1848-4185-8294-9a0d1213840d-139665703665664","trial_id":37,"param_name":"tau_sec","param_value_internal":0.0,"distribution":"{\"name\": \"FloatDistribution\", \"attributes\": {\"step\": null, \"low\": 0.0, \"high\": 0.0, \"log\": false}}"}
{"op_code":5,"worker_id":"2308af96-1848-4185-8294-9a0d1213840d-139665703665664","trial_id":37,"param_name":"ab_dw_min","param_value_internal":5e-06,"distribution":"{\"name\": \"FloatDistribution\", \"attributes\": {\"step\": null, \"low\": 3e-06, \"high\": 0.009, \"log\": true}}"}
{"op_code":5,"worker_id":"2308af96-1848-4185-8294-9a0d1213840d-139665703665664","trial_id":37,"param_name":"ab_desired_bl","param_value_internal":31.0,"distribution":"{\"name\": \"IntDistribution\", \"attributes\": {\"log\": false, \"step\": 1, \"low\": 31, \"high\": 31}}"}
{"op_code":5,"worker_id":"2308af96-1848-4185-8294-9a0d1213840d-139665703665664","trial_id":37,"param_name":"ab_multilevel","param_value_internal":12.0,"distribution":"{\"name\": \"IntDistribution\", \"attributes\": {\"log\": false, \"step\": 1, \"low\": 1, \"high\": 14}}"}
{"op_code":5,"worker_id":"2308af96-1848-4185-8294-9a0d1213840d-139665703665664","trial_id":37,"param_name":"a_reset_std","param_value_internal":1e-30,"distribution":"{\"name\": \"FloatDistribution\", \"attributes\": {\"step\": null, \"low\": 1e-30, \"high\": 1e-30, \"log\": true}}"}
{"op_code":5,"worker_id":"2308af96-1848-4185-8294-9a0d1213840d-139665703665664","trial_id":37,"param_name":"b_reset_std","param_value_internal":1e-30,"distribution":"{\"name\": \"FloatDistribution\", \"attributes\": {\"step\": null, \"low\": 1e-30, \"high\": 1e-30, \"log\": true}}"}
{"op_code":5,"worker_id":"2308af96-1848-4185-8294-9a0d1213840d-139665703665664","trial_id":37,"param_name":"c_dw_min","param_value_internal":0.002196756254885119,"distribution":"{\"name\": \"FloatDistribution\", \"attributes\": {\"step\": null, \"low\": 0.001, \"high\": 0.04, \"log\": true}}"}
{"op_code":5,"worker_id":"2308af96-1848-4185-8294-9a0d1213840d-139665703665664","trial_id":37,"param_name":"c_desired_bl","param_value_internal":31.0,"distribution":"{\"name\": \"IntDistribution\", \"attributes\": {\"log\": false, \"step\": 1, \"low\": 31, \"high\": 31}}"}
{"op_code":5,"worker_id":"2308af96-1848-4185-8294-9a0d1213840d-139665703665664","trial_id":37,"param_name":"out_noise","param_value_internal":0.0,"distribution":"{\"name\": \"FloatDistribution\", \"attributes\": {\"step\": null, \"low\": 0.0, \"high\": 0.0, \"log\": false}}"}
{"op_code":5,"worker_id":"2308af96-1848-4185-8294-9a0d1213840d-139665703665664","trial_id":37,"param_name":"ab_weight_scaling_omega","param_value_internal":0.0,"distribution":"{\"name\": \"FloatDistribution\", \"attributes\": {\"step\": null, \"low\": 0.0, \"high\": 0.0, \"log\": false}}"}
{"op_code":5,"worker_id":"2308af96-1848-4185-8294-9a0d1213840d-139665703665664","trial_id":37,"param_name":"min_lr_rate","param_value_internal":0.0,"distribution":"{\"name\": \"FloatDistribution\", \"attributes\": {\"step\": null, \"low\": 0.0, \"high\": 0.0, \"log\": false}}"}
{"op_code":5,"worker_id":"2308af96-1848-4185-8294-9a0d1213840d-139665703665664","trial_id":37,"param_name":"a_density","param_value_internal":0.012743069167112101,"distribution":"{\"name\": \"FloatDistribution\", \"attributes\": {\"step\": null, \"low\": 0.0009, \"high\": 1.0, \"log\": true}}"}
{"op_code":5,"worker_id":"8b263896-ff64-4249-a0bf-375cbcb369cf-139672061788160","trial_id":38,"param_name":"learning_rate","param_value_internal":0.005315860352369254,"distribution":"{\"name\": \"FloatDistribution\", \"attributes\": {\"step\": null, \"low\": 0.0009, \"high\": 0.007, \"log\": true}}"}
{"op_code":5,"worker_id":"8b263896-ff64-4249-a0bf-375cbcb369cf-139672061788160","trial_id":38,"param_name":"transfer_lr","param_value_internal":3.7389435443892556e-05,"distribution":"{\"name\": \"FloatDistribution\", \"attributes\": {\"step\": null, \"low\": 9e-06, \"high\": 5.0, \"log\": true}}"}
{"op_code":5,"worker_id":"8b263896-ff64-4249-a0bf-375cbcb369cf-139672061788160","trial_id":38,"param_name":"transfer_every","param_value_internal":50.0,"distribution":"{\"name\": \"IntDistribution\", \"attributes\": {\"log\": true, \"step\": 1, \"low\": 1, \"high\": 70}}"}
{"op_code":5,"worker_id":"8b263896-ff64-4249-a0bf-375cbcb369cf-139672061788160","trial_id":38,"param_name":"rank_exp","param_value_internal":6.0,"distribution":"{\"name\": \"IntDistribution\", \"attributes\": {\"log\": false, \"step\": 1, \"low\": 0, \"high\": 6}}"}
{"op_code":5,"worker_id":"8b263896-ff64-4249-a0bf-375cbcb369cf-139672061788160","trial_id":38,"param_name":"fast_lr","param_value_internal":16.87465200953311,"distribution":"{\"name\": \"FloatDistribution\", \"attributes\": {\"step\": null, \"low\": 2e-05, \"high\": 50.0, \"log\": true}}"}
{"op_code":5,"worker_id":"8b263896-ff64-4249-a0bf-375cbcb369cf-139672061788160","trial_id":38,"param_name":"tau_sec","param_value_internal":0.0,"distribution":"{\"name\": \"FloatDistribution\", \"attributes\": {\"step\": null, \"low\": 0.0, \"high\": 0.0, \"log\": false}}"}
{"op_code":5,"worker_id":"8b263896-ff64-4249-a0bf-375cbcb369cf-139672061788160","trial_id":38,"param_name":"ab_dw_min","param_value_internal":5e-06,"distribution":"{\"name\": \"FloatDistribution\", \"attributes\": {\"step\": null, \"low\": 3e-06, \"high\": 0.009, \"log\": true}}"}
{"op_code":5,"worker_id":"8b263896-ff64-4249-a0bf-375cbcb369cf-139672061788160","trial_id":38,"param_name":"ab_desired_bl","param_value_internal":31.0,"distribution":"{\"name\": \"IntDistribution\", \"attributes\": {\"log\": false, \"step\": 1, \"low\": 31, \"high\": 31}}"}
{"op_code":5,"worker_id":"8b263896-ff64-4249-a0bf-375cbcb369cf-139672061788160","trial_id":38,"param_name":"ab_multilevel","param_value_internal":12.0,"distribution":"{\"name\": \"IntDistribution\", \"attributes\": {\"log\": false, \"step\": 1, \"low\": 1, \"high\": 14}}"}
{"op_code":5,"worker_id":"8b263896-ff64-4249-a0bf-375cbcb369cf-139672061788160","trial_id":38,"param_name":"a_reset_std","param_value_internal":1e-30,"distribution":"{\"name\": \"FloatDistribution\", \"attributes\": {\"step\": null, \"low\": 1e-30, \"high\": 1e-30, \"log\": true}}"}
{"op_code":5,"worker_id":"8b263896-ff64-4249-a0bf-375cbcb369cf-139672061788160","trial_id":38,"param_name":"b_reset_std","param_value_internal":1e-30,"distribution":"{\"name\": \"FloatDistribution\", \"attributes\": {\"step\": null, \"low\": 1e-30, \"high\": 1e-30, \"log\": true}}"}
{"op_code":5,"worker_id":"8b263896-ff64-4249-a0bf-375cbcb369cf-139672061788160","trial_id":38,"param_name":"c_dw_min","param_value_internal":0.002340043140480451,"distribution":"{\"name\": \"FloatDistribution\", \"attributes\": {\"step\": null, \"low\": 0.001, \"high\": 0.04, \"log\": true}}"}
{"op_code":5,"worker_id":"8b263896-ff64-4249-a0bf-375cbcb369cf-139672061788160","trial_id":38,"param_name":"c_desired_bl","param_value_internal":31.0,"distribution":"{\"name\": \"IntDistribution\", \"attributes\": {\"log\": false, \"step\": 1, \"low\": 31, \"high\": 31}}"}
{"op_code":5,"worker_id":"8b263896-ff64-4249-a0bf-375cbcb369cf-139672061788160","trial_id":38,"param_name":"out_noise","param_value_internal":0.0,"distribution":"{\"name\": \"FloatDistribution\", \"attributes\": {\"step\": null, \"low\": 0.0, \"high\": 0.0, \"log\": false}}"}
{"op_code":5,"worker_id":"8b263896-ff64-4249-a0bf-375cbcb369cf-139672061788160","trial_id":38,"param_name":"ab_weight_scaling_omega","param_value_internal":0.0,"distribution":"{\"name\": \"FloatDistribution\", \"attributes\": {\"step\": null, \"low\": 0.0, \"high\": 0.0, \"log\": false}}"}
{"op_code":5,"worker_id":"8b263896-ff64-4249-a0bf-375cbcb369cf-139672061788160","trial_id":38,"param_name":"min_lr_rate","param_value_internal":0.0,"distribution":"{\"name\": \"FloatDistribution\", \"attributes\": {\"step\": null, \"low\": 0.0, \"high\": 0.0, \"log\": false}}"}
{"op_code":5,"worker_id":"8b263896-ff64-4249-a0bf-375cbcb369cf-139672061788160","trial_id":38,"param_name":"a_density","param_value_internal":0.013195046381577608,"distribution":"{\"name\": \"FloatDistribution\", \"attributes\": {\"step\": null, \"low\": 0.0009, \"high\": 1.0, \"log\": true}}"}
{"op_code":8,"worker_id":"94fcab39-a262-4c50-b7c5-86ebbb5a8a18-139987696013312","trial_id":35,"user_attr":{"grad_accum_steps":1}}
{"op_code":8,"worker_id":"e7d4dd1c-833e-4209-a30c-7a437c5b83c4-140384450662400","trial_id":36,"user_attr":{"grad_accum_steps":1}}
{"op_code":8,"worker_id":"2308af96-1848-4185-8294-9a0d1213840d-139665703665664","trial_id":37,"user_attr":{"grad_accum_steps":1}}
{"op_code":8,"worker_id":"8b263896-ff64-4249-a0bf-375cbcb369cf-139672061788160","trial_id":38,"user_attr":{"grad_accum_steps":1}}
{"op_code":7,"worker_id":"94fcab39-a262-4c50-b7c5-86ebbb5a8a18-139987696013312","trial_id":35,"step":1,"intermediate_value":74.07214159522299}
{"op_code":8,"worker_id":"94fcab39-a262-4c50-b7c5-86ebbb5a8a18-139987696013312","trial_id":35,"user_attr":{"train_loss_epoch_1":2.147505381501464}}
{"op_code":7,"worker_id":"e7d4dd1c-833e-4209-a30c-7a437c5b83c4-140384450662400","trial_id":36,"step":1,"intermediate_value":73.1553095321775}
{"op_code":8,"worker_id":"e7d4dd1c-833e-4209-a30c-7a437c5b83c4-140384450662400","trial_id":36,"user_attr":{"train_loss_epoch_1":2.150431928208204}}
{"op_code":7,"worker_id":"2308af96-1848-4185-8294-9a0d1213840d-139665703665664","trial_id":37,"step":1,"intermediate_value":73.79178818850565}
{"op_code":8,"worker_id":"2308af96-1848-4185-8294-9a0d1213840d-139665703665664","trial_id":37,"user_attr":{"train_loss_epoch_1":2.147500960096757}}
{"op_code":7,"worker_id":"8b263896-ff64-4249-a0bf-375cbcb369cf-139672061788160","trial_id":38,"step":1,"intermediate_value":73.83801278175861}
{"op_code":8,"worker_id":"8b263896-ff64-4249-a0bf-375cbcb369cf-139672061788160","trial_id":38,"user_attr":{"train_loss_epoch_1":2.138251003340331}}
{"op_code":7,"worker_id":"94fcab39-a262-4c50-b7c5-86ebbb5a8a18-139987696013312","trial_id":35,"step":2,"intermediate_value":75.29328960053576}
{"op_code":8,"worker_id":"94fcab39-a262-4c50-b7c5-86ebbb5a8a18-139987696013312","trial_id":35,"user_attr":{"train_loss_epoch_2":1.6899866571917443}}
{"op_code":7,"worker_id":"e7d4dd1c-833e-4209-a30c-7a437c5b83c4-140384450662400","trial_id":36,"step":2,"intermediate_value":75.40996798209977}
{"op_code":8,"worker_id":"e7d4dd1c-833e-4209-a30c-7a437c5b83c4-140384450662400","trial_id":36,"user_attr":{"train_loss_epoch_2":1.7123145562523425}}
{"op_code":7,"worker_id":"2308af96-1848-4185-8294-9a0d1213840d-139665703665664","trial_id":37,"step":2,"intermediate_value":75.6974721884317}
{"op_code":8,"worker_id":"2308af96-1848-4185-8294-9a0d1213840d-139665703665664","trial_id":37,"user_attr":{"train_loss_epoch_2":1.683254372395151}}
{"op_code":7,"worker_id":"8b263896-ff64-4249-a0bf-375cbcb369cf-139672061788160","trial_id":38,"step":2,"intermediate_value":74.85983756569264}
{"op_code":8,"worker_id":"8b263896-ff64-4249-a0bf-375cbcb369cf-139672061788160","trial_id":38,"user_attr":{"train_loss_epoch_2":1.6864801443366177}}
{"op_code":7,"worker_id":"94fcab39-a262-4c50-b7c5-86ebbb5a8a18-139987696013312","trial_id":35,"step":3,"intermediate_value":77.17462929685902}
{"op_code":8,"worker_id":"94fcab39-a262-4c50-b7c5-86ebbb5a8a18-139987696013312","trial_id":35,"user_attr":{"train_loss_epoch_3":1.615621459257958}}
{"op_code":7,"worker_id":"e7d4dd1c-833e-4209-a30c-7a437c5b83c4-140384450662400","trial_id":36,"step":3,"intermediate_value":76.68046267218001}
{"op_code":8,"worker_id":"e7d4dd1c-833e-4209-a30c-7a437c5b83c4-140384450662400","trial_id":36,"user_attr":{"train_loss_epoch_3":1.6428388923164305}}
{"op_code":7,"worker_id":"2308af96-1848-4185-8294-9a0d1213840d-139665703665664","trial_id":37,"step":3,"intermediate_value":77.13151424057149}
{"op_code":8,"worker_id":"2308af96-1848-4185-8294-9a0d1213840d-139665703665664","trial_id":37,"user_attr":{"train_loss_epoch_3":1.6053487335763326}}
{"op_code":7,"worker_id":"8b263896-ff64-4249-a0bf-375cbcb369cf-139672061788160","trial_id":38,"step":3,"intermediate_value":76.64646586496943}
{"op_code":8,"worker_id":"8b263896-ff64-4249-a0bf-375cbcb369cf-139672061788160","trial_id":38,"user_attr":{"train_loss_epoch_3":1.6167519426604273}}
{"op_code":7,"worker_id":"94fcab39-a262-4c50-b7c5-86ebbb5a8a18-139987696013312","trial_id":35,"step":4,"intermediate_value":77.91311990914531}
{"op_code":8,"worker_id":"94fcab39-a262-4c50-b7c5-86ebbb5a8a18-139987696013312","trial_id":35,"user_attr":{"train_loss_epoch_4":1.555996639844848}}
{"op_code":7,"worker_id":"e7d4dd1c-833e-4209-a30c-7a437c5b83c4-140384450662400","trial_id":36,"step":4,"intermediate_value":77.32161722814841}
{"op_code":8,"worker_id":"e7d4dd1c-833e-4209-a30c-7a437c5b83c4-140384450662400","trial_id":36,"user_attr":{"train_loss_epoch_4":1.5814329774076052}}
{"op_code":7,"worker_id":"2308af96-1848-4185-8294-9a0d1213840d-139665703665664","trial_id":37,"step":4,"intermediate_value":77.83493701416357}
{"op_code":8,"worker_id":"2308af96-1848-4185-8294-9a0d1213840d-139665703665664","trial_id":37,"user_attr":{"train_loss_epoch_4":1.5489150491833363}}
{"op_code":7,"worker_id":"8b263896-ff64-4249-a0bf-375cbcb369cf-139672061788160","trial_id":38,"step":4,"intermediate_value":77.53608227948483}
{"op_code":8,"worker_id":"8b263896-ff64-4249-a0bf-375cbcb369cf-139672061788160","trial_id":38,"user_attr":{"train_loss_epoch_4":1.5617178719218183}}
{"op_code":7,"worker_id":"94fcab39-a262-4c50-b7c5-86ebbb5a8a18-139987696013312","trial_id":35,"step":5,"intermediate_value":78.52155117234493}
{"op_code":8,"worker_id":"94fcab39-a262-4c50-b7c5-86ebbb5a8a18-139987696013312","trial_id":35,"user_attr":{"train_loss_epoch_5":1.5175365428291363}}
{"op_code":6,"worker_id":"94fcab39-a262-4c50-b7c5-86ebbb5a8a18-139987696013312","trial_id":35,"state":1,"values":[78.52155117234493],"datetime_complete":"2026-05-25T16:22:47.294882"}
{"op_code":4,"worker_id":"94fcab39-a262-4c50-b7c5-86ebbb5a8a18-139987696013312","study_id":0,"datetime_start":"2026-05-25T16:22:47.296507"}
{"op_code":5,"worker_id":"94fcab39-a262-4c50-b7c5-86ebbb5a8a18-139987696013312","trial_id":39,"param_name":"learning_rate","param_value_internal":0.0017102866187864484,"distribution":"{\"name\": \"FloatDistribution\", \"attributes\": {\"step\": null, \"low\": 0.0009, \"high\": 0.007, \"log\": true}}"}
{"op_code":5,"worker_id":"94fcab39-a262-4c50-b7c5-86ebbb5a8a18-139987696013312","trial_id":39,"param_name":"transfer_lr","param_value_internal":0.001845907951420269,"distribution":"{\"name\": \"FloatDistribution\", \"attributes\": {\"step\": null, \"low\": 9e-06, \"high\": 5.0, \"log\": true}}"}
{"op_code":5,"worker_id":"94fcab39-a262-4c50-b7c5-86ebbb5a8a18-139987696013312","trial_id":39,"param_name":"transfer_every","param_value_internal":13.0,"distribution":"{\"name\": \"IntDistribution\", \"attributes\": {\"log\": true, \"step\": 1, \"low\": 1, \"high\": 70}}"}
{"op_code":5,"worker_id":"94fcab39-a262-4c50-b7c5-86ebbb5a8a18-139987696013312","trial_id":39,"param_name":"rank_exp","param_value_internal":0.0,"distribution":"{\"name\": \"IntDistribution\", \"attributes\": {\"log\": false, \"step\": 1, \"low\": 0, \"high\": 6}}"}
{"op_code":5,"worker_id":"94fcab39-a262-4c50-b7c5-86ebbb5a8a18-139987696013312","trial_id":39,"param_name":"fast_lr","param_value_internal":0.00030539040934484833,"distribution":"{\"name\": \"FloatDistribution\", \"attributes\": {\"step\": null, \"low\": 2e-05, \"high\": 50.0, \"log\": true}}"}
{"op_code":5,"worker_id":"94fcab39-a262-4c50-b7c5-86ebbb5a8a18-139987696013312","trial_id":39,"param_name":"tau_sec","param_value_internal":0.0,"distribution":"{\"name\": \"FloatDistribution\", \"attributes\": {\"step\": null, \"low\": 0.0, \"high\": 0.0, \"log\": false}}"}
{"op_code":5,"worker_id":"94fcab39-a262-4c50-b7c5-86ebbb5a8a18-139987696013312","trial_id":39,"param_name":"ab_dw_min","param_value_internal":8.71570934991533e-05,"distribution":"{\"name\": \"FloatDistribution\", \"attributes\": {\"step\": null, \"low\": 3e-06, \"high\": 0.009, \"log\": true}}"}
{"op_code":5,"worker_id":"94fcab39-a262-4c50-b7c5-86ebbb5a8a18-139987696013312","trial_id":39,"param_name":"ab_desired_bl","param_value_internal":31.0,"distribution":"{\"name\": \"IntDistribution\", \"attributes\": {\"log\": false, \"step\": 1, \"low\": 31, \"high\": 31}}"}
{"op_code":5,"worker_id":"94fcab39-a262-4c50-b7c5-86ebbb5a8a18-139987696013312","trial_id":39,"param_name":"ab_multilevel","param_value_internal":9.0,"distribution":"{\"name\": \"IntDistribution\", \"attributes\": {\"log\": false, \"step\": 1, \"low\": 1, \"high\": 14}}"}
{"op_code":5,"worker_id":"94fcab39-a262-4c50-b7c5-86ebbb5a8a18-139987696013312","trial_id":39,"param_name":"a_reset_std","param_value_internal":1e-30,"distribution":"{\"name\": \"FloatDistribution\", \"attributes\": {\"step\": null, \"low\": 1e-30, \"high\": 1e-30, \"log\": true}}"}
{"op_code":5,"worker_id":"94fcab39-a262-4c50-b7c5-86ebbb5a8a18-139987696013312","trial_id":39,"param_name":"b_reset_std","param_value_internal":1e-30,"distribution":"{\"name\": \"FloatDistribution\", \"attributes\": {\"step\": null, \"low\": 1e-30, \"high\": 1e-30, \"log\": true}}"}
{"op_code":5,"worker_id":"94fcab39-a262-4c50-b7c5-86ebbb5a8a18-139987696013312","trial_id":39,"param_name":"c_dw_min","param_value_internal":0.003143694701490714,"distribution":"{\"name\": \"FloatDistribution\", \"attributes\": {\"step\": null, \"low\": 0.001, \"high\": 0.04, \"log\": true}}"}
{"op_code":5,"worker_id":"94fcab39-a262-4c50-b7c5-86ebbb5a8a18-139987696013312","trial_id":39,"param_name":"c_desired_bl","param_value_internal":31.0,"distribution":"{\"name\": \"IntDistribution\", \"attributes\": {\"log\": false, \"step\": 1, \"low\": 31, \"high\": 31}}"}
{"op_code":5,"worker_id":"94fcab39-a262-4c50-b7c5-86ebbb5a8a18-139987696013312","trial_id":39,"param_name":"out_noise","param_value_internal":0.0,"distribution":"{\"name\": \"FloatDistribution\", \"attributes\": {\"step\": null, \"low\": 0.0, \"high\": 0.0, \"log\": false}}"}
{"op_code":5,"worker_id":"94fcab39-a262-4c50-b7c5-86ebbb5a8a18-139987696013312","trial_id":39,"param_name":"ab_weight_scaling_omega","param_value_internal":0.0,"distribution":"{\"name\": \"FloatDistribution\", \"attributes\": {\"step\": null, \"low\": 0.0, \"high\": 0.0, \"log\": false}}"}
{"op_code":5,"worker_id":"94fcab39-a262-4c50-b7c5-86ebbb5a8a18-139987696013312","trial_id":39,"param_name":"min_lr_rate","param_value_internal":0.0,"distribution":"{\"name\": \"FloatDistribution\", \"attributes\": {\"step\": null, \"low\": 0.0, \"high\": 0.0, \"log\": false}}"}
{"op_code":5,"worker_id":"94fcab39-a262-4c50-b7c5-86ebbb5a8a18-139987696013312","trial_id":39,"param_name":"a_density","param_value_internal":0.06942907991220697,"distribution":"{\"name\": \"FloatDistribution\", \"attributes\": {\"step\": null, \"low\": 0.0009, \"high\": 1.0, \"log\": true}}"}
{"op_code":8,"worker_id":"94fcab39-a262-4c50-b7c5-86ebbb5a8a18-139987696013312","trial_id":39,"user_attr":{"grad_accum_steps":1}}
{"op_code":7,"worker_id":"e7d4dd1c-833e-4209-a30c-7a437c5b83c4-140384450662400","trial_id":36,"step":5,"intermediate_value":77.95180051600846}
{"op_code":8,"worker_id":"e7d4dd1c-833e-4209-a30c-7a437c5b83c4-140384450662400","trial_id":36,"user_attr":{"train_loss_epoch_5":1.5371877999486638}}
{"op_code":6,"worker_id":"e7d4dd1c-833e-4209-a30c-7a437c5b83c4-140384450662400","trial_id":36,"state":1,"values":[77.95180051600846],"datetime_complete":"2026-05-25T16:23:07.614352"}
{"op_code":4,"worker_id":"e7d4dd1c-833e-4209-a30c-7a437c5b83c4-140384450662400","study_id":0,"datetime_start":"2026-05-25T16:23:07.616029"}
{"op_code":5,"worker_id":"e7d4dd1c-833e-4209-a30c-7a437c5b83c4-140384450662400","trial_id":40,"param_name":"learning_rate","param_value_internal":0.005705310127510829,"distribution":"{\"name\": \"FloatDistribution\", \"attributes\": {\"step\": null, \"low\": 0.0009, \"high\": 0.007, \"log\": true}}"}
{"op_code":5,"worker_id":"e7d4dd1c-833e-4209-a30c-7a437c5b83c4-140384450662400","trial_id":40,"param_name":"transfer_lr","param_value_internal":1.1011890408360887,"distribution":"{\"name\": \"FloatDistribution\", \"attributes\": {\"step\": null, \"low\": 9e-06, \"high\": 5.0, \"log\": true}}"}
{"op_code":5,"worker_id":"e7d4dd1c-833e-4209-a30c-7a437c5b83c4-140384450662400","trial_id":40,"param_name":"transfer_every","param_value_internal":47.0,"distribution":"{\"name\": \"IntDistribution\", \"attributes\": {\"log\": true, \"step\": 1, \"low\": 1, \"high\": 70}}"}
{"op_code":5,"worker_id":"e7d4dd1c-833e-4209-a30c-7a437c5b83c4-140384450662400","trial_id":40,"param_name":"rank_exp","param_value_internal":0.0,"distribution":"{\"name\": \"IntDistribution\", \"attributes\": {\"log\": false, \"step\": 1, \"low\": 0, \"high\": 6}}"}
{"op_code":5,"worker_id":"e7d4dd1c-833e-4209-a30c-7a437c5b83c4-140384450662400","trial_id":40,"param_name":"fast_lr","param_value_internal":0.10630237453329897,"distribution":"{\"name\": \"FloatDistribution\", \"attributes\": {\"step\": null, \"low\": 2e-05, \"high\": 50.0, \"log\": true}}"}
{"op_code":5,"worker_id":"e7d4dd1c-833e-4209-a30c-7a437c5b83c4-140384450662400","trial_id":40,"param_name":"tau_sec","param_value_internal":0.0,"distribution":"{\"name\": \"FloatDistribution\", \"attributes\": {\"step\": null, \"low\": 0.0, \"high\": 0.0, \"log\": false}}"}
{"op_code":5,"worker_id":"e7d4dd1c-833e-4209-a30c-7a437c5b83c4-140384450662400","trial_id":40,"param_name":"ab_dw_min","param_value_internal":0.0009524107560497842,"distribution":"{\"name\": \"FloatDistribution\", \"attributes\": {\"step\": null, \"low\": 3e-06, \"high\": 0.009, \"log\": true}}"}
{"op_code":5,"worker_id":"e7d4dd1c-833e-4209-a30c-7a437c5b83c4-140384450662400","trial_id":40,"param_name":"ab_desired_bl","param_value_internal":31.0,"distribution":"{\"name\": \"IntDistribution\", \"attributes\": {\"log\": false, \"step\": 1, \"low\": 31, \"high\": 31}}"}
{"op_code":5,"worker_id":"e7d4dd1c-833e-4209-a30c-7a437c5b83c4-140384450662400","trial_id":40,"param_name":"ab_multilevel","param_value_internal":9.0,"distribution":"{\"name\": \"IntDistribution\", \"attributes\": {\"log\": false, \"step\": 1, \"low\": 1, \"high\": 14}}"}
{"op_code":5,"worker_id":"e7d4dd1c-833e-4209-a30c-7a437c5b83c4-140384450662400","trial_id":40,"param_name":"a_reset_std","param_value_internal":1e-30,"distribution":"{\"name\": \"FloatDistribution\", \"attributes\": {\"step\": null, \"low\": 1e-30, \"high\": 1e-30, \"log\": true}}"}
{"op_code":5,"worker_id":"e7d4dd1c-833e-4209-a30c-7a437c5b83c4-140384450662400","trial_id":40,"param_name":"b_reset_std","param_value_internal":1e-30,"distribution":"{\"name\": \"FloatDistribution\", \"attributes\": {\"step\": null, \"low\": 1e-30, \"high\": 1e-30, \"log\": true}}"}
{"op_code":5,"worker_id":"e7d4dd1c-833e-4209-a30c-7a437c5b83c4-140384450662400","trial_id":40,"param_name":"c_dw_min","param_value_internal":0.0031275517071980823,"distribution":"{\"name\": \"FloatDistribution\", \"attributes\": {\"step\": null, \"low\": 0.001, \"high\": 0.04, \"log\": true}}"}
{"op_code":5,"worker_id":"e7d4dd1c-833e-4209-a30c-7a437c5b83c4-140384450662400","trial_id":40,"param_name":"c_desired_bl","param_value_internal":31.0,"distribution":"{\"name\": \"IntDistribution\", \"attributes\": {\"log\": false, \"step\": 1, \"low\": 31, \"high\": 31}}"}
{"op_code":5,"worker_id":"e7d4dd1c-833e-4209-a30c-7a437c5b83c4-140384450662400","trial_id":40,"param_name":"out_noise","param_value_internal":0.0,"distribution":"{\"name\": \"FloatDistribution\", \"attributes\": {\"step\": null, \"low\": 0.0, \"high\": 0.0, \"log\": false}}"}
{"op_code":5,"worker_id":"e7d4dd1c-833e-4209-a30c-7a437c5b83c4-140384450662400","trial_id":40,"param_name":"ab_weight_scaling_omega","param_value_internal":0.0,"distribution":"{\"name\": \"FloatDistribution\", \"attributes\": {\"step\": null, \"low\": 0.0, \"high\": 0.0, \"log\": false}}"}
{"op_code":5,"worker_id":"e7d4dd1c-833e-4209-a30c-7a437c5b83c4-140384450662400","trial_id":40,"param_name":"min_lr_rate","param_value_internal":0.0,"distribution":"{\"name\": \"FloatDistribution\", \"attributes\": {\"step\": null, \"low\": 0.0, \"high\": 0.0, \"log\": false}}"}
{"op_code":5,"worker_id":"e7d4dd1c-833e-4209-a30c-7a437c5b83c4-140384450662400","trial_id":40,"param_name":"a_density","param_value_internal":0.026457551220124966,"distribution":"{\"name\": \"FloatDistribution\", \"attributes\": {\"step\": null, \"low\": 0.0009, \"high\": 1.0, \"log\": true}}"}
{"op_code":8,"worker_id":"e7d4dd1c-833e-4209-a30c-7a437c5b83c4-140384450662400","trial_id":40,"user_attr":{"grad_accum_steps":1}}
{"op_code":7,"worker_id":"2308af96-1848-4185-8294-9a0d1213840d-139665703665664","trial_id":37,"step":5,"intermediate_value":78.5168538480533}
{"op_code":8,"worker_id":"2308af96-1848-4185-8294-9a0d1213840d-139665703665664","trial_id":37,"user_attr":{"train_loss_epoch_5":1.5100498292181226}}
{"op_code":6,"worker_id":"2308af96-1848-4185-8294-9a0d1213840d-139665703665664","trial_id":37,"state":1,"values":[78.5168538480533],"datetime_complete":"2026-05-25T16:24:43.223139"}
{"op_code":4,"worker_id":"2308af96-1848-4185-8294-9a0d1213840d-139665703665664","study_id":0,"datetime_start":"2026-05-25T16:24:43.224798"}
{"op_code":5,"worker_id":"2308af96-1848-4185-8294-9a0d1213840d-139665703665664","trial_id":41,"param_name":"learning_rate","param_value_internal":0.0030712608857422032,"distribution":"{\"name\": \"FloatDistribution\", \"attributes\": {\"step\": null, \"low\": 0.0009, \"high\": 0.007, \"log\": true}}"}
{"op_code":5,"worker_id":"2308af96-1848-4185-8294-9a0d1213840d-139665703665664","trial_id":41,"param_name":"transfer_lr","param_value_internal":0.04344667433848188,"distribution":"{\"name\": \"FloatDistribution\", \"attributes\": {\"step\": null, \"low\": 9e-06, \"high\": 5.0, \"log\": true}}"}
{"op_code":5,"worker_id":"2308af96-1848-4185-8294-9a0d1213840d-139665703665664","trial_id":41,"param_name":"transfer_every","param_value_internal":50.0,"distribution":"{\"name\": \"IntDistribution\", \"attributes\": {\"log\": true, \"step\": 1, \"low\": 1, \"high\": 70}}"}
{"op_code":5,"worker_id":"2308af96-1848-4185-8294-9a0d1213840d-139665703665664","trial_id":41,"param_name":"rank_exp","param_value_internal":0.0,"distribution":"{\"name\": \"IntDistribution\", \"attributes\": {\"log\": false, \"step\": 1, \"low\": 0, \"high\": 6}}"}
{"op_code":5,"worker_id":"2308af96-1848-4185-8294-9a0d1213840d-139665703665664","trial_id":41,"param_name":"fast_lr","param_value_internal":0.1694056414694306,"distribution":"{\"name\": \"FloatDistribution\", \"attributes\": {\"step\": null, \"low\": 2e-05, \"high\": 50.0, \"log\": true}}"}
{"op_code":5,"worker_id":"2308af96-1848-4185-8294-9a0d1213840d-139665703665664","trial_id":41,"param_name":"tau_sec","param_value_internal":0.0,"distribution":"{\"name\": \"FloatDistribution\", \"attributes\": {\"step\": null, \"low\": 0.0, \"high\": 0.0, \"log\": false}}"}
{"op_code":5,"worker_id":"2308af96-1848-4185-8294-9a0d1213840d-139665703665664","trial_id":41,"param_name":"ab_dw_min","param_value_internal":0.0005294524425841253,"distribution":"{\"name\": \"FloatDistribution\", \"attributes\": {\"step\": null, \"low\": 3e-06, \"high\": 0.009, \"log\": true}}"}
{"op_code":5,"worker_id":"2308af96-1848-4185-8294-9a0d1213840d-139665703665664","trial_id":41,"param_name":"ab_desired_bl","param_value_internal":31.0,"distribution":"{\"name\": \"IntDistribution\", \"attributes\": {\"log\": false, \"step\": 1, \"low\": 31, \"high\": 31}}"}
{"op_code":5,"worker_id":"2308af96-1848-4185-8294-9a0d1213840d-139665703665664","trial_id":41,"param_name":"ab_multilevel","param_value_internal":9.0,"distribution":"{\"name\": \"IntDistribution\", \"attributes\": {\"log\": false, \"step\": 1, \"low\": 1, \"high\": 14}}"}
{"op_code":5,"worker_id":"2308af96-1848-4185-8294-9a0d1213840d-139665703665664","trial_id":41,"param_name":"a_reset_std","param_value_internal":1e-30,"distribution":"{\"name\": \"FloatDistribution\", \"attributes\": {\"step\": null, \"low\": 1e-30, \"high\": 1e-30, \"log\": true}}"}
{"op_code":5,"worker_id":"2308af96-1848-4185-8294-9a0d1213840d-139665703665664","trial_id":41,"param_name":"b_reset_std","param_value_internal":1e-30,"distribution":"{\"name\": \"FloatDistribution\", \"attributes\": {\"step\": null, \"low\": 1e-30, \"high\": 1e-30, \"log\": true}}"}
{"op_code":5,"worker_id":"2308af96-1848-4185-8294-9a0d1213840d-139665703665664","trial_id":41,"param_name":"c_dw_min","param_value_internal":0.003126000061289352,"distribution":"{\"name\": \"FloatDistribution\", \"attributes\": {\"step\": null, \"low\": 0.001, \"high\": 0.04, \"log\": true}}"}
{"op_code":5,"worker_id":"2308af96-1848-4185-8294-9a0d1213840d-139665703665664","trial_id":41,"param_name":"c_desired_bl","param_value_internal":31.0,"distribution":"{\"name\": \"IntDistribution\", \"attributes\": {\"log\": false, \"step\": 1, \"low\": 31, \"high\": 31}}"}
{"op_code":5,"worker_id":"2308af96-1848-4185-8294-9a0d1213840d-139665703665664","trial_id":41,"param_name":"out_noise","param_value_internal":0.0,"distribution":"{\"name\": \"FloatDistribution\", \"attributes\": {\"step\": null, \"low\": 0.0, \"high\": 0.0, \"log\": false}}"}
{"op_code":5,"worker_id":"2308af96-1848-4185-8294-9a0d1213840d-139665703665664","trial_id":41,"param_name":"ab_weight_scaling_omega","param_value_internal":0.0,"distribution":"{\"name\": \"FloatDistribution\", \"attributes\": {\"step\": null, \"low\": 0.0, \"high\": 0.0, \"log\": false}}"}
{"op_code":5,"worker_id":"2308af96-1848-4185-8294-9a0d1213840d-139665703665664","trial_id":41,"param_name":"min_lr_rate","param_value_internal":0.0,"distribution":"{\"name\": \"FloatDistribution\", \"attributes\": {\"step\": null, \"low\": 0.0, \"high\": 0.0, \"log\": false}}"}
{"op_code":5,"worker_id":"2308af96-1848-4185-8294-9a0d1213840d-139665703665664","trial_id":41,"param_name":"a_density","param_value_internal":0.15083437983840012,"distribution":"{\"name\": \"FloatDistribution\", \"attributes\": {\"step\": null, \"low\": 0.0009, \"high\": 1.0, \"log\": true}}"}
{"op_code":8,"worker_id":"2308af96-1848-4185-8294-9a0d1213840d-139665703665664","trial_id":41,"user_attr":{"grad_accum_steps":1}}
{"op_code":7,"worker_id":"8b263896-ff64-4249-a0bf-375cbcb369cf-139672061788160","trial_id":38,"step":5,"intermediate_value":78.23355538518935}
{"op_code":8,"worker_id":"8b263896-ff64-4249-a0bf-375cbcb369cf-139672061788160","trial_id":38,"user_attr":{"train_loss_epoch_5":1.5196332612011814}}
{"op_code":6,"worker_id":"8b263896-ff64-4249-a0bf-375cbcb369cf-139672061788160","trial_id":38,"state":1,"values":[78.23355538518935],"datetime_complete":"2026-05-25T16:37:56.243251"}
{"op_code":4,"worker_id":"8b263896-ff64-4249-a0bf-375cbcb369cf-139672061788160","study_id":0,"datetime_start":"2026-05-25T16:37:56.245008"}
{"op_code":5,"worker_id":"8b263896-ff64-4249-a0bf-375cbcb369cf-139672061788160","trial_id":42,"param_name":"learning_rate","param_value_internal":0.0018710470600959658,"distribution":"{\"name\": \"FloatDistribution\", \"attributes\": {\"step\": null, \"low\": 0.0009, \"high\": 0.007, \"log\": true}}"}
{"op_code":5,"worker_id":"8b263896-ff64-4249-a0bf-375cbcb369cf-139672061788160","trial_id":42,"param_name":"transfer_lr","param_value_internal":0.024954940896922212,"distribution":"{\"name\": \"FloatDistribution\", \"attributes\": {\"step\": null, \"low\": 9e-06, \"high\": 5.0, \"log\": true}}"}
{"op_code":5,"worker_id":"8b263896-ff64-4249-a0bf-375cbcb369cf-139672061788160","trial_id":42,"param_name":"transfer_every","param_value_internal":1.0,"distribution":"{\"name\": \"IntDistribution\", \"attributes\": {\"log\": true, \"step\": 1, \"low\": 1, \"high\": 70}}"}
{"op_code":5,"worker_id":"8b263896-ff64-4249-a0bf-375cbcb369cf-139672061788160","trial_id":42,"param_name":"rank_exp","param_value_internal":0.0,"distribution":"{\"name\": \"IntDistribution\", \"attributes\": {\"log\": false, \"step\": 1, \"low\": 0, \"high\": 6}}"}
{"op_code":5,"worker_id":"8b263896-ff64-4249-a0bf-375cbcb369cf-139672061788160","trial_id":42,"param_name":"fast_lr","param_value_internal":0.0017518743712597062,"distribution":"{\"name\": \"FloatDistribution\", \"attributes\": {\"step\": null, \"low\": 2e-05, \"high\": 50.0, \"log\": true}}"}
{"op_code":5,"worker_id":"8b263896-ff64-4249-a0bf-375cbcb369cf-139672061788160","trial_id":42,"param_name":"tau_sec","param_value_internal":0.0,"distribution":"{\"name\": \"FloatDistribution\", \"attributes\": {\"step\": null, \"low\": 0.0, \"high\": 0.0, \"log\": false}}"}
{"op_code":5,"worker_id":"8b263896-ff64-4249-a0bf-375cbcb369cf-139672061788160","trial_id":42,"param_name":"ab_dw_min","param_value_internal":0.00022465854897784645,"distribution":"{\"name\": \"FloatDistribution\", \"attributes\": {\"step\": null, \"low\": 3e-06, \"high\": 0.009, \"log\": true}}"}
{"op_code":5,"worker_id":"8b263896-ff64-4249-a0bf-375cbcb369cf-139672061788160","trial_id":42,"param_name":"ab_desired_bl","param_value_internal":31.0,"distribution":"{\"name\": \"IntDistribution\", \"attributes\": {\"log\": false, \"step\": 1, \"low\": 31, \"high\": 31}}"}
{"op_code":5,"worker_id":"8b263896-ff64-4249-a0bf-375cbcb369cf-139672061788160","trial_id":42,"param_name":"ab_multilevel","param_value_internal":9.0,"distribution":"{\"name\": \"IntDistribution\", \"attributes\": {\"log\": false, \"step\": 1, \"low\": 1, \"high\": 14}}"}
{"op_code":5,"worker_id":"8b263896-ff64-4249-a0bf-375cbcb369cf-139672061788160","trial_id":42,"param_name":"a_reset_std","param_value_internal":1e-30,"distribution":"{\"name\": \"FloatDistribution\", \"attributes\": {\"step\": null, \"low\": 1e-30, \"high\": 1e-30, \"log\": true}}"}
{"op_code":5,"worker_id":"8b263896-ff64-4249-a0bf-375cbcb369cf-139672061788160","trial_id":42,"param_name":"b_reset_std","param_value_internal":1e-30,"distribution":"{\"name\": \"FloatDistribution\", \"attributes\": {\"step\": null, \"low\": 1e-30, \"high\": 1e-30, \"log\": true}}"}
{"op_code":5,"worker_id":"8b263896-ff64-4249-a0bf-375cbcb369cf-139672061788160","trial_id":42,"param_name":"c_dw_min","param_value_internal":0.0031370540329969695,"distribution":"{\"name\": \"FloatDistribution\", \"attributes\": {\"step\": null, \"low\": 0.001, \"high\": 0.04, \"log\": true}}"}
{"op_code":5,"worker_id":"8b263896-ff64-4249-a0bf-375cbcb369cf-139672061788160","trial_id":42,"param_name":"c_desired_bl","param_value_internal":31.0,"distribution":"{\"name\": \"IntDistribution\", \"attributes\": {\"log\": false, \"step\": 1, \"low\": 31, \"high\": 31}}"}
{"op_code":5,"worker_id":"8b263896-ff64-4249-a0bf-375cbcb369cf-139672061788160","trial_id":42,"param_name":"out_noise","param_value_internal":0.0,"distribution":"{\"name\": \"FloatDistribution\", \"attributes\": {\"step\": null, \"low\": 0.0, \"high\": 0.0, \"log\": false}}"}
{"op_code":5,"worker_id":"8b263896-ff64-4249-a0bf-375cbcb369cf-139672061788160","trial_id":42,"param_name":"ab_weight_scaling_omega","param_value_internal":0.0,"distribution":"{\"name\": \"FloatDistribution\", \"attributes\": {\"step\": null, \"low\": 0.0, \"high\": 0.0, \"log\": false}}"}
{"op_code":5,"worker_id":"8b263896-ff64-4249-a0bf-375cbcb369cf-139672061788160","trial_id":42,"param_name":"min_lr_rate","param_value_internal":0.0,"distribution":"{\"name\": \"FloatDistribution\", \"attributes\": {\"step\": null, \"low\": 0.0, \"high\": 0.0, \"log\": false}}"}
{"op_code":5,"worker_id":"8b263896-ff64-4249-a0bf-375cbcb369cf-139672061788160","trial_id":42,"param_name":"a_density","param_value_internal":0.7843695155821488,"distribution":"{\"name\": \"FloatDistribution\", \"attributes\": {\"step\": null, \"low\": 0.0009, \"high\": 1.0, \"log\": true}}"}
{"op_code":8,"worker_id":"8b263896-ff64-4249-a0bf-375cbcb369cf-139672061788160","trial_id":42,"user_attr":{"grad_accum_steps":1}}
{"op_code":7,"worker_id":"94fcab39-a262-4c50-b7c5-86ebbb5a8a18-139987696013312","trial_id":39,"step":1,"intermediate_value":73.0441984246459}
{"op_code":8,"worker_id":"94fcab39-a262-4c50-b7c5-86ebbb5a8a18-139987696013312","trial_id":39,"user_attr":{"train_loss_epoch_1":2.3197454546202168}}
{"op_code":7,"worker_id":"e7d4dd1c-833e-4209-a30c-7a437c5b83c4-140384450662400","trial_id":40,"step":1,"intermediate_value":73.48940076051657}
{"op_code":8,"worker_id":"e7d4dd1c-833e-4209-a30c-7a437c5b83c4-140384450662400","trial_id":40,"user_attr":{"train_loss_epoch_1":2.1579258861257453}}
{"op_code":7,"worker_id":"2308af96-1848-4185-8294-9a0d1213840d-139665703665664","trial_id":41,"step":1,"intermediate_value":74.31958387353664}
{"op_code":8,"worker_id":"2308af96-1848-4185-8294-9a0d1213840d-139665703665664","trial_id":41,"user_attr":{"train_loss_epoch_1":2.1934969783798466}}
{"op_code":7,"worker_id":"8b263896-ff64-4249-a0bf-375cbcb369cf-139672061788160","trial_id":42,"step":1,"intermediate_value":73.58234192628555}
{"op_code":8,"worker_id":"8b263896-ff64-4249-a0bf-375cbcb369cf-139672061788160","trial_id":42,"user_attr":{"train_loss_epoch_1":2.2917108807783464}}
{"op_code":7,"worker_id":"94fcab39-a262-4c50-b7c5-86ebbb5a8a18-139987696013312","trial_id":39,"step":2,"intermediate_value":75.4630777229199}
{"op_code":8,"worker_id":"94fcab39-a262-4c50-b7c5-86ebbb5a8a18-139987696013312","trial_id":39,"user_attr":{"train_loss_epoch_2":1.6963404512663844}}
{"op_code":7,"worker_id":"e7d4dd1c-833e-4209-a30c-7a437c5b83c4-140384450662400","trial_id":40,"step":2,"intermediate_value":75.40386711256964}
{"op_code":8,"worker_id":"e7d4dd1c-833e-4209-a30c-7a437c5b83c4-140384450662400","trial_id":40,"user_attr":{"train_loss_epoch_2":1.7419350615684903}}
{"op_code":7,"worker_id":"2308af96-1848-4185-8294-9a0d1213840d-139665703665664","trial_id":41,"step":2,"intermediate_value":76.67451180721143}
{"op_code":8,"worker_id":"2308af96-1848-4185-8294-9a0d1213840d-139665703665664","trial_id":41,"user_attr":{"train_loss_epoch_2":1.6557653007145496}}
{"op_code":7,"worker_id":"94fcab39-a262-4c50-b7c5-86ebbb5a8a18-139987696013312","trial_id":39,"step":3,"intermediate_value":76.33184919356708}
{"op_code":8,"worker_id":"94fcab39-a262-4c50-b7c5-86ebbb5a8a18-139987696013312","trial_id":39,"user_attr":{"train_loss_epoch_3":1.6159288775630114}}
{"op_code":7,"worker_id":"e7d4dd1c-833e-4209-a30c-7a437c5b83c4-140384450662400","trial_id":40,"step":3,"intermediate_value":75.81501100030138}
{"op_code":8,"worker_id":"e7d4dd1c-833e-4209-a30c-7a437c5b83c4-140384450662400","trial_id":40,"user_attr":{"train_loss_epoch_3":1.6873455194276845}}
{"op_code":7,"worker_id":"8b263896-ff64-4249-a0bf-375cbcb369cf-139672061788160","trial_id":42,"step":2,"intermediate_value":76.04490593628397}
{"op_code":8,"worker_id":"8b263896-ff64-4249-a0bf-375cbcb369cf-139672061788160","trial_id":42,"user_attr":{"train_loss_epoch_2":1.6890621502224992}}
{"op_code":7,"worker_id":"2308af96-1848-4185-8294-9a0d1213840d-139665703665664","trial_id":41,"step":3,"intermediate_value":77.46421637104702}
{"op_code":8,"worker_id":"2308af96-1848-4185-8294-9a0d1213840d-139665703665664","trial_id":41,"user_attr":{"train_loss_epoch_3":1.577828963985288}}
{"op_code":7,"worker_id":"94fcab39-a262-4c50-b7c5-86ebbb5a8a18-139987696013312","trial_id":39,"step":4,"intermediate_value":77.17672824275657}
{"op_code":8,"worker_id":"94fcab39-a262-4c50-b7c5-86ebbb5a8a18-139987696013312","trial_id":39,"user_attr":{"train_loss_epoch_4":1.5722429313310762}}
{"op_code":7,"worker_id":"e7d4dd1c-833e-4209-a30c-7a437c5b83c4-140384450662400","trial_id":40,"step":4,"intermediate_value":76.24334085875115}
{"op_code":8,"worker_id":"e7d4dd1c-833e-4209-a30c-7a437c5b83c4-140384450662400","trial_id":40,"user_attr":{"train_loss_epoch_4":1.6525552628809197}}
{"op_code":7,"worker_id":"8b263896-ff64-4249-a0bf-375cbcb369cf-139672061788160","trial_id":42,"step":3,"intermediate_value":77.07620979683303}
{"op_code":8,"worker_id":"8b263896-ff64-4249-a0bf-375cbcb369cf-139672061788160","trial_id":42,"user_attr":{"train_loss_epoch_3":1.6067484144595903}}
{"op_code":7,"worker_id":"2308af96-1848-4185-8294-9a0d1213840d-139665703665664","trial_id":41,"step":4,"intermediate_value":78.50923395003511}
{"op_code":8,"worker_id":"2308af96-1848-4185-8294-9a0d1213840d-139665703665664","trial_id":41,"user_attr":{"train_loss_epoch_4":1.5275677770780032}}
{"op_code":7,"worker_id":"94fcab39-a262-4c50-b7c5-86ebbb5a8a18-139987696013312","trial_id":39,"step":5,"intermediate_value":77.17672824275657}
{"op_code":8,"worker_id":"94fcab39-a262-4c50-b7c5-86ebbb5a8a18-139987696013312","trial_id":39,"user_attr":{"train_loss_epoch_5":1.5444729653477345}}
{"op_code":6,"worker_id":"94fcab39-a262-4c50-b7c5-86ebbb5a8a18-139987696013312","trial_id":39,"state":1,"values":[77.17672824275657],"datetime_complete":"2026-05-25T17:42:57.787133"}
{"op_code":4,"worker_id":"94fcab39-a262-4c50-b7c5-86ebbb5a8a18-139987696013312","study_id":0,"datetime_start":"2026-05-25T17:42:57.789070"}
{"op_code":5,"worker_id":"94fcab39-a262-4c50-b7c5-86ebbb5a8a18-139987696013312","trial_id":43,"param_name":"learning_rate","param_value_internal":0.0065466735041483015,"distribution":"{\"name\": \"FloatDistribution\", \"attributes\": {\"step\": null, \"low\": 0.0009, \"high\": 0.007, \"log\": true}}"}
{"op_code":5,"worker_id":"94fcab39-a262-4c50-b7c5-86ebbb5a8a18-139987696013312","trial_id":43,"param_name":"transfer_lr","param_value_internal":0.33795386482592843,"distribution":"{\"name\": \"FloatDistribution\", \"attributes\": {\"step\": null, \"low\": 9e-06, \"high\": 5.0, \"log\": true}}"}
{"op_code":5,"worker_id":"94fcab39-a262-4c50-b7c5-86ebbb5a8a18-139987696013312","trial_id":43,"param_name":"transfer_every","param_value_internal":2.0,"distribution":"{\"name\": \"IntDistribution\", \"attributes\": {\"log\": true, \"step\": 1, \"low\": 1, \"high\": 70}}"}
{"op_code":5,"worker_id":"94fcab39-a262-4c50-b7c5-86ebbb5a8a18-139987696013312","trial_id":43,"param_name":"rank_exp","param_value_internal":6.0,"distribution":"{\"name\": \"IntDistribution\", \"attributes\": {\"log\": false, \"step\": 1, \"low\": 0, \"high\": 6}}"}
{"op_code":5,"worker_id":"94fcab39-a262-4c50-b7c5-86ebbb5a8a18-139987696013312","trial_id":43,"param_name":"fast_lr","param_value_internal":2.156750536684163,"distribution":"{\"name\": \"FloatDistribution\", \"attributes\": {\"step\": null, \"low\": 2e-05, \"high\": 50.0, \"log\": true}}"}
{"op_code":5,"worker_id":"94fcab39-a262-4c50-b7c5-86ebbb5a8a18-139987696013312","trial_id":43,"param_name":"tau_sec","param_value_internal":0.0,"distribution":"{\"name\": \"FloatDistribution\", \"attributes\": {\"step\": null, \"low\": 0.0, \"high\": 0.0, \"log\": false}}"}
{"op_code":5,"worker_id":"94fcab39-a262-4c50-b7c5-86ebbb5a8a18-139987696013312","trial_id":43,"param_name":"ab_dw_min","param_value_internal":0.0005207403681449647,"distribution":"{\"name\": \"FloatDistribution\", \"attributes\": {\"step\": null, \"low\": 3e-06, \"high\": 0.009, \"log\": true}}"}
{"op_code":5,"worker_id":"94fcab39-a262-4c50-b7c5-86ebbb5a8a18-139987696013312","trial_id":43,"param_name":"ab_desired_bl","param_value_internal":31.0,"distribution":"{\"name\": \"IntDistribution\", \"attributes\": {\"log\": false, \"step\": 1, \"low\": 31, \"high\": 31}}"}
{"op_code":5,"worker_id":"94fcab39-a262-4c50-b7c5-86ebbb5a8a18-139987696013312","trial_id":43,"param_name":"ab_multilevel","param_value_internal":14.0,"distribution":"{\"name\": \"IntDistribution\", \"attributes\": {\"log\": false, \"step\": 1, \"low\": 1, \"high\": 14}}"}
{"op_code":5,"worker_id":"94fcab39-a262-4c50-b7c5-86ebbb5a8a18-139987696013312","trial_id":43,"param_name":"a_reset_std","param_value_internal":1e-30,"distribution":"{\"name\": \"FloatDistribution\", \"attributes\": {\"step\": null, \"low\": 1e-30, \"high\": 1e-30, \"log\": true}}"}
{"op_code":5,"worker_id":"94fcab39-a262-4c50-b7c5-86ebbb5a8a18-139987696013312","trial_id":43,"param_name":"b_reset_std","param_value_internal":1e-30,"distribution":"{\"name\": \"FloatDistribution\", \"attributes\": {\"step\": null, \"low\": 1e-30, \"high\": 1e-30, \"log\": true}}"}
{"op_code":5,"worker_id":"94fcab39-a262-4c50-b7c5-86ebbb5a8a18-139987696013312","trial_id":43,"param_name":"c_dw_min","param_value_internal":0.0018852545389671624,"distribution":"{\"name\": \"FloatDistribution\", \"attributes\": {\"step\": null, \"low\": 0.001, \"high\": 0.04, \"log\": true}}"}
{"op_code":5,"worker_id":"94fcab39-a262-4c50-b7c5-86ebbb5a8a18-139987696013312","trial_id":43,"param_name":"c_desired_bl","param_value_internal":31.0,"distribution":"{\"name\": \"IntDistribution\", \"attributes\": {\"log\": false, \"step\": 1, \"low\": 31, \"high\": 31}}"}
{"op_code":5,"worker_id":"94fcab39-a262-4c50-b7c5-86ebbb5a8a18-139987696013312","trial_id":43,"param_name":"out_noise","param_value_internal":0.0,"distribution":"{\"name\": \"FloatDistribution\", \"attributes\": {\"step\": null, \"low\": 0.0, \"high\": 0.0, \"log\": false}}"}
{"op_code":5,"worker_id":"94fcab39-a262-4c50-b7c5-86ebbb5a8a18-139987696013312","trial_id":43,"param_name":"ab_weight_scaling_omega","param_value_internal":0.0,"distribution":"{\"name\": \"FloatDistribution\", \"attributes\": {\"step\": null, \"low\": 0.0, \"high\": 0.0, \"log\": false}}"}
{"op_code":5,"worker_id":"94fcab39-a262-4c50-b7c5-86ebbb5a8a18-139987696013312","trial_id":43,"param_name":"min_lr_rate","param_value_internal":0.0,"distribution":"{\"name\": \"FloatDistribution\", \"attributes\": {\"step\": null, \"low\": 0.0, \"high\": 0.0, \"log\": false}}"}
{"op_code":5,"worker_id":"94fcab39-a262-4c50-b7c5-86ebbb5a8a18-139987696013312","trial_id":43,"param_name":"a_density","param_value_internal":0.8221825590243526,"distribution":"{\"name\": \"FloatDistribution\", \"attributes\": {\"step\": null, \"low\": 0.0009, \"high\": 1.0, \"log\": true}}"}
{"op_code":7,"worker_id":"e7d4dd1c-833e-4209-a30c-7a437c5b83c4-140384450662400","trial_id":40,"step":5,"intermediate_value":76.24334085875115}
{"op_code":8,"worker_id":"e7d4dd1c-833e-4209-a30c-7a437c5b83c4-140384450662400","trial_id":40,"user_attr":{"train_loss_epoch_5":1.634060419962658}}
{"op_code":6,"worker_id":"e7d4dd1c-833e-4209-a30c-7a437c5b83c4-140384450662400","trial_id":40,"state":1,"values":[76.24334085875115],"datetime_complete":"2026-05-25T17:43:12.192339"}
{"op_code":4,"worker_id":"e7d4dd1c-833e-4209-a30c-7a437c5b83c4-140384450662400","study_id":0,"datetime_start":"2026-05-25T17:43:12.194094"}
{"op_code":8,"worker_id":"94fcab39-a262-4c50-b7c5-86ebbb5a8a18-139987696013312","trial_id":43,"user_attr":{"grad_accum_steps":1}}
{"op_code":5,"worker_id":"e7d4dd1c-833e-4209-a30c-7a437c5b83c4-140384450662400","trial_id":44,"param_name":"learning_rate","param_value_internal":0.004081211051931942,"distribution":"{\"name\": \"FloatDistribution\", \"attributes\": {\"step\": null, \"low\": 0.0009, \"high\": 0.007, \"log\": true}}"}
{"op_code":5,"worker_id":"e7d4dd1c-833e-4209-a30c-7a437c5b83c4-140384450662400","trial_id":44,"param_name":"transfer_lr","param_value_internal":0.0002562651750330306,"distribution":"{\"name\": \"FloatDistribution\", \"attributes\": {\"step\": null, \"low\": 9e-06, \"high\": 5.0, \"log\": true}}"}
{"op_code":5,"worker_id":"e7d4dd1c-833e-4209-a30c-7a437c5b83c4-140384450662400","trial_id":44,"param_name":"transfer_every","param_value_internal":16.0,"distribution":"{\"name\": \"IntDistribution\", \"attributes\": {\"log\": true, \"step\": 1, \"low\": 1, \"high\": 70}}"}
{"op_code":5,"worker_id":"e7d4dd1c-833e-4209-a30c-7a437c5b83c4-140384450662400","trial_id":44,"param_name":"rank_exp","param_value_internal":6.0,"distribution":"{\"name\": \"IntDistribution\", \"attributes\": {\"log\": false, \"step\": 1, \"low\": 0, \"high\": 6}}"}
{"op_code":5,"worker_id":"e7d4dd1c-833e-4209-a30c-7a437c5b83c4-140384450662400","trial_id":44,"param_name":"fast_lr","param_value_internal":6.29015807558126e-05,"distribution":"{\"name\": \"FloatDistribution\", \"attributes\": {\"step\": null, \"low\": 2e-05, \"high\": 50.0, \"log\": true}}"}
{"op_code":5,"worker_id":"e7d4dd1c-833e-4209-a30c-7a437c5b83c4-140384450662400","trial_id":44,"param_name":"tau_sec","param_value_internal":0.0,"distribution":"{\"name\": \"FloatDistribution\", \"attributes\": {\"step\": null, \"low\": 0.0, \"high\": 0.0, \"log\": false}}"}
{"op_code":5,"worker_id":"e7d4dd1c-833e-4209-a30c-7a437c5b83c4-140384450662400","trial_id":44,"param_name":"ab_dw_min","param_value_internal":5.009763240328228e-06,"distribution":"{\"name\": \"FloatDistribution\", \"attributes\": {\"step\": null, \"low\": 3e-06, \"high\": 0.009, \"log\": true}}"}
{"op_code":5,"worker_id":"e7d4dd1c-833e-4209-a30c-7a437c5b83c4-140384450662400","trial_id":44,"param_name":"ab_desired_bl","param_value_internal":31.0,"distribution":"{\"name\": \"IntDistribution\", \"attributes\": {\"log\": false, \"step\": 1, \"low\": 31, \"high\": 31}}"}
{"op_code":5,"worker_id":"e7d4dd1c-833e-4209-a30c-7a437c5b83c4-140384450662400","trial_id":44,"param_name":"ab_multilevel","param_value_internal":14.0,"distribution":"{\"name\": \"IntDistribution\", \"attributes\": {\"log\": false, \"step\": 1, \"low\": 1, \"high\": 14}}"}
{"op_code":5,"worker_id":"e7d4dd1c-833e-4209-a30c-7a437c5b83c4-140384450662400","trial_id":44,"param_name":"a_reset_std","param_value_internal":1e-30,"distribution":"{\"name\": \"FloatDistribution\", \"attributes\": {\"step\": null, \"low\": 1e-30, \"high\": 1e-30, \"log\": true}}"}
{"op_code":5,"worker_id":"e7d4dd1c-833e-4209-a30c-7a437c5b83c4-140384450662400","trial_id":44,"param_name":"b_reset_std","param_value_internal":1e-30,"distribution":"{\"name\": \"FloatDistribution\", \"attributes\": {\"step\": null, \"low\": 1e-30, \"high\": 1e-30, \"log\": true}}"}
{"op_code":5,"worker_id":"e7d4dd1c-833e-4209-a30c-7a437c5b83c4-140384450662400","trial_id":44,"param_name":"c_dw_min","param_value_internal":0.001895382167831624,"distribution":"{\"name\": \"FloatDistribution\", \"attributes\": {\"step\": null, \"low\": 0.001, \"high\": 0.04, \"log\": true}}"}
{"op_code":5,"worker_id":"e7d4dd1c-833e-4209-a30c-7a437c5b83c4-140384450662400","trial_id":44,"param_name":"c_desired_bl","param_value_internal":31.0,"distribution":"{\"name\": \"IntDistribution\", \"attributes\": {\"log\": false, \"step\": 1, \"low\": 31, \"high\": 31}}"}
{"op_code":5,"worker_id":"e7d4dd1c-833e-4209-a30c-7a437c5b83c4-140384450662400","trial_id":44,"param_name":"out_noise","param_value_internal":0.0,"distribution":"{\"name\": \"FloatDistribution\", \"attributes\": {\"step\": null, \"low\": 0.0, \"high\": 0.0, \"log\": false}}"}
{"op_code":5,"worker_id":"e7d4dd1c-833e-4209-a30c-7a437c5b83c4-140384450662400","trial_id":44,"param_name":"ab_weight_scaling_omega","param_value_internal":0.0,"distribution":"{\"name\": \"FloatDistribution\", \"attributes\": {\"step\": null, \"low\": 0.0, \"high\": 0.0, \"log\": false}}"}
{"op_code":5,"worker_id":"e7d4dd1c-833e-4209-a30c-7a437c5b83c4-140384450662400","trial_id":44,"param_name":"min_lr_rate","param_value_internal":0.0,"distribution":"{\"name\": \"FloatDistribution\", \"attributes\": {\"step\": null, \"low\": 0.0, \"high\": 0.0, \"log\": false}}"}
{"op_code":5,"worker_id":"e7d4dd1c-833e-4209-a30c-7a437c5b83c4-140384450662400","trial_id":44,"param_name":"a_density","param_value_internal":0.32742428574501886,"distribution":"{\"name\": \"FloatDistribution\", \"attributes\": {\"step\": null, \"low\": 0.0009, \"high\": 1.0, \"log\": true}}"}
{"op_code":8,"worker_id":"e7d4dd1c-833e-4209-a30c-7a437c5b83c4-140384450662400","trial_id":44,"user_attr":{"grad_accum_steps":1}}
{"op_code":7,"worker_id":"8b263896-ff64-4249-a0bf-375cbcb369cf-139672061788160","trial_id":42,"step":4,"intermediate_value":77.44043495743978}
{"op_code":8,"worker_id":"8b263896-ff64-4249-a0bf-375cbcb369cf-139672061788160","trial_id":42,"user_attr":{"train_loss_epoch_4":1.563839586446602}}
{"op_code":7,"worker_id":"2308af96-1848-4185-8294-9a0d1213840d-139665703665664","trial_id":41,"step":5,"intermediate_value":78.67516582282573}
{"op_code":8,"worker_id":"2308af96-1848-4185-8294-9a0d1213840d-139665703665664","trial_id":41,"user_attr":{"train_loss_epoch_5":1.4906566665101504}}
{"op_code":6,"worker_id":"2308af96-1848-4185-8294-9a0d1213840d-139665703665664","trial_id":41,"state":1,"values":[78.67516582282573],"datetime_complete":"2026-05-25T17:45:03.617819"}
{"op_code":4,"worker_id":"2308af96-1848-4185-8294-9a0d1213840d-139665703665664","study_id":0,"datetime_start":"2026-05-25T17:45:03.619469"}
{"op_code":5,"worker_id":"2308af96-1848-4185-8294-9a0d1213840d-139665703665664","trial_id":45,"param_name":"learning_rate","param_value_internal":0.005605344909010824,"distribution":"{\"name\": \"FloatDistribution\", \"attributes\": {\"step\": null, \"low\": 0.0009, \"high\": 0.007, \"log\": true}}"}
{"op_code":5,"worker_id":"2308af96-1848-4185-8294-9a0d1213840d-139665703665664","trial_id":45,"param_name":"transfer_lr","param_value_internal":0.00034182420644727834,"distribution":"{\"name\": \"FloatDistribution\", \"attributes\": {\"step\": null, \"low\": 9e-06, \"high\": 5.0, \"log\": true}}"}
{"op_code":5,"worker_id":"2308af96-1848-4185-8294-9a0d1213840d-139665703665664","trial_id":45,"param_name":"transfer_every","param_value_internal":55.0,"distribution":"{\"name\": \"IntDistribution\", \"attributes\": {\"log\": true, \"step\": 1, \"low\": 1, \"high\": 70}}"}
{"op_code":5,"worker_id":"2308af96-1848-4185-8294-9a0d1213840d-139665703665664","trial_id":45,"param_name":"rank_exp","param_value_internal":6.0,"distribution":"{\"name\": \"IntDistribution\", \"attributes\": {\"log\": false, \"step\": 1, \"low\": 0, \"high\": 6}}"}
{"op_code":5,"worker_id":"2308af96-1848-4185-8294-9a0d1213840d-139665703665664","trial_id":45,"param_name":"fast_lr","param_value_internal":0.011598067881084919,"distribution":"{\"name\": \"FloatDistribution\", \"attributes\": {\"step\": null, \"low\": 2e-05, \"high\": 50.0, \"log\": true}}"}
{"op_code":5,"worker_id":"2308af96-1848-4185-8294-9a0d1213840d-139665703665664","trial_id":45,"param_name":"tau_sec","param_value_internal":0.0,"distribution":"{\"name\": \"FloatDistribution\", \"attributes\": {\"step\": null, \"low\": 0.0, \"high\": 0.0, \"log\": false}}"}
{"op_code":5,"worker_id":"2308af96-1848-4185-8294-9a0d1213840d-139665703665664","trial_id":45,"param_name":"ab_dw_min","param_value_internal":0.0009549259185968723,"distribution":"{\"name\": \"FloatDistribution\", \"attributes\": {\"step\": null, \"low\": 3e-06, \"high\": 0.009, \"log\": true}}"}
{"op_code":5,"worker_id":"2308af96-1848-4185-8294-9a0d1213840d-139665703665664","trial_id":45,"param_name":"ab_desired_bl","param_value_internal":31.0,"distribution":"{\"name\": \"IntDistribution\", \"attributes\": {\"log\": false, \"step\": 1, \"low\": 31, \"high\": 31}}"}
{"op_code":5,"worker_id":"2308af96-1848-4185-8294-9a0d1213840d-139665703665664","trial_id":45,"param_name":"ab_multilevel","param_value_internal":14.0,"distribution":"{\"name\": \"IntDistribution\", \"attributes\": {\"log\": false, \"step\": 1, \"low\": 1, \"high\": 14}}"}
{"op_code":5,"worker_id":"2308af96-1848-4185-8294-9a0d1213840d-139665703665664","trial_id":45,"param_name":"a_reset_std","param_value_internal":1e-30,"distribution":"{\"name\": \"FloatDistribution\", \"attributes\": {\"step\": null, \"low\": 1e-30, \"high\": 1e-30, \"log\": true}}"}
{"op_code":5,"worker_id":"2308af96-1848-4185-8294-9a0d1213840d-139665703665664","trial_id":45,"param_name":"b_reset_std","param_value_internal":1e-30,"distribution":"{\"name\": \"FloatDistribution\", \"attributes\": {\"step\": null, \"low\": 1e-30, \"high\": 1e-30, \"log\": true}}"}
{"op_code":5,"worker_id":"2308af96-1848-4185-8294-9a0d1213840d-139665703665664","trial_id":45,"param_name":"c_dw_min","param_value_internal":0.0018983292913506964,"distribution":"{\"name\": \"FloatDistribution\", \"attributes\": {\"step\": null, \"low\": 0.001, \"high\": 0.04, \"log\": true}}"}
{"op_code":5,"worker_id":"2308af96-1848-4185-8294-9a0d1213840d-139665703665664","trial_id":45,"param_name":"c_desired_bl","param_value_internal":31.0,"distribution":"{\"name\": \"IntDistribution\", \"attributes\": {\"log\": false, \"step\": 1, \"low\": 31, \"high\": 31}}"}
{"op_code":5,"worker_id":"2308af96-1848-4185-8294-9a0d1213840d-139665703665664","trial_id":45,"param_name":"out_noise","param_value_internal":0.0,"distribution":"{\"name\": \"FloatDistribution\", \"attributes\": {\"step\": null, \"low\": 0.0, \"high\": 0.0, \"log\": false}}"}
{"op_code":5,"worker_id":"2308af96-1848-4185-8294-9a0d1213840d-139665703665664","trial_id":45,"param_name":"ab_weight_scaling_omega","param_value_internal":0.0,"distribution":"{\"name\": \"FloatDistribution\", \"attributes\": {\"step\": null, \"low\": 0.0, \"high\": 0.0, \"log\": false}}"}
{"op_code":5,"worker_id":"2308af96-1848-4185-8294-9a0d1213840d-139665703665664","trial_id":45,"param_name":"min_lr_rate","param_value_internal":0.0,"distribution":"{\"name\": \"FloatDistribution\", \"attributes\": {\"step\": null, \"low\": 0.0, \"high\": 0.0, \"log\": false}}"}
{"op_code":5,"worker_id":"2308af96-1848-4185-8294-9a0d1213840d-139665703665664","trial_id":45,"param_name":"a_density","param_value_internal":0.42816504334950556,"distribution":"{\"name\": \"FloatDistribution\", \"attributes\": {\"step\": null, \"low\": 0.0009, \"high\": 1.0, \"log\": true}}"}
{"op_code":8,"worker_id":"2308af96-1848-4185-8294-9a0d1213840d-139665703665664","trial_id":45,"user_attr":{"grad_accum_steps":1}}
{"op_code":7,"worker_id":"e7d4dd1c-833e-4209-a30c-7a437c5b83c4-140384450662400","trial_id":44,"step":1,"intermediate_value":73.73258709773883}
{"op_code":8,"worker_id":"e7d4dd1c-833e-4209-a30c-7a437c5b83c4-140384450662400","trial_id":44,"user_attr":{"train_loss_epoch_1":2.1661610719634266}}
{"op_code":7,"worker_id":"8b263896-ff64-4249-a0bf-375cbcb369cf-139672061788160","trial_id":42,"step":5,"intermediate_value":77.74280687423223}
{"op_code":8,"worker_id":"8b263896-ff64-4249-a0bf-375cbcb369cf-139672061788160","trial_id":42,"user_attr":{"train_loss_epoch_5":1.5367260712272106}}
{"op_code":6,"worker_id":"8b263896-ff64-4249-a0bf-375cbcb369cf-139672061788160","trial_id":42,"state":1,"values":[77.74280687423223],"datetime_complete":"2026-05-25T18:01:41.729023"}
{"op_code":4,"worker_id":"8b263896-ff64-4249-a0bf-375cbcb369cf-139672061788160","study_id":0,"datetime_start":"2026-05-25T18:01:41.730741"}
{"op_code":5,"worker_id":"8b263896-ff64-4249-a0bf-375cbcb369cf-139672061788160","trial_id":46,"param_name":"learning_rate","param_value_internal":0.0050844949194745,"distribution":"{\"name\": \"FloatDistribution\", \"attributes\": {\"step\": null, \"low\": 0.0009, \"high\": 0.007, \"log\": true}}"}
{"op_code":5,"worker_id":"8b263896-ff64-4249-a0bf-375cbcb369cf-139672061788160","trial_id":46,"param_name":"transfer_lr","param_value_internal":0.3691578080921368,"distribution":"{\"name\": \"FloatDistribution\", \"attributes\": {\"step\": null, \"low\": 9e-06, \"high\": 5.0, \"log\": true}}"}
{"op_code":5,"worker_id":"8b263896-ff64-4249-a0bf-375cbcb369cf-139672061788160","trial_id":46,"param_name":"transfer_every","param_value_internal":2.0,"distribution":"{\"name\": \"IntDistribution\", \"attributes\": {\"log\": true, \"step\": 1, \"low\": 1, \"high\": 70}}"}
{"op_code":5,"worker_id":"8b263896-ff64-4249-a0bf-375cbcb369cf-139672061788160","trial_id":46,"param_name":"rank_exp","param_value_internal":6.0,"distribution":"{\"name\": \"IntDistribution\", \"attributes\": {\"log\": false, \"step\": 1, \"low\": 0, \"high\": 6}}"}
{"op_code":5,"worker_id":"8b263896-ff64-4249-a0bf-375cbcb369cf-139672061788160","trial_id":46,"param_name":"fast_lr","param_value_internal":9.401647647064525,"distribution":"{\"name\": \"FloatDistribution\", \"attributes\": {\"step\": null, \"low\": 2e-05, \"high\": 50.0, \"log\": true}}"}
{"op_code":5,"worker_id":"8b263896-ff64-4249-a0bf-375cbcb369cf-139672061788160","trial_id":46,"param_name":"tau_sec","param_value_internal":0.0,"distribution":"{\"name\": \"FloatDistribution\", \"attributes\": {\"step\": null, \"low\": 0.0, \"high\": 0.0, \"log\": false}}"}
{"op_code":5,"worker_id":"8b263896-ff64-4249-a0bf-375cbcb369cf-139672061788160","trial_id":46,"param_name":"ab_dw_min","param_value_internal":1.9099875633583828e-05,"distribution":"{\"name\": \"FloatDistribution\", \"attributes\": {\"step\": null, \"low\": 3e-06, \"high\": 0.009, \"log\": true}}"}
{"op_code":5,"worker_id":"8b263896-ff64-4249-a0bf-375cbcb369cf-139672061788160","trial_id":46,"param_name":"ab_desired_bl","param_value_internal":31.0,"distribution":"{\"name\": \"IntDistribution\", \"attributes\": {\"log\": false, \"step\": 1, \"low\": 31, \"high\": 31}}"}
{"op_code":5,"worker_id":"8b263896-ff64-4249-a0bf-375cbcb369cf-139672061788160","trial_id":46,"param_name":"ab_multilevel","param_value_internal":14.0,"distribution":"{\"name\": \"IntDistribution\", \"attributes\": {\"log\": false, \"step\": 1, \"low\": 1, \"high\": 14}}"}
{"op_code":5,"worker_id":"8b263896-ff64-4249-a0bf-375cbcb369cf-139672061788160","trial_id":46,"param_name":"a_reset_std","param_value_internal":1e-30,"distribution":"{\"name\": \"FloatDistribution\", \"attributes\": {\"step\": null, \"low\": 1e-30, \"high\": 1e-30, \"log\": true}}"}
{"op_code":5,"worker_id":"8b263896-ff64-4249-a0bf-375cbcb369cf-139672061788160","trial_id":46,"param_name":"b_reset_std","param_value_internal":1e-30,"distribution":"{\"name\": \"FloatDistribution\", \"attributes\": {\"step\": null, \"low\": 1e-30, \"high\": 1e-30, \"log\": true}}"}
{"op_code":5,"worker_id":"8b263896-ff64-4249-a0bf-375cbcb369cf-139672061788160","trial_id":46,"param_name":"c_dw_min","param_value_internal":0.0018989103657601595,"distribution":"{\"name\": \"FloatDistribution\", \"attributes\": {\"step\": null, \"low\": 0.001, \"high\": 0.04, \"log\": true}}"}
{"op_code":5,"worker_id":"8b263896-ff64-4249-a0bf-375cbcb369cf-139672061788160","trial_id":46,"param_name":"c_desired_bl","param_value_internal":31.0,"distribution":"{\"name\": \"IntDistribution\", \"attributes\": {\"log\": false, \"step\": 1, \"low\": 31, \"high\": 31}}"}
{"op_code":5,"worker_id":"8b263896-ff64-4249-a0bf-375cbcb369cf-139672061788160","trial_id":46,"param_name":"out_noise","param_value_internal":0.0,"distribution":"{\"name\": \"FloatDistribution\", \"attributes\": {\"step\": null, \"low\": 0.0, \"high\": 0.0, \"log\": false}}"}
{"op_code":5,"worker_id":"8b263896-ff64-4249-a0bf-375cbcb369cf-139672061788160","trial_id":46,"param_name":"ab_weight_scaling_omega","param_value_internal":0.0,"distribution":"{\"name\": \"FloatDistribution\", \"attributes\": {\"step\": null, \"low\": 0.0, \"high\": 0.0, \"log\": false}}"}
{"op_code":5,"worker_id":"8b263896-ff64-4249-a0bf-375cbcb369cf-139672061788160","trial_id":46,"param_name":"min_lr_rate","param_value_internal":0.0,"distribution":"{\"name\": \"FloatDistribution\", \"attributes\": {\"step\": null, \"low\": 0.0, \"high\": 0.0, \"log\": false}}"}
{"op_code":5,"worker_id":"8b263896-ff64-4249-a0bf-375cbcb369cf-139672061788160","trial_id":46,"param_name":"a_density","param_value_internal":0.0036304838247547505,"distribution":"{\"name\": \"FloatDistribution\", \"attributes\": {\"step\": null, \"low\": 0.0009, \"high\": 1.0, \"log\": true}}"}
{"op_code":8,"worker_id":"8b263896-ff64-4249-a0bf-375cbcb369cf-139672061788160","trial_id":46,"user_attr":{"grad_accum_steps":1}}
{"op_code":7,"worker_id":"2308af96-1848-4185-8294-9a0d1213840d-139665703665664","trial_id":45,"step":1,"intermediate_value":72.46027769710365}
{"op_code":8,"worker_id":"2308af96-1848-4185-8294-9a0d1213840d-139665703665664","trial_id":45,"user_attr":{"train_loss_epoch_1":2.1497870660409695}}
{"op_code":7,"worker_id":"94fcab39-a262-4c50-b7c5-86ebbb5a8a18-139987696013312","trial_id":43,"step":1,"intermediate_value":6.840489243770456}
{"op_code":8,"worker_id":"94fcab39-a262-4c50-b7c5-86ebbb5a8a18-139987696013312","trial_id":43,"user_attr":{"train_loss_epoch_1":5.86207458604642}}
{"op_code":7,"worker_id":"e7d4dd1c-833e-4209-a30c-7a437c5b83c4-140384450662400","trial_id":44,"step":2,"intermediate_value":76.00686734192992}
{"op_code":8,"worker_id":"e7d4dd1c-833e-4209-a30c-7a437c5b83c4-140384450662400","trial_id":44,"user_attr":{"train_loss_epoch_2":1.672901899446317}}
{"op_code":7,"worker_id":"2308af96-1848-4185-8294-9a0d1213840d-139665703665664","trial_id":45,"step":2,"intermediate_value":74.96170680870753}
{"op_code":8,"worker_id":"2308af96-1848-4185-8294-9a0d1213840d-139665703665664","trial_id":45,"user_attr":{"train_loss_epoch_2":1.7030669211695189}}
{"op_code":7,"worker_id":"8b263896-ff64-4249-a0bf-375cbcb369cf-139672061788160","trial_id":46,"step":1,"intermediate_value":7.1822410052343075}
{"op_code":8,"worker_id":"8b263896-ff64-4249-a0bf-375cbcb369cf-139672061788160","trial_id":46,"user_attr":{"train_loss_epoch_1":5.061522045884998}}
{"op_code":7,"worker_id":"94fcab39-a262-4c50-b7c5-86ebbb5a8a18-139987696013312","trial_id":43,"step":2,"intermediate_value":6.840489243770456}
{"op_code":8,"worker_id":"94fcab39-a262-4c50-b7c5-86ebbb5a8a18-139987696013312","trial_id":43,"user_attr":{"train_loss_epoch_2":5.855446855033316}}
{"op_code":7,"worker_id":"e7d4dd1c-833e-4209-a30c-7a437c5b83c4-140384450662400","trial_id":44,"step":3,"intermediate_value":77.38347864469522}
{"op_code":8,"worker_id":"e7d4dd1c-833e-4209-a30c-7a437c5b83c4-140384450662400","trial_id":44,"user_attr":{"train_loss_epoch_3":1.5960318257169026}}
{"op_code":7,"worker_id":"2308af96-1848-4185-8294-9a0d1213840d-139665703665664","trial_id":45,"step":3,"intermediate_value":75.89033239112699}
{"op_code":8,"worker_id":"2308af96-1848-4185-8294-9a0d1213840d-139665703665664","trial_id":45,"user_attr":{"train_loss_epoch_3":1.6271062332763258}}
{"op_code":7,"worker_id":"8b263896-ff64-4249-a0bf-375cbcb369cf-139672061788160","trial_id":46,"step":2,"intermediate_value":7.720975495183453}
{"op_code":8,"worker_id":"8b263896-ff64-4249-a0bf-375cbcb369cf-139672061788160","trial_id":46,"user_attr":{"train_loss_epoch_2":5.223584652980815}}
{"op_code":6,"worker_id":"8b263896-ff64-4249-a0bf-375cbcb369cf-139672061788160","trial_id":46,"state":1,"values":[7.720975495183453],"datetime_complete":"2026-05-25T18:48:33.657356"}
{"op_code":4,"worker_id":"8b263896-ff64-4249-a0bf-375cbcb369cf-139672061788160","study_id":0,"datetime_start":"2026-05-25T18:48:33.659044"}
{"op_code":5,"worker_id":"8b263896-ff64-4249-a0bf-375cbcb369cf-139672061788160","trial_id":47,"param_name":"learning_rate","param_value_internal":0.0009038673870565886,"distribution":"{\"name\": \"FloatDistribution\", \"attributes\": {\"step\": null, \"low\": 0.0009, \"high\": 0.007, \"log\": true}}"}
{"op_code":5,"worker_id":"8b263896-ff64-4249-a0bf-375cbcb369cf-139672061788160","trial_id":47,"param_name":"transfer_lr","param_value_internal":0.014333402145741064,"distribution":"{\"name\": \"FloatDistribution\", \"attributes\": {\"step\": null, \"low\": 9e-06, \"high\": 5.0, \"log\": true}}"}
{"op_code":5,"worker_id":"8b263896-ff64-4249-a0bf-375cbcb369cf-139672061788160","trial_id":47,"param_name":"transfer_every","param_value_internal":14.0,"distribution":"{\"name\": \"IntDistribution\", \"attributes\": {\"log\": true, \"step\": 1, \"low\": 1, \"high\": 70}}"}
{"op_code":5,"worker_id":"8b263896-ff64-4249-a0bf-375cbcb369cf-139672061788160","trial_id":47,"param_name":"rank_exp","param_value_internal":0.0,"distribution":"{\"name\": \"IntDistribution\", \"attributes\": {\"log\": false, \"step\": 1, \"low\": 0, \"high\": 6}}"}
{"op_code":5,"worker_id":"8b263896-ff64-4249-a0bf-375cbcb369cf-139672061788160","trial_id":47,"param_name":"fast_lr","param_value_internal":4.838238204435e-05,"distribution":"{\"name\": \"FloatDistribution\", \"attributes\": {\"step\": null, \"low\": 2e-05, \"high\": 50.0, \"log\": true}}"}
{"op_code":5,"worker_id":"8b263896-ff64-4249-a0bf-375cbcb369cf-139672061788160","trial_id":47,"param_name":"tau_sec","param_value_internal":0.0,"distribution":"{\"name\": \"FloatDistribution\", \"attributes\": {\"step\": null, \"low\": 0.0, \"high\": 0.0, \"log\": false}}"}
{"op_code":5,"worker_id":"8b263896-ff64-4249-a0bf-375cbcb369cf-139672061788160","trial_id":47,"param_name":"ab_dw_min","param_value_internal":8.861887008476923e-05,"distribution":"{\"name\": \"FloatDistribution\", \"attributes\": {\"step\": null, \"low\": 3e-06, \"high\": 0.009, \"log\": true}}"}
{"op_code":5,"worker_id":"8b263896-ff64-4249-a0bf-375cbcb369cf-139672061788160","trial_id":47,"param_name":"ab_desired_bl","param_value_internal":31.0,"distribution":"{\"name\": \"IntDistribution\", \"attributes\": {\"log\": false, \"step\": 1, \"low\": 31, \"high\": 31}}"}
{"op_code":5,"worker_id":"8b263896-ff64-4249-a0bf-375cbcb369cf-139672061788160","trial_id":47,"param_name":"ab_multilevel","param_value_internal":1.0,"distribution":"{\"name\": \"IntDistribution\", \"attributes\": {\"log\": false, \"step\": 1, \"low\": 1, \"high\": 14}}"}
{"op_code":5,"worker_id":"8b263896-ff64-4249-a0bf-375cbcb369cf-139672061788160","trial_id":47,"param_name":"a_reset_std","param_value_internal":1e-30,"distribution":"{\"name\": \"FloatDistribution\", \"attributes\": {\"step\": null, \"low\": 1e-30, \"high\": 1e-30, \"log\": true}}"}
{"op_code":5,"worker_id":"8b263896-ff64-4249-a0bf-375cbcb369cf-139672061788160","trial_id":47,"param_name":"b_reset_std","param_value_internal":1e-30,"distribution":"{\"name\": \"FloatDistribution\", \"attributes\": {\"step\": null, \"low\": 1e-30, \"high\": 1e-30, \"log\": true}}"}
{"op_code":5,"worker_id":"8b263896-ff64-4249-a0bf-375cbcb369cf-139672061788160","trial_id":47,"param_name":"c_dw_min","param_value_internal":0.02963796720980573,"distribution":"{\"name\": \"FloatDistribution\", \"attributes\": {\"step\": null, \"low\": 0.001, \"high\": 0.04, \"log\": true}}"}
{"op_code":5,"worker_id":"8b263896-ff64-4249-a0bf-375cbcb369cf-139672061788160","trial_id":47,"param_name":"c_desired_bl","param_value_internal":31.0,"distribution":"{\"name\": \"IntDistribution\", \"attributes\": {\"log\": false, \"step\": 1, \"low\": 31, \"high\": 31}}"}
{"op_code":5,"worker_id":"8b263896-ff64-4249-a0bf-375cbcb369cf-139672061788160","trial_id":47,"param_name":"out_noise","param_value_internal":0.0,"distribution":"{\"name\": \"FloatDistribution\", \"attributes\": {\"step\": null, \"low\": 0.0, \"high\": 0.0, \"log\": false}}"}
{"op_code":5,"worker_id":"8b263896-ff64-4249-a0bf-375cbcb369cf-139672061788160","trial_id":47,"param_name":"ab_weight_scaling_omega","param_value_internal":0.0,"distribution":"{\"name\": \"FloatDistribution\", \"attributes\": {\"step\": null, \"low\": 0.0, \"high\": 0.0, \"log\": false}}"}
{"op_code":5,"worker_id":"8b263896-ff64-4249-a0bf-375cbcb369cf-139672061788160","trial_id":47,"param_name":"min_lr_rate","param_value_internal":0.0,"distribution":"{\"name\": \"FloatDistribution\", \"attributes\": {\"step\": null, \"low\": 0.0, \"high\": 0.0, \"log\": false}}"}
{"op_code":5,"worker_id":"8b263896-ff64-4249-a0bf-375cbcb369cf-139672061788160","trial_id":47,"param_name":"a_density","param_value_internal":0.6498821673132535,"distribution":"{\"name\": \"FloatDistribution\", \"attributes\": {\"step\": null, \"low\": 0.0009, \"high\": 1.0, \"log\": true}}"}
{"op_code":8,"worker_id":"8b263896-ff64-4249-a0bf-375cbcb369cf-139672061788160","trial_id":47,"user_attr":{"grad_accum_steps":1}}
{"op_code":7,"worker_id":"94fcab39-a262-4c50-b7c5-86ebbb5a8a18-139987696013312","trial_id":43,"step":3,"intermediate_value":6.840489243770456}
{"op_code":8,"worker_id":"94fcab39-a262-4c50-b7c5-86ebbb5a8a18-139987696013312","trial_id":43,"user_attr":{"train_loss_epoch_3":5.857791456362096}}
{"op_code":6,"worker_id":"94fcab39-a262-4c50-b7c5-86ebbb5a8a18-139987696013312","trial_id":43,"state":1,"values":[6.840489243770456],"datetime_complete":"2026-05-25T18:50:14.922490"}
{"op_code":4,"worker_id":"94fcab39-a262-4c50-b7c5-86ebbb5a8a18-139987696013312","study_id":0,"datetime_start":"2026-05-25T18:50:14.924551"}
{"op_code":5,"worker_id":"94fcab39-a262-4c50-b7c5-86ebbb5a8a18-139987696013312","trial_id":48,"param_name":"learning_rate","param_value_internal":0.001712280553922273,"distribution":"{\"name\": \"FloatDistribution\", \"attributes\": {\"step\": null, \"low\": 0.0009, \"high\": 0.007, \"log\": true}}"}
{"op_code":5,"worker_id":"94fcab39-a262-4c50-b7c5-86ebbb5a8a18-139987696013312","trial_id":48,"param_name":"transfer_lr","param_value_internal":0.07377161407660393,"distribution":"{\"name\": \"FloatDistribution\", \"attributes\": {\"step\": null, \"low\": 9e-06, \"high\": 5.0, \"log\": true}}"}
{"op_code":5,"worker_id":"94fcab39-a262-4c50-b7c5-86ebbb5a8a18-139987696013312","trial_id":48,"param_name":"transfer_every","param_value_internal":3.0,"distribution":"{\"name\": \"IntDistribution\", \"attributes\": {\"log\": true, \"step\": 1, \"low\": 1, \"high\": 70}}"}
{"op_code":5,"worker_id":"94fcab39-a262-4c50-b7c5-86ebbb5a8a18-139987696013312","trial_id":48,"param_name":"rank_exp","param_value_internal":0.0,"distribution":"{\"name\": \"IntDistribution\", \"attributes\": {\"log\": false, \"step\": 1, \"low\": 0, \"high\": 6}}"}
{"op_code":5,"worker_id":"94fcab39-a262-4c50-b7c5-86ebbb5a8a18-139987696013312","trial_id":48,"param_name":"fast_lr","param_value_internal":0.00034131117022052454,"distribution":"{\"name\": \"FloatDistribution\", \"attributes\": {\"step\": null, \"low\": 2e-05, \"high\": 50.0, \"log\": true}}"}
{"op_code":5,"worker_id":"94fcab39-a262-4c50-b7c5-86ebbb5a8a18-139987696013312","trial_id":48,"param_name":"tau_sec","param_value_internal":0.0,"distribution":"{\"name\": \"FloatDistribution\", \"attributes\": {\"step\": null, \"low\": 0.0, \"high\": 0.0, \"log\": false}}"}
{"op_code":5,"worker_id":"94fcab39-a262-4c50-b7c5-86ebbb5a8a18-139987696013312","trial_id":48,"param_name":"ab_dw_min","param_value_internal":1.1297281295617615e-05,"distribution":"{\"name\": \"FloatDistribution\", \"attributes\": {\"step\": null, \"low\": 3e-06, \"high\": 0.009, \"log\": true}}"}
{"op_code":5,"worker_id":"94fcab39-a262-4c50-b7c5-86ebbb5a8a18-139987696013312","trial_id":48,"param_name":"ab_desired_bl","param_value_internal":31.0,"distribution":"{\"name\": \"IntDistribution\", \"attributes\": {\"log\": false, \"step\": 1, \"low\": 31, \"high\": 31}}"}
{"op_code":5,"worker_id":"94fcab39-a262-4c50-b7c5-86ebbb5a8a18-139987696013312","trial_id":48,"param_name":"ab_multilevel","param_value_internal":1.0,"distribution":"{\"name\": \"IntDistribution\", \"attributes\": {\"log\": false, \"step\": 1, \"low\": 1, \"high\": 14}}"}
{"op_code":5,"worker_id":"94fcab39-a262-4c50-b7c5-86ebbb5a8a18-139987696013312","trial_id":48,"param_name":"a_reset_std","param_value_internal":1e-30,"distribution":"{\"name\": \"FloatDistribution\", \"attributes\": {\"step\": null, \"low\": 1e-30, \"high\": 1e-30, \"log\": true}}"}
{"op_code":5,"worker_id":"94fcab39-a262-4c50-b7c5-86ebbb5a8a18-139987696013312","trial_id":48,"param_name":"b_reset_std","param_value_internal":1e-30,"distribution":"{\"name\": \"FloatDistribution\", \"attributes\": {\"step\": null, \"low\": 1e-30, \"high\": 1e-30, \"log\": true}}"}
{"op_code":5,"worker_id":"94fcab39-a262-4c50-b7c5-86ebbb5a8a18-139987696013312","trial_id":48,"param_name":"c_dw_min","param_value_internal":0.02983516466604769,"distribution":"{\"name\": \"FloatDistribution\", \"attributes\": {\"step\": null, \"low\": 0.001, \"high\": 0.04, \"log\": true}}"}
{"op_code":5,"worker_id":"94fcab39-a262-4c50-b7c5-86ebbb5a8a18-139987696013312","trial_id":48,"param_name":"c_desired_bl","param_value_internal":31.0,"distribution":"{\"name\": \"IntDistribution\", \"attributes\": {\"log\": false, \"step\": 1, \"low\": 31, \"high\": 31}}"}
{"op_code":5,"worker_id":"94fcab39-a262-4c50-b7c5-86ebbb5a8a18-139987696013312","trial_id":48,"param_name":"out_noise","param_value_internal":0.0,"distribution":"{\"name\": \"FloatDistribution\", \"attributes\": {\"step\": null, \"low\": 0.0, \"high\": 0.0, \"log\": false}}"}
{"op_code":5,"worker_id":"94fcab39-a262-4c50-b7c5-86ebbb5a8a18-139987696013312","trial_id":48,"param_name":"ab_weight_scaling_omega","param_value_internal":0.0,"distribution":"{\"name\": \"FloatDistribution\", \"attributes\": {\"step\": null, \"low\": 0.0, \"high\": 0.0, \"log\": false}}"}
{"op_code":5,"worker_id":"94fcab39-a262-4c50-b7c5-86ebbb5a8a18-139987696013312","trial_id":48,"param_name":"min_lr_rate","param_value_internal":0.0,"distribution":"{\"name\": \"FloatDistribution\", \"attributes\": {\"step\": null, \"low\": 0.0, \"high\": 0.0, \"log\": false}}"}
{"op_code":5,"worker_id":"94fcab39-a262-4c50-b7c5-86ebbb5a8a18-139987696013312","trial_id":48,"param_name":"a_density","param_value_internal":0.06314989016896735,"distribution":"{\"name\": \"FloatDistribution\", \"attributes\": {\"step\": null, \"low\": 0.0009, \"high\": 1.0, \"log\": true}}"}
{"op_code":8,"worker_id":"94fcab39-a262-4c50-b7c5-86ebbb5a8a18-139987696013312","trial_id":48,"user_attr":{"grad_accum_steps":1}}
{"op_code":7,"worker_id":"e7d4dd1c-833e-4209-a30c-7a437c5b83c4-140384450662400","trial_id":44,"step":4,"intermediate_value":77.93000330846455}
{"op_code":8,"worker_id":"e7d4dd1c-833e-4209-a30c-7a437c5b83c4-140384450662400","trial_id":44,"user_attr":{"train_loss_epoch_4":1.5434980130131006}}
{"op_code":7,"worker_id":"2308af96-1848-4185-8294-9a0d1213840d-139665703665664","trial_id":45,"step":4,"intermediate_value":77.8020788039255}
{"op_code":8,"worker_id":"2308af96-1848-4185-8294-9a0d1213840d-139665703665664","trial_id":45,"user_attr":{"train_loss_epoch_4":1.569314841106332}}
{"op_code":7,"worker_id":"8b263896-ff64-4249-a0bf-375cbcb369cf-139672061788160","trial_id":47,"step":1,"intermediate_value":71.09442619525585}
{"op_code":8,"worker_id":"8b263896-ff64-4249-a0bf-375cbcb369cf-139672061788160","trial_id":47,"user_attr":{"train_loss_epoch_1":2.5381605258802087}}
{"op_code":7,"worker_id":"94fcab39-a262-4c50-b7c5-86ebbb5a8a18-139987696013312","trial_id":48,"step":1,"intermediate_value":73.5997367247769}
{"op_code":8,"worker_id":"94fcab39-a262-4c50-b7c5-86ebbb5a8a18-139987696013312","trial_id":48,"user_attr":{"train_loss_epoch_1":2.3307384337836163}}
{"op_code":7,"worker_id":"e7d4dd1c-833e-4209-a30c-7a437c5b83c4-140384450662400","trial_id":44,"step":5,"intermediate_value":78.41595819500418}
{"op_code":8,"worker_id":"e7d4dd1c-833e-4209-a30c-7a437c5b83c4-140384450662400","trial_id":44,"user_attr":{"train_loss_epoch_5":1.5010648611761368}}
{"op_code":6,"worker_id":"e7d4dd1c-833e-4209-a30c-7a437c5b83c4-140384450662400","trial_id":44,"state":1,"values":[78.41595819500418],"datetime_complete":"2026-05-25T19:08:36.847678"}
{"op_code":4,"worker_id":"e7d4dd1c-833e-4209-a30c-7a437c5b83c4-140384450662400","study_id":0,"datetime_start":"2026-05-25T19:08:36.849387"}
{"op_code":5,"worker_id":"e7d4dd1c-833e-4209-a30c-7a437c5b83c4-140384450662400","trial_id":49,"param_name":"learning_rate","param_value_internal":0.0054228124957459625,"distribution":"{\"name\": \"FloatDistribution\", \"attributes\": {\"step\": null, \"low\": 0.0009, \"high\": 0.007, \"log\": true}}"}
{"op_code":5,"worker_id":"e7d4dd1c-833e-4209-a30c-7a437c5b83c4-140384450662400","trial_id":49,"param_name":"transfer_lr","param_value_internal":3.1439967170387075,"distribution":"{\"name\": \"FloatDistribution\", \"attributes\": {\"step\": null, \"low\": 9e-06, \"high\": 5.0, \"log\": true}}"}
{"op_code":5,"worker_id":"e7d4dd1c-833e-4209-a30c-7a437c5b83c4-140384450662400","trial_id":49,"param_name":"transfer_every","param_value_internal":5.0,"distribution":"{\"name\": \"IntDistribution\", \"attributes\": {\"log\": true, \"step\": 1, \"low\": 1, \"high\": 70}}"}
{"op_code":5,"worker_id":"e7d4dd1c-833e-4209-a30c-7a437c5b83c4-140384450662400","trial_id":49,"param_name":"rank_exp","param_value_internal":6.0,"distribution":"{\"name\": \"IntDistribution\", \"attributes\": {\"log\": false, \"step\": 1, \"low\": 0, \"high\": 6}}"}
{"op_code":5,"worker_id":"e7d4dd1c-833e-4209-a30c-7a437c5b83c4-140384450662400","trial_id":49,"param_name":"fast_lr","param_value_internal":0.0012754860378171892,"distribution":"{\"name\": \"FloatDistribution\", \"attributes\": {\"step\": null, \"low\": 2e-05, \"high\": 50.0, \"log\": true}}"}
{"op_code":5,"worker_id":"e7d4dd1c-833e-4209-a30c-7a437c5b83c4-140384450662400","trial_id":49,"param_name":"tau_sec","param_value_internal":0.0,"distribution":"{\"name\": \"FloatDistribution\", \"attributes\": {\"step\": null, \"low\": 0.0, \"high\": 0.0, \"log\": false}}"}
{"op_code":5,"worker_id":"e7d4dd1c-833e-4209-a30c-7a437c5b83c4-140384450662400","trial_id":49,"param_name":"ab_dw_min","param_value_internal":0.0005690846667475671,"distribution":"{\"name\": \"FloatDistribution\", \"attributes\": {\"step\": null, \"low\": 3e-06, \"high\": 0.009, \"log\": true}}"}
{"op_code":5,"worker_id":"e7d4dd1c-833e-4209-a30c-7a437c5b83c4-140384450662400","trial_id":49,"param_name":"ab_desired_bl","param_value_internal":31.0,"distribution":"{\"name\": \"IntDistribution\", \"attributes\": {\"log\": false, \"step\": 1, \"low\": 31, \"high\": 31}}"}
{"op_code":5,"worker_id":"e7d4dd1c-833e-4209-a30c-7a437c5b83c4-140384450662400","trial_id":49,"param_name":"ab_multilevel","param_value_internal":14.0,"distribution":"{\"name\": \"IntDistribution\", \"attributes\": {\"log\": false, \"step\": 1, \"low\": 1, \"high\": 14}}"}
{"op_code":5,"worker_id":"e7d4dd1c-833e-4209-a30c-7a437c5b83c4-140384450662400","trial_id":49,"param_name":"a_reset_std","param_value_internal":1e-30,"distribution":"{\"name\": \"FloatDistribution\", \"attributes\": {\"step\": null, \"low\": 1e-30, \"high\": 1e-30, \"log\": true}}"}
{"op_code":5,"worker_id":"e7d4dd1c-833e-4209-a30c-7a437c5b83c4-140384450662400","trial_id":49,"param_name":"b_reset_std","param_value_internal":1e-30,"distribution":"{\"name\": \"FloatDistribution\", \"attributes\": {\"step\": null, \"low\": 1e-30, \"high\": 1e-30, \"log\": true}}"}
{"op_code":5,"worker_id":"e7d4dd1c-833e-4209-a30c-7a437c5b83c4-140384450662400","trial_id":49,"param_name":"c_dw_min","param_value_internal":0.0025615527340164474,"distribution":"{\"name\": \"FloatDistribution\", \"attributes\": {\"step\": null, \"low\": 0.001, \"high\": 0.04, \"log\": true}}"}
{"op_code":5,"worker_id":"e7d4dd1c-833e-4209-a30c-7a437c5b83c4-140384450662400","trial_id":49,"param_name":"c_desired_bl","param_value_internal":31.0,"distribution":"{\"name\": \"IntDistribution\", \"attributes\": {\"log\": false, \"step\": 1, \"low\": 31, \"high\": 31}}"}
{"op_code":5,"worker_id":"e7d4dd1c-833e-4209-a30c-7a437c5b83c4-140384450662400","trial_id":49,"param_name":"out_noise","param_value_internal":0.0,"distribution":"{\"name\": \"FloatDistribution\", \"attributes\": {\"step\": null, \"low\": 0.0, \"high\": 0.0, \"log\": false}}"}
{"op_code":5,"worker_id":"e7d4dd1c-833e-4209-a30c-7a437c5b83c4-140384450662400","trial_id":49,"param_name":"ab_weight_scaling_omega","param_value_internal":0.0,"distribution":"{\"name\": \"FloatDistribution\", \"attributes\": {\"step\": null, \"low\": 0.0, \"high\": 0.0, \"log\": false}}"}
{"op_code":5,"worker_id":"e7d4dd1c-833e-4209-a30c-7a437c5b83c4-140384450662400","trial_id":49,"param_name":"min_lr_rate","param_value_internal":0.0,"distribution":"{\"name\": \"FloatDistribution\", \"attributes\": {\"step\": null, \"low\": 0.0, \"high\": 0.0, \"log\": false}}"}
{"op_code":5,"worker_id":"e7d4dd1c-833e-4209-a30c-7a437c5b83c4-140384450662400","trial_id":49,"param_name":"a_density","param_value_internal":0.19738388649690056,"distribution":"{\"name\": \"FloatDistribution\", \"attributes\": {\"step\": null, \"low\": 0.0009, \"high\": 1.0, \"log\": true}}"}
{"op_code":7,"worker_id":"2308af96-1848-4185-8294-9a0d1213840d-139665703665664","trial_id":45,"step":5,"intermediate_value":78.6420788990485}
{"op_code":8,"worker_id":"2308af96-1848-4185-8294-9a0d1213840d-139665703665664","trial_id":45,"user_attr":{"train_loss_epoch_5":1.5205634310316587}}
{"op_code":6,"worker_id":"2308af96-1848-4185-8294-9a0d1213840d-139665703665664","trial_id":45,"state":1,"values":[78.6420788990485],"datetime_complete":"2026-05-25T19:08:55.053373"}
{"op_code":4,"worker_id":"2308af96-1848-4185-8294-9a0d1213840d-139665703665664","study_id":0,"datetime_start":"2026-05-25T19:08:55.054980"}
{"op_code":8,"worker_id":"e7d4dd1c-833e-4209-a30c-7a437c5b83c4-140384450662400","trial_id":49,"user_attr":{"grad_accum_steps":1}}
{"op_code":5,"worker_id":"2308af96-1848-4185-8294-9a0d1213840d-139665703665664","trial_id":50,"param_name":"learning_rate","param_value_internal":0.0034818862950938396,"distribution":"{\"name\": \"FloatDistribution\", \"attributes\": {\"step\": null, \"low\": 0.0009, \"high\": 0.007, \"log\": true}}"}
{"op_code":5,"worker_id":"2308af96-1848-4185-8294-9a0d1213840d-139665703665664","trial_id":50,"param_name":"transfer_lr","param_value_internal":0.000933136670846216,"distribution":"{\"name\": \"FloatDistribution\", \"attributes\": {\"step\": null, \"low\": 9e-06, \"high\": 5.0, \"log\": true}}"}
{"op_code":5,"worker_id":"2308af96-1848-4185-8294-9a0d1213840d-139665703665664","trial_id":50,"param_name":"transfer_every","param_value_internal":8.0,"distribution":"{\"name\": \"IntDistribution\", \"attributes\": {\"log\": true, \"step\": 1, \"low\": 1, \"high\": 70}}"}
{"op_code":5,"worker_id":"2308af96-1848-4185-8294-9a0d1213840d-139665703665664","trial_id":50,"param_name":"rank_exp","param_value_internal":6.0,"distribution":"{\"name\": \"IntDistribution\", \"attributes\": {\"log\": false, \"step\": 1, \"low\": 0, \"high\": 6}}"}
{"op_code":5,"worker_id":"2308af96-1848-4185-8294-9a0d1213840d-139665703665664","trial_id":50,"param_name":"fast_lr","param_value_internal":0.23986374383066125,"distribution":"{\"name\": \"FloatDistribution\", \"attributes\": {\"step\": null, \"low\": 2e-05, \"high\": 50.0, \"log\": true}}"}
{"op_code":5,"worker_id":"2308af96-1848-4185-8294-9a0d1213840d-139665703665664","trial_id":50,"param_name":"tau_sec","param_value_internal":0.0,"distribution":"{\"name\": \"FloatDistribution\", \"attributes\": {\"step\": null, \"low\": 0.0, \"high\": 0.0, \"log\": false}}"}
{"op_code":5,"worker_id":"2308af96-1848-4185-8294-9a0d1213840d-139665703665664","trial_id":50,"param_name":"ab_dw_min","param_value_internal":8.100257366490609e-06,"distribution":"{\"name\": \"FloatDistribution\", \"attributes\": {\"step\": null, \"low\": 3e-06, \"high\": 0.009, \"log\": true}}"}
{"op_code":5,"worker_id":"2308af96-1848-4185-8294-9a0d1213840d-139665703665664","trial_id":50,"param_name":"ab_desired_bl","param_value_internal":31.0,"distribution":"{\"name\": \"IntDistribution\", \"attributes\": {\"log\": false, \"step\": 1, \"low\": 31, \"high\": 31}}"}
{"op_code":5,"worker_id":"2308af96-1848-4185-8294-9a0d1213840d-139665703665664","trial_id":50,"param_name":"ab_multilevel","param_value_internal":14.0,"distribution":"{\"name\": \"IntDistribution\", \"attributes\": {\"log\": false, \"step\": 1, \"low\": 1, \"high\": 14}}"}
{"op_code":5,"worker_id":"2308af96-1848-4185-8294-9a0d1213840d-139665703665664","trial_id":50,"param_name":"a_reset_std","param_value_internal":1e-30,"distribution":"{\"name\": \"FloatDistribution\", \"attributes\": {\"step\": null, \"low\": 1e-30, \"high\": 1e-30, \"log\": true}}"}
{"op_code":5,"worker_id":"2308af96-1848-4185-8294-9a0d1213840d-139665703665664","trial_id":50,"param_name":"b_reset_std","param_value_internal":1e-30,"distribution":"{\"name\": \"FloatDistribution\", \"attributes\": {\"step\": null, \"low\": 1e-30, \"high\": 1e-30, \"log\": true}}"}
{"op_code":5,"worker_id":"2308af96-1848-4185-8294-9a0d1213840d-139665703665664","trial_id":50,"param_name":"c_dw_min","param_value_internal":0.003562824836320621,"distribution":"{\"name\": \"FloatDistribution\", \"attributes\": {\"step\": null, \"low\": 0.001, \"high\": 0.04, \"log\": true}}"}
{"op_code":5,"worker_id":"2308af96-1848-4185-8294-9a0d1213840d-139665703665664","trial_id":50,"param_name":"c_desired_bl","param_value_internal":31.0,"distribution":"{\"name\": \"IntDistribution\", \"attributes\": {\"log\": false, \"step\": 1, \"low\": 31, \"high\": 31}}"}
{"op_code":5,"worker_id":"2308af96-1848-4185-8294-9a0d1213840d-139665703665664","trial_id":50,"param_name":"out_noise","param_value_internal":0.0,"distribution":"{\"name\": \"FloatDistribution\", \"attributes\": {\"step\": null, \"low\": 0.0, \"high\": 0.0, \"log\": false}}"}
{"op_code":5,"worker_id":"2308af96-1848-4185-8294-9a0d1213840d-139665703665664","trial_id":50,"param_name":"ab_weight_scaling_omega","param_value_internal":0.0,"distribution":"{\"name\": \"FloatDistribution\", \"attributes\": {\"step\": null, \"low\": 0.0, \"high\": 0.0, \"log\": false}}"}
{"op_code":5,"worker_id":"2308af96-1848-4185-8294-9a0d1213840d-139665703665664","trial_id":50,"param_name":"min_lr_rate","param_value_internal":0.0,"distribution":"{\"name\": \"FloatDistribution\", \"attributes\": {\"step\": null, \"low\": 0.0, \"high\": 0.0, \"log\": false}}"}
{"op_code":5,"worker_id":"2308af96-1848-4185-8294-9a0d1213840d-139665703665664","trial_id":50,"param_name":"a_density","param_value_internal":0.9767354374294461,"distribution":"{\"name\": \"FloatDistribution\", \"attributes\": {\"step\": null, \"low\": 0.0009, \"high\": 1.0, \"log\": true}}"}
{"op_code":8,"worker_id":"2308af96-1848-4185-8294-9a0d1213840d-139665703665664","trial_id":50,"user_attr":{"grad_accum_steps":1}}
{"op_code":7,"worker_id":"8b263896-ff64-4249-a0bf-375cbcb369cf-139672061788160","trial_id":47,"step":2,"intermediate_value":74.21619534293737}
{"op_code":8,"worker_id":"8b263896-ff64-4249-a0bf-375cbcb369cf-139672061788160","trial_id":47,"user_attr":{"train_loss_epoch_2":1.761597756577055}}
{"op_code":7,"worker_id":"94fcab39-a262-4c50-b7c5-86ebbb5a8a18-139987696013312","trial_id":48,"step":2,"intermediate_value":75.55444543189648}
{"op_code":8,"worker_id":"94fcab39-a262-4c50-b7c5-86ebbb5a8a18-139987696013312","trial_id":48,"user_attr":{"train_loss_epoch_2":1.6897167537916644}}
{"op_code":7,"worker_id":"2308af96-1848-4185-8294-9a0d1213840d-139665703665664","trial_id":50,"step":1,"intermediate_value":67.69441069655757}
{"op_code":8,"worker_id":"2308af96-1848-4185-8294-9a0d1213840d-139665703665664","trial_id":50,"user_attr":{"train_loss_epoch_1":2.292753351671586}}
{"op_code":7,"worker_id":"e7d4dd1c-833e-4209-a30c-7a437c5b83c4-140384450662400","trial_id":49,"step":1,"intermediate_value":2.99797218367475}
{"op_code":8,"worker_id":"e7d4dd1c-833e-4209-a30c-7a437c5b83c4-140384450662400","trial_id":49,"user_attr":{"train_loss_epoch_1":5.199227402591447}}
{"op_code":7,"worker_id":"8b263896-ff64-4249-a0bf-375cbcb369cf-139672061788160","trial_id":47,"step":3,"intermediate_value":75.33858505156209}
{"op_code":8,"worker_id":"8b263896-ff64-4249-a0bf-375cbcb369cf-139672061788160","trial_id":47,"user_attr":{"train_loss_epoch_3":1.6743600804631302}}
{"op_code":7,"worker_id":"94fcab39-a262-4c50-b7c5-86ebbb5a8a18-139987696013312","trial_id":48,"step":3,"intermediate_value":76.82186813930906}
{"op_code":8,"worker_id":"94fcab39-a262-4c50-b7c5-86ebbb5a8a18-139987696013312","trial_id":48,"user_attr":{"train_loss_epoch_3":1.6103660782501303}}
{"op_code":7,"worker_id":"2308af96-1848-4185-8294-9a0d1213840d-139665703665664","trial_id":50,"step":2,"intermediate_value":67.69441069655757}
{"op_code":8,"worker_id":"2308af96-1848-4185-8294-9a0d1213840d-139665703665664","trial_id":50,"user_attr":{"train_loss_epoch_2":2.2502310348397025}}
{"op_code":7,"worker_id":"e7d4dd1c-833e-4209-a30c-7a437c5b83c4-140384450662400","trial_id":49,"step":2,"intermediate_value":6.266053162390494}
{"op_code":8,"worker_id":"e7d4dd1c-833e-4209-a30c-7a437c5b83c4-140384450662400","trial_id":49,"user_attr":{"train_loss_epoch_2":5.852654713473023}}
{"op_code":6,"worker_id":"e7d4dd1c-833e-4209-a30c-7a437c5b83c4-140384450662400","trial_id":49,"state":1,"values":[6.266053162390494],"datetime_complete":"2026-05-25T19:46:33.211353"}
{"op_code":4,"worker_id":"e7d4dd1c-833e-4209-a30c-7a437c5b83c4-140384450662400","study_id":0,"datetime_start":"2026-05-25T19:46:33.212983"}
{"op_code":5,"worker_id":"e7d4dd1c-833e-4209-a30c-7a437c5b83c4-140384450662400","trial_id":51,"param_name":"learning_rate","param_value_internal":0.002232535359107583,"distribution":"{\"name\": \"FloatDistribution\", \"attributes\": {\"step\": null, \"low\": 0.0009, \"high\": 0.007, \"log\": true}}"}
{"op_code":5,"worker_id":"e7d4dd1c-833e-4209-a30c-7a437c5b83c4-140384450662400","trial_id":51,"param_name":"transfer_lr","param_value_internal":0.0020064789635288027,"distribution":"{\"name\": \"FloatDistribution\", \"attributes\": {\"step\": null, \"low\": 9e-06, \"high\": 5.0, \"log\": true}}"}
{"op_code":5,"worker_id":"e7d4dd1c-833e-4209-a30c-7a437c5b83c4-140384450662400","trial_id":51,"param_name":"transfer_every","param_value_internal":1.0,"distribution":"{\"name\": \"IntDistribution\", \"attributes\": {\"log\": true, \"step\": 1, \"low\": 1, \"high\": 70}}"}
{"op_code":5,"worker_id":"e7d4dd1c-833e-4209-a30c-7a437c5b83c4-140384450662400","trial_id":51,"param_name":"rank_exp","param_value_internal":0.0,"distribution":"{\"name\": \"IntDistribution\", \"attributes\": {\"log\": false, \"step\": 1, \"low\": 0, \"high\": 6}}"}
{"op_code":5,"worker_id":"e7d4dd1c-833e-4209-a30c-7a437c5b83c4-140384450662400","trial_id":51,"param_name":"fast_lr","param_value_internal":5.300239637550682e-05,"distribution":"{\"name\": \"FloatDistribution\", \"attributes\": {\"step\": null, \"low\": 2e-05, \"high\": 50.0, \"log\": true}}"}
{"op_code":5,"worker_id":"e7d4dd1c-833e-4209-a30c-7a437c5b83c4-140384450662400","trial_id":51,"param_name":"tau_sec","param_value_internal":0.0,"distribution":"{\"name\": \"FloatDistribution\", \"attributes\": {\"step\": null, \"low\": 0.0, \"high\": 0.0, \"log\": false}}"}
{"op_code":5,"worker_id":"e7d4dd1c-833e-4209-a30c-7a437c5b83c4-140384450662400","trial_id":51,"param_name":"ab_dw_min","param_value_internal":2.8471967270075616e-05,"distribution":"{\"name\": \"FloatDistribution\", \"attributes\": {\"step\": null, \"low\": 3e-06, \"high\": 0.009, \"log\": true}}"}
{"op_code":5,"worker_id":"e7d4dd1c-833e-4209-a30c-7a437c5b83c4-140384450662400","trial_id":51,"param_name":"ab_desired_bl","param_value_internal":31.0,"distribution":"{\"name\": \"IntDistribution\", \"attributes\": {\"log\": false, \"step\": 1, \"low\": 31, \"high\": 31}}"}
{"op_code":5,"worker_id":"e7d4dd1c-833e-4209-a30c-7a437c5b83c4-140384450662400","trial_id":51,"param_name":"ab_multilevel","param_value_internal":1.0,"distribution":"{\"name\": \"IntDistribution\", \"attributes\": {\"log\": false, \"step\": 1, \"low\": 1, \"high\": 14}}"}
{"op_code":5,"worker_id":"e7d4dd1c-833e-4209-a30c-7a437c5b83c4-140384450662400","trial_id":51,"param_name":"a_reset_std","param_value_internal":1e-30,"distribution":"{\"name\": \"FloatDistribution\", \"attributes\": {\"step\": null, \"low\": 1e-30, \"high\": 1e-30, \"log\": true}}"}
{"op_code":5,"worker_id":"e7d4dd1c-833e-4209-a30c-7a437c5b83c4-140384450662400","trial_id":51,"param_name":"b_reset_std","param_value_internal":1e-30,"distribution":"{\"name\": \"FloatDistribution\", \"attributes\": {\"step\": null, \"low\": 1e-30, \"high\": 1e-30, \"log\": true}}"}
{"op_code":5,"worker_id":"e7d4dd1c-833e-4209-a30c-7a437c5b83c4-140384450662400","trial_id":51,"param_name":"c_dw_min","param_value_internal":0.007096474122681939,"distribution":"{\"name\": \"FloatDistribution\", \"attributes\": {\"step\": null, \"low\": 0.001, \"high\": 0.04, \"log\": true}}"}
{"op_code":5,"worker_id":"e7d4dd1c-833e-4209-a30c-7a437c5b83c4-140384450662400","trial_id":51,"param_name":"c_desired_bl","param_value_internal":31.0,"distribution":"{\"name\": \"IntDistribution\", \"attributes\": {\"log\": false, \"step\": 1, \"low\": 31, \"high\": 31}}"}
{"op_code":5,"worker_id":"e7d4dd1c-833e-4209-a30c-7a437c5b83c4-140384450662400","trial_id":51,"param_name":"out_noise","param_value_internal":0.0,"distribution":"{\"name\": \"FloatDistribution\", \"attributes\": {\"step\": null, \"low\": 0.0, \"high\": 0.0, \"log\": false}}"}
{"op_code":5,"worker_id":"e7d4dd1c-833e-4209-a30c-7a437c5b83c4-140384450662400","trial_id":51,"param_name":"ab_weight_scaling_omega","param_value_internal":0.0,"distribution":"{\"name\": \"FloatDistribution\", \"attributes\": {\"step\": null, \"low\": 0.0, \"high\": 0.0, \"log\": false}}"}
{"op_code":5,"worker_id":"e7d4dd1c-833e-4209-a30c-7a437c5b83c4-140384450662400","trial_id":51,"param_name":"min_lr_rate","param_value_internal":0.0,"distribution":"{\"name\": \"FloatDistribution\", \"attributes\": {\"step\": null, \"low\": 0.0, \"high\": 0.0, \"log\": false}}"}
{"op_code":5,"worker_id":"e7d4dd1c-833e-4209-a30c-7a437c5b83c4-140384450662400","trial_id":51,"param_name":"a_density","param_value_internal":0.01706345817795176,"distribution":"{\"name\": \"FloatDistribution\", \"attributes\": {\"step\": null, \"low\": 0.0009, \"high\": 1.0, \"log\": true}}"}
{"op_code":8,"worker_id":"e7d4dd1c-833e-4209-a30c-7a437c5b83c4-140384450662400","trial_id":51,"user_attr":{"grad_accum_steps":1}}
{"op_code":7,"worker_id":"8b263896-ff64-4249-a0bf-375cbcb369cf-139672061788160","trial_id":47,"step":4,"intermediate_value":75.70788303896325}
{"op_code":8,"worker_id":"8b263896-ff64-4249-a0bf-375cbcb369cf-139672061788160","trial_id":47,"user_attr":{"train_loss_epoch_4":1.6339568516749354}}
{"op_code":7,"worker_id":"94fcab39-a262-4c50-b7c5-86ebbb5a8a18-139987696013312","trial_id":48,"step":4,"intermediate_value":77.36491321878407}
{"op_code":8,"worker_id":"94fcab39-a262-4c50-b7c5-86ebbb5a8a18-139987696013312","trial_id":48,"user_attr":{"train_loss_epoch_4":1.5700290404038055}}
{"op_code":7,"worker_id":"e7d4dd1c-833e-4209-a30c-7a437c5b83c4-140384450662400","trial_id":51,"step":1,"intermediate_value":73.89120113123751}
{"op_code":8,"worker_id":"e7d4dd1c-833e-4209-a30c-7a437c5b83c4-140384450662400","trial_id":51,"user_attr":{"train_loss_epoch_1":2.260724792893986}}
{"op_code":7,"worker_id":"2308af96-1848-4185-8294-9a0d1213840d-139665703665664","trial_id":50,"step":3,"intermediate_value":67.69441069655757}
{"op_code":8,"worker_id":"2308af96-1848-4185-8294-9a0d1213840d-139665703665664","trial_id":50,"user_attr":{"train_loss_epoch_3":3.2311372174157036}}
{"op_code":6,"worker_id":"2308af96-1848-4185-8294-9a0d1213840d-139665703665664","trial_id":50,"state":1,"values":[67.69441069655757],"datetime_complete":"2026-05-25T20:04:27.149310"}
{"op_code":4,"worker_id":"2308af96-1848-4185-8294-9a0d1213840d-139665703665664","study_id":0,"datetime_start":"2026-05-25T20:04:27.150903"}
{"op_code":5,"worker_id":"2308af96-1848-4185-8294-9a0d1213840d-139665703665664","trial_id":52,"param_name":"learning_rate","param_value_internal":0.0012019700225255824,"distribution":"{\"name\": \"FloatDistribution\", \"attributes\": {\"step\": null, \"low\": 0.0009, \"high\": 0.007, \"log\": true}}"}
{"op_code":5,"worker_id":"2308af96-1848-4185-8294-9a0d1213840d-139665703665664","trial_id":52,"param_name":"transfer_lr","param_value_internal":0.12002016175734641,"distribution":"{\"name\": \"FloatDistribution\", \"attributes\": {\"step\": null, \"low\": 9e-06, \"high\": 5.0, \"log\": true}}"}
{"op_code":5,"worker_id":"2308af96-1848-4185-8294-9a0d1213840d-139665703665664","trial_id":52,"param_name":"transfer_every","param_value_internal":59.0,"distribution":"{\"name\": \"IntDistribution\", \"attributes\": {\"log\": true, \"step\": 1, \"low\": 1, \"high\": 70}}"}
{"op_code":5,"worker_id":"2308af96-1848-4185-8294-9a0d1213840d-139665703665664","trial_id":52,"param_name":"rank_exp","param_value_internal":0.0,"distribution":"{\"name\": \"IntDistribution\", \"attributes\": {\"log\": false, \"step\": 1, \"low\": 0, \"high\": 6}}"}
{"op_code":5,"worker_id":"2308af96-1848-4185-8294-9a0d1213840d-139665703665664","trial_id":52,"param_name":"fast_lr","param_value_internal":5.933186649279466,"distribution":"{\"name\": \"FloatDistribution\", \"attributes\": {\"step\": null, \"low\": 2e-05, \"high\": 50.0, \"log\": true}}"}
{"op_code":5,"worker_id":"2308af96-1848-4185-8294-9a0d1213840d-139665703665664","trial_id":52,"param_name":"tau_sec","param_value_internal":0.0,"distribution":"{\"name\": \"FloatDistribution\", \"attributes\": {\"step\": null, \"low\": 0.0, \"high\": 0.0, \"log\": false}}"}
{"op_code":5,"worker_id":"2308af96-1848-4185-8294-9a0d1213840d-139665703665664","trial_id":52,"param_name":"ab_dw_min","param_value_internal":3.8561226026726604e-05,"distribution":"{\"name\": \"FloatDistribution\", \"attributes\": {\"step\": null, \"low\": 3e-06, \"high\": 0.009, \"log\": true}}"}
{"op_code":5,"worker_id":"2308af96-1848-4185-8294-9a0d1213840d-139665703665664","trial_id":52,"param_name":"ab_desired_bl","param_value_internal":31.0,"distribution":"{\"name\": \"IntDistribution\", \"attributes\": {\"log\": false, \"step\": 1, \"low\": 31, \"high\": 31}}"}
{"op_code":5,"worker_id":"2308af96-1848-4185-8294-9a0d1213840d-139665703665664","trial_id":52,"param_name":"ab_multilevel","param_value_internal":1.0,"distribution":"{\"name\": \"IntDistribution\", \"attributes\": {\"log\": false, \"step\": 1, \"low\": 1, \"high\": 14}}"}
{"op_code":5,"worker_id":"2308af96-1848-4185-8294-9a0d1213840d-139665703665664","trial_id":52,"param_name":"a_reset_std","param_value_internal":1e-30,"distribution":"{\"name\": \"FloatDistribution\", \"attributes\": {\"step\": null, \"low\": 1e-30, \"high\": 1e-30, \"log\": true}}"}
{"op_code":5,"worker_id":"2308af96-1848-4185-8294-9a0d1213840d-139665703665664","trial_id":52,"param_name":"b_reset_std","param_value_internal":1e-30,"distribution":"{\"name\": \"FloatDistribution\", \"attributes\": {\"step\": null, \"low\": 1e-30, \"high\": 1e-30, \"log\": true}}"}
{"op_code":5,"worker_id":"2308af96-1848-4185-8294-9a0d1213840d-139665703665664","trial_id":52,"param_name":"c_dw_min","param_value_internal":0.007205601624347892,"distribution":"{\"name\": \"FloatDistribution\", \"attributes\": {\"step\": null, \"low\": 0.001, \"high\": 0.04, \"log\": true}}"}
{"op_code":5,"worker_id":"2308af96-1848-4185-8294-9a0d1213840d-139665703665664","trial_id":52,"param_name":"c_desired_bl","param_value_internal":31.0,"distribution":"{\"name\": \"IntDistribution\", \"attributes\": {\"log\": false, \"step\": 1, \"low\": 31, \"high\": 31}}"}
{"op_code":5,"worker_id":"2308af96-1848-4185-8294-9a0d1213840d-139665703665664","trial_id":52,"param_name":"out_noise","param_value_internal":0.0,"distribution":"{\"name\": \"FloatDistribution\", \"attributes\": {\"step\": null, \"low\": 0.0, \"high\": 0.0, \"log\": false}}"}
{"op_code":5,"worker_id":"2308af96-1848-4185-8294-9a0d1213840d-139665703665664","trial_id":52,"param_name":"ab_weight_scaling_omega","param_value_internal":0.0,"distribution":"{\"name\": \"FloatDistribution\", \"attributes\": {\"step\": null, \"low\": 0.0, \"high\": 0.0, \"log\": false}}"}
{"op_code":5,"worker_id":"2308af96-1848-4185-8294-9a0d1213840d-139665703665664","trial_id":52,"param_name":"min_lr_rate","param_value_internal":0.0,"distribution":"{\"name\": \"FloatDistribution\", \"attributes\": {\"step\": null, \"low\": 0.0, \"high\": 0.0, \"log\": false}}"}
{"op_code":5,"worker_id":"2308af96-1848-4185-8294-9a0d1213840d-139665703665664","trial_id":52,"param_name":"a_density","param_value_internal":0.005075308747931886,"distribution":"{\"name\": \"FloatDistribution\", \"attributes\": {\"step\": null, \"low\": 0.0009, \"high\": 1.0, \"log\": true}}"}
{"op_code":8,"worker_id":"2308af96-1848-4185-8294-9a0d1213840d-139665703665664","trial_id":52,"user_attr":{"grad_accum_steps":1}}
{"op_code":7,"worker_id":"8b263896-ff64-4249-a0bf-375cbcb369cf-139672061788160","trial_id":47,"step":5,"intermediate_value":75.96081371571448}
{"op_code":8,"worker_id":"8b263896-ff64-4249-a0bf-375cbcb369cf-139672061788160","trial_id":47,"user_attr":{"train_loss_epoch_5":1.610054366698433}}
{"op_code":6,"worker_id":"8b263896-ff64-4249-a0bf-375cbcb369cf-139672061788160","trial_id":47,"state":1,"values":[75.96081371571448],"datetime_complete":"2026-05-25T20:08:51.012960"}
{"op_code":4,"worker_id":"8b263896-ff64-4249-a0bf-375cbcb369cf-139672061788160","study_id":0,"datetime_start":"2026-05-25T20:08:51.014600"}
{"op_code":5,"worker_id":"8b263896-ff64-4249-a0bf-375cbcb369cf-139672061788160","trial_id":53,"param_name":"learning_rate","param_value_internal":0.0039473547561719394,"distribution":"{\"name\": \"FloatDistribution\", \"attributes\": {\"step\": null, \"low\": 0.0009, \"high\": 0.007, \"log\": true}}"}
{"op_code":5,"worker_id":"8b263896-ff64-4249-a0bf-375cbcb369cf-139672061788160","trial_id":53,"param_name":"transfer_lr","param_value_internal":0.00040057054236887756,"distribution":"{\"name\": \"FloatDistribution\", \"attributes\": {\"step\": null, \"low\": 9e-06, \"high\": 5.0, \"log\": true}}"}
{"op_code":5,"worker_id":"8b263896-ff64-4249-a0bf-375cbcb369cf-139672061788160","trial_id":53,"param_name":"transfer_every","param_value_internal":1.0,"distribution":"{\"name\": \"IntDistribution\", \"attributes\": {\"log\": true, \"step\": 1, \"low\": 1, \"high\": 70}}"}
{"op_code":5,"worker_id":"8b263896-ff64-4249-a0bf-375cbcb369cf-139672061788160","trial_id":53,"param_name":"rank_exp","param_value_internal":0.0,"distribution":"{\"name\": \"IntDistribution\", \"attributes\": {\"log\": false, \"step\": 1, \"low\": 0, \"high\": 6}}"}
{"op_code":5,"worker_id":"8b263896-ff64-4249-a0bf-375cbcb369cf-139672061788160","trial_id":53,"param_name":"fast_lr","param_value_internal":0.00024713764255993037,"distribution":"{\"name\": \"FloatDistribution\", \"attributes\": {\"step\": null, \"low\": 2e-05, \"high\": 50.0, \"log\": true}}"}
{"op_code":5,"worker_id":"8b263896-ff64-4249-a0bf-375cbcb369cf-139672061788160","trial_id":53,"param_name":"tau_sec","param_value_internal":0.0,"distribution":"{\"name\": \"FloatDistribution\", \"attributes\": {\"step\": null, \"low\": 0.0, \"high\": 0.0, \"log\": false}}"}
{"op_code":5,"worker_id":"8b263896-ff64-4249-a0bf-375cbcb369cf-139672061788160","trial_id":53,"param_name":"ab_dw_min","param_value_internal":1.80867958983553e-05,"distribution":"{\"name\": \"FloatDistribution\", \"attributes\": {\"step\": null, \"low\": 3e-06, \"high\": 0.009, \"log\": true}}"}
{"op_code":5,"worker_id":"8b263896-ff64-4249-a0bf-375cbcb369cf-139672061788160","trial_id":53,"param_name":"ab_desired_bl","param_value_internal":31.0,"distribution":"{\"name\": \"IntDistribution\", \"attributes\": {\"log\": false, \"step\": 1, \"low\": 31, \"high\": 31}}"}
{"op_code":5,"worker_id":"8b263896-ff64-4249-a0bf-375cbcb369cf-139672061788160","trial_id":53,"param_name":"ab_multilevel","param_value_internal":1.0,"distribution":"{\"name\": \"IntDistribution\", \"attributes\": {\"log\": false, \"step\": 1, \"low\": 1, \"high\": 14}}"}
{"op_code":5,"worker_id":"8b263896-ff64-4249-a0bf-375cbcb369cf-139672061788160","trial_id":53,"param_name":"a_reset_std","param_value_internal":1e-30,"distribution":"{\"name\": \"FloatDistribution\", \"attributes\": {\"step\": null, \"low\": 1e-30, \"high\": 1e-30, \"log\": true}}"}
{"op_code":5,"worker_id":"8b263896-ff64-4249-a0bf-375cbcb369cf-139672061788160","trial_id":53,"param_name":"b_reset_std","param_value_internal":1e-30,"distribution":"{\"name\": \"FloatDistribution\", \"attributes\": {\"step\": null, \"low\": 1e-30, \"high\": 1e-30, \"log\": true}}"}
{"op_code":5,"worker_id":"8b263896-ff64-4249-a0bf-375cbcb369cf-139672061788160","trial_id":53,"param_name":"c_dw_min","param_value_internal":0.006585729741134593,"distribution":"{\"name\": \"FloatDistribution\", \"attributes\": {\"step\": null, \"low\": 0.001, \"high\": 0.04, \"log\": true}}"}
{"op_code":5,"worker_id":"8b263896-ff64-4249-a0bf-375cbcb369cf-139672061788160","trial_id":53,"param_name":"c_desired_bl","param_value_internal":31.0,"distribution":"{\"name\": \"IntDistribution\", \"attributes\": {\"log\": false, \"step\": 1, \"low\": 31, \"high\": 31}}"}
{"op_code":5,"worker_id":"8b263896-ff64-4249-a0bf-375cbcb369cf-139672061788160","trial_id":53,"param_name":"out_noise","param_value_internal":0.0,"distribution":"{\"name\": \"FloatDistribution\", \"attributes\": {\"step\": null, \"low\": 0.0, \"high\": 0.0, \"log\": false}}"}
{"op_code":5,"worker_id":"8b263896-ff64-4249-a0bf-375cbcb369cf-139672061788160","trial_id":53,"param_name":"ab_weight_scaling_omega","param_value_internal":0.0,"distribution":"{\"name\": \"FloatDistribution\", \"attributes\": {\"step\": null, \"low\": 0.0, \"high\": 0.0, \"log\": false}}"}
{"op_code":5,"worker_id":"8b263896-ff64-4249-a0bf-375cbcb369cf-139672061788160","trial_id":53,"param_name":"min_lr_rate","param_value_internal":0.0,"distribution":"{\"name\": \"FloatDistribution\", \"attributes\": {\"step\": null, \"low\": 0.0, \"high\": 0.0, \"log\": false}}"}
{"op_code":5,"worker_id":"8b263896-ff64-4249-a0bf-375cbcb369cf-139672061788160","trial_id":53,"param_name":"a_density","param_value_internal":0.003019715751761112,"distribution":"{\"name\": \"FloatDistribution\", \"attributes\": {\"step\": null, \"low\": 0.0009, \"high\": 1.0, \"log\": true}}"}
{"op_code":8,"worker_id":"8b263896-ff64-4249-a0bf-375cbcb369cf-139672061788160","trial_id":53,"user_attr":{"grad_accum_steps":1}}
{"op_code":7,"worker_id":"94fcab39-a262-4c50-b7c5-86ebbb5a8a18-139987696013312","trial_id":48,"step":5,"intermediate_value":77.55630595145313}
{"op_code":8,"worker_id":"94fcab39-a262-4c50-b7c5-86ebbb5a8a18-139987696013312","trial_id":48,"user_attr":{"train_loss_epoch_5":1.542120618807268}}
{"op_code":6,"worker_id":"94fcab39-a262-4c50-b7c5-86ebbb5a8a18-139987696013312","trial_id":48,"state":1,"values":[77.55630595145313],"datetime_complete":"2026-05-25T20:11:36.177244"}
{"op_code":4,"worker_id":"94fcab39-a262-4c50-b7c5-86ebbb5a8a18-139987696013312","study_id":0,"datetime_start":"2026-05-25T20:11:36.178927"}
{"op_code":5,"worker_id":"94fcab39-a262-4c50-b7c5-86ebbb5a8a18-139987696013312","trial_id":54,"param_name":"learning_rate","param_value_internal":0.0010366071812157247,"distribution":"{\"name\": \"FloatDistribution\", \"attributes\": {\"step\": null, \"low\": 0.0009, \"high\": 0.007, \"log\": true}}"}
{"op_code":5,"worker_id":"94fcab39-a262-4c50-b7c5-86ebbb5a8a18-139987696013312","trial_id":54,"param_name":"transfer_lr","param_value_internal":1.1194043347983262,"distribution":"{\"name\": \"FloatDistribution\", \"attributes\": {\"step\": null, \"low\": 9e-06, \"high\": 5.0, \"log\": true}}"}
{"op_code":5,"worker_id":"94fcab39-a262-4c50-b7c5-86ebbb5a8a18-139987696013312","trial_id":54,"param_name":"transfer_every","param_value_internal":1.0,"distribution":"{\"name\": \"IntDistribution\", \"attributes\": {\"log\": true, \"step\": 1, \"low\": 1, \"high\": 70}}"}
{"op_code":5,"worker_id":"94fcab39-a262-4c50-b7c5-86ebbb5a8a18-139987696013312","trial_id":54,"param_name":"rank_exp","param_value_internal":0.0,"distribution":"{\"name\": \"IntDistribution\", \"attributes\": {\"log\": false, \"step\": 1, \"low\": 0, \"high\": 6}}"}
{"op_code":5,"worker_id":"94fcab39-a262-4c50-b7c5-86ebbb5a8a18-139987696013312","trial_id":54,"param_name":"fast_lr","param_value_internal":0.01386171559368324,"distribution":"{\"name\": \"FloatDistribution\", \"attributes\": {\"step\": null, \"low\": 2e-05, \"high\": 50.0, \"log\": true}}"}
{"op_code":5,"worker_id":"94fcab39-a262-4c50-b7c5-86ebbb5a8a18-139987696013312","trial_id":54,"param_name":"tau_sec","param_value_internal":0.0,"distribution":"{\"name\": \"FloatDistribution\", \"attributes\": {\"step\": null, \"low\": 0.0, \"high\": 0.0, \"log\": false}}"}
{"op_code":5,"worker_id":"94fcab39-a262-4c50-b7c5-86ebbb5a8a18-139987696013312","trial_id":54,"param_name":"ab_dw_min","param_value_internal":4.639150374832305e-06,"distribution":"{\"name\": \"FloatDistribution\", \"attributes\": {\"step\": null, \"low\": 3e-06, \"high\": 0.009, \"log\": true}}"}
{"op_code":5,"worker_id":"94fcab39-a262-4c50-b7c5-86ebbb5a8a18-139987696013312","trial_id":54,"param_name":"ab_desired_bl","param_value_internal":31.0,"distribution":"{\"name\": \"IntDistribution\", \"attributes\": {\"log\": false, \"step\": 1, \"low\": 31, \"high\": 31}}"}
{"op_code":5,"worker_id":"94fcab39-a262-4c50-b7c5-86ebbb5a8a18-139987696013312","trial_id":54,"param_name":"ab_multilevel","param_value_internal":1.0,"distribution":"{\"name\": \"IntDistribution\", \"attributes\": {\"log\": false, \"step\": 1, \"low\": 1, \"high\": 14}}"}
{"op_code":5,"worker_id":"94fcab39-a262-4c50-b7c5-86ebbb5a8a18-139987696013312","trial_id":54,"param_name":"a_reset_std","param_value_internal":1e-30,"distribution":"{\"name\": \"FloatDistribution\", \"attributes\": {\"step\": null, \"low\": 1e-30, \"high\": 1e-30, \"log\": true}}"}
{"op_code":5,"worker_id":"94fcab39-a262-4c50-b7c5-86ebbb5a8a18-139987696013312","trial_id":54,"param_name":"b_reset_std","param_value_internal":1e-30,"distribution":"{\"name\": \"FloatDistribution\", \"attributes\": {\"step\": null, \"low\": 1e-30, \"high\": 1e-30, \"log\": true}}"}
{"op_code":5,"worker_id":"94fcab39-a262-4c50-b7c5-86ebbb5a8a18-139987696013312","trial_id":54,"param_name":"c_dw_min","param_value_internal":0.006426250846627532,"distribution":"{\"name\": \"FloatDistribution\", \"attributes\": {\"step\": null, \"low\": 0.001, \"high\": 0.04, \"log\": true}}"}
{"op_code":5,"worker_id":"94fcab39-a262-4c50-b7c5-86ebbb5a8a18-139987696013312","trial_id":54,"param_name":"c_desired_bl","param_value_internal":31.0,"distribution":"{\"name\": \"IntDistribution\", \"attributes\": {\"log\": false, \"step\": 1, \"low\": 31, \"high\": 31}}"}
{"op_code":5,"worker_id":"94fcab39-a262-4c50-b7c5-86ebbb5a8a18-139987696013312","trial_id":54,"param_name":"out_noise","param_value_internal":0.0,"distribution":"{\"name\": \"FloatDistribution\", \"attributes\": {\"step\": null, \"low\": 0.0, \"high\": 0.0, \"log\": false}}"}
{"op_code":5,"worker_id":"94fcab39-a262-4c50-b7c5-86ebbb5a8a18-139987696013312","trial_id":54,"param_name":"ab_weight_scaling_omega","param_value_internal":0.0,"distribution":"{\"name\": \"FloatDistribution\", \"attributes\": {\"step\": null, \"low\": 0.0, \"high\": 0.0, \"log\": false}}"}
{"op_code":5,"worker_id":"94fcab39-a262-4c50-b7c5-86ebbb5a8a18-139987696013312","trial_id":54,"param_name":"min_lr_rate","param_value_internal":0.0,"distribution":"{\"name\": \"FloatDistribution\", \"attributes\": {\"step\": null, \"low\": 0.0, \"high\": 0.0, \"log\": false}}"}
{"op_code":5,"worker_id":"94fcab39-a262-4c50-b7c5-86ebbb5a8a18-139987696013312","trial_id":54,"param_name":"a_density","param_value_internal":0.003742890919647263,"distribution":"{\"name\": \"FloatDistribution\", \"attributes\": {\"step\": null, \"low\": 0.0009, \"high\": 1.0, \"log\": true}}"}
{"op_code":8,"worker_id":"94fcab39-a262-4c50-b7c5-86ebbb5a8a18-139987696013312","trial_id":54,"user_attr":{"grad_accum_steps":1}}
{"op_code":7,"worker_id":"e7d4dd1c-833e-4209-a30c-7a437c5b83c4-140384450662400","trial_id":51,"step":2,"intermediate_value":75.68553039162859}
{"op_code":8,"worker_id":"e7d4dd1c-833e-4209-a30c-7a437c5b83c4-140384450662400","trial_id":51,"user_attr":{"train_loss_epoch_2":1.670174618077472}}
{"op_code":7,"worker_id":"2308af96-1848-4185-8294-9a0d1213840d-139665703665664","trial_id":52,"step":1,"intermediate_value":72.22239887166184}
{"op_code":8,"worker_id":"2308af96-1848-4185-8294-9a0d1213840d-139665703665664","trial_id":52,"user_attr":{"train_loss_epoch_1":2.428418878940386}}
{"op_code":7,"worker_id":"8b263896-ff64-4249-a0bf-375cbcb369cf-139672061788160","trial_id":53,"step":1,"intermediate_value":74.46464452269704}
{"op_code":8,"worker_id":"8b263896-ff64-4249-a0bf-375cbcb369cf-139672061788160","trial_id":53,"user_attr":{"train_loss_epoch_1":2.175574149155035}}
{"op_code":7,"worker_id":"94fcab39-a262-4c50-b7c5-86ebbb5a8a18-139987696013312","trial_id":54,"step":1,"intermediate_value":71.6414438178071}
{"op_code":8,"worker_id":"94fcab39-a262-4c50-b7c5-86ebbb5a8a18-139987696013312","trial_id":54,"user_attr":{"train_loss_epoch_1":2.485832580512132}}
{"op_code":7,"worker_id":"2308af96-1848-4185-8294-9a0d1213840d-139665703665664","trial_id":52,"step":2,"intermediate_value":75.00519861851177}
{"op_code":8,"worker_id":"2308af96-1848-4185-8294-9a0d1213840d-139665703665664","trial_id":52,"user_attr":{"train_loss_epoch_2":1.7246970922320193}}
{"op_code":7,"worker_id":"e7d4dd1c-833e-4209-a30c-7a437c5b83c4-140384450662400","trial_id":51,"step":3,"intermediate_value":76.97536044980549}
{"op_code":8,"worker_id":"e7d4dd1c-833e-4209-a30c-7a437c5b83c4-140384450662400","trial_id":51,"user_attr":{"train_loss_epoch_3":1.5892431323767355}}
{"op_code":7,"worker_id":"8b263896-ff64-4249-a0bf-375cbcb369cf-139672061788160","trial_id":53,"step":2,"intermediate_value":76.44943053780486}
{"op_code":8,"worker_id":"8b263896-ff64-4249-a0bf-375cbcb369cf-139672061788160","trial_id":53,"user_attr":{"train_loss_epoch_2":1.6702621233818653}}
{"op_code":7,"worker_id":"94fcab39-a262-4c50-b7c5-86ebbb5a8a18-139987696013312","trial_id":54,"step":2,"intermediate_value":75.07415948454329}
{"op_code":8,"worker_id":"94fcab39-a262-4c50-b7c5-86ebbb5a8a18-139987696013312","trial_id":54,"user_attr":{"train_loss_epoch_2":1.7450715420045826}}
{"op_code":7,"worker_id":"2308af96-1848-4185-8294-9a0d1213840d-139665703665664","trial_id":52,"step":3,"intermediate_value":75.98953181502256}
{"op_code":8,"worker_id":"2308af96-1848-4185-8294-9a0d1213840d-139665703665664","trial_id":52,"user_attr":{"train_loss_epoch_3":1.6469477889014454}}
{"op_code":7,"worker_id":"e7d4dd1c-833e-4209-a30c-7a437c5b83c4-140384450662400","trial_id":51,"step":4,"intermediate_value":77.50725389565862}
{"op_code":8,"worker_id":"e7d4dd1c-833e-4209-a30c-7a437c5b83c4-140384450662400","trial_id":51,"user_attr":{"train_loss_epoch_4":1.5474747941745974}}
{"op_code":7,"worker_id":"8b263896-ff64-4249-a0bf-375cbcb369cf-139672061788160","trial_id":53,"step":3,"intermediate_value":77.33914107204295}
{"op_code":8,"worker_id":"8b263896-ff64-4249-a0bf-375cbcb369cf-139672061788160","trial_id":53,"user_attr":{"train_loss_epoch_3":1.5923663987376826}}
{"op_code":7,"worker_id":"94fcab39-a262-4c50-b7c5-86ebbb5a8a18-139987696013312","trial_id":54,"step":3,"intermediate_value":75.50499453613561}
{"op_code":8,"worker_id":"94fcab39-a262-4c50-b7c5-86ebbb5a8a18-139987696013312","trial_id":54,"user_attr":{"train_loss_epoch_3":1.6647750141820934}}
{"op_code":7,"worker_id":"2308af96-1848-4185-8294-9a0d1213840d-139665703665664","trial_id":52,"step":4,"intermediate_value":76.3829534852699}
{"op_code":8,"worker_id":"2308af96-1848-4185-8294-9a0d1213840d-139665703665664","trial_id":52,"user_attr":{"train_loss_epoch_4":1.6036075113265496}}
{"op_code":7,"worker_id":"e7d4dd1c-833e-4209-a30c-7a437c5b83c4-140384450662400","trial_id":51,"step":5,"intermediate_value":77.94093617138739}
{"op_code":8,"worker_id":"e7d4dd1c-833e-4209-a30c-7a437c5b83c4-140384450662400","trial_id":51,"user_attr":{"train_loss_epoch_5":1.5175730262991536}}
{"op_code":6,"worker_id":"e7d4dd1c-833e-4209-a30c-7a437c5b83c4-140384450662400","trial_id":51,"state":1,"values":[77.94093617138739],"datetime_complete":"2026-05-25T21:10:34.616304"}
{"op_code":4,"worker_id":"e7d4dd1c-833e-4209-a30c-7a437c5b83c4-140384450662400","study_id":0,"datetime_start":"2026-05-25T21:10:34.617885"}
{"op_code":5,"worker_id":"e7d4dd1c-833e-4209-a30c-7a437c5b83c4-140384450662400","trial_id":55,"param_name":"learning_rate","param_value_internal":0.003894590721730072,"distribution":"{\"name\": \"FloatDistribution\", \"attributes\": {\"step\": null, \"low\": 0.0009, \"high\": 0.007, \"log\": true}}"}
{"op_code":5,"worker_id":"e7d4dd1c-833e-4209-a30c-7a437c5b83c4-140384450662400","trial_id":55,"param_name":"transfer_lr","param_value_internal":0.00018947609681509614,"distribution":"{\"name\": \"FloatDistribution\", \"attributes\": {\"step\": null, \"low\": 9e-06, \"high\": 5.0, \"log\": true}}"}
{"op_code":5,"worker_id":"e7d4dd1c-833e-4209-a30c-7a437c5b83c4-140384450662400","trial_id":55,"param_name":"transfer_every","param_value_internal":1.0,"distribution":"{\"name\": \"IntDistribution\", \"attributes\": {\"log\": true, \"step\": 1, \"low\": 1, \"high\": 70}}"}
{"op_code":5,"worker_id":"e7d4dd1c-833e-4209-a30c-7a437c5b83c4-140384450662400","trial_id":55,"param_name":"rank_exp","param_value_internal":0.0,"distribution":"{\"name\": \"IntDistribution\", \"attributes\": {\"log\": false, \"step\": 1, \"low\": 0, \"high\": 6}}"}
{"op_code":5,"worker_id":"e7d4dd1c-833e-4209-a30c-7a437c5b83c4-140384450662400","trial_id":55,"param_name":"fast_lr","param_value_internal":2.7257613615467786,"distribution":"{\"name\": \"FloatDistribution\", \"attributes\": {\"step\": null, \"low\": 2e-05, \"high\": 50.0, \"log\": true}}"}
{"op_code":5,"worker_id":"e7d4dd1c-833e-4209-a30c-7a437c5b83c4-140384450662400","trial_id":55,"param_name":"tau_sec","param_value_internal":0.0,"distribution":"{\"name\": \"FloatDistribution\", \"attributes\": {\"step\": null, \"low\": 0.0, \"high\": 0.0, \"log\": false}}"}
{"op_code":5,"worker_id":"e7d4dd1c-833e-4209-a30c-7a437c5b83c4-140384450662400","trial_id":55,"param_name":"ab_dw_min","param_value_internal":0.0022059244789369562,"distribution":"{\"name\": \"FloatDistribution\", \"attributes\": {\"step\": null, \"low\": 3e-06, \"high\": 0.009, \"log\": true}}"}
{"op_code":5,"worker_id":"e7d4dd1c-833e-4209-a30c-7a437c5b83c4-140384450662400","trial_id":55,"param_name":"ab_desired_bl","param_value_internal":31.0,"distribution":"{\"name\": \"IntDistribution\", \"attributes\": {\"log\": false, \"step\": 1, \"low\": 31, \"high\": 31}}"}
{"op_code":5,"worker_id":"e7d4dd1c-833e-4209-a30c-7a437c5b83c4-140384450662400","trial_id":55,"param_name":"ab_multilevel","param_value_internal":1.0,"distribution":"{\"name\": \"IntDistribution\", \"attributes\": {\"log\": false, \"step\": 1, \"low\": 1, \"high\": 14}}"}
{"op_code":5,"worker_id":"e7d4dd1c-833e-4209-a30c-7a437c5b83c4-140384450662400","trial_id":55,"param_name":"a_reset_std","param_value_internal":1e-30,"distribution":"{\"name\": \"FloatDistribution\", \"attributes\": {\"step\": null, \"low\": 1e-30, \"high\": 1e-30, \"log\": true}}"}
{"op_code":5,"worker_id":"e7d4dd1c-833e-4209-a30c-7a437c5b83c4-140384450662400","trial_id":55,"param_name":"b_reset_std","param_value_internal":1e-30,"distribution":"{\"name\": \"FloatDistribution\", \"attributes\": {\"step\": null, \"low\": 1e-30, \"high\": 1e-30, \"log\": true}}"}
{"op_code":5,"worker_id":"e7d4dd1c-833e-4209-a30c-7a437c5b83c4-140384450662400","trial_id":55,"param_name":"c_dw_min","param_value_internal":0.006273331099773518,"distribution":"{\"name\": \"FloatDistribution\", \"attributes\": {\"step\": null, \"low\": 0.001, \"high\": 0.04, \"log\": true}}"}
{"op_code":5,"worker_id":"e7d4dd1c-833e-4209-a30c-7a437c5b83c4-140384450662400","trial_id":55,"param_name":"c_desired_bl","param_value_internal":31.0,"distribution":"{\"name\": \"IntDistribution\", \"attributes\": {\"log\": false, \"step\": 1, \"low\": 31, \"high\": 31}}"}
{"op_code":5,"worker_id":"e7d4dd1c-833e-4209-a30c-7a437c5b83c4-140384450662400","trial_id":55,"param_name":"out_noise","param_value_internal":0.0,"distribution":"{\"name\": \"FloatDistribution\", \"attributes\": {\"step\": null, \"low\": 0.0, \"high\": 0.0, \"log\": false}}"}
{"op_code":5,"worker_id":"e7d4dd1c-833e-4209-a30c-7a437c5b83c4-140384450662400","trial_id":55,"param_name":"ab_weight_scaling_omega","param_value_internal":0.0,"distribution":"{\"name\": \"FloatDistribution\", \"attributes\": {\"step\": null, \"low\": 0.0, \"high\": 0.0, \"log\": false}}"}
{"op_code":5,"worker_id":"e7d4dd1c-833e-4209-a30c-7a437c5b83c4-140384450662400","trial_id":55,"param_name":"min_lr_rate","param_value_internal":0.0,"distribution":"{\"name\": \"FloatDistribution\", \"attributes\": {\"step\": null, \"low\": 0.0, \"high\": 0.0, \"log\": false}}"}
{"op_code":5,"worker_id":"e7d4dd1c-833e-4209-a30c-7a437c5b83c4-140384450662400","trial_id":55,"param_name":"a_density","param_value_internal":0.05557335887624731,"distribution":"{\"name\": \"FloatDistribution\", \"attributes\": {\"step\": null, \"low\": 0.0009, \"high\": 1.0, \"log\": true}}"}
{"op_code":8,"worker_id":"e7d4dd1c-833e-4209-a30c-7a437c5b83c4-140384450662400","trial_id":55,"user_attr":{"grad_accum_steps":1}}
{"op_code":7,"worker_id":"8b263896-ff64-4249-a0bf-375cbcb369cf-139672061788160","trial_id":53,"step":4,"intermediate_value":78.18734261153116}
{"op_code":8,"worker_id":"8b263896-ff64-4249-a0bf-375cbcb369cf-139672061788160","trial_id":53,"user_attr":{"train_loss_epoch_4":1.5449047048886617}}
{"op_code":7,"worker_id":"94fcab39-a262-4c50-b7c5-86ebbb5a8a18-139987696013312","trial_id":54,"step":4,"intermediate_value":76.14754804599445}
{"op_code":8,"worker_id":"94fcab39-a262-4c50-b7c5-86ebbb5a8a18-139987696013312","trial_id":54,"user_attr":{"train_loss_epoch_4":1.6204546494858698}}
{"op_code":7,"worker_id":"2308af96-1848-4185-8294-9a0d1213840d-139665703665664","trial_id":52,"step":5,"intermediate_value":76.60879084157705}
{"op_code":8,"worker_id":"2308af96-1848-4185-8294-9a0d1213840d-139665703665664","trial_id":52,"user_attr":{"train_loss_epoch_5":1.5791170109578265}}
{"op_code":6,"worker_id":"2308af96-1848-4185-8294-9a0d1213840d-139665703665664","trial_id":52,"state":1,"values":[76.60879084157705],"datetime_complete":"2026-05-25T21:24:27.552439"}
{"op_code":4,"worker_id":"2308af96-1848-4185-8294-9a0d1213840d-139665703665664","study_id":0,"datetime_start":"2026-05-25T21:24:27.553957"}
{"op_code":5,"worker_id":"2308af96-1848-4185-8294-9a0d1213840d-139665703665664","trial_id":56,"param_name":"learning_rate","param_value_internal":0.0033916196155333667,"distribution":"{\"name\": \"FloatDistribution\", \"attributes\": {\"step\": null, \"low\": 0.0009, \"high\": 0.007, \"log\": true}}"}
{"op_code":5,"worker_id":"2308af96-1848-4185-8294-9a0d1213840d-139665703665664","trial_id":56,"param_name":"transfer_lr","param_value_internal":0.1674220911885977,"distribution":"{\"name\": \"FloatDistribution\", \"attributes\": {\"step\": null, \"low\": 9e-06, \"high\": 5.0, \"log\": true}}"}
{"op_code":5,"worker_id":"2308af96-1848-4185-8294-9a0d1213840d-139665703665664","trial_id":56,"param_name":"transfer_every","param_value_internal":2.0,"distribution":"{\"name\": \"IntDistribution\", \"attributes\": {\"log\": true, \"step\": 1, \"low\": 1, \"high\": 70}}"}
{"op_code":5,"worker_id":"2308af96-1848-4185-8294-9a0d1213840d-139665703665664","trial_id":56,"param_name":"rank_exp","param_value_internal":6.0,"distribution":"{\"name\": \"IntDistribution\", \"attributes\": {\"log\": false, \"step\": 1, \"low\": 0, \"high\": 6}}"}
{"op_code":5,"worker_id":"2308af96-1848-4185-8294-9a0d1213840d-139665703665664","trial_id":56,"param_name":"fast_lr","param_value_internal":16.445871246373517,"distribution":"{\"name\": \"FloatDistribution\", \"attributes\": {\"step\": null, \"low\": 2e-05, \"high\": 50.0, \"log\": true}}"}
{"op_code":5,"worker_id":"2308af96-1848-4185-8294-9a0d1213840d-139665703665664","trial_id":56,"param_name":"tau_sec","param_value_internal":0.0,"distribution":"{\"name\": \"FloatDistribution\", \"attributes\": {\"step\": null, \"low\": 0.0, \"high\": 0.0, \"log\": false}}"}
{"op_code":5,"worker_id":"2308af96-1848-4185-8294-9a0d1213840d-139665703665664","trial_id":56,"param_name":"ab_dw_min","param_value_internal":7.381690015050402e-06,"distribution":"{\"name\": \"FloatDistribution\", \"attributes\": {\"step\": null, \"low\": 3e-06, \"high\": 0.009, \"log\": true}}"}
{"op_code":5,"worker_id":"2308af96-1848-4185-8294-9a0d1213840d-139665703665664","trial_id":56,"param_name":"ab_desired_bl","param_value_internal":31.0,"distribution":"{\"name\": \"IntDistribution\", \"attributes\": {\"log\": false, \"step\": 1, \"low\": 31, \"high\": 31}}"}
{"op_code":5,"worker_id":"2308af96-1848-4185-8294-9a0d1213840d-139665703665664","trial_id":56,"param_name":"ab_multilevel","param_value_internal":1.0,"distribution":"{\"name\": \"IntDistribution\", \"attributes\": {\"log\": false, \"step\": 1, \"low\": 1, \"high\": 14}}"}
{"op_code":5,"worker_id":"2308af96-1848-4185-8294-9a0d1213840d-139665703665664","trial_id":56,"param_name":"a_reset_std","param_value_internal":1e-30,"distribution":"{\"name\": \"FloatDistribution\", \"attributes\": {\"step\": null, \"low\": 1e-30, \"high\": 1e-30, \"log\": true}}"}
{"op_code":5,"worker_id":"2308af96-1848-4185-8294-9a0d1213840d-139665703665664","trial_id":56,"param_name":"b_reset_std","param_value_internal":1e-30,"distribution":"{\"name\": \"FloatDistribution\", \"attributes\": {\"step\": null, \"low\": 1e-30, \"high\": 1e-30, \"log\": true}}"}
{"op_code":5,"worker_id":"2308af96-1848-4185-8294-9a0d1213840d-139665703665664","trial_id":56,"param_name":"c_dw_min","param_value_internal":0.04,"distribution":"{\"name\": \"FloatDistribution\", \"attributes\": {\"step\": null, \"low\": 0.001, \"high\": 0.04, \"log\": true}}"}
{"op_code":5,"worker_id":"2308af96-1848-4185-8294-9a0d1213840d-139665703665664","trial_id":56,"param_name":"c_desired_bl","param_value_internal":31.0,"distribution":"{\"name\": \"IntDistribution\", \"attributes\": {\"log\": false, \"step\": 1, \"low\": 31, \"high\": 31}}"}
{"op_code":5,"worker_id":"2308af96-1848-4185-8294-9a0d1213840d-139665703665664","trial_id":56,"param_name":"out_noise","param_value_internal":0.0,"distribution":"{\"name\": \"FloatDistribution\", \"attributes\": {\"step\": null, \"low\": 0.0, \"high\": 0.0, \"log\": false}}"}
{"op_code":5,"worker_id":"2308af96-1848-4185-8294-9a0d1213840d-139665703665664","trial_id":56,"param_name":"ab_weight_scaling_omega","param_value_internal":0.0,"distribution":"{\"name\": \"FloatDistribution\", \"attributes\": {\"step\": null, \"low\": 0.0, \"high\": 0.0, \"log\": false}}"}
{"op_code":5,"worker_id":"2308af96-1848-4185-8294-9a0d1213840d-139665703665664","trial_id":56,"param_name":"min_lr_rate","param_value_internal":0.0,"distribution":"{\"name\": \"FloatDistribution\", \"attributes\": {\"step\": null, \"low\": 0.0, \"high\": 0.0, \"log\": false}}"}
{"op_code":5,"worker_id":"2308af96-1848-4185-8294-9a0d1213840d-139665703665664","trial_id":56,"param_name":"a_density","param_value_internal":0.005592738487320239,"distribution":"{\"name\": \"FloatDistribution\", \"attributes\": {\"step\": null, \"low\": 0.0009, \"high\": 1.0, \"log\": true}}"}
{"op_code":8,"worker_id":"2308af96-1848-4185-8294-9a0d1213840d-139665703665664","trial_id":56,"user_attr":{"grad_accum_steps":1}}
{"op_code":7,"worker_id":"e7d4dd1c-833e-4209-a30c-7a437c5b83c4-140384450662400","trial_id":55,"step":1,"intermediate_value":73.8524399072754}
{"op_code":8,"worker_id":"e7d4dd1c-833e-4209-a30c-7a437c5b83c4-140384450662400","trial_id":55,"user_attr":{"train_loss_epoch_1":2.1702623373124657}}
{"op_code":7,"worker_id":"8b263896-ff64-4249-a0bf-375cbcb369cf-139672061788160","trial_id":53,"step":5,"intermediate_value":78.45393262825246}
{"op_code":8,"worker_id":"8b263896-ff64-4249-a0bf-375cbcb369cf-139672061788160","trial_id":53,"user_attr":{"train_loss_epoch_5":1.5032283337458685}}
{"op_code":6,"worker_id":"8b263896-ff64-4249-a0bf-375cbcb369cf-139672061788160","trial_id":53,"state":1,"values":[78.45393262825246],"datetime_complete":"2026-05-25T21:32:46.604117"}
{"op_code":4,"worker_id":"8b263896-ff64-4249-a0bf-375cbcb369cf-139672061788160","study_id":0,"datetime_start":"2026-05-25T21:32:46.605786"}
{"op_code":5,"worker_id":"8b263896-ff64-4249-a0bf-375cbcb369cf-139672061788160","trial_id":57,"param_name":"learning_rate","param_value_internal":0.0012929385507542727,"distribution":"{\"name\": \"FloatDistribution\", \"attributes\": {\"step\": null, \"low\": 0.0009, \"high\": 0.007, \"log\": true}}"}
{"op_code":5,"worker_id":"8b263896-ff64-4249-a0bf-375cbcb369cf-139672061788160","trial_id":57,"param_name":"transfer_lr","param_value_internal":0.0004445624369172138,"distribution":"{\"name\": \"FloatDistribution\", \"attributes\": {\"step\": null, \"low\": 9e-06, \"high\": 5.0, \"log\": true}}"}
{"op_code":5,"worker_id":"8b263896-ff64-4249-a0bf-375cbcb369cf-139672061788160","trial_id":57,"param_name":"transfer_every","param_value_internal":59.0,"distribution":"{\"name\": \"IntDistribution\", \"attributes\": {\"log\": true, \"step\": 1, \"low\": 1, \"high\": 70}}"}
{"op_code":5,"worker_id":"8b263896-ff64-4249-a0bf-375cbcb369cf-139672061788160","trial_id":57,"param_name":"rank_exp","param_value_internal":6.0,"distribution":"{\"name\": \"IntDistribution\", \"attributes\": {\"log\": false, \"step\": 1, \"low\": 0, \"high\": 6}}"}
{"op_code":5,"worker_id":"8b263896-ff64-4249-a0bf-375cbcb369cf-139672061788160","trial_id":57,"param_name":"fast_lr","param_value_internal":10.000589813008718,"distribution":"{\"name\": \"FloatDistribution\", \"attributes\": {\"step\": null, \"low\": 2e-05, \"high\": 50.0, \"log\": true}}"}
{"op_code":5,"worker_id":"8b263896-ff64-4249-a0bf-375cbcb369cf-139672061788160","trial_id":57,"param_name":"tau_sec","param_value_internal":0.0,"distribution":"{\"name\": \"FloatDistribution\", \"attributes\": {\"step\": null, \"low\": 0.0, \"high\": 0.0, \"log\": false}}"}
{"op_code":5,"worker_id":"8b263896-ff64-4249-a0bf-375cbcb369cf-139672061788160","trial_id":57,"param_name":"ab_dw_min","param_value_internal":1.2991719385676327e-05,"distribution":"{\"name\": \"FloatDistribution\", \"attributes\": {\"step\": null, \"low\": 3e-06, \"high\": 0.009, \"log\": true}}"}
{"op_code":5,"worker_id":"8b263896-ff64-4249-a0bf-375cbcb369cf-139672061788160","trial_id":57,"param_name":"ab_desired_bl","param_value_internal":31.0,"distribution":"{\"name\": \"IntDistribution\", \"attributes\": {\"log\": false, \"step\": 1, \"low\": 31, \"high\": 31}}"}
{"op_code":5,"worker_id":"8b263896-ff64-4249-a0bf-375cbcb369cf-139672061788160","trial_id":57,"param_name":"ab_multilevel","param_value_internal":1.0,"distribution":"{\"name\": \"IntDistribution\", \"attributes\": {\"log\": false, \"step\": 1, \"low\": 1, \"high\": 14}}"}
{"op_code":5,"worker_id":"8b263896-ff64-4249-a0bf-375cbcb369cf-139672061788160","trial_id":57,"param_name":"a_reset_std","param_value_internal":1e-30,"distribution":"{\"name\": \"FloatDistribution\", \"attributes\": {\"step\": null, \"low\": 1e-30, \"high\": 1e-30, \"log\": true}}"}
{"op_code":5,"worker_id":"8b263896-ff64-4249-a0bf-375cbcb369cf-139672061788160","trial_id":57,"param_name":"b_reset_std","param_value_internal":1e-30,"distribution":"{\"name\": \"FloatDistribution\", \"attributes\": {\"step\": null, \"low\": 1e-30, \"high\": 1e-30, \"log\": true}}"}
{"op_code":5,"worker_id":"8b263896-ff64-4249-a0bf-375cbcb369cf-139672061788160","trial_id":57,"param_name":"c_dw_min","param_value_internal":0.04,"distribution":"{\"name\": \"FloatDistribution\", \"attributes\": {\"step\": null, \"low\": 0.001, \"high\": 0.04, \"log\": true}}"}
{"op_code":5,"worker_id":"8b263896-ff64-4249-a0bf-375cbcb369cf-139672061788160","trial_id":57,"param_name":"c_desired_bl","param_value_internal":31.0,"distribution":"{\"name\": \"IntDistribution\", \"attributes\": {\"log\": false, \"step\": 1, \"low\": 31, \"high\": 31}}"}
{"op_code":5,"worker_id":"8b263896-ff64-4249-a0bf-375cbcb369cf-139672061788160","trial_id":57,"param_name":"out_noise","param_value_internal":0.0,"distribution":"{\"name\": \"FloatDistribution\", \"attributes\": {\"step\": null, \"low\": 0.0, \"high\": 0.0, \"log\": false}}"}
{"op_code":5,"worker_id":"8b263896-ff64-4249-a0bf-375cbcb369cf-139672061788160","trial_id":57,"param_name":"ab_weight_scaling_omega","param_value_internal":0.0,"distribution":"{\"name\": \"FloatDistribution\", \"attributes\": {\"step\": null, \"low\": 0.0, \"high\": 0.0, \"log\": false}}"}
{"op_code":5,"worker_id":"8b263896-ff64-4249-a0bf-375cbcb369cf-139672061788160","trial_id":57,"param_name":"min_lr_rate","param_value_internal":0.0,"distribution":"{\"name\": \"FloatDistribution\", \"attributes\": {\"step\": null, \"low\": 0.0, \"high\": 0.0, \"log\": false}}"}
{"op_code":5,"worker_id":"8b263896-ff64-4249-a0bf-375cbcb369cf-139672061788160","trial_id":57,"param_name":"a_density","param_value_internal":0.025411862189079662,"distribution":"{\"name\": \"FloatDistribution\", \"attributes\": {\"step\": null, \"low\": 0.0009, \"high\": 1.0, \"log\": true}}"}
{"op_code":8,"worker_id":"8b263896-ff64-4249-a0bf-375cbcb369cf-139672061788160","trial_id":57,"user_attr":{"grad_accum_steps":1}}
{"op_code":7,"worker_id":"94fcab39-a262-4c50-b7c5-86ebbb5a8a18-139987696013312","trial_id":54,"step":5,"intermediate_value":76.29678659022565}
{"op_code":8,"worker_id":"94fcab39-a262-4c50-b7c5-86ebbb5a8a18-139987696013312","trial_id":54,"user_attr":{"train_loss_epoch_5":1.6016603851706033}}
{"op_code":6,"worker_id":"94fcab39-a262-4c50-b7c5-86ebbb5a8a18-139987696013312","trial_id":54,"state":1,"values":[76.29678659022565],"datetime_complete":"2026-05-25T21:35:23.037227"}
{"op_code":4,"worker_id":"94fcab39-a262-4c50-b7c5-86ebbb5a8a18-139987696013312","study_id":0,"datetime_start":"2026-05-25T21:35:23.039203"}
{"op_code":5,"worker_id":"94fcab39-a262-4c50-b7c5-86ebbb5a8a18-139987696013312","trial_id":58,"param_name":"learning_rate","param_value_internal":0.005106946897669778,"distribution":"{\"name\": \"FloatDistribution\", \"attributes\": {\"step\": null, \"low\": 0.0009, \"high\": 0.007, \"log\": true}}"}
{"op_code":5,"worker_id":"94fcab39-a262-4c50-b7c5-86ebbb5a8a18-139987696013312","trial_id":58,"param_name":"transfer_lr","param_value_internal":2.6050358674066065,"distribution":"{\"name\": \"FloatDistribution\", \"attributes\": {\"step\": null, \"low\": 9e-06, \"high\": 5.0, \"log\": true}}"}
{"op_code":5,"worker_id":"94fcab39-a262-4c50-b7c5-86ebbb5a8a18-139987696013312","trial_id":58,"param_name":"transfer_every","param_value_internal":35.0,"distribution":"{\"name\": \"IntDistribution\", \"attributes\": {\"log\": true, \"step\": 1, \"low\": 1, \"high\": 70}}"}
{"op_code":5,"worker_id":"94fcab39-a262-4c50-b7c5-86ebbb5a8a18-139987696013312","trial_id":58,"param_name":"rank_exp","param_value_internal":6.0,"distribution":"{\"name\": \"IntDistribution\", \"attributes\": {\"log\": false, \"step\": 1, \"low\": 0, \"high\": 6}}"}
{"op_code":5,"worker_id":"94fcab39-a262-4c50-b7c5-86ebbb5a8a18-139987696013312","trial_id":58,"param_name":"fast_lr","param_value_internal":1.0588787193377502,"distribution":"{\"name\": \"FloatDistribution\", \"attributes\": {\"step\": null, \"low\": 2e-05, \"high\": 50.0, \"log\": true}}"}
{"op_code":5,"worker_id":"94fcab39-a262-4c50-b7c5-86ebbb5a8a18-139987696013312","trial_id":58,"param_name":"tau_sec","param_value_internal":0.0,"distribution":"{\"name\": \"FloatDistribution\", \"attributes\": {\"step\": null, \"low\": 0.0, \"high\": 0.0, \"log\": false}}"}
{"op_code":5,"worker_id":"94fcab39-a262-4c50-b7c5-86ebbb5a8a18-139987696013312","trial_id":58,"param_name":"ab_dw_min","param_value_internal":0.0008559886340568079,"distribution":"{\"name\": \"FloatDistribution\", \"attributes\": {\"step\": null, \"low\": 3e-06, \"high\": 0.009, \"log\": true}}"}
{"op_code":5,"worker_id":"94fcab39-a262-4c50-b7c5-86ebbb5a8a18-139987696013312","trial_id":58,"param_name":"ab_desired_bl","param_value_internal":31.0,"distribution":"{\"name\": \"IntDistribution\", \"attributes\": {\"log\": false, \"step\": 1, \"low\": 31, \"high\": 31}}"}
{"op_code":5,"worker_id":"94fcab39-a262-4c50-b7c5-86ebbb5a8a18-139987696013312","trial_id":58,"param_name":"ab_multilevel","param_value_internal":1.0,"distribution":"{\"name\": \"IntDistribution\", \"attributes\": {\"log\": false, \"step\": 1, \"low\": 1, \"high\": 14}}"}
{"op_code":5,"worker_id":"94fcab39-a262-4c50-b7c5-86ebbb5a8a18-139987696013312","trial_id":58,"param_name":"a_reset_std","param_value_internal":1e-30,"distribution":"{\"name\": \"FloatDistribution\", \"attributes\": {\"step\": null, \"low\": 1e-30, \"high\": 1e-30, \"log\": true}}"}
{"op_code":5,"worker_id":"94fcab39-a262-4c50-b7c5-86ebbb5a8a18-139987696013312","trial_id":58,"param_name":"b_reset_std","param_value_internal":1e-30,"distribution":"{\"name\": \"FloatDistribution\", \"attributes\": {\"step\": null, \"low\": 1e-30, \"high\": 1e-30, \"log\": true}}"}
{"op_code":5,"worker_id":"94fcab39-a262-4c50-b7c5-86ebbb5a8a18-139987696013312","trial_id":58,"param_name":"c_dw_min","param_value_internal":0.04,"distribution":"{\"name\": \"FloatDistribution\", \"attributes\": {\"step\": null, \"low\": 0.001, \"high\": 0.04, \"log\": true}}"}
{"op_code":5,"worker_id":"94fcab39-a262-4c50-b7c5-86ebbb5a8a18-139987696013312","trial_id":58,"param_name":"c_desired_bl","param_value_internal":31.0,"distribution":"{\"name\": \"IntDistribution\", \"attributes\": {\"log\": false, \"step\": 1, \"low\": 31, \"high\": 31}}"}
{"op_code":5,"worker_id":"94fcab39-a262-4c50-b7c5-86ebbb5a8a18-139987696013312","trial_id":58,"param_name":"out_noise","param_value_internal":0.0,"distribution":"{\"name\": \"FloatDistribution\", \"attributes\": {\"step\": null, \"low\": 0.0, \"high\": 0.0, \"log\": false}}"}
{"op_code":5,"worker_id":"94fcab39-a262-4c50-b7c5-86ebbb5a8a18-139987696013312","trial_id":58,"param_name":"ab_weight_scaling_omega","param_value_internal":0.0,"distribution":"{\"name\": \"FloatDistribution\", \"attributes\": {\"step\": null, \"low\": 0.0, \"high\": 0.0, \"log\": false}}"}
{"op_code":5,"worker_id":"94fcab39-a262-4c50-b7c5-86ebbb5a8a18-139987696013312","trial_id":58,"param_name":"min_lr_rate","param_value_internal":0.0,"distribution":"{\"name\": \"FloatDistribution\", \"attributes\": {\"step\": null, \"low\": 0.0, \"high\": 0.0, \"log\": false}}"}
{"op_code":5,"worker_id":"94fcab39-a262-4c50-b7c5-86ebbb5a8a18-139987696013312","trial_id":58,"param_name":"a_density","param_value_internal":0.7899585983190055,"distribution":"{\"name\": \"FloatDistribution\", \"attributes\": {\"step\": null, \"low\": 0.0009, \"high\": 1.0, \"log\": true}}"}
{"op_code":8,"worker_id":"94fcab39-a262-4c50-b7c5-86ebbb5a8a18-139987696013312","trial_id":58,"user_attr":{"grad_accum_steps":1}}
{"op_code":7,"worker_id":"e7d4dd1c-833e-4209-a30c-7a437c5b83c4-140384450662400","trial_id":55,"step":2,"intermediate_value":76.75571720469632}
{"op_code":8,"worker_id":"e7d4dd1c-833e-4209-a30c-7a437c5b83c4-140384450662400","trial_id":55,"user_attr":{"train_loss_epoch_2":1.6786666297008028}}
{"op_code":7,"worker_id":"2308af96-1848-4185-8294-9a0d1213840d-139665703665664","trial_id":56,"step":1,"intermediate_value":74.46200433388175}
{"op_code":8,"worker_id":"2308af96-1848-4185-8294-9a0d1213840d-139665703665664","trial_id":56,"user_attr":{"train_loss_epoch_1":2.184664582560056}}
{"op_code":7,"worker_id":"8b263896-ff64-4249-a0bf-375cbcb369cf-139672061788160","trial_id":57,"step":1,"intermediate_value":72.2379112062474}
{"op_code":8,"worker_id":"8b263896-ff64-4249-a0bf-375cbcb369cf-139672061788160","trial_id":57,"user_attr":{"train_loss_epoch_1":2.4241390087417147}}
{"op_code":7,"worker_id":"94fcab39-a262-4c50-b7c5-86ebbb5a8a18-139987696013312","trial_id":58,"step":1,"intermediate_value":73.83590785768742}
{"op_code":8,"worker_id":"94fcab39-a262-4c50-b7c5-86ebbb5a8a18-139987696013312","trial_id":58,"user_attr":{"train_loss_epoch_1":2.1619171430101884}}
{"op_code":7,"worker_id":"e7d4dd1c-833e-4209-a30c-7a437c5b83c4-140384450662400","trial_id":55,"step":3,"intermediate_value":77.52237917366169}
{"op_code":8,"worker_id":"e7d4dd1c-833e-4209-a30c-7a437c5b83c4-140384450662400","trial_id":55,"user_attr":{"train_loss_epoch_3":1.5944695073414625}}
{"op_code":7,"worker_id":"8b263896-ff64-4249-a0bf-375cbcb369cf-139672061788160","trial_id":57,"step":2,"intermediate_value":75.31792097896741}
{"op_code":8,"worker_id":"8b263896-ff64-4249-a0bf-375cbcb369cf-139672061788160","trial_id":57,"user_attr":{"train_loss_epoch_2":1.714131761437186}}
{"op_code":7,"worker_id":"94fcab39-a262-4c50-b7c5-86ebbb5a8a18-139987696013312","trial_id":58,"step":2,"intermediate_value":74.57678567870845}
{"op_code":8,"worker_id":"94fcab39-a262-4c50-b7c5-86ebbb5a8a18-139987696013312","trial_id":58,"user_attr":{"train_loss_epoch_2":1.7229247306420552}}
{"op_code":7,"worker_id":"2308af96-1848-4185-8294-9a0d1213840d-139665703665664","trial_id":56,"step":2,"intermediate_value":74.96752884355368}
{"op_code":8,"worker_id":"2308af96-1848-4185-8294-9a0d1213840d-139665703665664","trial_id":56,"user_attr":{"train_loss_epoch_2":1.6604327660589038}}
{"op_code":7,"worker_id":"e7d4dd1c-833e-4209-a30c-7a437c5b83c4-140384450662400","trial_id":55,"step":4,"intermediate_value":77.92756497461028}
{"op_code":8,"worker_id":"e7d4dd1c-833e-4209-a30c-7a437c5b83c4-140384450662400","trial_id":55,"user_attr":{"train_loss_epoch_4":1.5413177452759368}}
{"op_code":7,"worker_id":"8b263896-ff64-4249-a0bf-375cbcb369cf-139672061788160","trial_id":57,"step":3,"intermediate_value":75.73582844306893}
{"op_code":8,"worker_id":"8b263896-ff64-4249-a0bf-375cbcb369cf-139672061788160","trial_id":57,"user_attr":{"train_loss_epoch_3":1.6391777049558272}}
{"op_code":7,"worker_id":"94fcab39-a262-4c50-b7c5-86ebbb5a8a18-139987696013312","trial_id":58,"step":3,"intermediate_value":75.82565658568102}
{"op_code":8,"worker_id":"94fcab39-a262-4c50-b7c5-86ebbb5a8a18-139987696013312","trial_id":58,"user_attr":{"train_loss_epoch_3":1.6728274894600639}}
{"op_code":7,"worker_id":"2308af96-1848-4185-8294-9a0d1213840d-139665703665664","trial_id":56,"step":3,"intermediate_value":77.66050895541974}
{"op_code":8,"worker_id":"2308af96-1848-4185-8294-9a0d1213840d-139665703665664","trial_id":56,"user_attr":{"train_loss_epoch_3":1.5846666421024458}}
{"op_code":7,"worker_id":"e7d4dd1c-833e-4209-a30c-7a437c5b83c4-140384450662400","trial_id":55,"step":5,"intermediate_value":78.71133860973387}
{"op_code":8,"worker_id":"e7d4dd1c-833e-4209-a30c-7a437c5b83c4-140384450662400","trial_id":55,"user_attr":{"train_loss_epoch_5":1.497330047993802}}
{"op_code":6,"worker_id":"e7d4dd1c-833e-4209-a30c-7a437c5b83c4-140384450662400","trial_id":55,"state":1,"values":[78.71133860973387],"datetime_complete":"2026-05-25T22:34:22.166709"}
{"op_code":4,"worker_id":"e7d4dd1c-833e-4209-a30c-7a437c5b83c4-140384450662400","study_id":0,"datetime_start":"2026-05-25T22:34:22.168299"}
{"op_code":5,"worker_id":"e7d4dd1c-833e-4209-a30c-7a437c5b83c4-140384450662400","trial_id":59,"param_name":"learning_rate","param_value_internal":0.0019501190626321522,"distribution":"{\"name\": \"FloatDistribution\", \"attributes\": {\"step\": null, \"low\": 0.0009, \"high\": 0.007, \"log\": true}}"}
{"op_code":5,"worker_id":"e7d4dd1c-833e-4209-a30c-7a437c5b83c4-140384450662400","trial_id":59,"param_name":"transfer_lr","param_value_internal":0.02699448970828632,"distribution":"{\"name\": \"FloatDistribution\", \"attributes\": {\"step\": null, \"low\": 9e-06, \"high\": 5.0, \"log\": true}}"}
{"op_code":5,"worker_id":"e7d4dd1c-833e-4209-a30c-7a437c5b83c4-140384450662400","trial_id":59,"param_name":"transfer_every","param_value_internal":22.0,"distribution":"{\"name\": \"IntDistribution\", \"attributes\": {\"log\": true, \"step\": 1, \"low\": 1, \"high\": 70}}"}
{"op_code":5,"worker_id":"e7d4dd1c-833e-4209-a30c-7a437c5b83c4-140384450662400","trial_id":59,"param_name":"rank_exp","param_value_internal":6.0,"distribution":"{\"name\": \"IntDistribution\", \"attributes\": {\"log\": false, \"step\": 1, \"low\": 0, \"high\": 6}}"}
{"op_code":5,"worker_id":"e7d4dd1c-833e-4209-a30c-7a437c5b83c4-140384450662400","trial_id":59,"param_name":"fast_lr","param_value_internal":0.00024696505212254405,"distribution":"{\"name\": \"FloatDistribution\", \"attributes\": {\"step\": null, \"low\": 2e-05, \"high\": 50.0, \"log\": true}}"}
{"op_code":5,"worker_id":"e7d4dd1c-833e-4209-a30c-7a437c5b83c4-140384450662400","trial_id":59,"param_name":"tau_sec","param_value_internal":0.0,"distribution":"{\"name\": \"FloatDistribution\", \"attributes\": {\"step\": null, \"low\": 0.0, \"high\": 0.0, \"log\": false}}"}
{"op_code":5,"worker_id":"e7d4dd1c-833e-4209-a30c-7a437c5b83c4-140384450662400","trial_id":59,"param_name":"ab_dw_min","param_value_internal":0.007447987862128828,"distribution":"{\"name\": \"FloatDistribution\", \"attributes\": {\"step\": null, \"low\": 3e-06, \"high\": 0.009, \"log\": true}}"}
{"op_code":5,"worker_id":"e7d4dd1c-833e-4209-a30c-7a437c5b83c4-140384450662400","trial_id":59,"param_name":"ab_desired_bl","param_value_internal":31.0,"distribution":"{\"name\": \"IntDistribution\", \"attributes\": {\"log\": false, \"step\": 1, \"low\": 31, \"high\": 31}}"}
{"op_code":5,"worker_id":"e7d4dd1c-833e-4209-a30c-7a437c5b83c4-140384450662400","trial_id":59,"param_name":"ab_multilevel","param_value_internal":1.0,"distribution":"{\"name\": \"IntDistribution\", \"attributes\": {\"log\": false, \"step\": 1, \"low\": 1, \"high\": 14}}"}
{"op_code":5,"worker_id":"e7d4dd1c-833e-4209-a30c-7a437c5b83c4-140384450662400","trial_id":59,"param_name":"a_reset_std","param_value_internal":1e-30,"distribution":"{\"name\": \"FloatDistribution\", \"attributes\": {\"step\": null, \"low\": 1e-30, \"high\": 1e-30, \"log\": true}}"}
{"op_code":5,"worker_id":"e7d4dd1c-833e-4209-a30c-7a437c5b83c4-140384450662400","trial_id":59,"param_name":"b_reset_std","param_value_internal":1e-30,"distribution":"{\"name\": \"FloatDistribution\", \"attributes\": {\"step\": null, \"low\": 1e-30, \"high\": 1e-30, \"log\": true}}"}
{"op_code":5,"worker_id":"e7d4dd1c-833e-4209-a30c-7a437c5b83c4-140384450662400","trial_id":59,"param_name":"c_dw_min","param_value_internal":0.04,"distribution":"{\"name\": \"FloatDistribution\", \"attributes\": {\"step\": null, \"low\": 0.001, \"high\": 0.04, \"log\": true}}"}
{"op_code":5,"worker_id":"e7d4dd1c-833e-4209-a30c-7a437c5b83c4-140384450662400","trial_id":59,"param_name":"c_desired_bl","param_value_internal":31.0,"distribution":"{\"name\": \"IntDistribution\", \"attributes\": {\"log\": false, \"step\": 1, \"low\": 31, \"high\": 31}}"}
{"op_code":5,"worker_id":"e7d4dd1c-833e-4209-a30c-7a437c5b83c4-140384450662400","trial_id":59,"param_name":"out_noise","param_value_internal":0.0,"distribution":"{\"name\": \"FloatDistribution\", \"attributes\": {\"step\": null, \"low\": 0.0, \"high\": 0.0, \"log\": false}}"}
{"op_code":5,"worker_id":"e7d4dd1c-833e-4209-a30c-7a437c5b83c4-140384450662400","trial_id":59,"param_name":"ab_weight_scaling_omega","param_value_internal":0.0,"distribution":"{\"name\": \"FloatDistribution\", \"attributes\": {\"step\": null, \"low\": 0.0, \"high\": 0.0, \"log\": false}}"}
{"op_code":5,"worker_id":"e7d4dd1c-833e-4209-a30c-7a437c5b83c4-140384450662400","trial_id":59,"param_name":"min_lr_rate","param_value_internal":0.0,"distribution":"{\"name\": \"FloatDistribution\", \"attributes\": {\"step\": null, \"low\": 0.0, \"high\": 0.0, \"log\": false}}"}
{"op_code":5,"worker_id":"e7d4dd1c-833e-4209-a30c-7a437c5b83c4-140384450662400","trial_id":59,"param_name":"a_density","param_value_internal":0.020927937673959115,"distribution":"{\"name\": \"FloatDistribution\", \"attributes\": {\"step\": null, \"low\": 0.0009, \"high\": 1.0, \"log\": true}}"}
{"op_code":8,"worker_id":"e7d4dd1c-833e-4209-a30c-7a437c5b83c4-140384450662400","trial_id":59,"user_attr":{"grad_accum_steps":1}}
{"op_code":7,"worker_id":"8b263896-ff64-4249-a0bf-375cbcb369cf-139672061788160","trial_id":57,"step":4,"intermediate_value":76.38209685238283}
{"op_code":8,"worker_id":"8b263896-ff64-4249-a0bf-375cbcb369cf-139672061788160","trial_id":57,"user_attr":{"train_loss_epoch_4":1.5991671929837565}}
{"op_code":7,"worker_id":"94fcab39-a262-4c50-b7c5-86ebbb5a8a18-139987696013312","trial_id":58,"step":4,"intermediate_value":76.3287238544755}
{"op_code":8,"worker_id":"94fcab39-a262-4c50-b7c5-86ebbb5a8a18-139987696013312","trial_id":58,"user_attr":{"train_loss_epoch_4":1.6405389810319193}}
{"op_code":7,"worker_id":"e7d4dd1c-833e-4209-a30c-7a437c5b83c4-140384450662400","trial_id":59,"step":1,"intermediate_value":73.48183226243728}
{"op_code":8,"worker_id":"e7d4dd1c-833e-4209-a30c-7a437c5b83c4-140384450662400","trial_id":59,"user_attr":{"train_loss_epoch_1":2.2899625284561944}}
{"op_code":7,"worker_id":"2308af96-1848-4185-8294-9a0d1213840d-139665703665664","trial_id":56,"step":4,"intermediate_value":78.15870314175457}
{"op_code":8,"worker_id":"2308af96-1848-4185-8294-9a0d1213840d-139665703665664","trial_id":56,"user_attr":{"train_loss_epoch_4":1.5328537569782599}}
{"op_code":7,"worker_id":"8b263896-ff64-4249-a0bf-375cbcb369cf-139672061788160","trial_id":57,"step":5,"intermediate_value":76.7471505834412}
{"op_code":8,"worker_id":"8b263896-ff64-4249-a0bf-375cbcb369cf-139672061788160","trial_id":57,"user_attr":{"train_loss_epoch_5":1.573186447497629}}
{"op_code":6,"worker_id":"8b263896-ff64-4249-a0bf-375cbcb369cf-139672061788160","trial_id":57,"state":1,"values":[76.7471505834412],"datetime_complete":"2026-05-25T22:55:20.717946"}
{"op_code":4,"worker_id":"8b263896-ff64-4249-a0bf-375cbcb369cf-139672061788160","study_id":0,"datetime_start":"2026-05-25T22:55:20.719748"}
{"op_code":5,"worker_id":"8b263896-ff64-4249-a0bf-375cbcb369cf-139672061788160","trial_id":60,"param_name":"learning_rate","param_value_internal":0.0017843647429383208,"distribution":"{\"name\": \"FloatDistribution\", \"attributes\": {\"step\": null, \"low\": 0.0009, \"high\": 0.007, \"log\": true}}"}
{"op_code":5,"worker_id":"8b263896-ff64-4249-a0bf-375cbcb369cf-139672061788160","trial_id":60,"param_name":"transfer_lr","param_value_internal":0.0005511509709451196,"distribution":"{\"name\": \"FloatDistribution\", \"attributes\": {\"step\": null, \"low\": 9e-06, \"high\": 5.0, \"log\": true}}"}
{"op_code":5,"worker_id":"8b263896-ff64-4249-a0bf-375cbcb369cf-139672061788160","trial_id":60,"param_name":"transfer_every","param_value_internal":66.0,"distribution":"{\"name\": \"IntDistribution\", \"attributes\": {\"log\": true, \"step\": 1, \"low\": 1, \"high\": 70}}"}
{"op_code":5,"worker_id":"8b263896-ff64-4249-a0bf-375cbcb369cf-139672061788160","trial_id":60,"param_name":"rank_exp","param_value_internal":0.0,"distribution":"{\"name\": \"IntDistribution\", \"attributes\": {\"log\": false, \"step\": 1, \"low\": 0, \"high\": 6}}"}
{"op_code":5,"worker_id":"8b263896-ff64-4249-a0bf-375cbcb369cf-139672061788160","trial_id":60,"param_name":"fast_lr","param_value_internal":0.7515459931432074,"distribution":"{\"name\": \"FloatDistribution\", \"attributes\": {\"step\": null, \"low\": 2e-05, \"high\": 50.0, \"log\": true}}"}
{"op_code":5,"worker_id":"8b263896-ff64-4249-a0bf-375cbcb369cf-139672061788160","trial_id":60,"param_name":"tau_sec","param_value_internal":0.0,"distribution":"{\"name\": \"FloatDistribution\", \"attributes\": {\"step\": null, \"low\": 0.0, \"high\": 0.0, \"log\": false}}"}
{"op_code":5,"worker_id":"8b263896-ff64-4249-a0bf-375cbcb369cf-139672061788160","trial_id":60,"param_name":"ab_dw_min","param_value_internal":7.684390584957795e-06,"distribution":"{\"name\": \"FloatDistribution\", \"attributes\": {\"step\": null, \"low\": 3e-06, \"high\": 0.009, \"log\": true}}"}
{"op_code":5,"worker_id":"8b263896-ff64-4249-a0bf-375cbcb369cf-139672061788160","trial_id":60,"param_name":"ab_desired_bl","param_value_internal":31.0,"distribution":"{\"name\": \"IntDistribution\", \"attributes\": {\"log\": false, \"step\": 1, \"low\": 31, \"high\": 31}}"}
{"op_code":5,"worker_id":"8b263896-ff64-4249-a0bf-375cbcb369cf-139672061788160","trial_id":60,"param_name":"ab_multilevel","param_value_internal":14.0,"distribution":"{\"name\": \"IntDistribution\", \"attributes\": {\"log\": false, \"step\": 1, \"low\": 1, \"high\": 14}}"}
{"op_code":5,"worker_id":"8b263896-ff64-4249-a0bf-375cbcb369cf-139672061788160","trial_id":60,"param_name":"a_reset_std","param_value_internal":1e-30,"distribution":"{\"name\": \"FloatDistribution\", \"attributes\": {\"step\": null, \"low\": 1e-30, \"high\": 1e-30, \"log\": true}}"}
{"op_code":5,"worker_id":"8b263896-ff64-4249-a0bf-375cbcb369cf-139672061788160","trial_id":60,"param_name":"b_reset_std","param_value_internal":1e-30,"distribution":"{\"name\": \"FloatDistribution\", \"attributes\": {\"step\": null, \"low\": 1e-30, \"high\": 1e-30, \"log\": true}}"}
{"op_code":5,"worker_id":"8b263896-ff64-4249-a0bf-375cbcb369cf-139672061788160","trial_id":60,"param_name":"c_dw_min","param_value_internal":0.026155687064241713,"distribution":"{\"name\": \"FloatDistribution\", \"attributes\": {\"step\": null, \"low\": 0.001, \"high\": 0.04, \"log\": true}}"}
{"op_code":5,"worker_id":"8b263896-ff64-4249-a0bf-375cbcb369cf-139672061788160","trial_id":60,"param_name":"c_desired_bl","param_value_internal":31.0,"distribution":"{\"name\": \"IntDistribution\", \"attributes\": {\"log\": false, \"step\": 1, \"low\": 31, \"high\": 31}}"}
{"op_code":5,"worker_id":"8b263896-ff64-4249-a0bf-375cbcb369cf-139672061788160","trial_id":60,"param_name":"out_noise","param_value_internal":0.0,"distribution":"{\"name\": \"FloatDistribution\", \"attributes\": {\"step\": null, \"low\": 0.0, \"high\": 0.0, \"log\": false}}"}
{"op_code":5,"worker_id":"8b263896-ff64-4249-a0bf-375cbcb369cf-139672061788160","trial_id":60,"param_name":"ab_weight_scaling_omega","param_value_internal":0.0,"distribution":"{\"name\": \"FloatDistribution\", \"attributes\": {\"step\": null, \"low\": 0.0, \"high\": 0.0, \"log\": false}}"}
{"op_code":5,"worker_id":"8b263896-ff64-4249-a0bf-375cbcb369cf-139672061788160","trial_id":60,"param_name":"min_lr_rate","param_value_internal":0.0,"distribution":"{\"name\": \"FloatDistribution\", \"attributes\": {\"step\": null, \"low\": 0.0, \"high\": 0.0, \"log\": false}}"}
{"op_code":5,"worker_id":"8b263896-ff64-4249-a0bf-375cbcb369cf-139672061788160","trial_id":60,"param_name":"a_density","param_value_internal":0.046258886971693974,"distribution":"{\"name\": \"FloatDistribution\", \"attributes\": {\"step\": null, \"low\": 0.0009, \"high\": 1.0, \"log\": true}}"}
{"op_code":8,"worker_id":"8b263896-ff64-4249-a0bf-375cbcb369cf-139672061788160","trial_id":60,"user_attr":{"grad_accum_steps":1}}
{"op_code":7,"worker_id":"94fcab39-a262-4c50-b7c5-86ebbb5a8a18-139987696013312","trial_id":58,"step":5,"intermediate_value":76.3287238544755}
{"op_code":8,"worker_id":"94fcab39-a262-4c50-b7c5-86ebbb5a8a18-139987696013312","trial_id":58,"user_attr":{"train_loss_epoch_5":1.6181509454722003}}
{"op_code":6,"worker_id":"94fcab39-a262-4c50-b7c5-86ebbb5a8a18-139987696013312","trial_id":58,"state":1,"values":[76.3287238544755],"datetime_complete":"2026-05-25T22:58:32.495159"}
{"op_code":4,"worker_id":"94fcab39-a262-4c50-b7c5-86ebbb5a8a18-139987696013312","study_id":0,"datetime_start":"2026-05-25T22:58:32.496960"}
{"op_code":5,"worker_id":"94fcab39-a262-4c50-b7c5-86ebbb5a8a18-139987696013312","trial_id":61,"param_name":"learning_rate","param_value_internal":0.006350146999798586,"distribution":"{\"name\": \"FloatDistribution\", \"attributes\": {\"step\": null, \"low\": 0.0009, \"high\": 0.007, \"log\": true}}"}
{"op_code":5,"worker_id":"94fcab39-a262-4c50-b7c5-86ebbb5a8a18-139987696013312","trial_id":61,"param_name":"transfer_lr","param_value_internal":0.3778107601994745,"distribution":"{\"name\": \"FloatDistribution\", \"attributes\": {\"step\": null, \"low\": 9e-06, \"high\": 5.0, \"log\": true}}"}
{"op_code":5,"worker_id":"94fcab39-a262-4c50-b7c5-86ebbb5a8a18-139987696013312","trial_id":61,"param_name":"transfer_every","param_value_internal":4.0,"distribution":"{\"name\": \"IntDistribution\", \"attributes\": {\"log\": true, \"step\": 1, \"low\": 1, \"high\": 70}}"}
{"op_code":5,"worker_id":"94fcab39-a262-4c50-b7c5-86ebbb5a8a18-139987696013312","trial_id":61,"param_name":"rank_exp","param_value_internal":0.0,"distribution":"{\"name\": \"IntDistribution\", \"attributes\": {\"log\": false, \"step\": 1, \"low\": 0, \"high\": 6}}"}
{"op_code":5,"worker_id":"94fcab39-a262-4c50-b7c5-86ebbb5a8a18-139987696013312","trial_id":61,"param_name":"fast_lr","param_value_internal":14.831588735495732,"distribution":"{\"name\": \"FloatDistribution\", \"attributes\": {\"step\": null, \"low\": 2e-05, \"high\": 50.0, \"log\": true}}"}
{"op_code":5,"worker_id":"94fcab39-a262-4c50-b7c5-86ebbb5a8a18-139987696013312","trial_id":61,"param_name":"tau_sec","param_value_internal":0.0,"distribution":"{\"name\": \"FloatDistribution\", \"attributes\": {\"step\": null, \"low\": 0.0, \"high\": 0.0, \"log\": false}}"}
{"op_code":5,"worker_id":"94fcab39-a262-4c50-b7c5-86ebbb5a8a18-139987696013312","trial_id":61,"param_name":"ab_dw_min","param_value_internal":0.000444151138513467,"distribution":"{\"name\": \"FloatDistribution\", \"attributes\": {\"step\": null, \"low\": 3e-06, \"high\": 0.009, \"log\": true}}"}
{"op_code":5,"worker_id":"94fcab39-a262-4c50-b7c5-86ebbb5a8a18-139987696013312","trial_id":61,"param_name":"ab_desired_bl","param_value_internal":31.0,"distribution":"{\"name\": \"IntDistribution\", \"attributes\": {\"log\": false, \"step\": 1, \"low\": 31, \"high\": 31}}"}
{"op_code":5,"worker_id":"94fcab39-a262-4c50-b7c5-86ebbb5a8a18-139987696013312","trial_id":61,"param_name":"ab_multilevel","param_value_internal":13.0,"distribution":"{\"name\": \"IntDistribution\", \"attributes\": {\"log\": false, \"step\": 1, \"low\": 1, \"high\": 14}}"}
{"op_code":5,"worker_id":"94fcab39-a262-4c50-b7c5-86ebbb5a8a18-139987696013312","trial_id":61,"param_name":"a_reset_std","param_value_internal":1e-30,"distribution":"{\"name\": \"FloatDistribution\", \"attributes\": {\"step\": null, \"low\": 1e-30, \"high\": 1e-30, \"log\": true}}"}
{"op_code":5,"worker_id":"94fcab39-a262-4c50-b7c5-86ebbb5a8a18-139987696013312","trial_id":61,"param_name":"b_reset_std","param_value_internal":1e-30,"distribution":"{\"name\": \"FloatDistribution\", \"attributes\": {\"step\": null, \"low\": 1e-30, \"high\": 1e-30, \"log\": true}}"}
{"op_code":5,"worker_id":"94fcab39-a262-4c50-b7c5-86ebbb5a8a18-139987696013312","trial_id":61,"param_name":"c_dw_min","param_value_internal":0.025913521721357417,"distribution":"{\"name\": \"FloatDistribution\", \"attributes\": {\"step\": null, \"low\": 0.001, \"high\": 0.04, \"log\": true}}"}
{"op_code":5,"worker_id":"94fcab39-a262-4c50-b7c5-86ebbb5a8a18-139987696013312","trial_id":61,"param_name":"c_desired_bl","param_value_internal":31.0,"distribution":"{\"name\": \"IntDistribution\", \"attributes\": {\"log\": false, \"step\": 1, \"low\": 31, \"high\": 31}}"}
{"op_code":5,"worker_id":"94fcab39-a262-4c50-b7c5-86ebbb5a8a18-139987696013312","trial_id":61,"param_name":"out_noise","param_value_internal":0.0,"distribution":"{\"name\": \"FloatDistribution\", \"attributes\": {\"step\": null, \"low\": 0.0, \"high\": 0.0, \"log\": false}}"}
{"op_code":5,"worker_id":"94fcab39-a262-4c50-b7c5-86ebbb5a8a18-139987696013312","trial_id":61,"param_name":"ab_weight_scaling_omega","param_value_internal":0.0,"distribution":"{\"name\": \"FloatDistribution\", \"attributes\": {\"step\": null, \"low\": 0.0, \"high\": 0.0, \"log\": false}}"}
{"op_code":5,"worker_id":"94fcab39-a262-4c50-b7c5-86ebbb5a8a18-139987696013312","trial_id":61,"param_name":"min_lr_rate","param_value_internal":0.0,"distribution":"{\"name\": \"FloatDistribution\", \"attributes\": {\"step\": null, \"low\": 0.0, \"high\": 0.0, \"log\": false}}"}
{"op_code":5,"worker_id":"94fcab39-a262-4c50-b7c5-86ebbb5a8a18-139987696013312","trial_id":61,"param_name":"a_density","param_value_internal":0.0012036223482373193,"distribution":"{\"name\": \"FloatDistribution\", \"attributes\": {\"step\": null, \"low\": 0.0009, \"high\": 1.0, \"log\": true}}"}
{"op_code":8,"worker_id":"94fcab39-a262-4c50-b7c5-86ebbb5a8a18-139987696013312","trial_id":61,"user_attr":{"grad_accum_steps":1}}
{"op_code":7,"worker_id":"e7d4dd1c-833e-4209-a30c-7a437c5b83c4-140384450662400","trial_id":59,"step":2,"intermediate_value":76.05297555237996}
{"op_code":8,"worker_id":"e7d4dd1c-833e-4209-a30c-7a437c5b83c4-140384450662400","trial_id":59,"user_attr":{"train_loss_epoch_2":1.6842445007830777}}
{"op_code":7,"worker_id":"8b263896-ff64-4249-a0bf-375cbcb369cf-139672061788160","trial_id":60,"step":1,"intermediate_value":73.3830563243763}
{"op_code":8,"worker_id":"8b263896-ff64-4249-a0bf-375cbcb369cf-139672061788160","trial_id":60,"user_attr":{"train_loss_epoch_1":2.309859409629491}}
{"op_code":7,"worker_id":"94fcab39-a262-4c50-b7c5-86ebbb5a8a18-139987696013312","trial_id":61,"step":1,"intermediate_value":5.498706799694831}
{"op_code":8,"worker_id":"94fcab39-a262-4c50-b7c5-86ebbb5a8a18-139987696013312","trial_id":61,"user_attr":{"train_loss_epoch_1":4.348224985308764}}
{"op_code":7,"worker_id":"2308af96-1848-4185-8294-9a0d1213840d-139665703665664","trial_id":56,"step":5,"intermediate_value":78.71140139446761}
{"op_code":8,"worker_id":"2308af96-1848-4185-8294-9a0d1213840d-139665703665664","trial_id":56,"user_attr":{"train_loss_epoch_5":1.4967621080920626}}
{"op_code":6,"worker_id":"2308af96-1848-4185-8294-9a0d1213840d-139665703665664","trial_id":56,"state":1,"values":[78.71140139446761],"datetime_complete":"2026-05-25T23:17:44.032844"}
{"op_code":4,"worker_id":"2308af96-1848-4185-8294-9a0d1213840d-139665703665664","study_id":0,"datetime_start":"2026-05-25T23:17:44.034561"}
{"op_code":5,"worker_id":"2308af96-1848-4185-8294-9a0d1213840d-139665703665664","trial_id":62,"param_name":"learning_rate","param_value_internal":0.0025062557516716726,"distribution":"{\"name\": \"FloatDistribution\", \"attributes\": {\"step\": null, \"low\": 0.0009, \"high\": 0.007, \"log\": true}}"}
{"op_code":5,"worker_id":"2308af96-1848-4185-8294-9a0d1213840d-139665703665664","trial_id":62,"param_name":"transfer_lr","param_value_internal":2.6402424741360697,"distribution":"{\"name\": \"FloatDistribution\", \"attributes\": {\"step\": null, \"low\": 9e-06, \"high\": 5.0, \"log\": true}}"}
{"op_code":5,"worker_id":"2308af96-1848-4185-8294-9a0d1213840d-139665703665664","trial_id":62,"param_name":"transfer_every","param_value_internal":40.0,"distribution":"{\"name\": \"IntDistribution\", \"attributes\": {\"log\": true, \"step\": 1, \"low\": 1, \"high\": 70}}"}
{"op_code":5,"worker_id":"2308af96-1848-4185-8294-9a0d1213840d-139665703665664","trial_id":62,"param_name":"rank_exp","param_value_internal":0.0,"distribution":"{\"name\": \"IntDistribution\", \"attributes\": {\"log\": false, \"step\": 1, \"low\": 0, \"high\": 6}}"}
{"op_code":5,"worker_id":"2308af96-1848-4185-8294-9a0d1213840d-139665703665664","trial_id":62,"param_name":"fast_lr","param_value_internal":23.936591060302344,"distribution":"{\"name\": \"FloatDistribution\", \"attributes\": {\"step\": null, \"low\": 2e-05, \"high\": 50.0, \"log\": true}}"}
{"op_code":5,"worker_id":"2308af96-1848-4185-8294-9a0d1213840d-139665703665664","trial_id":62,"param_name":"tau_sec","param_value_internal":0.0,"distribution":"{\"name\": \"FloatDistribution\", \"attributes\": {\"step\": null, \"low\": 0.0, \"high\": 0.0, \"log\": false}}"}
{"op_code":5,"worker_id":"2308af96-1848-4185-8294-9a0d1213840d-139665703665664","trial_id":62,"param_name":"ab_dw_min","param_value_internal":2.9740560745591534e-05,"distribution":"{\"name\": \"FloatDistribution\", \"attributes\": {\"step\": null, \"low\": 3e-06, \"high\": 0.009, \"log\": true}}"}
{"op_code":5,"worker_id":"2308af96-1848-4185-8294-9a0d1213840d-139665703665664","trial_id":62,"param_name":"ab_desired_bl","param_value_internal":31.0,"distribution":"{\"name\": \"IntDistribution\", \"attributes\": {\"log\": false, \"step\": 1, \"low\": 31, \"high\": 31}}"}
{"op_code":5,"worker_id":"2308af96-1848-4185-8294-9a0d1213840d-139665703665664","trial_id":62,"param_name":"ab_multilevel","param_value_internal":13.0,"distribution":"{\"name\": \"IntDistribution\", \"attributes\": {\"log\": false, \"step\": 1, \"low\": 1, \"high\": 14}}"}
{"op_code":5,"worker_id":"2308af96-1848-4185-8294-9a0d1213840d-139665703665664","trial_id":62,"param_name":"a_reset_std","param_value_internal":1e-30,"distribution":"{\"name\": \"FloatDistribution\", \"attributes\": {\"step\": null, \"low\": 1e-30, \"high\": 1e-30, \"log\": true}}"}
{"op_code":5,"worker_id":"2308af96-1848-4185-8294-9a0d1213840d-139665703665664","trial_id":62,"param_name":"b_reset_std","param_value_internal":1e-30,"distribution":"{\"name\": \"FloatDistribution\", \"attributes\": {\"step\": null, \"low\": 1e-30, \"high\": 1e-30, \"log\": true}}"}
{"op_code":5,"worker_id":"2308af96-1848-4185-8294-9a0d1213840d-139665703665664","trial_id":62,"param_name":"c_dw_min","param_value_internal":0.030212578501119126,"distribution":"{\"name\": \"FloatDistribution\", \"attributes\": {\"step\": null, \"low\": 0.001, \"high\": 0.04, \"log\": true}}"}
{"op_code":5,"worker_id":"2308af96-1848-4185-8294-9a0d1213840d-139665703665664","trial_id":62,"param_name":"c_desired_bl","param_value_internal":31.0,"distribution":"{\"name\": \"IntDistribution\", \"attributes\": {\"log\": false, \"step\": 1, \"low\": 31, \"high\": 31}}"}
{"op_code":5,"worker_id":"2308af96-1848-4185-8294-9a0d1213840d-139665703665664","trial_id":62,"param_name":"out_noise","param_value_internal":0.0,"distribution":"{\"name\": \"FloatDistribution\", \"attributes\": {\"step\": null, \"low\": 0.0, \"high\": 0.0, \"log\": false}}"}
{"op_code":5,"worker_id":"2308af96-1848-4185-8294-9a0d1213840d-139665703665664","trial_id":62,"param_name":"ab_weight_scaling_omega","param_value_internal":0.0,"distribution":"{\"name\": \"FloatDistribution\", \"attributes\": {\"step\": null, \"low\": 0.0, \"high\": 0.0, \"log\": false}}"}
{"op_code":5,"worker_id":"2308af96-1848-4185-8294-9a0d1213840d-139665703665664","trial_id":62,"param_name":"min_lr_rate","param_value_internal":0.0,"distribution":"{\"name\": \"FloatDistribution\", \"attributes\": {\"step\": null, \"low\": 0.0, \"high\": 0.0, \"log\": false}}"}
{"op_code":5,"worker_id":"2308af96-1848-4185-8294-9a0d1213840d-139665703665664","trial_id":62,"param_name":"a_density","param_value_internal":0.0012902966591216728,"distribution":"{\"name\": \"FloatDistribution\", \"attributes\": {\"step\": null, \"low\": 0.0009, \"high\": 1.0, \"log\": true}}"}
{"op_code":8,"worker_id":"2308af96-1848-4185-8294-9a0d1213840d-139665703665664","trial_id":62,"user_attr":{"grad_accum_steps":1}}
{"op_code":7,"worker_id":"e7d4dd1c-833e-4209-a30c-7a437c5b83c4-140384450662400","trial_id":59,"step":3,"intermediate_value":76.74623421340677}
{"op_code":8,"worker_id":"e7d4dd1c-833e-4209-a30c-7a437c5b83c4-140384450662400","trial_id":59,"user_attr":{"train_loss_epoch_3":1.6066355714953042}}
{"op_code":7,"worker_id":"8b263896-ff64-4249-a0bf-375cbcb369cf-139672061788160","trial_id":60,"step":2,"intermediate_value":76.0168122273049}
{"op_code":8,"worker_id":"8b263896-ff64-4249-a0bf-375cbcb369cf-139672061788160","trial_id":60,"user_attr":{"train_loss_epoch_2":1.6812028422265195}}
{"op_code":7,"worker_id":"94fcab39-a262-4c50-b7c5-86ebbb5a8a18-139987696013312","trial_id":61,"step":2,"intermediate_value":5.7067508428300195}
{"op_code":8,"worker_id":"94fcab39-a262-4c50-b7c5-86ebbb5a8a18-139987696013312","trial_id":61,"user_attr":{"train_loss_epoch_2":4.6850717968410915}}
{"op_code":6,"worker_id":"94fcab39-a262-4c50-b7c5-86ebbb5a8a18-139987696013312","trial_id":61,"state":1,"values":[5.7067508428300195],"datetime_complete":"2026-05-25T23:31:30.819807"}
{"op_code":4,"worker_id":"94fcab39-a262-4c50-b7c5-86ebbb5a8a18-139987696013312","study_id":0,"datetime_start":"2026-05-25T23:31:30.821558"}
{"op_code":5,"worker_id":"94fcab39-a262-4c50-b7c5-86ebbb5a8a18-139987696013312","trial_id":63,"param_name":"learning_rate","param_value_internal":0.0011470644420087384,"distribution":"{\"name\": \"FloatDistribution\", \"attributes\": {\"step\": null, \"low\": 0.0009, \"high\": 0.007, \"log\": true}}"}
{"op_code":5,"worker_id":"94fcab39-a262-4c50-b7c5-86ebbb5a8a18-139987696013312","trial_id":63,"param_name":"transfer_lr","param_value_internal":0.19481827937877014,"distribution":"{\"name\": \"FloatDistribution\", \"attributes\": {\"step\": null, \"low\": 9e-06, \"high\": 5.0, \"log\": true}}"}
{"op_code":5,"worker_id":"94fcab39-a262-4c50-b7c5-86ebbb5a8a18-139987696013312","trial_id":63,"param_name":"transfer_every","param_value_internal":1.0,"distribution":"{\"name\": \"IntDistribution\", \"attributes\": {\"log\": true, \"step\": 1, \"low\": 1, \"high\": 70}}"}
{"op_code":5,"worker_id":"94fcab39-a262-4c50-b7c5-86ebbb5a8a18-139987696013312","trial_id":63,"param_name":"rank_exp","param_value_internal":0.0,"distribution":"{\"name\": \"IntDistribution\", \"attributes\": {\"log\": false, \"step\": 1, \"low\": 0, \"high\": 6}}"}
{"op_code":5,"worker_id":"94fcab39-a262-4c50-b7c5-86ebbb5a8a18-139987696013312","trial_id":63,"param_name":"fast_lr","param_value_internal":0.36511674880424977,"distribution":"{\"name\": \"FloatDistribution\", \"attributes\": {\"step\": null, \"low\": 2e-05, \"high\": 50.0, \"log\": true}}"}
{"op_code":5,"worker_id":"94fcab39-a262-4c50-b7c5-86ebbb5a8a18-139987696013312","trial_id":63,"param_name":"tau_sec","param_value_internal":0.0,"distribution":"{\"name\": \"FloatDistribution\", \"attributes\": {\"step\": null, \"low\": 0.0, \"high\": 0.0, \"log\": false}}"}
{"op_code":5,"worker_id":"94fcab39-a262-4c50-b7c5-86ebbb5a8a18-139987696013312","trial_id":63,"param_name":"ab_dw_min","param_value_internal":5.483057605359369e-06,"distribution":"{\"name\": \"FloatDistribution\", \"attributes\": {\"step\": null, \"low\": 3e-06, \"high\": 0.009, \"log\": true}}"}
{"op_code":5,"worker_id":"94fcab39-a262-4c50-b7c5-86ebbb5a8a18-139987696013312","trial_id":63,"param_name":"ab_desired_bl","param_value_internal":31.0,"distribution":"{\"name\": \"IntDistribution\", \"attributes\": {\"log\": false, \"step\": 1, \"low\": 31, \"high\": 31}}"}
{"op_code":5,"worker_id":"94fcab39-a262-4c50-b7c5-86ebbb5a8a18-139987696013312","trial_id":63,"param_name":"ab_multilevel","param_value_internal":7.0,"distribution":"{\"name\": \"IntDistribution\", \"attributes\": {\"log\": false, \"step\": 1, \"low\": 1, \"high\": 14}}"}
{"op_code":5,"worker_id":"94fcab39-a262-4c50-b7c5-86ebbb5a8a18-139987696013312","trial_id":63,"param_name":"a_reset_std","param_value_internal":1e-30,"distribution":"{\"name\": \"FloatDistribution\", \"attributes\": {\"step\": null, \"low\": 1e-30, \"high\": 1e-30, \"log\": true}}"}
{"op_code":5,"worker_id":"94fcab39-a262-4c50-b7c5-86ebbb5a8a18-139987696013312","trial_id":63,"param_name":"b_reset_std","param_value_internal":1e-30,"distribution":"{\"name\": \"FloatDistribution\", \"attributes\": {\"step\": null, \"low\": 1e-30, \"high\": 1e-30, \"log\": true}}"}
{"op_code":5,"worker_id":"94fcab39-a262-4c50-b7c5-86ebbb5a8a18-139987696013312","trial_id":63,"param_name":"c_dw_min","param_value_internal":0.00897366475609904,"distribution":"{\"name\": \"FloatDistribution\", \"attributes\": {\"step\": null, \"low\": 0.001, \"high\": 0.04, \"log\": true}}"}
{"op_code":5,"worker_id":"94fcab39-a262-4c50-b7c5-86ebbb5a8a18-139987696013312","trial_id":63,"param_name":"c_desired_bl","param_value_internal":31.0,"distribution":"{\"name\": \"IntDistribution\", \"attributes\": {\"log\": false, \"step\": 1, \"low\": 31, \"high\": 31}}"}
{"op_code":5,"worker_id":"94fcab39-a262-4c50-b7c5-86ebbb5a8a18-139987696013312","trial_id":63,"param_name":"out_noise","param_value_internal":0.0,"distribution":"{\"name\": \"FloatDistribution\", \"attributes\": {\"step\": null, \"low\": 0.0, \"high\": 0.0, \"log\": false}}"}
{"op_code":5,"worker_id":"94fcab39-a262-4c50-b7c5-86ebbb5a8a18-139987696013312","trial_id":63,"param_name":"ab_weight_scaling_omega","param_value_internal":0.0,"distribution":"{\"name\": \"FloatDistribution\", \"attributes\": {\"step\": null, \"low\": 0.0, \"high\": 0.0, \"log\": false}}"}
{"op_code":5,"worker_id":"94fcab39-a262-4c50-b7c5-86ebbb5a8a18-139987696013312","trial_id":63,"param_name":"min_lr_rate","param_value_internal":0.0,"distribution":"{\"name\": \"FloatDistribution\", \"attributes\": {\"step\": null, \"low\": 0.0, \"high\": 0.0, \"log\": false}}"}
{"op_code":5,"worker_id":"94fcab39-a262-4c50-b7c5-86ebbb5a8a18-139987696013312","trial_id":63,"param_name":"a_density","param_value_internal":0.08724428276607822,"distribution":"{\"name\": \"FloatDistribution\", \"attributes\": {\"step\": null, \"low\": 0.0009, \"high\": 1.0, \"log\": true}}"}
{"op_code":8,"worker_id":"94fcab39-a262-4c50-b7c5-86ebbb5a8a18-139987696013312","trial_id":63,"user_attr":{"grad_accum_steps":1}}
{"op_code":7,"worker_id":"2308af96-1848-4185-8294-9a0d1213840d-139665703665664","trial_id":62,"step":1,"intermediate_value":33.03062398694975}
{"op_code":8,"worker_id":"2308af96-1848-4185-8294-9a0d1213840d-139665703665664","trial_id":62,"user_attr":{"train_loss_epoch_1":3.0451169104433964}}
{"op_code":7,"worker_id":"e7d4dd1c-833e-4209-a30c-7a437c5b83c4-140384450662400","trial_id":59,"step":4,"intermediate_value":77.57604087746333}
{"op_code":8,"worker_id":"e7d4dd1c-833e-4209-a30c-7a437c5b83c4-140384450662400","trial_id":59,"user_attr":{"train_loss_epoch_4":1.5596569699000538}}
{"op_code":7,"worker_id":"8b263896-ff64-4249-a0bf-375cbcb369cf-139672061788160","trial_id":60,"step":3,"intermediate_value":76.36260334824104}
{"op_code":8,"worker_id":"8b263896-ff64-4249-a0bf-375cbcb369cf-139672061788160","trial_id":60,"user_attr":{"train_loss_epoch_3":1.5996841665205916}}
{"op_code":7,"worker_id":"94fcab39-a262-4c50-b7c5-86ebbb5a8a18-139987696013312","trial_id":63,"step":1,"intermediate_value":72.35285049611714}
{"op_code":8,"worker_id":"94fcab39-a262-4c50-b7c5-86ebbb5a8a18-139987696013312","trial_id":63,"user_attr":{"train_loss_epoch_1":2.4546768499906793}}
{"op_code":7,"worker_id":"2308af96-1848-4185-8294-9a0d1213840d-139665703665664","trial_id":62,"step":2,"intermediate_value":33.03062398694975}
{"op_code":8,"worker_id":"2308af96-1848-4185-8294-9a0d1213840d-139665703665664","trial_id":62,"user_attr":{"train_loss_epoch_2":4.170335546741641}}
{"op_code":6,"worker_id":"2308af96-1848-4185-8294-9a0d1213840d-139665703665664","trial_id":62,"state":1,"values":[33.03062398694975],"datetime_complete":"2026-05-25T23:51:30.656716"}
{"op_code":4,"worker_id":"2308af96-1848-4185-8294-9a0d1213840d-139665703665664","study_id":0,"datetime_start":"2026-05-25T23:51:30.658268"}
{"op_code":5,"worker_id":"2308af96-1848-4185-8294-9a0d1213840d-139665703665664","trial_id":64,"param_name":"learning_rate","param_value_internal":0.002063053470073034,"distribution":"{\"name\": \"FloatDistribution\", \"attributes\": {\"step\": null, \"low\": 0.0009, \"high\": 0.007, \"log\": true}}"}
{"op_code":5,"worker_id":"2308af96-1848-4185-8294-9a0d1213840d-139665703665664","trial_id":64,"param_name":"transfer_lr","param_value_internal":0.3307868834696676,"distribution":"{\"name\": \"FloatDistribution\", \"attributes\": {\"step\": null, \"low\": 9e-06, \"high\": 5.0, \"log\": true}}"}
{"op_code":5,"worker_id":"2308af96-1848-4185-8294-9a0d1213840d-139665703665664","trial_id":64,"param_name":"transfer_every","param_value_internal":1.0,"distribution":"{\"name\": \"IntDistribution\", \"attributes\": {\"log\": true, \"step\": 1, \"low\": 1, \"high\": 70}}"}
{"op_code":5,"worker_id":"2308af96-1848-4185-8294-9a0d1213840d-139665703665664","trial_id":64,"param_name":"rank_exp","param_value_internal":0.0,"distribution":"{\"name\": \"IntDistribution\", \"attributes\": {\"log\": false, \"step\": 1, \"low\": 0, \"high\": 6}}"}
{"op_code":5,"worker_id":"2308af96-1848-4185-8294-9a0d1213840d-139665703665664","trial_id":64,"param_name":"fast_lr","param_value_internal":7.842083081505723,"distribution":"{\"name\": \"FloatDistribution\", \"attributes\": {\"step\": null, \"low\": 2e-05, \"high\": 50.0, \"log\": true}}"}
{"op_code":5,"worker_id":"2308af96-1848-4185-8294-9a0d1213840d-139665703665664","trial_id":64,"param_name":"tau_sec","param_value_internal":0.0,"distribution":"{\"name\": \"FloatDistribution\", \"attributes\": {\"step\": null, \"low\": 0.0, \"high\": 0.0, \"log\": false}}"}
{"op_code":5,"worker_id":"2308af96-1848-4185-8294-9a0d1213840d-139665703665664","trial_id":64,"param_name":"ab_dw_min","param_value_internal":0.0033812300663046677,"distribution":"{\"name\": \"FloatDistribution\", \"attributes\": {\"step\": null, \"low\": 3e-06, \"high\": 0.009, \"log\": true}}"}
{"op_code":5,"worker_id":"2308af96-1848-4185-8294-9a0d1213840d-139665703665664","trial_id":64,"param_name":"ab_desired_bl","param_value_internal":31.0,"distribution":"{\"name\": \"IntDistribution\", \"attributes\": {\"log\": false, \"step\": 1, \"low\": 31, \"high\": 31}}"}
{"op_code":5,"worker_id":"2308af96-1848-4185-8294-9a0d1213840d-139665703665664","trial_id":64,"param_name":"ab_multilevel","param_value_internal":7.0,"distribution":"{\"name\": \"IntDistribution\", \"attributes\": {\"log\": false, \"step\": 1, \"low\": 1, \"high\": 14}}"}
{"op_code":5,"worker_id":"2308af96-1848-4185-8294-9a0d1213840d-139665703665664","trial_id":64,"param_name":"a_reset_std","param_value_internal":1e-30,"distribution":"{\"name\": \"FloatDistribution\", \"attributes\": {\"step\": null, \"low\": 1e-30, \"high\": 1e-30, \"log\": true}}"}
{"op_code":5,"worker_id":"2308af96-1848-4185-8294-9a0d1213840d-139665703665664","trial_id":64,"param_name":"b_reset_std","param_value_internal":1e-30,"distribution":"{\"name\": \"FloatDistribution\", \"attributes\": {\"step\": null, \"low\": 1e-30, \"high\": 1e-30, \"log\": true}}"}
{"op_code":5,"worker_id":"2308af96-1848-4185-8294-9a0d1213840d-139665703665664","trial_id":64,"param_name":"c_dw_min","param_value_internal":0.00886258062660274,"distribution":"{\"name\": \"FloatDistribution\", \"attributes\": {\"step\": null, \"low\": 0.001, \"high\": 0.04, \"log\": true}}"}
{"op_code":5,"worker_id":"2308af96-1848-4185-8294-9a0d1213840d-139665703665664","trial_id":64,"param_name":"c_desired_bl","param_value_internal":31.0,"distribution":"{\"name\": \"IntDistribution\", \"attributes\": {\"log\": false, \"step\": 1, \"low\": 31, \"high\": 31}}"}
{"op_code":5,"worker_id":"2308af96-1848-4185-8294-9a0d1213840d-139665703665664","trial_id":64,"param_name":"out_noise","param_value_internal":0.0,"distribution":"{\"name\": \"FloatDistribution\", \"attributes\": {\"step\": null, \"low\": 0.0, \"high\": 0.0, \"log\": false}}"}
{"op_code":5,"worker_id":"2308af96-1848-4185-8294-9a0d1213840d-139665703665664","trial_id":64,"param_name":"ab_weight_scaling_omega","param_value_internal":0.0,"distribution":"{\"name\": \"FloatDistribution\", \"attributes\": {\"step\": null, \"low\": 0.0, \"high\": 0.0, \"log\": false}}"}
{"op_code":5,"worker_id":"2308af96-1848-4185-8294-9a0d1213840d-139665703665664","trial_id":64,"param_name":"min_lr_rate","param_value_internal":0.0,"distribution":"{\"name\": \"FloatDistribution\", \"attributes\": {\"step\": null, \"low\": 0.0, \"high\": 0.0, \"log\": false}}"}
{"op_code":5,"worker_id":"2308af96-1848-4185-8294-9a0d1213840d-139665703665664","trial_id":64,"param_name":"a_density","param_value_internal":0.020508487684867495,"distribution":"{\"name\": \"FloatDistribution\", \"attributes\": {\"step\": null, \"low\": 0.0009, \"high\": 1.0, \"log\": true}}"}
{"op_code":8,"worker_id":"2308af96-1848-4185-8294-9a0d1213840d-139665703665664","trial_id":64,"user_attr":{"grad_accum_steps":1}}
{"op_code":7,"worker_id":"e7d4dd1c-833e-4209-a30c-7a437c5b83c4-140384450662400","trial_id":59,"step":5,"intermediate_value":77.71358475880928}
{"op_code":8,"worker_id":"e7d4dd1c-833e-4209-a30c-7a437c5b83c4-140384450662400","trial_id":59,"user_attr":{"train_loss_epoch_5":1.5348374808060767}}
{"op_code":6,"worker_id":"e7d4dd1c-833e-4209-a30c-7a437c5b83c4-140384450662400","trial_id":59,"state":1,"values":[77.71358475880928],"datetime_complete":"2026-05-25T23:58:36.375678"}
{"op_code":4,"worker_id":"e7d4dd1c-833e-4209-a30c-7a437c5b83c4-140384450662400","study_id":0,"datetime_start":"2026-05-25T23:58:36.377311"}
{"op_code":5,"worker_id":"e7d4dd1c-833e-4209-a30c-7a437c5b83c4-140384450662400","trial_id":65,"param_name":"learning_rate","param_value_internal":0.002132184151949888,"distribution":"{\"name\": \"FloatDistribution\", \"attributes\": {\"step\": null, \"low\": 0.0009, \"high\": 0.007, \"log\": true}}"}
{"op_code":5,"worker_id":"e7d4dd1c-833e-4209-a30c-7a437c5b83c4-140384450662400","trial_id":65,"param_name":"transfer_lr","param_value_internal":4.244637947563558,"distribution":"{\"name\": \"FloatDistribution\", \"attributes\": {\"step\": null, \"low\": 9e-06, \"high\": 5.0, \"log\": true}}"}
{"op_code":5,"worker_id":"e7d4dd1c-833e-4209-a30c-7a437c5b83c4-140384450662400","trial_id":65,"param_name":"transfer_every","param_value_internal":35.0,"distribution":"{\"name\": \"IntDistribution\", \"attributes\": {\"log\": true, \"step\": 1, \"low\": 1, \"high\": 70}}"}
{"op_code":5,"worker_id":"e7d4dd1c-833e-4209-a30c-7a437c5b83c4-140384450662400","trial_id":65,"param_name":"rank_exp","param_value_internal":0.0,"distribution":"{\"name\": \"IntDistribution\", \"attributes\": {\"log\": false, \"step\": 1, \"low\": 0, \"high\": 6}}"}
{"op_code":5,"worker_id":"e7d4dd1c-833e-4209-a30c-7a437c5b83c4-140384450662400","trial_id":65,"param_name":"fast_lr","param_value_internal":0.00048071176011207434,"distribution":"{\"name\": \"FloatDistribution\", \"attributes\": {\"step\": null, \"low\": 2e-05, \"high\": 50.0, \"log\": true}}"}
{"op_code":5,"worker_id":"e7d4dd1c-833e-4209-a30c-7a437c5b83c4-140384450662400","trial_id":65,"param_name":"tau_sec","param_value_internal":0.0,"distribution":"{\"name\": \"FloatDistribution\", \"attributes\": {\"step\": null, \"low\": 0.0, \"high\": 0.0, \"log\": false}}"}
{"op_code":5,"worker_id":"e7d4dd1c-833e-4209-a30c-7a437c5b83c4-140384450662400","trial_id":65,"param_name":"ab_dw_min","param_value_internal":5.613721677219773e-05,"distribution":"{\"name\": \"FloatDistribution\", \"attributes\": {\"step\": null, \"low\": 3e-06, \"high\": 0.009, \"log\": true}}"}
{"op_code":5,"worker_id":"e7d4dd1c-833e-4209-a30c-7a437c5b83c4-140384450662400","trial_id":65,"param_name":"ab_desired_bl","param_value_internal":31.0,"distribution":"{\"name\": \"IntDistribution\", \"attributes\": {\"log\": false, \"step\": 1, \"low\": 31, \"high\": 31}}"}
{"op_code":5,"worker_id":"e7d4dd1c-833e-4209-a30c-7a437c5b83c4-140384450662400","trial_id":65,"param_name":"ab_multilevel","param_value_internal":7.0,"distribution":"{\"name\": \"IntDistribution\", \"attributes\": {\"log\": false, \"step\": 1, \"low\": 1, \"high\": 14}}"}
{"op_code":5,"worker_id":"e7d4dd1c-833e-4209-a30c-7a437c5b83c4-140384450662400","trial_id":65,"param_name":"a_reset_std","param_value_internal":1e-30,"distribution":"{\"name\": \"FloatDistribution\", \"attributes\": {\"step\": null, \"low\": 1e-30, \"high\": 1e-30, \"log\": true}}"}
{"op_code":5,"worker_id":"e7d4dd1c-833e-4209-a30c-7a437c5b83c4-140384450662400","trial_id":65,"param_name":"b_reset_std","param_value_internal":1e-30,"distribution":"{\"name\": \"FloatDistribution\", \"attributes\": {\"step\": null, \"low\": 1e-30, \"high\": 1e-30, \"log\": true}}"}
{"op_code":5,"worker_id":"e7d4dd1c-833e-4209-a30c-7a437c5b83c4-140384450662400","trial_id":65,"param_name":"c_dw_min","param_value_internal":0.008806673562062363,"distribution":"{\"name\": \"FloatDistribution\", \"attributes\": {\"step\": null, \"low\": 0.001, \"high\": 0.04, \"log\": true}}"}
{"op_code":5,"worker_id":"e7d4dd1c-833e-4209-a30c-7a437c5b83c4-140384450662400","trial_id":65,"param_name":"c_desired_bl","param_value_internal":31.0,"distribution":"{\"name\": \"IntDistribution\", \"attributes\": {\"log\": false, \"step\": 1, \"low\": 31, \"high\": 31}}"}
{"op_code":5,"worker_id":"e7d4dd1c-833e-4209-a30c-7a437c5b83c4-140384450662400","trial_id":65,"param_name":"out_noise","param_value_internal":0.0,"distribution":"{\"name\": \"FloatDistribution\", \"attributes\": {\"step\": null, \"low\": 0.0, \"high\": 0.0, \"log\": false}}"}
{"op_code":5,"worker_id":"e7d4dd1c-833e-4209-a30c-7a437c5b83c4-140384450662400","trial_id":65,"param_name":"ab_weight_scaling_omega","param_value_internal":0.0,"distribution":"{\"name\": \"FloatDistribution\", \"attributes\": {\"step\": null, \"low\": 0.0, \"high\": 0.0, \"log\": false}}"}
{"op_code":5,"worker_id":"e7d4dd1c-833e-4209-a30c-7a437c5b83c4-140384450662400","trial_id":65,"param_name":"min_lr_rate","param_value_internal":0.0,"distribution":"{\"name\": \"FloatDistribution\", \"attributes\": {\"step\": null, \"low\": 0.0, \"high\": 0.0, \"log\": false}}"}
{"op_code":5,"worker_id":"e7d4dd1c-833e-4209-a30c-7a437c5b83c4-140384450662400","trial_id":65,"param_name":"a_density","param_value_internal":0.4544254159172431,"distribution":"{\"name\": \"FloatDistribution\", \"attributes\": {\"step\": null, \"low\": 0.0009, \"high\": 1.0, \"log\": true}}"}
{"op_code":8,"worker_id":"e7d4dd1c-833e-4209-a30c-7a437c5b83c4-140384450662400","trial_id":65,"user_attr":{"grad_accum_steps":1}}
{"op_code":7,"worker_id":"8b263896-ff64-4249-a0bf-375cbcb369cf-139672061788160","trial_id":60,"step":4,"intermediate_value":77.48176254982575}
{"op_code":8,"worker_id":"8b263896-ff64-4249-a0bf-375cbcb369cf-139672061788160","trial_id":60,"user_attr":{"train_loss_epoch_4":1.5574591382086116}}
{"op_code":7,"worker_id":"94fcab39-a262-4c50-b7c5-86ebbb5a8a18-139987696013312","trial_id":63,"step":2,"intermediate_value":74.89714626426743}
{"op_code":8,"worker_id":"94fcab39-a262-4c50-b7c5-86ebbb5a8a18-139987696013312","trial_id":63,"user_attr":{"train_loss_epoch_2":1.7331355284223064}}
{"op_code":7,"worker_id":"2308af96-1848-4185-8294-9a0d1213840d-139665703665664","trial_id":64,"step":1,"intermediate_value":58.59878054966586}
{"op_code":8,"worker_id":"2308af96-1848-4185-8294-9a0d1213840d-139665703665664","trial_id":64,"user_attr":{"train_loss_epoch_1":2.780594437555246}}
{"op_code":7,"worker_id":"e7d4dd1c-833e-4209-a30c-7a437c5b83c4-140384450662400","trial_id":65,"step":1,"intermediate_value":73.74585485129197}
{"op_code":8,"worker_id":"e7d4dd1c-833e-4209-a30c-7a437c5b83c4-140384450662400","trial_id":65,"user_attr":{"train_loss_epoch_1":2.2699789865876276}}
{"op_code":7,"worker_id":"8b263896-ff64-4249-a0bf-375cbcb369cf-139672061788160","trial_id":60,"step":5,"intermediate_value":77.60863508036435}
{"op_code":8,"worker_id":"8b263896-ff64-4249-a0bf-375cbcb369cf-139672061788160","trial_id":60,"user_attr":{"train_loss_epoch_5":1.5291958020308476}}
{"op_code":6,"worker_id":"8b263896-ff64-4249-a0bf-375cbcb369cf-139672061788160","trial_id":60,"state":1,"values":[77.60863508036435],"datetime_complete":"2026-05-26T00:15:53.851515"}
{"op_code":4,"worker_id":"8b263896-ff64-4249-a0bf-375cbcb369cf-139672061788160","study_id":0,"datetime_start":"2026-05-26T00:15:53.853262"}
{"op_code":5,"worker_id":"8b263896-ff64-4249-a0bf-375cbcb369cf-139672061788160","trial_id":66,"param_name":"learning_rate","param_value_internal":0.0032740761983036833,"distribution":"{\"name\": \"FloatDistribution\", \"attributes\": {\"step\": null, \"low\": 0.0009, \"high\": 0.007, \"log\": true}}"}
{"op_code":5,"worker_id":"8b263896-ff64-4249-a0bf-375cbcb369cf-139672061788160","trial_id":66,"param_name":"transfer_lr","param_value_internal":0.005833219226006064,"distribution":"{\"name\": \"FloatDistribution\", \"attributes\": {\"step\": null, \"low\": 9e-06, \"high\": 5.0, \"log\": true}}"}
{"op_code":5,"worker_id":"8b263896-ff64-4249-a0bf-375cbcb369cf-139672061788160","trial_id":66,"param_name":"transfer_every","param_value_internal":2.0,"distribution":"{\"name\": \"IntDistribution\", \"attributes\": {\"log\": true, \"step\": 1, \"low\": 1, \"high\": 70}}"}
{"op_code":5,"worker_id":"8b263896-ff64-4249-a0bf-375cbcb369cf-139672061788160","trial_id":66,"param_name":"rank_exp","param_value_internal":4.0,"distribution":"{\"name\": \"IntDistribution\", \"attributes\": {\"log\": false, \"step\": 1, \"low\": 0, \"high\": 6}}"}
{"op_code":5,"worker_id":"8b263896-ff64-4249-a0bf-375cbcb369cf-139672061788160","trial_id":66,"param_name":"fast_lr","param_value_internal":0.0024126359679653353,"distribution":"{\"name\": \"FloatDistribution\", \"attributes\": {\"step\": null, \"low\": 2e-05, \"high\": 50.0, \"log\": true}}"}
{"op_code":5,"worker_id":"8b263896-ff64-4249-a0bf-375cbcb369cf-139672061788160","trial_id":66,"param_name":"tau_sec","param_value_internal":0.0,"distribution":"{\"name\": \"FloatDistribution\", \"attributes\": {\"step\": null, \"low\": 0.0, \"high\": 0.0, \"log\": false}}"}
{"op_code":5,"worker_id":"8b263896-ff64-4249-a0bf-375cbcb369cf-139672061788160","trial_id":66,"param_name":"ab_dw_min","param_value_internal":0.004446656717619805,"distribution":"{\"name\": \"FloatDistribution\", \"attributes\": {\"step\": null, \"low\": 3e-06, \"high\": 0.009, \"log\": true}}"}
{"op_code":5,"worker_id":"8b263896-ff64-4249-a0bf-375cbcb369cf-139672061788160","trial_id":66,"param_name":"ab_desired_bl","param_value_internal":31.0,"distribution":"{\"name\": \"IntDistribution\", \"attributes\": {\"log\": false, \"step\": 1, \"low\": 31, \"high\": 31}}"}
{"op_code":5,"worker_id":"8b263896-ff64-4249-a0bf-375cbcb369cf-139672061788160","trial_id":66,"param_name":"ab_multilevel","param_value_internal":1.0,"distribution":"{\"name\": \"IntDistribution\", \"attributes\": {\"log\": false, \"step\": 1, \"low\": 1, \"high\": 14}}"}
{"op_code":5,"worker_id":"8b263896-ff64-4249-a0bf-375cbcb369cf-139672061788160","trial_id":66,"param_name":"a_reset_std","param_value_internal":1e-30,"distribution":"{\"name\": \"FloatDistribution\", \"attributes\": {\"step\": null, \"low\": 1e-30, \"high\": 1e-30, \"log\": true}}"}
{"op_code":5,"worker_id":"8b263896-ff64-4249-a0bf-375cbcb369cf-139672061788160","trial_id":66,"param_name":"b_reset_std","param_value_internal":1e-30,"distribution":"{\"name\": \"FloatDistribution\", \"attributes\": {\"step\": null, \"low\": 1e-30, \"high\": 1e-30, \"log\": true}}"}
{"op_code":5,"worker_id":"8b263896-ff64-4249-a0bf-375cbcb369cf-139672061788160","trial_id":66,"param_name":"c_dw_min","param_value_internal":0.012369100119762673,"distribution":"{\"name\": \"FloatDistribution\", \"attributes\": {\"step\": null, \"low\": 0.001, \"high\": 0.04, \"log\": true}}"}
{"op_code":5,"worker_id":"8b263896-ff64-4249-a0bf-375cbcb369cf-139672061788160","trial_id":66,"param_name":"c_desired_bl","param_value_internal":31.0,"distribution":"{\"name\": \"IntDistribution\", \"attributes\": {\"log\": false, \"step\": 1, \"low\": 31, \"high\": 31}}"}
{"op_code":5,"worker_id":"8b263896-ff64-4249-a0bf-375cbcb369cf-139672061788160","trial_id":66,"param_name":"out_noise","param_value_internal":0.0,"distribution":"{\"name\": \"FloatDistribution\", \"attributes\": {\"step\": null, \"low\": 0.0, \"high\": 0.0, \"log\": false}}"}
{"op_code":5,"worker_id":"8b263896-ff64-4249-a0bf-375cbcb369cf-139672061788160","trial_id":66,"param_name":"ab_weight_scaling_omega","param_value_internal":0.0,"distribution":"{\"name\": \"FloatDistribution\", \"attributes\": {\"step\": null, \"low\": 0.0, \"high\": 0.0, \"log\": false}}"}
{"op_code":5,"worker_id":"8b263896-ff64-4249-a0bf-375cbcb369cf-139672061788160","trial_id":66,"param_name":"min_lr_rate","param_value_internal":0.0,"distribution":"{\"name\": \"FloatDistribution\", \"attributes\": {\"step\": null, \"low\": 0.0, \"high\": 0.0, \"log\": false}}"}
{"op_code":5,"worker_id":"8b263896-ff64-4249-a0bf-375cbcb369cf-139672061788160","trial_id":66,"param_name":"a_density","param_value_internal":0.006480961615293,"distribution":"{\"name\": \"FloatDistribution\", \"attributes\": {\"step\": null, \"low\": 0.0009, \"high\": 1.0, \"log\": true}}"}
{"op_code":8,"worker_id":"8b263896-ff64-4249-a0bf-375cbcb369cf-139672061788160","trial_id":66,"user_attr":{"grad_accum_steps":1}}
{"op_code":7,"worker_id":"94fcab39-a262-4c50-b7c5-86ebbb5a8a18-139987696013312","trial_id":63,"step":3,"intermediate_value":76.0477323584616}
{"op_code":8,"worker_id":"94fcab39-a262-4c50-b7c5-86ebbb5a8a18-139987696013312","trial_id":63,"user_attr":{"train_loss_epoch_3":1.6493276875193525}}
{"op_code":7,"worker_id":"2308af96-1848-4185-8294-9a0d1213840d-139665703665664","trial_id":64,"step":2,"intermediate_value":58.59878054966586}
{"op_code":8,"worker_id":"2308af96-1848-4185-8294-9a0d1213840d-139665703665664","trial_id":64,"user_attr":{"train_loss_epoch_2":3.115918851092579}}
{"op_code":6,"worker_id":"2308af96-1848-4185-8294-9a0d1213840d-139665703665664","trial_id":64,"state":1,"values":[58.59878054966586],"datetime_complete":"2026-05-26T00:25:23.900083"}
{"op_code":4,"worker_id":"2308af96-1848-4185-8294-9a0d1213840d-139665703665664","study_id":0,"datetime_start":"2026-05-26T00:25:23.901917"}
{"op_code":5,"worker_id":"2308af96-1848-4185-8294-9a0d1213840d-139665703665664","trial_id":67,"param_name":"learning_rate","param_value_internal":0.0013835003392264412,"distribution":"{\"name\": \"FloatDistribution\", \"attributes\": {\"step\": null, \"low\": 0.0009, \"high\": 0.007, \"log\": true}}"}
{"op_code":5,"worker_id":"2308af96-1848-4185-8294-9a0d1213840d-139665703665664","trial_id":67,"param_name":"transfer_lr","param_value_internal":0.145930618364671,"distribution":"{\"name\": \"FloatDistribution\", \"attributes\": {\"step\": null, \"low\": 9e-06, \"high\": 5.0, \"log\": true}}"}
{"op_code":5,"worker_id":"2308af96-1848-4185-8294-9a0d1213840d-139665703665664","trial_id":67,"param_name":"transfer_every","param_value_internal":18.0,"distribution":"{\"name\": \"IntDistribution\", \"attributes\": {\"log\": true, \"step\": 1, \"low\": 1, \"high\": 70}}"}
{"op_code":5,"worker_id":"2308af96-1848-4185-8294-9a0d1213840d-139665703665664","trial_id":67,"param_name":"rank_exp","param_value_internal":0.0,"distribution":"{\"name\": \"IntDistribution\", \"attributes\": {\"log\": false, \"step\": 1, \"low\": 0, \"high\": 6}}"}
{"op_code":5,"worker_id":"2308af96-1848-4185-8294-9a0d1213840d-139665703665664","trial_id":67,"param_name":"fast_lr","param_value_internal":0.00045686225137846773,"distribution":"{\"name\": \"FloatDistribution\", \"attributes\": {\"step\": null, \"low\": 2e-05, \"high\": 50.0, \"log\": true}}"}
{"op_code":5,"worker_id":"2308af96-1848-4185-8294-9a0d1213840d-139665703665664","trial_id":67,"param_name":"tau_sec","param_value_internal":0.0,"distribution":"{\"name\": \"FloatDistribution\", \"attributes\": {\"step\": null, \"low\": 0.0, \"high\": 0.0, \"log\": false}}"}
{"op_code":5,"worker_id":"2308af96-1848-4185-8294-9a0d1213840d-139665703665664","trial_id":67,"param_name":"ab_dw_min","param_value_internal":4.5303211071878855e-06,"distribution":"{\"name\": \"FloatDistribution\", \"attributes\": {\"step\": null, \"low\": 3e-06, \"high\": 0.009, \"log\": true}}"}
{"op_code":5,"worker_id":"2308af96-1848-4185-8294-9a0d1213840d-139665703665664","trial_id":67,"param_name":"ab_desired_bl","param_value_internal":31.0,"distribution":"{\"name\": \"IntDistribution\", \"attributes\": {\"log\": false, \"step\": 1, \"low\": 31, \"high\": 31}}"}
{"op_code":5,"worker_id":"2308af96-1848-4185-8294-9a0d1213840d-139665703665664","trial_id":67,"param_name":"ab_multilevel","param_value_internal":1.0,"distribution":"{\"name\": \"IntDistribution\", \"attributes\": {\"log\": false, \"step\": 1, \"low\": 1, \"high\": 14}}"}
{"op_code":5,"worker_id":"2308af96-1848-4185-8294-9a0d1213840d-139665703665664","trial_id":67,"param_name":"a_reset_std","param_value_internal":1e-30,"distribution":"{\"name\": \"FloatDistribution\", \"attributes\": {\"step\": null, \"low\": 1e-30, \"high\": 1e-30, \"log\": true}}"}
{"op_code":5,"worker_id":"2308af96-1848-4185-8294-9a0d1213840d-139665703665664","trial_id":67,"param_name":"b_reset_std","param_value_internal":1e-30,"distribution":"{\"name\": \"FloatDistribution\", \"attributes\": {\"step\": null, \"low\": 1e-30, \"high\": 1e-30, \"log\": true}}"}
{"op_code":5,"worker_id":"2308af96-1848-4185-8294-9a0d1213840d-139665703665664","trial_id":67,"param_name":"c_dw_min","param_value_internal":0.001027885359691577,"distribution":"{\"name\": \"FloatDistribution\", \"attributes\": {\"step\": null, \"low\": 0.001, \"high\": 0.04, \"log\": true}}"}
{"op_code":5,"worker_id":"2308af96-1848-4185-8294-9a0d1213840d-139665703665664","trial_id":67,"param_name":"c_desired_bl","param_value_internal":31.0,"distribution":"{\"name\": \"IntDistribution\", \"attributes\": {\"log\": false, \"step\": 1, \"low\": 31, \"high\": 31}}"}
{"op_code":5,"worker_id":"2308af96-1848-4185-8294-9a0d1213840d-139665703665664","trial_id":67,"param_name":"out_noise","param_value_internal":0.0,"distribution":"{\"name\": \"FloatDistribution\", \"attributes\": {\"step\": null, \"low\": 0.0, \"high\": 0.0, \"log\": false}}"}
{"op_code":5,"worker_id":"2308af96-1848-4185-8294-9a0d1213840d-139665703665664","trial_id":67,"param_name":"ab_weight_scaling_omega","param_value_internal":0.0,"distribution":"{\"name\": \"FloatDistribution\", \"attributes\": {\"step\": null, \"low\": 0.0, \"high\": 0.0, \"log\": false}}"}
{"op_code":5,"worker_id":"2308af96-1848-4185-8294-9a0d1213840d-139665703665664","trial_id":67,"param_name":"min_lr_rate","param_value_internal":0.0,"distribution":"{\"name\": \"FloatDistribution\", \"attributes\": {\"step\": null, \"low\": 0.0, \"high\": 0.0, \"log\": false}}"}
{"op_code":5,"worker_id":"2308af96-1848-4185-8294-9a0d1213840d-139665703665664","trial_id":67,"param_name":"a_density","param_value_internal":0.09287606882308172,"distribution":"{\"name\": \"FloatDistribution\", \"attributes\": {\"step\": null, \"low\": 0.0009, \"high\": 1.0, \"log\": true}}"}
{"op_code":8,"worker_id":"2308af96-1848-4185-8294-9a0d1213840d-139665703665664","trial_id":67,"user_attr":{"grad_accum_steps":1}}
{"op_code":7,"worker_id":"e7d4dd1c-833e-4209-a30c-7a437c5b83c4-140384450662400","trial_id":65,"step":2,"intermediate_value":76.02280161400955}
{"op_code":8,"worker_id":"e7d4dd1c-833e-4209-a30c-7a437c5b83c4-140384450662400","trial_id":65,"user_attr":{"train_loss_epoch_2":1.6674294034963055}}
{"op_code":7,"worker_id":"8b263896-ff64-4249-a0bf-375cbcb369cf-139672061788160","trial_id":66,"step":1,"intermediate_value":74.6803840734176}
{"op_code":8,"worker_id":"8b263896-ff64-4249-a0bf-375cbcb369cf-139672061788160","trial_id":66,"user_attr":{"train_loss_epoch_1":2.177695335346832}}
{"op_code":7,"worker_id":"94fcab39-a262-4c50-b7c5-86ebbb5a8a18-139987696013312","trial_id":63,"step":4,"intermediate_value":76.10117496011907}
{"op_code":8,"worker_id":"94fcab39-a262-4c50-b7c5-86ebbb5a8a18-139987696013312","trial_id":63,"user_attr":{"train_loss_epoch_4":1.6033514152051311}}
{"op_code":7,"worker_id":"2308af96-1848-4185-8294-9a0d1213840d-139665703665664","trial_id":67,"step":1,"intermediate_value":72.60124533987764}
{"op_code":8,"worker_id":"2308af96-1848-4185-8294-9a0d1213840d-139665703665664","trial_id":67,"user_attr":{"train_loss_epoch_1":2.3965901138336676}}
{"op_code":7,"worker_id":"e7d4dd1c-833e-4209-a30c-7a437c5b83c4-140384450662400","trial_id":65,"step":3,"intermediate_value":77.20793492623699}
{"op_code":8,"worker_id":"e7d4dd1c-833e-4209-a30c-7a437c5b83c4-140384450662400","trial_id":65,"user_attr":{"train_loss_epoch_3":1.5940142548827299}}
{"op_code":7,"worker_id":"8b263896-ff64-4249-a0bf-375cbcb369cf-139672061788160","trial_id":66,"step":2,"intermediate_value":76.73347320772704}
{"op_code":8,"worker_id":"8b263896-ff64-4249-a0bf-375cbcb369cf-139672061788160","trial_id":66,"user_attr":{"train_loss_epoch_2":1.6692170778910318}}
{"op_code":7,"worker_id":"94fcab39-a262-4c50-b7c5-86ebbb5a8a18-139987696013312","trial_id":63,"step":5,"intermediate_value":76.39634899259522}
{"op_code":8,"worker_id":"94fcab39-a262-4c50-b7c5-86ebbb5a8a18-139987696013312","trial_id":63,"user_attr":{"train_loss_epoch_5":1.58169649971856}}
{"op_code":6,"worker_id":"94fcab39-a262-4c50-b7c5-86ebbb5a8a18-139987696013312","trial_id":63,"state":1,"values":[76.39634899259522],"datetime_complete":"2026-05-26T00:55:45.139797"}
{"op_code":4,"worker_id":"94fcab39-a262-4c50-b7c5-86ebbb5a8a18-139987696013312","study_id":0,"datetime_start":"2026-05-26T00:55:45.141606"}
{"op_code":5,"worker_id":"94fcab39-a262-4c50-b7c5-86ebbb5a8a18-139987696013312","trial_id":68,"param_name":"learning_rate","param_value_internal":0.003445145325045989,"distribution":"{\"name\": \"FloatDistribution\", \"attributes\": {\"step\": null, \"low\": 0.0009, \"high\": 0.007, \"log\": true}}"}
{"op_code":5,"worker_id":"94fcab39-a262-4c50-b7c5-86ebbb5a8a18-139987696013312","trial_id":68,"param_name":"transfer_lr","param_value_internal":7.374721887315336e-05,"distribution":"{\"name\": \"FloatDistribution\", \"attributes\": {\"step\": null, \"low\": 9e-06, \"high\": 5.0, \"log\": true}}"}
{"op_code":5,"worker_id":"94fcab39-a262-4c50-b7c5-86ebbb5a8a18-139987696013312","trial_id":68,"param_name":"transfer_every","param_value_internal":1.0,"distribution":"{\"name\": \"IntDistribution\", \"attributes\": {\"log\": true, \"step\": 1, \"low\": 1, \"high\": 70}}"}
{"op_code":5,"worker_id":"94fcab39-a262-4c50-b7c5-86ebbb5a8a18-139987696013312","trial_id":68,"param_name":"rank_exp","param_value_internal":0.0,"distribution":"{\"name\": \"IntDistribution\", \"attributes\": {\"log\": false, \"step\": 1, \"low\": 0, \"high\": 6}}"}
{"op_code":5,"worker_id":"94fcab39-a262-4c50-b7c5-86ebbb5a8a18-139987696013312","trial_id":68,"param_name":"fast_lr","param_value_internal":0.002638558970664582,"distribution":"{\"name\": \"FloatDistribution\", \"attributes\": {\"step\": null, \"low\": 2e-05, \"high\": 50.0, \"log\": true}}"}
{"op_code":5,"worker_id":"94fcab39-a262-4c50-b7c5-86ebbb5a8a18-139987696013312","trial_id":68,"param_name":"tau_sec","param_value_internal":0.0,"distribution":"{\"name\": \"FloatDistribution\", \"attributes\": {\"step\": null, \"low\": 0.0, \"high\": 0.0, \"log\": false}}"}
{"op_code":5,"worker_id":"94fcab39-a262-4c50-b7c5-86ebbb5a8a18-139987696013312","trial_id":68,"param_name":"ab_dw_min","param_value_internal":8.002714403869781e-05,"distribution":"{\"name\": \"FloatDistribution\", \"attributes\": {\"step\": null, \"low\": 3e-06, \"high\": 0.009, \"log\": true}}"}
{"op_code":5,"worker_id":"94fcab39-a262-4c50-b7c5-86ebbb5a8a18-139987696013312","trial_id":68,"param_name":"ab_desired_bl","param_value_internal":31.0,"distribution":"{\"name\": \"IntDistribution\", \"attributes\": {\"log\": false, \"step\": 1, \"low\": 31, \"high\": 31}}"}
{"op_code":5,"worker_id":"94fcab39-a262-4c50-b7c5-86ebbb5a8a18-139987696013312","trial_id":68,"param_name":"ab_multilevel","param_value_internal":1.0,"distribution":"{\"name\": \"IntDistribution\", \"attributes\": {\"log\": false, \"step\": 1, \"low\": 1, \"high\": 14}}"}
{"op_code":5,"worker_id":"94fcab39-a262-4c50-b7c5-86ebbb5a8a18-139987696013312","trial_id":68,"param_name":"a_reset_std","param_value_internal":1e-30,"distribution":"{\"name\": \"FloatDistribution\", \"attributes\": {\"step\": null, \"low\": 1e-30, \"high\": 1e-30, \"log\": true}}"}
{"op_code":5,"worker_id":"94fcab39-a262-4c50-b7c5-86ebbb5a8a18-139987696013312","trial_id":68,"param_name":"b_reset_std","param_value_internal":1e-30,"distribution":"{\"name\": \"FloatDistribution\", \"attributes\": {\"step\": null, \"low\": 1e-30, \"high\": 1e-30, \"log\": true}}"}
{"op_code":5,"worker_id":"94fcab39-a262-4c50-b7c5-86ebbb5a8a18-139987696013312","trial_id":68,"param_name":"c_dw_min","param_value_internal":0.001027885359691577,"distribution":"{\"name\": \"FloatDistribution\", \"attributes\": {\"step\": null, \"low\": 0.001, \"high\": 0.04, \"log\": true}}"}
{"op_code":5,"worker_id":"94fcab39-a262-4c50-b7c5-86ebbb5a8a18-139987696013312","trial_id":68,"param_name":"c_desired_bl","param_value_internal":31.0,"distribution":"{\"name\": \"IntDistribution\", \"attributes\": {\"log\": false, \"step\": 1, \"low\": 31, \"high\": 31}}"}
{"op_code":5,"worker_id":"94fcab39-a262-4c50-b7c5-86ebbb5a8a18-139987696013312","trial_id":68,"param_name":"out_noise","param_value_internal":0.0,"distribution":"{\"name\": \"FloatDistribution\", \"attributes\": {\"step\": null, \"low\": 0.0, \"high\": 0.0, \"log\": false}}"}
{"op_code":5,"worker_id":"94fcab39-a262-4c50-b7c5-86ebbb5a8a18-139987696013312","trial_id":68,"param_name":"ab_weight_scaling_omega","param_value_internal":0.0,"distribution":"{\"name\": \"FloatDistribution\", \"attributes\": {\"step\": null, \"low\": 0.0, \"high\": 0.0, \"log\": false}}"}
{"op_code":5,"worker_id":"94fcab39-a262-4c50-b7c5-86ebbb5a8a18-139987696013312","trial_id":68,"param_name":"min_lr_rate","param_value_internal":0.0,"distribution":"{\"name\": \"FloatDistribution\", \"attributes\": {\"step\": null, \"low\": 0.0, \"high\": 0.0, \"log\": false}}"}
{"op_code":5,"worker_id":"94fcab39-a262-4c50-b7c5-86ebbb5a8a18-139987696013312","trial_id":68,"param_name":"a_density","param_value_internal":0.002774164436341292,"distribution":"{\"name\": \"FloatDistribution\", \"attributes\": {\"step\": null, \"low\": 0.0009, \"high\": 1.0, \"log\": true}}"}
{"op_code":8,"worker_id":"94fcab39-a262-4c50-b7c5-86ebbb5a8a18-139987696013312","trial_id":68,"user_attr":{"grad_accum_steps":1}}
{"op_code":7,"worker_id":"2308af96-1848-4185-8294-9a0d1213840d-139665703665664","trial_id":67,"step":2,"intermediate_value":75.17342903736561}
{"op_code":8,"worker_id":"2308af96-1848-4185-8294-9a0d1213840d-139665703665664","trial_id":67,"user_attr":{"train_loss_epoch_2":1.71100957354879}}
{"op_code":7,"worker_id":"e7d4dd1c-833e-4209-a30c-7a437c5b83c4-140384450662400","trial_id":65,"step":4,"intermediate_value":77.659314971424}
{"op_code":8,"worker_id":"e7d4dd1c-833e-4209-a30c-7a437c5b83c4-140384450662400","trial_id":65,"user_attr":{"train_loss_epoch_4":1.549556760510132}}
{"op_code":7,"worker_id":"8b263896-ff64-4249-a0bf-375cbcb369cf-139672061788160","trial_id":66,"step":3,"intermediate_value":77.25112189898303}
{"op_code":8,"worker_id":"8b263896-ff64-4249-a0bf-375cbcb369cf-139672061788160","trial_id":66,"user_attr":{"train_loss_epoch_3":1.594267235603436}}
{"op_code":7,"worker_id":"94fcab39-a262-4c50-b7c5-86ebbb5a8a18-139987696013312","trial_id":68,"step":1,"intermediate_value":74.28026402966701}
{"op_code":8,"worker_id":"94fcab39-a262-4c50-b7c5-86ebbb5a8a18-139987696013312","trial_id":68,"user_attr":{"train_loss_epoch_1":2.1669262002800216}}
{"op_code":7,"worker_id":"2308af96-1848-4185-8294-9a0d1213840d-139665703665664","trial_id":67,"step":3,"intermediate_value":76.02225483343844}
{"op_code":8,"worker_id":"2308af96-1848-4185-8294-9a0d1213840d-139665703665664","trial_id":67,"user_attr":{"train_loss_epoch_3":1.6293102845913026}}
{"op_code":7,"worker_id":"e7d4dd1c-833e-4209-a30c-7a437c5b83c4-140384450662400","trial_id":65,"step":5,"intermediate_value":78.09367434869672}
{"op_code":8,"worker_id":"e7d4dd1c-833e-4209-a30c-7a437c5b83c4-140384450662400","trial_id":65,"user_attr":{"train_loss_epoch_5":1.5164070325492198}}
{"op_code":6,"worker_id":"e7d4dd1c-833e-4209-a30c-7a437c5b83c4-140384450662400","trial_id":65,"state":1,"values":[78.09367434869672],"datetime_complete":"2026-05-26T01:18:39.893327"}
{"op_code":4,"worker_id":"e7d4dd1c-833e-4209-a30c-7a437c5b83c4-140384450662400","study_id":0,"datetime_start":"2026-05-26T01:18:39.894957"}
{"op_code":5,"worker_id":"e7d4dd1c-833e-4209-a30c-7a437c5b83c4-140384450662400","trial_id":69,"param_name":"learning_rate","param_value_internal":0.0009664393002653578,"distribution":"{\"name\": \"FloatDistribution\", \"attributes\": {\"step\": null, \"low\": 0.0009, \"high\": 0.007, \"log\": true}}"}
{"op_code":5,"worker_id":"e7d4dd1c-833e-4209-a30c-7a437c5b83c4-140384450662400","trial_id":69,"param_name":"transfer_lr","param_value_internal":1.2603121490542721,"distribution":"{\"name\": \"FloatDistribution\", \"attributes\": {\"step\": null, \"low\": 9e-06, \"high\": 5.0, \"log\": true}}"}
{"op_code":5,"worker_id":"e7d4dd1c-833e-4209-a30c-7a437c5b83c4-140384450662400","trial_id":69,"param_name":"transfer_every","param_value_internal":1.0,"distribution":"{\"name\": \"IntDistribution\", \"attributes\": {\"log\": true, \"step\": 1, \"low\": 1, \"high\": 70}}"}
{"op_code":5,"worker_id":"e7d4dd1c-833e-4209-a30c-7a437c5b83c4-140384450662400","trial_id":69,"param_name":"rank_exp","param_value_internal":4.0,"distribution":"{\"name\": \"IntDistribution\", \"attributes\": {\"log\": false, \"step\": 1, \"low\": 0, \"high\": 6}}"}
{"op_code":5,"worker_id":"e7d4dd1c-833e-4209-a30c-7a437c5b83c4-140384450662400","trial_id":69,"param_name":"fast_lr","param_value_internal":0.4484479447189918,"distribution":"{\"name\": \"FloatDistribution\", \"attributes\": {\"step\": null, \"low\": 2e-05, \"high\": 50.0, \"log\": true}}"}
{"op_code":5,"worker_id":"e7d4dd1c-833e-4209-a30c-7a437c5b83c4-140384450662400","trial_id":69,"param_name":"tau_sec","param_value_internal":0.0,"distribution":"{\"name\": \"FloatDistribution\", \"attributes\": {\"step\": null, \"low\": 0.0, \"high\": 0.0, \"log\": false}}"}
{"op_code":5,"worker_id":"e7d4dd1c-833e-4209-a30c-7a437c5b83c4-140384450662400","trial_id":69,"param_name":"ab_dw_min","param_value_internal":0.0005444675679411067,"distribution":"{\"name\": \"FloatDistribution\", \"attributes\": {\"step\": null, \"low\": 3e-06, \"high\": 0.009, \"log\": true}}"}
{"op_code":5,"worker_id":"e7d4dd1c-833e-4209-a30c-7a437c5b83c4-140384450662400","trial_id":69,"param_name":"ab_desired_bl","param_value_internal":31.0,"distribution":"{\"name\": \"IntDistribution\", \"attributes\": {\"log\": false, \"step\": 1, \"low\": 31, \"high\": 31}}"}
{"op_code":5,"worker_id":"e7d4dd1c-833e-4209-a30c-7a437c5b83c4-140384450662400","trial_id":69,"param_name":"ab_multilevel","param_value_internal":1.0,"distribution":"{\"name\": \"IntDistribution\", \"attributes\": {\"log\": false, \"step\": 1, \"low\": 1, \"high\": 14}}"}
{"op_code":5,"worker_id":"e7d4dd1c-833e-4209-a30c-7a437c5b83c4-140384450662400","trial_id":69,"param_name":"a_reset_std","param_value_internal":1e-30,"distribution":"{\"name\": \"FloatDistribution\", \"attributes\": {\"step\": null, \"low\": 1e-30, \"high\": 1e-30, \"log\": true}}"}
{"op_code":5,"worker_id":"e7d4dd1c-833e-4209-a30c-7a437c5b83c4-140384450662400","trial_id":69,"param_name":"b_reset_std","param_value_internal":1e-30,"distribution":"{\"name\": \"FloatDistribution\", \"attributes\": {\"step\": null, \"low\": 1e-30, \"high\": 1e-30, \"log\": true}}"}
{"op_code":5,"worker_id":"e7d4dd1c-833e-4209-a30c-7a437c5b83c4-140384450662400","trial_id":69,"param_name":"c_dw_min","param_value_internal":0.011879831500781998,"distribution":"{\"name\": \"FloatDistribution\", \"attributes\": {\"step\": null, \"low\": 0.001, \"high\": 0.04, \"log\": true}}"}
{"op_code":5,"worker_id":"e7d4dd1c-833e-4209-a30c-7a437c5b83c4-140384450662400","trial_id":69,"param_name":"c_desired_bl","param_value_internal":31.0,"distribution":"{\"name\": \"IntDistribution\", \"attributes\": {\"log\": false, \"step\": 1, \"low\": 31, \"high\": 31}}"}
{"op_code":5,"worker_id":"e7d4dd1c-833e-4209-a30c-7a437c5b83c4-140384450662400","trial_id":69,"param_name":"out_noise","param_value_internal":0.0,"distribution":"{\"name\": \"FloatDistribution\", \"attributes\": {\"step\": null, \"low\": 0.0, \"high\": 0.0, \"log\": false}}"}
{"op_code":5,"worker_id":"e7d4dd1c-833e-4209-a30c-7a437c5b83c4-140384450662400","trial_id":69,"param_name":"ab_weight_scaling_omega","param_value_internal":0.0,"distribution":"{\"name\": \"FloatDistribution\", \"attributes\": {\"step\": null, \"low\": 0.0, \"high\": 0.0, \"log\": false}}"}
{"op_code":5,"worker_id":"e7d4dd1c-833e-4209-a30c-7a437c5b83c4-140384450662400","trial_id":69,"param_name":"min_lr_rate","param_value_internal":0.0,"distribution":"{\"name\": \"FloatDistribution\", \"attributes\": {\"step\": null, \"low\": 0.0, \"high\": 0.0, \"log\": false}}"}
{"op_code":5,"worker_id":"e7d4dd1c-833e-4209-a30c-7a437c5b83c4-140384450662400","trial_id":69,"param_name":"a_density","param_value_internal":0.739999686271987,"distribution":"{\"name\": \"FloatDistribution\", \"attributes\": {\"step\": null, \"low\": 0.0009, \"high\": 1.0, \"log\": true}}"}
{"op_code":8,"worker_id":"e7d4dd1c-833e-4209-a30c-7a437c5b83c4-140384450662400","trial_id":69,"user_attr":{"grad_accum_steps":1}}
{"op_code":7,"worker_id":"8b263896-ff64-4249-a0bf-375cbcb369cf-139672061788160","trial_id":66,"step":4,"intermediate_value":77.92094849032028}
{"op_code":8,"worker_id":"8b263896-ff64-4249-a0bf-375cbcb369cf-139672061788160","trial_id":66,"user_attr":{"train_loss_epoch_4":1.5457932742953624}}
{"op_code":7,"worker_id":"94fcab39-a262-4c50-b7c5-86ebbb5a8a18-139987696013312","trial_id":68,"step":2,"intermediate_value":76.69583243636558}
{"op_code":8,"worker_id":"94fcab39-a262-4c50-b7c5-86ebbb5a8a18-139987696013312","trial_id":68,"user_attr":{"train_loss_epoch_2":1.6597313245137533}}
{"op_code":7,"worker_id":"2308af96-1848-4185-8294-9a0d1213840d-139665703665664","trial_id":67,"step":4,"intermediate_value":76.73228576333436}
{"op_code":8,"worker_id":"2308af96-1848-4185-8294-9a0d1213840d-139665703665664","trial_id":67,"user_attr":{"train_loss_epoch_4":1.5868733277165792}}
{"op_code":7,"worker_id":"e7d4dd1c-833e-4209-a30c-7a437c5b83c4-140384450662400","trial_id":69,"step":1,"intermediate_value":70.72550946273603}
{"op_code":8,"worker_id":"e7d4dd1c-833e-4209-a30c-7a437c5b83c4-140384450662400","trial_id":69,"user_attr":{"train_loss_epoch_1":2.5176346823451965}}
{"op_code":7,"worker_id":"8b263896-ff64-4249-a0bf-375cbcb369cf-139672061788160","trial_id":66,"step":5,"intermediate_value":78.65412150580276}
{"op_code":8,"worker_id":"8b263896-ff64-4249-a0bf-375cbcb369cf-139672061788160","trial_id":66,"user_attr":{"train_loss_epoch_5":1.5074469692661834}}
{"op_code":6,"worker_id":"8b263896-ff64-4249-a0bf-375cbcb369cf-139672061788160","trial_id":66,"state":1,"values":[78.65412150580276],"datetime_complete":"2026-05-26T01:45:31.019513"}
{"op_code":4,"worker_id":"8b263896-ff64-4249-a0bf-375cbcb369cf-139672061788160","study_id":0,"datetime_start":"2026-05-26T01:45:31.021155"}
{"op_code":7,"worker_id":"2308af96-1848-4185-8294-9a0d1213840d-139665703665664","trial_id":67,"step":5,"intermediate_value":76.79652265370896}
{"op_code":8,"worker_id":"2308af96-1848-4185-8294-9a0d1213840d-139665703665664","trial_id":67,"user_attr":{"train_loss_epoch_5":1.5635308085741388}}
{"op_code":5,"worker_id":"8b263896-ff64-4249-a0bf-375cbcb369cf-139672061788160","trial_id":70,"param_name":"learning_rate","param_value_internal":0.005140173482553668,"distribution":"{\"name\": \"FloatDistribution\", \"attributes\": {\"step\": null, \"low\": 0.0009, \"high\": 0.007, \"log\": true}}"}
{"op_code":5,"worker_id":"8b263896-ff64-4249-a0bf-375cbcb369cf-139672061788160","trial_id":70,"param_name":"transfer_lr","param_value_internal":0.39321227072683423,"distribution":"{\"name\": \"FloatDistribution\", \"attributes\": {\"step\": null, \"low\": 9e-06, \"high\": 5.0, \"log\": true}}"}
{"op_code":5,"worker_id":"8b263896-ff64-4249-a0bf-375cbcb369cf-139672061788160","trial_id":70,"param_name":"transfer_every","param_value_internal":69.0,"distribution":"{\"name\": \"IntDistribution\", \"attributes\": {\"log\": true, \"step\": 1, \"low\": 1, \"high\": 70}}"}
{"op_code":5,"worker_id":"8b263896-ff64-4249-a0bf-375cbcb369cf-139672061788160","trial_id":70,"param_name":"rank_exp","param_value_internal":0.0,"distribution":"{\"name\": \"IntDistribution\", \"attributes\": {\"log\": false, \"step\": 1, \"low\": 0, \"high\": 6}}"}
{"op_code":5,"worker_id":"8b263896-ff64-4249-a0bf-375cbcb369cf-139672061788160","trial_id":70,"param_name":"fast_lr","param_value_internal":0.011598605993836312,"distribution":"{\"name\": \"FloatDistribution\", \"attributes\": {\"step\": null, \"low\": 2e-05, \"high\": 50.0, \"log\": true}}"}
{"op_code":5,"worker_id":"8b263896-ff64-4249-a0bf-375cbcb369cf-139672061788160","trial_id":70,"param_name":"tau_sec","param_value_internal":0.0,"distribution":"{\"name\": \"FloatDistribution\", \"attributes\": {\"step\": null, \"low\": 0.0, \"high\": 0.0, \"log\": false}}"}
{"op_code":5,"worker_id":"8b263896-ff64-4249-a0bf-375cbcb369cf-139672061788160","trial_id":70,"param_name":"ab_dw_min","param_value_internal":0.0005046515917479442,"distribution":"{\"name\": \"FloatDistribution\", \"attributes\": {\"step\": null, \"low\": 3e-06, \"high\": 0.009, \"log\": true}}"}
{"op_code":5,"worker_id":"8b263896-ff64-4249-a0bf-375cbcb369cf-139672061788160","trial_id":70,"param_name":"ab_desired_bl","param_value_internal":31.0,"distribution":"{\"name\": \"IntDistribution\", \"attributes\": {\"log\": false, \"step\": 1, \"low\": 31, \"high\": 31}}"}
{"op_code":5,"worker_id":"8b263896-ff64-4249-a0bf-375cbcb369cf-139672061788160","trial_id":70,"param_name":"ab_multilevel","param_value_internal":1.0,"distribution":"{\"name\": \"IntDistribution\", \"attributes\": {\"log\": false, \"step\": 1, \"low\": 1, \"high\": 14}}"}
{"op_code":5,"worker_id":"8b263896-ff64-4249-a0bf-375cbcb369cf-139672061788160","trial_id":70,"param_name":"a_reset_std","param_value_internal":1e-30,"distribution":"{\"name\": \"FloatDistribution\", \"attributes\": {\"step\": null, \"low\": 1e-30, \"high\": 1e-30, \"log\": true}}"}
{"op_code":5,"worker_id":"8b263896-ff64-4249-a0bf-375cbcb369cf-139672061788160","trial_id":70,"param_name":"b_reset_std","param_value_internal":1e-30,"distribution":"{\"name\": \"FloatDistribution\", \"attributes\": {\"step\": null, \"low\": 1e-30, \"high\": 1e-30, \"log\": true}}"}
{"op_code":5,"worker_id":"8b263896-ff64-4249-a0bf-375cbcb369cf-139672061788160","trial_id":70,"param_name":"c_dw_min","param_value_internal":0.0010997293680703154,"distribution":"{\"name\": \"FloatDistribution\", \"attributes\": {\"step\": null, \"low\": 0.001, \"high\": 0.04, \"log\": true}}"}
{"op_code":5,"worker_id":"8b263896-ff64-4249-a0bf-375cbcb369cf-139672061788160","trial_id":70,"param_name":"c_desired_bl","param_value_internal":31.0,"distribution":"{\"name\": \"IntDistribution\", \"attributes\": {\"log\": false, \"step\": 1, \"low\": 31, \"high\": 31}}"}
{"op_code":5,"worker_id":"8b263896-ff64-4249-a0bf-375cbcb369cf-139672061788160","trial_id":70,"param_name":"out_noise","param_value_internal":0.0,"distribution":"{\"name\": \"FloatDistribution\", \"attributes\": {\"step\": null, \"low\": 0.0, \"high\": 0.0, \"log\": false}}"}
{"op_code":5,"worker_id":"8b263896-ff64-4249-a0bf-375cbcb369cf-139672061788160","trial_id":70,"param_name":"ab_weight_scaling_omega","param_value_internal":0.0,"distribution":"{\"name\": \"FloatDistribution\", \"attributes\": {\"step\": null, \"low\": 0.0, \"high\": 0.0, \"log\": false}}"}
{"op_code":5,"worker_id":"8b263896-ff64-4249-a0bf-375cbcb369cf-139672061788160","trial_id":70,"param_name":"min_lr_rate","param_value_internal":0.0,"distribution":"{\"name\": \"FloatDistribution\", \"attributes\": {\"step\": null, \"low\": 0.0, \"high\": 0.0, \"log\": false}}"}
{"op_code":5,"worker_id":"8b263896-ff64-4249-a0bf-375cbcb369cf-139672061788160","trial_id":70,"param_name":"a_density","param_value_internal":0.5101924798121977,"distribution":"{\"name\": \"FloatDistribution\", \"attributes\": {\"step\": null, \"low\": 0.0009, \"high\": 1.0, \"log\": true}}"}
{"op_code":6,"worker_id":"2308af96-1848-4185-8294-9a0d1213840d-139665703665664","trial_id":67,"state":1,"values":[76.79652265370896],"datetime_complete":"2026-05-26T01:45:32.797782"}
{"op_code":4,"worker_id":"2308af96-1848-4185-8294-9a0d1213840d-139665703665664","study_id":0,"datetime_start":"2026-05-26T01:45:32.799220"}
{"op_code":5,"worker_id":"2308af96-1848-4185-8294-9a0d1213840d-139665703665664","trial_id":71,"param_name":"learning_rate","param_value_internal":0.002000970723425063,"distribution":"{\"name\": \"FloatDistribution\", \"attributes\": {\"step\": null, \"low\": 0.0009, \"high\": 0.007, \"log\": true}}"}
{"op_code":5,"worker_id":"2308af96-1848-4185-8294-9a0d1213840d-139665703665664","trial_id":71,"param_name":"transfer_lr","param_value_internal":0.11331259031279124,"distribution":"{\"name\": \"FloatDistribution\", \"attributes\": {\"step\": null, \"low\": 9e-06, \"high\": 5.0, \"log\": true}}"}
{"op_code":5,"worker_id":"2308af96-1848-4185-8294-9a0d1213840d-139665703665664","trial_id":71,"param_name":"transfer_every","param_value_internal":1.0,"distribution":"{\"name\": \"IntDistribution\", \"attributes\": {\"log\": true, \"step\": 1, \"low\": 1, \"high\": 70}}"}
{"op_code":5,"worker_id":"2308af96-1848-4185-8294-9a0d1213840d-139665703665664","trial_id":71,"param_name":"rank_exp","param_value_internal":3.0,"distribution":"{\"name\": \"IntDistribution\", \"attributes\": {\"log\": false, \"step\": 1, \"low\": 0, \"high\": 6}}"}
{"op_code":5,"worker_id":"2308af96-1848-4185-8294-9a0d1213840d-139665703665664","trial_id":71,"param_name":"fast_lr","param_value_internal":0.0031028275737299575,"distribution":"{\"name\": \"FloatDistribution\", \"attributes\": {\"step\": null, \"low\": 2e-05, \"high\": 50.0, \"log\": true}}"}
{"op_code":5,"worker_id":"2308af96-1848-4185-8294-9a0d1213840d-139665703665664","trial_id":71,"param_name":"tau_sec","param_value_internal":0.0,"distribution":"{\"name\": \"FloatDistribution\", \"attributes\": {\"step\": null, \"low\": 0.0, \"high\": 0.0, \"log\": false}}"}
{"op_code":5,"worker_id":"2308af96-1848-4185-8294-9a0d1213840d-139665703665664","trial_id":71,"param_name":"ab_dw_min","param_value_internal":0.003132509938041619,"distribution":"{\"name\": \"FloatDistribution\", \"attributes\": {\"step\": null, \"low\": 3e-06, \"high\": 0.009, \"log\": true}}"}
{"op_code":5,"worker_id":"2308af96-1848-4185-8294-9a0d1213840d-139665703665664","trial_id":71,"param_name":"ab_desired_bl","param_value_internal":31.0,"distribution":"{\"name\": \"IntDistribution\", \"attributes\": {\"log\": false, \"step\": 1, \"low\": 31, \"high\": 31}}"}
{"op_code":5,"worker_id":"2308af96-1848-4185-8294-9a0d1213840d-139665703665664","trial_id":71,"param_name":"ab_multilevel","param_value_internal":1.0,"distribution":"{\"name\": \"IntDistribution\", \"attributes\": {\"log\": false, \"step\": 1, \"low\": 1, \"high\": 14}}"}
{"op_code":5,"worker_id":"2308af96-1848-4185-8294-9a0d1213840d-139665703665664","trial_id":71,"param_name":"a_reset_std","param_value_internal":1e-30,"distribution":"{\"name\": \"FloatDistribution\", \"attributes\": {\"step\": null, \"low\": 1e-30, \"high\": 1e-30, \"log\": true}}"}
{"op_code":5,"worker_id":"2308af96-1848-4185-8294-9a0d1213840d-139665703665664","trial_id":71,"param_name":"b_reset_std","param_value_internal":1e-30,"distribution":"{\"name\": \"FloatDistribution\", \"attributes\": {\"step\": null, \"low\": 1e-30, \"high\": 1e-30, \"log\": true}}"}
{"op_code":5,"worker_id":"2308af96-1848-4185-8294-9a0d1213840d-139665703665664","trial_id":71,"param_name":"c_dw_min","param_value_internal":0.009851904465344164,"distribution":"{\"name\": \"FloatDistribution\", \"attributes\": {\"step\": null, \"low\": 0.001, \"high\": 0.04, \"log\": true}}"}
{"op_code":5,"worker_id":"2308af96-1848-4185-8294-9a0d1213840d-139665703665664","trial_id":71,"param_name":"c_desired_bl","param_value_internal":31.0,"distribution":"{\"name\": \"IntDistribution\", \"attributes\": {\"log\": false, \"step\": 1, \"low\": 31, \"high\": 31}}"}
{"op_code":5,"worker_id":"2308af96-1848-4185-8294-9a0d1213840d-139665703665664","trial_id":71,"param_name":"out_noise","param_value_internal":0.0,"distribution":"{\"name\": \"FloatDistribution\", \"attributes\": {\"step\": null, \"low\": 0.0, \"high\": 0.0, \"log\": false}}"}
{"op_code":5,"worker_id":"2308af96-1848-4185-8294-9a0d1213840d-139665703665664","trial_id":71,"param_name":"ab_weight_scaling_omega","param_value_internal":0.0,"distribution":"{\"name\": \"FloatDistribution\", \"attributes\": {\"step\": null, \"low\": 0.0, \"high\": 0.0, \"log\": false}}"}
{"op_code":5,"worker_id":"2308af96-1848-4185-8294-9a0d1213840d-139665703665664","trial_id":71,"param_name":"min_lr_rate","param_value_internal":0.0,"distribution":"{\"name\": \"FloatDistribution\", \"attributes\": {\"step\": null, \"low\": 0.0, \"high\": 0.0, \"log\": false}}"}
{"op_code":5,"worker_id":"2308af96-1848-4185-8294-9a0d1213840d-139665703665664","trial_id":71,"param_name":"a_density","param_value_internal":0.1366589140185455,"distribution":"{\"name\": \"FloatDistribution\", \"attributes\": {\"step\": null, \"low\": 0.0009, \"high\": 1.0, \"log\": true}}"}
{"op_code":8,"worker_id":"8b263896-ff64-4249-a0bf-375cbcb369cf-139672061788160","trial_id":70,"user_attr":{"grad_accum_steps":1}}
{"op_code":8,"worker_id":"2308af96-1848-4185-8294-9a0d1213840d-139665703665664","trial_id":71,"user_attr":{"grad_accum_steps":1}}
{"op_code":7,"worker_id":"94fcab39-a262-4c50-b7c5-86ebbb5a8a18-139987696013312","trial_id":68,"step":3,"intermediate_value":77.48256756457249}
{"op_code":8,"worker_id":"94fcab39-a262-4c50-b7c5-86ebbb5a8a18-139987696013312","trial_id":68,"user_attr":{"train_loss_epoch_3":1.5875823820509563}}
{"op_code":7,"worker_id":"e7d4dd1c-833e-4209-a30c-7a437c5b83c4-140384450662400","trial_id":69,"step":2,"intermediate_value":73.90954445078263}
{"op_code":8,"worker_id":"e7d4dd1c-833e-4209-a30c-7a437c5b83c4-140384450662400","trial_id":69,"user_attr":{"train_loss_epoch_2":1.7669658453483892}}
{"op_code":7,"worker_id":"8b263896-ff64-4249-a0bf-375cbcb369cf-139672061788160","trial_id":70,"step":1,"intermediate_value":73.53245231659238}
{"op_code":8,"worker_id":"8b263896-ff64-4249-a0bf-375cbcb369cf-139672061788160","trial_id":70,"user_attr":{"train_loss_epoch_1":2.153601084556683}}
{"op_code":7,"worker_id":"94fcab39-a262-4c50-b7c5-86ebbb5a8a18-139987696013312","trial_id":68,"step":4,"intermediate_value":78.09066512157435}
{"op_code":8,"worker_id":"94fcab39-a262-4c50-b7c5-86ebbb5a8a18-139987696013312","trial_id":68,"user_attr":{"train_loss_epoch_4":1.535068141509524}}
{"op_code":7,"worker_id":"2308af96-1848-4185-8294-9a0d1213840d-139665703665664","trial_id":71,"step":1,"intermediate_value":73.61959965471623}
{"op_code":8,"worker_id":"2308af96-1848-4185-8294-9a0d1213840d-139665703665664","trial_id":71,"user_attr":{"train_loss_epoch_1":2.2814401477333006}}
{"op_code":7,"worker_id":"8b263896-ff64-4249-a0bf-375cbcb369cf-139672061788160","trial_id":70,"step":2,"intermediate_value":74.6646375088758}
{"op_code":8,"worker_id":"8b263896-ff64-4249-a0bf-375cbcb369cf-139672061788160","trial_id":70,"user_attr":{"train_loss_epoch_2":1.7125749168680289}}
{"op_code":7,"worker_id":"e7d4dd1c-833e-4209-a30c-7a437c5b83c4-140384450662400","trial_id":69,"step":3,"intermediate_value":75.30386068411939}
{"op_code":8,"worker_id":"e7d4dd1c-833e-4209-a30c-7a437c5b83c4-140384450662400","trial_id":69,"user_attr":{"train_loss_epoch_3":1.6819102841018014}}
{"op_code":7,"worker_id":"94fcab39-a262-4c50-b7c5-86ebbb5a8a18-139987696013312","trial_id":68,"step":5,"intermediate_value":78.72203512706676}
{"op_code":8,"worker_id":"94fcab39-a262-4c50-b7c5-86ebbb5a8a18-139987696013312","trial_id":68,"user_attr":{"train_loss_epoch_5":1.5022816645420665}}
{"op_code":6,"worker_id":"94fcab39-a262-4c50-b7c5-86ebbb5a8a18-139987696013312","trial_id":68,"state":1,"values":[78.72203512706676],"datetime_complete":"2026-05-26T02:19:41.336731"}
{"op_code":4,"worker_id":"94fcab39-a262-4c50-b7c5-86ebbb5a8a18-139987696013312","study_id":0,"datetime_start":"2026-05-26T02:19:41.338421"}
{"op_code":5,"worker_id":"94fcab39-a262-4c50-b7c5-86ebbb5a8a18-139987696013312","trial_id":72,"param_name":"learning_rate","param_value_internal":0.0009323527104940643,"distribution":"{\"name\": \"FloatDistribution\", \"attributes\": {\"step\": null, \"low\": 0.0009, \"high\": 0.007, \"log\": true}}"}
{"op_code":5,"worker_id":"94fcab39-a262-4c50-b7c5-86ebbb5a8a18-139987696013312","trial_id":72,"param_name":"transfer_lr","param_value_internal":0.18378508606008018,"distribution":"{\"name\": \"FloatDistribution\", \"attributes\": {\"step\": null, \"low\": 9e-06, \"high\": 5.0, \"log\": true}}"}
{"op_code":5,"worker_id":"94fcab39-a262-4c50-b7c5-86ebbb5a8a18-139987696013312","trial_id":72,"param_name":"transfer_every","param_value_internal":9.0,"distribution":"{\"name\": \"IntDistribution\", \"attributes\": {\"log\": true, \"step\": 1, \"low\": 1, \"high\": 70}}"}
{"op_code":5,"worker_id":"94fcab39-a262-4c50-b7c5-86ebbb5a8a18-139987696013312","trial_id":72,"param_name":"rank_exp","param_value_internal":3.0,"distribution":"{\"name\": \"IntDistribution\", \"attributes\": {\"log\": false, \"step\": 1, \"low\": 0, \"high\": 6}}"}
{"op_code":5,"worker_id":"94fcab39-a262-4c50-b7c5-86ebbb5a8a18-139987696013312","trial_id":72,"param_name":"fast_lr","param_value_internal":2.667575891944764e-05,"distribution":"{\"name\": \"FloatDistribution\", \"attributes\": {\"step\": null, \"low\": 2e-05, \"high\": 50.0, \"log\": true}}"}
{"op_code":5,"worker_id":"94fcab39-a262-4c50-b7c5-86ebbb5a8a18-139987696013312","trial_id":72,"param_name":"tau_sec","param_value_internal":0.0,"distribution":"{\"name\": \"FloatDistribution\", \"attributes\": {\"step\": null, \"low\": 0.0, \"high\": 0.0, \"log\": false}}"}
{"op_code":5,"worker_id":"94fcab39-a262-4c50-b7c5-86ebbb5a8a18-139987696013312","trial_id":72,"param_name":"ab_dw_min","param_value_internal":0.0017156895765811538,"distribution":"{\"name\": \"FloatDistribution\", \"attributes\": {\"step\": null, \"low\": 3e-06, \"high\": 0.009, \"log\": true}}"}
{"op_code":5,"worker_id":"94fcab39-a262-4c50-b7c5-86ebbb5a8a18-139987696013312","trial_id":72,"param_name":"ab_desired_bl","param_value_internal":31.0,"distribution":"{\"name\": \"IntDistribution\", \"attributes\": {\"log\": false, \"step\": 1, \"low\": 31, \"high\": 31}}"}
{"op_code":5,"worker_id":"94fcab39-a262-4c50-b7c5-86ebbb5a8a18-139987696013312","trial_id":72,"param_name":"ab_multilevel","param_value_internal":1.0,"distribution":"{\"name\": \"IntDistribution\", \"attributes\": {\"log\": false, \"step\": 1, \"low\": 1, \"high\": 14}}"}
{"op_code":5,"worker_id":"94fcab39-a262-4c50-b7c5-86ebbb5a8a18-139987696013312","trial_id":72,"param_name":"a_reset_std","param_value_internal":1e-30,"distribution":"{\"name\": \"FloatDistribution\", \"attributes\": {\"step\": null, \"low\": 1e-30, \"high\": 1e-30, \"log\": true}}"}
{"op_code":5,"worker_id":"94fcab39-a262-4c50-b7c5-86ebbb5a8a18-139987696013312","trial_id":72,"param_name":"b_reset_std","param_value_internal":1e-30,"distribution":"{\"name\": \"FloatDistribution\", \"attributes\": {\"step\": null, \"low\": 1e-30, \"high\": 1e-30, \"log\": true}}"}
{"op_code":5,"worker_id":"94fcab39-a262-4c50-b7c5-86ebbb5a8a18-139987696013312","trial_id":72,"param_name":"c_dw_min","param_value_internal":0.008310463890985893,"distribution":"{\"name\": \"FloatDistribution\", \"attributes\": {\"step\": null, \"low\": 0.001, \"high\": 0.04, \"log\": true}}"}
{"op_code":5,"worker_id":"94fcab39-a262-4c50-b7c5-86ebbb5a8a18-139987696013312","trial_id":72,"param_name":"c_desired_bl","param_value_internal":31.0,"distribution":"{\"name\": \"IntDistribution\", \"attributes\": {\"log\": false, \"step\": 1, \"low\": 31, \"high\": 31}}"}
{"op_code":5,"worker_id":"94fcab39-a262-4c50-b7c5-86ebbb5a8a18-139987696013312","trial_id":72,"param_name":"out_noise","param_value_internal":0.0,"distribution":"{\"name\": \"FloatDistribution\", \"attributes\": {\"step\": null, \"low\": 0.0, \"high\": 0.0, \"log\": false}}"}
{"op_code":5,"worker_id":"94fcab39-a262-4c50-b7c5-86ebbb5a8a18-139987696013312","trial_id":72,"param_name":"ab_weight_scaling_omega","param_value_internal":0.0,"distribution":"{\"name\": \"FloatDistribution\", \"attributes\": {\"step\": null, \"low\": 0.0, \"high\": 0.0, \"log\": false}}"}
{"op_code":5,"worker_id":"94fcab39-a262-4c50-b7c5-86ebbb5a8a18-139987696013312","trial_id":72,"param_name":"min_lr_rate","param_value_internal":0.0,"distribution":"{\"name\": \"FloatDistribution\", \"attributes\": {\"step\": null, \"low\": 0.0, \"high\": 0.0, \"log\": false}}"}
{"op_code":5,"worker_id":"94fcab39-a262-4c50-b7c5-86ebbb5a8a18-139987696013312","trial_id":72,"param_name":"a_density","param_value_internal":0.009641139573438729,"distribution":"{\"name\": \"FloatDistribution\", \"attributes\": {\"step\": null, \"low\": 0.0009, \"high\": 1.0, \"log\": true}}"}
{"op_code":8,"worker_id":"94fcab39-a262-4c50-b7c5-86ebbb5a8a18-139987696013312","trial_id":72,"user_attr":{"grad_accum_steps":1}}
{"op_code":7,"worker_id":"2308af96-1848-4185-8294-9a0d1213840d-139665703665664","trial_id":71,"step":2,"intermediate_value":75.46368842770187}
{"op_code":8,"worker_id":"2308af96-1848-4185-8294-9a0d1213840d-139665703665664","trial_id":71,"user_attr":{"train_loss_epoch_2":1.6758984461709412}}
{"op_code":7,"worker_id":"8b263896-ff64-4249-a0bf-375cbcb369cf-139672061788160","trial_id":70,"step":3,"intermediate_value":76.60041550206321}
{"op_code":8,"worker_id":"8b263896-ff64-4249-a0bf-375cbcb369cf-139672061788160","trial_id":70,"user_attr":{"train_loss_epoch_3":1.6368336326061548}}
{"op_code":7,"worker_id":"94fcab39-a262-4c50-b7c5-86ebbb5a8a18-139987696013312","trial_id":72,"step":1,"intermediate_value":71.16329162474153}
{"op_code":8,"worker_id":"94fcab39-a262-4c50-b7c5-86ebbb5a8a18-139987696013312","trial_id":72,"user_attr":{"train_loss_epoch_1":2.528389780631233}}
{"op_code":7,"worker_id":"e7d4dd1c-833e-4209-a30c-7a437c5b83c4-140384450662400","trial_id":69,"step":4,"intermediate_value":75.45782380233598}
{"op_code":8,"worker_id":"e7d4dd1c-833e-4209-a30c-7a437c5b83c4-140384450662400","trial_id":69,"user_attr":{"train_loss_epoch_4":1.6441784126971795}}
{"op_code":7,"worker_id":"2308af96-1848-4185-8294-9a0d1213840d-139665703665664","trial_id":71,"step":3,"intermediate_value":76.57897039713596}
{"op_code":8,"worker_id":"2308af96-1848-4185-8294-9a0d1213840d-139665703665664","trial_id":71,"user_attr":{"train_loss_epoch_3":1.5929305971476444}}
{"op_code":7,"worker_id":"8b263896-ff64-4249-a0bf-375cbcb369cf-139672061788160","trial_id":70,"step":4,"intermediate_value":76.87620588491708}
{"op_code":8,"worker_id":"8b263896-ff64-4249-a0bf-375cbcb369cf-139672061788160","trial_id":70,"user_attr":{"train_loss_epoch_4":1.5804610461723514}}
{"op_code":7,"worker_id":"94fcab39-a262-4c50-b7c5-86ebbb5a8a18-139987696013312","trial_id":72,"step":2,"intermediate_value":74.41071078321009}
{"op_code":8,"worker_id":"94fcab39-a262-4c50-b7c5-86ebbb5a8a18-139987696013312","trial_id":72,"user_attr":{"train_loss_epoch_2":1.7556439833912423}}
{"op_code":7,"worker_id":"e7d4dd1c-833e-4209-a30c-7a437c5b83c4-140384450662400","trial_id":69,"step":5,"intermediate_value":75.69023888097831}
{"op_code":8,"worker_id":"e7d4dd1c-833e-4209-a30c-7a437c5b83c4-140384450662400","trial_id":69,"user_attr":{"train_loss_epoch_5":1.6244248943277169}}
{"op_code":6,"worker_id":"e7d4dd1c-833e-4209-a30c-7a437c5b83c4-140384450662400","trial_id":69,"state":1,"values":[75.69023888097831],"datetime_complete":"2026-05-26T02:57:14.505322"}
{"op_code":4,"worker_id":"e7d4dd1c-833e-4209-a30c-7a437c5b83c4-140384450662400","study_id":0,"datetime_start":"2026-05-26T02:57:14.506939"}
{"op_code":5,"worker_id":"e7d4dd1c-833e-4209-a30c-7a437c5b83c4-140384450662400","trial_id":73,"param_name":"learning_rate","param_value_internal":0.003968551353688931,"distribution":"{\"name\": \"FloatDistribution\", \"attributes\": {\"step\": null, \"low\": 0.0009, \"high\": 0.007, \"log\": true}}"}
{"op_code":5,"worker_id":"e7d4dd1c-833e-4209-a30c-7a437c5b83c4-140384450662400","trial_id":73,"param_name":"transfer_lr","param_value_internal":0.0018420442444369342,"distribution":"{\"name\": \"FloatDistribution\", \"attributes\": {\"step\": null, \"low\": 9e-06, \"high\": 5.0, \"log\": true}}"}
{"op_code":5,"worker_id":"e7d4dd1c-833e-4209-a30c-7a437c5b83c4-140384450662400","trial_id":73,"param_name":"transfer_every","param_value_internal":1.0,"distribution":"{\"name\": \"IntDistribution\", \"attributes\": {\"log\": true, \"step\": 1, \"low\": 1, \"high\": 70}}"}
{"op_code":5,"worker_id":"e7d4dd1c-833e-4209-a30c-7a437c5b83c4-140384450662400","trial_id":73,"param_name":"rank_exp","param_value_internal":0.0,"distribution":"{\"name\": \"IntDistribution\", \"attributes\": {\"log\": false, \"step\": 1, \"low\": 0, \"high\": 6}}"}
{"op_code":5,"worker_id":"e7d4dd1c-833e-4209-a30c-7a437c5b83c4-140384450662400","trial_id":73,"param_name":"fast_lr","param_value_internal":0.09541482155675016,"distribution":"{\"name\": \"FloatDistribution\", \"attributes\": {\"step\": null, \"low\": 2e-05, \"high\": 50.0, \"log\": true}}"}
{"op_code":5,"worker_id":"e7d4dd1c-833e-4209-a30c-7a437c5b83c4-140384450662400","trial_id":73,"param_name":"tau_sec","param_value_internal":0.0,"distribution":"{\"name\": \"FloatDistribution\", \"attributes\": {\"step\": null, \"low\": 0.0, \"high\": 0.0, \"log\": false}}"}
{"op_code":5,"worker_id":"e7d4dd1c-833e-4209-a30c-7a437c5b83c4-140384450662400","trial_id":73,"param_name":"ab_dw_min","param_value_internal":0.0005881630719597469,"distribution":"{\"name\": \"FloatDistribution\", \"attributes\": {\"step\": null, \"low\": 3e-06, \"high\": 0.009, \"log\": true}}"}
{"op_code":5,"worker_id":"e7d4dd1c-833e-4209-a30c-7a437c5b83c4-140384450662400","trial_id":73,"param_name":"ab_desired_bl","param_value_internal":31.0,"distribution":"{\"name\": \"IntDistribution\", \"attributes\": {\"log\": false, \"step\": 1, \"low\": 31, \"high\": 31}}"}
{"op_code":5,"worker_id":"e7d4dd1c-833e-4209-a30c-7a437c5b83c4-140384450662400","trial_id":73,"param_name":"ab_multilevel","param_value_internal":2.0,"distribution":"{\"name\": \"IntDistribution\", \"attributes\": {\"log\": false, \"step\": 1, \"low\": 1, \"high\": 14}}"}
{"op_code":5,"worker_id":"e7d4dd1c-833e-4209-a30c-7a437c5b83c4-140384450662400","trial_id":73,"param_name":"a_reset_std","param_value_internal":1e-30,"distribution":"{\"name\": \"FloatDistribution\", \"attributes\": {\"step\": null, \"low\": 1e-30, \"high\": 1e-30, \"log\": true}}"}
{"op_code":5,"worker_id":"e7d4dd1c-833e-4209-a30c-7a437c5b83c4-140384450662400","trial_id":73,"param_name":"b_reset_std","param_value_internal":1e-30,"distribution":"{\"name\": \"FloatDistribution\", \"attributes\": {\"step\": null, \"low\": 1e-30, \"high\": 1e-30, \"log\": true}}"}
{"op_code":5,"worker_id":"e7d4dd1c-833e-4209-a30c-7a437c5b83c4-140384450662400","trial_id":73,"param_name":"c_dw_min","param_value_internal":0.0018791584288980127,"distribution":"{\"name\": \"FloatDistribution\", \"attributes\": {\"step\": null, \"low\": 0.001, \"high\": 0.04, \"log\": true}}"}
{"op_code":5,"worker_id":"e7d4dd1c-833e-4209-a30c-7a437c5b83c4-140384450662400","trial_id":73,"param_name":"c_desired_bl","param_value_internal":31.0,"distribution":"{\"name\": \"IntDistribution\", \"attributes\": {\"log\": false, \"step\": 1, \"low\": 31, \"high\": 31}}"}
{"op_code":5,"worker_id":"e7d4dd1c-833e-4209-a30c-7a437c5b83c4-140384450662400","trial_id":73,"param_name":"out_noise","param_value_internal":0.0,"distribution":"{\"name\": \"FloatDistribution\", \"attributes\": {\"step\": null, \"low\": 0.0, \"high\": 0.0, \"log\": false}}"}
{"op_code":5,"worker_id":"e7d4dd1c-833e-4209-a30c-7a437c5b83c4-140384450662400","trial_id":73,"param_name":"ab_weight_scaling_omega","param_value_internal":0.0,"distribution":"{\"name\": \"FloatDistribution\", \"attributes\": {\"step\": null, \"low\": 0.0, \"high\": 0.0, \"log\": false}}"}
{"op_code":5,"worker_id":"e7d4dd1c-833e-4209-a30c-7a437c5b83c4-140384450662400","trial_id":73,"param_name":"min_lr_rate","param_value_internal":0.0,"distribution":"{\"name\": \"FloatDistribution\", \"attributes\": {\"step\": null, \"low\": 0.0, \"high\": 0.0, \"log\": false}}"}
{"op_code":5,"worker_id":"e7d4dd1c-833e-4209-a30c-7a437c5b83c4-140384450662400","trial_id":73,"param_name":"a_density","param_value_internal":0.26757439679370465,"distribution":"{\"name\": \"FloatDistribution\", \"attributes\": {\"step\": null, \"low\": 0.0009, \"high\": 1.0, \"log\": true}}"}
{"op_code":8,"worker_id":"e7d4dd1c-833e-4209-a30c-7a437c5b83c4-140384450662400","trial_id":73,"user_attr":{"grad_accum_steps":1}}
{"op_code":7,"worker_id":"2308af96-1848-4185-8294-9a0d1213840d-139665703665664","trial_id":71,"step":4,"intermediate_value":77.05923135790985}
{"op_code":8,"worker_id":"2308af96-1848-4185-8294-9a0d1213840d-139665703665664","trial_id":71,"user_attr":{"train_loss_epoch_4":1.5497385618163317}}
{"op_code":7,"worker_id":"8b263896-ff64-4249-a0bf-375cbcb369cf-139672061788160","trial_id":70,"step":5,"intermediate_value":77.8870739119921}
{"op_code":8,"worker_id":"8b263896-ff64-4249-a0bf-375cbcb369cf-139672061788160","trial_id":70,"user_attr":{"train_loss_epoch_5":1.5305445783829625}}
{"op_code":6,"worker_id":"8b263896-ff64-4249-a0bf-375cbcb369cf-139672061788160","trial_id":70,"state":1,"values":[77.8870739119921],"datetime_complete":"2026-05-26T03:05:19.352989"}
{"op_code":4,"worker_id":"8b263896-ff64-4249-a0bf-375cbcb369cf-139672061788160","study_id":0,"datetime_start":"2026-05-26T03:05:19.354665"}
{"op_code":5,"worker_id":"8b263896-ff64-4249-a0bf-375cbcb369cf-139672061788160","trial_id":74,"param_name":"learning_rate","param_value_internal":0.0009584872204955609,"distribution":"{\"name\": \"FloatDistribution\", \"attributes\": {\"step\": null, \"low\": 0.0009, \"high\": 0.007, \"log\": true}}"}
{"op_code":5,"worker_id":"8b263896-ff64-4249-a0bf-375cbcb369cf-139672061788160","trial_id":74,"param_name":"transfer_lr","param_value_internal":1.261384459356936e-05,"distribution":"{\"name\": \"FloatDistribution\", \"attributes\": {\"step\": null, \"low\": 9e-06, \"high\": 5.0, \"log\": true}}"}
{"op_code":5,"worker_id":"8b263896-ff64-4249-a0bf-375cbcb369cf-139672061788160","trial_id":74,"param_name":"transfer_every","param_value_internal":13.0,"distribution":"{\"name\": \"IntDistribution\", \"attributes\": {\"log\": true, \"step\": 1, \"low\": 1, \"high\": 70}}"}
{"op_code":5,"worker_id":"8b263896-ff64-4249-a0bf-375cbcb369cf-139672061788160","trial_id":74,"param_name":"rank_exp","param_value_internal":2.0,"distribution":"{\"name\": \"IntDistribution\", \"attributes\": {\"log\": false, \"step\": 1, \"low\": 0, \"high\": 6}}"}
{"op_code":5,"worker_id":"8b263896-ff64-4249-a0bf-375cbcb369cf-139672061788160","trial_id":74,"param_name":"fast_lr","param_value_internal":0.1273107064658571,"distribution":"{\"name\": \"FloatDistribution\", \"attributes\": {\"step\": null, \"low\": 2e-05, \"high\": 50.0, \"log\": true}}"}
{"op_code":5,"worker_id":"8b263896-ff64-4249-a0bf-375cbcb369cf-139672061788160","trial_id":74,"param_name":"tau_sec","param_value_internal":0.0,"distribution":"{\"name\": \"FloatDistribution\", \"attributes\": {\"step\": null, \"low\": 0.0, \"high\": 0.0, \"log\": false}}"}
{"op_code":5,"worker_id":"8b263896-ff64-4249-a0bf-375cbcb369cf-139672061788160","trial_id":74,"param_name":"ab_dw_min","param_value_internal":3.091796594371746e-05,"distribution":"{\"name\": \"FloatDistribution\", \"attributes\": {\"step\": null, \"low\": 3e-06, \"high\": 0.009, \"log\": true}}"}
{"op_code":5,"worker_id":"8b263896-ff64-4249-a0bf-375cbcb369cf-139672061788160","trial_id":74,"param_name":"ab_desired_bl","param_value_internal":31.0,"distribution":"{\"name\": \"IntDistribution\", \"attributes\": {\"log\": false, \"step\": 1, \"low\": 31, \"high\": 31}}"}
{"op_code":5,"worker_id":"8b263896-ff64-4249-a0bf-375cbcb369cf-139672061788160","trial_id":74,"param_name":"ab_multilevel","param_value_internal":1.0,"distribution":"{\"name\": \"IntDistribution\", \"attributes\": {\"log\": false, \"step\": 1, \"low\": 1, \"high\": 14}}"}
{"op_code":5,"worker_id":"8b263896-ff64-4249-a0bf-375cbcb369cf-139672061788160","trial_id":74,"param_name":"a_reset_std","param_value_internal":1e-30,"distribution":"{\"name\": \"FloatDistribution\", \"attributes\": {\"step\": null, \"low\": 1e-30, \"high\": 1e-30, \"log\": true}}"}
{"op_code":5,"worker_id":"8b263896-ff64-4249-a0bf-375cbcb369cf-139672061788160","trial_id":74,"param_name":"b_reset_std","param_value_internal":1e-30,"distribution":"{\"name\": \"FloatDistribution\", \"attributes\": {\"step\": null, \"low\": 1e-30, \"high\": 1e-30, \"log\": true}}"}
{"op_code":5,"worker_id":"8b263896-ff64-4249-a0bf-375cbcb369cf-139672061788160","trial_id":74,"param_name":"c_dw_min","param_value_internal":0.006171461625523504,"distribution":"{\"name\": \"FloatDistribution\", \"attributes\": {\"step\": null, \"low\": 0.001, \"high\": 0.04, \"log\": true}}"}
{"op_code":5,"worker_id":"8b263896-ff64-4249-a0bf-375cbcb369cf-139672061788160","trial_id":74,"param_name":"c_desired_bl","param_value_internal":31.0,"distribution":"{\"name\": \"IntDistribution\", \"attributes\": {\"log\": false, \"step\": 1, \"low\": 31, \"high\": 31}}"}
{"op_code":5,"worker_id":"8b263896-ff64-4249-a0bf-375cbcb369cf-139672061788160","trial_id":74,"param_name":"out_noise","param_value_internal":0.0,"distribution":"{\"name\": \"FloatDistribution\", \"attributes\": {\"step\": null, \"low\": 0.0, \"high\": 0.0, \"log\": false}}"}
{"op_code":5,"worker_id":"8b263896-ff64-4249-a0bf-375cbcb369cf-139672061788160","trial_id":74,"param_name":"ab_weight_scaling_omega","param_value_internal":0.0,"distribution":"{\"name\": \"FloatDistribution\", \"attributes\": {\"step\": null, \"low\": 0.0, \"high\": 0.0, \"log\": false}}"}
{"op_code":5,"worker_id":"8b263896-ff64-4249-a0bf-375cbcb369cf-139672061788160","trial_id":74,"param_name":"min_lr_rate","param_value_internal":0.0,"distribution":"{\"name\": \"FloatDistribution\", \"attributes\": {\"step\": null, \"low\": 0.0, \"high\": 0.0, \"log\": false}}"}
{"op_code":5,"worker_id":"8b263896-ff64-4249-a0bf-375cbcb369cf-139672061788160","trial_id":74,"param_name":"a_density","param_value_internal":0.07537050231969655,"distribution":"{\"name\": \"FloatDistribution\", \"attributes\": {\"step\": null, \"low\": 0.0009, \"high\": 1.0, \"log\": true}}"}
{"op_code":8,"worker_id":"8b263896-ff64-4249-a0bf-375cbcb369cf-139672061788160","trial_id":74,"user_attr":{"grad_accum_steps":1}}
{"op_code":7,"worker_id":"94fcab39-a262-4c50-b7c5-86ebbb5a8a18-139987696013312","trial_id":72,"step":3,"intermediate_value":75.2670018479319}
{"op_code":8,"worker_id":"94fcab39-a262-4c50-b7c5-86ebbb5a8a18-139987696013312","trial_id":72,"user_attr":{"train_loss_epoch_3":1.6729095321360643}}
{"op_code":7,"worker_id":"e7d4dd1c-833e-4209-a30c-7a437c5b83c4-140384450662400","trial_id":73,"step":1,"intermediate_value":74.41605525512928}
{"op_code":8,"worker_id":"e7d4dd1c-833e-4209-a30c-7a437c5b83c4-140384450662400","trial_id":73,"user_attr":{"train_loss_epoch_1":2.1750765861857553}}
{"op_code":7,"worker_id":"2308af96-1848-4185-8294-9a0d1213840d-139665703665664","trial_id":71,"step":5,"intermediate_value":77.56101749596134}
{"op_code":8,"worker_id":"2308af96-1848-4185-8294-9a0d1213840d-139665703665664","trial_id":71,"user_attr":{"train_loss_epoch_5":1.5187998214065221}}
{"op_code":6,"worker_id":"2308af96-1848-4185-8294-9a0d1213840d-139665703665664","trial_id":71,"state":1,"values":[77.56101749596134],"datetime_complete":"2026-05-26T03:16:40.490506"}
{"op_code":4,"worker_id":"2308af96-1848-4185-8294-9a0d1213840d-139665703665664","study_id":0,"datetime_start":"2026-05-26T03:16:40.492526"}
{"op_code":5,"worker_id":"2308af96-1848-4185-8294-9a0d1213840d-139665703665664","trial_id":75,"param_name":"learning_rate","param_value_internal":0.0026641854683040166,"distribution":"{\"name\": \"FloatDistribution\", \"attributes\": {\"step\": null, \"low\": 0.0009, \"high\": 0.007, \"log\": true}}"}
{"op_code":5,"worker_id":"2308af96-1848-4185-8294-9a0d1213840d-139665703665664","trial_id":75,"param_name":"transfer_lr","param_value_internal":0.003939537917527782,"distribution":"{\"name\": \"FloatDistribution\", \"attributes\": {\"step\": null, \"low\": 9e-06, \"high\": 5.0, \"log\": true}}"}
{"op_code":5,"worker_id":"2308af96-1848-4185-8294-9a0d1213840d-139665703665664","trial_id":75,"param_name":"transfer_every","param_value_internal":7.0,"distribution":"{\"name\": \"IntDistribution\", \"attributes\": {\"log\": true, \"step\": 1, \"low\": 1, \"high\": 70}}"}
{"op_code":5,"worker_id":"2308af96-1848-4185-8294-9a0d1213840d-139665703665664","trial_id":75,"param_name":"rank_exp","param_value_internal":0.0,"distribution":"{\"name\": \"IntDistribution\", \"attributes\": {\"log\": false, \"step\": 1, \"low\": 0, \"high\": 6}}"}
{"op_code":5,"worker_id":"2308af96-1848-4185-8294-9a0d1213840d-139665703665664","trial_id":75,"param_name":"fast_lr","param_value_internal":2.0402545149405937,"distribution":"{\"name\": \"FloatDistribution\", \"attributes\": {\"step\": null, \"low\": 2e-05, \"high\": 50.0, \"log\": true}}"}
{"op_code":5,"worker_id":"2308af96-1848-4185-8294-9a0d1213840d-139665703665664","trial_id":75,"param_name":"tau_sec","param_value_internal":0.0,"distribution":"{\"name\": \"FloatDistribution\", \"attributes\": {\"step\": null, \"low\": 0.0, \"high\": 0.0, \"log\": false}}"}
{"op_code":5,"worker_id":"2308af96-1848-4185-8294-9a0d1213840d-139665703665664","trial_id":75,"param_name":"ab_dw_min","param_value_internal":0.002988057522806987,"distribution":"{\"name\": \"FloatDistribution\", \"attributes\": {\"step\": null, \"low\": 3e-06, \"high\": 0.009, \"log\": true}}"}
{"op_code":5,"worker_id":"2308af96-1848-4185-8294-9a0d1213840d-139665703665664","trial_id":75,"param_name":"ab_desired_bl","param_value_internal":31.0,"distribution":"{\"name\": \"IntDistribution\", \"attributes\": {\"log\": false, \"step\": 1, \"low\": 31, \"high\": 31}}"}
{"op_code":5,"worker_id":"2308af96-1848-4185-8294-9a0d1213840d-139665703665664","trial_id":75,"param_name":"ab_multilevel","param_value_internal":5.0,"distribution":"{\"name\": \"IntDistribution\", \"attributes\": {\"log\": false, \"step\": 1, \"low\": 1, \"high\": 14}}"}
{"op_code":5,"worker_id":"2308af96-1848-4185-8294-9a0d1213840d-139665703665664","trial_id":75,"param_name":"a_reset_std","param_value_internal":1e-30,"distribution":"{\"name\": \"FloatDistribution\", \"attributes\": {\"step\": null, \"low\": 1e-30, \"high\": 1e-30, \"log\": true}}"}
{"op_code":5,"worker_id":"2308af96-1848-4185-8294-9a0d1213840d-139665703665664","trial_id":75,"param_name":"b_reset_std","param_value_internal":1e-30,"distribution":"{\"name\": \"FloatDistribution\", \"attributes\": {\"step\": null, \"low\": 1e-30, \"high\": 1e-30, \"log\": true}}"}
{"op_code":5,"worker_id":"2308af96-1848-4185-8294-9a0d1213840d-139665703665664","trial_id":75,"param_name":"c_dw_min","param_value_internal":0.001027885359691577,"distribution":"{\"name\": \"FloatDistribution\", \"attributes\": {\"step\": null, \"low\": 0.001, \"high\": 0.04, \"log\": true}}"}
{"op_code":5,"worker_id":"2308af96-1848-4185-8294-9a0d1213840d-139665703665664","trial_id":75,"param_name":"c_desired_bl","param_value_internal":31.0,"distribution":"{\"name\": \"IntDistribution\", \"attributes\": {\"log\": false, \"step\": 1, \"low\": 31, \"high\": 31}}"}
{"op_code":5,"worker_id":"2308af96-1848-4185-8294-9a0d1213840d-139665703665664","trial_id":75,"param_name":"out_noise","param_value_internal":0.0,"distribution":"{\"name\": \"FloatDistribution\", \"attributes\": {\"step\": null, \"low\": 0.0, \"high\": 0.0, \"log\": false}}"}
{"op_code":5,"worker_id":"2308af96-1848-4185-8294-9a0d1213840d-139665703665664","trial_id":75,"param_name":"ab_weight_scaling_omega","param_value_internal":0.0,"distribution":"{\"name\": \"FloatDistribution\", \"attributes\": {\"step\": null, \"low\": 0.0, \"high\": 0.0, \"log\": false}}"}
{"op_code":5,"worker_id":"2308af96-1848-4185-8294-9a0d1213840d-139665703665664","trial_id":75,"param_name":"min_lr_rate","param_value_internal":0.0,"distribution":"{\"name\": \"FloatDistribution\", \"attributes\": {\"step\": null, \"low\": 0.0, \"high\": 0.0, \"log\": false}}"}
{"op_code":5,"worker_id":"2308af96-1848-4185-8294-9a0d1213840d-139665703665664","trial_id":75,"param_name":"a_density","param_value_internal":0.9501836722111516,"distribution":"{\"name\": \"FloatDistribution\", \"attributes\": {\"step\": null, \"low\": 0.0009, \"high\": 1.0, \"log\": true}}"}
{"op_code":8,"worker_id":"2308af96-1848-4185-8294-9a0d1213840d-139665703665664","trial_id":75,"user_attr":{"grad_accum_steps":1}}
{"op_code":7,"worker_id":"8b263896-ff64-4249-a0bf-375cbcb369cf-139672061788160","trial_id":74,"step":1,"intermediate_value":70.7373867968856}
{"op_code":8,"worker_id":"8b263896-ff64-4249-a0bf-375cbcb369cf-139672061788160","trial_id":74,"user_attr":{"train_loss_epoch_1":2.526557104955844}}
{"op_code":7,"worker_id":"94fcab39-a262-4c50-b7c5-86ebbb5a8a18-139987696013312","trial_id":72,"step":4,"intermediate_value":76.13241022376542}
{"op_code":8,"worker_id":"94fcab39-a262-4c50-b7c5-86ebbb5a8a18-139987696013312","trial_id":72,"user_attr":{"train_loss_epoch_4":1.6291145875201962}}
{"op_code":7,"worker_id":"e7d4dd1c-833e-4209-a30c-7a437c5b83c4-140384450662400","trial_id":73,"step":2,"intermediate_value":76.57652640684599}
{"op_code":8,"worker_id":"e7d4dd1c-833e-4209-a30c-7a437c5b83c4-140384450662400","trial_id":73,"user_attr":{"train_loss_epoch_2":1.673525261685131}}
{"op_code":7,"worker_id":"2308af96-1848-4185-8294-9a0d1213840d-139665703665664","trial_id":75,"step":1,"intermediate_value":74.14163881381877}
{"op_code":8,"worker_id":"2308af96-1848-4185-8294-9a0d1213840d-139665703665664","trial_id":75,"user_attr":{"train_loss_epoch_1":2.226770669141113}}
{"op_code":7,"worker_id":"8b263896-ff64-4249-a0bf-375cbcb369cf-139672061788160","trial_id":74,"step":2,"intermediate_value":74.54761633011812}
{"op_code":8,"worker_id":"8b263896-ff64-4249-a0bf-375cbcb369cf-139672061788160","trial_id":74,"user_attr":{"train_loss_epoch_2":1.757104492898233}}
{"op_code":7,"worker_id":"94fcab39-a262-4c50-b7c5-86ebbb5a8a18-139987696013312","trial_id":72,"step":5,"intermediate_value":76.13241022376542}
{"op_code":8,"worker_id":"94fcab39-a262-4c50-b7c5-86ebbb5a8a18-139987696013312","trial_id":72,"user_attr":{"train_loss_epoch_5":1.604929332939913}}
{"op_code":6,"worker_id":"94fcab39-a262-4c50-b7c5-86ebbb5a8a18-139987696013312","trial_id":72,"state":1,"values":[76.13241022376542],"datetime_complete":"2026-05-26T03:41:27.922239"}
{"op_code":4,"worker_id":"94fcab39-a262-4c50-b7c5-86ebbb5a8a18-139987696013312","study_id":0,"datetime_start":"2026-05-26T03:41:27.924177"}
{"op_code":5,"worker_id":"94fcab39-a262-4c50-b7c5-86ebbb5a8a18-139987696013312","trial_id":76,"param_name":"learning_rate","param_value_internal":0.0012859298500873413,"distribution":"{\"name\": \"FloatDistribution\", \"attributes\": {\"step\": null, \"low\": 0.0009, \"high\": 0.007, \"log\": true}}"}
{"op_code":5,"worker_id":"94fcab39-a262-4c50-b7c5-86ebbb5a8a18-139987696013312","trial_id":76,"param_name":"transfer_lr","param_value_internal":0.006500351560380389,"distribution":"{\"name\": \"FloatDistribution\", \"attributes\": {\"step\": null, \"low\": 9e-06, \"high\": 5.0, \"log\": true}}"}
{"op_code":5,"worker_id":"94fcab39-a262-4c50-b7c5-86ebbb5a8a18-139987696013312","trial_id":76,"param_name":"transfer_every","param_value_internal":33.0,"distribution":"{\"name\": \"IntDistribution\", \"attributes\": {\"log\": true, \"step\": 1, \"low\": 1, \"high\": 70}}"}
{"op_code":5,"worker_id":"94fcab39-a262-4c50-b7c5-86ebbb5a8a18-139987696013312","trial_id":76,"param_name":"rank_exp","param_value_internal":0.0,"distribution":"{\"name\": \"IntDistribution\", \"attributes\": {\"log\": false, \"step\": 1, \"low\": 0, \"high\": 6}}"}
{"op_code":5,"worker_id":"94fcab39-a262-4c50-b7c5-86ebbb5a8a18-139987696013312","trial_id":76,"param_name":"fast_lr","param_value_internal":0.8410892132117347,"distribution":"{\"name\": \"FloatDistribution\", \"attributes\": {\"step\": null, \"low\": 2e-05, \"high\": 50.0, \"log\": true}}"}
{"op_code":5,"worker_id":"94fcab39-a262-4c50-b7c5-86ebbb5a8a18-139987696013312","trial_id":76,"param_name":"tau_sec","param_value_internal":0.0,"distribution":"{\"name\": \"FloatDistribution\", \"attributes\": {\"step\": null, \"low\": 0.0, \"high\": 0.0, \"log\": false}}"}
{"op_code":5,"worker_id":"94fcab39-a262-4c50-b7c5-86ebbb5a8a18-139987696013312","trial_id":76,"param_name":"ab_dw_min","param_value_internal":9.165745338816141e-05,"distribution":"{\"name\": \"FloatDistribution\", \"attributes\": {\"step\": null, \"low\": 3e-06, \"high\": 0.009, \"log\": true}}"}
{"op_code":5,"worker_id":"94fcab39-a262-4c50-b7c5-86ebbb5a8a18-139987696013312","trial_id":76,"param_name":"ab_desired_bl","param_value_internal":31.0,"distribution":"{\"name\": \"IntDistribution\", \"attributes\": {\"log\": false, \"step\": 1, \"low\": 31, \"high\": 31}}"}
{"op_code":5,"worker_id":"94fcab39-a262-4c50-b7c5-86ebbb5a8a18-139987696013312","trial_id":76,"param_name":"ab_multilevel","param_value_internal":5.0,"distribution":"{\"name\": \"IntDistribution\", \"attributes\": {\"log\": false, \"step\": 1, \"low\": 1, \"high\": 14}}"}
{"op_code":5,"worker_id":"94fcab39-a262-4c50-b7c5-86ebbb5a8a18-139987696013312","trial_id":76,"param_name":"a_reset_std","param_value_internal":1e-30,"distribution":"{\"name\": \"FloatDistribution\", \"attributes\": {\"step\": null, \"low\": 1e-30, \"high\": 1e-30, \"log\": true}}"}
{"op_code":5,"worker_id":"94fcab39-a262-4c50-b7c5-86ebbb5a8a18-139987696013312","trial_id":76,"param_name":"b_reset_std","param_value_internal":1e-30,"distribution":"{\"name\": \"FloatDistribution\", \"attributes\": {\"step\": null, \"low\": 1e-30, \"high\": 1e-30, \"log\": true}}"}
{"op_code":5,"worker_id":"94fcab39-a262-4c50-b7c5-86ebbb5a8a18-139987696013312","trial_id":76,"param_name":"c_dw_min","param_value_internal":0.001027885359691577,"distribution":"{\"name\": \"FloatDistribution\", \"attributes\": {\"step\": null, \"low\": 0.001, \"high\": 0.04, \"log\": true}}"}
{"op_code":5,"worker_id":"94fcab39-a262-4c50-b7c5-86ebbb5a8a18-139987696013312","trial_id":76,"param_name":"c_desired_bl","param_value_internal":31.0,"distribution":"{\"name\": \"IntDistribution\", \"attributes\": {\"log\": false, \"step\": 1, \"low\": 31, \"high\": 31}}"}
{"op_code":5,"worker_id":"94fcab39-a262-4c50-b7c5-86ebbb5a8a18-139987696013312","trial_id":76,"param_name":"out_noise","param_value_internal":0.0,"distribution":"{\"name\": \"FloatDistribution\", \"attributes\": {\"step\": null, \"low\": 0.0, \"high\": 0.0, \"log\": false}}"}
{"op_code":5,"worker_id":"94fcab39-a262-4c50-b7c5-86ebbb5a8a18-139987696013312","trial_id":76,"param_name":"ab_weight_scaling_omega","param_value_internal":0.0,"distribution":"{\"name\": \"FloatDistribution\", \"attributes\": {\"step\": null, \"low\": 0.0, \"high\": 0.0, \"log\": false}}"}
{"op_code":5,"worker_id":"94fcab39-a262-4c50-b7c5-86ebbb5a8a18-139987696013312","trial_id":76,"param_name":"min_lr_rate","param_value_internal":0.0,"distribution":"{\"name\": \"FloatDistribution\", \"attributes\": {\"step\": null, \"low\": 0.0, \"high\": 0.0, \"log\": false}}"}
{"op_code":5,"worker_id":"94fcab39-a262-4c50-b7c5-86ebbb5a8a18-139987696013312","trial_id":76,"param_name":"a_density","param_value_internal":0.01073131516573768,"distribution":"{\"name\": \"FloatDistribution\", \"attributes\": {\"step\": null, \"low\": 0.0009, \"high\": 1.0, \"log\": true}}"}
{"op_code":8,"worker_id":"94fcab39-a262-4c50-b7c5-86ebbb5a8a18-139987696013312","trial_id":76,"user_attr":{"grad_accum_steps":1}}
{"op_code":7,"worker_id":"e7d4dd1c-833e-4209-a30c-7a437c5b83c4-140384450662400","trial_id":73,"step":3,"intermediate_value":77.31741227267663}
{"op_code":8,"worker_id":"e7d4dd1c-833e-4209-a30c-7a437c5b83c4-140384450662400","trial_id":73,"user_attr":{"train_loss_epoch_3":1.5982541804391195}}
{"op_code":7,"worker_id":"2308af96-1848-4185-8294-9a0d1213840d-139665703665664","trial_id":75,"step":2,"intermediate_value":76.40914759140293}
{"op_code":8,"worker_id":"2308af96-1848-4185-8294-9a0d1213840d-139665703665664","trial_id":75,"user_attr":{"train_loss_epoch_2":1.6589169074526324}}
{"op_code":7,"worker_id":"8b263896-ff64-4249-a0bf-375cbcb369cf-139672061788160","trial_id":74,"step":3,"intermediate_value":75.42791958795755}
{"op_code":8,"worker_id":"8b263896-ff64-4249-a0bf-375cbcb369cf-139672061788160","trial_id":74,"user_attr":{"train_loss_epoch_3":1.6702198357439946}}
{"op_code":7,"worker_id":"94fcab39-a262-4c50-b7c5-86ebbb5a8a18-139987696013312","trial_id":76,"step":1,"intermediate_value":72.85016297564036}
{"op_code":8,"worker_id":"94fcab39-a262-4c50-b7c5-86ebbb5a8a18-139987696013312","trial_id":76,"user_attr":{"train_loss_epoch_1":2.409490158435129}}
{"op_code":7,"worker_id":"e7d4dd1c-833e-4209-a30c-7a437c5b83c4-140384450662400","trial_id":73,"step":4,"intermediate_value":77.81569175690969}
{"op_code":8,"worker_id":"e7d4dd1c-833e-4209-a30c-7a437c5b83c4-140384450662400","trial_id":73,"user_attr":{"train_loss_epoch_4":1.5457911167687517}}
{"op_code":7,"worker_id":"2308af96-1848-4185-8294-9a0d1213840d-139665703665664","trial_id":75,"step":3,"intermediate_value":77.15151844075154}
{"op_code":8,"worker_id":"2308af96-1848-4185-8294-9a0d1213840d-139665703665664","trial_id":75,"user_attr":{"train_loss_epoch_3":1.5778071962074858}}
{"op_code":7,"worker_id":"8b263896-ff64-4249-a0bf-375cbcb369cf-139672061788160","trial_id":74,"step":4,"intermediate_value":76.0285555187932}
{"op_code":8,"worker_id":"8b263896-ff64-4249-a0bf-375cbcb369cf-139672061788160","trial_id":74,"user_attr":{"train_loss_epoch_4":1.6264223984586514}}
{"op_code":7,"worker_id":"94fcab39-a262-4c50-b7c5-86ebbb5a8a18-139987696013312","trial_id":76,"step":2,"intermediate_value":74.88370905446988}
{"op_code":8,"worker_id":"94fcab39-a262-4c50-b7c5-86ebbb5a8a18-139987696013312","trial_id":76,"user_attr":{"train_loss_epoch_2":1.7086295710023502}}
{"op_code":7,"worker_id":"e7d4dd1c-833e-4209-a30c-7a437c5b83c4-140384450662400","trial_id":73,"step":5,"intermediate_value":78.39854814045341}
{"op_code":8,"worker_id":"e7d4dd1c-833e-4209-a30c-7a437c5b83c4-140384450662400","trial_id":73,"user_attr":{"train_loss_epoch_5":1.5080274253356747}}
{"op_code":6,"worker_id":"e7d4dd1c-833e-4209-a30c-7a437c5b83c4-140384450662400","trial_id":73,"state":1,"values":[78.39854814045341],"datetime_complete":"2026-05-26T04:21:04.458697"}
{"op_code":4,"worker_id":"e7d4dd1c-833e-4209-a30c-7a437c5b83c4-140384450662400","study_id":0,"datetime_start":"2026-05-26T04:21:04.460445"}
{"op_code":5,"worker_id":"e7d4dd1c-833e-4209-a30c-7a437c5b83c4-140384450662400","trial_id":77,"param_name":"learning_rate","param_value_internal":0.0029406515845887974,"distribution":"{\"name\": \"FloatDistribution\", \"attributes\": {\"step\": null, \"low\": 0.0009, \"high\": 0.007, \"log\": true}}"}
{"op_code":5,"worker_id":"e7d4dd1c-833e-4209-a30c-7a437c5b83c4-140384450662400","trial_id":77,"param_name":"transfer_lr","param_value_internal":8.60809987504352e-05,"distribution":"{\"name\": \"FloatDistribution\", \"attributes\": {\"step\": null, \"low\": 9e-06, \"high\": 5.0, \"log\": true}}"}
{"op_code":5,"worker_id":"e7d4dd1c-833e-4209-a30c-7a437c5b83c4-140384450662400","trial_id":77,"param_name":"transfer_every","param_value_internal":1.0,"distribution":"{\"name\": \"IntDistribution\", \"attributes\": {\"log\": true, \"step\": 1, \"low\": 1, \"high\": 70}}"}
{"op_code":5,"worker_id":"e7d4dd1c-833e-4209-a30c-7a437c5b83c4-140384450662400","trial_id":77,"param_name":"rank_exp","param_value_internal":6.0,"distribution":"{\"name\": \"IntDistribution\", \"attributes\": {\"log\": false, \"step\": 1, \"low\": 0, \"high\": 6}}"}
{"op_code":5,"worker_id":"e7d4dd1c-833e-4209-a30c-7a437c5b83c4-140384450662400","trial_id":77,"param_name":"fast_lr","param_value_internal":0.0001435866340605729,"distribution":"{\"name\": \"FloatDistribution\", \"attributes\": {\"step\": null, \"low\": 2e-05, \"high\": 50.0, \"log\": true}}"}
{"op_code":5,"worker_id":"e7d4dd1c-833e-4209-a30c-7a437c5b83c4-140384450662400","trial_id":77,"param_name":"tau_sec","param_value_internal":0.0,"distribution":"{\"name\": \"FloatDistribution\", \"attributes\": {\"step\": null, \"low\": 0.0, \"high\": 0.0, \"log\": false}}"}
{"op_code":5,"worker_id":"e7d4dd1c-833e-4209-a30c-7a437c5b83c4-140384450662400","trial_id":77,"param_name":"ab_dw_min","param_value_internal":0.0009683958247491853,"distribution":"{\"name\": \"FloatDistribution\", \"attributes\": {\"step\": null, \"low\": 3e-06, \"high\": 0.009, \"log\": true}}"}
{"op_code":5,"worker_id":"e7d4dd1c-833e-4209-a30c-7a437c5b83c4-140384450662400","trial_id":77,"param_name":"ab_desired_bl","param_value_internal":31.0,"distribution":"{\"name\": \"IntDistribution\", \"attributes\": {\"log\": false, \"step\": 1, \"low\": 31, \"high\": 31}}"}
{"op_code":5,"worker_id":"e7d4dd1c-833e-4209-a30c-7a437c5b83c4-140384450662400","trial_id":77,"param_name":"ab_multilevel","param_value_internal":5.0,"distribution":"{\"name\": \"IntDistribution\", \"attributes\": {\"log\": false, \"step\": 1, \"low\": 1, \"high\": 14}}"}
{"op_code":5,"worker_id":"e7d4dd1c-833e-4209-a30c-7a437c5b83c4-140384450662400","trial_id":77,"param_name":"a_reset_std","param_value_internal":1e-30,"distribution":"{\"name\": \"FloatDistribution\", \"attributes\": {\"step\": null, \"low\": 1e-30, \"high\": 1e-30, \"log\": true}}"}
{"op_code":5,"worker_id":"e7d4dd1c-833e-4209-a30c-7a437c5b83c4-140384450662400","trial_id":77,"param_name":"b_reset_std","param_value_internal":1e-30,"distribution":"{\"name\": \"FloatDistribution\", \"attributes\": {\"step\": null, \"low\": 1e-30, \"high\": 1e-30, \"log\": true}}"}
{"op_code":5,"worker_id":"e7d4dd1c-833e-4209-a30c-7a437c5b83c4-140384450662400","trial_id":77,"param_name":"c_dw_min","param_value_internal":0.04,"distribution":"{\"name\": \"FloatDistribution\", \"attributes\": {\"step\": null, \"low\": 0.001, \"high\": 0.04, \"log\": true}}"}
{"op_code":5,"worker_id":"e7d4dd1c-833e-4209-a30c-7a437c5b83c4-140384450662400","trial_id":77,"param_name":"c_desired_bl","param_value_internal":31.0,"distribution":"{\"name\": \"IntDistribution\", \"attributes\": {\"log\": false, \"step\": 1, \"low\": 31, \"high\": 31}}"}
{"op_code":5,"worker_id":"e7d4dd1c-833e-4209-a30c-7a437c5b83c4-140384450662400","trial_id":77,"param_name":"out_noise","param_value_internal":0.0,"distribution":"{\"name\": \"FloatDistribution\", \"attributes\": {\"step\": null, \"low\": 0.0, \"high\": 0.0, \"log\": false}}"}
{"op_code":5,"worker_id":"e7d4dd1c-833e-4209-a30c-7a437c5b83c4-140384450662400","trial_id":77,"param_name":"ab_weight_scaling_omega","param_value_internal":0.0,"distribution":"{\"name\": \"FloatDistribution\", \"attributes\": {\"step\": null, \"low\": 0.0, \"high\": 0.0, \"log\": false}}"}
{"op_code":5,"worker_id":"e7d4dd1c-833e-4209-a30c-7a437c5b83c4-140384450662400","trial_id":77,"param_name":"min_lr_rate","param_value_internal":0.0,"distribution":"{\"name\": \"FloatDistribution\", \"attributes\": {\"step\": null, \"low\": 0.0, \"high\": 0.0, \"log\": false}}"}
{"op_code":5,"worker_id":"e7d4dd1c-833e-4209-a30c-7a437c5b83c4-140384450662400","trial_id":77,"param_name":"a_density","param_value_internal":0.010401836814700124,"distribution":"{\"name\": \"FloatDistribution\", \"attributes\": {\"step\": null, \"low\": 0.0009, \"high\": 1.0, \"log\": true}}"}
{"op_code":8,"worker_id":"e7d4dd1c-833e-4209-a30c-7a437c5b83c4-140384450662400","trial_id":77,"user_attr":{"grad_accum_steps":1}}
{"op_code":7,"worker_id":"2308af96-1848-4185-8294-9a0d1213840d-139665703665664","trial_id":75,"step":4,"intermediate_value":77.70364614396742}
{"op_code":8,"worker_id":"2308af96-1848-4185-8294-9a0d1213840d-139665703665664","trial_id":75,"user_attr":{"train_loss_epoch_4":1.5352447423831557}}
{"op_code":6,"worker_id":"94fcab39-a262-4c50-b7c5-86ebbb5a8a18-139987696013312","trial_id":76,"state":3,"values":null,"datetime_complete":"2026-05-26T04:21:37.137149"}
{"op_code":6,"worker_id":"e7d4dd1c-833e-4209-a30c-7a437c5b83c4-140384450662400","trial_id":77,"state":3,"values":null,"datetime_complete":"2026-05-26T04:21:39.423161"}
{"op_code":6,"worker_id":"2308af96-1848-4185-8294-9a0d1213840d-139665703665664","trial_id":75,"state":3,"values":null,"datetime_complete":"2026-05-26T04:21:41.717532"}
{"op_code":6,"worker_id":"8b263896-ff64-4249-a0bf-375cbcb369cf-139672061788160","trial_id":74,"state":3,"values":null,"datetime_complete":"2026-05-26T04:21:43.746419"}
{"op_code":0,"worker_id":"14c4b143-0cb1-470a-945e-ef9bcb004503-139944608661504","study_name":"bert_squad_lrtt_bs48_adam_binary_a_zero_nowd_nomom_nonest_onehot_constantstepideal_cconstantstepideal_perfect_noos_no-stlr_abml_split-reset_std_qkvo_5ep","directions":[2]}
{"op_code":4,"worker_id":"14c4b143-0cb1-470a-945e-ef9bcb004503-139944608661504","study_id":0,"datetime_start":"2026-05-26T04:21:56.039273"}
{"op_code":5,"worker_id":"14c4b143-0cb1-470a-945e-ef9bcb004503-139944608661504","trial_id":78,"param_name":"learning_rate","param_value_internal":0.0017581508439308531,"distribution":"{\"name\": \"FloatDistribution\", \"attributes\": {\"step\": null, \"low\": 0.0009, \"high\": 0.007, \"log\": true}}"}
{"op_code":5,"worker_id":"14c4b143-0cb1-470a-945e-ef9bcb004503-139944608661504","trial_id":78,"param_name":"transfer_lr","param_value_internal":0.10108753634684298,"distribution":"{\"name\": \"FloatDistribution\", \"attributes\": {\"step\": null, \"low\": 1e-05, \"high\": 5.0, \"log\": true}}"}
{"op_code":5,"worker_id":"14c4b143-0cb1-470a-945e-ef9bcb004503-139944608661504","trial_id":78,"param_name":"transfer_every","param_value_internal":1.0,"distribution":"{\"name\": \"IntDistribution\", \"attributes\": {\"log\": true, \"step\": 1, \"low\": 1, \"high\": 70}}"}
{"op_code":5,"worker_id":"14c4b143-0cb1-470a-945e-ef9bcb004503-139944608661504","trial_id":78,"param_name":"rank_exp","param_value_internal":6.0,"distribution":"{\"name\": \"IntDistribution\", \"attributes\": {\"log\": false, \"step\": 1, \"low\": 0, \"high\": 6}}"}
{"op_code":5,"worker_id":"14c4b143-0cb1-470a-945e-ef9bcb004503-139944608661504","trial_id":78,"param_name":"fast_lr","param_value_internal":12.970908033004681,"distribution":"{\"name\": \"FloatDistribution\", \"attributes\": {\"step\": null, \"low\": 2e-05, \"high\": 50.0, \"log\": true}}"}
{"op_code":5,"worker_id":"14c4b143-0cb1-470a-945e-ef9bcb004503-139944608661504","trial_id":78,"param_name":"tau_sec","param_value_internal":0.0,"distribution":"{\"name\": \"FloatDistribution\", \"attributes\": {\"step\": null, \"low\": 0.0, \"high\": 0.0, \"log\": false}}"}
{"op_code":5,"worker_id":"14c4b143-0cb1-470a-945e-ef9bcb004503-139944608661504","trial_id":78,"param_name":"ab_dw_min","param_value_internal":0.0016440296617074748,"distribution":"{\"name\": \"FloatDistribution\", \"attributes\": {\"step\": null, \"low\": 3e-06, \"high\": 0.006, \"log\": true}}"}
{"op_code":5,"worker_id":"14c4b143-0cb1-470a-945e-ef9bcb004503-139944608661504","trial_id":78,"param_name":"ab_desired_bl","param_value_internal":31.0,"distribution":"{\"name\": \"IntDistribution\", \"attributes\": {\"log\": false, \"step\": 1, \"low\": 31, \"high\": 31}}"}
{"op_code":5,"worker_id":"14c4b143-0cb1-470a-945e-ef9bcb004503-139944608661504","trial_id":78,"param_name":"ab_multilevel","param_value_internal":5.0,"distribution":"{\"name\": \"IntDistribution\", \"attributes\": {\"log\": false, \"step\": 1, \"low\": 1, \"high\": 14}}"}
{"op_code":5,"worker_id":"14c4b143-0cb1-470a-945e-ef9bcb004503-139944608661504","trial_id":78,"param_name":"a_reset_std","param_value_internal":1e-30,"distribution":"{\"name\": \"FloatDistribution\", \"attributes\": {\"step\": null, \"low\": 1e-30, \"high\": 1e-30, \"log\": true}}"}
{"op_code":5,"worker_id":"14c4b143-0cb1-470a-945e-ef9bcb004503-139944608661504","trial_id":78,"param_name":"b_reset_std","param_value_internal":1e-30,"distribution":"{\"name\": \"FloatDistribution\", \"attributes\": {\"step\": null, \"low\": 1e-30, \"high\": 1e-30, \"log\": true}}"}
{"op_code":5,"worker_id":"14c4b143-0cb1-470a-945e-ef9bcb004503-139944608661504","trial_id":78,"param_name":"c_dw_min","param_value_internal":0.03905957011402452,"distribution":"{\"name\": \"FloatDistribution\", \"attributes\": {\"step\": null, \"low\": 0.001, \"high\": 0.04, \"log\": true}}"}
{"op_code":5,"worker_id":"14c4b143-0cb1-470a-945e-ef9bcb004503-139944608661504","trial_id":78,"param_name":"c_desired_bl","param_value_internal":31.0,"distribution":"{\"name\": \"IntDistribution\", \"attributes\": {\"log\": false, \"step\": 1, \"low\": 31, \"high\": 31}}"}
{"op_code":5,"worker_id":"14c4b143-0cb1-470a-945e-ef9bcb004503-139944608661504","trial_id":78,"param_name":"out_noise","param_value_internal":0.0,"distribution":"{\"name\": \"FloatDistribution\", \"attributes\": {\"step\": null, \"low\": 0.0, \"high\": 0.0, \"log\": false}}"}
{"op_code":5,"worker_id":"14c4b143-0cb1-470a-945e-ef9bcb004503-139944608661504","trial_id":78,"param_name":"ab_weight_scaling_omega","param_value_internal":0.0,"distribution":"{\"name\": \"FloatDistribution\", \"attributes\": {\"step\": null, \"low\": 0.0, \"high\": 0.0, \"log\": false}}"}
{"op_code":5,"worker_id":"14c4b143-0cb1-470a-945e-ef9bcb004503-139944608661504","trial_id":78,"param_name":"min_lr_rate","param_value_internal":0.0,"distribution":"{\"name\": \"FloatDistribution\", \"attributes\": {\"step\": null, \"low\": 0.0, \"high\": 0.0, \"log\": false}}"}
{"op_code":5,"worker_id":"14c4b143-0cb1-470a-945e-ef9bcb004503-139944608661504","trial_id":78,"param_name":"a_density","param_value_internal":0.6899063499329074,"distribution":"{\"name\": \"FloatDistribution\", \"attributes\": {\"step\": null, \"low\": 0.001, \"high\": 1.0, \"log\": true}}"}
{"op_code":0,"worker_id":"af024209-1bab-44f1-8fcc-6e8e8695160f-139743941193728","study_name":"bert_squad_lrtt_bs48_adam_binary_a_zero_nowd_nomom_nonest_onehot_constantstepideal_cconstantstepideal_perfect_noos_no-stlr_abml_split-reset_std_qkvo_5ep","directions":[2]}
{"op_code":4,"worker_id":"af024209-1bab-44f1-8fcc-6e8e8695160f-139743941193728","study_id":0,"datetime_start":"2026-05-26T04:21:59.439016"}
{"op_code":5,"worker_id":"af024209-1bab-44f1-8fcc-6e8e8695160f-139743941193728","trial_id":79,"param_name":"learning_rate","param_value_internal":0.0019187391519787898,"distribution":"{\"name\": \"FloatDistribution\", \"attributes\": {\"step\": null, \"low\": 0.0009, \"high\": 0.007, \"log\": true}}"}
{"op_code":5,"worker_id":"af024209-1bab-44f1-8fcc-6e8e8695160f-139743941193728","trial_id":79,"param_name":"transfer_lr","param_value_internal":1.9073547730256267e-05,"distribution":"{\"name\": \"FloatDistribution\", \"attributes\": {\"step\": null, \"low\": 1e-05, \"high\": 5.0, \"log\": true}}"}
{"op_code":5,"worker_id":"af024209-1bab-44f1-8fcc-6e8e8695160f-139743941193728","trial_id":79,"param_name":"transfer_every","param_value_internal":5.0,"distribution":"{\"name\": \"IntDistribution\", \"attributes\": {\"log\": true, \"step\": 1, \"low\": 1, \"high\": 70}}"}
{"op_code":5,"worker_id":"af024209-1bab-44f1-8fcc-6e8e8695160f-139743941193728","trial_id":79,"param_name":"rank_exp","param_value_internal":6.0,"distribution":"{\"name\": \"IntDistribution\", \"attributes\": {\"log\": false, \"step\": 1, \"low\": 0, \"high\": 6}}"}
{"op_code":5,"worker_id":"af024209-1bab-44f1-8fcc-6e8e8695160f-139743941193728","trial_id":79,"param_name":"fast_lr","param_value_internal":0.005905205894932259,"distribution":"{\"name\": \"FloatDistribution\", \"attributes\": {\"step\": null, \"low\": 2e-05, \"high\": 50.0, \"log\": true}}"}
{"op_code":5,"worker_id":"af024209-1bab-44f1-8fcc-6e8e8695160f-139743941193728","trial_id":79,"param_name":"tau_sec","param_value_internal":0.0,"distribution":"{\"name\": \"FloatDistribution\", \"attributes\": {\"step\": null, \"low\": 0.0, \"high\": 0.0, \"log\": false}}"}
{"op_code":5,"worker_id":"af024209-1bab-44f1-8fcc-6e8e8695160f-139743941193728","trial_id":79,"param_name":"ab_dw_min","param_value_internal":4.4198666232954345e-06,"distribution":"{\"name\": \"FloatDistribution\", \"attributes\": {\"step\": null, \"low\": 3e-06, \"high\": 0.006, \"log\": true}}"}
{"op_code":5,"worker_id":"af024209-1bab-44f1-8fcc-6e8e8695160f-139743941193728","trial_id":79,"param_name":"ab_desired_bl","param_value_internal":31.0,"distribution":"{\"name\": \"IntDistribution\", \"attributes\": {\"log\": false, \"step\": 1, \"low\": 31, \"high\": 31}}"}
{"op_code":5,"worker_id":"af024209-1bab-44f1-8fcc-6e8e8695160f-139743941193728","trial_id":79,"param_name":"ab_multilevel","param_value_internal":5.0,"distribution":"{\"name\": \"IntDistribution\", \"attributes\": {\"log\": false, \"step\": 1, \"low\": 1, \"high\": 14}}"}
{"op_code":5,"worker_id":"af024209-1bab-44f1-8fcc-6e8e8695160f-139743941193728","trial_id":79,"param_name":"a_reset_std","param_value_internal":1e-30,"distribution":"{\"name\": \"FloatDistribution\", \"attributes\": {\"step\": null, \"low\": 1e-30, \"high\": 1e-30, \"log\": true}}"}
{"op_code":5,"worker_id":"af024209-1bab-44f1-8fcc-6e8e8695160f-139743941193728","trial_id":79,"param_name":"b_reset_std","param_value_internal":1e-30,"distribution":"{\"name\": \"FloatDistribution\", \"attributes\": {\"step\": null, \"low\": 1e-30, \"high\": 1e-30, \"log\": true}}"}
{"op_code":5,"worker_id":"af024209-1bab-44f1-8fcc-6e8e8695160f-139743941193728","trial_id":79,"param_name":"c_dw_min","param_value_internal":0.03925355029585744,"distribution":"{\"name\": \"FloatDistribution\", \"attributes\": {\"step\": null, \"low\": 0.001, \"high\": 0.04, \"log\": true}}"}
{"op_code":5,"worker_id":"af024209-1bab-44f1-8fcc-6e8e8695160f-139743941193728","trial_id":79,"param_name":"c_desired_bl","param_value_internal":31.0,"distribution":"{\"name\": \"IntDistribution\", \"attributes\": {\"log\": false, \"step\": 1, \"low\": 31, \"high\": 31}}"}
{"op_code":5,"worker_id":"af024209-1bab-44f1-8fcc-6e8e8695160f-139743941193728","trial_id":79,"param_name":"out_noise","param_value_internal":0.0,"distribution":"{\"name\": \"FloatDistribution\", \"attributes\": {\"step\": null, \"low\": 0.0, \"high\": 0.0, \"log\": false}}"}
{"op_code":5,"worker_id":"af024209-1bab-44f1-8fcc-6e8e8695160f-139743941193728","trial_id":79,"param_name":"ab_weight_scaling_omega","param_value_internal":0.0,"distribution":"{\"name\": \"FloatDistribution\", \"attributes\": {\"step\": null, \"low\": 0.0, \"high\": 0.0, \"log\": false}}"}
{"op_code":5,"worker_id":"af024209-1bab-44f1-8fcc-6e8e8695160f-139743941193728","trial_id":79,"param_name":"min_lr_rate","param_value_internal":0.0,"distribution":"{\"name\": \"FloatDistribution\", \"attributes\": {\"step\": null, \"low\": 0.0, \"high\": 0.0, \"log\": false}}"}
{"op_code":5,"worker_id":"af024209-1bab-44f1-8fcc-6e8e8695160f-139743941193728","trial_id":79,"param_name":"a_density","param_value_internal":0.40406092823533785,"distribution":"{\"name\": \"FloatDistribution\", \"attributes\": {\"step\": null, \"low\": 0.001, \"high\": 1.0, \"log\": true}}"}
{"op_code":0,"worker_id":"b8bcac3c-5048-4dbc-8fbc-2f45322dee37-139722167521280","study_name":"bert_squad_lrtt_bs48_adam_binary_a_zero_nowd_nomom_nonest_onehot_constantstepideal_cconstantstepideal_perfect_noos_no-stlr_abml_split-reset_std_qkvo_5ep","directions":[2]}
{"op_code":4,"worker_id":"b8bcac3c-5048-4dbc-8fbc-2f45322dee37-139722167521280","study_id":0,"datetime_start":"2026-05-26T04:22:02.939538"}
{"op_code":5,"worker_id":"b8bcac3c-5048-4dbc-8fbc-2f45322dee37-139722167521280","trial_id":80,"param_name":"learning_rate","param_value_internal":0.0036290128714333695,"distribution":"{\"name\": \"FloatDistribution\", \"attributes\": {\"step\": null, \"low\": 0.0009, \"high\": 0.007, \"log\": true}}"}
{"op_code":5,"worker_id":"b8bcac3c-5048-4dbc-8fbc-2f45322dee37-139722167521280","trial_id":80,"param_name":"transfer_lr","param_value_internal":5.6824881890940235e-05,"distribution":"{\"name\": \"FloatDistribution\", \"attributes\": {\"step\": null, \"low\": 1e-05, \"high\": 5.0, \"log\": true}}"}
{"op_code":5,"worker_id":"b8bcac3c-5048-4dbc-8fbc-2f45322dee37-139722167521280","trial_id":80,"param_name":"transfer_every","param_value_internal":9.0,"distribution":"{\"name\": \"IntDistribution\", \"attributes\": {\"log\": true, \"step\": 1, \"low\": 1, \"high\": 70}}"}
{"op_code":5,"worker_id":"b8bcac3c-5048-4dbc-8fbc-2f45322dee37-139722167521280","trial_id":80,"param_name":"rank_exp","param_value_internal":6.0,"distribution":"{\"name\": \"IntDistribution\", \"attributes\": {\"log\": false, \"step\": 1, \"low\": 0, \"high\": 6}}"}
{"op_code":5,"worker_id":"b8bcac3c-5048-4dbc-8fbc-2f45322dee37-139722167521280","trial_id":80,"param_name":"fast_lr","param_value_internal":0.84714447693314,"distribution":"{\"name\": \"FloatDistribution\", \"attributes\": {\"step\": null, \"low\": 2e-05, \"high\": 50.0, \"log\": true}}"}
{"op_code":5,"worker_id":"b8bcac3c-5048-4dbc-8fbc-2f45322dee37-139722167521280","trial_id":80,"param_name":"tau_sec","param_value_internal":0.0,"distribution":"{\"name\": \"FloatDistribution\", \"attributes\": {\"step\": null, \"low\": 0.0, \"high\": 0.0, \"log\": false}}"}
{"op_code":5,"worker_id":"b8bcac3c-5048-4dbc-8fbc-2f45322dee37-139722167521280","trial_id":80,"param_name":"ab_dw_min","param_value_internal":5.662998930138923e-06,"distribution":"{\"name\": \"FloatDistribution\", \"attributes\": {\"step\": null, \"low\": 3e-06, \"high\": 0.006, \"log\": true}}"}
{"op_code":5,"worker_id":"b8bcac3c-5048-4dbc-8fbc-2f45322dee37-139722167521280","trial_id":80,"param_name":"ab_desired_bl","param_value_internal":31.0,"distribution":"{\"name\": \"IntDistribution\", \"attributes\": {\"log\": false, \"step\": 1, \"low\": 31, \"high\": 31}}"}
{"op_code":5,"worker_id":"b8bcac3c-5048-4dbc-8fbc-2f45322dee37-139722167521280","trial_id":80,"param_name":"ab_multilevel","param_value_internal":5.0,"distribution":"{\"name\": \"IntDistribution\", \"attributes\": {\"log\": false, \"step\": 1, \"low\": 1, \"high\": 14}}"}
{"op_code":5,"worker_id":"b8bcac3c-5048-4dbc-8fbc-2f45322dee37-139722167521280","trial_id":80,"param_name":"a_reset_std","param_value_internal":1e-30,"distribution":"{\"name\": \"FloatDistribution\", \"attributes\": {\"step\": null, \"low\": 1e-30, \"high\": 1e-30, \"log\": true}}"}
{"op_code":5,"worker_id":"b8bcac3c-5048-4dbc-8fbc-2f45322dee37-139722167521280","trial_id":80,"param_name":"b_reset_std","param_value_internal":1e-30,"distribution":"{\"name\": \"FloatDistribution\", \"attributes\": {\"step\": null, \"low\": 1e-30, \"high\": 1e-30, \"log\": true}}"}
{"op_code":5,"worker_id":"b8bcac3c-5048-4dbc-8fbc-2f45322dee37-139722167521280","trial_id":80,"param_name":"c_dw_min","param_value_internal":0.04,"distribution":"{\"name\": \"FloatDistribution\", \"attributes\": {\"step\": null, \"low\": 0.001, \"high\": 0.04, \"log\": true}}"}
{"op_code":5,"worker_id":"b8bcac3c-5048-4dbc-8fbc-2f45322dee37-139722167521280","trial_id":80,"param_name":"c_desired_bl","param_value_internal":31.0,"distribution":"{\"name\": \"IntDistribution\", \"attributes\": {\"log\": false, \"step\": 1, \"low\": 31, \"high\": 31}}"}
{"op_code":5,"worker_id":"b8bcac3c-5048-4dbc-8fbc-2f45322dee37-139722167521280","trial_id":80,"param_name":"out_noise","param_value_internal":0.0,"distribution":"{\"name\": \"FloatDistribution\", \"attributes\": {\"step\": null, \"low\": 0.0, \"high\": 0.0, \"log\": false}}"}
{"op_code":5,"worker_id":"b8bcac3c-5048-4dbc-8fbc-2f45322dee37-139722167521280","trial_id":80,"param_name":"ab_weight_scaling_omega","param_value_internal":0.0,"distribution":"{\"name\": \"FloatDistribution\", \"attributes\": {\"step\": null, \"low\": 0.0, \"high\": 0.0, \"log\": false}}"}
{"op_code":5,"worker_id":"b8bcac3c-5048-4dbc-8fbc-2f45322dee37-139722167521280","trial_id":80,"param_name":"min_lr_rate","param_value_internal":0.0,"distribution":"{\"name\": \"FloatDistribution\", \"attributes\": {\"step\": null, \"low\": 0.0, \"high\": 0.0, \"log\": false}}"}
{"op_code":5,"worker_id":"b8bcac3c-5048-4dbc-8fbc-2f45322dee37-139722167521280","trial_id":80,"param_name":"a_density","param_value_internal":0.15937238047804528,"distribution":"{\"name\": \"FloatDistribution\", \"attributes\": {\"step\": null, \"low\": 0.001, \"high\": 1.0, \"log\": true}}"}
{"op_code":0,"worker_id":"9ce5796d-fff7-4660-872f-3de5042074e9-140257851785216","study_name":"bert_squad_lrtt_bs48_adam_binary_a_zero_nowd_nomom_nonest_onehot_constantstepideal_cconstantstepideal_perfect_noos_no-stlr_abml_split-reset_std_qkvo_5ep","directions":[2]}
{"op_code":4,"worker_id":"9ce5796d-fff7-4660-872f-3de5042074e9-140257851785216","study_id":0,"datetime_start":"2026-05-26T04:22:05.945034"}
{"op_code":5,"worker_id":"9ce5796d-fff7-4660-872f-3de5042074e9-140257851785216","trial_id":81,"param_name":"learning_rate","param_value_internal":0.0016874173399149723,"distribution":"{\"name\": \"FloatDistribution\", \"attributes\": {\"step\": null, \"low\": 0.0009, \"high\": 0.007, \"log\": true}}"}
{"op_code":5,"worker_id":"9ce5796d-fff7-4660-872f-3de5042074e9-140257851785216","trial_id":81,"param_name":"transfer_lr","param_value_internal":1.1257357684470678e-05,"distribution":"{\"name\": \"FloatDistribution\", \"attributes\": {\"step\": null, \"low\": 1e-05, \"high\": 5.0, \"log\": true}}"}
{"op_code":5,"worker_id":"9ce5796d-fff7-4660-872f-3de5042074e9-140257851785216","trial_id":81,"param_name":"transfer_every","param_value_internal":39.0,"distribution":"{\"name\": \"IntDistribution\", \"attributes\": {\"log\": true, \"step\": 1, \"low\": 1, \"high\": 70}}"}
{"op_code":5,"worker_id":"9ce5796d-fff7-4660-872f-3de5042074e9-140257851785216","trial_id":81,"param_name":"rank_exp","param_value_internal":6.0,"distribution":"{\"name\": \"IntDistribution\", \"attributes\": {\"log\": false, \"step\": 1, \"low\": 0, \"high\": 6}}"}
{"op_code":5,"worker_id":"9ce5796d-fff7-4660-872f-3de5042074e9-140257851785216","trial_id":81,"param_name":"fast_lr","param_value_internal":3.1523973220469176e-05,"distribution":"{\"name\": \"FloatDistribution\", \"attributes\": {\"step\": null, \"low\": 2e-05, \"high\": 50.0, \"log\": true}}"}
{"op_code":5,"worker_id":"9ce5796d-fff7-4660-872f-3de5042074e9-140257851785216","trial_id":81,"param_name":"tau_sec","param_value_internal":0.0,"distribution":"{\"name\": \"FloatDistribution\", \"attributes\": {\"step\": null, \"low\": 0.0, \"high\": 0.0, \"log\": false}}"}
{"op_code":5,"worker_id":"9ce5796d-fff7-4660-872f-3de5042074e9-140257851785216","trial_id":81,"param_name":"ab_dw_min","param_value_internal":0.00021334220531232684,"distribution":"{\"name\": \"FloatDistribution\", \"attributes\": {\"step\": null, \"low\": 3e-06, \"high\": 0.006, \"log\": true}}"}
{"op_code":5,"worker_id":"9ce5796d-fff7-4660-872f-3de5042074e9-140257851785216","trial_id":81,"param_name":"ab_desired_bl","param_value_internal":31.0,"distribution":"{\"name\": \"IntDistribution\", \"attributes\": {\"log\": false, \"step\": 1, \"low\": 31, \"high\": 31}}"}
{"op_code":5,"worker_id":"9ce5796d-fff7-4660-872f-3de5042074e9-140257851785216","trial_id":81,"param_name":"ab_multilevel","param_value_internal":5.0,"distribution":"{\"name\": \"IntDistribution\", \"attributes\": {\"log\": false, \"step\": 1, \"low\": 1, \"high\": 14}}"}
{"op_code":5,"worker_id":"9ce5796d-fff7-4660-872f-3de5042074e9-140257851785216","trial_id":81,"param_name":"a_reset_std","param_value_internal":1e-30,"distribution":"{\"name\": \"FloatDistribution\", \"attributes\": {\"step\": null, \"low\": 1e-30, \"high\": 1e-30, \"log\": true}}"}
{"op_code":5,"worker_id":"9ce5796d-fff7-4660-872f-3de5042074e9-140257851785216","trial_id":81,"param_name":"b_reset_std","param_value_internal":1e-30,"distribution":"{\"name\": \"FloatDistribution\", \"attributes\": {\"step\": null, \"low\": 1e-30, \"high\": 1e-30, \"log\": true}}"}
{"op_code":5,"worker_id":"9ce5796d-fff7-4660-872f-3de5042074e9-140257851785216","trial_id":81,"param_name":"c_dw_min","param_value_internal":0.03810813321132669,"distribution":"{\"name\": \"FloatDistribution\", \"attributes\": {\"step\": null, \"low\": 0.001, \"high\": 0.04, \"log\": true}}"}
{"op_code":5,"worker_id":"9ce5796d-fff7-4660-872f-3de5042074e9-140257851785216","trial_id":81,"param_name":"c_desired_bl","param_value_internal":31.0,"distribution":"{\"name\": \"IntDistribution\", \"attributes\": {\"log\": false, \"step\": 1, \"low\": 31, \"high\": 31}}"}
{"op_code":5,"worker_id":"9ce5796d-fff7-4660-872f-3de5042074e9-140257851785216","trial_id":81,"param_name":"out_noise","param_value_internal":0.0,"distribution":"{\"name\": \"FloatDistribution\", \"attributes\": {\"step\": null, \"low\": 0.0, \"high\": 0.0, \"log\": false}}"}
{"op_code":5,"worker_id":"9ce5796d-fff7-4660-872f-3de5042074e9-140257851785216","trial_id":81,"param_name":"ab_weight_scaling_omega","param_value_internal":0.0,"distribution":"{\"name\": \"FloatDistribution\", \"attributes\": {\"step\": null, \"low\": 0.0, \"high\": 0.0, \"log\": false}}"}
{"op_code":5,"worker_id":"9ce5796d-fff7-4660-872f-3de5042074e9-140257851785216","trial_id":81,"param_name":"min_lr_rate","param_value_internal":0.0,"distribution":"{\"name\": \"FloatDistribution\", \"attributes\": {\"step\": null, \"low\": 0.0, \"high\": 0.0, \"log\": false}}"}
{"op_code":5,"worker_id":"9ce5796d-fff7-4660-872f-3de5042074e9-140257851785216","trial_id":81,"param_name":"a_density","param_value_internal":0.0011317738925730474,"distribution":"{\"name\": \"FloatDistribution\", \"attributes\": {\"step\": null, \"low\": 0.001, \"high\": 1.0, \"log\": true}}"}
{"op_code":8,"worker_id":"14c4b143-0cb1-470a-945e-ef9bcb004503-139944608661504","trial_id":78,"user_attr":{"grad_accum_steps":1}}
{"op_code":8,"worker_id":"af024209-1bab-44f1-8fcc-6e8e8695160f-139743941193728","trial_id":79,"user_attr":{"grad_accum_steps":1}}
{"op_code":8,"worker_id":"b8bcac3c-5048-4dbc-8fbc-2f45322dee37-139722167521280","trial_id":80,"user_attr":{"grad_accum_steps":1}}
{"op_code":8,"worker_id":"9ce5796d-fff7-4660-872f-3de5042074e9-140257851785216","trial_id":81,"user_attr":{"grad_accum_steps":1}}
{"op_code":7,"worker_id":"9ce5796d-fff7-4660-872f-3de5042074e9-140257851785216","trial_id":81,"step":1,"intermediate_value":72.9956561004342}
{"op_code":8,"worker_id":"9ce5796d-fff7-4660-872f-3de5042074e9-140257851785216","trial_id":81,"user_attr":{"train_loss_epoch_1":2.3353799736596703}}
{"op_code":7,"worker_id":"b8bcac3c-5048-4dbc-8fbc-2f45322dee37-139722167521280","trial_id":80,"step":1,"intermediate_value":74.16863345670093}
{"op_code":8,"worker_id":"b8bcac3c-5048-4dbc-8fbc-2f45322dee37-139722167521280","trial_id":80,"user_attr":{"train_loss_epoch_1":2.1716653942738766}}
{"op_code":7,"worker_id":"af024209-1bab-44f1-8fcc-6e8e8695160f-139743941193728","trial_id":79,"step":1,"intermediate_value":73.95450048222513}
{"op_code":8,"worker_id":"af024209-1bab-44f1-8fcc-6e8e8695160f-139743941193728","trial_id":79,"user_attr":{"train_loss_epoch_1":2.302714235931231}}
{"op_code":7,"worker_id":"14c4b143-0cb1-470a-945e-ef9bcb004503-139944608661504","trial_id":78,"step":1,"intermediate_value":4.759419362185329}
{"op_code":8,"worker_id":"14c4b143-0cb1-470a-945e-ef9bcb004503-139944608661504","trial_id":78,"user_attr":{"train_loss_epoch_1":5.8101812546169205}}
{"op_code":7,"worker_id":"9ce5796d-fff7-4660-872f-3de5042074e9-140257851785216","trial_id":81,"step":2,"intermediate_value":75.0912281706465}
{"op_code":8,"worker_id":"9ce5796d-fff7-4660-872f-3de5042074e9-140257851785216","trial_id":81,"user_attr":{"train_loss_epoch_2":1.6932974569842745}}
{"op_code":7,"worker_id":"b8bcac3c-5048-4dbc-8fbc-2f45322dee37-139722167521280","trial_id":80,"step":2,"intermediate_value":75.80744100580868}
{"op_code":8,"worker_id":"b8bcac3c-5048-4dbc-8fbc-2f45322dee37-139722167521280","trial_id":80,"user_attr":{"train_loss_epoch_2":1.6720292452874221}}
{"op_code":7,"worker_id":"af024209-1bab-44f1-8fcc-6e8e8695160f-139743941193728","trial_id":79,"step":2,"intermediate_value":75.78671420599352}
{"op_code":8,"worker_id":"af024209-1bab-44f1-8fcc-6e8e8695160f-139743941193728","trial_id":79,"user_attr":{"train_loss_epoch_2":1.6811468601872928}}
{"op_code":7,"worker_id":"9ce5796d-fff7-4660-872f-3de5042074e9-140257851785216","trial_id":81,"step":3,"intermediate_value":76.32503508535228}
{"op_code":8,"worker_id":"9ce5796d-fff7-4660-872f-3de5042074e9-140257851785216","trial_id":81,"user_attr":{"train_loss_epoch_3":1.6202098827051923}}
{"op_code":7,"worker_id":"b8bcac3c-5048-4dbc-8fbc-2f45322dee37-139722167521280","trial_id":80,"step":3,"intermediate_value":76.64146811648679}
{"op_code":8,"worker_id":"b8bcac3c-5048-4dbc-8fbc-2f45322dee37-139722167521280","trial_id":80,"user_attr":{"train_loss_epoch_3":1.5985465042636324}}
{"op_code":7,"worker_id":"af024209-1bab-44f1-8fcc-6e8e8695160f-139743941193728","trial_id":79,"step":3,"intermediate_value":76.59426809730996}
{"op_code":8,"worker_id":"af024209-1bab-44f1-8fcc-6e8e8695160f-139743941193728","trial_id":79,"user_attr":{"train_loss_epoch_3":1.6067134944404045}}
{"op_code":7,"worker_id":"14c4b143-0cb1-470a-945e-ef9bcb004503-139944608661504","trial_id":78,"step":2,"intermediate_value":4.759419362185329}
{"op_code":8,"worker_id":"14c4b143-0cb1-470a-945e-ef9bcb004503-139944608661504","trial_id":78,"user_attr":{"train_loss_epoch_2":5.856922148365961}}
{"op_code":6,"worker_id":"14c4b143-0cb1-470a-945e-ef9bcb004503-139944608661504","trial_id":78,"state":1,"values":[4.759419362185329],"datetime_complete":"2026-05-26T05:19:48.098428"}
{"op_code":4,"worker_id":"14c4b143-0cb1-470a-945e-ef9bcb004503-139944608661504","study_id":0,"datetime_start":"2026-05-26T05:19:48.100328"}
{"op_code":5,"worker_id":"14c4b143-0cb1-470a-945e-ef9bcb004503-139944608661504","trial_id":82,"param_name":"learning_rate","param_value_internal":0.0010996989627832011,"distribution":"{\"name\": \"FloatDistribution\", \"attributes\": {\"step\": null, \"low\": 0.0009, \"high\": 0.007, \"log\": true}}"}
{"op_code":5,"worker_id":"14c4b143-0cb1-470a-945e-ef9bcb004503-139944608661504","trial_id":82,"param_name":"transfer_lr","param_value_internal":3.036060259576403,"distribution":"{\"name\": \"FloatDistribution\", \"attributes\": {\"step\": null, \"low\": 1e-05, \"high\": 5.0, \"log\": true}}"}
{"op_code":5,"worker_id":"14c4b143-0cb1-470a-945e-ef9bcb004503-139944608661504","trial_id":82,"param_name":"transfer_every","param_value_internal":26.0,"distribution":"{\"name\": \"IntDistribution\", \"attributes\": {\"log\": true, \"step\": 1, \"low\": 1, \"high\": 70}}"}
{"op_code":5,"worker_id":"14c4b143-0cb1-470a-945e-ef9bcb004503-139944608661504","trial_id":82,"param_name":"rank_exp","param_value_internal":6.0,"distribution":"{\"name\": \"IntDistribution\", \"attributes\": {\"log\": false, \"step\": 1, \"low\": 0, \"high\": 6}}"}
{"op_code":5,"worker_id":"14c4b143-0cb1-470a-945e-ef9bcb004503-139944608661504","trial_id":82,"param_name":"fast_lr","param_value_internal":0.0004409297831357316,"distribution":"{\"name\": \"FloatDistribution\", \"attributes\": {\"step\": null, \"low\": 2e-05, \"high\": 50.0, \"log\": true}}"}
{"op_code":5,"worker_id":"14c4b143-0cb1-470a-945e-ef9bcb004503-139944608661504","trial_id":82,"param_name":"tau_sec","param_value_internal":0.0,"distribution":"{\"name\": \"FloatDistribution\", \"attributes\": {\"step\": null, \"low\": 0.0, \"high\": 0.0, \"log\": false}}"}
{"op_code":5,"worker_id":"14c4b143-0cb1-470a-945e-ef9bcb004503-139944608661504","trial_id":82,"param_name":"ab_dw_min","param_value_internal":3.729030967498861e-06,"distribution":"{\"name\": \"FloatDistribution\", \"attributes\": {\"step\": null, \"low\": 3e-06, \"high\": 0.006, \"log\": true}}"}
{"op_code":5,"worker_id":"14c4b143-0cb1-470a-945e-ef9bcb004503-139944608661504","trial_id":82,"param_name":"ab_desired_bl","param_value_internal":31.0,"distribution":"{\"name\": \"IntDistribution\", \"attributes\": {\"log\": false, \"step\": 1, \"low\": 31, \"high\": 31}}"}
{"op_code":5,"worker_id":"14c4b143-0cb1-470a-945e-ef9bcb004503-139944608661504","trial_id":82,"param_name":"ab_multilevel","param_value_internal":14.0,"distribution":"{\"name\": \"IntDistribution\", \"attributes\": {\"log\": false, \"step\": 1, \"low\": 1, \"high\": 14}}"}
{"op_code":5,"worker_id":"14c4b143-0cb1-470a-945e-ef9bcb004503-139944608661504","trial_id":82,"param_name":"a_reset_std","param_value_internal":1e-30,"distribution":"{\"name\": \"FloatDistribution\", \"attributes\": {\"step\": null, \"low\": 1e-30, \"high\": 1e-30, \"log\": true}}"}
{"op_code":5,"worker_id":"14c4b143-0cb1-470a-945e-ef9bcb004503-139944608661504","trial_id":82,"param_name":"b_reset_std","param_value_internal":1e-30,"distribution":"{\"name\": \"FloatDistribution\", \"attributes\": {\"step\": null, \"low\": 1e-30, \"high\": 1e-30, \"log\": true}}"}
{"op_code":5,"worker_id":"14c4b143-0cb1-470a-945e-ef9bcb004503-139944608661504","trial_id":82,"param_name":"c_dw_min","param_value_internal":0.02181681451240338,"distribution":"{\"name\": \"FloatDistribution\", \"attributes\": {\"step\": null, \"low\": 0.001, \"high\": 0.04, \"log\": true}}"}
{"op_code":5,"worker_id":"14c4b143-0cb1-470a-945e-ef9bcb004503-139944608661504","trial_id":82,"param_name":"c_desired_bl","param_value_internal":31.0,"distribution":"{\"name\": \"IntDistribution\", \"attributes\": {\"log\": false, \"step\": 1, \"low\": 31, \"high\": 31}}"}
{"op_code":5,"worker_id":"14c4b143-0cb1-470a-945e-ef9bcb004503-139944608661504","trial_id":82,"param_name":"out_noise","param_value_internal":0.0,"distribution":"{\"name\": \"FloatDistribution\", \"attributes\": {\"step\": null, \"low\": 0.0, \"high\": 0.0, \"log\": false}}"}
{"op_code":5,"worker_id":"14c4b143-0cb1-470a-945e-ef9bcb004503-139944608661504","trial_id":82,"param_name":"ab_weight_scaling_omega","param_value_internal":0.0,"distribution":"{\"name\": \"FloatDistribution\", \"attributes\": {\"step\": null, \"low\": 0.0, \"high\": 0.0, \"log\": false}}"}
{"op_code":5,"worker_id":"14c4b143-0cb1-470a-945e-ef9bcb004503-139944608661504","trial_id":82,"param_name":"min_lr_rate","param_value_internal":0.0,"distribution":"{\"name\": \"FloatDistribution\", \"attributes\": {\"step\": null, \"low\": 0.0, \"high\": 0.0, \"log\": false}}"}
{"op_code":5,"worker_id":"14c4b143-0cb1-470a-945e-ef9bcb004503-139944608661504","trial_id":82,"param_name":"a_density","param_value_internal":0.2076965974680079,"distribution":"{\"name\": \"FloatDistribution\", \"attributes\": {\"step\": null, \"low\": 0.001, \"high\": 1.0, \"log\": true}}"}
{"op_code":8,"worker_id":"14c4b143-0cb1-470a-945e-ef9bcb004503-139944608661504","trial_id":82,"user_attr":{"grad_accum_steps":1}}
{"op_code":7,"worker_id":"9ce5796d-fff7-4660-872f-3de5042074e9-140257851785216","trial_id":81,"step":4,"intermediate_value":76.9835639548273}
{"op_code":8,"worker_id":"9ce5796d-fff7-4660-872f-3de5042074e9-140257851785216","trial_id":81,"user_attr":{"train_loss_epoch_4":1.5765350223233707}}
{"op_code":7,"worker_id":"b8bcac3c-5048-4dbc-8fbc-2f45322dee37-139722167521280","trial_id":80,"step":4,"intermediate_value":77.93703009306002}
{"op_code":8,"worker_id":"b8bcac3c-5048-4dbc-8fbc-2f45322dee37-139722167521280","trial_id":80,"user_attr":{"train_loss_epoch_4":1.5469565144722377}}
{"op_code":7,"worker_id":"14c4b143-0cb1-470a-945e-ef9bcb004503-139944608661504","trial_id":82,"step":1,"intermediate_value":71.8741624083702}
{"op_code":8,"worker_id":"14c4b143-0cb1-470a-945e-ef9bcb004503-139944608661504","trial_id":82,"user_attr":{"train_loss_epoch_1":2.465893581113841}}
{"op_code":7,"worker_id":"af024209-1bab-44f1-8fcc-6e8e8695160f-139743941193728","trial_id":79,"step":4,"intermediate_value":77.49216560765437}
{"op_code":8,"worker_id":"af024209-1bab-44f1-8fcc-6e8e8695160f-139743941193728","trial_id":79,"user_attr":{"train_loss_epoch_4":1.5615297311366736}}
{"op_code":7,"worker_id":"9ce5796d-fff7-4660-872f-3de5042074e9-140257851785216","trial_id":81,"step":5,"intermediate_value":77.28988672257817}
{"op_code":8,"worker_id":"9ce5796d-fff7-4660-872f-3de5042074e9-140257851785216","trial_id":81,"user_attr":{"train_loss_epoch_5":1.5450656332943822}}
{"op_code":6,"worker_id":"9ce5796d-fff7-4660-872f-3de5042074e9-140257851785216","trial_id":81,"state":1,"values":[77.28988672257817],"datetime_complete":"2026-05-26T05:44:55.302234"}
{"op_code":4,"worker_id":"9ce5796d-fff7-4660-872f-3de5042074e9-140257851785216","study_id":0,"datetime_start":"2026-05-26T05:44:55.303918"}
{"op_code":5,"worker_id":"9ce5796d-fff7-4660-872f-3de5042074e9-140257851785216","trial_id":83,"param_name":"learning_rate","param_value_internal":0.0033934939574253916,"distribution":"{\"name\": \"FloatDistribution\", \"attributes\": {\"step\": null, \"low\": 0.0009, \"high\": 0.007, \"log\": true}}"}
{"op_code":5,"worker_id":"9ce5796d-fff7-4660-872f-3de5042074e9-140257851785216","trial_id":83,"param_name":"transfer_lr","param_value_internal":0.0013012194708053016,"distribution":"{\"name\": \"FloatDistribution\", \"attributes\": {\"step\": null, \"low\": 1e-05, \"high\": 5.0, \"log\": true}}"}
{"op_code":5,"worker_id":"9ce5796d-fff7-4660-872f-3de5042074e9-140257851785216","trial_id":83,"param_name":"transfer_every","param_value_internal":1.0,"distribution":"{\"name\": \"IntDistribution\", \"attributes\": {\"log\": true, \"step\": 1, \"low\": 1, \"high\": 70}}"}
{"op_code":5,"worker_id":"9ce5796d-fff7-4660-872f-3de5042074e9-140257851785216","trial_id":83,"param_name":"rank_exp","param_value_internal":0.0,"distribution":"{\"name\": \"IntDistribution\", \"attributes\": {\"log\": false, \"step\": 1, \"low\": 0, \"high\": 6}}"}
{"op_code":5,"worker_id":"9ce5796d-fff7-4660-872f-3de5042074e9-140257851785216","trial_id":83,"param_name":"fast_lr","param_value_internal":17.13531027511597,"distribution":"{\"name\": \"FloatDistribution\", \"attributes\": {\"step\": null, \"low\": 2e-05, \"high\": 50.0, \"log\": true}}"}
{"op_code":5,"worker_id":"9ce5796d-fff7-4660-872f-3de5042074e9-140257851785216","trial_id":83,"param_name":"tau_sec","param_value_internal":0.0,"distribution":"{\"name\": \"FloatDistribution\", \"attributes\": {\"step\": null, \"low\": 0.0, \"high\": 0.0, \"log\": false}}"}
{"op_code":5,"worker_id":"9ce5796d-fff7-4660-872f-3de5042074e9-140257851785216","trial_id":83,"param_name":"ab_dw_min","param_value_internal":0.00042059863141686985,"distribution":"{\"name\": \"FloatDistribution\", \"attributes\": {\"step\": null, \"low\": 3e-06, \"high\": 0.006, \"log\": true}}"}
{"op_code":5,"worker_id":"9ce5796d-fff7-4660-872f-3de5042074e9-140257851785216","trial_id":83,"param_name":"ab_desired_bl","param_value_internal":31.0,"distribution":"{\"name\": \"IntDistribution\", \"attributes\": {\"log\": false, \"step\": 1, \"low\": 31, \"high\": 31}}"}
{"op_code":5,"worker_id":"9ce5796d-fff7-4660-872f-3de5042074e9-140257851785216","trial_id":83,"param_name":"ab_multilevel","param_value_internal":1.0,"distribution":"{\"name\": \"IntDistribution\", \"attributes\": {\"log\": false, \"step\": 1, \"low\": 1, \"high\": 14}}"}
{"op_code":5,"worker_id":"9ce5796d-fff7-4660-872f-3de5042074e9-140257851785216","trial_id":83,"param_name":"a_reset_std","param_value_internal":1e-30,"distribution":"{\"name\": \"FloatDistribution\", \"attributes\": {\"step\": null, \"low\": 1e-30, \"high\": 1e-30, \"log\": true}}"}
{"op_code":5,"worker_id":"9ce5796d-fff7-4660-872f-3de5042074e9-140257851785216","trial_id":83,"param_name":"b_reset_std","param_value_internal":1e-30,"distribution":"{\"name\": \"FloatDistribution\", \"attributes\": {\"step\": null, \"low\": 1e-30, \"high\": 1e-30, \"log\": true}}"}
{"op_code":5,"worker_id":"9ce5796d-fff7-4660-872f-3de5042074e9-140257851785216","trial_id":83,"param_name":"c_dw_min","param_value_internal":0.003881479008490426,"distribution":"{\"name\": \"FloatDistribution\", \"attributes\": {\"step\": null, \"low\": 0.001, \"high\": 0.04, \"log\": true}}"}
{"op_code":5,"worker_id":"9ce5796d-fff7-4660-872f-3de5042074e9-140257851785216","trial_id":83,"param_name":"c_desired_bl","param_value_internal":31.0,"distribution":"{\"name\": \"IntDistribution\", \"attributes\": {\"log\": false, \"step\": 1, \"low\": 31, \"high\": 31}}"}
{"op_code":5,"worker_id":"9ce5796d-fff7-4660-872f-3de5042074e9-140257851785216","trial_id":83,"param_name":"out_noise","param_value_internal":0.0,"distribution":"{\"name\": \"FloatDistribution\", \"attributes\": {\"step\": null, \"low\": 0.0, \"high\": 0.0, \"log\": false}}"}
{"op_code":5,"worker_id":"9ce5796d-fff7-4660-872f-3de5042074e9-140257851785216","trial_id":83,"param_name":"ab_weight_scaling_omega","param_value_internal":0.0,"distribution":"{\"name\": \"FloatDistribution\", \"attributes\": {\"step\": null, \"low\": 0.0, \"high\": 0.0, \"log\": false}}"}
{"op_code":5,"worker_id":"9ce5796d-fff7-4660-872f-3de5042074e9-140257851785216","trial_id":83,"param_name":"min_lr_rate","param_value_internal":0.0,"distribution":"{\"name\": \"FloatDistribution\", \"attributes\": {\"step\": null, \"low\": 0.0, \"high\": 0.0, \"log\": false}}"}
{"op_code":5,"worker_id":"9ce5796d-fff7-4660-872f-3de5042074e9-140257851785216","trial_id":83,"param_name":"a_density","param_value_internal":0.02782343952230682,"distribution":"{\"name\": \"FloatDistribution\", \"attributes\": {\"step\": null, \"low\": 0.001, \"high\": 1.0, \"log\": true}}"}
{"op_code":8,"worker_id":"9ce5796d-fff7-4660-872f-3de5042074e9-140257851785216","trial_id":83,"user_attr":{"grad_accum_steps":1}}
{"op_code":7,"worker_id":"b8bcac3c-5048-4dbc-8fbc-2f45322dee37-139722167521280","trial_id":80,"step":5,"intermediate_value":78.4100955222712}
{"op_code":8,"worker_id":"b8bcac3c-5048-4dbc-8fbc-2f45322dee37-139722167521280","trial_id":80,"user_attr":{"train_loss_epoch_5":1.501690351898431}}
{"op_code":6,"worker_id":"b8bcac3c-5048-4dbc-8fbc-2f45322dee37-139722167521280","trial_id":80,"state":1,"values":[78.4100955222712],"datetime_complete":"2026-05-26T05:51:18.336224"}
{"op_code":4,"worker_id":"b8bcac3c-5048-4dbc-8fbc-2f45322dee37-139722167521280","study_id":0,"datetime_start":"2026-05-26T05:51:18.337908"}
{"op_code":5,"worker_id":"b8bcac3c-5048-4dbc-8fbc-2f45322dee37-139722167521280","trial_id":84,"param_name":"learning_rate","param_value_internal":0.0021859607698340366,"distribution":"{\"name\": \"FloatDistribution\", \"attributes\": {\"step\": null, \"low\": 0.0009, \"high\": 0.007, \"log\": true}}"}
{"op_code":5,"worker_id":"b8bcac3c-5048-4dbc-8fbc-2f45322dee37-139722167521280","trial_id":84,"param_name":"transfer_lr","param_value_internal":0.00103359477889458,"distribution":"{\"name\": \"FloatDistribution\", \"attributes\": {\"step\": null, \"low\": 1e-05, \"high\": 5.0, \"log\": true}}"}
{"op_code":5,"worker_id":"b8bcac3c-5048-4dbc-8fbc-2f45322dee37-139722167521280","trial_id":84,"param_name":"transfer_every","param_value_internal":43.0,"distribution":"{\"name\": \"IntDistribution\", \"attributes\": {\"log\": true, \"step\": 1, \"low\": 1, \"high\": 70}}"}
{"op_code":5,"worker_id":"b8bcac3c-5048-4dbc-8fbc-2f45322dee37-139722167521280","trial_id":84,"param_name":"rank_exp","param_value_internal":0.0,"distribution":"{\"name\": \"IntDistribution\", \"attributes\": {\"log\": false, \"step\": 1, \"low\": 0, \"high\": 6}}"}
{"op_code":5,"worker_id":"b8bcac3c-5048-4dbc-8fbc-2f45322dee37-139722167521280","trial_id":84,"param_name":"fast_lr","param_value_internal":0.001868565805620741,"distribution":"{\"name\": \"FloatDistribution\", \"attributes\": {\"step\": null, \"low\": 2e-05, \"high\": 50.0, \"log\": true}}"}
{"op_code":5,"worker_id":"b8bcac3c-5048-4dbc-8fbc-2f45322dee37-139722167521280","trial_id":84,"param_name":"tau_sec","param_value_internal":0.0,"distribution":"{\"name\": \"FloatDistribution\", \"attributes\": {\"step\": null, \"low\": 0.0, \"high\": 0.0, \"log\": false}}"}
{"op_code":5,"worker_id":"b8bcac3c-5048-4dbc-8fbc-2f45322dee37-139722167521280","trial_id":84,"param_name":"ab_dw_min","param_value_internal":0.000558355651554331,"distribution":"{\"name\": \"FloatDistribution\", \"attributes\": {\"step\": null, \"low\": 3e-06, \"high\": 0.006, \"log\": true}}"}
{"op_code":5,"worker_id":"b8bcac3c-5048-4dbc-8fbc-2f45322dee37-139722167521280","trial_id":84,"param_name":"ab_desired_bl","param_value_internal":31.0,"distribution":"{\"name\": \"IntDistribution\", \"attributes\": {\"log\": false, \"step\": 1, \"low\": 31, \"high\": 31}}"}
{"op_code":5,"worker_id":"b8bcac3c-5048-4dbc-8fbc-2f45322dee37-139722167521280","trial_id":84,"param_name":"ab_multilevel","param_value_internal":1.0,"distribution":"{\"name\": \"IntDistribution\", \"attributes\": {\"log\": false, \"step\": 1, \"low\": 1, \"high\": 14}}"}
{"op_code":5,"worker_id":"b8bcac3c-5048-4dbc-8fbc-2f45322dee37-139722167521280","trial_id":84,"param_name":"a_reset_std","param_value_internal":1e-30,"distribution":"{\"name\": \"FloatDistribution\", \"attributes\": {\"step\": null, \"low\": 1e-30, \"high\": 1e-30, \"log\": true}}"}
{"op_code":5,"worker_id":"b8bcac3c-5048-4dbc-8fbc-2f45322dee37-139722167521280","trial_id":84,"param_name":"b_reset_std","param_value_internal":1e-30,"distribution":"{\"name\": \"FloatDistribution\", \"attributes\": {\"step\": null, \"low\": 1e-30, \"high\": 1e-30, \"log\": true}}"}
{"op_code":5,"worker_id":"b8bcac3c-5048-4dbc-8fbc-2f45322dee37-139722167521280","trial_id":84,"param_name":"c_dw_min","param_value_internal":0.0037789855215234584,"distribution":"{\"name\": \"FloatDistribution\", \"attributes\": {\"step\": null, \"low\": 0.001, \"high\": 0.04, \"log\": true}}"}
{"op_code":5,"worker_id":"b8bcac3c-5048-4dbc-8fbc-2f45322dee37-139722167521280","trial_id":84,"param_name":"c_desired_bl","param_value_internal":31.0,"distribution":"{\"name\": \"IntDistribution\", \"attributes\": {\"log\": false, \"step\": 1, \"low\": 31, \"high\": 31}}"}
{"op_code":5,"worker_id":"b8bcac3c-5048-4dbc-8fbc-2f45322dee37-139722167521280","trial_id":84,"param_name":"out_noise","param_value_internal":0.0,"distribution":"{\"name\": \"FloatDistribution\", \"attributes\": {\"step\": null, \"low\": 0.0, \"high\": 0.0, \"log\": false}}"}
{"op_code":5,"worker_id":"b8bcac3c-5048-4dbc-8fbc-2f45322dee37-139722167521280","trial_id":84,"param_name":"ab_weight_scaling_omega","param_value_internal":0.0,"distribution":"{\"name\": \"FloatDistribution\", \"attributes\": {\"step\": null, \"low\": 0.0, \"high\": 0.0, \"log\": false}}"}
{"op_code":5,"worker_id":"b8bcac3c-5048-4dbc-8fbc-2f45322dee37-139722167521280","trial_id":84,"param_name":"min_lr_rate","param_value_internal":0.0,"distribution":"{\"name\": \"FloatDistribution\", \"attributes\": {\"step\": null, \"low\": 0.0, \"high\": 0.0, \"log\": false}}"}
{"op_code":5,"worker_id":"b8bcac3c-5048-4dbc-8fbc-2f45322dee37-139722167521280","trial_id":84,"param_name":"a_density","param_value_internal":0.15393443026863082,"distribution":"{\"name\": \"FloatDistribution\", \"attributes\": {\"step\": null, \"low\": 0.001, \"high\": 1.0, \"log\": true}}"}
{"op_code":8,"worker_id":"b8bcac3c-5048-4dbc-8fbc-2f45322dee37-139722167521280","trial_id":84,"user_attr":{"grad_accum_steps":1}}
{"op_code":7,"worker_id":"14c4b143-0cb1-470a-945e-ef9bcb004503-139944608661504","trial_id":82,"step":2,"intermediate_value":74.73521828665523}
{"op_code":8,"worker_id":"14c4b143-0cb1-470a-945e-ef9bcb004503-139944608661504","trial_id":82,"user_attr":{"train_loss_epoch_2":1.7378803313263063}}
{"op_code":7,"worker_id":"af024209-1bab-44f1-8fcc-6e8e8695160f-139743941193728","trial_id":79,"step":5,"intermediate_value":77.86360288895631}
{"op_code":8,"worker_id":"af024209-1bab-44f1-8fcc-6e8e8695160f-139743941193728","trial_id":79,"user_attr":{"train_loss_epoch_5":1.5292779924100655}}
{"op_code":6,"worker_id":"af024209-1bab-44f1-8fcc-6e8e8695160f-139743941193728","trial_id":79,"state":1,"values":[77.86360288895631],"datetime_complete":"2026-05-26T05:55:58.256062"}
{"op_code":4,"worker_id":"af024209-1bab-44f1-8fcc-6e8e8695160f-139743941193728","study_id":0,"datetime_start":"2026-05-26T05:55:58.257846"}
{"op_code":5,"worker_id":"af024209-1bab-44f1-8fcc-6e8e8695160f-139743941193728","trial_id":85,"param_name":"learning_rate","param_value_internal":0.004348357997872781,"distribution":"{\"name\": \"FloatDistribution\", \"attributes\": {\"step\": null, \"low\": 0.0009, \"high\": 0.007, \"log\": true}}"}
{"op_code":5,"worker_id":"af024209-1bab-44f1-8fcc-6e8e8695160f-139743941193728","trial_id":85,"param_name":"transfer_lr","param_value_internal":1.4071222968250415e-05,"distribution":"{\"name\": \"FloatDistribution\", \"attributes\": {\"step\": null, \"low\": 1e-05, \"high\": 5.0, \"log\": true}}"}
{"op_code":5,"worker_id":"af024209-1bab-44f1-8fcc-6e8e8695160f-139743941193728","trial_id":85,"param_name":"transfer_every","param_value_internal":1.0,"distribution":"{\"name\": \"IntDistribution\", \"attributes\": {\"log\": true, \"step\": 1, \"low\": 1, \"high\": 70}}"}
{"op_code":5,"worker_id":"af024209-1bab-44f1-8fcc-6e8e8695160f-139743941193728","trial_id":85,"param_name":"rank_exp","param_value_internal":0.0,"distribution":"{\"name\": \"IntDistribution\", \"attributes\": {\"log\": false, \"step\": 1, \"low\": 0, \"high\": 6}}"}
{"op_code":5,"worker_id":"af024209-1bab-44f1-8fcc-6e8e8695160f-139743941193728","trial_id":85,"param_name":"fast_lr","param_value_internal":0.11975894243691647,"distribution":"{\"name\": \"FloatDistribution\", \"attributes\": {\"step\": null, \"low\": 2e-05, \"high\": 50.0, \"log\": true}}"}
{"op_code":5,"worker_id":"af024209-1bab-44f1-8fcc-6e8e8695160f-139743941193728","trial_id":85,"param_name":"tau_sec","param_value_internal":0.0,"distribution":"{\"name\": \"FloatDistribution\", \"attributes\": {\"step\": null, \"low\": 0.0, \"high\": 0.0, \"log\": false}}"}
{"op_code":5,"worker_id":"af024209-1bab-44f1-8fcc-6e8e8695160f-139743941193728","trial_id":85,"param_name":"ab_dw_min","param_value_internal":0.0003711489547430228,"distribution":"{\"name\": \"FloatDistribution\", \"attributes\": {\"step\": null, \"low\": 3e-06, \"high\": 0.006, \"log\": true}}"}
{"op_code":5,"worker_id":"af024209-1bab-44f1-8fcc-6e8e8695160f-139743941193728","trial_id":85,"param_name":"ab_desired_bl","param_value_internal":31.0,"distribution":"{\"name\": \"IntDistribution\", \"attributes\": {\"log\": false, \"step\": 1, \"low\": 31, \"high\": 31}}"}
{"op_code":5,"worker_id":"af024209-1bab-44f1-8fcc-6e8e8695160f-139743941193728","trial_id":85,"param_name":"ab_multilevel","param_value_internal":1.0,"distribution":"{\"name\": \"IntDistribution\", \"attributes\": {\"log\": false, \"step\": 1, \"low\": 1, \"high\": 14}}"}
{"op_code":5,"worker_id":"af024209-1bab-44f1-8fcc-6e8e8695160f-139743941193728","trial_id":85,"param_name":"a_reset_std","param_value_internal":1e-30,"distribution":"{\"name\": \"FloatDistribution\", \"attributes\": {\"step\": null, \"low\": 1e-30, \"high\": 1e-30, \"log\": true}}"}
{"op_code":5,"worker_id":"af024209-1bab-44f1-8fcc-6e8e8695160f-139743941193728","trial_id":85,"param_name":"b_reset_std","param_value_internal":1e-30,"distribution":"{\"name\": \"FloatDistribution\", \"attributes\": {\"step\": null, \"low\": 1e-30, \"high\": 1e-30, \"log\": true}}"}
{"op_code":5,"worker_id":"af024209-1bab-44f1-8fcc-6e8e8695160f-139743941193728","trial_id":85,"param_name":"c_dw_min","param_value_internal":0.0036831226658768372,"distribution":"{\"name\": \"FloatDistribution\", \"attributes\": {\"step\": null, \"low\": 0.001, \"high\": 0.04, \"log\": true}}"}
{"op_code":5,"worker_id":"af024209-1bab-44f1-8fcc-6e8e8695160f-139743941193728","trial_id":85,"param_name":"c_desired_bl","param_value_internal":31.0,"distribution":"{\"name\": \"IntDistribution\", \"attributes\": {\"log\": false, \"step\": 1, \"low\": 31, \"high\": 31}}"}
{"op_code":5,"worker_id":"af024209-1bab-44f1-8fcc-6e8e8695160f-139743941193728","trial_id":85,"param_name":"out_noise","param_value_internal":0.0,"distribution":"{\"name\": \"FloatDistribution\", \"attributes\": {\"step\": null, \"low\": 0.0, \"high\": 0.0, \"log\": false}}"}
{"op_code":5,"worker_id":"af024209-1bab-44f1-8fcc-6e8e8695160f-139743941193728","trial_id":85,"param_name":"ab_weight_scaling_omega","param_value_internal":0.0,"distribution":"{\"name\": \"FloatDistribution\", \"attributes\": {\"step\": null, \"low\": 0.0, \"high\": 0.0, \"log\": false}}"}
{"op_code":5,"worker_id":"af024209-1bab-44f1-8fcc-6e8e8695160f-139743941193728","trial_id":85,"param_name":"min_lr_rate","param_value_internal":0.0,"distribution":"{\"name\": \"FloatDistribution\", \"attributes\": {\"step\": null, \"low\": 0.0, \"high\": 0.0, \"log\": false}}"}
{"op_code":5,"worker_id":"af024209-1bab-44f1-8fcc-6e8e8695160f-139743941193728","trial_id":85,"param_name":"a_density","param_value_internal":0.006796992047215812,"distribution":"{\"name\": \"FloatDistribution\", \"attributes\": {\"step\": null, \"low\": 0.001, \"high\": 1.0, \"log\": true}}"}
{"op_code":8,"worker_id":"af024209-1bab-44f1-8fcc-6e8e8695160f-139743941193728","trial_id":85,"user_attr":{"grad_accum_steps":1}}
{"op_code":7,"worker_id":"9ce5796d-fff7-4660-872f-3de5042074e9-140257851785216","trial_id":83,"step":1,"intermediate_value":74.91188847312822}
{"op_code":8,"worker_id":"9ce5796d-fff7-4660-872f-3de5042074e9-140257851785216","trial_id":83,"user_attr":{"train_loss_epoch_1":2.177653103727635}}
{"op_code":7,"worker_id":"b8bcac3c-5048-4dbc-8fbc-2f45322dee37-139722167521280","trial_id":84,"step":1,"intermediate_value":73.76284963534712}
{"op_code":8,"worker_id":"b8bcac3c-5048-4dbc-8fbc-2f45322dee37-139722167521280","trial_id":84,"user_attr":{"train_loss_epoch_1":2.2667827793576207}}
{"op_code":7,"worker_id":"14c4b143-0cb1-470a-945e-ef9bcb004503-139944608661504","trial_id":82,"step":3,"intermediate_value":75.58360644299523}
{"op_code":8,"worker_id":"14c4b143-0cb1-470a-945e-ef9bcb004503-139944608661504","trial_id":82,"user_attr":{"train_loss_epoch_3":1.655657626684442}}
{"op_code":7,"worker_id":"af024209-1bab-44f1-8fcc-6e8e8695160f-139743941193728","trial_id":85,"step":1,"intermediate_value":74.58807696147707}
{"op_code":8,"worker_id":"af024209-1bab-44f1-8fcc-6e8e8695160f-139743941193728","trial_id":85,"user_attr":{"train_loss_epoch_1":2.1566148617726353}}
{"op_code":7,"worker_id":"9ce5796d-fff7-4660-872f-3de5042074e9-140257851785216","trial_id":83,"step":2,"intermediate_value":76.53707542785446}
{"op_code":8,"worker_id":"9ce5796d-fff7-4660-872f-3de5042074e9-140257851785216","trial_id":83,"user_attr":{"train_loss_epoch_2":1.6729048252105714}}
{"op_code":7,"worker_id":"b8bcac3c-5048-4dbc-8fbc-2f45322dee37-139722167521280","trial_id":84,"step":2,"intermediate_value":75.858358557923}
{"op_code":8,"worker_id":"b8bcac3c-5048-4dbc-8fbc-2f45322dee37-139722167521280","trial_id":84,"user_attr":{"train_loss_epoch_2":1.6737428151495088}}
{"op_code":7,"worker_id":"14c4b143-0cb1-470a-945e-ef9bcb004503-139944608661504","trial_id":82,"step":4,"intermediate_value":75.92283665432728}
{"op_code":8,"worker_id":"14c4b143-0cb1-470a-945e-ef9bcb004503-139944608661504","trial_id":82,"user_attr":{"train_loss_epoch_4":1.621823071851963}}
{"op_code":7,"worker_id":"af024209-1bab-44f1-8fcc-6e8e8695160f-139743941193728","trial_id":85,"step":2,"intermediate_value":76.09924590395337}
{"op_code":8,"worker_id":"af024209-1bab-44f1-8fcc-6e8e8695160f-139743941193728","trial_id":85,"user_attr":{"train_loss_epoch_2":1.6927813860782117}}
{"op_code":7,"worker_id":"9ce5796d-fff7-4660-872f-3de5042074e9-140257851785216","trial_id":83,"step":3,"intermediate_value":77.20834045554206}
{"op_code":8,"worker_id":"9ce5796d-fff7-4660-872f-3de5042074e9-140257851785216","trial_id":83,"user_attr":{"train_loss_epoch_3":1.5875216611032563}}
{"op_code":7,"worker_id":"b8bcac3c-5048-4dbc-8fbc-2f45322dee37-139722167521280","trial_id":84,"step":3,"intermediate_value":77.18779344194266}
{"op_code":8,"worker_id":"b8bcac3c-5048-4dbc-8fbc-2f45322dee37-139722167521280","trial_id":84,"user_attr":{"train_loss_epoch_3":1.6015919818787716}}
{"op_code":7,"worker_id":"14c4b143-0cb1-470a-945e-ef9bcb004503-139944608661504","trial_id":82,"step":5,"intermediate_value":75.92283665432728}
{"op_code":8,"worker_id":"14c4b143-0cb1-470a-945e-ef9bcb004503-139944608661504","trial_id":82,"user_attr":{"train_loss_epoch_5":1.6044518227822735}}
{"op_code":6,"worker_id":"14c4b143-0cb1-470a-945e-ef9bcb004503-139944608661504","trial_id":82,"state":1,"values":[75.92283665432728],"datetime_complete":"2026-05-26T06:43:47.066342"}
{"op_code":4,"worker_id":"14c4b143-0cb1-470a-945e-ef9bcb004503-139944608661504","study_id":0,"datetime_start":"2026-05-26T06:43:47.068010"}
{"op_code":5,"worker_id":"14c4b143-0cb1-470a-945e-ef9bcb004503-139944608661504","trial_id":86,"param_name":"learning_rate","param_value_internal":0.004406549281221238,"distribution":"{\"name\": \"FloatDistribution\", \"attributes\": {\"step\": null, \"low\": 0.0009, \"high\": 0.007, \"log\": true}}"}
{"op_code":5,"worker_id":"14c4b143-0cb1-470a-945e-ef9bcb004503-139944608661504","trial_id":86,"param_name":"transfer_lr","param_value_internal":0.07433112398036218,"distribution":"{\"name\": \"FloatDistribution\", \"attributes\": {\"step\": null, \"low\": 1e-05, \"high\": 5.0, \"log\": true}}"}
{"op_code":5,"worker_id":"14c4b143-0cb1-470a-945e-ef9bcb004503-139944608661504","trial_id":86,"param_name":"transfer_every","param_value_internal":15.0,"distribution":"{\"name\": \"IntDistribution\", \"attributes\": {\"log\": true, \"step\": 1, \"low\": 1, \"high\": 70}}"}
{"op_code":5,"worker_id":"14c4b143-0cb1-470a-945e-ef9bcb004503-139944608661504","trial_id":86,"param_name":"rank_exp","param_value_internal":0.0,"distribution":"{\"name\": \"IntDistribution\", \"attributes\": {\"log\": false, \"step\": 1, \"low\": 0, \"high\": 6}}"}
{"op_code":5,"worker_id":"14c4b143-0cb1-470a-945e-ef9bcb004503-139944608661504","trial_id":86,"param_name":"fast_lr","param_value_internal":7.455790657737437e-05,"distribution":"{\"name\": \"FloatDistribution\", \"attributes\": {\"step\": null, \"low\": 2e-05, \"high\": 50.0, \"log\": true}}"}
{"op_code":5,"worker_id":"14c4b143-0cb1-470a-945e-ef9bcb004503-139944608661504","trial_id":86,"param_name":"tau_sec","param_value_internal":0.0,"distribution":"{\"name\": \"FloatDistribution\", \"attributes\": {\"step\": null, \"low\": 0.0, \"high\": 0.0, \"log\": false}}"}
{"op_code":5,"worker_id":"14c4b143-0cb1-470a-945e-ef9bcb004503-139944608661504","trial_id":86,"param_name":"ab_dw_min","param_value_internal":3.816165375668614e-06,"distribution":"{\"name\": \"FloatDistribution\", \"attributes\": {\"step\": null, \"low\": 3e-06, \"high\": 0.006, \"log\": true}}"}
{"op_code":5,"worker_id":"14c4b143-0cb1-470a-945e-ef9bcb004503-139944608661504","trial_id":86,"param_name":"ab_desired_bl","param_value_internal":31.0,"distribution":"{\"name\": \"IntDistribution\", \"attributes\": {\"log\": false, \"step\": 1, \"low\": 31, \"high\": 31}}"}
{"op_code":5,"worker_id":"14c4b143-0cb1-470a-945e-ef9bcb004503-139944608661504","trial_id":86,"param_name":"ab_multilevel","param_value_internal":1.0,"distribution":"{\"name\": \"IntDistribution\", \"attributes\": {\"log\": false, \"step\": 1, \"low\": 1, \"high\": 14}}"}
{"op_code":5,"worker_id":"14c4b143-0cb1-470a-945e-ef9bcb004503-139944608661504","trial_id":86,"param_name":"a_reset_std","param_value_internal":1e-30,"distribution":"{\"name\": \"FloatDistribution\", \"attributes\": {\"step\": null, \"low\": 1e-30, \"high\": 1e-30, \"log\": true}}"}
{"op_code":5,"worker_id":"14c4b143-0cb1-470a-945e-ef9bcb004503-139944608661504","trial_id":86,"param_name":"b_reset_std","param_value_internal":1e-30,"distribution":"{\"name\": \"FloatDistribution\", \"attributes\": {\"step\": null, \"low\": 1e-30, \"high\": 1e-30, \"log\": true}}"}
{"op_code":5,"worker_id":"14c4b143-0cb1-470a-945e-ef9bcb004503-139944608661504","trial_id":86,"param_name":"c_dw_min","param_value_internal":0.0034320237663747633,"distribution":"{\"name\": \"FloatDistribution\", \"attributes\": {\"step\": null, \"low\": 0.001, \"high\": 0.04, \"log\": true}}"}
{"op_code":5,"worker_id":"14c4b143-0cb1-470a-945e-ef9bcb004503-139944608661504","trial_id":86,"param_name":"c_desired_bl","param_value_internal":31.0,"distribution":"{\"name\": \"IntDistribution\", \"attributes\": {\"log\": false, \"step\": 1, \"low\": 31, \"high\": 31}}"}
{"op_code":5,"worker_id":"14c4b143-0cb1-470a-945e-ef9bcb004503-139944608661504","trial_id":86,"param_name":"out_noise","param_value_internal":0.0,"distribution":"{\"name\": \"FloatDistribution\", \"attributes\": {\"step\": null, \"low\": 0.0, \"high\": 0.0, \"log\": false}}"}
{"op_code":5,"worker_id":"14c4b143-0cb1-470a-945e-ef9bcb004503-139944608661504","trial_id":86,"param_name":"ab_weight_scaling_omega","param_value_internal":0.0,"distribution":"{\"name\": \"FloatDistribution\", \"attributes\": {\"step\": null, \"low\": 0.0, \"high\": 0.0, \"log\": false}}"}
{"op_code":5,"worker_id":"14c4b143-0cb1-470a-945e-ef9bcb004503-139944608661504","trial_id":86,"param_name":"min_lr_rate","param_value_internal":0.0,"distribution":"{\"name\": \"FloatDistribution\", \"attributes\": {\"step\": null, \"low\": 0.0, \"high\": 0.0, \"log\": false}}"}
{"op_code":5,"worker_id":"14c4b143-0cb1-470a-945e-ef9bcb004503-139944608661504","trial_id":86,"param_name":"a_density","param_value_internal":0.060181042612685934,"distribution":"{\"name\": \"FloatDistribution\", \"attributes\": {\"step\": null, \"low\": 0.001, \"high\": 1.0, \"log\": true}}"}
{"op_code":8,"worker_id":"14c4b143-0cb1-470a-945e-ef9bcb004503-139944608661504","trial_id":86,"user_attr":{"grad_accum_steps":1}}
{"op_code":7,"worker_id":"af024209-1bab-44f1-8fcc-6e8e8695160f-139743941193728","trial_id":85,"step":3,"intermediate_value":77.46069264884594}
{"op_code":8,"worker_id":"af024209-1bab-44f1-8fcc-6e8e8695160f-139743941193728","trial_id":85,"user_attr":{"train_loss_epoch_3":1.607905302590471}}
{"op_code":7,"worker_id":"9ce5796d-fff7-4660-872f-3de5042074e9-140257851785216","trial_id":83,"step":4,"intermediate_value":78.28019930182256}
{"op_code":8,"worker_id":"9ce5796d-fff7-4660-872f-3de5042074e9-140257851785216","trial_id":83,"user_attr":{"train_loss_epoch_4":1.5378019796154363}}
{"op_code":7,"worker_id":"b8bcac3c-5048-4dbc-8fbc-2f45322dee37-139722167521280","trial_id":84,"step":4,"intermediate_value":77.68396428375782}
{"op_code":8,"worker_id":"b8bcac3c-5048-4dbc-8fbc-2f45322dee37-139722167521280","trial_id":84,"user_attr":{"train_loss_epoch_4":1.557535582053952}}
{"op_code":7,"worker_id":"14c4b143-0cb1-470a-945e-ef9bcb004503-139944608661504","trial_id":86,"step":1,"intermediate_value":74.40445222557071}
{"op_code":8,"worker_id":"14c4b143-0cb1-470a-945e-ef9bcb004503-139944608661504","trial_id":86,"user_attr":{"train_loss_epoch_1":2.147075058580414}}
{"op_code":7,"worker_id":"af024209-1bab-44f1-8fcc-6e8e8695160f-139743941193728","trial_id":85,"step":4,"intermediate_value":78.38230969371641}
{"op_code":8,"worker_id":"af024209-1bab-44f1-8fcc-6e8e8695160f-139743941193728","trial_id":85,"user_attr":{"train_loss_epoch_4":1.5517557267574114}}
{"op_code":7,"worker_id":"9ce5796d-fff7-4660-872f-3de5042074e9-140257851785216","trial_id":83,"step":5,"intermediate_value":78.45778925337709}
{"op_code":8,"worker_id":"9ce5796d-fff7-4660-872f-3de5042074e9-140257851785216","trial_id":83,"user_attr":{"train_loss_epoch_5":1.499916887994058}}
{"op_code":6,"worker_id":"9ce5796d-fff7-4660-872f-3de5042074e9-140257851785216","trial_id":83,"state":1,"values":[78.45778925337709],"datetime_complete":"2026-05-26T07:08:33.856230"}
{"op_code":4,"worker_id":"9ce5796d-fff7-4660-872f-3de5042074e9-140257851785216","study_id":0,"datetime_start":"2026-05-26T07:08:33.858104"}
{"op_code":5,"worker_id":"9ce5796d-fff7-4660-872f-3de5042074e9-140257851785216","trial_id":87,"param_name":"learning_rate","param_value_internal":0.0010544725078257195,"distribution":"{\"name\": \"FloatDistribution\", \"attributes\": {\"step\": null, \"low\": 0.0009, \"high\": 0.007, \"log\": true}}"}
{"op_code":5,"worker_id":"9ce5796d-fff7-4660-872f-3de5042074e9-140257851785216","trial_id":87,"param_name":"transfer_lr","param_value_internal":7.500082763168811e-05,"distribution":"{\"name\": \"FloatDistribution\", \"attributes\": {\"step\": null, \"low\": 1e-05, \"high\": 5.0, \"log\": true}}"}
{"op_code":5,"worker_id":"9ce5796d-fff7-4660-872f-3de5042074e9-140257851785216","trial_id":87,"param_name":"transfer_every","param_value_internal":15.0,"distribution":"{\"name\": \"IntDistribution\", \"attributes\": {\"log\": true, \"step\": 1, \"low\": 1, \"high\": 70}}"}
{"op_code":5,"worker_id":"9ce5796d-fff7-4660-872f-3de5042074e9-140257851785216","trial_id":87,"param_name":"rank_exp","param_value_internal":0.0,"distribution":"{\"name\": \"IntDistribution\", \"attributes\": {\"log\": false, \"step\": 1, \"low\": 0, \"high\": 6}}"}
{"op_code":5,"worker_id":"9ce5796d-fff7-4660-872f-3de5042074e9-140257851785216","trial_id":87,"param_name":"fast_lr","param_value_internal":0.02181230753745075,"distribution":"{\"name\": \"FloatDistribution\", \"attributes\": {\"step\": null, \"low\": 2e-05, \"high\": 50.0, \"log\": true}}"}
{"op_code":5,"worker_id":"9ce5796d-fff7-4660-872f-3de5042074e9-140257851785216","trial_id":87,"param_name":"tau_sec","param_value_internal":0.0,"distribution":"{\"name\": \"FloatDistribution\", \"attributes\": {\"step\": null, \"low\": 0.0, \"high\": 0.0, \"log\": false}}"}
{"op_code":5,"worker_id":"9ce5796d-fff7-4660-872f-3de5042074e9-140257851785216","trial_id":87,"param_name":"ab_dw_min","param_value_internal":0.003026809414707551,"distribution":"{\"name\": \"FloatDistribution\", \"attributes\": {\"step\": null, \"low\": 3e-06, \"high\": 0.006, \"log\": true}}"}
{"op_code":5,"worker_id":"9ce5796d-fff7-4660-872f-3de5042074e9-140257851785216","trial_id":87,"param_name":"ab_desired_bl","param_value_internal":31.0,"distribution":"{\"name\": \"IntDistribution\", \"attributes\": {\"log\": false, \"step\": 1, \"low\": 31, \"high\": 31}}"}
{"op_code":5,"worker_id":"9ce5796d-fff7-4660-872f-3de5042074e9-140257851785216","trial_id":87,"param_name":"ab_multilevel","param_value_internal":1.0,"distribution":"{\"name\": \"IntDistribution\", \"attributes\": {\"log\": false, \"step\": 1, \"low\": 1, \"high\": 14}}"}
{"op_code":5,"worker_id":"9ce5796d-fff7-4660-872f-3de5042074e9-140257851785216","trial_id":87,"param_name":"a_reset_std","param_value_internal":1e-30,"distribution":"{\"name\": \"FloatDistribution\", \"attributes\": {\"step\": null, \"low\": 1e-30, \"high\": 1e-30, \"log\": true}}"}
{"op_code":5,"worker_id":"9ce5796d-fff7-4660-872f-3de5042074e9-140257851785216","trial_id":87,"param_name":"b_reset_std","param_value_internal":1e-30,"distribution":"{\"name\": \"FloatDistribution\", \"attributes\": {\"step\": null, \"low\": 1e-30, \"high\": 1e-30, \"log\": true}}"}
{"op_code":5,"worker_id":"9ce5796d-fff7-4660-872f-3de5042074e9-140257851785216","trial_id":87,"param_name":"c_dw_min","param_value_internal":0.0034080360445997585,"distribution":"{\"name\": \"FloatDistribution\", \"attributes\": {\"step\": null, \"low\": 0.001, \"high\": 0.04, \"log\": true}}"}
{"op_code":5,"worker_id":"9ce5796d-fff7-4660-872f-3de5042074e9-140257851785216","trial_id":87,"param_name":"c_desired_bl","param_value_internal":31.0,"distribution":"{\"name\": \"IntDistribution\", \"attributes\": {\"log\": false, \"step\": 1, \"low\": 31, \"high\": 31}}"}
{"op_code":5,"worker_id":"9ce5796d-fff7-4660-872f-3de5042074e9-140257851785216","trial_id":87,"param_name":"out_noise","param_value_internal":0.0,"distribution":"{\"name\": \"FloatDistribution\", \"attributes\": {\"step\": null, \"low\": 0.0, \"high\": 0.0, \"log\": false}}"}
{"op_code":5,"worker_id":"9ce5796d-fff7-4660-872f-3de5042074e9-140257851785216","trial_id":87,"param_name":"ab_weight_scaling_omega","param_value_internal":0.0,"distribution":"{\"name\": \"FloatDistribution\", \"attributes\": {\"step\": null, \"low\": 0.0, \"high\": 0.0, \"log\": false}}"}
{"op_code":5,"worker_id":"9ce5796d-fff7-4660-872f-3de5042074e9-140257851785216","trial_id":87,"param_name":"min_lr_rate","param_value_internal":0.0,"distribution":"{\"name\": \"FloatDistribution\", \"attributes\": {\"step\": null, \"low\": 0.0, \"high\": 0.0, \"log\": false}}"}
{"op_code":5,"worker_id":"9ce5796d-fff7-4660-872f-3de5042074e9-140257851785216","trial_id":87,"param_name":"a_density","param_value_internal":0.007729734074658737,"distribution":"{\"name\": \"FloatDistribution\", \"attributes\": {\"step\": null, \"low\": 0.001, \"high\": 1.0, \"log\": true}}"}
{"op_code":8,"worker_id":"9ce5796d-fff7-4660-872f-3de5042074e9-140257851785216","trial_id":87,"user_attr":{"grad_accum_steps":1}}
{"op_code":7,"worker_id":"b8bcac3c-5048-4dbc-8fbc-2f45322dee37-139722167521280","trial_id":84,"step":5,"intermediate_value":77.7984396150907}
{"op_code":8,"worker_id":"b8bcac3c-5048-4dbc-8fbc-2f45322dee37-139722167521280","trial_id":84,"user_attr":{"train_loss_epoch_5":1.52778822664969}}
{"op_code":6,"worker_id":"b8bcac3c-5048-4dbc-8fbc-2f45322dee37-139722167521280","trial_id":84,"state":1,"values":[77.7984396150907],"datetime_complete":"2026-05-26T07:11:15.206733"}
{"op_code":4,"worker_id":"b8bcac3c-5048-4dbc-8fbc-2f45322dee37-139722167521280","study_id":0,"datetime_start":"2026-05-26T07:11:15.208511"}
{"op_code":5,"worker_id":"b8bcac3c-5048-4dbc-8fbc-2f45322dee37-139722167521280","trial_id":88,"param_name":"learning_rate","param_value_internal":0.004600269211254653,"distribution":"{\"name\": \"FloatDistribution\", \"attributes\": {\"step\": null, \"low\": 0.0009, \"high\": 0.007, \"log\": true}}"}
{"op_code":5,"worker_id":"b8bcac3c-5048-4dbc-8fbc-2f45322dee37-139722167521280","trial_id":88,"param_name":"transfer_lr","param_value_internal":1.6562635810711586,"distribution":"{\"name\": \"FloatDistribution\", \"attributes\": {\"step\": null, \"low\": 1e-05, \"high\": 5.0, \"log\": true}}"}
{"op_code":5,"worker_id":"b8bcac3c-5048-4dbc-8fbc-2f45322dee37-139722167521280","trial_id":88,"param_name":"transfer_every","param_value_internal":4.0,"distribution":"{\"name\": \"IntDistribution\", \"attributes\": {\"log\": true, \"step\": 1, \"low\": 1, \"high\": 70}}"}
{"op_code":5,"worker_id":"b8bcac3c-5048-4dbc-8fbc-2f45322dee37-139722167521280","trial_id":88,"param_name":"rank_exp","param_value_internal":2.0,"distribution":"{\"name\": \"IntDistribution\", \"attributes\": {\"log\": false, \"step\": 1, \"low\": 0, \"high\": 6}}"}
{"op_code":5,"worker_id":"b8bcac3c-5048-4dbc-8fbc-2f45322dee37-139722167521280","trial_id":88,"param_name":"fast_lr","param_value_internal":0.48306776601762685,"distribution":"{\"name\": \"FloatDistribution\", \"attributes\": {\"step\": null, \"low\": 2e-05, \"high\": 50.0, \"log\": true}}"}
{"op_code":5,"worker_id":"b8bcac3c-5048-4dbc-8fbc-2f45322dee37-139722167521280","trial_id":88,"param_name":"tau_sec","param_value_internal":0.0,"distribution":"{\"name\": \"FloatDistribution\", \"attributes\": {\"step\": null, \"low\": 0.0, \"high\": 0.0, \"log\": false}}"}
{"op_code":5,"worker_id":"b8bcac3c-5048-4dbc-8fbc-2f45322dee37-139722167521280","trial_id":88,"param_name":"ab_dw_min","param_value_internal":5.2014983900357415e-05,"distribution":"{\"name\": \"FloatDistribution\", \"attributes\": {\"step\": null, \"low\": 3e-06, \"high\": 0.006, \"log\": true}}"}
{"op_code":5,"worker_id":"b8bcac3c-5048-4dbc-8fbc-2f45322dee37-139722167521280","trial_id":88,"param_name":"ab_desired_bl","param_value_internal":31.0,"distribution":"{\"name\": \"IntDistribution\", \"attributes\": {\"log\": false, \"step\": 1, \"low\": 31, \"high\": 31}}"}
{"op_code":5,"worker_id":"b8bcac3c-5048-4dbc-8fbc-2f45322dee37-139722167521280","trial_id":88,"param_name":"ab_multilevel","param_value_internal":1.0,"distribution":"{\"name\": \"IntDistribution\", \"attributes\": {\"log\": false, \"step\": 1, \"low\": 1, \"high\": 14}}"}
{"op_code":5,"worker_id":"b8bcac3c-5048-4dbc-8fbc-2f45322dee37-139722167521280","trial_id":88,"param_name":"a_reset_std","param_value_internal":1e-30,"distribution":"{\"name\": \"FloatDistribution\", \"attributes\": {\"step\": null, \"low\": 1e-30, \"high\": 1e-30, \"log\": true}}"}
{"op_code":5,"worker_id":"b8bcac3c-5048-4dbc-8fbc-2f45322dee37-139722167521280","trial_id":88,"param_name":"b_reset_std","param_value_internal":1e-30,"distribution":"{\"name\": \"FloatDistribution\", \"attributes\": {\"step\": null, \"low\": 1e-30, \"high\": 1e-30, \"log\": true}}"}
{"op_code":5,"worker_id":"b8bcac3c-5048-4dbc-8fbc-2f45322dee37-139722167521280","trial_id":88,"param_name":"c_dw_min","param_value_internal":0.005429493430188472,"distribution":"{\"name\": \"FloatDistribution\", \"attributes\": {\"step\": null, \"low\": 0.001, \"high\": 0.04, \"log\": true}}"}
{"op_code":5,"worker_id":"b8bcac3c-5048-4dbc-8fbc-2f45322dee37-139722167521280","trial_id":88,"param_name":"c_desired_bl","param_value_internal":31.0,"distribution":"{\"name\": \"IntDistribution\", \"attributes\": {\"log\": false, \"step\": 1, \"low\": 31, \"high\": 31}}"}
{"op_code":5,"worker_id":"b8bcac3c-5048-4dbc-8fbc-2f45322dee37-139722167521280","trial_id":88,"param_name":"out_noise","param_value_internal":0.0,"distribution":"{\"name\": \"FloatDistribution\", \"attributes\": {\"step\": null, \"low\": 0.0, \"high\": 0.0, \"log\": false}}"}
{"op_code":5,"worker_id":"b8bcac3c-5048-4dbc-8fbc-2f45322dee37-139722167521280","trial_id":88,"param_name":"ab_weight_scaling_omega","param_value_internal":0.0,"distribution":"{\"name\": \"FloatDistribution\", \"attributes\": {\"step\": null, \"low\": 0.0, \"high\": 0.0, \"log\": false}}"}
{"op_code":5,"worker_id":"b8bcac3c-5048-4dbc-8fbc-2f45322dee37-139722167521280","trial_id":88,"param_name":"min_lr_rate","param_value_internal":0.0,"distribution":"{\"name\": \"FloatDistribution\", \"attributes\": {\"step\": null, \"low\": 0.0, \"high\": 0.0, \"log\": false}}"}
{"op_code":5,"worker_id":"b8bcac3c-5048-4dbc-8fbc-2f45322dee37-139722167521280","trial_id":88,"param_name":"a_density","param_value_internal":0.005662167532240129,"distribution":"{\"name\": \"FloatDistribution\", \"attributes\": {\"step\": null, \"low\": 0.001, \"high\": 1.0, \"log\": true}}"}
{"op_code":8,"worker_id":"b8bcac3c-5048-4dbc-8fbc-2f45322dee37-139722167521280","trial_id":88,"user_attr":{"grad_accum_steps":1}}
{"op_code":7,"worker_id":"14c4b143-0cb1-470a-945e-ef9bcb004503-139944608661504","trial_id":86,"step":2,"intermediate_value":76.95866955924349}
{"op_code":8,"worker_id":"14c4b143-0cb1-470a-945e-ef9bcb004503-139944608661504","trial_id":86,"user_attr":{"train_loss_epoch_2":1.6689999644995381}}
{"op_code":7,"worker_id":"af024209-1bab-44f1-8fcc-6e8e8695160f-139743941193728","trial_id":85,"step":5,"intermediate_value":78.62490986077586}
{"op_code":8,"worker_id":"af024209-1bab-44f1-8fcc-6e8e8695160f-139743941193728","trial_id":85,"user_attr":{"train_loss_epoch_5":1.5069332298870655}}
{"op_code":6,"worker_id":"af024209-1bab-44f1-8fcc-6e8e8695160f-139743941193728","trial_id":85,"state":1,"values":[78.62490986077586],"datetime_complete":"2026-05-26T07:19:44.545209"}
{"op_code":4,"worker_id":"af024209-1bab-44f1-8fcc-6e8e8695160f-139743941193728","study_id":0,"datetime_start":"2026-05-26T07:19:44.546873"}
{"op_code":5,"worker_id":"af024209-1bab-44f1-8fcc-6e8e8695160f-139743941193728","trial_id":89,"param_name":"learning_rate","param_value_internal":0.001132124143891742,"distribution":"{\"name\": \"FloatDistribution\", \"attributes\": {\"step\": null, \"low\": 0.0009, \"high\": 0.007, \"log\": true}}"}
{"op_code":5,"worker_id":"af024209-1bab-44f1-8fcc-6e8e8695160f-139743941193728","trial_id":89,"param_name":"transfer_lr","param_value_internal":0.003028263293966395,"distribution":"{\"name\": \"FloatDistribution\", \"attributes\": {\"step\": null, \"low\": 1e-05, \"high\": 5.0, \"log\": true}}"}
{"op_code":5,"worker_id":"af024209-1bab-44f1-8fcc-6e8e8695160f-139743941193728","trial_id":89,"param_name":"transfer_every","param_value_internal":4.0,"distribution":"{\"name\": \"IntDistribution\", \"attributes\": {\"log\": true, \"step\": 1, \"low\": 1, \"high\": 70}}"}
{"op_code":5,"worker_id":"af024209-1bab-44f1-8fcc-6e8e8695160f-139743941193728","trial_id":89,"param_name":"rank_exp","param_value_internal":2.0,"distribution":"{\"name\": \"IntDistribution\", \"attributes\": {\"log\": false, \"step\": 1, \"low\": 0, \"high\": 6}}"}
{"op_code":5,"worker_id":"af024209-1bab-44f1-8fcc-6e8e8695160f-139743941193728","trial_id":89,"param_name":"fast_lr","param_value_internal":3.9109136439267145,"distribution":"{\"name\": \"FloatDistribution\", \"attributes\": {\"step\": null, \"low\": 2e-05, \"high\": 50.0, \"log\": true}}"}
{"op_code":5,"worker_id":"af024209-1bab-44f1-8fcc-6e8e8695160f-139743941193728","trial_id":89,"param_name":"tau_sec","param_value_internal":0.0,"distribution":"{\"name\": \"FloatDistribution\", \"attributes\": {\"step\": null, \"low\": 0.0, \"high\": 0.0, \"log\": false}}"}
{"op_code":5,"worker_id":"af024209-1bab-44f1-8fcc-6e8e8695160f-139743941193728","trial_id":89,"param_name":"ab_dw_min","param_value_internal":0.0005952239705817522,"distribution":"{\"name\": \"FloatDistribution\", \"attributes\": {\"step\": null, \"low\": 3e-06, \"high\": 0.006, \"log\": true}}"}
{"op_code":5,"worker_id":"af024209-1bab-44f1-8fcc-6e8e8695160f-139743941193728","trial_id":89,"param_name":"ab_desired_bl","param_value_internal":31.0,"distribution":"{\"name\": \"IntDistribution\", \"attributes\": {\"log\": false, \"step\": 1, \"low\": 31, \"high\": 31}}"}
{"op_code":5,"worker_id":"af024209-1bab-44f1-8fcc-6e8e8695160f-139743941193728","trial_id":89,"param_name":"ab_multilevel","param_value_internal":1.0,"distribution":"{\"name\": \"IntDistribution\", \"attributes\": {\"log\": false, \"step\": 1, \"low\": 1, \"high\": 14}}"}
{"op_code":5,"worker_id":"af024209-1bab-44f1-8fcc-6e8e8695160f-139743941193728","trial_id":89,"param_name":"a_reset_std","param_value_internal":1e-30,"distribution":"{\"name\": \"FloatDistribution\", \"attributes\": {\"step\": null, \"low\": 1e-30, \"high\": 1e-30, \"log\": true}}"}
{"op_code":5,"worker_id":"af024209-1bab-44f1-8fcc-6e8e8695160f-139743941193728","trial_id":89,"param_name":"b_reset_std","param_value_internal":1e-30,"distribution":"{\"name\": \"FloatDistribution\", \"attributes\": {\"step\": null, \"low\": 1e-30, \"high\": 1e-30, \"log\": true}}"}
{"op_code":5,"worker_id":"af024209-1bab-44f1-8fcc-6e8e8695160f-139743941193728","trial_id":89,"param_name":"c_dw_min","param_value_internal":0.0058437563496815705,"distribution":"{\"name\": \"FloatDistribution\", \"attributes\": {\"step\": null, \"low\": 0.001, \"high\": 0.04, \"log\": true}}"}
{"op_code":5,"worker_id":"af024209-1bab-44f1-8fcc-6e8e8695160f-139743941193728","trial_id":89,"param_name":"c_desired_bl","param_value_internal":31.0,"distribution":"{\"name\": \"IntDistribution\", \"attributes\": {\"log\": false, \"step\": 1, \"low\": 31, \"high\": 31}}"}
{"op_code":5,"worker_id":"af024209-1bab-44f1-8fcc-6e8e8695160f-139743941193728","trial_id":89,"param_name":"out_noise","param_value_internal":0.0,"distribution":"{\"name\": \"FloatDistribution\", \"attributes\": {\"step\": null, \"low\": 0.0, \"high\": 0.0, \"log\": false}}"}
{"op_code":5,"worker_id":"af024209-1bab-44f1-8fcc-6e8e8695160f-139743941193728","trial_id":89,"param_name":"ab_weight_scaling_omega","param_value_internal":0.0,"distribution":"{\"name\": \"FloatDistribution\", \"attributes\": {\"step\": null, \"low\": 0.0, \"high\": 0.0, \"log\": false}}"}
{"op_code":5,"worker_id":"af024209-1bab-44f1-8fcc-6e8e8695160f-139743941193728","trial_id":89,"param_name":"min_lr_rate","param_value_internal":0.0,"distribution":"{\"name\": \"FloatDistribution\", \"attributes\": {\"step\": null, \"low\": 0.0, \"high\": 0.0, \"log\": false}}"}
{"op_code":5,"worker_id":"af024209-1bab-44f1-8fcc-6e8e8695160f-139743941193728","trial_id":89,"param_name":"a_density","param_value_internal":0.0033892073087950472,"distribution":"{\"name\": \"FloatDistribution\", \"attributes\": {\"step\": null, \"low\": 0.001, \"high\": 1.0, \"log\": true}}"}
{"op_code":8,"worker_id":"af024209-1bab-44f1-8fcc-6e8e8695160f-139743941193728","trial_id":89,"user_attr":{"grad_accum_steps":1}}
{"op_code":7,"worker_id":"9ce5796d-fff7-4660-872f-3de5042074e9-140257851785216","trial_id":87,"step":1,"intermediate_value":71.85931618269694}
{"op_code":8,"worker_id":"9ce5796d-fff7-4660-872f-3de5042074e9-140257851785216","trial_id":87,"user_attr":{"train_loss_epoch_1":2.485228447862434}}
{"op_code":7,"worker_id":"b8bcac3c-5048-4dbc-8fbc-2f45322dee37-139722167521280","trial_id":88,"step":1,"intermediate_value":73.25714978393772}
{"op_code":8,"worker_id":"b8bcac3c-5048-4dbc-8fbc-2f45322dee37-139722167521280","trial_id":88,"user_attr":{"train_loss_epoch_1":2.163044944235949}}
{"op_code":7,"worker_id":"14c4b143-0cb1-470a-945e-ef9bcb004503-139944608661504","trial_id":86,"step":3,"intermediate_value":77.50809002133465}
{"op_code":8,"worker_id":"14c4b143-0cb1-470a-945e-ef9bcb004503-139944608661504","trial_id":86,"user_attr":{"train_loss_epoch_3":1.5987488234915384}}
{"op_code":7,"worker_id":"af024209-1bab-44f1-8fcc-6e8e8695160f-139743941193728","trial_id":89,"step":1,"intermediate_value":72.41144238267006}
{"op_code":8,"worker_id":"af024209-1bab-44f1-8fcc-6e8e8695160f-139743941193728","trial_id":89,"user_attr":{"train_loss_epoch_1":2.460119829139089}}
{"op_code":7,"worker_id":"9ce5796d-fff7-4660-872f-3de5042074e9-140257851785216","trial_id":87,"step":2,"intermediate_value":74.33130694884015}
{"op_code":8,"worker_id":"9ce5796d-fff7-4660-872f-3de5042074e9-140257851785216","trial_id":87,"user_attr":{"train_loss_epoch_2":1.741885434708944}}
{"op_code":7,"worker_id":"b8bcac3c-5048-4dbc-8fbc-2f45322dee37-139722167521280","trial_id":88,"step":2,"intermediate_value":75.13825373299738}
{"op_code":8,"worker_id":"b8bcac3c-5048-4dbc-8fbc-2f45322dee37-139722167521280","trial_id":88,"user_attr":{"train_loss_epoch_2":1.7098201161154563}}
{"op_code":7,"worker_id":"14c4b143-0cb1-470a-945e-ef9bcb004503-139944608661504","trial_id":86,"step":4,"intermediate_value":78.29171539432939}
{"op_code":8,"worker_id":"14c4b143-0cb1-470a-945e-ef9bcb004503-139944608661504","trial_id":86,"user_attr":{"train_loss_epoch_4":1.5452841364271273}}
{"op_code":7,"worker_id":"af024209-1bab-44f1-8fcc-6e8e8695160f-139743941193728","trial_id":89,"step":2,"intermediate_value":74.56583143274123}
{"op_code":8,"worker_id":"af024209-1bab-44f1-8fcc-6e8e8695160f-139743941193728","trial_id":89,"user_attr":{"train_loss_epoch_2":1.7393103430264687}}
{"op_code":7,"worker_id":"9ce5796d-fff7-4660-872f-3de5042074e9-140257851785216","trial_id":87,"step":3,"intermediate_value":75.50602254199835}
{"op_code":8,"worker_id":"9ce5796d-fff7-4660-872f-3de5042074e9-140257851785216","trial_id":87,"user_attr":{"train_loss_epoch_3":1.6516383977117255}}
{"op_code":7,"worker_id":"b8bcac3c-5048-4dbc-8fbc-2f45322dee37-139722167521280","trial_id":88,"step":3,"intermediate_value":76.68487347104833}
{"op_code":8,"worker_id":"b8bcac3c-5048-4dbc-8fbc-2f45322dee37-139722167521280","trial_id":88,"user_attr":{"train_loss_epoch_3":1.629316580650929}}
{"op_code":7,"worker_id":"14c4b143-0cb1-470a-945e-ef9bcb004503-139944608661504","trial_id":86,"step":5,"intermediate_value":78.50333922821336}
{"op_code":8,"worker_id":"14c4b143-0cb1-470a-945e-ef9bcb004503-139944608661504","trial_id":86,"user_attr":{"train_loss_epoch_5":1.5035259347297958}}
{"op_code":6,"worker_id":"14c4b143-0cb1-470a-945e-ef9bcb004503-139944608661504","trial_id":86,"state":1,"values":[78.50333922821336],"datetime_complete":"2026-05-26T08:04:00.149413"}
{"op_code":4,"worker_id":"14c4b143-0cb1-470a-945e-ef9bcb004503-139944608661504","study_id":0,"datetime_start":"2026-05-26T08:04:00.151287"}
{"op_code":5,"worker_id":"14c4b143-0cb1-470a-945e-ef9bcb004503-139944608661504","trial_id":90,"param_name":"learning_rate","param_value_internal":0.0022231857020571363,"distribution":"{\"name\": \"FloatDistribution\", \"attributes\": {\"step\": null, \"low\": 0.0009, \"high\": 0.007, \"log\": true}}"}
{"op_code":5,"worker_id":"14c4b143-0cb1-470a-945e-ef9bcb004503-139944608661504","trial_id":90,"param_name":"transfer_lr","param_value_internal":0.05087171013601384,"distribution":"{\"name\": \"FloatDistribution\", \"attributes\": {\"step\": null, \"low\": 1e-05, \"high\": 5.0, \"log\": true}}"}
{"op_code":5,"worker_id":"14c4b143-0cb1-470a-945e-ef9bcb004503-139944608661504","trial_id":90,"param_name":"transfer_every","param_value_internal":2.0,"distribution":"{\"name\": \"IntDistribution\", \"attributes\": {\"log\": true, \"step\": 1, \"low\": 1, \"high\": 70}}"}
{"op_code":5,"worker_id":"14c4b143-0cb1-470a-945e-ef9bcb004503-139944608661504","trial_id":90,"param_name":"rank_exp","param_value_internal":3.0,"distribution":"{\"name\": \"IntDistribution\", \"attributes\": {\"log\": false, \"step\": 1, \"low\": 0, \"high\": 6}}"}
{"op_code":5,"worker_id":"14c4b143-0cb1-470a-945e-ef9bcb004503-139944608661504","trial_id":90,"param_name":"fast_lr","param_value_internal":2.6030770049999807,"distribution":"{\"name\": \"FloatDistribution\", \"attributes\": {\"step\": null, \"low\": 2e-05, \"high\": 50.0, \"log\": true}}"}
{"op_code":5,"worker_id":"14c4b143-0cb1-470a-945e-ef9bcb004503-139944608661504","trial_id":90,"param_name":"tau_sec","param_value_internal":0.0,"distribution":"{\"name\": \"FloatDistribution\", \"attributes\": {\"step\": null, \"low\": 0.0, \"high\": 0.0, \"log\": false}}"}
{"op_code":5,"worker_id":"14c4b143-0cb1-470a-945e-ef9bcb004503-139944608661504","trial_id":90,"param_name":"ab_dw_min","param_value_internal":6.900200121046132e-06,"distribution":"{\"name\": \"FloatDistribution\", \"attributes\": {\"step\": null, \"low\": 3e-06, \"high\": 0.006, \"log\": true}}"}
{"op_code":5,"worker_id":"14c4b143-0cb1-470a-945e-ef9bcb004503-139944608661504","trial_id":90,"param_name":"ab_desired_bl","param_value_internal":31.0,"distribution":"{\"name\": \"IntDistribution\", \"attributes\": {\"log\": false, \"step\": 1, \"low\": 31, \"high\": 31}}"}
{"op_code":5,"worker_id":"14c4b143-0cb1-470a-945e-ef9bcb004503-139944608661504","trial_id":90,"param_name":"ab_multilevel","param_value_internal":1.0,"distribution":"{\"name\": \"IntDistribution\", \"attributes\": {\"log\": false, \"step\": 1, \"low\": 1, \"high\": 14}}"}
{"op_code":5,"worker_id":"14c4b143-0cb1-470a-945e-ef9bcb004503-139944608661504","trial_id":90,"param_name":"a_reset_std","param_value_internal":1e-30,"distribution":"{\"name\": \"FloatDistribution\", \"attributes\": {\"step\": null, \"low\": 1e-30, \"high\": 1e-30, \"log\": true}}"}
{"op_code":5,"worker_id":"14c4b143-0cb1-470a-945e-ef9bcb004503-139944608661504","trial_id":90,"param_name":"b_reset_std","param_value_internal":1e-30,"distribution":"{\"name\": \"FloatDistribution\", \"attributes\": {\"step\": null, \"low\": 1e-30, \"high\": 1e-30, \"log\": true}}"}
{"op_code":5,"worker_id":"14c4b143-0cb1-470a-945e-ef9bcb004503-139944608661504","trial_id":90,"param_name":"c_dw_min","param_value_internal":0.006181622348695806,"distribution":"{\"name\": \"FloatDistribution\", \"attributes\": {\"step\": null, \"low\": 0.001, \"high\": 0.04, \"log\": true}}"}
{"op_code":5,"worker_id":"14c4b143-0cb1-470a-945e-ef9bcb004503-139944608661504","trial_id":90,"param_name":"c_desired_bl","param_value_internal":31.0,"distribution":"{\"name\": \"IntDistribution\", \"attributes\": {\"log\": false, \"step\": 1, \"low\": 31, \"high\": 31}}"}
{"op_code":5,"worker_id":"14c4b143-0cb1-470a-945e-ef9bcb004503-139944608661504","trial_id":90,"param_name":"out_noise","param_value_internal":0.0,"distribution":"{\"name\": \"FloatDistribution\", \"attributes\": {\"step\": null, \"low\": 0.0, \"high\": 0.0, \"log\": false}}"}
{"op_code":5,"worker_id":"14c4b143-0cb1-470a-945e-ef9bcb004503-139944608661504","trial_id":90,"param_name":"ab_weight_scaling_omega","param_value_internal":0.0,"distribution":"{\"name\": \"FloatDistribution\", \"attributes\": {\"step\": null, \"low\": 0.0, \"high\": 0.0, \"log\": false}}"}
{"op_code":5,"worker_id":"14c4b143-0cb1-470a-945e-ef9bcb004503-139944608661504","trial_id":90,"param_name":"min_lr_rate","param_value_internal":0.0,"distribution":"{\"name\": \"FloatDistribution\", \"attributes\": {\"step\": null, \"low\": 0.0, \"high\": 0.0, \"log\": false}}"}
{"op_code":5,"worker_id":"14c4b143-0cb1-470a-945e-ef9bcb004503-139944608661504","trial_id":90,"param_name":"a_density","param_value_internal":0.19090423617753824,"distribution":"{\"name\": \"FloatDistribution\", \"attributes\": {\"step\": null, \"low\": 0.001, \"high\": 1.0, \"log\": true}}"}
{"op_code":8,"worker_id":"14c4b143-0cb1-470a-945e-ef9bcb004503-139944608661504","trial_id":90,"user_attr":{"grad_accum_steps":1}}
{"op_code":7,"worker_id":"af024209-1bab-44f1-8fcc-6e8e8695160f-139743941193728","trial_id":89,"step":3,"intermediate_value":75.7963957377692}
{"op_code":8,"worker_id":"af024209-1bab-44f1-8fcc-6e8e8695160f-139743941193728","trial_id":89,"user_attr":{"train_loss_epoch_3":1.6527121141027952}}
{"op_code":7,"worker_id":"9ce5796d-fff7-4660-872f-3de5042074e9-140257851785216","trial_id":87,"step":4,"intermediate_value":76.18851319440182}
{"op_code":8,"worker_id":"9ce5796d-fff7-4660-872f-3de5042074e9-140257851785216","trial_id":87,"user_attr":{"train_loss_epoch_4":1.6122714427428517}}
{"op_code":7,"worker_id":"b8bcac3c-5048-4dbc-8fbc-2f45322dee37-139722167521280","trial_id":88,"step":4,"intermediate_value":77.83237795899694}
{"op_code":8,"worker_id":"b8bcac3c-5048-4dbc-8fbc-2f45322dee37-139722167521280","trial_id":88,"user_attr":{"train_loss_epoch_4":1.5745223659163892}}
{"op_code":7,"worker_id":"14c4b143-0cb1-470a-945e-ef9bcb004503-139944608661504","trial_id":90,"step":1,"intermediate_value":73.7160504238627}
{"op_code":8,"worker_id":"14c4b143-0cb1-470a-945e-ef9bcb004503-139944608661504","trial_id":90,"user_attr":{"train_loss_epoch_1":2.262377099745319}}
{"op_code":7,"worker_id":"af024209-1bab-44f1-8fcc-6e8e8695160f-139743941193728","trial_id":89,"step":4,"intermediate_value":76.28289253478292}
{"op_code":8,"worker_id":"af024209-1bab-44f1-8fcc-6e8e8695160f-139743941193728","trial_id":89,"user_attr":{"train_loss_epoch_4":1.6108906688728952}}
{"op_code":7,"worker_id":"9ce5796d-fff7-4660-872f-3de5042074e9-140257851785216","trial_id":87,"step":5,"intermediate_value":76.18851319440182}
{"op_code":8,"worker_id":"9ce5796d-fff7-4660-872f-3de5042074e9-140257851785216","trial_id":87,"user_attr":{"train_loss_epoch_5":1.5905392147338164}}
{"op_code":6,"worker_id":"9ce5796d-fff7-4660-872f-3de5042074e9-140257851785216","trial_id":87,"state":1,"values":[76.18851319440182],"datetime_complete":"2026-05-26T08:28:33.477048"}
{"op_code":4,"worker_id":"9ce5796d-fff7-4660-872f-3de5042074e9-140257851785216","study_id":0,"datetime_start":"2026-05-26T08:28:33.478815"}
{"op_code":5,"worker_id":"9ce5796d-fff7-4660-872f-3de5042074e9-140257851785216","trial_id":91,"param_name":"learning_rate","param_value_internal":0.0009736390690080461,"distribution":"{\"name\": \"FloatDistribution\", \"attributes\": {\"step\": null, \"low\": 0.0009, \"high\": 0.007, \"log\": true}}"}
{"op_code":5,"worker_id":"9ce5796d-fff7-4660-872f-3de5042074e9-140257851785216","trial_id":91,"param_name":"transfer_lr","param_value_internal":1.4320034459366338,"distribution":"{\"name\": \"FloatDistribution\", \"attributes\": {\"step\": null, \"low\": 1e-05, \"high\": 5.0, \"log\": true}}"}
{"op_code":5,"worker_id":"9ce5796d-fff7-4660-872f-3de5042074e9-140257851785216","trial_id":91,"param_name":"transfer_every","param_value_internal":24.0,"distribution":"{\"name\": \"IntDistribution\", \"attributes\": {\"log\": true, \"step\": 1, \"low\": 1, \"high\": 70}}"}
{"op_code":5,"worker_id":"9ce5796d-fff7-4660-872f-3de5042074e9-140257851785216","trial_id":91,"param_name":"rank_exp","param_value_internal":3.0,"distribution":"{\"name\": \"IntDistribution\", \"attributes\": {\"log\": false, \"step\": 1, \"low\": 0, \"high\": 6}}"}
{"op_code":5,"worker_id":"9ce5796d-fff7-4660-872f-3de5042074e9-140257851785216","trial_id":91,"param_name":"fast_lr","param_value_internal":0.007301160184207829,"distribution":"{\"name\": \"FloatDistribution\", \"attributes\": {\"step\": null, \"low\": 2e-05, \"high\": 50.0, \"log\": true}}"}
{"op_code":5,"worker_id":"9ce5796d-fff7-4660-872f-3de5042074e9-140257851785216","trial_id":91,"param_name":"tau_sec","param_value_internal":0.0,"distribution":"{\"name\": \"FloatDistribution\", \"attributes\": {\"step\": null, \"low\": 0.0, \"high\": 0.0, \"log\": false}}"}
{"op_code":5,"worker_id":"9ce5796d-fff7-4660-872f-3de5042074e9-140257851785216","trial_id":91,"param_name":"ab_dw_min","param_value_internal":1.1960275603069511e-05,"distribution":"{\"name\": \"FloatDistribution\", \"attributes\": {\"step\": null, \"low\": 3e-06, \"high\": 0.006, \"log\": true}}"}
{"op_code":5,"worker_id":"9ce5796d-fff7-4660-872f-3de5042074e9-140257851785216","trial_id":91,"param_name":"ab_desired_bl","param_value_internal":31.0,"distribution":"{\"name\": \"IntDistribution\", \"attributes\": {\"log\": false, \"step\": 1, \"low\": 31, \"high\": 31}}"}
{"op_code":5,"worker_id":"9ce5796d-fff7-4660-872f-3de5042074e9-140257851785216","trial_id":91,"param_name":"ab_multilevel","param_value_internal":1.0,"distribution":"{\"name\": \"IntDistribution\", \"attributes\": {\"log\": false, \"step\": 1, \"low\": 1, \"high\": 14}}"}
{"op_code":5,"worker_id":"9ce5796d-fff7-4660-872f-3de5042074e9-140257851785216","trial_id":91,"param_name":"a_reset_std","param_value_internal":1e-30,"distribution":"{\"name\": \"FloatDistribution\", \"attributes\": {\"step\": null, \"low\": 1e-30, \"high\": 1e-30, \"log\": true}}"}
{"op_code":5,"worker_id":"9ce5796d-fff7-4660-872f-3de5042074e9-140257851785216","trial_id":91,"param_name":"b_reset_std","param_value_internal":1e-30,"distribution":"{\"name\": \"FloatDistribution\", \"attributes\": {\"step\": null, \"low\": 1e-30, \"high\": 1e-30, \"log\": true}}"}
{"op_code":5,"worker_id":"9ce5796d-fff7-4660-872f-3de5042074e9-140257851785216","trial_id":91,"param_name":"c_dw_min","param_value_internal":0.00665414499102301,"distribution":"{\"name\": \"FloatDistribution\", \"attributes\": {\"step\": null, \"low\": 0.001, \"high\": 0.04, \"log\": true}}"}
{"op_code":5,"worker_id":"9ce5796d-fff7-4660-872f-3de5042074e9-140257851785216","trial_id":91,"param_name":"c_desired_bl","param_value_internal":31.0,"distribution":"{\"name\": \"IntDistribution\", \"attributes\": {\"log\": false, \"step\": 1, \"low\": 31, \"high\": 31}}"}
{"op_code":5,"worker_id":"9ce5796d-fff7-4660-872f-3de5042074e9-140257851785216","trial_id":91,"param_name":"out_noise","param_value_internal":0.0,"distribution":"{\"name\": \"FloatDistribution\", \"attributes\": {\"step\": null, \"low\": 0.0, \"high\": 0.0, \"log\": false}}"}
{"op_code":5,"worker_id":"9ce5796d-fff7-4660-872f-3de5042074e9-140257851785216","trial_id":91,"param_name":"ab_weight_scaling_omega","param_value_internal":0.0,"distribution":"{\"name\": \"FloatDistribution\", \"attributes\": {\"step\": null, \"low\": 0.0, \"high\": 0.0, \"log\": false}}"}
{"op_code":5,"worker_id":"9ce5796d-fff7-4660-872f-3de5042074e9-140257851785216","trial_id":91,"param_name":"min_lr_rate","param_value_internal":0.0,"distribution":"{\"name\": \"FloatDistribution\", \"attributes\": {\"step\": null, \"low\": 0.0, \"high\": 0.0, \"log\": false}}"}
{"op_code":5,"worker_id":"9ce5796d-fff7-4660-872f-3de5042074e9-140257851785216","trial_id":91,"param_name":"a_density","param_value_internal":0.06265195506186501,"distribution":"{\"name\": \"FloatDistribution\", \"attributes\": {\"step\": null, \"low\": 0.001, \"high\": 1.0, \"log\": true}}"}
{"op_code":8,"worker_id":"9ce5796d-fff7-4660-872f-3de5042074e9-140257851785216","trial_id":91,"user_attr":{"grad_accum_steps":1}}
{"op_code":7,"worker_id":"b8bcac3c-5048-4dbc-8fbc-2f45322dee37-139722167521280","trial_id":88,"step":5,"intermediate_value":77.95358393144292}
{"op_code":8,"worker_id":"b8bcac3c-5048-4dbc-8fbc-2f45322dee37-139722167521280","trial_id":88,"user_attr":{"train_loss_epoch_5":1.5267702918388657}}
{"op_code":6,"worker_id":"b8bcac3c-5048-4dbc-8fbc-2f45322dee37-139722167521280","trial_id":88,"state":1,"values":[77.95358393144292],"datetime_complete":"2026-05-26T08:33:21.568784"}
{"op_code":4,"worker_id":"b8bcac3c-5048-4dbc-8fbc-2f45322dee37-139722167521280","study_id":0,"datetime_start":"2026-05-26T08:33:21.570611"}
{"op_code":5,"worker_id":"b8bcac3c-5048-4dbc-8fbc-2f45322dee37-139722167521280","trial_id":92,"param_name":"learning_rate","param_value_internal":0.0015218100846394829,"distribution":"{\"name\": \"FloatDistribution\", \"attributes\": {\"step\": null, \"low\": 0.0009, \"high\": 0.007, \"log\": true}}"}
{"op_code":5,"worker_id":"b8bcac3c-5048-4dbc-8fbc-2f45322dee37-139722167521280","trial_id":92,"param_name":"transfer_lr","param_value_internal":0.002035240733793067,"distribution":"{\"name\": \"FloatDistribution\", \"attributes\": {\"step\": null, \"low\": 1e-05, \"high\": 5.0, \"log\": true}}"}
{"op_code":5,"worker_id":"b8bcac3c-5048-4dbc-8fbc-2f45322dee37-139722167521280","trial_id":92,"param_name":"transfer_every","param_value_internal":50.0,"distribution":"{\"name\": \"IntDistribution\", \"attributes\": {\"log\": true, \"step\": 1, \"low\": 1, \"high\": 70}}"}
{"op_code":5,"worker_id":"b8bcac3c-5048-4dbc-8fbc-2f45322dee37-139722167521280","trial_id":92,"param_name":"rank_exp","param_value_internal":3.0,"distribution":"{\"name\": \"IntDistribution\", \"attributes\": {\"log\": false, \"step\": 1, \"low\": 0, \"high\": 6}}"}
{"op_code":5,"worker_id":"b8bcac3c-5048-4dbc-8fbc-2f45322dee37-139722167521280","trial_id":92,"param_name":"fast_lr","param_value_internal":0.09722357282520475,"distribution":"{\"name\": \"FloatDistribution\", \"attributes\": {\"step\": null, \"low\": 2e-05, \"high\": 50.0, \"log\": true}}"}
{"op_code":5,"worker_id":"b8bcac3c-5048-4dbc-8fbc-2f45322dee37-139722167521280","trial_id":92,"param_name":"tau_sec","param_value_internal":0.0,"distribution":"{\"name\": \"FloatDistribution\", \"attributes\": {\"step\": null, \"low\": 0.0, \"high\": 0.0, \"log\": false}}"}
{"op_code":5,"worker_id":"b8bcac3c-5048-4dbc-8fbc-2f45322dee37-139722167521280","trial_id":92,"param_name":"ab_dw_min","param_value_internal":5.462821616855489e-05,"distribution":"{\"name\": \"FloatDistribution\", \"attributes\": {\"step\": null, \"low\": 3e-06, \"high\": 0.006, \"log\": true}}"}
{"op_code":5,"worker_id":"b8bcac3c-5048-4dbc-8fbc-2f45322dee37-139722167521280","trial_id":92,"param_name":"ab_desired_bl","param_value_internal":31.0,"distribution":"{\"name\": \"IntDistribution\", \"attributes\": {\"log\": false, \"step\": 1, \"low\": 31, \"high\": 31}}"}
{"op_code":5,"worker_id":"b8bcac3c-5048-4dbc-8fbc-2f45322dee37-139722167521280","trial_id":92,"param_name":"ab_multilevel","param_value_internal":1.0,"distribution":"{\"name\": \"IntDistribution\", \"attributes\": {\"log\": false, \"step\": 1, \"low\": 1, \"high\": 14}}"}
{"op_code":5,"worker_id":"b8bcac3c-5048-4dbc-8fbc-2f45322dee37-139722167521280","trial_id":92,"param_name":"a_reset_std","param_value_internal":1e-30,"distribution":"{\"name\": \"FloatDistribution\", \"attributes\": {\"step\": null, \"low\": 1e-30, \"high\": 1e-30, \"log\": true}}"}
{"op_code":5,"worker_id":"b8bcac3c-5048-4dbc-8fbc-2f45322dee37-139722167521280","trial_id":92,"param_name":"b_reset_std","param_value_internal":1e-30,"distribution":"{\"name\": \"FloatDistribution\", \"attributes\": {\"step\": null, \"low\": 1e-30, \"high\": 1e-30, \"log\": true}}"}
{"op_code":5,"worker_id":"b8bcac3c-5048-4dbc-8fbc-2f45322dee37-139722167521280","trial_id":92,"param_name":"c_dw_min","param_value_internal":0.006958495361553612,"distribution":"{\"name\": \"FloatDistribution\", \"attributes\": {\"step\": null, \"low\": 0.001, \"high\": 0.04, \"log\": true}}"}
{"op_code":5,"worker_id":"b8bcac3c-5048-4dbc-8fbc-2f45322dee37-139722167521280","trial_id":92,"param_name":"c_desired_bl","param_value_internal":31.0,"distribution":"{\"name\": \"IntDistribution\", \"attributes\": {\"log\": false, \"step\": 1, \"low\": 31, \"high\": 31}}"}
{"op_code":5,"worker_id":"b8bcac3c-5048-4dbc-8fbc-2f45322dee37-139722167521280","trial_id":92,"param_name":"out_noise","param_value_internal":0.0,"distribution":"{\"name\": \"FloatDistribution\", \"attributes\": {\"step\": null, \"low\": 0.0, \"high\": 0.0, \"log\": false}}"}
{"op_code":5,"worker_id":"b8bcac3c-5048-4dbc-8fbc-2f45322dee37-139722167521280","trial_id":92,"param_name":"ab_weight_scaling_omega","param_value_internal":0.0,"distribution":"{\"name\": \"FloatDistribution\", \"attributes\": {\"step\": null, \"low\": 0.0, \"high\": 0.0, \"log\": false}}"}
{"op_code":5,"worker_id":"b8bcac3c-5048-4dbc-8fbc-2f45322dee37-139722167521280","trial_id":92,"param_name":"min_lr_rate","param_value_internal":0.0,"distribution":"{\"name\": \"FloatDistribution\", \"attributes\": {\"step\": null, \"low\": 0.0, \"high\": 0.0, \"log\": false}}"}
{"op_code":5,"worker_id":"b8bcac3c-5048-4dbc-8fbc-2f45322dee37-139722167521280","trial_id":92,"param_name":"a_density","param_value_internal":0.0038541506325026993,"distribution":"{\"name\": \"FloatDistribution\", \"attributes\": {\"step\": null, \"low\": 0.001, \"high\": 1.0, \"log\": true}}"}
{"op_code":8,"worker_id":"b8bcac3c-5048-4dbc-8fbc-2f45322dee37-139722167521280","trial_id":92,"user_attr":{"grad_accum_steps":1}}
{"op_code":7,"worker_id":"14c4b143-0cb1-470a-945e-ef9bcb004503-139944608661504","trial_id":90,"step":2,"intermediate_value":75.73389437150169}
{"op_code":8,"worker_id":"14c4b143-0cb1-470a-945e-ef9bcb004503-139944608661504","trial_id":90,"user_attr":{"train_loss_epoch_2":1.6704770368612232}}
{"op_code":7,"worker_id":"af024209-1bab-44f1-8fcc-6e8e8695160f-139743941193728","trial_id":89,"step":5,"intermediate_value":76.57405663415946}
{"op_code":8,"worker_id":"af024209-1bab-44f1-8fcc-6e8e8695160f-139743941193728","trial_id":89,"user_attr":{"train_loss_epoch_5":1.5870947892103737}}
{"op_code":6,"worker_id":"af024209-1bab-44f1-8fcc-6e8e8695160f-139743941193728","trial_id":89,"state":1,"values":[76.57405663415946],"datetime_complete":"2026-05-26T08:41:51.354550"}
{"op_code":4,"worker_id":"af024209-1bab-44f1-8fcc-6e8e8695160f-139743941193728","study_id":0,"datetime_start":"2026-05-26T08:41:51.356272"}
{"op_code":5,"worker_id":"af024209-1bab-44f1-8fcc-6e8e8695160f-139743941193728","trial_id":93,"param_name":"learning_rate","param_value_internal":0.00404160614453104,"distribution":"{\"name\": \"FloatDistribution\", \"attributes\": {\"step\": null, \"low\": 0.0009, \"high\": 0.007, \"log\": true}}"}
{"op_code":5,"worker_id":"af024209-1bab-44f1-8fcc-6e8e8695160f-139743941193728","trial_id":93,"param_name":"transfer_lr","param_value_internal":0.0010335339468868366,"distribution":"{\"name\": \"FloatDistribution\", \"attributes\": {\"step\": null, \"low\": 1e-05, \"high\": 5.0, \"log\": true}}"}
{"op_code":5,"worker_id":"af024209-1bab-44f1-8fcc-6e8e8695160f-139743941193728","trial_id":93,"param_name":"transfer_every","param_value_internal":8.0,"distribution":"{\"name\": \"IntDistribution\", \"attributes\": {\"log\": true, \"step\": 1, \"low\": 1, \"high\": 70}}"}
{"op_code":5,"worker_id":"af024209-1bab-44f1-8fcc-6e8e8695160f-139743941193728","trial_id":93,"param_name":"rank_exp","param_value_internal":3.0,"distribution":"{\"name\": \"IntDistribution\", \"attributes\": {\"log\": false, \"step\": 1, \"low\": 0, \"high\": 6}}"}
{"op_code":5,"worker_id":"af024209-1bab-44f1-8fcc-6e8e8695160f-139743941193728","trial_id":93,"param_name":"fast_lr","param_value_internal":0.010071549352894728,"distribution":"{\"name\": \"FloatDistribution\", \"attributes\": {\"step\": null, \"low\": 2e-05, \"high\": 50.0, \"log\": true}}"}
{"op_code":5,"worker_id":"af024209-1bab-44f1-8fcc-6e8e8695160f-139743941193728","trial_id":93,"param_name":"tau_sec","param_value_internal":0.0,"distribution":"{\"name\": \"FloatDistribution\", \"attributes\": {\"step\": null, \"low\": 0.0, \"high\": 0.0, \"log\": false}}"}
{"op_code":5,"worker_id":"af024209-1bab-44f1-8fcc-6e8e8695160f-139743941193728","trial_id":93,"param_name":"ab_dw_min","param_value_internal":0.0002309923038325577,"distribution":"{\"name\": \"FloatDistribution\", \"attributes\": {\"step\": null, \"low\": 3e-06, \"high\": 0.006, \"log\": true}}"}
{"op_code":5,"worker_id":"af024209-1bab-44f1-8fcc-6e8e8695160f-139743941193728","trial_id":93,"param_name":"ab_desired_bl","param_value_internal":31.0,"distribution":"{\"name\": \"IntDistribution\", \"attributes\": {\"log\": false, \"step\": 1, \"low\": 31, \"high\": 31}}"}
{"op_code":5,"worker_id":"af024209-1bab-44f1-8fcc-6e8e8695160f-139743941193728","trial_id":93,"param_name":"ab_multilevel","param_value_internal":1.0,"distribution":"{\"name\": \"IntDistribution\", \"attributes\": {\"log\": false, \"step\": 1, \"low\": 1, \"high\": 14}}"}
{"op_code":5,"worker_id":"af024209-1bab-44f1-8fcc-6e8e8695160f-139743941193728","trial_id":93,"param_name":"a_reset_std","param_value_internal":1e-30,"distribution":"{\"name\": \"FloatDistribution\", \"attributes\": {\"step\": null, \"low\": 1e-30, \"high\": 1e-30, \"log\": true}}"}
{"op_code":5,"worker_id":"af024209-1bab-44f1-8fcc-6e8e8695160f-139743941193728","trial_id":93,"param_name":"b_reset_std","param_value_internal":1e-30,"distribution":"{\"name\": \"FloatDistribution\", \"attributes\": {\"step\": null, \"low\": 1e-30, \"high\": 1e-30, \"log\": true}}"}
{"op_code":5,"worker_id":"af024209-1bab-44f1-8fcc-6e8e8695160f-139743941193728","trial_id":93,"param_name":"c_dw_min","param_value_internal":0.007446265183026158,"distribution":"{\"name\": \"FloatDistribution\", \"attributes\": {\"step\": null, \"low\": 0.001, \"high\": 0.04, \"log\": true}}"}
{"op_code":5,"worker_id":"af024209-1bab-44f1-8fcc-6e8e8695160f-139743941193728","trial_id":93,"param_name":"c_desired_bl","param_value_internal":31.0,"distribution":"{\"name\": \"IntDistribution\", \"attributes\": {\"log\": false, \"step\": 1, \"low\": 31, \"high\": 31}}"}
{"op_code":5,"worker_id":"af024209-1bab-44f1-8fcc-6e8e8695160f-139743941193728","trial_id":93,"param_name":"out_noise","param_value_internal":0.0,"distribution":"{\"name\": \"FloatDistribution\", \"attributes\": {\"step\": null, \"low\": 0.0, \"high\": 0.0, \"log\": false}}"}
{"op_code":5,"worker_id":"af024209-1bab-44f1-8fcc-6e8e8695160f-139743941193728","trial_id":93,"param_name":"ab_weight_scaling_omega","param_value_internal":0.0,"distribution":"{\"name\": \"FloatDistribution\", \"attributes\": {\"step\": null, \"low\": 0.0, \"high\": 0.0, \"log\": false}}"}
{"op_code":5,"worker_id":"af024209-1bab-44f1-8fcc-6e8e8695160f-139743941193728","trial_id":93,"param_name":"min_lr_rate","param_value_internal":0.0,"distribution":"{\"name\": \"FloatDistribution\", \"attributes\": {\"step\": null, \"low\": 0.0, \"high\": 0.0, \"log\": false}}"}
{"op_code":5,"worker_id":"af024209-1bab-44f1-8fcc-6e8e8695160f-139743941193728","trial_id":93,"param_name":"a_density","param_value_internal":0.7606302299625114,"distribution":"{\"name\": \"FloatDistribution\", \"attributes\": {\"step\": null, \"low\": 0.001, \"high\": 1.0, \"log\": true}}"}
{"op_code":8,"worker_id":"af024209-1bab-44f1-8fcc-6e8e8695160f-139743941193728","trial_id":93,"user_attr":{"grad_accum_steps":1}}
{"op_code":7,"worker_id":"9ce5796d-fff7-4660-872f-3de5042074e9-140257851785216","trial_id":91,"step":1,"intermediate_value":70.94957822884126}
{"op_code":8,"worker_id":"9ce5796d-fff7-4660-872f-3de5042074e9-140257851785216","trial_id":91,"user_attr":{"train_loss_epoch_1":2.524958282046848}}
{"op_code":7,"worker_id":"b8bcac3c-5048-4dbc-8fbc-2f45322dee37-139722167521280","trial_id":92,"step":1,"intermediate_value":73.01527521094687}
{"op_code":8,"worker_id":"b8bcac3c-5048-4dbc-8fbc-2f45322dee37-139722167521280","trial_id":92,"user_attr":{"train_loss_epoch_1":2.3518668911321376}}
{"op_code":7,"worker_id":"14c4b143-0cb1-470a-945e-ef9bcb004503-139944608661504","trial_id":90,"step":3,"intermediate_value":76.9671469581544}
{"op_code":8,"worker_id":"14c4b143-0cb1-470a-945e-ef9bcb004503-139944608661504","trial_id":90,"user_attr":{"train_loss_epoch_3":1.5860836230965487}}
{"op_code":7,"worker_id":"af024209-1bab-44f1-8fcc-6e8e8695160f-139743941193728","trial_id":93,"step":1,"intermediate_value":73.89125181133896}
{"op_code":8,"worker_id":"af024209-1bab-44f1-8fcc-6e8e8695160f-139743941193728","trial_id":93,"user_attr":{"train_loss_epoch_1":2.1693682633118256}}
{"op_code":7,"worker_id":"9ce5796d-fff7-4660-872f-3de5042074e9-140257851785216","trial_id":91,"step":2,"intermediate_value":74.5802252223726}
{"op_code":8,"worker_id":"9ce5796d-fff7-4660-872f-3de5042074e9-140257851785216","trial_id":91,"user_attr":{"train_loss_epoch_2":1.7565825481401873}}
{"op_code":7,"worker_id":"b8bcac3c-5048-4dbc-8fbc-2f45322dee37-139722167521280","trial_id":92,"step":2,"intermediate_value":75.25835170706627}
{"op_code":8,"worker_id":"b8bcac3c-5048-4dbc-8fbc-2f45322dee37-139722167521280","trial_id":92,"user_attr":{"train_loss_epoch_2":1.6949730959041978}}
{"op_code":7,"worker_id":"14c4b143-0cb1-470a-945e-ef9bcb004503-139944608661504","trial_id":90,"step":4,"intermediate_value":77.24301254971057}
{"op_code":8,"worker_id":"14c4b143-0cb1-470a-945e-ef9bcb004503-139944608661504","trial_id":90,"user_attr":{"train_loss_epoch_4":1.5444996041657155}}
{"op_code":7,"worker_id":"af024209-1bab-44f1-8fcc-6e8e8695160f-139743941193728","trial_id":93,"step":2,"intermediate_value":75.45312731385793}
{"op_code":8,"worker_id":"af024209-1bab-44f1-8fcc-6e8e8695160f-139743941193728","trial_id":93,"user_attr":{"train_loss_epoch_2":1.6700294437124155}}
{"op_code":7,"worker_id":"9ce5796d-fff7-4660-872f-3de5042074e9-140257851785216","trial_id":91,"step":3,"intermediate_value":75.38198483496517}
{"op_code":8,"worker_id":"9ce5796d-fff7-4660-872f-3de5042074e9-140257851785216","trial_id":91,"user_attr":{"train_loss_epoch_3":1.6691374092567257}}
{"op_code":7,"worker_id":"b8bcac3c-5048-4dbc-8fbc-2f45322dee37-139722167521280","trial_id":92,"step":3,"intermediate_value":76.15776315739957}
{"op_code":8,"worker_id":"b8bcac3c-5048-4dbc-8fbc-2f45322dee37-139722167521280","trial_id":92,"user_attr":{"train_loss_epoch_3":1.6225605367645015}}
{"op_code":7,"worker_id":"14c4b143-0cb1-470a-945e-ef9bcb004503-139944608661504","trial_id":90,"step":5,"intermediate_value":77.93137574553766}
{"op_code":8,"worker_id":"14c4b143-0cb1-470a-945e-ef9bcb004503-139944608661504","trial_id":90,"user_attr":{"train_loss_epoch_5":1.5168438428785742}}
{"op_code":6,"worker_id":"14c4b143-0cb1-470a-945e-ef9bcb004503-139944608661504","trial_id":90,"state":1,"values":[77.93137574553766],"datetime_complete":"2026-05-26T09:29:53.332990"}
{"op_code":4,"worker_id":"14c4b143-0cb1-470a-945e-ef9bcb004503-139944608661504","study_id":0,"datetime_start":"2026-05-26T09:29:53.334612"}
{"op_code":5,"worker_id":"14c4b143-0cb1-470a-945e-ef9bcb004503-139944608661504","trial_id":94,"param_name":"learning_rate","param_value_internal":0.006997256407971808,"distribution":"{\"name\": \"FloatDistribution\", \"attributes\": {\"step\": null, \"low\": 0.0009, \"high\": 0.007, \"log\": true}}"}
{"op_code":5,"worker_id":"14c4b143-0cb1-470a-945e-ef9bcb004503-139944608661504","trial_id":94,"param_name":"transfer_lr","param_value_internal":0.0004764849402772648,"distribution":"{\"name\": \"FloatDistribution\", \"attributes\": {\"step\": null, \"low\": 1e-05, \"high\": 5.0, \"log\": true}}"}
{"op_code":5,"worker_id":"14c4b143-0cb1-470a-945e-ef9bcb004503-139944608661504","trial_id":94,"param_name":"transfer_every","param_value_internal":1.0,"distribution":"{\"name\": \"IntDistribution\", \"attributes\": {\"log\": true, \"step\": 1, \"low\": 1, \"high\": 70}}"}
{"op_code":5,"worker_id":"14c4b143-0cb1-470a-945e-ef9bcb004503-139944608661504","trial_id":94,"param_name":"rank_exp","param_value_internal":6.0,"distribution":"{\"name\": \"IntDistribution\", \"attributes\": {\"log\": false, \"step\": 1, \"low\": 0, \"high\": 6}}"}
{"op_code":5,"worker_id":"14c4b143-0cb1-470a-945e-ef9bcb004503-139944608661504","trial_id":94,"param_name":"fast_lr","param_value_internal":0.0010196681422662507,"distribution":"{\"name\": \"FloatDistribution\", \"attributes\": {\"step\": null, \"low\": 2e-05, \"high\": 50.0, \"log\": true}}"}
{"op_code":5,"worker_id":"14c4b143-0cb1-470a-945e-ef9bcb004503-139944608661504","trial_id":94,"param_name":"tau_sec","param_value_internal":0.0,"distribution":"{\"name\": \"FloatDistribution\", \"attributes\": {\"step\": null, \"low\": 0.0, \"high\": 0.0, \"log\": false}}"}
{"op_code":5,"worker_id":"14c4b143-0cb1-470a-945e-ef9bcb004503-139944608661504","trial_id":94,"param_name":"ab_dw_min","param_value_internal":0.0019197850289823133,"distribution":"{\"name\": \"FloatDistribution\", \"attributes\": {\"step\": null, \"low\": 3e-06, \"high\": 0.006, \"log\": true}}"}
{"op_code":5,"worker_id":"14c4b143-0cb1-470a-945e-ef9bcb004503-139944608661504","trial_id":94,"param_name":"ab_desired_bl","param_value_internal":31.0,"distribution":"{\"name\": \"IntDistribution\", \"attributes\": {\"log\": false, \"step\": 1, \"low\": 31, \"high\": 31}}"}
{"op_code":5,"worker_id":"14c4b143-0cb1-470a-945e-ef9bcb004503-139944608661504","trial_id":94,"param_name":"ab_multilevel","param_value_internal":1.0,"distribution":"{\"name\": \"IntDistribution\", \"attributes\": {\"log\": false, \"step\": 1, \"low\": 1, \"high\": 14}}"}
{"op_code":5,"worker_id":"14c4b143-0cb1-470a-945e-ef9bcb004503-139944608661504","trial_id":94,"param_name":"a_reset_std","param_value_internal":1e-30,"distribution":"{\"name\": \"FloatDistribution\", \"attributes\": {\"step\": null, \"low\": 1e-30, \"high\": 1e-30, \"log\": true}}"}
{"op_code":5,"worker_id":"14c4b143-0cb1-470a-945e-ef9bcb004503-139944608661504","trial_id":94,"param_name":"b_reset_std","param_value_internal":1e-30,"distribution":"{\"name\": \"FloatDistribution\", \"attributes\": {\"step\": null, \"low\": 1e-30, \"high\": 1e-30, \"log\": true}}"}
{"op_code":5,"worker_id":"14c4b143-0cb1-470a-945e-ef9bcb004503-139944608661504","trial_id":94,"param_name":"c_dw_min","param_value_internal":0.010517390491455652,"distribution":"{\"name\": \"FloatDistribution\", \"attributes\": {\"step\": null, \"low\": 0.001, \"high\": 0.04, \"log\": true}}"}
{"op_code":5,"worker_id":"14c4b143-0cb1-470a-945e-ef9bcb004503-139944608661504","trial_id":94,"param_name":"c_desired_bl","param_value_internal":31.0,"distribution":"{\"name\": \"IntDistribution\", \"attributes\": {\"log\": false, \"step\": 1, \"low\": 31, \"high\": 31}}"}
{"op_code":5,"worker_id":"14c4b143-0cb1-470a-945e-ef9bcb004503-139944608661504","trial_id":94,"param_name":"out_noise","param_value_internal":0.0,"distribution":"{\"name\": \"FloatDistribution\", \"attributes\": {\"step\": null, \"low\": 0.0, \"high\": 0.0, \"log\": false}}"}
{"op_code":5,"worker_id":"14c4b143-0cb1-470a-945e-ef9bcb004503-139944608661504","trial_id":94,"param_name":"ab_weight_scaling_omega","param_value_internal":0.0,"distribution":"{\"name\": \"FloatDistribution\", \"attributes\": {\"step\": null, \"low\": 0.0, \"high\": 0.0, \"log\": false}}"}
{"op_code":5,"worker_id":"14c4b143-0cb1-470a-945e-ef9bcb004503-139944608661504","trial_id":94,"param_name":"min_lr_rate","param_value_internal":0.0,"distribution":"{\"name\": \"FloatDistribution\", \"attributes\": {\"step\": null, \"low\": 0.0, \"high\": 0.0, \"log\": false}}"}
{"op_code":5,"worker_id":"14c4b143-0cb1-470a-945e-ef9bcb004503-139944608661504","trial_id":94,"param_name":"a_density","param_value_internal":0.07052049783572978,"distribution":"{\"name\": \"FloatDistribution\", \"attributes\": {\"step\": null, \"low\": 0.001, \"high\": 1.0, \"log\": true}}"}
{"op_code":8,"worker_id":"14c4b143-0cb1-470a-945e-ef9bcb004503-139944608661504","trial_id":94,"user_attr":{"grad_accum_steps":1}}
{"op_code":7,"worker_id":"af024209-1bab-44f1-8fcc-6e8e8695160f-139743941193728","trial_id":93,"step":3,"intermediate_value":77.11662887241397}
{"op_code":8,"worker_id":"af024209-1bab-44f1-8fcc-6e8e8695160f-139743941193728","trial_id":93,"user_attr":{"train_loss_epoch_3":1.597229109094718}}
{"op_code":7,"worker_id":"9ce5796d-fff7-4660-872f-3de5042074e9-140257851785216","trial_id":91,"step":4,"intermediate_value":75.88702020379948}
{"op_code":8,"worker_id":"9ce5796d-fff7-4660-872f-3de5042074e9-140257851785216","trial_id":91,"user_attr":{"train_loss_epoch_4":1.6235822931537782}}
{"op_code":7,"worker_id":"b8bcac3c-5048-4dbc-8fbc-2f45322dee37-139722167521280","trial_id":92,"step":4,"intermediate_value":76.89803816433987}
{"op_code":8,"worker_id":"b8bcac3c-5048-4dbc-8fbc-2f45322dee37-139722167521280","trial_id":92,"user_attr":{"train_loss_epoch_4":1.57611122079658}}
{"op_code":7,"worker_id":"af024209-1bab-44f1-8fcc-6e8e8695160f-139743941193728","trial_id":93,"step":4,"intermediate_value":78.03728102127934}
{"op_code":8,"worker_id":"af024209-1bab-44f1-8fcc-6e8e8695160f-139743941193728","trial_id":93,"user_attr":{"train_loss_epoch_4":1.5450074305702355}}
{"op_code":7,"worker_id":"9ce5796d-fff7-4660-872f-3de5042074e9-140257851785216","trial_id":91,"step":5,"intermediate_value":76.30422149445808}
{"op_code":8,"worker_id":"9ce5796d-fff7-4660-872f-3de5042074e9-140257851785216","trial_id":91,"user_attr":{"train_loss_epoch_5":1.6027379215248232}}
{"op_code":6,"worker_id":"9ce5796d-fff7-4660-872f-3de5042074e9-140257851785216","trial_id":91,"state":1,"values":[76.30422149445808],"datetime_complete":"2026-05-26T09:49:30.166132"}
{"op_code":4,"worker_id":"9ce5796d-fff7-4660-872f-3de5042074e9-140257851785216","study_id":0,"datetime_start":"2026-05-26T09:49:30.167979"}
{"op_code":5,"worker_id":"9ce5796d-fff7-4660-872f-3de5042074e9-140257851785216","trial_id":95,"param_name":"learning_rate","param_value_internal":0.0048914498424148314,"distribution":"{\"name\": \"FloatDistribution\", \"attributes\": {\"step\": null, \"low\": 0.0009, \"high\": 0.007, \"log\": true}}"}
{"op_code":5,"worker_id":"9ce5796d-fff7-4660-872f-3de5042074e9-140257851785216","trial_id":95,"param_name":"transfer_lr","param_value_internal":1.252780534535838e-05,"distribution":"{\"name\": \"FloatDistribution\", \"attributes\": {\"step\": null, \"low\": 1e-05, \"high\": 5.0, \"log\": true}}"}
{"op_code":5,"worker_id":"9ce5796d-fff7-4660-872f-3de5042074e9-140257851785216","trial_id":95,"param_name":"transfer_every","param_value_internal":1.0,"distribution":"{\"name\": \"IntDistribution\", \"attributes\": {\"log\": true, \"step\": 1, \"low\": 1, \"high\": 70}}"}
{"op_code":5,"worker_id":"9ce5796d-fff7-4660-872f-3de5042074e9-140257851785216","trial_id":95,"param_name":"rank_exp","param_value_internal":6.0,"distribution":"{\"name\": \"IntDistribution\", \"attributes\": {\"log\": false, \"step\": 1, \"low\": 0, \"high\": 6}}"}
{"op_code":5,"worker_id":"9ce5796d-fff7-4660-872f-3de5042074e9-140257851785216","trial_id":95,"param_name":"fast_lr","param_value_internal":0.014513027818562058,"distribution":"{\"name\": \"FloatDistribution\", \"attributes\": {\"step\": null, \"low\": 2e-05, \"high\": 50.0, \"log\": true}}"}
{"op_code":5,"worker_id":"9ce5796d-fff7-4660-872f-3de5042074e9-140257851785216","trial_id":95,"param_name":"tau_sec","param_value_internal":0.0,"distribution":"{\"name\": \"FloatDistribution\", \"attributes\": {\"step\": null, \"low\": 0.0, \"high\": 0.0, \"log\": false}}"}
{"op_code":5,"worker_id":"9ce5796d-fff7-4660-872f-3de5042074e9-140257851785216","trial_id":95,"param_name":"ab_dw_min","param_value_internal":1.7145066807405334e-05,"distribution":"{\"name\": \"FloatDistribution\", \"attributes\": {\"step\": null, \"low\": 3e-06, \"high\": 0.006, \"log\": true}}"}
{"op_code":5,"worker_id":"9ce5796d-fff7-4660-872f-3de5042074e9-140257851785216","trial_id":95,"param_name":"ab_desired_bl","param_value_internal":31.0,"distribution":"{\"name\": \"IntDistribution\", \"attributes\": {\"log\": false, \"step\": 1, \"low\": 31, \"high\": 31}}"}
{"op_code":5,"worker_id":"9ce5796d-fff7-4660-872f-3de5042074e9-140257851785216","trial_id":95,"param_name":"ab_multilevel","param_value_internal":1.0,"distribution":"{\"name\": \"IntDistribution\", \"attributes\": {\"log\": false, \"step\": 1, \"low\": 1, \"high\": 14}}"}
{"op_code":5,"worker_id":"9ce5796d-fff7-4660-872f-3de5042074e9-140257851785216","trial_id":95,"param_name":"a_reset_std","param_value_internal":1e-30,"distribution":"{\"name\": \"FloatDistribution\", \"attributes\": {\"step\": null, \"low\": 1e-30, \"high\": 1e-30, \"log\": true}}"}
{"op_code":5,"worker_id":"9ce5796d-fff7-4660-872f-3de5042074e9-140257851785216","trial_id":95,"param_name":"b_reset_std","param_value_internal":1e-30,"distribution":"{\"name\": \"FloatDistribution\", \"attributes\": {\"step\": null, \"low\": 1e-30, \"high\": 1e-30, \"log\": true}}"}
{"op_code":5,"worker_id":"9ce5796d-fff7-4660-872f-3de5042074e9-140257851785216","trial_id":95,"param_name":"c_dw_min","param_value_internal":0.010616891162388129,"distribution":"{\"name\": \"FloatDistribution\", \"attributes\": {\"step\": null, \"low\": 0.001, \"high\": 0.04, \"log\": true}}"}
{"op_code":5,"worker_id":"9ce5796d-fff7-4660-872f-3de5042074e9-140257851785216","trial_id":95,"param_name":"c_desired_bl","param_value_internal":31.0,"distribution":"{\"name\": \"IntDistribution\", \"attributes\": {\"log\": false, \"step\": 1, \"low\": 31, \"high\": 31}}"}
{"op_code":5,"worker_id":"9ce5796d-fff7-4660-872f-3de5042074e9-140257851785216","trial_id":95,"param_name":"out_noise","param_value_internal":0.0,"distribution":"{\"name\": \"FloatDistribution\", \"attributes\": {\"step\": null, \"low\": 0.0, \"high\": 0.0, \"log\": false}}"}
{"op_code":5,"worker_id":"9ce5796d-fff7-4660-872f-3de5042074e9-140257851785216","trial_id":95,"param_name":"ab_weight_scaling_omega","param_value_internal":0.0,"distribution":"{\"name\": \"FloatDistribution\", \"attributes\": {\"step\": null, \"low\": 0.0, \"high\": 0.0, \"log\": false}}"}
{"op_code":5,"worker_id":"9ce5796d-fff7-4660-872f-3de5042074e9-140257851785216","trial_id":95,"param_name":"min_lr_rate","param_value_internal":0.0,"distribution":"{\"name\": \"FloatDistribution\", \"attributes\": {\"step\": null, \"low\": 0.0, \"high\": 0.0, \"log\": false}}"}
{"op_code":5,"worker_id":"9ce5796d-fff7-4660-872f-3de5042074e9-140257851785216","trial_id":95,"param_name":"a_density","param_value_internal":0.04658176030309543,"distribution":"{\"name\": \"FloatDistribution\", \"attributes\": {\"step\": null, \"low\": 0.001, \"high\": 1.0, \"log\": true}}"}
{"op_code":8,"worker_id":"9ce5796d-fff7-4660-872f-3de5042074e9-140257851785216","trial_id":95,"user_attr":{"grad_accum_steps":1}}
{"op_code":7,"worker_id":"b8bcac3c-5048-4dbc-8fbc-2f45322dee37-139722167521280","trial_id":92,"step":5,"intermediate_value":77.02711082281547}
{"op_code":8,"worker_id":"b8bcac3c-5048-4dbc-8fbc-2f45322dee37-139722167521280","trial_id":92,"user_attr":{"train_loss_epoch_5":1.5493196000574727}}
{"op_code":6,"worker_id":"b8bcac3c-5048-4dbc-8fbc-2f45322dee37-139722167521280","trial_id":92,"state":1,"values":[77.02711082281547],"datetime_complete":"2026-05-26T09:54:18.945368"}
{"op_code":4,"worker_id":"b8bcac3c-5048-4dbc-8fbc-2f45322dee37-139722167521280","study_id":0,"datetime_start":"2026-05-26T09:54:18.947393"}
{"op_code":5,"worker_id":"b8bcac3c-5048-4dbc-8fbc-2f45322dee37-139722167521280","trial_id":96,"param_name":"learning_rate","param_value_internal":0.0030914700277744956,"distribution":"{\"name\": \"FloatDistribution\", \"attributes\": {\"step\": null, \"low\": 0.0009, \"high\": 0.007, \"log\": true}}"}
{"op_code":5,"worker_id":"b8bcac3c-5048-4dbc-8fbc-2f45322dee37-139722167521280","trial_id":96,"param_name":"transfer_lr","param_value_internal":9.286851669130047e-05,"distribution":"{\"name\": \"FloatDistribution\", \"attributes\": {\"step\": null, \"low\": 1e-05, \"high\": 5.0, \"log\": true}}"}
{"op_code":5,"worker_id":"b8bcac3c-5048-4dbc-8fbc-2f45322dee37-139722167521280","trial_id":96,"param_name":"transfer_every","param_value_internal":1.0,"distribution":"{\"name\": \"IntDistribution\", \"attributes\": {\"log\": true, \"step\": 1, \"low\": 1, \"high\": 70}}"}
{"op_code":5,"worker_id":"b8bcac3c-5048-4dbc-8fbc-2f45322dee37-139722167521280","trial_id":96,"param_name":"rank_exp","param_value_internal":6.0,"distribution":"{\"name\": \"IntDistribution\", \"attributes\": {\"log\": false, \"step\": 1, \"low\": 0, \"high\": 6}}"}
{"op_code":5,"worker_id":"b8bcac3c-5048-4dbc-8fbc-2f45322dee37-139722167521280","trial_id":96,"param_name":"fast_lr","param_value_internal":0.00024493434599347333,"distribution":"{\"name\": \"FloatDistribution\", \"attributes\": {\"step\": null, \"low\": 2e-05, \"high\": 50.0, \"log\": true}}"}
{"op_code":5,"worker_id":"b8bcac3c-5048-4dbc-8fbc-2f45322dee37-139722167521280","trial_id":96,"param_name":"tau_sec","param_value_internal":0.0,"distribution":"{\"name\": \"FloatDistribution\", \"attributes\": {\"step\": null, \"low\": 0.0, \"high\": 0.0, \"log\": false}}"}
{"op_code":5,"worker_id":"b8bcac3c-5048-4dbc-8fbc-2f45322dee37-139722167521280","trial_id":96,"param_name":"ab_dw_min","param_value_internal":3.5496149713088634e-06,"distribution":"{\"name\": \"FloatDistribution\", \"attributes\": {\"step\": null, \"low\": 3e-06, \"high\": 0.006, \"log\": true}}"}
{"op_code":5,"worker_id":"b8bcac3c-5048-4dbc-8fbc-2f45322dee37-139722167521280","trial_id":96,"param_name":"ab_desired_bl","param_value_internal":31.0,"distribution":"{\"name\": \"IntDistribution\", \"attributes\": {\"log\": false, \"step\": 1, \"low\": 31, \"high\": 31}}"}
{"op_code":5,"worker_id":"b8bcac3c-5048-4dbc-8fbc-2f45322dee37-139722167521280","trial_id":96,"param_name":"ab_multilevel","param_value_internal":1.0,"distribution":"{\"name\": \"IntDistribution\", \"attributes\": {\"log\": false, \"step\": 1, \"low\": 1, \"high\": 14}}"}
{"op_code":5,"worker_id":"b8bcac3c-5048-4dbc-8fbc-2f45322dee37-139722167521280","trial_id":96,"param_name":"a_reset_std","param_value_internal":1e-30,"distribution":"{\"name\": \"FloatDistribution\", \"attributes\": {\"step\": null, \"low\": 1e-30, \"high\": 1e-30, \"log\": true}}"}
{"op_code":5,"worker_id":"b8bcac3c-5048-4dbc-8fbc-2f45322dee37-139722167521280","trial_id":96,"param_name":"b_reset_std","param_value_internal":1e-30,"distribution":"{\"name\": \"FloatDistribution\", \"attributes\": {\"step\": null, \"low\": 1e-30, \"high\": 1e-30, \"log\": true}}"}
{"op_code":5,"worker_id":"b8bcac3c-5048-4dbc-8fbc-2f45322dee37-139722167521280","trial_id":96,"param_name":"c_dw_min","param_value_internal":0.010691186537306028,"distribution":"{\"name\": \"FloatDistribution\", \"attributes\": {\"step\": null, \"low\": 0.001, \"high\": 0.04, \"log\": true}}"}
{"op_code":5,"worker_id":"b8bcac3c-5048-4dbc-8fbc-2f45322dee37-139722167521280","trial_id":96,"param_name":"c_desired_bl","param_value_internal":31.0,"distribution":"{\"name\": \"IntDistribution\", \"attributes\": {\"log\": false, \"step\": 1, \"low\": 31, \"high\": 31}}"}
{"op_code":5,"worker_id":"b8bcac3c-5048-4dbc-8fbc-2f45322dee37-139722167521280","trial_id":96,"param_name":"out_noise","param_value_internal":0.0,"distribution":"{\"name\": \"FloatDistribution\", \"attributes\": {\"step\": null, \"low\": 0.0, \"high\": 0.0, \"log\": false}}"}
{"op_code":5,"worker_id":"b8bcac3c-5048-4dbc-8fbc-2f45322dee37-139722167521280","trial_id":96,"param_name":"ab_weight_scaling_omega","param_value_internal":0.0,"distribution":"{\"name\": \"FloatDistribution\", \"attributes\": {\"step\": null, \"low\": 0.0, \"high\": 0.0, \"log\": false}}"}
{"op_code":5,"worker_id":"b8bcac3c-5048-4dbc-8fbc-2f45322dee37-139722167521280","trial_id":96,"param_name":"min_lr_rate","param_value_internal":0.0,"distribution":"{\"name\": \"FloatDistribution\", \"attributes\": {\"step\": null, \"low\": 0.0, \"high\": 0.0, \"log\": false}}"}
{"op_code":5,"worker_id":"b8bcac3c-5048-4dbc-8fbc-2f45322dee37-139722167521280","trial_id":96,"param_name":"a_density","param_value_internal":0.6823416557529979,"distribution":"{\"name\": \"FloatDistribution\", \"attributes\": {\"step\": null, \"low\": 0.001, \"high\": 1.0, \"log\": true}}"}
{"op_code":8,"worker_id":"b8bcac3c-5048-4dbc-8fbc-2f45322dee37-139722167521280","trial_id":96,"user_attr":{"grad_accum_steps":1}}
{"op_code":7,"worker_id":"14c4b143-0cb1-470a-945e-ef9bcb004503-139944608661504","trial_id":94,"step":1,"intermediate_value":73.21501492842313}
{"op_code":8,"worker_id":"14c4b143-0cb1-470a-945e-ef9bcb004503-139944608661504","trial_id":94,"user_attr":{"train_loss_epoch_1":2.170944248305427}}
{"op_code":7,"worker_id":"af024209-1bab-44f1-8fcc-6e8e8695160f-139743941193728","trial_id":93,"step":5,"intermediate_value":78.51346205936623}
{"op_code":8,"worker_id":"af024209-1bab-44f1-8fcc-6e8e8695160f-139743941193728","trial_id":93,"user_attr":{"train_loss_epoch_5":1.5048140670225871}}
{"op_code":6,"worker_id":"af024209-1bab-44f1-8fcc-6e8e8695160f-139743941193728","trial_id":93,"state":1,"values":[78.51346205936623],"datetime_complete":"2026-05-26T10:03:54.806393"}
{"op_code":4,"worker_id":"af024209-1bab-44f1-8fcc-6e8e8695160f-139743941193728","study_id":0,"datetime_start":"2026-05-26T10:03:54.808518"}
{"op_code":5,"worker_id":"af024209-1bab-44f1-8fcc-6e8e8695160f-139743941193728","trial_id":97,"param_name":"learning_rate","param_value_internal":0.0044596805560522135,"distribution":"{\"name\": \"FloatDistribution\", \"attributes\": {\"step\": null, \"low\": 0.0009, \"high\": 0.007, \"log\": true}}"}
{"op_code":5,"worker_id":"af024209-1bab-44f1-8fcc-6e8e8695160f-139743941193728","trial_id":97,"param_name":"transfer_lr","param_value_internal":0.047275006308425016,"distribution":"{\"name\": \"FloatDistribution\", \"attributes\": {\"step\": null, \"low\": 1e-05, \"high\": 5.0, \"log\": true}}"}
{"op_code":5,"worker_id":"af024209-1bab-44f1-8fcc-6e8e8695160f-139743941193728","trial_id":97,"param_name":"transfer_every","param_value_internal":1.0,"distribution":"{\"name\": \"IntDistribution\", \"attributes\": {\"log\": true, \"step\": 1, \"low\": 1, \"high\": 70}}"}
{"op_code":5,"worker_id":"af024209-1bab-44f1-8fcc-6e8e8695160f-139743941193728","trial_id":97,"param_name":"rank_exp","param_value_internal":6.0,"distribution":"{\"name\": \"IntDistribution\", \"attributes\": {\"log\": false, \"step\": 1, \"low\": 0, \"high\": 6}}"}
{"op_code":5,"worker_id":"af024209-1bab-44f1-8fcc-6e8e8695160f-139743941193728","trial_id":97,"param_name":"fast_lr","param_value_internal":0.24141185477813334,"distribution":"{\"name\": \"FloatDistribution\", \"attributes\": {\"step\": null, \"low\": 2e-05, \"high\": 50.0, \"log\": true}}"}
{"op_code":5,"worker_id":"af024209-1bab-44f1-8fcc-6e8e8695160f-139743941193728","trial_id":97,"param_name":"tau_sec","param_value_internal":0.0,"distribution":"{\"name\": \"FloatDistribution\", \"attributes\": {\"step\": null, \"low\": 0.0, \"high\": 0.0, \"log\": false}}"}
{"op_code":5,"worker_id":"af024209-1bab-44f1-8fcc-6e8e8695160f-139743941193728","trial_id":97,"param_name":"ab_dw_min","param_value_internal":4.674449178926041e-06,"distribution":"{\"name\": \"FloatDistribution\", \"attributes\": {\"step\": null, \"low\": 3e-06, \"high\": 0.006, \"log\": true}}"}
{"op_code":5,"worker_id":"af024209-1bab-44f1-8fcc-6e8e8695160f-139743941193728","trial_id":97,"param_name":"ab_desired_bl","param_value_internal":31.0,"distribution":"{\"name\": \"IntDistribution\", \"attributes\": {\"log\": false, \"step\": 1, \"low\": 31, \"high\": 31}}"}
{"op_code":5,"worker_id":"af024209-1bab-44f1-8fcc-6e8e8695160f-139743941193728","trial_id":97,"param_name":"ab_multilevel","param_value_internal":1.0,"distribution":"{\"name\": \"IntDistribution\", \"attributes\": {\"log\": false, \"step\": 1, \"low\": 1, \"high\": 14}}"}
{"op_code":5,"worker_id":"af024209-1bab-44f1-8fcc-6e8e8695160f-139743941193728","trial_id":97,"param_name":"a_reset_std","param_value_internal":1e-30,"distribution":"{\"name\": \"FloatDistribution\", \"attributes\": {\"step\": null, \"low\": 1e-30, \"high\": 1e-30, \"log\": true}}"}
{"op_code":5,"worker_id":"af024209-1bab-44f1-8fcc-6e8e8695160f-139743941193728","trial_id":97,"param_name":"b_reset_std","param_value_internal":1e-30,"distribution":"{\"name\": \"FloatDistribution\", \"attributes\": {\"step\": null, \"low\": 1e-30, \"high\": 1e-30, \"log\": true}}"}
{"op_code":5,"worker_id":"af024209-1bab-44f1-8fcc-6e8e8695160f-139743941193728","trial_id":97,"param_name":"c_dw_min","param_value_internal":0.010729476116783904,"distribution":"{\"name\": \"FloatDistribution\", \"attributes\": {\"step\": null, \"low\": 0.001, \"high\": 0.04, \"log\": true}}"}
{"op_code":5,"worker_id":"af024209-1bab-44f1-8fcc-6e8e8695160f-139743941193728","trial_id":97,"param_name":"c_desired_bl","param_value_internal":31.0,"distribution":"{\"name\": \"IntDistribution\", \"attributes\": {\"log\": false, \"step\": 1, \"low\": 31, \"high\": 31}}"}
{"op_code":5,"worker_id":"af024209-1bab-44f1-8fcc-6e8e8695160f-139743941193728","trial_id":97,"param_name":"out_noise","param_value_internal":0.0,"distribution":"{\"name\": \"FloatDistribution\", \"attributes\": {\"step\": null, \"low\": 0.0, \"high\": 0.0, \"log\": false}}"}
{"op_code":5,"worker_id":"af024209-1bab-44f1-8fcc-6e8e8695160f-139743941193728","trial_id":97,"param_name":"ab_weight_scaling_omega","param_value_internal":0.0,"distribution":"{\"name\": \"FloatDistribution\", \"attributes\": {\"step\": null, \"low\": 0.0, \"high\": 0.0, \"log\": false}}"}
{"op_code":5,"worker_id":"af024209-1bab-44f1-8fcc-6e8e8695160f-139743941193728","trial_id":97,"param_name":"min_lr_rate","param_value_internal":0.0,"distribution":"{\"name\": \"FloatDistribution\", \"attributes\": {\"step\": null, \"low\": 0.0, \"high\": 0.0, \"log\": false}}"}
{"op_code":5,"worker_id":"af024209-1bab-44f1-8fcc-6e8e8695160f-139743941193728","trial_id":97,"param_name":"a_density","param_value_internal":0.3718834149049973,"distribution":"{\"name\": \"FloatDistribution\", \"attributes\": {\"step\": null, \"low\": 0.001, \"high\": 1.0, \"log\": true}}"}
{"op_code":8,"worker_id":"af024209-1bab-44f1-8fcc-6e8e8695160f-139743941193728","trial_id":97,"user_attr":{"grad_accum_steps":1}}
{"op_code":7,"worker_id":"9ce5796d-fff7-4660-872f-3de5042074e9-140257851785216","trial_id":95,"step":1,"intermediate_value":74.50835251253045}
{"op_code":8,"worker_id":"9ce5796d-fff7-4660-872f-3de5042074e9-140257851785216","trial_id":95,"user_attr":{"train_loss_epoch_1":2.152415054277353}}
{"op_code":7,"worker_id":"b8bcac3c-5048-4dbc-8fbc-2f45322dee37-139722167521280","trial_id":96,"step":1,"intermediate_value":74.22371803617483}
{"op_code":8,"worker_id":"b8bcac3c-5048-4dbc-8fbc-2f45322dee37-139722167521280","trial_id":96,"user_attr":{"train_loss_epoch_1":2.194195029664492}}
{"op_code":7,"worker_id":"14c4b143-0cb1-470a-945e-ef9bcb004503-139944608661504","trial_id":94,"step":2,"intermediate_value":74.6349353809136}
{"op_code":8,"worker_id":"14c4b143-0cb1-470a-945e-ef9bcb004503-139944608661504","trial_id":94,"user_attr":{"train_loss_epoch_2":1.7648814059854523}}
{"op_code":7,"worker_id":"af024209-1bab-44f1-8fcc-6e8e8695160f-139743941193728","trial_id":97,"step":1,"intermediate_value":74.30810278585064}
{"op_code":8,"worker_id":"af024209-1bab-44f1-8fcc-6e8e8695160f-139743941193728","trial_id":97,"user_attr":{"train_loss_epoch_1":2.1591360432022633}}
{"op_code":7,"worker_id":"9ce5796d-fff7-4660-872f-3de5042074e9-140257851785216","trial_id":95,"step":2,"intermediate_value":75.31980028178708}
{"op_code":8,"worker_id":"9ce5796d-fff7-4660-872f-3de5042074e9-140257851785216","trial_id":95,"user_attr":{"train_loss_epoch_2":1.6927400433274142}}
{"op_code":7,"worker_id":"b8bcac3c-5048-4dbc-8fbc-2f45322dee37-139722167521280","trial_id":96,"step":2,"intermediate_value":75.87817021755399}
{"op_code":8,"worker_id":"b8bcac3c-5048-4dbc-8fbc-2f45322dee37-139722167521280","trial_id":96,"user_attr":{"train_loss_epoch_2":1.6715026558899297}}
{"op_code":7,"worker_id":"14c4b143-0cb1-470a-945e-ef9bcb004503-139944608661504","trial_id":94,"step":3,"intermediate_value":74.64421047205632}
{"op_code":8,"worker_id":"14c4b143-0cb1-470a-945e-ef9bcb004503-139944608661504","trial_id":94,"user_attr":{"train_loss_epoch_3":1.7089326592318734}}
{"op_code":7,"worker_id":"af024209-1bab-44f1-8fcc-6e8e8695160f-139743941193728","trial_id":97,"step":2,"intermediate_value":75.50080513136268}
{"op_code":8,"worker_id":"af024209-1bab-44f1-8fcc-6e8e8695160f-139743941193728","trial_id":97,"user_attr":{"train_loss_epoch_2":1.6954392284558717}}
{"op_code":7,"worker_id":"9ce5796d-fff7-4660-872f-3de5042074e9-140257851785216","trial_id":95,"step":3,"intermediate_value":76.57363393770433}
{"op_code":8,"worker_id":"9ce5796d-fff7-4660-872f-3de5042074e9-140257851785216","trial_id":95,"user_attr":{"train_loss_epoch_3":1.6177269745325331}}
{"op_code":7,"worker_id":"b8bcac3c-5048-4dbc-8fbc-2f45322dee37-139722167521280","trial_id":96,"step":3,"intermediate_value":77.01301849505163}
{"op_code":8,"worker_id":"b8bcac3c-5048-4dbc-8fbc-2f45322dee37-139722167521280","trial_id":96,"user_attr":{"train_loss_epoch_3":1.5897022663093194}}
{"op_code":7,"worker_id":"14c4b143-0cb1-470a-945e-ef9bcb004503-139944608661504","trial_id":94,"step":4,"intermediate_value":75.85339331569989}
{"op_code":8,"worker_id":"14c4b143-0cb1-470a-945e-ef9bcb004503-139944608661504","trial_id":94,"user_attr":{"train_loss_epoch_4":1.6626211802810835}}
{"op_code":7,"worker_id":"af024209-1bab-44f1-8fcc-6e8e8695160f-139743941193728","trial_id":97,"step":3,"intermediate_value":76.66591269443491}
{"op_code":8,"worker_id":"af024209-1bab-44f1-8fcc-6e8e8695160f-139743941193728","trial_id":97,"user_attr":{"train_loss_epoch_3":1.6197263798093409}}
{"op_code":7,"worker_id":"9ce5796d-fff7-4660-872f-3de5042074e9-140257851785216","trial_id":95,"step":4,"intermediate_value":77.91251616389393}
{"op_code":8,"worker_id":"9ce5796d-fff7-4660-872f-3de5042074e9-140257851785216","trial_id":95,"user_attr":{"train_loss_epoch_4":1.5616976269538487}}
{"op_code":7,"worker_id":"b8bcac3c-5048-4dbc-8fbc-2f45322dee37-139722167521280","trial_id":96,"step":4,"intermediate_value":77.96898763654026}
{"op_code":8,"worker_id":"b8bcac3c-5048-4dbc-8fbc-2f45322dee37-139722167521280","trial_id":96,"user_attr":{"train_loss_epoch_4":1.5396857459047621}}
{"op_code":7,"worker_id":"14c4b143-0cb1-470a-945e-ef9bcb004503-139944608661504","trial_id":94,"step":5,"intermediate_value":76.78303322760829}
{"op_code":8,"worker_id":"14c4b143-0cb1-470a-945e-ef9bcb004503-139944608661504","trial_id":94,"user_attr":{"train_loss_epoch_5":1.6041558873039596}}
{"op_code":6,"worker_id":"14c4b143-0cb1-470a-945e-ef9bcb004503-139944608661504","trial_id":94,"state":1,"values":[76.78303322760829],"datetime_complete":"2026-05-26T11:54:09.853899"}
{"op_code":4,"worker_id":"14c4b143-0cb1-470a-945e-ef9bcb004503-139944608661504","study_id":0,"datetime_start":"2026-05-26T11:54:09.855715"}
{"op_code":5,"worker_id":"14c4b143-0cb1-470a-945e-ef9bcb004503-139944608661504","trial_id":98,"param_name":"learning_rate","param_value_internal":0.0013189667822255792,"distribution":"{\"name\": \"FloatDistribution\", \"attributes\": {\"step\": null, \"low\": 0.0009, \"high\": 0.007, \"log\": true}}"}
{"op_code":5,"worker_id":"14c4b143-0cb1-470a-945e-ef9bcb004503-139944608661504","trial_id":98,"param_name":"transfer_lr","param_value_internal":0.022738523074299688,"distribution":"{\"name\": \"FloatDistribution\", \"attributes\": {\"step\": null, \"low\": 1e-05, \"high\": 5.0, \"log\": true}}"}
{"op_code":5,"worker_id":"14c4b143-0cb1-470a-945e-ef9bcb004503-139944608661504","trial_id":98,"param_name":"transfer_every","param_value_internal":25.0,"distribution":"{\"name\": \"IntDistribution\", \"attributes\": {\"log\": true, \"step\": 1, \"low\": 1, \"high\": 70}}"}
{"op_code":5,"worker_id":"14c4b143-0cb1-470a-945e-ef9bcb004503-139944608661504","trial_id":98,"param_name":"rank_exp","param_value_internal":0.0,"distribution":"{\"name\": \"IntDistribution\", \"attributes\": {\"log\": false, \"step\": 1, \"low\": 0, \"high\": 6}}"}
{"op_code":5,"worker_id":"14c4b143-0cb1-470a-945e-ef9bcb004503-139944608661504","trial_id":98,"param_name":"fast_lr","param_value_internal":0.007315948100882599,"distribution":"{\"name\": \"FloatDistribution\", \"attributes\": {\"step\": null, \"low\": 2e-05, \"high\": 50.0, \"log\": true}}"}
{"op_code":5,"worker_id":"14c4b143-0cb1-470a-945e-ef9bcb004503-139944608661504","trial_id":98,"param_name":"tau_sec","param_value_internal":0.0,"distribution":"{\"name\": \"FloatDistribution\", \"attributes\": {\"step\": null, \"low\": 0.0, \"high\": 0.0, \"log\": false}}"}
{"op_code":5,"worker_id":"14c4b143-0cb1-470a-945e-ef9bcb004503-139944608661504","trial_id":98,"param_name":"ab_dw_min","param_value_internal":1.0176427922041415e-05,"distribution":"{\"name\": \"FloatDistribution\", \"attributes\": {\"step\": null, \"low\": 3e-06, \"high\": 0.006, \"log\": true}}"}
{"op_code":5,"worker_id":"14c4b143-0cb1-470a-945e-ef9bcb004503-139944608661504","trial_id":98,"param_name":"ab_desired_bl","param_value_internal":31.0,"distribution":"{\"name\": \"IntDistribution\", \"attributes\": {\"log\": false, \"step\": 1, \"low\": 31, \"high\": 31}}"}
{"op_code":5,"worker_id":"14c4b143-0cb1-470a-945e-ef9bcb004503-139944608661504","trial_id":98,"param_name":"ab_multilevel","param_value_internal":1.0,"distribution":"{\"name\": \"IntDistribution\", \"attributes\": {\"log\": false, \"step\": 1, \"low\": 1, \"high\": 14}}"}
{"op_code":5,"worker_id":"14c4b143-0cb1-470a-945e-ef9bcb004503-139944608661504","trial_id":98,"param_name":"a_reset_std","param_value_internal":1e-30,"distribution":"{\"name\": \"FloatDistribution\", \"attributes\": {\"step\": null, \"low\": 1e-30, \"high\": 1e-30, \"log\": true}}"}
{"op_code":5,"worker_id":"14c4b143-0cb1-470a-945e-ef9bcb004503-139944608661504","trial_id":98,"param_name":"b_reset_std","param_value_internal":1e-30,"distribution":"{\"name\": \"FloatDistribution\", \"attributes\": {\"step\": null, \"low\": 1e-30, \"high\": 1e-30, \"log\": true}}"}
{"op_code":5,"worker_id":"14c4b143-0cb1-470a-945e-ef9bcb004503-139944608661504","trial_id":98,"param_name":"c_dw_min","param_value_internal":0.002899411627429496,"distribution":"{\"name\": \"FloatDistribution\", \"attributes\": {\"step\": null, \"low\": 0.001, \"high\": 0.04, \"log\": true}}"}
{"op_code":5,"worker_id":"14c4b143-0cb1-470a-945e-ef9bcb004503-139944608661504","trial_id":98,"param_name":"c_desired_bl","param_value_internal":31.0,"distribution":"{\"name\": \"IntDistribution\", \"attributes\": {\"log\": false, \"step\": 1, \"low\": 31, \"high\": 31}}"}
{"op_code":5,"worker_id":"14c4b143-0cb1-470a-945e-ef9bcb004503-139944608661504","trial_id":98,"param_name":"out_noise","param_value_internal":0.0,"distribution":"{\"name\": \"FloatDistribution\", \"attributes\": {\"step\": null, \"low\": 0.0, \"high\": 0.0, \"log\": false}}"}
{"op_code":5,"worker_id":"14c4b143-0cb1-470a-945e-ef9bcb004503-139944608661504","trial_id":98,"param_name":"ab_weight_scaling_omega","param_value_internal":0.0,"distribution":"{\"name\": \"FloatDistribution\", \"attributes\": {\"step\": null, \"low\": 0.0, \"high\": 0.0, \"log\": false}}"}
{"op_code":5,"worker_id":"14c4b143-0cb1-470a-945e-ef9bcb004503-139944608661504","trial_id":98,"param_name":"min_lr_rate","param_value_internal":0.0,"distribution":"{\"name\": \"FloatDistribution\", \"attributes\": {\"step\": null, \"low\": 0.0, \"high\": 0.0, \"log\": false}}"}
{"op_code":5,"worker_id":"14c4b143-0cb1-470a-945e-ef9bcb004503-139944608661504","trial_id":98,"param_name":"a_density","param_value_internal":0.007818238094208684,"distribution":"{\"name\": \"FloatDistribution\", \"attributes\": {\"step\": null, \"low\": 0.001, \"high\": 1.0, \"log\": true}}"}
{"op_code":8,"worker_id":"14c4b143-0cb1-470a-945e-ef9bcb004503-139944608661504","trial_id":98,"user_attr":{"grad_accum_steps":1}}
{"op_code":7,"worker_id":"af024209-1bab-44f1-8fcc-6e8e8695160f-139743941193728","trial_id":97,"step":4,"intermediate_value":78.08874868199338}
{"op_code":8,"worker_id":"af024209-1bab-44f1-8fcc-6e8e8695160f-139743941193728","trial_id":97,"user_attr":{"train_loss_epoch_4":1.5596998904132584}}
{"op_code":7,"worker_id":"14c4b143-0cb1-470a-945e-ef9bcb004503-139944608661504","trial_id":98,"step":1,"intermediate_value":72.19084317451427}
{"op_code":8,"worker_id":"14c4b143-0cb1-470a-945e-ef9bcb004503-139944608661504","trial_id":98,"user_attr":{"train_loss_epoch_1":2.4338155789103935}}
{"op_code":7,"worker_id":"9ce5796d-fff7-4660-872f-3de5042074e9-140257851785216","trial_id":95,"step":5,"intermediate_value":78.47679953753314}
{"op_code":8,"worker_id":"9ce5796d-fff7-4660-872f-3de5042074e9-140257851785216","trial_id":95,"user_attr":{"train_loss_epoch_5":1.5193911051685571}}
{"op_code":6,"worker_id":"9ce5796d-fff7-4660-872f-3de5042074e9-140257851785216","trial_id":95,"state":1,"values":[78.47679953753314],"datetime_complete":"2026-05-26T12:12:25.114256"}
{"op_code":4,"worker_id":"9ce5796d-fff7-4660-872f-3de5042074e9-140257851785216","study_id":0,"datetime_start":"2026-05-26T12:12:25.115885"}
{"op_code":5,"worker_id":"9ce5796d-fff7-4660-872f-3de5042074e9-140257851785216","trial_id":99,"param_name":"learning_rate","param_value_internal":0.001789526461361077,"distribution":"{\"name\": \"FloatDistribution\", \"attributes\": {\"step\": null, \"low\": 0.0009, \"high\": 0.007, \"log\": true}}"}
{"op_code":5,"worker_id":"9ce5796d-fff7-4660-872f-3de5042074e9-140257851785216","trial_id":99,"param_name":"transfer_lr","param_value_internal":0.0032033766441392606,"distribution":"{\"name\": \"FloatDistribution\", \"attributes\": {\"step\": null, \"low\": 1e-05, \"high\": 5.0, \"log\": true}}"}
{"op_code":5,"worker_id":"9ce5796d-fff7-4660-872f-3de5042074e9-140257851785216","trial_id":99,"param_name":"transfer_every","param_value_internal":3.0,"distribution":"{\"name\": \"IntDistribution\", \"attributes\": {\"log\": true, \"step\": 1, \"low\": 1, \"high\": 70}}"}
{"op_code":5,"worker_id":"9ce5796d-fff7-4660-872f-3de5042074e9-140257851785216","trial_id":99,"param_name":"rank_exp","param_value_internal":0.0,"distribution":"{\"name\": \"IntDistribution\", \"attributes\": {\"log\": false, \"step\": 1, \"low\": 0, \"high\": 6}}"}
{"op_code":5,"worker_id":"9ce5796d-fff7-4660-872f-3de5042074e9-140257851785216","trial_id":99,"param_name":"fast_lr","param_value_internal":0.00013011144744262587,"distribution":"{\"name\": \"FloatDistribution\", \"attributes\": {\"step\": null, \"low\": 2e-05, \"high\": 50.0, \"log\": true}}"}
{"op_code":5,"worker_id":"9ce5796d-fff7-4660-872f-3de5042074e9-140257851785216","trial_id":99,"param_name":"tau_sec","param_value_internal":0.0,"distribution":"{\"name\": \"FloatDistribution\", \"attributes\": {\"step\": null, \"low\": 0.0, \"high\": 0.0, \"log\": false}}"}
{"op_code":5,"worker_id":"9ce5796d-fff7-4660-872f-3de5042074e9-140257851785216","trial_id":99,"param_name":"ab_dw_min","param_value_internal":0.002791923668976523,"distribution":"{\"name\": \"FloatDistribution\", \"attributes\": {\"step\": null, \"low\": 3e-06, \"high\": 0.006, \"log\": true}}"}
{"op_code":5,"worker_id":"9ce5796d-fff7-4660-872f-3de5042074e9-140257851785216","trial_id":99,"param_name":"ab_desired_bl","param_value_internal":31.0,"distribution":"{\"name\": \"IntDistribution\", \"attributes\": {\"log\": false, \"step\": 1, \"low\": 31, \"high\": 31}}"}
{"op_code":5,"worker_id":"9ce5796d-fff7-4660-872f-3de5042074e9-140257851785216","trial_id":99,"param_name":"ab_multilevel","param_value_internal":1.0,"distribution":"{\"name\": \"IntDistribution\", \"attributes\": {\"log\": false, \"step\": 1, \"low\": 1, \"high\": 14}}"}
{"op_code":5,"worker_id":"9ce5796d-fff7-4660-872f-3de5042074e9-140257851785216","trial_id":99,"param_name":"a_reset_std","param_value_internal":1e-30,"distribution":"{\"name\": \"FloatDistribution\", \"attributes\": {\"step\": null, \"low\": 1e-30, \"high\": 1e-30, \"log\": true}}"}
{"op_code":5,"worker_id":"9ce5796d-fff7-4660-872f-3de5042074e9-140257851785216","trial_id":99,"param_name":"b_reset_std","param_value_internal":1e-30,"distribution":"{\"name\": \"FloatDistribution\", \"attributes\": {\"step\": null, \"low\": 1e-30, \"high\": 1e-30, \"log\": true}}"}
{"op_code":5,"worker_id":"9ce5796d-fff7-4660-872f-3de5042074e9-140257851785216","trial_id":99,"param_name":"c_dw_min","param_value_internal":0.00290530076631845,"distribution":"{\"name\": \"FloatDistribution\", \"attributes\": {\"step\": null, \"low\": 0.001, \"high\": 0.04, \"log\": true}}"}
{"op_code":5,"worker_id":"9ce5796d-fff7-4660-872f-3de5042074e9-140257851785216","trial_id":99,"param_name":"c_desired_bl","param_value_internal":31.0,"distribution":"{\"name\": \"IntDistribution\", \"attributes\": {\"log\": false, \"step\": 1, \"low\": 31, \"high\": 31}}"}
{"op_code":5,"worker_id":"9ce5796d-fff7-4660-872f-3de5042074e9-140257851785216","trial_id":99,"param_name":"out_noise","param_value_internal":0.0,"distribution":"{\"name\": \"FloatDistribution\", \"attributes\": {\"step\": null, \"low\": 0.0, \"high\": 0.0, \"log\": false}}"}
{"op_code":5,"worker_id":"9ce5796d-fff7-4660-872f-3de5042074e9-140257851785216","trial_id":99,"param_name":"ab_weight_scaling_omega","param_value_internal":0.0,"distribution":"{\"name\": \"FloatDistribution\", \"attributes\": {\"step\": null, \"low\": 0.0, \"high\": 0.0, \"log\": false}}"}
{"op_code":5,"worker_id":"9ce5796d-fff7-4660-872f-3de5042074e9-140257851785216","trial_id":99,"param_name":"min_lr_rate","param_value_internal":0.0,"distribution":"{\"name\": \"FloatDistribution\", \"attributes\": {\"step\": null, \"low\": 0.0, \"high\": 0.0, \"log\": false}}"}
{"op_code":5,"worker_id":"9ce5796d-fff7-4660-872f-3de5042074e9-140257851785216","trial_id":99,"param_name":"a_density","param_value_internal":0.16484683214142065,"distribution":"{\"name\": \"FloatDistribution\", \"attributes\": {\"step\": null, \"low\": 0.001, \"high\": 1.0, \"log\": true}}"}
{"op_code":8,"worker_id":"9ce5796d-fff7-4660-872f-3de5042074e9-140257851785216","trial_id":99,"user_attr":{"grad_accum_steps":1}}
{"op_code":7,"worker_id":"b8bcac3c-5048-4dbc-8fbc-2f45322dee37-139722167521280","trial_id":96,"step":5,"intermediate_value":78.1665628930432}
{"op_code":8,"worker_id":"b8bcac3c-5048-4dbc-8fbc-2f45322dee37-139722167521280","trial_id":96,"user_attr":{"train_loss_epoch_5":1.5066793526737348}}
{"op_code":6,"worker_id":"b8bcac3c-5048-4dbc-8fbc-2f45322dee37-139722167521280","trial_id":96,"state":1,"values":[78.1665628930432],"datetime_complete":"2026-05-26T12:19:21.282002"}
{"op_code":4,"worker_id":"b8bcac3c-5048-4dbc-8fbc-2f45322dee37-139722167521280","study_id":0,"datetime_start":"2026-05-26T12:19:21.283689"}
{"op_code":5,"worker_id":"b8bcac3c-5048-4dbc-8fbc-2f45322dee37-139722167521280","trial_id":100,"param_name":"learning_rate","param_value_internal":0.003289948387391111,"distribution":"{\"name\": \"FloatDistribution\", \"attributes\": {\"step\": null, \"low\": 0.0009, \"high\": 0.007, \"log\": true}}"}
{"op_code":5,"worker_id":"b8bcac3c-5048-4dbc-8fbc-2f45322dee37-139722167521280","trial_id":100,"param_name":"transfer_lr","param_value_internal":0.00232906923229422,"distribution":"{\"name\": \"FloatDistribution\", \"attributes\": {\"step\": null, \"low\": 1e-05, \"high\": 5.0, \"log\": true}}"}
{"op_code":5,"worker_id":"b8bcac3c-5048-4dbc-8fbc-2f45322dee37-139722167521280","trial_id":100,"param_name":"transfer_every","param_value_internal":7.0,"distribution":"{\"name\": \"IntDistribution\", \"attributes\": {\"log\": true, \"step\": 1, \"low\": 1, \"high\": 70}}"}
{"op_code":5,"worker_id":"b8bcac3c-5048-4dbc-8fbc-2f45322dee37-139722167521280","trial_id":100,"param_name":"rank_exp","param_value_internal":0.0,"distribution":"{\"name\": \"IntDistribution\", \"attributes\": {\"log\": false, \"step\": 1, \"low\": 0, \"high\": 6}}"}
{"op_code":5,"worker_id":"b8bcac3c-5048-4dbc-8fbc-2f45322dee37-139722167521280","trial_id":100,"param_name":"fast_lr","param_value_internal":0.0007321567015325104,"distribution":"{\"name\": \"FloatDistribution\", \"attributes\": {\"step\": null, \"low\": 2e-05, \"high\": 50.0, \"log\": true}}"}
{"op_code":5,"worker_id":"b8bcac3c-5048-4dbc-8fbc-2f45322dee37-139722167521280","trial_id":100,"param_name":"tau_sec","param_value_internal":0.0,"distribution":"{\"name\": \"FloatDistribution\", \"attributes\": {\"step\": null, \"low\": 0.0, \"high\": 0.0, \"log\": false}}"}
{"op_code":5,"worker_id":"b8bcac3c-5048-4dbc-8fbc-2f45322dee37-139722167521280","trial_id":100,"param_name":"ab_dw_min","param_value_internal":5.068014339805869e-06,"distribution":"{\"name\": \"FloatDistribution\", \"attributes\": {\"step\": null, \"low\": 3e-06, \"high\": 0.006, \"log\": true}}"}
{"op_code":5,"worker_id":"b8bcac3c-5048-4dbc-8fbc-2f45322dee37-139722167521280","trial_id":100,"param_name":"ab_desired_bl","param_value_internal":31.0,"distribution":"{\"name\": \"IntDistribution\", \"attributes\": {\"log\": false, \"step\": 1, \"low\": 31, \"high\": 31}}"}
{"op_code":5,"worker_id":"b8bcac3c-5048-4dbc-8fbc-2f45322dee37-139722167521280","trial_id":100,"param_name":"ab_multilevel","param_value_internal":1.0,"distribution":"{\"name\": \"IntDistribution\", \"attributes\": {\"log\": false, \"step\": 1, \"low\": 1, \"high\": 14}}"}
{"op_code":5,"worker_id":"b8bcac3c-5048-4dbc-8fbc-2f45322dee37-139722167521280","trial_id":100,"param_name":"a_reset_std","param_value_internal":1e-30,"distribution":"{\"name\": \"FloatDistribution\", \"attributes\": {\"step\": null, \"low\": 1e-30, \"high\": 1e-30, \"log\": true}}"}
{"op_code":5,"worker_id":"b8bcac3c-5048-4dbc-8fbc-2f45322dee37-139722167521280","trial_id":100,"param_name":"b_reset_std","param_value_internal":1e-30,"distribution":"{\"name\": \"FloatDistribution\", \"attributes\": {\"step\": null, \"low\": 1e-30, \"high\": 1e-30, \"log\": true}}"}
{"op_code":5,"worker_id":"b8bcac3c-5048-4dbc-8fbc-2f45322dee37-139722167521280","trial_id":100,"param_name":"c_dw_min","param_value_internal":0.0029048951500805042,"distribution":"{\"name\": \"FloatDistribution\", \"attributes\": {\"step\": null, \"low\": 0.001, \"high\": 0.04, \"log\": true}}"}
{"op_code":5,"worker_id":"b8bcac3c-5048-4dbc-8fbc-2f45322dee37-139722167521280","trial_id":100,"param_name":"c_desired_bl","param_value_internal":31.0,"distribution":"{\"name\": \"IntDistribution\", \"attributes\": {\"log\": false, \"step\": 1, \"low\": 31, \"high\": 31}}"}
{"op_code":5,"worker_id":"b8bcac3c-5048-4dbc-8fbc-2f45322dee37-139722167521280","trial_id":100,"param_name":"out_noise","param_value_internal":0.0,"distribution":"{\"name\": \"FloatDistribution\", \"attributes\": {\"step\": null, \"low\": 0.0, \"high\": 0.0, \"log\": false}}"}
{"op_code":5,"worker_id":"b8bcac3c-5048-4dbc-8fbc-2f45322dee37-139722167521280","trial_id":100,"param_name":"ab_weight_scaling_omega","param_value_internal":0.0,"distribution":"{\"name\": \"FloatDistribution\", \"attributes\": {\"step\": null, \"low\": 0.0, \"high\": 0.0, \"log\": false}}"}
{"op_code":5,"worker_id":"b8bcac3c-5048-4dbc-8fbc-2f45322dee37-139722167521280","trial_id":100,"param_name":"min_lr_rate","param_value_internal":0.0,"distribution":"{\"name\": \"FloatDistribution\", \"attributes\": {\"step\": null, \"low\": 0.0, \"high\": 0.0, \"log\": false}}"}
{"op_code":5,"worker_id":"b8bcac3c-5048-4dbc-8fbc-2f45322dee37-139722167521280","trial_id":100,"param_name":"a_density","param_value_internal":0.7145658792942291,"distribution":"{\"name\": \"FloatDistribution\", \"attributes\": {\"step\": null, \"low\": 0.001, \"high\": 1.0, \"log\": true}}"}
{"op_code":8,"worker_id":"b8bcac3c-5048-4dbc-8fbc-2f45322dee37-139722167521280","trial_id":100,"user_attr":{"grad_accum_steps":1}}
{"op_code":7,"worker_id":"14c4b143-0cb1-470a-945e-ef9bcb004503-139944608661504","trial_id":98,"step":2,"intermediate_value":75.06182074198809}
{"op_code":8,"worker_id":"14c4b143-0cb1-470a-945e-ef9bcb004503-139944608661504","trial_id":98,"user_attr":{"train_loss_epoch_2":1.7143620047788957}}
{"op_code":7,"worker_id":"af024209-1bab-44f1-8fcc-6e8e8695160f-139743941193728","trial_id":97,"step":5,"intermediate_value":78.40989833423825}
{"op_code":8,"worker_id":"af024209-1bab-44f1-8fcc-6e8e8695160f-139743941193728","trial_id":97,"user_attr":{"train_loss_epoch_5":1.5169350000900952}}
{"op_code":6,"worker_id":"af024209-1bab-44f1-8fcc-6e8e8695160f-139743941193728","trial_id":97,"state":1,"values":[78.40989833423825],"datetime_complete":"2026-05-26T12:27:59.817040"}
{"op_code":4,"worker_id":"af024209-1bab-44f1-8fcc-6e8e8695160f-139743941193728","study_id":0,"datetime_start":"2026-05-26T12:27:59.818827"}
{"op_code":5,"worker_id":"af024209-1bab-44f1-8fcc-6e8e8695160f-139743941193728","trial_id":101,"param_name":"learning_rate","param_value_internal":0.0031939507210336894,"distribution":"{\"name\": \"FloatDistribution\", \"attributes\": {\"step\": null, \"low\": 0.0009, \"high\": 0.007, \"log\": true}}"}
{"op_code":5,"worker_id":"af024209-1bab-44f1-8fcc-6e8e8695160f-139743941193728","trial_id":101,"param_name":"transfer_lr","param_value_internal":8.122526232785255e-05,"distribution":"{\"name\": \"FloatDistribution\", \"attributes\": {\"step\": null, \"low\": 1e-05, \"high\": 5.0, \"log\": true}}"}
{"op_code":5,"worker_id":"af024209-1bab-44f1-8fcc-6e8e8695160f-139743941193728","trial_id":101,"param_name":"transfer_every","param_value_internal":56.0,"distribution":"{\"name\": \"IntDistribution\", \"attributes\": {\"log\": true, \"step\": 1, \"low\": 1, \"high\": 70}}"}
{"op_code":5,"worker_id":"af024209-1bab-44f1-8fcc-6e8e8695160f-139743941193728","trial_id":101,"param_name":"rank_exp","param_value_internal":0.0,"distribution":"{\"name\": \"IntDistribution\", \"attributes\": {\"log\": false, \"step\": 1, \"low\": 0, \"high\": 6}}"}
{"op_code":5,"worker_id":"af024209-1bab-44f1-8fcc-6e8e8695160f-139743941193728","trial_id":101,"param_name":"fast_lr","param_value_internal":32.64296530135868,"distribution":"{\"name\": \"FloatDistribution\", \"attributes\": {\"step\": null, \"low\": 2e-05, \"high\": 50.0, \"log\": true}}"}
{"op_code":5,"worker_id":"af024209-1bab-44f1-8fcc-6e8e8695160f-139743941193728","trial_id":101,"param_name":"tau_sec","param_value_internal":0.0,"distribution":"{\"name\": \"FloatDistribution\", \"attributes\": {\"step\": null, \"low\": 0.0, \"high\": 0.0, \"log\": false}}"}
{"op_code":5,"worker_id":"af024209-1bab-44f1-8fcc-6e8e8695160f-139743941193728","trial_id":101,"param_name":"ab_dw_min","param_value_internal":1.8537151661221985e-05,"distribution":"{\"name\": \"FloatDistribution\", \"attributes\": {\"step\": null, \"low\": 3e-06, \"high\": 0.006, \"log\": true}}"}
{"op_code":5,"worker_id":"af024209-1bab-44f1-8fcc-6e8e8695160f-139743941193728","trial_id":101,"param_name":"ab_desired_bl","param_value_internal":31.0,"distribution":"{\"name\": \"IntDistribution\", \"attributes\": {\"log\": false, \"step\": 1, \"low\": 31, \"high\": 31}}"}
{"op_code":5,"worker_id":"af024209-1bab-44f1-8fcc-6e8e8695160f-139743941193728","trial_id":101,"param_name":"ab_multilevel","param_value_internal":1.0,"distribution":"{\"name\": \"IntDistribution\", \"attributes\": {\"log\": false, \"step\": 1, \"low\": 1, \"high\": 14}}"}
{"op_code":5,"worker_id":"af024209-1bab-44f1-8fcc-6e8e8695160f-139743941193728","trial_id":101,"param_name":"a_reset_std","param_value_internal":1e-30,"distribution":"{\"name\": \"FloatDistribution\", \"attributes\": {\"step\": null, \"low\": 1e-30, \"high\": 1e-30, \"log\": true}}"}
{"op_code":5,"worker_id":"af024209-1bab-44f1-8fcc-6e8e8695160f-139743941193728","trial_id":101,"param_name":"b_reset_std","param_value_internal":1e-30,"distribution":"{\"name\": \"FloatDistribution\", \"attributes\": {\"step\": null, \"low\": 1e-30, \"high\": 1e-30, \"log\": true}}"}
{"op_code":5,"worker_id":"af024209-1bab-44f1-8fcc-6e8e8695160f-139743941193728","trial_id":101,"param_name":"c_dw_min","param_value_internal":0.0028988077039487758,"distribution":"{\"name\": \"FloatDistribution\", \"attributes\": {\"step\": null, \"low\": 0.001, \"high\": 0.04, \"log\": true}}"}
{"op_code":5,"worker_id":"af024209-1bab-44f1-8fcc-6e8e8695160f-139743941193728","trial_id":101,"param_name":"c_desired_bl","param_value_internal":31.0,"distribution":"{\"name\": \"IntDistribution\", \"attributes\": {\"log\": false, \"step\": 1, \"low\": 31, \"high\": 31}}"}
{"op_code":5,"worker_id":"af024209-1bab-44f1-8fcc-6e8e8695160f-139743941193728","trial_id":101,"param_name":"out_noise","param_value_internal":0.0,"distribution":"{\"name\": \"FloatDistribution\", \"attributes\": {\"step\": null, \"low\": 0.0, \"high\": 0.0, \"log\": false}}"}
{"op_code":5,"worker_id":"af024209-1bab-44f1-8fcc-6e8e8695160f-139743941193728","trial_id":101,"param_name":"ab_weight_scaling_omega","param_value_internal":0.0,"distribution":"{\"name\": \"FloatDistribution\", \"attributes\": {\"step\": null, \"low\": 0.0, \"high\": 0.0, \"log\": false}}"}
{"op_code":5,"worker_id":"af024209-1bab-44f1-8fcc-6e8e8695160f-139743941193728","trial_id":101,"param_name":"min_lr_rate","param_value_internal":0.0,"distribution":"{\"name\": \"FloatDistribution\", \"attributes\": {\"step\": null, \"low\": 0.0, \"high\": 0.0, \"log\": false}}"}
{"op_code":5,"worker_id":"af024209-1bab-44f1-8fcc-6e8e8695160f-139743941193728","trial_id":101,"param_name":"a_density","param_value_internal":0.2954542611537478,"distribution":"{\"name\": \"FloatDistribution\", \"attributes\": {\"step\": null, \"low\": 0.001, \"high\": 1.0, \"log\": true}}"}
{"op_code":8,"worker_id":"af024209-1bab-44f1-8fcc-6e8e8695160f-139743941193728","trial_id":101,"user_attr":{"grad_accum_steps":1}}
{"op_code":7,"worker_id":"9ce5796d-fff7-4660-872f-3de5042074e9-140257851785216","trial_id":99,"step":1,"intermediate_value":73.68002660842627}
{"op_code":8,"worker_id":"9ce5796d-fff7-4660-872f-3de5042074e9-140257851785216","trial_id":99,"user_attr":{"train_loss_epoch_1":2.3240775100583955}}
{"op_code":7,"worker_id":"b8bcac3c-5048-4dbc-8fbc-2f45322dee37-139722167521280","trial_id":100,"step":1,"intermediate_value":74.64572029584988}
{"op_code":8,"worker_id":"b8bcac3c-5048-4dbc-8fbc-2f45322dee37-139722167521280","trial_id":100,"user_attr":{"train_loss_epoch_1":2.1937253081055514}}
{"op_code":7,"worker_id":"14c4b143-0cb1-470a-945e-ef9bcb004503-139944608661504","trial_id":98,"step":3,"intermediate_value":76.09492097578175}
{"op_code":8,"worker_id":"14c4b143-0cb1-470a-945e-ef9bcb004503-139944608661504","trial_id":98,"user_attr":{"train_loss_epoch_3":1.6354930941651507}}
{"op_code":7,"worker_id":"af024209-1bab-44f1-8fcc-6e8e8695160f-139743941193728","trial_id":101,"step":1,"intermediate_value":74.78552048531094}
{"op_code":8,"worker_id":"af024209-1bab-44f1-8fcc-6e8e8695160f-139743941193728","trial_id":101,"user_attr":{"train_loss_epoch_1":2.19341941228727}}
{"op_code":7,"worker_id":"9ce5796d-fff7-4660-872f-3de5042074e9-140257851785216","trial_id":99,"step":2,"intermediate_value":75.80803853340147}
{"op_code":8,"worker_id":"9ce5796d-fff7-4660-872f-3de5042074e9-140257851785216","trial_id":99,"user_attr":{"train_loss_epoch_2":1.683709431469925}}
{"op_code":7,"worker_id":"b8bcac3c-5048-4dbc-8fbc-2f45322dee37-139722167521280","trial_id":100,"step":2,"intermediate_value":76.4346227888275}
{"op_code":8,"worker_id":"b8bcac3c-5048-4dbc-8fbc-2f45322dee37-139722167521280","trial_id":100,"user_attr":{"train_loss_epoch_2":1.6664485105654088}}
{"op_code":7,"worker_id":"14c4b143-0cb1-470a-945e-ef9bcb004503-139944608661504","trial_id":98,"step":4,"intermediate_value":76.57451588036237}
{"op_code":8,"worker_id":"14c4b143-0cb1-470a-945e-ef9bcb004503-139944608661504","trial_id":98,"user_attr":{"train_loss_epoch_4":1.593481878859564}}
{"op_code":7,"worker_id":"af024209-1bab-44f1-8fcc-6e8e8695160f-139743941193728","trial_id":101,"step":2,"intermediate_value":75.77423095869713}
{"op_code":8,"worker_id":"af024209-1bab-44f1-8fcc-6e8e8695160f-139743941193728","trial_id":101,"user_attr":{"train_loss_epoch_2":1.6611625509856516}}
{"op_code":7,"worker_id":"9ce5796d-fff7-4660-872f-3de5042074e9-140257851785216","trial_id":99,"step":3,"intermediate_value":76.56651038617869}
{"op_code":8,"worker_id":"9ce5796d-fff7-4660-872f-3de5042074e9-140257851785216","trial_id":99,"user_attr":{"train_loss_epoch_3":1.6002166802967144}}
{"op_code":7,"worker_id":"b8bcac3c-5048-4dbc-8fbc-2f45322dee37-139722167521280","trial_id":100,"step":3,"intermediate_value":77.25383563702384}
{"op_code":8,"worker_id":"b8bcac3c-5048-4dbc-8fbc-2f45322dee37-139722167521280","trial_id":100,"user_attr":{"train_loss_epoch_3":1.5929693241752583}}
{"op_code":7,"worker_id":"14c4b143-0cb1-470a-945e-ef9bcb004503-139944608661504","trial_id":98,"step":5,"intermediate_value":76.78416940165219}
{"op_code":8,"worker_id":"14c4b143-0cb1-470a-945e-ef9bcb004503-139944608661504","trial_id":98,"user_attr":{"train_loss_epoch_5":1.5687142787263968}}
{"op_code":6,"worker_id":"14c4b143-0cb1-470a-945e-ef9bcb004503-139944608661504","trial_id":98,"state":1,"values":[76.78416940165219],"datetime_complete":"2026-05-26T13:14:12.852008"}
{"op_code":4,"worker_id":"14c4b143-0cb1-470a-945e-ef9bcb004503-139944608661504","study_id":0,"datetime_start":"2026-05-26T13:14:12.853716"}
{"op_code":5,"worker_id":"14c4b143-0cb1-470a-945e-ef9bcb004503-139944608661504","trial_id":102,"param_name":"learning_rate","param_value_internal":0.00522720365218941,"distribution":"{\"name\": \"FloatDistribution\", \"attributes\": {\"step\": null, \"low\": 0.0009, \"high\": 0.007, \"log\": true}}"}
{"op_code":5,"worker_id":"14c4b143-0cb1-470a-945e-ef9bcb004503-139944608661504","trial_id":102,"param_name":"transfer_lr","param_value_internal":0.00013808650280151184,"distribution":"{\"name\": \"FloatDistribution\", \"attributes\": {\"step\": null, \"low\": 1e-05, \"high\": 5.0, \"log\": true}}"}
{"op_code":5,"worker_id":"14c4b143-0cb1-470a-945e-ef9bcb004503-139944608661504","trial_id":102,"param_name":"transfer_every","param_value_internal":2.0,"distribution":"{\"name\": \"IntDistribution\", \"attributes\": {\"log\": true, \"step\": 1, \"low\": 1, \"high\": 70}}"}
{"op_code":5,"worker_id":"14c4b143-0cb1-470a-945e-ef9bcb004503-139944608661504","trial_id":102,"param_name":"rank_exp","param_value_internal":0.0,"distribution":"{\"name\": \"IntDistribution\", \"attributes\": {\"log\": false, \"step\": 1, \"low\": 0, \"high\": 6}}"}
{"op_code":5,"worker_id":"14c4b143-0cb1-470a-945e-ef9bcb004503-139944608661504","trial_id":102,"param_name":"fast_lr","param_value_internal":0.8303127565491434,"distribution":"{\"name\": \"FloatDistribution\", \"attributes\": {\"step\": null, \"low\": 2e-05, \"high\": 50.0, \"log\": true}}"}
{"op_code":5,"worker_id":"14c4b143-0cb1-470a-945e-ef9bcb004503-139944608661504","trial_id":102,"param_name":"tau_sec","param_value_internal":0.0,"distribution":"{\"name\": \"FloatDistribution\", \"attributes\": {\"step\": null, \"low\": 0.0, \"high\": 0.0, \"log\": false}}"}
{"op_code":5,"worker_id":"14c4b143-0cb1-470a-945e-ef9bcb004503-139944608661504","trial_id":102,"param_name":"ab_dw_min","param_value_internal":0.004091064603801703,"distribution":"{\"name\": \"FloatDistribution\", \"attributes\": {\"step\": null, \"low\": 3e-06, \"high\": 0.006, \"log\": true}}"}
{"op_code":5,"worker_id":"14c4b143-0cb1-470a-945e-ef9bcb004503-139944608661504","trial_id":102,"param_name":"ab_desired_bl","param_value_internal":31.0,"distribution":"{\"name\": \"IntDistribution\", \"attributes\": {\"log\": false, \"step\": 1, \"low\": 31, \"high\": 31}}"}
{"op_code":5,"worker_id":"14c4b143-0cb1-470a-945e-ef9bcb004503-139944608661504","trial_id":102,"param_name":"ab_multilevel","param_value_internal":1.0,"distribution":"{\"name\": \"IntDistribution\", \"attributes\": {\"log\": false, \"step\": 1, \"low\": 1, \"high\": 14}}"}
{"op_code":5,"worker_id":"14c4b143-0cb1-470a-945e-ef9bcb004503-139944608661504","trial_id":102,"param_name":"a_reset_std","param_value_internal":1e-30,"distribution":"{\"name\": \"FloatDistribution\", \"attributes\": {\"step\": null, \"low\": 1e-30, \"high\": 1e-30, \"log\": true}}"}
{"op_code":5,"worker_id":"14c4b143-0cb1-470a-945e-ef9bcb004503-139944608661504","trial_id":102,"param_name":"b_reset_std","param_value_internal":1e-30,"distribution":"{\"name\": \"FloatDistribution\", \"attributes\": {\"step\": null, \"low\": 1e-30, \"high\": 1e-30, \"log\": true}}"}
{"op_code":5,"worker_id":"14c4b143-0cb1-470a-945e-ef9bcb004503-139944608661504","trial_id":102,"param_name":"c_dw_min","param_value_internal":0.0029662555866799578,"distribution":"{\"name\": \"FloatDistribution\", \"attributes\": {\"step\": null, \"low\": 0.001, \"high\": 0.04, \"log\": true}}"}
{"op_code":5,"worker_id":"14c4b143-0cb1-470a-945e-ef9bcb004503-139944608661504","trial_id":102,"param_name":"c_desired_bl","param_value_internal":31.0,"distribution":"{\"name\": \"IntDistribution\", \"attributes\": {\"log\": false, \"step\": 1, \"low\": 31, \"high\": 31}}"}
{"op_code":5,"worker_id":"14c4b143-0cb1-470a-945e-ef9bcb004503-139944608661504","trial_id":102,"param_name":"out_noise","param_value_internal":0.0,"distribution":"{\"name\": \"FloatDistribution\", \"attributes\": {\"step\": null, \"low\": 0.0, \"high\": 0.0, \"log\": false}}"}
{"op_code":5,"worker_id":"14c4b143-0cb1-470a-945e-ef9bcb004503-139944608661504","trial_id":102,"param_name":"ab_weight_scaling_omega","param_value_internal":0.0,"distribution":"{\"name\": \"FloatDistribution\", \"attributes\": {\"step\": null, \"low\": 0.0, \"high\": 0.0, \"log\": false}}"}
{"op_code":5,"worker_id":"14c4b143-0cb1-470a-945e-ef9bcb004503-139944608661504","trial_id":102,"param_name":"min_lr_rate","param_value_internal":0.0,"distribution":"{\"name\": \"FloatDistribution\", \"attributes\": {\"step\": null, \"low\": 0.0, \"high\": 0.0, \"log\": false}}"}
{"op_code":5,"worker_id":"14c4b143-0cb1-470a-945e-ef9bcb004503-139944608661504","trial_id":102,"param_name":"a_density","param_value_internal":0.002248130291418996,"distribution":"{\"name\": \"FloatDistribution\", \"attributes\": {\"step\": null, \"low\": 0.001, \"high\": 1.0, \"log\": true}}"}
{"op_code":8,"worker_id":"14c4b143-0cb1-470a-945e-ef9bcb004503-139944608661504","trial_id":102,"user_attr":{"grad_accum_steps":1}}
{"op_code":7,"worker_id":"af024209-1bab-44f1-8fcc-6e8e8695160f-139743941193728","trial_id":101,"step":3,"intermediate_value":77.49643311573237}
{"op_code":8,"worker_id":"af024209-1bab-44f1-8fcc-6e8e8695160f-139743941193728","trial_id":101,"user_attr":{"train_loss_epoch_3":1.5823684811915162}}
{"op_code":7,"worker_id":"9ce5796d-fff7-4660-872f-3de5042074e9-140257851785216","trial_id":99,"step":4,"intermediate_value":77.42633060875781}
{"op_code":8,"worker_id":"9ce5796d-fff7-4660-872f-3de5042074e9-140257851785216","trial_id":99,"user_attr":{"train_loss_epoch_4":1.5606513683711933}}
{"op_code":7,"worker_id":"b8bcac3c-5048-4dbc-8fbc-2f45322dee37-139722167521280","trial_id":100,"step":4,"intermediate_value":78.10138189142319}
{"op_code":8,"worker_id":"b8bcac3c-5048-4dbc-8fbc-2f45322dee37-139722167521280","trial_id":100,"user_attr":{"train_loss_epoch_4":1.5389737989198224}}
{"op_code":7,"worker_id":"14c4b143-0cb1-470a-945e-ef9bcb004503-139944608661504","trial_id":102,"step":1,"intermediate_value":73.36434002551296}
{"op_code":8,"worker_id":"14c4b143-0cb1-470a-945e-ef9bcb004503-139944608661504","trial_id":102,"user_attr":{"train_loss_epoch_1":2.1637365217777447}}
{"op_code":7,"worker_id":"af024209-1bab-44f1-8fcc-6e8e8695160f-139743941193728","trial_id":101,"step":4,"intermediate_value":78.32357644039631}
{"op_code":8,"worker_id":"af024209-1bab-44f1-8fcc-6e8e8695160f-139743941193728","trial_id":101,"user_attr":{"train_loss_epoch_4":1.5279592821914652}}
{"op_code":7,"worker_id":"9ce5796d-fff7-4660-872f-3de5042074e9-140257851785216","trial_id":99,"step":5,"intermediate_value":77.43832541250302}
{"op_code":8,"worker_id":"9ce5796d-fff7-4660-872f-3de5042074e9-140257851785216","trial_id":99,"user_attr":{"train_loss_epoch_5":1.531851728240326}}
{"op_code":6,"worker_id":"9ce5796d-fff7-4660-872f-3de5042074e9-140257851785216","trial_id":99,"state":1,"values":[77.43832541250302],"datetime_complete":"2026-05-26T13:33:41.245306"}
{"op_code":4,"worker_id":"9ce5796d-fff7-4660-872f-3de5042074e9-140257851785216","study_id":0,"datetime_start":"2026-05-26T13:33:41.247214"}
{"op_code":5,"worker_id":"9ce5796d-fff7-4660-872f-3de5042074e9-140257851785216","trial_id":103,"param_name":"learning_rate","param_value_internal":0.001366662887869467,"distribution":"{\"name\": \"FloatDistribution\", \"attributes\": {\"step\": null, \"low\": 0.0009, \"high\": 0.007, \"log\": true}}"}
{"op_code":5,"worker_id":"9ce5796d-fff7-4660-872f-3de5042074e9-140257851785216","trial_id":103,"param_name":"transfer_lr","param_value_internal":0.20957714538994623,"distribution":"{\"name\": \"FloatDistribution\", \"attributes\": {\"step\": null, \"low\": 1e-05, \"high\": 5.0, \"log\": true}}"}
{"op_code":5,"worker_id":"9ce5796d-fff7-4660-872f-3de5042074e9-140257851785216","trial_id":103,"param_name":"transfer_every","param_value_internal":15.0,"distribution":"{\"name\": \"IntDistribution\", \"attributes\": {\"log\": true, \"step\": 1, \"low\": 1, \"high\": 70}}"}
{"op_code":5,"worker_id":"9ce5796d-fff7-4660-872f-3de5042074e9-140257851785216","trial_id":103,"param_name":"rank_exp","param_value_internal":0.0,"distribution":"{\"name\": \"IntDistribution\", \"attributes\": {\"log\": false, \"step\": 1, \"low\": 0, \"high\": 6}}"}
{"op_code":5,"worker_id":"9ce5796d-fff7-4660-872f-3de5042074e9-140257851785216","trial_id":103,"param_name":"fast_lr","param_value_internal":32.257709277771184,"distribution":"{\"name\": \"FloatDistribution\", \"attributes\": {\"step\": null, \"low\": 2e-05, \"high\": 50.0, \"log\": true}}"}
{"op_code":5,"worker_id":"9ce5796d-fff7-4660-872f-3de5042074e9-140257851785216","trial_id":103,"param_name":"tau_sec","param_value_internal":0.0,"distribution":"{\"name\": \"FloatDistribution\", \"attributes\": {\"step\": null, \"low\": 0.0, \"high\": 0.0, \"log\": false}}"}
{"op_code":5,"worker_id":"9ce5796d-fff7-4660-872f-3de5042074e9-140257851785216","trial_id":103,"param_name":"ab_dw_min","param_value_internal":0.0002888197402002323,"distribution":"{\"name\": \"FloatDistribution\", \"attributes\": {\"step\": null, \"low\": 3e-06, \"high\": 0.006, \"log\": true}}"}
{"op_code":5,"worker_id":"9ce5796d-fff7-4660-872f-3de5042074e9-140257851785216","trial_id":103,"param_name":"ab_desired_bl","param_value_internal":31.0,"distribution":"{\"name\": \"IntDistribution\", \"attributes\": {\"log\": false, \"step\": 1, \"low\": 31, \"high\": 31}}"}
{"op_code":5,"worker_id":"9ce5796d-fff7-4660-872f-3de5042074e9-140257851785216","trial_id":103,"param_name":"ab_multilevel","param_value_internal":6.0,"distribution":"{\"name\": \"IntDistribution\", \"attributes\": {\"log\": false, \"step\": 1, \"low\": 1, \"high\": 14}}"}
{"op_code":5,"worker_id":"9ce5796d-fff7-4660-872f-3de5042074e9-140257851785216","trial_id":103,"param_name":"a_reset_std","param_value_internal":1e-30,"distribution":"{\"name\": \"FloatDistribution\", \"attributes\": {\"step\": null, \"low\": 1e-30, \"high\": 1e-30, \"log\": true}}"}
{"op_code":5,"worker_id":"9ce5796d-fff7-4660-872f-3de5042074e9-140257851785216","trial_id":103,"param_name":"b_reset_std","param_value_internal":1e-30,"distribution":"{\"name\": \"FloatDistribution\", \"attributes\": {\"step\": null, \"low\": 1e-30, \"high\": 1e-30, \"log\": true}}"}
{"op_code":5,"worker_id":"9ce5796d-fff7-4660-872f-3de5042074e9-140257851785216","trial_id":103,"param_name":"c_dw_min","param_value_internal":0.001027885359691577,"distribution":"{\"name\": \"FloatDistribution\", \"attributes\": {\"step\": null, \"low\": 0.001, \"high\": 0.04, \"log\": true}}"}
{"op_code":5,"worker_id":"9ce5796d-fff7-4660-872f-3de5042074e9-140257851785216","trial_id":103,"param_name":"c_desired_bl","param_value_internal":31.0,"distribution":"{\"name\": \"IntDistribution\", \"attributes\": {\"log\": false, \"step\": 1, \"low\": 31, \"high\": 31}}"}
{"op_code":5,"worker_id":"9ce5796d-fff7-4660-872f-3de5042074e9-140257851785216","trial_id":103,"param_name":"out_noise","param_value_internal":0.0,"distribution":"{\"name\": \"FloatDistribution\", \"attributes\": {\"step\": null, \"low\": 0.0, \"high\": 0.0, \"log\": false}}"}
{"op_code":5,"worker_id":"9ce5796d-fff7-4660-872f-3de5042074e9-140257851785216","trial_id":103,"param_name":"ab_weight_scaling_omega","param_value_internal":0.0,"distribution":"{\"name\": \"FloatDistribution\", \"attributes\": {\"step\": null, \"low\": 0.0, \"high\": 0.0, \"log\": false}}"}
{"op_code":5,"worker_id":"9ce5796d-fff7-4660-872f-3de5042074e9-140257851785216","trial_id":103,"param_name":"min_lr_rate","param_value_internal":0.0,"distribution":"{\"name\": \"FloatDistribution\", \"attributes\": {\"step\": null, \"low\": 0.0, \"high\": 0.0, \"log\": false}}"}
{"op_code":5,"worker_id":"9ce5796d-fff7-4660-872f-3de5042074e9-140257851785216","trial_id":103,"param_name":"a_density","param_value_internal":0.024136677251154787,"distribution":"{\"name\": \"FloatDistribution\", \"attributes\": {\"step\": null, \"low\": 0.001, \"high\": 1.0, \"log\": true}}"}
{"op_code":8,"worker_id":"9ce5796d-fff7-4660-872f-3de5042074e9-140257851785216","trial_id":103,"user_attr":{"grad_accum_steps":1}}
{"op_code":7,"worker_id":"b8bcac3c-5048-4dbc-8fbc-2f45322dee37-139722167521280","trial_id":100,"step":5,"intermediate_value":78.58131712927994}
{"op_code":8,"worker_id":"b8bcac3c-5048-4dbc-8fbc-2f45322dee37-139722167521280","trial_id":100,"user_attr":{"train_loss_epoch_5":1.500427831091532}}
{"op_code":6,"worker_id":"b8bcac3c-5048-4dbc-8fbc-2f45322dee37-139722167521280","trial_id":100,"state":1,"values":[78.58131712927994],"datetime_complete":"2026-05-26T13:39:52.613089"}
{"op_code":4,"worker_id":"b8bcac3c-5048-4dbc-8fbc-2f45322dee37-139722167521280","study_id":0,"datetime_start":"2026-05-26T13:39:52.614857"}
{"op_code":5,"worker_id":"b8bcac3c-5048-4dbc-8fbc-2f45322dee37-139722167521280","trial_id":104,"param_name":"learning_rate","param_value_internal":0.0011678477684740388,"distribution":"{\"name\": \"FloatDistribution\", \"attributes\": {\"step\": null, \"low\": 0.0009, \"high\": 0.007, \"log\": true}}"}
{"op_code":5,"worker_id":"b8bcac3c-5048-4dbc-8fbc-2f45322dee37-139722167521280","trial_id":104,"param_name":"transfer_lr","param_value_internal":0.0002767400741281383,"distribution":"{\"name\": \"FloatDistribution\", \"attributes\": {\"step\": null, \"low\": 1e-05, \"high\": 5.0, \"log\": true}}"}
{"op_code":5,"worker_id":"b8bcac3c-5048-4dbc-8fbc-2f45322dee37-139722167521280","trial_id":104,"param_name":"transfer_every","param_value_internal":5.0,"distribution":"{\"name\": \"IntDistribution\", \"attributes\": {\"log\": true, \"step\": 1, \"low\": 1, \"high\": 70}}"}
{"op_code":5,"worker_id":"b8bcac3c-5048-4dbc-8fbc-2f45322dee37-139722167521280","trial_id":104,"param_name":"rank_exp","param_value_internal":0.0,"distribution":"{\"name\": \"IntDistribution\", \"attributes\": {\"log\": false, \"step\": 1, \"low\": 0, \"high\": 6}}"}
{"op_code":5,"worker_id":"b8bcac3c-5048-4dbc-8fbc-2f45322dee37-139722167521280","trial_id":104,"param_name":"fast_lr","param_value_internal":2.8849945887934525,"distribution":"{\"name\": \"FloatDistribution\", \"attributes\": {\"step\": null, \"low\": 2e-05, \"high\": 50.0, \"log\": true}}"}
{"op_code":5,"worker_id":"b8bcac3c-5048-4dbc-8fbc-2f45322dee37-139722167521280","trial_id":104,"param_name":"tau_sec","param_value_internal":0.0,"distribution":"{\"name\": \"FloatDistribution\", \"attributes\": {\"step\": null, \"low\": 0.0, \"high\": 0.0, \"log\": false}}"}
{"op_code":5,"worker_id":"b8bcac3c-5048-4dbc-8fbc-2f45322dee37-139722167521280","trial_id":104,"param_name":"ab_dw_min","param_value_internal":3.5557824199800004e-06,"distribution":"{\"name\": \"FloatDistribution\", \"attributes\": {\"step\": null, \"low\": 3e-06, \"high\": 0.006, \"log\": true}}"}
{"op_code":5,"worker_id":"b8bcac3c-5048-4dbc-8fbc-2f45322dee37-139722167521280","trial_id":104,"param_name":"ab_desired_bl","param_value_internal":31.0,"distribution":"{\"name\": \"IntDistribution\", \"attributes\": {\"log\": false, \"step\": 1, \"low\": 31, \"high\": 31}}"}
{"op_code":5,"worker_id":"b8bcac3c-5048-4dbc-8fbc-2f45322dee37-139722167521280","trial_id":104,"param_name":"ab_multilevel","param_value_internal":6.0,"distribution":"{\"name\": \"IntDistribution\", \"attributes\": {\"log\": false, \"step\": 1, \"low\": 1, \"high\": 14}}"}
{"op_code":5,"worker_id":"b8bcac3c-5048-4dbc-8fbc-2f45322dee37-139722167521280","trial_id":104,"param_name":"a_reset_std","param_value_internal":1e-30,"distribution":"{\"name\": \"FloatDistribution\", \"attributes\": {\"step\": null, \"low\": 1e-30, \"high\": 1e-30, \"log\": true}}"}
{"op_code":5,"worker_id":"b8bcac3c-5048-4dbc-8fbc-2f45322dee37-139722167521280","trial_id":104,"param_name":"b_reset_std","param_value_internal":1e-30,"distribution":"{\"name\": \"FloatDistribution\", \"attributes\": {\"step\": null, \"low\": 1e-30, \"high\": 1e-30, \"log\": true}}"}
{"op_code":5,"worker_id":"b8bcac3c-5048-4dbc-8fbc-2f45322dee37-139722167521280","trial_id":104,"param_name":"c_dw_min","param_value_internal":0.001027885359691577,"distribution":"{\"name\": \"FloatDistribution\", \"attributes\": {\"step\": null, \"low\": 0.001, \"high\": 0.04, \"log\": true}}"}
{"op_code":5,"worker_id":"b8bcac3c-5048-4dbc-8fbc-2f45322dee37-139722167521280","trial_id":104,"param_name":"c_desired_bl","param_value_internal":31.0,"distribution":"{\"name\": \"IntDistribution\", \"attributes\": {\"log\": false, \"step\": 1, \"low\": 31, \"high\": 31}}"}
{"op_code":5,"worker_id":"b8bcac3c-5048-4dbc-8fbc-2f45322dee37-139722167521280","trial_id":104,"param_name":"out_noise","param_value_internal":0.0,"distribution":"{\"name\": \"FloatDistribution\", \"attributes\": {\"step\": null, \"low\": 0.0, \"high\": 0.0, \"log\": false}}"}
{"op_code":5,"worker_id":"b8bcac3c-5048-4dbc-8fbc-2f45322dee37-139722167521280","trial_id":104,"param_name":"ab_weight_scaling_omega","param_value_internal":0.0,"distribution":"{\"name\": \"FloatDistribution\", \"attributes\": {\"step\": null, \"low\": 0.0, \"high\": 0.0, \"log\": false}}"}
{"op_code":5,"worker_id":"b8bcac3c-5048-4dbc-8fbc-2f45322dee37-139722167521280","trial_id":104,"param_name":"min_lr_rate","param_value_internal":0.0,"distribution":"{\"name\": \"FloatDistribution\", \"attributes\": {\"step\": null, \"low\": 0.0, \"high\": 0.0, \"log\": false}}"}
{"op_code":5,"worker_id":"b8bcac3c-5048-4dbc-8fbc-2f45322dee37-139722167521280","trial_id":104,"param_name":"a_density","param_value_internal":0.006320767881485044,"distribution":"{\"name\": \"FloatDistribution\", \"attributes\": {\"step\": null, \"low\": 0.001, \"high\": 1.0, \"log\": true}}"}
{"op_code":8,"worker_id":"b8bcac3c-5048-4dbc-8fbc-2f45322dee37-139722167521280","trial_id":104,"user_attr":{"grad_accum_steps":1}}
{"op_code":7,"worker_id":"14c4b143-0cb1-470a-945e-ef9bcb004503-139944608661504","trial_id":102,"step":2,"intermediate_value":75.25545881391697}
{"op_code":8,"worker_id":"14c4b143-0cb1-470a-945e-ef9bcb004503-139944608661504","trial_id":102,"user_attr":{"train_loss_epoch_2":1.7191345523689499}}
{"op_code":7,"worker_id":"af024209-1bab-44f1-8fcc-6e8e8695160f-139743941193728","trial_id":101,"step":5,"intermediate_value":78.3608638136445}
{"op_code":8,"worker_id":"af024209-1bab-44f1-8fcc-6e8e8695160f-139743941193728","trial_id":101,"user_attr":{"train_loss_epoch_5":1.4947782928058448}}
{"op_code":6,"worker_id":"af024209-1bab-44f1-8fcc-6e8e8695160f-139743941193728","trial_id":101,"state":1,"values":[78.3608638136445],"datetime_complete":"2026-05-26T13:48:21.538726"}
{"op_code":4,"worker_id":"af024209-1bab-44f1-8fcc-6e8e8695160f-139743941193728","study_id":0,"datetime_start":"2026-05-26T13:48:21.540617"}
{"op_code":5,"worker_id":"af024209-1bab-44f1-8fcc-6e8e8695160f-139743941193728","trial_id":105,"param_name":"learning_rate","param_value_internal":0.005288891953264021,"distribution":"{\"name\": \"FloatDistribution\", \"attributes\": {\"step\": null, \"low\": 0.0009, \"high\": 0.007, \"log\": true}}"}
{"op_code":5,"worker_id":"af024209-1bab-44f1-8fcc-6e8e8695160f-139743941193728","trial_id":105,"param_name":"transfer_lr","param_value_internal":0.0008263200629603768,"distribution":"{\"name\": \"FloatDistribution\", \"attributes\": {\"step\": null, \"low\": 1e-05, \"high\": 5.0, \"log\": true}}"}
{"op_code":5,"worker_id":"af024209-1bab-44f1-8fcc-6e8e8695160f-139743941193728","trial_id":105,"param_name":"transfer_every","param_value_internal":37.0,"distribution":"{\"name\": \"IntDistribution\", \"attributes\": {\"log\": true, \"step\": 1, \"low\": 1, \"high\": 70}}"}
{"op_code":5,"worker_id":"af024209-1bab-44f1-8fcc-6e8e8695160f-139743941193728","trial_id":105,"param_name":"rank_exp","param_value_internal":0.0,"distribution":"{\"name\": \"IntDistribution\", \"attributes\": {\"log\": false, \"step\": 1, \"low\": 0, \"high\": 6}}"}
{"op_code":5,"worker_id":"af024209-1bab-44f1-8fcc-6e8e8695160f-139743941193728","trial_id":105,"param_name":"fast_lr","param_value_internal":49.08160750217602,"distribution":"{\"name\": \"FloatDistribution\", \"attributes\": {\"step\": null, \"low\": 2e-05, \"high\": 50.0, \"log\": true}}"}
{"op_code":5,"worker_id":"af024209-1bab-44f1-8fcc-6e8e8695160f-139743941193728","trial_id":105,"param_name":"tau_sec","param_value_internal":0.0,"distribution":"{\"name\": \"FloatDistribution\", \"attributes\": {\"step\": null, \"low\": 0.0, \"high\": 0.0, \"log\": false}}"}
{"op_code":5,"worker_id":"af024209-1bab-44f1-8fcc-6e8e8695160f-139743941193728","trial_id":105,"param_name":"ab_dw_min","param_value_internal":0.0002557982377047413,"distribution":"{\"name\": \"FloatDistribution\", \"attributes\": {\"step\": null, \"low\": 3e-06, \"high\": 0.006, \"log\": true}}"}
{"op_code":5,"worker_id":"af024209-1bab-44f1-8fcc-6e8e8695160f-139743941193728","trial_id":105,"param_name":"ab_desired_bl","param_value_internal":31.0,"distribution":"{\"name\": \"IntDistribution\", \"attributes\": {\"log\": false, \"step\": 1, \"low\": 31, \"high\": 31}}"}
{"op_code":5,"worker_id":"af024209-1bab-44f1-8fcc-6e8e8695160f-139743941193728","trial_id":105,"param_name":"ab_multilevel","param_value_internal":1.0,"distribution":"{\"name\": \"IntDistribution\", \"attributes\": {\"log\": false, \"step\": 1, \"low\": 1, \"high\": 14}}"}
{"op_code":5,"worker_id":"af024209-1bab-44f1-8fcc-6e8e8695160f-139743941193728","trial_id":105,"param_name":"a_reset_std","param_value_internal":1e-30,"distribution":"{\"name\": \"FloatDistribution\", \"attributes\": {\"step\": null, \"low\": 1e-30, \"high\": 1e-30, \"log\": true}}"}
{"op_code":5,"worker_id":"af024209-1bab-44f1-8fcc-6e8e8695160f-139743941193728","trial_id":105,"param_name":"b_reset_std","param_value_internal":1e-30,"distribution":"{\"name\": \"FloatDistribution\", \"attributes\": {\"step\": null, \"low\": 1e-30, \"high\": 1e-30, \"log\": true}}"}
{"op_code":5,"worker_id":"af024209-1bab-44f1-8fcc-6e8e8695160f-139743941193728","trial_id":105,"param_name":"c_dw_min","param_value_internal":0.001027885359691577,"distribution":"{\"name\": \"FloatDistribution\", \"attributes\": {\"step\": null, \"low\": 0.001, \"high\": 0.04, \"log\": true}}"}
{"op_code":5,"worker_id":"af024209-1bab-44f1-8fcc-6e8e8695160f-139743941193728","trial_id":105,"param_name":"c_desired_bl","param_value_internal":31.0,"distribution":"{\"name\": \"IntDistribution\", \"attributes\": {\"log\": false, \"step\": 1, \"low\": 31, \"high\": 31}}"}
{"op_code":5,"worker_id":"af024209-1bab-44f1-8fcc-6e8e8695160f-139743941193728","trial_id":105,"param_name":"out_noise","param_value_internal":0.0,"distribution":"{\"name\": \"FloatDistribution\", \"attributes\": {\"step\": null, \"low\": 0.0, \"high\": 0.0, \"log\": false}}"}
{"op_code":5,"worker_id":"af024209-1bab-44f1-8fcc-6e8e8695160f-139743941193728","trial_id":105,"param_name":"ab_weight_scaling_omega","param_value_internal":0.0,"distribution":"{\"name\": \"FloatDistribution\", \"attributes\": {\"step\": null, \"low\": 0.0, \"high\": 0.0, \"log\": false}}"}
{"op_code":5,"worker_id":"af024209-1bab-44f1-8fcc-6e8e8695160f-139743941193728","trial_id":105,"param_name":"min_lr_rate","param_value_internal":0.0,"distribution":"{\"name\": \"FloatDistribution\", \"attributes\": {\"step\": null, \"low\": 0.0, \"high\": 0.0, \"log\": false}}"}
{"op_code":5,"worker_id":"af024209-1bab-44f1-8fcc-6e8e8695160f-139743941193728","trial_id":105,"param_name":"a_density","param_value_internal":0.14506469657899015,"distribution":"{\"name\": \"FloatDistribution\", \"attributes\": {\"step\": null, \"low\": 0.001, \"high\": 1.0, \"log\": true}}"}
{"op_code":8,"worker_id":"af024209-1bab-44f1-8fcc-6e8e8695160f-139743941193728","trial_id":105,"user_attr":{"grad_accum_steps":1}}
{"op_code":7,"worker_id":"9ce5796d-fff7-4660-872f-3de5042074e9-140257851785216","trial_id":103,"step":1,"intermediate_value":72.58005022830866}
{"op_code":8,"worker_id":"9ce5796d-fff7-4660-872f-3de5042074e9-140257851785216","trial_id":103,"user_attr":{"train_loss_epoch_1":2.3937298977601174}}
{"op_code":7,"worker_id":"b8bcac3c-5048-4dbc-8fbc-2f45322dee37-139722167521280","trial_id":104,"step":1,"intermediate_value":72.23859313094108}
{"op_code":8,"worker_id":"b8bcac3c-5048-4dbc-8fbc-2f45322dee37-139722167521280","trial_id":104,"user_attr":{"train_loss_epoch_1":2.4569125456538625}}
{"op_code":7,"worker_id":"14c4b143-0cb1-470a-945e-ef9bcb004503-139944608661504","trial_id":102,"step":3,"intermediate_value":76.64649549440308}
{"op_code":8,"worker_id":"14c4b143-0cb1-470a-945e-ef9bcb004503-139944608661504","trial_id":102,"user_attr":{"train_loss_epoch_3":1.6327792501061913}}
{"op_code":7,"worker_id":"af024209-1bab-44f1-8fcc-6e8e8695160f-139743941193728","trial_id":105,"step":1,"intermediate_value":74.03713347993686}
{"op_code":8,"worker_id":"af024209-1bab-44f1-8fcc-6e8e8695160f-139743941193728","trial_id":105,"user_attr":{"train_loss_epoch_1":2.1651389848249067}}
{"op_code":7,"worker_id":"9ce5796d-fff7-4660-872f-3de5042074e9-140257851785216","trial_id":103,"step":2,"intermediate_value":75.66522680365097}
{"op_code":8,"worker_id":"9ce5796d-fff7-4660-872f-3de5042074e9-140257851785216","trial_id":103,"user_attr":{"train_loss_epoch_2":1.7048333932390705}}
{"op_code":7,"worker_id":"b8bcac3c-5048-4dbc-8fbc-2f45322dee37-139722167521280","trial_id":104,"step":2,"intermediate_value":75.0067675539281}
{"op_code":8,"worker_id":"b8bcac3c-5048-4dbc-8fbc-2f45322dee37-139722167521280","trial_id":104,"user_attr":{"train_loss_epoch_2":1.7245831096075415}}
{"op_code":7,"worker_id":"14c4b143-0cb1-470a-945e-ef9bcb004503-139944608661504","trial_id":102,"step":4,"intermediate_value":77.23612931777778}
{"op_code":8,"worker_id":"14c4b143-0cb1-470a-945e-ef9bcb004503-139944608661504","trial_id":102,"user_attr":{"train_loss_epoch_4":1.5787922803625505}}
{"op_code":7,"worker_id":"af024209-1bab-44f1-8fcc-6e8e8695160f-139743941193728","trial_id":105,"step":2,"intermediate_value":75.07864515546544}
{"op_code":8,"worker_id":"af024209-1bab-44f1-8fcc-6e8e8695160f-139743941193728","trial_id":105,"user_attr":{"train_loss_epoch_2":1.7309234672768652}}
{"op_code":7,"worker_id":"9ce5796d-fff7-4660-872f-3de5042074e9-140257851785216","trial_id":103,"step":3,"intermediate_value":76.53190425949724}
{"op_code":8,"worker_id":"9ce5796d-fff7-4660-872f-3de5042074e9-140257851785216","trial_id":103,"user_attr":{"train_loss_epoch_3":1.6230006263185}}
{"op_code":7,"worker_id":"b8bcac3c-5048-4dbc-8fbc-2f45322dee37-139722167521280","trial_id":104,"step":3,"intermediate_value":75.80439948824592}
{"op_code":8,"worker_id":"b8bcac3c-5048-4dbc-8fbc-2f45322dee37-139722167521280","trial_id":104,"user_attr":{"train_loss_epoch_3":1.6443540223245698}}
{"op_code":7,"worker_id":"14c4b143-0cb1-470a-945e-ef9bcb004503-139944608661504","trial_id":102,"step":5,"intermediate_value":78.15282837427655}
{"op_code":8,"worker_id":"14c4b143-0cb1-470a-945e-ef9bcb004503-139944608661504","trial_id":102,"user_attr":{"train_loss_epoch_5":1.5296785905432249}}
{"op_code":6,"worker_id":"14c4b143-0cb1-470a-945e-ef9bcb004503-139944608661504","trial_id":102,"state":1,"values":[78.15282837427655],"datetime_complete":"2026-05-26T14:36:00.991920"}
{"op_code":4,"worker_id":"14c4b143-0cb1-470a-945e-ef9bcb004503-139944608661504","study_id":0,"datetime_start":"2026-05-26T14:36:00.993728"}
{"op_code":5,"worker_id":"14c4b143-0cb1-470a-945e-ef9bcb004503-139944608661504","trial_id":106,"param_name":"learning_rate","param_value_internal":0.0027828928845462023,"distribution":"{\"name\": \"FloatDistribution\", \"attributes\": {\"step\": null, \"low\": 0.0009, \"high\": 0.007, \"log\": true}}"}
{"op_code":5,"worker_id":"14c4b143-0cb1-470a-945e-ef9bcb004503-139944608661504","trial_id":106,"param_name":"transfer_lr","param_value_internal":0.0030142450417170335,"distribution":"{\"name\": \"FloatDistribution\", \"attributes\": {\"step\": null, \"low\": 1e-05, \"high\": 5.0, \"log\": true}}"}
{"op_code":5,"worker_id":"14c4b143-0cb1-470a-945e-ef9bcb004503-139944608661504","trial_id":106,"param_name":"transfer_every","param_value_internal":6.0,"distribution":"{\"name\": \"IntDistribution\", \"attributes\": {\"log\": true, \"step\": 1, \"low\": 1, \"high\": 70}}"}
{"op_code":5,"worker_id":"14c4b143-0cb1-470a-945e-ef9bcb004503-139944608661504","trial_id":106,"param_name":"rank_exp","param_value_internal":0.0,"distribution":"{\"name\": \"IntDistribution\", \"attributes\": {\"log\": false, \"step\": 1, \"low\": 0, \"high\": 6}}"}
{"op_code":5,"worker_id":"14c4b143-0cb1-470a-945e-ef9bcb004503-139944608661504","trial_id":106,"param_name":"fast_lr","param_value_internal":0.044371136213644205,"distribution":"{\"name\": \"FloatDistribution\", \"attributes\": {\"step\": null, \"low\": 2e-05, \"high\": 50.0, \"log\": true}}"}
{"op_code":5,"worker_id":"14c4b143-0cb1-470a-945e-ef9bcb004503-139944608661504","trial_id":106,"param_name":"tau_sec","param_value_internal":0.0,"distribution":"{\"name\": \"FloatDistribution\", \"attributes\": {\"step\": null, \"low\": 0.0, \"high\": 0.0, \"log\": false}}"}
{"op_code":5,"worker_id":"14c4b143-0cb1-470a-945e-ef9bcb004503-139944608661504","trial_id":106,"param_name":"ab_dw_min","param_value_internal":9.869158976023675e-05,"distribution":"{\"name\": \"FloatDistribution\", \"attributes\": {\"step\": null, \"low\": 3e-06, \"high\": 0.006, \"log\": true}}"}
{"op_code":5,"worker_id":"14c4b143-0cb1-470a-945e-ef9bcb004503-139944608661504","trial_id":106,"param_name":"ab_desired_bl","param_value_internal":31.0,"distribution":"{\"name\": \"IntDistribution\", \"attributes\": {\"log\": false, \"step\": 1, \"low\": 31, \"high\": 31}}"}
{"op_code":5,"worker_id":"14c4b143-0cb1-470a-945e-ef9bcb004503-139944608661504","trial_id":106,"param_name":"ab_multilevel","param_value_internal":6.0,"distribution":"{\"name\": \"IntDistribution\", \"attributes\": {\"log\": false, \"step\": 1, \"low\": 1, \"high\": 14}}"}
{"op_code":5,"worker_id":"14c4b143-0cb1-470a-945e-ef9bcb004503-139944608661504","trial_id":106,"param_name":"a_reset_std","param_value_internal":1e-30,"distribution":"{\"name\": \"FloatDistribution\", \"attributes\": {\"step\": null, \"low\": 1e-30, \"high\": 1e-30, \"log\": true}}"}
{"op_code":5,"worker_id":"14c4b143-0cb1-470a-945e-ef9bcb004503-139944608661504","trial_id":106,"param_name":"b_reset_std","param_value_internal":1e-30,"distribution":"{\"name\": \"FloatDistribution\", \"attributes\": {\"step\": null, \"low\": 1e-30, \"high\": 1e-30, \"log\": true}}"}
{"op_code":5,"worker_id":"14c4b143-0cb1-470a-945e-ef9bcb004503-139944608661504","trial_id":106,"param_name":"c_dw_min","param_value_internal":0.001027885359691577,"distribution":"{\"name\": \"FloatDistribution\", \"attributes\": {\"step\": null, \"low\": 0.001, \"high\": 0.04, \"log\": true}}"}
{"op_code":5,"worker_id":"14c4b143-0cb1-470a-945e-ef9bcb004503-139944608661504","trial_id":106,"param_name":"c_desired_bl","param_value_internal":31.0,"distribution":"{\"name\": \"IntDistribution\", \"attributes\": {\"log\": false, \"step\": 1, \"low\": 31, \"high\": 31}}"}
{"op_code":5,"worker_id":"14c4b143-0cb1-470a-945e-ef9bcb004503-139944608661504","trial_id":106,"param_name":"out_noise","param_value_internal":0.0,"distribution":"{\"name\": \"FloatDistribution\", \"attributes\": {\"step\": null, \"low\": 0.0, \"high\": 0.0, \"log\": false}}"}
{"op_code":5,"worker_id":"14c4b143-0cb1-470a-945e-ef9bcb004503-139944608661504","trial_id":106,"param_name":"ab_weight_scaling_omega","param_value_internal":0.0,"distribution":"{\"name\": \"FloatDistribution\", \"attributes\": {\"step\": null, \"low\": 0.0, \"high\": 0.0, \"log\": false}}"}
{"op_code":5,"worker_id":"14c4b143-0cb1-470a-945e-ef9bcb004503-139944608661504","trial_id":106,"param_name":"min_lr_rate","param_value_internal":0.0,"distribution":"{\"name\": \"FloatDistribution\", \"attributes\": {\"step\": null, \"low\": 0.0, \"high\": 0.0, \"log\": false}}"}
{"op_code":5,"worker_id":"14c4b143-0cb1-470a-945e-ef9bcb004503-139944608661504","trial_id":106,"param_name":"a_density","param_value_internal":0.018038445252127604,"distribution":"{\"name\": \"FloatDistribution\", \"attributes\": {\"step\": null, \"low\": 0.001, \"high\": 1.0, \"log\": true}}"}
{"op_code":8,"worker_id":"14c4b143-0cb1-470a-945e-ef9bcb004503-139944608661504","trial_id":106,"user_attr":{"grad_accum_steps":1}}
{"op_code":7,"worker_id":"af024209-1bab-44f1-8fcc-6e8e8695160f-139743941193728","trial_id":105,"step":3,"intermediate_value":76.59056200707994}
{"op_code":8,"worker_id":"af024209-1bab-44f1-8fcc-6e8e8695160f-139743941193728","trial_id":105,"user_attr":{"train_loss_epoch_3":1.6644298183239572}}
{"op_code":7,"worker_id":"9ce5796d-fff7-4660-872f-3de5042074e9-140257851785216","trial_id":103,"step":4,"intermediate_value":77.1337264497203}
{"op_code":8,"worker_id":"9ce5796d-fff7-4660-872f-3de5042074e9-140257851785216","trial_id":103,"user_attr":{"train_loss_epoch_4":1.580767028312373}}
{"op_code":7,"worker_id":"b8bcac3c-5048-4dbc-8fbc-2f45322dee37-139722167521280","trial_id":104,"step":4,"intermediate_value":76.38834172617246}
{"op_code":8,"worker_id":"b8bcac3c-5048-4dbc-8fbc-2f45322dee37-139722167521280","trial_id":104,"user_attr":{"train_loss_epoch_4":1.6031585207476526}}
{"op_code":7,"worker_id":"14c4b143-0cb1-470a-945e-ef9bcb004503-139944608661504","trial_id":106,"step":1,"intermediate_value":73.99518634098115}
{"op_code":8,"worker_id":"14c4b143-0cb1-470a-945e-ef9bcb004503-139944608661504","trial_id":106,"user_attr":{"train_loss_epoch_1":2.211719839618135}}
{"op_code":7,"worker_id":"af024209-1bab-44f1-8fcc-6e8e8695160f-139743941193728","trial_id":105,"step":4,"intermediate_value":77.2364895224367}
{"op_code":8,"worker_id":"af024209-1bab-44f1-8fcc-6e8e8695160f-139743941193728","trial_id":105,"user_attr":{"train_loss_epoch_4":1.6043506401018075}}
{"op_code":7,"worker_id":"9ce5796d-fff7-4660-872f-3de5042074e9-140257851785216","trial_id":103,"step":5,"intermediate_value":77.1474453741654}
{"op_code":8,"worker_id":"9ce5796d-fff7-4660-872f-3de5042074e9-140257851785216","trial_id":103,"user_attr":{"train_loss_epoch_5":1.5560487572416704}}
{"op_code":6,"worker_id":"9ce5796d-fff7-4660-872f-3de5042074e9-140257851785216","trial_id":103,"state":1,"values":[77.1474453741654],"datetime_complete":"2026-05-26T14:54:22.754521"}
{"op_code":4,"worker_id":"9ce5796d-fff7-4660-872f-3de5042074e9-140257851785216","study_id":0,"datetime_start":"2026-05-26T14:54:22.756357"}
{"op_code":5,"worker_id":"9ce5796d-fff7-4660-872f-3de5042074e9-140257851785216","trial_id":107,"param_name":"learning_rate","param_value_internal":0.0011870403959912072,"distribution":"{\"name\": \"FloatDistribution\", \"attributes\": {\"step\": null, \"low\": 0.0009, \"high\": 0.007, \"log\": true}}"}
{"op_code":5,"worker_id":"9ce5796d-fff7-4660-872f-3de5042074e9-140257851785216","trial_id":107,"param_name":"transfer_lr","param_value_internal":4.81806134768454,"distribution":"{\"name\": \"FloatDistribution\", \"attributes\": {\"step\": null, \"low\": 1e-05, \"high\": 5.0, \"log\": true}}"}
{"op_code":5,"worker_id":"9ce5796d-fff7-4660-872f-3de5042074e9-140257851785216","trial_id":107,"param_name":"transfer_every","param_value_internal":1.0,"distribution":"{\"name\": \"IntDistribution\", \"attributes\": {\"log\": true, \"step\": 1, \"low\": 1, \"high\": 70}}"}
{"op_code":5,"worker_id":"9ce5796d-fff7-4660-872f-3de5042074e9-140257851785216","trial_id":107,"param_name":"rank_exp","param_value_internal":0.0,"distribution":"{\"name\": \"IntDistribution\", \"attributes\": {\"log\": false, \"step\": 1, \"low\": 0, \"high\": 6}}"}
{"op_code":5,"worker_id":"9ce5796d-fff7-4660-872f-3de5042074e9-140257851785216","trial_id":107,"param_name":"fast_lr","param_value_internal":0.9500780943990503,"distribution":"{\"name\": \"FloatDistribution\", \"attributes\": {\"step\": null, \"low\": 2e-05, \"high\": 50.0, \"log\": true}}"}
{"op_code":5,"worker_id":"9ce5796d-fff7-4660-872f-3de5042074e9-140257851785216","trial_id":107,"param_name":"tau_sec","param_value_internal":0.0,"distribution":"{\"name\": \"FloatDistribution\", \"attributes\": {\"step\": null, \"low\": 0.0, \"high\": 0.0, \"log\": false}}"}
{"op_code":5,"worker_id":"9ce5796d-fff7-4660-872f-3de5042074e9-140257851785216","trial_id":107,"param_name":"ab_dw_min","param_value_internal":0.001286146912660108,"distribution":"{\"name\": \"FloatDistribution\", \"attributes\": {\"step\": null, \"low\": 3e-06, \"high\": 0.006, \"log\": true}}"}
{"op_code":5,"worker_id":"9ce5796d-fff7-4660-872f-3de5042074e9-140257851785216","trial_id":107,"param_name":"ab_desired_bl","param_value_internal":31.0,"distribution":"{\"name\": \"IntDistribution\", \"attributes\": {\"log\": false, \"step\": 1, \"low\": 31, \"high\": 31}}"}
{"op_code":5,"worker_id":"9ce5796d-fff7-4660-872f-3de5042074e9-140257851785216","trial_id":107,"param_name":"ab_multilevel","param_value_internal":1.0,"distribution":"{\"name\": \"IntDistribution\", \"attributes\": {\"log\": false, \"step\": 1, \"low\": 1, \"high\": 14}}"}
{"op_code":5,"worker_id":"9ce5796d-fff7-4660-872f-3de5042074e9-140257851785216","trial_id":107,"param_name":"a_reset_std","param_value_internal":1e-30,"distribution":"{\"name\": \"FloatDistribution\", \"attributes\": {\"step\": null, \"low\": 1e-30, \"high\": 1e-30, \"log\": true}}"}
{"op_code":5,"worker_id":"9ce5796d-fff7-4660-872f-3de5042074e9-140257851785216","trial_id":107,"param_name":"b_reset_std","param_value_internal":1e-30,"distribution":"{\"name\": \"FloatDistribution\", \"attributes\": {\"step\": null, \"low\": 1e-30, \"high\": 1e-30, \"log\": true}}"}
{"op_code":5,"worker_id":"9ce5796d-fff7-4660-872f-3de5042074e9-140257851785216","trial_id":107,"param_name":"c_dw_min","param_value_internal":0.001027885359691577,"distribution":"{\"name\": \"FloatDistribution\", \"attributes\": {\"step\": null, \"low\": 0.001, \"high\": 0.04, \"log\": true}}"}
{"op_code":5,"worker_id":"9ce5796d-fff7-4660-872f-3de5042074e9-140257851785216","trial_id":107,"param_name":"c_desired_bl","param_value_internal":31.0,"distribution":"{\"name\": \"IntDistribution\", \"attributes\": {\"log\": false, \"step\": 1, \"low\": 31, \"high\": 31}}"}
{"op_code":5,"worker_id":"9ce5796d-fff7-4660-872f-3de5042074e9-140257851785216","trial_id":107,"param_name":"out_noise","param_value_internal":0.0,"distribution":"{\"name\": \"FloatDistribution\", \"attributes\": {\"step\": null, \"low\": 0.0, \"high\": 0.0, \"log\": false}}"}
{"op_code":5,"worker_id":"9ce5796d-fff7-4660-872f-3de5042074e9-140257851785216","trial_id":107,"param_name":"ab_weight_scaling_omega","param_value_internal":0.0,"distribution":"{\"name\": \"FloatDistribution\", \"attributes\": {\"step\": null, \"low\": 0.0, \"high\": 0.0, \"log\": false}}"}
{"op_code":5,"worker_id":"9ce5796d-fff7-4660-872f-3de5042074e9-140257851785216","trial_id":107,"param_name":"min_lr_rate","param_value_internal":0.0,"distribution":"{\"name\": \"FloatDistribution\", \"attributes\": {\"step\": null, \"low\": 0.0, \"high\": 0.0, \"log\": false}}"}
{"op_code":5,"worker_id":"9ce5796d-fff7-4660-872f-3de5042074e9-140257851785216","trial_id":107,"param_name":"a_density","param_value_internal":0.5538574329889674,"distribution":"{\"name\": \"FloatDistribution\", \"attributes\": {\"step\": null, \"low\": 0.001, \"high\": 1.0, \"log\": true}}"}
{"op_code":8,"worker_id":"9ce5796d-fff7-4660-872f-3de5042074e9-140257851785216","trial_id":107,"user_attr":{"grad_accum_steps":1}}
{"op_code":7,"worker_id":"b8bcac3c-5048-4dbc-8fbc-2f45322dee37-139722167521280","trial_id":104,"step":5,"intermediate_value":76.56281588388778}
{"op_code":8,"worker_id":"b8bcac3c-5048-4dbc-8fbc-2f45322dee37-139722167521280","trial_id":104,"user_attr":{"train_loss_epoch_5":1.5807119180193439}}
{"op_code":6,"worker_id":"b8bcac3c-5048-4dbc-8fbc-2f45322dee37-139722167521280","trial_id":104,"state":1,"values":[76.56281588388778],"datetime_complete":"2026-05-26T15:00:44.594509"}
{"op_code":4,"worker_id":"b8bcac3c-5048-4dbc-8fbc-2f45322dee37-139722167521280","study_id":0,"datetime_start":"2026-05-26T15:00:44.596334"}
{"op_code":5,"worker_id":"b8bcac3c-5048-4dbc-8fbc-2f45322dee37-139722167521280","trial_id":108,"param_name":"learning_rate","param_value_internal":0.004900822029085801,"distribution":"{\"name\": \"FloatDistribution\", \"attributes\": {\"step\": null, \"low\": 0.0009, \"high\": 0.007, \"log\": true}}"}
{"op_code":5,"worker_id":"b8bcac3c-5048-4dbc-8fbc-2f45322dee37-139722167521280","trial_id":108,"param_name":"transfer_lr","param_value_internal":0.001019842886665984,"distribution":"{\"name\": \"FloatDistribution\", \"attributes\": {\"step\": null, \"low\": 1e-05, \"high\": 5.0, \"log\": true}}"}
{"op_code":5,"worker_id":"b8bcac3c-5048-4dbc-8fbc-2f45322dee37-139722167521280","trial_id":108,"param_name":"transfer_every","param_value_internal":41.0,"distribution":"{\"name\": \"IntDistribution\", \"attributes\": {\"log\": true, \"step\": 1, \"low\": 1, \"high\": 70}}"}
{"op_code":5,"worker_id":"b8bcac3c-5048-4dbc-8fbc-2f45322dee37-139722167521280","trial_id":108,"param_name":"rank_exp","param_value_internal":0.0,"distribution":"{\"name\": \"IntDistribution\", \"attributes\": {\"log\": false, \"step\": 1, \"low\": 0, \"high\": 6}}"}
{"op_code":5,"worker_id":"b8bcac3c-5048-4dbc-8fbc-2f45322dee37-139722167521280","trial_id":108,"param_name":"fast_lr","param_value_internal":42.33435709556352,"distribution":"{\"name\": \"FloatDistribution\", \"attributes\": {\"step\": null, \"low\": 2e-05, \"high\": 50.0, \"log\": true}}"}
{"op_code":5,"worker_id":"b8bcac3c-5048-4dbc-8fbc-2f45322dee37-139722167521280","trial_id":108,"param_name":"tau_sec","param_value_internal":0.0,"distribution":"{\"name\": \"FloatDistribution\", \"attributes\": {\"step\": null, \"low\": 0.0, \"high\": 0.0, \"log\": false}}"}
{"op_code":5,"worker_id":"b8bcac3c-5048-4dbc-8fbc-2f45322dee37-139722167521280","trial_id":108,"param_name":"ab_dw_min","param_value_internal":0.00046089278938851334,"distribution":"{\"name\": \"FloatDistribution\", \"attributes\": {\"step\": null, \"low\": 3e-06, \"high\": 0.006, \"log\": true}}"}
{"op_code":5,"worker_id":"b8bcac3c-5048-4dbc-8fbc-2f45322dee37-139722167521280","trial_id":108,"param_name":"ab_desired_bl","param_value_internal":31.0,"distribution":"{\"name\": \"IntDistribution\", \"attributes\": {\"log\": false, \"step\": 1, \"low\": 31, \"high\": 31}}"}
{"op_code":5,"worker_id":"b8bcac3c-5048-4dbc-8fbc-2f45322dee37-139722167521280","trial_id":108,"param_name":"ab_multilevel","param_value_internal":1.0,"distribution":"{\"name\": \"IntDistribution\", \"attributes\": {\"log\": false, \"step\": 1, \"low\": 1, \"high\": 14}}"}
{"op_code":5,"worker_id":"b8bcac3c-5048-4dbc-8fbc-2f45322dee37-139722167521280","trial_id":108,"param_name":"a_reset_std","param_value_internal":1e-30,"distribution":"{\"name\": \"FloatDistribution\", \"attributes\": {\"step\": null, \"low\": 1e-30, \"high\": 1e-30, \"log\": true}}"}
{"op_code":5,"worker_id":"b8bcac3c-5048-4dbc-8fbc-2f45322dee37-139722167521280","trial_id":108,"param_name":"b_reset_std","param_value_internal":1e-30,"distribution":"{\"name\": \"FloatDistribution\", \"attributes\": {\"step\": null, \"low\": 1e-30, \"high\": 1e-30, \"log\": true}}"}
{"op_code":5,"worker_id":"b8bcac3c-5048-4dbc-8fbc-2f45322dee37-139722167521280","trial_id":108,"param_name":"c_dw_min","param_value_internal":0.001027885359691577,"distribution":"{\"name\": \"FloatDistribution\", \"attributes\": {\"step\": null, \"low\": 0.001, \"high\": 0.04, \"log\": true}}"}
{"op_code":5,"worker_id":"b8bcac3c-5048-4dbc-8fbc-2f45322dee37-139722167521280","trial_id":108,"param_name":"c_desired_bl","param_value_internal":31.0,"distribution":"{\"name\": \"IntDistribution\", \"attributes\": {\"log\": false, \"step\": 1, \"low\": 31, \"high\": 31}}"}
{"op_code":5,"worker_id":"b8bcac3c-5048-4dbc-8fbc-2f45322dee37-139722167521280","trial_id":108,"param_name":"out_noise","param_value_internal":0.0,"distribution":"{\"name\": \"FloatDistribution\", \"attributes\": {\"step\": null, \"low\": 0.0, \"high\": 0.0, \"log\": false}}"}
{"op_code":5,"worker_id":"b8bcac3c-5048-4dbc-8fbc-2f45322dee37-139722167521280","trial_id":108,"param_name":"ab_weight_scaling_omega","param_value_internal":0.0,"distribution":"{\"name\": \"FloatDistribution\", \"attributes\": {\"step\": null, \"low\": 0.0, \"high\": 0.0, \"log\": false}}"}
{"op_code":5,"worker_id":"b8bcac3c-5048-4dbc-8fbc-2f45322dee37-139722167521280","trial_id":108,"param_name":"min_lr_rate","param_value_internal":0.0,"distribution":"{\"name\": \"FloatDistribution\", \"attributes\": {\"step\": null, \"low\": 0.0, \"high\": 0.0, \"log\": false}}"}
{"op_code":5,"worker_id":"b8bcac3c-5048-4dbc-8fbc-2f45322dee37-139722167521280","trial_id":108,"param_name":"a_density","param_value_internal":0.17974535853157547,"distribution":"{\"name\": \"FloatDistribution\", \"attributes\": {\"step\": null, \"low\": 0.001, \"high\": 1.0, \"log\": true}}"}
{"op_code":8,"worker_id":"b8bcac3c-5048-4dbc-8fbc-2f45322dee37-139722167521280","trial_id":108,"user_attr":{"grad_accum_steps":1}}
{"op_code":7,"worker_id":"14c4b143-0cb1-470a-945e-ef9bcb004503-139944608661504","trial_id":106,"step":2,"intermediate_value":76.67758068223279}
{"op_code":8,"worker_id":"14c4b143-0cb1-470a-945e-ef9bcb004503-139944608661504","trial_id":106,"user_attr":{"train_loss_epoch_2":1.6634454763032556}}
{"op_code":7,"worker_id":"af024209-1bab-44f1-8fcc-6e8e8695160f-139743941193728","trial_id":105,"step":5,"intermediate_value":77.65797970042271}
{"op_code":8,"worker_id":"af024209-1bab-44f1-8fcc-6e8e8695160f-139743941193728","trial_id":105,"user_attr":{"train_loss_epoch_5":1.556028821927099}}
{"op_code":6,"worker_id":"af024209-1bab-44f1-8fcc-6e8e8695160f-139743941193728","trial_id":105,"state":1,"values":[77.65797970042271],"datetime_complete":"2026-05-26T15:08:49.228808"}
{"op_code":4,"worker_id":"af024209-1bab-44f1-8fcc-6e8e8695160f-139743941193728","study_id":0,"datetime_start":"2026-05-26T15:08:49.230755"}
{"op_code":5,"worker_id":"af024209-1bab-44f1-8fcc-6e8e8695160f-139743941193728","trial_id":109,"param_name":"learning_rate","param_value_internal":0.0013229868439070533,"distribution":"{\"name\": \"FloatDistribution\", \"attributes\": {\"step\": null, \"low\": 0.0009, \"high\": 0.007, \"log\": true}}"}
{"op_code":5,"worker_id":"af024209-1bab-44f1-8fcc-6e8e8695160f-139743941193728","trial_id":109,"param_name":"transfer_lr","param_value_internal":2.3365556055283843e-05,"distribution":"{\"name\": \"FloatDistribution\", \"attributes\": {\"step\": null, \"low\": 1e-05, \"high\": 5.0, \"log\": true}}"}
{"op_code":5,"worker_id":"af024209-1bab-44f1-8fcc-6e8e8695160f-139743941193728","trial_id":109,"param_name":"transfer_every","param_value_internal":43.0,"distribution":"{\"name\": \"IntDistribution\", \"attributes\": {\"log\": true, \"step\": 1, \"low\": 1, \"high\": 70}}"}
{"op_code":5,"worker_id":"af024209-1bab-44f1-8fcc-6e8e8695160f-139743941193728","trial_id":109,"param_name":"rank_exp","param_value_internal":3.0,"distribution":"{\"name\": \"IntDistribution\", \"attributes\": {\"log\": false, \"step\": 1, \"low\": 0, \"high\": 6}}"}
{"op_code":5,"worker_id":"af024209-1bab-44f1-8fcc-6e8e8695160f-139743941193728","trial_id":109,"param_name":"fast_lr","param_value_internal":0.00014999629915778167,"distribution":"{\"name\": \"FloatDistribution\", \"attributes\": {\"step\": null, \"low\": 2e-05, \"high\": 50.0, \"log\": true}}"}
{"op_code":5,"worker_id":"af024209-1bab-44f1-8fcc-6e8e8695160f-139743941193728","trial_id":109,"param_name":"tau_sec","param_value_internal":0.0,"distribution":"{\"name\": \"FloatDistribution\", \"attributes\": {\"step\": null, \"low\": 0.0, \"high\": 0.0, \"log\": false}}"}
{"op_code":5,"worker_id":"af024209-1bab-44f1-8fcc-6e8e8695160f-139743941193728","trial_id":109,"param_name":"ab_dw_min","param_value_internal":4.824113323739555e-06,"distribution":"{\"name\": \"FloatDistribution\", \"attributes\": {\"step\": null, \"low\": 3e-06, \"high\": 0.006, \"log\": true}}"}
{"op_code":5,"worker_id":"af024209-1bab-44f1-8fcc-6e8e8695160f-139743941193728","trial_id":109,"param_name":"ab_desired_bl","param_value_internal":31.0,"distribution":"{\"name\": \"IntDistribution\", \"attributes\": {\"log\": false, \"step\": 1, \"low\": 31, \"high\": 31}}"}
{"op_code":5,"worker_id":"af024209-1bab-44f1-8fcc-6e8e8695160f-139743941193728","trial_id":109,"param_name":"ab_multilevel","param_value_internal":1.0,"distribution":"{\"name\": \"IntDistribution\", \"attributes\": {\"log\": false, \"step\": 1, \"low\": 1, \"high\": 14}}"}
{"op_code":5,"worker_id":"af024209-1bab-44f1-8fcc-6e8e8695160f-139743941193728","trial_id":109,"param_name":"a_reset_std","param_value_internal":1e-30,"distribution":"{\"name\": \"FloatDistribution\", \"attributes\": {\"step\": null, \"low\": 1e-30, \"high\": 1e-30, \"log\": true}}"}
{"op_code":5,"worker_id":"af024209-1bab-44f1-8fcc-6e8e8695160f-139743941193728","trial_id":109,"param_name":"b_reset_std","param_value_internal":1e-30,"distribution":"{\"name\": \"FloatDistribution\", \"attributes\": {\"step\": null, \"low\": 1e-30, \"high\": 1e-30, \"log\": true}}"}
{"op_code":5,"worker_id":"af024209-1bab-44f1-8fcc-6e8e8695160f-139743941193728","trial_id":109,"param_name":"c_dw_min","param_value_internal":0.007952347148607614,"distribution":"{\"name\": \"FloatDistribution\", \"attributes\": {\"step\": null, \"low\": 0.001, \"high\": 0.04, \"log\": true}}"}
{"op_code":5,"worker_id":"af024209-1bab-44f1-8fcc-6e8e8695160f-139743941193728","trial_id":109,"param_name":"c_desired_bl","param_value_internal":31.0,"distribution":"{\"name\": \"IntDistribution\", \"attributes\": {\"log\": false, \"step\": 1, \"low\": 31, \"high\": 31}}"}
{"op_code":5,"worker_id":"af024209-1bab-44f1-8fcc-6e8e8695160f-139743941193728","trial_id":109,"param_name":"out_noise","param_value_internal":0.0,"distribution":"{\"name\": \"FloatDistribution\", \"attributes\": {\"step\": null, \"low\": 0.0, \"high\": 0.0, \"log\": false}}"}
{"op_code":5,"worker_id":"af024209-1bab-44f1-8fcc-6e8e8695160f-139743941193728","trial_id":109,"param_name":"ab_weight_scaling_omega","param_value_internal":0.0,"distribution":"{\"name\": \"FloatDistribution\", \"attributes\": {\"step\": null, \"low\": 0.0, \"high\": 0.0, \"log\": false}}"}
{"op_code":5,"worker_id":"af024209-1bab-44f1-8fcc-6e8e8695160f-139743941193728","trial_id":109,"param_name":"min_lr_rate","param_value_internal":0.0,"distribution":"{\"name\": \"FloatDistribution\", \"attributes\": {\"step\": null, \"low\": 0.0, \"high\": 0.0, \"log\": false}}"}
{"op_code":5,"worker_id":"af024209-1bab-44f1-8fcc-6e8e8695160f-139743941193728","trial_id":109,"param_name":"a_density","param_value_internal":0.08347193658509311,"distribution":"{\"name\": \"FloatDistribution\", \"attributes\": {\"step\": null, \"low\": 0.001, \"high\": 1.0, \"log\": true}}"}
{"op_code":8,"worker_id":"af024209-1bab-44f1-8fcc-6e8e8695160f-139743941193728","trial_id":109,"user_attr":{"grad_accum_steps":1}}
{"op_code":7,"worker_id":"9ce5796d-fff7-4660-872f-3de5042074e9-140257851785216","trial_id":107,"step":1,"intermediate_value":72.45495976299983}
{"op_code":8,"worker_id":"9ce5796d-fff7-4660-872f-3de5042074e9-140257851785216","trial_id":107,"user_attr":{"train_loss_epoch_1":2.4292242645894286}}
{"op_code":7,"worker_id":"b8bcac3c-5048-4dbc-8fbc-2f45322dee37-139722167521280","trial_id":108,"step":1,"intermediate_value":73.22479693199092}
{"op_code":8,"worker_id":"b8bcac3c-5048-4dbc-8fbc-2f45322dee37-139722167521280","trial_id":108,"user_attr":{"train_loss_epoch_1":2.153946504231068}}
{"op_code":7,"worker_id":"14c4b143-0cb1-470a-945e-ef9bcb004503-139944608661504","trial_id":106,"step":3,"intermediate_value":77.4362769504407}
{"op_code":8,"worker_id":"14c4b143-0cb1-470a-945e-ef9bcb004503-139944608661504","trial_id":106,"user_attr":{"train_loss_epoch_3":1.5894177930787974}}
{"op_code":7,"worker_id":"af024209-1bab-44f1-8fcc-6e8e8695160f-139743941193728","trial_id":109,"step":1,"intermediate_value":72.5356007486346}
{"op_code":8,"worker_id":"af024209-1bab-44f1-8fcc-6e8e8695160f-139743941193728","trial_id":109,"user_attr":{"train_loss_epoch_1":2.4034136950485103}}
{"op_code":7,"worker_id":"9ce5796d-fff7-4660-872f-3de5042074e9-140257851785216","trial_id":107,"step":2,"intermediate_value":74.93918209399926}
{"op_code":8,"worker_id":"9ce5796d-fff7-4660-872f-3de5042074e9-140257851785216","trial_id":107,"user_attr":{"train_loss_epoch_2":1.7229556302714153}}
{"op_code":7,"worker_id":"b8bcac3c-5048-4dbc-8fbc-2f45322dee37-139722167521280","trial_id":108,"step":2,"intermediate_value":75.66929858014478}
{"op_code":8,"worker_id":"b8bcac3c-5048-4dbc-8fbc-2f45322dee37-139722167521280","trial_id":108,"user_attr":{"train_loss_epoch_2":1.6986547310500932}}
{"op_code":7,"worker_id":"14c4b143-0cb1-470a-945e-ef9bcb004503-139944608661504","trial_id":106,"step":4,"intermediate_value":78.4135158490829}
{"op_code":8,"worker_id":"14c4b143-0cb1-470a-945e-ef9bcb004503-139944608661504","trial_id":106,"user_attr":{"train_loss_epoch_4":1.5344145511547078}}
{"op_code":7,"worker_id":"af024209-1bab-44f1-8fcc-6e8e8695160f-139743941193728","trial_id":109,"step":2,"intermediate_value":75.79674149164364}
{"op_code":8,"worker_id":"af024209-1bab-44f1-8fcc-6e8e8695160f-139743941193728","trial_id":109,"user_attr":{"train_loss_epoch_2":1.7125367189164407}}
{"op_code":7,"worker_id":"9ce5796d-fff7-4660-872f-3de5042074e9-140257851785216","trial_id":107,"step":3,"intermediate_value":76.31846368861845}
{"op_code":8,"worker_id":"9ce5796d-fff7-4660-872f-3de5042074e9-140257851785216","trial_id":107,"user_attr":{"train_loss_epoch_3":1.642248945636801}}
{"op_code":7,"worker_id":"b8bcac3c-5048-4dbc-8fbc-2f45322dee37-139722167521280","trial_id":108,"step":3,"intermediate_value":77.00806852650665}
{"op_code":8,"worker_id":"b8bcac3c-5048-4dbc-8fbc-2f45322dee37-139722167521280","trial_id":108,"user_attr":{"train_loss_epoch_3":1.631108087898916}}
{"op_code":7,"worker_id":"14c4b143-0cb1-470a-945e-ef9bcb004503-139944608661504","trial_id":106,"step":5,"intermediate_value":78.74559732636345}
{"op_code":8,"worker_id":"14c4b143-0cb1-470a-945e-ef9bcb004503-139944608661504","trial_id":106,"user_attr":{"train_loss_epoch_5":1.4994550324067837}}
{"op_code":6,"worker_id":"14c4b143-0cb1-470a-945e-ef9bcb004503-139944608661504","trial_id":106,"state":1,"values":[78.74559732636345],"datetime_complete":"2026-05-26T15:56:38.789978"}
{"op_code":4,"worker_id":"14c4b143-0cb1-470a-945e-ef9bcb004503-139944608661504","study_id":0,"datetime_start":"2026-05-26T15:56:38.791724"}
{"op_code":5,"worker_id":"14c4b143-0cb1-470a-945e-ef9bcb004503-139944608661504","trial_id":110,"param_name":"learning_rate","param_value_internal":0.003333855923855734,"distribution":"{\"name\": \"FloatDistribution\", \"attributes\": {\"step\": null, \"low\": 0.0009, \"high\": 0.007, \"log\": true}}"}
{"op_code":5,"worker_id":"14c4b143-0cb1-470a-945e-ef9bcb004503-139944608661504","trial_id":110,"param_name":"transfer_lr","param_value_internal":0.0009339738392289674,"distribution":"{\"name\": \"FloatDistribution\", \"attributes\": {\"step\": null, \"low\": 1e-05, \"high\": 5.0, \"log\": true}}"}
{"op_code":5,"worker_id":"14c4b143-0cb1-470a-945e-ef9bcb004503-139944608661504","trial_id":110,"param_name":"transfer_every","param_value_internal":14.0,"distribution":"{\"name\": \"IntDistribution\", \"attributes\": {\"log\": true, \"step\": 1, \"low\": 1, \"high\": 70}}"}
{"op_code":5,"worker_id":"14c4b143-0cb1-470a-945e-ef9bcb004503-139944608661504","trial_id":110,"param_name":"rank_exp","param_value_internal":3.0,"distribution":"{\"name\": \"IntDistribution\", \"attributes\": {\"log\": false, \"step\": 1, \"low\": 0, \"high\": 6}}"}
{"op_code":5,"worker_id":"14c4b143-0cb1-470a-945e-ef9bcb004503-139944608661504","trial_id":110,"param_name":"fast_lr","param_value_internal":0.0017082019836490746,"distribution":"{\"name\": \"FloatDistribution\", \"attributes\": {\"step\": null, \"low\": 2e-05, \"high\": 50.0, \"log\": true}}"}
{"op_code":5,"worker_id":"14c4b143-0cb1-470a-945e-ef9bcb004503-139944608661504","trial_id":110,"param_name":"tau_sec","param_value_internal":0.0,"distribution":"{\"name\": \"FloatDistribution\", \"attributes\": {\"step\": null, \"low\": 0.0, \"high\": 0.0, \"log\": false}}"}
{"op_code":5,"worker_id":"14c4b143-0cb1-470a-945e-ef9bcb004503-139944608661504","trial_id":110,"param_name":"ab_dw_min","param_value_internal":0.00023536053088819034,"distribution":"{\"name\": \"FloatDistribution\", \"attributes\": {\"step\": null, \"low\": 3e-06, \"high\": 0.006, \"log\": true}}"}
{"op_code":5,"worker_id":"14c4b143-0cb1-470a-945e-ef9bcb004503-139944608661504","trial_id":110,"param_name":"ab_desired_bl","param_value_internal":31.0,"distribution":"{\"name\": \"IntDistribution\", \"attributes\": {\"log\": false, \"step\": 1, \"low\": 31, \"high\": 31}}"}
{"op_code":5,"worker_id":"14c4b143-0cb1-470a-945e-ef9bcb004503-139944608661504","trial_id":110,"param_name":"ab_multilevel","param_value_internal":1.0,"distribution":"{\"name\": \"IntDistribution\", \"attributes\": {\"log\": false, \"step\": 1, \"low\": 1, \"high\": 14}}"}
{"op_code":5,"worker_id":"14c4b143-0cb1-470a-945e-ef9bcb004503-139944608661504","trial_id":110,"param_name":"a_reset_std","param_value_internal":1e-30,"distribution":"{\"name\": \"FloatDistribution\", \"attributes\": {\"step\": null, \"low\": 1e-30, \"high\": 1e-30, \"log\": true}}"}
{"op_code":5,"worker_id":"14c4b143-0cb1-470a-945e-ef9bcb004503-139944608661504","trial_id":110,"param_name":"b_reset_std","param_value_internal":1e-30,"distribution":"{\"name\": \"FloatDistribution\", \"attributes\": {\"step\": null, \"low\": 1e-30, \"high\": 1e-30, \"log\": true}}"}
{"op_code":5,"worker_id":"14c4b143-0cb1-470a-945e-ef9bcb004503-139944608661504","trial_id":110,"param_name":"c_dw_min","param_value_internal":0.008031785963402585,"distribution":"{\"name\": \"FloatDistribution\", \"attributes\": {\"step\": null, \"low\": 0.001, \"high\": 0.04, \"log\": true}}"}
{"op_code":5,"worker_id":"14c4b143-0cb1-470a-945e-ef9bcb004503-139944608661504","trial_id":110,"param_name":"c_desired_bl","param_value_internal":31.0,"distribution":"{\"name\": \"IntDistribution\", \"attributes\": {\"log\": false, \"step\": 1, \"low\": 31, \"high\": 31}}"}
{"op_code":5,"worker_id":"14c4b143-0cb1-470a-945e-ef9bcb004503-139944608661504","trial_id":110,"param_name":"out_noise","param_value_internal":0.0,"distribution":"{\"name\": \"FloatDistribution\", \"attributes\": {\"step\": null, \"low\": 0.0, \"high\": 0.0, \"log\": false}}"}
{"op_code":5,"worker_id":"14c4b143-0cb1-470a-945e-ef9bcb004503-139944608661504","trial_id":110,"param_name":"ab_weight_scaling_omega","param_value_internal":0.0,"distribution":"{\"name\": \"FloatDistribution\", \"attributes\": {\"step\": null, \"low\": 0.0, \"high\": 0.0, \"log\": false}}"}
{"op_code":5,"worker_id":"14c4b143-0cb1-470a-945e-ef9bcb004503-139944608661504","trial_id":110,"param_name":"min_lr_rate","param_value_internal":0.0,"distribution":"{\"name\": \"FloatDistribution\", \"attributes\": {\"step\": null, \"low\": 0.0, \"high\": 0.0, \"log\": false}}"}
{"op_code":5,"worker_id":"14c4b143-0cb1-470a-945e-ef9bcb004503-139944608661504","trial_id":110,"param_name":"a_density","param_value_internal":0.059441240720584536,"distribution":"{\"name\": \"FloatDistribution\", \"attributes\": {\"step\": null, \"low\": 0.001, \"high\": 1.0, \"log\": true}}"}
{"op_code":8,"worker_id":"14c4b143-0cb1-470a-945e-ef9bcb004503-139944608661504","trial_id":110,"user_attr":{"grad_accum_steps":1}}
{"op_code":7,"worker_id":"af024209-1bab-44f1-8fcc-6e8e8695160f-139743941193728","trial_id":109,"step":3,"intermediate_value":76.4240792007806}
{"op_code":8,"worker_id":"af024209-1bab-44f1-8fcc-6e8e8695160f-139743941193728","trial_id":109,"user_attr":{"train_loss_epoch_3":1.6322758090528369}}
{"op_code":7,"worker_id":"9ce5796d-fff7-4660-872f-3de5042074e9-140257851785216","trial_id":107,"step":4,"intermediate_value":76.33741609093431}
{"op_code":8,"worker_id":"9ce5796d-fff7-4660-872f-3de5042074e9-140257851785216","trial_id":107,"user_attr":{"train_loss_epoch_4":1.6006680613287743}}
{"op_code":7,"worker_id":"b8bcac3c-5048-4dbc-8fbc-2f45322dee37-139722167521280","trial_id":108,"step":4,"intermediate_value":77.16283064867454}
{"op_code":8,"worker_id":"b8bcac3c-5048-4dbc-8fbc-2f45322dee37-139722167521280","trial_id":108,"user_attr":{"train_loss_epoch_4":1.5835228635689753}}
{"op_code":7,"worker_id":"14c4b143-0cb1-470a-945e-ef9bcb004503-139944608661504","trial_id":110,"step":1,"intermediate_value":74.21685021707145}
{"op_code":8,"worker_id":"14c4b143-0cb1-470a-945e-ef9bcb004503-139944608661504","trial_id":110,"user_attr":{"train_loss_epoch_1":2.1715788070425432}}
{"op_code":7,"worker_id":"af024209-1bab-44f1-8fcc-6e8e8695160f-139743941193728","trial_id":109,"step":4,"intermediate_value":76.53779065026869}
{"op_code":8,"worker_id":"af024209-1bab-44f1-8fcc-6e8e8695160f-139743941193728","trial_id":109,"user_attr":{"train_loss_epoch_4":1.5887924628529122}}
{"op_code":7,"worker_id":"9ce5796d-fff7-4660-872f-3de5042074e9-140257851785216","trial_id":107,"step":5,"intermediate_value":76.79100758536592}
{"op_code":8,"worker_id":"9ce5796d-fff7-4660-872f-3de5042074e9-140257851785216","trial_id":107,"user_attr":{"train_loss_epoch_5":1.5808182022758939}}
{"op_code":6,"worker_id":"9ce5796d-fff7-4660-872f-3de5042074e9-140257851785216","trial_id":107,"state":1,"values":[76.79100758536592],"datetime_complete":"2026-05-26T16:18:08.876350"}
{"op_code":4,"worker_id":"9ce5796d-fff7-4660-872f-3de5042074e9-140257851785216","study_id":0,"datetime_start":"2026-05-26T16:18:08.878298"}
{"op_code":5,"worker_id":"9ce5796d-fff7-4660-872f-3de5042074e9-140257851785216","trial_id":111,"param_name":"learning_rate","param_value_internal":0.0052587299108369165,"distribution":"{\"name\": \"FloatDistribution\", \"attributes\": {\"step\": null, \"low\": 0.0009, \"high\": 0.007, \"log\": true}}"}
{"op_code":5,"worker_id":"9ce5796d-fff7-4660-872f-3de5042074e9-140257851785216","trial_id":111,"param_name":"transfer_lr","param_value_internal":1.3508922617457214e-05,"distribution":"{\"name\": \"FloatDistribution\", \"attributes\": {\"step\": null, \"low\": 1e-05, \"high\": 5.0, \"log\": true}}"}
{"op_code":5,"worker_id":"9ce5796d-fff7-4660-872f-3de5042074e9-140257851785216","trial_id":111,"param_name":"transfer_every","param_value_internal":12.0,"distribution":"{\"name\": \"IntDistribution\", \"attributes\": {\"log\": true, \"step\": 1, \"low\": 1, \"high\": 70}}"}
{"op_code":5,"worker_id":"9ce5796d-fff7-4660-872f-3de5042074e9-140257851785216","trial_id":111,"param_name":"rank_exp","param_value_internal":0.0,"distribution":"{\"name\": \"IntDistribution\", \"attributes\": {\"log\": false, \"step\": 1, \"low\": 0, \"high\": 6}}"}
{"op_code":5,"worker_id":"9ce5796d-fff7-4660-872f-3de5042074e9-140257851785216","trial_id":111,"param_name":"fast_lr","param_value_internal":8.02486989782904e-05,"distribution":"{\"name\": \"FloatDistribution\", \"attributes\": {\"step\": null, \"low\": 2e-05, \"high\": 50.0, \"log\": true}}"}
{"op_code":5,"worker_id":"9ce5796d-fff7-4660-872f-3de5042074e9-140257851785216","trial_id":111,"param_name":"tau_sec","param_value_internal":0.0,"distribution":"{\"name\": \"FloatDistribution\", \"attributes\": {\"step\": null, \"low\": 0.0, \"high\": 0.0, \"log\": false}}"}
{"op_code":5,"worker_id":"9ce5796d-fff7-4660-872f-3de5042074e9-140257851785216","trial_id":111,"param_name":"ab_dw_min","param_value_internal":0.0018543095311165708,"distribution":"{\"name\": \"FloatDistribution\", \"attributes\": {\"step\": null, \"low\": 3e-06, \"high\": 0.006, \"log\": true}}"}
{"op_code":5,"worker_id":"9ce5796d-fff7-4660-872f-3de5042074e9-140257851785216","trial_id":111,"param_name":"ab_desired_bl","param_value_internal":31.0,"distribution":"{\"name\": \"IntDistribution\", \"attributes\": {\"log\": false, \"step\": 1, \"low\": 31, \"high\": 31}}"}
{"op_code":5,"worker_id":"9ce5796d-fff7-4660-872f-3de5042074e9-140257851785216","trial_id":111,"param_name":"ab_multilevel","param_value_internal":5.0,"distribution":"{\"name\": \"IntDistribution\", \"attributes\": {\"log\": false, \"step\": 1, \"low\": 1, \"high\": 14}}"}
{"op_code":5,"worker_id":"9ce5796d-fff7-4660-872f-3de5042074e9-140257851785216","trial_id":111,"param_name":"a_reset_std","param_value_internal":1e-30,"distribution":"{\"name\": \"FloatDistribution\", \"attributes\": {\"step\": null, \"low\": 1e-30, \"high\": 1e-30, \"log\": true}}"}
{"op_code":5,"worker_id":"9ce5796d-fff7-4660-872f-3de5042074e9-140257851785216","trial_id":111,"param_name":"b_reset_std","param_value_internal":1e-30,"distribution":"{\"name\": \"FloatDistribution\", \"attributes\": {\"step\": null, \"low\": 1e-30, \"high\": 1e-30, \"log\": true}}"}
{"op_code":5,"worker_id":"9ce5796d-fff7-4660-872f-3de5042074e9-140257851785216","trial_id":111,"param_name":"c_dw_min","param_value_internal":0.0021554618394603424,"distribution":"{\"name\": \"FloatDistribution\", \"attributes\": {\"step\": null, \"low\": 0.001, \"high\": 0.04, \"log\": true}}"}
{"op_code":5,"worker_id":"9ce5796d-fff7-4660-872f-3de5042074e9-140257851785216","trial_id":111,"param_name":"c_desired_bl","param_value_internal":31.0,"distribution":"{\"name\": \"IntDistribution\", \"attributes\": {\"log\": false, \"step\": 1, \"low\": 31, \"high\": 31}}"}
{"op_code":5,"worker_id":"9ce5796d-fff7-4660-872f-3de5042074e9-140257851785216","trial_id":111,"param_name":"out_noise","param_value_internal":0.0,"distribution":"{\"name\": \"FloatDistribution\", \"attributes\": {\"step\": null, \"low\": 0.0, \"high\": 0.0, \"log\": false}}"}
{"op_code":5,"worker_id":"9ce5796d-fff7-4660-872f-3de5042074e9-140257851785216","trial_id":111,"param_name":"ab_weight_scaling_omega","param_value_internal":0.0,"distribution":"{\"name\": \"FloatDistribution\", \"attributes\": {\"step\": null, \"low\": 0.0, \"high\": 0.0, \"log\": false}}"}
{"op_code":5,"worker_id":"9ce5796d-fff7-4660-872f-3de5042074e9-140257851785216","trial_id":111,"param_name":"min_lr_rate","param_value_internal":0.0,"distribution":"{\"name\": \"FloatDistribution\", \"attributes\": {\"step\": null, \"low\": 0.0, \"high\": 0.0, \"log\": false}}"}
{"op_code":5,"worker_id":"9ce5796d-fff7-4660-872f-3de5042074e9-140257851785216","trial_id":111,"param_name":"a_density","param_value_internal":0.004004187957055269,"distribution":"{\"name\": \"FloatDistribution\", \"attributes\": {\"step\": null, \"low\": 0.001, \"high\": 1.0, \"log\": true}}"}
{"op_code":8,"worker_id":"9ce5796d-fff7-4660-872f-3de5042074e9-140257851785216","trial_id":111,"user_attr":{"grad_accum_steps":1}}
{"op_code":7,"worker_id":"b8bcac3c-5048-4dbc-8fbc-2f45322dee37-139722167521280","trial_id":108,"step":5,"intermediate_value":77.98025055283374}
{"op_code":8,"worker_id":"b8bcac3c-5048-4dbc-8fbc-2f45322dee37-139722167521280","trial_id":108,"user_attr":{"train_loss_epoch_5":1.5291584189345198}}
{"op_code":6,"worker_id":"b8bcac3c-5048-4dbc-8fbc-2f45322dee37-139722167521280","trial_id":108,"state":1,"values":[77.98025055283374],"datetime_complete":"2026-05-26T16:21:03.619452"}
{"op_code":4,"worker_id":"b8bcac3c-5048-4dbc-8fbc-2f45322dee37-139722167521280","study_id":0,"datetime_start":"2026-05-26T16:21:03.621113"}
{"op_code":5,"worker_id":"b8bcac3c-5048-4dbc-8fbc-2f45322dee37-139722167521280","trial_id":112,"param_name":"learning_rate","param_value_internal":0.001814169885512764,"distribution":"{\"name\": \"FloatDistribution\", \"attributes\": {\"step\": null, \"low\": 0.0009, \"high\": 0.007, \"log\": true}}"}
{"op_code":5,"worker_id":"b8bcac3c-5048-4dbc-8fbc-2f45322dee37-139722167521280","trial_id":112,"param_name":"transfer_lr","param_value_internal":0.1950424085809798,"distribution":"{\"name\": \"FloatDistribution\", \"attributes\": {\"step\": null, \"low\": 1e-05, \"high\": 5.0, \"log\": true}}"}
{"op_code":5,"worker_id":"b8bcac3c-5048-4dbc-8fbc-2f45322dee37-139722167521280","trial_id":112,"param_name":"transfer_every","param_value_internal":1.0,"distribution":"{\"name\": \"IntDistribution\", \"attributes\": {\"log\": true, \"step\": 1, \"low\": 1, \"high\": 70}}"}
{"op_code":5,"worker_id":"b8bcac3c-5048-4dbc-8fbc-2f45322dee37-139722167521280","trial_id":112,"param_name":"rank_exp","param_value_internal":0.0,"distribution":"{\"name\": \"IntDistribution\", \"attributes\": {\"log\": false, \"step\": 1, \"low\": 0, \"high\": 6}}"}
{"op_code":5,"worker_id":"b8bcac3c-5048-4dbc-8fbc-2f45322dee37-139722167521280","trial_id":112,"param_name":"fast_lr","param_value_internal":0.1279557862124953,"distribution":"{\"name\": \"FloatDistribution\", \"attributes\": {\"step\": null, \"low\": 2e-05, \"high\": 50.0, \"log\": true}}"}
{"op_code":5,"worker_id":"b8bcac3c-5048-4dbc-8fbc-2f45322dee37-139722167521280","trial_id":112,"param_name":"tau_sec","param_value_internal":0.0,"distribution":"{\"name\": \"FloatDistribution\", \"attributes\": {\"step\": null, \"low\": 0.0, \"high\": 0.0, \"log\": false}}"}
{"op_code":5,"worker_id":"b8bcac3c-5048-4dbc-8fbc-2f45322dee37-139722167521280","trial_id":112,"param_name":"ab_dw_min","param_value_internal":5.97348199614404e-05,"distribution":"{\"name\": \"FloatDistribution\", \"attributes\": {\"step\": null, \"low\": 3e-06, \"high\": 0.006, \"log\": true}}"}
{"op_code":5,"worker_id":"b8bcac3c-5048-4dbc-8fbc-2f45322dee37-139722167521280","trial_id":112,"param_name":"ab_desired_bl","param_value_internal":31.0,"distribution":"{\"name\": \"IntDistribution\", \"attributes\": {\"log\": false, \"step\": 1, \"low\": 31, \"high\": 31}}"}
{"op_code":5,"worker_id":"b8bcac3c-5048-4dbc-8fbc-2f45322dee37-139722167521280","trial_id":112,"param_name":"ab_multilevel","param_value_internal":5.0,"distribution":"{\"name\": \"IntDistribution\", \"attributes\": {\"log\": false, \"step\": 1, \"low\": 1, \"high\": 14}}"}
{"op_code":5,"worker_id":"b8bcac3c-5048-4dbc-8fbc-2f45322dee37-139722167521280","trial_id":112,"param_name":"a_reset_std","param_value_internal":1e-30,"distribution":"{\"name\": \"FloatDistribution\", \"attributes\": {\"step\": null, \"low\": 1e-30, \"high\": 1e-30, \"log\": true}}"}
{"op_code":5,"worker_id":"b8bcac3c-5048-4dbc-8fbc-2f45322dee37-139722167521280","trial_id":112,"param_name":"b_reset_std","param_value_internal":1e-30,"distribution":"{\"name\": \"FloatDistribution\", \"attributes\": {\"step\": null, \"low\": 1e-30, \"high\": 1e-30, \"log\": true}}"}
{"op_code":5,"worker_id":"b8bcac3c-5048-4dbc-8fbc-2f45322dee37-139722167521280","trial_id":112,"param_name":"c_dw_min","param_value_internal":0.0021278467952008007,"distribution":"{\"name\": \"FloatDistribution\", \"attributes\": {\"step\": null, \"low\": 0.001, \"high\": 0.04, \"log\": true}}"}
{"op_code":5,"worker_id":"b8bcac3c-5048-4dbc-8fbc-2f45322dee37-139722167521280","trial_id":112,"param_name":"c_desired_bl","param_value_internal":31.0,"distribution":"{\"name\": \"IntDistribution\", \"attributes\": {\"log\": false, \"step\": 1, \"low\": 31, \"high\": 31}}"}
{"op_code":5,"worker_id":"b8bcac3c-5048-4dbc-8fbc-2f45322dee37-139722167521280","trial_id":112,"param_name":"out_noise","param_value_internal":0.0,"distribution":"{\"name\": \"FloatDistribution\", \"attributes\": {\"step\": null, \"low\": 0.0, \"high\": 0.0, \"log\": false}}"}
{"op_code":5,"worker_id":"b8bcac3c-5048-4dbc-8fbc-2f45322dee37-139722167521280","trial_id":112,"param_name":"ab_weight_scaling_omega","param_value_internal":0.0,"distribution":"{\"name\": \"FloatDistribution\", \"attributes\": {\"step\": null, \"low\": 0.0, \"high\": 0.0, \"log\": false}}"}
{"op_code":5,"worker_id":"b8bcac3c-5048-4dbc-8fbc-2f45322dee37-139722167521280","trial_id":112,"param_name":"min_lr_rate","param_value_internal":0.0,"distribution":"{\"name\": \"FloatDistribution\", \"attributes\": {\"step\": null, \"low\": 0.0, \"high\": 0.0, \"log\": false}}"}
{"op_code":5,"worker_id":"b8bcac3c-5048-4dbc-8fbc-2f45322dee37-139722167521280","trial_id":112,"param_name":"a_density","param_value_internal":0.010710182856385725,"distribution":"{\"name\": \"FloatDistribution\", \"attributes\": {\"step\": null, \"low\": 0.001, \"high\": 1.0, \"log\": true}}"}
{"op_code":8,"worker_id":"b8bcac3c-5048-4dbc-8fbc-2f45322dee37-139722167521280","trial_id":112,"user_attr":{"grad_accum_steps":1}}
{"op_code":7,"worker_id":"14c4b143-0cb1-470a-945e-ef9bcb004503-139944608661504","trial_id":110,"step":2,"intermediate_value":75.95184053271036}
{"op_code":8,"worker_id":"14c4b143-0cb1-470a-945e-ef9bcb004503-139944608661504","trial_id":110,"user_attr":{"train_loss_epoch_2":1.6563814225881726}}
{"op_code":7,"worker_id":"af024209-1bab-44f1-8fcc-6e8e8695160f-139743941193728","trial_id":109,"step":5,"intermediate_value":77.08155081873245}
{"op_code":8,"worker_id":"af024209-1bab-44f1-8fcc-6e8e8695160f-139743941193728","trial_id":109,"user_attr":{"train_loss_epoch_5":1.5635563287308545}}
{"op_code":6,"worker_id":"af024209-1bab-44f1-8fcc-6e8e8695160f-139743941193728","trial_id":109,"state":1,"values":[77.08155081873245],"datetime_complete":"2026-05-26T16:29:27.863055"}
{"op_code":4,"worker_id":"af024209-1bab-44f1-8fcc-6e8e8695160f-139743941193728","study_id":0,"datetime_start":"2026-05-26T16:29:27.864934"}
{"op_code":5,"worker_id":"af024209-1bab-44f1-8fcc-6e8e8695160f-139743941193728","trial_id":113,"param_name":"learning_rate","param_value_internal":0.0010952459127275896,"distribution":"{\"name\": \"FloatDistribution\", \"attributes\": {\"step\": null, \"low\": 0.0009, \"high\": 0.007, \"log\": true}}"}
{"op_code":5,"worker_id":"af024209-1bab-44f1-8fcc-6e8e8695160f-139743941193728","trial_id":113,"param_name":"transfer_lr","param_value_internal":0.38926212266592,"distribution":"{\"name\": \"FloatDistribution\", \"attributes\": {\"step\": null, \"low\": 1e-05, \"high\": 5.0, \"log\": true}}"}
{"op_code":5,"worker_id":"af024209-1bab-44f1-8fcc-6e8e8695160f-139743941193728","trial_id":113,"param_name":"transfer_every","param_value_internal":22.0,"distribution":"{\"name\": \"IntDistribution\", \"attributes\": {\"log\": true, \"step\": 1, \"low\": 1, \"high\": 70}}"}
{"op_code":5,"worker_id":"af024209-1bab-44f1-8fcc-6e8e8695160f-139743941193728","trial_id":113,"param_name":"rank_exp","param_value_internal":0.0,"distribution":"{\"name\": \"IntDistribution\", \"attributes\": {\"log\": false, \"step\": 1, \"low\": 0, \"high\": 6}}"}
{"op_code":5,"worker_id":"af024209-1bab-44f1-8fcc-6e8e8695160f-139743941193728","trial_id":113,"param_name":"fast_lr","param_value_internal":0.18015500789679467,"distribution":"{\"name\": \"FloatDistribution\", \"attributes\": {\"step\": null, \"low\": 2e-05, \"high\": 50.0, \"log\": true}}"}
{"op_code":5,"worker_id":"af024209-1bab-44f1-8fcc-6e8e8695160f-139743941193728","trial_id":113,"param_name":"tau_sec","param_value_internal":0.0,"distribution":"{\"name\": \"FloatDistribution\", \"attributes\": {\"step\": null, \"low\": 0.0, \"high\": 0.0, \"log\": false}}"}
{"op_code":5,"worker_id":"af024209-1bab-44f1-8fcc-6e8e8695160f-139743941193728","trial_id":113,"param_name":"ab_dw_min","param_value_internal":0.00042590123797462326,"distribution":"{\"name\": \"FloatDistribution\", \"attributes\": {\"step\": null, \"low\": 3e-06, \"high\": 0.006, \"log\": true}}"}
{"op_code":5,"worker_id":"af024209-1bab-44f1-8fcc-6e8e8695160f-139743941193728","trial_id":113,"param_name":"ab_desired_bl","param_value_internal":31.0,"distribution":"{\"name\": \"IntDistribution\", \"attributes\": {\"log\": false, \"step\": 1, \"low\": 31, \"high\": 31}}"}
{"op_code":5,"worker_id":"af024209-1bab-44f1-8fcc-6e8e8695160f-139743941193728","trial_id":113,"param_name":"ab_multilevel","param_value_internal":5.0,"distribution":"{\"name\": \"IntDistribution\", \"attributes\": {\"log\": false, \"step\": 1, \"low\": 1, \"high\": 14}}"}
{"op_code":5,"worker_id":"af024209-1bab-44f1-8fcc-6e8e8695160f-139743941193728","trial_id":113,"param_name":"a_reset_std","param_value_internal":1e-30,"distribution":"{\"name\": \"FloatDistribution\", \"attributes\": {\"step\": null, \"low\": 1e-30, \"high\": 1e-30, \"log\": true}}"}
{"op_code":5,"worker_id":"af024209-1bab-44f1-8fcc-6e8e8695160f-139743941193728","trial_id":113,"param_name":"b_reset_std","param_value_internal":1e-30,"distribution":"{\"name\": \"FloatDistribution\", \"attributes\": {\"step\": null, \"low\": 1e-30, \"high\": 1e-30, \"log\": true}}"}
{"op_code":5,"worker_id":"af024209-1bab-44f1-8fcc-6e8e8695160f-139743941193728","trial_id":113,"param_name":"c_dw_min","param_value_internal":0.0021420795597971326,"distribution":"{\"name\": \"FloatDistribution\", \"attributes\": {\"step\": null, \"low\": 0.001, \"high\": 0.04, \"log\": true}}"}
{"op_code":5,"worker_id":"af024209-1bab-44f1-8fcc-6e8e8695160f-139743941193728","trial_id":113,"param_name":"c_desired_bl","param_value_internal":31.0,"distribution":"{\"name\": \"IntDistribution\", \"attributes\": {\"log\": false, \"step\": 1, \"low\": 31, \"high\": 31}}"}
{"op_code":5,"worker_id":"af024209-1bab-44f1-8fcc-6e8e8695160f-139743941193728","trial_id":113,"param_name":"out_noise","param_value_internal":0.0,"distribution":"{\"name\": \"FloatDistribution\", \"attributes\": {\"step\": null, \"low\": 0.0, \"high\": 0.0, \"log\": false}}"}
{"op_code":5,"worker_id":"af024209-1bab-44f1-8fcc-6e8e8695160f-139743941193728","trial_id":113,"param_name":"ab_weight_scaling_omega","param_value_internal":0.0,"distribution":"{\"name\": \"FloatDistribution\", \"attributes\": {\"step\": null, \"low\": 0.0, \"high\": 0.0, \"log\": false}}"}
{"op_code":5,"worker_id":"af024209-1bab-44f1-8fcc-6e8e8695160f-139743941193728","trial_id":113,"param_name":"min_lr_rate","param_value_internal":0.0,"distribution":"{\"name\": \"FloatDistribution\", \"attributes\": {\"step\": null, \"low\": 0.0, \"high\": 0.0, \"log\": false}}"}
{"op_code":5,"worker_id":"af024209-1bab-44f1-8fcc-6e8e8695160f-139743941193728","trial_id":113,"param_name":"a_density","param_value_internal":0.004998470745954834,"distribution":"{\"name\": \"FloatDistribution\", \"attributes\": {\"step\": null, \"low\": 0.001, \"high\": 1.0, \"log\": true}}"}
{"op_code":8,"worker_id":"af024209-1bab-44f1-8fcc-6e8e8695160f-139743941193728","trial_id":113,"user_attr":{"grad_accum_steps":1}}
{"op_code":7,"worker_id":"9ce5796d-fff7-4660-872f-3de5042074e9-140257851785216","trial_id":111,"step":1,"intermediate_value":74.02712630653299}
{"op_code":8,"worker_id":"9ce5796d-fff7-4660-872f-3de5042074e9-140257851785216","trial_id":111,"user_attr":{"train_loss_epoch_1":2.146848155683295}}
{"op_code":7,"worker_id":"b8bcac3c-5048-4dbc-8fbc-2f45322dee37-139722167521280","trial_id":112,"step":1,"intermediate_value":73.89098619587367}
{"op_code":8,"worker_id":"b8bcac3c-5048-4dbc-8fbc-2f45322dee37-139722167521280","trial_id":112,"user_attr":{"train_loss_epoch_1":2.2949375387775865}}
{"op_code":7,"worker_id":"14c4b143-0cb1-470a-945e-ef9bcb004503-139944608661504","trial_id":110,"step":3,"intermediate_value":77.29956100194669}
{"op_code":8,"worker_id":"14c4b143-0cb1-470a-945e-ef9bcb004503-139944608661504","trial_id":110,"user_attr":{"train_loss_epoch_3":1.5823457259149731}}
{"op_code":7,"worker_id":"af024209-1bab-44f1-8fcc-6e8e8695160f-139743941193728","trial_id":113,"step":1,"intermediate_value":72.11405145758779}
{"op_code":8,"worker_id":"af024209-1bab-44f1-8fcc-6e8e8695160f-139743941193728","trial_id":113,"user_attr":{"train_loss_epoch_1":2.4678264128806466}}
{"op_code":7,"worker_id":"9ce5796d-fff7-4660-872f-3de5042074e9-140257851785216","trial_id":111,"step":2,"intermediate_value":75.58912968286886}
{"op_code":8,"worker_id":"9ce5796d-fff7-4660-872f-3de5042074e9-140257851785216","trial_id":111,"user_attr":{"train_loss_epoch_2":1.688757981000554}}
{"op_code":7,"worker_id":"b8bcac3c-5048-4dbc-8fbc-2f45322dee37-139722167521280","trial_id":112,"step":2,"intermediate_value":76.45759762299271}
{"op_code":8,"worker_id":"b8bcac3c-5048-4dbc-8fbc-2f45322dee37-139722167521280","trial_id":112,"user_attr":{"train_loss_epoch_2":1.6789683699930908}}
{"op_code":7,"worker_id":"14c4b143-0cb1-470a-945e-ef9bcb004503-139944608661504","trial_id":110,"step":4,"intermediate_value":78.18506694953516}
{"op_code":8,"worker_id":"14c4b143-0cb1-470a-945e-ef9bcb004503-139944608661504","trial_id":110,"user_attr":{"train_loss_epoch_4":1.5381777248085353}}
{"op_code":7,"worker_id":"af024209-1bab-44f1-8fcc-6e8e8695160f-139743941193728","trial_id":113,"step":2,"intermediate_value":74.89375642550965}
{"op_code":8,"worker_id":"af024209-1bab-44f1-8fcc-6e8e8695160f-139743941193728","trial_id":113,"user_attr":{"train_loss_epoch_2":1.7321814340627613}}
{"op_code":6,"worker_id":"14c4b143-0cb1-470a-945e-ef9bcb004503-139944608661504","trial_id":110,"state":3,"values":null,"datetime_complete":"2026-05-26T17:02:30.547640"}
{"op_code":6,"worker_id":"af024209-1bab-44f1-8fcc-6e8e8695160f-139743941193728","trial_id":113,"state":3,"values":null,"datetime_complete":"2026-05-26T17:02:32.264005"}
{"op_code":6,"worker_id":"b8bcac3c-5048-4dbc-8fbc-2f45322dee37-139722167521280","trial_id":112,"state":3,"values":null,"datetime_complete":"2026-05-26T17:02:34.462217"}
{"op_code":6,"worker_id":"9ce5796d-fff7-4660-872f-3de5042074e9-140257851785216","trial_id":111,"state":3,"values":null,"datetime_complete":"2026-05-26T17:02:36.067309"}
