{"op_code":0,"worker_id":"a1fd9d8e-eca8-45df-a58a-80c388044776-139950028726272","study_name":"bert_squad_lrtt_bs48_adam_decay_nowd_nomom_nonest_onehot_a6t1c_bconstantstep6t1cgamma_cconstantstepideal_perfect_noos_qkvo_5ep","directions":[2]}
{"op_code":4,"worker_id":"a1fd9d8e-eca8-45df-a58a-80c388044776-139950028726272","study_id":0,"datetime_start":null,"state":4,"value":null,"values":null,"distributions":{},"params":{},"user_attrs":{},"system_attrs":{"fixed_params":{"learning_rate":0.0019,"transfer_lr":0.2,"transfer_every":4,"fast_lr":0.092,"rank_exp":5,"tau_sec":0.0,"ab_dw_min":0.0004883,"ab_desired_bl":31,"c_dw_min":0.001953,"c_desired_bl":31,"out_noise":0.0,"ab_weight_scaling_omega":0.0,"min_lr_rate":0.0}},"intermediate_values":{}}
{"op_code":4,"worker_id":"a1fd9d8e-eca8-45df-a58a-80c388044776-139950028726272","study_id":0,"datetime_start":null,"state":4,"value":null,"values":null,"distributions":{},"params":{},"user_attrs":{},"system_attrs":{"fixed_params":{"learning_rate":0.003,"transfer_lr":0.126,"transfer_every":4,"fast_lr":0.092,"rank_exp":5,"tau_sec":0.0,"ab_dw_min":0.0004883,"ab_desired_bl":31,"c_dw_min":0.001953,"c_desired_bl":31,"out_noise":0.0,"ab_weight_scaling_omega":0.0,"min_lr_rate":0.0}},"intermediate_values":{}}
{"op_code":4,"worker_id":"a1fd9d8e-eca8-45df-a58a-80c388044776-139950028726272","study_id":0,"datetime_start":null,"state":4,"value":null,"values":null,"distributions":{},"params":{},"user_attrs":{},"system_attrs":{"fixed_params":{"learning_rate":0.0026,"transfer_lr":0.28,"transfer_every":5,"fast_lr":0.14,"rank_exp":5,"tau_sec":0.0,"ab_dw_min":0.0004883,"ab_desired_bl":31,"c_dw_min":0.001953,"c_desired_bl":31,"out_noise":0.0,"ab_weight_scaling_omega":0.0,"min_lr_rate":0.0}},"intermediate_values":{}}
{"op_code":4,"worker_id":"a1fd9d8e-eca8-45df-a58a-80c388044776-139950028726272","study_id":0,"datetime_start":null,"state":4,"value":null,"values":null,"distributions":{},"params":{},"user_attrs":{},"system_attrs":{"fixed_params":{"learning_rate":0.003,"transfer_lr":0.126,"transfer_every":6,"fast_lr":0.13,"rank_exp":5,"tau_sec":0.0,"ab_dw_min":0.0004883,"ab_desired_bl":31,"c_dw_min":0.001953,"c_desired_bl":31,"out_noise":0.0,"ab_weight_scaling_omega":0.0,"min_lr_rate":0.0}},"intermediate_values":{}}
{"op_code":4,"worker_id":"a1fd9d8e-eca8-45df-a58a-80c388044776-139950028726272","study_id":0,"datetime_start":null,"state":4,"value":null,"values":null,"distributions":{},"params":{},"user_attrs":{},"system_attrs":{"fixed_params":{"learning_rate":0.0025,"transfer_lr":0.2,"transfer_every":4,"fast_lr":0.092,"rank_exp":5,"tau_sec":0.0,"ab_dw_min":0.0004883,"ab_desired_bl":31,"c_dw_min":0.001953,"c_desired_bl":31,"out_noise":0.0,"ab_weight_scaling_omega":0.0,"min_lr_rate":0.0}},"intermediate_values":{}}
{"op_code":4,"worker_id":"a1fd9d8e-eca8-45df-a58a-80c388044776-139950028726272","study_id":0,"datetime_start":null,"state":4,"value":null,"values":null,"distributions":{},"params":{},"user_attrs":{},"system_attrs":{"fixed_params":{"learning_rate":0.003812,"transfer_lr":0.09486,"transfer_every":1,"fast_lr":0.3,"rank_exp":5,"tau_sec":0.0,"ab_dw_min":0.0004883,"ab_desired_bl":31,"c_dw_min":0.001953,"c_desired_bl":31,"out_noise":0.0,"ab_weight_scaling_omega":0.0,"min_lr_rate":0.0}},"intermediate_values":{}}
{"op_code":4,"worker_id":"a1fd9d8e-eca8-45df-a58a-80c388044776-139950028726272","study_id":0,"datetime_start":null,"state":4,"value":null,"values":null,"distributions":{},"params":{},"user_attrs":{},"system_attrs":{"fixed_params":{"learning_rate":0.0038,"transfer_lr":0.095,"transfer_every":1,"fast_lr":0.474,"rank_exp":5,"tau_sec":0.0,"ab_dw_min":0.0004883,"ab_desired_bl":31,"c_dw_min":0.001953,"c_desired_bl":31,"out_noise":0.0,"ab_weight_scaling_omega":0.0,"min_lr_rate":0.0}},"intermediate_values":{}}
{"op_code":4,"worker_id":"a1fd9d8e-eca8-45df-a58a-80c388044776-139950028726272","study_id":0,"datetime_start":null,"state":4,"value":null,"values":null,"distributions":{},"params":{},"user_attrs":{},"system_attrs":{"fixed_params":{"learning_rate":0.0033,"transfer_lr":0.25,"transfer_every":1,"fast_lr":0.15,"rank_exp":5,"tau_sec":0.0,"ab_dw_min":0.0004883,"ab_desired_bl":31,"c_dw_min":0.001953,"c_desired_bl":31,"out_noise":0.0,"ab_weight_scaling_omega":0.0,"min_lr_rate":0.0}},"intermediate_values":{}}
{"op_code":4,"worker_id":"a1fd9d8e-eca8-45df-a58a-80c388044776-139950028726272","study_id":0,"datetime_start":null,"state":4,"value":null,"values":null,"distributions":{},"params":{},"user_attrs":{},"system_attrs":{"fixed_params":{"learning_rate":0.003,"transfer_lr":0.3,"transfer_every":1,"fast_lr":0.4,"rank_exp":5,"tau_sec":0.0,"ab_dw_min":0.0004883,"ab_desired_bl":31,"c_dw_min":0.001953,"c_desired_bl":31,"out_noise":0.0,"ab_weight_scaling_omega":0.0,"min_lr_rate":0.0}},"intermediate_values":{}}
{"op_code":4,"worker_id":"a1fd9d8e-eca8-45df-a58a-80c388044776-139950028726272","study_id":0,"datetime_start":null,"state":4,"value":null,"values":null,"distributions":{},"params":{},"user_attrs":{},"system_attrs":{"fixed_params":{"learning_rate":0.003,"transfer_lr":0.25,"transfer_every":1,"fast_lr":0.4,"rank_exp":5,"tau_sec":0.0,"ab_dw_min":0.0004883,"ab_desired_bl":31,"c_dw_min":0.001953,"c_desired_bl":31,"out_noise":0.0,"ab_weight_scaling_omega":0.0,"min_lr_rate":0.0}},"intermediate_values":{}}
{"op_code":0,"worker_id":"d54a8599-55de-4cdb-bbc9-9d50679c1105-140398664699904","study_name":"bert_squad_lrtt_bs48_adam_decay_nowd_nomom_nonest_onehot_a6t1c_bconstantstep6t1cgamma_cconstantstepideal_perfect_noos_qkvo_5ep","directions":[2]}
{"op_code":6,"worker_id":"d54a8599-55de-4cdb-bbc9-9d50679c1105-140398664699904","trial_id":0,"state":0,"values":null,"datetime_start":"2026-04-28T05:59:38.527488"}
{"op_code":5,"worker_id":"d54a8599-55de-4cdb-bbc9-9d50679c1105-140398664699904","trial_id":0,"param_name":"learning_rate","param_value_internal":0.0019,"distribution":"{\"name\": \"FloatDistribution\", \"attributes\": {\"step\": null, \"low\": 0.0001, \"high\": 0.05, \"log\": true}}"}
{"op_code":5,"worker_id":"d54a8599-55de-4cdb-bbc9-9d50679c1105-140398664699904","trial_id":0,"param_name":"transfer_lr","param_value_internal":0.2,"distribution":"{\"name\": \"FloatDistribution\", \"attributes\": {\"step\": null, \"low\": 0.009, \"high\": 5.0, \"log\": true}}"}
{"op_code":5,"worker_id":"d54a8599-55de-4cdb-bbc9-9d50679c1105-140398664699904","trial_id":0,"param_name":"transfer_every","param_value_internal":4.0,"distribution":"{\"name\": \"IntDistribution\", \"attributes\": {\"log\": true, \"step\": 1, \"low\": 1, \"high\": 20}}"}
{"op_code":5,"worker_id":"d54a8599-55de-4cdb-bbc9-9d50679c1105-140398664699904","trial_id":0,"param_name":"rank_exp","param_value_internal":5.0,"distribution":"{\"name\": \"IntDistribution\", \"attributes\": {\"log\": false, \"step\": 1, \"low\": 5, \"high\": 5}}"}
{"op_code":5,"worker_id":"d54a8599-55de-4cdb-bbc9-9d50679c1105-140398664699904","trial_id":0,"param_name":"fast_lr","param_value_internal":0.092,"distribution":"{\"name\": \"FloatDistribution\", \"attributes\": {\"step\": null, \"low\": 0.01, \"high\": 5.0, \"log\": true}}"}
{"op_code":5,"worker_id":"d54a8599-55de-4cdb-bbc9-9d50679c1105-140398664699904","trial_id":0,"param_name":"tau_sec","param_value_internal":0.0,"distribution":"{\"name\": \"FloatDistribution\", \"attributes\": {\"step\": null, \"low\": 0.0, \"high\": 0.0, \"log\": false}}"}
{"op_code":5,"worker_id":"d54a8599-55de-4cdb-bbc9-9d50679c1105-140398664699904","trial_id":0,"param_name":"ab_dw_min","param_value_internal":0.0004883,"distribution":"{\"name\": \"FloatDistribution\", \"attributes\": {\"step\": null, \"low\": 0.0004883, \"high\": 0.0004883, \"log\": true}}"}
{"op_code":5,"worker_id":"d54a8599-55de-4cdb-bbc9-9d50679c1105-140398664699904","trial_id":0,"param_name":"ab_desired_bl","param_value_internal":31.0,"distribution":"{\"name\": \"IntDistribution\", \"attributes\": {\"log\": false, \"step\": 1, \"low\": 31, \"high\": 31}}"}
{"op_code":5,"worker_id":"d54a8599-55de-4cdb-bbc9-9d50679c1105-140398664699904","trial_id":0,"param_name":"c_dw_min","param_value_internal":0.001953,"distribution":"{\"name\": \"FloatDistribution\", \"attributes\": {\"step\": null, \"low\": 0.001953, \"high\": 0.001953, \"log\": true}}"}
{"op_code":5,"worker_id":"d54a8599-55de-4cdb-bbc9-9d50679c1105-140398664699904","trial_id":0,"param_name":"c_desired_bl","param_value_internal":31.0,"distribution":"{\"name\": \"IntDistribution\", \"attributes\": {\"log\": false, \"step\": 1, \"low\": 31, \"high\": 31}}"}
{"op_code":5,"worker_id":"d54a8599-55de-4cdb-bbc9-9d50679c1105-140398664699904","trial_id":0,"param_name":"out_noise","param_value_internal":0.0,"distribution":"{\"name\": \"FloatDistribution\", \"attributes\": {\"step\": null, \"low\": 0.0, \"high\": 0.0, \"log\": false}}"}
{"op_code":5,"worker_id":"d54a8599-55de-4cdb-bbc9-9d50679c1105-140398664699904","trial_id":0,"param_name":"ab_weight_scaling_omega","param_value_internal":0.0,"distribution":"{\"name\": \"FloatDistribution\", \"attributes\": {\"step\": null, \"low\": 0.0, \"high\": 0.0, \"log\": false}}"}
{"op_code":5,"worker_id":"d54a8599-55de-4cdb-bbc9-9d50679c1105-140398664699904","trial_id":0,"param_name":"min_lr_rate","param_value_internal":0.0,"distribution":"{\"name\": \"FloatDistribution\", \"attributes\": {\"step\": null, \"low\": 0.0, \"high\": 0.0, \"log\": false}}"}
{"op_code":8,"worker_id":"d54a8599-55de-4cdb-bbc9-9d50679c1105-140398664699904","trial_id":0,"user_attr":{"grad_accum_steps":1}}
{"op_code":7,"worker_id":"d54a8599-55de-4cdb-bbc9-9d50679c1105-140398664699904","trial_id":0,"step":1,"intermediate_value":76.99106013779355}
{"op_code":8,"worker_id":"d54a8599-55de-4cdb-bbc9-9d50679c1105-140398664699904","trial_id":0,"user_attr":{"train_loss_epoch_1":2.2178057258368185}}
{"op_code":7,"worker_id":"d54a8599-55de-4cdb-bbc9-9d50679c1105-140398664699904","trial_id":0,"step":2,"intermediate_value":79.76944579944339}
{"op_code":8,"worker_id":"d54a8599-55de-4cdb-bbc9-9d50679c1105-140398664699904","trial_id":0,"user_attr":{"train_loss_epoch_2":1.4927998378994018}}
{"op_code":7,"worker_id":"d54a8599-55de-4cdb-bbc9-9d50679c1105-140398664699904","trial_id":0,"step":3,"intermediate_value":81.12335147206531}
{"op_code":8,"worker_id":"d54a8599-55de-4cdb-bbc9-9d50679c1105-140398664699904","trial_id":0,"user_attr":{"train_loss_epoch_3":1.3721478748773819}}
{"op_code":7,"worker_id":"d54a8599-55de-4cdb-bbc9-9d50679c1105-140398664699904","trial_id":0,"step":4,"intermediate_value":82.30223113449999}
{"op_code":8,"worker_id":"d54a8599-55de-4cdb-bbc9-9d50679c1105-140398664699904","trial_id":0,"user_attr":{"train_loss_epoch_4":1.3101552627274013}}
{"op_code":7,"worker_id":"d54a8599-55de-4cdb-bbc9-9d50679c1105-140398664699904","trial_id":0,"step":5,"intermediate_value":82.42945945662983}
{"op_code":8,"worker_id":"d54a8599-55de-4cdb-bbc9-9d50679c1105-140398664699904","trial_id":0,"user_attr":{"train_loss_epoch_5":1.2745696755605662}}
{"op_code":6,"worker_id":"d54a8599-55de-4cdb-bbc9-9d50679c1105-140398664699904","trial_id":0,"state":1,"values":[82.42945945662983],"datetime_complete":"2026-04-28T07:39:57.051227"}
{"op_code":6,"worker_id":"d54a8599-55de-4cdb-bbc9-9d50679c1105-140398664699904","trial_id":1,"state":0,"values":null,"datetime_start":"2026-04-28T07:39:57.053294"}
{"op_code":5,"worker_id":"d54a8599-55de-4cdb-bbc9-9d50679c1105-140398664699904","trial_id":1,"param_name":"learning_rate","param_value_internal":0.003,"distribution":"{\"name\": \"FloatDistribution\", \"attributes\": {\"step\": null, \"low\": 0.0001, \"high\": 0.05, \"log\": true}}"}
{"op_code":5,"worker_id":"d54a8599-55de-4cdb-bbc9-9d50679c1105-140398664699904","trial_id":1,"param_name":"transfer_lr","param_value_internal":0.126,"distribution":"{\"name\": \"FloatDistribution\", \"attributes\": {\"step\": null, \"low\": 0.009, \"high\": 5.0, \"log\": true}}"}
{"op_code":5,"worker_id":"d54a8599-55de-4cdb-bbc9-9d50679c1105-140398664699904","trial_id":1,"param_name":"transfer_every","param_value_internal":4.0,"distribution":"{\"name\": \"IntDistribution\", \"attributes\": {\"log\": true, \"step\": 1, \"low\": 1, \"high\": 20}}"}
{"op_code":5,"worker_id":"d54a8599-55de-4cdb-bbc9-9d50679c1105-140398664699904","trial_id":1,"param_name":"rank_exp","param_value_internal":5.0,"distribution":"{\"name\": \"IntDistribution\", \"attributes\": {\"log\": false, \"step\": 1, \"low\": 5, \"high\": 5}}"}
{"op_code":5,"worker_id":"d54a8599-55de-4cdb-bbc9-9d50679c1105-140398664699904","trial_id":1,"param_name":"fast_lr","param_value_internal":0.092,"distribution":"{\"name\": \"FloatDistribution\", \"attributes\": {\"step\": null, \"low\": 0.01, \"high\": 5.0, \"log\": true}}"}
{"op_code":5,"worker_id":"d54a8599-55de-4cdb-bbc9-9d50679c1105-140398664699904","trial_id":1,"param_name":"tau_sec","param_value_internal":0.0,"distribution":"{\"name\": \"FloatDistribution\", \"attributes\": {\"step\": null, \"low\": 0.0, \"high\": 0.0, \"log\": false}}"}
{"op_code":5,"worker_id":"d54a8599-55de-4cdb-bbc9-9d50679c1105-140398664699904","trial_id":1,"param_name":"ab_dw_min","param_value_internal":0.0004883,"distribution":"{\"name\": \"FloatDistribution\", \"attributes\": {\"step\": null, \"low\": 0.0004883, \"high\": 0.0004883, \"log\": true}}"}
{"op_code":5,"worker_id":"d54a8599-55de-4cdb-bbc9-9d50679c1105-140398664699904","trial_id":1,"param_name":"ab_desired_bl","param_value_internal":31.0,"distribution":"{\"name\": \"IntDistribution\", \"attributes\": {\"log\": false, \"step\": 1, \"low\": 31, \"high\": 31}}"}
{"op_code":5,"worker_id":"d54a8599-55de-4cdb-bbc9-9d50679c1105-140398664699904","trial_id":1,"param_name":"c_dw_min","param_value_internal":0.001953,"distribution":"{\"name\": \"FloatDistribution\", \"attributes\": {\"step\": null, \"low\": 0.001953, \"high\": 0.001953, \"log\": true}}"}
{"op_code":5,"worker_id":"d54a8599-55de-4cdb-bbc9-9d50679c1105-140398664699904","trial_id":1,"param_name":"c_desired_bl","param_value_internal":31.0,"distribution":"{\"name\": \"IntDistribution\", \"attributes\": {\"log\": false, \"step\": 1, \"low\": 31, \"high\": 31}}"}
{"op_code":5,"worker_id":"d54a8599-55de-4cdb-bbc9-9d50679c1105-140398664699904","trial_id":1,"param_name":"out_noise","param_value_internal":0.0,"distribution":"{\"name\": \"FloatDistribution\", \"attributes\": {\"step\": null, \"low\": 0.0, \"high\": 0.0, \"log\": false}}"}
{"op_code":5,"worker_id":"d54a8599-55de-4cdb-bbc9-9d50679c1105-140398664699904","trial_id":1,"param_name":"ab_weight_scaling_omega","param_value_internal":0.0,"distribution":"{\"name\": \"FloatDistribution\", \"attributes\": {\"step\": null, \"low\": 0.0, \"high\": 0.0, \"log\": false}}"}
{"op_code":5,"worker_id":"d54a8599-55de-4cdb-bbc9-9d50679c1105-140398664699904","trial_id":1,"param_name":"min_lr_rate","param_value_internal":0.0,"distribution":"{\"name\": \"FloatDistribution\", \"attributes\": {\"step\": null, \"low\": 0.0, \"high\": 0.0, \"log\": false}}"}
{"op_code":8,"worker_id":"d54a8599-55de-4cdb-bbc9-9d50679c1105-140398664699904","trial_id":1,"user_attr":{"grad_accum_steps":1}}
{"op_code":7,"worker_id":"d54a8599-55de-4cdb-bbc9-9d50679c1105-140398664699904","trial_id":1,"step":1,"intermediate_value":77.27270802350209}
{"op_code":8,"worker_id":"d54a8599-55de-4cdb-bbc9-9d50679c1105-140398664699904","trial_id":1,"user_attr":{"train_loss_epoch_1":2.130958454395697}}
{"op_code":7,"worker_id":"d54a8599-55de-4cdb-bbc9-9d50679c1105-140398664699904","trial_id":1,"step":2,"intermediate_value":79.72646530689191}
{"op_code":8,"worker_id":"d54a8599-55de-4cdb-bbc9-9d50679c1105-140398664699904","trial_id":1,"user_attr":{"train_loss_epoch_2":1.5093270022048537}}
{"op_code":7,"worker_id":"d54a8599-55de-4cdb-bbc9-9d50679c1105-140398664699904","trial_id":1,"step":3,"intermediate_value":81.44115749163275}
{"op_code":8,"worker_id":"d54a8599-55de-4cdb-bbc9-9d50679c1105-140398664699904","trial_id":1,"user_attr":{"train_loss_epoch_3":1.386964859484334}}
{"op_code":7,"worker_id":"d54a8599-55de-4cdb-bbc9-9d50679c1105-140398664699904","trial_id":1,"step":4,"intermediate_value":81.9970511573075}
{"op_code":8,"worker_id":"d54a8599-55de-4cdb-bbc9-9d50679c1105-140398664699904","trial_id":1,"user_attr":{"train_loss_epoch_4":1.320472964167918}}
{"op_code":7,"worker_id":"d54a8599-55de-4cdb-bbc9-9d50679c1105-140398664699904","trial_id":1,"step":5,"intermediate_value":82.2999649818606}
{"op_code":8,"worker_id":"d54a8599-55de-4cdb-bbc9-9d50679c1105-140398664699904","trial_id":1,"user_attr":{"train_loss_epoch_5":1.2775558639348037}}
{"op_code":6,"worker_id":"d54a8599-55de-4cdb-bbc9-9d50679c1105-140398664699904","trial_id":1,"state":1,"values":[82.2999649818606],"datetime_complete":"2026-04-28T09:21:52.817818"}
{"op_code":6,"worker_id":"d54a8599-55de-4cdb-bbc9-9d50679c1105-140398664699904","trial_id":2,"state":0,"values":null,"datetime_start":"2026-04-28T09:21:52.819373"}
{"op_code":5,"worker_id":"d54a8599-55de-4cdb-bbc9-9d50679c1105-140398664699904","trial_id":2,"param_name":"learning_rate","param_value_internal":0.0026,"distribution":"{\"name\": \"FloatDistribution\", \"attributes\": {\"step\": null, \"low\": 0.0001, \"high\": 0.05, \"log\": true}}"}
{"op_code":5,"worker_id":"d54a8599-55de-4cdb-bbc9-9d50679c1105-140398664699904","trial_id":2,"param_name":"transfer_lr","param_value_internal":0.28,"distribution":"{\"name\": \"FloatDistribution\", \"attributes\": {\"step\": null, \"low\": 0.009, \"high\": 5.0, \"log\": true}}"}
{"op_code":5,"worker_id":"d54a8599-55de-4cdb-bbc9-9d50679c1105-140398664699904","trial_id":2,"param_name":"transfer_every","param_value_internal":5.0,"distribution":"{\"name\": \"IntDistribution\", \"attributes\": {\"log\": true, \"step\": 1, \"low\": 1, \"high\": 20}}"}
{"op_code":5,"worker_id":"d54a8599-55de-4cdb-bbc9-9d50679c1105-140398664699904","trial_id":2,"param_name":"rank_exp","param_value_internal":5.0,"distribution":"{\"name\": \"IntDistribution\", \"attributes\": {\"log\": false, \"step\": 1, \"low\": 5, \"high\": 5}}"}
{"op_code":5,"worker_id":"d54a8599-55de-4cdb-bbc9-9d50679c1105-140398664699904","trial_id":2,"param_name":"fast_lr","param_value_internal":0.14,"distribution":"{\"name\": \"FloatDistribution\", \"attributes\": {\"step\": null, \"low\": 0.01, \"high\": 5.0, \"log\": true}}"}
{"op_code":5,"worker_id":"d54a8599-55de-4cdb-bbc9-9d50679c1105-140398664699904","trial_id":2,"param_name":"tau_sec","param_value_internal":0.0,"distribution":"{\"name\": \"FloatDistribution\", \"attributes\": {\"step\": null, \"low\": 0.0, \"high\": 0.0, \"log\": false}}"}
{"op_code":5,"worker_id":"d54a8599-55de-4cdb-bbc9-9d50679c1105-140398664699904","trial_id":2,"param_name":"ab_dw_min","param_value_internal":0.0004883,"distribution":"{\"name\": \"FloatDistribution\", \"attributes\": {\"step\": null, \"low\": 0.0004883, \"high\": 0.0004883, \"log\": true}}"}
{"op_code":5,"worker_id":"d54a8599-55de-4cdb-bbc9-9d50679c1105-140398664699904","trial_id":2,"param_name":"ab_desired_bl","param_value_internal":31.0,"distribution":"{\"name\": \"IntDistribution\", \"attributes\": {\"log\": false, \"step\": 1, \"low\": 31, \"high\": 31}}"}
{"op_code":5,"worker_id":"d54a8599-55de-4cdb-bbc9-9d50679c1105-140398664699904","trial_id":2,"param_name":"c_dw_min","param_value_internal":0.001953,"distribution":"{\"name\": \"FloatDistribution\", \"attributes\": {\"step\": null, \"low\": 0.001953, \"high\": 0.001953, \"log\": true}}"}
{"op_code":5,"worker_id":"d54a8599-55de-4cdb-bbc9-9d50679c1105-140398664699904","trial_id":2,"param_name":"c_desired_bl","param_value_internal":31.0,"distribution":"{\"name\": \"IntDistribution\", \"attributes\": {\"log\": false, \"step\": 1, \"low\": 31, \"high\": 31}}"}
{"op_code":5,"worker_id":"d54a8599-55de-4cdb-bbc9-9d50679c1105-140398664699904","trial_id":2,"param_name":"out_noise","param_value_internal":0.0,"distribution":"{\"name\": \"FloatDistribution\", \"attributes\": {\"step\": null, \"low\": 0.0, \"high\": 0.0, \"log\": false}}"}
{"op_code":5,"worker_id":"d54a8599-55de-4cdb-bbc9-9d50679c1105-140398664699904","trial_id":2,"param_name":"ab_weight_scaling_omega","param_value_internal":0.0,"distribution":"{\"name\": \"FloatDistribution\", \"attributes\": {\"step\": null, \"low\": 0.0, \"high\": 0.0, \"log\": false}}"}
{"op_code":5,"worker_id":"d54a8599-55de-4cdb-bbc9-9d50679c1105-140398664699904","trial_id":2,"param_name":"min_lr_rate","param_value_internal":0.0,"distribution":"{\"name\": \"FloatDistribution\", \"attributes\": {\"step\": null, \"low\": 0.0, \"high\": 0.0, \"log\": false}}"}
{"op_code":8,"worker_id":"d54a8599-55de-4cdb-bbc9-9d50679c1105-140398664699904","trial_id":2,"user_attr":{"grad_accum_steps":1}}
{"op_code":7,"worker_id":"d54a8599-55de-4cdb-bbc9-9d50679c1105-140398664699904","trial_id":2,"step":1,"intermediate_value":78.04235180487021}
{"op_code":8,"worker_id":"d54a8599-55de-4cdb-bbc9-9d50679c1105-140398664699904","trial_id":2,"user_attr":{"train_loss_epoch_1":2.1024709946094813}}
{"op_code":0,"worker_id":"d8ceb280-7922-46ea-8044-e852b1c90305-140592319004672","study_name":"bert_squad_lrtt_bs48_adam_decay_nowd_nomom_nonest_onehot_a6t1c_bconstantstep6t1cgamma_cconstantstepideal_perfect_noos_qkvo_5ep","directions":[2]}
{"op_code":6,"worker_id":"d8ceb280-7922-46ea-8044-e852b1c90305-140592319004672","trial_id":3,"state":0,"values":null,"datetime_start":"2026-04-28T09:55:23.639802"}
{"op_code":5,"worker_id":"d8ceb280-7922-46ea-8044-e852b1c90305-140592319004672","trial_id":3,"param_name":"learning_rate","param_value_internal":0.003,"distribution":"{\"name\": \"FloatDistribution\", \"attributes\": {\"step\": null, \"low\": 0.0001, \"high\": 0.05, \"log\": true}}"}
{"op_code":5,"worker_id":"d8ceb280-7922-46ea-8044-e852b1c90305-140592319004672","trial_id":3,"param_name":"transfer_lr","param_value_internal":0.126,"distribution":"{\"name\": \"FloatDistribution\", \"attributes\": {\"step\": null, \"low\": 0.009, \"high\": 5.0, \"log\": true}}"}
{"op_code":5,"worker_id":"d8ceb280-7922-46ea-8044-e852b1c90305-140592319004672","trial_id":3,"param_name":"transfer_every","param_value_internal":6.0,"distribution":"{\"name\": \"IntDistribution\", \"attributes\": {\"log\": true, \"step\": 1, \"low\": 1, \"high\": 20}}"}
{"op_code":5,"worker_id":"d8ceb280-7922-46ea-8044-e852b1c90305-140592319004672","trial_id":3,"param_name":"rank_exp","param_value_internal":5.0,"distribution":"{\"name\": \"IntDistribution\", \"attributes\": {\"log\": false, \"step\": 1, \"low\": 5, \"high\": 5}}"}
{"op_code":5,"worker_id":"d8ceb280-7922-46ea-8044-e852b1c90305-140592319004672","trial_id":3,"param_name":"fast_lr","param_value_internal":0.13,"distribution":"{\"name\": \"FloatDistribution\", \"attributes\": {\"step\": null, \"low\": 0.01, \"high\": 5.0, \"log\": true}}"}
{"op_code":5,"worker_id":"d8ceb280-7922-46ea-8044-e852b1c90305-140592319004672","trial_id":3,"param_name":"tau_sec","param_value_internal":0.0,"distribution":"{\"name\": \"FloatDistribution\", \"attributes\": {\"step\": null, \"low\": 0.0, \"high\": 0.0, \"log\": false}}"}
{"op_code":5,"worker_id":"d8ceb280-7922-46ea-8044-e852b1c90305-140592319004672","trial_id":3,"param_name":"ab_dw_min","param_value_internal":0.0004883,"distribution":"{\"name\": \"FloatDistribution\", \"attributes\": {\"step\": null, \"low\": 0.0004883, \"high\": 0.0004883, \"log\": true}}"}
{"op_code":5,"worker_id":"d8ceb280-7922-46ea-8044-e852b1c90305-140592319004672","trial_id":3,"param_name":"ab_desired_bl","param_value_internal":31.0,"distribution":"{\"name\": \"IntDistribution\", \"attributes\": {\"log\": false, \"step\": 1, \"low\": 31, \"high\": 31}}"}
{"op_code":5,"worker_id":"d8ceb280-7922-46ea-8044-e852b1c90305-140592319004672","trial_id":3,"param_name":"c_dw_min","param_value_internal":0.001953,"distribution":"{\"name\": \"FloatDistribution\", \"attributes\": {\"step\": null, \"low\": 0.001953, \"high\": 0.001953, \"log\": true}}"}
{"op_code":5,"worker_id":"d8ceb280-7922-46ea-8044-e852b1c90305-140592319004672","trial_id":3,"param_name":"c_desired_bl","param_value_internal":31.0,"distribution":"{\"name\": \"IntDistribution\", \"attributes\": {\"log\": false, \"step\": 1, \"low\": 31, \"high\": 31}}"}
{"op_code":5,"worker_id":"d8ceb280-7922-46ea-8044-e852b1c90305-140592319004672","trial_id":3,"param_name":"out_noise","param_value_internal":0.0,"distribution":"{\"name\": \"FloatDistribution\", \"attributes\": {\"step\": null, \"low\": 0.0, \"high\": 0.0, \"log\": false}}"}
{"op_code":5,"worker_id":"d8ceb280-7922-46ea-8044-e852b1c90305-140592319004672","trial_id":3,"param_name":"ab_weight_scaling_omega","param_value_internal":0.0,"distribution":"{\"name\": \"FloatDistribution\", \"attributes\": {\"step\": null, \"low\": 0.0, \"high\": 0.0, \"log\": false}}"}
{"op_code":5,"worker_id":"d8ceb280-7922-46ea-8044-e852b1c90305-140592319004672","trial_id":3,"param_name":"min_lr_rate","param_value_internal":0.0,"distribution":"{\"name\": \"FloatDistribution\", \"attributes\": {\"step\": null, \"low\": 0.0, \"high\": 0.0, \"log\": false}}"}
{"op_code":8,"worker_id":"d8ceb280-7922-46ea-8044-e852b1c90305-140592319004672","trial_id":3,"user_attr":{"grad_accum_steps":1}}
{"op_code":7,"worker_id":"d54a8599-55de-4cdb-bbc9-9d50679c1105-140398664699904","trial_id":2,"step":2,"intermediate_value":80.66787566867325}
{"op_code":8,"worker_id":"d54a8599-55de-4cdb-bbc9-9d50679c1105-140398664699904","trial_id":2,"user_attr":{"train_loss_epoch_2":1.4359243417496927}}
{"op_code":7,"worker_id":"d8ceb280-7922-46ea-8044-e852b1c90305-140592319004672","trial_id":3,"step":1,"intermediate_value":77.41180431700452}
{"op_code":8,"worker_id":"d8ceb280-7922-46ea-8044-e852b1c90305-140592319004672","trial_id":3,"user_attr":{"train_loss_epoch_1":2.1223244772693977}}
{"op_code":7,"worker_id":"d54a8599-55de-4cdb-bbc9-9d50679c1105-140398664699904","trial_id":2,"step":3,"intermediate_value":82.33512914571627}
{"op_code":8,"worker_id":"d54a8599-55de-4cdb-bbc9-9d50679c1105-140398664699904","trial_id":2,"user_attr":{"train_loss_epoch_3":1.3188550545594233}}
{"op_code":7,"worker_id":"d8ceb280-7922-46ea-8044-e852b1c90305-140592319004672","trial_id":3,"step":2,"intermediate_value":79.68731736040706}
{"op_code":8,"worker_id":"d8ceb280-7922-46ea-8044-e852b1c90305-140592319004672","trial_id":3,"user_attr":{"train_loss_epoch_2":1.4861445744832358}}
{"op_code":7,"worker_id":"d54a8599-55de-4cdb-bbc9-9d50679c1105-140398664699904","trial_id":2,"step":4,"intermediate_value":82.67115384197588}
{"op_code":8,"worker_id":"d54a8599-55de-4cdb-bbc9-9d50679c1105-140398664699904","trial_id":2,"user_attr":{"train_loss_epoch_4":1.25201728014442}}
{"op_code":7,"worker_id":"d8ceb280-7922-46ea-8044-e852b1c90305-140592319004672","trial_id":3,"step":3,"intermediate_value":81.28681980158797}
{"op_code":8,"worker_id":"d8ceb280-7922-46ea-8044-e852b1c90305-140592319004672","trial_id":3,"user_attr":{"train_loss_epoch_3":1.3820553656839096}}
{"op_code":7,"worker_id":"d54a8599-55de-4cdb-bbc9-9d50679c1105-140398664699904","trial_id":2,"step":5,"intermediate_value":82.67115384197588}
{"op_code":8,"worker_id":"d54a8599-55de-4cdb-bbc9-9d50679c1105-140398664699904","trial_id":2,"user_attr":{"train_loss_epoch_5":1.2168678459113207}}
{"op_code":6,"worker_id":"d54a8599-55de-4cdb-bbc9-9d50679c1105-140398664699904","trial_id":2,"state":1,"values":[82.67115384197588],"datetime_complete":"2026-04-28T10:57:36.672852"}
{"op_code":6,"worker_id":"d54a8599-55de-4cdb-bbc9-9d50679c1105-140398664699904","trial_id":4,"state":0,"values":null,"datetime_start":"2026-04-28T10:57:36.674337"}
{"op_code":5,"worker_id":"d54a8599-55de-4cdb-bbc9-9d50679c1105-140398664699904","trial_id":4,"param_name":"learning_rate","param_value_internal":0.0025,"distribution":"{\"name\": \"FloatDistribution\", \"attributes\": {\"step\": null, \"low\": 0.0001, \"high\": 0.05, \"log\": true}}"}
{"op_code":5,"worker_id":"d54a8599-55de-4cdb-bbc9-9d50679c1105-140398664699904","trial_id":4,"param_name":"transfer_lr","param_value_internal":0.2,"distribution":"{\"name\": \"FloatDistribution\", \"attributes\": {\"step\": null, \"low\": 0.009, \"high\": 5.0, \"log\": true}}"}
{"op_code":5,"worker_id":"d54a8599-55de-4cdb-bbc9-9d50679c1105-140398664699904","trial_id":4,"param_name":"transfer_every","param_value_internal":4.0,"distribution":"{\"name\": \"IntDistribution\", \"attributes\": {\"log\": true, \"step\": 1, \"low\": 1, \"high\": 20}}"}
{"op_code":5,"worker_id":"d54a8599-55de-4cdb-bbc9-9d50679c1105-140398664699904","trial_id":4,"param_name":"rank_exp","param_value_internal":5.0,"distribution":"{\"name\": \"IntDistribution\", \"attributes\": {\"log\": false, \"step\": 1, \"low\": 5, \"high\": 5}}"}
{"op_code":5,"worker_id":"d54a8599-55de-4cdb-bbc9-9d50679c1105-140398664699904","trial_id":4,"param_name":"fast_lr","param_value_internal":0.092,"distribution":"{\"name\": \"FloatDistribution\", \"attributes\": {\"step\": null, \"low\": 0.01, \"high\": 5.0, \"log\": true}}"}
{"op_code":5,"worker_id":"d54a8599-55de-4cdb-bbc9-9d50679c1105-140398664699904","trial_id":4,"param_name":"tau_sec","param_value_internal":0.0,"distribution":"{\"name\": \"FloatDistribution\", \"attributes\": {\"step\": null, \"low\": 0.0, \"high\": 0.0, \"log\": false}}"}
{"op_code":5,"worker_id":"d54a8599-55de-4cdb-bbc9-9d50679c1105-140398664699904","trial_id":4,"param_name":"ab_dw_min","param_value_internal":0.0004883,"distribution":"{\"name\": \"FloatDistribution\", \"attributes\": {\"step\": null, \"low\": 0.0004883, \"high\": 0.0004883, \"log\": true}}"}
{"op_code":5,"worker_id":"d54a8599-55de-4cdb-bbc9-9d50679c1105-140398664699904","trial_id":4,"param_name":"ab_desired_bl","param_value_internal":31.0,"distribution":"{\"name\": \"IntDistribution\", \"attributes\": {\"log\": false, \"step\": 1, \"low\": 31, \"high\": 31}}"}
{"op_code":5,"worker_id":"d54a8599-55de-4cdb-bbc9-9d50679c1105-140398664699904","trial_id":4,"param_name":"c_dw_min","param_value_internal":0.001953,"distribution":"{\"name\": \"FloatDistribution\", \"attributes\": {\"step\": null, \"low\": 0.001953, \"high\": 0.001953, \"log\": true}}"}
{"op_code":5,"worker_id":"d54a8599-55de-4cdb-bbc9-9d50679c1105-140398664699904","trial_id":4,"param_name":"c_desired_bl","param_value_internal":31.0,"distribution":"{\"name\": \"IntDistribution\", \"attributes\": {\"log\": false, \"step\": 1, \"low\": 31, \"high\": 31}}"}
{"op_code":5,"worker_id":"d54a8599-55de-4cdb-bbc9-9d50679c1105-140398664699904","trial_id":4,"param_name":"out_noise","param_value_internal":0.0,"distribution":"{\"name\": \"FloatDistribution\", \"attributes\": {\"step\": null, \"low\": 0.0, \"high\": 0.0, \"log\": false}}"}
{"op_code":5,"worker_id":"d54a8599-55de-4cdb-bbc9-9d50679c1105-140398664699904","trial_id":4,"param_name":"ab_weight_scaling_omega","param_value_internal":0.0,"distribution":"{\"name\": \"FloatDistribution\", \"attributes\": {\"step\": null, \"low\": 0.0, \"high\": 0.0, \"log\": false}}"}
{"op_code":5,"worker_id":"d54a8599-55de-4cdb-bbc9-9d50679c1105-140398664699904","trial_id":4,"param_name":"min_lr_rate","param_value_internal":0.0,"distribution":"{\"name\": \"FloatDistribution\", \"attributes\": {\"step\": null, \"low\": 0.0, \"high\": 0.0, \"log\": false}}"}
{"op_code":8,"worker_id":"d54a8599-55de-4cdb-bbc9-9d50679c1105-140398664699904","trial_id":4,"user_attr":{"grad_accum_steps":1}}
{"op_code":7,"worker_id":"d54a8599-55de-4cdb-bbc9-9d50679c1105-140398664699904","trial_id":4,"step":1,"intermediate_value":77.37935056036302}
{"op_code":8,"worker_id":"d54a8599-55de-4cdb-bbc9-9d50679c1105-140398664699904","trial_id":4,"user_attr":{"train_loss_epoch_1":2.157855842430094}}
{"op_code":7,"worker_id":"d8ceb280-7922-46ea-8044-e852b1c90305-140592319004672","trial_id":3,"step":4,"intermediate_value":81.81759809457127}
{"op_code":8,"worker_id":"d8ceb280-7922-46ea-8044-e852b1c90305-140592319004672","trial_id":3,"user_attr":{"train_loss_epoch_4":1.322801985908653}}
{"op_code":7,"worker_id":"d54a8599-55de-4cdb-bbc9-9d50679c1105-140398664699904","trial_id":4,"step":2,"intermediate_value":79.80052190850783}
{"op_code":8,"worker_id":"d54a8599-55de-4cdb-bbc9-9d50679c1105-140398664699904","trial_id":4,"user_attr":{"train_loss_epoch_2":1.490943502766007}}
{"op_code":7,"worker_id":"d8ceb280-7922-46ea-8044-e852b1c90305-140592319004672","trial_id":3,"step":5,"intermediate_value":82.25279669339746}
{"op_code":8,"worker_id":"d8ceb280-7922-46ea-8044-e852b1c90305-140592319004672","trial_id":3,"user_attr":{"train_loss_epoch_5":1.2849825733399327}}
{"op_code":6,"worker_id":"d8ceb280-7922-46ea-8044-e852b1c90305-140592319004672","trial_id":3,"state":1,"values":[82.25279669339746],"datetime_complete":"2026-04-28T11:37:57.578566"}
{"op_code":6,"worker_id":"d8ceb280-7922-46ea-8044-e852b1c90305-140592319004672","trial_id":5,"state":0,"values":null,"datetime_start":"2026-04-28T11:37:57.580039"}
{"op_code":5,"worker_id":"d8ceb280-7922-46ea-8044-e852b1c90305-140592319004672","trial_id":5,"param_name":"learning_rate","param_value_internal":0.003812,"distribution":"{\"name\": \"FloatDistribution\", \"attributes\": {\"step\": null, \"low\": 0.0001, \"high\": 0.05, \"log\": true}}"}
{"op_code":5,"worker_id":"d8ceb280-7922-46ea-8044-e852b1c90305-140592319004672","trial_id":5,"param_name":"transfer_lr","param_value_internal":0.09486,"distribution":"{\"name\": \"FloatDistribution\", \"attributes\": {\"step\": null, \"low\": 0.009, \"high\": 5.0, \"log\": true}}"}
{"op_code":5,"worker_id":"d8ceb280-7922-46ea-8044-e852b1c90305-140592319004672","trial_id":5,"param_name":"transfer_every","param_value_internal":1.0,"distribution":"{\"name\": \"IntDistribution\", \"attributes\": {\"log\": true, \"step\": 1, \"low\": 1, \"high\": 20}}"}
{"op_code":5,"worker_id":"d8ceb280-7922-46ea-8044-e852b1c90305-140592319004672","trial_id":5,"param_name":"rank_exp","param_value_internal":5.0,"distribution":"{\"name\": \"IntDistribution\", \"attributes\": {\"log\": false, \"step\": 1, \"low\": 5, \"high\": 5}}"}
{"op_code":5,"worker_id":"d8ceb280-7922-46ea-8044-e852b1c90305-140592319004672","trial_id":5,"param_name":"fast_lr","param_value_internal":0.3,"distribution":"{\"name\": \"FloatDistribution\", \"attributes\": {\"step\": null, \"low\": 0.01, \"high\": 5.0, \"log\": true}}"}
{"op_code":5,"worker_id":"d8ceb280-7922-46ea-8044-e852b1c90305-140592319004672","trial_id":5,"param_name":"tau_sec","param_value_internal":0.0,"distribution":"{\"name\": \"FloatDistribution\", \"attributes\": {\"step\": null, \"low\": 0.0, \"high\": 0.0, \"log\": false}}"}
{"op_code":5,"worker_id":"d8ceb280-7922-46ea-8044-e852b1c90305-140592319004672","trial_id":5,"param_name":"ab_dw_min","param_value_internal":0.0004883,"distribution":"{\"name\": \"FloatDistribution\", \"attributes\": {\"step\": null, \"low\": 0.0004883, \"high\": 0.0004883, \"log\": true}}"}
{"op_code":5,"worker_id":"d8ceb280-7922-46ea-8044-e852b1c90305-140592319004672","trial_id":5,"param_name":"ab_desired_bl","param_value_internal":31.0,"distribution":"{\"name\": \"IntDistribution\", \"attributes\": {\"log\": false, \"step\": 1, \"low\": 31, \"high\": 31}}"}
{"op_code":5,"worker_id":"d8ceb280-7922-46ea-8044-e852b1c90305-140592319004672","trial_id":5,"param_name":"c_dw_min","param_value_internal":0.001953,"distribution":"{\"name\": \"FloatDistribution\", \"attributes\": {\"step\": null, \"low\": 0.001953, \"high\": 0.001953, \"log\": true}}"}
{"op_code":5,"worker_id":"d8ceb280-7922-46ea-8044-e852b1c90305-140592319004672","trial_id":5,"param_name":"c_desired_bl","param_value_internal":31.0,"distribution":"{\"name\": \"IntDistribution\", \"attributes\": {\"log\": false, \"step\": 1, \"low\": 31, \"high\": 31}}"}
{"op_code":5,"worker_id":"d8ceb280-7922-46ea-8044-e852b1c90305-140592319004672","trial_id":5,"param_name":"out_noise","param_value_internal":0.0,"distribution":"{\"name\": \"FloatDistribution\", \"attributes\": {\"step\": null, \"low\": 0.0, \"high\": 0.0, \"log\": false}}"}
{"op_code":5,"worker_id":"d8ceb280-7922-46ea-8044-e852b1c90305-140592319004672","trial_id":5,"param_name":"ab_weight_scaling_omega","param_value_internal":0.0,"distribution":"{\"name\": \"FloatDistribution\", \"attributes\": {\"step\": null, \"low\": 0.0, \"high\": 0.0, \"log\": false}}"}
{"op_code":5,"worker_id":"d8ceb280-7922-46ea-8044-e852b1c90305-140592319004672","trial_id":5,"param_name":"min_lr_rate","param_value_internal":0.0,"distribution":"{\"name\": \"FloatDistribution\", \"attributes\": {\"step\": null, \"low\": 0.0, \"high\": 0.0, \"log\": false}}"}
{"op_code":8,"worker_id":"d8ceb280-7922-46ea-8044-e852b1c90305-140592319004672","trial_id":5,"user_attr":{"grad_accum_steps":1}}
{"op_code":7,"worker_id":"d54a8599-55de-4cdb-bbc9-9d50679c1105-140398664699904","trial_id":4,"step":3,"intermediate_value":81.59540750074588}
{"op_code":8,"worker_id":"d54a8599-55de-4cdb-bbc9-9d50679c1105-140398664699904","trial_id":4,"user_attr":{"train_loss_epoch_3":1.369288131376592}}
{"op_code":7,"worker_id":"d8ceb280-7922-46ea-8044-e852b1c90305-140592319004672","trial_id":5,"step":1,"intermediate_value":80.31810941005932}
{"op_code":8,"worker_id":"d8ceb280-7922-46ea-8044-e852b1c90305-140592319004672","trial_id":5,"user_attr":{"train_loss_epoch_1":1.9650717153781798}}
{"op_code":7,"worker_id":"d54a8599-55de-4cdb-bbc9-9d50679c1105-140398664699904","trial_id":4,"step":4,"intermediate_value":82.22942346389353}
{"op_code":8,"worker_id":"d54a8599-55de-4cdb-bbc9-9d50679c1105-140398664699904","trial_id":4,"user_attr":{"train_loss_epoch_4":1.3024465237045029}}
{"op_code":7,"worker_id":"d8ceb280-7922-46ea-8044-e852b1c90305-140592319004672","trial_id":5,"step":2,"intermediate_value":82.30550670458491}
{"op_code":8,"worker_id":"d8ceb280-7922-46ea-8044-e852b1c90305-140592319004672","trial_id":5,"user_attr":{"train_loss_epoch_2":1.3662862741527195}}
{"op_code":7,"worker_id":"d54a8599-55de-4cdb-bbc9-9d50679c1105-140398664699904","trial_id":4,"step":5,"intermediate_value":82.75590011677953}
{"op_code":8,"worker_id":"d54a8599-55de-4cdb-bbc9-9d50679c1105-140398664699904","trial_id":4,"user_attr":{"train_loss_epoch_5":1.2597317869585705}}
{"op_code":6,"worker_id":"d54a8599-55de-4cdb-bbc9-9d50679c1105-140398664699904","trial_id":4,"state":1,"values":[82.75590011677953],"datetime_complete":"2026-04-28T12:34:47.109801"}
{"op_code":6,"worker_id":"d54a8599-55de-4cdb-bbc9-9d50679c1105-140398664699904","trial_id":6,"state":0,"values":null,"datetime_start":"2026-04-28T12:34:47.111382"}
{"op_code":5,"worker_id":"d54a8599-55de-4cdb-bbc9-9d50679c1105-140398664699904","trial_id":6,"param_name":"learning_rate","param_value_internal":0.0038,"distribution":"{\"name\": \"FloatDistribution\", \"attributes\": {\"step\": null, \"low\": 0.0001, \"high\": 0.05, \"log\": true}}"}
{"op_code":5,"worker_id":"d54a8599-55de-4cdb-bbc9-9d50679c1105-140398664699904","trial_id":6,"param_name":"transfer_lr","param_value_internal":0.095,"distribution":"{\"name\": \"FloatDistribution\", \"attributes\": {\"step\": null, \"low\": 0.009, \"high\": 5.0, \"log\": true}}"}
{"op_code":5,"worker_id":"d54a8599-55de-4cdb-bbc9-9d50679c1105-140398664699904","trial_id":6,"param_name":"transfer_every","param_value_internal":1.0,"distribution":"{\"name\": \"IntDistribution\", \"attributes\": {\"log\": true, \"step\": 1, \"low\": 1, \"high\": 20}}"}
{"op_code":5,"worker_id":"d54a8599-55de-4cdb-bbc9-9d50679c1105-140398664699904","trial_id":6,"param_name":"rank_exp","param_value_internal":5.0,"distribution":"{\"name\": \"IntDistribution\", \"attributes\": {\"log\": false, \"step\": 1, \"low\": 5, \"high\": 5}}"}
{"op_code":5,"worker_id":"d54a8599-55de-4cdb-bbc9-9d50679c1105-140398664699904","trial_id":6,"param_name":"fast_lr","param_value_internal":0.474,"distribution":"{\"name\": \"FloatDistribution\", \"attributes\": {\"step\": null, \"low\": 0.01, \"high\": 5.0, \"log\": true}}"}
{"op_code":5,"worker_id":"d54a8599-55de-4cdb-bbc9-9d50679c1105-140398664699904","trial_id":6,"param_name":"tau_sec","param_value_internal":0.0,"distribution":"{\"name\": \"FloatDistribution\", \"attributes\": {\"step\": null, \"low\": 0.0, \"high\": 0.0, \"log\": false}}"}
{"op_code":5,"worker_id":"d54a8599-55de-4cdb-bbc9-9d50679c1105-140398664699904","trial_id":6,"param_name":"ab_dw_min","param_value_internal":0.0004883,"distribution":"{\"name\": \"FloatDistribution\", \"attributes\": {\"step\": null, \"low\": 0.0004883, \"high\": 0.0004883, \"log\": true}}"}
{"op_code":5,"worker_id":"d54a8599-55de-4cdb-bbc9-9d50679c1105-140398664699904","trial_id":6,"param_name":"ab_desired_bl","param_value_internal":31.0,"distribution":"{\"name\": \"IntDistribution\", \"attributes\": {\"log\": false, \"step\": 1, \"low\": 31, \"high\": 31}}"}
{"op_code":5,"worker_id":"d54a8599-55de-4cdb-bbc9-9d50679c1105-140398664699904","trial_id":6,"param_name":"c_dw_min","param_value_internal":0.001953,"distribution":"{\"name\": \"FloatDistribution\", \"attributes\": {\"step\": null, \"low\": 0.001953, \"high\": 0.001953, \"log\": true}}"}
{"op_code":5,"worker_id":"d54a8599-55de-4cdb-bbc9-9d50679c1105-140398664699904","trial_id":6,"param_name":"c_desired_bl","param_value_internal":31.0,"distribution":"{\"name\": \"IntDistribution\", \"attributes\": {\"log\": false, \"step\": 1, \"low\": 31, \"high\": 31}}"}
{"op_code":5,"worker_id":"d54a8599-55de-4cdb-bbc9-9d50679c1105-140398664699904","trial_id":6,"param_name":"out_noise","param_value_internal":0.0,"distribution":"{\"name\": \"FloatDistribution\", \"attributes\": {\"step\": null, \"low\": 0.0, \"high\": 0.0, \"log\": false}}"}
{"op_code":5,"worker_id":"d54a8599-55de-4cdb-bbc9-9d50679c1105-140398664699904","trial_id":6,"param_name":"ab_weight_scaling_omega","param_value_internal":0.0,"distribution":"{\"name\": \"FloatDistribution\", \"attributes\": {\"step\": null, \"low\": 0.0, \"high\": 0.0, \"log\": false}}"}
{"op_code":5,"worker_id":"d54a8599-55de-4cdb-bbc9-9d50679c1105-140398664699904","trial_id":6,"param_name":"min_lr_rate","param_value_internal":0.0,"distribution":"{\"name\": \"FloatDistribution\", \"attributes\": {\"step\": null, \"low\": 0.0, \"high\": 0.0, \"log\": false}}"}
{"op_code":8,"worker_id":"d54a8599-55de-4cdb-bbc9-9d50679c1105-140398664699904","trial_id":6,"user_attr":{"grad_accum_steps":1}}
{"op_code":7,"worker_id":"d8ceb280-7922-46ea-8044-e852b1c90305-140592319004672","trial_id":5,"step":3,"intermediate_value":83.34097597545015}
{"op_code":8,"worker_id":"d8ceb280-7922-46ea-8044-e852b1c90305-140592319004672","trial_id":5,"user_attr":{"train_loss_epoch_3":1.2653608308898079}}
{"op_code":7,"worker_id":"d54a8599-55de-4cdb-bbc9-9d50679c1105-140398664699904","trial_id":6,"step":1,"intermediate_value":80.69718947762699}
{"op_code":8,"worker_id":"d54a8599-55de-4cdb-bbc9-9d50679c1105-140398664699904","trial_id":6,"user_attr":{"train_loss_epoch_1":1.9173062731580037}}
{"op_code":7,"worker_id":"d8ceb280-7922-46ea-8044-e852b1c90305-140592319004672","trial_id":5,"step":4,"intermediate_value":83.73957545799323}
{"op_code":8,"worker_id":"d8ceb280-7922-46ea-8044-e852b1c90305-140592319004672","trial_id":5,"user_attr":{"train_loss_epoch_4":1.1914839410684943}}
{"op_code":7,"worker_id":"d54a8599-55de-4cdb-bbc9-9d50679c1105-140398664699904","trial_id":6,"step":2,"intermediate_value":82.00148886545848}
{"op_code":8,"worker_id":"d54a8599-55de-4cdb-bbc9-9d50679c1105-140398664699904","trial_id":6,"user_attr":{"train_loss_epoch_2":1.3463372147180201}}
{"op_code":7,"worker_id":"d8ceb280-7922-46ea-8044-e852b1c90305-140592319004672","trial_id":5,"step":5,"intermediate_value":84.16275695340026}
{"op_code":8,"worker_id":"d8ceb280-7922-46ea-8044-e852b1c90305-140592319004672","trial_id":5,"user_attr":{"train_loss_epoch_5":1.1406479710485877}}
{"op_code":6,"worker_id":"d8ceb280-7922-46ea-8044-e852b1c90305-140592319004672","trial_id":5,"state":1,"values":[84.16275695340026],"datetime_complete":"2026-04-28T13:44:40.385015"}
{"op_code":6,"worker_id":"d8ceb280-7922-46ea-8044-e852b1c90305-140592319004672","trial_id":7,"state":0,"values":null,"datetime_start":"2026-04-28T13:44:40.387378"}
{"op_code":5,"worker_id":"d8ceb280-7922-46ea-8044-e852b1c90305-140592319004672","trial_id":7,"param_name":"learning_rate","param_value_internal":0.0033,"distribution":"{\"name\": \"FloatDistribution\", \"attributes\": {\"step\": null, \"low\": 0.0001, \"high\": 0.05, \"log\": true}}"}
{"op_code":5,"worker_id":"d8ceb280-7922-46ea-8044-e852b1c90305-140592319004672","trial_id":7,"param_name":"transfer_lr","param_value_internal":0.25,"distribution":"{\"name\": \"FloatDistribution\", \"attributes\": {\"step\": null, \"low\": 0.009, \"high\": 5.0, \"log\": true}}"}
{"op_code":5,"worker_id":"d8ceb280-7922-46ea-8044-e852b1c90305-140592319004672","trial_id":7,"param_name":"transfer_every","param_value_internal":1.0,"distribution":"{\"name\": \"IntDistribution\", \"attributes\": {\"log\": true, \"step\": 1, \"low\": 1, \"high\": 20}}"}
{"op_code":5,"worker_id":"d8ceb280-7922-46ea-8044-e852b1c90305-140592319004672","trial_id":7,"param_name":"rank_exp","param_value_internal":5.0,"distribution":"{\"name\": \"IntDistribution\", \"attributes\": {\"log\": false, \"step\": 1, \"low\": 5, \"high\": 5}}"}
{"op_code":5,"worker_id":"d8ceb280-7922-46ea-8044-e852b1c90305-140592319004672","trial_id":7,"param_name":"fast_lr","param_value_internal":0.15,"distribution":"{\"name\": \"FloatDistribution\", \"attributes\": {\"step\": null, \"low\": 0.01, \"high\": 5.0, \"log\": true}}"}
{"op_code":5,"worker_id":"d8ceb280-7922-46ea-8044-e852b1c90305-140592319004672","trial_id":7,"param_name":"tau_sec","param_value_internal":0.0,"distribution":"{\"name\": \"FloatDistribution\", \"attributes\": {\"step\": null, \"low\": 0.0, \"high\": 0.0, \"log\": false}}"}
{"op_code":5,"worker_id":"d8ceb280-7922-46ea-8044-e852b1c90305-140592319004672","trial_id":7,"param_name":"ab_dw_min","param_value_internal":0.0004883,"distribution":"{\"name\": \"FloatDistribution\", \"attributes\": {\"step\": null, \"low\": 0.0004883, \"high\": 0.0004883, \"log\": true}}"}
{"op_code":5,"worker_id":"d8ceb280-7922-46ea-8044-e852b1c90305-140592319004672","trial_id":7,"param_name":"ab_desired_bl","param_value_internal":31.0,"distribution":"{\"name\": \"IntDistribution\", \"attributes\": {\"log\": false, \"step\": 1, \"low\": 31, \"high\": 31}}"}
{"op_code":5,"worker_id":"d8ceb280-7922-46ea-8044-e852b1c90305-140592319004672","trial_id":7,"param_name":"c_dw_min","param_value_internal":0.001953,"distribution":"{\"name\": \"FloatDistribution\", \"attributes\": {\"step\": null, \"low\": 0.001953, \"high\": 0.001953, \"log\": true}}"}
{"op_code":5,"worker_id":"d8ceb280-7922-46ea-8044-e852b1c90305-140592319004672","trial_id":7,"param_name":"c_desired_bl","param_value_internal":31.0,"distribution":"{\"name\": \"IntDistribution\", \"attributes\": {\"log\": false, \"step\": 1, \"low\": 31, \"high\": 31}}"}
{"op_code":5,"worker_id":"d8ceb280-7922-46ea-8044-e852b1c90305-140592319004672","trial_id":7,"param_name":"out_noise","param_value_internal":0.0,"distribution":"{\"name\": \"FloatDistribution\", \"attributes\": {\"step\": null, \"low\": 0.0, \"high\": 0.0, \"log\": false}}"}
{"op_code":5,"worker_id":"d8ceb280-7922-46ea-8044-e852b1c90305-140592319004672","trial_id":7,"param_name":"ab_weight_scaling_omega","param_value_internal":0.0,"distribution":"{\"name\": \"FloatDistribution\", \"attributes\": {\"step\": null, \"low\": 0.0, \"high\": 0.0, \"log\": false}}"}
{"op_code":5,"worker_id":"d8ceb280-7922-46ea-8044-e852b1c90305-140592319004672","trial_id":7,"param_name":"min_lr_rate","param_value_internal":0.0,"distribution":"{\"name\": \"FloatDistribution\", \"attributes\": {\"step\": null, \"low\": 0.0, \"high\": 0.0, \"log\": false}}"}
{"op_code":8,"worker_id":"d8ceb280-7922-46ea-8044-e852b1c90305-140592319004672","trial_id":7,"user_attr":{"grad_accum_steps":1}}
{"op_code":7,"worker_id":"d54a8599-55de-4cdb-bbc9-9d50679c1105-140398664699904","trial_id":6,"step":3,"intermediate_value":83.1851237814503}
{"op_code":8,"worker_id":"d54a8599-55de-4cdb-bbc9-9d50679c1105-140398664699904","trial_id":6,"user_attr":{"train_loss_epoch_3":1.2386366964032656}}
{"op_code":7,"worker_id":"d8ceb280-7922-46ea-8044-e852b1c90305-140592319004672","trial_id":7,"step":1,"intermediate_value":78.47858740990664}
{"op_code":8,"worker_id":"d8ceb280-7922-46ea-8044-e852b1c90305-140592319004672","trial_id":7,"user_attr":{"train_loss_epoch_1":2.0296639183349403}}
{"op_code":7,"worker_id":"d54a8599-55de-4cdb-bbc9-9d50679c1105-140398664699904","trial_id":6,"step":4,"intermediate_value":84.30043449481764}
{"op_code":8,"worker_id":"d54a8599-55de-4cdb-bbc9-9d50679c1105-140398664699904","trial_id":6,"user_attr":{"train_loss_epoch_4":1.1665730712213491}}
{"op_code":7,"worker_id":"d8ceb280-7922-46ea-8044-e852b1c90305-140592319004672","trial_id":7,"step":2,"intermediate_value":79.57880217928104}
{"op_code":8,"worker_id":"d8ceb280-7922-46ea-8044-e852b1c90305-140592319004672","trial_id":7,"user_attr":{"train_loss_epoch_2":1.4674216359288388}}
{"op_code":7,"worker_id":"d54a8599-55de-4cdb-bbc9-9d50679c1105-140398664699904","trial_id":6,"step":5,"intermediate_value":84.67885316854803}
{"op_code":8,"worker_id":"d54a8599-55de-4cdb-bbc9-9d50679c1105-140398664699904","trial_id":6,"user_attr":{"train_loss_epoch_5":1.114468709401645}}
{"op_code":6,"worker_id":"d54a8599-55de-4cdb-bbc9-9d50679c1105-140398664699904","trial_id":6,"state":1,"values":[84.67885316854803],"datetime_complete":"2026-04-28T14:40:35.130799"}
{"op_code":6,"worker_id":"d54a8599-55de-4cdb-bbc9-9d50679c1105-140398664699904","trial_id":8,"state":0,"values":null,"datetime_start":"2026-04-28T14:40:35.132598"}
{"op_code":5,"worker_id":"d54a8599-55de-4cdb-bbc9-9d50679c1105-140398664699904","trial_id":8,"param_name":"learning_rate","param_value_internal":0.003,"distribution":"{\"name\": \"FloatDistribution\", \"attributes\": {\"step\": null, \"low\": 0.0001, \"high\": 0.05, \"log\": true}}"}
{"op_code":5,"worker_id":"d54a8599-55de-4cdb-bbc9-9d50679c1105-140398664699904","trial_id":8,"param_name":"transfer_lr","param_value_internal":0.3,"distribution":"{\"name\": \"FloatDistribution\", \"attributes\": {\"step\": null, \"low\": 0.009, \"high\": 5.0, \"log\": true}}"}
{"op_code":5,"worker_id":"d54a8599-55de-4cdb-bbc9-9d50679c1105-140398664699904","trial_id":8,"param_name":"transfer_every","param_value_internal":1.0,"distribution":"{\"name\": \"IntDistribution\", \"attributes\": {\"log\": true, \"step\": 1, \"low\": 1, \"high\": 20}}"}
{"op_code":5,"worker_id":"d54a8599-55de-4cdb-bbc9-9d50679c1105-140398664699904","trial_id":8,"param_name":"rank_exp","param_value_internal":5.0,"distribution":"{\"name\": \"IntDistribution\", \"attributes\": {\"log\": false, \"step\": 1, \"low\": 5, \"high\": 5}}"}
{"op_code":5,"worker_id":"d54a8599-55de-4cdb-bbc9-9d50679c1105-140398664699904","trial_id":8,"param_name":"fast_lr","param_value_internal":0.4,"distribution":"{\"name\": \"FloatDistribution\", \"attributes\": {\"step\": null, \"low\": 0.01, \"high\": 5.0, \"log\": true}}"}
{"op_code":5,"worker_id":"d54a8599-55de-4cdb-bbc9-9d50679c1105-140398664699904","trial_id":8,"param_name":"tau_sec","param_value_internal":0.0,"distribution":"{\"name\": \"FloatDistribution\", \"attributes\": {\"step\": null, \"low\": 0.0, \"high\": 0.0, \"log\": false}}"}
{"op_code":5,"worker_id":"d54a8599-55de-4cdb-bbc9-9d50679c1105-140398664699904","trial_id":8,"param_name":"ab_dw_min","param_value_internal":0.0004883,"distribution":"{\"name\": \"FloatDistribution\", \"attributes\": {\"step\": null, \"low\": 0.0004883, \"high\": 0.0004883, \"log\": true}}"}
{"op_code":5,"worker_id":"d54a8599-55de-4cdb-bbc9-9d50679c1105-140398664699904","trial_id":8,"param_name":"ab_desired_bl","param_value_internal":31.0,"distribution":"{\"name\": \"IntDistribution\", \"attributes\": {\"log\": false, \"step\": 1, \"low\": 31, \"high\": 31}}"}
{"op_code":5,"worker_id":"d54a8599-55de-4cdb-bbc9-9d50679c1105-140398664699904","trial_id":8,"param_name":"c_dw_min","param_value_internal":0.001953,"distribution":"{\"name\": \"FloatDistribution\", \"attributes\": {\"step\": null, \"low\": 0.001953, \"high\": 0.001953, \"log\": true}}"}
{"op_code":5,"worker_id":"d54a8599-55de-4cdb-bbc9-9d50679c1105-140398664699904","trial_id":8,"param_name":"c_desired_bl","param_value_internal":31.0,"distribution":"{\"name\": \"IntDistribution\", \"attributes\": {\"log\": false, \"step\": 1, \"low\": 31, \"high\": 31}}"}
{"op_code":5,"worker_id":"d54a8599-55de-4cdb-bbc9-9d50679c1105-140398664699904","trial_id":8,"param_name":"out_noise","param_value_internal":0.0,"distribution":"{\"name\": \"FloatDistribution\", \"attributes\": {\"step\": null, \"low\": 0.0, \"high\": 0.0, \"log\": false}}"}
{"op_code":5,"worker_id":"d54a8599-55de-4cdb-bbc9-9d50679c1105-140398664699904","trial_id":8,"param_name":"ab_weight_scaling_omega","param_value_internal":0.0,"distribution":"{\"name\": \"FloatDistribution\", \"attributes\": {\"step\": null, \"low\": 0.0, \"high\": 0.0, \"log\": false}}"}
{"op_code":5,"worker_id":"d54a8599-55de-4cdb-bbc9-9d50679c1105-140398664699904","trial_id":8,"param_name":"min_lr_rate","param_value_internal":0.0,"distribution":"{\"name\": \"FloatDistribution\", \"attributes\": {\"step\": null, \"low\": 0.0, \"high\": 0.0, \"log\": false}}"}
{"op_code":8,"worker_id":"d54a8599-55de-4cdb-bbc9-9d50679c1105-140398664699904","trial_id":8,"user_attr":{"grad_accum_steps":1}}
{"op_code":8,"worker_id":"d54a8599-55de-4cdb-bbc9-9d50679c1105-140398664699904","trial_id":8,"user_attr":{"error":"CUDA_CALL Error 'out of memory' at cuda_util.cu:978\n"}}
{"op_code":6,"worker_id":"d54a8599-55de-4cdb-bbc9-9d50679c1105-140398664699904","trial_id":8,"state":3,"values":null,"datetime_complete":"2026-04-28T14:40:57.499729"}
{"op_code":0,"worker_id":"4043c28f-8319-4b23-9384-d46de1ee392e-139813262237696","study_name":"bert_squad_lrtt_bs48_adam_decay_nowd_nomom_nonest_onehot_a6t1c_bconstantstep6t1cgamma_cconstantstepideal_perfect_noos_qkvo_5ep","directions":[2]}
{"op_code":4,"worker_id":"4043c28f-8319-4b23-9384-d46de1ee392e-139813262237696","study_id":0,"datetime_start":null,"state":4,"value":null,"values":null,"distributions":{},"params":{},"user_attrs":{},"system_attrs":{"fixed_params":{"learning_rate":0.003,"transfer_lr":0.3,"transfer_every":1,"rank_exp":5,"fast_lr":0.4,"tau_sec":0.0,"ab_dw_min":0.0004883,"ab_desired_bl":31,"c_dw_min":0.001953,"c_desired_bl":31,"out_noise":0.0,"ab_weight_scaling_omega":0.0,"min_lr_rate":0.0}},"intermediate_values":{}}
{"op_code":6,"worker_id":"4043c28f-8319-4b23-9384-d46de1ee392e-139813262237696","trial_id":9,"state":0,"values":null,"datetime_start":"2026-04-28T14:41:08.510389"}
{"op_code":5,"worker_id":"4043c28f-8319-4b23-9384-d46de1ee392e-139813262237696","trial_id":9,"param_name":"learning_rate","param_value_internal":0.003,"distribution":"{\"name\": \"FloatDistribution\", \"attributes\": {\"step\": null, \"low\": 0.0001, \"high\": 0.05, \"log\": true}}"}
{"op_code":5,"worker_id":"4043c28f-8319-4b23-9384-d46de1ee392e-139813262237696","trial_id":9,"param_name":"transfer_lr","param_value_internal":0.25,"distribution":"{\"name\": \"FloatDistribution\", \"attributes\": {\"step\": null, \"low\": 0.009, \"high\": 5.0, \"log\": true}}"}
{"op_code":5,"worker_id":"4043c28f-8319-4b23-9384-d46de1ee392e-139813262237696","trial_id":9,"param_name":"transfer_every","param_value_internal":1.0,"distribution":"{\"name\": \"IntDistribution\", \"attributes\": {\"log\": true, \"step\": 1, \"low\": 1, \"high\": 20}}"}
{"op_code":5,"worker_id":"4043c28f-8319-4b23-9384-d46de1ee392e-139813262237696","trial_id":9,"param_name":"rank_exp","param_value_internal":5.0,"distribution":"{\"name\": \"IntDistribution\", \"attributes\": {\"log\": false, \"step\": 1, \"low\": 5, \"high\": 5}}"}
{"op_code":5,"worker_id":"4043c28f-8319-4b23-9384-d46de1ee392e-139813262237696","trial_id":9,"param_name":"fast_lr","param_value_internal":0.4,"distribution":"{\"name\": \"FloatDistribution\", \"attributes\": {\"step\": null, \"low\": 0.01, \"high\": 5.0, \"log\": true}}"}
{"op_code":5,"worker_id":"4043c28f-8319-4b23-9384-d46de1ee392e-139813262237696","trial_id":9,"param_name":"tau_sec","param_value_internal":0.0,"distribution":"{\"name\": \"FloatDistribution\", \"attributes\": {\"step\": null, \"low\": 0.0, \"high\": 0.0, \"log\": false}}"}
{"op_code":5,"worker_id":"4043c28f-8319-4b23-9384-d46de1ee392e-139813262237696","trial_id":9,"param_name":"ab_dw_min","param_value_internal":0.0004883,"distribution":"{\"name\": \"FloatDistribution\", \"attributes\": {\"step\": null, \"low\": 0.0004883, \"high\": 0.0004883, \"log\": true}}"}
{"op_code":5,"worker_id":"4043c28f-8319-4b23-9384-d46de1ee392e-139813262237696","trial_id":9,"param_name":"ab_desired_bl","param_value_internal":31.0,"distribution":"{\"name\": \"IntDistribution\", \"attributes\": {\"log\": false, \"step\": 1, \"low\": 31, \"high\": 31}}"}
{"op_code":5,"worker_id":"4043c28f-8319-4b23-9384-d46de1ee392e-139813262237696","trial_id":9,"param_name":"c_dw_min","param_value_internal":0.001953,"distribution":"{\"name\": \"FloatDistribution\", \"attributes\": {\"step\": null, \"low\": 0.001953, \"high\": 0.001953, \"log\": true}}"}
{"op_code":5,"worker_id":"4043c28f-8319-4b23-9384-d46de1ee392e-139813262237696","trial_id":9,"param_name":"c_desired_bl","param_value_internal":31.0,"distribution":"{\"name\": \"IntDistribution\", \"attributes\": {\"log\": false, \"step\": 1, \"low\": 31, \"high\": 31}}"}
{"op_code":5,"worker_id":"4043c28f-8319-4b23-9384-d46de1ee392e-139813262237696","trial_id":9,"param_name":"out_noise","param_value_internal":0.0,"distribution":"{\"name\": \"FloatDistribution\", \"attributes\": {\"step\": null, \"low\": 0.0, \"high\": 0.0, \"log\": false}}"}
{"op_code":5,"worker_id":"4043c28f-8319-4b23-9384-d46de1ee392e-139813262237696","trial_id":9,"param_name":"ab_weight_scaling_omega","param_value_internal":0.0,"distribution":"{\"name\": \"FloatDistribution\", \"attributes\": {\"step\": null, \"low\": 0.0, \"high\": 0.0, \"log\": false}}"}
{"op_code":5,"worker_id":"4043c28f-8319-4b23-9384-d46de1ee392e-139813262237696","trial_id":9,"param_name":"min_lr_rate","param_value_internal":0.0,"distribution":"{\"name\": \"FloatDistribution\", \"attributes\": {\"step\": null, \"low\": 0.0, \"high\": 0.0, \"log\": false}}"}
{"op_code":8,"worker_id":"4043c28f-8319-4b23-9384-d46de1ee392e-139813262237696","trial_id":9,"user_attr":{"grad_accum_steps":2}}
{"op_code":7,"worker_id":"d8ceb280-7922-46ea-8044-e852b1c90305-140592319004672","trial_id":7,"step":3,"intermediate_value":79.84330615555496}
{"op_code":8,"worker_id":"d8ceb280-7922-46ea-8044-e852b1c90305-140592319004672","trial_id":7,"user_attr":{"train_loss_epoch_3":1.4575796691382803}}
{"op_code":7,"worker_id":"4043c28f-8319-4b23-9384-d46de1ee392e-139813262237696","trial_id":9,"step":1,"intermediate_value":79.64506644506966}
{"op_code":8,"worker_id":"4043c28f-8319-4b23-9384-d46de1ee392e-139813262237696","trial_id":9,"user_attr":{"train_loss_epoch_1":1.9468518699142918}}
{"op_code":7,"worker_id":"d8ceb280-7922-46ea-8044-e852b1c90305-140592319004672","trial_id":7,"step":4,"intermediate_value":79.97874107501822}
{"op_code":8,"worker_id":"d8ceb280-7922-46ea-8044-e852b1c90305-140592319004672","trial_id":7,"user_attr":{"train_loss_epoch_4":1.4337022018303394}}
{"op_code":7,"worker_id":"4043c28f-8319-4b23-9384-d46de1ee392e-139813262237696","trial_id":9,"step":2,"intermediate_value":81.44468703993756}
{"op_code":8,"worker_id":"4043c28f-8319-4b23-9384-d46de1ee392e-139813262237696","trial_id":9,"user_attr":{"train_loss_epoch_2":1.3676400372703472}}
{"op_code":7,"worker_id":"d8ceb280-7922-46ea-8044-e852b1c90305-140592319004672","trial_id":7,"step":5,"intermediate_value":80.27578174371693}
{"op_code":8,"worker_id":"d8ceb280-7922-46ea-8044-e852b1c90305-140592319004672","trial_id":7,"user_attr":{"train_loss_epoch_5":1.3835939445792822}}
{"op_code":6,"worker_id":"d8ceb280-7922-46ea-8044-e852b1c90305-140592319004672","trial_id":7,"state":1,"values":[80.27578174371693],"datetime_complete":"2026-04-28T15:46:46.962328"}
{"op_code":6,"worker_id":"d8ceb280-7922-46ea-8044-e852b1c90305-140592319004672","trial_id":10,"state":0,"values":null,"datetime_start":"2026-04-28T15:46:46.963931"}
{"op_code":5,"worker_id":"d8ceb280-7922-46ea-8044-e852b1c90305-140592319004672","trial_id":10,"param_name":"learning_rate","param_value_internal":0.003,"distribution":"{\"name\": \"FloatDistribution\", \"attributes\": {\"step\": null, \"low\": 0.0001, \"high\": 0.05, \"log\": true}}"}
{"op_code":5,"worker_id":"d8ceb280-7922-46ea-8044-e852b1c90305-140592319004672","trial_id":10,"param_name":"transfer_lr","param_value_internal":0.3,"distribution":"{\"name\": \"FloatDistribution\", \"attributes\": {\"step\": null, \"low\": 0.009, \"high\": 5.0, \"log\": true}}"}
{"op_code":5,"worker_id":"d8ceb280-7922-46ea-8044-e852b1c90305-140592319004672","trial_id":10,"param_name":"transfer_every","param_value_internal":1.0,"distribution":"{\"name\": \"IntDistribution\", \"attributes\": {\"log\": true, \"step\": 1, \"low\": 1, \"high\": 20}}"}
{"op_code":5,"worker_id":"d8ceb280-7922-46ea-8044-e852b1c90305-140592319004672","trial_id":10,"param_name":"rank_exp","param_value_internal":5.0,"distribution":"{\"name\": \"IntDistribution\", \"attributes\": {\"log\": false, \"step\": 1, \"low\": 5, \"high\": 5}}"}
{"op_code":5,"worker_id":"d8ceb280-7922-46ea-8044-e852b1c90305-140592319004672","trial_id":10,"param_name":"fast_lr","param_value_internal":0.4,"distribution":"{\"name\": \"FloatDistribution\", \"attributes\": {\"step\": null, \"low\": 0.01, \"high\": 5.0, \"log\": true}}"}
{"op_code":5,"worker_id":"d8ceb280-7922-46ea-8044-e852b1c90305-140592319004672","trial_id":10,"param_name":"tau_sec","param_value_internal":0.0,"distribution":"{\"name\": \"FloatDistribution\", \"attributes\": {\"step\": null, \"low\": 0.0, \"high\": 0.0, \"log\": false}}"}
{"op_code":5,"worker_id":"d8ceb280-7922-46ea-8044-e852b1c90305-140592319004672","trial_id":10,"param_name":"ab_dw_min","param_value_internal":0.0004883,"distribution":"{\"name\": \"FloatDistribution\", \"attributes\": {\"step\": null, \"low\": 0.0004883, \"high\": 0.0004883, \"log\": true}}"}
{"op_code":5,"worker_id":"d8ceb280-7922-46ea-8044-e852b1c90305-140592319004672","trial_id":10,"param_name":"ab_desired_bl","param_value_internal":31.0,"distribution":"{\"name\": \"IntDistribution\", \"attributes\": {\"log\": false, \"step\": 1, \"low\": 31, \"high\": 31}}"}
{"op_code":5,"worker_id":"d8ceb280-7922-46ea-8044-e852b1c90305-140592319004672","trial_id":10,"param_name":"c_dw_min","param_value_internal":0.001953,"distribution":"{\"name\": \"FloatDistribution\", \"attributes\": {\"step\": null, \"low\": 0.001953, \"high\": 0.001953, \"log\": true}}"}
{"op_code":5,"worker_id":"d8ceb280-7922-46ea-8044-e852b1c90305-140592319004672","trial_id":10,"param_name":"c_desired_bl","param_value_internal":31.0,"distribution":"{\"name\": \"IntDistribution\", \"attributes\": {\"log\": false, \"step\": 1, \"low\": 31, \"high\": 31}}"}
{"op_code":5,"worker_id":"d8ceb280-7922-46ea-8044-e852b1c90305-140592319004672","trial_id":10,"param_name":"out_noise","param_value_internal":0.0,"distribution":"{\"name\": \"FloatDistribution\", \"attributes\": {\"step\": null, \"low\": 0.0, \"high\": 0.0, \"log\": false}}"}
{"op_code":5,"worker_id":"d8ceb280-7922-46ea-8044-e852b1c90305-140592319004672","trial_id":10,"param_name":"ab_weight_scaling_omega","param_value_internal":0.0,"distribution":"{\"name\": \"FloatDistribution\", \"attributes\": {\"step\": null, \"low\": 0.0, \"high\": 0.0, \"log\": false}}"}
{"op_code":5,"worker_id":"d8ceb280-7922-46ea-8044-e852b1c90305-140592319004672","trial_id":10,"param_name":"min_lr_rate","param_value_internal":0.0,"distribution":"{\"name\": \"FloatDistribution\", \"attributes\": {\"step\": null, \"low\": 0.0, \"high\": 0.0, \"log\": false}}"}
{"op_code":8,"worker_id":"d8ceb280-7922-46ea-8044-e852b1c90305-140592319004672","trial_id":10,"user_attr":{"grad_accum_steps":1}}
{"op_code":7,"worker_id":"4043c28f-8319-4b23-9384-d46de1ee392e-139813262237696","trial_id":9,"step":3,"intermediate_value":81.92358002315542}
{"op_code":8,"worker_id":"4043c28f-8319-4b23-9384-d46de1ee392e-139813262237696","trial_id":9,"user_attr":{"train_loss_epoch_3":1.2933754437853244}}
{"op_code":7,"worker_id":"d8ceb280-7922-46ea-8044-e852b1c90305-140592319004672","trial_id":10,"step":1,"intermediate_value":79.48304816448905}
{"op_code":8,"worker_id":"d8ceb280-7922-46ea-8044-e852b1c90305-140592319004672","trial_id":10,"user_attr":{"train_loss_epoch_1":1.9762358840565049}}
{"op_code":7,"worker_id":"4043c28f-8319-4b23-9384-d46de1ee392e-139813262237696","trial_id":9,"step":4,"intermediate_value":82.37381961151047}
{"op_code":8,"worker_id":"4043c28f-8319-4b23-9384-d46de1ee392e-139813262237696","trial_id":9,"user_attr":{"train_loss_epoch_4":1.2273164639452927}}
{"op_code":7,"worker_id":"d8ceb280-7922-46ea-8044-e852b1c90305-140592319004672","trial_id":10,"step":2,"intermediate_value":79.97940951933172}
{"op_code":8,"worker_id":"d8ceb280-7922-46ea-8044-e852b1c90305-140592319004672","trial_id":10,"user_attr":{"train_loss_epoch_2":1.420255527619101}}
{"op_code":7,"worker_id":"4043c28f-8319-4b23-9384-d46de1ee392e-139813262237696","trial_id":9,"step":5,"intermediate_value":83.05762728599493}
{"op_code":8,"worker_id":"4043c28f-8319-4b23-9384-d46de1ee392e-139813262237696","trial_id":9,"user_attr":{"train_loss_epoch_5":1.1668230637960493}}
{"op_code":6,"worker_id":"4043c28f-8319-4b23-9384-d46de1ee392e-139813262237696","trial_id":9,"state":1,"values":[83.05762728599493],"datetime_complete":"2026-04-28T16:57:59.441522"}
{"op_code":0,"worker_id":"5fba12d5-fc5b-47d5-92db-bd3f3e2346fa-140570339516416","study_name":"bert_squad_lrtt_bs48_adam_decay_nowd_nomom_nonest_onehot_a6t1c_bconstantstep6t1cgamma_cconstantstepideal_perfect_noos_qkvo_5ep","directions":[2]}
{"op_code":4,"worker_id":"5fba12d5-fc5b-47d5-92db-bd3f3e2346fa-140570339516416","study_id":0,"datetime_start":"2026-04-28T16:58:09.923465"}
{"op_code":5,"worker_id":"5fba12d5-fc5b-47d5-92db-bd3f3e2346fa-140570339516416","trial_id":11,"param_name":"learning_rate","param_value_internal":0.0035548643447632262,"distribution":"{\"name\": \"FloatDistribution\", \"attributes\": {\"step\": null, \"low\": 0.0001, \"high\": 0.05, \"log\": true}}"}
{"op_code":5,"worker_id":"5fba12d5-fc5b-47d5-92db-bd3f3e2346fa-140570339516416","trial_id":11,"param_name":"transfer_lr","param_value_internal":0.055708844675535205,"distribution":"{\"name\": \"FloatDistribution\", \"attributes\": {\"step\": null, \"low\": 0.009, \"high\": 5.0, \"log\": true}}"}
{"op_code":5,"worker_id":"5fba12d5-fc5b-47d5-92db-bd3f3e2346fa-140570339516416","trial_id":11,"param_name":"transfer_every","param_value_internal":1.0,"distribution":"{\"name\": \"IntDistribution\", \"attributes\": {\"log\": true, \"step\": 1, \"low\": 1, \"high\": 20}}"}
{"op_code":5,"worker_id":"5fba12d5-fc5b-47d5-92db-bd3f3e2346fa-140570339516416","trial_id":11,"param_name":"rank_exp","param_value_internal":5.0,"distribution":"{\"name\": \"IntDistribution\", \"attributes\": {\"log\": false, \"step\": 1, \"low\": 5, \"high\": 5}}"}
{"op_code":5,"worker_id":"5fba12d5-fc5b-47d5-92db-bd3f3e2346fa-140570339516416","trial_id":11,"param_name":"fast_lr","param_value_internal":0.4051139603161957,"distribution":"{\"name\": \"FloatDistribution\", \"attributes\": {\"step\": null, \"low\": 0.01, \"high\": 5.0, \"log\": true}}"}
{"op_code":5,"worker_id":"5fba12d5-fc5b-47d5-92db-bd3f3e2346fa-140570339516416","trial_id":11,"param_name":"tau_sec","param_value_internal":0.0,"distribution":"{\"name\": \"FloatDistribution\", \"attributes\": {\"step\": null, \"low\": 0.0, \"high\": 0.0, \"log\": false}}"}
{"op_code":5,"worker_id":"5fba12d5-fc5b-47d5-92db-bd3f3e2346fa-140570339516416","trial_id":11,"param_name":"ab_dw_min","param_value_internal":0.0004883,"distribution":"{\"name\": \"FloatDistribution\", \"attributes\": {\"step\": null, \"low\": 0.0004883, \"high\": 0.0004883, \"log\": true}}"}
{"op_code":5,"worker_id":"5fba12d5-fc5b-47d5-92db-bd3f3e2346fa-140570339516416","trial_id":11,"param_name":"ab_desired_bl","param_value_internal":31.0,"distribution":"{\"name\": \"IntDistribution\", \"attributes\": {\"log\": false, \"step\": 1, \"low\": 31, \"high\": 31}}"}
{"op_code":5,"worker_id":"5fba12d5-fc5b-47d5-92db-bd3f3e2346fa-140570339516416","trial_id":11,"param_name":"c_dw_min","param_value_internal":0.001953,"distribution":"{\"name\": \"FloatDistribution\", \"attributes\": {\"step\": null, \"low\": 0.001953, \"high\": 0.001953, \"log\": true}}"}
{"op_code":5,"worker_id":"5fba12d5-fc5b-47d5-92db-bd3f3e2346fa-140570339516416","trial_id":11,"param_name":"c_desired_bl","param_value_internal":31.0,"distribution":"{\"name\": \"IntDistribution\", \"attributes\": {\"log\": false, \"step\": 1, \"low\": 31, \"high\": 31}}"}
{"op_code":5,"worker_id":"5fba12d5-fc5b-47d5-92db-bd3f3e2346fa-140570339516416","trial_id":11,"param_name":"out_noise","param_value_internal":0.0,"distribution":"{\"name\": \"FloatDistribution\", \"attributes\": {\"step\": null, \"low\": 0.0, \"high\": 0.0, \"log\": false}}"}
{"op_code":5,"worker_id":"5fba12d5-fc5b-47d5-92db-bd3f3e2346fa-140570339516416","trial_id":11,"param_name":"ab_weight_scaling_omega","param_value_internal":0.0,"distribution":"{\"name\": \"FloatDistribution\", \"attributes\": {\"step\": null, \"low\": 0.0, \"high\": 0.0, \"log\": false}}"}
{"op_code":5,"worker_id":"5fba12d5-fc5b-47d5-92db-bd3f3e2346fa-140570339516416","trial_id":11,"param_name":"min_lr_rate","param_value_internal":0.0,"distribution":"{\"name\": \"FloatDistribution\", \"attributes\": {\"step\": null, \"low\": 0.0, \"high\": 0.0, \"log\": false}}"}
{"op_code":8,"worker_id":"5fba12d5-fc5b-47d5-92db-bd3f3e2346fa-140570339516416","trial_id":11,"user_attr":{"grad_accum_steps":1}}
{"op_code":7,"worker_id":"d8ceb280-7922-46ea-8044-e852b1c90305-140592319004672","trial_id":10,"step":3,"intermediate_value":80.51570980180288}
{"op_code":8,"worker_id":"d8ceb280-7922-46ea-8044-e852b1c90305-140592319004672","trial_id":10,"user_attr":{"train_loss_epoch_3":1.3658844200899285}}
{"op_code":7,"worker_id":"5fba12d5-fc5b-47d5-92db-bd3f3e2346fa-140570339516416","trial_id":11,"step":1,"intermediate_value":79.37060471360336}
{"op_code":8,"worker_id":"5fba12d5-fc5b-47d5-92db-bd3f3e2346fa-140570339516416","trial_id":11,"user_attr":{"train_loss_epoch_1":1.984254045764282}}
{"op_code":7,"worker_id":"d8ceb280-7922-46ea-8044-e852b1c90305-140592319004672","trial_id":10,"step":4,"intermediate_value":81.1918588718499}
{"op_code":8,"worker_id":"d8ceb280-7922-46ea-8044-e852b1c90305-140592319004672","trial_id":10,"user_attr":{"train_loss_epoch_4":1.3167395269321556}}
{"op_code":7,"worker_id":"5fba12d5-fc5b-47d5-92db-bd3f3e2346fa-140570339516416","trial_id":11,"step":2,"intermediate_value":81.65390278102561}
{"op_code":8,"worker_id":"5fba12d5-fc5b-47d5-92db-bd3f3e2346fa-140570339516416","trial_id":11,"user_attr":{"train_loss_epoch_2":1.3733502555345778}}
{"op_code":7,"worker_id":"d8ceb280-7922-46ea-8044-e852b1c90305-140592319004672","trial_id":10,"step":5,"intermediate_value":81.33703422883019}
{"op_code":8,"worker_id":"d8ceb280-7922-46ea-8044-e852b1c90305-140592319004672","trial_id":10,"user_attr":{"train_loss_epoch_5":1.250923169305331}}
{"op_code":6,"worker_id":"d8ceb280-7922-46ea-8044-e852b1c90305-140592319004672","trial_id":10,"state":1,"values":[81.33703422883019],"datetime_complete":"2026-04-28T17:52:08.233049"}
{"op_code":4,"worker_id":"d8ceb280-7922-46ea-8044-e852b1c90305-140592319004672","study_id":0,"datetime_start":"2026-04-28T17:52:08.234773"}
{"op_code":5,"worker_id":"d8ceb280-7922-46ea-8044-e852b1c90305-140592319004672","trial_id":12,"param_name":"learning_rate","param_value_internal":0.0036437211124276214,"distribution":"{\"name\": \"FloatDistribution\", \"attributes\": {\"step\": null, \"low\": 0.0001, \"high\": 0.05, \"log\": true}}"}
{"op_code":5,"worker_id":"d8ceb280-7922-46ea-8044-e852b1c90305-140592319004672","trial_id":12,"param_name":"transfer_lr","param_value_internal":0.08490021926888677,"distribution":"{\"name\": \"FloatDistribution\", \"attributes\": {\"step\": null, \"low\": 0.009, \"high\": 5.0, \"log\": true}}"}
{"op_code":5,"worker_id":"d8ceb280-7922-46ea-8044-e852b1c90305-140592319004672","trial_id":12,"param_name":"transfer_every","param_value_internal":1.0,"distribution":"{\"name\": \"IntDistribution\", \"attributes\": {\"log\": true, \"step\": 1, \"low\": 1, \"high\": 20}}"}
{"op_code":5,"worker_id":"d8ceb280-7922-46ea-8044-e852b1c90305-140592319004672","trial_id":12,"param_name":"rank_exp","param_value_internal":5.0,"distribution":"{\"name\": \"IntDistribution\", \"attributes\": {\"log\": false, \"step\": 1, \"low\": 5, \"high\": 5}}"}
{"op_code":5,"worker_id":"d8ceb280-7922-46ea-8044-e852b1c90305-140592319004672","trial_id":12,"param_name":"fast_lr","param_value_internal":0.5066407858442922,"distribution":"{\"name\": \"FloatDistribution\", \"attributes\": {\"step\": null, \"low\": 0.01, \"high\": 5.0, \"log\": true}}"}
{"op_code":5,"worker_id":"d8ceb280-7922-46ea-8044-e852b1c90305-140592319004672","trial_id":12,"param_name":"tau_sec","param_value_internal":0.0,"distribution":"{\"name\": \"FloatDistribution\", \"attributes\": {\"step\": null, \"low\": 0.0, \"high\": 0.0, \"log\": false}}"}
{"op_code":5,"worker_id":"d8ceb280-7922-46ea-8044-e852b1c90305-140592319004672","trial_id":12,"param_name":"ab_dw_min","param_value_internal":0.0004883,"distribution":"{\"name\": \"FloatDistribution\", \"attributes\": {\"step\": null, \"low\": 0.0004883, \"high\": 0.0004883, \"log\": true}}"}
{"op_code":5,"worker_id":"d8ceb280-7922-46ea-8044-e852b1c90305-140592319004672","trial_id":12,"param_name":"ab_desired_bl","param_value_internal":31.0,"distribution":"{\"name\": \"IntDistribution\", \"attributes\": {\"log\": false, \"step\": 1, \"low\": 31, \"high\": 31}}"}
{"op_code":5,"worker_id":"d8ceb280-7922-46ea-8044-e852b1c90305-140592319004672","trial_id":12,"param_name":"c_dw_min","param_value_internal":0.001953,"distribution":"{\"name\": \"FloatDistribution\", \"attributes\": {\"step\": null, \"low\": 0.001953, \"high\": 0.001953, \"log\": true}}"}
{"op_code":5,"worker_id":"d8ceb280-7922-46ea-8044-e852b1c90305-140592319004672","trial_id":12,"param_name":"c_desired_bl","param_value_internal":31.0,"distribution":"{\"name\": \"IntDistribution\", \"attributes\": {\"log\": false, \"step\": 1, \"low\": 31, \"high\": 31}}"}
{"op_code":5,"worker_id":"d8ceb280-7922-46ea-8044-e852b1c90305-140592319004672","trial_id":12,"param_name":"out_noise","param_value_internal":0.0,"distribution":"{\"name\": \"FloatDistribution\", \"attributes\": {\"step\": null, \"low\": 0.0, \"high\": 0.0, \"log\": false}}"}
{"op_code":5,"worker_id":"d8ceb280-7922-46ea-8044-e852b1c90305-140592319004672","trial_id":12,"param_name":"ab_weight_scaling_omega","param_value_internal":0.0,"distribution":"{\"name\": \"FloatDistribution\", \"attributes\": {\"step\": null, \"low\": 0.0, \"high\": 0.0, \"log\": false}}"}
{"op_code":5,"worker_id":"d8ceb280-7922-46ea-8044-e852b1c90305-140592319004672","trial_id":12,"param_name":"min_lr_rate","param_value_internal":0.0,"distribution":"{\"name\": \"FloatDistribution\", \"attributes\": {\"step\": null, \"low\": 0.0, \"high\": 0.0, \"log\": false}}"}
{"op_code":8,"worker_id":"d8ceb280-7922-46ea-8044-e852b1c90305-140592319004672","trial_id":12,"user_attr":{"grad_accum_steps":1}}
{"op_code":7,"worker_id":"5fba12d5-fc5b-47d5-92db-bd3f3e2346fa-140570339516416","trial_id":11,"step":3,"intermediate_value":82.57765189556723}
{"op_code":8,"worker_id":"5fba12d5-fc5b-47d5-92db-bd3f3e2346fa-140570339516416","trial_id":11,"user_attr":{"train_loss_epoch_3":1.2729309214809077}}
{"op_code":7,"worker_id":"d8ceb280-7922-46ea-8044-e852b1c90305-140592319004672","trial_id":12,"step":1,"intermediate_value":80.67498386524477}
{"op_code":8,"worker_id":"d8ceb280-7922-46ea-8044-e852b1c90305-140592319004672","trial_id":12,"user_attr":{"train_loss_epoch_1":1.9297177903374358}}
{"op_code":7,"worker_id":"5fba12d5-fc5b-47d5-92db-bd3f3e2346fa-140570339516416","trial_id":11,"step":4,"intermediate_value":83.54062661467728}
{"op_code":8,"worker_id":"5fba12d5-fc5b-47d5-92db-bd3f3e2346fa-140570339516416","trial_id":11,"user_attr":{"train_loss_epoch_4":1.2036765262040343}}
{"op_code":7,"worker_id":"d8ceb280-7922-46ea-8044-e852b1c90305-140592319004672","trial_id":12,"step":2,"intermediate_value":82.31588517884634}
{"op_code":8,"worker_id":"d8ceb280-7922-46ea-8044-e852b1c90305-140592319004672","trial_id":12,"user_attr":{"train_loss_epoch_2":1.3519890734496802}}
{"op_code":7,"worker_id":"5fba12d5-fc5b-47d5-92db-bd3f3e2346fa-140570339516416","trial_id":11,"step":5,"intermediate_value":83.67322829856185}
{"op_code":8,"worker_id":"5fba12d5-fc5b-47d5-92db-bd3f3e2346fa-140570339516416","trial_id":11,"user_attr":{"train_loss_epoch_5":1.1579192413224115}}
{"op_code":6,"worker_id":"5fba12d5-fc5b-47d5-92db-bd3f3e2346fa-140570339516416","trial_id":11,"state":1,"values":[83.67322829856185],"datetime_complete":"2026-04-28T19:04:02.332891"}
{"op_code":4,"worker_id":"5fba12d5-fc5b-47d5-92db-bd3f3e2346fa-140570339516416","study_id":0,"datetime_start":"2026-04-28T19:04:02.334602"}
{"op_code":5,"worker_id":"5fba12d5-fc5b-47d5-92db-bd3f3e2346fa-140570339516416","trial_id":13,"param_name":"learning_rate","param_value_internal":0.0033938705610594795,"distribution":"{\"name\": \"FloatDistribution\", \"attributes\": {\"step\": null, \"low\": 0.0001, \"high\": 0.05, \"log\": true}}"}
{"op_code":5,"worker_id":"5fba12d5-fc5b-47d5-92db-bd3f3e2346fa-140570339516416","trial_id":13,"param_name":"transfer_lr","param_value_internal":0.08138855290636693,"distribution":"{\"name\": \"FloatDistribution\", \"attributes\": {\"step\": null, \"low\": 0.009, \"high\": 5.0, \"log\": true}}"}
{"op_code":5,"worker_id":"5fba12d5-fc5b-47d5-92db-bd3f3e2346fa-140570339516416","trial_id":13,"param_name":"transfer_every","param_value_internal":1.0,"distribution":"{\"name\": \"IntDistribution\", \"attributes\": {\"log\": true, \"step\": 1, \"low\": 1, \"high\": 20}}"}
{"op_code":5,"worker_id":"5fba12d5-fc5b-47d5-92db-bd3f3e2346fa-140570339516416","trial_id":13,"param_name":"rank_exp","param_value_internal":5.0,"distribution":"{\"name\": \"IntDistribution\", \"attributes\": {\"log\": false, \"step\": 1, \"low\": 5, \"high\": 5}}"}
{"op_code":5,"worker_id":"5fba12d5-fc5b-47d5-92db-bd3f3e2346fa-140570339516416","trial_id":13,"param_name":"fast_lr","param_value_internal":0.5188621037090682,"distribution":"{\"name\": \"FloatDistribution\", \"attributes\": {\"step\": null, \"low\": 0.01, \"high\": 5.0, \"log\": true}}"}
{"op_code":5,"worker_id":"5fba12d5-fc5b-47d5-92db-bd3f3e2346fa-140570339516416","trial_id":13,"param_name":"tau_sec","param_value_internal":0.0,"distribution":"{\"name\": \"FloatDistribution\", \"attributes\": {\"step\": null, \"low\": 0.0, \"high\": 0.0, \"log\": false}}"}
{"op_code":5,"worker_id":"5fba12d5-fc5b-47d5-92db-bd3f3e2346fa-140570339516416","trial_id":13,"param_name":"ab_dw_min","param_value_internal":0.0004883,"distribution":"{\"name\": \"FloatDistribution\", \"attributes\": {\"step\": null, \"low\": 0.0004883, \"high\": 0.0004883, \"log\": true}}"}
{"op_code":5,"worker_id":"5fba12d5-fc5b-47d5-92db-bd3f3e2346fa-140570339516416","trial_id":13,"param_name":"ab_desired_bl","param_value_internal":31.0,"distribution":"{\"name\": \"IntDistribution\", \"attributes\": {\"log\": false, \"step\": 1, \"low\": 31, \"high\": 31}}"}
{"op_code":5,"worker_id":"5fba12d5-fc5b-47d5-92db-bd3f3e2346fa-140570339516416","trial_id":13,"param_name":"c_dw_min","param_value_internal":0.001953,"distribution":"{\"name\": \"FloatDistribution\", \"attributes\": {\"step\": null, \"low\": 0.001953, \"high\": 0.001953, \"log\": true}}"}
{"op_code":5,"worker_id":"5fba12d5-fc5b-47d5-92db-bd3f3e2346fa-140570339516416","trial_id":13,"param_name":"c_desired_bl","param_value_internal":31.0,"distribution":"{\"name\": \"IntDistribution\", \"attributes\": {\"log\": false, \"step\": 1, \"low\": 31, \"high\": 31}}"}
{"op_code":5,"worker_id":"5fba12d5-fc5b-47d5-92db-bd3f3e2346fa-140570339516416","trial_id":13,"param_name":"out_noise","param_value_internal":0.0,"distribution":"{\"name\": \"FloatDistribution\", \"attributes\": {\"step\": null, \"low\": 0.0, \"high\": 0.0, \"log\": false}}"}
{"op_code":5,"worker_id":"5fba12d5-fc5b-47d5-92db-bd3f3e2346fa-140570339516416","trial_id":13,"param_name":"ab_weight_scaling_omega","param_value_internal":0.0,"distribution":"{\"name\": \"FloatDistribution\", \"attributes\": {\"step\": null, \"low\": 0.0, \"high\": 0.0, \"log\": false}}"}
{"op_code":5,"worker_id":"5fba12d5-fc5b-47d5-92db-bd3f3e2346fa-140570339516416","trial_id":13,"param_name":"min_lr_rate","param_value_internal":0.0,"distribution":"{\"name\": \"FloatDistribution\", \"attributes\": {\"step\": null, \"low\": 0.0, \"high\": 0.0, \"log\": false}}"}
{"op_code":8,"worker_id":"5fba12d5-fc5b-47d5-92db-bd3f3e2346fa-140570339516416","trial_id":13,"user_attr":{"grad_accum_steps":1}}
{"op_code":7,"worker_id":"d8ceb280-7922-46ea-8044-e852b1c90305-140592319004672","trial_id":12,"step":3,"intermediate_value":82.31588517884634}
{"op_code":8,"worker_id":"d8ceb280-7922-46ea-8044-e852b1c90305-140592319004672","trial_id":12,"user_attr":{"train_loss_epoch_3":1.4009777030001487}}
{"op_code":7,"worker_id":"5fba12d5-fc5b-47d5-92db-bd3f3e2346fa-140570339516416","trial_id":13,"step":1,"intermediate_value":3.4730925379147575}
{"op_code":8,"worker_id":"5fba12d5-fc5b-47d5-92db-bd3f3e2346fa-140570339516416","trial_id":13,"user_attr":{"train_loss_epoch_1":5.6763261642559435}}
{"op_code":7,"worker_id":"d8ceb280-7922-46ea-8044-e852b1c90305-140592319004672","trial_id":12,"step":4,"intermediate_value":82.31588517884634}
{"op_code":8,"worker_id":"d8ceb280-7922-46ea-8044-e852b1c90305-140592319004672","trial_id":12,"user_attr":{"train_loss_epoch_4":5.864577346377903}}
{"op_code":6,"worker_id":"d8ceb280-7922-46ea-8044-e852b1c90305-140592319004672","trial_id":12,"state":1,"values":[82.31588517884634],"datetime_complete":"2026-04-28T19:32:30.121723"}
{"op_code":4,"worker_id":"d8ceb280-7922-46ea-8044-e852b1c90305-140592319004672","study_id":0,"datetime_start":"2026-04-28T19:32:30.123436"}
{"op_code":5,"worker_id":"d8ceb280-7922-46ea-8044-e852b1c90305-140592319004672","trial_id":14,"param_name":"learning_rate","param_value_internal":0.0035566393043104426,"distribution":"{\"name\": \"FloatDistribution\", \"attributes\": {\"step\": null, \"low\": 0.0001, \"high\": 0.05, \"log\": true}}"}
{"op_code":5,"worker_id":"d8ceb280-7922-46ea-8044-e852b1c90305-140592319004672","trial_id":14,"param_name":"transfer_lr","param_value_internal":0.0992805653914574,"distribution":"{\"name\": \"FloatDistribution\", \"attributes\": {\"step\": null, \"low\": 0.009, \"high\": 5.0, \"log\": true}}"}
{"op_code":5,"worker_id":"d8ceb280-7922-46ea-8044-e852b1c90305-140592319004672","trial_id":14,"param_name":"transfer_every","param_value_internal":1.0,"distribution":"{\"name\": \"IntDistribution\", \"attributes\": {\"log\": true, \"step\": 1, \"low\": 1, \"high\": 20}}"}
{"op_code":5,"worker_id":"d8ceb280-7922-46ea-8044-e852b1c90305-140592319004672","trial_id":14,"param_name":"rank_exp","param_value_internal":5.0,"distribution":"{\"name\": \"IntDistribution\", \"attributes\": {\"log\": false, \"step\": 1, \"low\": 5, \"high\": 5}}"}
{"op_code":5,"worker_id":"d8ceb280-7922-46ea-8044-e852b1c90305-140592319004672","trial_id":14,"param_name":"fast_lr","param_value_internal":0.4781720099366179,"distribution":"{\"name\": \"FloatDistribution\", \"attributes\": {\"step\": null, \"low\": 0.01, \"high\": 5.0, \"log\": true}}"}
{"op_code":5,"worker_id":"d8ceb280-7922-46ea-8044-e852b1c90305-140592319004672","trial_id":14,"param_name":"tau_sec","param_value_internal":0.0,"distribution":"{\"name\": \"FloatDistribution\", \"attributes\": {\"step\": null, \"low\": 0.0, \"high\": 0.0, \"log\": false}}"}
{"op_code":5,"worker_id":"d8ceb280-7922-46ea-8044-e852b1c90305-140592319004672","trial_id":14,"param_name":"ab_dw_min","param_value_internal":0.0004883,"distribution":"{\"name\": \"FloatDistribution\", \"attributes\": {\"step\": null, \"low\": 0.0004883, \"high\": 0.0004883, \"log\": true}}"}
{"op_code":5,"worker_id":"d8ceb280-7922-46ea-8044-e852b1c90305-140592319004672","trial_id":14,"param_name":"ab_desired_bl","param_value_internal":31.0,"distribution":"{\"name\": \"IntDistribution\", \"attributes\": {\"log\": false, \"step\": 1, \"low\": 31, \"high\": 31}}"}
{"op_code":5,"worker_id":"d8ceb280-7922-46ea-8044-e852b1c90305-140592319004672","trial_id":14,"param_name":"c_dw_min","param_value_internal":0.001953,"distribution":"{\"name\": \"FloatDistribution\", \"attributes\": {\"step\": null, \"low\": 0.001953, \"high\": 0.001953, \"log\": true}}"}
{"op_code":5,"worker_id":"d8ceb280-7922-46ea-8044-e852b1c90305-140592319004672","trial_id":14,"param_name":"c_desired_bl","param_value_internal":31.0,"distribution":"{\"name\": \"IntDistribution\", \"attributes\": {\"log\": false, \"step\": 1, \"low\": 31, \"high\": 31}}"}
{"op_code":5,"worker_id":"d8ceb280-7922-46ea-8044-e852b1c90305-140592319004672","trial_id":14,"param_name":"out_noise","param_value_internal":0.0,"distribution":"{\"name\": \"FloatDistribution\", \"attributes\": {\"step\": null, \"low\": 0.0, \"high\": 0.0, \"log\": false}}"}
{"op_code":5,"worker_id":"d8ceb280-7922-46ea-8044-e852b1c90305-140592319004672","trial_id":14,"param_name":"ab_weight_scaling_omega","param_value_internal":0.0,"distribution":"{\"name\": \"FloatDistribution\", \"attributes\": {\"step\": null, \"low\": 0.0, \"high\": 0.0, \"log\": false}}"}
{"op_code":5,"worker_id":"d8ceb280-7922-46ea-8044-e852b1c90305-140592319004672","trial_id":14,"param_name":"min_lr_rate","param_value_internal":0.0,"distribution":"{\"name\": \"FloatDistribution\", \"attributes\": {\"step\": null, \"low\": 0.0, \"high\": 0.0, \"log\": false}}"}
{"op_code":8,"worker_id":"d8ceb280-7922-46ea-8044-e852b1c90305-140592319004672","trial_id":14,"user_attr":{"grad_accum_steps":1}}
{"op_code":8,"worker_id":"d8ceb280-7922-46ea-8044-e852b1c90305-140592319004672","trial_id":14,"user_attr":{"error":"CUDA_CALL Error 'out of memory' at cuda_util.cu:978\n"}}
{"op_code":6,"worker_id":"d8ceb280-7922-46ea-8044-e852b1c90305-140592319004672","trial_id":14,"state":3,"values":null,"datetime_complete":"2026-04-28T19:32:48.928000"}
{"op_code":0,"worker_id":"a02514d9-ce5a-488b-8de6-c34de040a484-140426512519168","study_name":"bert_squad_lrtt_bs48_adam_decay_nowd_nomom_nonest_onehot_a6t1c_bconstantstep6t1cgamma_cconstantstepideal_perfect_noos_qkvo_5ep","directions":[2]}
{"op_code":4,"worker_id":"a02514d9-ce5a-488b-8de6-c34de040a484-140426512519168","study_id":0,"datetime_start":null,"state":4,"value":null,"values":null,"distributions":{},"params":{},"user_attrs":{},"system_attrs":{"fixed_params":{"learning_rate":0.0035566393043104426,"transfer_lr":0.0992805653914574,"transfer_every":1,"rank_exp":5,"fast_lr":0.4781720099366179,"tau_sec":0.0,"ab_dw_min":0.0004883,"ab_desired_bl":31,"c_dw_min":0.001953,"c_desired_bl":31,"out_noise":0.0,"ab_weight_scaling_omega":0.0,"min_lr_rate":0.0}},"intermediate_values":{}}
{"op_code":6,"worker_id":"a02514d9-ce5a-488b-8de6-c34de040a484-140426512519168","trial_id":15,"state":0,"values":null,"datetime_start":"2026-04-28T19:33:00.656246"}
{"op_code":5,"worker_id":"a02514d9-ce5a-488b-8de6-c34de040a484-140426512519168","trial_id":15,"param_name":"learning_rate","param_value_internal":0.0035566393043104426,"distribution":"{\"name\": \"FloatDistribution\", \"attributes\": {\"step\": null, \"low\": 0.0001, \"high\": 0.05, \"log\": true}}"}
{"op_code":5,"worker_id":"a02514d9-ce5a-488b-8de6-c34de040a484-140426512519168","trial_id":15,"param_name":"transfer_lr","param_value_internal":0.0992805653914574,"distribution":"{\"name\": \"FloatDistribution\", \"attributes\": {\"step\": null, \"low\": 0.009, \"high\": 5.0, \"log\": true}}"}
{"op_code":5,"worker_id":"a02514d9-ce5a-488b-8de6-c34de040a484-140426512519168","trial_id":15,"param_name":"transfer_every","param_value_internal":1.0,"distribution":"{\"name\": \"IntDistribution\", \"attributes\": {\"log\": true, \"step\": 1, \"low\": 1, \"high\": 20}}"}
{"op_code":5,"worker_id":"a02514d9-ce5a-488b-8de6-c34de040a484-140426512519168","trial_id":15,"param_name":"rank_exp","param_value_internal":5.0,"distribution":"{\"name\": \"IntDistribution\", \"attributes\": {\"log\": false, \"step\": 1, \"low\": 5, \"high\": 5}}"}
{"op_code":5,"worker_id":"a02514d9-ce5a-488b-8de6-c34de040a484-140426512519168","trial_id":15,"param_name":"fast_lr","param_value_internal":0.4781720099366179,"distribution":"{\"name\": \"FloatDistribution\", \"attributes\": {\"step\": null, \"low\": 0.01, \"high\": 5.0, \"log\": true}}"}
{"op_code":5,"worker_id":"a02514d9-ce5a-488b-8de6-c34de040a484-140426512519168","trial_id":15,"param_name":"tau_sec","param_value_internal":0.0,"distribution":"{\"name\": \"FloatDistribution\", \"attributes\": {\"step\": null, \"low\": 0.0, \"high\": 0.0, \"log\": false}}"}
{"op_code":5,"worker_id":"a02514d9-ce5a-488b-8de6-c34de040a484-140426512519168","trial_id":15,"param_name":"ab_dw_min","param_value_internal":0.0004883,"distribution":"{\"name\": \"FloatDistribution\", \"attributes\": {\"step\": null, \"low\": 0.0004883, \"high\": 0.0004883, \"log\": true}}"}
{"op_code":5,"worker_id":"a02514d9-ce5a-488b-8de6-c34de040a484-140426512519168","trial_id":15,"param_name":"ab_desired_bl","param_value_internal":31.0,"distribution":"{\"name\": \"IntDistribution\", \"attributes\": {\"log\": false, \"step\": 1, \"low\": 31, \"high\": 31}}"}
{"op_code":5,"worker_id":"a02514d9-ce5a-488b-8de6-c34de040a484-140426512519168","trial_id":15,"param_name":"c_dw_min","param_value_internal":0.001953,"distribution":"{\"name\": \"FloatDistribution\", \"attributes\": {\"step\": null, \"low\": 0.001953, \"high\": 0.001953, \"log\": true}}"}
{"op_code":5,"worker_id":"a02514d9-ce5a-488b-8de6-c34de040a484-140426512519168","trial_id":15,"param_name":"c_desired_bl","param_value_internal":31.0,"distribution":"{\"name\": \"IntDistribution\", \"attributes\": {\"log\": false, \"step\": 1, \"low\": 31, \"high\": 31}}"}
{"op_code":5,"worker_id":"a02514d9-ce5a-488b-8de6-c34de040a484-140426512519168","trial_id":15,"param_name":"out_noise","param_value_internal":0.0,"distribution":"{\"name\": \"FloatDistribution\", \"attributes\": {\"step\": null, \"low\": 0.0, \"high\": 0.0, \"log\": false}}"}
{"op_code":5,"worker_id":"a02514d9-ce5a-488b-8de6-c34de040a484-140426512519168","trial_id":15,"param_name":"ab_weight_scaling_omega","param_value_internal":0.0,"distribution":"{\"name\": \"FloatDistribution\", \"attributes\": {\"step\": null, \"low\": 0.0, \"high\": 0.0, \"log\": false}}"}
{"op_code":5,"worker_id":"a02514d9-ce5a-488b-8de6-c34de040a484-140426512519168","trial_id":15,"param_name":"min_lr_rate","param_value_internal":0.0,"distribution":"{\"name\": \"FloatDistribution\", \"attributes\": {\"step\": null, \"low\": 0.0, \"high\": 0.0, \"log\": false}}"}
{"op_code":8,"worker_id":"a02514d9-ce5a-488b-8de6-c34de040a484-140426512519168","trial_id":15,"user_attr":{"grad_accum_steps":2}}
{"op_code":7,"worker_id":"5fba12d5-fc5b-47d5-92db-bd3f3e2346fa-140570339516416","trial_id":13,"step":2,"intermediate_value":3.6033965552993132}
{"op_code":8,"worker_id":"5fba12d5-fc5b-47d5-92db-bd3f3e2346fa-140570339516416","trial_id":13,"user_attr":{"train_loss_epoch_2":5.859291411092288}}
{"op_code":6,"worker_id":"5fba12d5-fc5b-47d5-92db-bd3f3e2346fa-140570339516416","trial_id":13,"state":1,"values":[3.6033965552993132],"datetime_complete":"2026-04-28T19:52:52.289665"}
{"op_code":4,"worker_id":"5fba12d5-fc5b-47d5-92db-bd3f3e2346fa-140570339516416","study_id":0,"datetime_start":"2026-04-28T19:52:52.291394"}
{"op_code":5,"worker_id":"5fba12d5-fc5b-47d5-92db-bd3f3e2346fa-140570339516416","trial_id":16,"param_name":"learning_rate","param_value_internal":0.008307953959342147,"distribution":"{\"name\": \"FloatDistribution\", \"attributes\": {\"step\": null, \"low\": 0.0001, \"high\": 0.05, \"log\": true}}"}
{"op_code":5,"worker_id":"5fba12d5-fc5b-47d5-92db-bd3f3e2346fa-140570339516416","trial_id":16,"param_name":"transfer_lr","param_value_internal":4.34896158989109,"distribution":"{\"name\": \"FloatDistribution\", \"attributes\": {\"step\": null, \"low\": 0.009, \"high\": 5.0, \"log\": true}}"}
{"op_code":5,"worker_id":"5fba12d5-fc5b-47d5-92db-bd3f3e2346fa-140570339516416","trial_id":16,"param_name":"transfer_every","param_value_internal":1.0,"distribution":"{\"name\": \"IntDistribution\", \"attributes\": {\"log\": true, \"step\": 1, \"low\": 1, \"high\": 20}}"}
{"op_code":5,"worker_id":"5fba12d5-fc5b-47d5-92db-bd3f3e2346fa-140570339516416","trial_id":16,"param_name":"rank_exp","param_value_internal":5.0,"distribution":"{\"name\": \"IntDistribution\", \"attributes\": {\"log\": false, \"step\": 1, \"low\": 5, \"high\": 5}}"}
{"op_code":5,"worker_id":"5fba12d5-fc5b-47d5-92db-bd3f3e2346fa-140570339516416","trial_id":16,"param_name":"fast_lr","param_value_internal":0.031165588897459125,"distribution":"{\"name\": \"FloatDistribution\", \"attributes\": {\"step\": null, \"low\": 0.01, \"high\": 5.0, \"log\": true}}"}
{"op_code":5,"worker_id":"5fba12d5-fc5b-47d5-92db-bd3f3e2346fa-140570339516416","trial_id":16,"param_name":"tau_sec","param_value_internal":0.0,"distribution":"{\"name\": \"FloatDistribution\", \"attributes\": {\"step\": null, \"low\": 0.0, \"high\": 0.0, \"log\": false}}"}
{"op_code":5,"worker_id":"5fba12d5-fc5b-47d5-92db-bd3f3e2346fa-140570339516416","trial_id":16,"param_name":"ab_dw_min","param_value_internal":0.0004883,"distribution":"{\"name\": \"FloatDistribution\", \"attributes\": {\"step\": null, \"low\": 0.0004883, \"high\": 0.0004883, \"log\": true}}"}
{"op_code":5,"worker_id":"5fba12d5-fc5b-47d5-92db-bd3f3e2346fa-140570339516416","trial_id":16,"param_name":"ab_desired_bl","param_value_internal":31.0,"distribution":"{\"name\": \"IntDistribution\", \"attributes\": {\"log\": false, \"step\": 1, \"low\": 31, \"high\": 31}}"}
{"op_code":5,"worker_id":"5fba12d5-fc5b-47d5-92db-bd3f3e2346fa-140570339516416","trial_id":16,"param_name":"c_dw_min","param_value_internal":0.001953,"distribution":"{\"name\": \"FloatDistribution\", \"attributes\": {\"step\": null, \"low\": 0.001953, \"high\": 0.001953, \"log\": true}}"}
{"op_code":5,"worker_id":"5fba12d5-fc5b-47d5-92db-bd3f3e2346fa-140570339516416","trial_id":16,"param_name":"c_desired_bl","param_value_internal":31.0,"distribution":"{\"name\": \"IntDistribution\", \"attributes\": {\"log\": false, \"step\": 1, \"low\": 31, \"high\": 31}}"}
{"op_code":5,"worker_id":"5fba12d5-fc5b-47d5-92db-bd3f3e2346fa-140570339516416","trial_id":16,"param_name":"out_noise","param_value_internal":0.0,"distribution":"{\"name\": \"FloatDistribution\", \"attributes\": {\"step\": null, \"low\": 0.0, \"high\": 0.0, \"log\": false}}"}
{"op_code":5,"worker_id":"5fba12d5-fc5b-47d5-92db-bd3f3e2346fa-140570339516416","trial_id":16,"param_name":"ab_weight_scaling_omega","param_value_internal":0.0,"distribution":"{\"name\": \"FloatDistribution\", \"attributes\": {\"step\": null, \"low\": 0.0, \"high\": 0.0, \"log\": false}}"}
{"op_code":5,"worker_id":"5fba12d5-fc5b-47d5-92db-bd3f3e2346fa-140570339516416","trial_id":16,"param_name":"min_lr_rate","param_value_internal":0.0,"distribution":"{\"name\": \"FloatDistribution\", \"attributes\": {\"step\": null, \"low\": 0.0, \"high\": 0.0, \"log\": false}}"}
{"op_code":8,"worker_id":"5fba12d5-fc5b-47d5-92db-bd3f3e2346fa-140570339516416","trial_id":16,"user_attr":{"grad_accum_steps":1}}
{"op_code":8,"worker_id":"5fba12d5-fc5b-47d5-92db-bd3f3e2346fa-140570339516416","trial_id":16,"user_attr":{"error":"CUDA_CALL Error 'out of memory' at cuda_util.cu:978\n"}}
{"op_code":6,"worker_id":"5fba12d5-fc5b-47d5-92db-bd3f3e2346fa-140570339516416","trial_id":16,"state":3,"values":null,"datetime_complete":"2026-04-28T19:53:13.263565"}
{"op_code":0,"worker_id":"2eba64ce-5632-4e2b-b0e7-8129ff49b367-140360410873856","study_name":"bert_squad_lrtt_bs48_adam_decay_nowd_nomom_nonest_onehot_a6t1c_bconstantstep6t1cgamma_cconstantstepideal_perfect_noos_qkvo_5ep","directions":[2]}
{"op_code":4,"worker_id":"2eba64ce-5632-4e2b-b0e7-8129ff49b367-140360410873856","study_id":0,"datetime_start":null,"state":4,"value":null,"values":null,"distributions":{},"params":{},"user_attrs":{},"system_attrs":{"fixed_params":{"learning_rate":0.008307953959342147,"transfer_lr":4.34896158989109,"transfer_every":1,"rank_exp":5,"fast_lr":0.031165588897459125,"tau_sec":0.0,"ab_dw_min":0.0004883,"ab_desired_bl":31,"c_dw_min":0.001953,"c_desired_bl":31,"out_noise":0.0,"ab_weight_scaling_omega":0.0,"min_lr_rate":0.0}},"intermediate_values":{}}
{"op_code":6,"worker_id":"2eba64ce-5632-4e2b-b0e7-8129ff49b367-140360410873856","trial_id":17,"state":0,"values":null,"datetime_start":"2026-04-28T19:53:26.618312"}
{"op_code":5,"worker_id":"2eba64ce-5632-4e2b-b0e7-8129ff49b367-140360410873856","trial_id":17,"param_name":"learning_rate","param_value_internal":0.008307953959342147,"distribution":"{\"name\": \"FloatDistribution\", \"attributes\": {\"step\": null, \"low\": 0.0001, \"high\": 0.05, \"log\": true}}"}
{"op_code":5,"worker_id":"2eba64ce-5632-4e2b-b0e7-8129ff49b367-140360410873856","trial_id":17,"param_name":"transfer_lr","param_value_internal":4.34896158989109,"distribution":"{\"name\": \"FloatDistribution\", \"attributes\": {\"step\": null, \"low\": 0.009, \"high\": 5.0, \"log\": true}}"}
{"op_code":5,"worker_id":"2eba64ce-5632-4e2b-b0e7-8129ff49b367-140360410873856","trial_id":17,"param_name":"transfer_every","param_value_internal":1.0,"distribution":"{\"name\": \"IntDistribution\", \"attributes\": {\"log\": true, \"step\": 1, \"low\": 1, \"high\": 20}}"}
{"op_code":5,"worker_id":"2eba64ce-5632-4e2b-b0e7-8129ff49b367-140360410873856","trial_id":17,"param_name":"rank_exp","param_value_internal":5.0,"distribution":"{\"name\": \"IntDistribution\", \"attributes\": {\"log\": false, \"step\": 1, \"low\": 5, \"high\": 5}}"}
{"op_code":5,"worker_id":"2eba64ce-5632-4e2b-b0e7-8129ff49b367-140360410873856","trial_id":17,"param_name":"fast_lr","param_value_internal":0.031165588897459125,"distribution":"{\"name\": \"FloatDistribution\", \"attributes\": {\"step\": null, \"low\": 0.01, \"high\": 5.0, \"log\": true}}"}
{"op_code":5,"worker_id":"2eba64ce-5632-4e2b-b0e7-8129ff49b367-140360410873856","trial_id":17,"param_name":"tau_sec","param_value_internal":0.0,"distribution":"{\"name\": \"FloatDistribution\", \"attributes\": {\"step\": null, \"low\": 0.0, \"high\": 0.0, \"log\": false}}"}
{"op_code":5,"worker_id":"2eba64ce-5632-4e2b-b0e7-8129ff49b367-140360410873856","trial_id":17,"param_name":"ab_dw_min","param_value_internal":0.0004883,"distribution":"{\"name\": \"FloatDistribution\", \"attributes\": {\"step\": null, \"low\": 0.0004883, \"high\": 0.0004883, \"log\": true}}"}
{"op_code":5,"worker_id":"2eba64ce-5632-4e2b-b0e7-8129ff49b367-140360410873856","trial_id":17,"param_name":"ab_desired_bl","param_value_internal":31.0,"distribution":"{\"name\": \"IntDistribution\", \"attributes\": {\"log\": false, \"step\": 1, \"low\": 31, \"high\": 31}}"}
{"op_code":5,"worker_id":"2eba64ce-5632-4e2b-b0e7-8129ff49b367-140360410873856","trial_id":17,"param_name":"c_dw_min","param_value_internal":0.001953,"distribution":"{\"name\": \"FloatDistribution\", \"attributes\": {\"step\": null, \"low\": 0.001953, \"high\": 0.001953, \"log\": true}}"}
{"op_code":5,"worker_id":"2eba64ce-5632-4e2b-b0e7-8129ff49b367-140360410873856","trial_id":17,"param_name":"c_desired_bl","param_value_internal":31.0,"distribution":"{\"name\": \"IntDistribution\", \"attributes\": {\"log\": false, \"step\": 1, \"low\": 31, \"high\": 31}}"}
{"op_code":5,"worker_id":"2eba64ce-5632-4e2b-b0e7-8129ff49b367-140360410873856","trial_id":17,"param_name":"out_noise","param_value_internal":0.0,"distribution":"{\"name\": \"FloatDistribution\", \"attributes\": {\"step\": null, \"low\": 0.0, \"high\": 0.0, \"log\": false}}"}
{"op_code":5,"worker_id":"2eba64ce-5632-4e2b-b0e7-8129ff49b367-140360410873856","trial_id":17,"param_name":"ab_weight_scaling_omega","param_value_internal":0.0,"distribution":"{\"name\": \"FloatDistribution\", \"attributes\": {\"step\": null, \"low\": 0.0, \"high\": 0.0, \"log\": false}}"}
{"op_code":5,"worker_id":"2eba64ce-5632-4e2b-b0e7-8129ff49b367-140360410873856","trial_id":17,"param_name":"min_lr_rate","param_value_internal":0.0,"distribution":"{\"name\": \"FloatDistribution\", \"attributes\": {\"step\": null, \"low\": 0.0, \"high\": 0.0, \"log\": false}}"}
{"op_code":8,"worker_id":"2eba64ce-5632-4e2b-b0e7-8129ff49b367-140360410873856","trial_id":17,"user_attr":{"grad_accum_steps":2}}
{"op_code":7,"worker_id":"a02514d9-ce5a-488b-8de6-c34de040a484-140426512519168","trial_id":15,"step":1,"intermediate_value":80.13703843385497}
{"op_code":8,"worker_id":"a02514d9-ce5a-488b-8de6-c34de040a484-140426512519168","trial_id":15,"user_attr":{"train_loss_epoch_1":1.9428830814251703}}
{"op_code":7,"worker_id":"2eba64ce-5632-4e2b-b0e7-8129ff49b367-140360410873856","trial_id":17,"step":1,"intermediate_value":3.1018366352158964}
{"op_code":8,"worker_id":"2eba64ce-5632-4e2b-b0e7-8129ff49b367-140360410873856","trial_id":17,"user_attr":{"train_loss_epoch_1":3.8844711543357477}}
{"op_code":7,"worker_id":"a02514d9-ce5a-488b-8de6-c34de040a484-140426512519168","trial_id":15,"step":2,"intermediate_value":82.1418953156736}
{"op_code":8,"worker_id":"a02514d9-ce5a-488b-8de6-c34de040a484-140426512519168","trial_id":15,"user_attr":{"train_loss_epoch_2":1.33853279985235}}
{"op_code":7,"worker_id":"2eba64ce-5632-4e2b-b0e7-8129ff49b367-140360410873856","trial_id":17,"step":2,"intermediate_value":3.280015229304281}
{"op_code":8,"worker_id":"2eba64ce-5632-4e2b-b0e7-8129ff49b367-140360410873856","trial_id":17,"user_attr":{"train_loss_epoch_2":4.952320973961681}}
{"op_code":6,"worker_id":"2eba64ce-5632-4e2b-b0e7-8129ff49b367-140360410873856","trial_id":17,"state":1,"values":[3.280015229304281],"datetime_complete":"2026-04-28T20:47:04.619738"}
{"op_code":0,"worker_id":"6fde025d-cc97-4cb7-b920-9632c57bbfc0-139695273312256","study_name":"bert_squad_lrtt_bs48_adam_decay_nowd_nomom_nonest_onehot_a6t1c_bconstantstep6t1cgamma_cconstantstepideal_perfect_noos_qkvo_5ep","directions":[2]}
{"op_code":4,"worker_id":"6fde025d-cc97-4cb7-b920-9632c57bbfc0-139695273312256","study_id":0,"datetime_start":"2026-04-28T20:47:15.145494"}
{"op_code":5,"worker_id":"6fde025d-cc97-4cb7-b920-9632c57bbfc0-139695273312256","trial_id":18,"param_name":"learning_rate","param_value_internal":0.0006803697713994425,"distribution":"{\"name\": \"FloatDistribution\", \"attributes\": {\"step\": null, \"low\": 0.0001, \"high\": 0.05, \"log\": true}}"}
{"op_code":5,"worker_id":"6fde025d-cc97-4cb7-b920-9632c57bbfc0-139695273312256","trial_id":18,"param_name":"transfer_lr","param_value_internal":0.10726065098947973,"distribution":"{\"name\": \"FloatDistribution\", \"attributes\": {\"step\": null, \"low\": 0.009, \"high\": 5.0, \"log\": true}}"}
{"op_code":5,"worker_id":"6fde025d-cc97-4cb7-b920-9632c57bbfc0-139695273312256","trial_id":18,"param_name":"transfer_every","param_value_internal":1.0,"distribution":"{\"name\": \"IntDistribution\", \"attributes\": {\"log\": true, \"step\": 1, \"low\": 1, \"high\": 20}}"}
{"op_code":5,"worker_id":"6fde025d-cc97-4cb7-b920-9632c57bbfc0-139695273312256","trial_id":18,"param_name":"rank_exp","param_value_internal":5.0,"distribution":"{\"name\": \"IntDistribution\", \"attributes\": {\"log\": false, \"step\": 1, \"low\": 5, \"high\": 5}}"}
{"op_code":5,"worker_id":"6fde025d-cc97-4cb7-b920-9632c57bbfc0-139695273312256","trial_id":18,"param_name":"fast_lr","param_value_internal":0.14754168071524956,"distribution":"{\"name\": \"FloatDistribution\", \"attributes\": {\"step\": null, \"low\": 0.01, \"high\": 5.0, \"log\": true}}"}
{"op_code":5,"worker_id":"6fde025d-cc97-4cb7-b920-9632c57bbfc0-139695273312256","trial_id":18,"param_name":"tau_sec","param_value_internal":0.0,"distribution":"{\"name\": \"FloatDistribution\", \"attributes\": {\"step\": null, \"low\": 0.0, \"high\": 0.0, \"log\": false}}"}
{"op_code":5,"worker_id":"6fde025d-cc97-4cb7-b920-9632c57bbfc0-139695273312256","trial_id":18,"param_name":"ab_dw_min","param_value_internal":0.0004883,"distribution":"{\"name\": \"FloatDistribution\", \"attributes\": {\"step\": null, \"low\": 0.0004883, \"high\": 0.0004883, \"log\": true}}"}
{"op_code":5,"worker_id":"6fde025d-cc97-4cb7-b920-9632c57bbfc0-139695273312256","trial_id":18,"param_name":"ab_desired_bl","param_value_internal":31.0,"distribution":"{\"name\": \"IntDistribution\", \"attributes\": {\"log\": false, \"step\": 1, \"low\": 31, \"high\": 31}}"}
{"op_code":5,"worker_id":"6fde025d-cc97-4cb7-b920-9632c57bbfc0-139695273312256","trial_id":18,"param_name":"c_dw_min","param_value_internal":0.001953,"distribution":"{\"name\": \"FloatDistribution\", \"attributes\": {\"step\": null, \"low\": 0.001953, \"high\": 0.001953, \"log\": true}}"}
{"op_code":5,"worker_id":"6fde025d-cc97-4cb7-b920-9632c57bbfc0-139695273312256","trial_id":18,"param_name":"c_desired_bl","param_value_internal":31.0,"distribution":"{\"name\": \"IntDistribution\", \"attributes\": {\"log\": false, \"step\": 1, \"low\": 31, \"high\": 31}}"}
{"op_code":5,"worker_id":"6fde025d-cc97-4cb7-b920-9632c57bbfc0-139695273312256","trial_id":18,"param_name":"out_noise","param_value_internal":0.0,"distribution":"{\"name\": \"FloatDistribution\", \"attributes\": {\"step\": null, \"low\": 0.0, \"high\": 0.0, \"log\": false}}"}
{"op_code":5,"worker_id":"6fde025d-cc97-4cb7-b920-9632c57bbfc0-139695273312256","trial_id":18,"param_name":"ab_weight_scaling_omega","param_value_internal":0.0,"distribution":"{\"name\": \"FloatDistribution\", \"attributes\": {\"step\": null, \"low\": 0.0, \"high\": 0.0, \"log\": false}}"}
{"op_code":5,"worker_id":"6fde025d-cc97-4cb7-b920-9632c57bbfc0-139695273312256","trial_id":18,"param_name":"min_lr_rate","param_value_internal":0.0,"distribution":"{\"name\": \"FloatDistribution\", \"attributes\": {\"step\": null, \"low\": 0.0, \"high\": 0.0, \"log\": false}}"}
{"op_code":8,"worker_id":"6fde025d-cc97-4cb7-b920-9632c57bbfc0-139695273312256","trial_id":18,"user_attr":{"grad_accum_steps":1}}
{"op_code":7,"worker_id":"a02514d9-ce5a-488b-8de6-c34de040a484-140426512519168","trial_id":15,"step":3,"intermediate_value":82.90611278799976}
{"op_code":8,"worker_id":"a02514d9-ce5a-488b-8de6-c34de040a484-140426512519168","trial_id":15,"user_attr":{"train_loss_epoch_3":1.2342379264438594}}
{"op_code":7,"worker_id":"6fde025d-cc97-4cb7-b920-9632c57bbfc0-139695273312256","trial_id":18,"step":1,"intermediate_value":74.87625650417733}
{"op_code":8,"worker_id":"6fde025d-cc97-4cb7-b920-9632c57bbfc0-139695273312256","trial_id":18,"user_attr":{"train_loss_epoch_1":2.4750756732170496}}
{"op_code":7,"worker_id":"a02514d9-ce5a-488b-8de6-c34de040a484-140426512519168","trial_id":15,"step":4,"intermediate_value":83.88594007140209}
{"op_code":8,"worker_id":"a02514d9-ce5a-488b-8de6-c34de040a484-140426512519168","trial_id":15,"user_attr":{"train_loss_epoch_4":1.1619917284944705}}
{"op_code":7,"worker_id":"6fde025d-cc97-4cb7-b920-9632c57bbfc0-139695273312256","trial_id":18,"step":2,"intermediate_value":79.46822747162305}
{"op_code":8,"worker_id":"6fde025d-cc97-4cb7-b920-9632c57bbfc0-139695273312256","trial_id":18,"user_attr":{"train_loss_epoch_2":1.5154205411753356}}
{"op_code":7,"worker_id":"a02514d9-ce5a-488b-8de6-c34de040a484-140426512519168","trial_id":15,"step":5,"intermediate_value":84.28339230230387}
{"op_code":8,"worker_id":"a02514d9-ce5a-488b-8de6-c34de040a484-140426512519168","trial_id":15,"user_attr":{"train_loss_epoch_5":1.110191423893298}}
{"op_code":6,"worker_id":"a02514d9-ce5a-488b-8de6-c34de040a484-140426512519168","trial_id":15,"state":1,"values":[84.28339230230387],"datetime_complete":"2026-04-28T21:50:55.149537"}
{"op_code":0,"worker_id":"f7c1b13a-1eca-4375-bf79-8e6b41cb59f5-139958983168000","study_name":"bert_squad_lrtt_bs48_adam_decay_nowd_nomom_nonest_onehot_a6t1c_bconstantstep6t1cgamma_cconstantstepideal_perfect_noos_qkvo_5ep","directions":[2]}
{"op_code":4,"worker_id":"f7c1b13a-1eca-4375-bf79-8e6b41cb59f5-139958983168000","study_id":0,"datetime_start":"2026-04-28T21:51:05.996587"}
{"op_code":5,"worker_id":"f7c1b13a-1eca-4375-bf79-8e6b41cb59f5-139958983168000","trial_id":19,"param_name":"learning_rate","param_value_internal":0.02116486905500339,"distribution":"{\"name\": \"FloatDistribution\", \"attributes\": {\"step\": null, \"low\": 0.0001, \"high\": 0.05, \"log\": true}}"}
{"op_code":5,"worker_id":"f7c1b13a-1eca-4375-bf79-8e6b41cb59f5-139958983168000","trial_id":19,"param_name":"transfer_lr","param_value_internal":0.12276492413776871,"distribution":"{\"name\": \"FloatDistribution\", \"attributes\": {\"step\": null, \"low\": 0.009, \"high\": 5.0, \"log\": true}}"}
{"op_code":5,"worker_id":"f7c1b13a-1eca-4375-bf79-8e6b41cb59f5-139958983168000","trial_id":19,"param_name":"transfer_every","param_value_internal":2.0,"distribution":"{\"name\": \"IntDistribution\", \"attributes\": {\"log\": true, \"step\": 1, \"low\": 1, \"high\": 20}}"}
{"op_code":5,"worker_id":"f7c1b13a-1eca-4375-bf79-8e6b41cb59f5-139958983168000","trial_id":19,"param_name":"rank_exp","param_value_internal":5.0,"distribution":"{\"name\": \"IntDistribution\", \"attributes\": {\"log\": false, \"step\": 1, \"low\": 5, \"high\": 5}}"}
{"op_code":5,"worker_id":"f7c1b13a-1eca-4375-bf79-8e6b41cb59f5-139958983168000","trial_id":19,"param_name":"fast_lr","param_value_internal":0.13435033918833356,"distribution":"{\"name\": \"FloatDistribution\", \"attributes\": {\"step\": null, \"low\": 0.01, \"high\": 5.0, \"log\": true}}"}
{"op_code":5,"worker_id":"f7c1b13a-1eca-4375-bf79-8e6b41cb59f5-139958983168000","trial_id":19,"param_name":"tau_sec","param_value_internal":0.0,"distribution":"{\"name\": \"FloatDistribution\", \"attributes\": {\"step\": null, \"low\": 0.0, \"high\": 0.0, \"log\": false}}"}
{"op_code":5,"worker_id":"f7c1b13a-1eca-4375-bf79-8e6b41cb59f5-139958983168000","trial_id":19,"param_name":"ab_dw_min","param_value_internal":0.0004883,"distribution":"{\"name\": \"FloatDistribution\", \"attributes\": {\"step\": null, \"low\": 0.0004883, \"high\": 0.0004883, \"log\": true}}"}
{"op_code":5,"worker_id":"f7c1b13a-1eca-4375-bf79-8e6b41cb59f5-139958983168000","trial_id":19,"param_name":"ab_desired_bl","param_value_internal":31.0,"distribution":"{\"name\": \"IntDistribution\", \"attributes\": {\"log\": false, \"step\": 1, \"low\": 31, \"high\": 31}}"}
{"op_code":5,"worker_id":"f7c1b13a-1eca-4375-bf79-8e6b41cb59f5-139958983168000","trial_id":19,"param_name":"c_dw_min","param_value_internal":0.001953,"distribution":"{\"name\": \"FloatDistribution\", \"attributes\": {\"step\": null, \"low\": 0.001953, \"high\": 0.001953, \"log\": true}}"}
{"op_code":5,"worker_id":"f7c1b13a-1eca-4375-bf79-8e6b41cb59f5-139958983168000","trial_id":19,"param_name":"c_desired_bl","param_value_internal":31.0,"distribution":"{\"name\": \"IntDistribution\", \"attributes\": {\"log\": false, \"step\": 1, \"low\": 31, \"high\": 31}}"}
{"op_code":5,"worker_id":"f7c1b13a-1eca-4375-bf79-8e6b41cb59f5-139958983168000","trial_id":19,"param_name":"out_noise","param_value_internal":0.0,"distribution":"{\"name\": \"FloatDistribution\", \"attributes\": {\"step\": null, \"low\": 0.0, \"high\": 0.0, \"log\": false}}"}
{"op_code":5,"worker_id":"f7c1b13a-1eca-4375-bf79-8e6b41cb59f5-139958983168000","trial_id":19,"param_name":"ab_weight_scaling_omega","param_value_internal":0.0,"distribution":"{\"name\": \"FloatDistribution\", \"attributes\": {\"step\": null, \"low\": 0.0, \"high\": 0.0, \"log\": false}}"}
{"op_code":5,"worker_id":"f7c1b13a-1eca-4375-bf79-8e6b41cb59f5-139958983168000","trial_id":19,"param_name":"min_lr_rate","param_value_internal":0.0,"distribution":"{\"name\": \"FloatDistribution\", \"attributes\": {\"step\": null, \"low\": 0.0, \"high\": 0.0, \"log\": false}}"}
{"op_code":8,"worker_id":"f7c1b13a-1eca-4375-bf79-8e6b41cb59f5-139958983168000","trial_id":19,"user_attr":{"grad_accum_steps":1}}
{"op_code":7,"worker_id":"6fde025d-cc97-4cb7-b920-9632c57bbfc0-139695273312256","trial_id":18,"step":3,"intermediate_value":81.03720472601732}
{"op_code":8,"worker_id":"6fde025d-cc97-4cb7-b920-9632c57bbfc0-139695273312256","trial_id":18,"user_attr":{"train_loss_epoch_3":1.3827419621834587}}
{"op_code":7,"worker_id":"f7c1b13a-1eca-4375-bf79-8e6b41cb59f5-139958983168000","trial_id":19,"step":1,"intermediate_value":52.08141785411692}
{"op_code":8,"worker_id":"f7c1b13a-1eca-4375-bf79-8e6b41cb59f5-139958983168000","trial_id":19,"user_attr":{"train_loss_epoch_1":2.620188333930039}}
{"op_code":7,"worker_id":"6fde025d-cc97-4cb7-b920-9632c57bbfc0-139695273312256","trial_id":18,"step":4,"intermediate_value":81.6939171499534}
{"op_code":8,"worker_id":"6fde025d-cc97-4cb7-b920-9632c57bbfc0-139695273312256","trial_id":18,"user_attr":{"train_loss_epoch_4":1.3258165465460883}}
{"op_code":7,"worker_id":"f7c1b13a-1eca-4375-bf79-8e6b41cb59f5-139958983168000","trial_id":19,"step":2,"intermediate_value":52.08141785411692}
{"op_code":8,"worker_id":"f7c1b13a-1eca-4375-bf79-8e6b41cb59f5-139958983168000","trial_id":19,"user_attr":{"train_loss_epoch_2":3.9516795623593213}}
{"op_code":6,"worker_id":"f7c1b13a-1eca-4375-bf79-8e6b41cb59f5-139958983168000","trial_id":19,"state":1,"values":[52.08141785411692],"datetime_complete":"2026-04-28T22:35:38.028499"}
{"op_code":4,"worker_id":"f7c1b13a-1eca-4375-bf79-8e6b41cb59f5-139958983168000","study_id":0,"datetime_start":"2026-04-28T22:35:38.030208"}
{"op_code":5,"worker_id":"f7c1b13a-1eca-4375-bf79-8e6b41cb59f5-139958983168000","trial_id":20,"param_name":"learning_rate","param_value_internal":0.001149244909276342,"distribution":"{\"name\": \"FloatDistribution\", \"attributes\": {\"step\": null, \"low\": 0.0001, \"high\": 0.05, \"log\": true}}"}
{"op_code":5,"worker_id":"f7c1b13a-1eca-4375-bf79-8e6b41cb59f5-139958983168000","trial_id":20,"param_name":"transfer_lr","param_value_internal":0.11389753893679008,"distribution":"{\"name\": \"FloatDistribution\", \"attributes\": {\"step\": null, \"low\": 0.009, \"high\": 5.0, \"log\": true}}"}
{"op_code":5,"worker_id":"f7c1b13a-1eca-4375-bf79-8e6b41cb59f5-139958983168000","trial_id":20,"param_name":"transfer_every","param_value_internal":1.0,"distribution":"{\"name\": \"IntDistribution\", \"attributes\": {\"log\": true, \"step\": 1, \"low\": 1, \"high\": 20}}"}
{"op_code":5,"worker_id":"f7c1b13a-1eca-4375-bf79-8e6b41cb59f5-139958983168000","trial_id":20,"param_name":"rank_exp","param_value_internal":5.0,"distribution":"{\"name\": \"IntDistribution\", \"attributes\": {\"log\": false, \"step\": 1, \"low\": 5, \"high\": 5}}"}
{"op_code":5,"worker_id":"f7c1b13a-1eca-4375-bf79-8e6b41cb59f5-139958983168000","trial_id":20,"param_name":"fast_lr","param_value_internal":0.15292395214417698,"distribution":"{\"name\": \"FloatDistribution\", \"attributes\": {\"step\": null, \"low\": 0.01, \"high\": 5.0, \"log\": true}}"}
{"op_code":5,"worker_id":"f7c1b13a-1eca-4375-bf79-8e6b41cb59f5-139958983168000","trial_id":20,"param_name":"tau_sec","param_value_internal":0.0,"distribution":"{\"name\": \"FloatDistribution\", \"attributes\": {\"step\": null, \"low\": 0.0, \"high\": 0.0, \"log\": false}}"}
{"op_code":5,"worker_id":"f7c1b13a-1eca-4375-bf79-8e6b41cb59f5-139958983168000","trial_id":20,"param_name":"ab_dw_min","param_value_internal":0.0004883,"distribution":"{\"name\": \"FloatDistribution\", \"attributes\": {\"step\": null, \"low\": 0.0004883, \"high\": 0.0004883, \"log\": true}}"}
{"op_code":5,"worker_id":"f7c1b13a-1eca-4375-bf79-8e6b41cb59f5-139958983168000","trial_id":20,"param_name":"ab_desired_bl","param_value_internal":31.0,"distribution":"{\"name\": \"IntDistribution\", \"attributes\": {\"log\": false, \"step\": 1, \"low\": 31, \"high\": 31}}"}
{"op_code":5,"worker_id":"f7c1b13a-1eca-4375-bf79-8e6b41cb59f5-139958983168000","trial_id":20,"param_name":"c_dw_min","param_value_internal":0.001953,"distribution":"{\"name\": \"FloatDistribution\", \"attributes\": {\"step\": null, \"low\": 0.001953, \"high\": 0.001953, \"log\": true}}"}
{"op_code":5,"worker_id":"f7c1b13a-1eca-4375-bf79-8e6b41cb59f5-139958983168000","trial_id":20,"param_name":"c_desired_bl","param_value_internal":31.0,"distribution":"{\"name\": \"IntDistribution\", \"attributes\": {\"log\": false, \"step\": 1, \"low\": 31, \"high\": 31}}"}
{"op_code":5,"worker_id":"f7c1b13a-1eca-4375-bf79-8e6b41cb59f5-139958983168000","trial_id":20,"param_name":"out_noise","param_value_internal":0.0,"distribution":"{\"name\": \"FloatDistribution\", \"attributes\": {\"step\": null, \"low\": 0.0, \"high\": 0.0, \"log\": false}}"}
{"op_code":5,"worker_id":"f7c1b13a-1eca-4375-bf79-8e6b41cb59f5-139958983168000","trial_id":20,"param_name":"ab_weight_scaling_omega","param_value_internal":0.0,"distribution":"{\"name\": \"FloatDistribution\", \"attributes\": {\"step\": null, \"low\": 0.0, \"high\": 0.0, \"log\": false}}"}
{"op_code":5,"worker_id":"f7c1b13a-1eca-4375-bf79-8e6b41cb59f5-139958983168000","trial_id":20,"param_name":"min_lr_rate","param_value_internal":0.0,"distribution":"{\"name\": \"FloatDistribution\", \"attributes\": {\"step\": null, \"low\": 0.0, \"high\": 0.0, \"log\": false}}"}
{"op_code":8,"worker_id":"f7c1b13a-1eca-4375-bf79-8e6b41cb59f5-139958983168000","trial_id":20,"user_attr":{"grad_accum_steps":1}}
{"op_code":7,"worker_id":"6fde025d-cc97-4cb7-b920-9632c57bbfc0-139695273312256","trial_id":18,"step":5,"intermediate_value":81.99747063399151}
{"op_code":8,"worker_id":"6fde025d-cc97-4cb7-b920-9632c57bbfc0-139695273312256","trial_id":18,"user_attr":{"train_loss_epoch_5":1.2972459853826177}}
{"op_code":6,"worker_id":"6fde025d-cc97-4cb7-b920-9632c57bbfc0-139695273312256","trial_id":18,"state":1,"values":[81.99747063399151],"datetime_complete":"2026-04-28T22:49:39.829915"}
{"op_code":4,"worker_id":"6fde025d-cc97-4cb7-b920-9632c57bbfc0-139695273312256","study_id":0,"datetime_start":"2026-04-28T22:49:39.831469"}
{"op_code":5,"worker_id":"6fde025d-cc97-4cb7-b920-9632c57bbfc0-139695273312256","trial_id":21,"param_name":"learning_rate","param_value_internal":0.0009313973369042281,"distribution":"{\"name\": \"FloatDistribution\", \"attributes\": {\"step\": null, \"low\": 0.0001, \"high\": 0.05, \"log\": true}}"}
{"op_code":5,"worker_id":"6fde025d-cc97-4cb7-b920-9632c57bbfc0-139695273312256","trial_id":21,"param_name":"transfer_lr","param_value_internal":0.1893105070671898,"distribution":"{\"name\": \"FloatDistribution\", \"attributes\": {\"step\": null, \"low\": 0.009, \"high\": 5.0, \"log\": true}}"}
{"op_code":5,"worker_id":"6fde025d-cc97-4cb7-b920-9632c57bbfc0-139695273312256","trial_id":21,"param_name":"transfer_every","param_value_internal":8.0,"distribution":"{\"name\": \"IntDistribution\", \"attributes\": {\"log\": true, \"step\": 1, \"low\": 1, \"high\": 20}}"}
{"op_code":5,"worker_id":"6fde025d-cc97-4cb7-b920-9632c57bbfc0-139695273312256","trial_id":21,"param_name":"rank_exp","param_value_internal":5.0,"distribution":"{\"name\": \"IntDistribution\", \"attributes\": {\"log\": false, \"step\": 1, \"low\": 5, \"high\": 5}}"}
{"op_code":5,"worker_id":"6fde025d-cc97-4cb7-b920-9632c57bbfc0-139695273312256","trial_id":21,"param_name":"fast_lr","param_value_internal":0.20436099701765698,"distribution":"{\"name\": \"FloatDistribution\", \"attributes\": {\"step\": null, \"low\": 0.01, \"high\": 5.0, \"log\": true}}"}
{"op_code":5,"worker_id":"6fde025d-cc97-4cb7-b920-9632c57bbfc0-139695273312256","trial_id":21,"param_name":"tau_sec","param_value_internal":0.0,"distribution":"{\"name\": \"FloatDistribution\", \"attributes\": {\"step\": null, \"low\": 0.0, \"high\": 0.0, \"log\": false}}"}
{"op_code":5,"worker_id":"6fde025d-cc97-4cb7-b920-9632c57bbfc0-139695273312256","trial_id":21,"param_name":"ab_dw_min","param_value_internal":0.0004883,"distribution":"{\"name\": \"FloatDistribution\", \"attributes\": {\"step\": null, \"low\": 0.0004883, \"high\": 0.0004883, \"log\": true}}"}
{"op_code":5,"worker_id":"6fde025d-cc97-4cb7-b920-9632c57bbfc0-139695273312256","trial_id":21,"param_name":"ab_desired_bl","param_value_internal":31.0,"distribution":"{\"name\": \"IntDistribution\", \"attributes\": {\"log\": false, \"step\": 1, \"low\": 31, \"high\": 31}}"}
{"op_code":5,"worker_id":"6fde025d-cc97-4cb7-b920-9632c57bbfc0-139695273312256","trial_id":21,"param_name":"c_dw_min","param_value_internal":0.001953,"distribution":"{\"name\": \"FloatDistribution\", \"attributes\": {\"step\": null, \"low\": 0.001953, \"high\": 0.001953, \"log\": true}}"}
{"op_code":5,"worker_id":"6fde025d-cc97-4cb7-b920-9632c57bbfc0-139695273312256","trial_id":21,"param_name":"c_desired_bl","param_value_internal":31.0,"distribution":"{\"name\": \"IntDistribution\", \"attributes\": {\"log\": false, \"step\": 1, \"low\": 31, \"high\": 31}}"}
{"op_code":5,"worker_id":"6fde025d-cc97-4cb7-b920-9632c57bbfc0-139695273312256","trial_id":21,"param_name":"out_noise","param_value_internal":0.0,"distribution":"{\"name\": \"FloatDistribution\", \"attributes\": {\"step\": null, \"low\": 0.0, \"high\": 0.0, \"log\": false}}"}
{"op_code":5,"worker_id":"6fde025d-cc97-4cb7-b920-9632c57bbfc0-139695273312256","trial_id":21,"param_name":"ab_weight_scaling_omega","param_value_internal":0.0,"distribution":"{\"name\": \"FloatDistribution\", \"attributes\": {\"step\": null, \"low\": 0.0, \"high\": 0.0, \"log\": false}}"}
{"op_code":5,"worker_id":"6fde025d-cc97-4cb7-b920-9632c57bbfc0-139695273312256","trial_id":21,"param_name":"min_lr_rate","param_value_internal":0.0,"distribution":"{\"name\": \"FloatDistribution\", \"attributes\": {\"step\": null, \"low\": 0.0, \"high\": 0.0, \"log\": false}}"}
{"op_code":8,"worker_id":"6fde025d-cc97-4cb7-b920-9632c57bbfc0-139695273312256","trial_id":21,"user_attr":{"grad_accum_steps":1}}
{"op_code":7,"worker_id":"f7c1b13a-1eca-4375-bf79-8e6b41cb59f5-139958983168000","trial_id":20,"step":1,"intermediate_value":76.91778316662166}
{"op_code":8,"worker_id":"f7c1b13a-1eca-4375-bf79-8e6b41cb59f5-139958983168000","trial_id":20,"user_attr":{"train_loss_epoch_1":2.2826923623640685}}
{"op_code":7,"worker_id":"6fde025d-cc97-4cb7-b920-9632c57bbfc0-139695273312256","trial_id":21,"step":1,"intermediate_value":76.18150276778415}
{"op_code":8,"worker_id":"6fde025d-cc97-4cb7-b920-9632c57bbfc0-139695273312256","trial_id":21,"user_attr":{"train_loss_epoch_1":2.3383093916626803}}
{"op_code":7,"worker_id":"f7c1b13a-1eca-4375-bf79-8e6b41cb59f5-139958983168000","trial_id":20,"step":2,"intermediate_value":80.79119911005401}
{"op_code":8,"worker_id":"f7c1b13a-1eca-4375-bf79-8e6b41cb59f5-139958983168000","trial_id":20,"user_attr":{"train_loss_epoch_2":1.442470455266596}}
{"op_code":7,"worker_id":"6fde025d-cc97-4cb7-b920-9632c57bbfc0-139695273312256","trial_id":21,"step":2,"intermediate_value":79.03365049926698}
{"op_code":8,"worker_id":"6fde025d-cc97-4cb7-b920-9632c57bbfc0-139695273312256","trial_id":21,"user_attr":{"train_loss_epoch_2":1.5204741450829236}}
{"op_code":7,"worker_id":"6fde025d-cc97-4cb7-b920-9632c57bbfc0-139695273312256","trial_id":21,"step":3,"intermediate_value":80.12084802593428}
{"op_code":8,"worker_id":"6fde025d-cc97-4cb7-b920-9632c57bbfc0-139695273312256","trial_id":21,"user_attr":{"train_loss_epoch_3":1.4282407825878318}}
{"op_code":7,"worker_id":"f7c1b13a-1eca-4375-bf79-8e6b41cb59f5-139958983168000","trial_id":20,"step":3,"intermediate_value":82.10183869622969}
{"op_code":8,"worker_id":"f7c1b13a-1eca-4375-bf79-8e6b41cb59f5-139958983168000","trial_id":20,"user_attr":{"train_loss_epoch_3":1.324545593668775}}
{"op_code":7,"worker_id":"6fde025d-cc97-4cb7-b920-9632c57bbfc0-139695273312256","trial_id":21,"step":4,"intermediate_value":80.40471973968656}
{"op_code":8,"worker_id":"6fde025d-cc97-4cb7-b920-9632c57bbfc0-139695273312256","trial_id":21,"user_attr":{"train_loss_epoch_4":1.3832080595538545}}
{"op_code":7,"worker_id":"f7c1b13a-1eca-4375-bf79-8e6b41cb59f5-139958983168000","trial_id":20,"step":4,"intermediate_value":82.83578596662126}
{"op_code":8,"worker_id":"f7c1b13a-1eca-4375-bf79-8e6b41cb59f5-139958983168000","trial_id":20,"user_attr":{"train_loss_epoch_4":1.263079059188605}}
{"op_code":7,"worker_id":"6fde025d-cc97-4cb7-b920-9632c57bbfc0-139695273312256","trial_id":21,"step":5,"intermediate_value":80.52791466423064}
{"op_code":8,"worker_id":"6fde025d-cc97-4cb7-b920-9632c57bbfc0-139695273312256","trial_id":21,"user_attr":{"train_loss_epoch_5":1.3603968105342006}}
{"op_code":6,"worker_id":"6fde025d-cc97-4cb7-b920-9632c57bbfc0-139695273312256","trial_id":21,"state":1,"values":[80.52791466423064],"datetime_complete":"2026-04-29T00:25:42.170738"}
{"op_code":4,"worker_id":"6fde025d-cc97-4cb7-b920-9632c57bbfc0-139695273312256","study_id":0,"datetime_start":"2026-04-29T00:25:42.172598"}
{"op_code":5,"worker_id":"6fde025d-cc97-4cb7-b920-9632c57bbfc0-139695273312256","trial_id":22,"param_name":"learning_rate","param_value_internal":0.0006175394151465458,"distribution":"{\"name\": \"FloatDistribution\", \"attributes\": {\"step\": null, \"low\": 0.0001, \"high\": 0.05, \"log\": true}}"}
{"op_code":5,"worker_id":"6fde025d-cc97-4cb7-b920-9632c57bbfc0-139695273312256","trial_id":22,"param_name":"transfer_lr","param_value_internal":0.18019630620674393,"distribution":"{\"name\": \"FloatDistribution\", \"attributes\": {\"step\": null, \"low\": 0.009, \"high\": 5.0, \"log\": true}}"}
{"op_code":5,"worker_id":"6fde025d-cc97-4cb7-b920-9632c57bbfc0-139695273312256","trial_id":22,"param_name":"transfer_every","param_value_internal":1.0,"distribution":"{\"name\": \"IntDistribution\", \"attributes\": {\"log\": true, \"step\": 1, \"low\": 1, \"high\": 20}}"}
{"op_code":5,"worker_id":"6fde025d-cc97-4cb7-b920-9632c57bbfc0-139695273312256","trial_id":22,"param_name":"rank_exp","param_value_internal":5.0,"distribution":"{\"name\": \"IntDistribution\", \"attributes\": {\"log\": false, \"step\": 1, \"low\": 5, \"high\": 5}}"}
{"op_code":5,"worker_id":"6fde025d-cc97-4cb7-b920-9632c57bbfc0-139695273312256","trial_id":22,"param_name":"fast_lr","param_value_internal":0.0304379159931354,"distribution":"{\"name\": \"FloatDistribution\", \"attributes\": {\"step\": null, \"low\": 0.01, \"high\": 5.0, \"log\": true}}"}
{"op_code":5,"worker_id":"6fde025d-cc97-4cb7-b920-9632c57bbfc0-139695273312256","trial_id":22,"param_name":"tau_sec","param_value_internal":0.0,"distribution":"{\"name\": \"FloatDistribution\", \"attributes\": {\"step\": null, \"low\": 0.0, \"high\": 0.0, \"log\": false}}"}
{"op_code":5,"worker_id":"6fde025d-cc97-4cb7-b920-9632c57bbfc0-139695273312256","trial_id":22,"param_name":"ab_dw_min","param_value_internal":0.0004883,"distribution":"{\"name\": \"FloatDistribution\", \"attributes\": {\"step\": null, \"low\": 0.0004883, \"high\": 0.0004883, \"log\": true}}"}
{"op_code":5,"worker_id":"6fde025d-cc97-4cb7-b920-9632c57bbfc0-139695273312256","trial_id":22,"param_name":"ab_desired_bl","param_value_internal":31.0,"distribution":"{\"name\": \"IntDistribution\", \"attributes\": {\"log\": false, \"step\": 1, \"low\": 31, \"high\": 31}}"}
{"op_code":5,"worker_id":"6fde025d-cc97-4cb7-b920-9632c57bbfc0-139695273312256","trial_id":22,"param_name":"c_dw_min","param_value_internal":0.001953,"distribution":"{\"name\": \"FloatDistribution\", \"attributes\": {\"step\": null, \"low\": 0.001953, \"high\": 0.001953, \"log\": true}}"}
{"op_code":5,"worker_id":"6fde025d-cc97-4cb7-b920-9632c57bbfc0-139695273312256","trial_id":22,"param_name":"c_desired_bl","param_value_internal":31.0,"distribution":"{\"name\": \"IntDistribution\", \"attributes\": {\"log\": false, \"step\": 1, \"low\": 31, \"high\": 31}}"}
{"op_code":5,"worker_id":"6fde025d-cc97-4cb7-b920-9632c57bbfc0-139695273312256","trial_id":22,"param_name":"out_noise","param_value_internal":0.0,"distribution":"{\"name\": \"FloatDistribution\", \"attributes\": {\"step\": null, \"low\": 0.0, \"high\": 0.0, \"log\": false}}"}
{"op_code":5,"worker_id":"6fde025d-cc97-4cb7-b920-9632c57bbfc0-139695273312256","trial_id":22,"param_name":"ab_weight_scaling_omega","param_value_internal":0.0,"distribution":"{\"name\": \"FloatDistribution\", \"attributes\": {\"step\": null, \"low\": 0.0, \"high\": 0.0, \"log\": false}}"}
{"op_code":5,"worker_id":"6fde025d-cc97-4cb7-b920-9632c57bbfc0-139695273312256","trial_id":22,"param_name":"min_lr_rate","param_value_internal":0.0,"distribution":"{\"name\": \"FloatDistribution\", \"attributes\": {\"step\": null, \"low\": 0.0, \"high\": 0.0, \"log\": false}}"}
{"op_code":8,"worker_id":"6fde025d-cc97-4cb7-b920-9632c57bbfc0-139695273312256","trial_id":22,"user_attr":{"grad_accum_steps":1}}
{"op_code":7,"worker_id":"f7c1b13a-1eca-4375-bf79-8e6b41cb59f5-139958983168000","trial_id":20,"step":5,"intermediate_value":82.95787083613415}
{"op_code":8,"worker_id":"f7c1b13a-1eca-4375-bf79-8e6b41cb59f5-139958983168000","trial_id":20,"user_attr":{"train_loss_epoch_5":1.2307702203753195}}
{"op_code":6,"worker_id":"f7c1b13a-1eca-4375-bf79-8e6b41cb59f5-139958983168000","trial_id":20,"state":1,"values":[82.95787083613415],"datetime_complete":"2026-04-29T00:39:44.589087"}
{"op_code":4,"worker_id":"f7c1b13a-1eca-4375-bf79-8e6b41cb59f5-139958983168000","study_id":0,"datetime_start":"2026-04-29T00:39:44.590626"}
{"op_code":5,"worker_id":"f7c1b13a-1eca-4375-bf79-8e6b41cb59f5-139958983168000","trial_id":23,"param_name":"learning_rate","param_value_internal":0.0006281935384350766,"distribution":"{\"name\": \"FloatDistribution\", \"attributes\": {\"step\": null, \"low\": 0.0001, \"high\": 0.05, \"log\": true}}"}
{"op_code":5,"worker_id":"f7c1b13a-1eca-4375-bf79-8e6b41cb59f5-139958983168000","trial_id":23,"param_name":"transfer_lr","param_value_internal":0.18414004652770363,"distribution":"{\"name\": \"FloatDistribution\", \"attributes\": {\"step\": null, \"low\": 0.009, \"high\": 5.0, \"log\": true}}"}
{"op_code":5,"worker_id":"f7c1b13a-1eca-4375-bf79-8e6b41cb59f5-139958983168000","trial_id":23,"param_name":"transfer_every","param_value_internal":1.0,"distribution":"{\"name\": \"IntDistribution\", \"attributes\": {\"log\": true, \"step\": 1, \"low\": 1, \"high\": 20}}"}
{"op_code":5,"worker_id":"f7c1b13a-1eca-4375-bf79-8e6b41cb59f5-139958983168000","trial_id":23,"param_name":"rank_exp","param_value_internal":5.0,"distribution":"{\"name\": \"IntDistribution\", \"attributes\": {\"log\": false, \"step\": 1, \"low\": 5, \"high\": 5}}"}
{"op_code":5,"worker_id":"f7c1b13a-1eca-4375-bf79-8e6b41cb59f5-139958983168000","trial_id":23,"param_name":"fast_lr","param_value_internal":0.03345424798434479,"distribution":"{\"name\": \"FloatDistribution\", \"attributes\": {\"step\": null, \"low\": 0.01, \"high\": 5.0, \"log\": true}}"}
{"op_code":5,"worker_id":"f7c1b13a-1eca-4375-bf79-8e6b41cb59f5-139958983168000","trial_id":23,"param_name":"tau_sec","param_value_internal":0.0,"distribution":"{\"name\": \"FloatDistribution\", \"attributes\": {\"step\": null, \"low\": 0.0, \"high\": 0.0, \"log\": false}}"}
{"op_code":5,"worker_id":"f7c1b13a-1eca-4375-bf79-8e6b41cb59f5-139958983168000","trial_id":23,"param_name":"ab_dw_min","param_value_internal":0.0004883,"distribution":"{\"name\": \"FloatDistribution\", \"attributes\": {\"step\": null, \"low\": 0.0004883, \"high\": 0.0004883, \"log\": true}}"}
{"op_code":5,"worker_id":"f7c1b13a-1eca-4375-bf79-8e6b41cb59f5-139958983168000","trial_id":23,"param_name":"ab_desired_bl","param_value_internal":31.0,"distribution":"{\"name\": \"IntDistribution\", \"attributes\": {\"log\": false, \"step\": 1, \"low\": 31, \"high\": 31}}"}
{"op_code":5,"worker_id":"f7c1b13a-1eca-4375-bf79-8e6b41cb59f5-139958983168000","trial_id":23,"param_name":"c_dw_min","param_value_internal":0.001953,"distribution":"{\"name\": \"FloatDistribution\", \"attributes\": {\"step\": null, \"low\": 0.001953, \"high\": 0.001953, \"log\": true}}"}
{"op_code":5,"worker_id":"f7c1b13a-1eca-4375-bf79-8e6b41cb59f5-139958983168000","trial_id":23,"param_name":"c_desired_bl","param_value_internal":31.0,"distribution":"{\"name\": \"IntDistribution\", \"attributes\": {\"log\": false, \"step\": 1, \"low\": 31, \"high\": 31}}"}
{"op_code":5,"worker_id":"f7c1b13a-1eca-4375-bf79-8e6b41cb59f5-139958983168000","trial_id":23,"param_name":"out_noise","param_value_internal":0.0,"distribution":"{\"name\": \"FloatDistribution\", \"attributes\": {\"step\": null, \"low\": 0.0, \"high\": 0.0, \"log\": false}}"}
{"op_code":5,"worker_id":"f7c1b13a-1eca-4375-bf79-8e6b41cb59f5-139958983168000","trial_id":23,"param_name":"ab_weight_scaling_omega","param_value_internal":0.0,"distribution":"{\"name\": \"FloatDistribution\", \"attributes\": {\"step\": null, \"low\": 0.0, \"high\": 0.0, \"log\": false}}"}
{"op_code":5,"worker_id":"f7c1b13a-1eca-4375-bf79-8e6b41cb59f5-139958983168000","trial_id":23,"param_name":"min_lr_rate","param_value_internal":0.0,"distribution":"{\"name\": \"FloatDistribution\", \"attributes\": {\"step\": null, \"low\": 0.0, \"high\": 0.0, \"log\": false}}"}
{"op_code":8,"worker_id":"f7c1b13a-1eca-4375-bf79-8e6b41cb59f5-139958983168000","trial_id":23,"user_attr":{"grad_accum_steps":1}}
{"op_code":8,"worker_id":"f7c1b13a-1eca-4375-bf79-8e6b41cb59f5-139958983168000","trial_id":23,"user_attr":{"error":"CUDA_CALL Error 'out of memory' at cuda_util.cu:978\n"}}
{"op_code":6,"worker_id":"f7c1b13a-1eca-4375-bf79-8e6b41cb59f5-139958983168000","trial_id":23,"state":3,"values":null,"datetime_complete":"2026-04-29T00:40:12.115116"}
{"op_code":0,"worker_id":"57f84eb7-3e73-4130-b56d-a1b69af8e1f4-139815544987648","study_name":"bert_squad_lrtt_bs48_adam_decay_nowd_nomom_nonest_onehot_a6t1c_bconstantstep6t1cgamma_cconstantstepideal_perfect_noos_qkvo_5ep","directions":[2]}
{"op_code":4,"worker_id":"57f84eb7-3e73-4130-b56d-a1b69af8e1f4-139815544987648","study_id":0,"datetime_start":null,"state":4,"value":null,"values":null,"distributions":{},"params":{},"user_attrs":{},"system_attrs":{"fixed_params":{"learning_rate":0.0006281935384350766,"transfer_lr":0.18414004652770363,"transfer_every":1,"rank_exp":5,"fast_lr":0.03345424798434479,"tau_sec":0.0,"ab_dw_min":0.0004883,"ab_desired_bl":31,"c_dw_min":0.001953,"c_desired_bl":31,"out_noise":0.0,"ab_weight_scaling_omega":0.0,"min_lr_rate":0.0}},"intermediate_values":{}}
{"op_code":6,"worker_id":"57f84eb7-3e73-4130-b56d-a1b69af8e1f4-139815544987648","trial_id":24,"state":0,"values":null,"datetime_start":"2026-04-29T00:40:22.699022"}
{"op_code":5,"worker_id":"57f84eb7-3e73-4130-b56d-a1b69af8e1f4-139815544987648","trial_id":24,"param_name":"learning_rate","param_value_internal":0.0006281935384350766,"distribution":"{\"name\": \"FloatDistribution\", \"attributes\": {\"step\": null, \"low\": 0.0001, \"high\": 0.05, \"log\": true}}"}
{"op_code":5,"worker_id":"57f84eb7-3e73-4130-b56d-a1b69af8e1f4-139815544987648","trial_id":24,"param_name":"transfer_lr","param_value_internal":0.18414004652770363,"distribution":"{\"name\": \"FloatDistribution\", \"attributes\": {\"step\": null, \"low\": 0.009, \"high\": 5.0, \"log\": true}}"}
{"op_code":5,"worker_id":"57f84eb7-3e73-4130-b56d-a1b69af8e1f4-139815544987648","trial_id":24,"param_name":"transfer_every","param_value_internal":1.0,"distribution":"{\"name\": \"IntDistribution\", \"attributes\": {\"log\": true, \"step\": 1, \"low\": 1, \"high\": 20}}"}
{"op_code":5,"worker_id":"57f84eb7-3e73-4130-b56d-a1b69af8e1f4-139815544987648","trial_id":24,"param_name":"rank_exp","param_value_internal":5.0,"distribution":"{\"name\": \"IntDistribution\", \"attributes\": {\"log\": false, \"step\": 1, \"low\": 5, \"high\": 5}}"}
{"op_code":5,"worker_id":"57f84eb7-3e73-4130-b56d-a1b69af8e1f4-139815544987648","trial_id":24,"param_name":"fast_lr","param_value_internal":0.03345424798434479,"distribution":"{\"name\": \"FloatDistribution\", \"attributes\": {\"step\": null, \"low\": 0.01, \"high\": 5.0, \"log\": true}}"}
{"op_code":5,"worker_id":"57f84eb7-3e73-4130-b56d-a1b69af8e1f4-139815544987648","trial_id":24,"param_name":"tau_sec","param_value_internal":0.0,"distribution":"{\"name\": \"FloatDistribution\", \"attributes\": {\"step\": null, \"low\": 0.0, \"high\": 0.0, \"log\": false}}"}
{"op_code":5,"worker_id":"57f84eb7-3e73-4130-b56d-a1b69af8e1f4-139815544987648","trial_id":24,"param_name":"ab_dw_min","param_value_internal":0.0004883,"distribution":"{\"name\": \"FloatDistribution\", \"attributes\": {\"step\": null, \"low\": 0.0004883, \"high\": 0.0004883, \"log\": true}}"}
{"op_code":5,"worker_id":"57f84eb7-3e73-4130-b56d-a1b69af8e1f4-139815544987648","trial_id":24,"param_name":"ab_desired_bl","param_value_internal":31.0,"distribution":"{\"name\": \"IntDistribution\", \"attributes\": {\"log\": false, \"step\": 1, \"low\": 31, \"high\": 31}}"}
{"op_code":5,"worker_id":"57f84eb7-3e73-4130-b56d-a1b69af8e1f4-139815544987648","trial_id":24,"param_name":"c_dw_min","param_value_internal":0.001953,"distribution":"{\"name\": \"FloatDistribution\", \"attributes\": {\"step\": null, \"low\": 0.001953, \"high\": 0.001953, \"log\": true}}"}
{"op_code":5,"worker_id":"57f84eb7-3e73-4130-b56d-a1b69af8e1f4-139815544987648","trial_id":24,"param_name":"c_desired_bl","param_value_internal":31.0,"distribution":"{\"name\": \"IntDistribution\", \"attributes\": {\"log\": false, \"step\": 1, \"low\": 31, \"high\": 31}}"}
{"op_code":5,"worker_id":"57f84eb7-3e73-4130-b56d-a1b69af8e1f4-139815544987648","trial_id":24,"param_name":"out_noise","param_value_internal":0.0,"distribution":"{\"name\": \"FloatDistribution\", \"attributes\": {\"step\": null, \"low\": 0.0, \"high\": 0.0, \"log\": false}}"}
{"op_code":5,"worker_id":"57f84eb7-3e73-4130-b56d-a1b69af8e1f4-139815544987648","trial_id":24,"param_name":"ab_weight_scaling_omega","param_value_internal":0.0,"distribution":"{\"name\": \"FloatDistribution\", \"attributes\": {\"step\": null, \"low\": 0.0, \"high\": 0.0, \"log\": false}}"}
{"op_code":5,"worker_id":"57f84eb7-3e73-4130-b56d-a1b69af8e1f4-139815544987648","trial_id":24,"param_name":"min_lr_rate","param_value_internal":0.0,"distribution":"{\"name\": \"FloatDistribution\", \"attributes\": {\"step\": null, \"low\": 0.0, \"high\": 0.0, \"log\": false}}"}
{"op_code":8,"worker_id":"57f84eb7-3e73-4130-b56d-a1b69af8e1f4-139815544987648","trial_id":24,"user_attr":{"grad_accum_steps":2}}
{"op_code":7,"worker_id":"6fde025d-cc97-4cb7-b920-9632c57bbfc0-139695273312256","trial_id":22,"step":1,"intermediate_value":70.59834741816783}
{"op_code":8,"worker_id":"6fde025d-cc97-4cb7-b920-9632c57bbfc0-139695273312256","trial_id":22,"user_attr":{"train_loss_epoch_1":2.684034104075858}}
{"op_code":7,"worker_id":"57f84eb7-3e73-4130-b56d-a1b69af8e1f4-139815544987648","trial_id":24,"step":1,"intermediate_value":71.182201754946}
{"op_code":8,"worker_id":"57f84eb7-3e73-4130-b56d-a1b69af8e1f4-139815544987648","trial_id":24,"user_attr":{"train_loss_epoch_1":2.659231030656639}}
{"op_code":7,"worker_id":"6fde025d-cc97-4cb7-b920-9632c57bbfc0-139695273312256","trial_id":22,"step":2,"intermediate_value":76.21691261646959}
{"op_code":8,"worker_id":"6fde025d-cc97-4cb7-b920-9632c57bbfc0-139695273312256","trial_id":22,"user_attr":{"train_loss_epoch_2":1.697535924601361}}
{"op_code":7,"worker_id":"57f84eb7-3e73-4130-b56d-a1b69af8e1f4-139815544987648","trial_id":24,"step":2,"intermediate_value":76.5973877488406}
{"op_code":8,"worker_id":"57f84eb7-3e73-4130-b56d-a1b69af8e1f4-139815544987648","trial_id":24,"user_attr":{"train_loss_epoch_2":1.6700960685160464}}
{"op_code":7,"worker_id":"6fde025d-cc97-4cb7-b920-9632c57bbfc0-139695273312256","trial_id":22,"step":3,"intermediate_value":78.17774756630331}
{"op_code":8,"worker_id":"6fde025d-cc97-4cb7-b920-9632c57bbfc0-139695273312256","trial_id":22,"user_attr":{"train_loss_epoch_3":1.5347815576284558}}
{"op_code":7,"worker_id":"57f84eb7-3e73-4130-b56d-a1b69af8e1f4-139815544987648","trial_id":24,"step":3,"intermediate_value":78.99008664976276}
{"op_code":8,"worker_id":"57f84eb7-3e73-4130-b56d-a1b69af8e1f4-139815544987648","trial_id":24,"user_attr":{"train_loss_epoch_3":1.5135633992159971}}
{"op_code":7,"worker_id":"6fde025d-cc97-4cb7-b920-9632c57bbfc0-139695273312256","trial_id":22,"step":4,"intermediate_value":79.44329655210989}
{"op_code":8,"worker_id":"6fde025d-cc97-4cb7-b920-9632c57bbfc0-139695273312256","trial_id":22,"user_attr":{"train_loss_epoch_4":1.4596666977657535}}
{"op_code":7,"worker_id":"6fde025d-cc97-4cb7-b920-9632c57bbfc0-139695273312256","trial_id":22,"step":5,"intermediate_value":79.77384974135511}
{"op_code":8,"worker_id":"6fde025d-cc97-4cb7-b920-9632c57bbfc0-139695273312256","trial_id":22,"user_attr":{"train_loss_epoch_5":1.4237787199537282}}
{"op_code":6,"worker_id":"6fde025d-cc97-4cb7-b920-9632c57bbfc0-139695273312256","trial_id":22,"state":1,"values":[79.77384974135511],"datetime_complete":"2026-04-29T02:25:57.541256"}
{"op_code":4,"worker_id":"6fde025d-cc97-4cb7-b920-9632c57bbfc0-139695273312256","study_id":0,"datetime_start":"2026-04-29T02:25:57.542864"}
{"op_code":5,"worker_id":"6fde025d-cc97-4cb7-b920-9632c57bbfc0-139695273312256","trial_id":25,"param_name":"learning_rate","param_value_internal":0.0003496342109832139,"distribution":"{\"name\": \"FloatDistribution\", \"attributes\": {\"step\": null, \"low\": 0.0001, \"high\": 0.05, \"log\": true}}"}
{"op_code":5,"worker_id":"6fde025d-cc97-4cb7-b920-9632c57bbfc0-139695273312256","trial_id":25,"param_name":"transfer_lr","param_value_internal":0.24187519401014812,"distribution":"{\"name\": \"FloatDistribution\", \"attributes\": {\"step\": null, \"low\": 0.009, \"high\": 5.0, \"log\": true}}"}
{"op_code":5,"worker_id":"6fde025d-cc97-4cb7-b920-9632c57bbfc0-139695273312256","trial_id":25,"param_name":"transfer_every","param_value_internal":3.0,"distribution":"{\"name\": \"IntDistribution\", \"attributes\": {\"log\": true, \"step\": 1, \"low\": 1, \"high\": 20}}"}
{"op_code":5,"worker_id":"6fde025d-cc97-4cb7-b920-9632c57bbfc0-139695273312256","trial_id":25,"param_name":"rank_exp","param_value_internal":5.0,"distribution":"{\"name\": \"IntDistribution\", \"attributes\": {\"log\": false, \"step\": 1, \"low\": 5, \"high\": 5}}"}
{"op_code":5,"worker_id":"6fde025d-cc97-4cb7-b920-9632c57bbfc0-139695273312256","trial_id":25,"param_name":"fast_lr","param_value_internal":0.5469343720349464,"distribution":"{\"name\": \"FloatDistribution\", \"attributes\": {\"step\": null, \"low\": 0.01, \"high\": 5.0, \"log\": true}}"}
{"op_code":5,"worker_id":"6fde025d-cc97-4cb7-b920-9632c57bbfc0-139695273312256","trial_id":25,"param_name":"tau_sec","param_value_internal":0.0,"distribution":"{\"name\": \"FloatDistribution\", \"attributes\": {\"step\": null, \"low\": 0.0, \"high\": 0.0, \"log\": false}}"}
{"op_code":5,"worker_id":"6fde025d-cc97-4cb7-b920-9632c57bbfc0-139695273312256","trial_id":25,"param_name":"ab_dw_min","param_value_internal":0.0004883,"distribution":"{\"name\": \"FloatDistribution\", \"attributes\": {\"step\": null, \"low\": 0.0004883, \"high\": 0.0004883, \"log\": true}}"}
{"op_code":5,"worker_id":"6fde025d-cc97-4cb7-b920-9632c57bbfc0-139695273312256","trial_id":25,"param_name":"ab_desired_bl","param_value_internal":31.0,"distribution":"{\"name\": \"IntDistribution\", \"attributes\": {\"log\": false, \"step\": 1, \"low\": 31, \"high\": 31}}"}
{"op_code":5,"worker_id":"6fde025d-cc97-4cb7-b920-9632c57bbfc0-139695273312256","trial_id":25,"param_name":"c_dw_min","param_value_internal":0.001953,"distribution":"{\"name\": \"FloatDistribution\", \"attributes\": {\"step\": null, \"low\": 0.001953, \"high\": 0.001953, \"log\": true}}"}
{"op_code":5,"worker_id":"6fde025d-cc97-4cb7-b920-9632c57bbfc0-139695273312256","trial_id":25,"param_name":"c_desired_bl","param_value_internal":31.0,"distribution":"{\"name\": \"IntDistribution\", \"attributes\": {\"log\": false, \"step\": 1, \"low\": 31, \"high\": 31}}"}
{"op_code":5,"worker_id":"6fde025d-cc97-4cb7-b920-9632c57bbfc0-139695273312256","trial_id":25,"param_name":"out_noise","param_value_internal":0.0,"distribution":"{\"name\": \"FloatDistribution\", \"attributes\": {\"step\": null, \"low\": 0.0, \"high\": 0.0, \"log\": false}}"}
{"op_code":5,"worker_id":"6fde025d-cc97-4cb7-b920-9632c57bbfc0-139695273312256","trial_id":25,"param_name":"ab_weight_scaling_omega","param_value_internal":0.0,"distribution":"{\"name\": \"FloatDistribution\", \"attributes\": {\"step\": null, \"low\": 0.0, \"high\": 0.0, \"log\": false}}"}
{"op_code":5,"worker_id":"6fde025d-cc97-4cb7-b920-9632c57bbfc0-139695273312256","trial_id":25,"param_name":"min_lr_rate","param_value_internal":0.0,"distribution":"{\"name\": \"FloatDistribution\", \"attributes\": {\"step\": null, \"low\": 0.0, \"high\": 0.0, \"log\": false}}"}
{"op_code":8,"worker_id":"6fde025d-cc97-4cb7-b920-9632c57bbfc0-139695273312256","trial_id":25,"user_attr":{"grad_accum_steps":1}}
{"op_code":7,"worker_id":"57f84eb7-3e73-4130-b56d-a1b69af8e1f4-139815544987648","trial_id":24,"step":4,"intermediate_value":79.7717198410743}
{"op_code":8,"worker_id":"57f84eb7-3e73-4130-b56d-a1b69af8e1f4-139815544987648","trial_id":24,"user_attr":{"train_loss_epoch_4":1.4407024590521202}}
{"op_code":7,"worker_id":"6fde025d-cc97-4cb7-b920-9632c57bbfc0-139695273312256","trial_id":25,"step":1,"intermediate_value":6.827821835532897}
{"op_code":8,"worker_id":"6fde025d-cc97-4cb7-b920-9632c57bbfc0-139695273312256","trial_id":25,"user_attr":{"train_loss_epoch_1":5.535837102905521}}
{"op_code":4,"worker_id":"955085f2-446f-4890-a0c4-818237728391-139979836039168","study_id":0,"datetime_start":null,"state":4,"value":null,"values":null,"distributions":{},"params":{},"user_attrs":{},"system_attrs":{"fixed_params":{"learning_rate":0.0038,"transfer_lr":0.095,"transfer_every":1,"fast_lr":0.35,"rank_exp":5,"tau_sec":0.0,"ab_dw_min":0.0004883,"ab_desired_bl":31,"c_dw_min":0.001953,"c_desired_bl":31,"out_noise":0.0,"ab_weight_scaling_omega":0.0,"min_lr_rate":0.0}},"intermediate_values":{}}
{"op_code":4,"worker_id":"955085f2-446f-4890-a0c4-818237728391-139979836039168","study_id":0,"datetime_start":null,"state":4,"value":null,"values":null,"distributions":{},"params":{},"user_attrs":{},"system_attrs":{"fixed_params":{"learning_rate":0.0038,"transfer_lr":0.095,"transfer_every":1,"fast_lr":0.4,"rank_exp":5,"tau_sec":0.0,"ab_dw_min":0.0004883,"ab_desired_bl":31,"c_dw_min":0.001953,"c_desired_bl":31,"out_noise":0.0,"ab_weight_scaling_omega":0.0,"min_lr_rate":0.0}},"intermediate_values":{}}
{"op_code":4,"worker_id":"955085f2-446f-4890-a0c4-818237728391-139979836039168","study_id":0,"datetime_start":null,"state":4,"value":null,"values":null,"distributions":{},"params":{},"user_attrs":{},"system_attrs":{"fixed_params":{"learning_rate":0.0038,"transfer_lr":0.095,"transfer_every":1,"fast_lr":0.55,"rank_exp":5,"tau_sec":0.0,"ab_dw_min":0.0004883,"ab_desired_bl":31,"c_dw_min":0.001953,"c_desired_bl":31,"out_noise":0.0,"ab_weight_scaling_omega":0.0,"min_lr_rate":0.0}},"intermediate_values":{}}
{"op_code":4,"worker_id":"955085f2-446f-4890-a0c4-818237728391-139979836039168","study_id":0,"datetime_start":null,"state":4,"value":null,"values":null,"distributions":{},"params":{},"user_attrs":{},"system_attrs":{"fixed_params":{"learning_rate":0.0037,"transfer_lr":0.085,"transfer_every":1,"fast_lr":0.35,"rank_exp":5,"tau_sec":0.0,"ab_dw_min":0.0004883,"ab_desired_bl":31,"c_dw_min":0.001953,"c_desired_bl":31,"out_noise":0.0,"ab_weight_scaling_omega":0.0,"min_lr_rate":0.0}},"intermediate_values":{}}
{"op_code":4,"worker_id":"955085f2-446f-4890-a0c4-818237728391-139979836039168","study_id":0,"datetime_start":null,"state":4,"value":null,"values":null,"distributions":{},"params":{},"user_attrs":{},"system_attrs":{"fixed_params":{"learning_rate":0.0028,"transfer_lr":0.095,"transfer_every":1,"fast_lr":0.4,"rank_exp":5,"tau_sec":0.0,"ab_dw_min":0.0004883,"ab_desired_bl":31,"c_dw_min":0.001953,"c_desired_bl":31,"out_noise":0.0,"ab_weight_scaling_omega":0.0,"min_lr_rate":0.0}},"intermediate_values":{}}
{"op_code":4,"worker_id":"955085f2-446f-4890-a0c4-818237728391-139979836039168","study_id":0,"datetime_start":null,"state":4,"value":null,"values":null,"distributions":{},"params":{},"user_attrs":{},"system_attrs":{"fixed_params":{"learning_rate":0.0042,"transfer_lr":0.095,"transfer_every":1,"fast_lr":0.4,"rank_exp":5,"tau_sec":0.0,"ab_dw_min":0.0004883,"ab_desired_bl":31,"c_dw_min":0.001953,"c_desired_bl":31,"out_noise":0.0,"ab_weight_scaling_omega":0.0,"min_lr_rate":0.0}},"intermediate_values":{}}
{"op_code":4,"worker_id":"955085f2-446f-4890-a0c4-818237728391-139979836039168","study_id":0,"datetime_start":null,"state":4,"value":null,"values":null,"distributions":{},"params":{},"user_attrs":{},"system_attrs":{"fixed_params":{"learning_rate":0.0038,"transfer_lr":0.07,"transfer_every":1,"fast_lr":0.4,"rank_exp":5,"tau_sec":0.0,"ab_dw_min":0.0004883,"ab_desired_bl":31,"c_dw_min":0.001953,"c_desired_bl":31,"out_noise":0.0,"ab_weight_scaling_omega":0.0,"min_lr_rate":0.0}},"intermediate_values":{}}
{"op_code":4,"worker_id":"955085f2-446f-4890-a0c4-818237728391-139979836039168","study_id":0,"datetime_start":null,"state":4,"value":null,"values":null,"distributions":{},"params":{},"user_attrs":{},"system_attrs":{"fixed_params":{"learning_rate":0.0038,"transfer_lr":0.12,"transfer_every":1,"fast_lr":0.4,"rank_exp":5,"tau_sec":0.0,"ab_dw_min":0.0004883,"ab_desired_bl":31,"c_dw_min":0.001953,"c_desired_bl":31,"out_noise":0.0,"ab_weight_scaling_omega":0.0,"min_lr_rate":0.0}},"intermediate_values":{}}
{"op_code":4,"worker_id":"955085f2-446f-4890-a0c4-818237728391-139979836039168","study_id":0,"datetime_start":null,"state":4,"value":null,"values":null,"distributions":{},"params":{},"user_attrs":{},"system_attrs":{"fixed_params":{"learning_rate":0.0038,"transfer_lr":0.15,"transfer_every":1,"fast_lr":0.4,"rank_exp":5,"tau_sec":0.0,"ab_dw_min":0.0004883,"ab_desired_bl":31,"c_dw_min":0.001953,"c_desired_bl":31,"out_noise":0.0,"ab_weight_scaling_omega":0.0,"min_lr_rate":0.0}},"intermediate_values":{}}
{"op_code":4,"worker_id":"955085f2-446f-4890-a0c4-818237728391-139979836039168","study_id":0,"datetime_start":null,"state":4,"value":null,"values":null,"distributions":{},"params":{},"user_attrs":{},"system_attrs":{"fixed_params":{"learning_rate":0.0019,"transfer_lr":0.2,"transfer_every":4,"fast_lr":0.1,"rank_exp":5,"tau_sec":0.0,"ab_dw_min":0.0004883,"ab_desired_bl":31,"c_dw_min":0.001953,"c_desired_bl":31,"out_noise":0.0,"ab_weight_scaling_omega":0.0,"min_lr_rate":0.0}},"intermediate_values":{}}
{"op_code":7,"worker_id":"57f84eb7-3e73-4130-b56d-a1b69af8e1f4-139815544987648","trial_id":24,"step":5,"intermediate_value":80.14407414194186}
{"op_code":8,"worker_id":"57f84eb7-3e73-4130-b56d-a1b69af8e1f4-139815544987648","trial_id":24,"user_attr":{"train_loss_epoch_5":1.403496477509553}}
{"op_code":6,"worker_id":"57f84eb7-3e73-4130-b56d-a1b69af8e1f4-139815544987648","trial_id":24,"state":1,"values":[80.14407414194186],"datetime_complete":"2026-04-29T02:54:15.263802"}
{"op_code":0,"worker_id":"a5c8cb8c-8042-415e-a5c1-c48da952a90d-140270418579456","study_name":"bert_squad_lrtt_bs48_adam_decay_nowd_nomom_nonest_onehot_a6t1c_bconstantstep6t1cgamma_cconstantstepideal_perfect_noos_qkvo_5ep","directions":[2]}
{"op_code":6,"worker_id":"a5c8cb8c-8042-415e-a5c1-c48da952a90d-140270418579456","trial_id":26,"state":0,"values":null,"datetime_start":"2026-04-29T02:54:25.865127"}
{"op_code":5,"worker_id":"a5c8cb8c-8042-415e-a5c1-c48da952a90d-140270418579456","trial_id":26,"param_name":"learning_rate","param_value_internal":0.0038,"distribution":"{\"name\": \"FloatDistribution\", \"attributes\": {\"step\": null, \"low\": 0.0001, \"high\": 0.05, \"log\": true}}"}
{"op_code":5,"worker_id":"a5c8cb8c-8042-415e-a5c1-c48da952a90d-140270418579456","trial_id":26,"param_name":"transfer_lr","param_value_internal":0.095,"distribution":"{\"name\": \"FloatDistribution\", \"attributes\": {\"step\": null, \"low\": 0.009, \"high\": 5.0, \"log\": true}}"}
{"op_code":5,"worker_id":"a5c8cb8c-8042-415e-a5c1-c48da952a90d-140270418579456","trial_id":26,"param_name":"transfer_every","param_value_internal":1.0,"distribution":"{\"name\": \"IntDistribution\", \"attributes\": {\"log\": true, \"step\": 1, \"low\": 1, \"high\": 20}}"}
{"op_code":5,"worker_id":"a5c8cb8c-8042-415e-a5c1-c48da952a90d-140270418579456","trial_id":26,"param_name":"rank_exp","param_value_internal":5.0,"distribution":"{\"name\": \"IntDistribution\", \"attributes\": {\"log\": false, \"step\": 1, \"low\": 5, \"high\": 5}}"}
{"op_code":5,"worker_id":"a5c8cb8c-8042-415e-a5c1-c48da952a90d-140270418579456","trial_id":26,"param_name":"fast_lr","param_value_internal":0.35,"distribution":"{\"name\": \"FloatDistribution\", \"attributes\": {\"step\": null, \"low\": 0.01, \"high\": 5.0, \"log\": true}}"}
{"op_code":5,"worker_id":"a5c8cb8c-8042-415e-a5c1-c48da952a90d-140270418579456","trial_id":26,"param_name":"tau_sec","param_value_internal":0.0,"distribution":"{\"name\": \"FloatDistribution\", \"attributes\": {\"step\": null, \"low\": 0.0, \"high\": 0.0, \"log\": false}}"}
{"op_code":5,"worker_id":"a5c8cb8c-8042-415e-a5c1-c48da952a90d-140270418579456","trial_id":26,"param_name":"ab_dw_min","param_value_internal":0.0004883,"distribution":"{\"name\": \"FloatDistribution\", \"attributes\": {\"step\": null, \"low\": 0.0004883, \"high\": 0.0004883, \"log\": true}}"}
{"op_code":5,"worker_id":"a5c8cb8c-8042-415e-a5c1-c48da952a90d-140270418579456","trial_id":26,"param_name":"ab_desired_bl","param_value_internal":31.0,"distribution":"{\"name\": \"IntDistribution\", \"attributes\": {\"log\": false, \"step\": 1, \"low\": 31, \"high\": 31}}"}
{"op_code":5,"worker_id":"a5c8cb8c-8042-415e-a5c1-c48da952a90d-140270418579456","trial_id":26,"param_name":"c_dw_min","param_value_internal":0.001953,"distribution":"{\"name\": \"FloatDistribution\", \"attributes\": {\"step\": null, \"low\": 0.001953, \"high\": 0.001953, \"log\": true}}"}
{"op_code":5,"worker_id":"a5c8cb8c-8042-415e-a5c1-c48da952a90d-140270418579456","trial_id":26,"param_name":"c_desired_bl","param_value_internal":31.0,"distribution":"{\"name\": \"IntDistribution\", \"attributes\": {\"log\": false, \"step\": 1, \"low\": 31, \"high\": 31}}"}
{"op_code":5,"worker_id":"a5c8cb8c-8042-415e-a5c1-c48da952a90d-140270418579456","trial_id":26,"param_name":"out_noise","param_value_internal":0.0,"distribution":"{\"name\": \"FloatDistribution\", \"attributes\": {\"step\": null, \"low\": 0.0, \"high\": 0.0, \"log\": false}}"}
{"op_code":5,"worker_id":"a5c8cb8c-8042-415e-a5c1-c48da952a90d-140270418579456","trial_id":26,"param_name":"ab_weight_scaling_omega","param_value_internal":0.0,"distribution":"{\"name\": \"FloatDistribution\", \"attributes\": {\"step\": null, \"low\": 0.0, \"high\": 0.0, \"log\": false}}"}
{"op_code":5,"worker_id":"a5c8cb8c-8042-415e-a5c1-c48da952a90d-140270418579456","trial_id":26,"param_name":"min_lr_rate","param_value_internal":0.0,"distribution":"{\"name\": \"FloatDistribution\", \"attributes\": {\"step\": null, \"low\": 0.0, \"high\": 0.0, \"log\": false}}"}
{"op_code":8,"worker_id":"a5c8cb8c-8042-415e-a5c1-c48da952a90d-140270418579456","trial_id":26,"user_attr":{"grad_accum_steps":1}}
{"op_code":7,"worker_id":"6fde025d-cc97-4cb7-b920-9632c57bbfc0-139695273312256","trial_id":25,"step":2,"intermediate_value":7.188137985763672}
{"op_code":8,"worker_id":"6fde025d-cc97-4cb7-b920-9632c57bbfc0-139695273312256","trial_id":25,"user_attr":{"train_loss_epoch_2":5.859482476252527}}
{"op_code":6,"worker_id":"6fde025d-cc97-4cb7-b920-9632c57bbfc0-139695273312256","trial_id":25,"state":1,"values":[7.188137985763672],"datetime_complete":"2026-04-29T03:08:06.311046"}
{"op_code":6,"worker_id":"6fde025d-cc97-4cb7-b920-9632c57bbfc0-139695273312256","trial_id":27,"state":0,"values":null,"datetime_start":"2026-04-29T03:08:06.312963"}
{"op_code":5,"worker_id":"6fde025d-cc97-4cb7-b920-9632c57bbfc0-139695273312256","trial_id":27,"param_name":"learning_rate","param_value_internal":0.0038,"distribution":"{\"name\": \"FloatDistribution\", \"attributes\": {\"step\": null, \"low\": 0.0001, \"high\": 0.05, \"log\": true}}"}
{"op_code":5,"worker_id":"6fde025d-cc97-4cb7-b920-9632c57bbfc0-139695273312256","trial_id":27,"param_name":"transfer_lr","param_value_internal":0.095,"distribution":"{\"name\": \"FloatDistribution\", \"attributes\": {\"step\": null, \"low\": 0.009, \"high\": 5.0, \"log\": true}}"}
{"op_code":5,"worker_id":"6fde025d-cc97-4cb7-b920-9632c57bbfc0-139695273312256","trial_id":27,"param_name":"transfer_every","param_value_internal":1.0,"distribution":"{\"name\": \"IntDistribution\", \"attributes\": {\"log\": true, \"step\": 1, \"low\": 1, \"high\": 20}}"}
{"op_code":5,"worker_id":"6fde025d-cc97-4cb7-b920-9632c57bbfc0-139695273312256","trial_id":27,"param_name":"rank_exp","param_value_internal":5.0,"distribution":"{\"name\": \"IntDistribution\", \"attributes\": {\"log\": false, \"step\": 1, \"low\": 5, \"high\": 5}}"}
{"op_code":5,"worker_id":"6fde025d-cc97-4cb7-b920-9632c57bbfc0-139695273312256","trial_id":27,"param_name":"fast_lr","param_value_internal":0.4,"distribution":"{\"name\": \"FloatDistribution\", \"attributes\": {\"step\": null, \"low\": 0.01, \"high\": 5.0, \"log\": true}}"}
{"op_code":5,"worker_id":"6fde025d-cc97-4cb7-b920-9632c57bbfc0-139695273312256","trial_id":27,"param_name":"tau_sec","param_value_internal":0.0,"distribution":"{\"name\": \"FloatDistribution\", \"attributes\": {\"step\": null, \"low\": 0.0, \"high\": 0.0, \"log\": false}}"}
{"op_code":5,"worker_id":"6fde025d-cc97-4cb7-b920-9632c57bbfc0-139695273312256","trial_id":27,"param_name":"ab_dw_min","param_value_internal":0.0004883,"distribution":"{\"name\": \"FloatDistribution\", \"attributes\": {\"step\": null, \"low\": 0.0004883, \"high\": 0.0004883, \"log\": true}}"}
{"op_code":5,"worker_id":"6fde025d-cc97-4cb7-b920-9632c57bbfc0-139695273312256","trial_id":27,"param_name":"ab_desired_bl","param_value_internal":31.0,"distribution":"{\"name\": \"IntDistribution\", \"attributes\": {\"log\": false, \"step\": 1, \"low\": 31, \"high\": 31}}"}
{"op_code":5,"worker_id":"6fde025d-cc97-4cb7-b920-9632c57bbfc0-139695273312256","trial_id":27,"param_name":"c_dw_min","param_value_internal":0.001953,"distribution":"{\"name\": \"FloatDistribution\", \"attributes\": {\"step\": null, \"low\": 0.001953, \"high\": 0.001953, \"log\": true}}"}
{"op_code":5,"worker_id":"6fde025d-cc97-4cb7-b920-9632c57bbfc0-139695273312256","trial_id":27,"param_name":"c_desired_bl","param_value_internal":31.0,"distribution":"{\"name\": \"IntDistribution\", \"attributes\": {\"log\": false, \"step\": 1, \"low\": 31, \"high\": 31}}"}
{"op_code":5,"worker_id":"6fde025d-cc97-4cb7-b920-9632c57bbfc0-139695273312256","trial_id":27,"param_name":"out_noise","param_value_internal":0.0,"distribution":"{\"name\": \"FloatDistribution\", \"attributes\": {\"step\": null, \"low\": 0.0, \"high\": 0.0, \"log\": false}}"}
{"op_code":5,"worker_id":"6fde025d-cc97-4cb7-b920-9632c57bbfc0-139695273312256","trial_id":27,"param_name":"ab_weight_scaling_omega","param_value_internal":0.0,"distribution":"{\"name\": \"FloatDistribution\", \"attributes\": {\"step\": null, \"low\": 0.0, \"high\": 0.0, \"log\": false}}"}
{"op_code":5,"worker_id":"6fde025d-cc97-4cb7-b920-9632c57bbfc0-139695273312256","trial_id":27,"param_name":"min_lr_rate","param_value_internal":0.0,"distribution":"{\"name\": \"FloatDistribution\", \"attributes\": {\"step\": null, \"low\": 0.0, \"high\": 0.0, \"log\": false}}"}
{"op_code":8,"worker_id":"6fde025d-cc97-4cb7-b920-9632c57bbfc0-139695273312256","trial_id":27,"user_attr":{"grad_accum_steps":1}}
{"op_code":8,"worker_id":"6fde025d-cc97-4cb7-b920-9632c57bbfc0-139695273312256","trial_id":27,"user_attr":{"error":"CUDA_CALL Error 'out of memory' at cuda_util.cu:978\n"}}
{"op_code":6,"worker_id":"6fde025d-cc97-4cb7-b920-9632c57bbfc0-139695273312256","trial_id":27,"state":3,"values":null,"datetime_complete":"2026-04-29T03:08:24.910312"}
{"op_code":0,"worker_id":"2f18f019-3310-4999-b98a-3a195448cb3f-140557773139968","study_name":"bert_squad_lrtt_bs48_adam_decay_nowd_nomom_nonest_onehot_a6t1c_bconstantstep6t1cgamma_cconstantstepideal_perfect_noos_qkvo_5ep","directions":[2]}
{"op_code":4,"worker_id":"2f18f019-3310-4999-b98a-3a195448cb3f-140557773139968","study_id":0,"datetime_start":null,"state":4,"value":null,"values":null,"distributions":{},"params":{},"user_attrs":{},"system_attrs":{"fixed_params":{"learning_rate":0.0038,"transfer_lr":0.095,"transfer_every":1,"rank_exp":5,"fast_lr":0.4,"tau_sec":0.0,"ab_dw_min":0.0004883,"ab_desired_bl":31,"c_dw_min":0.001953,"c_desired_bl":31,"out_noise":0.0,"ab_weight_scaling_omega":0.0,"min_lr_rate":0.0}},"intermediate_values":{}}
{"op_code":6,"worker_id":"2f18f019-3310-4999-b98a-3a195448cb3f-140557773139968","trial_id":28,"state":0,"values":null,"datetime_start":"2026-04-29T03:08:37.261908"}
{"op_code":5,"worker_id":"2f18f019-3310-4999-b98a-3a195448cb3f-140557773139968","trial_id":28,"param_name":"learning_rate","param_value_internal":0.0038,"distribution":"{\"name\": \"FloatDistribution\", \"attributes\": {\"step\": null, \"low\": 0.0001, \"high\": 0.05, \"log\": true}}"}
{"op_code":5,"worker_id":"2f18f019-3310-4999-b98a-3a195448cb3f-140557773139968","trial_id":28,"param_name":"transfer_lr","param_value_internal":0.095,"distribution":"{\"name\": \"FloatDistribution\", \"attributes\": {\"step\": null, \"low\": 0.009, \"high\": 5.0, \"log\": true}}"}
{"op_code":5,"worker_id":"2f18f019-3310-4999-b98a-3a195448cb3f-140557773139968","trial_id":28,"param_name":"transfer_every","param_value_internal":1.0,"distribution":"{\"name\": \"IntDistribution\", \"attributes\": {\"log\": true, \"step\": 1, \"low\": 1, \"high\": 20}}"}
{"op_code":5,"worker_id":"2f18f019-3310-4999-b98a-3a195448cb3f-140557773139968","trial_id":28,"param_name":"rank_exp","param_value_internal":5.0,"distribution":"{\"name\": \"IntDistribution\", \"attributes\": {\"log\": false, \"step\": 1, \"low\": 5, \"high\": 5}}"}
{"op_code":5,"worker_id":"2f18f019-3310-4999-b98a-3a195448cb3f-140557773139968","trial_id":28,"param_name":"fast_lr","param_value_internal":0.55,"distribution":"{\"name\": \"FloatDistribution\", \"attributes\": {\"step\": null, \"low\": 0.01, \"high\": 5.0, \"log\": true}}"}
{"op_code":5,"worker_id":"2f18f019-3310-4999-b98a-3a195448cb3f-140557773139968","trial_id":28,"param_name":"tau_sec","param_value_internal":0.0,"distribution":"{\"name\": \"FloatDistribution\", \"attributes\": {\"step\": null, \"low\": 0.0, \"high\": 0.0, \"log\": false}}"}
{"op_code":5,"worker_id":"2f18f019-3310-4999-b98a-3a195448cb3f-140557773139968","trial_id":28,"param_name":"ab_dw_min","param_value_internal":0.0004883,"distribution":"{\"name\": \"FloatDistribution\", \"attributes\": {\"step\": null, \"low\": 0.0004883, \"high\": 0.0004883, \"log\": true}}"}
{"op_code":5,"worker_id":"2f18f019-3310-4999-b98a-3a195448cb3f-140557773139968","trial_id":28,"param_name":"ab_desired_bl","param_value_internal":31.0,"distribution":"{\"name\": \"IntDistribution\", \"attributes\": {\"log\": false, \"step\": 1, \"low\": 31, \"high\": 31}}"}
{"op_code":5,"worker_id":"2f18f019-3310-4999-b98a-3a195448cb3f-140557773139968","trial_id":28,"param_name":"c_dw_min","param_value_internal":0.001953,"distribution":"{\"name\": \"FloatDistribution\", \"attributes\": {\"step\": null, \"low\": 0.001953, \"high\": 0.001953, \"log\": true}}"}
{"op_code":5,"worker_id":"2f18f019-3310-4999-b98a-3a195448cb3f-140557773139968","trial_id":28,"param_name":"c_desired_bl","param_value_internal":31.0,"distribution":"{\"name\": \"IntDistribution\", \"attributes\": {\"log\": false, \"step\": 1, \"low\": 31, \"high\": 31}}"}
{"op_code":5,"worker_id":"2f18f019-3310-4999-b98a-3a195448cb3f-140557773139968","trial_id":28,"param_name":"out_noise","param_value_internal":0.0,"distribution":"{\"name\": \"FloatDistribution\", \"attributes\": {\"step\": null, \"low\": 0.0, \"high\": 0.0, \"log\": false}}"}
{"op_code":5,"worker_id":"2f18f019-3310-4999-b98a-3a195448cb3f-140557773139968","trial_id":28,"param_name":"ab_weight_scaling_omega","param_value_internal":0.0,"distribution":"{\"name\": \"FloatDistribution\", \"attributes\": {\"step\": null, \"low\": 0.0, \"high\": 0.0, \"log\": false}}"}
{"op_code":5,"worker_id":"2f18f019-3310-4999-b98a-3a195448cb3f-140557773139968","trial_id":28,"param_name":"min_lr_rate","param_value_internal":0.0,"distribution":"{\"name\": \"FloatDistribution\", \"attributes\": {\"step\": null, \"low\": 0.0, \"high\": 0.0, \"log\": false}}"}
{"op_code":8,"worker_id":"2f18f019-3310-4999-b98a-3a195448cb3f-140557773139968","trial_id":28,"user_attr":{"grad_accum_steps":2}}
{"op_code":7,"worker_id":"a5c8cb8c-8042-415e-a5c1-c48da952a90d-140270418579456","trial_id":26,"step":1,"intermediate_value":79.88292432129523}
{"op_code":8,"worker_id":"a5c8cb8c-8042-415e-a5c1-c48da952a90d-140270418579456","trial_id":26,"user_attr":{"train_loss_epoch_1":1.9656832589689632}}
{"op_code":7,"worker_id":"2f18f019-3310-4999-b98a-3a195448cb3f-140557773139968","trial_id":28,"step":1,"intermediate_value":6.997708979108808}
{"op_code":8,"worker_id":"2f18f019-3310-4999-b98a-3a195448cb3f-140557773139968","trial_id":28,"user_attr":{"train_loss_epoch_1":5.5417702702139415}}
{"op_code":7,"worker_id":"a5c8cb8c-8042-415e-a5c1-c48da952a90d-140270418579456","trial_id":26,"step":2,"intermediate_value":82.28494337303968}
{"op_code":8,"worker_id":"a5c8cb8c-8042-415e-a5c1-c48da952a90d-140270418579456","trial_id":26,"user_attr":{"train_loss_epoch_2":1.3535455021754836}}
{"op_code":7,"worker_id":"2f18f019-3310-4999-b98a-3a195448cb3f-140557773139968","trial_id":28,"step":2,"intermediate_value":6.997708979108808}
{"op_code":8,"worker_id":"2f18f019-3310-4999-b98a-3a195448cb3f-140557773139968","trial_id":28,"user_attr":{"train_loss_epoch_2":5.772241353794759}}
{"op_code":6,"worker_id":"2f18f019-3310-4999-b98a-3a195448cb3f-140557773139968","trial_id":28,"state":1,"values":[6.997708979108808],"datetime_complete":"2026-04-29T04:02:20.907885"}
{"op_code":0,"worker_id":"b4ad3048-092a-4df0-90c0-e7f53ac225f4-140370221768704","study_name":"bert_squad_lrtt_bs48_adam_decay_nowd_nomom_nonest_onehot_a6t1c_bconstantstep6t1cgamma_cconstantstepideal_perfect_noos_qkvo_5ep","directions":[2]}
{"op_code":6,"worker_id":"b4ad3048-092a-4df0-90c0-e7f53ac225f4-140370221768704","trial_id":29,"state":0,"values":null,"datetime_start":"2026-04-29T04:02:31.729884"}
{"op_code":5,"worker_id":"b4ad3048-092a-4df0-90c0-e7f53ac225f4-140370221768704","trial_id":29,"param_name":"learning_rate","param_value_internal":0.0037,"distribution":"{\"name\": \"FloatDistribution\", \"attributes\": {\"step\": null, \"low\": 0.0001, \"high\": 0.05, \"log\": true}}"}
{"op_code":5,"worker_id":"b4ad3048-092a-4df0-90c0-e7f53ac225f4-140370221768704","trial_id":29,"param_name":"transfer_lr","param_value_internal":0.085,"distribution":"{\"name\": \"FloatDistribution\", \"attributes\": {\"step\": null, \"low\": 0.009, \"high\": 5.0, \"log\": true}}"}
{"op_code":5,"worker_id":"b4ad3048-092a-4df0-90c0-e7f53ac225f4-140370221768704","trial_id":29,"param_name":"transfer_every","param_value_internal":1.0,"distribution":"{\"name\": \"IntDistribution\", \"attributes\": {\"log\": true, \"step\": 1, \"low\": 1, \"high\": 20}}"}
{"op_code":5,"worker_id":"b4ad3048-092a-4df0-90c0-e7f53ac225f4-140370221768704","trial_id":29,"param_name":"rank_exp","param_value_internal":5.0,"distribution":"{\"name\": \"IntDistribution\", \"attributes\": {\"log\": false, \"step\": 1, \"low\": 5, \"high\": 5}}"}
{"op_code":5,"worker_id":"b4ad3048-092a-4df0-90c0-e7f53ac225f4-140370221768704","trial_id":29,"param_name":"fast_lr","param_value_internal":0.35,"distribution":"{\"name\": \"FloatDistribution\", \"attributes\": {\"step\": null, \"low\": 0.01, \"high\": 5.0, \"log\": true}}"}
{"op_code":5,"worker_id":"b4ad3048-092a-4df0-90c0-e7f53ac225f4-140370221768704","trial_id":29,"param_name":"tau_sec","param_value_internal":0.0,"distribution":"{\"name\": \"FloatDistribution\", \"attributes\": {\"step\": null, \"low\": 0.0, \"high\": 0.0, \"log\": false}}"}
{"op_code":5,"worker_id":"b4ad3048-092a-4df0-90c0-e7f53ac225f4-140370221768704","trial_id":29,"param_name":"ab_dw_min","param_value_internal":0.0004883,"distribution":"{\"name\": \"FloatDistribution\", \"attributes\": {\"step\": null, \"low\": 0.0004883, \"high\": 0.0004883, \"log\": true}}"}
{"op_code":5,"worker_id":"b4ad3048-092a-4df0-90c0-e7f53ac225f4-140370221768704","trial_id":29,"param_name":"ab_desired_bl","param_value_internal":31.0,"distribution":"{\"name\": \"IntDistribution\", \"attributes\": {\"log\": false, \"step\": 1, \"low\": 31, \"high\": 31}}"}
{"op_code":5,"worker_id":"b4ad3048-092a-4df0-90c0-e7f53ac225f4-140370221768704","trial_id":29,"param_name":"c_dw_min","param_value_internal":0.001953,"distribution":"{\"name\": \"FloatDistribution\", \"attributes\": {\"step\": null, \"low\": 0.001953, \"high\": 0.001953, \"log\": true}}"}
{"op_code":5,"worker_id":"b4ad3048-092a-4df0-90c0-e7f53ac225f4-140370221768704","trial_id":29,"param_name":"c_desired_bl","param_value_internal":31.0,"distribution":"{\"name\": \"IntDistribution\", \"attributes\": {\"log\": false, \"step\": 1, \"low\": 31, \"high\": 31}}"}
{"op_code":5,"worker_id":"b4ad3048-092a-4df0-90c0-e7f53ac225f4-140370221768704","trial_id":29,"param_name":"out_noise","param_value_internal":0.0,"distribution":"{\"name\": \"FloatDistribution\", \"attributes\": {\"step\": null, \"low\": 0.0, \"high\": 0.0, \"log\": false}}"}
{"op_code":5,"worker_id":"b4ad3048-092a-4df0-90c0-e7f53ac225f4-140370221768704","trial_id":29,"param_name":"ab_weight_scaling_omega","param_value_internal":0.0,"distribution":"{\"name\": \"FloatDistribution\", \"attributes\": {\"step\": null, \"low\": 0.0, \"high\": 0.0, \"log\": false}}"}
{"op_code":5,"worker_id":"b4ad3048-092a-4df0-90c0-e7f53ac225f4-140370221768704","trial_id":29,"param_name":"min_lr_rate","param_value_internal":0.0,"distribution":"{\"name\": \"FloatDistribution\", \"attributes\": {\"step\": null, \"low\": 0.0, \"high\": 0.0, \"log\": false}}"}
{"op_code":8,"worker_id":"b4ad3048-092a-4df0-90c0-e7f53ac225f4-140370221768704","trial_id":29,"user_attr":{"grad_accum_steps":1}}
{"op_code":7,"worker_id":"a5c8cb8c-8042-415e-a5c1-c48da952a90d-140270418579456","trial_id":26,"step":3,"intermediate_value":82.73854838249251}
{"op_code":8,"worker_id":"a5c8cb8c-8042-415e-a5c1-c48da952a90d-140270418579456","trial_id":26,"user_attr":{"train_loss_epoch_3":1.255715903841706}}
{"op_code":7,"worker_id":"b4ad3048-092a-4df0-90c0-e7f53ac225f4-140370221768704","trial_id":29,"step":1,"intermediate_value":79.80671037931634}
{"op_code":8,"worker_id":"b4ad3048-092a-4df0-90c0-e7f53ac225f4-140370221768704","trial_id":29,"user_attr":{"train_loss_epoch_1":1.9796195728992059}}
{"op_code":7,"worker_id":"a5c8cb8c-8042-415e-a5c1-c48da952a90d-140270418579456","trial_id":26,"step":4,"intermediate_value":83.53933088743887}
{"op_code":8,"worker_id":"a5c8cb8c-8042-415e-a5c1-c48da952a90d-140270418579456","trial_id":26,"user_attr":{"train_loss_epoch_4":1.188063099229239}}
{"op_code":7,"worker_id":"b4ad3048-092a-4df0-90c0-e7f53ac225f4-140370221768704","trial_id":29,"step":2,"intermediate_value":82.09828788459326}
{"op_code":8,"worker_id":"b4ad3048-092a-4df0-90c0-e7f53ac225f4-140370221768704","trial_id":29,"user_attr":{"train_loss_epoch_2":1.37268144677325}}
{"op_code":7,"worker_id":"a5c8cb8c-8042-415e-a5c1-c48da952a90d-140270418579456","trial_id":26,"step":5,"intermediate_value":84.18766259868043}
{"op_code":8,"worker_id":"a5c8cb8c-8042-415e-a5c1-c48da952a90d-140270418579456","trial_id":26,"user_attr":{"train_loss_epoch_5":1.1358607256638649}}
{"op_code":6,"worker_id":"a5c8cb8c-8042-415e-a5c1-c48da952a90d-140270418579456","trial_id":26,"state":1,"values":[84.18766259868043],"datetime_complete":"2026-04-29T04:58:40.427197"}
{"op_code":6,"worker_id":"a5c8cb8c-8042-415e-a5c1-c48da952a90d-140270418579456","trial_id":30,"state":0,"values":null,"datetime_start":"2026-04-29T04:58:40.428666"}
{"op_code":5,"worker_id":"a5c8cb8c-8042-415e-a5c1-c48da952a90d-140270418579456","trial_id":30,"param_name":"learning_rate","param_value_internal":0.0028,"distribution":"{\"name\": \"FloatDistribution\", \"attributes\": {\"step\": null, \"low\": 0.0001, \"high\": 0.05, \"log\": true}}"}
{"op_code":5,"worker_id":"a5c8cb8c-8042-415e-a5c1-c48da952a90d-140270418579456","trial_id":30,"param_name":"transfer_lr","param_value_internal":0.095,"distribution":"{\"name\": \"FloatDistribution\", \"attributes\": {\"step\": null, \"low\": 0.009, \"high\": 5.0, \"log\": true}}"}
{"op_code":5,"worker_id":"a5c8cb8c-8042-415e-a5c1-c48da952a90d-140270418579456","trial_id":30,"param_name":"transfer_every","param_value_internal":1.0,"distribution":"{\"name\": \"IntDistribution\", \"attributes\": {\"log\": true, \"step\": 1, \"low\": 1, \"high\": 20}}"}
{"op_code":5,"worker_id":"a5c8cb8c-8042-415e-a5c1-c48da952a90d-140270418579456","trial_id":30,"param_name":"rank_exp","param_value_internal":5.0,"distribution":"{\"name\": \"IntDistribution\", \"attributes\": {\"log\": false, \"step\": 1, \"low\": 5, \"high\": 5}}"}
{"op_code":5,"worker_id":"a5c8cb8c-8042-415e-a5c1-c48da952a90d-140270418579456","trial_id":30,"param_name":"fast_lr","param_value_internal":0.4,"distribution":"{\"name\": \"FloatDistribution\", \"attributes\": {\"step\": null, \"low\": 0.01, \"high\": 5.0, \"log\": true}}"}
{"op_code":5,"worker_id":"a5c8cb8c-8042-415e-a5c1-c48da952a90d-140270418579456","trial_id":30,"param_name":"tau_sec","param_value_internal":0.0,"distribution":"{\"name\": \"FloatDistribution\", \"attributes\": {\"step\": null, \"low\": 0.0, \"high\": 0.0, \"log\": false}}"}
{"op_code":5,"worker_id":"a5c8cb8c-8042-415e-a5c1-c48da952a90d-140270418579456","trial_id":30,"param_name":"ab_dw_min","param_value_internal":0.0004883,"distribution":"{\"name\": \"FloatDistribution\", \"attributes\": {\"step\": null, \"low\": 0.0004883, \"high\": 0.0004883, \"log\": true}}"}
{"op_code":5,"worker_id":"a5c8cb8c-8042-415e-a5c1-c48da952a90d-140270418579456","trial_id":30,"param_name":"ab_desired_bl","param_value_internal":31.0,"distribution":"{\"name\": \"IntDistribution\", \"attributes\": {\"log\": false, \"step\": 1, \"low\": 31, \"high\": 31}}"}
{"op_code":5,"worker_id":"a5c8cb8c-8042-415e-a5c1-c48da952a90d-140270418579456","trial_id":30,"param_name":"c_dw_min","param_value_internal":0.001953,"distribution":"{\"name\": \"FloatDistribution\", \"attributes\": {\"step\": null, \"low\": 0.001953, \"high\": 0.001953, \"log\": true}}"}
{"op_code":5,"worker_id":"a5c8cb8c-8042-415e-a5c1-c48da952a90d-140270418579456","trial_id":30,"param_name":"c_desired_bl","param_value_internal":31.0,"distribution":"{\"name\": \"IntDistribution\", \"attributes\": {\"log\": false, \"step\": 1, \"low\": 31, \"high\": 31}}"}
{"op_code":5,"worker_id":"a5c8cb8c-8042-415e-a5c1-c48da952a90d-140270418579456","trial_id":30,"param_name":"out_noise","param_value_internal":0.0,"distribution":"{\"name\": \"FloatDistribution\", \"attributes\": {\"step\": null, \"low\": 0.0, \"high\": 0.0, \"log\": false}}"}
{"op_code":5,"worker_id":"a5c8cb8c-8042-415e-a5c1-c48da952a90d-140270418579456","trial_id":30,"param_name":"ab_weight_scaling_omega","param_value_internal":0.0,"distribution":"{\"name\": \"FloatDistribution\", \"attributes\": {\"step\": null, \"low\": 0.0, \"high\": 0.0, \"log\": false}}"}
{"op_code":5,"worker_id":"a5c8cb8c-8042-415e-a5c1-c48da952a90d-140270418579456","trial_id":30,"param_name":"min_lr_rate","param_value_internal":0.0,"distribution":"{\"name\": \"FloatDistribution\", \"attributes\": {\"step\": null, \"low\": 0.0, \"high\": 0.0, \"log\": false}}"}
{"op_code":8,"worker_id":"a5c8cb8c-8042-415e-a5c1-c48da952a90d-140270418579456","trial_id":30,"user_attr":{"grad_accum_steps":1}}
{"op_code":7,"worker_id":"b4ad3048-092a-4df0-90c0-e7f53ac225f4-140370221768704","trial_id":29,"step":3,"intermediate_value":82.73851290960566}
{"op_code":8,"worker_id":"b4ad3048-092a-4df0-90c0-e7f53ac225f4-140370221768704","trial_id":29,"user_attr":{"train_loss_epoch_3":1.2602418446282384}}
{"op_code":7,"worker_id":"a5c8cb8c-8042-415e-a5c1-c48da952a90d-140270418579456","trial_id":30,"step":1,"intermediate_value":80.97701275294588}
{"op_code":8,"worker_id":"a5c8cb8c-8042-415e-a5c1-c48da952a90d-140270418579456","trial_id":30,"user_attr":{"train_loss_epoch_1":1.9620882599011347}}
{"op_code":7,"worker_id":"b4ad3048-092a-4df0-90c0-e7f53ac225f4-140370221768704","trial_id":29,"step":4,"intermediate_value":83.63325357194147}
{"op_code":8,"worker_id":"b4ad3048-092a-4df0-90c0-e7f53ac225f4-140370221768704","trial_id":29,"user_attr":{"train_loss_epoch_4":1.1922336277922965}}
{"op_code":7,"worker_id":"a5c8cb8c-8042-415e-a5c1-c48da952a90d-140270418579456","trial_id":30,"step":2,"intermediate_value":82.75140826732596}
{"op_code":8,"worker_id":"a5c8cb8c-8042-415e-a5c1-c48da952a90d-140270418579456","trial_id":30,"user_attr":{"train_loss_epoch_2":1.3415951914903594}}
{"op_code":7,"worker_id":"b4ad3048-092a-4df0-90c0-e7f53ac225f4-140370221768704","trial_id":29,"step":5,"intermediate_value":83.9069791985964}
{"op_code":8,"worker_id":"b4ad3048-092a-4df0-90c0-e7f53ac225f4-140370221768704","trial_id":29,"user_attr":{"train_loss_epoch_5":1.140735391775767}}
{"op_code":6,"worker_id":"b4ad3048-092a-4df0-90c0-e7f53ac225f4-140370221768704","trial_id":29,"state":1,"values":[83.9069791985964],"datetime_complete":"2026-04-29T06:07:12.318001"}
{"op_code":6,"worker_id":"b4ad3048-092a-4df0-90c0-e7f53ac225f4-140370221768704","trial_id":31,"state":0,"values":null,"datetime_start":"2026-04-29T06:07:12.319478"}
{"op_code":5,"worker_id":"b4ad3048-092a-4df0-90c0-e7f53ac225f4-140370221768704","trial_id":31,"param_name":"learning_rate","param_value_internal":0.0042,"distribution":"{\"name\": \"FloatDistribution\", \"attributes\": {\"step\": null, \"low\": 0.0001, \"high\": 0.05, \"log\": true}}"}
{"op_code":5,"worker_id":"b4ad3048-092a-4df0-90c0-e7f53ac225f4-140370221768704","trial_id":31,"param_name":"transfer_lr","param_value_internal":0.095,"distribution":"{\"name\": \"FloatDistribution\", \"attributes\": {\"step\": null, \"low\": 0.009, \"high\": 5.0, \"log\": true}}"}
{"op_code":5,"worker_id":"b4ad3048-092a-4df0-90c0-e7f53ac225f4-140370221768704","trial_id":31,"param_name":"transfer_every","param_value_internal":1.0,"distribution":"{\"name\": \"IntDistribution\", \"attributes\": {\"log\": true, \"step\": 1, \"low\": 1, \"high\": 20}}"}
{"op_code":5,"worker_id":"b4ad3048-092a-4df0-90c0-e7f53ac225f4-140370221768704","trial_id":31,"param_name":"rank_exp","param_value_internal":5.0,"distribution":"{\"name\": \"IntDistribution\", \"attributes\": {\"log\": false, \"step\": 1, \"low\": 5, \"high\": 5}}"}
{"op_code":5,"worker_id":"b4ad3048-092a-4df0-90c0-e7f53ac225f4-140370221768704","trial_id":31,"param_name":"fast_lr","param_value_internal":0.4,"distribution":"{\"name\": \"FloatDistribution\", \"attributes\": {\"step\": null, \"low\": 0.01, \"high\": 5.0, \"log\": true}}"}
{"op_code":5,"worker_id":"b4ad3048-092a-4df0-90c0-e7f53ac225f4-140370221768704","trial_id":31,"param_name":"tau_sec","param_value_internal":0.0,"distribution":"{\"name\": \"FloatDistribution\", \"attributes\": {\"step\": null, \"low\": 0.0, \"high\": 0.0, \"log\": false}}"}
{"op_code":5,"worker_id":"b4ad3048-092a-4df0-90c0-e7f53ac225f4-140370221768704","trial_id":31,"param_name":"ab_dw_min","param_value_internal":0.0004883,"distribution":"{\"name\": \"FloatDistribution\", \"attributes\": {\"step\": null, \"low\": 0.0004883, \"high\": 0.0004883, \"log\": true}}"}
{"op_code":5,"worker_id":"b4ad3048-092a-4df0-90c0-e7f53ac225f4-140370221768704","trial_id":31,"param_name":"ab_desired_bl","param_value_internal":31.0,"distribution":"{\"name\": \"IntDistribution\", \"attributes\": {\"log\": false, \"step\": 1, \"low\": 31, \"high\": 31}}"}
{"op_code":5,"worker_id":"b4ad3048-092a-4df0-90c0-e7f53ac225f4-140370221768704","trial_id":31,"param_name":"c_dw_min","param_value_internal":0.001953,"distribution":"{\"name\": \"FloatDistribution\", \"attributes\": {\"step\": null, \"low\": 0.001953, \"high\": 0.001953, \"log\": true}}"}
{"op_code":5,"worker_id":"b4ad3048-092a-4df0-90c0-e7f53ac225f4-140370221768704","trial_id":31,"param_name":"c_desired_bl","param_value_internal":31.0,"distribution":"{\"name\": \"IntDistribution\", \"attributes\": {\"log\": false, \"step\": 1, \"low\": 31, \"high\": 31}}"}
{"op_code":5,"worker_id":"b4ad3048-092a-4df0-90c0-e7f53ac225f4-140370221768704","trial_id":31,"param_name":"out_noise","param_value_internal":0.0,"distribution":"{\"name\": \"FloatDistribution\", \"attributes\": {\"step\": null, \"low\": 0.0, \"high\": 0.0, \"log\": false}}"}
{"op_code":5,"worker_id":"b4ad3048-092a-4df0-90c0-e7f53ac225f4-140370221768704","trial_id":31,"param_name":"ab_weight_scaling_omega","param_value_internal":0.0,"distribution":"{\"name\": \"FloatDistribution\", \"attributes\": {\"step\": null, \"low\": 0.0, \"high\": 0.0, \"log\": false}}"}
{"op_code":5,"worker_id":"b4ad3048-092a-4df0-90c0-e7f53ac225f4-140370221768704","trial_id":31,"param_name":"min_lr_rate","param_value_internal":0.0,"distribution":"{\"name\": \"FloatDistribution\", \"attributes\": {\"step\": null, \"low\": 0.0, \"high\": 0.0, \"log\": false}}"}
{"op_code":8,"worker_id":"b4ad3048-092a-4df0-90c0-e7f53ac225f4-140370221768704","trial_id":31,"user_attr":{"grad_accum_steps":1}}
{"op_code":7,"worker_id":"a5c8cb8c-8042-415e-a5c1-c48da952a90d-140270418579456","trial_id":30,"step":3,"intermediate_value":83.53513104993782}
{"op_code":8,"worker_id":"a5c8cb8c-8042-415e-a5c1-c48da952a90d-140270418579456","trial_id":30,"user_attr":{"train_loss_epoch_3":1.2285366763267414}}
{"op_code":7,"worker_id":"b4ad3048-092a-4df0-90c0-e7f53ac225f4-140370221768704","trial_id":31,"step":1,"intermediate_value":80.04672379658328}
{"op_code":8,"worker_id":"b4ad3048-092a-4df0-90c0-e7f53ac225f4-140370221768704","trial_id":31,"user_attr":{"train_loss_epoch_1":1.9379472549691756}}
{"op_code":7,"worker_id":"a5c8cb8c-8042-415e-a5c1-c48da952a90d-140270418579456","trial_id":30,"step":4,"intermediate_value":84.12674983049227}
{"op_code":8,"worker_id":"a5c8cb8c-8042-415e-a5c1-c48da952a90d-140270418579456","trial_id":30,"user_attr":{"train_loss_epoch_4":1.1600396514585025}}
{"op_code":7,"worker_id":"b4ad3048-092a-4df0-90c0-e7f53ac225f4-140370221768704","trial_id":31,"step":2,"intermediate_value":82.17477055457785}
{"op_code":8,"worker_id":"b4ad3048-092a-4df0-90c0-e7f53ac225f4-140370221768704","trial_id":31,"user_attr":{"train_loss_epoch_2":1.3514670602028287}}
{"op_code":7,"worker_id":"a5c8cb8c-8042-415e-a5c1-c48da952a90d-140270418579456","trial_id":30,"step":5,"intermediate_value":84.27556772114836}
{"op_code":8,"worker_id":"a5c8cb8c-8042-415e-a5c1-c48da952a90d-140270418579456","trial_id":30,"user_attr":{"train_loss_epoch_5":1.1163711572727213}}
{"op_code":6,"worker_id":"a5c8cb8c-8042-415e-a5c1-c48da952a90d-140270418579456","trial_id":30,"state":1,"values":[84.27556772114836],"datetime_complete":"2026-04-29T07:04:59.162535"}
{"op_code":6,"worker_id":"a5c8cb8c-8042-415e-a5c1-c48da952a90d-140270418579456","trial_id":32,"state":0,"values":null,"datetime_start":"2026-04-29T07:04:59.164437"}
{"op_code":5,"worker_id":"a5c8cb8c-8042-415e-a5c1-c48da952a90d-140270418579456","trial_id":32,"param_name":"learning_rate","param_value_internal":0.0038,"distribution":"{\"name\": \"FloatDistribution\", \"attributes\": {\"step\": null, \"low\": 0.0001, \"high\": 0.05, \"log\": true}}"}
{"op_code":5,"worker_id":"a5c8cb8c-8042-415e-a5c1-c48da952a90d-140270418579456","trial_id":32,"param_name":"transfer_lr","param_value_internal":0.07,"distribution":"{\"name\": \"FloatDistribution\", \"attributes\": {\"step\": null, \"low\": 0.009, \"high\": 5.0, \"log\": true}}"}
{"op_code":5,"worker_id":"a5c8cb8c-8042-415e-a5c1-c48da952a90d-140270418579456","trial_id":32,"param_name":"transfer_every","param_value_internal":1.0,"distribution":"{\"name\": \"IntDistribution\", \"attributes\": {\"log\": true, \"step\": 1, \"low\": 1, \"high\": 20}}"}
{"op_code":5,"worker_id":"a5c8cb8c-8042-415e-a5c1-c48da952a90d-140270418579456","trial_id":32,"param_name":"rank_exp","param_value_internal":5.0,"distribution":"{\"name\": \"IntDistribution\", \"attributes\": {\"log\": false, \"step\": 1, \"low\": 5, \"high\": 5}}"}
{"op_code":5,"worker_id":"a5c8cb8c-8042-415e-a5c1-c48da952a90d-140270418579456","trial_id":32,"param_name":"fast_lr","param_value_internal":0.4,"distribution":"{\"name\": \"FloatDistribution\", \"attributes\": {\"step\": null, \"low\": 0.01, \"high\": 5.0, \"log\": true}}"}
{"op_code":5,"worker_id":"a5c8cb8c-8042-415e-a5c1-c48da952a90d-140270418579456","trial_id":32,"param_name":"tau_sec","param_value_internal":0.0,"distribution":"{\"name\": \"FloatDistribution\", \"attributes\": {\"step\": null, \"low\": 0.0, \"high\": 0.0, \"log\": false}}"}
{"op_code":5,"worker_id":"a5c8cb8c-8042-415e-a5c1-c48da952a90d-140270418579456","trial_id":32,"param_name":"ab_dw_min","param_value_internal":0.0004883,"distribution":"{\"name\": \"FloatDistribution\", \"attributes\": {\"step\": null, \"low\": 0.0004883, \"high\": 0.0004883, \"log\": true}}"}
{"op_code":5,"worker_id":"a5c8cb8c-8042-415e-a5c1-c48da952a90d-140270418579456","trial_id":32,"param_name":"ab_desired_bl","param_value_internal":31.0,"distribution":"{\"name\": \"IntDistribution\", \"attributes\": {\"log\": false, \"step\": 1, \"low\": 31, \"high\": 31}}"}
{"op_code":5,"worker_id":"a5c8cb8c-8042-415e-a5c1-c48da952a90d-140270418579456","trial_id":32,"param_name":"c_dw_min","param_value_internal":0.001953,"distribution":"{\"name\": \"FloatDistribution\", \"attributes\": {\"step\": null, \"low\": 0.001953, \"high\": 0.001953, \"log\": true}}"}
{"op_code":5,"worker_id":"a5c8cb8c-8042-415e-a5c1-c48da952a90d-140270418579456","trial_id":32,"param_name":"c_desired_bl","param_value_internal":31.0,"distribution":"{\"name\": \"IntDistribution\", \"attributes\": {\"log\": false, \"step\": 1, \"low\": 31, \"high\": 31}}"}
{"op_code":5,"worker_id":"a5c8cb8c-8042-415e-a5c1-c48da952a90d-140270418579456","trial_id":32,"param_name":"out_noise","param_value_internal":0.0,"distribution":"{\"name\": \"FloatDistribution\", \"attributes\": {\"step\": null, \"low\": 0.0, \"high\": 0.0, \"log\": false}}"}
{"op_code":5,"worker_id":"a5c8cb8c-8042-415e-a5c1-c48da952a90d-140270418579456","trial_id":32,"param_name":"ab_weight_scaling_omega","param_value_internal":0.0,"distribution":"{\"name\": \"FloatDistribution\", \"attributes\": {\"step\": null, \"low\": 0.0, \"high\": 0.0, \"log\": false}}"}
{"op_code":5,"worker_id":"a5c8cb8c-8042-415e-a5c1-c48da952a90d-140270418579456","trial_id":32,"param_name":"min_lr_rate","param_value_internal":0.0,"distribution":"{\"name\": \"FloatDistribution\", \"attributes\": {\"step\": null, \"low\": 0.0, \"high\": 0.0, \"log\": false}}"}
{"op_code":8,"worker_id":"a5c8cb8c-8042-415e-a5c1-c48da952a90d-140270418579456","trial_id":32,"user_attr":{"grad_accum_steps":1}}
{"op_code":7,"worker_id":"b4ad3048-092a-4df0-90c0-e7f53ac225f4-140370221768704","trial_id":31,"step":3,"intermediate_value":83.1259015630333}
{"op_code":8,"worker_id":"b4ad3048-092a-4df0-90c0-e7f53ac225f4-140370221768704","trial_id":31,"user_attr":{"train_loss_epoch_3":1.2530210463981317}}
{"op_code":7,"worker_id":"a5c8cb8c-8042-415e-a5c1-c48da952a90d-140270418579456","trial_id":32,"step":1,"intermediate_value":79.57319413172871}
{"op_code":8,"worker_id":"a5c8cb8c-8042-415e-a5c1-c48da952a90d-140270418579456","trial_id":32,"user_attr":{"train_loss_epoch_1":1.952196313049089}}
{"op_code":7,"worker_id":"b4ad3048-092a-4df0-90c0-e7f53ac225f4-140370221768704","trial_id":31,"step":4,"intermediate_value":83.57091473636684}
{"op_code":8,"worker_id":"b4ad3048-092a-4df0-90c0-e7f53ac225f4-140370221768704","trial_id":31,"user_attr":{"train_loss_epoch_4":1.1825510545313196}}
{"op_code":7,"worker_id":"a5c8cb8c-8042-415e-a5c1-c48da952a90d-140270418579456","trial_id":32,"step":2,"intermediate_value":81.9578467555619}
{"op_code":8,"worker_id":"a5c8cb8c-8042-415e-a5c1-c48da952a90d-140270418579456","trial_id":32,"user_attr":{"train_loss_epoch_2":1.375381193606834}}
{"op_code":7,"worker_id":"b4ad3048-092a-4df0-90c0-e7f53ac225f4-140370221768704","trial_id":31,"step":5,"intermediate_value":83.82373192221432}
{"op_code":8,"worker_id":"b4ad3048-092a-4df0-90c0-e7f53ac225f4-140370221768704","trial_id":31,"user_attr":{"train_loss_epoch_5":1.12614869493133}}
{"op_code":6,"worker_id":"b4ad3048-092a-4df0-90c0-e7f53ac225f4-140370221768704","trial_id":31,"state":1,"values":[83.82373192221432],"datetime_complete":"2026-04-29T08:13:20.619073"}
{"op_code":6,"worker_id":"b4ad3048-092a-4df0-90c0-e7f53ac225f4-140370221768704","trial_id":33,"state":0,"values":null,"datetime_start":"2026-04-29T08:13:20.620554"}
{"op_code":5,"worker_id":"b4ad3048-092a-4df0-90c0-e7f53ac225f4-140370221768704","trial_id":33,"param_name":"learning_rate","param_value_internal":0.0038,"distribution":"{\"name\": \"FloatDistribution\", \"attributes\": {\"step\": null, \"low\": 0.0001, \"high\": 0.05, \"log\": true}}"}
{"op_code":5,"worker_id":"b4ad3048-092a-4df0-90c0-e7f53ac225f4-140370221768704","trial_id":33,"param_name":"transfer_lr","param_value_internal":0.12,"distribution":"{\"name\": \"FloatDistribution\", \"attributes\": {\"step\": null, \"low\": 0.009, \"high\": 5.0, \"log\": true}}"}
{"op_code":5,"worker_id":"b4ad3048-092a-4df0-90c0-e7f53ac225f4-140370221768704","trial_id":33,"param_name":"transfer_every","param_value_internal":1.0,"distribution":"{\"name\": \"IntDistribution\", \"attributes\": {\"log\": true, \"step\": 1, \"low\": 1, \"high\": 20}}"}
{"op_code":5,"worker_id":"b4ad3048-092a-4df0-90c0-e7f53ac225f4-140370221768704","trial_id":33,"param_name":"rank_exp","param_value_internal":5.0,"distribution":"{\"name\": \"IntDistribution\", \"attributes\": {\"log\": false, \"step\": 1, \"low\": 5, \"high\": 5}}"}
{"op_code":5,"worker_id":"b4ad3048-092a-4df0-90c0-e7f53ac225f4-140370221768704","trial_id":33,"param_name":"fast_lr","param_value_internal":0.4,"distribution":"{\"name\": \"FloatDistribution\", \"attributes\": {\"step\": null, \"low\": 0.01, \"high\": 5.0, \"log\": true}}"}
{"op_code":5,"worker_id":"b4ad3048-092a-4df0-90c0-e7f53ac225f4-140370221768704","trial_id":33,"param_name":"tau_sec","param_value_internal":0.0,"distribution":"{\"name\": \"FloatDistribution\", \"attributes\": {\"step\": null, \"low\": 0.0, \"high\": 0.0, \"log\": false}}"}
{"op_code":5,"worker_id":"b4ad3048-092a-4df0-90c0-e7f53ac225f4-140370221768704","trial_id":33,"param_name":"ab_dw_min","param_value_internal":0.0004883,"distribution":"{\"name\": \"FloatDistribution\", \"attributes\": {\"step\": null, \"low\": 0.0004883, \"high\": 0.0004883, \"log\": true}}"}
{"op_code":5,"worker_id":"b4ad3048-092a-4df0-90c0-e7f53ac225f4-140370221768704","trial_id":33,"param_name":"ab_desired_bl","param_value_internal":31.0,"distribution":"{\"name\": \"IntDistribution\", \"attributes\": {\"log\": false, \"step\": 1, \"low\": 31, \"high\": 31}}"}
{"op_code":5,"worker_id":"b4ad3048-092a-4df0-90c0-e7f53ac225f4-140370221768704","trial_id":33,"param_name":"c_dw_min","param_value_internal":0.001953,"distribution":"{\"name\": \"FloatDistribution\", \"attributes\": {\"step\": null, \"low\": 0.001953, \"high\": 0.001953, \"log\": true}}"}
{"op_code":5,"worker_id":"b4ad3048-092a-4df0-90c0-e7f53ac225f4-140370221768704","trial_id":33,"param_name":"c_desired_bl","param_value_internal":31.0,"distribution":"{\"name\": \"IntDistribution\", \"attributes\": {\"log\": false, \"step\": 1, \"low\": 31, \"high\": 31}}"}
{"op_code":5,"worker_id":"b4ad3048-092a-4df0-90c0-e7f53ac225f4-140370221768704","trial_id":33,"param_name":"out_noise","param_value_internal":0.0,"distribution":"{\"name\": \"FloatDistribution\", \"attributes\": {\"step\": null, \"low\": 0.0, \"high\": 0.0, \"log\": false}}"}
{"op_code":5,"worker_id":"b4ad3048-092a-4df0-90c0-e7f53ac225f4-140370221768704","trial_id":33,"param_name":"ab_weight_scaling_omega","param_value_internal":0.0,"distribution":"{\"name\": \"FloatDistribution\", \"attributes\": {\"step\": null, \"low\": 0.0, \"high\": 0.0, \"log\": false}}"}
{"op_code":5,"worker_id":"b4ad3048-092a-4df0-90c0-e7f53ac225f4-140370221768704","trial_id":33,"param_name":"min_lr_rate","param_value_internal":0.0,"distribution":"{\"name\": \"FloatDistribution\", \"attributes\": {\"step\": null, \"low\": 0.0, \"high\": 0.0, \"log\": false}}"}
{"op_code":8,"worker_id":"b4ad3048-092a-4df0-90c0-e7f53ac225f4-140370221768704","trial_id":33,"user_attr":{"grad_accum_steps":1}}
{"op_code":7,"worker_id":"a5c8cb8c-8042-415e-a5c1-c48da952a90d-140270418579456","trial_id":32,"step":3,"intermediate_value":83.20594108596653}
{"op_code":8,"worker_id":"a5c8cb8c-8042-415e-a5c1-c48da952a90d-140270418579456","trial_id":32,"user_attr":{"train_loss_epoch_3":1.2738782844892362}}
{"op_code":7,"worker_id":"b4ad3048-092a-4df0-90c0-e7f53ac225f4-140370221768704","trial_id":33,"step":1,"intermediate_value":79.78447814445988}
{"op_code":8,"worker_id":"b4ad3048-092a-4df0-90c0-e7f53ac225f4-140370221768704","trial_id":33,"user_attr":{"train_loss_epoch_1":1.9513136829787154}}
{"op_code":7,"worker_id":"a5c8cb8c-8042-415e-a5c1-c48da952a90d-140270418579456","trial_id":32,"step":4,"intermediate_value":83.70310214158576}
{"op_code":8,"worker_id":"a5c8cb8c-8042-415e-a5c1-c48da952a90d-140270418579456","trial_id":32,"user_attr":{"train_loss_epoch_4":1.1952735938676973}}
{"op_code":7,"worker_id":"b4ad3048-092a-4df0-90c0-e7f53ac225f4-140370221768704","trial_id":33,"step":2,"intermediate_value":81.69182905885076}
{"op_code":8,"worker_id":"b4ad3048-092a-4df0-90c0-e7f53ac225f4-140370221768704","trial_id":33,"user_attr":{"train_loss_epoch_2":1.359335386430022}}
{"op_code":7,"worker_id":"a5c8cb8c-8042-415e-a5c1-c48da952a90d-140270418579456","trial_id":32,"step":5,"intermediate_value":84.33802036992884}
{"op_code":8,"worker_id":"a5c8cb8c-8042-415e-a5c1-c48da952a90d-140270418579456","trial_id":32,"user_attr":{"train_loss_epoch_5":1.1407063372736055}}
{"op_code":6,"worker_id":"a5c8cb8c-8042-415e-a5c1-c48da952a90d-140270418579456","trial_id":32,"state":1,"values":[84.33802036992884],"datetime_complete":"2026-04-29T09:10:35.854326"}
{"op_code":6,"worker_id":"a5c8cb8c-8042-415e-a5c1-c48da952a90d-140270418579456","trial_id":34,"state":0,"values":null,"datetime_start":"2026-04-29T09:10:35.856000"}
{"op_code":5,"worker_id":"a5c8cb8c-8042-415e-a5c1-c48da952a90d-140270418579456","trial_id":34,"param_name":"learning_rate","param_value_internal":0.0038,"distribution":"{\"name\": \"FloatDistribution\", \"attributes\": {\"step\": null, \"low\": 0.0001, \"high\": 0.05, \"log\": true}}"}
{"op_code":5,"worker_id":"a5c8cb8c-8042-415e-a5c1-c48da952a90d-140270418579456","trial_id":34,"param_name":"transfer_lr","param_value_internal":0.15,"distribution":"{\"name\": \"FloatDistribution\", \"attributes\": {\"step\": null, \"low\": 0.009, \"high\": 5.0, \"log\": true}}"}
{"op_code":5,"worker_id":"a5c8cb8c-8042-415e-a5c1-c48da952a90d-140270418579456","trial_id":34,"param_name":"transfer_every","param_value_internal":1.0,"distribution":"{\"name\": \"IntDistribution\", \"attributes\": {\"log\": true, \"step\": 1, \"low\": 1, \"high\": 20}}"}
{"op_code":5,"worker_id":"a5c8cb8c-8042-415e-a5c1-c48da952a90d-140270418579456","trial_id":34,"param_name":"rank_exp","param_value_internal":5.0,"distribution":"{\"name\": \"IntDistribution\", \"attributes\": {\"log\": false, \"step\": 1, \"low\": 5, \"high\": 5}}"}
{"op_code":5,"worker_id":"a5c8cb8c-8042-415e-a5c1-c48da952a90d-140270418579456","trial_id":34,"param_name":"fast_lr","param_value_internal":0.4,"distribution":"{\"name\": \"FloatDistribution\", \"attributes\": {\"step\": null, \"low\": 0.01, \"high\": 5.0, \"log\": true}}"}
{"op_code":5,"worker_id":"a5c8cb8c-8042-415e-a5c1-c48da952a90d-140270418579456","trial_id":34,"param_name":"tau_sec","param_value_internal":0.0,"distribution":"{\"name\": \"FloatDistribution\", \"attributes\": {\"step\": null, \"low\": 0.0, \"high\": 0.0, \"log\": false}}"}
{"op_code":5,"worker_id":"a5c8cb8c-8042-415e-a5c1-c48da952a90d-140270418579456","trial_id":34,"param_name":"ab_dw_min","param_value_internal":0.0004883,"distribution":"{\"name\": \"FloatDistribution\", \"attributes\": {\"step\": null, \"low\": 0.0004883, \"high\": 0.0004883, \"log\": true}}"}
{"op_code":5,"worker_id":"a5c8cb8c-8042-415e-a5c1-c48da952a90d-140270418579456","trial_id":34,"param_name":"ab_desired_bl","param_value_internal":31.0,"distribution":"{\"name\": \"IntDistribution\", \"attributes\": {\"log\": false, \"step\": 1, \"low\": 31, \"high\": 31}}"}
{"op_code":5,"worker_id":"a5c8cb8c-8042-415e-a5c1-c48da952a90d-140270418579456","trial_id":34,"param_name":"c_dw_min","param_value_internal":0.001953,"distribution":"{\"name\": \"FloatDistribution\", \"attributes\": {\"step\": null, \"low\": 0.001953, \"high\": 0.001953, \"log\": true}}"}
{"op_code":5,"worker_id":"a5c8cb8c-8042-415e-a5c1-c48da952a90d-140270418579456","trial_id":34,"param_name":"c_desired_bl","param_value_internal":31.0,"distribution":"{\"name\": \"IntDistribution\", \"attributes\": {\"log\": false, \"step\": 1, \"low\": 31, \"high\": 31}}"}
{"op_code":5,"worker_id":"a5c8cb8c-8042-415e-a5c1-c48da952a90d-140270418579456","trial_id":34,"param_name":"out_noise","param_value_internal":0.0,"distribution":"{\"name\": \"FloatDistribution\", \"attributes\": {\"step\": null, \"low\": 0.0, \"high\": 0.0, \"log\": false}}"}
{"op_code":5,"worker_id":"a5c8cb8c-8042-415e-a5c1-c48da952a90d-140270418579456","trial_id":34,"param_name":"ab_weight_scaling_omega","param_value_internal":0.0,"distribution":"{\"name\": \"FloatDistribution\", \"attributes\": {\"step\": null, \"low\": 0.0, \"high\": 0.0, \"log\": false}}"}
{"op_code":5,"worker_id":"a5c8cb8c-8042-415e-a5c1-c48da952a90d-140270418579456","trial_id":34,"param_name":"min_lr_rate","param_value_internal":0.0,"distribution":"{\"name\": \"FloatDistribution\", \"attributes\": {\"step\": null, \"low\": 0.0, \"high\": 0.0, \"log\": false}}"}
{"op_code":8,"worker_id":"a5c8cb8c-8042-415e-a5c1-c48da952a90d-140270418579456","trial_id":34,"user_attr":{"grad_accum_steps":1}}
{"op_code":7,"worker_id":"b4ad3048-092a-4df0-90c0-e7f53ac225f4-140370221768704","trial_id":33,"step":3,"intermediate_value":82.6469320727775}
{"op_code":8,"worker_id":"b4ad3048-092a-4df0-90c0-e7f53ac225f4-140370221768704","trial_id":33,"user_attr":{"train_loss_epoch_3":1.252537550318855}}
{"op_code":7,"worker_id":"a5c8cb8c-8042-415e-a5c1-c48da952a90d-140270418579456","trial_id":34,"step":1,"intermediate_value":78.73291232303553}
{"op_code":8,"worker_id":"a5c8cb8c-8042-415e-a5c1-c48da952a90d-140270418579456","trial_id":34,"user_attr":{"train_loss_epoch_1":1.968376307274268}}
{"op_code":7,"worker_id":"b4ad3048-092a-4df0-90c0-e7f53ac225f4-140370221768704","trial_id":33,"step":4,"intermediate_value":83.2876426810151}
{"op_code":8,"worker_id":"b4ad3048-092a-4df0-90c0-e7f53ac225f4-140370221768704","trial_id":33,"user_attr":{"train_loss_epoch_4":1.1811831766027745}}
{"op_code":7,"worker_id":"a5c8cb8c-8042-415e-a5c1-c48da952a90d-140270418579456","trial_id":34,"step":2,"intermediate_value":81.08821463854925}
{"op_code":8,"worker_id":"a5c8cb8c-8042-415e-a5c1-c48da952a90d-140270418579456","trial_id":34,"user_attr":{"train_loss_epoch_2":1.3705824639416}}
{"op_code":7,"worker_id":"b4ad3048-092a-4df0-90c0-e7f53ac225f4-140370221768704","trial_id":33,"step":5,"intermediate_value":83.2876426810151}
{"op_code":8,"worker_id":"b4ad3048-092a-4df0-90c0-e7f53ac225f4-140370221768704","trial_id":33,"user_attr":{"train_loss_epoch_5":1.3931601052361775}}
{"op_code":6,"worker_id":"b4ad3048-092a-4df0-90c0-e7f53ac225f4-140370221768704","trial_id":33,"state":1,"values":[83.2876426810151],"datetime_complete":"2026-04-29T10:19:04.361572"}
{"op_code":6,"worker_id":"b4ad3048-092a-4df0-90c0-e7f53ac225f4-140370221768704","trial_id":35,"state":0,"values":null,"datetime_start":"2026-04-29T10:19:04.363579"}
{"op_code":5,"worker_id":"b4ad3048-092a-4df0-90c0-e7f53ac225f4-140370221768704","trial_id":35,"param_name":"learning_rate","param_value_internal":0.0019,"distribution":"{\"name\": \"FloatDistribution\", \"attributes\": {\"step\": null, \"low\": 0.0001, \"high\": 0.05, \"log\": true}}"}
{"op_code":5,"worker_id":"b4ad3048-092a-4df0-90c0-e7f53ac225f4-140370221768704","trial_id":35,"param_name":"transfer_lr","param_value_internal":0.2,"distribution":"{\"name\": \"FloatDistribution\", \"attributes\": {\"step\": null, \"low\": 0.009, \"high\": 5.0, \"log\": true}}"}
{"op_code":5,"worker_id":"b4ad3048-092a-4df0-90c0-e7f53ac225f4-140370221768704","trial_id":35,"param_name":"transfer_every","param_value_internal":4.0,"distribution":"{\"name\": \"IntDistribution\", \"attributes\": {\"log\": true, \"step\": 1, \"low\": 1, \"high\": 20}}"}
{"op_code":5,"worker_id":"b4ad3048-092a-4df0-90c0-e7f53ac225f4-140370221768704","trial_id":35,"param_name":"rank_exp","param_value_internal":5.0,"distribution":"{\"name\": \"IntDistribution\", \"attributes\": {\"log\": false, \"step\": 1, \"low\": 5, \"high\": 5}}"}
{"op_code":5,"worker_id":"b4ad3048-092a-4df0-90c0-e7f53ac225f4-140370221768704","trial_id":35,"param_name":"fast_lr","param_value_internal":0.1,"distribution":"{\"name\": \"FloatDistribution\", \"attributes\": {\"step\": null, \"low\": 0.01, \"high\": 5.0, \"log\": true}}"}
{"op_code":5,"worker_id":"b4ad3048-092a-4df0-90c0-e7f53ac225f4-140370221768704","trial_id":35,"param_name":"tau_sec","param_value_internal":0.0,"distribution":"{\"name\": \"FloatDistribution\", \"attributes\": {\"step\": null, \"low\": 0.0, \"high\": 0.0, \"log\": false}}"}
{"op_code":5,"worker_id":"b4ad3048-092a-4df0-90c0-e7f53ac225f4-140370221768704","trial_id":35,"param_name":"ab_dw_min","param_value_internal":0.0004883,"distribution":"{\"name\": \"FloatDistribution\", \"attributes\": {\"step\": null, \"low\": 0.0004883, \"high\": 0.0004883, \"log\": true}}"}
{"op_code":5,"worker_id":"b4ad3048-092a-4df0-90c0-e7f53ac225f4-140370221768704","trial_id":35,"param_name":"ab_desired_bl","param_value_internal":31.0,"distribution":"{\"name\": \"IntDistribution\", \"attributes\": {\"log\": false, \"step\": 1, \"low\": 31, \"high\": 31}}"}
{"op_code":5,"worker_id":"b4ad3048-092a-4df0-90c0-e7f53ac225f4-140370221768704","trial_id":35,"param_name":"c_dw_min","param_value_internal":0.001953,"distribution":"{\"name\": \"FloatDistribution\", \"attributes\": {\"step\": null, \"low\": 0.001953, \"high\": 0.001953, \"log\": true}}"}
{"op_code":5,"worker_id":"b4ad3048-092a-4df0-90c0-e7f53ac225f4-140370221768704","trial_id":35,"param_name":"c_desired_bl","param_value_internal":31.0,"distribution":"{\"name\": \"IntDistribution\", \"attributes\": {\"log\": false, \"step\": 1, \"low\": 31, \"high\": 31}}"}
{"op_code":5,"worker_id":"b4ad3048-092a-4df0-90c0-e7f53ac225f4-140370221768704","trial_id":35,"param_name":"out_noise","param_value_internal":0.0,"distribution":"{\"name\": \"FloatDistribution\", \"attributes\": {\"step\": null, \"low\": 0.0, \"high\": 0.0, \"log\": false}}"}
{"op_code":5,"worker_id":"b4ad3048-092a-4df0-90c0-e7f53ac225f4-140370221768704","trial_id":35,"param_name":"ab_weight_scaling_omega","param_value_internal":0.0,"distribution":"{\"name\": \"FloatDistribution\", \"attributes\": {\"step\": null, \"low\": 0.0, \"high\": 0.0, \"log\": false}}"}
{"op_code":5,"worker_id":"b4ad3048-092a-4df0-90c0-e7f53ac225f4-140370221768704","trial_id":35,"param_name":"min_lr_rate","param_value_internal":0.0,"distribution":"{\"name\": \"FloatDistribution\", \"attributes\": {\"step\": null, \"low\": 0.0, \"high\": 0.0, \"log\": false}}"}
{"op_code":8,"worker_id":"b4ad3048-092a-4df0-90c0-e7f53ac225f4-140370221768704","trial_id":35,"user_attr":{"grad_accum_steps":1}}
{"op_code":7,"worker_id":"a5c8cb8c-8042-415e-a5c1-c48da952a90d-140270418579456","trial_id":34,"step":3,"intermediate_value":82.45042179727776}
{"op_code":8,"worker_id":"a5c8cb8c-8042-415e-a5c1-c48da952a90d-140270418579456","trial_id":34,"user_attr":{"train_loss_epoch_3":1.274104732872671}}
{"op_code":7,"worker_id":"b4ad3048-092a-4df0-90c0-e7f53ac225f4-140370221768704","trial_id":35,"step":1,"intermediate_value":77.29528864632145}
{"op_code":8,"worker_id":"b4ad3048-092a-4df0-90c0-e7f53ac225f4-140370221768704","trial_id":35,"user_attr":{"train_loss_epoch_1":2.2070064505264364}}
{"op_code":7,"worker_id":"a5c8cb8c-8042-415e-a5c1-c48da952a90d-140270418579456","trial_id":34,"step":4,"intermediate_value":83.07629693243105}
{"op_code":8,"worker_id":"a5c8cb8c-8042-415e-a5c1-c48da952a90d-140270418579456","trial_id":34,"user_attr":{"train_loss_epoch_4":1.2049700789335298}}
{"op_code":7,"worker_id":"b4ad3048-092a-4df0-90c0-e7f53ac225f4-140370221768704","trial_id":35,"step":2,"intermediate_value":79.83309461146902}
{"op_code":8,"worker_id":"b4ad3048-092a-4df0-90c0-e7f53ac225f4-140370221768704","trial_id":35,"user_attr":{"train_loss_epoch_2":1.4840697297235814}}
{"op_code":7,"worker_id":"a5c8cb8c-8042-415e-a5c1-c48da952a90d-140270418579456","trial_id":34,"step":5,"intermediate_value":83.5165781404511}
{"op_code":8,"worker_id":"a5c8cb8c-8042-415e-a5c1-c48da952a90d-140270418579456","trial_id":34,"user_attr":{"train_loss_epoch_5":1.1488964388687113}}
{"op_code":6,"worker_id":"a5c8cb8c-8042-415e-a5c1-c48da952a90d-140270418579456","trial_id":34,"state":1,"values":[83.5165781404511],"datetime_complete":"2026-04-29T11:15:53.361113"}
{"op_code":6,"worker_id":"a5c8cb8c-8042-415e-a5c1-c48da952a90d-140270418579456","trial_id":36,"state":0,"values":null,"datetime_start":"2026-04-29T11:15:53.363064"}
{"op_code":5,"worker_id":"a5c8cb8c-8042-415e-a5c1-c48da952a90d-140270418579456","trial_id":36,"param_name":"learning_rate","param_value_internal":0.0038,"distribution":"{\"name\": \"FloatDistribution\", \"attributes\": {\"step\": null, \"low\": 0.0001, \"high\": 0.05, \"log\": true}}"}
{"op_code":5,"worker_id":"a5c8cb8c-8042-415e-a5c1-c48da952a90d-140270418579456","trial_id":36,"param_name":"transfer_lr","param_value_internal":0.095,"distribution":"{\"name\": \"FloatDistribution\", \"attributes\": {\"step\": null, \"low\": 0.009, \"high\": 5.0, \"log\": true}}"}
{"op_code":5,"worker_id":"a5c8cb8c-8042-415e-a5c1-c48da952a90d-140270418579456","trial_id":36,"param_name":"transfer_every","param_value_internal":1.0,"distribution":"{\"name\": \"IntDistribution\", \"attributes\": {\"log\": true, \"step\": 1, \"low\": 1, \"high\": 20}}"}
{"op_code":5,"worker_id":"a5c8cb8c-8042-415e-a5c1-c48da952a90d-140270418579456","trial_id":36,"param_name":"rank_exp","param_value_internal":5.0,"distribution":"{\"name\": \"IntDistribution\", \"attributes\": {\"log\": false, \"step\": 1, \"low\": 5, \"high\": 5}}"}
{"op_code":5,"worker_id":"a5c8cb8c-8042-415e-a5c1-c48da952a90d-140270418579456","trial_id":36,"param_name":"fast_lr","param_value_internal":0.4,"distribution":"{\"name\": \"FloatDistribution\", \"attributes\": {\"step\": null, \"low\": 0.01, \"high\": 5.0, \"log\": true}}"}
{"op_code":5,"worker_id":"a5c8cb8c-8042-415e-a5c1-c48da952a90d-140270418579456","trial_id":36,"param_name":"tau_sec","param_value_internal":0.0,"distribution":"{\"name\": \"FloatDistribution\", \"attributes\": {\"step\": null, \"low\": 0.0, \"high\": 0.0, \"log\": false}}"}
{"op_code":5,"worker_id":"a5c8cb8c-8042-415e-a5c1-c48da952a90d-140270418579456","trial_id":36,"param_name":"ab_dw_min","param_value_internal":0.0004883,"distribution":"{\"name\": \"FloatDistribution\", \"attributes\": {\"step\": null, \"low\": 0.0004883, \"high\": 0.0004883, \"log\": true}}"}
{"op_code":5,"worker_id":"a5c8cb8c-8042-415e-a5c1-c48da952a90d-140270418579456","trial_id":36,"param_name":"ab_desired_bl","param_value_internal":31.0,"distribution":"{\"name\": \"IntDistribution\", \"attributes\": {\"log\": false, \"step\": 1, \"low\": 31, \"high\": 31}}"}
{"op_code":5,"worker_id":"a5c8cb8c-8042-415e-a5c1-c48da952a90d-140270418579456","trial_id":36,"param_name":"c_dw_min","param_value_internal":0.001953,"distribution":"{\"name\": \"FloatDistribution\", \"attributes\": {\"step\": null, \"low\": 0.001953, \"high\": 0.001953, \"log\": true}}"}
{"op_code":5,"worker_id":"a5c8cb8c-8042-415e-a5c1-c48da952a90d-140270418579456","trial_id":36,"param_name":"c_desired_bl","param_value_internal":31.0,"distribution":"{\"name\": \"IntDistribution\", \"attributes\": {\"log\": false, \"step\": 1, \"low\": 31, \"high\": 31}}"}
{"op_code":5,"worker_id":"a5c8cb8c-8042-415e-a5c1-c48da952a90d-140270418579456","trial_id":36,"param_name":"out_noise","param_value_internal":0.0,"distribution":"{\"name\": \"FloatDistribution\", \"attributes\": {\"step\": null, \"low\": 0.0, \"high\": 0.0, \"log\": false}}"}
{"op_code":5,"worker_id":"a5c8cb8c-8042-415e-a5c1-c48da952a90d-140270418579456","trial_id":36,"param_name":"ab_weight_scaling_omega","param_value_internal":0.0,"distribution":"{\"name\": \"FloatDistribution\", \"attributes\": {\"step\": null, \"low\": 0.0, \"high\": 0.0, \"log\": false}}"}
{"op_code":5,"worker_id":"a5c8cb8c-8042-415e-a5c1-c48da952a90d-140270418579456","trial_id":36,"param_name":"min_lr_rate","param_value_internal":0.0,"distribution":"{\"name\": \"FloatDistribution\", \"attributes\": {\"step\": null, \"low\": 0.0, \"high\": 0.0, \"log\": false}}"}
{"op_code":8,"worker_id":"a5c8cb8c-8042-415e-a5c1-c48da952a90d-140270418579456","trial_id":36,"user_attr":{"grad_accum_steps":1}}
{"op_code":7,"worker_id":"b4ad3048-092a-4df0-90c0-e7f53ac225f4-140370221768704","trial_id":35,"step":3,"intermediate_value":81.30269477374644}
{"op_code":8,"worker_id":"b4ad3048-092a-4df0-90c0-e7f53ac225f4-140370221768704","trial_id":35,"user_attr":{"train_loss_epoch_3":1.3647627915470257}}
{"op_code":7,"worker_id":"b4ad3048-092a-4df0-90c0-e7f53ac225f4-140370221768704","trial_id":35,"step":4,"intermediate_value":82.03690808877347}
{"op_code":8,"worker_id":"b4ad3048-092a-4df0-90c0-e7f53ac225f4-140370221768704","trial_id":35,"user_attr":{"train_loss_epoch_4":1.3019379135392868}}
{"op_code":7,"worker_id":"a5c8cb8c-8042-415e-a5c1-c48da952a90d-140270418579456","trial_id":36,"step":1,"intermediate_value":80.11757353965733}
{"op_code":8,"worker_id":"a5c8cb8c-8042-415e-a5c1-c48da952a90d-140270418579456","trial_id":36,"user_attr":{"train_loss_epoch_1":1.9373416144027296}}
{"op_code":7,"worker_id":"b4ad3048-092a-4df0-90c0-e7f53ac225f4-140370221768704","trial_id":35,"step":5,"intermediate_value":82.15455367864853}
{"op_code":8,"worker_id":"b4ad3048-092a-4df0-90c0-e7f53ac225f4-140370221768704","trial_id":35,"user_attr":{"train_loss_epoch_5":1.264370613207985}}
{"op_code":6,"worker_id":"b4ad3048-092a-4df0-90c0-e7f53ac225f4-140370221768704","trial_id":35,"state":1,"values":[82.15455367864853],"datetime_complete":"2026-04-29T11:55:43.544656"}
{"op_code":4,"worker_id":"b4ad3048-092a-4df0-90c0-e7f53ac225f4-140370221768704","study_id":0,"datetime_start":"2026-04-29T11:55:43.546105"}
{"op_code":5,"worker_id":"b4ad3048-092a-4df0-90c0-e7f53ac225f4-140370221768704","trial_id":37,"param_name":"learning_rate","param_value_internal":0.010753790088298916,"distribution":"{\"name\": \"FloatDistribution\", \"attributes\": {\"step\": null, \"low\": 0.0001, \"high\": 0.05, \"log\": true}}"}
{"op_code":5,"worker_id":"b4ad3048-092a-4df0-90c0-e7f53ac225f4-140370221768704","trial_id":37,"param_name":"transfer_lr","param_value_internal":0.09735198318339416,"distribution":"{\"name\": \"FloatDistribution\", \"attributes\": {\"step\": null, \"low\": 0.009, \"high\": 5.0, \"log\": true}}"}
{"op_code":5,"worker_id":"b4ad3048-092a-4df0-90c0-e7f53ac225f4-140370221768704","trial_id":37,"param_name":"transfer_every","param_value_internal":1.0,"distribution":"{\"name\": \"IntDistribution\", \"attributes\": {\"log\": true, \"step\": 1, \"low\": 1, \"high\": 20}}"}
{"op_code":5,"worker_id":"b4ad3048-092a-4df0-90c0-e7f53ac225f4-140370221768704","trial_id":37,"param_name":"rank_exp","param_value_internal":5.0,"distribution":"{\"name\": \"IntDistribution\", \"attributes\": {\"log\": false, \"step\": 1, \"low\": 5, \"high\": 5}}"}
{"op_code":5,"worker_id":"b4ad3048-092a-4df0-90c0-e7f53ac225f4-140370221768704","trial_id":37,"param_name":"fast_lr","param_value_internal":0.4546122204771531,"distribution":"{\"name\": \"FloatDistribution\", \"attributes\": {\"step\": null, \"low\": 0.01, \"high\": 5.0, \"log\": true}}"}
{"op_code":5,"worker_id":"b4ad3048-092a-4df0-90c0-e7f53ac225f4-140370221768704","trial_id":37,"param_name":"tau_sec","param_value_internal":0.0,"distribution":"{\"name\": \"FloatDistribution\", \"attributes\": {\"step\": null, \"low\": 0.0, \"high\": 0.0, \"log\": false}}"}
{"op_code":5,"worker_id":"b4ad3048-092a-4df0-90c0-e7f53ac225f4-140370221768704","trial_id":37,"param_name":"ab_dw_min","param_value_internal":0.0004883,"distribution":"{\"name\": \"FloatDistribution\", \"attributes\": {\"step\": null, \"low\": 0.0004883, \"high\": 0.0004883, \"log\": true}}"}
{"op_code":5,"worker_id":"b4ad3048-092a-4df0-90c0-e7f53ac225f4-140370221768704","trial_id":37,"param_name":"ab_desired_bl","param_value_internal":31.0,"distribution":"{\"name\": \"IntDistribution\", \"attributes\": {\"log\": false, \"step\": 1, \"low\": 31, \"high\": 31}}"}
{"op_code":5,"worker_id":"b4ad3048-092a-4df0-90c0-e7f53ac225f4-140370221768704","trial_id":37,"param_name":"c_dw_min","param_value_internal":0.001953,"distribution":"{\"name\": \"FloatDistribution\", \"attributes\": {\"step\": null, \"low\": 0.001953, \"high\": 0.001953, \"log\": true}}"}
{"op_code":5,"worker_id":"b4ad3048-092a-4df0-90c0-e7f53ac225f4-140370221768704","trial_id":37,"param_name":"c_desired_bl","param_value_internal":31.0,"distribution":"{\"name\": \"IntDistribution\", \"attributes\": {\"log\": false, \"step\": 1, \"low\": 31, \"high\": 31}}"}
{"op_code":5,"worker_id":"b4ad3048-092a-4df0-90c0-e7f53ac225f4-140370221768704","trial_id":37,"param_name":"out_noise","param_value_internal":0.0,"distribution":"{\"name\": \"FloatDistribution\", \"attributes\": {\"step\": null, \"low\": 0.0, \"high\": 0.0, \"log\": false}}"}
{"op_code":5,"worker_id":"b4ad3048-092a-4df0-90c0-e7f53ac225f4-140370221768704","trial_id":37,"param_name":"ab_weight_scaling_omega","param_value_internal":0.0,"distribution":"{\"name\": \"FloatDistribution\", \"attributes\": {\"step\": null, \"low\": 0.0, \"high\": 0.0, \"log\": false}}"}
{"op_code":5,"worker_id":"b4ad3048-092a-4df0-90c0-e7f53ac225f4-140370221768704","trial_id":37,"param_name":"min_lr_rate","param_value_internal":0.0,"distribution":"{\"name\": \"FloatDistribution\", \"attributes\": {\"step\": null, \"low\": 0.0, \"high\": 0.0, \"log\": false}}"}
{"op_code":8,"worker_id":"b4ad3048-092a-4df0-90c0-e7f53ac225f4-140370221768704","trial_id":37,"user_attr":{"grad_accum_steps":1}}
{"op_code":7,"worker_id":"a5c8cb8c-8042-415e-a5c1-c48da952a90d-140270418579456","trial_id":36,"step":2,"intermediate_value":81.89116990517914}
{"op_code":8,"worker_id":"a5c8cb8c-8042-415e-a5c1-c48da952a90d-140270418579456","trial_id":36,"user_attr":{"train_loss_epoch_2":1.359842412129327}}
{"op_code":7,"worker_id":"b4ad3048-092a-4df0-90c0-e7f53ac225f4-140370221768704","trial_id":37,"step":1,"intermediate_value":70.65345388621861}
{"op_code":8,"worker_id":"b4ad3048-092a-4df0-90c0-e7f53ac225f4-140370221768704","trial_id":37,"user_attr":{"train_loss_epoch_1":2.123834227094159}}
{"op_code":7,"worker_id":"a5c8cb8c-8042-415e-a5c1-c48da952a90d-140270418579456","trial_id":36,"step":3,"intermediate_value":83.10097285547785}
{"op_code":8,"worker_id":"a5c8cb8c-8042-415e-a5c1-c48da952a90d-140270418579456","trial_id":36,"user_attr":{"train_loss_epoch_3":1.2432839178457493}}
{"op_code":7,"worker_id":"b4ad3048-092a-4df0-90c0-e7f53ac225f4-140370221768704","trial_id":37,"step":2,"intermediate_value":70.65345388621861}
{"op_code":8,"worker_id":"b4ad3048-092a-4df0-90c0-e7f53ac225f4-140370221768704","trial_id":37,"user_attr":{"train_loss_epoch_2":2.2388396203679446}}
{"op_code":6,"worker_id":"b4ad3048-092a-4df0-90c0-e7f53ac225f4-140370221768704","trial_id":37,"state":1,"values":[70.65345388621861],"datetime_complete":"2026-04-29T12:45:52.726309"}
{"op_code":4,"worker_id":"b4ad3048-092a-4df0-90c0-e7f53ac225f4-140370221768704","study_id":0,"datetime_start":"2026-04-29T12:45:52.727872"}
{"op_code":5,"worker_id":"b4ad3048-092a-4df0-90c0-e7f53ac225f4-140370221768704","trial_id":38,"param_name":"learning_rate","param_value_internal":0.0019527583442735445,"distribution":"{\"name\": \"FloatDistribution\", \"attributes\": {\"step\": null, \"low\": 0.0001, \"high\": 0.05, \"log\": true}}"}
{"op_code":5,"worker_id":"b4ad3048-092a-4df0-90c0-e7f53ac225f4-140370221768704","trial_id":38,"param_name":"transfer_lr","param_value_internal":0.02541082803548907,"distribution":"{\"name\": \"FloatDistribution\", \"attributes\": {\"step\": null, \"low\": 0.009, \"high\": 5.0, \"log\": true}}"}
{"op_code":5,"worker_id":"b4ad3048-092a-4df0-90c0-e7f53ac225f4-140370221768704","trial_id":38,"param_name":"transfer_every","param_value_internal":1.0,"distribution":"{\"name\": \"IntDistribution\", \"attributes\": {\"log\": true, \"step\": 1, \"low\": 1, \"high\": 20}}"}
{"op_code":5,"worker_id":"b4ad3048-092a-4df0-90c0-e7f53ac225f4-140370221768704","trial_id":38,"param_name":"rank_exp","param_value_internal":5.0,"distribution":"{\"name\": \"IntDistribution\", \"attributes\": {\"log\": false, \"step\": 1, \"low\": 5, \"high\": 5}}"}
{"op_code":5,"worker_id":"b4ad3048-092a-4df0-90c0-e7f53ac225f4-140370221768704","trial_id":38,"param_name":"fast_lr","param_value_internal":0.44569468673060775,"distribution":"{\"name\": \"FloatDistribution\", \"attributes\": {\"step\": null, \"low\": 0.01, \"high\": 5.0, \"log\": true}}"}
{"op_code":5,"worker_id":"b4ad3048-092a-4df0-90c0-e7f53ac225f4-140370221768704","trial_id":38,"param_name":"tau_sec","param_value_internal":0.0,"distribution":"{\"name\": \"FloatDistribution\", \"attributes\": {\"step\": null, \"low\": 0.0, \"high\": 0.0, \"log\": false}}"}
{"op_code":5,"worker_id":"b4ad3048-092a-4df0-90c0-e7f53ac225f4-140370221768704","trial_id":38,"param_name":"ab_dw_min","param_value_internal":0.0004883,"distribution":"{\"name\": \"FloatDistribution\", \"attributes\": {\"step\": null, \"low\": 0.0004883, \"high\": 0.0004883, \"log\": true}}"}
{"op_code":5,"worker_id":"b4ad3048-092a-4df0-90c0-e7f53ac225f4-140370221768704","trial_id":38,"param_name":"ab_desired_bl","param_value_internal":31.0,"distribution":"{\"name\": \"IntDistribution\", \"attributes\": {\"log\": false, \"step\": 1, \"low\": 31, \"high\": 31}}"}
{"op_code":5,"worker_id":"b4ad3048-092a-4df0-90c0-e7f53ac225f4-140370221768704","trial_id":38,"param_name":"c_dw_min","param_value_internal":0.001953,"distribution":"{\"name\": \"FloatDistribution\", \"attributes\": {\"step\": null, \"low\": 0.001953, \"high\": 0.001953, \"log\": true}}"}
{"op_code":5,"worker_id":"b4ad3048-092a-4df0-90c0-e7f53ac225f4-140370221768704","trial_id":38,"param_name":"c_desired_bl","param_value_internal":31.0,"distribution":"{\"name\": \"IntDistribution\", \"attributes\": {\"log\": false, \"step\": 1, \"low\": 31, \"high\": 31}}"}
{"op_code":5,"worker_id":"b4ad3048-092a-4df0-90c0-e7f53ac225f4-140370221768704","trial_id":38,"param_name":"out_noise","param_value_internal":0.0,"distribution":"{\"name\": \"FloatDistribution\", \"attributes\": {\"step\": null, \"low\": 0.0, \"high\": 0.0, \"log\": false}}"}
{"op_code":5,"worker_id":"b4ad3048-092a-4df0-90c0-e7f53ac225f4-140370221768704","trial_id":38,"param_name":"ab_weight_scaling_omega","param_value_internal":0.0,"distribution":"{\"name\": \"FloatDistribution\", \"attributes\": {\"step\": null, \"low\": 0.0, \"high\": 0.0, \"log\": false}}"}
{"op_code":5,"worker_id":"b4ad3048-092a-4df0-90c0-e7f53ac225f4-140370221768704","trial_id":38,"param_name":"min_lr_rate","param_value_internal":0.0,"distribution":"{\"name\": \"FloatDistribution\", \"attributes\": {\"step\": null, \"low\": 0.0, \"high\": 0.0, \"log\": false}}"}
{"op_code":8,"worker_id":"b4ad3048-092a-4df0-90c0-e7f53ac225f4-140370221768704","trial_id":38,"user_attr":{"grad_accum_steps":1}}
{"op_code":7,"worker_id":"a5c8cb8c-8042-415e-a5c1-c48da952a90d-140270418579456","trial_id":36,"step":4,"intermediate_value":83.99872913082928}
{"op_code":8,"worker_id":"a5c8cb8c-8042-415e-a5c1-c48da952a90d-140270418579456","trial_id":36,"user_attr":{"train_loss_epoch_4":1.1722572749869287}}
{"op_code":7,"worker_id":"b4ad3048-092a-4df0-90c0-e7f53ac225f4-140370221768704","trial_id":38,"step":1,"intermediate_value":6.654049702091121}
{"op_code":8,"worker_id":"b4ad3048-092a-4df0-90c0-e7f53ac225f4-140370221768704","trial_id":38,"user_attr":{"train_loss_epoch_1":5.436499659866499}}
{"op_code":7,"worker_id":"a5c8cb8c-8042-415e-a5c1-c48da952a90d-140270418579456","trial_id":36,"step":5,"intermediate_value":84.55777923862925}
{"op_code":8,"worker_id":"a5c8cb8c-8042-415e-a5c1-c48da952a90d-140270418579456","trial_id":36,"user_attr":{"train_loss_epoch_5":1.1229997075024012}}
{"op_code":6,"worker_id":"a5c8cb8c-8042-415e-a5c1-c48da952a90d-140270418579456","trial_id":36,"state":1,"values":[84.55777923862925],"datetime_complete":"2026-04-29T13:23:46.598265"}
{"op_code":4,"worker_id":"a5c8cb8c-8042-415e-a5c1-c48da952a90d-140270418579456","study_id":0,"datetime_start":"2026-04-29T13:23:46.599955"}
{"op_code":5,"worker_id":"a5c8cb8c-8042-415e-a5c1-c48da952a90d-140270418579456","trial_id":39,"param_name":"learning_rate","param_value_internal":0.00014304550788725806,"distribution":"{\"name\": \"FloatDistribution\", \"attributes\": {\"step\": null, \"low\": 0.0001, \"high\": 0.05, \"log\": true}}"}
{"op_code":5,"worker_id":"a5c8cb8c-8042-415e-a5c1-c48da952a90d-140270418579456","trial_id":39,"param_name":"transfer_lr","param_value_internal":0.032436693583106156,"distribution":"{\"name\": \"FloatDistribution\", \"attributes\": {\"step\": null, \"low\": 0.009, \"high\": 5.0, \"log\": true}}"}
{"op_code":5,"worker_id":"a5c8cb8c-8042-415e-a5c1-c48da952a90d-140270418579456","trial_id":39,"param_name":"transfer_every","param_value_internal":1.0,"distribution":"{\"name\": \"IntDistribution\", \"attributes\": {\"log\": true, \"step\": 1, \"low\": 1, \"high\": 20}}"}
{"op_code":5,"worker_id":"a5c8cb8c-8042-415e-a5c1-c48da952a90d-140270418579456","trial_id":39,"param_name":"rank_exp","param_value_internal":5.0,"distribution":"{\"name\": \"IntDistribution\", \"attributes\": {\"log\": false, \"step\": 1, \"low\": 5, \"high\": 5}}"}
{"op_code":5,"worker_id":"a5c8cb8c-8042-415e-a5c1-c48da952a90d-140270418579456","trial_id":39,"param_name":"fast_lr","param_value_internal":0.03283773159604664,"distribution":"{\"name\": \"FloatDistribution\", \"attributes\": {\"step\": null, \"low\": 0.01, \"high\": 5.0, \"log\": true}}"}
{"op_code":5,"worker_id":"a5c8cb8c-8042-415e-a5c1-c48da952a90d-140270418579456","trial_id":39,"param_name":"tau_sec","param_value_internal":0.0,"distribution":"{\"name\": \"FloatDistribution\", \"attributes\": {\"step\": null, \"low\": 0.0, \"high\": 0.0, \"log\": false}}"}
{"op_code":5,"worker_id":"a5c8cb8c-8042-415e-a5c1-c48da952a90d-140270418579456","trial_id":39,"param_name":"ab_dw_min","param_value_internal":0.0004883,"distribution":"{\"name\": \"FloatDistribution\", \"attributes\": {\"step\": null, \"low\": 0.0004883, \"high\": 0.0004883, \"log\": true}}"}
{"op_code":5,"worker_id":"a5c8cb8c-8042-415e-a5c1-c48da952a90d-140270418579456","trial_id":39,"param_name":"ab_desired_bl","param_value_internal":31.0,"distribution":"{\"name\": \"IntDistribution\", \"attributes\": {\"log\": false, \"step\": 1, \"low\": 31, \"high\": 31}}"}
{"op_code":5,"worker_id":"a5c8cb8c-8042-415e-a5c1-c48da952a90d-140270418579456","trial_id":39,"param_name":"c_dw_min","param_value_internal":0.001953,"distribution":"{\"name\": \"FloatDistribution\", \"attributes\": {\"step\": null, \"low\": 0.001953, \"high\": 0.001953, \"log\": true}}"}
{"op_code":5,"worker_id":"a5c8cb8c-8042-415e-a5c1-c48da952a90d-140270418579456","trial_id":39,"param_name":"c_desired_bl","param_value_internal":31.0,"distribution":"{\"name\": \"IntDistribution\", \"attributes\": {\"log\": false, \"step\": 1, \"low\": 31, \"high\": 31}}"}
{"op_code":5,"worker_id":"a5c8cb8c-8042-415e-a5c1-c48da952a90d-140270418579456","trial_id":39,"param_name":"out_noise","param_value_internal":0.0,"distribution":"{\"name\": \"FloatDistribution\", \"attributes\": {\"step\": null, \"low\": 0.0, \"high\": 0.0, \"log\": false}}"}
{"op_code":5,"worker_id":"a5c8cb8c-8042-415e-a5c1-c48da952a90d-140270418579456","trial_id":39,"param_name":"ab_weight_scaling_omega","param_value_internal":0.0,"distribution":"{\"name\": \"FloatDistribution\", \"attributes\": {\"step\": null, \"low\": 0.0, \"high\": 0.0, \"log\": false}}"}
{"op_code":5,"worker_id":"a5c8cb8c-8042-415e-a5c1-c48da952a90d-140270418579456","trial_id":39,"param_name":"min_lr_rate","param_value_internal":0.0,"distribution":"{\"name\": \"FloatDistribution\", \"attributes\": {\"step\": null, \"low\": 0.0, \"high\": 0.0, \"log\": false}}"}
{"op_code":8,"worker_id":"a5c8cb8c-8042-415e-a5c1-c48da952a90d-140270418579456","trial_id":39,"user_attr":{"grad_accum_steps":1}}
{"op_code":8,"worker_id":"a5c8cb8c-8042-415e-a5c1-c48da952a90d-140270418579456","trial_id":39,"user_attr":{"error":"CUDA_CALL Error 'out of memory' at cuda_util.cu:978\n"}}
{"op_code":6,"worker_id":"a5c8cb8c-8042-415e-a5c1-c48da952a90d-140270418579456","trial_id":39,"state":3,"values":null,"datetime_complete":"2026-04-29T13:24:20.907329"}
{"op_code":0,"worker_id":"c568a29b-fa9c-476a-8002-ce60f10595ef-140120497176576","study_name":"bert_squad_lrtt_bs48_adam_decay_nowd_nomom_nonest_onehot_a6t1c_bconstantstep6t1cgamma_cconstantstepideal_perfect_noos_qkvo_5ep","directions":[2]}
{"op_code":4,"worker_id":"c568a29b-fa9c-476a-8002-ce60f10595ef-140120497176576","study_id":0,"datetime_start":null,"state":4,"value":null,"values":null,"distributions":{},"params":{},"user_attrs":{},"system_attrs":{"fixed_params":{"learning_rate":0.00014304550788725806,"transfer_lr":0.032436693583106156,"transfer_every":1,"rank_exp":5,"fast_lr":0.03283773159604664,"tau_sec":0.0,"ab_dw_min":0.0004883,"ab_desired_bl":31,"c_dw_min":0.001953,"c_desired_bl":31,"out_noise":0.0,"ab_weight_scaling_omega":0.0,"min_lr_rate":0.0}},"intermediate_values":{}}
{"op_code":6,"worker_id":"c568a29b-fa9c-476a-8002-ce60f10595ef-140120497176576","trial_id":40,"state":0,"values":null,"datetime_start":"2026-04-29T13:24:32.019290"}
{"op_code":5,"worker_id":"c568a29b-fa9c-476a-8002-ce60f10595ef-140120497176576","trial_id":40,"param_name":"learning_rate","param_value_internal":0.00014304550788725806,"distribution":"{\"name\": \"FloatDistribution\", \"attributes\": {\"step\": null, \"low\": 0.0001, \"high\": 0.05, \"log\": true}}"}
{"op_code":5,"worker_id":"c568a29b-fa9c-476a-8002-ce60f10595ef-140120497176576","trial_id":40,"param_name":"transfer_lr","param_value_internal":0.032436693583106156,"distribution":"{\"name\": \"FloatDistribution\", \"attributes\": {\"step\": null, \"low\": 0.009, \"high\": 5.0, \"log\": true}}"}
{"op_code":5,"worker_id":"c568a29b-fa9c-476a-8002-ce60f10595ef-140120497176576","trial_id":40,"param_name":"transfer_every","param_value_internal":1.0,"distribution":"{\"name\": \"IntDistribution\", \"attributes\": {\"log\": true, \"step\": 1, \"low\": 1, \"high\": 20}}"}
{"op_code":5,"worker_id":"c568a29b-fa9c-476a-8002-ce60f10595ef-140120497176576","trial_id":40,"param_name":"rank_exp","param_value_internal":5.0,"distribution":"{\"name\": \"IntDistribution\", \"attributes\": {\"log\": false, \"step\": 1, \"low\": 5, \"high\": 5}}"}
{"op_code":5,"worker_id":"c568a29b-fa9c-476a-8002-ce60f10595ef-140120497176576","trial_id":40,"param_name":"fast_lr","param_value_internal":0.03283773159604664,"distribution":"{\"name\": \"FloatDistribution\", \"attributes\": {\"step\": null, \"low\": 0.01, \"high\": 5.0, \"log\": true}}"}
{"op_code":5,"worker_id":"c568a29b-fa9c-476a-8002-ce60f10595ef-140120497176576","trial_id":40,"param_name":"tau_sec","param_value_internal":0.0,"distribution":"{\"name\": \"FloatDistribution\", \"attributes\": {\"step\": null, \"low\": 0.0, \"high\": 0.0, \"log\": false}}"}
{"op_code":5,"worker_id":"c568a29b-fa9c-476a-8002-ce60f10595ef-140120497176576","trial_id":40,"param_name":"ab_dw_min","param_value_internal":0.0004883,"distribution":"{\"name\": \"FloatDistribution\", \"attributes\": {\"step\": null, \"low\": 0.0004883, \"high\": 0.0004883, \"log\": true}}"}
{"op_code":5,"worker_id":"c568a29b-fa9c-476a-8002-ce60f10595ef-140120497176576","trial_id":40,"param_name":"ab_desired_bl","param_value_internal":31.0,"distribution":"{\"name\": \"IntDistribution\", \"attributes\": {\"log\": false, \"step\": 1, \"low\": 31, \"high\": 31}}"}
{"op_code":5,"worker_id":"c568a29b-fa9c-476a-8002-ce60f10595ef-140120497176576","trial_id":40,"param_name":"c_dw_min","param_value_internal":0.001953,"distribution":"{\"name\": \"FloatDistribution\", \"attributes\": {\"step\": null, \"low\": 0.001953, \"high\": 0.001953, \"log\": true}}"}
{"op_code":5,"worker_id":"c568a29b-fa9c-476a-8002-ce60f10595ef-140120497176576","trial_id":40,"param_name":"c_desired_bl","param_value_internal":31.0,"distribution":"{\"name\": \"IntDistribution\", \"attributes\": {\"log\": false, \"step\": 1, \"low\": 31, \"high\": 31}}"}
{"op_code":5,"worker_id":"c568a29b-fa9c-476a-8002-ce60f10595ef-140120497176576","trial_id":40,"param_name":"out_noise","param_value_internal":0.0,"distribution":"{\"name\": \"FloatDistribution\", \"attributes\": {\"step\": null, \"low\": 0.0, \"high\": 0.0, \"log\": false}}"}
{"op_code":5,"worker_id":"c568a29b-fa9c-476a-8002-ce60f10595ef-140120497176576","trial_id":40,"param_name":"ab_weight_scaling_omega","param_value_internal":0.0,"distribution":"{\"name\": \"FloatDistribution\", \"attributes\": {\"step\": null, \"low\": 0.0, \"high\": 0.0, \"log\": false}}"}
{"op_code":5,"worker_id":"c568a29b-fa9c-476a-8002-ce60f10595ef-140120497176576","trial_id":40,"param_name":"min_lr_rate","param_value_internal":0.0,"distribution":"{\"name\": \"FloatDistribution\", \"attributes\": {\"step\": null, \"low\": 0.0, \"high\": 0.0, \"log\": false}}"}
{"op_code":8,"worker_id":"c568a29b-fa9c-476a-8002-ce60f10595ef-140120497176576","trial_id":40,"user_attr":{"grad_accum_steps":2}}
{"op_code":7,"worker_id":"b4ad3048-092a-4df0-90c0-e7f53ac225f4-140370221768704","trial_id":38,"step":2,"intermediate_value":6.654049702091121}
{"op_code":8,"worker_id":"b4ad3048-092a-4df0-90c0-e7f53ac225f4-140370221768704","trial_id":38,"user_attr":{"train_loss_epoch_2":5.859001672687892}}
{"op_code":6,"worker_id":"b4ad3048-092a-4df0-90c0-e7f53ac225f4-140370221768704","trial_id":38,"state":1,"values":[6.654049702091121],"datetime_complete":"2026-04-29T13:35:47.411815"}
{"op_code":4,"worker_id":"b4ad3048-092a-4df0-90c0-e7f53ac225f4-140370221768704","study_id":0,"datetime_start":"2026-04-29T13:35:47.413373"}
{"op_code":5,"worker_id":"b4ad3048-092a-4df0-90c0-e7f53ac225f4-140370221768704","trial_id":41,"param_name":"learning_rate","param_value_internal":0.002438220756744698,"distribution":"{\"name\": \"FloatDistribution\", \"attributes\": {\"step\": null, \"low\": 0.0001, \"high\": 0.05, \"log\": true}}"}
{"op_code":5,"worker_id":"b4ad3048-092a-4df0-90c0-e7f53ac225f4-140370221768704","trial_id":41,"param_name":"transfer_lr","param_value_internal":0.12975533914569595,"distribution":"{\"name\": \"FloatDistribution\", \"attributes\": {\"step\": null, \"low\": 0.009, \"high\": 5.0, \"log\": true}}"}
{"op_code":5,"worker_id":"b4ad3048-092a-4df0-90c0-e7f53ac225f4-140370221768704","trial_id":41,"param_name":"transfer_every","param_value_internal":1.0,"distribution":"{\"name\": \"IntDistribution\", \"attributes\": {\"log\": true, \"step\": 1, \"low\": 1, \"high\": 20}}"}
{"op_code":5,"worker_id":"b4ad3048-092a-4df0-90c0-e7f53ac225f4-140370221768704","trial_id":41,"param_name":"rank_exp","param_value_internal":5.0,"distribution":"{\"name\": \"IntDistribution\", \"attributes\": {\"log\": false, \"step\": 1, \"low\": 5, \"high\": 5}}"}
{"op_code":5,"worker_id":"b4ad3048-092a-4df0-90c0-e7f53ac225f4-140370221768704","trial_id":41,"param_name":"fast_lr","param_value_internal":0.44820254979835084,"distribution":"{\"name\": \"FloatDistribution\", \"attributes\": {\"step\": null, \"low\": 0.01, \"high\": 5.0, \"log\": true}}"}
{"op_code":5,"worker_id":"b4ad3048-092a-4df0-90c0-e7f53ac225f4-140370221768704","trial_id":41,"param_name":"tau_sec","param_value_internal":0.0,"distribution":"{\"name\": \"FloatDistribution\", \"attributes\": {\"step\": null, \"low\": 0.0, \"high\": 0.0, \"log\": false}}"}
{"op_code":5,"worker_id":"b4ad3048-092a-4df0-90c0-e7f53ac225f4-140370221768704","trial_id":41,"param_name":"ab_dw_min","param_value_internal":0.0004883,"distribution":"{\"name\": \"FloatDistribution\", \"attributes\": {\"step\": null, \"low\": 0.0004883, \"high\": 0.0004883, \"log\": true}}"}
{"op_code":5,"worker_id":"b4ad3048-092a-4df0-90c0-e7f53ac225f4-140370221768704","trial_id":41,"param_name":"ab_desired_bl","param_value_internal":31.0,"distribution":"{\"name\": \"IntDistribution\", \"attributes\": {\"log\": false, \"step\": 1, \"low\": 31, \"high\": 31}}"}
{"op_code":5,"worker_id":"b4ad3048-092a-4df0-90c0-e7f53ac225f4-140370221768704","trial_id":41,"param_name":"c_dw_min","param_value_internal":0.001953,"distribution":"{\"name\": \"FloatDistribution\", \"attributes\": {\"step\": null, \"low\": 0.001953, \"high\": 0.001953, \"log\": true}}"}
{"op_code":5,"worker_id":"b4ad3048-092a-4df0-90c0-e7f53ac225f4-140370221768704","trial_id":41,"param_name":"c_desired_bl","param_value_internal":31.0,"distribution":"{\"name\": \"IntDistribution\", \"attributes\": {\"log\": false, \"step\": 1, \"low\": 31, \"high\": 31}}"}
{"op_code":5,"worker_id":"b4ad3048-092a-4df0-90c0-e7f53ac225f4-140370221768704","trial_id":41,"param_name":"out_noise","param_value_internal":0.0,"distribution":"{\"name\": \"FloatDistribution\", \"attributes\": {\"step\": null, \"low\": 0.0, \"high\": 0.0, \"log\": false}}"}
{"op_code":5,"worker_id":"b4ad3048-092a-4df0-90c0-e7f53ac225f4-140370221768704","trial_id":41,"param_name":"ab_weight_scaling_omega","param_value_internal":0.0,"distribution":"{\"name\": \"FloatDistribution\", \"attributes\": {\"step\": null, \"low\": 0.0, \"high\": 0.0, \"log\": false}}"}
{"op_code":5,"worker_id":"b4ad3048-092a-4df0-90c0-e7f53ac225f4-140370221768704","trial_id":41,"param_name":"min_lr_rate","param_value_internal":0.0,"distribution":"{\"name\": \"FloatDistribution\", \"attributes\": {\"step\": null, \"low\": 0.0, \"high\": 0.0, \"log\": false}}"}
{"op_code":8,"worker_id":"b4ad3048-092a-4df0-90c0-e7f53ac225f4-140370221768704","trial_id":41,"user_attr":{"grad_accum_steps":1}}
{"op_code":8,"worker_id":"b4ad3048-092a-4df0-90c0-e7f53ac225f4-140370221768704","trial_id":41,"user_attr":{"error":"CUDA_CALL Error 'out of memory' at cuda_util.cu:978\n"}}
{"op_code":6,"worker_id":"b4ad3048-092a-4df0-90c0-e7f53ac225f4-140370221768704","trial_id":41,"state":3,"values":null,"datetime_complete":"2026-04-29T13:36:11.558058"}
{"op_code":0,"worker_id":"665c4078-1a34-4f98-9fcb-24cdcdecb8fb-140066386284544","study_name":"bert_squad_lrtt_bs48_adam_decay_nowd_nomom_nonest_onehot_a6t1c_bconstantstep6t1cgamma_cconstantstepideal_perfect_noos_qkvo_5ep","directions":[2]}
{"op_code":4,"worker_id":"665c4078-1a34-4f98-9fcb-24cdcdecb8fb-140066386284544","study_id":0,"datetime_start":null,"state":4,"value":null,"values":null,"distributions":{},"params":{},"user_attrs":{},"system_attrs":{"fixed_params":{"learning_rate":0.002438220756744698,"transfer_lr":0.12975533914569595,"transfer_every":1,"rank_exp":5,"fast_lr":0.44820254979835084,"tau_sec":0.0,"ab_dw_min":0.0004883,"ab_desired_bl":31,"c_dw_min":0.001953,"c_desired_bl":31,"out_noise":0.0,"ab_weight_scaling_omega":0.0,"min_lr_rate":0.0}},"intermediate_values":{}}
{"op_code":6,"worker_id":"665c4078-1a34-4f98-9fcb-24cdcdecb8fb-140066386284544","trial_id":42,"state":0,"values":null,"datetime_start":"2026-04-29T13:36:23.031910"}
{"op_code":5,"worker_id":"665c4078-1a34-4f98-9fcb-24cdcdecb8fb-140066386284544","trial_id":42,"param_name":"learning_rate","param_value_internal":0.002438220756744698,"distribution":"{\"name\": \"FloatDistribution\", \"attributes\": {\"step\": null, \"low\": 0.0001, \"high\": 0.05, \"log\": true}}"}
{"op_code":5,"worker_id":"665c4078-1a34-4f98-9fcb-24cdcdecb8fb-140066386284544","trial_id":42,"param_name":"transfer_lr","param_value_internal":0.12975533914569595,"distribution":"{\"name\": \"FloatDistribution\", \"attributes\": {\"step\": null, \"low\": 0.009, \"high\": 5.0, \"log\": true}}"}
{"op_code":5,"worker_id":"665c4078-1a34-4f98-9fcb-24cdcdecb8fb-140066386284544","trial_id":42,"param_name":"transfer_every","param_value_internal":1.0,"distribution":"{\"name\": \"IntDistribution\", \"attributes\": {\"log\": true, \"step\": 1, \"low\": 1, \"high\": 20}}"}
{"op_code":5,"worker_id":"665c4078-1a34-4f98-9fcb-24cdcdecb8fb-140066386284544","trial_id":42,"param_name":"rank_exp","param_value_internal":5.0,"distribution":"{\"name\": \"IntDistribution\", \"attributes\": {\"log\": false, \"step\": 1, \"low\": 5, \"high\": 5}}"}
{"op_code":5,"worker_id":"665c4078-1a34-4f98-9fcb-24cdcdecb8fb-140066386284544","trial_id":42,"param_name":"fast_lr","param_value_internal":0.44820254979835084,"distribution":"{\"name\": \"FloatDistribution\", \"attributes\": {\"step\": null, \"low\": 0.01, \"high\": 5.0, \"log\": true}}"}
{"op_code":5,"worker_id":"665c4078-1a34-4f98-9fcb-24cdcdecb8fb-140066386284544","trial_id":42,"param_name":"tau_sec","param_value_internal":0.0,"distribution":"{\"name\": \"FloatDistribution\", \"attributes\": {\"step\": null, \"low\": 0.0, \"high\": 0.0, \"log\": false}}"}
{"op_code":5,"worker_id":"665c4078-1a34-4f98-9fcb-24cdcdecb8fb-140066386284544","trial_id":42,"param_name":"ab_dw_min","param_value_internal":0.0004883,"distribution":"{\"name\": \"FloatDistribution\", \"attributes\": {\"step\": null, \"low\": 0.0004883, \"high\": 0.0004883, \"log\": true}}"}
{"op_code":5,"worker_id":"665c4078-1a34-4f98-9fcb-24cdcdecb8fb-140066386284544","trial_id":42,"param_name":"ab_desired_bl","param_value_internal":31.0,"distribution":"{\"name\": \"IntDistribution\", \"attributes\": {\"log\": false, \"step\": 1, \"low\": 31, \"high\": 31}}"}
{"op_code":5,"worker_id":"665c4078-1a34-4f98-9fcb-24cdcdecb8fb-140066386284544","trial_id":42,"param_name":"c_dw_min","param_value_internal":0.001953,"distribution":"{\"name\": \"FloatDistribution\", \"attributes\": {\"step\": null, \"low\": 0.001953, \"high\": 0.001953, \"log\": true}}"}
{"op_code":5,"worker_id":"665c4078-1a34-4f98-9fcb-24cdcdecb8fb-140066386284544","trial_id":42,"param_name":"c_desired_bl","param_value_internal":31.0,"distribution":"{\"name\": \"IntDistribution\", \"attributes\": {\"log\": false, \"step\": 1, \"low\": 31, \"high\": 31}}"}
{"op_code":5,"worker_id":"665c4078-1a34-4f98-9fcb-24cdcdecb8fb-140066386284544","trial_id":42,"param_name":"out_noise","param_value_internal":0.0,"distribution":"{\"name\": \"FloatDistribution\", \"attributes\": {\"step\": null, \"low\": 0.0, \"high\": 0.0, \"log\": false}}"}
{"op_code":5,"worker_id":"665c4078-1a34-4f98-9fcb-24cdcdecb8fb-140066386284544","trial_id":42,"param_name":"ab_weight_scaling_omega","param_value_internal":0.0,"distribution":"{\"name\": \"FloatDistribution\", \"attributes\": {\"step\": null, \"low\": 0.0, \"high\": 0.0, \"log\": false}}"}
{"op_code":5,"worker_id":"665c4078-1a34-4f98-9fcb-24cdcdecb8fb-140066386284544","trial_id":42,"param_name":"min_lr_rate","param_value_internal":0.0,"distribution":"{\"name\": \"FloatDistribution\", \"attributes\": {\"step\": null, \"low\": 0.0, \"high\": 0.0, \"log\": false}}"}
{"op_code":8,"worker_id":"665c4078-1a34-4f98-9fcb-24cdcdecb8fb-140066386284544","trial_id":42,"user_attr":{"grad_accum_steps":2}}
{"op_code":7,"worker_id":"c568a29b-fa9c-476a-8002-ce60f10595ef-140120497176576","trial_id":40,"step":1,"intermediate_value":51.92122045710284}
{"op_code":8,"worker_id":"c568a29b-fa9c-476a-8002-ce60f10595ef-140120497176576","trial_id":40,"user_attr":{"train_loss_epoch_1":3.523856998685577}}
{"op_code":7,"worker_id":"665c4078-1a34-4f98-9fcb-24cdcdecb8fb-140066386284544","trial_id":42,"step":1,"intermediate_value":80.03146288903463}
{"op_code":8,"worker_id":"665c4078-1a34-4f98-9fcb-24cdcdecb8fb-140066386284544","trial_id":42,"user_attr":{"train_loss_epoch_1":1.9811060109833902}}
{"op_code":7,"worker_id":"c568a29b-fa9c-476a-8002-ce60f10595ef-140120497176576","trial_id":40,"step":2,"intermediate_value":61.368411604420025}
{"op_code":8,"worker_id":"c568a29b-fa9c-476a-8002-ce60f10595ef-140120497176576","trial_id":40,"user_attr":{"train_loss_epoch_2":2.277196102460312}}
{"op_code":7,"worker_id":"665c4078-1a34-4f98-9fcb-24cdcdecb8fb-140066386284544","trial_id":42,"step":2,"intermediate_value":82.10267465277762}
{"op_code":8,"worker_id":"665c4078-1a34-4f98-9fcb-24cdcdecb8fb-140066386284544","trial_id":42,"user_attr":{"train_loss_epoch_2":1.3444790302592262}}
{"op_code":7,"worker_id":"c568a29b-fa9c-476a-8002-ce60f10595ef-140120497176576","trial_id":40,"step":3,"intermediate_value":68.25876025900139}
{"op_code":8,"worker_id":"c568a29b-fa9c-476a-8002-ce60f10595ef-140120497176576","trial_id":40,"user_attr":{"train_loss_epoch_3":2.00623829444271}}
{"op_code":7,"worker_id":"665c4078-1a34-4f98-9fcb-24cdcdecb8fb-140066386284544","trial_id":42,"step":3,"intermediate_value":83.279821984077}
{"op_code":8,"worker_id":"665c4078-1a34-4f98-9fcb-24cdcdecb8fb-140066386284544","trial_id":42,"user_attr":{"train_loss_epoch_3":1.2360924114441607}}
{"op_code":7,"worker_id":"c568a29b-fa9c-476a-8002-ce60f10595ef-140120497176576","trial_id":40,"step":4,"intermediate_value":71.27604043815319}
{"op_code":8,"worker_id":"c568a29b-fa9c-476a-8002-ce60f10595ef-140120497176576","trial_id":40,"user_attr":{"train_loss_epoch_4":1.8428717177390534}}
{"op_code":7,"worker_id":"665c4078-1a34-4f98-9fcb-24cdcdecb8fb-140066386284544","trial_id":42,"step":4,"intermediate_value":83.7639479311037}
{"op_code":8,"worker_id":"665c4078-1a34-4f98-9fcb-24cdcdecb8fb-140066386284544","trial_id":42,"user_attr":{"train_loss_epoch_4":1.1604236055758304}}
{"op_code":7,"worker_id":"c568a29b-fa9c-476a-8002-ce60f10595ef-140120497176576","trial_id":40,"step":5,"intermediate_value":72.19075871045277}
{"op_code":8,"worker_id":"c568a29b-fa9c-476a-8002-ce60f10595ef-140120497176576","trial_id":40,"user_attr":{"train_loss_epoch_5":1.778817218666511}}
{"op_code":6,"worker_id":"c568a29b-fa9c-476a-8002-ce60f10595ef-140120497176576","trial_id":40,"state":1,"values":[72.19075871045277],"datetime_complete":"2026-04-29T15:39:25.701004"}
{"op_code":0,"worker_id":"34067865-bb24-43b1-8ad1-31db0a939e3e-140259940487168","study_name":"bert_squad_lrtt_bs48_adam_decay_nowd_nomom_nonest_onehot_a6t1c_bconstantstep6t1cgamma_cconstantstepideal_perfect_noos_qkvo_5ep","directions":[2]}
{"op_code":4,"worker_id":"34067865-bb24-43b1-8ad1-31db0a939e3e-140259940487168","study_id":0,"datetime_start":"2026-04-29T15:39:36.489875"}
{"op_code":5,"worker_id":"34067865-bb24-43b1-8ad1-31db0a939e3e-140259940487168","trial_id":43,"param_name":"learning_rate","param_value_internal":0.0024843259998718107,"distribution":"{\"name\": \"FloatDistribution\", \"attributes\": {\"step\": null, \"low\": 0.0001, \"high\": 0.05, \"log\": true}}"}
{"op_code":5,"worker_id":"34067865-bb24-43b1-8ad1-31db0a939e3e-140259940487168","trial_id":43,"param_name":"transfer_lr","param_value_internal":0.12629962075085832,"distribution":"{\"name\": \"FloatDistribution\", \"attributes\": {\"step\": null, \"low\": 0.009, \"high\": 5.0, \"log\": true}}"}
{"op_code":5,"worker_id":"34067865-bb24-43b1-8ad1-31db0a939e3e-140259940487168","trial_id":43,"param_name":"transfer_every","param_value_internal":1.0,"distribution":"{\"name\": \"IntDistribution\", \"attributes\": {\"log\": true, \"step\": 1, \"low\": 1, \"high\": 20}}"}
{"op_code":5,"worker_id":"34067865-bb24-43b1-8ad1-31db0a939e3e-140259940487168","trial_id":43,"param_name":"rank_exp","param_value_internal":5.0,"distribution":"{\"name\": \"IntDistribution\", \"attributes\": {\"log\": false, \"step\": 1, \"low\": 5, \"high\": 5}}"}
{"op_code":5,"worker_id":"34067865-bb24-43b1-8ad1-31db0a939e3e-140259940487168","trial_id":43,"param_name":"fast_lr","param_value_internal":0.44505186347753767,"distribution":"{\"name\": \"FloatDistribution\", \"attributes\": {\"step\": null, \"low\": 0.01, \"high\": 5.0, \"log\": true}}"}
{"op_code":5,"worker_id":"34067865-bb24-43b1-8ad1-31db0a939e3e-140259940487168","trial_id":43,"param_name":"tau_sec","param_value_internal":0.0,"distribution":"{\"name\": \"FloatDistribution\", \"attributes\": {\"step\": null, \"low\": 0.0, \"high\": 0.0, \"log\": false}}"}
{"op_code":5,"worker_id":"34067865-bb24-43b1-8ad1-31db0a939e3e-140259940487168","trial_id":43,"param_name":"ab_dw_min","param_value_internal":0.0004883,"distribution":"{\"name\": \"FloatDistribution\", \"attributes\": {\"step\": null, \"low\": 0.0004883, \"high\": 0.0004883, \"log\": true}}"}
{"op_code":5,"worker_id":"34067865-bb24-43b1-8ad1-31db0a939e3e-140259940487168","trial_id":43,"param_name":"ab_desired_bl","param_value_internal":31.0,"distribution":"{\"name\": \"IntDistribution\", \"attributes\": {\"log\": false, \"step\": 1, \"low\": 31, \"high\": 31}}"}
{"op_code":5,"worker_id":"34067865-bb24-43b1-8ad1-31db0a939e3e-140259940487168","trial_id":43,"param_name":"c_dw_min","param_value_internal":0.001953,"distribution":"{\"name\": \"FloatDistribution\", \"attributes\": {\"step\": null, \"low\": 0.001953, \"high\": 0.001953, \"log\": true}}"}
{"op_code":5,"worker_id":"34067865-bb24-43b1-8ad1-31db0a939e3e-140259940487168","trial_id":43,"param_name":"c_desired_bl","param_value_internal":31.0,"distribution":"{\"name\": \"IntDistribution\", \"attributes\": {\"log\": false, \"step\": 1, \"low\": 31, \"high\": 31}}"}
{"op_code":5,"worker_id":"34067865-bb24-43b1-8ad1-31db0a939e3e-140259940487168","trial_id":43,"param_name":"out_noise","param_value_internal":0.0,"distribution":"{\"name\": \"FloatDistribution\", \"attributes\": {\"step\": null, \"low\": 0.0, \"high\": 0.0, \"log\": false}}"}
{"op_code":5,"worker_id":"34067865-bb24-43b1-8ad1-31db0a939e3e-140259940487168","trial_id":43,"param_name":"ab_weight_scaling_omega","param_value_internal":0.0,"distribution":"{\"name\": \"FloatDistribution\", \"attributes\": {\"step\": null, \"low\": 0.0, \"high\": 0.0, \"log\": false}}"}
{"op_code":5,"worker_id":"34067865-bb24-43b1-8ad1-31db0a939e3e-140259940487168","trial_id":43,"param_name":"min_lr_rate","param_value_internal":0.0,"distribution":"{\"name\": \"FloatDistribution\", \"attributes\": {\"step\": null, \"low\": 0.0, \"high\": 0.0, \"log\": false}}"}
{"op_code":8,"worker_id":"34067865-bb24-43b1-8ad1-31db0a939e3e-140259940487168","trial_id":43,"user_attr":{"grad_accum_steps":1}}
{"op_code":7,"worker_id":"665c4078-1a34-4f98-9fcb-24cdcdecb8fb-140066386284544","trial_id":42,"step":5,"intermediate_value":84.16207682624892}
{"op_code":8,"worker_id":"665c4078-1a34-4f98-9fcb-24cdcdecb8fb-140066386284544","trial_id":42,"user_attr":{"train_loss_epoch_5":1.1135959896365295}}
{"op_code":6,"worker_id":"665c4078-1a34-4f98-9fcb-24cdcdecb8fb-140066386284544","trial_id":42,"state":1,"values":[84.16207682624892],"datetime_complete":"2026-04-29T15:54:44.952221"}
{"op_code":0,"worker_id":"f8b9cf2e-e5a4-4337-93c0-d307efb3800e-140021504806912","study_name":"bert_squad_lrtt_bs48_adam_decay_nowd_nomom_nonest_onehot_a6t1c_bconstantstep6t1cgamma_cconstantstepideal_perfect_noos_qkvo_5ep","directions":[2]}
{"op_code":4,"worker_id":"f8b9cf2e-e5a4-4337-93c0-d307efb3800e-140021504806912","study_id":0,"datetime_start":"2026-04-29T15:54:55.205521"}
{"op_code":5,"worker_id":"f8b9cf2e-e5a4-4337-93c0-d307efb3800e-140021504806912","trial_id":44,"param_name":"learning_rate","param_value_internal":0.0028492464066000337,"distribution":"{\"name\": \"FloatDistribution\", \"attributes\": {\"step\": null, \"low\": 0.0001, \"high\": 0.05, \"log\": true}}"}
{"op_code":5,"worker_id":"f8b9cf2e-e5a4-4337-93c0-d307efb3800e-140021504806912","trial_id":44,"param_name":"transfer_lr","param_value_internal":0.1412149135212067,"distribution":"{\"name\": \"FloatDistribution\", \"attributes\": {\"step\": null, \"low\": 0.009, \"high\": 5.0, \"log\": true}}"}
{"op_code":5,"worker_id":"f8b9cf2e-e5a4-4337-93c0-d307efb3800e-140021504806912","trial_id":44,"param_name":"transfer_every","param_value_internal":1.0,"distribution":"{\"name\": \"IntDistribution\", \"attributes\": {\"log\": true, \"step\": 1, \"low\": 1, \"high\": 20}}"}
{"op_code":5,"worker_id":"f8b9cf2e-e5a4-4337-93c0-d307efb3800e-140021504806912","trial_id":44,"param_name":"rank_exp","param_value_internal":5.0,"distribution":"{\"name\": \"IntDistribution\", \"attributes\": {\"log\": false, \"step\": 1, \"low\": 5, \"high\": 5}}"}
{"op_code":5,"worker_id":"f8b9cf2e-e5a4-4337-93c0-d307efb3800e-140021504806912","trial_id":44,"param_name":"fast_lr","param_value_internal":0.4660400313502974,"distribution":"{\"name\": \"FloatDistribution\", \"attributes\": {\"step\": null, \"low\": 0.01, \"high\": 5.0, \"log\": true}}"}
{"op_code":5,"worker_id":"f8b9cf2e-e5a4-4337-93c0-d307efb3800e-140021504806912","trial_id":44,"param_name":"tau_sec","param_value_internal":0.0,"distribution":"{\"name\": \"FloatDistribution\", \"attributes\": {\"step\": null, \"low\": 0.0, \"high\": 0.0, \"log\": false}}"}
{"op_code":5,"worker_id":"f8b9cf2e-e5a4-4337-93c0-d307efb3800e-140021504806912","trial_id":44,"param_name":"ab_dw_min","param_value_internal":0.0004883,"distribution":"{\"name\": \"FloatDistribution\", \"attributes\": {\"step\": null, \"low\": 0.0004883, \"high\": 0.0004883, \"log\": true}}"}
{"op_code":5,"worker_id":"f8b9cf2e-e5a4-4337-93c0-d307efb3800e-140021504806912","trial_id":44,"param_name":"ab_desired_bl","param_value_internal":31.0,"distribution":"{\"name\": \"IntDistribution\", \"attributes\": {\"log\": false, \"step\": 1, \"low\": 31, \"high\": 31}}"}
{"op_code":5,"worker_id":"f8b9cf2e-e5a4-4337-93c0-d307efb3800e-140021504806912","trial_id":44,"param_name":"c_dw_min","param_value_internal":0.001953,"distribution":"{\"name\": \"FloatDistribution\", \"attributes\": {\"step\": null, \"low\": 0.001953, \"high\": 0.001953, \"log\": true}}"}
{"op_code":5,"worker_id":"f8b9cf2e-e5a4-4337-93c0-d307efb3800e-140021504806912","trial_id":44,"param_name":"c_desired_bl","param_value_internal":31.0,"distribution":"{\"name\": \"IntDistribution\", \"attributes\": {\"log\": false, \"step\": 1, \"low\": 31, \"high\": 31}}"}
{"op_code":5,"worker_id":"f8b9cf2e-e5a4-4337-93c0-d307efb3800e-140021504806912","trial_id":44,"param_name":"out_noise","param_value_internal":0.0,"distribution":"{\"name\": \"FloatDistribution\", \"attributes\": {\"step\": null, \"low\": 0.0, \"high\": 0.0, \"log\": false}}"}
{"op_code":5,"worker_id":"f8b9cf2e-e5a4-4337-93c0-d307efb3800e-140021504806912","trial_id":44,"param_name":"ab_weight_scaling_omega","param_value_internal":0.0,"distribution":"{\"name\": \"FloatDistribution\", \"attributes\": {\"step\": null, \"low\": 0.0, \"high\": 0.0, \"log\": false}}"}
{"op_code":5,"worker_id":"f8b9cf2e-e5a4-4337-93c0-d307efb3800e-140021504806912","trial_id":44,"param_name":"min_lr_rate","param_value_internal":0.0,"distribution":"{\"name\": \"FloatDistribution\", \"attributes\": {\"step\": null, \"low\": 0.0, \"high\": 0.0, \"log\": false}}"}
{"op_code":8,"worker_id":"f8b9cf2e-e5a4-4337-93c0-d307efb3800e-140021504806912","trial_id":44,"user_attr":{"grad_accum_steps":1}}
{"op_code":7,"worker_id":"34067865-bb24-43b1-8ad1-31db0a939e3e-140259940487168","trial_id":43,"step":1,"intermediate_value":79.96331199520435}
{"op_code":8,"worker_id":"34067865-bb24-43b1-8ad1-31db0a939e3e-140259940487168","trial_id":43,"user_attr":{"train_loss_epoch_1":1.995762055094649}}
{"op_code":7,"worker_id":"f8b9cf2e-e5a4-4337-93c0-d307efb3800e-140021504806912","trial_id":44,"step":1,"intermediate_value":80.28638372676295}
{"op_code":8,"worker_id":"f8b9cf2e-e5a4-4337-93c0-d307efb3800e-140021504806912","trial_id":44,"user_attr":{"train_loss_epoch_1":1.9685657581662743}}
{"op_code":7,"worker_id":"34067865-bb24-43b1-8ad1-31db0a939e3e-140259940487168","trial_id":43,"step":2,"intermediate_value":82.11105169283299}
{"op_code":8,"worker_id":"34067865-bb24-43b1-8ad1-31db0a939e3e-140259940487168","trial_id":43,"user_attr":{"train_loss_epoch_2":1.3267487855461555}}
{"op_code":7,"worker_id":"f8b9cf2e-e5a4-4337-93c0-d307efb3800e-140021504806912","trial_id":44,"step":2,"intermediate_value":82.52115123093118}
{"op_code":8,"worker_id":"f8b9cf2e-e5a4-4337-93c0-d307efb3800e-140021504806912","trial_id":44,"user_attr":{"train_loss_epoch_2":1.3274051041460941}}
{"op_code":7,"worker_id":"34067865-bb24-43b1-8ad1-31db0a939e3e-140259940487168","trial_id":43,"step":3,"intermediate_value":83.16016531570739}
{"op_code":8,"worker_id":"34067865-bb24-43b1-8ad1-31db0a939e3e-140259940487168","trial_id":43,"user_attr":{"train_loss_epoch_3":1.215801255942037}}
{"op_code":7,"worker_id":"f8b9cf2e-e5a4-4337-93c0-d307efb3800e-140021504806912","trial_id":44,"step":3,"intermediate_value":83.16455331749408}
{"op_code":8,"worker_id":"f8b9cf2e-e5a4-4337-93c0-d307efb3800e-140021504806912","trial_id":44,"user_attr":{"train_loss_epoch_3":1.217453022507148}}
{"op_code":7,"worker_id":"34067865-bb24-43b1-8ad1-31db0a939e3e-140259940487168","trial_id":43,"step":4,"intermediate_value":83.63426261406394}
{"op_code":8,"worker_id":"34067865-bb24-43b1-8ad1-31db0a939e3e-140259940487168","trial_id":43,"user_attr":{"train_loss_epoch_4":1.1483062713772947}}
{"op_code":7,"worker_id":"f8b9cf2e-e5a4-4337-93c0-d307efb3800e-140021504806912","trial_id":44,"step":4,"intermediate_value":83.76780442669121}
{"op_code":8,"worker_id":"f8b9cf2e-e5a4-4337-93c0-d307efb3800e-140021504806912","trial_id":44,"user_attr":{"train_loss_epoch_4":1.143773520606643}}
{"op_code":7,"worker_id":"34067865-bb24-43b1-8ad1-31db0a939e3e-140259940487168","trial_id":43,"step":5,"intermediate_value":84.08486183402648}
{"op_code":8,"worker_id":"34067865-bb24-43b1-8ad1-31db0a939e3e-140259940487168","trial_id":43,"user_attr":{"train_loss_epoch_5":1.1020077031479296}}
{"op_code":6,"worker_id":"34067865-bb24-43b1-8ad1-31db0a939e3e-140259940487168","trial_id":43,"state":1,"values":[84.08486183402648],"datetime_complete":"2026-04-29T17:47:56.327055"}
{"op_code":4,"worker_id":"34067865-bb24-43b1-8ad1-31db0a939e3e-140259940487168","study_id":0,"datetime_start":"2026-04-29T17:47:56.328550"}
{"op_code":5,"worker_id":"34067865-bb24-43b1-8ad1-31db0a939e3e-140259940487168","trial_id":45,"param_name":"learning_rate","param_value_internal":0.0005705386983060328,"distribution":"{\"name\": \"FloatDistribution\", \"attributes\": {\"step\": null, \"low\": 0.0001, \"high\": 0.05, \"log\": true}}"}
{"op_code":5,"worker_id":"34067865-bb24-43b1-8ad1-31db0a939e3e-140259940487168","trial_id":45,"param_name":"transfer_lr","param_value_internal":0.18755047068733868,"distribution":"{\"name\": \"FloatDistribution\", \"attributes\": {\"step\": null, \"low\": 0.009, \"high\": 5.0, \"log\": true}}"}
{"op_code":5,"worker_id":"34067865-bb24-43b1-8ad1-31db0a939e3e-140259940487168","trial_id":45,"param_name":"transfer_every","param_value_internal":2.0,"distribution":"{\"name\": \"IntDistribution\", \"attributes\": {\"log\": true, \"step\": 1, \"low\": 1, \"high\": 20}}"}
{"op_code":5,"worker_id":"34067865-bb24-43b1-8ad1-31db0a939e3e-140259940487168","trial_id":45,"param_name":"rank_exp","param_value_internal":5.0,"distribution":"{\"name\": \"IntDistribution\", \"attributes\": {\"log\": false, \"step\": 1, \"low\": 5, \"high\": 5}}"}
{"op_code":5,"worker_id":"34067865-bb24-43b1-8ad1-31db0a939e3e-140259940487168","trial_id":45,"param_name":"fast_lr","param_value_internal":0.13459149018690175,"distribution":"{\"name\": \"FloatDistribution\", \"attributes\": {\"step\": null, \"low\": 0.01, \"high\": 5.0, \"log\": true}}"}
{"op_code":5,"worker_id":"34067865-bb24-43b1-8ad1-31db0a939e3e-140259940487168","trial_id":45,"param_name":"tau_sec","param_value_internal":0.0,"distribution":"{\"name\": \"FloatDistribution\", \"attributes\": {\"step\": null, \"low\": 0.0, \"high\": 0.0, \"log\": false}}"}
{"op_code":5,"worker_id":"34067865-bb24-43b1-8ad1-31db0a939e3e-140259940487168","trial_id":45,"param_name":"ab_dw_min","param_value_internal":0.0004883,"distribution":"{\"name\": \"FloatDistribution\", \"attributes\": {\"step\": null, \"low\": 0.0004883, \"high\": 0.0004883, \"log\": true}}"}
{"op_code":5,"worker_id":"34067865-bb24-43b1-8ad1-31db0a939e3e-140259940487168","trial_id":45,"param_name":"ab_desired_bl","param_value_internal":31.0,"distribution":"{\"name\": \"IntDistribution\", \"attributes\": {\"log\": false, \"step\": 1, \"low\": 31, \"high\": 31}}"}
{"op_code":5,"worker_id":"34067865-bb24-43b1-8ad1-31db0a939e3e-140259940487168","trial_id":45,"param_name":"c_dw_min","param_value_internal":0.001953,"distribution":"{\"name\": \"FloatDistribution\", \"attributes\": {\"step\": null, \"low\": 0.001953, \"high\": 0.001953, \"log\": true}}"}
{"op_code":5,"worker_id":"34067865-bb24-43b1-8ad1-31db0a939e3e-140259940487168","trial_id":45,"param_name":"c_desired_bl","param_value_internal":31.0,"distribution":"{\"name\": \"IntDistribution\", \"attributes\": {\"log\": false, \"step\": 1, \"low\": 31, \"high\": 31}}"}
{"op_code":5,"worker_id":"34067865-bb24-43b1-8ad1-31db0a939e3e-140259940487168","trial_id":45,"param_name":"out_noise","param_value_internal":0.0,"distribution":"{\"name\": \"FloatDistribution\", \"attributes\": {\"step\": null, \"low\": 0.0, \"high\": 0.0, \"log\": false}}"}
{"op_code":5,"worker_id":"34067865-bb24-43b1-8ad1-31db0a939e3e-140259940487168","trial_id":45,"param_name":"ab_weight_scaling_omega","param_value_internal":0.0,"distribution":"{\"name\": \"FloatDistribution\", \"attributes\": {\"step\": null, \"low\": 0.0, \"high\": 0.0, \"log\": false}}"}
{"op_code":5,"worker_id":"34067865-bb24-43b1-8ad1-31db0a939e3e-140259940487168","trial_id":45,"param_name":"min_lr_rate","param_value_internal":0.0,"distribution":"{\"name\": \"FloatDistribution\", \"attributes\": {\"step\": null, \"low\": 0.0, \"high\": 0.0, \"log\": false}}"}
{"op_code":8,"worker_id":"34067865-bb24-43b1-8ad1-31db0a939e3e-140259940487168","trial_id":45,"user_attr":{"grad_accum_steps":1}}
{"op_code":7,"worker_id":"f8b9cf2e-e5a4-4337-93c0-d307efb3800e-140021504806912","trial_id":44,"step":5,"intermediate_value":84.0857034795568}
{"op_code":8,"worker_id":"f8b9cf2e-e5a4-4337-93c0-d307efb3800e-140021504806912","trial_id":44,"user_attr":{"train_loss_epoch_5":1.0941476175132483}}
{"op_code":6,"worker_id":"f8b9cf2e-e5a4-4337-93c0-d307efb3800e-140021504806912","trial_id":44,"state":1,"values":[84.0857034795568],"datetime_complete":"2026-04-29T18:03:31.805091"}
{"op_code":4,"worker_id":"f8b9cf2e-e5a4-4337-93c0-d307efb3800e-140021504806912","study_id":0,"datetime_start":"2026-04-29T18:03:31.806987"}
{"op_code":5,"worker_id":"f8b9cf2e-e5a4-4337-93c0-d307efb3800e-140021504806912","trial_id":46,"param_name":"learning_rate","param_value_internal":0.0008542152115789733,"distribution":"{\"name\": \"FloatDistribution\", \"attributes\": {\"step\": null, \"low\": 0.0001, \"high\": 0.05, \"log\": true}}"}
{"op_code":5,"worker_id":"f8b9cf2e-e5a4-4337-93c0-d307efb3800e-140021504806912","trial_id":46,"param_name":"transfer_lr","param_value_internal":0.1868092082978186,"distribution":"{\"name\": \"FloatDistribution\", \"attributes\": {\"step\": null, \"low\": 0.009, \"high\": 5.0, \"log\": true}}"}
{"op_code":5,"worker_id":"f8b9cf2e-e5a4-4337-93c0-d307efb3800e-140021504806912","trial_id":46,"param_name":"transfer_every","param_value_internal":1.0,"distribution":"{\"name\": \"IntDistribution\", \"attributes\": {\"log\": true, \"step\": 1, \"low\": 1, \"high\": 20}}"}
{"op_code":5,"worker_id":"f8b9cf2e-e5a4-4337-93c0-d307efb3800e-140021504806912","trial_id":46,"param_name":"rank_exp","param_value_internal":5.0,"distribution":"{\"name\": \"IntDistribution\", \"attributes\": {\"log\": false, \"step\": 1, \"low\": 5, \"high\": 5}}"}
{"op_code":5,"worker_id":"f8b9cf2e-e5a4-4337-93c0-d307efb3800e-140021504806912","trial_id":46,"param_name":"fast_lr","param_value_internal":0.13391640252580897,"distribution":"{\"name\": \"FloatDistribution\", \"attributes\": {\"step\": null, \"low\": 0.01, \"high\": 5.0, \"log\": true}}"}
{"op_code":5,"worker_id":"f8b9cf2e-e5a4-4337-93c0-d307efb3800e-140021504806912","trial_id":46,"param_name":"tau_sec","param_value_internal":0.0,"distribution":"{\"name\": \"FloatDistribution\", \"attributes\": {\"step\": null, \"low\": 0.0, \"high\": 0.0, \"log\": false}}"}
{"op_code":5,"worker_id":"f8b9cf2e-e5a4-4337-93c0-d307efb3800e-140021504806912","trial_id":46,"param_name":"ab_dw_min","param_value_internal":0.0004883,"distribution":"{\"name\": \"FloatDistribution\", \"attributes\": {\"step\": null, \"low\": 0.0004883, \"high\": 0.0004883, \"log\": true}}"}
{"op_code":5,"worker_id":"f8b9cf2e-e5a4-4337-93c0-d307efb3800e-140021504806912","trial_id":46,"param_name":"ab_desired_bl","param_value_internal":31.0,"distribution":"{\"name\": \"IntDistribution\", \"attributes\": {\"log\": false, \"step\": 1, \"low\": 31, \"high\": 31}}"}
{"op_code":5,"worker_id":"f8b9cf2e-e5a4-4337-93c0-d307efb3800e-140021504806912","trial_id":46,"param_name":"c_dw_min","param_value_internal":0.001953,"distribution":"{\"name\": \"FloatDistribution\", \"attributes\": {\"step\": null, \"low\": 0.001953, \"high\": 0.001953, \"log\": true}}"}
{"op_code":5,"worker_id":"f8b9cf2e-e5a4-4337-93c0-d307efb3800e-140021504806912","trial_id":46,"param_name":"c_desired_bl","param_value_internal":31.0,"distribution":"{\"name\": \"IntDistribution\", \"attributes\": {\"log\": false, \"step\": 1, \"low\": 31, \"high\": 31}}"}
{"op_code":5,"worker_id":"f8b9cf2e-e5a4-4337-93c0-d307efb3800e-140021504806912","trial_id":46,"param_name":"out_noise","param_value_internal":0.0,"distribution":"{\"name\": \"FloatDistribution\", \"attributes\": {\"step\": null, \"low\": 0.0, \"high\": 0.0, \"log\": false}}"}
{"op_code":5,"worker_id":"f8b9cf2e-e5a4-4337-93c0-d307efb3800e-140021504806912","trial_id":46,"param_name":"ab_weight_scaling_omega","param_value_internal":0.0,"distribution":"{\"name\": \"FloatDistribution\", \"attributes\": {\"step\": null, \"low\": 0.0, \"high\": 0.0, \"log\": false}}"}
{"op_code":5,"worker_id":"f8b9cf2e-e5a4-4337-93c0-d307efb3800e-140021504806912","trial_id":46,"param_name":"min_lr_rate","param_value_internal":0.0,"distribution":"{\"name\": \"FloatDistribution\", \"attributes\": {\"step\": null, \"low\": 0.0, \"high\": 0.0, \"log\": false}}"}
{"op_code":8,"worker_id":"f8b9cf2e-e5a4-4337-93c0-d307efb3800e-140021504806912","trial_id":46,"user_attr":{"grad_accum_steps":1}}
{"op_code":7,"worker_id":"34067865-bb24-43b1-8ad1-31db0a939e3e-140259940487168","trial_id":45,"step":1,"intermediate_value":73.76359890131856}
{"op_code":8,"worker_id":"34067865-bb24-43b1-8ad1-31db0a939e3e-140259940487168","trial_id":45,"user_attr":{"train_loss_epoch_1":2.543861190542619}}
{"op_code":7,"worker_id":"f8b9cf2e-e5a4-4337-93c0-d307efb3800e-140021504806912","trial_id":46,"step":1,"intermediate_value":76.22452040341022}
{"op_code":8,"worker_id":"f8b9cf2e-e5a4-4337-93c0-d307efb3800e-140021504806912","trial_id":46,"user_attr":{"train_loss_epoch_1":2.372417712340833}}
{"op_code":7,"worker_id":"34067865-bb24-43b1-8ad1-31db0a939e3e-140259940487168","trial_id":45,"step":2,"intermediate_value":78.71322196882363}
{"op_code":8,"worker_id":"34067865-bb24-43b1-8ad1-31db0a939e3e-140259940487168","trial_id":45,"user_attr":{"train_loss_epoch_2":1.5692314878711855}}
{"op_code":7,"worker_id":"f8b9cf2e-e5a4-4337-93c0-d307efb3800e-140021504806912","trial_id":46,"step":2,"intermediate_value":80.62183168965569}
{"op_code":8,"worker_id":"f8b9cf2e-e5a4-4337-93c0-d307efb3800e-140021504806912","trial_id":46,"user_attr":{"train_loss_epoch_2":1.4639378721798015}}
{"op_code":7,"worker_id":"34067865-bb24-43b1-8ad1-31db0a939e3e-140259940487168","trial_id":45,"step":3,"intermediate_value":80.50847262335043}
{"op_code":8,"worker_id":"34067865-bb24-43b1-8ad1-31db0a939e3e-140259940487168","trial_id":45,"user_attr":{"train_loss_epoch_3":1.4272156244370995}}
{"op_code":7,"worker_id":"34067865-bb24-43b1-8ad1-31db0a939e3e-140259940487168","trial_id":45,"step":4,"intermediate_value":80.9894586119834}
{"op_code":8,"worker_id":"34067865-bb24-43b1-8ad1-31db0a939e3e-140259940487168","trial_id":45,"user_attr":{"train_loss_epoch_4":1.3688817540804545}}
{"op_code":7,"worker_id":"f8b9cf2e-e5a4-4337-93c0-d307efb3800e-140021504806912","trial_id":46,"step":3,"intermediate_value":82.26015203389592}
{"op_code":8,"worker_id":"f8b9cf2e-e5a4-4337-93c0-d307efb3800e-140021504806912","trial_id":46,"user_attr":{"train_loss_epoch_3":1.328796672174924}}
{"op_code":7,"worker_id":"34067865-bb24-43b1-8ad1-31db0a939e3e-140259940487168","trial_id":45,"step":5,"intermediate_value":81.1431352725567}
{"op_code":8,"worker_id":"34067865-bb24-43b1-8ad1-31db0a939e3e-140259940487168","trial_id":45,"user_attr":{"train_loss_epoch_5":1.3407214209962344}}
{"op_code":6,"worker_id":"34067865-bb24-43b1-8ad1-31db0a939e3e-140259940487168","trial_id":45,"state":1,"values":[81.1431352725567],"datetime_complete":"2026-04-29T19:38:23.912003"}
{"op_code":4,"worker_id":"34067865-bb24-43b1-8ad1-31db0a939e3e-140259940487168","study_id":0,"datetime_start":"2026-04-29T19:38:23.913838"}
{"op_code":5,"worker_id":"34067865-bb24-43b1-8ad1-31db0a939e3e-140259940487168","trial_id":47,"param_name":"learning_rate","param_value_internal":0.0008219394750652925,"distribution":"{\"name\": \"FloatDistribution\", \"attributes\": {\"step\": null, \"low\": 0.0001, \"high\": 0.05, \"log\": true}}"}
{"op_code":5,"worker_id":"34067865-bb24-43b1-8ad1-31db0a939e3e-140259940487168","trial_id":47,"param_name":"transfer_lr","param_value_internal":0.178372948556318,"distribution":"{\"name\": \"FloatDistribution\", \"attributes\": {\"step\": null, \"low\": 0.009, \"high\": 5.0, \"log\": true}}"}
{"op_code":5,"worker_id":"34067865-bb24-43b1-8ad1-31db0a939e3e-140259940487168","trial_id":47,"param_name":"transfer_every","param_value_internal":18.0,"distribution":"{\"name\": \"IntDistribution\", \"attributes\": {\"log\": true, \"step\": 1, \"low\": 1, \"high\": 20}}"}
{"op_code":5,"worker_id":"34067865-bb24-43b1-8ad1-31db0a939e3e-140259940487168","trial_id":47,"param_name":"rank_exp","param_value_internal":5.0,"distribution":"{\"name\": \"IntDistribution\", \"attributes\": {\"log\": false, \"step\": 1, \"low\": 5, \"high\": 5}}"}
{"op_code":5,"worker_id":"34067865-bb24-43b1-8ad1-31db0a939e3e-140259940487168","trial_id":47,"param_name":"fast_lr","param_value_internal":0.1635915516510803,"distribution":"{\"name\": \"FloatDistribution\", \"attributes\": {\"step\": null, \"low\": 0.01, \"high\": 5.0, \"log\": true}}"}
{"op_code":5,"worker_id":"34067865-bb24-43b1-8ad1-31db0a939e3e-140259940487168","trial_id":47,"param_name":"tau_sec","param_value_internal":0.0,"distribution":"{\"name\": \"FloatDistribution\", \"attributes\": {\"step\": null, \"low\": 0.0, \"high\": 0.0, \"log\": false}}"}
{"op_code":5,"worker_id":"34067865-bb24-43b1-8ad1-31db0a939e3e-140259940487168","trial_id":47,"param_name":"ab_dw_min","param_value_internal":0.0004883,"distribution":"{\"name\": \"FloatDistribution\", \"attributes\": {\"step\": null, \"low\": 0.0004883, \"high\": 0.0004883, \"log\": true}}"}
{"op_code":5,"worker_id":"34067865-bb24-43b1-8ad1-31db0a939e3e-140259940487168","trial_id":47,"param_name":"ab_desired_bl","param_value_internal":31.0,"distribution":"{\"name\": \"IntDistribution\", \"attributes\": {\"log\": false, \"step\": 1, \"low\": 31, \"high\": 31}}"}
{"op_code":5,"worker_id":"34067865-bb24-43b1-8ad1-31db0a939e3e-140259940487168","trial_id":47,"param_name":"c_dw_min","param_value_internal":0.001953,"distribution":"{\"name\": \"FloatDistribution\", \"attributes\": {\"step\": null, \"low\": 0.001953, \"high\": 0.001953, \"log\": true}}"}
{"op_code":5,"worker_id":"34067865-bb24-43b1-8ad1-31db0a939e3e-140259940487168","trial_id":47,"param_name":"c_desired_bl","param_value_internal":31.0,"distribution":"{\"name\": \"IntDistribution\", \"attributes\": {\"log\": false, \"step\": 1, \"low\": 31, \"high\": 31}}"}
{"op_code":5,"worker_id":"34067865-bb24-43b1-8ad1-31db0a939e3e-140259940487168","trial_id":47,"param_name":"out_noise","param_value_internal":0.0,"distribution":"{\"name\": \"FloatDistribution\", \"attributes\": {\"step\": null, \"low\": 0.0, \"high\": 0.0, \"log\": false}}"}
{"op_code":5,"worker_id":"34067865-bb24-43b1-8ad1-31db0a939e3e-140259940487168","trial_id":47,"param_name":"ab_weight_scaling_omega","param_value_internal":0.0,"distribution":"{\"name\": \"FloatDistribution\", \"attributes\": {\"step\": null, \"low\": 0.0, \"high\": 0.0, \"log\": false}}"}
{"op_code":5,"worker_id":"34067865-bb24-43b1-8ad1-31db0a939e3e-140259940487168","trial_id":47,"param_name":"min_lr_rate","param_value_internal":0.0,"distribution":"{\"name\": \"FloatDistribution\", \"attributes\": {\"step\": null, \"low\": 0.0, \"high\": 0.0, \"log\": false}}"}
{"op_code":8,"worker_id":"34067865-bb24-43b1-8ad1-31db0a939e3e-140259940487168","trial_id":47,"user_attr":{"grad_accum_steps":1}}
{"op_code":7,"worker_id":"f8b9cf2e-e5a4-4337-93c0-d307efb3800e-140021504806912","trial_id":46,"step":4,"intermediate_value":82.61332134043316}
{"op_code":8,"worker_id":"f8b9cf2e-e5a4-4337-93c0-d307efb3800e-140021504806912","trial_id":46,"user_attr":{"train_loss_epoch_4":1.2641703597252285}}
{"op_code":7,"worker_id":"34067865-bb24-43b1-8ad1-31db0a939e3e-140259940487168","trial_id":47,"step":1,"intermediate_value":74.4704590382592}
{"op_code":8,"worker_id":"34067865-bb24-43b1-8ad1-31db0a939e3e-140259940487168","trial_id":47,"user_attr":{"train_loss_epoch_1":2.441745526293106}}
{"op_code":7,"worker_id":"f8b9cf2e-e5a4-4337-93c0-d307efb3800e-140021504806912","trial_id":46,"step":5,"intermediate_value":82.90118399090007}
{"op_code":8,"worker_id":"f8b9cf2e-e5a4-4337-93c0-d307efb3800e-140021504806912","trial_id":46,"user_attr":{"train_loss_epoch_5":1.2292122863495576}}
{"op_code":6,"worker_id":"f8b9cf2e-e5a4-4337-93c0-d307efb3800e-140021504806912","trial_id":46,"state":1,"values":[82.90118399090007],"datetime_complete":"2026-04-29T20:06:45.079895"}
{"op_code":4,"worker_id":"f8b9cf2e-e5a4-4337-93c0-d307efb3800e-140021504806912","study_id":0,"datetime_start":"2026-04-29T20:06:45.082039"}
{"op_code":5,"worker_id":"f8b9cf2e-e5a4-4337-93c0-d307efb3800e-140021504806912","trial_id":48,"param_name":"learning_rate","param_value_internal":0.0007819670919565193,"distribution":"{\"name\": \"FloatDistribution\", \"attributes\": {\"step\": null, \"low\": 0.0001, \"high\": 0.05, \"log\": true}}"}
{"op_code":5,"worker_id":"f8b9cf2e-e5a4-4337-93c0-d307efb3800e-140021504806912","trial_id":48,"param_name":"transfer_lr","param_value_internal":0.1866248143332014,"distribution":"{\"name\": \"FloatDistribution\", \"attributes\": {\"step\": null, \"low\": 0.009, \"high\": 5.0, \"log\": true}}"}
{"op_code":5,"worker_id":"f8b9cf2e-e5a4-4337-93c0-d307efb3800e-140021504806912","trial_id":48,"param_name":"transfer_every","param_value_internal":20.0,"distribution":"{\"name\": \"IntDistribution\", \"attributes\": {\"log\": true, \"step\": 1, \"low\": 1, \"high\": 20}}"}
{"op_code":5,"worker_id":"f8b9cf2e-e5a4-4337-93c0-d307efb3800e-140021504806912","trial_id":48,"param_name":"rank_exp","param_value_internal":5.0,"distribution":"{\"name\": \"IntDistribution\", \"attributes\": {\"log\": false, \"step\": 1, \"low\": 5, \"high\": 5}}"}
{"op_code":5,"worker_id":"f8b9cf2e-e5a4-4337-93c0-d307efb3800e-140021504806912","trial_id":48,"param_name":"fast_lr","param_value_internal":0.1644600769822958,"distribution":"{\"name\": \"FloatDistribution\", \"attributes\": {\"step\": null, \"low\": 0.01, \"high\": 5.0, \"log\": true}}"}
{"op_code":5,"worker_id":"f8b9cf2e-e5a4-4337-93c0-d307efb3800e-140021504806912","trial_id":48,"param_name":"tau_sec","param_value_internal":0.0,"distribution":"{\"name\": \"FloatDistribution\", \"attributes\": {\"step\": null, \"low\": 0.0, \"high\": 0.0, \"log\": false}}"}
{"op_code":5,"worker_id":"f8b9cf2e-e5a4-4337-93c0-d307efb3800e-140021504806912","trial_id":48,"param_name":"ab_dw_min","param_value_internal":0.0004883,"distribution":"{\"name\": \"FloatDistribution\", \"attributes\": {\"step\": null, \"low\": 0.0004883, \"high\": 0.0004883, \"log\": true}}"}
{"op_code":5,"worker_id":"f8b9cf2e-e5a4-4337-93c0-d307efb3800e-140021504806912","trial_id":48,"param_name":"ab_desired_bl","param_value_internal":31.0,"distribution":"{\"name\": \"IntDistribution\", \"attributes\": {\"log\": false, \"step\": 1, \"low\": 31, \"high\": 31}}"}
{"op_code":5,"worker_id":"f8b9cf2e-e5a4-4337-93c0-d307efb3800e-140021504806912","trial_id":48,"param_name":"c_dw_min","param_value_internal":0.001953,"distribution":"{\"name\": \"FloatDistribution\", \"attributes\": {\"step\": null, \"low\": 0.001953, \"high\": 0.001953, \"log\": true}}"}
{"op_code":5,"worker_id":"f8b9cf2e-e5a4-4337-93c0-d307efb3800e-140021504806912","trial_id":48,"param_name":"c_desired_bl","param_value_internal":31.0,"distribution":"{\"name\": \"IntDistribution\", \"attributes\": {\"log\": false, \"step\": 1, \"low\": 31, \"high\": 31}}"}
{"op_code":5,"worker_id":"f8b9cf2e-e5a4-4337-93c0-d307efb3800e-140021504806912","trial_id":48,"param_name":"out_noise","param_value_internal":0.0,"distribution":"{\"name\": \"FloatDistribution\", \"attributes\": {\"step\": null, \"low\": 0.0, \"high\": 0.0, \"log\": false}}"}
{"op_code":5,"worker_id":"f8b9cf2e-e5a4-4337-93c0-d307efb3800e-140021504806912","trial_id":48,"param_name":"ab_weight_scaling_omega","param_value_internal":0.0,"distribution":"{\"name\": \"FloatDistribution\", \"attributes\": {\"step\": null, \"low\": 0.0, \"high\": 0.0, \"log\": false}}"}
{"op_code":5,"worker_id":"f8b9cf2e-e5a4-4337-93c0-d307efb3800e-140021504806912","trial_id":48,"param_name":"min_lr_rate","param_value_internal":0.0,"distribution":"{\"name\": \"FloatDistribution\", \"attributes\": {\"step\": null, \"low\": 0.0, \"high\": 0.0, \"log\": false}}"}
{"op_code":8,"worker_id":"f8b9cf2e-e5a4-4337-93c0-d307efb3800e-140021504806912","trial_id":48,"user_attr":{"grad_accum_steps":1}}
{"op_code":7,"worker_id":"34067865-bb24-43b1-8ad1-31db0a939e3e-140259940487168","trial_id":47,"step":2,"intermediate_value":77.3192128697433}
{"op_code":8,"worker_id":"34067865-bb24-43b1-8ad1-31db0a939e3e-140259940487168","trial_id":47,"user_attr":{"train_loss_epoch_2":1.5967083783653693}}
{"op_code":7,"worker_id":"f8b9cf2e-e5a4-4337-93c0-d307efb3800e-140021504806912","trial_id":48,"step":1,"intermediate_value":74.28044028332103}
{"op_code":8,"worker_id":"f8b9cf2e-e5a4-4337-93c0-d307efb3800e-140021504806912","trial_id":48,"user_attr":{"train_loss_epoch_1":2.46445823297268}}
{"op_code":7,"worker_id":"34067865-bb24-43b1-8ad1-31db0a939e3e-140259940487168","trial_id":47,"step":3,"intermediate_value":78.61544571475464}
{"op_code":8,"worker_id":"34067865-bb24-43b1-8ad1-31db0a939e3e-140259940487168","trial_id":47,"user_attr":{"train_loss_epoch_3":1.5010692914003925}}
{"op_code":7,"worker_id":"f8b9cf2e-e5a4-4337-93c0-d307efb3800e-140021504806912","trial_id":48,"step":2,"intermediate_value":77.33072884331213}
{"op_code":8,"worker_id":"f8b9cf2e-e5a4-4337-93c0-d307efb3800e-140021504806912","trial_id":48,"user_attr":{"train_loss_epoch_2":1.6034194605137275}}
{"op_code":7,"worker_id":"34067865-bb24-43b1-8ad1-31db0a939e3e-140259940487168","trial_id":47,"step":4,"intermediate_value":79.12186193983939}
{"op_code":8,"worker_id":"34067865-bb24-43b1-8ad1-31db0a939e3e-140259940487168","trial_id":47,"user_attr":{"train_loss_epoch_4":1.456019039690333}}
{"op_code":7,"worker_id":"f8b9cf2e-e5a4-4337-93c0-d307efb3800e-140021504806912","trial_id":48,"step":3,"intermediate_value":78.51095495793066}
{"op_code":8,"worker_id":"f8b9cf2e-e5a4-4337-93c0-d307efb3800e-140021504806912","trial_id":48,"user_attr":{"train_loss_epoch_3":1.5076728976838958}}
{"op_code":7,"worker_id":"34067865-bb24-43b1-8ad1-31db0a939e3e-140259940487168","trial_id":47,"step":5,"intermediate_value":79.39877244758082}
{"op_code":8,"worker_id":"34067865-bb24-43b1-8ad1-31db0a939e3e-140259940487168","trial_id":47,"user_attr":{"train_loss_epoch_5":1.436071848352427}}
{"op_code":6,"worker_id":"34067865-bb24-43b1-8ad1-31db0a939e3e-140259940487168","trial_id":47,"state":1,"values":[79.39877244758082],"datetime_complete":"2026-04-29T21:14:34.512831"}
{"op_code":4,"worker_id":"34067865-bb24-43b1-8ad1-31db0a939e3e-140259940487168","study_id":0,"datetime_start":"2026-04-29T21:14:34.514570"}
{"op_code":5,"worker_id":"34067865-bb24-43b1-8ad1-31db0a939e3e-140259940487168","trial_id":49,"param_name":"learning_rate","param_value_internal":0.00746861456715772,"distribution":"{\"name\": \"FloatDistribution\", \"attributes\": {\"step\": null, \"low\": 0.0001, \"high\": 0.05, \"log\": true}}"}
{"op_code":5,"worker_id":"34067865-bb24-43b1-8ad1-31db0a939e3e-140259940487168","trial_id":49,"param_name":"transfer_lr","param_value_internal":0.043578095918588564,"distribution":"{\"name\": \"FloatDistribution\", \"attributes\": {\"step\": null, \"low\": 0.009, \"high\": 5.0, \"log\": true}}"}
{"op_code":5,"worker_id":"34067865-bb24-43b1-8ad1-31db0a939e3e-140259940487168","trial_id":49,"param_name":"transfer_every","param_value_internal":2.0,"distribution":"{\"name\": \"IntDistribution\", \"attributes\": {\"log\": true, \"step\": 1, \"low\": 1, \"high\": 20}}"}
{"op_code":5,"worker_id":"34067865-bb24-43b1-8ad1-31db0a939e3e-140259940487168","trial_id":49,"param_name":"rank_exp","param_value_internal":5.0,"distribution":"{\"name\": \"IntDistribution\", \"attributes\": {\"log\": false, \"step\": 1, \"low\": 5, \"high\": 5}}"}
{"op_code":5,"worker_id":"34067865-bb24-43b1-8ad1-31db0a939e3e-140259940487168","trial_id":49,"param_name":"fast_lr","param_value_internal":0.32793102273123254,"distribution":"{\"name\": \"FloatDistribution\", \"attributes\": {\"step\": null, \"low\": 0.01, \"high\": 5.0, \"log\": true}}"}
{"op_code":5,"worker_id":"34067865-bb24-43b1-8ad1-31db0a939e3e-140259940487168","trial_id":49,"param_name":"tau_sec","param_value_internal":0.0,"distribution":"{\"name\": \"FloatDistribution\", \"attributes\": {\"step\": null, \"low\": 0.0, \"high\": 0.0, \"log\": false}}"}
{"op_code":5,"worker_id":"34067865-bb24-43b1-8ad1-31db0a939e3e-140259940487168","trial_id":49,"param_name":"ab_dw_min","param_value_internal":0.0004883,"distribution":"{\"name\": \"FloatDistribution\", \"attributes\": {\"step\": null, \"low\": 0.0004883, \"high\": 0.0004883, \"log\": true}}"}
{"op_code":5,"worker_id":"34067865-bb24-43b1-8ad1-31db0a939e3e-140259940487168","trial_id":49,"param_name":"ab_desired_bl","param_value_internal":31.0,"distribution":"{\"name\": \"IntDistribution\", \"attributes\": {\"log\": false, \"step\": 1, \"low\": 31, \"high\": 31}}"}
{"op_code":5,"worker_id":"34067865-bb24-43b1-8ad1-31db0a939e3e-140259940487168","trial_id":49,"param_name":"c_dw_min","param_value_internal":0.001953,"distribution":"{\"name\": \"FloatDistribution\", \"attributes\": {\"step\": null, \"low\": 0.001953, \"high\": 0.001953, \"log\": true}}"}
{"op_code":5,"worker_id":"34067865-bb24-43b1-8ad1-31db0a939e3e-140259940487168","trial_id":49,"param_name":"c_desired_bl","param_value_internal":31.0,"distribution":"{\"name\": \"IntDistribution\", \"attributes\": {\"log\": false, \"step\": 1, \"low\": 31, \"high\": 31}}"}
{"op_code":5,"worker_id":"34067865-bb24-43b1-8ad1-31db0a939e3e-140259940487168","trial_id":49,"param_name":"out_noise","param_value_internal":0.0,"distribution":"{\"name\": \"FloatDistribution\", \"attributes\": {\"step\": null, \"low\": 0.0, \"high\": 0.0, \"log\": false}}"}
{"op_code":5,"worker_id":"34067865-bb24-43b1-8ad1-31db0a939e3e-140259940487168","trial_id":49,"param_name":"ab_weight_scaling_omega","param_value_internal":0.0,"distribution":"{\"name\": \"FloatDistribution\", \"attributes\": {\"step\": null, \"low\": 0.0, \"high\": 0.0, \"log\": false}}"}
{"op_code":5,"worker_id":"34067865-bb24-43b1-8ad1-31db0a939e3e-140259940487168","trial_id":49,"param_name":"min_lr_rate","param_value_internal":0.0,"distribution":"{\"name\": \"FloatDistribution\", \"attributes\": {\"step\": null, \"low\": 0.0, \"high\": 0.0, \"log\": false}}"}
{"op_code":8,"worker_id":"34067865-bb24-43b1-8ad1-31db0a939e3e-140259940487168","trial_id":49,"user_attr":{"grad_accum_steps":1}}
{"op_code":7,"worker_id":"f8b9cf2e-e5a4-4337-93c0-d307efb3800e-140021504806912","trial_id":48,"step":4,"intermediate_value":79.14551714134548}
{"op_code":8,"worker_id":"f8b9cf2e-e5a4-4337-93c0-d307efb3800e-140021504806912","trial_id":48,"user_attr":{"train_loss_epoch_4":1.4642958408771816}}
{"op_code":7,"worker_id":"34067865-bb24-43b1-8ad1-31db0a939e3e-140259940487168","trial_id":49,"step":1,"intermediate_value":77.33961800593482}
{"op_code":8,"worker_id":"34067865-bb24-43b1-8ad1-31db0a939e3e-140259940487168","trial_id":49,"user_attr":{"train_loss_epoch_1":2.0075981791426494}}
{"op_code":7,"worker_id":"f8b9cf2e-e5a4-4337-93c0-d307efb3800e-140021504806912","trial_id":48,"step":5,"intermediate_value":79.3116230144156}
{"op_code":8,"worker_id":"f8b9cf2e-e5a4-4337-93c0-d307efb3800e-140021504806912","trial_id":48,"user_attr":{"train_loss_epoch_5":1.442769459043415}}
{"op_code":6,"worker_id":"f8b9cf2e-e5a4-4337-93c0-d307efb3800e-140021504806912","trial_id":48,"state":1,"values":[79.3116230144156],"datetime_complete":"2026-04-29T21:57:03.363634"}
{"op_code":4,"worker_id":"f8b9cf2e-e5a4-4337-93c0-d307efb3800e-140021504806912","study_id":0,"datetime_start":"2026-04-29T21:57:03.365454"}
{"op_code":5,"worker_id":"f8b9cf2e-e5a4-4337-93c0-d307efb3800e-140021504806912","trial_id":50,"param_name":"learning_rate","param_value_internal":0.0070520324443352845,"distribution":"{\"name\": \"FloatDistribution\", \"attributes\": {\"step\": null, \"low\": 0.0001, \"high\": 0.05, \"log\": true}}"}
{"op_code":5,"worker_id":"f8b9cf2e-e5a4-4337-93c0-d307efb3800e-140021504806912","trial_id":50,"param_name":"transfer_lr","param_value_internal":0.043789162290109956,"distribution":"{\"name\": \"FloatDistribution\", \"attributes\": {\"step\": null, \"low\": 0.009, \"high\": 5.0, \"log\": true}}"}
{"op_code":5,"worker_id":"f8b9cf2e-e5a4-4337-93c0-d307efb3800e-140021504806912","trial_id":50,"param_name":"transfer_every","param_value_internal":1.0,"distribution":"{\"name\": \"IntDistribution\", \"attributes\": {\"log\": true, \"step\": 1, \"low\": 1, \"high\": 20}}"}
{"op_code":5,"worker_id":"f8b9cf2e-e5a4-4337-93c0-d307efb3800e-140021504806912","trial_id":50,"param_name":"rank_exp","param_value_internal":5.0,"distribution":"{\"name\": \"IntDistribution\", \"attributes\": {\"log\": false, \"step\": 1, \"low\": 5, \"high\": 5}}"}
{"op_code":5,"worker_id":"f8b9cf2e-e5a4-4337-93c0-d307efb3800e-140021504806912","trial_id":50,"param_name":"fast_lr","param_value_internal":0.329048707568787,"distribution":"{\"name\": \"FloatDistribution\", \"attributes\": {\"step\": null, \"low\": 0.01, \"high\": 5.0, \"log\": true}}"}
{"op_code":5,"worker_id":"f8b9cf2e-e5a4-4337-93c0-d307efb3800e-140021504806912","trial_id":50,"param_name":"tau_sec","param_value_internal":0.0,"distribution":"{\"name\": \"FloatDistribution\", \"attributes\": {\"step\": null, \"low\": 0.0, \"high\": 0.0, \"log\": false}}"}
{"op_code":5,"worker_id":"f8b9cf2e-e5a4-4337-93c0-d307efb3800e-140021504806912","trial_id":50,"param_name":"ab_dw_min","param_value_internal":0.0004883,"distribution":"{\"name\": \"FloatDistribution\", \"attributes\": {\"step\": null, \"low\": 0.0004883, \"high\": 0.0004883, \"log\": true}}"}
{"op_code":5,"worker_id":"f8b9cf2e-e5a4-4337-93c0-d307efb3800e-140021504806912","trial_id":50,"param_name":"ab_desired_bl","param_value_internal":31.0,"distribution":"{\"name\": \"IntDistribution\", \"attributes\": {\"log\": false, \"step\": 1, \"low\": 31, \"high\": 31}}"}
{"op_code":5,"worker_id":"f8b9cf2e-e5a4-4337-93c0-d307efb3800e-140021504806912","trial_id":50,"param_name":"c_dw_min","param_value_internal":0.001953,"distribution":"{\"name\": \"FloatDistribution\", \"attributes\": {\"step\": null, \"low\": 0.001953, \"high\": 0.001953, \"log\": true}}"}
{"op_code":5,"worker_id":"f8b9cf2e-e5a4-4337-93c0-d307efb3800e-140021504806912","trial_id":50,"param_name":"c_desired_bl","param_value_internal":31.0,"distribution":"{\"name\": \"IntDistribution\", \"attributes\": {\"log\": false, \"step\": 1, \"low\": 31, \"high\": 31}}"}
{"op_code":5,"worker_id":"f8b9cf2e-e5a4-4337-93c0-d307efb3800e-140021504806912","trial_id":50,"param_name":"out_noise","param_value_internal":0.0,"distribution":"{\"name\": \"FloatDistribution\", \"attributes\": {\"step\": null, \"low\": 0.0, \"high\": 0.0, \"log\": false}}"}
{"op_code":5,"worker_id":"f8b9cf2e-e5a4-4337-93c0-d307efb3800e-140021504806912","trial_id":50,"param_name":"ab_weight_scaling_omega","param_value_internal":0.0,"distribution":"{\"name\": \"FloatDistribution\", \"attributes\": {\"step\": null, \"low\": 0.0, \"high\": 0.0, \"log\": false}}"}
{"op_code":5,"worker_id":"f8b9cf2e-e5a4-4337-93c0-d307efb3800e-140021504806912","trial_id":50,"param_name":"min_lr_rate","param_value_internal":0.0,"distribution":"{\"name\": \"FloatDistribution\", \"attributes\": {\"step\": null, \"low\": 0.0, \"high\": 0.0, \"log\": false}}"}
{"op_code":8,"worker_id":"f8b9cf2e-e5a4-4337-93c0-d307efb3800e-140021504806912","trial_id":50,"user_attr":{"grad_accum_steps":1}}
{"op_code":7,"worker_id":"34067865-bb24-43b1-8ad1-31db0a939e3e-140259940487168","trial_id":49,"step":2,"intermediate_value":78.89010752531203}
{"op_code":8,"worker_id":"34067865-bb24-43b1-8ad1-31db0a939e3e-140259940487168","trial_id":49,"user_attr":{"train_loss_epoch_2":1.521331749763592}}
{"op_code":7,"worker_id":"f8b9cf2e-e5a4-4337-93c0-d307efb3800e-140021504806912","trial_id":50,"step":1,"intermediate_value":78.15169692467931}
{"op_code":8,"worker_id":"f8b9cf2e-e5a4-4337-93c0-d307efb3800e-140021504806912","trial_id":50,"user_attr":{"train_loss_epoch_1":1.9782424011527684}}
{"op_code":7,"worker_id":"34067865-bb24-43b1-8ad1-31db0a939e3e-140259940487168","trial_id":49,"step":3,"intermediate_value":80.24908814412275}
{"op_code":8,"worker_id":"34067865-bb24-43b1-8ad1-31db0a939e3e-140259940487168","trial_id":49,"user_attr":{"train_loss_epoch_3":1.438536541377949}}
{"op_code":7,"worker_id":"f8b9cf2e-e5a4-4337-93c0-d307efb3800e-140021504806912","trial_id":50,"step":2,"intermediate_value":79.19617044371451}
{"op_code":8,"worker_id":"f8b9cf2e-e5a4-4337-93c0-d307efb3800e-140021504806912","trial_id":50,"user_attr":{"train_loss_epoch_2":1.4773196196491478}}
{"op_code":7,"worker_id":"34067865-bb24-43b1-8ad1-31db0a939e3e-140259940487168","trial_id":49,"step":4,"intermediate_value":81.08573858758548}
{"op_code":8,"worker_id":"34067865-bb24-43b1-8ad1-31db0a939e3e-140259940487168","trial_id":49,"user_attr":{"train_loss_epoch_4":1.3718275464001064}}
{"op_code":7,"worker_id":"34067865-bb24-43b1-8ad1-31db0a939e3e-140259940487168","trial_id":49,"step":5,"intermediate_value":81.08573858758548}
{"op_code":8,"worker_id":"34067865-bb24-43b1-8ad1-31db0a939e3e-140259940487168","trial_id":49,"user_attr":{"train_loss_epoch_5":1.35084813112812}}
{"op_code":6,"worker_id":"34067865-bb24-43b1-8ad1-31db0a939e3e-140259940487168","trial_id":49,"state":1,"values":[81.08573858758548],"datetime_complete":"2026-04-29T23:20:40.741938"}
{"op_code":4,"worker_id":"34067865-bb24-43b1-8ad1-31db0a939e3e-140259940487168","study_id":0,"datetime_start":"2026-04-29T23:20:40.743714"}
{"op_code":5,"worker_id":"34067865-bb24-43b1-8ad1-31db0a939e3e-140259940487168","trial_id":51,"param_name":"learning_rate","param_value_internal":0.0011745668898347707,"distribution":"{\"name\": \"FloatDistribution\", \"attributes\": {\"step\": null, \"low\": 0.0001, \"high\": 0.05, \"log\": true}}"}
{"op_code":5,"worker_id":"34067865-bb24-43b1-8ad1-31db0a939e3e-140259940487168","trial_id":51,"param_name":"transfer_lr","param_value_internal":0.06695971275447404,"distribution":"{\"name\": \"FloatDistribution\", \"attributes\": {\"step\": null, \"low\": 0.009, \"high\": 5.0, \"log\": true}}"}
{"op_code":5,"worker_id":"34067865-bb24-43b1-8ad1-31db0a939e3e-140259940487168","trial_id":51,"param_name":"transfer_every","param_value_internal":20.0,"distribution":"{\"name\": \"IntDistribution\", \"attributes\": {\"log\": true, \"step\": 1, \"low\": 1, \"high\": 20}}"}
{"op_code":5,"worker_id":"34067865-bb24-43b1-8ad1-31db0a939e3e-140259940487168","trial_id":51,"param_name":"rank_exp","param_value_internal":5.0,"distribution":"{\"name\": \"IntDistribution\", \"attributes\": {\"log\": false, \"step\": 1, \"low\": 5, \"high\": 5}}"}
{"op_code":5,"worker_id":"34067865-bb24-43b1-8ad1-31db0a939e3e-140259940487168","trial_id":51,"param_name":"fast_lr","param_value_internal":0.33306779434497374,"distribution":"{\"name\": \"FloatDistribution\", \"attributes\": {\"step\": null, \"low\": 0.01, \"high\": 5.0, \"log\": true}}"}
{"op_code":5,"worker_id":"34067865-bb24-43b1-8ad1-31db0a939e3e-140259940487168","trial_id":51,"param_name":"tau_sec","param_value_internal":0.0,"distribution":"{\"name\": \"FloatDistribution\", \"attributes\": {\"step\": null, \"low\": 0.0, \"high\": 0.0, \"log\": false}}"}
{"op_code":5,"worker_id":"34067865-bb24-43b1-8ad1-31db0a939e3e-140259940487168","trial_id":51,"param_name":"ab_dw_min","param_value_internal":0.0004883,"distribution":"{\"name\": \"FloatDistribution\", \"attributes\": {\"step\": null, \"low\": 0.0004883, \"high\": 0.0004883, \"log\": true}}"}
{"op_code":5,"worker_id":"34067865-bb24-43b1-8ad1-31db0a939e3e-140259940487168","trial_id":51,"param_name":"ab_desired_bl","param_value_internal":31.0,"distribution":"{\"name\": \"IntDistribution\", \"attributes\": {\"log\": false, \"step\": 1, \"low\": 31, \"high\": 31}}"}
{"op_code":5,"worker_id":"34067865-bb24-43b1-8ad1-31db0a939e3e-140259940487168","trial_id":51,"param_name":"c_dw_min","param_value_internal":0.001953,"distribution":"{\"name\": \"FloatDistribution\", \"attributes\": {\"step\": null, \"low\": 0.001953, \"high\": 0.001953, \"log\": true}}"}
{"op_code":5,"worker_id":"34067865-bb24-43b1-8ad1-31db0a939e3e-140259940487168","trial_id":51,"param_name":"c_desired_bl","param_value_internal":31.0,"distribution":"{\"name\": \"IntDistribution\", \"attributes\": {\"log\": false, \"step\": 1, \"low\": 31, \"high\": 31}}"}
{"op_code":5,"worker_id":"34067865-bb24-43b1-8ad1-31db0a939e3e-140259940487168","trial_id":51,"param_name":"out_noise","param_value_internal":0.0,"distribution":"{\"name\": \"FloatDistribution\", \"attributes\": {\"step\": null, \"low\": 0.0, \"high\": 0.0, \"log\": false}}"}
{"op_code":5,"worker_id":"34067865-bb24-43b1-8ad1-31db0a939e3e-140259940487168","trial_id":51,"param_name":"ab_weight_scaling_omega","param_value_internal":0.0,"distribution":"{\"name\": \"FloatDistribution\", \"attributes\": {\"step\": null, \"low\": 0.0, \"high\": 0.0, \"log\": false}}"}
{"op_code":5,"worker_id":"34067865-bb24-43b1-8ad1-31db0a939e3e-140259940487168","trial_id":51,"param_name":"min_lr_rate","param_value_internal":0.0,"distribution":"{\"name\": \"FloatDistribution\", \"attributes\": {\"step\": null, \"low\": 0.0, \"high\": 0.0, \"log\": false}}"}
{"op_code":8,"worker_id":"34067865-bb24-43b1-8ad1-31db0a939e3e-140259940487168","trial_id":51,"user_attr":{"grad_accum_steps":1}}
{"op_code":7,"worker_id":"f8b9cf2e-e5a4-4337-93c0-d307efb3800e-140021504806912","trial_id":50,"step":3,"intermediate_value":81.59648714516463}
{"op_code":8,"worker_id":"f8b9cf2e-e5a4-4337-93c0-d307efb3800e-140021504806912","trial_id":50,"user_attr":{"train_loss_epoch_3":1.390829400318425}}
{"op_code":7,"worker_id":"34067865-bb24-43b1-8ad1-31db0a939e3e-140259940487168","trial_id":51,"step":1,"intermediate_value":74.89999107689347}
{"op_code":8,"worker_id":"34067865-bb24-43b1-8ad1-31db0a939e3e-140259940487168","trial_id":51,"user_attr":{"train_loss_epoch_1":2.320445097623479}}
{"op_code":7,"worker_id":"f8b9cf2e-e5a4-4337-93c0-d307efb3800e-140021504806912","trial_id":50,"step":4,"intermediate_value":81.78342107981804}
{"op_code":8,"worker_id":"f8b9cf2e-e5a4-4337-93c0-d307efb3800e-140021504806912","trial_id":50,"user_attr":{"train_loss_epoch_4":1.314372845135407}}
{"op_code":7,"worker_id":"34067865-bb24-43b1-8ad1-31db0a939e3e-140259940487168","trial_id":51,"step":2,"intermediate_value":77.28152340156916}
{"op_code":8,"worker_id":"34067865-bb24-43b1-8ad1-31db0a939e3e-140259940487168","trial_id":51,"user_attr":{"train_loss_epoch_2":1.5967192498649039}}
{"op_code":7,"worker_id":"f8b9cf2e-e5a4-4337-93c0-d307efb3800e-140021504806912","trial_id":50,"step":5,"intermediate_value":82.44925218448846}
{"op_code":8,"worker_id":"f8b9cf2e-e5a4-4337-93c0-d307efb3800e-140021504806912","trial_id":50,"user_attr":{"train_loss_epoch_5":1.2548179251391713}}
{"op_code":6,"worker_id":"f8b9cf2e-e5a4-4337-93c0-d307efb3800e-140021504806912","trial_id":50,"state":1,"values":[82.44925218448846],"datetime_complete":"2026-04-30T00:17:41.508726"}
{"op_code":4,"worker_id":"f8b9cf2e-e5a4-4337-93c0-d307efb3800e-140021504806912","study_id":0,"datetime_start":"2026-04-30T00:17:41.510402"}
{"op_code":5,"worker_id":"f8b9cf2e-e5a4-4337-93c0-d307efb3800e-140021504806912","trial_id":52,"param_name":"learning_rate","param_value_internal":0.0011186670253489374,"distribution":"{\"name\": \"FloatDistribution\", \"attributes\": {\"step\": null, \"low\": 0.0001, \"high\": 0.05, \"log\": true}}"}
{"op_code":5,"worker_id":"f8b9cf2e-e5a4-4337-93c0-d307efb3800e-140021504806912","trial_id":52,"param_name":"transfer_lr","param_value_internal":0.06169099757010731,"distribution":"{\"name\": \"FloatDistribution\", \"attributes\": {\"step\": null, \"low\": 0.009, \"high\": 5.0, \"log\": true}}"}
{"op_code":5,"worker_id":"f8b9cf2e-e5a4-4337-93c0-d307efb3800e-140021504806912","trial_id":52,"param_name":"transfer_every","param_value_internal":12.0,"distribution":"{\"name\": \"IntDistribution\", \"attributes\": {\"log\": true, \"step\": 1, \"low\": 1, \"high\": 20}}"}
{"op_code":5,"worker_id":"f8b9cf2e-e5a4-4337-93c0-d307efb3800e-140021504806912","trial_id":52,"param_name":"rank_exp","param_value_internal":5.0,"distribution":"{\"name\": \"IntDistribution\", \"attributes\": {\"log\": false, \"step\": 1, \"low\": 5, \"high\": 5}}"}
{"op_code":5,"worker_id":"f8b9cf2e-e5a4-4337-93c0-d307efb3800e-140021504806912","trial_id":52,"param_name":"fast_lr","param_value_internal":0.3312657060625094,"distribution":"{\"name\": \"FloatDistribution\", \"attributes\": {\"step\": null, \"low\": 0.01, \"high\": 5.0, \"log\": true}}"}
{"op_code":5,"worker_id":"f8b9cf2e-e5a4-4337-93c0-d307efb3800e-140021504806912","trial_id":52,"param_name":"tau_sec","param_value_internal":0.0,"distribution":"{\"name\": \"FloatDistribution\", \"attributes\": {\"step\": null, \"low\": 0.0, \"high\": 0.0, \"log\": false}}"}
{"op_code":5,"worker_id":"f8b9cf2e-e5a4-4337-93c0-d307efb3800e-140021504806912","trial_id":52,"param_name":"ab_dw_min","param_value_internal":0.0004883,"distribution":"{\"name\": \"FloatDistribution\", \"attributes\": {\"step\": null, \"low\": 0.0004883, \"high\": 0.0004883, \"log\": true}}"}
{"op_code":5,"worker_id":"f8b9cf2e-e5a4-4337-93c0-d307efb3800e-140021504806912","trial_id":52,"param_name":"ab_desired_bl","param_value_internal":31.0,"distribution":"{\"name\": \"IntDistribution\", \"attributes\": {\"log\": false, \"step\": 1, \"low\": 31, \"high\": 31}}"}
{"op_code":5,"worker_id":"f8b9cf2e-e5a4-4337-93c0-d307efb3800e-140021504806912","trial_id":52,"param_name":"c_dw_min","param_value_internal":0.001953,"distribution":"{\"name\": \"FloatDistribution\", \"attributes\": {\"step\": null, \"low\": 0.001953, \"high\": 0.001953, \"log\": true}}"}
{"op_code":5,"worker_id":"f8b9cf2e-e5a4-4337-93c0-d307efb3800e-140021504806912","trial_id":52,"param_name":"c_desired_bl","param_value_internal":31.0,"distribution":"{\"name\": \"IntDistribution\", \"attributes\": {\"log\": false, \"step\": 1, \"low\": 31, \"high\": 31}}"}
{"op_code":5,"worker_id":"f8b9cf2e-e5a4-4337-93c0-d307efb3800e-140021504806912","trial_id":52,"param_name":"out_noise","param_value_internal":0.0,"distribution":"{\"name\": \"FloatDistribution\", \"attributes\": {\"step\": null, \"low\": 0.0, \"high\": 0.0, \"log\": false}}"}
{"op_code":5,"worker_id":"f8b9cf2e-e5a4-4337-93c0-d307efb3800e-140021504806912","trial_id":52,"param_name":"ab_weight_scaling_omega","param_value_internal":0.0,"distribution":"{\"name\": \"FloatDistribution\", \"attributes\": {\"step\": null, \"low\": 0.0, \"high\": 0.0, \"log\": false}}"}
{"op_code":5,"worker_id":"f8b9cf2e-e5a4-4337-93c0-d307efb3800e-140021504806912","trial_id":52,"param_name":"min_lr_rate","param_value_internal":0.0,"distribution":"{\"name\": \"FloatDistribution\", \"attributes\": {\"step\": null, \"low\": 0.0, \"high\": 0.0, \"log\": false}}"}
{"op_code":8,"worker_id":"f8b9cf2e-e5a4-4337-93c0-d307efb3800e-140021504806912","trial_id":52,"user_attr":{"grad_accum_steps":1}}
{"op_code":7,"worker_id":"34067865-bb24-43b1-8ad1-31db0a939e3e-140259940487168","trial_id":51,"step":3,"intermediate_value":78.55885262813031}
{"op_code":8,"worker_id":"34067865-bb24-43b1-8ad1-31db0a939e3e-140259940487168","trial_id":51,"user_attr":{"train_loss_epoch_3":1.5181206227318058}}
{"op_code":7,"worker_id":"f8b9cf2e-e5a4-4337-93c0-d307efb3800e-140021504806912","trial_id":52,"step":1,"intermediate_value":75.15987280245533}
{"op_code":8,"worker_id":"f8b9cf2e-e5a4-4337-93c0-d307efb3800e-140021504806912","trial_id":52,"user_attr":{"train_loss_epoch_1":2.3142676655193006}}
{"op_code":7,"worker_id":"34067865-bb24-43b1-8ad1-31db0a939e3e-140259940487168","trial_id":51,"step":4,"intermediate_value":79.07944505535899}
{"op_code":8,"worker_id":"34067865-bb24-43b1-8ad1-31db0a939e3e-140259940487168","trial_id":51,"user_attr":{"train_loss_epoch_4":1.478702787848992}}
{"op_code":7,"worker_id":"f8b9cf2e-e5a4-4337-93c0-d307efb3800e-140021504806912","trial_id":52,"step":2,"intermediate_value":77.55447219642068}
{"op_code":8,"worker_id":"f8b9cf2e-e5a4-4337-93c0-d307efb3800e-140021504806912","trial_id":52,"user_attr":{"train_loss_epoch_2":1.579567055004399}}
{"op_code":7,"worker_id":"34067865-bb24-43b1-8ad1-31db0a939e3e-140259940487168","trial_id":51,"step":5,"intermediate_value":79.3368488949962}
{"op_code":8,"worker_id":"34067865-bb24-43b1-8ad1-31db0a939e3e-140259940487168","trial_id":51,"user_attr":{"train_loss_epoch_5":1.4588970503509853}}
{"op_code":6,"worker_id":"34067865-bb24-43b1-8ad1-31db0a939e3e-140259940487168","trial_id":51,"state":1,"values":[79.3368488949962],"datetime_complete":"2026-04-30T01:13:56.839457"}
{"op_code":4,"worker_id":"34067865-bb24-43b1-8ad1-31db0a939e3e-140259940487168","study_id":0,"datetime_start":"2026-04-30T01:13:56.841127"}
{"op_code":5,"worker_id":"34067865-bb24-43b1-8ad1-31db0a939e3e-140259940487168","trial_id":53,"param_name":"learning_rate","param_value_internal":0.0028052537446649744,"distribution":"{\"name\": \"FloatDistribution\", \"attributes\": {\"step\": null, \"low\": 0.0001, \"high\": 0.05, \"log\": true}}"}
{"op_code":5,"worker_id":"34067865-bb24-43b1-8ad1-31db0a939e3e-140259940487168","trial_id":53,"param_name":"transfer_lr","param_value_internal":0.12613775692865095,"distribution":"{\"name\": \"FloatDistribution\", \"attributes\": {\"step\": null, \"low\": 0.009, \"high\": 5.0, \"log\": true}}"}
{"op_code":5,"worker_id":"34067865-bb24-43b1-8ad1-31db0a939e3e-140259940487168","trial_id":53,"param_name":"transfer_every","param_value_internal":1.0,"distribution":"{\"name\": \"IntDistribution\", \"attributes\": {\"log\": true, \"step\": 1, \"low\": 1, \"high\": 20}}"}
{"op_code":5,"worker_id":"34067865-bb24-43b1-8ad1-31db0a939e3e-140259940487168","trial_id":53,"param_name":"rank_exp","param_value_internal":5.0,"distribution":"{\"name\": \"IntDistribution\", \"attributes\": {\"log\": false, \"step\": 1, \"low\": 5, \"high\": 5}}"}
{"op_code":5,"worker_id":"34067865-bb24-43b1-8ad1-31db0a939e3e-140259940487168","trial_id":53,"param_name":"fast_lr","param_value_internal":0.4424110643948094,"distribution":"{\"name\": \"FloatDistribution\", \"attributes\": {\"step\": null, \"low\": 0.01, \"high\": 5.0, \"log\": true}}"}
{"op_code":5,"worker_id":"34067865-bb24-43b1-8ad1-31db0a939e3e-140259940487168","trial_id":53,"param_name":"tau_sec","param_value_internal":0.0,"distribution":"{\"name\": \"FloatDistribution\", \"attributes\": {\"step\": null, \"low\": 0.0, \"high\": 0.0, \"log\": false}}"}
{"op_code":5,"worker_id":"34067865-bb24-43b1-8ad1-31db0a939e3e-140259940487168","trial_id":53,"param_name":"ab_dw_min","param_value_internal":0.0004883,"distribution":"{\"name\": \"FloatDistribution\", \"attributes\": {\"step\": null, \"low\": 0.0004883, \"high\": 0.0004883, \"log\": true}}"}
{"op_code":5,"worker_id":"34067865-bb24-43b1-8ad1-31db0a939e3e-140259940487168","trial_id":53,"param_name":"ab_desired_bl","param_value_internal":31.0,"distribution":"{\"name\": \"IntDistribution\", \"attributes\": {\"log\": false, \"step\": 1, \"low\": 31, \"high\": 31}}"}
{"op_code":5,"worker_id":"34067865-bb24-43b1-8ad1-31db0a939e3e-140259940487168","trial_id":53,"param_name":"c_dw_min","param_value_internal":0.001953,"distribution":"{\"name\": \"FloatDistribution\", \"attributes\": {\"step\": null, \"low\": 0.001953, \"high\": 0.001953, \"log\": true}}"}
{"op_code":5,"worker_id":"34067865-bb24-43b1-8ad1-31db0a939e3e-140259940487168","trial_id":53,"param_name":"c_desired_bl","param_value_internal":31.0,"distribution":"{\"name\": \"IntDistribution\", \"attributes\": {\"log\": false, \"step\": 1, \"low\": 31, \"high\": 31}}"}
{"op_code":5,"worker_id":"34067865-bb24-43b1-8ad1-31db0a939e3e-140259940487168","trial_id":53,"param_name":"out_noise","param_value_internal":0.0,"distribution":"{\"name\": \"FloatDistribution\", \"attributes\": {\"step\": null, \"low\": 0.0, \"high\": 0.0, \"log\": false}}"}
{"op_code":5,"worker_id":"34067865-bb24-43b1-8ad1-31db0a939e3e-140259940487168","trial_id":53,"param_name":"ab_weight_scaling_omega","param_value_internal":0.0,"distribution":"{\"name\": \"FloatDistribution\", \"attributes\": {\"step\": null, \"low\": 0.0, \"high\": 0.0, \"log\": false}}"}
{"op_code":5,"worker_id":"34067865-bb24-43b1-8ad1-31db0a939e3e-140259940487168","trial_id":53,"param_name":"min_lr_rate","param_value_internal":0.0,"distribution":"{\"name\": \"FloatDistribution\", \"attributes\": {\"step\": null, \"low\": 0.0, \"high\": 0.0, \"log\": false}}"}
{"op_code":8,"worker_id":"34067865-bb24-43b1-8ad1-31db0a939e3e-140259940487168","trial_id":53,"user_attr":{"grad_accum_steps":1}}
{"op_code":8,"worker_id":"34067865-bb24-43b1-8ad1-31db0a939e3e-140259940487168","trial_id":53,"user_attr":{"error":"CUDA_CALL Error 'out of memory' at cuda_util.cu:978\n"}}
{"op_code":6,"worker_id":"34067865-bb24-43b1-8ad1-31db0a939e3e-140259940487168","trial_id":53,"state":3,"values":null,"datetime_complete":"2026-04-30T01:14:28.231497"}
{"op_code":0,"worker_id":"bbbd89c3-7a9f-42bf-a162-ae814b6f3866-140350958432256","study_name":"bert_squad_lrtt_bs48_adam_decay_nowd_nomom_nonest_onehot_a6t1c_bconstantstep6t1cgamma_cconstantstepideal_perfect_noos_qkvo_5ep","directions":[2]}
{"op_code":4,"worker_id":"bbbd89c3-7a9f-42bf-a162-ae814b6f3866-140350958432256","study_id":0,"datetime_start":null,"state":4,"value":null,"values":null,"distributions":{},"params":{},"user_attrs":{},"system_attrs":{"fixed_params":{"learning_rate":0.0028052537446649744,"transfer_lr":0.12613775692865095,"transfer_every":1,"rank_exp":5,"fast_lr":0.4424110643948094,"tau_sec":0.0,"ab_dw_min":0.0004883,"ab_desired_bl":31,"c_dw_min":0.001953,"c_desired_bl":31,"out_noise":0.0,"ab_weight_scaling_omega":0.0,"min_lr_rate":0.0}},"intermediate_values":{}}
{"op_code":6,"worker_id":"bbbd89c3-7a9f-42bf-a162-ae814b6f3866-140350958432256","trial_id":54,"state":0,"values":null,"datetime_start":"2026-04-30T01:14:39.485033"}
{"op_code":5,"worker_id":"bbbd89c3-7a9f-42bf-a162-ae814b6f3866-140350958432256","trial_id":54,"param_name":"learning_rate","param_value_internal":0.0028052537446649744,"distribution":"{\"name\": \"FloatDistribution\", \"attributes\": {\"step\": null, \"low\": 0.0001, \"high\": 0.05, \"log\": true}}"}
{"op_code":5,"worker_id":"bbbd89c3-7a9f-42bf-a162-ae814b6f3866-140350958432256","trial_id":54,"param_name":"transfer_lr","param_value_internal":0.12613775692865095,"distribution":"{\"name\": \"FloatDistribution\", \"attributes\": {\"step\": null, \"low\": 0.009, \"high\": 5.0, \"log\": true}}"}
{"op_code":5,"worker_id":"bbbd89c3-7a9f-42bf-a162-ae814b6f3866-140350958432256","trial_id":54,"param_name":"transfer_every","param_value_internal":1.0,"distribution":"{\"name\": \"IntDistribution\", \"attributes\": {\"log\": true, \"step\": 1, \"low\": 1, \"high\": 20}}"}
{"op_code":5,"worker_id":"bbbd89c3-7a9f-42bf-a162-ae814b6f3866-140350958432256","trial_id":54,"param_name":"rank_exp","param_value_internal":5.0,"distribution":"{\"name\": \"IntDistribution\", \"attributes\": {\"log\": false, \"step\": 1, \"low\": 5, \"high\": 5}}"}
{"op_code":5,"worker_id":"bbbd89c3-7a9f-42bf-a162-ae814b6f3866-140350958432256","trial_id":54,"param_name":"fast_lr","param_value_internal":0.4424110643948094,"distribution":"{\"name\": \"FloatDistribution\", \"attributes\": {\"step\": null, \"low\": 0.01, \"high\": 5.0, \"log\": true}}"}
{"op_code":5,"worker_id":"bbbd89c3-7a9f-42bf-a162-ae814b6f3866-140350958432256","trial_id":54,"param_name":"tau_sec","param_value_internal":0.0,"distribution":"{\"name\": \"FloatDistribution\", \"attributes\": {\"step\": null, \"low\": 0.0, \"high\": 0.0, \"log\": false}}"}
{"op_code":5,"worker_id":"bbbd89c3-7a9f-42bf-a162-ae814b6f3866-140350958432256","trial_id":54,"param_name":"ab_dw_min","param_value_internal":0.0004883,"distribution":"{\"name\": \"FloatDistribution\", \"attributes\": {\"step\": null, \"low\": 0.0004883, \"high\": 0.0004883, \"log\": true}}"}
{"op_code":5,"worker_id":"bbbd89c3-7a9f-42bf-a162-ae814b6f3866-140350958432256","trial_id":54,"param_name":"ab_desired_bl","param_value_internal":31.0,"distribution":"{\"name\": \"IntDistribution\", \"attributes\": {\"log\": false, \"step\": 1, \"low\": 31, \"high\": 31}}"}
{"op_code":5,"worker_id":"bbbd89c3-7a9f-42bf-a162-ae814b6f3866-140350958432256","trial_id":54,"param_name":"c_dw_min","param_value_internal":0.001953,"distribution":"{\"name\": \"FloatDistribution\", \"attributes\": {\"step\": null, \"low\": 0.001953, \"high\": 0.001953, \"log\": true}}"}
{"op_code":5,"worker_id":"bbbd89c3-7a9f-42bf-a162-ae814b6f3866-140350958432256","trial_id":54,"param_name":"c_desired_bl","param_value_internal":31.0,"distribution":"{\"name\": \"IntDistribution\", \"attributes\": {\"log\": false, \"step\": 1, \"low\": 31, \"high\": 31}}"}
{"op_code":5,"worker_id":"bbbd89c3-7a9f-42bf-a162-ae814b6f3866-140350958432256","trial_id":54,"param_name":"out_noise","param_value_internal":0.0,"distribution":"{\"name\": \"FloatDistribution\", \"attributes\": {\"step\": null, \"low\": 0.0, \"high\": 0.0, \"log\": false}}"}
{"op_code":5,"worker_id":"bbbd89c3-7a9f-42bf-a162-ae814b6f3866-140350958432256","trial_id":54,"param_name":"ab_weight_scaling_omega","param_value_internal":0.0,"distribution":"{\"name\": \"FloatDistribution\", \"attributes\": {\"step\": null, \"low\": 0.0, \"high\": 0.0, \"log\": false}}"}
{"op_code":5,"worker_id":"bbbd89c3-7a9f-42bf-a162-ae814b6f3866-140350958432256","trial_id":54,"param_name":"min_lr_rate","param_value_internal":0.0,"distribution":"{\"name\": \"FloatDistribution\", \"attributes\": {\"step\": null, \"low\": 0.0, \"high\": 0.0, \"log\": false}}"}
{"op_code":8,"worker_id":"bbbd89c3-7a9f-42bf-a162-ae814b6f3866-140350958432256","trial_id":54,"user_attr":{"grad_accum_steps":2}}
{"op_code":7,"worker_id":"f8b9cf2e-e5a4-4337-93c0-d307efb3800e-140021504806912","trial_id":52,"step":3,"intermediate_value":78.91464512493145}
{"op_code":8,"worker_id":"f8b9cf2e-e5a4-4337-93c0-d307efb3800e-140021504806912","trial_id":52,"user_attr":{"train_loss_epoch_3":1.499801736537034}}
{"op_code":7,"worker_id":"f8b9cf2e-e5a4-4337-93c0-d307efb3800e-140021504806912","trial_id":52,"step":4,"intermediate_value":79.34955040855696}
{"op_code":8,"worker_id":"f8b9cf2e-e5a4-4337-93c0-d307efb3800e-140021504806912","trial_id":52,"user_attr":{"train_loss_epoch_4":1.4591746094427134}}
{"op_code":7,"worker_id":"bbbd89c3-7a9f-42bf-a162-ae814b6f3866-140350958432256","trial_id":54,"step":1,"intermediate_value":79.88113652967797}
{"op_code":8,"worker_id":"bbbd89c3-7a9f-42bf-a162-ae814b6f3866-140350958432256","trial_id":54,"user_attr":{"train_loss_epoch_1":1.9770083141281665}}
{"op_code":7,"worker_id":"f8b9cf2e-e5a4-4337-93c0-d307efb3800e-140021504806912","trial_id":52,"step":5,"intermediate_value":79.59748378805723}
{"op_code":8,"worker_id":"f8b9cf2e-e5a4-4337-93c0-d307efb3800e-140021504806912","trial_id":52,"user_attr":{"train_loss_epoch_5":1.4393405383518394}}
{"op_code":6,"worker_id":"f8b9cf2e-e5a4-4337-93c0-d307efb3800e-140021504806912","trial_id":52,"state":1,"values":[79.59748378805723],"datetime_complete":"2026-04-30T01:58:14.671850"}
{"op_code":4,"worker_id":"f8b9cf2e-e5a4-4337-93c0-d307efb3800e-140021504806912","study_id":0,"datetime_start":"2026-04-30T01:58:14.673765"}
{"op_code":5,"worker_id":"f8b9cf2e-e5a4-4337-93c0-d307efb3800e-140021504806912","trial_id":55,"param_name":"learning_rate","param_value_internal":0.0026949699362999718,"distribution":"{\"name\": \"FloatDistribution\", \"attributes\": {\"step\": null, \"low\": 0.0001, \"high\": 0.05, \"log\": true}}"}
{"op_code":5,"worker_id":"f8b9cf2e-e5a4-4337-93c0-d307efb3800e-140021504806912","trial_id":55,"param_name":"transfer_lr","param_value_internal":0.12479323011049234,"distribution":"{\"name\": \"FloatDistribution\", \"attributes\": {\"step\": null, \"low\": 0.009, \"high\": 5.0, \"log\": true}}"}
{"op_code":5,"worker_id":"f8b9cf2e-e5a4-4337-93c0-d307efb3800e-140021504806912","trial_id":55,"param_name":"transfer_every","param_value_internal":1.0,"distribution":"{\"name\": \"IntDistribution\", \"attributes\": {\"log\": true, \"step\": 1, \"low\": 1, \"high\": 20}}"}
{"op_code":5,"worker_id":"f8b9cf2e-e5a4-4337-93c0-d307efb3800e-140021504806912","trial_id":55,"param_name":"rank_exp","param_value_internal":5.0,"distribution":"{\"name\": \"IntDistribution\", \"attributes\": {\"log\": false, \"step\": 1, \"low\": 5, \"high\": 5}}"}
{"op_code":5,"worker_id":"f8b9cf2e-e5a4-4337-93c0-d307efb3800e-140021504806912","trial_id":55,"param_name":"fast_lr","param_value_internal":0.442108887744672,"distribution":"{\"name\": \"FloatDistribution\", \"attributes\": {\"step\": null, \"low\": 0.01, \"high\": 5.0, \"log\": true}}"}
{"op_code":5,"worker_id":"f8b9cf2e-e5a4-4337-93c0-d307efb3800e-140021504806912","trial_id":55,"param_name":"tau_sec","param_value_internal":0.0,"distribution":"{\"name\": \"FloatDistribution\", \"attributes\": {\"step\": null, \"low\": 0.0, \"high\": 0.0, \"log\": false}}"}
{"op_code":5,"worker_id":"f8b9cf2e-e5a4-4337-93c0-d307efb3800e-140021504806912","trial_id":55,"param_name":"ab_dw_min","param_value_internal":0.0004883,"distribution":"{\"name\": \"FloatDistribution\", \"attributes\": {\"step\": null, \"low\": 0.0004883, \"high\": 0.0004883, \"log\": true}}"}
{"op_code":5,"worker_id":"f8b9cf2e-e5a4-4337-93c0-d307efb3800e-140021504806912","trial_id":55,"param_name":"ab_desired_bl","param_value_internal":31.0,"distribution":"{\"name\": \"IntDistribution\", \"attributes\": {\"log\": false, \"step\": 1, \"low\": 31, \"high\": 31}}"}
{"op_code":5,"worker_id":"f8b9cf2e-e5a4-4337-93c0-d307efb3800e-140021504806912","trial_id":55,"param_name":"c_dw_min","param_value_internal":0.001953,"distribution":"{\"name\": \"FloatDistribution\", \"attributes\": {\"step\": null, \"low\": 0.001953, \"high\": 0.001953, \"log\": true}}"}
{"op_code":5,"worker_id":"f8b9cf2e-e5a4-4337-93c0-d307efb3800e-140021504806912","trial_id":55,"param_name":"c_desired_bl","param_value_internal":31.0,"distribution":"{\"name\": \"IntDistribution\", \"attributes\": {\"log\": false, \"step\": 1, \"low\": 31, \"high\": 31}}"}
{"op_code":5,"worker_id":"f8b9cf2e-e5a4-4337-93c0-d307efb3800e-140021504806912","trial_id":55,"param_name":"out_noise","param_value_internal":0.0,"distribution":"{\"name\": \"FloatDistribution\", \"attributes\": {\"step\": null, \"low\": 0.0, \"high\": 0.0, \"log\": false}}"}
{"op_code":5,"worker_id":"f8b9cf2e-e5a4-4337-93c0-d307efb3800e-140021504806912","trial_id":55,"param_name":"ab_weight_scaling_omega","param_value_internal":0.0,"distribution":"{\"name\": \"FloatDistribution\", \"attributes\": {\"step\": null, \"low\": 0.0, \"high\": 0.0, \"log\": false}}"}
{"op_code":5,"worker_id":"f8b9cf2e-e5a4-4337-93c0-d307efb3800e-140021504806912","trial_id":55,"param_name":"min_lr_rate","param_value_internal":0.0,"distribution":"{\"name\": \"FloatDistribution\", \"attributes\": {\"step\": null, \"low\": 0.0, \"high\": 0.0, \"log\": false}}"}
{"op_code":8,"worker_id":"f8b9cf2e-e5a4-4337-93c0-d307efb3800e-140021504806912","trial_id":55,"user_attr":{"grad_accum_steps":1}}
{"op_code":8,"worker_id":"f8b9cf2e-e5a4-4337-93c0-d307efb3800e-140021504806912","trial_id":55,"user_attr":{"error":"CUDA_CALL Error 'out of memory' at cuda_util.cu:978\n"}}
{"op_code":6,"worker_id":"f8b9cf2e-e5a4-4337-93c0-d307efb3800e-140021504806912","trial_id":55,"state":3,"values":null,"datetime_complete":"2026-04-30T01:58:44.681748"}
{"op_code":0,"worker_id":"512a4f79-9161-49df-b231-30f5c1d37f17-140260864798720","study_name":"bert_squad_lrtt_bs48_adam_decay_nowd_nomom_nonest_onehot_a6t1c_bconstantstep6t1cgamma_cconstantstepideal_perfect_noos_qkvo_5ep","directions":[2]}
{"op_code":4,"worker_id":"512a4f79-9161-49df-b231-30f5c1d37f17-140260864798720","study_id":0,"datetime_start":null,"state":4,"value":null,"values":null,"distributions":{},"params":{},"user_attrs":{},"system_attrs":{"fixed_params":{"learning_rate":0.0026949699362999718,"transfer_lr":0.12479323011049234,"transfer_every":1,"rank_exp":5,"fast_lr":0.442108887744672,"tau_sec":0.0,"ab_dw_min":0.0004883,"ab_desired_bl":31,"c_dw_min":0.001953,"c_desired_bl":31,"out_noise":0.0,"ab_weight_scaling_omega":0.0,"min_lr_rate":0.0}},"intermediate_values":{}}
{"op_code":6,"worker_id":"512a4f79-9161-49df-b231-30f5c1d37f17-140260864798720","trial_id":56,"state":0,"values":null,"datetime_start":"2026-04-30T01:58:57.124845"}
{"op_code":5,"worker_id":"512a4f79-9161-49df-b231-30f5c1d37f17-140260864798720","trial_id":56,"param_name":"learning_rate","param_value_internal":0.0026949699362999718,"distribution":"{\"name\": \"FloatDistribution\", \"attributes\": {\"step\": null, \"low\": 0.0001, \"high\": 0.05, \"log\": true}}"}
{"op_code":5,"worker_id":"512a4f79-9161-49df-b231-30f5c1d37f17-140260864798720","trial_id":56,"param_name":"transfer_lr","param_value_internal":0.12479323011049234,"distribution":"{\"name\": \"FloatDistribution\", \"attributes\": {\"step\": null, \"low\": 0.009, \"high\": 5.0, \"log\": true}}"}
{"op_code":5,"worker_id":"512a4f79-9161-49df-b231-30f5c1d37f17-140260864798720","trial_id":56,"param_name":"transfer_every","param_value_internal":1.0,"distribution":"{\"name\": \"IntDistribution\", \"attributes\": {\"log\": true, \"step\": 1, \"low\": 1, \"high\": 20}}"}
{"op_code":5,"worker_id":"512a4f79-9161-49df-b231-30f5c1d37f17-140260864798720","trial_id":56,"param_name":"rank_exp","param_value_internal":5.0,"distribution":"{\"name\": \"IntDistribution\", \"attributes\": {\"log\": false, \"step\": 1, \"low\": 5, \"high\": 5}}"}
{"op_code":5,"worker_id":"512a4f79-9161-49df-b231-30f5c1d37f17-140260864798720","trial_id":56,"param_name":"fast_lr","param_value_internal":0.442108887744672,"distribution":"{\"name\": \"FloatDistribution\", \"attributes\": {\"step\": null, \"low\": 0.01, \"high\": 5.0, \"log\": true}}"}
{"op_code":5,"worker_id":"512a4f79-9161-49df-b231-30f5c1d37f17-140260864798720","trial_id":56,"param_name":"tau_sec","param_value_internal":0.0,"distribution":"{\"name\": \"FloatDistribution\", \"attributes\": {\"step\": null, \"low\": 0.0, \"high\": 0.0, \"log\": false}}"}
{"op_code":5,"worker_id":"512a4f79-9161-49df-b231-30f5c1d37f17-140260864798720","trial_id":56,"param_name":"ab_dw_min","param_value_internal":0.0004883,"distribution":"{\"name\": \"FloatDistribution\", \"attributes\": {\"step\": null, \"low\": 0.0004883, \"high\": 0.0004883, \"log\": true}}"}
{"op_code":5,"worker_id":"512a4f79-9161-49df-b231-30f5c1d37f17-140260864798720","trial_id":56,"param_name":"ab_desired_bl","param_value_internal":31.0,"distribution":"{\"name\": \"IntDistribution\", \"attributes\": {\"log\": false, \"step\": 1, \"low\": 31, \"high\": 31}}"}
{"op_code":5,"worker_id":"512a4f79-9161-49df-b231-30f5c1d37f17-140260864798720","trial_id":56,"param_name":"c_dw_min","param_value_internal":0.001953,"distribution":"{\"name\": \"FloatDistribution\", \"attributes\": {\"step\": null, \"low\": 0.001953, \"high\": 0.001953, \"log\": true}}"}
{"op_code":5,"worker_id":"512a4f79-9161-49df-b231-30f5c1d37f17-140260864798720","trial_id":56,"param_name":"c_desired_bl","param_value_internal":31.0,"distribution":"{\"name\": \"IntDistribution\", \"attributes\": {\"log\": false, \"step\": 1, \"low\": 31, \"high\": 31}}"}
{"op_code":5,"worker_id":"512a4f79-9161-49df-b231-30f5c1d37f17-140260864798720","trial_id":56,"param_name":"out_noise","param_value_internal":0.0,"distribution":"{\"name\": \"FloatDistribution\", \"attributes\": {\"step\": null, \"low\": 0.0, \"high\": 0.0, \"log\": false}}"}
{"op_code":5,"worker_id":"512a4f79-9161-49df-b231-30f5c1d37f17-140260864798720","trial_id":56,"param_name":"ab_weight_scaling_omega","param_value_internal":0.0,"distribution":"{\"name\": \"FloatDistribution\", \"attributes\": {\"step\": null, \"low\": 0.0, \"high\": 0.0, \"log\": false}}"}
{"op_code":5,"worker_id":"512a4f79-9161-49df-b231-30f5c1d37f17-140260864798720","trial_id":56,"param_name":"min_lr_rate","param_value_internal":0.0,"distribution":"{\"name\": \"FloatDistribution\", \"attributes\": {\"step\": null, \"low\": 0.0, \"high\": 0.0, \"log\": false}}"}
{"op_code":8,"worker_id":"512a4f79-9161-49df-b231-30f5c1d37f17-140260864798720","trial_id":56,"user_attr":{"grad_accum_steps":2}}
{"op_code":7,"worker_id":"bbbd89c3-7a9f-42bf-a162-ae814b6f3866-140350958432256","trial_id":54,"step":2,"intermediate_value":82.2073950287943}
{"op_code":8,"worker_id":"bbbd89c3-7a9f-42bf-a162-ae814b6f3866-140350958432256","trial_id":54,"user_attr":{"train_loss_epoch_2":1.3440216976748343}}
{"op_code":7,"worker_id":"512a4f79-9161-49df-b231-30f5c1d37f17-140260864798720","trial_id":56,"step":1,"intermediate_value":80.18550211785988}
{"op_code":8,"worker_id":"512a4f79-9161-49df-b231-30f5c1d37f17-140260864798720","trial_id":56,"user_attr":{"train_loss_epoch_1":1.9740070984369373}}
{"op_code":7,"worker_id":"bbbd89c3-7a9f-42bf-a162-ae814b6f3866-140350958432256","trial_id":54,"step":3,"intermediate_value":83.14993876919246}
{"op_code":8,"worker_id":"bbbd89c3-7a9f-42bf-a162-ae814b6f3866-140350958432256","trial_id":54,"user_attr":{"train_loss_epoch_3":1.231742830813238}}
{"op_code":7,"worker_id":"512a4f79-9161-49df-b231-30f5c1d37f17-140260864798720","trial_id":56,"step":2,"intermediate_value":81.99025840653614}
{"op_code":8,"worker_id":"512a4f79-9161-49df-b231-30f5c1d37f17-140260864798720","trial_id":56,"user_attr":{"train_loss_epoch_2":1.335327747731585}}
{"op_code":7,"worker_id":"bbbd89c3-7a9f-42bf-a162-ae814b6f3866-140350958432256","trial_id":54,"step":4,"intermediate_value":84.00196055490433}
{"op_code":8,"worker_id":"bbbd89c3-7a9f-42bf-a162-ae814b6f3866-140350958432256","trial_id":54,"user_attr":{"train_loss_epoch_4":1.1639676942318622}}
{"op_code":7,"worker_id":"512a4f79-9161-49df-b231-30f5c1d37f17-140260864798720","trial_id":56,"step":3,"intermediate_value":83.21902923176324}
{"op_code":8,"worker_id":"512a4f79-9161-49df-b231-30f5c1d37f17-140260864798720","trial_id":56,"user_attr":{"train_loss_epoch_3":1.2206146986900095}}
{"op_code":7,"worker_id":"bbbd89c3-7a9f-42bf-a162-ae814b6f3866-140350958432256","trial_id":54,"step":5,"intermediate_value":84.19294979844035}
{"op_code":8,"worker_id":"bbbd89c3-7a9f-42bf-a162-ae814b6f3866-140350958432256","trial_id":54,"user_attr":{"train_loss_epoch_5":1.1132661282903102}}
{"op_code":6,"worker_id":"bbbd89c3-7a9f-42bf-a162-ae814b6f3866-140350958432256","trial_id":54,"state":1,"values":[84.19294979844035],"datetime_complete":"2026-04-30T03:32:16.256391"}
{"op_code":0,"worker_id":"0f15fdeb-1b25-4b16-8b02-19f4de5d4d03-140524272496640","study_name":"bert_squad_lrtt_bs48_adam_decay_nowd_nomom_nonest_onehot_a6t1c_bconstantstep6t1cgamma_cconstantstepideal_perfect_noos_qkvo_5ep","directions":[2]}
{"op_code":4,"worker_id":"0f15fdeb-1b25-4b16-8b02-19f4de5d4d03-140524272496640","study_id":0,"datetime_start":"2026-04-30T03:32:26.762238"}
{"op_code":5,"worker_id":"0f15fdeb-1b25-4b16-8b02-19f4de5d4d03-140524272496640","trial_id":57,"param_name":"learning_rate","param_value_internal":0.0035471899488368026,"distribution":"{\"name\": \"FloatDistribution\", \"attributes\": {\"step\": null, \"low\": 0.0001, \"high\": 0.05, \"log\": true}}"}
{"op_code":5,"worker_id":"0f15fdeb-1b25-4b16-8b02-19f4de5d4d03-140524272496640","trial_id":57,"param_name":"transfer_lr","param_value_internal":0.13053834811748227,"distribution":"{\"name\": \"FloatDistribution\", \"attributes\": {\"step\": null, \"low\": 0.009, \"high\": 5.0, \"log\": true}}"}
{"op_code":5,"worker_id":"0f15fdeb-1b25-4b16-8b02-19f4de5d4d03-140524272496640","trial_id":57,"param_name":"transfer_every","param_value_internal":20.0,"distribution":"{\"name\": \"IntDistribution\", \"attributes\": {\"log\": true, \"step\": 1, \"low\": 1, \"high\": 20}}"}
{"op_code":5,"worker_id":"0f15fdeb-1b25-4b16-8b02-19f4de5d4d03-140524272496640","trial_id":57,"param_name":"rank_exp","param_value_internal":5.0,"distribution":"{\"name\": \"IntDistribution\", \"attributes\": {\"log\": false, \"step\": 1, \"low\": 5, \"high\": 5}}"}
{"op_code":5,"worker_id":"0f15fdeb-1b25-4b16-8b02-19f4de5d4d03-140524272496640","trial_id":57,"param_name":"fast_lr","param_value_internal":0.44350884950234676,"distribution":"{\"name\": \"FloatDistribution\", \"attributes\": {\"step\": null, \"low\": 0.01, \"high\": 5.0, \"log\": true}}"}
{"op_code":5,"worker_id":"0f15fdeb-1b25-4b16-8b02-19f4de5d4d03-140524272496640","trial_id":57,"param_name":"tau_sec","param_value_internal":0.0,"distribution":"{\"name\": \"FloatDistribution\", \"attributes\": {\"step\": null, \"low\": 0.0, \"high\": 0.0, \"log\": false}}"}
{"op_code":5,"worker_id":"0f15fdeb-1b25-4b16-8b02-19f4de5d4d03-140524272496640","trial_id":57,"param_name":"ab_dw_min","param_value_internal":0.0004883,"distribution":"{\"name\": \"FloatDistribution\", \"attributes\": {\"step\": null, \"low\": 0.0004883, \"high\": 0.0004883, \"log\": true}}"}
{"op_code":5,"worker_id":"0f15fdeb-1b25-4b16-8b02-19f4de5d4d03-140524272496640","trial_id":57,"param_name":"ab_desired_bl","param_value_internal":31.0,"distribution":"{\"name\": \"IntDistribution\", \"attributes\": {\"log\": false, \"step\": 1, \"low\": 31, \"high\": 31}}"}
{"op_code":5,"worker_id":"0f15fdeb-1b25-4b16-8b02-19f4de5d4d03-140524272496640","trial_id":57,"param_name":"c_dw_min","param_value_internal":0.001953,"distribution":"{\"name\": \"FloatDistribution\", \"attributes\": {\"step\": null, \"low\": 0.001953, \"high\": 0.001953, \"log\": true}}"}
{"op_code":5,"worker_id":"0f15fdeb-1b25-4b16-8b02-19f4de5d4d03-140524272496640","trial_id":57,"param_name":"c_desired_bl","param_value_internal":31.0,"distribution":"{\"name\": \"IntDistribution\", \"attributes\": {\"log\": false, \"step\": 1, \"low\": 31, \"high\": 31}}"}
{"op_code":5,"worker_id":"0f15fdeb-1b25-4b16-8b02-19f4de5d4d03-140524272496640","trial_id":57,"param_name":"out_noise","param_value_internal":0.0,"distribution":"{\"name\": \"FloatDistribution\", \"attributes\": {\"step\": null, \"low\": 0.0, \"high\": 0.0, \"log\": false}}"}
{"op_code":5,"worker_id":"0f15fdeb-1b25-4b16-8b02-19f4de5d4d03-140524272496640","trial_id":57,"param_name":"ab_weight_scaling_omega","param_value_internal":0.0,"distribution":"{\"name\": \"FloatDistribution\", \"attributes\": {\"step\": null, \"low\": 0.0, \"high\": 0.0, \"log\": false}}"}
{"op_code":5,"worker_id":"0f15fdeb-1b25-4b16-8b02-19f4de5d4d03-140524272496640","trial_id":57,"param_name":"min_lr_rate","param_value_internal":0.0,"distribution":"{\"name\": \"FloatDistribution\", \"attributes\": {\"step\": null, \"low\": 0.0, \"high\": 0.0, \"log\": false}}"}
{"op_code":8,"worker_id":"0f15fdeb-1b25-4b16-8b02-19f4de5d4d03-140524272496640","trial_id":57,"user_attr":{"grad_accum_steps":1}}
{"op_code":7,"worker_id":"512a4f79-9161-49df-b231-30f5c1d37f17-140260864798720","trial_id":56,"step":4,"intermediate_value":83.9837303208976}
{"op_code":8,"worker_id":"512a4f79-9161-49df-b231-30f5c1d37f17-140260864798720","trial_id":56,"user_attr":{"train_loss_epoch_4":1.143956252805713}}
{"op_code":7,"worker_id":"0f15fdeb-1b25-4b16-8b02-19f4de5d4d03-140524272496640","trial_id":57,"step":1,"intermediate_value":5.329680699146504}
{"op_code":8,"worker_id":"0f15fdeb-1b25-4b16-8b02-19f4de5d4d03-140524272496640","trial_id":57,"user_attr":{"train_loss_epoch_1":5.638452578753959}}
{"op_code":7,"worker_id":"0f15fdeb-1b25-4b16-8b02-19f4de5d4d03-140524272496640","trial_id":57,"step":2,"intermediate_value":5.329680699146504}
{"op_code":8,"worker_id":"0f15fdeb-1b25-4b16-8b02-19f4de5d4d03-140524272496640","trial_id":57,"user_attr":{"train_loss_epoch_2":5.857060891438306}}
{"op_code":6,"worker_id":"0f15fdeb-1b25-4b16-8b02-19f4de5d4d03-140524272496640","trial_id":57,"state":1,"values":[5.329680699146504],"datetime_complete":"2026-04-30T04:09:39.360961"}
{"op_code":4,"worker_id":"0f15fdeb-1b25-4b16-8b02-19f4de5d4d03-140524272496640","study_id":0,"datetime_start":"2026-04-30T04:09:39.363179"}
{"op_code":5,"worker_id":"0f15fdeb-1b25-4b16-8b02-19f4de5d4d03-140524272496640","trial_id":58,"param_name":"learning_rate","param_value_internal":0.002585373520578708,"distribution":"{\"name\": \"FloatDistribution\", \"attributes\": {\"step\": null, \"low\": 0.0001, \"high\": 0.05, \"log\": true}}"}
{"op_code":5,"worker_id":"0f15fdeb-1b25-4b16-8b02-19f4de5d4d03-140524272496640","trial_id":58,"param_name":"transfer_lr","param_value_internal":0.12788441558633565,"distribution":"{\"name\": \"FloatDistribution\", \"attributes\": {\"step\": null, \"low\": 0.009, \"high\": 5.0, \"log\": true}}"}
{"op_code":5,"worker_id":"0f15fdeb-1b25-4b16-8b02-19f4de5d4d03-140524272496640","trial_id":58,"param_name":"transfer_every","param_value_internal":1.0,"distribution":"{\"name\": \"IntDistribution\", \"attributes\": {\"log\": true, \"step\": 1, \"low\": 1, \"high\": 20}}"}
{"op_code":5,"worker_id":"0f15fdeb-1b25-4b16-8b02-19f4de5d4d03-140524272496640","trial_id":58,"param_name":"rank_exp","param_value_internal":5.0,"distribution":"{\"name\": \"IntDistribution\", \"attributes\": {\"log\": false, \"step\": 1, \"low\": 5, \"high\": 5}}"}
{"op_code":5,"worker_id":"0f15fdeb-1b25-4b16-8b02-19f4de5d4d03-140524272496640","trial_id":58,"param_name":"fast_lr","param_value_internal":0.44633587712538203,"distribution":"{\"name\": \"FloatDistribution\", \"attributes\": {\"step\": null, \"low\": 0.01, \"high\": 5.0, \"log\": true}}"}
{"op_code":5,"worker_id":"0f15fdeb-1b25-4b16-8b02-19f4de5d4d03-140524272496640","trial_id":58,"param_name":"tau_sec","param_value_internal":0.0,"distribution":"{\"name\": \"FloatDistribution\", \"attributes\": {\"step\": null, \"low\": 0.0, \"high\": 0.0, \"log\": false}}"}
{"op_code":5,"worker_id":"0f15fdeb-1b25-4b16-8b02-19f4de5d4d03-140524272496640","trial_id":58,"param_name":"ab_dw_min","param_value_internal":0.0004883,"distribution":"{\"name\": \"FloatDistribution\", \"attributes\": {\"step\": null, \"low\": 0.0004883, \"high\": 0.0004883, \"log\": true}}"}
{"op_code":5,"worker_id":"0f15fdeb-1b25-4b16-8b02-19f4de5d4d03-140524272496640","trial_id":58,"param_name":"ab_desired_bl","param_value_internal":31.0,"distribution":"{\"name\": \"IntDistribution\", \"attributes\": {\"log\": false, \"step\": 1, \"low\": 31, \"high\": 31}}"}
{"op_code":5,"worker_id":"0f15fdeb-1b25-4b16-8b02-19f4de5d4d03-140524272496640","trial_id":58,"param_name":"c_dw_min","param_value_internal":0.001953,"distribution":"{\"name\": \"FloatDistribution\", \"attributes\": {\"step\": null, \"low\": 0.001953, \"high\": 0.001953, \"log\": true}}"}
{"op_code":5,"worker_id":"0f15fdeb-1b25-4b16-8b02-19f4de5d4d03-140524272496640","trial_id":58,"param_name":"c_desired_bl","param_value_internal":31.0,"distribution":"{\"name\": \"IntDistribution\", \"attributes\": {\"log\": false, \"step\": 1, \"low\": 31, \"high\": 31}}"}
{"op_code":5,"worker_id":"0f15fdeb-1b25-4b16-8b02-19f4de5d4d03-140524272496640","trial_id":58,"param_name":"out_noise","param_value_internal":0.0,"distribution":"{\"name\": \"FloatDistribution\", \"attributes\": {\"step\": null, \"low\": 0.0, \"high\": 0.0, \"log\": false}}"}
{"op_code":5,"worker_id":"0f15fdeb-1b25-4b16-8b02-19f4de5d4d03-140524272496640","trial_id":58,"param_name":"ab_weight_scaling_omega","param_value_internal":0.0,"distribution":"{\"name\": \"FloatDistribution\", \"attributes\": {\"step\": null, \"low\": 0.0, \"high\": 0.0, \"log\": false}}"}
{"op_code":5,"worker_id":"0f15fdeb-1b25-4b16-8b02-19f4de5d4d03-140524272496640","trial_id":58,"param_name":"min_lr_rate","param_value_internal":0.0,"distribution":"{\"name\": \"FloatDistribution\", \"attributes\": {\"step\": null, \"low\": 0.0, \"high\": 0.0, \"log\": false}}"}
{"op_code":8,"worker_id":"0f15fdeb-1b25-4b16-8b02-19f4de5d4d03-140524272496640","trial_id":58,"user_attr":{"grad_accum_steps":1}}
{"op_code":7,"worker_id":"512a4f79-9161-49df-b231-30f5c1d37f17-140260864798720","trial_id":56,"step":5,"intermediate_value":84.49897374020108}
{"op_code":8,"worker_id":"512a4f79-9161-49df-b231-30f5c1d37f17-140260864798720","trial_id":56,"user_attr":{"train_loss_epoch_5":1.094965212364189}}
{"op_code":6,"worker_id":"512a4f79-9161-49df-b231-30f5c1d37f17-140260864798720","trial_id":56,"state":1,"values":[84.49897374020108],"datetime_complete":"2026-04-30T04:16:53.887602"}
{"op_code":0,"worker_id":"e3061be4-5712-4019-b215-55b13fed058b-139811400396800","study_name":"bert_squad_lrtt_bs48_adam_decay_nowd_nomom_nonest_onehot_a6t1c_bconstantstep6t1cgamma_cconstantstepideal_perfect_noos_qkvo_5ep","directions":[2]}
{"op_code":4,"worker_id":"e3061be4-5712-4019-b215-55b13fed058b-139811400396800","study_id":0,"datetime_start":"2026-04-30T04:17:04.346684"}
{"op_code":5,"worker_id":"e3061be4-5712-4019-b215-55b13fed058b-139811400396800","trial_id":59,"param_name":"learning_rate","param_value_internal":0.00046475013889116126,"distribution":"{\"name\": \"FloatDistribution\", \"attributes\": {\"step\": null, \"low\": 0.0001, \"high\": 0.05, \"log\": true}}"}
{"op_code":5,"worker_id":"e3061be4-5712-4019-b215-55b13fed058b-139811400396800","trial_id":59,"param_name":"transfer_lr","param_value_internal":0.20873656442610808,"distribution":"{\"name\": \"FloatDistribution\", \"attributes\": {\"step\": null, \"low\": 0.009, \"high\": 5.0, \"log\": true}}"}
{"op_code":5,"worker_id":"e3061be4-5712-4019-b215-55b13fed058b-139811400396800","trial_id":59,"param_name":"transfer_every","param_value_internal":3.0,"distribution":"{\"name\": \"IntDistribution\", \"attributes\": {\"log\": true, \"step\": 1, \"low\": 1, \"high\": 20}}"}
{"op_code":5,"worker_id":"e3061be4-5712-4019-b215-55b13fed058b-139811400396800","trial_id":59,"param_name":"rank_exp","param_value_internal":5.0,"distribution":"{\"name\": \"IntDistribution\", \"attributes\": {\"log\": false, \"step\": 1, \"low\": 5, \"high\": 5}}"}
{"op_code":5,"worker_id":"e3061be4-5712-4019-b215-55b13fed058b-139811400396800","trial_id":59,"param_name":"fast_lr","param_value_internal":0.16301677121995764,"distribution":"{\"name\": \"FloatDistribution\", \"attributes\": {\"step\": null, \"low\": 0.01, \"high\": 5.0, \"log\": true}}"}
{"op_code":5,"worker_id":"e3061be4-5712-4019-b215-55b13fed058b-139811400396800","trial_id":59,"param_name":"tau_sec","param_value_internal":0.0,"distribution":"{\"name\": \"FloatDistribution\", \"attributes\": {\"step\": null, \"low\": 0.0, \"high\": 0.0, \"log\": false}}"}
{"op_code":5,"worker_id":"e3061be4-5712-4019-b215-55b13fed058b-139811400396800","trial_id":59,"param_name":"ab_dw_min","param_value_internal":0.0004883,"distribution":"{\"name\": \"FloatDistribution\", \"attributes\": {\"step\": null, \"low\": 0.0004883, \"high\": 0.0004883, \"log\": true}}"}
{"op_code":5,"worker_id":"e3061be4-5712-4019-b215-55b13fed058b-139811400396800","trial_id":59,"param_name":"ab_desired_bl","param_value_internal":31.0,"distribution":"{\"name\": \"IntDistribution\", \"attributes\": {\"log\": false, \"step\": 1, \"low\": 31, \"high\": 31}}"}
{"op_code":5,"worker_id":"e3061be4-5712-4019-b215-55b13fed058b-139811400396800","trial_id":59,"param_name":"c_dw_min","param_value_internal":0.001953,"distribution":"{\"name\": \"FloatDistribution\", \"attributes\": {\"step\": null, \"low\": 0.001953, \"high\": 0.001953, \"log\": true}}"}
{"op_code":5,"worker_id":"e3061be4-5712-4019-b215-55b13fed058b-139811400396800","trial_id":59,"param_name":"c_desired_bl","param_value_internal":31.0,"distribution":"{\"name\": \"IntDistribution\", \"attributes\": {\"log\": false, \"step\": 1, \"low\": 31, \"high\": 31}}"}
{"op_code":5,"worker_id":"e3061be4-5712-4019-b215-55b13fed058b-139811400396800","trial_id":59,"param_name":"out_noise","param_value_internal":0.0,"distribution":"{\"name\": \"FloatDistribution\", \"attributes\": {\"step\": null, \"low\": 0.0, \"high\": 0.0, \"log\": false}}"}
{"op_code":5,"worker_id":"e3061be4-5712-4019-b215-55b13fed058b-139811400396800","trial_id":59,"param_name":"ab_weight_scaling_omega","param_value_internal":0.0,"distribution":"{\"name\": \"FloatDistribution\", \"attributes\": {\"step\": null, \"low\": 0.0, \"high\": 0.0, \"log\": false}}"}
{"op_code":5,"worker_id":"e3061be4-5712-4019-b215-55b13fed058b-139811400396800","trial_id":59,"param_name":"min_lr_rate","param_value_internal":0.0,"distribution":"{\"name\": \"FloatDistribution\", \"attributes\": {\"step\": null, \"low\": 0.0, \"high\": 0.0, \"log\": false}}"}
{"op_code":8,"worker_id":"e3061be4-5712-4019-b215-55b13fed058b-139811400396800","trial_id":59,"user_attr":{"grad_accum_steps":1}}
{"op_code":7,"worker_id":"0f15fdeb-1b25-4b16-8b02-19f4de5d4d03-140524272496640","trial_id":58,"step":1,"intermediate_value":80.16610710493742}
{"op_code":8,"worker_id":"0f15fdeb-1b25-4b16-8b02-19f4de5d4d03-140524272496640","trial_id":58,"user_attr":{"train_loss_epoch_1":1.970375002593529}}
{"op_code":7,"worker_id":"e3061be4-5712-4019-b215-55b13fed058b-139811400396800","trial_id":59,"step":1,"intermediate_value":71.47992303062237}
{"op_code":8,"worker_id":"e3061be4-5712-4019-b215-55b13fed058b-139811400396800","trial_id":59,"user_attr":{"train_loss_epoch_1":2.628215672717831}}
{"op_code":7,"worker_id":"e3061be4-5712-4019-b215-55b13fed058b-139811400396800","trial_id":59,"step":2,"intermediate_value":76.90827760953941}
{"op_code":8,"worker_id":"e3061be4-5712-4019-b215-55b13fed058b-139811400396800","trial_id":59,"user_attr":{"train_loss_epoch_2":1.625213050648449}}
{"op_code":7,"worker_id":"0f15fdeb-1b25-4b16-8b02-19f4de5d4d03-140524272496640","trial_id":58,"step":2,"intermediate_value":82.77301757354213}
{"op_code":8,"worker_id":"0f15fdeb-1b25-4b16-8b02-19f4de5d4d03-140524272496640","trial_id":58,"user_attr":{"train_loss_epoch_2":1.3159442246767887}}
{"op_code":7,"worker_id":"e3061be4-5712-4019-b215-55b13fed058b-139811400396800","trial_id":59,"step":3,"intermediate_value":79.05106400733547}
{"op_code":8,"worker_id":"e3061be4-5712-4019-b215-55b13fed058b-139811400396800","trial_id":59,"user_attr":{"train_loss_epoch_3":1.4755859972015628}}
{"op_code":7,"worker_id":"0f15fdeb-1b25-4b16-8b02-19f4de5d4d03-140524272496640","trial_id":58,"step":3,"intermediate_value":83.62161459248125}
{"op_code":8,"worker_id":"0f15fdeb-1b25-4b16-8b02-19f4de5d4d03-140524272496640","trial_id":58,"user_attr":{"train_loss_epoch_3":1.2099165146589925}}
{"op_code":7,"worker_id":"e3061be4-5712-4019-b215-55b13fed058b-139811400396800","trial_id":59,"step":4,"intermediate_value":79.99451032845666}
{"op_code":8,"worker_id":"e3061be4-5712-4019-b215-55b13fed058b-139811400396800","trial_id":59,"user_attr":{"train_loss_epoch_4":1.4113678385894797}}
{"op_code":7,"worker_id":"0f15fdeb-1b25-4b16-8b02-19f4de5d4d03-140524272496640","trial_id":58,"step":4,"intermediate_value":84.2400132701138}
{"op_code":8,"worker_id":"0f15fdeb-1b25-4b16-8b02-19f4de5d4d03-140524272496640","trial_id":58,"user_attr":{"train_loss_epoch_4":1.1381204041039072}}
{"op_code":7,"worker_id":"e3061be4-5712-4019-b215-55b13fed058b-139811400396800","trial_id":59,"step":5,"intermediate_value":80.27898407567666}
{"op_code":8,"worker_id":"e3061be4-5712-4019-b215-55b13fed058b-139811400396800","trial_id":59,"user_attr":{"train_loss_epoch_5":1.384663877868394}}
{"op_code":6,"worker_id":"e3061be4-5712-4019-b215-55b13fed058b-139811400396800","trial_id":59,"state":1,"values":[80.27898407567666],"datetime_complete":"2026-04-30T06:00:39.551721"}
{"op_code":4,"worker_id":"e3061be4-5712-4019-b215-55b13fed058b-139811400396800","study_id":0,"datetime_start":"2026-04-30T06:00:39.553339"}
{"op_code":5,"worker_id":"e3061be4-5712-4019-b215-55b13fed058b-139811400396800","trial_id":60,"param_name":"learning_rate","param_value_internal":0.0006047317362299585,"distribution":"{\"name\": \"FloatDistribution\", \"attributes\": {\"step\": null, \"low\": 0.0001, \"high\": 0.05, \"log\": true}}"}
{"op_code":5,"worker_id":"e3061be4-5712-4019-b215-55b13fed058b-139811400396800","trial_id":60,"param_name":"transfer_lr","param_value_internal":0.06507453620485264,"distribution":"{\"name\": \"FloatDistribution\", \"attributes\": {\"step\": null, \"low\": 0.009, \"high\": 5.0, \"log\": true}}"}
{"op_code":5,"worker_id":"e3061be4-5712-4019-b215-55b13fed058b-139811400396800","trial_id":60,"param_name":"transfer_every","param_value_internal":2.0,"distribution":"{\"name\": \"IntDistribution\", \"attributes\": {\"log\": true, \"step\": 1, \"low\": 1, \"high\": 20}}"}
{"op_code":5,"worker_id":"e3061be4-5712-4019-b215-55b13fed058b-139811400396800","trial_id":60,"param_name":"rank_exp","param_value_internal":5.0,"distribution":"{\"name\": \"IntDistribution\", \"attributes\": {\"log\": false, \"step\": 1, \"low\": 5, \"high\": 5}}"}
{"op_code":5,"worker_id":"e3061be4-5712-4019-b215-55b13fed058b-139811400396800","trial_id":60,"param_name":"fast_lr","param_value_internal":0.3257262424180057,"distribution":"{\"name\": \"FloatDistribution\", \"attributes\": {\"step\": null, \"low\": 0.01, \"high\": 5.0, \"log\": true}}"}
{"op_code":5,"worker_id":"e3061be4-5712-4019-b215-55b13fed058b-139811400396800","trial_id":60,"param_name":"tau_sec","param_value_internal":0.0,"distribution":"{\"name\": \"FloatDistribution\", \"attributes\": {\"step\": null, \"low\": 0.0, \"high\": 0.0, \"log\": false}}"}
{"op_code":5,"worker_id":"e3061be4-5712-4019-b215-55b13fed058b-139811400396800","trial_id":60,"param_name":"ab_dw_min","param_value_internal":0.0004883,"distribution":"{\"name\": \"FloatDistribution\", \"attributes\": {\"step\": null, \"low\": 0.0004883, \"high\": 0.0004883, \"log\": true}}"}
{"op_code":5,"worker_id":"e3061be4-5712-4019-b215-55b13fed058b-139811400396800","trial_id":60,"param_name":"ab_desired_bl","param_value_internal":31.0,"distribution":"{\"name\": \"IntDistribution\", \"attributes\": {\"log\": false, \"step\": 1, \"low\": 31, \"high\": 31}}"}
{"op_code":5,"worker_id":"e3061be4-5712-4019-b215-55b13fed058b-139811400396800","trial_id":60,"param_name":"c_dw_min","param_value_internal":0.001953,"distribution":"{\"name\": \"FloatDistribution\", \"attributes\": {\"step\": null, \"low\": 0.001953, \"high\": 0.001953, \"log\": true}}"}
{"op_code":5,"worker_id":"e3061be4-5712-4019-b215-55b13fed058b-139811400396800","trial_id":60,"param_name":"c_desired_bl","param_value_internal":31.0,"distribution":"{\"name\": \"IntDistribution\", \"attributes\": {\"log\": false, \"step\": 1, \"low\": 31, \"high\": 31}}"}
{"op_code":5,"worker_id":"e3061be4-5712-4019-b215-55b13fed058b-139811400396800","trial_id":60,"param_name":"out_noise","param_value_internal":0.0,"distribution":"{\"name\": \"FloatDistribution\", \"attributes\": {\"step\": null, \"low\": 0.0, \"high\": 0.0, \"log\": false}}"}
{"op_code":5,"worker_id":"e3061be4-5712-4019-b215-55b13fed058b-139811400396800","trial_id":60,"param_name":"ab_weight_scaling_omega","param_value_internal":0.0,"distribution":"{\"name\": \"FloatDistribution\", \"attributes\": {\"step\": null, \"low\": 0.0, \"high\": 0.0, \"log\": false}}"}
{"op_code":5,"worker_id":"e3061be4-5712-4019-b215-55b13fed058b-139811400396800","trial_id":60,"param_name":"min_lr_rate","param_value_internal":0.0,"distribution":"{\"name\": \"FloatDistribution\", \"attributes\": {\"step\": null, \"low\": 0.0, \"high\": 0.0, \"log\": false}}"}
{"op_code":8,"worker_id":"e3061be4-5712-4019-b215-55b13fed058b-139811400396800","trial_id":60,"user_attr":{"grad_accum_steps":1}}
{"op_code":7,"worker_id":"0f15fdeb-1b25-4b16-8b02-19f4de5d4d03-140524272496640","trial_id":58,"step":5,"intermediate_value":84.60974636163078}
{"op_code":8,"worker_id":"0f15fdeb-1b25-4b16-8b02-19f4de5d4d03-140524272496640","trial_id":58,"user_attr":{"train_loss_epoch_5":1.0931981396545887}}
{"op_code":6,"worker_id":"0f15fdeb-1b25-4b16-8b02-19f4de5d4d03-140524272496640","trial_id":58,"state":1,"values":[84.60974636163078],"datetime_complete":"2026-04-30T06:17:05.580470"}
{"op_code":4,"worker_id":"0f15fdeb-1b25-4b16-8b02-19f4de5d4d03-140524272496640","study_id":0,"datetime_start":"2026-04-30T06:17:05.582360"}
{"op_code":5,"worker_id":"0f15fdeb-1b25-4b16-8b02-19f4de5d4d03-140524272496640","trial_id":61,"param_name":"learning_rate","param_value_internal":0.0006195845581350425,"distribution":"{\"name\": \"FloatDistribution\", \"attributes\": {\"step\": null, \"low\": 0.0001, \"high\": 0.05, \"log\": true}}"}
{"op_code":5,"worker_id":"0f15fdeb-1b25-4b16-8b02-19f4de5d4d03-140524272496640","trial_id":61,"param_name":"transfer_lr","param_value_internal":0.06505198650301534,"distribution":"{\"name\": \"FloatDistribution\", \"attributes\": {\"step\": null, \"low\": 0.009, \"high\": 5.0, \"log\": true}}"}
{"op_code":5,"worker_id":"0f15fdeb-1b25-4b16-8b02-19f4de5d4d03-140524272496640","trial_id":61,"param_name":"transfer_every","param_value_internal":2.0,"distribution":"{\"name\": \"IntDistribution\", \"attributes\": {\"log\": true, \"step\": 1, \"low\": 1, \"high\": 20}}"}
{"op_code":5,"worker_id":"0f15fdeb-1b25-4b16-8b02-19f4de5d4d03-140524272496640","trial_id":61,"param_name":"rank_exp","param_value_internal":5.0,"distribution":"{\"name\": \"IntDistribution\", \"attributes\": {\"log\": false, \"step\": 1, \"low\": 5, \"high\": 5}}"}
{"op_code":5,"worker_id":"0f15fdeb-1b25-4b16-8b02-19f4de5d4d03-140524272496640","trial_id":61,"param_name":"fast_lr","param_value_internal":0.32852132512657095,"distribution":"{\"name\": \"FloatDistribution\", \"attributes\": {\"step\": null, \"low\": 0.01, \"high\": 5.0, \"log\": true}}"}
{"op_code":5,"worker_id":"0f15fdeb-1b25-4b16-8b02-19f4de5d4d03-140524272496640","trial_id":61,"param_name":"tau_sec","param_value_internal":0.0,"distribution":"{\"name\": \"FloatDistribution\", \"attributes\": {\"step\": null, \"low\": 0.0, \"high\": 0.0, \"log\": false}}"}
{"op_code":5,"worker_id":"0f15fdeb-1b25-4b16-8b02-19f4de5d4d03-140524272496640","trial_id":61,"param_name":"ab_dw_min","param_value_internal":0.0004883,"distribution":"{\"name\": \"FloatDistribution\", \"attributes\": {\"step\": null, \"low\": 0.0004883, \"high\": 0.0004883, \"log\": true}}"}
{"op_code":5,"worker_id":"0f15fdeb-1b25-4b16-8b02-19f4de5d4d03-140524272496640","trial_id":61,"param_name":"ab_desired_bl","param_value_internal":31.0,"distribution":"{\"name\": \"IntDistribution\", \"attributes\": {\"log\": false, \"step\": 1, \"low\": 31, \"high\": 31}}"}
{"op_code":5,"worker_id":"0f15fdeb-1b25-4b16-8b02-19f4de5d4d03-140524272496640","trial_id":61,"param_name":"c_dw_min","param_value_internal":0.001953,"distribution":"{\"name\": \"FloatDistribution\", \"attributes\": {\"step\": null, \"low\": 0.001953, \"high\": 0.001953, \"log\": true}}"}
{"op_code":5,"worker_id":"0f15fdeb-1b25-4b16-8b02-19f4de5d4d03-140524272496640","trial_id":61,"param_name":"c_desired_bl","param_value_internal":31.0,"distribution":"{\"name\": \"IntDistribution\", \"attributes\": {\"log\": false, \"step\": 1, \"low\": 31, \"high\": 31}}"}
{"op_code":5,"worker_id":"0f15fdeb-1b25-4b16-8b02-19f4de5d4d03-140524272496640","trial_id":61,"param_name":"out_noise","param_value_internal":0.0,"distribution":"{\"name\": \"FloatDistribution\", \"attributes\": {\"step\": null, \"low\": 0.0, \"high\": 0.0, \"log\": false}}"}
{"op_code":5,"worker_id":"0f15fdeb-1b25-4b16-8b02-19f4de5d4d03-140524272496640","trial_id":61,"param_name":"ab_weight_scaling_omega","param_value_internal":0.0,"distribution":"{\"name\": \"FloatDistribution\", \"attributes\": {\"step\": null, \"low\": 0.0, \"high\": 0.0, \"log\": false}}"}
{"op_code":5,"worker_id":"0f15fdeb-1b25-4b16-8b02-19f4de5d4d03-140524272496640","trial_id":61,"param_name":"min_lr_rate","param_value_internal":0.0,"distribution":"{\"name\": \"FloatDistribution\", \"attributes\": {\"step\": null, \"low\": 0.0, \"high\": 0.0, \"log\": false}}"}
{"op_code":8,"worker_id":"0f15fdeb-1b25-4b16-8b02-19f4de5d4d03-140524272496640","trial_id":61,"user_attr":{"grad_accum_steps":1}}
{"op_code":8,"worker_id":"0f15fdeb-1b25-4b16-8b02-19f4de5d4d03-140524272496640","trial_id":61,"user_attr":{"error":"CUDA_CALL Error 'out of memory' at cuda_util.cu:978\n"}}
{"op_code":6,"worker_id":"0f15fdeb-1b25-4b16-8b02-19f4de5d4d03-140524272496640","trial_id":61,"state":3,"values":null,"datetime_complete":"2026-04-30T06:17:25.137301"}
{"op_code":0,"worker_id":"874ec50e-b98b-40d5-95f0-10e866d6deb4-140696381435904","study_name":"bert_squad_lrtt_bs48_adam_decay_nowd_nomom_nonest_onehot_a6t1c_bconstantstep6t1cgamma_cconstantstepideal_perfect_noos_qkvo_5ep","directions":[2]}
{"op_code":4,"worker_id":"874ec50e-b98b-40d5-95f0-10e866d6deb4-140696381435904","study_id":0,"datetime_start":null,"state":4,"value":null,"values":null,"distributions":{},"params":{},"user_attrs":{},"system_attrs":{"fixed_params":{"learning_rate":0.0006195845581350425,"transfer_lr":0.06505198650301534,"transfer_every":2,"rank_exp":5,"fast_lr":0.32852132512657095,"tau_sec":0.0,"ab_dw_min":0.0004883,"ab_desired_bl":31,"c_dw_min":0.001953,"c_desired_bl":31,"out_noise":0.0,"ab_weight_scaling_omega":0.0,"min_lr_rate":0.0}},"intermediate_values":{}}
{"op_code":6,"worker_id":"874ec50e-b98b-40d5-95f0-10e866d6deb4-140696381435904","trial_id":62,"state":0,"values":null,"datetime_start":"2026-04-30T06:17:35.390697"}
{"op_code":5,"worker_id":"874ec50e-b98b-40d5-95f0-10e866d6deb4-140696381435904","trial_id":62,"param_name":"learning_rate","param_value_internal":0.0006195845581350425,"distribution":"{\"name\": \"FloatDistribution\", \"attributes\": {\"step\": null, \"low\": 0.0001, \"high\": 0.05, \"log\": true}}"}
{"op_code":5,"worker_id":"874ec50e-b98b-40d5-95f0-10e866d6deb4-140696381435904","trial_id":62,"param_name":"transfer_lr","param_value_internal":0.06505198650301534,"distribution":"{\"name\": \"FloatDistribution\", \"attributes\": {\"step\": null, \"low\": 0.009, \"high\": 5.0, \"log\": true}}"}
{"op_code":5,"worker_id":"874ec50e-b98b-40d5-95f0-10e866d6deb4-140696381435904","trial_id":62,"param_name":"transfer_every","param_value_internal":2.0,"distribution":"{\"name\": \"IntDistribution\", \"attributes\": {\"log\": true, \"step\": 1, \"low\": 1, \"high\": 20}}"}
{"op_code":5,"worker_id":"874ec50e-b98b-40d5-95f0-10e866d6deb4-140696381435904","trial_id":62,"param_name":"rank_exp","param_value_internal":5.0,"distribution":"{\"name\": \"IntDistribution\", \"attributes\": {\"log\": false, \"step\": 1, \"low\": 5, \"high\": 5}}"}
{"op_code":5,"worker_id":"874ec50e-b98b-40d5-95f0-10e866d6deb4-140696381435904","trial_id":62,"param_name":"fast_lr","param_value_internal":0.32852132512657095,"distribution":"{\"name\": \"FloatDistribution\", \"attributes\": {\"step\": null, \"low\": 0.01, \"high\": 5.0, \"log\": true}}"}
{"op_code":5,"worker_id":"874ec50e-b98b-40d5-95f0-10e866d6deb4-140696381435904","trial_id":62,"param_name":"tau_sec","param_value_internal":0.0,"distribution":"{\"name\": \"FloatDistribution\", \"attributes\": {\"step\": null, \"low\": 0.0, \"high\": 0.0, \"log\": false}}"}
{"op_code":5,"worker_id":"874ec50e-b98b-40d5-95f0-10e866d6deb4-140696381435904","trial_id":62,"param_name":"ab_dw_min","param_value_internal":0.0004883,"distribution":"{\"name\": \"FloatDistribution\", \"attributes\": {\"step\": null, \"low\": 0.0004883, \"high\": 0.0004883, \"log\": true}}"}
{"op_code":5,"worker_id":"874ec50e-b98b-40d5-95f0-10e866d6deb4-140696381435904","trial_id":62,"param_name":"ab_desired_bl","param_value_internal":31.0,"distribution":"{\"name\": \"IntDistribution\", \"attributes\": {\"log\": false, \"step\": 1, \"low\": 31, \"high\": 31}}"}
{"op_code":5,"worker_id":"874ec50e-b98b-40d5-95f0-10e866d6deb4-140696381435904","trial_id":62,"param_name":"c_dw_min","param_value_internal":0.001953,"distribution":"{\"name\": \"FloatDistribution\", \"attributes\": {\"step\": null, \"low\": 0.001953, \"high\": 0.001953, \"log\": true}}"}
{"op_code":5,"worker_id":"874ec50e-b98b-40d5-95f0-10e866d6deb4-140696381435904","trial_id":62,"param_name":"c_desired_bl","param_value_internal":31.0,"distribution":"{\"name\": \"IntDistribution\", \"attributes\": {\"log\": false, \"step\": 1, \"low\": 31, \"high\": 31}}"}
{"op_code":5,"worker_id":"874ec50e-b98b-40d5-95f0-10e866d6deb4-140696381435904","trial_id":62,"param_name":"out_noise","param_value_internal":0.0,"distribution":"{\"name\": \"FloatDistribution\", \"attributes\": {\"step\": null, \"low\": 0.0, \"high\": 0.0, \"log\": false}}"}
{"op_code":5,"worker_id":"874ec50e-b98b-40d5-95f0-10e866d6deb4-140696381435904","trial_id":62,"param_name":"ab_weight_scaling_omega","param_value_internal":0.0,"distribution":"{\"name\": \"FloatDistribution\", \"attributes\": {\"step\": null, \"low\": 0.0, \"high\": 0.0, \"log\": false}}"}
{"op_code":5,"worker_id":"874ec50e-b98b-40d5-95f0-10e866d6deb4-140696381435904","trial_id":62,"param_name":"min_lr_rate","param_value_internal":0.0,"distribution":"{\"name\": \"FloatDistribution\", \"attributes\": {\"step\": null, \"low\": 0.0, \"high\": 0.0, \"log\": false}}"}
{"op_code":8,"worker_id":"874ec50e-b98b-40d5-95f0-10e866d6deb4-140696381435904","trial_id":62,"user_attr":{"grad_accum_steps":2}}
{"op_code":7,"worker_id":"e3061be4-5712-4019-b215-55b13fed058b-139811400396800","trial_id":60,"step":1,"intermediate_value":74.40370406363317}
{"op_code":8,"worker_id":"e3061be4-5712-4019-b215-55b13fed058b-139811400396800","trial_id":60,"user_attr":{"train_loss_epoch_1":2.4261264837531216}}
{"op_code":7,"worker_id":"874ec50e-b98b-40d5-95f0-10e866d6deb4-140696381435904","trial_id":62,"step":1,"intermediate_value":75.02452817363962}
{"op_code":8,"worker_id":"874ec50e-b98b-40d5-95f0-10e866d6deb4-140696381435904","trial_id":62,"user_attr":{"train_loss_epoch_1":2.401632182916092}}
{"op_code":7,"worker_id":"e3061be4-5712-4019-b215-55b13fed058b-139811400396800","trial_id":60,"step":2,"intermediate_value":77.84128544872627}
{"op_code":8,"worker_id":"e3061be4-5712-4019-b215-55b13fed058b-139811400396800","trial_id":60,"user_attr":{"train_loss_epoch_2":1.5567585516105176}}
{"op_code":7,"worker_id":"874ec50e-b98b-40d5-95f0-10e866d6deb4-140696381435904","trial_id":62,"step":2,"intermediate_value":78.02865627936703}
{"op_code":8,"worker_id":"874ec50e-b98b-40d5-95f0-10e866d6deb4-140696381435904","trial_id":62,"user_attr":{"train_loss_epoch_2":1.536112424318433}}
{"op_code":7,"worker_id":"e3061be4-5712-4019-b215-55b13fed058b-139811400396800","trial_id":60,"step":3,"intermediate_value":78.9927345564721}
{"op_code":8,"worker_id":"e3061be4-5712-4019-b215-55b13fed058b-139811400396800","trial_id":60,"user_attr":{"train_loss_epoch_3":1.4495620609622015}}
{"op_code":7,"worker_id":"e3061be4-5712-4019-b215-55b13fed058b-139811400396800","trial_id":60,"step":4,"intermediate_value":79.67815585149575}
{"op_code":8,"worker_id":"e3061be4-5712-4019-b215-55b13fed058b-139811400396800","trial_id":60,"user_attr":{"train_loss_epoch_4":1.4046312703349726}}
{"op_code":7,"worker_id":"874ec50e-b98b-40d5-95f0-10e866d6deb4-140696381435904","trial_id":62,"step":3,"intermediate_value":79.45991756591691}
{"op_code":8,"worker_id":"874ec50e-b98b-40d5-95f0-10e866d6deb4-140696381435904","trial_id":62,"user_attr":{"train_loss_epoch_3":1.4417198266754243}}
{"op_code":7,"worker_id":"e3061be4-5712-4019-b215-55b13fed058b-139811400396800","trial_id":60,"step":5,"intermediate_value":79.98890021727033}
{"op_code":8,"worker_id":"e3061be4-5712-4019-b215-55b13fed058b-139811400396800","trial_id":60,"user_attr":{"train_loss_epoch_5":1.3834926184276901}}
{"op_code":6,"worker_id":"e3061be4-5712-4019-b215-55b13fed058b-139811400396800","trial_id":60,"state":1,"values":[79.98890021727033],"datetime_complete":"2026-04-30T07:54:01.945660"}
{"op_code":4,"worker_id":"e3061be4-5712-4019-b215-55b13fed058b-139811400396800","study_id":0,"datetime_start":"2026-04-30T07:54:01.947236"}
{"op_code":5,"worker_id":"e3061be4-5712-4019-b215-55b13fed058b-139811400396800","trial_id":63,"param_name":"learning_rate","param_value_internal":0.0001853158281902623,"distribution":"{\"name\": \"FloatDistribution\", \"attributes\": {\"step\": null, \"low\": 0.0001, \"high\": 0.05, \"log\": true}}"}
{"op_code":5,"worker_id":"e3061be4-5712-4019-b215-55b13fed058b-139811400396800","trial_id":63,"param_name":"transfer_lr","param_value_internal":0.1388502004886954,"distribution":"{\"name\": \"FloatDistribution\", \"attributes\": {\"step\": null, \"low\": 0.009, \"high\": 5.0, \"log\": true}}"}
{"op_code":5,"worker_id":"e3061be4-5712-4019-b215-55b13fed058b-139811400396800","trial_id":63,"param_name":"transfer_every","param_value_internal":7.0,"distribution":"{\"name\": \"IntDistribution\", \"attributes\": {\"log\": true, \"step\": 1, \"low\": 1, \"high\": 20}}"}
{"op_code":5,"worker_id":"e3061be4-5712-4019-b215-55b13fed058b-139811400396800","trial_id":63,"param_name":"rank_exp","param_value_internal":5.0,"distribution":"{\"name\": \"IntDistribution\", \"attributes\": {\"log\": false, \"step\": 1, \"low\": 5, \"high\": 5}}"}
{"op_code":5,"worker_id":"e3061be4-5712-4019-b215-55b13fed058b-139811400396800","trial_id":63,"param_name":"fast_lr","param_value_internal":0.14471323197863933,"distribution":"{\"name\": \"FloatDistribution\", \"attributes\": {\"step\": null, \"low\": 0.01, \"high\": 5.0, \"log\": true}}"}
{"op_code":5,"worker_id":"e3061be4-5712-4019-b215-55b13fed058b-139811400396800","trial_id":63,"param_name":"tau_sec","param_value_internal":0.0,"distribution":"{\"name\": \"FloatDistribution\", \"attributes\": {\"step\": null, \"low\": 0.0, \"high\": 0.0, \"log\": false}}"}
{"op_code":5,"worker_id":"e3061be4-5712-4019-b215-55b13fed058b-139811400396800","trial_id":63,"param_name":"ab_dw_min","param_value_internal":0.0004883,"distribution":"{\"name\": \"FloatDistribution\", \"attributes\": {\"step\": null, \"low\": 0.0004883, \"high\": 0.0004883, \"log\": true}}"}
{"op_code":5,"worker_id":"e3061be4-5712-4019-b215-55b13fed058b-139811400396800","trial_id":63,"param_name":"ab_desired_bl","param_value_internal":31.0,"distribution":"{\"name\": \"IntDistribution\", \"attributes\": {\"log\": false, \"step\": 1, \"low\": 31, \"high\": 31}}"}
{"op_code":5,"worker_id":"e3061be4-5712-4019-b215-55b13fed058b-139811400396800","trial_id":63,"param_name":"c_dw_min","param_value_internal":0.001953,"distribution":"{\"name\": \"FloatDistribution\", \"attributes\": {\"step\": null, \"low\": 0.001953, \"high\": 0.001953, \"log\": true}}"}
{"op_code":5,"worker_id":"e3061be4-5712-4019-b215-55b13fed058b-139811400396800","trial_id":63,"param_name":"c_desired_bl","param_value_internal":31.0,"distribution":"{\"name\": \"IntDistribution\", \"attributes\": {\"log\": false, \"step\": 1, \"low\": 31, \"high\": 31}}"}
{"op_code":5,"worker_id":"e3061be4-5712-4019-b215-55b13fed058b-139811400396800","trial_id":63,"param_name":"out_noise","param_value_internal":0.0,"distribution":"{\"name\": \"FloatDistribution\", \"attributes\": {\"step\": null, \"low\": 0.0, \"high\": 0.0, \"log\": false}}"}
{"op_code":5,"worker_id":"e3061be4-5712-4019-b215-55b13fed058b-139811400396800","trial_id":63,"param_name":"ab_weight_scaling_omega","param_value_internal":0.0,"distribution":"{\"name\": \"FloatDistribution\", \"attributes\": {\"step\": null, \"low\": 0.0, \"high\": 0.0, \"log\": false}}"}
{"op_code":5,"worker_id":"e3061be4-5712-4019-b215-55b13fed058b-139811400396800","trial_id":63,"param_name":"min_lr_rate","param_value_internal":0.0,"distribution":"{\"name\": \"FloatDistribution\", \"attributes\": {\"step\": null, \"low\": 0.0, \"high\": 0.0, \"log\": false}}"}
{"op_code":8,"worker_id":"e3061be4-5712-4019-b215-55b13fed058b-139811400396800","trial_id":63,"user_attr":{"grad_accum_steps":1}}
{"op_code":7,"worker_id":"874ec50e-b98b-40d5-95f0-10e866d6deb4-140696381435904","trial_id":62,"step":4,"intermediate_value":80.02081241312239}
{"op_code":8,"worker_id":"874ec50e-b98b-40d5-95f0-10e866d6deb4-140696381435904","trial_id":62,"user_attr":{"train_loss_epoch_4":1.3936975479820746}}
{"op_code":7,"worker_id":"e3061be4-5712-4019-b215-55b13fed058b-139811400396800","trial_id":63,"step":1,"intermediate_value":58.98413807216997}
{"op_code":8,"worker_id":"e3061be4-5712-4019-b215-55b13fed058b-139811400396800","trial_id":63,"user_attr":{"train_loss_epoch_1":3.111963647749366}}
{"op_code":7,"worker_id":"874ec50e-b98b-40d5-95f0-10e866d6deb4-140696381435904","trial_id":62,"step":5,"intermediate_value":80.21048155929448}
{"op_code":8,"worker_id":"874ec50e-b98b-40d5-95f0-10e866d6deb4-140696381435904","trial_id":62,"user_attr":{"train_loss_epoch_5":1.3737901416727119}}
{"op_code":6,"worker_id":"874ec50e-b98b-40d5-95f0-10e866d6deb4-140696381435904","trial_id":62,"state":1,"values":[80.21048155929448],"datetime_complete":"2026-04-30T08:20:33.281641"}
{"op_code":0,"worker_id":"a07c2062-a27e-4b5f-830b-7148db84bc4f-140459873554432","study_name":"bert_squad_lrtt_bs48_adam_decay_nowd_nomom_nonest_onehot_a6t1c_bconstantstep6t1cgamma_cconstantstepideal_perfect_noos_qkvo_5ep","directions":[2]}
{"op_code":4,"worker_id":"a07c2062-a27e-4b5f-830b-7148db84bc4f-140459873554432","study_id":0,"datetime_start":"2026-04-30T08:20:43.744097"}
{"op_code":5,"worker_id":"a07c2062-a27e-4b5f-830b-7148db84bc4f-140459873554432","trial_id":64,"param_name":"learning_rate","param_value_internal":0.0001853227936538419,"distribution":"{\"name\": \"FloatDistribution\", \"attributes\": {\"step\": null, \"low\": 0.0001, \"high\": 0.05, \"log\": true}}"}
{"op_code":5,"worker_id":"a07c2062-a27e-4b5f-830b-7148db84bc4f-140459873554432","trial_id":64,"param_name":"transfer_lr","param_value_internal":0.13167282402863426,"distribution":"{\"name\": \"FloatDistribution\", \"attributes\": {\"step\": null, \"low\": 0.009, \"high\": 5.0, \"log\": true}}"}
{"op_code":5,"worker_id":"a07c2062-a27e-4b5f-830b-7148db84bc4f-140459873554432","trial_id":64,"param_name":"transfer_every","param_value_internal":7.0,"distribution":"{\"name\": \"IntDistribution\", \"attributes\": {\"log\": true, \"step\": 1, \"low\": 1, \"high\": 20}}"}
{"op_code":5,"worker_id":"a07c2062-a27e-4b5f-830b-7148db84bc4f-140459873554432","trial_id":64,"param_name":"rank_exp","param_value_internal":5.0,"distribution":"{\"name\": \"IntDistribution\", \"attributes\": {\"log\": false, \"step\": 1, \"low\": 5, \"high\": 5}}"}
{"op_code":5,"worker_id":"a07c2062-a27e-4b5f-830b-7148db84bc4f-140459873554432","trial_id":64,"param_name":"fast_lr","param_value_internal":0.13379712691954074,"distribution":"{\"name\": \"FloatDistribution\", \"attributes\": {\"step\": null, \"low\": 0.01, \"high\": 5.0, \"log\": true}}"}
{"op_code":5,"worker_id":"a07c2062-a27e-4b5f-830b-7148db84bc4f-140459873554432","trial_id":64,"param_name":"tau_sec","param_value_internal":0.0,"distribution":"{\"name\": \"FloatDistribution\", \"attributes\": {\"step\": null, \"low\": 0.0, \"high\": 0.0, \"log\": false}}"}
{"op_code":5,"worker_id":"a07c2062-a27e-4b5f-830b-7148db84bc4f-140459873554432","trial_id":64,"param_name":"ab_dw_min","param_value_internal":0.0004883,"distribution":"{\"name\": \"FloatDistribution\", \"attributes\": {\"step\": null, \"low\": 0.0004883, \"high\": 0.0004883, \"log\": true}}"}
{"op_code":5,"worker_id":"a07c2062-a27e-4b5f-830b-7148db84bc4f-140459873554432","trial_id":64,"param_name":"ab_desired_bl","param_value_internal":31.0,"distribution":"{\"name\": \"IntDistribution\", \"attributes\": {\"log\": false, \"step\": 1, \"low\": 31, \"high\": 31}}"}
{"op_code":5,"worker_id":"a07c2062-a27e-4b5f-830b-7148db84bc4f-140459873554432","trial_id":64,"param_name":"c_dw_min","param_value_internal":0.001953,"distribution":"{\"name\": \"FloatDistribution\", \"attributes\": {\"step\": null, \"low\": 0.001953, \"high\": 0.001953, \"log\": true}}"}
{"op_code":5,"worker_id":"a07c2062-a27e-4b5f-830b-7148db84bc4f-140459873554432","trial_id":64,"param_name":"c_desired_bl","param_value_internal":31.0,"distribution":"{\"name\": \"IntDistribution\", \"attributes\": {\"log\": false, \"step\": 1, \"low\": 31, \"high\": 31}}"}
{"op_code":5,"worker_id":"a07c2062-a27e-4b5f-830b-7148db84bc4f-140459873554432","trial_id":64,"param_name":"out_noise","param_value_internal":0.0,"distribution":"{\"name\": \"FloatDistribution\", \"attributes\": {\"step\": null, \"low\": 0.0, \"high\": 0.0, \"log\": false}}"}
{"op_code":5,"worker_id":"a07c2062-a27e-4b5f-830b-7148db84bc4f-140459873554432","trial_id":64,"param_name":"ab_weight_scaling_omega","param_value_internal":0.0,"distribution":"{\"name\": \"FloatDistribution\", \"attributes\": {\"step\": null, \"low\": 0.0, \"high\": 0.0, \"log\": false}}"}
{"op_code":5,"worker_id":"a07c2062-a27e-4b5f-830b-7148db84bc4f-140459873554432","trial_id":64,"param_name":"min_lr_rate","param_value_internal":0.0,"distribution":"{\"name\": \"FloatDistribution\", \"attributes\": {\"step\": null, \"low\": 0.0, \"high\": 0.0, \"log\": false}}"}
{"op_code":8,"worker_id":"a07c2062-a27e-4b5f-830b-7148db84bc4f-140459873554432","trial_id":64,"user_attr":{"grad_accum_steps":1}}
{"op_code":7,"worker_id":"e3061be4-5712-4019-b215-55b13fed058b-139811400396800","trial_id":63,"step":2,"intermediate_value":69.86149550946323}
{"op_code":8,"worker_id":"e3061be4-5712-4019-b215-55b13fed058b-139811400396800","trial_id":63,"user_attr":{"train_loss_epoch_2":1.9931166049264635}}
{"op_code":7,"worker_id":"a07c2062-a27e-4b5f-830b-7148db84bc4f-140459873554432","trial_id":64,"step":1,"intermediate_value":58.328549148481606}
{"op_code":8,"worker_id":"a07c2062-a27e-4b5f-830b-7148db84bc4f-140459873554432","trial_id":64,"user_attr":{"train_loss_epoch_1":3.137392372619815}}
{"op_code":7,"worker_id":"e3061be4-5712-4019-b215-55b13fed058b-139811400396800","trial_id":63,"step":3,"intermediate_value":73.10426013473729}
{"op_code":8,"worker_id":"e3061be4-5712-4019-b215-55b13fed058b-139811400396800","trial_id":63,"user_attr":{"train_loss_epoch_3":1.768840099608672}}
{"op_code":7,"worker_id":"a07c2062-a27e-4b5f-830b-7148db84bc4f-140459873554432","trial_id":64,"step":2,"intermediate_value":69.0728609637257}
{"op_code":8,"worker_id":"a07c2062-a27e-4b5f-830b-7148db84bc4f-140459873554432","trial_id":64,"user_attr":{"train_loss_epoch_2":2.01349580184554}}
{"op_code":7,"worker_id":"e3061be4-5712-4019-b215-55b13fed058b-139811400396800","trial_id":63,"step":4,"intermediate_value":74.1295280235426}
{"op_code":8,"worker_id":"e3061be4-5712-4019-b215-55b13fed058b-139811400396800","trial_id":63,"user_attr":{"train_loss_epoch_4":1.6809159354465764}}
{"op_code":7,"worker_id":"a07c2062-a27e-4b5f-830b-7148db84bc4f-140459873554432","trial_id":64,"step":3,"intermediate_value":72.70767281341904}
{"op_code":8,"worker_id":"a07c2062-a27e-4b5f-830b-7148db84bc4f-140459873554432","trial_id":64,"user_attr":{"train_loss_epoch_3":1.7845227370094154}}
{"op_code":7,"worker_id":"e3061be4-5712-4019-b215-55b13fed058b-139811400396800","trial_id":63,"step":5,"intermediate_value":74.32215697241121}
{"op_code":8,"worker_id":"e3061be4-5712-4019-b215-55b13fed058b-139811400396800","trial_id":63,"user_attr":{"train_loss_epoch_5":1.6494429684912932}}
{"op_code":6,"worker_id":"e3061be4-5712-4019-b215-55b13fed058b-139811400396800","trial_id":63,"state":1,"values":[74.32215697241121],"datetime_complete":"2026-04-30T09:33:38.391317"}
{"op_code":4,"worker_id":"e3061be4-5712-4019-b215-55b13fed058b-139811400396800","study_id":0,"datetime_start":"2026-04-30T09:33:38.392889"}
{"op_code":5,"worker_id":"e3061be4-5712-4019-b215-55b13fed058b-139811400396800","trial_id":65,"param_name":"learning_rate","param_value_internal":0.006033591990461347,"distribution":"{\"name\": \"FloatDistribution\", \"attributes\": {\"step\": null, \"low\": 0.0001, \"high\": 0.05, \"log\": true}}"}
{"op_code":5,"worker_id":"e3061be4-5712-4019-b215-55b13fed058b-139811400396800","trial_id":65,"param_name":"transfer_lr","param_value_internal":0.08545422323319198,"distribution":"{\"name\": \"FloatDistribution\", \"attributes\": {\"step\": null, \"low\": 0.009, \"high\": 5.0, \"log\": true}}"}
{"op_code":5,"worker_id":"e3061be4-5712-4019-b215-55b13fed058b-139811400396800","trial_id":65,"param_name":"transfer_every","param_value_internal":5.0,"distribution":"{\"name\": \"IntDistribution\", \"attributes\": {\"log\": true, \"step\": 1, \"low\": 1, \"high\": 20}}"}
{"op_code":5,"worker_id":"e3061be4-5712-4019-b215-55b13fed058b-139811400396800","trial_id":65,"param_name":"rank_exp","param_value_internal":5.0,"distribution":"{\"name\": \"IntDistribution\", \"attributes\": {\"log\": false, \"step\": 1, \"low\": 5, \"high\": 5}}"}
{"op_code":5,"worker_id":"e3061be4-5712-4019-b215-55b13fed058b-139811400396800","trial_id":65,"param_name":"fast_lr","param_value_internal":0.3123390319258583,"distribution":"{\"name\": \"FloatDistribution\", \"attributes\": {\"step\": null, \"low\": 0.01, \"high\": 5.0, \"log\": true}}"}
{"op_code":5,"worker_id":"e3061be4-5712-4019-b215-55b13fed058b-139811400396800","trial_id":65,"param_name":"tau_sec","param_value_internal":0.0,"distribution":"{\"name\": \"FloatDistribution\", \"attributes\": {\"step\": null, \"low\": 0.0, \"high\": 0.0, \"log\": false}}"}
{"op_code":5,"worker_id":"e3061be4-5712-4019-b215-55b13fed058b-139811400396800","trial_id":65,"param_name":"ab_dw_min","param_value_internal":0.0004883,"distribution":"{\"name\": \"FloatDistribution\", \"attributes\": {\"step\": null, \"low\": 0.0004883, \"high\": 0.0004883, \"log\": true}}"}
{"op_code":5,"worker_id":"e3061be4-5712-4019-b215-55b13fed058b-139811400396800","trial_id":65,"param_name":"ab_desired_bl","param_value_internal":31.0,"distribution":"{\"name\": \"IntDistribution\", \"attributes\": {\"log\": false, \"step\": 1, \"low\": 31, \"high\": 31}}"}
{"op_code":5,"worker_id":"e3061be4-5712-4019-b215-55b13fed058b-139811400396800","trial_id":65,"param_name":"c_dw_min","param_value_internal":0.001953,"distribution":"{\"name\": \"FloatDistribution\", \"attributes\": {\"step\": null, \"low\": 0.001953, \"high\": 0.001953, \"log\": true}}"}
{"op_code":5,"worker_id":"e3061be4-5712-4019-b215-55b13fed058b-139811400396800","trial_id":65,"param_name":"c_desired_bl","param_value_internal":31.0,"distribution":"{\"name\": \"IntDistribution\", \"attributes\": {\"log\": false, \"step\": 1, \"low\": 31, \"high\": 31}}"}
{"op_code":5,"worker_id":"e3061be4-5712-4019-b215-55b13fed058b-139811400396800","trial_id":65,"param_name":"out_noise","param_value_internal":0.0,"distribution":"{\"name\": \"FloatDistribution\", \"attributes\": {\"step\": null, \"low\": 0.0, \"high\": 0.0, \"log\": false}}"}
{"op_code":5,"worker_id":"e3061be4-5712-4019-b215-55b13fed058b-139811400396800","trial_id":65,"param_name":"ab_weight_scaling_omega","param_value_internal":0.0,"distribution":"{\"name\": \"FloatDistribution\", \"attributes\": {\"step\": null, \"low\": 0.0, \"high\": 0.0, \"log\": false}}"}
{"op_code":5,"worker_id":"e3061be4-5712-4019-b215-55b13fed058b-139811400396800","trial_id":65,"param_name":"min_lr_rate","param_value_internal":0.0,"distribution":"{\"name\": \"FloatDistribution\", \"attributes\": {\"step\": null, \"low\": 0.0, \"high\": 0.0, \"log\": false}}"}
{"op_code":8,"worker_id":"e3061be4-5712-4019-b215-55b13fed058b-139811400396800","trial_id":65,"user_attr":{"grad_accum_steps":1}}
{"op_code":7,"worker_id":"a07c2062-a27e-4b5f-830b-7148db84bc4f-140459873554432","trial_id":64,"step":4,"intermediate_value":73.80344544898728}
{"op_code":8,"worker_id":"a07c2062-a27e-4b5f-830b-7148db84bc4f-140459873554432","trial_id":64,"user_attr":{"train_loss_epoch_4":1.6931005556732013}}
{"op_code":7,"worker_id":"e3061be4-5712-4019-b215-55b13fed058b-139811400396800","trial_id":65,"step":1,"intermediate_value":77.98759309553411}
{"op_code":8,"worker_id":"e3061be4-5712-4019-b215-55b13fed058b-139811400396800","trial_id":65,"user_attr":{"train_loss_epoch_1":2.0140219471641996}}
{"op_code":7,"worker_id":"a07c2062-a27e-4b5f-830b-7148db84bc4f-140459873554432","trial_id":64,"step":5,"intermediate_value":74.11310897486455}
{"op_code":8,"worker_id":"a07c2062-a27e-4b5f-830b-7148db84bc4f-140459873554432","trial_id":64,"user_attr":{"train_loss_epoch_5":1.6583671417339707}}
{"op_code":6,"worker_id":"a07c2062-a27e-4b5f-830b-7148db84bc4f-140459873554432","trial_id":64,"state":1,"values":[74.11310897486455],"datetime_complete":"2026-04-30T10:01:26.954376"}
{"op_code":4,"worker_id":"a07c2062-a27e-4b5f-830b-7148db84bc4f-140459873554432","study_id":0,"datetime_start":"2026-04-30T10:01:26.955983"}
{"op_code":5,"worker_id":"a07c2062-a27e-4b5f-830b-7148db84bc4f-140459873554432","trial_id":66,"param_name":"learning_rate","param_value_internal":0.0063072579265236834,"distribution":"{\"name\": \"FloatDistribution\", \"attributes\": {\"step\": null, \"low\": 0.0001, \"high\": 0.05, \"log\": true}}"}
{"op_code":5,"worker_id":"a07c2062-a27e-4b5f-830b-7148db84bc4f-140459873554432","trial_id":66,"param_name":"transfer_lr","param_value_internal":0.08467818051190791,"distribution":"{\"name\": \"FloatDistribution\", \"attributes\": {\"step\": null, \"low\": 0.009, \"high\": 5.0, \"log\": true}}"}
{"op_code":5,"worker_id":"a07c2062-a27e-4b5f-830b-7148db84bc4f-140459873554432","trial_id":66,"param_name":"transfer_every","param_value_internal":5.0,"distribution":"{\"name\": \"IntDistribution\", \"attributes\": {\"log\": true, \"step\": 1, \"low\": 1, \"high\": 20}}"}
{"op_code":5,"worker_id":"a07c2062-a27e-4b5f-830b-7148db84bc4f-140459873554432","trial_id":66,"param_name":"rank_exp","param_value_internal":5.0,"distribution":"{\"name\": \"IntDistribution\", \"attributes\": {\"log\": false, \"step\": 1, \"low\": 5, \"high\": 5}}"}
{"op_code":5,"worker_id":"a07c2062-a27e-4b5f-830b-7148db84bc4f-140459873554432","trial_id":66,"param_name":"fast_lr","param_value_internal":0.3127355830312675,"distribution":"{\"name\": \"FloatDistribution\", \"attributes\": {\"step\": null, \"low\": 0.01, \"high\": 5.0, \"log\": true}}"}
{"op_code":5,"worker_id":"a07c2062-a27e-4b5f-830b-7148db84bc4f-140459873554432","trial_id":66,"param_name":"tau_sec","param_value_internal":0.0,"distribution":"{\"name\": \"FloatDistribution\", \"attributes\": {\"step\": null, \"low\": 0.0, \"high\": 0.0, \"log\": false}}"}
{"op_code":5,"worker_id":"a07c2062-a27e-4b5f-830b-7148db84bc4f-140459873554432","trial_id":66,"param_name":"ab_dw_min","param_value_internal":0.0004883,"distribution":"{\"name\": \"FloatDistribution\", \"attributes\": {\"step\": null, \"low\": 0.0004883, \"high\": 0.0004883, \"log\": true}}"}
{"op_code":5,"worker_id":"a07c2062-a27e-4b5f-830b-7148db84bc4f-140459873554432","trial_id":66,"param_name":"ab_desired_bl","param_value_internal":31.0,"distribution":"{\"name\": \"IntDistribution\", \"attributes\": {\"log\": false, \"step\": 1, \"low\": 31, \"high\": 31}}"}
{"op_code":5,"worker_id":"a07c2062-a27e-4b5f-830b-7148db84bc4f-140459873554432","trial_id":66,"param_name":"c_dw_min","param_value_internal":0.001953,"distribution":"{\"name\": \"FloatDistribution\", \"attributes\": {\"step\": null, \"low\": 0.001953, \"high\": 0.001953, \"log\": true}}"}
{"op_code":5,"worker_id":"a07c2062-a27e-4b5f-830b-7148db84bc4f-140459873554432","trial_id":66,"param_name":"c_desired_bl","param_value_internal":31.0,"distribution":"{\"name\": \"IntDistribution\", \"attributes\": {\"log\": false, \"step\": 1, \"low\": 31, \"high\": 31}}"}
{"op_code":5,"worker_id":"a07c2062-a27e-4b5f-830b-7148db84bc4f-140459873554432","trial_id":66,"param_name":"out_noise","param_value_internal":0.0,"distribution":"{\"name\": \"FloatDistribution\", \"attributes\": {\"step\": null, \"low\": 0.0, \"high\": 0.0, \"log\": false}}"}
{"op_code":5,"worker_id":"a07c2062-a27e-4b5f-830b-7148db84bc4f-140459873554432","trial_id":66,"param_name":"ab_weight_scaling_omega","param_value_internal":0.0,"distribution":"{\"name\": \"FloatDistribution\", \"attributes\": {\"step\": null, \"low\": 0.0, \"high\": 0.0, \"log\": false}}"}
{"op_code":5,"worker_id":"a07c2062-a27e-4b5f-830b-7148db84bc4f-140459873554432","trial_id":66,"param_name":"min_lr_rate","param_value_internal":0.0,"distribution":"{\"name\": \"FloatDistribution\", \"attributes\": {\"step\": null, \"low\": 0.0, \"high\": 0.0, \"log\": false}}"}
{"op_code":8,"worker_id":"a07c2062-a27e-4b5f-830b-7148db84bc4f-140459873554432","trial_id":66,"user_attr":{"grad_accum_steps":1}}
{"op_code":7,"worker_id":"e3061be4-5712-4019-b215-55b13fed058b-139811400396800","trial_id":65,"step":2,"intermediate_value":79.0869433398392}
{"op_code":8,"worker_id":"e3061be4-5712-4019-b215-55b13fed058b-139811400396800","trial_id":65,"user_attr":{"train_loss_epoch_2":1.5096579749086685}}
{"op_code":7,"worker_id":"a07c2062-a27e-4b5f-830b-7148db84bc4f-140459873554432","trial_id":66,"step":1,"intermediate_value":77.67365042537867}
{"op_code":8,"worker_id":"a07c2062-a27e-4b5f-830b-7148db84bc4f-140459873554432","trial_id":66,"user_attr":{"train_loss_epoch_1":1.9970160645198047}}
{"op_code":7,"worker_id":"e3061be4-5712-4019-b215-55b13fed058b-139811400396800","trial_id":65,"step":3,"intermediate_value":80.7767022722063}
{"op_code":8,"worker_id":"e3061be4-5712-4019-b215-55b13fed058b-139811400396800","trial_id":65,"user_attr":{"train_loss_epoch_3":1.4293272661645884}}
{"op_code":7,"worker_id":"a07c2062-a27e-4b5f-830b-7148db84bc4f-140459873554432","trial_id":66,"step":2,"intermediate_value":79.6856324485905}
{"op_code":8,"worker_id":"a07c2062-a27e-4b5f-830b-7148db84bc4f-140459873554432","trial_id":66,"user_attr":{"train_loss_epoch_2":1.5152064580581375}}
{"op_code":7,"worker_id":"e3061be4-5712-4019-b215-55b13fed058b-139811400396800","trial_id":65,"step":4,"intermediate_value":81.23801592923}
{"op_code":8,"worker_id":"e3061be4-5712-4019-b215-55b13fed058b-139811400396800","trial_id":65,"user_attr":{"train_loss_epoch_4":1.3434670936770556}}
{"op_code":7,"worker_id":"a07c2062-a27e-4b5f-830b-7148db84bc4f-140459873554432","trial_id":66,"step":3,"intermediate_value":79.6856324485905}
{"op_code":8,"worker_id":"a07c2062-a27e-4b5f-830b-7148db84bc4f-140459873554432","trial_id":66,"user_attr":{"train_loss_epoch_3":1.5432731787686749}}
{"op_code":6,"worker_id":"a07c2062-a27e-4b5f-830b-7148db84bc4f-140459873554432","trial_id":66,"state":1,"values":[79.6856324485905],"datetime_complete":"2026-04-30T11:02:55.025951"}
{"op_code":4,"worker_id":"a07c2062-a27e-4b5f-830b-7148db84bc4f-140459873554432","study_id":0,"datetime_start":"2026-04-30T11:02:55.027517"}
{"op_code":5,"worker_id":"a07c2062-a27e-4b5f-830b-7148db84bc4f-140459873554432","trial_id":67,"param_name":"learning_rate","param_value_internal":0.0016206894428973464,"distribution":"{\"name\": \"FloatDistribution\", \"attributes\": {\"step\": null, \"low\": 0.0001, \"high\": 0.05, \"log\": true}}"}
{"op_code":5,"worker_id":"a07c2062-a27e-4b5f-830b-7148db84bc4f-140459873554432","trial_id":67,"param_name":"transfer_lr","param_value_internal":0.136075964278476,"distribution":"{\"name\": \"FloatDistribution\", \"attributes\": {\"step\": null, \"low\": 0.009, \"high\": 5.0, \"log\": true}}"}
{"op_code":5,"worker_id":"a07c2062-a27e-4b5f-830b-7148db84bc4f-140459873554432","trial_id":67,"param_name":"transfer_every","param_value_internal":17.0,"distribution":"{\"name\": \"IntDistribution\", \"attributes\": {\"log\": true, \"step\": 1, \"low\": 1, \"high\": 20}}"}
{"op_code":5,"worker_id":"a07c2062-a27e-4b5f-830b-7148db84bc4f-140459873554432","trial_id":67,"param_name":"rank_exp","param_value_internal":5.0,"distribution":"{\"name\": \"IntDistribution\", \"attributes\": {\"log\": false, \"step\": 1, \"low\": 5, \"high\": 5}}"}
{"op_code":5,"worker_id":"a07c2062-a27e-4b5f-830b-7148db84bc4f-140459873554432","trial_id":67,"param_name":"fast_lr","param_value_internal":0.10727497102909017,"distribution":"{\"name\": \"FloatDistribution\", \"attributes\": {\"step\": null, \"low\": 0.01, \"high\": 5.0, \"log\": true}}"}
{"op_code":5,"worker_id":"a07c2062-a27e-4b5f-830b-7148db84bc4f-140459873554432","trial_id":67,"param_name":"tau_sec","param_value_internal":0.0,"distribution":"{\"name\": \"FloatDistribution\", \"attributes\": {\"step\": null, \"low\": 0.0, \"high\": 0.0, \"log\": false}}"}
{"op_code":5,"worker_id":"a07c2062-a27e-4b5f-830b-7148db84bc4f-140459873554432","trial_id":67,"param_name":"ab_dw_min","param_value_internal":0.0004883,"distribution":"{\"name\": \"FloatDistribution\", \"attributes\": {\"step\": null, \"low\": 0.0004883, \"high\": 0.0004883, \"log\": true}}"}
{"op_code":5,"worker_id":"a07c2062-a27e-4b5f-830b-7148db84bc4f-140459873554432","trial_id":67,"param_name":"ab_desired_bl","param_value_internal":31.0,"distribution":"{\"name\": \"IntDistribution\", \"attributes\": {\"log\": false, \"step\": 1, \"low\": 31, \"high\": 31}}"}
{"op_code":5,"worker_id":"a07c2062-a27e-4b5f-830b-7148db84bc4f-140459873554432","trial_id":67,"param_name":"c_dw_min","param_value_internal":0.001953,"distribution":"{\"name\": \"FloatDistribution\", \"attributes\": {\"step\": null, \"low\": 0.001953, \"high\": 0.001953, \"log\": true}}"}
{"op_code":5,"worker_id":"a07c2062-a27e-4b5f-830b-7148db84bc4f-140459873554432","trial_id":67,"param_name":"c_desired_bl","param_value_internal":31.0,"distribution":"{\"name\": \"IntDistribution\", \"attributes\": {\"log\": false, \"step\": 1, \"low\": 31, \"high\": 31}}"}
{"op_code":5,"worker_id":"a07c2062-a27e-4b5f-830b-7148db84bc4f-140459873554432","trial_id":67,"param_name":"out_noise","param_value_internal":0.0,"distribution":"{\"name\": \"FloatDistribution\", \"attributes\": {\"step\": null, \"low\": 0.0, \"high\": 0.0, \"log\": false}}"}
{"op_code":5,"worker_id":"a07c2062-a27e-4b5f-830b-7148db84bc4f-140459873554432","trial_id":67,"param_name":"ab_weight_scaling_omega","param_value_internal":0.0,"distribution":"{\"name\": \"FloatDistribution\", \"attributes\": {\"step\": null, \"low\": 0.0, \"high\": 0.0, \"log\": false}}"}
{"op_code":5,"worker_id":"a07c2062-a27e-4b5f-830b-7148db84bc4f-140459873554432","trial_id":67,"param_name":"min_lr_rate","param_value_internal":0.0,"distribution":"{\"name\": \"FloatDistribution\", \"attributes\": {\"step\": null, \"low\": 0.0, \"high\": 0.0, \"log\": false}}"}
{"op_code":8,"worker_id":"a07c2062-a27e-4b5f-830b-7148db84bc4f-140459873554432","trial_id":67,"user_attr":{"grad_accum_steps":1}}
{"op_code":8,"worker_id":"a07c2062-a27e-4b5f-830b-7148db84bc4f-140459873554432","trial_id":67,"user_attr":{"error":"CUDA_CALL Error 'out of memory' at cuda_util.cu:978\n"}}
{"op_code":6,"worker_id":"a07c2062-a27e-4b5f-830b-7148db84bc4f-140459873554432","trial_id":67,"state":3,"values":null,"datetime_complete":"2026-04-30T11:03:13.269994"}
{"op_code":0,"worker_id":"b8773cd9-421b-4475-9865-45caf44edbf2-140031167537152","study_name":"bert_squad_lrtt_bs48_adam_decay_nowd_nomom_nonest_onehot_a6t1c_bconstantstep6t1cgamma_cconstantstepideal_perfect_noos_qkvo_5ep","directions":[2]}
{"op_code":4,"worker_id":"b8773cd9-421b-4475-9865-45caf44edbf2-140031167537152","study_id":0,"datetime_start":null,"state":4,"value":null,"values":null,"distributions":{},"params":{},"user_attrs":{},"system_attrs":{"fixed_params":{"learning_rate":0.0016206894428973464,"transfer_lr":0.136075964278476,"transfer_every":17,"rank_exp":5,"fast_lr":0.10727497102909017,"tau_sec":0.0,"ab_dw_min":0.0004883,"ab_desired_bl":31,"c_dw_min":0.001953,"c_desired_bl":31,"out_noise":0.0,"ab_weight_scaling_omega":0.0,"min_lr_rate":0.0}},"intermediate_values":{}}
{"op_code":6,"worker_id":"b8773cd9-421b-4475-9865-45caf44edbf2-140031167537152","trial_id":68,"state":0,"values":null,"datetime_start":"2026-04-30T11:03:23.792335"}
{"op_code":5,"worker_id":"b8773cd9-421b-4475-9865-45caf44edbf2-140031167537152","trial_id":68,"param_name":"learning_rate","param_value_internal":0.0016206894428973464,"distribution":"{\"name\": \"FloatDistribution\", \"attributes\": {\"step\": null, \"low\": 0.0001, \"high\": 0.05, \"log\": true}}"}
{"op_code":5,"worker_id":"b8773cd9-421b-4475-9865-45caf44edbf2-140031167537152","trial_id":68,"param_name":"transfer_lr","param_value_internal":0.136075964278476,"distribution":"{\"name\": \"FloatDistribution\", \"attributes\": {\"step\": null, \"low\": 0.009, \"high\": 5.0, \"log\": true}}"}
{"op_code":5,"worker_id":"b8773cd9-421b-4475-9865-45caf44edbf2-140031167537152","trial_id":68,"param_name":"transfer_every","param_value_internal":17.0,"distribution":"{\"name\": \"IntDistribution\", \"attributes\": {\"log\": true, \"step\": 1, \"low\": 1, \"high\": 20}}"}
{"op_code":5,"worker_id":"b8773cd9-421b-4475-9865-45caf44edbf2-140031167537152","trial_id":68,"param_name":"rank_exp","param_value_internal":5.0,"distribution":"{\"name\": \"IntDistribution\", \"attributes\": {\"log\": false, \"step\": 1, \"low\": 5, \"high\": 5}}"}
{"op_code":5,"worker_id":"b8773cd9-421b-4475-9865-45caf44edbf2-140031167537152","trial_id":68,"param_name":"fast_lr","param_value_internal":0.10727497102909017,"distribution":"{\"name\": \"FloatDistribution\", \"attributes\": {\"step\": null, \"low\": 0.01, \"high\": 5.0, \"log\": true}}"}
{"op_code":5,"worker_id":"b8773cd9-421b-4475-9865-45caf44edbf2-140031167537152","trial_id":68,"param_name":"tau_sec","param_value_internal":0.0,"distribution":"{\"name\": \"FloatDistribution\", \"attributes\": {\"step\": null, \"low\": 0.0, \"high\": 0.0, \"log\": false}}"}
{"op_code":5,"worker_id":"b8773cd9-421b-4475-9865-45caf44edbf2-140031167537152","trial_id":68,"param_name":"ab_dw_min","param_value_internal":0.0004883,"distribution":"{\"name\": \"FloatDistribution\", \"attributes\": {\"step\": null, \"low\": 0.0004883, \"high\": 0.0004883, \"log\": true}}"}
{"op_code":5,"worker_id":"b8773cd9-421b-4475-9865-45caf44edbf2-140031167537152","trial_id":68,"param_name":"ab_desired_bl","param_value_internal":31.0,"distribution":"{\"name\": \"IntDistribution\", \"attributes\": {\"log\": false, \"step\": 1, \"low\": 31, \"high\": 31}}"}
{"op_code":5,"worker_id":"b8773cd9-421b-4475-9865-45caf44edbf2-140031167537152","trial_id":68,"param_name":"c_dw_min","param_value_internal":0.001953,"distribution":"{\"name\": \"FloatDistribution\", \"attributes\": {\"step\": null, \"low\": 0.001953, \"high\": 0.001953, \"log\": true}}"}
{"op_code":5,"worker_id":"b8773cd9-421b-4475-9865-45caf44edbf2-140031167537152","trial_id":68,"param_name":"c_desired_bl","param_value_internal":31.0,"distribution":"{\"name\": \"IntDistribution\", \"attributes\": {\"log\": false, \"step\": 1, \"low\": 31, \"high\": 31}}"}
{"op_code":5,"worker_id":"b8773cd9-421b-4475-9865-45caf44edbf2-140031167537152","trial_id":68,"param_name":"out_noise","param_value_internal":0.0,"distribution":"{\"name\": \"FloatDistribution\", \"attributes\": {\"step\": null, \"low\": 0.0, \"high\": 0.0, \"log\": false}}"}
{"op_code":5,"worker_id":"b8773cd9-421b-4475-9865-45caf44edbf2-140031167537152","trial_id":68,"param_name":"ab_weight_scaling_omega","param_value_internal":0.0,"distribution":"{\"name\": \"FloatDistribution\", \"attributes\": {\"step\": null, \"low\": 0.0, \"high\": 0.0, \"log\": false}}"}
{"op_code":5,"worker_id":"b8773cd9-421b-4475-9865-45caf44edbf2-140031167537152","trial_id":68,"param_name":"min_lr_rate","param_value_internal":0.0,"distribution":"{\"name\": \"FloatDistribution\", \"attributes\": {\"step\": null, \"low\": 0.0, \"high\": 0.0, \"log\": false}}"}
{"op_code":8,"worker_id":"b8773cd9-421b-4475-9865-45caf44edbf2-140031167537152","trial_id":68,"user_attr":{"grad_accum_steps":2}}
{"op_code":7,"worker_id":"e3061be4-5712-4019-b215-55b13fed058b-139811400396800","trial_id":65,"step":5,"intermediate_value":82.19144187883079}
{"op_code":8,"worker_id":"e3061be4-5712-4019-b215-55b13fed058b-139811400396800","trial_id":65,"user_attr":{"train_loss_epoch_5":1.289127666581937}}
{"op_code":6,"worker_id":"e3061be4-5712-4019-b215-55b13fed058b-139811400396800","trial_id":65,"state":1,"values":[82.19144187883079],"datetime_complete":"2026-04-30T11:16:14.708931"}
{"op_code":4,"worker_id":"e3061be4-5712-4019-b215-55b13fed058b-139811400396800","study_id":0,"datetime_start":"2026-04-30T11:16:14.710624"}
{"op_code":5,"worker_id":"e3061be4-5712-4019-b215-55b13fed058b-139811400396800","trial_id":69,"param_name":"learning_rate","param_value_internal":0.0016106134061855942,"distribution":"{\"name\": \"FloatDistribution\", \"attributes\": {\"step\": null, \"low\": 0.0001, \"high\": 0.05, \"log\": true}}"}
{"op_code":5,"worker_id":"e3061be4-5712-4019-b215-55b13fed058b-139811400396800","trial_id":69,"param_name":"transfer_lr","param_value_internal":0.13559049138695134,"distribution":"{\"name\": \"FloatDistribution\", \"attributes\": {\"step\": null, \"low\": 0.009, \"high\": 5.0, \"log\": true}}"}
{"op_code":5,"worker_id":"e3061be4-5712-4019-b215-55b13fed058b-139811400396800","trial_id":69,"param_name":"transfer_every","param_value_internal":17.0,"distribution":"{\"name\": \"IntDistribution\", \"attributes\": {\"log\": true, \"step\": 1, \"low\": 1, \"high\": 20}}"}
{"op_code":5,"worker_id":"e3061be4-5712-4019-b215-55b13fed058b-139811400396800","trial_id":69,"param_name":"rank_exp","param_value_internal":5.0,"distribution":"{\"name\": \"IntDistribution\", \"attributes\": {\"log\": false, \"step\": 1, \"low\": 5, \"high\": 5}}"}
{"op_code":5,"worker_id":"e3061be4-5712-4019-b215-55b13fed058b-139811400396800","trial_id":69,"param_name":"fast_lr","param_value_internal":0.10725336036065304,"distribution":"{\"name\": \"FloatDistribution\", \"attributes\": {\"step\": null, \"low\": 0.01, \"high\": 5.0, \"log\": true}}"}
{"op_code":5,"worker_id":"e3061be4-5712-4019-b215-55b13fed058b-139811400396800","trial_id":69,"param_name":"tau_sec","param_value_internal":0.0,"distribution":"{\"name\": \"FloatDistribution\", \"attributes\": {\"step\": null, \"low\": 0.0, \"high\": 0.0, \"log\": false}}"}
{"op_code":5,"worker_id":"e3061be4-5712-4019-b215-55b13fed058b-139811400396800","trial_id":69,"param_name":"ab_dw_min","param_value_internal":0.0004883,"distribution":"{\"name\": \"FloatDistribution\", \"attributes\": {\"step\": null, \"low\": 0.0004883, \"high\": 0.0004883, \"log\": true}}"}
{"op_code":5,"worker_id":"e3061be4-5712-4019-b215-55b13fed058b-139811400396800","trial_id":69,"param_name":"ab_desired_bl","param_value_internal":31.0,"distribution":"{\"name\": \"IntDistribution\", \"attributes\": {\"log\": false, \"step\": 1, \"low\": 31, \"high\": 31}}"}
{"op_code":5,"worker_id":"e3061be4-5712-4019-b215-55b13fed058b-139811400396800","trial_id":69,"param_name":"c_dw_min","param_value_internal":0.001953,"distribution":"{\"name\": \"FloatDistribution\", \"attributes\": {\"step\": null, \"low\": 0.001953, \"high\": 0.001953, \"log\": true}}"}
{"op_code":5,"worker_id":"e3061be4-5712-4019-b215-55b13fed058b-139811400396800","trial_id":69,"param_name":"c_desired_bl","param_value_internal":31.0,"distribution":"{\"name\": \"IntDistribution\", \"attributes\": {\"log\": false, \"step\": 1, \"low\": 31, \"high\": 31}}"}
{"op_code":5,"worker_id":"e3061be4-5712-4019-b215-55b13fed058b-139811400396800","trial_id":69,"param_name":"out_noise","param_value_internal":0.0,"distribution":"{\"name\": \"FloatDistribution\", \"attributes\": {\"step\": null, \"low\": 0.0, \"high\": 0.0, \"log\": false}}"}
{"op_code":5,"worker_id":"e3061be4-5712-4019-b215-55b13fed058b-139811400396800","trial_id":69,"param_name":"ab_weight_scaling_omega","param_value_internal":0.0,"distribution":"{\"name\": \"FloatDistribution\", \"attributes\": {\"step\": null, \"low\": 0.0, \"high\": 0.0, \"log\": false}}"}
{"op_code":5,"worker_id":"e3061be4-5712-4019-b215-55b13fed058b-139811400396800","trial_id":69,"param_name":"min_lr_rate","param_value_internal":0.0,"distribution":"{\"name\": \"FloatDistribution\", \"attributes\": {\"step\": null, \"low\": 0.0, \"high\": 0.0, \"log\": false}}"}
{"op_code":8,"worker_id":"e3061be4-5712-4019-b215-55b13fed058b-139811400396800","trial_id":69,"user_attr":{"grad_accum_steps":1}}
{"op_code":7,"worker_id":"b8773cd9-421b-4475-9865-45caf44edbf2-140031167537152","trial_id":68,"step":1,"intermediate_value":75.5837572845785}
{"op_code":8,"worker_id":"b8773cd9-421b-4475-9865-45caf44edbf2-140031167537152","trial_id":68,"user_attr":{"train_loss_epoch_1":2.267737147041568}}
{"op_code":7,"worker_id":"e3061be4-5712-4019-b215-55b13fed058b-139811400396800","trial_id":69,"step":1,"intermediate_value":75.47732195323412}
{"op_code":8,"worker_id":"e3061be4-5712-4019-b215-55b13fed058b-139811400396800","trial_id":69,"user_attr":{"train_loss_epoch_1":2.268322824914927}}
{"op_code":7,"worker_id":"b8773cd9-421b-4475-9865-45caf44edbf2-140031167537152","trial_id":68,"step":2,"intermediate_value":77.95525112242797}
{"op_code":8,"worker_id":"b8773cd9-421b-4475-9865-45caf44edbf2-140031167537152","trial_id":68,"user_attr":{"train_loss_epoch_2":1.5685632827321376}}
{"op_code":7,"worker_id":"e3061be4-5712-4019-b215-55b13fed058b-139811400396800","trial_id":69,"step":2,"intermediate_value":77.9057941029687}
{"op_code":8,"worker_id":"e3061be4-5712-4019-b215-55b13fed058b-139811400396800","trial_id":69,"user_attr":{"train_loss_epoch_2":1.5686330131075892}}
{"op_code":7,"worker_id":"b8773cd9-421b-4475-9865-45caf44edbf2-140031167537152","trial_id":68,"step":3,"intermediate_value":78.92499608452127}
{"op_code":8,"worker_id":"b8773cd9-421b-4475-9865-45caf44edbf2-140031167537152","trial_id":68,"user_attr":{"train_loss_epoch_3":1.4769952825072918}}
{"op_code":7,"worker_id":"e3061be4-5712-4019-b215-55b13fed058b-139811400396800","trial_id":69,"step":3,"intermediate_value":79.26706341195818}
{"op_code":8,"worker_id":"e3061be4-5712-4019-b215-55b13fed058b-139811400396800","trial_id":69,"user_attr":{"train_loss_epoch_3":1.4758045581621206}}
{"op_code":7,"worker_id":"b8773cd9-421b-4475-9865-45caf44edbf2-140031167537152","trial_id":68,"step":4,"intermediate_value":79.74162012925544}
{"op_code":8,"worker_id":"b8773cd9-421b-4475-9865-45caf44edbf2-140031167537152","trial_id":68,"user_attr":{"train_loss_epoch_4":1.4283567064013316}}
{"op_code":7,"worker_id":"e3061be4-5712-4019-b215-55b13fed058b-139811400396800","trial_id":69,"step":4,"intermediate_value":80.12019599664865}
{"op_code":8,"worker_id":"e3061be4-5712-4019-b215-55b13fed058b-139811400396800","trial_id":69,"user_attr":{"train_loss_epoch_4":1.42572260132327}}
{"op_code":7,"worker_id":"b8773cd9-421b-4475-9865-45caf44edbf2-140031167537152","trial_id":68,"step":5,"intermediate_value":80.17219863151034}
{"op_code":8,"worker_id":"b8773cd9-421b-4475-9865-45caf44edbf2-140031167537152","trial_id":68,"user_attr":{"train_loss_epoch_5":1.3999903571253451}}
{"op_code":6,"worker_id":"b8773cd9-421b-4475-9865-45caf44edbf2-140031167537152","trial_id":68,"state":1,"values":[80.17219863151034],"datetime_complete":"2026-04-30T12:49:50.674026"}
{"op_code":0,"worker_id":"d98d879f-8e33-44bb-aaf9-5683dede7589-140523539181568","study_name":"bert_squad_lrtt_bs48_adam_decay_nowd_nomom_nonest_onehot_a6t1c_bconstantstep6t1cgamma_cconstantstepideal_perfect_noos_qkvo_5ep","directions":[2]}
{"op_code":4,"worker_id":"d98d879f-8e33-44bb-aaf9-5683dede7589-140523539181568","study_id":0,"datetime_start":"2026-04-30T12:50:00.906092"}
{"op_code":5,"worker_id":"d98d879f-8e33-44bb-aaf9-5683dede7589-140523539181568","trial_id":70,"param_name":"learning_rate","param_value_internal":0.002788624240846587,"distribution":"{\"name\": \"FloatDistribution\", \"attributes\": {\"step\": null, \"low\": 0.0001, \"high\": 0.05, \"log\": true}}"}
{"op_code":5,"worker_id":"d98d879f-8e33-44bb-aaf9-5683dede7589-140523539181568","trial_id":70,"param_name":"transfer_lr","param_value_internal":0.12657394523755244,"distribution":"{\"name\": \"FloatDistribution\", \"attributes\": {\"step\": null, \"low\": 0.009, \"high\": 5.0, \"log\": true}}"}
{"op_code":5,"worker_id":"d98d879f-8e33-44bb-aaf9-5683dede7589-140523539181568","trial_id":70,"param_name":"transfer_every","param_value_internal":1.0,"distribution":"{\"name\": \"IntDistribution\", \"attributes\": {\"log\": true, \"step\": 1, \"low\": 1, \"high\": 20}}"}
{"op_code":5,"worker_id":"d98d879f-8e33-44bb-aaf9-5683dede7589-140523539181568","trial_id":70,"param_name":"rank_exp","param_value_internal":5.0,"distribution":"{\"name\": \"IntDistribution\", \"attributes\": {\"log\": false, \"step\": 1, \"low\": 5, \"high\": 5}}"}
{"op_code":5,"worker_id":"d98d879f-8e33-44bb-aaf9-5683dede7589-140523539181568","trial_id":70,"param_name":"fast_lr","param_value_internal":0.44258168083482985,"distribution":"{\"name\": \"FloatDistribution\", \"attributes\": {\"step\": null, \"low\": 0.01, \"high\": 5.0, \"log\": true}}"}
{"op_code":5,"worker_id":"d98d879f-8e33-44bb-aaf9-5683dede7589-140523539181568","trial_id":70,"param_name":"tau_sec","param_value_internal":0.0,"distribution":"{\"name\": \"FloatDistribution\", \"attributes\": {\"step\": null, \"low\": 0.0, \"high\": 0.0, \"log\": false}}"}
{"op_code":5,"worker_id":"d98d879f-8e33-44bb-aaf9-5683dede7589-140523539181568","trial_id":70,"param_name":"ab_dw_min","param_value_internal":0.0004883,"distribution":"{\"name\": \"FloatDistribution\", \"attributes\": {\"step\": null, \"low\": 0.0004883, \"high\": 0.0004883, \"log\": true}}"}
{"op_code":5,"worker_id":"d98d879f-8e33-44bb-aaf9-5683dede7589-140523539181568","trial_id":70,"param_name":"ab_desired_bl","param_value_internal":31.0,"distribution":"{\"name\": \"IntDistribution\", \"attributes\": {\"log\": false, \"step\": 1, \"low\": 31, \"high\": 31}}"}
{"op_code":5,"worker_id":"d98d879f-8e33-44bb-aaf9-5683dede7589-140523539181568","trial_id":70,"param_name":"c_dw_min","param_value_internal":0.001953,"distribution":"{\"name\": \"FloatDistribution\", \"attributes\": {\"step\": null, \"low\": 0.001953, \"high\": 0.001953, \"log\": true}}"}
{"op_code":5,"worker_id":"d98d879f-8e33-44bb-aaf9-5683dede7589-140523539181568","trial_id":70,"param_name":"c_desired_bl","param_value_internal":31.0,"distribution":"{\"name\": \"IntDistribution\", \"attributes\": {\"log\": false, \"step\": 1, \"low\": 31, \"high\": 31}}"}
{"op_code":5,"worker_id":"d98d879f-8e33-44bb-aaf9-5683dede7589-140523539181568","trial_id":70,"param_name":"out_noise","param_value_internal":0.0,"distribution":"{\"name\": \"FloatDistribution\", \"attributes\": {\"step\": null, \"low\": 0.0, \"high\": 0.0, \"log\": false}}"}
{"op_code":5,"worker_id":"d98d879f-8e33-44bb-aaf9-5683dede7589-140523539181568","trial_id":70,"param_name":"ab_weight_scaling_omega","param_value_internal":0.0,"distribution":"{\"name\": \"FloatDistribution\", \"attributes\": {\"step\": null, \"low\": 0.0, \"high\": 0.0, \"log\": false}}"}
{"op_code":5,"worker_id":"d98d879f-8e33-44bb-aaf9-5683dede7589-140523539181568","trial_id":70,"param_name":"min_lr_rate","param_value_internal":0.0,"distribution":"{\"name\": \"FloatDistribution\", \"attributes\": {\"step\": null, \"low\": 0.0, \"high\": 0.0, \"log\": false}}"}
{"op_code":8,"worker_id":"d98d879f-8e33-44bb-aaf9-5683dede7589-140523539181568","trial_id":70,"user_attr":{"grad_accum_steps":1}}
{"op_code":7,"worker_id":"e3061be4-5712-4019-b215-55b13fed058b-139811400396800","trial_id":69,"step":5,"intermediate_value":80.31410476726754}
{"op_code":8,"worker_id":"e3061be4-5712-4019-b215-55b13fed058b-139811400396800","trial_id":69,"user_attr":{"train_loss_epoch_5":1.4004390891651475}}
{"op_code":6,"worker_id":"e3061be4-5712-4019-b215-55b13fed058b-139811400396800","trial_id":69,"state":1,"values":[80.31410476726754],"datetime_complete":"2026-04-30T12:51:47.157304"}
{"op_code":4,"worker_id":"e3061be4-5712-4019-b215-55b13fed058b-139811400396800","study_id":0,"datetime_start":"2026-04-30T12:51:47.158949"}
{"op_code":5,"worker_id":"e3061be4-5712-4019-b215-55b13fed058b-139811400396800","trial_id":71,"param_name":"learning_rate","param_value_internal":0.002419894788377361,"distribution":"{\"name\": \"FloatDistribution\", \"attributes\": {\"step\": null, \"low\": 0.0001, \"high\": 0.05, \"log\": true}}"}
{"op_code":5,"worker_id":"e3061be4-5712-4019-b215-55b13fed058b-139811400396800","trial_id":71,"param_name":"transfer_lr","param_value_internal":0.11873739550952706,"distribution":"{\"name\": \"FloatDistribution\", \"attributes\": {\"step\": null, \"low\": 0.009, \"high\": 5.0, \"log\": true}}"}
{"op_code":5,"worker_id":"e3061be4-5712-4019-b215-55b13fed058b-139811400396800","trial_id":71,"param_name":"transfer_every","param_value_internal":1.0,"distribution":"{\"name\": \"IntDistribution\", \"attributes\": {\"log\": true, \"step\": 1, \"low\": 1, \"high\": 20}}"}
{"op_code":5,"worker_id":"e3061be4-5712-4019-b215-55b13fed058b-139811400396800","trial_id":71,"param_name":"rank_exp","param_value_internal":5.0,"distribution":"{\"name\": \"IntDistribution\", \"attributes\": {\"log\": false, \"step\": 1, \"low\": 5, \"high\": 5}}"}
{"op_code":5,"worker_id":"e3061be4-5712-4019-b215-55b13fed058b-139811400396800","trial_id":71,"param_name":"fast_lr","param_value_internal":0.44619631223758766,"distribution":"{\"name\": \"FloatDistribution\", \"attributes\": {\"step\": null, \"low\": 0.01, \"high\": 5.0, \"log\": true}}"}
{"op_code":5,"worker_id":"e3061be4-5712-4019-b215-55b13fed058b-139811400396800","trial_id":71,"param_name":"tau_sec","param_value_internal":0.0,"distribution":"{\"name\": \"FloatDistribution\", \"attributes\": {\"step\": null, \"low\": 0.0, \"high\": 0.0, \"log\": false}}"}
{"op_code":5,"worker_id":"e3061be4-5712-4019-b215-55b13fed058b-139811400396800","trial_id":71,"param_name":"ab_dw_min","param_value_internal":0.0004883,"distribution":"{\"name\": \"FloatDistribution\", \"attributes\": {\"step\": null, \"low\": 0.0004883, \"high\": 0.0004883, \"log\": true}}"}
{"op_code":5,"worker_id":"e3061be4-5712-4019-b215-55b13fed058b-139811400396800","trial_id":71,"param_name":"ab_desired_bl","param_value_internal":31.0,"distribution":"{\"name\": \"IntDistribution\", \"attributes\": {\"log\": false, \"step\": 1, \"low\": 31, \"high\": 31}}"}
{"op_code":5,"worker_id":"e3061be4-5712-4019-b215-55b13fed058b-139811400396800","trial_id":71,"param_name":"c_dw_min","param_value_internal":0.001953,"distribution":"{\"name\": \"FloatDistribution\", \"attributes\": {\"step\": null, \"low\": 0.001953, \"high\": 0.001953, \"log\": true}}"}
{"op_code":5,"worker_id":"e3061be4-5712-4019-b215-55b13fed058b-139811400396800","trial_id":71,"param_name":"c_desired_bl","param_value_internal":31.0,"distribution":"{\"name\": \"IntDistribution\", \"attributes\": {\"log\": false, \"step\": 1, \"low\": 31, \"high\": 31}}"}
{"op_code":5,"worker_id":"e3061be4-5712-4019-b215-55b13fed058b-139811400396800","trial_id":71,"param_name":"out_noise","param_value_internal":0.0,"distribution":"{\"name\": \"FloatDistribution\", \"attributes\": {\"step\": null, \"low\": 0.0, \"high\": 0.0, \"log\": false}}"}
{"op_code":5,"worker_id":"e3061be4-5712-4019-b215-55b13fed058b-139811400396800","trial_id":71,"param_name":"ab_weight_scaling_omega","param_value_internal":0.0,"distribution":"{\"name\": \"FloatDistribution\", \"attributes\": {\"step\": null, \"low\": 0.0, \"high\": 0.0, \"log\": false}}"}
{"op_code":5,"worker_id":"e3061be4-5712-4019-b215-55b13fed058b-139811400396800","trial_id":71,"param_name":"min_lr_rate","param_value_internal":0.0,"distribution":"{\"name\": \"FloatDistribution\", \"attributes\": {\"step\": null, \"low\": 0.0, \"high\": 0.0, \"log\": false}}"}
{"op_code":8,"worker_id":"e3061be4-5712-4019-b215-55b13fed058b-139811400396800","trial_id":71,"user_attr":{"grad_accum_steps":1}}
{"op_code":8,"worker_id":"e3061be4-5712-4019-b215-55b13fed058b-139811400396800","trial_id":71,"user_attr":{"error":"CUDA_CALL Error 'out of memory' at cuda_util.cu:978\n"}}
{"op_code":6,"worker_id":"e3061be4-5712-4019-b215-55b13fed058b-139811400396800","trial_id":71,"state":3,"values":null,"datetime_complete":"2026-04-30T12:52:09.642912"}
{"op_code":0,"worker_id":"f7bcc0b4-77ed-4ca1-9895-a8ca8c05d7ce-140392929742848","study_name":"bert_squad_lrtt_bs48_adam_decay_nowd_nomom_nonest_onehot_a6t1c_bconstantstep6t1cgamma_cconstantstepideal_perfect_noos_qkvo_5ep","directions":[2]}
{"op_code":4,"worker_id":"f7bcc0b4-77ed-4ca1-9895-a8ca8c05d7ce-140392929742848","study_id":0,"datetime_start":null,"state":4,"value":null,"values":null,"distributions":{},"params":{},"user_attrs":{},"system_attrs":{"fixed_params":{"learning_rate":0.002419894788377361,"transfer_lr":0.11873739550952706,"transfer_every":1,"rank_exp":5,"fast_lr":0.44619631223758766,"tau_sec":0.0,"ab_dw_min":0.0004883,"ab_desired_bl":31,"c_dw_min":0.001953,"c_desired_bl":31,"out_noise":0.0,"ab_weight_scaling_omega":0.0,"min_lr_rate":0.0}},"intermediate_values":{}}
{"op_code":6,"worker_id":"f7bcc0b4-77ed-4ca1-9895-a8ca8c05d7ce-140392929742848","trial_id":72,"state":0,"values":null,"datetime_start":"2026-04-30T12:52:20.210843"}
{"op_code":5,"worker_id":"f7bcc0b4-77ed-4ca1-9895-a8ca8c05d7ce-140392929742848","trial_id":72,"param_name":"learning_rate","param_value_internal":0.002419894788377361,"distribution":"{\"name\": \"FloatDistribution\", \"attributes\": {\"step\": null, \"low\": 0.0001, \"high\": 0.05, \"log\": true}}"}
{"op_code":5,"worker_id":"f7bcc0b4-77ed-4ca1-9895-a8ca8c05d7ce-140392929742848","trial_id":72,"param_name":"transfer_lr","param_value_internal":0.11873739550952706,"distribution":"{\"name\": \"FloatDistribution\", \"attributes\": {\"step\": null, \"low\": 0.009, \"high\": 5.0, \"log\": true}}"}
{"op_code":5,"worker_id":"f7bcc0b4-77ed-4ca1-9895-a8ca8c05d7ce-140392929742848","trial_id":72,"param_name":"transfer_every","param_value_internal":1.0,"distribution":"{\"name\": \"IntDistribution\", \"attributes\": {\"log\": true, \"step\": 1, \"low\": 1, \"high\": 20}}"}
{"op_code":5,"worker_id":"f7bcc0b4-77ed-4ca1-9895-a8ca8c05d7ce-140392929742848","trial_id":72,"param_name":"rank_exp","param_value_internal":5.0,"distribution":"{\"name\": \"IntDistribution\", \"attributes\": {\"log\": false, \"step\": 1, \"low\": 5, \"high\": 5}}"}
{"op_code":5,"worker_id":"f7bcc0b4-77ed-4ca1-9895-a8ca8c05d7ce-140392929742848","trial_id":72,"param_name":"fast_lr","param_value_internal":0.44619631223758766,"distribution":"{\"name\": \"FloatDistribution\", \"attributes\": {\"step\": null, \"low\": 0.01, \"high\": 5.0, \"log\": true}}"}
{"op_code":5,"worker_id":"f7bcc0b4-77ed-4ca1-9895-a8ca8c05d7ce-140392929742848","trial_id":72,"param_name":"tau_sec","param_value_internal":0.0,"distribution":"{\"name\": \"FloatDistribution\", \"attributes\": {\"step\": null, \"low\": 0.0, \"high\": 0.0, \"log\": false}}"}
{"op_code":5,"worker_id":"f7bcc0b4-77ed-4ca1-9895-a8ca8c05d7ce-140392929742848","trial_id":72,"param_name":"ab_dw_min","param_value_internal":0.0004883,"distribution":"{\"name\": \"FloatDistribution\", \"attributes\": {\"step\": null, \"low\": 0.0004883, \"high\": 0.0004883, \"log\": true}}"}
{"op_code":5,"worker_id":"f7bcc0b4-77ed-4ca1-9895-a8ca8c05d7ce-140392929742848","trial_id":72,"param_name":"ab_desired_bl","param_value_internal":31.0,"distribution":"{\"name\": \"IntDistribution\", \"attributes\": {\"log\": false, \"step\": 1, \"low\": 31, \"high\": 31}}"}
{"op_code":5,"worker_id":"f7bcc0b4-77ed-4ca1-9895-a8ca8c05d7ce-140392929742848","trial_id":72,"param_name":"c_dw_min","param_value_internal":0.001953,"distribution":"{\"name\": \"FloatDistribution\", \"attributes\": {\"step\": null, \"low\": 0.001953, \"high\": 0.001953, \"log\": true}}"}
{"op_code":5,"worker_id":"f7bcc0b4-77ed-4ca1-9895-a8ca8c05d7ce-140392929742848","trial_id":72,"param_name":"c_desired_bl","param_value_internal":31.0,"distribution":"{\"name\": \"IntDistribution\", \"attributes\": {\"log\": false, \"step\": 1, \"low\": 31, \"high\": 31}}"}
{"op_code":5,"worker_id":"f7bcc0b4-77ed-4ca1-9895-a8ca8c05d7ce-140392929742848","trial_id":72,"param_name":"out_noise","param_value_internal":0.0,"distribution":"{\"name\": \"FloatDistribution\", \"attributes\": {\"step\": null, \"low\": 0.0, \"high\": 0.0, \"log\": false}}"}
{"op_code":5,"worker_id":"f7bcc0b4-77ed-4ca1-9895-a8ca8c05d7ce-140392929742848","trial_id":72,"param_name":"ab_weight_scaling_omega","param_value_internal":0.0,"distribution":"{\"name\": \"FloatDistribution\", \"attributes\": {\"step\": null, \"low\": 0.0, \"high\": 0.0, \"log\": false}}"}
{"op_code":5,"worker_id":"f7bcc0b4-77ed-4ca1-9895-a8ca8c05d7ce-140392929742848","trial_id":72,"param_name":"min_lr_rate","param_value_internal":0.0,"distribution":"{\"name\": \"FloatDistribution\", \"attributes\": {\"step\": null, \"low\": 0.0, \"high\": 0.0, \"log\": false}}"}
{"op_code":8,"worker_id":"f7bcc0b4-77ed-4ca1-9895-a8ca8c05d7ce-140392929742848","trial_id":72,"user_attr":{"grad_accum_steps":2}}
{"op_code":7,"worker_id":"d98d879f-8e33-44bb-aaf9-5683dede7589-140523539181568","trial_id":70,"step":1,"intermediate_value":80.0782781002894}
{"op_code":8,"worker_id":"d98d879f-8e33-44bb-aaf9-5683dede7589-140523539181568","trial_id":70,"user_attr":{"train_loss_epoch_1":1.9749919692029152}}
{"op_code":7,"worker_id":"f7bcc0b4-77ed-4ca1-9895-a8ca8c05d7ce-140392929742848","trial_id":72,"step":1,"intermediate_value":79.29163341066695}
{"op_code":8,"worker_id":"f7bcc0b4-77ed-4ca1-9895-a8ca8c05d7ce-140392929742848","trial_id":72,"user_attr":{"train_loss_epoch_1":1.9922180358198285}}
{"op_code":7,"worker_id":"d98d879f-8e33-44bb-aaf9-5683dede7589-140523539181568","trial_id":70,"step":2,"intermediate_value":82.53607601445052}
{"op_code":8,"worker_id":"d98d879f-8e33-44bb-aaf9-5683dede7589-140523539181568","trial_id":70,"user_attr":{"train_loss_epoch_2":1.3318068836439594}}
{"op_code":7,"worker_id":"f7bcc0b4-77ed-4ca1-9895-a8ca8c05d7ce-140392929742848","trial_id":72,"step":2,"intermediate_value":82.59202339797989}
{"op_code":8,"worker_id":"f7bcc0b4-77ed-4ca1-9895-a8ca8c05d7ce-140392929742848","trial_id":72,"user_attr":{"train_loss_epoch_2":1.3361164345654668}}
{"op_code":7,"worker_id":"d98d879f-8e33-44bb-aaf9-5683dede7589-140523539181568","trial_id":70,"step":3,"intermediate_value":83.41389038856457}
{"op_code":8,"worker_id":"d98d879f-8e33-44bb-aaf9-5683dede7589-140523539181568","trial_id":70,"user_attr":{"train_loss_epoch_3":1.2175950388275187}}
{"op_code":7,"worker_id":"f7bcc0b4-77ed-4ca1-9895-a8ca8c05d7ce-140392929742848","trial_id":72,"step":3,"intermediate_value":83.30285032804811}
{"op_code":8,"worker_id":"f7bcc0b4-77ed-4ca1-9895-a8ca8c05d7ce-140392929742848","trial_id":72,"user_attr":{"train_loss_epoch_3":1.2265159202465425}}
{"op_code":7,"worker_id":"d98d879f-8e33-44bb-aaf9-5683dede7589-140523539181568","trial_id":70,"step":4,"intermediate_value":84.02804933109478}
{"op_code":8,"worker_id":"d98d879f-8e33-44bb-aaf9-5683dede7589-140523539181568","trial_id":70,"user_attr":{"train_loss_epoch_4":1.1478591286393038}}
{"op_code":7,"worker_id":"f7bcc0b4-77ed-4ca1-9895-a8ca8c05d7ce-140392929742848","trial_id":72,"step":4,"intermediate_value":83.82083382890379}
{"op_code":8,"worker_id":"f7bcc0b4-77ed-4ca1-9895-a8ca8c05d7ce-140392929742848","trial_id":72,"user_attr":{"train_loss_epoch_4":1.1542944706093816}}
{"op_code":7,"worker_id":"d98d879f-8e33-44bb-aaf9-5683dede7589-140523539181568","trial_id":70,"step":5,"intermediate_value":84.49646528666723}
{"op_code":8,"worker_id":"d98d879f-8e33-44bb-aaf9-5683dede7589-140523539181568","trial_id":70,"user_attr":{"train_loss_epoch_5":1.099877855545137}}
{"op_code":6,"worker_id":"d98d879f-8e33-44bb-aaf9-5683dede7589-140523539181568","trial_id":70,"state":1,"values":[84.49646528666723],"datetime_complete":"2026-04-30T14:56:47.594551"}
{"op_code":4,"worker_id":"d98d879f-8e33-44bb-aaf9-5683dede7589-140523539181568","study_id":0,"datetime_start":"2026-04-30T14:56:47.596098"}
{"op_code":5,"worker_id":"d98d879f-8e33-44bb-aaf9-5683dede7589-140523539181568","trial_id":73,"param_name":"learning_rate","param_value_internal":0.002694689375692648,"distribution":"{\"name\": \"FloatDistribution\", \"attributes\": {\"step\": null, \"low\": 0.0001, \"high\": 0.05, \"log\": true}}"}
{"op_code":5,"worker_id":"d98d879f-8e33-44bb-aaf9-5683dede7589-140523539181568","trial_id":73,"param_name":"transfer_lr","param_value_internal":0.12306291618784042,"distribution":"{\"name\": \"FloatDistribution\", \"attributes\": {\"step\": null, \"low\": 0.009, \"high\": 5.0, \"log\": true}}"}
{"op_code":5,"worker_id":"d98d879f-8e33-44bb-aaf9-5683dede7589-140523539181568","trial_id":73,"param_name":"transfer_every","param_value_internal":4.0,"distribution":"{\"name\": \"IntDistribution\", \"attributes\": {\"log\": true, \"step\": 1, \"low\": 1, \"high\": 20}}"}
{"op_code":5,"worker_id":"d98d879f-8e33-44bb-aaf9-5683dede7589-140523539181568","trial_id":73,"param_name":"rank_exp","param_value_internal":5.0,"distribution":"{\"name\": \"IntDistribution\", \"attributes\": {\"log\": false, \"step\": 1, \"low\": 5, \"high\": 5}}"}
{"op_code":5,"worker_id":"d98d879f-8e33-44bb-aaf9-5683dede7589-140523539181568","trial_id":73,"param_name":"fast_lr","param_value_internal":0.18350044535599178,"distribution":"{\"name\": \"FloatDistribution\", \"attributes\": {\"step\": null, \"low\": 0.01, \"high\": 5.0, \"log\": true}}"}
{"op_code":5,"worker_id":"d98d879f-8e33-44bb-aaf9-5683dede7589-140523539181568","trial_id":73,"param_name":"tau_sec","param_value_internal":0.0,"distribution":"{\"name\": \"FloatDistribution\", \"attributes\": {\"step\": null, \"low\": 0.0, \"high\": 0.0, \"log\": false}}"}
{"op_code":5,"worker_id":"d98d879f-8e33-44bb-aaf9-5683dede7589-140523539181568","trial_id":73,"param_name":"ab_dw_min","param_value_internal":0.0004883,"distribution":"{\"name\": \"FloatDistribution\", \"attributes\": {\"step\": null, \"low\": 0.0004883, \"high\": 0.0004883, \"log\": true}}"}
{"op_code":5,"worker_id":"d98d879f-8e33-44bb-aaf9-5683dede7589-140523539181568","trial_id":73,"param_name":"ab_desired_bl","param_value_internal":31.0,"distribution":"{\"name\": \"IntDistribution\", \"attributes\": {\"log\": false, \"step\": 1, \"low\": 31, \"high\": 31}}"}
{"op_code":5,"worker_id":"d98d879f-8e33-44bb-aaf9-5683dede7589-140523539181568","trial_id":73,"param_name":"c_dw_min","param_value_internal":0.001953,"distribution":"{\"name\": \"FloatDistribution\", \"attributes\": {\"step\": null, \"low\": 0.001953, \"high\": 0.001953, \"log\": true}}"}
{"op_code":5,"worker_id":"d98d879f-8e33-44bb-aaf9-5683dede7589-140523539181568","trial_id":73,"param_name":"c_desired_bl","param_value_internal":31.0,"distribution":"{\"name\": \"IntDistribution\", \"attributes\": {\"log\": false, \"step\": 1, \"low\": 31, \"high\": 31}}"}
{"op_code":5,"worker_id":"d98d879f-8e33-44bb-aaf9-5683dede7589-140523539181568","trial_id":73,"param_name":"out_noise","param_value_internal":0.0,"distribution":"{\"name\": \"FloatDistribution\", \"attributes\": {\"step\": null, \"low\": 0.0, \"high\": 0.0, \"log\": false}}"}
{"op_code":5,"worker_id":"d98d879f-8e33-44bb-aaf9-5683dede7589-140523539181568","trial_id":73,"param_name":"ab_weight_scaling_omega","param_value_internal":0.0,"distribution":"{\"name\": \"FloatDistribution\", \"attributes\": {\"step\": null, \"low\": 0.0, \"high\": 0.0, \"log\": false}}"}
{"op_code":5,"worker_id":"d98d879f-8e33-44bb-aaf9-5683dede7589-140523539181568","trial_id":73,"param_name":"min_lr_rate","param_value_internal":0.0,"distribution":"{\"name\": \"FloatDistribution\", \"attributes\": {\"step\": null, \"low\": 0.0, \"high\": 0.0, \"log\": false}}"}
{"op_code":8,"worker_id":"d98d879f-8e33-44bb-aaf9-5683dede7589-140523539181568","trial_id":73,"user_attr":{"grad_accum_steps":1}}
{"op_code":6,"worker_id":"f7bcc0b4-77ed-4ca1-9895-a8ca8c05d7ce-140392929742848","trial_id":72,"state":3,"values":null,"datetime_complete":"2026-04-30T14:57:19.482229"}
{"op_code":6,"worker_id":"d98d879f-8e33-44bb-aaf9-5683dede7589-140523539181568","trial_id":73,"state":3,"values":null,"datetime_complete":"2026-04-30T14:57:21.244129"}
