{"op_code":0,"worker_id":"ac642013-483b-4f0c-b211-80a699ddb0ed-140378070999040","study_name":"bert_squad_lrtt_bs48_adam_hybrid_nowd_nomom_nonest_set_perfect_noos_as-separate_cgm_qkvo_5ep","directions":[2]}
{"op_code":4,"worker_id":"ac642013-483b-4f0c-b211-80a699ddb0ed-140378070999040","study_id":0,"datetime_start":"2026-03-06T17:47:58.193475"}
{"op_code":5,"worker_id":"ac642013-483b-4f0c-b211-80a699ddb0ed-140378070999040","trial_id":0,"param_name":"learning_rate","param_value_internal":0.0011513482972922268,"distribution":"{\"name\": \"FloatDistribution\", \"attributes\": {\"step\": null, \"low\": 0.0001, \"high\": 0.02, \"log\": true}}"}
{"op_code":5,"worker_id":"ac642013-483b-4f0c-b211-80a699ddb0ed-140378070999040","trial_id":0,"param_name":"transfer_lr","param_value_internal":0.0015506732077305396,"distribution":"{\"name\": \"FloatDistribution\", \"attributes\": {\"step\": null, \"low\": 0.0005, \"high\": 10000.0, \"log\": true}}"}
{"op_code":5,"worker_id":"ac642013-483b-4f0c-b211-80a699ddb0ed-140378070999040","trial_id":0,"param_name":"transfer_every","param_value_internal":6.0,"distribution":"{\"name\": \"IntDistribution\", \"attributes\": {\"log\": true, \"step\": 1, \"low\": 1, \"high\": 500}}"}
{"op_code":5,"worker_id":"ac642013-483b-4f0c-b211-80a699ddb0ed-140378070999040","trial_id":0,"param_name":"rank_exp","param_value_internal":2.0,"distribution":"{\"name\": \"IntDistribution\", \"attributes\": {\"log\": false, \"step\": 1, \"low\": 0, \"high\": 7}}"}
{"op_code":5,"worker_id":"ac642013-483b-4f0c-b211-80a699ddb0ed-140378070999040","trial_id":0,"param_name":"fast_lr","param_value_internal":0.3189706121738784,"distribution":"{\"name\": \"FloatDistribution\", \"attributes\": {\"step\": null, \"low\": 0.1, \"high\": 1.0, \"log\": true}}"}
{"op_code":5,"worker_id":"ac642013-483b-4f0c-b211-80a699ddb0ed-140378070999040","trial_id":0,"param_name":"tau_sec","param_value_internal":0.0,"distribution":"{\"name\": \"FloatDistribution\", \"attributes\": {\"step\": null, \"low\": 0.0, \"high\": 0.0, \"log\": false}}"}
{"op_code":5,"worker_id":"ac642013-483b-4f0c-b211-80a699ddb0ed-140378070999040","trial_id":0,"param_name":"out_noise","param_value_internal":0.0,"distribution":"{\"name\": \"FloatDistribution\", \"attributes\": {\"step\": null, \"low\": 0.0, \"high\": 0.0, \"log\": false}}"}
{"op_code":5,"worker_id":"ac642013-483b-4f0c-b211-80a699ddb0ed-140378070999040","trial_id":0,"param_name":"ab_weight_scaling_omega","param_value_internal":0.0,"distribution":"{\"name\": \"FloatDistribution\", \"attributes\": {\"step\": null, \"low\": 0.0, \"high\": 0.0, \"log\": false}}"}
{"op_code":5,"worker_id":"ac642013-483b-4f0c-b211-80a699ddb0ed-140378070999040","trial_id":0,"param_name":"min_lr_rate","param_value_internal":0.0,"distribution":"{\"name\": \"FloatDistribution\", \"attributes\": {\"step\": null, \"low\": 0.0, \"high\": 0.0, \"log\": false}}"}
{"op_code":8,"worker_id":"ac642013-483b-4f0c-b211-80a699ddb0ed-140378070999040","trial_id":0,"user_attr":{"error":"CUDA_CALL Error 'out of memory' at cuda_util.cu:978\n"}}
{"op_code":6,"worker_id":"ac642013-483b-4f0c-b211-80a699ddb0ed-140378070999040","trial_id":0,"state":3,"values":null,"datetime_complete":"2026-03-06T17:51:45.636527"}
{"op_code":0,"worker_id":"5b4dbc8b-fad7-410a-b76f-bb98cf68f53a-140523156434944","study_name":"bert_squad_lrtt_bs48_adam_hybrid_nowd_nomom_nonest_set_perfect_noos_as-separate_cgm_qkvo_5ep","directions":[2]}
{"op_code":4,"worker_id":"5b4dbc8b-fad7-410a-b76f-bb98cf68f53a-140523156434944","study_id":0,"datetime_start":null,"state":4,"value":null,"values":null,"distributions":{},"params":{},"user_attrs":{},"system_attrs":{"fixed_params":{"learning_rate":0.0011513482972922268,"transfer_lr":0.0015506732077305396,"transfer_every":6,"rank_exp":2,"fast_lr":0.3189706121738784,"tau_sec":0.0,"out_noise":0.0,"ab_weight_scaling_omega":0.0,"min_lr_rate":0.0}},"intermediate_values":{}}
{"op_code":6,"worker_id":"5b4dbc8b-fad7-410a-b76f-bb98cf68f53a-140523156434944","trial_id":1,"state":0,"values":null,"datetime_start":"2026-03-06T17:52:02.524380"}
{"op_code":5,"worker_id":"5b4dbc8b-fad7-410a-b76f-bb98cf68f53a-140523156434944","trial_id":1,"param_name":"learning_rate","param_value_internal":0.0011513482972922268,"distribution":"{\"name\": \"FloatDistribution\", \"attributes\": {\"step\": null, \"low\": 0.0001, \"high\": 0.02, \"log\": true}}"}
{"op_code":5,"worker_id":"5b4dbc8b-fad7-410a-b76f-bb98cf68f53a-140523156434944","trial_id":1,"param_name":"transfer_lr","param_value_internal":0.0015506732077305396,"distribution":"{\"name\": \"FloatDistribution\", \"attributes\": {\"step\": null, \"low\": 0.0005, \"high\": 10000.0, \"log\": true}}"}
{"op_code":5,"worker_id":"5b4dbc8b-fad7-410a-b76f-bb98cf68f53a-140523156434944","trial_id":1,"param_name":"transfer_every","param_value_internal":6.0,"distribution":"{\"name\": \"IntDistribution\", \"attributes\": {\"log\": true, \"step\": 1, \"low\": 1, \"high\": 500}}"}
{"op_code":5,"worker_id":"5b4dbc8b-fad7-410a-b76f-bb98cf68f53a-140523156434944","trial_id":1,"param_name":"rank_exp","param_value_internal":2.0,"distribution":"{\"name\": \"IntDistribution\", \"attributes\": {\"log\": false, \"step\": 1, \"low\": 0, \"high\": 7}}"}
{"op_code":5,"worker_id":"5b4dbc8b-fad7-410a-b76f-bb98cf68f53a-140523156434944","trial_id":1,"param_name":"fast_lr","param_value_internal":0.3189706121738784,"distribution":"{\"name\": \"FloatDistribution\", \"attributes\": {\"step\": null, \"low\": 0.1, \"high\": 1.0, \"log\": true}}"}
{"op_code":5,"worker_id":"5b4dbc8b-fad7-410a-b76f-bb98cf68f53a-140523156434944","trial_id":1,"param_name":"tau_sec","param_value_internal":0.0,"distribution":"{\"name\": \"FloatDistribution\", \"attributes\": {\"step\": null, \"low\": 0.0, \"high\": 0.0, \"log\": false}}"}
{"op_code":5,"worker_id":"5b4dbc8b-fad7-410a-b76f-bb98cf68f53a-140523156434944","trial_id":1,"param_name":"out_noise","param_value_internal":0.0,"distribution":"{\"name\": \"FloatDistribution\", \"attributes\": {\"step\": null, \"low\": 0.0, \"high\": 0.0, \"log\": false}}"}
{"op_code":5,"worker_id":"5b4dbc8b-fad7-410a-b76f-bb98cf68f53a-140523156434944","trial_id":1,"param_name":"ab_weight_scaling_omega","param_value_internal":0.0,"distribution":"{\"name\": \"FloatDistribution\", \"attributes\": {\"step\": null, \"low\": 0.0, \"high\": 0.0, \"log\": false}}"}
{"op_code":5,"worker_id":"5b4dbc8b-fad7-410a-b76f-bb98cf68f53a-140523156434944","trial_id":1,"param_name":"min_lr_rate","param_value_internal":0.0,"distribution":"{\"name\": \"FloatDistribution\", \"attributes\": {\"step\": null, \"low\": 0.0, \"high\": 0.0, \"log\": false}}"}
{"op_code":7,"worker_id":"5b4dbc8b-fad7-410a-b76f-bb98cf68f53a-140523156434944","trial_id":1,"step":1,"intermediate_value":72.76133900272195}
{"op_code":8,"worker_id":"5b4dbc8b-fad7-410a-b76f-bb98cf68f53a-140523156434944","trial_id":1,"user_attr":{"train_loss_epoch_1":2.4070814578602326}}
{"op_code":7,"worker_id":"5b4dbc8b-fad7-410a-b76f-bb98cf68f53a-140523156434944","trial_id":1,"step":2,"intermediate_value":75.67455093862328}
{"op_code":8,"worker_id":"5b4dbc8b-fad7-410a-b76f-bb98cf68f53a-140523156434944","trial_id":1,"user_attr":{"train_loss_epoch_2":1.6860409430224388}}
{"op_code":7,"worker_id":"5b4dbc8b-fad7-410a-b76f-bb98cf68f53a-140523156434944","trial_id":1,"step":3,"intermediate_value":76.8207247274559}
{"op_code":8,"worker_id":"5b4dbc8b-fad7-410a-b76f-bb98cf68f53a-140523156434944","trial_id":1,"user_attr":{"train_loss_epoch_3":1.6072197516910038}}
{"op_code":7,"worker_id":"5b4dbc8b-fad7-410a-b76f-bb98cf68f53a-140523156434944","trial_id":1,"step":4,"intermediate_value":77.42011119360768}
{"op_code":8,"worker_id":"5b4dbc8b-fad7-410a-b76f-bb98cf68f53a-140523156434944","trial_id":1,"user_attr":{"train_loss_epoch_4":1.5649696722945794}}
{"op_code":7,"worker_id":"5b4dbc8b-fad7-410a-b76f-bb98cf68f53a-140523156434944","trial_id":1,"step":5,"intermediate_value":77.6654188859825}
{"op_code":8,"worker_id":"5b4dbc8b-fad7-410a-b76f-bb98cf68f53a-140523156434944","trial_id":1,"user_attr":{"train_loss_epoch_5":1.539214188537484}}
{"op_code":6,"worker_id":"5b4dbc8b-fad7-410a-b76f-bb98cf68f53a-140523156434944","trial_id":1,"state":1,"values":[77.6654188859825],"datetime_complete":"2026-03-06T21:16:49.212545"}
{"op_code":0,"worker_id":"b878d4b1-f865-4304-a551-4e8105ea1165-139889787129856","study_name":"bert_squad_lrtt_bs48_adam_hybrid_nowd_nomom_nonest_set_perfect_noos_as-separate_cgm_qkvo_5ep","directions":[2]}
{"op_code":4,"worker_id":"b878d4b1-f865-4304-a551-4e8105ea1165-139889787129856","study_id":0,"datetime_start":"2026-03-06T21:16:59.351998"}
{"op_code":5,"worker_id":"b878d4b1-f865-4304-a551-4e8105ea1165-139889787129856","trial_id":2,"param_name":"learning_rate","param_value_internal":0.002706028321364076,"distribution":"{\"name\": \"FloatDistribution\", \"attributes\": {\"step\": null, \"low\": 0.0001, \"high\": 0.02, \"log\": true}}"}
{"op_code":5,"worker_id":"b878d4b1-f865-4304-a551-4e8105ea1165-139889787129856","trial_id":2,"param_name":"transfer_lr","param_value_internal":66.79138296258046,"distribution":"{\"name\": \"FloatDistribution\", \"attributes\": {\"step\": null, \"low\": 0.0005, \"high\": 10000.0, \"log\": true}}"}
{"op_code":5,"worker_id":"b878d4b1-f865-4304-a551-4e8105ea1165-139889787129856","trial_id":2,"param_name":"transfer_every","param_value_internal":13.0,"distribution":"{\"name\": \"IntDistribution\", \"attributes\": {\"log\": true, \"step\": 1, \"low\": 1, \"high\": 500}}"}
{"op_code":5,"worker_id":"b878d4b1-f865-4304-a551-4e8105ea1165-139889787129856","trial_id":2,"param_name":"rank_exp","param_value_internal":6.0,"distribution":"{\"name\": \"IntDistribution\", \"attributes\": {\"log\": false, \"step\": 1, \"low\": 0, \"high\": 7}}"}
{"op_code":5,"worker_id":"b878d4b1-f865-4304-a551-4e8105ea1165-139889787129856","trial_id":2,"param_name":"fast_lr","param_value_internal":0.13669296192376557,"distribution":"{\"name\": \"FloatDistribution\", \"attributes\": {\"step\": null, \"low\": 0.1, \"high\": 1.0, \"log\": true}}"}
{"op_code":5,"worker_id":"b878d4b1-f865-4304-a551-4e8105ea1165-139889787129856","trial_id":2,"param_name":"tau_sec","param_value_internal":0.0,"distribution":"{\"name\": \"FloatDistribution\", \"attributes\": {\"step\": null, \"low\": 0.0, \"high\": 0.0, \"log\": false}}"}
{"op_code":5,"worker_id":"b878d4b1-f865-4304-a551-4e8105ea1165-139889787129856","trial_id":2,"param_name":"out_noise","param_value_internal":0.0,"distribution":"{\"name\": \"FloatDistribution\", \"attributes\": {\"step\": null, \"low\": 0.0, \"high\": 0.0, \"log\": false}}"}
{"op_code":5,"worker_id":"b878d4b1-f865-4304-a551-4e8105ea1165-139889787129856","trial_id":2,"param_name":"ab_weight_scaling_omega","param_value_internal":0.0,"distribution":"{\"name\": \"FloatDistribution\", \"attributes\": {\"step\": null, \"low\": 0.0, \"high\": 0.0, \"log\": false}}"}
{"op_code":5,"worker_id":"b878d4b1-f865-4304-a551-4e8105ea1165-139889787129856","trial_id":2,"param_name":"min_lr_rate","param_value_internal":0.0,"distribution":"{\"name\": \"FloatDistribution\", \"attributes\": {\"step\": null, \"low\": 0.0, \"high\": 0.0, \"log\": false}}"}
{"op_code":8,"worker_id":"b878d4b1-f865-4304-a551-4e8105ea1165-139889787129856","trial_id":2,"user_attr":{"error":"CUDA_CALL Error 'out of memory' at cuda_util.cu:978\n"}}
{"op_code":6,"worker_id":"b878d4b1-f865-4304-a551-4e8105ea1165-139889787129856","trial_id":2,"state":3,"values":null,"datetime_complete":"2026-03-06T21:19:40.555847"}
{"op_code":0,"worker_id":"7d3876bd-daa3-4462-89e5-7bf337b5cc8f-140347445940224","study_name":"bert_squad_lrtt_bs48_adam_hybrid_nowd_nomom_nonest_set_perfect_noos_as-separate_cgm_qkvo_5ep","directions":[2]}
{"op_code":4,"worker_id":"7d3876bd-daa3-4462-89e5-7bf337b5cc8f-140347445940224","study_id":0,"datetime_start":null,"state":4,"value":null,"values":null,"distributions":{},"params":{},"user_attrs":{},"system_attrs":{"fixed_params":{"learning_rate":0.002706028321364076,"transfer_lr":66.79138296258046,"transfer_every":13,"rank_exp":6,"fast_lr":0.13669296192376557,"tau_sec":0.0,"out_noise":0.0,"ab_weight_scaling_omega":0.0,"min_lr_rate":0.0}},"intermediate_values":{}}
{"op_code":6,"worker_id":"7d3876bd-daa3-4462-89e5-7bf337b5cc8f-140347445940224","trial_id":3,"state":0,"values":null,"datetime_start":"2026-03-06T21:19:51.180139"}
{"op_code":5,"worker_id":"7d3876bd-daa3-4462-89e5-7bf337b5cc8f-140347445940224","trial_id":3,"param_name":"learning_rate","param_value_internal":0.002706028321364076,"distribution":"{\"name\": \"FloatDistribution\", \"attributes\": {\"step\": null, \"low\": 0.0001, \"high\": 0.02, \"log\": true}}"}
{"op_code":5,"worker_id":"7d3876bd-daa3-4462-89e5-7bf337b5cc8f-140347445940224","trial_id":3,"param_name":"transfer_lr","param_value_internal":66.79138296258046,"distribution":"{\"name\": \"FloatDistribution\", \"attributes\": {\"step\": null, \"low\": 0.0005, \"high\": 10000.0, \"log\": true}}"}
{"op_code":5,"worker_id":"7d3876bd-daa3-4462-89e5-7bf337b5cc8f-140347445940224","trial_id":3,"param_name":"transfer_every","param_value_internal":13.0,"distribution":"{\"name\": \"IntDistribution\", \"attributes\": {\"log\": true, \"step\": 1, \"low\": 1, \"high\": 500}}"}
{"op_code":5,"worker_id":"7d3876bd-daa3-4462-89e5-7bf337b5cc8f-140347445940224","trial_id":3,"param_name":"rank_exp","param_value_internal":6.0,"distribution":"{\"name\": \"IntDistribution\", \"attributes\": {\"log\": false, \"step\": 1, \"low\": 0, \"high\": 7}}"}
{"op_code":5,"worker_id":"7d3876bd-daa3-4462-89e5-7bf337b5cc8f-140347445940224","trial_id":3,"param_name":"fast_lr","param_value_internal":0.13669296192376557,"distribution":"{\"name\": \"FloatDistribution\", \"attributes\": {\"step\": null, \"low\": 0.1, \"high\": 1.0, \"log\": true}}"}
{"op_code":5,"worker_id":"7d3876bd-daa3-4462-89e5-7bf337b5cc8f-140347445940224","trial_id":3,"param_name":"tau_sec","param_value_internal":0.0,"distribution":"{\"name\": \"FloatDistribution\", \"attributes\": {\"step\": null, \"low\": 0.0, \"high\": 0.0, \"log\": false}}"}
{"op_code":5,"worker_id":"7d3876bd-daa3-4462-89e5-7bf337b5cc8f-140347445940224","trial_id":3,"param_name":"out_noise","param_value_internal":0.0,"distribution":"{\"name\": \"FloatDistribution\", \"attributes\": {\"step\": null, \"low\": 0.0, \"high\": 0.0, \"log\": false}}"}
{"op_code":5,"worker_id":"7d3876bd-daa3-4462-89e5-7bf337b5cc8f-140347445940224","trial_id":3,"param_name":"ab_weight_scaling_omega","param_value_internal":0.0,"distribution":"{\"name\": \"FloatDistribution\", \"attributes\": {\"step\": null, \"low\": 0.0, \"high\": 0.0, \"log\": false}}"}
{"op_code":5,"worker_id":"7d3876bd-daa3-4462-89e5-7bf337b5cc8f-140347445940224","trial_id":3,"param_name":"min_lr_rate","param_value_internal":0.0,"distribution":"{\"name\": \"FloatDistribution\", \"attributes\": {\"step\": null, \"low\": 0.0, \"high\": 0.0, \"log\": false}}"}
{"op_code":7,"worker_id":"7d3876bd-daa3-4462-89e5-7bf337b5cc8f-140347445940224","trial_id":3,"step":1,"intermediate_value":8.99398394018206}
{"op_code":8,"worker_id":"7d3876bd-daa3-4462-89e5-7bf337b5cc8f-140347445940224","trial_id":3,"user_attr":{"train_loss_epoch_1":4.262706956620396}}
{"op_code":7,"worker_id":"7d3876bd-daa3-4462-89e5-7bf337b5cc8f-140347445940224","trial_id":3,"step":2,"intermediate_value":8.99398394018206}
{"op_code":8,"worker_id":"7d3876bd-daa3-4462-89e5-7bf337b5cc8f-140347445940224","trial_id":3,"user_attr":{"train_loss_epoch_2":4.454025990402644}}
{"op_code":7,"worker_id":"7d3876bd-daa3-4462-89e5-7bf337b5cc8f-140347445940224","trial_id":3,"step":3,"intermediate_value":8.99398394018206}
{"op_code":8,"worker_id":"7d3876bd-daa3-4462-89e5-7bf337b5cc8f-140347445940224","trial_id":3,"user_attr":{"train_loss_epoch_3":4.519417475283905}}
{"op_code":6,"worker_id":"7d3876bd-daa3-4462-89e5-7bf337b5cc8f-140347445940224","trial_id":3,"state":1,"values":[8.99398394018206],"datetime_complete":"2026-03-06T23:26:42.990196"}
{"op_code":0,"worker_id":"39e8005b-f2e1-4f53-89b8-af3ed894f568-140526583898112","study_name":"bert_squad_lrtt_bs48_adam_hybrid_nowd_nomom_nonest_set_perfect_noos_as-separate_cgm_qkvo_5ep","directions":[2]}
{"op_code":4,"worker_id":"39e8005b-f2e1-4f53-89b8-af3ed894f568-140526583898112","study_id":0,"datetime_start":"2026-03-06T23:26:53.453758"}
{"op_code":5,"worker_id":"39e8005b-f2e1-4f53-89b8-af3ed894f568-140526583898112","trial_id":4,"param_name":"learning_rate","param_value_internal":0.00479792806306451,"distribution":"{\"name\": \"FloatDistribution\", \"attributes\": {\"step\": null, \"low\": 0.0001, \"high\": 0.02, \"log\": true}}"}
{"op_code":5,"worker_id":"39e8005b-f2e1-4f53-89b8-af3ed894f568-140526583898112","trial_id":4,"param_name":"transfer_lr","param_value_internal":157.10455966490144,"distribution":"{\"name\": \"FloatDistribution\", \"attributes\": {\"step\": null, \"low\": 0.0005, \"high\": 10000.0, \"log\": true}}"}
{"op_code":5,"worker_id":"39e8005b-f2e1-4f53-89b8-af3ed894f568-140526583898112","trial_id":4,"param_name":"transfer_every","param_value_internal":19.0,"distribution":"{\"name\": \"IntDistribution\", \"attributes\": {\"log\": true, \"step\": 1, \"low\": 1, \"high\": 500}}"}
{"op_code":5,"worker_id":"39e8005b-f2e1-4f53-89b8-af3ed894f568-140526583898112","trial_id":4,"param_name":"rank_exp","param_value_internal":0.0,"distribution":"{\"name\": \"IntDistribution\", \"attributes\": {\"log\": false, \"step\": 1, \"low\": 0, \"high\": 7}}"}
{"op_code":5,"worker_id":"39e8005b-f2e1-4f53-89b8-af3ed894f568-140526583898112","trial_id":4,"param_name":"fast_lr","param_value_internal":0.12312006414014222,"distribution":"{\"name\": \"FloatDistribution\", \"attributes\": {\"step\": null, \"low\": 0.1, \"high\": 1.0, \"log\": true}}"}
{"op_code":5,"worker_id":"39e8005b-f2e1-4f53-89b8-af3ed894f568-140526583898112","trial_id":4,"param_name":"tau_sec","param_value_internal":0.0,"distribution":"{\"name\": \"FloatDistribution\", \"attributes\": {\"step\": null, \"low\": 0.0, \"high\": 0.0, \"log\": false}}"}
{"op_code":5,"worker_id":"39e8005b-f2e1-4f53-89b8-af3ed894f568-140526583898112","trial_id":4,"param_name":"out_noise","param_value_internal":0.0,"distribution":"{\"name\": \"FloatDistribution\", \"attributes\": {\"step\": null, \"low\": 0.0, \"high\": 0.0, \"log\": false}}"}
{"op_code":5,"worker_id":"39e8005b-f2e1-4f53-89b8-af3ed894f568-140526583898112","trial_id":4,"param_name":"ab_weight_scaling_omega","param_value_internal":0.0,"distribution":"{\"name\": \"FloatDistribution\", \"attributes\": {\"step\": null, \"low\": 0.0, \"high\": 0.0, \"log\": false}}"}
{"op_code":5,"worker_id":"39e8005b-f2e1-4f53-89b8-af3ed894f568-140526583898112","trial_id":4,"param_name":"min_lr_rate","param_value_internal":0.0,"distribution":"{\"name\": \"FloatDistribution\", \"attributes\": {\"step\": null, \"low\": 0.0, \"high\": 0.0, \"log\": false}}"}
{"op_code":8,"worker_id":"39e8005b-f2e1-4f53-89b8-af3ed894f568-140526583898112","trial_id":4,"user_attr":{"error":"CUDA_CALL Error 'out of memory' at cuda_util.cu:978\n"}}
{"op_code":6,"worker_id":"39e8005b-f2e1-4f53-89b8-af3ed894f568-140526583898112","trial_id":4,"state":3,"values":null,"datetime_complete":"2026-03-06T23:31:15.534499"}
{"op_code":0,"worker_id":"f2467938-461a-47e4-8d31-d594b3e62cc3-139784804397056","study_name":"bert_squad_lrtt_bs48_adam_hybrid_nowd_nomom_nonest_set_perfect_noos_as-separate_cgm_qkvo_5ep","directions":[2]}
{"op_code":4,"worker_id":"f2467938-461a-47e4-8d31-d594b3e62cc3-139784804397056","study_id":0,"datetime_start":null,"state":4,"value":null,"values":null,"distributions":{},"params":{},"user_attrs":{},"system_attrs":{"fixed_params":{"learning_rate":0.00479792806306451,"transfer_lr":157.10455966490144,"transfer_every":19,"rank_exp":0,"fast_lr":0.12312006414014222,"tau_sec":0.0,"out_noise":0.0,"ab_weight_scaling_omega":0.0,"min_lr_rate":0.0}},"intermediate_values":{}}
{"op_code":6,"worker_id":"f2467938-461a-47e4-8d31-d594b3e62cc3-139784804397056","trial_id":5,"state":0,"values":null,"datetime_start":"2026-03-06T23:31:25.583549"}
{"op_code":5,"worker_id":"f2467938-461a-47e4-8d31-d594b3e62cc3-139784804397056","trial_id":5,"param_name":"learning_rate","param_value_internal":0.00479792806306451,"distribution":"{\"name\": \"FloatDistribution\", \"attributes\": {\"step\": null, \"low\": 0.0001, \"high\": 0.02, \"log\": true}}"}
{"op_code":5,"worker_id":"f2467938-461a-47e4-8d31-d594b3e62cc3-139784804397056","trial_id":5,"param_name":"transfer_lr","param_value_internal":157.10455966490144,"distribution":"{\"name\": \"FloatDistribution\", \"attributes\": {\"step\": null, \"low\": 0.0005, \"high\": 10000.0, \"log\": true}}"}
{"op_code":5,"worker_id":"f2467938-461a-47e4-8d31-d594b3e62cc3-139784804397056","trial_id":5,"param_name":"transfer_every","param_value_internal":19.0,"distribution":"{\"name\": \"IntDistribution\", \"attributes\": {\"log\": true, \"step\": 1, \"low\": 1, \"high\": 500}}"}
{"op_code":5,"worker_id":"f2467938-461a-47e4-8d31-d594b3e62cc3-139784804397056","trial_id":5,"param_name":"rank_exp","param_value_internal":0.0,"distribution":"{\"name\": \"IntDistribution\", \"attributes\": {\"log\": false, \"step\": 1, \"low\": 0, \"high\": 7}}"}
{"op_code":5,"worker_id":"f2467938-461a-47e4-8d31-d594b3e62cc3-139784804397056","trial_id":5,"param_name":"fast_lr","param_value_internal":0.12312006414014222,"distribution":"{\"name\": \"FloatDistribution\", \"attributes\": {\"step\": null, \"low\": 0.1, \"high\": 1.0, \"log\": true}}"}
{"op_code":5,"worker_id":"f2467938-461a-47e4-8d31-d594b3e62cc3-139784804397056","trial_id":5,"param_name":"tau_sec","param_value_internal":0.0,"distribution":"{\"name\": \"FloatDistribution\", \"attributes\": {\"step\": null, \"low\": 0.0, \"high\": 0.0, \"log\": false}}"}
{"op_code":5,"worker_id":"f2467938-461a-47e4-8d31-d594b3e62cc3-139784804397056","trial_id":5,"param_name":"out_noise","param_value_internal":0.0,"distribution":"{\"name\": \"FloatDistribution\", \"attributes\": {\"step\": null, \"low\": 0.0, \"high\": 0.0, \"log\": false}}"}
{"op_code":5,"worker_id":"f2467938-461a-47e4-8d31-d594b3e62cc3-139784804397056","trial_id":5,"param_name":"ab_weight_scaling_omega","param_value_internal":0.0,"distribution":"{\"name\": \"FloatDistribution\", \"attributes\": {\"step\": null, \"low\": 0.0, \"high\": 0.0, \"log\": false}}"}
{"op_code":5,"worker_id":"f2467938-461a-47e4-8d31-d594b3e62cc3-139784804397056","trial_id":5,"param_name":"min_lr_rate","param_value_internal":0.0,"distribution":"{\"name\": \"FloatDistribution\", \"attributes\": {\"step\": null, \"low\": 0.0, \"high\": 0.0, \"log\": false}}"}
{"op_code":7,"worker_id":"f2467938-461a-47e4-8d31-d594b3e62cc3-139784804397056","trial_id":5,"step":1,"intermediate_value":9.032038284040079}
{"op_code":8,"worker_id":"f2467938-461a-47e4-8d31-d594b3e62cc3-139784804397056","trial_id":5,"user_attr":{"train_loss_epoch_1":4.137001565104417}}
{"op_code":7,"worker_id":"f2467938-461a-47e4-8d31-d594b3e62cc3-139784804397056","trial_id":5,"step":2,"intermediate_value":9.032038284040079}
{"op_code":8,"worker_id":"f2467938-461a-47e4-8d31-d594b3e62cc3-139784804397056","trial_id":5,"user_attr":{"train_loss_epoch_2":4.5297542868929845}}
{"op_code":7,"worker_id":"f2467938-461a-47e4-8d31-d594b3e62cc3-139784804397056","trial_id":5,"step":3,"intermediate_value":9.032038284040079}
{"op_code":8,"worker_id":"f2467938-461a-47e4-8d31-d594b3e62cc3-139784804397056","trial_id":5,"user_attr":{"train_loss_epoch_3":4.563979663057811}}
{"op_code":6,"worker_id":"f2467938-461a-47e4-8d31-d594b3e62cc3-139784804397056","trial_id":5,"state":1,"values":[9.032038284040079],"datetime_complete":"2026-03-07T01:32:19.336930"}
{"op_code":0,"worker_id":"10b56662-ea95-4249-b9c0-f53d9cfbbc03-139739133734912","study_name":"bert_squad_lrtt_bs48_adam_hybrid_nowd_nomom_nonest_set_perfect_noos_as-separate_cgm_qkvo_5ep","directions":[2]}
{"op_code":4,"worker_id":"10b56662-ea95-4249-b9c0-f53d9cfbbc03-139739133734912","study_id":0,"datetime_start":"2026-03-07T01:32:30.188720"}
{"op_code":5,"worker_id":"10b56662-ea95-4249-b9c0-f53d9cfbbc03-139739133734912","trial_id":6,"param_name":"learning_rate","param_value_internal":0.001320830958713746,"distribution":"{\"name\": \"FloatDistribution\", \"attributes\": {\"step\": null, \"low\": 0.0001, \"high\": 0.02, \"log\": true}}"}
{"op_code":5,"worker_id":"10b56662-ea95-4249-b9c0-f53d9cfbbc03-139739133734912","trial_id":6,"param_name":"transfer_lr","param_value_internal":37.12861312689054,"distribution":"{\"name\": \"FloatDistribution\", \"attributes\": {\"step\": null, \"low\": 0.0005, \"high\": 10000.0, \"log\": true}}"}
{"op_code":5,"worker_id":"10b56662-ea95-4249-b9c0-f53d9cfbbc03-139739133734912","trial_id":6,"param_name":"transfer_every","param_value_internal":26.0,"distribution":"{\"name\": \"IntDistribution\", \"attributes\": {\"log\": true, \"step\": 1, \"low\": 1, \"high\": 500}}"}
{"op_code":5,"worker_id":"10b56662-ea95-4249-b9c0-f53d9cfbbc03-139739133734912","trial_id":6,"param_name":"rank_exp","param_value_internal":7.0,"distribution":"{\"name\": \"IntDistribution\", \"attributes\": {\"log\": false, \"step\": 1, \"low\": 0, \"high\": 7}}"}
{"op_code":5,"worker_id":"10b56662-ea95-4249-b9c0-f53d9cfbbc03-139739133734912","trial_id":6,"param_name":"fast_lr","param_value_internal":0.6373972048766234,"distribution":"{\"name\": \"FloatDistribution\", \"attributes\": {\"step\": null, \"low\": 0.1, \"high\": 1.0, \"log\": true}}"}
{"op_code":5,"worker_id":"10b56662-ea95-4249-b9c0-f53d9cfbbc03-139739133734912","trial_id":6,"param_name":"tau_sec","param_value_internal":0.0,"distribution":"{\"name\": \"FloatDistribution\", \"attributes\": {\"step\": null, \"low\": 0.0, \"high\": 0.0, \"log\": false}}"}
{"op_code":5,"worker_id":"10b56662-ea95-4249-b9c0-f53d9cfbbc03-139739133734912","trial_id":6,"param_name":"out_noise","param_value_internal":0.0,"distribution":"{\"name\": \"FloatDistribution\", \"attributes\": {\"step\": null, \"low\": 0.0, \"high\": 0.0, \"log\": false}}"}
{"op_code":5,"worker_id":"10b56662-ea95-4249-b9c0-f53d9cfbbc03-139739133734912","trial_id":6,"param_name":"ab_weight_scaling_omega","param_value_internal":0.0,"distribution":"{\"name\": \"FloatDistribution\", \"attributes\": {\"step\": null, \"low\": 0.0, \"high\": 0.0, \"log\": false}}"}
{"op_code":5,"worker_id":"10b56662-ea95-4249-b9c0-f53d9cfbbc03-139739133734912","trial_id":6,"param_name":"min_lr_rate","param_value_internal":0.0,"distribution":"{\"name\": \"FloatDistribution\", \"attributes\": {\"step\": null, \"low\": 0.0, \"high\": 0.0, \"log\": false}}"}
{"op_code":8,"worker_id":"10b56662-ea95-4249-b9c0-f53d9cfbbc03-139739133734912","trial_id":6,"user_attr":{"error":"CUDA_CALL Error 'out of memory' at cuda_util.cu:978\n"}}
{"op_code":6,"worker_id":"10b56662-ea95-4249-b9c0-f53d9cfbbc03-139739133734912","trial_id":6,"state":3,"values":null,"datetime_complete":"2026-03-07T01:35:15.368792"}
{"op_code":0,"worker_id":"10aab534-bf25-4763-ad51-f74849ad5f31-140323343691776","study_name":"bert_squad_lrtt_bs48_adam_hybrid_nowd_nomom_nonest_set_perfect_noos_as-separate_cgm_qkvo_5ep","directions":[2]}
{"op_code":4,"worker_id":"10aab534-bf25-4763-ad51-f74849ad5f31-140323343691776","study_id":0,"datetime_start":null,"state":4,"value":null,"values":null,"distributions":{},"params":{},"user_attrs":{},"system_attrs":{"fixed_params":{"learning_rate":0.001320830958713746,"transfer_lr":37.12861312689054,"transfer_every":26,"rank_exp":7,"fast_lr":0.6373972048766234,"tau_sec":0.0,"out_noise":0.0,"ab_weight_scaling_omega":0.0,"min_lr_rate":0.0}},"intermediate_values":{}}
{"op_code":6,"worker_id":"10aab534-bf25-4763-ad51-f74849ad5f31-140323343691776","trial_id":7,"state":0,"values":null,"datetime_start":"2026-03-07T01:35:26.268073"}
{"op_code":5,"worker_id":"10aab534-bf25-4763-ad51-f74849ad5f31-140323343691776","trial_id":7,"param_name":"learning_rate","param_value_internal":0.001320830958713746,"distribution":"{\"name\": \"FloatDistribution\", \"attributes\": {\"step\": null, \"low\": 0.0001, \"high\": 0.02, \"log\": true}}"}
{"op_code":5,"worker_id":"10aab534-bf25-4763-ad51-f74849ad5f31-140323343691776","trial_id":7,"param_name":"transfer_lr","param_value_internal":37.12861312689054,"distribution":"{\"name\": \"FloatDistribution\", \"attributes\": {\"step\": null, \"low\": 0.0005, \"high\": 10000.0, \"log\": true}}"}
{"op_code":5,"worker_id":"10aab534-bf25-4763-ad51-f74849ad5f31-140323343691776","trial_id":7,"param_name":"transfer_every","param_value_internal":26.0,"distribution":"{\"name\": \"IntDistribution\", \"attributes\": {\"log\": true, \"step\": 1, \"low\": 1, \"high\": 500}}"}
{"op_code":5,"worker_id":"10aab534-bf25-4763-ad51-f74849ad5f31-140323343691776","trial_id":7,"param_name":"rank_exp","param_value_internal":7.0,"distribution":"{\"name\": \"IntDistribution\", \"attributes\": {\"log\": false, \"step\": 1, \"low\": 0, \"high\": 7}}"}
{"op_code":5,"worker_id":"10aab534-bf25-4763-ad51-f74849ad5f31-140323343691776","trial_id":7,"param_name":"fast_lr","param_value_internal":0.6373972048766234,"distribution":"{\"name\": \"FloatDistribution\", \"attributes\": {\"step\": null, \"low\": 0.1, \"high\": 1.0, \"log\": true}}"}
{"op_code":5,"worker_id":"10aab534-bf25-4763-ad51-f74849ad5f31-140323343691776","trial_id":7,"param_name":"tau_sec","param_value_internal":0.0,"distribution":"{\"name\": \"FloatDistribution\", \"attributes\": {\"step\": null, \"low\": 0.0, \"high\": 0.0, \"log\": false}}"}
{"op_code":5,"worker_id":"10aab534-bf25-4763-ad51-f74849ad5f31-140323343691776","trial_id":7,"param_name":"out_noise","param_value_internal":0.0,"distribution":"{\"name\": \"FloatDistribution\", \"attributes\": {\"step\": null, \"low\": 0.0, \"high\": 0.0, \"log\": false}}"}
{"op_code":5,"worker_id":"10aab534-bf25-4763-ad51-f74849ad5f31-140323343691776","trial_id":7,"param_name":"ab_weight_scaling_omega","param_value_internal":0.0,"distribution":"{\"name\": \"FloatDistribution\", \"attributes\": {\"step\": null, \"low\": 0.0, \"high\": 0.0, \"log\": false}}"}
{"op_code":5,"worker_id":"10aab534-bf25-4763-ad51-f74849ad5f31-140323343691776","trial_id":7,"param_name":"min_lr_rate","param_value_internal":0.0,"distribution":"{\"name\": \"FloatDistribution\", \"attributes\": {\"step\": null, \"low\": 0.0, \"high\": 0.0, \"log\": false}}"}
{"op_code":7,"worker_id":"10aab534-bf25-4763-ad51-f74849ad5f31-140323343691776","trial_id":7,"step":1,"intermediate_value":14.826529521900405}
{"op_code":8,"worker_id":"10aab534-bf25-4763-ad51-f74849ad5f31-140323343691776","trial_id":7,"user_attr":{"train_loss_epoch_1":3.772238826583672}}
{"op_code":7,"worker_id":"10aab534-bf25-4763-ad51-f74849ad5f31-140323343691776","trial_id":7,"step":2,"intermediate_value":15.81108597549866}
{"op_code":8,"worker_id":"10aab534-bf25-4763-ad51-f74849ad5f31-140323343691776","trial_id":7,"user_attr":{"train_loss_epoch_2":4.085557993397411}}
{"op_code":7,"worker_id":"10aab534-bf25-4763-ad51-f74849ad5f31-140323343691776","trial_id":7,"step":3,"intermediate_value":15.81108597549866}
{"op_code":8,"worker_id":"10aab534-bf25-4763-ad51-f74849ad5f31-140323343691776","trial_id":7,"user_attr":{"train_loss_epoch_3":4.116402641871849}}
{"op_code":6,"worker_id":"10aab534-bf25-4763-ad51-f74849ad5f31-140323343691776","trial_id":7,"state":1,"values":[15.81108597549866],"datetime_complete":"2026-03-07T09:50:48.355188"}
{"op_code":0,"worker_id":"86c7bb4c-fafd-46b6-9676-b2caf2442cce-140642752503808","study_name":"bert_squad_lrtt_bs48_adam_hybrid_nowd_nomom_nonest_set_perfect_noos_as-separate_cgm_qkvo_5ep","directions":[2]}
{"op_code":4,"worker_id":"86c7bb4c-fafd-46b6-9676-b2caf2442cce-140642752503808","study_id":0,"datetime_start":"2026-03-07T09:50:58.927683"}
{"op_code":5,"worker_id":"86c7bb4c-fafd-46b6-9676-b2caf2442cce-140642752503808","trial_id":8,"param_name":"learning_rate","param_value_internal":0.00016478202224678832,"distribution":"{\"name\": \"FloatDistribution\", \"attributes\": {\"step\": null, \"low\": 0.0001, \"high\": 0.02, \"log\": true}}"}
{"op_code":5,"worker_id":"86c7bb4c-fafd-46b6-9676-b2caf2442cce-140642752503808","trial_id":8,"param_name":"transfer_lr","param_value_internal":0.007094226217294862,"distribution":"{\"name\": \"FloatDistribution\", \"attributes\": {\"step\": null, \"low\": 0.0005, \"high\": 10000.0, \"log\": true}}"}
{"op_code":5,"worker_id":"86c7bb4c-fafd-46b6-9676-b2caf2442cce-140642752503808","trial_id":8,"param_name":"transfer_every","param_value_internal":111.0,"distribution":"{\"name\": \"IntDistribution\", \"attributes\": {\"log\": true, \"step\": 1, \"low\": 1, \"high\": 500}}"}
{"op_code":5,"worker_id":"86c7bb4c-fafd-46b6-9676-b2caf2442cce-140642752503808","trial_id":8,"param_name":"rank_exp","param_value_internal":7.0,"distribution":"{\"name\": \"IntDistribution\", \"attributes\": {\"log\": false, \"step\": 1, \"low\": 0, \"high\": 7}}"}
{"op_code":5,"worker_id":"86c7bb4c-fafd-46b6-9676-b2caf2442cce-140642752503808","trial_id":8,"param_name":"fast_lr","param_value_internal":0.1738174341449568,"distribution":"{\"name\": \"FloatDistribution\", \"attributes\": {\"step\": null, \"low\": 0.1, \"high\": 1.0, \"log\": true}}"}
{"op_code":5,"worker_id":"86c7bb4c-fafd-46b6-9676-b2caf2442cce-140642752503808","trial_id":8,"param_name":"tau_sec","param_value_internal":0.0,"distribution":"{\"name\": \"FloatDistribution\", \"attributes\": {\"step\": null, \"low\": 0.0, \"high\": 0.0, \"log\": false}}"}
{"op_code":5,"worker_id":"86c7bb4c-fafd-46b6-9676-b2caf2442cce-140642752503808","trial_id":8,"param_name":"out_noise","param_value_internal":0.0,"distribution":"{\"name\": \"FloatDistribution\", \"attributes\": {\"step\": null, \"low\": 0.0, \"high\": 0.0, \"log\": false}}"}
{"op_code":5,"worker_id":"86c7bb4c-fafd-46b6-9676-b2caf2442cce-140642752503808","trial_id":8,"param_name":"ab_weight_scaling_omega","param_value_internal":0.0,"distribution":"{\"name\": \"FloatDistribution\", \"attributes\": {\"step\": null, \"low\": 0.0, \"high\": 0.0, \"log\": false}}"}
{"op_code":5,"worker_id":"86c7bb4c-fafd-46b6-9676-b2caf2442cce-140642752503808","trial_id":8,"param_name":"min_lr_rate","param_value_internal":0.0,"distribution":"{\"name\": \"FloatDistribution\", \"attributes\": {\"step\": null, \"low\": 0.0, \"high\": 0.0, \"log\": false}}"}
{"op_code":8,"worker_id":"86c7bb4c-fafd-46b6-9676-b2caf2442cce-140642752503808","trial_id":8,"user_attr":{"error":"CUDA_CALL Error 'out of memory' at cuda_util.cu:978\n"}}
{"op_code":6,"worker_id":"86c7bb4c-fafd-46b6-9676-b2caf2442cce-140642752503808","trial_id":8,"state":3,"values":null,"datetime_complete":"2026-03-07T09:53:32.623309"}
{"op_code":0,"worker_id":"a3e61455-26e9-4d54-b74a-2524938d84cf-139898118594560","study_name":"bert_squad_lrtt_bs48_adam_hybrid_nowd_nomom_nonest_set_perfect_noos_as-separate_cgm_qkvo_5ep","directions":[2]}
{"op_code":4,"worker_id":"a3e61455-26e9-4d54-b74a-2524938d84cf-139898118594560","study_id":0,"datetime_start":null,"state":4,"value":null,"values":null,"distributions":{},"params":{},"user_attrs":{},"system_attrs":{"fixed_params":{"learning_rate":0.00016478202224678832,"transfer_lr":0.007094226217294862,"transfer_every":111,"rank_exp":7,"fast_lr":0.1738174341449568,"tau_sec":0.0,"out_noise":0.0,"ab_weight_scaling_omega":0.0,"min_lr_rate":0.0}},"intermediate_values":{}}
{"op_code":6,"worker_id":"a3e61455-26e9-4d54-b74a-2524938d84cf-139898118594560","trial_id":9,"state":0,"values":null,"datetime_start":"2026-03-07T09:53:42.980345"}
{"op_code":5,"worker_id":"a3e61455-26e9-4d54-b74a-2524938d84cf-139898118594560","trial_id":9,"param_name":"learning_rate","param_value_internal":0.00016478202224678832,"distribution":"{\"name\": \"FloatDistribution\", \"attributes\": {\"step\": null, \"low\": 0.0001, \"high\": 0.02, \"log\": true}}"}
{"op_code":5,"worker_id":"a3e61455-26e9-4d54-b74a-2524938d84cf-139898118594560","trial_id":9,"param_name":"transfer_lr","param_value_internal":0.007094226217294862,"distribution":"{\"name\": \"FloatDistribution\", \"attributes\": {\"step\": null, \"low\": 0.0005, \"high\": 10000.0, \"log\": true}}"}
{"op_code":5,"worker_id":"a3e61455-26e9-4d54-b74a-2524938d84cf-139898118594560","trial_id":9,"param_name":"transfer_every","param_value_internal":111.0,"distribution":"{\"name\": \"IntDistribution\", \"attributes\": {\"log\": true, \"step\": 1, \"low\": 1, \"high\": 500}}"}
{"op_code":5,"worker_id":"a3e61455-26e9-4d54-b74a-2524938d84cf-139898118594560","trial_id":9,"param_name":"rank_exp","param_value_internal":7.0,"distribution":"{\"name\": \"IntDistribution\", \"attributes\": {\"log\": false, \"step\": 1, \"low\": 0, \"high\": 7}}"}
{"op_code":5,"worker_id":"a3e61455-26e9-4d54-b74a-2524938d84cf-139898118594560","trial_id":9,"param_name":"fast_lr","param_value_internal":0.1738174341449568,"distribution":"{\"name\": \"FloatDistribution\", \"attributes\": {\"step\": null, \"low\": 0.1, \"high\": 1.0, \"log\": true}}"}
{"op_code":5,"worker_id":"a3e61455-26e9-4d54-b74a-2524938d84cf-139898118594560","trial_id":9,"param_name":"tau_sec","param_value_internal":0.0,"distribution":"{\"name\": \"FloatDistribution\", \"attributes\": {\"step\": null, \"low\": 0.0, \"high\": 0.0, \"log\": false}}"}
{"op_code":5,"worker_id":"a3e61455-26e9-4d54-b74a-2524938d84cf-139898118594560","trial_id":9,"param_name":"out_noise","param_value_internal":0.0,"distribution":"{\"name\": \"FloatDistribution\", \"attributes\": {\"step\": null, \"low\": 0.0, \"high\": 0.0, \"log\": false}}"}
{"op_code":5,"worker_id":"a3e61455-26e9-4d54-b74a-2524938d84cf-139898118594560","trial_id":9,"param_name":"ab_weight_scaling_omega","param_value_internal":0.0,"distribution":"{\"name\": \"FloatDistribution\", \"attributes\": {\"step\": null, \"low\": 0.0, \"high\": 0.0, \"log\": false}}"}
{"op_code":5,"worker_id":"a3e61455-26e9-4d54-b74a-2524938d84cf-139898118594560","trial_id":9,"param_name":"min_lr_rate","param_value_internal":0.0,"distribution":"{\"name\": \"FloatDistribution\", \"attributes\": {\"step\": null, \"low\": 0.0, \"high\": 0.0, \"log\": false}}"}
{"op_code":7,"worker_id":"a3e61455-26e9-4d54-b74a-2524938d84cf-139898118594560","trial_id":9,"step":1,"intermediate_value":49.560707328122184}
{"op_code":8,"worker_id":"a3e61455-26e9-4d54-b74a-2524938d84cf-139898118594560","trial_id":9,"user_attr":{"train_loss_epoch_1":3.4598155765877276}}
{"op_code":7,"worker_id":"a3e61455-26e9-4d54-b74a-2524938d84cf-139898118594560","trial_id":9,"step":2,"intermediate_value":58.40684367618159}
{"op_code":8,"worker_id":"a3e61455-26e9-4d54-b74a-2524938d84cf-139898118594560","trial_id":9,"user_attr":{"train_loss_epoch_2":2.4024518413186944}}
{"op_code":7,"worker_id":"a3e61455-26e9-4d54-b74a-2524938d84cf-139898118594560","trial_id":9,"step":3,"intermediate_value":63.65582723929754}
{"op_code":8,"worker_id":"a3e61455-26e9-4d54-b74a-2524938d84cf-139898118594560","trial_id":9,"user_attr":{"train_loss_epoch_3":2.1842850470937147}}
{"op_code":7,"worker_id":"a3e61455-26e9-4d54-b74a-2524938d84cf-139898118594560","trial_id":9,"step":4,"intermediate_value":65.78325301416108}
{"op_code":8,"worker_id":"a3e61455-26e9-4d54-b74a-2524938d84cf-139898118594560","trial_id":9,"user_attr":{"train_loss_epoch_4":2.064738929514059}}
{"op_code":7,"worker_id":"a3e61455-26e9-4d54-b74a-2524938d84cf-139898118594560","trial_id":9,"step":5,"intermediate_value":66.53726851675003}
{"op_code":8,"worker_id":"a3e61455-26e9-4d54-b74a-2524938d84cf-139898118594560","trial_id":9,"user_attr":{"train_loss_epoch_5":2.0139826404011067}}
{"op_code":6,"worker_id":"a3e61455-26e9-4d54-b74a-2524938d84cf-139898118594560","trial_id":9,"state":1,"values":[66.53726851675003],"datetime_complete":"2026-03-07T23:42:51.477846"}
{"op_code":0,"worker_id":"114cb936-9f74-4558-a068-25d2b8e1dd64-140603159629824","study_name":"bert_squad_lrtt_bs48_adam_hybrid_nowd_nomom_nonest_set_perfect_noos_as-separate_cgm_qkvo_5ep","directions":[2]}
{"op_code":4,"worker_id":"114cb936-9f74-4558-a068-25d2b8e1dd64-140603159629824","study_id":0,"datetime_start":"2026-03-07T23:43:02.236598"}
{"op_code":5,"worker_id":"114cb936-9f74-4558-a068-25d2b8e1dd64-140603159629824","trial_id":10,"param_name":"learning_rate","param_value_internal":0.0019406803882272762,"distribution":"{\"name\": \"FloatDistribution\", \"attributes\": {\"step\": null, \"low\": 0.0001, \"high\": 0.02, \"log\": true}}"}
{"op_code":5,"worker_id":"114cb936-9f74-4558-a068-25d2b8e1dd64-140603159629824","trial_id":10,"param_name":"transfer_lr","param_value_internal":13.47081483609493,"distribution":"{\"name\": \"FloatDistribution\", \"attributes\": {\"step\": null, \"low\": 0.0005, \"high\": 10000.0, \"log\": true}}"}
{"op_code":5,"worker_id":"114cb936-9f74-4558-a068-25d2b8e1dd64-140603159629824","trial_id":10,"param_name":"transfer_every","param_value_internal":396.0,"distribution":"{\"name\": \"IntDistribution\", \"attributes\": {\"log\": true, \"step\": 1, \"low\": 1, \"high\": 500}}"}
{"op_code":5,"worker_id":"114cb936-9f74-4558-a068-25d2b8e1dd64-140603159629824","trial_id":10,"param_name":"rank_exp","param_value_internal":0.0,"distribution":"{\"name\": \"IntDistribution\", \"attributes\": {\"log\": false, \"step\": 1, \"low\": 0, \"high\": 7}}"}
{"op_code":5,"worker_id":"114cb936-9f74-4558-a068-25d2b8e1dd64-140603159629824","trial_id":10,"param_name":"fast_lr","param_value_internal":0.12504468872814056,"distribution":"{\"name\": \"FloatDistribution\", \"attributes\": {\"step\": null, \"low\": 0.1, \"high\": 1.0, \"log\": true}}"}
{"op_code":5,"worker_id":"114cb936-9f74-4558-a068-25d2b8e1dd64-140603159629824","trial_id":10,"param_name":"tau_sec","param_value_internal":0.0,"distribution":"{\"name\": \"FloatDistribution\", \"attributes\": {\"step\": null, \"low\": 0.0, \"high\": 0.0, \"log\": false}}"}
{"op_code":5,"worker_id":"114cb936-9f74-4558-a068-25d2b8e1dd64-140603159629824","trial_id":10,"param_name":"out_noise","param_value_internal":0.0,"distribution":"{\"name\": \"FloatDistribution\", \"attributes\": {\"step\": null, \"low\": 0.0, \"high\": 0.0, \"log\": false}}"}
{"op_code":5,"worker_id":"114cb936-9f74-4558-a068-25d2b8e1dd64-140603159629824","trial_id":10,"param_name":"ab_weight_scaling_omega","param_value_internal":0.0,"distribution":"{\"name\": \"FloatDistribution\", \"attributes\": {\"step\": null, \"low\": 0.0, \"high\": 0.0, \"log\": false}}"}
{"op_code":5,"worker_id":"114cb936-9f74-4558-a068-25d2b8e1dd64-140603159629824","trial_id":10,"param_name":"min_lr_rate","param_value_internal":0.0,"distribution":"{\"name\": \"FloatDistribution\", \"attributes\": {\"step\": null, \"low\": 0.0, \"high\": 0.0, \"log\": false}}"}
{"op_code":8,"worker_id":"114cb936-9f74-4558-a068-25d2b8e1dd64-140603159629824","trial_id":10,"user_attr":{"error":"CUDA_CALL Error 'out of memory' at cuda_util.cu:978\n"}}
{"op_code":6,"worker_id":"114cb936-9f74-4558-a068-25d2b8e1dd64-140603159629824","trial_id":10,"state":3,"values":null,"datetime_complete":"2026-03-07T23:47:23.630002"}
{"op_code":0,"worker_id":"39cb9a78-0534-4d1e-b8a7-16139714b475-140251666153472","study_name":"bert_squad_lrtt_bs48_adam_hybrid_nowd_nomom_nonest_set_perfect_noos_as-separate_cgm_qkvo_5ep","directions":[2]}
{"op_code":4,"worker_id":"39cb9a78-0534-4d1e-b8a7-16139714b475-140251666153472","study_id":0,"datetime_start":null,"state":4,"value":null,"values":null,"distributions":{},"params":{},"user_attrs":{},"system_attrs":{"fixed_params":{"learning_rate":0.0019406803882272762,"transfer_lr":13.47081483609493,"transfer_every":396,"rank_exp":0,"fast_lr":0.12504468872814056,"tau_sec":0.0,"out_noise":0.0,"ab_weight_scaling_omega":0.0,"min_lr_rate":0.0}},"intermediate_values":{}}
{"op_code":6,"worker_id":"39cb9a78-0534-4d1e-b8a7-16139714b475-140251666153472","trial_id":11,"state":0,"values":null,"datetime_start":"2026-03-07T23:47:33.936962"}
{"op_code":5,"worker_id":"39cb9a78-0534-4d1e-b8a7-16139714b475-140251666153472","trial_id":11,"param_name":"learning_rate","param_value_internal":0.0019406803882272762,"distribution":"{\"name\": \"FloatDistribution\", \"attributes\": {\"step\": null, \"low\": 0.0001, \"high\": 0.02, \"log\": true}}"}
{"op_code":5,"worker_id":"39cb9a78-0534-4d1e-b8a7-16139714b475-140251666153472","trial_id":11,"param_name":"transfer_lr","param_value_internal":13.47081483609493,"distribution":"{\"name\": \"FloatDistribution\", \"attributes\": {\"step\": null, \"low\": 0.0005, \"high\": 10000.0, \"log\": true}}"}
{"op_code":5,"worker_id":"39cb9a78-0534-4d1e-b8a7-16139714b475-140251666153472","trial_id":11,"param_name":"transfer_every","param_value_internal":396.0,"distribution":"{\"name\": \"IntDistribution\", \"attributes\": {\"log\": true, \"step\": 1, \"low\": 1, \"high\": 500}}"}
{"op_code":5,"worker_id":"39cb9a78-0534-4d1e-b8a7-16139714b475-140251666153472","trial_id":11,"param_name":"rank_exp","param_value_internal":0.0,"distribution":"{\"name\": \"IntDistribution\", \"attributes\": {\"log\": false, \"step\": 1, \"low\": 0, \"high\": 7}}"}
{"op_code":5,"worker_id":"39cb9a78-0534-4d1e-b8a7-16139714b475-140251666153472","trial_id":11,"param_name":"fast_lr","param_value_internal":0.12504468872814056,"distribution":"{\"name\": \"FloatDistribution\", \"attributes\": {\"step\": null, \"low\": 0.1, \"high\": 1.0, \"log\": true}}"}
{"op_code":5,"worker_id":"39cb9a78-0534-4d1e-b8a7-16139714b475-140251666153472","trial_id":11,"param_name":"tau_sec","param_value_internal":0.0,"distribution":"{\"name\": \"FloatDistribution\", \"attributes\": {\"step\": null, \"low\": 0.0, \"high\": 0.0, \"log\": false}}"}
{"op_code":5,"worker_id":"39cb9a78-0534-4d1e-b8a7-16139714b475-140251666153472","trial_id":11,"param_name":"out_noise","param_value_internal":0.0,"distribution":"{\"name\": \"FloatDistribution\", \"attributes\": {\"step\": null, \"low\": 0.0, \"high\": 0.0, \"log\": false}}"}
{"op_code":5,"worker_id":"39cb9a78-0534-4d1e-b8a7-16139714b475-140251666153472","trial_id":11,"param_name":"ab_weight_scaling_omega","param_value_internal":0.0,"distribution":"{\"name\": \"FloatDistribution\", \"attributes\": {\"step\": null, \"low\": 0.0, \"high\": 0.0, \"log\": false}}"}
{"op_code":5,"worker_id":"39cb9a78-0534-4d1e-b8a7-16139714b475-140251666153472","trial_id":11,"param_name":"min_lr_rate","param_value_internal":0.0,"distribution":"{\"name\": \"FloatDistribution\", \"attributes\": {\"step\": null, \"low\": 0.0, \"high\": 0.0, \"log\": false}}"}
{"op_code":7,"worker_id":"39cb9a78-0534-4d1e-b8a7-16139714b475-140251666153472","trial_id":11,"step":1,"intermediate_value":74.27800950464062}
{"op_code":8,"worker_id":"39cb9a78-0534-4d1e-b8a7-16139714b475-140251666153472","trial_id":11,"user_attr":{"train_loss_epoch_1":2.2603754635812403}}
{"op_code":7,"worker_id":"39cb9a78-0534-4d1e-b8a7-16139714b475-140251666153472","trial_id":11,"step":2,"intermediate_value":76.35063527733907}
{"op_code":8,"worker_id":"39cb9a78-0534-4d1e-b8a7-16139714b475-140251666153472","trial_id":11,"user_attr":{"train_loss_epoch_2":1.655328012750413}}
{"op_code":7,"worker_id":"39cb9a78-0534-4d1e-b8a7-16139714b475-140251666153472","trial_id":11,"step":3,"intermediate_value":77.45272186465337}
{"op_code":8,"worker_id":"39cb9a78-0534-4d1e-b8a7-16139714b475-140251666153472","trial_id":11,"user_attr":{"train_loss_epoch_3":1.5909919400272023}}
{"op_code":7,"worker_id":"39cb9a78-0534-4d1e-b8a7-16139714b475-140251666153472","trial_id":11,"step":4,"intermediate_value":77.9456568405149}
{"op_code":8,"worker_id":"39cb9a78-0534-4d1e-b8a7-16139714b475-140251666153472","trial_id":11,"user_attr":{"train_loss_epoch_4":1.5512689688755716}}
{"op_code":7,"worker_id":"39cb9a78-0534-4d1e-b8a7-16139714b475-140251666153472","trial_id":11,"step":5,"intermediate_value":78.20771012207507}
{"op_code":8,"worker_id":"39cb9a78-0534-4d1e-b8a7-16139714b475-140251666153472","trial_id":11,"user_attr":{"train_loss_epoch_5":1.5242927900398608}}
{"op_code":6,"worker_id":"39cb9a78-0534-4d1e-b8a7-16139714b475-140251666153472","trial_id":11,"state":1,"values":[78.20771012207507],"datetime_complete":"2026-03-08T03:08:12.634920"}
{"op_code":0,"worker_id":"e9a97634-e8c3-4cb0-9c3b-65103996db44-139863349776384","study_name":"bert_squad_lrtt_bs48_adam_hybrid_nowd_nomom_nonest_set_perfect_noos_as-separate_cgm_qkvo_5ep","directions":[2]}
{"op_code":4,"worker_id":"e9a97634-e8c3-4cb0-9c3b-65103996db44-139863349776384","study_id":0,"datetime_start":"2026-03-08T03:08:22.907208"}
{"op_code":5,"worker_id":"e9a97634-e8c3-4cb0-9c3b-65103996db44-139863349776384","trial_id":12,"param_name":"learning_rate","param_value_internal":0.0007921634505579497,"distribution":"{\"name\": \"FloatDistribution\", \"attributes\": {\"step\": null, \"low\": 0.0001, \"high\": 0.02, \"log\": true}}"}
{"op_code":5,"worker_id":"e9a97634-e8c3-4cb0-9c3b-65103996db44-139863349776384","trial_id":12,"param_name":"transfer_lr","param_value_internal":0.0015671591221442791,"distribution":"{\"name\": \"FloatDistribution\", \"attributes\": {\"step\": null, \"low\": 0.0005, \"high\": 10000.0, \"log\": true}}"}
{"op_code":5,"worker_id":"e9a97634-e8c3-4cb0-9c3b-65103996db44-139863349776384","trial_id":12,"param_name":"transfer_every","param_value_internal":182.0,"distribution":"{\"name\": \"IntDistribution\", \"attributes\": {\"log\": true, \"step\": 1, \"low\": 1, \"high\": 500}}"}
{"op_code":5,"worker_id":"e9a97634-e8c3-4cb0-9c3b-65103996db44-139863349776384","trial_id":12,"param_name":"rank_exp","param_value_internal":6.0,"distribution":"{\"name\": \"IntDistribution\", \"attributes\": {\"log\": false, \"step\": 1, \"low\": 0, \"high\": 7}}"}
{"op_code":5,"worker_id":"e9a97634-e8c3-4cb0-9c3b-65103996db44-139863349776384","trial_id":12,"param_name":"fast_lr","param_value_internal":0.2979100925254458,"distribution":"{\"name\": \"FloatDistribution\", \"attributes\": {\"step\": null, \"low\": 0.1, \"high\": 1.0, \"log\": true}}"}
{"op_code":5,"worker_id":"e9a97634-e8c3-4cb0-9c3b-65103996db44-139863349776384","trial_id":12,"param_name":"tau_sec","param_value_internal":0.0,"distribution":"{\"name\": \"FloatDistribution\", \"attributes\": {\"step\": null, \"low\": 0.0, \"high\": 0.0, \"log\": false}}"}
{"op_code":5,"worker_id":"e9a97634-e8c3-4cb0-9c3b-65103996db44-139863349776384","trial_id":12,"param_name":"out_noise","param_value_internal":0.0,"distribution":"{\"name\": \"FloatDistribution\", \"attributes\": {\"step\": null, \"low\": 0.0, \"high\": 0.0, \"log\": false}}"}
{"op_code":5,"worker_id":"e9a97634-e8c3-4cb0-9c3b-65103996db44-139863349776384","trial_id":12,"param_name":"ab_weight_scaling_omega","param_value_internal":0.0,"distribution":"{\"name\": \"FloatDistribution\", \"attributes\": {\"step\": null, \"low\": 0.0, \"high\": 0.0, \"log\": false}}"}
{"op_code":5,"worker_id":"e9a97634-e8c3-4cb0-9c3b-65103996db44-139863349776384","trial_id":12,"param_name":"min_lr_rate","param_value_internal":0.0,"distribution":"{\"name\": \"FloatDistribution\", \"attributes\": {\"step\": null, \"low\": 0.0, \"high\": 0.0, \"log\": false}}"}
{"op_code":8,"worker_id":"e9a97634-e8c3-4cb0-9c3b-65103996db44-139863349776384","trial_id":12,"user_attr":{"error":"CUDA_CALL Error 'out of memory' at cuda_util.cu:978\n"}}
{"op_code":6,"worker_id":"e9a97634-e8c3-4cb0-9c3b-65103996db44-139863349776384","trial_id":12,"state":3,"values":null,"datetime_complete":"2026-03-08T03:11:03.042086"}
{"op_code":0,"worker_id":"c533b1aa-c862-4a78-8399-f6bcce264650-139853131255808","study_name":"bert_squad_lrtt_bs48_adam_hybrid_nowd_nomom_nonest_set_perfect_noos_as-separate_cgm_qkvo_5ep","directions":[2]}
{"op_code":4,"worker_id":"c533b1aa-c862-4a78-8399-f6bcce264650-139853131255808","study_id":0,"datetime_start":null,"state":4,"value":null,"values":null,"distributions":{},"params":{},"user_attrs":{},"system_attrs":{"fixed_params":{"learning_rate":0.0007921634505579497,"transfer_lr":0.0015671591221442791,"transfer_every":182,"rank_exp":6,"fast_lr":0.2979100925254458,"tau_sec":0.0,"out_noise":0.0,"ab_weight_scaling_omega":0.0,"min_lr_rate":0.0}},"intermediate_values":{}}
{"op_code":6,"worker_id":"c533b1aa-c862-4a78-8399-f6bcce264650-139853131255808","trial_id":13,"state":0,"values":null,"datetime_start":"2026-03-08T03:11:13.548345"}
{"op_code":5,"worker_id":"c533b1aa-c862-4a78-8399-f6bcce264650-139853131255808","trial_id":13,"param_name":"learning_rate","param_value_internal":0.0007921634505579497,"distribution":"{\"name\": \"FloatDistribution\", \"attributes\": {\"step\": null, \"low\": 0.0001, \"high\": 0.02, \"log\": true}}"}
{"op_code":5,"worker_id":"c533b1aa-c862-4a78-8399-f6bcce264650-139853131255808","trial_id":13,"param_name":"transfer_lr","param_value_internal":0.0015671591221442791,"distribution":"{\"name\": \"FloatDistribution\", \"attributes\": {\"step\": null, \"low\": 0.0005, \"high\": 10000.0, \"log\": true}}"}
{"op_code":5,"worker_id":"c533b1aa-c862-4a78-8399-f6bcce264650-139853131255808","trial_id":13,"param_name":"transfer_every","param_value_internal":182.0,"distribution":"{\"name\": \"IntDistribution\", \"attributes\": {\"log\": true, \"step\": 1, \"low\": 1, \"high\": 500}}"}
{"op_code":5,"worker_id":"c533b1aa-c862-4a78-8399-f6bcce264650-139853131255808","trial_id":13,"param_name":"rank_exp","param_value_internal":6.0,"distribution":"{\"name\": \"IntDistribution\", \"attributes\": {\"log\": false, \"step\": 1, \"low\": 0, \"high\": 7}}"}
{"op_code":5,"worker_id":"c533b1aa-c862-4a78-8399-f6bcce264650-139853131255808","trial_id":13,"param_name":"fast_lr","param_value_internal":0.2979100925254458,"distribution":"{\"name\": \"FloatDistribution\", \"attributes\": {\"step\": null, \"low\": 0.1, \"high\": 1.0, \"log\": true}}"}
{"op_code":5,"worker_id":"c533b1aa-c862-4a78-8399-f6bcce264650-139853131255808","trial_id":13,"param_name":"tau_sec","param_value_internal":0.0,"distribution":"{\"name\": \"FloatDistribution\", \"attributes\": {\"step\": null, \"low\": 0.0, \"high\": 0.0, \"log\": false}}"}
{"op_code":5,"worker_id":"c533b1aa-c862-4a78-8399-f6bcce264650-139853131255808","trial_id":13,"param_name":"out_noise","param_value_internal":0.0,"distribution":"{\"name\": \"FloatDistribution\", \"attributes\": {\"step\": null, \"low\": 0.0, \"high\": 0.0, \"log\": false}}"}
{"op_code":5,"worker_id":"c533b1aa-c862-4a78-8399-f6bcce264650-139853131255808","trial_id":13,"param_name":"ab_weight_scaling_omega","param_value_internal":0.0,"distribution":"{\"name\": \"FloatDistribution\", \"attributes\": {\"step\": null, \"low\": 0.0, \"high\": 0.0, \"log\": false}}"}
{"op_code":5,"worker_id":"c533b1aa-c862-4a78-8399-f6bcce264650-139853131255808","trial_id":13,"param_name":"min_lr_rate","param_value_internal":0.0,"distribution":"{\"name\": \"FloatDistribution\", \"attributes\": {\"step\": null, \"low\": 0.0, \"high\": 0.0, \"log\": false}}"}
{"op_code":7,"worker_id":"c533b1aa-c862-4a78-8399-f6bcce264650-139853131255808","trial_id":13,"step":1,"intermediate_value":70.5537842560776}
{"op_code":8,"worker_id":"c533b1aa-c862-4a78-8399-f6bcce264650-139853131255808","trial_id":13,"user_attr":{"train_loss_epoch_1":2.5667534569764596}}
{"op_code":7,"worker_id":"c533b1aa-c862-4a78-8399-f6bcce264650-139853131255808","trial_id":13,"step":2,"intermediate_value":74.23439068103458}
{"op_code":8,"worker_id":"c533b1aa-c862-4a78-8399-f6bcce264650-139853131255808","trial_id":13,"user_attr":{"train_loss_epoch_2":1.7483500078881973}}
{"op_code":7,"worker_id":"c533b1aa-c862-4a78-8399-f6bcce264650-139853131255808","trial_id":13,"step":3,"intermediate_value":75.60312524952978}
{"op_code":8,"worker_id":"c533b1aa-c862-4a78-8399-f6bcce264650-139853131255808","trial_id":13,"user_attr":{"train_loss_epoch_3":1.659095145622609}}
{"op_code":7,"worker_id":"c533b1aa-c862-4a78-8399-f6bcce264650-139853131255808","trial_id":13,"step":4,"intermediate_value":76.06114643788776}
{"op_code":8,"worker_id":"c533b1aa-c862-4a78-8399-f6bcce264650-139853131255808","trial_id":13,"user_attr":{"train_loss_epoch_4":1.6162515187948563}}
{"op_code":7,"worker_id":"c533b1aa-c862-4a78-8399-f6bcce264650-139853131255808","trial_id":13,"step":5,"intermediate_value":76.60185807875645}
{"op_code":8,"worker_id":"c533b1aa-c862-4a78-8399-f6bcce264650-139853131255808","trial_id":13,"user_attr":{"train_loss_epoch_5":1.5925327882788698}}
{"op_code":6,"worker_id":"c533b1aa-c862-4a78-8399-f6bcce264650-139853131255808","trial_id":13,"state":1,"values":[76.60185807875645],"datetime_complete":"2026-03-08T06:41:20.369132"}
{"op_code":0,"worker_id":"29bd9f6b-0a76-475d-8f13-c723944170fe-140614586527744","study_name":"bert_squad_lrtt_bs48_adam_hybrid_nowd_nomom_nonest_set_perfect_noos_as-separate_cgm_qkvo_5ep","directions":[2]}
{"op_code":4,"worker_id":"29bd9f6b-0a76-475d-8f13-c723944170fe-140614586527744","study_id":0,"datetime_start":"2026-03-08T06:41:30.837167"}
{"op_code":5,"worker_id":"29bd9f6b-0a76-475d-8f13-c723944170fe-140614586527744","trial_id":14,"param_name":"learning_rate","param_value_internal":0.0005124884721044002,"distribution":"{\"name\": \"FloatDistribution\", \"attributes\": {\"step\": null, \"low\": 0.0001, \"high\": 0.02, \"log\": true}}"}
{"op_code":5,"worker_id":"29bd9f6b-0a76-475d-8f13-c723944170fe-140614586527744","trial_id":14,"param_name":"transfer_lr","param_value_internal":296.80642566335985,"distribution":"{\"name\": \"FloatDistribution\", \"attributes\": {\"step\": null, \"low\": 0.0005, \"high\": 10000.0, \"log\": true}}"}
{"op_code":5,"worker_id":"29bd9f6b-0a76-475d-8f13-c723944170fe-140614586527744","trial_id":14,"param_name":"transfer_every","param_value_internal":119.0,"distribution":"{\"name\": \"IntDistribution\", \"attributes\": {\"log\": true, \"step\": 1, \"low\": 1, \"high\": 500}}"}
{"op_code":5,"worker_id":"29bd9f6b-0a76-475d-8f13-c723944170fe-140614586527744","trial_id":14,"param_name":"rank_exp","param_value_internal":4.0,"distribution":"{\"name\": \"IntDistribution\", \"attributes\": {\"log\": false, \"step\": 1, \"low\": 0, \"high\": 7}}"}
{"op_code":5,"worker_id":"29bd9f6b-0a76-475d-8f13-c723944170fe-140614586527744","trial_id":14,"param_name":"fast_lr","param_value_internal":0.14025347178948575,"distribution":"{\"name\": \"FloatDistribution\", \"attributes\": {\"step\": null, \"low\": 0.1, \"high\": 1.0, \"log\": true}}"}
{"op_code":5,"worker_id":"29bd9f6b-0a76-475d-8f13-c723944170fe-140614586527744","trial_id":14,"param_name":"tau_sec","param_value_internal":0.0,"distribution":"{\"name\": \"FloatDistribution\", \"attributes\": {\"step\": null, \"low\": 0.0, \"high\": 0.0, \"log\": false}}"}
{"op_code":5,"worker_id":"29bd9f6b-0a76-475d-8f13-c723944170fe-140614586527744","trial_id":14,"param_name":"out_noise","param_value_internal":0.0,"distribution":"{\"name\": \"FloatDistribution\", \"attributes\": {\"step\": null, \"low\": 0.0, \"high\": 0.0, \"log\": false}}"}
{"op_code":5,"worker_id":"29bd9f6b-0a76-475d-8f13-c723944170fe-140614586527744","trial_id":14,"param_name":"ab_weight_scaling_omega","param_value_internal":0.0,"distribution":"{\"name\": \"FloatDistribution\", \"attributes\": {\"step\": null, \"low\": 0.0, \"high\": 0.0, \"log\": false}}"}
{"op_code":5,"worker_id":"29bd9f6b-0a76-475d-8f13-c723944170fe-140614586527744","trial_id":14,"param_name":"min_lr_rate","param_value_internal":0.0,"distribution":"{\"name\": \"FloatDistribution\", \"attributes\": {\"step\": null, \"low\": 0.0, \"high\": 0.0, \"log\": false}}"}
{"op_code":8,"worker_id":"29bd9f6b-0a76-475d-8f13-c723944170fe-140614586527744","trial_id":14,"user_attr":{"error":"CUDA_CALL Error 'out of memory' at cuda_util.cu:978\n"}}
{"op_code":6,"worker_id":"29bd9f6b-0a76-475d-8f13-c723944170fe-140614586527744","trial_id":14,"state":3,"values":null,"datetime_complete":"2026-03-08T06:44:44.372034"}
{"op_code":0,"worker_id":"6674bd22-9694-4aa4-948b-2ddc9129a78d-140487561588736","study_name":"bert_squad_lrtt_bs48_adam_hybrid_nowd_nomom_nonest_set_perfect_noos_as-separate_cgm_qkvo_5ep","directions":[2]}
{"op_code":4,"worker_id":"6674bd22-9694-4aa4-948b-2ddc9129a78d-140487561588736","study_id":0,"datetime_start":null,"state":4,"value":null,"values":null,"distributions":{},"params":{},"user_attrs":{},"system_attrs":{"fixed_params":{"learning_rate":0.0005124884721044002,"transfer_lr":296.80642566335985,"transfer_every":119,"rank_exp":4,"fast_lr":0.14025347178948575,"tau_sec":0.0,"out_noise":0.0,"ab_weight_scaling_omega":0.0,"min_lr_rate":0.0}},"intermediate_values":{}}
{"op_code":6,"worker_id":"6674bd22-9694-4aa4-948b-2ddc9129a78d-140487561588736","trial_id":15,"state":0,"values":null,"datetime_start":"2026-03-08T06:44:55.116622"}
{"op_code":5,"worker_id":"6674bd22-9694-4aa4-948b-2ddc9129a78d-140487561588736","trial_id":15,"param_name":"learning_rate","param_value_internal":0.0005124884721044002,"distribution":"{\"name\": \"FloatDistribution\", \"attributes\": {\"step\": null, \"low\": 0.0001, \"high\": 0.02, \"log\": true}}"}
{"op_code":5,"worker_id":"6674bd22-9694-4aa4-948b-2ddc9129a78d-140487561588736","trial_id":15,"param_name":"transfer_lr","param_value_internal":296.80642566335985,"distribution":"{\"name\": \"FloatDistribution\", \"attributes\": {\"step\": null, \"low\": 0.0005, \"high\": 10000.0, \"log\": true}}"}
{"op_code":5,"worker_id":"6674bd22-9694-4aa4-948b-2ddc9129a78d-140487561588736","trial_id":15,"param_name":"transfer_every","param_value_internal":119.0,"distribution":"{\"name\": \"IntDistribution\", \"attributes\": {\"log\": true, \"step\": 1, \"low\": 1, \"high\": 500}}"}
{"op_code":5,"worker_id":"6674bd22-9694-4aa4-948b-2ddc9129a78d-140487561588736","trial_id":15,"param_name":"rank_exp","param_value_internal":4.0,"distribution":"{\"name\": \"IntDistribution\", \"attributes\": {\"log\": false, \"step\": 1, \"low\": 0, \"high\": 7}}"}
{"op_code":5,"worker_id":"6674bd22-9694-4aa4-948b-2ddc9129a78d-140487561588736","trial_id":15,"param_name":"fast_lr","param_value_internal":0.14025347178948575,"distribution":"{\"name\": \"FloatDistribution\", \"attributes\": {\"step\": null, \"low\": 0.1, \"high\": 1.0, \"log\": true}}"}
{"op_code":5,"worker_id":"6674bd22-9694-4aa4-948b-2ddc9129a78d-140487561588736","trial_id":15,"param_name":"tau_sec","param_value_internal":0.0,"distribution":"{\"name\": \"FloatDistribution\", \"attributes\": {\"step\": null, \"low\": 0.0, \"high\": 0.0, \"log\": false}}"}
{"op_code":5,"worker_id":"6674bd22-9694-4aa4-948b-2ddc9129a78d-140487561588736","trial_id":15,"param_name":"out_noise","param_value_internal":0.0,"distribution":"{\"name\": \"FloatDistribution\", \"attributes\": {\"step\": null, \"low\": 0.0, \"high\": 0.0, \"log\": false}}"}
{"op_code":5,"worker_id":"6674bd22-9694-4aa4-948b-2ddc9129a78d-140487561588736","trial_id":15,"param_name":"ab_weight_scaling_omega","param_value_internal":0.0,"distribution":"{\"name\": \"FloatDistribution\", \"attributes\": {\"step\": null, \"low\": 0.0, \"high\": 0.0, \"log\": false}}"}
{"op_code":5,"worker_id":"6674bd22-9694-4aa4-948b-2ddc9129a78d-140487561588736","trial_id":15,"param_name":"min_lr_rate","param_value_internal":0.0,"distribution":"{\"name\": \"FloatDistribution\", \"attributes\": {\"step\": null, \"low\": 0.0, \"high\": 0.0, \"log\": false}}"}
{"op_code":7,"worker_id":"6674bd22-9694-4aa4-948b-2ddc9129a78d-140487561588736","trial_id":15,"step":1,"intermediate_value":2.3743110262800564}
{"op_code":8,"worker_id":"6674bd22-9694-4aa4-948b-2ddc9129a78d-140487561588736","trial_id":15,"user_attr":{"train_loss_epoch_1":5.192927550028643}}
{"op_code":7,"worker_id":"6674bd22-9694-4aa4-948b-2ddc9129a78d-140487561588736","trial_id":15,"step":2,"intermediate_value":2.665221808788645}
{"op_code":8,"worker_id":"6674bd22-9694-4aa4-948b-2ddc9129a78d-140487561588736","trial_id":15,"user_attr":{"train_loss_epoch_2":5.270679595509852}}
{"op_code":7,"worker_id":"6674bd22-9694-4aa4-948b-2ddc9129a78d-140487561588736","trial_id":15,"step":3,"intermediate_value":2.665221808788645}
{"op_code":8,"worker_id":"6674bd22-9694-4aa4-948b-2ddc9129a78d-140487561588736","trial_id":15,"user_attr":{"train_loss_epoch_3":5.116651836854392}}
{"op_code":7,"worker_id":"6674bd22-9694-4aa4-948b-2ddc9129a78d-140487561588736","trial_id":15,"step":4,"intermediate_value":2.665221808788645}
{"op_code":8,"worker_id":"6674bd22-9694-4aa4-948b-2ddc9129a78d-140487561588736","trial_id":15,"user_attr":{"train_loss_epoch_4":5.053026314252242}}
{"op_code":7,"worker_id":"6674bd22-9694-4aa4-948b-2ddc9129a78d-140487561588736","trial_id":15,"step":5,"intermediate_value":2.665221808788645}
{"op_code":8,"worker_id":"6674bd22-9694-4aa4-948b-2ddc9129a78d-140487561588736","trial_id":15,"user_attr":{"train_loss_epoch_5":5.002571491666459}}
{"op_code":6,"worker_id":"6674bd22-9694-4aa4-948b-2ddc9129a78d-140487561588736","trial_id":15,"state":1,"values":[2.665221808788645],"datetime_complete":"2026-03-08T10:09:44.256377"}
{"op_code":0,"worker_id":"fd01e374-29e0-4fe8-95e6-c4b45b623f8a-139700225081344","study_name":"bert_squad_lrtt_bs48_adam_hybrid_nowd_nomom_nonest_set_perfect_noos_as-separate_cgm_qkvo_5ep","directions":[2]}
{"op_code":4,"worker_id":"fd01e374-29e0-4fe8-95e6-c4b45b623f8a-139700225081344","study_id":0,"datetime_start":"2026-03-08T10:09:55.029363"}
{"op_code":5,"worker_id":"fd01e374-29e0-4fe8-95e6-c4b45b623f8a-139700225081344","trial_id":16,"param_name":"learning_rate","param_value_internal":0.004951860968108242,"distribution":"{\"name\": \"FloatDistribution\", \"attributes\": {\"step\": null, \"low\": 0.0001, \"high\": 0.02, \"log\": true}}"}
{"op_code":5,"worker_id":"fd01e374-29e0-4fe8-95e6-c4b45b623f8a-139700225081344","trial_id":16,"param_name":"transfer_lr","param_value_internal":0.219018005927664,"distribution":"{\"name\": \"FloatDistribution\", \"attributes\": {\"step\": null, \"low\": 0.0005, \"high\": 10000.0, \"log\": true}}"}
{"op_code":5,"worker_id":"fd01e374-29e0-4fe8-95e6-c4b45b623f8a-139700225081344","trial_id":16,"param_name":"transfer_every","param_value_internal":7.0,"distribution":"{\"name\": \"IntDistribution\", \"attributes\": {\"log\": true, \"step\": 1, \"low\": 1, \"high\": 500}}"}
{"op_code":5,"worker_id":"fd01e374-29e0-4fe8-95e6-c4b45b623f8a-139700225081344","trial_id":16,"param_name":"rank_exp","param_value_internal":3.0,"distribution":"{\"name\": \"IntDistribution\", \"attributes\": {\"log\": false, \"step\": 1, \"low\": 0, \"high\": 7}}"}
{"op_code":5,"worker_id":"fd01e374-29e0-4fe8-95e6-c4b45b623f8a-139700225081344","trial_id":16,"param_name":"fast_lr","param_value_internal":0.3610947313058455,"distribution":"{\"name\": \"FloatDistribution\", \"attributes\": {\"step\": null, \"low\": 0.1, \"high\": 1.0, \"log\": true}}"}
{"op_code":5,"worker_id":"fd01e374-29e0-4fe8-95e6-c4b45b623f8a-139700225081344","trial_id":16,"param_name":"tau_sec","param_value_internal":0.0,"distribution":"{\"name\": \"FloatDistribution\", \"attributes\": {\"step\": null, \"low\": 0.0, \"high\": 0.0, \"log\": false}}"}
{"op_code":5,"worker_id":"fd01e374-29e0-4fe8-95e6-c4b45b623f8a-139700225081344","trial_id":16,"param_name":"out_noise","param_value_internal":0.0,"distribution":"{\"name\": \"FloatDistribution\", \"attributes\": {\"step\": null, \"low\": 0.0, \"high\": 0.0, \"log\": false}}"}
{"op_code":5,"worker_id":"fd01e374-29e0-4fe8-95e6-c4b45b623f8a-139700225081344","trial_id":16,"param_name":"ab_weight_scaling_omega","param_value_internal":0.0,"distribution":"{\"name\": \"FloatDistribution\", \"attributes\": {\"step\": null, \"low\": 0.0, \"high\": 0.0, \"log\": false}}"}
{"op_code":5,"worker_id":"fd01e374-29e0-4fe8-95e6-c4b45b623f8a-139700225081344","trial_id":16,"param_name":"min_lr_rate","param_value_internal":0.0,"distribution":"{\"name\": \"FloatDistribution\", \"attributes\": {\"step\": null, \"low\": 0.0, \"high\": 0.0, \"log\": false}}"}
{"op_code":8,"worker_id":"fd01e374-29e0-4fe8-95e6-c4b45b623f8a-139700225081344","trial_id":16,"user_attr":{"error":"CUDA_CALL Error 'out of memory' at cuda_util.cu:978\n"}}
{"op_code":6,"worker_id":"fd01e374-29e0-4fe8-95e6-c4b45b623f8a-139700225081344","trial_id":16,"state":3,"values":null,"datetime_complete":"2026-03-08T10:13:26.599771"}
{"op_code":0,"worker_id":"68834977-bfa8-418d-9644-734c1e480aef-139672127762432","study_name":"bert_squad_lrtt_bs48_adam_hybrid_nowd_nomom_nonest_set_perfect_noos_as-separate_cgm_qkvo_5ep","directions":[2]}
{"op_code":4,"worker_id":"68834977-bfa8-418d-9644-734c1e480aef-139672127762432","study_id":0,"datetime_start":null,"state":4,"value":null,"values":null,"distributions":{},"params":{},"user_attrs":{},"system_attrs":{"fixed_params":{"learning_rate":0.004951860968108242,"transfer_lr":0.219018005927664,"transfer_every":7,"rank_exp":3,"fast_lr":0.3610947313058455,"tau_sec":0.0,"out_noise":0.0,"ab_weight_scaling_omega":0.0,"min_lr_rate":0.0}},"intermediate_values":{}}
{"op_code":6,"worker_id":"68834977-bfa8-418d-9644-734c1e480aef-139672127762432","trial_id":17,"state":0,"values":null,"datetime_start":"2026-03-08T10:13:36.927674"}
{"op_code":5,"worker_id":"68834977-bfa8-418d-9644-734c1e480aef-139672127762432","trial_id":17,"param_name":"learning_rate","param_value_internal":0.004951860968108242,"distribution":"{\"name\": \"FloatDistribution\", \"attributes\": {\"step\": null, \"low\": 0.0001, \"high\": 0.02, \"log\": true}}"}
{"op_code":5,"worker_id":"68834977-bfa8-418d-9644-734c1e480aef-139672127762432","trial_id":17,"param_name":"transfer_lr","param_value_internal":0.219018005927664,"distribution":"{\"name\": \"FloatDistribution\", \"attributes\": {\"step\": null, \"low\": 0.0005, \"high\": 10000.0, \"log\": true}}"}
{"op_code":5,"worker_id":"68834977-bfa8-418d-9644-734c1e480aef-139672127762432","trial_id":17,"param_name":"transfer_every","param_value_internal":7.0,"distribution":"{\"name\": \"IntDistribution\", \"attributes\": {\"log\": true, \"step\": 1, \"low\": 1, \"high\": 500}}"}
{"op_code":5,"worker_id":"68834977-bfa8-418d-9644-734c1e480aef-139672127762432","trial_id":17,"param_name":"rank_exp","param_value_internal":3.0,"distribution":"{\"name\": \"IntDistribution\", \"attributes\": {\"log\": false, \"step\": 1, \"low\": 0, \"high\": 7}}"}
{"op_code":5,"worker_id":"68834977-bfa8-418d-9644-734c1e480aef-139672127762432","trial_id":17,"param_name":"fast_lr","param_value_internal":0.3610947313058455,"distribution":"{\"name\": \"FloatDistribution\", \"attributes\": {\"step\": null, \"low\": 0.1, \"high\": 1.0, \"log\": true}}"}
{"op_code":5,"worker_id":"68834977-bfa8-418d-9644-734c1e480aef-139672127762432","trial_id":17,"param_name":"tau_sec","param_value_internal":0.0,"distribution":"{\"name\": \"FloatDistribution\", \"attributes\": {\"step\": null, \"low\": 0.0, \"high\": 0.0, \"log\": false}}"}
{"op_code":5,"worker_id":"68834977-bfa8-418d-9644-734c1e480aef-139672127762432","trial_id":17,"param_name":"out_noise","param_value_internal":0.0,"distribution":"{\"name\": \"FloatDistribution\", \"attributes\": {\"step\": null, \"low\": 0.0, \"high\": 0.0, \"log\": false}}"}
{"op_code":5,"worker_id":"68834977-bfa8-418d-9644-734c1e480aef-139672127762432","trial_id":17,"param_name":"ab_weight_scaling_omega","param_value_internal":0.0,"distribution":"{\"name\": \"FloatDistribution\", \"attributes\": {\"step\": null, \"low\": 0.0, \"high\": 0.0, \"log\": false}}"}
{"op_code":5,"worker_id":"68834977-bfa8-418d-9644-734c1e480aef-139672127762432","trial_id":17,"param_name":"min_lr_rate","param_value_internal":0.0,"distribution":"{\"name\": \"FloatDistribution\", \"attributes\": {\"step\": null, \"low\": 0.0, \"high\": 0.0, \"log\": false}}"}
{"op_code":7,"worker_id":"68834977-bfa8-418d-9644-734c1e480aef-139672127762432","trial_id":17,"step":1,"intermediate_value":74.58806560197625}
{"op_code":8,"worker_id":"68834977-bfa8-418d-9644-734c1e480aef-139672127762432","trial_id":17,"user_attr":{"train_loss_epoch_1":2.1088483301434424}}
{"op_code":7,"worker_id":"68834977-bfa8-418d-9644-734c1e480aef-139672127762432","trial_id":17,"step":2,"intermediate_value":76.63180679390256}
{"op_code":8,"worker_id":"68834977-bfa8-418d-9644-734c1e480aef-139672127762432","trial_id":17,"user_attr":{"train_loss_epoch_2":1.6181328254813714}}
{"op_code":7,"worker_id":"68834977-bfa8-418d-9644-734c1e480aef-139672127762432","trial_id":17,"step":3,"intermediate_value":78.29834241540624}
{"op_code":8,"worker_id":"68834977-bfa8-418d-9644-734c1e480aef-139672127762432","trial_id":17,"user_attr":{"train_loss_epoch_3":1.5352074549785633}}
{"op_code":7,"worker_id":"68834977-bfa8-418d-9644-734c1e480aef-139672127762432","trial_id":17,"step":4,"intermediate_value":79.54934438162208}
{"op_code":8,"worker_id":"68834977-bfa8-418d-9644-734c1e480aef-139672127762432","trial_id":17,"user_attr":{"train_loss_epoch_4":1.4736237027968906}}
{"op_code":7,"worker_id":"68834977-bfa8-418d-9644-734c1e480aef-139672127762432","trial_id":17,"step":5,"intermediate_value":80.04808439288516}
{"op_code":8,"worker_id":"68834977-bfa8-418d-9644-734c1e480aef-139672127762432","trial_id":17,"user_attr":{"train_loss_epoch_5":1.4254860222161898}}
{"op_code":6,"worker_id":"68834977-bfa8-418d-9644-734c1e480aef-139672127762432","trial_id":17,"state":1,"values":[80.04808439288516],"datetime_complete":"2026-03-08T13:40:09.450506"}
{"op_code":0,"worker_id":"7b19c2be-4eee-4edd-af32-dbda5be47264-140582429192192","study_name":"bert_squad_lrtt_bs48_adam_hybrid_nowd_nomom_nonest_set_perfect_noos_as-separate_cgm_qkvo_5ep","directions":[2]}
{"op_code":4,"worker_id":"7b19c2be-4eee-4edd-af32-dbda5be47264-140582429192192","study_id":0,"datetime_start":"2026-03-08T13:40:19.890444"}
{"op_code":5,"worker_id":"7b19c2be-4eee-4edd-af32-dbda5be47264-140582429192192","trial_id":18,"param_name":"learning_rate","param_value_internal":0.0036091950235204876,"distribution":"{\"name\": \"FloatDistribution\", \"attributes\": {\"step\": null, \"low\": 0.0001, \"high\": 0.02, \"log\": true}}"}
{"op_code":5,"worker_id":"7b19c2be-4eee-4edd-af32-dbda5be47264-140582429192192","trial_id":18,"param_name":"transfer_lr","param_value_internal":0.412774783383093,"distribution":"{\"name\": \"FloatDistribution\", \"attributes\": {\"step\": null, \"low\": 0.0005, \"high\": 10000.0, \"log\": true}}"}
{"op_code":5,"worker_id":"7b19c2be-4eee-4edd-af32-dbda5be47264-140582429192192","trial_id":18,"param_name":"transfer_every","param_value_internal":34.0,"distribution":"{\"name\": \"IntDistribution\", \"attributes\": {\"log\": true, \"step\": 1, \"low\": 1, \"high\": 500}}"}
{"op_code":5,"worker_id":"7b19c2be-4eee-4edd-af32-dbda5be47264-140582429192192","trial_id":18,"param_name":"rank_exp","param_value_internal":0.0,"distribution":"{\"name\": \"IntDistribution\", \"attributes\": {\"log\": false, \"step\": 1, \"low\": 0, \"high\": 7}}"}
{"op_code":5,"worker_id":"7b19c2be-4eee-4edd-af32-dbda5be47264-140582429192192","trial_id":18,"param_name":"fast_lr","param_value_internal":0.18721114443560838,"distribution":"{\"name\": \"FloatDistribution\", \"attributes\": {\"step\": null, \"low\": 0.1, \"high\": 1.0, \"log\": true}}"}
{"op_code":5,"worker_id":"7b19c2be-4eee-4edd-af32-dbda5be47264-140582429192192","trial_id":18,"param_name":"tau_sec","param_value_internal":0.0,"distribution":"{\"name\": \"FloatDistribution\", \"attributes\": {\"step\": null, \"low\": 0.0, \"high\": 0.0, \"log\": false}}"}
{"op_code":5,"worker_id":"7b19c2be-4eee-4edd-af32-dbda5be47264-140582429192192","trial_id":18,"param_name":"out_noise","param_value_internal":0.0,"distribution":"{\"name\": \"FloatDistribution\", \"attributes\": {\"step\": null, \"low\": 0.0, \"high\": 0.0, \"log\": false}}"}
{"op_code":5,"worker_id":"7b19c2be-4eee-4edd-af32-dbda5be47264-140582429192192","trial_id":18,"param_name":"ab_weight_scaling_omega","param_value_internal":0.0,"distribution":"{\"name\": \"FloatDistribution\", \"attributes\": {\"step\": null, \"low\": 0.0, \"high\": 0.0, \"log\": false}}"}
{"op_code":5,"worker_id":"7b19c2be-4eee-4edd-af32-dbda5be47264-140582429192192","trial_id":18,"param_name":"min_lr_rate","param_value_internal":0.0,"distribution":"{\"name\": \"FloatDistribution\", \"attributes\": {\"step\": null, \"low\": 0.0, \"high\": 0.0, \"log\": false}}"}
{"op_code":8,"worker_id":"7b19c2be-4eee-4edd-af32-dbda5be47264-140582429192192","trial_id":18,"user_attr":{"error":"CUDA_CALL Error 'out of memory' at cuda_util.cu:978\n"}}
{"op_code":6,"worker_id":"7b19c2be-4eee-4edd-af32-dbda5be47264-140582429192192","trial_id":18,"state":3,"values":null,"datetime_complete":"2026-03-08T13:44:39.906896"}
{"op_code":0,"worker_id":"6481a120-0f93-46a8-a0da-b72c9cc348cb-140450634747904","study_name":"bert_squad_lrtt_bs48_adam_hybrid_nowd_nomom_nonest_set_perfect_noos_as-separate_cgm_qkvo_5ep","directions":[2]}
{"op_code":4,"worker_id":"6481a120-0f93-46a8-a0da-b72c9cc348cb-140450634747904","study_id":0,"datetime_start":null,"state":4,"value":null,"values":null,"distributions":{},"params":{},"user_attrs":{},"system_attrs":{"fixed_params":{"learning_rate":0.0036091950235204876,"transfer_lr":0.412774783383093,"transfer_every":34,"rank_exp":0,"fast_lr":0.18721114443560838,"tau_sec":0.0,"out_noise":0.0,"ab_weight_scaling_omega":0.0,"min_lr_rate":0.0}},"intermediate_values":{}}
{"op_code":6,"worker_id":"6481a120-0f93-46a8-a0da-b72c9cc348cb-140450634747904","trial_id":19,"state":0,"values":null,"datetime_start":"2026-03-08T13:44:50.044448"}
{"op_code":5,"worker_id":"6481a120-0f93-46a8-a0da-b72c9cc348cb-140450634747904","trial_id":19,"param_name":"learning_rate","param_value_internal":0.0036091950235204876,"distribution":"{\"name\": \"FloatDistribution\", \"attributes\": {\"step\": null, \"low\": 0.0001, \"high\": 0.02, \"log\": true}}"}
{"op_code":5,"worker_id":"6481a120-0f93-46a8-a0da-b72c9cc348cb-140450634747904","trial_id":19,"param_name":"transfer_lr","param_value_internal":0.412774783383093,"distribution":"{\"name\": \"FloatDistribution\", \"attributes\": {\"step\": null, \"low\": 0.0005, \"high\": 10000.0, \"log\": true}}"}
{"op_code":5,"worker_id":"6481a120-0f93-46a8-a0da-b72c9cc348cb-140450634747904","trial_id":19,"param_name":"transfer_every","param_value_internal":34.0,"distribution":"{\"name\": \"IntDistribution\", \"attributes\": {\"log\": true, \"step\": 1, \"low\": 1, \"high\": 500}}"}
{"op_code":5,"worker_id":"6481a120-0f93-46a8-a0da-b72c9cc348cb-140450634747904","trial_id":19,"param_name":"rank_exp","param_value_internal":0.0,"distribution":"{\"name\": \"IntDistribution\", \"attributes\": {\"log\": false, \"step\": 1, \"low\": 0, \"high\": 7}}"}
{"op_code":5,"worker_id":"6481a120-0f93-46a8-a0da-b72c9cc348cb-140450634747904","trial_id":19,"param_name":"fast_lr","param_value_internal":0.18721114443560838,"distribution":"{\"name\": \"FloatDistribution\", \"attributes\": {\"step\": null, \"low\": 0.1, \"high\": 1.0, \"log\": true}}"}
{"op_code":5,"worker_id":"6481a120-0f93-46a8-a0da-b72c9cc348cb-140450634747904","trial_id":19,"param_name":"tau_sec","param_value_internal":0.0,"distribution":"{\"name\": \"FloatDistribution\", \"attributes\": {\"step\": null, \"low\": 0.0, \"high\": 0.0, \"log\": false}}"}
{"op_code":5,"worker_id":"6481a120-0f93-46a8-a0da-b72c9cc348cb-140450634747904","trial_id":19,"param_name":"out_noise","param_value_internal":0.0,"distribution":"{\"name\": \"FloatDistribution\", \"attributes\": {\"step\": null, \"low\": 0.0, \"high\": 0.0, \"log\": false}}"}
{"op_code":5,"worker_id":"6481a120-0f93-46a8-a0da-b72c9cc348cb-140450634747904","trial_id":19,"param_name":"ab_weight_scaling_omega","param_value_internal":0.0,"distribution":"{\"name\": \"FloatDistribution\", \"attributes\": {\"step\": null, \"low\": 0.0, \"high\": 0.0, \"log\": false}}"}
{"op_code":5,"worker_id":"6481a120-0f93-46a8-a0da-b72c9cc348cb-140450634747904","trial_id":19,"param_name":"min_lr_rate","param_value_internal":0.0,"distribution":"{\"name\": \"FloatDistribution\", \"attributes\": {\"step\": null, \"low\": 0.0, \"high\": 0.0, \"log\": false}}"}
{"op_code":7,"worker_id":"6481a120-0f93-46a8-a0da-b72c9cc348cb-140450634747904","trial_id":19,"step":1,"intermediate_value":75.02516745076977}
{"op_code":8,"worker_id":"6481a120-0f93-46a8-a0da-b72c9cc348cb-140450634747904","trial_id":19,"user_attr":{"train_loss_epoch_1":2.13510778572993}}
{"op_code":7,"worker_id":"6481a120-0f93-46a8-a0da-b72c9cc348cb-140450634747904","trial_id":19,"step":2,"intermediate_value":76.68364413194396}
{"op_code":8,"worker_id":"6481a120-0f93-46a8-a0da-b72c9cc348cb-140450634747904","trial_id":19,"user_attr":{"train_loss_epoch_2":1.613915549526049}}
{"op_code":7,"worker_id":"6481a120-0f93-46a8-a0da-b72c9cc348cb-140450634747904","trial_id":19,"step":3,"intermediate_value":78.2456518265472}
{"op_code":8,"worker_id":"6481a120-0f93-46a8-a0da-b72c9cc348cb-140450634747904","trial_id":19,"user_attr":{"train_loss_epoch_3":1.5315060647208052}}
{"op_code":7,"worker_id":"6481a120-0f93-46a8-a0da-b72c9cc348cb-140450634747904","trial_id":19,"step":4,"intermediate_value":79.39451920498281}
{"op_code":8,"worker_id":"6481a120-0f93-46a8-a0da-b72c9cc348cb-140450634747904","trial_id":19,"user_attr":{"train_loss_epoch_4":1.4742248755510856}}
{"op_code":7,"worker_id":"6481a120-0f93-46a8-a0da-b72c9cc348cb-140450634747904","trial_id":19,"step":5,"intermediate_value":79.79502066158656}
{"op_code":8,"worker_id":"6481a120-0f93-46a8-a0da-b72c9cc348cb-140450634747904","trial_id":19,"user_attr":{"train_loss_epoch_5":1.432265959657864}}
{"op_code":6,"worker_id":"6481a120-0f93-46a8-a0da-b72c9cc348cb-140450634747904","trial_id":19,"state":1,"values":[79.79502066158656],"datetime_complete":"2026-03-08T17:06:11.666772"}
{"op_code":0,"worker_id":"a1511711-dda8-44a4-bf5d-0d0b5a9a097e-139866613719040","study_name":"bert_squad_lrtt_bs48_adam_hybrid_nowd_nomom_nonest_set_perfect_noos_as-separate_cgm_qkvo_5ep","directions":[2]}
{"op_code":4,"worker_id":"a1511711-dda8-44a4-bf5d-0d0b5a9a097e-139866613719040","study_id":0,"datetime_start":"2026-03-08T17:06:21.944969"}
{"op_code":5,"worker_id":"a1511711-dda8-44a4-bf5d-0d0b5a9a097e-139866613719040","trial_id":20,"param_name":"learning_rate","param_value_internal":0.0032398270559564047,"distribution":"{\"name\": \"FloatDistribution\", \"attributes\": {\"step\": null, \"low\": 0.0001, \"high\": 0.02, \"log\": true}}"}
{"op_code":5,"worker_id":"a1511711-dda8-44a4-bf5d-0d0b5a9a097e-139866613719040","trial_id":20,"param_name":"transfer_lr","param_value_internal":3.031467336933015,"distribution":"{\"name\": \"FloatDistribution\", \"attributes\": {\"step\": null, \"low\": 0.0005, \"high\": 10000.0, \"log\": true}}"}
{"op_code":5,"worker_id":"a1511711-dda8-44a4-bf5d-0d0b5a9a097e-139866613719040","trial_id":20,"param_name":"transfer_every","param_value_internal":500.0,"distribution":"{\"name\": \"IntDistribution\", \"attributes\": {\"log\": true, \"step\": 1, \"low\": 1, \"high\": 500}}"}
{"op_code":5,"worker_id":"a1511711-dda8-44a4-bf5d-0d0b5a9a097e-139866613719040","trial_id":20,"param_name":"rank_exp","param_value_internal":0.0,"distribution":"{\"name\": \"IntDistribution\", \"attributes\": {\"log\": false, \"step\": 1, \"low\": 0, \"high\": 7}}"}
{"op_code":5,"worker_id":"a1511711-dda8-44a4-bf5d-0d0b5a9a097e-139866613719040","trial_id":20,"param_name":"fast_lr","param_value_internal":0.10253550482141395,"distribution":"{\"name\": \"FloatDistribution\", \"attributes\": {\"step\": null, \"low\": 0.1, \"high\": 1.0, \"log\": true}}"}
{"op_code":5,"worker_id":"a1511711-dda8-44a4-bf5d-0d0b5a9a097e-139866613719040","trial_id":20,"param_name":"tau_sec","param_value_internal":0.0,"distribution":"{\"name\": \"FloatDistribution\", \"attributes\": {\"step\": null, \"low\": 0.0, \"high\": 0.0, \"log\": false}}"}
{"op_code":5,"worker_id":"a1511711-dda8-44a4-bf5d-0d0b5a9a097e-139866613719040","trial_id":20,"param_name":"out_noise","param_value_internal":0.0,"distribution":"{\"name\": \"FloatDistribution\", \"attributes\": {\"step\": null, \"low\": 0.0, \"high\": 0.0, \"log\": false}}"}
{"op_code":5,"worker_id":"a1511711-dda8-44a4-bf5d-0d0b5a9a097e-139866613719040","trial_id":20,"param_name":"ab_weight_scaling_omega","param_value_internal":0.0,"distribution":"{\"name\": \"FloatDistribution\", \"attributes\": {\"step\": null, \"low\": 0.0, \"high\": 0.0, \"log\": false}}"}
{"op_code":5,"worker_id":"a1511711-dda8-44a4-bf5d-0d0b5a9a097e-139866613719040","trial_id":20,"param_name":"min_lr_rate","param_value_internal":0.0,"distribution":"{\"name\": \"FloatDistribution\", \"attributes\": {\"step\": null, \"low\": 0.0, \"high\": 0.0, \"log\": false}}"}
{"op_code":8,"worker_id":"a1511711-dda8-44a4-bf5d-0d0b5a9a097e-139866613719040","trial_id":20,"user_attr":{"error":"CUDA_CALL Error 'out of memory' at cuda_util.cu:978\n"}}
{"op_code":6,"worker_id":"a1511711-dda8-44a4-bf5d-0d0b5a9a097e-139866613719040","trial_id":20,"state":3,"values":null,"datetime_complete":"2026-03-08T17:10:43.920874"}
{"op_code":0,"worker_id":"490d8c5a-4933-4b06-8d2e-c09f1d477a5d-139715316535296","study_name":"bert_squad_lrtt_bs48_adam_hybrid_nowd_nomom_nonest_set_perfect_noos_as-separate_cgm_qkvo_5ep","directions":[2]}
{"op_code":4,"worker_id":"490d8c5a-4933-4b06-8d2e-c09f1d477a5d-139715316535296","study_id":0,"datetime_start":null,"state":4,"value":null,"values":null,"distributions":{},"params":{},"user_attrs":{},"system_attrs":{"fixed_params":{"learning_rate":0.0032398270559564047,"transfer_lr":3.031467336933015,"transfer_every":500,"rank_exp":0,"fast_lr":0.10253550482141395,"tau_sec":0.0,"out_noise":0.0,"ab_weight_scaling_omega":0.0,"min_lr_rate":0.0}},"intermediate_values":{}}
{"op_code":6,"worker_id":"490d8c5a-4933-4b06-8d2e-c09f1d477a5d-139715316535296","trial_id":21,"state":0,"values":null,"datetime_start":"2026-03-08T17:10:54.278212"}
{"op_code":5,"worker_id":"490d8c5a-4933-4b06-8d2e-c09f1d477a5d-139715316535296","trial_id":21,"param_name":"learning_rate","param_value_internal":0.0032398270559564047,"distribution":"{\"name\": \"FloatDistribution\", \"attributes\": {\"step\": null, \"low\": 0.0001, \"high\": 0.02, \"log\": true}}"}
{"op_code":5,"worker_id":"490d8c5a-4933-4b06-8d2e-c09f1d477a5d-139715316535296","trial_id":21,"param_name":"transfer_lr","param_value_internal":3.031467336933015,"distribution":"{\"name\": \"FloatDistribution\", \"attributes\": {\"step\": null, \"low\": 0.0005, \"high\": 10000.0, \"log\": true}}"}
{"op_code":5,"worker_id":"490d8c5a-4933-4b06-8d2e-c09f1d477a5d-139715316535296","trial_id":21,"param_name":"transfer_every","param_value_internal":500.0,"distribution":"{\"name\": \"IntDistribution\", \"attributes\": {\"log\": true, \"step\": 1, \"low\": 1, \"high\": 500}}"}
{"op_code":5,"worker_id":"490d8c5a-4933-4b06-8d2e-c09f1d477a5d-139715316535296","trial_id":21,"param_name":"rank_exp","param_value_internal":0.0,"distribution":"{\"name\": \"IntDistribution\", \"attributes\": {\"log\": false, \"step\": 1, \"low\": 0, \"high\": 7}}"}
{"op_code":5,"worker_id":"490d8c5a-4933-4b06-8d2e-c09f1d477a5d-139715316535296","trial_id":21,"param_name":"fast_lr","param_value_internal":0.10253550482141395,"distribution":"{\"name\": \"FloatDistribution\", \"attributes\": {\"step\": null, \"low\": 0.1, \"high\": 1.0, \"log\": true}}"}
{"op_code":5,"worker_id":"490d8c5a-4933-4b06-8d2e-c09f1d477a5d-139715316535296","trial_id":21,"param_name":"tau_sec","param_value_internal":0.0,"distribution":"{\"name\": \"FloatDistribution\", \"attributes\": {\"step\": null, \"low\": 0.0, \"high\": 0.0, \"log\": false}}"}
{"op_code":5,"worker_id":"490d8c5a-4933-4b06-8d2e-c09f1d477a5d-139715316535296","trial_id":21,"param_name":"out_noise","param_value_internal":0.0,"distribution":"{\"name\": \"FloatDistribution\", \"attributes\": {\"step\": null, \"low\": 0.0, \"high\": 0.0, \"log\": false}}"}
{"op_code":5,"worker_id":"490d8c5a-4933-4b06-8d2e-c09f1d477a5d-139715316535296","trial_id":21,"param_name":"ab_weight_scaling_omega","param_value_internal":0.0,"distribution":"{\"name\": \"FloatDistribution\", \"attributes\": {\"step\": null, \"low\": 0.0, \"high\": 0.0, \"log\": false}}"}
{"op_code":5,"worker_id":"490d8c5a-4933-4b06-8d2e-c09f1d477a5d-139715316535296","trial_id":21,"param_name":"min_lr_rate","param_value_internal":0.0,"distribution":"{\"name\": \"FloatDistribution\", \"attributes\": {\"step\": null, \"low\": 0.0, \"high\": 0.0, \"log\": false}}"}
{"op_code":7,"worker_id":"490d8c5a-4933-4b06-8d2e-c09f1d477a5d-139715316535296","trial_id":21,"step":1,"intermediate_value":74.80549689033428}
{"op_code":8,"worker_id":"490d8c5a-4933-4b06-8d2e-c09f1d477a5d-139715316535296","trial_id":21,"user_attr":{"train_loss_epoch_1":2.1518484522540837}}
{"op_code":7,"worker_id":"490d8c5a-4933-4b06-8d2e-c09f1d477a5d-139715316535296","trial_id":21,"step":2,"intermediate_value":76.83481557879831}
{"op_code":8,"worker_id":"490d8c5a-4933-4b06-8d2e-c09f1d477a5d-139715316535296","trial_id":21,"user_attr":{"train_loss_epoch_2":1.6143918526660592}}
{"op_code":7,"worker_id":"490d8c5a-4933-4b06-8d2e-c09f1d477a5d-139715316535296","trial_id":21,"step":3,"intermediate_value":78.03131747239844}
{"op_code":8,"worker_id":"490d8c5a-4933-4b06-8d2e-c09f1d477a5d-139715316535296","trial_id":21,"user_attr":{"train_loss_epoch_3":1.5343176514580825}}
{"op_code":7,"worker_id":"490d8c5a-4933-4b06-8d2e-c09f1d477a5d-139715316535296","trial_id":21,"step":4,"intermediate_value":79.38157905426543}
{"op_code":8,"worker_id":"490d8c5a-4933-4b06-8d2e-c09f1d477a5d-139715316535296","trial_id":21,"user_attr":{"train_loss_epoch_4":1.480590680874147}}
{"op_code":7,"worker_id":"490d8c5a-4933-4b06-8d2e-c09f1d477a5d-139715316535296","trial_id":21,"step":5,"intermediate_value":79.67053163164694}
{"op_code":8,"worker_id":"490d8c5a-4933-4b06-8d2e-c09f1d477a5d-139715316535296","trial_id":21,"user_attr":{"train_loss_epoch_5":1.4406569171934214}}
{"op_code":6,"worker_id":"490d8c5a-4933-4b06-8d2e-c09f1d477a5d-139715316535296","trial_id":21,"state":1,"values":[79.67053163164694],"datetime_complete":"2026-03-08T20:32:29.478338"}
{"op_code":0,"worker_id":"f8912a7d-3417-422f-865f-fb94584bf90c-139971331567616","study_name":"bert_squad_lrtt_bs48_adam_hybrid_nowd_nomom_nonest_set_perfect_noos_as-separate_cgm_qkvo_5ep","directions":[2]}
{"op_code":4,"worker_id":"f8912a7d-3417-422f-865f-fb94584bf90c-139971331567616","study_id":0,"datetime_start":"2026-03-08T20:32:40.228949"}
{"op_code":5,"worker_id":"f8912a7d-3417-422f-865f-fb94584bf90c-139971331567616","trial_id":22,"param_name":"learning_rate","param_value_internal":0.0001,"distribution":"{\"name\": \"FloatDistribution\", \"attributes\": {\"step\": null, \"low\": 0.0001, \"high\": 0.02, \"log\": true}}"}
{"op_code":5,"worker_id":"f8912a7d-3417-422f-865f-fb94584bf90c-139971331567616","trial_id":22,"param_name":"transfer_lr","param_value_internal":0.46532399515379835,"distribution":"{\"name\": \"FloatDistribution\", \"attributes\": {\"step\": null, \"low\": 0.0005, \"high\": 10000.0, \"log\": true}}"}
{"op_code":5,"worker_id":"f8912a7d-3417-422f-865f-fb94584bf90c-139971331567616","trial_id":22,"param_name":"transfer_every","param_value_internal":1.0,"distribution":"{\"name\": \"IntDistribution\", \"attributes\": {\"log\": true, \"step\": 1, \"low\": 1, \"high\": 500}}"}
{"op_code":5,"worker_id":"f8912a7d-3417-422f-865f-fb94584bf90c-139971331567616","trial_id":22,"param_name":"rank_exp","param_value_internal":0.0,"distribution":"{\"name\": \"IntDistribution\", \"attributes\": {\"log\": false, \"step\": 1, \"low\": 0, \"high\": 7}}"}
{"op_code":5,"worker_id":"f8912a7d-3417-422f-865f-fb94584bf90c-139971331567616","trial_id":22,"param_name":"fast_lr","param_value_internal":0.1,"distribution":"{\"name\": \"FloatDistribution\", \"attributes\": {\"step\": null, \"low\": 0.1, \"high\": 1.0, \"log\": true}}"}
{"op_code":5,"worker_id":"f8912a7d-3417-422f-865f-fb94584bf90c-139971331567616","trial_id":22,"param_name":"tau_sec","param_value_internal":0.0,"distribution":"{\"name\": \"FloatDistribution\", \"attributes\": {\"step\": null, \"low\": 0.0, \"high\": 0.0, \"log\": false}}"}
{"op_code":5,"worker_id":"f8912a7d-3417-422f-865f-fb94584bf90c-139971331567616","trial_id":22,"param_name":"out_noise","param_value_internal":0.0,"distribution":"{\"name\": \"FloatDistribution\", \"attributes\": {\"step\": null, \"low\": 0.0, \"high\": 0.0, \"log\": false}}"}
{"op_code":5,"worker_id":"f8912a7d-3417-422f-865f-fb94584bf90c-139971331567616","trial_id":22,"param_name":"ab_weight_scaling_omega","param_value_internal":0.0,"distribution":"{\"name\": \"FloatDistribution\", \"attributes\": {\"step\": null, \"low\": 0.0, \"high\": 0.0, \"log\": false}}"}
{"op_code":5,"worker_id":"f8912a7d-3417-422f-865f-fb94584bf90c-139971331567616","trial_id":22,"param_name":"min_lr_rate","param_value_internal":0.0,"distribution":"{\"name\": \"FloatDistribution\", \"attributes\": {\"step\": null, \"low\": 0.0, \"high\": 0.0, \"log\": false}}"}
{"op_code":8,"worker_id":"f8912a7d-3417-422f-865f-fb94584bf90c-139971331567616","trial_id":22,"user_attr":{"error":"CUDA_CALL Error 'out of memory' at cuda_util.cu:978\n"}}
{"op_code":6,"worker_id":"f8912a7d-3417-422f-865f-fb94584bf90c-139971331567616","trial_id":22,"state":3,"values":null,"datetime_complete":"2026-03-08T20:36:54.568735"}
{"op_code":0,"worker_id":"625a9ec9-0c98-4e44-9035-1359ed4ae31f-140255017779200","study_name":"bert_squad_lrtt_bs48_adam_hybrid_nowd_nomom_nonest_set_perfect_noos_as-separate_cgm_qkvo_5ep","directions":[2]}
{"op_code":4,"worker_id":"625a9ec9-0c98-4e44-9035-1359ed4ae31f-140255017779200","study_id":0,"datetime_start":null,"state":4,"value":null,"values":null,"distributions":{},"params":{},"user_attrs":{},"system_attrs":{"fixed_params":{"learning_rate":0.0001,"transfer_lr":0.46532399515379835,"transfer_every":1,"rank_exp":0,"fast_lr":0.1,"tau_sec":0.0,"out_noise":0.0,"ab_weight_scaling_omega":0.0,"min_lr_rate":0.0}},"intermediate_values":{}}
{"op_code":6,"worker_id":"625a9ec9-0c98-4e44-9035-1359ed4ae31f-140255017779200","trial_id":23,"state":0,"values":null,"datetime_start":"2026-03-08T20:37:05.057356"}
{"op_code":5,"worker_id":"625a9ec9-0c98-4e44-9035-1359ed4ae31f-140255017779200","trial_id":23,"param_name":"learning_rate","param_value_internal":0.0001,"distribution":"{\"name\": \"FloatDistribution\", \"attributes\": {\"step\": null, \"low\": 0.0001, \"high\": 0.02, \"log\": true}}"}
{"op_code":5,"worker_id":"625a9ec9-0c98-4e44-9035-1359ed4ae31f-140255017779200","trial_id":23,"param_name":"transfer_lr","param_value_internal":0.46532399515379835,"distribution":"{\"name\": \"FloatDistribution\", \"attributes\": {\"step\": null, \"low\": 0.0005, \"high\": 10000.0, \"log\": true}}"}
{"op_code":5,"worker_id":"625a9ec9-0c98-4e44-9035-1359ed4ae31f-140255017779200","trial_id":23,"param_name":"transfer_every","param_value_internal":1.0,"distribution":"{\"name\": \"IntDistribution\", \"attributes\": {\"log\": true, \"step\": 1, \"low\": 1, \"high\": 500}}"}
{"op_code":5,"worker_id":"625a9ec9-0c98-4e44-9035-1359ed4ae31f-140255017779200","trial_id":23,"param_name":"rank_exp","param_value_internal":0.0,"distribution":"{\"name\": \"IntDistribution\", \"attributes\": {\"log\": false, \"step\": 1, \"low\": 0, \"high\": 7}}"}
{"op_code":5,"worker_id":"625a9ec9-0c98-4e44-9035-1359ed4ae31f-140255017779200","trial_id":23,"param_name":"fast_lr","param_value_internal":0.1,"distribution":"{\"name\": \"FloatDistribution\", \"attributes\": {\"step\": null, \"low\": 0.1, \"high\": 1.0, \"log\": true}}"}
{"op_code":5,"worker_id":"625a9ec9-0c98-4e44-9035-1359ed4ae31f-140255017779200","trial_id":23,"param_name":"tau_sec","param_value_internal":0.0,"distribution":"{\"name\": \"FloatDistribution\", \"attributes\": {\"step\": null, \"low\": 0.0, \"high\": 0.0, \"log\": false}}"}
{"op_code":5,"worker_id":"625a9ec9-0c98-4e44-9035-1359ed4ae31f-140255017779200","trial_id":23,"param_name":"out_noise","param_value_internal":0.0,"distribution":"{\"name\": \"FloatDistribution\", \"attributes\": {\"step\": null, \"low\": 0.0, \"high\": 0.0, \"log\": false}}"}
{"op_code":5,"worker_id":"625a9ec9-0c98-4e44-9035-1359ed4ae31f-140255017779200","trial_id":23,"param_name":"ab_weight_scaling_omega","param_value_internal":0.0,"distribution":"{\"name\": \"FloatDistribution\", \"attributes\": {\"step\": null, \"low\": 0.0, \"high\": 0.0, \"log\": false}}"}
{"op_code":5,"worker_id":"625a9ec9-0c98-4e44-9035-1359ed4ae31f-140255017779200","trial_id":23,"param_name":"min_lr_rate","param_value_internal":0.0,"distribution":"{\"name\": \"FloatDistribution\", \"attributes\": {\"step\": null, \"low\": 0.0, \"high\": 0.0, \"log\": false}}"}
{"op_code":7,"worker_id":"625a9ec9-0c98-4e44-9035-1359ed4ae31f-140255017779200","trial_id":23,"step":1,"intermediate_value":39.80001158735874}
{"op_code":8,"worker_id":"625a9ec9-0c98-4e44-9035-1359ed4ae31f-140255017779200","trial_id":23,"user_attr":{"train_loss_epoch_1":3.830459211214541}}
{"op_code":7,"worker_id":"625a9ec9-0c98-4e44-9035-1359ed4ae31f-140255017779200","trial_id":23,"step":2,"intermediate_value":50.47317810226512}
{"op_code":8,"worker_id":"625a9ec9-0c98-4e44-9035-1359ed4ae31f-140255017779200","trial_id":23,"user_attr":{"train_loss_epoch_2":2.668892949730699}}
{"op_code":7,"worker_id":"625a9ec9-0c98-4e44-9035-1359ed4ae31f-140255017779200","trial_id":23,"step":3,"intermediate_value":54.495240633719916}
{"op_code":8,"worker_id":"625a9ec9-0c98-4e44-9035-1359ed4ae31f-140255017779200","trial_id":23,"user_attr":{"train_loss_epoch_3":2.4524224916426074}}
{"op_code":7,"worker_id":"625a9ec9-0c98-4e44-9035-1359ed4ae31f-140255017779200","trial_id":23,"step":4,"intermediate_value":56.7236821386752}
{"op_code":8,"worker_id":"625a9ec9-0c98-4e44-9035-1359ed4ae31f-140255017779200","trial_id":23,"user_attr":{"train_loss_epoch_4":2.354844100205806}}
{"op_code":7,"worker_id":"625a9ec9-0c98-4e44-9035-1359ed4ae31f-140255017779200","trial_id":23,"step":5,"intermediate_value":57.49962317907583}
{"op_code":8,"worker_id":"625a9ec9-0c98-4e44-9035-1359ed4ae31f-140255017779200","trial_id":23,"user_attr":{"train_loss_epoch_5":2.3079404285458827}}
{"op_code":6,"worker_id":"625a9ec9-0c98-4e44-9035-1359ed4ae31f-140255017779200","trial_id":23,"state":1,"values":[57.49962317907583],"datetime_complete":"2026-03-09T00:09:44.313434"}
{"op_code":0,"worker_id":"0addd955-0d95-4356-a4c1-5bc51d6c3a01-139987447083008","study_name":"bert_squad_lrtt_bs48_adam_hybrid_nowd_nomom_nonest_set_perfect_noos_as-separate_cgm_qkvo_5ep","directions":[2]}
{"op_code":4,"worker_id":"0addd955-0d95-4356-a4c1-5bc51d6c3a01-139987447083008","study_id":0,"datetime_start":"2026-03-09T00:09:54.624297"}
{"op_code":5,"worker_id":"0addd955-0d95-4356-a4c1-5bc51d6c3a01-139987447083008","trial_id":24,"param_name":"learning_rate","param_value_internal":0.02,"distribution":"{\"name\": \"FloatDistribution\", \"attributes\": {\"step\": null, \"low\": 0.0001, \"high\": 0.02, \"log\": true}}"}
{"op_code":5,"worker_id":"0addd955-0d95-4356-a4c1-5bc51d6c3a01-139987447083008","trial_id":24,"param_name":"transfer_lr","param_value_internal":0.024856089896103536,"distribution":"{\"name\": \"FloatDistribution\", \"attributes\": {\"step\": null, \"low\": 0.0005, \"high\": 10000.0, \"log\": true}}"}
{"op_code":5,"worker_id":"0addd955-0d95-4356-a4c1-5bc51d6c3a01-139987447083008","trial_id":24,"param_name":"transfer_every","param_value_internal":25.0,"distribution":"{\"name\": \"IntDistribution\", \"attributes\": {\"log\": true, \"step\": 1, \"low\": 1, \"high\": 500}}"}
{"op_code":5,"worker_id":"0addd955-0d95-4356-a4c1-5bc51d6c3a01-139987447083008","trial_id":24,"param_name":"rank_exp","param_value_internal":0.0,"distribution":"{\"name\": \"IntDistribution\", \"attributes\": {\"log\": false, \"step\": 1, \"low\": 0, \"high\": 7}}"}
{"op_code":5,"worker_id":"0addd955-0d95-4356-a4c1-5bc51d6c3a01-139987447083008","trial_id":24,"param_name":"fast_lr","param_value_internal":0.9568342405713675,"distribution":"{\"name\": \"FloatDistribution\", \"attributes\": {\"step\": null, \"low\": 0.1, \"high\": 1.0, \"log\": true}}"}
{"op_code":5,"worker_id":"0addd955-0d95-4356-a4c1-5bc51d6c3a01-139987447083008","trial_id":24,"param_name":"tau_sec","param_value_internal":0.0,"distribution":"{\"name\": \"FloatDistribution\", \"attributes\": {\"step\": null, \"low\": 0.0, \"high\": 0.0, \"log\": false}}"}
{"op_code":5,"worker_id":"0addd955-0d95-4356-a4c1-5bc51d6c3a01-139987447083008","trial_id":24,"param_name":"out_noise","param_value_internal":0.0,"distribution":"{\"name\": \"FloatDistribution\", \"attributes\": {\"step\": null, \"low\": 0.0, \"high\": 0.0, \"log\": false}}"}
{"op_code":5,"worker_id":"0addd955-0d95-4356-a4c1-5bc51d6c3a01-139987447083008","trial_id":24,"param_name":"ab_weight_scaling_omega","param_value_internal":0.0,"distribution":"{\"name\": \"FloatDistribution\", \"attributes\": {\"step\": null, \"low\": 0.0, \"high\": 0.0, \"log\": false}}"}
{"op_code":5,"worker_id":"0addd955-0d95-4356-a4c1-5bc51d6c3a01-139987447083008","trial_id":24,"param_name":"min_lr_rate","param_value_internal":0.0,"distribution":"{\"name\": \"FloatDistribution\", \"attributes\": {\"step\": null, \"low\": 0.0, \"high\": 0.0, \"log\": false}}"}
{"op_code":8,"worker_id":"0addd955-0d95-4356-a4c1-5bc51d6c3a01-139987447083008","trial_id":24,"user_attr":{"error":"CUDA_CALL Error 'out of memory' at cuda_util.cu:978\n"}}
{"op_code":6,"worker_id":"0addd955-0d95-4356-a4c1-5bc51d6c3a01-139987447083008","trial_id":24,"state":3,"values":null,"datetime_complete":"2026-03-09T00:14:20.109281"}
{"op_code":0,"worker_id":"c09fcbbd-7d0d-427b-8161-0c1fdcb4b04f-140182890086400","study_name":"bert_squad_lrtt_bs48_adam_hybrid_nowd_nomom_nonest_set_perfect_noos_as-separate_cgm_qkvo_5ep","directions":[2]}
{"op_code":4,"worker_id":"c09fcbbd-7d0d-427b-8161-0c1fdcb4b04f-140182890086400","study_id":0,"datetime_start":null,"state":4,"value":null,"values":null,"distributions":{},"params":{},"user_attrs":{},"system_attrs":{"fixed_params":{"learning_rate":0.02,"transfer_lr":0.024856089896103536,"transfer_every":25,"rank_exp":0,"fast_lr":0.9568342405713675,"tau_sec":0.0,"out_noise":0.0,"ab_weight_scaling_omega":0.0,"min_lr_rate":0.0}},"intermediate_values":{}}
{"op_code":6,"worker_id":"c09fcbbd-7d0d-427b-8161-0c1fdcb4b04f-140182890086400","trial_id":25,"state":0,"values":null,"datetime_start":"2026-03-09T00:14:30.705347"}
{"op_code":5,"worker_id":"c09fcbbd-7d0d-427b-8161-0c1fdcb4b04f-140182890086400","trial_id":25,"param_name":"learning_rate","param_value_internal":0.02,"distribution":"{\"name\": \"FloatDistribution\", \"attributes\": {\"step\": null, \"low\": 0.0001, \"high\": 0.02, \"log\": true}}"}
{"op_code":5,"worker_id":"c09fcbbd-7d0d-427b-8161-0c1fdcb4b04f-140182890086400","trial_id":25,"param_name":"transfer_lr","param_value_internal":0.024856089896103536,"distribution":"{\"name\": \"FloatDistribution\", \"attributes\": {\"step\": null, \"low\": 0.0005, \"high\": 10000.0, \"log\": true}}"}
{"op_code":5,"worker_id":"c09fcbbd-7d0d-427b-8161-0c1fdcb4b04f-140182890086400","trial_id":25,"param_name":"transfer_every","param_value_internal":25.0,"distribution":"{\"name\": \"IntDistribution\", \"attributes\": {\"log\": true, \"step\": 1, \"low\": 1, \"high\": 500}}"}
{"op_code":5,"worker_id":"c09fcbbd-7d0d-427b-8161-0c1fdcb4b04f-140182890086400","trial_id":25,"param_name":"rank_exp","param_value_internal":0.0,"distribution":"{\"name\": \"IntDistribution\", \"attributes\": {\"log\": false, \"step\": 1, \"low\": 0, \"high\": 7}}"}
{"op_code":5,"worker_id":"c09fcbbd-7d0d-427b-8161-0c1fdcb4b04f-140182890086400","trial_id":25,"param_name":"fast_lr","param_value_internal":0.9568342405713675,"distribution":"{\"name\": \"FloatDistribution\", \"attributes\": {\"step\": null, \"low\": 0.1, \"high\": 1.0, \"log\": true}}"}
{"op_code":5,"worker_id":"c09fcbbd-7d0d-427b-8161-0c1fdcb4b04f-140182890086400","trial_id":25,"param_name":"tau_sec","param_value_internal":0.0,"distribution":"{\"name\": \"FloatDistribution\", \"attributes\": {\"step\": null, \"low\": 0.0, \"high\": 0.0, \"log\": false}}"}
{"op_code":5,"worker_id":"c09fcbbd-7d0d-427b-8161-0c1fdcb4b04f-140182890086400","trial_id":25,"param_name":"out_noise","param_value_internal":0.0,"distribution":"{\"name\": \"FloatDistribution\", \"attributes\": {\"step\": null, \"low\": 0.0, \"high\": 0.0, \"log\": false}}"}
{"op_code":5,"worker_id":"c09fcbbd-7d0d-427b-8161-0c1fdcb4b04f-140182890086400","trial_id":25,"param_name":"ab_weight_scaling_omega","param_value_internal":0.0,"distribution":"{\"name\": \"FloatDistribution\", \"attributes\": {\"step\": null, \"low\": 0.0, \"high\": 0.0, \"log\": false}}"}
{"op_code":5,"worker_id":"c09fcbbd-7d0d-427b-8161-0c1fdcb4b04f-140182890086400","trial_id":25,"param_name":"min_lr_rate","param_value_internal":0.0,"distribution":"{\"name\": \"FloatDistribution\", \"attributes\": {\"step\": null, \"low\": 0.0, \"high\": 0.0, \"log\": false}}"}
{"op_code":7,"worker_id":"c09fcbbd-7d0d-427b-8161-0c1fdcb4b04f-140182890086400","trial_id":25,"step":1,"intermediate_value":63.82628108630952}
{"op_code":8,"worker_id":"c09fcbbd-7d0d-427b-8161-0c1fdcb4b04f-140182890086400","trial_id":25,"user_attr":{"train_loss_epoch_1":2.419274926638015}}
{"op_code":7,"worker_id":"c09fcbbd-7d0d-427b-8161-0c1fdcb4b04f-140182890086400","trial_id":25,"step":2,"intermediate_value":63.82628108630952}
{"op_code":8,"worker_id":"c09fcbbd-7d0d-427b-8161-0c1fdcb4b04f-140182890086400","trial_id":25,"user_attr":{"train_loss_epoch_2":2.2782719513367558}}
{"op_code":7,"worker_id":"c09fcbbd-7d0d-427b-8161-0c1fdcb4b04f-140182890086400","trial_id":25,"step":3,"intermediate_value":63.82628108630952}
{"op_code":8,"worker_id":"c09fcbbd-7d0d-427b-8161-0c1fdcb4b04f-140182890086400","trial_id":25,"user_attr":{"train_loss_epoch_3":2.3707848441216255}}
{"op_code":7,"worker_id":"c09fcbbd-7d0d-427b-8161-0c1fdcb4b04f-140182890086400","trial_id":25,"step":4,"intermediate_value":63.82628108630952}
{"op_code":8,"worker_id":"c09fcbbd-7d0d-427b-8161-0c1fdcb4b04f-140182890086400","trial_id":25,"user_attr":{"train_loss_epoch_4":2.4452091580194715}}
{"op_code":6,"worker_id":"c09fcbbd-7d0d-427b-8161-0c1fdcb4b04f-140182890086400","trial_id":25,"state":1,"values":[63.82628108630952],"datetime_complete":"2026-03-09T02:55:43.393024"}
{"op_code":0,"worker_id":"f6977d8b-28eb-43a2-9b67-1d4bc5ca00cd-140077613785088","study_name":"bert_squad_lrtt_bs48_adam_hybrid_nowd_nomom_nonest_set_perfect_noos_as-separate_cgm_qkvo_5ep","directions":[2]}
{"op_code":4,"worker_id":"f6977d8b-28eb-43a2-9b67-1d4bc5ca00cd-140077613785088","study_id":0,"datetime_start":"2026-03-09T02:55:53.759424"}
{"op_code":5,"worker_id":"f6977d8b-28eb-43a2-9b67-1d4bc5ca00cd-140077613785088","trial_id":26,"param_name":"learning_rate","param_value_internal":0.02,"distribution":"{\"name\": \"FloatDistribution\", \"attributes\": {\"step\": null, \"low\": 0.0001, \"high\": 0.02, \"log\": true}}"}
{"op_code":5,"worker_id":"f6977d8b-28eb-43a2-9b67-1d4bc5ca00cd-140077613785088","trial_id":26,"param_name":"transfer_lr","param_value_internal":0.2032715873991566,"distribution":"{\"name\": \"FloatDistribution\", \"attributes\": {\"step\": null, \"low\": 0.0005, \"high\": 10000.0, \"log\": true}}"}
{"op_code":5,"worker_id":"f6977d8b-28eb-43a2-9b67-1d4bc5ca00cd-140077613785088","trial_id":26,"param_name":"transfer_every","param_value_internal":135.0,"distribution":"{\"name\": \"IntDistribution\", \"attributes\": {\"log\": true, \"step\": 1, \"low\": 1, \"high\": 500}}"}
{"op_code":5,"worker_id":"f6977d8b-28eb-43a2-9b67-1d4bc5ca00cd-140077613785088","trial_id":26,"param_name":"rank_exp","param_value_internal":7.0,"distribution":"{\"name\": \"IntDistribution\", \"attributes\": {\"log\": false, \"step\": 1, \"low\": 0, \"high\": 7}}"}
{"op_code":5,"worker_id":"f6977d8b-28eb-43a2-9b67-1d4bc5ca00cd-140077613785088","trial_id":26,"param_name":"fast_lr","param_value_internal":0.1,"distribution":"{\"name\": \"FloatDistribution\", \"attributes\": {\"step\": null, \"low\": 0.1, \"high\": 1.0, \"log\": true}}"}
{"op_code":5,"worker_id":"f6977d8b-28eb-43a2-9b67-1d4bc5ca00cd-140077613785088","trial_id":26,"param_name":"tau_sec","param_value_internal":0.0,"distribution":"{\"name\": \"FloatDistribution\", \"attributes\": {\"step\": null, \"low\": 0.0, \"high\": 0.0, \"log\": false}}"}
{"op_code":5,"worker_id":"f6977d8b-28eb-43a2-9b67-1d4bc5ca00cd-140077613785088","trial_id":26,"param_name":"out_noise","param_value_internal":0.0,"distribution":"{\"name\": \"FloatDistribution\", \"attributes\": {\"step\": null, \"low\": 0.0, \"high\": 0.0, \"log\": false}}"}
{"op_code":5,"worker_id":"f6977d8b-28eb-43a2-9b67-1d4bc5ca00cd-140077613785088","trial_id":26,"param_name":"ab_weight_scaling_omega","param_value_internal":0.0,"distribution":"{\"name\": \"FloatDistribution\", \"attributes\": {\"step\": null, \"low\": 0.0, \"high\": 0.0, \"log\": false}}"}
{"op_code":5,"worker_id":"f6977d8b-28eb-43a2-9b67-1d4bc5ca00cd-140077613785088","trial_id":26,"param_name":"min_lr_rate","param_value_internal":0.0,"distribution":"{\"name\": \"FloatDistribution\", \"attributes\": {\"step\": null, \"low\": 0.0, \"high\": 0.0, \"log\": false}}"}
{"op_code":8,"worker_id":"f6977d8b-28eb-43a2-9b67-1d4bc5ca00cd-140077613785088","trial_id":26,"user_attr":{"error":"CUDA_CALL Error 'out of memory' at cuda_util.cu:978\n"}}
{"op_code":6,"worker_id":"f6977d8b-28eb-43a2-9b67-1d4bc5ca00cd-140077613785088","trial_id":26,"state":3,"values":null,"datetime_complete":"2026-03-09T02:58:31.519216"}
{"op_code":0,"worker_id":"e81eb076-a93f-4bdf-9409-70b35ca5082d-140560813039616","study_name":"bert_squad_lrtt_bs48_adam_hybrid_nowd_nomom_nonest_set_perfect_noos_as-separate_cgm_qkvo_5ep","directions":[2]}
{"op_code":4,"worker_id":"e81eb076-a93f-4bdf-9409-70b35ca5082d-140560813039616","study_id":0,"datetime_start":null,"state":4,"value":null,"values":null,"distributions":{},"params":{},"user_attrs":{},"system_attrs":{"fixed_params":{"learning_rate":0.02,"transfer_lr":0.2032715873991566,"transfer_every":135,"rank_exp":7,"fast_lr":0.1,"tau_sec":0.0,"out_noise":0.0,"ab_weight_scaling_omega":0.0,"min_lr_rate":0.0}},"intermediate_values":{}}
{"op_code":6,"worker_id":"e81eb076-a93f-4bdf-9409-70b35ca5082d-140560813039616","trial_id":27,"state":0,"values":null,"datetime_start":"2026-03-09T02:58:42.140667"}
{"op_code":5,"worker_id":"e81eb076-a93f-4bdf-9409-70b35ca5082d-140560813039616","trial_id":27,"param_name":"learning_rate","param_value_internal":0.02,"distribution":"{\"name\": \"FloatDistribution\", \"attributes\": {\"step\": null, \"low\": 0.0001, \"high\": 0.02, \"log\": true}}"}
{"op_code":5,"worker_id":"e81eb076-a93f-4bdf-9409-70b35ca5082d-140560813039616","trial_id":27,"param_name":"transfer_lr","param_value_internal":0.2032715873991566,"distribution":"{\"name\": \"FloatDistribution\", \"attributes\": {\"step\": null, \"low\": 0.0005, \"high\": 10000.0, \"log\": true}}"}
{"op_code":5,"worker_id":"e81eb076-a93f-4bdf-9409-70b35ca5082d-140560813039616","trial_id":27,"param_name":"transfer_every","param_value_internal":135.0,"distribution":"{\"name\": \"IntDistribution\", \"attributes\": {\"log\": true, \"step\": 1, \"low\": 1, \"high\": 500}}"}
{"op_code":5,"worker_id":"e81eb076-a93f-4bdf-9409-70b35ca5082d-140560813039616","trial_id":27,"param_name":"rank_exp","param_value_internal":7.0,"distribution":"{\"name\": \"IntDistribution\", \"attributes\": {\"log\": false, \"step\": 1, \"low\": 0, \"high\": 7}}"}
{"op_code":5,"worker_id":"e81eb076-a93f-4bdf-9409-70b35ca5082d-140560813039616","trial_id":27,"param_name":"fast_lr","param_value_internal":0.1,"distribution":"{\"name\": \"FloatDistribution\", \"attributes\": {\"step\": null, \"low\": 0.1, \"high\": 1.0, \"log\": true}}"}
{"op_code":5,"worker_id":"e81eb076-a93f-4bdf-9409-70b35ca5082d-140560813039616","trial_id":27,"param_name":"tau_sec","param_value_internal":0.0,"distribution":"{\"name\": \"FloatDistribution\", \"attributes\": {\"step\": null, \"low\": 0.0, \"high\": 0.0, \"log\": false}}"}
{"op_code":5,"worker_id":"e81eb076-a93f-4bdf-9409-70b35ca5082d-140560813039616","trial_id":27,"param_name":"out_noise","param_value_internal":0.0,"distribution":"{\"name\": \"FloatDistribution\", \"attributes\": {\"step\": null, \"low\": 0.0, \"high\": 0.0, \"log\": false}}"}
{"op_code":5,"worker_id":"e81eb076-a93f-4bdf-9409-70b35ca5082d-140560813039616","trial_id":27,"param_name":"ab_weight_scaling_omega","param_value_internal":0.0,"distribution":"{\"name\": \"FloatDistribution\", \"attributes\": {\"step\": null, \"low\": 0.0, \"high\": 0.0, \"log\": false}}"}
{"op_code":5,"worker_id":"e81eb076-a93f-4bdf-9409-70b35ca5082d-140560813039616","trial_id":27,"param_name":"min_lr_rate","param_value_internal":0.0,"distribution":"{\"name\": \"FloatDistribution\", \"attributes\": {\"step\": null, \"low\": 0.0, \"high\": 0.0, \"log\": false}}"}
{"op_code":7,"worker_id":"e81eb076-a93f-4bdf-9409-70b35ca5082d-140560813039616","trial_id":27,"step":1,"intermediate_value":65.0040062137936}
{"op_code":8,"worker_id":"e81eb076-a93f-4bdf-9409-70b35ca5082d-140560813039616","trial_id":27,"user_attr":{"train_loss_epoch_1":2.412902581785455}}
{"op_code":7,"worker_id":"e81eb076-a93f-4bdf-9409-70b35ca5082d-140560813039616","trial_id":27,"step":2,"intermediate_value":65.0040062137936}
{"op_code":8,"worker_id":"e81eb076-a93f-4bdf-9409-70b35ca5082d-140560813039616","trial_id":27,"user_attr":{"train_loss_epoch_2":2.2712697096393177}}
{"op_code":7,"worker_id":"e81eb076-a93f-4bdf-9409-70b35ca5082d-140560813039616","trial_id":27,"step":3,"intermediate_value":65.0040062137936}
{"op_code":8,"worker_id":"e81eb076-a93f-4bdf-9409-70b35ca5082d-140560813039616","trial_id":27,"user_attr":{"train_loss_epoch_3":2.3687508562193487}}
{"op_code":7,"worker_id":"e81eb076-a93f-4bdf-9409-70b35ca5082d-140560813039616","trial_id":27,"step":4,"intermediate_value":65.0040062137936}
{"op_code":8,"worker_id":"e81eb076-a93f-4bdf-9409-70b35ca5082d-140560813039616","trial_id":27,"user_attr":{"train_loss_epoch_4":2.3740742758510236}}
{"op_code":6,"worker_id":"e81eb076-a93f-4bdf-9409-70b35ca5082d-140560813039616","trial_id":27,"state":1,"values":[65.0040062137936],"datetime_complete":"2026-03-09T23:31:19.521131"}
{"op_code":0,"worker_id":"fed0beff-e7b4-434d-a4b9-30eda3e2795d-140261605486592","study_name":"bert_squad_lrtt_bs48_adam_hybrid_nowd_nomom_nonest_set_perfect_noos_as-separate_cgm_qkvo_5ep","directions":[2]}
{"op_code":4,"worker_id":"fed0beff-e7b4-434d-a4b9-30eda3e2795d-140261605486592","study_id":0,"datetime_start":"2026-03-09T23:31:30.595597"}
{"op_code":5,"worker_id":"fed0beff-e7b4-434d-a4b9-30eda3e2795d-140261605486592","trial_id":28,"param_name":"learning_rate","param_value_internal":0.0001,"distribution":"{\"name\": \"FloatDistribution\", \"attributes\": {\"step\": null, \"low\": 0.0001, \"high\": 0.02, \"log\": true}}"}
{"op_code":5,"worker_id":"fed0beff-e7b4-434d-a4b9-30eda3e2795d-140261605486592","trial_id":28,"param_name":"transfer_lr","param_value_internal":0.0005,"distribution":"{\"name\": \"FloatDistribution\", \"attributes\": {\"step\": null, \"low\": 0.0005, \"high\": 10000.0, \"log\": true}}"}
{"op_code":5,"worker_id":"fed0beff-e7b4-434d-a4b9-30eda3e2795d-140261605486592","trial_id":28,"param_name":"transfer_every","param_value_internal":21.0,"distribution":"{\"name\": \"IntDistribution\", \"attributes\": {\"log\": true, \"step\": 1, \"low\": 1, \"high\": 500}}"}
{"op_code":5,"worker_id":"fed0beff-e7b4-434d-a4b9-30eda3e2795d-140261605486592","trial_id":28,"param_name":"rank_exp","param_value_internal":7.0,"distribution":"{\"name\": \"IntDistribution\", \"attributes\": {\"log\": false, \"step\": 1, \"low\": 0, \"high\": 7}}"}
{"op_code":5,"worker_id":"fed0beff-e7b4-434d-a4b9-30eda3e2795d-140261605486592","trial_id":28,"param_name":"fast_lr","param_value_internal":0.9501427668962673,"distribution":"{\"name\": \"FloatDistribution\", \"attributes\": {\"step\": null, \"low\": 0.1, \"high\": 1.0, \"log\": true}}"}
{"op_code":5,"worker_id":"fed0beff-e7b4-434d-a4b9-30eda3e2795d-140261605486592","trial_id":28,"param_name":"tau_sec","param_value_internal":0.0,"distribution":"{\"name\": \"FloatDistribution\", \"attributes\": {\"step\": null, \"low\": 0.0, \"high\": 0.0, \"log\": false}}"}
{"op_code":5,"worker_id":"fed0beff-e7b4-434d-a4b9-30eda3e2795d-140261605486592","trial_id":28,"param_name":"out_noise","param_value_internal":0.0,"distribution":"{\"name\": \"FloatDistribution\", \"attributes\": {\"step\": null, \"low\": 0.0, \"high\": 0.0, \"log\": false}}"}
{"op_code":5,"worker_id":"fed0beff-e7b4-434d-a4b9-30eda3e2795d-140261605486592","trial_id":28,"param_name":"ab_weight_scaling_omega","param_value_internal":0.0,"distribution":"{\"name\": \"FloatDistribution\", \"attributes\": {\"step\": null, \"low\": 0.0, \"high\": 0.0, \"log\": false}}"}
{"op_code":5,"worker_id":"fed0beff-e7b4-434d-a4b9-30eda3e2795d-140261605486592","trial_id":28,"param_name":"min_lr_rate","param_value_internal":0.0,"distribution":"{\"name\": \"FloatDistribution\", \"attributes\": {\"step\": null, \"low\": 0.0, \"high\": 0.0, \"log\": false}}"}
{"op_code":8,"worker_id":"fed0beff-e7b4-434d-a4b9-30eda3e2795d-140261605486592","trial_id":28,"user_attr":{"error":"CUDA_CALL Error 'out of memory' at cuda_util.cu:978\n"}}
{"op_code":6,"worker_id":"fed0beff-e7b4-434d-a4b9-30eda3e2795d-140261605486592","trial_id":28,"state":3,"values":null,"datetime_complete":"2026-03-09T23:34:08.919025"}
{"op_code":0,"worker_id":"83ac8974-22f3-4d59-9ab0-f6852ea6e7b6-140413779238912","study_name":"bert_squad_lrtt_bs48_adam_hybrid_nowd_nomom_nonest_set_perfect_noos_as-separate_cgm_qkvo_5ep","directions":[2]}
{"op_code":4,"worker_id":"83ac8974-22f3-4d59-9ab0-f6852ea6e7b6-140413779238912","study_id":0,"datetime_start":null,"state":4,"value":null,"values":null,"distributions":{},"params":{},"user_attrs":{},"system_attrs":{"fixed_params":{"learning_rate":0.0001,"transfer_lr":0.0005,"transfer_every":21,"rank_exp":7,"fast_lr":0.9501427668962673,"tau_sec":0.0,"out_noise":0.0,"ab_weight_scaling_omega":0.0,"min_lr_rate":0.0}},"intermediate_values":{}}
{"op_code":6,"worker_id":"83ac8974-22f3-4d59-9ab0-f6852ea6e7b6-140413779238912","trial_id":29,"state":0,"values":null,"datetime_start":"2026-03-09T23:34:19.710180"}
{"op_code":5,"worker_id":"83ac8974-22f3-4d59-9ab0-f6852ea6e7b6-140413779238912","trial_id":29,"param_name":"learning_rate","param_value_internal":0.0001,"distribution":"{\"name\": \"FloatDistribution\", \"attributes\": {\"step\": null, \"low\": 0.0001, \"high\": 0.02, \"log\": true}}"}
{"op_code":5,"worker_id":"83ac8974-22f3-4d59-9ab0-f6852ea6e7b6-140413779238912","trial_id":29,"param_name":"transfer_lr","param_value_internal":0.0005,"distribution":"{\"name\": \"FloatDistribution\", \"attributes\": {\"step\": null, \"low\": 0.0005, \"high\": 10000.0, \"log\": true}}"}
{"op_code":5,"worker_id":"83ac8974-22f3-4d59-9ab0-f6852ea6e7b6-140413779238912","trial_id":29,"param_name":"transfer_every","param_value_internal":21.0,"distribution":"{\"name\": \"IntDistribution\", \"attributes\": {\"log\": true, \"step\": 1, \"low\": 1, \"high\": 500}}"}
{"op_code":5,"worker_id":"83ac8974-22f3-4d59-9ab0-f6852ea6e7b6-140413779238912","trial_id":29,"param_name":"rank_exp","param_value_internal":7.0,"distribution":"{\"name\": \"IntDistribution\", \"attributes\": {\"log\": false, \"step\": 1, \"low\": 0, \"high\": 7}}"}
{"op_code":5,"worker_id":"83ac8974-22f3-4d59-9ab0-f6852ea6e7b6-140413779238912","trial_id":29,"param_name":"fast_lr","param_value_internal":0.9501427668962673,"distribution":"{\"name\": \"FloatDistribution\", \"attributes\": {\"step\": null, \"low\": 0.1, \"high\": 1.0, \"log\": true}}"}
{"op_code":5,"worker_id":"83ac8974-22f3-4d59-9ab0-f6852ea6e7b6-140413779238912","trial_id":29,"param_name":"tau_sec","param_value_internal":0.0,"distribution":"{\"name\": \"FloatDistribution\", \"attributes\": {\"step\": null, \"low\": 0.0, \"high\": 0.0, \"log\": false}}"}
{"op_code":5,"worker_id":"83ac8974-22f3-4d59-9ab0-f6852ea6e7b6-140413779238912","trial_id":29,"param_name":"out_noise","param_value_internal":0.0,"distribution":"{\"name\": \"FloatDistribution\", \"attributes\": {\"step\": null, \"low\": 0.0, \"high\": 0.0, \"log\": false}}"}
{"op_code":5,"worker_id":"83ac8974-22f3-4d59-9ab0-f6852ea6e7b6-140413779238912","trial_id":29,"param_name":"ab_weight_scaling_omega","param_value_internal":0.0,"distribution":"{\"name\": \"FloatDistribution\", \"attributes\": {\"step\": null, \"low\": 0.0, \"high\": 0.0, \"log\": false}}"}
{"op_code":5,"worker_id":"83ac8974-22f3-4d59-9ab0-f6852ea6e7b6-140413779238912","trial_id":29,"param_name":"min_lr_rate","param_value_internal":0.0,"distribution":"{\"name\": \"FloatDistribution\", \"attributes\": {\"step\": null, \"low\": 0.0, \"high\": 0.0, \"log\": false}}"}
{"op_code":6,"worker_id":"83ac8974-22f3-4d59-9ab0-f6852ea6e7b6-140413779238912","trial_id":29,"state":3,"values":null,"datetime_complete":"2026-03-10T01:28:44.070123"}
{"op_code":0,"worker_id":"eaa751ec-a8a1-458d-b945-a5f29ee3fb2a-140012960776192","study_name":"bert_squad_lrtt_bs48_adam_hybrid_nowd_nomom_nonest_set_perfect_noos_as-separate_cgm_qkvo_5ep","directions":[2]}
{"op_code":4,"worker_id":"eaa751ec-a8a1-458d-b945-a5f29ee3fb2a-140012960776192","study_id":0,"datetime_start":"2026-03-10T01:29:52.295255"}
{"op_code":5,"worker_id":"eaa751ec-a8a1-458d-b945-a5f29ee3fb2a-140012960776192","trial_id":30,"param_name":"learning_rate","param_value_internal":0.0001,"distribution":"{\"name\": \"FloatDistribution\", \"attributes\": {\"step\": null, \"low\": 0.0001, \"high\": 0.02, \"log\": true}}"}
{"op_code":5,"worker_id":"eaa751ec-a8a1-458d-b945-a5f29ee3fb2a-140012960776192","trial_id":30,"param_name":"transfer_lr","param_value_internal":0.0005,"distribution":"{\"name\": \"FloatDistribution\", \"attributes\": {\"step\": null, \"low\": 0.0005, \"high\": 10000.0, \"log\": true}}"}
{"op_code":5,"worker_id":"eaa751ec-a8a1-458d-b945-a5f29ee3fb2a-140012960776192","trial_id":30,"param_name":"transfer_every","param_value_internal":21.0,"distribution":"{\"name\": \"IntDistribution\", \"attributes\": {\"log\": true, \"step\": 1, \"low\": 1, \"high\": 500}}"}
{"op_code":5,"worker_id":"eaa751ec-a8a1-458d-b945-a5f29ee3fb2a-140012960776192","trial_id":30,"param_name":"rank_exp","param_value_internal":7.0,"distribution":"{\"name\": \"IntDistribution\", \"attributes\": {\"log\": false, \"step\": 1, \"low\": 0, \"high\": 7}}"}
{"op_code":5,"worker_id":"eaa751ec-a8a1-458d-b945-a5f29ee3fb2a-140012960776192","trial_id":30,"param_name":"fast_lr","param_value_internal":0.1,"distribution":"{\"name\": \"FloatDistribution\", \"attributes\": {\"step\": null, \"low\": 0.1, \"high\": 1.0, \"log\": true}}"}
{"op_code":5,"worker_id":"eaa751ec-a8a1-458d-b945-a5f29ee3fb2a-140012960776192","trial_id":30,"param_name":"tau_sec","param_value_internal":0.0,"distribution":"{\"name\": \"FloatDistribution\", \"attributes\": {\"step\": null, \"low\": 0.0, \"high\": 0.0, \"log\": false}}"}
{"op_code":5,"worker_id":"eaa751ec-a8a1-458d-b945-a5f29ee3fb2a-140012960776192","trial_id":30,"param_name":"out_noise","param_value_internal":0.0,"distribution":"{\"name\": \"FloatDistribution\", \"attributes\": {\"step\": null, \"low\": 0.0, \"high\": 0.0, \"log\": false}}"}
{"op_code":5,"worker_id":"eaa751ec-a8a1-458d-b945-a5f29ee3fb2a-140012960776192","trial_id":30,"param_name":"ab_weight_scaling_omega","param_value_internal":0.0,"distribution":"{\"name\": \"FloatDistribution\", \"attributes\": {\"step\": null, \"low\": 0.0, \"high\": 0.0, \"log\": false}}"}
{"op_code":5,"worker_id":"eaa751ec-a8a1-458d-b945-a5f29ee3fb2a-140012960776192","trial_id":30,"param_name":"min_lr_rate","param_value_internal":0.0,"distribution":"{\"name\": \"FloatDistribution\", \"attributes\": {\"step\": null, \"low\": 0.0, \"high\": 0.0, \"log\": false}}"}
{"op_code":6,"worker_id":"eaa751ec-a8a1-458d-b945-a5f29ee3fb2a-140012960776192","trial_id":30,"state":3,"values":null,"datetime_complete":"2026-03-10T01:30:30.057220"}
{"op_code":0,"worker_id":"377081ce-37a0-4081-a03d-0c2005ae0f4c-140226497970176","study_name":"bert_squad_lrtt_bs48_adam_hybrid_nowd_nomom_nonest_set_perfect_noos_as-separate_cgm_qkvo_5ep","directions":[2]}
{"op_code":4,"worker_id":"377081ce-37a0-4081-a03d-0c2005ae0f4c-140226497970176","study_id":0,"datetime_start":"2026-03-10T01:31:52.159269"}
{"op_code":5,"worker_id":"377081ce-37a0-4081-a03d-0c2005ae0f4c-140226497970176","trial_id":31,"param_name":"learning_rate","param_value_internal":0.00010341418364026639,"distribution":"{\"name\": \"FloatDistribution\", \"attributes\": {\"step\": null, \"low\": 0.0001, \"high\": 0.02, \"log\": true}}"}
{"op_code":5,"worker_id":"377081ce-37a0-4081-a03d-0c2005ae0f4c-140226497970176","trial_id":31,"param_name":"transfer_lr","param_value_internal":0.0005,"distribution":"{\"name\": \"FloatDistribution\", \"attributes\": {\"step\": null, \"low\": 0.0005, \"high\": 10000.0, \"log\": true}}"}
{"op_code":5,"worker_id":"377081ce-37a0-4081-a03d-0c2005ae0f4c-140226497970176","trial_id":31,"param_name":"transfer_every","param_value_internal":21.0,"distribution":"{\"name\": \"IntDistribution\", \"attributes\": {\"log\": true, \"step\": 1, \"low\": 1, \"high\": 500}}"}
{"op_code":5,"worker_id":"377081ce-37a0-4081-a03d-0c2005ae0f4c-140226497970176","trial_id":31,"param_name":"rank_exp","param_value_internal":4.0,"distribution":"{\"name\": \"IntDistribution\", \"attributes\": {\"log\": false, \"step\": 1, \"low\": 0, \"high\": 6}}"}
{"op_code":5,"worker_id":"377081ce-37a0-4081-a03d-0c2005ae0f4c-140226497970176","trial_id":31,"param_name":"fast_lr","param_value_internal":0.10761671825163957,"distribution":"{\"name\": \"FloatDistribution\", \"attributes\": {\"step\": null, \"low\": 0.1, \"high\": 1.0, \"log\": true}}"}
{"op_code":5,"worker_id":"377081ce-37a0-4081-a03d-0c2005ae0f4c-140226497970176","trial_id":31,"param_name":"tau_sec","param_value_internal":0.0,"distribution":"{\"name\": \"FloatDistribution\", \"attributes\": {\"step\": null, \"low\": 0.0, \"high\": 0.0, \"log\": false}}"}
{"op_code":5,"worker_id":"377081ce-37a0-4081-a03d-0c2005ae0f4c-140226497970176","trial_id":31,"param_name":"out_noise","param_value_internal":0.0,"distribution":"{\"name\": \"FloatDistribution\", \"attributes\": {\"step\": null, \"low\": 0.0, \"high\": 0.0, \"log\": false}}"}
{"op_code":5,"worker_id":"377081ce-37a0-4081-a03d-0c2005ae0f4c-140226497970176","trial_id":31,"param_name":"ab_weight_scaling_omega","param_value_internal":0.0,"distribution":"{\"name\": \"FloatDistribution\", \"attributes\": {\"step\": null, \"low\": 0.0, \"high\": 0.0, \"log\": false}}"}
{"op_code":5,"worker_id":"377081ce-37a0-4081-a03d-0c2005ae0f4c-140226497970176","trial_id":31,"param_name":"min_lr_rate","param_value_internal":0.0,"distribution":"{\"name\": \"FloatDistribution\", \"attributes\": {\"step\": null, \"low\": 0.0, \"high\": 0.0, \"log\": false}}"}
{"op_code":8,"worker_id":"377081ce-37a0-4081-a03d-0c2005ae0f4c-140226497970176","trial_id":31,"user_attr":{"error":"CUDA_CALL Error 'out of memory' at cuda_util.cu:978\n"}}
{"op_code":6,"worker_id":"377081ce-37a0-4081-a03d-0c2005ae0f4c-140226497970176","trial_id":31,"state":3,"values":null,"datetime_complete":"2026-03-10T01:35:12.308978"}
{"op_code":0,"worker_id":"691a12a3-927d-4545-b987-0d416698eb7f-140365359669248","study_name":"bert_squad_lrtt_bs48_adam_hybrid_nowd_nomom_nonest_set_perfect_noos_as-separate_cgm_qkvo_5ep","directions":[2]}
{"op_code":4,"worker_id":"691a12a3-927d-4545-b987-0d416698eb7f-140365359669248","study_id":0,"datetime_start":null,"state":4,"value":null,"values":null,"distributions":{},"params":{},"user_attrs":{},"system_attrs":{"fixed_params":{"learning_rate":0.00010341418364026639,"transfer_lr":0.0005,"transfer_every":21,"rank_exp":4,"fast_lr":0.10761671825163957,"tau_sec":0.0,"out_noise":0.0,"ab_weight_scaling_omega":0.0,"min_lr_rate":0.0}},"intermediate_values":{}}
{"op_code":6,"worker_id":"691a12a3-927d-4545-b987-0d416698eb7f-140365359669248","trial_id":32,"state":0,"values":null,"datetime_start":"2026-03-10T01:35:22.854853"}
{"op_code":5,"worker_id":"691a12a3-927d-4545-b987-0d416698eb7f-140365359669248","trial_id":32,"param_name":"learning_rate","param_value_internal":0.00010341418364026639,"distribution":"{\"name\": \"FloatDistribution\", \"attributes\": {\"step\": null, \"low\": 0.0001, \"high\": 0.02, \"log\": true}}"}
{"op_code":5,"worker_id":"691a12a3-927d-4545-b987-0d416698eb7f-140365359669248","trial_id":32,"param_name":"transfer_lr","param_value_internal":0.0005,"distribution":"{\"name\": \"FloatDistribution\", \"attributes\": {\"step\": null, \"low\": 0.0005, \"high\": 10000.0, \"log\": true}}"}
{"op_code":5,"worker_id":"691a12a3-927d-4545-b987-0d416698eb7f-140365359669248","trial_id":32,"param_name":"transfer_every","param_value_internal":21.0,"distribution":"{\"name\": \"IntDistribution\", \"attributes\": {\"log\": true, \"step\": 1, \"low\": 1, \"high\": 500}}"}
{"op_code":5,"worker_id":"691a12a3-927d-4545-b987-0d416698eb7f-140365359669248","trial_id":32,"param_name":"rank_exp","param_value_internal":4.0,"distribution":"{\"name\": \"IntDistribution\", \"attributes\": {\"log\": false, \"step\": 1, \"low\": 0, \"high\": 6}}"}
{"op_code":5,"worker_id":"691a12a3-927d-4545-b987-0d416698eb7f-140365359669248","trial_id":32,"param_name":"fast_lr","param_value_internal":0.10761671825163957,"distribution":"{\"name\": \"FloatDistribution\", \"attributes\": {\"step\": null, \"low\": 0.1, \"high\": 1.0, \"log\": true}}"}
{"op_code":5,"worker_id":"691a12a3-927d-4545-b987-0d416698eb7f-140365359669248","trial_id":32,"param_name":"tau_sec","param_value_internal":0.0,"distribution":"{\"name\": \"FloatDistribution\", \"attributes\": {\"step\": null, \"low\": 0.0, \"high\": 0.0, \"log\": false}}"}
{"op_code":5,"worker_id":"691a12a3-927d-4545-b987-0d416698eb7f-140365359669248","trial_id":32,"param_name":"out_noise","param_value_internal":0.0,"distribution":"{\"name\": \"FloatDistribution\", \"attributes\": {\"step\": null, \"low\": 0.0, \"high\": 0.0, \"log\": false}}"}
{"op_code":5,"worker_id":"691a12a3-927d-4545-b987-0d416698eb7f-140365359669248","trial_id":32,"param_name":"ab_weight_scaling_omega","param_value_internal":0.0,"distribution":"{\"name\": \"FloatDistribution\", \"attributes\": {\"step\": null, \"low\": 0.0, \"high\": 0.0, \"log\": false}}"}
{"op_code":5,"worker_id":"691a12a3-927d-4545-b987-0d416698eb7f-140365359669248","trial_id":32,"param_name":"min_lr_rate","param_value_internal":0.0,"distribution":"{\"name\": \"FloatDistribution\", \"attributes\": {\"step\": null, \"low\": 0.0, \"high\": 0.0, \"log\": false}}"}
{"op_code":7,"worker_id":"691a12a3-927d-4545-b987-0d416698eb7f-140365359669248","trial_id":32,"step":1,"intermediate_value":40.84287680984741}
{"op_code":8,"worker_id":"691a12a3-927d-4545-b987-0d416698eb7f-140365359669248","trial_id":32,"user_attr":{"train_loss_epoch_1":3.808434456788805}}
{"op_code":7,"worker_id":"691a12a3-927d-4545-b987-0d416698eb7f-140365359669248","trial_id":32,"step":2,"intermediate_value":50.94034194805794}
{"op_code":8,"worker_id":"691a12a3-927d-4545-b987-0d416698eb7f-140365359669248","trial_id":32,"user_attr":{"train_loss_epoch_2":2.64941766143136}}
{"op_code":7,"worker_id":"691a12a3-927d-4545-b987-0d416698eb7f-140365359669248","trial_id":32,"step":3,"intermediate_value":54.888073096451}
{"op_code":8,"worker_id":"691a12a3-927d-4545-b987-0d416698eb7f-140365359669248","trial_id":32,"user_attr":{"train_loss_epoch_3":2.437031615843583}}
{"op_code":7,"worker_id":"691a12a3-927d-4545-b987-0d416698eb7f-140365359669248","trial_id":32,"step":4,"intermediate_value":57.33287576990282}
{"op_code":8,"worker_id":"691a12a3-927d-4545-b987-0d416698eb7f-140365359669248","trial_id":32,"user_attr":{"train_loss_epoch_4":2.3386484305365487}}
{"op_code":7,"worker_id":"691a12a3-927d-4545-b987-0d416698eb7f-140365359669248","trial_id":32,"step":5,"intermediate_value":58.050230282833716}
{"op_code":8,"worker_id":"691a12a3-927d-4545-b987-0d416698eb7f-140365359669248","trial_id":32,"user_attr":{"train_loss_epoch_5":2.291027108903628}}
{"op_code":6,"worker_id":"691a12a3-927d-4545-b987-0d416698eb7f-140365359669248","trial_id":32,"state":1,"values":[58.050230282833716],"datetime_complete":"2026-03-10T05:01:02.484791"}
{"op_code":0,"worker_id":"ae879166-4c11-4e03-812c-fc851bf4b124-140256854241280","study_name":"bert_squad_lrtt_bs48_adam_hybrid_nowd_nomom_nonest_set_perfect_noos_as-separate_cgm_qkvo_5ep","directions":[2]}
{"op_code":4,"worker_id":"ae879166-4c11-4e03-812c-fc851bf4b124-140256854241280","study_id":0,"datetime_start":"2026-03-10T05:01:13.230018"}
{"op_code":5,"worker_id":"ae879166-4c11-4e03-812c-fc851bf4b124-140256854241280","trial_id":33,"param_name":"learning_rate","param_value_internal":0.013793492733333508,"distribution":"{\"name\": \"FloatDistribution\", \"attributes\": {\"step\": null, \"low\": 0.0001, \"high\": 0.02, \"log\": true}}"}
{"op_code":5,"worker_id":"ae879166-4c11-4e03-812c-fc851bf4b124-140256854241280","trial_id":33,"param_name":"transfer_lr","param_value_internal":0.0005280527172044755,"distribution":"{\"name\": \"FloatDistribution\", \"attributes\": {\"step\": null, \"low\": 0.0005, \"high\": 10000.0, \"log\": true}}"}
{"op_code":5,"worker_id":"ae879166-4c11-4e03-812c-fc851bf4b124-140256854241280","trial_id":33,"param_name":"transfer_every","param_value_internal":35.0,"distribution":"{\"name\": \"IntDistribution\", \"attributes\": {\"log\": true, \"step\": 1, \"low\": 1, \"high\": 500}}"}
{"op_code":5,"worker_id":"ae879166-4c11-4e03-812c-fc851bf4b124-140256854241280","trial_id":33,"param_name":"rank_exp","param_value_internal":0.0,"distribution":"{\"name\": \"IntDistribution\", \"attributes\": {\"log\": false, \"step\": 1, \"low\": 0, \"high\": 6}}"}
{"op_code":5,"worker_id":"ae879166-4c11-4e03-812c-fc851bf4b124-140256854241280","trial_id":33,"param_name":"fast_lr","param_value_internal":0.9860061500372613,"distribution":"{\"name\": \"FloatDistribution\", \"attributes\": {\"step\": null, \"low\": 0.1, \"high\": 1.0, \"log\": true}}"}
{"op_code":5,"worker_id":"ae879166-4c11-4e03-812c-fc851bf4b124-140256854241280","trial_id":33,"param_name":"tau_sec","param_value_internal":0.0,"distribution":"{\"name\": \"FloatDistribution\", \"attributes\": {\"step\": null, \"low\": 0.0, \"high\": 0.0, \"log\": false}}"}
{"op_code":5,"worker_id":"ae879166-4c11-4e03-812c-fc851bf4b124-140256854241280","trial_id":33,"param_name":"out_noise","param_value_internal":0.0,"distribution":"{\"name\": \"FloatDistribution\", \"attributes\": {\"step\": null, \"low\": 0.0, \"high\": 0.0, \"log\": false}}"}
{"op_code":5,"worker_id":"ae879166-4c11-4e03-812c-fc851bf4b124-140256854241280","trial_id":33,"param_name":"ab_weight_scaling_omega","param_value_internal":0.0,"distribution":"{\"name\": \"FloatDistribution\", \"attributes\": {\"step\": null, \"low\": 0.0, \"high\": 0.0, \"log\": false}}"}
{"op_code":5,"worker_id":"ae879166-4c11-4e03-812c-fc851bf4b124-140256854241280","trial_id":33,"param_name":"min_lr_rate","param_value_internal":0.0,"distribution":"{\"name\": \"FloatDistribution\", \"attributes\": {\"step\": null, \"low\": 0.0, \"high\": 0.0, \"log\": false}}"}
{"op_code":8,"worker_id":"ae879166-4c11-4e03-812c-fc851bf4b124-140256854241280","trial_id":33,"user_attr":{"error":"CUDA_CALL Error 'out of memory' at cuda_util.cu:978\n"}}
{"op_code":6,"worker_id":"ae879166-4c11-4e03-812c-fc851bf4b124-140256854241280","trial_id":33,"state":3,"values":null,"datetime_complete":"2026-03-10T05:05:37.562997"}
{"op_code":0,"worker_id":"7fd6c532-6bf0-48d7-95ac-56e08fc42479-140281566875648","study_name":"bert_squad_lrtt_bs48_adam_hybrid_nowd_nomom_nonest_set_perfect_noos_as-separate_cgm_qkvo_5ep","directions":[2]}
{"op_code":4,"worker_id":"7fd6c532-6bf0-48d7-95ac-56e08fc42479-140281566875648","study_id":0,"datetime_start":null,"state":4,"value":null,"values":null,"distributions":{},"params":{},"user_attrs":{},"system_attrs":{"fixed_params":{"learning_rate":0.013793492733333508,"transfer_lr":0.0005280527172044755,"transfer_every":35,"rank_exp":0,"fast_lr":0.9860061500372613,"tau_sec":0.0,"out_noise":0.0,"ab_weight_scaling_omega":0.0,"min_lr_rate":0.0}},"intermediate_values":{}}
{"op_code":6,"worker_id":"7fd6c532-6bf0-48d7-95ac-56e08fc42479-140281566875648","trial_id":34,"state":0,"values":null,"datetime_start":"2026-03-10T05:05:48.205903"}
{"op_code":5,"worker_id":"7fd6c532-6bf0-48d7-95ac-56e08fc42479-140281566875648","trial_id":34,"param_name":"learning_rate","param_value_internal":0.013793492733333508,"distribution":"{\"name\": \"FloatDistribution\", \"attributes\": {\"step\": null, \"low\": 0.0001, \"high\": 0.02, \"log\": true}}"}
{"op_code":5,"worker_id":"7fd6c532-6bf0-48d7-95ac-56e08fc42479-140281566875648","trial_id":34,"param_name":"transfer_lr","param_value_internal":0.0005280527172044755,"distribution":"{\"name\": \"FloatDistribution\", \"attributes\": {\"step\": null, \"low\": 0.0005, \"high\": 10000.0, \"log\": true}}"}
{"op_code":5,"worker_id":"7fd6c532-6bf0-48d7-95ac-56e08fc42479-140281566875648","trial_id":34,"param_name":"transfer_every","param_value_internal":35.0,"distribution":"{\"name\": \"IntDistribution\", \"attributes\": {\"log\": true, \"step\": 1, \"low\": 1, \"high\": 500}}"}
{"op_code":5,"worker_id":"7fd6c532-6bf0-48d7-95ac-56e08fc42479-140281566875648","trial_id":34,"param_name":"rank_exp","param_value_internal":0.0,"distribution":"{\"name\": \"IntDistribution\", \"attributes\": {\"log\": false, \"step\": 1, \"low\": 0, \"high\": 6}}"}
{"op_code":5,"worker_id":"7fd6c532-6bf0-48d7-95ac-56e08fc42479-140281566875648","trial_id":34,"param_name":"fast_lr","param_value_internal":0.9860061500372613,"distribution":"{\"name\": \"FloatDistribution\", \"attributes\": {\"step\": null, \"low\": 0.1, \"high\": 1.0, \"log\": true}}"}
{"op_code":5,"worker_id":"7fd6c532-6bf0-48d7-95ac-56e08fc42479-140281566875648","trial_id":34,"param_name":"tau_sec","param_value_internal":0.0,"distribution":"{\"name\": \"FloatDistribution\", \"attributes\": {\"step\": null, \"low\": 0.0, \"high\": 0.0, \"log\": false}}"}
{"op_code":5,"worker_id":"7fd6c532-6bf0-48d7-95ac-56e08fc42479-140281566875648","trial_id":34,"param_name":"out_noise","param_value_internal":0.0,"distribution":"{\"name\": \"FloatDistribution\", \"attributes\": {\"step\": null, \"low\": 0.0, \"high\": 0.0, \"log\": false}}"}
{"op_code":5,"worker_id":"7fd6c532-6bf0-48d7-95ac-56e08fc42479-140281566875648","trial_id":34,"param_name":"ab_weight_scaling_omega","param_value_internal":0.0,"distribution":"{\"name\": \"FloatDistribution\", \"attributes\": {\"step\": null, \"low\": 0.0, \"high\": 0.0, \"log\": false}}"}
{"op_code":5,"worker_id":"7fd6c532-6bf0-48d7-95ac-56e08fc42479-140281566875648","trial_id":34,"param_name":"min_lr_rate","param_value_internal":0.0,"distribution":"{\"name\": \"FloatDistribution\", \"attributes\": {\"step\": null, \"low\": 0.0, \"high\": 0.0, \"log\": false}}"}
{"op_code":7,"worker_id":"7fd6c532-6bf0-48d7-95ac-56e08fc42479-140281566875648","trial_id":34,"step":1,"intermediate_value":70.80683049465925}
{"op_code":8,"worker_id":"7fd6c532-6bf0-48d7-95ac-56e08fc42479-140281566875648","trial_id":34,"user_attr":{"train_loss_epoch_1":2.215670716022534}}
{"op_code":7,"worker_id":"7fd6c532-6bf0-48d7-95ac-56e08fc42479-140281566875648","trial_id":34,"step":2,"intermediate_value":71.8878461009041}
{"op_code":8,"worker_id":"7fd6c532-6bf0-48d7-95ac-56e08fc42479-140281566875648","trial_id":34,"user_attr":{"train_loss_epoch_2":1.8902886417636577}}
{"op_code":7,"worker_id":"7fd6c532-6bf0-48d7-95ac-56e08fc42479-140281566875648","trial_id":34,"step":3,"intermediate_value":73.43559674879074}
{"op_code":8,"worker_id":"7fd6c532-6bf0-48d7-95ac-56e08fc42479-140281566875648","trial_id":34,"user_attr":{"train_loss_epoch_3":1.8119696621230443}}
{"op_code":7,"worker_id":"7fd6c532-6bf0-48d7-95ac-56e08fc42479-140281566875648","trial_id":34,"step":4,"intermediate_value":74.78392706513084}
{"op_code":8,"worker_id":"7fd6c532-6bf0-48d7-95ac-56e08fc42479-140281566875648","trial_id":34,"user_attr":{"train_loss_epoch_4":1.736340462369756}}
{"op_code":7,"worker_id":"7fd6c532-6bf0-48d7-95ac-56e08fc42479-140281566875648","trial_id":34,"step":5,"intermediate_value":75.99761447024206}
{"op_code":8,"worker_id":"7fd6c532-6bf0-48d7-95ac-56e08fc42479-140281566875648","trial_id":34,"user_attr":{"train_loss_epoch_5":1.6444347259086398}}
{"op_code":6,"worker_id":"7fd6c532-6bf0-48d7-95ac-56e08fc42479-140281566875648","trial_id":34,"state":1,"values":[75.99761447024206],"datetime_complete":"2026-03-10T08:27:37.068227"}
{"op_code":0,"worker_id":"a5a679a4-a05f-4450-9c0c-28fb77cb63d6-140116125179904","study_name":"bert_squad_lrtt_bs48_adam_hybrid_nowd_nomom_nonest_set_perfect_noos_as-separate_cgm_qkvo_5ep","directions":[2]}
{"op_code":4,"worker_id":"a5a679a4-a05f-4450-9c0c-28fb77cb63d6-140116125179904","study_id":0,"datetime_start":"2026-03-10T08:27:47.736549"}
{"op_code":5,"worker_id":"a5a679a4-a05f-4450-9c0c-28fb77cb63d6-140116125179904","trial_id":35,"param_name":"learning_rate","param_value_internal":0.0001,"distribution":"{\"name\": \"FloatDistribution\", \"attributes\": {\"step\": null, \"low\": 0.0001, \"high\": 0.02, \"log\": true}}"}
{"op_code":5,"worker_id":"a5a679a4-a05f-4450-9c0c-28fb77cb63d6-140116125179904","trial_id":35,"param_name":"transfer_lr","param_value_internal":4.797468308246479,"distribution":"{\"name\": \"FloatDistribution\", \"attributes\": {\"step\": null, \"low\": 0.0005, \"high\": 10000.0, \"log\": true}}"}
{"op_code":5,"worker_id":"a5a679a4-a05f-4450-9c0c-28fb77cb63d6-140116125179904","trial_id":35,"param_name":"transfer_every","param_value_internal":500.0,"distribution":"{\"name\": \"IntDistribution\", \"attributes\": {\"log\": true, \"step\": 1, \"low\": 1, \"high\": 500}}"}
{"op_code":5,"worker_id":"a5a679a4-a05f-4450-9c0c-28fb77cb63d6-140116125179904","trial_id":35,"param_name":"rank_exp","param_value_internal":2.0,"distribution":"{\"name\": \"IntDistribution\", \"attributes\": {\"log\": false, \"step\": 1, \"low\": 0, \"high\": 6}}"}
{"op_code":5,"worker_id":"a5a679a4-a05f-4450-9c0c-28fb77cb63d6-140116125179904","trial_id":35,"param_name":"fast_lr","param_value_internal":0.1,"distribution":"{\"name\": \"FloatDistribution\", \"attributes\": {\"step\": null, \"low\": 0.1, \"high\": 1.0, \"log\": true}}"}
{"op_code":5,"worker_id":"a5a679a4-a05f-4450-9c0c-28fb77cb63d6-140116125179904","trial_id":35,"param_name":"tau_sec","param_value_internal":0.0,"distribution":"{\"name\": \"FloatDistribution\", \"attributes\": {\"step\": null, \"low\": 0.0, \"high\": 0.0, \"log\": false}}"}
{"op_code":5,"worker_id":"a5a679a4-a05f-4450-9c0c-28fb77cb63d6-140116125179904","trial_id":35,"param_name":"out_noise","param_value_internal":0.0,"distribution":"{\"name\": \"FloatDistribution\", \"attributes\": {\"step\": null, \"low\": 0.0, \"high\": 0.0, \"log\": false}}"}
{"op_code":5,"worker_id":"a5a679a4-a05f-4450-9c0c-28fb77cb63d6-140116125179904","trial_id":35,"param_name":"ab_weight_scaling_omega","param_value_internal":0.0,"distribution":"{\"name\": \"FloatDistribution\", \"attributes\": {\"step\": null, \"low\": 0.0, \"high\": 0.0, \"log\": false}}"}
{"op_code":5,"worker_id":"a5a679a4-a05f-4450-9c0c-28fb77cb63d6-140116125179904","trial_id":35,"param_name":"min_lr_rate","param_value_internal":0.0,"distribution":"{\"name\": \"FloatDistribution\", \"attributes\": {\"step\": null, \"low\": 0.0, \"high\": 0.0, \"log\": false}}"}
{"op_code":8,"worker_id":"a5a679a4-a05f-4450-9c0c-28fb77cb63d6-140116125179904","trial_id":35,"user_attr":{"error":"CUDA_CALL Error 'out of memory' at cuda_util.cu:978\n"}}
{"op_code":6,"worker_id":"a5a679a4-a05f-4450-9c0c-28fb77cb63d6-140116125179904","trial_id":35,"state":3,"values":null,"datetime_complete":"2026-03-10T08:31:23.718545"}
{"op_code":0,"worker_id":"5623cb42-bc26-499d-9fbd-4fe524f8ff5a-139968854978560","study_name":"bert_squad_lrtt_bs48_adam_hybrid_nowd_nomom_nonest_set_perfect_noos_as-separate_cgm_qkvo_5ep","directions":[2]}
{"op_code":4,"worker_id":"5623cb42-bc26-499d-9fbd-4fe524f8ff5a-139968854978560","study_id":0,"datetime_start":null,"state":4,"value":null,"values":null,"distributions":{},"params":{},"user_attrs":{},"system_attrs":{"fixed_params":{"learning_rate":0.0001,"transfer_lr":4.797468308246479,"transfer_every":500,"rank_exp":2,"fast_lr":0.1,"tau_sec":0.0,"out_noise":0.0,"ab_weight_scaling_omega":0.0,"min_lr_rate":0.0}},"intermediate_values":{}}
{"op_code":6,"worker_id":"5623cb42-bc26-499d-9fbd-4fe524f8ff5a-139968854978560","trial_id":36,"state":0,"values":null,"datetime_start":"2026-03-10T08:31:34.525269"}
{"op_code":5,"worker_id":"5623cb42-bc26-499d-9fbd-4fe524f8ff5a-139968854978560","trial_id":36,"param_name":"learning_rate","param_value_internal":0.0001,"distribution":"{\"name\": \"FloatDistribution\", \"attributes\": {\"step\": null, \"low\": 0.0001, \"high\": 0.02, \"log\": true}}"}
{"op_code":5,"worker_id":"5623cb42-bc26-499d-9fbd-4fe524f8ff5a-139968854978560","trial_id":36,"param_name":"transfer_lr","param_value_internal":4.797468308246479,"distribution":"{\"name\": \"FloatDistribution\", \"attributes\": {\"step\": null, \"low\": 0.0005, \"high\": 10000.0, \"log\": true}}"}
{"op_code":5,"worker_id":"5623cb42-bc26-499d-9fbd-4fe524f8ff5a-139968854978560","trial_id":36,"param_name":"transfer_every","param_value_internal":500.0,"distribution":"{\"name\": \"IntDistribution\", \"attributes\": {\"log\": true, \"step\": 1, \"low\": 1, \"high\": 500}}"}
{"op_code":5,"worker_id":"5623cb42-bc26-499d-9fbd-4fe524f8ff5a-139968854978560","trial_id":36,"param_name":"rank_exp","param_value_internal":2.0,"distribution":"{\"name\": \"IntDistribution\", \"attributes\": {\"log\": false, \"step\": 1, \"low\": 0, \"high\": 6}}"}
{"op_code":5,"worker_id":"5623cb42-bc26-499d-9fbd-4fe524f8ff5a-139968854978560","trial_id":36,"param_name":"fast_lr","param_value_internal":0.1,"distribution":"{\"name\": \"FloatDistribution\", \"attributes\": {\"step\": null, \"low\": 0.1, \"high\": 1.0, \"log\": true}}"}
{"op_code":5,"worker_id":"5623cb42-bc26-499d-9fbd-4fe524f8ff5a-139968854978560","trial_id":36,"param_name":"tau_sec","param_value_internal":0.0,"distribution":"{\"name\": \"FloatDistribution\", \"attributes\": {\"step\": null, \"low\": 0.0, \"high\": 0.0, \"log\": false}}"}
{"op_code":5,"worker_id":"5623cb42-bc26-499d-9fbd-4fe524f8ff5a-139968854978560","trial_id":36,"param_name":"out_noise","param_value_internal":0.0,"distribution":"{\"name\": \"FloatDistribution\", \"attributes\": {\"step\": null, \"low\": 0.0, \"high\": 0.0, \"log\": false}}"}
{"op_code":5,"worker_id":"5623cb42-bc26-499d-9fbd-4fe524f8ff5a-139968854978560","trial_id":36,"param_name":"ab_weight_scaling_omega","param_value_internal":0.0,"distribution":"{\"name\": \"FloatDistribution\", \"attributes\": {\"step\": null, \"low\": 0.0, \"high\": 0.0, \"log\": false}}"}
{"op_code":5,"worker_id":"5623cb42-bc26-499d-9fbd-4fe524f8ff5a-139968854978560","trial_id":36,"param_name":"min_lr_rate","param_value_internal":0.0,"distribution":"{\"name\": \"FloatDistribution\", \"attributes\": {\"step\": null, \"low\": 0.0, \"high\": 0.0, \"log\": false}}"}
{"op_code":7,"worker_id":"5623cb42-bc26-499d-9fbd-4fe524f8ff5a-139968854978560","trial_id":36,"step":1,"intermediate_value":39.876829266681874}
{"op_code":8,"worker_id":"5623cb42-bc26-499d-9fbd-4fe524f8ff5a-139968854978560","trial_id":36,"user_attr":{"train_loss_epoch_1":3.829855084968602}}
{"op_code":7,"worker_id":"5623cb42-bc26-499d-9fbd-4fe524f8ff5a-139968854978560","trial_id":36,"step":2,"intermediate_value":50.62268321623093}
{"op_code":8,"worker_id":"5623cb42-bc26-499d-9fbd-4fe524f8ff5a-139968854978560","trial_id":36,"user_attr":{"train_loss_epoch_2":2.6675693869235295}}
{"op_code":7,"worker_id":"5623cb42-bc26-499d-9fbd-4fe524f8ff5a-139968854978560","trial_id":36,"step":3,"intermediate_value":54.45442874136824}
{"op_code":8,"worker_id":"5623cb42-bc26-499d-9fbd-4fe524f8ff5a-139968854978560","trial_id":36,"user_attr":{"train_loss_epoch_3":2.451016995182332}}
{"op_code":7,"worker_id":"5623cb42-bc26-499d-9fbd-4fe524f8ff5a-139968854978560","trial_id":36,"step":4,"intermediate_value":56.71328181893215}
{"op_code":8,"worker_id":"5623cb42-bc26-499d-9fbd-4fe524f8ff5a-139968854978560","trial_id":36,"user_attr":{"train_loss_epoch_4":2.3543365006525687}}
{"op_code":7,"worker_id":"5623cb42-bc26-499d-9fbd-4fe524f8ff5a-139968854978560","trial_id":36,"step":5,"intermediate_value":57.260491424924545}
{"op_code":8,"worker_id":"5623cb42-bc26-499d-9fbd-4fe524f8ff5a-139968854978560","trial_id":36,"user_attr":{"train_loss_epoch_5":2.3085601177600767}}
{"op_code":6,"worker_id":"5623cb42-bc26-499d-9fbd-4fe524f8ff5a-139968854978560","trial_id":36,"state":1,"values":[57.260491424924545],"datetime_complete":"2026-03-10T11:54:45.266415"}
{"op_code":0,"worker_id":"c6f57b87-ff5b-4329-a725-406951441b3a-139998672670720","study_name":"bert_squad_lrtt_bs48_adam_hybrid_nowd_nomom_nonest_set_perfect_noos_as-separate_cgm_qkvo_5ep","directions":[2]}
{"op_code":4,"worker_id":"c6f57b87-ff5b-4329-a725-406951441b3a-139998672670720","study_id":0,"datetime_start":"2026-03-10T11:54:55.897332"}
{"op_code":5,"worker_id":"c6f57b87-ff5b-4329-a725-406951441b3a-139998672670720","trial_id":37,"param_name":"learning_rate","param_value_internal":0.01931878189201878,"distribution":"{\"name\": \"FloatDistribution\", \"attributes\": {\"step\": null, \"low\": 0.0001, \"high\": 0.02, \"log\": true}}"}
{"op_code":5,"worker_id":"c6f57b87-ff5b-4329-a725-406951441b3a-139998672670720","trial_id":37,"param_name":"transfer_lr","param_value_internal":11.669632921089542,"distribution":"{\"name\": \"FloatDistribution\", \"attributes\": {\"step\": null, \"low\": 0.0005, \"high\": 10000.0, \"log\": true}}"}
{"op_code":5,"worker_id":"c6f57b87-ff5b-4329-a725-406951441b3a-139998672670720","trial_id":37,"param_name":"transfer_every","param_value_internal":500.0,"distribution":"{\"name\": \"IntDistribution\", \"attributes\": {\"log\": true, \"step\": 1, \"low\": 1, \"high\": 500}}"}
{"op_code":5,"worker_id":"c6f57b87-ff5b-4329-a725-406951441b3a-139998672670720","trial_id":37,"param_name":"rank_exp","param_value_internal":1.0,"distribution":"{\"name\": \"IntDistribution\", \"attributes\": {\"log\": false, \"step\": 1, \"low\": 0, \"high\": 6}}"}
{"op_code":5,"worker_id":"c6f57b87-ff5b-4329-a725-406951441b3a-139998672670720","trial_id":37,"param_name":"fast_lr","param_value_internal":0.10046121358020965,"distribution":"{\"name\": \"FloatDistribution\", \"attributes\": {\"step\": null, \"low\": 0.1, \"high\": 1.0, \"log\": true}}"}
{"op_code":5,"worker_id":"c6f57b87-ff5b-4329-a725-406951441b3a-139998672670720","trial_id":37,"param_name":"tau_sec","param_value_internal":0.0,"distribution":"{\"name\": \"FloatDistribution\", \"attributes\": {\"step\": null, \"low\": 0.0, \"high\": 0.0, \"log\": false}}"}
{"op_code":5,"worker_id":"c6f57b87-ff5b-4329-a725-406951441b3a-139998672670720","trial_id":37,"param_name":"out_noise","param_value_internal":0.0,"distribution":"{\"name\": \"FloatDistribution\", \"attributes\": {\"step\": null, \"low\": 0.0, \"high\": 0.0, \"log\": false}}"}
{"op_code":5,"worker_id":"c6f57b87-ff5b-4329-a725-406951441b3a-139998672670720","trial_id":37,"param_name":"ab_weight_scaling_omega","param_value_internal":0.0,"distribution":"{\"name\": \"FloatDistribution\", \"attributes\": {\"step\": null, \"low\": 0.0, \"high\": 0.0, \"log\": false}}"}
{"op_code":5,"worker_id":"c6f57b87-ff5b-4329-a725-406951441b3a-139998672670720","trial_id":37,"param_name":"min_lr_rate","param_value_internal":0.0,"distribution":"{\"name\": \"FloatDistribution\", \"attributes\": {\"step\": null, \"low\": 0.0, \"high\": 0.0, \"log\": false}}"}
{"op_code":8,"worker_id":"c6f57b87-ff5b-4329-a725-406951441b3a-139998672670720","trial_id":37,"user_attr":{"error":"CUDA_CALL Error 'out of memory' at cuda_util.cu:978\n"}}
{"op_code":6,"worker_id":"c6f57b87-ff5b-4329-a725-406951441b3a-139998672670720","trial_id":37,"state":3,"values":null,"datetime_complete":"2026-03-10T11:58:58.477248"}
{"op_code":0,"worker_id":"a6c36ee5-0fc8-4a9e-a3ed-e99698788f4f-139874947047424","study_name":"bert_squad_lrtt_bs48_adam_hybrid_nowd_nomom_nonest_set_perfect_noos_as-separate_cgm_qkvo_5ep","directions":[2]}
{"op_code":4,"worker_id":"a6c36ee5-0fc8-4a9e-a3ed-e99698788f4f-139874947047424","study_id":0,"datetime_start":null,"state":4,"value":null,"values":null,"distributions":{},"params":{},"user_attrs":{},"system_attrs":{"fixed_params":{"learning_rate":0.01931878189201878,"transfer_lr":11.669632921089542,"transfer_every":500,"rank_exp":1,"fast_lr":0.10046121358020965,"tau_sec":0.0,"out_noise":0.0,"ab_weight_scaling_omega":0.0,"min_lr_rate":0.0}},"intermediate_values":{}}
{"op_code":6,"worker_id":"a6c36ee5-0fc8-4a9e-a3ed-e99698788f4f-139874947047424","trial_id":38,"state":0,"values":null,"datetime_start":"2026-03-10T11:59:09.722815"}
{"op_code":5,"worker_id":"a6c36ee5-0fc8-4a9e-a3ed-e99698788f4f-139874947047424","trial_id":38,"param_name":"learning_rate","param_value_internal":0.01931878189201878,"distribution":"{\"name\": \"FloatDistribution\", \"attributes\": {\"step\": null, \"low\": 0.0001, \"high\": 0.02, \"log\": true}}"}
{"op_code":5,"worker_id":"a6c36ee5-0fc8-4a9e-a3ed-e99698788f4f-139874947047424","trial_id":38,"param_name":"transfer_lr","param_value_internal":11.669632921089542,"distribution":"{\"name\": \"FloatDistribution\", \"attributes\": {\"step\": null, \"low\": 0.0005, \"high\": 10000.0, \"log\": true}}"}
{"op_code":5,"worker_id":"a6c36ee5-0fc8-4a9e-a3ed-e99698788f4f-139874947047424","trial_id":38,"param_name":"transfer_every","param_value_internal":500.0,"distribution":"{\"name\": \"IntDistribution\", \"attributes\": {\"log\": true, \"step\": 1, \"low\": 1, \"high\": 500}}"}
{"op_code":5,"worker_id":"a6c36ee5-0fc8-4a9e-a3ed-e99698788f4f-139874947047424","trial_id":38,"param_name":"rank_exp","param_value_internal":1.0,"distribution":"{\"name\": \"IntDistribution\", \"attributes\": {\"log\": false, \"step\": 1, \"low\": 0, \"high\": 6}}"}
{"op_code":5,"worker_id":"a6c36ee5-0fc8-4a9e-a3ed-e99698788f4f-139874947047424","trial_id":38,"param_name":"fast_lr","param_value_internal":0.10046121358020965,"distribution":"{\"name\": \"FloatDistribution\", \"attributes\": {\"step\": null, \"low\": 0.1, \"high\": 1.0, \"log\": true}}"}
{"op_code":5,"worker_id":"a6c36ee5-0fc8-4a9e-a3ed-e99698788f4f-139874947047424","trial_id":38,"param_name":"tau_sec","param_value_internal":0.0,"distribution":"{\"name\": \"FloatDistribution\", \"attributes\": {\"step\": null, \"low\": 0.0, \"high\": 0.0, \"log\": false}}"}
{"op_code":5,"worker_id":"a6c36ee5-0fc8-4a9e-a3ed-e99698788f4f-139874947047424","trial_id":38,"param_name":"out_noise","param_value_internal":0.0,"distribution":"{\"name\": \"FloatDistribution\", \"attributes\": {\"step\": null, \"low\": 0.0, \"high\": 0.0, \"log\": false}}"}
{"op_code":5,"worker_id":"a6c36ee5-0fc8-4a9e-a3ed-e99698788f4f-139874947047424","trial_id":38,"param_name":"ab_weight_scaling_omega","param_value_internal":0.0,"distribution":"{\"name\": \"FloatDistribution\", \"attributes\": {\"step\": null, \"low\": 0.0, \"high\": 0.0, \"log\": false}}"}
{"op_code":5,"worker_id":"a6c36ee5-0fc8-4a9e-a3ed-e99698788f4f-139874947047424","trial_id":38,"param_name":"min_lr_rate","param_value_internal":0.0,"distribution":"{\"name\": \"FloatDistribution\", \"attributes\": {\"step\": null, \"low\": 0.0, \"high\": 0.0, \"log\": false}}"}
{"op_code":7,"worker_id":"a6c36ee5-0fc8-4a9e-a3ed-e99698788f4f-139874947047424","trial_id":38,"step":1,"intermediate_value":17.17702905423078}
{"op_code":8,"worker_id":"a6c36ee5-0fc8-4a9e-a3ed-e99698788f4f-139874947047424","trial_id":38,"user_attr":{"train_loss_epoch_1":2.976280176532918}}
{"op_code":7,"worker_id":"a6c36ee5-0fc8-4a9e-a3ed-e99698788f4f-139874947047424","trial_id":38,"step":2,"intermediate_value":17.17702905423078}
{"op_code":8,"worker_id":"a6c36ee5-0fc8-4a9e-a3ed-e99698788f4f-139874947047424","trial_id":38,"user_attr":{"train_loss_epoch_2":4.310669099001679}}
{"op_code":7,"worker_id":"a6c36ee5-0fc8-4a9e-a3ed-e99698788f4f-139874947047424","trial_id":38,"step":3,"intermediate_value":17.17702905423078}
{"op_code":8,"worker_id":"a6c36ee5-0fc8-4a9e-a3ed-e99698788f4f-139874947047424","trial_id":38,"user_attr":{"train_loss_epoch_3":4.458439369323163}}
{"op_code":6,"worker_id":"a6c36ee5-0fc8-4a9e-a3ed-e99698788f4f-139874947047424","trial_id":38,"state":1,"values":[17.17702905423078],"datetime_complete":"2026-03-10T14:01:52.809365"}
{"op_code":0,"worker_id":"fbecbe49-0def-427d-a4a0-6d78119cda39-140278164135936","study_name":"bert_squad_lrtt_bs48_adam_hybrid_nowd_nomom_nonest_set_perfect_noos_as-separate_cgm_qkvo_5ep","directions":[2]}
{"op_code":4,"worker_id":"fbecbe49-0def-427d-a4a0-6d78119cda39-140278164135936","study_id":0,"datetime_start":"2026-03-10T14:02:03.612137"}
{"op_code":5,"worker_id":"fbecbe49-0def-427d-a4a0-6d78119cda39-140278164135936","trial_id":39,"param_name":"learning_rate","param_value_internal":0.0011417396050284552,"distribution":"{\"name\": \"FloatDistribution\", \"attributes\": {\"step\": null, \"low\": 0.0001, \"high\": 0.02, \"log\": true}}"}
{"op_code":5,"worker_id":"fbecbe49-0def-427d-a4a0-6d78119cda39-140278164135936","trial_id":39,"param_name":"transfer_lr","param_value_internal":2.68996526304913,"distribution":"{\"name\": \"FloatDistribution\", \"attributes\": {\"step\": null, \"low\": 0.0005, \"high\": 10000.0, \"log\": true}}"}
{"op_code":5,"worker_id":"fbecbe49-0def-427d-a4a0-6d78119cda39-140278164135936","trial_id":39,"param_name":"transfer_every","param_value_internal":500.0,"distribution":"{\"name\": \"IntDistribution\", \"attributes\": {\"log\": true, \"step\": 1, \"low\": 1, \"high\": 500}}"}
{"op_code":5,"worker_id":"fbecbe49-0def-427d-a4a0-6d78119cda39-140278164135936","trial_id":39,"param_name":"rank_exp","param_value_internal":5.0,"distribution":"{\"name\": \"IntDistribution\", \"attributes\": {\"log\": false, \"step\": 1, \"low\": 0, \"high\": 6}}"}
{"op_code":5,"worker_id":"fbecbe49-0def-427d-a4a0-6d78119cda39-140278164135936","trial_id":39,"param_name":"fast_lr","param_value_internal":0.10095515627365645,"distribution":"{\"name\": \"FloatDistribution\", \"attributes\": {\"step\": null, \"low\": 0.1, \"high\": 1.0, \"log\": true}}"}
{"op_code":5,"worker_id":"fbecbe49-0def-427d-a4a0-6d78119cda39-140278164135936","trial_id":39,"param_name":"tau_sec","param_value_internal":0.0,"distribution":"{\"name\": \"FloatDistribution\", \"attributes\": {\"step\": null, \"low\": 0.0, \"high\": 0.0, \"log\": false}}"}
{"op_code":5,"worker_id":"fbecbe49-0def-427d-a4a0-6d78119cda39-140278164135936","trial_id":39,"param_name":"out_noise","param_value_internal":0.0,"distribution":"{\"name\": \"FloatDistribution\", \"attributes\": {\"step\": null, \"low\": 0.0, \"high\": 0.0, \"log\": false}}"}
{"op_code":5,"worker_id":"fbecbe49-0def-427d-a4a0-6d78119cda39-140278164135936","trial_id":39,"param_name":"ab_weight_scaling_omega","param_value_internal":0.0,"distribution":"{\"name\": \"FloatDistribution\", \"attributes\": {\"step\": null, \"low\": 0.0, \"high\": 0.0, \"log\": false}}"}
{"op_code":5,"worker_id":"fbecbe49-0def-427d-a4a0-6d78119cda39-140278164135936","trial_id":39,"param_name":"min_lr_rate","param_value_internal":0.0,"distribution":"{\"name\": \"FloatDistribution\", \"attributes\": {\"step\": null, \"low\": 0.0, \"high\": 0.0, \"log\": false}}"}
{"op_code":8,"worker_id":"fbecbe49-0def-427d-a4a0-6d78119cda39-140278164135936","trial_id":39,"user_attr":{"error":"CUDA_CALL Error 'out of memory' at cuda_util.cu:978\n"}}
{"op_code":6,"worker_id":"fbecbe49-0def-427d-a4a0-6d78119cda39-140278164135936","trial_id":39,"state":3,"values":null,"datetime_complete":"2026-03-10T14:05:20.016416"}
{"op_code":0,"worker_id":"69c9c7dc-e691-479b-8d6a-51f70826de89-140718353911808","study_name":"bert_squad_lrtt_bs48_adam_hybrid_nowd_nomom_nonest_set_perfect_noos_as-separate_cgm_qkvo_5ep","directions":[2]}
{"op_code":4,"worker_id":"69c9c7dc-e691-479b-8d6a-51f70826de89-140718353911808","study_id":0,"datetime_start":null,"state":4,"value":null,"values":null,"distributions":{},"params":{},"user_attrs":{},"system_attrs":{"fixed_params":{"learning_rate":0.0011417396050284552,"transfer_lr":2.68996526304913,"transfer_every":500,"rank_exp":5,"fast_lr":0.10095515627365645,"tau_sec":0.0,"out_noise":0.0,"ab_weight_scaling_omega":0.0,"min_lr_rate":0.0}},"intermediate_values":{}}
{"op_code":6,"worker_id":"69c9c7dc-e691-479b-8d6a-51f70826de89-140718353911808","trial_id":40,"state":0,"values":null,"datetime_start":"2026-03-10T14:05:30.767253"}
{"op_code":5,"worker_id":"69c9c7dc-e691-479b-8d6a-51f70826de89-140718353911808","trial_id":40,"param_name":"learning_rate","param_value_internal":0.0011417396050284552,"distribution":"{\"name\": \"FloatDistribution\", \"attributes\": {\"step\": null, \"low\": 0.0001, \"high\": 0.02, \"log\": true}}"}
{"op_code":5,"worker_id":"69c9c7dc-e691-479b-8d6a-51f70826de89-140718353911808","trial_id":40,"param_name":"transfer_lr","param_value_internal":2.68996526304913,"distribution":"{\"name\": \"FloatDistribution\", \"attributes\": {\"step\": null, \"low\": 0.0005, \"high\": 10000.0, \"log\": true}}"}
{"op_code":5,"worker_id":"69c9c7dc-e691-479b-8d6a-51f70826de89-140718353911808","trial_id":40,"param_name":"transfer_every","param_value_internal":500.0,"distribution":"{\"name\": \"IntDistribution\", \"attributes\": {\"log\": true, \"step\": 1, \"low\": 1, \"high\": 500}}"}
{"op_code":5,"worker_id":"69c9c7dc-e691-479b-8d6a-51f70826de89-140718353911808","trial_id":40,"param_name":"rank_exp","param_value_internal":5.0,"distribution":"{\"name\": \"IntDistribution\", \"attributes\": {\"log\": false, \"step\": 1, \"low\": 0, \"high\": 6}}"}
{"op_code":5,"worker_id":"69c9c7dc-e691-479b-8d6a-51f70826de89-140718353911808","trial_id":40,"param_name":"fast_lr","param_value_internal":0.10095515627365645,"distribution":"{\"name\": \"FloatDistribution\", \"attributes\": {\"step\": null, \"low\": 0.1, \"high\": 1.0, \"log\": true}}"}
{"op_code":5,"worker_id":"69c9c7dc-e691-479b-8d6a-51f70826de89-140718353911808","trial_id":40,"param_name":"tau_sec","param_value_internal":0.0,"distribution":"{\"name\": \"FloatDistribution\", \"attributes\": {\"step\": null, \"low\": 0.0, \"high\": 0.0, \"log\": false}}"}
{"op_code":5,"worker_id":"69c9c7dc-e691-479b-8d6a-51f70826de89-140718353911808","trial_id":40,"param_name":"out_noise","param_value_internal":0.0,"distribution":"{\"name\": \"FloatDistribution\", \"attributes\": {\"step\": null, \"low\": 0.0, \"high\": 0.0, \"log\": false}}"}
{"op_code":5,"worker_id":"69c9c7dc-e691-479b-8d6a-51f70826de89-140718353911808","trial_id":40,"param_name":"ab_weight_scaling_omega","param_value_internal":0.0,"distribution":"{\"name\": \"FloatDistribution\", \"attributes\": {\"step\": null, \"low\": 0.0, \"high\": 0.0, \"log\": false}}"}
{"op_code":5,"worker_id":"69c9c7dc-e691-479b-8d6a-51f70826de89-140718353911808","trial_id":40,"param_name":"min_lr_rate","param_value_internal":0.0,"distribution":"{\"name\": \"FloatDistribution\", \"attributes\": {\"step\": null, \"low\": 0.0, \"high\": 0.0, \"log\": false}}"}
{"op_code":7,"worker_id":"69c9c7dc-e691-479b-8d6a-51f70826de89-140718353911808","trial_id":40,"step":1,"intermediate_value":72.65557265407509}
{"op_code":8,"worker_id":"69c9c7dc-e691-479b-8d6a-51f70826de89-140718353911808","trial_id":40,"user_attr":{"train_loss_epoch_1":2.410504837206109}}
{"op_code":7,"worker_id":"69c9c7dc-e691-479b-8d6a-51f70826de89-140718353911808","trial_id":40,"step":2,"intermediate_value":75.88791741348233}
{"op_code":8,"worker_id":"69c9c7dc-e691-479b-8d6a-51f70826de89-140718353911808","trial_id":40,"user_attr":{"train_loss_epoch_2":1.687706115285243}}
{"op_code":7,"worker_id":"69c9c7dc-e691-479b-8d6a-51f70826de89-140718353911808","trial_id":40,"step":3,"intermediate_value":76.75366967627082}
{"op_code":8,"worker_id":"69c9c7dc-e691-479b-8d6a-51f70826de89-140718353911808","trial_id":40,"user_attr":{"train_loss_epoch_3":1.6125426648043786}}
{"op_code":7,"worker_id":"69c9c7dc-e691-479b-8d6a-51f70826de89-140718353911808","trial_id":40,"step":4,"intermediate_value":77.26191473107647}
{"op_code":8,"worker_id":"69c9c7dc-e691-479b-8d6a-51f70826de89-140718353911808","trial_id":40,"user_attr":{"train_loss_epoch_4":1.5707000867885508}}
{"op_code":7,"worker_id":"69c9c7dc-e691-479b-8d6a-51f70826de89-140718353911808","trial_id":40,"step":5,"intermediate_value":77.66708846297323}
{"op_code":8,"worker_id":"69c9c7dc-e691-479b-8d6a-51f70826de89-140718353911808","trial_id":40,"user_attr":{"train_loss_epoch_5":1.5462547296041653}}
{"op_code":6,"worker_id":"69c9c7dc-e691-479b-8d6a-51f70826de89-140718353911808","trial_id":40,"state":1,"values":[77.66708846297323],"datetime_complete":"2026-03-10T17:33:00.358759"}
{"op_code":0,"worker_id":"618cb3b6-9137-4e22-b743-4390ee6d4ff1-140232314920960","study_name":"bert_squad_lrtt_bs48_adam_hybrid_nowd_nomom_nonest_set_perfect_noos_as-separate_cgm_qkvo_5ep","directions":[2]}
{"op_code":4,"worker_id":"618cb3b6-9137-4e22-b743-4390ee6d4ff1-140232314920960","study_id":0,"datetime_start":"2026-03-10T17:33:11.116810"}
{"op_code":5,"worker_id":"618cb3b6-9137-4e22-b743-4390ee6d4ff1-140232314920960","trial_id":41,"param_name":"learning_rate","param_value_internal":0.002885684566817366,"distribution":"{\"name\": \"FloatDistribution\", \"attributes\": {\"step\": null, \"low\": 0.0001, \"high\": 0.02, \"log\": true}}"}
{"op_code":5,"worker_id":"618cb3b6-9137-4e22-b743-4390ee6d4ff1-140232314920960","trial_id":41,"param_name":"transfer_lr","param_value_internal":0.01598477572220962,"distribution":"{\"name\": \"FloatDistribution\", \"attributes\": {\"step\": null, \"low\": 0.0005, \"high\": 10000.0, \"log\": true}}"}
{"op_code":5,"worker_id":"618cb3b6-9137-4e22-b743-4390ee6d4ff1-140232314920960","trial_id":41,"param_name":"transfer_every","param_value_internal":27.0,"distribution":"{\"name\": \"IntDistribution\", \"attributes\": {\"log\": true, \"step\": 1, \"low\": 1, \"high\": 500}}"}
{"op_code":5,"worker_id":"618cb3b6-9137-4e22-b743-4390ee6d4ff1-140232314920960","trial_id":41,"param_name":"rank_exp","param_value_internal":3.0,"distribution":"{\"name\": \"IntDistribution\", \"attributes\": {\"log\": false, \"step\": 1, \"low\": 0, \"high\": 6}}"}
{"op_code":5,"worker_id":"618cb3b6-9137-4e22-b743-4390ee6d4ff1-140232314920960","trial_id":41,"param_name":"fast_lr","param_value_internal":0.1014696384047578,"distribution":"{\"name\": \"FloatDistribution\", \"attributes\": {\"step\": null, \"low\": 0.1, \"high\": 1.0, \"log\": true}}"}
{"op_code":5,"worker_id":"618cb3b6-9137-4e22-b743-4390ee6d4ff1-140232314920960","trial_id":41,"param_name":"tau_sec","param_value_internal":0.0,"distribution":"{\"name\": \"FloatDistribution\", \"attributes\": {\"step\": null, \"low\": 0.0, \"high\": 0.0, \"log\": false}}"}
{"op_code":5,"worker_id":"618cb3b6-9137-4e22-b743-4390ee6d4ff1-140232314920960","trial_id":41,"param_name":"out_noise","param_value_internal":0.0,"distribution":"{\"name\": \"FloatDistribution\", \"attributes\": {\"step\": null, \"low\": 0.0, \"high\": 0.0, \"log\": false}}"}
{"op_code":5,"worker_id":"618cb3b6-9137-4e22-b743-4390ee6d4ff1-140232314920960","trial_id":41,"param_name":"ab_weight_scaling_omega","param_value_internal":0.0,"distribution":"{\"name\": \"FloatDistribution\", \"attributes\": {\"step\": null, \"low\": 0.0, \"high\": 0.0, \"log\": false}}"}
{"op_code":5,"worker_id":"618cb3b6-9137-4e22-b743-4390ee6d4ff1-140232314920960","trial_id":41,"param_name":"min_lr_rate","param_value_internal":0.0,"distribution":"{\"name\": \"FloatDistribution\", \"attributes\": {\"step\": null, \"low\": 0.0, \"high\": 0.0, \"log\": false}}"}
{"op_code":8,"worker_id":"618cb3b6-9137-4e22-b743-4390ee6d4ff1-140232314920960","trial_id":41,"user_attr":{"error":"CUDA_CALL Error 'out of memory' at cuda_util.cu:978\n"}}
{"op_code":6,"worker_id":"618cb3b6-9137-4e22-b743-4390ee6d4ff1-140232314920960","trial_id":41,"state":3,"values":null,"datetime_complete":"2026-03-10T17:36:57.024051"}
{"op_code":0,"worker_id":"8ca528fd-6cc3-4d18-b753-c40c974ae58d-140329951633408","study_name":"bert_squad_lrtt_bs48_adam_hybrid_nowd_nomom_nonest_set_perfect_noos_as-separate_cgm_qkvo_5ep","directions":[2]}
{"op_code":4,"worker_id":"8ca528fd-6cc3-4d18-b753-c40c974ae58d-140329951633408","study_id":0,"datetime_start":null,"state":4,"value":null,"values":null,"distributions":{},"params":{},"user_attrs":{},"system_attrs":{"fixed_params":{"learning_rate":0.002885684566817366,"transfer_lr":0.01598477572220962,"transfer_every":27,"rank_exp":3,"fast_lr":0.1014696384047578,"tau_sec":0.0,"out_noise":0.0,"ab_weight_scaling_omega":0.0,"min_lr_rate":0.0}},"intermediate_values":{}}
{"op_code":6,"worker_id":"8ca528fd-6cc3-4d18-b753-c40c974ae58d-140329951633408","trial_id":42,"state":0,"values":null,"datetime_start":"2026-03-10T17:37:07.507130"}
{"op_code":5,"worker_id":"8ca528fd-6cc3-4d18-b753-c40c974ae58d-140329951633408","trial_id":42,"param_name":"learning_rate","param_value_internal":0.002885684566817366,"distribution":"{\"name\": \"FloatDistribution\", \"attributes\": {\"step\": null, \"low\": 0.0001, \"high\": 0.02, \"log\": true}}"}
{"op_code":5,"worker_id":"8ca528fd-6cc3-4d18-b753-c40c974ae58d-140329951633408","trial_id":42,"param_name":"transfer_lr","param_value_internal":0.01598477572220962,"distribution":"{\"name\": \"FloatDistribution\", \"attributes\": {\"step\": null, \"low\": 0.0005, \"high\": 10000.0, \"log\": true}}"}
{"op_code":5,"worker_id":"8ca528fd-6cc3-4d18-b753-c40c974ae58d-140329951633408","trial_id":42,"param_name":"transfer_every","param_value_internal":27.0,"distribution":"{\"name\": \"IntDistribution\", \"attributes\": {\"log\": true, \"step\": 1, \"low\": 1, \"high\": 500}}"}
{"op_code":5,"worker_id":"8ca528fd-6cc3-4d18-b753-c40c974ae58d-140329951633408","trial_id":42,"param_name":"rank_exp","param_value_internal":3.0,"distribution":"{\"name\": \"IntDistribution\", \"attributes\": {\"log\": false, \"step\": 1, \"low\": 0, \"high\": 6}}"}
{"op_code":5,"worker_id":"8ca528fd-6cc3-4d18-b753-c40c974ae58d-140329951633408","trial_id":42,"param_name":"fast_lr","param_value_internal":0.1014696384047578,"distribution":"{\"name\": \"FloatDistribution\", \"attributes\": {\"step\": null, \"low\": 0.1, \"high\": 1.0, \"log\": true}}"}
{"op_code":5,"worker_id":"8ca528fd-6cc3-4d18-b753-c40c974ae58d-140329951633408","trial_id":42,"param_name":"tau_sec","param_value_internal":0.0,"distribution":"{\"name\": \"FloatDistribution\", \"attributes\": {\"step\": null, \"low\": 0.0, \"high\": 0.0, \"log\": false}}"}
{"op_code":5,"worker_id":"8ca528fd-6cc3-4d18-b753-c40c974ae58d-140329951633408","trial_id":42,"param_name":"out_noise","param_value_internal":0.0,"distribution":"{\"name\": \"FloatDistribution\", \"attributes\": {\"step\": null, \"low\": 0.0, \"high\": 0.0, \"log\": false}}"}
{"op_code":5,"worker_id":"8ca528fd-6cc3-4d18-b753-c40c974ae58d-140329951633408","trial_id":42,"param_name":"ab_weight_scaling_omega","param_value_internal":0.0,"distribution":"{\"name\": \"FloatDistribution\", \"attributes\": {\"step\": null, \"low\": 0.0, \"high\": 0.0, \"log\": false}}"}
{"op_code":5,"worker_id":"8ca528fd-6cc3-4d18-b753-c40c974ae58d-140329951633408","trial_id":42,"param_name":"min_lr_rate","param_value_internal":0.0,"distribution":"{\"name\": \"FloatDistribution\", \"attributes\": {\"step\": null, \"low\": 0.0, \"high\": 0.0, \"log\": false}}"}
{"op_code":7,"worker_id":"8ca528fd-6cc3-4d18-b753-c40c974ae58d-140329951633408","trial_id":42,"step":1,"intermediate_value":75.0158715290568}
{"op_code":8,"worker_id":"8ca528fd-6cc3-4d18-b753-c40c974ae58d-140329951633408","trial_id":42,"user_attr":{"train_loss_epoch_1":2.172196302675044}}
{"op_code":7,"worker_id":"8ca528fd-6cc3-4d18-b753-c40c974ae58d-140329951633408","trial_id":42,"step":2,"intermediate_value":76.75794430087646}
{"op_code":8,"worker_id":"8ca528fd-6cc3-4d18-b753-c40c974ae58d-140329951633408","trial_id":42,"user_attr":{"train_loss_epoch_2":1.6187821747682127}}
{"op_code":7,"worker_id":"8ca528fd-6cc3-4d18-b753-c40c974ae58d-140329951633408","trial_id":42,"step":3,"intermediate_value":78.2570096215194}
{"op_code":8,"worker_id":"8ca528fd-6cc3-4d18-b753-c40c974ae58d-140329951633408","trial_id":42,"user_attr":{"train_loss_epoch_3":1.5411736471409332}}
{"op_code":7,"worker_id":"8ca528fd-6cc3-4d18-b753-c40c974ae58d-140329951633408","trial_id":42,"step":4,"intermediate_value":79.22086201299717}
{"op_code":8,"worker_id":"8ca528fd-6cc3-4d18-b753-c40c974ae58d-140329951633408","trial_id":42,"user_attr":{"train_loss_epoch_4":1.4846588766132147}}
{"op_code":7,"worker_id":"8ca528fd-6cc3-4d18-b753-c40c974ae58d-140329951633408","trial_id":42,"step":5,"intermediate_value":79.46751884675764}
{"op_code":8,"worker_id":"8ca528fd-6cc3-4d18-b753-c40c974ae58d-140329951633408","trial_id":42,"user_attr":{"train_loss_epoch_5":1.445248385421239}}
{"op_code":6,"worker_id":"8ca528fd-6cc3-4d18-b753-c40c974ae58d-140329951633408","trial_id":42,"state":1,"values":[79.46751884675764],"datetime_complete":"2026-03-10T21:03:03.860270"}
{"op_code":0,"worker_id":"71c409e2-efd3-481e-90f4-bb3898c23bfb-140348624171008","study_name":"bert_squad_lrtt_bs48_adam_hybrid_nowd_nomom_nonest_set_perfect_noos_as-separate_cgm_qkvo_5ep","directions":[2]}
{"op_code":4,"worker_id":"71c409e2-efd3-481e-90f4-bb3898c23bfb-140348624171008","study_id":0,"datetime_start":"2026-03-10T21:03:14.362577"}
{"op_code":5,"worker_id":"71c409e2-efd3-481e-90f4-bb3898c23bfb-140348624171008","trial_id":43,"param_name":"learning_rate","param_value_internal":0.0030035405778233034,"distribution":"{\"name\": \"FloatDistribution\", \"attributes\": {\"step\": null, \"low\": 0.0001, \"high\": 0.02, \"log\": true}}"}
{"op_code":5,"worker_id":"71c409e2-efd3-481e-90f4-bb3898c23bfb-140348624171008","trial_id":43,"param_name":"transfer_lr","param_value_internal":0.0005,"distribution":"{\"name\": \"FloatDistribution\", \"attributes\": {\"step\": null, \"low\": 0.0005, \"high\": 10000.0, \"log\": true}}"}
{"op_code":5,"worker_id":"71c409e2-efd3-481e-90f4-bb3898c23bfb-140348624171008","trial_id":43,"param_name":"transfer_every","param_value_internal":45.0,"distribution":"{\"name\": \"IntDistribution\", \"attributes\": {\"log\": true, \"step\": 1, \"low\": 1, \"high\": 500}}"}
{"op_code":5,"worker_id":"71c409e2-efd3-481e-90f4-bb3898c23bfb-140348624171008","trial_id":43,"param_name":"rank_exp","param_value_internal":6.0,"distribution":"{\"name\": \"IntDistribution\", \"attributes\": {\"log\": false, \"step\": 1, \"low\": 0, \"high\": 6}}"}
{"op_code":5,"worker_id":"71c409e2-efd3-481e-90f4-bb3898c23bfb-140348624171008","trial_id":43,"param_name":"fast_lr","param_value_internal":0.9584438635165253,"distribution":"{\"name\": \"FloatDistribution\", \"attributes\": {\"step\": null, \"low\": 0.1, \"high\": 1.0, \"log\": true}}"}
{"op_code":5,"worker_id":"71c409e2-efd3-481e-90f4-bb3898c23bfb-140348624171008","trial_id":43,"param_name":"tau_sec","param_value_internal":0.0,"distribution":"{\"name\": \"FloatDistribution\", \"attributes\": {\"step\": null, \"low\": 0.0, \"high\": 0.0, \"log\": false}}"}
{"op_code":5,"worker_id":"71c409e2-efd3-481e-90f4-bb3898c23bfb-140348624171008","trial_id":43,"param_name":"out_noise","param_value_internal":0.0,"distribution":"{\"name\": \"FloatDistribution\", \"attributes\": {\"step\": null, \"low\": 0.0, \"high\": 0.0, \"log\": false}}"}
{"op_code":5,"worker_id":"71c409e2-efd3-481e-90f4-bb3898c23bfb-140348624171008","trial_id":43,"param_name":"ab_weight_scaling_omega","param_value_internal":0.0,"distribution":"{\"name\": \"FloatDistribution\", \"attributes\": {\"step\": null, \"low\": 0.0, \"high\": 0.0, \"log\": false}}"}
{"op_code":5,"worker_id":"71c409e2-efd3-481e-90f4-bb3898c23bfb-140348624171008","trial_id":43,"param_name":"min_lr_rate","param_value_internal":0.0,"distribution":"{\"name\": \"FloatDistribution\", \"attributes\": {\"step\": null, \"low\": 0.0, \"high\": 0.0, \"log\": false}}"}
{"op_code":8,"worker_id":"71c409e2-efd3-481e-90f4-bb3898c23bfb-140348624171008","trial_id":43,"user_attr":{"error":"CUDA_CALL Error 'out of memory' at cuda_util.cu:978\n"}}
{"op_code":6,"worker_id":"71c409e2-efd3-481e-90f4-bb3898c23bfb-140348624171008","trial_id":43,"state":3,"values":null,"datetime_complete":"2026-03-10T21:06:10.470123"}
{"op_code":0,"worker_id":"dcbeff05-2367-44e2-a9fd-a27485db7e20-140554459750400","study_name":"bert_squad_lrtt_bs48_adam_hybrid_nowd_nomom_nonest_set_perfect_noos_as-separate_cgm_qkvo_5ep","directions":[2]}
{"op_code":4,"worker_id":"dcbeff05-2367-44e2-a9fd-a27485db7e20-140554459750400","study_id":0,"datetime_start":null,"state":4,"value":null,"values":null,"distributions":{},"params":{},"user_attrs":{},"system_attrs":{"fixed_params":{"learning_rate":0.0030035405778233034,"transfer_lr":0.0005,"transfer_every":45,"rank_exp":6,"fast_lr":0.9584438635165253,"tau_sec":0.0,"out_noise":0.0,"ab_weight_scaling_omega":0.0,"min_lr_rate":0.0}},"intermediate_values":{}}
{"op_code":6,"worker_id":"dcbeff05-2367-44e2-a9fd-a27485db7e20-140554459750400","trial_id":44,"state":0,"values":null,"datetime_start":"2026-03-10T21:06:21.258863"}
{"op_code":5,"worker_id":"dcbeff05-2367-44e2-a9fd-a27485db7e20-140554459750400","trial_id":44,"param_name":"learning_rate","param_value_internal":0.0030035405778233034,"distribution":"{\"name\": \"FloatDistribution\", \"attributes\": {\"step\": null, \"low\": 0.0001, \"high\": 0.02, \"log\": true}}"}
{"op_code":5,"worker_id":"dcbeff05-2367-44e2-a9fd-a27485db7e20-140554459750400","trial_id":44,"param_name":"transfer_lr","param_value_internal":0.0005,"distribution":"{\"name\": \"FloatDistribution\", \"attributes\": {\"step\": null, \"low\": 0.0005, \"high\": 10000.0, \"log\": true}}"}
{"op_code":5,"worker_id":"dcbeff05-2367-44e2-a9fd-a27485db7e20-140554459750400","trial_id":44,"param_name":"transfer_every","param_value_internal":45.0,"distribution":"{\"name\": \"IntDistribution\", \"attributes\": {\"log\": true, \"step\": 1, \"low\": 1, \"high\": 500}}"}
{"op_code":5,"worker_id":"dcbeff05-2367-44e2-a9fd-a27485db7e20-140554459750400","trial_id":44,"param_name":"rank_exp","param_value_internal":6.0,"distribution":"{\"name\": \"IntDistribution\", \"attributes\": {\"log\": false, \"step\": 1, \"low\": 0, \"high\": 6}}"}
{"op_code":5,"worker_id":"dcbeff05-2367-44e2-a9fd-a27485db7e20-140554459750400","trial_id":44,"param_name":"fast_lr","param_value_internal":0.9584438635165253,"distribution":"{\"name\": \"FloatDistribution\", \"attributes\": {\"step\": null, \"low\": 0.1, \"high\": 1.0, \"log\": true}}"}
{"op_code":5,"worker_id":"dcbeff05-2367-44e2-a9fd-a27485db7e20-140554459750400","trial_id":44,"param_name":"tau_sec","param_value_internal":0.0,"distribution":"{\"name\": \"FloatDistribution\", \"attributes\": {\"step\": null, \"low\": 0.0, \"high\": 0.0, \"log\": false}}"}
{"op_code":5,"worker_id":"dcbeff05-2367-44e2-a9fd-a27485db7e20-140554459750400","trial_id":44,"param_name":"out_noise","param_value_internal":0.0,"distribution":"{\"name\": \"FloatDistribution\", \"attributes\": {\"step\": null, \"low\": 0.0, \"high\": 0.0, \"log\": false}}"}
{"op_code":5,"worker_id":"dcbeff05-2367-44e2-a9fd-a27485db7e20-140554459750400","trial_id":44,"param_name":"ab_weight_scaling_omega","param_value_internal":0.0,"distribution":"{\"name\": \"FloatDistribution\", \"attributes\": {\"step\": null, \"low\": 0.0, \"high\": 0.0, \"log\": false}}"}
{"op_code":5,"worker_id":"dcbeff05-2367-44e2-a9fd-a27485db7e20-140554459750400","trial_id":44,"param_name":"min_lr_rate","param_value_internal":0.0,"distribution":"{\"name\": \"FloatDistribution\", \"attributes\": {\"step\": null, \"low\": 0.0, \"high\": 0.0, \"log\": false}}"}
{"op_code":7,"worker_id":"dcbeff05-2367-44e2-a9fd-a27485db7e20-140554459750400","trial_id":44,"step":1,"intermediate_value":75.0571956218334}
{"op_code":8,"worker_id":"dcbeff05-2367-44e2-a9fd-a27485db7e20-140554459750400","trial_id":44,"user_attr":{"train_loss_epoch_1":2.1638027938538755}}
{"op_code":7,"worker_id":"dcbeff05-2367-44e2-a9fd-a27485db7e20-140554459750400","trial_id":44,"step":2,"intermediate_value":77.0623429318873}
{"op_code":8,"worker_id":"dcbeff05-2367-44e2-a9fd-a27485db7e20-140554459750400","trial_id":44,"user_attr":{"train_loss_epoch_2":1.6164240029550367}}
{"op_code":7,"worker_id":"dcbeff05-2367-44e2-a9fd-a27485db7e20-140554459750400","trial_id":44,"step":3,"intermediate_value":78.10574664144261}
{"op_code":8,"worker_id":"dcbeff05-2367-44e2-a9fd-a27485db7e20-140554459750400","trial_id":44,"user_attr":{"train_loss_epoch_3":1.5375597182409846}}
{"op_code":7,"worker_id":"dcbeff05-2367-44e2-a9fd-a27485db7e20-140554459750400","trial_id":44,"step":4,"intermediate_value":79.23734210429326}
{"op_code":8,"worker_id":"dcbeff05-2367-44e2-a9fd-a27485db7e20-140554459750400","trial_id":44,"user_attr":{"train_loss_epoch_4":1.4817714897492094}}
{"op_code":7,"worker_id":"dcbeff05-2367-44e2-a9fd-a27485db7e20-140554459750400","trial_id":44,"step":5,"intermediate_value":79.63383671819189}
{"op_code":8,"worker_id":"dcbeff05-2367-44e2-a9fd-a27485db7e20-140554459750400","trial_id":44,"user_attr":{"train_loss_epoch_5":1.4438402256561056}}
{"op_code":6,"worker_id":"dcbeff05-2367-44e2-a9fd-a27485db7e20-140554459750400","trial_id":44,"state":1,"values":[79.63383671819189],"datetime_complete":"2026-03-11T00:38:39.045509"}
{"op_code":0,"worker_id":"6afe88ae-1cc3-4c69-a715-d30e9eecdd80-139721609662464","study_name":"bert_squad_lrtt_bs48_adam_hybrid_nowd_nomom_nonest_set_perfect_noos_as-separate_cgm_qkvo_5ep","directions":[2]}
{"op_code":4,"worker_id":"6afe88ae-1cc3-4c69-a715-d30e9eecdd80-139721609662464","study_id":0,"datetime_start":"2026-03-11T00:38:50.177998"}
{"op_code":5,"worker_id":"6afe88ae-1cc3-4c69-a715-d30e9eecdd80-139721609662464","trial_id":45,"param_name":"learning_rate","param_value_internal":0.0012004033230588746,"distribution":"{\"name\": \"FloatDistribution\", \"attributes\": {\"step\": null, \"low\": 0.0001, \"high\": 0.02, \"log\": true}}"}
{"op_code":5,"worker_id":"6afe88ae-1cc3-4c69-a715-d30e9eecdd80-139721609662464","trial_id":45,"param_name":"transfer_lr","param_value_internal":0.03596927042188825,"distribution":"{\"name\": \"FloatDistribution\", \"attributes\": {\"step\": null, \"low\": 0.0005, \"high\": 10000.0, \"log\": true}}"}
{"op_code":5,"worker_id":"6afe88ae-1cc3-4c69-a715-d30e9eecdd80-139721609662464","trial_id":45,"param_name":"transfer_every","param_value_internal":5.0,"distribution":"{\"name\": \"IntDistribution\", \"attributes\": {\"log\": true, \"step\": 1, \"low\": 1, \"high\": 500}}"}
{"op_code":5,"worker_id":"6afe88ae-1cc3-4c69-a715-d30e9eecdd80-139721609662464","trial_id":45,"param_name":"rank_exp","param_value_internal":6.0,"distribution":"{\"name\": \"IntDistribution\", \"attributes\": {\"log\": false, \"step\": 1, \"low\": 0, \"high\": 6}}"}
{"op_code":5,"worker_id":"6afe88ae-1cc3-4c69-a715-d30e9eecdd80-139721609662464","trial_id":45,"param_name":"fast_lr","param_value_internal":0.9730417198731731,"distribution":"{\"name\": \"FloatDistribution\", \"attributes\": {\"step\": null, \"low\": 0.1, \"high\": 1.0, \"log\": true}}"}
{"op_code":5,"worker_id":"6afe88ae-1cc3-4c69-a715-d30e9eecdd80-139721609662464","trial_id":45,"param_name":"tau_sec","param_value_internal":0.0,"distribution":"{\"name\": \"FloatDistribution\", \"attributes\": {\"step\": null, \"low\": 0.0, \"high\": 0.0, \"log\": false}}"}
{"op_code":5,"worker_id":"6afe88ae-1cc3-4c69-a715-d30e9eecdd80-139721609662464","trial_id":45,"param_name":"out_noise","param_value_internal":0.0,"distribution":"{\"name\": \"FloatDistribution\", \"attributes\": {\"step\": null, \"low\": 0.0, \"high\": 0.0, \"log\": false}}"}
{"op_code":5,"worker_id":"6afe88ae-1cc3-4c69-a715-d30e9eecdd80-139721609662464","trial_id":45,"param_name":"ab_weight_scaling_omega","param_value_internal":0.0,"distribution":"{\"name\": \"FloatDistribution\", \"attributes\": {\"step\": null, \"low\": 0.0, \"high\": 0.0, \"log\": false}}"}
{"op_code":5,"worker_id":"6afe88ae-1cc3-4c69-a715-d30e9eecdd80-139721609662464","trial_id":45,"param_name":"min_lr_rate","param_value_internal":0.0,"distribution":"{\"name\": \"FloatDistribution\", \"attributes\": {\"step\": null, \"low\": 0.0, \"high\": 0.0, \"log\": false}}"}
{"op_code":8,"worker_id":"6afe88ae-1cc3-4c69-a715-d30e9eecdd80-139721609662464","trial_id":45,"user_attr":{"error":"CUDA_CALL Error 'out of memory' at cuda_util.cu:978\n"}}
{"op_code":6,"worker_id":"6afe88ae-1cc3-4c69-a715-d30e9eecdd80-139721609662464","trial_id":45,"state":3,"values":null,"datetime_complete":"2026-03-11T00:41:45.745790"}
{"op_code":0,"worker_id":"b3966b61-1a1c-4da9-8ef7-797a8dcc1909-139953436950528","study_name":"bert_squad_lrtt_bs48_adam_hybrid_nowd_nomom_nonest_set_perfect_noos_as-separate_cgm_qkvo_5ep","directions":[2]}
{"op_code":4,"worker_id":"b3966b61-1a1c-4da9-8ef7-797a8dcc1909-139953436950528","study_id":0,"datetime_start":null,"state":4,"value":null,"values":null,"distributions":{},"params":{},"user_attrs":{},"system_attrs":{"fixed_params":{"learning_rate":0.0012004033230588746,"transfer_lr":0.03596927042188825,"transfer_every":5,"rank_exp":6,"fast_lr":0.9730417198731731,"tau_sec":0.0,"out_noise":0.0,"ab_weight_scaling_omega":0.0,"min_lr_rate":0.0}},"intermediate_values":{}}
{"op_code":6,"worker_id":"b3966b61-1a1c-4da9-8ef7-797a8dcc1909-139953436950528","trial_id":46,"state":0,"values":null,"datetime_start":"2026-03-11T00:41:56.483436"}
{"op_code":5,"worker_id":"b3966b61-1a1c-4da9-8ef7-797a8dcc1909-139953436950528","trial_id":46,"param_name":"learning_rate","param_value_internal":0.0012004033230588746,"distribution":"{\"name\": \"FloatDistribution\", \"attributes\": {\"step\": null, \"low\": 0.0001, \"high\": 0.02, \"log\": true}}"}
{"op_code":5,"worker_id":"b3966b61-1a1c-4da9-8ef7-797a8dcc1909-139953436950528","trial_id":46,"param_name":"transfer_lr","param_value_internal":0.03596927042188825,"distribution":"{\"name\": \"FloatDistribution\", \"attributes\": {\"step\": null, \"low\": 0.0005, \"high\": 10000.0, \"log\": true}}"}
{"op_code":5,"worker_id":"b3966b61-1a1c-4da9-8ef7-797a8dcc1909-139953436950528","trial_id":46,"param_name":"transfer_every","param_value_internal":5.0,"distribution":"{\"name\": \"IntDistribution\", \"attributes\": {\"log\": true, \"step\": 1, \"low\": 1, \"high\": 500}}"}
{"op_code":5,"worker_id":"b3966b61-1a1c-4da9-8ef7-797a8dcc1909-139953436950528","trial_id":46,"param_name":"rank_exp","param_value_internal":6.0,"distribution":"{\"name\": \"IntDistribution\", \"attributes\": {\"log\": false, \"step\": 1, \"low\": 0, \"high\": 6}}"}
{"op_code":5,"worker_id":"b3966b61-1a1c-4da9-8ef7-797a8dcc1909-139953436950528","trial_id":46,"param_name":"fast_lr","param_value_internal":0.9730417198731731,"distribution":"{\"name\": \"FloatDistribution\", \"attributes\": {\"step\": null, \"low\": 0.1, \"high\": 1.0, \"log\": true}}"}
{"op_code":5,"worker_id":"b3966b61-1a1c-4da9-8ef7-797a8dcc1909-139953436950528","trial_id":46,"param_name":"tau_sec","param_value_internal":0.0,"distribution":"{\"name\": \"FloatDistribution\", \"attributes\": {\"step\": null, \"low\": 0.0, \"high\": 0.0, \"log\": false}}"}
{"op_code":5,"worker_id":"b3966b61-1a1c-4da9-8ef7-797a8dcc1909-139953436950528","trial_id":46,"param_name":"out_noise","param_value_internal":0.0,"distribution":"{\"name\": \"FloatDistribution\", \"attributes\": {\"step\": null, \"low\": 0.0, \"high\": 0.0, \"log\": false}}"}
{"op_code":5,"worker_id":"b3966b61-1a1c-4da9-8ef7-797a8dcc1909-139953436950528","trial_id":46,"param_name":"ab_weight_scaling_omega","param_value_internal":0.0,"distribution":"{\"name\": \"FloatDistribution\", \"attributes\": {\"step\": null, \"low\": 0.0, \"high\": 0.0, \"log\": false}}"}
{"op_code":5,"worker_id":"b3966b61-1a1c-4da9-8ef7-797a8dcc1909-139953436950528","trial_id":46,"param_name":"min_lr_rate","param_value_internal":0.0,"distribution":"{\"name\": \"FloatDistribution\", \"attributes\": {\"step\": null, \"low\": 0.0, \"high\": 0.0, \"log\": false}}"}
{"op_code":7,"worker_id":"b3966b61-1a1c-4da9-8ef7-797a8dcc1909-139953436950528","trial_id":46,"step":1,"intermediate_value":73.05210093653284}
{"op_code":8,"worker_id":"b3966b61-1a1c-4da9-8ef7-797a8dcc1909-139953436950528","trial_id":46,"user_attr":{"train_loss_epoch_1":2.393449338156539}}
{"op_code":7,"worker_id":"b3966b61-1a1c-4da9-8ef7-797a8dcc1909-139953436950528","trial_id":46,"step":2,"intermediate_value":75.92922194243545}
{"op_code":8,"worker_id":"b3966b61-1a1c-4da9-8ef7-797a8dcc1909-139953436950528","trial_id":46,"user_attr":{"train_loss_epoch_2":1.6809609325541555}}
{"op_code":7,"worker_id":"b3966b61-1a1c-4da9-8ef7-797a8dcc1909-139953436950528","trial_id":46,"step":3,"intermediate_value":76.94092531107586}
{"op_code":8,"worker_id":"b3966b61-1a1c-4da9-8ef7-797a8dcc1909-139953436950528","trial_id":46,"user_attr":{"train_loss_epoch_3":1.6049195267573124}}
{"op_code":7,"worker_id":"b3966b61-1a1c-4da9-8ef7-797a8dcc1909-139953436950528","trial_id":46,"step":4,"intermediate_value":77.6270598641306}
{"op_code":8,"worker_id":"b3966b61-1a1c-4da9-8ef7-797a8dcc1909-139953436950528","trial_id":46,"user_attr":{"train_loss_epoch_4":1.5631243369223207}}
{"op_code":7,"worker_id":"b3966b61-1a1c-4da9-8ef7-797a8dcc1909-139953436950528","trial_id":46,"step":5,"intermediate_value":77.95598281963096}
{"op_code":8,"worker_id":"b3966b61-1a1c-4da9-8ef7-797a8dcc1909-139953436950528","trial_id":46,"user_attr":{"train_loss_epoch_5":1.537601525349228}}
{"op_code":6,"worker_id":"b3966b61-1a1c-4da9-8ef7-797a8dcc1909-139953436950528","trial_id":46,"state":1,"values":[77.95598281963096],"datetime_complete":"2026-03-11T04:18:07.753092"}
{"op_code":0,"worker_id":"07217f29-af63-4eca-ac54-cb15ed036a81-140391100456960","study_name":"bert_squad_lrtt_bs48_adam_hybrid_nowd_nomom_nonest_set_perfect_noos_as-separate_cgm_qkvo_5ep","directions":[2]}
{"op_code":4,"worker_id":"07217f29-af63-4eca-ac54-cb15ed036a81-140391100456960","study_id":0,"datetime_start":"2026-03-11T04:18:18.000418"}
{"op_code":5,"worker_id":"07217f29-af63-4eca-ac54-cb15ed036a81-140391100456960","trial_id":47,"param_name":"learning_rate","param_value_internal":0.008000184310414165,"distribution":"{\"name\": \"FloatDistribution\", \"attributes\": {\"step\": null, \"low\": 0.0001, \"high\": 0.02, \"log\": true}}"}
{"op_code":5,"worker_id":"07217f29-af63-4eca-ac54-cb15ed036a81-140391100456960","trial_id":47,"param_name":"transfer_lr","param_value_internal":0.0005954936438065329,"distribution":"{\"name\": \"FloatDistribution\", \"attributes\": {\"step\": null, \"low\": 0.0005, \"high\": 10000.0, \"log\": true}}"}
{"op_code":5,"worker_id":"07217f29-af63-4eca-ac54-cb15ed036a81-140391100456960","trial_id":47,"param_name":"transfer_every","param_value_internal":500.0,"distribution":"{\"name\": \"IntDistribution\", \"attributes\": {\"log\": true, \"step\": 1, \"low\": 1, \"high\": 500}}"}
{"op_code":5,"worker_id":"07217f29-af63-4eca-ac54-cb15ed036a81-140391100456960","trial_id":47,"param_name":"rank_exp","param_value_internal":5.0,"distribution":"{\"name\": \"IntDistribution\", \"attributes\": {\"log\": false, \"step\": 1, \"low\": 0, \"high\": 6}}"}
{"op_code":5,"worker_id":"07217f29-af63-4eca-ac54-cb15ed036a81-140391100456960","trial_id":47,"param_name":"fast_lr","param_value_internal":0.1045651861059294,"distribution":"{\"name\": \"FloatDistribution\", \"attributes\": {\"step\": null, \"low\": 0.1, \"high\": 1.0, \"log\": true}}"}
{"op_code":5,"worker_id":"07217f29-af63-4eca-ac54-cb15ed036a81-140391100456960","trial_id":47,"param_name":"tau_sec","param_value_internal":0.0,"distribution":"{\"name\": \"FloatDistribution\", \"attributes\": {\"step\": null, \"low\": 0.0, \"high\": 0.0, \"log\": false}}"}
{"op_code":5,"worker_id":"07217f29-af63-4eca-ac54-cb15ed036a81-140391100456960","trial_id":47,"param_name":"out_noise","param_value_internal":0.0,"distribution":"{\"name\": \"FloatDistribution\", \"attributes\": {\"step\": null, \"low\": 0.0, \"high\": 0.0, \"log\": false}}"}
{"op_code":5,"worker_id":"07217f29-af63-4eca-ac54-cb15ed036a81-140391100456960","trial_id":47,"param_name":"ab_weight_scaling_omega","param_value_internal":0.0,"distribution":"{\"name\": \"FloatDistribution\", \"attributes\": {\"step\": null, \"low\": 0.0, \"high\": 0.0, \"log\": false}}"}
{"op_code":5,"worker_id":"07217f29-af63-4eca-ac54-cb15ed036a81-140391100456960","trial_id":47,"param_name":"min_lr_rate","param_value_internal":0.0,"distribution":"{\"name\": \"FloatDistribution\", \"attributes\": {\"step\": null, \"low\": 0.0, \"high\": 0.0, \"log\": false}}"}
{"op_code":6,"worker_id":"07217f29-af63-4eca-ac54-cb15ed036a81-140391100456960","trial_id":47,"state":3,"values":null,"datetime_complete":"2026-03-12T03:45:51.326104"}
{"op_code":0,"worker_id":"3456420e-4d01-420f-a569-9e8b84ec8dff-139641610350592","study_name":"bert_squad_lrtt_bs48_adam_hybrid_nowd_nomom_nonest_set_perfect_noos_as-separate_cgm_qkvo_5ep","directions":[2]}
{"op_code":4,"worker_id":"3456420e-4d01-420f-a569-9e8b84ec8dff-139641610350592","study_id":0,"datetime_start":"2026-03-12T04:37:06.794793"}
{"op_code":5,"worker_id":"3456420e-4d01-420f-a569-9e8b84ec8dff-139641610350592","trial_id":48,"param_name":"learning_rate","param_value_internal":0.0077929765822810845,"distribution":"{\"name\": \"FloatDistribution\", \"attributes\": {\"step\": null, \"low\": 0.0001, \"high\": 0.02, \"log\": true}}"}
{"op_code":5,"worker_id":"3456420e-4d01-420f-a569-9e8b84ec8dff-139641610350592","trial_id":48,"param_name":"transfer_lr","param_value_internal":0.0006867201034723726,"distribution":"{\"name\": \"FloatDistribution\", \"attributes\": {\"step\": null, \"low\": 0.0005, \"high\": 1000.0, \"log\": true}}"}
{"op_code":5,"worker_id":"3456420e-4d01-420f-a569-9e8b84ec8dff-139641610350592","trial_id":48,"param_name":"transfer_every","param_value_internal":500.0,"distribution":"{\"name\": \"IntDistribution\", \"attributes\": {\"log\": true, \"step\": 1, \"low\": 1, \"high\": 600}}"}
{"op_code":5,"worker_id":"3456420e-4d01-420f-a569-9e8b84ec8dff-139641610350592","trial_id":48,"param_name":"rank_exp","param_value_internal":0.0,"distribution":"{\"name\": \"IntDistribution\", \"attributes\": {\"log\": false, \"step\": 1, \"low\": 0, \"high\": 6}}"}
{"op_code":5,"worker_id":"3456420e-4d01-420f-a569-9e8b84ec8dff-139641610350592","trial_id":48,"param_name":"fast_lr","param_value_internal":0.10874230080432461,"distribution":"{\"name\": \"FloatDistribution\", \"attributes\": {\"step\": null, \"low\": 0.01, \"high\": 1.0, \"log\": true}}"}
{"op_code":5,"worker_id":"3456420e-4d01-420f-a569-9e8b84ec8dff-139641610350592","trial_id":48,"param_name":"tau_sec","param_value_internal":0.0,"distribution":"{\"name\": \"FloatDistribution\", \"attributes\": {\"step\": null, \"low\": 0.0, \"high\": 0.0, \"log\": false}}"}
{"op_code":5,"worker_id":"3456420e-4d01-420f-a569-9e8b84ec8dff-139641610350592","trial_id":48,"param_name":"out_noise","param_value_internal":0.0,"distribution":"{\"name\": \"FloatDistribution\", \"attributes\": {\"step\": null, \"low\": 0.0, \"high\": 0.0, \"log\": false}}"}
{"op_code":5,"worker_id":"3456420e-4d01-420f-a569-9e8b84ec8dff-139641610350592","trial_id":48,"param_name":"ab_weight_scaling_omega","param_value_internal":0.0,"distribution":"{\"name\": \"FloatDistribution\", \"attributes\": {\"step\": null, \"low\": 0.0, \"high\": 0.0, \"log\": false}}"}
{"op_code":5,"worker_id":"3456420e-4d01-420f-a569-9e8b84ec8dff-139641610350592","trial_id":48,"param_name":"min_lr_rate","param_value_internal":0.0,"distribution":"{\"name\": \"FloatDistribution\", \"attributes\": {\"step\": null, \"low\": 0.0, \"high\": 0.0, \"log\": false}}"}
{"op_code":8,"worker_id":"3456420e-4d01-420f-a569-9e8b84ec8dff-139641610350592","trial_id":48,"user_attr":{"error":"CUDA_CALL Error 'out of memory' at cuda_util.cu:978\n"}}
{"op_code":6,"worker_id":"3456420e-4d01-420f-a569-9e8b84ec8dff-139641610350592","trial_id":48,"state":3,"values":null,"datetime_complete":"2026-03-12T04:39:33.587117"}
{"op_code":0,"worker_id":"056b682d-4a50-453e-a89a-25dcc39044e9-140351944327168","study_name":"bert_squad_lrtt_bs48_adam_hybrid_nowd_nomom_nonest_set_perfect_noos_as-separate_cgm_qkvo_5ep","directions":[2]}
{"op_code":4,"worker_id":"056b682d-4a50-453e-a89a-25dcc39044e9-140351944327168","study_id":0,"datetime_start":null,"state":4,"value":null,"values":null,"distributions":{},"params":{},"user_attrs":{},"system_attrs":{"fixed_params":{"learning_rate":0.0077929765822810845,"transfer_lr":0.0006867201034723726,"transfer_every":500,"rank_exp":0,"fast_lr":0.10874230080432461,"tau_sec":0.0,"out_noise":0.0,"ab_weight_scaling_omega":0.0,"min_lr_rate":0.0}},"intermediate_values":{}}
{"op_code":6,"worker_id":"056b682d-4a50-453e-a89a-25dcc39044e9-140351944327168","trial_id":49,"state":0,"values":null,"datetime_start":"2026-03-12T04:39:52.635856"}
{"op_code":5,"worker_id":"056b682d-4a50-453e-a89a-25dcc39044e9-140351944327168","trial_id":49,"param_name":"learning_rate","param_value_internal":0.0077929765822810845,"distribution":"{\"name\": \"FloatDistribution\", \"attributes\": {\"step\": null, \"low\": 0.0001, \"high\": 0.02, \"log\": true}}"}
{"op_code":5,"worker_id":"056b682d-4a50-453e-a89a-25dcc39044e9-140351944327168","trial_id":49,"param_name":"transfer_lr","param_value_internal":0.0006867201034723726,"distribution":"{\"name\": \"FloatDistribution\", \"attributes\": {\"step\": null, \"low\": 0.0005, \"high\": 1000.0, \"log\": true}}"}
{"op_code":5,"worker_id":"056b682d-4a50-453e-a89a-25dcc39044e9-140351944327168","trial_id":49,"param_name":"transfer_every","param_value_internal":500.0,"distribution":"{\"name\": \"IntDistribution\", \"attributes\": {\"log\": true, \"step\": 1, \"low\": 1, \"high\": 600}}"}
{"op_code":5,"worker_id":"056b682d-4a50-453e-a89a-25dcc39044e9-140351944327168","trial_id":49,"param_name":"rank_exp","param_value_internal":0.0,"distribution":"{\"name\": \"IntDistribution\", \"attributes\": {\"log\": false, \"step\": 1, \"low\": 0, \"high\": 6}}"}
{"op_code":5,"worker_id":"056b682d-4a50-453e-a89a-25dcc39044e9-140351944327168","trial_id":49,"param_name":"fast_lr","param_value_internal":0.10874230080432461,"distribution":"{\"name\": \"FloatDistribution\", \"attributes\": {\"step\": null, \"low\": 0.01, \"high\": 1.0, \"log\": true}}"}
{"op_code":5,"worker_id":"056b682d-4a50-453e-a89a-25dcc39044e9-140351944327168","trial_id":49,"param_name":"tau_sec","param_value_internal":0.0,"distribution":"{\"name\": \"FloatDistribution\", \"attributes\": {\"step\": null, \"low\": 0.0, \"high\": 0.0, \"log\": false}}"}
{"op_code":5,"worker_id":"056b682d-4a50-453e-a89a-25dcc39044e9-140351944327168","trial_id":49,"param_name":"out_noise","param_value_internal":0.0,"distribution":"{\"name\": \"FloatDistribution\", \"attributes\": {\"step\": null, \"low\": 0.0, \"high\": 0.0, \"log\": false}}"}
{"op_code":5,"worker_id":"056b682d-4a50-453e-a89a-25dcc39044e9-140351944327168","trial_id":49,"param_name":"ab_weight_scaling_omega","param_value_internal":0.0,"distribution":"{\"name\": \"FloatDistribution\", \"attributes\": {\"step\": null, \"low\": 0.0, \"high\": 0.0, \"log\": false}}"}
{"op_code":5,"worker_id":"056b682d-4a50-453e-a89a-25dcc39044e9-140351944327168","trial_id":49,"param_name":"min_lr_rate","param_value_internal":0.0,"distribution":"{\"name\": \"FloatDistribution\", \"attributes\": {\"step\": null, \"low\": 0.0, \"high\": 0.0, \"log\": false}}"}
{"op_code":8,"worker_id":"056b682d-4a50-453e-a89a-25dcc39044e9-140351944327168","trial_id":49,"user_attr":{"error":"CUDA_CALL Error 'out of memory' at cuda_util.cu:978\n"}}
{"op_code":6,"worker_id":"056b682d-4a50-453e-a89a-25dcc39044e9-140351944327168","trial_id":49,"state":3,"values":null,"datetime_complete":"2026-03-12T04:41:05.247050"}
{"op_code":0,"worker_id":"f7ea1151-471a-4ec9-8625-e74646b8f459-140431340998656","study_name":"bert_squad_lrtt_bs48_adam_hybrid_nowd_nomom_nonest_set_perfect_noos_as-separate_cgm_qkvo_5ep","directions":[2]}
{"op_code":4,"worker_id":"f7ea1151-471a-4ec9-8625-e74646b8f459-140431340998656","study_id":0,"datetime_start":null,"state":4,"value":null,"values":null,"distributions":{},"params":{},"user_attrs":{},"system_attrs":{"fixed_params":{"learning_rate":0.0077929765822810845,"transfer_lr":0.0006867201034723726,"transfer_every":500,"rank_exp":0,"fast_lr":0.10874230080432461,"tau_sec":0.0,"out_noise":0.0,"ab_weight_scaling_omega":0.0,"min_lr_rate":0.0}},"intermediate_values":{}}
{"op_code":6,"worker_id":"f7ea1151-471a-4ec9-8625-e74646b8f459-140431340998656","trial_id":50,"state":0,"values":null,"datetime_start":"2026-03-12T04:41:16.522395"}
{"op_code":5,"worker_id":"f7ea1151-471a-4ec9-8625-e74646b8f459-140431340998656","trial_id":50,"param_name":"learning_rate","param_value_internal":0.0077929765822810845,"distribution":"{\"name\": \"FloatDistribution\", \"attributes\": {\"step\": null, \"low\": 0.0001, \"high\": 0.02, \"log\": true}}"}
{"op_code":5,"worker_id":"f7ea1151-471a-4ec9-8625-e74646b8f459-140431340998656","trial_id":50,"param_name":"transfer_lr","param_value_internal":0.0006867201034723726,"distribution":"{\"name\": \"FloatDistribution\", \"attributes\": {\"step\": null, \"low\": 0.0005, \"high\": 1000.0, \"log\": true}}"}
{"op_code":5,"worker_id":"f7ea1151-471a-4ec9-8625-e74646b8f459-140431340998656","trial_id":50,"param_name":"transfer_every","param_value_internal":500.0,"distribution":"{\"name\": \"IntDistribution\", \"attributes\": {\"log\": true, \"step\": 1, \"low\": 1, \"high\": 600}}"}
{"op_code":5,"worker_id":"f7ea1151-471a-4ec9-8625-e74646b8f459-140431340998656","trial_id":50,"param_name":"rank_exp","param_value_internal":0.0,"distribution":"{\"name\": \"IntDistribution\", \"attributes\": {\"log\": false, \"step\": 1, \"low\": 0, \"high\": 6}}"}
{"op_code":5,"worker_id":"f7ea1151-471a-4ec9-8625-e74646b8f459-140431340998656","trial_id":50,"param_name":"fast_lr","param_value_internal":0.10874230080432461,"distribution":"{\"name\": \"FloatDistribution\", \"attributes\": {\"step\": null, \"low\": 0.01, \"high\": 1.0, \"log\": true}}"}
{"op_code":5,"worker_id":"f7ea1151-471a-4ec9-8625-e74646b8f459-140431340998656","trial_id":50,"param_name":"tau_sec","param_value_internal":0.0,"distribution":"{\"name\": \"FloatDistribution\", \"attributes\": {\"step\": null, \"low\": 0.0, \"high\": 0.0, \"log\": false}}"}
{"op_code":5,"worker_id":"f7ea1151-471a-4ec9-8625-e74646b8f459-140431340998656","trial_id":50,"param_name":"out_noise","param_value_internal":0.0,"distribution":"{\"name\": \"FloatDistribution\", \"attributes\": {\"step\": null, \"low\": 0.0, \"high\": 0.0, \"log\": false}}"}
{"op_code":5,"worker_id":"f7ea1151-471a-4ec9-8625-e74646b8f459-140431340998656","trial_id":50,"param_name":"ab_weight_scaling_omega","param_value_internal":0.0,"distribution":"{\"name\": \"FloatDistribution\", \"attributes\": {\"step\": null, \"low\": 0.0, \"high\": 0.0, \"log\": false}}"}
{"op_code":5,"worker_id":"f7ea1151-471a-4ec9-8625-e74646b8f459-140431340998656","trial_id":50,"param_name":"min_lr_rate","param_value_internal":0.0,"distribution":"{\"name\": \"FloatDistribution\", \"attributes\": {\"step\": null, \"low\": 0.0, \"high\": 0.0, \"log\": false}}"}
{"op_code":7,"worker_id":"f7ea1151-471a-4ec9-8625-e74646b8f459-140431340998656","trial_id":50,"step":1,"intermediate_value":73.88300275869608}
{"op_code":8,"worker_id":"f7ea1151-471a-4ec9-8625-e74646b8f459-140431340998656","trial_id":50,"user_attr":{"train_loss_epoch_1":2.102872576819569}}
{"op_code":7,"worker_id":"f7ea1151-471a-4ec9-8625-e74646b8f459-140431340998656","trial_id":50,"step":2,"intermediate_value":75.9211916423963}
{"op_code":8,"worker_id":"f7ea1151-471a-4ec9-8625-e74646b8f459-140431340998656","trial_id":50,"user_attr":{"train_loss_epoch_2":1.681997583950537}}
{"op_code":7,"worker_id":"f7ea1151-471a-4ec9-8625-e74646b8f459-140431340998656","trial_id":50,"step":3,"intermediate_value":77.4528010308088}
{"op_code":8,"worker_id":"f7ea1151-471a-4ec9-8625-e74646b8f459-140431340998656","trial_id":50,"user_attr":{"train_loss_epoch_3":1.5925568678409117}}
{"op_code":8,"worker_id":"f7ea1151-471a-4ec9-8625-e74646b8f459-140431340998656","trial_id":50,"user_attr":{"error":"NVML_SUCCESS == r INTERNAL ASSERT FAILED at \"../c10/cuda/CUDACachingAllocator.cpp\":844, please report a bug to PyTorch. "}}
{"op_code":6,"worker_id":"f7ea1151-471a-4ec9-8625-e74646b8f459-140431340998656","trial_id":50,"state":3,"values":null,"datetime_complete":"2026-03-12T09:03:09.676772"}
{"op_code":0,"worker_id":"b5d89bb6-8c79-4077-ae1a-69da045fcbcf-139742403244032","study_name":"bert_squad_lrtt_bs48_adam_hybrid_nowd_nomom_nonest_set_perfect_noos_as-separate_cgm_qkvo_5ep","directions":[2]}
{"op_code":4,"worker_id":"b5d89bb6-8c79-4077-ae1a-69da045fcbcf-139742403244032","study_id":0,"datetime_start":null,"state":4,"value":null,"values":null,"distributions":{},"params":{},"user_attrs":{},"system_attrs":{"fixed_params":{"learning_rate":0.0077929765822810845,"transfer_lr":0.0006867201034723726,"transfer_every":500,"rank_exp":0,"fast_lr":0.10874230080432461,"tau_sec":0.0,"out_noise":0.0,"ab_weight_scaling_omega":0.0,"min_lr_rate":0.0}},"intermediate_values":{}}
{"op_code":6,"worker_id":"b5d89bb6-8c79-4077-ae1a-69da045fcbcf-139742403244032","trial_id":51,"state":0,"values":null,"datetime_start":"2026-03-12T09:03:21.637258"}
{"op_code":5,"worker_id":"b5d89bb6-8c79-4077-ae1a-69da045fcbcf-139742403244032","trial_id":51,"param_name":"learning_rate","param_value_internal":0.0077929765822810845,"distribution":"{\"name\": \"FloatDistribution\", \"attributes\": {\"step\": null, \"low\": 0.0001, \"high\": 0.02, \"log\": true}}"}
{"op_code":5,"worker_id":"b5d89bb6-8c79-4077-ae1a-69da045fcbcf-139742403244032","trial_id":51,"param_name":"transfer_lr","param_value_internal":0.0006867201034723726,"distribution":"{\"name\": \"FloatDistribution\", \"attributes\": {\"step\": null, \"low\": 0.0005, \"high\": 1000.0, \"log\": true}}"}
{"op_code":5,"worker_id":"b5d89bb6-8c79-4077-ae1a-69da045fcbcf-139742403244032","trial_id":51,"param_name":"transfer_every","param_value_internal":500.0,"distribution":"{\"name\": \"IntDistribution\", \"attributes\": {\"log\": true, \"step\": 1, \"low\": 1, \"high\": 600}}"}
{"op_code":5,"worker_id":"b5d89bb6-8c79-4077-ae1a-69da045fcbcf-139742403244032","trial_id":51,"param_name":"rank_exp","param_value_internal":0.0,"distribution":"{\"name\": \"IntDistribution\", \"attributes\": {\"log\": false, \"step\": 1, \"low\": 0, \"high\": 6}}"}
{"op_code":5,"worker_id":"b5d89bb6-8c79-4077-ae1a-69da045fcbcf-139742403244032","trial_id":51,"param_name":"fast_lr","param_value_internal":0.10874230080432461,"distribution":"{\"name\": \"FloatDistribution\", \"attributes\": {\"step\": null, \"low\": 0.01, \"high\": 1.0, \"log\": true}}"}
{"op_code":5,"worker_id":"b5d89bb6-8c79-4077-ae1a-69da045fcbcf-139742403244032","trial_id":51,"param_name":"tau_sec","param_value_internal":0.0,"distribution":"{\"name\": \"FloatDistribution\", \"attributes\": {\"step\": null, \"low\": 0.0, \"high\": 0.0, \"log\": false}}"}
{"op_code":5,"worker_id":"b5d89bb6-8c79-4077-ae1a-69da045fcbcf-139742403244032","trial_id":51,"param_name":"out_noise","param_value_internal":0.0,"distribution":"{\"name\": \"FloatDistribution\", \"attributes\": {\"step\": null, \"low\": 0.0, \"high\": 0.0, \"log\": false}}"}
{"op_code":5,"worker_id":"b5d89bb6-8c79-4077-ae1a-69da045fcbcf-139742403244032","trial_id":51,"param_name":"ab_weight_scaling_omega","param_value_internal":0.0,"distribution":"{\"name\": \"FloatDistribution\", \"attributes\": {\"step\": null, \"low\": 0.0, \"high\": 0.0, \"log\": false}}"}
{"op_code":5,"worker_id":"b5d89bb6-8c79-4077-ae1a-69da045fcbcf-139742403244032","trial_id":51,"param_name":"min_lr_rate","param_value_internal":0.0,"distribution":"{\"name\": \"FloatDistribution\", \"attributes\": {\"step\": null, \"low\": 0.0, \"high\": 0.0, \"log\": false}}"}
{"op_code":7,"worker_id":"b5d89bb6-8c79-4077-ae1a-69da045fcbcf-139742403244032","trial_id":51,"step":1,"intermediate_value":73.74145381536658}
{"op_code":8,"worker_id":"b5d89bb6-8c79-4077-ae1a-69da045fcbcf-139742403244032","trial_id":51,"user_attr":{"train_loss_epoch_1":2.0939644174381407}}
{"op_code":7,"worker_id":"b5d89bb6-8c79-4077-ae1a-69da045fcbcf-139742403244032","trial_id":51,"step":2,"intermediate_value":74.6724765713576}
{"op_code":8,"worker_id":"b5d89bb6-8c79-4077-ae1a-69da045fcbcf-139742403244032","trial_id":51,"user_attr":{"train_loss_epoch_2":1.6762498556846475}}
{"op_code":7,"worker_id":"b5d89bb6-8c79-4077-ae1a-69da045fcbcf-139742403244032","trial_id":51,"step":3,"intermediate_value":77.37915311835782}
{"op_code":8,"worker_id":"b5d89bb6-8c79-4077-ae1a-69da045fcbcf-139742403244032","trial_id":51,"user_attr":{"train_loss_epoch_3":1.5830517949073621}}
{"op_code":7,"worker_id":"b5d89bb6-8c79-4077-ae1a-69da045fcbcf-139742403244032","trial_id":51,"step":4,"intermediate_value":79.14008898453169}
{"op_code":8,"worker_id":"b5d89bb6-8c79-4077-ae1a-69da045fcbcf-139742403244032","trial_id":51,"user_attr":{"train_loss_epoch_4":1.5049075108797663}}
{"op_code":7,"worker_id":"b5d89bb6-8c79-4077-ae1a-69da045fcbcf-139742403244032","trial_id":51,"step":5,"intermediate_value":79.87842353773324}
{"op_code":8,"worker_id":"b5d89bb6-8c79-4077-ae1a-69da045fcbcf-139742403244032","trial_id":51,"user_attr":{"train_loss_epoch_5":1.440408292560416}}
{"op_code":6,"worker_id":"b5d89bb6-8c79-4077-ae1a-69da045fcbcf-139742403244032","trial_id":51,"state":1,"values":[79.87842353773324],"datetime_complete":"2026-03-12T15:25:07.332591"}
{"op_code":0,"worker_id":"cec184f3-1af9-4f0f-832a-edf7cdee83b8-140249986248704","study_name":"bert_squad_lrtt_bs48_adam_hybrid_nowd_nomom_nonest_set_perfect_noos_as-separate_cgm_qkvo_5ep","directions":[2]}
{"op_code":4,"worker_id":"cec184f3-1af9-4f0f-832a-edf7cdee83b8-140249986248704","study_id":0,"datetime_start":"2026-03-12T15:25:18.530439"}
{"op_code":5,"worker_id":"cec184f3-1af9-4f0f-832a-edf7cdee83b8-140249986248704","trial_id":52,"param_name":"learning_rate","param_value_internal":0.00010541821660908677,"distribution":"{\"name\": \"FloatDistribution\", \"attributes\": {\"step\": null, \"low\": 0.0001, \"high\": 0.02, \"log\": true}}"}
{"op_code":5,"worker_id":"cec184f3-1af9-4f0f-832a-edf7cdee83b8-140249986248704","trial_id":52,"param_name":"transfer_lr","param_value_internal":0.0012824049621306816,"distribution":"{\"name\": \"FloatDistribution\", \"attributes\": {\"step\": null, \"low\": 0.0005, \"high\": 1000.0, \"log\": true}}"}
{"op_code":5,"worker_id":"cec184f3-1af9-4f0f-832a-edf7cdee83b8-140249986248704","trial_id":52,"param_name":"transfer_every","param_value_internal":9.0,"distribution":"{\"name\": \"IntDistribution\", \"attributes\": {\"log\": true, \"step\": 1, \"low\": 1, \"high\": 600}}"}
{"op_code":5,"worker_id":"cec184f3-1af9-4f0f-832a-edf7cdee83b8-140249986248704","trial_id":52,"param_name":"rank_exp","param_value_internal":2.0,"distribution":"{\"name\": \"IntDistribution\", \"attributes\": {\"log\": false, \"step\": 1, \"low\": 0, \"high\": 6}}"}
{"op_code":5,"worker_id":"cec184f3-1af9-4f0f-832a-edf7cdee83b8-140249986248704","trial_id":52,"param_name":"fast_lr","param_value_internal":0.30652344431481676,"distribution":"{\"name\": \"FloatDistribution\", \"attributes\": {\"step\": null, \"low\": 0.01, \"high\": 1.0, \"log\": true}}"}
{"op_code":5,"worker_id":"cec184f3-1af9-4f0f-832a-edf7cdee83b8-140249986248704","trial_id":52,"param_name":"tau_sec","param_value_internal":0.0,"distribution":"{\"name\": \"FloatDistribution\", \"attributes\": {\"step\": null, \"low\": 0.0, \"high\": 0.0, \"log\": false}}"}
{"op_code":5,"worker_id":"cec184f3-1af9-4f0f-832a-edf7cdee83b8-140249986248704","trial_id":52,"param_name":"out_noise","param_value_internal":0.0,"distribution":"{\"name\": \"FloatDistribution\", \"attributes\": {\"step\": null, \"low\": 0.0, \"high\": 0.0, \"log\": false}}"}
{"op_code":5,"worker_id":"cec184f3-1af9-4f0f-832a-edf7cdee83b8-140249986248704","trial_id":52,"param_name":"ab_weight_scaling_omega","param_value_internal":0.0,"distribution":"{\"name\": \"FloatDistribution\", \"attributes\": {\"step\": null, \"low\": 0.0, \"high\": 0.0, \"log\": false}}"}
{"op_code":5,"worker_id":"cec184f3-1af9-4f0f-832a-edf7cdee83b8-140249986248704","trial_id":52,"param_name":"min_lr_rate","param_value_internal":0.0,"distribution":"{\"name\": \"FloatDistribution\", \"attributes\": {\"step\": null, \"low\": 0.0, \"high\": 0.0, \"log\": false}}"}
{"op_code":8,"worker_id":"cec184f3-1af9-4f0f-832a-edf7cdee83b8-140249986248704","trial_id":52,"user_attr":{"error":"CUDA_CALL Error 'out of memory' at cuda_util.cu:978\n"}}
{"op_code":6,"worker_id":"cec184f3-1af9-4f0f-832a-edf7cdee83b8-140249986248704","trial_id":52,"state":3,"values":null,"datetime_complete":"2026-03-12T15:26:41.008096"}
{"op_code":0,"worker_id":"8fe13347-29d9-47c0-acdd-af01598ec19a-139776291794944","study_name":"bert_squad_lrtt_bs48_adam_hybrid_nowd_nomom_nonest_set_perfect_noos_as-separate_cgm_qkvo_5ep","directions":[2]}
{"op_code":4,"worker_id":"8fe13347-29d9-47c0-acdd-af01598ec19a-139776291794944","study_id":0,"datetime_start":null,"state":4,"value":null,"values":null,"distributions":{},"params":{},"user_attrs":{},"system_attrs":{"fixed_params":{"learning_rate":0.00010541821660908677,"transfer_lr":0.0012824049621306816,"transfer_every":9,"rank_exp":2,"fast_lr":0.30652344431481676,"tau_sec":0.0,"out_noise":0.0,"ab_weight_scaling_omega":0.0,"min_lr_rate":0.0}},"intermediate_values":{}}
{"op_code":6,"worker_id":"8fe13347-29d9-47c0-acdd-af01598ec19a-139776291794944","trial_id":53,"state":0,"values":null,"datetime_start":"2026-03-12T15:26:52.622453"}
{"op_code":5,"worker_id":"8fe13347-29d9-47c0-acdd-af01598ec19a-139776291794944","trial_id":53,"param_name":"learning_rate","param_value_internal":0.00010541821660908677,"distribution":"{\"name\": \"FloatDistribution\", \"attributes\": {\"step\": null, \"low\": 0.0001, \"high\": 0.02, \"log\": true}}"}
{"op_code":5,"worker_id":"8fe13347-29d9-47c0-acdd-af01598ec19a-139776291794944","trial_id":53,"param_name":"transfer_lr","param_value_internal":0.0012824049621306816,"distribution":"{\"name\": \"FloatDistribution\", \"attributes\": {\"step\": null, \"low\": 0.0005, \"high\": 1000.0, \"log\": true}}"}
{"op_code":5,"worker_id":"8fe13347-29d9-47c0-acdd-af01598ec19a-139776291794944","trial_id":53,"param_name":"transfer_every","param_value_internal":9.0,"distribution":"{\"name\": \"IntDistribution\", \"attributes\": {\"log\": true, \"step\": 1, \"low\": 1, \"high\": 600}}"}
{"op_code":5,"worker_id":"8fe13347-29d9-47c0-acdd-af01598ec19a-139776291794944","trial_id":53,"param_name":"rank_exp","param_value_internal":2.0,"distribution":"{\"name\": \"IntDistribution\", \"attributes\": {\"log\": false, \"step\": 1, \"low\": 0, \"high\": 6}}"}
{"op_code":5,"worker_id":"8fe13347-29d9-47c0-acdd-af01598ec19a-139776291794944","trial_id":53,"param_name":"fast_lr","param_value_internal":0.30652344431481676,"distribution":"{\"name\": \"FloatDistribution\", \"attributes\": {\"step\": null, \"low\": 0.01, \"high\": 1.0, \"log\": true}}"}
{"op_code":5,"worker_id":"8fe13347-29d9-47c0-acdd-af01598ec19a-139776291794944","trial_id":53,"param_name":"tau_sec","param_value_internal":0.0,"distribution":"{\"name\": \"FloatDistribution\", \"attributes\": {\"step\": null, \"low\": 0.0, \"high\": 0.0, \"log\": false}}"}
{"op_code":5,"worker_id":"8fe13347-29d9-47c0-acdd-af01598ec19a-139776291794944","trial_id":53,"param_name":"out_noise","param_value_internal":0.0,"distribution":"{\"name\": \"FloatDistribution\", \"attributes\": {\"step\": null, \"low\": 0.0, \"high\": 0.0, \"log\": false}}"}
{"op_code":5,"worker_id":"8fe13347-29d9-47c0-acdd-af01598ec19a-139776291794944","trial_id":53,"param_name":"ab_weight_scaling_omega","param_value_internal":0.0,"distribution":"{\"name\": \"FloatDistribution\", \"attributes\": {\"step\": null, \"low\": 0.0, \"high\": 0.0, \"log\": false}}"}
{"op_code":5,"worker_id":"8fe13347-29d9-47c0-acdd-af01598ec19a-139776291794944","trial_id":53,"param_name":"min_lr_rate","param_value_internal":0.0,"distribution":"{\"name\": \"FloatDistribution\", \"attributes\": {\"step\": null, \"low\": 0.0, \"high\": 0.0, \"log\": false}}"}
{"op_code":8,"worker_id":"8fe13347-29d9-47c0-acdd-af01598ec19a-139776291794944","trial_id":53,"user_attr":{"error":"CUDA_CALL Error 'out of memory' at cuda_util.cu:978\n"}}
{"op_code":6,"worker_id":"8fe13347-29d9-47c0-acdd-af01598ec19a-139776291794944","trial_id":53,"state":3,"values":null,"datetime_complete":"2026-03-12T15:27:34.092096"}
{"op_code":0,"worker_id":"8a8abda7-2619-45fb-816a-d8ba6c6b1088-140262585372672","study_name":"bert_squad_lrtt_bs48_adam_hybrid_nowd_nomom_nonest_set_perfect_noos_as-separate_cgm_qkvo_5ep","directions":[2]}
{"op_code":4,"worker_id":"8a8abda7-2619-45fb-816a-d8ba6c6b1088-140262585372672","study_id":0,"datetime_start":null,"state":4,"value":null,"values":null,"distributions":{},"params":{},"user_attrs":{},"system_attrs":{"fixed_params":{"learning_rate":0.00010541821660908677,"transfer_lr":0.0012824049621306816,"transfer_every":9,"rank_exp":2,"fast_lr":0.30652344431481676,"tau_sec":0.0,"out_noise":0.0,"ab_weight_scaling_omega":0.0,"min_lr_rate":0.0}},"intermediate_values":{}}
{"op_code":6,"worker_id":"8a8abda7-2619-45fb-816a-d8ba6c6b1088-140262585372672","trial_id":54,"state":0,"values":null,"datetime_start":"2026-03-12T15:27:45.807767"}
{"op_code":5,"worker_id":"8a8abda7-2619-45fb-816a-d8ba6c6b1088-140262585372672","trial_id":54,"param_name":"learning_rate","param_value_internal":0.00010541821660908677,"distribution":"{\"name\": \"FloatDistribution\", \"attributes\": {\"step\": null, \"low\": 0.0001, \"high\": 0.02, \"log\": true}}"}
{"op_code":5,"worker_id":"8a8abda7-2619-45fb-816a-d8ba6c6b1088-140262585372672","trial_id":54,"param_name":"transfer_lr","param_value_internal":0.0012824049621306816,"distribution":"{\"name\": \"FloatDistribution\", \"attributes\": {\"step\": null, \"low\": 0.0005, \"high\": 1000.0, \"log\": true}}"}
{"op_code":5,"worker_id":"8a8abda7-2619-45fb-816a-d8ba6c6b1088-140262585372672","trial_id":54,"param_name":"transfer_every","param_value_internal":9.0,"distribution":"{\"name\": \"IntDistribution\", \"attributes\": {\"log\": true, \"step\": 1, \"low\": 1, \"high\": 600}}"}
{"op_code":5,"worker_id":"8a8abda7-2619-45fb-816a-d8ba6c6b1088-140262585372672","trial_id":54,"param_name":"rank_exp","param_value_internal":2.0,"distribution":"{\"name\": \"IntDistribution\", \"attributes\": {\"log\": false, \"step\": 1, \"low\": 0, \"high\": 6}}"}
{"op_code":5,"worker_id":"8a8abda7-2619-45fb-816a-d8ba6c6b1088-140262585372672","trial_id":54,"param_name":"fast_lr","param_value_internal":0.30652344431481676,"distribution":"{\"name\": \"FloatDistribution\", \"attributes\": {\"step\": null, \"low\": 0.01, \"high\": 1.0, \"log\": true}}"}
{"op_code":5,"worker_id":"8a8abda7-2619-45fb-816a-d8ba6c6b1088-140262585372672","trial_id":54,"param_name":"tau_sec","param_value_internal":0.0,"distribution":"{\"name\": \"FloatDistribution\", \"attributes\": {\"step\": null, \"low\": 0.0, \"high\": 0.0, \"log\": false}}"}
{"op_code":5,"worker_id":"8a8abda7-2619-45fb-816a-d8ba6c6b1088-140262585372672","trial_id":54,"param_name":"out_noise","param_value_internal":0.0,"distribution":"{\"name\": \"FloatDistribution\", \"attributes\": {\"step\": null, \"low\": 0.0, \"high\": 0.0, \"log\": false}}"}
{"op_code":5,"worker_id":"8a8abda7-2619-45fb-816a-d8ba6c6b1088-140262585372672","trial_id":54,"param_name":"ab_weight_scaling_omega","param_value_internal":0.0,"distribution":"{\"name\": \"FloatDistribution\", \"attributes\": {\"step\": null, \"low\": 0.0, \"high\": 0.0, \"log\": false}}"}
{"op_code":5,"worker_id":"8a8abda7-2619-45fb-816a-d8ba6c6b1088-140262585372672","trial_id":54,"param_name":"min_lr_rate","param_value_internal":0.0,"distribution":"{\"name\": \"FloatDistribution\", \"attributes\": {\"step\": null, \"low\": 0.0, \"high\": 0.0, \"log\": false}}"}
{"op_code":7,"worker_id":"8a8abda7-2619-45fb-816a-d8ba6c6b1088-140262585372672","trial_id":54,"step":1,"intermediate_value":41.353169964662285}
{"op_code":8,"worker_id":"8a8abda7-2619-45fb-816a-d8ba6c6b1088-140262585372672","trial_id":54,"user_attr":{"train_loss_epoch_1":3.785638002727483}}
{"op_code":7,"worker_id":"8a8abda7-2619-45fb-816a-d8ba6c6b1088-140262585372672","trial_id":54,"step":2,"intermediate_value":51.32944097114945}
{"op_code":8,"worker_id":"8a8abda7-2619-45fb-816a-d8ba6c6b1088-140262585372672","trial_id":54,"user_attr":{"train_loss_epoch_2":2.6337950387847155}}
{"op_code":7,"worker_id":"8a8abda7-2619-45fb-816a-d8ba6c6b1088-140262585372672","trial_id":54,"step":3,"intermediate_value":55.45027888406946}
{"op_code":8,"worker_id":"8a8abda7-2619-45fb-816a-d8ba6c6b1088-140262585372672","trial_id":54,"user_attr":{"train_loss_epoch_3":2.425120859275718}}
{"op_code":7,"worker_id":"8a8abda7-2619-45fb-816a-d8ba6c6b1088-140262585372672","trial_id":54,"step":4,"intermediate_value":57.7462357592791}
{"op_code":8,"worker_id":"8a8abda7-2619-45fb-816a-d8ba6c6b1088-140262585372672","trial_id":54,"user_attr":{"train_loss_epoch_4":2.3236826626252913}}
{"op_code":7,"worker_id":"8a8abda7-2619-45fb-816a-d8ba6c6b1088-140262585372672","trial_id":54,"step":5,"intermediate_value":58.59244931509296}
{"op_code":8,"worker_id":"8a8abda7-2619-45fb-816a-d8ba6c6b1088-140262585372672","trial_id":54,"user_attr":{"train_loss_epoch_5":2.2747735150286674}}
{"op_code":6,"worker_id":"8a8abda7-2619-45fb-816a-d8ba6c6b1088-140262585372672","trial_id":54,"state":1,"values":[58.59244931509296],"datetime_complete":"2026-03-12T20:58:45.632888"}
{"op_code":0,"worker_id":"9742d2eb-ae2b-4f7c-8a72-1510a5772069-140709440184320","study_name":"bert_squad_lrtt_bs48_adam_hybrid_nowd_nomom_nonest_set_perfect_noos_as-separate_cgm_qkvo_5ep","directions":[2]}
{"op_code":4,"worker_id":"9742d2eb-ae2b-4f7c-8a72-1510a5772069-140709440184320","study_id":0,"datetime_start":"2026-03-12T20:58:57.611716"}
{"op_code":5,"worker_id":"9742d2eb-ae2b-4f7c-8a72-1510a5772069-140709440184320","trial_id":55,"param_name":"learning_rate","param_value_internal":0.02,"distribution":"{\"name\": \"FloatDistribution\", \"attributes\": {\"step\": null, \"low\": 0.0001, \"high\": 0.02, \"log\": true}}"}
{"op_code":5,"worker_id":"9742d2eb-ae2b-4f7c-8a72-1510a5772069-140709440184320","trial_id":55,"param_name":"transfer_lr","param_value_internal":0.23359182720507216,"distribution":"{\"name\": \"FloatDistribution\", \"attributes\": {\"step\": null, \"low\": 0.0005, \"high\": 1000.0, \"log\": true}}"}
{"op_code":5,"worker_id":"9742d2eb-ae2b-4f7c-8a72-1510a5772069-140709440184320","trial_id":55,"param_name":"transfer_every","param_value_internal":11.0,"distribution":"{\"name\": \"IntDistribution\", \"attributes\": {\"log\": true, \"step\": 1, \"low\": 1, \"high\": 600}}"}
{"op_code":5,"worker_id":"9742d2eb-ae2b-4f7c-8a72-1510a5772069-140709440184320","trial_id":55,"param_name":"rank_exp","param_value_internal":2.0,"distribution":"{\"name\": \"IntDistribution\", \"attributes\": {\"log\": false, \"step\": 1, \"low\": 0, \"high\": 6}}"}
{"op_code":5,"worker_id":"9742d2eb-ae2b-4f7c-8a72-1510a5772069-140709440184320","trial_id":55,"param_name":"fast_lr","param_value_internal":0.07657098089147424,"distribution":"{\"name\": \"FloatDistribution\", \"attributes\": {\"step\": null, \"low\": 0.01, \"high\": 1.0, \"log\": true}}"}
{"op_code":5,"worker_id":"9742d2eb-ae2b-4f7c-8a72-1510a5772069-140709440184320","trial_id":55,"param_name":"tau_sec","param_value_internal":0.0,"distribution":"{\"name\": \"FloatDistribution\", \"attributes\": {\"step\": null, \"low\": 0.0, \"high\": 0.0, \"log\": false}}"}
{"op_code":5,"worker_id":"9742d2eb-ae2b-4f7c-8a72-1510a5772069-140709440184320","trial_id":55,"param_name":"out_noise","param_value_internal":0.0,"distribution":"{\"name\": \"FloatDistribution\", \"attributes\": {\"step\": null, \"low\": 0.0, \"high\": 0.0, \"log\": false}}"}
{"op_code":5,"worker_id":"9742d2eb-ae2b-4f7c-8a72-1510a5772069-140709440184320","trial_id":55,"param_name":"ab_weight_scaling_omega","param_value_internal":0.0,"distribution":"{\"name\": \"FloatDistribution\", \"attributes\": {\"step\": null, \"low\": 0.0, \"high\": 0.0, \"log\": false}}"}
{"op_code":5,"worker_id":"9742d2eb-ae2b-4f7c-8a72-1510a5772069-140709440184320","trial_id":55,"param_name":"min_lr_rate","param_value_internal":0.0,"distribution":"{\"name\": \"FloatDistribution\", \"attributes\": {\"step\": null, \"low\": 0.0, \"high\": 0.0, \"log\": false}}"}
{"op_code":8,"worker_id":"9742d2eb-ae2b-4f7c-8a72-1510a5772069-140709440184320","trial_id":55,"user_attr":{"error":"CUDA_CALL Error 'out of memory' at cuda_util.cu:978\n"}}
{"op_code":6,"worker_id":"9742d2eb-ae2b-4f7c-8a72-1510a5772069-140709440184320","trial_id":55,"state":3,"values":null,"datetime_complete":"2026-03-12T21:01:44.982290"}
{"op_code":0,"worker_id":"488dd570-c7de-4ab7-bb54-0bf789658f80-140330360827904","study_name":"bert_squad_lrtt_bs48_adam_hybrid_nowd_nomom_nonest_set_perfect_noos_as-separate_cgm_qkvo_5ep","directions":[2]}
{"op_code":4,"worker_id":"488dd570-c7de-4ab7-bb54-0bf789658f80-140330360827904","study_id":0,"datetime_start":null,"state":4,"value":null,"values":null,"distributions":{},"params":{},"user_attrs":{},"system_attrs":{"fixed_params":{"learning_rate":0.02,"transfer_lr":0.23359182720507216,"transfer_every":11,"rank_exp":2,"fast_lr":0.07657098089147424,"tau_sec":0.0,"out_noise":0.0,"ab_weight_scaling_omega":0.0,"min_lr_rate":0.0}},"intermediate_values":{}}
{"op_code":6,"worker_id":"488dd570-c7de-4ab7-bb54-0bf789658f80-140330360827904","trial_id":56,"state":0,"values":null,"datetime_start":"2026-03-12T21:01:56.509724"}
{"op_code":5,"worker_id":"488dd570-c7de-4ab7-bb54-0bf789658f80-140330360827904","trial_id":56,"param_name":"learning_rate","param_value_internal":0.02,"distribution":"{\"name\": \"FloatDistribution\", \"attributes\": {\"step\": null, \"low\": 0.0001, \"high\": 0.02, \"log\": true}}"}
{"op_code":5,"worker_id":"488dd570-c7de-4ab7-bb54-0bf789658f80-140330360827904","trial_id":56,"param_name":"transfer_lr","param_value_internal":0.23359182720507216,"distribution":"{\"name\": \"FloatDistribution\", \"attributes\": {\"step\": null, \"low\": 0.0005, \"high\": 1000.0, \"log\": true}}"}
{"op_code":5,"worker_id":"488dd570-c7de-4ab7-bb54-0bf789658f80-140330360827904","trial_id":56,"param_name":"transfer_every","param_value_internal":11.0,"distribution":"{\"name\": \"IntDistribution\", \"attributes\": {\"log\": true, \"step\": 1, \"low\": 1, \"high\": 600}}"}
{"op_code":5,"worker_id":"488dd570-c7de-4ab7-bb54-0bf789658f80-140330360827904","trial_id":56,"param_name":"rank_exp","param_value_internal":2.0,"distribution":"{\"name\": \"IntDistribution\", \"attributes\": {\"log\": false, \"step\": 1, \"low\": 0, \"high\": 6}}"}
{"op_code":5,"worker_id":"488dd570-c7de-4ab7-bb54-0bf789658f80-140330360827904","trial_id":56,"param_name":"fast_lr","param_value_internal":0.07657098089147424,"distribution":"{\"name\": \"FloatDistribution\", \"attributes\": {\"step\": null, \"low\": 0.01, \"high\": 1.0, \"log\": true}}"}
{"op_code":5,"worker_id":"488dd570-c7de-4ab7-bb54-0bf789658f80-140330360827904","trial_id":56,"param_name":"tau_sec","param_value_internal":0.0,"distribution":"{\"name\": \"FloatDistribution\", \"attributes\": {\"step\": null, \"low\": 0.0, \"high\": 0.0, \"log\": false}}"}
{"op_code":5,"worker_id":"488dd570-c7de-4ab7-bb54-0bf789658f80-140330360827904","trial_id":56,"param_name":"out_noise","param_value_internal":0.0,"distribution":"{\"name\": \"FloatDistribution\", \"attributes\": {\"step\": null, \"low\": 0.0, \"high\": 0.0, \"log\": false}}"}
{"op_code":5,"worker_id":"488dd570-c7de-4ab7-bb54-0bf789658f80-140330360827904","trial_id":56,"param_name":"ab_weight_scaling_omega","param_value_internal":0.0,"distribution":"{\"name\": \"FloatDistribution\", \"attributes\": {\"step\": null, \"low\": 0.0, \"high\": 0.0, \"log\": false}}"}
{"op_code":5,"worker_id":"488dd570-c7de-4ab7-bb54-0bf789658f80-140330360827904","trial_id":56,"param_name":"min_lr_rate","param_value_internal":0.0,"distribution":"{\"name\": \"FloatDistribution\", \"attributes\": {\"step\": null, \"low\": 0.0, \"high\": 0.0, \"log\": false}}"}
{"op_code":8,"worker_id":"488dd570-c7de-4ab7-bb54-0bf789658f80-140330360827904","trial_id":56,"user_attr":{"error":"CUDA_CALL Error 'out of memory' at cuda_util.cu:978\n"}}
{"op_code":6,"worker_id":"488dd570-c7de-4ab7-bb54-0bf789658f80-140330360827904","trial_id":56,"state":3,"values":null,"datetime_complete":"2026-03-12T21:02:40.723364"}
{"op_code":0,"worker_id":"cb939bab-e157-49dc-81e2-4e02aeadf371-140052970942464","study_name":"bert_squad_lrtt_bs48_adam_hybrid_nowd_nomom_nonest_set_perfect_noos_as-separate_cgm_qkvo_5ep","directions":[2]}
{"op_code":4,"worker_id":"cb939bab-e157-49dc-81e2-4e02aeadf371-140052970942464","study_id":0,"datetime_start":null,"state":4,"value":null,"values":null,"distributions":{},"params":{},"user_attrs":{},"system_attrs":{"fixed_params":{"learning_rate":0.02,"transfer_lr":0.23359182720507216,"transfer_every":11,"rank_exp":2,"fast_lr":0.07657098089147424,"tau_sec":0.0,"out_noise":0.0,"ab_weight_scaling_omega":0.0,"min_lr_rate":0.0}},"intermediate_values":{}}
{"op_code":6,"worker_id":"cb939bab-e157-49dc-81e2-4e02aeadf371-140052970942464","trial_id":57,"state":0,"values":null,"datetime_start":"2026-03-12T21:03:04.252829"}
{"op_code":5,"worker_id":"cb939bab-e157-49dc-81e2-4e02aeadf371-140052970942464","trial_id":57,"param_name":"learning_rate","param_value_internal":0.02,"distribution":"{\"name\": \"FloatDistribution\", \"attributes\": {\"step\": null, \"low\": 0.0001, \"high\": 0.02, \"log\": true}}"}
{"op_code":5,"worker_id":"cb939bab-e157-49dc-81e2-4e02aeadf371-140052970942464","trial_id":57,"param_name":"transfer_lr","param_value_internal":0.23359182720507216,"distribution":"{\"name\": \"FloatDistribution\", \"attributes\": {\"step\": null, \"low\": 0.0005, \"high\": 1000.0, \"log\": true}}"}
{"op_code":5,"worker_id":"cb939bab-e157-49dc-81e2-4e02aeadf371-140052970942464","trial_id":57,"param_name":"transfer_every","param_value_internal":11.0,"distribution":"{\"name\": \"IntDistribution\", \"attributes\": {\"log\": true, \"step\": 1, \"low\": 1, \"high\": 600}}"}
{"op_code":5,"worker_id":"cb939bab-e157-49dc-81e2-4e02aeadf371-140052970942464","trial_id":57,"param_name":"rank_exp","param_value_internal":2.0,"distribution":"{\"name\": \"IntDistribution\", \"attributes\": {\"log\": false, \"step\": 1, \"low\": 0, \"high\": 6}}"}
{"op_code":5,"worker_id":"cb939bab-e157-49dc-81e2-4e02aeadf371-140052970942464","trial_id":57,"param_name":"fast_lr","param_value_internal":0.07657098089147424,"distribution":"{\"name\": \"FloatDistribution\", \"attributes\": {\"step\": null, \"low\": 0.01, \"high\": 1.0, \"log\": true}}"}
{"op_code":5,"worker_id":"cb939bab-e157-49dc-81e2-4e02aeadf371-140052970942464","trial_id":57,"param_name":"tau_sec","param_value_internal":0.0,"distribution":"{\"name\": \"FloatDistribution\", \"attributes\": {\"step\": null, \"low\": 0.0, \"high\": 0.0, \"log\": false}}"}
{"op_code":5,"worker_id":"cb939bab-e157-49dc-81e2-4e02aeadf371-140052970942464","trial_id":57,"param_name":"out_noise","param_value_internal":0.0,"distribution":"{\"name\": \"FloatDistribution\", \"attributes\": {\"step\": null, \"low\": 0.0, \"high\": 0.0, \"log\": false}}"}
{"op_code":5,"worker_id":"cb939bab-e157-49dc-81e2-4e02aeadf371-140052970942464","trial_id":57,"param_name":"ab_weight_scaling_omega","param_value_internal":0.0,"distribution":"{\"name\": \"FloatDistribution\", \"attributes\": {\"step\": null, \"low\": 0.0, \"high\": 0.0, \"log\": false}}"}
{"op_code":5,"worker_id":"cb939bab-e157-49dc-81e2-4e02aeadf371-140052970942464","trial_id":57,"param_name":"min_lr_rate","param_value_internal":0.0,"distribution":"{\"name\": \"FloatDistribution\", \"attributes\": {\"step\": null, \"low\": 0.0, \"high\": 0.0, \"log\": false}}"}
{"op_code":7,"worker_id":"cb939bab-e157-49dc-81e2-4e02aeadf371-140052970942464","trial_id":57,"step":1,"intermediate_value":65.32592855729371}
{"op_code":8,"worker_id":"cb939bab-e157-49dc-81e2-4e02aeadf371-140052970942464","trial_id":57,"user_attr":{"train_loss_epoch_1":2.4165459253511017}}
{"op_code":7,"worker_id":"cb939bab-e157-49dc-81e2-4e02aeadf371-140052970942464","trial_id":57,"step":2,"intermediate_value":65.32592855729371}
{"op_code":8,"worker_id":"cb939bab-e157-49dc-81e2-4e02aeadf371-140052970942464","trial_id":57,"user_attr":{"train_loss_epoch_2":2.2934935333703903}}
{"op_code":7,"worker_id":"cb939bab-e157-49dc-81e2-4e02aeadf371-140052970942464","trial_id":57,"step":3,"intermediate_value":65.32592855729371}
{"op_code":8,"worker_id":"cb939bab-e157-49dc-81e2-4e02aeadf371-140052970942464","trial_id":57,"user_attr":{"train_loss_epoch_3":2.3596664998077905}}
{"op_code":7,"worker_id":"cb939bab-e157-49dc-81e2-4e02aeadf371-140052970942464","trial_id":57,"step":4,"intermediate_value":65.32592855729371}
{"op_code":8,"worker_id":"cb939bab-e157-49dc-81e2-4e02aeadf371-140052970942464","trial_id":57,"user_attr":{"train_loss_epoch_4":2.4108455726346367}}
{"op_code":6,"worker_id":"cb939bab-e157-49dc-81e2-4e02aeadf371-140052970942464","trial_id":57,"state":1,"values":[65.32592855729371],"datetime_complete":"2026-03-13T01:29:00.212469"}
{"op_code":0,"worker_id":"19f7c4d8-af20-49ad-b611-a3fac5711f2f-140717529587712","study_name":"bert_squad_lrtt_bs48_adam_hybrid_nowd_nomom_nonest_set_perfect_noos_as-separate_cgm_qkvo_5ep","directions":[2]}
{"op_code":4,"worker_id":"19f7c4d8-af20-49ad-b611-a3fac5711f2f-140717529587712","study_id":0,"datetime_start":"2026-03-13T01:29:12.256147"}
{"op_code":5,"worker_id":"19f7c4d8-af20-49ad-b611-a3fac5711f2f-140717529587712","trial_id":58,"param_name":"learning_rate","param_value_internal":0.0001,"distribution":"{\"name\": \"FloatDistribution\", \"attributes\": {\"step\": null, \"low\": 0.0001, \"high\": 0.02, \"log\": true}}"}
{"op_code":5,"worker_id":"19f7c4d8-af20-49ad-b611-a3fac5711f2f-140717529587712","trial_id":58,"param_name":"transfer_lr","param_value_internal":185.61649717105078,"distribution":"{\"name\": \"FloatDistribution\", \"attributes\": {\"step\": null, \"low\": 0.0005, \"high\": 1000.0, \"log\": true}}"}
{"op_code":5,"worker_id":"19f7c4d8-af20-49ad-b611-a3fac5711f2f-140717529587712","trial_id":58,"param_name":"transfer_every","param_value_internal":592.0,"distribution":"{\"name\": \"IntDistribution\", \"attributes\": {\"log\": true, \"step\": 1, \"low\": 1, \"high\": 600}}"}
{"op_code":5,"worker_id":"19f7c4d8-af20-49ad-b611-a3fac5711f2f-140717529587712","trial_id":58,"param_name":"rank_exp","param_value_internal":4.0,"distribution":"{\"name\": \"IntDistribution\", \"attributes\": {\"log\": false, \"step\": 1, \"low\": 0, \"high\": 6}}"}
{"op_code":5,"worker_id":"19f7c4d8-af20-49ad-b611-a3fac5711f2f-140717529587712","trial_id":58,"param_name":"fast_lr","param_value_internal":0.020480011797898972,"distribution":"{\"name\": \"FloatDistribution\", \"attributes\": {\"step\": null, \"low\": 0.01, \"high\": 1.0, \"log\": true}}"}
{"op_code":5,"worker_id":"19f7c4d8-af20-49ad-b611-a3fac5711f2f-140717529587712","trial_id":58,"param_name":"tau_sec","param_value_internal":0.0,"distribution":"{\"name\": \"FloatDistribution\", \"attributes\": {\"step\": null, \"low\": 0.0, \"high\": 0.0, \"log\": false}}"}
{"op_code":5,"worker_id":"19f7c4d8-af20-49ad-b611-a3fac5711f2f-140717529587712","trial_id":58,"param_name":"out_noise","param_value_internal":0.0,"distribution":"{\"name\": \"FloatDistribution\", \"attributes\": {\"step\": null, \"low\": 0.0, \"high\": 0.0, \"log\": false}}"}
{"op_code":5,"worker_id":"19f7c4d8-af20-49ad-b611-a3fac5711f2f-140717529587712","trial_id":58,"param_name":"ab_weight_scaling_omega","param_value_internal":0.0,"distribution":"{\"name\": \"FloatDistribution\", \"attributes\": {\"step\": null, \"low\": 0.0, \"high\": 0.0, \"log\": false}}"}
{"op_code":5,"worker_id":"19f7c4d8-af20-49ad-b611-a3fac5711f2f-140717529587712","trial_id":58,"param_name":"min_lr_rate","param_value_internal":0.0,"distribution":"{\"name\": \"FloatDistribution\", \"attributes\": {\"step\": null, \"low\": 0.0, \"high\": 0.0, \"log\": false}}"}
{"op_code":8,"worker_id":"19f7c4d8-af20-49ad-b611-a3fac5711f2f-140717529587712","trial_id":58,"user_attr":{"error":"CUDA_CALL Error 'out of memory' at cuda_util.cu:978\n"}}
{"op_code":6,"worker_id":"19f7c4d8-af20-49ad-b611-a3fac5711f2f-140717529587712","trial_id":58,"state":3,"values":null,"datetime_complete":"2026-03-13T01:30:37.562590"}
{"op_code":0,"worker_id":"77f5645c-6bf4-48cb-ad39-c297e6cd6a9e-140367293136896","study_name":"bert_squad_lrtt_bs48_adam_hybrid_nowd_nomom_nonest_set_perfect_noos_as-separate_cgm_qkvo_5ep","directions":[2]}
{"op_code":4,"worker_id":"77f5645c-6bf4-48cb-ad39-c297e6cd6a9e-140367293136896","study_id":0,"datetime_start":null,"state":4,"value":null,"values":null,"distributions":{},"params":{},"user_attrs":{},"system_attrs":{"fixed_params":{"learning_rate":0.0001,"transfer_lr":185.61649717105078,"transfer_every":592,"rank_exp":4,"fast_lr":0.020480011797898972,"tau_sec":0.0,"out_noise":0.0,"ab_weight_scaling_omega":0.0,"min_lr_rate":0.0}},"intermediate_values":{}}
{"op_code":6,"worker_id":"77f5645c-6bf4-48cb-ad39-c297e6cd6a9e-140367293136896","trial_id":59,"state":0,"values":null,"datetime_start":"2026-03-13T01:30:48.830317"}
{"op_code":5,"worker_id":"77f5645c-6bf4-48cb-ad39-c297e6cd6a9e-140367293136896","trial_id":59,"param_name":"learning_rate","param_value_internal":0.0001,"distribution":"{\"name\": \"FloatDistribution\", \"attributes\": {\"step\": null, \"low\": 0.0001, \"high\": 0.02, \"log\": true}}"}
{"op_code":5,"worker_id":"77f5645c-6bf4-48cb-ad39-c297e6cd6a9e-140367293136896","trial_id":59,"param_name":"transfer_lr","param_value_internal":185.61649717105078,"distribution":"{\"name\": \"FloatDistribution\", \"attributes\": {\"step\": null, \"low\": 0.0005, \"high\": 1000.0, \"log\": true}}"}
{"op_code":5,"worker_id":"77f5645c-6bf4-48cb-ad39-c297e6cd6a9e-140367293136896","trial_id":59,"param_name":"transfer_every","param_value_internal":592.0,"distribution":"{\"name\": \"IntDistribution\", \"attributes\": {\"log\": true, \"step\": 1, \"low\": 1, \"high\": 600}}"}
{"op_code":5,"worker_id":"77f5645c-6bf4-48cb-ad39-c297e6cd6a9e-140367293136896","trial_id":59,"param_name":"rank_exp","param_value_internal":4.0,"distribution":"{\"name\": \"IntDistribution\", \"attributes\": {\"log\": false, \"step\": 1, \"low\": 0, \"high\": 6}}"}
{"op_code":5,"worker_id":"77f5645c-6bf4-48cb-ad39-c297e6cd6a9e-140367293136896","trial_id":59,"param_name":"fast_lr","param_value_internal":0.020480011797898972,"distribution":"{\"name\": \"FloatDistribution\", \"attributes\": {\"step\": null, \"low\": 0.01, \"high\": 1.0, \"log\": true}}"}
{"op_code":5,"worker_id":"77f5645c-6bf4-48cb-ad39-c297e6cd6a9e-140367293136896","trial_id":59,"param_name":"tau_sec","param_value_internal":0.0,"distribution":"{\"name\": \"FloatDistribution\", \"attributes\": {\"step\": null, \"low\": 0.0, \"high\": 0.0, \"log\": false}}"}
{"op_code":5,"worker_id":"77f5645c-6bf4-48cb-ad39-c297e6cd6a9e-140367293136896","trial_id":59,"param_name":"out_noise","param_value_internal":0.0,"distribution":"{\"name\": \"FloatDistribution\", \"attributes\": {\"step\": null, \"low\": 0.0, \"high\": 0.0, \"log\": false}}"}
{"op_code":5,"worker_id":"77f5645c-6bf4-48cb-ad39-c297e6cd6a9e-140367293136896","trial_id":59,"param_name":"ab_weight_scaling_omega","param_value_internal":0.0,"distribution":"{\"name\": \"FloatDistribution\", \"attributes\": {\"step\": null, \"low\": 0.0, \"high\": 0.0, \"log\": false}}"}
{"op_code":5,"worker_id":"77f5645c-6bf4-48cb-ad39-c297e6cd6a9e-140367293136896","trial_id":59,"param_name":"min_lr_rate","param_value_internal":0.0,"distribution":"{\"name\": \"FloatDistribution\", \"attributes\": {\"step\": null, \"low\": 0.0, \"high\": 0.0, \"log\": false}}"}
{"op_code":8,"worker_id":"77f5645c-6bf4-48cb-ad39-c297e6cd6a9e-140367293136896","trial_id":59,"user_attr":{"error":"CUDA_CALL Error 'out of memory' at cuda_util.cu:978\n"}}
{"op_code":6,"worker_id":"77f5645c-6bf4-48cb-ad39-c297e6cd6a9e-140367293136896","trial_id":59,"state":3,"values":null,"datetime_complete":"2026-03-13T01:31:22.863358"}
{"op_code":0,"worker_id":"72653c8d-0bfb-46ba-8f45-2716c7cfa569-140701158739968","study_name":"bert_squad_lrtt_bs48_adam_hybrid_nowd_nomom_nonest_set_perfect_noos_as-separate_cgm_qkvo_5ep","directions":[2]}
{"op_code":4,"worker_id":"72653c8d-0bfb-46ba-8f45-2716c7cfa569-140701158739968","study_id":0,"datetime_start":null,"state":4,"value":null,"values":null,"distributions":{},"params":{},"user_attrs":{},"system_attrs":{"fixed_params":{"learning_rate":0.0001,"transfer_lr":185.61649717105078,"transfer_every":592,"rank_exp":4,"fast_lr":0.020480011797898972,"tau_sec":0.0,"out_noise":0.0,"ab_weight_scaling_omega":0.0,"min_lr_rate":0.0}},"intermediate_values":{}}
{"op_code":6,"worker_id":"72653c8d-0bfb-46ba-8f45-2716c7cfa569-140701158739968","trial_id":60,"state":0,"values":null,"datetime_start":"2026-03-13T01:31:35.592694"}
{"op_code":5,"worker_id":"72653c8d-0bfb-46ba-8f45-2716c7cfa569-140701158739968","trial_id":60,"param_name":"learning_rate","param_value_internal":0.0001,"distribution":"{\"name\": \"FloatDistribution\", \"attributes\": {\"step\": null, \"low\": 0.0001, \"high\": 0.02, \"log\": true}}"}
{"op_code":5,"worker_id":"72653c8d-0bfb-46ba-8f45-2716c7cfa569-140701158739968","trial_id":60,"param_name":"transfer_lr","param_value_internal":185.61649717105078,"distribution":"{\"name\": \"FloatDistribution\", \"attributes\": {\"step\": null, \"low\": 0.0005, \"high\": 1000.0, \"log\": true}}"}
{"op_code":5,"worker_id":"72653c8d-0bfb-46ba-8f45-2716c7cfa569-140701158739968","trial_id":60,"param_name":"transfer_every","param_value_internal":592.0,"distribution":"{\"name\": \"IntDistribution\", \"attributes\": {\"log\": true, \"step\": 1, \"low\": 1, \"high\": 600}}"}
{"op_code":5,"worker_id":"72653c8d-0bfb-46ba-8f45-2716c7cfa569-140701158739968","trial_id":60,"param_name":"rank_exp","param_value_internal":4.0,"distribution":"{\"name\": \"IntDistribution\", \"attributes\": {\"log\": false, \"step\": 1, \"low\": 0, \"high\": 6}}"}
{"op_code":5,"worker_id":"72653c8d-0bfb-46ba-8f45-2716c7cfa569-140701158739968","trial_id":60,"param_name":"fast_lr","param_value_internal":0.020480011797898972,"distribution":"{\"name\": \"FloatDistribution\", \"attributes\": {\"step\": null, \"low\": 0.01, \"high\": 1.0, \"log\": true}}"}
{"op_code":5,"worker_id":"72653c8d-0bfb-46ba-8f45-2716c7cfa569-140701158739968","trial_id":60,"param_name":"tau_sec","param_value_internal":0.0,"distribution":"{\"name\": \"FloatDistribution\", \"attributes\": {\"step\": null, \"low\": 0.0, \"high\": 0.0, \"log\": false}}"}
{"op_code":5,"worker_id":"72653c8d-0bfb-46ba-8f45-2716c7cfa569-140701158739968","trial_id":60,"param_name":"out_noise","param_value_internal":0.0,"distribution":"{\"name\": \"FloatDistribution\", \"attributes\": {\"step\": null, \"low\": 0.0, \"high\": 0.0, \"log\": false}}"}
{"op_code":5,"worker_id":"72653c8d-0bfb-46ba-8f45-2716c7cfa569-140701158739968","trial_id":60,"param_name":"ab_weight_scaling_omega","param_value_internal":0.0,"distribution":"{\"name\": \"FloatDistribution\", \"attributes\": {\"step\": null, \"low\": 0.0, \"high\": 0.0, \"log\": false}}"}
{"op_code":5,"worker_id":"72653c8d-0bfb-46ba-8f45-2716c7cfa569-140701158739968","trial_id":60,"param_name":"min_lr_rate","param_value_internal":0.0,"distribution":"{\"name\": \"FloatDistribution\", \"attributes\": {\"step\": null, \"low\": 0.0, \"high\": 0.0, \"log\": false}}"}
{"op_code":7,"worker_id":"72653c8d-0bfb-46ba-8f45-2716c7cfa569-140701158739968","trial_id":60,"step":1,"intermediate_value":21.189279141506468}
{"op_code":8,"worker_id":"72653c8d-0bfb-46ba-8f45-2716c7cfa569-140701158739968","trial_id":60,"user_attr":{"train_loss_epoch_1":3.9754347041384612}}
{"op_code":7,"worker_id":"72653c8d-0bfb-46ba-8f45-2716c7cfa569-140701158739968","trial_id":60,"step":2,"intermediate_value":21.189279141506468}
{"op_code":8,"worker_id":"72653c8d-0bfb-46ba-8f45-2716c7cfa569-140701158739968","trial_id":60,"user_attr":{"train_loss_epoch_2":4.202445906708521}}
{"op_code":8,"worker_id":"72653c8d-0bfb-46ba-8f45-2716c7cfa569-140701158739968","trial_id":60,"user_attr":{"error":"NVML_SUCCESS == r INTERNAL ASSERT FAILED at \"../c10/cuda/CUDACachingAllocator.cpp\":844, please report a bug to PyTorch. "}}
{"op_code":6,"worker_id":"72653c8d-0bfb-46ba-8f45-2716c7cfa569-140701158739968","trial_id":60,"state":3,"values":null,"datetime_complete":"2026-03-13T04:49:19.479925"}
{"op_code":0,"worker_id":"d43f5304-b61a-472a-a2e2-ed03c309030f-140620264480768","study_name":"bert_squad_lrtt_bs48_adam_hybrid_nowd_nomom_nonest_set_perfect_noos_as-separate_cgm_qkvo_5ep","directions":[2]}
{"op_code":4,"worker_id":"d43f5304-b61a-472a-a2e2-ed03c309030f-140620264480768","study_id":0,"datetime_start":null,"state":4,"value":null,"values":null,"distributions":{},"params":{},"user_attrs":{},"system_attrs":{"fixed_params":{"learning_rate":0.0001,"transfer_lr":185.61649717105078,"transfer_every":592,"rank_exp":4,"fast_lr":0.020480011797898972,"tau_sec":0.0,"out_noise":0.0,"ab_weight_scaling_omega":0.0,"min_lr_rate":0.0}},"intermediate_values":{}}
{"op_code":6,"worker_id":"d43f5304-b61a-472a-a2e2-ed03c309030f-140620264480768","trial_id":61,"state":0,"values":null,"datetime_start":"2026-03-13T04:49:31.304293"}
{"op_code":5,"worker_id":"d43f5304-b61a-472a-a2e2-ed03c309030f-140620264480768","trial_id":61,"param_name":"learning_rate","param_value_internal":0.0001,"distribution":"{\"name\": \"FloatDistribution\", \"attributes\": {\"step\": null, \"low\": 0.0001, \"high\": 0.02, \"log\": true}}"}
{"op_code":5,"worker_id":"d43f5304-b61a-472a-a2e2-ed03c309030f-140620264480768","trial_id":61,"param_name":"transfer_lr","param_value_internal":185.61649717105078,"distribution":"{\"name\": \"FloatDistribution\", \"attributes\": {\"step\": null, \"low\": 0.0005, \"high\": 1000.0, \"log\": true}}"}
{"op_code":5,"worker_id":"d43f5304-b61a-472a-a2e2-ed03c309030f-140620264480768","trial_id":61,"param_name":"transfer_every","param_value_internal":592.0,"distribution":"{\"name\": \"IntDistribution\", \"attributes\": {\"log\": true, \"step\": 1, \"low\": 1, \"high\": 600}}"}
{"op_code":5,"worker_id":"d43f5304-b61a-472a-a2e2-ed03c309030f-140620264480768","trial_id":61,"param_name":"rank_exp","param_value_internal":4.0,"distribution":"{\"name\": \"IntDistribution\", \"attributes\": {\"log\": false, \"step\": 1, \"low\": 0, \"high\": 6}}"}
{"op_code":5,"worker_id":"d43f5304-b61a-472a-a2e2-ed03c309030f-140620264480768","trial_id":61,"param_name":"fast_lr","param_value_internal":0.020480011797898972,"distribution":"{\"name\": \"FloatDistribution\", \"attributes\": {\"step\": null, \"low\": 0.01, \"high\": 1.0, \"log\": true}}"}
{"op_code":5,"worker_id":"d43f5304-b61a-472a-a2e2-ed03c309030f-140620264480768","trial_id":61,"param_name":"tau_sec","param_value_internal":0.0,"distribution":"{\"name\": \"FloatDistribution\", \"attributes\": {\"step\": null, \"low\": 0.0, \"high\": 0.0, \"log\": false}}"}
{"op_code":5,"worker_id":"d43f5304-b61a-472a-a2e2-ed03c309030f-140620264480768","trial_id":61,"param_name":"out_noise","param_value_internal":0.0,"distribution":"{\"name\": \"FloatDistribution\", \"attributes\": {\"step\": null, \"low\": 0.0, \"high\": 0.0, \"log\": false}}"}
{"op_code":5,"worker_id":"d43f5304-b61a-472a-a2e2-ed03c309030f-140620264480768","trial_id":61,"param_name":"ab_weight_scaling_omega","param_value_internal":0.0,"distribution":"{\"name\": \"FloatDistribution\", \"attributes\": {\"step\": null, \"low\": 0.0, \"high\": 0.0, \"log\": false}}"}
{"op_code":5,"worker_id":"d43f5304-b61a-472a-a2e2-ed03c309030f-140620264480768","trial_id":61,"param_name":"min_lr_rate","param_value_internal":0.0,"distribution":"{\"name\": \"FloatDistribution\", \"attributes\": {\"step\": null, \"low\": 0.0, \"high\": 0.0, \"log\": false}}"}
{"op_code":7,"worker_id":"d43f5304-b61a-472a-a2e2-ed03c309030f-140620264480768","trial_id":61,"step":1,"intermediate_value":19.824135673633336}
{"op_code":8,"worker_id":"d43f5304-b61a-472a-a2e2-ed03c309030f-140620264480768","trial_id":61,"user_attr":{"train_loss_epoch_1":3.9549697659939014}}
{"op_code":7,"worker_id":"d43f5304-b61a-472a-a2e2-ed03c309030f-140620264480768","trial_id":61,"step":2,"intermediate_value":19.824135673633336}
{"op_code":8,"worker_id":"d43f5304-b61a-472a-a2e2-ed03c309030f-140620264480768","trial_id":61,"user_attr":{"train_loss_epoch_2":4.2301614220685}}
{"op_code":7,"worker_id":"d43f5304-b61a-472a-a2e2-ed03c309030f-140620264480768","trial_id":61,"step":3,"intermediate_value":19.824135673633336}
{"op_code":8,"worker_id":"d43f5304-b61a-472a-a2e2-ed03c309030f-140620264480768","trial_id":61,"user_attr":{"train_loss_epoch_3":4.563276391179965}}
{"op_code":6,"worker_id":"d43f5304-b61a-472a-a2e2-ed03c309030f-140620264480768","trial_id":61,"state":1,"values":[19.824135673633336],"datetime_complete":"2026-03-13T08:45:31.754870"}
{"op_code":0,"worker_id":"94eff679-c05c-4c23-8eb1-57f20bdb23d8-139855456423936","study_name":"bert_squad_lrtt_bs48_adam_hybrid_nowd_nomom_nonest_set_perfect_noos_as-separate_cgm_qkvo_5ep","directions":[2]}
{"op_code":4,"worker_id":"94eff679-c05c-4c23-8eb1-57f20bdb23d8-139855456423936","study_id":0,"datetime_start":"2026-03-13T08:45:43.126540"}
{"op_code":5,"worker_id":"94eff679-c05c-4c23-8eb1-57f20bdb23d8-139855456423936","trial_id":62,"param_name":"learning_rate","param_value_internal":0.019824422559641307,"distribution":"{\"name\": \"FloatDistribution\", \"attributes\": {\"step\": null, \"low\": 0.0001, \"high\": 0.02, \"log\": true}}"}
{"op_code":5,"worker_id":"94eff679-c05c-4c23-8eb1-57f20bdb23d8-139855456423936","trial_id":62,"param_name":"transfer_lr","param_value_internal":0.29619315489506365,"distribution":"{\"name\": \"FloatDistribution\", \"attributes\": {\"step\": null, \"low\": 0.0005, \"high\": 1000.0, \"log\": true}}"}
{"op_code":5,"worker_id":"94eff679-c05c-4c23-8eb1-57f20bdb23d8-139855456423936","trial_id":62,"param_name":"transfer_every","param_value_internal":7.0,"distribution":"{\"name\": \"IntDistribution\", \"attributes\": {\"log\": true, \"step\": 1, \"low\": 1, \"high\": 600}}"}
{"op_code":5,"worker_id":"94eff679-c05c-4c23-8eb1-57f20bdb23d8-139855456423936","trial_id":62,"param_name":"rank_exp","param_value_internal":1.0,"distribution":"{\"name\": \"IntDistribution\", \"attributes\": {\"log\": false, \"step\": 1, \"low\": 0, \"high\": 6}}"}
{"op_code":5,"worker_id":"94eff679-c05c-4c23-8eb1-57f20bdb23d8-139855456423936","trial_id":62,"param_name":"fast_lr","param_value_internal":0.23497362050187448,"distribution":"{\"name\": \"FloatDistribution\", \"attributes\": {\"step\": null, \"low\": 0.01, \"high\": 1.0, \"log\": true}}"}
{"op_code":5,"worker_id":"94eff679-c05c-4c23-8eb1-57f20bdb23d8-139855456423936","trial_id":62,"param_name":"tau_sec","param_value_internal":0.0,"distribution":"{\"name\": \"FloatDistribution\", \"attributes\": {\"step\": null, \"low\": 0.0, \"high\": 0.0, \"log\": false}}"}
{"op_code":5,"worker_id":"94eff679-c05c-4c23-8eb1-57f20bdb23d8-139855456423936","trial_id":62,"param_name":"out_noise","param_value_internal":0.0,"distribution":"{\"name\": \"FloatDistribution\", \"attributes\": {\"step\": null, \"low\": 0.0, \"high\": 0.0, \"log\": false}}"}
{"op_code":5,"worker_id":"94eff679-c05c-4c23-8eb1-57f20bdb23d8-139855456423936","trial_id":62,"param_name":"ab_weight_scaling_omega","param_value_internal":0.0,"distribution":"{\"name\": \"FloatDistribution\", \"attributes\": {\"step\": null, \"low\": 0.0, \"high\": 0.0, \"log\": false}}"}
{"op_code":5,"worker_id":"94eff679-c05c-4c23-8eb1-57f20bdb23d8-139855456423936","trial_id":62,"param_name":"min_lr_rate","param_value_internal":0.0,"distribution":"{\"name\": \"FloatDistribution\", \"attributes\": {\"step\": null, \"low\": 0.0, \"high\": 0.0, \"log\": false}}"}
{"op_code":6,"worker_id":"94eff679-c05c-4c23-8eb1-57f20bdb23d8-139855456423936","trial_id":62,"state":3,"values":null,"datetime_complete":"2026-03-13T15:55:46.639264"}
{"op_code": 5, "worker_id": "5b4dbc8b-fad7-410a-b76f-bb98cf68f53a-140523156434944", "trial_id": 1, "param_name": "ab_dw_min", "param_value_internal": 0.001981, "distribution": "{\"name\": \"FloatDistribution\", \"attributes\": {\"step\": null, \"low\": 0.001981, \"high\": 0.001981, \"log\": false}}"}
{"op_code": 5, "worker_id": "5b4dbc8b-fad7-410a-b76f-bb98cf68f53a-140523156434944", "trial_id": 1, "param_name": "ab_desired_bl", "param_value_internal": 31.0, "distribution": "{\"name\": \"IntDistribution\", \"attributes\": {\"log\": false, \"step\": 1, \"low\": 31, \"high\": 31}}"}
{"op_code": 5, "worker_id": "7d3876bd-daa3-4462-89e5-7bf337b5cc8f-140347445940224", "trial_id": 3, "param_name": "ab_dw_min", "param_value_internal": 0.001981, "distribution": "{\"name\": \"FloatDistribution\", \"attributes\": {\"step\": null, \"low\": 0.001981, \"high\": 0.001981, \"log\": false}}"}
{"op_code": 5, "worker_id": "7d3876bd-daa3-4462-89e5-7bf337b5cc8f-140347445940224", "trial_id": 3, "param_name": "ab_desired_bl", "param_value_internal": 31.0, "distribution": "{\"name\": \"IntDistribution\", \"attributes\": {\"log\": false, \"step\": 1, \"low\": 31, \"high\": 31}}"}
{"op_code": 5, "worker_id": "f2467938-461a-47e4-8d31-d594b3e62cc3-139784804397056", "trial_id": 5, "param_name": "ab_dw_min", "param_value_internal": 0.001981, "distribution": "{\"name\": \"FloatDistribution\", \"attributes\": {\"step\": null, \"low\": 0.001981, \"high\": 0.001981, \"log\": false}}"}
{"op_code": 5, "worker_id": "f2467938-461a-47e4-8d31-d594b3e62cc3-139784804397056", "trial_id": 5, "param_name": "ab_desired_bl", "param_value_internal": 31.0, "distribution": "{\"name\": \"IntDistribution\", \"attributes\": {\"log\": false, \"step\": 1, \"low\": 31, \"high\": 31}}"}
{"op_code": 5, "worker_id": "10aab534-bf25-4763-ad51-f74849ad5f31-140323343691776", "trial_id": 7, "param_name": "ab_dw_min", "param_value_internal": 0.001981, "distribution": "{\"name\": \"FloatDistribution\", \"attributes\": {\"step\": null, \"low\": 0.001981, \"high\": 0.001981, \"log\": false}}"}
{"op_code": 5, "worker_id": "10aab534-bf25-4763-ad51-f74849ad5f31-140323343691776", "trial_id": 7, "param_name": "ab_desired_bl", "param_value_internal": 31.0, "distribution": "{\"name\": \"IntDistribution\", \"attributes\": {\"log\": false, \"step\": 1, \"low\": 31, \"high\": 31}}"}
{"op_code": 5, "worker_id": "a3e61455-26e9-4d54-b74a-2524938d84cf-139898118594560", "trial_id": 9, "param_name": "ab_dw_min", "param_value_internal": 0.001981, "distribution": "{\"name\": \"FloatDistribution\", \"attributes\": {\"step\": null, \"low\": 0.001981, \"high\": 0.001981, \"log\": false}}"}
{"op_code": 5, "worker_id": "a3e61455-26e9-4d54-b74a-2524938d84cf-139898118594560", "trial_id": 9, "param_name": "ab_desired_bl", "param_value_internal": 31.0, "distribution": "{\"name\": \"IntDistribution\", \"attributes\": {\"log\": false, \"step\": 1, \"low\": 31, \"high\": 31}}"}
{"op_code": 5, "worker_id": "39cb9a78-0534-4d1e-b8a7-16139714b475-140251666153472", "trial_id": 11, "param_name": "ab_dw_min", "param_value_internal": 0.001981, "distribution": "{\"name\": \"FloatDistribution\", \"attributes\": {\"step\": null, \"low\": 0.001981, \"high\": 0.001981, \"log\": false}}"}
{"op_code": 5, "worker_id": "39cb9a78-0534-4d1e-b8a7-16139714b475-140251666153472", "trial_id": 11, "param_name": "ab_desired_bl", "param_value_internal": 31.0, "distribution": "{\"name\": \"IntDistribution\", \"attributes\": {\"log\": false, \"step\": 1, \"low\": 31, \"high\": 31}}"}
{"op_code": 5, "worker_id": "c533b1aa-c862-4a78-8399-f6bcce264650-139853131255808", "trial_id": 13, "param_name": "ab_dw_min", "param_value_internal": 0.001981, "distribution": "{\"name\": \"FloatDistribution\", \"attributes\": {\"step\": null, \"low\": 0.001981, \"high\": 0.001981, \"log\": false}}"}
{"op_code": 5, "worker_id": "c533b1aa-c862-4a78-8399-f6bcce264650-139853131255808", "trial_id": 13, "param_name": "ab_desired_bl", "param_value_internal": 31.0, "distribution": "{\"name\": \"IntDistribution\", \"attributes\": {\"log\": false, \"step\": 1, \"low\": 31, \"high\": 31}}"}
{"op_code": 5, "worker_id": "6674bd22-9694-4aa4-948b-2ddc9129a78d-140487561588736", "trial_id": 15, "param_name": "ab_dw_min", "param_value_internal": 0.001981, "distribution": "{\"name\": \"FloatDistribution\", \"attributes\": {\"step\": null, \"low\": 0.001981, \"high\": 0.001981, \"log\": false}}"}
{"op_code": 5, "worker_id": "6674bd22-9694-4aa4-948b-2ddc9129a78d-140487561588736", "trial_id": 15, "param_name": "ab_desired_bl", "param_value_internal": 31.0, "distribution": "{\"name\": \"IntDistribution\", \"attributes\": {\"log\": false, \"step\": 1, \"low\": 31, \"high\": 31}}"}
{"op_code": 5, "worker_id": "68834977-bfa8-418d-9644-734c1e480aef-139672127762432", "trial_id": 17, "param_name": "ab_dw_min", "param_value_internal": 0.001981, "distribution": "{\"name\": \"FloatDistribution\", \"attributes\": {\"step\": null, \"low\": 0.001981, \"high\": 0.001981, \"log\": false}}"}
{"op_code": 5, "worker_id": "68834977-bfa8-418d-9644-734c1e480aef-139672127762432", "trial_id": 17, "param_name": "ab_desired_bl", "param_value_internal": 31.0, "distribution": "{\"name\": \"IntDistribution\", \"attributes\": {\"log\": false, \"step\": 1, \"low\": 31, \"high\": 31}}"}
{"op_code": 5, "worker_id": "6481a120-0f93-46a8-a0da-b72c9cc348cb-140450634747904", "trial_id": 19, "param_name": "ab_dw_min", "param_value_internal": 0.001981, "distribution": "{\"name\": \"FloatDistribution\", \"attributes\": {\"step\": null, \"low\": 0.001981, \"high\": 0.001981, \"log\": false}}"}
{"op_code": 5, "worker_id": "6481a120-0f93-46a8-a0da-b72c9cc348cb-140450634747904", "trial_id": 19, "param_name": "ab_desired_bl", "param_value_internal": 31.0, "distribution": "{\"name\": \"IntDistribution\", \"attributes\": {\"log\": false, \"step\": 1, \"low\": 31, \"high\": 31}}"}
{"op_code": 5, "worker_id": "490d8c5a-4933-4b06-8d2e-c09f1d477a5d-139715316535296", "trial_id": 21, "param_name": "ab_dw_min", "param_value_internal": 0.001981, "distribution": "{\"name\": \"FloatDistribution\", \"attributes\": {\"step\": null, \"low\": 0.001981, \"high\": 0.001981, \"log\": false}}"}
{"op_code": 5, "worker_id": "490d8c5a-4933-4b06-8d2e-c09f1d477a5d-139715316535296", "trial_id": 21, "param_name": "ab_desired_bl", "param_value_internal": 31.0, "distribution": "{\"name\": \"IntDistribution\", \"attributes\": {\"log\": false, \"step\": 1, \"low\": 31, \"high\": 31}}"}
{"op_code": 5, "worker_id": "625a9ec9-0c98-4e44-9035-1359ed4ae31f-140255017779200", "trial_id": 23, "param_name": "ab_dw_min", "param_value_internal": 0.001981, "distribution": "{\"name\": \"FloatDistribution\", \"attributes\": {\"step\": null, \"low\": 0.001981, \"high\": 0.001981, \"log\": false}}"}
{"op_code": 5, "worker_id": "625a9ec9-0c98-4e44-9035-1359ed4ae31f-140255017779200", "trial_id": 23, "param_name": "ab_desired_bl", "param_value_internal": 31.0, "distribution": "{\"name\": \"IntDistribution\", \"attributes\": {\"log\": false, \"step\": 1, \"low\": 31, \"high\": 31}}"}
{"op_code": 5, "worker_id": "c09fcbbd-7d0d-427b-8161-0c1fdcb4b04f-140182890086400", "trial_id": 25, "param_name": "ab_dw_min", "param_value_internal": 0.001981, "distribution": "{\"name\": \"FloatDistribution\", \"attributes\": {\"step\": null, \"low\": 0.001981, \"high\": 0.001981, \"log\": false}}"}
{"op_code": 5, "worker_id": "c09fcbbd-7d0d-427b-8161-0c1fdcb4b04f-140182890086400", "trial_id": 25, "param_name": "ab_desired_bl", "param_value_internal": 31.0, "distribution": "{\"name\": \"IntDistribution\", \"attributes\": {\"log\": false, \"step\": 1, \"low\": 31, \"high\": 31}}"}
{"op_code": 5, "worker_id": "e81eb076-a93f-4bdf-9409-70b35ca5082d-140560813039616", "trial_id": 27, "param_name": "ab_dw_min", "param_value_internal": 0.001981, "distribution": "{\"name\": \"FloatDistribution\", \"attributes\": {\"step\": null, \"low\": 0.001981, \"high\": 0.001981, \"log\": false}}"}
{"op_code": 5, "worker_id": "e81eb076-a93f-4bdf-9409-70b35ca5082d-140560813039616", "trial_id": 27, "param_name": "ab_desired_bl", "param_value_internal": 31.0, "distribution": "{\"name\": \"IntDistribution\", \"attributes\": {\"log\": false, \"step\": 1, \"low\": 31, \"high\": 31}}"}
{"op_code": 5, "worker_id": "691a12a3-927d-4545-b987-0d416698eb7f-140365359669248", "trial_id": 32, "param_name": "ab_dw_min", "param_value_internal": 0.001981, "distribution": "{\"name\": \"FloatDistribution\", \"attributes\": {\"step\": null, \"low\": 0.001981, \"high\": 0.001981, \"log\": false}}"}
{"op_code": 5, "worker_id": "691a12a3-927d-4545-b987-0d416698eb7f-140365359669248", "trial_id": 32, "param_name": "ab_desired_bl", "param_value_internal": 31.0, "distribution": "{\"name\": \"IntDistribution\", \"attributes\": {\"log\": false, \"step\": 1, \"low\": 31, \"high\": 31}}"}
{"op_code": 5, "worker_id": "7fd6c532-6bf0-48d7-95ac-56e08fc42479-140281566875648", "trial_id": 34, "param_name": "ab_dw_min", "param_value_internal": 0.001981, "distribution": "{\"name\": \"FloatDistribution\", \"attributes\": {\"step\": null, \"low\": 0.001981, \"high\": 0.001981, \"log\": false}}"}
{"op_code": 5, "worker_id": "7fd6c532-6bf0-48d7-95ac-56e08fc42479-140281566875648", "trial_id": 34, "param_name": "ab_desired_bl", "param_value_internal": 31.0, "distribution": "{\"name\": \"IntDistribution\", \"attributes\": {\"log\": false, \"step\": 1, \"low\": 31, \"high\": 31}}"}
{"op_code": 5, "worker_id": "5623cb42-bc26-499d-9fbd-4fe524f8ff5a-139968854978560", "trial_id": 36, "param_name": "ab_dw_min", "param_value_internal": 0.001981, "distribution": "{\"name\": \"FloatDistribution\", \"attributes\": {\"step\": null, \"low\": 0.001981, \"high\": 0.001981, \"log\": false}}"}
{"op_code": 5, "worker_id": "5623cb42-bc26-499d-9fbd-4fe524f8ff5a-139968854978560", "trial_id": 36, "param_name": "ab_desired_bl", "param_value_internal": 31.0, "distribution": "{\"name\": \"IntDistribution\", \"attributes\": {\"log\": false, \"step\": 1, \"low\": 31, \"high\": 31}}"}
{"op_code": 5, "worker_id": "a6c36ee5-0fc8-4a9e-a3ed-e99698788f4f-139874947047424", "trial_id": 38, "param_name": "ab_dw_min", "param_value_internal": 0.001981, "distribution": "{\"name\": \"FloatDistribution\", \"attributes\": {\"step\": null, \"low\": 0.001981, \"high\": 0.001981, \"log\": false}}"}
{"op_code": 5, "worker_id": "a6c36ee5-0fc8-4a9e-a3ed-e99698788f4f-139874947047424", "trial_id": 38, "param_name": "ab_desired_bl", "param_value_internal": 31.0, "distribution": "{\"name\": \"IntDistribution\", \"attributes\": {\"log\": false, \"step\": 1, \"low\": 31, \"high\": 31}}"}
{"op_code": 5, "worker_id": "69c9c7dc-e691-479b-8d6a-51f70826de89-140718353911808", "trial_id": 40, "param_name": "ab_dw_min", "param_value_internal": 0.001981, "distribution": "{\"name\": \"FloatDistribution\", \"attributes\": {\"step\": null, \"low\": 0.001981, \"high\": 0.001981, \"log\": false}}"}
{"op_code": 5, "worker_id": "69c9c7dc-e691-479b-8d6a-51f70826de89-140718353911808", "trial_id": 40, "param_name": "ab_desired_bl", "param_value_internal": 31.0, "distribution": "{\"name\": \"IntDistribution\", \"attributes\": {\"log\": false, \"step\": 1, \"low\": 31, \"high\": 31}}"}
{"op_code": 5, "worker_id": "8ca528fd-6cc3-4d18-b753-c40c974ae58d-140329951633408", "trial_id": 42, "param_name": "ab_dw_min", "param_value_internal": 0.001981, "distribution": "{\"name\": \"FloatDistribution\", \"attributes\": {\"step\": null, \"low\": 0.001981, \"high\": 0.001981, \"log\": false}}"}
{"op_code": 5, "worker_id": "8ca528fd-6cc3-4d18-b753-c40c974ae58d-140329951633408", "trial_id": 42, "param_name": "ab_desired_bl", "param_value_internal": 31.0, "distribution": "{\"name\": \"IntDistribution\", \"attributes\": {\"log\": false, \"step\": 1, \"low\": 31, \"high\": 31}}"}
{"op_code": 5, "worker_id": "dcbeff05-2367-44e2-a9fd-a27485db7e20-140554459750400", "trial_id": 44, "param_name": "ab_dw_min", "param_value_internal": 0.001981, "distribution": "{\"name\": \"FloatDistribution\", \"attributes\": {\"step\": null, \"low\": 0.001981, \"high\": 0.001981, \"log\": false}}"}
{"op_code": 5, "worker_id": "dcbeff05-2367-44e2-a9fd-a27485db7e20-140554459750400", "trial_id": 44, "param_name": "ab_desired_bl", "param_value_internal": 31.0, "distribution": "{\"name\": \"IntDistribution\", \"attributes\": {\"log\": false, \"step\": 1, \"low\": 31, \"high\": 31}}"}
{"op_code": 5, "worker_id": "b3966b61-1a1c-4da9-8ef7-797a8dcc1909-139953436950528", "trial_id": 46, "param_name": "ab_dw_min", "param_value_internal": 0.001981, "distribution": "{\"name\": \"FloatDistribution\", \"attributes\": {\"step\": null, \"low\": 0.001981, \"high\": 0.001981, \"log\": false}}"}
{"op_code": 5, "worker_id": "b3966b61-1a1c-4da9-8ef7-797a8dcc1909-139953436950528", "trial_id": 46, "param_name": "ab_desired_bl", "param_value_internal": 31.0, "distribution": "{\"name\": \"IntDistribution\", \"attributes\": {\"log\": false, \"step\": 1, \"low\": 31, \"high\": 31}}"}
{"op_code": 5, "worker_id": "b5d89bb6-8c79-4077-ae1a-69da045fcbcf-139742403244032", "trial_id": 51, "param_name": "ab_dw_min", "param_value_internal": 0.001981, "distribution": "{\"name\": \"FloatDistribution\", \"attributes\": {\"step\": null, \"low\": 0.001981, \"high\": 0.001981, \"log\": false}}"}
{"op_code": 5, "worker_id": "b5d89bb6-8c79-4077-ae1a-69da045fcbcf-139742403244032", "trial_id": 51, "param_name": "ab_desired_bl", "param_value_internal": 31.0, "distribution": "{\"name\": \"IntDistribution\", \"attributes\": {\"log\": false, \"step\": 1, \"low\": 31, \"high\": 31}}"}
{"op_code": 5, "worker_id": "8a8abda7-2619-45fb-816a-d8ba6c6b1088-140262585372672", "trial_id": 54, "param_name": "ab_dw_min", "param_value_internal": 0.001981, "distribution": "{\"name\": \"FloatDistribution\", \"attributes\": {\"step\": null, \"low\": 0.001981, \"high\": 0.001981, \"log\": false}}"}
{"op_code": 5, "worker_id": "8a8abda7-2619-45fb-816a-d8ba6c6b1088-140262585372672", "trial_id": 54, "param_name": "ab_desired_bl", "param_value_internal": 31.0, "distribution": "{\"name\": \"IntDistribution\", \"attributes\": {\"log\": false, \"step\": 1, \"low\": 31, \"high\": 31}}"}
{"op_code": 5, "worker_id": "cb939bab-e157-49dc-81e2-4e02aeadf371-140052970942464", "trial_id": 57, "param_name": "ab_dw_min", "param_value_internal": 0.001981, "distribution": "{\"name\": \"FloatDistribution\", \"attributes\": {\"step\": null, \"low\": 0.001981, \"high\": 0.001981, \"log\": false}}"}
{"op_code": 5, "worker_id": "cb939bab-e157-49dc-81e2-4e02aeadf371-140052970942464", "trial_id": 57, "param_name": "ab_desired_bl", "param_value_internal": 31.0, "distribution": "{\"name\": \"IntDistribution\", \"attributes\": {\"log\": false, \"step\": 1, \"low\": 31, \"high\": 31}}"}
{"op_code": 5, "worker_id": "d43f5304-b61a-472a-a2e2-ed03c309030f-140620264480768", "trial_id": 61, "param_name": "ab_dw_min", "param_value_internal": 0.001981, "distribution": "{\"name\": \"FloatDistribution\", \"attributes\": {\"step\": null, \"low\": 0.001981, \"high\": 0.001981, \"log\": false}}"}
{"op_code": 5, "worker_id": "d43f5304-b61a-472a-a2e2-ed03c309030f-140620264480768", "trial_id": 61, "param_name": "ab_desired_bl", "param_value_internal": 31.0, "distribution": "{\"name\": \"IntDistribution\", \"attributes\": {\"log\": false, \"step\": 1, \"low\": 31, \"high\": 31}}"}
