step,mode,layer_idx,sublayer,module_name,dw_min,desired_bl,sto_round_update,update_bl_management,update_management,dw_zero_ratio,dw_1lsb_ratio,dw_absmean,min_nonzero_delta,dw_absmax,dw_q90,dw_q99,pulse_sat_ratio,bound_sat_ratio,grad_absmean,grad_deadzone_ratio,update_vs_grad_cosine,eff_lr_slope,BL_mean,BL_p99,BL_hit_ratio,pulse_under_frac,pulse_ok_frac,pulse_over_frac,dw_fast_zero_ratio,dw_fast_1lsb_ratio,dw_fast_absmean,dw_slow_zero_ratio,dw_slow_1lsb_ratio,dw_slow_absmean,dw_fast_vs_grad_cosine,dw_fast_eff_lr_slope,hidden_absmean,hidden_absmax,hidden_below1_ratio,hidden_trunc_nonzero_ratio,hidden_trunc_meanabs,is_transfer_step,transfer_duty,transfer_spike,transfer_efficiency,buffer_above_thresh_ratio,sign_mismatch_ratio,rel_update_error,BL_fp_mean,BL_fp_p99,BL_fp_hit_ratio,dw_p50,trace_every
0,single,0,Q,bert.encoder.layer.0.attention.self.query,0.001,31,0,1,1,0.986328125,0.013671875,2.0842971935053356e-06,8.067488670349121e-05,0.00021943449974060059,0.0,0.00011197214189451188,0.0,0.0,0.00014838212518952787,1.0,0.013804132118821144,0.0,1.0,1.0,0.0,1.0,0.0,0.0,,,,,,,,,,,,,,,,,,,0.994140625,42022.78125,0.013671875,1.0,0.0,0.0,1
0,single,0,K,bert.encoder.layer.0.attention.self.key,0.001,31,0,1,1,0.974609375,0.025390625,3.282919351477176e-06,2.911686897277832e-05,0.0002287440001964569,0.0,0.00012281605449970812,0.0,0.0,0.00015341481775976717,1.0,-0.017954111099243164,0.0,1.0,1.0,0.0,1.0,0.0,0.0,,,,,,,,,,,,,,,,,,,0.98828125,50333.21875,0.025390625,1.0,0.0,0.0,1
0,single,0,V,bert.encoder.layer.0.attention.self.value,0.001,31,0,1,1,0.9140625,0.0859375,8.340144631802104e-06,7.621943950653076e-06,0.0002179114380851388,0.0,0.00013920088531449437,0.0,0.0,0.00035999296233057976,1.0,0.03732641786336899,0.0,1.0,1.0,0.0,1.0,0.0,0.0,,,,,,,,,,,,,,,,,,,0.9609375,70650.390625,0.0859375,1.0,0.0,0.0,1
0,single,0,O,bert.encoder.layer.0.attention.output.dense,0.001,31,0,1,1,0.908203125,0.091796875,7.362552878475981e-06,1.9745901226997375e-05,0.0002679750323295593,0.0,0.00011200812878087163,0.0,0.0,0.00044144841376692057,1.0,0.04627489671111107,0.0,1.0,1.0,0.0,1.0,0.0,0.0,,,,,,,,,,,,,,,,,,,0.94921875,60725.859375,0.091796875,1.0,0.0,0.0,1
0,single,0,FFN1,bert.encoder.layer.0.intermediate.dense,0.001,31,0,1,1,0.9765625,0.0234375,3.662274593807524e-06,1.5268567949533463e-05,0.00036832690238952637,0.0,0.00013615678471978754,0.0,0.0,0.0002497140085324645,1.0,-0.20519684255123138,0.0,1.0,1.0,0.0,1.0,0.0,0.0,,,,,,,,,,,,,,,,,,,0.986328125,63875.265625,0.0234375,1.0,0.0,0.0,1
0,single,0,FFN2,bert.encoder.layer.0.output.dense,0.001,31,0,1,1,0.982421875,0.017578125,2.2374836134986253e-06,0.00010804226621985435,0.00016186386346817017,0.0,0.00011326696403557435,0.0,0.0,0.0002474063076078892,1.0,-0.021746492013335228,0.0,1.0,1.0,0.0,1.0,0.0,0.0,,,,,,,,,,,,,,,,,,,0.994140625,38640.9296875,0.017578125,1.0,0.0,0.0,1
0,single,1,Q,bert.encoder.layer.1.attention.self.query,0.001,31,0,1,1,0.958984375,0.041015625,6.676090379187372e-06,4.0724873542785645e-05,0.00036330579314380884,0.0,0.00019781437003985047,0.0,0.0,0.00028327599284239113,1.0,0.004905442241579294,0.0,1.0,1.0,0.0,1.0,0.0,0.0,,,,,,,,,,,,,,,,,,,0.978515625,80454.015625,0.041015625,1.0,0.0,0.0,1
0,single,1,K,bert.encoder.layer.1.attention.self.key,0.001,31,0,1,1,0.970703125,0.029296875,4.843480382987764e-06,6.253272294998169e-05,0.0003815554082393646,0.0,0.00017929678142536432,0.0,0.0,0.0002368203131482005,1.0,-0.014289742335677147,0.0,1.0,1.0,0.0,1.0,0.0,0.0,,,,,,,,,,,,,,,,,,,0.986328125,69497.4453125,0.029296875,1.0,0.0,0.0,1
0,single,1,V,bert.encoder.layer.1.attention.self.value,0.001,31,0,1,1,0.943359375,0.056640625,5.588708518189378e-06,4.2889267206192017e-05,0.0002483539283275604,0.0,0.0001260716817341745,0.0,0.0,0.00042000983376055956,1.0,0.01139624509960413,0.0,1.0,1.0,0.0,1.0,0.0,0.0,,,,,,,,,,,,,,,,,,,0.966796875,57315.0859375,0.056640625,1.0,0.0,0.0,1
0,single,1,O,bert.encoder.layer.1.attention.output.dense,0.001,31,0,1,1,0.896484375,0.103515625,9.698635039967485e-06,1.5810132026672363e-05,0.0002414323389530182,3.424684109631926e-05,0.00013743029558099806,0.0,0.0,0.0004698561388067901,1.0,-0.0008817993802949786,0.0,1.0,1.0,0.0,1.0,0.0,0.0,,,,,,,,,,,,,,,,,,,0.9453125,73692.640625,0.103515625,1.0,0.0,0.0,1
0,single,1,FFN1,bert.encoder.layer.1.intermediate.dense,0.001,31,0,1,1,0.97265625,0.02734375,3.274244136264315e-06,1.637730747461319e-05,0.00019197538495063782,0.0,0.00012269377475604415,0.0,0.0,0.0002844551345333457,1.0,0.029997415840625763,0.0,1.0,1.0,0.0,1.0,0.0,0.0,,,,,,,,,,,,,,,,,,,0.98828125,47776.34375,0.02734375,1.0,0.0,0.0,1
0,single,1,FFN2,bert.encoder.layer.1.output.dense,0.001,31,0,1,1,0.970703125,0.029296875,3.982672751590144e-06,7.605180144309998e-05,0.00019837357103824615,0.0,0.00013435602886602283,0.0,0.0,0.00023756481823511422,1.0,0.03112635388970375,0.0,1.0,1.0,0.0,1.0,0.0,0.0,,,,,,,,,,,,,,,,,,,0.984375,54513.7734375,0.029296875,1.0,0.0,0.0,1
0,single,2,Q,bert.encoder.layer.2.attention.self.query,0.001,31,0,1,1,0.984375,0.015625,2.8255708457436413e-06,8.952245116233826e-05,0.00034162774682044983,0.0,0.00012139471800765023,0.0,0.0,0.0001985069684451446,1.0,0.0040073092095553875,0.0,1.0,1.0,0.0,1.0,0.0,0.0,,,,,,,,,,,,,,,,,,,0.990234375,55735.265625,0.015625,1.0,0.0,0.0,1
0,single,2,K,bert.encoder.layer.2.attention.self.key,0.001,31,0,1,1,0.98046875,0.01953125,2.5572242066118633e-06,3.4749507904052734e-05,0.0001874007284641266,0.0,0.00013606244465336204,0.0,0.0,0.00018846133025363088,1.0,-0.05490835756063461,0.0,1.0,1.0,0.0,1.0,0.0,0.0,,,,,,,,,,,,,,,,,,,0.990234375,43929.43359375,0.01953125,1.0,0.0,0.0,1
0,single,2,V,bert.encoder.layer.2.attention.self.value,0.001,31,0,1,1,0.919921875,0.080078125,6.687835139018716e-06,1.126900315284729e-05,0.00017040595412254333,0.0,0.00012390039046294987,0.0,0.0,0.0005751193384639919,1.0,0.19457225501537323,0.0,1.0,1.0,0.0,1.0,0.0,0.0,,,,,,,,,,,,,,,,,,,0.947265625,57805.59765625,0.080078125,1.0,0.0,0.0,1
0,single,2,O,bert.encoder.layer.2.attention.output.dense,0.001,31,0,1,1,0.9296875,0.0703125,6.3501938711851835e-06,2.4732202291488647e-05,0.00015524309128522873,0.0,0.00011838597856694832,0.0,0.0,0.0005934408400207758,1.0,-0.05696694925427437,0.0,1.0,1.0,0.0,1.0,0.0,0.0,,,,,,,,,,,,,,,,,,,0.974609375,57364.5390625,0.0703125,1.0,0.0,0.0,1
0,single,2,FFN1,bert.encoder.layer.2.intermediate.dense,0.001,31,0,1,1,0.97265625,0.02734375,3.5070656849711668e-06,7.816031575202942e-05,0.0003542862832546234,0.0,0.00012577042798511684,0.0,0.0,0.0003309730382170528,1.0,0.007438786793500185,0.0,1.0,1.0,0.0,1.0,0.0,0.0,,,,,,,,,,,,,,,,,,,0.984375,54115.359375,0.02734375,1.0,0.0,0.0,1
0,single,2,FFN2,bert.encoder.layer.2.output.dense,0.001,31,0,1,1,0.984375,0.015625,1.8071696104016155e-06,5.8084726333618164e-05,0.0002028532326221466,0.0,0.0001015004818327725,0.0,0.0,0.0002654307463672012,1.0,0.004927148576825857,0.0,1.0,1.0,0.0,1.0,0.0,0.0,,,,,,,,,,,,,,,,,,,0.994140625,34476.8984375,0.015625,1.0,0.0,0.0,1
0,single,3,Q,bert.encoder.layer.3.attention.self.query,0.001,31,0,1,1,0.962890625,0.037109375,4.491144864005037e-06,3.469735383987427e-05,0.0002320520579814911,0.0,0.0001454848243156448,0.0,0.0,0.00022359502327162772,1.0,-0.01765011064708233,0.0,1.0,1.0,0.0,1.0,0.0,0.0,,,,,,,,,,,,,,,,,,,0.982421875,56463.9765625,0.037109375,1.0,0.0,0.0,1
0,single,3,K,bert.encoder.layer.3.attention.self.key,0.001,31,0,1,1,0.974609375,0.025390625,3.844842467515264e-06,5.2772462368011475e-05,0.0003546178340911865,0.0,0.00015000317944213748,0.0,0.0,0.0002075845404760912,1.0,-0.07698886096477509,0.0,1.0,1.0,0.0,1.0,0.0,0.0,,,,,,,,,,,,,,,,,,,0.9921875,61410.65234375,0.025390625,1.0,0.0,0.0,1
0,single,3,V,bert.encoder.layer.3.attention.self.value,0.001,31,0,1,1,0.9375,0.0625,6.565132025571074e-06,2.5063753128051758e-05,0.00019776634871959686,0.0,0.00013839809980709106,0.0,0.0,0.0005936478264629841,1.0,0.25823071599006653,0.0,1.0,1.0,0.0,1.0,0.0,0.0,,,,,,,,,,,,,,,,,,,0.958984375,62930.29296875,0.0625,1.0,0.0,0.0,1
0,single,3,O,bert.encoder.layer.3.attention.output.dense,0.001,31,0,1,1,0.892578125,0.107421875,8.771683496888727e-06,2.0925654098391533e-06,0.00016010832041502,2.8780843422282487e-05,0.00012183852231828496,0.0,0.0,0.0006419157143682241,1.0,0.11519534140825272,0.0,1.0,1.0,0.0,1.0,0.0,0.0,,,,,,,,,,,,,,,,,,,0.935546875,65329.17578125,0.107421875,1.0,0.0,0.0,1
0,single,3,FFN1,bert.encoder.layer.3.intermediate.dense,0.001,31,0,1,1,0.96875,0.03125,3.571185516193509e-06,2.290494740009308e-05,0.00031112227588891983,0.0,0.00012702160165645182,0.0,0.0,0.00040110398549586535,1.0,-0.057495370507240295,0.0,1.0,1.0,0.0,1.0,0.0,0.0,,,,,,,,,,,,,,,,,,,0.982421875,52702.71875,0.03125,1.0,0.0,0.0,1
0,single,3,FFN2,bert.encoder.layer.3.output.dense,0.001,31,0,1,1,0.984375,0.015625,1.851886736403685e-06,6.349384784698486e-05,0.00018683820962905884,0.0,7.824285421520472e-05,0.0,0.0,0.00024413489154540002,1.0,-0.011644817888736725,0.0,1.0,1.0,0.0,1.0,0.0,0.0,,,,,,,,,,,,,,,,,,,0.98828125,35824.5390625,0.015625,1.0,0.0,0.0,1
0,single,4,Q,bert.encoder.layer.4.attention.self.query,0.001,31,0,1,1,0.974609375,0.025390625,3.773074240598362e-06,8.151307702064514e-05,0.00020635873079299927,0.0,0.0001593803463038057,0.0,0.0,0.00027509703068062663,1.0,0.04807567223906517,0.0,1.0,1.0,0.0,1.0,0.0,0.0,,,,,,,,,,,,,,,,,,,0.984375,55385.50390625,0.025390625,1.0,0.0,0.0,1
0,single,4,K,bert.encoder.layer.4.attention.self.key,0.001,31,0,1,1,0.958984375,0.041015625,5.711947778763715e-06,8.027628064155579e-05,0.00023534893989562988,0.0,0.00015625085507053882,0.0,0.0,0.0002690814435482025,1.0,0.04005363956093788,0.0,1.0,1.0,0.0,1.0,0.0,0.0,,,,,,,,,,,,,,,,,,,0.978515625,66355.828125,0.041015625,1.0,0.0,0.0,1
0,single,4,V,bert.encoder.layer.4.attention.self.value,0.001,31,0,1,1,0.951171875,0.048828125,5.2452069212449715e-06,1.677684485912323e-05,0.00021727755665779114,0.0,0.00013935743481852114,0.0,0.0,0.0004904838278889656,1.0,-0.05926614999771118,0.0,1.0,1.0,0.0,1.0,0.0,0.0,,,,,,,,,,,,,,,,,,,0.986328125,57877.93359375,0.048828125,1.0,0.0,0.0,1
0,single,4,O,bert.encoder.layer.4.attention.output.dense,0.001,31,0,1,1,0.9296875,0.0703125,6.456768005591584e-06,2.339482307434082e-06,0.00016493536531925201,0.0,0.00012877568951807916,0.0,0.0,0.0005506720626726747,1.0,0.10953640192747116,0.0,1.0,1.0,0.0,1.0,0.0,0.0,,,,,,,,,,,,,,,,,,,0.951171875,59504.6328125,0.0703125,1.0,0.0,0.0,1
0,single,4,FFN1,bert.encoder.layer.4.intermediate.dense,0.001,31,0,1,1,0.962890625,0.037109375,4.773042746819556e-06,2.723652869462967e-05,0.00018723122775554657,0.0,0.000151053027366288,0.0,0.0,0.00032943757832981646,1.0,0.09261182695627213,0.0,1.0,1.0,0.0,1.0,0.0,0.0,,,,,,,,,,,,,,,,,,,0.9765625,58989.29296875,0.037109375,1.0,0.0,0.0,1
0,single,4,FFN2,bert.encoder.layer.4.output.dense,0.001,31,0,1,1,0.97265625,0.02734375,3.8011673950677505e-06,4.900619387626648e-05,0.0002879910171031952,0.0,0.00016780053556431085,0.0,0.0,0.00027061987202614546,1.0,-0.0012795674847438931,0.0,1.0,1.0,0.0,1.0,0.0,0.0,,,,,,,,,,,,,,,,,,,0.990234375,57387.27734375,0.02734375,1.0,0.0,0.0,1
0,single,5,Q,bert.encoder.layer.5.attention.self.query,0.001,31,0,1,1,0.986328125,0.013671875,1.8633537592904759e-06,9.730085730552673e-05,0.00019992142915725708,0.0,0.00010900453344220296,0.0,0.0,0.0002361667575314641,1.0,-0.03402961045503616,0.0,1.0,1.0,0.0,1.0,0.0,0.0,,,,,,,,,,,,,,,,,,,0.99609375,36985.265625,0.013671875,1.0,0.0,0.0,1
0,single,5,K,bert.encoder.layer.5.attention.self.key,0.001,31,0,1,1,0.95703125,0.04296875,6.055603989807423e-06,7.633119821548462e-05,0.00020395219326019287,0.0,0.0001775445562088862,0.0,0.0,0.00022784271277487278,1.0,0.03096507303416729,0.0,1.0,1.0,0.0,1.0,0.0,0.0,,,,,,,,,,,,,,,,,,,0.974609375,68702.359375,0.04296875,1.0,0.0,0.0,1
0,single,5,V,bert.encoder.layer.5.attention.self.value,0.001,31,0,1,1,0.955078125,0.044921875,5.874836460861843e-06,7.388368248939514e-05,0.0002195192500948906,0.0,0.00014644248585682362,0.0,0.0,0.000504968804307282,1.0,0.08863114565610886,0.0,1.0,1.0,0.0,1.0,0.0,0.0,,,,,,,,,,,,,,,,,,,0.970703125,64911.67578125,0.044921875,1.0,0.0,0.0,1
0,single,5,O,bert.encoder.layer.5.attention.output.dense,0.001,31,0,1,1,0.9375,0.0625,6.789782673877198e-06,1.981109380722046e-05,0.00025739893317222595,0.0,0.00013237004168331623,0.0,0.0,0.0005027558072470129,1.0,0.015519634820520878,0.0,1.0,1.0,0.0,1.0,0.0,0.0,,,,,,,,,,,,,,,,,,,0.966796875,66285.8203125,0.0625,1.0,0.0,0.0,1
0,single,5,FFN1,bert.encoder.layer.5.intermediate.dense,0.001,31,0,1,1,0.96484375,0.03515625,4.056960278830957e-06,1.4185905456542969e-05,0.00021443888545036316,0.0,0.00014536455273628235,0.0,0.0,0.00036780000664293766,1.0,0.05689290910959244,0.0,1.0,1.0,0.0,1.0,0.0,0.0,,,,,,,,,,,,,,,,,,,0.974609375,53616.66015625,0.03515625,1.0,0.0,0.0,1
0,single,5,FFN2,bert.encoder.layer.5.output.dense,0.001,31,0,1,1,0.978515625,0.021484375,4.564782102534082e-06,9.262189269065857e-05,0.0008000582456588745,0.0,0.00016240619879681617,0.0,0.0,0.00028321356512606144,1.0,0.4096851050853729,0.0,1.0,1.0,0.0,1.0,0.0,0.0,,,,,,,,,,,,,,,,,,,0.982421875,94685.71875,0.021484375,1.0,0.0,0.0,1
0,single,6,Q,bert.encoder.layer.6.attention.self.query,0.001,31,0,1,1,0.966796875,0.033203125,4.231464117765427e-06,4.198029637336731e-05,0.0002743154764175415,0.0,0.00014205252227839082,0.0,0.0,0.0002877983497455716,1.0,0.05384726822376251,0.0,1.0,1.0,0.0,1.0,0.0,0.0,,,,,,,,,,,,,,,,,,,0.982421875,57413.6796875,0.033203125,1.0,0.0,0.0,1
0,single,6,K,bert.encoder.layer.6.attention.self.key,0.001,31,0,1,1,0.984375,0.015625,1.911093931994401e-06,5.672872066497803e-05,0.00018052011728286743,0.0,0.00010568674770183861,0.0,0.0,0.00027159234741702676,1.0,0.11039502918720245,0.0,1.0,1.0,0.0,1.0,0.0,0.0,,,,,,,,,,,,,,,,,,,0.990234375,36133.30859375,0.015625,1.0,0.0,0.0,1
0,single,6,V,bert.encoder.layer.6.attention.self.value,0.001,31,0,1,1,0.94921875,0.05078125,5.426458301371895e-06,1.0623596608638763e-05,0.00020494312047958374,0.0,0.00014166177425067872,0.0,0.0,0.0006129079847596586,1.0,0.029919281601905823,0.0,1.0,1.0,0.0,1.0,0.0,0.0,,,,,,,,,,,,,,,,,,,0.970703125,59845.421875,0.05078125,1.0,0.0,0.0,1
0,single,6,O,bert.encoder.layer.6.attention.output.dense,0.001,31,0,1,1,0.923828125,0.076171875,7.622760676895268e-06,2.2940337657928467e-05,0.00022953003644943237,0.0,0.00014178792480379343,0.0,0.0,0.0005806558765470982,1.0,0.0012524728663265705,0.0,1.0,1.0,0.0,1.0,0.0,0.0,,,,,,,,,,,,,,,,,,,0.958984375,68307.1171875,0.076171875,1.0,0.0,0.0,1
0,single,6,FFN1,bert.encoder.layer.6.intermediate.dense,0.001,31,0,1,1,0.970703125,0.029296875,3.39578696184617e-06,4.5008957386016846e-05,0.0001959875226020813,0.0,0.0001374866405967623,0.0,0.0,0.00039021740667521954,1.0,0.012904830276966095,0.0,1.0,1.0,0.0,1.0,0.0,0.0,,,,,,,,,,,,,,,,,,,0.98046875,47503.69921875,0.029296875,1.0,0.0,0.0,1
0,single,6,FFN2,bert.encoder.layer.6.output.dense,0.001,31,0,1,1,0.974609375,0.025390625,3.376295353518799e-06,6.473064422607422e-05,0.00017636269330978394,0.0,0.00014656009443569928,0.0,0.0,0.0003758054808713496,1.0,0.055123452097177505,0.0,1.0,1.0,0.0,1.0,0.0,0.0,,,,,,,,,,,,,,,,,,,0.986328125,49478.54296875,0.025390625,1.0,0.0,0.0,1
0,single,7,Q,bert.encoder.layer.7.attention.self.query,0.001,31,0,1,1,0.974609375,0.025390625,3.8095215586508857e-06,3.170967102050781e-05,0.00023642182350158691,0.0,0.000160224677529186,0.0,0.0,0.0002600381849333644,1.0,0.041266750544309616,0.0,1.0,1.0,0.0,1.0,0.0,0.0,,,,,,,,,,,,,,,,,,,0.986328125,57149.39453125,0.025390625,1.0,0.0,0.0,1
0,single,7,K,bert.encoder.layer.7.attention.self.key,0.001,31,0,1,1,0.990234375,0.009765625,1.7634683899814263e-06,9.119883179664612e-05,0.00031684432178735733,0.0,0.0,0.0,0.0,0.00023150918423198164,1.0,0.04256770759820938,0.0,1.0,1.0,0.0,1.0,0.0,0.0,,,,,,,,,,,,,,,,,,,0.99609375,44192.796875,0.009765625,0.0,0.0,0.0,1
0,single,7,V,bert.encoder.layer.7.attention.self.value,0.001,31,0,1,1,0.947265625,0.052734375,6.04072556598112e-06,4.749000072479248e-05,0.0002382136881351471,0.0,0.00014842183736618608,0.0,0.0,0.0005444635171443224,1.0,0.09559950977563858,0.0,1.0,1.0,0.0,1.0,0.0,0.0,,,,,,,,,,,,,,,,,,,0.966796875,63502.24609375,0.052734375,1.0,0.0,0.0,1
0,single,7,O,bert.encoder.layer.7.attention.output.dense,0.001,31,0,1,1,0.927734375,0.072265625,7.258575806190493e-06,3.629922866821289e-05,0.00018951483070850372,0.0,0.00013710532221011817,0.0,0.0,0.0005602746969088912,1.0,-0.01538805104792118,0.0,1.0,1.0,0.0,1.0,0.0,0.0,,,,,,,,,,,,,,,,,,,0.96484375,64681.34375,0.072265625,1.0,0.0,0.0,1
0,single,7,FFN1,bert.encoder.layer.7.intermediate.dense,0.001,31,0,1,1,0.96875,0.03125,4.052172698720824e-06,5.321018397808075e-05,0.00024132058024406433,0.0,0.00013455779117066413,0.0,0.0,0.00043784244917333126,1.0,0.2658432722091675,0.0,1.0,1.0,0.0,1.0,0.0,0.0,,,,,,,,,,,,,,,,,,,0.98046875,54706.26171875,0.03125,1.0,0.0,0.0,1
0,single,7,FFN2,bert.encoder.layer.7.output.dense,0.001,31,0,1,1,0.974609375,0.025390625,3.2421282867289847e-06,6.726384162902832e-05,0.00017692148685455322,0.0,0.00012920967128593475,0.0,0.0,0.0003167284303344786,1.0,0.048036396503448486,0.0,1.0,1.0,0.0,1.0,0.0,0.0,,,,,,,,,,,,,,,,,,,0.986328125,47850.4453125,0.025390625,1.0,0.0,0.0,1
0,single,8,Q,bert.encoder.layer.8.attention.self.query,0.001,31,0,1,1,0.97265625,0.02734375,3.938472218578681e-06,4.86522912979126e-05,0.00018589943647384644,0.0,0.00016493095608893782,0.0,0.0,0.00034224853152409196,1.0,-0.08488278836011887,0.0,1.0,1.0,0.0,1.0,0.0,0.0,,,,,,,,,,,,,,,,,,,0.990234375,55668.96484375,0.02734375,1.0,0.0,0.0,1
0,single,8,K,bert.encoder.layer.8.attention.self.key,0.001,31,0,1,1,0.982421875,0.017578125,2.8676286092377268e-06,5.453824996948242e-05,0.0003698514774441719,0.0,0.00013018630852457136,0.0,0.0,0.00027417170349508524,1.0,0.028164975345134735,0.0,1.0,1.0,0.0,1.0,0.0,0.0,,,,,,,,,,,,,,,,,,,0.98828125,55171.13671875,0.017578125,1.0,0.0,0.0,1
0,single,8,V,bert.encoder.layer.8.attention.self.value,0.001,31,0,1,1,0.951171875,0.048828125,5.068730843049707e-06,3.5531818866729736e-05,0.00017220526933670044,0.0,0.00014699666644446552,0.0,0.0,0.00044725724728778005,1.0,0.011031377129256725,0.0,1.0,1.0,0.0,1.0,0.0,0.0,,,,,,,,,,,,,,,,,,,0.970703125,56049.47265625,0.048828125,1.0,0.0,0.0,1
0,single,8,O,bert.encoder.layer.8.attention.output.dense,0.001,31,0,1,1,0.9453125,0.0546875,5.252638857200509e-06,4.5620836317539215e-06,0.00016399100422859192,0.0,0.00012999730824958533,0.0,0.0,0.000528898905031383,1.0,0.16076084971427917,0.0,1.0,1.0,0.0,1.0,0.0,0.0,,,,,,,,,,,,,,,,,,,0.966796875,54258.83203125,0.0546875,1.0,0.0,0.0,1
0,single,8,FFN1,bert.encoder.layer.8.intermediate.dense,0.001,31,0,1,1,0.962890625,0.037109375,3.9646783989155665e-06,4.589185118675232e-05,0.00016658008098602295,0.0,0.00012215152673888952,0.0,0.0,0.0004337191639933735,1.0,0.011675582267343998,0.0,1.0,1.0,0.0,1.0,0.0,0.0,,,,,,,,,,,,,,,,,,,0.974609375,48445.0390625,0.037109375,1.0,0.0,0.0,1
0,single,8,FFN2,bert.encoder.layer.8.output.dense,0.001,31,0,1,1,0.9765625,0.0234375,3.4650988709472585e-06,0.00011164229363203049,0.00019937008619308472,0.0,0.00014975656813476235,0.0,0.0,0.0003318559902254492,1.0,0.09146755188703537,0.0,1.0,1.0,0.0,1.0,0.0,0.0,,,,,,,,,,,,,,,,,,,0.986328125,51978.55078125,0.0234375,1.0,0.0,0.0,1
0,single,9,Q,bert.encoder.layer.9.attention.self.query,0.001,31,0,1,1,0.9765625,0.0234375,3.616198227973655e-06,6.65709376335144e-05,0.00021416693925857544,0.0,0.00017551021301187575,0.0,0.0,0.00031209178268909454,1.0,0.030713872984051704,0.0,1.0,1.0,0.0,1.0,0.0,0.0,,,,,,,,,,,,,,,,,,,0.9921875,55884.640625,0.0234375,1.0,0.0,0.0,1
0,single,9,K,bert.encoder.layer.9.attention.self.key,0.001,31,0,1,1,0.96875,0.03125,4.1513139876769856e-06,1.8765218555927277e-05,0.0002433881163597107,0.0,0.00014887111319694668,0.0,0.0,0.0002760895004030317,1.0,-0.04806818440556526,0.0,1.0,1.0,0.0,1.0,0.0,0.0,,,,,,,,,,,,,,,,,,,0.984375,57100.53515625,0.03125,1.0,0.0,0.0,1
0,single,9,V,bert.encoder.layer.9.attention.self.value,0.001,31,0,1,1,0.9453125,0.0546875,6.610348918911768e-06,2.6125460863113403e-05,0.00020906329154968262,0.0,0.00016136544581968337,0.0,0.0,0.0005823989631608129,1.0,0.14709071815013885,0.0,1.0,1.0,0.0,1.0,0.0,0.0,,,,,,,,,,,,,,,,,,,0.96875,68293.71875,0.0546875,1.0,0.0,0.0,1
0,single,9,O,bert.encoder.layer.9.attention.output.dense,0.001,31,0,1,1,0.923828125,0.076171875,8.723573046154343e-06,3.270059823989868e-05,0.00025845877826213837,0.0,0.00014762516366317868,0.0,0.0,0.0006567540112882853,1.0,0.11630083620548248,0.0,1.0,1.0,0.0,1.0,0.0,0.0,,,,,,,,,,,,,,,,,,,0.951171875,76004.875,0.076171875,1.0,0.0,0.0,1
0,single,9,FFN1,bert.encoder.layer.9.intermediate.dense,0.001,31,0,1,1,0.982421875,0.017578125,2.056719495158177e-06,2.689659595489502e-06,0.0002173837274312973,0.0,0.00011934393842238933,0.0,0.0,0.0003955736174248159,1.0,0.4723832309246063,0.0,1.0,1.0,0.0,1.0,0.0,0.0,,,,,,,,,,,,,,,,,,,0.990234375,39850.53125,0.017578125,1.0,0.0,0.0,1
0,single,9,FFN2,bert.encoder.layer.9.output.dense,0.001,31,0,1,1,0.98828125,0.01171875,1.7179243059217697e-06,0.00011834874749183655,0.0001624971628189087,0.0,0.00010533211752772331,0.0,0.0,0.00030099303694441915,1.0,0.05376245826482773,0.0,1.0,1.0,0.0,1.0,0.0,0.0,,,,,,,,,,,,,,,,,,,0.994140625,36141.546875,0.01171875,0.8900146484375,0.0,0.0,1
0,single,10,Q,bert.encoder.layer.10.attention.self.query,0.001,31,0,1,1,0.986328125,0.013671875,2.161353222618345e-06,0.00011516176164150238,0.00021051988005638123,0.0,0.0001252344372915104,0.0,0.0,0.000295299687422812,1.0,0.04674091935157776,0.0,1.0,1.0,0.0,1.0,0.0,0.0,,,,,,,,,,,,,,,,,,,0.9921875,42555.91796875,0.013671875,1.0,0.0,0.0,1
0,single,10,K,bert.encoder.layer.10.attention.self.key,0.001,31,0,1,1,0.978515625,0.021484375,3.349891812831629e-06,9.72263514995575e-05,0.00022486597299575806,0.0,0.00014740544429514557,0.0,0.0,0.00025835965061560273,1.0,0.010012771002948284,0.0,1.0,1.0,0.0,1.0,0.0,0.0,,,,,,,,,,,,,,,,,,,0.9921875,53421.11328125,0.021484375,1.0,0.0,0.0,1
0,single,10,V,bert.encoder.layer.10.attention.self.value,0.001,31,0,1,1,0.970703125,0.029296875,3.3437288493587403e-06,3.635138273239136e-05,0.00018292106688022614,0.0,0.0001332204119535163,0.0,0.0,0.0005404014373198152,1.0,0.1855630874633789,0.0,1.0,1.0,0.0,1.0,0.0,0.0,,,,,,,,,,,,,,,,,,,0.984375,46581.73046875,0.029296875,1.0,0.0,0.0,1
0,single,10,O,bert.encoder.layer.10.attention.output.dense,0.001,31,0,1,1,0.94921875,0.05078125,5.014623184251832e-06,9.707175195217133e-06,0.00016947835683822632,0.0,0.0001318162539973855,0.0,0.0,0.0005655281711369753,1.0,-0.008908037096261978,0.0,1.0,1.0,0.0,1.0,0.0,0.0,,,,,,,,,,,,,,,,,,,0.974609375,54070.20703125,0.05078125,1.0,0.0,0.0,1
0,single,10,FFN1,bert.encoder.layer.10.intermediate.dense,0.001,31,0,1,1,0.994140625,0.005859375,1.0127114364877343e-06,0.00017031654715538025,0.00017531588673591614,0.0,0.0,0.0,0.0,0.00034897075966000557,1.0,0.09729659557342529,0.0,1.0,1.0,0.0,1.0,0.0,0.0,,,,,,,,,,,,,,,,,,,0.994140625,29938.17578125,0.005859375,0.0,0.0,0.0,1
0,single,10,FFN2,bert.encoder.layer.10.output.dense,0.001,31,0,1,1,0.9765625,0.0234375,2.9418679332593456e-06,5.511939525604248e-05,0.00016461312770843506,0.0,0.00013495603343471885,0.0,0.0,0.0003368348116055131,1.0,0.15208174288272858,0.0,1.0,1.0,0.0,1.0,0.0,0.0,,,,,,,,,,,,,,,,,,,0.982421875,44686.57421875,0.0234375,1.0,0.0,0.0,1
0,single,11,Q,bert.encoder.layer.11.attention.self.query,0.001,31,0,1,1,0.990234375,0.009765625,1.5154648735915544e-06,9.798631072044373e-05,0.00020106881856918335,0.0,0.0,0.0,0.0,0.0002523203438613564,1.0,0.037310272455215454,0.0,1.0,1.0,0.0,1.0,0.0,0.0,,,,,,,,,,,,,,,,,,,0.9921875,35550.56640625,0.009765625,0.0,0.0,0.0,1
0,single,11,K,bert.encoder.layer.11.attention.self.key,0.001,31,0,1,1,0.986328125,0.013671875,1.8971786630572751e-06,9.495392441749573e-05,0.00023499876260757446,0.0,0.00010099156497744843,0.0,0.0,0.00024858114193193614,1.0,0.013242046348750591,0.0,1.0,1.0,0.0,1.0,0.0,0.0,,,,,,,,,,,,,,,,,,,0.9921875,38720.4453125,0.013671875,1.0,0.0,0.0,1
0,single,11,V,bert.encoder.layer.11.attention.self.value,0.001,31,0,1,1,0.978515625,0.021484375,2.9683224056498148e-06,5.930662155151367e-05,0.0001816675066947937,0.0,0.0001453815057175234,0.0,0.0,0.0004923351807519794,1.0,0.05443846061825752,0.0,1.0,1.0,0.0,1.0,0.0,0.0,,,,,,,,,,,,,,,,,,,0.984375,47149.34765625,0.021484375,1.0,0.0,0.0,1
0,single,11,O,bert.encoder.layer.11.attention.output.dense,0.001,31,0,1,1,0.953125,0.046875,5.30741135662538e-06,5.31710684299469e-05,0.00017035752534866333,0.0,0.000144043326145038,0.0,0.0,0.0005143489106558263,1.0,0.09563828259706497,0.0,1.0,1.0,0.0,1.0,0.0,0.0,,,,,,,,,,,,,,,,,,,0.970703125,57689.86328125,0.046875,1.0,0.0,0.0,1
0,single,11,FFN1,bert.encoder.layer.11.intermediate.dense,0.001,31,0,1,1,0.98828125,0.01171875,1.6310066257574363e-06,0.00011230551172047853,0.0001748502254486084,0.0,9.995354776037857e-05,0.0,0.0,0.00047276023542508483,1.0,0.3444601893424988,0.0,1.0,1.0,0.0,1.0,0.0,0.0,,,,,,,,,,,,,,,,,,,0.994140625,34399.234375,0.01171875,0.8900146484375,0.0,0.0,1
0,single,11,FFN2,bert.encoder.layer.11.output.dense,0.001,31,0,1,1,0.962890625,0.037109375,4.692205038736574e-06,3.4943222999572754e-05,0.00017746910452842712,0.0,0.00015901183360256255,0.0,0.001953125,0.0003836950345430523,1.0,0.043490491807460785,0.0,1.0,1.0,0.0,1.0,0.0,0.0,,,,,,,,,,,,,,,,,,,0.974609375,58044.7890625,0.037109375,1.0,0.0,0.0,1
1,single,0,Q,bert.encoder.layer.0.attention.self.query,0.001,31,0,1,1,0.98046875,0.01953125,2.7104626951768296e-06,8.404254913330078e-05,0.00024802982807159424,0.0,0.00011520896077854559,0.0,0.0,0.00020016411144752055,1.0,-0.04871095344424248,0.0,1.0,1.0,0.0,1.0,0.0,0.0,,,,,,,,,,,,,,,,,,,0.98828125,46286.87109375,0.01953125,1.0,0.0,0.0,1
1,single,0,K,bert.encoder.layer.0.attention.self.key,0.001,31,0,1,1,0.97265625,0.02734375,4.008179530501366e-06,7.091090083122253e-05,0.0002439059317111969,0.0,0.00015386771701741964,0.0,0.0,0.0001599650422576815,1.0,0.024951547384262085,0.0,1.0,1.0,0.0,1.0,0.0,0.0,,,,,,,,,,,,,,,,,,,0.984375,58349.1640625,0.02734375,1.0,0.0,0.0,1
1,single,0,V,bert.encoder.layer.0.attention.self.value,0.001,31,0,1,1,0.94140625,0.05859375,5.804040029033786e-06,2.8196722269058228e-05,0.0002349410206079483,0.0,0.00012540395255200565,0.0,0.0,0.00039771239971742034,1.0,-0.003424128983169794,0.0,1.0,1.0,0.0,1.0,0.0,0.0,,,,,,,,,,,,,,,,,,,0.96875,59735.875,0.05859375,1.0,0.0,0.0,1
1,single,0,O,bert.encoder.layer.0.attention.output.dense,0.001,31,0,1,1,0.91015625,0.08984375,8.227803846239112e-06,6.320420652627945e-06,0.000557243824005127,0.0,0.00011212042591068894,0.0,0.0,0.00044057267950847745,1.0,0.08825792372226715,0.0,1.0,1.0,0.0,1.0,0.0,0.0,,,,,,,,,,,,,,,,,,,0.9453125,81284.1328125,0.08984375,1.0,0.0,0.0,1
1,single,0,FFN1,bert.encoder.layer.0.intermediate.dense,0.001,31,0,1,1,0.970703125,0.029296875,4.1997345761046745e-06,5.996227264404297e-05,0.0002931490307673812,0.0,0.000154980574734509,0.0,0.0,0.00029724667547270656,1.0,0.09580859541893005,0.0,1.0,1.0,0.0,1.0,0.0,0.0,,,,,,,,,,,,,,,,,,,0.98046875,61662.703125,0.029296875,1.0,0.0,0.0,1
1,single,0,FFN2,bert.encoder.layer.0.output.dense,0.001,31,0,1,1,0.97265625,0.02734375,3.422696408961201e-06,7.285922765731812e-05,0.00018595438450574875,0.0,0.00013945638784207404,0.0,0.0,0.00021327559079509228,1.0,0.10305114835500717,0.0,1.0,1.0,0.0,1.0,0.0,0.0,,,,,,,,,,,,,,,,,,,0.982421875,48886.01953125,0.02734375,1.0,0.0,0.0,1
1,single,1,Q,bert.encoder.layer.1.attention.self.query,0.001,31,0,1,1,0.966796875,0.033203125,4.94554797114688e-06,4.466250538825989e-05,0.00026538968086242676,0.0,0.00019202701514586806,0.0,0.0,0.0003267276333644986,1.0,0.03360933065414429,0.0,1.0,1.0,0.0,1.0,0.0,0.0,,,,,,,,,,,,,,,,,,,0.98046875,67358.890625,0.033203125,1.0,0.0,0.0,1
1,single,1,K,bert.encoder.layer.1.attention.self.key,0.001,31,0,1,1,0.98046875,0.01953125,2.5174645088554826e-06,6.987527012825012e-05,0.00019881874322891235,0.0,0.00011052940681111068,0.0,0.0,0.00022293548681773245,1.0,0.09004887193441391,0.0,1.0,1.0,0.0,1.0,0.0,0.0,,,,,,,,,,,,,,,,,,,0.990234375,43221.4140625,0.01953125,1.0,0.0,0.0,1
1,single,1,V,bert.encoder.layer.1.attention.self.value,0.001,31,0,1,1,0.9375,0.0625,6.740655862813583e-06,2.4009495973587036e-05,0.0003336593508720398,0.0,0.0001367013610433787,0.0,0.0,0.00046920866589061916,1.0,0.13652384281158447,0.0,1.0,1.0,0.0,1.0,0.0,0.0,,,,,,,,,,,,,,,,,,,0.9609375,68171.7890625,0.0625,1.0,0.0,0.0,1
1,single,1,O,bert.encoder.layer.1.attention.output.dense,0.001,31,0,1,1,0.91015625,0.08984375,7.741612535028253e-06,3.542378544807434e-05,0.0002352241426706314,0.0,0.00011287699453532696,0.0,0.0,0.0004888777621090412,1.0,-0.036212168633937836,0.0,1.0,1.0,0.0,1.0,0.0,0.0,,,,,,,,,,,,,,,,,,,0.958984375,62910.125,0.08984375,1.0,0.0,0.0,1
1,single,1,FFN1,bert.encoder.layer.1.intermediate.dense,0.001,31,0,1,1,0.9765625,0.0234375,2.686189191081212e-06,5.862675607204437e-05,0.0002198740839958191,0.0,0.00011912501213373616,0.0,0.0,0.00026920094387605786,1.0,-0.004643381107598543,0.0,1.0,1.0,0.0,1.0,0.0,0.0,,,,,,,,,,,,,,,,,,,0.98828125,42393.9453125,0.0234375,1.0,0.0,0.0,1
1,single,1,FFN2,bert.encoder.layer.1.output.dense,0.001,31,0,1,1,0.978515625,0.021484375,2.5524759621475823e-06,1.3620592653751373e-05,0.00021100789308547974,0.0,0.00012677250197157264,0.0,0.0,0.00023153447546064854,1.0,-0.00511536467820406,0.0,1.0,1.0,0.0,1.0,0.0,0.0,,,,,,,,,,,,,,,,,,,0.986328125,43822.3515625,0.021484375,1.0,0.0,0.0,1
1,single,2,Q,bert.encoder.layer.2.attention.self.query,0.001,31,0,1,1,0.982421875,0.017578125,2.624228727654554e-06,0.00010216981172561646,0.00018759258091449738,0.0,0.000137495415401645,0.0,0.0,0.00020022870739921927,1.0,0.07618942111730576,0.0,1.0,1.0,0.0,1.0,0.0,0.0,,,,,,,,,,,,,,,,,,,0.98828125,45635.51171875,0.017578125,1.0,0.0,0.0,1
1,single,2,K,bert.encoder.layer.2.attention.self.key,0.001,31,0,1,1,0.982421875,0.017578125,1.7727152226143517e-06,3.343820571899414e-05,0.0001616254448890686,0.0,8.373252057936043e-05,0.0,0.0,0.00017283769557252526,1.0,0.03485343977808952,0.0,1.0,1.0,0.0,1.0,0.0,0.0,,,,,,,,,,,,,,,,,,,0.9921875,32213.751953125,0.017578125,1.0,0.0,0.0,1
1,single,2,V,bert.encoder.layer.2.attention.self.value,0.001,31,0,1,1,0.9453125,0.0546875,4.547104708763072e-06,1.097843050956726e-05,0.00023777782917022705,0.0,0.00011597618868108839,0.0,0.0,0.0005442682304419577,1.0,0.151944100856781,0.0,1.0,1.0,0.0,1.0,0.0,0.0,,,,,,,,,,,,,,,,,,,0.962890625,49991.76171875,0.0546875,1.0,0.0,0.0,1
1,single,2,O,bert.encoder.layer.2.attention.output.dense,0.001,31,0,1,1,0.9375,0.0625,5.512390998774208e-06,2.6971101760864258e-05,0.0001636408269405365,0.0,0.00010597251093713567,0.0,0.0,0.0006054922705516219,1.0,0.19567616283893585,0.0,1.0,1.0,0.0,1.0,0.0,0.0,,,,,,,,,,,,,,,,,,,0.953125,52391.14453125,0.0625,1.0,0.0,0.0,1
1,single,2,FFN1,bert.encoder.layer.2.intermediate.dense,0.001,31,0,1,1,0.982421875,0.017578125,2.058587824649294e-06,4.330277442932129e-05,0.00018650293350219727,0.0,0.00012114339915569872,0.0,0.0,0.0002935189404524863,1.0,0.012954839505255222,0.0,1.0,1.0,0.0,1.0,0.0,0.0,,,,,,,,,,,,,,,,,,,0.986328125,37586.27734375,0.017578125,1.0,0.0,0.0,1
1,single,2,FFN2,bert.encoder.layer.2.output.dense,0.001,31,0,1,1,0.982421875,0.017578125,2.186912297474919e-06,5.684792995452881e-05,0.00018189102411270142,0.0,0.00011603856546571478,0.0,0.0,0.00022335248650051653,1.0,0.051451511681079865,0.0,1.0,1.0,0.0,1.0,0.0,0.0,,,,,,,,,,,,,,,,,,,0.994140625,38765.9609375,0.017578125,1.0,0.0,0.0,1
1,single,3,Q,bert.encoder.layer.3.attention.self.query,0.001,31,0,1,1,0.97265625,0.02734375,2.9930463369964855e-06,2.4884939193725586e-06,0.00020184367895126343,0.0,0.00013156051863916218,0.0,0.0,0.000241878442466259,1.0,0.062487248331308365,0.0,1.0,1.0,0.0,1.0,0.0,0.0,,,,,,,,,,,,,,,,,,,0.982421875,46336.87109375,0.02734375,1.0,0.0,0.0,1
1,single,3,K,bert.encoder.layer.3.attention.self.key,0.001,31,0,1,1,0.986328125,0.013671875,2.514021616661921e-06,7.563084363937378e-05,0.0002709925174713135,0.0,0.00013507391849998385,0.0,0.0,0.0002058043028227985,1.0,0.21352064609527588,0.0,1.0,1.0,0.0,1.0,0.0,0.0,,,,,,,,,,,,,,,,,,,0.990234375,51289.0390625,0.013671875,1.0,0.0,0.0,1
1,single,3,V,bert.encoder.layer.3.attention.self.value,0.001,31,0,1,1,0.9609375,0.0390625,4.160541266173823e-06,6.868690252304077e-05,0.0001890808343887329,0.0,0.00010924254456767812,0.0,0.0,0.000491045881062746,1.0,0.2224941998720169,0.0,1.0,1.0,0.0,1.0,0.0,0.0,,,,,,,,,,,,,,,,,,,0.9765625,49800.06640625,0.0390625,1.0,0.0,0.0,1
1,single,3,O,bert.encoder.layer.3.attention.output.dense,0.001,31,0,1,1,0.927734375,0.072265625,5.6631215556990355e-06,3.1035393476486206e-05,0.00012743845582008362,0.0,0.0001116150087909773,0.0,0.0,0.0005101702990941703,1.0,0.14094030857086182,0.0,1.0,1.0,0.0,1.0,0.0,0.0,,,,,,,,,,,,,,,,,,,0.953125,50166.2421875,0.072265625,1.0,0.0,0.0,1
1,single,3,FFN1,bert.encoder.layer.3.intermediate.dense,0.001,31,0,1,1,0.962890625,0.037109375,4.280427219782723e-06,4.353374242782593e-05,0.00017241761088371277,0.0,0.00013584111002273858,0.0,0.0,0.00037066027289256454,1.0,0.12836401164531708,0.0,1.0,1.0,0.0,1.0,0.0,0.0,,,,,,,,,,,,,,,,,,,0.98046875,52712.3671875,0.037109375,1.0,0.0,0.0,1
1,single,3,FFN2,bert.encoder.layer.3.output.dense,0.001,31,0,1,1,0.98828125,0.01171875,1.4415327314054593e-06,9.81353223323822e-05,0.00014638341963291168,0.0,8.734187576919794e-05,0.0,0.0,0.0001966014242498204,1.0,0.04414350539445877,0.0,1.0,1.0,0.0,1.0,0.0,0.0,,,,,,,,,,,,,,,,,,,0.990234375,30442.875,0.01171875,0.8900146484375,0.0,0.0,1
1,single,4,Q,bert.encoder.layer.4.attention.self.query,0.001,31,0,1,1,0.970703125,0.029296875,4.016269940620987e-06,6.370246410369873e-05,0.00022952258586883545,0.0,0.00014574264059774578,0.0,0.0,0.000244929309701547,1.0,0.04837296903133392,0.0,1.0,1.0,0.0,1.0,0.0,0.0,,,,,,,,,,,,,,,,,,,0.978515625,55590.62109375,0.029296875,1.0,0.0,0.0,1
1,single,4,K,bert.encoder.layer.4.attention.self.key,0.001,31,0,1,1,0.978515625,0.021484375,2.7424866857472807e-06,5.5342912673950195e-05,0.0002061799168586731,0.0,0.00012355776561889797,0.0,0.0,0.00018962606554850936,1.0,0.03259682655334473,0.0,1.0,1.0,0.0,1.0,0.0,0.0,,,,,,,,,,,,,,,,,,,0.986328125,45245.33203125,0.021484375,1.0,0.0,0.0,1
1,single,4,V,bert.encoder.layer.4.attention.self.value,0.001,31,0,1,1,0.9609375,0.0390625,3.934138476324733e-06,2.9049813747406006e-05,0.00021716952323913574,0.0,0.0001208301619044505,0.0,0.0,0.00035767239751294255,1.0,0.044250696897506714,0.0,1.0,1.0,0.0,1.0,0.0,0.0,,,,,,,,,,,,,,,,,,,0.974609375,48490.98046875,0.0390625,1.0,0.0,0.0,1
1,single,4,O,bert.encoder.layer.4.attention.output.dense,0.001,31,0,1,1,0.9375,0.0625,6.608461717405589e-06,9.624054655432701e-07,0.00017123669385910034,0.0,0.00013670127373188734,0.0,0.0,0.0003840436111204326,1.0,-0.05052724480628967,0.0,1.0,1.0,0.0,1.0,0.0,0.0,,,,,,,,,,,,,,,,,,,0.97265625,63274.56640625,0.0625,1.0,0.0,0.0,1
1,single,4,FFN1,bert.encoder.layer.4.intermediate.dense,0.001,31,0,1,1,0.978515625,0.021484375,2.6273905859852675e-06,7.466529496014118e-05,0.00020770728588104248,0.0,0.00011894236376974732,0.0,0.0,0.000262211833614856,1.0,0.017963740974664688,0.0,1.0,1.0,0.0,1.0,0.0,0.0,,,,,,,,,,,,,,,,,,,0.994140625,42249.0390625,0.021484375,1.0,0.0,0.0,1
1,single,4,FFN2,bert.encoder.layer.4.output.dense,0.001,31,0,1,1,0.982421875,0.017578125,2.27210512093734e-06,6.476044654846191e-05,0.0002014562487602234,0.0,9.187147952616215e-05,0.0,0.0,0.00020690084784291685,1.0,-0.021523162722587585,0.0,1.0,1.0,0.0,1.0,0.0,0.0,,,,,,,,,,,,,,,,,,,0.99609375,41903.0390625,0.017578125,1.0,0.0,0.0,1
1,single,5,Q,bert.encoder.layer.5.attention.self.query,0.001,31,0,1,1,0.9765625,0.0234375,3.474260665825568e-06,4.65884804725647e-05,0.00020013749599456787,0.0,0.00016153143951669335,0.0,0.0,0.00017581133579369634,1.0,-9.750149911269546e-05,0.0,1.0,1.0,0.0,1.0,0.0,0.0,,,,,,,,,,,,,,,,,,,0.984375,53195.80859375,0.0234375,1.0,0.0,0.0,1
1,single,5,K,bert.encoder.layer.5.attention.self.key,0.001,31,0,1,1,0.9765625,0.0234375,3.5632565413834527e-06,9.069591760635376e-05,0.0002227500081062317,0.0,0.00014607852790504694,0.0,0.0,0.00014404536341316998,1.0,0.019427470862865448,0.0,1.0,1.0,0.0,1.0,0.0,0.0,,,,,,,,,,,,,,,,,,,0.98828125,54456.515625,0.0234375,1.0,0.0,0.0,1
1,single,5,V,bert.encoder.layer.5.attention.self.value,0.001,31,0,1,1,0.94921875,0.05078125,6.027660674590152e-06,5.18355518579483e-05,0.00020877085626125336,0.0,0.0001588804880157113,0.0,0.0,0.00036289807758294046,1.0,0.0625101700425148,0.0,1.0,1.0,0.0,1.0,0.0,0.0,,,,,,,,,,,,,,,,,,,0.970703125,64096.16796875,0.05078125,1.0,0.0,0.0,1
1,single,5,O,bert.encoder.layer.5.attention.output.dense,0.001,31,0,1,1,0.9375,0.0625,6.416320502466988e-06,1.405365765094757e-05,0.0001849047839641571,0.0,0.00012839215924032032,0.0,0.0,0.00044349642121233046,1.0,0.014502477832138538,0.0,1.0,1.0,0.0,1.0,0.0,0.0,,,,,,,,,,,,,,,,,,,0.962890625,61327.1015625,0.0625,1.0,0.0,0.0,1
1,single,5,FFN1,bert.encoder.layer.5.intermediate.dense,0.001,31,0,1,1,0.9765625,0.0234375,2.7886653697350994e-06,6.408616900444031e-05,0.00017726421356201172,0.0,0.00011502127017593011,0.0,0.0,0.0003310033935122192,1.0,-0.0296634454280138,0.0,1.0,1.0,0.0,1.0,0.0,0.0,,,,,,,,,,,,,,,,,,,0.984375,42575.0234375,0.0234375,1.0,0.0,0.0,1
1,single,5,FFN2,bert.encoder.layer.5.output.dense,0.001,31,0,1,1,0.978515625,0.021484375,2.980234057758935e-06,8.600950241088867e-05,0.00020449236035346985,0.0,0.00014095379447098821,0.0,0.0,0.00024463568115606904,1.0,0.07293860614299774,0.0,1.0,1.0,0.0,1.0,0.0,0.0,,,,,,,,,,,,,,,,,,,0.984375,47482.8984375,0.021484375,1.0,0.0,0.0,1
1,single,6,Q,bert.encoder.layer.6.attention.self.query,0.001,31,0,1,1,0.98828125,0.01171875,1.4584948075935245e-06,6.591901183128357e-05,0.00016118958592414856,0.0,5.86688875046093e-05,0.0,0.0,0.00018051323422696441,1.0,-0.07030165195465088,0.0,1.0,1.0,0.0,1.0,0.0,0.0,,,,,,,,,,,,,,,,,,,0.99609375,31284.89453125,0.01171875,0.8900146484375,0.0,0.0,1
1,single,6,K,bert.encoder.layer.6.attention.self.key,0.001,31,0,1,1,0.98046875,0.01953125,2.774888343992643e-06,7.99037516117096e-05,0.00023024901747703552,0.0,0.00012653986050281674,0.0,0.0,0.00017751830455381423,1.0,0.0015777768567204475,0.0,1.0,1.0,0.0,1.0,0.0,0.0,,,,,,,,,,,,,,,,,,,0.986328125,46751.82421875,0.01953125,1.0,0.0,0.0,1
1,single,6,V,bert.encoder.layer.6.attention.self.value,0.001,31,0,1,1,0.970703125,0.029296875,2.778138650683104e-06,1.7933547496795654e-05,0.00018329685553908348,0.0,0.00010744409519247711,0.0,0.0,0.00045682492782361805,1.0,0.17570284008979797,0.0,1.0,1.0,0.0,1.0,0.0,0.0,,,,,,,,,,,,,,,,,,,0.984375,39722.9140625,0.029296875,1.0,0.0,0.0,1
1,single,6,O,bert.encoder.layer.6.attention.output.dense,0.001,31,0,1,1,0.931640625,0.068359375,8.115427590382751e-06,1.0453164577484131e-05,0.00029017776250839233,0.0,0.0001598710659891367,0.0,0.0,0.00045467098243534565,1.0,-0.010503464378416538,0.0,1.0,1.0,0.0,1.0,0.0,0.0,,,,,,,,,,,,,,,,,,,0.96484375,75885.4140625,0.068359375,1.0,0.0,0.0,1
1,single,6,FFN1,bert.encoder.layer.6.intermediate.dense,0.001,31,0,1,1,0.96875,0.03125,3.806360155067523e-06,4.962459206581116e-05,0.0002276301383972168,0.0,0.00013152624887879938,0.0,0.0,0.00030524388421326876,1.0,-0.011045636609196663,0.0,1.0,1.0,0.0,1.0,0.0,0.0,,,,,,,,,,,,,,,,,,,0.982421875,53226.1953125,0.03125,1.0,0.0,0.0,1
1,single,6,FFN2,bert.encoder.layer.6.output.dense,0.001,31,0,1,1,0.9765625,0.0234375,3.7713170968345366e-06,0.00011799484491348267,0.000196114182472229,0.0,0.00015104499470908195,0.0,0.0,0.00026891689049080014,1.0,0.10101082175970078,0.0,1.0,1.0,0.0,1.0,0.0,0.0,,,,,,,,,,,,,,,,,,,0.986328125,56519.45703125,0.0234375,1.0,0.0,0.0,1
1,single,7,Q,bert.encoder.layer.7.attention.self.query,0.001,31,0,1,1,0.98828125,0.01171875,2.0023499018861912e-06,5.730241537094116e-05,0.00025711581110954285,0.0,5.099998816149309e-05,0.0,0.0,0.00018901821749750525,1.0,-0.07042087614536285,0.0,1.0,1.0,0.0,1.0,0.0,0.0,,,,,,,,,,,,,,,,,,,0.99609375,45152.69921875,0.01171875,0.8900146484375,0.0,0.0,1
1,single,7,K,bert.encoder.layer.7.attention.self.key,0.001,31,0,1,1,0.9765625,0.0234375,3.696266730912612e-06,7.361173629760742e-05,0.00029678642749786377,0.0,0.00013975120964460075,0.0,0.0,0.0001796687429305166,1.0,0.027476716786623,0.0,1.0,1.0,0.0,1.0,0.0,0.0,,,,,,,,,,,,,,,,,,,0.986328125,58218.28515625,0.0234375,1.0,0.0,0.0,1
1,single,7,V,bert.encoder.layer.7.attention.self.value,0.001,31,0,1,1,0.951171875,0.048828125,4.771934982272796e-06,2.9705464839935303e-05,0.00019032415002584457,0.0,0.0001230884954566136,0.0,0.0,0.00047154855565167964,1.0,-0.018951257690787315,0.0,1.0,1.0,0.0,1.0,0.0,0.0,,,,,,,,,,,,,,,,,,,0.970703125,51910.89453125,0.048828125,1.0,0.0,0.0,1
1,single,7,O,bert.encoder.layer.7.attention.output.dense,0.001,31,0,1,1,0.947265625,0.052734375,5.386920747696422e-06,4.7184526920318604e-05,0.00017570704221725464,0.0,0.00013217513333074749,0.0,0.0,0.0004935236647725105,1.0,0.11303608119487762,0.0,1.0,1.0,0.0,1.0,0.0,0.0,,,,,,,,,,,,,,,,,,,0.96484375,55887.75,0.052734375,1.0,0.0,0.0,1
1,single,7,FFN1,bert.encoder.layer.7.intermediate.dense,0.001,31,0,1,1,0.96484375,0.03515625,4.399509180075256e-06,5.683116614818573e-05,0.00019882619380950928,0.0,0.00014226224448066205,0.0,0.0,0.0003442196757532656,1.0,0.16929835081100464,0.0,1.0,1.0,0.0,1.0,0.0,0.0,,,,,,,,,,,,,,,,,,,0.978515625,55208.62109375,0.03515625,1.0,0.0,0.0,1
1,single,7,FFN2,bert.encoder.layer.7.output.dense,0.001,31,0,1,1,0.98046875,0.01953125,2.4610344553366303e-06,5.890801548957825e-05,0.00016597658395767212,0.0,0.00012668331328313798,0.0,0.0,0.0002872019540518522,1.0,-0.031433526426553726,0.0,1.0,1.0,0.0,1.0,0.0,0.0,,,,,,,,,,,,,,,,,,,0.9921875,40954.76953125,0.01953125,1.0,0.0,0.0,1
1,single,8,Q,bert.encoder.layer.8.attention.self.query,0.001,31,0,1,1,0.98046875,0.01953125,3.1160407161223702e-06,0.00010134279727935791,0.0002639889717102051,0.0,0.00014257633301895112,0.0,0.0,0.00021835010556969792,1.0,0.055349819362163544,0.0,1.0,1.0,0.0,1.0,0.0,0.0,,,,,,,,,,,,,,,,,,,0.984375,52493.640625,0.01953125,1.0,0.0,0.0,1
1,single,8,K,bert.encoder.layer.8.attention.self.key,0.001,31,0,1,1,0.984375,0.015625,1.4858023860142566e-06,3.5446137189865112e-06,0.00013615284115076065,0.0,7.22875411156565e-05,0.0,0.0,0.00020877983479294926,1.0,0.011014984920620918,0.0,1.0,1.0,0.0,1.0,0.0,0.0,,,,,,,,,,,,,,,,,,,0.990234375,29352.19921875,0.015625,1.0,0.0,0.0,1
1,single,8,V,bert.encoder.layer.8.attention.self.value,0.001,31,0,1,1,0.962890625,0.037109375,4.043700755573809e-06,5.891546607017517e-05,0.0001849834807217121,0.0,0.00011904639541171491,0.0,0.0,0.0005615910049527884,1.0,-0.012263170443475246,0.0,1.0,1.0,0.0,1.0,0.0,0.0,,,,,,,,,,,,,,,,,,,0.978515625,49639.5625,0.037109375,1.0,0.0,0.0,1
1,single,8,O,bert.encoder.layer.8.attention.output.dense,0.001,31,0,1,1,0.943359375,0.056640625,5.6150875025196e-06,3.102421760559082e-05,0.00018718838691711426,0.0,0.00013772465172223747,0.0,0.0,0.0005729144322685897,1.0,0.04050450399518013,0.0,1.0,1.0,0.0,1.0,0.0,0.0,,,,,,,,,,,,,,,,,,,0.9609375,57356.0703125,0.056640625,1.0,0.0,0.0,1
1,single,8,FFN1,bert.encoder.layer.8.intermediate.dense,0.001,31,0,1,1,0.970703125,0.029296875,3.589693733374588e-06,5.2951276302337646e-05,0.0001945067197084427,0.0,0.00014701110194437206,0.0,0.0,0.00032985539291985333,1.0,0.11203764379024506,0.0,1.0,1.0,0.0,1.0,0.0,0.0,,,,,,,,,,,,,,,,,,,0.978515625,49682.06640625,0.029296875,1.0,0.0,0.0,1
1,single,8,FFN2,bert.encoder.layer.8.output.dense,0.001,31,0,1,1,0.970703125,0.029296875,3.569719410734251e-06,4.8998743295669556e-05,0.00019900500774383545,0.0,0.0001431940618203953,0.0,0.0,0.0003272272879257798,1.0,0.04042826220393181,0.0,1.0,1.0,0.0,1.0,0.0,0.0,,,,,,,,,,,,,,,,,,,0.984375,49895.640625,0.029296875,1.0,0.0,0.0,1
1,single,9,Q,bert.encoder.layer.9.attention.self.query,0.001,31,0,1,1,0.98828125,0.01171875,1.4290917533799075e-06,6.948411464691162e-05,0.00021114200353622437,0.0,6.184187805047259e-05,0.0,0.0,0.00024273207236547023,1.0,0.1439262330532074,0.0,1.0,1.0,0.0,1.0,0.0,0.0,,,,,,,,,,,,,,,,,,,0.98828125,32360.162109375,0.01171875,0.8900146484375,0.0,0.0,1
1,single,9,K,bert.encoder.layer.9.attention.self.key,0.001,31,0,1,1,0.978515625,0.021484375,2.866366230591666e-06,7.149577140808105e-05,0.00023690611124038696,0.0,0.00012292619794607162,0.0,0.0,0.00022997477208264172,1.0,0.03427307680249214,0.0,1.0,1.0,0.0,1.0,0.0,0.0,,,,,,,,,,,,,,,,,,,0.98828125,47862.390625,0.021484375,1.0,0.0,0.0,1
1,single,9,V,bert.encoder.layer.9.attention.self.value,0.001,31,0,1,1,0.951171875,0.048828125,5.3511516853177454e-06,4.296004772186279e-05,0.00021663308143615723,0.0,0.0001343347248621285,0.0,0.0,0.0007225656881928444,1.0,-0.10895997285842896,0.0,1.0,1.0,0.0,1.0,0.0,0.0,,,,,,,,,,,,,,,,,,,0.978515625,57901.99609375,0.048828125,1.0,0.0,0.0,1
1,single,9,O,bert.encoder.layer.9.attention.output.dense,0.001,31,0,1,1,0.94921875,0.05078125,5.839885943714762e-06,4.6405941247940063e-05,0.00022137584164738655,0.0,0.0001344224001513794,0.0,0.0,0.0006752084009349346,1.0,0.039966173470020294,0.0,1.0,1.0,0.0,1.0,0.0,0.0,,,,,,,,,,,,,,,,,,,0.966796875,61791.9765625,0.05078125,1.0,0.0,0.0,1
1,single,9,FFN1,bert.encoder.layer.9.intermediate.dense,0.001,31,0,1,1,0.982421875,0.017578125,2.181472154916264e-06,5.907565355300903e-05,0.00019448623061180115,0.0,9.653389133745804e-05,0.0,0.0,0.00035271927481517196,1.0,0.0119321309030056,0.0,1.0,1.0,0.0,1.0,0.0,0.0,,,,,,,,,,,,,,,,,,,0.990234375,39717.40234375,0.017578125,1.0,0.0,0.0,1
1,single,9,FFN2,bert.encoder.layer.9.output.dense,0.001,31,0,1,1,0.974609375,0.025390625,3.487917410893715e-06,5.148351192474365e-05,0.0002714991569519043,0.0,0.000134453279315494,0.0,0.0,0.00033299217466264963,1.0,0.01302838884294033,0.0,1.0,1.0,0.0,1.0,0.0,0.0,,,,,,,,,,,,,,,,,,,0.986328125,54208.38671875,0.025390625,1.0,0.0,0.0,1
1,single,10,Q,bert.encoder.layer.10.attention.self.query,0.001,31,0,1,1,0.982421875,0.017578125,2.6736151994555257e-06,5.8010220527648926e-05,0.00024997442960739136,0.0,0.0001183415952255018,0.0,0.0,0.0002875165082514286,1.0,0.09831614792346954,0.0,1.0,1.0,0.0,1.0,0.0,0.0,,,,,,,,,,,,,,,,,,,0.984375,49744.0625,0.017578125,1.0,0.0,0.0,1
1,single,10,K,bert.encoder.layer.10.attention.self.key,0.001,31,0,1,1,0.982421875,0.017578125,2.9214011192379985e-06,7.771700620651245e-05,0.00021239183843135834,0.0,0.0001492147275712341,0.0,0.0,0.00030322506790980697,1.0,0.14862212538719177,0.0,1.0,1.0,0.0,1.0,0.0,0.0,,,,,,,,,,,,,,,,,,,0.982421875,51661.77734375,0.017578125,1.0,0.0,0.0,1
1,single,10,V,bert.encoder.layer.10.attention.self.value,0.001,31,0,1,1,0.96484375,0.03515625,4.0850063669495285e-06,2.8360635042190552e-05,0.00019339099526405334,0.0,0.00013573197065852582,0.0,0.0,0.0006080656312406063,1.0,0.07156006991863251,0.0,1.0,1.0,0.0,1.0,0.0,0.0,,,,,,,,,,,,,,,,,,,0.9765625,52296.7890625,0.03515625,1.0,0.0,0.0,1
1,single,10,O,bert.encoder.layer.10.attention.output.dense,0.001,31,0,1,1,0.958984375,0.041015625,3.932938398065744e-06,4.387274384498596e-05,0.00017890706658363342,0.0,0.00012139977479819208,0.0,0.0,0.0007366178324446082,1.0,0.0480448454618454,0.0,1.0,1.0,0.0,1.0,0.0,0.0,,,,,,,,,,,,,,,,,,,0.97265625,47124.5859375,0.041015625,1.0,0.0,0.0,1
1,single,10,FFN1,bert.encoder.layer.10.intermediate.dense,0.001,31,0,1,1,0.9765625,0.0234375,3.3838755371107254e-06,6.261467933654785e-05,0.0002801234368234873,0.0,0.00014492758782580495,0.0,0.0,0.0003581813652999699,1.0,-0.02836046926677227,0.0,1.0,1.0,0.0,1.0,0.0,0.0,,,,,,,,,,,,,,,,,,,0.982421875,53954.15234375,0.0234375,1.0,0.0,0.0,1
1,single,10,FFN2,bert.encoder.layer.10.output.dense,0.001,31,0,1,1,0.98046875,0.01953125,2.6396874091005884e-06,9.318441152572632e-05,0.00019126012921333313,0.0,0.00012652459554374218,0.0,0.0,0.00034878766746260226,1.0,0.0552280955016613,0.0,1.0,1.0,0.0,1.0,0.0,0.0,,,,,,,,,,,,,,,,,,,0.986328125,43845.625,0.01953125,1.0,0.0,0.0,1
1,single,11,Q,bert.encoder.layer.11.attention.self.query,0.001,31,0,1,1,0.998046875,0.001953125,2.2853419068269432e-07,0.00011700950562953949,0.00011700950562953949,0.0,0.0,0.0,0.0,0.00017435444169677794,1.0,-0.01135393138974905,0.0,1.0,1.0,0.0,1.0,0.0,0.0,,,,,,,,,,,,,,,,,,,1.0,11700.9501953125,0.001953125,0.0,0.0,0.0,1
1,single,11,K,bert.encoder.layer.11.attention.self.key,0.001,31,0,1,1,0.9765625,0.0234375,3.4892836993094534e-06,5.53131103515625e-05,0.000250011682510376,0.0,0.0001479263009969145,0.0,0.0,0.00016667867021169513,1.0,0.08863463252782822,0.0,1.0,1.0,0.0,1.0,0.0,0.0,,,,,,,,,,,,,,,,,,,0.982421875,55147.453125,0.0234375,1.0,0.0,0.0,1
1,single,11,V,bert.encoder.layer.11.attention.self.value,0.001,31,0,1,1,0.982421875,0.017578125,2.0848942767770495e-06,6.836280226707458e-05,0.00018020719289779663,0.0,9.624160156818107e-05,0.0,0.0,0.0003897715359926224,1.0,0.04895750805735588,0.0,1.0,1.0,0.0,1.0,0.0,0.0,,,,,,,,,,,,,,,,,,,0.990234375,37335.40625,0.017578125,1.0,0.0,0.0,1
1,single,11,O,bert.encoder.layer.11.attention.output.dense,0.001,31,0,1,1,0.98046875,0.01953125,2.4821538318064995e-06,0.00010611489415168762,0.00016919150948524475,0.0,0.00011952966451644897,0.0,0.0,0.0004326149355620146,1.0,0.06405340880155563,0.0,1.0,1.0,0.0,1.0,0.0,0.0,,,,,,,,,,,,,,,,,,,0.990234375,40606.69921875,0.01953125,1.0,0.0,0.0,1
1,single,11,FFN1,bert.encoder.layer.11.intermediate.dense,0.001,31,0,1,1,0.9765625,0.0234375,2.446020062052412e-06,2.7939677238464355e-05,0.00020810216665267944,0.0,0.00011190538498340175,0.0,0.0,0.000428392319008708,1.0,0.1768387109041214,0.0,1.0,1.0,0.0,1.0,0.0,0.0,,,,,,,,,,,,,,,,,,,0.982421875,39549.01953125,0.0234375,1.0,0.0,0.0,1
1,single,11,FFN2,bert.encoder.layer.11.output.dense,0.001,31,0,1,1,0.962890625,0.037109375,4.174779405730078e-06,4.5962631702423096e-05,0.0002073226496577263,0.0,0.00012270762817934155,0.0,0.001953125,0.00037290260661393404,1.0,0.04954542964696884,0.0,1.0,1.0,0.0,1.0,0.0,0.0,,,,,,,,,,,,,,,,,,,0.9765625,51419.8515625,0.037109375,1.0,0.0,0.0,1
2,single,0,Q,bert.encoder.layer.0.attention.self.query,0.001,31,0,1,1,0.982421875,0.017578125,2.9259349503263365e-06,9.323656558990479e-05,0.00032132863998413086,0.0,0.0001346904318779707,0.0,0.0,0.0001096652340493165,1.0,-0.014805852435529232,0.0,1.0,1.0,0.0,1.0,0.0,0.0,,,,,,,,,,,,,,,,,,,0.98828125,53543.48828125,0.017578125,1.0,0.0,0.0,1
2,single,0,K,bert.encoder.layer.0.attention.self.key,0.001,31,0,1,1,0.986328125,0.013671875,1.5384084690595046e-06,5.1215291023254395e-05,0.00018591154366731644,0.0,8.48118870635517e-05,0.0,0.0,0.00010153681796509773,1.0,-0.036798734217882156,0.0,1.0,1.0,0.0,1.0,0.0,0.0,,,,,,,,,,,,,,,,,,,0.99609375,31399.904296875,0.013671875,1.0,0.0,0.0,1
2,single,0,V,bert.encoder.layer.0.attention.self.value,0.001,31,0,1,1,0.955078125,0.044921875,4.032601282233372e-06,2.629309892654419e-05,0.00014023110270500183,0.0,0.00011642826575553045,0.0,0.0,0.0002565505274105817,1.0,0.16820141673088074,0.0,1.0,1.0,0.0,1.0,0.0,0.0,,,,,,,,,,,,,,,,,,,0.96875,45844.92578125,0.044921875,1.0,0.0,0.0,1
2,single,0,O,bert.encoder.layer.0.attention.output.dense,0.001,31,0,1,1,0.935546875,0.064453125,5.3755516091769096e-06,1.6917474567890167e-05,0.0001621544361114502,0.0,0.00012041365698678419,0.0,0.0,0.00028442376060411334,1.0,0.0436575673520565,0.0,1.0,1.0,0.0,1.0,0.0,0.0,,,,,,,,,,,,,,,,,,,0.96484375,52090.16015625,0.064453125,1.0,0.0,0.0,1
2,single,0,FFN1,bert.encoder.layer.0.intermediate.dense,0.001,31,0,1,1,0.966796875,0.033203125,3.906422534782905e-06,2.850964665412903e-05,0.00030857790261507034,0.0,0.00013136440247762948,0.0,0.0,0.0002456642687320709,1.0,0.4339481592178345,0.0,1.0,1.0,0.0,1.0,0.0,0.0,,,,,,,,,,,,,,,,,,,0.98046875,54822.61328125,0.033203125,1.0,0.0,0.0,1
2,single,0,FFN2,bert.encoder.layer.0.output.dense,0.001,31,0,1,1,0.986328125,0.013671875,1.9135777620249428e-06,8.041039109230042e-05,0.00022773724049329758,0.0,8.053969941101968e-05,0.0,0.0,0.00015321819228120148,1.0,0.08493146300315857,0.0,1.0,1.0,0.0,1.0,0.0,0.0,,,,,,,,,,,,,,,,,,,0.986328125,39306.203125,0.013671875,1.0,0.0,0.0,1
2,single,1,Q,bert.encoder.layer.1.attention.self.query,0.001,31,0,1,1,0.982421875,0.017578125,2.9322627597139217e-06,0.00010196864604949951,0.00024164142087101936,0.0,0.0001446602982468903,0.0,0.0,0.00018424064910504967,1.0,0.09605921059846878,0.0,1.0,1.0,0.0,1.0,0.0,0.0,,,,,,,,,,,,,,,,,,,0.98828125,51680.71484375,0.017578125,1.0,0.0,0.0,1
2,single,1,K,bert.encoder.layer.1.attention.self.key,0.001,31,0,1,1,0.96875,0.03125,5.379852154874243e-06,5.6259334087371826e-05,0.0003538457676768303,0.0,0.00019733562658075243,0.0,0.0,0.00016384117770940065,1.0,0.15048456192016602,0.0,1.0,1.0,0.0,1.0,0.0,0.0,,,,,,,,,,,,,,,,,,,0.98046875,75151.984375,0.03125,1.0,0.0,0.0,1
2,single,1,V,bert.encoder.layer.1.attention.self.value,0.001,31,0,1,1,0.931640625,0.068359375,6.679932994302362e-06,3.462284803390503e-05,0.00018502399325370789,0.0,0.00012388509640004486,0.0,0.0,0.00031907492666505277,1.0,0.04058236628770828,0.0,1.0,1.0,0.0,1.0,0.0,0.0,,,,,,,,,,,,,,,,,,,0.96484375,60699.96875,0.068359375,1.0,0.0,0.0,1
2,single,1,O,bert.encoder.layer.1.attention.output.dense,0.001,31,0,1,1,0.92578125,0.07421875,6.408762601495255e-06,2.970825880765915e-05,0.0002078711986541748,0.0,0.00012378543033264577,0.0,0.0,0.0003402971487957984,1.0,0.1293306201696396,0.0,1.0,1.0,0.0,1.0,0.0,0.0,,,,,,,,,,,,,,,,,,,0.951171875,58428.8046875,0.07421875,1.0,0.0,0.0,1
2,single,1,FFN1,bert.encoder.layer.1.intermediate.dense,0.001,31,0,1,1,0.962890625,0.037109375,4.870458724326454e-06,2.4638138711452484e-05,0.000302288681268692,0.0,0.00014479632955044508,0.0,0.0,0.00021364698477555066,1.0,0.09898124635219574,0.0,1.0,1.0,0.0,1.0,0.0,0.0,,,,,,,,,,,,,,,,,,,0.974609375,62788.171875,0.037109375,1.0,0.0,0.0,1
2,single,1,FFN2,bert.encoder.layer.1.output.dense,0.001,31,0,1,1,0.9765625,0.0234375,2.9693476335523883e-06,2.6829540729522705e-05,0.00020385533571243286,0.0,0.00013978066272102296,0.0,0.0,0.00018964374612551183,1.0,0.09060145169496536,0.0,1.0,1.0,0.0,1.0,0.0,0.0,,,,,,,,,,,,,,,,,,,0.984375,46840.765625,0.0234375,1.0,0.0,0.0,1
2,single,2,Q,bert.encoder.layer.2.attention.self.query,0.001,31,0,1,1,0.9765625,0.0234375,3.132151050522225e-06,7.861852645874023e-05,0.0002119801938533783,0.0,0.0001272176596103236,0.0,0.0,0.00016050213889684528,1.0,0.01965334452688694,0.0,1.0,1.0,0.0,1.0,0.0,0.0,,,,,,,,,,,,,,,,,,,0.984375,48701.89453125,0.0234375,1.0,0.0,0.0,1
2,single,2,K,bert.encoder.layer.2.attention.self.key,0.001,31,0,1,1,0.98046875,0.01953125,3.247371751058381e-06,0.0001005176454782486,0.00027010589838027954,0.0,0.00012866276665590703,0.0,0.0,0.00013626221334561706,1.0,0.01779983378946781,0.0,1.0,1.0,0.0,1.0,0.0,0.0,,,,,,,,,,,,,,,,,,,0.98828125,55549.859375,0.01953125,1.0,0.0,0.0,1
2,single,2,V,bert.encoder.layer.2.attention.self.value,0.001,31,0,1,1,0.916015625,0.083984375,6.7095870690536685e-06,3.908202052116394e-05,0.0001477561891078949,0.0,0.00011289572285022587,0.0,0.0,0.00039817308424972,1.0,0.1300990730524063,0.0,1.0,1.0,0.0,1.0,0.0,0.0,,,,,,,,,,,,,,,,,,,0.94921875,55162.16015625,0.083984375,1.0,0.0,0.0,1
2,single,2,O,bert.encoder.layer.2.attention.output.dense,0.001,31,0,1,1,0.912109375,0.087890625,7.876574272813741e-06,2.6941299438476562e-05,0.00019527971744537354,0.0,0.00013199806562624872,0.0,0.0,0.0004136590869165957,1.0,0.0784507617354393,0.0,1.0,1.0,0.0,1.0,0.0,0.0,,,,,,,,,,,,,,,,,,,0.947265625,64885.84375,0.087890625,1.0,0.0,0.0,1
2,single,2,FFN1,bert.encoder.layer.2.intermediate.dense,0.001,31,0,1,1,0.974609375,0.025390625,2.6013126444013324e-06,3.08305025100708e-05,0.00022500008344650269,0.0,0.00010237739479634911,0.0,0.0,0.00024074487737379968,1.0,-0.003829041263088584,0.0,1.0,1.0,0.0,1.0,0.0,0.0,,,,,,,,,,,,,,,,,,,0.990234375,39908.8515625,0.025390625,1.0,0.0,0.0,1
2,single,2,FFN2,bert.encoder.layer.2.output.dense,0.001,31,0,1,1,0.9765625,0.0234375,2.9125767468940467e-06,6.575882434844971e-05,0.0001653134822845459,0.0,0.0001413747959304601,0.0,0.0,0.00018192088464275002,1.0,0.12230440974235535,0.0,1.0,1.0,0.0,1.0,0.0,0.0,,,,,,,,,,,,,,,,,,,0.984375,44509.53515625,0.0234375,1.0,0.0,0.0,1
2,single,3,Q,bert.encoder.layer.3.attention.self.query,0.001,31,0,1,1,0.978515625,0.021484375,3.231634309486253e-06,2.473592758178711e-06,0.0003026910126209259,0.0,0.00015066024207044393,0.0,0.0,0.0002024435088969767,1.0,-0.008126304484903812,0.0,1.0,1.0,0.0,1.0,0.0,0.0,,,,,,,,,,,,,,,,,,,0.98828125,56196.53515625,0.021484375,1.0,0.0,0.0,1
2,single,3,K,bert.encoder.layer.3.attention.self.key,0.001,31,0,1,1,0.96484375,0.03515625,4.343428827269236e-06,2.1323561668395996e-05,0.00019445735961198807,0.0,0.00013684695295523852,0.0,0.0,0.00017270953685510904,1.0,0.01611388474702835,0.0,1.0,1.0,0.0,1.0,0.0,0.0,,,,,,,,,,,,,,,,,,,0.98046875,55270.8828125,0.03515625,1.0,0.0,0.0,1
2,single,3,V,bert.encoder.layer.3.attention.self.value,0.001,31,0,1,1,0.916015625,0.083984375,9.129173122346401e-06,1.8456950783729553e-05,0.00021580979228019714,0.0,0.00014421028026845306,0.0,0.0,0.0004528852005023509,1.0,0.02718140371143818,0.0,1.0,1.0,0.0,1.0,0.0,0.0,,,,,,,,,,,,,,,,,,,0.953125,76645.6328125,0.083984375,1.0,0.0,0.0,1
2,single,3,O,bert.encoder.layer.3.attention.output.dense,0.001,31,0,1,1,0.92578125,0.07421875,6.295883395068813e-06,3.859400749206543e-06,0.0003373362123966217,0.0,0.00010549531725700945,0.0,0.0,0.0004177164228167385,1.0,0.013021341525018215,0.0,1.0,1.0,0.0,1.0,0.0,0.0,,,,,,,,,,,,,,,,,,,0.962890625,60682.27734375,0.07421875,1.0,0.0,0.0,1
2,single,3,FFN1,bert.encoder.layer.3.intermediate.dense,0.001,31,0,1,1,0.984375,0.015625,2.7362475520931184e-06,8.363649249076843e-05,0.0003335624933242798,0.0,0.00014481735706795007,0.0,0.0,0.0003301589167676866,1.0,-0.5014172792434692,0.0,1.0,1.0,0.0,1.0,0.0,0.0,,,,,,,,,,,,,,,,,,,0.9921875,53287.046875,0.015625,1.0,0.0,0.0,1
2,single,3,FFN2,bert.encoder.layer.3.output.dense,0.001,31,0,1,1,0.986328125,0.013671875,2.4154544462362537e-06,8.026545401662588e-07,0.00048005208373069763,0.0,7.4892355769407e-05,0.0,0.0,0.00019358869758434594,1.0,0.033491261303424835,0.0,1.0,1.0,0.0,1.0,0.0,0.0,,,,,,,,,,,,,,,,,,,0.990234375,59418.1640625,0.013671875,1.0,0.0,0.0,1
2,single,4,Q,bert.encoder.layer.4.attention.self.query,0.001,31,0,1,1,0.95703125,0.04296875,6.180579930514796e-06,5.038827657699585e-05,0.00034129247069358826,0.0,0.00016305266763083637,0.0,0.0,0.0002144660393241793,1.0,0.10430062562227249,0.0,1.0,1.0,0.0,1.0,0.0,0.0,,,,,,,,,,,,,,,,,,,0.974609375,72828.6953125,0.04296875,1.0,0.0,0.0,1
2,single,4,K,bert.encoder.layer.4.attention.self.key,0.001,31,0,1,1,0.966796875,0.033203125,4.3822769839607645e-06,1.7136335372924805e-05,0.00022605061531066895,0.0,0.00014914845814928412,0.0,0.0,0.00017846679838839918,1.0,-0.014179441146552563,0.0,1.0,1.0,0.0,1.0,0.0,0.0,,,,,,,,,,,,,,,,,,,0.982421875,58632.94921875,0.033203125,1.0,0.0,0.0,1
2,single,4,V,bert.encoder.layer.4.attention.self.value,0.001,31,0,1,1,0.9609375,0.0390625,4.010819338873262e-06,4.5865774154663086e-05,0.00014255056157708168,0.0,0.0001237627147929743,0.0,0.0,0.0003682670649141073,1.0,0.04623512923717499,0.0,1.0,1.0,0.0,1.0,0.0,0.0,,,,,,,,,,,,,,,,,,,0.974609375,47594.3515625,0.0390625,1.0,0.0,0.0,1
2,single,4,O,bert.encoder.layer.4.attention.output.dense,0.001,31,0,1,1,0.9453125,0.0546875,5.868119387741899e-06,7.331371307373047e-06,0.00022853165864944458,0.0,0.000153702509123832,0.0,0.0,0.0004437649331521243,1.0,0.06157774105668068,0.0,1.0,1.0,0.0,1.0,0.0,0.0,,,,,,,,,,,,,,,,,,,0.966796875,62675.84375,0.0546875,1.0,0.0,0.0,1
2,single,4,FFN1,bert.encoder.layer.4.intermediate.dense,0.001,31,0,1,1,0.96484375,0.03515625,3.958289198635612e-06,4.4912099838256836e-05,0.0002445979043841362,0.0,0.00013891384878661484,0.0,0.0,0.00025446759536862373,1.0,0.08490735292434692,0.0,1.0,1.0,0.0,1.0,0.0,0.0,,,,,,,,,,,,,,,,,,,0.974609375,52118.35546875,0.03515625,1.0,0.0,0.0,1
2,single,4,FFN2,bert.encoder.layer.4.output.dense,0.001,31,0,1,1,0.994140625,0.005859375,8.147571861627512e-07,0.00012537790462374687,0.00016469135880470276,0.0,0.0,0.0,0.0,0.00021605388610623777,1.0,0.031010884791612625,0.0,1.0,1.0,0.0,1.0,0.0,0.0,,,,,,,,,,,,,,,,,,,0.99609375,24288.64453125,0.005859375,0.0,0.0,0.0,1
2,single,5,Q,bert.encoder.layer.5.attention.self.query,0.001,31,0,1,1,0.970703125,0.029296875,4.173811248620041e-06,0.00010110251605510712,0.00021358951926231384,0.0,0.00015083533071447164,0.0,0.0,0.0002066164743155241,1.0,0.09033666551113129,0.0,1.0,1.0,0.0,1.0,0.0,0.0,,,,,,,,,,,,,,,,,,,0.978515625,56420.40234375,0.029296875,1.0,0.0,0.0,1
2,single,5,K,bert.encoder.layer.5.attention.self.key,0.001,31,0,1,1,0.98046875,0.01953125,2.8249087336007506e-06,3.657490015029907e-05,0.0002400614321231842,0.0,0.0001510903239250183,0.0,0.0,0.00020239145669620484,1.0,0.04195554926991463,0.0,1.0,1.0,0.0,1.0,0.0,0.0,,,,,,,,,,,,,,,,,,,0.990234375,49106.31640625,0.01953125,1.0,0.0,0.0,1
2,single,5,V,bert.encoder.layer.5.attention.self.value,0.001,31,0,1,1,0.95703125,0.04296875,5.466991751745809e-06,3.129243850708008e-05,0.0002211621031165123,0.0,0.00016033256542868912,0.0,0.0,0.00038597226375713944,1.0,-0.022261684760451317,0.0,1.0,1.0,0.0,1.0,0.0,0.0,,,,,,,,,,,,,,,,,,,0.986328125,63515.67578125,0.04296875,1.0,0.0,0.0,1
2,single,5,O,bert.encoder.layer.5.attention.output.dense,0.001,31,0,1,1,0.966796875,0.033203125,2.920045517385006e-06,3.228895366191864e-05,0.00012867338955402374,0.0,9.940237941918895e-05,0.0,0.0,0.00042919485713355243,1.0,-0.002592499600723386,0.0,1.0,1.0,0.0,1.0,0.0,0.0,,,,,,,,,,,,,,,,,,,0.98046875,37653.59375,0.033203125,1.0,0.0,0.0,1
2,single,5,FFN1,bert.encoder.layer.5.intermediate.dense,0.001,31,0,1,1,0.974609375,0.025390625,2.9600560083054006e-06,5.445629358291626e-05,0.00016758963465690613,0.0,0.00013139568909537047,0.0,0.0,0.0002734111621975899,1.0,-0.0376218743622303,0.0,1.0,1.0,0.0,1.0,0.0,0.0,,,,,,,,,,,,,,,,,,,0.990234375,44441.10546875,0.025390625,1.0,0.0,0.0,1
2,single,5,FFN2,bert.encoder.layer.5.output.dense,0.001,31,0,1,1,0.970703125,0.029296875,4.588543561112601e-06,6.739050149917603e-05,0.0003247056156396866,0.0,0.0001522888633189723,0.0,0.0,0.0002363633393542841,1.0,0.0006694462499581277,0.0,1.0,1.0,0.0,1.0,0.0,0.0,,,,,,,,,,,,,,,,,,,0.982421875,65683.265625,0.029296875,1.0,0.0,0.0,1
2,single,6,Q,bert.encoder.layer.6.attention.self.query,0.001,31,0,1,1,0.98046875,0.01953125,2.694451040952117e-06,4.345923662185669e-05,0.00024343281984329224,0.0,0.00012712515308521688,0.0,0.0,0.00020323344506323338,1.0,-0.037961553782224655,0.0,1.0,1.0,0.0,1.0,0.0,0.0,,,,,,,,,,,,,,,,,,,0.98828125,47630.33203125,0.01953125,1.0,0.0,0.0,1
2,single,6,K,bert.encoder.layer.6.attention.self.key,0.001,31,0,1,1,0.96484375,0.03515625,4.023297151434235e-06,3.73348593711853e-05,0.00022488273680210114,0.0,0.0001332456449745223,0.0,0.0,0.00021639071928802878,1.0,0.06495048105716705,0.0,1.0,1.0,0.0,1.0,0.0,0.0,,,,,,,,,,,,,,,,,,,0.978515625,52003.08984375,0.03515625,1.0,0.0,0.0,1
2,single,6,V,bert.encoder.layer.6.attention.self.value,0.001,31,0,1,1,0.939453125,0.060546875,6.888757525302935e-06,2.823770046234131e-05,0.00036369264125823975,0.0,0.00013579970982391387,0.0,0.0,0.0005998061969876289,1.0,0.04845139756798744,0.0,1.0,1.0,0.0,1.0,0.0,0.0,,,,,,,,,,,,,,,,,,,0.962890625,72628.515625,0.060546875,1.0,0.0,0.0,1
2,single,6,O,bert.encoder.layer.6.attention.output.dense,0.001,31,0,1,1,0.931640625,0.068359375,7.089583050401416e-06,2.228468656539917e-05,0.00018884241580963135,0.0,0.00015297054778784513,0.0,0.0,0.0005131252110004425,1.0,0.029007742181420326,0.0,1.0,1.0,0.0,1.0,0.0,0.0,,,,,,,,,,,,,,,,,,,0.96484375,65580.1875,0.068359375,1.0,0.0,0.0,1
2,single,6,FFN1,bert.encoder.layer.6.intermediate.dense,0.001,31,0,1,1,0.974609375,0.025390625,2.7965506887994707e-06,5.034543573856354e-05,0.00021239370107650757,0.0,0.00011038117372663692,0.0,0.0,0.0003213600430171937,1.0,0.16524282097816467,0.0,1.0,1.0,0.0,1.0,0.0,0.0,,,,,,,,,,,,,,,,,,,0.986328125,44105.55859375,0.025390625,1.0,0.0,0.0,1
2,single,6,FFN2,bert.encoder.layer.6.output.dense,0.001,31,0,1,1,0.98828125,0.01171875,1.5915347830741666e-06,9.87793318927288e-05,0.00017917156219482422,0.0,8.791505388217047e-05,0.0,0.0,0.0002632151881698519,1.0,-0.026480980217456818,0.0,1.0,1.0,0.0,1.0,0.0,0.0,,,,,,,,,,,,,,,,,,,0.99609375,33885.96484375,0.01171875,0.8900146484375,0.0,0.0,1
2,single,7,Q,bert.encoder.layer.7.attention.self.query,0.001,31,0,1,1,0.9765625,0.0234375,3.4539289117674343e-06,5.7987868785858154e-05,0.00022070109844207764,0.0,0.0001506659755250439,0.0,0.0,0.0001787687069736421,1.0,-0.02017286978662014,0.0,1.0,1.0,0.0,1.0,0.0,0.0,,,,,,,,,,,,,,,,,,,0.990234375,53496.640625,0.0234375,1.0,0.0,0.0,1
2,single,7,K,bert.encoder.layer.7.attention.self.key,0.001,31,0,1,1,0.978515625,0.021484375,2.9088405426591635e-06,8.662417531013489e-05,0.00017665326595306396,0.0,0.0001325628545600921,0.0,0.0,0.00020062309340573847,1.0,0.051631491631269455,0.0,1.0,1.0,0.0,1.0,0.0,0.0,,,,,,,,,,,,,,,,,,,0.990234375,45604.5546875,0.021484375,1.0,0.0,0.0,1
2,single,7,V,bert.encoder.layer.7.attention.self.value,0.001,31,0,1,1,0.93359375,0.06640625,7.199239007604774e-06,2.5842338800430298e-05,0.00019356608390808105,0.0,0.00015215422899927944,0.0,0.0,0.0005312719149515033,1.0,0.1476980447769165,0.0,1.0,1.0,0.0,1.0,0.0,0.0,,,,,,,,,,,,,,,,,,,0.962890625,68015.4375,0.06640625,1.0,0.0,0.0,1
2,single,7,O,bert.encoder.layer.7.attention.output.dense,0.001,31,0,1,1,0.94140625,0.05859375,6.229857717698906e-06,4.981830716133118e-05,0.0002056807279586792,0.0,0.00013189445598982275,0.0,0.0,0.000528956763446331,1.0,-0.004290046636015177,0.0,1.0,1.0,0.0,1.0,0.0,0.0,,,,,,,,,,,,,,,,,,,0.9765625,61727.54296875,0.05859375,1.0,0.0,0.0,1
2,single,7,FFN1,bert.encoder.layer.7.intermediate.dense,0.001,31,0,1,1,0.9765625,0.0234375,2.291490091010928e-06,1.3189855962991714e-05,0.00015038996934890747,0.0,0.00011822670057881624,0.0,0.0,0.0003390530473552644,1.0,0.03886962682008743,0.0,1.0,1.0,0.0,1.0,0.0,0.0,,,,,,,,,,,,,,,,,,,0.984375,37442.01953125,0.0234375,1.0,0.0,0.0,1
2,single,7,FFN2,bert.encoder.layer.7.output.dense,0.001,31,0,1,1,0.962890625,0.037109375,5.603136742138304e-06,5.036592483520508e-05,0.00022733956575393677,0.0,0.00017572924843989313,0.0,0.0,0.00032119458774104714,1.0,0.06374336034059525,0.0,1.0,1.0,0.0,1.0,0.0,0.0,,,,,,,,,,,,,,,,,,,0.970703125,68596.7265625,0.037109375,1.0,0.0,0.0,1
2,single,8,Q,bert.encoder.layer.8.attention.self.query,0.001,31,0,1,1,0.9765625,0.0234375,2.9331204132176936e-06,3.962963819503784e-05,0.00017951312474906445,0.0,0.00012826953025069088,0.0,0.0,0.0003229707363061607,1.0,-0.06966518610715866,0.0,1.0,1.0,0.0,1.0,0.0,0.0,,,,,,,,,,,,,,,,,,,0.986328125,45326.01953125,0.0234375,1.0,0.0,0.0,1
2,single,8,K,bert.encoder.layer.8.attention.self.key,0.001,31,0,1,1,0.966796875,0.033203125,4.996275492885616e-06,3.7476420402526855e-05,0.00025013089179992676,0.0,0.00017869722796604037,0.0,0.0,0.0002632102696225047,1.0,0.11752701550722122,0.0,1.0,1.0,0.0,1.0,0.0,0.0,,,,,,,,,,,,,,,,,,,0.978515625,65884.6953125,0.033203125,1.0,0.0,0.0,1
2,single,8,V,bert.encoder.layer.8.attention.self.value,0.001,31,0,1,1,0.9609375,0.0390625,3.9880333133623935e-06,6.378814578056335e-05,0.00016028806567192078,0.0,0.00011518356041051447,0.0,0.0,0.0004980172961950302,1.0,0.15138140320777893,0.0,1.0,1.0,0.0,1.0,0.0,0.0,,,,,,,,,,,,,,,,,,,0.96875,47018.34375,0.0390625,1.0,0.0,0.0,1
2,single,8,O,bert.encoder.layer.8.attention.output.dense,0.001,31,0,1,1,0.947265625,0.052734375,5.694041192327859e-06,5.634874105453491e-05,0.00016322731971740723,0.0,0.00012580573093146086,0.0,0.0,0.000539979781024158,1.0,0.07920711487531662,0.0,1.0,1.0,0.0,1.0,0.0,0.0,,,,,,,,,,,,,,,,,,,0.96875,57869.6953125,0.052734375,1.0,0.0,0.0,1
2,single,8,FFN1,bert.encoder.layer.8.intermediate.dense,0.001,31,0,1,1,0.966796875,0.033203125,3.824522991635604e-06,7.638335227966309e-05,0.00017759017646312714,0.0,0.00012733414769172668,0.0,0.0,0.00033707221155054867,1.0,0.07081013172864914,0.0,1.0,1.0,0.0,1.0,0.0,0.0,,,,,,,,,,,,,,,,,,,0.982421875,49438.70703125,0.033203125,1.0,0.0,0.0,1
2,single,8,FFN2,bert.encoder.layer.8.output.dense,0.001,31,0,1,1,0.970703125,0.029296875,4.358878413768252e-06,6.822310388088226e-05,0.00028809159994125366,0.0,0.00016286039317492396,0.0,0.0,0.0003108358650933951,1.0,0.0270332470536232,0.0,1.0,1.0,0.0,1.0,0.0,0.0,,,,,,,,,,,,,,,,,,,0.98046875,60946.015625,0.029296875,1.0,0.0,0.0,1
2,single,9,Q,bert.encoder.layer.9.attention.self.query,0.001,31,0,1,1,0.994140625,0.005859375,7.178095984272659e-07,7.296353578567505e-05,0.00019684433937072754,0.0,0.0,0.0,0.0,0.00029212553636170924,1.0,0.012125709094107151,0.0,1.0,1.0,0.0,1.0,0.0,0.0,,,,,,,,,,,,,,,,,,,0.99609375,23155.720703125,0.005859375,0.0,0.0,0.0,1
2,single,9,K,bert.encoder.layer.9.attention.self.key,0.001,31,0,1,1,0.98046875,0.01953125,3.0651190172648057e-06,0.00010110437870025635,0.00029095448553562164,0.0,0.00013758093700744212,0.0,0.0,0.00022177031496539712,1.0,-0.03651615232229233,0.0,1.0,1.0,0.0,1.0,0.0,0.0,,,,,,,,,,,,,,,,,,,0.990234375,52292.94921875,0.01953125,1.0,0.0,0.0,1
2,single,9,V,bert.encoder.layer.9.attention.self.value,0.001,31,0,1,1,0.951171875,0.048828125,4.97688142786501e-06,3.439188003540039e-05,0.00021869689226150513,0.0,0.00013562080857809633,0.0,0.0,0.0005371198058128357,1.0,0.055923134088516235,0.0,1.0,1.0,0.0,1.0,0.0,0.0,,,,,,,,,,,,,,,,,,,0.970703125,55029.09765625,0.048828125,1.0,0.0,0.0,1
2,single,9,O,bert.encoder.layer.9.attention.output.dense,0.001,31,0,1,1,0.935546875,0.064453125,6.834940904809628e-06,3.2667070627212524e-05,0.00018537789583206177,0.0,0.00012842750584241003,0.0,0.0,0.0005822230596095324,1.0,-0.036894749850034714,0.0,1.0,1.0,0.0,1.0,0.0,0.0,,,,,,,,,,,,,,,,,,,0.970703125,63894.6953125,0.064453125,1.0,0.0,0.0,1
2,single,9,FFN1,bert.encoder.layer.9.intermediate.dense,0.001,31,0,1,1,0.986328125,0.013671875,1.785454514902085e-06,2.6419758796691895e-05,0.0001745373010635376,0.0,0.00011583054583752528,0.0,0.0,0.00027553297695703804,1.0,0.06014536693692207,0.0,1.0,1.0,0.0,1.0,0.0,0.0,,,,,,,,,,,,,,,,,,,0.990234375,36611.0,0.013671875,1.0,0.0,0.0,1
2,single,9,FFN2,bert.encoder.layer.9.output.dense,0.001,31,0,1,1,0.982421875,0.017578125,2.5733538677741308e-06,3.750994801521301e-05,0.00022310763597488403,0.0,0.0001409543474437669,0.0,0.0,0.0002856199280358851,1.0,0.015089436434209347,0.0,1.0,1.0,0.0,1.0,0.0,0.0,,,,,,,,,,,,,,,,,,,0.9921875,47125.39453125,0.017578125,1.0,0.0,0.0,1
2,single,10,Q,bert.encoder.layer.10.attention.self.query,0.001,31,0,1,1,0.990234375,0.009765625,1.346892531728372e-06,5.7056546211242676e-05,0.0002346336841583252,0.0,0.0,0.0,0.0,0.0002347023691982031,1.0,0.00937971007078886,0.0,1.0,1.0,0.0,1.0,0.0,0.0,,,,,,,,,,,,,,,,,,,0.994140625,33969.44921875,0.009765625,0.0,0.0,0.0,1
2,single,10,K,bert.encoder.layer.10.attention.self.key,0.001,31,0,1,1,0.982421875,0.017578125,2.6393136067781597e-06,7.838010787963867e-06,0.0002609342336654663,0.0,0.00011838317004730925,0.0,0.0,0.0002069920883513987,1.0,0.06665527075529099,0.0,1.0,1.0,0.0,1.0,0.0,0.0,,,,,,,,,,,,,,,,,,,0.990234375,50648.64453125,0.017578125,1.0,0.0,0.0,1
2,single,10,V,bert.encoder.layer.10.attention.self.value,0.001,31,0,1,1,0.953125,0.046875,5.1032184273935854e-06,3.0077993869781494e-05,0.0001793745905160904,0.0,0.00013451579434331506,0.0,0.0,0.00043137933243997395,1.0,-0.12264211475849152,0.0,1.0,1.0,0.0,1.0,0.0,0.0,,,,,,,,,,,,,,,,,,,0.974609375,56167.2109375,0.046875,1.0,0.0,0.0,1
2,single,10,O,bert.encoder.layer.10.attention.output.dense,0.001,31,0,1,1,0.970703125,0.029296875,2.4867949832696468e-06,2.6732683181762695e-05,0.0001591816544532776,0.0,9.417341789230704e-05,0.0,0.0,0.0004472545988392085,1.0,0.17350561916828156,0.0,1.0,1.0,0.0,1.0,0.0,0.0,,,,,,,,,,,,,,,,,,,0.98046875,36361.7265625,0.029296875,1.0,0.0,0.0,1
2,single,10,FFN1,bert.encoder.layer.10.intermediate.dense,0.001,31,0,1,1,0.984375,0.015625,1.945035364769865e-06,3.6463141441345215e-05,0.00015868805348873138,0.0,0.00012498139403760433,0.0,0.0,0.0002942252904176712,1.0,0.004177610389888287,0.0,1.0,1.0,0.0,1.0,0.0,0.0,,,,,,,,,,,,,,,,,,,0.9921875,36816.6328125,0.015625,1.0,0.0,0.0,1
2,single,10,FFN2,bert.encoder.layer.10.output.dense,0.001,31,0,1,1,0.970703125,0.029296875,3.374897914909525e-06,5.032867193222046e-05,0.0001558549702167511,0.0,0.00012670824071392417,0.0,0.0,0.00029072575853206217,1.0,0.1261638104915619,0.0,1.0,1.0,0.0,1.0,0.0,0.0,,,,,,,,,,,,,,,,,,,0.974609375,46253.09375,0.029296875,1.0,0.0,0.0,1
2,single,11,Q,bert.encoder.layer.11.attention.self.query,0.001,31,0,1,1,0.9921875,0.0078125,1.0620747161738109e-06,8.285418152809143e-05,0.00023157894611358643,0.0,0.0,0.0,0.0,0.00024736716295592487,1.0,0.05830153077840805,0.0,1.0,1.0,0.0,1.0,0.0,0.0,,,,,,,,,,,,,,,,,,,0.994140625,29574.59375,0.0078125,0.0,0.0,0.0,1
2,single,11,K,bert.encoder.layer.11.attention.self.key,0.001,31,0,1,1,0.984375,0.015625,2.7613875772658503e-06,0.00011662021279335022,0.00020699575543403625,0.0,0.00016302104631904513,0.0,0.0,0.0001962711103260517,1.0,0.10500627756118774,0.0,1.0,1.0,0.0,1.0,0.0,0.0,,,,,,,,,,,,,,,,,,,0.9921875,50847.69140625,0.015625,1.0,0.0,0.0,1
2,single,11,V,bert.encoder.layer.11.attention.self.value,0.001,31,0,1,1,0.978515625,0.021484375,2.854190370271681e-06,9.093433618545532e-05,0.00021513551473617554,0.0,0.00011978077236562967,0.0,0.0,0.0004286138864699751,1.0,0.2196788787841797,0.0,1.0,1.0,0.0,1.0,0.0,0.0,,,,,,,,,,,,,,,,,,,0.984375,46195.74609375,0.021484375,1.0,0.0,0.0,1
2,single,11,O,bert.encoder.layer.11.attention.output.dense,0.001,31,0,1,1,0.9609375,0.0390625,4.826992153539322e-06,4.8473477363586426e-05,0.00023185228928923607,0.0,0.00014515141083393246,0.0,0.0,0.0004894428420811892,1.0,0.06917490810155869,0.0,1.0,1.0,0.0,1.0,0.0,0.0,,,,,,,,,,,,,,,,,,,0.978515625,59030.078125,0.0390625,1.0,0.0,0.0,1
2,single,11,FFN1,bert.encoder.layer.11.intermediate.dense,0.001,31,0,1,1,0.984375,0.015625,1.972690824914025e-06,1.2091826647520065e-05,0.00019003450870513916,0.0,0.00011740557238226756,0.0,0.0,0.0003649614518508315,1.0,0.0705425888299942,0.0,1.0,1.0,0.0,1.0,0.0,0.0,,,,,,,,,,,,,,,,,,,0.994140625,38627.20703125,0.015625,1.0,0.0,0.0,1
2,single,11,FFN2,bert.encoder.layer.11.output.dense,0.001,31,0,1,1,0.970703125,0.029296875,3.423471525820787e-06,5.6438148021698e-05,0.00019153207540512085,0.0,0.00012762771802954376,0.0,0.001953125,0.00032741291215643287,1.0,-0.019415760412812233,0.0,1.0,1.0,0.0,1.0,0.0,0.0,,,,,,,,,,,,,,,,,,,0.98828125,47615.75390625,0.029296875,1.0,0.0,0.0,1
3,single,0,Q,bert.encoder.layer.0.attention.self.query,0.001,31,0,1,1,0.984375,0.015625,2.026963557000272e-06,5.587935447692871e-05,0.00018023326992988586,0.0,0.00011441113019827753,0.0,0.0,0.00013940123608335853,1.0,0.026375435292720795,0.0,1.0,1.0,0.0,1.0,0.0,0.0,,,,,,,,,,,,,,,,,,,0.986328125,38058.91015625,0.015625,1.0,0.0,0.0,1
3,single,0,K,bert.encoder.layer.0.attention.self.key,0.001,31,0,1,1,0.978515625,0.021484375,3.084355739702005e-06,5.696341395378113e-05,0.00030568940564990044,0.0,0.00012634297308977693,0.0,0.0,0.00013452355051413178,1.0,-0.14212724566459656,0.0,1.0,1.0,0.0,1.0,0.0,0.0,,,,,,,,,,,,,,,,,,,0.9921875,52185.42578125,0.021484375,1.0,0.0,0.0,1
3,single,0,V,bert.encoder.layer.0.attention.self.value,0.001,31,0,1,1,0.921875,0.078125,7.448710221069632e-06,2.0638108253479004e-06,0.00023293495178222656,0.0,0.00013274601951707155,0.0,0.0,0.00032460028887726367,1.0,0.08240751922130585,0.0,1.0,1.0,0.0,1.0,0.0,0.0,,,,,,,,,,,,,,,,,,,0.966796875,66402.65625,0.078125,1.0,0.0,0.0,1
3,single,0,O,bert.encoder.layer.0.attention.output.dense,0.001,31,0,1,1,0.9296875,0.0703125,5.488781425810885e-06,2.5019049644470215e-05,0.0001318417489528656,0.0,0.00010810801904881373,0.0,0.0,0.00037875055568292737,1.0,0.026343444362282753,0.0,1.0,1.0,0.0,1.0,0.0,0.0,,,,,,,,,,,,,,,,,,,0.96484375,49732.31640625,0.0703125,1.0,0.0,0.0,1
3,single,0,FFN1,bert.encoder.layer.0.intermediate.dense,0.001,31,0,1,1,0.96875,0.03125,3.506243047013413e-06,3.9793550968170166e-05,0.00019581615924835205,0.0,0.0001341289171250537,0.0,0.0,0.00025805330369621515,1.0,-0.0689764991402626,0.0,1.0,1.0,0.0,1.0,0.0,0.0,,,,,,,,,,,,,,,,,,,0.98828125,47951.23828125,0.03125,1.0,0.0,0.0,1
3,single,0,FFN2,bert.encoder.layer.0.output.dense,0.001,31,0,1,1,0.974609375,0.025390625,3.4610407055879477e-06,7.969699800014496e-05,0.00023575127124786377,0.0,0.0001402944908477366,0.0,0.0,0.00020376444444991648,1.0,0.016782131046056747,0.0,1.0,1.0,0.0,1.0,0.0,0.0,,,,,,,,,,,,,,,,,,,0.986328125,51264.07421875,0.025390625,1.0,0.0,0.0,1
3,single,1,Q,bert.encoder.layer.1.attention.self.query,0.001,31,0,1,1,0.97265625,0.02734375,3.9745596041029785e-06,8.138827979564667e-05,0.0002882629632949829,0.0,0.00014459660451393574,0.0,0.0,0.0002916005614679307,1.0,0.025986189022660255,0.0,1.0,1.0,0.0,1.0,0.0,0.0,,,,,,,,,,,,,,,,,,,0.98828125,57465.34375,0.02734375,1.0,0.0,0.0,1
3,single,1,K,bert.encoder.layer.1.attention.self.key,0.001,31,0,1,1,0.9765625,0.0234375,3.5226084946771152e-06,9.638629853725433e-05,0.00022252928465604782,0.0,0.000147472761454992,0.0,0.0,0.000198873458430171,1.0,0.09590442478656769,0.0,1.0,1.0,0.0,1.0,0.0,0.0,,,,,,,,,,,,,,,,,,,0.982421875,53597.18359375,0.0234375,1.0,0.0,0.0,1
3,single,1,V,bert.encoder.layer.1.attention.self.value,0.001,31,0,1,1,0.953125,0.046875,4.061571416968945e-06,2.831965684890747e-05,0.00017538294196128845,0.0,0.00011197285493835807,0.0,0.0,0.00035029163700528443,1.0,-0.008743064478039742,0.0,1.0,1.0,0.0,1.0,0.0,0.0,,,,,,,,,,,,,,,,,,,0.974609375,46635.24609375,0.046875,1.0,0.0,0.0,1
3,single,1,O,bert.encoder.layer.1.attention.output.dense,0.001,31,0,1,1,0.923828125,0.076171875,6.805387783970218e-06,5.684792995452881e-06,0.00018331874161958694,0.0,0.00014218765136320144,0.0,0.0,0.0004025916277896613,1.0,0.021916216239333153,0.0,1.0,1.0,0.0,1.0,0.0,0.0,,,,,,,,,,,,,,,,,,,0.962890625,61518.63671875,0.076171875,1.0,0.0,0.0,1
3,single,1,FFN1,bert.encoder.layer.1.intermediate.dense,0.001,31,0,1,1,0.96875,0.03125,3.5154021134076174e-06,4.2168423533439636e-05,0.0002217455767095089,0.0,0.0001249394699698314,0.0,0.0,0.00033062760485336185,1.0,0.07963861525058746,0.0,1.0,1.0,0.0,1.0,0.0,0.0,,,,,,,,,,,,,,,,,,,0.984375,48309.3359375,0.03125,1.0,0.0,0.0,1
3,single,1,FFN2,bert.encoder.layer.1.output.dense,0.001,31,0,1,1,0.984375,0.015625,2.0747047528857365e-06,7.388368248939514e-05,0.0003288388252258301,0.0,8.787761180428788e-05,0.0,0.0,0.0002091362257488072,1.0,0.05775958672165871,0.0,1.0,1.0,0.0,1.0,0.0,0.0,,,,,,,,,,,,,,,,,,,0.98828125,43629.0625,0.015625,1.0,0.0,0.0,1
3,single,2,Q,bert.encoder.layer.2.attention.self.query,0.001,31,0,1,1,0.966796875,0.033203125,4.310270469431998e-06,4.6625733375549316e-05,0.00020744837820529938,0.0,0.0001442100474378094,0.0,0.0,0.00018470032955519855,1.0,-0.04151313751935959,0.0,1.0,1.0,0.0,1.0,0.0,0.0,,,,,,,,,,,,,,,,,,,0.984375,56110.45703125,0.033203125,1.0,0.0,0.0,1
3,single,2,K,bert.encoder.layer.2.attention.self.key,0.001,31,0,1,1,0.9765625,0.0234375,3.2778380045783706e-06,5.5827200412750244e-05,0.00019411742687225342,0.0,0.00015686768165323883,0.0,0.0,0.00014939188258722425,1.0,0.022372223436832428,0.0,1.0,1.0,0.0,1.0,0.0,0.0,,,,,,,,,,,,,,,,,,,0.986328125,49994.53515625,0.0234375,1.0,0.0,0.0,1
3,single,2,V,bert.encoder.layer.2.attention.self.value,0.001,31,0,1,1,0.92578125,0.07421875,6.192802175064571e-06,1.3223383575677872e-05,0.00017294660210609436,0.0,0.00013047961692791432,0.0,0.0,0.0004368745721876621,1.0,0.06866393238306046,0.0,1.0,1.0,0.0,1.0,0.0,0.0,,,,,,,,,,,,,,,,,,,0.955078125,57413.94140625,0.07421875,1.0,0.0,0.0,1
3,single,2,O,bert.encoder.layer.2.attention.output.dense,0.001,31,0,1,1,0.90234375,0.09765625,8.480356882500928e-06,2.0235776901245117e-05,0.00020391307771205902,0.0,0.00012428060290403664,0.0,0.0,0.0004960289224982262,1.0,-0.018432985991239548,0.0,1.0,1.0,0.0,1.0,0.0,0.0,,,,,,,,,,,,,,,,,,,0.9453125,67330.1015625,0.09765625,1.0,0.0,0.0,1
3,single,2,FFN1,bert.encoder.layer.2.intermediate.dense,0.001,31,0,1,1,0.98046875,0.01953125,1.942291419254616e-06,2.004578709602356e-05,0.00013675913214683533,0.0,0.00011643249308690429,0.0,0.0,0.00025928212562575936,1.0,-0.07436543703079224,0.0,1.0,1.0,0.0,1.0,0.0,0.0,,,,,,,,,,,,,,,,,,,0.990234375,33602.91796875,0.01953125,1.0,0.0,0.0,1
3,single,2,FFN2,bert.encoder.layer.2.output.dense,0.001,31,0,1,1,0.982421875,0.017578125,2.7670394047163427e-06,0.00011459179222583771,0.00023472309112548828,0.0,0.00013814428530167788,0.0,0.0,0.00021026827744208276,1.0,-0.09710785746574402,0.0,1.0,1.0,0.0,1.0,0.0,0.0,,,,,,,,,,,,,,,,,,,0.99609375,48339.26953125,0.017578125,1.0,0.0,0.0,1
3,single,3,Q,bert.encoder.layer.3.attention.self.query,0.001,31,0,1,1,0.96875,0.03125,4.634469405573327e-06,7.503479719161987e-05,0.00034643709659576416,0.0,0.0001637651294004172,0.0,0.0,0.00021738934447057545,1.0,0.2852979004383087,0.0,1.0,1.0,0.0,1.0,0.0,0.0,,,,,,,,,,,,,,,,,,,0.978515625,64327.8359375,0.03125,1.0,0.0,0.0,1
3,single,3,K,bert.encoder.layer.3.attention.self.key,0.001,31,0,1,1,0.97265625,0.02734375,4.272930254956009e-06,6.455555558204651e-05,0.0002300068736076355,0.0,0.00018030169303528965,0.0,0.0,0.00018579690367914736,1.0,0.041228633373975754,0.0,1.0,1.0,0.0,1.0,0.0,0.0,,,,,,,,,,,,,,,,,,,0.984375,61047.08203125,0.02734375,1.0,0.0,0.0,1
3,single,3,V,bert.encoder.layer.3.attention.self.value,0.001,31,0,1,1,0.94140625,0.05859375,5.491814590641297e-06,2.4502165615558624e-05,0.00015977025032043457,0.0,0.00011895006173290312,0.0,0.0,0.00045116941328160465,1.0,0.1281142234802246,0.0,1.0,1.0,0.0,1.0,0.0,0.0,,,,,,,,,,,,,,,,,,,0.966796875,54366.69921875,0.05859375,1.0,0.0,0.0,1
3,single,3,O,bert.encoder.layer.3.attention.output.dense,0.001,31,0,1,1,0.908203125,0.091796875,8.010545570868999e-06,3.859400749206543e-06,0.00023335963487625122,0.0,0.00012681807857006788,0.0,0.0,0.0005195175763219595,1.0,0.07457553595304489,0.0,1.0,1.0,0.0,1.0,0.0,0.0,,,,,,,,,,,,,,,,,,,0.955078125,67260.4453125,0.091796875,1.0,0.0,0.0,1
3,single,3,FFN1,bert.encoder.layer.3.intermediate.dense,0.001,31,0,1,1,0.966796875,0.033203125,4.0800919123284984e-06,1.6703852452337742e-06,0.0002861153334379196,0.0,0.0001302637974731624,0.0,0.0,0.0003090453683398664,1.0,-0.22150671482086182,0.0,1.0,1.0,0.0,1.0,0.0,0.0,,,,,,,,,,,,,,,,,,,0.98828125,57334.3359375,0.033203125,1.0,0.0,0.0,1
3,single,3,FFN2,bert.encoder.layer.3.output.dense,0.001,31,0,1,1,0.98046875,0.01953125,2.1742453100159764e-06,4.372745752334595e-05,0.00015539862215518951,0.0,0.00011952384375035763,0.0,0.0,0.00023229504586197436,1.0,0.06639034301042557,0.0,1.0,1.0,0.0,1.0,0.0,0.0,,,,,,,,,,,,,,,,,,,0.984375,37042.25390625,0.01953125,1.0,0.0,0.0,1
3,single,4,Q,bert.encoder.layer.4.attention.self.query,0.001,31,0,1,1,0.97265625,0.02734375,3.5187908906664234e-06,1.6137957572937012e-05,0.0002489611506462097,0.0,0.00014531685155816376,0.0,0.0,0.0002507795870769769,1.0,0.1193622574210167,0.0,1.0,1.0,0.0,1.0,0.0,0.0,,,,,,,,,,,,,,,,,,,0.984375,52506.02734375,0.02734375,1.0,0.0,0.0,1
3,single,4,K,bert.encoder.layer.4.attention.self.key,0.001,31,0,1,1,0.96875,0.03125,3.821214704657905e-06,3.907829523086548e-05,0.00020207837224006653,0.0,0.0001283055025851354,0.0,0.0,0.00020499914535321295,1.0,-0.07914450764656067,0.0,1.0,1.0,0.0,1.0,0.0,0.0,,,,,,,,,,,,,,,,,,,0.982421875,51478.62109375,0.03125,1.0,0.0,0.0,1
3,single,4,V,bert.encoder.layer.4.attention.self.value,0.001,31,0,1,1,0.93359375,0.06640625,7.689046469749883e-06,2.024322748184204e-05,0.00019524246454238892,0.0,0.00016809657972771674,0.0,0.0,0.0004197058151476085,1.0,0.07612332701683044,0.0,1.0,1.0,0.0,1.0,0.0,0.0,,,,,,,,,,,,,,,,,,,0.95703125,72582.3125,0.06640625,1.0,0.0,0.0,1
3,single,4,O,bert.encoder.layer.4.attention.output.dense,0.001,31,0,1,1,0.935546875,0.064453125,5.576985131483525e-06,8.005183190107346e-06,0.00019263476133346558,0.0,0.00012431986397132277,0.0,0.0,0.00046869367361068726,1.0,-0.007684146519750357,0.0,1.0,1.0,0.0,1.0,0.0,0.0,,,,,,,,,,,,,,,,,,,0.974609375,54367.4765625,0.064453125,1.0,0.0,0.0,1
3,single,4,FFN1,bert.encoder.layer.4.intermediate.dense,0.001,31,0,1,1,0.974609375,0.025390625,3.5089860830339603e-06,9.353086352348328e-05,0.00020750612020492554,0.0,0.00013859411410521716,0.0,0.0,0.000288152601569891,1.0,0.0023526912555098534,0.0,1.0,1.0,0.0,1.0,0.0,0.0,,,,,,,,,,,,,,,,,,,0.986328125,50988.97265625,0.025390625,1.0,0.0,0.0,1
3,single,4,FFN2,bert.encoder.layer.4.output.dense,0.001,31,0,1,1,0.978515625,0.021484375,3.4526228773756884e-06,8.85501503944397e-05,0.0002944245934486389,0.0,0.0001464051747461781,0.0,0.0,0.00022908725077286363,1.0,0.03814096003770828,0.0,1.0,1.0,0.0,1.0,0.0,0.0,,,,,,,,,,,,,,,,,,,0.986328125,57083.6875,0.021484375,1.0,0.0,0.0,1
3,single,5,Q,bert.encoder.layer.5.attention.self.query,0.001,31,0,1,1,0.98828125,0.01171875,1.7702177501632832e-06,0.00010344386100769043,0.0002012103796005249,0.0,9.20665479497984e-05,0.0,0.0,0.00020883945398963988,1.0,-0.06980624049901962,0.0,1.0,1.0,0.0,1.0,0.0,0.0,,,,,,,,,,,,,,,,,,,0.990234375,37686.0390625,0.01171875,0.8900146484375,0.0,0.0,1
3,single,5,K,bert.encoder.layer.5.attention.self.key,0.001,31,0,1,1,0.96875,0.03125,3.65698360837996e-06,3.343075513839722e-05,0.0002825092524290085,0.0,0.0001264559687115252,0.0,0.0,0.0001936470507644117,1.0,-0.029421042650938034,0.0,1.0,1.0,0.0,1.0,0.0,0.0,,,,,,,,,,,,,,,,,,,0.98828125,51914.21484375,0.03125,1.0,0.0,0.0,1
3,single,5,V,bert.encoder.layer.5.attention.self.value,0.001,31,0,1,1,0.931640625,0.068359375,6.957744062674465e-06,1.7863698303699493e-05,0.00022016046568751335,0.0,0.00014628726057708263,0.0,0.0,0.0004798616864718497,1.0,0.12108681350946426,0.0,1.0,1.0,0.0,1.0,0.0,0.0,,,,,,,,,,,,,,,,,,,0.9609375,64949.3828125,0.068359375,1.0,0.0,0.0,1
3,single,5,O,bert.encoder.layer.5.attention.output.dense,0.001,31,0,1,1,0.921875,0.078125,7.098531114024809e-06,1.917826011776924e-06,0.00015234481543302536,0.0,0.00012979540042579174,0.0,0.0,0.0005202385364100337,1.0,0.07837832719087601,0.0,1.0,1.0,0.0,1.0,0.0,0.0,,,,,,,,,,,,,,,,,,,0.958984375,62515.58203125,0.078125,1.0,0.0,0.0,1
3,single,5,FFN1,bert.encoder.layer.5.intermediate.dense,0.001,31,0,1,1,0.9765625,0.0234375,3.0441860872088e-06,2.6367604732513428e-05,0.0002728216350078583,0.0,0.00013607690925709903,0.0,0.0,0.00036336647463031113,1.0,0.1576395332813263,0.0,1.0,1.0,0.0,1.0,0.0,0.0,,,,,,,,,,,,,,,,,,,0.98046875,50128.06640625,0.0234375,1.0,0.0,0.0,1
3,single,5,FFN2,bert.encoder.layer.5.output.dense,0.001,31,0,1,1,0.986328125,0.013671875,1.5801333574927412e-06,7.817521691322327e-05,0.000178629532456398,0.0,8.417307253694162e-05,0.0,0.0,0.00026952047483064234,1.0,0.08833394944667816,0.0,1.0,1.0,0.0,1.0,0.0,0.0,,,,,,,,,,,,,,,,,,,0.98828125,31614.0859375,0.013671875,1.0,0.0,0.0,1
3,single,6,Q,bert.encoder.layer.6.attention.self.query,0.001,31,0,1,1,0.982421875,0.017578125,1.8898774669651175e-06,4.826858639717102e-05,0.00018574297428131104,0.0,9.089280501939356e-05,0.0,0.0,0.0002561233995947987,1.0,-0.03556239232420921,0.0,1.0,1.0,0.0,1.0,0.0,0.0,,,,,,,,,,,,,,,,,,,0.9921875,34054.71875,0.017578125,1.0,0.0,0.0,1
3,single,6,K,bert.encoder.layer.6.attention.self.key,0.001,31,0,1,1,0.98046875,0.01953125,2.7841347218782175e-06,6.368383765220642e-05,0.0002124011516571045,0.0,0.00013134442269802094,0.0,0.0,0.00024001314886845648,1.0,0.17061926424503326,0.0,1.0,1.0,0.0,1.0,0.0,0.0,,,,,,,,,,,,,,,,,,,0.98828125,46888.890625,0.01953125,1.0,0.0,0.0,1
3,single,6,V,bert.encoder.layer.6.attention.self.value,0.001,31,0,1,1,0.94921875,0.05078125,4.986813564755721e-06,2.7000904083251953e-05,0.0001705847680568695,0.0,0.00012679492647293955,0.0,0.0,0.0005673358682543039,1.0,0.0013691243948414922,0.0,1.0,1.0,0.0,1.0,0.0,0.0,,,,,,,,,,,,,,,,,,,0.97265625,53880.7421875,0.05078125,1.0,0.0,0.0,1
3,single,6,O,bert.encoder.layer.6.attention.output.dense,0.001,31,0,1,1,0.927734375,0.072265625,7.57632551540155e-06,3.2860785722732544e-05,0.00020269304513931274,0.0,0.00014035393542144448,0.0,0.0,0.0005576603580266237,1.0,-0.036757852882146835,0.0,1.0,1.0,0.0,1.0,0.0,0.0,,,,,,,,,,,,,,,,,,,0.962890625,67736.5078125,0.072265625,1.0,0.0,0.0,1
3,single,6,FFN1,bert.encoder.layer.6.intermediate.dense,0.001,31,0,1,1,0.962890625,0.037109375,4.113280738238245e-06,4.496052861213684e-05,0.00015382003039121628,0.0,0.00013455661246553063,0.0,0.0,0.00035268973442725837,1.0,0.07923030108213425,0.0,1.0,1.0,0.0,1.0,0.0,0.0,,,,,,,,,,,,,,,,,,,0.986328125,49824.23828125,0.037109375,1.0,0.0,0.0,1
3,single,6,FFN2,bert.encoder.layer.6.output.dense,0.001,31,0,1,1,0.96875,0.03125,4.57901160189067e-06,1.034606248140335e-05,0.00030331313610076904,0.0,0.00015115574933588505,0.0,0.0,0.0002973886439576745,1.0,0.0297706201672554,0.0,1.0,1.0,0.0,1.0,0.0,0.0,,,,,,,,,,,,,,,,,,,0.982421875,64792.1015625,0.03125,1.0,0.0,0.0,1
3,single,7,Q,bert.encoder.layer.7.attention.self.query,0.001,31,0,1,1,0.986328125,0.013671875,1.91410981642548e-06,8.409842848777771e-05,0.000185500830411911,0.0,9.588193643139675e-05,0.0,0.0,0.00020800830679945648,1.0,0.23458711802959442,0.0,1.0,1.0,0.0,1.0,0.0,0.0,,,,,,,,,,,,,,,,,,,0.990234375,38624.40625,0.013671875,1.0,0.0,0.0,1
3,single,7,K,bert.encoder.layer.7.attention.self.key,0.001,31,0,1,1,0.98828125,0.01171875,1.8545606508268975e-06,0.00012915395200252533,0.00022048503160476685,0.0,0.00011494891077745706,0.0,0.0,0.0001928000565385446,1.0,-0.0006715657655149698,0.0,1.0,1.0,0.0,1.0,0.0,0.0,,,,,,,,,,,,,,,,,,,0.99609375,39441.3984375,0.01171875,0.8900146484375,0.0,0.0,1
3,single,7,V,bert.encoder.layer.7.attention.self.value,0.001,31,0,1,1,0.951171875,0.048828125,5.346048055798747e-06,4.369765520095825e-05,0.00016937777400016785,0.0,0.00014434970216825604,0.0,0.0,0.0004988687578588724,1.0,0.0873369351029396,0.0,1.0,1.0,0.0,1.0,0.0,0.0,,,,,,,,,,,,,,,,,,,0.97265625,57154.953125,0.048828125,1.0,0.0,0.0,1
3,single,7,O,bert.encoder.layer.7.attention.output.dense,0.001,31,0,1,1,0.939453125,0.060546875,5.2607356337830424e-06,1.691281795501709e-05,0.00016149505972862244,0.0,0.0001135500060627237,0.0,0.0,0.0005181399174034595,1.0,0.11772152036428452,0.0,1.0,1.0,0.0,1.0,0.0,0.0,,,,,,,,,,,,,,,,,,,0.9609375,51424.53515625,0.060546875,1.0,0.0,0.0,1
3,single,7,FFN1,bert.encoder.layer.7.intermediate.dense,0.001,31,0,1,1,0.966796875,0.033203125,3.6827384519710904e-06,3.485381603240967e-05,0.0002408372238278389,0.0,0.00013079727068543434,0.0,0.0,0.00037913460982963443,1.0,0.20166556537151337,0.0,1.0,1.0,0.0,1.0,0.0,0.0,,,,,,,,,,,,,,,,,,,0.97265625,49515.0390625,0.033203125,1.0,0.0,0.0,1
3,single,7,FFN2,bert.encoder.layer.7.output.dense,0.001,31,0,1,1,0.984375,0.015625,2.2397762222681195e-06,8.90977680683136e-05,0.00022865086793899536,0.0,0.00010776470298878849,0.0,0.0,0.0002980675199069083,1.0,0.08100320398807526,0.0,1.0,1.0,0.0,1.0,0.0,0.0,,,,,,,,,,,,,,,,,,,0.986328125,42382.265625,0.015625,1.0,0.0,0.0,1
3,single,8,Q,bert.encoder.layer.8.attention.self.query,0.001,31,0,1,1,0.98046875,0.01953125,2.7840055736305658e-06,5.726516246795654e-05,0.00021050870418548584,0.0,0.00014696491416543722,0.0,0.0,0.0002606022753752768,1.0,0.05994405969977379,0.0,1.0,1.0,0.0,1.0,0.0,0.0,,,,,,,,,,,,,,,,,,,0.984375,47370.78125,0.01953125,1.0,0.0,0.0,1
3,single,8,K,bert.encoder.layer.8.attention.self.key,0.001,31,0,1,1,0.9609375,0.0390625,6.109160494816024e-06,6.354227662086487e-05,0.0002963542938232422,0.0,0.00017401391232851893,0.0,0.0,0.0002637111465446651,1.0,-0.05117454379796982,0.0,1.0,1.0,0.0,1.0,0.0,0.0,,,,,,,,,,,,,,,,,,,0.982421875,73294.984375,0.0390625,1.0,0.0,0.0,1
3,single,8,V,bert.encoder.layer.8.attention.self.value,0.001,31,0,1,1,0.9453125,0.0546875,5.938308277109172e-06,5.292147397994995e-05,0.00017502158880233765,0.0,0.00013563947868533432,0.0,0.0,0.000535382132511586,1.0,0.005724872928112745,0.0,1.0,1.0,0.0,1.0,0.0,0.0,,,,,,,,,,,,,,,,,,,0.97265625,59711.9609375,0.0546875,1.0,0.0,0.0,1
3,single,8,O,bert.encoder.layer.8.attention.output.dense,0.001,31,0,1,1,0.94921875,0.05078125,5.636091373162344e-06,5.0108879804611206e-05,0.00023537874221801758,0.0,0.00013309730275068432,0.0,0.0,0.0005606620106846094,1.0,0.0457361601293087,0.0,1.0,1.0,0.0,1.0,0.0,0.0,,,,,,,,,,,,,,,,,,,0.974609375,60351.42578125,0.05078125,1.0,0.0,0.0,1
3,single,8,FFN1,bert.encoder.layer.8.intermediate.dense,0.001,31,0,1,1,0.974609375,0.025390625,2.6330185391998384e-06,3.280118107795715e-05,0.0002992376685142517,0.0,9.012863301904872e-05,0.0,0.0,0.000390449509723112,1.0,0.09933150559663773,0.0,1.0,1.0,0.0,1.0,0.0,0.0,,,,,,,,,,,,,,,,,,,0.978515625,44103.21875,0.025390625,1.0,0.0,0.0,1
3,single,8,FFN2,bert.encoder.layer.8.output.dense,0.001,31,0,1,1,0.955078125,0.044921875,5.81600534133031e-06,3.493577241897583e-05,0.00019916892051696777,0.0,0.00016792240785434842,0.0,0.0,0.0003336045774631202,1.0,0.08144954591989517,0.0,1.0,1.0,0.0,1.0,0.0,0.0,,,,,,,,,,,,,,,,,,,0.97265625,65819.734375,0.044921875,1.0,0.0,0.0,1
3,single,9,Q,bert.encoder.layer.9.attention.self.query,0.001,31,0,1,1,0.98046875,0.01953125,2.7921723813051358e-06,6.389617919921875e-05,0.00019795075058937073,0.0,0.00014893291518092155,0.0,0.0,0.0003634813183452934,1.0,-0.019266605377197266,0.0,1.0,1.0,0.0,1.0,0.0,0.0,,,,,,,,,,,,,,,,,,,0.98828125,47319.90234375,0.01953125,1.0,0.0,0.0,1
3,single,9,K,bert.encoder.layer.9.attention.self.key,0.001,31,0,1,1,0.96875,0.03125,3.8905482142581604e-06,5.269050598144531e-05,0.0002105124294757843,0.0,0.0001524261460872367,0.0,0.0,0.00034698465606197715,1.0,-0.019215233623981476,0.0,1.0,1.0,0.0,1.0,0.0,0.0,,,,,,,,,,,,,,,,,,,0.98046875,53176.60546875,0.03125,1.0,0.0,0.0,1
3,single,9,V,bert.encoder.layer.9.attention.self.value,0.001,31,0,1,1,0.943359375,0.056640625,5.859461452928372e-06,4.632771015167236e-05,0.00018853694200515747,0.0,0.00013734889216721058,0.0,0.0,0.0007285050814971328,1.0,0.07129441201686859,0.0,1.0,1.0,0.0,1.0,0.0,0.0,,,,,,,,,,,,,,,,,,,0.962890625,58138.04296875,0.056640625,1.0,0.0,0.0,1
3,single,9,O,bert.encoder.layer.9.attention.output.dense,0.001,31,0,1,1,0.953125,0.046875,5.245752163318684e-06,2.890080213546753e-05,0.0001720823347568512,0.0,0.0001386593939969316,0.0,0.0,0.000673215021379292,1.0,0.019099663943052292,0.0,1.0,1.0,0.0,1.0,0.0,0.0,,,,,,,,,,,,,,,,,,,0.98046875,56990.44140625,0.046875,1.0,0.0,0.0,1
3,single,9,FFN1,bert.encoder.layer.9.intermediate.dense,0.001,31,0,1,1,0.966796875,0.033203125,3.586754701245809e-06,6.674230098724365e-05,0.00015955790877342224,0.0,0.00011631323286565021,0.0,0.0,0.0003937777364626527,1.0,0.028543030843138695,0.0,1.0,1.0,0.0,1.0,0.0,0.0,,,,,,,,,,,,,,,,,,,0.98046875,46333.73046875,0.033203125,1.0,0.0,0.0,1
3,single,9,FFN2,bert.encoder.layer.9.output.dense,0.001,31,0,1,1,0.974609375,0.025390625,3.720924269146053e-06,4.14382666349411e-05,0.00025276467204093933,0.0,0.0001635016524232924,0.0,0.0,0.0003227732959203422,1.0,-0.1737673580646515,0.0,1.0,1.0,0.0,1.0,0.0,0.0,,,,,,,,,,,,,,,,,,,0.986328125,56635.31640625,0.025390625,1.0,0.0,0.0,1
3,single,10,Q,bert.encoder.layer.10.attention.self.query,0.001,31,0,1,1,0.986328125,0.013671875,2.1490918697963934e-06,0.0001024492084980011,0.0002210363745689392,0.0,0.00011789475684054196,0.0,0.0,0.0003006436745636165,1.0,0.029541807249188423,0.0,1.0,1.0,0.0,1.0,0.0,0.0,,,,,,,,,,,,,,,,,,,0.994140625,42868.046875,0.013671875,1.0,0.0,0.0,1
3,single,10,K,bert.encoder.layer.10.attention.self.key,0.001,31,0,1,1,0.9765625,0.0234375,3.0438256999332225e-06,8.192285895347595e-05,0.00016069598495960236,0.0,0.0001380826870445162,0.0,0.0,0.00026642432203516364,1.0,-0.0055244858376681805,0.0,1.0,1.0,0.0,1.0,0.0,0.0,,,,,,,,,,,,,,,,,,,0.986328125,45853.2265625,0.0234375,1.0,0.0,0.0,1
3,single,10,V,bert.encoder.layer.10.attention.self.value,0.001,31,0,1,1,0.947265625,0.052734375,5.606290869764052e-06,4.0508806705474854e-05,0.00017471984028816223,0.0,0.0001336268032900989,0.0,0.0,0.0005703589413315058,1.0,0.15375208854675293,0.0,1.0,1.0,0.0,1.0,0.0,0.0,,,,,,,,,,,,,,,,,,,0.96875,57661.46484375,0.052734375,1.0,0.0,0.0,1
3,single,10,O,bert.encoder.layer.10.attention.output.dense,0.001,31,0,1,1,0.962890625,0.037109375,4.2358587961643934e-06,3.4749507904052734e-05,0.00017999112606048584,0.0,0.0001258256088476628,0.0,0.0,0.0006754675996489823,1.0,0.08583831042051315,0.0,1.0,1.0,0.0,1.0,0.0,0.0,,,,,,,,,,,,,,,,,,,0.9765625,51750.2265625,0.037109375,1.0,0.0,0.0,1
3,single,10,FFN1,bert.encoder.layer.10.intermediate.dense,0.001,31,0,1,1,0.97265625,0.02734375,3.768031547224382e-06,4.995614290237427e-05,0.00025311484932899475,0.0,0.00014037838263902813,0.0,0.0,0.00036257109604775906,1.0,0.06291874498128891,0.0,1.0,1.0,0.0,1.0,0.0,0.0,,,,,,,,,,,,,,,,,,,0.978515625,55692.7109375,0.02734375,1.0,0.0,0.0,1
3,single,10,FFN2,bert.encoder.layer.10.output.dense,0.001,31,0,1,1,0.970703125,0.029296875,3.5050152291660197e-06,6.790459156036377e-05,0.00017445534467697144,0.0,0.00012891004735138267,0.0,0.0,0.00038255617255344987,1.0,0.09499705582857132,0.0,1.0,1.0,0.0,1.0,0.0,0.0,,,,,,,,,,,,,,,,,,,0.978515625,47981.19921875,0.029296875,1.0,0.0,0.0,1
3,single,11,Q,bert.encoder.layer.11.attention.self.query,0.001,31,0,1,1,0.984375,0.015625,2.5790500330913346e-06,9.183213114738464e-05,0.0002498701214790344,0.0,0.00013029843103140593,0.0,0.0,0.00031802989542484283,1.0,0.10061746835708618,0.0,1.0,1.0,0.0,1.0,0.0,0.0,,,,,,,,,,,,,,,,,,,0.98828125,49028.28515625,0.015625,1.0,0.0,0.0,1
3,single,11,K,bert.encoder.layer.11.attention.self.key,0.001,31,0,1,1,0.9765625,0.0234375,3.313451088615693e-06,3.277510404586792e-05,0.00020419806241989136,0.0,0.0001514493051217869,0.0,0.0,0.0002823309332598001,1.0,0.11538293212652206,0.0,1.0,1.0,0.0,1.0,0.0,0.0,,,,,,,,,,,,,,,,,,,0.984375,51576.18359375,0.0234375,1.0,0.0,0.0,1
3,single,11,V,bert.encoder.layer.11.attention.self.value,0.001,31,0,1,1,0.962890625,0.037109375,5.291012712405063e-06,5.1569193601608276e-05,0.00038449279963970184,0.0,0.00015421393618453294,0.0,0.0,0.0004547260468825698,1.0,0.09983309358358383,0.0,1.0,1.0,0.0,1.0,0.0,0.0,,,,,,,,,,,,,,,,,,,0.9765625,70214.828125,0.037109375,1.0,0.0,0.0,1
3,single,11,O,bert.encoder.layer.11.attention.output.dense,0.001,31,0,1,1,0.984375,0.015625,1.9418566807871684e-06,7.906928658485413e-05,0.00017446652054786682,0.0,0.00010354267578804865,0.0,0.0,0.0005001471727155149,1.0,0.28996604681015015,0.0,1.0,1.0,0.0,1.0,0.0,0.0,,,,,,,,,,,,,,,,,,,0.98828125,36271.74609375,0.015625,1.0,0.0,0.0,1
3,single,11,FFN1,bert.encoder.layer.11.intermediate.dense,0.001,31,0,1,1,0.98046875,0.01953125,2.250173793072463e-06,4.308484494686127e-05,0.00019338726997375488,0.0,0.00010904875671258196,0.0,0.0,0.00047582434490323067,1.0,0.0500100813806057,0.0,1.0,1.0,0.0,1.0,0.0,0.0,,,,,,,,,,,,,,,,,,,0.98828125,38912.390625,0.01953125,1.0,0.0,0.0,1
3,single,11,FFN2,bert.encoder.layer.11.output.dense,0.001,31,0,1,1,0.9765625,0.0234375,3.321724989291397e-06,4.735589027404785e-05,0.0002561509609222412,0.0,0.00011970294872298837,0.0,0.001953125,0.0003525395877659321,1.0,0.10105080902576447,0.0,1.0,1.0,0.0,1.0,0.0,0.0,,,,,,,,,,,,,,,,,,,0.98828125,53179.81640625,0.0234375,1.0,0.0,0.0,1
4,single,0,Q,bert.encoder.layer.0.attention.self.query,0.001,31,0,1,1,0.97265625,0.02734375,4.373991941974964e-06,7.0229172706604e-05,0.00020840764045715332,0.0,0.00017838239728007466,0.0,0.0,0.00016161684470716864,1.0,0.08277972787618637,0.0,1.0,1.0,0.0,1.0,0.0,0.0,,,,,,,,,,,,,,,,,,,0.982421875,61699.84765625,0.02734375,1.0,0.0,0.0,1
4,single,0,K,bert.encoder.layer.0.attention.self.key,0.001,31,0,1,1,0.994140625,0.005859375,1.0839266906259581e-06,0.00013856031000614166,0.00021667033433914185,0.0,0.0,0.0,0.0,0.00014606364129576832,1.0,0.059806011617183685,0.0,1.0,1.0,0.0,1.0,0.0,0.0,,,,,,,,,,,,,,,,,,,0.99609375,32563.935546875,0.005859375,0.0,0.0,0.0,1
4,single,0,V,bert.encoder.layer.0.attention.self.value,0.001,31,0,1,1,0.947265625,0.052734375,5.061980118625797e-06,2.4201348423957825e-05,0.00016944855451583862,0.0,0.00011842056119348854,0.0,0.0,0.0003781018313020468,1.0,0.013838325627148151,0.0,1.0,1.0,0.0,1.0,0.0,0.0,,,,,,,,,,,,,,,,,,,0.966796875,52817.8046875,0.052734375,1.0,0.0,0.0,1
4,single,0,O,bert.encoder.layer.0.attention.output.dense,0.001,31,0,1,1,0.939453125,0.060546875,5.472098564496264e-06,1.4174729585647583e-05,0.00024132803082466125,0.0,0.00011911481851711869,0.0,0.0,0.0004490548453759402,1.0,-0.06294379383325577,0.0,1.0,1.0,0.0,1.0,0.0,0.0,,,,,,,,,,,,,,,,,,,0.96875,55811.40234375,0.060546875,1.0,0.0,0.0,1
4,single,0,FFN1,bert.encoder.layer.0.intermediate.dense,0.001,31,0,1,1,0.966796875,0.033203125,3.747539722098736e-06,5.219504237174988e-05,0.00017776619642972946,0.0,0.0001500378712080419,0.0,0.0,0.0003122431517113,1.0,-0.26152634620666504,0.0,1.0,1.0,0.0,1.0,0.0,0.0,,,,,,,,,,,,,,,,,,,0.9765625,49745.03515625,0.033203125,1.0,0.0,0.0,1
4,single,0,FFN2,bert.encoder.layer.0.output.dense,0.001,31,0,1,1,0.98046875,0.01953125,2.2559247554454487e-06,4.162639379501343e-05,0.00022175908088684082,0.0,9.738351218402386e-05,0.0,0.0,0.00021929942886345088,1.0,0.08577603846788406,0.0,1.0,1.0,0.0,1.0,0.0,0.0,,,,,,,,,,,,,,,,,,,0.984375,40741.56640625,0.01953125,1.0,0.0,0.0,1
4,single,1,Q,bert.encoder.layer.1.attention.self.query,0.001,31,0,1,1,0.978515625,0.021484375,3.1551353458780795e-06,7.150322198867798e-05,0.00021960586309432983,0.0,0.00013731973012909293,0.0,0.0,0.00021050723444204777,1.0,-0.04440401867032051,0.0,1.0,1.0,0.0,1.0,0.0,0.0,,,,,,,,,,,,,,,,,,,0.986328125,50666.61328125,0.021484375,1.0,0.0,0.0,1
4,single,1,K,bert.encoder.layer.1.attention.self.key,0.001,31,0,1,1,0.9765625,0.0234375,3.624692908488214e-06,4.087388515472412e-05,0.0003534918650984764,0.0,0.00016233630594797432,0.0,0.0,0.00017187444609589875,1.0,-0.08860815316438675,0.0,1.0,1.0,0.0,1.0,0.0,0.0,,,,,,,,,,,,,,,,,,,0.98828125,59282.74609375,0.0234375,1.0,0.0,0.0,1
4,single,1,V,bert.encoder.layer.1.attention.self.value,0.001,31,0,1,1,0.935546875,0.064453125,5.637489266518969e-06,3.160908818244934e-05,0.00018703192472457886,0.0,0.00010938936611637473,0.0,0.0,0.00039049366023391485,1.0,0.08452362567186356,0.0,1.0,1.0,0.0,1.0,0.0,0.0,,,,,,,,,,,,,,,,,,,0.958984375,53622.2421875,0.064453125,1.0,0.0,0.0,1
4,single,1,O,bert.encoder.layer.1.attention.output.dense,0.001,31,0,1,1,0.921875,0.078125,7.377968358923681e-06,4.5124441385269165e-05,0.0002690330147743225,0.0,0.00015926029300317168,0.0,0.0,0.000404059246648103,1.0,0.03407726064324379,0.0,1.0,1.0,0.0,1.0,0.0,0.0,,,,,,,,,,,,,,,,,,,0.962890625,66803.0546875,0.078125,1.0,0.0,0.0,1
4,single,1,FFN1,bert.encoder.layer.1.intermediate.dense,0.001,31,0,1,1,0.974609375,0.025390625,3.436062797845807e-06,7.040053606033325e-05,0.00020973384380340576,0.0,0.00013608825975097716,0.0,0.0,0.00027440255507826805,1.0,0.2481197565793991,0.0,1.0,1.0,0.0,1.0,0.0,0.0,,,,,,,,,,,,,,,,,,,0.984375,50897.73828125,0.025390625,1.0,0.0,0.0,1
4,single,1,FFN2,bert.encoder.layer.1.output.dense,0.001,31,0,1,1,0.982421875,0.017578125,2.3176644390332513e-06,5.251169204711914e-05,0.00017942115664482117,0.0,0.00011881013779202476,0.0,0.0,0.0002456038782838732,1.0,0.05040896311402321,0.0,1.0,1.0,0.0,1.0,0.0,0.0,,,,,,,,,,,,,,,,,,,0.984375,41502.63671875,0.017578125,1.0,0.0,0.0,1
4,single,2,Q,bert.encoder.layer.2.attention.self.query,0.001,31,0,1,1,0.97265625,0.02734375,3.27478028339101e-06,6.447732448577881e-05,0.00020153075456619263,0.0,0.00012210906425025314,0.0,0.0,0.00018878726405091584,1.0,0.04217232018709183,0.0,1.0,1.0,0.0,1.0,0.0,0.0,,,,,,,,,,,,,,,,,,,0.984375,46869.9609375,0.02734375,1.0,0.0,0.0,1
4,single,2,K,bert.encoder.layer.2.attention.self.key,0.001,31,0,1,1,0.962890625,0.037109375,5.381270057114307e-06,7.348507642745972e-05,0.0002469941973686218,0.0,0.00016539097123313695,0.0,0.0,0.00015266626724041998,1.0,-0.05256374180316925,0.0,1.0,1.0,0.0,1.0,0.0,0.0,,,,,,,,,,,,,,,,,,,0.984375,65630.59375,0.037109375,1.0,0.0,0.0,1
4,single,2,V,bert.encoder.layer.2.attention.self.value,0.001,31,0,1,1,0.927734375,0.072265625,5.717987733078189e-06,5.133450031280518e-06,0.0001782616600394249,0.0,0.0001161227046395652,0.0,0.0,0.000527699594385922,1.0,0.38955506682395935,0.0,1.0,1.0,0.0,1.0,0.0,0.0,,,,,,,,,,,,,,,,,,,0.94921875,53320.35546875,0.072265625,1.0,0.0,0.0,1
4,single,2,O,bert.encoder.layer.2.attention.output.dense,0.001,31,0,1,1,0.8984375,0.1015625,8.662847903906368e-06,3.040209412574768e-05,0.00015377718955278397,2.736169881245587e-05,0.00012321416579652578,0.0,0.0,0.0005872726906090975,1.0,-0.0630568414926529,0.0,1.0,1.0,0.0,1.0,0.0,0.0,,,,,,,,,,,,,,,,,,,0.955078125,64851.03515625,0.1015625,1.0,0.0,0.0,1
4,single,2,FFN1,bert.encoder.layer.2.intermediate.dense,0.001,31,0,1,1,0.970703125,0.029296875,3.2445186661789194e-06,1.2775417417287827e-05,0.00020328164100646973,0.0,0.0001169518509414047,0.0,0.0,0.00030116591369733214,1.0,0.08393864333629608,0.0,1.0,1.0,0.0,1.0,0.0,0.0,,,,,,,,,,,,,,,,,,,0.9765625,47479.12890625,0.029296875,1.0,0.0,0.0,1
4,single,2,FFN2,bert.encoder.layer.2.output.dense,0.001,31,0,1,1,0.984375,0.015625,2.4949658836703748e-06,8.382834494113922e-06,0.0002498924732208252,0.0,0.00013927633699495345,0.0,0.0,0.0002463271957822144,1.0,0.02341570518910885,0.0,1.0,1.0,0.0,1.0,0.0,0.0,,,,,,,,,,,,,,,,,,,0.9921875,49591.42578125,0.015625,1.0,0.0,0.0,1
4,single,3,Q,bert.encoder.layer.3.attention.self.query,0.001,31,0,1,1,0.97265625,0.02734375,3.457025741226971e-06,2.816319465637207e-06,0.00024041533470153809,0.0,0.00014006032142788172,0.0,0.0,0.0002065497392322868,1.0,-0.044518403708934784,0.0,1.0,1.0,0.0,1.0,0.0,0.0,,,,,,,,,,,,,,,,,,,0.9921875,51100.52734375,0.02734375,1.0,0.0,0.0,1
4,single,3,K,bert.encoder.layer.3.attention.self.key,0.001,31,0,1,1,0.97265625,0.02734375,4.042399268655572e-06,3.544241189956665e-05,0.00026310235261917114,0.0,0.0001449114497518167,0.0,0.0,0.00017764844233170152,1.0,-0.07423409819602966,0.0,1.0,1.0,0.0,1.0,0.0,0.0,,,,,,,,,,,,,,,,,,,0.990234375,60364.515625,0.02734375,1.0,0.0,0.0,1
4,single,3,V,bert.encoder.layer.3.attention.self.value,0.001,31,0,1,1,0.931640625,0.068359375,6.4064488469739445e-06,2.162158489227295e-05,0.00018889456987380981,0.0,0.00012527266517281532,0.0,0.0,0.0004883751389570534,1.0,0.06926952302455902,0.0,1.0,1.0,0.0,1.0,0.0,0.0,,,,,,,,,,,,,,,,,,,0.953125,59851.66015625,0.068359375,1.0,0.0,0.0,1
4,single,3,O,bert.encoder.layer.3.attention.output.dense,0.001,31,0,1,1,0.921875,0.078125,6.82741119817365e-06,2.4155015125870705e-06,0.00016578659415245056,0.0,0.00013137079076841474,0.0,0.0,0.0005234804120846093,1.0,0.04182726517319679,0.0,1.0,1.0,0.0,1.0,0.0,0.0,,,,,,,,,,,,,,,,,,,0.9609375,60575.4609375,0.078125,1.0,0.0,0.0,1
4,single,3,FFN1,bert.encoder.layer.3.intermediate.dense,0.001,31,0,1,1,0.953125,0.046875,4.79588834423339e-06,3.8115307688713074e-05,0.00015301257371902466,0.0,0.0001396097068209201,0.0,0.0,0.00039076386019587517,1.0,0.28113049268722534,0.0,1.0,1.0,0.0,1.0,0.0,0.0,,,,,,,,,,,,,,,,,,,0.96875,53093.61328125,0.046875,1.0,0.0,0.0,1
4,single,3,FFN2,bert.encoder.layer.3.output.dense,0.001,31,0,1,1,0.98046875,0.01953125,2.6121574592252728e-06,7.222220301628113e-05,0.0001753680408000946,0.0,0.00012660693028010428,0.0,0.0,0.0002513225772418082,1.0,0.04967638850212097,0.0,1.0,1.0,0.0,1.0,0.0,0.0,,,,,,,,,,,,,,,,,,,0.98828125,43572.56640625,0.01953125,1.0,0.0,0.0,1
4,single,4,Q,bert.encoder.layer.4.attention.self.query,0.001,31,0,1,1,0.9765625,0.0234375,4.122907739656512e-06,6.814301013946533e-05,0.00043958425521850586,0.0,0.00016168560250662267,0.0,0.0,0.0002559521817602217,1.0,-0.03612709417939186,0.0,1.0,1.0,0.0,1.0,0.0,0.0,,,,,,,,,,,,,,,,,,,0.982421875,69037.1640625,0.0234375,1.0,0.0,0.0,1
4,single,4,K,bert.encoder.layer.4.attention.self.key,0.001,31,0,1,1,0.978515625,0.021484375,3.6571991586242802e-06,3.2745301723480225e-05,0.0003115832805633545,0.0,0.0001778973819455132,0.0,0.0,0.00022266333689913154,1.0,0.13877536356449127,0.0,1.0,1.0,0.0,1.0,0.0,0.0,,,,,,,,,,,,,,,,,,,0.982421875,60680.5078125,0.021484375,1.0,0.0,0.0,1
4,single,4,V,bert.encoder.layer.4.attention.self.value,0.001,31,0,1,1,0.953125,0.046875,5.462708031700458e-06,1.2375414371490479e-05,0.00020918995141983032,0.0,0.000159288159920834,0.0,0.0,0.00044378632446751,1.0,0.05770159140229225,0.0,1.0,1.0,0.0,1.0,0.0,0.0,,,,,,,,,,,,,,,,,,,0.9765625,61975.4609375,0.046875,1.0,0.0,0.0,1
4,single,4,O,bert.encoder.layer.4.attention.output.dense,0.001,31,0,1,1,0.91015625,0.08984375,8.33174999570474e-06,3.699213266372681e-05,0.0001899699418572709,0.0,0.0001392089034197852,0.0,0.0,0.000494064181111753,1.0,0.04591178894042969,0.0,1.0,1.0,0.0,1.0,0.0,0.0,,,,,,,,,,,,,,,,,,,0.94921875,67858.2265625,0.08984375,1.0,0.0,0.0,1
4,single,4,FFN1,bert.encoder.layer.4.intermediate.dense,0.001,31,0,1,1,0.978515625,0.021484375,2.5404879124835134e-06,4.809349775314331e-05,0.00019494444131851196,0.0,0.00012815845548175275,0.0,0.0,0.00031740759732201695,1.0,0.05748884752392769,0.0,1.0,1.0,0.0,1.0,0.0,0.0,,,,,,,,,,,,,,,,,,,0.982421875,41309.20703125,0.021484375,1.0,0.0,0.0,1
4,single,4,FFN2,bert.encoder.layer.4.output.dense,0.001,31,0,1,1,0.970703125,0.029296875,3.907563041138928e-06,6.673485040664673e-05,0.00019217189401388168,0.0,0.0001551266323076561,0.0,0.0,0.0002578303392510861,1.0,0.13180790841579437,0.0,1.0,1.0,0.0,1.0,0.0,0.0,,,,,,,,,,,,,,,,,,,0.98046875,53350.765625,0.029296875,1.0,0.0,0.0,1
4,single,5,Q,bert.encoder.layer.5.attention.self.query,0.001,31,0,1,1,0.96875,0.03125,3.8222133298404515e-06,8.726492524147034e-05,0.0002083517611026764,0.0,0.0001294526446145028,0.0,0.0,0.00023667234927415848,1.0,-0.08497489243745804,0.0,1.0,1.0,0.0,1.0,0.0,0.0,,,,,,,,,,,,,,,,,,,0.986328125,50431.41015625,0.03125,1.0,0.0,0.0,1
4,single,5,K,bert.encoder.layer.5.attention.self.key,0.001,31,0,1,1,0.978515625,0.021484375,3.1980794119590428e-06,9.032338857650757e-05,0.0003101341426372528,0.0,0.00012619522749446332,0.0,0.0,0.00022575195180252194,1.0,0.12456533312797546,0.0,1.0,1.0,0.0,1.0,0.0,0.0,,,,,,,,,,,,,,,,,,,0.984375,53299.94140625,0.021484375,1.0,0.0,0.0,1
4,single,5,V,bert.encoder.layer.5.attention.self.value,0.001,31,0,1,1,0.9609375,0.0390625,4.383751729619689e-06,4.03672456741333e-05,0.00021865777671337128,0.0,0.0001376780855935067,0.0,0.0,0.00045025680446997285,1.0,0.15445566177368164,0.0,1.0,1.0,0.0,1.0,0.0,0.0,,,,,,,,,,,,,,,,,,,0.982421875,53947.10546875,0.0390625,1.0,0.0,0.0,1
4,single,5,O,bert.encoder.layer.5.attention.output.dense,0.001,31,0,1,1,0.958984375,0.041015625,4.349826667748857e-06,1.979619264602661e-05,0.00021446961909532547,0.0,0.00013039600162301213,0.0,0.0,0.0004945002146996558,1.0,0.14947788417339325,0.0,1.0,1.0,0.0,1.0,0.0,0.0,,,,,,,,,,,,,,,,,,,0.970703125,53409.66796875,0.041015625,1.0,0.0,0.0,1
4,single,5,FFN1,bert.encoder.layer.5.intermediate.dense,0.001,31,0,1,1,0.9765625,0.0234375,2.5283802642661612e-06,5.017966032028198e-05,0.0001952052116394043,0.0,0.00010091908916365355,0.0,0.0,0.0003259869117755443,1.0,0.030980225652456284,0.0,1.0,1.0,0.0,1.0,0.0,0.0,,,,,,,,,,,,,,,,,,,0.990234375,39337.7890625,0.0234375,1.0,0.0,0.0,1
4,single,5,FFN2,bert.encoder.layer.5.output.dense,0.001,31,0,1,1,0.974609375,0.025390625,3.967809789173771e-06,6.498396396636963e-05,0.00028248131275177,0.0,0.00015007093315944076,0.0,0.0,0.0002839651133399457,1.0,0.021748585626482964,0.0,1.0,1.0,0.0,1.0,0.0,0.0,,,,,,,,,,,,,,,,,,,0.984375,59943.96484375,0.025390625,1.0,0.0,0.0,1
4,single,6,Q,bert.encoder.layer.6.attention.self.query,0.001,31,0,1,1,0.966796875,0.033203125,4.67476093035657e-06,3.54275107383728e-05,0.00023199617862701416,0.0,0.00016475147276651114,0.0,0.0,0.00025223521515727043,1.0,0.06788378953933716,0.0,1.0,1.0,0.0,1.0,0.0,0.0,,,,,,,,,,,,,,,,,,,0.978515625,61879.28515625,0.033203125,1.0,0.0,0.0,1
4,single,6,K,bert.encoder.layer.6.attention.self.key,0.001,31,0,1,1,0.98046875,0.01953125,2.80774884231505e-06,9.684637188911438e-05,0.00021760724484920502,0.0,0.00013950231368653476,0.0,0.0,0.00022855083807371557,1.0,0.07853209972381592,0.0,1.0,1.0,0.0,1.0,0.0,0.0,,,,,,,,,,,,,,,,,,,0.986328125,46500.0234375,0.01953125,1.0,0.0,0.0,1
4,single,6,V,bert.encoder.layer.6.attention.self.value,0.001,31,0,1,1,0.9609375,0.0390625,4.562178219202906e-06,4.7837384045124054e-05,0.00017322227358818054,0.0,0.00013737133122049272,0.0,0.0,0.0004995050840079784,1.0,0.022796401754021645,0.0,1.0,1.0,0.0,1.0,0.0,0.0,,,,,,,,,,,,,,,,,,,0.9765625,54375.0,0.0390625,1.0,0.0,0.0,1
4,single,6,O,bert.encoder.layer.6.attention.output.dense,0.001,31,0,1,1,0.951171875,0.048828125,4.647205059882253e-06,3.9540231227874756e-05,0.00015163980424404144,0.0,0.00012981373583897948,0.0,0.0,0.0005191250238567591,1.0,0.09414848685264587,0.0,1.0,1.0,0.0,1.0,0.0,0.0,,,,,,,,,,,,,,,,,,,0.97265625,50123.890625,0.048828125,1.0,0.0,0.0,1
4,single,6,FFN1,bert.encoder.layer.6.intermediate.dense,0.001,31,0,1,1,0.962890625,0.037109375,3.3776643704186426e-06,3.807246685028076e-05,0.00018762052059173584,0.0,0.00010055139864562079,0.0,0.0,0.0003624822711572051,1.0,-0.10856753587722778,0.0,1.0,1.0,0.0,1.0,0.0,0.0,,,,,,,,,,,,,,,,,,,0.982421875,42390.5625,0.037109375,1.0,0.0,0.0,1
4,single,6,FFN2,bert.encoder.layer.6.output.dense,0.001,31,0,1,1,0.982421875,0.017578125,2.264165686938213e-06,1.0572373867034912e-05,0.0001855790615081787,0.0,0.0001250099012395367,0.0,0.0,0.00031764135928824544,1.0,0.10557954013347626,0.0,1.0,1.0,0.0,1.0,0.0,0.0,,,,,,,,,,,,,,,,,,,0.984375,41541.2421875,0.017578125,1.0,0.0,0.0,1
4,single,7,Q,bert.encoder.layer.7.attention.self.query,0.001,31,0,1,1,0.982421875,0.017578125,2.396847321506357e-06,7.576495409011841e-05,0.00017494335770606995,0.0,0.00013386367936618626,0.0,0.0,0.00022761395666748285,1.0,0.09651704877614975,0.0,1.0,1.0,0.0,1.0,0.0,0.0,,,,,,,,,,,,,,,,,,,0.98828125,41806.578125,0.017578125,1.0,0.0,0.0,1
4,single,7,K,bert.encoder.layer.7.attention.self.key,0.001,31,0,1,1,0.98828125,0.01171875,2.1361265680752695e-06,0.00010797567665576935,0.00027260929346084595,0.0,9.60999313974753e-05,0.0,0.0,0.00021975008712615818,1.0,0.097889244556427,0.0,1.0,1.0,0.0,1.0,0.0,0.0,,,,,,,,,,,,,,,,,,,0.99609375,46550.26171875,0.01171875,0.8900146484375,0.0,0.0,1
4,single,7,V,bert.encoder.layer.7.attention.self.value,0.001,31,0,1,1,0.970703125,0.029296875,2.6983643692801706e-06,3.814697265625e-06,0.00016786903142929077,0.0,0.0001180247709271498,0.0,0.0,0.0005004614940844476,1.0,0.10000314563512802,0.0,1.0,1.0,0.0,1.0,0.0,0.0,,,,,,,,,,,,,,,,,,,0.982421875,40409.734375,0.029296875,1.0,0.0,0.0,1
4,single,7,O,bert.encoder.layer.7.attention.output.dense,0.001,31,0,1,1,0.9609375,0.0390625,4.813136001757812e-06,6.242282688617706e-05,0.00023289769887924194,0.0,0.0001408454409101978,0.0,0.0,0.00045140142901800573,1.0,-0.04426979646086693,0.0,1.0,1.0,0.0,1.0,0.0,0.0,,,,,,,,,,,,,,,,,,,0.984375,58935.47265625,0.0390625,1.0,0.0,0.0,1
4,single,7,FFN1,bert.encoder.layer.7.intermediate.dense,0.001,31,0,1,1,0.96484375,0.03515625,3.988870048488025e-06,9.670853614807129e-06,0.00021900911815464497,0.0,0.00013562092499341816,0.0,0.0,0.0003897820715792477,1.0,0.26972296833992004,0.0,1.0,1.0,0.0,1.0,0.0,0.0,,,,,,,,,,,,,,,,,,,0.98046875,51562.9140625,0.03515625,1.0,0.0,0.0,1
4,single,7,FFN2,bert.encoder.layer.7.output.dense,0.001,31,0,1,1,0.98046875,0.01953125,3.0433711799560115e-06,2.660602331161499e-05,0.00026892125606536865,0.0,0.0001431270648026839,0.0,0.0,0.0003396515385247767,1.0,0.03669818118214607,0.0,1.0,1.0,0.0,1.0,0.0,0.0,,,,,,,,,,,,,,,,,,,0.986328125,54530.734375,0.01953125,1.0,0.0,0.0,1
4,single,8,Q,bert.encoder.layer.8.attention.self.query,0.001,31,0,1,1,0.97265625,0.02734375,2.9735081170656485e-06,4.8607587814331055e-05,0.0001789182424545288,0.0,0.00012250464351382107,0.0,0.0,0.000332470255671069,1.0,0.02386011928319931,0.0,1.0,1.0,0.0,1.0,0.0,0.0,,,,,,,,,,,,,,,,,,,0.984375,43819.72265625,0.02734375,1.0,0.0,0.0,1
4,single,8,K,bert.encoder.layer.8.attention.self.key,0.001,31,0,1,1,0.9765625,0.0234375,3.4797533317032503e-06,8.270144462585449e-07,0.00037025660276412964,0.0,0.00013882198254577816,0.0,0.0,0.00030222535133361816,1.0,0.11787229776382446,0.0,1.0,1.0,0.0,1.0,0.0,0.0,,,,,,,,,,,,,,,,,,,0.986328125,60122.3046875,0.0234375,1.0,0.0,0.0,1
4,single,8,V,bert.encoder.layer.8.attention.self.value,0.001,31,0,1,1,0.95703125,0.04296875,5.248513389233267e-06,7.897615432739258e-05,0.0001704096794128418,0.0,0.000138254021294415,0.0,0.0,0.000446025631390512,1.0,-0.03931861370801926,0.0,1.0,1.0,0.0,1.0,0.0,0.0,,,,,,,,,,,,,,,,,,,0.974609375,58581.74609375,0.04296875,1.0,0.0,0.0,1
4,single,8,O,bert.encoder.layer.8.attention.output.dense,0.001,31,0,1,1,0.935546875,0.064453125,7.240791092044674e-06,5.202367901802063e-05,0.00018700957298278809,0.0,0.00015342544065788388,0.0,0.0,0.0005649455124512315,1.0,0.005640500225126743,0.0,1.0,1.0,0.0,1.0,0.0,0.0,,,,,,,,,,,,,,,,,,,0.96875,68501.875,0.064453125,1.0,0.0,0.0,1
4,single,8,FFN1,bert.encoder.layer.8.intermediate.dense,0.001,31,0,1,1,0.98046875,0.01953125,2.41923589783255e-06,3.2763928174972534e-05,0.00022410601377487183,0.0,0.00013441385817714036,0.0,0.0,0.00042690010741353035,1.0,-0.3158701956272125,0.0,1.0,1.0,0.0,1.0,0.0,0.0,,,,,,,,,,,,,,,,,,,0.99609375,42259.19921875,0.01953125,1.0,0.0,0.0,1
4,single,8,FFN2,bert.encoder.layer.8.output.dense,0.001,31,0,1,1,0.96875,0.03125,4.272825208317954e-06,5.995109677314758e-05,0.00023651868104934692,0.0,0.0001489238056819886,0.0,0.0,0.000298762577585876,1.0,0.1123276948928833,0.0,1.0,1.0,0.0,1.0,0.0,0.0,,,,,,,,,,,,,,,,,,,0.974609375,57650.49609375,0.03125,1.0,0.0,0.0,1
4,single,9,Q,bert.encoder.layer.9.attention.self.query,0.001,31,0,1,1,0.97265625,0.02734375,3.6049441405339167e-06,6.580352783203125e-05,0.00024245679378509521,0.0,0.00014645318151451647,0.0,0.0,0.00029297161381691694,1.0,0.013251435942947865,0.0,1.0,1.0,0.0,1.0,0.0,0.0,,,,,,,,,,,,,,,,,,,0.986328125,52460.55859375,0.02734375,1.0,0.0,0.0,1
4,single,9,K,bert.encoder.layer.9.attention.self.key,0.001,31,0,1,1,0.984375,0.015625,1.7061943253793288e-06,7.603317499160767e-05,0.00017821043729782104,0.0,8.967158646555617e-05,0.0,0.0,0.00027164933271706104,1.0,-0.03057597391307354,0.0,1.0,1.0,0.0,1.0,0.0,0.0,,,,,,,,,,,,,,,,,,,0.990234375,32092.828125,0.015625,1.0,0.0,0.0,1
4,single,9,V,bert.encoder.layer.9.attention.self.value,0.001,31,0,1,1,0.947265625,0.052734375,6.327581104415003e-06,1.6774050891399384e-05,0.00020905956625938416,0.0,0.00014795175229664892,0.0,0.0,0.0005726266535930336,1.0,0.00394261023029685,0.0,1.0,1.0,0.0,1.0,0.0,0.0,,,,,,,,,,,,,,,,,,,0.9765625,66128.9140625,0.052734375,1.0,0.0,0.0,1
4,single,9,O,bert.encoder.layer.9.attention.output.dense,0.001,31,0,1,1,0.91796875,0.08203125,8.077171514742076e-06,1.4528632164001465e-05,0.00037421658635139465,0.0,0.0001355810381937772,0.0,0.0,0.0006302111432887614,1.0,0.08867892622947693,0.0,1.0,1.0,0.0,1.0,0.0,0.0,,,,,,,,,,,,,,,,,,,0.947265625,73322.0625,0.08203125,1.0,0.0,0.0,1
4,single,9,FFN1,bert.encoder.layer.9.intermediate.dense,0.001,31,0,1,1,0.982421875,0.017578125,1.930467988131568e-06,2.6397407054901123e-05,0.00019977986812591553,0.0,8.418975630775094e-05,0.0,0.0,0.00035147840389981866,1.0,0.05641708895564079,0.0,1.0,1.0,0.0,1.0,0.0,0.0,,,,,,,,,,,,,,,,,,,0.98828125,36718.546875,0.017578125,1.0,0.0,0.0,1
4,single,9,FFN2,bert.encoder.layer.9.output.dense,0.001,31,0,1,1,0.974609375,0.025390625,3.3190531212312635e-06,8.83154571056366e-05,0.00025459378957748413,0.0,0.00012854119995608926,0.0,0.0,0.00031167210545390844,1.0,0.06811162829399109,0.0,1.0,1.0,0.0,1.0,0.0,0.0,,,,,,,,,,,,,,,,,,,0.98828125,49782.7890625,0.025390625,1.0,0.0,0.0,1
4,single,10,Q,bert.encoder.layer.10.attention.self.query,0.001,31,0,1,1,0.990234375,0.009765625,1.5400214579130989e-06,6.69620931148529e-05,0.0001905001699924469,0.0,0.0,0.0,0.0,0.00023043598048388958,1.0,-0.07644643634557724,0.0,1.0,1.0,0.0,1.0,0.0,0.0,,,,,,,,,,,,,,,,,,,0.99609375,36718.8046875,0.009765625,0.0,0.0,0.0,1
4,single,10,K,bert.encoder.layer.10.attention.self.key,0.001,31,0,1,1,0.982421875,0.017578125,2.651719341884018e-06,8.99583101272583e-05,0.00024197250604629517,0.0,0.00013679653056897223,0.0,0.0,0.00022142312081996351,1.0,-0.07360187917947769,0.0,1.0,1.0,0.0,1.0,0.0,0.0,,,,,,,,,,,,,,,,,,,0.98828125,46914.1640625,0.017578125,1.0,0.0,0.0,1
4,single,10,V,bert.encoder.layer.10.attention.self.value,0.001,31,0,1,1,0.974609375,0.025390625,2.684344508452341e-06,4.5649707317352295e-05,0.00020606815814971924,0.0,0.00011254443961661309,0.0,0.0,0.0004851096891798079,1.0,0.18304811418056488,0.0,1.0,1.0,0.0,1.0,0.0,0.0,,,,,,,,,,,,,,,,,,,0.982421875,41071.3828125,0.025390625,1.0,0.0,0.0,1
4,single,10,O,bert.encoder.layer.10.attention.output.dense,0.001,31,0,1,1,0.96484375,0.03515625,3.591160748328548e-06,5.5320560932159424e-05,0.00017584487795829773,0.0,0.00011359346535755321,0.0,0.0,0.0005080059636384249,1.0,0.013287169858813286,0.0,1.0,1.0,0.0,1.0,0.0,0.0,,,,,,,,,,,,,,,,,,,0.978515625,44980.484375,0.03515625,1.0,0.0,0.0,1
4,single,10,FFN1,bert.encoder.layer.10.intermediate.dense,0.001,31,0,1,1,0.974609375,0.025390625,2.794671672745608e-06,3.505498170852661e-05,0.00017014890909194946,0.0,0.0001183454369311221,0.0,0.0,0.000316230725729838,1.0,0.021693000569939613,0.0,1.0,1.0,0.0,1.0,0.0,0.0,,,,,,,,,,,,,,,,,,,0.986328125,42256.7578125,0.025390625,1.0,0.0,0.0,1
4,single,10,FFN2,bert.encoder.layer.10.output.dense,0.001,31,0,1,1,0.9765625,0.0234375,3.2653097150614485e-06,6.482750177383423e-05,0.0002034492790699005,0.0,0.00015607937530148774,0.0,0.0,0.0003085643984377384,1.0,0.02425115555524826,0.0,1.0,1.0,0.0,1.0,0.0,0.0,,,,,,,,,,,,,,,,,,,0.98828125,50146.09375,0.0234375,1.0,0.0,0.0,1
4,single,11,Q,bert.encoder.layer.11.attention.self.query,0.001,31,0,1,1,0.98828125,0.01171875,1.880176569102332e-06,0.00011230446398258209,0.00021364539861679077,0.0,9.995261643780395e-05,0.0,0.0,0.0002479251998011023,1.0,-0.021932346746325493,0.0,1.0,1.0,0.0,1.0,0.0,0.0,,,,,,,,,,,,,,,,,,,0.99609375,40418.52734375,0.01171875,0.8900146484375,0.0,0.0,1
4,single,11,K,bert.encoder.layer.11.attention.self.key,0.001,31,0,1,1,0.984375,0.015625,2.367371052969247e-06,0.00011326372623443604,0.00020587444305419922,0.0,0.00013336575648281723,0.0,0.0,0.00021871736680623144,1.0,-0.15501351654529572,0.0,1.0,1.0,0.0,1.0,0.0,0.0,,,,,,,,,,,,,,,,,,,0.994140625,43588.55859375,0.015625,1.0,0.0,0.0,1
4,single,11,V,bert.encoder.layer.11.attention.self.value,0.001,31,0,1,1,0.9765625,0.0234375,3.668924364319537e-06,0.0001086825504899025,0.00024293363094329834,0.0,0.0001543305115774274,0.0,0.0,0.0004511249717324972,1.0,-0.010993841104209423,0.0,1.0,1.0,0.0,1.0,0.0,0.0,,,,,,,,,,,,,,,,,,,0.986328125,55579.9296875,0.0234375,1.0,0.0,0.0,1
4,single,11,O,bert.encoder.layer.11.attention.output.dense,0.001,31,0,1,1,0.9765625,0.0234375,2.590792064438574e-06,1.5966594219207764e-05,0.00022385269403457642,0.0,0.00011839014041470364,0.0,0.0,0.0005090577760711312,1.0,0.1188788041472435,0.0,1.0,1.0,0.0,1.0,0.0,0.0,,,,,,,,,,,,,,,,,,,0.982421875,42611.796875,0.0234375,1.0,0.0,0.0,1
4,single,11,FFN1,bert.encoder.layer.11.intermediate.dense,0.001,31,0,1,1,0.982421875,0.017578125,2.3861621230025776e-06,8.4633007645607e-05,0.00021705031394958496,0.0,0.00011958166578551754,0.0,0.0,0.00045686657540500164,1.0,0.10506359487771988,0.0,1.0,1.0,0.0,1.0,0.0,0.0,,,,,,,,,,,,,,,,,,,0.984375,42204.03125,0.017578125,1.0,0.0,0.0,1
4,single,11,FFN2,bert.encoder.layer.11.output.dense,0.001,31,0,1,1,0.978515625,0.021484375,2.6671964405977633e-06,7.057003676891327e-05,0.0001727268099784851,0.0,0.00013174077321309596,0.0,0.001953125,0.0003462607564870268,1.0,0.16114893555641174,0.0,1.0,1.0,0.0,1.0,0.0,0.0,,,,,,,,,,,,,,,,,,,0.978515625,42265.17578125,0.021484375,1.0,0.0,0.0,1
