step,mode,layer_idx,sublayer,module_name,dw_min,desired_bl,sto_round_update,update_bl_management,update_management,dw_zero_ratio,dw_1lsb_ratio,dw_absmean,min_nonzero_delta,dw_absmax,dw_q90,dw_q99,pulse_sat_ratio,bound_sat_ratio,grad_absmean,grad_deadzone_ratio,update_vs_grad_cosine,eff_lr_slope,BL_mean,BL_p99,BL_hit_ratio,pulse_under_frac,pulse_ok_frac,pulse_over_frac,dw_fast_zero_ratio,dw_fast_1lsb_ratio,dw_fast_absmean,dw_slow_zero_ratio,dw_slow_1lsb_ratio,dw_slow_absmean,dw_fast_vs_grad_cosine,dw_fast_eff_lr_slope,hidden_absmean,hidden_absmax,hidden_below1_ratio,hidden_trunc_nonzero_ratio,hidden_trunc_meanabs,is_transfer_step,transfer_duty,transfer_spike,transfer_efficiency,buffer_above_thresh_ratio,sign_mismatch_ratio,rel_update_error,BL_fp_mean,BL_fp_p99,BL_fp_hit_ratio,dw_p50,trace_every
0,single,0,Q,bert.encoder.layer.0.attention.self.query,0.001,31,0,1,1,0.984375,0.015625,1.992370016523637e-06,4.9095600843429565e-05,0.00020318478345870972,0.0,0.00010635617218213156,0.0,0.0,0.00014838212518952787,1.0,-0.05358266457915306,0.0,1.0,1.0,0.0,1.0,0.0,0.0,,,,,,,,,,,,,,,,,,,0.994140625,38395.08203125,0.015625,1.0,0.0,0.0,1
0,single,0,K,bert.encoder.layer.0.attention.self.key,0.001,31,0,1,1,0.994140625,0.005859375,1.161097316071391e-06,0.00013710185885429382,0.00024760887026786804,0.0,0.0,0.0,0.0,0.00015341481775976717,1.0,-0.07441747188568115,0.0,1.0,1.0,0.0,1.0,0.0,0.0,,,,,,,,,,,,,,,,,,,0.998046875,35229.390625,0.005859375,0.0,0.0,0.0,1
0,single,0,V,bert.encoder.layer.0.attention.self.value,0.001,31,0,1,1,0.919921875,0.080078125,7.721911060798448e-06,2.4404376745224e-05,0.0002094469964504242,0.0,0.00015613727737218142,0.0,0.0,0.00035999296233057976,1.0,0.10138371586799622,0.0,1.0,1.0,0.0,1.0,0.0,0.0,,,,,,,,,,,,,,,,,,,0.958984375,67731.5625,0.080078125,1.0,0.0,0.0,1
0,single,0,O,bert.encoder.layer.0.attention.output.dense,0.001,31,0,1,1,0.923828125,0.076171875,6.641593245149124e-06,1.4154240489006042e-05,0.00020300224423408508,0.0,0.00011272096890024841,0.0,0.0,0.00044144841376692057,1.0,0.0803128108382225,0.0,1.0,1.0,0.0,1.0,0.0,0.0,,,,,,,,,,,,,,,,,,,0.955078125,58162.0078125,0.076171875,1.0,0.0,0.0,1
0,single,0,FFN1,bert.encoder.layer.0.intermediate.dense,0.001,31,0,1,1,0.97265625,0.02734375,3.6767278288607486e-06,5.593150854110718e-05,0.00020645605400204659,0.0,0.00014458720397669822,0.0,0.0,0.0002497140085324645,1.0,-0.20227684080600739,0.0,1.0,1.0,0.0,1.0,0.0,0.0,,,,,,,,,,,,,,,,,,,0.98046875,53001.91796875,0.02734375,1.0,0.0,0.0,1
0,single,0,FFN2,bert.encoder.layer.0.output.dense,0.001,31,0,1,1,0.96875,0.03125,3.922079486073926e-06,7.285922765731812e-05,0.00017407909035682678,0.0,0.0001432921562809497,0.0,0.0,0.0002474063076078892,1.0,0.17770104110240936,0.0,1.0,1.0,0.0,1.0,0.0,0.0,,,,,,,,,,,,,,,,,,,0.982421875,51732.53125,0.03125,1.0,0.0,0.0,1
0,single,1,Q,bert.encoder.layer.1.attention.self.query,0.001,31,0,1,1,0.978515625,0.021484375,3.2661137083778158e-06,7.985904812812805e-05,0.00021304190158843994,0.0,0.00015126973448786885,0.0,0.0,0.00028327599284239113,1.0,-0.0355900302529335,0.0,1.0,1.0,0.0,1.0,0.0,0.0,,,,,,,,,,,,,,,,,,,0.98828125,52399.05078125,0.021484375,1.0,0.0,0.0,1
0,single,1,K,bert.encoder.layer.1.attention.self.key,0.001,31,0,1,1,0.970703125,0.029296875,3.625792260208982e-06,6.266310811042786e-05,0.0001883581280708313,0.0,0.00013026170199736953,0.0,0.0,0.0002368203131482005,1.0,-0.03539130464196205,0.0,1.0,1.0,0.0,1.0,0.0,0.0,,,,,,,,,,,,,,,,,,,0.984375,49663.53515625,0.029296875,1.0,0.0,0.0,1
0,single,1,V,bert.encoder.layer.1.attention.self.value,0.001,31,0,1,1,0.9453125,0.0546875,4.548390279524028e-06,1.0435469448566437e-05,0.00017765536904335022,0.0,0.00011399330105632544,0.0,0.0,0.00042000983376055956,1.0,-0.1269073635339737,0.0,1.0,1.0,0.0,1.0,0.0,0.0,,,,,,,,,,,,,,,,,,,0.978515625,47705.69140625,0.0546875,1.0,0.0,0.0,1
0,single,1,O,bert.encoder.layer.1.attention.output.dense,0.001,31,0,1,1,0.912109375,0.087890625,7.618458766955882e-06,3.06740403175354e-05,0.00018950365483760834,0.0,0.0001195866207126528,0.0,0.0,0.0004698561388067901,1.0,0.07216997444629669,0.0,1.0,1.0,0.0,1.0,0.0,0.0,,,,,,,,,,,,,,,,,,,0.94140625,62618.91015625,0.087890625,1.0,0.0,0.0,1
0,single,1,FFN1,bert.encoder.layer.1.intermediate.dense,0.001,31,0,1,1,0.966796875,0.033203125,4.2631545511540025e-06,4.949048161506653e-05,0.00019846856594085693,0.0,0.00014119080151431262,0.0,0.0,0.0002844551345333457,1.0,-0.06035240739583969,0.0,1.0,1.0,0.0,1.0,0.0,0.0,,,,,,,,,,,,,,,,,,,0.986328125,55071.58203125,0.033203125,1.0,0.0,0.0,1
0,single,1,FFN2,bert.encoder.layer.1.output.dense,0.001,31,0,1,1,0.978515625,0.021484375,2.729203515627887e-06,8.46274197101593e-05,0.00019313395023345947,0.0,0.0001259425625903532,0.0,0.0,0.00023756481823511422,1.0,-0.047430992126464844,0.0,1.0,1.0,0.0,1.0,0.0,0.0,,,,,,,,,,,,,,,,,,,0.99609375,43405.58203125,0.021484375,1.0,0.0,0.0,1
0,single,2,Q,bert.encoder.layer.2.attention.self.query,0.001,31,0,1,1,0.9765625,0.0234375,3.1767008294991683e-06,1.0432559065520763e-06,0.00029417872428894043,0.0,0.00011937644012505189,0.0,0.0,0.0001985069684451446,1.0,0.019159341230988503,0.0,1.0,1.0,0.0,1.0,0.0,0.0,,,,,,,,,,,,,,,,,,,0.986328125,53274.08984375,0.0234375,1.0,0.0,0.0,1
0,single,2,K,bert.encoder.layer.2.attention.self.key,0.001,31,0,1,1,0.978515625,0.021484375,2.622593910928117e-06,3.343820571899414e-05,0.00035153585486114025,0.0,9.988202509703115e-05,0.0,0.0,0.00018846133025363088,1.0,-0.013895729556679726,0.0,1.0,1.0,0.0,1.0,0.0,0.0,,,,,,,,,,,,,,,,,,,0.982421875,48210.26171875,0.021484375,1.0,0.0,0.0,1
0,single,2,V,bert.encoder.layer.2.attention.self.value,0.001,31,0,1,1,0.919921875,0.080078125,6.299197593762074e-06,8.156639523804188e-07,0.00016055256128311157,0.0,0.0001169704191852361,0.0,0.0,0.0005751193384639919,1.0,-0.012720044702291489,0.0,1.0,1.0,0.0,1.0,0.0,0.0,,,,,,,,,,,,,,,,,,,0.94921875,54960.53515625,0.080078125,1.0,0.0,0.0,1
0,single,2,O,bert.encoder.layer.2.attention.output.dense,0.001,31,0,1,1,0.91015625,0.08984375,7.599875516461907e-06,1.676660031080246e-05,0.00013690441846847534,0.0,0.000113107351353392,0.0,0.0,0.0005934408400207758,1.0,0.10979856550693512,0.0,1.0,1.0,0.0,1.0,0.0,0.0,,,,,,,,,,,,,,,,,,,0.94921875,60263.734375,0.08984375,1.0,0.0,0.0,1
0,single,2,FFN1,bert.encoder.layer.2.intermediate.dense,0.001,31,0,1,1,0.966796875,0.033203125,3.5466837289277464e-06,4.6133995056152344e-05,0.000155571848154068,0.0,0.00013597053475677967,0.0,0.0,0.0003309730382170528,1.0,0.06914571672677994,0.0,1.0,1.0,0.0,1.0,0.0,0.0,,,,,,,,,,,,,,,,,,,0.982421875,46403.1171875,0.033203125,1.0,0.0,0.0,1
0,single,2,FFN2,bert.encoder.layer.2.output.dense,0.001,31,0,1,1,0.970703125,0.029296875,4.726421138911974e-06,8.018314838409424e-05,0.00032200664281845093,0.0,0.00017998582916334271,0.0,0.0,0.0002654307463672012,1.0,-0.05384967103600502,0.0,1.0,1.0,0.0,1.0,0.0,0.0,,,,,,,,,,,,,,,,,,,0.984375,66160.046875,0.029296875,1.0,0.0,0.0,1
0,single,3,Q,bert.encoder.layer.3.attention.self.query,0.001,31,0,1,1,0.974609375,0.025390625,4.2891415432677604e-06,8.74791294336319e-05,0.00022523850202560425,0.0,0.00018692880985327065,0.0,0.0,0.00022359502327162772,1.0,0.0036824371200054884,0.0,1.0,1.0,0.0,1.0,0.0,0.0,,,,,,,,,,,,,,,,,,,0.986328125,62645.19140625,0.025390625,1.0,0.0,0.0,1
0,single,3,K,bert.encoder.layer.3.attention.self.key,0.001,31,0,1,1,0.982421875,0.017578125,2.360698999837041e-06,3.0644237995147705e-05,0.0002079010009765625,0.0,0.00010236718662781641,0.0,0.0,0.0002075845404760912,1.0,0.051586613059043884,0.0,1.0,1.0,0.0,1.0,0.0,0.0,,,,,,,,,,,,,,,,,,,0.98828125,44653.81640625,0.017578125,1.0,0.0,0.0,1
0,single,3,V,bert.encoder.layer.3.attention.self.value,0.001,31,0,1,1,0.931640625,0.068359375,7.5566917985270265e-06,2.123415470123291e-05,0.00018640747293829918,0.0,0.0001375783613184467,0.0,0.0,0.0005936478264629841,1.0,0.17581064999103546,0.0,1.0,1.0,0.0,1.0,0.0,0.0,,,,,,,,,,,,,,,,,,,0.94921875,68699.4140625,0.068359375,1.0,0.0,0.0,1
0,single,3,O,bert.encoder.layer.3.attention.output.dense,0.001,31,0,1,1,0.900390625,0.099609375,8.612141755293123e-06,2.4837441742420197e-05,0.00020221620798110962,0.0,0.00013128890714142472,0.0,0.0,0.0006419157143682241,1.0,0.2681959271430969,0.0,1.0,1.0,0.0,1.0,0.0,0.0,,,,,,,,,,,,,,,,,,,0.93359375,67151.4765625,0.099609375,1.0,0.0,0.0,1
0,single,3,FFN1,bert.encoder.layer.3.intermediate.dense,0.001,31,0,1,1,0.96484375,0.03515625,4.553120561467949e-06,1.70757994055748e-05,0.00026635080575942993,0.0,0.00015216598694678396,0.0,0.0,0.00040110398549586535,1.0,-0.1062396764755249,0.0,1.0,1.0,0.0,1.0,0.0,0.0,,,,,,,,,,,,,,,,,,,0.982421875,59149.06640625,0.03515625,1.0,0.0,0.0,1
0,single,3,FFN2,bert.encoder.layer.3.output.dense,0.001,31,0,1,1,0.98046875,0.01953125,2.446092366881203e-06,2.6065856218338013e-05,0.00019974121823906898,0.0,0.00010140048834728077,0.0,0.0,0.00024413489154540002,1.0,0.09701204299926758,0.0,1.0,1.0,0.0,1.0,0.0,0.0,,,,,,,,,,,,,,,,,,,0.982421875,42434.5859375,0.01953125,1.0,0.0,0.0,1
0,single,4,Q,bert.encoder.layer.4.attention.self.query,0.001,31,0,1,1,0.96875,0.03125,4.674595402320847e-06,9.603798389434814e-05,0.00028767436742782593,0.0,0.0001463874796172604,0.0,0.0,0.00027509703068062663,1.0,0.15650974214076996,0.0,1.0,1.0,0.0,1.0,0.0,0.0,,,,,,,,,,,,,,,,,,,0.974609375,62671.60546875,0.03125,1.0,0.0,0.0,1
0,single,4,K,bert.encoder.layer.4.attention.self.key,0.001,31,0,1,1,0.974609375,0.025390625,3.863048732455354e-06,7.7810138463974e-05,0.0003707483410835266,0.0,0.00014117920363787562,0.0,0.0,0.0002690814435482025,1.0,-0.056033384054899216,0.0,1.0,1.0,0.0,1.0,0.0,0.0,,,,,,,,,,,,,,,,,,,0.98046875,61189.859375,0.025390625,1.0,0.0,0.0,1
0,single,4,V,bert.encoder.layer.4.attention.self.value,0.001,31,0,1,1,0.96484375,0.03515625,4.05894206778612e-06,2.1152198314666748e-05,0.0001824796199798584,0.0,0.00012903581955470145,0.0,0.0,0.0004904838278889656,1.0,0.22582179307937622,0.0,1.0,1.0,0.0,1.0,0.0,0.0,,,,,,,,,,,,,,,,,,,0.974609375,51348.39453125,0.03515625,1.0,0.0,0.0,1
0,single,4,O,bert.encoder.layer.4.attention.output.dense,0.001,31,0,1,1,0.912109375,0.087890625,1.019151386572048e-05,3.462657332420349e-05,0.0002523483708500862,0.0,0.00016765191685408354,0.0,0.0,0.0005506720626726747,1.0,0.09054894745349884,0.0,1.0,1.0,0.0,1.0,0.0,0.0,,,,,,,,,,,,,,,,,,,0.94921875,82744.2109375,0.087890625,1.0,0.0,0.0,1
0,single,4,FFN1,bert.encoder.layer.4.intermediate.dense,0.001,31,0,1,1,0.96484375,0.03515625,4.556790372589603e-06,2.282857894897461e-05,0.00019156187772750854,0.0,0.00015418069961015135,0.0,0.0,0.00032943757832981646,1.0,0.13446930050849915,0.0,1.0,1.0,0.0,1.0,0.0,0.0,,,,,,,,,,,,,,,,,,,0.970703125,58316.8984375,0.03515625,1.0,0.0,0.0,1
0,single,4,FFN2,bert.encoder.layer.4.output.dense,0.001,31,0,1,1,0.978515625,0.021484375,3.049328370252624e-06,6.381422281265259e-05,0.00025063054636120796,0.0,0.0001242411381099373,0.0,0.0,0.00027061987202614546,1.0,-0.0369105339050293,0.0,1.0,1.0,0.0,1.0,0.0,0.0,,,,,,,,,,,,,,,,,,,0.98828125,49798.765625,0.021484375,1.0,0.0,0.0,1
0,single,5,Q,bert.encoder.layer.5.attention.self.query,0.001,31,0,1,1,0.966796875,0.033203125,4.0704107959754765e-06,4.442781209945679e-05,0.00020907074213027954,0.0,0.0001430640695616603,0.0,0.0,0.0002361667575314641,1.0,0.019623322412371635,0.0,1.0,1.0,0.0,1.0,0.0,0.0,,,,,,,,,,,,,,,,,,,0.982421875,53981.87890625,0.033203125,1.0,0.0,0.0,1
0,single,5,K,bert.encoder.layer.5.attention.self.key,0.001,31,0,1,1,0.98046875,0.01953125,2.5882145564537495e-06,5.287863314151764e-05,0.00022489577531814575,0.0,0.00010937712795566767,0.0,0.0,0.00022784271277487278,1.0,0.07756505906581879,0.0,1.0,1.0,0.0,1.0,0.0,0.0,,,,,,,,,,,,,,,,,,,0.986328125,45863.03125,0.01953125,1.0,0.0,0.0,1
0,single,5,V,bert.encoder.layer.5.attention.self.value,0.001,31,0,1,1,0.951171875,0.048828125,5.412608516053297e-06,5.607958883047104e-06,0.0002146102488040924,0.0,0.000153094413690269,0.0,0.0,0.000504968804307282,1.0,0.0031353244557976723,0.0,1.0,1.0,0.0,1.0,0.0,0.0,,,,,,,,,,,,,,,,,,,0.97265625,60818.1640625,0.048828125,1.0,0.0,0.0,1
0,single,5,O,bert.encoder.layer.5.attention.output.dense,0.001,31,0,1,1,0.939453125,0.060546875,6.393725016096141e-06,2.720952033996582e-05,0.0003050863742828369,0.0,0.00013867679808754474,0.0,0.0,0.0005027558072470129,1.0,0.2190489023923874,0.0,1.0,1.0,0.0,1.0,0.0,0.0,,,,,,,,,,,,,,,,,,,0.95703125,65198.21484375,0.060546875,1.0,0.0,0.0,1
0,single,5,FFN1,bert.encoder.layer.5.intermediate.dense,0.001,31,0,1,1,0.962890625,0.037109375,4.930459908791818e-06,4.869699478149414e-05,0.00022310763597488403,0.0,0.00015404733130708337,0.0,0.0,0.00036780000664293766,1.0,0.2080530822277069,0.0,1.0,1.0,0.0,1.0,0.0,0.0,,,,,,,,,,,,,,,,,,,0.970703125,60401.28125,0.037109375,1.0,0.0,0.0,1
0,single,5,FFN2,bert.encoder.layer.5.output.dense,0.001,31,0,1,1,0.98046875,0.01953125,3.280448254372459e-06,8.585862815380096e-05,0.0002864943817257881,0.0,0.00014347187243402004,0.0,0.0,0.00028321356512606144,1.0,-0.044762879610061646,0.0,1.0,1.0,0.0,1.0,0.0,0.0,,,,,,,,,,,,,,,,,,,0.990234375,56501.203125,0.01953125,1.0,0.0,0.0,1
0,single,6,Q,bert.encoder.layer.6.attention.self.query,0.001,31,0,1,1,0.982421875,0.017578125,2.404376573394984e-06,6.300210952758789e-05,0.0002474486827850342,0.0,0.00011007558350684121,0.0,0.0,0.0002877983497455716,1.0,0.05241822451353073,0.0,1.0,1.0,0.0,1.0,0.0,0.0,,,,,,,,,,,,,,,,,,,0.986328125,44446.69140625,0.017578125,1.0,0.0,0.0,1
0,single,6,K,bert.encoder.layer.6.attention.self.key,0.001,31,0,1,1,0.970703125,0.029296875,4.5397177927952725e-06,9.204819798469543e-05,0.0002453215420246124,0.0,0.00018830649787560105,0.0,0.0,0.00027159234741702676,1.0,-0.003892485983669758,0.0,1.0,1.0,0.0,1.0,0.0,0.0,,,,,,,,,,,,,,,,,,,0.98828125,62799.3046875,0.029296875,1.0,0.0,0.0,1
0,single,6,V,bert.encoder.layer.6.attention.self.value,0.001,31,0,1,1,0.947265625,0.052734375,5.461643013404682e-06,3.184005618095398e-05,0.0001933276653289795,0.0,0.00011764181545004249,0.0,0.0,0.0006129079847596586,1.0,-0.23223307728767395,0.0,1.0,1.0,0.0,1.0,0.0,0.0,,,,,,,,,,,,,,,,,,,0.970703125,56818.3203125,0.052734375,1.0,0.0,0.0,1
0,single,6,O,bert.encoder.layer.6.attention.output.dense,0.001,31,0,1,1,0.94140625,0.05859375,5.953040727035841e-06,1.0274350643157959e-05,0.00019197911024093628,0.0,0.0001367064833175391,0.0,0.0,0.0005806558765470982,1.0,0.004625192377716303,0.0,1.0,1.0,0.0,1.0,0.0,0.0,,,,,,,,,,,,,,,,,,,0.97265625,59434.421875,0.05859375,1.0,0.0,0.0,1
0,single,6,FFN1,bert.encoder.layer.6.intermediate.dense,0.001,31,0,1,1,0.96875,0.03125,3.5551374821807258e-06,5.095265805721283e-05,0.00019809603691101074,0.0,0.00012596235319506377,0.0,0.0,0.00039021740667521954,1.0,0.013825415633618832,0.0,1.0,1.0,0.0,1.0,0.0,0.0,,,,,,,,,,,,,,,,,,,0.984375,47486.65234375,0.03125,1.0,0.0,0.0,1
0,single,6,FFN2,bert.encoder.layer.6.output.dense,0.001,31,0,1,1,0.9765625,0.0234375,3.20185881719226e-06,5.610659718513489e-05,0.00019987672567367554,0.0,0.0001363109768135473,0.0,0.0,0.0003758054808713496,1.0,0.009701626375317574,0.0,1.0,1.0,0.0,1.0,0.0,0.0,,,,,,,,,,,,,,,,,,,0.990234375,49128.37109375,0.0234375,1.0,0.0,0.0,1
0,single,7,Q,bert.encoder.layer.7.attention.self.query,0.001,31,0,1,1,0.9765625,0.0234375,2.6803691071108915e-06,3.451108932495117e-05,0.00017570005729794502,0.0,0.00010802865290315822,0.0,0.0,0.0002600381849333644,1.0,0.07837017625570297,0.0,1.0,1.0,0.0,1.0,0.0,0.0,,,,,,,,,,,,,,,,,,,0.98828125,41824.26953125,0.0234375,1.0,0.0,0.0,1
0,single,7,K,bert.encoder.layer.7.attention.self.key,0.001,31,0,1,1,0.986328125,0.013671875,2.3267566575668752e-06,8.641928434371948e-05,0.0002753622829914093,0.0,9.069138468476012e-05,0.0,0.0,0.00023150918423198164,1.0,0.10971619933843613,0.0,1.0,1.0,0.0,1.0,0.0,0.0,,,,,,,,,,,,,,,,,,,0.994140625,48394.171875,0.013671875,1.0,0.0,0.0,1
0,single,7,V,bert.encoder.layer.7.attention.self.value,0.001,31,0,1,1,0.951171875,0.048828125,5.0833677960326895e-06,1.084478572010994e-05,0.00016379915177822113,0.0,0.00013604755804408342,0.0,0.0,0.0005444635171443224,1.0,0.13759763538837433,0.0,1.0,1.0,0.0,1.0,0.0,0.0,,,,,,,,,,,,,,,,,,,0.962890625,55530.75,0.048828125,1.0,0.0,0.0,1
0,single,7,O,bert.encoder.layer.7.attention.output.dense,0.001,31,0,1,1,0.947265625,0.052734375,6.2122508097672835e-06,2.993643283843994e-05,0.00028637051582336426,0.0,0.00015548717055935413,0.0,0.0,0.0005602746969088912,1.0,0.07228997349739075,0.0,1.0,1.0,0.0,1.0,0.0,0.0,,,,,,,,,,,,,,,,,,,0.966796875,67292.5,0.052734375,1.0,0.0,0.0,1
0,single,7,FFN1,bert.encoder.layer.7.intermediate.dense,0.001,31,0,1,1,0.96875,0.03125,3.624982127803378e-06,4.0333718061447144e-05,0.00020436570048332214,0.0,0.00012785466969944537,0.0,0.0,0.00043784244917333126,1.0,0.06222585588693619,0.0,1.0,1.0,0.0,1.0,0.0,0.0,,,,,,,,,,,,,,,,,,,0.98828125,49299.9453125,0.03125,1.0,0.0,0.0,1
0,single,7,FFN2,bert.encoder.layer.7.output.dense,0.001,31,0,1,1,0.984375,0.015625,2.4248174668173306e-06,9.334878996014595e-05,0.00026185810565948486,0.0,0.00011433338659116998,0.0,0.0,0.0003167284303344786,1.0,0.04172395542263985,0.0,1.0,1.0,0.0,1.0,0.0,0.0,,,,,,,,,,,,,,,,,,,0.990234375,46321.57421875,0.015625,1.0,0.0,0.0,1
0,single,8,Q,bert.encoder.layer.8.attention.self.query,0.001,31,0,1,1,0.97265625,0.02734375,4.261385583959054e-06,8.156523108482361e-05,0.0002876957878470421,0.0,0.00016051613783929497,0.0,0.0,0.00034224853152409196,1.0,0.019824184477329254,0.0,1.0,1.0,0.0,1.0,0.0,0.0,,,,,,,,,,,,,,,,,,,0.98046875,61955.9140625,0.02734375,1.0,0.0,0.0,1
0,single,8,K,bert.encoder.layer.8.attention.self.key,0.001,31,0,1,1,0.98046875,0.01953125,2.9330167308216915e-06,8.259713649749756e-05,0.0003698514774441719,0.0,0.000112759335024748,0.0,0.0,0.00027417170349508524,1.0,0.05221189185976982,0.0,1.0,1.0,0.0,1.0,0.0,0.0,,,,,,,,,,,,,,,,,,,0.98828125,53810.36328125,0.01953125,1.0,0.0,0.0,1
0,single,8,V,bert.encoder.layer.8.attention.self.value,0.001,31,0,1,1,0.95703125,0.04296875,4.739285941468552e-06,3.273040056228638e-05,0.00019211694598197937,0.0,0.0001502538361819461,0.0,0.0,0.00044725724728778005,1.0,-0.024852726608514786,0.0,1.0,1.0,0.0,1.0,0.0,0.0,,,,,,,,,,,,,,,,,,,0.970703125,55878.46484375,0.04296875,1.0,0.0,0.0,1
0,single,8,O,bert.encoder.layer.8.attention.output.dense,0.001,31,0,1,1,0.96875,0.03125,3.407713393244194e-06,2.0947307348251343e-05,0.00015924125909805298,0.0,0.0001254047965630889,0.0,0.0,0.000528898905031383,1.0,-0.04133843630552292,0.0,1.0,1.0,0.0,1.0,0.0,0.0,,,,,,,,,,,,,,,,,,,0.986328125,45486.19140625,0.03125,1.0,0.0,0.0,1
0,single,8,FFN1,bert.encoder.layer.8.intermediate.dense,0.001,31,0,1,1,0.96875,0.03125,4.313614226703066e-06,6.432086229324341e-05,0.00018656998872756958,0.0,0.0001494124880991876,0.0,0.0,0.0004337191639933735,1.0,0.1261681765317917,0.0,1.0,1.0,0.0,1.0,0.0,0.0,,,,,,,,,,,,,,,,,,,0.984375,56809.328125,0.03125,1.0,0.0,0.0,1
0,single,8,FFN2,bert.encoder.layer.8.output.dense,0.001,31,0,1,1,0.951171875,0.048828125,6.374031272571301e-06,3.8973987102508545e-05,0.00019324570894241333,0.0,0.00015393011562991887,0.0,0.0,0.0003318559902254492,1.0,0.09824676811695099,0.0,1.0,1.0,0.0,1.0,0.0,0.0,,,,,,,,,,,,,,,,,,,0.962890625,67586.2734375,0.048828125,1.0,0.0,0.0,1
0,single,9,Q,bert.encoder.layer.9.attention.self.query,0.001,31,0,1,1,0.9765625,0.0234375,3.0966507438279223e-06,6.696581840515137e-05,0.00022301822900772095,0.0,0.0001360188762191683,0.0,0.0,0.00031209178268909454,1.0,0.15302060544490814,0.0,1.0,1.0,0.0,1.0,0.0,0.0,,,,,,,,,,,,,,,,,,,0.982421875,48684.69140625,0.0234375,1.0,0.0,0.0,1
0,single,9,K,bert.encoder.layer.9.attention.self.key,0.001,31,0,1,1,0.970703125,0.029296875,4.27422855864279e-06,4.1581690311431885e-05,0.0002528298646211624,0.0,0.00016361982852686197,0.0,0.0,0.0002760895004030317,1.0,0.003969390876591206,0.0,1.0,1.0,0.0,1.0,0.0,0.0,,,,,,,,,,,,,,,,,,,0.982421875,60312.20703125,0.029296875,1.0,0.0,0.0,1
0,single,9,V,bert.encoder.layer.9.attention.self.value,0.001,31,0,1,1,0.9609375,0.0390625,3.8870030039106496e-06,3.8605183362960815e-05,0.00014713779091835022,0.0,0.0001149664749391377,0.0,0.0,0.0005823989631608129,1.0,0.08152300864458084,0.0,1.0,1.0,0.0,1.0,0.0,0.0,,,,,,,,,,,,,,,,,,,0.970703125,46529.13671875,0.0390625,1.0,0.0,0.0,1
0,single,9,O,bert.encoder.layer.9.attention.output.dense,0.001,31,0,1,1,0.9375,0.0625,5.998956112307496e-06,9.357929229736328e-06,0.00019013136625289917,0.0,0.0001332383108092472,0.0,0.0,0.0006567540112882853,1.0,0.10879582166671753,0.0,1.0,1.0,0.0,1.0,0.0,0.0,,,,,,,,,,,,,,,,,,,0.96484375,59180.61328125,0.0625,1.0,0.0,0.0,1
0,single,9,FFN1,bert.encoder.layer.9.intermediate.dense,0.001,31,0,1,1,0.96875,0.03125,4.326401722209994e-06,3.956258296966553e-05,0.00030520185828208923,0.0,0.0001374331914121285,0.0,0.0,0.0003955736174248159,1.0,0.09281086176633835,0.0,1.0,1.0,0.0,1.0,0.0,0.0,,,,,,,,,,,,,,,,,,,0.982421875,60918.859375,0.03125,1.0,0.0,0.0,1
0,single,9,FFN2,bert.encoder.layer.9.output.dense,0.001,31,0,1,1,0.984375,0.015625,2.3594593585585244e-06,0.00010308157652616501,0.00017197802662849426,0.0,0.00014980156265664846,0.0,0.0,0.00030099303694441915,1.0,0.09195773303508759,0.0,1.0,1.0,0.0,1.0,0.0,0.0,,,,,,,,,,,,,,,,,,,0.986328125,43141.22265625,0.015625,1.0,0.0,0.0,1
0,single,10,Q,bert.encoder.layer.10.attention.self.query,0.001,31,0,1,1,0.99609375,0.00390625,6.903210305608809e-07,0.0001687370240688324,0.00018470734357833862,0.0,0.0,0.0,0.0,0.000295299687422812,1.0,-0.08228999376296997,0.0,1.0,1.0,0.0,1.0,0.0,0.0,,,,,,,,,,,,,,,,,,,1.0,25017.7890625,0.00390625,0.0,0.0,0.0,1
0,single,10,K,bert.encoder.layer.10.attention.self.key,0.001,31,0,1,1,0.98046875,0.01953125,2.963955466839252e-06,7.384270429611206e-05,0.00027442723512649536,0.0,0.00013181836402509362,0.0,0.0,0.00025835965061560273,1.0,-0.0014887723373249173,0.0,1.0,1.0,0.0,1.0,0.0,0.0,,,,,,,,,,,,,,,,,,,0.994140625,52048.34375,0.01953125,1.0,0.0,0.0,1
0,single,10,V,bert.encoder.layer.10.attention.self.value,0.001,31,0,1,1,0.962890625,0.037109375,4.3229783841525204e-06,3.4302473068237305e-05,0.00019098326447419822,0.0,0.0001279631396755576,0.0,0.0,0.0005404014373198152,1.0,-0.014943301677703857,0.0,1.0,1.0,0.0,1.0,0.0,0.0,,,,,,,,,,,,,,,,,,,0.966796875,52901.25390625,0.037109375,1.0,0.0,0.0,1
0,single,10,O,bert.encoder.layer.10.attention.output.dense,0.001,31,0,1,1,0.953125,0.046875,4.474234174267622e-06,2.0928680896759033e-05,0.0001449231058359146,0.0,0.00013010489055886865,0.0,0.0,0.0005655281711369753,1.0,0.09519783407449722,0.0,1.0,1.0,0.0,1.0,0.0,0.0,,,,,,,,,,,,,,,,,,,0.966796875,49756.19921875,0.046875,1.0,0.0,0.0,1
0,single,10,FFN1,bert.encoder.layer.10.intermediate.dense,0.001,31,0,1,1,0.97265625,0.02734375,3.8913331081857905e-06,6.697326898574829e-05,0.0003044009208679199,0.0,0.00015305826673284173,0.0,0.0,0.00034897075966000557,1.0,0.056592002511024475,0.0,1.0,1.0,0.0,1.0,0.0,0.0,,,,,,,,,,,,,,,,,,,0.986328125,57315.07421875,0.02734375,1.0,0.0,0.0,1
0,single,10,FFN2,bert.encoder.layer.10.output.dense,0.001,31,0,1,1,0.9765625,0.0234375,3.1273557397071272e-06,5.167722702026367e-05,0.00025153998285532,0.0,0.00012683701061178,0.0,0.0,0.0003368348116055131,1.0,0.02851325273513794,0.0,1.0,1.0,0.0,1.0,0.0,0.0,,,,,,,,,,,,,,,,,,,0.984375,49983.44921875,0.0234375,1.0,0.0,0.0,1
0,single,11,Q,bert.encoder.layer.11.attention.self.query,0.001,31,0,1,1,0.994140625,0.005859375,7.946000550873578e-07,1.8946826457977295e-05,0.00021128356456756592,0.0,0.0,0.0,0.0,0.0002523203438613564,1.0,0.04621565714478493,0.0,1.0,1.0,0.0,1.0,0.0,0.0,,,,,,,,,,,,,,,,,,,0.99609375,27602.35546875,0.005859375,0.0,0.0,0.0,1
0,single,11,K,bert.encoder.layer.11.attention.self.key,0.001,31,0,1,1,0.9765625,0.0234375,3.8057057736295974e-06,8.349865674972534e-05,0.00026543065905570984,0.0,0.0001614303037058562,0.0,0.0,0.00024858114193193614,1.0,-0.07174526154994965,0.0,1.0,1.0,0.0,1.0,0.0,0.0,,,,,,,,,,,,,,,,,,,0.986328125,59296.19140625,0.0234375,1.0,0.0,0.0,1
0,single,11,V,bert.encoder.layer.11.attention.self.value,0.001,31,0,1,1,0.955078125,0.044921875,5.857730684510898e-06,3.9950013160705566e-05,0.00023619458079338074,0.0,0.00016095359751489013,0.0,0.0,0.0004923351807519794,1.0,0.05133824795484543,0.0,1.0,1.0,0.0,1.0,0.0,0.0,,,,,,,,,,,,,,,,,,,0.9765625,66121.8125,0.044921875,1.0,0.0,0.0,1
0,single,11,O,bert.encoder.layer.11.attention.output.dense,0.001,31,0,1,1,0.962890625,0.037109375,4.884885129285976e-06,8.626654744148254e-05,0.00018442794680595398,0.0,0.00015846012684050947,0.0,0.0,0.0005143489106558263,1.0,0.18484830856323242,0.0,1.0,1.0,0.0,1.0,0.0,0.0,,,,,,,,,,,,,,,,,,,0.9765625,59101.64453125,0.037109375,1.0,0.0,0.0,1
0,single,11,FFN1,bert.encoder.layer.11.intermediate.dense,0.001,31,0,1,1,0.96875,0.03125,3.840663339360617e-06,9.98377799987793e-06,0.00023389607667922974,0.0,0.0001442744687665254,0.0,0.0,0.00047276023542508483,1.0,0.020296767354011536,0.0,1.0,1.0,0.0,1.0,0.0,0.0,,,,,,,,,,,,,,,,,,,0.98046875,53794.765625,0.03125,1.0,0.0,0.0,1
0,single,11,FFN2,bert.encoder.layer.11.output.dense,0.001,31,0,1,1,0.974609375,0.025390625,2.4543296603951603e-06,3.530457615852356e-05,0.00013619312085211277,0.0,0.00010503840894671157,0.0,0.001953125,0.0003836950345430523,1.0,0.12829148769378662,0.0,1.0,1.0,0.0,1.0,0.0,0.0,,,,,,,,,,,,,,,,,,,0.982421875,36178.47265625,0.025390625,1.0,0.0,0.0,1
1,single,0,Q,bert.encoder.layer.0.attention.self.query,0.001,31,0,1,1,0.98046875,0.01953125,2.6596608222462237e-06,7.76536762714386e-05,0.00020717084407806396,0.0,0.00013436870358418673,0.0,0.0,0.00019788900681305677,1.0,0.1004180759191513,0.0,1.0,1.0,0.0,1.0,0.0,0.0,,,,,,,,,,,,,,,,,,,0.98828125,44256.796875,0.01953125,1.0,0.0,0.0,1
1,single,0,K,bert.encoder.layer.0.attention.self.key,0.001,31,0,1,1,0.978515625,0.021484375,3.128461685264483e-06,4.442036151885986e-05,0.0002719983458518982,0.0,0.00013694079825654626,0.0,0.0,0.00016444844368379563,1.0,-0.014296229928731918,0.0,1.0,1.0,0.0,1.0,0.0,0.0,,,,,,,,,,,,,,,,,,,0.990234375,52126.13671875,0.021484375,1.0,0.0,0.0,1
1,single,0,V,bert.encoder.layer.0.attention.self.value,0.001,31,0,1,1,0.935546875,0.064453125,5.443296686280519e-06,2.1088868379592896e-05,0.00015098974108695984,0.0,0.00011297208402538672,0.0,0.0,0.0004101509985048324,1.0,-0.03481663390994072,0.0,1.0,1.0,0.0,1.0,0.0,0.0,,,,,,,,,,,,,,,,,,,0.97265625,51746.32421875,0.064453125,1.0,0.0,0.0,1
1,single,0,O,bert.encoder.layer.0.attention.output.dense,0.001,31,0,1,1,0.931640625,0.068359375,5.5395657909684815e-06,3.962218761444092e-05,0.00017059221863746643,0.0,0.00011402039672248065,0.0,0.0,0.0004563031252473593,1.0,-0.01858888752758503,0.0,1.0,1.0,0.0,1.0,0.0,0.0,,,,,,,,,,,,,,,,,,,0.96875,50877.109375,0.068359375,1.0,0.0,0.0,1
1,single,0,FFN1,bert.encoder.layer.0.intermediate.dense,0.001,31,0,1,1,0.990234375,0.009765625,1.0081512300530449e-06,5.404278635978699e-05,0.00018101930618286133,0.0,0.0,0.0,0.0,0.00030697754118591547,1.0,0.07438434660434723,0.0,1.0,1.0,0.0,1.0,0.0,0.0,,,,,,,,,,,,,,,,,,,0.994140625,24935.86328125,0.009765625,0.0,0.0,0.0,1
1,single,0,FFN2,bert.encoder.layer.0.output.dense,0.001,31,0,1,1,0.978515625,0.021484375,2.6265815904480405e-06,5.4035335779190063e-05,0.00018350966274738312,0.0,0.00010930738790193573,0.0,0.0,0.00021095560805406421,1.0,0.035379499197006226,0.0,1.0,1.0,0.0,1.0,0.0,0.0,,,,,,,,,,,,,,,,,,,0.986328125,42508.30859375,0.021484375,1.0,0.0,0.0,1
1,single,1,Q,bert.encoder.layer.1.attention.self.query,0.001,31,0,1,1,0.978515625,0.021484375,3.379403096914757e-06,8.356571197509766e-05,0.00024164142087101936,0.0,0.00014622462913393974,0.0,0.0,0.0003465974878054112,1.0,0.14239439368247986,0.0,1.0,1.0,0.0,1.0,0.0,0.0,,,,,,,,,,,,,,,,,,,0.986328125,54405.15234375,0.021484375,1.0,0.0,0.0,1
1,single,1,K,bert.encoder.layer.1.attention.self.key,0.001,31,0,1,1,0.970703125,0.029296875,4.963993887940887e-06,4.992634057998657e-05,0.00025505945086479187,0.0,0.00019208552839700133,0.0,0.0,0.00023012723249848932,1.0,0.07640064507722855,0.0,1.0,1.0,0.0,1.0,0.0,0.0,,,,,,,,,,,,,,,,,,,0.982421875,69429.4609375,0.029296875,1.0,0.0,0.0,1
1,single,1,V,bert.encoder.layer.1.attention.self.value,0.001,31,0,1,1,0.943359375,0.056640625,5.982837137707975e-06,4.0397047996520996e-05,0.000307716429233551,0.0,0.00014216528506949544,0.0,0.0,0.00046547126839868724,1.0,0.15217599272727966,0.0,1.0,1.0,0.0,1.0,0.0,0.0,,,,,,,,,,,,,,,,,,,0.96484375,63038.3203125,0.056640625,1.0,0.0,0.0,1
1,single,1,O,bert.encoder.layer.1.attention.output.dense,0.001,31,0,1,1,0.919921875,0.080078125,6.942831078049494e-06,1.5124678611755371e-06,0.00015961751341819763,0.0,0.0001144021371146664,0.0,0.0,0.00048299244372174144,1.0,0.09321966767311096,0.0,1.0,1.0,0.0,1.0,0.0,0.0,,,,,,,,,,,,,,,,,,,0.953125,58673.0078125,0.080078125,1.0,0.0,0.0,1
1,single,1,FFN1,bert.encoder.layer.1.intermediate.dense,0.001,31,0,1,1,0.970703125,0.029296875,3.5580819712777156e-06,4.167482256889343e-05,0.00017691776156425476,0.0,0.00013490972924046218,0.0,0.0,0.0002739609044510871,1.0,0.05662507563829422,0.0,1.0,1.0,0.0,1.0,0.0,0.0,,,,,,,,,,,,,,,,,,,0.98046875,48987.3984375,0.029296875,1.0,0.0,0.0,1
1,single,1,FFN2,bert.encoder.layer.1.output.dense,0.001,31,0,1,1,0.982421875,0.017578125,2.593851604615338e-06,8.545629680156708e-05,0.0003264099359512329,0.0,0.00011275475844740868,0.0,0.0,0.0002350750146433711,1.0,0.056828055530786514,0.0,1.0,1.0,0.0,1.0,0.0,0.0,,,,,,,,,,,,,,,,,,,0.984375,49149.70703125,0.017578125,1.0,0.0,0.0,1
1,single,2,Q,bert.encoder.layer.2.attention.self.query,0.001,31,0,1,1,0.9765625,0.0234375,2.979455985041568e-06,8.463487029075623e-05,0.00017903000116348267,0.0,0.00012898995191790164,0.0,0.0,0.0002068621397484094,1.0,-0.031299810856580734,0.0,1.0,1.0,0.0,1.0,0.0,0.0,,,,,,,,,,,,,,,,,,,0.994140625,45045.703125,0.0234375,1.0,0.0,0.0,1
1,single,2,K,bert.encoder.layer.2.attention.self.key,0.001,31,0,1,1,0.984375,0.015625,2.3133543436415493e-06,4.558637738227844e-05,0.0004171431064605713,0.0,8.607067866250873e-05,0.0,0.0,0.00017300578474532813,1.0,0.10822167992591858,0.0,1.0,1.0,0.0,1.0,0.0,0.0,,,,,,,,,,,,,,,,,,,0.98828125,52775.49609375,0.015625,1.0,0.0,0.0,1
1,single,2,V,bert.encoder.layer.2.attention.self.value,0.001,31,0,1,1,0.927734375,0.072265625,5.660972419718746e-06,1.3820827007293701e-05,0.00015425309538841248,0.0,0.00010869823745451868,0.0,0.0,0.0005322275683283806,1.0,0.13994118571281433,0.0,1.0,1.0,0.0,1.0,0.0,0.0,,,,,,,,,,,,,,,,,,,0.953125,50961.82421875,0.072265625,1.0,0.0,0.0,1
1,single,2,O,bert.encoder.layer.2.attention.output.dense,0.001,31,0,1,1,0.927734375,0.072265625,6.071174539101776e-06,1.5956349670886993e-05,0.0002204887568950653,0.0,0.00011048868327634409,0.0,0.0,0.0005868517328053713,1.0,0.09014798700809479,0.0,1.0,1.0,0.0,1.0,0.0,0.0,,,,,,,,,,,,,,,,,,,0.9609375,55067.98828125,0.072265625,1.0,0.0,0.0,1
1,single,2,FFN1,bert.encoder.layer.2.intermediate.dense,0.001,31,0,1,1,0.974609375,0.025390625,2.9726256798312534e-06,2.014636993408203e-05,0.00025252997875213623,0.0,0.00011037201329600066,0.0,0.0,0.0002915601071435958,1.0,0.08851776272058487,0.0,1.0,1.0,0.0,1.0,0.0,0.0,,,,,,,,,,,,,,,,,,,0.986328125,47479.671875,0.025390625,1.0,0.0,0.0,1
1,single,2,FFN2,bert.encoder.layer.2.output.dense,0.001,31,0,1,1,0.9765625,0.0234375,2.955656782432925e-06,5.3120777010917664e-05,0.00022067874670028687,0.0,0.00011894054478034377,0.0,0.0,0.00021962096798233688,1.0,0.002011496340855956,0.0,1.0,1.0,0.0,1.0,0.0,0.0,,,,,,,,,,,,,,,,,,,0.984375,46511.76953125,0.0234375,1.0,0.0,0.0,1
1,single,3,Q,bert.encoder.layer.3.attention.self.query,0.001,31,0,1,1,0.984375,0.015625,1.7851052689366043e-06,2.4884939193725586e-06,0.0001605898141860962,0.0,0.0001015513771562837,0.0,0.0,0.0002358589699724689,1.0,0.05108015611767769,0.0,1.0,1.0,0.0,1.0,0.0,0.0,,,,,,,,,,,,,,,,,,,0.986328125,35083.49609375,0.015625,1.0,0.0,0.0,1
1,single,3,K,bert.encoder.layer.3.attention.self.key,0.001,31,0,1,1,0.994140625,0.005859375,7.187954906839877e-07,2.03549861907959e-05,0.00017496757209300995,0.0,0.0,0.0,0.0,0.00019642639381345361,1.0,0.055473942309617996,0.0,1.0,1.0,0.0,1.0,0.0,0.0,,,,,,,,,,,,,,,,,,,0.994140625,24668.505859375,0.005859375,0.0,0.0,0.0,1
1,single,3,V,bert.encoder.layer.3.attention.self.value,0.001,31,0,1,1,0.94921875,0.05078125,4.751341748487903e-06,1.23677309602499e-05,0.0001592189073562622,0.0,0.0001222355494974181,0.0,0.0,0.0005026378203183413,1.0,-0.025293059647083282,0.0,1.0,1.0,0.0,1.0,0.0,0.0,,,,,,,,,,,,,,,,,,,0.9765625,51044.68359375,0.05078125,1.0,0.0,0.0,1
1,single,3,O,bert.encoder.layer.3.attention.output.dense,0.001,31,0,1,1,0.923828125,0.076171875,6.277009561017621e-06,4.376750439405441e-06,0.00020433403551578522,0.0,0.00011251446267124265,0.0,0.0,0.0004926603869535029,1.0,0.07317999005317688,0.0,1.0,1.0,0.0,1.0,0.0,0.0,,,,,,,,,,,,,,,,,,,0.958984375,56001.21875,0.076171875,1.0,0.0,0.0,1
1,single,3,FFN1,bert.encoder.layer.3.intermediate.dense,0.001,31,0,1,1,0.970703125,0.029296875,4.037874532514252e-06,4.3484033085405827e-07,0.00026712194085121155,0.0,0.0001457811304135248,0.0,0.0,0.0003670291625894606,1.0,0.3985099792480469,0.0,1.0,1.0,0.0,1.0,0.0,0.0,,,,,,,,,,,,,,,,,,,0.984375,58490.98828125,0.029296875,1.0,0.0,0.0,1
1,single,3,FFN2,bert.encoder.layer.3.output.dense,0.001,31,0,1,1,0.984375,0.015625,2.724753358052112e-06,7.450580596923828e-05,0.00028374791145324707,0.0,0.00014266972721088678,0.0,0.0,0.00018921916489489377,1.0,0.028786875307559967,0.0,1.0,1.0,0.0,1.0,0.0,0.0,,,,,,,,,,,,,,,,,,,0.98828125,52425.19140625,0.015625,1.0,0.0,0.0,1
1,single,4,Q,bert.encoder.layer.4.attention.self.query,0.001,31,0,1,1,0.9921875,0.0078125,9.643068779041641e-07,0.0001011158456094563,0.00014056358486413956,0.0,0.0,0.0,0.0,0.0002347618283238262,1.0,0.11736707389354706,0.0,1.0,1.0,0.0,1.0,0.0,0.0,,,,,,,,,,,,,,,,,,,0.99609375,24888.150390625,0.0078125,0.0,0.0,0.0,1
1,single,4,K,bert.encoder.layer.4.attention.self.key,0.001,31,0,1,1,0.974609375,0.025390625,3.455943669905537e-06,8.332543075084686e-05,0.0002347007393836975,0.0,0.0001459629274904728,0.0,0.0,0.0001892960863187909,1.0,-0.061696022748947144,0.0,1.0,1.0,0.0,1.0,0.0,0.0,,,,,,,,,,,,,,,,,,,0.990234375,51343.28515625,0.025390625,1.0,0.0,0.0,1
1,single,4,V,bert.encoder.layer.4.attention.self.value,0.001,31,0,1,1,0.9609375,0.0390625,3.900492629327346e-06,2.8718262910842896e-05,0.00017271935939788818,0.0,0.00011233539407839999,0.0,0.0,0.00033561396412551403,1.0,0.16545306146144867,0.0,1.0,1.0,0.0,1.0,0.0,0.0,,,,,,,,,,,,,,,,,,,0.97265625,46772.58984375,0.0390625,1.0,0.0,0.0,1
1,single,4,O,bert.encoder.layer.4.attention.output.dense,0.001,31,0,1,1,0.958984375,0.041015625,3.83419592253631e-06,1.872330904006958e-05,0.00021754205226898193,0.0,0.00011829754657810554,0.0,0.0,0.00037940984475426376,1.0,-0.00014487275620922446,0.0,1.0,1.0,0.0,1.0,0.0,0.0,,,,,,,,,,,,,,,,,,,0.9765625,48172.6953125,0.041015625,1.0,0.0,0.0,1
1,single,4,FFN1,bert.encoder.layer.4.intermediate.dense,0.001,31,0,1,1,0.984375,0.015625,1.6762887753429823e-06,4.413723945617676e-05,0.00016405479982495308,0.0,9.927916107699275e-05,0.0,0.0,0.0002672967384569347,1.0,-0.03199223056435585,0.0,1.0,1.0,0.0,1.0,0.0,0.0,,,,,,,,,,,,,,,,,,,0.990234375,32353.05859375,0.015625,1.0,0.0,0.0,1
1,single,4,FFN2,bert.encoder.layer.4.output.dense,0.001,31,0,1,1,0.984375,0.015625,2.193364707636647e-06,6.047636270523071e-05,0.0002348814159631729,0.0,0.00011528602772159502,0.0,0.0,0.00020376221800688654,1.0,0.18444392085075378,0.0,1.0,1.0,0.0,1.0,0.0,0.0,,,,,,,,,,,,,,,,,,,0.98828125,41937.3671875,0.015625,1.0,0.0,0.0,1
1,single,5,Q,bert.encoder.layer.5.attention.self.query,0.001,31,0,1,1,0.99609375,0.00390625,6.608552212128416e-07,0.00014093238860368729,0.0001974254846572876,0.0,0.0,0.0,0.0,0.00017658830620348454,1.0,0.000712652166839689,0.0,1.0,1.0,0.0,1.0,0.0,0.0,,,,,,,,,,,,,,,,,,,0.998046875,24256.703125,0.00390625,0.0,0.0,0.0,1
1,single,5,K,bert.encoder.layer.5.attention.self.key,0.001,31,0,1,1,0.974609375,0.025390625,3.3080705179600045e-06,6.716325879096985e-05,0.00020466744899749756,0.0,0.000141498792800121,0.0,0.0,0.00014693770208396018,1.0,0.03944865241646767,0.0,1.0,1.0,0.0,1.0,0.0,0.0,,,,,,,,,,,,,,,,,,,0.98046875,49673.5625,0.025390625,1.0,0.0,0.0,1
1,single,5,V,bert.encoder.layer.5.attention.self.value,0.001,31,0,1,1,0.958984375,0.041015625,4.759755029226653e-06,4.526600241661072e-05,0.00019863247871398926,0.0,0.00015380173863377422,0.0,0.0,0.0003519328311085701,1.0,0.036768317222595215,0.0,1.0,1.0,0.0,1.0,0.0,0.0,,,,,,,,,,,,,,,,,,,0.98046875,57041.37109375,0.041015625,1.0,0.0,0.0,1
1,single,5,O,bert.encoder.layer.5.attention.output.dense,0.001,31,0,1,1,0.93359375,0.06640625,6.774492703698343e-06,1.3984739780426025e-05,0.00023107603192329407,0.0,0.00014019187074154615,0.0,0.0,0.00044248567428439856,1.0,0.09324295818805695,0.0,1.0,1.0,0.0,1.0,0.0,0.0,,,,,,,,,,,,,,,,,,,0.966796875,65160.80078125,0.06640625,1.0,0.0,0.0,1
1,single,5,FFN1,bert.encoder.layer.5.intermediate.dense,0.001,31,0,1,1,0.98046875,0.01953125,2.4338223738595843e-06,6.419233977794647e-05,0.00020315498113632202,0.0,0.00010990408918587491,0.0,0.0,0.0003226925036869943,1.0,0.022872261703014374,0.0,1.0,1.0,0.0,1.0,0.0,0.0,,,,,,,,,,,,,,,,,,,0.9921875,41543.859375,0.01953125,1.0,0.0,0.0,1
1,single,5,FFN2,bert.encoder.layer.5.output.dense,0.001,31,0,1,1,0.97265625,0.02734375,4.229618753015529e-06,0.00010206922888755798,0.00033906474709510803,0.0,0.00014911411562934518,0.0,0.0,0.00023799785412847996,1.0,0.015161159448325634,0.0,1.0,1.0,0.0,1.0,0.0,0.0,,,,,,,,,,,,,,,,,,,0.984375,61521.859375,0.02734375,1.0,0.0,0.0,1
1,single,6,Q,bert.encoder.layer.6.attention.self.query,0.001,31,0,1,1,0.98046875,0.01953125,2.6313430225854972e-06,7.904320955276489e-05,0.0002077147364616394,0.0,0.00012133755080867559,0.0,0.0,0.0001891734718810767,1.0,-0.025886232033371925,0.0,1.0,1.0,0.0,1.0,0.0,0.0,,,,,,,,,,,,,,,,,,,0.990234375,44445.59375,0.01953125,1.0,0.0,0.0,1
1,single,6,K,bert.encoder.layer.6.attention.self.key,0.001,31,0,1,1,0.982421875,0.017578125,2.5390063456143253e-06,5.741417407989502e-05,0.00023234635591506958,0.0,0.0001315195841016248,0.0,0.0,0.00017283656052313745,1.0,0.02589995227754116,0.0,1.0,1.0,0.0,1.0,0.0,0.0,,,,,,,,,,,,,,,,,,,0.98828125,45590.80078125,0.017578125,1.0,0.0,0.0,1
1,single,6,V,bert.encoder.layer.6.attention.self.value,0.001,31,0,1,1,0.9453125,0.0546875,6.105866305006202e-06,3.461912274360657e-05,0.00030343513935804367,0.0,0.00012947012146469206,0.0,0.0,0.0004688690241891891,1.0,0.3085951805114746,0.0,1.0,1.0,0.0,1.0,0.0,0.0,,,,,,,,,,,,,,,,,,,0.962890625,64615.71484375,0.0546875,1.0,0.0,0.0,1
1,single,6,O,bert.encoder.layer.6.attention.output.dense,0.001,31,0,1,1,0.94921875,0.05078125,4.917517344438238e-06,3.451947122812271e-06,0.00016589276492595673,0.0,0.00012450746726244688,0.0,0.0,0.0004633051867131144,1.0,0.047597628086805344,0.0,1.0,1.0,0.0,1.0,0.0,0.0,,,,,,,,,,,,,,,,,,,0.974609375,52417.3828125,0.05078125,1.0,0.0,0.0,1
1,single,6,FFN1,bert.encoder.layer.6.intermediate.dense,0.001,31,0,1,1,0.970703125,0.029296875,3.570557510101935e-06,3.16426157951355e-05,0.0002193152904510498,0.0,0.00012534818961285055,0.0,0.0,0.0003036852867808193,1.0,0.04166153818368912,0.0,1.0,1.0,0.0,1.0,0.0,0.0,,,,,,,,,,,,,,,,,,,0.982421875,50942.5078125,0.029296875,1.0,0.0,0.0,1
1,single,6,FFN2,bert.encoder.layer.6.output.dense,0.001,31,0,1,1,0.982421875,0.017578125,3.044825689357822e-06,0.00012076273560523987,0.00024215877056121826,0.0,0.00015037789125926793,0.0,0.0,0.00026313099078834057,1.0,0.01496342197060585,0.0,1.0,1.0,0.0,1.0,0.0,0.0,,,,,,,,,,,,,,,,,,,0.990234375,53090.8515625,0.017578125,1.0,0.0,0.0,1
1,single,7,Q,bert.encoder.layer.7.attention.self.query,0.001,31,0,1,1,0.974609375,0.025390625,3.3193782655871473e-06,4.361942410469055e-05,0.00020389631390571594,0.0,0.00012920879817102104,0.0,0.0,0.00018344656564295292,1.0,0.03390168026089668,0.0,1.0,1.0,0.0,1.0,0.0,0.0,,,,,,,,,,,,,,,,,,,0.984375,49552.3203125,0.025390625,1.0,0.0,0.0,1
1,single,7,K,bert.encoder.layer.7.attention.self.key,0.001,31,0,1,1,0.98046875,0.01953125,2.7762926038121805e-06,2.9258430004119873e-05,0.0002517588436603546,0.0,0.00012602897186297923,0.0,0.0,0.00017390615539625287,1.0,-0.09656970202922821,0.0,1.0,1.0,0.0,1.0,0.0,0.0,,,,,,,,,,,,,,,,,,,0.9921875,49014.0625,0.01953125,1.0,0.0,0.0,1
1,single,7,V,bert.encoder.layer.7.attention.self.value,0.001,31,0,1,1,0.9453125,0.0546875,5.653476364386734e-06,5.728378891944885e-05,0.0001901090145111084,0.0,0.00013292222865857184,0.0,0.0,0.00046036820276640356,1.0,0.0028162659145891666,0.0,1.0,1.0,0.0,1.0,0.0,0.0,,,,,,,,,,,,,,,,,,,0.970703125,57658.81640625,0.0546875,1.0,0.0,0.0,1
1,single,7,O,bert.encoder.layer.7.attention.output.dense,0.001,31,0,1,1,0.958984375,0.041015625,4.179390998615418e-06,4.085153341293335e-05,0.0001895129680633545,0.0,0.00012965331552550197,0.0,0.0,0.00047467611148022115,1.0,0.0869661271572113,0.0,1.0,1.0,0.0,1.0,0.0,0.0,,,,,,,,,,,,,,,,,,,0.97265625,49900.21875,0.041015625,1.0,0.0,0.0,1
1,single,7,FFN1,bert.encoder.layer.7.intermediate.dense,0.001,31,0,1,1,0.97265625,0.02734375,3.3807596082624514e-06,7.181987166404724e-05,0.0001855790615081787,0.0,0.0001277878909604624,0.0,0.0,0.0003341932315379381,1.0,0.018228285014629364,0.0,1.0,1.0,0.0,1.0,0.0,0.0,,,,,,,,,,,,,,,,,,,0.98828125,47558.09375,0.02734375,1.0,0.0,0.0,1
1,single,7,FFN2,bert.encoder.layer.7.output.dense,0.001,31,0,1,1,0.974609375,0.025390625,3.822662165475776e-06,7.696077227592468e-05,0.00022865086793899536,0.0,0.00015557646111119539,0.0,0.0,0.00029772205743938684,1.0,0.041341278702020645,0.0,1.0,1.0,0.0,1.0,0.0,0.0,,,,,,,,,,,,,,,,,,,0.982421875,56489.37109375,0.025390625,1.0,0.0,0.0,1
1,single,8,Q,bert.encoder.layer.8.attention.self.query,0.001,31,0,1,1,0.9609375,0.0390625,5.5007658374961466e-06,2.0802021026611328e-05,0.00040165334939956665,0.0,0.00017451302846893668,0.0,0.0,0.000227554322918877,1.0,0.08486019819974899,0.0,1.0,1.0,0.0,1.0,0.0,0.0,,,,,,,,,,,,,,,,,,,0.970703125,74921.9609375,0.0390625,1.0,0.0,0.0,1
1,single,8,K,bert.encoder.layer.8.attention.self.key,0.001,31,0,1,1,0.97265625,0.02734375,3.382555860298453e-06,3.766268491744995e-05,0.0001647844910621643,0.0,0.00014092132914811373,0.0,0.0,0.00021419572294689715,1.0,0.23715561628341675,0.0,1.0,1.0,0.0,1.0,0.0,0.0,,,,,,,,,,,,,,,,,,,0.982421875,48103.39453125,0.02734375,1.0,0.0,0.0,1
1,single,8,V,bert.encoder.layer.8.attention.self.value,0.001,31,0,1,1,0.95703125,0.04296875,4.280935172573663e-06,4.808977246284485e-05,0.0001703314483165741,0.0,0.00012192958092782646,0.0,0.0,0.0005582115845754743,1.0,0.2101825326681137,0.0,1.0,1.0,0.0,1.0,0.0,0.0,,,,,,,,,,,,,,,,,,,0.96484375,49531.10546875,0.04296875,1.0,0.0,0.0,1
1,single,8,O,bert.encoder.layer.8.attention.output.dense,0.001,31,0,1,1,0.93359375,0.06640625,6.207497335708467e-06,1.220606691276771e-07,0.0002254098653793335,0.0,0.0001383830385748297,0.0,0.0,0.0005520526319742203,1.0,0.035955775529146194,0.0,1.0,1.0,0.0,1.0,0.0,0.0,,,,,,,,,,,,,,,,,,,0.96484375,60889.39453125,0.06640625,1.0,0.0,0.0,1
1,single,8,FFN1,bert.encoder.layer.8.intermediate.dense,0.001,31,0,1,1,0.978515625,0.021484375,2.1428786567412317e-06,4.118680953979492e-05,0.00017569959163665771,0.0,9.128111560130492e-05,0.0,0.0,0.00033055106177926064,1.0,0.04117806255817413,0.0,1.0,1.0,0.0,1.0,0.0,0.0,,,,,,,,,,,,,,,,,,,0.98828125,35597.89453125,0.021484375,1.0,0.0,0.0,1
1,single,8,FFN2,bert.encoder.layer.8.output.dense,0.001,31,0,1,1,0.970703125,0.029296875,3.909793122147676e-06,4.3645501136779785e-05,0.00019168108701705933,0.0,0.0001669633638812229,0.0,0.0,0.00032197931432165205,1.0,0.13655364513397217,0.0,1.0,1.0,0.0,1.0,0.0,0.0,,,,,,,,,,,,,,,,,,,0.982421875,54230.19140625,0.029296875,1.0,0.0,0.0,1
1,single,9,Q,bert.encoder.layer.9.attention.self.query,0.001,31,0,1,1,0.978515625,0.021484375,2.7421269805927295e-06,7.066503167152405e-05,0.00025084614753723145,0.0,0.0001194977667182684,0.0,0.0,0.00024156022118404508,1.0,0.030250413343310356,0.0,1.0,1.0,0.0,1.0,0.0,0.0,,,,,,,,,,,,,,,,,,,0.984375,45739.4921875,0.021484375,1.0,0.0,0.0,1
1,single,9,K,bert.encoder.layer.9.attention.self.key,0.001,31,0,1,1,0.978515625,0.021484375,3.0933615562389605e-06,5.7674944400787354e-05,0.00032611750066280365,0.0,0.0001323602336924523,0.0,0.0,0.00023594980302732438,1.0,0.048382800072431564,0.0,1.0,1.0,0.0,1.0,0.0,0.0,,,,,,,,,,,,,,,,,,,0.986328125,52336.0390625,0.021484375,1.0,0.0,0.0,1
1,single,9,V,bert.encoder.layer.9.attention.self.value,0.001,31,0,1,1,0.9453125,0.0546875,6.1539412854472175e-06,1.2189149856567383e-05,0.00018703192472457886,0.0,0.00013993387983646244,0.0,0.0,0.0007179150125011802,1.0,0.10381288826465607,0.0,1.0,1.0,0.0,1.0,0.0,0.0,,,,,,,,,,,,,,,,,,,0.95703125,63786.91796875,0.0546875,1.0,0.0,0.0,1
1,single,9,O,bert.encoder.layer.9.attention.output.dense,0.001,31,0,1,1,0.947265625,0.052734375,5.990367753838655e-06,6.332434713840485e-05,0.00016784295439720154,0.0,0.0001430276461178437,0.0,0.0,0.0006545513169839978,1.0,0.06560676544904709,0.0,1.0,1.0,0.0,1.0,0.0,0.0,,,,,,,,,,,,,,,,,,,0.96875,61145.6640625,0.052734375,1.0,0.0,0.0,1
1,single,9,FFN1,bert.encoder.layer.9.intermediate.dense,0.001,31,0,1,1,0.982421875,0.017578125,2.4333767214557156e-06,7.382035255432129e-05,0.00029133260250091553,0.0,0.00011218783765798435,0.0,0.0,0.00034779051202349365,1.0,0.013110596686601639,0.0,1.0,1.0,0.0,1.0,0.0,0.0,,,,,,,,,,,,,,,,,,,0.994140625,45360.82421875,0.017578125,1.0,0.0,0.0,1
1,single,9,FFN2,bert.encoder.layer.9.output.dense,0.001,31,0,1,1,0.97265625,0.02734375,3.1539902920485474e-06,1.802295446395874e-05,0.00018806755542755127,0.0,0.00013947891420684755,0.0,0.0,0.00033066116156987846,1.0,0.07452043890953064,0.0,1.0,1.0,0.0,1.0,0.0,0.0,,,,,,,,,,,,,,,,,,,0.978515625,46917.453125,0.02734375,1.0,0.0,0.0,1
1,single,10,Q,bert.encoder.layer.10.attention.self.query,0.001,31,0,1,1,0.9921875,0.0078125,1.0938856576103717e-06,0.00010243803262710571,0.00022386759519577026,0.0,0.0,0.0,0.0,0.0002936840464826673,1.0,0.07005883753299713,0.0,1.0,1.0,0.0,1.0,0.0,0.0,,,,,,,,,,,,,,,,,,,0.99609375,29679.783203125,0.0078125,0.0,0.0,0.0,1
1,single,10,K,bert.encoder.layer.10.attention.self.key,0.001,31,0,1,1,0.984375,0.015625,2.3569346012664028e-06,0.00010625645518302917,0.0002294778823852539,0.0,0.00011675161658786237,0.0,0.0,0.00031272496562451124,1.0,-0.04269512742757797,0.0,1.0,1.0,0.0,1.0,0.0,0.0,,,,,,,,,,,,,,,,,,,0.9921875,44016.50390625,0.015625,1.0,0.0,0.0,1
1,single,10,V,bert.encoder.layer.10.attention.self.value,0.001,31,0,1,1,0.95703125,0.04296875,4.731055014417507e-06,5.4584816098213196e-05,0.0002975296229124069,0.0,0.00012067404168192297,0.0,0.0,0.0006274812621995807,1.0,0.05855593457818031,0.0,1.0,1.0,0.0,1.0,0.0,0.0,,,,,,,,,,,,,,,,,,,0.970703125,56311.42578125,0.04296875,1.0,0.0,0.0,1
1,single,10,O,bert.encoder.layer.10.attention.output.dense,0.001,31,0,1,1,0.95703125,0.04296875,4.573080332193058e-06,1.6850419342517853e-05,0.00016352906823158264,0.0,0.00012662887456826866,0.0,0.0,0.0007275082753039896,1.0,0.03674307465553284,0.0,1.0,1.0,0.0,1.0,0.0,0.0,,,,,,,,,,,,,,,,,,,0.97265625,52799.7734375,0.04296875,1.0,0.0,0.0,1
1,single,10,FFN1,bert.encoder.layer.10.intermediate.dense,0.001,31,0,1,1,0.98046875,0.01953125,2.08512028621044e-06,3.6463141441345215e-05,0.00017287582159042358,0.0,9.315515490015969e-05,0.0,0.0,0.00036853845813311636,1.0,0.15909884870052338,0.0,1.0,1.0,0.0,1.0,0.0,0.0,,,,,,,,,,,,,,,,,,,0.98828125,36347.9765625,0.01953125,1.0,0.0,0.0,1
1,single,10,FFN2,bert.encoder.layer.10.output.dense,0.001,31,0,1,1,0.96875,0.03125,3.67096254194621e-06,6.638467311859131e-05,0.00019041448831558228,0.0,0.00012664847599808127,0.0,0.0,0.00035434390883892775,1.0,0.10634297877550125,0.0,1.0,1.0,0.0,1.0,0.0,0.0,,,,,,,,,,,,,,,,,,,0.982421875,49358.3984375,0.03125,1.0,0.0,0.0,1
1,single,11,Q,bert.encoder.layer.11.attention.self.query,0.001,31,0,1,1,1.0,0.0,0.0,0.0,0.0,0.0,0.0,0.0,0.0,0.00017860364459920675,1.0,0.0,0.0,1.0,1.0,0.0,1.0,0.0,0.0,,,,,,,,,,,,,,,,,,,1.0,0.0,0.0,0.0,0.0,0.0,1
1,single,11,K,bert.encoder.layer.11.attention.self.key,0.001,31,0,1,1,0.98828125,0.01171875,1.9324033928569406e-06,0.00013865437358617783,0.00020421668887138367,0.0,0.00012340441753622144,0.0,0.0,0.00017299415776506066,1.0,-0.012899575755000114,0.0,1.0,1.0,0.0,1.0,0.0,0.0,,,,,,,,,,,,,,,,,,,0.99609375,40822.0234375,0.01171875,0.8900146484375,0.0,0.0,1
1,single,11,V,bert.encoder.layer.11.attention.self.value,0.001,31,0,1,1,0.9765625,0.0234375,3.1097301871341188e-06,5.8300793170928955e-05,0.00017178431153297424,0.0,0.00014190783258527517,0.0,0.0,0.00039821406244300306,1.0,0.09230143576860428,0.0,1.0,1.0,0.0,1.0,0.0,0.0,,,,,,,,,,,,,,,,,,,0.986328125,47320.05859375,0.0234375,1.0,0.0,0.0,1
1,single,11,O,bert.encoder.layer.11.attention.output.dense,0.001,31,0,1,1,0.96875,0.03125,3.5651883081300184e-06,6.798096001148224e-05,0.0001773834228515625,0.0,0.00011309773253742605,0.0,0.0,0.00043540835031308234,1.0,-0.0006950922543182969,0.0,1.0,1.0,0.0,1.0,0.0,0.0,,,,,,,,,,,,,,,,,,,0.9765625,47032.203125,0.03125,1.0,0.0,0.0,1
1,single,11,FFN1,bert.encoder.layer.11.intermediate.dense,0.001,31,0,1,1,0.98828125,0.01171875,1.2611762940650806e-06,8.474662899971008e-05,0.00016053766012191772,0.0,7.542574167018756e-05,0.0,0.0,0.0004233278159517795,1.0,0.03300252929329872,0.0,1.0,1.0,0.0,1.0,0.0,0.0,,,,,,,,,,,,,,,,,,,0.9921875,27107.083984375,0.01171875,0.8900146484375,0.0,0.0,1
1,single,11,FFN2,bert.encoder.layer.11.output.dense,0.001,31,0,1,1,0.96875,0.03125,4.0746926970314234e-06,3.526359796524048e-05,0.0001807175576686859,0.0,0.00015325687127187848,0.0,0.001953125,0.00036153243854641914,1.0,0.1370028555393219,0.0,1.0,1.0,0.0,1.0,0.0,0.0,,,,,,,,,,,,,,,,,,,0.986328125,54469.828125,0.03125,1.0,0.0,0.0,1
2,single,0,Q,bert.encoder.layer.0.attention.self.query,0.001,31,0,1,1,0.9921875,0.0078125,1.4790784916840494e-06,0.0001357700675725937,0.00028688088059425354,0.0,0.0,0.0,0.0,0.00011218375584576279,1.0,0.04712576046586037,0.0,1.0,1.0,0.0,1.0,0.0,0.0,,,,,,,,,,,,,,,,,,,0.994140625,39644.8828125,0.0078125,0.0,0.0,0.0,1
2,single,0,K,bert.encoder.layer.0.attention.self.key,0.001,31,0,1,1,0.998046875,0.001953125,1.801163307391107e-07,9.221956133842468e-05,9.221956133842468e-05,0.0,0.0,0.0,0.0,0.00010164661216549575,1.0,0.05551925301551819,0.0,1.0,1.0,0.0,1.0,0.0,0.0,,,,,,,,,,,,,,,,,,,0.998046875,9221.9560546875,0.001953125,0.0,0.0,0.0,1
2,single,0,V,bert.encoder.layer.0.attention.self.value,0.001,31,0,1,1,0.953125,0.046875,3.950958671339322e-06,2.644956111907959e-05,0.00015741772949695587,0.0,0.0001236759271705523,0.0,0.0,0.00025852432008832693,1.0,-0.008921992033720016,0.0,1.0,1.0,0.0,1.0,0.0,0.0,,,,,,,,,,,,,,,,,,,0.986328125,44889.41796875,0.046875,1.0,0.0,0.0,1
2,single,0,O,bert.encoder.layer.0.attention.output.dense,0.001,31,0,1,1,0.921875,0.078125,6.395486707333475e-06,1.341104507446289e-06,0.00014078617095947266,0.0,0.00011914602509932593,0.0,0.0,0.0002817016211338341,1.0,-0.027028661221265793,0.0,1.0,1.0,0.0,1.0,0.0,0.0,,,,,,,,,,,,,,,,,,,0.958984375,56094.984375,0.078125,1.0,0.0,0.0,1
2,single,0,FFN1,bert.encoder.layer.0.intermediate.dense,0.001,31,0,1,1,0.9921875,0.0078125,1.0350177035434172e-06,8.328258991241455e-05,0.00018407125025987625,0.0,0.0,0.0,0.0,0.0002475740038789809,1.0,-0.5276014804840088,0.0,1.0,1.0,0.0,1.0,0.0,0.0,,,,,,,,,,,,,,,,,,,0.99609375,27834.453125,0.0078125,0.0,0.0,0.0,1
2,single,0,FFN2,bert.encoder.layer.0.output.dense,0.001,31,0,1,1,0.982421875,0.017578125,2.954350748041179e-06,0.0001207888126373291,0.00022118166089057922,0.0,0.00014301789633464068,0.0,0.0,0.00014600608847104013,1.0,0.03730303794145584,0.0,1.0,1.0,0.0,1.0,0.0,0.0,,,,,,,,,,,,,,,,,,,0.990234375,51387.5234375,0.017578125,1.0,0.0,0.0,1
2,single,1,Q,bert.encoder.layer.1.attention.self.query,0.001,31,0,1,1,0.974609375,0.025390625,3.7360910027928185e-06,7.706135511398315e-05,0.0002492442727088928,0.0,0.00014701647160109133,0.0,0.0,0.00018539410666562617,1.0,0.04024071991443634,0.0,1.0,1.0,0.0,1.0,0.0,0.0,,,,,,,,,,,,,,,,,,,0.984375,56131.11328125,0.025390625,1.0,0.0,0.0,1
2,single,1,K,bert.encoder.layer.1.attention.self.key,0.001,31,0,1,1,0.970703125,0.029296875,4.890473064733669e-06,8.937343955039978e-05,0.00024919200222939253,0.0,0.00017978735559154302,0.0,0.0,0.0001608772436156869,1.0,-0.04727522283792496,0.0,1.0,1.0,0.0,1.0,0.0,0.0,,,,,,,,,,,,,,,,,,,0.986328125,67191.5,0.029296875,1.0,0.0,0.0,1
2,single,1,V,bert.encoder.layer.1.attention.self.value,0.001,31,0,1,1,0.947265625,0.052734375,5.308139407134149e-06,3.966689109802246e-05,0.00015017390251159668,0.0,0.0001393438724335283,0.0,0.0,0.00030717640765942633,1.0,-0.0730750784277916,0.0,1.0,1.0,0.0,1.0,0.0,0.0,,,,,,,,,,,,,,,,,,,0.978515625,55050.2578125,0.052734375,1.0,0.0,0.0,1
2,single,1,O,bert.encoder.layer.1.attention.output.dense,0.001,31,0,1,1,0.94140625,0.05859375,4.946748958900571e-06,1.9256025552749634e-05,0.00018841028213500977,0.0,0.0001146867434727028,0.0,0.0,0.00034432060783728957,1.0,-0.013058764860033989,0.0,1.0,1.0,0.0,1.0,0.0,0.0,,,,,,,,,,,,,,,,,,,0.97265625,50888.6171875,0.05859375,1.0,0.0,0.0,1
2,single,1,FFN1,bert.encoder.layer.1.intermediate.dense,0.001,31,0,1,1,0.96875,0.03125,3.832188667729497e-06,5.1233917474746704e-05,0.0002409219741821289,0.0,0.00013029239198658615,0.0,0.0,0.00021519495930988342,1.0,-0.017598610371351242,0.0,1.0,1.0,0.0,1.0,0.0,0.0,,,,,,,,,,,,,,,,,,,0.986328125,54063.0546875,0.03125,1.0,0.0,0.0,1
2,single,1,FFN2,bert.encoder.layer.1.output.dense,0.001,31,0,1,1,0.982421875,0.017578125,2.823521754180547e-06,7.927417755126953e-05,0.0003227032721042633,0.0,0.00013303504965733737,0.0,0.0,0.0001977749925572425,1.0,-0.033483050763607025,0.0,1.0,1.0,0.0,1.0,0.0,0.0,,,,,,,,,,,,,,,,,,,0.9921875,52094.34375,0.017578125,1.0,0.0,0.0,1
2,single,2,Q,bert.encoder.layer.2.attention.self.query,0.001,31,0,1,1,0.986328125,0.013671875,2.014667188632302e-06,7.251650094985962e-05,0.00021275877952575684,0.0,8.447573782177642e-05,0.0,0.0,0.00016497180331498384,1.0,0.04876156151294708,0.0,1.0,1.0,0.0,1.0,0.0,0.0,,,,,,,,,,,,,,,,,,,0.990234375,40895.91015625,0.013671875,1.0,0.0,0.0,1
2,single,2,K,bert.encoder.layer.2.attention.self.key,0.001,31,0,1,1,0.98828125,0.01171875,1.1799929779954255e-06,5.334988236427307e-05,0.0001679062843322754,0.0,4.7482175432378426e-05,0.0,0.0,0.00014182865561451763,1.0,-0.014324190095067024,0.0,1.0,1.0,0.0,1.0,0.0,0.0,,,,,,,,,,,,,,,,,,,0.9921875,26578.630859375,0.01171875,0.8900146484375,0.0,0.0,1
2,single,2,V,bert.encoder.layer.2.attention.self.value,0.001,31,0,1,1,0.93359375,0.06640625,5.068420705356402e-06,8.195638656616211e-06,0.00017311982810497284,0.0,0.00010094735625898466,0.0,0.0,0.0003843801678158343,1.0,-0.031150298193097115,0.0,1.0,1.0,0.0,1.0,0.0,0.0,,,,,,,,,,,,,,,,,,,0.9765625,48663.5390625,0.06640625,1.0,0.0,0.0,1
2,single,2,O,bert.encoder.layer.2.attention.output.dense,0.001,31,0,1,1,0.939453125,0.060546875,5.106845037516905e-06,3.11131589114666e-06,0.0001423954963684082,0.0,0.00012495626288000494,0.0,0.0,0.0004309199284762144,1.0,0.022920915856957436,0.0,1.0,1.0,0.0,1.0,0.0,0.0,,,,,,,,,,,,,,,,,,,0.97265625,50635.46875,0.060546875,1.0,0.0,0.0,1
2,single,2,FFN1,bert.encoder.layer.2.intermediate.dense,0.001,31,0,1,1,0.9765625,0.0234375,3.0254868761403486e-06,4.5455992221832275e-05,0.0002244412899017334,0.0,0.00013468533870764077,0.0,0.0,0.00025376619305461645,1.0,0.0031997498590499163,0.0,1.0,1.0,0.0,1.0,0.0,0.0,,,,,,,,,,,,,,,,,,,0.982421875,47014.1953125,0.0234375,1.0,0.0,0.0,1
2,single,2,FFN2,bert.encoder.layer.2.output.dense,0.001,31,0,1,1,0.98828125,0.01171875,1.71344345289981e-06,9.072571992874146e-05,0.00019953399896621704,0.0,8.074721699813381e-05,0.0,0.0,0.00018247583648189902,1.0,0.058089498430490494,0.0,1.0,1.0,0.0,1.0,0.0,0.0,,,,,,,,,,,,,,,,,,,0.990234375,37173.78125,0.01171875,0.8900146484375,0.0,0.0,1
2,single,3,Q,bert.encoder.layer.3.attention.self.query,0.001,31,0,1,1,0.96875,0.03125,4.309627911425196e-06,6.45853579044342e-05,0.0001993924379348755,0.0,0.00016105512622743845,0.0,0.0,0.00018884724704548717,1.0,0.025481974706053734,0.0,1.0,1.0,0.0,1.0,0.0,0.0,,,,,,,,,,,,,,,,,,,0.986328125,57577.03515625,0.03125,1.0,0.0,0.0,1
2,single,3,K,bert.encoder.layer.3.attention.self.key,0.001,31,0,1,1,0.98046875,0.01953125,2.7654191399051342e-06,6.791576743125916e-05,0.00020532682538032532,0.0,0.0001436493912478909,0.0,0.0,0.00017608259804546833,1.0,-0.0019308337941765785,0.0,1.0,1.0,0.0,1.0,0.0,0.0,,,,,,,,,,,,,,,,,,,0.990234375,46902.73828125,0.01953125,1.0,0.0,0.0,1
2,single,3,V,bert.encoder.layer.3.attention.self.value,0.001,31,0,1,1,0.93359375,0.06640625,6.151082743599545e-06,3.6753714084625244e-05,0.00015563820488750935,0.0,0.00011366540275048465,0.0,0.0,0.00044490210711956024,1.0,0.0474129393696785,0.0,1.0,1.0,0.0,1.0,0.0,0.0,,,,,,,,,,,,,,,,,,,0.95703125,56256.2890625,0.06640625,1.0,0.0,0.0,1
2,single,3,O,bert.encoder.layer.3.attention.output.dense,0.001,31,0,1,1,0.9140625,0.0859375,7.499477305827895e-06,8.77142883837223e-06,0.0001722276210784912,0.0,0.00011612359958235174,0.0,0.0,0.0004217700334265828,1.0,0.012135361321270466,0.0,1.0,1.0,0.0,1.0,0.0,0.0,,,,,,,,,,,,,,,,,,,0.958984375,61274.34765625,0.0859375,1.0,0.0,0.0,1
2,single,3,FFN1,bert.encoder.layer.3.intermediate.dense,0.001,31,0,1,1,0.962890625,0.037109375,4.0701143007026985e-06,5.7931989431381226e-05,0.00020904093980789185,0.0,0.0001259814016520977,0.0,0.0,0.0003451764932833612,1.0,0.2310873121023178,0.0,1.0,1.0,0.0,1.0,0.0,0.0,,,,,,,,,,,,,,,,,,,0.97265625,50366.3671875,0.037109375,1.0,0.0,0.0,1
2,single,3,FFN2,bert.encoder.layer.3.output.dense,0.001,31,0,1,1,0.982421875,0.017578125,2.228662651759805e-06,7.265806198120117e-05,0.00015187636017799377,0.0,0.00013117246271576732,0.0,0.0,0.00019607969443313777,1.0,0.03196463733911514,0.0,1.0,1.0,0.0,1.0,0.0,0.0,,,,,,,,,,,,,,,,,,,0.994140625,38769.9375,0.017578125,1.0,0.0,0.0,1
2,single,4,Q,bert.encoder.layer.4.attention.self.query,0.001,31,0,1,1,0.982421875,0.017578125,2.538155740694492e-06,9.656418114900589e-05,0.00021230801939964294,0.0,0.00011994306260021403,0.0,0.0,0.0002114211965817958,1.0,0.025075895711779594,0.0,1.0,1.0,0.0,1.0,0.0,0.0,,,,,,,,,,,,,,,,,,,0.986328125,44663.01953125,0.017578125,1.0,0.0,0.0,1
2,single,4,K,bert.encoder.layer.4.attention.self.key,0.001,31,0,1,1,0.9765625,0.0234375,3.108860710199224e-06,9.387731552124023e-06,0.00017729029059410095,0.0,0.00014687416842207313,0.0,0.0,0.0001768008660292253,1.0,0.018117358908057213,0.0,1.0,1.0,0.0,1.0,0.0,0.0,,,,,,,,,,,,,,,,,,,0.98828125,48621.21875,0.0234375,1.0,0.0,0.0,1
2,single,4,V,bert.encoder.layer.4.attention.self.value,0.001,31,0,1,1,0.966796875,0.033203125,3.6305618777987547e-06,5.096942186355591e-05,0.00019524991512298584,0.0,0.00012290712038520724,0.0,0.0,0.00035428348928689957,1.0,0.07050143927335739,0.0,1.0,1.0,0.0,1.0,0.0,0.0,,,,,,,,,,,,,,,,,,,0.98046875,48357.6484375,0.033203125,1.0,0.0,0.0,1
2,single,4,O,bert.encoder.layer.4.attention.output.dense,0.001,31,0,1,1,0.931640625,0.068359375,6.548852979904041e-06,1.8440186977386475e-05,0.0002225041389465332,0.0,0.0001401277258992195,0.0,0.0,0.0004240865237079561,1.0,0.0009415624663233757,0.0,1.0,1.0,0.0,1.0,0.0,0.0,,,,,,,,,,,,,,,,,,,0.962890625,62434.7421875,0.068359375,1.0,0.0,0.0,1
2,single,4,FFN1,bert.encoder.layer.4.intermediate.dense,0.001,31,0,1,1,0.966796875,0.033203125,3.379004056114354e-06,3.178417682647705e-05,0.000263456255197525,0.0,0.00011214178084628657,0.0,0.0,0.0002401176025159657,1.0,0.0477079302072525,0.0,1.0,1.0,0.0,1.0,0.0,0.0,,,,,,,,,,,,,,,,,,,0.98046875,47847.9921875,0.033203125,1.0,0.0,0.0,1
2,single,4,FFN2,bert.encoder.layer.4.output.dense,0.001,31,0,1,1,0.974609375,0.025390625,3.4717688777163858e-06,5.939602851867676e-05,0.00022882968187332153,0.0,0.0001424867077730596,0.0,0.0,0.00021985395869705826,1.0,0.036945126950740814,0.0,1.0,1.0,0.0,1.0,0.0,0.0,,,,,,,,,,,,,,,,,,,0.986328125,51570.3828125,0.025390625,1.0,0.0,0.0,1
2,single,5,Q,bert.encoder.layer.5.attention.self.query,0.001,31,0,1,1,0.96875,0.03125,4.998680196877103e-06,3.878772258758545e-05,0.0003052838146686554,0.0,0.00017554574878886342,0.0,0.0,0.00020970409968867898,1.0,-0.06887144595384598,0.0,1.0,1.0,0.0,1.0,0.0,0.0,,,,,,,,,,,,,,,,,,,0.986328125,68697.828125,0.03125,1.0,0.0,0.0,1
2,single,5,K,bert.encoder.layer.5.attention.self.key,0.001,31,0,1,1,0.974609375,0.025390625,3.493831172818318e-06,5.644559860229492e-05,0.00026600807905197144,0.0,0.0001395559957018122,0.0,0.0,0.0002097847464028746,1.0,0.07348762452602386,0.0,1.0,1.0,0.0,1.0,0.0,0.0,,,,,,,,,,,,,,,,,,,0.98046875,53137.90234375,0.025390625,1.0,0.0,0.0,1
2,single,5,V,bert.encoder.layer.5.attention.self.value,0.001,31,0,1,1,0.94921875,0.05078125,5.358241651265416e-06,2.592429518699646e-05,0.00018893927335739136,0.0,0.00013464660150930285,0.0,0.0,0.00038952205795794725,1.0,0.028877347707748413,0.0,1.0,1.0,0.0,1.0,0.0,0.0,,,,,,,,,,,,,,,,,,,0.974609375,57068.80078125,0.05078125,1.0,0.0,0.0,1
2,single,5,O,bert.encoder.layer.5.attention.output.dense,0.001,31,0,1,1,0.955078125,0.044921875,3.896036560036009e-06,5.726702511310577e-06,0.0003013685345649719,0.0,0.00010516715701669455,0.0,0.0,0.00041675398824736476,1.0,-0.017097318544983864,0.0,1.0,1.0,0.0,1.0,0.0,0.0,,,,,,,,,,,,,,,,,,,0.974609375,49651.8046875,0.044921875,1.0,0.0,0.0,1
2,single,5,FFN1,bert.encoder.layer.5.intermediate.dense,0.001,31,0,1,1,0.958984375,0.041015625,5.920833245909307e-06,7.881782948970795e-05,0.0002710893750190735,0.0,0.00017183247837238014,0.0,0.0,0.00027695088647305965,1.0,0.08219024538993835,0.0,1.0,1.0,0.0,1.0,0.0,0.0,,,,,,,,,,,,,,,,,,,0.978515625,69386.515625,0.041015625,1.0,0.0,0.0,1
2,single,5,FFN2,bert.encoder.layer.5.output.dense,0.001,31,0,1,1,0.974609375,0.025390625,2.988707819895353e-06,6.6317617893219e-05,0.0002509290352463722,0.0,0.00010702873987611383,0.0,0.0,0.0002417259238427505,1.0,0.00068382773315534,0.0,1.0,1.0,0.0,1.0,0.0,0.0,,,,,,,,,,,,,,,,,,,0.98828125,45904.16015625,0.025390625,1.0,0.0,0.0,1
2,single,6,Q,bert.encoder.layer.6.attention.self.query,0.001,31,0,1,1,0.966796875,0.033203125,4.670567250286695e-06,2.781301736831665e-05,0.00022400915622711182,0.0,0.00017040740931406617,0.0,0.0,0.0001937800261657685,1.0,-0.02577204443514347,0.0,1.0,1.0,0.0,1.0,0.0,0.0,,,,,,,,,,,,,,,,,,,0.98828125,61377.25,0.033203125,1.0,0.0,0.0,1
2,single,6,K,bert.encoder.layer.6.attention.self.key,0.001,31,0,1,1,0.984375,0.015625,1.8956568510475336e-06,8.241087198257446e-05,0.00015505217015743256,0.0,0.00011042856203857809,0.0,0.0,0.00020826837862841785,1.0,0.05119611695408821,0.0,1.0,1.0,0.0,1.0,0.0,0.0,,,,,,,,,,,,,,,,,,,0.990234375,34834.01953125,0.015625,1.0,0.0,0.0,1
2,single,6,V,bert.encoder.layer.6.attention.self.value,0.001,31,0,1,1,0.921875,0.078125,8.213912224164233e-06,3.784149885177612e-05,0.0002050846815109253,0.0,0.00014486478175967932,0.0,0.0,0.0005950311897322536,1.0,0.06303902715444565,0.0,1.0,1.0,0.0,1.0,0.0,0.0,,,,,,,,,,,,,,,,,,,0.955078125,70706.7578125,0.078125,1.0,0.0,0.0,1
2,single,6,O,bert.encoder.layer.6.attention.output.dense,0.001,31,0,1,1,0.9296875,0.0703125,6.883338755869772e-06,2.122577279806137e-05,0.00018615159206092358,0.0,0.00013786336057819426,0.0,0.0,0.000516547414008528,1.0,0.12055999040603638,0.0,1.0,1.0,0.0,1.0,0.0,0.0,,,,,,,,,,,,,,,,,,,0.953125,62687.78125,0.0703125,1.0,0.0,0.0,1
2,single,6,FFN1,bert.encoder.layer.6.intermediate.dense,0.001,31,0,1,1,0.970703125,0.029296875,3.514018771966221e-06,3.0092895030975342e-05,0.00024152547121047974,0.0,0.00012264559336472303,0.0,0.0,0.0003183902590535581,1.0,-0.18845979869365692,0.0,1.0,1.0,0.0,1.0,0.0,0.0,,,,,,,,,,,,,,,,,,,0.990234375,50547.80078125,0.029296875,1.0,0.0,0.0,1
2,single,6,FFN2,bert.encoder.layer.6.output.dense,0.001,31,0,1,1,0.98828125,0.01171875,1.5008479294920107e-06,9.929947555065155e-05,0.00014787667896598577,0.0,8.837798668537289e-05,0.0,0.0,0.0002550459757912904,1.0,0.011316955089569092,0.0,1.0,1.0,0.0,1.0,0.0,0.0,,,,,,,,,,,,,,,,,,,0.9921875,31604.908203125,0.01171875,0.8900146484375,0.0,0.0,1
2,single,7,Q,bert.encoder.layer.7.attention.self.query,0.001,31,0,1,1,0.98046875,0.01953125,2.8371814551064745e-06,5.245208740234375e-05,0.00023698806762695312,0.0,0.00013417315494734794,0.0,0.0,0.00018205965170636773,1.0,-0.020986977964639664,0.0,1.0,1.0,0.0,1.0,0.0,0.0,,,,,,,,,,,,,,,,,,,0.9921875,48808.29296875,0.01953125,1.0,0.0,0.0,1
2,single,7,K,bert.encoder.layer.7.attention.self.key,0.001,31,0,1,1,0.98828125,0.01171875,1.5161422197706997e-06,8.410587906837463e-05,0.00021478533744812012,0.0,7.48554666643031e-05,0.0,0.0,0.00020996094099245965,1.0,0.04206046462059021,0.0,1.0,1.0,0.0,1.0,0.0,0.0,,,,,,,,,,,,,,,,,,,0.990234375,33436.42578125,0.01171875,0.8900146484375,0.0,0.0,1
2,single,7,V,bert.encoder.layer.7.attention.self.value,0.001,31,0,1,1,0.943359375,0.056640625,5.360592695069499e-06,1.033814623951912e-05,0.00017332658171653748,0.0,0.00012657234037760645,0.0,0.0,0.0005014078924432397,1.0,0.10393302142620087,0.0,1.0,1.0,0.0,1.0,0.0,0.0,,,,,,,,,,,,,,,,,,,0.96484375,53553.21875,0.056640625,1.0,0.0,0.0,1
2,single,7,O,bert.encoder.layer.7.attention.output.dense,0.001,31,0,1,1,0.955078125,0.044921875,4.223202267894521e-06,5.6274235248565674e-05,0.00016827136278152466,0.0,0.00011006453860318288,0.0,0.0,0.0005147192277945578,1.0,-0.07406383007764816,0.0,1.0,1.0,0.0,1.0,0.0,0.0,,,,,,,,,,,,,,,,,,,0.982421875,47416.9609375,0.044921875,1.0,0.0,0.0,1
2,single,7,FFN1,bert.encoder.layer.7.intermediate.dense,0.001,31,0,1,1,0.974609375,0.025390625,2.977054236907861e-06,4.7832727432250977e-05,0.0002976711839437485,0.0,0.00010965333058265969,0.0,0.0,0.00033294816967099905,1.0,0.051103778183460236,0.0,1.0,1.0,0.0,1.0,0.0,0.0,,,,,,,,,,,,,,,,,,,0.98828125,47895.36328125,0.025390625,1.0,0.0,0.0,1
2,single,7,FFN2,bert.encoder.layer.7.output.dense,0.001,31,0,1,1,0.970703125,0.029296875,3.798916623054538e-06,3.2395124435424805e-05,0.00024392642080783844,0.0,0.00014304569049272686,0.0,0.0,0.0003093435079790652,1.0,0.1155393198132515,0.0,1.0,1.0,0.0,1.0,0.0,0.0,,,,,,,,,,,,,,,,,,,0.978515625,54877.87890625,0.029296875,1.0,0.0,0.0,1
2,single,8,Q,bert.encoder.layer.8.attention.self.query,0.001,31,0,1,1,0.96875,0.03125,4.6749973989790305e-06,8.954107761383057e-05,0.00021342933177947998,0.0,0.00017692013352643698,0.0,0.0,0.00030234578298404813,1.0,0.08080340921878815,0.0,1.0,1.0,0.0,1.0,0.0,0.0,,,,,,,,,,,,,,,,,,,0.9765625,62320.6015625,0.03125,1.0,0.0,0.0,1
2,single,8,K,bert.encoder.layer.8.attention.self.key,0.001,31,0,1,1,0.9765625,0.0234375,3.309094608994201e-06,7.728114724159241e-05,0.00023084133863449097,0.0,0.00014093806385062635,0.0,0.0,0.0002616904675960541,1.0,0.031068067997694016,0.0,1.0,1.0,0.0,1.0,0.0,0.0,,,,,,,,,,,,,,,,,,,0.986328125,50860.8359375,0.0234375,1.0,0.0,0.0,1
2,single,8,V,bert.encoder.layer.8.attention.self.value,0.001,31,0,1,1,0.953125,0.046875,5.1117176553816535e-06,3.606081008911133e-05,0.00020408385898917913,0.0,0.00014789830311201513,0.0,0.0,0.0004950625589117408,1.0,-0.00797372218221426,0.0,1.0,1.0,0.0,1.0,0.0,0.0,,,,,,,,,,,,,,,,,,,0.970703125,57224.16796875,0.046875,1.0,0.0,0.0,1
2,single,8,O,bert.encoder.layer.8.attention.output.dense,0.001,31,0,1,1,0.9375,0.0625,6.456620667449897e-06,5.9995800256729126e-05,0.00016335025429725647,0.0,0.00013089888670947403,0.0,0.0,0.00053026044042781,1.0,0.07800290733575821,0.0,1.0,1.0,0.0,1.0,0.0,0.0,,,,,,,,,,,,,,,,,,,0.9609375,60445.625,0.0625,1.0,0.0,0.0,1
2,single,8,FFN1,bert.encoder.layer.8.intermediate.dense,0.001,31,0,1,1,0.982421875,0.017578125,2.3116722331906203e-06,2.05114483833313e-05,0.00020867586135864258,0.0,0.00011343468213453889,0.0,0.0,0.00035129848401993513,1.0,0.003223591251298785,0.0,1.0,1.0,0.0,1.0,0.0,0.0,,,,,,,,,,,,,,,,,,,0.9921875,42749.640625,0.017578125,1.0,0.0,0.0,1
2,single,8,FFN2,bert.encoder.layer.8.output.dense,0.001,31,0,1,1,0.984375,0.015625,1.9581375454436056e-06,9.618699550628662e-05,0.00016523431986570358,0.0,0.00010806133650476113,0.0,0.0,0.00030371046159416437,1.0,0.12315551191568375,0.0,1.0,1.0,0.0,1.0,0.0,0.0,,,,,,,,,,,,,,,,,,,0.990234375,35961.12109375,0.015625,1.0,0.0,0.0,1
2,single,9,Q,bert.encoder.layer.9.attention.self.query,0.001,31,0,1,1,0.97265625,0.02734375,4.286248895368772e-06,5.7950615882873535e-05,0.00021037273108959198,0.0,0.0001763942273100838,0.0,0.0,0.0002757783804554492,1.0,-0.06627479940652847,0.0,1.0,1.0,0.0,1.0,0.0,0.0,,,,,,,,,,,,,,,,,,,0.98828125,60329.4296875,0.02734375,1.0,0.0,0.0,1
2,single,9,K,bert.encoder.layer.9.attention.self.key,0.001,31,0,1,1,0.9765625,0.0234375,3.621253199526109e-06,8.538365364074707e-05,0.000296272337436676,0.0,0.0001475576136726886,0.0,0.0,0.00021790049504488707,1.0,-0.0005259811296127737,0.0,1.0,1.0,0.0,1.0,0.0,0.0,,,,,,,,,,,,,,,,,,,0.984375,58245.3046875,0.0234375,1.0,0.0,0.0,1
2,single,9,V,bert.encoder.layer.9.attention.self.value,0.001,31,0,1,1,0.939453125,0.060546875,6.1046121118124574e-06,1.895427703857422e-05,0.00017101317644119263,0.0,0.00013802398461848497,0.0,0.0,0.0005522595020011067,1.0,0.14980356395244598,0.0,1.0,1.0,0.0,1.0,0.0,0.0,,,,,,,,,,,,,,,,,,,0.955078125,59482.3046875,0.060546875,1.0,0.0,0.0,1
2,single,9,O,bert.encoder.layer.9.attention.output.dense,0.001,31,0,1,1,0.935546875,0.064453125,6.261379439820303e-06,9.499490261077881e-06,0.0001998692750930786,0.0,0.00012314323976170272,0.0,0.0,0.0005841429810971022,1.0,0.10258819162845612,0.0,1.0,1.0,0.0,1.0,0.0,0.0,,,,,,,,,,,,,,,,,,,0.962890625,59801.6796875,0.064453125,1.0,0.0,0.0,1
2,single,9,FFN1,bert.encoder.layer.9.intermediate.dense,0.001,31,0,1,1,0.97265625,0.02734375,2.9353395802900195e-06,2.689659595489502e-06,0.00017352774739265442,0.0,0.00012290226004552096,0.0,0.0,0.0002839939552359283,1.0,0.10968884825706482,0.0,1.0,1.0,0.0,1.0,0.0,0.0,,,,,,,,,,,,,,,,,,,0.984375,43149.94140625,0.02734375,1.0,0.0,0.0,1
2,single,9,FFN2,bert.encoder.layer.9.output.dense,0.001,31,0,1,1,0.98046875,0.01953125,3.1088738978723995e-06,5.353987216949463e-05,0.00026098452508449554,0.0,0.00014290380931925029,0.0,0.0,0.0002814963227137923,1.0,0.006681966129690409,0.0,1.0,1.0,0.0,1.0,0.0,0.0,,,,,,,,,,,,,,,,,,,0.984375,54305.140625,0.01953125,1.0,0.0,0.0,1
2,single,10,Q,bert.encoder.layer.10.attention.self.query,0.001,31,0,1,1,0.9921875,0.0078125,1.1386946425773203e-06,6.249919533729553e-05,0.00021559745073318481,0.0,0.0,0.0,0.0,0.0002492122002877295,1.0,0.06915684789419174,0.0,1.0,1.0,0.0,1.0,0.0,0.0,,,,,,,,,,,,,,,,,,,0.9921875,31128.208984375,0.0078125,0.0,0.0,0.0,1
2,single,10,K,bert.encoder.layer.10.attention.self.key,0.001,31,0,1,1,0.982421875,0.017578125,2.661185135366395e-06,9.928084909915924e-05,0.0002389773726463318,0.0,0.00012543443881440908,0.0,0.0,0.00022587282001040876,1.0,-0.004647436551749706,0.0,1.0,1.0,0.0,1.0,0.0,0.0,,,,,,,,,,,,,,,,,,,0.990234375,47386.0625,0.017578125,1.0,0.0,0.0,1
2,single,10,V,bert.encoder.layer.10.attention.self.value,0.001,31,0,1,1,0.978515625,0.021484375,2.3604152374900877e-06,5.258247256278992e-05,0.00019339099526405334,0.0,9.80359545792453e-05,0.0,0.0,0.00043790493509732187,1.0,0.056087005883455276,0.0,1.0,1.0,0.0,1.0,0.0,0.0,,,,,,,,,,,,,,,,,,,0.98828125,38353.453125,0.021484375,1.0,0.0,0.0,1
2,single,10,O,bert.encoder.layer.10.attention.output.dense,0.001,31,0,1,1,0.970703125,0.029296875,3.565942733985139e-06,4.922598600387573e-05,0.0001625996083021164,0.0,0.00014157585974317044,0.0,0.0,0.00041646664612926543,1.0,-0.11722107231616974,0.0,1.0,1.0,0.0,1.0,0.0,0.0,,,,,,,,,,,,,,,,,,,0.986328125,48840.2265625,0.029296875,1.0,0.0,0.0,1
2,single,10,FFN1,bert.encoder.layer.10.intermediate.dense,0.001,31,0,1,1,0.974609375,0.025390625,3.034381279576337e-06,3.635883331298828e-05,0.0001763664186000824,0.0,0.0001279705757042393,0.0,0.0,0.0002895838697440922,1.0,0.09485375881195068,0.0,1.0,1.0,0.0,1.0,0.0,0.0,,,,,,,,,,,,,,,,,,,0.98046875,45312.40234375,0.025390625,1.0,0.0,0.0,1
2,single,10,FFN2,bert.encoder.layer.10.output.dense,0.001,31,0,1,1,0.974609375,0.025390625,3.5203484003432095e-06,7.914751768112183e-05,0.00021380186080932617,0.0,0.00014562997967004776,0.0,0.0,0.00028471677796915174,1.0,0.010458446107804775,0.0,1.0,1.0,0.0,1.0,0.0,0.0,,,,,,,,,,,,,,,,,,,0.984375,51382.87109375,0.025390625,1.0,0.0,0.0,1
2,single,11,Q,bert.encoder.layer.11.attention.self.query,0.001,31,0,1,1,0.994140625,0.005859375,6.361210580507759e-07,7.298961281776428e-05,0.00013905693776905537,0.0,0.0,0.0,0.0,0.0002614724508021027,1.0,0.0042687286622822285,0.0,1.0,1.0,0.0,1.0,0.0,0.0,,,,,,,,,,,,,,,,,,,0.998046875,19385.576171875,0.005859375,0.0,0.0,0.0,1
2,single,11,K,bert.encoder.layer.11.attention.self.key,0.001,31,0,1,1,0.990234375,0.009765625,1.2209147826069966e-06,0.00010994169861078262,0.00015308894217014313,0.0,0.0,0.0,0.0,0.00020263530313968658,1.0,0.012800068594515324,0.0,1.0,1.0,0.0,1.0,0.0,0.0,,,,,,,,,,,,,,,,,,,0.994140625,28171.689453125,0.009765625,0.0,0.0,0.0,1
2,single,11,V,bert.encoder.layer.11.attention.self.value,0.001,31,0,1,1,0.970703125,0.029296875,3.704043137986446e-06,4.599243402481079e-05,0.0003495514392852783,0.0,0.000134557718411088,0.0,0.0,0.00042503821896389127,1.0,0.06300037354230881,0.0,1.0,1.0,0.0,1.0,0.0,0.0,,,,,,,,,,,,,,,,,,,0.982421875,56463.7890625,0.029296875,1.0,0.0,0.0,1
2,single,11,O,bert.encoder.layer.11.attention.output.dense,0.001,31,0,1,1,0.958984375,0.041015625,4.793021616933402e-06,5.43445348739624e-05,0.00017774850130081177,0.0,0.00014527626626659185,0.0,0.0,0.000509071396663785,1.0,0.07394243031740189,0.0,1.0,1.0,0.0,1.0,0.0,0.0,,,,,,,,,,,,,,,,,,,0.974609375,56019.90234375,0.041015625,1.0,0.0,0.0,1
2,single,11,FFN1,bert.encoder.layer.11.intermediate.dense,0.001,31,0,1,1,0.9765625,0.0234375,2.9575567168649286e-06,6.927177309989929e-05,0.00019482523202896118,0.0,0.0001278436102438718,0.0,0.0,0.00037368282210081816,1.0,0.11372730880975723,0.0,1.0,1.0,0.0,1.0,0.0,0.0,,,,,,,,,,,,,,,,,,,0.98046875,45598.6015625,0.0234375,1.0,0.0,0.0,1
2,single,11,FFN2,bert.encoder.layer.11.output.dense,0.001,31,0,1,1,0.984375,0.015625,1.8030186765827239e-06,7.314980030059814e-05,0.00020223669707775116,0.0,9.261084778700024e-05,0.0,0.001953125,0.0003314763307571411,1.0,0.014836372807621956,0.0,1.0,1.0,0.0,1.0,0.0,0.0,,,,,,,,,,,,,,,,,,,0.98828125,34522.60546875,0.015625,1.0,0.0,0.0,1
3,single,0,Q,bert.encoder.layer.0.attention.self.query,0.001,31,0,1,1,0.984375,0.015625,2.6543339117779396e-06,0.00010791327804327011,0.00028492510318756104,0.0,0.0001337417052127421,0.0,0.0,0.00014563578588422388,1.0,-0.049563974142074585,0.0,1.0,1.0,0.0,1.0,0.0,0.0,,,,,,,,,,,,,,,,,,,0.99609375,50543.05859375,0.015625,1.0,0.0,0.0,1
3,single,0,K,bert.encoder.layer.0.attention.self.key,0.001,31,0,1,1,0.990234375,0.009765625,1.2748532753903419e-06,7.334351539611816e-05,0.00020145997405052185,0.0,0.0,0.0,0.0,0.00014714844292029738,1.0,0.07015721499919891,0.0,1.0,1.0,0.0,1.0,0.0,0.0,,,,,,,,,,,,,,,,,,,0.994140625,31037.130859375,0.009765625,0.0,0.0,0.0,1
3,single,0,V,bert.encoder.layer.0.attention.self.value,0.001,31,0,1,1,0.923828125,0.076171875,7.456263119820505e-06,9.208917617797852e-06,0.00019046291708946228,0.0,0.0001317668502451852,0.0,0.0,0.0003346889861859381,1.0,0.012353272177278996,0.0,1.0,1.0,0.0,1.0,0.0,0.0,,,,,,,,,,,,,,,,,,,0.96484375,64469.01953125,0.076171875,1.0,0.0,0.0,1
3,single,0,O,bert.encoder.layer.0.attention.output.dense,0.001,31,0,1,1,0.927734375,0.072265625,6.500670679088216e-06,1.407042145729065e-05,0.00024781934916973114,0.0,0.00011960011761402711,0.0,0.0,0.00040036934660747647,1.0,0.07902165502309799,0.0,1.0,1.0,0.0,1.0,0.0,0.0,,,,,,,,,,,,,,,,,,,0.951171875,60480.6171875,0.072265625,1.0,0.0,0.0,1
3,single,0,FFN1,bert.encoder.layer.0.intermediate.dense,0.001,31,0,1,1,0.9765625,0.0234375,2.8458812266762834e-06,5.2303075790405273e-05,0.0003675883635878563,0.0,9.319417586084455e-05,0.0,0.0,0.00028478389140218496,1.0,0.35359498858451843,0.0,1.0,1.0,0.0,1.0,0.0,0.0,,,,,,,,,,,,,,,,,,,0.984375,50605.17578125,0.0234375,1.0,0.0,0.0,1
3,single,0,FFN2,bert.encoder.layer.0.output.dense,0.001,31,0,1,1,0.9765625,0.0234375,2.6757866180560086e-06,3.290921449661255e-05,0.0001998869702219963,0.0,0.0001205121079692617,0.0,0.0,0.00020824979583267123,1.0,0.034613236784935,0.0,1.0,1.0,0.0,1.0,0.0,0.0,,,,,,,,,,,,,,,,,,,0.986328125,41947.58203125,0.0234375,1.0,0.0,0.0,1
3,single,1,Q,bert.encoder.layer.1.attention.self.query,0.001,31,0,1,1,0.9609375,0.0390625,6.054692676116247e-06,3.606826066970825e-05,0.00028164684772491455,0.0,0.00018967782671097666,0.0,0.0,0.00036535633262246847,1.0,0.07533518224954605,0.0,1.0,1.0,0.0,1.0,0.0,0.0,,,,,,,,,,,,,,,,,,,0.96875,73546.953125,0.0390625,1.0,0.0,0.0,1
3,single,1,K,bert.encoder.layer.1.attention.self.key,0.001,31,0,1,1,0.978515625,0.021484375,2.622433385113254e-06,5.375593900680542e-05,0.00018001161515712738,0.0,0.0001370137615595013,0.0,0.0,0.00021491954976227134,1.0,-0.04909754917025566,0.0,1.0,1.0,0.0,1.0,0.0,0.0,,,,,,,,,,,,,,,,,,,0.990234375,43289.625,0.021484375,1.0,0.0,0.0,1
3,single,1,V,bert.encoder.layer.1.attention.self.value,0.001,31,0,1,1,0.939453125,0.060546875,5.872602741874289e-06,2.5316840037703514e-06,0.00020785443484783173,0.0,0.00013059435877949,0.0,0.0,0.00034370843786746264,1.0,0.050215184688568115,0.0,1.0,1.0,0.0,1.0,0.0,0.0,,,,,,,,,,,,,,,,,,,0.95703125,58075.9296875,0.060546875,1.0,0.0,0.0,1
3,single,1,O,bert.encoder.layer.1.attention.output.dense,0.001,31,0,1,1,0.90625,0.09375,8.03280454420019e-06,1.9237399101257324e-05,0.0002640802413225174,0.0,0.00012249048450030386,0.0,0.0,0.0004119553486816585,1.0,0.04084482416510582,0.0,1.0,1.0,0.0,1.0,0.0,0.0,,,,,,,,,,,,,,,,,,,0.943359375,65596.609375,0.09375,1.0,0.0,0.0,1
3,single,1,FFN1,bert.encoder.layer.1.intermediate.dense,0.001,31,0,1,1,0.9765625,0.0234375,2.9262494081194745e-06,4.652887582778931e-05,0.00021763890981674194,0.0,0.00013373623369261622,0.0,0.0,0.0003456873819231987,1.0,0.06773876398801804,0.0,1.0,1.0,0.0,1.0,0.0,0.0,,,,,,,,,,,,,,,,,,,0.984375,46146.3203125,0.0234375,1.0,0.0,0.0,1
3,single,1,FFN2,bert.encoder.layer.1.output.dense,0.001,31,0,1,1,0.9765625,0.0234375,4.290812285034917e-06,0.00010399241000413895,0.00046747922897338867,0.0,0.0001499554346082732,0.0,0.0,0.0002103406295645982,1.0,-0.2522035837173462,0.0,1.0,1.0,0.0,1.0,0.0,0.0,,,,,,,,,,,,,,,,,,,0.98828125,74152.6875,0.0234375,1.0,0.0,0.0,1
3,single,2,Q,bert.encoder.layer.2.attention.self.query,0.001,31,0,1,1,0.984375,0.015625,2.0158859115326777e-06,6.981566548347473e-05,0.00029033049941062927,0.0,9.811862400965765e-05,0.0,0.0,0.0001786043430911377,1.0,0.016375798732042313,0.0,1.0,1.0,0.0,1.0,0.0,0.0,,,,,,,,,,,,,,,,,,,0.9921875,41057.61328125,0.015625,1.0,0.0,0.0,1
3,single,2,K,bert.encoder.layer.2.attention.self.key,0.001,31,0,1,1,0.97265625,0.02734375,3.7185591281740926e-06,5.295872688293457e-05,0.0002905018627643585,0.0,0.00013903538638260216,0.0,0.0,0.00015105678176041692,1.0,-0.06723638623952866,0.0,1.0,1.0,0.0,1.0,0.0,0.0,,,,,,,,,,,,,,,,,,,0.9921875,55520.6796875,0.02734375,1.0,0.0,0.0,1
3,single,2,V,bert.encoder.layer.2.attention.self.value,0.001,31,0,1,1,0.9296875,0.0703125,5.5398541007889435e-06,1.9141007214784622e-06,0.0001702532172203064,0.0,0.00011846109555335715,0.0,0.0,0.00044712115777656436,1.0,0.08230186253786087,0.0,1.0,1.0,0.0,1.0,0.0,0.0,,,,,,,,,,,,,,,,,,,0.955078125,52099.94921875,0.0703125,1.0,0.0,0.0,1
3,single,2,O,bert.encoder.layer.2.attention.output.dense,0.001,31,0,1,1,0.919921875,0.080078125,7.161178473324981e-06,3.534555435180664e-05,0.0001650061458349228,0.0,0.0001242854486918077,0.0,0.0,0.0004958694917149842,1.0,-0.07600349187850952,0.0,1.0,1.0,0.0,1.0,0.0,0.0,,,,,,,,,,,,,,,,,,,0.955078125,60800.41015625,0.080078125,1.0,0.0,0.0,1
3,single,2,FFN1,bert.encoder.layer.2.intermediate.dense,0.001,31,0,1,1,0.958984375,0.041015625,4.689559318649117e-06,4.330277442932129e-05,0.00019686482846736908,0.0,0.00013859129103366286,0.0,0.0,0.00025129999266937375,1.0,0.08637286722660065,0.0,1.0,1.0,0.0,1.0,0.0,0.0,,,,,,,,,,,,,,,,,,,0.982421875,55608.01953125,0.041015625,1.0,0.0,0.0,1
3,single,2,FFN2,bert.encoder.layer.2.output.dense,0.001,31,0,1,1,0.974609375,0.025390625,3.222799477953231e-06,8.9302659034729e-05,0.00019032135605812073,0.0,0.00012024652096442878,0.0,0.0,0.00020696362480521202,1.0,-0.023145020008087158,0.0,1.0,1.0,0.0,1.0,0.0,0.0,,,,,,,,,,,,,,,,,,,0.986328125,47008.1953125,0.025390625,1.0,0.0,0.0,1
3,single,3,Q,bert.encoder.layer.3.attention.self.query,0.001,31,0,1,1,0.9765625,0.0234375,3.624008058977779e-06,8.963793516159058e-05,0.00034891068935394287,0.0,0.00014054244093131274,0.0,0.0,0.00020786964159924537,1.0,0.22252266108989716,0.0,1.0,1.0,0.0,1.0,0.0,0.0,,,,,,,,,,,,,,,,,,,0.982421875,58428.86328125,0.0234375,1.0,0.0,0.0,1
3,single,3,K,bert.encoder.layer.3.attention.self.key,0.001,31,0,1,1,0.978515625,0.021484375,3.151101964249392e-06,8.595921099185944e-05,0.0002200677990913391,0.0,0.00014422398817259818,0.0,0.0,0.0001879886258393526,1.0,0.0634264349937439,0.0,1.0,1.0,0.0,1.0,0.0,0.0,,,,,,,,,,,,,,,,,,,0.98828125,50640.08203125,0.021484375,1.0,0.0,0.0,1
3,single,3,V,bert.encoder.layer.3.attention.self.value,0.001,31,0,1,1,0.9296875,0.0703125,7.506752353947377e-06,3.549456596374512e-05,0.00023724976927042007,0.0,0.0001407750678481534,0.0,0.0,0.00047069904394447803,1.0,0.21819458901882172,0.0,1.0,1.0,0.0,1.0,0.0,0.0,,,,,,,,,,,,,,,,,,,0.953125,68054.2421875,0.0703125,1.0,0.0,0.0,1
3,single,3,O,bert.encoder.layer.3.attention.output.dense,0.001,31,0,1,1,0.916015625,0.083984375,7.5726893555838615e-06,2.8474023565649986e-05,0.000229567289352417,0.0,0.00012558545859064907,0.0,0.0,0.0005151404766365886,1.0,-0.02023109793663025,0.0,1.0,1.0,0.0,1.0,0.0,0.0,,,,,,,,,,,,,,,,,,,0.953125,63904.8828125,0.083984375,1.0,0.0,0.0,1
3,single,3,FFN1,bert.encoder.layer.3.intermediate.dense,0.001,31,0,1,1,0.9609375,0.0390625,4.84013889945345e-06,4.1484832763671875e-05,0.000464877113699913,0.0,0.0001377035368932411,0.0,0.0,0.0003133950522169471,1.0,0.30226436257362366,0.0,1.0,1.0,0.0,1.0,0.0,0.0,,,,,,,,,,,,,,,,,,,0.98046875,67212.109375,0.0390625,1.0,0.0,0.0,1
3,single,3,FFN2,bert.encoder.layer.3.output.dense,0.001,31,0,1,1,0.98828125,0.01171875,1.2402924767229706e-06,8.762627840042114e-05,0.00012485496699810028,0.0,7.798866863595322e-05,0.0,0.0,0.00022792944218963385,1.0,0.06498134881258011,0.0,1.0,1.0,0.0,1.0,0.0,0.0,,,,,,,,,,,,,,,,,,,0.9921875,26086.537109375,0.01171875,0.8900146484375,0.0,0.0,1
3,single,4,Q,bert.encoder.layer.4.attention.self.query,0.001,31,0,1,1,0.96875,0.03125,4.320917014410952e-06,6.526708602905273e-05,0.00021189451217651367,0.0,0.00015787361189723015,0.0,0.0,0.00024518740247003734,1.0,-0.037619106471538544,0.0,1.0,1.0,0.0,1.0,0.0,0.0,,,,,,,,,,,,,,,,,,,0.98828125,57565.6171875,0.03125,1.0,0.0,0.0,1
3,single,4,K,bert.encoder.layer.4.attention.self.key,0.001,31,0,1,1,0.97265625,0.02734375,3.4012932701443788e-06,3.143399953842163e-05,0.0003284919075667858,0.0,0.00012287305435165763,0.0,0.0,0.0002161489537684247,1.0,0.16270922124385834,0.0,1.0,1.0,0.0,1.0,0.0,0.0,,,,,,,,,,,,,,,,,,,0.982421875,54767.203125,0.02734375,1.0,0.0,0.0,1
3,single,4,V,bert.encoder.layer.4.attention.self.value,0.001,31,0,1,1,0.955078125,0.044921875,5.515322754945373e-06,4.9114227294921875e-05,0.0002548340708017349,0.0,0.00014107060269452631,0.0,0.0,0.0004487974219955504,1.0,-0.06314804404973984,0.0,1.0,1.0,0.0,1.0,0.0,0.0,,,,,,,,,,,,,,,,,,,0.966796875,62357.05859375,0.044921875,1.0,0.0,0.0,1
3,single,4,O,bert.encoder.layer.4.attention.output.dense,0.001,31,0,1,1,0.92578125,0.07421875,7.1269814725383185e-06,2.4005770683288574e-05,0.0001813247799873352,0.0,0.00013647192099597305,0.0,0.0,0.0004675577220041305,1.0,-0.026810619980096817,0.0,1.0,1.0,0.0,1.0,0.0,0.0,,,,,,,,,,,,,,,,,,,0.962890625,63032.71484375,0.07421875,1.0,0.0,0.0,1
3,single,4,FFN1,bert.encoder.layer.4.intermediate.dense,0.001,31,0,1,1,0.96875,0.03125,3.9272968024306465e-06,6.43506646156311e-05,0.00024166330695152283,0.0,0.0001250658096978441,0.0,0.0,0.00028201588429510593,1.0,0.008565294556319714,0.0,1.0,1.0,0.0,1.0,0.0,0.0,,,,,,,,,,,,,,,,,,,0.9765625,53182.6640625,0.03125,1.0,0.0,0.0,1
3,single,4,FFN2,bert.encoder.layer.4.output.dense,0.001,31,0,1,1,0.986328125,0.013671875,1.939219146152027e-06,0.0001027137041091919,0.00025115907192230225,0.0,0.00011175856343470514,0.0,0.0,0.0002266444353153929,1.0,-0.023545343428850174,0.0,1.0,1.0,0.0,1.0,0.0,0.0,,,,,,,,,,,,,,,,,,,0.994140625,39483.97265625,0.013671875,1.0,0.0,0.0,1
3,single,5,Q,bert.encoder.layer.5.attention.self.query,0.001,31,0,1,1,0.96484375,0.03515625,5.4055235523264855e-06,7.07283616065979e-05,0.0002075880765914917,0.0,0.00016657962987665087,0.0,0.0,0.00021870509954169393,1.0,0.06523150205612183,0.0,1.0,1.0,0.0,1.0,0.0,0.0,,,,,,,,,,,,,,,,,,,0.98046875,66551.96875,0.03515625,1.0,0.0,0.0,1
3,single,5,K,bert.encoder.layer.5.attention.self.key,0.001,31,0,1,1,0.98046875,0.01953125,2.5020003704412375e-06,7.867813110351562e-06,0.0002224445343017578,0.0,0.0001365521311527118,0.0,0.0,0.00020115566439926624,1.0,-0.0023148139007389545,0.0,1.0,1.0,0.0,1.0,0.0,0.0,,,,,,,,,,,,,,,,,,,0.9921875,44786.70703125,0.01953125,1.0,0.0,0.0,1
3,single,5,V,bert.encoder.layer.5.attention.self.value,0.001,31,0,1,1,0.947265625,0.052734375,6.206481884873938e-06,1.5109777450561523e-05,0.00028052739799022675,0.0,0.0001542511599836871,0.0,0.0,0.00047688873019069433,1.0,-0.016124676913022995,0.0,1.0,1.0,0.0,1.0,0.0,0.0,,,,,,,,,,,,,,,,,,,0.982421875,67799.8671875,0.052734375,1.0,0.0,0.0,1
3,single,5,O,bert.encoder.layer.5.attention.output.dense,0.001,31,0,1,1,0.9375,0.0625,6.594357273570495e-06,3.693625330924988e-05,0.00019869953393936157,0.0,0.00014201743761077523,0.0,0.0,0.0005293363356031477,1.0,0.15224243700504303,0.0,1.0,1.0,0.0,1.0,0.0,0.0,,,,,,,,,,,,,,,,,,,0.95703125,64036.453125,0.0625,1.0,0.0,0.0,1
3,single,5,FFN1,bert.encoder.layer.5.intermediate.dense,0.001,31,0,1,1,0.974609375,0.025390625,3.1951972232491244e-06,6.712973117828369e-05,0.00018952041864395142,0.0,0.00012508311192505062,0.0,0.0,0.00035708927316591144,1.0,-0.01666339486837387,0.0,1.0,1.0,0.0,1.0,0.0,0.0,,,,,,,,,,,,,,,,,,,0.986328125,46694.1640625,0.025390625,1.0,0.0,0.0,1
3,single,5,FFN2,bert.encoder.layer.5.output.dense,0.001,31,0,1,1,0.98046875,0.01953125,2.7988030524284113e-06,8.025392889976501e-05,0.0002115890383720398,0.0,0.00014316370652522892,0.0,0.0,0.00027423413121141493,1.0,0.04129411280155182,0.0,1.0,1.0,0.0,1.0,0.0,0.0,,,,,,,,,,,,,,,,,,,0.986328125,47006.25,0.01953125,1.0,0.0,0.0,1
3,single,6,Q,bert.encoder.layer.6.attention.self.query,0.001,31,0,1,1,0.98828125,0.01171875,1.64865286933491e-06,7.58543610572815e-05,0.00021133571863174438,0.0,6.751149339834228e-05,0.0,0.0,0.0002665724023245275,1.0,0.04197774454951286,0.0,1.0,1.0,0.0,1.0,0.0,0.0,,,,,,,,,,,,,,,,,,,0.994140625,36141.72265625,0.01171875,0.8900146484375,0.0,0.0,1
3,single,6,K,bert.encoder.layer.6.attention.self.key,0.001,31,0,1,1,0.982421875,0.017578125,2.0401039364514872e-06,6.368383765220642e-05,0.0001831352710723877,0.0,9.862823935691267e-05,0.0,0.0,0.0002492056810297072,1.0,0.015067619271576405,0.0,1.0,1.0,0.0,1.0,0.0,0.0,,,,,,,,,,,,,,,,,,,0.9921875,36693.21484375,0.017578125,1.0,0.0,0.0,1
3,single,6,V,bert.encoder.layer.6.attention.self.value,0.001,31,0,1,1,0.943359375,0.056640625,6.312802725005895e-06,2.5175511837005615e-05,0.00017511844635009766,0.0,0.00015525773051194847,0.0,0.0,0.0005614371621049941,1.0,0.024700399488210678,0.0,1.0,1.0,0.0,1.0,0.0,0.0,,,,,,,,,,,,,,,,,,,0.966796875,63758.92578125,0.056640625,1.0,0.0,0.0,1
3,single,6,O,bert.encoder.layer.6.attention.output.dense,0.001,31,0,1,1,0.93359375,0.06640625,6.323712113953661e-06,3.188475966453552e-05,0.00018964707851409912,0.0,0.00014798060874454677,0.0,0.0,0.0005611426895484328,1.0,0.08520656824111938,0.0,1.0,1.0,0.0,1.0,0.0,0.0,,,,,,,,,,,,,,,,,,,0.962890625,60469.8046875,0.06640625,1.0,0.0,0.0,1
3,single,6,FFN1,bert.encoder.layer.6.intermediate.dense,0.001,31,0,1,1,0.9609375,0.0390625,4.567054929793812e-06,6.0439109802246094e-05,0.00018825381994247437,0.0,0.0001405282673658803,0.0,0.0,0.0003589307889342308,1.0,0.04381757229566574,0.0,1.0,1.0,0.0,1.0,0.0,0.0,,,,,,,,,,,,,,,,,,,0.97265625,54895.984375,0.0390625,1.0,0.0,0.0,1
3,single,6,FFN2,bert.encoder.layer.6.output.dense,0.001,31,0,1,1,0.982421875,0.017578125,2.85993019133457e-06,0.0001195790246129036,0.00022854842245578766,0.0,0.00015655103197786957,0.0,0.0,0.000301806372590363,1.0,-0.03529031202197075,0.0,1.0,1.0,0.0,1.0,0.0,0.0,,,,,,,,,,,,,,,,,,,0.990234375,49467.9921875,0.017578125,1.0,0.0,0.0,1
3,single,7,Q,bert.encoder.layer.7.attention.self.query,0.001,31,0,1,1,0.9765625,0.0234375,3.5292805478093214e-06,7.605552673339844e-05,0.00021946430206298828,0.0,0.00015182694187387824,0.0,0.0,0.00020532231428660452,1.0,-0.004256878513842821,0.0,1.0,1.0,0.0,1.0,0.0,0.0,,,,,,,,,,,,,,,,,,,0.986328125,53545.7109375,0.0234375,1.0,0.0,0.0,1
3,single,7,K,bert.encoder.layer.7.attention.self.key,0.001,31,0,1,1,0.9765625,0.0234375,3.588971367207705e-06,0.00010021775960922241,0.00023076683282852173,0.0,0.00014369527343660593,0.0,0.0,0.00020378149929456413,1.0,0.03756638616323471,0.0,1.0,1.0,0.0,1.0,0.0,0.0,,,,,,,,,,,,,,,,,,,0.984375,54727.23828125,0.0234375,1.0,0.0,0.0,1
3,single,7,V,bert.encoder.layer.7.attention.self.value,0.001,31,0,1,1,0.9375,0.0625,5.634113222185988e-06,4.161149263381958e-05,0.00015531107783317566,0.0,0.00012101145694032311,0.0,0.0,0.0005033642519265413,1.0,0.0684252679347992,0.0,1.0,1.0,0.0,1.0,0.0,0.0,,,,,,,,,,,,,,,,,,,0.962890625,53405.60546875,0.0625,1.0,0.0,0.0,1
3,single,7,O,bert.encoder.layer.7.attention.output.dense,0.001,31,0,1,1,0.94140625,0.05859375,5.865081220690627e-06,2.2292137145996094e-05,0.00020435824990272522,0.0,0.00013296713586896658,0.0,0.0,0.0005125857423990965,1.0,0.015186772681772709,0.0,1.0,1.0,0.0,1.0,0.0,0.0,,,,,,,,,,,,,,,,,,,0.970703125,58915.04296875,0.05859375,1.0,0.0,0.0,1
3,single,7,FFN1,bert.encoder.layer.7.intermediate.dense,0.001,31,0,1,1,0.966796875,0.033203125,4.056995294376975e-06,5.3431838750839233e-05,0.00023403018712997437,0.0,0.00014443343388848007,0.0,0.0,0.00038116585346870124,1.0,0.07038487493991852,0.0,1.0,1.0,0.0,1.0,0.0,0.0,,,,,,,,,,,,,,,,,,,0.9765625,53886.18359375,0.033203125,1.0,0.0,0.0,1
3,single,7,FFN2,bert.encoder.layer.7.output.dense,0.001,31,0,1,1,0.96484375,0.03515625,5.512295501830522e-06,7.688440382480621e-05,0.00021439790725708008,0.0,0.00018580140022095293,0.0,0.0,0.00029899581568315625,1.0,0.04342891275882721,0.0,1.0,1.0,0.0,1.0,0.0,0.0,,,,,,,,,,,,,,,,,,,0.978515625,68355.1328125,0.03515625,1.0,0.0,0.0,1
3,single,8,Q,bert.encoder.layer.8.attention.self.query,0.001,31,0,1,1,0.98046875,0.01953125,3.3663723115751054e-06,0.0001040976494550705,0.00029134564101696014,0.0,0.00013110005238559097,0.0,0.0,0.0002754215965978801,1.0,0.02741227298974991,0.0,1.0,1.0,0.0,1.0,0.0,0.0,,,,,,,,,,,,,,,,,,,0.9921875,57852.74609375,0.01953125,1.0,0.0,0.0,1
3,single,8,K,bert.encoder.layer.8.attention.self.key,0.001,31,0,1,1,0.95703125,0.04296875,5.562701517192181e-06,1.2032687664031982e-05,0.0002049766480922699,0.0,0.0001566840655868873,0.0,0.0,0.00026780087500810623,1.0,-0.09043772518634796,0.0,1.0,1.0,0.0,1.0,0.0,0.0,,,,,,,,,,,,,,,,,,,0.982421875,63707.27734375,0.04296875,1.0,0.0,0.0,1
3,single,8,V,bert.encoder.layer.8.attention.self.value,0.001,31,0,1,1,0.947265625,0.052734375,5.14655312144896e-06,1.17570161819458e-05,0.00022318027913570404,0.0,0.00013075507013127208,0.0,0.0,0.0005411087768152356,1.0,0.16032449901103973,0.0,1.0,1.0,0.0,1.0,0.0,0.0,,,,,,,,,,,,,,,,,,,0.966796875,55971.953125,0.052734375,1.0,0.0,0.0,1
3,single,8,O,bert.encoder.layer.8.attention.output.dense,0.001,31,0,1,1,0.939453125,0.060546875,6.963192390685435e-06,9.103212505578995e-06,0.00017801299691200256,0.0,0.00015357100346591324,0.0,0.0,0.0005415694322437048,1.0,0.08879979699850082,0.0,1.0,1.0,0.0,1.0,0.0,0.0,,,,,,,,,,,,,,,,,,,0.958984375,68247.9609375,0.060546875,1.0,0.0,0.0,1
3,single,8,FFN1,bert.encoder.layer.8.intermediate.dense,0.001,31,0,1,1,0.966796875,0.033203125,3.827890395768918e-06,3.8743019104003906e-05,0.0002168118953704834,0.0,0.00013929203851148486,0.0,0.0,0.0003933135885745287,1.0,0.1082061380147934,0.0,1.0,1.0,0.0,1.0,0.0,0.0,,,,,,,,,,,,,,,,,,,0.98046875,50576.09375,0.033203125,1.0,0.0,0.0,1
3,single,8,FFN2,bert.encoder.layer.8.output.dense,0.001,31,0,1,1,0.97265625,0.02734375,2.6776619961310644e-06,8.809380233287811e-06,0.00015842728316783905,0.0,0.00011589589848881587,0.0,0.0,0.0003301170072518289,1.0,0.20439466834068298,0.0,1.0,1.0,0.0,1.0,0.0,0.0,,,,,,,,,,,,,,,,,,,0.98046875,39893.296875,0.02734375,1.0,0.0,0.0,1
3,single,9,Q,bert.encoder.layer.9.attention.self.query,0.001,31,0,1,1,0.978515625,0.021484375,3.0260393941716757e-06,6.897002458572388e-05,0.00018916651606559753,0.0,0.00014719556202180684,0.0,0.0,0.0003649579593911767,1.0,0.08804308623075485,0.0,1.0,1.0,0.0,1.0,0.0,0.0,,,,,,,,,,,,,,,,,,,0.986328125,47961.34375,0.021484375,1.0,0.0,0.0,1
3,single,9,K,bert.encoder.layer.9.attention.self.key,0.001,31,0,1,1,0.974609375,0.025390625,3.91638741348288e-06,0.00010465271770954132,0.0002491176128387451,0.0,0.00015707782586105168,0.0,0.0,0.00033992729731835425,1.0,-0.028691058978438377,0.0,1.0,1.0,0.0,1.0,0.0,0.0,,,,,,,,,,,,,,,,,,,0.990234375,57167.6484375,0.025390625,1.0,0.0,0.0,1
3,single,9,V,bert.encoder.layer.9.attention.self.value,0.001,31,0,1,1,0.947265625,0.052734375,5.851927198818885e-06,1.8946826457977295e-05,0.00018621236085891724,0.0,0.00014282864867709577,0.0,0.0,0.0006959638558328152,1.0,-0.07977616786956787,0.0,1.0,1.0,0.0,1.0,0.0,0.0,,,,,,,,,,,,,,,,,,,0.96875,61704.84765625,0.052734375,1.0,0.0,0.0,1
3,single,9,O,bert.encoder.layer.9.attention.output.dense,0.001,31,0,1,1,0.95703125,0.04296875,4.678011009673355e-06,6.294995546340942e-05,0.0002101752907037735,0.0,0.00011982493742834777,0.0,0.0,0.0006678984500467777,1.0,0.09196138381958008,0.0,1.0,1.0,0.0,1.0,0.0,0.0,,,,,,,,,,,,,,,,,,,0.970703125,53146.62890625,0.04296875,1.0,0.0,0.0,1
3,single,9,FFN1,bert.encoder.layer.9.intermediate.dense,0.001,31,0,1,1,0.974609375,0.025390625,2.8746917450916953e-06,2.6419758796691895e-05,0.00019036978483200073,0.0,0.00012668591807596385,0.0,0.0,0.0003946940414607525,1.0,0.15799491107463837,0.0,1.0,1.0,0.0,1.0,0.0,0.0,,,,,,,,,,,,,,,,,,,0.986328125,43712.56640625,0.025390625,1.0,0.0,0.0,1
3,single,9,FFN2,bert.encoder.layer.9.output.dense,0.001,31,0,1,1,0.974609375,0.025390625,2.893097189371474e-06,1.3709068298339844e-05,0.00019215978682041168,0.0,0.00012941240856889635,0.0,0.0,0.0003198892227374017,1.0,0.0022374060936272144,0.0,1.0,1.0,0.0,1.0,0.0,0.0,,,,,,,,,,,,,,,,,,,0.98828125,44846.90625,0.025390625,1.0,0.0,0.0,1
3,single,10,Q,bert.encoder.layer.10.attention.self.query,0.001,31,0,1,1,0.984375,0.015625,2.7338883228367195e-06,5.476921796798706e-05,0.0003279075026512146,0.0,0.00012509261432569474,0.0,0.0,0.00030389544554054737,1.0,0.08999283611774445,0.0,1.0,1.0,0.0,1.0,0.0,0.0,,,,,,,,,,,,,,,,,,,0.98828125,54876.2109375,0.015625,1.0,0.0,0.0,1
3,single,10,K,bert.encoder.layer.10.attention.self.key,0.001,31,0,1,1,0.97265625,0.02734375,4.038578481413424e-06,4.5359134674072266e-05,0.00030120834708213806,0.0,0.00014361787179950625,0.0,0.0,0.0002639727317728102,1.0,-0.023238753899931908,0.0,1.0,1.0,0.0,1.0,0.0,0.0,,,,,,,,,,,,,,,,,,,0.982421875,60652.94140625,0.02734375,1.0,0.0,0.0,1
3,single,10,V,bert.encoder.layer.10.attention.self.value,0.001,31,0,1,1,0.98046875,0.01953125,1.6644953575450927e-06,2.8360635042190552e-05,0.0001398026943206787,0.0,7.821926556061953e-05,0.0,0.0,0.0005639437003992498,1.0,-0.12936684489250183,0.0,1.0,1.0,0.0,1.0,0.0,0.0,,,,,,,,,,,,,,,,,,,0.98828125,29028.7578125,0.01953125,1.0,0.0,0.0,1
3,single,10,O,bert.encoder.layer.10.attention.output.dense,0.001,31,0,1,1,0.958984375,0.041015625,4.531153535936028e-06,4.805997014045715e-05,0.00019329041242599487,0.0,0.00013158815272618085,0.0,0.0,0.0006662720697931945,1.0,0.09903451055288315,0.0,1.0,1.0,0.0,1.0,0.0,0.0,,,,,,,,,,,,,,,,,,,0.97265625,53862.02734375,0.041015625,1.0,0.0,0.0,1
3,single,10,FFN1,bert.encoder.layer.10.intermediate.dense,0.001,31,0,1,1,0.984375,0.015625,1.927659468492493e-06,3.6425888538360596e-05,0.00021579116582870483,0.0,7.73196661612019e-05,0.0,0.0,0.0003663479583337903,1.0,0.008646633476018906,0.0,1.0,1.0,0.0,1.0,0.0,0.0,,,,,,,,,,,,,,,,,,,0.994140625,38918.66796875,0.015625,1.0,0.0,0.0,1
3,single,10,FFN2,bert.encoder.layer.10.output.dense,0.001,31,0,1,1,0.970703125,0.029296875,3.92081938116462e-06,4.158914089202881e-05,0.00025178492069244385,0.0,0.000137315146275796,0.0,0.0,0.00038271662197075784,1.0,0.03897088021039963,0.0,1.0,1.0,0.0,1.0,0.0,0.0,,,,,,,,,,,,,,,,,,,0.982421875,55428.19140625,0.029296875,1.0,0.0,0.0,1
3,single,11,Q,bert.encoder.layer.11.attention.self.query,0.001,31,0,1,1,0.9921875,0.0078125,9.307423169957474e-07,5.435943603515625e-05,0.00016546249389648438,0.0,0.0,0.0,0.0,0.00031511380802839994,1.0,0.01013273000717163,0.0,1.0,1.0,0.0,1.0,0.0,0.0,,,,,,,,,,,,,,,,,,,0.994140625,25411.15625,0.0078125,0.0,0.0,0.0,1
3,single,11,K,bert.encoder.layer.11.attention.self.key,0.001,31,0,1,1,0.990234375,0.009765625,1.4354245649883524e-06,8.408725261688232e-05,0.0002610785886645317,0.0,0.0,0.0,0.0,0.0002788692945614457,1.0,-0.0033272388391196728,0.0,1.0,1.0,0.0,1.0,0.0,0.0,,,,,,,,,,,,,,,,,,,0.994140625,35520.890625,0.009765625,0.0,0.0,0.0,1
3,single,11,V,bert.encoder.layer.11.attention.self.value,0.001,31,0,1,1,0.9765625,0.0234375,3.6251349229132757e-06,0.0001203799620270729,0.0002477988600730896,0.0,0.00013908550317864865,0.0,0.0,0.00046215156908147037,1.0,0.19015608727931976,0.0,1.0,1.0,0.0,1.0,0.0,0.0,,,,,,,,,,,,,,,,,,,0.982421875,54982.91796875,0.0234375,1.0,0.0,0.0,1
3,single,11,O,bert.encoder.layer.11.attention.output.dense,0.001,31,0,1,1,0.966796875,0.033203125,3.7296431401045993e-06,4.8473477363586426e-05,0.00019041448831558228,0.0,0.0001254639937542379,0.0,0.0,0.000525843002833426,1.0,-0.007081212010234594,0.0,1.0,1.0,0.0,1.0,0.0,0.0,,,,,,,,,,,,,,,,,,,0.984375,48553.85546875,0.033203125,1.0,0.0,0.0,1
3,single,11,FFN1,bert.encoder.layer.11.intermediate.dense,0.001,31,0,1,1,0.978515625,0.021484375,2.777467670966871e-06,8.141249418258667e-05,0.00019000470638275146,0.0,0.00011844482651213184,0.0,0.0,0.00047530190204270184,1.0,0.026120096445083618,0.0,1.0,1.0,0.0,1.0,0.0,0.0,,,,,,,,,,,,,,,,,,,0.986328125,44060.1328125,0.021484375,1.0,0.0,0.0,1
3,single,11,FFN2,bert.encoder.layer.11.output.dense,0.001,31,0,1,1,0.958984375,0.041015625,5.545516614802182e-06,6.972998380661011e-05,0.0002151280641555786,0.0,0.0001522635284345597,0.0,0.001953125,0.00034709839383140206,1.0,0.008565643802285194,0.0,1.0,1.0,0.0,1.0,0.0,0.0,,,,,,,,,,,,,,,,,,,0.974609375,63586.13671875,0.041015625,1.0,0.0,0.0,1
4,single,0,Q,bert.encoder.layer.0.attention.self.query,0.001,31,0,1,1,0.990234375,0.009765625,1.2080008673365228e-06,5.280226469039917e-05,0.0002325400710105896,0.0,0.0,0.0,0.0,0.00015944536426104605,1.0,-0.0011307114036753774,0.0,1.0,1.0,0.0,1.0,0.0,0.0,,,,,,,,,,,,,,,,,,,0.99609375,31115.8359375,0.009765625,0.0,0.0,0.0,1
4,single,0,K,bert.encoder.layer.0.attention.self.key,0.001,31,0,1,1,0.978515625,0.021484375,3.648820893431548e-06,0.00011512450873851776,0.00035563576966524124,0.0,0.0001429303374607116,0.0,0.0,0.000150888561620377,1.0,-0.02483145147562027,0.0,1.0,1.0,0.0,1.0,0.0,0.0,,,,,,,,,,,,,,,,,,,0.990234375,60603.15625,0.021484375,1.0,0.0,0.0,1
4,single,0,V,bert.encoder.layer.0.attention.self.value,0.001,31,0,1,1,0.9453125,0.0546875,5.9595031416392885e-06,2.8196722269058228e-05,0.00017170608043670654,0.0,0.00013815521379001439,0.0,0.0,0.0003886628255713731,1.0,0.03825634717941284,0.0,1.0,1.0,0.0,1.0,0.0,0.0,,,,,,,,,,,,,,,,,,,0.974609375,60812.65234375,0.0546875,1.0,0.0,0.0,1
4,single,0,O,bert.encoder.layer.0.attention.output.dense,0.001,31,0,1,1,0.9375,0.0625,6.002468580845743e-06,4.533305764198303e-05,0.00024757348001003265,0.0,0.00011693929263856262,0.0,0.0,0.0004485099343582988,1.0,0.04726845771074295,0.0,1.0,1.0,0.0,1.0,0.0,0.0,,,,,,,,,,,,,,,,,,,0.962890625,58175.3203125,0.0625,1.0,0.0,0.0,1
4,single,0,FFN1,bert.encoder.layer.0.intermediate.dense,0.001,31,0,1,1,0.9609375,0.0390625,4.508285201154649e-06,4.6838074922561646e-05,0.0001860298216342926,0.0,0.00014013616601005197,0.0,0.0,0.0003125046787317842,1.0,-0.21348857879638672,0.0,1.0,1.0,0.0,1.0,0.0,0.0,,,,,,,,,,,,,,,,,,,0.97265625,54187.11328125,0.0390625,1.0,0.0,0.0,1
4,single,0,FFN2,bert.encoder.layer.0.output.dense,0.001,31,0,1,1,0.98046875,0.01953125,2.287105417053681e-06,6.554275751113892e-05,0.00018471479415893555,0.0,0.00012110134412068874,0.0,0.0,0.0002121378929587081,1.0,0.10099411010742188,0.0,1.0,1.0,0.0,1.0,0.0,0.0,,,,,,,,,,,,,,,,,,,0.986328125,38948.91015625,0.01953125,1.0,0.0,0.0,1
4,single,1,Q,bert.encoder.layer.1.attention.self.query,0.001,31,0,1,1,0.966796875,0.033203125,4.898781298834365e-06,4.787743091583252e-05,0.00031287968158721924,0.0,0.00015339905803557485,0.0,0.0,0.0002272582787554711,1.0,0.030913716182112694,0.0,1.0,1.0,0.0,1.0,0.0,0.0,,,,,,,,,,,,,,,,,,,0.98046875,67185.671875,0.033203125,1.0,0.0,0.0,1
4,single,1,K,bert.encoder.layer.1.attention.self.key,0.001,31,0,1,1,0.982421875,0.017578125,2.517587290640222e-06,5.702674388885498e-05,0.00020591169595718384,0.0,0.00013667692837771028,0.0,0.0,0.00017416084301657975,1.0,-0.18136639893054962,0.0,1.0,1.0,0.0,1.0,0.0,0.0,,,,,,,,,,,,,,,,,,,0.998046875,45084.98046875,0.017578125,1.0,0.0,0.0,1
4,single,1,V,bert.encoder.layer.1.attention.self.value,0.001,31,0,1,1,0.94140625,0.05859375,5.595007678493857e-06,3.367103636264801e-05,0.00033754482865333557,0.0,0.00012518512085080147,0.0,0.0,0.00039881630800664425,1.0,-0.007874558679759502,0.0,1.0,1.0,0.0,1.0,0.0,0.0,,,,,,,,,,,,,,,,,,,0.970703125,60487.7734375,0.05859375,1.0,0.0,0.0,1
4,single,1,O,bert.encoder.layer.1.attention.output.dense,0.001,31,0,1,1,0.921875,0.078125,7.739719876553863e-06,5.353614687919617e-05,0.00029227882623672485,0.0,0.00013743981253355742,0.0,0.0,0.0004037954786326736,1.0,0.07207606732845306,0.0,1.0,1.0,0.0,1.0,0.0,0.0,,,,,,,,,,,,,,,,,,,0.955078125,69376.375,0.078125,1.0,0.0,0.0,1
4,single,1,FFN1,bert.encoder.layer.1.intermediate.dense,0.001,31,0,1,1,0.97265625,0.02734375,3.093104851359385e-06,4.76837158203125e-05,0.00016052648425102234,0.0,0.00012461219739634544,0.0,0.0,0.0002662604092620313,1.0,0.0338093526661396,0.0,1.0,1.0,0.0,1.0,0.0,0.0,,,,,,,,,,,,,,,,,,,0.9765625,44117.3671875,0.02734375,1.0,0.0,0.0,1
4,single,1,FFN2,bert.encoder.layer.1.output.dense,0.001,31,0,1,1,0.98046875,0.01953125,2.890444420700078e-06,5.251169204711914e-05,0.0003775656223297119,0.0,0.00011951386841246858,0.0,0.0,0.0002496505039744079,1.0,0.18409885466098785,0.0,1.0,1.0,0.0,1.0,0.0,0.0,,,,,,,,,,,,,,,,,,,0.982421875,53716.3125,0.01953125,1.0,0.0,0.0,1
4,single,2,Q,bert.encoder.layer.2.attention.self.query,0.001,31,0,1,1,0.9765625,0.0234375,3.5606290111900307e-06,0.00010103359818458557,0.0002259090542793274,0.0,0.0001402618654537946,0.0,0.0,0.00018330621242057532,1.0,-0.024731086567044258,0.0,1.0,1.0,0.0,1.0,0.0,0.0,,,,,,,,,,,,,,,,,,,0.98828125,54338.37109375,0.0234375,1.0,0.0,0.0,1
4,single,2,K,bert.encoder.layer.2.attention.self.key,0.001,31,0,1,1,0.982421875,0.017578125,2.690952442208072e-06,7.575750350952148e-05,0.00031512975692749023,0.0,0.00012999735190533102,0.0,0.0,0.00016108871204778552,1.0,0.002789314603433013,0.0,1.0,1.0,0.0,1.0,0.0,0.0,,,,,,,,,,,,,,,,,,,0.990234375,50236.96484375,0.017578125,1.0,0.0,0.0,1
4,single,2,V,bert.encoder.layer.2.attention.self.value,0.001,31,0,1,1,0.921875,0.078125,6.679689249722287e-06,1.3802200555801392e-05,0.00026289746165275574,0.0,0.00012642383808270097,0.0,0.0,0.000548082054592669,1.0,0.27645108103752136,0.0,1.0,1.0,0.0,1.0,0.0,0.0,,,,,,,,,,,,,,,,,,,0.951171875,62002.1953125,0.078125,1.0,0.0,0.0,1
4,single,2,O,bert.encoder.layer.2.attention.output.dense,0.001,31,0,1,1,0.91015625,0.08984375,7.762506356812082e-06,3.762543201446533e-06,0.00017280876636505127,0.0,0.00012653757585212588,0.0,0.0,0.0005806753179058433,1.0,0.047120220959186554,0.0,1.0,1.0,0.0,1.0,0.0,0.0,,,,,,,,,,,,,,,,,,,0.9453125,62626.9453125,0.08984375,1.0,0.0,0.0,1
4,single,2,FFN1,bert.encoder.layer.2.intermediate.dense,0.001,31,0,1,1,0.96484375,0.03515625,3.597117029130459e-06,2.8654932975769043e-05,0.00016099214553833008,0.0,0.0001400727778673172,0.0,0.0,0.0002978949050884694,1.0,-0.22865845263004303,0.0,1.0,1.0,0.0,1.0,0.0,0.0,,,,,,,,,,,,,,,,,,,0.982421875,46665.2890625,0.03515625,1.0,0.0,0.0,1
4,single,2,FFN2,bert.encoder.layer.2.output.dense,0.001,31,0,1,1,0.974609375,0.025390625,2.87200600723736e-06,5.322694778442383e-05,0.00025573838502168655,0.0,0.00012149382382631302,0.0,0.0,0.00024030019994825125,1.0,0.0036093154922127724,0.0,1.0,1.0,0.0,1.0,0.0,0.0,,,,,,,,,,,,,,,,,,,0.98828125,45033.19921875,0.025390625,1.0,0.0,0.0,1
4,single,3,Q,bert.encoder.layer.3.attention.self.query,0.001,31,0,1,1,0.9765625,0.0234375,3.334311259095557e-06,8.494406938552856e-05,0.00018772901967167854,0.0,0.00013736308028455824,0.0,0.0,0.0002015564969042316,1.0,-0.08597727864980698,0.0,1.0,1.0,0.0,1.0,0.0,0.0,,,,,,,,,,,,,,,,,,,0.994140625,50520.58984375,0.0234375,1.0,0.0,0.0,1
4,single,3,K,bert.encoder.layer.3.attention.self.key,0.001,31,0,1,1,0.978515625,0.021484375,2.917012807301944e-06,2.034008502960205e-05,0.00024065375328063965,0.0,0.00011992370127700269,0.0,0.0,0.0001798422890715301,1.0,0.05175689980387688,0.0,1.0,1.0,0.0,1.0,0.0,0.0,,,,,,,,,,,,,,,,,,,0.984375,49539.00390625,0.021484375,1.0,0.0,0.0,1
4,single,3,V,bert.encoder.layer.3.attention.self.value,0.001,31,0,1,1,0.935546875,0.064453125,6.59035868011415e-06,5.4605305194854736e-05,0.00014225207269191742,0.0,0.00012874907406512648,0.0,0.0,0.0004911167779937387,1.0,-0.11316248774528503,0.0,1.0,1.0,0.0,1.0,0.0,0.0,,,,,,,,,,,,,,,,,,,0.966796875,60307.2578125,0.064453125,1.0,0.0,0.0,1
4,single,3,O,bert.encoder.layer.3.attention.output.dense,0.001,31,0,1,1,0.919921875,0.080078125,6.856135769339744e-06,1.9825296476483345e-05,0.0001802295446395874,0.0,0.00011252605327172205,0.0,0.0,0.0005126280011609197,1.0,0.07369308918714523,0.0,1.0,1.0,0.0,1.0,0.0,0.0,,,,,,,,,,,,,,,,,,,0.951171875,58508.15234375,0.080078125,1.0,0.0,0.0,1
4,single,3,FFN1,bert.encoder.layer.3.intermediate.dense,0.001,31,0,1,1,0.966796875,0.033203125,4.097277269465849e-06,2.298504114151001e-05,0.00020034052431583405,0.0,0.0001589567109476775,0.0,0.0,0.00039547047344967723,1.0,-0.21686722338199615,0.0,1.0,1.0,0.0,1.0,0.0,0.0,,,,,,,,,,,,,,,,,,,0.982421875,54470.03125,0.033203125,1.0,0.0,0.0,1
4,single,3,FFN2,bert.encoder.layer.3.output.dense,0.001,31,0,1,1,0.982421875,0.017578125,2.077935732813785e-06,4.0864571928977966e-05,0.00018620863556861877,0.0,0.00010742878657765687,0.0,0.0,0.00024224878870882094,1.0,0.21796521544456482,0.0,1.0,1.0,0.0,1.0,0.0,0.0,,,,,,,,,,,,,,,,,,,0.986328125,37995.20703125,0.017578125,1.0,0.0,0.0,1
4,single,4,Q,bert.encoder.layer.4.attention.self.query,0.001,31,0,1,1,0.98046875,0.01953125,2.695811872399645e-06,9.48682427406311e-05,0.0002109510824084282,0.0,0.00011507449380587786,0.0,0.0,0.0002628285437822342,1.0,-0.05455697700381279,0.0,1.0,1.0,0.0,1.0,0.0,0.0,,,,,,,,,,,,,,,,,,,0.9921875,45774.5859375,0.01953125,1.0,0.0,0.0,1
4,single,4,K,bert.encoder.layer.4.attention.self.key,0.001,31,0,1,1,0.98046875,0.01953125,2.8907575142511632e-06,7.628463208675385e-05,0.00025752605870366096,0.0,0.00013929461420048028,0.0,0.0,0.00022696536325383931,1.0,-0.01438269391655922,0.0,1.0,1.0,0.0,1.0,0.0,0.0,,,,,,,,,,,,,,,,,,,0.990234375,49616.984375,0.01953125,1.0,0.0,0.0,1
4,single,4,V,bert.encoder.layer.4.attention.self.value,0.001,31,0,1,1,0.962890625,0.037109375,4.22836728830589e-06,4.3995678424835205e-05,0.0001504942774772644,0.0,0.00012928087380714715,0.0,0.0,0.00045468617463484406,1.0,0.10454392433166504,0.0,1.0,1.0,0.0,1.0,0.0,0.0,,,,,,,,,,,,,,,,,,,0.974609375,50891.2265625,0.037109375,1.0,0.0,0.0,1
4,single,4,O,bert.encoder.layer.4.attention.output.dense,0.001,31,0,1,1,0.94921875,0.05078125,5.593666173808742e-06,3.5785138607025146e-05,0.00023302435874938965,0.0,0.00014202432066667825,0.0,0.0,0.0004976241616532207,1.0,0.0267284344881773,0.0,1.0,1.0,0.0,1.0,0.0,0.0,,,,,,,,,,,,,,,,,,,0.97265625,59904.34375,0.05078125,1.0,0.0,0.0,1
4,single,4,FFN1,bert.encoder.layer.4.intermediate.dense,0.001,31,0,1,1,0.96484375,0.03515625,4.257363798387814e-06,6.0945749282836914e-05,0.0002090930938720703,0.0,0.00013158228830434382,0.0,0.0,0.0003166613169014454,1.0,0.12983594834804535,0.0,1.0,1.0,0.0,1.0,0.0,0.0,,,,,,,,,,,,,,,,,,,0.9765625,53767.23828125,0.03515625,1.0,0.0,0.0,1
4,single,4,FFN2,bert.encoder.layer.4.output.dense,0.001,31,0,1,1,0.98046875,0.01953125,3.0372757464647293e-06,9.45553183555603e-05,0.00021085143089294434,0.0,0.00015143325435929,0.0,0.0,0.0002522878930903971,1.0,0.0373874306678772,0.0,1.0,1.0,0.0,1.0,0.0,0.0,,,,,,,,,,,,,,,,,,,0.9921875,51183.87109375,0.01953125,1.0,0.0,0.0,1
4,single,5,Q,bert.encoder.layer.5.attention.self.query,0.001,31,0,1,1,0.978515625,0.021484375,2.4673781808814965e-06,3.773719072341919e-05,0.00024181464686989784,0.0,0.00010100983490701765,0.0,0.0,0.00024352723266929388,1.0,0.01323083508759737,0.0,1.0,1.0,0.0,1.0,0.0,0.0,,,,,,,,,,,,,,,,,,,0.990234375,42116.94140625,0.021484375,1.0,0.0,0.0,1
4,single,5,K,bert.encoder.layer.5.attention.self.key,0.001,31,0,1,1,0.98046875,0.01953125,2.517450411687605e-06,6.551668047904968e-05,0.0002274438738822937,0.0,9.2548034444917e-05,0.0,0.0,0.0002518505207262933,1.0,-0.025477802380919456,0.0,1.0,1.0,0.0,1.0,0.0,0.0,,,,,,,,,,,,,,,,,,,0.9921875,44172.171875,0.01953125,1.0,0.0,0.0,1
4,single,5,V,bert.encoder.layer.5.attention.self.value,0.001,31,0,1,1,0.953125,0.046875,5.066920039098477e-06,5.669519305229187e-05,0.0001748986542224884,0.0,0.0001397704763803631,0.0,0.0,0.0004513920866884291,1.0,0.09721784293651581,0.0,1.0,1.0,0.0,1.0,0.0,0.0,,,,,,,,,,,,,,,,,,,0.978515625,55494.19921875,0.046875,1.0,0.0,0.0,1
4,single,5,O,bert.encoder.layer.5.attention.output.dense,0.001,31,0,1,1,0.935546875,0.064453125,6.633046268689213e-06,1.4023855328559875e-05,0.0002720057964324951,0.0,0.0001419836189597845,0.0,0.0,0.0005087734316475689,1.0,0.11095927655696869,0.0,1.0,1.0,0.0,1.0,0.0,0.0,,,,,,,,,,,,,,,,,,,0.962890625,66236.1796875,0.064453125,1.0,0.0,0.0,1
4,single,5,FFN1,bert.encoder.layer.5.intermediate.dense,0.001,31,0,1,1,0.98828125,0.01171875,1.4958379779272946e-06,5.346536636352539e-05,0.0001939591020345688,0.0,4.758495924761519e-05,0.0,0.0,0.0003225131658837199,1.0,-0.12324470281600952,0.0,1.0,1.0,0.0,1.0,0.0,0.0,,,,,,,,,,,,,,,,,,,0.9921875,33409.76953125,0.01171875,0.8900146484375,0.0,0.0,1
4,single,5,FFN2,bert.encoder.layer.5.output.dense,0.001,31,0,1,1,0.9765625,0.0234375,3.4244840207975358e-06,7.817521691322327e-05,0.0004389179521240294,0.0,0.00012544982018880546,0.0,0.0,0.0002752910368144512,1.0,0.09003156423568726,0.0,1.0,1.0,0.0,1.0,0.0,0.0,,,,,,,,,,,,,,,,,,,0.98828125,60401.98046875,0.0234375,1.0,0.0,0.0,1
4,single,6,Q,bert.encoder.layer.6.attention.self.query,0.001,31,0,1,1,0.982421875,0.017578125,2.6075649657286704e-06,1.642853021621704e-05,0.00020100176334381104,0.0,0.00014085094153415412,0.0,0.0,0.0002564620808698237,1.0,0.031197909265756607,0.0,1.0,1.0,0.0,1.0,0.0,0.0,,,,,,,,,,,,,,,,,,,0.98828125,47233.10546875,0.017578125,1.0,0.0,0.0,1
4,single,6,K,bert.encoder.layer.6.attention.self.key,0.001,31,0,1,1,0.98046875,0.01953125,2.6823051939572906e-06,7.613375782966614e-05,0.00025579333305358887,0.0,9.376501839142293e-05,0.0,0.0,0.00023129777400754392,1.0,-0.09902849793434143,0.0,1.0,1.0,0.0,1.0,0.0,0.0,,,,,,,,,,,,,,,,,,,0.9921875,46875.859375,0.01953125,1.0,0.0,0.0,1
4,single,6,V,bert.encoder.layer.6.attention.self.value,0.001,31,0,1,1,0.94921875,0.05078125,5.211734787735622e-06,5.2342074923217297e-05,0.00016073137521743774,0.0,0.0001233427319675684,0.0,0.0,0.0004747964849229902,1.0,0.12012775987386703,0.0,1.0,1.0,0.0,1.0,0.0,0.0,,,,,,,,,,,,,,,,,,,0.96484375,54208.13671875,0.05078125,1.0,0.0,0.0,1
4,single,6,O,bert.encoder.layer.6.attention.output.dense,0.001,31,0,1,1,0.9296875,0.0703125,7.2051134338835254e-06,1.5273690223693848e-06,0.00018203258514404297,0.0,0.0001467522233724594,0.0,0.0,0.0004910842981189489,1.0,-0.02864975295960903,0.0,1.0,1.0,0.0,1.0,0.0,0.0,,,,,,,,,,,,,,,,,,,0.9609375,66011.3515625,0.0703125,1.0,0.0,0.0,1
4,single,6,FFN1,bert.encoder.layer.6.intermediate.dense,0.001,31,0,1,1,0.9765625,0.0234375,2.91559490506188e-06,5.402415990829468e-05,0.00019349902868270874,0.0,0.00012536383292172104,0.0,0.0,0.0003769618342630565,1.0,0.06307846307754517,0.0,1.0,1.0,0.0,1.0,0.0,0.0,,,,,,,,,,,,,,,,,,,0.984375,45141.75390625,0.0234375,1.0,0.0,0.0,1
4,single,6,FFN2,bert.encoder.layer.6.output.dense,0.001,31,0,1,1,0.974609375,0.025390625,3.069223566853907e-06,8.424557745456696e-05,0.00019523128867149353,0.0,0.00012087055074516684,0.0,0.0,0.00031071205739863217,1.0,0.06330257654190063,0.0,1.0,1.0,0.0,1.0,0.0,0.0,,,,,,,,,,,,,,,,,,,0.982421875,45087.34765625,0.025390625,1.0,0.0,0.0,1
4,single,7,Q,bert.encoder.layer.7.attention.self.query,0.001,31,0,1,1,0.982421875,0.017578125,2.1984969862387516e-06,5.0187110900878906e-05,0.00018813041970133781,0.0,0.00012900808360427618,0.0,0.0,0.00022944671218283474,1.0,0.10042639821767807,0.0,1.0,1.0,0.0,1.0,0.0,0.0,,,,,,,,,,,,,,,,,,,0.986328125,39919.109375,0.017578125,1.0,0.0,0.0,1
4,single,7,K,bert.encoder.layer.7.attention.self.key,0.001,31,0,1,1,0.9765625,0.0234375,3.349636244820431e-06,7.884204387664795e-05,0.00025119632482528687,0.0,0.00013830474927090108,0.0,0.0,0.0002241041074739769,1.0,0.0012255426263436675,0.0,1.0,1.0,0.0,1.0,0.0,0.0,,,,,,,,,,,,,,,,,,,0.98828125,51402.296875,0.0234375,1.0,0.0,0.0,1
4,single,7,V,bert.encoder.layer.7.attention.self.value,0.001,31,0,1,1,0.966796875,0.033203125,2.9306702344911173e-06,2.9705464839935303e-05,0.0001758374273777008,0.0,9.568132372805849e-05,0.0,0.0,0.0005024811835028231,1.0,0.17938093841075897,0.0,1.0,1.0,0.0,1.0,0.0,0.0,,,,,,,,,,,,,,,,,,,0.98046875,39722.265625,0.033203125,1.0,0.0,0.0,1
4,single,7,O,bert.encoder.layer.7.attention.output.dense,0.001,31,0,1,1,0.9296875,0.0703125,6.8863300839439034e-06,2.6773661375045776e-05,0.00017537549138069153,0.0,0.0001480294595239684,0.0,0.0,0.00046803185250610113,1.0,0.09654456377029419,0.0,1.0,1.0,0.0,1.0,0.0,0.0,,,,,,,,,,,,,,,,,,,0.953125,63500.1875,0.0703125,1.0,0.0,0.0,1
4,single,7,FFN1,bert.encoder.layer.7.intermediate.dense,0.001,31,0,1,1,0.9609375,0.0390625,4.743343197333161e-06,6.530433893203735e-05,0.00019692257046699524,0.0,0.00013536163896787912,0.0,0.0,0.0003785193548537791,1.0,-0.1164279580116272,0.0,1.0,1.0,0.0,1.0,0.0,0.0,,,,,,,,,,,,,,,,,,,0.9765625,55819.3359375,0.0390625,1.0,0.0,0.0,1
4,single,7,FFN2,bert.encoder.layer.7.output.dense,0.001,31,0,1,1,0.974609375,0.025390625,2.747788130363915e-06,2.041459083557129e-05,0.00020795315504074097,0.0,0.00011878007353516296,0.0,0.0,0.00033989365329034626,1.0,0.12041271477937698,0.0,1.0,1.0,0.0,1.0,0.0,0.0,,,,,,,,,,,,,,,,,,,0.98046875,42876.27734375,0.025390625,1.0,0.0,0.0,1
4,single,8,Q,bert.encoder.layer.8.attention.self.query,0.001,31,0,1,1,0.98046875,0.01953125,2.706469786062371e-06,7.197633385658264e-05,0.00022304058074951172,0.0,0.00012353352212812752,0.0,0.0,0.00032478244975209236,1.0,-0.015540996566414833,0.0,1.0,1.0,0.0,1.0,0.0,0.0,,,,,,,,,,,,,,,,,,,0.9921875,46300.171875,0.01953125,1.0,0.0,0.0,1
4,single,8,K,bert.encoder.layer.8.attention.self.key,0.001,31,0,1,1,0.984375,0.015625,2.0015907011838863e-06,7.720664143562317e-05,0.00020781904458999634,0.0,0.00010046600073110312,0.0,0.0,0.0002999480930157006,1.0,-0.15324103832244873,0.0,1.0,1.0,0.0,1.0,0.0,0.0,,,,,,,,,,,,,,,,,,,0.9921875,37796.91015625,0.015625,1.0,0.0,0.0,1
4,single,8,V,bert.encoder.layer.8.attention.self.value,0.001,31,0,1,1,0.96484375,0.03515625,3.55168981513998e-06,2.7410686016082764e-05,0.00019192323088645935,0.0,0.00012615861487574875,0.0,0.0,0.00043663434917107224,1.0,0.05848151817917824,0.0,1.0,1.0,0.0,1.0,0.0,0.0,,,,,,,,,,,,,,,,,,,0.974609375,46514.48828125,0.03515625,1.0,0.0,0.0,1
4,single,8,O,bert.encoder.layer.8.attention.output.dense,0.001,31,0,1,1,0.9609375,0.0390625,3.89568322134437e-06,1.8909573554992676e-05,0.00017593801021575928,0.0,0.00012381357373669744,0.0,0.0,0.000545141170732677,1.0,0.07300908863544464,0.0,1.0,1.0,0.0,1.0,0.0,0.0,,,,,,,,,,,,,,,,,,,0.978515625,48170.48828125,0.0390625,1.0,0.0,0.0,1
4,single,8,FFN1,bert.encoder.layer.8.intermediate.dense,0.001,31,0,1,1,0.974609375,0.025390625,2.492233761586249e-06,4.589185118675232e-05,0.00018841028213500977,0.0,9.397227404406294e-05,0.0,0.0,0.00039621119503863156,1.0,0.08920213580131531,0.0,1.0,1.0,0.0,1.0,0.0,0.0,,,,,,,,,,,,,,,,,,,0.982421875,37739.43359375,0.025390625,1.0,0.0,0.0,1
4,single,8,FFN2,bert.encoder.layer.8.output.dense,0.001,31,0,1,1,0.97265625,0.02734375,3.613342414610088e-06,7.436051964759827e-05,0.00017195753753185272,0.0,0.00013817047874908894,0.0,0.0,0.00029869787977077067,1.0,-0.10830297321081161,0.0,1.0,1.0,0.0,1.0,0.0,0.0,,,,,,,,,,,,,,,,,,,0.98828125,50363.37109375,0.02734375,1.0,0.0,0.0,1
4,single,9,Q,bert.encoder.layer.9.attention.self.query,0.001,31,0,1,1,0.9921875,0.0078125,2.2847398213343695e-06,0.00014259107410907745,0.0006227642297744751,0.0,0.0,0.0,0.0,0.00028136285254731774,1.0,0.02318756841123104,0.0,1.0,1.0,0.0,1.0,0.0,0.0,,,,,,,,,,,,,,,,,,,0.99609375,70438.046875,0.0078125,0.0,0.0,0.0,1
4,single,9,K,bert.encoder.layer.9.attention.self.key,0.001,31,0,1,1,0.96875,0.03125,4.507047833612887e-06,1.615285873413086e-05,0.00022521428763866425,0.0,0.0001490654394729063,0.0,0.0,0.00027259677881374955,1.0,0.06380912661552429,0.0,1.0,1.0,0.0,1.0,0.0,0.0,,,,,,,,,,,,,,,,,,,0.982421875,60972.9609375,0.03125,1.0,0.0,0.0,1
4,single,9,V,bert.encoder.layer.9.attention.self.value,0.001,31,0,1,1,0.95703125,0.04296875,5.256324129732093e-06,5.8513134717941284e-05,0.00017888471484184265,0.0,0.0001482773368479684,0.0,0.0,0.0005779933417215943,1.0,0.10693620890378952,0.0,1.0,1.0,0.0,1.0,0.0,0.0,,,,,,,,,,,,,,,,,,,0.966796875,59342.46484375,0.04296875,1.0,0.0,0.0,1
4,single,9,O,bert.encoder.layer.9.attention.output.dense,0.001,31,0,1,1,0.943359375,0.056640625,5.971004156890558e-06,2.9025599360466003e-05,0.00018558651208877563,0.0,0.00014026080316398293,0.0,0.0,0.0006310131284408271,1.0,0.179661363363266,0.0,1.0,1.0,0.0,1.0,0.0,0.0,,,,,,,,,,,,,,,,,,,0.958984375,60839.7421875,0.056640625,1.0,0.0,0.0,1
4,single,9,FFN1,bert.encoder.layer.9.intermediate.dense,0.001,31,0,1,1,0.986328125,0.013671875,1.6185376807698049e-06,4.725158214569092e-05,0.0001783575862646103,0.0,7.553996692877263e-05,0.0,0.0,0.00033601693576201797,1.0,0.06019372120499611,0.0,1.0,1.0,0.0,1.0,0.0,0.0,,,,,,,,,,,,,,,,,,,0.9921875,33282.19921875,0.013671875,1.0,0.0,0.0,1
4,single,9,FFN2,bert.encoder.layer.9.output.dense,0.001,31,0,1,1,0.98828125,0.01171875,1.526919731986709e-06,6.5583735704422e-05,0.00019539892673492432,0.0,5.837048593093641e-05,0.0,0.0,0.0003126793308183551,1.0,0.09151220321655273,0.0,1.0,1.0,0.0,1.0,0.0,0.0,,,,,,,,,,,,,,,,,,,0.98828125,33624.0703125,0.01171875,0.8900146484375,0.0,0.0,1
4,single,10,Q,bert.encoder.layer.10.attention.self.query,0.001,31,0,1,1,0.98046875,0.01953125,2.3302914087253157e-06,3.582984209060669e-05,0.00021662935614585876,0.0,0.00011733282735804096,0.0,0.0,0.00023472483735531569,1.0,-0.0026831128634512424,0.0,1.0,1.0,0.0,1.0,0.0,0.0,,,,,,,,,,,,,,,,,,,0.990234375,41061.55078125,0.01953125,1.0,0.0,0.0,1
4,single,10,K,bert.encoder.layer.10.attention.self.key,0.001,31,0,1,1,0.98828125,0.01171875,1.8616301531437784e-06,9.370222687721252e-05,0.00022671371698379517,0.0,8.339635678566992e-05,0.0,0.0,0.00021701943478547037,1.0,0.04741057753562927,0.0,1.0,1.0,0.0,1.0,0.0,0.0,,,,,,,,,,,,,,,,,,,0.990234375,41081.32421875,0.01171875,0.8900146484375,0.0,0.0,1
4,single,10,V,bert.encoder.layer.10.attention.self.value,0.001,31,0,1,1,0.9609375,0.0390625,3.79781727133377e-06,2.345070242881775e-05,0.00018002092838287354,0.0,0.0001285747712245211,0.0,0.0,0.0004745979967992753,1.0,0.21538673341274261,0.0,1.0,1.0,0.0,1.0,0.0,0.0,,,,,,,,,,,,,,,,,,,0.98046875,47166.3359375,0.0390625,1.0,0.0,0.0,1
4,single,10,O,bert.encoder.layer.10.attention.output.dense,0.001,31,0,1,1,0.966796875,0.033203125,3.633336291386513e-06,5.717948079109192e-05,0.00016184523701667786,0.0,0.00011373872985132039,0.0,0.0,0.0004991977475583553,1.0,0.14414864778518677,0.0,1.0,1.0,0.0,1.0,0.0,0.0,,,,,,,,,,,,,,,,,,,0.98046875,46652.39453125,0.033203125,1.0,0.0,0.0,1
4,single,10,FFN1,bert.encoder.layer.10.intermediate.dense,0.001,31,0,1,1,0.974609375,0.025390625,3.535662017384311e-06,9.095296263694763e-05,0.00020806491374969482,0.0,0.0001435641315765679,0.0,0.0,0.0003203653614036739,1.0,0.11394163966178894,0.0,1.0,1.0,0.0,1.0,0.0,0.0,,,,,,,,,,,,,,,,,,,0.98046875,52250.27734375,0.025390625,1.0,0.0,0.0,1
4,single,10,FFN2,bert.encoder.layer.10.output.dense,0.001,31,0,1,1,0.9765625,0.0234375,2.8550166462082416e-06,8.683837950229645e-05,0.00017874687910079956,0.0,0.00012367693125270307,0.0,0.0,0.0003074700653087348,1.0,-0.2208360731601715,0.0,1.0,1.0,0.0,1.0,0.0,0.0,,,,,,,,,,,,,,,,,,,0.98828125,43505.1015625,0.0234375,1.0,0.0,0.0,1
4,single,11,Q,bert.encoder.layer.11.attention.self.query,0.001,31,0,1,1,0.99609375,0.00390625,5.241126928012818e-07,9.405240416526794e-05,0.00017429329454898834,0.0,0.0,0.0,0.0,0.0002437300281599164,1.0,0.01564115285873413,0.0,1.0,1.0,0.0,1.0,0.0,0.0,,,,,,,,,,,,,,,,,,,0.998046875,19805.052734375,0.00390625,0.0,0.0,0.0,1
4,single,11,K,bert.encoder.layer.11.attention.self.key,0.001,31,0,1,1,0.97265625,0.02734375,5.0089529395336285e-06,6.059370934963226e-05,0.0005375966429710388,0.0,0.00017113696958404034,0.0,0.0,0.00020212834351696074,1.0,0.0816902369260788,0.0,1.0,1.0,0.0,1.0,0.0,0.0,,,,,,,,,,,,,,,,,,,0.978515625,82708.8359375,0.02734375,1.0,0.0,0.0,1
4,single,11,V,bert.encoder.layer.11.attention.self.value,0.001,31,0,1,1,0.97265625,0.02734375,3.251740963605698e-06,5.8457255363464355e-05,0.00017308443784713745,0.0,0.00013892122660763562,0.0,0.0,0.00041998314554803073,1.0,0.04183237999677658,0.0,1.0,1.0,0.0,1.0,0.0,0.0,,,,,,,,,,,,,,,,,,,0.984375,46488.53125,0.02734375,1.0,0.0,0.0,1
4,single,11,O,bert.encoder.layer.11.attention.output.dense,0.001,31,0,1,1,0.9765625,0.0234375,3.0420101211348083e-06,1.4938414096832275e-05,0.0003133043646812439,0.0,0.00013294328527990729,0.0,0.0,0.0004624274733942002,1.0,0.10161813348531723,0.0,1.0,1.0,0.0,1.0,0.0,0.0,,,,,,,,,,,,,,,,,,,0.98046875,50773.6875,0.0234375,1.0,0.0,0.0,1
4,single,11,FFN1,bert.encoder.layer.11.intermediate.dense,0.001,31,0,1,1,0.9765625,0.0234375,2.72839201898023e-06,7.313862442970276e-05,0.00017531588673591614,0.0,0.00012349591997917742,0.0,0.0,0.0004505604156292975,1.0,0.13009144365787506,0.0,1.0,1.0,0.0,1.0,0.0,0.0,,,,,,,,,,,,,,,,,,,0.984375,41649.76171875,0.0234375,1.0,0.0,0.0,1
4,single,11,FFN2,bert.encoder.layer.11.output.dense,0.001,31,0,1,1,0.98046875,0.01953125,2.274042117278441e-06,4.820525646209717e-05,0.0001633167266845703,0.0,0.00011569380876608193,0.0,0.001953125,0.00035944668343290687,1.0,0.036722637712955475,0.0,1.0,1.0,0.0,1.0,0.0,0.0,,,,,,,,,,,,,,,,,,,0.986328125,38224.64453125,0.01953125,1.0,0.0,0.0,1
