{"op_code":0,"worker_id":"294e2511-7d88-468d-99c3-b686c5a4d64a-140616584716288","study_name":"albert_cola_lrtt_bs16_sgd_hybrid_nowd_nomom_nonest_set_noio_encanalog_none_noscale_20ep","directions":[2]}
{"op_code":4,"worker_id":"294e2511-7d88-468d-99c3-b686c5a4d64a-140616584716288","study_id":0,"datetime_start":null,"state":4,"value":null,"values":null,"distributions":{},"params":{},"user_attrs":{},"system_attrs":{"fixed_params":{"learning_rate":0.16225478298812984,"transfer_lr":4e-07,"transfer_every":35000,"rank_exp":7,"lora_alpha":6e-06,"tau_sec":0.0,"ab_weight_scaling_omega":0.0,"min_lr_rate":0.0,"out_noise":0.0}},"intermediate_values":{}}
{"op_code":4,"worker_id":"294e2511-7d88-468d-99c3-b686c5a4d64a-140616584716288","study_id":0,"datetime_start":null,"state":4,"value":null,"values":null,"distributions":{},"params":{},"user_attrs":{},"system_attrs":{"fixed_params":{"learning_rate":0.14369309145072048,"transfer_lr":0.0012876567798650504,"transfer_every":113,"rank_exp":6,"lora_alpha":0.00017981121128497318,"tau_sec":0.0,"ab_weight_scaling_omega":0.0,"min_lr_rate":0.0,"out_noise":0.0}},"intermediate_values":{}}
{"op_code":4,"worker_id":"294e2511-7d88-468d-99c3-b686c5a4d64a-140616584716288","study_id":0,"datetime_start":null,"state":4,"value":null,"values":null,"distributions":{},"params":{},"user_attrs":{},"system_attrs":{"fixed_params":{"learning_rate":0.1853397276501513,"transfer_lr":4e-07,"transfer_every":4103,"rank_exp":7,"lora_alpha":6e-06,"tau_sec":0.0,"ab_weight_scaling_omega":0.0,"min_lr_rate":0.0,"out_noise":0.0}},"intermediate_values":{}}
{"op_code":4,"worker_id":"294e2511-7d88-468d-99c3-b686c5a4d64a-140616584716288","study_id":0,"datetime_start":null,"state":4,"value":null,"values":null,"distributions":{},"params":{},"user_attrs":{},"system_attrs":{"fixed_params":{"learning_rate":0.15887136709198993,"transfer_lr":4e-07,"transfer_every":16,"rank_exp":7,"lora_alpha":6e-06,"tau_sec":0.0,"ab_weight_scaling_omega":0.0,"min_lr_rate":0.0,"out_noise":0.0}},"intermediate_values":{}}
{"op_code":4,"worker_id":"294e2511-7d88-468d-99c3-b686c5a4d64a-140616584716288","study_id":0,"datetime_start":null,"state":4,"value":null,"values":null,"distributions":{},"params":{},"user_attrs":{},"system_attrs":{"fixed_params":{"learning_rate":0.11510059363754173,"transfer_lr":0.0764004690939059,"transfer_every":98,"rank_exp":0,"lora_alpha":18.10004302089066,"tau_sec":0.0,"ab_weight_scaling_omega":0.0,"min_lr_rate":0.0,"out_noise":0.0}},"intermediate_values":{}}
{"op_code":4,"worker_id":"294e2511-7d88-468d-99c3-b686c5a4d64a-140616584716288","study_id":0,"datetime_start":null,"state":4,"value":null,"values":null,"distributions":{},"params":{},"user_attrs":{},"system_attrs":{"fixed_params":{"learning_rate":0.15613246984117063,"transfer_lr":4e-07,"transfer_every":16,"rank_exp":7,"lora_alpha":6e-06,"tau_sec":0.0,"ab_weight_scaling_omega":0.0,"min_lr_rate":0.0,"out_noise":0.0}},"intermediate_values":{}}
{"op_code":4,"worker_id":"294e2511-7d88-468d-99c3-b686c5a4d64a-140616584716288","study_id":0,"datetime_start":null,"state":4,"value":null,"values":null,"distributions":{},"params":{},"user_attrs":{},"system_attrs":{"fixed_params":{"learning_rate":0.1356741712260592,"transfer_lr":4e-07,"transfer_every":35000,"rank_exp":0,"lora_alpha":6e-06,"tau_sec":0.0,"ab_weight_scaling_omega":0.0,"min_lr_rate":0.0,"out_noise":0.0}},"intermediate_values":{}}
{"op_code":4,"worker_id":"294e2511-7d88-468d-99c3-b686c5a4d64a-140616584716288","study_id":0,"datetime_start":null,"state":4,"value":null,"values":null,"distributions":{},"params":{},"user_attrs":{},"system_attrs":{"fixed_params":{"learning_rate":0.17104025767060638,"transfer_lr":4e-07,"transfer_every":16,"rank_exp":6,"lora_alpha":18.10004302089066,"tau_sec":0.0,"ab_weight_scaling_omega":0.0,"min_lr_rate":0.0,"out_noise":0.0}},"intermediate_values":{}}
{"op_code":4,"worker_id":"294e2511-7d88-468d-99c3-b686c5a4d64a-140616584716288","study_id":0,"datetime_start":null,"state":4,"value":null,"values":null,"distributions":{},"params":{},"user_attrs":{},"system_attrs":{"fixed_params":{"learning_rate":0.2037605038238234,"transfer_lr":4e-07,"transfer_every":35000,"rank_exp":7,"lora_alpha":0.0003820117881029874,"tau_sec":0.0,"ab_weight_scaling_omega":0.0,"min_lr_rate":0.0,"out_noise":0.0}},"intermediate_values":{}}
{"op_code":4,"worker_id":"294e2511-7d88-468d-99c3-b686c5a4d64a-140616584716288","study_id":0,"datetime_start":null,"state":4,"value":null,"values":null,"distributions":{},"params":{},"user_attrs":{},"system_attrs":{"fixed_params":{"learning_rate":0.36950470931826535,"transfer_lr":4e-07,"transfer_every":35000,"rank_exp":7,"lora_alpha":18.10004302089066,"tau_sec":0.0,"ab_weight_scaling_omega":0.0,"min_lr_rate":0.0,"out_noise":0.0}},"intermediate_values":{}}
{"op_code":0,"worker_id":"b820d5c1-a1e8-44f4-b484-84a6c56e4bbd-140312746819584","study_name":"albert_cola_lrtt_bs16_sgd_hybrid_nowd_nomom_nonest_set_noio_encanalog_none_noscale_20ep","directions":[2]}
{"op_code":6,"worker_id":"b820d5c1-a1e8-44f4-b484-84a6c56e4bbd-140312746819584","trial_id":0,"state":0,"values":null,"datetime_start":"2026-02-21T15:34:36.424318"}
{"op_code":5,"worker_id":"b820d5c1-a1e8-44f4-b484-84a6c56e4bbd-140312746819584","trial_id":0,"param_name":"learning_rate","param_value_internal":0.16225478298812984,"distribution":"{\"name\": \"FloatDistribution\", \"attributes\": {\"step\": null, \"low\": 0.003, \"high\": 10.0, \"log\": true}}"}
{"op_code":5,"worker_id":"b820d5c1-a1e8-44f4-b484-84a6c56e4bbd-140312746819584","trial_id":0,"param_name":"transfer_lr","param_value_internal":4e-07,"distribution":"{\"name\": \"FloatDistribution\", \"attributes\": {\"step\": null, \"low\": 4e-07, \"high\": 0.08, \"log\": true}}"}
{"op_code":5,"worker_id":"b820d5c1-a1e8-44f4-b484-84a6c56e4bbd-140312746819584","trial_id":0,"param_name":"transfer_every","param_value_internal":35000.0,"distribution":"{\"name\": \"IntDistribution\", \"attributes\": {\"log\": true, \"step\": 1, \"low\": 16, \"high\": 35000}}"}
{"op_code":5,"worker_id":"b820d5c1-a1e8-44f4-b484-84a6c56e4bbd-140312746819584","trial_id":0,"param_name":"rank_exp","param_value_internal":7.0,"distribution":"{\"name\": \"IntDistribution\", \"attributes\": {\"log\": false, \"step\": 1, \"low\": 0, \"high\": 7}}"}
{"op_code":5,"worker_id":"b820d5c1-a1e8-44f4-b484-84a6c56e4bbd-140312746819584","trial_id":0,"param_name":"lora_alpha","param_value_internal":6e-06,"distribution":"{\"name\": \"FloatDistribution\", \"attributes\": {\"step\": null, \"low\": 6e-06, \"high\": 20.0, \"log\": true}}"}
{"op_code":5,"worker_id":"b820d5c1-a1e8-44f4-b484-84a6c56e4bbd-140312746819584","trial_id":0,"param_name":"tau_sec","param_value_internal":0.0,"distribution":"{\"name\": \"FloatDistribution\", \"attributes\": {\"step\": null, \"low\": 0.0, \"high\": 0.0, \"log\": false}}"}
{"op_code":5,"worker_id":"b820d5c1-a1e8-44f4-b484-84a6c56e4bbd-140312746819584","trial_id":0,"param_name":"out_noise","param_value_internal":0.0,"distribution":"{\"name\": \"FloatDistribution\", \"attributes\": {\"step\": null, \"low\": 0.0, \"high\": 0.0, \"log\": false}}"}
{"op_code":5,"worker_id":"b820d5c1-a1e8-44f4-b484-84a6c56e4bbd-140312746819584","trial_id":0,"param_name":"ab_weight_scaling_omega","param_value_internal":0.0,"distribution":"{\"name\": \"FloatDistribution\", \"attributes\": {\"step\": null, \"low\": 0.0, \"high\": 0.0, \"log\": false}}"}
{"op_code":5,"worker_id":"b820d5c1-a1e8-44f4-b484-84a6c56e4bbd-140312746819584","trial_id":0,"param_name":"min_lr_rate","param_value_internal":0.0,"distribution":"{\"name\": \"FloatDistribution\", \"attributes\": {\"step\": null, \"low\": 0.0, \"high\": 0.0, \"log\": false}}"}
{"op_code":7,"worker_id":"b820d5c1-a1e8-44f4-b484-84a6c56e4bbd-140312746819584","trial_id":0,"step":1,"intermediate_value":0.0}
{"op_code":8,"worker_id":"b820d5c1-a1e8-44f4-b484-84a6c56e4bbd-140312746819584","trial_id":0,"user_attr":{"train_loss_epoch_1":0.7763109381650096}}
{"op_code":7,"worker_id":"b820d5c1-a1e8-44f4-b484-84a6c56e4bbd-140312746819584","trial_id":0,"step":2,"intermediate_value":0.0}
{"op_code":8,"worker_id":"b820d5c1-a1e8-44f4-b484-84a6c56e4bbd-140312746819584","trial_id":0,"user_attr":{"train_loss_epoch_2":0.9935945089976086}}
{"op_code":7,"worker_id":"b820d5c1-a1e8-44f4-b484-84a6c56e4bbd-140312746819584","trial_id":0,"step":3,"intermediate_value":4.075015474142057}
{"op_code":8,"worker_id":"b820d5c1-a1e8-44f4-b484-84a6c56e4bbd-140312746819584","trial_id":0,"user_attr":{"train_loss_epoch_3":0.9801723329820365}}
{"op_code":7,"worker_id":"b820d5c1-a1e8-44f4-b484-84a6c56e4bbd-140312746819584","trial_id":0,"step":4,"intermediate_value":4.075015474142057}
{"op_code":8,"worker_id":"b820d5c1-a1e8-44f4-b484-84a6c56e4bbd-140312746819584","trial_id":0,"user_attr":{"train_loss_epoch_4":0.932450933068573}}
{"op_code":7,"worker_id":"b820d5c1-a1e8-44f4-b484-84a6c56e4bbd-140312746819584","trial_id":0,"step":5,"intermediate_value":17.343873121488706}
{"op_code":8,"worker_id":"b820d5c1-a1e8-44f4-b484-84a6c56e4bbd-140312746819584","trial_id":0,"user_attr":{"train_loss_epoch_5":0.897980450038041}}
{"op_code":7,"worker_id":"b820d5c1-a1e8-44f4-b484-84a6c56e4bbd-140312746819584","trial_id":0,"step":6,"intermediate_value":17.343873121488706}
{"op_code":8,"worker_id":"b820d5c1-a1e8-44f4-b484-84a6c56e4bbd-140312746819584","trial_id":0,"user_attr":{"train_loss_epoch_6":0.8528113236633417}}
{"op_code":7,"worker_id":"b820d5c1-a1e8-44f4-b484-84a6c56e4bbd-140312746819584","trial_id":0,"step":7,"intermediate_value":18.72936349783566}
{"op_code":8,"worker_id":"b820d5c1-a1e8-44f4-b484-84a6c56e4bbd-140312746819584","trial_id":0,"user_attr":{"train_loss_epoch_7":0.8201142367637047}}
{"op_code":7,"worker_id":"b820d5c1-a1e8-44f4-b484-84a6c56e4bbd-140312746819584","trial_id":0,"step":8,"intermediate_value":24.82456085331281}
{"op_code":8,"worker_id":"b820d5c1-a1e8-44f4-b484-84a6c56e4bbd-140312746819584","trial_id":0,"user_attr":{"train_loss_epoch_8":0.8062678073193426}}
{"op_code":7,"worker_id":"b820d5c1-a1e8-44f4-b484-84a6c56e4bbd-140312746819584","trial_id":0,"step":9,"intermediate_value":24.82456085331281}
{"op_code":8,"worker_id":"b820d5c1-a1e8-44f4-b484-84a6c56e4bbd-140312746819584","trial_id":0,"user_attr":{"train_loss_epoch_9":0.7521840421952934}}
{"op_code":7,"worker_id":"b820d5c1-a1e8-44f4-b484-84a6c56e4bbd-140312746819584","trial_id":0,"step":10,"intermediate_value":24.82456085331281}
{"op_code":8,"worker_id":"b820d5c1-a1e8-44f4-b484-84a6c56e4bbd-140312746819584","trial_id":0,"user_attr":{"train_loss_epoch_10":0.7503313787908198}}
{"op_code":7,"worker_id":"b820d5c1-a1e8-44f4-b484-84a6c56e4bbd-140312746819584","trial_id":0,"step":11,"intermediate_value":24.82456085331281}
{"op_code":8,"worker_id":"b820d5c1-a1e8-44f4-b484-84a6c56e4bbd-140312746819584","trial_id":0,"user_attr":{"train_loss_epoch_11":0.7338593500796879}}
{"op_code":6,"worker_id":"b820d5c1-a1e8-44f4-b484-84a6c56e4bbd-140312746819584","trial_id":0,"state":1,"values":[24.82456085331281],"datetime_complete":"2026-02-21T15:47:53.133452"}
{"op_code":6,"worker_id":"b820d5c1-a1e8-44f4-b484-84a6c56e4bbd-140312746819584","trial_id":1,"state":0,"values":null,"datetime_start":"2026-02-21T15:47:53.135133"}
{"op_code":5,"worker_id":"b820d5c1-a1e8-44f4-b484-84a6c56e4bbd-140312746819584","trial_id":1,"param_name":"learning_rate","param_value_internal":0.14369309145072048,"distribution":"{\"name\": \"FloatDistribution\", \"attributes\": {\"step\": null, \"low\": 0.003, \"high\": 10.0, \"log\": true}}"}
{"op_code":5,"worker_id":"b820d5c1-a1e8-44f4-b484-84a6c56e4bbd-140312746819584","trial_id":1,"param_name":"transfer_lr","param_value_internal":0.0012876567798650504,"distribution":"{\"name\": \"FloatDistribution\", \"attributes\": {\"step\": null, \"low\": 4e-07, \"high\": 0.08, \"log\": true}}"}
{"op_code":5,"worker_id":"b820d5c1-a1e8-44f4-b484-84a6c56e4bbd-140312746819584","trial_id":1,"param_name":"transfer_every","param_value_internal":113.0,"distribution":"{\"name\": \"IntDistribution\", \"attributes\": {\"log\": true, \"step\": 1, \"low\": 16, \"high\": 35000}}"}
{"op_code":5,"worker_id":"b820d5c1-a1e8-44f4-b484-84a6c56e4bbd-140312746819584","trial_id":1,"param_name":"rank_exp","param_value_internal":6.0,"distribution":"{\"name\": \"IntDistribution\", \"attributes\": {\"log\": false, \"step\": 1, \"low\": 0, \"high\": 7}}"}
{"op_code":5,"worker_id":"b820d5c1-a1e8-44f4-b484-84a6c56e4bbd-140312746819584","trial_id":1,"param_name":"lora_alpha","param_value_internal":0.00017981121128497318,"distribution":"{\"name\": \"FloatDistribution\", \"attributes\": {\"step\": null, \"low\": 6e-06, \"high\": 20.0, \"log\": true}}"}
{"op_code":5,"worker_id":"b820d5c1-a1e8-44f4-b484-84a6c56e4bbd-140312746819584","trial_id":1,"param_name":"tau_sec","param_value_internal":0.0,"distribution":"{\"name\": \"FloatDistribution\", \"attributes\": {\"step\": null, \"low\": 0.0, \"high\": 0.0, \"log\": false}}"}
{"op_code":5,"worker_id":"b820d5c1-a1e8-44f4-b484-84a6c56e4bbd-140312746819584","trial_id":1,"param_name":"out_noise","param_value_internal":0.0,"distribution":"{\"name\": \"FloatDistribution\", \"attributes\": {\"step\": null, \"low\": 0.0, \"high\": 0.0, \"log\": false}}"}
{"op_code":5,"worker_id":"b820d5c1-a1e8-44f4-b484-84a6c56e4bbd-140312746819584","trial_id":1,"param_name":"ab_weight_scaling_omega","param_value_internal":0.0,"distribution":"{\"name\": \"FloatDistribution\", \"attributes\": {\"step\": null, \"low\": 0.0, \"high\": 0.0, \"log\": false}}"}
{"op_code":5,"worker_id":"b820d5c1-a1e8-44f4-b484-84a6c56e4bbd-140312746819584","trial_id":1,"param_name":"min_lr_rate","param_value_internal":0.0,"distribution":"{\"name\": \"FloatDistribution\", \"attributes\": {\"step\": null, \"low\": 0.0, \"high\": 0.0, \"log\": false}}"}
{"op_code":7,"worker_id":"b820d5c1-a1e8-44f4-b484-84a6c56e4bbd-140312746819584","trial_id":1,"step":1,"intermediate_value":0.0}
{"op_code":8,"worker_id":"b820d5c1-a1e8-44f4-b484-84a6c56e4bbd-140312746819584","trial_id":1,"user_attr":{"train_loss_epoch_1":0.745226193487505}}
{"op_code":7,"worker_id":"b820d5c1-a1e8-44f4-b484-84a6c56e4bbd-140312746819584","trial_id":1,"step":2,"intermediate_value":0.0}
{"op_code":8,"worker_id":"b820d5c1-a1e8-44f4-b484-84a6c56e4bbd-140312746819584","trial_id":1,"user_attr":{"train_loss_epoch_2":0.9508859648534628}}
{"op_code":7,"worker_id":"b820d5c1-a1e8-44f4-b484-84a6c56e4bbd-140312746819584","trial_id":1,"step":3,"intermediate_value":1.8148342420931134}
{"op_code":8,"worker_id":"b820d5c1-a1e8-44f4-b484-84a6c56e4bbd-140312746819584","trial_id":1,"user_attr":{"train_loss_epoch_3":0.8920757027569218}}
{"op_code":7,"worker_id":"b820d5c1-a1e8-44f4-b484-84a6c56e4bbd-140312746819584","trial_id":1,"step":4,"intermediate_value":5.926802437957019}
{"op_code":8,"worker_id":"b820d5c1-a1e8-44f4-b484-84a6c56e4bbd-140312746819584","trial_id":1,"user_attr":{"train_loss_epoch_4":0.8821559177798646}}
{"op_code":7,"worker_id":"b820d5c1-a1e8-44f4-b484-84a6c56e4bbd-140312746819584","trial_id":1,"step":5,"intermediate_value":7.380739515541785}
{"op_code":8,"worker_id":"b820d5c1-a1e8-44f4-b484-84a6c56e4bbd-140312746819584","trial_id":1,"user_attr":{"train_loss_epoch_5":0.8293012636565716}}
{"op_code":7,"worker_id":"b820d5c1-a1e8-44f4-b484-84a6c56e4bbd-140312746819584","trial_id":1,"step":6,"intermediate_value":16.850015166329214}
{"op_code":8,"worker_id":"b820d5c1-a1e8-44f4-b484-84a6c56e4bbd-140312746819584","trial_id":1,"user_attr":{"train_loss_epoch_6":0.8270619583185588}}
{"op_code":7,"worker_id":"b820d5c1-a1e8-44f4-b484-84a6c56e4bbd-140312746819584","trial_id":1,"step":7,"intermediate_value":16.850015166329214}
{"op_code":8,"worker_id":"b820d5c1-a1e8-44f4-b484-84a6c56e4bbd-140312746819584","trial_id":1,"user_attr":{"train_loss_epoch_7":0.7909833869644415}}
{"op_code":7,"worker_id":"b820d5c1-a1e8-44f4-b484-84a6c56e4bbd-140312746819584","trial_id":1,"step":8,"intermediate_value":24.587934752420203}
{"op_code":8,"worker_id":"b820d5c1-a1e8-44f4-b484-84a6c56e4bbd-140312746819584","trial_id":1,"user_attr":{"train_loss_epoch_8":0.7578115502807582}}
{"op_code":7,"worker_id":"b820d5c1-a1e8-44f4-b484-84a6c56e4bbd-140312746819584","trial_id":1,"step":9,"intermediate_value":24.587934752420203}
{"op_code":8,"worker_id":"b820d5c1-a1e8-44f4-b484-84a6c56e4bbd-140312746819584","trial_id":1,"user_attr":{"train_loss_epoch_9":0.7376664142185283}}
{"op_code":7,"worker_id":"b820d5c1-a1e8-44f4-b484-84a6c56e4bbd-140312746819584","trial_id":1,"step":10,"intermediate_value":24.587934752420203}
{"op_code":8,"worker_id":"b820d5c1-a1e8-44f4-b484-84a6c56e4bbd-140312746819584","trial_id":1,"user_attr":{"train_loss_epoch_10":0.7199492322785832}}
{"op_code":7,"worker_id":"b820d5c1-a1e8-44f4-b484-84a6c56e4bbd-140312746819584","trial_id":1,"step":11,"intermediate_value":24.587934752420203}
{"op_code":8,"worker_id":"b820d5c1-a1e8-44f4-b484-84a6c56e4bbd-140312746819584","trial_id":1,"user_attr":{"train_loss_epoch_11":0.6911939475859437}}
{"op_code":6,"worker_id":"b820d5c1-a1e8-44f4-b484-84a6c56e4bbd-140312746819584","trial_id":1,"state":1,"values":[24.587934752420203],"datetime_complete":"2026-02-21T16:01:11.002419"}
{"op_code":6,"worker_id":"b820d5c1-a1e8-44f4-b484-84a6c56e4bbd-140312746819584","trial_id":2,"state":0,"values":null,"datetime_start":"2026-02-21T16:01:11.009184"}
{"op_code":5,"worker_id":"b820d5c1-a1e8-44f4-b484-84a6c56e4bbd-140312746819584","trial_id":2,"param_name":"learning_rate","param_value_internal":0.1853397276501513,"distribution":"{\"name\": \"FloatDistribution\", \"attributes\": {\"step\": null, \"low\": 0.003, \"high\": 10.0, \"log\": true}}"}
{"op_code":5,"worker_id":"b820d5c1-a1e8-44f4-b484-84a6c56e4bbd-140312746819584","trial_id":2,"param_name":"transfer_lr","param_value_internal":4e-07,"distribution":"{\"name\": \"FloatDistribution\", \"attributes\": {\"step\": null, \"low\": 4e-07, \"high\": 0.08, \"log\": true}}"}
{"op_code":5,"worker_id":"b820d5c1-a1e8-44f4-b484-84a6c56e4bbd-140312746819584","trial_id":2,"param_name":"transfer_every","param_value_internal":4103.0,"distribution":"{\"name\": \"IntDistribution\", \"attributes\": {\"log\": true, \"step\": 1, \"low\": 16, \"high\": 35000}}"}
{"op_code":5,"worker_id":"b820d5c1-a1e8-44f4-b484-84a6c56e4bbd-140312746819584","trial_id":2,"param_name":"rank_exp","param_value_internal":7.0,"distribution":"{\"name\": \"IntDistribution\", \"attributes\": {\"log\": false, \"step\": 1, \"low\": 0, \"high\": 7}}"}
{"op_code":5,"worker_id":"b820d5c1-a1e8-44f4-b484-84a6c56e4bbd-140312746819584","trial_id":2,"param_name":"lora_alpha","param_value_internal":6e-06,"distribution":"{\"name\": \"FloatDistribution\", \"attributes\": {\"step\": null, \"low\": 6e-06, \"high\": 20.0, \"log\": true}}"}
{"op_code":5,"worker_id":"b820d5c1-a1e8-44f4-b484-84a6c56e4bbd-140312746819584","trial_id":2,"param_name":"tau_sec","param_value_internal":0.0,"distribution":"{\"name\": \"FloatDistribution\", \"attributes\": {\"step\": null, \"low\": 0.0, \"high\": 0.0, \"log\": false}}"}
{"op_code":5,"worker_id":"b820d5c1-a1e8-44f4-b484-84a6c56e4bbd-140312746819584","trial_id":2,"param_name":"out_noise","param_value_internal":0.0,"distribution":"{\"name\": \"FloatDistribution\", \"attributes\": {\"step\": null, \"low\": 0.0, \"high\": 0.0, \"log\": false}}"}
{"op_code":5,"worker_id":"b820d5c1-a1e8-44f4-b484-84a6c56e4bbd-140312746819584","trial_id":2,"param_name":"ab_weight_scaling_omega","param_value_internal":0.0,"distribution":"{\"name\": \"FloatDistribution\", \"attributes\": {\"step\": null, \"low\": 0.0, \"high\": 0.0, \"log\": false}}"}
{"op_code":5,"worker_id":"b820d5c1-a1e8-44f4-b484-84a6c56e4bbd-140312746819584","trial_id":2,"param_name":"min_lr_rate","param_value_internal":0.0,"distribution":"{\"name\": \"FloatDistribution\", \"attributes\": {\"step\": null, \"low\": 0.0, \"high\": 0.0, \"log\": false}}"}
{"op_code":7,"worker_id":"b820d5c1-a1e8-44f4-b484-84a6c56e4bbd-140312746819584","trial_id":2,"step":1,"intermediate_value":15.869291341452369}
{"op_code":8,"worker_id":"b820d5c1-a1e8-44f4-b484-84a6c56e4bbd-140312746819584","trial_id":2,"user_attr":{"train_loss_epoch_1":0.8150796735955176}}
{"op_code":7,"worker_id":"b820d5c1-a1e8-44f4-b484-84a6c56e4bbd-140312746819584","trial_id":2,"step":2,"intermediate_value":15.869291341452369}
{"op_code":8,"worker_id":"b820d5c1-a1e8-44f4-b484-84a6c56e4bbd-140312746819584","trial_id":2,"user_attr":{"train_loss_epoch_2":1.1070045374394786}}
{"op_code":7,"worker_id":"b820d5c1-a1e8-44f4-b484-84a6c56e4bbd-140312746819584","trial_id":2,"step":3,"intermediate_value":15.869291341452369}
{"op_code":8,"worker_id":"b820d5c1-a1e8-44f4-b484-84a6c56e4bbd-140312746819584","trial_id":2,"user_attr":{"train_loss_epoch_3":1.04757331874326}}
{"op_code":7,"worker_id":"b820d5c1-a1e8-44f4-b484-84a6c56e4bbd-140312746819584","trial_id":2,"step":4,"intermediate_value":15.869291341452369}
{"op_code":8,"worker_id":"b820d5c1-a1e8-44f4-b484-84a6c56e4bbd-140312746819584","trial_id":2,"user_attr":{"train_loss_epoch_4":1.0137507550940614}}
{"op_code":6,"worker_id":"b820d5c1-a1e8-44f4-b484-84a6c56e4bbd-140312746819584","trial_id":2,"state":1,"values":[15.869291341452369],"datetime_complete":"2026-02-21T16:06:03.983750"}
{"op_code":6,"worker_id":"b820d5c1-a1e8-44f4-b484-84a6c56e4bbd-140312746819584","trial_id":3,"state":0,"values":null,"datetime_start":"2026-02-21T16:06:03.990938"}
{"op_code":5,"worker_id":"b820d5c1-a1e8-44f4-b484-84a6c56e4bbd-140312746819584","trial_id":3,"param_name":"learning_rate","param_value_internal":0.15887136709198993,"distribution":"{\"name\": \"FloatDistribution\", \"attributes\": {\"step\": null, \"low\": 0.003, \"high\": 10.0, \"log\": true}}"}
{"op_code":5,"worker_id":"b820d5c1-a1e8-44f4-b484-84a6c56e4bbd-140312746819584","trial_id":3,"param_name":"transfer_lr","param_value_internal":4e-07,"distribution":"{\"name\": \"FloatDistribution\", \"attributes\": {\"step\": null, \"low\": 4e-07, \"high\": 0.08, \"log\": true}}"}
{"op_code":5,"worker_id":"b820d5c1-a1e8-44f4-b484-84a6c56e4bbd-140312746819584","trial_id":3,"param_name":"transfer_every","param_value_internal":16.0,"distribution":"{\"name\": \"IntDistribution\", \"attributes\": {\"log\": true, \"step\": 1, \"low\": 16, \"high\": 35000}}"}
{"op_code":5,"worker_id":"b820d5c1-a1e8-44f4-b484-84a6c56e4bbd-140312746819584","trial_id":3,"param_name":"rank_exp","param_value_internal":7.0,"distribution":"{\"name\": \"IntDistribution\", \"attributes\": {\"log\": false, \"step\": 1, \"low\": 0, \"high\": 7}}"}
{"op_code":5,"worker_id":"b820d5c1-a1e8-44f4-b484-84a6c56e4bbd-140312746819584","trial_id":3,"param_name":"lora_alpha","param_value_internal":6e-06,"distribution":"{\"name\": \"FloatDistribution\", \"attributes\": {\"step\": null, \"low\": 6e-06, \"high\": 20.0, \"log\": true}}"}
{"op_code":5,"worker_id":"b820d5c1-a1e8-44f4-b484-84a6c56e4bbd-140312746819584","trial_id":3,"param_name":"tau_sec","param_value_internal":0.0,"distribution":"{\"name\": \"FloatDistribution\", \"attributes\": {\"step\": null, \"low\": 0.0, \"high\": 0.0, \"log\": false}}"}
{"op_code":5,"worker_id":"b820d5c1-a1e8-44f4-b484-84a6c56e4bbd-140312746819584","trial_id":3,"param_name":"out_noise","param_value_internal":0.0,"distribution":"{\"name\": \"FloatDistribution\", \"attributes\": {\"step\": null, \"low\": 0.0, \"high\": 0.0, \"log\": false}}"}
{"op_code":5,"worker_id":"b820d5c1-a1e8-44f4-b484-84a6c56e4bbd-140312746819584","trial_id":3,"param_name":"ab_weight_scaling_omega","param_value_internal":0.0,"distribution":"{\"name\": \"FloatDistribution\", \"attributes\": {\"step\": null, \"low\": 0.0, \"high\": 0.0, \"log\": false}}"}
{"op_code":5,"worker_id":"b820d5c1-a1e8-44f4-b484-84a6c56e4bbd-140312746819584","trial_id":3,"param_name":"min_lr_rate","param_value_internal":0.0,"distribution":"{\"name\": \"FloatDistribution\", \"attributes\": {\"step\": null, \"low\": 0.0, \"high\": 0.0, \"log\": false}}"}
{"op_code":7,"worker_id":"b820d5c1-a1e8-44f4-b484-84a6c56e4bbd-140312746819584","trial_id":3,"step":1,"intermediate_value":0.0}
{"op_code":8,"worker_id":"b820d5c1-a1e8-44f4-b484-84a6c56e4bbd-140312746819584","trial_id":3,"user_attr":{"train_loss_epoch_1":0.7798647862867775}}
{"op_code":7,"worker_id":"b820d5c1-a1e8-44f4-b484-84a6c56e4bbd-140312746819584","trial_id":3,"step":2,"intermediate_value":13.468467651065824}
{"op_code":8,"worker_id":"b820d5c1-a1e8-44f4-b484-84a6c56e4bbd-140312746819584","trial_id":3,"user_attr":{"train_loss_epoch_2":1.003167810256236}}
{"op_code":7,"worker_id":"b820d5c1-a1e8-44f4-b484-84a6c56e4bbd-140312746819584","trial_id":3,"step":3,"intermediate_value":13.468467651065824}
{"op_code":8,"worker_id":"b820d5c1-a1e8-44f4-b484-84a6c56e4bbd-140312746819584","trial_id":3,"user_attr":{"train_loss_epoch_3":0.9515578323435561}}
{"op_code":7,"worker_id":"b820d5c1-a1e8-44f4-b484-84a6c56e4bbd-140312746819584","trial_id":3,"step":4,"intermediate_value":13.468467651065824}
{"op_code":8,"worker_id":"b820d5c1-a1e8-44f4-b484-84a6c56e4bbd-140312746819584","trial_id":3,"user_attr":{"train_loss_epoch_4":0.9235511621442911}}
{"op_code":7,"worker_id":"b820d5c1-a1e8-44f4-b484-84a6c56e4bbd-140312746819584","trial_id":3,"step":5,"intermediate_value":13.468467651065824}
{"op_code":8,"worker_id":"b820d5c1-a1e8-44f4-b484-84a6c56e4bbd-140312746819584","trial_id":3,"user_attr":{"train_loss_epoch_5":0.8784510966842977}}
{"op_code":6,"worker_id":"b820d5c1-a1e8-44f4-b484-84a6c56e4bbd-140312746819584","trial_id":3,"state":1,"values":[13.468467651065824],"datetime_complete":"2026-02-21T16:12:08.611328"}
{"op_code":6,"worker_id":"b820d5c1-a1e8-44f4-b484-84a6c56e4bbd-140312746819584","trial_id":4,"state":0,"values":null,"datetime_start":"2026-02-21T16:12:08.613277"}
{"op_code":5,"worker_id":"b820d5c1-a1e8-44f4-b484-84a6c56e4bbd-140312746819584","trial_id":4,"param_name":"learning_rate","param_value_internal":0.11510059363754173,"distribution":"{\"name\": \"FloatDistribution\", \"attributes\": {\"step\": null, \"low\": 0.003, \"high\": 10.0, \"log\": true}}"}
{"op_code":5,"worker_id":"b820d5c1-a1e8-44f4-b484-84a6c56e4bbd-140312746819584","trial_id":4,"param_name":"transfer_lr","param_value_internal":0.0764004690939059,"distribution":"{\"name\": \"FloatDistribution\", \"attributes\": {\"step\": null, \"low\": 4e-07, \"high\": 0.08, \"log\": true}}"}
{"op_code":5,"worker_id":"b820d5c1-a1e8-44f4-b484-84a6c56e4bbd-140312746819584","trial_id":4,"param_name":"transfer_every","param_value_internal":98.0,"distribution":"{\"name\": \"IntDistribution\", \"attributes\": {\"log\": true, \"step\": 1, \"low\": 16, \"high\": 35000}}"}
{"op_code":5,"worker_id":"b820d5c1-a1e8-44f4-b484-84a6c56e4bbd-140312746819584","trial_id":4,"param_name":"rank_exp","param_value_internal":0.0,"distribution":"{\"name\": \"IntDistribution\", \"attributes\": {\"log\": false, \"step\": 1, \"low\": 0, \"high\": 7}}"}
{"op_code":5,"worker_id":"b820d5c1-a1e8-44f4-b484-84a6c56e4bbd-140312746819584","trial_id":4,"param_name":"lora_alpha","param_value_internal":18.10004302089066,"distribution":"{\"name\": \"FloatDistribution\", \"attributes\": {\"step\": null, \"low\": 6e-06, \"high\": 20.0, \"log\": true}}"}
{"op_code":5,"worker_id":"b820d5c1-a1e8-44f4-b484-84a6c56e4bbd-140312746819584","trial_id":4,"param_name":"tau_sec","param_value_internal":0.0,"distribution":"{\"name\": \"FloatDistribution\", \"attributes\": {\"step\": null, \"low\": 0.0, \"high\": 0.0, \"log\": false}}"}
{"op_code":5,"worker_id":"b820d5c1-a1e8-44f4-b484-84a6c56e4bbd-140312746819584","trial_id":4,"param_name":"out_noise","param_value_internal":0.0,"distribution":"{\"name\": \"FloatDistribution\", \"attributes\": {\"step\": null, \"low\": 0.0, \"high\": 0.0, \"log\": false}}"}
{"op_code":5,"worker_id":"b820d5c1-a1e8-44f4-b484-84a6c56e4bbd-140312746819584","trial_id":4,"param_name":"ab_weight_scaling_omega","param_value_internal":0.0,"distribution":"{\"name\": \"FloatDistribution\", \"attributes\": {\"step\": null, \"low\": 0.0, \"high\": 0.0, \"log\": false}}"}
{"op_code":5,"worker_id":"b820d5c1-a1e8-44f4-b484-84a6c56e4bbd-140312746819584","trial_id":4,"param_name":"min_lr_rate","param_value_internal":0.0,"distribution":"{\"name\": \"FloatDistribution\", \"attributes\": {\"step\": null, \"low\": 0.0, \"high\": 0.0, \"log\": false}}"}
{"op_code":7,"worker_id":"b820d5c1-a1e8-44f4-b484-84a6c56e4bbd-140312746819584","trial_id":4,"step":1,"intermediate_value":17.43934040579832}
{"op_code":8,"worker_id":"b820d5c1-a1e8-44f4-b484-84a6c56e4bbd-140312746819584","trial_id":4,"user_attr":{"train_loss_epoch_1":0.7041049127266786}}
{"op_code":7,"worker_id":"b820d5c1-a1e8-44f4-b484-84a6c56e4bbd-140312746819584","trial_id":4,"step":2,"intermediate_value":17.43934040579832}
{"op_code":8,"worker_id":"b820d5c1-a1e8-44f4-b484-84a6c56e4bbd-140312746819584","trial_id":4,"user_attr":{"train_loss_epoch_2":0.8333482518374363}}
{"op_code":7,"worker_id":"b820d5c1-a1e8-44f4-b484-84a6c56e4bbd-140312746819584","trial_id":4,"step":3,"intermediate_value":17.43934040579832}
{"op_code":8,"worker_id":"b820d5c1-a1e8-44f4-b484-84a6c56e4bbd-140312746819584","trial_id":4,"user_attr":{"train_loss_epoch_3":0.7920757541868174}}
{"op_code":7,"worker_id":"b820d5c1-a1e8-44f4-b484-84a6c56e4bbd-140312746819584","trial_id":4,"step":4,"intermediate_value":17.43934040579832}
{"op_code":8,"worker_id":"b820d5c1-a1e8-44f4-b484-84a6c56e4bbd-140312746819584","trial_id":4,"user_attr":{"train_loss_epoch_4":0.8091983264016214}}
{"op_code":6,"worker_id":"b820d5c1-a1e8-44f4-b484-84a6c56e4bbd-140312746819584","trial_id":4,"state":1,"values":[17.43934040579832],"datetime_complete":"2026-02-21T16:17:01.417730"}
{"op_code":6,"worker_id":"b820d5c1-a1e8-44f4-b484-84a6c56e4bbd-140312746819584","trial_id":5,"state":0,"values":null,"datetime_start":"2026-02-21T16:17:01.419474"}
{"op_code":5,"worker_id":"b820d5c1-a1e8-44f4-b484-84a6c56e4bbd-140312746819584","trial_id":5,"param_name":"learning_rate","param_value_internal":0.15613246984117063,"distribution":"{\"name\": \"FloatDistribution\", \"attributes\": {\"step\": null, \"low\": 0.003, \"high\": 10.0, \"log\": true}}"}
{"op_code":5,"worker_id":"b820d5c1-a1e8-44f4-b484-84a6c56e4bbd-140312746819584","trial_id":5,"param_name":"transfer_lr","param_value_internal":4e-07,"distribution":"{\"name\": \"FloatDistribution\", \"attributes\": {\"step\": null, \"low\": 4e-07, \"high\": 0.08, \"log\": true}}"}
{"op_code":5,"worker_id":"b820d5c1-a1e8-44f4-b484-84a6c56e4bbd-140312746819584","trial_id":5,"param_name":"transfer_every","param_value_internal":16.0,"distribution":"{\"name\": \"IntDistribution\", \"attributes\": {\"log\": true, \"step\": 1, \"low\": 16, \"high\": 35000}}"}
{"op_code":5,"worker_id":"b820d5c1-a1e8-44f4-b484-84a6c56e4bbd-140312746819584","trial_id":5,"param_name":"rank_exp","param_value_internal":7.0,"distribution":"{\"name\": \"IntDistribution\", \"attributes\": {\"log\": false, \"step\": 1, \"low\": 0, \"high\": 7}}"}
{"op_code":5,"worker_id":"b820d5c1-a1e8-44f4-b484-84a6c56e4bbd-140312746819584","trial_id":5,"param_name":"lora_alpha","param_value_internal":6e-06,"distribution":"{\"name\": \"FloatDistribution\", \"attributes\": {\"step\": null, \"low\": 6e-06, \"high\": 20.0, \"log\": true}}"}
{"op_code":5,"worker_id":"b820d5c1-a1e8-44f4-b484-84a6c56e4bbd-140312746819584","trial_id":5,"param_name":"tau_sec","param_value_internal":0.0,"distribution":"{\"name\": \"FloatDistribution\", \"attributes\": {\"step\": null, \"low\": 0.0, \"high\": 0.0, \"log\": false}}"}
{"op_code":5,"worker_id":"b820d5c1-a1e8-44f4-b484-84a6c56e4bbd-140312746819584","trial_id":5,"param_name":"out_noise","param_value_internal":0.0,"distribution":"{\"name\": \"FloatDistribution\", \"attributes\": {\"step\": null, \"low\": 0.0, \"high\": 0.0, \"log\": false}}"}
{"op_code":5,"worker_id":"b820d5c1-a1e8-44f4-b484-84a6c56e4bbd-140312746819584","trial_id":5,"param_name":"ab_weight_scaling_omega","param_value_internal":0.0,"distribution":"{\"name\": \"FloatDistribution\", \"attributes\": {\"step\": null, \"low\": 0.0, \"high\": 0.0, \"log\": false}}"}
{"op_code":5,"worker_id":"b820d5c1-a1e8-44f4-b484-84a6c56e4bbd-140312746819584","trial_id":5,"param_name":"min_lr_rate","param_value_internal":0.0,"distribution":"{\"name\": \"FloatDistribution\", \"attributes\": {\"step\": null, \"low\": 0.0, \"high\": 0.0, \"log\": false}}"}
{"op_code":7,"worker_id":"b820d5c1-a1e8-44f4-b484-84a6c56e4bbd-140312746819584","trial_id":5,"step":1,"intermediate_value":0.0}
{"op_code":8,"worker_id":"b820d5c1-a1e8-44f4-b484-84a6c56e4bbd-140312746819584","trial_id":5,"user_attr":{"train_loss_epoch_1":0.759068530387132}}
{"op_code":7,"worker_id":"b820d5c1-a1e8-44f4-b484-84a6c56e4bbd-140312746819584","trial_id":5,"step":2,"intermediate_value":8.901391598072946}
{"op_code":8,"worker_id":"b820d5c1-a1e8-44f4-b484-84a6c56e4bbd-140312746819584","trial_id":5,"user_attr":{"train_loss_epoch_2":0.9997463368645338}}
{"op_code":7,"worker_id":"b820d5c1-a1e8-44f4-b484-84a6c56e4bbd-140312746819584","trial_id":5,"step":3,"intermediate_value":8.901391598072946}
{"op_code":8,"worker_id":"b820d5c1-a1e8-44f4-b484-84a6c56e4bbd-140312746819584","trial_id":5,"user_attr":{"train_loss_epoch_3":0.9631624914079069}}
{"op_code":7,"worker_id":"b820d5c1-a1e8-44f4-b484-84a6c56e4bbd-140312746819584","trial_id":5,"step":4,"intermediate_value":19.595327970938552}
{"op_code":8,"worker_id":"b820d5c1-a1e8-44f4-b484-84a6c56e4bbd-140312746819584","trial_id":5,"user_attr":{"train_loss_epoch_4":0.9168313150929513}}
{"op_code":7,"worker_id":"b820d5c1-a1e8-44f4-b484-84a6c56e4bbd-140312746819584","trial_id":5,"step":5,"intermediate_value":19.595327970938552}
{"op_code":8,"worker_id":"b820d5c1-a1e8-44f4-b484-84a6c56e4bbd-140312746819584","trial_id":5,"user_attr":{"train_loss_epoch_5":0.8890705458750234}}
{"op_code":7,"worker_id":"b820d5c1-a1e8-44f4-b484-84a6c56e4bbd-140312746819584","trial_id":5,"step":6,"intermediate_value":24.822843599795767}
{"op_code":8,"worker_id":"b820d5c1-a1e8-44f4-b484-84a6c56e4bbd-140312746819584","trial_id":5,"user_attr":{"train_loss_epoch_6":0.8223395386171118}}
{"op_code":7,"worker_id":"b820d5c1-a1e8-44f4-b484-84a6c56e4bbd-140312746819584","trial_id":5,"step":7,"intermediate_value":24.822843599795767}
{"op_code":8,"worker_id":"b820d5c1-a1e8-44f4-b484-84a6c56e4bbd-140312746819584","trial_id":5,"user_attr":{"train_loss_epoch_7":0.8107167301891006}}
{"op_code":7,"worker_id":"b820d5c1-a1e8-44f4-b484-84a6c56e4bbd-140312746819584","trial_id":5,"step":8,"intermediate_value":24.822843599795767}
{"op_code":8,"worker_id":"b820d5c1-a1e8-44f4-b484-84a6c56e4bbd-140312746819584","trial_id":5,"user_attr":{"train_loss_epoch_8":0.8002911984502712}}
{"op_code":7,"worker_id":"b820d5c1-a1e8-44f4-b484-84a6c56e4bbd-140312746819584","trial_id":5,"step":9,"intermediate_value":24.822843599795767}
{"op_code":8,"worker_id":"b820d5c1-a1e8-44f4-b484-84a6c56e4bbd-140312746819584","trial_id":5,"user_attr":{"train_loss_epoch_9":0.7590760725263124}}
{"op_code":6,"worker_id":"b820d5c1-a1e8-44f4-b484-84a6c56e4bbd-140312746819584","trial_id":5,"state":1,"values":[24.822843599795767],"datetime_complete":"2026-02-21T16:28:10.234239"}
{"op_code":6,"worker_id":"b820d5c1-a1e8-44f4-b484-84a6c56e4bbd-140312746819584","trial_id":6,"state":0,"values":null,"datetime_start":"2026-02-21T16:28:10.236710"}
{"op_code":5,"worker_id":"b820d5c1-a1e8-44f4-b484-84a6c56e4bbd-140312746819584","trial_id":6,"param_name":"learning_rate","param_value_internal":0.1356741712260592,"distribution":"{\"name\": \"FloatDistribution\", \"attributes\": {\"step\": null, \"low\": 0.003, \"high\": 10.0, \"log\": true}}"}
{"op_code":5,"worker_id":"b820d5c1-a1e8-44f4-b484-84a6c56e4bbd-140312746819584","trial_id":6,"param_name":"transfer_lr","param_value_internal":4e-07,"distribution":"{\"name\": \"FloatDistribution\", \"attributes\": {\"step\": null, \"low\": 4e-07, \"high\": 0.08, \"log\": true}}"}
{"op_code":5,"worker_id":"b820d5c1-a1e8-44f4-b484-84a6c56e4bbd-140312746819584","trial_id":6,"param_name":"transfer_every","param_value_internal":35000.0,"distribution":"{\"name\": \"IntDistribution\", \"attributes\": {\"log\": true, \"step\": 1, \"low\": 16, \"high\": 35000}}"}
{"op_code":5,"worker_id":"b820d5c1-a1e8-44f4-b484-84a6c56e4bbd-140312746819584","trial_id":6,"param_name":"rank_exp","param_value_internal":0.0,"distribution":"{\"name\": \"IntDistribution\", \"attributes\": {\"log\": false, \"step\": 1, \"low\": 0, \"high\": 7}}"}
{"op_code":5,"worker_id":"b820d5c1-a1e8-44f4-b484-84a6c56e4bbd-140312746819584","trial_id":6,"param_name":"lora_alpha","param_value_internal":6e-06,"distribution":"{\"name\": \"FloatDistribution\", \"attributes\": {\"step\": null, \"low\": 6e-06, \"high\": 20.0, \"log\": true}}"}
{"op_code":5,"worker_id":"b820d5c1-a1e8-44f4-b484-84a6c56e4bbd-140312746819584","trial_id":6,"param_name":"tau_sec","param_value_internal":0.0,"distribution":"{\"name\": \"FloatDistribution\", \"attributes\": {\"step\": null, \"low\": 0.0, \"high\": 0.0, \"log\": false}}"}
{"op_code":5,"worker_id":"b820d5c1-a1e8-44f4-b484-84a6c56e4bbd-140312746819584","trial_id":6,"param_name":"out_noise","param_value_internal":0.0,"distribution":"{\"name\": \"FloatDistribution\", \"attributes\": {\"step\": null, \"low\": 0.0, \"high\": 0.0, \"log\": false}}"}
{"op_code":5,"worker_id":"b820d5c1-a1e8-44f4-b484-84a6c56e4bbd-140312746819584","trial_id":6,"param_name":"ab_weight_scaling_omega","param_value_internal":0.0,"distribution":"{\"name\": \"FloatDistribution\", \"attributes\": {\"step\": null, \"low\": 0.0, \"high\": 0.0, \"log\": false}}"}
{"op_code":5,"worker_id":"b820d5c1-a1e8-44f4-b484-84a6c56e4bbd-140312746819584","trial_id":6,"param_name":"min_lr_rate","param_value_internal":0.0,"distribution":"{\"name\": \"FloatDistribution\", \"attributes\": {\"step\": null, \"low\": 0.0, \"high\": 0.0, \"log\": false}}"}
{"op_code":7,"worker_id":"b820d5c1-a1e8-44f4-b484-84a6c56e4bbd-140312746819584","trial_id":6,"step":1,"intermediate_value":0.0}
{"op_code":8,"worker_id":"b820d5c1-a1e8-44f4-b484-84a6c56e4bbd-140312746819584","trial_id":6,"user_attr":{"train_loss_epoch_1":0.7337961134370242}}
{"op_code":7,"worker_id":"b820d5c1-a1e8-44f4-b484-84a6c56e4bbd-140312746819584","trial_id":6,"step":2,"intermediate_value":0.0}
{"op_code":8,"worker_id":"b820d5c1-a1e8-44f4-b484-84a6c56e4bbd-140312746819584","trial_id":6,"user_attr":{"train_loss_epoch_2":0.8970170782408982}}
{"op_code":7,"worker_id":"b820d5c1-a1e8-44f4-b484-84a6c56e4bbd-140312746819584","trial_id":6,"step":3,"intermediate_value":0.0}
{"op_code":8,"worker_id":"b820d5c1-a1e8-44f4-b484-84a6c56e4bbd-140312746819584","trial_id":6,"user_attr":{"train_loss_epoch_3":0.8499376044652173}}
{"op_code":6,"worker_id":"b820d5c1-a1e8-44f4-b484-84a6c56e4bbd-140312746819584","trial_id":6,"state":1,"values":[0.0],"datetime_complete":"2026-02-21T16:31:49.464509"}
{"op_code":6,"worker_id":"b820d5c1-a1e8-44f4-b484-84a6c56e4bbd-140312746819584","trial_id":7,"state":0,"values":null,"datetime_start":"2026-02-21T16:31:49.466783"}
{"op_code":5,"worker_id":"b820d5c1-a1e8-44f4-b484-84a6c56e4bbd-140312746819584","trial_id":7,"param_name":"learning_rate","param_value_internal":0.17104025767060638,"distribution":"{\"name\": \"FloatDistribution\", \"attributes\": {\"step\": null, \"low\": 0.003, \"high\": 10.0, \"log\": true}}"}
{"op_code":5,"worker_id":"b820d5c1-a1e8-44f4-b484-84a6c56e4bbd-140312746819584","trial_id":7,"param_name":"transfer_lr","param_value_internal":4e-07,"distribution":"{\"name\": \"FloatDistribution\", \"attributes\": {\"step\": null, \"low\": 4e-07, \"high\": 0.08, \"log\": true}}"}
{"op_code":5,"worker_id":"b820d5c1-a1e8-44f4-b484-84a6c56e4bbd-140312746819584","trial_id":7,"param_name":"transfer_every","param_value_internal":16.0,"distribution":"{\"name\": \"IntDistribution\", \"attributes\": {\"log\": true, \"step\": 1, \"low\": 16, \"high\": 35000}}"}
{"op_code":5,"worker_id":"b820d5c1-a1e8-44f4-b484-84a6c56e4bbd-140312746819584","trial_id":7,"param_name":"rank_exp","param_value_internal":6.0,"distribution":"{\"name\": \"IntDistribution\", \"attributes\": {\"log\": false, \"step\": 1, \"low\": 0, \"high\": 7}}"}
{"op_code":5,"worker_id":"b820d5c1-a1e8-44f4-b484-84a6c56e4bbd-140312746819584","trial_id":7,"param_name":"lora_alpha","param_value_internal":18.10004302089066,"distribution":"{\"name\": \"FloatDistribution\", \"attributes\": {\"step\": null, \"low\": 6e-06, \"high\": 20.0, \"log\": true}}"}
{"op_code":5,"worker_id":"b820d5c1-a1e8-44f4-b484-84a6c56e4bbd-140312746819584","trial_id":7,"param_name":"tau_sec","param_value_internal":0.0,"distribution":"{\"name\": \"FloatDistribution\", \"attributes\": {\"step\": null, \"low\": 0.0, \"high\": 0.0, \"log\": false}}"}
{"op_code":5,"worker_id":"b820d5c1-a1e8-44f4-b484-84a6c56e4bbd-140312746819584","trial_id":7,"param_name":"out_noise","param_value_internal":0.0,"distribution":"{\"name\": \"FloatDistribution\", \"attributes\": {\"step\": null, \"low\": 0.0, \"high\": 0.0, \"log\": false}}"}
{"op_code":5,"worker_id":"b820d5c1-a1e8-44f4-b484-84a6c56e4bbd-140312746819584","trial_id":7,"param_name":"ab_weight_scaling_omega","param_value_internal":0.0,"distribution":"{\"name\": \"FloatDistribution\", \"attributes\": {\"step\": null, \"low\": 0.0, \"high\": 0.0, \"log\": false}}"}
{"op_code":5,"worker_id":"b820d5c1-a1e8-44f4-b484-84a6c56e4bbd-140312746819584","trial_id":7,"param_name":"min_lr_rate","param_value_internal":0.0,"distribution":"{\"name\": \"FloatDistribution\", \"attributes\": {\"step\": null, \"low\": 0.0, \"high\": 0.0, \"log\": false}}"}
{"op_code":7,"worker_id":"b820d5c1-a1e8-44f4-b484-84a6c56e4bbd-140312746819584","trial_id":7,"step":1,"intermediate_value":2.385409589368871}
{"op_code":8,"worker_id":"b820d5c1-a1e8-44f4-b484-84a6c56e4bbd-140312746819584","trial_id":7,"user_attr":{"train_loss_epoch_1":0.7822770093924531}}
{"op_code":7,"worker_id":"b820d5c1-a1e8-44f4-b484-84a6c56e4bbd-140312746819584","trial_id":7,"step":2,"intermediate_value":2.385409589368871}
{"op_code":8,"worker_id":"b820d5c1-a1e8-44f4-b484-84a6c56e4bbd-140312746819584","trial_id":7,"user_attr":{"train_loss_epoch_2":1.0382252237507117}}
{"op_code":7,"worker_id":"b820d5c1-a1e8-44f4-b484-84a6c56e4bbd-140312746819584","trial_id":7,"step":3,"intermediate_value":12.14582612970461}
{"op_code":8,"worker_id":"b820d5c1-a1e8-44f4-b484-84a6c56e4bbd-140312746819584","trial_id":7,"user_attr":{"train_loss_epoch_3":0.9948154858061087}}
{"op_code":7,"worker_id":"b820d5c1-a1e8-44f4-b484-84a6c56e4bbd-140312746819584","trial_id":7,"step":4,"intermediate_value":12.14582612970461}
{"op_code":8,"worker_id":"b820d5c1-a1e8-44f4-b484-84a6c56e4bbd-140312746819584","trial_id":7,"user_attr":{"train_loss_epoch_4":0.9472595811447251}}
{"op_code":7,"worker_id":"b820d5c1-a1e8-44f4-b484-84a6c56e4bbd-140312746819584","trial_id":7,"step":5,"intermediate_value":22.064011196117388}
{"op_code":8,"worker_id":"b820d5c1-a1e8-44f4-b484-84a6c56e4bbd-140312746819584","trial_id":7,"user_attr":{"train_loss_epoch_5":0.9152530596077999}}
{"op_code":7,"worker_id":"b820d5c1-a1e8-44f4-b484-84a6c56e4bbd-140312746819584","trial_id":7,"step":6,"intermediate_value":22.064011196117388}
{"op_code":8,"worker_id":"b820d5c1-a1e8-44f4-b484-84a6c56e4bbd-140312746819584","trial_id":7,"user_attr":{"train_loss_epoch_6":0.8853119130237638}}
{"op_code":7,"worker_id":"b820d5c1-a1e8-44f4-b484-84a6c56e4bbd-140312746819584","trial_id":7,"step":7,"intermediate_value":22.064011196117388}
{"op_code":8,"worker_id":"b820d5c1-a1e8-44f4-b484-84a6c56e4bbd-140312746819584","trial_id":7,"user_attr":{"train_loss_epoch_7":0.8563900731434332}}
{"op_code":7,"worker_id":"b820d5c1-a1e8-44f4-b484-84a6c56e4bbd-140312746819584","trial_id":7,"step":8,"intermediate_value":22.699785646240763}
{"op_code":8,"worker_id":"b820d5c1-a1e8-44f4-b484-84a6c56e4bbd-140312746819584","trial_id":7,"user_attr":{"train_loss_epoch_8":0.8270347571679365}}
{"op_code":7,"worker_id":"b820d5c1-a1e8-44f4-b484-84a6c56e4bbd-140312746819584","trial_id":7,"step":9,"intermediate_value":22.699785646240763}
{"op_code":8,"worker_id":"b820d5c1-a1e8-44f4-b484-84a6c56e4bbd-140312746819584","trial_id":7,"user_attr":{"train_loss_epoch_9":0.8031906460490182}}
{"op_code":7,"worker_id":"b820d5c1-a1e8-44f4-b484-84a6c56e4bbd-140312746819584","trial_id":7,"step":10,"intermediate_value":22.699785646240763}
{"op_code":8,"worker_id":"b820d5c1-a1e8-44f4-b484-84a6c56e4bbd-140312746819584","trial_id":7,"user_attr":{"train_loss_epoch_10":0.7650105095633837}}
{"op_code":7,"worker_id":"b820d5c1-a1e8-44f4-b484-84a6c56e4bbd-140312746819584","trial_id":7,"step":11,"intermediate_value":22.699785646240763}
{"op_code":8,"worker_id":"b820d5c1-a1e8-44f4-b484-84a6c56e4bbd-140312746819584","trial_id":7,"user_attr":{"train_loss_epoch_11":0.7277008181002652}}
{"op_code":6,"worker_id":"b820d5c1-a1e8-44f4-b484-84a6c56e4bbd-140312746819584","trial_id":7,"state":1,"values":[22.699785646240763],"datetime_complete":"2026-02-21T16:45:04.704685"}
{"op_code":6,"worker_id":"b820d5c1-a1e8-44f4-b484-84a6c56e4bbd-140312746819584","trial_id":8,"state":0,"values":null,"datetime_start":"2026-02-21T16:45:04.715701"}
{"op_code":5,"worker_id":"b820d5c1-a1e8-44f4-b484-84a6c56e4bbd-140312746819584","trial_id":8,"param_name":"learning_rate","param_value_internal":0.2037605038238234,"distribution":"{\"name\": \"FloatDistribution\", \"attributes\": {\"step\": null, \"low\": 0.003, \"high\": 10.0, \"log\": true}}"}
{"op_code":5,"worker_id":"b820d5c1-a1e8-44f4-b484-84a6c56e4bbd-140312746819584","trial_id":8,"param_name":"transfer_lr","param_value_internal":4e-07,"distribution":"{\"name\": \"FloatDistribution\", \"attributes\": {\"step\": null, \"low\": 4e-07, \"high\": 0.08, \"log\": true}}"}
{"op_code":5,"worker_id":"b820d5c1-a1e8-44f4-b484-84a6c56e4bbd-140312746819584","trial_id":8,"param_name":"transfer_every","param_value_internal":35000.0,"distribution":"{\"name\": \"IntDistribution\", \"attributes\": {\"log\": true, \"step\": 1, \"low\": 16, \"high\": 35000}}"}
{"op_code":5,"worker_id":"b820d5c1-a1e8-44f4-b484-84a6c56e4bbd-140312746819584","trial_id":8,"param_name":"rank_exp","param_value_internal":7.0,"distribution":"{\"name\": \"IntDistribution\", \"attributes\": {\"log\": false, \"step\": 1, \"low\": 0, \"high\": 7}}"}
{"op_code":5,"worker_id":"b820d5c1-a1e8-44f4-b484-84a6c56e4bbd-140312746819584","trial_id":8,"param_name":"lora_alpha","param_value_internal":0.0003820117881029874,"distribution":"{\"name\": \"FloatDistribution\", \"attributes\": {\"step\": null, \"low\": 6e-06, \"high\": 20.0, \"log\": true}}"}
{"op_code":5,"worker_id":"b820d5c1-a1e8-44f4-b484-84a6c56e4bbd-140312746819584","trial_id":8,"param_name":"tau_sec","param_value_internal":0.0,"distribution":"{\"name\": \"FloatDistribution\", \"attributes\": {\"step\": null, \"low\": 0.0, \"high\": 0.0, \"log\": false}}"}
{"op_code":5,"worker_id":"b820d5c1-a1e8-44f4-b484-84a6c56e4bbd-140312746819584","trial_id":8,"param_name":"out_noise","param_value_internal":0.0,"distribution":"{\"name\": \"FloatDistribution\", \"attributes\": {\"step\": null, \"low\": 0.0, \"high\": 0.0, \"log\": false}}"}
{"op_code":5,"worker_id":"b820d5c1-a1e8-44f4-b484-84a6c56e4bbd-140312746819584","trial_id":8,"param_name":"ab_weight_scaling_omega","param_value_internal":0.0,"distribution":"{\"name\": \"FloatDistribution\", \"attributes\": {\"step\": null, \"low\": 0.0, \"high\": 0.0, \"log\": false}}"}
{"op_code":5,"worker_id":"b820d5c1-a1e8-44f4-b484-84a6c56e4bbd-140312746819584","trial_id":8,"param_name":"min_lr_rate","param_value_internal":0.0,"distribution":"{\"name\": \"FloatDistribution\", \"attributes\": {\"step\": null, \"low\": 0.0, \"high\": 0.0, \"log\": false}}"}
{"op_code":7,"worker_id":"b820d5c1-a1e8-44f4-b484-84a6c56e4bbd-140312746819584","trial_id":8,"step":1,"intermediate_value":0.0}
{"op_code":8,"worker_id":"b820d5c1-a1e8-44f4-b484-84a6c56e4bbd-140312746819584","trial_id":8,"user_attr":{"train_loss_epoch_1":0.8500965381337103}}
{"op_code":7,"worker_id":"b820d5c1-a1e8-44f4-b484-84a6c56e4bbd-140312746819584","trial_id":8,"step":2,"intermediate_value":4.161454566059593}
{"op_code":8,"worker_id":"b820d5c1-a1e8-44f4-b484-84a6c56e4bbd-140312746819584","trial_id":8,"user_attr":{"train_loss_epoch_2":1.1865552834679034}}
{"op_code":7,"worker_id":"b820d5c1-a1e8-44f4-b484-84a6c56e4bbd-140312746819584","trial_id":8,"step":3,"intermediate_value":4.161454566059593}
{"op_code":8,"worker_id":"b820d5c1-a1e8-44f4-b484-84a6c56e4bbd-140312746819584","trial_id":8,"user_attr":{"train_loss_epoch_3":1.133775384939998}}
{"op_code":7,"worker_id":"b820d5c1-a1e8-44f4-b484-84a6c56e4bbd-140312746819584","trial_id":8,"step":4,"intermediate_value":11.299374087075845}
{"op_code":8,"worker_id":"b820d5c1-a1e8-44f4-b484-84a6c56e4bbd-140312746819584","trial_id":8,"user_attr":{"train_loss_epoch_4":1.0811863661822037}}
{"op_code":7,"worker_id":"b820d5c1-a1e8-44f4-b484-84a6c56e4bbd-140312746819584","trial_id":8,"step":5,"intermediate_value":17.189724865021507}
{"op_code":8,"worker_id":"b820d5c1-a1e8-44f4-b484-84a6c56e4bbd-140312746819584","trial_id":8,"user_attr":{"train_loss_epoch_5":1.0484333621390234}}
{"op_code":7,"worker_id":"b820d5c1-a1e8-44f4-b484-84a6c56e4bbd-140312746819584","trial_id":8,"step":6,"intermediate_value":17.189724865021507}
{"op_code":8,"worker_id":"b820d5c1-a1e8-44f4-b484-84a6c56e4bbd-140312746819584","trial_id":8,"user_attr":{"train_loss_epoch_6":0.9785731388099282}}
{"op_code":7,"worker_id":"b820d5c1-a1e8-44f4-b484-84a6c56e4bbd-140312746819584","trial_id":8,"step":7,"intermediate_value":17.189724865021507}
{"op_code":8,"worker_id":"b820d5c1-a1e8-44f4-b484-84a6c56e4bbd-140312746819584","trial_id":8,"user_attr":{"train_loss_epoch_7":0.9349350865408081}}
{"op_code":7,"worker_id":"b820d5c1-a1e8-44f4-b484-84a6c56e4bbd-140312746819584","trial_id":8,"step":8,"intermediate_value":17.189724865021507}
{"op_code":8,"worker_id":"b820d5c1-a1e8-44f4-b484-84a6c56e4bbd-140312746819584","trial_id":8,"user_attr":{"train_loss_epoch_8":0.9006826851412515}}
{"op_code":6,"worker_id":"b820d5c1-a1e8-44f4-b484-84a6c56e4bbd-140312746819584","trial_id":8,"state":1,"values":[17.189724865021507],"datetime_complete":"2026-02-21T16:54:40.074206"}
{"op_code":6,"worker_id":"b820d5c1-a1e8-44f4-b484-84a6c56e4bbd-140312746819584","trial_id":9,"state":0,"values":null,"datetime_start":"2026-02-21T16:54:40.077179"}
{"op_code":5,"worker_id":"b820d5c1-a1e8-44f4-b484-84a6c56e4bbd-140312746819584","trial_id":9,"param_name":"learning_rate","param_value_internal":0.36950470931826535,"distribution":"{\"name\": \"FloatDistribution\", \"attributes\": {\"step\": null, \"low\": 0.003, \"high\": 10.0, \"log\": true}}"}
{"op_code":5,"worker_id":"b820d5c1-a1e8-44f4-b484-84a6c56e4bbd-140312746819584","trial_id":9,"param_name":"transfer_lr","param_value_internal":4e-07,"distribution":"{\"name\": \"FloatDistribution\", \"attributes\": {\"step\": null, \"low\": 4e-07, \"high\": 0.08, \"log\": true}}"}
{"op_code":5,"worker_id":"b820d5c1-a1e8-44f4-b484-84a6c56e4bbd-140312746819584","trial_id":9,"param_name":"transfer_every","param_value_internal":35000.0,"distribution":"{\"name\": \"IntDistribution\", \"attributes\": {\"log\": true, \"step\": 1, \"low\": 16, \"high\": 35000}}"}
{"op_code":5,"worker_id":"b820d5c1-a1e8-44f4-b484-84a6c56e4bbd-140312746819584","trial_id":9,"param_name":"rank_exp","param_value_internal":7.0,"distribution":"{\"name\": \"IntDistribution\", \"attributes\": {\"log\": false, \"step\": 1, \"low\": 0, \"high\": 7}}"}
{"op_code":5,"worker_id":"b820d5c1-a1e8-44f4-b484-84a6c56e4bbd-140312746819584","trial_id":9,"param_name":"lora_alpha","param_value_internal":18.10004302089066,"distribution":"{\"name\": \"FloatDistribution\", \"attributes\": {\"step\": null, \"low\": 6e-06, \"high\": 20.0, \"log\": true}}"}
{"op_code":5,"worker_id":"b820d5c1-a1e8-44f4-b484-84a6c56e4bbd-140312746819584","trial_id":9,"param_name":"tau_sec","param_value_internal":0.0,"distribution":"{\"name\": \"FloatDistribution\", \"attributes\": {\"step\": null, \"low\": 0.0, \"high\": 0.0, \"log\": false}}"}
{"op_code":5,"worker_id":"b820d5c1-a1e8-44f4-b484-84a6c56e4bbd-140312746819584","trial_id":9,"param_name":"out_noise","param_value_internal":0.0,"distribution":"{\"name\": \"FloatDistribution\", \"attributes\": {\"step\": null, \"low\": 0.0, \"high\": 0.0, \"log\": false}}"}
{"op_code":5,"worker_id":"b820d5c1-a1e8-44f4-b484-84a6c56e4bbd-140312746819584","trial_id":9,"param_name":"ab_weight_scaling_omega","param_value_internal":0.0,"distribution":"{\"name\": \"FloatDistribution\", \"attributes\": {\"step\": null, \"low\": 0.0, \"high\": 0.0, \"log\": false}}"}
{"op_code":5,"worker_id":"b820d5c1-a1e8-44f4-b484-84a6c56e4bbd-140312746819584","trial_id":9,"param_name":"min_lr_rate","param_value_internal":0.0,"distribution":"{\"name\": \"FloatDistribution\", \"attributes\": {\"step\": null, \"low\": 0.0, \"high\": 0.0, \"log\": false}}"}
{"op_code":7,"worker_id":"b820d5c1-a1e8-44f4-b484-84a6c56e4bbd-140312746819584","trial_id":9,"step":1,"intermediate_value":0.0}
{"op_code":8,"worker_id":"b820d5c1-a1e8-44f4-b484-84a6c56e4bbd-140312746819584","trial_id":9,"user_attr":{"train_loss_epoch_1":1.1732675151847234}}
{"op_code":7,"worker_id":"b820d5c1-a1e8-44f4-b484-84a6c56e4bbd-140312746819584","trial_id":9,"step":2,"intermediate_value":0.0}
{"op_code":8,"worker_id":"b820d5c1-a1e8-44f4-b484-84a6c56e4bbd-140312746819584","trial_id":9,"user_attr":{"train_loss_epoch_2":2.022628432345929}}
{"op_code":7,"worker_id":"b820d5c1-a1e8-44f4-b484-84a6c56e4bbd-140312746819584","trial_id":9,"step":3,"intermediate_value":16.474925083000535}
{"op_code":8,"worker_id":"b820d5c1-a1e8-44f4-b484-84a6c56e4bbd-140312746819584","trial_id":9,"user_attr":{"train_loss_epoch_3":1.9084342963137297}}
{"op_code":7,"worker_id":"b820d5c1-a1e8-44f4-b484-84a6c56e4bbd-140312746819584","trial_id":9,"step":4,"intermediate_value":16.474925083000535}
{"op_code":8,"worker_id":"b820d5c1-a1e8-44f4-b484-84a6c56e4bbd-140312746819584","trial_id":9,"user_attr":{"train_loss_epoch_4":1.746370684905478}}
{"op_code":7,"worker_id":"b820d5c1-a1e8-44f4-b484-84a6c56e4bbd-140312746819584","trial_id":9,"step":5,"intermediate_value":16.474925083000535}
{"op_code":8,"worker_id":"b820d5c1-a1e8-44f4-b484-84a6c56e4bbd-140312746819584","trial_id":9,"user_attr":{"train_loss_epoch_5":1.6201097374645967}}
{"op_code":7,"worker_id":"b820d5c1-a1e8-44f4-b484-84a6c56e4bbd-140312746819584","trial_id":9,"step":6,"intermediate_value":16.474925083000535}
{"op_code":8,"worker_id":"b820d5c1-a1e8-44f4-b484-84a6c56e4bbd-140312746819584","trial_id":9,"user_attr":{"train_loss_epoch_6":1.5293782019918072}}
{"op_code":6,"worker_id":"b820d5c1-a1e8-44f4-b484-84a6c56e4bbd-140312746819584","trial_id":9,"state":1,"values":[16.474925083000535],"datetime_complete":"2026-02-21T17:01:50.650074"}
{"op_code":0,"worker_id":"3e94b683-ae18-4447-b4da-25c683094ecd-139725259157504","study_name":"albert_cola_lrtt_bs16_sgd_hybrid_nowd_nomom_nonest_set_noio_encanalog_none_noscale_20ep","directions":[2]}
{"op_code":4,"worker_id":"3e94b683-ae18-4447-b4da-25c683094ecd-139725259157504","study_id":0,"datetime_start":"2026-02-21T19:20:01.900054"}
{"op_code":5,"worker_id":"3e94b683-ae18-4447-b4da-25c683094ecd-139725259157504","trial_id":10,"param_name":"learning_rate","param_value_internal":0.1187911967630177,"distribution":"{\"name\": \"FloatDistribution\", \"attributes\": {\"step\": null, \"low\": 0.03, \"high\": 20.0, \"log\": true}}"}
{"op_code":5,"worker_id":"3e94b683-ae18-4447-b4da-25c683094ecd-139725259157504","trial_id":10,"param_name":"transfer_lr","param_value_internal":0.0048209330244682064,"distribution":"{\"name\": \"FloatDistribution\", \"attributes\": {\"step\": null, \"low\": 4e-06, \"high\": 0.008, \"log\": true}}"}
{"op_code":5,"worker_id":"3e94b683-ae18-4447-b4da-25c683094ecd-139725259157504","trial_id":10,"param_name":"transfer_every","param_value_internal":139.0,"distribution":"{\"name\": \"IntDistribution\", \"attributes\": {\"log\": true, \"step\": 1, \"low\": 63, \"high\": 35000}}"}
{"op_code":5,"worker_id":"3e94b683-ae18-4447-b4da-25c683094ecd-139725259157504","trial_id":10,"param_name":"rank_exp","param_value_internal":5.0,"distribution":"{\"name\": \"IntDistribution\", \"attributes\": {\"log\": false, \"step\": 1, \"low\": 0, \"high\": 5}}"}
{"op_code":5,"worker_id":"3e94b683-ae18-4447-b4da-25c683094ecd-139725259157504","trial_id":10,"param_name":"lora_alpha","param_value_internal":8.250370953236587,"distribution":"{\"name\": \"FloatDistribution\", \"attributes\": {\"step\": null, \"low\": 6e-05, \"high\": 20.0, \"log\": true}}"}
{"op_code":5,"worker_id":"3e94b683-ae18-4447-b4da-25c683094ecd-139725259157504","trial_id":10,"param_name":"tau_sec","param_value_internal":0.0,"distribution":"{\"name\": \"FloatDistribution\", \"attributes\": {\"step\": null, \"low\": 0.0, \"high\": 0.0, \"log\": false}}"}
{"op_code":5,"worker_id":"3e94b683-ae18-4447-b4da-25c683094ecd-139725259157504","trial_id":10,"param_name":"out_noise","param_value_internal":0.0,"distribution":"{\"name\": \"FloatDistribution\", \"attributes\": {\"step\": null, \"low\": 0.0, \"high\": 0.0, \"log\": false}}"}
{"op_code":5,"worker_id":"3e94b683-ae18-4447-b4da-25c683094ecd-139725259157504","trial_id":10,"param_name":"ab_weight_scaling_omega","param_value_internal":0.0,"distribution":"{\"name\": \"FloatDistribution\", \"attributes\": {\"step\": null, \"low\": 0.0, \"high\": 0.0, \"log\": false}}"}
{"op_code":5,"worker_id":"3e94b683-ae18-4447-b4da-25c683094ecd-139725259157504","trial_id":10,"param_name":"min_lr_rate","param_value_internal":0.0,"distribution":"{\"name\": \"FloatDistribution\", \"attributes\": {\"step\": null, \"low\": 0.0, \"high\": 0.0, \"log\": false}}"}
{"op_code":7,"worker_id":"3e94b683-ae18-4447-b4da-25c683094ecd-139725259157504","trial_id":10,"step":1,"intermediate_value":0.0}
{"op_code":8,"worker_id":"3e94b683-ae18-4447-b4da-25c683094ecd-139725259157504","trial_id":10,"user_attr":{"train_loss_epoch_1":0.7094669527261057}}
{"op_code":7,"worker_id":"3e94b683-ae18-4447-b4da-25c683094ecd-139725259157504","trial_id":10,"step":2,"intermediate_value":4.63559874942472}
{"op_code":8,"worker_id":"3e94b683-ae18-4447-b4da-25c683094ecd-139725259157504","trial_id":10,"user_attr":{"train_loss_epoch_2":0.8422442224677478}}
{"op_code":7,"worker_id":"3e94b683-ae18-4447-b4da-25c683094ecd-139725259157504","trial_id":10,"step":3,"intermediate_value":16.234582337298132}
{"op_code":8,"worker_id":"3e94b683-ae18-4447-b4da-25c683094ecd-139725259157504","trial_id":10,"user_attr":{"train_loss_epoch_3":0.8327307581065971}}
{"op_code":7,"worker_id":"3e94b683-ae18-4447-b4da-25c683094ecd-139725259157504","trial_id":10,"step":4,"intermediate_value":16.234582337298132}
{"op_code":8,"worker_id":"3e94b683-ae18-4447-b4da-25c683094ecd-139725259157504","trial_id":10,"user_attr":{"train_loss_epoch_4":0.787401588149717}}
{"op_code":7,"worker_id":"3e94b683-ae18-4447-b4da-25c683094ecd-139725259157504","trial_id":10,"step":5,"intermediate_value":18.605174157849106}
{"op_code":8,"worker_id":"3e94b683-ae18-4447-b4da-25c683094ecd-139725259157504","trial_id":10,"user_attr":{"train_loss_epoch_5":0.7700328209689844}}
{"op_code":7,"worker_id":"3e94b683-ae18-4447-b4da-25c683094ecd-139725259157504","trial_id":10,"step":6,"intermediate_value":18.605174157849106}
{"op_code":8,"worker_id":"3e94b683-ae18-4447-b4da-25c683094ecd-139725259157504","trial_id":10,"user_attr":{"train_loss_epoch_6":0.751091136024377}}
{"op_code":7,"worker_id":"3e94b683-ae18-4447-b4da-25c683094ecd-139725259157504","trial_id":10,"step":7,"intermediate_value":18.605174157849106}
{"op_code":8,"worker_id":"3e94b683-ae18-4447-b4da-25c683094ecd-139725259157504","trial_id":10,"user_attr":{"train_loss_epoch_7":0.7332546346934042}}
{"op_code":7,"worker_id":"3e94b683-ae18-4447-b4da-25c683094ecd-139725259157504","trial_id":10,"step":8,"intermediate_value":18.605174157849106}
{"op_code":8,"worker_id":"3e94b683-ae18-4447-b4da-25c683094ecd-139725259157504","trial_id":10,"user_attr":{"train_loss_epoch_8":0.7290172221226113}}
{"op_code":6,"worker_id":"3e94b683-ae18-4447-b4da-25c683094ecd-139725259157504","trial_id":10,"state":1,"values":[18.605174157849106],"datetime_complete":"2026-02-21T19:29:37.471245"}
{"op_code":4,"worker_id":"3e94b683-ae18-4447-b4da-25c683094ecd-139725259157504","study_id":0,"datetime_start":"2026-02-21T19:29:37.473335"}
{"op_code":5,"worker_id":"3e94b683-ae18-4447-b4da-25c683094ecd-139725259157504","trial_id":11,"param_name":"learning_rate","param_value_internal":4.166273696424286,"distribution":"{\"name\": \"FloatDistribution\", \"attributes\": {\"step\": null, \"low\": 0.03, \"high\": 20.0, \"log\": true}}"}
{"op_code":5,"worker_id":"3e94b683-ae18-4447-b4da-25c683094ecd-139725259157504","trial_id":11,"param_name":"transfer_lr","param_value_internal":1.59430147783976e-05,"distribution":"{\"name\": \"FloatDistribution\", \"attributes\": {\"step\": null, \"low\": 4e-06, \"high\": 0.008, \"log\": true}}"}
{"op_code":5,"worker_id":"3e94b683-ae18-4447-b4da-25c683094ecd-139725259157504","trial_id":11,"param_name":"transfer_every","param_value_internal":694.0,"distribution":"{\"name\": \"IntDistribution\", \"attributes\": {\"log\": true, \"step\": 1, \"low\": 63, \"high\": 35000}}"}
{"op_code":5,"worker_id":"3e94b683-ae18-4447-b4da-25c683094ecd-139725259157504","trial_id":11,"param_name":"rank_exp","param_value_internal":3.0,"distribution":"{\"name\": \"IntDistribution\", \"attributes\": {\"log\": false, \"step\": 1, \"low\": 0, \"high\": 5}}"}
{"op_code":5,"worker_id":"3e94b683-ae18-4447-b4da-25c683094ecd-139725259157504","trial_id":11,"param_name":"lora_alpha","param_value_internal":1.0635263056386486,"distribution":"{\"name\": \"FloatDistribution\", \"attributes\": {\"step\": null, \"low\": 6e-05, \"high\": 20.0, \"log\": true}}"}
{"op_code":5,"worker_id":"3e94b683-ae18-4447-b4da-25c683094ecd-139725259157504","trial_id":11,"param_name":"tau_sec","param_value_internal":0.0,"distribution":"{\"name\": \"FloatDistribution\", \"attributes\": {\"step\": null, \"low\": 0.0, \"high\": 0.0, \"log\": false}}"}
{"op_code":5,"worker_id":"3e94b683-ae18-4447-b4da-25c683094ecd-139725259157504","trial_id":11,"param_name":"out_noise","param_value_internal":0.0,"distribution":"{\"name\": \"FloatDistribution\", \"attributes\": {\"step\": null, \"low\": 0.0, \"high\": 0.0, \"log\": false}}"}
{"op_code":5,"worker_id":"3e94b683-ae18-4447-b4da-25c683094ecd-139725259157504","trial_id":11,"param_name":"ab_weight_scaling_omega","param_value_internal":0.0,"distribution":"{\"name\": \"FloatDistribution\", \"attributes\": {\"step\": null, \"low\": 0.0, \"high\": 0.0, \"log\": false}}"}
{"op_code":5,"worker_id":"3e94b683-ae18-4447-b4da-25c683094ecd-139725259157504","trial_id":11,"param_name":"min_lr_rate","param_value_internal":0.0,"distribution":"{\"name\": \"FloatDistribution\", \"attributes\": {\"step\": null, \"low\": 0.0, \"high\": 0.0, \"log\": false}}"}
{"op_code":7,"worker_id":"3e94b683-ae18-4447-b4da-25c683094ecd-139725259157504","trial_id":11,"step":1,"intermediate_value":3.589254563226399}
{"op_code":8,"worker_id":"3e94b683-ae18-4447-b4da-25c683094ecd-139725259157504","trial_id":11,"user_attr":{"train_loss_epoch_1":12.172461712040077}}
{"op_code":7,"worker_id":"3e94b683-ae18-4447-b4da-25c683094ecd-139725259157504","trial_id":11,"step":2,"intermediate_value":3.589254563226399}
{"op_code":8,"worker_id":"3e94b683-ae18-4447-b4da-25c683094ecd-139725259157504","trial_id":11,"user_attr":{"train_loss_epoch_2":21.349594952681354}}
{"op_code":7,"worker_id":"3e94b683-ae18-4447-b4da-25c683094ecd-139725259157504","trial_id":11,"step":3,"intermediate_value":3.589254563226399}
{"op_code":8,"worker_id":"3e94b683-ae18-4447-b4da-25c683094ecd-139725259157504","trial_id":11,"user_attr":{"train_loss_epoch_3":20.141510887457947}}
{"op_code":7,"worker_id":"3e94b683-ae18-4447-b4da-25c683094ecd-139725259157504","trial_id":11,"step":4,"intermediate_value":3.589254563226399}
{"op_code":8,"worker_id":"3e94b683-ae18-4447-b4da-25c683094ecd-139725259157504","trial_id":11,"user_attr":{"train_loss_epoch_4":18.78343705016876}}
{"op_code":6,"worker_id":"3e94b683-ae18-4447-b4da-25c683094ecd-139725259157504","trial_id":11,"state":1,"values":[3.589254563226399],"datetime_complete":"2026-02-21T19:34:39.591936"}
{"op_code":4,"worker_id":"3e94b683-ae18-4447-b4da-25c683094ecd-139725259157504","study_id":0,"datetime_start":"2026-02-21T19:34:39.595842"}
{"op_code":5,"worker_id":"3e94b683-ae18-4447-b4da-25c683094ecd-139725259157504","trial_id":12,"param_name":"learning_rate","param_value_internal":0.310833765296161,"distribution":"{\"name\": \"FloatDistribution\", \"attributes\": {\"step\": null, \"low\": 0.03, \"high\": 20.0, \"log\": true}}"}
{"op_code":5,"worker_id":"3e94b683-ae18-4447-b4da-25c683094ecd-139725259157504","trial_id":12,"param_name":"transfer_lr","param_value_internal":0.00012923106046771452,"distribution":"{\"name\": \"FloatDistribution\", \"attributes\": {\"step\": null, \"low\": 4e-06, \"high\": 0.008, \"log\": true}}"}
{"op_code":5,"worker_id":"3e94b683-ae18-4447-b4da-25c683094ecd-139725259157504","trial_id":12,"param_name":"transfer_every","param_value_internal":3531.0,"distribution":"{\"name\": \"IntDistribution\", \"attributes\": {\"log\": true, \"step\": 1, \"low\": 63, \"high\": 35000}}"}
{"op_code":5,"worker_id":"3e94b683-ae18-4447-b4da-25c683094ecd-139725259157504","trial_id":12,"param_name":"rank_exp","param_value_internal":0.0,"distribution":"{\"name\": \"IntDistribution\", \"attributes\": {\"log\": false, \"step\": 1, \"low\": 0, \"high\": 5}}"}
{"op_code":5,"worker_id":"3e94b683-ae18-4447-b4da-25c683094ecd-139725259157504","trial_id":12,"param_name":"lora_alpha","param_value_internal":0.09972624060422389,"distribution":"{\"name\": \"FloatDistribution\", \"attributes\": {\"step\": null, \"low\": 6e-05, \"high\": 20.0, \"log\": true}}"}
{"op_code":5,"worker_id":"3e94b683-ae18-4447-b4da-25c683094ecd-139725259157504","trial_id":12,"param_name":"tau_sec","param_value_internal":0.0,"distribution":"{\"name\": \"FloatDistribution\", \"attributes\": {\"step\": null, \"low\": 0.0, \"high\": 0.0, \"log\": false}}"}
{"op_code":5,"worker_id":"3e94b683-ae18-4447-b4da-25c683094ecd-139725259157504","trial_id":12,"param_name":"out_noise","param_value_internal":0.0,"distribution":"{\"name\": \"FloatDistribution\", \"attributes\": {\"step\": null, \"low\": 0.0, \"high\": 0.0, \"log\": false}}"}
{"op_code":5,"worker_id":"3e94b683-ae18-4447-b4da-25c683094ecd-139725259157504","trial_id":12,"param_name":"ab_weight_scaling_omega","param_value_internal":0.0,"distribution":"{\"name\": \"FloatDistribution\", \"attributes\": {\"step\": null, \"low\": 0.0, \"high\": 0.0, \"log\": false}}"}
{"op_code":5,"worker_id":"3e94b683-ae18-4447-b4da-25c683094ecd-139725259157504","trial_id":12,"param_name":"min_lr_rate","param_value_internal":0.0,"distribution":"{\"name\": \"FloatDistribution\", \"attributes\": {\"step\": null, \"low\": 0.0, \"high\": 0.0, \"log\": false}}"}
{"op_code":7,"worker_id":"3e94b683-ae18-4447-b4da-25c683094ecd-139725259157504","trial_id":12,"step":1,"intermediate_value":0.0}
{"op_code":8,"worker_id":"3e94b683-ae18-4447-b4da-25c683094ecd-139725259157504","trial_id":12,"user_attr":{"train_loss_epoch_1":1.0964593506483449}}
{"op_code":7,"worker_id":"3e94b683-ae18-4447-b4da-25c683094ecd-139725259157504","trial_id":12,"step":2,"intermediate_value":6.42393786963659}
{"op_code":8,"worker_id":"3e94b683-ae18-4447-b4da-25c683094ecd-139725259157504","trial_id":12,"user_attr":{"train_loss_epoch_2":1.7261969972819646}}
{"op_code":7,"worker_id":"3e94b683-ae18-4447-b4da-25c683094ecd-139725259157504","trial_id":12,"step":3,"intermediate_value":16.481687565801266}
{"op_code":8,"worker_id":"3e94b683-ae18-4447-b4da-25c683094ecd-139725259157504","trial_id":12,"user_attr":{"train_loss_epoch_3":1.5810370890336616}}
{"op_code":7,"worker_id":"3e94b683-ae18-4447-b4da-25c683094ecd-139725259157504","trial_id":12,"step":4,"intermediate_value":16.481687565801266}
{"op_code":8,"worker_id":"3e94b683-ae18-4447-b4da-25c683094ecd-139725259157504","trial_id":12,"user_attr":{"train_loss_epoch_4":1.4570882727296275}}
{"op_code":7,"worker_id":"3e94b683-ae18-4447-b4da-25c683094ecd-139725259157504","trial_id":12,"step":5,"intermediate_value":16.481687565801266}
{"op_code":8,"worker_id":"3e94b683-ae18-4447-b4da-25c683094ecd-139725259157504","trial_id":12,"user_attr":{"train_loss_epoch_5":1.4238158072910716}}
{"op_code":7,"worker_id":"3e94b683-ae18-4447-b4da-25c683094ecd-139725259157504","trial_id":12,"step":6,"intermediate_value":16.481687565801266}
{"op_code":8,"worker_id":"3e94b683-ae18-4447-b4da-25c683094ecd-139725259157504","trial_id":12,"user_attr":{"train_loss_epoch_6":1.3398982154118402}}
{"op_code":6,"worker_id":"3e94b683-ae18-4447-b4da-25c683094ecd-139725259157504","trial_id":12,"state":1,"values":[16.481687565801266],"datetime_complete":"2026-02-21T19:41:59.331732"}
{"op_code":4,"worker_id":"3e94b683-ae18-4447-b4da-25c683094ecd-139725259157504","study_id":0,"datetime_start":"2026-02-21T19:41:59.336068"}
{"op_code":5,"worker_id":"3e94b683-ae18-4447-b4da-25c683094ecd-139725259157504","trial_id":13,"param_name":"learning_rate","param_value_internal":3.409045498840208,"distribution":"{\"name\": \"FloatDistribution\", \"attributes\": {\"step\": null, \"low\": 0.03, \"high\": 20.0, \"log\": true}}"}
{"op_code":5,"worker_id":"3e94b683-ae18-4447-b4da-25c683094ecd-139725259157504","trial_id":13,"param_name":"transfer_lr","param_value_internal":0.005230647264319054,"distribution":"{\"name\": \"FloatDistribution\", \"attributes\": {\"step\": null, \"low\": 4e-06, \"high\": 0.008, \"log\": true}}"}
{"op_code":5,"worker_id":"3e94b683-ae18-4447-b4da-25c683094ecd-139725259157504","trial_id":13,"param_name":"transfer_every","param_value_internal":117.0,"distribution":"{\"name\": \"IntDistribution\", \"attributes\": {\"log\": true, \"step\": 1, \"low\": 63, \"high\": 35000}}"}
{"op_code":5,"worker_id":"3e94b683-ae18-4447-b4da-25c683094ecd-139725259157504","trial_id":13,"param_name":"rank_exp","param_value_internal":0.0,"distribution":"{\"name\": \"IntDistribution\", \"attributes\": {\"log\": false, \"step\": 1, \"low\": 0, \"high\": 5}}"}
{"op_code":5,"worker_id":"3e94b683-ae18-4447-b4da-25c683094ecd-139725259157504","trial_id":13,"param_name":"lora_alpha","param_value_internal":1.928665502748896,"distribution":"{\"name\": \"FloatDistribution\", \"attributes\": {\"step\": null, \"low\": 6e-05, \"high\": 20.0, \"log\": true}}"}
{"op_code":5,"worker_id":"3e94b683-ae18-4447-b4da-25c683094ecd-139725259157504","trial_id":13,"param_name":"tau_sec","param_value_internal":0.0,"distribution":"{\"name\": \"FloatDistribution\", \"attributes\": {\"step\": null, \"low\": 0.0, \"high\": 0.0, \"log\": false}}"}
{"op_code":5,"worker_id":"3e94b683-ae18-4447-b4da-25c683094ecd-139725259157504","trial_id":13,"param_name":"out_noise","param_value_internal":0.0,"distribution":"{\"name\": \"FloatDistribution\", \"attributes\": {\"step\": null, \"low\": 0.0, \"high\": 0.0, \"log\": false}}"}
{"op_code":5,"worker_id":"3e94b683-ae18-4447-b4da-25c683094ecd-139725259157504","trial_id":13,"param_name":"ab_weight_scaling_omega","param_value_internal":0.0,"distribution":"{\"name\": \"FloatDistribution\", \"attributes\": {\"step\": null, \"low\": 0.0, \"high\": 0.0, \"log\": false}}"}
{"op_code":5,"worker_id":"3e94b683-ae18-4447-b4da-25c683094ecd-139725259157504","trial_id":13,"param_name":"min_lr_rate","param_value_internal":0.0,"distribution":"{\"name\": \"FloatDistribution\", \"attributes\": {\"step\": null, \"low\": 0.0, \"high\": 0.0, \"log\": false}}"}
{"op_code":7,"worker_id":"3e94b683-ae18-4447-b4da-25c683094ecd-139725259157504","trial_id":13,"step":1,"intermediate_value":0.0}
{"op_code":8,"worker_id":"3e94b683-ae18-4447-b4da-25c683094ecd-139725259157504","trial_id":13,"user_attr":{"train_loss_epoch_1":9.651159434034446}}
{"op_code":7,"worker_id":"3e94b683-ae18-4447-b4da-25c683094ecd-139725259157504","trial_id":13,"step":2,"intermediate_value":12.880607176455944}
{"op_code":8,"worker_id":"3e94b683-ae18-4447-b4da-25c683094ecd-139725259157504","trial_id":13,"user_attr":{"train_loss_epoch_2":18.935234277199278}}
{"op_code":7,"worker_id":"3e94b683-ae18-4447-b4da-25c683094ecd-139725259157504","trial_id":13,"step":3,"intermediate_value":12.880607176455944}
{"op_code":8,"worker_id":"3e94b683-ae18-4447-b4da-25c683094ecd-139725259157504","trial_id":13,"user_attr":{"train_loss_epoch_3":16.354114647669213}}
{"op_code":7,"worker_id":"3e94b683-ae18-4447-b4da-25c683094ecd-139725259157504","trial_id":13,"step":4,"intermediate_value":14.656375156207632}
{"op_code":8,"worker_id":"3e94b683-ae18-4447-b4da-25c683094ecd-139725259157504","trial_id":13,"user_attr":{"train_loss_epoch_4":15.441111113200678}}
{"op_code":7,"worker_id":"3e94b683-ae18-4447-b4da-25c683094ecd-139725259157504","trial_id":13,"step":5,"intermediate_value":14.656375156207632}
{"op_code":8,"worker_id":"3e94b683-ae18-4447-b4da-25c683094ecd-139725259157504","trial_id":13,"user_attr":{"train_loss_epoch_5":14.532397194443462}}
{"op_code":7,"worker_id":"3e94b683-ae18-4447-b4da-25c683094ecd-139725259157504","trial_id":13,"step":6,"intermediate_value":14.656375156207632}
{"op_code":8,"worker_id":"3e94b683-ae18-4447-b4da-25c683094ecd-139725259157504","trial_id":13,"user_attr":{"train_loss_epoch_6":13.147578935951783}}
{"op_code":7,"worker_id":"3e94b683-ae18-4447-b4da-25c683094ecd-139725259157504","trial_id":13,"step":7,"intermediate_value":19.21018774374407}
{"op_code":8,"worker_id":"3e94b683-ae18-4447-b4da-25c683094ecd-139725259157504","trial_id":13,"user_attr":{"train_loss_epoch_7":12.517729156262407}}
{"op_code":7,"worker_id":"3e94b683-ae18-4447-b4da-25c683094ecd-139725259157504","trial_id":13,"step":8,"intermediate_value":19.21018774374407}
{"op_code":8,"worker_id":"3e94b683-ae18-4447-b4da-25c683094ecd-139725259157504","trial_id":13,"user_attr":{"train_loss_epoch_8":11.386811643671766}}
{"op_code":7,"worker_id":"3e94b683-ae18-4447-b4da-25c683094ecd-139725259157504","trial_id":13,"step":9,"intermediate_value":19.21018774374407}
{"op_code":8,"worker_id":"3e94b683-ae18-4447-b4da-25c683094ecd-139725259157504","trial_id":13,"user_attr":{"train_loss_epoch_9":10.741335470159756}}
{"op_code":7,"worker_id":"3e94b683-ae18-4447-b4da-25c683094ecd-139725259157504","trial_id":13,"step":10,"intermediate_value":20.158941731755505}
{"op_code":8,"worker_id":"3e94b683-ae18-4447-b4da-25c683094ecd-139725259157504","trial_id":13,"user_attr":{"train_loss_epoch_10":9.607887236966326}}
{"op_code":7,"worker_id":"3e94b683-ae18-4447-b4da-25c683094ecd-139725259157504","trial_id":13,"step":11,"intermediate_value":20.158941731755505}
{"op_code":8,"worker_id":"3e94b683-ae18-4447-b4da-25c683094ecd-139725259157504","trial_id":13,"user_attr":{"train_loss_epoch_11":8.438752027315514}}
{"op_code":7,"worker_id":"3e94b683-ae18-4447-b4da-25c683094ecd-139725259157504","trial_id":13,"step":12,"intermediate_value":20.158941731755505}
{"op_code":8,"worker_id":"3e94b683-ae18-4447-b4da-25c683094ecd-139725259157504","trial_id":13,"user_attr":{"train_loss_epoch_12":8.005720336375775}}
{"op_code":7,"worker_id":"3e94b683-ae18-4447-b4da-25c683094ecd-139725259157504","trial_id":13,"step":13,"intermediate_value":20.158941731755505}
{"op_code":8,"worker_id":"3e94b683-ae18-4447-b4da-25c683094ecd-139725259157504","trial_id":13,"user_attr":{"train_loss_epoch_13":6.910892389526957}}
{"op_code":6,"worker_id":"3e94b683-ae18-4447-b4da-25c683094ecd-139725259157504","trial_id":13,"state":1,"values":[20.158941731755505],"datetime_complete":"2026-02-21T19:57:48.011837"}
{"op_code":4,"worker_id":"3e94b683-ae18-4447-b4da-25c683094ecd-139725259157504","study_id":0,"datetime_start":"2026-02-21T19:57:48.014727"}
{"op_code":5,"worker_id":"3e94b683-ae18-4447-b4da-25c683094ecd-139725259157504","trial_id":14,"param_name":"learning_rate","param_value_internal":0.06836836384698051,"distribution":"{\"name\": \"FloatDistribution\", \"attributes\": {\"step\": null, \"low\": 0.03, \"high\": 20.0, \"log\": true}}"}
{"op_code":5,"worker_id":"3e94b683-ae18-4447-b4da-25c683094ecd-139725259157504","trial_id":14,"param_name":"transfer_lr","param_value_internal":1.2649929769177822e-05,"distribution":"{\"name\": \"FloatDistribution\", \"attributes\": {\"step\": null, \"low\": 4e-06, \"high\": 0.008, \"log\": true}}"}
{"op_code":5,"worker_id":"3e94b683-ae18-4447-b4da-25c683094ecd-139725259157504","trial_id":14,"param_name":"transfer_every","param_value_internal":4480.0,"distribution":"{\"name\": \"IntDistribution\", \"attributes\": {\"log\": true, \"step\": 1, \"low\": 63, \"high\": 35000}}"}
{"op_code":5,"worker_id":"3e94b683-ae18-4447-b4da-25c683094ecd-139725259157504","trial_id":14,"param_name":"rank_exp","param_value_internal":2.0,"distribution":"{\"name\": \"IntDistribution\", \"attributes\": {\"log\": false, \"step\": 1, \"low\": 0, \"high\": 5}}"}
{"op_code":5,"worker_id":"3e94b683-ae18-4447-b4da-25c683094ecd-139725259157504","trial_id":14,"param_name":"lora_alpha","param_value_internal":7.000701442328442e-05,"distribution":"{\"name\": \"FloatDistribution\", \"attributes\": {\"step\": null, \"low\": 6e-05, \"high\": 20.0, \"log\": true}}"}
{"op_code":5,"worker_id":"3e94b683-ae18-4447-b4da-25c683094ecd-139725259157504","trial_id":14,"param_name":"tau_sec","param_value_internal":0.0,"distribution":"{\"name\": \"FloatDistribution\", \"attributes\": {\"step\": null, \"low\": 0.0, \"high\": 0.0, \"log\": false}}"}
{"op_code":5,"worker_id":"3e94b683-ae18-4447-b4da-25c683094ecd-139725259157504","trial_id":14,"param_name":"out_noise","param_value_internal":0.0,"distribution":"{\"name\": \"FloatDistribution\", \"attributes\": {\"step\": null, \"low\": 0.0, \"high\": 0.0, \"log\": false}}"}
{"op_code":5,"worker_id":"3e94b683-ae18-4447-b4da-25c683094ecd-139725259157504","trial_id":14,"param_name":"ab_weight_scaling_omega","param_value_internal":0.0,"distribution":"{\"name\": \"FloatDistribution\", \"attributes\": {\"step\": null, \"low\": 0.0, \"high\": 0.0, \"log\": false}}"}
{"op_code":5,"worker_id":"3e94b683-ae18-4447-b4da-25c683094ecd-139725259157504","trial_id":14,"param_name":"min_lr_rate","param_value_internal":0.0,"distribution":"{\"name\": \"FloatDistribution\", \"attributes\": {\"step\": null, \"low\": 0.0, \"high\": 0.0, \"log\": false}}"}
{"op_code":7,"worker_id":"3e94b683-ae18-4447-b4da-25c683094ecd-139725259157504","trial_id":14,"step":1,"intermediate_value":0.0}
{"op_code":8,"worker_id":"3e94b683-ae18-4447-b4da-25c683094ecd-139725259157504","trial_id":14,"user_attr":{"train_loss_epoch_1":0.6486925616999653}}
{"op_code":7,"worker_id":"3e94b683-ae18-4447-b4da-25c683094ecd-139725259157504","trial_id":14,"step":2,"intermediate_value":11.043557542417188}
{"op_code":8,"worker_id":"3e94b683-ae18-4447-b4da-25c683094ecd-139725259157504","trial_id":14,"user_attr":{"train_loss_epoch_2":0.6942885143177532}}
{"op_code":7,"worker_id":"3e94b683-ae18-4447-b4da-25c683094ecd-139725259157504","trial_id":14,"step":3,"intermediate_value":11.043557542417188}
{"op_code":8,"worker_id":"3e94b683-ae18-4447-b4da-25c683094ecd-139725259157504","trial_id":14,"user_attr":{"train_loss_epoch_3":0.6746342215582589}}
{"op_code":7,"worker_id":"3e94b683-ae18-4447-b4da-25c683094ecd-139725259157504","trial_id":14,"step":4,"intermediate_value":11.043557542417188}
{"op_code":8,"worker_id":"3e94b683-ae18-4447-b4da-25c683094ecd-139725259157504","trial_id":14,"user_attr":{"train_loss_epoch_4":0.6812516275131814}}
{"op_code":7,"worker_id":"3e94b683-ae18-4447-b4da-25c683094ecd-139725259157504","trial_id":14,"step":5,"intermediate_value":11.043557542417188}
{"op_code":8,"worker_id":"3e94b683-ae18-4447-b4da-25c683094ecd-139725259157504","trial_id":14,"user_attr":{"train_loss_epoch_5":0.6681255429913507}}
{"op_code":6,"worker_id":"3e94b683-ae18-4447-b4da-25c683094ecd-139725259157504","trial_id":14,"state":1,"values":[11.043557542417188],"datetime_complete":"2026-02-21T20:04:19.905307"}
{"op_code":4,"worker_id":"3e94b683-ae18-4447-b4da-25c683094ecd-139725259157504","study_id":0,"datetime_start":"2026-02-21T20:04:19.907719"}
{"op_code":5,"worker_id":"3e94b683-ae18-4447-b4da-25c683094ecd-139725259157504","trial_id":15,"param_name":"learning_rate","param_value_internal":0.7153707232651405,"distribution":"{\"name\": \"FloatDistribution\", \"attributes\": {\"step\": null, \"low\": 0.03, \"high\": 20.0, \"log\": true}}"}
{"op_code":5,"worker_id":"3e94b683-ae18-4447-b4da-25c683094ecd-139725259157504","trial_id":15,"param_name":"transfer_lr","param_value_internal":0.0001774850059745668,"distribution":"{\"name\": \"FloatDistribution\", \"attributes\": {\"step\": null, \"low\": 4e-06, \"high\": 0.008, \"log\": true}}"}
{"op_code":5,"worker_id":"3e94b683-ae18-4447-b4da-25c683094ecd-139725259157504","trial_id":15,"param_name":"transfer_every","param_value_internal":1272.0,"distribution":"{\"name\": \"IntDistribution\", \"attributes\": {\"log\": true, \"step\": 1, \"low\": 63, \"high\": 35000}}"}
{"op_code":5,"worker_id":"3e94b683-ae18-4447-b4da-25c683094ecd-139725259157504","trial_id":15,"param_name":"rank_exp","param_value_internal":4.0,"distribution":"{\"name\": \"IntDistribution\", \"attributes\": {\"log\": false, \"step\": 1, \"low\": 0, \"high\": 5}}"}
{"op_code":5,"worker_id":"3e94b683-ae18-4447-b4da-25c683094ecd-139725259157504","trial_id":15,"param_name":"lora_alpha","param_value_internal":0.00044984335657425055,"distribution":"{\"name\": \"FloatDistribution\", \"attributes\": {\"step\": null, \"low\": 6e-05, \"high\": 20.0, \"log\": true}}"}
{"op_code":5,"worker_id":"3e94b683-ae18-4447-b4da-25c683094ecd-139725259157504","trial_id":15,"param_name":"tau_sec","param_value_internal":0.0,"distribution":"{\"name\": \"FloatDistribution\", \"attributes\": {\"step\": null, \"low\": 0.0, \"high\": 0.0, \"log\": false}}"}
{"op_code":5,"worker_id":"3e94b683-ae18-4447-b4da-25c683094ecd-139725259157504","trial_id":15,"param_name":"out_noise","param_value_internal":0.0,"distribution":"{\"name\": \"FloatDistribution\", \"attributes\": {\"step\": null, \"low\": 0.0, \"high\": 0.0, \"log\": false}}"}
{"op_code":5,"worker_id":"3e94b683-ae18-4447-b4da-25c683094ecd-139725259157504","trial_id":15,"param_name":"ab_weight_scaling_omega","param_value_internal":0.0,"distribution":"{\"name\": \"FloatDistribution\", \"attributes\": {\"step\": null, \"low\": 0.0, \"high\": 0.0, \"log\": false}}"}
{"op_code":5,"worker_id":"3e94b683-ae18-4447-b4da-25c683094ecd-139725259157504","trial_id":15,"param_name":"min_lr_rate","param_value_internal":0.0,"distribution":"{\"name\": \"FloatDistribution\", \"attributes\": {\"step\": null, \"low\": 0.0, \"high\": 0.0, \"log\": false}}"}
{"op_code":7,"worker_id":"3e94b683-ae18-4447-b4da-25c683094ecd-139725259157504","trial_id":15,"step":1,"intermediate_value":0.0}
{"op_code":8,"worker_id":"3e94b683-ae18-4447-b4da-25c683094ecd-139725259157504","trial_id":15,"user_attr":{"train_loss_epoch_1":2.116338746012928}}
{"op_code":7,"worker_id":"3e94b683-ae18-4447-b4da-25c683094ecd-139725259157504","trial_id":15,"step":2,"intermediate_value":0.0}
{"op_code":8,"worker_id":"3e94b683-ae18-4447-b4da-25c683094ecd-139725259157504","trial_id":15,"user_attr":{"train_loss_epoch_2":3.708223681196461}}
{"op_code":7,"worker_id":"3e94b683-ae18-4447-b4da-25c683094ecd-139725259157504","trial_id":15,"step":3,"intermediate_value":0.0}
{"op_code":8,"worker_id":"3e94b683-ae18-4447-b4da-25c683094ecd-139725259157504","trial_id":15,"user_attr":{"train_loss_epoch_3":3.440110754174689}}
{"op_code":6,"worker_id":"3e94b683-ae18-4447-b4da-25c683094ecd-139725259157504","trial_id":15,"state":1,"values":[0.0],"datetime_complete":"2026-02-21T20:08:17.189834"}
{"op_code":4,"worker_id":"3e94b683-ae18-4447-b4da-25c683094ecd-139725259157504","study_id":0,"datetime_start":"2026-02-21T20:08:17.192176"}
{"op_code":5,"worker_id":"3e94b683-ae18-4447-b4da-25c683094ecd-139725259157504","trial_id":16,"param_name":"learning_rate","param_value_internal":1.0916823656153058,"distribution":"{\"name\": \"FloatDistribution\", \"attributes\": {\"step\": null, \"low\": 0.03, \"high\": 20.0, \"log\": true}}"}
{"op_code":5,"worker_id":"3e94b683-ae18-4447-b4da-25c683094ecd-139725259157504","trial_id":16,"param_name":"transfer_lr","param_value_internal":0.0015566260441695675,"distribution":"{\"name\": \"FloatDistribution\", \"attributes\": {\"step\": null, \"low\": 4e-06, \"high\": 0.008, \"log\": true}}"}
{"op_code":5,"worker_id":"3e94b683-ae18-4447-b4da-25c683094ecd-139725259157504","trial_id":16,"param_name":"transfer_every","param_value_internal":14879.0,"distribution":"{\"name\": \"IntDistribution\", \"attributes\": {\"log\": true, \"step\": 1, \"low\": 63, \"high\": 35000}}"}
{"op_code":5,"worker_id":"3e94b683-ae18-4447-b4da-25c683094ecd-139725259157504","trial_id":16,"param_name":"rank_exp","param_value_internal":4.0,"distribution":"{\"name\": \"IntDistribution\", \"attributes\": {\"log\": false, \"step\": 1, \"low\": 0, \"high\": 5}}"}
{"op_code":5,"worker_id":"3e94b683-ae18-4447-b4da-25c683094ecd-139725259157504","trial_id":16,"param_name":"lora_alpha","param_value_internal":0.00019754149720184184,"distribution":"{\"name\": \"FloatDistribution\", \"attributes\": {\"step\": null, \"low\": 6e-05, \"high\": 20.0, \"log\": true}}"}
{"op_code":5,"worker_id":"3e94b683-ae18-4447-b4da-25c683094ecd-139725259157504","trial_id":16,"param_name":"tau_sec","param_value_internal":0.0,"distribution":"{\"name\": \"FloatDistribution\", \"attributes\": {\"step\": null, \"low\": 0.0, \"high\": 0.0, \"log\": false}}"}
{"op_code":5,"worker_id":"3e94b683-ae18-4447-b4da-25c683094ecd-139725259157504","trial_id":16,"param_name":"out_noise","param_value_internal":0.0,"distribution":"{\"name\": \"FloatDistribution\", \"attributes\": {\"step\": null, \"low\": 0.0, \"high\": 0.0, \"log\": false}}"}
{"op_code":5,"worker_id":"3e94b683-ae18-4447-b4da-25c683094ecd-139725259157504","trial_id":16,"param_name":"ab_weight_scaling_omega","param_value_internal":0.0,"distribution":"{\"name\": \"FloatDistribution\", \"attributes\": {\"step\": null, \"low\": 0.0, \"high\": 0.0, \"log\": false}}"}
{"op_code":5,"worker_id":"3e94b683-ae18-4447-b4da-25c683094ecd-139725259157504","trial_id":16,"param_name":"min_lr_rate","param_value_internal":0.0,"distribution":"{\"name\": \"FloatDistribution\", \"attributes\": {\"step\": null, \"low\": 0.0, \"high\": 0.0, \"log\": false}}"}
{"op_code":7,"worker_id":"3e94b683-ae18-4447-b4da-25c683094ecd-139725259157504","trial_id":16,"step":1,"intermediate_value":5.963435543168398}
{"op_code":8,"worker_id":"3e94b683-ae18-4447-b4da-25c683094ecd-139725259157504","trial_id":16,"user_attr":{"train_loss_epoch_1":3.286527297151423}}
{"op_code":7,"worker_id":"3e94b683-ae18-4447-b4da-25c683094ecd-139725259157504","trial_id":16,"step":2,"intermediate_value":8.438894265066518}
{"op_code":8,"worker_id":"3e94b683-ae18-4447-b4da-25c683094ecd-139725259157504","trial_id":16,"user_attr":{"train_loss_epoch_2":5.5922047095878105}}
{"op_code":7,"worker_id":"3e94b683-ae18-4447-b4da-25c683094ecd-139725259157504","trial_id":16,"step":3,"intermediate_value":8.438894265066518}
{"op_code":8,"worker_id":"3e94b683-ae18-4447-b4da-25c683094ecd-139725259157504","trial_id":16,"user_attr":{"train_loss_epoch_3":5.2958081397898145}}
{"op_code":7,"worker_id":"3e94b683-ae18-4447-b4da-25c683094ecd-139725259157504","trial_id":16,"step":4,"intermediate_value":8.438894265066518}
{"op_code":8,"worker_id":"3e94b683-ae18-4447-b4da-25c683094ecd-139725259157504","trial_id":16,"user_attr":{"train_loss_epoch_4":4.830971649316984}}
{"op_code":7,"worker_id":"3e94b683-ae18-4447-b4da-25c683094ecd-139725259157504","trial_id":16,"step":5,"intermediate_value":11.891036948980874}
{"op_code":8,"worker_id":"3e94b683-ae18-4447-b4da-25c683094ecd-139725259157504","trial_id":16,"user_attr":{"train_loss_epoch_5":4.705051118971031}}
{"op_code":7,"worker_id":"3e94b683-ae18-4447-b4da-25c683094ecd-139725259157504","trial_id":16,"step":6,"intermediate_value":11.891036948980874}
{"op_code":8,"worker_id":"3e94b683-ae18-4447-b4da-25c683094ecd-139725259157504","trial_id":16,"user_attr":{"train_loss_epoch_6":4.2209812899328485}}
{"op_code":7,"worker_id":"3e94b683-ae18-4447-b4da-25c683094ecd-139725259157504","trial_id":16,"step":7,"intermediate_value":11.891036948980874}
{"op_code":8,"worker_id":"3e94b683-ae18-4447-b4da-25c683094ecd-139725259157504","trial_id":16,"user_attr":{"train_loss_epoch_7":3.849280578733605}}
{"op_code":7,"worker_id":"3e94b683-ae18-4447-b4da-25c683094ecd-139725259157504","trial_id":16,"step":8,"intermediate_value":11.974890013418003}
{"op_code":8,"worker_id":"3e94b683-ae18-4447-b4da-25c683094ecd-139725259157504","trial_id":16,"user_attr":{"train_loss_epoch_8":3.7637206406248778}}
{"op_code":7,"worker_id":"3e94b683-ae18-4447-b4da-25c683094ecd-139725259157504","trial_id":16,"step":9,"intermediate_value":22.574166047725765}
{"op_code":8,"worker_id":"3e94b683-ae18-4447-b4da-25c683094ecd-139725259157504","trial_id":16,"user_attr":{"train_loss_epoch_9":3.3932464484159954}}
{"op_code":7,"worker_id":"3e94b683-ae18-4447-b4da-25c683094ecd-139725259157504","trial_id":16,"step":10,"intermediate_value":22.574166047725765}
{"op_code":8,"worker_id":"3e94b683-ae18-4447-b4da-25c683094ecd-139725259157504","trial_id":16,"user_attr":{"train_loss_epoch_10":3.064889210629686}}
{"op_code":7,"worker_id":"3e94b683-ae18-4447-b4da-25c683094ecd-139725259157504","trial_id":16,"step":11,"intermediate_value":22.574166047725765}
{"op_code":8,"worker_id":"3e94b683-ae18-4447-b4da-25c683094ecd-139725259157504","trial_id":16,"user_attr":{"train_loss_epoch_11":2.838424299763533}}
{"op_code":7,"worker_id":"3e94b683-ae18-4447-b4da-25c683094ecd-139725259157504","trial_id":16,"step":12,"intermediate_value":23.300759497034004}
{"op_code":8,"worker_id":"3e94b683-ae18-4447-b4da-25c683094ecd-139725259157504","trial_id":16,"user_attr":{"train_loss_epoch_12":2.5798604823997087}}
{"op_code":7,"worker_id":"3e94b683-ae18-4447-b4da-25c683094ecd-139725259157504","trial_id":16,"step":13,"intermediate_value":23.300759497034004}
{"op_code":8,"worker_id":"3e94b683-ae18-4447-b4da-25c683094ecd-139725259157504","trial_id":16,"user_attr":{"train_loss_epoch_13":2.336524863137263}}
{"op_code":7,"worker_id":"3e94b683-ae18-4447-b4da-25c683094ecd-139725259157504","trial_id":16,"step":14,"intermediate_value":23.300759497034004}
{"op_code":8,"worker_id":"3e94b683-ae18-4447-b4da-25c683094ecd-139725259157504","trial_id":16,"user_attr":{"train_loss_epoch_14":2.0383263487723506}}
{"op_code":7,"worker_id":"3e94b683-ae18-4447-b4da-25c683094ecd-139725259157504","trial_id":16,"step":15,"intermediate_value":23.300759497034004}
{"op_code":8,"worker_id":"3e94b683-ae18-4447-b4da-25c683094ecd-139725259157504","trial_id":16,"user_attr":{"train_loss_epoch_15":1.7937921439097306}}
{"op_code":6,"worker_id":"3e94b683-ae18-4447-b4da-25c683094ecd-139725259157504","trial_id":16,"state":1,"values":[23.300759497034004],"datetime_complete":"2026-02-21T20:26:39.265658"}
{"op_code":4,"worker_id":"3e94b683-ae18-4447-b4da-25c683094ecd-139725259157504","study_id":0,"datetime_start":"2026-02-21T20:26:39.267909"}
{"op_code":5,"worker_id":"3e94b683-ae18-4447-b4da-25c683094ecd-139725259157504","trial_id":17,"param_name":"learning_rate","param_value_internal":12.060737298921502,"distribution":"{\"name\": \"FloatDistribution\", \"attributes\": {\"step\": null, \"low\": 0.03, \"high\": 20.0, \"log\": true}}"}
{"op_code":5,"worker_id":"3e94b683-ae18-4447-b4da-25c683094ecd-139725259157504","trial_id":17,"param_name":"transfer_lr","param_value_internal":1.0883965608741375e-05,"distribution":"{\"name\": \"FloatDistribution\", \"attributes\": {\"step\": null, \"low\": 4e-06, \"high\": 0.008, \"log\": true}}"}
{"op_code":5,"worker_id":"3e94b683-ae18-4447-b4da-25c683094ecd-139725259157504","trial_id":17,"param_name":"transfer_every","param_value_internal":3130.0,"distribution":"{\"name\": \"IntDistribution\", \"attributes\": {\"log\": true, \"step\": 1, \"low\": 63, \"high\": 35000}}"}
{"op_code":5,"worker_id":"3e94b683-ae18-4447-b4da-25c683094ecd-139725259157504","trial_id":17,"param_name":"rank_exp","param_value_internal":0.0,"distribution":"{\"name\": \"IntDistribution\", \"attributes\": {\"log\": false, \"step\": 1, \"low\": 0, \"high\": 5}}"}
{"op_code":5,"worker_id":"3e94b683-ae18-4447-b4da-25c683094ecd-139725259157504","trial_id":17,"param_name":"lora_alpha","param_value_internal":0.48135524045146,"distribution":"{\"name\": \"FloatDistribution\", \"attributes\": {\"step\": null, \"low\": 6e-05, \"high\": 20.0, \"log\": true}}"}
{"op_code":5,"worker_id":"3e94b683-ae18-4447-b4da-25c683094ecd-139725259157504","trial_id":17,"param_name":"tau_sec","param_value_internal":0.0,"distribution":"{\"name\": \"FloatDistribution\", \"attributes\": {\"step\": null, \"low\": 0.0, \"high\": 0.0, \"log\": false}}"}
{"op_code":5,"worker_id":"3e94b683-ae18-4447-b4da-25c683094ecd-139725259157504","trial_id":17,"param_name":"out_noise","param_value_internal":0.0,"distribution":"{\"name\": \"FloatDistribution\", \"attributes\": {\"step\": null, \"low\": 0.0, \"high\": 0.0, \"log\": false}}"}
{"op_code":5,"worker_id":"3e94b683-ae18-4447-b4da-25c683094ecd-139725259157504","trial_id":17,"param_name":"ab_weight_scaling_omega","param_value_internal":0.0,"distribution":"{\"name\": \"FloatDistribution\", \"attributes\": {\"step\": null, \"low\": 0.0, \"high\": 0.0, \"log\": false}}"}
{"op_code":5,"worker_id":"3e94b683-ae18-4447-b4da-25c683094ecd-139725259157504","trial_id":17,"param_name":"min_lr_rate","param_value_internal":0.0,"distribution":"{\"name\": \"FloatDistribution\", \"attributes\": {\"step\": null, \"low\": 0.0, \"high\": 0.0, \"log\": false}}"}
{"op_code":7,"worker_id":"3e94b683-ae18-4447-b4da-25c683094ecd-139725259157504","trial_id":17,"step":1,"intermediate_value":12.413841897182007}
{"op_code":8,"worker_id":"3e94b683-ae18-4447-b4da-25c683094ecd-139725259157504","trial_id":17,"user_attr":{"train_loss_epoch_1":32.446107572707064}}
{"op_code":7,"worker_id":"3e94b683-ae18-4447-b4da-25c683094ecd-139725259157504","trial_id":17,"step":2,"intermediate_value":12.413841897182007}
{"op_code":8,"worker_id":"3e94b683-ae18-4447-b4da-25c683094ecd-139725259157504","trial_id":17,"user_attr":{"train_loss_epoch_2":62.726019412780474}}
{"op_code":7,"worker_id":"3e94b683-ae18-4447-b4da-25c683094ecd-139725259157504","trial_id":17,"step":3,"intermediate_value":12.413841897182007}
{"op_code":8,"worker_id":"3e94b683-ae18-4447-b4da-25c683094ecd-139725259157504","trial_id":17,"user_attr":{"train_loss_epoch_3":58.259826612918175}}
{"op_code":7,"worker_id":"3e94b683-ae18-4447-b4da-25c683094ecd-139725259157504","trial_id":17,"step":4,"intermediate_value":12.413841897182007}
{"op_code":8,"worker_id":"3e94b683-ae18-4447-b4da-25c683094ecd-139725259157504","trial_id":17,"user_attr":{"train_loss_epoch_4":54.46631844957298}}
{"op_code":6,"worker_id":"3e94b683-ae18-4447-b4da-25c683094ecd-139725259157504","trial_id":17,"state":1,"values":[12.413841897182007],"datetime_complete":"2026-02-21T20:31:46.922286"}
{"op_code":4,"worker_id":"3e94b683-ae18-4447-b4da-25c683094ecd-139725259157504","study_id":0,"datetime_start":"2026-02-21T20:31:46.926120"}
{"op_code":5,"worker_id":"3e94b683-ae18-4447-b4da-25c683094ecd-139725259157504","trial_id":18,"param_name":"learning_rate","param_value_internal":3.0529772803462514,"distribution":"{\"name\": \"FloatDistribution\", \"attributes\": {\"step\": null, \"low\": 0.03, \"high\": 20.0, \"log\": true}}"}
{"op_code":5,"worker_id":"3e94b683-ae18-4447-b4da-25c683094ecd-139725259157504","trial_id":18,"param_name":"transfer_lr","param_value_internal":0.000924514113957044,"distribution":"{\"name\": \"FloatDistribution\", \"attributes\": {\"step\": null, \"low\": 4e-06, \"high\": 0.008, \"log\": true}}"}
{"op_code":5,"worker_id":"3e94b683-ae18-4447-b4da-25c683094ecd-139725259157504","trial_id":18,"param_name":"transfer_every","param_value_internal":505.0,"distribution":"{\"name\": \"IntDistribution\", \"attributes\": {\"log\": true, \"step\": 1, \"low\": 63, \"high\": 35000}}"}
{"op_code":5,"worker_id":"3e94b683-ae18-4447-b4da-25c683094ecd-139725259157504","trial_id":18,"param_name":"rank_exp","param_value_internal":3.0,"distribution":"{\"name\": \"IntDistribution\", \"attributes\": {\"log\": false, \"step\": 1, \"low\": 0, \"high\": 5}}"}
{"op_code":5,"worker_id":"3e94b683-ae18-4447-b4da-25c683094ecd-139725259157504","trial_id":18,"param_name":"lora_alpha","param_value_internal":1.6075124888123185,"distribution":"{\"name\": \"FloatDistribution\", \"attributes\": {\"step\": null, \"low\": 6e-05, \"high\": 20.0, \"log\": true}}"}
{"op_code":5,"worker_id":"3e94b683-ae18-4447-b4da-25c683094ecd-139725259157504","trial_id":18,"param_name":"tau_sec","param_value_internal":0.0,"distribution":"{\"name\": \"FloatDistribution\", \"attributes\": {\"step\": null, \"low\": 0.0, \"high\": 0.0, \"log\": false}}"}
{"op_code":5,"worker_id":"3e94b683-ae18-4447-b4da-25c683094ecd-139725259157504","trial_id":18,"param_name":"out_noise","param_value_internal":0.0,"distribution":"{\"name\": \"FloatDistribution\", \"attributes\": {\"step\": null, \"low\": 0.0, \"high\": 0.0, \"log\": false}}"}
{"op_code":5,"worker_id":"3e94b683-ae18-4447-b4da-25c683094ecd-139725259157504","trial_id":18,"param_name":"ab_weight_scaling_omega","param_value_internal":0.0,"distribution":"{\"name\": \"FloatDistribution\", \"attributes\": {\"step\": null, \"low\": 0.0, \"high\": 0.0, \"log\": false}}"}
{"op_code":5,"worker_id":"3e94b683-ae18-4447-b4da-25c683094ecd-139725259157504","trial_id":18,"param_name":"min_lr_rate","param_value_internal":0.0,"distribution":"{\"name\": \"FloatDistribution\", \"attributes\": {\"step\": null, \"low\": 0.0, \"high\": 0.0, \"log\": false}}"}
{"op_code":7,"worker_id":"3e94b683-ae18-4447-b4da-25c683094ecd-139725259157504","trial_id":18,"step":1,"intermediate_value":0.0}
{"op_code":8,"worker_id":"3e94b683-ae18-4447-b4da-25c683094ecd-139725259157504","trial_id":18,"user_attr":{"train_loss_epoch_1":8.337848200651994}}
{"op_code":7,"worker_id":"3e94b683-ae18-4447-b4da-25c683094ecd-139725259157504","trial_id":18,"step":2,"intermediate_value":10.275771235841919}
{"op_code":8,"worker_id":"3e94b683-ae18-4447-b4da-25c683094ecd-139725259157504","trial_id":18,"user_attr":{"train_loss_epoch_2":15.864723708250812}}
{"op_code":7,"worker_id":"3e94b683-ae18-4447-b4da-25c683094ecd-139725259157504","trial_id":18,"step":3,"intermediate_value":11.961095866497272}
{"op_code":8,"worker_id":"3e94b683-ae18-4447-b4da-25c683094ecd-139725259157504","trial_id":18,"user_attr":{"train_loss_epoch_3":14.768030566255623}}
{"op_code":7,"worker_id":"3e94b683-ae18-4447-b4da-25c683094ecd-139725259157504","trial_id":18,"step":4,"intermediate_value":11.961095866497272}
{"op_code":8,"worker_id":"3e94b683-ae18-4447-b4da-25c683094ecd-139725259157504","trial_id":18,"user_attr":{"train_loss_epoch_4":14.382799644113701}}
{"op_code":7,"worker_id":"3e94b683-ae18-4447-b4da-25c683094ecd-139725259157504","trial_id":18,"step":5,"intermediate_value":11.961095866497272}
{"op_code":8,"worker_id":"3e94b683-ae18-4447-b4da-25c683094ecd-139725259157504","trial_id":18,"user_attr":{"train_loss_epoch_5":12.539343420590196}}
{"op_code":7,"worker_id":"3e94b683-ae18-4447-b4da-25c683094ecd-139725259157504","trial_id":18,"step":6,"intermediate_value":15.224098559583515}
{"op_code":8,"worker_id":"3e94b683-ae18-4447-b4da-25c683094ecd-139725259157504","trial_id":18,"user_attr":{"train_loss_epoch_6":11.792315709564338}}
{"op_code":7,"worker_id":"3e94b683-ae18-4447-b4da-25c683094ecd-139725259157504","trial_id":18,"step":7,"intermediate_value":15.224098559583515}
{"op_code":8,"worker_id":"3e94b683-ae18-4447-b4da-25c683094ecd-139725259157504","trial_id":18,"user_attr":{"train_loss_epoch_7":10.808807532851384}}
{"op_code":7,"worker_id":"3e94b683-ae18-4447-b4da-25c683094ecd-139725259157504","trial_id":18,"step":8,"intermediate_value":15.224098559583515}
{"op_code":8,"worker_id":"3e94b683-ae18-4447-b4da-25c683094ecd-139725259157504","trial_id":18,"user_attr":{"train_loss_epoch_8":10.111119403327951}}
{"op_code":7,"worker_id":"3e94b683-ae18-4447-b4da-25c683094ecd-139725259157504","trial_id":18,"step":9,"intermediate_value":15.224098559583515}
{"op_code":8,"worker_id":"3e94b683-ae18-4447-b4da-25c683094ecd-139725259157504","trial_id":18,"user_attr":{"train_loss_epoch_9":9.480206475580964}}
{"op_code":6,"worker_id":"3e94b683-ae18-4447-b4da-25c683094ecd-139725259157504","trial_id":18,"state":1,"values":[15.224098559583515],"datetime_complete":"2026-02-21T20:42:40.815027"}
{"op_code":4,"worker_id":"3e94b683-ae18-4447-b4da-25c683094ecd-139725259157504","study_id":0,"datetime_start":"2026-02-21T20:42:40.816945"}
{"op_code":5,"worker_id":"3e94b683-ae18-4447-b4da-25c683094ecd-139725259157504","trial_id":19,"param_name":"learning_rate","param_value_internal":0.1403801131755708,"distribution":"{\"name\": \"FloatDistribution\", \"attributes\": {\"step\": null, \"low\": 0.03, \"high\": 20.0, \"log\": true}}"}
{"op_code":5,"worker_id":"3e94b683-ae18-4447-b4da-25c683094ecd-139725259157504","trial_id":19,"param_name":"transfer_lr","param_value_internal":0.0043873755577090974,"distribution":"{\"name\": \"FloatDistribution\", \"attributes\": {\"step\": null, \"low\": 4e-06, \"high\": 0.008, \"log\": true}}"}
{"op_code":5,"worker_id":"3e94b683-ae18-4447-b4da-25c683094ecd-139725259157504","trial_id":19,"param_name":"transfer_every","param_value_internal":12312.0,"distribution":"{\"name\": \"IntDistribution\", \"attributes\": {\"log\": true, \"step\": 1, \"low\": 63, \"high\": 35000}}"}
{"op_code":5,"worker_id":"3e94b683-ae18-4447-b4da-25c683094ecd-139725259157504","trial_id":19,"param_name":"rank_exp","param_value_internal":0.0,"distribution":"{\"name\": \"IntDistribution\", \"attributes\": {\"log\": false, \"step\": 1, \"low\": 0, \"high\": 5}}"}
{"op_code":5,"worker_id":"3e94b683-ae18-4447-b4da-25c683094ecd-139725259157504","trial_id":19,"param_name":"lora_alpha","param_value_internal":0.03579873728308781,"distribution":"{\"name\": \"FloatDistribution\", \"attributes\": {\"step\": null, \"low\": 6e-05, \"high\": 20.0, \"log\": true}}"}
{"op_code":5,"worker_id":"3e94b683-ae18-4447-b4da-25c683094ecd-139725259157504","trial_id":19,"param_name":"tau_sec","param_value_internal":0.0,"distribution":"{\"name\": \"FloatDistribution\", \"attributes\": {\"step\": null, \"low\": 0.0, \"high\": 0.0, \"log\": false}}"}
{"op_code":5,"worker_id":"3e94b683-ae18-4447-b4da-25c683094ecd-139725259157504","trial_id":19,"param_name":"out_noise","param_value_internal":0.0,"distribution":"{\"name\": \"FloatDistribution\", \"attributes\": {\"step\": null, \"low\": 0.0, \"high\": 0.0, \"log\": false}}"}
{"op_code":5,"worker_id":"3e94b683-ae18-4447-b4da-25c683094ecd-139725259157504","trial_id":19,"param_name":"ab_weight_scaling_omega","param_value_internal":0.0,"distribution":"{\"name\": \"FloatDistribution\", \"attributes\": {\"step\": null, \"low\": 0.0, \"high\": 0.0, \"log\": false}}"}
{"op_code":5,"worker_id":"3e94b683-ae18-4447-b4da-25c683094ecd-139725259157504","trial_id":19,"param_name":"min_lr_rate","param_value_internal":0.0,"distribution":"{\"name\": \"FloatDistribution\", \"attributes\": {\"step\": null, \"low\": 0.0, \"high\": 0.0, \"log\": false}}"}
{"op_code":7,"worker_id":"3e94b683-ae18-4447-b4da-25c683094ecd-139725259157504","trial_id":19,"step":1,"intermediate_value":0.0}
{"op_code":8,"worker_id":"3e94b683-ae18-4447-b4da-25c683094ecd-139725259157504","trial_id":19,"user_attr":{"train_loss_epoch_1":0.724860582361433}}
{"op_code":7,"worker_id":"3e94b683-ae18-4447-b4da-25c683094ecd-139725259157504","trial_id":19,"step":2,"intermediate_value":0.0}
{"op_code":8,"worker_id":"3e94b683-ae18-4447-b4da-25c683094ecd-139725259157504","trial_id":19,"user_attr":{"train_loss_epoch_2":0.9340483121922083}}
{"op_code":7,"worker_id":"3e94b683-ae18-4447-b4da-25c683094ecd-139725259157504","trial_id":19,"step":3,"intermediate_value":16.43787088690651}
{"op_code":8,"worker_id":"3e94b683-ae18-4447-b4da-25c683094ecd-139725259157504","trial_id":19,"user_attr":{"train_loss_epoch_3":0.8980040433807908}}
{"op_code":7,"worker_id":"3e94b683-ae18-4447-b4da-25c683094ecd-139725259157504","trial_id":19,"step":4,"intermediate_value":16.43787088690651}
{"op_code":8,"worker_id":"3e94b683-ae18-4447-b4da-25c683094ecd-139725259157504","trial_id":19,"user_attr":{"train_loss_epoch_4":0.8647124040349622}}
{"op_code":7,"worker_id":"3e94b683-ae18-4447-b4da-25c683094ecd-139725259157504","trial_id":19,"step":5,"intermediate_value":16.43787088690651}
{"op_code":8,"worker_id":"3e94b683-ae18-4447-b4da-25c683094ecd-139725259157504","trial_id":19,"user_attr":{"train_loss_epoch_5":0.8387907953462868}}
{"op_code":7,"worker_id":"3e94b683-ae18-4447-b4da-25c683094ecd-139725259157504","trial_id":19,"step":6,"intermediate_value":21.488044418667034}
{"op_code":8,"worker_id":"3e94b683-ae18-4447-b4da-25c683094ecd-139725259157504","trial_id":19,"user_attr":{"train_loss_epoch_6":0.8046801208753452}}
{"op_code":7,"worker_id":"3e94b683-ae18-4447-b4da-25c683094ecd-139725259157504","trial_id":19,"step":7,"intermediate_value":21.488044418667034}
{"op_code":8,"worker_id":"3e94b683-ae18-4447-b4da-25c683094ecd-139725259157504","trial_id":19,"user_attr":{"train_loss_epoch_7":0.7892036777929725}}
{"op_code":7,"worker_id":"3e94b683-ae18-4447-b4da-25c683094ecd-139725259157504","trial_id":19,"step":8,"intermediate_value":21.488044418667034}
{"op_code":8,"worker_id":"3e94b683-ae18-4447-b4da-25c683094ecd-139725259157504","trial_id":19,"user_attr":{"train_loss_epoch_8":0.7364493207187853}}
{"op_code":7,"worker_id":"3e94b683-ae18-4447-b4da-25c683094ecd-139725259157504","trial_id":19,"step":9,"intermediate_value":21.488044418667034}
{"op_code":8,"worker_id":"3e94b683-ae18-4447-b4da-25c683094ecd-139725259157504","trial_id":19,"user_attr":{"train_loss_epoch_9":0.7320464898214162}}
{"op_code":6,"worker_id":"3e94b683-ae18-4447-b4da-25c683094ecd-139725259157504","trial_id":19,"state":1,"values":[21.488044418667034],"datetime_complete":"2026-02-21T20:53:18.588675"}
{"op_code":4,"worker_id":"3e94b683-ae18-4447-b4da-25c683094ecd-139725259157504","study_id":0,"datetime_start":"2026-02-21T20:53:18.590795"}
{"op_code":5,"worker_id":"3e94b683-ae18-4447-b4da-25c683094ecd-139725259157504","trial_id":20,"param_name":"learning_rate","param_value_internal":0.19744699533430604,"distribution":"{\"name\": \"FloatDistribution\", \"attributes\": {\"step\": null, \"low\": 0.03, \"high\": 20.0, \"log\": true}}"}
{"op_code":5,"worker_id":"3e94b683-ae18-4447-b4da-25c683094ecd-139725259157504","trial_id":20,"param_name":"transfer_lr","param_value_internal":0.00046689714215007445,"distribution":"{\"name\": \"FloatDistribution\", \"attributes\": {\"step\": null, \"low\": 4e-06, \"high\": 0.008, \"log\": true}}"}
{"op_code":5,"worker_id":"3e94b683-ae18-4447-b4da-25c683094ecd-139725259157504","trial_id":20,"param_name":"transfer_every","param_value_internal":160.0,"distribution":"{\"name\": \"IntDistribution\", \"attributes\": {\"log\": true, \"step\": 1, \"low\": 63, \"high\": 35000}}"}
{"op_code":5,"worker_id":"3e94b683-ae18-4447-b4da-25c683094ecd-139725259157504","trial_id":20,"param_name":"rank_exp","param_value_internal":0.0,"distribution":"{\"name\": \"IntDistribution\", \"attributes\": {\"log\": false, \"step\": 1, \"low\": 0, \"high\": 5}}"}
{"op_code":5,"worker_id":"3e94b683-ae18-4447-b4da-25c683094ecd-139725259157504","trial_id":20,"param_name":"lora_alpha","param_value_internal":0.0022561247732502043,"distribution":"{\"name\": \"FloatDistribution\", \"attributes\": {\"step\": null, \"low\": 6e-05, \"high\": 20.0, \"log\": true}}"}
{"op_code":5,"worker_id":"3e94b683-ae18-4447-b4da-25c683094ecd-139725259157504","trial_id":20,"param_name":"tau_sec","param_value_internal":0.0,"distribution":"{\"name\": \"FloatDistribution\", \"attributes\": {\"step\": null, \"low\": 0.0, \"high\": 0.0, \"log\": false}}"}
{"op_code":5,"worker_id":"3e94b683-ae18-4447-b4da-25c683094ecd-139725259157504","trial_id":20,"param_name":"out_noise","param_value_internal":0.0,"distribution":"{\"name\": \"FloatDistribution\", \"attributes\": {\"step\": null, \"low\": 0.0, \"high\": 0.0, \"log\": false}}"}
{"op_code":5,"worker_id":"3e94b683-ae18-4447-b4da-25c683094ecd-139725259157504","trial_id":20,"param_name":"ab_weight_scaling_omega","param_value_internal":0.0,"distribution":"{\"name\": \"FloatDistribution\", \"attributes\": {\"step\": null, \"low\": 0.0, \"high\": 0.0, \"log\": false}}"}
{"op_code":5,"worker_id":"3e94b683-ae18-4447-b4da-25c683094ecd-139725259157504","trial_id":20,"param_name":"min_lr_rate","param_value_internal":0.0,"distribution":"{\"name\": \"FloatDistribution\", \"attributes\": {\"step\": null, \"low\": 0.0, \"high\": 0.0, \"log\": false}}"}
{"op_code":7,"worker_id":"3e94b683-ae18-4447-b4da-25c683094ecd-139725259157504","trial_id":20,"step":1,"intermediate_value":6.298868602363126}
{"op_code":8,"worker_id":"3e94b683-ae18-4447-b4da-25c683094ecd-139725259157504","trial_id":20,"user_attr":{"train_loss_epoch_1":0.8400549947797695}}
{"op_code":7,"worker_id":"3e94b683-ae18-4447-b4da-25c683094ecd-139725259157504","trial_id":20,"step":2,"intermediate_value":6.298868602363126}
{"op_code":8,"worker_id":"3e94b683-ae18-4447-b4da-25c683094ecd-139725259157504","trial_id":20,"user_attr":{"train_loss_epoch_2":1.1328510680209811}}
{"op_code":7,"worker_id":"3e94b683-ae18-4447-b4da-25c683094ecd-139725259157504","trial_id":20,"step":3,"intermediate_value":9.013925279210918}
{"op_code":8,"worker_id":"3e94b683-ae18-4447-b4da-25c683094ecd-139725259157504","trial_id":20,"user_attr":{"train_loss_epoch_3":1.0920512392699162}}
{"op_code":7,"worker_id":"3e94b683-ae18-4447-b4da-25c683094ecd-139725259157504","trial_id":20,"step":4,"intermediate_value":9.013925279210918}
{"op_code":8,"worker_id":"3e94b683-ae18-4447-b4da-25c683094ecd-139725259157504","trial_id":20,"user_attr":{"train_loss_epoch_4":1.0445560556740683}}
{"op_code":7,"worker_id":"3e94b683-ae18-4447-b4da-25c683094ecd-139725259157504","trial_id":20,"step":5,"intermediate_value":9.013925279210918}
{"op_code":8,"worker_id":"3e94b683-ae18-4447-b4da-25c683094ecd-139725259157504","trial_id":20,"user_attr":{"train_loss_epoch_5":1.019182430890119}}
{"op_code":7,"worker_id":"3e94b683-ae18-4447-b4da-25c683094ecd-139725259157504","trial_id":20,"step":6,"intermediate_value":10.075239222757325}
{"op_code":8,"worker_id":"3e94b683-ae18-4447-b4da-25c683094ecd-139725259157504","trial_id":20,"user_attr":{"train_loss_epoch_6":0.9477645088857579}}
{"op_code":7,"worker_id":"3e94b683-ae18-4447-b4da-25c683094ecd-139725259157504","trial_id":20,"step":7,"intermediate_value":23.8421119314806}
{"op_code":8,"worker_id":"3e94b683-ae18-4447-b4da-25c683094ecd-139725259157504","trial_id":20,"user_attr":{"train_loss_epoch_7":0.9095801523181601}}
{"op_code":7,"worker_id":"3e94b683-ae18-4447-b4da-25c683094ecd-139725259157504","trial_id":20,"step":8,"intermediate_value":23.8421119314806}
{"op_code":8,"worker_id":"3e94b683-ae18-4447-b4da-25c683094ecd-139725259157504","trial_id":20,"user_attr":{"train_loss_epoch_8":0.8893238588749806}}
{"op_code":7,"worker_id":"3e94b683-ae18-4447-b4da-25c683094ecd-139725259157504","trial_id":20,"step":9,"intermediate_value":23.8421119314806}
{"op_code":8,"worker_id":"3e94b683-ae18-4447-b4da-25c683094ecd-139725259157504","trial_id":20,"user_attr":{"train_loss_epoch_9":0.8482232518354866}}
{"op_code":7,"worker_id":"3e94b683-ae18-4447-b4da-25c683094ecd-139725259157504","trial_id":20,"step":10,"intermediate_value":23.8421119314806}
{"op_code":8,"worker_id":"3e94b683-ae18-4447-b4da-25c683094ecd-139725259157504","trial_id":20,"user_attr":{"train_loss_epoch_10":0.8098696615372862}}
{"op_code":6,"worker_id":"3e94b683-ae18-4447-b4da-25c683094ecd-139725259157504","trial_id":20,"state":1,"values":[23.8421119314806],"datetime_complete":"2026-02-21T21:05:09.059259"}
{"op_code":4,"worker_id":"3e94b683-ae18-4447-b4da-25c683094ecd-139725259157504","study_id":0,"datetime_start":"2026-02-21T21:05:09.061218"}
{"op_code":5,"worker_id":"3e94b683-ae18-4447-b4da-25c683094ecd-139725259157504","trial_id":21,"param_name":"learning_rate","param_value_internal":9.399393309183273,"distribution":"{\"name\": \"FloatDistribution\", \"attributes\": {\"step\": null, \"low\": 0.03, \"high\": 20.0, \"log\": true}}"}
{"op_code":5,"worker_id":"3e94b683-ae18-4447-b4da-25c683094ecd-139725259157504","trial_id":21,"param_name":"transfer_lr","param_value_internal":4.570247421237047e-05,"distribution":"{\"name\": \"FloatDistribution\", \"attributes\": {\"step\": null, \"low\": 4e-06, \"high\": 0.008, \"log\": true}}"}
{"op_code":5,"worker_id":"3e94b683-ae18-4447-b4da-25c683094ecd-139725259157504","trial_id":21,"param_name":"transfer_every","param_value_internal":424.0,"distribution":"{\"name\": \"IntDistribution\", \"attributes\": {\"log\": true, \"step\": 1, \"low\": 63, \"high\": 35000}}"}
{"op_code":5,"worker_id":"3e94b683-ae18-4447-b4da-25c683094ecd-139725259157504","trial_id":21,"param_name":"rank_exp","param_value_internal":1.0,"distribution":"{\"name\": \"IntDistribution\", \"attributes\": {\"log\": false, \"step\": 1, \"low\": 0, \"high\": 5}}"}
{"op_code":5,"worker_id":"3e94b683-ae18-4447-b4da-25c683094ecd-139725259157504","trial_id":21,"param_name":"lora_alpha","param_value_internal":0.6553831608410792,"distribution":"{\"name\": \"FloatDistribution\", \"attributes\": {\"step\": null, \"low\": 6e-05, \"high\": 20.0, \"log\": true}}"}
{"op_code":5,"worker_id":"3e94b683-ae18-4447-b4da-25c683094ecd-139725259157504","trial_id":21,"param_name":"tau_sec","param_value_internal":0.0,"distribution":"{\"name\": \"FloatDistribution\", \"attributes\": {\"step\": null, \"low\": 0.0, \"high\": 0.0, \"log\": false}}"}
{"op_code":5,"worker_id":"3e94b683-ae18-4447-b4da-25c683094ecd-139725259157504","trial_id":21,"param_name":"out_noise","param_value_internal":0.0,"distribution":"{\"name\": \"FloatDistribution\", \"attributes\": {\"step\": null, \"low\": 0.0, \"high\": 0.0, \"log\": false}}"}
{"op_code":5,"worker_id":"3e94b683-ae18-4447-b4da-25c683094ecd-139725259157504","trial_id":21,"param_name":"ab_weight_scaling_omega","param_value_internal":0.0,"distribution":"{\"name\": \"FloatDistribution\", \"attributes\": {\"step\": null, \"low\": 0.0, \"high\": 0.0, \"log\": false}}"}
{"op_code":5,"worker_id":"3e94b683-ae18-4447-b4da-25c683094ecd-139725259157504","trial_id":21,"param_name":"min_lr_rate","param_value_internal":0.0,"distribution":"{\"name\": \"FloatDistribution\", \"attributes\": {\"step\": null, \"low\": 0.0, \"high\": 0.0, \"log\": false}}"}
{"op_code":7,"worker_id":"3e94b683-ae18-4447-b4da-25c683094ecd-139725259157504","trial_id":21,"step":1,"intermediate_value":0.0}
{"op_code":8,"worker_id":"3e94b683-ae18-4447-b4da-25c683094ecd-139725259157504","trial_id":21,"user_attr":{"train_loss_epoch_1":28.72989747942051}}
{"op_code":7,"worker_id":"3e94b683-ae18-4447-b4da-25c683094ecd-139725259157504","trial_id":21,"step":2,"intermediate_value":0.0}
{"op_code":8,"worker_id":"3e94b683-ae18-4447-b4da-25c683094ecd-139725259157504","trial_id":21,"user_attr":{"train_loss_epoch_2":46.61585763258355}}
{"op_code":7,"worker_id":"3e94b683-ae18-4447-b4da-25c683094ecd-139725259157504","trial_id":21,"step":3,"intermediate_value":4.863988882128649}
{"op_code":8,"worker_id":"3e94b683-ae18-4447-b4da-25c683094ecd-139725259157504","trial_id":21,"user_attr":{"train_loss_epoch_3":47.223833516379386}}
{"op_code":7,"worker_id":"3e94b683-ae18-4447-b4da-25c683094ecd-139725259157504","trial_id":21,"step":4,"intermediate_value":4.863988882128649}
{"op_code":8,"worker_id":"3e94b683-ae18-4447-b4da-25c683094ecd-139725259157504","trial_id":21,"user_attr":{"train_loss_epoch_4":42.348666619808874}}
{"op_code":7,"worker_id":"3e94b683-ae18-4447-b4da-25c683094ecd-139725259157504","trial_id":21,"step":5,"intermediate_value":4.863988882128649}
{"op_code":8,"worker_id":"3e94b683-ae18-4447-b4da-25c683094ecd-139725259157504","trial_id":21,"user_attr":{"train_loss_epoch_5":40.335797863363105}}
{"op_code":7,"worker_id":"3e94b683-ae18-4447-b4da-25c683094ecd-139725259157504","trial_id":21,"step":6,"intermediate_value":4.863988882128649}
{"op_code":8,"worker_id":"3e94b683-ae18-4447-b4da-25c683094ecd-139725259157504","trial_id":21,"user_attr":{"train_loss_epoch_6":36.88462849376358}}
{"op_code":6,"worker_id":"3e94b683-ae18-4447-b4da-25c683094ecd-139725259157504","trial_id":21,"state":1,"values":[4.863988882128649],"datetime_complete":"2026-02-21T21:12:15.321049"}
{"op_code":4,"worker_id":"3e94b683-ae18-4447-b4da-25c683094ecd-139725259157504","study_id":0,"datetime_start":"2026-02-21T21:12:15.323206"}
{"op_code":5,"worker_id":"3e94b683-ae18-4447-b4da-25c683094ecd-139725259157504","trial_id":22,"param_name":"learning_rate","param_value_internal":5.531569741526462,"distribution":"{\"name\": \"FloatDistribution\", \"attributes\": {\"step\": null, \"low\": 0.03, \"high\": 20.0, \"log\": true}}"}
{"op_code":5,"worker_id":"3e94b683-ae18-4447-b4da-25c683094ecd-139725259157504","trial_id":22,"param_name":"transfer_lr","param_value_internal":5.639111667944439e-06,"distribution":"{\"name\": \"FloatDistribution\", \"attributes\": {\"step\": null, \"low\": 4e-06, \"high\": 0.008, \"log\": true}}"}
{"op_code":5,"worker_id":"3e94b683-ae18-4447-b4da-25c683094ecd-139725259157504","trial_id":22,"param_name":"transfer_every","param_value_internal":375.0,"distribution":"{\"name\": \"IntDistribution\", \"attributes\": {\"log\": true, \"step\": 1, \"low\": 63, \"high\": 35000}}"}
{"op_code":5,"worker_id":"3e94b683-ae18-4447-b4da-25c683094ecd-139725259157504","trial_id":22,"param_name":"rank_exp","param_value_internal":3.0,"distribution":"{\"name\": \"IntDistribution\", \"attributes\": {\"log\": false, \"step\": 1, \"low\": 0, \"high\": 5}}"}
{"op_code":5,"worker_id":"3e94b683-ae18-4447-b4da-25c683094ecd-139725259157504","trial_id":22,"param_name":"lora_alpha","param_value_internal":5.773589349268593,"distribution":"{\"name\": \"FloatDistribution\", \"attributes\": {\"step\": null, \"low\": 6e-05, \"high\": 20.0, \"log\": true}}"}
{"op_code":5,"worker_id":"3e94b683-ae18-4447-b4da-25c683094ecd-139725259157504","trial_id":22,"param_name":"tau_sec","param_value_internal":0.0,"distribution":"{\"name\": \"FloatDistribution\", \"attributes\": {\"step\": null, \"low\": 0.0, \"high\": 0.0, \"log\": false}}"}
{"op_code":5,"worker_id":"3e94b683-ae18-4447-b4da-25c683094ecd-139725259157504","trial_id":22,"param_name":"out_noise","param_value_internal":0.0,"distribution":"{\"name\": \"FloatDistribution\", \"attributes\": {\"step\": null, \"low\": 0.0, \"high\": 0.0, \"log\": false}}"}
{"op_code":5,"worker_id":"3e94b683-ae18-4447-b4da-25c683094ecd-139725259157504","trial_id":22,"param_name":"ab_weight_scaling_omega","param_value_internal":0.0,"distribution":"{\"name\": \"FloatDistribution\", \"attributes\": {\"step\": null, \"low\": 0.0, \"high\": 0.0, \"log\": false}}"}
{"op_code":5,"worker_id":"3e94b683-ae18-4447-b4da-25c683094ecd-139725259157504","trial_id":22,"param_name":"min_lr_rate","param_value_internal":0.0,"distribution":"{\"name\": \"FloatDistribution\", \"attributes\": {\"step\": null, \"low\": 0.0, \"high\": 0.0, \"log\": false}}"}
{"op_code":7,"worker_id":"3e94b683-ae18-4447-b4da-25c683094ecd-139725259157504","trial_id":22,"step":1,"intermediate_value":0.0}
{"op_code":8,"worker_id":"3e94b683-ae18-4447-b4da-25c683094ecd-139725259157504","trial_id":22,"user_attr":{"train_loss_epoch_1":14.596017847272837}}
{"op_code":7,"worker_id":"3e94b683-ae18-4447-b4da-25c683094ecd-139725259157504","trial_id":22,"step":2,"intermediate_value":14.053778710192086}
{"op_code":8,"worker_id":"3e94b683-ae18-4447-b4da-25c683094ecd-139725259157504","trial_id":22,"user_attr":{"train_loss_epoch_2":29.955008341441644}}
{"op_code":7,"worker_id":"3e94b683-ae18-4447-b4da-25c683094ecd-139725259157504","trial_id":22,"step":3,"intermediate_value":14.053778710192086}
{"op_code":8,"worker_id":"3e94b683-ae18-4447-b4da-25c683094ecd-139725259157504","trial_id":22,"user_attr":{"train_loss_epoch_3":26.790156818438913}}
{"op_code":7,"worker_id":"3e94b683-ae18-4447-b4da-25c683094ecd-139725259157504","trial_id":22,"step":4,"intermediate_value":14.053778710192086}
{"op_code":8,"worker_id":"3e94b683-ae18-4447-b4da-25c683094ecd-139725259157504","trial_id":22,"user_attr":{"train_loss_epoch_4":24.825603073334026}}
{"op_code":7,"worker_id":"3e94b683-ae18-4447-b4da-25c683094ecd-139725259157504","trial_id":22,"step":5,"intermediate_value":15.750586875350972}
{"op_code":8,"worker_id":"3e94b683-ae18-4447-b4da-25c683094ecd-139725259157504","trial_id":22,"user_attr":{"train_loss_epoch_5":24.265600055831104}}
{"op_code":7,"worker_id":"3e94b683-ae18-4447-b4da-25c683094ecd-139725259157504","trial_id":22,"step":6,"intermediate_value":15.750586875350972}
{"op_code":8,"worker_id":"3e94b683-ae18-4447-b4da-25c683094ecd-139725259157504","trial_id":22,"user_attr":{"train_loss_epoch_6":22.172942176934715}}
{"op_code":7,"worker_id":"3e94b683-ae18-4447-b4da-25c683094ecd-139725259157504","trial_id":22,"step":7,"intermediate_value":15.750586875350972}
{"op_code":8,"worker_id":"3e94b683-ae18-4447-b4da-25c683094ecd-139725259157504","trial_id":22,"user_attr":{"train_loss_epoch_7":20.330587900343694}}
{"op_code":7,"worker_id":"3e94b683-ae18-4447-b4da-25c683094ecd-139725259157504","trial_id":22,"step":8,"intermediate_value":15.750586875350972}
{"op_code":8,"worker_id":"3e94b683-ae18-4447-b4da-25c683094ecd-139725259157504","trial_id":22,"user_attr":{"train_loss_epoch_8":18.143177441124603}}
{"op_code":6,"worker_id":"3e94b683-ae18-4447-b4da-25c683094ecd-139725259157504","trial_id":22,"state":1,"values":[15.750586875350972],"datetime_complete":"2026-02-21T21:22:02.657191"}
{"op_code":4,"worker_id":"3e94b683-ae18-4447-b4da-25c683094ecd-139725259157504","study_id":0,"datetime_start":"2026-02-21T21:22:02.659159"}
{"op_code":5,"worker_id":"3e94b683-ae18-4447-b4da-25c683094ecd-139725259157504","trial_id":23,"param_name":"learning_rate","param_value_internal":1.2426077168464327,"distribution":"{\"name\": \"FloatDistribution\", \"attributes\": {\"step\": null, \"low\": 0.03, \"high\": 20.0, \"log\": true}}"}
{"op_code":5,"worker_id":"3e94b683-ae18-4447-b4da-25c683094ecd-139725259157504","trial_id":23,"param_name":"transfer_lr","param_value_internal":2.4408138782073043e-05,"distribution":"{\"name\": \"FloatDistribution\", \"attributes\": {\"step\": null, \"low\": 4e-06, \"high\": 0.008, \"log\": true}}"}
{"op_code":5,"worker_id":"3e94b683-ae18-4447-b4da-25c683094ecd-139725259157504","trial_id":23,"param_name":"transfer_every","param_value_internal":152.0,"distribution":"{\"name\": \"IntDistribution\", \"attributes\": {\"log\": true, \"step\": 1, \"low\": 63, \"high\": 35000}}"}
{"op_code":5,"worker_id":"3e94b683-ae18-4447-b4da-25c683094ecd-139725259157504","trial_id":23,"param_name":"rank_exp","param_value_internal":4.0,"distribution":"{\"name\": \"IntDistribution\", \"attributes\": {\"log\": false, \"step\": 1, \"low\": 0, \"high\": 5}}"}
{"op_code":5,"worker_id":"3e94b683-ae18-4447-b4da-25c683094ecd-139725259157504","trial_id":23,"param_name":"lora_alpha","param_value_internal":0.0013452833215555295,"distribution":"{\"name\": \"FloatDistribution\", \"attributes\": {\"step\": null, \"low\": 6e-05, \"high\": 20.0, \"log\": true}}"}
{"op_code":5,"worker_id":"3e94b683-ae18-4447-b4da-25c683094ecd-139725259157504","trial_id":23,"param_name":"tau_sec","param_value_internal":0.0,"distribution":"{\"name\": \"FloatDistribution\", \"attributes\": {\"step\": null, \"low\": 0.0, \"high\": 0.0, \"log\": false}}"}
{"op_code":5,"worker_id":"3e94b683-ae18-4447-b4da-25c683094ecd-139725259157504","trial_id":23,"param_name":"out_noise","param_value_internal":0.0,"distribution":"{\"name\": \"FloatDistribution\", \"attributes\": {\"step\": null, \"low\": 0.0, \"high\": 0.0, \"log\": false}}"}
{"op_code":5,"worker_id":"3e94b683-ae18-4447-b4da-25c683094ecd-139725259157504","trial_id":23,"param_name":"ab_weight_scaling_omega","param_value_internal":0.0,"distribution":"{\"name\": \"FloatDistribution\", \"attributes\": {\"step\": null, \"low\": 0.0, \"high\": 0.0, \"log\": false}}"}
{"op_code":5,"worker_id":"3e94b683-ae18-4447-b4da-25c683094ecd-139725259157504","trial_id":23,"param_name":"min_lr_rate","param_value_internal":0.0,"distribution":"{\"name\": \"FloatDistribution\", \"attributes\": {\"step\": null, \"low\": 0.0, \"high\": 0.0, \"log\": false}}"}
{"op_code":7,"worker_id":"3e94b683-ae18-4447-b4da-25c683094ecd-139725259157504","trial_id":23,"step":1,"intermediate_value":0.0}
{"op_code":8,"worker_id":"3e94b683-ae18-4447-b4da-25c683094ecd-139725259157504","trial_id":23,"user_attr":{"train_loss_epoch_1":3.16668545206765}}
{"op_code":7,"worker_id":"3e94b683-ae18-4447-b4da-25c683094ecd-139725259157504","trial_id":23,"step":2,"intermediate_value":0.0}
{"op_code":8,"worker_id":"3e94b683-ae18-4447-b4da-25c683094ecd-139725259157504","trial_id":23,"user_attr":{"train_loss_epoch_2":6.38948705193968}}
{"op_code":7,"worker_id":"3e94b683-ae18-4447-b4da-25c683094ecd-139725259157504","trial_id":23,"step":3,"intermediate_value":0.0}
{"op_code":8,"worker_id":"3e94b683-ae18-4447-b4da-25c683094ecd-139725259157504","trial_id":23,"user_attr":{"train_loss_epoch_3":5.886768785592552}}
{"op_code":6,"worker_id":"3e94b683-ae18-4447-b4da-25c683094ecd-139725259157504","trial_id":23,"state":1,"values":[0.0],"datetime_complete":"2026-02-21T21:25:36.748468"}
{"op_code":4,"worker_id":"3e94b683-ae18-4447-b4da-25c683094ecd-139725259157504","study_id":0,"datetime_start":"2026-02-21T21:25:36.751034"}
{"op_code":5,"worker_id":"3e94b683-ae18-4447-b4da-25c683094ecd-139725259157504","trial_id":24,"param_name":"learning_rate","param_value_internal":0.09289613492205306,"distribution":"{\"name\": \"FloatDistribution\", \"attributes\": {\"step\": null, \"low\": 0.03, \"high\": 20.0, \"log\": true}}"}
{"op_code":5,"worker_id":"3e94b683-ae18-4447-b4da-25c683094ecd-139725259157504","trial_id":24,"param_name":"transfer_lr","param_value_internal":4.955679370921943e-06,"distribution":"{\"name\": \"FloatDistribution\", \"attributes\": {\"step\": null, \"low\": 4e-06, \"high\": 0.008, \"log\": true}}"}
{"op_code":5,"worker_id":"3e94b683-ae18-4447-b4da-25c683094ecd-139725259157504","trial_id":24,"param_name":"transfer_every","param_value_internal":514.0,"distribution":"{\"name\": \"IntDistribution\", \"attributes\": {\"log\": true, \"step\": 1, \"low\": 63, \"high\": 35000}}"}
{"op_code":5,"worker_id":"3e94b683-ae18-4447-b4da-25c683094ecd-139725259157504","trial_id":24,"param_name":"rank_exp","param_value_internal":5.0,"distribution":"{\"name\": \"IntDistribution\", \"attributes\": {\"log\": false, \"step\": 1, \"low\": 0, \"high\": 5}}"}
{"op_code":5,"worker_id":"3e94b683-ae18-4447-b4da-25c683094ecd-139725259157504","trial_id":24,"param_name":"lora_alpha","param_value_internal":0.007188095758350096,"distribution":"{\"name\": \"FloatDistribution\", \"attributes\": {\"step\": null, \"low\": 6e-05, \"high\": 20.0, \"log\": true}}"}
{"op_code":5,"worker_id":"3e94b683-ae18-4447-b4da-25c683094ecd-139725259157504","trial_id":24,"param_name":"tau_sec","param_value_internal":0.0,"distribution":"{\"name\": \"FloatDistribution\", \"attributes\": {\"step\": null, \"low\": 0.0, \"high\": 0.0, \"log\": false}}"}
{"op_code":5,"worker_id":"3e94b683-ae18-4447-b4da-25c683094ecd-139725259157504","trial_id":24,"param_name":"out_noise","param_value_internal":0.0,"distribution":"{\"name\": \"FloatDistribution\", \"attributes\": {\"step\": null, \"low\": 0.0, \"high\": 0.0, \"log\": false}}"}
{"op_code":5,"worker_id":"3e94b683-ae18-4447-b4da-25c683094ecd-139725259157504","trial_id":24,"param_name":"ab_weight_scaling_omega","param_value_internal":0.0,"distribution":"{\"name\": \"FloatDistribution\", \"attributes\": {\"step\": null, \"low\": 0.0, \"high\": 0.0, \"log\": false}}"}
{"op_code":5,"worker_id":"3e94b683-ae18-4447-b4da-25c683094ecd-139725259157504","trial_id":24,"param_name":"min_lr_rate","param_value_internal":0.0,"distribution":"{\"name\": \"FloatDistribution\", \"attributes\": {\"step\": null, \"low\": 0.0, \"high\": 0.0, \"log\": false}}"}
{"op_code":7,"worker_id":"3e94b683-ae18-4447-b4da-25c683094ecd-139725259157504","trial_id":24,"step":1,"intermediate_value":12.173497647368931}
{"op_code":8,"worker_id":"3e94b683-ae18-4447-b4da-25c683094ecd-139725259157504","trial_id":24,"user_attr":{"train_loss_epoch_1":0.6758726960309198}}
{"op_code":7,"worker_id":"3e94b683-ae18-4447-b4da-25c683094ecd-139725259157504","trial_id":24,"step":2,"intermediate_value":12.173497647368931}
{"op_code":8,"worker_id":"3e94b683-ae18-4447-b4da-25c683094ecd-139725259157504","trial_id":24,"user_attr":{"train_loss_epoch_2":0.7867451310436302}}
{"op_code":7,"worker_id":"3e94b683-ae18-4447-b4da-25c683094ecd-139725259157504","trial_id":24,"step":3,"intermediate_value":12.173497647368931}
{"op_code":8,"worker_id":"3e94b683-ae18-4447-b4da-25c683094ecd-139725259157504","trial_id":24,"user_attr":{"train_loss_epoch_3":0.7424917224690178}}
{"op_code":7,"worker_id":"3e94b683-ae18-4447-b4da-25c683094ecd-139725259157504","trial_id":24,"step":4,"intermediate_value":21.310688268119804}
{"op_code":8,"worker_id":"3e94b683-ae18-4447-b4da-25c683094ecd-139725259157504","trial_id":24,"user_attr":{"train_loss_epoch_4":0.7304259833888472}}
{"op_code":7,"worker_id":"3e94b683-ae18-4447-b4da-25c683094ecd-139725259157504","trial_id":24,"step":5,"intermediate_value":21.310688268119804}
{"op_code":8,"worker_id":"3e94b683-ae18-4447-b4da-25c683094ecd-139725259157504","trial_id":24,"user_attr":{"train_loss_epoch_5":0.7052852305296425}}
{"op_code":7,"worker_id":"3e94b683-ae18-4447-b4da-25c683094ecd-139725259157504","trial_id":24,"step":6,"intermediate_value":21.310688268119804}
{"op_code":8,"worker_id":"3e94b683-ae18-4447-b4da-25c683094ecd-139725259157504","trial_id":24,"user_attr":{"train_loss_epoch_6":0.7053677195143477}}
{"op_code":7,"worker_id":"3e94b683-ae18-4447-b4da-25c683094ecd-139725259157504","trial_id":24,"step":7,"intermediate_value":21.310688268119804}
{"op_code":8,"worker_id":"3e94b683-ae18-4447-b4da-25c683094ecd-139725259157504","trial_id":24,"user_attr":{"train_loss_epoch_7":0.6888392978182463}}
{"op_code":6,"worker_id":"3e94b683-ae18-4447-b4da-25c683094ecd-139725259157504","trial_id":24,"state":1,"values":[21.310688268119804],"datetime_complete":"2026-02-21T21:33:52.722850"}
{"op_code":4,"worker_id":"3e94b683-ae18-4447-b4da-25c683094ecd-139725259157504","study_id":0,"datetime_start":"2026-02-21T21:33:52.725293"}
{"op_code":5,"worker_id":"3e94b683-ae18-4447-b4da-25c683094ecd-139725259157504","trial_id":25,"param_name":"learning_rate","param_value_internal":0.46415932228547196,"distribution":"{\"name\": \"FloatDistribution\", \"attributes\": {\"step\": null, \"low\": 0.03, \"high\": 20.0, \"log\": true}}"}
{"op_code":5,"worker_id":"3e94b683-ae18-4447-b4da-25c683094ecd-139725259157504","trial_id":25,"param_name":"transfer_lr","param_value_internal":1.0614179579260486e-05,"distribution":"{\"name\": \"FloatDistribution\", \"attributes\": {\"step\": null, \"low\": 4e-06, \"high\": 0.008, \"log\": true}}"}
{"op_code":5,"worker_id":"3e94b683-ae18-4447-b4da-25c683094ecd-139725259157504","trial_id":25,"param_name":"transfer_every","param_value_internal":4570.0,"distribution":"{\"name\": \"IntDistribution\", \"attributes\": {\"log\": true, \"step\": 1, \"low\": 63, \"high\": 35000}}"}
{"op_code":5,"worker_id":"3e94b683-ae18-4447-b4da-25c683094ecd-139725259157504","trial_id":25,"param_name":"rank_exp","param_value_internal":5.0,"distribution":"{\"name\": \"IntDistribution\", \"attributes\": {\"log\": false, \"step\": 1, \"low\": 0, \"high\": 5}}"}
{"op_code":5,"worker_id":"3e94b683-ae18-4447-b4da-25c683094ecd-139725259157504","trial_id":25,"param_name":"lora_alpha","param_value_internal":0.011392432531136414,"distribution":"{\"name\": \"FloatDistribution\", \"attributes\": {\"step\": null, \"low\": 6e-05, \"high\": 20.0, \"log\": true}}"}
{"op_code":5,"worker_id":"3e94b683-ae18-4447-b4da-25c683094ecd-139725259157504","trial_id":25,"param_name":"tau_sec","param_value_internal":0.0,"distribution":"{\"name\": \"FloatDistribution\", \"attributes\": {\"step\": null, \"low\": 0.0, \"high\": 0.0, \"log\": false}}"}
{"op_code":5,"worker_id":"3e94b683-ae18-4447-b4da-25c683094ecd-139725259157504","trial_id":25,"param_name":"out_noise","param_value_internal":0.0,"distribution":"{\"name\": \"FloatDistribution\", \"attributes\": {\"step\": null, \"low\": 0.0, \"high\": 0.0, \"log\": false}}"}
{"op_code":5,"worker_id":"3e94b683-ae18-4447-b4da-25c683094ecd-139725259157504","trial_id":25,"param_name":"ab_weight_scaling_omega","param_value_internal":0.0,"distribution":"{\"name\": \"FloatDistribution\", \"attributes\": {\"step\": null, \"low\": 0.0, \"high\": 0.0, \"log\": false}}"}
{"op_code":5,"worker_id":"3e94b683-ae18-4447-b4da-25c683094ecd-139725259157504","trial_id":25,"param_name":"min_lr_rate","param_value_internal":0.0,"distribution":"{\"name\": \"FloatDistribution\", \"attributes\": {\"step\": null, \"low\": 0.0, \"high\": 0.0, \"log\": false}}"}
{"op_code":7,"worker_id":"3e94b683-ae18-4447-b4da-25c683094ecd-139725259157504","trial_id":25,"step":1,"intermediate_value":0.0}
{"op_code":8,"worker_id":"3e94b683-ae18-4447-b4da-25c683094ecd-139725259157504","trial_id":25,"user_attr":{"train_loss_epoch_1":1.3712352501073957}}
{"op_code":7,"worker_id":"3e94b683-ae18-4447-b4da-25c683094ecd-139725259157504","trial_id":25,"step":2,"intermediate_value":0.0}
{"op_code":8,"worker_id":"3e94b683-ae18-4447-b4da-25c683094ecd-139725259157504","trial_id":25,"user_attr":{"train_loss_epoch_2":2.427795558525728}}
{"op_code":7,"worker_id":"3e94b683-ae18-4447-b4da-25c683094ecd-139725259157504","trial_id":25,"step":3,"intermediate_value":17.18145077037599}
{"op_code":8,"worker_id":"3e94b683-ae18-4447-b4da-25c683094ecd-139725259157504","trial_id":25,"user_attr":{"train_loss_epoch_3":2.2970751655885486}}
{"op_code":7,"worker_id":"3e94b683-ae18-4447-b4da-25c683094ecd-139725259157504","trial_id":25,"step":4,"intermediate_value":17.18145077037599}
{"op_code":8,"worker_id":"3e94b683-ae18-4447-b4da-25c683094ecd-139725259157504","trial_id":25,"user_attr":{"train_loss_epoch_4":2.126470157643345}}
{"op_code":7,"worker_id":"3e94b683-ae18-4447-b4da-25c683094ecd-139725259157504","trial_id":25,"step":5,"intermediate_value":17.18145077037599}
{"op_code":8,"worker_id":"3e94b683-ae18-4447-b4da-25c683094ecd-139725259157504","trial_id":25,"user_attr":{"train_loss_epoch_5":1.9619701556513243}}
{"op_code":7,"worker_id":"3e94b683-ae18-4447-b4da-25c683094ecd-139725259157504","trial_id":25,"step":6,"intermediate_value":17.18145077037599}
{"op_code":8,"worker_id":"3e94b683-ae18-4447-b4da-25c683094ecd-139725259157504","trial_id":25,"user_attr":{"train_loss_epoch_6":1.8691001287687605}}
{"op_code":6,"worker_id":"3e94b683-ae18-4447-b4da-25c683094ecd-139725259157504","trial_id":25,"state":1,"values":[17.18145077037599],"datetime_complete":"2026-02-21T21:40:59.458311"}
{"op_code":4,"worker_id":"3e94b683-ae18-4447-b4da-25c683094ecd-139725259157504","study_id":0,"datetime_start":"2026-02-21T21:40:59.460266"}
{"op_code":5,"worker_id":"3e94b683-ae18-4447-b4da-25c683094ecd-139725259157504","trial_id":26,"param_name":"learning_rate","param_value_internal":6.275446341001484,"distribution":"{\"name\": \"FloatDistribution\", \"attributes\": {\"step\": null, \"low\": 0.03, \"high\": 20.0, \"log\": true}}"}
{"op_code":5,"worker_id":"3e94b683-ae18-4447-b4da-25c683094ecd-139725259157504","trial_id":26,"param_name":"transfer_lr","param_value_internal":0.0004727723875982918,"distribution":"{\"name\": \"FloatDistribution\", \"attributes\": {\"step\": null, \"low\": 4e-06, \"high\": 0.008, \"log\": true}}"}
{"op_code":5,"worker_id":"3e94b683-ae18-4447-b4da-25c683094ecd-139725259157504","trial_id":26,"param_name":"transfer_every","param_value_internal":1440.0,"distribution":"{\"name\": \"IntDistribution\", \"attributes\": {\"log\": true, \"step\": 1, \"low\": 63, \"high\": 35000}}"}
{"op_code":5,"worker_id":"3e94b683-ae18-4447-b4da-25c683094ecd-139725259157504","trial_id":26,"param_name":"rank_exp","param_value_internal":2.0,"distribution":"{\"name\": \"IntDistribution\", \"attributes\": {\"log\": false, \"step\": 1, \"low\": 0, \"high\": 5}}"}
{"op_code":5,"worker_id":"3e94b683-ae18-4447-b4da-25c683094ecd-139725259157504","trial_id":26,"param_name":"lora_alpha","param_value_internal":0.031216949334941745,"distribution":"{\"name\": \"FloatDistribution\", \"attributes\": {\"step\": null, \"low\": 6e-05, \"high\": 20.0, \"log\": true}}"}
{"op_code":5,"worker_id":"3e94b683-ae18-4447-b4da-25c683094ecd-139725259157504","trial_id":26,"param_name":"tau_sec","param_value_internal":0.0,"distribution":"{\"name\": \"FloatDistribution\", \"attributes\": {\"step\": null, \"low\": 0.0, \"high\": 0.0, \"log\": false}}"}
{"op_code":5,"worker_id":"3e94b683-ae18-4447-b4da-25c683094ecd-139725259157504","trial_id":26,"param_name":"out_noise","param_value_internal":0.0,"distribution":"{\"name\": \"FloatDistribution\", \"attributes\": {\"step\": null, \"low\": 0.0, \"high\": 0.0, \"log\": false}}"}
{"op_code":5,"worker_id":"3e94b683-ae18-4447-b4da-25c683094ecd-139725259157504","trial_id":26,"param_name":"ab_weight_scaling_omega","param_value_internal":0.0,"distribution":"{\"name\": \"FloatDistribution\", \"attributes\": {\"step\": null, \"low\": 0.0, \"high\": 0.0, \"log\": false}}"}
{"op_code":5,"worker_id":"3e94b683-ae18-4447-b4da-25c683094ecd-139725259157504","trial_id":26,"param_name":"min_lr_rate","param_value_internal":0.0,"distribution":"{\"name\": \"FloatDistribution\", \"attributes\": {\"step\": null, \"low\": 0.0, \"high\": 0.0, \"log\": false}}"}
{"op_code":7,"worker_id":"3e94b683-ae18-4447-b4da-25c683094ecd-139725259157504","trial_id":26,"step":1,"intermediate_value":0.0}
{"op_code":8,"worker_id":"3e94b683-ae18-4447-b4da-25c683094ecd-139725259157504","trial_id":26,"user_attr":{"train_loss_epoch_1":18.400250243054373}}
{"op_code":7,"worker_id":"3e94b683-ae18-4447-b4da-25c683094ecd-139725259157504","trial_id":26,"step":2,"intermediate_value":7.563314884991263}
{"op_code":8,"worker_id":"3e94b683-ae18-4447-b4da-25c683094ecd-139725259157504","trial_id":26,"user_attr":{"train_loss_epoch_2":33.02521773443044}}
{"op_code":7,"worker_id":"3e94b683-ae18-4447-b4da-25c683094ecd-139725259157504","trial_id":26,"step":3,"intermediate_value":18.23375792421073}
{"op_code":8,"worker_id":"3e94b683-ae18-4447-b4da-25c683094ecd-139725259157504","trial_id":26,"user_attr":{"train_loss_epoch_3":29.504749151033774}}
{"op_code":7,"worker_id":"3e94b683-ae18-4447-b4da-25c683094ecd-139725259157504","trial_id":26,"step":4,"intermediate_value":18.23375792421073}
{"op_code":8,"worker_id":"3e94b683-ae18-4447-b4da-25c683094ecd-139725259157504","trial_id":26,"user_attr":{"train_loss_epoch_4":27.23169155611056}}
{"op_code":7,"worker_id":"3e94b683-ae18-4447-b4da-25c683094ecd-139725259157504","trial_id":26,"step":5,"intermediate_value":18.23375792421073}
{"op_code":8,"worker_id":"3e94b683-ae18-4447-b4da-25c683094ecd-139725259157504","trial_id":26,"user_attr":{"train_loss_epoch_5":25.992036974541495}}
{"op_code":7,"worker_id":"3e94b683-ae18-4447-b4da-25c683094ecd-139725259157504","trial_id":26,"step":6,"intermediate_value":18.23375792421073}
{"op_code":8,"worker_id":"3e94b683-ae18-4447-b4da-25c683094ecd-139725259157504","trial_id":26,"user_attr":{"train_loss_epoch_6":25.251662569848175}}
{"op_code":6,"worker_id":"3e94b683-ae18-4447-b4da-25c683094ecd-139725259157504","trial_id":26,"state":1,"values":[18.23375792421073],"datetime_complete":"2026-02-21T21:48:07.093698"}
{"op_code":4,"worker_id":"3e94b683-ae18-4447-b4da-25c683094ecd-139725259157504","study_id":0,"datetime_start":"2026-02-21T21:48:07.095626"}
{"op_code":5,"worker_id":"3e94b683-ae18-4447-b4da-25c683094ecd-139725259157504","trial_id":27,"param_name":"learning_rate","param_value_internal":0.0320674770782847,"distribution":"{\"name\": \"FloatDistribution\", \"attributes\": {\"step\": null, \"low\": 0.03, \"high\": 20.0, \"log\": true}}"}
{"op_code":5,"worker_id":"3e94b683-ae18-4447-b4da-25c683094ecd-139725259157504","trial_id":27,"param_name":"transfer_lr","param_value_internal":0.00033294556654341664,"distribution":"{\"name\": \"FloatDistribution\", \"attributes\": {\"step\": null, \"low\": 4e-06, \"high\": 0.008, \"log\": true}}"}
{"op_code":5,"worker_id":"3e94b683-ae18-4447-b4da-25c683094ecd-139725259157504","trial_id":27,"param_name":"transfer_every","param_value_internal":925.0,"distribution":"{\"name\": \"IntDistribution\", \"attributes\": {\"log\": true, \"step\": 1, \"low\": 63, \"high\": 35000}}"}
{"op_code":5,"worker_id":"3e94b683-ae18-4447-b4da-25c683094ecd-139725259157504","trial_id":27,"param_name":"rank_exp","param_value_internal":3.0,"distribution":"{\"name\": \"IntDistribution\", \"attributes\": {\"log\": false, \"step\": 1, \"low\": 0, \"high\": 5}}"}
{"op_code":5,"worker_id":"3e94b683-ae18-4447-b4da-25c683094ecd-139725259157504","trial_id":27,"param_name":"lora_alpha","param_value_internal":6.748976882151152e-05,"distribution":"{\"name\": \"FloatDistribution\", \"attributes\": {\"step\": null, \"low\": 6e-05, \"high\": 20.0, \"log\": true}}"}
{"op_code":5,"worker_id":"3e94b683-ae18-4447-b4da-25c683094ecd-139725259157504","trial_id":27,"param_name":"tau_sec","param_value_internal":0.0,"distribution":"{\"name\": \"FloatDistribution\", \"attributes\": {\"step\": null, \"low\": 0.0, \"high\": 0.0, \"log\": false}}"}
{"op_code":5,"worker_id":"3e94b683-ae18-4447-b4da-25c683094ecd-139725259157504","trial_id":27,"param_name":"out_noise","param_value_internal":0.0,"distribution":"{\"name\": \"FloatDistribution\", \"attributes\": {\"step\": null, \"low\": 0.0, \"high\": 0.0, \"log\": false}}"}
{"op_code":5,"worker_id":"3e94b683-ae18-4447-b4da-25c683094ecd-139725259157504","trial_id":27,"param_name":"ab_weight_scaling_omega","param_value_internal":0.0,"distribution":"{\"name\": \"FloatDistribution\", \"attributes\": {\"step\": null, \"low\": 0.0, \"high\": 0.0, \"log\": false}}"}
{"op_code":5,"worker_id":"3e94b683-ae18-4447-b4da-25c683094ecd-139725259157504","trial_id":27,"param_name":"min_lr_rate","param_value_internal":0.0,"distribution":"{\"name\": \"FloatDistribution\", \"attributes\": {\"step\": null, \"low\": 0.0, \"high\": 0.0, \"log\": false}}"}
{"op_code":7,"worker_id":"3e94b683-ae18-4447-b4da-25c683094ecd-139725259157504","trial_id":27,"step":1,"intermediate_value":0.0}
{"op_code":8,"worker_id":"3e94b683-ae18-4447-b4da-25c683094ecd-139725259157504","trial_id":27,"user_attr":{"train_loss_epoch_1":0.6262413969106764}}
{"op_code":7,"worker_id":"3e94b683-ae18-4447-b4da-25c683094ecd-139725259157504","trial_id":27,"step":2,"intermediate_value":14.203433536296044}
{"op_code":8,"worker_id":"3e94b683-ae18-4447-b4da-25c683094ecd-139725259157504","trial_id":27,"user_attr":{"train_loss_epoch_2":0.6327363379090746}}
{"op_code":7,"worker_id":"3e94b683-ae18-4447-b4da-25c683094ecd-139725259157504","trial_id":27,"step":3,"intermediate_value":14.203433536296044}
{"op_code":8,"worker_id":"3e94b683-ae18-4447-b4da-25c683094ecd-139725259157504","trial_id":27,"user_attr":{"train_loss_epoch_3":0.6202195441054407}}
{"op_code":7,"worker_id":"3e94b683-ae18-4447-b4da-25c683094ecd-139725259157504","trial_id":27,"step":4,"intermediate_value":14.203433536296044}
{"op_code":8,"worker_id":"3e94b683-ae18-4447-b4da-25c683094ecd-139725259157504","trial_id":27,"user_attr":{"train_loss_epoch_4":0.6140082652880766}}
{"op_code":7,"worker_id":"3e94b683-ae18-4447-b4da-25c683094ecd-139725259157504","trial_id":27,"step":5,"intermediate_value":21.201867641316515}
{"op_code":8,"worker_id":"3e94b683-ae18-4447-b4da-25c683094ecd-139725259157504","trial_id":27,"user_attr":{"train_loss_epoch_5":0.6091163455882919}}
{"op_code":7,"worker_id":"3e94b683-ae18-4447-b4da-25c683094ecd-139725259157504","trial_id":27,"step":6,"intermediate_value":21.201867641316515}
{"op_code":8,"worker_id":"3e94b683-ae18-4447-b4da-25c683094ecd-139725259157504","trial_id":27,"user_attr":{"train_loss_epoch_6":0.6043779656987324}}
{"op_code":7,"worker_id":"3e94b683-ae18-4447-b4da-25c683094ecd-139725259157504","trial_id":27,"step":7,"intermediate_value":21.201867641316515}
{"op_code":8,"worker_id":"3e94b683-ae18-4447-b4da-25c683094ecd-139725259157504","trial_id":27,"user_attr":{"train_loss_epoch_7":0.6036846971121904}}
{"op_code":7,"worker_id":"3e94b683-ae18-4447-b4da-25c683094ecd-139725259157504","trial_id":27,"step":8,"intermediate_value":21.201867641316515}
{"op_code":8,"worker_id":"3e94b683-ae18-4447-b4da-25c683094ecd-139725259157504","trial_id":27,"user_attr":{"train_loss_epoch_8":0.5943347447107885}}
{"op_code":6,"worker_id":"3e94b683-ae18-4447-b4da-25c683094ecd-139725259157504","trial_id":27,"state":1,"values":[21.201867641316515],"datetime_complete":"2026-02-21T21:57:38.234785"}
{"op_code":4,"worker_id":"3e94b683-ae18-4447-b4da-25c683094ecd-139725259157504","study_id":0,"datetime_start":"2026-02-21T21:57:38.236696"}
{"op_code":5,"worker_id":"3e94b683-ae18-4447-b4da-25c683094ecd-139725259157504","trial_id":28,"param_name":"learning_rate","param_value_internal":0.46717579903519746,"distribution":"{\"name\": \"FloatDistribution\", \"attributes\": {\"step\": null, \"low\": 0.03, \"high\": 20.0, \"log\": true}}"}
{"op_code":5,"worker_id":"3e94b683-ae18-4447-b4da-25c683094ecd-139725259157504","trial_id":28,"param_name":"transfer_lr","param_value_internal":0.00017174814184651478,"distribution":"{\"name\": \"FloatDistribution\", \"attributes\": {\"step\": null, \"low\": 4e-06, \"high\": 0.008, \"log\": true}}"}
{"op_code":5,"worker_id":"3e94b683-ae18-4447-b4da-25c683094ecd-139725259157504","trial_id":28,"param_name":"transfer_every","param_value_internal":2876.0,"distribution":"{\"name\": \"IntDistribution\", \"attributes\": {\"log\": true, \"step\": 1, \"low\": 63, \"high\": 35000}}"}
{"op_code":5,"worker_id":"3e94b683-ae18-4447-b4da-25c683094ecd-139725259157504","trial_id":28,"param_name":"rank_exp","param_value_internal":1.0,"distribution":"{\"name\": \"IntDistribution\", \"attributes\": {\"log\": false, \"step\": 1, \"low\": 0, \"high\": 5}}"}
{"op_code":5,"worker_id":"3e94b683-ae18-4447-b4da-25c683094ecd-139725259157504","trial_id":28,"param_name":"lora_alpha","param_value_internal":0.09739209360837052,"distribution":"{\"name\": \"FloatDistribution\", \"attributes\": {\"step\": null, \"low\": 6e-05, \"high\": 20.0, \"log\": true}}"}
{"op_code":5,"worker_id":"3e94b683-ae18-4447-b4da-25c683094ecd-139725259157504","trial_id":28,"param_name":"tau_sec","param_value_internal":0.0,"distribution":"{\"name\": \"FloatDistribution\", \"attributes\": {\"step\": null, \"low\": 0.0, \"high\": 0.0, \"log\": false}}"}
{"op_code":5,"worker_id":"3e94b683-ae18-4447-b4da-25c683094ecd-139725259157504","trial_id":28,"param_name":"out_noise","param_value_internal":0.0,"distribution":"{\"name\": \"FloatDistribution\", \"attributes\": {\"step\": null, \"low\": 0.0, \"high\": 0.0, \"log\": false}}"}
{"op_code":5,"worker_id":"3e94b683-ae18-4447-b4da-25c683094ecd-139725259157504","trial_id":28,"param_name":"ab_weight_scaling_omega","param_value_internal":0.0,"distribution":"{\"name\": \"FloatDistribution\", \"attributes\": {\"step\": null, \"low\": 0.0, \"high\": 0.0, \"log\": false}}"}
{"op_code":5,"worker_id":"3e94b683-ae18-4447-b4da-25c683094ecd-139725259157504","trial_id":28,"param_name":"min_lr_rate","param_value_internal":0.0,"distribution":"{\"name\": \"FloatDistribution\", \"attributes\": {\"step\": null, \"low\": 0.0, \"high\": 0.0, \"log\": false}}"}
{"op_code":7,"worker_id":"3e94b683-ae18-4447-b4da-25c683094ecd-139725259157504","trial_id":28,"step":1,"intermediate_value":5.963435543168398}
{"op_code":8,"worker_id":"3e94b683-ae18-4447-b4da-25c683094ecd-139725259157504","trial_id":28,"user_attr":{"train_loss_epoch_1":1.4475925755695762}}
{"op_code":7,"worker_id":"3e94b683-ae18-4447-b4da-25c683094ecd-139725259157504","trial_id":28,"step":2,"intermediate_value":5.963435543168398}
{"op_code":8,"worker_id":"3e94b683-ae18-4447-b4da-25c683094ecd-139725259157504","trial_id":28,"user_attr":{"train_loss_epoch_2":2.5437481670736153}}
{"op_code":7,"worker_id":"3e94b683-ae18-4447-b4da-25c683094ecd-139725259157504","trial_id":28,"step":3,"intermediate_value":12.007986638186377}
{"op_code":8,"worker_id":"3e94b683-ae18-4447-b4da-25c683094ecd-139725259157504","trial_id":28,"user_attr":{"train_loss_epoch_3":2.3048415343938657}}
{"op_code":7,"worker_id":"3e94b683-ae18-4447-b4da-25c683094ecd-139725259157504","trial_id":28,"step":4,"intermediate_value":12.007986638186377}
{"op_code":8,"worker_id":"3e94b683-ae18-4447-b4da-25c683094ecd-139725259157504","trial_id":28,"user_attr":{"train_loss_epoch_4":2.118071979411201}}
{"op_code":7,"worker_id":"3e94b683-ae18-4447-b4da-25c683094ecd-139725259157504","trial_id":28,"step":5,"intermediate_value":12.007986638186377}
{"op_code":8,"worker_id":"3e94b683-ae18-4447-b4da-25c683094ecd-139725259157504","trial_id":28,"user_attr":{"train_loss_epoch_5":2.0316971398482564}}
{"op_code":7,"worker_id":"3e94b683-ae18-4447-b4da-25c683094ecd-139725259157504","trial_id":28,"step":6,"intermediate_value":16.209221701246516}
{"op_code":8,"worker_id":"3e94b683-ae18-4447-b4da-25c683094ecd-139725259157504","trial_id":28,"user_attr":{"train_loss_epoch_6":1.944551922116324}}
{"op_code":7,"worker_id":"3e94b683-ae18-4447-b4da-25c683094ecd-139725259157504","trial_id":28,"step":7,"intermediate_value":16.209221701246516}
{"op_code":8,"worker_id":"3e94b683-ae18-4447-b4da-25c683094ecd-139725259157504","trial_id":28,"user_attr":{"train_loss_epoch_7":1.8281370910145691}}
{"op_code":7,"worker_id":"3e94b683-ae18-4447-b4da-25c683094ecd-139725259157504","trial_id":28,"step":8,"intermediate_value":16.209221701246516}
{"op_code":8,"worker_id":"3e94b683-ae18-4447-b4da-25c683094ecd-139725259157504","trial_id":28,"user_attr":{"train_loss_epoch_8":1.62655988426087}}
{"op_code":7,"worker_id":"3e94b683-ae18-4447-b4da-25c683094ecd-139725259157504","trial_id":28,"step":9,"intermediate_value":16.209221701246516}
{"op_code":8,"worker_id":"3e94b683-ae18-4447-b4da-25c683094ecd-139725259157504","trial_id":28,"user_attr":{"train_loss_epoch_9":1.523455463252335}}
{"op_code":6,"worker_id":"3e94b683-ae18-4447-b4da-25c683094ecd-139725259157504","trial_id":28,"state":1,"values":[16.209221701246516],"datetime_complete":"2026-02-21T22:08:18.156130"}
{"op_code":4,"worker_id":"3e94b683-ae18-4447-b4da-25c683094ecd-139725259157504","study_id":0,"datetime_start":"2026-02-21T22:08:18.158172"}
{"op_code":5,"worker_id":"3e94b683-ae18-4447-b4da-25c683094ecd-139725259157504","trial_id":29,"param_name":"learning_rate","param_value_internal":11.852143656869297,"distribution":"{\"name\": \"FloatDistribution\", \"attributes\": {\"step\": null, \"low\": 0.03, \"high\": 20.0, \"log\": true}}"}
{"op_code":5,"worker_id":"3e94b683-ae18-4447-b4da-25c683094ecd-139725259157504","trial_id":29,"param_name":"transfer_lr","param_value_internal":0.006074758102045719,"distribution":"{\"name\": \"FloatDistribution\", \"attributes\": {\"step\": null, \"low\": 4e-06, \"high\": 0.008, \"log\": true}}"}
{"op_code":5,"worker_id":"3e94b683-ae18-4447-b4da-25c683094ecd-139725259157504","trial_id":29,"param_name":"transfer_every","param_value_internal":243.0,"distribution":"{\"name\": \"IntDistribution\", \"attributes\": {\"log\": true, \"step\": 1, \"low\": 63, \"high\": 35000}}"}
{"op_code":5,"worker_id":"3e94b683-ae18-4447-b4da-25c683094ecd-139725259157504","trial_id":29,"param_name":"rank_exp","param_value_internal":4.0,"distribution":"{\"name\": \"IntDistribution\", \"attributes\": {\"log\": false, \"step\": 1, \"low\": 0, \"high\": 5}}"}
{"op_code":5,"worker_id":"3e94b683-ae18-4447-b4da-25c683094ecd-139725259157504","trial_id":29,"param_name":"lora_alpha","param_value_internal":0.007973847156492072,"distribution":"{\"name\": \"FloatDistribution\", \"attributes\": {\"step\": null, \"low\": 6e-05, \"high\": 20.0, \"log\": true}}"}
{"op_code":5,"worker_id":"3e94b683-ae18-4447-b4da-25c683094ecd-139725259157504","trial_id":29,"param_name":"tau_sec","param_value_internal":0.0,"distribution":"{\"name\": \"FloatDistribution\", \"attributes\": {\"step\": null, \"low\": 0.0, \"high\": 0.0, \"log\": false}}"}
{"op_code":5,"worker_id":"3e94b683-ae18-4447-b4da-25c683094ecd-139725259157504","trial_id":29,"param_name":"out_noise","param_value_internal":0.0,"distribution":"{\"name\": \"FloatDistribution\", \"attributes\": {\"step\": null, \"low\": 0.0, \"high\": 0.0, \"log\": false}}"}
{"op_code":5,"worker_id":"3e94b683-ae18-4447-b4da-25c683094ecd-139725259157504","trial_id":29,"param_name":"ab_weight_scaling_omega","param_value_internal":0.0,"distribution":"{\"name\": \"FloatDistribution\", \"attributes\": {\"step\": null, \"low\": 0.0, \"high\": 0.0, \"log\": false}}"}
{"op_code":5,"worker_id":"3e94b683-ae18-4447-b4da-25c683094ecd-139725259157504","trial_id":29,"param_name":"min_lr_rate","param_value_internal":0.0,"distribution":"{\"name\": \"FloatDistribution\", \"attributes\": {\"step\": null, \"low\": 0.0, \"high\": 0.0, \"log\": false}}"}
{"op_code":7,"worker_id":"3e94b683-ae18-4447-b4da-25c683094ecd-139725259157504","trial_id":29,"step":1,"intermediate_value":2.232516488963146}
{"op_code":8,"worker_id":"3e94b683-ae18-4447-b4da-25c683094ecd-139725259157504","trial_id":29,"user_attr":{"train_loss_epoch_1":32.63573520829745}}
{"op_code":7,"worker_id":"3e94b683-ae18-4447-b4da-25c683094ecd-139725259157504","trial_id":29,"step":2,"intermediate_value":12.38207563060874}
{"op_code":8,"worker_id":"3e94b683-ae18-4447-b4da-25c683094ecd-139725259157504","trial_id":29,"user_attr":{"train_loss_epoch_2":64.37305108721011}}
{"op_code":7,"worker_id":"3e94b683-ae18-4447-b4da-25c683094ecd-139725259157504","trial_id":29,"step":3,"intermediate_value":12.38207563060874}
{"op_code":8,"worker_id":"3e94b683-ae18-4447-b4da-25c683094ecd-139725259157504","trial_id":29,"user_attr":{"train_loss_epoch_3":58.001875413021196}}
{"op_code":7,"worker_id":"3e94b683-ae18-4447-b4da-25c683094ecd-139725259157504","trial_id":29,"step":4,"intermediate_value":12.38207563060874}
{"op_code":8,"worker_id":"3e94b683-ae18-4447-b4da-25c683094ecd-139725259157504","trial_id":29,"user_attr":{"train_loss_epoch_4":49.751698446719445}}
{"op_code":7,"worker_id":"3e94b683-ae18-4447-b4da-25c683094ecd-139725259157504","trial_id":29,"step":5,"intermediate_value":12.38207563060874}
{"op_code":8,"worker_id":"3e94b683-ae18-4447-b4da-25c683094ecd-139725259157504","trial_id":29,"user_attr":{"train_loss_epoch_5":49.204358792082175}}
{"op_code":6,"worker_id":"3e94b683-ae18-4447-b4da-25c683094ecd-139725259157504","trial_id":29,"state":1,"values":[12.38207563060874],"datetime_complete":"2026-02-21T22:14:12.902663"}
{"op_code":4,"worker_id":"3e94b683-ae18-4447-b4da-25c683094ecd-139725259157504","study_id":0,"datetime_start":"2026-02-21T22:14:12.904574"}
{"op_code":5,"worker_id":"3e94b683-ae18-4447-b4da-25c683094ecd-139725259157504","trial_id":30,"param_name":"learning_rate","param_value_internal":0.3148787124104596,"distribution":"{\"name\": \"FloatDistribution\", \"attributes\": {\"step\": null, \"low\": 0.03, \"high\": 20.0, \"log\": true}}"}
{"op_code":5,"worker_id":"3e94b683-ae18-4447-b4da-25c683094ecd-139725259157504","trial_id":30,"param_name":"transfer_lr","param_value_internal":0.0007594727997033433,"distribution":"{\"name\": \"FloatDistribution\", \"attributes\": {\"step\": null, \"low\": 4e-06, \"high\": 0.008, \"log\": true}}"}
{"op_code":5,"worker_id":"3e94b683-ae18-4447-b4da-25c683094ecd-139725259157504","trial_id":30,"param_name":"transfer_every","param_value_internal":2006.0,"distribution":"{\"name\": \"IntDistribution\", \"attributes\": {\"log\": true, \"step\": 1, \"low\": 63, \"high\": 35000}}"}
{"op_code":5,"worker_id":"3e94b683-ae18-4447-b4da-25c683094ecd-139725259157504","trial_id":30,"param_name":"rank_exp","param_value_internal":5.0,"distribution":"{\"name\": \"IntDistribution\", \"attributes\": {\"log\": false, \"step\": 1, \"low\": 0, \"high\": 5}}"}
{"op_code":5,"worker_id":"3e94b683-ae18-4447-b4da-25c683094ecd-139725259157504","trial_id":30,"param_name":"lora_alpha","param_value_internal":0.815630549453131,"distribution":"{\"name\": \"FloatDistribution\", \"attributes\": {\"step\": null, \"low\": 6e-05, \"high\": 20.0, \"log\": true}}"}
{"op_code":5,"worker_id":"3e94b683-ae18-4447-b4da-25c683094ecd-139725259157504","trial_id":30,"param_name":"tau_sec","param_value_internal":0.0,"distribution":"{\"name\": \"FloatDistribution\", \"attributes\": {\"step\": null, \"low\": 0.0, \"high\": 0.0, \"log\": false}}"}
{"op_code":5,"worker_id":"3e94b683-ae18-4447-b4da-25c683094ecd-139725259157504","trial_id":30,"param_name":"out_noise","param_value_internal":0.0,"distribution":"{\"name\": \"FloatDistribution\", \"attributes\": {\"step\": null, \"low\": 0.0, \"high\": 0.0, \"log\": false}}"}
{"op_code":5,"worker_id":"3e94b683-ae18-4447-b4da-25c683094ecd-139725259157504","trial_id":30,"param_name":"ab_weight_scaling_omega","param_value_internal":0.0,"distribution":"{\"name\": \"FloatDistribution\", \"attributes\": {\"step\": null, \"low\": 0.0, \"high\": 0.0, \"log\": false}}"}
{"op_code":5,"worker_id":"3e94b683-ae18-4447-b4da-25c683094ecd-139725259157504","trial_id":30,"param_name":"min_lr_rate","param_value_internal":0.0,"distribution":"{\"name\": \"FloatDistribution\", \"attributes\": {\"step\": null, \"low\": 0.0, \"high\": 0.0, \"log\": false}}"}
{"op_code":7,"worker_id":"3e94b683-ae18-4447-b4da-25c683094ecd-139725259157504","trial_id":30,"step":1,"intermediate_value":0.0}
{"op_code":8,"worker_id":"3e94b683-ae18-4447-b4da-25c683094ecd-139725259157504","trial_id":30,"user_attr":{"train_loss_epoch_1":1.0439439065266993}}
{"op_code":7,"worker_id":"3e94b683-ae18-4447-b4da-25c683094ecd-139725259157504","trial_id":30,"step":2,"intermediate_value":0.0}
{"op_code":8,"worker_id":"3e94b683-ae18-4447-b4da-25c683094ecd-139725259157504","trial_id":30,"user_attr":{"train_loss_epoch_2":1.6978255175249912}}
{"op_code":7,"worker_id":"3e94b683-ae18-4447-b4da-25c683094ecd-139725259157504","trial_id":30,"step":3,"intermediate_value":0.0}
{"op_code":8,"worker_id":"3e94b683-ae18-4447-b4da-25c683094ecd-139725259157504","trial_id":30,"user_attr":{"train_loss_epoch_3":1.589594481091633}}
{"op_code":6,"worker_id":"3e94b683-ae18-4447-b4da-25c683094ecd-139725259157504","trial_id":30,"state":1,"values":[0.0],"datetime_complete":"2026-02-21T22:17:47.839154"}
{"op_code":4,"worker_id":"3e94b683-ae18-4447-b4da-25c683094ecd-139725259157504","study_id":0,"datetime_start":"2026-02-21T22:17:47.841600"}
{"op_code":5,"worker_id":"3e94b683-ae18-4447-b4da-25c683094ecd-139725259157504","trial_id":31,"param_name":"learning_rate","param_value_internal":0.04403574710346476,"distribution":"{\"name\": \"FloatDistribution\", \"attributes\": {\"step\": null, \"low\": 0.03, \"high\": 20.0, \"log\": true}}"}
{"op_code":5,"worker_id":"3e94b683-ae18-4447-b4da-25c683094ecd-139725259157504","trial_id":31,"param_name":"transfer_lr","param_value_internal":1.107916973087481e-05,"distribution":"{\"name\": \"FloatDistribution\", \"attributes\": {\"step\": null, \"low\": 4e-06, \"high\": 0.008, \"log\": true}}"}
{"op_code":5,"worker_id":"3e94b683-ae18-4447-b4da-25c683094ecd-139725259157504","trial_id":31,"param_name":"transfer_every","param_value_internal":85.0,"distribution":"{\"name\": \"IntDistribution\", \"attributes\": {\"log\": true, \"step\": 1, \"low\": 63, \"high\": 35000}}"}
{"op_code":5,"worker_id":"3e94b683-ae18-4447-b4da-25c683094ecd-139725259157504","trial_id":31,"param_name":"rank_exp","param_value_internal":4.0,"distribution":"{\"name\": \"IntDistribution\", \"attributes\": {\"log\": false, \"step\": 1, \"low\": 0, \"high\": 5}}"}
{"op_code":5,"worker_id":"3e94b683-ae18-4447-b4da-25c683094ecd-139725259157504","trial_id":31,"param_name":"lora_alpha","param_value_internal":0.07077983193235117,"distribution":"{\"name\": \"FloatDistribution\", \"attributes\": {\"step\": null, \"low\": 6e-05, \"high\": 20.0, \"log\": true}}"}
{"op_code":5,"worker_id":"3e94b683-ae18-4447-b4da-25c683094ecd-139725259157504","trial_id":31,"param_name":"tau_sec","param_value_internal":0.0,"distribution":"{\"name\": \"FloatDistribution\", \"attributes\": {\"step\": null, \"low\": 0.0, \"high\": 0.0, \"log\": false}}"}
{"op_code":5,"worker_id":"3e94b683-ae18-4447-b4da-25c683094ecd-139725259157504","trial_id":31,"param_name":"out_noise","param_value_internal":0.0,"distribution":"{\"name\": \"FloatDistribution\", \"attributes\": {\"step\": null, \"low\": 0.0, \"high\": 0.0, \"log\": false}}"}
{"op_code":5,"worker_id":"3e94b683-ae18-4447-b4da-25c683094ecd-139725259157504","trial_id":31,"param_name":"ab_weight_scaling_omega","param_value_internal":0.0,"distribution":"{\"name\": \"FloatDistribution\", \"attributes\": {\"step\": null, \"low\": 0.0, \"high\": 0.0, \"log\": false}}"}
{"op_code":5,"worker_id":"3e94b683-ae18-4447-b4da-25c683094ecd-139725259157504","trial_id":31,"param_name":"min_lr_rate","param_value_internal":0.0,"distribution":"{\"name\": \"FloatDistribution\", \"attributes\": {\"step\": null, \"low\": 0.0, \"high\": 0.0, \"log\": false}}"}
{"op_code":7,"worker_id":"3e94b683-ae18-4447-b4da-25c683094ecd-139725259157504","trial_id":31,"step":1,"intermediate_value":0.0}
{"op_code":8,"worker_id":"3e94b683-ae18-4447-b4da-25c683094ecd-139725259157504","trial_id":31,"user_attr":{"train_loss_epoch_1":0.6385894070440363}}
{"op_code":7,"worker_id":"3e94b683-ae18-4447-b4da-25c683094ecd-139725259157504","trial_id":31,"step":2,"intermediate_value":16.733506039827184}
{"op_code":8,"worker_id":"3e94b683-ae18-4447-b4da-25c683094ecd-139725259157504","trial_id":31,"user_attr":{"train_loss_epoch_2":0.6514637297001955}}
{"op_code":7,"worker_id":"3e94b683-ae18-4447-b4da-25c683094ecd-139725259157504","trial_id":31,"step":3,"intermediate_value":16.733506039827184}
{"op_code":8,"worker_id":"3e94b683-ae18-4447-b4da-25c683094ecd-139725259157504","trial_id":31,"user_attr":{"train_loss_epoch_3":0.637974467121552}}
{"op_code":7,"worker_id":"3e94b683-ae18-4447-b4da-25c683094ecd-139725259157504","trial_id":31,"step":4,"intermediate_value":16.733506039827184}
{"op_code":8,"worker_id":"3e94b683-ae18-4447-b4da-25c683094ecd-139725259157504","trial_id":31,"user_attr":{"train_loss_epoch_4":0.631106790008946}}
{"op_code":7,"worker_id":"3e94b683-ae18-4447-b4da-25c683094ecd-139725259157504","trial_id":31,"step":5,"intermediate_value":16.733506039827184}
{"op_code":8,"worker_id":"3e94b683-ae18-4447-b4da-25c683094ecd-139725259157504","trial_id":31,"user_attr":{"train_loss_epoch_5":0.6221104662273532}}
{"op_code":6,"worker_id":"3e94b683-ae18-4447-b4da-25c683094ecd-139725259157504","trial_id":31,"state":1,"values":[16.733506039827184],"datetime_complete":"2026-02-21T22:23:47.378450"}
{"op_code":4,"worker_id":"3e94b683-ae18-4447-b4da-25c683094ecd-139725259157504","study_id":0,"datetime_start":"2026-02-21T22:23:47.380259"}
{"op_code":5,"worker_id":"3e94b683-ae18-4447-b4da-25c683094ecd-139725259157504","trial_id":32,"param_name":"learning_rate","param_value_internal":14.416853581460018,"distribution":"{\"name\": \"FloatDistribution\", \"attributes\": {\"step\": null, \"low\": 0.03, \"high\": 20.0, \"log\": true}}"}
{"op_code":5,"worker_id":"3e94b683-ae18-4447-b4da-25c683094ecd-139725259157504","trial_id":32,"param_name":"transfer_lr","param_value_internal":1.7149112333603558e-05,"distribution":"{\"name\": \"FloatDistribution\", \"attributes\": {\"step\": null, \"low\": 4e-06, \"high\": 0.008, \"log\": true}}"}
{"op_code":5,"worker_id":"3e94b683-ae18-4447-b4da-25c683094ecd-139725259157504","trial_id":32,"param_name":"transfer_every","param_value_internal":28750.0,"distribution":"{\"name\": \"IntDistribution\", \"attributes\": {\"log\": true, \"step\": 1, \"low\": 63, \"high\": 35000}}"}
{"op_code":5,"worker_id":"3e94b683-ae18-4447-b4da-25c683094ecd-139725259157504","trial_id":32,"param_name":"rank_exp","param_value_internal":0.0,"distribution":"{\"name\": \"IntDistribution\", \"attributes\": {\"log\": false, \"step\": 1, \"low\": 0, \"high\": 5}}"}
{"op_code":5,"worker_id":"3e94b683-ae18-4447-b4da-25c683094ecd-139725259157504","trial_id":32,"param_name":"lora_alpha","param_value_internal":0.043900550033731355,"distribution":"{\"name\": \"FloatDistribution\", \"attributes\": {\"step\": null, \"low\": 6e-05, \"high\": 20.0, \"log\": true}}"}
{"op_code":5,"worker_id":"3e94b683-ae18-4447-b4da-25c683094ecd-139725259157504","trial_id":32,"param_name":"tau_sec","param_value_internal":0.0,"distribution":"{\"name\": \"FloatDistribution\", \"attributes\": {\"step\": null, \"low\": 0.0, \"high\": 0.0, \"log\": false}}"}
{"op_code":5,"worker_id":"3e94b683-ae18-4447-b4da-25c683094ecd-139725259157504","trial_id":32,"param_name":"out_noise","param_value_internal":0.0,"distribution":"{\"name\": \"FloatDistribution\", \"attributes\": {\"step\": null, \"low\": 0.0, \"high\": 0.0, \"log\": false}}"}
{"op_code":5,"worker_id":"3e94b683-ae18-4447-b4da-25c683094ecd-139725259157504","trial_id":32,"param_name":"ab_weight_scaling_omega","param_value_internal":0.0,"distribution":"{\"name\": \"FloatDistribution\", \"attributes\": {\"step\": null, \"low\": 0.0, \"high\": 0.0, \"log\": false}}"}
{"op_code":5,"worker_id":"3e94b683-ae18-4447-b4da-25c683094ecd-139725259157504","trial_id":32,"param_name":"min_lr_rate","param_value_internal":0.0,"distribution":"{\"name\": \"FloatDistribution\", \"attributes\": {\"step\": null, \"low\": 0.0, \"high\": 0.0, \"log\": false}}"}
{"op_code":7,"worker_id":"3e94b683-ae18-4447-b4da-25c683094ecd-139725259157504","trial_id":32,"step":1,"intermediate_value":0.0}
{"op_code":8,"worker_id":"3e94b683-ae18-4447-b4da-25c683094ecd-139725259157504","trial_id":32,"user_attr":{"train_loss_epoch_1":38.27659284132663}}
{"op_code":7,"worker_id":"3e94b683-ae18-4447-b4da-25c683094ecd-139725259157504","trial_id":32,"step":2,"intermediate_value":3.8654575776437397}
{"op_code":8,"worker_id":"3e94b683-ae18-4447-b4da-25c683094ecd-139725259157504","trial_id":32,"user_attr":{"train_loss_epoch_2":74.13758386830303}}
{"op_code":7,"worker_id":"3e94b683-ae18-4447-b4da-25c683094ecd-139725259157504","trial_id":32,"step":3,"intermediate_value":15.779502874570964}
{"op_code":8,"worker_id":"3e94b683-ae18-4447-b4da-25c683094ecd-139725259157504","trial_id":32,"user_attr":{"train_loss_epoch_3":65.76527115830751}}
{"op_code":7,"worker_id":"3e94b683-ae18-4447-b4da-25c683094ecd-139725259157504","trial_id":32,"step":4,"intermediate_value":15.779502874570964}
{"op_code":8,"worker_id":"3e94b683-ae18-4447-b4da-25c683094ecd-139725259157504","trial_id":32,"user_attr":{"train_loss_epoch_4":65.59445783401205}}
{"op_code":7,"worker_id":"3e94b683-ae18-4447-b4da-25c683094ecd-139725259157504","trial_id":32,"step":5,"intermediate_value":15.779502874570964}
{"op_code":8,"worker_id":"3e94b683-ae18-4447-b4da-25c683094ecd-139725259157504","trial_id":32,"user_attr":{"train_loss_epoch_5":58.646872194236686}}
{"op_code":7,"worker_id":"3e94b683-ae18-4447-b4da-25c683094ecd-139725259157504","trial_id":32,"step":6,"intermediate_value":15.779502874570964}
{"op_code":8,"worker_id":"3e94b683-ae18-4447-b4da-25c683094ecd-139725259157504","trial_id":32,"user_attr":{"train_loss_epoch_6":60.632891433595496}}
{"op_code":6,"worker_id":"3e94b683-ae18-4447-b4da-25c683094ecd-139725259157504","trial_id":32,"state":1,"values":[15.779502874570964],"datetime_complete":"2026-02-21T22:30:54.224030"}
{"op_code":4,"worker_id":"3e94b683-ae18-4447-b4da-25c683094ecd-139725259157504","study_id":0,"datetime_start":"2026-02-21T22:30:54.226256"}
{"op_code":5,"worker_id":"3e94b683-ae18-4447-b4da-25c683094ecd-139725259157504","trial_id":33,"param_name":"learning_rate","param_value_internal":19.995962501087746,"distribution":"{\"name\": \"FloatDistribution\", \"attributes\": {\"step\": null, \"low\": 0.03, \"high\": 20.0, \"log\": true}}"}
{"op_code":5,"worker_id":"3e94b683-ae18-4447-b4da-25c683094ecd-139725259157504","trial_id":33,"param_name":"transfer_lr","param_value_internal":0.0005991992146689511,"distribution":"{\"name\": \"FloatDistribution\", \"attributes\": {\"step\": null, \"low\": 4e-06, \"high\": 0.008, \"log\": true}}"}
{"op_code":5,"worker_id":"3e94b683-ae18-4447-b4da-25c683094ecd-139725259157504","trial_id":33,"param_name":"transfer_every","param_value_internal":17475.0,"distribution":"{\"name\": \"IntDistribution\", \"attributes\": {\"log\": true, \"step\": 1, \"low\": 63, \"high\": 35000}}"}
{"op_code":5,"worker_id":"3e94b683-ae18-4447-b4da-25c683094ecd-139725259157504","trial_id":33,"param_name":"rank_exp","param_value_internal":4.0,"distribution":"{\"name\": \"IntDistribution\", \"attributes\": {\"log\": false, \"step\": 1, \"low\": 0, \"high\": 5}}"}
{"op_code":5,"worker_id":"3e94b683-ae18-4447-b4da-25c683094ecd-139725259157504","trial_id":33,"param_name":"lora_alpha","param_value_internal":0.05565720634712527,"distribution":"{\"name\": \"FloatDistribution\", \"attributes\": {\"step\": null, \"low\": 6e-05, \"high\": 20.0, \"log\": true}}"}
{"op_code":5,"worker_id":"3e94b683-ae18-4447-b4da-25c683094ecd-139725259157504","trial_id":33,"param_name":"tau_sec","param_value_internal":0.0,"distribution":"{\"name\": \"FloatDistribution\", \"attributes\": {\"step\": null, \"low\": 0.0, \"high\": 0.0, \"log\": false}}"}
{"op_code":5,"worker_id":"3e94b683-ae18-4447-b4da-25c683094ecd-139725259157504","trial_id":33,"param_name":"out_noise","param_value_internal":0.0,"distribution":"{\"name\": \"FloatDistribution\", \"attributes\": {\"step\": null, \"low\": 0.0, \"high\": 0.0, \"log\": false}}"}
{"op_code":5,"worker_id":"3e94b683-ae18-4447-b4da-25c683094ecd-139725259157504","trial_id":33,"param_name":"ab_weight_scaling_omega","param_value_internal":0.0,"distribution":"{\"name\": \"FloatDistribution\", \"attributes\": {\"step\": null, \"low\": 0.0, \"high\": 0.0, \"log\": false}}"}
{"op_code":5,"worker_id":"3e94b683-ae18-4447-b4da-25c683094ecd-139725259157504","trial_id":33,"param_name":"min_lr_rate","param_value_internal":0.0,"distribution":"{\"name\": \"FloatDistribution\", \"attributes\": {\"step\": null, \"low\": 0.0, \"high\": 0.0, \"log\": false}}"}
{"op_code":7,"worker_id":"3e94b683-ae18-4447-b4da-25c683094ecd-139725259157504","trial_id":33,"step":1,"intermediate_value":0.0}
{"op_code":8,"worker_id":"3e94b683-ae18-4447-b4da-25c683094ecd-139725259157504","trial_id":33,"user_attr":{"train_loss_epoch_1":57.97024045469605}}
{"op_code":7,"worker_id":"3e94b683-ae18-4447-b4da-25c683094ecd-139725259157504","trial_id":33,"step":2,"intermediate_value":9.42655490289981}
{"op_code":8,"worker_id":"3e94b683-ae18-4447-b4da-25c683094ecd-139725259157504","trial_id":33,"user_attr":{"train_loss_epoch_2":96.91147498549702}}
{"op_code":7,"worker_id":"3e94b683-ae18-4447-b4da-25c683094ecd-139725259157504","trial_id":33,"step":3,"intermediate_value":9.889421958397648}
{"op_code":8,"worker_id":"3e94b683-ae18-4447-b4da-25c683094ecd-139725259157504","trial_id":33,"user_attr":{"train_loss_epoch_3":106.8295948942131}}
{"op_code":7,"worker_id":"3e94b683-ae18-4447-b4da-25c683094ecd-139725259157504","trial_id":33,"step":4,"intermediate_value":9.889421958397648}
{"op_code":8,"worker_id":"3e94b683-ae18-4447-b4da-25c683094ecd-139725259157504","trial_id":33,"user_attr":{"train_loss_epoch_4":87.02552383068566}}
{"op_code":7,"worker_id":"3e94b683-ae18-4447-b4da-25c683094ecd-139725259157504","trial_id":33,"step":5,"intermediate_value":9.889421958397648}
{"op_code":8,"worker_id":"3e94b683-ae18-4447-b4da-25c683094ecd-139725259157504","trial_id":33,"user_attr":{"train_loss_epoch_5":78.30019332627269}}
{"op_code":7,"worker_id":"3e94b683-ae18-4447-b4da-25c683094ecd-139725259157504","trial_id":33,"step":6,"intermediate_value":14.419409386934227}
{"op_code":8,"worker_id":"3e94b683-ae18-4447-b4da-25c683094ecd-139725259157504","trial_id":33,"user_attr":{"train_loss_epoch_6":75.31081650658189}}
{"op_code":7,"worker_id":"3e94b683-ae18-4447-b4da-25c683094ecd-139725259157504","trial_id":33,"step":7,"intermediate_value":14.419409386934227}
{"op_code":8,"worker_id":"3e94b683-ae18-4447-b4da-25c683094ecd-139725259157504","trial_id":33,"user_attr":{"train_loss_epoch_7":76.69299485750288}}
{"op_code":7,"worker_id":"3e94b683-ae18-4447-b4da-25c683094ecd-139725259157504","trial_id":33,"step":8,"intermediate_value":14.419409386934227}
{"op_code":8,"worker_id":"3e94b683-ae18-4447-b4da-25c683094ecd-139725259157504","trial_id":33,"user_attr":{"train_loss_epoch_8":70.11538647197852}}
{"op_code":7,"worker_id":"3e94b683-ae18-4447-b4da-25c683094ecd-139725259157504","trial_id":33,"step":9,"intermediate_value":14.419409386934227}
{"op_code":8,"worker_id":"3e94b683-ae18-4447-b4da-25c683094ecd-139725259157504","trial_id":33,"user_attr":{"train_loss_epoch_9":63.984744121872374}}
{"op_code":6,"worker_id":"3e94b683-ae18-4447-b4da-25c683094ecd-139725259157504","trial_id":33,"state":1,"values":[14.419409386934227],"datetime_complete":"2026-02-21T22:41:46.077776"}
{"op_code":4,"worker_id":"3e94b683-ae18-4447-b4da-25c683094ecd-139725259157504","study_id":0,"datetime_start":"2026-02-21T22:41:46.079685"}
{"op_code":5,"worker_id":"3e94b683-ae18-4447-b4da-25c683094ecd-139725259157504","trial_id":34,"param_name":"learning_rate","param_value_internal":17.69143728533633,"distribution":"{\"name\": \"FloatDistribution\", \"attributes\": {\"step\": null, \"low\": 0.03, \"high\": 20.0, \"log\": true}}"}
{"op_code":5,"worker_id":"3e94b683-ae18-4447-b4da-25c683094ecd-139725259157504","trial_id":34,"param_name":"transfer_lr","param_value_internal":0.007774658272400358,"distribution":"{\"name\": \"FloatDistribution\", \"attributes\": {\"step\": null, \"low\": 4e-06, \"high\": 0.008, \"log\": true}}"}
{"op_code":5,"worker_id":"3e94b683-ae18-4447-b4da-25c683094ecd-139725259157504","trial_id":34,"param_name":"transfer_every","param_value_internal":16990.0,"distribution":"{\"name\": \"IntDistribution\", \"attributes\": {\"log\": true, \"step\": 1, \"low\": 63, \"high\": 35000}}"}
{"op_code":5,"worker_id":"3e94b683-ae18-4447-b4da-25c683094ecd-139725259157504","trial_id":34,"param_name":"rank_exp","param_value_internal":5.0,"distribution":"{\"name\": \"IntDistribution\", \"attributes\": {\"log\": false, \"step\": 1, \"low\": 0, \"high\": 5}}"}
{"op_code":5,"worker_id":"3e94b683-ae18-4447-b4da-25c683094ecd-139725259157504","trial_id":34,"param_name":"lora_alpha","param_value_internal":0.12299736807405119,"distribution":"{\"name\": \"FloatDistribution\", \"attributes\": {\"step\": null, \"low\": 6e-05, \"high\": 20.0, \"log\": true}}"}
{"op_code":5,"worker_id":"3e94b683-ae18-4447-b4da-25c683094ecd-139725259157504","trial_id":34,"param_name":"tau_sec","param_value_internal":0.0,"distribution":"{\"name\": \"FloatDistribution\", \"attributes\": {\"step\": null, \"low\": 0.0, \"high\": 0.0, \"log\": false}}"}
{"op_code":5,"worker_id":"3e94b683-ae18-4447-b4da-25c683094ecd-139725259157504","trial_id":34,"param_name":"out_noise","param_value_internal":0.0,"distribution":"{\"name\": \"FloatDistribution\", \"attributes\": {\"step\": null, \"low\": 0.0, \"high\": 0.0, \"log\": false}}"}
{"op_code":5,"worker_id":"3e94b683-ae18-4447-b4da-25c683094ecd-139725259157504","trial_id":34,"param_name":"ab_weight_scaling_omega","param_value_internal":0.0,"distribution":"{\"name\": \"FloatDistribution\", \"attributes\": {\"step\": null, \"low\": 0.0, \"high\": 0.0, \"log\": false}}"}
{"op_code":5,"worker_id":"3e94b683-ae18-4447-b4da-25c683094ecd-139725259157504","trial_id":34,"param_name":"min_lr_rate","param_value_internal":0.0,"distribution":"{\"name\": \"FloatDistribution\", \"attributes\": {\"step\": null, \"low\": 0.0, \"high\": 0.0, \"log\": false}}"}
{"op_code":7,"worker_id":"3e94b683-ae18-4447-b4da-25c683094ecd-139725259157504","trial_id":34,"step":1,"intermediate_value":0.0}
{"op_code":8,"worker_id":"3e94b683-ae18-4447-b4da-25c683094ecd-139725259157504","trial_id":34,"user_attr":{"train_loss_epoch_1":52.00475311635811}}
{"op_code":7,"worker_id":"3e94b683-ae18-4447-b4da-25c683094ecd-139725259157504","trial_id":34,"step":2,"intermediate_value":7.55116047011407}
{"op_code":8,"worker_id":"3e94b683-ae18-4447-b4da-25c683094ecd-139725259157504","trial_id":34,"user_attr":{"train_loss_epoch_2":100.22951986188086}}
{"op_code":7,"worker_id":"3e94b683-ae18-4447-b4da-25c683094ecd-139725259157504","trial_id":34,"step":3,"intermediate_value":17.56873022758726}
{"op_code":8,"worker_id":"3e94b683-ae18-4447-b4da-25c683094ecd-139725259157504","trial_id":34,"user_attr":{"train_loss_epoch_3":86.65764693503625}}
{"op_code":7,"worker_id":"3e94b683-ae18-4447-b4da-25c683094ecd-139725259157504","trial_id":34,"step":4,"intermediate_value":17.56873022758726}
{"op_code":8,"worker_id":"3e94b683-ae18-4447-b4da-25c683094ecd-139725259157504","trial_id":34,"user_attr":{"train_loss_epoch_4":79.35895515691455}}
{"op_code":7,"worker_id":"3e94b683-ae18-4447-b4da-25c683094ecd-139725259157504","trial_id":34,"step":5,"intermediate_value":17.56873022758726}
{"op_code":8,"worker_id":"3e94b683-ae18-4447-b4da-25c683094ecd-139725259157504","trial_id":34,"user_attr":{"train_loss_epoch_5":74.62041677671058}}
{"op_code":7,"worker_id":"3e94b683-ae18-4447-b4da-25c683094ecd-139725259157504","trial_id":34,"step":6,"intermediate_value":17.56873022758726}
{"op_code":8,"worker_id":"3e94b683-ae18-4447-b4da-25c683094ecd-139725259157504","trial_id":34,"user_attr":{"train_loss_epoch_6":70.37563750275942}}
{"op_code":6,"worker_id":"3e94b683-ae18-4447-b4da-25c683094ecd-139725259157504","trial_id":34,"state":1,"values":[17.56873022758726],"datetime_complete":"2026-02-21T22:48:48.856347"}
{"op_code":4,"worker_id":"3e94b683-ae18-4447-b4da-25c683094ecd-139725259157504","study_id":0,"datetime_start":"2026-02-21T22:48:48.859356"}
{"op_code":5,"worker_id":"3e94b683-ae18-4447-b4da-25c683094ecd-139725259157504","trial_id":35,"param_name":"learning_rate","param_value_internal":0.15028280211800468,"distribution":"{\"name\": \"FloatDistribution\", \"attributes\": {\"step\": null, \"low\": 0.03, \"high\": 20.0, \"log\": true}}"}
{"op_code":5,"worker_id":"3e94b683-ae18-4447-b4da-25c683094ecd-139725259157504","trial_id":35,"param_name":"transfer_lr","param_value_internal":2.963312182249536e-05,"distribution":"{\"name\": \"FloatDistribution\", \"attributes\": {\"step\": null, \"low\": 4e-06, \"high\": 0.008, \"log\": true}}"}
{"op_code":5,"worker_id":"3e94b683-ae18-4447-b4da-25c683094ecd-139725259157504","trial_id":35,"param_name":"transfer_every","param_value_internal":4719.0,"distribution":"{\"name\": \"IntDistribution\", \"attributes\": {\"log\": true, \"step\": 1, \"low\": 63, \"high\": 35000}}"}
{"op_code":5,"worker_id":"3e94b683-ae18-4447-b4da-25c683094ecd-139725259157504","trial_id":35,"param_name":"rank_exp","param_value_internal":5.0,"distribution":"{\"name\": \"IntDistribution\", \"attributes\": {\"log\": false, \"step\": 1, \"low\": 0, \"high\": 5}}"}
{"op_code":5,"worker_id":"3e94b683-ae18-4447-b4da-25c683094ecd-139725259157504","trial_id":35,"param_name":"lora_alpha","param_value_internal":0.0005110279057352325,"distribution":"{\"name\": \"FloatDistribution\", \"attributes\": {\"step\": null, \"low\": 6e-05, \"high\": 20.0, \"log\": true}}"}
{"op_code":5,"worker_id":"3e94b683-ae18-4447-b4da-25c683094ecd-139725259157504","trial_id":35,"param_name":"tau_sec","param_value_internal":0.0,"distribution":"{\"name\": \"FloatDistribution\", \"attributes\": {\"step\": null, \"low\": 0.0, \"high\": 0.0, \"log\": false}}"}
{"op_code":5,"worker_id":"3e94b683-ae18-4447-b4da-25c683094ecd-139725259157504","trial_id":35,"param_name":"out_noise","param_value_internal":0.0,"distribution":"{\"name\": \"FloatDistribution\", \"attributes\": {\"step\": null, \"low\": 0.0, \"high\": 0.0, \"log\": false}}"}
{"op_code":5,"worker_id":"3e94b683-ae18-4447-b4da-25c683094ecd-139725259157504","trial_id":35,"param_name":"ab_weight_scaling_omega","param_value_internal":0.0,"distribution":"{\"name\": \"FloatDistribution\", \"attributes\": {\"step\": null, \"low\": 0.0, \"high\": 0.0, \"log\": false}}"}
{"op_code":5,"worker_id":"3e94b683-ae18-4447-b4da-25c683094ecd-139725259157504","trial_id":35,"param_name":"min_lr_rate","param_value_internal":0.0,"distribution":"{\"name\": \"FloatDistribution\", \"attributes\": {\"step\": null, \"low\": 0.0, \"high\": 0.0, \"log\": false}}"}
{"op_code":7,"worker_id":"3e94b683-ae18-4447-b4da-25c683094ecd-139725259157504","trial_id":35,"step":1,"intermediate_value":11.533326557448428}
{"op_code":8,"worker_id":"3e94b683-ae18-4447-b4da-25c683094ecd-139725259157504","trial_id":35,"user_attr":{"train_loss_epoch_1":0.7642348293389115}}
{"op_code":7,"worker_id":"3e94b683-ae18-4447-b4da-25c683094ecd-139725259157504","trial_id":35,"step":2,"intermediate_value":11.533326557448428}
{"op_code":8,"worker_id":"3e94b683-ae18-4447-b4da-25c683094ecd-139725259157504","trial_id":35,"user_attr":{"train_loss_epoch_2":0.961556836266384}}
{"op_code":7,"worker_id":"3e94b683-ae18-4447-b4da-25c683094ecd-139725259157504","trial_id":35,"step":3,"intermediate_value":13.18922093336069}
{"op_code":8,"worker_id":"3e94b683-ae18-4447-b4da-25c683094ecd-139725259157504","trial_id":35,"user_attr":{"train_loss_epoch_3":0.9233127718356168}}
{"op_code":7,"worker_id":"3e94b683-ae18-4447-b4da-25c683094ecd-139725259157504","trial_id":35,"step":4,"intermediate_value":19.6410290603308}
{"op_code":8,"worker_id":"3e94b683-ae18-4447-b4da-25c683094ecd-139725259157504","trial_id":35,"user_attr":{"train_loss_epoch_4":0.897198915161262}}
{"op_code":7,"worker_id":"3e94b683-ae18-4447-b4da-25c683094ecd-139725259157504","trial_id":35,"step":5,"intermediate_value":19.6410290603308}
{"op_code":8,"worker_id":"3e94b683-ae18-4447-b4da-25c683094ecd-139725259157504","trial_id":35,"user_attr":{"train_loss_epoch_5":0.8506397314160784}}
{"op_code":7,"worker_id":"3e94b683-ae18-4447-b4da-25c683094ecd-139725259157504","trial_id":35,"step":6,"intermediate_value":19.6410290603308}
{"op_code":8,"worker_id":"3e94b683-ae18-4447-b4da-25c683094ecd-139725259157504","trial_id":35,"user_attr":{"train_loss_epoch_6":0.8126136783963052}}
{"op_code":7,"worker_id":"3e94b683-ae18-4447-b4da-25c683094ecd-139725259157504","trial_id":35,"step":7,"intermediate_value":19.6410290603308}
{"op_code":8,"worker_id":"3e94b683-ae18-4447-b4da-25c683094ecd-139725259157504","trial_id":35,"user_attr":{"train_loss_epoch_7":0.8053288153677344}}
{"op_code":6,"worker_id":"3e94b683-ae18-4447-b4da-25c683094ecd-139725259157504","trial_id":35,"state":1,"values":[19.6410290603308],"datetime_complete":"2026-02-21T22:57:02.158172"}
{"op_code":4,"worker_id":"3e94b683-ae18-4447-b4da-25c683094ecd-139725259157504","study_id":0,"datetime_start":"2026-02-21T22:57:02.159893"}
{"op_code":5,"worker_id":"3e94b683-ae18-4447-b4da-25c683094ecd-139725259157504","trial_id":36,"param_name":"learning_rate","param_value_internal":0.18259689571005247,"distribution":"{\"name\": \"FloatDistribution\", \"attributes\": {\"step\": null, \"low\": 0.03, \"high\": 20.0, \"log\": true}}"}
{"op_code":5,"worker_id":"3e94b683-ae18-4447-b4da-25c683094ecd-139725259157504","trial_id":36,"param_name":"transfer_lr","param_value_internal":1.0053418169195045e-05,"distribution":"{\"name\": \"FloatDistribution\", \"attributes\": {\"step\": null, \"low\": 4e-06, \"high\": 0.008, \"log\": true}}"}
{"op_code":5,"worker_id":"3e94b683-ae18-4447-b4da-25c683094ecd-139725259157504","trial_id":36,"param_name":"transfer_every","param_value_internal":2850.0,"distribution":"{\"name\": \"IntDistribution\", \"attributes\": {\"log\": true, \"step\": 1, \"low\": 63, \"high\": 35000}}"}
{"op_code":5,"worker_id":"3e94b683-ae18-4447-b4da-25c683094ecd-139725259157504","trial_id":36,"param_name":"rank_exp","param_value_internal":4.0,"distribution":"{\"name\": \"IntDistribution\", \"attributes\": {\"log\": false, \"step\": 1, \"low\": 0, \"high\": 5}}"}
{"op_code":5,"worker_id":"3e94b683-ae18-4447-b4da-25c683094ecd-139725259157504","trial_id":36,"param_name":"lora_alpha","param_value_internal":0.007014947217468611,"distribution":"{\"name\": \"FloatDistribution\", \"attributes\": {\"step\": null, \"low\": 6e-05, \"high\": 20.0, \"log\": true}}"}
{"op_code":5,"worker_id":"3e94b683-ae18-4447-b4da-25c683094ecd-139725259157504","trial_id":36,"param_name":"tau_sec","param_value_internal":0.0,"distribution":"{\"name\": \"FloatDistribution\", \"attributes\": {\"step\": null, \"low\": 0.0, \"high\": 0.0, \"log\": false}}"}
{"op_code":5,"worker_id":"3e94b683-ae18-4447-b4da-25c683094ecd-139725259157504","trial_id":36,"param_name":"out_noise","param_value_internal":0.0,"distribution":"{\"name\": \"FloatDistribution\", \"attributes\": {\"step\": null, \"low\": 0.0, \"high\": 0.0, \"log\": false}}"}
{"op_code":5,"worker_id":"3e94b683-ae18-4447-b4da-25c683094ecd-139725259157504","trial_id":36,"param_name":"ab_weight_scaling_omega","param_value_internal":0.0,"distribution":"{\"name\": \"FloatDistribution\", \"attributes\": {\"step\": null, \"low\": 0.0, \"high\": 0.0, \"log\": false}}"}
{"op_code":5,"worker_id":"3e94b683-ae18-4447-b4da-25c683094ecd-139725259157504","trial_id":36,"param_name":"min_lr_rate","param_value_internal":0.0,"distribution":"{\"name\": \"FloatDistribution\", \"attributes\": {\"step\": null, \"low\": 0.0, \"high\": 0.0, \"log\": false}}"}
{"op_code":7,"worker_id":"3e94b683-ae18-4447-b4da-25c683094ecd-139725259157504","trial_id":36,"step":1,"intermediate_value":10.01763478461779}
{"op_code":8,"worker_id":"3e94b683-ae18-4447-b4da-25c683094ecd-139725259157504","trial_id":36,"user_attr":{"train_loss_epoch_1":0.8055532472852235}}
{"op_code":7,"worker_id":"3e94b683-ae18-4447-b4da-25c683094ecd-139725259157504","trial_id":36,"step":2,"intermediate_value":10.01763478461779}
{"op_code":8,"worker_id":"3e94b683-ae18-4447-b4da-25c683094ecd-139725259157504","trial_id":36,"user_attr":{"train_loss_epoch_2":1.0915230503706175}}
{"op_code":7,"worker_id":"3e94b683-ae18-4447-b4da-25c683094ecd-139725259157504","trial_id":36,"step":3,"intermediate_value":10.01763478461779}
{"op_code":8,"worker_id":"3e94b683-ae18-4447-b4da-25c683094ecd-139725259157504","trial_id":36,"user_attr":{"train_loss_epoch_3":1.0369004278818024}}
{"op_code":7,"worker_id":"3e94b683-ae18-4447-b4da-25c683094ecd-139725259157504","trial_id":36,"step":4,"intermediate_value":13.320549462902708}
{"op_code":8,"worker_id":"3e94b683-ae18-4447-b4da-25c683094ecd-139725259157504","trial_id":36,"user_attr":{"train_loss_epoch_4":0.9934823369450658}}
{"op_code":7,"worker_id":"3e94b683-ae18-4447-b4da-25c683094ecd-139725259157504","trial_id":36,"step":5,"intermediate_value":13.320549462902708}
{"op_code":8,"worker_id":"3e94b683-ae18-4447-b4da-25c683094ecd-139725259157504","trial_id":36,"user_attr":{"train_loss_epoch_5":0.9498217109486321}}
{"op_code":7,"worker_id":"3e94b683-ae18-4447-b4da-25c683094ecd-139725259157504","trial_id":36,"step":6,"intermediate_value":13.320549462902708}
{"op_code":8,"worker_id":"3e94b683-ae18-4447-b4da-25c683094ecd-139725259157504","trial_id":36,"user_attr":{"train_loss_epoch_6":0.9211157235308228}}
{"op_code":7,"worker_id":"3e94b683-ae18-4447-b4da-25c683094ecd-139725259157504","trial_id":36,"step":7,"intermediate_value":15.23345809351081}
{"op_code":8,"worker_id":"3e94b683-ae18-4447-b4da-25c683094ecd-139725259157504","trial_id":36,"user_attr":{"train_loss_epoch_7":0.8959488571664997}}
{"op_code":7,"worker_id":"3e94b683-ae18-4447-b4da-25c683094ecd-139725259157504","trial_id":36,"step":8,"intermediate_value":15.23345809351081}
{"op_code":8,"worker_id":"3e94b683-ae18-4447-b4da-25c683094ecd-139725259157504","trial_id":36,"user_attr":{"train_loss_epoch_8":0.8402085025733876}}
{"op_code":7,"worker_id":"3e94b683-ae18-4447-b4da-25c683094ecd-139725259157504","trial_id":36,"step":9,"intermediate_value":18.074042640714563}
{"op_code":8,"worker_id":"3e94b683-ae18-4447-b4da-25c683094ecd-139725259157504","trial_id":36,"user_attr":{"train_loss_epoch_9":0.8159352618052024}}
{"op_code":7,"worker_id":"3e94b683-ae18-4447-b4da-25c683094ecd-139725259157504","trial_id":36,"step":10,"intermediate_value":18.074042640714563}
{"op_code":8,"worker_id":"3e94b683-ae18-4447-b4da-25c683094ecd-139725259157504","trial_id":36,"user_attr":{"train_loss_epoch_10":0.7931049072575347}}
{"op_code":7,"worker_id":"3e94b683-ae18-4447-b4da-25c683094ecd-139725259157504","trial_id":36,"step":11,"intermediate_value":18.074042640714563}
{"op_code":8,"worker_id":"3e94b683-ae18-4447-b4da-25c683094ecd-139725259157504","trial_id":36,"user_attr":{"train_loss_epoch_11":0.7531304808420556}}
{"op_code":7,"worker_id":"3e94b683-ae18-4447-b4da-25c683094ecd-139725259157504","trial_id":36,"step":12,"intermediate_value":21.058788020044812}
{"op_code":8,"worker_id":"3e94b683-ae18-4447-b4da-25c683094ecd-139725259157504","trial_id":36,"user_attr":{"train_loss_epoch_12":0.7261679886100448}}
{"op_code":7,"worker_id":"3e94b683-ae18-4447-b4da-25c683094ecd-139725259157504","trial_id":36,"step":13,"intermediate_value":21.058788020044812}
{"op_code":8,"worker_id":"3e94b683-ae18-4447-b4da-25c683094ecd-139725259157504","trial_id":36,"user_attr":{"train_loss_epoch_13":0.6990574638698702}}
{"op_code":7,"worker_id":"3e94b683-ae18-4447-b4da-25c683094ecd-139725259157504","trial_id":36,"step":14,"intermediate_value":22.555460457924905}
{"op_code":8,"worker_id":"3e94b683-ae18-4447-b4da-25c683094ecd-139725259157504","trial_id":36,"user_attr":{"train_loss_epoch_14":0.6776031451247563}}
{"op_code":7,"worker_id":"3e94b683-ae18-4447-b4da-25c683094ecd-139725259157504","trial_id":36,"step":15,"intermediate_value":22.555460457924905}
{"op_code":8,"worker_id":"3e94b683-ae18-4447-b4da-25c683094ecd-139725259157504","trial_id":36,"user_attr":{"train_loss_epoch_15":0.660910271567719}}
{"op_code":7,"worker_id":"3e94b683-ae18-4447-b4da-25c683094ecd-139725259157504","trial_id":36,"step":16,"intermediate_value":22.555460457924905}
{"op_code":8,"worker_id":"3e94b683-ae18-4447-b4da-25c683094ecd-139725259157504","trial_id":36,"user_attr":{"train_loss_epoch_16":0.6327587393678238}}
{"op_code":7,"worker_id":"3e94b683-ae18-4447-b4da-25c683094ecd-139725259157504","trial_id":36,"step":17,"intermediate_value":22.555460457924905}
{"op_code":8,"worker_id":"3e94b683-ae18-4447-b4da-25c683094ecd-139725259157504","trial_id":36,"user_attr":{"train_loss_epoch_17":0.6217893847516764}}
{"op_code":6,"worker_id":"3e94b683-ae18-4447-b4da-25c683094ecd-139725259157504","trial_id":36,"state":1,"values":[22.555460457924905],"datetime_complete":"2026-02-21T23:16:56.740731"}
{"op_code":4,"worker_id":"3e94b683-ae18-4447-b4da-25c683094ecd-139725259157504","study_id":0,"datetime_start":"2026-02-21T23:16:56.742659"}
{"op_code":5,"worker_id":"3e94b683-ae18-4447-b4da-25c683094ecd-139725259157504","trial_id":37,"param_name":"learning_rate","param_value_internal":0.46324769958447043,"distribution":"{\"name\": \"FloatDistribution\", \"attributes\": {\"step\": null, \"low\": 0.03, \"high\": 20.0, \"log\": true}}"}
{"op_code":5,"worker_id":"3e94b683-ae18-4447-b4da-25c683094ecd-139725259157504","trial_id":37,"param_name":"transfer_lr","param_value_internal":0.0005975400259289406,"distribution":"{\"name\": \"FloatDistribution\", \"attributes\": {\"step\": null, \"low\": 4e-06, \"high\": 0.008, \"log\": true}}"}
{"op_code":5,"worker_id":"3e94b683-ae18-4447-b4da-25c683094ecd-139725259157504","trial_id":37,"param_name":"transfer_every","param_value_internal":149.0,"distribution":"{\"name\": \"IntDistribution\", \"attributes\": {\"log\": true, \"step\": 1, \"low\": 63, \"high\": 35000}}"}
{"op_code":5,"worker_id":"3e94b683-ae18-4447-b4da-25c683094ecd-139725259157504","trial_id":37,"param_name":"rank_exp","param_value_internal":3.0,"distribution":"{\"name\": \"IntDistribution\", \"attributes\": {\"log\": false, \"step\": 1, \"low\": 0, \"high\": 5}}"}
{"op_code":5,"worker_id":"3e94b683-ae18-4447-b4da-25c683094ecd-139725259157504","trial_id":37,"param_name":"lora_alpha","param_value_internal":14.450819038898622,"distribution":"{\"name\": \"FloatDistribution\", \"attributes\": {\"step\": null, \"low\": 6e-05, \"high\": 20.0, \"log\": true}}"}
{"op_code":5,"worker_id":"3e94b683-ae18-4447-b4da-25c683094ecd-139725259157504","trial_id":37,"param_name":"tau_sec","param_value_internal":0.0,"distribution":"{\"name\": \"FloatDistribution\", \"attributes\": {\"step\": null, \"low\": 0.0, \"high\": 0.0, \"log\": false}}"}
{"op_code":5,"worker_id":"3e94b683-ae18-4447-b4da-25c683094ecd-139725259157504","trial_id":37,"param_name":"out_noise","param_value_internal":0.0,"distribution":"{\"name\": \"FloatDistribution\", \"attributes\": {\"step\": null, \"low\": 0.0, \"high\": 0.0, \"log\": false}}"}
{"op_code":5,"worker_id":"3e94b683-ae18-4447-b4da-25c683094ecd-139725259157504","trial_id":37,"param_name":"ab_weight_scaling_omega","param_value_internal":0.0,"distribution":"{\"name\": \"FloatDistribution\", \"attributes\": {\"step\": null, \"low\": 0.0, \"high\": 0.0, \"log\": false}}"}
{"op_code":5,"worker_id":"3e94b683-ae18-4447-b4da-25c683094ecd-139725259157504","trial_id":37,"param_name":"min_lr_rate","param_value_internal":0.0,"distribution":"{\"name\": \"FloatDistribution\", \"attributes\": {\"step\": null, \"low\": 0.0, \"high\": 0.0, \"log\": false}}"}
{"op_code":7,"worker_id":"3e94b683-ae18-4447-b4da-25c683094ecd-139725259157504","trial_id":37,"step":1,"intermediate_value":0.0}
{"op_code":8,"worker_id":"3e94b683-ae18-4447-b4da-25c683094ecd-139725259157504","trial_id":37,"user_attr":{"train_loss_epoch_1":1.3922811131625192}}
{"op_code":7,"worker_id":"3e94b683-ae18-4447-b4da-25c683094ecd-139725259157504","trial_id":37,"step":2,"intermediate_value":6.807841892721529}
{"op_code":8,"worker_id":"3e94b683-ae18-4447-b4da-25c683094ecd-139725259157504","trial_id":37,"user_attr":{"train_loss_epoch_2":2.420990108329559}}
{"op_code":7,"worker_id":"3e94b683-ae18-4447-b4da-25c683094ecd-139725259157504","trial_id":37,"step":3,"intermediate_value":6.807841892721529}
{"op_code":8,"worker_id":"3e94b683-ae18-4447-b4da-25c683094ecd-139725259157504","trial_id":37,"user_attr":{"train_loss_epoch_3":2.3119595669712405}}
{"op_code":7,"worker_id":"3e94b683-ae18-4447-b4da-25c683094ecd-139725259157504","trial_id":37,"step":4,"intermediate_value":6.807841892721529}
{"op_code":8,"worker_id":"3e94b683-ae18-4447-b4da-25c683094ecd-139725259157504","trial_id":37,"user_attr":{"train_loss_epoch_4":2.1098588078378517}}
{"op_code":7,"worker_id":"3e94b683-ae18-4447-b4da-25c683094ecd-139725259157504","trial_id":37,"step":5,"intermediate_value":9.725560478705782}
{"op_code":8,"worker_id":"3e94b683-ae18-4447-b4da-25c683094ecd-139725259157504","trial_id":37,"user_attr":{"train_loss_epoch_5":1.9756538644572286}}
{"op_code":7,"worker_id":"3e94b683-ae18-4447-b4da-25c683094ecd-139725259157504","trial_id":37,"step":6,"intermediate_value":9.725560478705782}
{"op_code":8,"worker_id":"3e94b683-ae18-4447-b4da-25c683094ecd-139725259157504","trial_id":37,"user_attr":{"train_loss_epoch_6":1.8874781330586106}}
{"op_code":7,"worker_id":"3e94b683-ae18-4447-b4da-25c683094ecd-139725259157504","trial_id":37,"step":7,"intermediate_value":10.772078535709257}
{"op_code":8,"worker_id":"3e94b683-ae18-4447-b4da-25c683094ecd-139725259157504","trial_id":37,"user_attr":{"train_loss_epoch_7":1.7870246266510998}}
{"op_code":7,"worker_id":"3e94b683-ae18-4447-b4da-25c683094ecd-139725259157504","trial_id":37,"step":8,"intermediate_value":20.930169798465194}
{"op_code":8,"worker_id":"3e94b683-ae18-4447-b4da-25c683094ecd-139725259157504","trial_id":37,"user_attr":{"train_loss_epoch_8":1.6532842431670038}}
{"op_code":7,"worker_id":"3e94b683-ae18-4447-b4da-25c683094ecd-139725259157504","trial_id":37,"step":9,"intermediate_value":20.930169798465194}
{"op_code":8,"worker_id":"3e94b683-ae18-4447-b4da-25c683094ecd-139725259157504","trial_id":37,"user_attr":{"train_loss_epoch_9":1.517963144082193}}
{"op_code":7,"worker_id":"3e94b683-ae18-4447-b4da-25c683094ecd-139725259157504","trial_id":37,"step":10,"intermediate_value":20.930169798465194}
{"op_code":8,"worker_id":"3e94b683-ae18-4447-b4da-25c683094ecd-139725259157504","trial_id":37,"user_attr":{"train_loss_epoch_10":1.4374143677441595}}
{"op_code":7,"worker_id":"3e94b683-ae18-4447-b4da-25c683094ecd-139725259157504","trial_id":37,"step":11,"intermediate_value":22.340467431237453}
{"op_code":8,"worker_id":"3e94b683-ae18-4447-b4da-25c683094ecd-139725259157504","trial_id":37,"user_attr":{"train_loss_epoch_11":1.3358413873466655}}
{"op_code":7,"worker_id":"3e94b683-ae18-4447-b4da-25c683094ecd-139725259157504","trial_id":37,"step":12,"intermediate_value":22.340467431237453}
{"op_code":8,"worker_id":"3e94b683-ae18-4447-b4da-25c683094ecd-139725259157504","trial_id":37,"user_attr":{"train_loss_epoch_12":1.248933944892939}}
{"op_code":7,"worker_id":"3e94b683-ae18-4447-b4da-25c683094ecd-139725259157504","trial_id":37,"step":13,"intermediate_value":22.340467431237453}
{"op_code":8,"worker_id":"3e94b683-ae18-4447-b4da-25c683094ecd-139725259157504","trial_id":37,"user_attr":{"train_loss_epoch_13":1.1283031601876576}}
{"op_code":7,"worker_id":"3e94b683-ae18-4447-b4da-25c683094ecd-139725259157504","trial_id":37,"step":14,"intermediate_value":22.340467431237453}
{"op_code":8,"worker_id":"3e94b683-ae18-4447-b4da-25c683094ecd-139725259157504","trial_id":37,"user_attr":{"train_loss_epoch_14":1.040752635770869}}
{"op_code":6,"worker_id":"3e94b683-ae18-4447-b4da-25c683094ecd-139725259157504","trial_id":37,"state":1,"values":[22.340467431237453],"datetime_complete":"2026-02-21T23:33:19.286925"}
{"op_code":4,"worker_id":"3e94b683-ae18-4447-b4da-25c683094ecd-139725259157504","study_id":0,"datetime_start":"2026-02-21T23:33:19.288786"}
{"op_code":5,"worker_id":"3e94b683-ae18-4447-b4da-25c683094ecd-139725259157504","trial_id":38,"param_name":"learning_rate","param_value_internal":0.055523004707300275,"distribution":"{\"name\": \"FloatDistribution\", \"attributes\": {\"step\": null, \"low\": 0.03, \"high\": 20.0, \"log\": true}}"}
{"op_code":5,"worker_id":"3e94b683-ae18-4447-b4da-25c683094ecd-139725259157504","trial_id":38,"param_name":"transfer_lr","param_value_internal":0.0020137882941536154,"distribution":"{\"name\": \"FloatDistribution\", \"attributes\": {\"step\": null, \"low\": 4e-06, \"high\": 0.008, \"log\": true}}"}
{"op_code":5,"worker_id":"3e94b683-ae18-4447-b4da-25c683094ecd-139725259157504","trial_id":38,"param_name":"transfer_every","param_value_internal":33327.0,"distribution":"{\"name\": \"IntDistribution\", \"attributes\": {\"log\": true, \"step\": 1, \"low\": 63, \"high\": 35000}}"}
{"op_code":5,"worker_id":"3e94b683-ae18-4447-b4da-25c683094ecd-139725259157504","trial_id":38,"param_name":"rank_exp","param_value_internal":3.0,"distribution":"{\"name\": \"IntDistribution\", \"attributes\": {\"log\": false, \"step\": 1, \"low\": 0, \"high\": 5}}"}
{"op_code":5,"worker_id":"3e94b683-ae18-4447-b4da-25c683094ecd-139725259157504","trial_id":38,"param_name":"lora_alpha","param_value_internal":0.00014476438297852858,"distribution":"{\"name\": \"FloatDistribution\", \"attributes\": {\"step\": null, \"low\": 6e-05, \"high\": 20.0, \"log\": true}}"}
{"op_code":5,"worker_id":"3e94b683-ae18-4447-b4da-25c683094ecd-139725259157504","trial_id":38,"param_name":"tau_sec","param_value_internal":0.0,"distribution":"{\"name\": \"FloatDistribution\", \"attributes\": {\"step\": null, \"low\": 0.0, \"high\": 0.0, \"log\": false}}"}
{"op_code":5,"worker_id":"3e94b683-ae18-4447-b4da-25c683094ecd-139725259157504","trial_id":38,"param_name":"out_noise","param_value_internal":0.0,"distribution":"{\"name\": \"FloatDistribution\", \"attributes\": {\"step\": null, \"low\": 0.0, \"high\": 0.0, \"log\": false}}"}
{"op_code":5,"worker_id":"3e94b683-ae18-4447-b4da-25c683094ecd-139725259157504","trial_id":38,"param_name":"ab_weight_scaling_omega","param_value_internal":0.0,"distribution":"{\"name\": \"FloatDistribution\", \"attributes\": {\"step\": null, \"low\": 0.0, \"high\": 0.0, \"log\": false}}"}
{"op_code":5,"worker_id":"3e94b683-ae18-4447-b4da-25c683094ecd-139725259157504","trial_id":38,"param_name":"min_lr_rate","param_value_internal":0.0,"distribution":"{\"name\": \"FloatDistribution\", \"attributes\": {\"step\": null, \"low\": 0.0, \"high\": 0.0, \"log\": false}}"}
{"op_code":7,"worker_id":"3e94b683-ae18-4447-b4da-25c683094ecd-139725259157504","trial_id":38,"step":1,"intermediate_value":0.0}
{"op_code":8,"worker_id":"3e94b683-ae18-4447-b4da-25c683094ecd-139725259157504","trial_id":38,"user_attr":{"train_loss_epoch_1":0.6438009986532068}}
{"op_code":7,"worker_id":"3e94b683-ae18-4447-b4da-25c683094ecd-139725259157504","trial_id":38,"step":2,"intermediate_value":6.4815069949423725}
{"op_code":8,"worker_id":"3e94b683-ae18-4447-b4da-25c683094ecd-139725259157504","trial_id":38,"user_attr":{"train_loss_epoch_2":0.6728857988091272}}
{"op_code":7,"worker_id":"3e94b683-ae18-4447-b4da-25c683094ecd-139725259157504","trial_id":38,"step":3,"intermediate_value":8.036809130702588}
{"op_code":8,"worker_id":"3e94b683-ae18-4447-b4da-25c683094ecd-139725259157504","trial_id":38,"user_attr":{"train_loss_epoch_3":0.6594406832322897}}
{"op_code":7,"worker_id":"3e94b683-ae18-4447-b4da-25c683094ecd-139725259157504","trial_id":38,"step":4,"intermediate_value":8.036809130702588}
{"op_code":8,"worker_id":"3e94b683-ae18-4447-b4da-25c683094ecd-139725259157504","trial_id":38,"user_attr":{"train_loss_epoch_4":0.6451568272904815}}
{"op_code":7,"worker_id":"3e94b683-ae18-4447-b4da-25c683094ecd-139725259157504","trial_id":38,"step":5,"intermediate_value":8.036809130702588}
{"op_code":8,"worker_id":"3e94b683-ae18-4447-b4da-25c683094ecd-139725259157504","trial_id":38,"user_attr":{"train_loss_epoch_5":0.6382505716285973}}
{"op_code":7,"worker_id":"3e94b683-ae18-4447-b4da-25c683094ecd-139725259157504","trial_id":38,"step":6,"intermediate_value":13.355969233238971}
{"op_code":8,"worker_id":"3e94b683-ae18-4447-b4da-25c683094ecd-139725259157504","trial_id":38,"user_attr":{"train_loss_epoch_6":0.6386591274604619}}
{"op_code":7,"worker_id":"3e94b683-ae18-4447-b4da-25c683094ecd-139725259157504","trial_id":38,"step":7,"intermediate_value":13.355969233238971}
{"op_code":8,"worker_id":"3e94b683-ae18-4447-b4da-25c683094ecd-139725259157504","trial_id":38,"user_attr":{"train_loss_epoch_7":0.6302507153459799}}
{"op_code":7,"worker_id":"3e94b683-ae18-4447-b4da-25c683094ecd-139725259157504","trial_id":38,"step":8,"intermediate_value":13.355969233238971}
{"op_code":8,"worker_id":"3e94b683-ae18-4447-b4da-25c683094ecd-139725259157504","trial_id":38,"user_attr":{"train_loss_epoch_8":0.6279191310717681}}
{"op_code":7,"worker_id":"3e94b683-ae18-4447-b4da-25c683094ecd-139725259157504","trial_id":38,"step":9,"intermediate_value":16.941768462891847}
{"op_code":8,"worker_id":"3e94b683-ae18-4447-b4da-25c683094ecd-139725259157504","trial_id":38,"user_attr":{"train_loss_epoch_9":0.6187275025332085}}
{"op_code":7,"worker_id":"3e94b683-ae18-4447-b4da-25c683094ecd-139725259157504","trial_id":38,"step":10,"intermediate_value":16.941768462891847}
{"op_code":8,"worker_id":"3e94b683-ae18-4447-b4da-25c683094ecd-139725259157504","trial_id":38,"user_attr":{"train_loss_epoch_10":0.6107967080913972}}
{"op_code":7,"worker_id":"3e94b683-ae18-4447-b4da-25c683094ecd-139725259157504","trial_id":38,"step":11,"intermediate_value":16.941768462891847}
{"op_code":8,"worker_id":"3e94b683-ae18-4447-b4da-25c683094ecd-139725259157504","trial_id":38,"user_attr":{"train_loss_epoch_11":0.6051917110091057}}
{"op_code":7,"worker_id":"3e94b683-ae18-4447-b4da-25c683094ecd-139725259157504","trial_id":38,"step":12,"intermediate_value":16.941768462891847}
{"op_code":8,"worker_id":"3e94b683-ae18-4447-b4da-25c683094ecd-139725259157504","trial_id":38,"user_attr":{"train_loss_epoch_12":0.5990940265566389}}
{"op_code":6,"worker_id":"3e94b683-ae18-4447-b4da-25c683094ecd-139725259157504","trial_id":38,"state":1,"values":[16.941768462891847],"datetime_complete":"2026-02-21T23:47:32.903987"}
{"op_code":4,"worker_id":"3e94b683-ae18-4447-b4da-25c683094ecd-139725259157504","study_id":0,"datetime_start":"2026-02-21T23:47:32.906300"}
{"op_code":5,"worker_id":"3e94b683-ae18-4447-b4da-25c683094ecd-139725259157504","trial_id":39,"param_name":"learning_rate","param_value_internal":11.198825555107028,"distribution":"{\"name\": \"FloatDistribution\", \"attributes\": {\"step\": null, \"low\": 0.03, \"high\": 20.0, \"log\": true}}"}
{"op_code":5,"worker_id":"3e94b683-ae18-4447-b4da-25c683094ecd-139725259157504","trial_id":39,"param_name":"transfer_lr","param_value_internal":4.208581448316265e-06,"distribution":"{\"name\": \"FloatDistribution\", \"attributes\": {\"step\": null, \"low\": 4e-06, \"high\": 0.008, \"log\": true}}"}
{"op_code":5,"worker_id":"3e94b683-ae18-4447-b4da-25c683094ecd-139725259157504","trial_id":39,"param_name":"transfer_every","param_value_internal":7047.0,"distribution":"{\"name\": \"IntDistribution\", \"attributes\": {\"log\": true, \"step\": 1, \"low\": 63, \"high\": 35000}}"}
{"op_code":5,"worker_id":"3e94b683-ae18-4447-b4da-25c683094ecd-139725259157504","trial_id":39,"param_name":"rank_exp","param_value_internal":5.0,"distribution":"{\"name\": \"IntDistribution\", \"attributes\": {\"log\": false, \"step\": 1, \"low\": 0, \"high\": 5}}"}
{"op_code":5,"worker_id":"3e94b683-ae18-4447-b4da-25c683094ecd-139725259157504","trial_id":39,"param_name":"lora_alpha","param_value_internal":0.530244184593539,"distribution":"{\"name\": \"FloatDistribution\", \"attributes\": {\"step\": null, \"low\": 6e-05, \"high\": 20.0, \"log\": true}}"}
{"op_code":5,"worker_id":"3e94b683-ae18-4447-b4da-25c683094ecd-139725259157504","trial_id":39,"param_name":"tau_sec","param_value_internal":0.0,"distribution":"{\"name\": \"FloatDistribution\", \"attributes\": {\"step\": null, \"low\": 0.0, \"high\": 0.0, \"log\": false}}"}
{"op_code":5,"worker_id":"3e94b683-ae18-4447-b4da-25c683094ecd-139725259157504","trial_id":39,"param_name":"out_noise","param_value_internal":0.0,"distribution":"{\"name\": \"FloatDistribution\", \"attributes\": {\"step\": null, \"low\": 0.0, \"high\": 0.0, \"log\": false}}"}
{"op_code":5,"worker_id":"3e94b683-ae18-4447-b4da-25c683094ecd-139725259157504","trial_id":39,"param_name":"ab_weight_scaling_omega","param_value_internal":0.0,"distribution":"{\"name\": \"FloatDistribution\", \"attributes\": {\"step\": null, \"low\": 0.0, \"high\": 0.0, \"log\": false}}"}
{"op_code":5,"worker_id":"3e94b683-ae18-4447-b4da-25c683094ecd-139725259157504","trial_id":39,"param_name":"min_lr_rate","param_value_internal":0.0,"distribution":"{\"name\": \"FloatDistribution\", \"attributes\": {\"step\": null, \"low\": 0.0, \"high\": 0.0, \"log\": false}}"}
{"op_code":7,"worker_id":"3e94b683-ae18-4447-b4da-25c683094ecd-139725259157504","trial_id":39,"step":1,"intermediate_value":0.0}
{"op_code":8,"worker_id":"3e94b683-ae18-4447-b4da-25c683094ecd-139725259157504","trial_id":39,"user_attr":{"train_loss_epoch_1":29.766920202246336}}
{"op_code":7,"worker_id":"3e94b683-ae18-4447-b4da-25c683094ecd-139725259157504","trial_id":39,"step":2,"intermediate_value":0.0}
{"op_code":8,"worker_id":"3e94b683-ae18-4447-b4da-25c683094ecd-139725259157504","trial_id":39,"user_attr":{"train_loss_epoch_2":60.34046888886211}}
{"op_code":7,"worker_id":"3e94b683-ae18-4447-b4da-25c683094ecd-139725259157504","trial_id":39,"step":3,"intermediate_value":0.0}
{"op_code":8,"worker_id":"3e94b683-ae18-4447-b4da-25c683094ecd-139725259157504","trial_id":39,"user_attr":{"train_loss_epoch_3":53.27795094686134}}
{"op_code":6,"worker_id":"3e94b683-ae18-4447-b4da-25c683094ecd-139725259157504","trial_id":39,"state":1,"values":[0.0],"datetime_complete":"2026-02-21T23:51:15.359593"}
{"op_code":4,"worker_id":"3e94b683-ae18-4447-b4da-25c683094ecd-139725259157504","study_id":0,"datetime_start":"2026-02-21T23:51:15.361437"}
{"op_code":5,"worker_id":"3e94b683-ae18-4447-b4da-25c683094ecd-139725259157504","trial_id":40,"param_name":"learning_rate","param_value_internal":8.901060108309089,"distribution":"{\"name\": \"FloatDistribution\", \"attributes\": {\"step\": null, \"low\": 0.03, \"high\": 20.0, \"log\": true}}"}
{"op_code":5,"worker_id":"3e94b683-ae18-4447-b4da-25c683094ecd-139725259157504","trial_id":40,"param_name":"transfer_lr","param_value_internal":0.0011185763000613519,"distribution":"{\"name\": \"FloatDistribution\", \"attributes\": {\"step\": null, \"low\": 4e-06, \"high\": 0.008, \"log\": true}}"}
{"op_code":5,"worker_id":"3e94b683-ae18-4447-b4da-25c683094ecd-139725259157504","trial_id":40,"param_name":"transfer_every","param_value_internal":84.0,"distribution":"{\"name\": \"IntDistribution\", \"attributes\": {\"log\": true, \"step\": 1, \"low\": 63, \"high\": 35000}}"}
{"op_code":5,"worker_id":"3e94b683-ae18-4447-b4da-25c683094ecd-139725259157504","trial_id":40,"param_name":"rank_exp","param_value_internal":1.0,"distribution":"{\"name\": \"IntDistribution\", \"attributes\": {\"log\": false, \"step\": 1, \"low\": 0, \"high\": 5}}"}
{"op_code":5,"worker_id":"3e94b683-ae18-4447-b4da-25c683094ecd-139725259157504","trial_id":40,"param_name":"lora_alpha","param_value_internal":0.5881193035559673,"distribution":"{\"name\": \"FloatDistribution\", \"attributes\": {\"step\": null, \"low\": 6e-05, \"high\": 20.0, \"log\": true}}"}
{"op_code":5,"worker_id":"3e94b683-ae18-4447-b4da-25c683094ecd-139725259157504","trial_id":40,"param_name":"tau_sec","param_value_internal":0.0,"distribution":"{\"name\": \"FloatDistribution\", \"attributes\": {\"step\": null, \"low\": 0.0, \"high\": 0.0, \"log\": false}}"}
{"op_code":5,"worker_id":"3e94b683-ae18-4447-b4da-25c683094ecd-139725259157504","trial_id":40,"param_name":"out_noise","param_value_internal":0.0,"distribution":"{\"name\": \"FloatDistribution\", \"attributes\": {\"step\": null, \"low\": 0.0, \"high\": 0.0, \"log\": false}}"}
{"op_code":5,"worker_id":"3e94b683-ae18-4447-b4da-25c683094ecd-139725259157504","trial_id":40,"param_name":"ab_weight_scaling_omega","param_value_internal":0.0,"distribution":"{\"name\": \"FloatDistribution\", \"attributes\": {\"step\": null, \"low\": 0.0, \"high\": 0.0, \"log\": false}}"}
{"op_code":5,"worker_id":"3e94b683-ae18-4447-b4da-25c683094ecd-139725259157504","trial_id":40,"param_name":"min_lr_rate","param_value_internal":0.0,"distribution":"{\"name\": \"FloatDistribution\", \"attributes\": {\"step\": null, \"low\": 0.0, \"high\": 0.0, \"log\": false}}"}
{"op_code":7,"worker_id":"3e94b683-ae18-4447-b4da-25c683094ecd-139725259157504","trial_id":40,"step":1,"intermediate_value":3.6331087816630476}
{"op_code":8,"worker_id":"3e94b683-ae18-4447-b4da-25c683094ecd-139725259157504","trial_id":40,"user_attr":{"train_loss_epoch_1":26.019121689885576}}
{"op_code":7,"worker_id":"3e94b683-ae18-4447-b4da-25c683094ecd-139725259157504","trial_id":40,"step":2,"intermediate_value":16.63982796282373}
{"op_code":8,"worker_id":"3e94b683-ae18-4447-b4da-25c683094ecd-139725259157504","trial_id":40,"user_attr":{"train_loss_epoch_2":49.6572046752288}}
{"op_code":7,"worker_id":"3e94b683-ae18-4447-b4da-25c683094ecd-139725259157504","trial_id":40,"step":3,"intermediate_value":16.63982796282373}
{"op_code":8,"worker_id":"3e94b683-ae18-4447-b4da-25c683094ecd-139725259157504","trial_id":40,"user_attr":{"train_loss_epoch_3":40.94304872717813}}
{"op_code":7,"worker_id":"3e94b683-ae18-4447-b4da-25c683094ecd-139725259157504","trial_id":40,"step":4,"intermediate_value":16.63982796282373}
{"op_code":8,"worker_id":"3e94b683-ae18-4447-b4da-25c683094ecd-139725259157504","trial_id":40,"user_attr":{"train_loss_epoch_4":38.49062456237935}}
{"op_code":7,"worker_id":"3e94b683-ae18-4447-b4da-25c683094ecd-139725259157504","trial_id":40,"step":5,"intermediate_value":16.63982796282373}
{"op_code":8,"worker_id":"3e94b683-ae18-4447-b4da-25c683094ecd-139725259157504","trial_id":40,"user_attr":{"train_loss_epoch_5":36.50248274690484}}
{"op_code":6,"worker_id":"3e94b683-ae18-4447-b4da-25c683094ecd-139725259157504","trial_id":40,"state":1,"values":[16.63982796282373],"datetime_complete":"2026-02-21T23:57:07.385609"}
{"op_code":4,"worker_id":"3e94b683-ae18-4447-b4da-25c683094ecd-139725259157504","study_id":0,"datetime_start":"2026-02-21T23:57:07.387368"}
{"op_code":5,"worker_id":"3e94b683-ae18-4447-b4da-25c683094ecd-139725259157504","trial_id":41,"param_name":"learning_rate","param_value_internal":10.487428205749431,"distribution":"{\"name\": \"FloatDistribution\", \"attributes\": {\"step\": null, \"low\": 0.03, \"high\": 20.0, \"log\": true}}"}
{"op_code":5,"worker_id":"3e94b683-ae18-4447-b4da-25c683094ecd-139725259157504","trial_id":41,"param_name":"transfer_lr","param_value_internal":5.287253511123225e-05,"distribution":"{\"name\": \"FloatDistribution\", \"attributes\": {\"step\": null, \"low\": 4e-06, \"high\": 0.008, \"log\": true}}"}
{"op_code":5,"worker_id":"3e94b683-ae18-4447-b4da-25c683094ecd-139725259157504","trial_id":41,"param_name":"transfer_every","param_value_internal":2161.0,"distribution":"{\"name\": \"IntDistribution\", \"attributes\": {\"log\": true, \"step\": 1, \"low\": 63, \"high\": 35000}}"}
{"op_code":5,"worker_id":"3e94b683-ae18-4447-b4da-25c683094ecd-139725259157504","trial_id":41,"param_name":"rank_exp","param_value_internal":2.0,"distribution":"{\"name\": \"IntDistribution\", \"attributes\": {\"log\": false, \"step\": 1, \"low\": 0, \"high\": 5}}"}
{"op_code":5,"worker_id":"3e94b683-ae18-4447-b4da-25c683094ecd-139725259157504","trial_id":41,"param_name":"lora_alpha","param_value_internal":0.03935815323460477,"distribution":"{\"name\": \"FloatDistribution\", \"attributes\": {\"step\": null, \"low\": 6e-05, \"high\": 20.0, \"log\": true}}"}
{"op_code":5,"worker_id":"3e94b683-ae18-4447-b4da-25c683094ecd-139725259157504","trial_id":41,"param_name":"tau_sec","param_value_internal":0.0,"distribution":"{\"name\": \"FloatDistribution\", \"attributes\": {\"step\": null, \"low\": 0.0, \"high\": 0.0, \"log\": false}}"}
{"op_code":5,"worker_id":"3e94b683-ae18-4447-b4da-25c683094ecd-139725259157504","trial_id":41,"param_name":"out_noise","param_value_internal":0.0,"distribution":"{\"name\": \"FloatDistribution\", \"attributes\": {\"step\": null, \"low\": 0.0, \"high\": 0.0, \"log\": false}}"}
{"op_code":5,"worker_id":"3e94b683-ae18-4447-b4da-25c683094ecd-139725259157504","trial_id":41,"param_name":"ab_weight_scaling_omega","param_value_internal":0.0,"distribution":"{\"name\": \"FloatDistribution\", \"attributes\": {\"step\": null, \"low\": 0.0, \"high\": 0.0, \"log\": false}}"}
{"op_code":5,"worker_id":"3e94b683-ae18-4447-b4da-25c683094ecd-139725259157504","trial_id":41,"param_name":"min_lr_rate","param_value_internal":0.0,"distribution":"{\"name\": \"FloatDistribution\", \"attributes\": {\"step\": null, \"low\": 0.0, \"high\": 0.0, \"log\": false}}"}
{"op_code":7,"worker_id":"3e94b683-ae18-4447-b4da-25c683094ecd-139725259157504","trial_id":41,"step":1,"intermediate_value":0.0}
{"op_code":8,"worker_id":"3e94b683-ae18-4447-b4da-25c683094ecd-139725259157504","trial_id":41,"user_attr":{"train_loss_epoch_1":29.52501559875836}}
{"op_code":7,"worker_id":"3e94b683-ae18-4447-b4da-25c683094ecd-139725259157504","trial_id":41,"step":2,"intermediate_value":23.51180172413659}
{"op_code":8,"worker_id":"3e94b683-ae18-4447-b4da-25c683094ecd-139725259157504","trial_id":41,"user_attr":{"train_loss_epoch_2":55.04770364404839}}
{"op_code":7,"worker_id":"3e94b683-ae18-4447-b4da-25c683094ecd-139725259157504","trial_id":41,"step":3,"intermediate_value":23.51180172413659}
{"op_code":8,"worker_id":"3e94b683-ae18-4447-b4da-25c683094ecd-139725259157504","trial_id":41,"user_attr":{"train_loss_epoch_3":49.84284711953636}}
{"op_code":7,"worker_id":"3e94b683-ae18-4447-b4da-25c683094ecd-139725259157504","trial_id":41,"step":4,"intermediate_value":23.51180172413659}
{"op_code":8,"worker_id":"3e94b683-ae18-4447-b4da-25c683094ecd-139725259157504","trial_id":41,"user_attr":{"train_loss_epoch_4":48.10154065016274}}
{"op_code":7,"worker_id":"3e94b683-ae18-4447-b4da-25c683094ecd-139725259157504","trial_id":41,"step":5,"intermediate_value":23.51180172413659}
{"op_code":8,"worker_id":"3e94b683-ae18-4447-b4da-25c683094ecd-139725259157504","trial_id":41,"user_attr":{"train_loss_epoch_5":45.26380002342652}}
{"op_code":6,"worker_id":"3e94b683-ae18-4447-b4da-25c683094ecd-139725259157504","trial_id":41,"state":1,"values":[23.51180172413659],"datetime_complete":"2026-02-22T00:02:59.240310"}
{"op_code":4,"worker_id":"3e94b683-ae18-4447-b4da-25c683094ecd-139725259157504","study_id":0,"datetime_start":"2026-02-22T00:02:59.241904"}
{"op_code":5,"worker_id":"3e94b683-ae18-4447-b4da-25c683094ecd-139725259157504","trial_id":42,"param_name":"learning_rate","param_value_internal":0.5846969705152953,"distribution":"{\"name\": \"FloatDistribution\", \"attributes\": {\"step\": null, \"low\": 0.03, \"high\": 20.0, \"log\": true}}"}
{"op_code":5,"worker_id":"3e94b683-ae18-4447-b4da-25c683094ecd-139725259157504","trial_id":42,"param_name":"transfer_lr","param_value_internal":8.917602802123545e-06,"distribution":"{\"name\": \"FloatDistribution\", \"attributes\": {\"step\": null, \"low\": 4e-06, \"high\": 0.008, \"log\": true}}"}
{"op_code":5,"worker_id":"3e94b683-ae18-4447-b4da-25c683094ecd-139725259157504","trial_id":42,"param_name":"transfer_every","param_value_internal":220.0,"distribution":"{\"name\": \"IntDistribution\", \"attributes\": {\"log\": true, \"step\": 1, \"low\": 63, \"high\": 35000}}"}
{"op_code":5,"worker_id":"3e94b683-ae18-4447-b4da-25c683094ecd-139725259157504","trial_id":42,"param_name":"rank_exp","param_value_internal":1.0,"distribution":"{\"name\": \"IntDistribution\", \"attributes\": {\"log\": false, \"step\": 1, \"low\": 0, \"high\": 5}}"}
{"op_code":5,"worker_id":"3e94b683-ae18-4447-b4da-25c683094ecd-139725259157504","trial_id":42,"param_name":"lora_alpha","param_value_internal":0.002108926185873271,"distribution":"{\"name\": \"FloatDistribution\", \"attributes\": {\"step\": null, \"low\": 6e-05, \"high\": 20.0, \"log\": true}}"}
{"op_code":5,"worker_id":"3e94b683-ae18-4447-b4da-25c683094ecd-139725259157504","trial_id":42,"param_name":"tau_sec","param_value_internal":0.0,"distribution":"{\"name\": \"FloatDistribution\", \"attributes\": {\"step\": null, \"low\": 0.0, \"high\": 0.0, \"log\": false}}"}
{"op_code":5,"worker_id":"3e94b683-ae18-4447-b4da-25c683094ecd-139725259157504","trial_id":42,"param_name":"out_noise","param_value_internal":0.0,"distribution":"{\"name\": \"FloatDistribution\", \"attributes\": {\"step\": null, \"low\": 0.0, \"high\": 0.0, \"log\": false}}"}
{"op_code":5,"worker_id":"3e94b683-ae18-4447-b4da-25c683094ecd-139725259157504","trial_id":42,"param_name":"ab_weight_scaling_omega","param_value_internal":0.0,"distribution":"{\"name\": \"FloatDistribution\", \"attributes\": {\"step\": null, \"low\": 0.0, \"high\": 0.0, \"log\": false}}"}
{"op_code":5,"worker_id":"3e94b683-ae18-4447-b4da-25c683094ecd-139725259157504","trial_id":42,"param_name":"min_lr_rate","param_value_internal":0.0,"distribution":"{\"name\": \"FloatDistribution\", \"attributes\": {\"step\": null, \"low\": 0.0, \"high\": 0.0, \"log\": false}}"}
{"op_code":7,"worker_id":"3e94b683-ae18-4447-b4da-25c683094ecd-139725259157504","trial_id":42,"step":1,"intermediate_value":7.262297918484138}
{"op_code":8,"worker_id":"3e94b683-ae18-4447-b4da-25c683094ecd-139725259157504","trial_id":42,"user_attr":{"train_loss_epoch_1":1.6241368990905025}}
{"op_code":7,"worker_id":"3e94b683-ae18-4447-b4da-25c683094ecd-139725259157504","trial_id":42,"step":2,"intermediate_value":10.464876868118948}
{"op_code":8,"worker_id":"3e94b683-ae18-4447-b4da-25c683094ecd-139725259157504","trial_id":42,"user_attr":{"train_loss_epoch_2":2.9455395094702177}}
{"op_code":7,"worker_id":"3e94b683-ae18-4447-b4da-25c683094ecd-139725259157504","trial_id":42,"step":3,"intermediate_value":22.44335784873423}
{"op_code":8,"worker_id":"3e94b683-ae18-4447-b4da-25c683094ecd-139725259157504","trial_id":42,"user_attr":{"train_loss_epoch_3":2.8149338433954205}}
{"op_code":7,"worker_id":"3e94b683-ae18-4447-b4da-25c683094ecd-139725259157504","trial_id":42,"step":4,"intermediate_value":22.44335784873423}
{"op_code":8,"worker_id":"3e94b683-ae18-4447-b4da-25c683094ecd-139725259157504","trial_id":42,"user_attr":{"train_loss_epoch_4":2.625707979646221}}
{"op_code":7,"worker_id":"3e94b683-ae18-4447-b4da-25c683094ecd-139725259157504","trial_id":42,"step":5,"intermediate_value":22.44335784873423}
{"op_code":8,"worker_id":"3e94b683-ae18-4447-b4da-25c683094ecd-139725259157504","trial_id":42,"user_attr":{"train_loss_epoch_5":2.4297263295293967}}
{"op_code":7,"worker_id":"3e94b683-ae18-4447-b4da-25c683094ecd-139725259157504","trial_id":42,"step":6,"intermediate_value":22.44335784873423}
{"op_code":8,"worker_id":"3e94b683-ae18-4447-b4da-25c683094ecd-139725259157504","trial_id":42,"user_attr":{"train_loss_epoch_6":2.33912919328758}}
{"op_code":6,"worker_id":"3e94b683-ae18-4447-b4da-25c683094ecd-139725259157504","trial_id":42,"state":1,"values":[22.44335784873423],"datetime_complete":"2026-02-22T00:10:00.538550"}
{"op_code":4,"worker_id":"3e94b683-ae18-4447-b4da-25c683094ecd-139725259157504","study_id":0,"datetime_start":"2026-02-22T00:10:00.540502"}
{"op_code":5,"worker_id":"3e94b683-ae18-4447-b4da-25c683094ecd-139725259157504","trial_id":43,"param_name":"learning_rate","param_value_internal":10.096798531130128,"distribution":"{\"name\": \"FloatDistribution\", \"attributes\": {\"step\": null, \"low\": 0.03, \"high\": 20.0, \"log\": true}}"}
{"op_code":5,"worker_id":"3e94b683-ae18-4447-b4da-25c683094ecd-139725259157504","trial_id":43,"param_name":"transfer_lr","param_value_internal":0.0010740020466587915,"distribution":"{\"name\": \"FloatDistribution\", \"attributes\": {\"step\": null, \"low\": 4e-06, \"high\": 0.008, \"log\": true}}"}
{"op_code":5,"worker_id":"3e94b683-ae18-4447-b4da-25c683094ecd-139725259157504","trial_id":43,"param_name":"transfer_every","param_value_internal":845.0,"distribution":"{\"name\": \"IntDistribution\", \"attributes\": {\"log\": true, \"step\": 1, \"low\": 63, \"high\": 35000}}"}
{"op_code":5,"worker_id":"3e94b683-ae18-4447-b4da-25c683094ecd-139725259157504","trial_id":43,"param_name":"rank_exp","param_value_internal":3.0,"distribution":"{\"name\": \"IntDistribution\", \"attributes\": {\"log\": false, \"step\": 1, \"low\": 0, \"high\": 5}}"}
{"op_code":5,"worker_id":"3e94b683-ae18-4447-b4da-25c683094ecd-139725259157504","trial_id":43,"param_name":"lora_alpha","param_value_internal":0.0008227331580266867,"distribution":"{\"name\": \"FloatDistribution\", \"attributes\": {\"step\": null, \"low\": 6e-05, \"high\": 20.0, \"log\": true}}"}
{"op_code":5,"worker_id":"3e94b683-ae18-4447-b4da-25c683094ecd-139725259157504","trial_id":43,"param_name":"tau_sec","param_value_internal":0.0,"distribution":"{\"name\": \"FloatDistribution\", \"attributes\": {\"step\": null, \"low\": 0.0, \"high\": 0.0, \"log\": false}}"}
{"op_code":5,"worker_id":"3e94b683-ae18-4447-b4da-25c683094ecd-139725259157504","trial_id":43,"param_name":"out_noise","param_value_internal":0.0,"distribution":"{\"name\": \"FloatDistribution\", \"attributes\": {\"step\": null, \"low\": 0.0, \"high\": 0.0, \"log\": false}}"}
{"op_code":5,"worker_id":"3e94b683-ae18-4447-b4da-25c683094ecd-139725259157504","trial_id":43,"param_name":"ab_weight_scaling_omega","param_value_internal":0.0,"distribution":"{\"name\": \"FloatDistribution\", \"attributes\": {\"step\": null, \"low\": 0.0, \"high\": 0.0, \"log\": false}}"}
{"op_code":5,"worker_id":"3e94b683-ae18-4447-b4da-25c683094ecd-139725259157504","trial_id":43,"param_name":"min_lr_rate","param_value_internal":0.0,"distribution":"{\"name\": \"FloatDistribution\", \"attributes\": {\"step\": null, \"low\": 0.0, \"high\": 0.0, \"log\": false}}"}
{"op_code":7,"worker_id":"3e94b683-ae18-4447-b4da-25c683094ecd-139725259157504","trial_id":43,"step":1,"intermediate_value":0.0}
{"op_code":8,"worker_id":"3e94b683-ae18-4447-b4da-25c683094ecd-139725259157504","trial_id":43,"user_attr":{"train_loss_epoch_1":28.607996772271452}}
{"op_code":7,"worker_id":"3e94b683-ae18-4447-b4da-25c683094ecd-139725259157504","trial_id":43,"step":2,"intermediate_value":0.0}
{"op_code":8,"worker_id":"3e94b683-ae18-4447-b4da-25c683094ecd-139725259157504","trial_id":43,"user_attr":{"train_loss_epoch_2":50.714158386939474}}
{"op_code":7,"worker_id":"3e94b683-ae18-4447-b4da-25c683094ecd-139725259157504","trial_id":43,"step":3,"intermediate_value":0.0}
{"op_code":8,"worker_id":"3e94b683-ae18-4447-b4da-25c683094ecd-139725259157504","trial_id":43,"user_attr":{"train_loss_epoch_3":46.36595904804836}}
{"op_code":6,"worker_id":"3e94b683-ae18-4447-b4da-25c683094ecd-139725259157504","trial_id":43,"state":1,"values":[0.0],"datetime_complete":"2026-02-22T00:13:32.986803"}
{"op_code":4,"worker_id":"3e94b683-ae18-4447-b4da-25c683094ecd-139725259157504","study_id":0,"datetime_start":"2026-02-22T00:13:32.988427"}
{"op_code":5,"worker_id":"3e94b683-ae18-4447-b4da-25c683094ecd-139725259157504","trial_id":44,"param_name":"learning_rate","param_value_internal":0.061788328306418006,"distribution":"{\"name\": \"FloatDistribution\", \"attributes\": {\"step\": null, \"low\": 0.03, \"high\": 20.0, \"log\": true}}"}
{"op_code":5,"worker_id":"3e94b683-ae18-4447-b4da-25c683094ecd-139725259157504","trial_id":44,"param_name":"transfer_lr","param_value_internal":0.00020925752516157896,"distribution":"{\"name\": \"FloatDistribution\", \"attributes\": {\"step\": null, \"low\": 4e-06, \"high\": 0.008, \"log\": true}}"}
{"op_code":5,"worker_id":"3e94b683-ae18-4447-b4da-25c683094ecd-139725259157504","trial_id":44,"param_name":"transfer_every","param_value_internal":398.0,"distribution":"{\"name\": \"IntDistribution\", \"attributes\": {\"log\": true, \"step\": 1, \"low\": 63, \"high\": 35000}}"}
{"op_code":5,"worker_id":"3e94b683-ae18-4447-b4da-25c683094ecd-139725259157504","trial_id":44,"param_name":"rank_exp","param_value_internal":5.0,"distribution":"{\"name\": \"IntDistribution\", \"attributes\": {\"log\": false, \"step\": 1, \"low\": 0, \"high\": 5}}"}
{"op_code":5,"worker_id":"3e94b683-ae18-4447-b4da-25c683094ecd-139725259157504","trial_id":44,"param_name":"lora_alpha","param_value_internal":4.412447111811628,"distribution":"{\"name\": \"FloatDistribution\", \"attributes\": {\"step\": null, \"low\": 6e-05, \"high\": 20.0, \"log\": true}}"}
{"op_code":5,"worker_id":"3e94b683-ae18-4447-b4da-25c683094ecd-139725259157504","trial_id":44,"param_name":"tau_sec","param_value_internal":0.0,"distribution":"{\"name\": \"FloatDistribution\", \"attributes\": {\"step\": null, \"low\": 0.0, \"high\": 0.0, \"log\": false}}"}
{"op_code":5,"worker_id":"3e94b683-ae18-4447-b4da-25c683094ecd-139725259157504","trial_id":44,"param_name":"out_noise","param_value_internal":0.0,"distribution":"{\"name\": \"FloatDistribution\", \"attributes\": {\"step\": null, \"low\": 0.0, \"high\": 0.0, \"log\": false}}"}
{"op_code":5,"worker_id":"3e94b683-ae18-4447-b4da-25c683094ecd-139725259157504","trial_id":44,"param_name":"ab_weight_scaling_omega","param_value_internal":0.0,"distribution":"{\"name\": \"FloatDistribution\", \"attributes\": {\"step\": null, \"low\": 0.0, \"high\": 0.0, \"log\": false}}"}
{"op_code":5,"worker_id":"3e94b683-ae18-4447-b4da-25c683094ecd-139725259157504","trial_id":44,"param_name":"min_lr_rate","param_value_internal":0.0,"distribution":"{\"name\": \"FloatDistribution\", \"attributes\": {\"step\": null, \"low\": 0.0, \"high\": 0.0, \"log\": false}}"}
{"op_code":7,"worker_id":"3e94b683-ae18-4447-b4da-25c683094ecd-139725259157504","trial_id":44,"step":1,"intermediate_value":0.0}
{"op_code":8,"worker_id":"3e94b683-ae18-4447-b4da-25c683094ecd-139725259157504","trial_id":44,"user_attr":{"train_loss_epoch_1":0.6481613719017706}}
{"op_code":7,"worker_id":"3e94b683-ae18-4447-b4da-25c683094ecd-139725259157504","trial_id":44,"step":2,"intermediate_value":0.0}
{"op_code":8,"worker_id":"3e94b683-ae18-4447-b4da-25c683094ecd-139725259157504","trial_id":44,"user_attr":{"train_loss_epoch_2":0.6872885079584389}}
{"op_code":7,"worker_id":"3e94b683-ae18-4447-b4da-25c683094ecd-139725259157504","trial_id":44,"step":3,"intermediate_value":17.981390041130034}
{"op_code":8,"worker_id":"3e94b683-ae18-4447-b4da-25c683094ecd-139725259157504","trial_id":44,"user_attr":{"train_loss_epoch_3":0.6675491160878512}}
{"op_code":7,"worker_id":"3e94b683-ae18-4447-b4da-25c683094ecd-139725259157504","trial_id":44,"step":4,"intermediate_value":22.880676209063257}
{"op_code":8,"worker_id":"3e94b683-ae18-4447-b4da-25c683094ecd-139725259157504","trial_id":44,"user_attr":{"train_loss_epoch_4":0.666579339367764}}
{"op_code":7,"worker_id":"3e94b683-ae18-4447-b4da-25c683094ecd-139725259157504","trial_id":44,"step":5,"intermediate_value":22.880676209063257}
{"op_code":8,"worker_id":"3e94b683-ae18-4447-b4da-25c683094ecd-139725259157504","trial_id":44,"user_attr":{"train_loss_epoch_5":0.6521011733006095}}
{"op_code":7,"worker_id":"3e94b683-ae18-4447-b4da-25c683094ecd-139725259157504","trial_id":44,"step":6,"intermediate_value":22.880676209063257}
{"op_code":8,"worker_id":"3e94b683-ae18-4447-b4da-25c683094ecd-139725259157504","trial_id":44,"user_attr":{"train_loss_epoch_6":0.6539657434291929}}
{"op_code":7,"worker_id":"3e94b683-ae18-4447-b4da-25c683094ecd-139725259157504","trial_id":44,"step":7,"intermediate_value":22.880676209063257}
{"op_code":8,"worker_id":"3e94b683-ae18-4447-b4da-25c683094ecd-139725259157504","trial_id":44,"user_attr":{"train_loss_epoch_7":0.6400253517048381}}
{"op_code":6,"worker_id":"3e94b683-ae18-4447-b4da-25c683094ecd-139725259157504","trial_id":44,"state":1,"values":[22.880676209063257],"datetime_complete":"2026-02-22T00:21:45.308175"}
{"op_code":4,"worker_id":"3e94b683-ae18-4447-b4da-25c683094ecd-139725259157504","study_id":0,"datetime_start":"2026-02-22T00:21:45.310087"}
{"op_code":5,"worker_id":"3e94b683-ae18-4447-b4da-25c683094ecd-139725259157504","trial_id":45,"param_name":"learning_rate","param_value_internal":0.11528901114375306,"distribution":"{\"name\": \"FloatDistribution\", \"attributes\": {\"step\": null, \"low\": 0.03, \"high\": 20.0, \"log\": true}}"}
{"op_code":5,"worker_id":"3e94b683-ae18-4447-b4da-25c683094ecd-139725259157504","trial_id":45,"param_name":"transfer_lr","param_value_internal":4.6274251447686905e-06,"distribution":"{\"name\": \"FloatDistribution\", \"attributes\": {\"step\": null, \"low\": 4e-06, \"high\": 0.008, \"log\": true}}"}
{"op_code":5,"worker_id":"3e94b683-ae18-4447-b4da-25c683094ecd-139725259157504","trial_id":45,"param_name":"transfer_every","param_value_internal":7096.0,"distribution":"{\"name\": \"IntDistribution\", \"attributes\": {\"log\": true, \"step\": 1, \"low\": 63, \"high\": 35000}}"}
{"op_code":5,"worker_id":"3e94b683-ae18-4447-b4da-25c683094ecd-139725259157504","trial_id":45,"param_name":"rank_exp","param_value_internal":1.0,"distribution":"{\"name\": \"IntDistribution\", \"attributes\": {\"log\": false, \"step\": 1, \"low\": 0, \"high\": 5}}"}
{"op_code":5,"worker_id":"3e94b683-ae18-4447-b4da-25c683094ecd-139725259157504","trial_id":45,"param_name":"lora_alpha","param_value_internal":2.8239880473388665,"distribution":"{\"name\": \"FloatDistribution\", \"attributes\": {\"step\": null, \"low\": 6e-05, \"high\": 20.0, \"log\": true}}"}
{"op_code":5,"worker_id":"3e94b683-ae18-4447-b4da-25c683094ecd-139725259157504","trial_id":45,"param_name":"tau_sec","param_value_internal":0.0,"distribution":"{\"name\": \"FloatDistribution\", \"attributes\": {\"step\": null, \"low\": 0.0, \"high\": 0.0, \"log\": false}}"}
{"op_code":5,"worker_id":"3e94b683-ae18-4447-b4da-25c683094ecd-139725259157504","trial_id":45,"param_name":"out_noise","param_value_internal":0.0,"distribution":"{\"name\": \"FloatDistribution\", \"attributes\": {\"step\": null, \"low\": 0.0, \"high\": 0.0, \"log\": false}}"}
{"op_code":5,"worker_id":"3e94b683-ae18-4447-b4da-25c683094ecd-139725259157504","trial_id":45,"param_name":"ab_weight_scaling_omega","param_value_internal":0.0,"distribution":"{\"name\": \"FloatDistribution\", \"attributes\": {\"step\": null, \"low\": 0.0, \"high\": 0.0, \"log\": false}}"}
{"op_code":5,"worker_id":"3e94b683-ae18-4447-b4da-25c683094ecd-139725259157504","trial_id":45,"param_name":"min_lr_rate","param_value_internal":0.0,"distribution":"{\"name\": \"FloatDistribution\", \"attributes\": {\"step\": null, \"low\": 0.0, \"high\": 0.0, \"log\": false}}"}
{"op_code":7,"worker_id":"3e94b683-ae18-4447-b4da-25c683094ecd-139725259157504","trial_id":45,"step":1,"intermediate_value":2.1888598371532857}
{"op_code":8,"worker_id":"3e94b683-ae18-4447-b4da-25c683094ecd-139725259157504","trial_id":45,"user_attr":{"train_loss_epoch_1":0.7012749527659372}}
{"op_code":7,"worker_id":"3e94b683-ae18-4447-b4da-25c683094ecd-139725259157504","trial_id":45,"step":2,"intermediate_value":11.836205048925553}
{"op_code":8,"worker_id":"3e94b683-ae18-4447-b4da-25c683094ecd-139725259157504","trial_id":45,"user_attr":{"train_loss_epoch_2":0.8331262531681596}}
{"op_code":7,"worker_id":"3e94b683-ae18-4447-b4da-25c683094ecd-139725259157504","trial_id":45,"step":3,"intermediate_value":11.836205048925553}
{"op_code":8,"worker_id":"3e94b683-ae18-4447-b4da-25c683094ecd-139725259157504","trial_id":45,"user_attr":{"train_loss_epoch_3":0.8106142529678122}}
{"op_code":7,"worker_id":"3e94b683-ae18-4447-b4da-25c683094ecd-139725259157504","trial_id":45,"step":4,"intermediate_value":22.078713090768364}
{"op_code":8,"worker_id":"3e94b683-ae18-4447-b4da-25c683094ecd-139725259157504","trial_id":45,"user_attr":{"train_loss_epoch_4":0.7937512534661828}}
{"op_code":7,"worker_id":"3e94b683-ae18-4447-b4da-25c683094ecd-139725259157504","trial_id":45,"step":5,"intermediate_value":22.078713090768364}
{"op_code":8,"worker_id":"3e94b683-ae18-4447-b4da-25c683094ecd-139725259157504","trial_id":45,"user_attr":{"train_loss_epoch_5":0.7698583086378107}}
{"op_code":7,"worker_id":"3e94b683-ae18-4447-b4da-25c683094ecd-139725259157504","trial_id":45,"step":6,"intermediate_value":22.078713090768364}
{"op_code":8,"worker_id":"3e94b683-ae18-4447-b4da-25c683094ecd-139725259157504","trial_id":45,"user_attr":{"train_loss_epoch_6":0.7380789031631478}}
{"op_code":7,"worker_id":"3e94b683-ae18-4447-b4da-25c683094ecd-139725259157504","trial_id":45,"step":7,"intermediate_value":22.078713090768364}
{"op_code":8,"worker_id":"3e94b683-ae18-4447-b4da-25c683094ecd-139725259157504","trial_id":45,"user_attr":{"train_loss_epoch_7":0.7341918141903164}}
{"op_code":6,"worker_id":"3e94b683-ae18-4447-b4da-25c683094ecd-139725259157504","trial_id":45,"state":1,"values":[22.078713090768364],"datetime_complete":"2026-02-22T00:30:05.396908"}
{"op_code":4,"worker_id":"3e94b683-ae18-4447-b4da-25c683094ecd-139725259157504","study_id":0,"datetime_start":"2026-02-22T00:30:05.398798"}
{"op_code":5,"worker_id":"3e94b683-ae18-4447-b4da-25c683094ecd-139725259157504","trial_id":46,"param_name":"learning_rate","param_value_internal":0.22370998750953244,"distribution":"{\"name\": \"FloatDistribution\", \"attributes\": {\"step\": null, \"low\": 0.03, \"high\": 20.0, \"log\": true}}"}
{"op_code":5,"worker_id":"3e94b683-ae18-4447-b4da-25c683094ecd-139725259157504","trial_id":46,"param_name":"transfer_lr","param_value_internal":0.0004748800697912373,"distribution":"{\"name\": \"FloatDistribution\", \"attributes\": {\"step\": null, \"low\": 4e-06, \"high\": 0.008, \"log\": true}}"}
{"op_code":5,"worker_id":"3e94b683-ae18-4447-b4da-25c683094ecd-139725259157504","trial_id":46,"param_name":"transfer_every","param_value_internal":13521.0,"distribution":"{\"name\": \"IntDistribution\", \"attributes\": {\"log\": true, \"step\": 1, \"low\": 63, \"high\": 35000}}"}
{"op_code":5,"worker_id":"3e94b683-ae18-4447-b4da-25c683094ecd-139725259157504","trial_id":46,"param_name":"rank_exp","param_value_internal":5.0,"distribution":"{\"name\": \"IntDistribution\", \"attributes\": {\"log\": false, \"step\": 1, \"low\": 0, \"high\": 5}}"}
{"op_code":5,"worker_id":"3e94b683-ae18-4447-b4da-25c683094ecd-139725259157504","trial_id":46,"param_name":"lora_alpha","param_value_internal":1.2348943803914316,"distribution":"{\"name\": \"FloatDistribution\", \"attributes\": {\"step\": null, \"low\": 6e-05, \"high\": 20.0, \"log\": true}}"}
{"op_code":5,"worker_id":"3e94b683-ae18-4447-b4da-25c683094ecd-139725259157504","trial_id":46,"param_name":"tau_sec","param_value_internal":0.0,"distribution":"{\"name\": \"FloatDistribution\", \"attributes\": {\"step\": null, \"low\": 0.0, \"high\": 0.0, \"log\": false}}"}
{"op_code":5,"worker_id":"3e94b683-ae18-4447-b4da-25c683094ecd-139725259157504","trial_id":46,"param_name":"out_noise","param_value_internal":0.0,"distribution":"{\"name\": \"FloatDistribution\", \"attributes\": {\"step\": null, \"low\": 0.0, \"high\": 0.0, \"log\": false}}"}
{"op_code":5,"worker_id":"3e94b683-ae18-4447-b4da-25c683094ecd-139725259157504","trial_id":46,"param_name":"ab_weight_scaling_omega","param_value_internal":0.0,"distribution":"{\"name\": \"FloatDistribution\", \"attributes\": {\"step\": null, \"low\": 0.0, \"high\": 0.0, \"log\": false}}"}
{"op_code":5,"worker_id":"3e94b683-ae18-4447-b4da-25c683094ecd-139725259157504","trial_id":46,"param_name":"min_lr_rate","param_value_internal":0.0,"distribution":"{\"name\": \"FloatDistribution\", \"attributes\": {\"step\": null, \"low\": 0.0, \"high\": 0.0, \"log\": false}}"}
{"op_code":7,"worker_id":"3e94b683-ae18-4447-b4da-25c683094ecd-139725259157504","trial_id":46,"step":1,"intermediate_value":0.0}
{"op_code":8,"worker_id":"3e94b683-ae18-4447-b4da-25c683094ecd-139725259157504","trial_id":46,"user_attr":{"train_loss_epoch_1":0.8687215325431289}}
{"op_code":7,"worker_id":"3e94b683-ae18-4447-b4da-25c683094ecd-139725259157504","trial_id":46,"step":2,"intermediate_value":13.865020987136885}
{"op_code":8,"worker_id":"3e94b683-ae18-4447-b4da-25c683094ecd-139725259157504","trial_id":46,"user_attr":{"train_loss_epoch_2":1.2569021962139164}}
{"op_code":7,"worker_id":"3e94b683-ae18-4447-b4da-25c683094ecd-139725259157504","trial_id":46,"step":3,"intermediate_value":13.865020987136885}
{"op_code":8,"worker_id":"3e94b683-ae18-4447-b4da-25c683094ecd-139725259157504","trial_id":46,"user_attr":{"train_loss_epoch_3":1.187823926949891}}
{"op_code":7,"worker_id":"3e94b683-ae18-4447-b4da-25c683094ecd-139725259157504","trial_id":46,"step":4,"intermediate_value":13.910231031036513}
{"op_code":8,"worker_id":"3e94b683-ae18-4447-b4da-25c683094ecd-139725259157504","trial_id":46,"user_attr":{"train_loss_epoch_4":1.1119745982654183}}
{"op_code":7,"worker_id":"3e94b683-ae18-4447-b4da-25c683094ecd-139725259157504","trial_id":46,"step":5,"intermediate_value":20.418263305962757}
{"op_code":8,"worker_id":"3e94b683-ae18-4447-b4da-25c683094ecd-139725259157504","trial_id":46,"user_attr":{"train_loss_epoch_5":1.1072047361912571}}
{"op_code":7,"worker_id":"3e94b683-ae18-4447-b4da-25c683094ecd-139725259157504","trial_id":46,"step":6,"intermediate_value":20.418263305962757}
{"op_code":8,"worker_id":"3e94b683-ae18-4447-b4da-25c683094ecd-139725259157504","trial_id":46,"user_attr":{"train_loss_epoch_6":1.056896832724598}}
{"op_code":7,"worker_id":"3e94b683-ae18-4447-b4da-25c683094ecd-139725259157504","trial_id":46,"step":7,"intermediate_value":20.418263305962757}
{"op_code":8,"worker_id":"3e94b683-ae18-4447-b4da-25c683094ecd-139725259157504","trial_id":46,"user_attr":{"train_loss_epoch_7":0.9943794076095953}}
{"op_code":7,"worker_id":"3e94b683-ae18-4447-b4da-25c683094ecd-139725259157504","trial_id":46,"step":8,"intermediate_value":20.418263305962757}
{"op_code":8,"worker_id":"3e94b683-ae18-4447-b4da-25c683094ecd-139725259157504","trial_id":46,"user_attr":{"train_loss_epoch_8":0.9537843366371137}}
{"op_code":6,"worker_id":"3e94b683-ae18-4447-b4da-25c683094ecd-139725259157504","trial_id":46,"state":1,"values":[20.418263305962757],"datetime_complete":"2026-02-22T00:39:32.367117"}
{"op_code":4,"worker_id":"3e94b683-ae18-4447-b4da-25c683094ecd-139725259157504","study_id":0,"datetime_start":"2026-02-22T00:39:32.368886"}
{"op_code":5,"worker_id":"3e94b683-ae18-4447-b4da-25c683094ecd-139725259157504","trial_id":47,"param_name":"learning_rate","param_value_internal":0.05005823396808876,"distribution":"{\"name\": \"FloatDistribution\", \"attributes\": {\"step\": null, \"low\": 0.03, \"high\": 20.0, \"log\": true}}"}
{"op_code":5,"worker_id":"3e94b683-ae18-4447-b4da-25c683094ecd-139725259157504","trial_id":47,"param_name":"transfer_lr","param_value_internal":5.775031469658706e-06,"distribution":"{\"name\": \"FloatDistribution\", \"attributes\": {\"step\": null, \"low\": 4e-06, \"high\": 0.008, \"log\": true}}"}
{"op_code":5,"worker_id":"3e94b683-ae18-4447-b4da-25c683094ecd-139725259157504","trial_id":47,"param_name":"transfer_every","param_value_internal":114.0,"distribution":"{\"name\": \"IntDistribution\", \"attributes\": {\"log\": true, \"step\": 1, \"low\": 63, \"high\": 35000}}"}
{"op_code":5,"worker_id":"3e94b683-ae18-4447-b4da-25c683094ecd-139725259157504","trial_id":47,"param_name":"rank_exp","param_value_internal":3.0,"distribution":"{\"name\": \"IntDistribution\", \"attributes\": {\"log\": false, \"step\": 1, \"low\": 0, \"high\": 5}}"}
{"op_code":5,"worker_id":"3e94b683-ae18-4447-b4da-25c683094ecd-139725259157504","trial_id":47,"param_name":"lora_alpha","param_value_internal":0.0004531363873079718,"distribution":"{\"name\": \"FloatDistribution\", \"attributes\": {\"step\": null, \"low\": 6e-05, \"high\": 20.0, \"log\": true}}"}
{"op_code":5,"worker_id":"3e94b683-ae18-4447-b4da-25c683094ecd-139725259157504","trial_id":47,"param_name":"tau_sec","param_value_internal":0.0,"distribution":"{\"name\": \"FloatDistribution\", \"attributes\": {\"step\": null, \"low\": 0.0, \"high\": 0.0, \"log\": false}}"}
{"op_code":5,"worker_id":"3e94b683-ae18-4447-b4da-25c683094ecd-139725259157504","trial_id":47,"param_name":"out_noise","param_value_internal":0.0,"distribution":"{\"name\": \"FloatDistribution\", \"attributes\": {\"step\": null, \"low\": 0.0, \"high\": 0.0, \"log\": false}}"}
{"op_code":5,"worker_id":"3e94b683-ae18-4447-b4da-25c683094ecd-139725259157504","trial_id":47,"param_name":"ab_weight_scaling_omega","param_value_internal":0.0,"distribution":"{\"name\": \"FloatDistribution\", \"attributes\": {\"step\": null, \"low\": 0.0, \"high\": 0.0, \"log\": false}}"}
{"op_code":5,"worker_id":"3e94b683-ae18-4447-b4da-25c683094ecd-139725259157504","trial_id":47,"param_name":"min_lr_rate","param_value_internal":0.0,"distribution":"{\"name\": \"FloatDistribution\", \"attributes\": {\"step\": null, \"low\": 0.0, \"high\": 0.0, \"log\": false}}"}
{"op_code":7,"worker_id":"3e94b683-ae18-4447-b4da-25c683094ecd-139725259157504","trial_id":47,"step":1,"intermediate_value":0.0}
{"op_code":8,"worker_id":"3e94b683-ae18-4447-b4da-25c683094ecd-139725259157504","trial_id":47,"user_attr":{"train_loss_epoch_1":0.6334361805537037}}
{"op_code":7,"worker_id":"3e94b683-ae18-4447-b4da-25c683094ecd-139725259157504","trial_id":47,"step":2,"intermediate_value":5.926802437957019}
{"op_code":8,"worker_id":"3e94b683-ae18-4447-b4da-25c683094ecd-139725259157504","trial_id":47,"user_attr":{"train_loss_epoch_2":0.658195462600093}}
{"op_code":7,"worker_id":"3e94b683-ae18-4447-b4da-25c683094ecd-139725259157504","trial_id":47,"step":3,"intermediate_value":5.926802437957019}
{"op_code":8,"worker_id":"3e94b683-ae18-4447-b4da-25c683094ecd-139725259157504","trial_id":47,"user_attr":{"train_loss_epoch_3":0.6367742696655131}}
{"op_code":7,"worker_id":"3e94b683-ae18-4447-b4da-25c683094ecd-139725259157504","trial_id":47,"step":4,"intermediate_value":5.926802437957019}
{"op_code":8,"worker_id":"3e94b683-ae18-4447-b4da-25c683094ecd-139725259157504","trial_id":47,"user_attr":{"train_loss_epoch_4":0.6297804328325753}}
{"op_code":7,"worker_id":"3e94b683-ae18-4447-b4da-25c683094ecd-139725259157504","trial_id":47,"step":5,"intermediate_value":7.322182788833125}
{"op_code":8,"worker_id":"3e94b683-ae18-4447-b4da-25c683094ecd-139725259157504","trial_id":47,"user_attr":{"train_loss_epoch_5":0.6344006206944725}}
{"op_code":7,"worker_id":"3e94b683-ae18-4447-b4da-25c683094ecd-139725259157504","trial_id":47,"step":6,"intermediate_value":12.838660057696453}
{"op_code":8,"worker_id":"3e94b683-ae18-4447-b4da-25c683094ecd-139725259157504","trial_id":47,"user_attr":{"train_loss_epoch_6":0.6287581912407251}}
{"op_code":7,"worker_id":"3e94b683-ae18-4447-b4da-25c683094ecd-139725259157504","trial_id":47,"step":7,"intermediate_value":12.838660057696453}
{"op_code":8,"worker_id":"3e94b683-ae18-4447-b4da-25c683094ecd-139725259157504","trial_id":47,"user_attr":{"train_loss_epoch_7":0.6225408024598504}}
{"op_code":7,"worker_id":"3e94b683-ae18-4447-b4da-25c683094ecd-139725259157504","trial_id":47,"step":8,"intermediate_value":17.51114749580346}
{"op_code":8,"worker_id":"3e94b683-ae18-4447-b4da-25c683094ecd-139725259157504","trial_id":47,"user_attr":{"train_loss_epoch_8":0.6216365480812911}}
{"op_code":7,"worker_id":"3e94b683-ae18-4447-b4da-25c683094ecd-139725259157504","trial_id":47,"step":9,"intermediate_value":21.77039678119388}
{"op_code":8,"worker_id":"3e94b683-ae18-4447-b4da-25c683094ecd-139725259157504","trial_id":47,"user_attr":{"train_loss_epoch_9":0.6144504609509049}}
{"op_code":7,"worker_id":"3e94b683-ae18-4447-b4da-25c683094ecd-139725259157504","trial_id":47,"step":10,"intermediate_value":21.77039678119388}
{"op_code":8,"worker_id":"3e94b683-ae18-4447-b4da-25c683094ecd-139725259157504","trial_id":47,"user_attr":{"train_loss_epoch_10":0.6066980518470301}}
{"op_code":7,"worker_id":"3e94b683-ae18-4447-b4da-25c683094ecd-139725259157504","trial_id":47,"step":11,"intermediate_value":21.77039678119388}
{"op_code":8,"worker_id":"3e94b683-ae18-4447-b4da-25c683094ecd-139725259157504","trial_id":47,"user_attr":{"train_loss_epoch_11":0.6042042057787147}}
{"op_code":7,"worker_id":"3e94b683-ae18-4447-b4da-25c683094ecd-139725259157504","trial_id":47,"step":12,"intermediate_value":21.77039678119388}
{"op_code":8,"worker_id":"3e94b683-ae18-4447-b4da-25c683094ecd-139725259157504","trial_id":47,"user_attr":{"train_loss_epoch_12":0.5988201019084343}}
{"op_code":6,"worker_id":"3e94b683-ae18-4447-b4da-25c683094ecd-139725259157504","trial_id":47,"state":1,"values":[21.77039678119388],"datetime_complete":"2026-02-22T00:53:40.227247"}
{"op_code":4,"worker_id":"3e94b683-ae18-4447-b4da-25c683094ecd-139725259157504","study_id":0,"datetime_start":"2026-02-22T00:53:40.228892"}
{"op_code":5,"worker_id":"3e94b683-ae18-4447-b4da-25c683094ecd-139725259157504","trial_id":48,"param_name":"learning_rate","param_value_internal":0.362251750113925,"distribution":"{\"name\": \"FloatDistribution\", \"attributes\": {\"step\": null, \"low\": 0.03, \"high\": 20.0, \"log\": true}}"}
{"op_code":5,"worker_id":"3e94b683-ae18-4447-b4da-25c683094ecd-139725259157504","trial_id":48,"param_name":"transfer_lr","param_value_internal":0.00213318711464671,"distribution":"{\"name\": \"FloatDistribution\", \"attributes\": {\"step\": null, \"low\": 4e-06, \"high\": 0.008, \"log\": true}}"}
{"op_code":5,"worker_id":"3e94b683-ae18-4447-b4da-25c683094ecd-139725259157504","trial_id":48,"param_name":"transfer_every","param_value_internal":10631.0,"distribution":"{\"name\": \"IntDistribution\", \"attributes\": {\"log\": true, \"step\": 1, \"low\": 63, \"high\": 35000}}"}
{"op_code":5,"worker_id":"3e94b683-ae18-4447-b4da-25c683094ecd-139725259157504","trial_id":48,"param_name":"rank_exp","param_value_internal":5.0,"distribution":"{\"name\": \"IntDistribution\", \"attributes\": {\"log\": false, \"step\": 1, \"low\": 0, \"high\": 5}}"}
{"op_code":5,"worker_id":"3e94b683-ae18-4447-b4da-25c683094ecd-139725259157504","trial_id":48,"param_name":"lora_alpha","param_value_internal":0.001524013758056643,"distribution":"{\"name\": \"FloatDistribution\", \"attributes\": {\"step\": null, \"low\": 6e-05, \"high\": 20.0, \"log\": true}}"}
{"op_code":5,"worker_id":"3e94b683-ae18-4447-b4da-25c683094ecd-139725259157504","trial_id":48,"param_name":"tau_sec","param_value_internal":0.0,"distribution":"{\"name\": \"FloatDistribution\", \"attributes\": {\"step\": null, \"low\": 0.0, \"high\": 0.0, \"log\": false}}"}
{"op_code":5,"worker_id":"3e94b683-ae18-4447-b4da-25c683094ecd-139725259157504","trial_id":48,"param_name":"out_noise","param_value_internal":0.0,"distribution":"{\"name\": \"FloatDistribution\", \"attributes\": {\"step\": null, \"low\": 0.0, \"high\": 0.0, \"log\": false}}"}
{"op_code":5,"worker_id":"3e94b683-ae18-4447-b4da-25c683094ecd-139725259157504","trial_id":48,"param_name":"ab_weight_scaling_omega","param_value_internal":0.0,"distribution":"{\"name\": \"FloatDistribution\", \"attributes\": {\"step\": null, \"low\": 0.0, \"high\": 0.0, \"log\": false}}"}
{"op_code":5,"worker_id":"3e94b683-ae18-4447-b4da-25c683094ecd-139725259157504","trial_id":48,"param_name":"min_lr_rate","param_value_internal":0.0,"distribution":"{\"name\": \"FloatDistribution\", \"attributes\": {\"step\": null, \"low\": 0.0, \"high\": 0.0, \"log\": false}}"}
{"op_code":7,"worker_id":"3e94b683-ae18-4447-b4da-25c683094ecd-139725259157504","trial_id":48,"step":1,"intermediate_value":3.669180701416709}
{"op_code":8,"worker_id":"3e94b683-ae18-4447-b4da-25c683094ecd-139725259157504","trial_id":48,"user_attr":{"train_loss_epoch_1":1.1919610666423366}}
{"op_code":7,"worker_id":"3e94b683-ae18-4447-b4da-25c683094ecd-139725259157504","trial_id":48,"step":2,"intermediate_value":11.340968096598726}
{"op_code":8,"worker_id":"3e94b683-ae18-4447-b4da-25c683094ecd-139725259157504","trial_id":48,"user_attr":{"train_loss_epoch_2":1.8522658196008095}}
{"op_code":7,"worker_id":"3e94b683-ae18-4447-b4da-25c683094ecd-139725259157504","trial_id":48,"step":3,"intermediate_value":22.863482082429847}
{"op_code":8,"worker_id":"3e94b683-ae18-4447-b4da-25c683094ecd-139725259157504","trial_id":48,"user_attr":{"train_loss_epoch_3":1.828132130690278}}
{"op_code":7,"worker_id":"3e94b683-ae18-4447-b4da-25c683094ecd-139725259157504","trial_id":48,"step":4,"intermediate_value":22.863482082429847}
{"op_code":8,"worker_id":"3e94b683-ae18-4447-b4da-25c683094ecd-139725259157504","trial_id":48,"user_attr":{"train_loss_epoch_4":1.6794709734457096}}
{"op_code":7,"worker_id":"3e94b683-ae18-4447-b4da-25c683094ecd-139725259157504","trial_id":48,"step":5,"intermediate_value":22.863482082429847}
{"op_code":8,"worker_id":"3e94b683-ae18-4447-b4da-25c683094ecd-139725259157504","trial_id":48,"user_attr":{"train_loss_epoch_5":1.6259105229782915}}
{"op_code":7,"worker_id":"3e94b683-ae18-4447-b4da-25c683094ecd-139725259157504","trial_id":48,"step":6,"intermediate_value":22.863482082429847}
{"op_code":8,"worker_id":"3e94b683-ae18-4447-b4da-25c683094ecd-139725259157504","trial_id":48,"user_attr":{"train_loss_epoch_6":1.5959755125311943}}
{"op_code":6,"worker_id":"3e94b683-ae18-4447-b4da-25c683094ecd-139725259157504","trial_id":48,"state":1,"values":[22.863482082429847],"datetime_complete":"2026-02-22T01:00:55.175986"}
{"op_code":4,"worker_id":"3e94b683-ae18-4447-b4da-25c683094ecd-139725259157504","study_id":0,"datetime_start":"2026-02-22T01:00:55.178373"}
{"op_code":5,"worker_id":"3e94b683-ae18-4447-b4da-25c683094ecd-139725259157504","trial_id":49,"param_name":"learning_rate","param_value_internal":0.05909370292352309,"distribution":"{\"name\": \"FloatDistribution\", \"attributes\": {\"step\": null, \"low\": 0.03, \"high\": 20.0, \"log\": true}}"}
{"op_code":5,"worker_id":"3e94b683-ae18-4447-b4da-25c683094ecd-139725259157504","trial_id":49,"param_name":"transfer_lr","param_value_internal":0.007650573948257423,"distribution":"{\"name\": \"FloatDistribution\", \"attributes\": {\"step\": null, \"low\": 4e-06, \"high\": 0.008, \"log\": true}}"}
{"op_code":5,"worker_id":"3e94b683-ae18-4447-b4da-25c683094ecd-139725259157504","trial_id":49,"param_name":"transfer_every","param_value_internal":81.0,"distribution":"{\"name\": \"IntDistribution\", \"attributes\": {\"log\": true, \"step\": 1, \"low\": 63, \"high\": 35000}}"}
{"op_code":5,"worker_id":"3e94b683-ae18-4447-b4da-25c683094ecd-139725259157504","trial_id":49,"param_name":"rank_exp","param_value_internal":5.0,"distribution":"{\"name\": \"IntDistribution\", \"attributes\": {\"log\": false, \"step\": 1, \"low\": 0, \"high\": 5}}"}
{"op_code":5,"worker_id":"3e94b683-ae18-4447-b4da-25c683094ecd-139725259157504","trial_id":49,"param_name":"lora_alpha","param_value_internal":0.07313760520583085,"distribution":"{\"name\": \"FloatDistribution\", \"attributes\": {\"step\": null, \"low\": 6e-05, \"high\": 20.0, \"log\": true}}"}
{"op_code":5,"worker_id":"3e94b683-ae18-4447-b4da-25c683094ecd-139725259157504","trial_id":49,"param_name":"tau_sec","param_value_internal":0.0,"distribution":"{\"name\": \"FloatDistribution\", \"attributes\": {\"step\": null, \"low\": 0.0, \"high\": 0.0, \"log\": false}}"}
{"op_code":5,"worker_id":"3e94b683-ae18-4447-b4da-25c683094ecd-139725259157504","trial_id":49,"param_name":"out_noise","param_value_internal":0.0,"distribution":"{\"name\": \"FloatDistribution\", \"attributes\": {\"step\": null, \"low\": 0.0, \"high\": 0.0, \"log\": false}}"}
{"op_code":5,"worker_id":"3e94b683-ae18-4447-b4da-25c683094ecd-139725259157504","trial_id":49,"param_name":"ab_weight_scaling_omega","param_value_internal":0.0,"distribution":"{\"name\": \"FloatDistribution\", \"attributes\": {\"step\": null, \"low\": 0.0, \"high\": 0.0, \"log\": false}}"}
{"op_code":5,"worker_id":"3e94b683-ae18-4447-b4da-25c683094ecd-139725259157504","trial_id":49,"param_name":"min_lr_rate","param_value_internal":0.0,"distribution":"{\"name\": \"FloatDistribution\", \"attributes\": {\"step\": null, \"low\": 0.0, \"high\": 0.0, \"log\": false}}"}
{"op_code":7,"worker_id":"3e94b683-ae18-4447-b4da-25c683094ecd-139725259157504","trial_id":49,"step":1,"intermediate_value":13.47839020839946}
{"op_code":8,"worker_id":"3e94b683-ae18-4447-b4da-25c683094ecd-139725259157504","trial_id":49,"user_attr":{"train_loss_epoch_1":0.6438694646982389}}
{"op_code":7,"worker_id":"3e94b683-ae18-4447-b4da-25c683094ecd-139725259157504","trial_id":49,"step":2,"intermediate_value":13.47839020839946}
{"op_code":8,"worker_id":"3e94b683-ae18-4447-b4da-25c683094ecd-139725259157504","trial_id":49,"user_attr":{"train_loss_epoch_2":0.682161423772852}}
{"op_code":7,"worker_id":"3e94b683-ae18-4447-b4da-25c683094ecd-139725259157504","trial_id":49,"step":3,"intermediate_value":13.47839020839946}
{"op_code":8,"worker_id":"3e94b683-ae18-4447-b4da-25c683094ecd-139725259157504","trial_id":49,"user_attr":{"train_loss_epoch_3":0.6634721517145077}}
{"op_code":7,"worker_id":"3e94b683-ae18-4447-b4da-25c683094ecd-139725259157504","trial_id":49,"step":4,"intermediate_value":14.114318327229803}
{"op_code":8,"worker_id":"3e94b683-ae18-4447-b4da-25c683094ecd-139725259157504","trial_id":49,"user_attr":{"train_loss_epoch_4":0.6504040880738018}}
{"op_code":7,"worker_id":"3e94b683-ae18-4447-b4da-25c683094ecd-139725259157504","trial_id":49,"step":5,"intermediate_value":14.114318327229803}
{"op_code":8,"worker_id":"3e94b683-ae18-4447-b4da-25c683094ecd-139725259157504","trial_id":49,"user_attr":{"train_loss_epoch_5":0.6378028896367438}}
{"op_code":7,"worker_id":"3e94b683-ae18-4447-b4da-25c683094ecd-139725259157504","trial_id":49,"step":6,"intermediate_value":14.114318327229803}
{"op_code":8,"worker_id":"3e94b683-ae18-4447-b4da-25c683094ecd-139725259157504","trial_id":49,"user_attr":{"train_loss_epoch_6":0.6409421847802457}}
{"op_code":7,"worker_id":"3e94b683-ae18-4447-b4da-25c683094ecd-139725259157504","trial_id":49,"step":7,"intermediate_value":14.114318327229803}
{"op_code":8,"worker_id":"3e94b683-ae18-4447-b4da-25c683094ecd-139725259157504","trial_id":49,"user_attr":{"train_loss_epoch_7":0.6291349350849045}}
{"op_code":6,"worker_id":"3e94b683-ae18-4447-b4da-25c683094ecd-139725259157504","trial_id":49,"state":1,"values":[14.114318327229803],"datetime_complete":"2026-02-22T01:09:17.173913"}
