condition,step,quantity,bin_idx,bin_low,bin_high,bin_center,count
no_noise,1,A,0,-0.0401727,-0.0385598,-0.0393662,1
no_noise,1,A,1,-0.0385598,-0.036947,-0.0377534,2
no_noise,1,A,2,-0.036947,-0.0353342,-0.0361406,1
no_noise,1,A,3,-0.0353342,-0.0337214,-0.0345278,3
no_noise,1,A,4,-0.0337214,-0.0321085,-0.0329149,7
no_noise,1,A,5,-0.0321085,-0.0304957,-0.0313021,8
no_noise,1,A,6,-0.0304957,-0.0288829,-0.0296893,16
no_noise,1,A,7,-0.0288829,-0.02727,-0.0280765,30
no_noise,1,A,8,-0.02727,-0.0256572,-0.0264636,43
no_noise,1,A,9,-0.0256572,-0.0240444,-0.0248508,75
no_noise,1,A,10,-0.0240444,-0.0224316,-0.023238,108
no_noise,1,A,11,-0.0224316,-0.0208187,-0.0216251,167
no_noise,1,A,12,-0.0208187,-0.0192059,-0.0200123,217
no_noise,1,A,13,-0.0192059,-0.0175931,-0.0183995,284
no_noise,1,A,14,-0.0175931,-0.0159802,-0.0167867,387
no_noise,1,A,15,-0.0159802,-0.0143674,-0.0151738,509
no_noise,1,A,16,-0.0143674,-0.0127546,-0.013561,680
no_noise,1,A,17,-0.0127546,-0.0111418,-0.0119482,799
no_noise,1,A,18,-0.0111418,-0.00952893,-0.0103353,946
no_noise,1,A,19,-0.00952893,-0.00791611,-0.00872252,1076
no_noise,1,A,20,-0.00791611,-0.00630328,-0.00710969,1221
no_noise,1,A,21,-0.00630328,-0.00469045,-0.00549686,1343
no_noise,1,A,22,-0.00469045,-0.00307762,-0.00388404,1392
no_noise,1,A,23,-0.00307762,-0.00146479,-0.00227121,1512
no_noise,1,A,24,-0.00146479,0.000148034,-0.00065838,1581
no_noise,1,A,25,0.000148034,0.00176086,0.000954448,1536
no_noise,1,A,26,0.00176086,0.00337369,0.00256728,1536
no_noise,1,A,27,0.00337369,0.00498652,0.0041801,1443
no_noise,1,A,28,0.00498652,0.00659935,0.00579293,1390
no_noise,1,A,29,0.00659935,0.00821217,0.00740576,1191
no_noise,1,A,30,0.00821217,0.009825,0.00901859,1066
no_noise,1,A,31,0.009825,0.0114378,0.0106314,904
no_noise,1,A,32,0.0114378,0.0130507,0.0122442,811
no_noise,1,A,33,0.0130507,0.0146635,0.0138571,603
no_noise,1,A,34,0.0146635,0.0162763,0.0154699,468
no_noise,1,A,35,0.0162763,0.0178891,0.0170827,342
no_noise,1,A,36,0.0178891,0.019502,0.0186956,281
no_noise,1,A,37,0.019502,0.0211148,0.0203084,188
no_noise,1,A,38,0.0211148,0.0227276,0.0219212,142
no_noise,1,A,39,0.0227276,0.0243405,0.023534,105
no_noise,1,A,40,0.0243405,0.0259533,0.0251469,65
no_noise,1,A,41,0.0259533,0.0275661,0.0267597,35
no_noise,1,A,42,0.0275661,0.0291789,0.0283725,21
no_noise,1,A,43,0.0291789,0.0307918,0.0299853,10
no_noise,1,A,44,0.0307918,0.0324046,0.0315982,15
no_noise,1,A,45,0.0324046,0.0340174,0.033211,7
no_noise,1,A,46,0.0340174,0.0356302,0.0348238,2
no_noise,1,A,47,0.0356302,0.0372431,0.0364367,1
no_noise,1,A,48,0.0372431,0.0388559,0.0380495,4
no_noise,1,A,49,0.0388559,0.0404687,0.0396623,2
no_noise,1,B,0,-0.036076,-0.0346328,-0.0353544,469
no_noise,1,B,1,-0.0346328,-0.0331896,-0.0339112,502
no_noise,1,B,2,-0.0331896,-0.0317464,-0.032468,501
no_noise,1,B,3,-0.0317464,-0.0303032,-0.0310248,484
no_noise,1,B,4,-0.0303032,-0.02886,-0.0295816,487
no_noise,1,B,5,-0.02886,-0.0274168,-0.0281384,498
no_noise,1,B,6,-0.0274168,-0.0259736,-0.0266952,510
no_noise,1,B,7,-0.0259736,-0.0245304,-0.025252,467
no_noise,1,B,8,-0.0245304,-0.0230872,-0.0238088,518
no_noise,1,B,9,-0.0230872,-0.021644,-0.0223656,487
no_noise,1,B,10,-0.021644,-0.0202008,-0.0209224,506
no_noise,1,B,11,-0.0202008,-0.0187576,-0.0194792,522
no_noise,1,B,12,-0.0187576,-0.0173144,-0.018036,485
no_noise,1,B,13,-0.0173144,-0.0158712,-0.0165928,457
no_noise,1,B,14,-0.0158712,-0.014428,-0.0151496,531
no_noise,1,B,15,-0.014428,-0.0129848,-0.0137064,558
no_noise,1,B,16,-0.0129848,-0.0115416,-0.0122632,499
no_noise,1,B,17,-0.0115416,-0.0100984,-0.01082,529
no_noise,1,B,18,-0.0100984,-0.00865516,-0.00937676,516
no_noise,1,B,19,-0.00865516,-0.00721196,-0.00793356,490
no_noise,1,B,20,-0.00721196,-0.00576876,-0.00649036,521
no_noise,1,B,21,-0.00576876,-0.00432556,-0.00504716,496
no_noise,1,B,22,-0.00432556,-0.00288236,-0.00360396,463
no_noise,1,B,23,-0.00288236,-0.00143916,-0.00216076,486
no_noise,1,B,24,-0.00143916,4.03821e-06,-0.000717562,452
no_noise,1,B,25,4.03821e-06,0.00144724,0.000725638,470
no_noise,1,B,26,0.00144724,0.00289044,0.00216884,475
no_noise,1,B,27,0.00289044,0.00433364,0.00361204,473
no_noise,1,B,28,0.00433364,0.00577684,0.00505524,510
no_noise,1,B,29,0.00577684,0.00722004,0.00649844,479
no_noise,1,B,30,0.00722004,0.00866324,0.00794164,495
no_noise,1,B,31,0.00866324,0.0101064,0.00938484,503
no_noise,1,B,32,0.0101064,0.0115496,0.010828,464
no_noise,1,B,33,0.0115496,0.0129928,0.0122712,501
no_noise,1,B,34,0.0129928,0.014436,0.0137144,469
no_noise,1,B,35,0.014436,0.0158792,0.0151576,474
no_noise,1,B,36,0.0158792,0.0173224,0.0166008,487
no_noise,1,B,37,0.0173224,0.0187656,0.018044,493
no_noise,1,B,38,0.0187656,0.0202088,0.0194872,483
no_noise,1,B,39,0.0202088,0.021652,0.0209304,494
no_noise,1,B,40,0.021652,0.0230952,0.0223736,499
no_noise,1,B,41,0.0230952,0.0245384,0.0238168,470
no_noise,1,B,42,0.0245384,0.0259816,0.02526,489
no_noise,1,B,43,0.0259816,0.0274248,0.0267032,470
no_noise,1,B,44,0.0274248,0.028868,0.0281464,500
no_noise,1,B,45,0.028868,0.0303112,0.0295896,514
no_noise,1,B,46,0.0303112,0.0317544,0.0310328,482
no_noise,1,B,47,0.0317544,0.0331976,0.032476,461
no_noise,1,B,48,0.0331976,0.0346408,0.0339192,505
no_noise,1,B,49,0.0346408,0.036084,0.0353624,482
no_noise,1,C_eff,0,-0.31283,-0.30258,-0.307705,1
no_noise,1,C_eff,1,-0.30258,-0.29233,-0.297455,0
no_noise,1,C_eff,2,-0.29233,-0.28208,-0.287205,0
no_noise,1,C_eff,3,-0.28208,-0.27183,-0.276955,0
no_noise,1,C_eff,4,-0.27183,-0.26158,-0.266705,0
no_noise,1,C_eff,5,-0.26158,-0.25133,-0.256455,0
no_noise,1,C_eff,6,-0.25133,-0.24108,-0.246205,1
no_noise,1,C_eff,7,-0.24108,-0.23083,-0.235955,0
no_noise,1,C_eff,8,-0.23083,-0.22058,-0.225705,1
no_noise,1,C_eff,9,-0.22058,-0.21033,-0.215455,0
no_noise,1,C_eff,10,-0.21033,-0.20008,-0.205205,0
no_noise,1,C_eff,11,-0.20008,-0.18983,-0.194955,1
no_noise,1,C_eff,12,-0.18983,-0.17958,-0.184705,0
no_noise,1,C_eff,13,-0.17958,-0.16933,-0.174455,2
no_noise,1,C_eff,14,-0.16933,-0.15908,-0.164205,10
no_noise,1,C_eff,15,-0.15908,-0.14883,-0.153955,25
no_noise,1,C_eff,16,-0.14883,-0.13858,-0.143705,58
no_noise,1,C_eff,17,-0.13858,-0.12833,-0.133455,126
no_noise,1,C_eff,18,-0.12833,-0.11808,-0.123205,302
no_noise,1,C_eff,19,-0.11808,-0.10783,-0.112955,711
no_noise,1,C_eff,20,-0.10783,-0.0975799,-0.102705,1416
no_noise,1,C_eff,21,-0.0975799,-0.0873299,-0.0924549,2921
no_noise,1,C_eff,22,-0.0873299,-0.0770799,-0.0822049,5405
no_noise,1,C_eff,23,-0.0770799,-0.0668299,-0.0719549,9404
no_noise,1,C_eff,24,-0.0668299,-0.0565799,-0.0617049,15758
no_noise,1,C_eff,25,-0.0565799,-0.0463299,-0.0514549,24379
no_noise,1,C_eff,26,-0.0463299,-0.0360799,-0.0412049,34540
no_noise,1,C_eff,27,-0.0360799,-0.0258298,-0.0309549,46023
no_noise,1,C_eff,28,-0.0258298,-0.0155798,-0.0207048,55945
no_noise,1,C_eff,29,-0.0155798,-0.00532983,-0.0104548,63660
no_noise,1,C_eff,30,-0.00532983,0.00492018,-0.000204825,66021
no_noise,1,C_eff,31,0.00492018,0.0151702,0.0100452,63493
no_noise,1,C_eff,32,0.0151702,0.0254202,0.0202952,56709
no_noise,1,C_eff,33,0.0254202,0.0356702,0.0305452,46267
no_noise,1,C_eff,34,0.0356702,0.0459202,0.0407952,34898
no_noise,1,C_eff,35,0.0459202,0.0561702,0.0510452,24605
no_noise,1,C_eff,36,0.0561702,0.0664202,0.0612952,16197
no_noise,1,C_eff,37,0.0664202,0.0766702,0.0715452,9675
no_noise,1,C_eff,38,0.0766702,0.0869202,0.0817952,5647
no_noise,1,C_eff,39,0.0869202,0.0971703,0.0920453,2936
no_noise,1,C_eff,40,0.0971703,0.10742,0.102295,1477
no_noise,1,C_eff,41,0.10742,0.11767,0.112545,680
no_noise,1,C_eff,42,0.11767,0.12792,0.122795,320
no_noise,1,C_eff,43,0.12792,0.13817,0.133045,124
no_noise,1,C_eff,44,0.13817,0.14842,0.143295,47
no_noise,1,C_eff,45,0.14842,0.15867,0.153545,20
no_noise,1,C_eff,46,0.15867,0.16892,0.163795,12
no_noise,1,C_eff,47,0.16892,0.17917,0.174045,1
no_noise,1,C_eff,48,0.17917,0.18942,0.184295,2
no_noise,1,C_eff,49,0.18942,0.19967,0.194545,4
no_noise,1845,A,0,-0.156815,-0.150796,-0.153805,2
no_noise,1845,A,1,-0.150796,-0.144777,-0.147787,1
no_noise,1845,A,2,-0.144777,-0.138758,-0.141768,0
no_noise,1845,A,3,-0.138758,-0.13274,-0.135749,5
no_noise,1845,A,4,-0.13274,-0.126721,-0.12973,5
no_noise,1845,A,5,-0.126721,-0.120702,-0.123711,9
no_noise,1845,A,6,-0.120702,-0.114683,-0.117692,8
no_noise,1845,A,7,-0.114683,-0.108664,-0.111674,24
no_noise,1845,A,8,-0.108664,-0.102645,-0.105655,31
no_noise,1845,A,9,-0.102645,-0.0966266,-0.099636,57
no_noise,1845,A,10,-0.0966266,-0.0906078,-0.0936172,73
no_noise,1845,A,11,-0.0906078,-0.0845889,-0.0875983,126
no_noise,1845,A,12,-0.0845889,-0.0785701,-0.0815795,160
no_noise,1845,A,13,-0.0785701,-0.0725513,-0.0755607,233
no_noise,1845,A,14,-0.0725513,-0.0665325,-0.0695419,309
no_noise,1845,A,15,-0.0665325,-0.0605136,-0.063523,383
no_noise,1845,A,16,-0.0605136,-0.0544948,-0.0575042,497
no_noise,1845,A,17,-0.0544948,-0.048476,-0.0514854,666
no_noise,1845,A,18,-0.048476,-0.0424571,-0.0454666,750
no_noise,1845,A,19,-0.0424571,-0.0364383,-0.0394477,913
no_noise,1845,A,20,-0.0364383,-0.0304195,-0.0334289,1026
no_noise,1845,A,21,-0.0304195,-0.0244007,-0.0274101,1207
no_noise,1845,A,22,-0.0244007,-0.0183818,-0.0213913,1295
no_noise,1845,A,23,-0.0183818,-0.012363,-0.0153724,1459
no_noise,1845,A,24,-0.012363,-0.00634419,-0.0093536,1517
no_noise,1845,A,25,-0.00634419,-0.000325366,-0.00333478,1555
no_noise,1845,A,26,-0.000325366,0.00569346,0.00268405,1583
no_noise,1845,A,27,0.00569346,0.0117123,0.00870287,1477
no_noise,1845,A,28,0.0117123,0.0177311,0.0147217,1363
no_noise,1845,A,29,0.0177311,0.0237499,0.0207405,1290
no_noise,1845,A,30,0.0237499,0.0297688,0.0267594,1238
no_noise,1845,A,31,0.0297688,0.0357876,0.0327782,1051
no_noise,1845,A,32,0.0357876,0.0418064,0.038797,933
no_noise,1845,A,33,0.0418064,0.0478252,0.0448158,830
no_noise,1845,A,34,0.0478252,0.0538441,0.0508347,601
no_noise,1845,A,35,0.0538441,0.0598629,0.0568535,484
no_noise,1845,A,36,0.0598629,0.0658817,0.0628723,403
no_noise,1845,A,37,0.0658817,0.0719005,0.0688911,295
no_noise,1845,A,38,0.0719005,0.0779194,0.07491,209
no_noise,1845,A,39,0.0779194,0.0839382,0.0809288,155
no_noise,1845,A,40,0.0839382,0.089957,0.0869476,125
no_noise,1845,A,41,0.089957,0.0959759,0.0929664,72
no_noise,1845,A,42,0.0959759,0.101995,0.0989853,59
no_noise,1845,A,43,0.101995,0.108014,0.105004,34
no_noise,1845,A,44,0.108014,0.114032,0.111023,24
no_noise,1845,A,45,0.114032,0.120051,0.117042,18
no_noise,1845,A,46,0.120051,0.12607,0.123061,11
no_noise,1845,A,47,0.12607,0.132089,0.129079,3
no_noise,1845,A,48,0.132089,0.138108,0.135098,3
no_noise,1845,A,49,0.138108,0.144126,0.141117,4
no_noise,1845,B,0,-0.153258,-0.147417,-0.150338,2
no_noise,1845,B,1,-0.147417,-0.141576,-0.144496,0
no_noise,1845,B,2,-0.141576,-0.135734,-0.138655,1
no_noise,1845,B,3,-0.135734,-0.129893,-0.132813,5
no_noise,1845,B,4,-0.129893,-0.124051,-0.126972,5
no_noise,1845,B,5,-0.124051,-0.11821,-0.121131,5
no_noise,1845,B,6,-0.11821,-0.112369,-0.115289,12
no_noise,1845,B,7,-0.112369,-0.106527,-0.109448,29
no_noise,1845,B,8,-0.106527,-0.100686,-0.103607,42
no_noise,1845,B,9,-0.100686,-0.0948445,-0.0977652,50
no_noise,1845,B,10,-0.0948445,-0.0890032,-0.0919239,69
no_noise,1845,B,11,-0.0890032,-0.0831618,-0.0860825,120
no_noise,1845,B,12,-0.0831618,-0.0773204,-0.0802411,150
no_noise,1845,B,13,-0.0773204,-0.071479,-0.0743997,207
no_noise,1845,B,14,-0.071479,-0.0656377,-0.0685584,251
no_noise,1845,B,15,-0.0656377,-0.0597963,-0.062717,388
no_noise,1845,B,16,-0.0597963,-0.0539549,-0.0568756,467
no_noise,1845,B,17,-0.0539549,-0.0481136,-0.0510342,581
no_noise,1845,B,18,-0.0481136,-0.0422722,-0.0451929,703
no_noise,1845,B,19,-0.0422722,-0.0364308,-0.0393515,861
no_noise,1845,B,20,-0.0364308,-0.0305894,-0.0335101,980
no_noise,1845,B,21,-0.0305894,-0.0247481,-0.0276688,1183
no_noise,1845,B,22,-0.0247481,-0.0189067,-0.0218274,1392
no_noise,1845,B,23,-0.0189067,-0.0130653,-0.015986,1445
no_noise,1845,B,24,-0.0130653,-0.00722395,-0.0101446,1558
no_noise,1845,B,25,-0.00722395,-0.00138258,-0.00430326,1565
no_noise,1845,B,26,-0.00138258,0.0044588,0.00153811,1533
no_noise,1845,B,27,0.0044588,0.0103002,0.00737948,1536
no_noise,1845,B,28,0.0103002,0.0161415,0.0132209,1482
no_noise,1845,B,29,0.0161415,0.0219829,0.0190622,1284
no_noise,1845,B,30,0.0219829,0.0278243,0.0249036,1214
no_noise,1845,B,31,0.0278243,0.0336657,0.030745,1063
no_noise,1845,B,32,0.0336657,0.039507,0.0365863,874
no_noise,1845,B,33,0.039507,0.0453484,0.0424277,795
no_noise,1845,B,34,0.0453484,0.0511898,0.0482691,677
no_noise,1845,B,35,0.0511898,0.0570311,0.0541105,532
no_noise,1845,B,36,0.0570311,0.0628725,0.0599518,401
no_noise,1845,B,37,0.0628725,0.0687139,0.0657932,291
no_noise,1845,B,38,0.0687139,0.0745553,0.0716346,243
no_noise,1845,B,39,0.0745553,0.0803966,0.077476,182
no_noise,1845,B,40,0.0803966,0.086238,0.0833173,131
no_noise,1845,B,41,0.086238,0.0920794,0.0891587,87
no_noise,1845,B,42,0.0920794,0.0979208,0.0950001,56
no_noise,1845,B,43,0.0979208,0.103762,0.100841,55
no_noise,1845,B,44,0.103762,0.109604,0.106683,20
no_noise,1845,B,45,0.109604,0.115445,0.112524,23
no_noise,1845,B,46,0.115445,0.121286,0.118366,10
no_noise,1845,B,47,0.121286,0.127128,0.124207,7
no_noise,1845,B,48,0.127128,0.132969,0.130048,5
no_noise,1845,B,49,0.132969,0.13881,0.13589,4
no_noise,1845,C_eff,0,-0.31283,-0.302495,-0.307662,1
no_noise,1845,C_eff,1,-0.302495,-0.292159,-0.297327,0
no_noise,1845,C_eff,2,-0.292159,-0.281823,-0.286991,0
no_noise,1845,C_eff,3,-0.281823,-0.271488,-0.276656,0
no_noise,1845,C_eff,4,-0.271488,-0.261152,-0.26632,0
no_noise,1845,C_eff,5,-0.261152,-0.250817,-0.255985,0
no_noise,1845,C_eff,6,-0.250817,-0.240481,-0.245649,1
no_noise,1845,C_eff,7,-0.240481,-0.230146,-0.235314,0
no_noise,1845,C_eff,8,-0.230146,-0.21981,-0.224978,1
no_noise,1845,C_eff,9,-0.21981,-0.209475,-0.214642,0
no_noise,1845,C_eff,10,-0.209475,-0.199139,-0.204307,0
no_noise,1845,C_eff,11,-0.199139,-0.188804,-0.193971,1
no_noise,1845,C_eff,12,-0.188804,-0.178468,-0.183636,1
no_noise,1845,C_eff,13,-0.178468,-0.168132,-0.1733,1
no_noise,1845,C_eff,14,-0.168132,-0.157797,-0.162965,10
no_noise,1845,C_eff,15,-0.157797,-0.147461,-0.152629,24
no_noise,1845,C_eff,16,-0.147461,-0.137126,-0.142294,58
no_noise,1845,C_eff,17,-0.137126,-0.12679,-0.131958,135
no_noise,1845,C_eff,18,-0.12679,-0.116455,-0.121623,381
no_noise,1845,C_eff,19,-0.116455,-0.106119,-0.111287,812
no_noise,1845,C_eff,20,-0.106119,-0.0957837,-0.100951,1634
no_noise,1845,C_eff,21,-0.0957837,-0.0854481,-0.0906159,3352
no_noise,1845,C_eff,22,-0.0854481,-0.0751126,-0.0802804,6211
no_noise,1845,C_eff,23,-0.0751126,-0.0647771,-0.0699448,10619
no_noise,1845,C_eff,24,-0.0647771,-0.0544415,-0.0596093,17537
no_noise,1845,C_eff,25,-0.0544415,-0.044106,-0.0492737,26629
no_noise,1845,C_eff,26,-0.044106,-0.0337704,-0.0389382,37669
no_noise,1845,C_eff,27,-0.0337704,-0.0234349,-0.0286027,48643
no_noise,1845,C_eff,28,-0.0234349,-0.0130993,-0.0182671,58361
no_noise,1845,C_eff,29,-0.0130993,-0.0027638,-0.00793157,65279
no_noise,1845,C_eff,30,-0.0027638,0.00757175,0.00240398,65932
no_noise,1845,C_eff,31,0.00757175,0.0179073,0.0127395,62780
no_noise,1845,C_eff,32,0.0179073,0.0282428,0.0230751,54310
no_noise,1845,C_eff,33,0.0282428,0.0385784,0.0334106,43587
no_noise,1845,C_eff,34,0.0385784,0.0489139,0.0437461,31813
no_noise,1845,C_eff,35,0.0489139,0.0592495,0.0540817,22347
no_noise,1845,C_eff,36,0.0592495,0.069585,0.0644172,14108
no_noise,1845,C_eff,37,0.069585,0.0799205,0.0747528,8274
no_noise,1845,C_eff,38,0.0799205,0.0902561,0.0850883,4819
no_noise,1845,C_eff,39,0.0902561,0.100592,0.0954239,2379
no_noise,1845,C_eff,40,0.100592,0.110927,0.105759,1212
no_noise,1845,C_eff,41,0.110927,0.121263,0.116095,522
no_noise,1845,C_eff,42,0.121263,0.131598,0.12643,243
no_noise,1845,C_eff,43,0.131598,0.141934,0.136766,76
no_noise,1845,C_eff,44,0.141934,0.152269,0.147102,33
no_noise,1845,C_eff,45,0.152269,0.162605,0.157437,16
no_noise,1845,C_eff,46,0.162605,0.17294,0.167773,7
no_noise,1845,C_eff,47,0.17294,0.183276,0.178108,0
no_noise,1845,C_eff,48,0.183276,0.193612,0.188444,4
no_noise,1845,C_eff,49,0.193612,0.203947,0.198779,2
no_noise,3689,A,0,-0.150902,-0.144576,-0.147739,1
no_noise,3689,A,1,-0.144576,-0.13825,-0.141413,3
no_noise,3689,A,2,-0.13825,-0.131924,-0.135087,4
no_noise,3689,A,3,-0.131924,-0.125598,-0.128761,6
no_noise,3689,A,4,-0.125598,-0.119272,-0.122435,9
no_noise,3689,A,5,-0.119272,-0.112946,-0.116109,23
no_noise,3689,A,6,-0.112946,-0.10662,-0.109783,32
no_noise,3689,A,7,-0.10662,-0.100293,-0.103457,44
no_noise,3689,A,8,-0.100293,-0.0939674,-0.0971304,58
no_noise,3689,A,9,-0.0939674,-0.0876413,-0.0908044,90
no_noise,3689,A,10,-0.0876413,-0.0813152,-0.0844783,137
no_noise,3689,A,11,-0.0813152,-0.0749892,-0.0781522,188
no_noise,3689,A,12,-0.0749892,-0.0686631,-0.0718261,317
no_noise,3689,A,13,-0.0686631,-0.062337,-0.0655,367
no_noise,3689,A,14,-0.062337,-0.0560109,-0.059174,472
no_noise,3689,A,15,-0.0560109,-0.0496848,-0.0528479,611
no_noise,3689,A,16,-0.0496848,-0.0433588,-0.0465218,786
no_noise,3689,A,17,-0.0433588,-0.0370327,-0.0401957,917
no_noise,3689,A,18,-0.0370327,-0.0307066,-0.0338697,1088
no_noise,3689,A,19,-0.0307066,-0.0243805,-0.0275436,1209
no_noise,3689,A,20,-0.0243805,-0.0180545,-0.0212175,1434
no_noise,3689,A,21,-0.0180545,-0.0117284,-0.0148914,1493
no_noise,3689,A,22,-0.0117284,-0.0054023,-0.00856533,1575
no_noise,3689,A,23,-0.0054023,0.000923783,-0.00223926,1648
no_noise,3689,A,24,0.000923783,0.00724986,0.00408682,1591
no_noise,3689,A,25,0.00724986,0.0135759,0.0104129,1560
no_noise,3689,A,26,0.0135759,0.019902,0.016739,1434
no_noise,3689,A,27,0.019902,0.0262281,0.0230651,1372
no_noise,3689,A,28,0.0262281,0.0325542,0.0293911,1222
no_noise,3689,A,29,0.0325542,0.0388803,0.0357172,1067
no_noise,3689,A,30,0.0388803,0.0452063,0.0420433,885
no_noise,3689,A,31,0.0452063,0.0515324,0.0483694,706
no_noise,3689,A,32,0.0515324,0.0578585,0.0546955,576
no_noise,3689,A,33,0.0578585,0.0641846,0.0610215,459
no_noise,3689,A,34,0.0641846,0.0705106,0.0673476,340
no_noise,3689,A,35,0.0705106,0.0768367,0.0736737,261
no_noise,3689,A,36,0.0768367,0.0831628,0.0799998,177
no_noise,3689,A,37,0.0831628,0.0894889,0.0863258,151
no_noise,3689,A,38,0.0894889,0.095815,0.0926519,96
no_noise,3689,A,39,0.095815,0.102141,0.098978,60
no_noise,3689,A,40,0.102141,0.108467,0.105304,42
no_noise,3689,A,41,0.108467,0.114793,0.11163,25
no_noise,3689,A,42,0.114793,0.121119,0.117956,16
no_noise,3689,A,43,0.121119,0.127445,0.124282,9
no_noise,3689,A,44,0.127445,0.133771,0.130608,6
no_noise,3689,A,45,0.133771,0.140098,0.136934,3
no_noise,3689,A,46,0.140098,0.146424,0.143261,3
no_noise,3689,A,47,0.146424,0.15275,0.149587,1
no_noise,3689,A,48,0.15275,0.159076,0.155913,1
no_noise,3689,A,49,0.159076,0.165402,0.162239,1
no_noise,3689,B,0,-0.138798,-0.133182,-0.13599,5
no_noise,3689,B,1,-0.133182,-0.127565,-0.130374,4
no_noise,3689,B,2,-0.127565,-0.121949,-0.124757,8
no_noise,3689,B,3,-0.121949,-0.116332,-0.119141,6
no_noise,3689,B,4,-0.116332,-0.110716,-0.113524,14
no_noise,3689,B,5,-0.110716,-0.105099,-0.107907,25
no_noise,3689,B,6,-0.105099,-0.0994827,-0.102291,43
no_noise,3689,B,7,-0.0994827,-0.0938662,-0.0966745,65
no_noise,3689,B,8,-0.0938662,-0.0882497,-0.091058,75
no_noise,3689,B,9,-0.0882497,-0.0826332,-0.0854414,124
no_noise,3689,B,10,-0.0826332,-0.0770167,-0.0798249,168
no_noise,3689,B,11,-0.0770167,-0.0714002,-0.0742084,208
no_noise,3689,B,12,-0.0714002,-0.0657837,-0.0685919,264
no_noise,3689,B,13,-0.0657837,-0.0601671,-0.0629754,372
no_noise,3689,B,14,-0.0601671,-0.0545506,-0.0573589,504
no_noise,3689,B,15,-0.0545506,-0.0489341,-0.0517424,616
no_noise,3689,B,16,-0.0489341,-0.0433176,-0.0461259,698
no_noise,3689,B,17,-0.0433176,-0.0377011,-0.0405094,822
no_noise,3689,B,18,-0.0377011,-0.0320846,-0.0348928,969
no_noise,3689,B,19,-0.0320846,-0.0264681,-0.0292763,1039
no_noise,3689,B,20,-0.0264681,-0.0208516,-0.0236598,1158
no_noise,3689,B,21,-0.0208516,-0.0152351,-0.0180433,1336
no_noise,3689,B,22,-0.0152351,-0.00961854,-0.0124268,1301
no_noise,3689,B,23,-0.00961854,-0.00400203,-0.00681029,1480
no_noise,3689,B,24,-0.00400203,0.00161448,-0.00119377,1460
no_noise,3689,B,25,0.00161448,0.00723099,0.00442274,1435
no_noise,3689,B,26,0.00723099,0.0128475,0.0100392,1345
no_noise,3689,B,27,0.0128475,0.018464,0.0156558,1345
no_noise,3689,B,28,0.018464,0.0240805,0.0212723,1236
no_noise,3689,B,29,0.0240805,0.029697,0.0268888,1131
no_noise,3689,B,30,0.029697,0.0353135,0.0325053,998
no_noise,3689,B,31,0.0353135,0.0409301,0.0381218,846
no_noise,3689,B,32,0.0409301,0.0465466,0.0437383,779
no_noise,3689,B,33,0.0465466,0.0521631,0.0493548,644
no_noise,3689,B,34,0.0521631,0.0577796,0.0549713,509
no_noise,3689,B,35,0.0577796,0.0633961,0.0605878,405
no_noise,3689,B,36,0.0633961,0.0690126,0.0662044,300
no_noise,3689,B,37,0.0690126,0.0746291,0.0718209,234
no_noise,3689,B,38,0.0746291,0.0802456,0.0774374,191
no_noise,3689,B,39,0.0802456,0.0858621,0.0830539,126
no_noise,3689,B,40,0.0858621,0.0914787,0.0886704,95
no_noise,3689,B,41,0.0914787,0.0970952,0.0942869,70
no_noise,3689,B,42,0.0970952,0.102712,0.0999034,40
no_noise,3689,B,43,0.102712,0.108328,0.10552,32
no_noise,3689,B,44,0.108328,0.113945,0.111136,19
no_noise,3689,B,45,0.113945,0.119561,0.116753,16
no_noise,3689,B,46,0.119561,0.125178,0.122369,8
no_noise,3689,B,47,0.125178,0.130794,0.127986,3
no_noise,3689,B,48,0.130794,0.136411,0.133602,2
no_noise,3689,B,49,0.136411,0.142027,0.139219,3
no_noise,3689,C_eff,0,-0.309164,-0.298951,-0.304058,1
no_noise,3689,C_eff,1,-0.298951,-0.288738,-0.293844,0
no_noise,3689,C_eff,2,-0.288738,-0.278524,-0.283631,0
no_noise,3689,C_eff,3,-0.278524,-0.268311,-0.273418,0
no_noise,3689,C_eff,4,-0.268311,-0.258098,-0.263204,0
no_noise,3689,C_eff,5,-0.258098,-0.247884,-0.252991,0
no_noise,3689,C_eff,6,-0.247884,-0.237671,-0.242778,1
no_noise,3689,C_eff,7,-0.237671,-0.227458,-0.232564,0
no_noise,3689,C_eff,8,-0.227458,-0.217244,-0.222351,1
no_noise,3689,C_eff,9,-0.217244,-0.207031,-0.212138,0
no_noise,3689,C_eff,10,-0.207031,-0.196817,-0.201924,0
no_noise,3689,C_eff,11,-0.196817,-0.186604,-0.191711,1
no_noise,3689,C_eff,12,-0.186604,-0.176391,-0.181497,1
no_noise,3689,C_eff,13,-0.176391,-0.166177,-0.171284,1
no_noise,3689,C_eff,14,-0.166177,-0.155964,-0.161071,11
no_noise,3689,C_eff,15,-0.155964,-0.145751,-0.150857,28
no_noise,3689,C_eff,16,-0.145751,-0.135537,-0.140644,61
no_noise,3689,C_eff,17,-0.135537,-0.125324,-0.130431,164
no_noise,3689,C_eff,18,-0.125324,-0.115111,-0.120217,398
no_noise,3689,C_eff,19,-0.115111,-0.104897,-0.110004,933
no_noise,3689,C_eff,20,-0.104897,-0.094684,-0.0997906,1818
no_noise,3689,C_eff,21,-0.094684,-0.0844706,-0.0895773,3588
no_noise,3689,C_eff,22,-0.0844706,-0.0742573,-0.0793639,6493
no_noise,3689,C_eff,23,-0.0742573,-0.0640439,-0.0691506,11056
no_noise,3689,C_eff,24,-0.0640439,-0.0538306,-0.0589372,17991
no_noise,3689,C_eff,25,-0.0538306,-0.0436172,-0.0487239,26858
no_noise,3689,C_eff,26,-0.0436172,-0.0334039,-0.0385105,37584
no_noise,3689,C_eff,27,-0.0334039,-0.0231905,-0.0282972,48281
no_noise,3689,C_eff,28,-0.0231905,-0.0129772,-0.0180838,57866
no_noise,3689,C_eff,29,-0.0129772,-0.0027638,-0.00787047,64288
no_noise,3689,C_eff,30,-0.0027638,0.00744955,0.00234288,64982
no_noise,3689,C_eff,31,0.00744955,0.0176629,0.0125562,61845
no_noise,3689,C_eff,32,0.0176629,0.0278763,0.0227696,53829
no_noise,3689,C_eff,33,0.0278763,0.0380896,0.0329829,43584
no_noise,3689,C_eff,34,0.0380896,0.048303,0.0431963,32002
no_noise,3689,C_eff,35,0.048303,0.0585163,0.0534096,22790
no_noise,3689,C_eff,36,0.0585163,0.0687297,0.063623,14625
no_noise,3689,C_eff,37,0.0687297,0.078943,0.0738363,8674
no_noise,3689,C_eff,38,0.078943,0.0891564,0.0840497,5047
no_noise,3689,C_eff,39,0.0891564,0.0993697,0.094263,2676
no_noise,3689,C_eff,40,0.0993697,0.109583,0.104476,1298
no_noise,3689,C_eff,41,0.109583,0.119796,0.11469,625
no_noise,3689,C_eff,42,0.119796,0.13001,0.124903,271
no_noise,3689,C_eff,43,0.13001,0.140223,0.135116,88
no_noise,3689,C_eff,44,0.140223,0.150436,0.14533,33
no_noise,3689,C_eff,45,0.150436,0.16065,0.155543,17
no_noise,3689,C_eff,46,0.16065,0.170863,0.165757,8
no_noise,3689,C_eff,47,0.170863,0.181077,0.17597,0
no_noise,3689,C_eff,48,0.181077,0.19129,0.186183,3
no_noise,3689,C_eff,49,0.19129,0.201503,0.196397,3
no_noise,5533,A,0,-0.148613,-0.142595,-0.145604,2
no_noise,5533,A,1,-0.142595,-0.136577,-0.139586,0
no_noise,5533,A,2,-0.136577,-0.130559,-0.133568,3
no_noise,5533,A,3,-0.130559,-0.124541,-0.12755,5
no_noise,5533,A,4,-0.124541,-0.118523,-0.121532,7
no_noise,5533,A,5,-0.118523,-0.112505,-0.115514,9
no_noise,5533,A,6,-0.112505,-0.106487,-0.109496,26
no_noise,5533,A,7,-0.106487,-0.100469,-0.103478,31
no_noise,5533,A,8,-0.100469,-0.0944505,-0.0974596,67
no_noise,5533,A,9,-0.0944505,-0.0884325,-0.0914415,98
no_noise,5533,A,10,-0.0884325,-0.0824144,-0.0854234,138
no_noise,5533,A,11,-0.0824144,-0.0763963,-0.0794053,183
no_noise,5533,A,12,-0.0763963,-0.0703782,-0.0733873,254
no_noise,5533,A,13,-0.0703782,-0.0643601,-0.0673692,376
no_noise,5533,A,14,-0.0643601,-0.0583421,-0.0613511,431
no_noise,5533,A,15,-0.0583421,-0.052324,-0.055333,571
no_noise,5533,A,16,-0.052324,-0.0463059,-0.0493149,682
no_noise,5533,A,17,-0.0463059,-0.0402878,-0.0432969,830
no_noise,5533,A,18,-0.0402878,-0.0342698,-0.0372788,1018
no_noise,5533,A,19,-0.0342698,-0.0282517,-0.0312607,1099
no_noise,5533,A,20,-0.0282517,-0.0222336,-0.0252426,1245
no_noise,5533,A,21,-0.0222336,-0.0162155,-0.0192246,1315
no_noise,5533,A,22,-0.0162155,-0.0101974,-0.0132065,1464
no_noise,5533,A,23,-0.0101974,-0.00417936,-0.0071884,1441
no_noise,5533,A,24,-0.00417936,0.00183871,-0.00117032,1529
no_noise,5533,A,25,0.00183871,0.00785679,0.00484775,1498
no_noise,5533,A,26,0.00785679,0.0138749,0.0108658,1421
no_noise,5533,A,27,0.0138749,0.0198929,0.0168839,1350
no_noise,5533,A,28,0.0198929,0.025911,0.022902,1312
no_noise,5533,A,29,0.025911,0.0319291,0.0289201,1131
no_noise,5533,A,30,0.0319291,0.0379472,0.0349381,1000
no_noise,5533,A,31,0.0379472,0.0439653,0.0409562,879
no_noise,5533,A,32,0.0439653,0.0499833,0.0469743,725
no_noise,5533,A,33,0.0499833,0.0560014,0.0529924,584
no_noise,5533,A,34,0.0560014,0.0620195,0.0590105,469
no_noise,5533,A,35,0.0620195,0.0680376,0.0650285,395
no_noise,5533,A,36,0.0680376,0.0740556,0.0710466,302
no_noise,5533,A,37,0.0740556,0.0800737,0.0770647,235
no_noise,5533,A,38,0.0800737,0.0860918,0.0830828,149
no_noise,5533,A,39,0.0860918,0.0921099,0.0891008,107
no_noise,5533,A,40,0.0921099,0.098128,0.0951189,73
no_noise,5533,A,41,0.098128,0.104146,0.101137,42
no_noise,5533,A,42,0.104146,0.110164,0.107155,26
no_noise,5533,A,43,0.110164,0.116182,0.113173,18
no_noise,5533,A,44,0.116182,0.1222,0.119191,17
no_noise,5533,A,45,0.1222,0.128218,0.125209,9
no_noise,5533,A,46,0.128218,0.134236,0.131227,5
no_noise,5533,A,47,0.134236,0.140255,0.137245,1
no_noise,5533,A,48,0.140255,0.146273,0.143264,1
no_noise,5533,A,49,0.146273,0.152291,0.149282,3
no_noise,5533,B,0,-0.169673,-0.163192,-0.166432,1
no_noise,5533,B,1,-0.163192,-0.156712,-0.159952,0
no_noise,5533,B,2,-0.156712,-0.150231,-0.153471,1
no_noise,5533,B,3,-0.150231,-0.14375,-0.146991,0
no_noise,5533,B,4,-0.14375,-0.13727,-0.14051,1
no_noise,5533,B,5,-0.13727,-0.130789,-0.13403,3
no_noise,5533,B,6,-0.130789,-0.124309,-0.127549,10
no_noise,5533,B,7,-0.124309,-0.117828,-0.121068,11
no_noise,5533,B,8,-0.117828,-0.111348,-0.114588,22
no_noise,5533,B,9,-0.111348,-0.104867,-0.108107,30
no_noise,5533,B,10,-0.104867,-0.0983865,-0.101627,54
no_noise,5533,B,11,-0.0983865,-0.0919059,-0.0951462,60
no_noise,5533,B,12,-0.0919059,-0.0854254,-0.0886656,116
no_noise,5533,B,13,-0.0854254,-0.0789448,-0.0821851,149
no_noise,5533,B,14,-0.0789448,-0.0724642,-0.0757045,202
no_noise,5533,B,15,-0.0724642,-0.0659837,-0.069224,328
no_noise,5533,B,16,-0.0659837,-0.0595031,-0.0627434,409
no_noise,5533,B,17,-0.0595031,-0.0530226,-0.0562628,592
no_noise,5533,B,18,-0.0530226,-0.046542,-0.0497823,729
no_noise,5533,B,19,-0.046542,-0.0400614,-0.0433017,867
no_noise,5533,B,20,-0.0400614,-0.0335809,-0.0368212,1064
no_noise,5533,B,21,-0.0335809,-0.0271003,-0.0303406,1270
no_noise,5533,B,22,-0.0271003,-0.0206198,-0.02386,1363
no_noise,5533,B,23,-0.0206198,-0.0141392,-0.0173795,1479
no_noise,5533,B,24,-0.0141392,-0.00765864,-0.0108989,1588
no_noise,5533,B,25,-0.00765864,-0.00117808,-0.00441836,1658
no_noise,5533,B,26,-0.00117808,0.00530248,0.0020622,1634
no_noise,5533,B,27,0.00530248,0.011783,0.00854276,1631
no_noise,5533,B,28,0.011783,0.0182636,0.0150233,1540
no_noise,5533,B,29,0.0182636,0.0247442,0.0215039,1396
no_noise,5533,B,30,0.0247442,0.0312247,0.0279844,1299
no_noise,5533,B,31,0.0312247,0.0377053,0.034465,1115
no_noise,5533,B,32,0.0377053,0.0441858,0.0409456,929
no_noise,5533,B,33,0.0441858,0.0506664,0.0474261,777
no_noise,5533,B,34,0.0506664,0.057147,0.0539067,599
no_noise,5533,B,35,0.057147,0.0636275,0.0603872,483
no_noise,5533,B,36,0.0636275,0.0701081,0.0668678,367
no_noise,5533,B,37,0.0701081,0.0765886,0.0733484,276
no_noise,5533,B,38,0.0765886,0.0830692,0.0798289,172
no_noise,5533,B,39,0.0830692,0.0895498,0.0863095,128
no_noise,5533,B,40,0.0895498,0.0960303,0.09279,83
no_noise,5533,B,41,0.0960303,0.102511,0.0992706,63
no_noise,5533,B,42,0.102511,0.108991,0.105751,35
no_noise,5533,B,43,0.108991,0.115472,0.112232,18
no_noise,5533,B,44,0.115472,0.121953,0.118712,11
no_noise,5533,B,45,0.121953,0.128433,0.125193,5
no_noise,5533,B,46,0.128433,0.134914,0.131673,3
no_noise,5533,B,47,0.134914,0.141394,0.138154,1
no_noise,5533,B,48,0.141394,0.147875,0.144635,2
no_noise,5533,B,49,0.147875,0.154355,0.151115,2
no_noise,5533,C_eff,0,-0.309775,-0.29955,-0.304663,1
no_noise,5533,C_eff,1,-0.29955,-0.289324,-0.294437,0
no_noise,5533,C_eff,2,-0.289324,-0.279099,-0.284211,0
no_noise,5533,C_eff,3,-0.279099,-0.268873,-0.273986,0
no_noise,5533,C_eff,4,-0.268873,-0.258647,-0.26376,0
no_noise,5533,C_eff,5,-0.258647,-0.248422,-0.253535,0
no_noise,5533,C_eff,6,-0.248422,-0.238196,-0.243309,1
no_noise,5533,C_eff,7,-0.238196,-0.227971,-0.233084,0
no_noise,5533,C_eff,8,-0.227971,-0.217745,-0.222858,1
no_noise,5533,C_eff,9,-0.217745,-0.20752,-0.212632,0
no_noise,5533,C_eff,10,-0.20752,-0.197294,-0.202407,0
no_noise,5533,C_eff,11,-0.197294,-0.187068,-0.192181,1
no_noise,5533,C_eff,12,-0.187068,-0.176843,-0.181956,1
no_noise,5533,C_eff,13,-0.176843,-0.166617,-0.17173,1
no_noise,5533,C_eff,14,-0.166617,-0.156392,-0.161505,10
no_noise,5533,C_eff,15,-0.156392,-0.146166,-0.151279,27
no_noise,5533,C_eff,16,-0.146166,-0.135941,-0.141053,55
no_noise,5533,C_eff,17,-0.135941,-0.125715,-0.130828,158
no_noise,5533,C_eff,18,-0.125715,-0.115489,-0.120602,407
no_noise,5533,C_eff,19,-0.115489,-0.105264,-0.110377,914
no_noise,5533,C_eff,20,-0.105264,-0.0950383,-0.100151,1826
no_noise,5533,C_eff,21,-0.0950383,-0.0848127,-0.0899255,3500
no_noise,5533,C_eff,22,-0.0848127,-0.0745872,-0.0797,6415
no_noise,5533,C_eff,23,-0.0745872,-0.0643616,-0.0694744,10993
no_noise,5533,C_eff,24,-0.0643616,-0.054136,-0.0592488,17790
no_noise,5533,C_eff,25,-0.054136,-0.0439105,-0.0490232,26754
no_noise,5533,C_eff,26,-0.0439105,-0.0336849,-0.0387977,37242
no_noise,5533,C_eff,27,-0.0336849,-0.0234593,-0.0285721,48120
no_noise,5533,C_eff,28,-0.0234593,-0.0132337,-0.0183465,57684
no_noise,5533,C_eff,29,-0.0132337,-0.00300818,-0.00812096,64061
no_noise,5533,C_eff,30,-0.00300818,0.00721739,0.00210461,64932
no_noise,5533,C_eff,31,0.00721739,0.017443,0.0123302,61899
no_noise,5533,C_eff,32,0.017443,0.0276685,0.0225557,53993
no_noise,5533,C_eff,33,0.0276685,0.0378941,0.0327813,43694
no_noise,5533,C_eff,34,0.0378941,0.0481197,0.0430069,32419
no_noise,5533,C_eff,35,0.0481197,0.0583452,0.0532325,22901
no_noise,5533,C_eff,36,0.0583452,0.0685708,0.063458,14992
no_noise,5533,C_eff,37,0.0685708,0.0787964,0.0736836,8744
no_noise,5533,C_eff,38,0.0787964,0.089022,0.0839092,5178
no_noise,5533,C_eff,39,0.089022,0.0992475,0.0941347,2719
no_noise,5533,C_eff,40,0.0992475,0.109473,0.10436,1307
no_noise,5533,C_eff,41,0.109473,0.119699,0.114586,654
no_noise,5533,C_eff,42,0.119699,0.129924,0.124811,273
no_noise,5533,C_eff,43,0.129924,0.14015,0.135037,94
no_noise,5533,C_eff,44,0.14015,0.150375,0.145263,35
no_noise,5533,C_eff,45,0.150375,0.160601,0.155488,13
no_noise,5533,C_eff,46,0.160601,0.170827,0.165714,9
no_noise,5533,C_eff,47,0.170827,0.181052,0.175939,1
no_noise,5533,C_eff,48,0.181052,0.191278,0.186165,2
no_noise,5533,C_eff,49,0.191278,0.201503,0.19639,3
no_noise,7377,A,0,-0.145904,-0.140131,-0.143017,2
no_noise,7377,A,1,-0.140131,-0.134357,-0.137244,3
no_noise,7377,A,2,-0.134357,-0.128583,-0.13147,3
no_noise,7377,A,3,-0.128583,-0.12281,-0.125697,7
no_noise,7377,A,4,-0.12281,-0.117036,-0.119923,6
no_noise,7377,A,5,-0.117036,-0.111263,-0.11415,14
no_noise,7377,A,6,-0.111263,-0.105489,-0.108376,33
no_noise,7377,A,7,-0.105489,-0.0997156,-0.102602,37
no_noise,7377,A,8,-0.0997156,-0.093942,-0.0968288,53
no_noise,7377,A,9,-0.093942,-0.0881685,-0.0910553,90
no_noise,7377,A,10,-0.0881685,-0.0823949,-0.0852817,121
no_noise,7377,A,11,-0.0823949,-0.0766213,-0.0795081,177
no_noise,7377,A,12,-0.0766213,-0.0708478,-0.0737346,240
no_noise,7377,A,13,-0.0708478,-0.0650742,-0.067961,304
no_noise,7377,A,14,-0.0650742,-0.0593007,-0.0621874,416
no_noise,7377,A,15,-0.0593007,-0.0535271,-0.0564139,490
no_noise,7377,A,16,-0.0535271,-0.0477535,-0.0506403,591
no_noise,7377,A,17,-0.0477535,-0.04198,-0.0448667,782
no_noise,7377,A,18,-0.04198,-0.0362064,-0.0390932,884
no_noise,7377,A,19,-0.0362064,-0.0304328,-0.0333196,983
no_noise,7377,A,20,-0.0304328,-0.0246593,-0.0275461,1169
no_noise,7377,A,21,-0.0246593,-0.0188857,-0.0217725,1325
no_noise,7377,A,22,-0.0188857,-0.0131122,-0.0159989,1309
no_noise,7377,A,23,-0.0131122,-0.00733859,-0.0102254,1441
no_noise,7377,A,24,-0.00733859,-0.00156502,-0.00445181,1426
no_noise,7377,A,25,-0.00156502,0.00420854,0.00132176,1512
no_noise,7377,A,26,0.00420854,0.0099821,0.00709532,1396
no_noise,7377,A,27,0.0099821,0.0157557,0.0128689,1363
no_noise,7377,A,28,0.0157557,0.0215292,0.0186424,1372
no_noise,7377,A,29,0.0215292,0.0273028,0.024416,1199
no_noise,7377,A,30,0.0273028,0.0330764,0.0301896,1121
no_noise,7377,A,31,0.0330764,0.0388499,0.0359631,895
no_noise,7377,A,32,0.0388499,0.0446235,0.0417367,803
no_noise,7377,A,33,0.0446235,0.050397,0.0475103,658
no_noise,7377,A,34,0.050397,0.0561706,0.0532838,575
no_noise,7377,A,35,0.0561706,0.0619442,0.0590574,468
no_noise,7377,A,36,0.0619442,0.0677177,0.064831,372
no_noise,7377,A,37,0.0677177,0.0734913,0.0706045,258
no_noise,7377,A,38,0.0734913,0.0792649,0.0763781,214
no_noise,7377,A,39,0.0792649,0.0850384,0.0821516,155
no_noise,7377,A,40,0.0850384,0.090812,0.0879252,121
no_noise,7377,A,41,0.090812,0.0965856,0.0936988,67
no_noise,7377,A,42,0.0965856,0.102359,0.0994723,43
no_noise,7377,A,43,0.102359,0.108133,0.105246,31
no_noise,7377,A,44,0.108133,0.113906,0.111019,14
no_noise,7377,A,45,0.113906,0.11968,0.116793,14
no_noise,7377,A,46,0.11968,0.125453,0.122567,9
no_noise,7377,A,47,0.125453,0.131227,0.12834,3
no_noise,7377,A,48,0.131227,0.137,0.134114,1
no_noise,7377,A,49,0.137,0.142774,0.139887,6
no_noise,7377,B,0,-0.153751,-0.147668,-0.15071,1
no_noise,7377,B,1,-0.147668,-0.141585,-0.144627,0
no_noise,7377,B,2,-0.141585,-0.135502,-0.138543,1
no_noise,7377,B,3,-0.135502,-0.129419,-0.13246,3
no_noise,7377,B,4,-0.129419,-0.123335,-0.126377,6
no_noise,7377,B,5,-0.123335,-0.117252,-0.120294,14
no_noise,7377,B,6,-0.117252,-0.111169,-0.114211,12
no_noise,7377,B,7,-0.111169,-0.105086,-0.108127,39
no_noise,7377,B,8,-0.105086,-0.0990027,-0.102044,41
no_noise,7377,B,9,-0.0990027,-0.0929195,-0.0959611,51
no_noise,7377,B,10,-0.0929195,-0.0868363,-0.0898779,71
no_noise,7377,B,11,-0.0868363,-0.0807531,-0.0837947,136
no_noise,7377,B,12,-0.0807531,-0.0746699,-0.0777115,195
no_noise,7377,B,13,-0.0746699,-0.0685867,-0.0716283,291
no_noise,7377,B,14,-0.0685867,-0.0625035,-0.0655451,382
no_noise,7377,B,15,-0.0625035,-0.0564204,-0.0594619,405
no_noise,7377,B,16,-0.0564204,-0.0503372,-0.0533788,571
no_noise,7377,B,17,-0.0503372,-0.044254,-0.0472956,776
no_noise,7377,B,18,-0.044254,-0.0381708,-0.0412124,834
no_noise,7377,B,19,-0.0381708,-0.0320876,-0.0351292,1015
no_noise,7377,B,20,-0.0320876,-0.0260044,-0.029046,1212
no_noise,7377,B,21,-0.0260044,-0.0199212,-0.0229628,1335
no_noise,7377,B,22,-0.0199212,-0.013838,-0.0168796,1437
no_noise,7377,B,23,-0.013838,-0.00775483,-0.0107964,1537
no_noise,7377,B,24,-0.00775483,-0.00167163,-0.00471323,1596
no_noise,7377,B,25,-0.00167163,0.00441156,0.00136996,1482
no_noise,7377,B,26,0.00441156,0.0104947,0.00745315,1505
no_noise,7377,B,27,0.0104947,0.0165779,0.0135363,1497
no_noise,7377,B,28,0.0165779,0.0226611,0.0196195,1334
no_noise,7377,B,29,0.0226611,0.0287443,0.0257027,1228
no_noise,7377,B,30,0.0287443,0.0348275,0.0317859,1116
no_noise,7377,B,31,0.0348275,0.0409107,0.0378691,979
no_noise,7377,B,32,0.0409107,0.0469939,0.0439523,806
no_noise,7377,B,33,0.0469939,0.0530771,0.0500355,645
no_noise,7377,B,34,0.0530771,0.0591603,0.0561187,533
no_noise,7377,B,35,0.0591603,0.0652435,0.0622019,398
no_noise,7377,B,36,0.0652435,0.0713267,0.0682851,324
no_noise,7377,B,37,0.0713267,0.0774098,0.0743682,214
no_noise,7377,B,38,0.0774098,0.083493,0.0804514,170
no_noise,7377,B,39,0.083493,0.0895762,0.0865346,112
no_noise,7377,B,40,0.0895762,0.0956594,0.0926178,96
no_noise,7377,B,41,0.0956594,0.101743,0.098701,54
no_noise,7377,B,42,0.101743,0.107826,0.104784,50
no_noise,7377,B,43,0.107826,0.113909,0.110867,24
no_noise,7377,B,44,0.113909,0.119992,0.116951,20
no_noise,7377,B,45,0.119992,0.126075,0.123034,14
no_noise,7377,B,46,0.126075,0.132159,0.129117,8
no_noise,7377,B,47,0.132159,0.138242,0.1352,2
no_noise,7377,B,48,0.138242,0.144325,0.141283,1
no_noise,7377,B,49,0.144325,0.150408,0.147367,3
no_noise,7377,C_eff,0,-0.308553,-0.298352,-0.303453,1
no_noise,7377,C_eff,1,-0.298352,-0.288151,-0.293252,0
no_noise,7377,C_eff,2,-0.288151,-0.27795,-0.283051,0
no_noise,7377,C_eff,3,-0.27795,-0.267749,-0.272849,0
no_noise,7377,C_eff,4,-0.267749,-0.257548,-0.262648,0
no_noise,7377,C_eff,5,-0.257548,-0.247347,-0.252447,0
no_noise,7377,C_eff,6,-0.247347,-0.237145,-0.242246,1
no_noise,7377,C_eff,7,-0.237145,-0.226944,-0.232045,0
no_noise,7377,C_eff,8,-0.226944,-0.216743,-0.221844,1
no_noise,7377,C_eff,9,-0.216743,-0.206542,-0.211643,0
no_noise,7377,C_eff,10,-0.206542,-0.196341,-0.201441,0
no_noise,7377,C_eff,11,-0.196341,-0.18614,-0.19124,1
no_noise,7377,C_eff,12,-0.18614,-0.175939,-0.181039,1
no_noise,7377,C_eff,13,-0.175939,-0.165738,-0.170838,1
no_noise,7377,C_eff,14,-0.165738,-0.155536,-0.160637,11
no_noise,7377,C_eff,15,-0.155536,-0.145335,-0.150436,31
no_noise,7377,C_eff,16,-0.145335,-0.135134,-0.140235,54
no_noise,7377,C_eff,17,-0.135134,-0.124933,-0.130034,173
no_noise,7377,C_eff,18,-0.124933,-0.114732,-0.119832,426
no_noise,7377,C_eff,19,-0.114732,-0.104531,-0.109631,971
no_noise,7377,C_eff,20,-0.104531,-0.0943296,-0.0994302,1951
no_noise,7377,C_eff,21,-0.0943296,-0.0841285,-0.089229,3676
no_noise,7377,C_eff,22,-0.0841285,-0.0739273,-0.0790279,6648
no_noise,7377,C_eff,23,-0.0739273,-0.0637262,-0.0688268,11304
no_noise,7377,C_eff,24,-0.0637262,-0.0535251,-0.0586256,18375
no_noise,7377,C_eff,25,-0.0535251,-0.0433239,-0.0484245,27182
no_noise,7377,C_eff,26,-0.0433239,-0.0331228,-0.0382234,37961
no_noise,7377,C_eff,27,-0.0331228,-0.0229217,-0.0280222,48239
no_noise,7377,C_eff,28,-0.0229217,-0.0127205,-0.0178211,58040
no_noise,7377,C_eff,29,-0.0127205,-0.00251941,-0.00761997,64004
no_noise,7377,C_eff,30,-0.00251941,0.00768172,0.00258116,64747
no_noise,7377,C_eff,31,0.00768172,0.0178829,0.0127823,61363
no_noise,7377,C_eff,32,0.0178829,0.028084,0.0229834,53521
no_noise,7377,C_eff,33,0.028084,0.0382851,0.0331846,43068
no_noise,7377,C_eff,34,0.0382851,0.0484863,0.0433857,31938
no_noise,7377,C_eff,35,0.0484863,0.0586874,0.0535868,22619
no_noise,7377,C_eff,36,0.0586874,0.0688885,0.063788,14684
no_noise,7377,C_eff,37,0.0688885,0.0790896,0.0739891,8677
no_noise,7377,C_eff,38,0.0790896,0.0892908,0.0841902,5076
no_noise,7377,C_eff,39,0.0892908,0.0994919,0.0943913,2671
no_noise,7377,C_eff,40,0.0994919,0.109693,0.104592,1346
no_noise,7377,C_eff,41,0.109693,0.119894,0.114794,636
no_noise,7377,C_eff,42,0.119894,0.130095,0.124995,272
no_noise,7377,C_eff,43,0.130095,0.140296,0.135196,93
no_noise,7377,C_eff,44,0.140296,0.150498,0.145397,32
no_noise,7377,C_eff,45,0.150498,0.160699,0.155598,16
no_noise,7377,C_eff,46,0.160699,0.1709,0.165799,7
no_noise,7377,C_eff,47,0.1709,0.181101,0.176,1
no_noise,7377,C_eff,48,0.181101,0.191302,0.186202,2
no_noise,7377,C_eff,49,0.191302,0.201503,0.196403,3
a_only,1,A,0,-0.038649,-0.0370049,-0.0378269,2
a_only,1,A,1,-0.0370049,-0.0353607,-0.0361828,2
a_only,1,A,2,-0.0353607,-0.0337166,-0.0345387,5
a_only,1,A,3,-0.0337166,-0.0320725,-0.0328946,5
a_only,1,A,4,-0.0320725,-0.0304284,-0.0312505,12
a_only,1,A,5,-0.0304284,-0.0287843,-0.0296064,20
a_only,1,A,6,-0.0287843,-0.0271402,-0.0279623,31
a_only,1,A,7,-0.0271402,-0.0254961,-0.0263182,49
a_only,1,A,8,-0.0254961,-0.023852,-0.0246741,93
a_only,1,A,9,-0.023852,-0.0222079,-0.02303,116
a_only,1,A,10,-0.0222079,-0.0205638,-0.0213859,157
a_only,1,A,11,-0.0205638,-0.0189197,-0.0197417,227
a_only,1,A,12,-0.0189197,-0.0172756,-0.0180976,333
a_only,1,A,13,-0.0172756,-0.0156315,-0.0164535,456
a_only,1,A,14,-0.0156315,-0.0139874,-0.0148094,552
a_only,1,A,15,-0.0139874,-0.0123433,-0.0131653,655
a_only,1,A,16,-0.0123433,-0.0106992,-0.0115212,818
a_only,1,A,17,-0.0106992,-0.00905506,-0.00987711,1036
a_only,1,A,18,-0.00905506,-0.00741095,-0.00823301,1155
a_only,1,A,19,-0.00741095,-0.00576685,-0.0065889,1260
a_only,1,A,20,-0.00576685,-0.00412274,-0.00494479,1380
a_only,1,A,21,-0.00412274,-0.00247864,-0.00330069,1518
a_only,1,A,22,-0.00247864,-0.00083453,-0.00165658,1591
a_only,1,A,23,-0.00083453,0.000809575,-1.24773e-05,1671
a_only,1,A,24,0.000809575,0.00245368,0.00163163,1543
a_only,1,A,25,0.00245368,0.00409779,0.00327573,1524
a_only,1,A,26,0.00409779,0.00574189,0.00491984,1480
a_only,1,A,27,0.00574189,0.007386,0.00656395,1272
a_only,1,A,28,0.007386,0.0090301,0.00820805,1140
a_only,1,A,29,0.0090301,0.0106742,0.00985216,1013
a_only,1,A,30,0.0106742,0.0123183,0.0114963,795
a_only,1,A,31,0.0123183,0.0139624,0.0131404,685
a_only,1,A,32,0.0139624,0.0156065,0.0147845,539
a_only,1,A,33,0.0156065,0.0172506,0.0164286,394
a_only,1,A,34,0.0172506,0.0188947,0.0180727,321
a_only,1,A,35,0.0188947,0.0205388,0.0197168,209
a_only,1,A,36,0.0205388,0.0221829,0.0213609,168
a_only,1,A,37,0.0221829,0.0238271,0.023005,115
a_only,1,A,38,0.0238271,0.0254712,0.0246491,87
a_only,1,A,39,0.0254712,0.0271153,0.0262932,45
a_only,1,A,40,0.0271153,0.0287594,0.0279373,35
a_only,1,A,41,0.0287594,0.0304035,0.0295814,28
a_only,1,A,42,0.0304035,0.0320476,0.0312255,19
a_only,1,A,43,0.0320476,0.0336917,0.0328696,8
a_only,1,A,44,0.0336917,0.0353358,0.0345137,6
a_only,1,A,45,0.0353358,0.0369799,0.0361578,1
a_only,1,A,46,0.0369799,0.038624,0.037802,2
a_only,1,A,47,0.038624,0.0402681,0.0394461,0
a_only,1,A,48,0.0402681,0.0419122,0.0410902,2
a_only,1,A,49,0.0419122,0.0435563,0.0427343,1
a_only,1,B,0,-0.036076,-0.0346328,-0.0353544,469
a_only,1,B,1,-0.0346328,-0.0331896,-0.0339112,502
a_only,1,B,2,-0.0331896,-0.0317464,-0.032468,501
a_only,1,B,3,-0.0317464,-0.0303032,-0.0310248,484
a_only,1,B,4,-0.0303032,-0.02886,-0.0295816,487
a_only,1,B,5,-0.02886,-0.0274168,-0.0281384,498
a_only,1,B,6,-0.0274168,-0.0259736,-0.0266952,510
a_only,1,B,7,-0.0259736,-0.0245304,-0.025252,467
a_only,1,B,8,-0.0245304,-0.0230872,-0.0238088,518
a_only,1,B,9,-0.0230872,-0.021644,-0.0223656,487
a_only,1,B,10,-0.021644,-0.0202008,-0.0209224,506
a_only,1,B,11,-0.0202008,-0.0187576,-0.0194792,522
a_only,1,B,12,-0.0187576,-0.0173144,-0.018036,485
a_only,1,B,13,-0.0173144,-0.0158712,-0.0165928,457
a_only,1,B,14,-0.0158712,-0.014428,-0.0151496,531
a_only,1,B,15,-0.014428,-0.0129848,-0.0137064,558
a_only,1,B,16,-0.0129848,-0.0115416,-0.0122632,499
a_only,1,B,17,-0.0115416,-0.0100984,-0.01082,529
a_only,1,B,18,-0.0100984,-0.00865516,-0.00937676,516
a_only,1,B,19,-0.00865516,-0.00721196,-0.00793356,490
a_only,1,B,20,-0.00721196,-0.00576876,-0.00649036,521
a_only,1,B,21,-0.00576876,-0.00432556,-0.00504716,496
a_only,1,B,22,-0.00432556,-0.00288236,-0.00360396,463
a_only,1,B,23,-0.00288236,-0.00143916,-0.00216076,486
a_only,1,B,24,-0.00143916,4.03821e-06,-0.000717562,452
a_only,1,B,25,4.03821e-06,0.00144724,0.000725638,470
a_only,1,B,26,0.00144724,0.00289044,0.00216884,475
a_only,1,B,27,0.00289044,0.00433364,0.00361204,473
a_only,1,B,28,0.00433364,0.00577684,0.00505524,510
a_only,1,B,29,0.00577684,0.00722004,0.00649844,479
a_only,1,B,30,0.00722004,0.00866324,0.00794164,495
a_only,1,B,31,0.00866324,0.0101064,0.00938484,503
a_only,1,B,32,0.0101064,0.0115496,0.010828,464
a_only,1,B,33,0.0115496,0.0129928,0.0122712,501
a_only,1,B,34,0.0129928,0.014436,0.0137144,469
a_only,1,B,35,0.014436,0.0158792,0.0151576,474
a_only,1,B,36,0.0158792,0.0173224,0.0166008,487
a_only,1,B,37,0.0173224,0.0187656,0.018044,493
a_only,1,B,38,0.0187656,0.0202088,0.0194872,483
a_only,1,B,39,0.0202088,0.021652,0.0209304,494
a_only,1,B,40,0.021652,0.0230952,0.0223736,499
a_only,1,B,41,0.0230952,0.0245384,0.0238168,470
a_only,1,B,42,0.0245384,0.0259816,0.02526,489
a_only,1,B,43,0.0259816,0.0274248,0.0267032,470
a_only,1,B,44,0.0274248,0.028868,0.0281464,500
a_only,1,B,45,0.028868,0.0303112,0.0295896,514
a_only,1,B,46,0.0303112,0.0317544,0.0310328,482
a_only,1,B,47,0.0317544,0.0331976,0.032476,461
a_only,1,B,48,0.0331976,0.0346408,0.0339192,505
a_only,1,B,49,0.0346408,0.036084,0.0353624,482
a_only,1,C_eff,0,-0.31283,-0.30258,-0.307705,1
a_only,1,C_eff,1,-0.30258,-0.29233,-0.297455,0
a_only,1,C_eff,2,-0.29233,-0.28208,-0.287205,0
a_only,1,C_eff,3,-0.28208,-0.27183,-0.276955,0
a_only,1,C_eff,4,-0.27183,-0.26158,-0.266705,0
a_only,1,C_eff,5,-0.26158,-0.25133,-0.256455,0
a_only,1,C_eff,6,-0.25133,-0.24108,-0.246205,1
a_only,1,C_eff,7,-0.24108,-0.23083,-0.235955,0
a_only,1,C_eff,8,-0.23083,-0.22058,-0.225705,1
a_only,1,C_eff,9,-0.22058,-0.21033,-0.215455,0
a_only,1,C_eff,10,-0.21033,-0.20008,-0.205205,0
a_only,1,C_eff,11,-0.20008,-0.18983,-0.194955,1
a_only,1,C_eff,12,-0.18983,-0.17958,-0.184705,0
a_only,1,C_eff,13,-0.17958,-0.16933,-0.174455,2
a_only,1,C_eff,14,-0.16933,-0.15908,-0.164205,10
a_only,1,C_eff,15,-0.15908,-0.14883,-0.153955,25
a_only,1,C_eff,16,-0.14883,-0.13858,-0.143705,58
a_only,1,C_eff,17,-0.13858,-0.12833,-0.133455,126
a_only,1,C_eff,18,-0.12833,-0.11808,-0.123205,302
a_only,1,C_eff,19,-0.11808,-0.10783,-0.112955,711
a_only,1,C_eff,20,-0.10783,-0.0975799,-0.102705,1416
a_only,1,C_eff,21,-0.0975799,-0.0873299,-0.0924549,2921
a_only,1,C_eff,22,-0.0873299,-0.0770799,-0.0822049,5405
a_only,1,C_eff,23,-0.0770799,-0.0668299,-0.0719549,9404
a_only,1,C_eff,24,-0.0668299,-0.0565799,-0.0617049,15758
a_only,1,C_eff,25,-0.0565799,-0.0463299,-0.0514549,24379
a_only,1,C_eff,26,-0.0463299,-0.0360799,-0.0412049,34540
a_only,1,C_eff,27,-0.0360799,-0.0258298,-0.0309549,46023
a_only,1,C_eff,28,-0.0258298,-0.0155798,-0.0207048,55945
a_only,1,C_eff,29,-0.0155798,-0.00532983,-0.0104548,63660
a_only,1,C_eff,30,-0.00532983,0.00492018,-0.000204825,66021
a_only,1,C_eff,31,0.00492018,0.0151702,0.0100452,63493
a_only,1,C_eff,32,0.0151702,0.0254202,0.0202952,56709
a_only,1,C_eff,33,0.0254202,0.0356702,0.0305452,46267
a_only,1,C_eff,34,0.0356702,0.0459202,0.0407952,34898
a_only,1,C_eff,35,0.0459202,0.0561702,0.0510452,24605
a_only,1,C_eff,36,0.0561702,0.0664202,0.0612952,16197
a_only,1,C_eff,37,0.0664202,0.0766702,0.0715452,9675
a_only,1,C_eff,38,0.0766702,0.0869202,0.0817952,5647
a_only,1,C_eff,39,0.0869202,0.0971703,0.0920453,2936
a_only,1,C_eff,40,0.0971703,0.10742,0.102295,1477
a_only,1,C_eff,41,0.10742,0.11767,0.112545,680
a_only,1,C_eff,42,0.11767,0.12792,0.122795,320
a_only,1,C_eff,43,0.12792,0.13817,0.133045,124
a_only,1,C_eff,44,0.13817,0.14842,0.143295,47
a_only,1,C_eff,45,0.14842,0.15867,0.153545,20
a_only,1,C_eff,46,0.15867,0.16892,0.163795,12
a_only,1,C_eff,47,0.16892,0.17917,0.174045,1
a_only,1,C_eff,48,0.17917,0.18942,0.184295,2
a_only,1,C_eff,49,0.18942,0.19967,0.194545,4
a_only,1845,A,0,-0.698368,-0.675321,-0.686845,1
a_only,1845,A,1,-0.675321,-0.652274,-0.663798,0
a_only,1845,A,2,-0.652274,-0.629227,-0.64075,0
a_only,1845,A,3,-0.629227,-0.606179,-0.617703,0
a_only,1845,A,4,-0.606179,-0.583132,-0.594656,0
a_only,1845,A,5,-0.583132,-0.560085,-0.571608,0
a_only,1845,A,6,-0.560085,-0.537037,-0.548561,0
a_only,1845,A,7,-0.537037,-0.51399,-0.525514,0
a_only,1845,A,8,-0.51399,-0.490943,-0.502467,0
a_only,1845,A,9,-0.490943,-0.467896,-0.479419,0
a_only,1845,A,10,-0.467896,-0.444848,-0.456372,1
a_only,1845,A,11,-0.444848,-0.421801,-0.433325,0
a_only,1845,A,12,-0.421801,-0.398754,-0.410277,0
a_only,1845,A,13,-0.398754,-0.375706,-0.38723,1
a_only,1845,A,14,-0.375706,-0.352659,-0.364183,2
a_only,1845,A,15,-0.352659,-0.329612,-0.341136,1
a_only,1845,A,16,-0.329612,-0.306565,-0.318088,1
a_only,1845,A,17,-0.306565,-0.283517,-0.295041,4
a_only,1845,A,18,-0.283517,-0.26047,-0.271994,10
a_only,1845,A,19,-0.26047,-0.237423,-0.248946,19
a_only,1845,A,20,-0.237423,-0.214376,-0.225899,37
a_only,1845,A,21,-0.214376,-0.191328,-0.202852,74
a_only,1845,A,22,-0.191328,-0.168281,-0.179805,144
a_only,1845,A,23,-0.168281,-0.145234,-0.156757,306
a_only,1845,A,24,-0.145234,-0.122186,-0.13371,478
a_only,1845,A,25,-0.122186,-0.0991391,-0.110663,848
a_only,1845,A,26,-0.0991391,-0.0760918,-0.0876155,1362
a_only,1845,A,27,-0.0760918,-0.0530446,-0.0645682,2100
a_only,1845,A,28,-0.0530446,-0.0299973,-0.0415209,2745
a_only,1845,A,29,-0.0299973,-0.00695,-0.0184736,3279
a_only,1845,A,30,-0.00695,0.0160973,0.00457364,3356
a_only,1845,A,31,0.0160973,0.0391446,0.0276209,3043
a_only,1845,A,32,0.0391446,0.0621918,0.0506682,2358
a_only,1845,A,33,0.0621918,0.0852391,0.0737155,1725
a_only,1845,A,34,0.0852391,0.108286,0.0967628,1169
a_only,1845,A,35,0.108286,0.131334,0.11981,713
a_only,1845,A,36,0.131334,0.154381,0.142857,408
a_only,1845,A,37,0.154381,0.177428,0.165905,177
a_only,1845,A,38,0.177428,0.200476,0.188952,111
a_only,1845,A,39,0.200476,0.223523,0.211999,40
a_only,1845,A,40,0.223523,0.24657,0.235046,32
a_only,1845,A,41,0.24657,0.269617,0.258094,15
a_only,1845,A,42,0.269617,0.292665,0.281141,8
a_only,1845,A,43,0.292665,0.315712,0.304188,2
a_only,1845,A,44,0.315712,0.338759,0.327236,2
a_only,1845,A,45,0.338759,0.361806,0.350283,0
a_only,1845,A,46,0.361806,0.384854,0.37333,1
a_only,1845,A,47,0.384854,0.407901,0.396377,0
a_only,1845,A,48,0.407901,0.430948,0.419425,1
a_only,1845,A,49,0.430948,0.453996,0.442472,2
a_only,1845,B,0,-0.147659,-0.14168,-0.144669,1
a_only,1845,B,1,-0.14168,-0.1357,-0.13869,0
a_only,1845,B,2,-0.1357,-0.129721,-0.13271,1
a_only,1845,B,3,-0.129721,-0.123741,-0.126731,7
a_only,1845,B,4,-0.123741,-0.117761,-0.120751,17
a_only,1845,B,5,-0.117761,-0.111782,-0.114772,9
a_only,1845,B,6,-0.111782,-0.105802,-0.108792,19
a_only,1845,B,7,-0.105802,-0.0998229,-0.102813,39
a_only,1845,B,8,-0.0998229,-0.0938434,-0.0968332,50
a_only,1845,B,9,-0.0938434,-0.0878639,-0.0908537,101
a_only,1845,B,10,-0.0878639,-0.0818844,-0.0848742,118
a_only,1845,B,11,-0.0818844,-0.0759049,-0.0788946,187
a_only,1845,B,12,-0.0759049,-0.0699254,-0.0729151,235
a_only,1845,B,13,-0.0699254,-0.0639458,-0.0669356,334
a_only,1845,B,14,-0.0639458,-0.0579663,-0.0609561,428
a_only,1845,B,15,-0.0579663,-0.0519868,-0.0549766,525
a_only,1845,B,16,-0.0519868,-0.0460073,-0.0489971,667
a_only,1845,B,17,-0.0460073,-0.0400278,-0.0430175,815
a_only,1845,B,18,-0.0400278,-0.0340483,-0.037038,960
a_only,1845,B,19,-0.0340483,-0.0280688,-0.0310585,1119
a_only,1845,B,20,-0.0280688,-0.0220892,-0.025079,1236
a_only,1845,B,21,-0.0220892,-0.0161097,-0.0190995,1358
a_only,1845,B,22,-0.0161097,-0.0101302,-0.01312,1418
a_only,1845,B,23,-0.0101302,-0.0041507,-0.00714045,1475
a_only,1845,B,24,-0.0041507,0.00182882,-0.00116094,1590
a_only,1845,B,25,0.00182882,0.00780833,0.00481858,1575
a_only,1845,B,26,0.00780833,0.0137879,0.0107981,1480
a_only,1845,B,27,0.0137879,0.0197674,0.0167776,1414
a_only,1845,B,28,0.0197674,0.0257469,0.0227571,1322
a_only,1845,B,29,0.0257469,0.0317264,0.0287366,1176
a_only,1845,B,30,0.0317264,0.0377059,0.0347162,1056
a_only,1845,B,31,0.0377059,0.0436854,0.0406957,819
a_only,1845,B,32,0.0436854,0.0496649,0.0466752,697
a_only,1845,B,33,0.0496649,0.0556445,0.0526547,564
a_only,1845,B,34,0.0556445,0.061624,0.0586342,473
a_only,1845,B,35,0.061624,0.0676035,0.0646137,350
a_only,1845,B,36,0.0676035,0.073583,0.0705932,288
a_only,1845,B,37,0.073583,0.0795625,0.0765728,190
a_only,1845,B,38,0.0795625,0.085542,0.0825523,142
a_only,1845,B,39,0.085542,0.0915215,0.0885318,113
a_only,1845,B,40,0.0915215,0.0975011,0.0945113,80
a_only,1845,B,41,0.0975011,0.103481,0.100491,49
a_only,1845,B,42,0.103481,0.10946,0.10647,31
a_only,1845,B,43,0.10946,0.11544,0.11245,21
a_only,1845,B,44,0.11544,0.121419,0.118429,11
a_only,1845,B,45,0.121419,0.127399,0.124409,7
a_only,1845,B,46,0.127399,0.133378,0.130388,5
a_only,1845,B,47,0.133378,0.139358,0.136368,1
a_only,1845,B,48,0.139358,0.145337,0.142347,0
a_only,1845,B,49,0.145337,0.151317,0.148327,3
a_only,1845,C_eff,0,-0.30611,-0.296114,-0.301112,1
a_only,1845,C_eff,1,-0.296114,-0.286118,-0.291116,0
a_only,1845,C_eff,2,-0.286118,-0.276123,-0.28112,0
a_only,1845,C_eff,3,-0.276123,-0.266127,-0.271125,0
a_only,1845,C_eff,4,-0.266127,-0.256131,-0.261129,0
a_only,1845,C_eff,5,-0.256131,-0.246136,-0.251133,0
a_only,1845,C_eff,6,-0.246136,-0.23614,-0.241138,1
a_only,1845,C_eff,7,-0.23614,-0.226144,-0.231142,1
a_only,1845,C_eff,8,-0.226144,-0.216149,-0.221146,0
a_only,1845,C_eff,9,-0.216149,-0.206153,-0.211151,0
a_only,1845,C_eff,10,-0.206153,-0.196157,-0.201155,0
a_only,1845,C_eff,11,-0.196157,-0.186162,-0.191159,1
a_only,1845,C_eff,12,-0.186162,-0.176166,-0.181164,0
a_only,1845,C_eff,13,-0.176166,-0.16617,-0.171168,3
a_only,1845,C_eff,14,-0.16617,-0.156175,-0.161172,11
a_only,1845,C_eff,15,-0.156175,-0.146179,-0.151177,29
a_only,1845,C_eff,16,-0.146179,-0.136183,-0.141181,50
a_only,1845,C_eff,17,-0.136183,-0.126188,-0.131186,166
a_only,1845,C_eff,18,-0.126188,-0.116192,-0.12119,353
a_only,1845,C_eff,19,-0.116192,-0.106196,-0.111194,847
a_only,1845,C_eff,20,-0.106196,-0.0962007,-0.101199,1632
a_only,1845,C_eff,21,-0.0962007,-0.086205,-0.0912029,3165
a_only,1845,C_eff,22,-0.086205,-0.0762094,-0.0812072,5776
a_only,1845,C_eff,23,-0.0762094,-0.0662137,-0.0712115,9748
a_only,1845,C_eff,24,-0.0662137,-0.0562181,-0.0612159,15829
a_only,1845,C_eff,25,-0.0562181,-0.0462224,-0.0512202,24136
a_only,1845,C_eff,26,-0.0462224,-0.0362267,-0.0412246,34063
a_only,1845,C_eff,27,-0.0362267,-0.0262311,-0.0312289,44110
a_only,1845,C_eff,28,-0.0262311,-0.0162354,-0.0212332,54033
a_only,1845,C_eff,29,-0.0162354,-0.00623976,-0.0112376,61218
a_only,1845,C_eff,30,-0.00623976,0.0037559,-0.00124193,63761
a_only,1845,C_eff,31,0.0037559,0.0137516,0.00875373,62003
a_only,1845,C_eff,32,0.0137516,0.0237472,0.0187494,56620
a_only,1845,C_eff,33,0.0237472,0.0337429,0.028745,46668
a_only,1845,C_eff,34,0.0337429,0.0437385,0.0387407,36367
a_only,1845,C_eff,35,0.0437385,0.0537342,0.0487364,26223
a_only,1845,C_eff,36,0.0537342,0.0637299,0.058732,17887
a_only,1845,C_eff,37,0.0637299,0.0737255,0.0687277,11178
a_only,1845,C_eff,38,0.0737255,0.0837212,0.0787233,6584
a_only,1845,C_eff,39,0.0837212,0.0937168,0.088719,3707
a_only,1845,C_eff,40,0.0937168,0.103712,0.0987147,1969
a_only,1845,C_eff,41,0.103712,0.113708,0.10871,965
a_only,1845,C_eff,42,0.113708,0.123704,0.118706,410
a_only,1845,C_eff,43,0.123704,0.133699,0.128702,200
a_only,1845,C_eff,44,0.133699,0.143695,0.138697,60
a_only,1845,C_eff,45,0.143695,0.153691,0.148693,24
a_only,1845,C_eff,46,0.153691,0.163686,0.158689,14
a_only,1845,C_eff,47,0.163686,0.173682,0.168684,5
a_only,1845,C_eff,48,0.173682,0.183678,0.17868,1
a_only,1845,C_eff,49,0.183678,0.193673,0.188676,5
a_only,3689,A,0,-0.509681,-0.489054,-0.499367,1
a_only,3689,A,1,-0.489054,-0.468427,-0.47874,1
a_only,3689,A,2,-0.468427,-0.447799,-0.458113,1
a_only,3689,A,3,-0.447799,-0.427172,-0.437486,0
a_only,3689,A,4,-0.427172,-0.406545,-0.416859,2
a_only,3689,A,5,-0.406545,-0.385918,-0.396232,2
a_only,3689,A,6,-0.385918,-0.365291,-0.375604,3
a_only,3689,A,7,-0.365291,-0.344664,-0.354977,2
a_only,3689,A,8,-0.344664,-0.324037,-0.33435,4
a_only,3689,A,9,-0.324037,-0.303409,-0.313723,12
a_only,3689,A,10,-0.303409,-0.282782,-0.293096,6
a_only,3689,A,11,-0.282782,-0.262155,-0.272469,20
a_only,3689,A,12,-0.262155,-0.241528,-0.251842,23
a_only,3689,A,13,-0.241528,-0.220901,-0.231214,40
a_only,3689,A,14,-0.220901,-0.200274,-0.210587,60
a_only,3689,A,15,-0.200274,-0.179646,-0.18996,142
a_only,3689,A,16,-0.179646,-0.159019,-0.169333,251
a_only,3689,A,17,-0.159019,-0.138392,-0.148706,386
a_only,3689,A,18,-0.138392,-0.117765,-0.128079,588
a_only,3689,A,19,-0.117765,-0.0971379,-0.107451,898
a_only,3689,A,20,-0.0971379,-0.0765107,-0.0868243,1332
a_only,3689,A,21,-0.0765107,-0.0558836,-0.0661972,1866
a_only,3689,A,22,-0.0558836,-0.0352564,-0.04557,2170
a_only,3689,A,23,-0.0352564,-0.0146293,-0.0249429,2606
a_only,3689,A,24,-0.0146293,0.00599787,-0.00431571,2690
a_only,3689,A,25,0.00599787,0.026625,0.0163114,2716
a_only,3689,A,26,0.026625,0.0472522,0.0369386,2435
a_only,3689,A,27,0.0472522,0.0678793,0.0575657,1928
a_only,3689,A,28,0.0678793,0.0885065,0.0781929,1414
a_only,3689,A,29,0.0885065,0.109134,0.09882,1060
a_only,3689,A,30,0.109134,0.129761,0.119447,729
a_only,3689,A,31,0.129761,0.150388,0.140074,470
a_only,3689,A,32,0.150388,0.171015,0.160702,315
a_only,3689,A,33,0.171015,0.191642,0.181329,170
a_only,3689,A,34,0.191642,0.212269,0.201956,87
a_only,3689,A,35,0.212269,0.232897,0.222583,60
a_only,3689,A,36,0.232897,0.253524,0.24321,25
a_only,3689,A,37,0.253524,0.274151,0.263837,26
a_only,3689,A,38,0.274151,0.294778,0.284464,9
a_only,3689,A,39,0.294778,0.315405,0.305092,6
a_only,3689,A,40,0.315405,0.336032,0.325719,8
a_only,3689,A,41,0.336032,0.356659,0.346346,0
a_only,3689,A,42,0.356659,0.377287,0.366973,3
a_only,3689,A,43,0.377287,0.397914,0.3876,2
a_only,3689,A,44,0.397914,0.418541,0.408227,1
a_only,3689,A,45,0.418541,0.439168,0.428854,3
a_only,3689,A,46,0.439168,0.459795,0.449482,0
a_only,3689,A,47,0.459795,0.480422,0.470109,1
a_only,3689,A,48,0.480422,0.50105,0.490736,0
a_only,3689,A,49,0.50105,0.521677,0.511363,2
a_only,3689,B,0,-0.139337,-0.133837,-0.136587,6
a_only,3689,B,1,-0.133837,-0.128336,-0.131087,6
a_only,3689,B,2,-0.128336,-0.122836,-0.125586,8
a_only,3689,B,3,-0.122836,-0.117336,-0.120086,9
a_only,3689,B,4,-0.117336,-0.111835,-0.114585,18
a_only,3689,B,5,-0.111835,-0.106335,-0.109085,24
a_only,3689,B,6,-0.106335,-0.100835,-0.103585,33
a_only,3689,B,7,-0.100835,-0.0953342,-0.0980843,44
a_only,3689,B,8,-0.0953342,-0.0898338,-0.092584,66
a_only,3689,B,9,-0.0898338,-0.0843334,-0.0870836,112
a_only,3689,B,10,-0.0843334,-0.078833,-0.0815832,155
a_only,3689,B,11,-0.078833,-0.0733327,-0.0760829,179
a_only,3689,B,12,-0.0733327,-0.0678323,-0.0705825,240
a_only,3689,B,13,-0.0678323,-0.0623319,-0.0650821,349
a_only,3689,B,14,-0.0623319,-0.0568316,-0.0595817,414
a_only,3689,B,15,-0.0568316,-0.0513312,-0.0540814,524
a_only,3689,B,16,-0.0513312,-0.0458308,-0.048581,593
a_only,3689,B,17,-0.0458308,-0.0403304,-0.0430806,765
a_only,3689,B,18,-0.0403304,-0.0348301,-0.0375803,890
a_only,3689,B,19,-0.0348301,-0.0293297,-0.0320799,952
a_only,3689,B,20,-0.0293297,-0.0238293,-0.0265795,1094
a_only,3689,B,21,-0.0238293,-0.018329,-0.0210791,1169
a_only,3689,B,22,-0.018329,-0.0128286,-0.0155788,1262
a_only,3689,B,23,-0.0128286,-0.00732822,-0.0100784,1334
a_only,3689,B,24,-0.00732822,-0.00182785,-0.00457804,1427
a_only,3689,B,25,-0.00182785,0.00367252,0.000922334,1430
a_only,3689,B,26,0.00367252,0.00917289,0.00642271,1362
a_only,3689,B,27,0.00917289,0.0146733,0.0119231,1314
a_only,3689,B,28,0.0146733,0.0201736,0.0174234,1281
a_only,3689,B,29,0.0201736,0.025674,0.0229238,1236
a_only,3689,B,30,0.025674,0.0311744,0.0284242,1104
a_only,3689,B,31,0.0311744,0.0366747,0.0339246,955
a_only,3689,B,32,0.0366747,0.0421751,0.0394249,798
a_only,3689,B,33,0.0421751,0.0476755,0.0449253,742
a_only,3689,B,34,0.0476755,0.0531759,0.0504257,597
a_only,3689,B,35,0.0531759,0.0586762,0.055926,464
a_only,3689,B,36,0.0586762,0.0641766,0.0614264,397
a_only,3689,B,37,0.0641766,0.069677,0.0669268,336
a_only,3689,B,38,0.069677,0.0751773,0.0724272,247
a_only,3689,B,39,0.0751773,0.0806777,0.0779275,185
a_only,3689,B,40,0.0806777,0.0861781,0.0834279,123
a_only,3689,B,41,0.0861781,0.0916785,0.0889283,102
a_only,3689,B,42,0.0916785,0.0971788,0.0944286,72
a_only,3689,B,43,0.0971788,0.102679,0.099929,55
a_only,3689,B,44,0.102679,0.10818,0.105429,53
a_only,3689,B,45,0.10818,0.11368,0.11093,20
a_only,3689,B,46,0.11368,0.11918,0.11643,13
a_only,3689,B,47,0.11918,0.124681,0.12193,9
a_only,3689,B,48,0.124681,0.130181,0.127431,3
a_only,3689,B,49,0.130181,0.135681,0.132931,5
a_only,3689,C_eff,0,-0.302444,-0.292474,-0.297459,1
a_only,3689,C_eff,1,-0.292474,-0.282503,-0.287488,0
a_only,3689,C_eff,2,-0.282503,-0.272533,-0.277518,0
a_only,3689,C_eff,3,-0.272533,-0.262563,-0.267548,0
a_only,3689,C_eff,4,-0.262563,-0.252593,-0.257578,0
a_only,3689,C_eff,5,-0.252593,-0.242622,-0.247608,1
a_only,3689,C_eff,6,-0.242622,-0.232652,-0.237637,0
a_only,3689,C_eff,7,-0.232652,-0.222682,-0.227667,0
a_only,3689,C_eff,8,-0.222682,-0.212712,-0.217697,1
a_only,3689,C_eff,9,-0.212712,-0.202741,-0.207727,0
a_only,3689,C_eff,10,-0.202741,-0.192771,-0.197756,1
a_only,3689,C_eff,11,-0.192771,-0.182801,-0.187786,0
a_only,3689,C_eff,12,-0.182801,-0.172831,-0.177816,0
a_only,3689,C_eff,13,-0.172831,-0.162861,-0.167846,5
a_only,3689,C_eff,14,-0.162861,-0.15289,-0.157875,11
a_only,3689,C_eff,15,-0.15289,-0.14292,-0.147905,42
a_only,3689,C_eff,16,-0.14292,-0.13295,-0.137935,74
a_only,3689,C_eff,17,-0.13295,-0.12298,-0.127965,231
a_only,3689,C_eff,18,-0.12298,-0.113009,-0.117995,565
a_only,3689,C_eff,19,-0.113009,-0.103039,-0.108024,1133
a_only,3689,C_eff,20,-0.103039,-0.0930689,-0.098054,2268
a_only,3689,C_eff,21,-0.0930689,-0.0830987,-0.0880838,4046
a_only,3689,C_eff,22,-0.0830987,-0.0731285,-0.0781136,7243
a_only,3689,C_eff,23,-0.0731285,-0.0631582,-0.0681433,11823
a_only,3689,C_eff,24,-0.0631582,-0.053188,-0.0581731,18367
a_only,3689,C_eff,25,-0.053188,-0.0432178,-0.0482029,27496
a_only,3689,C_eff,26,-0.0432178,-0.0332475,-0.0382326,36999
a_only,3689,C_eff,27,-0.0332475,-0.0232773,-0.0282624,46603
a_only,3689,C_eff,28,-0.0232773,-0.0133071,-0.0182922,55600
a_only,3689,C_eff,29,-0.0133071,-0.00333683,-0.00832194,61196
a_only,3689,C_eff,30,-0.00333683,0.00663341,0.00164829,62755
a_only,3689,C_eff,31,0.00663341,0.0166036,0.0116185,59825
a_only,3689,C_eff,32,0.0166036,0.0265739,0.0215888,53172
a_only,3689,C_eff,33,0.0265739,0.0365441,0.031559,43769
a_only,3689,C_eff,34,0.0365441,0.0465143,0.0415292,33409
a_only,3689,C_eff,35,0.0465143,0.0564846,0.0514995,24059
a_only,3689,C_eff,36,0.0564846,0.0664548,0.0614697,16090
a_only,3689,C_eff,37,0.0664548,0.076425,0.0714399,10312
a_only,3689,C_eff,38,0.076425,0.0863953,0.0814102,6050
a_only,3689,C_eff,39,0.0863953,0.0963655,0.0913804,3311
a_only,3689,C_eff,40,0.0963655,0.106336,0.101351,1765
a_only,3689,C_eff,41,0.106336,0.116306,0.111321,973
a_only,3689,C_eff,42,0.116306,0.126276,0.121291,398
a_only,3689,C_eff,43,0.126276,0.136246,0.131261,147
a_only,3689,C_eff,44,0.136246,0.146217,0.141232,45
a_only,3689,C_eff,45,0.146217,0.156187,0.151202,18
a_only,3689,C_eff,46,0.156187,0.166157,0.161172,11
a_only,3689,C_eff,47,0.166157,0.176127,0.171142,4
a_only,3689,C_eff,48,0.176127,0.186098,0.181112,2
a_only,3689,C_eff,49,0.186098,0.196068,0.191083,3
a_only,5533,A,0,-0.67406,-0.646816,-0.660438,1
a_only,5533,A,1,-0.646816,-0.619573,-0.633194,0
a_only,5533,A,2,-0.619573,-0.592329,-0.605951,1
a_only,5533,A,3,-0.592329,-0.565085,-0.578707,0
a_only,5533,A,4,-0.565085,-0.537842,-0.551464,0
a_only,5533,A,5,-0.537842,-0.510598,-0.52422,0
a_only,5533,A,6,-0.510598,-0.483355,-0.496976,0
a_only,5533,A,7,-0.483355,-0.456111,-0.469733,0
a_only,5533,A,8,-0.456111,-0.428867,-0.442489,1
a_only,5533,A,9,-0.428867,-0.401624,-0.415246,3
a_only,5533,A,10,-0.401624,-0.37438,-0.388002,3
a_only,5533,A,11,-0.37438,-0.347137,-0.360758,6
a_only,5533,A,12,-0.347137,-0.319893,-0.333515,7
a_only,5533,A,13,-0.319893,-0.292649,-0.306271,15
a_only,5533,A,14,-0.292649,-0.265406,-0.279028,15
a_only,5533,A,15,-0.265406,-0.238162,-0.251784,38
a_only,5533,A,16,-0.238162,-0.210919,-0.22454,79
a_only,5533,A,17,-0.210919,-0.183675,-0.197297,170
a_only,5533,A,18,-0.183675,-0.156431,-0.170053,343
a_only,5533,A,19,-0.156431,-0.129188,-0.14281,624
a_only,5533,A,20,-0.129188,-0.101944,-0.115566,1062
a_only,5533,A,21,-0.101944,-0.0747007,-0.0883225,1670
a_only,5533,A,22,-0.0747007,-0.0474571,-0.0610789,2410
a_only,5533,A,23,-0.0474571,-0.0202135,-0.0338353,3235
a_only,5533,A,24,-0.0202135,0.0070301,-0.0065917,3568
a_only,5533,A,25,0.0070301,0.0342737,0.0206519,3398
a_only,5533,A,26,0.0342737,0.0615173,0.0478955,2830
a_only,5533,A,27,0.0615173,0.0887609,0.0751391,2055
a_only,5533,A,28,0.0887609,0.116004,0.102383,1265
a_only,5533,A,29,0.116004,0.143248,0.129626,809
a_only,5533,A,30,0.143248,0.170492,0.15687,501
a_only,5533,A,31,0.170492,0.197735,0.184113,224
a_only,5533,A,32,0.197735,0.224979,0.211357,118
a_only,5533,A,33,0.224979,0.252222,0.238601,55
a_only,5533,A,34,0.252222,0.279466,0.265844,25
a_only,5533,A,35,0.279466,0.30671,0.293088,18
a_only,5533,A,36,0.30671,0.333953,0.320331,10
a_only,5533,A,37,0.333953,0.361197,0.347575,7
a_only,5533,A,38,0.361197,0.38844,0.374819,3
a_only,5533,A,39,0.38844,0.415684,0.402062,1
a_only,5533,A,40,0.415684,0.442928,0.429306,2
a_only,5533,A,41,0.442928,0.470171,0.456549,2
a_only,5533,A,42,0.470171,0.497415,0.483793,1
a_only,5533,A,43,0.497415,0.524658,0.511037,0
a_only,5533,A,44,0.524658,0.551902,0.53828,0
a_only,5533,A,45,0.551902,0.579146,0.565524,0
a_only,5533,A,46,0.579146,0.606389,0.592767,0
a_only,5533,A,47,0.606389,0.633633,0.620011,0
a_only,5533,A,48,0.633633,0.660876,0.647255,0
a_only,5533,A,49,0.660876,0.68812,0.674498,1
a_only,5533,B,0,-0.15131,-0.145297,-0.148304,2
a_only,5533,B,1,-0.145297,-0.139285,-0.142291,1
a_only,5533,B,2,-0.139285,-0.133273,-0.136279,3
a_only,5533,B,3,-0.133273,-0.12726,-0.130266,6
a_only,5533,B,4,-0.12726,-0.121248,-0.124254,5
a_only,5533,B,5,-0.121248,-0.115235,-0.118242,15
a_only,5533,B,6,-0.115235,-0.109223,-0.112229,25
a_only,5533,B,7,-0.109223,-0.103211,-0.106217,34
a_only,5533,B,8,-0.103211,-0.0971981,-0.100204,52
a_only,5533,B,9,-0.0971981,-0.0911857,-0.0941919,79
a_only,5533,B,10,-0.0911857,-0.0851734,-0.0881795,96
a_only,5533,B,11,-0.0851734,-0.079161,-0.0821672,143
a_only,5533,B,12,-0.079161,-0.0731486,-0.0761548,222
a_only,5533,B,13,-0.0731486,-0.0671362,-0.0701424,263
a_only,5533,B,14,-0.0671362,-0.0611238,-0.06413,386
a_only,5533,B,15,-0.0611238,-0.0551114,-0.0581176,493
a_only,5533,B,16,-0.0551114,-0.049099,-0.0521052,580
a_only,5533,B,17,-0.049099,-0.0430866,-0.0460928,769
a_only,5533,B,18,-0.0430866,-0.0370742,-0.0400804,894
a_only,5533,B,19,-0.0370742,-0.0310618,-0.034068,1062
a_only,5533,B,20,-0.0310618,-0.0250494,-0.0280556,1156
a_only,5533,B,21,-0.0250494,-0.019037,-0.0220432,1331
a_only,5533,B,22,-0.019037,-0.0130246,-0.0160308,1354
a_only,5533,B,23,-0.0130246,-0.00701221,-0.0100184,1451
a_only,5533,B,24,-0.00701221,-0.000999816,-0.00400601,1535
a_only,5533,B,25,-0.000999816,0.00501258,0.00200638,1525
a_only,5533,B,26,0.00501258,0.011025,0.00801878,1479
a_only,5533,B,27,0.011025,0.0170374,0.0140312,1390
a_only,5533,B,28,0.0170374,0.0230498,0.0200436,1368
a_only,5533,B,29,0.0230498,0.0290622,0.026056,1251
a_only,5533,B,30,0.0290622,0.0350746,0.0320684,1115
a_only,5533,B,31,0.0350746,0.041087,0.0380808,984
a_only,5533,B,32,0.041087,0.0470993,0.0440931,822
a_only,5533,B,33,0.0470993,0.0531117,0.0501055,645
a_only,5533,B,34,0.0531117,0.0591241,0.0561179,534
a_only,5533,B,35,0.0591241,0.0651365,0.0621303,408
a_only,5533,B,36,0.0651365,0.0711489,0.0681427,327
a_only,5533,B,37,0.0711489,0.0771613,0.0741551,237
a_only,5533,B,38,0.0771613,0.0831737,0.0801675,172
a_only,5533,B,39,0.0831737,0.0891861,0.0861799,124
a_only,5533,B,40,0.0891861,0.0951985,0.0921923,78
a_only,5533,B,41,0.0951985,0.101211,0.0982047,57
a_only,5533,B,42,0.101211,0.107223,0.104217,52
a_only,5533,B,43,0.107223,0.113236,0.110229,22
a_only,5533,B,44,0.113236,0.119248,0.116242,17
a_only,5533,B,45,0.119248,0.12526,0.122254,7
a_only,5533,B,46,0.12526,0.131273,0.128267,3
a_only,5533,B,47,0.131273,0.137285,0.134279,0
a_only,5533,B,48,0.137285,0.143298,0.140291,1
a_only,5533,B,49,0.143298,0.14931,0.146304,1
a_only,5533,C_eff,0,-0.295723,-0.285926,-0.290825,1
a_only,5533,C_eff,1,-0.285926,-0.276129,-0.281028,0
a_only,5533,C_eff,2,-0.276129,-0.266332,-0.27123,0
a_only,5533,C_eff,3,-0.266332,-0.256535,-0.261433,0
a_only,5533,C_eff,4,-0.256535,-0.246738,-0.251636,0
a_only,5533,C_eff,5,-0.246738,-0.23694,-0.241839,1
a_only,5533,C_eff,6,-0.23694,-0.227143,-0.232042,0
a_only,5533,C_eff,7,-0.227143,-0.217346,-0.222245,0
a_only,5533,C_eff,8,-0.217346,-0.207549,-0.212448,1
a_only,5533,C_eff,9,-0.207549,-0.197752,-0.20265,1
a_only,5533,C_eff,10,-0.197752,-0.187955,-0.192853,0
a_only,5533,C_eff,11,-0.187955,-0.178158,-0.183056,0
a_only,5533,C_eff,12,-0.178158,-0.16836,-0.173259,1
a_only,5533,C_eff,13,-0.16836,-0.158563,-0.163462,5
a_only,5533,C_eff,14,-0.158563,-0.148766,-0.153665,21
a_only,5533,C_eff,15,-0.148766,-0.138969,-0.143868,45
a_only,5533,C_eff,16,-0.138969,-0.129172,-0.13407,115
a_only,5533,C_eff,17,-0.129172,-0.119375,-0.124273,374
a_only,5533,C_eff,18,-0.119375,-0.109578,-0.114476,760
a_only,5533,C_eff,19,-0.109578,-0.0997804,-0.104679,1554
a_only,5533,C_eff,20,-0.0997804,-0.0899833,-0.0948818,2881
a_only,5533,C_eff,21,-0.0899833,-0.0801861,-0.0850847,5046
a_only,5533,C_eff,22,-0.0801861,-0.070389,-0.0752875,8504
a_only,5533,C_eff,23,-0.070389,-0.0605918,-0.0654904,13406
a_only,5533,C_eff,24,-0.0605918,-0.0507947,-0.0556933,20575
a_only,5533,C_eff,25,-0.0507947,-0.0409975,-0.0458961,29043
a_only,5533,C_eff,26,-0.0409975,-0.0312004,-0.036099,38521
a_only,5533,C_eff,27,-0.0312004,-0.0214033,-0.0263018,47510
a_only,5533,C_eff,28,-0.0214033,-0.0116061,-0.0165047,55347
a_only,5533,C_eff,29,-0.0116061,-0.00180897,-0.00670755,59888
a_only,5533,C_eff,30,-0.00180897,0.00798817,0.0030896,60758
a_only,5533,C_eff,31,0.00798817,0.0177853,0.0128867,57412
a_only,5533,C_eff,32,0.0177853,0.0275825,0.0226839,50871
a_only,5533,C_eff,33,0.0275825,0.0373796,0.032481,41993
a_only,5533,C_eff,34,0.0373796,0.0471767,0.0422782,32284
a_only,5533,C_eff,35,0.0471767,0.0569739,0.0520753,23372
a_only,5533,C_eff,36,0.0569739,0.066771,0.0618724,15888
a_only,5533,C_eff,37,0.066771,0.0765682,0.0716696,10347
a_only,5533,C_eff,38,0.0765682,0.0863653,0.0814667,6130
a_only,5533,C_eff,39,0.0863653,0.0961624,0.0912639,3472
a_only,5533,C_eff,40,0.0961624,0.10596,0.101061,1917
a_only,5533,C_eff,41,0.10596,0.115757,0.110858,1055
a_only,5533,C_eff,42,0.115757,0.125554,0.120655,467
a_only,5533,C_eff,43,0.125554,0.135351,0.130452,165
a_only,5533,C_eff,44,0.135351,0.145148,0.14025,52
a_only,5533,C_eff,45,0.145148,0.154945,0.150047,20
a_only,5533,C_eff,46,0.154945,0.164742,0.159844,12
a_only,5533,C_eff,47,0.164742,0.17454,0.169641,4
a_only,5533,C_eff,48,0.17454,0.184337,0.179438,2
a_only,5533,C_eff,49,0.184337,0.194134,0.189235,3
a_only,7377,A,0,-1.03212,-0.991777,-1.01195,1
a_only,7377,A,1,-0.991777,-0.951435,-0.971606,1
a_only,7377,A,2,-0.951435,-0.911094,-0.931264,2
a_only,7377,A,3,-0.911094,-0.870752,-0.890923,1
a_only,7377,A,4,-0.870752,-0.83041,-0.850581,0
a_only,7377,A,5,-0.83041,-0.790068,-0.810239,1
a_only,7377,A,6,-0.790068,-0.749726,-0.769897,7
a_only,7377,A,7,-0.749726,-0.709385,-0.729556,5
a_only,7377,A,8,-0.709385,-0.669043,-0.689214,20
a_only,7377,A,9,-0.669043,-0.628701,-0.648872,19
a_only,7377,A,10,-0.628701,-0.588359,-0.60853,32
a_only,7377,A,11,-0.588359,-0.548018,-0.568188,48
a_only,7377,A,12,-0.548018,-0.507676,-0.527847,66
a_only,7377,A,13,-0.507676,-0.467334,-0.487505,80
a_only,7377,A,14,-0.467334,-0.426992,-0.447163,166
a_only,7377,A,15,-0.426992,-0.38665,-0.406821,199
a_only,7377,A,16,-0.38665,-0.346309,-0.36648,276
a_only,7377,A,17,-0.346309,-0.305967,-0.326138,419
a_only,7377,A,18,-0.305967,-0.265625,-0.285796,549
a_only,7377,A,19,-0.265625,-0.225283,-0.245454,803
a_only,7377,A,20,-0.225283,-0.184942,-0.205112,1038
a_only,7377,A,21,-0.184942,-0.1446,-0.164771,1412
a_only,7377,A,22,-0.1446,-0.104258,-0.124429,1650
a_only,7377,A,23,-0.104258,-0.0639162,-0.0840871,1964
a_only,7377,A,24,-0.0639162,-0.0235744,-0.0437453,2223
a_only,7377,A,25,-0.0235744,0.0167673,-0.00340355,2263
a_only,7377,A,26,0.0167673,0.0571091,0.0369382,2232
a_only,7377,A,27,0.0571091,0.0974509,0.07728,2029
a_only,7377,A,28,0.0974509,0.137793,0.117622,1769
a_only,7377,A,29,0.137793,0.178134,0.157964,1384
a_only,7377,A,30,0.178134,0.218476,0.198305,1151
a_only,7377,A,31,0.218476,0.258818,0.238647,839
a_only,7377,A,32,0.258818,0.29916,0.278989,539
a_only,7377,A,33,0.29916,0.339502,0.319331,443
a_only,7377,A,34,0.339502,0.379843,0.359672,283
a_only,7377,A,35,0.379843,0.420185,0.400014,218
a_only,7377,A,36,0.420185,0.460527,0.440356,139
a_only,7377,A,37,0.460527,0.500869,0.480698,112
a_only,7377,A,38,0.500869,0.54121,0.52104,68
a_only,7377,A,39,0.54121,0.581552,0.561381,47
a_only,7377,A,40,0.581552,0.621894,0.601723,28
a_only,7377,A,41,0.621894,0.662236,0.642065,17
a_only,7377,A,42,0.662236,0.702578,0.682407,11
a_only,7377,A,43,0.702578,0.742919,0.722748,9
a_only,7377,A,44,0.742919,0.783261,0.76309,5
a_only,7377,A,45,0.783261,0.823603,0.803432,1
a_only,7377,A,46,0.823603,0.863945,0.843774,2
a_only,7377,A,47,0.863945,0.904286,0.884116,0
a_only,7377,A,48,0.904286,0.944628,0.924457,4
a_only,7377,A,49,0.944628,0.98497,0.964799,1
a_only,7377,B,0,-0.991542,-0.951969,-0.971755,50
a_only,7377,B,1,-0.951969,-0.912396,-0.932183,117
a_only,7377,B,2,-0.912396,-0.872823,-0.89261,223
a_only,7377,B,3,-0.872823,-0.833251,-0.853037,290
a_only,7377,B,4,-0.833251,-0.793678,-0.813464,495
a_only,7377,B,5,-0.793678,-0.754105,-0.773892,653
a_only,7377,B,6,-0.754105,-0.714533,-0.734319,747
a_only,7377,B,7,-0.714533,-0.67496,-0.694746,792
a_only,7377,B,8,-0.67496,-0.635387,-0.655173,1011
a_only,7377,B,9,-0.635387,-0.595814,-0.615601,1029
a_only,7377,B,10,-0.595814,-0.556242,-0.576028,1044
a_only,7377,B,11,-0.556242,-0.516669,-0.536455,1003
a_only,7377,B,12,-0.516669,-0.477096,-0.496883,887
a_only,7377,B,13,-0.477096,-0.437523,-0.45731,717
a_only,7377,B,14,-0.437523,-0.397951,-0.417737,685
a_only,7377,B,15,-0.397951,-0.358378,-0.378164,655
a_only,7377,B,16,-0.358378,-0.318805,-0.338592,560
a_only,7377,B,17,-0.318805,-0.279233,-0.299019,404
a_only,7377,B,18,-0.279233,-0.23966,-0.259446,234
a_only,7377,B,19,-0.23966,-0.200087,-0.219873,204
a_only,7377,B,20,-0.200087,-0.160514,-0.180301,115
a_only,7377,B,21,-0.160514,-0.120942,-0.140728,88
a_only,7377,B,22,-0.120942,-0.0813689,-0.101155,87
a_only,7377,B,23,-0.0813689,-0.0417962,-0.0615826,88
a_only,7377,B,24,-0.0417962,-0.00222346,-0.0220098,119
a_only,7377,B,25,-0.00222346,0.0373493,0.0175629,122
a_only,7377,B,26,0.0373493,0.076922,0.0571356,113
a_only,7377,B,27,0.076922,0.116495,0.0967084,84
a_only,7377,B,28,0.116495,0.156067,0.136281,82
a_only,7377,B,29,0.156067,0.19564,0.175854,108
a_only,7377,B,30,0.19564,0.235213,0.215427,203
a_only,7377,B,31,0.235213,0.274786,0.254999,248
a_only,7377,B,32,0.274786,0.314358,0.294572,396
a_only,7377,B,33,0.314358,0.353931,0.334145,545
a_only,7377,B,34,0.353931,0.393504,0.373717,663
a_only,7377,B,35,0.393504,0.433077,0.41329,648
a_only,7377,B,36,0.433077,0.472649,0.452863,741
a_only,7377,B,37,0.472649,0.512222,0.492436,874
a_only,7377,B,38,0.512222,0.551795,0.532008,1045
a_only,7377,B,39,0.551795,0.591367,0.571581,1025
a_only,7377,B,40,0.591367,0.63094,0.611154,1020
a_only,7377,B,41,0.63094,0.670513,0.650727,965
a_only,7377,B,42,0.670513,0.710086,0.690299,796
a_only,7377,B,43,0.710086,0.749658,0.729872,748
a_only,7377,B,44,0.749658,0.789231,0.769445,613
a_only,7377,B,45,0.789231,0.828804,0.809017,543
a_only,7377,B,46,0.828804,0.868377,0.84859,298
a_only,7377,B,47,0.868377,0.907949,0.888163,226
a_only,7377,B,48,0.907949,0.947522,0.927736,126
a_only,7377,B,49,0.947522,0.987095,0.967308,47
a_only,7377,C_eff,0,-0.276783,-0.266974,-0.271879,1
a_only,7377,C_eff,1,-0.266974,-0.257165,-0.262069,0
a_only,7377,C_eff,2,-0.257165,-0.247355,-0.25226,0
a_only,7377,C_eff,3,-0.247355,-0.237546,-0.242451,1
a_only,7377,C_eff,4,-0.237546,-0.227737,-0.232641,0
a_only,7377,C_eff,5,-0.227737,-0.217927,-0.222832,1
a_only,7377,C_eff,6,-0.217927,-0.208118,-0.213023,1
a_only,7377,C_eff,7,-0.208118,-0.198309,-0.203213,0
a_only,7377,C_eff,8,-0.198309,-0.188499,-0.193404,0
a_only,7377,C_eff,9,-0.188499,-0.17869,-0.183595,1
a_only,7377,C_eff,10,-0.17869,-0.168881,-0.173785,1
a_only,7377,C_eff,11,-0.168881,-0.159071,-0.163976,7
a_only,7377,C_eff,12,-0.159071,-0.149262,-0.154166,20
a_only,7377,C_eff,13,-0.149262,-0.139452,-0.144357,63
a_only,7377,C_eff,14,-0.139452,-0.129643,-0.134548,206
a_only,7377,C_eff,15,-0.129643,-0.119834,-0.124738,672
a_only,7377,C_eff,16,-0.119834,-0.110024,-0.114929,1539
a_only,7377,C_eff,17,-0.110024,-0.100215,-0.10512,2688
a_only,7377,C_eff,18,-0.100215,-0.0904056,-0.0953103,4252
a_only,7377,C_eff,19,-0.0904056,-0.0805963,-0.085501,6850
a_only,7377,C_eff,20,-0.0805963,-0.0707869,-0.0756916,10683
a_only,7377,C_eff,21,-0.0707869,-0.0609776,-0.0658822,15786
a_only,7377,C_eff,22,-0.0609776,-0.0511682,-0.0560729,21996
a_only,7377,C_eff,23,-0.0511682,-0.0413588,-0.0462635,30026
a_only,7377,C_eff,24,-0.0413588,-0.0315495,-0.0364541,37590
a_only,7377,C_eff,25,-0.0315495,-0.0217401,-0.0266448,44845
a_only,7377,C_eff,26,-0.0217401,-0.0119307,-0.0168354,50694
a_only,7377,C_eff,27,-0.0119307,-0.00212139,-0.00702607,54698
a_only,7377,C_eff,28,-0.00212139,0.00768798,0.0027833,55289
a_only,7377,C_eff,29,0.00768798,0.0174973,0.0125927,53119
a_only,7377,C_eff,30,0.0174973,0.0273067,0.022402,48078
a_only,7377,C_eff,31,0.0273067,0.0371161,0.0322114,41087
a_only,7377,C_eff,32,0.0371161,0.0469254,0.0420207,32676
a_only,7377,C_eff,33,0.0469254,0.0567348,0.0518301,25515
a_only,7377,C_eff,34,0.0567348,0.0665441,0.0616395,18707
a_only,7377,C_eff,35,0.0665441,0.0763535,0.0714488,12534
a_only,7377,C_eff,36,0.0763535,0.0861629,0.0812582,8306
a_only,7377,C_eff,37,0.0861629,0.0959722,0.0910675,5277
a_only,7377,C_eff,38,0.0959722,0.105782,0.100877,3249
a_only,7377,C_eff,39,0.105782,0.115591,0.110686,1937
a_only,7377,C_eff,40,0.115591,0.1254,0.120496,938
a_only,7377,C_eff,41,0.1254,0.13521,0.130305,346
a_only,7377,C_eff,42,0.13521,0.145019,0.140114,103
a_only,7377,C_eff,43,0.145019,0.154828,0.149924,25
a_only,7377,C_eff,44,0.154828,0.164638,0.159733,8
a_only,7377,C_eff,45,0.164638,0.174447,0.169542,4
a_only,7377,C_eff,46,0.174447,0.184256,0.179352,2
a_only,7377,C_eff,47,0.184256,0.194066,0.189161,2
a_only,7377,C_eff,48,0.194066,0.203875,0.198971,0
a_only,7377,C_eff,49,0.203875,0.213685,0.20878,1
b_only,1,A,0,-0.0426103,-0.0409683,-0.0417893,2
b_only,1,A,1,-0.0409683,-0.0393262,-0.0401472,0
b_only,1,A,2,-0.0393262,-0.0376841,-0.0385052,2
b_only,1,A,3,-0.0376841,-0.0360421,-0.0368631,2
b_only,1,A,4,-0.0360421,-0.0344,-0.035221,1
b_only,1,A,5,-0.0344,-0.032758,-0.033579,5
b_only,1,A,6,-0.032758,-0.0311159,-0.0319369,14
b_only,1,A,7,-0.0311159,-0.0294738,-0.0302949,13
b_only,1,A,8,-0.0294738,-0.0278318,-0.0286528,24
b_only,1,A,9,-0.0278318,-0.0261897,-0.0270107,45
b_only,1,A,10,-0.0261897,-0.0245476,-0.0253687,64
b_only,1,A,11,-0.0245476,-0.0229056,-0.0237266,100
b_only,1,A,12,-0.0229056,-0.0212635,-0.0220845,153
b_only,1,A,13,-0.0212635,-0.0196214,-0.0204425,185
b_only,1,A,14,-0.0196214,-0.0179794,-0.0188004,276
b_only,1,A,15,-0.0179794,-0.0163373,-0.0171583,382
b_only,1,A,16,-0.0163373,-0.0146953,-0.0155163,484
b_only,1,A,17,-0.0146953,-0.0130532,-0.0138742,561
b_only,1,A,18,-0.0130532,-0.0114111,-0.0122322,793
b_only,1,A,19,-0.0114111,-0.00976906,-0.0105901,914
b_only,1,A,20,-0.00976906,-0.008127,-0.00894803,1065
b_only,1,A,21,-0.008127,-0.00648493,-0.00730596,1238
b_only,1,A,22,-0.00648493,-0.00484287,-0.0056639,1401
b_only,1,A,23,-0.00484287,-0.00320081,-0.00402184,1436
b_only,1,A,24,-0.00320081,-0.00155874,-0.00237977,1555
b_only,1,A,25,-0.00155874,8.33222e-05,-0.00073771,1652
b_only,1,A,26,8.33222e-05,0.00172539,0.000904354,1535
b_only,1,A,27,0.00172539,0.00336745,0.00254642,1561
b_only,1,A,28,0.00336745,0.00500951,0.00418848,1486
b_only,1,A,29,0.00500951,0.00665158,0.00583055,1382
b_only,1,A,30,0.00665158,0.00829364,0.00747261,1226
b_only,1,A,31,0.00829364,0.0099357,0.00911467,1074
b_only,1,A,32,0.0099357,0.0115778,0.0107567,936
b_only,1,A,33,0.0115778,0.0132198,0.0123988,760
b_only,1,A,34,0.0132198,0.0148619,0.0140409,642
b_only,1,A,35,0.0148619,0.016504,0.0156829,470
b_only,1,A,36,0.016504,0.018146,0.017325,322
b_only,1,A,37,0.018146,0.0197881,0.0189671,250
b_only,1,A,38,0.0197881,0.0214302,0.0206091,204
b_only,1,A,39,0.0214302,0.0230722,0.0222512,125
b_only,1,A,40,0.0230722,0.0247143,0.0238932,73
b_only,1,A,41,0.0247143,0.0263563,0.0255353,68
b_only,1,A,42,0.0263563,0.0279984,0.0271774,37
b_only,1,A,43,0.0279984,0.0296405,0.0288194,20
b_only,1,A,44,0.0296405,0.0312825,0.0304615,15
b_only,1,A,45,0.0312825,0.0329246,0.0321036,13
b_only,1,A,46,0.0329246,0.0345667,0.0337456,6
b_only,1,A,47,0.0345667,0.0362087,0.0353877,2
b_only,1,A,48,0.0362087,0.0378508,0.0370298,1
b_only,1,A,49,0.0378508,0.0394929,0.0386718,1
b_only,1,B,0,-0.036076,-0.0346328,-0.0353544,469
b_only,1,B,1,-0.0346328,-0.0331896,-0.0339112,502
b_only,1,B,2,-0.0331896,-0.0317464,-0.032468,501
b_only,1,B,3,-0.0317464,-0.0303032,-0.0310248,484
b_only,1,B,4,-0.0303032,-0.02886,-0.0295816,487
b_only,1,B,5,-0.02886,-0.0274168,-0.0281384,498
b_only,1,B,6,-0.0274168,-0.0259736,-0.0266952,510
b_only,1,B,7,-0.0259736,-0.0245304,-0.025252,467
b_only,1,B,8,-0.0245304,-0.0230872,-0.0238088,518
b_only,1,B,9,-0.0230872,-0.021644,-0.0223656,487
b_only,1,B,10,-0.021644,-0.0202008,-0.0209224,506
b_only,1,B,11,-0.0202008,-0.0187576,-0.0194792,522
b_only,1,B,12,-0.0187576,-0.0173144,-0.018036,485
b_only,1,B,13,-0.0173144,-0.0158712,-0.0165928,457
b_only,1,B,14,-0.0158712,-0.014428,-0.0151496,531
b_only,1,B,15,-0.014428,-0.0129848,-0.0137064,558
b_only,1,B,16,-0.0129848,-0.0115416,-0.0122632,499
b_only,1,B,17,-0.0115416,-0.0100984,-0.01082,529
b_only,1,B,18,-0.0100984,-0.00865516,-0.00937676,516
b_only,1,B,19,-0.00865516,-0.00721196,-0.00793356,490
b_only,1,B,20,-0.00721196,-0.00576876,-0.00649036,521
b_only,1,B,21,-0.00576876,-0.00432556,-0.00504716,496
b_only,1,B,22,-0.00432556,-0.00288236,-0.00360396,463
b_only,1,B,23,-0.00288236,-0.00143916,-0.00216076,486
b_only,1,B,24,-0.00143916,4.03821e-06,-0.000717562,452
b_only,1,B,25,4.03821e-06,0.00144724,0.000725638,470
b_only,1,B,26,0.00144724,0.00289044,0.00216884,475
b_only,1,B,27,0.00289044,0.00433364,0.00361204,473
b_only,1,B,28,0.00433364,0.00577684,0.00505524,510
b_only,1,B,29,0.00577684,0.00722004,0.00649844,479
b_only,1,B,30,0.00722004,0.00866324,0.00794164,495
b_only,1,B,31,0.00866324,0.0101064,0.00938484,503
b_only,1,B,32,0.0101064,0.0115496,0.010828,464
b_only,1,B,33,0.0115496,0.0129928,0.0122712,501
b_only,1,B,34,0.0129928,0.014436,0.0137144,469
b_only,1,B,35,0.014436,0.0158792,0.0151576,474
b_only,1,B,36,0.0158792,0.0173224,0.0166008,487
b_only,1,B,37,0.0173224,0.0187656,0.018044,493
b_only,1,B,38,0.0187656,0.0202088,0.0194872,483
b_only,1,B,39,0.0202088,0.021652,0.0209304,494
b_only,1,B,40,0.021652,0.0230952,0.0223736,499
b_only,1,B,41,0.0230952,0.0245384,0.0238168,470
b_only,1,B,42,0.0245384,0.0259816,0.02526,489
b_only,1,B,43,0.0259816,0.0274248,0.0267032,470
b_only,1,B,44,0.0274248,0.028868,0.0281464,500
b_only,1,B,45,0.028868,0.0303112,0.0295896,514
b_only,1,B,46,0.0303112,0.0317544,0.0310328,482
b_only,1,B,47,0.0317544,0.0331976,0.032476,461
b_only,1,B,48,0.0331976,0.0346408,0.0339192,505
b_only,1,B,49,0.0346408,0.036084,0.0353624,482
b_only,1,C_eff,0,-0.31283,-0.30258,-0.307705,1
b_only,1,C_eff,1,-0.30258,-0.29233,-0.297455,0
b_only,1,C_eff,2,-0.29233,-0.28208,-0.287205,0
b_only,1,C_eff,3,-0.28208,-0.27183,-0.276955,0
b_only,1,C_eff,4,-0.27183,-0.26158,-0.266705,0
b_only,1,C_eff,5,-0.26158,-0.25133,-0.256455,0
b_only,1,C_eff,6,-0.25133,-0.24108,-0.246205,1
b_only,1,C_eff,7,-0.24108,-0.23083,-0.235955,0
b_only,1,C_eff,8,-0.23083,-0.22058,-0.225705,1
b_only,1,C_eff,9,-0.22058,-0.21033,-0.215455,0
b_only,1,C_eff,10,-0.21033,-0.20008,-0.205205,0
b_only,1,C_eff,11,-0.20008,-0.18983,-0.194955,1
b_only,1,C_eff,12,-0.18983,-0.17958,-0.184705,0
b_only,1,C_eff,13,-0.17958,-0.16933,-0.174455,2
b_only,1,C_eff,14,-0.16933,-0.15908,-0.164205,10
b_only,1,C_eff,15,-0.15908,-0.14883,-0.153955,25
b_only,1,C_eff,16,-0.14883,-0.13858,-0.143705,58
b_only,1,C_eff,17,-0.13858,-0.12833,-0.133455,126
b_only,1,C_eff,18,-0.12833,-0.11808,-0.123205,302
b_only,1,C_eff,19,-0.11808,-0.10783,-0.112955,711
b_only,1,C_eff,20,-0.10783,-0.0975799,-0.102705,1416
b_only,1,C_eff,21,-0.0975799,-0.0873299,-0.0924549,2921
b_only,1,C_eff,22,-0.0873299,-0.0770799,-0.0822049,5405
b_only,1,C_eff,23,-0.0770799,-0.0668299,-0.0719549,9404
b_only,1,C_eff,24,-0.0668299,-0.0565799,-0.0617049,15758
b_only,1,C_eff,25,-0.0565799,-0.0463299,-0.0514549,24379
b_only,1,C_eff,26,-0.0463299,-0.0360799,-0.0412049,34540
b_only,1,C_eff,27,-0.0360799,-0.0258298,-0.0309549,46023
b_only,1,C_eff,28,-0.0258298,-0.0155798,-0.0207048,55945
b_only,1,C_eff,29,-0.0155798,-0.00532983,-0.0104548,63660
b_only,1,C_eff,30,-0.00532983,0.00492018,-0.000204825,66021
b_only,1,C_eff,31,0.00492018,0.0151702,0.0100452,63493
b_only,1,C_eff,32,0.0151702,0.0254202,0.0202952,56709
b_only,1,C_eff,33,0.0254202,0.0356702,0.0305452,46267
b_only,1,C_eff,34,0.0356702,0.0459202,0.0407952,34898
b_only,1,C_eff,35,0.0459202,0.0561702,0.0510452,24605
b_only,1,C_eff,36,0.0561702,0.0664202,0.0612952,16197
b_only,1,C_eff,37,0.0664202,0.0766702,0.0715452,9675
b_only,1,C_eff,38,0.0766702,0.0869202,0.0817952,5647
b_only,1,C_eff,39,0.0869202,0.0971703,0.0920453,2936
b_only,1,C_eff,40,0.0971703,0.10742,0.102295,1477
b_only,1,C_eff,41,0.10742,0.11767,0.112545,680
b_only,1,C_eff,42,0.11767,0.12792,0.122795,320
b_only,1,C_eff,43,0.12792,0.13817,0.133045,124
b_only,1,C_eff,44,0.13817,0.14842,0.143295,47
b_only,1,C_eff,45,0.14842,0.15867,0.153545,20
b_only,1,C_eff,46,0.15867,0.16892,0.163795,12
b_only,1,C_eff,47,0.16892,0.17917,0.174045,1
b_only,1,C_eff,48,0.17917,0.18942,0.184295,2
b_only,1,C_eff,49,0.18942,0.19967,0.194545,4
b_only,1845,A,0,-0.213759,-0.206089,-0.209924,1
b_only,1845,A,1,-0.206089,-0.198419,-0.202254,0
b_only,1845,A,2,-0.198419,-0.190749,-0.194584,0
b_only,1845,A,3,-0.190749,-0.183078,-0.186913,0
b_only,1845,A,4,-0.183078,-0.175408,-0.179243,0
b_only,1845,A,5,-0.175408,-0.167738,-0.171573,0
b_only,1845,A,6,-0.167738,-0.160068,-0.163903,1
b_only,1845,A,7,-0.160068,-0.152398,-0.156233,1
b_only,1845,A,8,-0.152398,-0.144728,-0.148563,1
b_only,1845,A,9,-0.144728,-0.137058,-0.140893,2
b_only,1845,A,10,-0.137058,-0.129387,-0.133223,9
b_only,1845,A,11,-0.129387,-0.121717,-0.125552,20
b_only,1845,A,12,-0.121717,-0.114047,-0.117882,33
b_only,1845,A,13,-0.114047,-0.106377,-0.110212,65
b_only,1845,A,14,-0.106377,-0.0987069,-0.102542,95
b_only,1845,A,15,-0.0987069,-0.0910368,-0.0948719,138
b_only,1845,A,16,-0.0910368,-0.0833667,-0.0872017,210
b_only,1845,A,17,-0.0833667,-0.0756965,-0.0795316,287
b_only,1845,A,18,-0.0756965,-0.0680264,-0.0718614,397
b_only,1845,A,19,-0.0680264,-0.0603562,-0.0641913,513
b_only,1845,A,20,-0.0603562,-0.0526861,-0.0565212,673
b_only,1845,A,21,-0.0526861,-0.045016,-0.048851,889
b_only,1845,A,22,-0.045016,-0.0373458,-0.0411809,1141
b_only,1845,A,23,-0.0373458,-0.0296757,-0.0335108,1342
b_only,1845,A,24,-0.0296757,-0.0220056,-0.0258406,1469
b_only,1845,A,25,-0.0220056,-0.0143354,-0.0181705,1652
b_only,1845,A,26,-0.0143354,-0.0066653,-0.0105004,1778
b_only,1845,A,27,-0.0066653,0.00100483,-0.00283024,1804
b_only,1845,A,28,0.00100483,0.00867497,0.0048399,1799
b_only,1845,A,29,0.00867497,0.0163451,0.01251,1782
b_only,1845,A,30,0.0163451,0.0240152,0.0201802,1573
b_only,1845,A,31,0.0240152,0.0316854,0.0278503,1443
b_only,1845,A,32,0.0316854,0.0393555,0.0355204,1270
b_only,1845,A,33,0.0393555,0.0470256,0.0431906,1055
b_only,1845,A,34,0.0470256,0.0546958,0.0508607,844
b_only,1845,A,35,0.0546958,0.0623659,0.0585308,662
b_only,1845,A,36,0.0623659,0.070036,0.066201,495
b_only,1845,A,37,0.070036,0.0777062,0.0738711,371
b_only,1845,A,38,0.0777062,0.0853763,0.0815412,249
b_only,1845,A,39,0.0853763,0.0930465,0.0892114,199
b_only,1845,A,40,0.0930465,0.100717,0.0968815,125
b_only,1845,A,41,0.100717,0.108387,0.104552,79
b_only,1845,A,42,0.108387,0.116057,0.112222,48
b_only,1845,A,43,0.116057,0.123727,0.119892,26
b_only,1845,A,44,0.123727,0.131397,0.127562,10
b_only,1845,A,45,0.131397,0.139067,0.135232,9
b_only,1845,A,46,0.139067,0.146737,0.142902,8
b_only,1845,A,47,0.146737,0.154408,0.150572,4
b_only,1845,A,48,0.154408,0.162078,0.158243,3
b_only,1845,A,49,0.162078,0.169748,0.165913,1
b_only,1845,B,0,-0.473941,-0.450331,-0.462136,1
b_only,1845,B,1,-0.450331,-0.426721,-0.438526,0
b_only,1845,B,2,-0.426721,-0.403112,-0.414916,0
b_only,1845,B,3,-0.403112,-0.379502,-0.391307,1
b_only,1845,B,4,-0.379502,-0.355892,-0.367697,3
b_only,1845,B,5,-0.355892,-0.332283,-0.344087,7
b_only,1845,B,6,-0.332283,-0.308673,-0.320478,3
b_only,1845,B,7,-0.308673,-0.285063,-0.296868,9
b_only,1845,B,8,-0.285063,-0.261454,-0.273258,28
b_only,1845,B,9,-0.261454,-0.237844,-0.249649,31
b_only,1845,B,10,-0.237844,-0.214234,-0.226039,74
b_only,1845,B,11,-0.214234,-0.190625,-0.202429,124
b_only,1845,B,12,-0.190625,-0.167015,-0.17882,237
b_only,1845,B,13,-0.167015,-0.143405,-0.15521,414
b_only,1845,B,14,-0.143405,-0.119796,-0.1316,696
b_only,1845,B,15,-0.119796,-0.0961858,-0.107991,1039
b_only,1845,B,16,-0.0961858,-0.0725762,-0.084381,1531
b_only,1845,B,17,-0.0725762,-0.0489665,-0.0607713,2210
b_only,1845,B,18,-0.0489665,-0.0253568,-0.0371617,2704
b_only,1845,B,19,-0.0253568,-0.00174714,-0.013552,2936
b_only,1845,B,20,-0.00174714,0.0218625,0.0100577,2947
b_only,1845,B,21,0.0218625,0.0454722,0.0336674,2774
b_only,1845,B,22,0.0454722,0.0690819,0.057277,2303
b_only,1845,B,23,0.0690819,0.0926916,0.0808867,1676
b_only,1845,B,24,0.0926916,0.116301,0.104496,1158
b_only,1845,B,25,0.116301,0.139911,0.128106,665
b_only,1845,B,26,0.139911,0.163521,0.151716,413
b_only,1845,B,27,0.163521,0.18713,0.175325,271
b_only,1845,B,28,0.18713,0.21074,0.198935,143
b_only,1845,B,29,0.21074,0.23435,0.222545,73
b_only,1845,B,30,0.23435,0.257959,0.246154,42
b_only,1845,B,31,0.257959,0.281569,0.269764,24
b_only,1845,B,32,0.281569,0.305179,0.293374,16
b_only,1845,B,33,0.305179,0.328788,0.316983,7
b_only,1845,B,34,0.328788,0.352398,0.340593,5
b_only,1845,B,35,0.352398,0.376008,0.364203,2
b_only,1845,B,36,0.376008,0.399617,0.387813,2
b_only,1845,B,37,0.399617,0.423227,0.411422,3
b_only,1845,B,38,0.423227,0.446837,0.435032,2
b_only,1845,B,39,0.446837,0.470446,0.458642,1
b_only,1845,B,40,0.470446,0.494056,0.482251,0
b_only,1845,B,41,0.494056,0.517666,0.505861,0
b_only,1845,B,42,0.517666,0.541275,0.529471,0
b_only,1845,B,43,0.541275,0.564885,0.55308,0
b_only,1845,B,44,0.564885,0.588495,0.57669,0
b_only,1845,B,45,0.588495,0.612104,0.6003,0
b_only,1845,B,46,0.612104,0.635714,0.623909,0
b_only,1845,B,47,0.635714,0.659324,0.647519,0
b_only,1845,B,48,0.659324,0.682933,0.671129,0
b_only,1845,B,49,0.682933,0.706543,0.694738,1
b_only,1845,C_eff,0,-0.30672,-0.296569,-0.301645,1
b_only,1845,C_eff,1,-0.296569,-0.286417,-0.291493,0
b_only,1845,C_eff,2,-0.286417,-0.276266,-0.281342,0
b_only,1845,C_eff,3,-0.276266,-0.266115,-0.27119,0
b_only,1845,C_eff,4,-0.266115,-0.255963,-0.261039,0
b_only,1845,C_eff,5,-0.255963,-0.245812,-0.250887,0
b_only,1845,C_eff,6,-0.245812,-0.23566,-0.240736,1
b_only,1845,C_eff,7,-0.23566,-0.225509,-0.230584,0
b_only,1845,C_eff,8,-0.225509,-0.215357,-0.220433,1
b_only,1845,C_eff,9,-0.215357,-0.205206,-0.210281,0
b_only,1845,C_eff,10,-0.205206,-0.195054,-0.20013,0
b_only,1845,C_eff,11,-0.195054,-0.184903,-0.189978,1
b_only,1845,C_eff,12,-0.184903,-0.174751,-0.179827,1
b_only,1845,C_eff,13,-0.174751,-0.1646,-0.169675,4
b_only,1845,C_eff,14,-0.1646,-0.154448,-0.159524,11
b_only,1845,C_eff,15,-0.154448,-0.144297,-0.149372,36
b_only,1845,C_eff,16,-0.144297,-0.134145,-0.139221,69
b_only,1845,C_eff,17,-0.134145,-0.123994,-0.129069,195
b_only,1845,C_eff,18,-0.123994,-0.113842,-0.118918,443
b_only,1845,C_eff,19,-0.113842,-0.103691,-0.108766,1014
b_only,1845,C_eff,20,-0.103691,-0.093539,-0.0986148,1963
b_only,1845,C_eff,21,-0.093539,-0.0833875,-0.0884633,3778
b_only,1845,C_eff,22,-0.0833875,-0.073236,-0.0783118,6769
b_only,1845,C_eff,23,-0.073236,-0.0630845,-0.0681603,11701
b_only,1845,C_eff,24,-0.0630845,-0.052933,-0.0580088,18475
b_only,1845,C_eff,25,-0.052933,-0.0427815,-0.0478573,27538
b_only,1845,C_eff,26,-0.0427815,-0.03263,-0.0377058,38103
b_only,1845,C_eff,27,-0.03263,-0.0224785,-0.0275543,48998
b_only,1845,C_eff,28,-0.0224785,-0.012327,-0.0174028,58166
b_only,1845,C_eff,29,-0.012327,-0.00217555,-0.00725129,63687
b_only,1845,C_eff,30,-0.00217555,0.00797595,0.0029002,64581
b_only,1845,C_eff,31,0.00797595,0.0181275,0.0130517,61470
b_only,1845,C_eff,32,0.0181275,0.0282789,0.0232032,53192
b_only,1845,C_eff,33,0.0282789,0.0384304,0.0333547,42594
b_only,1845,C_eff,34,0.0384304,0.0485819,0.0435062,31992
b_only,1845,C_eff,35,0.0485819,0.0587334,0.0536577,22017
b_only,1845,C_eff,36,0.0587334,0.0688849,0.0638092,14340
b_only,1845,C_eff,37,0.0688849,0.0790364,0.0739607,8738
b_only,1845,C_eff,38,0.0790364,0.0891879,0.0841122,4968
b_only,1845,C_eff,39,0.0891879,0.0993394,0.0942637,2599
b_only,1845,C_eff,40,0.0993394,0.109491,0.104415,1318
b_only,1845,C_eff,41,0.109491,0.119642,0.114567,632
b_only,1845,C_eff,42,0.119642,0.129794,0.124718,267
b_only,1845,C_eff,43,0.129794,0.139945,0.13487,98
b_only,1845,C_eff,44,0.139945,0.150097,0.145021,32
b_only,1845,C_eff,45,0.150097,0.160248,0.155173,16
b_only,1845,C_eff,46,0.160248,0.1704,0.165324,9
b_only,1845,C_eff,47,0.1704,0.180551,0.175476,2
b_only,1845,C_eff,48,0.180551,0.190703,0.185627,2
b_only,1845,C_eff,49,0.190703,0.200854,0.195779,2
b_only,3689,A,0,-0.163577,-0.157394,-0.160486,1
b_only,3689,A,1,-0.157394,-0.151212,-0.154303,0
b_only,3689,A,2,-0.151212,-0.14503,-0.148121,2
b_only,3689,A,3,-0.14503,-0.138848,-0.141939,1
b_only,3689,A,4,-0.138848,-0.132666,-0.135757,5
b_only,3689,A,5,-0.132666,-0.126483,-0.129574,6
b_only,3689,A,6,-0.126483,-0.120301,-0.123392,9
b_only,3689,A,7,-0.120301,-0.114119,-0.11721,13
b_only,3689,A,8,-0.114119,-0.107937,-0.111028,34
b_only,3689,A,9,-0.107937,-0.101754,-0.104846,36
b_only,3689,A,10,-0.101754,-0.0955722,-0.0986633,69
b_only,3689,A,11,-0.0955722,-0.0893899,-0.0924811,87
b_only,3689,A,12,-0.0893899,-0.0832077,-0.0862988,146
b_only,3689,A,13,-0.0832077,-0.0770255,-0.0801166,178
b_only,3689,A,14,-0.0770255,-0.0708432,-0.0739344,243
b_only,3689,A,15,-0.0708432,-0.064661,-0.0677521,323
b_only,3689,A,16,-0.064661,-0.0584788,-0.0615699,458
b_only,3689,A,17,-0.0584788,-0.0522965,-0.0553877,556
b_only,3689,A,18,-0.0522965,-0.0461143,-0.0492054,724
b_only,3689,A,19,-0.0461143,-0.0399321,-0.0430232,867
b_only,3689,A,20,-0.0399321,-0.0337499,-0.036841,984
b_only,3689,A,21,-0.0337499,-0.0275676,-0.0306587,1144
b_only,3689,A,22,-0.0275676,-0.0213854,-0.0244765,1352
b_only,3689,A,23,-0.0213854,-0.0152032,-0.0182943,1381
b_only,3689,A,24,-0.0152032,-0.00902093,-0.012112,1526
b_only,3689,A,25,-0.00902093,-0.0028387,-0.00592982,1482
b_only,3689,A,26,-0.0028387,0.00334353,0.000252414,1511
b_only,3689,A,27,0.00334353,0.00952576,0.00643465,1511
b_only,3689,A,28,0.00952576,0.015708,0.0126169,1463
b_only,3689,A,29,0.015708,0.0218902,0.0187991,1381
b_only,3689,A,30,0.0218902,0.0280725,0.0249813,1245
b_only,3689,A,31,0.0280725,0.0342547,0.0311636,1128
b_only,3689,A,32,0.0342547,0.0404369,0.0373458,1009
b_only,3689,A,33,0.0404369,0.0466191,0.043528,822
b_only,3689,A,34,0.0466191,0.0528014,0.0497103,712
b_only,3689,A,35,0.0528014,0.0589836,0.0558925,565
b_only,3689,A,36,0.0589836,0.0651658,0.0620747,450
b_only,3689,A,37,0.0651658,0.0713481,0.068257,344
b_only,3689,A,38,0.0713481,0.0775303,0.0744392,257
b_only,3689,A,39,0.0775303,0.0837125,0.0806214,192
b_only,3689,A,40,0.0837125,0.0898948,0.0868036,127
b_only,3689,A,41,0.0898948,0.096077,0.0929859,87
b_only,3689,A,42,0.096077,0.102259,0.0991681,46
b_only,3689,A,43,0.102259,0.108441,0.10535,33
b_only,3689,A,44,0.108441,0.114624,0.111533,26
b_only,3689,A,45,0.114624,0.120806,0.117715,16
b_only,3689,A,46,0.120806,0.126988,0.123897,9
b_only,3689,A,47,0.126988,0.13317,0.130079,6
b_only,3689,A,48,0.13317,0.139353,0.136261,5
b_only,3689,A,49,0.139353,0.145535,0.142444,4
b_only,3689,B,0,-0.783629,-0.756123,-0.769876,1
b_only,3689,B,1,-0.756123,-0.728617,-0.74237,0
b_only,3689,B,2,-0.728617,-0.701111,-0.714864,0
b_only,3689,B,3,-0.701111,-0.673605,-0.687358,0
b_only,3689,B,4,-0.673605,-0.646099,-0.659852,0
b_only,3689,B,5,-0.646099,-0.618593,-0.632346,0
b_only,3689,B,6,-0.618593,-0.591087,-0.60484,0
b_only,3689,B,7,-0.591087,-0.563581,-0.577334,1
b_only,3689,B,8,-0.563581,-0.536075,-0.549828,0
b_only,3689,B,9,-0.536075,-0.508569,-0.522322,0
b_only,3689,B,10,-0.508569,-0.481063,-0.494816,0
b_only,3689,B,11,-0.481063,-0.453557,-0.46731,0
b_only,3689,B,12,-0.453557,-0.426051,-0.439804,0
b_only,3689,B,13,-0.426051,-0.398545,-0.412298,2
b_only,3689,B,14,-0.398545,-0.371039,-0.384792,2
b_only,3689,B,15,-0.371039,-0.343533,-0.357286,4
b_only,3689,B,16,-0.343533,-0.316027,-0.32978,10
b_only,3689,B,17,-0.316027,-0.288521,-0.302274,16
b_only,3689,B,18,-0.288521,-0.261016,-0.274768,27
b_only,3689,B,19,-0.261016,-0.23351,-0.247263,50
b_only,3689,B,20,-0.23351,-0.206004,-0.219757,112
b_only,3689,B,21,-0.206004,-0.178498,-0.192251,214
b_only,3689,B,22,-0.178498,-0.150992,-0.164745,392
b_only,3689,B,23,-0.150992,-0.123486,-0.137239,743
b_only,3689,B,24,-0.123486,-0.0959798,-0.109733,1208
b_only,3689,B,25,-0.0959798,-0.0684738,-0.0822268,1900
b_only,3689,B,26,-0.0684738,-0.0409678,-0.0547208,2648
b_only,3689,B,27,-0.0409678,-0.0134619,-0.0272148,3201
b_only,3689,B,28,-0.0134619,0.0140441,0.000291111,3506
b_only,3689,B,29,0.0140441,0.0415501,0.0277971,3259
b_only,3689,B,30,0.0415501,0.069056,0.055303,2608
b_only,3689,B,31,0.069056,0.096562,0.082809,1912
b_only,3689,B,32,0.096562,0.124068,0.110315,1187
b_only,3689,B,33,0.124068,0.151574,0.137821,709
b_only,3689,B,34,0.151574,0.17908,0.165327,402
b_only,3689,B,35,0.17908,0.206586,0.192833,211
b_only,3689,B,36,0.206586,0.234092,0.220339,124
b_only,3689,B,37,0.234092,0.261598,0.247845,47
b_only,3689,B,38,0.261598,0.289104,0.275351,32
b_only,3689,B,39,0.289104,0.31661,0.302857,20
b_only,3689,B,40,0.31661,0.344116,0.330363,8
b_only,3689,B,41,0.344116,0.371622,0.357869,9
b_only,3689,B,42,0.371622,0.399128,0.385375,1
b_only,3689,B,43,0.399128,0.426633,0.412881,4
b_only,3689,B,44,0.426633,0.454139,0.440386,1
b_only,3689,B,45,0.454139,0.481645,0.467892,1
b_only,3689,B,46,0.481645,0.509151,0.495398,0
b_only,3689,B,47,0.509151,0.536657,0.522904,3
b_only,3689,B,48,0.536657,0.564163,0.55041,0
b_only,3689,B,49,0.564163,0.591669,0.577916,1
b_only,3689,C_eff,0,-0.309775,-0.299465,-0.30462,1
b_only,3689,C_eff,1,-0.299465,-0.289155,-0.29431,0
b_only,3689,C_eff,2,-0.289155,-0.278844,-0.283999,0
b_only,3689,C_eff,3,-0.278844,-0.268534,-0.273689,0
b_only,3689,C_eff,4,-0.268534,-0.258224,-0.263379,0
b_only,3689,C_eff,5,-0.258224,-0.247913,-0.253068,0
b_only,3689,C_eff,6,-0.247913,-0.237603,-0.242758,1
b_only,3689,C_eff,7,-0.237603,-0.227293,-0.232448,0
b_only,3689,C_eff,8,-0.227293,-0.216982,-0.222137,0
b_only,3689,C_eff,9,-0.216982,-0.206672,-0.211827,1
b_only,3689,C_eff,10,-0.206672,-0.196361,-0.201517,0
b_only,3689,C_eff,11,-0.196361,-0.186051,-0.191206,1
b_only,3689,C_eff,12,-0.186051,-0.175741,-0.180896,1
b_only,3689,C_eff,13,-0.175741,-0.16543,-0.170586,0
b_only,3689,C_eff,14,-0.16543,-0.15512,-0.160275,14
b_only,3689,C_eff,15,-0.15512,-0.14481,-0.149965,29
b_only,3689,C_eff,16,-0.14481,-0.134499,-0.139655,61
b_only,3689,C_eff,17,-0.134499,-0.124189,-0.129344,208
b_only,3689,C_eff,18,-0.124189,-0.113879,-0.119034,524
b_only,3689,C_eff,19,-0.113879,-0.103568,-0.108724,1101
b_only,3689,C_eff,20,-0.103568,-0.093258,-0.0984132,2158
b_only,3689,C_eff,21,-0.093258,-0.0829476,-0.0881028,4148
b_only,3689,C_eff,22,-0.0829476,-0.0726373,-0.0777925,7416
b_only,3689,C_eff,23,-0.0726373,-0.0623269,-0.0674821,12522
b_only,3689,C_eff,24,-0.0623269,-0.0520166,-0.0571718,19786
b_only,3689,C_eff,25,-0.0520166,-0.0417063,-0.0468614,29177
b_only,3689,C_eff,26,-0.0417063,-0.0313959,-0.0365511,40435
b_only,3689,C_eff,27,-0.0313959,-0.0210856,-0.0262407,50738
b_only,3689,C_eff,28,-0.0210856,-0.0107752,-0.0159304,58987
b_only,3689,C_eff,29,-0.0107752,-0.000464863,-0.00562004,64710
b_only,3689,C_eff,30,-0.000464863,0.00984549,0.00469031,64683
b_only,3689,C_eff,31,0.00984549,0.0201558,0.0150007,60048
b_only,3689,C_eff,32,0.0201558,0.0304662,0.025311,51825
b_only,3689,C_eff,33,0.0304662,0.0407765,0.0356214,40710
b_only,3689,C_eff,34,0.0407765,0.0510869,0.0459317,30225
b_only,3689,C_eff,35,0.0510869,0.0613972,0.056242,20343
b_only,3689,C_eff,36,0.0613972,0.0717076,0.0665524,13404
b_only,3689,C_eff,37,0.0717076,0.0820179,0.0768627,7943
b_only,3689,C_eff,38,0.0820179,0.0923283,0.0871731,4299
b_only,3689,C_eff,39,0.0923283,0.102639,0.0974834,2303
b_only,3689,C_eff,40,0.102639,0.112949,0.107794,1183
b_only,3689,C_eff,41,0.112949,0.123259,0.118104,543
b_only,3689,C_eff,42,0.123259,0.13357,0.128414,184
b_only,3689,C_eff,43,0.13357,0.14388,0.138725,68
b_only,3689,C_eff,44,0.14388,0.15419,0.149035,20
b_only,3689,C_eff,45,0.15419,0.164501,0.159346,17
b_only,3689,C_eff,46,0.164501,0.174811,0.169656,2
b_only,3689,C_eff,47,0.174811,0.185121,0.179966,1
b_only,3689,C_eff,48,0.185121,0.195432,0.190277,3
b_only,3689,C_eff,49,0.195432,0.205742,0.200587,1
b_only,5533,A,0,-0.173943,-0.167159,-0.170551,1
b_only,5533,A,1,-0.167159,-0.160375,-0.163767,0
b_only,5533,A,2,-0.160375,-0.153592,-0.156984,0
b_only,5533,A,3,-0.153592,-0.146808,-0.1502,0
b_only,5533,A,4,-0.146808,-0.140025,-0.143417,2
b_only,5533,A,5,-0.140025,-0.133241,-0.136633,0
b_only,5533,A,6,-0.133241,-0.126458,-0.129849,6
b_only,5533,A,7,-0.126458,-0.119674,-0.123066,12
b_only,5533,A,8,-0.119674,-0.112891,-0.116282,22
b_only,5533,A,9,-0.112891,-0.106107,-0.109499,34
b_only,5533,A,10,-0.106107,-0.0993235,-0.102715,55
b_only,5533,A,11,-0.0993235,-0.0925399,-0.0959317,73
b_only,5533,A,12,-0.0925399,-0.0857564,-0.0891481,108
b_only,5533,A,13,-0.0857564,-0.0789728,-0.0823646,158
b_only,5533,A,14,-0.0789728,-0.0721893,-0.075581,243
b_only,5533,A,15,-0.0721893,-0.0654057,-0.0687975,352
b_only,5533,A,16,-0.0654057,-0.0586222,-0.0620139,467
b_only,5533,A,17,-0.0586222,-0.0518386,-0.0552304,595
b_only,5533,A,18,-0.0518386,-0.0450551,-0.0484468,761
b_only,5533,A,19,-0.0450551,-0.0382715,-0.0416633,932
b_only,5533,A,20,-0.0382715,-0.031488,-0.0348797,1157
b_only,5533,A,21,-0.031488,-0.0247044,-0.0280962,1333
b_only,5533,A,22,-0.0247044,-0.0179209,-0.0213126,1457
b_only,5533,A,23,-0.0179209,-0.0111373,-0.0145291,1577
b_only,5533,A,24,-0.0111373,-0.00435376,-0.00774554,1731
b_only,5533,A,25,-0.00435376,0.00242979,-0.000961987,1697
b_only,5533,A,26,0.00242979,0.00921334,0.00582156,1779
b_only,5533,A,27,0.00921334,0.0159969,0.0126051,1641
b_only,5533,A,28,0.0159969,0.0227804,0.0193887,1555
b_only,5533,A,29,0.0227804,0.029564,0.0261722,1376
b_only,5533,A,30,0.029564,0.0363475,0.0329558,1192
b_only,5533,A,31,0.0363475,0.0431311,0.0397393,998
b_only,5533,A,32,0.0431311,0.0499146,0.0465229,795
b_only,5533,A,33,0.0499146,0.0566982,0.0533064,641
b_only,5533,A,34,0.0566982,0.0634817,0.06009,562
b_only,5533,A,35,0.0634817,0.0702653,0.0668735,432
b_only,5533,A,36,0.0702653,0.0770488,0.0736571,293
b_only,5533,A,37,0.0770488,0.0838324,0.0804406,211
b_only,5533,A,38,0.0838324,0.0906159,0.0872242,135
b_only,5533,A,39,0.0906159,0.0973995,0.0940077,71
b_only,5533,A,40,0.0973995,0.104183,0.100791,58
b_only,5533,A,41,0.104183,0.110967,0.107575,32
b_only,5533,A,42,0.110967,0.11775,0.114358,12
b_only,5533,A,43,0.11775,0.124534,0.121142,8
b_only,5533,A,44,0.124534,0.131317,0.127925,5
b_only,5533,A,45,0.131317,0.138101,0.134709,2
b_only,5533,A,46,0.138101,0.144884,0.141493,2
b_only,5533,A,47,0.144884,0.151668,0.148276,1
b_only,5533,A,48,0.151668,0.158451,0.15506,1
b_only,5533,A,49,0.158451,0.165235,0.161843,1
b_only,5533,B,0,-0.733152,-0.703948,-0.71855,1
b_only,5533,B,1,-0.703948,-0.674743,-0.689346,0
b_only,5533,B,2,-0.674743,-0.645539,-0.660141,0
b_only,5533,B,3,-0.645539,-0.616335,-0.630937,0
b_only,5533,B,4,-0.616335,-0.587131,-0.601733,0
b_only,5533,B,5,-0.587131,-0.557926,-0.572528,0
b_only,5533,B,6,-0.557926,-0.528722,-0.543324,0
b_only,5533,B,7,-0.528722,-0.499518,-0.51412,1
b_only,5533,B,8,-0.499518,-0.470313,-0.484915,0
b_only,5533,B,9,-0.470313,-0.441109,-0.455711,1
b_only,5533,B,10,-0.441109,-0.411905,-0.426507,0
b_only,5533,B,11,-0.411905,-0.3827,-0.397303,0
b_only,5533,B,12,-0.3827,-0.353496,-0.368098,7
b_only,5533,B,13,-0.353496,-0.324292,-0.338894,6
b_only,5533,B,14,-0.324292,-0.295088,-0.30969,12
b_only,5533,B,15,-0.295088,-0.265883,-0.280485,29
b_only,5533,B,16,-0.265883,-0.236679,-0.251281,57
b_only,5533,B,17,-0.236679,-0.207475,-0.222077,104
b_only,5533,B,18,-0.207475,-0.17827,-0.192873,226
b_only,5533,B,19,-0.17827,-0.149066,-0.163668,423
b_only,5533,B,20,-0.149066,-0.119862,-0.134464,820
b_only,5533,B,21,-0.119862,-0.0906575,-0.10526,1386
b_only,5533,B,22,-0.0906575,-0.0614532,-0.0760553,2180
b_only,5533,B,23,-0.0614532,-0.0322489,-0.046851,3020
b_only,5533,B,24,-0.0322489,-0.00304458,-0.0176467,3652
b_only,5533,B,25,-0.00304458,0.0261597,0.0115576,3664
b_only,5533,B,26,0.0261597,0.055364,0.0407619,3163
b_only,5533,B,27,0.055364,0.0845683,0.0699662,2377
b_only,5533,B,28,0.0845683,0.113773,0.0991705,1534
b_only,5533,B,29,0.113773,0.142977,0.128375,880
b_only,5533,B,30,0.142977,0.172181,0.157579,518
b_only,5533,B,31,0.172181,0.201386,0.186783,234
b_only,5533,B,32,0.201386,0.23059,0.215988,124
b_only,5533,B,33,0.23059,0.259794,0.245192,68
b_only,5533,B,34,0.259794,0.288998,0.274396,44
b_only,5533,B,35,0.288998,0.318203,0.303601,15
b_only,5533,B,36,0.318203,0.347407,0.332805,11
b_only,5533,B,37,0.347407,0.376611,0.362009,7
b_only,5533,B,38,0.376611,0.405816,0.391213,3
b_only,5533,B,39,0.405816,0.43502,0.420418,1
b_only,5533,B,40,0.43502,0.464224,0.449622,2
b_only,5533,B,41,0.464224,0.493428,0.478826,3
b_only,5533,B,42,0.493428,0.522633,0.508031,0
b_only,5533,B,43,0.522633,0.551837,0.537235,1
b_only,5533,B,44,0.551837,0.581041,0.566439,1
b_only,5533,B,45,0.581041,0.610246,0.595644,0
b_only,5533,B,46,0.610246,0.63945,0.624848,0
b_only,5533,B,47,0.63945,0.668654,0.654052,0
b_only,5533,B,48,0.668654,0.697859,0.683256,0
b_only,5533,B,49,0.697859,0.727063,0.712461,1
b_only,5533,C_eff,0,-0.307942,-0.297534,-0.302738,1
b_only,5533,C_eff,1,-0.297534,-0.287126,-0.29233,0
b_only,5533,C_eff,2,-0.287126,-0.276718,-0.281922,0
b_only,5533,C_eff,3,-0.276718,-0.26631,-0.271514,0
b_only,5533,C_eff,4,-0.26631,-0.255902,-0.261106,0
b_only,5533,C_eff,5,-0.255902,-0.245494,-0.250698,0
b_only,5533,C_eff,6,-0.245494,-0.235086,-0.24029,0
b_only,5533,C_eff,7,-0.235086,-0.224678,-0.229882,1
b_only,5533,C_eff,8,-0.224678,-0.21427,-0.219474,1
b_only,5533,C_eff,9,-0.21427,-0.203861,-0.209065,0
b_only,5533,C_eff,10,-0.203861,-0.193453,-0.198657,0
b_only,5533,C_eff,11,-0.193453,-0.183045,-0.188249,1
b_only,5533,C_eff,12,-0.183045,-0.172637,-0.177841,1
b_only,5533,C_eff,13,-0.172637,-0.162229,-0.167433,6
b_only,5533,C_eff,14,-0.162229,-0.151821,-0.157025,16
b_only,5533,C_eff,15,-0.151821,-0.141413,-0.146617,30
b_only,5533,C_eff,16,-0.141413,-0.131005,-0.136209,101
b_only,5533,C_eff,17,-0.131005,-0.120597,-0.125801,331
b_only,5533,C_eff,18,-0.120597,-0.110188,-0.115393,718
b_only,5533,C_eff,19,-0.110188,-0.0997804,-0.104984,1525
b_only,5533,C_eff,20,-0.0997804,-0.0893723,-0.0945763,2994
b_only,5533,C_eff,21,-0.0893723,-0.0789642,-0.0841682,5522
b_only,5533,C_eff,22,-0.0789642,-0.0685561,-0.0737601,9533
b_only,5533,C_eff,23,-0.0685561,-0.058148,-0.063352,15649
b_only,5533,C_eff,24,-0.058148,-0.0477399,-0.0529439,23785
b_only,5533,C_eff,25,-0.0477399,-0.0373318,-0.0425358,34272
b_only,5533,C_eff,26,-0.0373318,-0.0269237,-0.0321277,45320
b_only,5533,C_eff,27,-0.0269237,-0.0165156,-0.0217196,54625
b_only,5533,C_eff,28,-0.0165156,-0.00610749,-0.0113115,61956
b_only,5533,C_eff,29,-0.00610749,0.00430061,-0.000903438,65478
b_only,5533,C_eff,30,0.00430061,0.0147087,0.00950466,63171
b_only,5533,C_eff,31,0.0147087,0.0251168,0.0199128,56758
b_only,5533,C_eff,32,0.0251168,0.0355249,0.0303209,46497
b_only,5533,C_eff,33,0.0355249,0.045933,0.040729,35938
b_only,5533,C_eff,34,0.045933,0.0563411,0.0511371,25481
b_only,5533,C_eff,35,0.0563411,0.0667492,0.0615452,16905
b_only,5533,C_eff,36,0.0667492,0.0771573,0.0719533,10701
b_only,5533,C_eff,37,0.0771573,0.0875654,0.0823614,6084
b_only,5533,C_eff,38,0.0875654,0.0979735,0.0927695,3308
b_only,5533,C_eff,39,0.0979735,0.108382,0.103178,1743
b_only,5533,C_eff,40,0.108382,0.11879,0.113586,855
b_only,5533,C_eff,41,0.11879,0.129198,0.123994,351
b_only,5533,C_eff,42,0.129198,0.139606,0.134402,102
b_only,5533,C_eff,43,0.139606,0.150014,0.14481,31
b_only,5533,C_eff,44,0.150014,0.160422,0.155218,22
b_only,5533,C_eff,45,0.160422,0.17083,0.165626,6
b_only,5533,C_eff,46,0.17083,0.181238,0.176034,0
b_only,5533,C_eff,47,0.181238,0.191646,0.186442,4
b_only,5533,C_eff,48,0.191646,0.202055,0.19685,0
b_only,5533,C_eff,49,0.202055,0.212463,0.207259,1
b_only,7377,A,0,-0.155672,-0.149398,-0.152535,1
b_only,7377,A,1,-0.149398,-0.143124,-0.146261,2
b_only,7377,A,2,-0.143124,-0.13685,-0.139987,2
b_only,7377,A,3,-0.13685,-0.130576,-0.133713,7
b_only,7377,A,4,-0.130576,-0.124302,-0.127439,4
b_only,7377,A,5,-0.124302,-0.118027,-0.121165,16
b_only,7377,A,6,-0.118027,-0.111753,-0.11489,23
b_only,7377,A,7,-0.111753,-0.105479,-0.108616,38
b_only,7377,A,8,-0.105479,-0.0992049,-0.102342,38
b_only,7377,A,9,-0.0992049,-0.0929308,-0.0960679,74
b_only,7377,A,10,-0.0929308,-0.0866566,-0.0897937,115
b_only,7377,A,11,-0.0866566,-0.0803825,-0.0835195,166
b_only,7377,A,12,-0.0803825,-0.0741083,-0.0772454,211
b_only,7377,A,13,-0.0741083,-0.0678341,-0.0709712,290
b_only,7377,A,14,-0.0678341,-0.06156,-0.0646971,399
b_only,7377,A,15,-0.06156,-0.0552858,-0.0584229,516
b_only,7377,A,16,-0.0552858,-0.0490117,-0.0521487,636
b_only,7377,A,17,-0.0490117,-0.0427375,-0.0458746,776
b_only,7377,A,18,-0.0427375,-0.0364633,-0.0396004,931
b_only,7377,A,19,-0.0364633,-0.0301892,-0.0333263,1125
b_only,7377,A,20,-0.0301892,-0.023915,-0.0270521,1242
b_only,7377,A,21,-0.023915,-0.0176409,-0.0207779,1383
b_only,7377,A,22,-0.0176409,-0.0113667,-0.0145038,1408
b_only,7377,A,23,-0.0113667,-0.00509254,-0.00822962,1590
b_only,7377,A,24,-0.00509254,0.00118162,-0.00195546,1516
b_only,7377,A,25,0.00118162,0.00745578,0.0043187,1602
b_only,7377,A,26,0.00745578,0.0137299,0.0105929,1496
b_only,7377,A,27,0.0137299,0.0200041,0.016867,1457
b_only,7377,A,28,0.0200041,0.0262783,0.0231412,1316
b_only,7377,A,29,0.0262783,0.0325524,0.0294153,1199
b_only,7377,A,30,0.0325524,0.0388266,0.0356895,1083
b_only,7377,A,31,0.0388266,0.0451007,0.0419637,925
b_only,7377,A,32,0.0451007,0.0513749,0.0482378,738
b_only,7377,A,33,0.0513749,0.0576491,0.054512,553
b_only,7377,A,34,0.0576491,0.0639232,0.0607861,436
b_only,7377,A,35,0.0639232,0.0701974,0.0670603,329
b_only,7377,A,36,0.0701974,0.0764715,0.0733345,268
b_only,7377,A,37,0.0764715,0.0827457,0.0796086,213
b_only,7377,A,38,0.0827457,0.0890199,0.0858828,142
b_only,7377,A,39,0.0890199,0.095294,0.0921569,107
b_only,7377,A,40,0.095294,0.101568,0.0984311,75
b_only,7377,A,41,0.101568,0.107842,0.104705,55
b_only,7377,A,42,0.107842,0.114117,0.110979,30
b_only,7377,A,43,0.114117,0.120391,0.117254,20
b_only,7377,A,44,0.120391,0.126665,0.123528,8
b_only,7377,A,45,0.126665,0.132939,0.129802,5
b_only,7377,A,46,0.132939,0.139213,0.136076,5
b_only,7377,A,47,0.139213,0.145487,0.14235,2
b_only,7377,A,48,0.145487,0.151761,0.148624,2
b_only,7377,A,49,0.151761,0.158036,0.154899,1
b_only,7377,B,0,-0.739947,-0.709438,-0.724692,1
b_only,7377,B,1,-0.709438,-0.678929,-0.694183,0
b_only,7377,B,2,-0.678929,-0.648419,-0.663674,0
b_only,7377,B,3,-0.648419,-0.61791,-0.633165,0
b_only,7377,B,4,-0.61791,-0.587401,-0.602656,0
b_only,7377,B,5,-0.587401,-0.556892,-0.572146,0
b_only,7377,B,6,-0.556892,-0.526382,-0.541637,0
b_only,7377,B,7,-0.526382,-0.495873,-0.511128,1
b_only,7377,B,8,-0.495873,-0.465364,-0.480619,0
b_only,7377,B,9,-0.465364,-0.434855,-0.450109,1
b_only,7377,B,10,-0.434855,-0.404346,-0.4196,1
b_only,7377,B,11,-0.404346,-0.373836,-0.389091,2
b_only,7377,B,12,-0.373836,-0.343327,-0.358582,3
b_only,7377,B,13,-0.343327,-0.312818,-0.328072,11
b_only,7377,B,14,-0.312818,-0.282309,-0.297563,21
b_only,7377,B,15,-0.282309,-0.251799,-0.267054,39
b_only,7377,B,16,-0.251799,-0.22129,-0.236545,64
b_only,7377,B,17,-0.22129,-0.190781,-0.206036,172
b_only,7377,B,18,-0.190781,-0.160272,-0.175526,381
b_only,7377,B,19,-0.160272,-0.129762,-0.145017,686
b_only,7377,B,20,-0.129762,-0.0992533,-0.114508,1168
b_only,7377,B,21,-0.0992533,-0.068744,-0.0839987,2053
b_only,7377,B,22,-0.068744,-0.0382348,-0.0534894,2973
b_only,7377,B,23,-0.0382348,-0.00772559,-0.0229802,3665
b_only,7377,B,24,-0.00772559,0.0227836,0.00752902,3921
b_only,7377,B,25,0.0227836,0.0532929,0.0380383,3415
b_only,7377,B,26,0.0532929,0.0838021,0.0685475,2517
b_only,7377,B,27,0.0838021,0.114311,0.0990567,1573
b_only,7377,B,28,0.114311,0.144821,0.129566,922
b_only,7377,B,29,0.144821,0.17533,0.160075,513
b_only,7377,B,30,0.17533,0.205839,0.190584,237
b_only,7377,B,31,0.205839,0.236348,0.221094,105
b_only,7377,B,32,0.236348,0.266857,0.251603,55
b_only,7377,B,33,0.266857,0.297367,0.282112,34
b_only,7377,B,34,0.297367,0.327876,0.312621,13
b_only,7377,B,35,0.327876,0.358385,0.343131,11
b_only,7377,B,36,0.358385,0.388894,0.37364,4
b_only,7377,B,37,0.388894,0.419404,0.404149,4
b_only,7377,B,38,0.419404,0.449913,0.434658,2
b_only,7377,B,39,0.449913,0.480422,0.465167,5
b_only,7377,B,40,0.480422,0.510931,0.495677,1
b_only,7377,B,41,0.510931,0.54144,0.526186,1
b_only,7377,B,42,0.54144,0.57195,0.556695,0
b_only,7377,B,43,0.57195,0.602459,0.587204,0
b_only,7377,B,44,0.602459,0.632968,0.617714,0
b_only,7377,B,45,0.632968,0.663477,0.648223,0
b_only,7377,B,46,0.663477,0.693987,0.678732,0
b_only,7377,B,47,0.693987,0.724496,0.709241,0
b_only,7377,B,48,0.724496,0.755005,0.73975,0
b_only,7377,B,49,0.755005,0.785514,0.77026,1
b_only,7377,C_eff,0,-0.304277,-0.293954,-0.299115,1
b_only,7377,C_eff,1,-0.293954,-0.283632,-0.288793,0
b_only,7377,C_eff,2,-0.283632,-0.273309,-0.27847,0
b_only,7377,C_eff,3,-0.273309,-0.262986,-0.268148,0
b_only,7377,C_eff,4,-0.262986,-0.252664,-0.257825,0
b_only,7377,C_eff,5,-0.252664,-0.242341,-0.247503,0
b_only,7377,C_eff,6,-0.242341,-0.232019,-0.23718,1
b_only,7377,C_eff,7,-0.232019,-0.221696,-0.226857,0
b_only,7377,C_eff,8,-0.221696,-0.211374,-0.216535,1
b_only,7377,C_eff,9,-0.211374,-0.201051,-0.206212,0
b_only,7377,C_eff,10,-0.201051,-0.190728,-0.19589,0
b_only,7377,C_eff,11,-0.190728,-0.180406,-0.185567,2
b_only,7377,C_eff,12,-0.180406,-0.170083,-0.175245,0
b_only,7377,C_eff,13,-0.170083,-0.159761,-0.164922,7
b_only,7377,C_eff,14,-0.159761,-0.149438,-0.154599,18
b_only,7377,C_eff,15,-0.149438,-0.139116,-0.144277,45
b_only,7377,C_eff,16,-0.139116,-0.128793,-0.133954,132
b_only,7377,C_eff,17,-0.128793,-0.11847,-0.123632,398
b_only,7377,C_eff,18,-0.11847,-0.108148,-0.113309,869
b_only,7377,C_eff,19,-0.108148,-0.0978253,-0.102987,1864
b_only,7377,C_eff,20,-0.0978253,-0.0875028,-0.0926641,3352
b_only,7377,C_eff,21,-0.0875028,-0.0771802,-0.0823415,6169
b_only,7377,C_eff,22,-0.0771802,-0.0668576,-0.0720189,10495
b_only,7377,C_eff,23,-0.0668576,-0.0565351,-0.0616964,16983
b_only,7377,C_eff,24,-0.0565351,-0.0462125,-0.0513738,24924
b_only,7377,C_eff,25,-0.0462125,-0.0358899,-0.0410512,35581
b_only,7377,C_eff,26,-0.0358899,-0.0255674,-0.0307287,46080
b_only,7377,C_eff,27,-0.0255674,-0.0152448,-0.0204061,55209
b_only,7377,C_eff,28,-0.0152448,-0.00492223,-0.0100835,61634
b_only,7377,C_eff,29,-0.00492223,0.00540033,0.000239049,64657
b_only,7377,C_eff,30,0.00540033,0.0157229,0.0105616,62034
b_only,7377,C_eff,31,0.0157229,0.0260455,0.0208842,55172
b_only,7377,C_eff,32,0.0260455,0.036368,0.0312068,45165
b_only,7377,C_eff,33,0.036368,0.0466906,0.0415293,34786
b_only,7377,C_eff,34,0.0466906,0.0570132,0.0518519,24766
b_only,7377,C_eff,35,0.0570132,0.0673357,0.0621745,16591
b_only,7377,C_eff,36,0.0673357,0.0776583,0.072497,10471
b_only,7377,C_eff,37,0.0776583,0.0879809,0.0828196,5970
b_only,7377,C_eff,38,0.0879809,0.0983034,0.0931422,3255
b_only,7377,C_eff,39,0.0983034,0.108626,0.103465,1781
b_only,7377,C_eff,40,0.108626,0.118949,0.113787,904
b_only,7377,C_eff,41,0.118949,0.129271,0.12411,336
b_only,7377,C_eff,42,0.129271,0.139594,0.134432,109
b_only,7377,C_eff,43,0.139594,0.149916,0.144755,30
b_only,7377,C_eff,44,0.149916,0.160239,0.155078,22
b_only,7377,C_eff,45,0.160239,0.170561,0.1654,5
b_only,7377,C_eff,46,0.170561,0.180884,0.175723,0
b_only,7377,C_eff,47,0.180884,0.191207,0.186045,4
b_only,7377,C_eff,48,0.191207,0.201529,0.196368,0
b_only,7377,C_eff,49,0.201529,0.211852,0.20669,1
both,1,A,0,-0.039367,-0.0378119,-0.0385894,2
both,1,A,1,-0.0378119,-0.0362568,-0.0370343,2
both,1,A,2,-0.0362568,-0.0347017,-0.0354792,2
both,1,A,3,-0.0347017,-0.0331466,-0.0339241,3
both,1,A,4,-0.0331466,-0.0315915,-0.032369,7
both,1,A,5,-0.0315915,-0.0300364,-0.0308139,12
both,1,A,6,-0.0300364,-0.0284813,-0.0292588,21
both,1,A,7,-0.0284813,-0.0269262,-0.0277037,30
both,1,A,8,-0.0269262,-0.0253711,-0.0261486,55
both,1,A,9,-0.0253711,-0.023816,-0.0245935,84
both,1,A,10,-0.023816,-0.0222609,-0.0230384,106
both,1,A,11,-0.0222609,-0.0207058,-0.0214833,135
both,1,A,12,-0.0207058,-0.0191507,-0.0199282,207
both,1,A,13,-0.0191507,-0.0175956,-0.0183732,313
both,1,A,14,-0.0175956,-0.0160405,-0.0168181,344
both,1,A,15,-0.0160405,-0.0144854,-0.015263,461
both,1,A,16,-0.0144854,-0.0129303,-0.0137079,529
both,1,A,17,-0.0129303,-0.0113752,-0.0121528,724
both,1,A,18,-0.0113752,-0.00982011,-0.0105977,888
both,1,A,19,-0.00982011,-0.00826502,-0.00904256,1026
both,1,A,20,-0.00826502,-0.00670992,-0.00748747,1122
both,1,A,21,-0.00670992,-0.00515482,-0.00593237,1247
both,1,A,22,-0.00515482,-0.00359972,-0.00437727,1407
both,1,A,23,-0.00359972,-0.00204462,-0.00282217,1505
both,1,A,24,-0.00204462,-0.000489527,-0.00126708,1533
both,1,A,25,-0.000489527,0.00106557,0.000288021,1548
both,1,A,26,0.00106557,0.00262067,0.00184312,1490
both,1,A,27,0.00262067,0.00417577,0.00339822,1478
both,1,A,28,0.00417577,0.00573086,0.00495331,1350
both,1,A,29,0.00573086,0.00728596,0.00650841,1210
both,1,A,30,0.00728596,0.00884106,0.00806351,1068
both,1,A,31,0.00884106,0.0103962,0.00961861,956
both,1,A,32,0.0103962,0.0119513,0.0111737,834
both,1,A,33,0.0119513,0.0135064,0.0127288,677
both,1,A,34,0.0135064,0.0150614,0.0142839,560
both,1,A,35,0.0150614,0.0166165,0.015839,440
both,1,A,36,0.0166165,0.0181716,0.0173941,342
both,1,A,37,0.0181716,0.0197267,0.0189492,283
both,1,A,38,0.0197267,0.0212818,0.0205043,180
both,1,A,39,0.0212818,0.0228369,0.0220594,120
both,1,A,40,0.0228369,0.024392,0.0236145,93
both,1,A,41,0.024392,0.0259471,0.0251696,64
both,1,A,42,0.0259471,0.0275022,0.0267247,53
both,1,A,43,0.0275022,0.0290573,0.0282798,30
both,1,A,44,0.0290573,0.0306124,0.0298349,19
both,1,A,45,0.0306124,0.0321675,0.03139,8
both,1,A,46,0.0321675,0.0337226,0.0329451,3
both,1,A,47,0.0337226,0.0352777,0.0345002,3
both,1,A,48,0.0352777,0.0368328,0.0360553,1
both,1,A,49,0.0368328,0.0383879,0.0376104,1
both,1,B,0,-0.036076,-0.0346328,-0.0353544,469
both,1,B,1,-0.0346328,-0.0331896,-0.0339112,502
both,1,B,2,-0.0331896,-0.0317464,-0.032468,501
both,1,B,3,-0.0317464,-0.0303032,-0.0310248,484
both,1,B,4,-0.0303032,-0.02886,-0.0295816,487
both,1,B,5,-0.02886,-0.0274168,-0.0281384,498
both,1,B,6,-0.0274168,-0.0259736,-0.0266952,510
both,1,B,7,-0.0259736,-0.0245304,-0.025252,467
both,1,B,8,-0.0245304,-0.0230872,-0.0238088,518
both,1,B,9,-0.0230872,-0.021644,-0.0223656,487
both,1,B,10,-0.021644,-0.0202008,-0.0209224,506
both,1,B,11,-0.0202008,-0.0187576,-0.0194792,522
both,1,B,12,-0.0187576,-0.0173144,-0.018036,485
both,1,B,13,-0.0173144,-0.0158712,-0.0165928,457
both,1,B,14,-0.0158712,-0.014428,-0.0151496,531
both,1,B,15,-0.014428,-0.0129848,-0.0137064,558
both,1,B,16,-0.0129848,-0.0115416,-0.0122632,499
both,1,B,17,-0.0115416,-0.0100984,-0.01082,529
both,1,B,18,-0.0100984,-0.00865516,-0.00937676,516
both,1,B,19,-0.00865516,-0.00721196,-0.00793356,490
both,1,B,20,-0.00721196,-0.00576876,-0.00649036,521
both,1,B,21,-0.00576876,-0.00432556,-0.00504716,496
both,1,B,22,-0.00432556,-0.00288236,-0.00360396,463
both,1,B,23,-0.00288236,-0.00143916,-0.00216076,486
both,1,B,24,-0.00143916,4.03821e-06,-0.000717562,452
both,1,B,25,4.03821e-06,0.00144724,0.000725638,470
both,1,B,26,0.00144724,0.00289044,0.00216884,475
both,1,B,27,0.00289044,0.00433364,0.00361204,473
both,1,B,28,0.00433364,0.00577684,0.00505524,510
both,1,B,29,0.00577684,0.00722004,0.00649844,479
both,1,B,30,0.00722004,0.00866324,0.00794164,495
both,1,B,31,0.00866324,0.0101064,0.00938484,503
both,1,B,32,0.0101064,0.0115496,0.010828,464
both,1,B,33,0.0115496,0.0129928,0.0122712,501
both,1,B,34,0.0129928,0.014436,0.0137144,469
both,1,B,35,0.014436,0.0158792,0.0151576,474
both,1,B,36,0.0158792,0.0173224,0.0166008,487
both,1,B,37,0.0173224,0.0187656,0.018044,493
both,1,B,38,0.0187656,0.0202088,0.0194872,483
both,1,B,39,0.0202088,0.021652,0.0209304,494
both,1,B,40,0.021652,0.0230952,0.0223736,499
both,1,B,41,0.0230952,0.0245384,0.0238168,470
both,1,B,42,0.0245384,0.0259816,0.02526,489
both,1,B,43,0.0259816,0.0274248,0.0267032,470
both,1,B,44,0.0274248,0.028868,0.0281464,500
both,1,B,45,0.028868,0.0303112,0.0295896,514
both,1,B,46,0.0303112,0.0317544,0.0310328,482
both,1,B,47,0.0317544,0.0331976,0.032476,461
both,1,B,48,0.0331976,0.0346408,0.0339192,505
both,1,B,49,0.0346408,0.036084,0.0353624,482
both,1,C_eff,0,-0.31283,-0.30258,-0.307705,1
both,1,C_eff,1,-0.30258,-0.29233,-0.297455,0
both,1,C_eff,2,-0.29233,-0.28208,-0.287205,0
both,1,C_eff,3,-0.28208,-0.27183,-0.276955,0
both,1,C_eff,4,-0.27183,-0.26158,-0.266705,0
both,1,C_eff,5,-0.26158,-0.25133,-0.256455,0
both,1,C_eff,6,-0.25133,-0.24108,-0.246205,1
both,1,C_eff,7,-0.24108,-0.23083,-0.235955,0
both,1,C_eff,8,-0.23083,-0.22058,-0.225705,1
both,1,C_eff,9,-0.22058,-0.21033,-0.215455,0
both,1,C_eff,10,-0.21033,-0.20008,-0.205205,0
both,1,C_eff,11,-0.20008,-0.18983,-0.194955,1
both,1,C_eff,12,-0.18983,-0.17958,-0.184705,0
both,1,C_eff,13,-0.17958,-0.16933,-0.174455,2
both,1,C_eff,14,-0.16933,-0.15908,-0.164205,10
both,1,C_eff,15,-0.15908,-0.14883,-0.153955,25
both,1,C_eff,16,-0.14883,-0.13858,-0.143705,58
both,1,C_eff,17,-0.13858,-0.12833,-0.133455,126
both,1,C_eff,18,-0.12833,-0.11808,-0.123205,302
both,1,C_eff,19,-0.11808,-0.10783,-0.112955,711
both,1,C_eff,20,-0.10783,-0.0975799,-0.102705,1416
both,1,C_eff,21,-0.0975799,-0.0873299,-0.0924549,2921
both,1,C_eff,22,-0.0873299,-0.0770799,-0.0822049,5405
both,1,C_eff,23,-0.0770799,-0.0668299,-0.0719549,9404
both,1,C_eff,24,-0.0668299,-0.0565799,-0.0617049,15758
both,1,C_eff,25,-0.0565799,-0.0463299,-0.0514549,24379
both,1,C_eff,26,-0.0463299,-0.0360799,-0.0412049,34540
both,1,C_eff,27,-0.0360799,-0.0258298,-0.0309549,46023
both,1,C_eff,28,-0.0258298,-0.0155798,-0.0207048,55945
both,1,C_eff,29,-0.0155798,-0.00532983,-0.0104548,63660
both,1,C_eff,30,-0.00532983,0.00492018,-0.000204825,66021
both,1,C_eff,31,0.00492018,0.0151702,0.0100452,63493
both,1,C_eff,32,0.0151702,0.0254202,0.0202952,56709
both,1,C_eff,33,0.0254202,0.0356702,0.0305452,46267
both,1,C_eff,34,0.0356702,0.0459202,0.0407952,34898
both,1,C_eff,35,0.0459202,0.0561702,0.0510452,24605
both,1,C_eff,36,0.0561702,0.0664202,0.0612952,16197
both,1,C_eff,37,0.0664202,0.0766702,0.0715452,9675
both,1,C_eff,38,0.0766702,0.0869202,0.0817952,5647
both,1,C_eff,39,0.0869202,0.0971703,0.0920453,2936
both,1,C_eff,40,0.0971703,0.10742,0.102295,1477
both,1,C_eff,41,0.10742,0.11767,0.112545,680
both,1,C_eff,42,0.11767,0.12792,0.122795,320
both,1,C_eff,43,0.12792,0.13817,0.133045,124
both,1,C_eff,44,0.13817,0.14842,0.143295,47
both,1,C_eff,45,0.14842,0.15867,0.153545,20
both,1,C_eff,46,0.15867,0.16892,0.163795,12
both,1,C_eff,47,0.16892,0.17917,0.174045,1
both,1,C_eff,48,0.17917,0.18942,0.184295,2
both,1,C_eff,49,0.18942,0.19967,0.194545,4
both,1845,A,0,-0.360838,-0.344652,-0.352745,1
both,1845,A,1,-0.344652,-0.328465,-0.336558,2
both,1845,A,2,-0.328465,-0.312278,-0.320372,2
both,1845,A,3,-0.312278,-0.296092,-0.304185,2
both,1845,A,4,-0.296092,-0.279905,-0.287998,7
both,1845,A,5,-0.279905,-0.263719,-0.271812,3
both,1845,A,6,-0.263719,-0.247532,-0.255625,12
both,1845,A,7,-0.247532,-0.231345,-0.239439,16
both,1845,A,8,-0.231345,-0.215159,-0.223252,28
both,1845,A,9,-0.215159,-0.198972,-0.207065,48
both,1845,A,10,-0.198972,-0.182785,-0.190879,62
both,1845,A,11,-0.182785,-0.166599,-0.174692,105
both,1845,A,12,-0.166599,-0.150412,-0.158505,173
both,1845,A,13,-0.150412,-0.134225,-0.142319,281
both,1845,A,14,-0.134225,-0.118039,-0.126132,394
both,1845,A,15,-0.118039,-0.101852,-0.109945,593
both,1845,A,16,-0.101852,-0.0856655,-0.0937589,883
both,1845,A,17,-0.0856655,-0.0694789,-0.0775722,1186
both,1845,A,18,-0.0694789,-0.0532923,-0.0613856,1450
both,1845,A,19,-0.0532923,-0.0371056,-0.045199,1891
both,1845,A,20,-0.0371056,-0.020919,-0.0290123,2162
both,1845,A,21,-0.020919,-0.00473237,-0.0128257,2304
both,1845,A,22,-0.00473237,0.0114543,0.00336095,2436
both,1845,A,23,0.0114543,0.0276409,0.0195476,2275
both,1845,A,24,0.0276409,0.0438275,0.0357342,2000
both,1845,A,25,0.0438275,0.0600142,0.0519209,1769
both,1845,A,26,0.0600142,0.0762008,0.0681075,1347
both,1845,A,27,0.0762008,0.0923874,0.0842941,986
both,1845,A,28,0.0923874,0.108574,0.100481,716
both,1845,A,29,0.108574,0.124761,0.116667,517
both,1845,A,30,0.124761,0.140947,0.132854,322
both,1845,A,31,0.140947,0.157134,0.149041,231
both,1845,A,32,0.157134,0.173321,0.165227,139
both,1845,A,33,0.173321,0.189507,0.181414,93
both,1845,A,34,0.189507,0.205694,0.197601,54
both,1845,A,35,0.205694,0.221881,0.213787,27
both,1845,A,36,0.221881,0.238067,0.229974,23
both,1845,A,37,0.238067,0.254254,0.24616,12
both,1845,A,38,0.254254,0.27044,0.262347,7
both,1845,A,39,0.27044,0.286627,0.278534,4
both,1845,A,40,0.286627,0.302814,0.29472,3
both,1845,A,41,0.302814,0.319,0.310907,2
both,1845,A,42,0.319,0.335187,0.327094,3
both,1845,A,43,0.335187,0.351374,0.34328,2
both,1845,A,44,0.351374,0.36756,0.359467,1
both,1845,A,45,0.36756,0.383747,0.375654,0
both,1845,A,46,0.383747,0.399933,0.39184,0
both,1845,A,47,0.399933,0.41612,0.408027,0
both,1845,A,48,0.41612,0.432307,0.424213,1
both,1845,A,49,0.432307,0.448493,0.4404,1
both,1845,B,0,-0.410292,-0.395021,-0.402657,1
both,1845,B,1,-0.395021,-0.37975,-0.387385,0
both,1845,B,2,-0.37975,-0.364479,-0.372114,1
both,1845,B,3,-0.364479,-0.349207,-0.356843,0
both,1845,B,4,-0.349207,-0.333936,-0.341572,2
both,1845,B,5,-0.333936,-0.318665,-0.3263,0
both,1845,B,6,-0.318665,-0.303393,-0.311029,0
both,1845,B,7,-0.303393,-0.288122,-0.295758,2
both,1845,B,8,-0.288122,-0.272851,-0.280486,4
both,1845,B,9,-0.272851,-0.257579,-0.265215,8
both,1845,B,10,-0.257579,-0.242308,-0.249944,18
both,1845,B,11,-0.242308,-0.227037,-0.234673,18
both,1845,B,12,-0.227037,-0.211766,-0.219401,31
both,1845,B,13,-0.211766,-0.196494,-0.20413,41
both,1845,B,14,-0.196494,-0.181223,-0.188859,74
both,1845,B,15,-0.181223,-0.165952,-0.173587,130
both,1845,B,16,-0.165952,-0.15068,-0.158316,177
both,1845,B,17,-0.15068,-0.135409,-0.143045,295
both,1845,B,18,-0.135409,-0.120138,-0.127774,377
both,1845,B,19,-0.120138,-0.104867,-0.112502,591
both,1845,B,20,-0.104867,-0.0895953,-0.097231,834
both,1845,B,21,-0.0895953,-0.074324,-0.0819597,1083
both,1845,B,22,-0.074324,-0.0590527,-0.0666884,1358
both,1845,B,23,-0.0590527,-0.0437815,-0.0514171,1497
both,1845,B,24,-0.0437815,-0.0285102,-0.0361458,1814
both,1845,B,25,-0.0285102,-0.0132389,-0.0208745,2033
both,1845,B,26,-0.0132389,0.00203241,-0.00560324,2154
both,1845,B,27,0.00203241,0.0173037,0.00966805,2060
both,1845,B,28,0.0173037,0.032575,0.0249393,2016
both,1845,B,29,0.032575,0.0478463,0.0402106,1864
both,1845,B,30,0.0478463,0.0631176,0.0554819,1555
both,1845,B,31,0.0631176,0.0783889,0.0707532,1219
both,1845,B,32,0.0783889,0.0936601,0.0860245,1004
both,1845,B,33,0.0936601,0.108931,0.101296,725
both,1845,B,34,0.108931,0.124203,0.116567,525
both,1845,B,35,0.124203,0.139474,0.131838,357
both,1845,B,36,0.139474,0.154745,0.14711,261
both,1845,B,37,0.154745,0.170017,0.162381,158
both,1845,B,38,0.170017,0.185288,0.177652,93
both,1845,B,39,0.185288,0.200559,0.192924,64
both,1845,B,40,0.200559,0.21583,0.208195,42
both,1845,B,41,0.21583,0.231102,0.223466,35
both,1845,B,42,0.231102,0.246373,0.238737,20
both,1845,B,43,0.246373,0.261644,0.254009,9
both,1845,B,44,0.261644,0.276916,0.26928,9
both,1845,B,45,0.276916,0.292187,0.284551,6
both,1845,B,46,0.292187,0.307458,0.299823,3
both,1845,B,47,0.307458,0.322729,0.315094,4
both,1845,B,48,0.322729,0.338001,0.330365,3
both,1845,B,49,0.338001,0.353272,0.345636,1
both,1845,C_eff,0,-0.304277,-0.294318,-0.299297,1
both,1845,C_eff,1,-0.294318,-0.284359,-0.289338,0
both,1845,C_eff,2,-0.284359,-0.2744,-0.279379,0
both,1845,C_eff,3,-0.2744,-0.264441,-0.26942,0
both,1845,C_eff,4,-0.264441,-0.254482,-0.259461,1
both,1845,C_eff,5,-0.254482,-0.244523,-0.249502,0
both,1845,C_eff,6,-0.244523,-0.234564,-0.239543,0
both,1845,C_eff,7,-0.234564,-0.224605,-0.229584,1
both,1845,C_eff,8,-0.224605,-0.214646,-0.219625,0
both,1845,C_eff,9,-0.214646,-0.204687,-0.209666,0
both,1845,C_eff,10,-0.204687,-0.194728,-0.199707,0
both,1845,C_eff,11,-0.194728,-0.184769,-0.189748,0
both,1845,C_eff,12,-0.184769,-0.17481,-0.179789,1
both,1845,C_eff,13,-0.17481,-0.164851,-0.16983,4
both,1845,C_eff,14,-0.164851,-0.154892,-0.159871,11
both,1845,C_eff,15,-0.154892,-0.144933,-0.149912,27
both,1845,C_eff,16,-0.144933,-0.134974,-0.139953,63
both,1845,C_eff,17,-0.134974,-0.125015,-0.129994,176
both,1845,C_eff,18,-0.125015,-0.115056,-0.120035,475
both,1845,C_eff,19,-0.115056,-0.105097,-0.110076,1010
both,1845,C_eff,20,-0.105097,-0.0951376,-0.100117,1929
both,1845,C_eff,21,-0.0951376,-0.0851786,-0.0901581,3593
both,1845,C_eff,22,-0.0851786,-0.0752196,-0.0801991,6292
both,1845,C_eff,23,-0.0752196,-0.0652606,-0.0702401,10864
both,1845,C_eff,24,-0.0652606,-0.0553016,-0.0602811,16896
both,1845,C_eff,25,-0.0553016,-0.0453426,-0.0503221,25061
both,1845,C_eff,26,-0.0453426,-0.0353836,-0.0403631,34657
both,1845,C_eff,27,-0.0353836,-0.0254246,-0.0304041,45190
both,1845,C_eff,28,-0.0254246,-0.0154656,-0.0204451,54227
both,1845,C_eff,29,-0.0154656,-0.00550661,-0.0104861,60051
both,1845,C_eff,30,-0.00550661,0.00445239,-0.00052711,62305
both,1845,C_eff,31,0.00445239,0.0144114,0.00943189,61026
both,1845,C_eff,32,0.0144114,0.0243704,0.0193909,54625
both,1845,C_eff,33,0.0243704,0.0343294,0.0293499,45839
both,1845,C_eff,34,0.0343294,0.0442884,0.0393089,35906
both,1845,C_eff,35,0.0442884,0.0542474,0.0492679,25809
both,1845,C_eff,36,0.0542474,0.0642064,0.0592269,17860
both,1845,C_eff,37,0.0642064,0.0741654,0.0691859,11339
both,1845,C_eff,38,0.0741654,0.0841244,0.0791449,6820
both,1845,C_eff,39,0.0841244,0.0940834,0.0891039,3826
both,1845,C_eff,40,0.0940834,0.104042,0.0990629,2085
both,1845,C_eff,41,0.104042,0.114001,0.109022,1030
both,1845,C_eff,42,0.114001,0.12396,0.118981,518
both,1845,C_eff,43,0.12396,0.133919,0.12894,189
both,1845,C_eff,44,0.133919,0.143878,0.138899,75
both,1845,C_eff,45,0.143878,0.153837,0.148858,20
both,1845,C_eff,46,0.153837,0.163796,0.158817,10
both,1845,C_eff,47,0.163796,0.173755,0.168776,6
both,1845,C_eff,48,0.173755,0.183714,0.178735,3
both,1845,C_eff,49,0.183714,0.193673,0.188694,3
both,3689,A,0,-0.436736,-0.416062,-0.426399,2
both,3689,A,1,-0.416062,-0.395389,-0.405725,0
both,3689,A,2,-0.395389,-0.374715,-0.385052,2
both,3689,A,3,-0.374715,-0.354041,-0.364378,1
both,3689,A,4,-0.354041,-0.333367,-0.343704,3
both,3689,A,5,-0.333367,-0.312693,-0.32303,9
both,3689,A,6,-0.312693,-0.29202,-0.302357,12
both,3689,A,7,-0.29202,-0.271346,-0.281683,18
both,3689,A,8,-0.271346,-0.250672,-0.261009,28
both,3689,A,9,-0.250672,-0.229998,-0.240335,46
both,3689,A,10,-0.229998,-0.209324,-0.219661,75
both,3689,A,11,-0.209324,-0.188651,-0.198988,121
both,3689,A,12,-0.188651,-0.167977,-0.178314,201
both,3689,A,13,-0.167977,-0.147303,-0.15764,328
both,3689,A,14,-0.147303,-0.126629,-0.136966,537
both,3689,A,15,-0.126629,-0.105956,-0.116292,741
both,3689,A,16,-0.105956,-0.0852817,-0.0956186,1178
both,3689,A,17,-0.0852817,-0.0646079,-0.0749448,1552
both,3689,A,18,-0.0646079,-0.0439341,-0.054271,2068
both,3689,A,19,-0.0439341,-0.0232603,-0.0335972,2356
both,3689,A,20,-0.0232603,-0.00258656,-0.0129235,2741
both,3689,A,21,-0.00258656,0.0180872,0.00775034,2683
both,3689,A,22,0.0180872,0.038761,0.0284241,2508
both,3689,A,23,0.038761,0.0594348,0.0490979,2117
both,3689,A,24,0.0594348,0.0801086,0.0697717,1640
both,3689,A,25,0.0801086,0.100782,0.0904455,1253
both,3689,A,26,0.100782,0.121456,0.111119,797
both,3689,A,27,0.121456,0.14213,0.131793,628
both,3689,A,28,0.14213,0.162804,0.152467,366
both,3689,A,29,0.162804,0.183478,0.173141,236
both,3689,A,30,0.183478,0.204151,0.193814,137
both,3689,A,31,0.204151,0.224825,0.214488,87
both,3689,A,32,0.224825,0.245499,0.235162,32
both,3689,A,33,0.245499,0.266173,0.255836,38
both,3689,A,34,0.266173,0.286846,0.27651,9
both,3689,A,35,0.286846,0.30752,0.297183,9
both,3689,A,36,0.30752,0.328194,0.317857,5
both,3689,A,37,0.328194,0.348868,0.338531,3
both,3689,A,38,0.348868,0.369542,0.359205,2
both,3689,A,39,0.369542,0.390215,0.379879,2
both,3689,A,40,0.390215,0.410889,0.400552,1
both,3689,A,41,0.410889,0.431563,0.421226,1
both,3689,A,42,0.431563,0.452237,0.4419,0
both,3689,A,43,0.452237,0.472911,0.462574,0
both,3689,A,44,0.472911,0.493584,0.483247,0
both,3689,A,45,0.493584,0.514258,0.503921,1
both,3689,A,46,0.514258,0.534932,0.524595,0
both,3689,A,47,0.534932,0.555606,0.545269,0
both,3689,A,48,0.555606,0.57628,0.565943,0
both,3689,A,49,0.57628,0.596953,0.586616,2
both,3689,B,0,-0.470073,-0.452569,-0.461321,1
both,3689,B,1,-0.452569,-0.435066,-0.443818,0
both,3689,B,2,-0.435066,-0.417562,-0.426314,0
both,3689,B,3,-0.417562,-0.400058,-0.40881,1
both,3689,B,4,-0.400058,-0.382554,-0.391306,1
both,3689,B,5,-0.382554,-0.36505,-0.373802,3
both,3689,B,6,-0.36505,-0.347546,-0.356298,3
both,3689,B,7,-0.347546,-0.330043,-0.338794,1
both,3689,B,8,-0.330043,-0.312539,-0.321291,5
both,3689,B,9,-0.312539,-0.295035,-0.303787,9
both,3689,B,10,-0.295035,-0.277531,-0.286283,11
both,3689,B,11,-0.277531,-0.260027,-0.268779,17
both,3689,B,12,-0.260027,-0.242523,-0.251275,21
both,3689,B,13,-0.242523,-0.22502,-0.233771,35
both,3689,B,14,-0.22502,-0.207516,-0.216268,74
both,3689,B,15,-0.207516,-0.190012,-0.198764,117
both,3689,B,16,-0.190012,-0.172508,-0.18126,204
both,3689,B,17,-0.172508,-0.155004,-0.163756,239
both,3689,B,18,-0.155004,-0.1375,-0.146252,350
both,3689,B,19,-0.1375,-0.119996,-0.128748,540
both,3689,B,20,-0.119996,-0.102493,-0.111245,737
both,3689,B,21,-0.102493,-0.0849888,-0.0937407,1034
both,3689,B,22,-0.0849888,-0.0674849,-0.0762369,1341
both,3689,B,23,-0.0674849,-0.0499811,-0.058733,1677
both,3689,B,24,-0.0499811,-0.0324773,-0.0412292,1888
both,3689,B,25,-0.0324773,-0.0149734,-0.0237253,2039
both,3689,B,26,-0.0149734,0.00253042,-0.0062215,2219
both,3689,B,27,0.00253042,0.0200343,0.0112823,2193
both,3689,B,28,0.0200343,0.0375381,0.0287862,2112
both,3689,B,29,0.0375381,0.055042,0.04629,1845
both,3689,B,30,0.055042,0.0725458,0.0637939,1527
both,3689,B,31,0.0725458,0.0900496,0.0812977,1259
both,3689,B,32,0.0900496,0.107553,0.0988016,940
both,3689,B,33,0.107553,0.125057,0.116305,670
both,3689,B,34,0.125057,0.142561,0.133809,480
both,3689,B,35,0.142561,0.160065,0.151313,340
both,3689,B,36,0.160065,0.177569,0.168817,218
both,3689,B,37,0.177569,0.195073,0.186321,150
both,3689,B,38,0.195073,0.212577,0.203825,95
both,3689,B,39,0.212577,0.23008,0.221328,78
both,3689,B,40,0.23008,0.247584,0.238832,31
both,3689,B,41,0.247584,0.265088,0.256336,29
both,3689,B,42,0.265088,0.282592,0.27384,17
both,3689,B,43,0.282592,0.300096,0.291344,12
both,3689,B,44,0.300096,0.3176,0.308848,7
both,3689,B,45,0.3176,0.335103,0.326352,2
both,3689,B,46,0.335103,0.352607,0.343855,2
both,3689,B,47,0.352607,0.370111,0.361359,0
both,3689,B,48,0.370111,0.387615,0.378863,1
both,3689,B,49,0.387615,0.405119,0.396367,1
both,3689,C_eff,0,-0.299389,-0.289454,-0.294422,1
both,3689,C_eff,1,-0.289454,-0.27952,-0.284487,0
both,3689,C_eff,2,-0.27952,-0.269585,-0.274553,0
both,3689,C_eff,3,-0.269585,-0.259651,-0.264618,1
both,3689,C_eff,4,-0.259651,-0.249716,-0.254683,0
both,3689,C_eff,5,-0.249716,-0.239782,-0.244749,0
both,3689,C_eff,6,-0.239782,-0.229847,-0.234814,0
both,3689,C_eff,7,-0.229847,-0.219912,-0.22488,1
both,3689,C_eff,8,-0.219912,-0.209978,-0.214945,0
both,3689,C_eff,9,-0.209978,-0.200043,-0.205011,0
both,3689,C_eff,10,-0.200043,-0.190109,-0.195076,0
both,3689,C_eff,11,-0.190109,-0.180174,-0.185142,0
both,3689,C_eff,12,-0.180174,-0.17024,-0.175207,0
both,3689,C_eff,13,-0.17024,-0.160305,-0.165272,13
both,3689,C_eff,14,-0.160305,-0.150371,-0.155338,27
both,3689,C_eff,15,-0.150371,-0.140436,-0.145403,62
both,3689,C_eff,16,-0.140436,-0.130501,-0.135469,204
both,3689,C_eff,17,-0.130501,-0.120567,-0.125534,696
both,3689,C_eff,18,-0.120567,-0.110632,-0.1156,1581
both,3689,C_eff,19,-0.110632,-0.100698,-0.105665,2654
both,3689,C_eff,20,-0.100698,-0.0907632,-0.0957304,4230
both,3689,C_eff,21,-0.0907632,-0.0808286,-0.0857959,6892
both,3689,C_eff,22,-0.0808286,-0.070894,-0.0758613,10912
both,3689,C_eff,23,-0.070894,-0.0609595,-0.0659268,15957
both,3689,C_eff,24,-0.0609595,-0.0510249,-0.0559922,22701
both,3689,C_eff,25,-0.0510249,-0.0410903,-0.0460576,30178
both,3689,C_eff,26,-0.0410903,-0.0311558,-0.0361231,38444
both,3689,C_eff,27,-0.0311558,-0.0212212,-0.0261885,46231
both,3689,C_eff,28,-0.0212212,-0.0112867,-0.0162539,51951
both,3689,C_eff,29,-0.0112867,-0.00135209,-0.00631937,54828
both,3689,C_eff,30,-0.00135209,0.00858248,0.0036152,55534
both,3689,C_eff,31,0.00858248,0.018517,0.0135498,52814
both,3689,C_eff,32,0.018517,0.0284516,0.0234843,47424
both,3689,C_eff,33,0.0284516,0.0383862,0.0334189,40769
both,3689,C_eff,34,0.0383862,0.0483207,0.0433535,32322
both,3689,C_eff,35,0.0483207,0.0582553,0.053288,24606
both,3689,C_eff,36,0.0582553,0.0681899,0.0632226,17850
both,3689,C_eff,37,0.0681899,0.0781244,0.0731571,12069
both,3689,C_eff,38,0.0781244,0.088059,0.0830917,7818
both,3689,C_eff,39,0.088059,0.0979936,0.0930263,4925
both,3689,C_eff,40,0.0979936,0.107928,0.102961,2975
both,3689,C_eff,41,0.107928,0.117863,0.112895,1820
both,3689,C_eff,42,0.117863,0.127797,0.12283,908
both,3689,C_eff,43,0.127797,0.137732,0.132765,294
both,3689,C_eff,44,0.137732,0.147666,0.142699,82
both,3689,C_eff,45,0.147666,0.157601,0.152634,31
both,3689,C_eff,46,0.157601,0.167536,0.162568,11
both,3689,C_eff,47,0.167536,0.17747,0.172503,3
both,3689,C_eff,48,0.17747,0.187405,0.182437,2
both,3689,C_eff,49,0.187405,0.197339,0.192372,3
both,5533,A,0,-0.502068,-0.475589,-0.488829,2
both,5533,A,1,-0.475589,-0.449111,-0.46235,0
both,5533,A,2,-0.449111,-0.422633,-0.435872,1
both,5533,A,3,-0.422633,-0.396155,-0.409394,2
both,5533,A,4,-0.396155,-0.369676,-0.382915,1
both,5533,A,5,-0.369676,-0.343198,-0.356437,5
both,5533,A,6,-0.343198,-0.31672,-0.329959,7
both,5533,A,7,-0.31672,-0.290241,-0.303481,13
both,5533,A,8,-0.290241,-0.263763,-0.277002,24
both,5533,A,9,-0.263763,-0.237285,-0.250524,67
both,5533,A,10,-0.237285,-0.210807,-0.224046,98
both,5533,A,11,-0.210807,-0.184328,-0.197567,176
both,5533,A,12,-0.184328,-0.15785,-0.171089,321
both,5533,A,13,-0.15785,-0.131372,-0.144611,570
both,5533,A,14,-0.131372,-0.104893,-0.118133,970
both,5533,A,15,-0.104893,-0.0784151,-0.0916543,1604
both,5533,A,16,-0.0784151,-0.0519368,-0.065176,2298
both,5533,A,17,-0.0519368,-0.0254585,-0.0386977,2966
both,5533,A,18,-0.0254585,0.00101975,-0.0122194,3338
both,5533,A,19,0.00101975,0.027498,0.0142589,3349
both,5533,A,20,0.027498,0.0539763,0.0407372,2870
both,5533,A,21,0.0539763,0.0804546,0.0672155,2164
both,5533,A,22,0.0804546,0.106933,0.0936938,1562
both,5533,A,23,0.106933,0.133411,0.120172,961
both,5533,A,24,0.133411,0.159889,0.14665,530
both,5533,A,25,0.159889,0.186368,0.173129,319
both,5533,A,26,0.186368,0.212846,0.199607,173
both,5533,A,27,0.212846,0.239324,0.226085,85
both,5533,A,28,0.239324,0.265803,0.252564,48
both,5533,A,29,0.265803,0.292281,0.279042,24
both,5533,A,30,0.292281,0.318759,0.30552,13
both,5533,A,31,0.318759,0.345238,0.331998,5
both,5533,A,32,0.345238,0.371716,0.358477,1
both,5533,A,33,0.371716,0.398194,0.384955,2
both,5533,A,34,0.398194,0.424672,0.411433,2
both,5533,A,35,0.424672,0.451151,0.437912,1
both,5533,A,36,0.451151,0.477629,0.46439,1
both,5533,A,37,0.477629,0.504107,0.490868,0
both,5533,A,38,0.504107,0.530586,0.517346,1
both,5533,A,39,0.530586,0.557064,0.543825,0
both,5533,A,40,0.557064,0.583542,0.570303,1
both,5533,A,41,0.583542,0.61002,0.596781,0
both,5533,A,42,0.61002,0.636499,0.62326,0
both,5533,A,43,0.636499,0.662977,0.649738,0
both,5533,A,44,0.662977,0.689455,0.676216,0
both,5533,A,45,0.689455,0.715934,0.702694,0
both,5533,A,46,0.715934,0.742412,0.729173,0
both,5533,A,47,0.742412,0.76889,0.755651,0
both,5533,A,48,0.76889,0.795368,0.782129,0
both,5533,A,49,0.795368,0.821847,0.808608,1
both,5533,B,0,-0.465114,-0.445797,-0.455455,1
both,5533,B,1,-0.445797,-0.426481,-0.436139,2
both,5533,B,2,-0.426481,-0.407165,-0.416823,1
both,5533,B,3,-0.407165,-0.387849,-0.397507,1
both,5533,B,4,-0.387849,-0.368532,-0.378191,0
both,5533,B,5,-0.368532,-0.349216,-0.358874,4
both,5533,B,6,-0.349216,-0.3299,-0.339558,6
both,5533,B,7,-0.3299,-0.310584,-0.320242,4
both,5533,B,8,-0.310584,-0.291268,-0.300926,15
both,5533,B,9,-0.291268,-0.271951,-0.281609,18
both,5533,B,10,-0.271951,-0.252635,-0.262293,35
both,5533,B,11,-0.252635,-0.233319,-0.242977,43
both,5533,B,12,-0.233319,-0.214003,-0.223661,68
both,5533,B,13,-0.214003,-0.194686,-0.204344,110
both,5533,B,14,-0.194686,-0.17537,-0.185028,158
both,5533,B,15,-0.17537,-0.156054,-0.165712,277
both,5533,B,16,-0.156054,-0.136738,-0.146396,408
both,5533,B,17,-0.136738,-0.117421,-0.12708,661
both,5533,B,18,-0.117421,-0.0981052,-0.107763,873
both,5533,B,19,-0.0981052,-0.078789,-0.0884471,1209
both,5533,B,20,-0.078789,-0.0594728,-0.0691309,1552
both,5533,B,21,-0.0594728,-0.0401566,-0.0498147,1955
both,5533,B,22,-0.0401566,-0.0208403,-0.0304984,2288
both,5533,B,23,-0.0208403,-0.00152411,-0.0111822,2401
both,5533,B,24,-0.00152411,0.0177921,0.00813401,2441
both,5533,B,25,0.0177921,0.0371083,0.0274502,2193
both,5533,B,26,0.0371083,0.0564246,0.0467665,2084
both,5533,B,27,0.0564246,0.0757408,0.0660827,1671
both,5533,B,28,0.0757408,0.095057,0.0853989,1264
both,5533,B,29,0.095057,0.114373,0.104715,930
both,5533,B,30,0.114373,0.133689,0.124031,641
both,5533,B,31,0.133689,0.153006,0.143348,438
both,5533,B,32,0.153006,0.172322,0.162664,289
both,5533,B,33,0.172322,0.191638,0.18198,194
both,5533,B,34,0.191638,0.210954,0.201296,130
both,5533,B,35,0.210954,0.230271,0.220613,82
both,5533,B,36,0.230271,0.249587,0.239929,41
both,5533,B,37,0.249587,0.268903,0.259245,29
both,5533,B,38,0.268903,0.288219,0.278561,29
both,5533,B,39,0.288219,0.307536,0.297877,9
both,5533,B,40,0.307536,0.326852,0.317194,10
both,5533,B,41,0.326852,0.346168,0.33651,4
both,5533,B,42,0.346168,0.365484,0.355826,0
both,5533,B,43,0.365484,0.3848,0.375142,3
both,5533,B,44,0.3848,0.404117,0.394459,2
both,5533,B,45,0.404117,0.423433,0.413775,0
both,5533,B,46,0.423433,0.442749,0.433091,1
both,5533,B,47,0.442749,0.462065,0.452407,0
both,5533,B,48,0.462065,0.481382,0.471723,0
both,5533,B,49,0.481382,0.500698,0.49104,1
both,5533,C_eff,0,-0.29389,-0.283882,-0.288886,1
both,5533,C_eff,1,-0.283882,-0.273875,-0.278879,1
both,5533,C_eff,2,-0.273875,-0.263867,-0.268871,0
both,5533,C_eff,3,-0.263867,-0.253859,-0.258863,0
both,5533,C_eff,4,-0.253859,-0.243851,-0.248855,0
both,5533,C_eff,5,-0.243851,-0.233843,-0.238847,0
both,5533,C_eff,6,-0.233843,-0.223835,-0.228839,1
both,5533,C_eff,7,-0.223835,-0.213827,-0.218831,0
both,5533,C_eff,8,-0.213827,-0.203819,-0.208823,0
both,5533,C_eff,9,-0.203819,-0.193812,-0.198816,0
both,5533,C_eff,10,-0.193812,-0.183804,-0.188808,0
both,5533,C_eff,11,-0.183804,-0.173796,-0.1788,0
both,5533,C_eff,12,-0.173796,-0.163788,-0.168792,19
both,5533,C_eff,13,-0.163788,-0.15378,-0.158784,36
both,5533,C_eff,14,-0.15378,-0.143772,-0.148776,149
both,5533,C_eff,15,-0.143772,-0.133764,-0.138768,360
both,5533,C_eff,16,-0.133764,-0.123756,-0.12876,1171
both,5533,C_eff,17,-0.123756,-0.113749,-0.118752,2833
both,5533,C_eff,18,-0.113749,-0.103741,-0.108745,4263
both,5533,C_eff,19,-0.103741,-0.0937328,-0.0987367,5925
both,5533,C_eff,20,-0.0937328,-0.0837249,-0.0887288,8756
both,5533,C_eff,21,-0.0837249,-0.073717,-0.078721,12283
both,5533,C_eff,22,-0.073717,-0.0637092,-0.0687131,17155
both,5533,C_eff,23,-0.0637092,-0.0537013,-0.0587052,22660
both,5533,C_eff,24,-0.0537013,-0.0436934,-0.0486973,29150
both,5533,C_eff,25,-0.0436934,-0.0336855,-0.0386895,35861
both,5533,C_eff,26,-0.0336855,-0.0236776,-0.0286816,41164
both,5533,C_eff,27,-0.0236776,-0.0136698,-0.0186737,46478
both,5533,C_eff,28,-0.0136698,-0.00366188,-0.00866582,49155
both,5533,C_eff,29,-0.00366188,0.006346,0.00134206,49668
both,5533,C_eff,30,0.006346,0.0163539,0.0113499,47723
both,5533,C_eff,31,0.0163539,0.0263618,0.0213578,45223
both,5533,C_eff,32,0.0263618,0.0363696,0.0313657,39812
both,5533,C_eff,33,0.0363696,0.0463775,0.0413736,33704
both,5533,C_eff,34,0.0463775,0.0563854,0.0513815,27314
both,5533,C_eff,35,0.0563854,0.0663933,0.0613893,21185
both,5533,C_eff,36,0.0663933,0.0764011,0.0713972,15801
both,5533,C_eff,37,0.0764011,0.086409,0.0814051,11175
both,5533,C_eff,38,0.086409,0.0964169,0.091413,7866
both,5533,C_eff,39,0.0964169,0.106425,0.101421,5300
both,5533,C_eff,40,0.106425,0.116433,0.111429,4024
both,5533,C_eff,41,0.116433,0.126441,0.121437,2358
both,5533,C_eff,42,0.126441,0.136448,0.131444,858
both,5533,C_eff,43,0.136448,0.146456,0.141452,274
both,5533,C_eff,44,0.146456,0.156464,0.15146,80
both,5533,C_eff,45,0.156464,0.166472,0.161468,26
both,5533,C_eff,46,0.166472,0.17648,0.171476,9
both,5533,C_eff,47,0.17648,0.186488,0.181484,0
both,5533,C_eff,48,0.186488,0.196496,0.191492,2
both,5533,C_eff,49,0.196496,0.206504,0.2015,1
both,7377,A,0,-0.471592,-0.447164,-0.459378,1
both,7377,A,1,-0.447164,-0.422736,-0.43495,1
both,7377,A,2,-0.422736,-0.398309,-0.410523,0
both,7377,A,3,-0.398309,-0.373881,-0.386095,2
both,7377,A,4,-0.373881,-0.349453,-0.361667,3
both,7377,A,5,-0.349453,-0.325026,-0.337239,11
both,7377,A,6,-0.325026,-0.300598,-0.312812,16
both,7377,A,7,-0.300598,-0.27617,-0.288384,16
both,7377,A,8,-0.27617,-0.251742,-0.263956,31
both,7377,A,9,-0.251742,-0.227315,-0.239529,63
both,7377,A,10,-0.227315,-0.202887,-0.215101,117
both,7377,A,11,-0.202887,-0.178459,-0.190673,207
both,7377,A,12,-0.178459,-0.154032,-0.166246,316
both,7377,A,13,-0.154032,-0.129604,-0.141818,613
both,7377,A,14,-0.129604,-0.105176,-0.11739,988
both,7377,A,15,-0.105176,-0.0807486,-0.0929624,1419
both,7377,A,16,-0.0807486,-0.0563208,-0.0685347,1967
both,7377,A,17,-0.0563208,-0.0318931,-0.044107,2527
both,7377,A,18,-0.0318931,-0.00746544,-0.0196793,3074
both,7377,A,19,-0.00746544,0.0169623,0.00474841,3072
both,7377,A,20,0.0169623,0.04139,0.0291761,2842
both,7377,A,21,0.04139,0.0658177,0.0536038,2393
both,7377,A,22,0.0658177,0.0902454,0.0780315,1761
both,7377,A,23,0.0902454,0.114673,0.102459,1243
both,7377,A,24,0.114673,0.139101,0.126887,764
both,7377,A,25,0.139101,0.163528,0.151315,478
both,7377,A,26,0.163528,0.187956,0.175742,288
both,7377,A,27,0.187956,0.212384,0.20017,161
both,7377,A,28,0.212384,0.236812,0.224598,89
both,7377,A,29,0.236812,0.261239,0.249025,51
both,7377,A,30,0.261239,0.285667,0.273453,25
both,7377,A,31,0.285667,0.310095,0.297881,14
both,7377,A,32,0.310095,0.334522,0.322309,13
both,7377,A,33,0.334522,0.35895,0.346736,0
both,7377,A,34,0.35895,0.383378,0.371164,4
both,7377,A,35,0.383378,0.407806,0.395592,2
both,7377,A,36,0.407806,0.432233,0.420019,0
both,7377,A,37,0.432233,0.456661,0.444447,0
both,7377,A,38,0.456661,0.481089,0.468875,1
both,7377,A,39,0.481089,0.505516,0.493303,0
both,7377,A,40,0.505516,0.529944,0.51773,1
both,7377,A,41,0.529944,0.554372,0.542158,0
both,7377,A,42,0.554372,0.578799,0.566586,1
both,7377,A,43,0.578799,0.603227,0.591013,0
both,7377,A,44,0.603227,0.627655,0.615441,0
both,7377,A,45,0.627655,0.652083,0.639869,0
both,7377,A,46,0.652083,0.67651,0.664296,0
both,7377,A,47,0.67651,0.700938,0.688724,0
both,7377,A,48,0.700938,0.725366,0.713152,0
both,7377,A,49,0.725366,0.749793,0.73758,1
both,7377,B,0,-0.566756,-0.545893,-0.556324,1
both,7377,B,1,-0.545893,-0.525031,-0.535462,0
both,7377,B,2,-0.525031,-0.504169,-0.5146,0
both,7377,B,3,-0.504169,-0.483307,-0.493738,0
both,7377,B,4,-0.483307,-0.462445,-0.472876,0
both,7377,B,5,-0.462445,-0.441583,-0.452014,0
both,7377,B,6,-0.441583,-0.420721,-0.431152,2
both,7377,B,7,-0.420721,-0.399858,-0.410289,1
both,7377,B,8,-0.399858,-0.378996,-0.389427,1
both,7377,B,9,-0.378996,-0.358134,-0.368565,2
both,7377,B,10,-0.358134,-0.337272,-0.347703,6
both,7377,B,11,-0.337272,-0.31641,-0.326841,7
both,7377,B,12,-0.31641,-0.295548,-0.305979,6
both,7377,B,13,-0.295548,-0.274686,-0.285117,23
both,7377,B,14,-0.274686,-0.253823,-0.264254,26
both,7377,B,15,-0.253823,-0.232961,-0.243392,57
both,7377,B,16,-0.232961,-0.212099,-0.22253,82
both,7377,B,17,-0.212099,-0.191237,-0.201668,137
both,7377,B,18,-0.191237,-0.170375,-0.180806,209
both,7377,B,19,-0.170375,-0.149513,-0.159944,335
both,7377,B,20,-0.149513,-0.128651,-0.139082,547
both,7377,B,21,-0.128651,-0.107788,-0.118219,768
both,7377,B,22,-0.107788,-0.0869263,-0.0973573,1130
both,7377,B,23,-0.0869263,-0.0660641,-0.0764952,1460
both,7377,B,24,-0.0660641,-0.045202,-0.0556331,2041
both,7377,B,25,-0.045202,-0.0243398,-0.0347709,2391
both,7377,B,26,-0.0243398,-0.0034777,-0.0139088,2607
both,7377,B,27,-0.0034777,0.0173844,0.00695337,2547
both,7377,B,28,0.0173844,0.0382466,0.0278155,2452
both,7377,B,29,0.0382466,0.0591087,0.0486777,2159
both,7377,B,30,0.0591087,0.0799709,0.0695398,1711
both,7377,B,31,0.0799709,0.100833,0.0904019,1284
both,7377,B,32,0.100833,0.121695,0.111264,942
both,7377,B,33,0.121695,0.142557,0.132126,591
both,7377,B,34,0.142557,0.163419,0.152988,379
both,7377,B,35,0.163419,0.184282,0.173851,242
both,7377,B,36,0.184282,0.205144,0.194713,160
both,7377,B,37,0.205144,0.226006,0.215575,105
both,7377,B,38,0.226006,0.246868,0.236437,65
both,7377,B,39,0.246868,0.26773,0.257299,37
both,7377,B,40,0.26773,0.288592,0.278161,24
both,7377,B,41,0.288592,0.309454,0.299023,18
both,7377,B,42,0.309454,0.330317,0.319885,11
both,7377,B,43,0.330317,0.351179,0.340748,6
both,7377,B,44,0.351179,0.372041,0.36161,1
both,7377,B,45,0.372041,0.392903,0.382472,0
both,7377,B,46,0.392903,0.413765,0.403334,2
both,7377,B,47,0.413765,0.434627,0.424196,0
both,7377,B,48,0.434627,0.455489,0.445058,0
both,7377,B,49,0.455489,0.476352,0.46592,1
both,7377,C_eff,0,-0.285337,-0.275561,-0.280449,2
both,7377,C_eff,1,-0.275561,-0.265786,-0.270673,0
both,7377,C_eff,2,-0.265786,-0.25601,-0.260898,0
both,7377,C_eff,3,-0.25601,-0.246234,-0.251122,0
both,7377,C_eff,4,-0.246234,-0.236458,-0.241346,0
both,7377,C_eff,5,-0.236458,-0.226683,-0.231571,1
both,7377,C_eff,6,-0.226683,-0.216907,-0.221795,0
both,7377,C_eff,7,-0.216907,-0.207131,-0.212019,0
both,7377,C_eff,8,-0.207131,-0.197356,-0.202243,0
both,7377,C_eff,9,-0.197356,-0.18758,-0.192468,0
both,7377,C_eff,10,-0.18758,-0.177804,-0.182692,0
both,7377,C_eff,11,-0.177804,-0.168028,-0.172916,4
both,7377,C_eff,12,-0.168028,-0.158253,-0.163141,52
both,7377,C_eff,13,-0.158253,-0.148477,-0.153365,116
both,7377,C_eff,14,-0.148477,-0.138701,-0.143589,401
both,7377,C_eff,15,-0.138701,-0.128926,-0.133813,1056
both,7377,C_eff,16,-0.128926,-0.11915,-0.124038,2931
both,7377,C_eff,17,-0.11915,-0.109374,-0.114262,5163
both,7377,C_eff,18,-0.109374,-0.0995984,-0.104486,6298
both,7377,C_eff,19,-0.0995984,-0.0898226,-0.0947105,8196
both,7377,C_eff,20,-0.0898226,-0.0800469,-0.0849348,11348
both,7377,C_eff,21,-0.0800469,-0.0702712,-0.0751591,15020
both,7377,C_eff,22,-0.0702712,-0.0604955,-0.0653834,19375
both,7377,C_eff,23,-0.0604955,-0.0507198,-0.0556076,24807
both,7377,C_eff,24,-0.0507198,-0.0409441,-0.0458319,30157
both,7377,C_eff,25,-0.0409441,-0.0311684,-0.0360562,35063
both,7377,C_eff,26,-0.0311684,-0.0213926,-0.0262805,39264
both,7377,C_eff,27,-0.0213926,-0.0116169,-0.0165048,43163
both,7377,C_eff,28,-0.0116169,-0.00184122,-0.00672908,44546
both,7377,C_eff,29,-0.00184122,0.0079345,0.00304664,44928
both,7377,C_eff,30,0.0079345,0.0177102,0.0128224,43016
both,7377,C_eff,31,0.0177102,0.0274859,0.0225981,40885
both,7377,C_eff,32,0.0274859,0.0372616,0.0323738,36837
both,7377,C_eff,33,0.0372616,0.0470374,0.0421495,31841
both,7377,C_eff,34,0.0470374,0.0568131,0.0519252,26609
both,7377,C_eff,35,0.0568131,0.0665888,0.0617009,21274
both,7377,C_eff,36,0.0665888,0.0763645,0.0714766,16853
both,7377,C_eff,37,0.0763645,0.0861402,0.0812524,12567
both,7377,C_eff,38,0.0861402,0.0959159,0.0910281,9277
both,7377,C_eff,39,0.0959159,0.105692,0.100804,6946
both,7377,C_eff,40,0.105692,0.115467,0.110579,5635
both,7377,C_eff,41,0.115467,0.125243,0.120355,3732
both,7377,C_eff,42,0.125243,0.135019,0.130131,1647
both,7377,C_eff,43,0.135019,0.144794,0.139907,521
both,7377,C_eff,44,0.144794,0.15457,0.149682,210
both,7377,C_eff,45,0.15457,0.164346,0.159458,48
both,7377,C_eff,46,0.164346,0.174122,0.169234,32
both,7377,C_eff,47,0.174122,0.183897,0.17901,0
both,7377,C_eff,48,0.183897,0.193673,0.188785,0
both,7377,C_eff,49,0.193673,0.203449,0.198561,3
