condition,step,quantity,bin_idx,bin_low,bin_high,bin_center,count
no_noise,1,A,0,-0.0434661,-0.0418668,-0.0426664,2
no_noise,1,A,1,-0.0418668,-0.0402675,-0.0410672,0
no_noise,1,A,2,-0.0402675,-0.0386683,-0.0394679,2
no_noise,1,A,3,-0.0386683,-0.037069,-0.0378686,0
no_noise,1,A,4,-0.037069,-0.0354697,-0.0362693,3
no_noise,1,A,5,-0.0354697,-0.0338704,-0.0346701,3
no_noise,1,A,6,-0.0338704,-0.0322712,-0.0330708,8
no_noise,1,A,7,-0.0322712,-0.0306719,-0.0314715,6
no_noise,1,A,8,-0.0306719,-0.0290726,-0.0298723,19
no_noise,1,A,9,-0.0290726,-0.0274734,-0.028273,26
no_noise,1,A,10,-0.0274734,-0.0258741,-0.0266737,54
no_noise,1,A,11,-0.0258741,-0.0242748,-0.0250745,70
no_noise,1,A,12,-0.0242748,-0.0226756,-0.0234752,94
no_noise,1,A,13,-0.0226756,-0.0210763,-0.0218759,148
no_noise,1,A,14,-0.0210763,-0.019477,-0.0202767,212
no_noise,1,A,15,-0.019477,-0.0178778,-0.0186774,258
no_noise,1,A,16,-0.0178778,-0.0162785,-0.0170781,363
no_noise,1,A,17,-0.0162785,-0.0146792,-0.0154789,469
no_noise,1,A,18,-0.0146792,-0.01308,-0.0138796,622
no_noise,1,A,19,-0.01308,-0.0114807,-0.0122803,707
no_noise,1,A,20,-0.0114807,-0.00988142,-0.0106811,884
no_noise,1,A,21,-0.00988142,-0.00828215,-0.00908179,1072
no_noise,1,A,22,-0.00828215,-0.00668288,-0.00748252,1119
no_noise,1,A,23,-0.00668288,-0.00508362,-0.00588325,1324
no_noise,1,A,24,-0.00508362,-0.00348435,-0.00428398,1397
no_noise,1,A,25,-0.00348435,-0.00188508,-0.00268471,1575
no_noise,1,A,26,-0.00188508,-0.000285811,-0.00108545,1537
no_noise,1,A,27,-0.000285811,0.00131346,0.000513823,1645
no_noise,1,A,28,0.00131346,0.00291273,0.00211309,1521
no_noise,1,A,29,0.00291273,0.00451199,0.00371236,1460
no_noise,1,A,30,0.00451199,0.00611126,0.00531163,1357
no_noise,1,A,31,0.00611126,0.00771053,0.0069109,1199
no_noise,1,A,32,0.00771053,0.0093098,0.00851017,1163
no_noise,1,A,33,0.0093098,0.0109091,0.0101094,946
no_noise,1,A,34,0.0109091,0.0125083,0.0117087,777
no_noise,1,A,35,0.0125083,0.0141076,0.013308,624
no_noise,1,A,36,0.0141076,0.0157069,0.0149072,506
no_noise,1,A,37,0.0157069,0.0173061,0.0165065,396
no_noise,1,A,38,0.0173061,0.0189054,0.0181058,300
no_noise,1,A,39,0.0189054,0.0205047,0.019705,231
no_noise,1,A,40,0.0205047,0.0221039,0.0213043,161
no_noise,1,A,41,0.0221039,0.0237032,0.0229036,112
no_noise,1,A,42,0.0237032,0.0253025,0.0245028,74
no_noise,1,A,43,0.0253025,0.0269018,0.0261021,47
no_noise,1,A,44,0.0269018,0.028501,0.0277014,36
no_noise,1,A,45,0.028501,0.0301003,0.0293007,18
no_noise,1,A,46,0.0301003,0.0316996,0.0308999,15
no_noise,1,A,47,0.0316996,0.0332988,0.0324992,3
no_noise,1,A,48,0.0332988,0.0348981,0.0340985,7
no_noise,1,A,49,0.0348981,0.0364974,0.0356977,4
no_noise,1,B,0,-0.0360828,-0.0346395,-0.0353612,490
no_noise,1,B,1,-0.0346395,-0.0331962,-0.0339179,493
no_noise,1,B,2,-0.0331962,-0.031753,-0.0324746,469
no_noise,1,B,3,-0.031753,-0.0303097,-0.0310313,501
no_noise,1,B,4,-0.0303097,-0.0288664,-0.029588,463
no_noise,1,B,5,-0.0288664,-0.0274231,-0.0281448,483
no_noise,1,B,6,-0.0274231,-0.0259798,-0.0267015,511
no_noise,1,B,7,-0.0259798,-0.0245366,-0.0252582,481
no_noise,1,B,8,-0.0245366,-0.0230933,-0.0238149,473
no_noise,1,B,9,-0.0230933,-0.02165,-0.0223716,485
no_noise,1,B,10,-0.02165,-0.0202067,-0.0209284,494
no_noise,1,B,11,-0.0202067,-0.0187634,-0.0194851,517
no_noise,1,B,12,-0.0187634,-0.0173202,-0.0180418,509
no_noise,1,B,13,-0.0173202,-0.0158769,-0.0165985,519
no_noise,1,B,14,-0.0158769,-0.0144336,-0.0151552,466
no_noise,1,B,15,-0.0144336,-0.0129903,-0.013712,509
no_noise,1,B,16,-0.0129903,-0.011547,-0.0122687,491
no_noise,1,B,17,-0.011547,-0.0101038,-0.0108254,523
no_noise,1,B,18,-0.0101038,-0.00866047,-0.00938211,482
no_noise,1,B,19,-0.00866047,-0.00721719,-0.00793883,447
no_noise,1,B,20,-0.00721719,-0.00577391,-0.00649555,493
no_noise,1,B,21,-0.00577391,-0.00433063,-0.00505227,507
no_noise,1,B,22,-0.00433063,-0.00288735,-0.00360899,475
no_noise,1,B,23,-0.00288735,-0.00144407,-0.00216571,499
no_noise,1,B,24,-0.00144407,-7.89762e-07,-0.00072243,531
no_noise,1,B,25,-7.89762e-07,0.00144249,0.00072085,507
no_noise,1,B,26,0.00144249,0.00288577,0.00216413,494
no_noise,1,B,27,0.00288577,0.00432905,0.00360741,480
no_noise,1,B,28,0.00432905,0.00577233,0.00505069,517
no_noise,1,B,29,0.00577233,0.00721561,0.00649397,526
no_noise,1,B,30,0.00721561,0.00865889,0.00793725,470
no_noise,1,B,31,0.00865889,0.0101022,0.00938053,509
no_noise,1,B,32,0.0101022,0.0115455,0.0108238,490
no_noise,1,B,33,0.0115455,0.0129887,0.0122671,511
no_noise,1,B,34,0.0129887,0.014432,0.0137104,493
no_noise,1,B,35,0.014432,0.0158753,0.0151537,501
no_noise,1,B,36,0.0158753,0.0173186,0.0165969,495
no_noise,1,B,37,0.0173186,0.0187619,0.0180402,474
no_noise,1,B,38,0.0187619,0.0202051,0.0194835,467
no_noise,1,B,39,0.0202051,0.0216484,0.0209268,458
no_noise,1,B,40,0.0216484,0.0230917,0.0223701,503
no_noise,1,B,41,0.0230917,0.024535,0.0238133,461
no_noise,1,B,42,0.024535,0.0259783,0.0252566,499
no_noise,1,B,43,0.0259783,0.0274215,0.0266999,461
no_noise,1,B,44,0.0274215,0.0288648,0.0281432,460
no_noise,1,B,45,0.0288648,0.0303081,0.0295865,495
no_noise,1,B,46,0.0303081,0.0317514,0.0310297,499
no_noise,1,B,47,0.0317514,0.0331947,0.032473,498
no_noise,1,B,48,0.0331947,0.0346379,0.0339163,516
no_noise,1,B,49,0.0346379,0.0360812,0.0353596,481
no_noise,1,C_eff,0,-0.524917,-0.505337,-0.515127,1
no_noise,1,C_eff,1,-0.505337,-0.485757,-0.495547,0
no_noise,1,C_eff,2,-0.485757,-0.466176,-0.475967,0
no_noise,1,C_eff,3,-0.466176,-0.446596,-0.456386,2
no_noise,1,C_eff,4,-0.446596,-0.427016,-0.436806,3
no_noise,1,C_eff,5,-0.427016,-0.407435,-0.417226,1
no_noise,1,C_eff,6,-0.407435,-0.387855,-0.397645,3
no_noise,1,C_eff,7,-0.387855,-0.368275,-0.378065,2
no_noise,1,C_eff,8,-0.368275,-0.348694,-0.358485,7
no_noise,1,C_eff,9,-0.348694,-0.329114,-0.338904,3
no_noise,1,C_eff,10,-0.329114,-0.309534,-0.319324,7
no_noise,1,C_eff,11,-0.309534,-0.289953,-0.299743,6
no_noise,1,C_eff,12,-0.289953,-0.270373,-0.280163,3
no_noise,1,C_eff,13,-0.270373,-0.250793,-0.260583,11
no_noise,1,C_eff,14,-0.250793,-0.231212,-0.241002,17
no_noise,1,C_eff,15,-0.231212,-0.211632,-0.221422,39
no_noise,1,C_eff,16,-0.211632,-0.192052,-0.201842,41
no_noise,1,C_eff,17,-0.192052,-0.172471,-0.182261,96
no_noise,1,C_eff,18,-0.172471,-0.152891,-0.162681,250
no_noise,1,C_eff,19,-0.152891,-0.133311,-0.143101,762
no_noise,1,C_eff,20,-0.133311,-0.11373,-0.12352,2196
no_noise,1,C_eff,21,-0.11373,-0.09415,-0.10394,5741
no_noise,1,C_eff,22,-0.09415,-0.0745696,-0.0843598,14807
no_noise,1,C_eff,23,-0.0745696,-0.0549893,-0.0647794,32177
no_noise,1,C_eff,24,-0.0549893,-0.0354089,-0.0451991,59262
no_noise,1,C_eff,25,-0.0354089,-0.0158286,-0.0256188,90980
no_noise,1,C_eff,26,-0.0158286,0.00375173,-0.00603844,110283
no_noise,1,C_eff,27,0.00375173,0.0233321,0.0135419,104151
no_noise,1,C_eff,28,0.0233321,0.0429124,0.0331222,79459
no_noise,1,C_eff,29,0.0429124,0.0624927,0.0527026,48443
no_noise,1,C_eff,30,0.0624927,0.0820731,0.0722829,24240
no_noise,1,C_eff,31,0.0820731,0.101653,0.0918632,10411
no_noise,1,C_eff,32,0.101653,0.121234,0.111444,4084
no_noise,1,C_eff,33,0.121234,0.140814,0.131024,1446
no_noise,1,C_eff,34,0.140814,0.160394,0.150604,516
no_noise,1,C_eff,35,0.160394,0.179975,0.170185,192
no_noise,1,C_eff,36,0.179975,0.199555,0.189765,67
no_noise,1,C_eff,37,0.199555,0.219135,0.209345,34
no_noise,1,C_eff,38,0.219135,0.238716,0.228926,16
no_noise,1,C_eff,39,0.238716,0.258296,0.248506,20
no_noise,1,C_eff,40,0.258296,0.277876,0.268086,8
no_noise,1,C_eff,41,0.277876,0.297457,0.287667,10
no_noise,1,C_eff,42,0.297457,0.317037,0.307247,7
no_noise,1,C_eff,43,0.317037,0.336617,0.326827,5
no_noise,1,C_eff,44,0.336617,0.356198,0.346408,7
no_noise,1,C_eff,45,0.356198,0.375778,0.365988,2
no_noise,1,C_eff,46,0.375778,0.395358,0.385568,1
no_noise,1,C_eff,47,0.395358,0.414939,0.405149,2
no_noise,1,C_eff,48,0.414939,0.434519,0.424729,1
no_noise,1,C_eff,49,0.434519,0.454099,0.444309,2
no_noise,1845,A,0,-0.184751,-0.178087,-0.181419,1
no_noise,1845,A,1,-0.178087,-0.171422,-0.174754,0
no_noise,1845,A,2,-0.171422,-0.164758,-0.16809,0
no_noise,1845,A,3,-0.164758,-0.158094,-0.161426,0
no_noise,1845,A,4,-0.158094,-0.15143,-0.154762,1
no_noise,1845,A,5,-0.15143,-0.144766,-0.148098,1
no_noise,1845,A,6,-0.144766,-0.138102,-0.141434,3
no_noise,1845,A,7,-0.138102,-0.131438,-0.13477,3
no_noise,1845,A,8,-0.131438,-0.124774,-0.128106,8
no_noise,1845,A,9,-0.124774,-0.11811,-0.121442,11
no_noise,1845,A,10,-0.11811,-0.111446,-0.114778,25
no_noise,1845,A,11,-0.111446,-0.104782,-0.108114,32
no_noise,1845,A,12,-0.104782,-0.0981175,-0.10145,46
no_noise,1845,A,13,-0.0981175,-0.0914534,-0.0947854,85
no_noise,1845,A,14,-0.0914534,-0.0847893,-0.0881214,133
no_noise,1845,A,15,-0.0847893,-0.0781252,-0.0814573,156
no_noise,1845,A,16,-0.0781252,-0.0714611,-0.0747932,266
no_noise,1845,A,17,-0.0714611,-0.0647971,-0.0681291,350
no_noise,1845,A,18,-0.0647971,-0.058133,-0.061465,495
no_noise,1845,A,19,-0.058133,-0.0514689,-0.0548009,596
no_noise,1845,A,20,-0.0514689,-0.0448048,-0.0481368,810
no_noise,1845,A,21,-0.0448048,-0.0381407,-0.0414727,970
no_noise,1845,A,22,-0.0381407,-0.0314766,-0.0348087,1109
no_noise,1845,A,23,-0.0314766,-0.0248125,-0.0281446,1319
no_noise,1845,A,24,-0.0248125,-0.0181484,-0.0214805,1446
no_noise,1845,A,25,-0.0181484,-0.0114843,-0.0148164,1594
no_noise,1845,A,26,-0.0114843,-0.00482026,-0.00815231,1643
no_noise,1845,A,27,-0.00482026,0.00184383,-0.00148822,1670
no_noise,1845,A,28,0.00184383,0.00850791,0.00517587,1597
no_noise,1845,A,29,0.00850791,0.015172,0.01184,1618
no_noise,1845,A,30,0.015172,0.0218361,0.018504,1590
no_noise,1845,A,31,0.0218361,0.0285002,0.0251681,1308
no_noise,1845,A,32,0.0285002,0.0351643,0.0318322,1125
no_noise,1845,A,33,0.0351643,0.0418284,0.0384963,1015
no_noise,1845,A,34,0.0418284,0.0484924,0.0451604,833
no_noise,1845,A,35,0.0484924,0.0551565,0.0518245,751
no_noise,1845,A,36,0.0551565,0.0618206,0.0584886,560
no_noise,1845,A,37,0.0618206,0.0684847,0.0651527,393
no_noise,1845,A,38,0.0684847,0.0751488,0.0718167,315
no_noise,1845,A,39,0.0751488,0.0818129,0.0784808,223
no_noise,1845,A,40,0.0818129,0.088477,0.0851449,164
no_noise,1845,A,41,0.088477,0.0951411,0.091809,116
no_noise,1845,A,42,0.0951411,0.101805,0.0984731,79
no_noise,1845,A,43,0.101805,0.108469,0.105137,44
no_noise,1845,A,44,0.108469,0.115133,0.111801,26
no_noise,1845,A,45,0.115133,0.121797,0.118465,23
no_noise,1845,A,46,0.121797,0.128461,0.125129,6
no_noise,1845,A,47,0.128461,0.135126,0.131794,11
no_noise,1845,A,48,0.135126,0.14179,0.138458,4
no_noise,1845,A,49,0.14179,0.148454,0.145122,2
no_noise,1845,B,0,-0.16164,-0.15511,-0.158375,3
no_noise,1845,B,1,-0.15511,-0.148579,-0.151845,2
no_noise,1845,B,2,-0.148579,-0.142049,-0.145314,3
no_noise,1845,B,3,-0.142049,-0.135519,-0.138784,3
no_noise,1845,B,4,-0.135519,-0.128989,-0.132254,9
no_noise,1845,B,5,-0.128989,-0.122459,-0.125724,10
no_noise,1845,B,6,-0.122459,-0.115929,-0.119194,16
no_noise,1845,B,7,-0.115929,-0.109398,-0.112663,26
no_noise,1845,B,8,-0.109398,-0.102868,-0.106133,38
no_noise,1845,B,9,-0.102868,-0.096338,-0.0996031,85
no_noise,1845,B,10,-0.096338,-0.0898078,-0.0930729,108
no_noise,1845,B,11,-0.0898078,-0.0832776,-0.0865427,137
no_noise,1845,B,12,-0.0832776,-0.0767474,-0.0800125,186
no_noise,1845,B,13,-0.0767474,-0.0702173,-0.0734824,279
no_noise,1845,B,14,-0.0702173,-0.0636871,-0.0669522,387
no_noise,1845,B,15,-0.0636871,-0.0571569,-0.060422,503
no_noise,1845,B,16,-0.0571569,-0.0506267,-0.0538918,692
no_noise,1845,B,17,-0.0506267,-0.0440965,-0.0473616,753
no_noise,1845,B,18,-0.0440965,-0.0375664,-0.0408315,961
no_noise,1845,B,19,-0.0375664,-0.0310362,-0.0343013,1130
no_noise,1845,B,20,-0.0310362,-0.024506,-0.0277711,1250
no_noise,1845,B,21,-0.024506,-0.0179758,-0.0212409,1378
no_noise,1845,B,22,-0.0179758,-0.0114456,-0.0147107,1518
no_noise,1845,B,23,-0.0114456,-0.00491546,-0.00818055,1446
no_noise,1845,B,24,-0.00491546,0.00161472,-0.00165037,1636
no_noise,1845,B,25,0.00161472,0.0081449,0.00487981,1629
no_noise,1845,B,26,0.0081449,0.0146751,0.01141,1578
no_noise,1845,B,27,0.0146751,0.0212053,0.0179402,1453
no_noise,1845,B,28,0.0212053,0.0277354,0.0244703,1347
no_noise,1845,B,29,0.0277354,0.0342656,0.0310005,1189
no_noise,1845,B,30,0.0342656,0.0407958,0.0375307,1046
no_noise,1845,B,31,0.0407958,0.047326,0.0440609,898
no_noise,1845,B,32,0.047326,0.0538562,0.0505911,729
no_noise,1845,B,33,0.0538562,0.0603863,0.0571212,573
no_noise,1845,B,34,0.0603863,0.0669165,0.0636514,480
no_noise,1845,B,35,0.0669165,0.0734467,0.0701816,322
no_noise,1845,B,36,0.0734467,0.0799769,0.0767118,234
no_noise,1845,B,37,0.0799769,0.0865071,0.083242,173
no_noise,1845,B,38,0.0865071,0.0930372,0.0897721,142
no_noise,1845,B,39,0.0930372,0.0995674,0.0963023,84
no_noise,1845,B,40,0.0995674,0.106098,0.102833,47
no_noise,1845,B,41,0.106098,0.112628,0.109363,34
no_noise,1845,B,42,0.112628,0.119158,0.115893,20
no_noise,1845,B,43,0.119158,0.125688,0.122423,17
no_noise,1845,B,44,0.125688,0.132218,0.128953,14
no_noise,1845,B,45,0.132218,0.138748,0.135483,1
no_noise,1845,B,46,0.138748,0.145279,0.142014,4
no_noise,1845,B,47,0.145279,0.151809,0.148544,1
no_noise,1845,B,48,0.151809,0.158339,0.155074,1
no_noise,1845,B,49,0.158339,0.164869,0.161604,1
no_noise,1845,C_eff,0,-0.524917,-0.505355,-0.515136,1
no_noise,1845,C_eff,1,-0.505355,-0.485792,-0.495573,0
no_noise,1845,C_eff,2,-0.485792,-0.46623,-0.476011,0
no_noise,1845,C_eff,3,-0.46623,-0.446667,-0.456448,1
no_noise,1845,C_eff,4,-0.446667,-0.427104,-0.436886,3
no_noise,1845,C_eff,5,-0.427104,-0.407542,-0.417323,2
no_noise,1845,C_eff,6,-0.407542,-0.387979,-0.39776,3
no_noise,1845,C_eff,7,-0.387979,-0.368417,-0.378198,2
no_noise,1845,C_eff,8,-0.368417,-0.348854,-0.358635,6
no_noise,1845,C_eff,9,-0.348854,-0.329291,-0.339073,4
no_noise,1845,C_eff,10,-0.329291,-0.309729,-0.31951,7
no_noise,1845,C_eff,11,-0.309729,-0.290166,-0.299947,6
no_noise,1845,C_eff,12,-0.290166,-0.270604,-0.280385,3
no_noise,1845,C_eff,13,-0.270604,-0.251041,-0.260822,8
no_noise,1845,C_eff,14,-0.251041,-0.231478,-0.24126,19
no_noise,1845,C_eff,15,-0.231478,-0.211916,-0.221697,35
no_noise,1845,C_eff,16,-0.211916,-0.192353,-0.202134,44
no_noise,1845,C_eff,17,-0.192353,-0.172791,-0.182572,90
no_noise,1845,C_eff,18,-0.172791,-0.153228,-0.163009,256
no_noise,1845,C_eff,19,-0.153228,-0.133665,-0.143447,747
no_noise,1845,C_eff,20,-0.133665,-0.114103,-0.123884,2161
no_noise,1845,C_eff,21,-0.114103,-0.0945402,-0.104321,5752
no_noise,1845,C_eff,22,-0.0945402,-0.0749776,-0.0847589,14596
no_noise,1845,C_eff,23,-0.0749776,-0.055415,-0.0651963,31905
no_noise,1845,C_eff,24,-0.055415,-0.0358524,-0.0456337,58822
no_noise,1845,C_eff,25,-0.0358524,-0.0162898,-0.0260711,89839
no_noise,1845,C_eff,26,-0.0162898,0.00327283,-0.00650847,109401
no_noise,1845,C_eff,27,0.00327283,0.0228354,0.0130541,104477
no_noise,1845,C_eff,28,0.0228354,0.042398,0.0326167,79978
no_noise,1845,C_eff,29,0.042398,0.0619606,0.0521793,49233
no_noise,1845,C_eff,30,0.0619606,0.0815232,0.0717419,25049
no_noise,1845,C_eff,31,0.0815232,0.101086,0.0913045,10679
no_noise,1845,C_eff,32,0.101086,0.120648,0.110867,4266
no_noise,1845,C_eff,33,0.120648,0.140211,0.13043,1495
no_noise,1845,C_eff,34,0.140211,0.159774,0.149992,562
no_noise,1845,C_eff,35,0.159774,0.179336,0.169555,191
no_noise,1845,C_eff,36,0.179336,0.198899,0.189118,71
no_noise,1845,C_eff,37,0.198899,0.218461,0.20868,29
no_noise,1845,C_eff,38,0.218461,0.238024,0.228243,14
no_noise,1845,C_eff,39,0.238024,0.257587,0.247805,22
no_noise,1845,C_eff,40,0.257587,0.277149,0.267368,8
no_noise,1845,C_eff,41,0.277149,0.296712,0.286931,10
no_noise,1845,C_eff,42,0.296712,0.316274,0.306493,6
no_noise,1845,C_eff,43,0.316274,0.335837,0.326056,7
no_noise,1845,C_eff,44,0.335837,0.3554,0.345618,7
no_noise,1845,C_eff,45,0.3554,0.374962,0.365181,1
no_noise,1845,C_eff,46,0.374962,0.394525,0.384744,1
no_noise,1845,C_eff,47,0.394525,0.414087,0.404306,2
no_noise,1845,C_eff,48,0.414087,0.43365,0.423869,1
no_noise,1845,C_eff,49,0.43365,0.453213,0.443431,2
no_noise,3689,A,0,-0.157277,-0.151125,-0.154201,2
no_noise,3689,A,1,-0.151125,-0.144973,-0.148049,1
no_noise,3689,A,2,-0.144973,-0.138821,-0.141897,2
no_noise,3689,A,3,-0.138821,-0.132669,-0.135745,5
no_noise,3689,A,4,-0.132669,-0.126517,-0.129593,10
no_noise,3689,A,5,-0.126517,-0.120366,-0.123442,10
no_noise,3689,A,6,-0.120366,-0.114214,-0.11729,18
no_noise,3689,A,7,-0.114214,-0.108062,-0.111138,37
no_noise,3689,A,8,-0.108062,-0.10191,-0.104986,43
no_noise,3689,A,9,-0.10191,-0.0957579,-0.0988338,65
no_noise,3689,A,10,-0.0957579,-0.089606,-0.0926819,109
no_noise,3689,A,11,-0.089606,-0.083454,-0.08653,150
no_noise,3689,A,12,-0.083454,-0.0773021,-0.0803781,184
no_noise,3689,A,13,-0.0773021,-0.0711502,-0.0742262,270
no_noise,3689,A,14,-0.0711502,-0.0649983,-0.0680742,319
no_noise,3689,A,15,-0.0649983,-0.0588464,-0.0619223,469
no_noise,3689,A,16,-0.0588464,-0.0526944,-0.0557704,557
no_noise,3689,A,17,-0.0526944,-0.0465425,-0.0496185,723
no_noise,3689,A,18,-0.0465425,-0.0403906,-0.0434666,836
no_noise,3689,A,19,-0.0403906,-0.0342387,-0.0373147,1013
no_noise,3689,A,20,-0.0342387,-0.0280868,-0.0311627,1085
no_noise,3689,A,21,-0.0280868,-0.0219349,-0.0250108,1240
no_noise,3689,A,22,-0.0219349,-0.0157829,-0.0188589,1300
no_noise,3689,A,23,-0.0157829,-0.00963102,-0.012707,1521
no_noise,3689,A,24,-0.00963102,-0.0034791,-0.00655506,1469
no_noise,3689,A,25,-0.0034791,0.00267282,-0.000403142,1513
no_noise,3689,A,26,0.00267282,0.00882474,0.00574878,1520
no_noise,3689,A,27,0.00882474,0.0149767,0.0119007,1423
no_noise,3689,A,28,0.0149767,0.0211286,0.0180526,1303
no_noise,3689,A,29,0.0211286,0.0272805,0.0242045,1280
no_noise,3689,A,30,0.0272805,0.0334324,0.0303565,1105
no_noise,3689,A,31,0.0334324,0.0395843,0.0365084,940
no_noise,3689,A,32,0.0395843,0.0457362,0.0426603,906
no_noise,3689,A,33,0.0457362,0.0518882,0.0488122,756
no_noise,3689,A,34,0.0518882,0.0580401,0.0549641,560
no_noise,3689,A,35,0.0580401,0.064192,0.061116,470
no_noise,3689,A,36,0.064192,0.0703439,0.067268,374
no_noise,3689,A,37,0.0703439,0.0764958,0.0734199,262
no_noise,3689,A,38,0.0764958,0.0826478,0.0795718,229
no_noise,3689,A,39,0.0826478,0.0887997,0.0857237,159
no_noise,3689,A,40,0.0887997,0.0949516,0.0918756,120
no_noise,3689,A,41,0.0949516,0.101104,0.0980276,68
no_noise,3689,A,42,0.101104,0.107255,0.104179,50
no_noise,3689,A,43,0.107255,0.113407,0.110331,32
no_noise,3689,A,44,0.113407,0.119559,0.116483,26
no_noise,3689,A,45,0.119559,0.125711,0.122635,18
no_noise,3689,A,46,0.125711,0.131863,0.128787,8
no_noise,3689,A,47,0.131863,0.138015,0.134939,6
no_noise,3689,A,48,0.138015,0.144167,0.141091,6
no_noise,3689,A,49,0.144167,0.150319,0.147243,4
no_noise,3689,B,0,-0.168802,-0.162012,-0.165407,1
no_noise,3689,B,1,-0.162012,-0.155222,-0.158617,2
no_noise,3689,B,2,-0.155222,-0.148432,-0.151827,1
no_noise,3689,B,3,-0.148432,-0.141642,-0.145037,4
no_noise,3689,B,4,-0.141642,-0.134852,-0.138247,4
no_noise,3689,B,5,-0.134852,-0.128062,-0.131457,4
no_noise,3689,B,6,-0.128062,-0.121273,-0.124668,11
no_noise,3689,B,7,-0.121273,-0.114483,-0.117878,26
no_noise,3689,B,8,-0.114483,-0.107693,-0.111088,36
no_noise,3689,B,9,-0.107693,-0.100903,-0.104298,64
no_noise,3689,B,10,-0.100903,-0.0941132,-0.0975081,73
no_noise,3689,B,11,-0.0941132,-0.0873233,-0.0907182,126
no_noise,3689,B,12,-0.0873233,-0.0805334,-0.0839284,195
no_noise,3689,B,13,-0.0805334,-0.0737436,-0.0771385,279
no_noise,3689,B,14,-0.0737436,-0.0669537,-0.0703486,332
no_noise,3689,B,15,-0.0669537,-0.0601638,-0.0635588,450
no_noise,3689,B,16,-0.0601638,-0.053374,-0.0567689,612
no_noise,3689,B,17,-0.053374,-0.0465841,-0.049979,745
no_noise,3689,B,18,-0.0465841,-0.0397942,-0.0431892,935
no_noise,3689,B,19,-0.0397942,-0.0330044,-0.0363993,1078
no_noise,3689,B,20,-0.0330044,-0.0262145,-0.0296094,1257
no_noise,3689,B,21,-0.0262145,-0.0194246,-0.0228196,1441
no_noise,3689,B,22,-0.0194246,-0.0126348,-0.0160297,1544
no_noise,3689,B,23,-0.0126348,-0.00584491,-0.00923985,1586
no_noise,3689,B,24,-0.00584491,0.00094495,-0.00244998,1672
no_noise,3689,B,25,0.00094495,0.00773481,0.00433988,1629
no_noise,3689,B,26,0.00773481,0.0145247,0.0111297,1653
no_noise,3689,B,27,0.0145247,0.0213145,0.0179196,1534
no_noise,3689,B,28,0.0213145,0.0281044,0.0247095,1411
no_noise,3689,B,29,0.0281044,0.0348943,0.0314993,1191
no_noise,3689,B,30,0.0348943,0.0416841,0.0382892,1049
no_noise,3689,B,31,0.0416841,0.048474,0.0450791,857
no_noise,3689,B,32,0.048474,0.0552639,0.0518689,708
no_noise,3689,B,33,0.0552639,0.0620537,0.0586588,581
no_noise,3689,B,34,0.0620537,0.0688436,0.0654487,434
no_noise,3689,B,35,0.0688436,0.0756335,0.0722385,333
no_noise,3689,B,36,0.0756335,0.0824233,0.0790284,249
no_noise,3689,B,37,0.0824233,0.0892132,0.0858183,160
no_noise,3689,B,38,0.0892132,0.0960031,0.0926081,113
no_noise,3689,B,39,0.0960031,0.102793,0.099398,57
no_noise,3689,B,40,0.102793,0.109583,0.106188,51
no_noise,3689,B,41,0.109583,0.116373,0.112978,38
no_noise,3689,B,42,0.116373,0.123163,0.119768,26
no_noise,3689,B,43,0.123163,0.129952,0.126557,8
no_noise,3689,B,44,0.129952,0.136742,0.133347,6
no_noise,3689,B,45,0.136742,0.143532,0.140137,5
no_noise,3689,B,46,0.143532,0.150322,0.146927,3
no_noise,3689,B,47,0.150322,0.157112,0.153717,1
no_noise,3689,B,48,0.157112,0.163902,0.160507,0
no_noise,3689,B,49,0.163902,0.170692,0.167297,1
no_noise,3689,C_eff,0,-0.523892,-0.504368,-0.51413,1
no_noise,3689,C_eff,1,-0.504368,-0.484844,-0.494606,0
no_noise,3689,C_eff,2,-0.484844,-0.465319,-0.475081,0
no_noise,3689,C_eff,3,-0.465319,-0.445795,-0.455557,1
no_noise,3689,C_eff,4,-0.445795,-0.42627,-0.436033,3
no_noise,3689,C_eff,5,-0.42627,-0.406746,-0.416508,2
no_noise,3689,C_eff,6,-0.406746,-0.387222,-0.396984,2
no_noise,3689,C_eff,7,-0.387222,-0.367697,-0.37746,3
no_noise,3689,C_eff,8,-0.367697,-0.348173,-0.357935,6
no_noise,3689,C_eff,9,-0.348173,-0.328649,-0.338411,4
no_noise,3689,C_eff,10,-0.328649,-0.309124,-0.318886,6
no_noise,3689,C_eff,11,-0.309124,-0.2896,-0.299362,7
no_noise,3689,C_eff,12,-0.2896,-0.270076,-0.279838,3
no_noise,3689,C_eff,13,-0.270076,-0.250551,-0.260313,8
no_noise,3689,C_eff,14,-0.250551,-0.231027,-0.240789,17
no_noise,3689,C_eff,15,-0.231027,-0.211502,-0.221265,37
no_noise,3689,C_eff,16,-0.211502,-0.191978,-0.20174,51
no_noise,3689,C_eff,17,-0.191978,-0.172454,-0.182216,84
no_noise,3689,C_eff,18,-0.172454,-0.152929,-0.162692,244
no_noise,3689,C_eff,19,-0.152929,-0.133405,-0.143167,784
no_noise,3689,C_eff,20,-0.133405,-0.113881,-0.123643,2268
no_noise,3689,C_eff,21,-0.113881,-0.0943563,-0.104118,5873
no_noise,3689,C_eff,22,-0.0943563,-0.074832,-0.0845941,14825
no_noise,3689,C_eff,23,-0.074832,-0.0553076,-0.0650698,32188
no_noise,3689,C_eff,24,-0.0553076,-0.0357832,-0.0455454,58970
no_noise,3689,C_eff,25,-0.0357832,-0.0162589,-0.0260211,89474
no_noise,3689,C_eff,26,-0.0162589,0.00326549,-0.00649669,108720
no_noise,3689,C_eff,27,0.00326549,0.0227898,0.0130277,103848
no_noise,3689,C_eff,28,0.0227898,0.0423142,0.032552,79757
no_noise,3689,C_eff,29,0.0423142,0.0618386,0.0520764,49452
no_noise,3689,C_eff,30,0.0618386,0.0813629,0.0716007,25424
no_noise,3689,C_eff,31,0.0813629,0.100887,0.0911251,10883
no_noise,3689,C_eff,32,0.100887,0.120412,0.110649,4363
no_noise,3689,C_eff,33,0.120412,0.139936,0.130174,1567
no_noise,3689,C_eff,34,0.139936,0.15946,0.149698,577
no_noise,3689,C_eff,35,0.15946,0.178985,0.169223,196
no_noise,3689,C_eff,36,0.178985,0.198509,0.188747,60
no_noise,3689,C_eff,37,0.198509,0.218033,0.208271,35
no_noise,3689,C_eff,38,0.218033,0.237558,0.227796,17
no_noise,3689,C_eff,39,0.237558,0.257082,0.24732,19
no_noise,3689,C_eff,40,0.257082,0.276607,0.266844,7
no_noise,3689,C_eff,41,0.276607,0.296131,0.286369,11
no_noise,3689,C_eff,42,0.296131,0.315655,0.305893,6
no_noise,3689,C_eff,43,0.315655,0.33518,0.325417,8
no_noise,3689,C_eff,44,0.33518,0.354704,0.344942,5
no_noise,3689,C_eff,45,0.354704,0.374228,0.364466,2
no_noise,3689,C_eff,46,0.374228,0.393753,0.383991,0
no_noise,3689,C_eff,47,0.393753,0.413277,0.403515,3
no_noise,3689,C_eff,48,0.413277,0.432801,0.423039,1
no_noise,3689,C_eff,49,0.432801,0.452326,0.442564,2
no_noise,5533,A,0,-0.154194,-0.147948,-0.151071,2
no_noise,5533,A,1,-0.147948,-0.141702,-0.144825,1
no_noise,5533,A,2,-0.141702,-0.135456,-0.138579,8
no_noise,5533,A,3,-0.135456,-0.12921,-0.132333,5
no_noise,5533,A,4,-0.12921,-0.122964,-0.126087,9
no_noise,5533,A,5,-0.122964,-0.116718,-0.119841,9
no_noise,5533,A,6,-0.116718,-0.110472,-0.113595,35
no_noise,5533,A,7,-0.110472,-0.104226,-0.107349,37
no_noise,5533,A,8,-0.104226,-0.0979801,-0.101103,58
no_noise,5533,A,9,-0.0979801,-0.0917341,-0.0948571,81
no_noise,5533,A,10,-0.0917341,-0.0854882,-0.0886111,103
no_noise,5533,A,11,-0.0854882,-0.0792422,-0.0823652,195
no_noise,5533,A,12,-0.0792422,-0.0729963,-0.0761192,271
no_noise,5533,A,13,-0.0729963,-0.0667503,-0.0698733,355
no_noise,5533,A,14,-0.0667503,-0.0605044,-0.0636273,454
no_noise,5533,A,15,-0.0605044,-0.0542584,-0.0573814,529
no_noise,5533,A,16,-0.0542584,-0.0480125,-0.0511354,670
no_noise,5533,A,17,-0.0480125,-0.0417665,-0.0448895,840
no_noise,5533,A,18,-0.0417665,-0.0355206,-0.0386435,956
no_noise,5533,A,19,-0.0355206,-0.0292746,-0.0323976,1113
no_noise,5533,A,20,-0.0292746,-0.0230287,-0.0261516,1265
no_noise,5533,A,21,-0.0230287,-0.0167827,-0.0199057,1300
no_noise,5533,A,22,-0.0167827,-0.0105368,-0.0136597,1461
no_noise,5533,A,23,-0.0105368,-0.00429082,-0.0074138,1453
no_noise,5533,A,24,-0.00429082,0.00195513,-0.00116785,1563
no_noise,5533,A,25,0.00195513,0.00820108,0.0050781,1508
no_noise,5533,A,26,0.00820108,0.014447,0.0113241,1460
no_noise,5533,A,27,0.014447,0.020693,0.01757,1411
no_noise,5533,A,28,0.020693,0.0269389,0.023816,1286
no_noise,5533,A,29,0.0269389,0.0331849,0.0300619,1201
no_noise,5533,A,30,0.0331849,0.0394308,0.0363079,1046
no_noise,5533,A,31,0.0394308,0.0456768,0.0425538,834
no_noise,5533,A,32,0.0456768,0.0519227,0.0487998,712
no_noise,5533,A,33,0.0519227,0.0581687,0.0550457,602
no_noise,5533,A,34,0.0581687,0.0644146,0.0612917,491
no_noise,5533,A,35,0.0644146,0.0706606,0.0675376,353
no_noise,5533,A,36,0.0706606,0.0769065,0.0737835,289
no_noise,5533,A,37,0.0769065,0.0831525,0.0800295,199
no_noise,5533,A,38,0.0831525,0.0893984,0.0862754,128
no_noise,5533,A,39,0.0893984,0.0956444,0.0925214,110
no_noise,5533,A,40,0.0956444,0.10189,0.0987673,61
no_noise,5533,A,41,0.10189,0.108136,0.105013,49
no_noise,5533,A,42,0.108136,0.114382,0.111259,26
no_noise,5533,A,43,0.114382,0.120628,0.117505,13
no_noise,5533,A,44,0.120628,0.126874,0.123751,5
no_noise,5533,A,45,0.126874,0.13312,0.129997,11
no_noise,5533,A,46,0.13312,0.139366,0.136243,2
no_noise,5533,A,47,0.139366,0.145612,0.142489,1
no_noise,5533,A,48,0.145612,0.151858,0.148735,4
no_noise,5533,A,49,0.151858,0.158104,0.154981,1
no_noise,5533,B,0,-0.174264,-0.167336,-0.1708,1
no_noise,5533,B,1,-0.167336,-0.160408,-0.163872,1
no_noise,5533,B,2,-0.160408,-0.15348,-0.156944,0
no_noise,5533,B,3,-0.15348,-0.146552,-0.150016,1
no_noise,5533,B,4,-0.146552,-0.139624,-0.143088,3
no_noise,5533,B,5,-0.139624,-0.132696,-0.13616,3
no_noise,5533,B,6,-0.132696,-0.125768,-0.129232,12
no_noise,5533,B,7,-0.125768,-0.11884,-0.122304,11
no_noise,5533,B,8,-0.11884,-0.111912,-0.115376,28
no_noise,5533,B,9,-0.111912,-0.104984,-0.108448,45
no_noise,5533,B,10,-0.104984,-0.0980564,-0.10152,61
no_noise,5533,B,11,-0.0980564,-0.0911284,-0.0945924,102
no_noise,5533,B,12,-0.0911284,-0.0842005,-0.0876645,152
no_noise,5533,B,13,-0.0842005,-0.0772725,-0.0807365,213
no_noise,5533,B,14,-0.0772725,-0.0703445,-0.0738085,318
no_noise,5533,B,15,-0.0703445,-0.0634165,-0.0668805,404
no_noise,5533,B,16,-0.0634165,-0.0564886,-0.0599525,552
no_noise,5533,B,17,-0.0564886,-0.0495606,-0.0530246,679
no_noise,5533,B,18,-0.0495606,-0.0426326,-0.0460966,837
no_noise,5533,B,19,-0.0426326,-0.0357046,-0.0391686,1072
no_noise,5533,B,20,-0.0357046,-0.0287767,-0.0322406,1254
no_noise,5533,B,21,-0.0287767,-0.0218487,-0.0253127,1454
no_noise,5533,B,22,-0.0218487,-0.0149207,-0.0183847,1568
no_noise,5533,B,23,-0.0149207,-0.00799272,-0.0114567,1631
no_noise,5533,B,24,-0.00799272,-0.00106475,-0.00452874,1615
no_noise,5533,B,25,-0.00106475,0.00586323,0.00239924,1707
no_noise,5533,B,26,0.00586323,0.0127912,0.00932722,1655
no_noise,5533,B,27,0.0127912,0.0197192,0.0162552,1567
no_noise,5533,B,28,0.0197192,0.0266472,0.0231832,1411
no_noise,5533,B,29,0.0266472,0.0335751,0.0301111,1318
no_noise,5533,B,30,0.0335751,0.0405031,0.0370391,1155
no_noise,5533,B,31,0.0405031,0.0474311,0.0439671,911
no_noise,5533,B,32,0.0474311,0.0543591,0.0508951,731
no_noise,5533,B,33,0.0543591,0.061287,0.0578231,593
no_noise,5533,B,34,0.061287,0.068215,0.064751,440
no_noise,5533,B,35,0.068215,0.075143,0.071679,359
no_noise,5533,B,36,0.075143,0.082071,0.078607,235
no_noise,5533,B,37,0.082071,0.0889989,0.085535,166
no_noise,5533,B,38,0.0889989,0.0959269,0.0924629,112
no_noise,5533,B,39,0.0959269,0.102855,0.0993909,68
no_noise,5533,B,40,0.102855,0.109783,0.106319,66
no_noise,5533,B,41,0.109783,0.116711,0.113247,24
no_noise,5533,B,42,0.116711,0.123639,0.120175,18
no_noise,5533,B,43,0.123639,0.130567,0.127103,13
no_noise,5533,B,44,0.130567,0.137495,0.134031,4
no_noise,5533,B,45,0.137495,0.144423,0.140959,2
no_noise,5533,B,46,0.144423,0.151351,0.147887,2
no_noise,5533,B,47,0.151351,0.158279,0.154815,1
no_noise,5533,B,48,0.158279,0.165207,0.161743,0
no_noise,5533,B,49,0.165207,0.172135,0.168671,1
no_noise,5533,C_eff,0,-0.523892,-0.504457,-0.514174,1
no_noise,5533,C_eff,1,-0.504457,-0.485021,-0.494739,0
no_noise,5533,C_eff,2,-0.485021,-0.465585,-0.475303,0
no_noise,5533,C_eff,3,-0.465585,-0.44615,-0.455867,1
no_noise,5533,C_eff,4,-0.44615,-0.426714,-0.436432,2
no_noise,5533,C_eff,5,-0.426714,-0.407278,-0.416996,3
no_noise,5533,C_eff,6,-0.407278,-0.387843,-0.39756,1
no_noise,5533,C_eff,7,-0.387843,-0.368407,-0.378125,3
no_noise,5533,C_eff,8,-0.368407,-0.348971,-0.358689,7
no_noise,5533,C_eff,9,-0.348971,-0.329535,-0.339253,3
no_noise,5533,C_eff,10,-0.329535,-0.3101,-0.319818,6
no_noise,5533,C_eff,11,-0.3101,-0.290664,-0.300382,7
no_noise,5533,C_eff,12,-0.290664,-0.271228,-0.280946,4
no_noise,5533,C_eff,13,-0.271228,-0.251793,-0.261511,8
no_noise,5533,C_eff,14,-0.251793,-0.232357,-0.242075,16
no_noise,5533,C_eff,15,-0.232357,-0.212921,-0.222639,34
no_noise,5533,C_eff,16,-0.212921,-0.193486,-0.203204,48
no_noise,5533,C_eff,17,-0.193486,-0.17405,-0.183768,81
no_noise,5533,C_eff,18,-0.17405,-0.154614,-0.164332,225
no_noise,5533,C_eff,19,-0.154614,-0.135179,-0.144897,706
no_noise,5533,C_eff,20,-0.135179,-0.115743,-0.125461,2123
no_noise,5533,C_eff,21,-0.115743,-0.0963074,-0.106025,5320
no_noise,5533,C_eff,22,-0.0963074,-0.0768717,-0.0865896,13611
no_noise,5533,C_eff,23,-0.0768717,-0.057436,-0.0671539,29827
no_noise,5533,C_eff,24,-0.057436,-0.0380004,-0.0477182,55607
no_noise,5533,C_eff,25,-0.0380004,-0.0185647,-0.0282825,85611
no_noise,5533,C_eff,26,-0.0185647,0.000870973,-0.00884686,106734
no_noise,5533,C_eff,27,0.000870973,0.0203066,0.0105888,104949
no_noise,5533,C_eff,28,0.0203066,0.0397423,0.0300245,83073
no_noise,5533,C_eff,29,0.0397423,0.059178,0.0494602,53200
no_noise,5533,C_eff,30,0.059178,0.0786137,0.0688958,28118
no_noise,5533,C_eff,31,0.0786137,0.0980493,0.0883315,12466
no_noise,5533,C_eff,32,0.0980493,0.117485,0.107767,5090
no_noise,5533,C_eff,33,0.117485,0.136921,0.127203,1815
no_noise,5533,C_eff,34,0.136921,0.156356,0.146639,690
no_noise,5533,C_eff,35,0.156356,0.175792,0.166074,235
no_noise,5533,C_eff,36,0.175792,0.195228,0.18551,76
no_noise,5533,C_eff,37,0.195228,0.214663,0.204946,38
no_noise,5533,C_eff,38,0.214663,0.234099,0.224381,17
no_noise,5533,C_eff,39,0.234099,0.253535,0.243817,22
no_noise,5533,C_eff,40,0.253535,0.27297,0.263253,4
no_noise,5533,C_eff,41,0.27297,0.292406,0.282688,15
no_noise,5533,C_eff,42,0.292406,0.311842,0.302124,5
no_noise,5533,C_eff,43,0.311842,0.331277,0.32156,8
no_noise,5533,C_eff,44,0.331277,0.350713,0.340995,6
no_noise,5533,C_eff,45,0.350713,0.370149,0.360431,2
no_noise,5533,C_eff,46,0.370149,0.389584,0.379867,0
no_noise,5533,C_eff,47,0.389584,0.40902,0.399302,2
no_noise,5533,C_eff,48,0.40902,0.428456,0.418738,2
no_noise,5533,C_eff,49,0.428456,0.447891,0.438174,2
no_noise,7377,A,0,-0.190248,-0.18326,-0.186754,1
no_noise,7377,A,1,-0.18326,-0.176272,-0.179766,0
no_noise,7377,A,2,-0.176272,-0.169283,-0.172777,1
no_noise,7377,A,3,-0.169283,-0.162295,-0.165789,0
no_noise,7377,A,4,-0.162295,-0.155307,-0.158801,1
no_noise,7377,A,5,-0.155307,-0.148319,-0.151813,1
no_noise,7377,A,6,-0.148319,-0.141331,-0.144825,3
no_noise,7377,A,7,-0.141331,-0.134343,-0.137837,4
no_noise,7377,A,8,-0.134343,-0.127355,-0.130849,10
no_noise,7377,A,9,-0.127355,-0.120366,-0.123861,17
no_noise,7377,A,10,-0.120366,-0.113378,-0.116872,32
no_noise,7377,A,11,-0.113378,-0.10639,-0.109884,45
no_noise,7377,A,12,-0.10639,-0.099402,-0.102896,71
no_noise,7377,A,13,-0.099402,-0.0924139,-0.095908,108
no_noise,7377,A,14,-0.0924139,-0.0854258,-0.0889198,148
no_noise,7377,A,15,-0.0854258,-0.0784376,-0.0819317,213
no_noise,7377,A,16,-0.0784376,-0.0714495,-0.0749435,292
no_noise,7377,A,17,-0.0714495,-0.0644613,-0.0679554,431
no_noise,7377,A,18,-0.0644613,-0.0574732,-0.0609673,543
no_noise,7377,A,19,-0.0574732,-0.0504851,-0.0539791,712
no_noise,7377,A,20,-0.0504851,-0.0434969,-0.046991,852
no_noise,7377,A,21,-0.0434969,-0.0365088,-0.0400029,1076
no_noise,7377,A,22,-0.0365088,-0.0295207,-0.0330147,1181
no_noise,7377,A,23,-0.0295207,-0.0225325,-0.0260266,1317
no_noise,7377,A,24,-0.0225325,-0.0155444,-0.0190385,1558
no_noise,7377,A,25,-0.0155444,-0.00855625,-0.0120503,1637
no_noise,7377,A,26,-0.00855625,-0.00156811,-0.00506218,1668
no_noise,7377,A,27,-0.00156811,0.00542003,0.00192596,1680
no_noise,7377,A,28,0.00542003,0.0124082,0.00891409,1706
no_noise,7377,A,29,0.0124082,0.0193963,0.0159022,1567
no_noise,7377,A,30,0.0193963,0.0263844,0.0228904,1467
no_noise,7377,A,31,0.0263844,0.0333726,0.0298785,1257
no_noise,7377,A,32,0.0333726,0.0403607,0.0368666,1149
no_noise,7377,A,33,0.0403607,0.0473488,0.0438548,938
no_noise,7377,A,34,0.0473488,0.054337,0.0508429,751
no_noise,7377,A,35,0.054337,0.0613251,0.0578311,579
no_noise,7377,A,36,0.0613251,0.0683133,0.0648192,474
no_noise,7377,A,37,0.0683133,0.0753014,0.0718073,342
no_noise,7377,A,38,0.0753014,0.0822895,0.0787955,264
no_noise,7377,A,39,0.0822895,0.0892777,0.0857836,172
no_noise,7377,A,40,0.0892777,0.0962658,0.0927717,105
no_noise,7377,A,41,0.0962658,0.103254,0.0997599,74
no_noise,7377,A,42,0.103254,0.110242,0.106748,57
no_noise,7377,A,43,0.110242,0.11723,0.113736,30
no_noise,7377,A,44,0.11723,0.124218,0.120724,23
no_noise,7377,A,45,0.124218,0.131206,0.127712,8
no_noise,7377,A,46,0.131206,0.138195,0.134701,4
no_noise,7377,A,47,0.138195,0.145183,0.141689,2
no_noise,7377,A,48,0.145183,0.152171,0.148677,2
no_noise,7377,A,49,0.152171,0.159159,0.155665,3
no_noise,7377,B,0,-0.162694,-0.156289,-0.159492,2
no_noise,7377,B,1,-0.156289,-0.149883,-0.153086,1
no_noise,7377,B,2,-0.149883,-0.143477,-0.14668,1
no_noise,7377,B,3,-0.143477,-0.137072,-0.140274,3
no_noise,7377,B,4,-0.137072,-0.130666,-0.133869,4
no_noise,7377,B,5,-0.130666,-0.12426,-0.127463,10
no_noise,7377,B,6,-0.12426,-0.117855,-0.121057,20
no_noise,7377,B,7,-0.117855,-0.111449,-0.114652,38
no_noise,7377,B,8,-0.111449,-0.105043,-0.108246,56
no_noise,7377,B,9,-0.105043,-0.0986375,-0.10184,62
no_noise,7377,B,10,-0.0986375,-0.0922318,-0.0954346,85
no_noise,7377,B,11,-0.0922318,-0.0858261,-0.089029,144
no_noise,7377,B,12,-0.0858261,-0.0794204,-0.0826233,180
no_noise,7377,B,13,-0.0794204,-0.0730147,-0.0762176,272
no_noise,7377,B,14,-0.0730147,-0.066609,-0.0698119,348
no_noise,7377,B,15,-0.066609,-0.0602034,-0.0634062,432
no_noise,7377,B,16,-0.0602034,-0.0537977,-0.0570005,581
no_noise,7377,B,17,-0.0537977,-0.047392,-0.0505948,714
no_noise,7377,B,18,-0.047392,-0.0409863,-0.0441891,892
no_noise,7377,B,19,-0.0409863,-0.0345806,-0.0377834,958
no_noise,7377,B,20,-0.0345806,-0.0281749,-0.0313778,1120
no_noise,7377,B,21,-0.0281749,-0.0217692,-0.0249721,1231
no_noise,7377,B,22,-0.0217692,-0.0153635,-0.0185664,1403
no_noise,7377,B,23,-0.0153635,-0.00895785,-0.0121607,1534
no_noise,7377,B,24,-0.00895785,-0.00255216,-0.005755,1488
no_noise,7377,B,25,-0.00255216,0.00385353,0.000650685,1571
no_noise,7377,B,26,0.00385353,0.0102592,0.00705637,1551
no_noise,7377,B,27,0.0102592,0.0166649,0.0134621,1442
no_noise,7377,B,28,0.0166649,0.0230706,0.0198678,1397
no_noise,7377,B,29,0.0230706,0.0294763,0.0262734,1249
no_noise,7377,B,30,0.0294763,0.035882,0.0326791,1152
no_noise,7377,B,31,0.035882,0.0422877,0.0390848,1056
no_noise,7377,B,32,0.0422877,0.0486934,0.0454905,792
no_noise,7377,B,33,0.0486934,0.055099,0.0518962,694
no_noise,7377,B,34,0.055099,0.0615047,0.0583019,583
no_noise,7377,B,35,0.0615047,0.0679104,0.0647076,438
no_noise,7377,B,36,0.0679104,0.0743161,0.0711133,300
no_noise,7377,B,37,0.0743161,0.0807218,0.077519,236
no_noise,7377,B,38,0.0807218,0.0871275,0.0839246,169
no_noise,7377,B,39,0.0871275,0.0935332,0.0903303,135
no_noise,7377,B,40,0.0935332,0.0999389,0.096736,78
no_noise,7377,B,41,0.0999389,0.106345,0.103142,61
no_noise,7377,B,42,0.106345,0.11275,0.109547,29
no_noise,7377,B,43,0.11275,0.119156,0.115953,22
no_noise,7377,B,44,0.119156,0.125562,0.122359,16
no_noise,7377,B,45,0.125562,0.131967,0.128764,7
no_noise,7377,B,46,0.131967,0.138373,0.13517,7
no_noise,7377,B,47,0.138373,0.144779,0.141576,6
no_noise,7377,B,48,0.144779,0.151184,0.147982,2
no_noise,7377,B,49,0.151184,0.15759,0.154387,4
no_noise,7377,C_eff,0,-0.524917,-0.505532,-0.515225,1
no_noise,7377,C_eff,1,-0.505532,-0.486147,-0.49584,0
no_noise,7377,C_eff,2,-0.486147,-0.466762,-0.476454,0
no_noise,7377,C_eff,3,-0.466762,-0.447376,-0.457069,1
no_noise,7377,C_eff,4,-0.447376,-0.427991,-0.437684,1
no_noise,7377,C_eff,5,-0.427991,-0.408606,-0.418299,4
no_noise,7377,C_eff,6,-0.408606,-0.389221,-0.398913,1
no_noise,7377,C_eff,7,-0.389221,-0.369836,-0.379528,3
no_noise,7377,C_eff,8,-0.369836,-0.35045,-0.360143,7
no_noise,7377,C_eff,9,-0.35045,-0.331065,-0.340758,2
no_noise,7377,C_eff,10,-0.331065,-0.31168,-0.321372,7
no_noise,7377,C_eff,11,-0.31168,-0.292295,-0.301987,7
no_noise,7377,C_eff,12,-0.292295,-0.272909,-0.282602,3
no_noise,7377,C_eff,13,-0.272909,-0.253524,-0.263217,9
no_noise,7377,C_eff,14,-0.253524,-0.234139,-0.243832,14
no_noise,7377,C_eff,15,-0.234139,-0.214754,-0.224446,32
no_noise,7377,C_eff,16,-0.214754,-0.195368,-0.205061,46
no_noise,7377,C_eff,17,-0.195368,-0.175983,-0.185676,69
no_noise,7377,C_eff,18,-0.175983,-0.156598,-0.166291,206
no_noise,7377,C_eff,19,-0.156598,-0.137213,-0.146905,631
no_noise,7377,C_eff,20,-0.137213,-0.117828,-0.12752,1932
no_noise,7377,C_eff,21,-0.117828,-0.0984424,-0.108135,4799
no_noise,7377,C_eff,22,-0.0984424,-0.0790571,-0.0887497,12408
no_noise,7377,C_eff,23,-0.0790571,-0.0596719,-0.0693645,27405
no_noise,7377,C_eff,24,-0.0596719,-0.0402867,-0.0499793,52181
no_noise,7377,C_eff,25,-0.0402867,-0.0209014,-0.0305941,81955
no_noise,7377,C_eff,26,-0.0209014,-0.00151622,-0.0112088,104895
no_noise,7377,C_eff,27,-0.00151622,0.017869,0.00817639,106001
no_noise,7377,C_eff,28,0.017869,0.0372542,0.0275616,86172
no_noise,7377,C_eff,29,0.0372542,0.0566395,0.0469468,56941
no_noise,7377,C_eff,30,0.0566395,0.0760247,0.0663321,30735
no_noise,7377,C_eff,31,0.0760247,0.0954099,0.0857173,14149
no_noise,7377,C_eff,32,0.0954099,0.114795,0.105103,5798
no_noise,7377,C_eff,33,0.114795,0.13418,0.124488,2121
no_noise,7377,C_eff,34,0.13418,0.153566,0.143873,809
no_noise,7377,C_eff,35,0.153566,0.172951,0.163258,265
no_noise,7377,C_eff,36,0.172951,0.192336,0.182643,86
no_noise,7377,C_eff,37,0.192336,0.211721,0.202029,41
no_noise,7377,C_eff,38,0.211721,0.231107,0.221414,17
no_noise,7377,C_eff,39,0.231107,0.250492,0.240799,22
no_noise,7377,C_eff,40,0.250492,0.269877,0.260184,6
no_noise,7377,C_eff,41,0.269877,0.289262,0.27957,12
no_noise,7377,C_eff,42,0.289262,0.308647,0.298955,6
no_noise,7377,C_eff,43,0.308647,0.328033,0.31834,8
no_noise,7377,C_eff,44,0.328033,0.347418,0.337725,8
no_noise,7377,C_eff,45,0.347418,0.366803,0.35711,1
no_noise,7377,C_eff,46,0.366803,0.386188,0.376496,1
no_noise,7377,C_eff,47,0.386188,0.405574,0.395881,2
no_noise,7377,C_eff,48,0.405574,0.424959,0.415266,2
no_noise,7377,C_eff,49,0.424959,0.444344,0.434651,2
a_only,1,A,0,-0.0414333,-0.0396794,-0.0405564,1
a_only,1,A,1,-0.0396794,-0.0379254,-0.0388024,1
a_only,1,A,2,-0.0379254,-0.0361715,-0.0370484,4
a_only,1,A,3,-0.0361715,-0.0344175,-0.0352945,3
a_only,1,A,4,-0.0344175,-0.0326635,-0.0335405,5
a_only,1,A,5,-0.0326635,-0.0309096,-0.0317866,9
a_only,1,A,6,-0.0309096,-0.0291556,-0.0300326,10
a_only,1,A,7,-0.0291556,-0.0274017,-0.0282787,31
a_only,1,A,8,-0.0274017,-0.0256477,-0.0265247,43
a_only,1,A,9,-0.0256477,-0.0238938,-0.0247707,78
a_only,1,A,10,-0.0238938,-0.0221398,-0.0230168,122
a_only,1,A,11,-0.0221398,-0.0203858,-0.0212628,211
a_only,1,A,12,-0.0203858,-0.0186319,-0.0195089,244
a_only,1,A,13,-0.0186319,-0.0168779,-0.0177549,380
a_only,1,A,14,-0.0168779,-0.015124,-0.0160009,492
a_only,1,A,15,-0.015124,-0.01337,-0.014247,643
a_only,1,A,16,-0.01337,-0.0116161,-0.012493,746
a_only,1,A,17,-0.0116161,-0.00986209,-0.0107391,1012
a_only,1,A,18,-0.00986209,-0.00810814,-0.00898511,1126
a_only,1,A,19,-0.00810814,-0.00635418,-0.00723116,1320
a_only,1,A,20,-0.00635418,-0.00460022,-0.0054772,1484
a_only,1,A,21,-0.00460022,-0.00284626,-0.00372324,1597
a_only,1,A,22,-0.00284626,-0.0010923,-0.00196928,1623
a_only,1,A,23,-0.0010923,0.000661654,-0.000215325,1696
a_only,1,A,24,0.000661654,0.00241561,0.00153863,1719
a_only,1,A,25,0.00241561,0.00416957,0.00329259,1603
a_only,1,A,26,0.00416957,0.00592353,0.00504655,1548
a_only,1,A,27,0.00592353,0.00767749,0.00680051,1369
a_only,1,A,28,0.00767749,0.00943144,0.00855447,1235
a_only,1,A,29,0.00943144,0.0111854,0.0103084,965
a_only,1,A,30,0.0111854,0.0129394,0.0120624,872
a_only,1,A,31,0.0129394,0.0146933,0.0138163,670
a_only,1,A,32,0.0146933,0.0164473,0.0155703,504
a_only,1,A,33,0.0164473,0.0182012,0.0173243,389
a_only,1,A,34,0.0182012,0.0199552,0.0190782,294
a_only,1,A,35,0.0199552,0.0217092,0.0208322,166
a_only,1,A,36,0.0217092,0.0234631,0.0225861,133
a_only,1,A,37,0.0234631,0.0252171,0.0243401,96
a_only,1,A,38,0.0252171,0.026971,0.026094,60
a_only,1,A,39,0.026971,0.028725,0.027848,24
a_only,1,A,40,0.028725,0.0304789,0.029602,19
a_only,1,A,41,0.0304789,0.0322329,0.0313559,8
a_only,1,A,42,0.0322329,0.0339869,0.0331099,10
a_only,1,A,43,0.0339869,0.0357408,0.0348638,7
a_only,1,A,44,0.0357408,0.0374948,0.0366178,2
a_only,1,A,45,0.0374948,0.0392487,0.0383718,1
a_only,1,A,46,0.0392487,0.0410027,0.0401257,0
a_only,1,A,47,0.0410027,0.0427566,0.0418797,0
a_only,1,A,48,0.0427566,0.0445106,0.0436336,0
a_only,1,A,49,0.0445106,0.0462646,0.0453876,1
a_only,1,B,0,-0.0360828,-0.0346395,-0.0353612,490
a_only,1,B,1,-0.0346395,-0.0331962,-0.0339179,493
a_only,1,B,2,-0.0331962,-0.031753,-0.0324746,469
a_only,1,B,3,-0.031753,-0.0303097,-0.0310313,501
a_only,1,B,4,-0.0303097,-0.0288664,-0.029588,463
a_only,1,B,5,-0.0288664,-0.0274231,-0.0281448,483
a_only,1,B,6,-0.0274231,-0.0259798,-0.0267015,511
a_only,1,B,7,-0.0259798,-0.0245366,-0.0252582,481
a_only,1,B,8,-0.0245366,-0.0230933,-0.0238149,473
a_only,1,B,9,-0.0230933,-0.02165,-0.0223716,485
a_only,1,B,10,-0.02165,-0.0202067,-0.0209284,494
a_only,1,B,11,-0.0202067,-0.0187634,-0.0194851,517
a_only,1,B,12,-0.0187634,-0.0173202,-0.0180418,509
a_only,1,B,13,-0.0173202,-0.0158769,-0.0165985,519
a_only,1,B,14,-0.0158769,-0.0144336,-0.0151552,466
a_only,1,B,15,-0.0144336,-0.0129903,-0.013712,509
a_only,1,B,16,-0.0129903,-0.011547,-0.0122687,491
a_only,1,B,17,-0.011547,-0.0101038,-0.0108254,523
a_only,1,B,18,-0.0101038,-0.00866047,-0.00938211,482
a_only,1,B,19,-0.00866047,-0.00721719,-0.00793883,447
a_only,1,B,20,-0.00721719,-0.00577391,-0.00649555,493
a_only,1,B,21,-0.00577391,-0.00433063,-0.00505227,507
a_only,1,B,22,-0.00433063,-0.00288735,-0.00360899,475
a_only,1,B,23,-0.00288735,-0.00144407,-0.00216571,499
a_only,1,B,24,-0.00144407,-7.89762e-07,-0.00072243,531
a_only,1,B,25,-7.89762e-07,0.00144249,0.00072085,507
a_only,1,B,26,0.00144249,0.00288577,0.00216413,494
a_only,1,B,27,0.00288577,0.00432905,0.00360741,480
a_only,1,B,28,0.00432905,0.00577233,0.00505069,517
a_only,1,B,29,0.00577233,0.00721561,0.00649397,526
a_only,1,B,30,0.00721561,0.00865889,0.00793725,470
a_only,1,B,31,0.00865889,0.0101022,0.00938053,509
a_only,1,B,32,0.0101022,0.0115455,0.0108238,490
a_only,1,B,33,0.0115455,0.0129887,0.0122671,511
a_only,1,B,34,0.0129887,0.014432,0.0137104,493
a_only,1,B,35,0.014432,0.0158753,0.0151537,501
a_only,1,B,36,0.0158753,0.0173186,0.0165969,495
a_only,1,B,37,0.0173186,0.0187619,0.0180402,474
a_only,1,B,38,0.0187619,0.0202051,0.0194835,467
a_only,1,B,39,0.0202051,0.0216484,0.0209268,458
a_only,1,B,40,0.0216484,0.0230917,0.0223701,503
a_only,1,B,41,0.0230917,0.024535,0.0238133,461
a_only,1,B,42,0.024535,0.0259783,0.0252566,499
a_only,1,B,43,0.0259783,0.0274215,0.0266999,461
a_only,1,B,44,0.0274215,0.0288648,0.0281432,460
a_only,1,B,45,0.0288648,0.0303081,0.0295865,495
a_only,1,B,46,0.0303081,0.0317514,0.0310297,499
a_only,1,B,47,0.0317514,0.0331947,0.032473,498
a_only,1,B,48,0.0331947,0.0346379,0.0339163,516
a_only,1,B,49,0.0346379,0.0360812,0.0353596,481
a_only,1,C_eff,0,-0.524917,-0.505337,-0.515127,1
a_only,1,C_eff,1,-0.505337,-0.485757,-0.495547,0
a_only,1,C_eff,2,-0.485757,-0.466176,-0.475967,0
a_only,1,C_eff,3,-0.466176,-0.446596,-0.456386,2
a_only,1,C_eff,4,-0.446596,-0.427016,-0.436806,3
a_only,1,C_eff,5,-0.427016,-0.407435,-0.417226,1
a_only,1,C_eff,6,-0.407435,-0.387855,-0.397645,3
a_only,1,C_eff,7,-0.387855,-0.368275,-0.378065,2
a_only,1,C_eff,8,-0.368275,-0.348694,-0.358485,7
a_only,1,C_eff,9,-0.348694,-0.329114,-0.338904,3
a_only,1,C_eff,10,-0.329114,-0.309534,-0.319324,7
a_only,1,C_eff,11,-0.309534,-0.289953,-0.299743,6
a_only,1,C_eff,12,-0.289953,-0.270373,-0.280163,3
a_only,1,C_eff,13,-0.270373,-0.250793,-0.260583,11
a_only,1,C_eff,14,-0.250793,-0.231212,-0.241002,17
a_only,1,C_eff,15,-0.231212,-0.211632,-0.221422,39
a_only,1,C_eff,16,-0.211632,-0.192052,-0.201842,41
a_only,1,C_eff,17,-0.192052,-0.172471,-0.182261,96
a_only,1,C_eff,18,-0.172471,-0.152891,-0.162681,250
a_only,1,C_eff,19,-0.152891,-0.133311,-0.143101,762
a_only,1,C_eff,20,-0.133311,-0.11373,-0.12352,2196
a_only,1,C_eff,21,-0.11373,-0.09415,-0.10394,5741
a_only,1,C_eff,22,-0.09415,-0.0745696,-0.0843598,14807
a_only,1,C_eff,23,-0.0745696,-0.0549893,-0.0647794,32177
a_only,1,C_eff,24,-0.0549893,-0.0354089,-0.0451991,59262
a_only,1,C_eff,25,-0.0354089,-0.0158286,-0.0256188,90980
a_only,1,C_eff,26,-0.0158286,0.00375173,-0.00603844,110283
a_only,1,C_eff,27,0.00375173,0.0233321,0.0135419,104151
a_only,1,C_eff,28,0.0233321,0.0429124,0.0331222,79459
a_only,1,C_eff,29,0.0429124,0.0624927,0.0527026,48443
a_only,1,C_eff,30,0.0624927,0.0820731,0.0722829,24240
a_only,1,C_eff,31,0.0820731,0.101653,0.0918632,10411
a_only,1,C_eff,32,0.101653,0.121234,0.111444,4084
a_only,1,C_eff,33,0.121234,0.140814,0.131024,1446
a_only,1,C_eff,34,0.140814,0.160394,0.150604,516
a_only,1,C_eff,35,0.160394,0.179975,0.170185,192
a_only,1,C_eff,36,0.179975,0.199555,0.189765,67
a_only,1,C_eff,37,0.199555,0.219135,0.209345,34
a_only,1,C_eff,38,0.219135,0.238716,0.228926,16
a_only,1,C_eff,39,0.238716,0.258296,0.248506,20
a_only,1,C_eff,40,0.258296,0.277876,0.268086,8
a_only,1,C_eff,41,0.277876,0.297457,0.287667,10
a_only,1,C_eff,42,0.297457,0.317037,0.307247,7
a_only,1,C_eff,43,0.317037,0.336617,0.326827,5
a_only,1,C_eff,44,0.336617,0.356198,0.346408,7
a_only,1,C_eff,45,0.356198,0.375778,0.365988,2
a_only,1,C_eff,46,0.375778,0.395358,0.385568,1
a_only,1,C_eff,47,0.395358,0.414939,0.405149,2
a_only,1,C_eff,48,0.414939,0.434519,0.424729,1
a_only,1,C_eff,49,0.434519,0.454099,0.444309,2
a_only,1845,A,0,-0.311651,-0.300049,-0.30585,1
a_only,1845,A,1,-0.300049,-0.288447,-0.294248,0
a_only,1845,A,2,-0.288447,-0.276845,-0.282646,1
a_only,1845,A,3,-0.276845,-0.265243,-0.271044,1
a_only,1845,A,4,-0.265243,-0.253641,-0.259442,4
a_only,1845,A,5,-0.253641,-0.242039,-0.24784,4
a_only,1845,A,6,-0.242039,-0.230437,-0.236238,3
a_only,1845,A,7,-0.230437,-0.218835,-0.224636,13
a_only,1845,A,8,-0.218835,-0.207233,-0.213034,15
a_only,1845,A,9,-0.207233,-0.195632,-0.201433,13
a_only,1845,A,10,-0.195632,-0.18403,-0.189831,24
a_only,1845,A,11,-0.18403,-0.172428,-0.178229,55
a_only,1845,A,12,-0.172428,-0.160826,-0.166627,62
a_only,1845,A,13,-0.160826,-0.149224,-0.155025,100
a_only,1845,A,14,-0.149224,-0.137622,-0.143423,144
a_only,1845,A,15,-0.137622,-0.12602,-0.131821,204
a_only,1845,A,16,-0.12602,-0.114418,-0.120219,247
a_only,1845,A,17,-0.114418,-0.102816,-0.108617,407
a_only,1845,A,18,-0.102816,-0.0912145,-0.0970155,491
a_only,1845,A,19,-0.0912145,-0.0796126,-0.0854136,698
a_only,1845,A,20,-0.0796126,-0.0680107,-0.0738117,869
a_only,1845,A,21,-0.0680107,-0.0564088,-0.0622098,1137
a_only,1845,A,22,-0.0564088,-0.0448069,-0.0506079,1250
a_only,1845,A,23,-0.0448069,-0.033205,-0.039006,1508
a_only,1845,A,24,-0.033205,-0.0216031,-0.0274041,1629
a_only,1845,A,25,-0.0216031,-0.0100012,-0.0158022,1743
a_only,1845,A,26,-0.0100012,0.00160066,-0.00420029,1831
a_only,1845,A,27,0.00160066,0.0132026,0.00740161,1851
a_only,1845,A,28,0.0132026,0.0248045,0.0190035,1722
a_only,1845,A,29,0.0248045,0.0364064,0.0306054,1610
a_only,1845,A,30,0.0364064,0.0480082,0.0422073,1420
a_only,1845,A,31,0.0480082,0.0596101,0.0538092,1222
a_only,1845,A,32,0.0596101,0.071212,0.0654111,1099
a_only,1845,A,33,0.071212,0.0828139,0.077013,844
a_only,1845,A,34,0.0828139,0.0944158,0.0886149,670
a_only,1845,A,35,0.0944158,0.106018,0.100217,491
a_only,1845,A,36,0.106018,0.11762,0.111819,368
a_only,1845,A,37,0.11762,0.129222,0.123421,264
a_only,1845,A,38,0.129222,0.140823,0.135022,189
a_only,1845,A,39,0.140823,0.152425,0.146624,142
a_only,1845,A,40,0.152425,0.164027,0.158226,76
a_only,1845,A,41,0.164027,0.175629,0.169828,57
a_only,1845,A,42,0.175629,0.187231,0.18143,32
a_only,1845,A,43,0.187231,0.198833,0.193032,21
a_only,1845,A,44,0.198833,0.210435,0.204634,19
a_only,1845,A,45,0.210435,0.222037,0.216236,12
a_only,1845,A,46,0.222037,0.233639,0.227838,5
a_only,1845,A,47,0.233639,0.245241,0.23944,3
a_only,1845,A,48,0.245241,0.256842,0.251041,3
a_only,1845,A,49,0.256842,0.268444,0.262643,2
a_only,1845,B,0,-0.168077,-0.161333,-0.164705,1
a_only,1845,B,1,-0.161333,-0.154589,-0.157961,2
a_only,1845,B,2,-0.154589,-0.147846,-0.151218,2
a_only,1845,B,3,-0.147846,-0.141102,-0.144474,1
a_only,1845,B,4,-0.141102,-0.134359,-0.137731,3
a_only,1845,B,5,-0.134359,-0.127615,-0.130987,5
a_only,1845,B,6,-0.127615,-0.120872,-0.124243,19
a_only,1845,B,7,-0.120872,-0.114128,-0.1175,23
a_only,1845,B,8,-0.114128,-0.107385,-0.110756,38
a_only,1845,B,9,-0.107385,-0.100641,-0.104013,48
a_only,1845,B,10,-0.100641,-0.0938975,-0.0972693,95
a_only,1845,B,11,-0.0938975,-0.0871539,-0.0905257,118
a_only,1845,B,12,-0.0871539,-0.0804104,-0.0837822,173
a_only,1845,B,13,-0.0804104,-0.0736668,-0.0770386,247
a_only,1845,B,14,-0.0736668,-0.0669233,-0.0702951,350
a_only,1845,B,15,-0.0669233,-0.0601797,-0.0635515,464
a_only,1845,B,16,-0.0601797,-0.0534362,-0.056808,578
a_only,1845,B,17,-0.0534362,-0.0466926,-0.0500644,760
a_only,1845,B,18,-0.0466926,-0.0399491,-0.0433209,953
a_only,1845,B,19,-0.0399491,-0.0332055,-0.0365773,1124
a_only,1845,B,20,-0.0332055,-0.026462,-0.0298337,1223
a_only,1845,B,21,-0.026462,-0.0197184,-0.0230902,1375
a_only,1845,B,22,-0.0197184,-0.0129749,-0.0163466,1550
a_only,1845,B,23,-0.0129749,-0.00623132,-0.00960309,1594
a_only,1845,B,24,-0.00623132,0.000512235,-0.00285954,1638
a_only,1845,B,25,0.000512235,0.00725579,0.00388401,1607
a_only,1845,B,26,0.00725579,0.0139993,0.0106276,1593
a_only,1845,B,27,0.0139993,0.0207429,0.0173711,1553
a_only,1845,B,28,0.0207429,0.0274864,0.0241147,1407
a_only,1845,B,29,0.0274864,0.03423,0.0308582,1233
a_only,1845,B,30,0.03423,0.0409735,0.0376018,1086
a_only,1845,B,31,0.0409735,0.0477171,0.0443453,903
a_only,1845,B,32,0.0477171,0.0544606,0.0510889,701
a_only,1845,B,33,0.0544606,0.0612042,0.0578324,610
a_only,1845,B,34,0.0612042,0.0679478,0.064576,445
a_only,1845,B,35,0.0679478,0.0746913,0.0713195,307
a_only,1845,B,36,0.0746913,0.0814349,0.0780631,267
a_only,1845,B,37,0.0814349,0.0881784,0.0848066,171
a_only,1845,B,38,0.0881784,0.094922,0.0915502,106
a_only,1845,B,39,0.094922,0.101666,0.0982937,78
a_only,1845,B,40,0.101666,0.108409,0.105037,50
a_only,1845,B,41,0.108409,0.115153,0.111781,29
a_only,1845,B,42,0.115153,0.121896,0.118524,22
a_only,1845,B,43,0.121896,0.12864,0.125268,5
a_only,1845,B,44,0.12864,0.135383,0.132011,9
a_only,1845,B,45,0.135383,0.142127,0.138755,2
a_only,1845,B,46,0.142127,0.14887,0.145499,1
a_only,1845,B,47,0.14887,0.155614,0.152242,4
a_only,1845,B,48,0.155614,0.162357,0.158986,1
a_only,1845,B,49,0.162357,0.169101,0.165729,2
a_only,1845,C_eff,0,-0.521842,-0.502554,-0.512198,1
a_only,1845,C_eff,1,-0.502554,-0.483265,-0.49291,0
a_only,1845,C_eff,2,-0.483265,-0.463977,-0.473621,0
a_only,1845,C_eff,3,-0.463977,-0.444689,-0.454333,2
a_only,1845,C_eff,4,-0.444689,-0.425401,-0.435045,2
a_only,1845,C_eff,5,-0.425401,-0.406112,-0.415757,2
a_only,1845,C_eff,6,-0.406112,-0.386824,-0.396468,3
a_only,1845,C_eff,7,-0.386824,-0.367536,-0.37718,3
a_only,1845,C_eff,8,-0.367536,-0.348248,-0.357892,6
a_only,1845,C_eff,9,-0.348248,-0.328959,-0.338604,3
a_only,1845,C_eff,10,-0.328959,-0.309671,-0.319315,5
a_only,1845,C_eff,11,-0.309671,-0.290383,-0.300027,7
a_only,1845,C_eff,12,-0.290383,-0.271095,-0.280739,5
a_only,1845,C_eff,13,-0.271095,-0.251806,-0.261451,8
a_only,1845,C_eff,14,-0.251806,-0.232518,-0.242162,12
a_only,1845,C_eff,15,-0.232518,-0.21323,-0.222874,36
a_only,1845,C_eff,16,-0.21323,-0.193942,-0.203586,46
a_only,1845,C_eff,17,-0.193942,-0.174653,-0.184298,85
a_only,1845,C_eff,18,-0.174653,-0.155365,-0.165009,206
a_only,1845,C_eff,19,-0.155365,-0.136077,-0.145721,675
a_only,1845,C_eff,20,-0.136077,-0.116789,-0.126433,1872
a_only,1845,C_eff,21,-0.116789,-0.0975005,-0.107145,4965
a_only,1845,C_eff,22,-0.0975005,-0.0782123,-0.0878564,12583
a_only,1845,C_eff,23,-0.0782123,-0.058924,-0.0685682,27874
a_only,1845,C_eff,24,-0.058924,-0.0396358,-0.0492799,52543
a_only,1845,C_eff,25,-0.0396358,-0.0203475,-0.0299917,82861
a_only,1845,C_eff,26,-0.0203475,-0.00105931,-0.0107034,105115
a_only,1845,C_eff,27,-0.00105931,0.0182289,0.00858482,106157
a_only,1845,C_eff,28,0.0182289,0.0375172,0.0278731,85677
a_only,1845,C_eff,29,0.0375172,0.0568054,0.0471613,56181
a_only,1845,C_eff,30,0.0568054,0.0760937,0.0664495,30246
a_only,1845,C_eff,31,0.0760937,0.0953819,0.0857378,13620
a_only,1845,C_eff,32,0.0953819,0.11467,0.105026,5663
a_only,1845,C_eff,33,0.11467,0.133958,0.124314,2088
a_only,1845,C_eff,34,0.133958,0.153247,0.143603,794
a_only,1845,C_eff,35,0.153247,0.172535,0.162891,253
a_only,1845,C_eff,36,0.172535,0.191823,0.182179,95
a_only,1845,C_eff,37,0.191823,0.211111,0.201467,42
a_only,1845,C_eff,38,0.211111,0.2304,0.220755,14
a_only,1845,C_eff,39,0.2304,0.249688,0.240044,23
a_only,1845,C_eff,40,0.249688,0.268976,0.259332,13
a_only,1845,C_eff,41,0.268976,0.288264,0.27862,7
a_only,1845,C_eff,42,0.288264,0.307553,0.297908,5
a_only,1845,C_eff,43,0.307553,0.326841,0.317197,8
a_only,1845,C_eff,44,0.326841,0.346129,0.336485,8
a_only,1845,C_eff,45,0.346129,0.365417,0.355773,3
a_only,1845,C_eff,46,0.365417,0.384706,0.375061,1
a_only,1845,C_eff,47,0.384706,0.403994,0.39435,2
a_only,1845,C_eff,48,0.403994,0.423282,0.413638,1
a_only,1845,C_eff,49,0.423282,0.44257,0.432926,3
a_only,3689,A,0,-0.364825,-0.348996,-0.356911,2
a_only,3689,A,1,-0.348996,-0.333166,-0.341081,4
a_only,3689,A,2,-0.333166,-0.317336,-0.325251,1
a_only,3689,A,3,-0.317336,-0.301506,-0.309421,3
a_only,3689,A,4,-0.301506,-0.285676,-0.293591,10
a_only,3689,A,5,-0.285676,-0.269846,-0.277761,9
a_only,3689,A,6,-0.269846,-0.254016,-0.261931,5
a_only,3689,A,7,-0.254016,-0.238186,-0.246101,28
a_only,3689,A,8,-0.238186,-0.222357,-0.230272,33
a_only,3689,A,9,-0.222357,-0.206527,-0.214442,63
a_only,3689,A,10,-0.206527,-0.190697,-0.198612,68
a_only,3689,A,11,-0.190697,-0.174867,-0.182782,127
a_only,3689,A,12,-0.174867,-0.159037,-0.166952,184
a_only,3689,A,13,-0.159037,-0.143207,-0.151122,256
a_only,3689,A,14,-0.143207,-0.127377,-0.135292,384
a_only,3689,A,15,-0.127377,-0.111547,-0.119462,570
a_only,3689,A,16,-0.111547,-0.0957176,-0.103633,724
a_only,3689,A,17,-0.0957176,-0.0798877,-0.0878027,950
a_only,3689,A,18,-0.0798877,-0.0640579,-0.0719728,1263
a_only,3689,A,19,-0.0640579,-0.048228,-0.0561429,1536
a_only,3689,A,20,-0.048228,-0.0323981,-0.040313,1822
a_only,3689,A,21,-0.0323981,-0.0165682,-0.0244832,1939
a_only,3689,A,22,-0.0165682,-0.000738363,-0.0086533,2131
a_only,3689,A,23,-0.000738363,0.0150915,0.00717657,2165
a_only,3689,A,24,0.0150915,0.0309214,0.0230064,2061
a_only,3689,A,25,0.0309214,0.0467513,0.0388363,1795
a_only,3689,A,26,0.0467513,0.0625811,0.0546662,1538
a_only,3689,A,27,0.0625811,0.078411,0.0704961,1319
a_only,3689,A,28,0.078411,0.0942409,0.0863259,1053
a_only,3689,A,29,0.0942409,0.110071,0.102156,762
a_only,3689,A,30,0.110071,0.125901,0.117986,560
a_only,3689,A,31,0.125901,0.141731,0.133816,397
a_only,3689,A,32,0.141731,0.15756,0.149645,285
a_only,3689,A,33,0.15756,0.17339,0.165475,194
a_only,3689,A,34,0.17339,0.18922,0.181305,118
a_only,3689,A,35,0.18922,0.20505,0.197135,89
a_only,3689,A,36,0.20505,0.22088,0.212965,50
a_only,3689,A,37,0.22088,0.23671,0.228795,26
a_only,3689,A,38,0.23671,0.25254,0.244625,20
a_only,3689,A,39,0.25254,0.268369,0.260455,13
a_only,3689,A,40,0.268369,0.284199,0.276284,6
a_only,3689,A,41,0.284199,0.300029,0.292114,4
a_only,3689,A,42,0.300029,0.315859,0.307944,2
a_only,3689,A,43,0.315859,0.331689,0.323774,4
a_only,3689,A,44,0.331689,0.347519,0.339604,1
a_only,3689,A,45,0.347519,0.363349,0.355434,0
a_only,3689,A,46,0.363349,0.379179,0.371264,0
a_only,3689,A,47,0.379179,0.395008,0.387094,1
a_only,3689,A,48,0.395008,0.410838,0.402923,0
a_only,3689,A,49,0.410838,0.426668,0.418753,1
a_only,3689,B,0,-0.148648,-0.142405,-0.145527,2
a_only,3689,B,1,-0.142405,-0.136163,-0.139284,3
a_only,3689,B,2,-0.136163,-0.12992,-0.133041,4
a_only,3689,B,3,-0.12992,-0.123677,-0.126798,8
a_only,3689,B,4,-0.123677,-0.117434,-0.120556,10
a_only,3689,B,5,-0.117434,-0.111191,-0.114313,32
a_only,3689,B,6,-0.111191,-0.104949,-0.10807,36
a_only,3689,B,7,-0.104949,-0.0987059,-0.101827,69
a_only,3689,B,8,-0.0987059,-0.0924632,-0.0955846,88
a_only,3689,B,9,-0.0924632,-0.0862204,-0.0893418,141
a_only,3689,B,10,-0.0862204,-0.0799776,-0.083099,158
a_only,3689,B,11,-0.0799776,-0.0737349,-0.0768562,241
a_only,3689,B,12,-0.0737349,-0.0674921,-0.0706135,335
a_only,3689,B,13,-0.0674921,-0.0612493,-0.0643707,414
a_only,3689,B,14,-0.0612493,-0.0550065,-0.0581279,532
a_only,3689,B,15,-0.0550065,-0.0487638,-0.0518852,650
a_only,3689,B,16,-0.0487638,-0.042521,-0.0456424,821
a_only,3689,B,17,-0.042521,-0.0362782,-0.0393996,943
a_only,3689,B,18,-0.0362782,-0.0300355,-0.0331568,1142
a_only,3689,B,19,-0.0300355,-0.0237927,-0.0269141,1252
a_only,3689,B,20,-0.0237927,-0.0175499,-0.0206713,1350
a_only,3689,B,21,-0.0175499,-0.0113071,-0.0144285,1381
a_only,3689,B,22,-0.0113071,-0.00506436,-0.00818575,1492
a_only,3689,B,23,-0.00506436,0.00117841,-0.00194298,1562
a_only,3689,B,24,0.00117841,0.00742118,0.00429979,1517
a_only,3689,B,25,0.00742118,0.013664,0.0105426,1514
a_only,3689,B,26,0.013664,0.0199067,0.0167853,1420
a_only,3689,B,27,0.0199067,0.0261495,0.0230281,1235
a_only,3689,B,28,0.0261495,0.0323923,0.0292709,1157
a_only,3689,B,29,0.0323923,0.038635,0.0355137,1003
a_only,3689,B,30,0.038635,0.0448778,0.0417564,884
a_only,3689,B,31,0.0448778,0.0511206,0.0479992,755
a_only,3689,B,32,0.0511206,0.0573634,0.054242,592
a_only,3689,B,33,0.0573634,0.0636061,0.0604847,470
a_only,3689,B,34,0.0636061,0.0698489,0.0667275,393
a_only,3689,B,35,0.0698489,0.0760917,0.0729703,250
a_only,3689,B,36,0.0760917,0.0823344,0.0792131,227
a_only,3689,B,37,0.0823344,0.0885772,0.0854558,149
a_only,3689,B,38,0.0885772,0.09482,0.0916986,119
a_only,3689,B,39,0.09482,0.101063,0.0979414,85
a_only,3689,B,40,0.101063,0.107306,0.104184,52
a_only,3689,B,41,0.107306,0.113548,0.110427,36
a_only,3689,B,42,0.113548,0.119791,0.11667,19
a_only,3689,B,43,0.119791,0.126034,0.122912,13
a_only,3689,B,44,0.126034,0.132277,0.129155,9
a_only,3689,B,45,0.132277,0.138519,0.135398,5
a_only,3689,B,46,0.138519,0.144762,0.141641,3
a_only,3689,B,47,0.144762,0.151005,0.147884,1
a_only,3689,B,48,0.151005,0.157248,0.154126,1
a_only,3689,B,49,0.157248,0.16349,0.160369,1
a_only,3689,C_eff,0,-0.518766,-0.499694,-0.50923,1
a_only,3689,C_eff,1,-0.499694,-0.480622,-0.490158,0
a_only,3689,C_eff,2,-0.480622,-0.46155,-0.471086,0
a_only,3689,C_eff,3,-0.46155,-0.442478,-0.452014,2
a_only,3689,C_eff,4,-0.442478,-0.423406,-0.432942,2
a_only,3689,C_eff,5,-0.423406,-0.404335,-0.41387,2
a_only,3689,C_eff,6,-0.404335,-0.385263,-0.394799,4
a_only,3689,C_eff,7,-0.385263,-0.366191,-0.375727,2
a_only,3689,C_eff,8,-0.366191,-0.347119,-0.356655,5
a_only,3689,C_eff,9,-0.347119,-0.328047,-0.337583,4
a_only,3689,C_eff,10,-0.328047,-0.308975,-0.318511,5
a_only,3689,C_eff,11,-0.308975,-0.289903,-0.299439,5
a_only,3689,C_eff,12,-0.289903,-0.270831,-0.280367,7
a_only,3689,C_eff,13,-0.270831,-0.251759,-0.261295,7
a_only,3689,C_eff,14,-0.251759,-0.232687,-0.242223,17
a_only,3689,C_eff,15,-0.232687,-0.213615,-0.223151,35
a_only,3689,C_eff,16,-0.213615,-0.194543,-0.204079,42
a_only,3689,C_eff,17,-0.194543,-0.175471,-0.185007,77
a_only,3689,C_eff,18,-0.175471,-0.156399,-0.165935,220
a_only,3689,C_eff,19,-0.156399,-0.137327,-0.146863,650
a_only,3689,C_eff,20,-0.137327,-0.118255,-0.127791,1864
a_only,3689,C_eff,21,-0.118255,-0.0991829,-0.108719,4807
a_only,3689,C_eff,22,-0.0991829,-0.080111,-0.0896469,11866
a_only,3689,C_eff,23,-0.080111,-0.061039,-0.070575,26098
a_only,3689,C_eff,24,-0.061039,-0.041967,-0.051503,49091
a_only,3689,C_eff,25,-0.041967,-0.022895,-0.032431,77830
a_only,3689,C_eff,26,-0.022895,-0.00382306,-0.013359,101014
a_only,3689,C_eff,27,-0.00382306,0.0152489,0.00571293,105165
a_only,3689,C_eff,28,0.0152489,0.0343209,0.0247849,87976
a_only,3689,C_eff,29,0.0343209,0.0533929,0.0438569,60762
a_only,3689,C_eff,30,0.0533929,0.0724648,0.0629289,34453
a_only,3689,C_eff,31,0.0724648,0.0915368,0.0820008,16446
a_only,3689,C_eff,32,0.0915368,0.110609,0.101073,6914
a_only,3689,C_eff,33,0.110609,0.129681,0.120145,2774
a_only,3689,C_eff,34,0.129681,0.148753,0.139217,1059
a_only,3689,C_eff,35,0.148753,0.167825,0.158289,349
a_only,3689,C_eff,36,0.167825,0.186897,0.177361,126
a_only,3689,C_eff,37,0.186897,0.205969,0.196433,46
a_only,3689,C_eff,38,0.205969,0.225041,0.215505,23
a_only,3689,C_eff,39,0.225041,0.244113,0.234577,14
a_only,3689,C_eff,40,0.244113,0.263185,0.253649,17
a_only,3689,C_eff,41,0.263185,0.282257,0.272721,11
a_only,3689,C_eff,42,0.282257,0.301329,0.291793,6
a_only,3689,C_eff,43,0.301329,0.3204,0.310865,7
a_only,3689,C_eff,44,0.3204,0.339472,0.329936,6
a_only,3689,C_eff,45,0.339472,0.358544,0.349008,6
a_only,3689,C_eff,46,0.358544,0.377616,0.36808,1
a_only,3689,C_eff,47,0.377616,0.396688,0.387152,2
a_only,3689,C_eff,48,0.396688,0.41576,0.406224,0
a_only,3689,C_eff,49,0.41576,0.434832,0.425296,4
a_only,5533,A,0,-0.368989,-0.35278,-0.360885,5
a_only,5533,A,1,-0.35278,-0.336571,-0.344676,2
a_only,5533,A,2,-0.336571,-0.320362,-0.328467,2
a_only,5533,A,3,-0.320362,-0.304153,-0.312257,10
a_only,5533,A,4,-0.304153,-0.287944,-0.296048,9
a_only,5533,A,5,-0.287944,-0.271735,-0.279839,13
a_only,5533,A,6,-0.271735,-0.255526,-0.26363,24
a_only,5533,A,7,-0.255526,-0.239317,-0.247421,32
a_only,5533,A,8,-0.239317,-0.223108,-0.231212,43
a_only,5533,A,9,-0.223108,-0.206898,-0.215003,72
a_only,5533,A,10,-0.206898,-0.190689,-0.198794,107
a_only,5533,A,11,-0.190689,-0.17448,-0.182585,125
a_only,5533,A,12,-0.17448,-0.158271,-0.166376,217
a_only,5533,A,13,-0.158271,-0.142062,-0.150167,329
a_only,5533,A,14,-0.142062,-0.125853,-0.133958,419
a_only,5533,A,15,-0.125853,-0.109644,-0.117749,606
a_only,5533,A,16,-0.109644,-0.093435,-0.10154,842
a_only,5533,A,17,-0.093435,-0.0772259,-0.0853304,1080
a_only,5533,A,18,-0.0772259,-0.0610168,-0.0691214,1344
a_only,5533,A,19,-0.0610168,-0.0448077,-0.0529123,1569
a_only,5533,A,20,-0.0448077,-0.0285987,-0.0367032,1792
a_only,5533,A,21,-0.0285987,-0.0123896,-0.0204941,1984
a_only,5533,A,22,-0.0123896,0.00381949,-0.00428505,2073
a_only,5533,A,23,0.00381949,0.0200286,0.011924,2045
a_only,5533,A,24,0.0200286,0.0362376,0.0281331,1932
a_only,5533,A,25,0.0362376,0.0524467,0.0443422,1721
a_only,5533,A,26,0.0524467,0.0686558,0.0605513,1539
a_only,5533,A,27,0.0686558,0.0848649,0.0767603,1209
a_only,5533,A,28,0.0848649,0.101074,0.0929694,955
a_only,5533,A,29,0.101074,0.117283,0.109178,734
a_only,5533,A,30,0.117283,0.133492,0.125388,541
a_only,5533,A,31,0.133492,0.149701,0.141597,352
a_only,5533,A,32,0.149701,0.16591,0.157806,257
a_only,5533,A,33,0.16591,0.182119,0.174015,192
a_only,5533,A,34,0.182119,0.198328,0.190224,137
a_only,5533,A,35,0.198328,0.214537,0.206433,92
a_only,5533,A,36,0.214537,0.230747,0.222642,53
a_only,5533,A,37,0.230747,0.246956,0.238851,34
a_only,5533,A,38,0.246956,0.263165,0.25506,31
a_only,5533,A,39,0.263165,0.279374,0.271269,12
a_only,5533,A,40,0.279374,0.295583,0.287478,14
a_only,5533,A,41,0.295583,0.311792,0.303687,9
a_only,5533,A,42,0.311792,0.328001,0.319896,5
a_only,5533,A,43,0.328001,0.34421,0.336106,4
a_only,5533,A,44,0.34421,0.360419,0.352315,3
a_only,5533,A,45,0.360419,0.376628,0.368524,2
a_only,5533,A,46,0.376628,0.392837,0.384733,0
a_only,5533,A,47,0.392837,0.409046,0.400942,0
a_only,5533,A,48,0.409046,0.425255,0.417151,2
a_only,5533,A,49,0.425255,0.441465,0.43336,2
a_only,5533,B,0,-0.178672,-0.171619,-0.175145,1
a_only,5533,B,1,-0.171619,-0.164565,-0.168092,2
a_only,5533,B,2,-0.164565,-0.157512,-0.161039,0
a_only,5533,B,3,-0.157512,-0.150458,-0.153985,2
a_only,5533,B,4,-0.150458,-0.143405,-0.146932,4
a_only,5533,B,5,-0.143405,-0.136352,-0.139878,6
a_only,5533,B,6,-0.136352,-0.129298,-0.132825,7
a_only,5533,B,7,-0.129298,-0.122245,-0.125771,9
a_only,5533,B,8,-0.122245,-0.115191,-0.118718,24
a_only,5533,B,9,-0.115191,-0.108138,-0.111665,30
a_only,5533,B,10,-0.108138,-0.101084,-0.104611,61
a_only,5533,B,11,-0.101084,-0.0940311,-0.0975578,87
a_only,5533,B,12,-0.0940311,-0.0869776,-0.0905043,128
a_only,5533,B,13,-0.0869776,-0.0799242,-0.0834509,221
a_only,5533,B,14,-0.0799242,-0.0728708,-0.0763975,285
a_only,5533,B,15,-0.0728708,-0.0658174,-0.0693441,337
a_only,5533,B,16,-0.0658174,-0.058764,-0.0622907,524
a_only,5533,B,17,-0.058764,-0.0517105,-0.0552372,666
a_only,5533,B,18,-0.0517105,-0.0446571,-0.0481838,827
a_only,5533,B,19,-0.0446571,-0.0376037,-0.0411304,1075
a_only,5533,B,20,-0.0376037,-0.0305503,-0.034077,1169
a_only,5533,B,21,-0.0305503,-0.0234969,-0.0270236,1324
a_only,5533,B,22,-0.0234969,-0.0164434,-0.0199701,1526
a_only,5533,B,23,-0.0164434,-0.00939002,-0.0129167,1668
a_only,5533,B,24,-0.00939002,-0.0023366,-0.00586331,1688
a_only,5533,B,25,-0.0023366,0.00471682,0.00119011,1737
a_only,5533,B,26,0.00471682,0.0117702,0.00824353,1646
a_only,5533,B,27,0.0117702,0.0188237,0.015297,1618
a_only,5533,B,28,0.0188237,0.0258771,0.0223504,1511
a_only,5533,B,29,0.0258771,0.0329305,0.0294038,1380
a_only,5533,B,30,0.0329305,0.0399839,0.0364572,1116
a_only,5533,B,31,0.0399839,0.0470373,0.0435106,941
a_only,5533,B,32,0.0470373,0.0540908,0.050564,748
a_only,5533,B,33,0.0540908,0.0611442,0.0576175,626
a_only,5533,B,34,0.0611442,0.0681976,0.0646709,450
a_only,5533,B,35,0.0681976,0.075251,0.0717243,345
a_only,5533,B,36,0.075251,0.0823044,0.0787777,262
a_only,5533,B,37,0.0823044,0.0893579,0.0858311,195
a_only,5533,B,38,0.0893579,0.0964113,0.0928846,120
a_only,5533,B,39,0.0964113,0.103465,0.099938,82
a_only,5533,B,40,0.103465,0.110518,0.106991,46
a_only,5533,B,41,0.110518,0.117572,0.114045,38
a_only,5533,B,42,0.117572,0.124625,0.121098,15
a_only,5533,B,43,0.124625,0.131678,0.128152,14
a_only,5533,B,44,0.131678,0.138732,0.135205,6
a_only,5533,B,45,0.138732,0.145785,0.142259,2
a_only,5533,B,46,0.145785,0.152839,0.149312,3
a_only,5533,B,47,0.152839,0.159892,0.156365,1
a_only,5533,B,48,0.159892,0.166945,0.163419,1
a_only,5533,B,49,0.166945,0.173999,0.170472,2
a_only,5533,C_eff,0,-0.519792,-0.500716,-0.510254,1
a_only,5533,C_eff,1,-0.500716,-0.481641,-0.491178,0
a_only,5533,C_eff,2,-0.481641,-0.462565,-0.472103,0
a_only,5533,C_eff,3,-0.462565,-0.44349,-0.453027,2
a_only,5533,C_eff,4,-0.44349,-0.424414,-0.433952,2
a_only,5533,C_eff,5,-0.424414,-0.405339,-0.414877,2
a_only,5533,C_eff,6,-0.405339,-0.386263,-0.395801,4
a_only,5533,C_eff,7,-0.386263,-0.367188,-0.376726,3
a_only,5533,C_eff,8,-0.367188,-0.348112,-0.35765,3
a_only,5533,C_eff,9,-0.348112,-0.329037,-0.338575,4
a_only,5533,C_eff,10,-0.329037,-0.309961,-0.319499,5
a_only,5533,C_eff,11,-0.309961,-0.290886,-0.300424,6
a_only,5533,C_eff,12,-0.290886,-0.271811,-0.281348,7
a_only,5533,C_eff,13,-0.271811,-0.252735,-0.262273,5
a_only,5533,C_eff,14,-0.252735,-0.23366,-0.243197,15
a_only,5533,C_eff,15,-0.23366,-0.214584,-0.224122,34
a_only,5533,C_eff,16,-0.214584,-0.195509,-0.205046,41
a_only,5533,C_eff,17,-0.195509,-0.176433,-0.185971,75
a_only,5533,C_eff,18,-0.176433,-0.157358,-0.166896,213
a_only,5533,C_eff,19,-0.157358,-0.138282,-0.14782,643
a_only,5533,C_eff,20,-0.138282,-0.119207,-0.128745,1841
a_only,5533,C_eff,21,-0.119207,-0.100131,-0.109669,4756
a_only,5533,C_eff,22,-0.100131,-0.081056,-0.0905937,11642
a_only,5533,C_eff,23,-0.081056,-0.0619805,-0.0715182,25724
a_only,5533,C_eff,24,-0.0619805,-0.042905,-0.0524428,48068
a_only,5533,C_eff,25,-0.042905,-0.0238296,-0.0333673,76176
a_only,5533,C_eff,26,-0.0238296,-0.00475413,-0.0142919,99236
a_only,5533,C_eff,27,-0.00475413,0.0143213,0.0047836,104494
a_only,5533,C_eff,28,0.0143213,0.0333968,0.0238591,88759
a_only,5533,C_eff,29,0.0333968,0.0524723,0.0429345,62183
a_only,5533,C_eff,30,0.0524723,0.0715477,0.06201,35959
a_only,5533,C_eff,31,0.0715477,0.0906232,0.0810854,17547
a_only,5533,C_eff,32,0.0906232,0.109699,0.100161,7537
a_only,5533,C_eff,33,0.109699,0.128774,0.119236,3009
a_only,5533,C_eff,34,0.128774,0.14785,0.138312,1149
a_only,5533,C_eff,35,0.14785,0.166925,0.157387,409
a_only,5533,C_eff,36,0.166925,0.186,0.176463,124
a_only,5533,C_eff,37,0.186,0.205076,0.195538,50
a_only,5533,C_eff,38,0.205076,0.224151,0.214614,22
a_only,5533,C_eff,39,0.224151,0.243227,0.233689,15
a_only,5533,C_eff,40,0.243227,0.262302,0.252765,14
a_only,5533,C_eff,41,0.262302,0.281378,0.27184,13
a_only,5533,C_eff,42,0.281378,0.300453,0.290915,6
a_only,5533,C_eff,43,0.300453,0.319529,0.309991,6
a_only,5533,C_eff,44,0.319529,0.338604,0.329066,7
a_only,5533,C_eff,45,0.338604,0.35768,0.348142,5
a_only,5533,C_eff,46,0.35768,0.376755,0.367217,3
a_only,5533,C_eff,47,0.376755,0.395831,0.386293,1
a_only,5533,C_eff,48,0.395831,0.414906,0.405368,0
a_only,5533,C_eff,49,0.414906,0.433981,0.424444,4
a_only,7377,A,0,-0.451779,-0.432728,-0.442253,1
a_only,7377,A,1,-0.432728,-0.413677,-0.423202,0
a_only,7377,A,2,-0.413677,-0.394626,-0.404151,0
a_only,7377,A,3,-0.394626,-0.375575,-0.3851,2
a_only,7377,A,4,-0.375575,-0.356523,-0.366049,5
a_only,7377,A,5,-0.356523,-0.337472,-0.346998,4
a_only,7377,A,6,-0.337472,-0.318421,-0.327947,6
a_only,7377,A,7,-0.318421,-0.29937,-0.308896,13
a_only,7377,A,8,-0.29937,-0.280319,-0.289844,12
a_only,7377,A,9,-0.280319,-0.261268,-0.270793,23
a_only,7377,A,10,-0.261268,-0.242217,-0.251742,31
a_only,7377,A,11,-0.242217,-0.223166,-0.232691,60
a_only,7377,A,12,-0.223166,-0.204114,-0.21364,88
a_only,7377,A,13,-0.204114,-0.185063,-0.194589,140
a_only,7377,A,14,-0.185063,-0.166012,-0.175538,220
a_only,7377,A,15,-0.166012,-0.146961,-0.156487,311
a_only,7377,A,16,-0.146961,-0.12791,-0.137436,523
a_only,7377,A,17,-0.12791,-0.108859,-0.118384,703
a_only,7377,A,18,-0.108859,-0.0898078,-0.0993334,1006
a_only,7377,A,19,-0.0898078,-0.0707567,-0.0802823,1340
a_only,7377,A,20,-0.0707567,-0.0517056,-0.0612312,1679
a_only,7377,A,21,-0.0517056,-0.0326545,-0.04218,2042
a_only,7377,A,22,-0.0326545,-0.0136034,-0.0231289,2350
a_only,7377,A,23,-0.0136034,0.00544774,-0.00407782,2430
a_only,7377,A,24,0.00544774,0.0244989,0.0149733,2356
a_only,7377,A,25,0.0244989,0.04355,0.0340244,2146
a_only,7377,A,26,0.04355,0.0626011,0.0530755,1889
a_only,7377,A,27,0.0626011,0.0816522,0.0721266,1478
a_only,7377,A,28,0.0816522,0.100703,0.0911777,1125
a_only,7377,A,29,0.100703,0.119754,0.110229,833
a_only,7377,A,30,0.119754,0.138806,0.12928,604
a_only,7377,A,31,0.138806,0.157857,0.148331,418
a_only,7377,A,32,0.157857,0.176908,0.167382,279
a_only,7377,A,33,0.176908,0.195959,0.186433,178
a_only,7377,A,34,0.195959,0.21501,0.205484,106
a_only,7377,A,35,0.21501,0.234061,0.224536,58
a_only,7377,A,36,0.234061,0.253112,0.243587,35
a_only,7377,A,37,0.253112,0.272163,0.262638,25
a_only,7377,A,38,0.272163,0.291214,0.281689,25
a_only,7377,A,39,0.291214,0.310266,0.30074,10
a_only,7377,A,40,0.310266,0.329317,0.319791,4
a_only,7377,A,41,0.329317,0.348368,0.338842,6
a_only,7377,A,42,0.348368,0.367419,0.357893,4
a_only,7377,A,43,0.367419,0.38647,0.376944,2
a_only,7377,A,44,0.38647,0.405521,0.395996,2
a_only,7377,A,45,0.405521,0.424572,0.415047,2
a_only,7377,A,46,0.424572,0.443623,0.434098,0
a_only,7377,A,47,0.443623,0.462674,0.453149,1
a_only,7377,A,48,0.462674,0.481726,0.4722,0
a_only,7377,A,49,0.481726,0.500777,0.491251,1
a_only,7377,B,0,-0.167801,-0.160963,-0.164382,1
a_only,7377,B,1,-0.160963,-0.154125,-0.157544,0
a_only,7377,B,2,-0.154125,-0.147287,-0.150706,3
a_only,7377,B,3,-0.147287,-0.14045,-0.143869,2
a_only,7377,B,4,-0.14045,-0.133612,-0.137031,10
a_only,7377,B,5,-0.133612,-0.126774,-0.130193,11
a_only,7377,B,6,-0.126774,-0.119936,-0.123355,11
a_only,7377,B,7,-0.119936,-0.113098,-0.116517,28
a_only,7377,B,8,-0.113098,-0.10626,-0.109679,43
a_only,7377,B,9,-0.10626,-0.0994221,-0.102841,70
a_only,7377,B,10,-0.0994221,-0.0925841,-0.0960031,87
a_only,7377,B,11,-0.0925841,-0.0857462,-0.0891652,126
a_only,7377,B,12,-0.0857462,-0.0789083,-0.0823273,205
a_only,7377,B,13,-0.0789083,-0.0720704,-0.0754894,270
a_only,7377,B,14,-0.0720704,-0.0652325,-0.0686514,381
a_only,7377,B,15,-0.0652325,-0.0583946,-0.0618135,523
a_only,7377,B,16,-0.0583946,-0.0515566,-0.0549756,657
a_only,7377,B,17,-0.0515566,-0.0447187,-0.0481377,791
a_only,7377,B,18,-0.0447187,-0.0378808,-0.0412998,937
a_only,7377,B,19,-0.0378808,-0.0310429,-0.0344619,1153
a_only,7377,B,20,-0.0310429,-0.024205,-0.0276239,1325
a_only,7377,B,21,-0.024205,-0.0173671,-0.020786,1487
a_only,7377,B,22,-0.0173671,-0.0105291,-0.0139481,1609
a_only,7377,B,23,-0.0105291,-0.00369123,-0.00711019,1615
a_only,7377,B,24,-0.00369123,0.00314669,-0.000272273,1723
a_only,7377,B,25,0.00314669,0.0099846,0.00656564,1714
a_only,7377,B,26,0.0099846,0.0168225,0.0134036,1540
a_only,7377,B,27,0.0168225,0.0236604,0.0202415,1389
a_only,7377,B,28,0.0236604,0.0304984,0.0270794,1344
a_only,7377,B,29,0.0304984,0.0373363,0.0339173,1240
a_only,7377,B,30,0.0373363,0.0441742,0.0407552,983
a_only,7377,B,31,0.0441742,0.0510121,0.0475931,828
a_only,7377,B,32,0.0510121,0.05785,0.0544311,643
a_only,7377,B,33,0.05785,0.0646879,0.061269,511
a_only,7377,B,34,0.0646879,0.0715259,0.0681069,387
a_only,7377,B,35,0.0715259,0.0783638,0.0749448,310
a_only,7377,B,36,0.0783638,0.0852017,0.0817827,216
a_only,7377,B,37,0.0852017,0.0920396,0.0886206,152
a_only,7377,B,38,0.0920396,0.0988775,0.0954586,96
a_only,7377,B,39,0.0988775,0.105715,0.102296,58
a_only,7377,B,40,0.105715,0.112553,0.109134,27
a_only,7377,B,41,0.112553,0.119391,0.115972,22
a_only,7377,B,42,0.119391,0.126229,0.12281,31
a_only,7377,B,43,0.126229,0.133067,0.129648,10
a_only,7377,B,44,0.133067,0.139905,0.136486,2
a_only,7377,B,45,0.139905,0.146743,0.143324,3
a_only,7377,B,46,0.146743,0.153581,0.150162,1
a_only,7377,B,47,0.153581,0.160419,0.157,0
a_only,7377,B,48,0.160419,0.167257,0.163838,0
a_only,7377,B,49,0.167257,0.174095,0.170676,1
a_only,7377,C_eff,0,-0.523892,-0.504752,-0.514322,1
a_only,7377,C_eff,1,-0.504752,-0.485611,-0.495182,0
a_only,7377,C_eff,2,-0.485611,-0.466471,-0.476041,0
a_only,7377,C_eff,3,-0.466471,-0.44733,-0.456901,0
a_only,7377,C_eff,4,-0.44733,-0.42819,-0.43776,2
a_only,7377,C_eff,5,-0.42819,-0.409049,-0.41862,4
a_only,7377,C_eff,6,-0.409049,-0.389909,-0.399479,3
a_only,7377,C_eff,7,-0.389909,-0.370769,-0.380339,3
a_only,7377,C_eff,8,-0.370769,-0.351628,-0.361198,3
a_only,7377,C_eff,9,-0.351628,-0.332488,-0.342058,4
a_only,7377,C_eff,10,-0.332488,-0.313347,-0.322917,4
a_only,7377,C_eff,11,-0.313347,-0.294207,-0.303777,6
a_only,7377,C_eff,12,-0.294207,-0.275066,-0.284637,8
a_only,7377,C_eff,13,-0.275066,-0.255926,-0.265496,3
a_only,7377,C_eff,14,-0.255926,-0.236785,-0.246356,17
a_only,7377,C_eff,15,-0.236785,-0.217645,-0.227215,27
a_only,7377,C_eff,16,-0.217645,-0.198504,-0.208075,39
a_only,7377,C_eff,17,-0.198504,-0.179364,-0.188934,63
a_only,7377,C_eff,18,-0.179364,-0.160224,-0.169794,193
a_only,7377,C_eff,19,-0.160224,-0.141083,-0.150653,546
a_only,7377,C_eff,20,-0.141083,-0.121943,-0.131513,1652
a_only,7377,C_eff,21,-0.121943,-0.102802,-0.112372,4303
a_only,7377,C_eff,22,-0.102802,-0.0836618,-0.093232,10479
a_only,7377,C_eff,23,-0.0836618,-0.0645213,-0.0740915,23507
a_only,7377,C_eff,24,-0.0645213,-0.0453808,-0.0549511,44925
a_only,7377,C_eff,25,-0.0453808,-0.0262404,-0.0358106,72676
a_only,7377,C_eff,26,-0.0262404,-0.00709994,-0.0166702,97260
a_only,7377,C_eff,27,-0.00709994,0.0120405,0.00247029,104940
a_only,7377,C_eff,28,0.0120405,0.031181,0.0216107,91475
a_only,7377,C_eff,29,0.031181,0.0503214,0.0407512,65483
a_only,7377,C_eff,30,0.0503214,0.0694619,0.0598917,39011
a_only,7377,C_eff,31,0.0694619,0.0886023,0.0790321,19365
a_only,7377,C_eff,32,0.0886023,0.107743,0.0981726,8417
a_only,7377,C_eff,33,0.107743,0.126883,0.117313,3362
a_only,7377,C_eff,34,0.126883,0.146024,0.136453,1302
a_only,7377,C_eff,35,0.146024,0.165164,0.155594,452
a_only,7377,C_eff,36,0.165164,0.184305,0.174734,136
a_only,7377,C_eff,37,0.184305,0.203445,0.193875,51
a_only,7377,C_eff,38,0.203445,0.222586,0.213015,28
a_only,7377,C_eff,39,0.222586,0.241726,0.232156,14
a_only,7377,C_eff,40,0.241726,0.260866,0.251296,14
a_only,7377,C_eff,41,0.260866,0.280007,0.270437,13
a_only,7377,C_eff,42,0.280007,0.299147,0.289577,6
a_only,7377,C_eff,43,0.299147,0.318288,0.308718,7
a_only,7377,C_eff,44,0.318288,0.337428,0.327858,8
a_only,7377,C_eff,45,0.337428,0.356569,0.346998,3
a_only,7377,C_eff,46,0.356569,0.375709,0.366139,4
a_only,7377,C_eff,47,0.375709,0.39485,0.385279,1
a_only,7377,C_eff,48,0.39485,0.41399,0.40442,0
a_only,7377,C_eff,49,0.41399,0.433131,0.42356,4
b_only,1,A,0,-0.0376637,-0.0361895,-0.0369266,3
b_only,1,A,1,-0.0361895,-0.0347154,-0.0354524,3
b_only,1,A,2,-0.0347154,-0.0332412,-0.0339783,4
b_only,1,A,3,-0.0332412,-0.031767,-0.0325041,8
b_only,1,A,4,-0.031767,-0.0302929,-0.0310299,8
b_only,1,A,5,-0.0302929,-0.0288187,-0.0295558,22
b_only,1,A,6,-0.0288187,-0.0273445,-0.0280816,31
b_only,1,A,7,-0.0273445,-0.0258704,-0.0266075,37
b_only,1,A,8,-0.0258704,-0.0243962,-0.0251333,68
b_only,1,A,9,-0.0243962,-0.0229221,-0.0236591,83
b_only,1,A,10,-0.0229221,-0.0214479,-0.022185,133
b_only,1,A,11,-0.0214479,-0.0199737,-0.0207108,162
b_only,1,A,12,-0.0199737,-0.0184996,-0.0192366,232
b_only,1,A,13,-0.0184996,-0.0170254,-0.0177625,309
b_only,1,A,14,-0.0170254,-0.0155512,-0.0162883,385
b_only,1,A,15,-0.0155512,-0.0140771,-0.0148142,479
b_only,1,A,16,-0.0140771,-0.0126029,-0.01334,587
b_only,1,A,17,-0.0126029,-0.0111288,-0.0118658,742
b_only,1,A,18,-0.0111288,-0.00965459,-0.0103917,853
b_only,1,A,19,-0.00965459,-0.00818043,-0.00891751,968
b_only,1,A,20,-0.00818043,-0.00670627,-0.00744335,1050
b_only,1,A,21,-0.00670627,-0.0052321,-0.00596919,1212
b_only,1,A,22,-0.0052321,-0.00375794,-0.00449502,1310
b_only,1,A,23,-0.00375794,-0.00228378,-0.00302086,1342
b_only,1,A,24,-0.00228378,-0.000809617,-0.0015467,1442
b_only,1,A,25,-0.000809617,0.000664545,-7.25361e-05,1470
b_only,1,A,26,0.000664545,0.00213871,0.00140163,1418
b_only,1,A,27,0.00213871,0.00361287,0.00287579,1303
b_only,1,A,28,0.00361287,0.00508703,0.00434995,1365
b_only,1,A,29,0.00508703,0.0065612,0.00582411,1234
b_only,1,A,30,0.0065612,0.00803536,0.00729828,1089
b_only,1,A,31,0.00803536,0.00950952,0.00877244,956
b_only,1,A,32,0.00950952,0.0109837,0.0102466,842
b_only,1,A,33,0.0109837,0.0124578,0.0117208,779
b_only,1,A,34,0.0124578,0.013932,0.0131949,651
b_only,1,A,35,0.013932,0.0154062,0.0146691,456
b_only,1,A,36,0.0154062,0.0168803,0.0161433,399
b_only,1,A,37,0.0168803,0.0183545,0.0176174,315
b_only,1,A,38,0.0183545,0.0198287,0.0190916,222
b_only,1,A,39,0.0198287,0.0213028,0.0205657,165
b_only,1,A,40,0.0213028,0.022777,0.0220399,148
b_only,1,A,41,0.022777,0.0242511,0.0235141,98
b_only,1,A,42,0.0242511,0.0257253,0.0249882,66
b_only,1,A,43,0.0257253,0.0271995,0.0264624,48
b_only,1,A,44,0.0271995,0.0286736,0.0279366,35
b_only,1,A,45,0.0286736,0.0301478,0.0294107,16
b_only,1,A,46,0.0301478,0.031622,0.0308849,12
b_only,1,A,47,0.031622,0.0330961,0.032359,7
b_only,1,A,48,0.0330961,0.0345703,0.0338332,5
b_only,1,A,49,0.0345703,0.0360444,0.0353074,4
b_only,1,B,0,-0.0360828,-0.0346395,-0.0353612,490
b_only,1,B,1,-0.0346395,-0.0331962,-0.0339179,493
b_only,1,B,2,-0.0331962,-0.031753,-0.0324746,469
b_only,1,B,3,-0.031753,-0.0303097,-0.0310313,501
b_only,1,B,4,-0.0303097,-0.0288664,-0.029588,463
b_only,1,B,5,-0.0288664,-0.0274231,-0.0281448,483
b_only,1,B,6,-0.0274231,-0.0259798,-0.0267015,511
b_only,1,B,7,-0.0259798,-0.0245366,-0.0252582,481
b_only,1,B,8,-0.0245366,-0.0230933,-0.0238149,473
b_only,1,B,9,-0.0230933,-0.02165,-0.0223716,485
b_only,1,B,10,-0.02165,-0.0202067,-0.0209284,494
b_only,1,B,11,-0.0202067,-0.0187634,-0.0194851,517
b_only,1,B,12,-0.0187634,-0.0173202,-0.0180418,509
b_only,1,B,13,-0.0173202,-0.0158769,-0.0165985,519
b_only,1,B,14,-0.0158769,-0.0144336,-0.0151552,466
b_only,1,B,15,-0.0144336,-0.0129903,-0.013712,509
b_only,1,B,16,-0.0129903,-0.011547,-0.0122687,491
b_only,1,B,17,-0.011547,-0.0101038,-0.0108254,523
b_only,1,B,18,-0.0101038,-0.00866047,-0.00938211,482
b_only,1,B,19,-0.00866047,-0.00721719,-0.00793883,447
b_only,1,B,20,-0.00721719,-0.00577391,-0.00649555,493
b_only,1,B,21,-0.00577391,-0.00433063,-0.00505227,507
b_only,1,B,22,-0.00433063,-0.00288735,-0.00360899,475
b_only,1,B,23,-0.00288735,-0.00144407,-0.00216571,499
b_only,1,B,24,-0.00144407,-7.89762e-07,-0.00072243,531
b_only,1,B,25,-7.89762e-07,0.00144249,0.00072085,507
b_only,1,B,26,0.00144249,0.00288577,0.00216413,494
b_only,1,B,27,0.00288577,0.00432905,0.00360741,480
b_only,1,B,28,0.00432905,0.00577233,0.00505069,517
b_only,1,B,29,0.00577233,0.00721561,0.00649397,526
b_only,1,B,30,0.00721561,0.00865889,0.00793725,470
b_only,1,B,31,0.00865889,0.0101022,0.00938053,509
b_only,1,B,32,0.0101022,0.0115455,0.0108238,490
b_only,1,B,33,0.0115455,0.0129887,0.0122671,511
b_only,1,B,34,0.0129887,0.014432,0.0137104,493
b_only,1,B,35,0.014432,0.0158753,0.0151537,501
b_only,1,B,36,0.0158753,0.0173186,0.0165969,495
b_only,1,B,37,0.0173186,0.0187619,0.0180402,474
b_only,1,B,38,0.0187619,0.0202051,0.0194835,467
b_only,1,B,39,0.0202051,0.0216484,0.0209268,458
b_only,1,B,40,0.0216484,0.0230917,0.0223701,503
b_only,1,B,41,0.0230917,0.024535,0.0238133,461
b_only,1,B,42,0.024535,0.0259783,0.0252566,499
b_only,1,B,43,0.0259783,0.0274215,0.0266999,461
b_only,1,B,44,0.0274215,0.0288648,0.0281432,460
b_only,1,B,45,0.0288648,0.0303081,0.0295865,495
b_only,1,B,46,0.0303081,0.0317514,0.0310297,499
b_only,1,B,47,0.0317514,0.0331947,0.032473,498
b_only,1,B,48,0.0331947,0.0346379,0.0339163,516
b_only,1,B,49,0.0346379,0.0360812,0.0353596,481
b_only,1,C_eff,0,-0.524917,-0.505337,-0.515127,1
b_only,1,C_eff,1,-0.505337,-0.485757,-0.495547,0
b_only,1,C_eff,2,-0.485757,-0.466176,-0.475967,0
b_only,1,C_eff,3,-0.466176,-0.446596,-0.456386,2
b_only,1,C_eff,4,-0.446596,-0.427016,-0.436806,3
b_only,1,C_eff,5,-0.427016,-0.407435,-0.417226,1
b_only,1,C_eff,6,-0.407435,-0.387855,-0.397645,3
b_only,1,C_eff,7,-0.387855,-0.368275,-0.378065,2
b_only,1,C_eff,8,-0.368275,-0.348694,-0.358485,7
b_only,1,C_eff,9,-0.348694,-0.329114,-0.338904,3
b_only,1,C_eff,10,-0.329114,-0.309534,-0.319324,7
b_only,1,C_eff,11,-0.309534,-0.289953,-0.299743,6
b_only,1,C_eff,12,-0.289953,-0.270373,-0.280163,3
b_only,1,C_eff,13,-0.270373,-0.250793,-0.260583,11
b_only,1,C_eff,14,-0.250793,-0.231212,-0.241002,17
b_only,1,C_eff,15,-0.231212,-0.211632,-0.221422,39
b_only,1,C_eff,16,-0.211632,-0.192052,-0.201842,41
b_only,1,C_eff,17,-0.192052,-0.172471,-0.182261,96
b_only,1,C_eff,18,-0.172471,-0.152891,-0.162681,250
b_only,1,C_eff,19,-0.152891,-0.133311,-0.143101,762
b_only,1,C_eff,20,-0.133311,-0.11373,-0.12352,2196
b_only,1,C_eff,21,-0.11373,-0.09415,-0.10394,5741
b_only,1,C_eff,22,-0.09415,-0.0745696,-0.0843598,14807
b_only,1,C_eff,23,-0.0745696,-0.0549893,-0.0647794,32177
b_only,1,C_eff,24,-0.0549893,-0.0354089,-0.0451991,59262
b_only,1,C_eff,25,-0.0354089,-0.0158286,-0.0256188,90980
b_only,1,C_eff,26,-0.0158286,0.00375173,-0.00603844,110283
b_only,1,C_eff,27,0.00375173,0.0233321,0.0135419,104151
b_only,1,C_eff,28,0.0233321,0.0429124,0.0331222,79459
b_only,1,C_eff,29,0.0429124,0.0624927,0.0527026,48443
b_only,1,C_eff,30,0.0624927,0.0820731,0.0722829,24240
b_only,1,C_eff,31,0.0820731,0.101653,0.0918632,10411
b_only,1,C_eff,32,0.101653,0.121234,0.111444,4084
b_only,1,C_eff,33,0.121234,0.140814,0.131024,1446
b_only,1,C_eff,34,0.140814,0.160394,0.150604,516
b_only,1,C_eff,35,0.160394,0.179975,0.170185,192
b_only,1,C_eff,36,0.179975,0.199555,0.189765,67
b_only,1,C_eff,37,0.199555,0.219135,0.209345,34
b_only,1,C_eff,38,0.219135,0.238716,0.228926,16
b_only,1,C_eff,39,0.238716,0.258296,0.248506,20
b_only,1,C_eff,40,0.258296,0.277876,0.268086,8
b_only,1,C_eff,41,0.277876,0.297457,0.287667,10
b_only,1,C_eff,42,0.297457,0.317037,0.307247,7
b_only,1,C_eff,43,0.317037,0.336617,0.326827,5
b_only,1,C_eff,44,0.336617,0.356198,0.346408,7
b_only,1,C_eff,45,0.356198,0.375778,0.365988,2
b_only,1,C_eff,46,0.375778,0.395358,0.385568,1
b_only,1,C_eff,47,0.395358,0.414939,0.405149,2
b_only,1,C_eff,48,0.414939,0.434519,0.424729,1
b_only,1,C_eff,49,0.434519,0.454099,0.444309,2
b_only,1845,A,0,-0.154375,-0.14809,-0.151232,2
b_only,1845,A,1,-0.14809,-0.141805,-0.144947,2
b_only,1845,A,2,-0.141805,-0.135519,-0.138662,3
b_only,1845,A,3,-0.135519,-0.129234,-0.132377,8
b_only,1845,A,4,-0.129234,-0.122949,-0.126092,6
b_only,1845,A,5,-0.122949,-0.116664,-0.119806,17
b_only,1845,A,6,-0.116664,-0.110379,-0.113521,24
b_only,1845,A,7,-0.110379,-0.104093,-0.107236,24
b_only,1845,A,8,-0.104093,-0.0978082,-0.100951,64
b_only,1845,A,9,-0.0978082,-0.091523,-0.0946656,76
b_only,1845,A,10,-0.091523,-0.0852378,-0.0883804,133
b_only,1845,A,11,-0.0852378,-0.0789526,-0.0820952,175
b_only,1845,A,12,-0.0789526,-0.0726674,-0.07581,237
b_only,1845,A,13,-0.0726674,-0.0663822,-0.0695248,345
b_only,1845,A,14,-0.0663822,-0.060097,-0.0632396,417
b_only,1845,A,15,-0.060097,-0.0538118,-0.0569544,578
b_only,1845,A,16,-0.0538118,-0.0475266,-0.0506692,696
b_only,1845,A,17,-0.0475266,-0.0412414,-0.044384,794
b_only,1845,A,18,-0.0412414,-0.0349562,-0.0380988,968
b_only,1845,A,19,-0.0349562,-0.0286711,-0.0318136,1135
b_only,1845,A,20,-0.0286711,-0.0223859,-0.0255285,1303
b_only,1845,A,21,-0.0223859,-0.0161007,-0.0192433,1382
b_only,1845,A,22,-0.0161007,-0.00981546,-0.0129581,1545
b_only,1845,A,23,-0.00981546,-0.00353027,-0.00667287,1501
b_only,1845,A,24,-0.00353027,0.00275493,-0.000387671,1599
b_only,1845,A,25,0.00275493,0.00904012,0.00589752,1535
b_only,1845,A,26,0.00904012,0.0153253,0.0121827,1464
b_only,1845,A,27,0.0153253,0.0216105,0.0184679,1442
b_only,1845,A,28,0.0216105,0.0278957,0.0247531,1281
b_only,1845,A,29,0.0278957,0.0341809,0.0310383,1076
b_only,1845,A,30,0.0341809,0.0404661,0.0373235,1044
b_only,1845,A,31,0.0404661,0.0467513,0.0436087,786
b_only,1845,A,32,0.0467513,0.0530365,0.0498939,710
b_only,1845,A,33,0.0530365,0.0593217,0.0561791,597
b_only,1845,A,34,0.0593217,0.0656069,0.0624643,413
b_only,1845,A,35,0.0656069,0.0718921,0.0687495,351
b_only,1845,A,36,0.0718921,0.0781773,0.0750347,252
b_only,1845,A,37,0.0781773,0.0844625,0.0813199,187
b_only,1845,A,38,0.0844625,0.0907477,0.0876051,137
b_only,1845,A,39,0.0907477,0.0970329,0.0938903,91
b_only,1845,A,40,0.0970329,0.103318,0.100175,55
b_only,1845,A,41,0.103318,0.109603,0.106461,41
b_only,1845,A,42,0.109603,0.115888,0.112746,31
b_only,1845,A,43,0.115888,0.122174,0.119031,19
b_only,1845,A,44,0.122174,0.128459,0.125316,13
b_only,1845,A,45,0.128459,0.134744,0.131601,8
b_only,1845,A,46,0.134744,0.141029,0.137887,4
b_only,1845,A,47,0.141029,0.147314,0.144172,2
b_only,1845,A,48,0.147314,0.1536,0.150457,0
b_only,1845,A,49,0.1536,0.159885,0.156742,3
b_only,1845,B,0,-0.310899,-0.298284,-0.304591,3
b_only,1845,B,1,-0.298284,-0.285668,-0.291976,0
b_only,1845,B,2,-0.285668,-0.273053,-0.279361,3
b_only,1845,B,3,-0.273053,-0.260437,-0.266745,4
b_only,1845,B,4,-0.260437,-0.247822,-0.25413,6
b_only,1845,B,5,-0.247822,-0.235206,-0.241514,13
b_only,1845,B,6,-0.235206,-0.222591,-0.228899,13
b_only,1845,B,7,-0.222591,-0.209975,-0.216283,24
b_only,1845,B,8,-0.209975,-0.19736,-0.203668,27
b_only,1845,B,9,-0.19736,-0.184744,-0.191052,40
b_only,1845,B,10,-0.184744,-0.172129,-0.178437,60
b_only,1845,B,11,-0.172129,-0.159513,-0.165821,106
b_only,1845,B,12,-0.159513,-0.146898,-0.153206,167
b_only,1845,B,13,-0.146898,-0.134282,-0.14059,229
b_only,1845,B,14,-0.134282,-0.121667,-0.127975,294
b_only,1845,B,15,-0.121667,-0.109051,-0.115359,427
b_only,1845,B,16,-0.109051,-0.0964359,-0.102744,540
b_only,1845,B,17,-0.0964359,-0.0838205,-0.0901282,739
b_only,1845,B,18,-0.0838205,-0.071205,-0.0775127,985
b_only,1845,B,19,-0.071205,-0.0585895,-0.0648972,1112
b_only,1845,B,20,-0.0585895,-0.045974,-0.0522817,1343
b_only,1845,B,21,-0.045974,-0.0333585,-0.0396663,1586
b_only,1845,B,22,-0.0333585,-0.020743,-0.0270508,1696
b_only,1845,B,23,-0.020743,-0.00812754,-0.0144353,1798
b_only,1845,B,24,-0.00812754,0.00448795,-0.0018198,1822
b_only,1845,B,25,0.00448795,0.0171034,0.0107957,1808
b_only,1845,B,26,0.0171034,0.0297189,0.0234112,1692
b_only,1845,B,27,0.0297189,0.0423344,0.0360267,1502
b_only,1845,B,28,0.0423344,0.0549499,0.0486422,1355
b_only,1845,B,29,0.0549499,0.0675654,0.0612576,1193
b_only,1845,B,30,0.0675654,0.0801809,0.0738731,926
b_only,1845,B,31,0.0801809,0.0927964,0.0864886,837
b_only,1845,B,32,0.0927964,0.105412,0.0991041,661
b_only,1845,B,33,0.105412,0.118027,0.11172,498
b_only,1845,B,34,0.118027,0.130643,0.124335,330
b_only,1845,B,35,0.130643,0.143258,0.136951,245
b_only,1845,B,36,0.143258,0.155874,0.149566,165
b_only,1845,B,37,0.155874,0.168489,0.162182,106
b_only,1845,B,38,0.168489,0.181105,0.174797,76
b_only,1845,B,39,0.181105,0.19372,0.187413,47
b_only,1845,B,40,0.19372,0.206336,0.200028,37
b_only,1845,B,41,0.206336,0.218951,0.212643,25
b_only,1845,B,42,0.218951,0.231567,0.225259,14
b_only,1845,B,43,0.231567,0.244182,0.237874,11
b_only,1845,B,44,0.244182,0.256798,0.25049,3
b_only,1845,B,45,0.256798,0.269413,0.263105,2
b_only,1845,B,46,0.269413,0.282029,0.275721,2
b_only,1845,B,47,0.282029,0.294644,0.288336,0
b_only,1845,B,48,0.294644,0.30726,0.300952,1
b_only,1845,B,49,0.30726,0.319875,0.313567,3
b_only,1845,C_eff,0,-0.524917,-0.505337,-0.515127,1
b_only,1845,C_eff,1,-0.505337,-0.485757,-0.495547,0
b_only,1845,C_eff,2,-0.485757,-0.466176,-0.475967,0
b_only,1845,C_eff,3,-0.466176,-0.446596,-0.456386,2
b_only,1845,C_eff,4,-0.446596,-0.427016,-0.436806,2
b_only,1845,C_eff,5,-0.427016,-0.407435,-0.417226,2
b_only,1845,C_eff,6,-0.407435,-0.387855,-0.397645,2
b_only,1845,C_eff,7,-0.387855,-0.368275,-0.378065,3
b_only,1845,C_eff,8,-0.368275,-0.348694,-0.358485,6
b_only,1845,C_eff,9,-0.348694,-0.329114,-0.338904,4
b_only,1845,C_eff,10,-0.329114,-0.309534,-0.319324,6
b_only,1845,C_eff,11,-0.309534,-0.289953,-0.299743,6
b_only,1845,C_eff,12,-0.289953,-0.270373,-0.280163,4
b_only,1845,C_eff,13,-0.270373,-0.250793,-0.260583,11
b_only,1845,C_eff,14,-0.250793,-0.231212,-0.241002,16
b_only,1845,C_eff,15,-0.231212,-0.211632,-0.221422,38
b_only,1845,C_eff,16,-0.211632,-0.192052,-0.201842,38
b_only,1845,C_eff,17,-0.192052,-0.172471,-0.182261,99
b_only,1845,C_eff,18,-0.172471,-0.152891,-0.162681,262
b_only,1845,C_eff,19,-0.152891,-0.133311,-0.143101,772
b_only,1845,C_eff,20,-0.133311,-0.11373,-0.12352,2274
b_only,1845,C_eff,21,-0.11373,-0.09415,-0.10394,5821
b_only,1845,C_eff,22,-0.09415,-0.0745696,-0.0843598,15071
b_only,1845,C_eff,23,-0.0745696,-0.0549893,-0.0647794,32563
b_only,1845,C_eff,24,-0.0549893,-0.0354089,-0.0451991,59363
b_only,1845,C_eff,25,-0.0354089,-0.0158286,-0.0256188,90586
b_only,1845,C_eff,26,-0.0158286,0.00375173,-0.00603844,109618
b_only,1845,C_eff,27,0.00375173,0.0233321,0.0135419,103486
b_only,1845,C_eff,28,0.0233321,0.0429124,0.0331222,79305
b_only,1845,C_eff,29,0.0429124,0.0624927,0.0527026,48630
b_only,1845,C_eff,30,0.0624927,0.0820731,0.0722829,24627
b_only,1845,C_eff,31,0.0820731,0.101653,0.0918632,10577
b_only,1845,C_eff,32,0.101653,0.121234,0.111444,4229
b_only,1845,C_eff,33,0.121234,0.140814,0.131024,1500
b_only,1845,C_eff,34,0.140814,0.160394,0.150604,541
b_only,1845,C_eff,35,0.160394,0.179975,0.170185,177
b_only,1845,C_eff,36,0.179975,0.199555,0.189765,68
b_only,1845,C_eff,37,0.199555,0.219135,0.209345,33
b_only,1845,C_eff,38,0.219135,0.238716,0.228926,15
b_only,1845,C_eff,39,0.238716,0.258296,0.248506,19
b_only,1845,C_eff,40,0.258296,0.277876,0.268086,11
b_only,1845,C_eff,41,0.277876,0.297457,0.287667,9
b_only,1845,C_eff,42,0.297457,0.317037,0.307247,6
b_only,1845,C_eff,43,0.317037,0.336617,0.326827,7
b_only,1845,C_eff,44,0.336617,0.356198,0.346408,6
b_only,1845,C_eff,45,0.356198,0.375778,0.365988,2
b_only,1845,C_eff,46,0.375778,0.395358,0.385568,1
b_only,1845,C_eff,47,0.395358,0.414939,0.405149,2
b_only,1845,C_eff,48,0.414939,0.434519,0.424729,2
b_only,1845,C_eff,49,0.434519,0.454099,0.444309,1
b_only,3689,A,0,-0.164746,-0.158347,-0.161546,1
b_only,3689,A,1,-0.158347,-0.151949,-0.155148,2
b_only,3689,A,2,-0.151949,-0.145551,-0.14875,1
b_only,3689,A,3,-0.145551,-0.139153,-0.142352,3
b_only,3689,A,4,-0.139153,-0.132754,-0.135953,1
b_only,3689,A,5,-0.132754,-0.126356,-0.129555,7
b_only,3689,A,6,-0.126356,-0.119958,-0.123157,12
b_only,3689,A,7,-0.119958,-0.113559,-0.116759,14
b_only,3689,A,8,-0.113559,-0.107161,-0.11036,39
b_only,3689,A,9,-0.107161,-0.100763,-0.103962,61
b_only,3689,A,10,-0.100763,-0.0943646,-0.0975638,85
b_only,3689,A,11,-0.0943646,-0.0879664,-0.0911655,104
b_only,3689,A,12,-0.0879664,-0.0815681,-0.0847672,172
b_only,3689,A,13,-0.0815681,-0.0751698,-0.078369,252
b_only,3689,A,14,-0.0751698,-0.0687716,-0.0719707,325
b_only,3689,A,15,-0.0687716,-0.0623733,-0.0655724,414
b_only,3689,A,16,-0.0623733,-0.055975,-0.0591742,551
b_only,3689,A,17,-0.055975,-0.0495768,-0.0527759,656
b_only,3689,A,18,-0.0495768,-0.0431785,-0.0463776,830
b_only,3689,A,19,-0.0431785,-0.0367802,-0.0399794,949
b_only,3689,A,20,-0.0367802,-0.030382,-0.0335811,1051
b_only,3689,A,21,-0.030382,-0.0239837,-0.0271828,1268
b_only,3689,A,22,-0.0239837,-0.0175854,-0.0207846,1416
b_only,3689,A,23,-0.0175854,-0.0111872,-0.0143863,1455
b_only,3689,A,24,-0.0111872,-0.00478891,-0.00798805,1562
b_only,3689,A,25,-0.00478891,0.00160935,-0.00158978,1573
b_only,3689,A,26,0.00160935,0.00800762,0.00480849,1479
b_only,3689,A,27,0.00800762,0.0144059,0.0112068,1552
b_only,3689,A,28,0.0144059,0.0208042,0.017605,1453
b_only,3689,A,29,0.0208042,0.0272024,0.0240033,1299
b_only,3689,A,30,0.0272024,0.0336007,0.0304016,1137
b_only,3689,A,31,0.0336007,0.039999,0.0367998,962
b_only,3689,A,32,0.039999,0.0463972,0.0431981,838
b_only,3689,A,33,0.0463972,0.0527955,0.0495964,718
b_only,3689,A,34,0.0527955,0.0591938,0.0559946,605
b_only,3689,A,35,0.0591938,0.065592,0.0623929,457
b_only,3689,A,36,0.065592,0.0719903,0.0687912,357
b_only,3689,A,37,0.0719903,0.0783886,0.0751894,282
b_only,3689,A,38,0.0783886,0.0847868,0.0815877,188
b_only,3689,A,39,0.0847868,0.0911851,0.087986,158
b_only,3689,A,40,0.0911851,0.0975834,0.0943842,102
b_only,3689,A,41,0.0975834,0.103982,0.100782,64
b_only,3689,A,42,0.103982,0.11038,0.107181,44
b_only,3689,A,43,0.11038,0.116778,0.113579,35
b_only,3689,A,44,0.116778,0.123176,0.119977,16
b_only,3689,A,45,0.123176,0.129575,0.126376,10
b_only,3689,A,46,0.129575,0.135973,0.132774,8
b_only,3689,A,47,0.135973,0.142371,0.139172,4
b_only,3689,A,48,0.142371,0.148769,0.14557,1
b_only,3689,A,49,0.148769,0.155168,0.151969,3
b_only,3689,B,0,-0.405228,-0.388893,-0.39706,2
b_only,3689,B,1,-0.388893,-0.372557,-0.380725,1
b_only,3689,B,2,-0.372557,-0.356221,-0.364389,1
b_only,3689,B,3,-0.356221,-0.339885,-0.348053,3
b_only,3689,B,4,-0.339885,-0.32355,-0.331718,1
b_only,3689,B,5,-0.32355,-0.307214,-0.315382,1
b_only,3689,B,6,-0.307214,-0.290878,-0.299046,10
b_only,3689,B,7,-0.290878,-0.274543,-0.282711,9
b_only,3689,B,8,-0.274543,-0.258207,-0.266375,19
b_only,3689,B,9,-0.258207,-0.241871,-0.250039,22
b_only,3689,B,10,-0.241871,-0.225536,-0.233703,32
b_only,3689,B,11,-0.225536,-0.2092,-0.217368,49
b_only,3689,B,12,-0.2092,-0.192864,-0.201032,89
b_only,3689,B,13,-0.192864,-0.176529,-0.184696,144
b_only,3689,B,14,-0.176529,-0.160193,-0.168361,192
b_only,3689,B,15,-0.160193,-0.143857,-0.152025,284
b_only,3689,B,16,-0.143857,-0.127521,-0.135689,444
b_only,3689,B,17,-0.127521,-0.111186,-0.119354,611
b_only,3689,B,18,-0.111186,-0.0948501,-0.103018,781
b_only,3689,B,19,-0.0948501,-0.0785144,-0.0866823,1044
b_only,3689,B,20,-0.0785144,-0.0621787,-0.0703466,1327
b_only,3689,B,21,-0.0621787,-0.045843,-0.0540109,1625
b_only,3689,B,22,-0.045843,-0.0295073,-0.0376752,1886
b_only,3689,B,23,-0.0295073,-0.0131717,-0.0213395,2033
b_only,3689,B,24,-0.0131717,0.00316404,-0.00500381,2104
b_only,3689,B,25,0.00316404,0.0194997,0.0113319,2065
b_only,3689,B,26,0.0194997,0.0358354,0.0276676,1981
b_only,3689,B,27,0.0358354,0.0521711,0.0440033,1772
b_only,3689,B,28,0.0521711,0.0685068,0.060339,1453
b_only,3689,B,29,0.0685068,0.0848425,0.0766747,1202
b_only,3689,B,30,0.0848425,0.101178,0.0930103,946
b_only,3689,B,31,0.101178,0.117514,0.109346,733
b_only,3689,B,32,0.117514,0.13385,0.125682,522
b_only,3689,B,33,0.13385,0.150185,0.142017,405
b_only,3689,B,34,0.150185,0.166521,0.158353,264
b_only,3689,B,35,0.166521,0.182857,0.174689,188
b_only,3689,B,36,0.182857,0.199192,0.191024,113
b_only,3689,B,37,0.199192,0.215528,0.20736,60
b_only,3689,B,38,0.215528,0.231864,0.223696,66
b_only,3689,B,39,0.231864,0.248199,0.240032,35
b_only,3689,B,40,0.248199,0.264535,0.256367,16
b_only,3689,B,41,0.264535,0.280871,0.272703,15
b_only,3689,B,42,0.280871,0.297206,0.289039,4
b_only,3689,B,43,0.297206,0.313542,0.305374,6
b_only,3689,B,44,0.313542,0.329878,0.32171,6
b_only,3689,B,45,0.329878,0.346214,0.338046,3
b_only,3689,B,46,0.346214,0.362549,0.354381,3
b_only,3689,B,47,0.362549,0.378885,0.370717,1
b_only,3689,B,48,0.378885,0.395221,0.387053,2
b_only,3689,B,49,0.395221,0.411556,0.403388,1
b_only,3689,C_eff,0,-0.520817,-0.501407,-0.511112,1
b_only,3689,C_eff,1,-0.501407,-0.481997,-0.491702,0
b_only,3689,C_eff,2,-0.481997,-0.462588,-0.472293,0
b_only,3689,C_eff,3,-0.462588,-0.443178,-0.452883,2
b_only,3689,C_eff,4,-0.443178,-0.423768,-0.433473,3
b_only,3689,C_eff,5,-0.423768,-0.404359,-0.414064,1
b_only,3689,C_eff,6,-0.404359,-0.384949,-0.394654,3
b_only,3689,C_eff,7,-0.384949,-0.36554,-0.375244,3
b_only,3689,C_eff,8,-0.36554,-0.34613,-0.355835,5
b_only,3689,C_eff,9,-0.34613,-0.32672,-0.336425,4
b_only,3689,C_eff,10,-0.32672,-0.307311,-0.317015,5
b_only,3689,C_eff,11,-0.307311,-0.287901,-0.297606,7
b_only,3689,C_eff,12,-0.287901,-0.268491,-0.278196,5
b_only,3689,C_eff,13,-0.268491,-0.249082,-0.258787,8
b_only,3689,C_eff,14,-0.249082,-0.229672,-0.239377,21
b_only,3689,C_eff,15,-0.229672,-0.210262,-0.219967,36
b_only,3689,C_eff,16,-0.210262,-0.190853,-0.200558,41
b_only,3689,C_eff,17,-0.190853,-0.171443,-0.181148,103
b_only,3689,C_eff,18,-0.171443,-0.152034,-0.161738,287
b_only,3689,C_eff,19,-0.152034,-0.132624,-0.142329,847
b_only,3689,C_eff,20,-0.132624,-0.113214,-0.122919,2446
b_only,3689,C_eff,21,-0.113214,-0.0938047,-0.103509,6409
b_only,3689,C_eff,22,-0.0938047,-0.074395,-0.0840998,15603
b_only,3689,C_eff,23,-0.074395,-0.0549854,-0.0646902,32954
b_only,3689,C_eff,24,-0.0549854,-0.0355757,-0.0452806,59432
b_only,3689,C_eff,25,-0.0355757,-0.0161661,-0.0258709,88447
b_only,3689,C_eff,26,-0.0161661,0.00324353,-0.00646129,106515
b_only,3689,C_eff,27,0.00324353,0.0226532,0.0129483,102126
b_only,3689,C_eff,28,0.0226532,0.0420628,0.032358,79023
b_only,3689,C_eff,29,0.0420628,0.0614724,0.0517676,50092
b_only,3689,C_eff,30,0.0614724,0.0808821,0.0711773,26165
b_only,3689,C_eff,31,0.0808821,0.100292,0.0905869,11681
b_only,3689,C_eff,32,0.100292,0.119701,0.109997,4786
b_only,3689,C_eff,33,0.119701,0.139111,0.129406,1717
b_only,3689,C_eff,34,0.139111,0.158521,0.148816,654
b_only,3689,C_eff,35,0.158521,0.17793,0.168225,198
b_only,3689,C_eff,36,0.17793,0.19734,0.187635,79
b_only,3689,C_eff,37,0.19734,0.21675,0.207045,34
b_only,3689,C_eff,38,0.21675,0.236159,0.226454,14
b_only,3689,C_eff,39,0.236159,0.255569,0.245864,20
b_only,3689,C_eff,40,0.255569,0.274978,0.265274,11
b_only,3689,C_eff,41,0.274978,0.294388,0.284683,8
b_only,3689,C_eff,42,0.294388,0.313798,0.304093,8
b_only,3689,C_eff,43,0.313798,0.333207,0.323503,5
b_only,3689,C_eff,44,0.333207,0.352617,0.342912,5
b_only,3689,C_eff,45,0.352617,0.372027,0.362322,3
b_only,3689,C_eff,46,0.372027,0.391436,0.381731,2
b_only,3689,C_eff,47,0.391436,0.410846,0.401141,1
b_only,3689,C_eff,48,0.410846,0.430256,0.420551,2
b_only,3689,C_eff,49,0.430256,0.449665,0.43996,2
b_only,5533,A,0,-0.159948,-0.153573,-0.15676,1
b_only,5533,A,1,-0.153573,-0.147198,-0.150386,2
b_only,5533,A,2,-0.147198,-0.140824,-0.144011,3
b_only,5533,A,3,-0.140824,-0.134449,-0.137636,1
b_only,5533,A,4,-0.134449,-0.128074,-0.131261,6
b_only,5533,A,5,-0.128074,-0.121699,-0.124887,10
b_only,5533,A,6,-0.121699,-0.115325,-0.118512,17
b_only,5533,A,7,-0.115325,-0.10895,-0.112137,25
b_only,5533,A,8,-0.10895,-0.102575,-0.105762,54
b_only,5533,A,9,-0.102575,-0.0962003,-0.0993877,74
b_only,5533,A,10,-0.0962003,-0.0898256,-0.093013,118
b_only,5533,A,11,-0.0898256,-0.0834508,-0.0866382,147
b_only,5533,A,12,-0.0834508,-0.0770761,-0.0802635,206
b_only,5533,A,13,-0.0770761,-0.0707013,-0.0738887,284
b_only,5533,A,14,-0.0707013,-0.0643266,-0.067514,347
b_only,5533,A,15,-0.0643266,-0.0579519,-0.0611392,548
b_only,5533,A,16,-0.0579519,-0.0515771,-0.0547645,657
b_only,5533,A,17,-0.0515771,-0.0452024,-0.0483897,761
b_only,5533,A,18,-0.0452024,-0.0388276,-0.042015,925
b_only,5533,A,19,-0.0388276,-0.0324529,-0.0356402,1045
b_only,5533,A,20,-0.0324529,-0.0260781,-0.0292655,1251
b_only,5533,A,21,-0.0260781,-0.0197034,-0.0228907,1296
b_only,5533,A,22,-0.0197034,-0.0133286,-0.016516,1415
b_only,5533,A,23,-0.0133286,-0.00695387,-0.0101412,1518
b_only,5533,A,24,-0.00695387,-0.000579126,-0.0037665,1565
b_only,5533,A,25,-0.000579126,0.00579562,0.00260825,1553
b_only,5533,A,26,0.00579562,0.0121704,0.008983,1532
b_only,5533,A,27,0.0121704,0.0185451,0.0153577,1424
b_only,5533,A,28,0.0185451,0.0249199,0.0217325,1327
b_only,5533,A,29,0.0249199,0.0312946,0.0281072,1229
b_only,5533,A,30,0.0312946,0.0376694,0.034482,1079
b_only,5533,A,31,0.0376694,0.0440441,0.0408567,871
b_only,5533,A,32,0.0440441,0.0504189,0.0472315,729
b_only,5533,A,33,0.0504189,0.0567936,0.0536062,621
b_only,5533,A,34,0.0567936,0.0631683,0.059981,507
b_only,5533,A,35,0.0631683,0.0695431,0.0663557,401
b_only,5533,A,36,0.0695431,0.0759178,0.0727305,317
b_only,5533,A,37,0.0759178,0.0822926,0.0791052,204
b_only,5533,A,38,0.0822926,0.0886673,0.08548,168
b_only,5533,A,39,0.0886673,0.0950421,0.0918547,111
b_only,5533,A,40,0.0950421,0.101417,0.0982295,81
b_only,5533,A,41,0.101417,0.107792,0.104604,50
b_only,5533,A,42,0.107792,0.114166,0.110979,33
b_only,5533,A,43,0.114166,0.120541,0.117354,26
b_only,5533,A,44,0.120541,0.126916,0.123728,15
b_only,5533,A,45,0.126916,0.133291,0.130103,9
b_only,5533,A,46,0.133291,0.139665,0.136478,6
b_only,5533,A,47,0.139665,0.14604,0.142853,1
b_only,5533,A,48,0.14604,0.152415,0.149227,2
b_only,5533,A,49,0.152415,0.15879,0.155602,4
b_only,5533,B,0,-0.458474,-0.438198,-0.448336,2
b_only,5533,B,1,-0.438198,-0.417923,-0.42806,0
b_only,5533,B,2,-0.417923,-0.397647,-0.407785,1
b_only,5533,B,3,-0.397647,-0.377372,-0.387509,2
b_only,5533,B,4,-0.377372,-0.357096,-0.367234,3
b_only,5533,B,5,-0.357096,-0.336821,-0.346958,4
b_only,5533,B,6,-0.336821,-0.316545,-0.326683,7
b_only,5533,B,7,-0.316545,-0.296269,-0.306407,6
b_only,5533,B,8,-0.296269,-0.275994,-0.286132,19
b_only,5533,B,9,-0.275994,-0.255718,-0.265856,19
b_only,5533,B,10,-0.255718,-0.235443,-0.245581,42
b_only,5533,B,11,-0.235443,-0.215167,-0.225305,56
b_only,5533,B,12,-0.215167,-0.194892,-0.20503,103
b_only,5533,B,13,-0.194892,-0.174616,-0.184754,204
b_only,5533,B,14,-0.174616,-0.154341,-0.164479,298
b_only,5533,B,15,-0.154341,-0.134065,-0.144203,455
b_only,5533,B,16,-0.134065,-0.11379,-0.123928,676
b_only,5533,B,17,-0.11379,-0.0935143,-0.103652,1028
b_only,5533,B,18,-0.0935143,-0.0732388,-0.0833765,1312
b_only,5533,B,19,-0.0732388,-0.0529632,-0.063101,1830
b_only,5533,B,20,-0.0529632,-0.0326877,-0.0428255,2180
b_only,5533,B,21,-0.0326877,-0.0124122,-0.02255,2527
b_only,5533,B,22,-0.0124122,0.00786331,-0.00227445,2558
b_only,5533,B,23,0.00786331,0.0281388,0.0180011,2432
b_only,5533,B,24,0.0281388,0.0484143,0.0382766,2224
b_only,5533,B,25,0.0484143,0.0686899,0.0585521,1897
b_only,5533,B,26,0.0686899,0.0889654,0.0788276,1456
b_only,5533,B,27,0.0889654,0.109241,0.0991031,1088
b_only,5533,B,28,0.109241,0.129516,0.119379,769
b_only,5533,B,29,0.129516,0.149792,0.139654,497
b_only,5533,B,30,0.149792,0.170067,0.15993,337
b_only,5533,B,31,0.170067,0.190343,0.180205,212
b_only,5533,B,32,0.190343,0.210619,0.200481,117
b_only,5533,B,33,0.210619,0.230894,0.220756,75
b_only,5533,B,34,0.230894,0.25117,0.241032,53
b_only,5533,B,35,0.25117,0.271445,0.261307,32
b_only,5533,B,36,0.271445,0.291721,0.281583,17
b_only,5533,B,37,0.291721,0.311996,0.301858,10
b_only,5533,B,38,0.311996,0.332272,0.322134,9
b_only,5533,B,39,0.332272,0.352547,0.342409,8
b_only,5533,B,40,0.352547,0.372823,0.362685,5
b_only,5533,B,41,0.372823,0.393098,0.38296,1
b_only,5533,B,42,0.393098,0.413374,0.403236,1
b_only,5533,B,43,0.413374,0.433649,0.423511,1
b_only,5533,B,44,0.433649,0.453925,0.443787,0
b_only,5533,B,45,0.453925,0.4742,0.464062,1
b_only,5533,B,46,0.4742,0.494476,0.484338,0
b_only,5533,B,47,0.494476,0.514751,0.504614,0
b_only,5533,B,48,0.514751,0.535027,0.524889,0
b_only,5533,B,49,0.535027,0.555302,0.545165,2
b_only,5533,C_eff,0,-0.520817,-0.501407,-0.511112,1
b_only,5533,C_eff,1,-0.501407,-0.481997,-0.491702,0
b_only,5533,C_eff,2,-0.481997,-0.462588,-0.472293,0
b_only,5533,C_eff,3,-0.462588,-0.443178,-0.452883,2
b_only,5533,C_eff,4,-0.443178,-0.423768,-0.433473,3
b_only,5533,C_eff,5,-0.423768,-0.404359,-0.414064,1
b_only,5533,C_eff,6,-0.404359,-0.384949,-0.394654,3
b_only,5533,C_eff,7,-0.384949,-0.36554,-0.375244,2
b_only,5533,C_eff,8,-0.36554,-0.34613,-0.355835,5
b_only,5533,C_eff,9,-0.34613,-0.32672,-0.336425,6
b_only,5533,C_eff,10,-0.32672,-0.307311,-0.317015,4
b_only,5533,C_eff,11,-0.307311,-0.287901,-0.297606,7
b_only,5533,C_eff,12,-0.287901,-0.268491,-0.278196,4
b_only,5533,C_eff,13,-0.268491,-0.249082,-0.258787,9
b_only,5533,C_eff,14,-0.249082,-0.229672,-0.239377,19
b_only,5533,C_eff,15,-0.229672,-0.210262,-0.219967,36
b_only,5533,C_eff,16,-0.210262,-0.190853,-0.200558,42
b_only,5533,C_eff,17,-0.190853,-0.171443,-0.181148,95
b_only,5533,C_eff,18,-0.171443,-0.152034,-0.161738,297
b_only,5533,C_eff,19,-0.152034,-0.132624,-0.142329,932
b_only,5533,C_eff,20,-0.132624,-0.113214,-0.122919,2576
b_only,5533,C_eff,21,-0.113214,-0.0938047,-0.103509,6648
b_only,5533,C_eff,22,-0.0938047,-0.074395,-0.0840998,15982
b_only,5533,C_eff,23,-0.074395,-0.0549854,-0.0646902,33534
b_only,5533,C_eff,24,-0.0549854,-0.0355757,-0.0452806,59616
b_only,5533,C_eff,25,-0.0355757,-0.0161661,-0.0258709,88031
b_only,5533,C_eff,26,-0.0161661,0.00324353,-0.00646129,105134
b_only,5533,C_eff,27,0.00324353,0.0226532,0.0129483,101275
b_only,5533,C_eff,28,0.0226532,0.0420628,0.032358,78484
b_only,5533,C_eff,29,0.0420628,0.0614724,0.0517676,50365
b_only,5533,C_eff,30,0.0614724,0.0808821,0.0711773,26744
b_only,5533,C_eff,31,0.0808821,0.100292,0.0905869,12128
b_only,5533,C_eff,32,0.100292,0.119701,0.109997,4940
b_only,5533,C_eff,33,0.119701,0.139111,0.129406,1821
b_only,5533,C_eff,34,0.139111,0.158521,0.148816,688
b_only,5533,C_eff,35,0.158521,0.17793,0.168225,194
b_only,5533,C_eff,36,0.17793,0.19734,0.187635,85
b_only,5533,C_eff,37,0.19734,0.21675,0.207045,30
b_only,5533,C_eff,38,0.21675,0.236159,0.226454,14
b_only,5533,C_eff,39,0.236159,0.255569,0.245864,21
b_only,5533,C_eff,40,0.255569,0.274978,0.265274,10
b_only,5533,C_eff,41,0.274978,0.294388,0.284683,12
b_only,5533,C_eff,42,0.294388,0.313798,0.304093,4
b_only,5533,C_eff,43,0.313798,0.333207,0.323503,4
b_only,5533,C_eff,44,0.333207,0.352617,0.342912,8
b_only,5533,C_eff,45,0.352617,0.372027,0.362322,3
b_only,5533,C_eff,46,0.372027,0.391436,0.381731,0
b_only,5533,C_eff,47,0.391436,0.410846,0.401141,1
b_only,5533,C_eff,48,0.410846,0.430256,0.420551,3
b_only,5533,C_eff,49,0.430256,0.449665,0.43996,1
b_only,7377,A,0,-0.170025,-0.163559,-0.166792,1
b_only,7377,A,1,-0.163559,-0.157093,-0.160326,1
b_only,7377,A,2,-0.157093,-0.150627,-0.15386,1
b_only,7377,A,3,-0.150627,-0.144161,-0.147394,2
b_only,7377,A,4,-0.144161,-0.137695,-0.140928,2
b_only,7377,A,5,-0.137695,-0.131229,-0.134462,4
b_only,7377,A,6,-0.131229,-0.124763,-0.127996,11
b_only,7377,A,7,-0.124763,-0.118297,-0.12153,17
b_only,7377,A,8,-0.118297,-0.111831,-0.115064,37
b_only,7377,A,9,-0.111831,-0.105365,-0.108598,42
b_only,7377,A,10,-0.105365,-0.0988986,-0.102132,61
b_only,7377,A,11,-0.0988986,-0.0924325,-0.0956655,106
b_only,7377,A,12,-0.0924325,-0.0859665,-0.0891995,112
b_only,7377,A,13,-0.0859665,-0.0795005,-0.0827335,200
b_only,7377,A,14,-0.0795005,-0.0730344,-0.0762674,227
b_only,7377,A,15,-0.0730344,-0.0665684,-0.0698014,371
b_only,7377,A,16,-0.0665684,-0.0601023,-0.0633354,467
b_only,7377,A,17,-0.0601023,-0.0536363,-0.0568693,613
b_only,7377,A,18,-0.0536363,-0.0471703,-0.0504033,730
b_only,7377,A,19,-0.0471703,-0.0407042,-0.0439372,827
b_only,7377,A,20,-0.0407042,-0.0342382,-0.0374712,1053
b_only,7377,A,21,-0.0342382,-0.0277721,-0.0310052,1119
b_only,7377,A,22,-0.0277721,-0.0213061,-0.0245391,1368
b_only,7377,A,23,-0.0213061,-0.0148401,-0.0180731,1458
b_only,7377,A,24,-0.0148401,-0.00837403,-0.011607,1450
b_only,7377,A,25,-0.00837403,-0.00190799,-0.00514101,1536
b_only,7377,A,26,-0.00190799,0.00455805,0.00132503,1598
b_only,7377,A,27,0.00455805,0.0110241,0.00779107,1484
b_only,7377,A,28,0.0110241,0.0174901,0.0142571,1447
b_only,7377,A,29,0.0174901,0.0239562,0.0207231,1387
b_only,7377,A,30,0.0239562,0.0304222,0.0271892,1310
b_only,7377,A,31,0.0304222,0.0368882,0.0336552,1097
b_only,7377,A,32,0.0368882,0.0433543,0.0401213,967
b_only,7377,A,33,0.0433543,0.0498203,0.0465873,760
b_only,7377,A,34,0.0498203,0.0562864,0.0530533,766
b_only,7377,A,35,0.0562864,0.0627524,0.0595194,512
b_only,7377,A,36,0.0627524,0.0692184,0.0659854,406
b_only,7377,A,37,0.0692184,0.0756845,0.0724515,277
b_only,7377,A,38,0.0756845,0.0821505,0.0789175,215
b_only,7377,A,39,0.0821505,0.0886165,0.0853835,182
b_only,7377,A,40,0.0886165,0.0950826,0.0918496,121
b_only,7377,A,41,0.0950826,0.101549,0.0983156,80
b_only,7377,A,42,0.101549,0.108015,0.104782,54
b_only,7377,A,43,0.108015,0.114481,0.111248,41
b_only,7377,A,44,0.114481,0.120947,0.117714,18
b_only,7377,A,45,0.120947,0.127413,0.12418,15
b_only,7377,A,46,0.127413,0.133879,0.130646,13
b_only,7377,A,47,0.133879,0.140345,0.137112,6
b_only,7377,A,48,0.140345,0.146811,0.143578,1
b_only,7377,A,49,0.146811,0.153277,0.150044,3
b_only,7377,B,0,-0.630232,-0.604623,-0.617428,1
b_only,7377,B,1,-0.604623,-0.579014,-0.591818,0
b_only,7377,B,2,-0.579014,-0.553405,-0.566209,0
b_only,7377,B,3,-0.553405,-0.527796,-0.5406,0
b_only,7377,B,4,-0.527796,-0.502187,-0.514991,0
b_only,7377,B,5,-0.502187,-0.476577,-0.489382,0
b_only,7377,B,6,-0.476577,-0.450968,-0.463773,2
b_only,7377,B,7,-0.450968,-0.425359,-0.438164,1
b_only,7377,B,8,-0.425359,-0.39975,-0.412555,3
b_only,7377,B,9,-0.39975,-0.374141,-0.386946,2
b_only,7377,B,10,-0.374141,-0.348532,-0.361336,9
b_only,7377,B,11,-0.348532,-0.322923,-0.335727,6
b_only,7377,B,12,-0.322923,-0.297314,-0.310118,6
b_only,7377,B,13,-0.297314,-0.271705,-0.284509,22
b_only,7377,B,14,-0.271705,-0.246095,-0.2589,27
b_only,7377,B,15,-0.246095,-0.220486,-0.233291,60
b_only,7377,B,16,-0.220486,-0.194877,-0.207682,147
b_only,7377,B,17,-0.194877,-0.169268,-0.182073,254
b_only,7377,B,18,-0.169268,-0.143659,-0.156464,459
b_only,7377,B,19,-0.143659,-0.11805,-0.130854,762
b_only,7377,B,20,-0.11805,-0.0924408,-0.105245,1226
b_only,7377,B,21,-0.0924408,-0.0668317,-0.0796363,1901
b_only,7377,B,22,-0.0668317,-0.0412226,-0.0540272,2508
b_only,7377,B,23,-0.0412226,-0.0156135,-0.0284181,2994
b_only,7377,B,24,-0.0156135,0.00999561,-0.00280895,3187
b_only,7377,B,25,0.00999561,0.0356047,0.0228002,3037
b_only,7377,B,26,0.0356047,0.0612138,0.0484093,2625
b_only,7377,B,27,0.0612138,0.0868229,0.0740184,1981
b_only,7377,B,28,0.0868229,0.112432,0.0996275,1347
b_only,7377,B,29,0.112432,0.138041,0.125237,851
b_only,7377,B,30,0.138041,0.16365,0.150846,513
b_only,7377,B,31,0.16365,0.189259,0.176455,279
b_only,7377,B,32,0.189259,0.214868,0.202064,159
b_only,7377,B,33,0.214868,0.240478,0.227673,98
b_only,7377,B,34,0.240478,0.266087,0.253282,48
b_only,7377,B,35,0.266087,0.291696,0.278891,28
b_only,7377,B,36,0.291696,0.317305,0.3045,13
b_only,7377,B,37,0.317305,0.342914,0.330109,7
b_only,7377,B,38,0.342914,0.368523,0.355719,5
b_only,7377,B,39,0.368523,0.394132,0.381328,2
b_only,7377,B,40,0.394132,0.419741,0.406937,1
b_only,7377,B,41,0.419741,0.44535,0.432546,1
b_only,7377,B,42,0.44535,0.47096,0.458155,1
b_only,7377,B,43,0.47096,0.496569,0.483764,1
b_only,7377,B,44,0.496569,0.522178,0.509373,0
b_only,7377,B,45,0.522178,0.547787,0.534982,0
b_only,7377,B,46,0.547787,0.573396,0.560591,0
b_only,7377,B,47,0.573396,0.599005,0.586201,0
b_only,7377,B,48,0.599005,0.624614,0.61181,1
b_only,7377,B,49,0.624614,0.650223,0.637419,1
b_only,7377,C_eff,0,-0.518766,-0.499362,-0.509064,1
b_only,7377,C_eff,1,-0.499362,-0.479958,-0.48966,0
b_only,7377,C_eff,2,-0.479958,-0.460554,-0.470256,0
b_only,7377,C_eff,3,-0.460554,-0.44115,-0.450852,2
b_only,7377,C_eff,4,-0.44115,-0.421746,-0.431448,2
b_only,7377,C_eff,5,-0.421746,-0.402342,-0.412044,2
b_only,7377,C_eff,6,-0.402342,-0.382938,-0.39264,2
b_only,7377,C_eff,7,-0.382938,-0.363534,-0.373236,5
b_only,7377,C_eff,8,-0.363534,-0.344129,-0.353831,3
b_only,7377,C_eff,9,-0.344129,-0.324725,-0.334427,6
b_only,7377,C_eff,10,-0.324725,-0.305321,-0.315023,5
b_only,7377,C_eff,11,-0.305321,-0.285917,-0.295619,7
b_only,7377,C_eff,12,-0.285917,-0.266513,-0.276215,4
b_only,7377,C_eff,13,-0.266513,-0.247109,-0.256811,8
b_only,7377,C_eff,14,-0.247109,-0.227705,-0.237407,22
b_only,7377,C_eff,15,-0.227705,-0.208301,-0.218003,40
b_only,7377,C_eff,16,-0.208301,-0.188897,-0.198599,37
b_only,7377,C_eff,17,-0.188897,-0.169492,-0.179195,115
b_only,7377,C_eff,18,-0.169492,-0.150088,-0.15979,345
b_only,7377,C_eff,19,-0.150088,-0.130684,-0.140386,1023
b_only,7377,C_eff,20,-0.130684,-0.11128,-0.120982,2939
b_only,7377,C_eff,21,-0.11128,-0.091876,-0.101578,7418
b_only,7377,C_eff,22,-0.091876,-0.0724719,-0.082174,17600
b_only,7377,C_eff,23,-0.0724719,-0.0530678,-0.0627699,35911
b_only,7377,C_eff,24,-0.0530678,-0.0336637,-0.0433658,62436
b_only,7377,C_eff,25,-0.0336637,-0.0142596,-0.0239617,90236
b_only,7377,C_eff,26,-0.0142596,0.00514449,-0.00455756,104949
b_only,7377,C_eff,27,0.00514449,0.0245486,0.0148465,99393
b_only,7377,C_eff,28,0.0245486,0.0439527,0.0342506,75583
b_only,7377,C_eff,29,0.0439527,0.0633568,0.0536548,47892
b_only,7377,C_eff,30,0.0633568,0.0827609,0.0730589,25232
b_only,7377,C_eff,31,0.0827609,0.102165,0.092463,11286
b_only,7377,C_eff,32,0.102165,0.121569,0.111867,4626
b_only,7377,C_eff,33,0.121569,0.140973,0.131271,1689
b_only,7377,C_eff,34,0.140973,0.160377,0.150675,632
b_only,7377,C_eff,35,0.160377,0.179781,0.170079,191
b_only,7377,C_eff,36,0.179781,0.199186,0.189483,74
b_only,7377,C_eff,37,0.199186,0.21859,0.208888,29
b_only,7377,C_eff,38,0.21859,0.237994,0.228292,14
b_only,7377,C_eff,39,0.237994,0.257398,0.247696,20
b_only,7377,C_eff,40,0.257398,0.276802,0.2671,10
b_only,7377,C_eff,41,0.276802,0.296206,0.286504,11
b_only,7377,C_eff,42,0.296206,0.31561,0.305908,6
b_only,7377,C_eff,43,0.31561,0.335014,0.325312,3
b_only,7377,C_eff,44,0.335014,0.354418,0.344716,7
b_only,7377,C_eff,45,0.354418,0.373822,0.36412,3
b_only,7377,C_eff,46,0.373822,0.393227,0.383525,0
b_only,7377,C_eff,47,0.393227,0.412631,0.402929,1
b_only,7377,C_eff,48,0.412631,0.432035,0.422333,3
b_only,7377,C_eff,49,0.432035,0.451439,0.441737,1
both,1,A,0,-0.0398236,-0.0381562,-0.0389899,1
both,1,A,1,-0.0381562,-0.0364887,-0.0373225,2
both,1,A,2,-0.0364887,-0.0348213,-0.035655,1
both,1,A,3,-0.0348213,-0.0331539,-0.0339876,5
both,1,A,4,-0.0331539,-0.0314864,-0.0323201,7
both,1,A,5,-0.0314864,-0.029819,-0.0306527,14
both,1,A,6,-0.029819,-0.0281515,-0.0289853,24
both,1,A,7,-0.0281515,-0.0264841,-0.0273178,36
both,1,A,8,-0.0264841,-0.0248167,-0.0256504,45
both,1,A,9,-0.0248167,-0.0231492,-0.0239829,90
both,1,A,10,-0.0231492,-0.0214818,-0.0223155,135
both,1,A,11,-0.0214818,-0.0198143,-0.0206481,212
both,1,A,12,-0.0198143,-0.0181469,-0.0189806,269
both,1,A,13,-0.0181469,-0.0164795,-0.0173132,364
both,1,A,14,-0.0164795,-0.014812,-0.0156457,484
both,1,A,15,-0.014812,-0.0131446,-0.0139783,623
both,1,A,16,-0.0131446,-0.0114771,-0.0123109,732
both,1,A,17,-0.0114771,-0.00980969,-0.0106434,901
both,1,A,18,-0.00980969,-0.00814225,-0.00897597,1100
both,1,A,19,-0.00814225,-0.00647481,-0.00730853,1239
both,1,A,20,-0.00647481,-0.00480737,-0.00564109,1420
both,1,A,21,-0.00480737,-0.00313993,-0.00397365,1568
both,1,A,22,-0.00313993,-0.00147249,-0.00230621,1595
both,1,A,23,-0.00147249,0.000194949,-0.000638771,1649
both,1,A,24,0.000194949,0.00186239,0.00102867,1626
both,1,A,25,0.00186239,0.00352983,0.00269611,1537
both,1,A,26,0.00352983,0.00519727,0.00436355,1521
both,1,A,27,0.00519727,0.00686471,0.00603099,1312
both,1,A,28,0.00686471,0.00853215,0.00769843,1213
both,1,A,29,0.00853215,0.0101996,0.00936587,1080
both,1,A,30,0.0101996,0.011867,0.0110333,940
both,1,A,31,0.011867,0.0135345,0.0127008,726
both,1,A,32,0.0135345,0.0152019,0.0143682,528
both,1,A,33,0.0152019,0.0168694,0.0160356,425
both,1,A,34,0.0168694,0.0185368,0.0177031,369
both,1,A,35,0.0185368,0.0202042,0.0193705,246
both,1,A,36,0.0202042,0.0218717,0.021038,194
both,1,A,37,0.0218717,0.0235391,0.0227054,124
both,1,A,38,0.0235391,0.0252066,0.0243728,87
both,1,A,39,0.0252066,0.026874,0.0260403,49
both,1,A,40,0.026874,0.0285414,0.0277077,27
both,1,A,41,0.0285414,0.0302089,0.0293752,26
both,1,A,42,0.0302089,0.0318763,0.0310426,13
both,1,A,43,0.0318763,0.0335438,0.03271,5
both,1,A,44,0.0335438,0.0352112,0.0343775,3
both,1,A,45,0.0352112,0.0368786,0.0360449,4
both,1,A,46,0.0368786,0.0385461,0.0377124,2
both,1,A,47,0.0385461,0.0402135,0.0393798,0
both,1,A,48,0.0402135,0.041881,0.0410472,1
both,1,A,49,0.041881,0.0435484,0.0427147,2
both,1,B,0,-0.0360828,-0.0346395,-0.0353612,490
both,1,B,1,-0.0346395,-0.0331962,-0.0339179,493
both,1,B,2,-0.0331962,-0.031753,-0.0324746,469
both,1,B,3,-0.031753,-0.0303097,-0.0310313,501
both,1,B,4,-0.0303097,-0.0288664,-0.029588,463
both,1,B,5,-0.0288664,-0.0274231,-0.0281448,483
both,1,B,6,-0.0274231,-0.0259798,-0.0267015,511
both,1,B,7,-0.0259798,-0.0245366,-0.0252582,481
both,1,B,8,-0.0245366,-0.0230933,-0.0238149,473
both,1,B,9,-0.0230933,-0.02165,-0.0223716,485
both,1,B,10,-0.02165,-0.0202067,-0.0209284,494
both,1,B,11,-0.0202067,-0.0187634,-0.0194851,517
both,1,B,12,-0.0187634,-0.0173202,-0.0180418,509
both,1,B,13,-0.0173202,-0.0158769,-0.0165985,519
both,1,B,14,-0.0158769,-0.0144336,-0.0151552,466
both,1,B,15,-0.0144336,-0.0129903,-0.013712,509
both,1,B,16,-0.0129903,-0.011547,-0.0122687,491
both,1,B,17,-0.011547,-0.0101038,-0.0108254,523
both,1,B,18,-0.0101038,-0.00866047,-0.00938211,482
both,1,B,19,-0.00866047,-0.00721719,-0.00793883,447
both,1,B,20,-0.00721719,-0.00577391,-0.00649555,493
both,1,B,21,-0.00577391,-0.00433063,-0.00505227,507
both,1,B,22,-0.00433063,-0.00288735,-0.00360899,475
both,1,B,23,-0.00288735,-0.00144407,-0.00216571,499
both,1,B,24,-0.00144407,-7.89762e-07,-0.00072243,531
both,1,B,25,-7.89762e-07,0.00144249,0.00072085,507
both,1,B,26,0.00144249,0.00288577,0.00216413,494
both,1,B,27,0.00288577,0.00432905,0.00360741,480
both,1,B,28,0.00432905,0.00577233,0.00505069,517
both,1,B,29,0.00577233,0.00721561,0.00649397,526
both,1,B,30,0.00721561,0.00865889,0.00793725,470
both,1,B,31,0.00865889,0.0101022,0.00938053,509
both,1,B,32,0.0101022,0.0115455,0.0108238,490
both,1,B,33,0.0115455,0.0129887,0.0122671,511
both,1,B,34,0.0129887,0.014432,0.0137104,493
both,1,B,35,0.014432,0.0158753,0.0151537,501
both,1,B,36,0.0158753,0.0173186,0.0165969,495
both,1,B,37,0.0173186,0.0187619,0.0180402,474
both,1,B,38,0.0187619,0.0202051,0.0194835,467
both,1,B,39,0.0202051,0.0216484,0.0209268,458
both,1,B,40,0.0216484,0.0230917,0.0223701,503
both,1,B,41,0.0230917,0.024535,0.0238133,461
both,1,B,42,0.024535,0.0259783,0.0252566,499
both,1,B,43,0.0259783,0.0274215,0.0266999,461
both,1,B,44,0.0274215,0.0288648,0.0281432,460
both,1,B,45,0.0288648,0.0303081,0.0295865,495
both,1,B,46,0.0303081,0.0317514,0.0310297,499
both,1,B,47,0.0317514,0.0331947,0.032473,498
both,1,B,48,0.0331947,0.0346379,0.0339163,516
both,1,B,49,0.0346379,0.0360812,0.0353596,481
both,1,C_eff,0,-0.524917,-0.505337,-0.515127,1
both,1,C_eff,1,-0.505337,-0.485757,-0.495547,0
both,1,C_eff,2,-0.485757,-0.466176,-0.475967,0
both,1,C_eff,3,-0.466176,-0.446596,-0.456386,2
both,1,C_eff,4,-0.446596,-0.427016,-0.436806,3
both,1,C_eff,5,-0.427016,-0.407435,-0.417226,1
both,1,C_eff,6,-0.407435,-0.387855,-0.397645,3
both,1,C_eff,7,-0.387855,-0.368275,-0.378065,2
both,1,C_eff,8,-0.368275,-0.348694,-0.358485,7
both,1,C_eff,9,-0.348694,-0.329114,-0.338904,3
both,1,C_eff,10,-0.329114,-0.309534,-0.319324,7
both,1,C_eff,11,-0.309534,-0.289953,-0.299743,6
both,1,C_eff,12,-0.289953,-0.270373,-0.280163,3
both,1,C_eff,13,-0.270373,-0.250793,-0.260583,11
both,1,C_eff,14,-0.250793,-0.231212,-0.241002,17
both,1,C_eff,15,-0.231212,-0.211632,-0.221422,39
both,1,C_eff,16,-0.211632,-0.192052,-0.201842,41
both,1,C_eff,17,-0.192052,-0.172471,-0.182261,96
both,1,C_eff,18,-0.172471,-0.152891,-0.162681,250
both,1,C_eff,19,-0.152891,-0.133311,-0.143101,762
both,1,C_eff,20,-0.133311,-0.11373,-0.12352,2196
both,1,C_eff,21,-0.11373,-0.09415,-0.10394,5741
both,1,C_eff,22,-0.09415,-0.0745696,-0.0843598,14807
both,1,C_eff,23,-0.0745696,-0.0549893,-0.0647794,32177
both,1,C_eff,24,-0.0549893,-0.0354089,-0.0451991,59262
both,1,C_eff,25,-0.0354089,-0.0158286,-0.0256188,90980
both,1,C_eff,26,-0.0158286,0.00375173,-0.00603844,110283
both,1,C_eff,27,0.00375173,0.0233321,0.0135419,104151
both,1,C_eff,28,0.0233321,0.0429124,0.0331222,79459
both,1,C_eff,29,0.0429124,0.0624927,0.0527026,48443
both,1,C_eff,30,0.0624927,0.0820731,0.0722829,24240
both,1,C_eff,31,0.0820731,0.101653,0.0918632,10411
both,1,C_eff,32,0.101653,0.121234,0.111444,4084
both,1,C_eff,33,0.121234,0.140814,0.131024,1446
both,1,C_eff,34,0.140814,0.160394,0.150604,516
both,1,C_eff,35,0.160394,0.179975,0.170185,192
both,1,C_eff,36,0.179975,0.199555,0.189765,67
both,1,C_eff,37,0.199555,0.219135,0.209345,34
both,1,C_eff,38,0.219135,0.238716,0.228926,16
both,1,C_eff,39,0.238716,0.258296,0.248506,20
both,1,C_eff,40,0.258296,0.277876,0.268086,8
both,1,C_eff,41,0.277876,0.297457,0.287667,10
both,1,C_eff,42,0.297457,0.317037,0.307247,7
both,1,C_eff,43,0.317037,0.336617,0.326827,5
both,1,C_eff,44,0.336617,0.356198,0.346408,7
both,1,C_eff,45,0.356198,0.375778,0.365988,2
both,1,C_eff,46,0.375778,0.395358,0.385568,1
both,1,C_eff,47,0.395358,0.414939,0.405149,2
both,1,C_eff,48,0.414939,0.434519,0.424729,1
both,1,C_eff,49,0.434519,0.454099,0.444309,2
both,1845,A,0,-0.385171,-0.370079,-0.377625,1
both,1845,A,1,-0.370079,-0.354987,-0.362533,0
both,1845,A,2,-0.354987,-0.339895,-0.347441,1
both,1845,A,3,-0.339895,-0.324803,-0.332349,2
both,1845,A,4,-0.324803,-0.309711,-0.317257,0
both,1845,A,5,-0.309711,-0.294618,-0.302165,6
both,1845,A,6,-0.294618,-0.279526,-0.287072,4
both,1845,A,7,-0.279526,-0.264434,-0.27198,8
both,1845,A,8,-0.264434,-0.249342,-0.256888,12
both,1845,A,9,-0.249342,-0.23425,-0.241796,14
both,1845,A,10,-0.23425,-0.219158,-0.226704,20
both,1845,A,11,-0.219158,-0.204066,-0.211612,52
both,1845,A,12,-0.204066,-0.188973,-0.196519,60
both,1845,A,13,-0.188973,-0.173881,-0.181427,87
both,1845,A,14,-0.173881,-0.158789,-0.166335,166
both,1845,A,15,-0.158789,-0.143697,-0.151243,225
both,1845,A,16,-0.143697,-0.128605,-0.136151,325
both,1845,A,17,-0.128605,-0.113513,-0.121059,475
both,1845,A,18,-0.113513,-0.0984205,-0.105967,668
both,1845,A,19,-0.0984205,-0.0833283,-0.0908744,854
both,1845,A,20,-0.0833283,-0.0682362,-0.0757822,1152
both,1845,A,21,-0.0682362,-0.053144,-0.0606901,1395
both,1845,A,22,-0.053144,-0.0380519,-0.0455979,1638
both,1845,A,23,-0.0380519,-0.0229597,-0.0305058,1873
both,1845,A,24,-0.0229597,-0.00786756,-0.0154136,2115
both,1845,A,25,-0.00786756,0.00722459,-0.000321483,2122
both,1845,A,26,0.00722459,0.0223167,0.0147707,2140
both,1845,A,27,0.0223167,0.0374089,0.0298628,1935
both,1845,A,28,0.0374089,0.0525011,0.044955,1695
both,1845,A,29,0.0525011,0.0675932,0.0600471,1344
both,1845,A,30,0.0675932,0.0826854,0.0751393,1160
both,1845,A,31,0.0826854,0.0977775,0.0902314,878
both,1845,A,32,0.0977775,0.11287,0.105324,688
both,1845,A,33,0.11287,0.127962,0.120416,467
both,1845,A,34,0.127962,0.143054,0.135508,349
both,1845,A,35,0.143054,0.158146,0.1506,209
both,1845,A,36,0.158146,0.173238,0.165692,157
both,1845,A,37,0.173238,0.18833,0.180784,103
both,1845,A,38,0.18833,0.203423,0.195877,80
both,1845,A,39,0.203423,0.218515,0.210969,41
both,1845,A,40,0.218515,0.233607,0.226061,21
both,1845,A,41,0.233607,0.248699,0.241153,14
both,1845,A,42,0.248699,0.263791,0.256245,5
both,1845,A,43,0.263791,0.278883,0.271337,7
both,1845,A,44,0.278883,0.293975,0.286429,5
both,1845,A,45,0.293975,0.309068,0.301522,1
both,1845,A,46,0.309068,0.32416,0.316614,0
both,1845,A,47,0.32416,0.339252,0.331706,1
both,1845,A,48,0.339252,0.354344,0.346798,0
both,1845,A,49,0.354344,0.369436,0.36189,1
both,1845,B,0,-0.390943,-0.375437,-0.38319,1
both,1845,B,1,-0.375437,-0.359931,-0.367684,0
both,1845,B,2,-0.359931,-0.344425,-0.352178,1
both,1845,B,3,-0.344425,-0.328918,-0.336672,2
both,1845,B,4,-0.328918,-0.313412,-0.321165,2
both,1845,B,5,-0.313412,-0.297906,-0.305659,3
both,1845,B,6,-0.297906,-0.2824,-0.290153,9
both,1845,B,7,-0.2824,-0.266894,-0.274647,6
both,1845,B,8,-0.266894,-0.251388,-0.259141,13
both,1845,B,9,-0.251388,-0.235882,-0.243635,15
both,1845,B,10,-0.235882,-0.220375,-0.228128,26
both,1845,B,11,-0.220375,-0.204869,-0.212622,54
both,1845,B,12,-0.204869,-0.189363,-0.197116,83
both,1845,B,13,-0.189363,-0.173857,-0.18161,123
both,1845,B,14,-0.173857,-0.158351,-0.166104,172
both,1845,B,15,-0.158351,-0.142845,-0.150598,271
both,1845,B,16,-0.142845,-0.127338,-0.135091,367
both,1845,B,17,-0.127338,-0.111832,-0.119585,541
both,1845,B,18,-0.111832,-0.0963261,-0.104079,737
both,1845,B,19,-0.0963261,-0.0808199,-0.088573,979
both,1845,B,20,-0.0808199,-0.0653137,-0.0730668,1221
both,1845,B,21,-0.0653137,-0.0498076,-0.0575607,1549
both,1845,B,22,-0.0498076,-0.0343014,-0.0420545,1721
both,1845,B,23,-0.0343014,-0.0187953,-0.0265483,1897
both,1845,B,24,-0.0187953,-0.0032891,-0.0110422,2027
both,1845,B,25,-0.0032891,0.0122171,0.00446398,2136
both,1845,B,26,0.0122171,0.0277232,0.0199701,1966
both,1845,B,27,0.0277232,0.0432294,0.0354763,1772
both,1845,B,28,0.0432294,0.0587355,0.0509825,1644
both,1845,B,29,0.0587355,0.0742417,0.0664886,1362
both,1845,B,30,0.0742417,0.0897479,0.0819948,1078
both,1845,B,31,0.0897479,0.105254,0.0975009,836
both,1845,B,32,0.105254,0.12076,0.113007,630
both,1845,B,33,0.12076,0.136266,0.128513,415
both,1845,B,34,0.136266,0.151772,0.144019,282
both,1845,B,35,0.151772,0.167279,0.159526,227
both,1845,B,36,0.167279,0.182785,0.175032,138
both,1845,B,37,0.182785,0.198291,0.190538,106
both,1845,B,38,0.198291,0.213797,0.206044,61
both,1845,B,39,0.213797,0.229303,0.22155,45
both,1845,B,40,0.229303,0.244809,0.237056,21
both,1845,B,41,0.244809,0.260316,0.252563,5
both,1845,B,42,0.260316,0.275822,0.268069,8
both,1845,B,43,0.275822,0.291328,0.283575,9
both,1845,B,44,0.291328,0.306834,0.299081,3
both,1845,B,45,0.306834,0.32234,0.314587,3
both,1845,B,46,0.32234,0.337846,0.330093,2
both,1845,B,47,0.337846,0.353353,0.3456,2
both,1845,B,48,0.353353,0.368859,0.361106,2
both,1845,B,49,0.368859,0.384365,0.376612,3
both,1845,C_eff,0,-0.520817,-0.501318,-0.511068,1
both,1845,C_eff,1,-0.501318,-0.48182,-0.491569,0
both,1845,C_eff,2,-0.48182,-0.462322,-0.472071,0
both,1845,C_eff,3,-0.462322,-0.442823,-0.452573,1
both,1845,C_eff,4,-0.442823,-0.423325,-0.433074,2
both,1845,C_eff,5,-0.423325,-0.403827,-0.413576,3
both,1845,C_eff,6,-0.403827,-0.384328,-0.394078,2
both,1845,C_eff,7,-0.384328,-0.36483,-0.374579,3
both,1845,C_eff,8,-0.36483,-0.345332,-0.355081,7
both,1845,C_eff,9,-0.345332,-0.325833,-0.335583,4
both,1845,C_eff,10,-0.325833,-0.306335,-0.316084,5
both,1845,C_eff,11,-0.306335,-0.286837,-0.296586,4
both,1845,C_eff,12,-0.286837,-0.267338,-0.277088,7
both,1845,C_eff,13,-0.267338,-0.24784,-0.257589,9
both,1845,C_eff,14,-0.24784,-0.228342,-0.238091,18
both,1845,C_eff,15,-0.228342,-0.208844,-0.218593,37
both,1845,C_eff,16,-0.208844,-0.189345,-0.199094,47
both,1845,C_eff,17,-0.189345,-0.169847,-0.179596,121
both,1845,C_eff,18,-0.169847,-0.150349,-0.160098,299
both,1845,C_eff,19,-0.150349,-0.13085,-0.140599,975
both,1845,C_eff,20,-0.13085,-0.111352,-0.121101,2675
both,1845,C_eff,21,-0.111352,-0.0918536,-0.101603,6954
both,1845,C_eff,22,-0.0918536,-0.0723553,-0.0821044,16959
both,1845,C_eff,23,-0.0723553,-0.0528569,-0.0626061,35550
both,1845,C_eff,24,-0.0528569,-0.0333586,-0.0431078,62833
both,1845,C_eff,25,-0.0333586,-0.0138603,-0.0236094,92210
both,1845,C_eff,26,-0.0138603,0.00563804,-0.00411112,107990
both,1845,C_eff,27,0.00563804,0.0251364,0.0153872,100331
both,1845,C_eff,28,0.0251364,0.0446347,0.0348855,75822
both,1845,C_eff,29,0.0446347,0.064133,0.0543839,46553
both,1845,C_eff,30,0.064133,0.0836313,0.0738822,23697
both,1845,C_eff,31,0.0836313,0.10313,0.0933805,10173
both,1845,C_eff,32,0.10313,0.122628,0.112879,4152
both,1845,C_eff,33,0.122628,0.142126,0.132377,1496
both,1845,C_eff,34,0.142126,0.161625,0.151875,544
both,1845,C_eff,35,0.161625,0.181123,0.171374,174
both,1845,C_eff,36,0.181123,0.200621,0.190872,60
both,1845,C_eff,37,0.200621,0.22012,0.21037,29
both,1845,C_eff,38,0.22012,0.239618,0.229869,11
both,1845,C_eff,39,0.239618,0.259116,0.249367,22
both,1845,C_eff,40,0.259116,0.278615,0.268865,10
both,1845,C_eff,41,0.278615,0.298113,0.288364,8
both,1845,C_eff,42,0.298113,0.317611,0.307862,7
both,1845,C_eff,43,0.317611,0.33711,0.32736,6
both,1845,C_eff,44,0.33711,0.356608,0.346859,5
both,1845,C_eff,45,0.356608,0.376106,0.366357,3
both,1845,C_eff,46,0.376106,0.395605,0.385855,1
both,1845,C_eff,47,0.395605,0.415103,0.405354,2
both,1845,C_eff,48,0.415103,0.434601,0.424852,1
both,1845,C_eff,49,0.434601,0.454099,0.44435,1
both,3689,A,0,-0.529321,-0.509835,-0.519578,2
both,3689,A,1,-0.509835,-0.490348,-0.500091,0
both,3689,A,2,-0.490348,-0.470861,-0.480605,0
both,3689,A,3,-0.470861,-0.451375,-0.461118,1
both,3689,A,4,-0.451375,-0.431888,-0.441632,1
both,3689,A,5,-0.431888,-0.412402,-0.422145,2
both,3689,A,6,-0.412402,-0.392915,-0.402658,2
both,3689,A,7,-0.392915,-0.373429,-0.383172,2
both,3689,A,8,-0.373429,-0.353942,-0.363685,3
both,3689,A,9,-0.353942,-0.334455,-0.344199,7
both,3689,A,10,-0.334455,-0.314969,-0.324712,3
both,3689,A,11,-0.314969,-0.295482,-0.305226,10
both,3689,A,12,-0.295482,-0.275996,-0.285739,19
both,3689,A,13,-0.275996,-0.256509,-0.266253,25
both,3689,A,14,-0.256509,-0.237023,-0.246766,50
both,3689,A,15,-0.237023,-0.217536,-0.227279,53
both,3689,A,16,-0.217536,-0.19805,-0.207793,106
both,3689,A,17,-0.19805,-0.178563,-0.188306,166
both,3689,A,18,-0.178563,-0.159076,-0.16882,285
both,3689,A,19,-0.159076,-0.13959,-0.149333,430
both,3689,A,20,-0.13959,-0.120103,-0.129847,633
both,3689,A,21,-0.120103,-0.100617,-0.11036,823
both,3689,A,22,-0.100617,-0.0811302,-0.0908735,1201
both,3689,A,23,-0.0811302,-0.0616437,-0.071387,1519
both,3689,A,24,-0.0616437,-0.0421571,-0.0519004,1908
both,3689,A,25,-0.0421571,-0.0226706,-0.0324138,2156
both,3689,A,26,-0.0226706,-0.003184,-0.0129273,2435
both,3689,A,27,-0.003184,0.0163026,0.00655928,2447
both,3689,A,28,0.0163026,0.0357891,0.0260458,2349
both,3689,A,29,0.0357891,0.0552757,0.0455324,2064
both,3689,A,30,0.0552757,0.0747622,0.065019,1640
both,3689,A,31,0.0747622,0.0942488,0.0845055,1326
both,3689,A,32,0.0942488,0.113735,0.103992,897
both,3689,A,33,0.113735,0.133222,0.123479,664
both,3689,A,34,0.133222,0.152708,0.142965,469
both,3689,A,35,0.152708,0.172195,0.162452,329
both,3689,A,36,0.172195,0.191682,0.181938,205
both,3689,A,37,0.191682,0.211168,0.201425,132
both,3689,A,38,0.211168,0.230655,0.220911,79
both,3689,A,39,0.230655,0.250141,0.240398,47
both,3689,A,40,0.250141,0.269628,0.259885,32
both,3689,A,41,0.269628,0.289114,0.279371,16
both,3689,A,42,0.289114,0.308601,0.298858,14
both,3689,A,43,0.308601,0.328087,0.318344,11
both,3689,A,44,0.328087,0.347574,0.337831,3
both,3689,A,45,0.347574,0.367061,0.357317,2
both,3689,A,46,0.367061,0.386547,0.376804,4
both,3689,A,47,0.386547,0.406034,0.39629,0
both,3689,A,48,0.406034,0.42552,0.415777,1
both,3689,A,49,0.42552,0.445007,0.435264,3
both,3689,B,0,-0.518791,-0.495982,-0.507386,2
both,3689,B,1,-0.495982,-0.473172,-0.484577,0
both,3689,B,2,-0.473172,-0.450362,-0.461767,0
both,3689,B,3,-0.450362,-0.427552,-0.438957,2
both,3689,B,4,-0.427552,-0.404743,-0.416147,1
both,3689,B,5,-0.404743,-0.381933,-0.393338,5
both,3689,B,6,-0.381933,-0.359123,-0.370528,2
both,3689,B,7,-0.359123,-0.336313,-0.347718,4
both,3689,B,8,-0.336313,-0.313503,-0.324908,10
both,3689,B,9,-0.313503,-0.290694,-0.302099,16
both,3689,B,10,-0.290694,-0.267884,-0.279289,23
both,3689,B,11,-0.267884,-0.245074,-0.256479,44
both,3689,B,12,-0.245074,-0.222264,-0.233669,84
both,3689,B,13,-0.222264,-0.199455,-0.21086,105
both,3689,B,14,-0.199455,-0.176645,-0.18805,178
both,3689,B,15,-0.176645,-0.153835,-0.16524,301
both,3689,B,16,-0.153835,-0.131025,-0.14243,613
both,3689,B,17,-0.131025,-0.108216,-0.11962,797
both,3689,B,18,-0.108216,-0.0854058,-0.0968107,1256
both,3689,B,19,-0.0854058,-0.0625961,-0.0740009,1726
both,3689,B,20,-0.0625961,-0.0397863,-0.0511912,2254
both,3689,B,21,-0.0397863,-0.0169765,-0.0283814,2669
both,3689,B,22,-0.0169765,0.00583323,-0.00557165,2884
both,3689,B,23,0.00583323,0.028643,0.0172381,2801
both,3689,B,24,0.028643,0.0514528,0.0400479,2523
both,3689,B,25,0.0514528,0.0742625,0.0628576,1965
both,3689,B,26,0.0742625,0.0970723,0.0856674,1508
both,3689,B,27,0.0970723,0.119882,0.108477,1037
both,3689,B,28,0.119882,0.142692,0.131287,694
both,3689,B,29,0.142692,0.165502,0.154097,413
both,3689,B,30,0.165502,0.188311,0.176906,285
both,3689,B,31,0.188311,0.211121,0.199716,143
both,3689,B,32,0.211121,0.233931,0.222526,93
both,3689,B,33,0.233931,0.256741,0.245336,58
both,3689,B,34,0.256741,0.27955,0.268146,26
both,3689,B,35,0.27955,0.30236,0.290955,21
both,3689,B,36,0.30236,0.32517,0.313765,10
both,3689,B,37,0.32517,0.34798,0.336575,7
both,3689,B,38,0.34798,0.370789,0.359385,6
both,3689,B,39,0.370789,0.393599,0.382194,2
both,3689,B,40,0.393599,0.416409,0.405004,1
both,3689,B,41,0.416409,0.439219,0.427814,2
both,3689,B,42,0.439219,0.462028,0.450624,0
both,3689,B,43,0.462028,0.484838,0.473433,2
both,3689,B,44,0.484838,0.507648,0.496243,0
both,3689,B,45,0.507648,0.530458,0.519053,1
both,3689,B,46,0.530458,0.553268,0.541863,1
both,3689,B,47,0.553268,0.576077,0.564672,0
both,3689,B,48,0.576077,0.598887,0.587482,0
both,3689,B,49,0.598887,0.621697,0.610292,1
both,3689,C_eff,0,-0.521842,-0.502518,-0.51218,1
both,3689,C_eff,1,-0.502518,-0.483194,-0.492856,0
both,3689,C_eff,2,-0.483194,-0.463871,-0.473533,0
both,3689,C_eff,3,-0.463871,-0.444547,-0.454209,1
both,3689,C_eff,4,-0.444547,-0.425223,-0.434885,2
both,3689,C_eff,5,-0.425223,-0.4059,-0.415561,2
both,3689,C_eff,6,-0.4059,-0.386576,-0.396238,4
both,3689,C_eff,7,-0.386576,-0.367252,-0.376914,2
both,3689,C_eff,8,-0.367252,-0.347928,-0.35759,5
both,3689,C_eff,9,-0.347928,-0.328605,-0.338267,4
both,3689,C_eff,10,-0.328605,-0.309281,-0.318943,5
both,3689,C_eff,11,-0.309281,-0.289957,-0.299619,9
both,3689,C_eff,12,-0.289957,-0.270634,-0.280295,3
both,3689,C_eff,13,-0.270634,-0.25131,-0.260972,7
both,3689,C_eff,14,-0.25131,-0.231986,-0.241648,16
both,3689,C_eff,15,-0.231986,-0.212662,-0.222324,30
both,3689,C_eff,16,-0.212662,-0.193339,-0.203001,61
both,3689,C_eff,17,-0.193339,-0.174015,-0.183677,116
both,3689,C_eff,18,-0.174015,-0.154691,-0.164353,374
both,3689,C_eff,19,-0.154691,-0.135368,-0.145029,1331
both,3689,C_eff,20,-0.135368,-0.116044,-0.125706,3423
both,3689,C_eff,21,-0.116044,-0.0967201,-0.106382,7882
both,3689,C_eff,22,-0.0967201,-0.0773964,-0.0870582,17411
both,3689,C_eff,23,-0.0773964,-0.0580727,-0.0677345,33556
both,3689,C_eff,24,-0.0580727,-0.0387489,-0.0484108,55334
both,3689,C_eff,25,-0.0387489,-0.0194252,-0.0290871,79938
both,3689,C_eff,26,-0.0194252,-0.000101499,-0.00976336,95037
both,3689,C_eff,27,-0.000101499,0.0192222,0.00956036,94798
both,3689,C_eff,28,0.0192222,0.0385459,0.0288841,79634
both,3689,C_eff,29,0.0385459,0.0578697,0.0482078,56044
both,3689,C_eff,30,0.0578697,0.0771934,0.0675315,33852
both,3689,C_eff,31,0.0771934,0.0965171,0.0868552,17319
both,3689,C_eff,32,0.0965171,0.115841,0.106179,8222
both,3689,C_eff,33,0.115841,0.135165,0.125503,3403
both,3689,C_eff,34,0.135165,0.154488,0.144826,1347
both,3689,C_eff,35,0.154488,0.173812,0.16415,398
both,3689,C_eff,36,0.173812,0.193136,0.183474,121
both,3689,C_eff,37,0.193136,0.212459,0.202798,46
both,3689,C_eff,38,0.212459,0.231783,0.222121,19
both,3689,C_eff,39,0.231783,0.251107,0.241445,15
both,3689,C_eff,40,0.251107,0.270431,0.260769,14
both,3689,C_eff,41,0.270431,0.289754,0.280092,11
both,3689,C_eff,42,0.289754,0.309078,0.299416,3
both,3689,C_eff,43,0.309078,0.328402,0.31874,12
both,3689,C_eff,44,0.328402,0.347725,0.338064,3
both,3689,C_eff,45,0.347725,0.367049,0.357387,2
both,3689,C_eff,46,0.367049,0.386373,0.376711,2
both,3689,C_eff,47,0.386373,0.405697,0.396035,3
both,3689,C_eff,48,0.405697,0.42502,0.415358,0
both,3689,C_eff,49,0.42502,0.444344,0.434682,2
both,5533,A,0,-0.533805,-0.511965,-0.522885,2
both,5533,A,1,-0.511965,-0.490125,-0.501045,2
both,5533,A,2,-0.490125,-0.468286,-0.479206,1
both,5533,A,3,-0.468286,-0.446446,-0.457366,1
both,5533,A,4,-0.446446,-0.424606,-0.435526,2
both,5533,A,5,-0.424606,-0.402766,-0.413686,2
both,5533,A,6,-0.402766,-0.380926,-0.391846,1
both,5533,A,7,-0.380926,-0.359087,-0.370006,5
both,5533,A,8,-0.359087,-0.337247,-0.348167,5
both,5533,A,9,-0.337247,-0.315407,-0.326327,8
both,5533,A,10,-0.315407,-0.293567,-0.304487,9
both,5533,A,11,-0.293567,-0.271727,-0.282647,22
both,5533,A,12,-0.271727,-0.249887,-0.260807,39
both,5533,A,13,-0.249887,-0.228048,-0.238968,74
both,5533,A,14,-0.228048,-0.206208,-0.217128,95
both,5533,A,15,-0.206208,-0.184368,-0.195288,153
both,5533,A,16,-0.184368,-0.162528,-0.173448,256
both,5533,A,17,-0.162528,-0.140688,-0.151608,407
both,5533,A,18,-0.140688,-0.118849,-0.129768,682
both,5533,A,19,-0.118849,-0.0970087,-0.107929,966
both,5533,A,20,-0.0970087,-0.0751689,-0.0860888,1442
both,5533,A,21,-0.0751689,-0.0533291,-0.064249,1850
both,5533,A,22,-0.0533291,-0.0314893,-0.0424092,2335
both,5533,A,23,-0.0314893,-0.00964945,-0.0205694,2649
both,5533,A,24,-0.00964945,0.0121904,0.00127046,2789
both,5533,A,25,0.0121904,0.0340302,0.0231103,2645
both,5533,A,26,0.0340302,0.05587,0.0449501,2346
both,5533,A,27,0.05587,0.0777098,0.0667899,1823
both,5533,A,28,0.0777098,0.0995497,0.0886297,1367
both,5533,A,29,0.0995497,0.121389,0.11047,896
both,5533,A,30,0.121389,0.143229,0.132309,649
both,5533,A,31,0.143229,0.165069,0.154149,411
both,5533,A,32,0.165069,0.186909,0.175989,242
both,5533,A,33,0.186909,0.208749,0.197829,174
both,5533,A,34,0.208749,0.230589,0.219669,89
both,5533,A,35,0.230589,0.252428,0.241508,61
both,5533,A,36,0.252428,0.274268,0.263348,27
both,5533,A,37,0.274268,0.296108,0.285188,14
both,5533,A,38,0.296108,0.317948,0.307028,15
both,5533,A,39,0.317948,0.339788,0.328868,4
both,5533,A,40,0.339788,0.361627,0.350708,7
both,5533,A,41,0.361627,0.383467,0.372547,4
both,5533,A,42,0.383467,0.405307,0.394387,1
both,5533,A,43,0.405307,0.427147,0.416227,1
both,5533,A,44,0.427147,0.448987,0.438067,0
both,5533,A,45,0.448987,0.470827,0.459907,1
both,5533,A,46,0.470827,0.492666,0.481747,1
both,5533,A,47,0.492666,0.514506,0.503586,0
both,5533,A,48,0.514506,0.536346,0.525426,0
both,5533,A,49,0.536346,0.558186,0.547266,1
both,5533,B,0,-0.593333,-0.566808,-0.58007,1
both,5533,B,1,-0.566808,-0.540283,-0.553546,0
both,5533,B,2,-0.540283,-0.513759,-0.527021,0
both,5533,B,3,-0.513759,-0.487234,-0.500496,2
both,5533,B,4,-0.487234,-0.460709,-0.473972,0
both,5533,B,5,-0.460709,-0.434185,-0.447447,2
both,5533,B,6,-0.434185,-0.40766,-0.420922,0
both,5533,B,7,-0.40766,-0.381135,-0.394398,4
both,5533,B,8,-0.381135,-0.354611,-0.367873,8
both,5533,B,9,-0.354611,-0.328086,-0.341348,8
both,5533,B,10,-0.328086,-0.301561,-0.314824,14
both,5533,B,11,-0.301561,-0.275037,-0.288299,30
both,5533,B,12,-0.275037,-0.248512,-0.261774,37
both,5533,B,13,-0.248512,-0.221987,-0.23525,72
both,5533,B,14,-0.221987,-0.195463,-0.208725,150
both,5533,B,15,-0.195463,-0.168938,-0.1822,248
both,5533,B,16,-0.168938,-0.142413,-0.155676,478
both,5533,B,17,-0.142413,-0.115889,-0.129151,840
both,5533,B,18,-0.115889,-0.0893641,-0.102626,1324
both,5533,B,19,-0.0893641,-0.0628394,-0.0761018,1984
both,5533,B,20,-0.0628394,-0.0363148,-0.0495771,2714
both,5533,B,21,-0.0363148,-0.0097901,-0.0230524,3208
both,5533,B,22,-0.0097901,0.0167346,0.00347224,3318
both,5533,B,23,0.0167346,0.0432592,0.0299969,3150
both,5533,B,24,0.0432592,0.0697839,0.0565216,2403
both,5533,B,25,0.0697839,0.0963086,0.0830462,1775
both,5533,B,26,0.0963086,0.122833,0.109571,1188
both,5533,B,27,0.122833,0.149358,0.136096,700
both,5533,B,28,0.149358,0.175883,0.16262,426
both,5533,B,29,0.175883,0.202407,0.189145,221
both,5533,B,30,0.202407,0.228932,0.21567,110
both,5533,B,31,0.228932,0.255457,0.242194,76
both,5533,B,32,0.255457,0.281981,0.268719,27
both,5533,B,33,0.281981,0.308506,0.295244,18
both,5533,B,34,0.308506,0.335031,0.321768,16
both,5533,B,35,0.335031,0.361555,0.348293,8
both,5533,B,36,0.361555,0.38808,0.374818,8
both,5533,B,37,0.38808,0.414605,0.401342,1
both,5533,B,38,0.414605,0.441129,0.427867,1
both,5533,B,39,0.441129,0.467654,0.454392,3
both,5533,B,40,0.467654,0.494179,0.480916,0
both,5533,B,41,0.494179,0.520703,0.507441,1
both,5533,B,42,0.520703,0.547228,0.533966,0
both,5533,B,43,0.547228,0.573753,0.56049,1
both,5533,B,44,0.573753,0.600277,0.587015,0
both,5533,B,45,0.600277,0.626802,0.61354,0
both,5533,B,46,0.626802,0.653327,0.640064,0
both,5533,B,47,0.653327,0.679851,0.666589,0
both,5533,B,48,0.679851,0.706376,0.693114,0
both,5533,B,49,0.706376,0.732901,0.719638,1
both,5533,C_eff,0,-0.520817,-0.501549,-0.511183,1
both,5533,C_eff,1,-0.501549,-0.482281,-0.491915,0
both,5533,C_eff,2,-0.482281,-0.463013,-0.472647,0
both,5533,C_eff,3,-0.463013,-0.443746,-0.45338,1
both,5533,C_eff,4,-0.443746,-0.424478,-0.434112,0
both,5533,C_eff,5,-0.424478,-0.40521,-0.414844,4
both,5533,C_eff,6,-0.40521,-0.385943,-0.395576,3
both,5533,C_eff,7,-0.385943,-0.366675,-0.376309,4
both,5533,C_eff,8,-0.366675,-0.347407,-0.357041,2
both,5533,C_eff,9,-0.347407,-0.328139,-0.337773,4
both,5533,C_eff,10,-0.328139,-0.308872,-0.318505,6
both,5533,C_eff,11,-0.308872,-0.289604,-0.299238,10
both,5533,C_eff,12,-0.289604,-0.270336,-0.27997,2
both,5533,C_eff,13,-0.270336,-0.251068,-0.260702,12
both,5533,C_eff,14,-0.251068,-0.231801,-0.241434,17
both,5533,C_eff,15,-0.231801,-0.212533,-0.222167,35
both,5533,C_eff,16,-0.212533,-0.193265,-0.202899,69
both,5533,C_eff,17,-0.193265,-0.173997,-0.183631,191
both,5533,C_eff,18,-0.173997,-0.15473,-0.164364,783
both,5533,C_eff,19,-0.15473,-0.135462,-0.145096,2246
both,5533,C_eff,20,-0.135462,-0.116194,-0.125828,5322
both,5533,C_eff,21,-0.116194,-0.0969264,-0.10656,11215
both,5533,C_eff,22,-0.0969264,-0.0776587,-0.0872925,21028
both,5533,C_eff,23,-0.0776587,-0.0583909,-0.0680248,36184
both,5533,C_eff,24,-0.0583909,-0.0391232,-0.0487571,55279
both,5533,C_eff,25,-0.0391232,-0.0198555,-0.0294893,74118
both,5533,C_eff,26,-0.0198555,-0.000587713,-0.0102216,86128
both,5533,C_eff,27,-0.000587713,0.01868,0.00904616,85790
both,5533,C_eff,28,0.01868,0.0379478,0.0283139,74646
both,5533,C_eff,29,0.0379478,0.0572155,0.0475816,56563
both,5533,C_eff,30,0.0572155,0.0764832,0.0668494,37358
both,5533,C_eff,31,0.0764832,0.095751,0.0861171,21770
both,5533,C_eff,32,0.095751,0.115019,0.105385,11695
both,5533,C_eff,33,0.115019,0.134286,0.124653,5740
both,5533,C_eff,34,0.134286,0.153554,0.14392,2406
both,5533,C_eff,35,0.153554,0.172822,0.163188,817
both,5533,C_eff,36,0.172822,0.19209,0.182456,205
both,5533,C_eff,37,0.19209,0.211357,0.201724,76
both,5533,C_eff,38,0.211357,0.230625,0.220991,22
both,5533,C_eff,39,0.230625,0.249893,0.240259,15
both,5533,C_eff,40,0.249893,0.269161,0.259527,18
both,5533,C_eff,41,0.269161,0.288428,0.278795,11
both,5533,C_eff,42,0.288428,0.307696,0.298062,4
both,5533,C_eff,43,0.307696,0.326964,0.31733,10
both,5533,C_eff,44,0.326964,0.346232,0.336598,5
both,5533,C_eff,45,0.346232,0.365499,0.355865,3
both,5533,C_eff,46,0.365499,0.384767,0.375133,3
both,5533,C_eff,47,0.384767,0.404035,0.394401,1
both,5533,C_eff,48,0.404035,0.423303,0.413669,0
both,5533,C_eff,49,0.423303,0.44257,0.432936,2
both,7377,A,0,-0.590253,-0.56516,-0.577706,1
both,7377,A,1,-0.56516,-0.540067,-0.552614,0
both,7377,A,2,-0.540067,-0.514975,-0.527521,2
both,7377,A,3,-0.514975,-0.489882,-0.502429,0
both,7377,A,4,-0.489882,-0.46479,-0.477336,1
both,7377,A,5,-0.46479,-0.439697,-0.452244,1
both,7377,A,6,-0.439697,-0.414605,-0.427151,3
both,7377,A,7,-0.414605,-0.389512,-0.402059,3
both,7377,A,8,-0.389512,-0.36442,-0.376966,2
both,7377,A,9,-0.36442,-0.339327,-0.351873,1
both,7377,A,10,-0.339327,-0.314235,-0.326781,7
both,7377,A,11,-0.314235,-0.289142,-0.301688,16
both,7377,A,12,-0.289142,-0.26405,-0.276596,27
both,7377,A,13,-0.26405,-0.238957,-0.251503,53
both,7377,A,14,-0.238957,-0.213864,-0.226411,102
both,7377,A,15,-0.213864,-0.188772,-0.201318,169
both,7377,A,16,-0.188772,-0.163679,-0.176226,297
both,7377,A,17,-0.163679,-0.138587,-0.151133,451
both,7377,A,18,-0.138587,-0.113494,-0.126041,854
both,7377,A,19,-0.113494,-0.0884018,-0.100948,1283
both,7377,A,20,-0.0884018,-0.0633092,-0.0758555,1935
both,7377,A,21,-0.0633092,-0.0382167,-0.0507629,2476
both,7377,A,22,-0.0382167,-0.0131241,-0.0256704,2979
both,7377,A,23,-0.0131241,0.0119684,-0.000577865,3242
both,7377,A,24,0.0119684,0.0370609,0.0245147,2928
both,7377,A,25,0.0370609,0.0621535,0.0496072,2597
both,7377,A,26,0.0621535,0.087246,0.0746998,1871
both,7377,A,27,0.087246,0.112339,0.0997923,1298
both,7377,A,28,0.112339,0.137431,0.124885,785
both,7377,A,29,0.137431,0.162524,0.149977,509
both,7377,A,30,0.162524,0.187616,0.17507,304
both,7377,A,31,0.187616,0.212709,0.200162,172
both,7377,A,32,0.212709,0.237801,0.225255,89
both,7377,A,33,0.237801,0.262894,0.250348,44
both,7377,A,34,0.262894,0.287986,0.27544,34
both,7377,A,35,0.287986,0.313079,0.300533,12
both,7377,A,36,0.313079,0.338171,0.325625,13
both,7377,A,37,0.338171,0.363264,0.350718,6
both,7377,A,38,0.363264,0.388357,0.37581,2
both,7377,A,39,0.388357,0.413449,0.400903,1
both,7377,A,40,0.413449,0.438542,0.425995,2
both,7377,A,41,0.438542,0.463634,0.451088,2
both,7377,A,42,0.463634,0.488727,0.47618,0
both,7377,A,43,0.488727,0.513819,0.501273,1
both,7377,A,44,0.513819,0.538912,0.526365,0
both,7377,A,45,0.538912,0.564004,0.551458,0
both,7377,A,46,0.564004,0.589097,0.576551,0
both,7377,A,47,0.589097,0.614189,0.601643,0
both,7377,A,48,0.614189,0.639282,0.626736,0
both,7377,A,49,0.639282,0.664374,0.651828,1
both,7377,B,0,-0.500443,-0.478161,-0.489302,2
both,7377,B,1,-0.478161,-0.455879,-0.46702,1
both,7377,B,2,-0.455879,-0.433597,-0.444738,1
both,7377,B,3,-0.433597,-0.411314,-0.422455,3
both,7377,B,4,-0.411314,-0.389032,-0.400173,2
both,7377,B,5,-0.389032,-0.36675,-0.377891,5
both,7377,B,6,-0.36675,-0.344468,-0.355609,8
both,7377,B,7,-0.344468,-0.322186,-0.333327,4
both,7377,B,8,-0.322186,-0.299904,-0.311045,14
both,7377,B,9,-0.299904,-0.277622,-0.288763,17
both,7377,B,10,-0.277622,-0.25534,-0.266481,31
both,7377,B,11,-0.25534,-0.233058,-0.244199,46
both,7377,B,12,-0.233058,-0.210775,-0.221917,94
both,7377,B,13,-0.210775,-0.188493,-0.199634,153
both,7377,B,14,-0.188493,-0.166211,-0.177352,246
both,7377,B,15,-0.166211,-0.143929,-0.15507,380
both,7377,B,16,-0.143929,-0.121647,-0.132788,670
both,7377,B,17,-0.121647,-0.0993649,-0.110506,955
both,7377,B,18,-0.0993649,-0.0770828,-0.0882239,1442
both,7377,B,19,-0.0770828,-0.0548007,-0.0659418,1877
both,7377,B,20,-0.0548007,-0.0325186,-0.0436596,2369
both,7377,B,21,-0.0325186,-0.0102365,-0.0213775,2710
both,7377,B,22,-0.0102365,0.0120456,0.000904569,2823
both,7377,B,23,0.0120456,0.0343277,0.0231867,2642
both,7377,B,24,0.0343277,0.0566098,0.0454688,2280
both,7377,B,25,0.0566098,0.0788919,0.0677509,1827
both,7377,B,26,0.0788919,0.101174,0.090033,1434
both,7377,B,27,0.101174,0.123456,0.112315,960
both,7377,B,28,0.123456,0.145738,0.134597,618
both,7377,B,29,0.145738,0.16802,0.156879,399
both,7377,B,30,0.16802,0.190302,0.179161,228
both,7377,B,31,0.190302,0.212585,0.201444,143
both,7377,B,32,0.212585,0.234867,0.223726,78
both,7377,B,33,0.234867,0.257149,0.246008,40
both,7377,B,34,0.257149,0.279431,0.26829,24
both,7377,B,35,0.279431,0.301713,0.290572,16
both,7377,B,36,0.301713,0.323995,0.312854,8
both,7377,B,37,0.323995,0.346277,0.335136,5
both,7377,B,38,0.346277,0.368559,0.357418,6
both,7377,B,39,0.368559,0.390841,0.3797,3
both,7377,B,40,0.390841,0.413124,0.401983,6
both,7377,B,41,0.413124,0.435406,0.424265,1
both,7377,B,42,0.435406,0.457688,0.446547,0
both,7377,B,43,0.457688,0.47997,0.468829,1
both,7377,B,44,0.47997,0.502252,0.491111,2
both,7377,B,45,0.502252,0.524534,0.513393,1
both,7377,B,46,0.524534,0.546816,0.535675,0
both,7377,B,47,0.546816,0.569098,0.557957,0
both,7377,B,48,0.569098,0.59138,0.580239,0
both,7377,B,49,0.59138,0.613663,0.602521,1
both,7377,C_eff,0,-0.518766,-0.499421,-0.509094,1
both,7377,C_eff,1,-0.499421,-0.480075,-0.489748,0
both,7377,C_eff,2,-0.480075,-0.460729,-0.470402,0
both,7377,C_eff,3,-0.460729,-0.441384,-0.451056,1
both,7377,C_eff,4,-0.441384,-0.422038,-0.431711,1
both,7377,C_eff,5,-0.422038,-0.402692,-0.412365,4
both,7377,C_eff,6,-0.402692,-0.383347,-0.393019,3
both,7377,C_eff,7,-0.383347,-0.364001,-0.373674,4
both,7377,C_eff,8,-0.364001,-0.344655,-0.354328,1
both,7377,C_eff,9,-0.344655,-0.32531,-0.334982,3
both,7377,C_eff,10,-0.32531,-0.305964,-0.315637,6
both,7377,C_eff,11,-0.305964,-0.286618,-0.296291,9
both,7377,C_eff,12,-0.286618,-0.267273,-0.276945,7
both,7377,C_eff,13,-0.267273,-0.247927,-0.2576,13
both,7377,C_eff,14,-0.247927,-0.228581,-0.238254,20
both,7377,C_eff,15,-0.228581,-0.209236,-0.218908,55
both,7377,C_eff,16,-0.209236,-0.18989,-0.199563,108
both,7377,C_eff,17,-0.18989,-0.170544,-0.180217,383
both,7377,C_eff,18,-0.170544,-0.151198,-0.160871,1396
both,7377,C_eff,19,-0.151198,-0.131853,-0.141526,3830
both,7377,C_eff,20,-0.131853,-0.112507,-0.12218,8128
both,7377,C_eff,21,-0.112507,-0.0931615,-0.102834,14941
both,7377,C_eff,22,-0.0931615,-0.0738158,-0.0834886,26102
both,7377,C_eff,23,-0.0738158,-0.0544701,-0.064143,41258
both,7377,C_eff,24,-0.0544701,-0.0351244,-0.0447973,58564
both,7377,C_eff,25,-0.0351244,-0.0157788,-0.0254516,73878
both,7377,C_eff,26,-0.0157788,0.00356692,-0.00610592,81727
both,7377,C_eff,27,0.00356692,0.0229126,0.0132398,79491
both,7377,C_eff,28,0.0229126,0.0422583,0.0325854,68558
both,7377,C_eff,29,0.0422583,0.0616039,0.0519311,52031
both,7377,C_eff,30,0.0616039,0.0809496,0.0712768,35264
both,7377,C_eff,31,0.0809496,0.100295,0.0906225,21447
both,7377,C_eff,32,0.100295,0.119641,0.109968,12247
both,7377,C_eff,33,0.119641,0.138987,0.129314,6268
both,7377,C_eff,34,0.138987,0.158332,0.148659,2757
both,7377,C_eff,35,0.158332,0.177678,0.168005,900
both,7377,C_eff,36,0.177678,0.197024,0.187351,243
both,7377,C_eff,37,0.197024,0.216369,0.206697,82
both,7377,C_eff,38,0.216369,0.235715,0.226042,21
both,7377,C_eff,39,0.235715,0.255061,0.245388,23
both,7377,C_eff,40,0.255061,0.274406,0.264734,11
both,7377,C_eff,41,0.274406,0.293752,0.284079,13
both,7377,C_eff,42,0.293752,0.313098,0.303425,8
both,7377,C_eff,43,0.313098,0.332443,0.322771,5
both,7377,C_eff,44,0.332443,0.351789,0.342116,3
both,7377,C_eff,45,0.351789,0.371135,0.361462,4
both,7377,C_eff,46,0.371135,0.39048,0.380808,3
both,7377,C_eff,47,0.39048,0.409826,0.400153,0
both,7377,C_eff,48,0.409826,0.429172,0.419499,0
both,7377,C_eff,49,0.429172,0.448517,0.438845,2
