{"op_code":0,"worker_id":"65621591-6ed3-46d5-85f6-3172b5f690ea-140737350539072","study_name":"mobilebert_mrpc_lrtt_bs32_sgd_hybrid_nowd_nomom_nonest_set_noio_encanalog_embedanalog_headanalog_qkvo_14ep","directions":[2]}
{"op_code":4,"worker_id":"65621591-6ed3-46d5-85f6-3172b5f690ea-140737350539072","study_id":0,"datetime_start":"2026-02-21T20:38:56.824411"}
{"op_code":5,"worker_id":"65621591-6ed3-46d5-85f6-3172b5f690ea-140737350539072","trial_id":0,"param_name":"learning_rate","param_value_internal":0.0011821431023173224,"distribution":"{\"name\": \"FloatDistribution\", \"attributes\": {\"step\": null, \"low\": 0.001, \"high\": 10.0, \"log\": true}}"}
{"op_code":5,"worker_id":"65621591-6ed3-46d5-85f6-3172b5f690ea-140737350539072","trial_id":0,"param_name":"transfer_lr","param_value_internal":4.299334149025744,"distribution":"{\"name\": \"FloatDistribution\", \"attributes\": {\"step\": null, \"low\": 0.0001, \"high\": 100.0, \"log\": true}}"}
{"op_code":5,"worker_id":"65621591-6ed3-46d5-85f6-3172b5f690ea-140737350539072","trial_id":0,"param_name":"transfer_every","param_value_internal":5528.0,"distribution":"{\"name\": \"IntDistribution\", \"attributes\": {\"log\": true, \"step\": 1, \"low\": 64, \"high\": 32000}}"}
{"op_code":5,"worker_id":"65621591-6ed3-46d5-85f6-3172b5f690ea-140737350539072","trial_id":0,"param_name":"rank_exp","param_value_internal":5.0,"distribution":"{\"name\": \"IntDistribution\", \"attributes\": {\"log\": false, \"step\": 1, \"low\": 0, \"high\": 5}}"}
{"op_code":5,"worker_id":"65621591-6ed3-46d5-85f6-3172b5f690ea-140737350539072","trial_id":0,"param_name":"lora_alpha","param_value_internal":0.000151424825596835,"distribution":"{\"name\": \"FloatDistribution\", \"attributes\": {\"step\": null, \"low\": 0.0001, \"high\": 100.0, \"log\": true}}"}
{"op_code":5,"worker_id":"65621591-6ed3-46d5-85f6-3172b5f690ea-140737350539072","trial_id":0,"param_name":"tau_sec","param_value_internal":0.0,"distribution":"{\"name\": \"FloatDistribution\", \"attributes\": {\"step\": null, \"low\": 0.0, \"high\": 0.0, \"log\": false}}"}
{"op_code":5,"worker_id":"65621591-6ed3-46d5-85f6-3172b5f690ea-140737350539072","trial_id":0,"param_name":"out_noise","param_value_internal":0.0,"distribution":"{\"name\": \"FloatDistribution\", \"attributes\": {\"step\": null, \"low\": 0.0, \"high\": 0.0, \"log\": false}}"}
{"op_code":5,"worker_id":"65621591-6ed3-46d5-85f6-3172b5f690ea-140737350539072","trial_id":0,"param_name":"ab_weight_scaling_omega","param_value_internal":0.0,"distribution":"{\"name\": \"FloatDistribution\", \"attributes\": {\"step\": null, \"low\": 0.0, \"high\": 0.0, \"log\": false}}"}
{"op_code":5,"worker_id":"65621591-6ed3-46d5-85f6-3172b5f690ea-140737350539072","trial_id":0,"param_name":"min_lr_rate","param_value_internal":0.0,"distribution":"{\"name\": \"FloatDistribution\", \"attributes\": {\"step\": null, \"low\": 0.0, \"high\": 0.0, \"log\": false}}"}
{"op_code":7,"worker_id":"65621591-6ed3-46d5-85f6-3172b5f690ea-140737350539072","trial_id":0,"step":1,"intermediate_value":0.0}
{"op_code":8,"worker_id":"65621591-6ed3-46d5-85f6-3172b5f690ea-140737350539072","trial_id":0,"user_attr":{"train_loss_epoch_1":27541451.77527174}}
{"op_code":8,"worker_id":"65621591-6ed3-46d5-85f6-3172b5f690ea-140737350539072","trial_id":0,"user_attr":{"val_loss_epoch_1":19799285.0}}
{"op_code":7,"worker_id":"65621591-6ed3-46d5-85f6-3172b5f690ea-140737350539072","trial_id":0,"step":2,"intermediate_value":81.22270742358079}
{"op_code":8,"worker_id":"65621591-6ed3-46d5-85f6-3172b5f690ea-140737350539072","trial_id":0,"user_attr":{"train_loss_epoch_2":25972921.383016303}}
{"op_code":8,"worker_id":"65621591-6ed3-46d5-85f6-3172b5f690ea-140737350539072","trial_id":0,"user_attr":{"val_loss_epoch_2":24392630.0}}
{"op_code":7,"worker_id":"65621591-6ed3-46d5-85f6-3172b5f690ea-140737350539072","trial_id":0,"step":3,"intermediate_value":81.22270742358079}
{"op_code":8,"worker_id":"65621591-6ed3-46d5-85f6-3172b5f690ea-140737350539072","trial_id":0,"user_attr":{"train_loss_epoch_3":23662871.529347826}}
{"op_code":8,"worker_id":"65621591-6ed3-46d5-85f6-3172b5f690ea-140737350539072","trial_id":0,"user_attr":{"val_loss_epoch_3":655644.375}}
{"op_code":7,"worker_id":"65621591-6ed3-46d5-85f6-3172b5f690ea-140737350539072","trial_id":0,"step":4,"intermediate_value":81.22270742358079}
{"op_code":8,"worker_id":"65621591-6ed3-46d5-85f6-3172b5f690ea-140737350539072","trial_id":0,"user_attr":{"train_loss_epoch_4":21092318.370788045}}
{"op_code":8,"worker_id":"65621591-6ed3-46d5-85f6-3172b5f690ea-140737350539072","trial_id":0,"user_attr":{"val_loss_epoch_4":13730274.5}}
{"op_code":7,"worker_id":"65621591-6ed3-46d5-85f6-3172b5f690ea-140737350539072","trial_id":0,"step":5,"intermediate_value":81.22270742358079}
{"op_code":8,"worker_id":"65621591-6ed3-46d5-85f6-3172b5f690ea-140737350539072","trial_id":0,"user_attr":{"train_loss_epoch_5":18504296.93804348}}
{"op_code":8,"worker_id":"65621591-6ed3-46d5-85f6-3172b5f690ea-140737350539072","trial_id":0,"user_attr":{"val_loss_epoch_5":18067008.0}}
{"op_code":6,"worker_id":"65621591-6ed3-46d5-85f6-3172b5f690ea-140737350539072","trial_id":0,"state":1,"values":[81.22270742358079],"datetime_complete":"2026-02-21T20:41:14.580959"}
{"op_code":4,"worker_id":"65621591-6ed3-46d5-85f6-3172b5f690ea-140737350539072","study_id":0,"datetime_start":"2026-02-21T20:41:14.589726"}
{"op_code":5,"worker_id":"65621591-6ed3-46d5-85f6-3172b5f690ea-140737350539072","trial_id":1,"param_name":"learning_rate","param_value_internal":0.007097508955687851,"distribution":"{\"name\": \"FloatDistribution\", \"attributes\": {\"step\": null, \"low\": 0.001, \"high\": 10.0, \"log\": true}}"}
{"op_code":5,"worker_id":"65621591-6ed3-46d5-85f6-3172b5f690ea-140737350539072","trial_id":1,"param_name":"transfer_lr","param_value_internal":0.054625643621652724,"distribution":"{\"name\": \"FloatDistribution\", \"attributes\": {\"step\": null, \"low\": 0.0001, \"high\": 100.0, \"log\": true}}"}
{"op_code":5,"worker_id":"65621591-6ed3-46d5-85f6-3172b5f690ea-140737350539072","trial_id":1,"param_name":"transfer_every","param_value_internal":3256.0,"distribution":"{\"name\": \"IntDistribution\", \"attributes\": {\"log\": true, \"step\": 1, \"low\": 64, \"high\": 32000}}"}
{"op_code":5,"worker_id":"65621591-6ed3-46d5-85f6-3172b5f690ea-140737350539072","trial_id":1,"param_name":"rank_exp","param_value_internal":5.0,"distribution":"{\"name\": \"IntDistribution\", \"attributes\": {\"log\": false, \"step\": 1, \"low\": 0, \"high\": 5}}"}
{"op_code":5,"worker_id":"65621591-6ed3-46d5-85f6-3172b5f690ea-140737350539072","trial_id":1,"param_name":"lora_alpha","param_value_internal":0.36550881073771585,"distribution":"{\"name\": \"FloatDistribution\", \"attributes\": {\"step\": null, \"low\": 0.0001, \"high\": 100.0, \"log\": true}}"}
{"op_code":5,"worker_id":"65621591-6ed3-46d5-85f6-3172b5f690ea-140737350539072","trial_id":1,"param_name":"tau_sec","param_value_internal":0.0,"distribution":"{\"name\": \"FloatDistribution\", \"attributes\": {\"step\": null, \"low\": 0.0, \"high\": 0.0, \"log\": false}}"}
{"op_code":5,"worker_id":"65621591-6ed3-46d5-85f6-3172b5f690ea-140737350539072","trial_id":1,"param_name":"out_noise","param_value_internal":0.0,"distribution":"{\"name\": \"FloatDistribution\", \"attributes\": {\"step\": null, \"low\": 0.0, \"high\": 0.0, \"log\": false}}"}
{"op_code":5,"worker_id":"65621591-6ed3-46d5-85f6-3172b5f690ea-140737350539072","trial_id":1,"param_name":"ab_weight_scaling_omega","param_value_internal":0.0,"distribution":"{\"name\": \"FloatDistribution\", \"attributes\": {\"step\": null, \"low\": 0.0, \"high\": 0.0, \"log\": false}}"}
{"op_code":5,"worker_id":"65621591-6ed3-46d5-85f6-3172b5f690ea-140737350539072","trial_id":1,"param_name":"min_lr_rate","param_value_internal":0.0,"distribution":"{\"name\": \"FloatDistribution\", \"attributes\": {\"step\": null, \"low\": 0.0, \"high\": 0.0, \"log\": false}}"}
{"op_code":7,"worker_id":"65621591-6ed3-46d5-85f6-3172b5f690ea-140737350539072","trial_id":1,"step":1,"intermediate_value":81.22270742358079}
{"op_code":8,"worker_id":"65621591-6ed3-46d5-85f6-3172b5f690ea-140737350539072","trial_id":1,"user_attr":{"train_loss_epoch_1":25523715.479347825}}
{"op_code":8,"worker_id":"65621591-6ed3-46d5-85f6-3172b5f690ea-140737350539072","trial_id":1,"user_attr":{"val_loss_epoch_1":11784603.5}}
{"op_code":7,"worker_id":"65621591-6ed3-46d5-85f6-3172b5f690ea-140737350539072","trial_id":1,"step":2,"intermediate_value":81.22270742358079}
{"op_code":8,"worker_id":"65621591-6ed3-46d5-85f6-3172b5f690ea-140737350539072","trial_id":1,"user_attr":{"train_loss_epoch_2":10125416.503532609}}
{"op_code":8,"worker_id":"65621591-6ed3-46d5-85f6-3172b5f690ea-140737350539072","trial_id":1,"user_attr":{"val_loss_epoch_2":2826102.5}}
{"op_code":7,"worker_id":"65621591-6ed3-46d5-85f6-3172b5f690ea-140737350539072","trial_id":1,"step":3,"intermediate_value":81.22270742358079}
{"op_code":8,"worker_id":"65621591-6ed3-46d5-85f6-3172b5f690ea-140737350539072","trial_id":1,"user_attr":{"train_loss_epoch_3":379525.08106901747}}
{"op_code":8,"worker_id":"65621591-6ed3-46d5-85f6-3172b5f690ea-140737350539072","trial_id":1,"user_attr":{"val_loss_epoch_3":5685.423095703125}}
{"op_code":7,"worker_id":"65621591-6ed3-46d5-85f6-3172b5f690ea-140737350539072","trial_id":1,"step":4,"intermediate_value":81.22270742358079}
{"op_code":8,"worker_id":"65621591-6ed3-46d5-85f6-3172b5f690ea-140737350539072","trial_id":1,"user_attr":{"train_loss_epoch_4":112591.12512950068}}
{"op_code":8,"worker_id":"65621591-6ed3-46d5-85f6-3172b5f690ea-140737350539072","trial_id":1,"user_attr":{"val_loss_epoch_4":53874.125}}
{"op_code":7,"worker_id":"65621591-6ed3-46d5-85f6-3172b5f690ea-140737350539072","trial_id":1,"step":5,"intermediate_value":81.22270742358079}
{"op_code":8,"worker_id":"65621591-6ed3-46d5-85f6-3172b5f690ea-140737350539072","trial_id":1,"user_attr":{"train_loss_epoch_5":107868.38094429347}}
{"op_code":8,"worker_id":"65621591-6ed3-46d5-85f6-3172b5f690ea-140737350539072","trial_id":1,"user_attr":{"val_loss_epoch_5":69663.44140625}}
{"op_code":6,"worker_id":"65621591-6ed3-46d5-85f6-3172b5f690ea-140737350539072","trial_id":1,"state":1,"values":[81.22270742358079],"datetime_complete":"2026-02-21T20:45:11.222446"}
{"op_code":4,"worker_id":"65621591-6ed3-46d5-85f6-3172b5f690ea-140737350539072","study_id":0,"datetime_start":"2026-02-21T20:45:11.230709"}
{"op_code":5,"worker_id":"65621591-6ed3-46d5-85f6-3172b5f690ea-140737350539072","trial_id":2,"param_name":"learning_rate","param_value_internal":0.3777858794817165,"distribution":"{\"name\": \"FloatDistribution\", \"attributes\": {\"step\": null, \"low\": 0.001, \"high\": 10.0, \"log\": true}}"}
{"op_code":5,"worker_id":"65621591-6ed3-46d5-85f6-3172b5f690ea-140737350539072","trial_id":2,"param_name":"transfer_lr","param_value_internal":0.04348158245217601,"distribution":"{\"name\": \"FloatDistribution\", \"attributes\": {\"step\": null, \"low\": 0.0001, \"high\": 100.0, \"log\": true}}"}
{"op_code":5,"worker_id":"65621591-6ed3-46d5-85f6-3172b5f690ea-140737350539072","trial_id":2,"param_name":"transfer_every","param_value_internal":128.0,"distribution":"{\"name\": \"IntDistribution\", \"attributes\": {\"log\": true, \"step\": 1, \"low\": 64, \"high\": 32000}}"}
{"op_code":5,"worker_id":"65621591-6ed3-46d5-85f6-3172b5f690ea-140737350539072","trial_id":2,"param_name":"rank_exp","param_value_internal":0.0,"distribution":"{\"name\": \"IntDistribution\", \"attributes\": {\"log\": false, \"step\": 1, \"low\": 0, \"high\": 5}}"}
{"op_code":5,"worker_id":"65621591-6ed3-46d5-85f6-3172b5f690ea-140737350539072","trial_id":2,"param_name":"lora_alpha","param_value_internal":5.219733563513628,"distribution":"{\"name\": \"FloatDistribution\", \"attributes\": {\"step\": null, \"low\": 0.0001, \"high\": 100.0, \"log\": true}}"}
{"op_code":5,"worker_id":"65621591-6ed3-46d5-85f6-3172b5f690ea-140737350539072","trial_id":2,"param_name":"tau_sec","param_value_internal":0.0,"distribution":"{\"name\": \"FloatDistribution\", \"attributes\": {\"step\": null, \"low\": 0.0, \"high\": 0.0, \"log\": false}}"}
{"op_code":5,"worker_id":"65621591-6ed3-46d5-85f6-3172b5f690ea-140737350539072","trial_id":2,"param_name":"out_noise","param_value_internal":0.0,"distribution":"{\"name\": \"FloatDistribution\", \"attributes\": {\"step\": null, \"low\": 0.0, \"high\": 0.0, \"log\": false}}"}
{"op_code":5,"worker_id":"65621591-6ed3-46d5-85f6-3172b5f690ea-140737350539072","trial_id":2,"param_name":"ab_weight_scaling_omega","param_value_internal":0.0,"distribution":"{\"name\": \"FloatDistribution\", \"attributes\": {\"step\": null, \"low\": 0.0, \"high\": 0.0, \"log\": false}}"}
{"op_code":5,"worker_id":"65621591-6ed3-46d5-85f6-3172b5f690ea-140737350539072","trial_id":2,"param_name":"min_lr_rate","param_value_internal":0.0,"distribution":"{\"name\": \"FloatDistribution\", \"attributes\": {\"step\": null, \"low\": 0.0, \"high\": 0.0, \"log\": false}}"}
{"op_code":7,"worker_id":"65621591-6ed3-46d5-85f6-3172b5f690ea-140737350539072","trial_id":2,"step":1,"intermediate_value":0.0}
{"op_code":8,"worker_id":"65621591-6ed3-46d5-85f6-3172b5f690ea-140737350539072","trial_id":2,"user_attr":{"train_loss_epoch_1":9143110.671773098}}
{"op_code":8,"worker_id":"65621591-6ed3-46d5-85f6-3172b5f690ea-140737350539072","trial_id":2,"user_attr":{"val_loss_epoch_1":5400346.0}}
{"op_code":7,"worker_id":"65621591-6ed3-46d5-85f6-3172b5f690ea-140737350539072","trial_id":2,"step":2,"intermediate_value":0.0}
{"op_code":8,"worker_id":"65621591-6ed3-46d5-85f6-3172b5f690ea-140737350539072","trial_id":2,"user_attr":{"train_loss_epoch_2":7559055.271739131}}
{"op_code":8,"worker_id":"65621591-6ed3-46d5-85f6-3172b5f690ea-140737350539072","trial_id":2,"user_attr":{"val_loss_epoch_2":2942346.0}}
{"op_code":7,"worker_id":"65621591-6ed3-46d5-85f6-3172b5f690ea-140737350539072","trial_id":2,"step":3,"intermediate_value":0.0}
{"op_code":8,"worker_id":"65621591-6ed3-46d5-85f6-3172b5f690ea-140737350539072","trial_id":2,"user_attr":{"train_loss_epoch_3":6936653.821739131}}
{"op_code":8,"worker_id":"65621591-6ed3-46d5-85f6-3172b5f690ea-140737350539072","trial_id":2,"user_attr":{"val_loss_epoch_3":3700951.25}}
{"op_code":7,"worker_id":"65621591-6ed3-46d5-85f6-3172b5f690ea-140737350539072","trial_id":2,"step":4,"intermediate_value":0.0}
{"op_code":8,"worker_id":"65621591-6ed3-46d5-85f6-3172b5f690ea-140737350539072","trial_id":2,"user_attr":{"train_loss_epoch_4":6319826.513179348}}
{"op_code":8,"worker_id":"65621591-6ed3-46d5-85f6-3172b5f690ea-140737350539072","trial_id":2,"user_attr":{"val_loss_epoch_4":3106055.25}}
{"op_code":6,"worker_id":"65621591-6ed3-46d5-85f6-3172b5f690ea-140737350539072","trial_id":2,"state":1,"values":[0.0],"datetime_complete":"2026-02-21T20:46:53.741553"}
{"op_code":4,"worker_id":"65621591-6ed3-46d5-85f6-3172b5f690ea-140737350539072","study_id":0,"datetime_start":"2026-02-21T20:46:53.751026"}
{"op_code":5,"worker_id":"65621591-6ed3-46d5-85f6-3172b5f690ea-140737350539072","trial_id":3,"param_name":"learning_rate","param_value_internal":0.06632064197313624,"distribution":"{\"name\": \"FloatDistribution\", \"attributes\": {\"step\": null, \"low\": 0.001, \"high\": 10.0, \"log\": true}}"}
{"op_code":5,"worker_id":"65621591-6ed3-46d5-85f6-3172b5f690ea-140737350539072","trial_id":3,"param_name":"transfer_lr","param_value_internal":0.5611108620102319,"distribution":"{\"name\": \"FloatDistribution\", \"attributes\": {\"step\": null, \"low\": 0.0001, \"high\": 100.0, \"log\": true}}"}
{"op_code":5,"worker_id":"65621591-6ed3-46d5-85f6-3172b5f690ea-140737350539072","trial_id":3,"param_name":"transfer_every","param_value_internal":10752.0,"distribution":"{\"name\": \"IntDistribution\", \"attributes\": {\"log\": true, \"step\": 1, \"low\": 64, \"high\": 32000}}"}
{"op_code":5,"worker_id":"65621591-6ed3-46d5-85f6-3172b5f690ea-140737350539072","trial_id":3,"param_name":"rank_exp","param_value_internal":3.0,"distribution":"{\"name\": \"IntDistribution\", \"attributes\": {\"log\": false, \"step\": 1, \"low\": 0, \"high\": 5}}"}
{"op_code":5,"worker_id":"65621591-6ed3-46d5-85f6-3172b5f690ea-140737350539072","trial_id":3,"param_name":"lora_alpha","param_value_internal":0.0016758526286949405,"distribution":"{\"name\": \"FloatDistribution\", \"attributes\": {\"step\": null, \"low\": 0.0001, \"high\": 100.0, \"log\": true}}"}
{"op_code":5,"worker_id":"65621591-6ed3-46d5-85f6-3172b5f690ea-140737350539072","trial_id":3,"param_name":"tau_sec","param_value_internal":0.0,"distribution":"{\"name\": \"FloatDistribution\", \"attributes\": {\"step\": null, \"low\": 0.0, \"high\": 0.0, \"log\": false}}"}
{"op_code":5,"worker_id":"65621591-6ed3-46d5-85f6-3172b5f690ea-140737350539072","trial_id":3,"param_name":"out_noise","param_value_internal":0.0,"distribution":"{\"name\": \"FloatDistribution\", \"attributes\": {\"step\": null, \"low\": 0.0, \"high\": 0.0, \"log\": false}}"}
{"op_code":5,"worker_id":"65621591-6ed3-46d5-85f6-3172b5f690ea-140737350539072","trial_id":3,"param_name":"ab_weight_scaling_omega","param_value_internal":0.0,"distribution":"{\"name\": \"FloatDistribution\", \"attributes\": {\"step\": null, \"low\": 0.0, \"high\": 0.0, \"log\": false}}"}
{"op_code":5,"worker_id":"65621591-6ed3-46d5-85f6-3172b5f690ea-140737350539072","trial_id":3,"param_name":"min_lr_rate","param_value_internal":0.0,"distribution":"{\"name\": \"FloatDistribution\", \"attributes\": {\"step\": null, \"low\": 0.0, \"high\": 0.0, \"log\": false}}"}
{"op_code":7,"worker_id":"65621591-6ed3-46d5-85f6-3172b5f690ea-140737350539072","trial_id":3,"step":1,"intermediate_value":0.0}
{"op_code":8,"worker_id":"65621591-6ed3-46d5-85f6-3172b5f690ea-140737350539072","trial_id":3,"user_attr":{"train_loss_epoch_1":9840711.403023098}}
{"op_code":8,"worker_id":"65621591-6ed3-46d5-85f6-3172b5f690ea-140737350539072","trial_id":3,"user_attr":{"val_loss_epoch_1":182048.90625}}
{"op_code":7,"worker_id":"65621591-6ed3-46d5-85f6-3172b5f690ea-140737350539072","trial_id":3,"step":2,"intermediate_value":0.0}
{"op_code":8,"worker_id":"65621591-6ed3-46d5-85f6-3172b5f690ea-140737350539072","trial_id":3,"user_attr":{"train_loss_epoch_2":1381965.187168818}}
{"op_code":8,"worker_id":"65621591-6ed3-46d5-85f6-3172b5f690ea-140737350539072","trial_id":3,"user_attr":{"val_loss_epoch_2":25651.03515625}}
{"op_code":7,"worker_id":"65621591-6ed3-46d5-85f6-3172b5f690ea-140737350539072","trial_id":3,"step":3,"intermediate_value":0.0}
{"op_code":8,"worker_id":"65621591-6ed3-46d5-85f6-3172b5f690ea-140737350539072","trial_id":3,"user_attr":{"train_loss_epoch_3":1223005.8056555707}}
{"op_code":8,"worker_id":"65621591-6ed3-46d5-85f6-3172b5f690ea-140737350539072","trial_id":3,"user_attr":{"val_loss_epoch_3":401390.078125}}
{"op_code":7,"worker_id":"65621591-6ed3-46d5-85f6-3172b5f690ea-140737350539072","trial_id":3,"step":4,"intermediate_value":0.0}
{"op_code":8,"worker_id":"65621591-6ed3-46d5-85f6-3172b5f690ea-140737350539072","trial_id":3,"user_attr":{"train_loss_epoch_4":1098288.6448369566}}
{"op_code":8,"worker_id":"65621591-6ed3-46d5-85f6-3172b5f690ea-140737350539072","trial_id":3,"user_attr":{"val_loss_epoch_4":379819.734375}}
{"op_code":6,"worker_id":"65621591-6ed3-46d5-85f6-3172b5f690ea-140737350539072","trial_id":3,"state":1,"values":[0.0],"datetime_complete":"2026-02-21T20:50:22.422825"}
{"op_code":4,"worker_id":"65621591-6ed3-46d5-85f6-3172b5f690ea-140737350539072","study_id":0,"datetime_start":"2026-02-21T20:50:22.431823"}
{"op_code":5,"worker_id":"65621591-6ed3-46d5-85f6-3172b5f690ea-140737350539072","trial_id":4,"param_name":"learning_rate","param_value_internal":0.006773162229307608,"distribution":"{\"name\": \"FloatDistribution\", \"attributes\": {\"step\": null, \"low\": 0.001, \"high\": 10.0, \"log\": true}}"}
{"op_code":5,"worker_id":"65621591-6ed3-46d5-85f6-3172b5f690ea-140737350539072","trial_id":4,"param_name":"transfer_lr","param_value_internal":1.8088376880934505,"distribution":"{\"name\": \"FloatDistribution\", \"attributes\": {\"step\": null, \"low\": 0.0001, \"high\": 100.0, \"log\": true}}"}
{"op_code":5,"worker_id":"65621591-6ed3-46d5-85f6-3172b5f690ea-140737350539072","trial_id":4,"param_name":"transfer_every","param_value_internal":940.0,"distribution":"{\"name\": \"IntDistribution\", \"attributes\": {\"log\": true, \"step\": 1, \"low\": 64, \"high\": 32000}}"}
{"op_code":5,"worker_id":"65621591-6ed3-46d5-85f6-3172b5f690ea-140737350539072","trial_id":4,"param_name":"rank_exp","param_value_internal":3.0,"distribution":"{\"name\": \"IntDistribution\", \"attributes\": {\"log\": false, \"step\": 1, \"low\": 0, \"high\": 5}}"}
{"op_code":5,"worker_id":"65621591-6ed3-46d5-85f6-3172b5f690ea-140737350539072","trial_id":4,"param_name":"lora_alpha","param_value_internal":0.09845229275868711,"distribution":"{\"name\": \"FloatDistribution\", \"attributes\": {\"step\": null, \"low\": 0.0001, \"high\": 100.0, \"log\": true}}"}
{"op_code":5,"worker_id":"65621591-6ed3-46d5-85f6-3172b5f690ea-140737350539072","trial_id":4,"param_name":"tau_sec","param_value_internal":0.0,"distribution":"{\"name\": \"FloatDistribution\", \"attributes\": {\"step\": null, \"low\": 0.0, \"high\": 0.0, \"log\": false}}"}
{"op_code":5,"worker_id":"65621591-6ed3-46d5-85f6-3172b5f690ea-140737350539072","trial_id":4,"param_name":"out_noise","param_value_internal":0.0,"distribution":"{\"name\": \"FloatDistribution\", \"attributes\": {\"step\": null, \"low\": 0.0, \"high\": 0.0, \"log\": false}}"}
{"op_code":5,"worker_id":"65621591-6ed3-46d5-85f6-3172b5f690ea-140737350539072","trial_id":4,"param_name":"ab_weight_scaling_omega","param_value_internal":0.0,"distribution":"{\"name\": \"FloatDistribution\", \"attributes\": {\"step\": null, \"low\": 0.0, \"high\": 0.0, \"log\": false}}"}
{"op_code":5,"worker_id":"65621591-6ed3-46d5-85f6-3172b5f690ea-140737350539072","trial_id":4,"param_name":"min_lr_rate","param_value_internal":0.0,"distribution":"{\"name\": \"FloatDistribution\", \"attributes\": {\"step\": null, \"low\": 0.0, \"high\": 0.0, \"log\": false}}"}
{"op_code":7,"worker_id":"65621591-6ed3-46d5-85f6-3172b5f690ea-140737350539072","trial_id":4,"step":1,"intermediate_value":0.0}
{"op_code":8,"worker_id":"65621591-6ed3-46d5-85f6-3172b5f690ea-140737350539072","trial_id":4,"user_attr":{"train_loss_epoch_1":22709877.781929348}}
{"op_code":8,"worker_id":"65621591-6ed3-46d5-85f6-3172b5f690ea-140737350539072","trial_id":4,"user_attr":{"val_loss_epoch_1":12213213.5}}
{"op_code":7,"worker_id":"65621591-6ed3-46d5-85f6-3172b5f690ea-140737350539072","trial_id":4,"step":2,"intermediate_value":0.0}
{"op_code":8,"worker_id":"65621591-6ed3-46d5-85f6-3172b5f690ea-140737350539072","trial_id":4,"user_attr":{"train_loss_epoch_2":11569739.524456521}}
{"op_code":8,"worker_id":"65621591-6ed3-46d5-85f6-3172b5f690ea-140737350539072","trial_id":4,"user_attr":{"val_loss_epoch_2":314466.078125}}
{"op_code":7,"worker_id":"65621591-6ed3-46d5-85f6-3172b5f690ea-140737350539072","trial_id":4,"step":3,"intermediate_value":81.22270742358079}
{"op_code":8,"worker_id":"65621591-6ed3-46d5-85f6-3172b5f690ea-140737350539072","trial_id":4,"user_attr":{"train_loss_epoch_3":655886.4174019191}}
{"op_code":8,"worker_id":"65621591-6ed3-46d5-85f6-3172b5f690ea-140737350539072","trial_id":4,"user_attr":{"val_loss_epoch_3":48508.263671875}}
{"op_code":7,"worker_id":"65621591-6ed3-46d5-85f6-3172b5f690ea-140737350539072","trial_id":4,"step":4,"intermediate_value":81.22270742358079}
{"op_code":8,"worker_id":"65621591-6ed3-46d5-85f6-3172b5f690ea-140737350539072","trial_id":4,"user_attr":{"train_loss_epoch_4":115154.59244225544}}
{"op_code":8,"worker_id":"65621591-6ed3-46d5-85f6-3172b5f690ea-140737350539072","trial_id":4,"user_attr":{"val_loss_epoch_4":3918.8297119140625}}
{"op_code":7,"worker_id":"65621591-6ed3-46d5-85f6-3172b5f690ea-140737350539072","trial_id":4,"step":5,"intermediate_value":81.22270742358079}
{"op_code":8,"worker_id":"65621591-6ed3-46d5-85f6-3172b5f690ea-140737350539072","trial_id":4,"user_attr":{"train_loss_epoch_5":99168.619921875}}
{"op_code":8,"worker_id":"65621591-6ed3-46d5-85f6-3172b5f690ea-140737350539072","trial_id":4,"user_attr":{"val_loss_epoch_5":31462.896484375}}
{"op_code":7,"worker_id":"65621591-6ed3-46d5-85f6-3172b5f690ea-140737350539072","trial_id":4,"step":6,"intermediate_value":81.22270742358079}
{"op_code":8,"worker_id":"65621591-6ed3-46d5-85f6-3172b5f690ea-140737350539072","trial_id":4,"user_attr":{"train_loss_epoch_6":91779.73109714674}}
{"op_code":8,"worker_id":"65621591-6ed3-46d5-85f6-3172b5f690ea-140737350539072","trial_id":4,"user_attr":{"val_loss_epoch_6":18823.1982421875}}
{"op_code":6,"worker_id":"65621591-6ed3-46d5-85f6-3172b5f690ea-140737350539072","trial_id":4,"state":1,"values":[81.22270742358079],"datetime_complete":"2026-02-21T20:53:23.495635"}
{"op_code":4,"worker_id":"65621591-6ed3-46d5-85f6-3172b5f690ea-140737350539072","study_id":0,"datetime_start":"2026-02-21T20:53:23.539893"}
{"op_code":5,"worker_id":"65621591-6ed3-46d5-85f6-3172b5f690ea-140737350539072","trial_id":5,"param_name":"learning_rate","param_value_internal":8.600761147308342,"distribution":"{\"name\": \"FloatDistribution\", \"attributes\": {\"step\": null, \"low\": 0.001, \"high\": 10.0, \"log\": true}}"}
{"op_code":5,"worker_id":"65621591-6ed3-46d5-85f6-3172b5f690ea-140737350539072","trial_id":5,"param_name":"transfer_lr","param_value_internal":0.00013121730341389876,"distribution":"{\"name\": \"FloatDistribution\", \"attributes\": {\"step\": null, \"low\": 0.0001, \"high\": 100.0, \"log\": true}}"}
{"op_code":5,"worker_id":"65621591-6ed3-46d5-85f6-3172b5f690ea-140737350539072","trial_id":5,"param_name":"transfer_every","param_value_internal":792.0,"distribution":"{\"name\": \"IntDistribution\", \"attributes\": {\"log\": true, \"step\": 1, \"low\": 64, \"high\": 32000}}"}
{"op_code":5,"worker_id":"65621591-6ed3-46d5-85f6-3172b5f690ea-140737350539072","trial_id":5,"param_name":"rank_exp","param_value_internal":0.0,"distribution":"{\"name\": \"IntDistribution\", \"attributes\": {\"log\": false, \"step\": 1, \"low\": 0, \"high\": 5}}"}
{"op_code":5,"worker_id":"65621591-6ed3-46d5-85f6-3172b5f690ea-140737350539072","trial_id":5,"param_name":"lora_alpha","param_value_internal":5.336650186873238,"distribution":"{\"name\": \"FloatDistribution\", \"attributes\": {\"step\": null, \"low\": 0.0001, \"high\": 100.0, \"log\": true}}"}
{"op_code":5,"worker_id":"65621591-6ed3-46d5-85f6-3172b5f690ea-140737350539072","trial_id":5,"param_name":"tau_sec","param_value_internal":0.0,"distribution":"{\"name\": \"FloatDistribution\", \"attributes\": {\"step\": null, \"low\": 0.0, \"high\": 0.0, \"log\": false}}"}
{"op_code":5,"worker_id":"65621591-6ed3-46d5-85f6-3172b5f690ea-140737350539072","trial_id":5,"param_name":"out_noise","param_value_internal":0.0,"distribution":"{\"name\": \"FloatDistribution\", \"attributes\": {\"step\": null, \"low\": 0.0, \"high\": 0.0, \"log\": false}}"}
{"op_code":5,"worker_id":"65621591-6ed3-46d5-85f6-3172b5f690ea-140737350539072","trial_id":5,"param_name":"ab_weight_scaling_omega","param_value_internal":0.0,"distribution":"{\"name\": \"FloatDistribution\", \"attributes\": {\"step\": null, \"low\": 0.0, \"high\": 0.0, \"log\": false}}"}
{"op_code":5,"worker_id":"65621591-6ed3-46d5-85f6-3172b5f690ea-140737350539072","trial_id":5,"param_name":"min_lr_rate","param_value_internal":0.0,"distribution":"{\"name\": \"FloatDistribution\", \"attributes\": {\"step\": null, \"low\": 0.0, \"high\": 0.0, \"log\": false}}"}
{"op_code":7,"worker_id":"65621591-6ed3-46d5-85f6-3172b5f690ea-140737350539072","trial_id":5,"step":1,"intermediate_value":0.0}
{"op_code":8,"worker_id":"65621591-6ed3-46d5-85f6-3172b5f690ea-140737350539072","trial_id":5,"user_attr":{"train_loss_epoch_1":118132386.95}}
{"op_code":8,"worker_id":"65621591-6ed3-46d5-85f6-3172b5f690ea-140737350539072","trial_id":5,"user_attr":{"val_loss_epoch_1":144993984.0}}
{"op_code":7,"worker_id":"65621591-6ed3-46d5-85f6-3172b5f690ea-140737350539072","trial_id":5,"step":2,"intermediate_value":0.0}
{"op_code":8,"worker_id":"65621591-6ed3-46d5-85f6-3172b5f690ea-140737350539072","trial_id":5,"user_attr":{"train_loss_epoch_2":172663277.9478261}}
{"op_code":8,"worker_id":"65621591-6ed3-46d5-85f6-3172b5f690ea-140737350539072","trial_id":5,"user_attr":{"val_loss_epoch_2":44068314.0}}
{"op_code":7,"worker_id":"65621591-6ed3-46d5-85f6-3172b5f690ea-140737350539072","trial_id":5,"step":3,"intermediate_value":0.0}
{"op_code":8,"worker_id":"65621591-6ed3-46d5-85f6-3172b5f690ea-140737350539072","trial_id":5,"user_attr":{"train_loss_epoch_3":156532851.73913044}}
{"op_code":8,"worker_id":"65621591-6ed3-46d5-85f6-3172b5f690ea-140737350539072","trial_id":5,"user_attr":{"val_loss_epoch_3":20843294.0}}
{"op_code":7,"worker_id":"65621591-6ed3-46d5-85f6-3172b5f690ea-140737350539072","trial_id":5,"step":4,"intermediate_value":0.0}
{"op_code":8,"worker_id":"65621591-6ed3-46d5-85f6-3172b5f690ea-140737350539072","trial_id":5,"user_attr":{"train_loss_epoch_4":144551618.27826086}}
{"op_code":8,"worker_id":"65621591-6ed3-46d5-85f6-3172b5f690ea-140737350539072","trial_id":5,"user_attr":{"val_loss_epoch_4":57429014.0}}
{"op_code":7,"worker_id":"65621591-6ed3-46d5-85f6-3172b5f690ea-140737350539072","trial_id":5,"step":5,"intermediate_value":81.22270742358079}
{"op_code":8,"worker_id":"65621591-6ed3-46d5-85f6-3172b5f690ea-140737350539072","trial_id":5,"user_attr":{"train_loss_epoch_5":130720674.85217391}}
{"op_code":8,"worker_id":"65621591-6ed3-46d5-85f6-3172b5f690ea-140737350539072","trial_id":5,"user_attr":{"val_loss_epoch_5":13813690.5}}
{"op_code":7,"worker_id":"65621591-6ed3-46d5-85f6-3172b5f690ea-140737350539072","trial_id":5,"step":6,"intermediate_value":81.22270742358079}
{"op_code":8,"worker_id":"65621591-6ed3-46d5-85f6-3172b5f690ea-140737350539072","trial_id":5,"user_attr":{"train_loss_epoch_6":97816429.5978261}}
{"op_code":8,"worker_id":"65621591-6ed3-46d5-85f6-3172b5f690ea-140737350539072","trial_id":5,"user_attr":{"val_loss_epoch_6":4440196.75}}
{"op_code":7,"worker_id":"65621591-6ed3-46d5-85f6-3172b5f690ea-140737350539072","trial_id":5,"step":7,"intermediate_value":81.22270742358079}
{"op_code":8,"worker_id":"65621591-6ed3-46d5-85f6-3172b5f690ea-140737350539072","trial_id":5,"user_attr":{"train_loss_epoch_7":100155912.98260869}}
{"op_code":8,"worker_id":"65621591-6ed3-46d5-85f6-3172b5f690ea-140737350539072","trial_id":5,"user_attr":{"val_loss_epoch_7":38942586.0}}
{"op_code":7,"worker_id":"65621591-6ed3-46d5-85f6-3172b5f690ea-140737350539072","trial_id":5,"step":8,"intermediate_value":81.22270742358079}
{"op_code":8,"worker_id":"65621591-6ed3-46d5-85f6-3172b5f690ea-140737350539072","trial_id":5,"user_attr":{"train_loss_epoch_8":89834025.6}}
{"op_code":8,"worker_id":"65621591-6ed3-46d5-85f6-3172b5f690ea-140737350539072","trial_id":5,"user_attr":{"val_loss_epoch_8":17481665.0}}
{"op_code":6,"worker_id":"65621591-6ed3-46d5-85f6-3172b5f690ea-140737350539072","trial_id":5,"state":1,"values":[81.22270742358079],"datetime_complete":"2026-02-21T20:56:46.432439"}
{"op_code":4,"worker_id":"65621591-6ed3-46d5-85f6-3172b5f690ea-140737350539072","study_id":0,"datetime_start":"2026-02-21T20:56:46.441047"}
{"op_code":5,"worker_id":"65621591-6ed3-46d5-85f6-3172b5f690ea-140737350539072","trial_id":6,"param_name":"learning_rate","param_value_internal":0.02487627345374234,"distribution":"{\"name\": \"FloatDistribution\", \"attributes\": {\"step\": null, \"low\": 0.001, \"high\": 10.0, \"log\": true}}"}
{"op_code":5,"worker_id":"65621591-6ed3-46d5-85f6-3172b5f690ea-140737350539072","trial_id":6,"param_name":"transfer_lr","param_value_internal":21.100560836510894,"distribution":"{\"name\": \"FloatDistribution\", \"attributes\": {\"step\": null, \"low\": 0.0001, \"high\": 100.0, \"log\": true}}"}
{"op_code":5,"worker_id":"65621591-6ed3-46d5-85f6-3172b5f690ea-140737350539072","trial_id":6,"param_name":"transfer_every","param_value_internal":1290.0,"distribution":"{\"name\": \"IntDistribution\", \"attributes\": {\"log\": true, \"step\": 1, \"low\": 64, \"high\": 32000}}"}
{"op_code":5,"worker_id":"65621591-6ed3-46d5-85f6-3172b5f690ea-140737350539072","trial_id":6,"param_name":"rank_exp","param_value_internal":3.0,"distribution":"{\"name\": \"IntDistribution\", \"attributes\": {\"log\": false, \"step\": 1, \"low\": 0, \"high\": 5}}"}
{"op_code":5,"worker_id":"65621591-6ed3-46d5-85f6-3172b5f690ea-140737350539072","trial_id":6,"param_name":"lora_alpha","param_value_internal":0.0002611126315538595,"distribution":"{\"name\": \"FloatDistribution\", \"attributes\": {\"step\": null, \"low\": 0.0001, \"high\": 100.0, \"log\": true}}"}
{"op_code":5,"worker_id":"65621591-6ed3-46d5-85f6-3172b5f690ea-140737350539072","trial_id":6,"param_name":"tau_sec","param_value_internal":0.0,"distribution":"{\"name\": \"FloatDistribution\", \"attributes\": {\"step\": null, \"low\": 0.0, \"high\": 0.0, \"log\": false}}"}
{"op_code":5,"worker_id":"65621591-6ed3-46d5-85f6-3172b5f690ea-140737350539072","trial_id":6,"param_name":"out_noise","param_value_internal":0.0,"distribution":"{\"name\": \"FloatDistribution\", \"attributes\": {\"step\": null, \"low\": 0.0, \"high\": 0.0, \"log\": false}}"}
{"op_code":5,"worker_id":"65621591-6ed3-46d5-85f6-3172b5f690ea-140737350539072","trial_id":6,"param_name":"ab_weight_scaling_omega","param_value_internal":0.0,"distribution":"{\"name\": \"FloatDistribution\", \"attributes\": {\"step\": null, \"low\": 0.0, \"high\": 0.0, \"log\": false}}"}
{"op_code":5,"worker_id":"65621591-6ed3-46d5-85f6-3172b5f690ea-140737350539072","trial_id":6,"param_name":"min_lr_rate","param_value_internal":0.0,"distribution":"{\"name\": \"FloatDistribution\", \"attributes\": {\"step\": null, \"low\": 0.0, \"high\": 0.0, \"log\": false}}"}
{"op_code":7,"worker_id":"65621591-6ed3-46d5-85f6-3172b5f690ea-140737350539072","trial_id":6,"step":1,"intermediate_value":0.0}
{"op_code":8,"worker_id":"65621591-6ed3-46d5-85f6-3172b5f690ea-140737350539072","trial_id":6,"user_attr":{"train_loss_epoch_1":16456073.621076766}}
{"op_code":8,"worker_id":"65621591-6ed3-46d5-85f6-3172b5f690ea-140737350539072","trial_id":6,"user_attr":{"val_loss_epoch_1":241863.5703125}}
{"op_code":7,"worker_id":"65621591-6ed3-46d5-85f6-3172b5f690ea-140737350539072","trial_id":6,"step":2,"intermediate_value":81.22270742358079}
{"op_code":8,"worker_id":"65621591-6ed3-46d5-85f6-3172b5f690ea-140737350539072","trial_id":6,"user_attr":{"train_loss_epoch_2":491694.89971127716}}
{"op_code":8,"worker_id":"65621591-6ed3-46d5-85f6-3172b5f690ea-140737350539072","trial_id":6,"user_attr":{"val_loss_epoch_2":22121.23046875}}
{"op_code":7,"worker_id":"65621591-6ed3-46d5-85f6-3172b5f690ea-140737350539072","trial_id":6,"step":3,"intermediate_value":81.22270742358079}
{"op_code":8,"worker_id":"65621591-6ed3-46d5-85f6-3172b5f690ea-140737350539072","trial_id":6,"user_attr":{"train_loss_epoch_3":374106.8825789742}}
{"op_code":8,"worker_id":"65621591-6ed3-46d5-85f6-3172b5f690ea-140737350539072","trial_id":6,"user_attr":{"val_loss_epoch_3":173366.15625}}
{"op_code":7,"worker_id":"65621591-6ed3-46d5-85f6-3172b5f690ea-140737350539072","trial_id":6,"step":4,"intermediate_value":81.22270742358079}
{"op_code":8,"worker_id":"65621591-6ed3-46d5-85f6-3172b5f690ea-140737350539072","trial_id":6,"user_attr":{"train_loss_epoch_4":406538.57316576084}}
{"op_code":8,"worker_id":"65621591-6ed3-46d5-85f6-3172b5f690ea-140737350539072","trial_id":6,"user_attr":{"val_loss_epoch_4":234602.3203125}}
{"op_code":6,"worker_id":"65621591-6ed3-46d5-85f6-3172b5f690ea-140737350539072","trial_id":6,"state":1,"values":[81.22270742358079],"datetime_complete":"2026-02-21T20:59:34.354013"}
{"op_code":4,"worker_id":"65621591-6ed3-46d5-85f6-3172b5f690ea-140737350539072","study_id":0,"datetime_start":"2026-02-21T20:59:34.360987"}
{"op_code":5,"worker_id":"65621591-6ed3-46d5-85f6-3172b5f690ea-140737350539072","trial_id":7,"param_name":"learning_rate","param_value_internal":5.595918389942106,"distribution":"{\"name\": \"FloatDistribution\", \"attributes\": {\"step\": null, \"low\": 0.001, \"high\": 10.0, \"log\": true}}"}
{"op_code":5,"worker_id":"65621591-6ed3-46d5-85f6-3172b5f690ea-140737350539072","trial_id":7,"param_name":"transfer_lr","param_value_internal":1.5947461038014221,"distribution":"{\"name\": \"FloatDistribution\", \"attributes\": {\"step\": null, \"low\": 0.0001, \"high\": 100.0, \"log\": true}}"}
{"op_code":5,"worker_id":"65621591-6ed3-46d5-85f6-3172b5f690ea-140737350539072","trial_id":7,"param_name":"transfer_every","param_value_internal":1355.0,"distribution":"{\"name\": \"IntDistribution\", \"attributes\": {\"log\": true, \"step\": 1, \"low\": 64, \"high\": 32000}}"}
{"op_code":5,"worker_id":"65621591-6ed3-46d5-85f6-3172b5f690ea-140737350539072","trial_id":7,"param_name":"rank_exp","param_value_internal":1.0,"distribution":"{\"name\": \"IntDistribution\", \"attributes\": {\"log\": false, \"step\": 1, \"low\": 0, \"high\": 5}}"}
{"op_code":5,"worker_id":"65621591-6ed3-46d5-85f6-3172b5f690ea-140737350539072","trial_id":7,"param_name":"lora_alpha","param_value_internal":0.000943072921936015,"distribution":"{\"name\": \"FloatDistribution\", \"attributes\": {\"step\": null, \"low\": 0.0001, \"high\": 100.0, \"log\": true}}"}
{"op_code":5,"worker_id":"65621591-6ed3-46d5-85f6-3172b5f690ea-140737350539072","trial_id":7,"param_name":"tau_sec","param_value_internal":0.0,"distribution":"{\"name\": \"FloatDistribution\", \"attributes\": {\"step\": null, \"low\": 0.0, \"high\": 0.0, \"log\": false}}"}
{"op_code":5,"worker_id":"65621591-6ed3-46d5-85f6-3172b5f690ea-140737350539072","trial_id":7,"param_name":"out_noise","param_value_internal":0.0,"distribution":"{\"name\": \"FloatDistribution\", \"attributes\": {\"step\": null, \"low\": 0.0, \"high\": 0.0, \"log\": false}}"}
{"op_code":5,"worker_id":"65621591-6ed3-46d5-85f6-3172b5f690ea-140737350539072","trial_id":7,"param_name":"ab_weight_scaling_omega","param_value_internal":0.0,"distribution":"{\"name\": \"FloatDistribution\", \"attributes\": {\"step\": null, \"low\": 0.0, \"high\": 0.0, \"log\": false}}"}
{"op_code":5,"worker_id":"65621591-6ed3-46d5-85f6-3172b5f690ea-140737350539072","trial_id":7,"param_name":"min_lr_rate","param_value_internal":0.0,"distribution":"{\"name\": \"FloatDistribution\", \"attributes\": {\"step\": null, \"low\": 0.0, \"high\": 0.0, \"log\": false}}"}
{"op_code":7,"worker_id":"65621591-6ed3-46d5-85f6-3172b5f690ea-140737350539072","trial_id":7,"step":1,"intermediate_value":0.0}
{"op_code":8,"worker_id":"65621591-6ed3-46d5-85f6-3172b5f690ea-140737350539072","trial_id":7,"user_attr":{"train_loss_epoch_1":74514420.94497283}}
{"op_code":8,"worker_id":"65621591-6ed3-46d5-85f6-3172b5f690ea-140737350539072","trial_id":7,"user_attr":{"val_loss_epoch_1":60423078.0}}
{"op_code":7,"worker_id":"65621591-6ed3-46d5-85f6-3172b5f690ea-140737350539072","trial_id":7,"step":2,"intermediate_value":0.0}
{"op_code":8,"worker_id":"65621591-6ed3-46d5-85f6-3172b5f690ea-140737350539072","trial_id":7,"user_attr":{"train_loss_epoch_2":112690532.74782608}}
{"op_code":8,"worker_id":"65621591-6ed3-46d5-85f6-3172b5f690ea-140737350539072","trial_id":7,"user_attr":{"val_loss_epoch_2":89840056.0}}
{"op_code":7,"worker_id":"65621591-6ed3-46d5-85f6-3172b5f690ea-140737350539072","trial_id":7,"step":3,"intermediate_value":0.0}
{"op_code":8,"worker_id":"65621591-6ed3-46d5-85f6-3172b5f690ea-140737350539072","trial_id":7,"user_attr":{"train_loss_epoch_3":101132308.24782608}}
{"op_code":8,"worker_id":"65621591-6ed3-46d5-85f6-3172b5f690ea-140737350539072","trial_id":7,"user_attr":{"val_loss_epoch_3":73740676.0}}
{"op_code":6,"worker_id":"65621591-6ed3-46d5-85f6-3172b5f690ea-140737350539072","trial_id":7,"state":1,"values":[0.0],"datetime_complete":"2026-02-21T21:02:38.250158"}
{"op_code":4,"worker_id":"65621591-6ed3-46d5-85f6-3172b5f690ea-140737350539072","study_id":0,"datetime_start":"2026-02-21T21:02:38.259044"}
{"op_code":5,"worker_id":"65621591-6ed3-46d5-85f6-3172b5f690ea-140737350539072","trial_id":8,"param_name":"learning_rate","param_value_internal":0.005941148144389455,"distribution":"{\"name\": \"FloatDistribution\", \"attributes\": {\"step\": null, \"low\": 0.001, \"high\": 10.0, \"log\": true}}"}
{"op_code":5,"worker_id":"65621591-6ed3-46d5-85f6-3172b5f690ea-140737350539072","trial_id":8,"param_name":"transfer_lr","param_value_internal":0.1658796847279703,"distribution":"{\"name\": \"FloatDistribution\", \"attributes\": {\"step\": null, \"low\": 0.0001, \"high\": 100.0, \"log\": true}}"}
{"op_code":5,"worker_id":"65621591-6ed3-46d5-85f6-3172b5f690ea-140737350539072","trial_id":8,"param_name":"transfer_every","param_value_internal":304.0,"distribution":"{\"name\": \"IntDistribution\", \"attributes\": {\"log\": true, \"step\": 1, \"low\": 64, \"high\": 32000}}"}
{"op_code":5,"worker_id":"65621591-6ed3-46d5-85f6-3172b5f690ea-140737350539072","trial_id":8,"param_name":"rank_exp","param_value_internal":4.0,"distribution":"{\"name\": \"IntDistribution\", \"attributes\": {\"log\": false, \"step\": 1, \"low\": 0, \"high\": 5}}"}
{"op_code":5,"worker_id":"65621591-6ed3-46d5-85f6-3172b5f690ea-140737350539072","trial_id":8,"param_name":"lora_alpha","param_value_internal":1.5777455712110156,"distribution":"{\"name\": \"FloatDistribution\", \"attributes\": {\"step\": null, \"low\": 0.0001, \"high\": 100.0, \"log\": true}}"}
{"op_code":5,"worker_id":"65621591-6ed3-46d5-85f6-3172b5f690ea-140737350539072","trial_id":8,"param_name":"tau_sec","param_value_internal":0.0,"distribution":"{\"name\": \"FloatDistribution\", \"attributes\": {\"step\": null, \"low\": 0.0, \"high\": 0.0, \"log\": false}}"}
{"op_code":5,"worker_id":"65621591-6ed3-46d5-85f6-3172b5f690ea-140737350539072","trial_id":8,"param_name":"out_noise","param_value_internal":0.0,"distribution":"{\"name\": \"FloatDistribution\", \"attributes\": {\"step\": null, \"low\": 0.0, \"high\": 0.0, \"log\": false}}"}
{"op_code":5,"worker_id":"65621591-6ed3-46d5-85f6-3172b5f690ea-140737350539072","trial_id":8,"param_name":"ab_weight_scaling_omega","param_value_internal":0.0,"distribution":"{\"name\": \"FloatDistribution\", \"attributes\": {\"step\": null, \"low\": 0.0, \"high\": 0.0, \"log\": false}}"}
{"op_code":5,"worker_id":"65621591-6ed3-46d5-85f6-3172b5f690ea-140737350539072","trial_id":8,"param_name":"min_lr_rate","param_value_internal":0.0,"distribution":"{\"name\": \"FloatDistribution\", \"attributes\": {\"step\": null, \"low\": 0.0, \"high\": 0.0, \"log\": false}}"}
{"op_code":7,"worker_id":"65621591-6ed3-46d5-85f6-3172b5f690ea-140737350539072","trial_id":8,"step":1,"intermediate_value":81.22270742358079}
{"op_code":8,"worker_id":"65621591-6ed3-46d5-85f6-3172b5f690ea-140737350539072","trial_id":8,"user_attr":{"train_loss_epoch_1":24714946.063179348}}
{"op_code":8,"worker_id":"65621591-6ed3-46d5-85f6-3172b5f690ea-140737350539072","trial_id":8,"user_attr":{"val_loss_epoch_1":10188734.0}}
{"op_code":7,"worker_id":"65621591-6ed3-46d5-85f6-3172b5f690ea-140737350539072","trial_id":8,"step":2,"intermediate_value":81.22270742358079}
{"op_code":8,"worker_id":"65621591-6ed3-46d5-85f6-3172b5f690ea-140737350539072","trial_id":8,"user_attr":{"train_loss_epoch_2":12561484.152513588}}
{"op_code":8,"worker_id":"65621591-6ed3-46d5-85f6-3172b5f690ea-140737350539072","trial_id":8,"user_attr":{"val_loss_epoch_2":1214362.4375}}
{"op_code":7,"worker_id":"65621591-6ed3-46d5-85f6-3172b5f690ea-140737350539072","trial_id":8,"step":3,"intermediate_value":81.22270742358079}
{"op_code":8,"worker_id":"65621591-6ed3-46d5-85f6-3172b5f690ea-140737350539072","trial_id":8,"user_attr":{"train_loss_epoch_3":2162705.6024668817}}
{"op_code":8,"worker_id":"65621591-6ed3-46d5-85f6-3172b5f690ea-140737350539072","trial_id":8,"user_attr":{"val_loss_epoch_3":7306.591064453125}}
{"op_code":7,"worker_id":"65621591-6ed3-46d5-85f6-3172b5f690ea-140737350539072","trial_id":8,"step":4,"intermediate_value":81.22270742358079}
{"op_code":8,"worker_id":"65621591-6ed3-46d5-85f6-3172b5f690ea-140737350539072","trial_id":8,"user_attr":{"train_loss_epoch_4":89373.94392832881}}
{"op_code":8,"worker_id":"65621591-6ed3-46d5-85f6-3172b5f690ea-140737350539072","trial_id":8,"user_attr":{"val_loss_epoch_4":25250.3017578125}}
{"op_code":7,"worker_id":"65621591-6ed3-46d5-85f6-3172b5f690ea-140737350539072","trial_id":8,"step":5,"intermediate_value":81.22270742358079}
{"op_code":8,"worker_id":"65621591-6ed3-46d5-85f6-3172b5f690ea-140737350539072","trial_id":8,"user_attr":{"train_loss_epoch_5":92743.29790185016}}
{"op_code":8,"worker_id":"65621591-6ed3-46d5-85f6-3172b5f690ea-140737350539072","trial_id":8,"user_attr":{"val_loss_epoch_5":21006.5380859375}}
{"op_code":6,"worker_id":"65621591-6ed3-46d5-85f6-3172b5f690ea-140737350539072","trial_id":8,"state":1,"values":[81.22270742358079],"datetime_complete":"2026-02-21T21:04:44.838754"}
{"op_code":4,"worker_id":"65621591-6ed3-46d5-85f6-3172b5f690ea-140737350539072","study_id":0,"datetime_start":"2026-02-21T21:04:44.846866"}
{"op_code":5,"worker_id":"65621591-6ed3-46d5-85f6-3172b5f690ea-140737350539072","trial_id":9,"param_name":"learning_rate","param_value_internal":0.008675466538174576,"distribution":"{\"name\": \"FloatDistribution\", \"attributes\": {\"step\": null, \"low\": 0.001, \"high\": 10.0, \"log\": true}}"}
{"op_code":5,"worker_id":"65621591-6ed3-46d5-85f6-3172b5f690ea-140737350539072","trial_id":9,"param_name":"transfer_lr","param_value_internal":0.0015028021473014882,"distribution":"{\"name\": \"FloatDistribution\", \"attributes\": {\"step\": null, \"low\": 0.0001, \"high\": 100.0, \"log\": true}}"}
{"op_code":5,"worker_id":"65621591-6ed3-46d5-85f6-3172b5f690ea-140737350539072","trial_id":9,"param_name":"transfer_every","param_value_internal":2673.0,"distribution":"{\"name\": \"IntDistribution\", \"attributes\": {\"log\": true, \"step\": 1, \"low\": 64, \"high\": 32000}}"}
{"op_code":5,"worker_id":"65621591-6ed3-46d5-85f6-3172b5f690ea-140737350539072","trial_id":9,"param_name":"rank_exp","param_value_internal":4.0,"distribution":"{\"name\": \"IntDistribution\", \"attributes\": {\"log\": false, \"step\": 1, \"low\": 0, \"high\": 5}}"}
{"op_code":5,"worker_id":"65621591-6ed3-46d5-85f6-3172b5f690ea-140737350539072","trial_id":9,"param_name":"lora_alpha","param_value_internal":0.00031238908692096315,"distribution":"{\"name\": \"FloatDistribution\", \"attributes\": {\"step\": null, \"low\": 0.0001, \"high\": 100.0, \"log\": true}}"}
{"op_code":5,"worker_id":"65621591-6ed3-46d5-85f6-3172b5f690ea-140737350539072","trial_id":9,"param_name":"tau_sec","param_value_internal":0.0,"distribution":"{\"name\": \"FloatDistribution\", \"attributes\": {\"step\": null, \"low\": 0.0, \"high\": 0.0, \"log\": false}}"}
{"op_code":5,"worker_id":"65621591-6ed3-46d5-85f6-3172b5f690ea-140737350539072","trial_id":9,"param_name":"out_noise","param_value_internal":0.0,"distribution":"{\"name\": \"FloatDistribution\", \"attributes\": {\"step\": null, \"low\": 0.0, \"high\": 0.0, \"log\": false}}"}
{"op_code":5,"worker_id":"65621591-6ed3-46d5-85f6-3172b5f690ea-140737350539072","trial_id":9,"param_name":"ab_weight_scaling_omega","param_value_internal":0.0,"distribution":"{\"name\": \"FloatDistribution\", \"attributes\": {\"step\": null, \"low\": 0.0, \"high\": 0.0, \"log\": false}}"}
{"op_code":5,"worker_id":"65621591-6ed3-46d5-85f6-3172b5f690ea-140737350539072","trial_id":9,"param_name":"min_lr_rate","param_value_internal":0.0,"distribution":"{\"name\": \"FloatDistribution\", \"attributes\": {\"step\": null, \"low\": 0.0, \"high\": 0.0, \"log\": false}}"}
{"op_code":7,"worker_id":"65621591-6ed3-46d5-85f6-3172b5f690ea-140737350539072","trial_id":9,"step":1,"intermediate_value":81.22270742358079}
{"op_code":8,"worker_id":"65621591-6ed3-46d5-85f6-3172b5f690ea-140737350539072","trial_id":9,"user_attr":{"train_loss_epoch_1":23589893.157065216}}
{"op_code":8,"worker_id":"65621591-6ed3-46d5-85f6-3172b5f690ea-140737350539072","trial_id":9,"user_attr":{"val_loss_epoch_1":5306714.75}}
{"op_code":7,"worker_id":"65621591-6ed3-46d5-85f6-3172b5f690ea-140737350539072","trial_id":9,"step":2,"intermediate_value":81.22270742358079}
{"op_code":8,"worker_id":"65621591-6ed3-46d5-85f6-3172b5f690ea-140737350539072","trial_id":9,"user_attr":{"train_loss_epoch_2":5848840.076770551}}
{"op_code":8,"worker_id":"65621591-6ed3-46d5-85f6-3172b5f690ea-140737350539072","trial_id":9,"user_attr":{"val_loss_epoch_2":17142.2080078125}}
{"op_code":7,"worker_id":"65621591-6ed3-46d5-85f6-3172b5f690ea-140737350539072","trial_id":9,"step":3,"intermediate_value":81.22270742358079}
{"op_code":8,"worker_id":"65621591-6ed3-46d5-85f6-3172b5f690ea-140737350539072","trial_id":9,"user_attr":{"train_loss_epoch_3":160390.73979598336}}
{"op_code":8,"worker_id":"65621591-6ed3-46d5-85f6-3172b5f690ea-140737350539072","trial_id":9,"user_attr":{"val_loss_epoch_3":116042.6796875}}
{"op_code":7,"worker_id":"65621591-6ed3-46d5-85f6-3172b5f690ea-140737350539072","trial_id":9,"step":4,"intermediate_value":81.22270742358079}
{"op_code":8,"worker_id":"65621591-6ed3-46d5-85f6-3172b5f690ea-140737350539072","trial_id":9,"user_attr":{"train_loss_epoch_4":135272.90278214164}}
{"op_code":8,"worker_id":"65621591-6ed3-46d5-85f6-3172b5f690ea-140737350539072","trial_id":9,"user_attr":{"val_loss_epoch_4":43463.79296875}}
{"op_code":6,"worker_id":"65621591-6ed3-46d5-85f6-3172b5f690ea-140737350539072","trial_id":9,"state":1,"values":[81.22270742358079],"datetime_complete":"2026-02-21T21:08:04.296176"}
{"op_code":4,"worker_id":"65621591-6ed3-46d5-85f6-3172b5f690ea-140737350539072","study_id":0,"datetime_start":"2026-02-21T21:08:04.305548"}
{"op_code":5,"worker_id":"65621591-6ed3-46d5-85f6-3172b5f690ea-140737350539072","trial_id":10,"param_name":"learning_rate","param_value_internal":0.00868847971541997,"distribution":"{\"name\": \"FloatDistribution\", \"attributes\": {\"step\": null, \"low\": 0.001, \"high\": 10.0, \"log\": true}}"}
{"op_code":5,"worker_id":"65621591-6ed3-46d5-85f6-3172b5f690ea-140737350539072","trial_id":10,"param_name":"transfer_lr","param_value_internal":95.50058636738237,"distribution":"{\"name\": \"FloatDistribution\", \"attributes\": {\"step\": null, \"low\": 0.0001, \"high\": 100.0, \"log\": true}}"}
{"op_code":5,"worker_id":"65621591-6ed3-46d5-85f6-3172b5f690ea-140737350539072","trial_id":10,"param_name":"transfer_every","param_value_internal":122.0,"distribution":"{\"name\": \"IntDistribution\", \"attributes\": {\"log\": true, \"step\": 1, \"low\": 64, \"high\": 32000}}"}
{"op_code":5,"worker_id":"65621591-6ed3-46d5-85f6-3172b5f690ea-140737350539072","trial_id":10,"param_name":"rank_exp","param_value_internal":3.0,"distribution":"{\"name\": \"IntDistribution\", \"attributes\": {\"log\": false, \"step\": 1, \"low\": 0, \"high\": 5}}"}
{"op_code":5,"worker_id":"65621591-6ed3-46d5-85f6-3172b5f690ea-140737350539072","trial_id":10,"param_name":"lora_alpha","param_value_internal":0.000491958186188053,"distribution":"{\"name\": \"FloatDistribution\", \"attributes\": {\"step\": null, \"low\": 0.0001, \"high\": 100.0, \"log\": true}}"}
{"op_code":5,"worker_id":"65621591-6ed3-46d5-85f6-3172b5f690ea-140737350539072","trial_id":10,"param_name":"tau_sec","param_value_internal":0.0,"distribution":"{\"name\": \"FloatDistribution\", \"attributes\": {\"step\": null, \"low\": 0.0, \"high\": 0.0, \"log\": false}}"}
{"op_code":5,"worker_id":"65621591-6ed3-46d5-85f6-3172b5f690ea-140737350539072","trial_id":10,"param_name":"out_noise","param_value_internal":0.0,"distribution":"{\"name\": \"FloatDistribution\", \"attributes\": {\"step\": null, \"low\": 0.0, \"high\": 0.0, \"log\": false}}"}
{"op_code":5,"worker_id":"65621591-6ed3-46d5-85f6-3172b5f690ea-140737350539072","trial_id":10,"param_name":"ab_weight_scaling_omega","param_value_internal":0.0,"distribution":"{\"name\": \"FloatDistribution\", \"attributes\": {\"step\": null, \"low\": 0.0, \"high\": 0.0, \"log\": false}}"}
{"op_code":5,"worker_id":"65621591-6ed3-46d5-85f6-3172b5f690ea-140737350539072","trial_id":10,"param_name":"min_lr_rate","param_value_internal":0.0,"distribution":"{\"name\": \"FloatDistribution\", \"attributes\": {\"step\": null, \"low\": 0.0, \"high\": 0.0, \"log\": false}}"}
{"op_code":7,"worker_id":"65621591-6ed3-46d5-85f6-3172b5f690ea-140737350539072","trial_id":10,"step":1,"intermediate_value":81.22270742358079}
{"op_code":8,"worker_id":"65621591-6ed3-46d5-85f6-3172b5f690ea-140737350539072","trial_id":10,"user_attr":{"train_loss_epoch_1":24313532.37445652}}
{"op_code":8,"worker_id":"65621591-6ed3-46d5-85f6-3172b5f690ea-140737350539072","trial_id":10,"user_attr":{"val_loss_epoch_1":20452646.0}}
{"op_code":7,"worker_id":"65621591-6ed3-46d5-85f6-3172b5f690ea-140737350539072","trial_id":10,"step":2,"intermediate_value":81.22270742358079}
{"op_code":8,"worker_id":"65621591-6ed3-46d5-85f6-3172b5f690ea-140737350539072","trial_id":10,"user_attr":{"train_loss_epoch_2":6568613.415022079}}
{"op_code":8,"worker_id":"65621591-6ed3-46d5-85f6-3172b5f690ea-140737350539072","trial_id":10,"user_attr":{"val_loss_epoch_2":137701.1484375}}
{"op_code":7,"worker_id":"65621591-6ed3-46d5-85f6-3172b5f690ea-140737350539072","trial_id":10,"step":3,"intermediate_value":81.22270742358079}
{"op_code":8,"worker_id":"65621591-6ed3-46d5-85f6-3172b5f690ea-140737350539072","trial_id":10,"user_attr":{"train_loss_epoch_3":156997.3203125}}
{"op_code":8,"worker_id":"65621591-6ed3-46d5-85f6-3172b5f690ea-140737350539072","trial_id":10,"user_attr":{"val_loss_epoch_3":93179.25390625}}
{"op_code":7,"worker_id":"65621591-6ed3-46d5-85f6-3172b5f690ea-140737350539072","trial_id":10,"step":4,"intermediate_value":81.22270742358079}
{"op_code":8,"worker_id":"65621591-6ed3-46d5-85f6-3172b5f690ea-140737350539072","trial_id":10,"user_attr":{"train_loss_epoch_4":146519.3781929348}}
{"op_code":8,"worker_id":"65621591-6ed3-46d5-85f6-3172b5f690ea-140737350539072","trial_id":10,"user_attr":{"val_loss_epoch_4":31293.1435546875}}
{"op_code":7,"worker_id":"65621591-6ed3-46d5-85f6-3172b5f690ea-140737350539072","trial_id":10,"step":5,"intermediate_value":81.22270742358079}
{"op_code":8,"worker_id":"65621591-6ed3-46d5-85f6-3172b5f690ea-140737350539072","trial_id":10,"user_attr":{"train_loss_epoch_5":133742.53821331522}}
{"op_code":8,"worker_id":"65621591-6ed3-46d5-85f6-3172b5f690ea-140737350539072","trial_id":10,"user_attr":{"val_loss_epoch_5":16084.1220703125}}
{"op_code":7,"worker_id":"65621591-6ed3-46d5-85f6-3172b5f690ea-140737350539072","trial_id":10,"step":6,"intermediate_value":81.22270742358079}
{"op_code":8,"worker_id":"65621591-6ed3-46d5-85f6-3172b5f690ea-140737350539072","trial_id":10,"user_attr":{"train_loss_epoch_6":120469.99947350544}}
{"op_code":8,"worker_id":"65621591-6ed3-46d5-85f6-3172b5f690ea-140737350539072","trial_id":10,"user_attr":{"val_loss_epoch_6":47058.544921875}}
{"op_code":7,"worker_id":"65621591-6ed3-46d5-85f6-3172b5f690ea-140737350539072","trial_id":10,"step":7,"intermediate_value":81.22270742358079}
{"op_code":8,"worker_id":"65621591-6ed3-46d5-85f6-3172b5f690ea-140737350539072","trial_id":10,"user_attr":{"train_loss_epoch_7":96691.2037725034}}
{"op_code":8,"worker_id":"65621591-6ed3-46d5-85f6-3172b5f690ea-140737350539072","trial_id":10,"user_attr":{"val_loss_epoch_7":36024.54296875}}
{"op_code":6,"worker_id":"65621591-6ed3-46d5-85f6-3172b5f690ea-140737350539072","trial_id":10,"state":1,"values":[81.22270742358079],"datetime_complete":"2026-02-21T21:12:24.805694"}
{"op_code":4,"worker_id":"65621591-6ed3-46d5-85f6-3172b5f690ea-140737350539072","study_id":0,"datetime_start":"2026-02-21T21:12:24.813182"}
{"op_code":5,"worker_id":"65621591-6ed3-46d5-85f6-3172b5f690ea-140737350539072","trial_id":11,"param_name":"learning_rate","param_value_internal":0.0016661389094450964,"distribution":"{\"name\": \"FloatDistribution\", \"attributes\": {\"step\": null, \"low\": 0.001, \"high\": 10.0, \"log\": true}}"}
{"op_code":5,"worker_id":"65621591-6ed3-46d5-85f6-3172b5f690ea-140737350539072","trial_id":11,"param_name":"transfer_lr","param_value_internal":0.02010833019758477,"distribution":"{\"name\": \"FloatDistribution\", \"attributes\": {\"step\": null, \"low\": 0.0001, \"high\": 100.0, \"log\": true}}"}
{"op_code":5,"worker_id":"65621591-6ed3-46d5-85f6-3172b5f690ea-140737350539072","trial_id":11,"param_name":"transfer_every","param_value_internal":3383.0,"distribution":"{\"name\": \"IntDistribution\", \"attributes\": {\"log\": true, \"step\": 1, \"low\": 64, \"high\": 32000}}"}
{"op_code":5,"worker_id":"65621591-6ed3-46d5-85f6-3172b5f690ea-140737350539072","trial_id":11,"param_name":"rank_exp","param_value_internal":5.0,"distribution":"{\"name\": \"IntDistribution\", \"attributes\": {\"log\": false, \"step\": 1, \"low\": 0, \"high\": 5}}"}
{"op_code":5,"worker_id":"65621591-6ed3-46d5-85f6-3172b5f690ea-140737350539072","trial_id":11,"param_name":"lora_alpha","param_value_internal":0.13763318747739597,"distribution":"{\"name\": \"FloatDistribution\", \"attributes\": {\"step\": null, \"low\": 0.0001, \"high\": 100.0, \"log\": true}}"}
{"op_code":5,"worker_id":"65621591-6ed3-46d5-85f6-3172b5f690ea-140737350539072","trial_id":11,"param_name":"tau_sec","param_value_internal":0.0,"distribution":"{\"name\": \"FloatDistribution\", \"attributes\": {\"step\": null, \"low\": 0.0, \"high\": 0.0, \"log\": false}}"}
{"op_code":5,"worker_id":"65621591-6ed3-46d5-85f6-3172b5f690ea-140737350539072","trial_id":11,"param_name":"out_noise","param_value_internal":0.0,"distribution":"{\"name\": \"FloatDistribution\", \"attributes\": {\"step\": null, \"low\": 0.0, \"high\": 0.0, \"log\": false}}"}
{"op_code":5,"worker_id":"65621591-6ed3-46d5-85f6-3172b5f690ea-140737350539072","trial_id":11,"param_name":"ab_weight_scaling_omega","param_value_internal":0.0,"distribution":"{\"name\": \"FloatDistribution\", \"attributes\": {\"step\": null, \"low\": 0.0, \"high\": 0.0, \"log\": false}}"}
{"op_code":5,"worker_id":"65621591-6ed3-46d5-85f6-3172b5f690ea-140737350539072","trial_id":11,"param_name":"min_lr_rate","param_value_internal":0.0,"distribution":"{\"name\": \"FloatDistribution\", \"attributes\": {\"step\": null, \"low\": 0.0, \"high\": 0.0, \"log\": false}}"}
{"op_code":7,"worker_id":"65621591-6ed3-46d5-85f6-3172b5f690ea-140737350539072","trial_id":11,"step":1,"intermediate_value":81.22270742358079}
{"op_code":8,"worker_id":"65621591-6ed3-46d5-85f6-3172b5f690ea-140737350539072","trial_id":11,"user_attr":{"train_loss_epoch_1":29654204.632880434}}
{"op_code":8,"worker_id":"65621591-6ed3-46d5-85f6-3172b5f690ea-140737350539072","trial_id":11,"user_attr":{"val_loss_epoch_1":24179938.0}}
{"op_code":7,"worker_id":"65621591-6ed3-46d5-85f6-3172b5f690ea-140737350539072","trial_id":11,"step":2,"intermediate_value":81.22270742358079}
{"op_code":8,"worker_id":"65621591-6ed3-46d5-85f6-3172b5f690ea-140737350539072","trial_id":11,"user_attr":{"train_loss_epoch_2":22875113.589809783}}
{"op_code":8,"worker_id":"65621591-6ed3-46d5-85f6-3172b5f690ea-140737350539072","trial_id":11,"user_attr":{"val_loss_epoch_2":9804291.5}}
{"op_code":7,"worker_id":"65621591-6ed3-46d5-85f6-3172b5f690ea-140737350539072","trial_id":11,"step":3,"intermediate_value":81.22270742358079}
{"op_code":8,"worker_id":"65621591-6ed3-46d5-85f6-3172b5f690ea-140737350539072","trial_id":11,"user_attr":{"train_loss_epoch_3":20854813.954347827}}
{"op_code":8,"worker_id":"65621591-6ed3-46d5-85f6-3172b5f690ea-140737350539072","trial_id":11,"user_attr":{"val_loss_epoch_3":16956628.0}}
{"op_code":7,"worker_id":"65621591-6ed3-46d5-85f6-3172b5f690ea-140737350539072","trial_id":11,"step":4,"intermediate_value":81.22270742358079}
{"op_code":8,"worker_id":"65621591-6ed3-46d5-85f6-3172b5f690ea-140737350539072","trial_id":11,"user_attr":{"train_loss_epoch_4":17077066.127581522}}
{"op_code":8,"worker_id":"65621591-6ed3-46d5-85f6-3172b5f690ea-140737350539072","trial_id":11,"user_attr":{"val_loss_epoch_4":15197710.5}}
{"op_code":6,"worker_id":"65621591-6ed3-46d5-85f6-3172b5f690ea-140737350539072","trial_id":11,"state":1,"values":[81.22270742358079],"datetime_complete":"2026-02-21T21:15:58.785299"}
{"op_code":4,"worker_id":"65621591-6ed3-46d5-85f6-3172b5f690ea-140737350539072","study_id":0,"datetime_start":"2026-02-21T21:15:58.793944"}
{"op_code":5,"worker_id":"65621591-6ed3-46d5-85f6-3172b5f690ea-140737350539072","trial_id":12,"param_name":"learning_rate","param_value_internal":0.007959129206048311,"distribution":"{\"name\": \"FloatDistribution\", \"attributes\": {\"step\": null, \"low\": 0.001, \"high\": 10.0, \"log\": true}}"}
{"op_code":5,"worker_id":"65621591-6ed3-46d5-85f6-3172b5f690ea-140737350539072","trial_id":12,"param_name":"transfer_lr","param_value_internal":24.2260896430229,"distribution":"{\"name\": \"FloatDistribution\", \"attributes\": {\"step\": null, \"low\": 0.0001, \"high\": 100.0, \"log\": true}}"}
{"op_code":5,"worker_id":"65621591-6ed3-46d5-85f6-3172b5f690ea-140737350539072","trial_id":12,"param_name":"transfer_every","param_value_internal":32000.0,"distribution":"{\"name\": \"IntDistribution\", \"attributes\": {\"log\": true, \"step\": 1, \"low\": 64, \"high\": 32000}}"}
{"op_code":5,"worker_id":"65621591-6ed3-46d5-85f6-3172b5f690ea-140737350539072","trial_id":12,"param_name":"rank_exp","param_value_internal":5.0,"distribution":"{\"name\": \"IntDistribution\", \"attributes\": {\"log\": false, \"step\": 1, \"low\": 0, \"high\": 5}}"}
{"op_code":5,"worker_id":"65621591-6ed3-46d5-85f6-3172b5f690ea-140737350539072","trial_id":12,"param_name":"lora_alpha","param_value_internal":0.002045887388228735,"distribution":"{\"name\": \"FloatDistribution\", \"attributes\": {\"step\": null, \"low\": 0.0001, \"high\": 100.0, \"log\": true}}"}
{"op_code":5,"worker_id":"65621591-6ed3-46d5-85f6-3172b5f690ea-140737350539072","trial_id":12,"param_name":"tau_sec","param_value_internal":0.0,"distribution":"{\"name\": \"FloatDistribution\", \"attributes\": {\"step\": null, \"low\": 0.0, \"high\": 0.0, \"log\": false}}"}
{"op_code":5,"worker_id":"65621591-6ed3-46d5-85f6-3172b5f690ea-140737350539072","trial_id":12,"param_name":"out_noise","param_value_internal":0.0,"distribution":"{\"name\": \"FloatDistribution\", \"attributes\": {\"step\": null, \"low\": 0.0, \"high\": 0.0, \"log\": false}}"}
{"op_code":5,"worker_id":"65621591-6ed3-46d5-85f6-3172b5f690ea-140737350539072","trial_id":12,"param_name":"ab_weight_scaling_omega","param_value_internal":0.0,"distribution":"{\"name\": \"FloatDistribution\", \"attributes\": {\"step\": null, \"low\": 0.0, \"high\": 0.0, \"log\": false}}"}
{"op_code":5,"worker_id":"65621591-6ed3-46d5-85f6-3172b5f690ea-140737350539072","trial_id":12,"param_name":"min_lr_rate","param_value_internal":0.0,"distribution":"{\"name\": \"FloatDistribution\", \"attributes\": {\"step\": null, \"low\": 0.0, \"high\": 0.0, \"log\": false}}"}
{"op_code":7,"worker_id":"65621591-6ed3-46d5-85f6-3172b5f690ea-140737350539072","trial_id":12,"step":1,"intermediate_value":81.22270742358079}
{"op_code":8,"worker_id":"65621591-6ed3-46d5-85f6-3172b5f690ea-140737350539072","trial_id":12,"user_attr":{"train_loss_epoch_1":23210536.082744565}}
{"op_code":8,"worker_id":"65621591-6ed3-46d5-85f6-3172b5f690ea-140737350539072","trial_id":12,"user_attr":{"val_loss_epoch_1":9383555.0}}
{"op_code":7,"worker_id":"65621591-6ed3-46d5-85f6-3172b5f690ea-140737350539072","trial_id":12,"step":2,"intermediate_value":81.22270742358079}
{"op_code":8,"worker_id":"65621591-6ed3-46d5-85f6-3172b5f690ea-140737350539072","trial_id":12,"user_attr":{"train_loss_epoch_2":7786055.36751019}}
{"op_code":8,"worker_id":"65621591-6ed3-46d5-85f6-3172b5f690ea-140737350539072","trial_id":12,"user_attr":{"val_loss_epoch_2":485081.53125}}
{"op_code":7,"worker_id":"65621591-6ed3-46d5-85f6-3172b5f690ea-140737350539072","trial_id":12,"step":3,"intermediate_value":81.22270742358079}
{"op_code":8,"worker_id":"65621591-6ed3-46d5-85f6-3172b5f690ea-140737350539072","trial_id":12,"user_attr":{"train_loss_epoch_3":183257.64647800612}}
{"op_code":8,"worker_id":"65621591-6ed3-46d5-85f6-3172b5f690ea-140737350539072","trial_id":12,"user_attr":{"val_loss_epoch_3":15928.58056640625}}
{"op_code":7,"worker_id":"65621591-6ed3-46d5-85f6-3172b5f690ea-140737350539072","trial_id":12,"step":4,"intermediate_value":81.22270742358079}
{"op_code":8,"worker_id":"65621591-6ed3-46d5-85f6-3172b5f690ea-140737350539072","trial_id":12,"user_attr":{"train_loss_epoch_4":134852.79446331522}}
{"op_code":8,"worker_id":"65621591-6ed3-46d5-85f6-3172b5f690ea-140737350539072","trial_id":12,"user_attr":{"val_loss_epoch_4":1045.6571044921875}}
{"op_code":7,"worker_id":"65621591-6ed3-46d5-85f6-3172b5f690ea-140737350539072","trial_id":12,"step":5,"intermediate_value":81.22270742358079}
{"op_code":8,"worker_id":"65621591-6ed3-46d5-85f6-3172b5f690ea-140737350539072","trial_id":12,"user_attr":{"train_loss_epoch_5":123908.32112240998}}
{"op_code":8,"worker_id":"65621591-6ed3-46d5-85f6-3172b5f690ea-140737350539072","trial_id":12,"user_attr":{"val_loss_epoch_5":94110.16015625}}
{"op_code":7,"worker_id":"65621591-6ed3-46d5-85f6-3172b5f690ea-140737350539072","trial_id":12,"step":6,"intermediate_value":81.22270742358079}
{"op_code":8,"worker_id":"65621591-6ed3-46d5-85f6-3172b5f690ea-140737350539072","trial_id":12,"user_attr":{"train_loss_epoch_6":104618.9887422147}}
{"op_code":8,"worker_id":"65621591-6ed3-46d5-85f6-3172b5f690ea-140737350539072","trial_id":12,"user_attr":{"val_loss_epoch_6":3317.1226806640625}}
{"op_code":6,"worker_id":"65621591-6ed3-46d5-85f6-3172b5f690ea-140737350539072","trial_id":12,"state":1,"values":[81.22270742358079],"datetime_complete":"2026-02-21T21:18:34.090688"}
{"op_code":4,"worker_id":"65621591-6ed3-46d5-85f6-3172b5f690ea-140737350539072","study_id":0,"datetime_start":"2026-02-21T21:18:34.100127"}
{"op_code":5,"worker_id":"65621591-6ed3-46d5-85f6-3172b5f690ea-140737350539072","trial_id":13,"param_name":"learning_rate","param_value_internal":0.0026067088940679916,"distribution":"{\"name\": \"FloatDistribution\", \"attributes\": {\"step\": null, \"low\": 0.001, \"high\": 10.0, \"log\": true}}"}
{"op_code":5,"worker_id":"65621591-6ed3-46d5-85f6-3172b5f690ea-140737350539072","trial_id":13,"param_name":"transfer_lr","param_value_internal":0.39115814069911015,"distribution":"{\"name\": \"FloatDistribution\", \"attributes\": {\"step\": null, \"low\": 0.0001, \"high\": 100.0, \"log\": true}}"}
{"op_code":5,"worker_id":"65621591-6ed3-46d5-85f6-3172b5f690ea-140737350539072","trial_id":13,"param_name":"transfer_every","param_value_internal":64.0,"distribution":"{\"name\": \"IntDistribution\", \"attributes\": {\"log\": true, \"step\": 1, \"low\": 64, \"high\": 32000}}"}
{"op_code":5,"worker_id":"65621591-6ed3-46d5-85f6-3172b5f690ea-140737350539072","trial_id":13,"param_name":"rank_exp","param_value_internal":5.0,"distribution":"{\"name\": \"IntDistribution\", \"attributes\": {\"log\": false, \"step\": 1, \"low\": 0, \"high\": 5}}"}
{"op_code":5,"worker_id":"65621591-6ed3-46d5-85f6-3172b5f690ea-140737350539072","trial_id":13,"param_name":"lora_alpha","param_value_internal":0.0001,"distribution":"{\"name\": \"FloatDistribution\", \"attributes\": {\"step\": null, \"low\": 0.0001, \"high\": 100.0, \"log\": true}}"}
{"op_code":5,"worker_id":"65621591-6ed3-46d5-85f6-3172b5f690ea-140737350539072","trial_id":13,"param_name":"tau_sec","param_value_internal":0.0,"distribution":"{\"name\": \"FloatDistribution\", \"attributes\": {\"step\": null, \"low\": 0.0, \"high\": 0.0, \"log\": false}}"}
{"op_code":5,"worker_id":"65621591-6ed3-46d5-85f6-3172b5f690ea-140737350539072","trial_id":13,"param_name":"out_noise","param_value_internal":0.0,"distribution":"{\"name\": \"FloatDistribution\", \"attributes\": {\"step\": null, \"low\": 0.0, \"high\": 0.0, \"log\": false}}"}
{"op_code":5,"worker_id":"65621591-6ed3-46d5-85f6-3172b5f690ea-140737350539072","trial_id":13,"param_name":"ab_weight_scaling_omega","param_value_internal":0.0,"distribution":"{\"name\": \"FloatDistribution\", \"attributes\": {\"step\": null, \"low\": 0.0, \"high\": 0.0, \"log\": false}}"}
{"op_code":5,"worker_id":"65621591-6ed3-46d5-85f6-3172b5f690ea-140737350539072","trial_id":13,"param_name":"min_lr_rate","param_value_internal":0.0,"distribution":"{\"name\": \"FloatDistribution\", \"attributes\": {\"step\": null, \"low\": 0.0, \"high\": 0.0, \"log\": false}}"}
{"op_code":7,"worker_id":"65621591-6ed3-46d5-85f6-3172b5f690ea-140737350539072","trial_id":13,"step":1,"intermediate_value":81.22270742358079}
{"op_code":8,"worker_id":"65621591-6ed3-46d5-85f6-3172b5f690ea-140737350539072","trial_id":13,"user_attr":{"train_loss_epoch_1":28345860.289538044}}
{"op_code":8,"worker_id":"65621591-6ed3-46d5-85f6-3172b5f690ea-140737350539072","trial_id":13,"user_attr":{"val_loss_epoch_1":9914033.0}}
{"op_code":7,"worker_id":"65621591-6ed3-46d5-85f6-3172b5f690ea-140737350539072","trial_id":13,"step":2,"intermediate_value":81.22270742358079}
{"op_code":8,"worker_id":"65621591-6ed3-46d5-85f6-3172b5f690ea-140737350539072","trial_id":13,"user_attr":{"train_loss_epoch_2":21794206.973097827}}
{"op_code":8,"worker_id":"65621591-6ed3-46d5-85f6-3172b5f690ea-140737350539072","trial_id":13,"user_attr":{"val_loss_epoch_2":3525901.375}}
{"op_code":7,"worker_id":"65621591-6ed3-46d5-85f6-3172b5f690ea-140737350539072","trial_id":13,"step":3,"intermediate_value":81.22270742358079}
{"op_code":8,"worker_id":"65621591-6ed3-46d5-85f6-3172b5f690ea-140737350539072","trial_id":13,"user_attr":{"train_loss_epoch_3":16267371.485835597}}
{"op_code":8,"worker_id":"65621591-6ed3-46d5-85f6-3172b5f690ea-140737350539072","trial_id":13,"user_attr":{"val_loss_epoch_3":5363574.75}}
{"op_code":7,"worker_id":"65621591-6ed3-46d5-85f6-3172b5f690ea-140737350539072","trial_id":13,"step":4,"intermediate_value":81.22270742358079}
{"op_code":8,"worker_id":"65621591-6ed3-46d5-85f6-3172b5f690ea-140737350539072","trial_id":13,"user_attr":{"train_loss_epoch_4":11160052.153872283}}
{"op_code":8,"worker_id":"65621591-6ed3-46d5-85f6-3172b5f690ea-140737350539072","trial_id":13,"user_attr":{"val_loss_epoch_4":5563201.0}}
{"op_code":6,"worker_id":"65621591-6ed3-46d5-85f6-3172b5f690ea-140737350539072","trial_id":13,"state":1,"values":[81.22270742358079],"datetime_complete":"2026-02-21T21:20:34.338248"}
{"op_code":4,"worker_id":"65621591-6ed3-46d5-85f6-3172b5f690ea-140737350539072","study_id":0,"datetime_start":"2026-02-21T21:20:34.345086"}
{"op_code":5,"worker_id":"65621591-6ed3-46d5-85f6-3172b5f690ea-140737350539072","trial_id":14,"param_name":"learning_rate","param_value_internal":0.0020681796621731673,"distribution":"{\"name\": \"FloatDistribution\", \"attributes\": {\"step\": null, \"low\": 0.001, \"high\": 10.0, \"log\": true}}"}
{"op_code":5,"worker_id":"65621591-6ed3-46d5-85f6-3172b5f690ea-140737350539072","trial_id":14,"param_name":"transfer_lr","param_value_internal":0.7561993946916982,"distribution":"{\"name\": \"FloatDistribution\", \"attributes\": {\"step\": null, \"low\": 0.0001, \"high\": 100.0, \"log\": true}}"}
{"op_code":5,"worker_id":"65621591-6ed3-46d5-85f6-3172b5f690ea-140737350539072","trial_id":14,"param_name":"transfer_every","param_value_internal":32000.0,"distribution":"{\"name\": \"IntDistribution\", \"attributes\": {\"log\": true, \"step\": 1, \"low\": 64, \"high\": 32000}}"}
{"op_code":5,"worker_id":"65621591-6ed3-46d5-85f6-3172b5f690ea-140737350539072","trial_id":14,"param_name":"rank_exp","param_value_internal":0.0,"distribution":"{\"name\": \"IntDistribution\", \"attributes\": {\"log\": false, \"step\": 1, \"low\": 0, \"high\": 5}}"}
{"op_code":5,"worker_id":"65621591-6ed3-46d5-85f6-3172b5f690ea-140737350539072","trial_id":14,"param_name":"lora_alpha","param_value_internal":90.50021510445333,"distribution":"{\"name\": \"FloatDistribution\", \"attributes\": {\"step\": null, \"low\": 0.0001, \"high\": 100.0, \"log\": true}}"}
{"op_code":5,"worker_id":"65621591-6ed3-46d5-85f6-3172b5f690ea-140737350539072","trial_id":14,"param_name":"tau_sec","param_value_internal":0.0,"distribution":"{\"name\": \"FloatDistribution\", \"attributes\": {\"step\": null, \"low\": 0.0, \"high\": 0.0, \"log\": false}}"}
{"op_code":5,"worker_id":"65621591-6ed3-46d5-85f6-3172b5f690ea-140737350539072","trial_id":14,"param_name":"out_noise","param_value_internal":0.0,"distribution":"{\"name\": \"FloatDistribution\", \"attributes\": {\"step\": null, \"low\": 0.0, \"high\": 0.0, \"log\": false}}"}
{"op_code":5,"worker_id":"65621591-6ed3-46d5-85f6-3172b5f690ea-140737350539072","trial_id":14,"param_name":"ab_weight_scaling_omega","param_value_internal":0.0,"distribution":"{\"name\": \"FloatDistribution\", \"attributes\": {\"step\": null, \"low\": 0.0, \"high\": 0.0, \"log\": false}}"}
{"op_code":5,"worker_id":"65621591-6ed3-46d5-85f6-3172b5f690ea-140737350539072","trial_id":14,"param_name":"min_lr_rate","param_value_internal":0.0,"distribution":"{\"name\": \"FloatDistribution\", \"attributes\": {\"step\": null, \"low\": 0.0, \"high\": 0.0, \"log\": false}}"}
{"op_code":7,"worker_id":"65621591-6ed3-46d5-85f6-3172b5f690ea-140737350539072","trial_id":14,"step":1,"intermediate_value":81.22270742358079}
{"op_code":8,"worker_id":"65621591-6ed3-46d5-85f6-3172b5f690ea-140737350539072","trial_id":14,"user_attr":{"train_loss_epoch_1":25511468.26521739}}
{"op_code":8,"worker_id":"65621591-6ed3-46d5-85f6-3172b5f690ea-140737350539072","trial_id":14,"user_attr":{"val_loss_epoch_1":19563597.0}}
{"op_code":7,"worker_id":"65621591-6ed3-46d5-85f6-3172b5f690ea-140737350539072","trial_id":14,"step":2,"intermediate_value":81.22270742358079}
{"op_code":8,"worker_id":"65621591-6ed3-46d5-85f6-3172b5f690ea-140737350539072","trial_id":14,"user_attr":{"train_loss_epoch_2":23233047.031368885}}
{"op_code":8,"worker_id":"65621591-6ed3-46d5-85f6-3172b5f690ea-140737350539072","trial_id":14,"user_attr":{"val_loss_epoch_2":21428827.0}}
{"op_code":7,"worker_id":"65621591-6ed3-46d5-85f6-3172b5f690ea-140737350539072","trial_id":14,"step":3,"intermediate_value":81.22270742358079}
{"op_code":8,"worker_id":"65621591-6ed3-46d5-85f6-3172b5f690ea-140737350539072","trial_id":14,"user_attr":{"train_loss_epoch_3":17569211.598233696}}
{"op_code":8,"worker_id":"65621591-6ed3-46d5-85f6-3172b5f690ea-140737350539072","trial_id":14,"user_attr":{"val_loss_epoch_3":5757195.0}}
{"op_code":7,"worker_id":"65621591-6ed3-46d5-85f6-3172b5f690ea-140737350539072","trial_id":14,"step":4,"intermediate_value":81.22270742358079}
{"op_code":8,"worker_id":"65621591-6ed3-46d5-85f6-3172b5f690ea-140737350539072","trial_id":14,"user_attr":{"train_loss_epoch_4":14692968.64673913}}
{"op_code":8,"worker_id":"65621591-6ed3-46d5-85f6-3172b5f690ea-140737350539072","trial_id":14,"user_attr":{"val_loss_epoch_4":10612912.0}}
{"op_code":7,"worker_id":"65621591-6ed3-46d5-85f6-3172b5f690ea-140737350539072","trial_id":14,"step":5,"intermediate_value":81.22270742358079}
{"op_code":8,"worker_id":"65621591-6ed3-46d5-85f6-3172b5f690ea-140737350539072","trial_id":14,"user_attr":{"train_loss_epoch_5":10932596.052377718}}
{"op_code":8,"worker_id":"65621591-6ed3-46d5-85f6-3172b5f690ea-140737350539072","trial_id":14,"user_attr":{"val_loss_epoch_5":303415.609375}}
{"op_code":7,"worker_id":"65621591-6ed3-46d5-85f6-3172b5f690ea-140737350539072","trial_id":14,"step":6,"intermediate_value":81.22270742358079}
{"op_code":8,"worker_id":"65621591-6ed3-46d5-85f6-3172b5f690ea-140737350539072","trial_id":14,"user_attr":{"train_loss_epoch_6":7696642.118834918}}
{"op_code":8,"worker_id":"65621591-6ed3-46d5-85f6-3172b5f690ea-140737350539072","trial_id":14,"user_attr":{"val_loss_epoch_6":3289129.25}}
{"op_code":7,"worker_id":"65621591-6ed3-46d5-85f6-3172b5f690ea-140737350539072","trial_id":14,"step":7,"intermediate_value":81.22270742358079}
{"op_code":8,"worker_id":"65621591-6ed3-46d5-85f6-3172b5f690ea-140737350539072","trial_id":14,"user_attr":{"train_loss_epoch_7":5202123.619274371}}
{"op_code":8,"worker_id":"65621591-6ed3-46d5-85f6-3172b5f690ea-140737350539072","trial_id":14,"user_attr":{"val_loss_epoch_7":329681.828125}}
{"op_code":6,"worker_id":"65621591-6ed3-46d5-85f6-3172b5f690ea-140737350539072","trial_id":14,"state":1,"values":[81.22270742358079],"datetime_complete":"2026-02-21T21:24:53.369289"}
{"op_code":4,"worker_id":"65621591-6ed3-46d5-85f6-3172b5f690ea-140737350539072","study_id":0,"datetime_start":"2026-02-21T21:24:53.377850"}
{"op_code":5,"worker_id":"65621591-6ed3-46d5-85f6-3172b5f690ea-140737350539072","trial_id":15,"param_name":"learning_rate","param_value_internal":0.01681577872187505,"distribution":"{\"name\": \"FloatDistribution\", \"attributes\": {\"step\": null, \"low\": 0.001, \"high\": 10.0, \"log\": true}}"}
{"op_code":5,"worker_id":"65621591-6ed3-46d5-85f6-3172b5f690ea-140737350539072","trial_id":15,"param_name":"transfer_lr","param_value_internal":95.50058636738237,"distribution":"{\"name\": \"FloatDistribution\", \"attributes\": {\"step\": null, \"low\": 0.0001, \"high\": 100.0, \"log\": true}}"}
{"op_code":5,"worker_id":"65621591-6ed3-46d5-85f6-3172b5f690ea-140737350539072","trial_id":15,"param_name":"transfer_every","param_value_internal":1106.0,"distribution":"{\"name\": \"IntDistribution\", \"attributes\": {\"log\": true, \"step\": 1, \"low\": 64, \"high\": 32000}}"}
{"op_code":5,"worker_id":"65621591-6ed3-46d5-85f6-3172b5f690ea-140737350539072","trial_id":15,"param_name":"rank_exp","param_value_internal":2.0,"distribution":"{\"name\": \"IntDistribution\", \"attributes\": {\"log\": false, \"step\": 1, \"low\": 0, \"high\": 5}}"}
{"op_code":5,"worker_id":"65621591-6ed3-46d5-85f6-3172b5f690ea-140737350539072","trial_id":15,"param_name":"lora_alpha","param_value_internal":0.0001,"distribution":"{\"name\": \"FloatDistribution\", \"attributes\": {\"step\": null, \"low\": 0.0001, \"high\": 100.0, \"log\": true}}"}
{"op_code":5,"worker_id":"65621591-6ed3-46d5-85f6-3172b5f690ea-140737350539072","trial_id":15,"param_name":"tau_sec","param_value_internal":0.0,"distribution":"{\"name\": \"FloatDistribution\", \"attributes\": {\"step\": null, \"low\": 0.0, \"high\": 0.0, \"log\": false}}"}
{"op_code":5,"worker_id":"65621591-6ed3-46d5-85f6-3172b5f690ea-140737350539072","trial_id":15,"param_name":"out_noise","param_value_internal":0.0,"distribution":"{\"name\": \"FloatDistribution\", \"attributes\": {\"step\": null, \"low\": 0.0, \"high\": 0.0, \"log\": false}}"}
{"op_code":5,"worker_id":"65621591-6ed3-46d5-85f6-3172b5f690ea-140737350539072","trial_id":15,"param_name":"ab_weight_scaling_omega","param_value_internal":0.0,"distribution":"{\"name\": \"FloatDistribution\", \"attributes\": {\"step\": null, \"low\": 0.0, \"high\": 0.0, \"log\": false}}"}
{"op_code":5,"worker_id":"65621591-6ed3-46d5-85f6-3172b5f690ea-140737350539072","trial_id":15,"param_name":"min_lr_rate","param_value_internal":0.0,"distribution":"{\"name\": \"FloatDistribution\", \"attributes\": {\"step\": null, \"low\": 0.0, \"high\": 0.0, \"log\": false}}"}
{"op_code":7,"worker_id":"65621591-6ed3-46d5-85f6-3172b5f690ea-140737350539072","trial_id":15,"step":1,"intermediate_value":81.22270742358079}
{"op_code":8,"worker_id":"65621591-6ed3-46d5-85f6-3172b5f690ea-140737350539072","trial_id":15,"user_attr":{"train_loss_epoch_1":19093184.246127717}}
{"op_code":8,"worker_id":"65621591-6ed3-46d5-85f6-3172b5f690ea-140737350539072","trial_id":15,"user_attr":{"val_loss_epoch_1":3179078.0}}
{"op_code":7,"worker_id":"65621591-6ed3-46d5-85f6-3172b5f690ea-140737350539072","trial_id":15,"step":2,"intermediate_value":81.22270742358079}
{"op_code":8,"worker_id":"65621591-6ed3-46d5-85f6-3172b5f690ea-140737350539072","trial_id":15,"user_attr":{"train_loss_epoch_2":421425.3524838655}}
{"op_code":8,"worker_id":"65621591-6ed3-46d5-85f6-3172b5f690ea-140737350539072","trial_id":15,"user_attr":{"val_loss_epoch_2":5649.672607421875}}
{"op_code":7,"worker_id":"65621591-6ed3-46d5-85f6-3172b5f690ea-140737350539072","trial_id":15,"step":3,"intermediate_value":81.22270742358079}
{"op_code":8,"worker_id":"65621591-6ed3-46d5-85f6-3172b5f690ea-140737350539072","trial_id":15,"user_attr":{"train_loss_epoch_3":294134.4085555367}}
{"op_code":8,"worker_id":"65621591-6ed3-46d5-85f6-3172b5f690ea-140737350539072","trial_id":15,"user_attr":{"val_loss_epoch_3":231386.125}}
{"op_code":7,"worker_id":"65621591-6ed3-46d5-85f6-3172b5f690ea-140737350539072","trial_id":15,"step":4,"intermediate_value":81.22270742358079}
{"op_code":8,"worker_id":"65621591-6ed3-46d5-85f6-3172b5f690ea-140737350539072","trial_id":15,"user_attr":{"train_loss_epoch_4":248564.73585682744}}
{"op_code":8,"worker_id":"65621591-6ed3-46d5-85f6-3172b5f690ea-140737350539072","trial_id":15,"user_attr":{"val_loss_epoch_4":28112.5}}
{"op_code":6,"worker_id":"65621591-6ed3-46d5-85f6-3172b5f690ea-140737350539072","trial_id":15,"state":1,"values":[81.22270742358079],"datetime_complete":"2026-02-21T21:28:04.012941"}
{"op_code":4,"worker_id":"65621591-6ed3-46d5-85f6-3172b5f690ea-140737350539072","study_id":0,"datetime_start":"2026-02-21T21:28:04.022426"}
{"op_code":5,"worker_id":"65621591-6ed3-46d5-85f6-3172b5f690ea-140737350539072","trial_id":16,"param_name":"learning_rate","param_value_internal":0.005038224868145802,"distribution":"{\"name\": \"FloatDistribution\", \"attributes\": {\"step\": null, \"low\": 0.001, \"high\": 10.0, \"log\": true}}"}
{"op_code":5,"worker_id":"65621591-6ed3-46d5-85f6-3172b5f690ea-140737350539072","trial_id":16,"param_name":"transfer_lr","param_value_internal":0.009216358328305897,"distribution":"{\"name\": \"FloatDistribution\", \"attributes\": {\"step\": null, \"low\": 0.0001, \"high\": 100.0, \"log\": true}}"}
{"op_code":5,"worker_id":"65621591-6ed3-46d5-85f6-3172b5f690ea-140737350539072","trial_id":16,"param_name":"transfer_every","param_value_internal":64.0,"distribution":"{\"name\": \"IntDistribution\", \"attributes\": {\"log\": true, \"step\": 1, \"low\": 64, \"high\": 32000}}"}
{"op_code":5,"worker_id":"65621591-6ed3-46d5-85f6-3172b5f690ea-140737350539072","trial_id":16,"param_name":"rank_exp","param_value_internal":5.0,"distribution":"{\"name\": \"IntDistribution\", \"attributes\": {\"log\": false, \"step\": 1, \"low\": 0, \"high\": 5}}"}
{"op_code":5,"worker_id":"65621591-6ed3-46d5-85f6-3172b5f690ea-140737350539072","trial_id":16,"param_name":"lora_alpha","param_value_internal":90.50021510445333,"distribution":"{\"name\": \"FloatDistribution\", \"attributes\": {\"step\": null, \"low\": 0.0001, \"high\": 100.0, \"log\": true}}"}
{"op_code":5,"worker_id":"65621591-6ed3-46d5-85f6-3172b5f690ea-140737350539072","trial_id":16,"param_name":"tau_sec","param_value_internal":0.0,"distribution":"{\"name\": \"FloatDistribution\", \"attributes\": {\"step\": null, \"low\": 0.0, \"high\": 0.0, \"log\": false}}"}
{"op_code":5,"worker_id":"65621591-6ed3-46d5-85f6-3172b5f690ea-140737350539072","trial_id":16,"param_name":"out_noise","param_value_internal":0.0,"distribution":"{\"name\": \"FloatDistribution\", \"attributes\": {\"step\": null, \"low\": 0.0, \"high\": 0.0, \"log\": false}}"}
{"op_code":5,"worker_id":"65621591-6ed3-46d5-85f6-3172b5f690ea-140737350539072","trial_id":16,"param_name":"ab_weight_scaling_omega","param_value_internal":0.0,"distribution":"{\"name\": \"FloatDistribution\", \"attributes\": {\"step\": null, \"low\": 0.0, \"high\": 0.0, \"log\": false}}"}
{"op_code":5,"worker_id":"65621591-6ed3-46d5-85f6-3172b5f690ea-140737350539072","trial_id":16,"param_name":"min_lr_rate","param_value_internal":0.0,"distribution":"{\"name\": \"FloatDistribution\", \"attributes\": {\"step\": null, \"low\": 0.0, \"high\": 0.0, \"log\": false}}"}
{"op_code":7,"worker_id":"65621591-6ed3-46d5-85f6-3172b5f690ea-140737350539072","trial_id":16,"step":1,"intermediate_value":81.22270742358079}
{"op_code":8,"worker_id":"65621591-6ed3-46d5-85f6-3172b5f690ea-140737350539072","trial_id":16,"user_attr":{"train_loss_epoch_1":24980469.98372962}}
{"op_code":8,"worker_id":"65621591-6ed3-46d5-85f6-3172b5f690ea-140737350539072","trial_id":16,"user_attr":{"val_loss_epoch_1":17990209.0}}
{"op_code":7,"worker_id":"65621591-6ed3-46d5-85f6-3172b5f690ea-140737350539072","trial_id":16,"step":2,"intermediate_value":81.22270742358079}
{"op_code":8,"worker_id":"65621591-6ed3-46d5-85f6-3172b5f690ea-140737350539072","trial_id":16,"user_attr":{"train_loss_epoch_2":14584308.6}}
{"op_code":8,"worker_id":"65621591-6ed3-46d5-85f6-3172b5f690ea-140737350539072","trial_id":16,"user_attr":{"val_loss_epoch_2":5720526.0}}
{"op_code":7,"worker_id":"65621591-6ed3-46d5-85f6-3172b5f690ea-140737350539072","trial_id":16,"step":3,"intermediate_value":81.22270742358079}
{"op_code":8,"worker_id":"65621591-6ed3-46d5-85f6-3172b5f690ea-140737350539072","trial_id":16,"user_attr":{"train_loss_epoch_3":5288491.910326087}}
{"op_code":8,"worker_id":"65621591-6ed3-46d5-85f6-3172b5f690ea-140737350539072","trial_id":16,"user_attr":{"val_loss_epoch_3":497321.1875}}
{"op_code":7,"worker_id":"65621591-6ed3-46d5-85f6-3172b5f690ea-140737350539072","trial_id":16,"step":4,"intermediate_value":81.22270742358079}
{"op_code":8,"worker_id":"65621591-6ed3-46d5-85f6-3172b5f690ea-140737350539072","trial_id":16,"user_attr":{"train_loss_epoch_4":149706.29581670347}}
{"op_code":8,"worker_id":"65621591-6ed3-46d5-85f6-3172b5f690ea-140737350539072","trial_id":16,"user_attr":{"val_loss_epoch_4":5484.002197265625}}
{"op_code":7,"worker_id":"65621591-6ed3-46d5-85f6-3172b5f690ea-140737350539072","trial_id":16,"step":5,"intermediate_value":81.22270742358079}
{"op_code":8,"worker_id":"65621591-6ed3-46d5-85f6-3172b5f690ea-140737350539072","trial_id":16,"user_attr":{"train_loss_epoch_5":77762.60101052989}}
{"op_code":8,"worker_id":"65621591-6ed3-46d5-85f6-3172b5f690ea-140737350539072","trial_id":16,"user_attr":{"val_loss_epoch_5":3591.2802734375}}
{"op_code":7,"worker_id":"65621591-6ed3-46d5-85f6-3172b5f690ea-140737350539072","trial_id":16,"step":6,"intermediate_value":81.22270742358079}
{"op_code":8,"worker_id":"65621591-6ed3-46d5-85f6-3172b5f690ea-140737350539072","trial_id":16,"user_attr":{"train_loss_epoch_6":66145.51096509851}}
{"op_code":8,"worker_id":"65621591-6ed3-46d5-85f6-3172b5f690ea-140737350539072","trial_id":16,"user_attr":{"val_loss_epoch_6":62022.560546875}}
{"op_code":7,"worker_id":"65621591-6ed3-46d5-85f6-3172b5f690ea-140737350539072","trial_id":16,"step":7,"intermediate_value":81.22270742358079}
{"op_code":8,"worker_id":"65621591-6ed3-46d5-85f6-3172b5f690ea-140737350539072","trial_id":16,"user_attr":{"train_loss_epoch_7":59850.39234035326}}
{"op_code":8,"worker_id":"65621591-6ed3-46d5-85f6-3172b5f690ea-140737350539072","trial_id":16,"user_attr":{"val_loss_epoch_7":13646.7255859375}}
{"op_code":6,"worker_id":"65621591-6ed3-46d5-85f6-3172b5f690ea-140737350539072","trial_id":16,"state":1,"values":[81.22270742358079],"datetime_complete":"2026-02-21T21:31:24.463342"}
{"op_code":4,"worker_id":"65621591-6ed3-46d5-85f6-3172b5f690ea-140737350539072","study_id":0,"datetime_start":"2026-02-21T21:31:24.471021"}
{"op_code":5,"worker_id":"65621591-6ed3-46d5-85f6-3172b5f690ea-140737350539072","trial_id":17,"param_name":"learning_rate","param_value_internal":0.004083377528256248,"distribution":"{\"name\": \"FloatDistribution\", \"attributes\": {\"step\": null, \"low\": 0.001, \"high\": 10.0, \"log\": true}}"}
{"op_code":5,"worker_id":"65621591-6ed3-46d5-85f6-3172b5f690ea-140737350539072","trial_id":17,"param_name":"transfer_lr","param_value_internal":0.011669368647174178,"distribution":"{\"name\": \"FloatDistribution\", \"attributes\": {\"step\": null, \"low\": 0.0001, \"high\": 100.0, \"log\": true}}"}
{"op_code":5,"worker_id":"65621591-6ed3-46d5-85f6-3172b5f690ea-140737350539072","trial_id":17,"param_name":"transfer_every","param_value_internal":32000.0,"distribution":"{\"name\": \"IntDistribution\", \"attributes\": {\"log\": true, \"step\": 1, \"low\": 64, \"high\": 32000}}"}
{"op_code":5,"worker_id":"65621591-6ed3-46d5-85f6-3172b5f690ea-140737350539072","trial_id":17,"param_name":"rank_exp","param_value_internal":0.0,"distribution":"{\"name\": \"IntDistribution\", \"attributes\": {\"log\": false, \"step\": 1, \"low\": 0, \"high\": 5}}"}
{"op_code":5,"worker_id":"65621591-6ed3-46d5-85f6-3172b5f690ea-140737350539072","trial_id":17,"param_name":"lora_alpha","param_value_internal":0.0001,"distribution":"{\"name\": \"FloatDistribution\", \"attributes\": {\"step\": null, \"low\": 0.0001, \"high\": 100.0, \"log\": true}}"}
{"op_code":5,"worker_id":"65621591-6ed3-46d5-85f6-3172b5f690ea-140737350539072","trial_id":17,"param_name":"tau_sec","param_value_internal":0.0,"distribution":"{\"name\": \"FloatDistribution\", \"attributes\": {\"step\": null, \"low\": 0.0, \"high\": 0.0, \"log\": false}}"}
{"op_code":5,"worker_id":"65621591-6ed3-46d5-85f6-3172b5f690ea-140737350539072","trial_id":17,"param_name":"out_noise","param_value_internal":0.0,"distribution":"{\"name\": \"FloatDistribution\", \"attributes\": {\"step\": null, \"low\": 0.0, \"high\": 0.0, \"log\": false}}"}
{"op_code":5,"worker_id":"65621591-6ed3-46d5-85f6-3172b5f690ea-140737350539072","trial_id":17,"param_name":"ab_weight_scaling_omega","param_value_internal":0.0,"distribution":"{\"name\": \"FloatDistribution\", \"attributes\": {\"step\": null, \"low\": 0.0, \"high\": 0.0, \"log\": false}}"}
{"op_code":5,"worker_id":"65621591-6ed3-46d5-85f6-3172b5f690ea-140737350539072","trial_id":17,"param_name":"min_lr_rate","param_value_internal":0.0,"distribution":"{\"name\": \"FloatDistribution\", \"attributes\": {\"step\": null, \"low\": 0.0, \"high\": 0.0, \"log\": false}}"}
{"op_code":7,"worker_id":"65621591-6ed3-46d5-85f6-3172b5f690ea-140737350539072","trial_id":17,"step":1,"intermediate_value":0.0}
{"op_code":8,"worker_id":"65621591-6ed3-46d5-85f6-3172b5f690ea-140737350539072","trial_id":17,"user_attr":{"train_loss_epoch_1":26725080.41277174}}
{"op_code":8,"worker_id":"65621591-6ed3-46d5-85f6-3172b5f690ea-140737350539072","trial_id":17,"user_attr":{"val_loss_epoch_1":28864025.0}}
{"op_code":7,"worker_id":"65621591-6ed3-46d5-85f6-3172b5f690ea-140737350539072","trial_id":17,"step":2,"intermediate_value":81.22270742358079}
{"op_code":8,"worker_id":"65621591-6ed3-46d5-85f6-3172b5f690ea-140737350539072","trial_id":17,"user_attr":{"train_loss_epoch_2":18161785.38777174}}
{"op_code":8,"worker_id":"65621591-6ed3-46d5-85f6-3172b5f690ea-140737350539072","trial_id":17,"user_attr":{"val_loss_epoch_2":7749618.25}}
{"op_code":7,"worker_id":"65621591-6ed3-46d5-85f6-3172b5f690ea-140737350539072","trial_id":17,"step":3,"intermediate_value":81.22270742358079}
{"op_code":8,"worker_id":"65621591-6ed3-46d5-85f6-3172b5f690ea-140737350539072","trial_id":17,"user_attr":{"train_loss_epoch_3":9590615.046467392}}
{"op_code":8,"worker_id":"65621591-6ed3-46d5-85f6-3172b5f690ea-140737350539072","trial_id":17,"user_attr":{"val_loss_epoch_3":2031730.375}}
{"op_code":7,"worker_id":"65621591-6ed3-46d5-85f6-3172b5f690ea-140737350539072","trial_id":17,"step":4,"intermediate_value":81.22270742358079}
{"op_code":8,"worker_id":"65621591-6ed3-46d5-85f6-3172b5f690ea-140737350539072","trial_id":17,"user_attr":{"train_loss_epoch_4":2171923.2841414744}}
{"op_code":8,"worker_id":"65621591-6ed3-46d5-85f6-3172b5f690ea-140737350539072","trial_id":17,"user_attr":{"val_loss_epoch_4":78351.125}}
{"op_code":7,"worker_id":"65621591-6ed3-46d5-85f6-3172b5f690ea-140737350539072","trial_id":17,"step":5,"intermediate_value":81.22270742358079}
{"op_code":8,"worker_id":"65621591-6ed3-46d5-85f6-3172b5f690ea-140737350539072","trial_id":17,"user_attr":{"train_loss_epoch_5":60390.84476424508}}
{"op_code":8,"worker_id":"65621591-6ed3-46d5-85f6-3172b5f690ea-140737350539072","trial_id":17,"user_attr":{"val_loss_epoch_5":13129.99462890625}}
{"op_code":7,"worker_id":"65621591-6ed3-46d5-85f6-3172b5f690ea-140737350539072","trial_id":17,"step":6,"intermediate_value":81.22270742358079}
{"op_code":8,"worker_id":"65621591-6ed3-46d5-85f6-3172b5f690ea-140737350539072","trial_id":17,"user_attr":{"train_loss_epoch_6":51768.60189368206}}
{"op_code":8,"worker_id":"65621591-6ed3-46d5-85f6-3172b5f690ea-140737350539072","trial_id":17,"user_attr":{"val_loss_epoch_6":28743.19140625}}
{"op_code":7,"worker_id":"65621591-6ed3-46d5-85f6-3172b5f690ea-140737350539072","trial_id":17,"step":7,"intermediate_value":81.22270742358079}
{"op_code":8,"worker_id":"65621591-6ed3-46d5-85f6-3172b5f690ea-140737350539072","trial_id":17,"user_attr":{"train_loss_epoch_7":49013.685717773435}}
{"op_code":8,"worker_id":"65621591-6ed3-46d5-85f6-3172b5f690ea-140737350539072","trial_id":17,"user_attr":{"val_loss_epoch_7":32067.373046875}}
{"op_code":6,"worker_id":"65621591-6ed3-46d5-85f6-3172b5f690ea-140737350539072","trial_id":17,"state":1,"values":[81.22270742358079],"datetime_complete":"2026-02-21T21:35:14.866650"}
{"op_code":4,"worker_id":"65621591-6ed3-46d5-85f6-3172b5f690ea-140737350539072","study_id":0,"datetime_start":"2026-02-21T21:35:14.874647"}
{"op_code":5,"worker_id":"65621591-6ed3-46d5-85f6-3172b5f690ea-140737350539072","trial_id":18,"param_name":"learning_rate","param_value_internal":0.014559274946605345,"distribution":"{\"name\": \"FloatDistribution\", \"attributes\": {\"step\": null, \"low\": 0.001, \"high\": 10.0, \"log\": true}}"}
{"op_code":5,"worker_id":"65621591-6ed3-46d5-85f6-3172b5f690ea-140737350539072","trial_id":18,"param_name":"transfer_lr","param_value_internal":6.792440549649932,"distribution":"{\"name\": \"FloatDistribution\", \"attributes\": {\"step\": null, \"low\": 0.0001, \"high\": 100.0, \"log\": true}}"}
{"op_code":5,"worker_id":"65621591-6ed3-46d5-85f6-3172b5f690ea-140737350539072","trial_id":18,"param_name":"transfer_every","param_value_internal":64.0,"distribution":"{\"name\": \"IntDistribution\", \"attributes\": {\"log\": true, \"step\": 1, \"low\": 64, \"high\": 32000}}"}
{"op_code":5,"worker_id":"65621591-6ed3-46d5-85f6-3172b5f690ea-140737350539072","trial_id":18,"param_name":"rank_exp","param_value_internal":5.0,"distribution":"{\"name\": \"IntDistribution\", \"attributes\": {\"log\": false, \"step\": 1, \"low\": 0, \"high\": 5}}"}
{"op_code":5,"worker_id":"65621591-6ed3-46d5-85f6-3172b5f690ea-140737350539072","trial_id":18,"param_name":"lora_alpha","param_value_internal":0.0001,"distribution":"{\"name\": \"FloatDistribution\", \"attributes\": {\"step\": null, \"low\": 0.0001, \"high\": 100.0, \"log\": true}}"}
{"op_code":5,"worker_id":"65621591-6ed3-46d5-85f6-3172b5f690ea-140737350539072","trial_id":18,"param_name":"tau_sec","param_value_internal":0.0,"distribution":"{\"name\": \"FloatDistribution\", \"attributes\": {\"step\": null, \"low\": 0.0, \"high\": 0.0, \"log\": false}}"}
{"op_code":5,"worker_id":"65621591-6ed3-46d5-85f6-3172b5f690ea-140737350539072","trial_id":18,"param_name":"out_noise","param_value_internal":0.0,"distribution":"{\"name\": \"FloatDistribution\", \"attributes\": {\"step\": null, \"low\": 0.0, \"high\": 0.0, \"log\": false}}"}
{"op_code":5,"worker_id":"65621591-6ed3-46d5-85f6-3172b5f690ea-140737350539072","trial_id":18,"param_name":"ab_weight_scaling_omega","param_value_internal":0.0,"distribution":"{\"name\": \"FloatDistribution\", \"attributes\": {\"step\": null, \"low\": 0.0, \"high\": 0.0, \"log\": false}}"}
{"op_code":5,"worker_id":"65621591-6ed3-46d5-85f6-3172b5f690ea-140737350539072","trial_id":18,"param_name":"min_lr_rate","param_value_internal":0.0,"distribution":"{\"name\": \"FloatDistribution\", \"attributes\": {\"step\": null, \"low\": 0.0, \"high\": 0.0, \"log\": false}}"}
{"op_code":7,"worker_id":"65621591-6ed3-46d5-85f6-3172b5f690ea-140737350539072","trial_id":18,"step":1,"intermediate_value":0.0}
{"op_code":8,"worker_id":"65621591-6ed3-46d5-85f6-3172b5f690ea-140737350539072","trial_id":18,"user_attr":{"train_loss_epoch_1":20219282.284239132}}
{"op_code":8,"worker_id":"65621591-6ed3-46d5-85f6-3172b5f690ea-140737350539072","trial_id":18,"user_attr":{"val_loss_epoch_1":8611555.5}}
{"op_code":7,"worker_id":"65621591-6ed3-46d5-85f6-3172b5f690ea-140737350539072","trial_id":18,"step":2,"intermediate_value":0.0}
{"op_code":8,"worker_id":"65621591-6ed3-46d5-85f6-3172b5f690ea-140737350539072","trial_id":18,"user_attr":{"train_loss_epoch_2":1070408.23754299}}
{"op_code":8,"worker_id":"65621591-6ed3-46d5-85f6-3172b5f690ea-140737350539072","trial_id":18,"user_attr":{"val_loss_epoch_2":80326.69921875}}
{"op_code":7,"worker_id":"65621591-6ed3-46d5-85f6-3172b5f690ea-140737350539072","trial_id":18,"step":3,"intermediate_value":0.0}
{"op_code":8,"worker_id":"65621591-6ed3-46d5-85f6-3172b5f690ea-140737350539072","trial_id":18,"user_attr":{"train_loss_epoch_3":269677.1674932065}}
{"op_code":8,"worker_id":"65621591-6ed3-46d5-85f6-3172b5f690ea-140737350539072","trial_id":18,"user_attr":{"val_loss_epoch_3":113218.92578125}}
{"op_code":7,"worker_id":"65621591-6ed3-46d5-85f6-3172b5f690ea-140737350539072","trial_id":18,"step":4,"intermediate_value":81.22270742358079}
{"op_code":8,"worker_id":"65621591-6ed3-46d5-85f6-3172b5f690ea-140737350539072","trial_id":18,"user_attr":{"train_loss_epoch_4":249481.9200067935}}
{"op_code":8,"worker_id":"65621591-6ed3-46d5-85f6-3172b5f690ea-140737350539072","trial_id":18,"user_attr":{"val_loss_epoch_4":4341.3525390625}}
{"op_code":7,"worker_id":"65621591-6ed3-46d5-85f6-3172b5f690ea-140737350539072","trial_id":18,"step":5,"intermediate_value":81.22270742358079}
{"op_code":8,"worker_id":"65621591-6ed3-46d5-85f6-3172b5f690ea-140737350539072","trial_id":18,"user_attr":{"train_loss_epoch_5":190549.42382600205}}
{"op_code":8,"worker_id":"65621591-6ed3-46d5-85f6-3172b5f690ea-140737350539072","trial_id":18,"user_attr":{"val_loss_epoch_5":108031.7578125}}
{"op_code":7,"worker_id":"65621591-6ed3-46d5-85f6-3172b5f690ea-140737350539072","trial_id":18,"step":6,"intermediate_value":81.22270742358079}
{"op_code":8,"worker_id":"65621591-6ed3-46d5-85f6-3172b5f690ea-140737350539072","trial_id":18,"user_attr":{"train_loss_epoch_6":206010.94632727583}}
{"op_code":8,"worker_id":"65621591-6ed3-46d5-85f6-3172b5f690ea-140737350539072","trial_id":18,"user_attr":{"val_loss_epoch_6":9449.9716796875}}
{"op_code":6,"worker_id":"65621591-6ed3-46d5-85f6-3172b5f690ea-140737350539072","trial_id":18,"state":1,"values":[81.22270742358079],"datetime_complete":"2026-02-21T21:37:53.319172"}
{"op_code":4,"worker_id":"65621591-6ed3-46d5-85f6-3172b5f690ea-140737350539072","study_id":0,"datetime_start":"2026-02-21T21:37:53.329030"}
{"op_code":5,"worker_id":"65621591-6ed3-46d5-85f6-3172b5f690ea-140737350539072","trial_id":19,"param_name":"learning_rate","param_value_internal":2.3813017826092886,"distribution":"{\"name\": \"FloatDistribution\", \"attributes\": {\"step\": null, \"low\": 0.001, \"high\": 10.0, \"log\": true}}"}
{"op_code":5,"worker_id":"65621591-6ed3-46d5-85f6-3172b5f690ea-140737350539072","trial_id":19,"param_name":"transfer_lr","param_value_internal":0.0001,"distribution":"{\"name\": \"FloatDistribution\", \"attributes\": {\"step\": null, \"low\": 0.0001, \"high\": 100.0, \"log\": true}}"}
{"op_code":5,"worker_id":"65621591-6ed3-46d5-85f6-3172b5f690ea-140737350539072","trial_id":19,"param_name":"transfer_every","param_value_internal":64.0,"distribution":"{\"name\": \"IntDistribution\", \"attributes\": {\"log\": true, \"step\": 1, \"low\": 64, \"high\": 32000}}"}
{"op_code":5,"worker_id":"65621591-6ed3-46d5-85f6-3172b5f690ea-140737350539072","trial_id":19,"param_name":"rank_exp","param_value_internal":5.0,"distribution":"{\"name\": \"IntDistribution\", \"attributes\": {\"log\": false, \"step\": 1, \"low\": 0, \"high\": 5}}"}
{"op_code":5,"worker_id":"65621591-6ed3-46d5-85f6-3172b5f690ea-140737350539072","trial_id":19,"param_name":"lora_alpha","param_value_internal":90.50021510445333,"distribution":"{\"name\": \"FloatDistribution\", \"attributes\": {\"step\": null, \"low\": 0.0001, \"high\": 100.0, \"log\": true}}"}
{"op_code":5,"worker_id":"65621591-6ed3-46d5-85f6-3172b5f690ea-140737350539072","trial_id":19,"param_name":"tau_sec","param_value_internal":0.0,"distribution":"{\"name\": \"FloatDistribution\", \"attributes\": {\"step\": null, \"low\": 0.0, \"high\": 0.0, \"log\": false}}"}
{"op_code":5,"worker_id":"65621591-6ed3-46d5-85f6-3172b5f690ea-140737350539072","trial_id":19,"param_name":"out_noise","param_value_internal":0.0,"distribution":"{\"name\": \"FloatDistribution\", \"attributes\": {\"step\": null, \"low\": 0.0, \"high\": 0.0, \"log\": false}}"}
{"op_code":5,"worker_id":"65621591-6ed3-46d5-85f6-3172b5f690ea-140737350539072","trial_id":19,"param_name":"ab_weight_scaling_omega","param_value_internal":0.0,"distribution":"{\"name\": \"FloatDistribution\", \"attributes\": {\"step\": null, \"low\": 0.0, \"high\": 0.0, \"log\": false}}"}
{"op_code":5,"worker_id":"65621591-6ed3-46d5-85f6-3172b5f690ea-140737350539072","trial_id":19,"param_name":"min_lr_rate","param_value_internal":0.0,"distribution":"{\"name\": \"FloatDistribution\", \"attributes\": {\"step\": null, \"low\": 0.0, \"high\": 0.0, \"log\": false}}"}
{"op_code":7,"worker_id":"65621591-6ed3-46d5-85f6-3172b5f690ea-140737350539072","trial_id":19,"step":1,"intermediate_value":0.0}
{"op_code":8,"worker_id":"65621591-6ed3-46d5-85f6-3172b5f690ea-140737350539072","trial_id":19,"user_attr":{"train_loss_epoch_1":31034777.61521739}}
{"op_code":8,"worker_id":"65621591-6ed3-46d5-85f6-3172b5f690ea-140737350539072","trial_id":19,"user_attr":{"val_loss_epoch_1":814941.78125}}
{"op_code":7,"worker_id":"65621591-6ed3-46d5-85f6-3172b5f690ea-140737350539072","trial_id":19,"step":2,"intermediate_value":0.0}
{"op_code":8,"worker_id":"65621591-6ed3-46d5-85f6-3172b5f690ea-140737350539072","trial_id":19,"user_attr":{"train_loss_epoch_2":43300500.919565216}}
{"op_code":8,"worker_id":"65621591-6ed3-46d5-85f6-3172b5f690ea-140737350539072","trial_id":19,"user_attr":{"val_loss_epoch_2":4677735.25}}
{"op_code":7,"worker_id":"65621591-6ed3-46d5-85f6-3172b5f690ea-140737350539072","trial_id":19,"step":3,"intermediate_value":0.0}
{"op_code":8,"worker_id":"65621591-6ed3-46d5-85f6-3172b5f690ea-140737350539072","trial_id":19,"user_attr":{"train_loss_epoch_3":43648529.91086957}}
{"op_code":8,"worker_id":"65621591-6ed3-46d5-85f6-3172b5f690ea-140737350539072","trial_id":19,"user_attr":{"val_loss_epoch_3":1936005.125}}
{"op_code":6,"worker_id":"65621591-6ed3-46d5-85f6-3172b5f690ea-140737350539072","trial_id":19,"state":1,"values":[0.0],"datetime_complete":"2026-02-21T21:39:43.335888"}
{"op_code":4,"worker_id":"65621591-6ed3-46d5-85f6-3172b5f690ea-140737350539072","study_id":0,"datetime_start":"2026-02-21T21:39:43.345132"}
{"op_code":5,"worker_id":"65621591-6ed3-46d5-85f6-3172b5f690ea-140737350539072","trial_id":20,"param_name":"learning_rate","param_value_internal":10.0,"distribution":"{\"name\": \"FloatDistribution\", \"attributes\": {\"step\": null, \"low\": 0.001, \"high\": 10.0, \"log\": true}}"}
{"op_code":5,"worker_id":"65621591-6ed3-46d5-85f6-3172b5f690ea-140737350539072","trial_id":20,"param_name":"transfer_lr","param_value_internal":0.0001,"distribution":"{\"name\": \"FloatDistribution\", \"attributes\": {\"step\": null, \"low\": 0.0001, \"high\": 100.0, \"log\": true}}"}
{"op_code":5,"worker_id":"65621591-6ed3-46d5-85f6-3172b5f690ea-140737350539072","trial_id":20,"param_name":"transfer_every","param_value_internal":256.0,"distribution":"{\"name\": \"IntDistribution\", \"attributes\": {\"log\": true, \"step\": 1, \"low\": 64, \"high\": 32000}}"}
{"op_code":5,"worker_id":"65621591-6ed3-46d5-85f6-3172b5f690ea-140737350539072","trial_id":20,"param_name":"rank_exp","param_value_internal":0.0,"distribution":"{\"name\": \"IntDistribution\", \"attributes\": {\"log\": false, \"step\": 1, \"low\": 0, \"high\": 5}}"}
{"op_code":5,"worker_id":"65621591-6ed3-46d5-85f6-3172b5f690ea-140737350539072","trial_id":20,"param_name":"lora_alpha","param_value_internal":90.50021510445333,"distribution":"{\"name\": \"FloatDistribution\", \"attributes\": {\"step\": null, \"low\": 0.0001, \"high\": 100.0, \"log\": true}}"}
{"op_code":5,"worker_id":"65621591-6ed3-46d5-85f6-3172b5f690ea-140737350539072","trial_id":20,"param_name":"tau_sec","param_value_internal":0.0,"distribution":"{\"name\": \"FloatDistribution\", \"attributes\": {\"step\": null, \"low\": 0.0, \"high\": 0.0, \"log\": false}}"}
{"op_code":5,"worker_id":"65621591-6ed3-46d5-85f6-3172b5f690ea-140737350539072","trial_id":20,"param_name":"out_noise","param_value_internal":0.0,"distribution":"{\"name\": \"FloatDistribution\", \"attributes\": {\"step\": null, \"low\": 0.0, \"high\": 0.0, \"log\": false}}"}
{"op_code":5,"worker_id":"65621591-6ed3-46d5-85f6-3172b5f690ea-140737350539072","trial_id":20,"param_name":"ab_weight_scaling_omega","param_value_internal":0.0,"distribution":"{\"name\": \"FloatDistribution\", \"attributes\": {\"step\": null, \"low\": 0.0, \"high\": 0.0, \"log\": false}}"}
{"op_code":5,"worker_id":"65621591-6ed3-46d5-85f6-3172b5f690ea-140737350539072","trial_id":20,"param_name":"min_lr_rate","param_value_internal":0.0,"distribution":"{\"name\": \"FloatDistribution\", \"attributes\": {\"step\": null, \"low\": 0.0, \"high\": 0.0, \"log\": false}}"}
{"op_code":7,"worker_id":"65621591-6ed3-46d5-85f6-3172b5f690ea-140737350539072","trial_id":20,"step":1,"intermediate_value":0.0}
{"op_code":8,"worker_id":"65621591-6ed3-46d5-85f6-3172b5f690ea-140737350539072","trial_id":20,"user_attr":{"train_loss_epoch_1":133865746.22391304}}
{"op_code":8,"worker_id":"65621591-6ed3-46d5-85f6-3172b5f690ea-140737350539072","trial_id":20,"user_attr":{"val_loss_epoch_1":163217784.0}}
{"op_code":7,"worker_id":"65621591-6ed3-46d5-85f6-3172b5f690ea-140737350539072","trial_id":20,"step":2,"intermediate_value":0.0}
{"op_code":8,"worker_id":"65621591-6ed3-46d5-85f6-3172b5f690ea-140737350539072","trial_id":20,"user_attr":{"train_loss_epoch_2":199683118.57391304}}
{"op_code":8,"worker_id":"65621591-6ed3-46d5-85f6-3172b5f690ea-140737350539072","trial_id":20,"user_attr":{"val_loss_epoch_2":118760656.0}}
{"op_code":7,"worker_id":"65621591-6ed3-46d5-85f6-3172b5f690ea-140737350539072","trial_id":20,"step":3,"intermediate_value":0.0}
{"op_code":8,"worker_id":"65621591-6ed3-46d5-85f6-3172b5f690ea-140737350539072","trial_id":20,"user_attr":{"train_loss_epoch_3":184068136.73043478}}
{"op_code":8,"worker_id":"65621591-6ed3-46d5-85f6-3172b5f690ea-140737350539072","trial_id":20,"user_attr":{"val_loss_epoch_3":53570392.0}}
{"op_code":7,"worker_id":"65621591-6ed3-46d5-85f6-3172b5f690ea-140737350539072","trial_id":20,"step":4,"intermediate_value":0.0}
{"op_code":8,"worker_id":"65621591-6ed3-46d5-85f6-3172b5f690ea-140737350539072","trial_id":20,"user_attr":{"train_loss_epoch_4":153988653.60163045}}
{"op_code":8,"worker_id":"65621591-6ed3-46d5-85f6-3172b5f690ea-140737350539072","trial_id":20,"user_attr":{"val_loss_epoch_4":83751416.0}}
{"op_code":7,"worker_id":"65621591-6ed3-46d5-85f6-3172b5f690ea-140737350539072","trial_id":20,"step":5,"intermediate_value":81.22270742358079}
{"op_code":8,"worker_id":"65621591-6ed3-46d5-85f6-3172b5f690ea-140737350539072","trial_id":20,"user_attr":{"train_loss_epoch_5":151802869.8}}
{"op_code":8,"worker_id":"65621591-6ed3-46d5-85f6-3172b5f690ea-140737350539072","trial_id":20,"user_attr":{"val_loss_epoch_5":159609584.0}}
{"op_code":6,"worker_id":"65621591-6ed3-46d5-85f6-3172b5f690ea-140737350539072","trial_id":20,"state":1,"values":[81.22270742358079],"datetime_complete":"2026-02-21T21:43:50.058702"}
{"op_code":4,"worker_id":"65621591-6ed3-46d5-85f6-3172b5f690ea-140737350539072","study_id":0,"datetime_start":"2026-02-21T21:43:50.089391"}
{"op_code":5,"worker_id":"65621591-6ed3-46d5-85f6-3172b5f690ea-140737350539072","trial_id":21,"param_name":"learning_rate","param_value_internal":0.0187175376406444,"distribution":"{\"name\": \"FloatDistribution\", \"attributes\": {\"step\": null, \"low\": 0.001, \"high\": 10.0, \"log\": true}}"}
{"op_code":5,"worker_id":"65621591-6ed3-46d5-85f6-3172b5f690ea-140737350539072","trial_id":21,"param_name":"transfer_lr","param_value_internal":0.01176243961968427,"distribution":"{\"name\": \"FloatDistribution\", \"attributes\": {\"step\": null, \"low\": 0.0001, \"high\": 100.0, \"log\": true}}"}
{"op_code":5,"worker_id":"65621591-6ed3-46d5-85f6-3172b5f690ea-140737350539072","trial_id":21,"param_name":"transfer_every","param_value_internal":32000.0,"distribution":"{\"name\": \"IntDistribution\", \"attributes\": {\"log\": true, \"step\": 1, \"low\": 64, \"high\": 32000}}"}
{"op_code":5,"worker_id":"65621591-6ed3-46d5-85f6-3172b5f690ea-140737350539072","trial_id":21,"param_name":"rank_exp","param_value_internal":0.0,"distribution":"{\"name\": \"IntDistribution\", \"attributes\": {\"log\": false, \"step\": 1, \"low\": 0, \"high\": 5}}"}
{"op_code":5,"worker_id":"65621591-6ed3-46d5-85f6-3172b5f690ea-140737350539072","trial_id":21,"param_name":"lora_alpha","param_value_internal":90.50021510445333,"distribution":"{\"name\": \"FloatDistribution\", \"attributes\": {\"step\": null, \"low\": 0.0001, \"high\": 100.0, \"log\": true}}"}
{"op_code":5,"worker_id":"65621591-6ed3-46d5-85f6-3172b5f690ea-140737350539072","trial_id":21,"param_name":"tau_sec","param_value_internal":0.0,"distribution":"{\"name\": \"FloatDistribution\", \"attributes\": {\"step\": null, \"low\": 0.0, \"high\": 0.0, \"log\": false}}"}
{"op_code":5,"worker_id":"65621591-6ed3-46d5-85f6-3172b5f690ea-140737350539072","trial_id":21,"param_name":"out_noise","param_value_internal":0.0,"distribution":"{\"name\": \"FloatDistribution\", \"attributes\": {\"step\": null, \"low\": 0.0, \"high\": 0.0, \"log\": false}}"}
{"op_code":5,"worker_id":"65621591-6ed3-46d5-85f6-3172b5f690ea-140737350539072","trial_id":21,"param_name":"ab_weight_scaling_omega","param_value_internal":0.0,"distribution":"{\"name\": \"FloatDistribution\", \"attributes\": {\"step\": null, \"low\": 0.0, \"high\": 0.0, \"log\": false}}"}
{"op_code":5,"worker_id":"65621591-6ed3-46d5-85f6-3172b5f690ea-140737350539072","trial_id":21,"param_name":"min_lr_rate","param_value_internal":0.0,"distribution":"{\"name\": \"FloatDistribution\", \"attributes\": {\"step\": null, \"low\": 0.0, \"high\": 0.0, \"log\": false}}"}
{"op_code":7,"worker_id":"65621591-6ed3-46d5-85f6-3172b5f690ea-140737350539072","trial_id":21,"step":1,"intermediate_value":81.22270742358079}
{"op_code":8,"worker_id":"65621591-6ed3-46d5-85f6-3172b5f690ea-140737350539072","trial_id":21,"user_attr":{"train_loss_epoch_1":17850695.539673913}}
{"op_code":8,"worker_id":"65621591-6ed3-46d5-85f6-3172b5f690ea-140737350539072","trial_id":21,"user_attr":{"val_loss_epoch_1":1470013.625}}
{"op_code":7,"worker_id":"65621591-6ed3-46d5-85f6-3172b5f690ea-140737350539072","trial_id":21,"step":2,"intermediate_value":81.22270742358079}
{"op_code":8,"worker_id":"65621591-6ed3-46d5-85f6-3172b5f690ea-140737350539072","trial_id":21,"user_attr":{"train_loss_epoch_2":436092.6449707031}}
{"op_code":8,"worker_id":"65621591-6ed3-46d5-85f6-3172b5f690ea-140737350539072","trial_id":21,"user_attr":{"val_loss_epoch_2":274278.65625}}
{"op_code":7,"worker_id":"65621591-6ed3-46d5-85f6-3172b5f690ea-140737350539072","trial_id":21,"step":3,"intermediate_value":81.22270742358079}
{"op_code":8,"worker_id":"65621591-6ed3-46d5-85f6-3172b5f690ea-140737350539072","trial_id":21,"user_attr":{"train_loss_epoch_3":338781.3717391304}}
{"op_code":8,"worker_id":"65621591-6ed3-46d5-85f6-3172b5f690ea-140737350539072","trial_id":21,"user_attr":{"val_loss_epoch_3":94675.38671875}}
{"op_code":7,"worker_id":"65621591-6ed3-46d5-85f6-3172b5f690ea-140737350539072","trial_id":21,"step":4,"intermediate_value":81.22270742358079}
{"op_code":8,"worker_id":"65621591-6ed3-46d5-85f6-3172b5f690ea-140737350539072","trial_id":21,"user_attr":{"train_loss_epoch_4":323147.38498641306}}
{"op_code":8,"worker_id":"65621591-6ed3-46d5-85f6-3172b5f690ea-140737350539072","trial_id":21,"user_attr":{"val_loss_epoch_4":159480.7890625}}
{"op_code":7,"worker_id":"65621591-6ed3-46d5-85f6-3172b5f690ea-140737350539072","trial_id":21,"step":5,"intermediate_value":81.22270742358079}
{"op_code":8,"worker_id":"65621591-6ed3-46d5-85f6-3172b5f690ea-140737350539072","trial_id":21,"user_attr":{"train_loss_epoch_5":286986.63338994567}}
{"op_code":8,"worker_id":"65621591-6ed3-46d5-85f6-3172b5f690ea-140737350539072","trial_id":21,"user_attr":{"val_loss_epoch_5":153702.8203125}}
{"op_code":6,"worker_id":"65621591-6ed3-46d5-85f6-3172b5f690ea-140737350539072","trial_id":21,"state":1,"values":[81.22270742358079],"datetime_complete":"2026-02-21T21:48:15.468970"}
{"op_code":4,"worker_id":"65621591-6ed3-46d5-85f6-3172b5f690ea-140737350539072","study_id":0,"datetime_start":"2026-02-21T21:48:15.477175"}
{"op_code":5,"worker_id":"65621591-6ed3-46d5-85f6-3172b5f690ea-140737350539072","trial_id":22,"param_name":"learning_rate","param_value_internal":0.0060677053120779005,"distribution":"{\"name\": \"FloatDistribution\", \"attributes\": {\"step\": null, \"low\": 0.001, \"high\": 10.0, \"log\": true}}"}
{"op_code":5,"worker_id":"65621591-6ed3-46d5-85f6-3172b5f690ea-140737350539072","trial_id":22,"param_name":"transfer_lr","param_value_internal":0.010007714482358737,"distribution":"{\"name\": \"FloatDistribution\", \"attributes\": {\"step\": null, \"low\": 0.0001, \"high\": 100.0, \"log\": true}}"}
{"op_code":5,"worker_id":"65621591-6ed3-46d5-85f6-3172b5f690ea-140737350539072","trial_id":22,"param_name":"transfer_every","param_value_internal":32000.0,"distribution":"{\"name\": \"IntDistribution\", \"attributes\": {\"log\": true, \"step\": 1, \"low\": 64, \"high\": 32000}}"}
{"op_code":5,"worker_id":"65621591-6ed3-46d5-85f6-3172b5f690ea-140737350539072","trial_id":22,"param_name":"rank_exp","param_value_internal":2.0,"distribution":"{\"name\": \"IntDistribution\", \"attributes\": {\"log\": false, \"step\": 1, \"low\": 0, \"high\": 5}}"}
{"op_code":5,"worker_id":"65621591-6ed3-46d5-85f6-3172b5f690ea-140737350539072","trial_id":22,"param_name":"lora_alpha","param_value_internal":90.50021510445333,"distribution":"{\"name\": \"FloatDistribution\", \"attributes\": {\"step\": null, \"low\": 0.0001, \"high\": 100.0, \"log\": true}}"}
{"op_code":5,"worker_id":"65621591-6ed3-46d5-85f6-3172b5f690ea-140737350539072","trial_id":22,"param_name":"tau_sec","param_value_internal":0.0,"distribution":"{\"name\": \"FloatDistribution\", \"attributes\": {\"step\": null, \"low\": 0.0, \"high\": 0.0, \"log\": false}}"}
{"op_code":5,"worker_id":"65621591-6ed3-46d5-85f6-3172b5f690ea-140737350539072","trial_id":22,"param_name":"out_noise","param_value_internal":0.0,"distribution":"{\"name\": \"FloatDistribution\", \"attributes\": {\"step\": null, \"low\": 0.0, \"high\": 0.0, \"log\": false}}"}
{"op_code":5,"worker_id":"65621591-6ed3-46d5-85f6-3172b5f690ea-140737350539072","trial_id":22,"param_name":"ab_weight_scaling_omega","param_value_internal":0.0,"distribution":"{\"name\": \"FloatDistribution\", \"attributes\": {\"step\": null, \"low\": 0.0, \"high\": 0.0, \"log\": false}}"}
{"op_code":5,"worker_id":"65621591-6ed3-46d5-85f6-3172b5f690ea-140737350539072","trial_id":22,"param_name":"min_lr_rate","param_value_internal":0.0,"distribution":"{\"name\": \"FloatDistribution\", \"attributes\": {\"step\": null, \"low\": 0.0, \"high\": 0.0, \"log\": false}}"}
{"op_code":7,"worker_id":"65621591-6ed3-46d5-85f6-3172b5f690ea-140737350539072","trial_id":22,"step":1,"intermediate_value":81.22270742358079}
{"op_code":8,"worker_id":"65621591-6ed3-46d5-85f6-3172b5f690ea-140737350539072","trial_id":22,"user_attr":{"train_loss_epoch_1":25658637.378532607}}
{"op_code":8,"worker_id":"65621591-6ed3-46d5-85f6-3172b5f690ea-140737350539072","trial_id":22,"user_attr":{"val_loss_epoch_1":1705356.625}}
{"op_code":7,"worker_id":"65621591-6ed3-46d5-85f6-3172b5f690ea-140737350539072","trial_id":22,"step":2,"intermediate_value":81.22270742358079}
{"op_code":8,"worker_id":"65621591-6ed3-46d5-85f6-3172b5f690ea-140737350539072","trial_id":22,"user_attr":{"train_loss_epoch_2":11975321.117663043}}
{"op_code":8,"worker_id":"65621591-6ed3-46d5-85f6-3172b5f690ea-140737350539072","trial_id":22,"user_attr":{"val_loss_epoch_2":5293217.0}}
{"op_code":7,"worker_id":"65621591-6ed3-46d5-85f6-3172b5f690ea-140737350539072","trial_id":22,"step":3,"intermediate_value":81.22270742358079}
{"op_code":8,"worker_id":"65621591-6ed3-46d5-85f6-3172b5f690ea-140737350539072","trial_id":22,"user_attr":{"train_loss_epoch_3":1609631.6830884852}}
{"op_code":8,"worker_id":"65621591-6ed3-46d5-85f6-3172b5f690ea-140737350539072","trial_id":22,"user_attr":{"val_loss_epoch_3":37210.240234375}}
{"op_code":7,"worker_id":"65621591-6ed3-46d5-85f6-3172b5f690ea-140737350539072","trial_id":22,"step":4,"intermediate_value":81.22270742358079}
{"op_code":8,"worker_id":"65621591-6ed3-46d5-85f6-3172b5f690ea-140737350539072","trial_id":22,"user_attr":{"train_loss_epoch_4":99015.18870584239}}
{"op_code":8,"worker_id":"65621591-6ed3-46d5-85f6-3172b5f690ea-140737350539072","trial_id":22,"user_attr":{"val_loss_epoch_4":43632.884765625}}
{"op_code":7,"worker_id":"65621591-6ed3-46d5-85f6-3172b5f690ea-140737350539072","trial_id":22,"step":5,"intermediate_value":81.22270742358079}
{"op_code":8,"worker_id":"65621591-6ed3-46d5-85f6-3172b5f690ea-140737350539072","trial_id":22,"user_attr":{"train_loss_epoch_5":90889.01450407608}}
{"op_code":8,"worker_id":"65621591-6ed3-46d5-85f6-3172b5f690ea-140737350539072","trial_id":22,"user_attr":{"val_loss_epoch_5":30795.443359375}}
{"op_code":7,"worker_id":"65621591-6ed3-46d5-85f6-3172b5f690ea-140737350539072","trial_id":22,"step":6,"intermediate_value":81.22270742358079}
{"op_code":8,"worker_id":"65621591-6ed3-46d5-85f6-3172b5f690ea-140737350539072","trial_id":22,"user_attr":{"train_loss_epoch_6":82110.0320482337}}
{"op_code":8,"worker_id":"65621591-6ed3-46d5-85f6-3172b5f690ea-140737350539072","trial_id":22,"user_attr":{"val_loss_epoch_6":70668.4921875}}
{"op_code":7,"worker_id":"65621591-6ed3-46d5-85f6-3172b5f690ea-140737350539072","trial_id":22,"step":7,"intermediate_value":81.22270742358079}
{"op_code":8,"worker_id":"65621591-6ed3-46d5-85f6-3172b5f690ea-140737350539072","trial_id":22,"user_attr":{"train_loss_epoch_7":71247.24073539402}}
{"op_code":8,"worker_id":"65621591-6ed3-46d5-85f6-3172b5f690ea-140737350539072","trial_id":22,"user_attr":{"val_loss_epoch_7":13741.2890625}}
{"op_code":7,"worker_id":"65621591-6ed3-46d5-85f6-3172b5f690ea-140737350539072","trial_id":22,"step":8,"intermediate_value":81.22270742358079}
{"op_code":8,"worker_id":"65621591-6ed3-46d5-85f6-3172b5f690ea-140737350539072","trial_id":22,"user_attr":{"train_loss_epoch_8":64130.05698879076}}
{"op_code":8,"worker_id":"65621591-6ed3-46d5-85f6-3172b5f690ea-140737350539072","trial_id":22,"user_attr":{"val_loss_epoch_8":2454.7293701171875}}
{"op_code":7,"worker_id":"65621591-6ed3-46d5-85f6-3172b5f690ea-140737350539072","trial_id":22,"step":9,"intermediate_value":81.22270742358079}
{"op_code":8,"worker_id":"65621591-6ed3-46d5-85f6-3172b5f690ea-140737350539072","trial_id":22,"user_attr":{"train_loss_epoch_9":43610.54369281271}}
{"op_code":8,"worker_id":"65621591-6ed3-46d5-85f6-3172b5f690ea-140737350539072","trial_id":22,"user_attr":{"val_loss_epoch_9":254.2452392578125}}
{"op_code":7,"worker_id":"65621591-6ed3-46d5-85f6-3172b5f690ea-140737350539072","trial_id":22,"step":10,"intermediate_value":81.22270742358079}
{"op_code":8,"worker_id":"65621591-6ed3-46d5-85f6-3172b5f690ea-140737350539072","trial_id":22,"user_attr":{"train_loss_epoch_10":39796.70348019807}}
{"op_code":8,"worker_id":"65621591-6ed3-46d5-85f6-3172b5f690ea-140737350539072","trial_id":22,"user_attr":{"val_loss_epoch_10":25718.875}}
{"op_code":7,"worker_id":"65621591-6ed3-46d5-85f6-3172b5f690ea-140737350539072","trial_id":22,"step":11,"intermediate_value":81.22270742358079}
{"op_code":8,"worker_id":"65621591-6ed3-46d5-85f6-3172b5f690ea-140737350539072","trial_id":22,"user_attr":{"train_loss_epoch_11":34152.9919533771}}
{"op_code":8,"worker_id":"65621591-6ed3-46d5-85f6-3172b5f690ea-140737350539072","trial_id":22,"user_attr":{"val_loss_epoch_11":606.8523559570312}}
{"op_code":6,"worker_id":"65621591-6ed3-46d5-85f6-3172b5f690ea-140737350539072","trial_id":22,"state":1,"values":[81.22270742358079],"datetime_complete":"2026-02-21T21:54:23.060104"}
{"op_code":4,"worker_id":"65621591-6ed3-46d5-85f6-3172b5f690ea-140737350539072","study_id":0,"datetime_start":"2026-02-21T21:54:23.069442"}
{"op_code":5,"worker_id":"65621591-6ed3-46d5-85f6-3172b5f690ea-140737350539072","trial_id":23,"param_name":"learning_rate","param_value_internal":0.004599889295446703,"distribution":"{\"name\": \"FloatDistribution\", \"attributes\": {\"step\": null, \"low\": 0.001, \"high\": 10.0, \"log\": true}}"}
{"op_code":5,"worker_id":"65621591-6ed3-46d5-85f6-3172b5f690ea-140737350539072","trial_id":23,"param_name":"transfer_lr","param_value_internal":95.50058636738237,"distribution":"{\"name\": \"FloatDistribution\", \"attributes\": {\"step\": null, \"low\": 0.0001, \"high\": 100.0, \"log\": true}}"}
{"op_code":5,"worker_id":"65621591-6ed3-46d5-85f6-3172b5f690ea-140737350539072","trial_id":23,"param_name":"transfer_every","param_value_internal":32000.0,"distribution":"{\"name\": \"IntDistribution\", \"attributes\": {\"log\": true, \"step\": 1, \"low\": 64, \"high\": 32000}}"}
{"op_code":5,"worker_id":"65621591-6ed3-46d5-85f6-3172b5f690ea-140737350539072","trial_id":23,"param_name":"rank_exp","param_value_internal":5.0,"distribution":"{\"name\": \"IntDistribution\", \"attributes\": {\"log\": false, \"step\": 1, \"low\": 0, \"high\": 5}}"}
{"op_code":5,"worker_id":"65621591-6ed3-46d5-85f6-3172b5f690ea-140737350539072","trial_id":23,"param_name":"lora_alpha","param_value_internal":0.0001,"distribution":"{\"name\": \"FloatDistribution\", \"attributes\": {\"step\": null, \"low\": 0.0001, \"high\": 100.0, \"log\": true}}"}
{"op_code":5,"worker_id":"65621591-6ed3-46d5-85f6-3172b5f690ea-140737350539072","trial_id":23,"param_name":"tau_sec","param_value_internal":0.0,"distribution":"{\"name\": \"FloatDistribution\", \"attributes\": {\"step\": null, \"low\": 0.0, \"high\": 0.0, \"log\": false}}"}
{"op_code":5,"worker_id":"65621591-6ed3-46d5-85f6-3172b5f690ea-140737350539072","trial_id":23,"param_name":"out_noise","param_value_internal":0.0,"distribution":"{\"name\": \"FloatDistribution\", \"attributes\": {\"step\": null, \"low\": 0.0, \"high\": 0.0, \"log\": false}}"}
{"op_code":5,"worker_id":"65621591-6ed3-46d5-85f6-3172b5f690ea-140737350539072","trial_id":23,"param_name":"ab_weight_scaling_omega","param_value_internal":0.0,"distribution":"{\"name\": \"FloatDistribution\", \"attributes\": {\"step\": null, \"low\": 0.0, \"high\": 0.0, \"log\": false}}"}
{"op_code":5,"worker_id":"65621591-6ed3-46d5-85f6-3172b5f690ea-140737350539072","trial_id":23,"param_name":"min_lr_rate","param_value_internal":0.0,"distribution":"{\"name\": \"FloatDistribution\", \"attributes\": {\"step\": null, \"low\": 0.0, \"high\": 0.0, \"log\": false}}"}
{"op_code":7,"worker_id":"65621591-6ed3-46d5-85f6-3172b5f690ea-140737350539072","trial_id":23,"step":1,"intermediate_value":81.22270742358079}
{"op_code":8,"worker_id":"65621591-6ed3-46d5-85f6-3172b5f690ea-140737350539072","trial_id":23,"user_attr":{"train_loss_epoch_1":25497100.30326087}}
{"op_code":8,"worker_id":"65621591-6ed3-46d5-85f6-3172b5f690ea-140737350539072","trial_id":23,"user_attr":{"val_loss_epoch_1":19740620.0}}
{"op_code":7,"worker_id":"65621591-6ed3-46d5-85f6-3172b5f690ea-140737350539072","trial_id":23,"step":2,"intermediate_value":81.22270742358079}
{"op_code":8,"worker_id":"65621591-6ed3-46d5-85f6-3172b5f690ea-140737350539072","trial_id":23,"user_attr":{"train_loss_epoch_2":16080836.650951087}}
{"op_code":8,"worker_id":"65621591-6ed3-46d5-85f6-3172b5f690ea-140737350539072","trial_id":23,"user_attr":{"val_loss_epoch_2":12579748.5}}
{"op_code":7,"worker_id":"65621591-6ed3-46d5-85f6-3172b5f690ea-140737350539072","trial_id":23,"step":3,"intermediate_value":81.22270742358079}
{"op_code":8,"worker_id":"65621591-6ed3-46d5-85f6-3172b5f690ea-140737350539072","trial_id":23,"user_attr":{"train_loss_epoch_3":7035554.135461956}}
{"op_code":8,"worker_id":"65621591-6ed3-46d5-85f6-3172b5f690ea-140737350539072","trial_id":23,"user_attr":{"val_loss_epoch_3":682690.6875}}
{"op_code":7,"worker_id":"65621591-6ed3-46d5-85f6-3172b5f690ea-140737350539072","trial_id":23,"step":4,"intermediate_value":81.22270742358079}
{"op_code":8,"worker_id":"65621591-6ed3-46d5-85f6-3172b5f690ea-140737350539072","trial_id":23,"user_attr":{"train_loss_epoch_4":570610.566075068}}
{"op_code":8,"worker_id":"65621591-6ed3-46d5-85f6-3172b5f690ea-140737350539072","trial_id":23,"user_attr":{"val_loss_epoch_4":31686.193359375}}
{"op_code":7,"worker_id":"65621591-6ed3-46d5-85f6-3172b5f690ea-140737350539072","trial_id":23,"step":5,"intermediate_value":81.22270742358079}
{"op_code":8,"worker_id":"65621591-6ed3-46d5-85f6-3172b5f690ea-140737350539072","trial_id":23,"user_attr":{"train_loss_epoch_5":70034.4023607337}}
{"op_code":8,"worker_id":"65621591-6ed3-46d5-85f6-3172b5f690ea-140737350539072","trial_id":23,"user_attr":{"val_loss_epoch_5":22285.40234375}}
{"op_code":7,"worker_id":"65621591-6ed3-46d5-85f6-3172b5f690ea-140737350539072","trial_id":23,"step":6,"intermediate_value":81.22270742358079}
{"op_code":8,"worker_id":"65621591-6ed3-46d5-85f6-3172b5f690ea-140737350539072","trial_id":23,"user_attr":{"train_loss_epoch_6":62999.879033627716}}
{"op_code":8,"worker_id":"65621591-6ed3-46d5-85f6-3172b5f690ea-140737350539072","trial_id":23,"user_attr":{"val_loss_epoch_6":17229.541015625}}
{"op_code":7,"worker_id":"65621591-6ed3-46d5-85f6-3172b5f690ea-140737350539072","trial_id":23,"step":7,"intermediate_value":81.22270742358079}
{"op_code":8,"worker_id":"65621591-6ed3-46d5-85f6-3172b5f690ea-140737350539072","trial_id":23,"user_attr":{"train_loss_epoch_7":53719.55073029891}}
{"op_code":8,"worker_id":"65621591-6ed3-46d5-85f6-3172b5f690ea-140737350539072","trial_id":23,"user_attr":{"val_loss_epoch_7":3368.043701171875}}
{"op_code":7,"worker_id":"65621591-6ed3-46d5-85f6-3172b5f690ea-140737350539072","trial_id":23,"step":8,"intermediate_value":81.22270742358079}
{"op_code":8,"worker_id":"65621591-6ed3-46d5-85f6-3172b5f690ea-140737350539072","trial_id":23,"user_attr":{"train_loss_epoch_8":45300.3412279212}}
{"op_code":8,"worker_id":"65621591-6ed3-46d5-85f6-3172b5f690ea-140737350539072","trial_id":23,"user_attr":{"val_loss_epoch_8":18417.626953125}}
{"op_code":7,"worker_id":"65621591-6ed3-46d5-85f6-3172b5f690ea-140737350539072","trial_id":23,"step":9,"intermediate_value":81.22270742358079}
{"op_code":8,"worker_id":"65621591-6ed3-46d5-85f6-3172b5f690ea-140737350539072","trial_id":23,"user_attr":{"train_loss_epoch_9":40299.899770720105}}
{"op_code":8,"worker_id":"65621591-6ed3-46d5-85f6-3172b5f690ea-140737350539072","trial_id":23,"user_attr":{"val_loss_epoch_9":3788.7418212890625}}
{"op_code":6,"worker_id":"65621591-6ed3-46d5-85f6-3172b5f690ea-140737350539072","trial_id":23,"state":1,"values":[81.22270742358079],"datetime_complete":"2026-02-21T21:59:24.939828"}
{"op_code":4,"worker_id":"65621591-6ed3-46d5-85f6-3172b5f690ea-140737350539072","study_id":0,"datetime_start":"2026-02-21T21:59:24.948360"}
{"op_code":5,"worker_id":"65621591-6ed3-46d5-85f6-3172b5f690ea-140737350539072","trial_id":24,"param_name":"learning_rate","param_value_internal":0.019576553378686044,"distribution":"{\"name\": \"FloatDistribution\", \"attributes\": {\"step\": null, \"low\": 0.001, \"high\": 10.0, \"log\": true}}"}
{"op_code":5,"worker_id":"65621591-6ed3-46d5-85f6-3172b5f690ea-140737350539072","trial_id":24,"param_name":"transfer_lr","param_value_internal":3.3621039662867798,"distribution":"{\"name\": \"FloatDistribution\", \"attributes\": {\"step\": null, \"low\": 0.0001, \"high\": 100.0, \"log\": true}}"}
{"op_code":5,"worker_id":"65621591-6ed3-46d5-85f6-3172b5f690ea-140737350539072","trial_id":24,"param_name":"transfer_every","param_value_internal":32000.0,"distribution":"{\"name\": \"IntDistribution\", \"attributes\": {\"log\": true, \"step\": 1, \"low\": 64, \"high\": 32000}}"}
{"op_code":5,"worker_id":"65621591-6ed3-46d5-85f6-3172b5f690ea-140737350539072","trial_id":24,"param_name":"rank_exp","param_value_internal":0.0,"distribution":"{\"name\": \"IntDistribution\", \"attributes\": {\"log\": false, \"step\": 1, \"low\": 0, \"high\": 5}}"}
{"op_code":5,"worker_id":"65621591-6ed3-46d5-85f6-3172b5f690ea-140737350539072","trial_id":24,"param_name":"lora_alpha","param_value_internal":90.50021510445333,"distribution":"{\"name\": \"FloatDistribution\", \"attributes\": {\"step\": null, \"low\": 0.0001, \"high\": 100.0, \"log\": true}}"}
{"op_code":5,"worker_id":"65621591-6ed3-46d5-85f6-3172b5f690ea-140737350539072","trial_id":24,"param_name":"tau_sec","param_value_internal":0.0,"distribution":"{\"name\": \"FloatDistribution\", \"attributes\": {\"step\": null, \"low\": 0.0, \"high\": 0.0, \"log\": false}}"}
{"op_code":5,"worker_id":"65621591-6ed3-46d5-85f6-3172b5f690ea-140737350539072","trial_id":24,"param_name":"out_noise","param_value_internal":0.0,"distribution":"{\"name\": \"FloatDistribution\", \"attributes\": {\"step\": null, \"low\": 0.0, \"high\": 0.0, \"log\": false}}"}
{"op_code":5,"worker_id":"65621591-6ed3-46d5-85f6-3172b5f690ea-140737350539072","trial_id":24,"param_name":"ab_weight_scaling_omega","param_value_internal":0.0,"distribution":"{\"name\": \"FloatDistribution\", \"attributes\": {\"step\": null, \"low\": 0.0, \"high\": 0.0, \"log\": false}}"}
{"op_code":5,"worker_id":"65621591-6ed3-46d5-85f6-3172b5f690ea-140737350539072","trial_id":24,"param_name":"min_lr_rate","param_value_internal":0.0,"distribution":"{\"name\": \"FloatDistribution\", \"attributes\": {\"step\": null, \"low\": 0.0, \"high\": 0.0, \"log\": false}}"}
{"op_code":7,"worker_id":"65621591-6ed3-46d5-85f6-3172b5f690ea-140737350539072","trial_id":24,"step":1,"intermediate_value":0.0}
{"op_code":8,"worker_id":"65621591-6ed3-46d5-85f6-3172b5f690ea-140737350539072","trial_id":24,"user_attr":{"train_loss_epoch_1":18136554.199524455}}
{"op_code":8,"worker_id":"65621591-6ed3-46d5-85f6-3172b5f690ea-140737350539072","trial_id":24,"user_attr":{"val_loss_epoch_1":346616.015625}}
{"op_code":7,"worker_id":"65621591-6ed3-46d5-85f6-3172b5f690ea-140737350539072","trial_id":24,"step":2,"intermediate_value":0.0}
{"op_code":8,"worker_id":"65621591-6ed3-46d5-85f6-3172b5f690ea-140737350539072","trial_id":24,"user_attr":{"train_loss_epoch_2":394695.20005944296}}
{"op_code":8,"worker_id":"65621591-6ed3-46d5-85f6-3172b5f690ea-140737350539072","trial_id":24,"user_attr":{"val_loss_epoch_2":68553.5546875}}
{"op_code":7,"worker_id":"65621591-6ed3-46d5-85f6-3172b5f690ea-140737350539072","trial_id":24,"step":3,"intermediate_value":0.0}
{"op_code":8,"worker_id":"65621591-6ed3-46d5-85f6-3172b5f690ea-140737350539072","trial_id":24,"user_attr":{"train_loss_epoch_3":346497.15171535325}}
{"op_code":8,"worker_id":"65621591-6ed3-46d5-85f6-3172b5f690ea-140737350539072","trial_id":24,"user_attr":{"val_loss_epoch_3":131155.25390625}}
{"op_code":7,"worker_id":"65621591-6ed3-46d5-85f6-3172b5f690ea-140737350539072","trial_id":24,"step":4,"intermediate_value":0.0}
{"op_code":8,"worker_id":"65621591-6ed3-46d5-85f6-3172b5f690ea-140737350539072","trial_id":24,"user_attr":{"train_loss_epoch_4":333985.8306046196}}
{"op_code":8,"worker_id":"65621591-6ed3-46d5-85f6-3172b5f690ea-140737350539072","trial_id":24,"user_attr":{"val_loss_epoch_4":99968.5078125}}
{"op_code":6,"worker_id":"65621591-6ed3-46d5-85f6-3172b5f690ea-140737350539072","trial_id":24,"state":1,"values":[0.0],"datetime_complete":"2026-02-21T22:01:12.580718"}
{"op_code":4,"worker_id":"65621591-6ed3-46d5-85f6-3172b5f690ea-140737350539072","study_id":0,"datetime_start":"2026-02-21T22:01:12.598754"}
{"op_code":5,"worker_id":"65621591-6ed3-46d5-85f6-3172b5f690ea-140737350539072","trial_id":25,"param_name":"learning_rate","param_value_internal":0.0014614156491773258,"distribution":"{\"name\": \"FloatDistribution\", \"attributes\": {\"step\": null, \"low\": 0.001, \"high\": 10.0, \"log\": true}}"}
{"op_code":5,"worker_id":"65621591-6ed3-46d5-85f6-3172b5f690ea-140737350539072","trial_id":25,"param_name":"transfer_lr","param_value_internal":1.0160132242326247,"distribution":"{\"name\": \"FloatDistribution\", \"attributes\": {\"step\": null, \"low\": 0.0001, \"high\": 100.0, \"log\": true}}"}
{"op_code":5,"worker_id":"65621591-6ed3-46d5-85f6-3172b5f690ea-140737350539072","trial_id":25,"param_name":"transfer_every","param_value_internal":4253.0,"distribution":"{\"name\": \"IntDistribution\", \"attributes\": {\"log\": true, \"step\": 1, \"low\": 64, \"high\": 32000}}"}
{"op_code":5,"worker_id":"65621591-6ed3-46d5-85f6-3172b5f690ea-140737350539072","trial_id":25,"param_name":"rank_exp","param_value_internal":2.0,"distribution":"{\"name\": \"IntDistribution\", \"attributes\": {\"log\": false, \"step\": 1, \"low\": 0, \"high\": 5}}"}
{"op_code":5,"worker_id":"65621591-6ed3-46d5-85f6-3172b5f690ea-140737350539072","trial_id":25,"param_name":"lora_alpha","param_value_internal":0.020440664252338685,"distribution":"{\"name\": \"FloatDistribution\", \"attributes\": {\"step\": null, \"low\": 0.0001, \"high\": 100.0, \"log\": true}}"}
{"op_code":5,"worker_id":"65621591-6ed3-46d5-85f6-3172b5f690ea-140737350539072","trial_id":25,"param_name":"tau_sec","param_value_internal":0.0,"distribution":"{\"name\": \"FloatDistribution\", \"attributes\": {\"step\": null, \"low\": 0.0, \"high\": 0.0, \"log\": false}}"}
{"op_code":5,"worker_id":"65621591-6ed3-46d5-85f6-3172b5f690ea-140737350539072","trial_id":25,"param_name":"out_noise","param_value_internal":0.0,"distribution":"{\"name\": \"FloatDistribution\", \"attributes\": {\"step\": null, \"low\": 0.0, \"high\": 0.0, \"log\": false}}"}
{"op_code":5,"worker_id":"65621591-6ed3-46d5-85f6-3172b5f690ea-140737350539072","trial_id":25,"param_name":"ab_weight_scaling_omega","param_value_internal":0.0,"distribution":"{\"name\": \"FloatDistribution\", \"attributes\": {\"step\": null, \"low\": 0.0, \"high\": 0.0, \"log\": false}}"}
{"op_code":5,"worker_id":"65621591-6ed3-46d5-85f6-3172b5f690ea-140737350539072","trial_id":25,"param_name":"min_lr_rate","param_value_internal":0.0,"distribution":"{\"name\": \"FloatDistribution\", \"attributes\": {\"step\": null, \"low\": 0.0, \"high\": 0.0, \"log\": false}}"}
{"op_code":7,"worker_id":"65621591-6ed3-46d5-85f6-3172b5f690ea-140737350539072","trial_id":25,"step":1,"intermediate_value":81.22270742358079}
{"op_code":8,"worker_id":"65621591-6ed3-46d5-85f6-3172b5f690ea-140737350539072","trial_id":25,"user_attr":{"train_loss_epoch_1":27546610.423369564}}
{"op_code":8,"worker_id":"65621591-6ed3-46d5-85f6-3172b5f690ea-140737350539072","trial_id":25,"user_attr":{"val_loss_epoch_1":17559504.5}}
{"op_code":7,"worker_id":"65621591-6ed3-46d5-85f6-3172b5f690ea-140737350539072","trial_id":25,"step":2,"intermediate_value":81.22270742358079}
{"op_code":8,"worker_id":"65621591-6ed3-46d5-85f6-3172b5f690ea-140737350539072","trial_id":25,"user_attr":{"train_loss_epoch_2":25301723.963043477}}
{"op_code":8,"worker_id":"65621591-6ed3-46d5-85f6-3172b5f690ea-140737350539072","trial_id":25,"user_attr":{"val_loss_epoch_2":14230780.5}}
{"op_code":7,"worker_id":"65621591-6ed3-46d5-85f6-3172b5f690ea-140737350539072","trial_id":25,"step":3,"intermediate_value":81.22270742358079}
{"op_code":8,"worker_id":"65621591-6ed3-46d5-85f6-3172b5f690ea-140737350539072","trial_id":25,"user_attr":{"train_loss_epoch_3":20402671.367807403}}
{"op_code":8,"worker_id":"65621591-6ed3-46d5-85f6-3172b5f690ea-140737350539072","trial_id":25,"user_attr":{"val_loss_epoch_3":9937943.0}}
{"op_code":7,"worker_id":"65621591-6ed3-46d5-85f6-3172b5f690ea-140737350539072","trial_id":25,"step":4,"intermediate_value":81.22270742358079}
{"op_code":8,"worker_id":"65621591-6ed3-46d5-85f6-3172b5f690ea-140737350539072","trial_id":25,"user_attr":{"train_loss_epoch_4":18674219.045516305}}
{"op_code":8,"worker_id":"65621591-6ed3-46d5-85f6-3172b5f690ea-140737350539072","trial_id":25,"user_attr":{"val_loss_epoch_4":1869401.0625}}
{"op_code":7,"worker_id":"65621591-6ed3-46d5-85f6-3172b5f690ea-140737350539072","trial_id":25,"step":5,"intermediate_value":81.22270742358079}
{"op_code":8,"worker_id":"65621591-6ed3-46d5-85f6-3172b5f690ea-140737350539072","trial_id":25,"user_attr":{"train_loss_epoch_5":17294910.14932065}}
{"op_code":8,"worker_id":"65621591-6ed3-46d5-85f6-3172b5f690ea-140737350539072","trial_id":25,"user_attr":{"val_loss_epoch_5":11567500.5}}
{"op_code":7,"worker_id":"65621591-6ed3-46d5-85f6-3172b5f690ea-140737350539072","trial_id":25,"step":6,"intermediate_value":81.22270742358079}
{"op_code":8,"worker_id":"65621591-6ed3-46d5-85f6-3172b5f690ea-140737350539072","trial_id":25,"user_attr":{"train_loss_epoch_6":13280818.387771739}}
{"op_code":8,"worker_id":"65621591-6ed3-46d5-85f6-3172b5f690ea-140737350539072","trial_id":25,"user_attr":{"val_loss_epoch_6":4414240.25}}
{"op_code":6,"worker_id":"65621591-6ed3-46d5-85f6-3172b5f690ea-140737350539072","trial_id":25,"state":1,"values":[81.22270742358079],"datetime_complete":"2026-02-21T22:05:29.071015"}
{"op_code":4,"worker_id":"65621591-6ed3-46d5-85f6-3172b5f690ea-140737350539072","study_id":0,"datetime_start":"2026-02-21T22:05:29.119656"}
{"op_code":5,"worker_id":"65621591-6ed3-46d5-85f6-3172b5f690ea-140737350539072","trial_id":26,"param_name":"learning_rate","param_value_internal":0.0160293650365612,"distribution":"{\"name\": \"FloatDistribution\", \"attributes\": {\"step\": null, \"low\": 0.001, \"high\": 10.0, \"log\": true}}"}
{"op_code":5,"worker_id":"65621591-6ed3-46d5-85f6-3172b5f690ea-140737350539072","trial_id":26,"param_name":"transfer_lr","param_value_internal":0.0016420016031706904,"distribution":"{\"name\": \"FloatDistribution\", \"attributes\": {\"step\": null, \"low\": 0.0001, \"high\": 100.0, \"log\": true}}"}
{"op_code":5,"worker_id":"65621591-6ed3-46d5-85f6-3172b5f690ea-140737350539072","trial_id":26,"param_name":"transfer_every","param_value_internal":29527.0,"distribution":"{\"name\": \"IntDistribution\", \"attributes\": {\"log\": true, \"step\": 1, \"low\": 64, \"high\": 32000}}"}
{"op_code":5,"worker_id":"65621591-6ed3-46d5-85f6-3172b5f690ea-140737350539072","trial_id":26,"param_name":"rank_exp","param_value_internal":0.0,"distribution":"{\"name\": \"IntDistribution\", \"attributes\": {\"log\": false, \"step\": 1, \"low\": 0, \"high\": 5}}"}
{"op_code":5,"worker_id":"65621591-6ed3-46d5-85f6-3172b5f690ea-140737350539072","trial_id":26,"param_name":"lora_alpha","param_value_internal":3.092097043105448,"distribution":"{\"name\": \"FloatDistribution\", \"attributes\": {\"step\": null, \"low\": 0.0001, \"high\": 100.0, \"log\": true}}"}
{"op_code":5,"worker_id":"65621591-6ed3-46d5-85f6-3172b5f690ea-140737350539072","trial_id":26,"param_name":"tau_sec","param_value_internal":0.0,"distribution":"{\"name\": \"FloatDistribution\", \"attributes\": {\"step\": null, \"low\": 0.0, \"high\": 0.0, \"log\": false}}"}
{"op_code":5,"worker_id":"65621591-6ed3-46d5-85f6-3172b5f690ea-140737350539072","trial_id":26,"param_name":"out_noise","param_value_internal":0.0,"distribution":"{\"name\": \"FloatDistribution\", \"attributes\": {\"step\": null, \"low\": 0.0, \"high\": 0.0, \"log\": false}}"}
{"op_code":5,"worker_id":"65621591-6ed3-46d5-85f6-3172b5f690ea-140737350539072","trial_id":26,"param_name":"ab_weight_scaling_omega","param_value_internal":0.0,"distribution":"{\"name\": \"FloatDistribution\", \"attributes\": {\"step\": null, \"low\": 0.0, \"high\": 0.0, \"log\": false}}"}
{"op_code":5,"worker_id":"65621591-6ed3-46d5-85f6-3172b5f690ea-140737350539072","trial_id":26,"param_name":"min_lr_rate","param_value_internal":0.0,"distribution":"{\"name\": \"FloatDistribution\", \"attributes\": {\"step\": null, \"low\": 0.0, \"high\": 0.0, \"log\": false}}"}
{"op_code":7,"worker_id":"65621591-6ed3-46d5-85f6-3172b5f690ea-140737350539072","trial_id":26,"step":1,"intermediate_value":81.22270742358079}
{"op_code":8,"worker_id":"65621591-6ed3-46d5-85f6-3172b5f690ea-140737350539072","trial_id":26,"user_attr":{"train_loss_epoch_1":19449125.74021739}}
{"op_code":8,"worker_id":"65621591-6ed3-46d5-85f6-3172b5f690ea-140737350539072","trial_id":26,"user_attr":{"val_loss_epoch_1":3643875.625}}
{"op_code":7,"worker_id":"65621591-6ed3-46d5-85f6-3172b5f690ea-140737350539072","trial_id":26,"step":2,"intermediate_value":81.22270742358079}
{"op_code":8,"worker_id":"65621591-6ed3-46d5-85f6-3172b5f690ea-140737350539072","trial_id":26,"user_attr":{"train_loss_epoch_2":553809.6548743206}}
{"op_code":8,"worker_id":"65621591-6ed3-46d5-85f6-3172b5f690ea-140737350539072","trial_id":26,"user_attr":{"val_loss_epoch_2":363890.046875}}
{"op_code":7,"worker_id":"65621591-6ed3-46d5-85f6-3172b5f690ea-140737350539072","trial_id":26,"step":3,"intermediate_value":81.22270742358079}
{"op_code":8,"worker_id":"65621591-6ed3-46d5-85f6-3172b5f690ea-140737350539072","trial_id":26,"user_attr":{"train_loss_epoch_3":298885.0160326087}}
{"op_code":8,"worker_id":"65621591-6ed3-46d5-85f6-3172b5f690ea-140737350539072","trial_id":26,"user_attr":{"val_loss_epoch_3":33465.896484375}}
{"op_code":7,"worker_id":"65621591-6ed3-46d5-85f6-3172b5f690ea-140737350539072","trial_id":26,"step":4,"intermediate_value":81.22270742358079}
{"op_code":8,"worker_id":"65621591-6ed3-46d5-85f6-3172b5f690ea-140737350539072","trial_id":26,"user_attr":{"train_loss_epoch_4":276669.4379755435}}
{"op_code":8,"worker_id":"65621591-6ed3-46d5-85f6-3172b5f690ea-140737350539072","trial_id":26,"user_attr":{"val_loss_epoch_4":175802.96875}}
{"op_code":7,"worker_id":"65621591-6ed3-46d5-85f6-3172b5f690ea-140737350539072","trial_id":26,"step":5,"intermediate_value":81.22270742358079}
{"op_code":8,"worker_id":"65621591-6ed3-46d5-85f6-3172b5f690ea-140737350539072","trial_id":26,"user_attr":{"train_loss_epoch_5":241945.53926630435}}
{"op_code":8,"worker_id":"65621591-6ed3-46d5-85f6-3172b5f690ea-140737350539072","trial_id":26,"user_attr":{"val_loss_epoch_5":53755.677734375}}
{"op_code":6,"worker_id":"65621591-6ed3-46d5-85f6-3172b5f690ea-140737350539072","trial_id":26,"state":1,"values":[81.22270742358079],"datetime_complete":"2026-02-21T22:09:39.265157"}
{"op_code":4,"worker_id":"65621591-6ed3-46d5-85f6-3172b5f690ea-140737350539072","study_id":0,"datetime_start":"2026-02-21T22:09:39.271769"}
{"op_code":5,"worker_id":"65621591-6ed3-46d5-85f6-3172b5f690ea-140737350539072","trial_id":27,"param_name":"learning_rate","param_value_internal":0.004859101963622085,"distribution":"{\"name\": \"FloatDistribution\", \"attributes\": {\"step\": null, \"low\": 0.001, \"high\": 10.0, \"log\": true}}"}
{"op_code":5,"worker_id":"65621591-6ed3-46d5-85f6-3172b5f690ea-140737350539072","trial_id":27,"param_name":"transfer_lr","param_value_internal":6.249796960804443,"distribution":"{\"name\": \"FloatDistribution\", \"attributes\": {\"step\": null, \"low\": 0.0001, \"high\": 100.0, \"log\": true}}"}
{"op_code":5,"worker_id":"65621591-6ed3-46d5-85f6-3172b5f690ea-140737350539072","trial_id":27,"param_name":"transfer_every","param_value_internal":96.0,"distribution":"{\"name\": \"IntDistribution\", \"attributes\": {\"log\": true, \"step\": 1, \"low\": 64, \"high\": 32000}}"}
{"op_code":5,"worker_id":"65621591-6ed3-46d5-85f6-3172b5f690ea-140737350539072","trial_id":27,"param_name":"rank_exp","param_value_internal":4.0,"distribution":"{\"name\": \"IntDistribution\", \"attributes\": {\"log\": false, \"step\": 1, \"low\": 0, \"high\": 5}}"}
{"op_code":5,"worker_id":"65621591-6ed3-46d5-85f6-3172b5f690ea-140737350539072","trial_id":27,"param_name":"lora_alpha","param_value_internal":0.0001,"distribution":"{\"name\": \"FloatDistribution\", \"attributes\": {\"step\": null, \"low\": 0.0001, \"high\": 100.0, \"log\": true}}"}
{"op_code":5,"worker_id":"65621591-6ed3-46d5-85f6-3172b5f690ea-140737350539072","trial_id":27,"param_name":"tau_sec","param_value_internal":0.0,"distribution":"{\"name\": \"FloatDistribution\", \"attributes\": {\"step\": null, \"low\": 0.0, \"high\": 0.0, \"log\": false}}"}
{"op_code":5,"worker_id":"65621591-6ed3-46d5-85f6-3172b5f690ea-140737350539072","trial_id":27,"param_name":"out_noise","param_value_internal":0.0,"distribution":"{\"name\": \"FloatDistribution\", \"attributes\": {\"step\": null, \"low\": 0.0, \"high\": 0.0, \"log\": false}}"}
{"op_code":5,"worker_id":"65621591-6ed3-46d5-85f6-3172b5f690ea-140737350539072","trial_id":27,"param_name":"ab_weight_scaling_omega","param_value_internal":0.0,"distribution":"{\"name\": \"FloatDistribution\", \"attributes\": {\"step\": null, \"low\": 0.0, \"high\": 0.0, \"log\": false}}"}
{"op_code":5,"worker_id":"65621591-6ed3-46d5-85f6-3172b5f690ea-140737350539072","trial_id":27,"param_name":"min_lr_rate","param_value_internal":0.0,"distribution":"{\"name\": \"FloatDistribution\", \"attributes\": {\"step\": null, \"low\": 0.0, \"high\": 0.0, \"log\": false}}"}
{"op_code":7,"worker_id":"65621591-6ed3-46d5-85f6-3172b5f690ea-140737350539072","trial_id":27,"step":1,"intermediate_value":81.22270742358079}
{"op_code":8,"worker_id":"65621591-6ed3-46d5-85f6-3172b5f690ea-140737350539072","trial_id":27,"user_attr":{"train_loss_epoch_1":27430034.989605978}}
{"op_code":8,"worker_id":"65621591-6ed3-46d5-85f6-3172b5f690ea-140737350539072","trial_id":27,"user_attr":{"val_loss_epoch_1":19764382.0}}
{"op_code":7,"worker_id":"65621591-6ed3-46d5-85f6-3172b5f690ea-140737350539072","trial_id":27,"step":2,"intermediate_value":81.22270742358079}
{"op_code":8,"worker_id":"65621591-6ed3-46d5-85f6-3172b5f690ea-140737350539072","trial_id":27,"user_attr":{"train_loss_epoch_2":16012585.05142663}}
{"op_code":8,"worker_id":"65621591-6ed3-46d5-85f6-3172b5f690ea-140737350539072","trial_id":27,"user_attr":{"val_loss_epoch_2":14323538.5}}
{"op_code":7,"worker_id":"65621591-6ed3-46d5-85f6-3172b5f690ea-140737350539072","trial_id":27,"step":3,"intermediate_value":81.22270742358079}
{"op_code":8,"worker_id":"65621591-6ed3-46d5-85f6-3172b5f690ea-140737350539072","trial_id":27,"user_attr":{"train_loss_epoch_3":5741687.064605978}}
{"op_code":8,"worker_id":"65621591-6ed3-46d5-85f6-3172b5f690ea-140737350539072","trial_id":27,"user_attr":{"val_loss_epoch_3":985813.875}}
{"op_code":7,"worker_id":"65621591-6ed3-46d5-85f6-3172b5f690ea-140737350539072","trial_id":27,"step":4,"intermediate_value":81.22270742358079}
{"op_code":8,"worker_id":"65621591-6ed3-46d5-85f6-3172b5f690ea-140737350539072","trial_id":27,"user_attr":{"train_loss_epoch_4":264031.1500222911}}
{"op_code":8,"worker_id":"65621591-6ed3-46d5-85f6-3172b5f690ea-140737350539072","trial_id":27,"user_attr":{"val_loss_epoch_4":10876.79296875}}
{"op_code":7,"worker_id":"65621591-6ed3-46d5-85f6-3172b5f690ea-140737350539072","trial_id":27,"step":5,"intermediate_value":81.22270742358079}
{"op_code":8,"worker_id":"65621591-6ed3-46d5-85f6-3172b5f690ea-140737350539072","trial_id":27,"user_attr":{"train_loss_epoch_5":72674.60775464929}}
{"op_code":8,"worker_id":"65621591-6ed3-46d5-85f6-3172b5f690ea-140737350539072","trial_id":27,"user_attr":{"val_loss_epoch_5":186729.2890625}}
{"op_code":7,"worker_id":"65621591-6ed3-46d5-85f6-3172b5f690ea-140737350539072","trial_id":27,"step":6,"intermediate_value":81.22270742358079}
{"op_code":8,"worker_id":"65621591-6ed3-46d5-85f6-3172b5f690ea-140737350539072","trial_id":27,"user_attr":{"train_loss_epoch_6":65986.1291238536}}
{"op_code":8,"worker_id":"65621591-6ed3-46d5-85f6-3172b5f690ea-140737350539072","trial_id":27,"user_attr":{"val_loss_epoch_6":43288.4765625}}
{"op_code":6,"worker_id":"65621591-6ed3-46d5-85f6-3172b5f690ea-140737350539072","trial_id":27,"state":1,"values":[81.22270742358079],"datetime_complete":"2026-02-21T22:12:13.021405"}
{"op_code":4,"worker_id":"65621591-6ed3-46d5-85f6-3172b5f690ea-140737350539072","study_id":0,"datetime_start":"2026-02-21T22:12:13.031078"}
{"op_code":5,"worker_id":"65621591-6ed3-46d5-85f6-3172b5f690ea-140737350539072","trial_id":28,"param_name":"learning_rate","param_value_internal":0.015852090565298512,"distribution":"{\"name\": \"FloatDistribution\", \"attributes\": {\"step\": null, \"low\": 0.001, \"high\": 10.0, \"log\": true}}"}
{"op_code":5,"worker_id":"65621591-6ed3-46d5-85f6-3172b5f690ea-140737350539072","trial_id":28,"param_name":"transfer_lr","param_value_internal":49.8940103468144,"distribution":"{\"name\": \"FloatDistribution\", \"attributes\": {\"step\": null, \"low\": 0.0001, \"high\": 100.0, \"log\": true}}"}
{"op_code":5,"worker_id":"65621591-6ed3-46d5-85f6-3172b5f690ea-140737350539072","trial_id":28,"param_name":"transfer_every","param_value_internal":1007.0,"distribution":"{\"name\": \"IntDistribution\", \"attributes\": {\"log\": true, \"step\": 1, \"low\": 64, \"high\": 32000}}"}
{"op_code":5,"worker_id":"65621591-6ed3-46d5-85f6-3172b5f690ea-140737350539072","trial_id":28,"param_name":"rank_exp","param_value_internal":5.0,"distribution":"{\"name\": \"IntDistribution\", \"attributes\": {\"log\": false, \"step\": 1, \"low\": 0, \"high\": 5}}"}
{"op_code":5,"worker_id":"65621591-6ed3-46d5-85f6-3172b5f690ea-140737350539072","trial_id":28,"param_name":"lora_alpha","param_value_internal":0.0001,"distribution":"{\"name\": \"FloatDistribution\", \"attributes\": {\"step\": null, \"low\": 0.0001, \"high\": 100.0, \"log\": true}}"}
{"op_code":5,"worker_id":"65621591-6ed3-46d5-85f6-3172b5f690ea-140737350539072","trial_id":28,"param_name":"tau_sec","param_value_internal":0.0,"distribution":"{\"name\": \"FloatDistribution\", \"attributes\": {\"step\": null, \"low\": 0.0, \"high\": 0.0, \"log\": false}}"}
{"op_code":5,"worker_id":"65621591-6ed3-46d5-85f6-3172b5f690ea-140737350539072","trial_id":28,"param_name":"out_noise","param_value_internal":0.0,"distribution":"{\"name\": \"FloatDistribution\", \"attributes\": {\"step\": null, \"low\": 0.0, \"high\": 0.0, \"log\": false}}"}
{"op_code":5,"worker_id":"65621591-6ed3-46d5-85f6-3172b5f690ea-140737350539072","trial_id":28,"param_name":"ab_weight_scaling_omega","param_value_internal":0.0,"distribution":"{\"name\": \"FloatDistribution\", \"attributes\": {\"step\": null, \"low\": 0.0, \"high\": 0.0, \"log\": false}}"}
{"op_code":5,"worker_id":"65621591-6ed3-46d5-85f6-3172b5f690ea-140737350539072","trial_id":28,"param_name":"min_lr_rate","param_value_internal":0.0,"distribution":"{\"name\": \"FloatDistribution\", \"attributes\": {\"step\": null, \"low\": 0.0, \"high\": 0.0, \"log\": false}}"}
{"op_code":7,"worker_id":"65621591-6ed3-46d5-85f6-3172b5f690ea-140737350539072","trial_id":28,"step":1,"intermediate_value":81.22270742358079}
{"op_code":8,"worker_id":"65621591-6ed3-46d5-85f6-3172b5f690ea-140737350539072","trial_id":28,"user_attr":{"train_loss_epoch_1":19631882.90896739}}
{"op_code":8,"worker_id":"65621591-6ed3-46d5-85f6-3172b5f690ea-140737350539072","trial_id":28,"user_attr":{"val_loss_epoch_1":4350426.875}}
{"op_code":7,"worker_id":"65621591-6ed3-46d5-85f6-3172b5f690ea-140737350539072","trial_id":28,"step":2,"intermediate_value":81.22270742358079}
{"op_code":8,"worker_id":"65621591-6ed3-46d5-85f6-3172b5f690ea-140737350539072","trial_id":28,"user_attr":{"train_loss_epoch_2":585128.3555536685}}
{"op_code":8,"worker_id":"65621591-6ed3-46d5-85f6-3172b5f690ea-140737350539072","trial_id":28,"user_attr":{"val_loss_epoch_2":35830.974609375}}
{"op_code":7,"worker_id":"65621591-6ed3-46d5-85f6-3172b5f690ea-140737350539072","trial_id":28,"step":3,"intermediate_value":81.22270742358079}
{"op_code":8,"worker_id":"65621591-6ed3-46d5-85f6-3172b5f690ea-140737350539072","trial_id":28,"user_attr":{"train_loss_epoch_3":293374.57703804347}}
{"op_code":8,"worker_id":"65621591-6ed3-46d5-85f6-3172b5f690ea-140737350539072","trial_id":28,"user_attr":{"val_loss_epoch_3":98901.4375}}
{"op_code":7,"worker_id":"65621591-6ed3-46d5-85f6-3172b5f690ea-140737350539072","trial_id":28,"step":4,"intermediate_value":81.22270742358079}
{"op_code":8,"worker_id":"65621591-6ed3-46d5-85f6-3172b5f690ea-140737350539072","trial_id":28,"user_attr":{"train_loss_epoch_4":264886.3894021739}}
{"op_code":8,"worker_id":"65621591-6ed3-46d5-85f6-3172b5f690ea-140737350539072","trial_id":28,"user_attr":{"val_loss_epoch_4":121106.14453125}}
{"op_code":6,"worker_id":"65621591-6ed3-46d5-85f6-3172b5f690ea-140737350539072","trial_id":28,"state":1,"values":[81.22270742358079],"datetime_complete":"2026-02-21T22:15:50.713737"}
{"op_code":4,"worker_id":"65621591-6ed3-46d5-85f6-3172b5f690ea-140737350539072","study_id":0,"datetime_start":"2026-02-21T22:15:50.721807"}
{"op_code":5,"worker_id":"65621591-6ed3-46d5-85f6-3172b5f690ea-140737350539072","trial_id":29,"param_name":"learning_rate","param_value_internal":0.02992874982173143,"distribution":"{\"name\": \"FloatDistribution\", \"attributes\": {\"step\": null, \"low\": 0.001, \"high\": 10.0, \"log\": true}}"}
{"op_code":5,"worker_id":"65621591-6ed3-46d5-85f6-3172b5f690ea-140737350539072","trial_id":29,"param_name":"transfer_lr","param_value_internal":95.50058636738237,"distribution":"{\"name\": \"FloatDistribution\", \"attributes\": {\"step\": null, \"low\": 0.0001, \"high\": 100.0, \"log\": true}}"}
{"op_code":5,"worker_id":"65621591-6ed3-46d5-85f6-3172b5f690ea-140737350539072","trial_id":29,"param_name":"transfer_every","param_value_internal":124.0,"distribution":"{\"name\": \"IntDistribution\", \"attributes\": {\"log\": true, \"step\": 1, \"low\": 64, \"high\": 32000}}"}
{"op_code":5,"worker_id":"65621591-6ed3-46d5-85f6-3172b5f690ea-140737350539072","trial_id":29,"param_name":"rank_exp","param_value_internal":3.0,"distribution":"{\"name\": \"IntDistribution\", \"attributes\": {\"log\": false, \"step\": 1, \"low\": 0, \"high\": 5}}"}
{"op_code":5,"worker_id":"65621591-6ed3-46d5-85f6-3172b5f690ea-140737350539072","trial_id":29,"param_name":"lora_alpha","param_value_internal":0.0001,"distribution":"{\"name\": \"FloatDistribution\", \"attributes\": {\"step\": null, \"low\": 0.0001, \"high\": 100.0, \"log\": true}}"}
{"op_code":5,"worker_id":"65621591-6ed3-46d5-85f6-3172b5f690ea-140737350539072","trial_id":29,"param_name":"tau_sec","param_value_internal":0.0,"distribution":"{\"name\": \"FloatDistribution\", \"attributes\": {\"step\": null, \"low\": 0.0, \"high\": 0.0, \"log\": false}}"}
{"op_code":5,"worker_id":"65621591-6ed3-46d5-85f6-3172b5f690ea-140737350539072","trial_id":29,"param_name":"out_noise","param_value_internal":0.0,"distribution":"{\"name\": \"FloatDistribution\", \"attributes\": {\"step\": null, \"low\": 0.0, \"high\": 0.0, \"log\": false}}"}
{"op_code":5,"worker_id":"65621591-6ed3-46d5-85f6-3172b5f690ea-140737350539072","trial_id":29,"param_name":"ab_weight_scaling_omega","param_value_internal":0.0,"distribution":"{\"name\": \"FloatDistribution\", \"attributes\": {\"step\": null, \"low\": 0.0, \"high\": 0.0, \"log\": false}}"}
{"op_code":5,"worker_id":"65621591-6ed3-46d5-85f6-3172b5f690ea-140737350539072","trial_id":29,"param_name":"min_lr_rate","param_value_internal":0.0,"distribution":"{\"name\": \"FloatDistribution\", \"attributes\": {\"step\": null, \"low\": 0.0, \"high\": 0.0, \"log\": false}}"}
{"op_code":7,"worker_id":"65621591-6ed3-46d5-85f6-3172b5f690ea-140737350539072","trial_id":29,"step":1,"intermediate_value":81.22270742358079}
{"op_code":8,"worker_id":"65621591-6ed3-46d5-85f6-3172b5f690ea-140737350539072","trial_id":29,"user_attr":{"train_loss_epoch_1":14514662.103175951}}
{"op_code":8,"worker_id":"65621591-6ed3-46d5-85f6-3172b5f690ea-140737350539072","trial_id":29,"user_attr":{"val_loss_epoch_1":57603.330078125}}
{"op_code":7,"worker_id":"65621591-6ed3-46d5-85f6-3172b5f690ea-140737350539072","trial_id":29,"step":2,"intermediate_value":81.22270742358079}
{"op_code":8,"worker_id":"65621591-6ed3-46d5-85f6-3172b5f690ea-140737350539072","trial_id":29,"user_attr":{"train_loss_epoch_2":594250.8463315218}}
{"op_code":8,"worker_id":"65621591-6ed3-46d5-85f6-3172b5f690ea-140737350539072","trial_id":29,"user_attr":{"val_loss_epoch_2":439517.671875}}
{"op_code":7,"worker_id":"65621591-6ed3-46d5-85f6-3172b5f690ea-140737350539072","trial_id":29,"step":3,"intermediate_value":81.22270742358079}
{"op_code":8,"worker_id":"65621591-6ed3-46d5-85f6-3172b5f690ea-140737350539072","trial_id":29,"user_attr":{"train_loss_epoch_3":552223.913722826}}
{"op_code":8,"worker_id":"65621591-6ed3-46d5-85f6-3172b5f690ea-140737350539072","trial_id":29,"user_attr":{"val_loss_epoch_3":25879.3603515625}}
{"op_code":7,"worker_id":"65621591-6ed3-46d5-85f6-3172b5f690ea-140737350539072","trial_id":29,"step":4,"intermediate_value":81.22270742358079}
{"op_code":8,"worker_id":"65621591-6ed3-46d5-85f6-3172b5f690ea-140737350539072","trial_id":29,"user_attr":{"train_loss_epoch_4":496745.1062839674}}
{"op_code":8,"worker_id":"65621591-6ed3-46d5-85f6-3172b5f690ea-140737350539072","trial_id":29,"user_attr":{"val_loss_epoch_4":226512.8828125}}
{"op_code":7,"worker_id":"65621591-6ed3-46d5-85f6-3172b5f690ea-140737350539072","trial_id":29,"step":5,"intermediate_value":81.22270742358079}
{"op_code":8,"worker_id":"65621591-6ed3-46d5-85f6-3172b5f690ea-140737350539072","trial_id":29,"user_attr":{"train_loss_epoch_5":450553.8648097826}}
{"op_code":8,"worker_id":"65621591-6ed3-46d5-85f6-3172b5f690ea-140737350539072","trial_id":29,"user_attr":{"val_loss_epoch_5":18118.080078125}}
{"op_code":7,"worker_id":"65621591-6ed3-46d5-85f6-3172b5f690ea-140737350539072","trial_id":29,"step":6,"intermediate_value":81.22270742358079}
{"op_code":8,"worker_id":"65621591-6ed3-46d5-85f6-3172b5f690ea-140737350539072","trial_id":29,"user_attr":{"train_loss_epoch_6":355857.8498556386}}
{"op_code":8,"worker_id":"65621591-6ed3-46d5-85f6-3172b5f690ea-140737350539072","trial_id":29,"user_attr":{"val_loss_epoch_6":93503.91015625}}
{"op_code":7,"worker_id":"65621591-6ed3-46d5-85f6-3172b5f690ea-140737350539072","trial_id":29,"step":7,"intermediate_value":81.22270742358079}
{"op_code":8,"worker_id":"65621591-6ed3-46d5-85f6-3172b5f690ea-140737350539072","trial_id":29,"user_attr":{"train_loss_epoch_7":354488.72021059785}}
{"op_code":8,"worker_id":"65621591-6ed3-46d5-85f6-3172b5f690ea-140737350539072","trial_id":29,"user_attr":{"val_loss_epoch_7":7208.599609375}}
{"op_code":7,"worker_id":"65621591-6ed3-46d5-85f6-3172b5f690ea-140737350539072","trial_id":29,"step":8,"intermediate_value":81.22270742358079}
{"op_code":8,"worker_id":"65621591-6ed3-46d5-85f6-3172b5f690ea-140737350539072","trial_id":29,"user_attr":{"train_loss_epoch_8":294991.461328125}}
{"op_code":8,"worker_id":"65621591-6ed3-46d5-85f6-3172b5f690ea-140737350539072","trial_id":29,"user_attr":{"val_loss_epoch_8":149324.1484375}}
{"op_code":7,"worker_id":"65621591-6ed3-46d5-85f6-3172b5f690ea-140737350539072","trial_id":29,"step":9,"intermediate_value":81.22270742358079}
{"op_code":8,"worker_id":"65621591-6ed3-46d5-85f6-3172b5f690ea-140737350539072","trial_id":29,"user_attr":{"train_loss_epoch_9":269653.9516983696}}
{"op_code":8,"worker_id":"65621591-6ed3-46d5-85f6-3172b5f690ea-140737350539072","trial_id":29,"user_attr":{"val_loss_epoch_9":460452.484375}}
{"op_code":6,"worker_id":"65621591-6ed3-46d5-85f6-3172b5f690ea-140737350539072","trial_id":29,"state":1,"values":[81.22270742358079],"datetime_complete":"2026-02-21T22:21:06.812529"}
{"op_code":4,"worker_id":"65621591-6ed3-46d5-85f6-3172b5f690ea-140737350539072","study_id":0,"datetime_start":"2026-02-21T22:21:06.818192"}
{"op_code":5,"worker_id":"65621591-6ed3-46d5-85f6-3172b5f690ea-140737350539072","trial_id":30,"param_name":"learning_rate","param_value_internal":0.008735902985529186,"distribution":"{\"name\": \"FloatDistribution\", \"attributes\": {\"step\": null, \"low\": 0.001, \"high\": 10.0, \"log\": true}}"}
{"op_code":5,"worker_id":"65621591-6ed3-46d5-85f6-3172b5f690ea-140737350539072","trial_id":30,"param_name":"transfer_lr","param_value_internal":0.008966949814490779,"distribution":"{\"name\": \"FloatDistribution\", \"attributes\": {\"step\": null, \"low\": 0.0001, \"high\": 100.0, \"log\": true}}"}
{"op_code":5,"worker_id":"65621591-6ed3-46d5-85f6-3172b5f690ea-140737350539072","trial_id":30,"param_name":"transfer_every","param_value_internal":64.0,"distribution":"{\"name\": \"IntDistribution\", \"attributes\": {\"log\": true, \"step\": 1, \"low\": 64, \"high\": 32000}}"}
{"op_code":5,"worker_id":"65621591-6ed3-46d5-85f6-3172b5f690ea-140737350539072","trial_id":30,"param_name":"rank_exp","param_value_internal":0.0,"distribution":"{\"name\": \"IntDistribution\", \"attributes\": {\"log\": false, \"step\": 1, \"low\": 0, \"high\": 5}}"}
{"op_code":5,"worker_id":"65621591-6ed3-46d5-85f6-3172b5f690ea-140737350539072","trial_id":30,"param_name":"lora_alpha","param_value_internal":90.50021510445333,"distribution":"{\"name\": \"FloatDistribution\", \"attributes\": {\"step\": null, \"low\": 0.0001, \"high\": 100.0, \"log\": true}}"}
{"op_code":5,"worker_id":"65621591-6ed3-46d5-85f6-3172b5f690ea-140737350539072","trial_id":30,"param_name":"tau_sec","param_value_internal":0.0,"distribution":"{\"name\": \"FloatDistribution\", \"attributes\": {\"step\": null, \"low\": 0.0, \"high\": 0.0, \"log\": false}}"}
{"op_code":5,"worker_id":"65621591-6ed3-46d5-85f6-3172b5f690ea-140737350539072","trial_id":30,"param_name":"out_noise","param_value_internal":0.0,"distribution":"{\"name\": \"FloatDistribution\", \"attributes\": {\"step\": null, \"low\": 0.0, \"high\": 0.0, \"log\": false}}"}
{"op_code":5,"worker_id":"65621591-6ed3-46d5-85f6-3172b5f690ea-140737350539072","trial_id":30,"param_name":"ab_weight_scaling_omega","param_value_internal":0.0,"distribution":"{\"name\": \"FloatDistribution\", \"attributes\": {\"step\": null, \"low\": 0.0, \"high\": 0.0, \"log\": false}}"}
{"op_code":5,"worker_id":"65621591-6ed3-46d5-85f6-3172b5f690ea-140737350539072","trial_id":30,"param_name":"min_lr_rate","param_value_internal":0.0,"distribution":"{\"name\": \"FloatDistribution\", \"attributes\": {\"step\": null, \"low\": 0.0, \"high\": 0.0, \"log\": false}}"}
{"op_code":7,"worker_id":"65621591-6ed3-46d5-85f6-3172b5f690ea-140737350539072","trial_id":30,"step":1,"intermediate_value":81.22270742358079}
{"op_code":8,"worker_id":"65621591-6ed3-46d5-85f6-3172b5f690ea-140737350539072","trial_id":30,"user_attr":{"train_loss_epoch_1":23130283.05230978}}
{"op_code":8,"worker_id":"65621591-6ed3-46d5-85f6-3172b5f690ea-140737350539072","trial_id":30,"user_attr":{"val_loss_epoch_1":4521265.0}}
{"op_code":7,"worker_id":"65621591-6ed3-46d5-85f6-3172b5f690ea-140737350539072","trial_id":30,"step":2,"intermediate_value":81.22270742358079}
{"op_code":8,"worker_id":"65621591-6ed3-46d5-85f6-3172b5f690ea-140737350539072","trial_id":30,"user_attr":{"train_loss_epoch_2":6303808.006920856}}
{"op_code":8,"worker_id":"65621591-6ed3-46d5-85f6-3172b5f690ea-140737350539072","trial_id":30,"user_attr":{"val_loss_epoch_2":29217.8095703125}}
{"op_code":7,"worker_id":"65621591-6ed3-46d5-85f6-3172b5f690ea-140737350539072","trial_id":30,"step":3,"intermediate_value":81.22270742358079}
{"op_code":8,"worker_id":"65621591-6ed3-46d5-85f6-3172b5f690ea-140737350539072","trial_id":30,"user_attr":{"train_loss_epoch_3":158312.55264096468}}
{"op_code":8,"worker_id":"65621591-6ed3-46d5-85f6-3172b5f690ea-140737350539072","trial_id":30,"user_attr":{"val_loss_epoch_3":84322.203125}}
{"op_code":7,"worker_id":"65621591-6ed3-46d5-85f6-3172b5f690ea-140737350539072","trial_id":30,"step":4,"intermediate_value":81.22270742358079}
{"op_code":8,"worker_id":"65621591-6ed3-46d5-85f6-3172b5f690ea-140737350539072","trial_id":30,"user_attr":{"train_loss_epoch_4":144834.02119140624}}
{"op_code":8,"worker_id":"65621591-6ed3-46d5-85f6-3172b5f690ea-140737350539072","trial_id":30,"user_attr":{"val_loss_epoch_4":87839.62109375}}
{"op_code":6,"worker_id":"65621591-6ed3-46d5-85f6-3172b5f690ea-140737350539072","trial_id":30,"state":1,"values":[81.22270742358079],"datetime_complete":"2026-02-21T22:23:04.216604"}
{"op_code":4,"worker_id":"65621591-6ed3-46d5-85f6-3172b5f690ea-140737350539072","study_id":0,"datetime_start":"2026-02-21T22:23:04.224107"}
{"op_code":5,"worker_id":"65621591-6ed3-46d5-85f6-3172b5f690ea-140737350539072","trial_id":31,"param_name":"learning_rate","param_value_internal":0.001027885359691577,"distribution":"{\"name\": \"FloatDistribution\", \"attributes\": {\"step\": null, \"low\": 0.001, \"high\": 10.0, \"log\": true}}"}
{"op_code":5,"worker_id":"65621591-6ed3-46d5-85f6-3172b5f690ea-140737350539072","trial_id":31,"param_name":"transfer_lr","param_value_internal":95.50058636738237,"distribution":"{\"name\": \"FloatDistribution\", \"attributes\": {\"step\": null, \"low\": 0.0001, \"high\": 100.0, \"log\": true}}"}
{"op_code":5,"worker_id":"65621591-6ed3-46d5-85f6-3172b5f690ea-140737350539072","trial_id":31,"param_name":"transfer_every","param_value_internal":32000.0,"distribution":"{\"name\": \"IntDistribution\", \"attributes\": {\"log\": true, \"step\": 1, \"low\": 64, \"high\": 32000}}"}
{"op_code":5,"worker_id":"65621591-6ed3-46d5-85f6-3172b5f690ea-140737350539072","trial_id":31,"param_name":"rank_exp","param_value_internal":5.0,"distribution":"{\"name\": \"IntDistribution\", \"attributes\": {\"log\": false, \"step\": 1, \"low\": 0, \"high\": 5}}"}
{"op_code":5,"worker_id":"65621591-6ed3-46d5-85f6-3172b5f690ea-140737350539072","trial_id":31,"param_name":"lora_alpha","param_value_internal":0.0001,"distribution":"{\"name\": \"FloatDistribution\", \"attributes\": {\"step\": null, \"low\": 0.0001, \"high\": 100.0, \"log\": true}}"}
{"op_code":5,"worker_id":"65621591-6ed3-46d5-85f6-3172b5f690ea-140737350539072","trial_id":31,"param_name":"tau_sec","param_value_internal":0.0,"distribution":"{\"name\": \"FloatDistribution\", \"attributes\": {\"step\": null, \"low\": 0.0, \"high\": 0.0, \"log\": false}}"}
{"op_code":5,"worker_id":"65621591-6ed3-46d5-85f6-3172b5f690ea-140737350539072","trial_id":31,"param_name":"out_noise","param_value_internal":0.0,"distribution":"{\"name\": \"FloatDistribution\", \"attributes\": {\"step\": null, \"low\": 0.0, \"high\": 0.0, \"log\": false}}"}
{"op_code":5,"worker_id":"65621591-6ed3-46d5-85f6-3172b5f690ea-140737350539072","trial_id":31,"param_name":"ab_weight_scaling_omega","param_value_internal":0.0,"distribution":"{\"name\": \"FloatDistribution\", \"attributes\": {\"step\": null, \"low\": 0.0, \"high\": 0.0, \"log\": false}}"}
{"op_code":5,"worker_id":"65621591-6ed3-46d5-85f6-3172b5f690ea-140737350539072","trial_id":31,"param_name":"min_lr_rate","param_value_internal":0.0,"distribution":"{\"name\": \"FloatDistribution\", \"attributes\": {\"step\": null, \"low\": 0.0, \"high\": 0.0, \"log\": false}}"}
{"op_code":7,"worker_id":"65621591-6ed3-46d5-85f6-3172b5f690ea-140737350539072","trial_id":31,"step":1,"intermediate_value":81.22270742358079}
{"op_code":8,"worker_id":"65621591-6ed3-46d5-85f6-3172b5f690ea-140737350539072","trial_id":31,"user_attr":{"train_loss_epoch_1":28365208.735869564}}
{"op_code":8,"worker_id":"65621591-6ed3-46d5-85f6-3172b5f690ea-140737350539072","trial_id":31,"user_attr":{"val_loss_epoch_1":30638988.0}}
{"op_code":7,"worker_id":"65621591-6ed3-46d5-85f6-3172b5f690ea-140737350539072","trial_id":31,"step":2,"intermediate_value":81.22270742358079}
{"op_code":8,"worker_id":"65621591-6ed3-46d5-85f6-3172b5f690ea-140737350539072","trial_id":31,"user_attr":{"train_loss_epoch_2":26453000.66847826}}
{"op_code":8,"worker_id":"65621591-6ed3-46d5-85f6-3172b5f690ea-140737350539072","trial_id":31,"user_attr":{"val_loss_epoch_2":9325867.0}}
{"op_code":7,"worker_id":"65621591-6ed3-46d5-85f6-3172b5f690ea-140737350539072","trial_id":31,"step":3,"intermediate_value":81.22270742358079}
{"op_code":8,"worker_id":"65621591-6ed3-46d5-85f6-3172b5f690ea-140737350539072","trial_id":31,"user_attr":{"train_loss_epoch_3":24324206.102173913}}
{"op_code":8,"worker_id":"65621591-6ed3-46d5-85f6-3172b5f690ea-140737350539072","trial_id":31,"user_attr":{"val_loss_epoch_3":14259526.0}}
{"op_code":7,"worker_id":"65621591-6ed3-46d5-85f6-3172b5f690ea-140737350539072","trial_id":31,"step":4,"intermediate_value":81.22270742358079}
{"op_code":8,"worker_id":"65621591-6ed3-46d5-85f6-3172b5f690ea-140737350539072","trial_id":31,"user_attr":{"train_loss_epoch_4":21781468.42771739}}
{"op_code":8,"worker_id":"65621591-6ed3-46d5-85f6-3172b5f690ea-140737350539072","trial_id":31,"user_attr":{"val_loss_epoch_4":23912804.0}}
{"op_code":6,"worker_id":"65621591-6ed3-46d5-85f6-3172b5f690ea-140737350539072","trial_id":31,"state":1,"values":[81.22270742358079],"datetime_complete":"2026-02-21T22:27:17.920094"}
{"op_code":4,"worker_id":"65621591-6ed3-46d5-85f6-3172b5f690ea-140737350539072","study_id":0,"datetime_start":"2026-02-21T22:27:17.930466"}
{"op_code":5,"worker_id":"65621591-6ed3-46d5-85f6-3172b5f690ea-140737350539072","trial_id":32,"param_name":"learning_rate","param_value_internal":0.0013449461987482601,"distribution":"{\"name\": \"FloatDistribution\", \"attributes\": {\"step\": null, \"low\": 0.001, \"high\": 10.0, \"log\": true}}"}
{"op_code":5,"worker_id":"65621591-6ed3-46d5-85f6-3172b5f690ea-140737350539072","trial_id":32,"param_name":"transfer_lr","param_value_internal":0.12014740116807797,"distribution":"{\"name\": \"FloatDistribution\", \"attributes\": {\"step\": null, \"low\": 0.0001, \"high\": 100.0, \"log\": true}}"}
{"op_code":5,"worker_id":"65621591-6ed3-46d5-85f6-3172b5f690ea-140737350539072","trial_id":32,"param_name":"transfer_every","param_value_internal":32000.0,"distribution":"{\"name\": \"IntDistribution\", \"attributes\": {\"log\": true, \"step\": 1, \"low\": 64, \"high\": 32000}}"}
{"op_code":5,"worker_id":"65621591-6ed3-46d5-85f6-3172b5f690ea-140737350539072","trial_id":32,"param_name":"rank_exp","param_value_internal":0.0,"distribution":"{\"name\": \"IntDistribution\", \"attributes\": {\"log\": false, \"step\": 1, \"low\": 0, \"high\": 5}}"}
{"op_code":5,"worker_id":"65621591-6ed3-46d5-85f6-3172b5f690ea-140737350539072","trial_id":32,"param_name":"lora_alpha","param_value_internal":90.50021510445333,"distribution":"{\"name\": \"FloatDistribution\", \"attributes\": {\"step\": null, \"low\": 0.0001, \"high\": 100.0, \"log\": true}}"}
{"op_code":5,"worker_id":"65621591-6ed3-46d5-85f6-3172b5f690ea-140737350539072","trial_id":32,"param_name":"tau_sec","param_value_internal":0.0,"distribution":"{\"name\": \"FloatDistribution\", \"attributes\": {\"step\": null, \"low\": 0.0, \"high\": 0.0, \"log\": false}}"}
{"op_code":5,"worker_id":"65621591-6ed3-46d5-85f6-3172b5f690ea-140737350539072","trial_id":32,"param_name":"out_noise","param_value_internal":0.0,"distribution":"{\"name\": \"FloatDistribution\", \"attributes\": {\"step\": null, \"low\": 0.0, \"high\": 0.0, \"log\": false}}"}
{"op_code":5,"worker_id":"65621591-6ed3-46d5-85f6-3172b5f690ea-140737350539072","trial_id":32,"param_name":"ab_weight_scaling_omega","param_value_internal":0.0,"distribution":"{\"name\": \"FloatDistribution\", \"attributes\": {\"step\": null, \"low\": 0.0, \"high\": 0.0, \"log\": false}}"}
{"op_code":5,"worker_id":"65621591-6ed3-46d5-85f6-3172b5f690ea-140737350539072","trial_id":32,"param_name":"min_lr_rate","param_value_internal":0.0,"distribution":"{\"name\": \"FloatDistribution\", \"attributes\": {\"step\": null, \"low\": 0.0, \"high\": 0.0, \"log\": false}}"}
{"op_code":7,"worker_id":"65621591-6ed3-46d5-85f6-3172b5f690ea-140737350539072","trial_id":32,"step":1,"intermediate_value":0.0}
{"op_code":8,"worker_id":"65621591-6ed3-46d5-85f6-3172b5f690ea-140737350539072","trial_id":32,"user_attr":{"train_loss_epoch_1":26282048.898641303}}
{"op_code":8,"worker_id":"65621591-6ed3-46d5-85f6-3172b5f690ea-140737350539072","trial_id":32,"user_attr":{"val_loss_epoch_1":3140634.875}}
{"op_code":7,"worker_id":"65621591-6ed3-46d5-85f6-3172b5f690ea-140737350539072","trial_id":32,"step":2,"intermediate_value":0.0}
{"op_code":8,"worker_id":"65621591-6ed3-46d5-85f6-3172b5f690ea-140737350539072","trial_id":32,"user_attr":{"train_loss_epoch_2":24332267.829891305}}
{"op_code":8,"worker_id":"65621591-6ed3-46d5-85f6-3172b5f690ea-140737350539072","trial_id":32,"user_attr":{"val_loss_epoch_2":11933095.0}}
{"op_code":7,"worker_id":"65621591-6ed3-46d5-85f6-3172b5f690ea-140737350539072","trial_id":32,"step":3,"intermediate_value":81.22270742358079}
{"op_code":8,"worker_id":"65621591-6ed3-46d5-85f6-3172b5f690ea-140737350539072","trial_id":32,"user_attr":{"train_loss_epoch_3":21591175.798913043}}
{"op_code":8,"worker_id":"65621591-6ed3-46d5-85f6-3172b5f690ea-140737350539072","trial_id":32,"user_attr":{"val_loss_epoch_3":949839.1875}}
{"op_code":7,"worker_id":"65621591-6ed3-46d5-85f6-3172b5f690ea-140737350539072","trial_id":32,"step":4,"intermediate_value":81.22270742358079}
{"op_code":8,"worker_id":"65621591-6ed3-46d5-85f6-3172b5f690ea-140737350539072","trial_id":32,"user_attr":{"train_loss_epoch_4":17915544.25054348}}
{"op_code":8,"worker_id":"65621591-6ed3-46d5-85f6-3172b5f690ea-140737350539072","trial_id":32,"user_attr":{"val_loss_epoch_4":16382503.0}}
{"op_code":7,"worker_id":"65621591-6ed3-46d5-85f6-3172b5f690ea-140737350539072","trial_id":32,"step":5,"intermediate_value":81.22270742358079}
{"op_code":8,"worker_id":"65621591-6ed3-46d5-85f6-3172b5f690ea-140737350539072","trial_id":32,"user_attr":{"train_loss_epoch_5":17351647.50285326}}
{"op_code":8,"worker_id":"65621591-6ed3-46d5-85f6-3172b5f690ea-140737350539072","trial_id":32,"user_attr":{"val_loss_epoch_5":15581917.5}}
{"op_code":6,"worker_id":"65621591-6ed3-46d5-85f6-3172b5f690ea-140737350539072","trial_id":32,"state":1,"values":[81.22270742358079],"datetime_complete":"2026-02-21T22:31:23.867998"}
{"op_code":4,"worker_id":"65621591-6ed3-46d5-85f6-3172b5f690ea-140737350539072","study_id":0,"datetime_start":"2026-02-21T22:31:23.878530"}
{"op_code":5,"worker_id":"65621591-6ed3-46d5-85f6-3172b5f690ea-140737350539072","trial_id":33,"param_name":"learning_rate","param_value_internal":0.002939858446443547,"distribution":"{\"name\": \"FloatDistribution\", \"attributes\": {\"step\": null, \"low\": 0.001, \"high\": 10.0, \"log\": true}}"}
{"op_code":5,"worker_id":"65621591-6ed3-46d5-85f6-3172b5f690ea-140737350539072","trial_id":33,"param_name":"transfer_lr","param_value_internal":0.5187095500686634,"distribution":"{\"name\": \"FloatDistribution\", \"attributes\": {\"step\": null, \"low\": 0.0001, \"high\": 100.0, \"log\": true}}"}
{"op_code":5,"worker_id":"65621591-6ed3-46d5-85f6-3172b5f690ea-140737350539072","trial_id":33,"param_name":"transfer_every","param_value_internal":32000.0,"distribution":"{\"name\": \"IntDistribution\", \"attributes\": {\"log\": true, \"step\": 1, \"low\": 64, \"high\": 32000}}"}
{"op_code":5,"worker_id":"65621591-6ed3-46d5-85f6-3172b5f690ea-140737350539072","trial_id":33,"param_name":"rank_exp","param_value_internal":4.0,"distribution":"{\"name\": \"IntDistribution\", \"attributes\": {\"log\": false, \"step\": 1, \"low\": 0, \"high\": 5}}"}
{"op_code":5,"worker_id":"65621591-6ed3-46d5-85f6-3172b5f690ea-140737350539072","trial_id":33,"param_name":"lora_alpha","param_value_internal":90.50021510445333,"distribution":"{\"name\": \"FloatDistribution\", \"attributes\": {\"step\": null, \"low\": 0.0001, \"high\": 100.0, \"log\": true}}"}
{"op_code":5,"worker_id":"65621591-6ed3-46d5-85f6-3172b5f690ea-140737350539072","trial_id":33,"param_name":"tau_sec","param_value_internal":0.0,"distribution":"{\"name\": \"FloatDistribution\", \"attributes\": {\"step\": null, \"low\": 0.0, \"high\": 0.0, \"log\": false}}"}
{"op_code":5,"worker_id":"65621591-6ed3-46d5-85f6-3172b5f690ea-140737350539072","trial_id":33,"param_name":"out_noise","param_value_internal":0.0,"distribution":"{\"name\": \"FloatDistribution\", \"attributes\": {\"step\": null, \"low\": 0.0, \"high\": 0.0, \"log\": false}}"}
{"op_code":5,"worker_id":"65621591-6ed3-46d5-85f6-3172b5f690ea-140737350539072","trial_id":33,"param_name":"ab_weight_scaling_omega","param_value_internal":0.0,"distribution":"{\"name\": \"FloatDistribution\", \"attributes\": {\"step\": null, \"low\": 0.0, \"high\": 0.0, \"log\": false}}"}
{"op_code":5,"worker_id":"65621591-6ed3-46d5-85f6-3172b5f690ea-140737350539072","trial_id":33,"param_name":"min_lr_rate","param_value_internal":0.0,"distribution":"{\"name\": \"FloatDistribution\", \"attributes\": {\"step\": null, \"low\": 0.0, \"high\": 0.0, \"log\": false}}"}
{"op_code":7,"worker_id":"65621591-6ed3-46d5-85f6-3172b5f690ea-140737350539072","trial_id":33,"step":1,"intermediate_value":0.0}
{"op_code":8,"worker_id":"65621591-6ed3-46d5-85f6-3172b5f690ea-140737350539072","trial_id":33,"user_attr":{"train_loss_epoch_1":26002961.875951085}}
{"op_code":8,"worker_id":"65621591-6ed3-46d5-85f6-3172b5f690ea-140737350539072","trial_id":33,"user_attr":{"val_loss_epoch_1":24167682.0}}
{"op_code":7,"worker_id":"65621591-6ed3-46d5-85f6-3172b5f690ea-140737350539072","trial_id":33,"step":2,"intermediate_value":81.22270742358079}
{"op_code":8,"worker_id":"65621591-6ed3-46d5-85f6-3172b5f690ea-140737350539072","trial_id":33,"user_attr":{"train_loss_epoch_2":20358532.901902173}}
{"op_code":8,"worker_id":"65621591-6ed3-46d5-85f6-3172b5f690ea-140737350539072","trial_id":33,"user_attr":{"val_loss_epoch_2":11650207.5}}
{"op_code":7,"worker_id":"65621591-6ed3-46d5-85f6-3172b5f690ea-140737350539072","trial_id":33,"step":3,"intermediate_value":81.22270742358079}
{"op_code":8,"worker_id":"65621591-6ed3-46d5-85f6-3172b5f690ea-140737350539072","trial_id":33,"user_attr":{"train_loss_epoch_3":13701030.741677988}}
{"op_code":8,"worker_id":"65621591-6ed3-46d5-85f6-3172b5f690ea-140737350539072","trial_id":33,"user_attr":{"val_loss_epoch_3":6801025.75}}
{"op_code":7,"worker_id":"65621591-6ed3-46d5-85f6-3172b5f690ea-140737350539072","trial_id":33,"step":4,"intermediate_value":81.22270742358079}
{"op_code":8,"worker_id":"65621591-6ed3-46d5-85f6-3172b5f690ea-140737350539072","trial_id":33,"user_attr":{"train_loss_epoch_4":8749860.966304347}}
{"op_code":8,"worker_id":"65621591-6ed3-46d5-85f6-3172b5f690ea-140737350539072","trial_id":33,"user_attr":{"val_loss_epoch_4":4764342.25}}
{"op_code":7,"worker_id":"65621591-6ed3-46d5-85f6-3172b5f690ea-140737350539072","trial_id":33,"step":5,"intermediate_value":81.22270742358079}
{"op_code":8,"worker_id":"65621591-6ed3-46d5-85f6-3172b5f690ea-140737350539072","trial_id":33,"user_attr":{"train_loss_epoch_5":4079349.005366848}}
{"op_code":8,"worker_id":"65621591-6ed3-46d5-85f6-3172b5f690ea-140737350539072","trial_id":33,"user_attr":{"val_loss_epoch_5":407385.1875}}
{"op_code":7,"worker_id":"65621591-6ed3-46d5-85f6-3172b5f690ea-140737350539072","trial_id":33,"step":6,"intermediate_value":81.22270742358079}
{"op_code":8,"worker_id":"65621591-6ed3-46d5-85f6-3172b5f690ea-140737350539072","trial_id":33,"user_attr":{"train_loss_epoch_6":621851.7050059442}}
{"op_code":8,"worker_id":"65621591-6ed3-46d5-85f6-3172b5f690ea-140737350539072","trial_id":33,"user_attr":{"val_loss_epoch_6":81106.67578125}}
{"op_code":7,"worker_id":"65621591-6ed3-46d5-85f6-3172b5f690ea-140737350539072","trial_id":33,"step":7,"intermediate_value":81.22270742358079}
{"op_code":8,"worker_id":"65621591-6ed3-46d5-85f6-3172b5f690ea-140737350539072","trial_id":33,"user_attr":{"train_loss_epoch_7":37538.63568009086}}
{"op_code":8,"worker_id":"65621591-6ed3-46d5-85f6-3172b5f690ea-140737350539072","trial_id":33,"user_attr":{"val_loss_epoch_7":19346.6240234375}}
{"op_code":7,"worker_id":"65621591-6ed3-46d5-85f6-3172b5f690ea-140737350539072","trial_id":33,"step":8,"intermediate_value":81.22270742358079}
{"op_code":8,"worker_id":"65621591-6ed3-46d5-85f6-3172b5f690ea-140737350539072","trial_id":33,"user_attr":{"train_loss_epoch_8":30134.605171535328}}
{"op_code":8,"worker_id":"65621591-6ed3-46d5-85f6-3172b5f690ea-140737350539072","trial_id":33,"user_attr":{"val_loss_epoch_8":5550.756103515625}}
{"op_code":7,"worker_id":"65621591-6ed3-46d5-85f6-3172b5f690ea-140737350539072","trial_id":33,"step":9,"intermediate_value":81.22270742358079}
{"op_code":8,"worker_id":"65621591-6ed3-46d5-85f6-3172b5f690ea-140737350539072","trial_id":33,"user_attr":{"train_loss_epoch_9":25382.686345573093}}
{"op_code":8,"worker_id":"65621591-6ed3-46d5-85f6-3172b5f690ea-140737350539072","trial_id":33,"user_attr":{"val_loss_epoch_9":5495.767578125}}
{"op_code":7,"worker_id":"65621591-6ed3-46d5-85f6-3172b5f690ea-140737350539072","trial_id":33,"step":10,"intermediate_value":81.22270742358079}
{"op_code":8,"worker_id":"65621591-6ed3-46d5-85f6-3172b5f690ea-140737350539072","trial_id":33,"user_attr":{"train_loss_epoch_10":21227.378475288722}}
{"op_code":8,"worker_id":"65621591-6ed3-46d5-85f6-3172b5f690ea-140737350539072","trial_id":33,"user_attr":{"val_loss_epoch_10":616.8702697753906}}
{"op_code":7,"worker_id":"65621591-6ed3-46d5-85f6-3172b5f690ea-140737350539072","trial_id":33,"step":11,"intermediate_value":81.22270742358079}
{"op_code":8,"worker_id":"65621591-6ed3-46d5-85f6-3172b5f690ea-140737350539072","trial_id":33,"user_attr":{"train_loss_epoch_11":16607.705584451425}}
{"op_code":8,"worker_id":"65621591-6ed3-46d5-85f6-3172b5f690ea-140737350539072","trial_id":33,"user_attr":{"val_loss_epoch_11":17591.4658203125}}
{"op_code":7,"worker_id":"65621591-6ed3-46d5-85f6-3172b5f690ea-140737350539072","trial_id":33,"step":12,"intermediate_value":81.22270742358079}
{"op_code":8,"worker_id":"65621591-6ed3-46d5-85f6-3172b5f690ea-140737350539072","trial_id":33,"user_attr":{"train_loss_epoch_12":11506.775029190727}}
{"op_code":8,"worker_id":"65621591-6ed3-46d5-85f6-3172b5f690ea-140737350539072","trial_id":33,"user_attr":{"val_loss_epoch_12":3574.966796875}}
{"op_code":6,"worker_id":"65621591-6ed3-46d5-85f6-3172b5f690ea-140737350539072","trial_id":33,"state":1,"values":[81.22270742358079],"datetime_complete":"2026-02-21T22:37:36.712325"}
{"op_code":4,"worker_id":"65621591-6ed3-46d5-85f6-3172b5f690ea-140737350539072","study_id":0,"datetime_start":"2026-02-21T22:37:36.720256"}
{"op_code":5,"worker_id":"65621591-6ed3-46d5-85f6-3172b5f690ea-140737350539072","trial_id":34,"param_name":"learning_rate","param_value_internal":0.014708402366654166,"distribution":"{\"name\": \"FloatDistribution\", \"attributes\": {\"step\": null, \"low\": 0.001, \"high\": 10.0, \"log\": true}}"}
{"op_code":5,"worker_id":"65621591-6ed3-46d5-85f6-3172b5f690ea-140737350539072","trial_id":34,"param_name":"transfer_lr","param_value_internal":32.905560509283454,"distribution":"{\"name\": \"FloatDistribution\", \"attributes\": {\"step\": null, \"low\": 0.0001, \"high\": 100.0, \"log\": true}}"}
{"op_code":5,"worker_id":"65621591-6ed3-46d5-85f6-3172b5f690ea-140737350539072","trial_id":34,"param_name":"transfer_every","param_value_internal":32000.0,"distribution":"{\"name\": \"IntDistribution\", \"attributes\": {\"log\": true, \"step\": 1, \"low\": 64, \"high\": 32000}}"}
{"op_code":5,"worker_id":"65621591-6ed3-46d5-85f6-3172b5f690ea-140737350539072","trial_id":34,"param_name":"rank_exp","param_value_internal":4.0,"distribution":"{\"name\": \"IntDistribution\", \"attributes\": {\"log\": false, \"step\": 1, \"low\": 0, \"high\": 5}}"}
{"op_code":5,"worker_id":"65621591-6ed3-46d5-85f6-3172b5f690ea-140737350539072","trial_id":34,"param_name":"lora_alpha","param_value_internal":0.0001,"distribution":"{\"name\": \"FloatDistribution\", \"attributes\": {\"step\": null, \"low\": 0.0001, \"high\": 100.0, \"log\": true}}"}
{"op_code":5,"worker_id":"65621591-6ed3-46d5-85f6-3172b5f690ea-140737350539072","trial_id":34,"param_name":"tau_sec","param_value_internal":0.0,"distribution":"{\"name\": \"FloatDistribution\", \"attributes\": {\"step\": null, \"low\": 0.0, \"high\": 0.0, \"log\": false}}"}
{"op_code":5,"worker_id":"65621591-6ed3-46d5-85f6-3172b5f690ea-140737350539072","trial_id":34,"param_name":"out_noise","param_value_internal":0.0,"distribution":"{\"name\": \"FloatDistribution\", \"attributes\": {\"step\": null, \"low\": 0.0, \"high\": 0.0, \"log\": false}}"}
{"op_code":5,"worker_id":"65621591-6ed3-46d5-85f6-3172b5f690ea-140737350539072","trial_id":34,"param_name":"ab_weight_scaling_omega","param_value_internal":0.0,"distribution":"{\"name\": \"FloatDistribution\", \"attributes\": {\"step\": null, \"low\": 0.0, \"high\": 0.0, \"log\": false}}"}
{"op_code":5,"worker_id":"65621591-6ed3-46d5-85f6-3172b5f690ea-140737350539072","trial_id":34,"param_name":"min_lr_rate","param_value_internal":0.0,"distribution":"{\"name\": \"FloatDistribution\", \"attributes\": {\"step\": null, \"low\": 0.0, \"high\": 0.0, \"log\": false}}"}
{"op_code":7,"worker_id":"65621591-6ed3-46d5-85f6-3172b5f690ea-140737350539072","trial_id":34,"step":1,"intermediate_value":81.22270742358079}
{"op_code":8,"worker_id":"65621591-6ed3-46d5-85f6-3172b5f690ea-140737350539072","trial_id":34,"user_attr":{"train_loss_epoch_1":20189761.84388587}}
{"op_code":8,"worker_id":"65621591-6ed3-46d5-85f6-3172b5f690ea-140737350539072","trial_id":34,"user_attr":{"val_loss_epoch_1":2596083.625}}
{"op_code":7,"worker_id":"65621591-6ed3-46d5-85f6-3172b5f690ea-140737350539072","trial_id":34,"step":2,"intermediate_value":81.22270742358079}
{"op_code":8,"worker_id":"65621591-6ed3-46d5-85f6-3172b5f690ea-140737350539072","trial_id":34,"user_attr":{"train_loss_epoch_2":848323.2469938858}}
{"op_code":8,"worker_id":"65621591-6ed3-46d5-85f6-3172b5f690ea-140737350539072","trial_id":34,"user_attr":{"val_loss_epoch_2":39289.740234375}}
{"op_code":7,"worker_id":"65621591-6ed3-46d5-85f6-3172b5f690ea-140737350539072","trial_id":34,"step":3,"intermediate_value":81.22270742358079}
{"op_code":8,"worker_id":"65621591-6ed3-46d5-85f6-3172b5f690ea-140737350539072","trial_id":34,"user_attr":{"train_loss_epoch_3":262613.6451766304}}
{"op_code":8,"worker_id":"65621591-6ed3-46d5-85f6-3172b5f690ea-140737350539072","trial_id":34,"user_attr":{"val_loss_epoch_3":219817.6171875}}
{"op_code":7,"worker_id":"65621591-6ed3-46d5-85f6-3172b5f690ea-140737350539072","trial_id":34,"step":4,"intermediate_value":81.22270742358079}
{"op_code":8,"worker_id":"65621591-6ed3-46d5-85f6-3172b5f690ea-140737350539072","trial_id":34,"user_attr":{"train_loss_epoch_4":245029.25883152173}}
{"op_code":8,"worker_id":"65621591-6ed3-46d5-85f6-3172b5f690ea-140737350539072","trial_id":34,"user_attr":{"val_loss_epoch_4":61042.4140625}}
{"op_code":6,"worker_id":"65621591-6ed3-46d5-85f6-3172b5f690ea-140737350539072","trial_id":34,"state":1,"values":[81.22270742358079],"datetime_complete":"2026-02-21T22:40:07.973758"}
{"op_code":4,"worker_id":"65621591-6ed3-46d5-85f6-3172b5f690ea-140737350539072","study_id":0,"datetime_start":"2026-02-21T22:40:07.983094"}
{"op_code":5,"worker_id":"65621591-6ed3-46d5-85f6-3172b5f690ea-140737350539072","trial_id":35,"param_name":"learning_rate","param_value_internal":0.003559122477729396,"distribution":"{\"name\": \"FloatDistribution\", \"attributes\": {\"step\": null, \"low\": 0.001, \"high\": 10.0, \"log\": true}}"}
{"op_code":5,"worker_id":"65621591-6ed3-46d5-85f6-3172b5f690ea-140737350539072","trial_id":35,"param_name":"transfer_lr","param_value_internal":1.1715191972370662,"distribution":"{\"name\": \"FloatDistribution\", \"attributes\": {\"step\": null, \"low\": 0.0001, \"high\": 100.0, \"log\": true}}"}
{"op_code":5,"worker_id":"65621591-6ed3-46d5-85f6-3172b5f690ea-140737350539072","trial_id":35,"param_name":"transfer_every","param_value_internal":64.0,"distribution":"{\"name\": \"IntDistribution\", \"attributes\": {\"log\": true, \"step\": 1, \"low\": 64, \"high\": 32000}}"}
{"op_code":5,"worker_id":"65621591-6ed3-46d5-85f6-3172b5f690ea-140737350539072","trial_id":35,"param_name":"rank_exp","param_value_internal":0.0,"distribution":"{\"name\": \"IntDistribution\", \"attributes\": {\"log\": false, \"step\": 1, \"low\": 0, \"high\": 5}}"}
{"op_code":5,"worker_id":"65621591-6ed3-46d5-85f6-3172b5f690ea-140737350539072","trial_id":35,"param_name":"lora_alpha","param_value_internal":0.028126676108962072,"distribution":"{\"name\": \"FloatDistribution\", \"attributes\": {\"step\": null, \"low\": 0.0001, \"high\": 100.0, \"log\": true}}"}
{"op_code":5,"worker_id":"65621591-6ed3-46d5-85f6-3172b5f690ea-140737350539072","trial_id":35,"param_name":"tau_sec","param_value_internal":0.0,"distribution":"{\"name\": \"FloatDistribution\", \"attributes\": {\"step\": null, \"low\": 0.0, \"high\": 0.0, \"log\": false}}"}
{"op_code":5,"worker_id":"65621591-6ed3-46d5-85f6-3172b5f690ea-140737350539072","trial_id":35,"param_name":"out_noise","param_value_internal":0.0,"distribution":"{\"name\": \"FloatDistribution\", \"attributes\": {\"step\": null, \"low\": 0.0, \"high\": 0.0, \"log\": false}}"}
{"op_code":5,"worker_id":"65621591-6ed3-46d5-85f6-3172b5f690ea-140737350539072","trial_id":35,"param_name":"ab_weight_scaling_omega","param_value_internal":0.0,"distribution":"{\"name\": \"FloatDistribution\", \"attributes\": {\"step\": null, \"low\": 0.0, \"high\": 0.0, \"log\": false}}"}
{"op_code":5,"worker_id":"65621591-6ed3-46d5-85f6-3172b5f690ea-140737350539072","trial_id":35,"param_name":"min_lr_rate","param_value_internal":0.0,"distribution":"{\"name\": \"FloatDistribution\", \"attributes\": {\"step\": null, \"low\": 0.0, \"high\": 0.0, \"log\": false}}"}
{"op_code":7,"worker_id":"65621591-6ed3-46d5-85f6-3172b5f690ea-140737350539072","trial_id":35,"step":1,"intermediate_value":81.22270742358079}
{"op_code":8,"worker_id":"65621591-6ed3-46d5-85f6-3172b5f690ea-140737350539072","trial_id":35,"user_attr":{"train_loss_epoch_1":26023581.26576087}}
{"op_code":8,"worker_id":"65621591-6ed3-46d5-85f6-3172b5f690ea-140737350539072","trial_id":35,"user_attr":{"val_loss_epoch_1":6847045.0}}
{"op_code":7,"worker_id":"65621591-6ed3-46d5-85f6-3172b5f690ea-140737350539072","trial_id":35,"step":2,"intermediate_value":81.22270742358079}
{"op_code":8,"worker_id":"65621591-6ed3-46d5-85f6-3172b5f690ea-140737350539072","trial_id":35,"user_attr":{"train_loss_epoch_2":20211380.61875}}
{"op_code":8,"worker_id":"65621591-6ed3-46d5-85f6-3172b5f690ea-140737350539072","trial_id":35,"user_attr":{"val_loss_epoch_2":16421037.0}}
{"op_code":7,"worker_id":"65621591-6ed3-46d5-85f6-3172b5f690ea-140737350539072","trial_id":35,"step":3,"intermediate_value":81.22270742358079}
{"op_code":8,"worker_id":"65621591-6ed3-46d5-85f6-3172b5f690ea-140737350539072","trial_id":35,"user_attr":{"train_loss_epoch_3":11460710.235326087}}
{"op_code":8,"worker_id":"65621591-6ed3-46d5-85f6-3172b5f690ea-140737350539072","trial_id":35,"user_attr":{"val_loss_epoch_3":3460187.375}}
{"op_code":7,"worker_id":"65621591-6ed3-46d5-85f6-3172b5f690ea-140737350539072","trial_id":35,"step":4,"intermediate_value":81.22270742358079}
{"op_code":8,"worker_id":"65621591-6ed3-46d5-85f6-3172b5f690ea-140737350539072","trial_id":35,"user_attr":{"train_loss_epoch_4":5139918.454619565}}
{"op_code":8,"worker_id":"65621591-6ed3-46d5-85f6-3172b5f690ea-140737350539072","trial_id":35,"user_attr":{"val_loss_epoch_4":1342584.1875}}
{"op_code":7,"worker_id":"65621591-6ed3-46d5-85f6-3172b5f690ea-140737350539072","trial_id":35,"step":5,"intermediate_value":81.22270742358079}
{"op_code":8,"worker_id":"65621591-6ed3-46d5-85f6-3172b5f690ea-140737350539072","trial_id":35,"user_attr":{"train_loss_epoch_5":481903.5300112517}}
{"op_code":8,"worker_id":"65621591-6ed3-46d5-85f6-3172b5f690ea-140737350539072","trial_id":35,"user_attr":{"val_loss_epoch_5":9755.76953125}}
{"op_code":7,"worker_id":"65621591-6ed3-46d5-85f6-3172b5f690ea-140737350539072","trial_id":35,"step":6,"intermediate_value":81.22270742358079}
{"op_code":8,"worker_id":"65621591-6ed3-46d5-85f6-3172b5f690ea-140737350539072","trial_id":35,"user_attr":{"train_loss_epoch_6":47370.49827190897}}
{"op_code":8,"worker_id":"65621591-6ed3-46d5-85f6-3172b5f690ea-140737350539072","trial_id":35,"user_attr":{"val_loss_epoch_6":10983.81591796875}}
{"op_code":7,"worker_id":"65621591-6ed3-46d5-85f6-3172b5f690ea-140737350539072","trial_id":35,"step":7,"intermediate_value":81.22270742358079}
{"op_code":8,"worker_id":"65621591-6ed3-46d5-85f6-3172b5f690ea-140737350539072","trial_id":35,"user_attr":{"train_loss_epoch_7":41227.5962720788}}
{"op_code":8,"worker_id":"65621591-6ed3-46d5-85f6-3172b5f690ea-140737350539072","trial_id":35,"user_attr":{"val_loss_epoch_7":20751.3310546875}}
{"op_code":6,"worker_id":"65621591-6ed3-46d5-85f6-3172b5f690ea-140737350539072","trial_id":35,"state":1,"values":[81.22270742358079],"datetime_complete":"2026-02-21T22:42:42.803484"}
{"op_code":4,"worker_id":"65621591-6ed3-46d5-85f6-3172b5f690ea-140737350539072","study_id":0,"datetime_start":"2026-02-21T22:42:42.812029"}
{"op_code":5,"worker_id":"65621591-6ed3-46d5-85f6-3172b5f690ea-140737350539072","trial_id":36,"param_name":"learning_rate","param_value_internal":0.021024012424669572,"distribution":"{\"name\": \"FloatDistribution\", \"attributes\": {\"step\": null, \"low\": 0.001, \"high\": 10.0, \"log\": true}}"}
{"op_code":5,"worker_id":"65621591-6ed3-46d5-85f6-3172b5f690ea-140737350539072","trial_id":36,"param_name":"transfer_lr","param_value_internal":0.0014329608332776366,"distribution":"{\"name\": \"FloatDistribution\", \"attributes\": {\"step\": null, \"low\": 0.0001, \"high\": 100.0, \"log\": true}}"}
{"op_code":5,"worker_id":"65621591-6ed3-46d5-85f6-3172b5f690ea-140737350539072","trial_id":36,"param_name":"transfer_every","param_value_internal":32000.0,"distribution":"{\"name\": \"IntDistribution\", \"attributes\": {\"log\": true, \"step\": 1, \"low\": 64, \"high\": 32000}}"}
{"op_code":5,"worker_id":"65621591-6ed3-46d5-85f6-3172b5f690ea-140737350539072","trial_id":36,"param_name":"rank_exp","param_value_internal":5.0,"distribution":"{\"name\": \"IntDistribution\", \"attributes\": {\"log\": false, \"step\": 1, \"low\": 0, \"high\": 5}}"}
{"op_code":5,"worker_id":"65621591-6ed3-46d5-85f6-3172b5f690ea-140737350539072","trial_id":36,"param_name":"lora_alpha","param_value_internal":90.50021510445333,"distribution":"{\"name\": \"FloatDistribution\", \"attributes\": {\"step\": null, \"low\": 0.0001, \"high\": 100.0, \"log\": true}}"}
{"op_code":5,"worker_id":"65621591-6ed3-46d5-85f6-3172b5f690ea-140737350539072","trial_id":36,"param_name":"tau_sec","param_value_internal":0.0,"distribution":"{\"name\": \"FloatDistribution\", \"attributes\": {\"step\": null, \"low\": 0.0, \"high\": 0.0, \"log\": false}}"}
{"op_code":5,"worker_id":"65621591-6ed3-46d5-85f6-3172b5f690ea-140737350539072","trial_id":36,"param_name":"out_noise","param_value_internal":0.0,"distribution":"{\"name\": \"FloatDistribution\", \"attributes\": {\"step\": null, \"low\": 0.0, \"high\": 0.0, \"log\": false}}"}
{"op_code":5,"worker_id":"65621591-6ed3-46d5-85f6-3172b5f690ea-140737350539072","trial_id":36,"param_name":"ab_weight_scaling_omega","param_value_internal":0.0,"distribution":"{\"name\": \"FloatDistribution\", \"attributes\": {\"step\": null, \"low\": 0.0, \"high\": 0.0, \"log\": false}}"}
{"op_code":5,"worker_id":"65621591-6ed3-46d5-85f6-3172b5f690ea-140737350539072","trial_id":36,"param_name":"min_lr_rate","param_value_internal":0.0,"distribution":"{\"name\": \"FloatDistribution\", \"attributes\": {\"step\": null, \"low\": 0.0, \"high\": 0.0, \"log\": false}}"}
{"op_code":7,"worker_id":"65621591-6ed3-46d5-85f6-3172b5f690ea-140737350539072","trial_id":36,"step":1,"intermediate_value":0.0}
{"op_code":8,"worker_id":"65621591-6ed3-46d5-85f6-3172b5f690ea-140737350539072","trial_id":36,"user_attr":{"train_loss_epoch_1":17274789.235529892}}
{"op_code":8,"worker_id":"65621591-6ed3-46d5-85f6-3172b5f690ea-140737350539072","trial_id":36,"user_attr":{"val_loss_epoch_1":143917.1640625}}
{"op_code":7,"worker_id":"65621591-6ed3-46d5-85f6-3172b5f690ea-140737350539072","trial_id":36,"step":2,"intermediate_value":81.22270742358079}
{"op_code":8,"worker_id":"65621591-6ed3-46d5-85f6-3172b5f690ea-140737350539072","trial_id":36,"user_attr":{"train_loss_epoch_2":428508.94545473845}}
{"op_code":8,"worker_id":"65621591-6ed3-46d5-85f6-3172b5f690ea-140737350539072","trial_id":36,"user_attr":{"val_loss_epoch_2":9263.18701171875}}
{"op_code":7,"worker_id":"65621591-6ed3-46d5-85f6-3172b5f690ea-140737350539072","trial_id":36,"step":3,"intermediate_value":81.22270742358079}
{"op_code":8,"worker_id":"65621591-6ed3-46d5-85f6-3172b5f690ea-140737350539072","trial_id":36,"user_attr":{"train_loss_epoch_3":387435.97829483694}}
{"op_code":8,"worker_id":"65621591-6ed3-46d5-85f6-3172b5f690ea-140737350539072","trial_id":36,"user_attr":{"val_loss_epoch_3":34055.65234375}}
{"op_code":7,"worker_id":"65621591-6ed3-46d5-85f6-3172b5f690ea-140737350539072","trial_id":36,"step":4,"intermediate_value":81.22270742358079}
{"op_code":8,"worker_id":"65621591-6ed3-46d5-85f6-3172b5f690ea-140737350539072","trial_id":36,"user_attr":{"train_loss_epoch_4":355242.4984375}}
{"op_code":8,"worker_id":"65621591-6ed3-46d5-85f6-3172b5f690ea-140737350539072","trial_id":36,"user_attr":{"val_loss_epoch_4":182930.296875}}
{"op_code":6,"worker_id":"65621591-6ed3-46d5-85f6-3172b5f690ea-140737350539072","trial_id":36,"state":1,"values":[81.22270742358079],"datetime_complete":"2026-02-21T22:44:30.146683"}
{"op_code":4,"worker_id":"65621591-6ed3-46d5-85f6-3172b5f690ea-140737350539072","study_id":0,"datetime_start":"2026-02-21T22:44:30.157901"}
{"op_code":5,"worker_id":"65621591-6ed3-46d5-85f6-3172b5f690ea-140737350539072","trial_id":37,"param_name":"learning_rate","param_value_internal":10.0,"distribution":"{\"name\": \"FloatDistribution\", \"attributes\": {\"step\": null, \"low\": 0.001, \"high\": 10.0, \"log\": true}}"}
{"op_code":5,"worker_id":"65621591-6ed3-46d5-85f6-3172b5f690ea-140737350539072","trial_id":37,"param_name":"transfer_lr","param_value_internal":0.0001,"distribution":"{\"name\": \"FloatDistribution\", \"attributes\": {\"step\": null, \"low\": 0.0001, \"high\": 100.0, \"log\": true}}"}
{"op_code":5,"worker_id":"65621591-6ed3-46d5-85f6-3172b5f690ea-140737350539072","trial_id":37,"param_name":"transfer_every","param_value_internal":32000.0,"distribution":"{\"name\": \"IntDistribution\", \"attributes\": {\"log\": true, \"step\": 1, \"low\": 64, \"high\": 32000}}"}
{"op_code":5,"worker_id":"65621591-6ed3-46d5-85f6-3172b5f690ea-140737350539072","trial_id":37,"param_name":"rank_exp","param_value_internal":0.0,"distribution":"{\"name\": \"IntDistribution\", \"attributes\": {\"log\": false, \"step\": 1, \"low\": 0, \"high\": 5}}"}
{"op_code":5,"worker_id":"65621591-6ed3-46d5-85f6-3172b5f690ea-140737350539072","trial_id":37,"param_name":"lora_alpha","param_value_internal":0.36529836875211297,"distribution":"{\"name\": \"FloatDistribution\", \"attributes\": {\"step\": null, \"low\": 0.0001, \"high\": 100.0, \"log\": true}}"}
{"op_code":5,"worker_id":"65621591-6ed3-46d5-85f6-3172b5f690ea-140737350539072","trial_id":37,"param_name":"tau_sec","param_value_internal":0.0,"distribution":"{\"name\": \"FloatDistribution\", \"attributes\": {\"step\": null, \"low\": 0.0, \"high\": 0.0, \"log\": false}}"}
{"op_code":5,"worker_id":"65621591-6ed3-46d5-85f6-3172b5f690ea-140737350539072","trial_id":37,"param_name":"out_noise","param_value_internal":0.0,"distribution":"{\"name\": \"FloatDistribution\", \"attributes\": {\"step\": null, \"low\": 0.0, \"high\": 0.0, \"log\": false}}"}
{"op_code":5,"worker_id":"65621591-6ed3-46d5-85f6-3172b5f690ea-140737350539072","trial_id":37,"param_name":"ab_weight_scaling_omega","param_value_internal":0.0,"distribution":"{\"name\": \"FloatDistribution\", \"attributes\": {\"step\": null, \"low\": 0.0, \"high\": 0.0, \"log\": false}}"}
{"op_code":5,"worker_id":"65621591-6ed3-46d5-85f6-3172b5f690ea-140737350539072","trial_id":37,"param_name":"min_lr_rate","param_value_internal":0.0,"distribution":"{\"name\": \"FloatDistribution\", \"attributes\": {\"step\": null, \"low\": 0.0, \"high\": 0.0, \"log\": false}}"}
{"op_code":7,"worker_id":"65621591-6ed3-46d5-85f6-3172b5f690ea-140737350539072","trial_id":37,"step":1,"intermediate_value":0.0}
{"op_code":8,"worker_id":"65621591-6ed3-46d5-85f6-3172b5f690ea-140737350539072","trial_id":37,"user_attr":{"train_loss_epoch_1":133482056.42173913}}
{"op_code":8,"worker_id":"65621591-6ed3-46d5-85f6-3172b5f690ea-140737350539072","trial_id":37,"user_attr":{"val_loss_epoch_1":221919400.0}}
{"op_code":7,"worker_id":"65621591-6ed3-46d5-85f6-3172b5f690ea-140737350539072","trial_id":37,"step":2,"intermediate_value":81.22270742358079}
{"op_code":8,"worker_id":"65621591-6ed3-46d5-85f6-3172b5f690ea-140737350539072","trial_id":37,"user_attr":{"train_loss_epoch_2":200516442.70434782}}
{"op_code":8,"worker_id":"65621591-6ed3-46d5-85f6-3172b5f690ea-140737350539072","trial_id":37,"user_attr":{"val_loss_epoch_2":10152431.5}}
{"op_code":7,"worker_id":"65621591-6ed3-46d5-85f6-3172b5f690ea-140737350539072","trial_id":37,"step":3,"intermediate_value":81.22270742358079}
{"op_code":8,"worker_id":"65621591-6ed3-46d5-85f6-3172b5f690ea-140737350539072","trial_id":37,"user_attr":{"train_loss_epoch_3":179956726.27173913}}
{"op_code":8,"worker_id":"65621591-6ed3-46d5-85f6-3172b5f690ea-140737350539072","trial_id":37,"user_attr":{"val_loss_epoch_3":86744696.0}}
{"op_code":7,"worker_id":"65621591-6ed3-46d5-85f6-3172b5f690ea-140737350539072","trial_id":37,"step":4,"intermediate_value":81.22270742358079}
{"op_code":8,"worker_id":"65621591-6ed3-46d5-85f6-3172b5f690ea-140737350539072","trial_id":37,"user_attr":{"train_loss_epoch_4":167919732.17391303}}
{"op_code":8,"worker_id":"65621591-6ed3-46d5-85f6-3172b5f690ea-140737350539072","trial_id":37,"user_attr":{"val_loss_epoch_4":31810251.0}}
{"op_code":6,"worker_id":"65621591-6ed3-46d5-85f6-3172b5f690ea-140737350539072","trial_id":37,"state":1,"values":[81.22270742358079],"datetime_complete":"2026-02-21T22:46:33.093175"}
{"op_code":4,"worker_id":"65621591-6ed3-46d5-85f6-3172b5f690ea-140737350539072","study_id":0,"datetime_start":"2026-02-21T22:46:33.102474"}
{"op_code":5,"worker_id":"65621591-6ed3-46d5-85f6-3172b5f690ea-140737350539072","trial_id":38,"param_name":"learning_rate","param_value_internal":0.002261634234517228,"distribution":"{\"name\": \"FloatDistribution\", \"attributes\": {\"step\": null, \"low\": 0.001, \"high\": 10.0, \"log\": true}}"}
{"op_code":5,"worker_id":"65621591-6ed3-46d5-85f6-3172b5f690ea-140737350539072","trial_id":38,"param_name":"transfer_lr","param_value_internal":95.50058636738237,"distribution":"{\"name\": \"FloatDistribution\", \"attributes\": {\"step\": null, \"low\": 0.0001, \"high\": 100.0, \"log\": true}}"}
{"op_code":5,"worker_id":"65621591-6ed3-46d5-85f6-3172b5f690ea-140737350539072","trial_id":38,"param_name":"transfer_every","param_value_internal":64.0,"distribution":"{\"name\": \"IntDistribution\", \"attributes\": {\"log\": true, \"step\": 1, \"low\": 64, \"high\": 32000}}"}
{"op_code":5,"worker_id":"65621591-6ed3-46d5-85f6-3172b5f690ea-140737350539072","trial_id":38,"param_name":"rank_exp","param_value_internal":5.0,"distribution":"{\"name\": \"IntDistribution\", \"attributes\": {\"log\": false, \"step\": 1, \"low\": 0, \"high\": 5}}"}
{"op_code":5,"worker_id":"65621591-6ed3-46d5-85f6-3172b5f690ea-140737350539072","trial_id":38,"param_name":"lora_alpha","param_value_internal":0.0021862752116843915,"distribution":"{\"name\": \"FloatDistribution\", \"attributes\": {\"step\": null, \"low\": 0.0001, \"high\": 100.0, \"log\": true}}"}
{"op_code":5,"worker_id":"65621591-6ed3-46d5-85f6-3172b5f690ea-140737350539072","trial_id":38,"param_name":"tau_sec","param_value_internal":0.0,"distribution":"{\"name\": \"FloatDistribution\", \"attributes\": {\"step\": null, \"low\": 0.0, \"high\": 0.0, \"log\": false}}"}
{"op_code":5,"worker_id":"65621591-6ed3-46d5-85f6-3172b5f690ea-140737350539072","trial_id":38,"param_name":"out_noise","param_value_internal":0.0,"distribution":"{\"name\": \"FloatDistribution\", \"attributes\": {\"step\": null, \"low\": 0.0, \"high\": 0.0, \"log\": false}}"}
{"op_code":5,"worker_id":"65621591-6ed3-46d5-85f6-3172b5f690ea-140737350539072","trial_id":38,"param_name":"ab_weight_scaling_omega","param_value_internal":0.0,"distribution":"{\"name\": \"FloatDistribution\", \"attributes\": {\"step\": null, \"low\": 0.0, \"high\": 0.0, \"log\": false}}"}
{"op_code":5,"worker_id":"65621591-6ed3-46d5-85f6-3172b5f690ea-140737350539072","trial_id":38,"param_name":"min_lr_rate","param_value_internal":0.0,"distribution":"{\"name\": \"FloatDistribution\", \"attributes\": {\"step\": null, \"low\": 0.0, \"high\": 0.0, \"log\": false}}"}
{"op_code":7,"worker_id":"65621591-6ed3-46d5-85f6-3172b5f690ea-140737350539072","trial_id":38,"step":1,"intermediate_value":81.22270742358079}
{"op_code":8,"worker_id":"65621591-6ed3-46d5-85f6-3172b5f690ea-140737350539072","trial_id":38,"user_attr":{"train_loss_epoch_1":27628277.565489132}}
{"op_code":8,"worker_id":"65621591-6ed3-46d5-85f6-3172b5f690ea-140737350539072","trial_id":38,"user_attr":{"val_loss_epoch_1":39085486.0}}
{"op_code":7,"worker_id":"65621591-6ed3-46d5-85f6-3172b5f690ea-140737350539072","trial_id":38,"step":2,"intermediate_value":81.22270742358079}
{"op_code":8,"worker_id":"65621591-6ed3-46d5-85f6-3172b5f690ea-140737350539072","trial_id":38,"user_attr":{"train_loss_epoch_2":22814073.67173913}}
{"op_code":8,"worker_id":"65621591-6ed3-46d5-85f6-3172b5f690ea-140737350539072","trial_id":38,"user_attr":{"val_loss_epoch_2":12178776.0}}
{"op_code":7,"worker_id":"65621591-6ed3-46d5-85f6-3172b5f690ea-140737350539072","trial_id":38,"step":3,"intermediate_value":81.22270742358079}
{"op_code":8,"worker_id":"65621591-6ed3-46d5-85f6-3172b5f690ea-140737350539072","trial_id":38,"user_attr":{"train_loss_epoch_3":17320627.03299932}}
{"op_code":8,"worker_id":"65621591-6ed3-46d5-85f6-3172b5f690ea-140737350539072","trial_id":38,"user_attr":{"val_loss_epoch_3":9079570.5}}
{"op_code":7,"worker_id":"65621591-6ed3-46d5-85f6-3172b5f690ea-140737350539072","trial_id":38,"step":4,"intermediate_value":81.22270742358079}
{"op_code":8,"worker_id":"65621591-6ed3-46d5-85f6-3172b5f690ea-140737350539072","trial_id":38,"user_attr":{"train_loss_epoch_4":13431104.731521739}}
{"op_code":8,"worker_id":"65621591-6ed3-46d5-85f6-3172b5f690ea-140737350539072","trial_id":38,"user_attr":{"val_loss_epoch_4":10689982.0}}
{"op_code":7,"worker_id":"65621591-6ed3-46d5-85f6-3172b5f690ea-140737350539072","trial_id":38,"step":5,"intermediate_value":81.22270742358079}
{"op_code":8,"worker_id":"65621591-6ed3-46d5-85f6-3172b5f690ea-140737350539072","trial_id":38,"user_attr":{"train_loss_epoch_5":9268128.968342392}}
{"op_code":8,"worker_id":"65621591-6ed3-46d5-85f6-3172b5f690ea-140737350539072","trial_id":38,"user_attr":{"val_loss_epoch_5":2540009.375}}
{"op_code":7,"worker_id":"65621591-6ed3-46d5-85f6-3172b5f690ea-140737350539072","trial_id":38,"step":6,"intermediate_value":81.22270742358079}
{"op_code":8,"worker_id":"65621591-6ed3-46d5-85f6-3172b5f690ea-140737350539072","trial_id":38,"user_attr":{"train_loss_epoch_6":5634742.216236413}}
{"op_code":8,"worker_id":"65621591-6ed3-46d5-85f6-3172b5f690ea-140737350539072","trial_id":38,"user_attr":{"val_loss_epoch_6":4247779.375}}
{"op_code":7,"worker_id":"65621591-6ed3-46d5-85f6-3172b5f690ea-140737350539072","trial_id":38,"step":7,"intermediate_value":81.22270742358079}
{"op_code":8,"worker_id":"65621591-6ed3-46d5-85f6-3172b5f690ea-140737350539072","trial_id":38,"user_attr":{"train_loss_epoch_7":2927673.812737772}}
{"op_code":8,"worker_id":"65621591-6ed3-46d5-85f6-3172b5f690ea-140737350539072","trial_id":38,"user_attr":{"val_loss_epoch_7":458629.140625}}
{"op_code":7,"worker_id":"65621591-6ed3-46d5-85f6-3172b5f690ea-140737350539072","trial_id":38,"step":8,"intermediate_value":81.22270742358079}
{"op_code":8,"worker_id":"65621591-6ed3-46d5-85f6-3172b5f690ea-140737350539072","trial_id":38,"user_attr":{"train_loss_epoch_8":796847.4435546875}}
{"op_code":8,"worker_id":"65621591-6ed3-46d5-85f6-3172b5f690ea-140737350539072","trial_id":38,"user_attr":{"val_loss_epoch_8":283601.0625}}
{"op_code":7,"worker_id":"65621591-6ed3-46d5-85f6-3172b5f690ea-140737350539072","trial_id":38,"step":9,"intermediate_value":81.22270742358079}
{"op_code":8,"worker_id":"65621591-6ed3-46d5-85f6-3172b5f690ea-140737350539072","trial_id":38,"user_attr":{"train_loss_epoch_9":87465.75078337296}}
{"op_code":8,"worker_id":"65621591-6ed3-46d5-85f6-3172b5f690ea-140737350539072","trial_id":38,"user_attr":{"val_loss_epoch_9":12741.72900390625}}
{"op_code":7,"worker_id":"65621591-6ed3-46d5-85f6-3172b5f690ea-140737350539072","trial_id":38,"step":10,"intermediate_value":81.22270742358079}
{"op_code":8,"worker_id":"65621591-6ed3-46d5-85f6-3172b5f690ea-140737350539072","trial_id":38,"user_attr":{"train_loss_epoch_10":16498.247143023946}}
{"op_code":8,"worker_id":"65621591-6ed3-46d5-85f6-3172b5f690ea-140737350539072","trial_id":38,"user_attr":{"val_loss_epoch_10":14496.99755859375}}
{"op_code":7,"worker_id":"65621591-6ed3-46d5-85f6-3172b5f690ea-140737350539072","trial_id":38,"step":11,"intermediate_value":81.22270742358079}
{"op_code":8,"worker_id":"65621591-6ed3-46d5-85f6-3172b5f690ea-140737350539072","trial_id":38,"user_attr":{"train_loss_epoch_11":12273.397245589547}}
{"op_code":8,"worker_id":"65621591-6ed3-46d5-85f6-3172b5f690ea-140737350539072","trial_id":38,"user_attr":{"val_loss_epoch_11":16192.3525390625}}
{"op_code":6,"worker_id":"65621591-6ed3-46d5-85f6-3172b5f690ea-140737350539072","trial_id":38,"state":1,"values":[81.22270742358079],"datetime_complete":"2026-02-21T22:50:36.879508"}
{"op_code":4,"worker_id":"65621591-6ed3-46d5-85f6-3172b5f690ea-140737350539072","study_id":0,"datetime_start":"2026-02-21T22:50:36.886983"}
{"op_code":5,"worker_id":"65621591-6ed3-46d5-85f6-3172b5f690ea-140737350539072","trial_id":39,"param_name":"learning_rate","param_value_internal":10.0,"distribution":"{\"name\": \"FloatDistribution\", \"attributes\": {\"step\": null, \"low\": 0.001, \"high\": 10.0, \"log\": true}}"}
{"op_code":5,"worker_id":"65621591-6ed3-46d5-85f6-3172b5f690ea-140737350539072","trial_id":39,"param_name":"transfer_lr","param_value_internal":0.0005725480856289832,"distribution":"{\"name\": \"FloatDistribution\", \"attributes\": {\"step\": null, \"low\": 0.0001, \"high\": 100.0, \"log\": true}}"}
{"op_code":5,"worker_id":"65621591-6ed3-46d5-85f6-3172b5f690ea-140737350539072","trial_id":39,"param_name":"transfer_every","param_value_internal":64.0,"distribution":"{\"name\": \"IntDistribution\", \"attributes\": {\"log\": true, \"step\": 1, \"low\": 64, \"high\": 32000}}"}
{"op_code":5,"worker_id":"65621591-6ed3-46d5-85f6-3172b5f690ea-140737350539072","trial_id":39,"param_name":"rank_exp","param_value_internal":0.0,"distribution":"{\"name\": \"IntDistribution\", \"attributes\": {\"log\": false, \"step\": 1, \"low\": 0, \"high\": 5}}"}
{"op_code":5,"worker_id":"65621591-6ed3-46d5-85f6-3172b5f690ea-140737350539072","trial_id":39,"param_name":"lora_alpha","param_value_internal":6.736912777109029,"distribution":"{\"name\": \"FloatDistribution\", \"attributes\": {\"step\": null, \"low\": 0.0001, \"high\": 100.0, \"log\": true}}"}
{"op_code":5,"worker_id":"65621591-6ed3-46d5-85f6-3172b5f690ea-140737350539072","trial_id":39,"param_name":"tau_sec","param_value_internal":0.0,"distribution":"{\"name\": \"FloatDistribution\", \"attributes\": {\"step\": null, \"low\": 0.0, \"high\": 0.0, \"log\": false}}"}
{"op_code":5,"worker_id":"65621591-6ed3-46d5-85f6-3172b5f690ea-140737350539072","trial_id":39,"param_name":"out_noise","param_value_internal":0.0,"distribution":"{\"name\": \"FloatDistribution\", \"attributes\": {\"step\": null, \"low\": 0.0, \"high\": 0.0, \"log\": false}}"}
{"op_code":5,"worker_id":"65621591-6ed3-46d5-85f6-3172b5f690ea-140737350539072","trial_id":39,"param_name":"ab_weight_scaling_omega","param_value_internal":0.0,"distribution":"{\"name\": \"FloatDistribution\", \"attributes\": {\"step\": null, \"low\": 0.0, \"high\": 0.0, \"log\": false}}"}
{"op_code":5,"worker_id":"65621591-6ed3-46d5-85f6-3172b5f690ea-140737350539072","trial_id":39,"param_name":"min_lr_rate","param_value_internal":0.0,"distribution":"{\"name\": \"FloatDistribution\", \"attributes\": {\"step\": null, \"low\": 0.0, \"high\": 0.0, \"log\": false}}"}
{"op_code":7,"worker_id":"65621591-6ed3-46d5-85f6-3172b5f690ea-140737350539072","trial_id":39,"step":1,"intermediate_value":0.0}
{"op_code":8,"worker_id":"65621591-6ed3-46d5-85f6-3172b5f690ea-140737350539072","trial_id":39,"user_attr":{"train_loss_epoch_1":133077169.06304348}}
{"op_code":8,"worker_id":"65621591-6ed3-46d5-85f6-3172b5f690ea-140737350539072","trial_id":39,"user_attr":{"val_loss_epoch_1":123267072.0}}
{"op_code":7,"worker_id":"65621591-6ed3-46d5-85f6-3172b5f690ea-140737350539072","trial_id":39,"step":2,"intermediate_value":0.0}
{"op_code":8,"worker_id":"65621591-6ed3-46d5-85f6-3172b5f690ea-140737350539072","trial_id":39,"user_attr":{"train_loss_epoch_2":200549893.2521739}}
{"op_code":8,"worker_id":"65621591-6ed3-46d5-85f6-3172b5f690ea-140737350539072","trial_id":39,"user_attr":{"val_loss_epoch_2":26514967.0}}
{"op_code":7,"worker_id":"65621591-6ed3-46d5-85f6-3172b5f690ea-140737350539072","trial_id":39,"step":3,"intermediate_value":81.22270742358079}
{"op_code":8,"worker_id":"65621591-6ed3-46d5-85f6-3172b5f690ea-140737350539072","trial_id":39,"user_attr":{"train_loss_epoch_3":184920748.97391304}}
{"op_code":8,"worker_id":"65621591-6ed3-46d5-85f6-3172b5f690ea-140737350539072","trial_id":39,"user_attr":{"val_loss_epoch_3":18352951.0}}
{"op_code":7,"worker_id":"65621591-6ed3-46d5-85f6-3172b5f690ea-140737350539072","trial_id":39,"step":4,"intermediate_value":81.22270742358079}
{"op_code":8,"worker_id":"65621591-6ed3-46d5-85f6-3172b5f690ea-140737350539072","trial_id":39,"user_attr":{"train_loss_epoch_4":162488576.3}}
{"op_code":8,"worker_id":"65621591-6ed3-46d5-85f6-3172b5f690ea-140737350539072","trial_id":39,"user_attr":{"val_loss_epoch_4":19444025.0}}
{"op_code":7,"worker_id":"65621591-6ed3-46d5-85f6-3172b5f690ea-140737350539072","trial_id":39,"step":5,"intermediate_value":81.22270742358079}
{"op_code":8,"worker_id":"65621591-6ed3-46d5-85f6-3172b5f690ea-140737350539072","trial_id":39,"user_attr":{"train_loss_epoch_5":136958825.1826087}}
{"op_code":8,"worker_id":"65621591-6ed3-46d5-85f6-3172b5f690ea-140737350539072","trial_id":39,"user_attr":{"val_loss_epoch_5":302570.15625}}
{"op_code":7,"worker_id":"65621591-6ed3-46d5-85f6-3172b5f690ea-140737350539072","trial_id":39,"step":6,"intermediate_value":81.22270742358079}
{"op_code":8,"worker_id":"65621591-6ed3-46d5-85f6-3172b5f690ea-140737350539072","trial_id":39,"user_attr":{"train_loss_epoch_6":131829292.93994565}}
{"op_code":8,"worker_id":"65621591-6ed3-46d5-85f6-3172b5f690ea-140737350539072","trial_id":39,"user_attr":{"val_loss_epoch_6":45590962.0}}
{"op_code":7,"worker_id":"65621591-6ed3-46d5-85f6-3172b5f690ea-140737350539072","trial_id":39,"step":7,"intermediate_value":81.22270742358079}
{"op_code":8,"worker_id":"65621591-6ed3-46d5-85f6-3172b5f690ea-140737350539072","trial_id":39,"user_attr":{"train_loss_epoch_7":120109955.9652174}}
{"op_code":8,"worker_id":"65621591-6ed3-46d5-85f6-3172b5f690ea-140737350539072","trial_id":39,"user_attr":{"val_loss_epoch_7":36441398.0}}
{"op_code":6,"worker_id":"65621591-6ed3-46d5-85f6-3172b5f690ea-140737350539072","trial_id":39,"state":1,"values":[81.22270742358079],"datetime_complete":"2026-02-21T22:54:21.514960"}
{"op_code":4,"worker_id":"65621591-6ed3-46d5-85f6-3172b5f690ea-140737350539072","study_id":0,"datetime_start":"2026-02-21T22:54:21.520483"}
{"op_code":5,"worker_id":"65621591-6ed3-46d5-85f6-3172b5f690ea-140737350539072","trial_id":40,"param_name":"learning_rate","param_value_internal":0.002305298738658398,"distribution":"{\"name\": \"FloatDistribution\", \"attributes\": {\"step\": null, \"low\": 0.001, \"high\": 10.0, \"log\": true}}"}
{"op_code":5,"worker_id":"65621591-6ed3-46d5-85f6-3172b5f690ea-140737350539072","trial_id":40,"param_name":"transfer_lr","param_value_internal":0.1359963316312575,"distribution":"{\"name\": \"FloatDistribution\", \"attributes\": {\"step\": null, \"low\": 0.0001, \"high\": 100.0, \"log\": true}}"}
{"op_code":5,"worker_id":"65621591-6ed3-46d5-85f6-3172b5f690ea-140737350539072","trial_id":40,"param_name":"transfer_every","param_value_internal":32000.0,"distribution":"{\"name\": \"IntDistribution\", \"attributes\": {\"log\": true, \"step\": 1, \"low\": 64, \"high\": 32000}}"}
{"op_code":5,"worker_id":"65621591-6ed3-46d5-85f6-3172b5f690ea-140737350539072","trial_id":40,"param_name":"rank_exp","param_value_internal":5.0,"distribution":"{\"name\": \"IntDistribution\", \"attributes\": {\"log\": false, \"step\": 1, \"low\": 0, \"high\": 5}}"}
{"op_code":5,"worker_id":"65621591-6ed3-46d5-85f6-3172b5f690ea-140737350539072","trial_id":40,"param_name":"lora_alpha","param_value_internal":7.17653223560991,"distribution":"{\"name\": \"FloatDistribution\", \"attributes\": {\"step\": null, \"low\": 0.0001, \"high\": 100.0, \"log\": true}}"}
{"op_code":5,"worker_id":"65621591-6ed3-46d5-85f6-3172b5f690ea-140737350539072","trial_id":40,"param_name":"tau_sec","param_value_internal":0.0,"distribution":"{\"name\": \"FloatDistribution\", \"attributes\": {\"step\": null, \"low\": 0.0, \"high\": 0.0, \"log\": false}}"}
{"op_code":5,"worker_id":"65621591-6ed3-46d5-85f6-3172b5f690ea-140737350539072","trial_id":40,"param_name":"out_noise","param_value_internal":0.0,"distribution":"{\"name\": \"FloatDistribution\", \"attributes\": {\"step\": null, \"low\": 0.0, \"high\": 0.0, \"log\": false}}"}
{"op_code":5,"worker_id":"65621591-6ed3-46d5-85f6-3172b5f690ea-140737350539072","trial_id":40,"param_name":"ab_weight_scaling_omega","param_value_internal":0.0,"distribution":"{\"name\": \"FloatDistribution\", \"attributes\": {\"step\": null, \"low\": 0.0, \"high\": 0.0, \"log\": false}}"}
{"op_code":5,"worker_id":"65621591-6ed3-46d5-85f6-3172b5f690ea-140737350539072","trial_id":40,"param_name":"min_lr_rate","param_value_internal":0.0,"distribution":"{\"name\": \"FloatDistribution\", \"attributes\": {\"step\": null, \"low\": 0.0, \"high\": 0.0, \"log\": false}}"}
{"op_code":7,"worker_id":"65621591-6ed3-46d5-85f6-3172b5f690ea-140737350539072","trial_id":40,"step":1,"intermediate_value":81.22270742358079}
{"op_code":8,"worker_id":"65621591-6ed3-46d5-85f6-3172b5f690ea-140737350539072","trial_id":40,"user_attr":{"train_loss_epoch_1":27436485.034375}}
{"op_code":8,"worker_id":"65621591-6ed3-46d5-85f6-3172b5f690ea-140737350539072","trial_id":40,"user_attr":{"val_loss_epoch_1":13447932.5}}
{"op_code":7,"worker_id":"65621591-6ed3-46d5-85f6-3172b5f690ea-140737350539072","trial_id":40,"step":2,"intermediate_value":81.22270742358079}
{"op_code":8,"worker_id":"65621591-6ed3-46d5-85f6-3172b5f690ea-140737350539072","trial_id":40,"user_attr":{"train_loss_epoch_2":21079057.11956522}}
{"op_code":8,"worker_id":"65621591-6ed3-46d5-85f6-3172b5f690ea-140737350539072","trial_id":40,"user_attr":{"val_loss_epoch_2":24471584.0}}
{"op_code":7,"worker_id":"65621591-6ed3-46d5-85f6-3172b5f690ea-140737350539072","trial_id":40,"step":3,"intermediate_value":81.22270742358079}
{"op_code":8,"worker_id":"65621591-6ed3-46d5-85f6-3172b5f690ea-140737350539072","trial_id":40,"user_attr":{"train_loss_epoch_3":17874902.36630435}}
{"op_code":8,"worker_id":"65621591-6ed3-46d5-85f6-3172b5f690ea-140737350539072","trial_id":40,"user_attr":{"val_loss_epoch_3":13031910.0}}
{"op_code":7,"worker_id":"65621591-6ed3-46d5-85f6-3172b5f690ea-140737350539072","trial_id":40,"step":4,"intermediate_value":81.22270742358079}
{"op_code":8,"worker_id":"65621591-6ed3-46d5-85f6-3172b5f690ea-140737350539072","trial_id":40,"user_attr":{"train_loss_epoch_4":12909086.513586957}}
{"op_code":8,"worker_id":"65621591-6ed3-46d5-85f6-3172b5f690ea-140737350539072","trial_id":40,"user_attr":{"val_loss_epoch_4":1940703.625}}
{"op_code":7,"worker_id":"65621591-6ed3-46d5-85f6-3172b5f690ea-140737350539072","trial_id":40,"step":5,"intermediate_value":81.22270742358079}
{"op_code":8,"worker_id":"65621591-6ed3-46d5-85f6-3172b5f690ea-140737350539072","trial_id":40,"user_attr":{"train_loss_epoch_5":9296104.761413043}}
{"op_code":8,"worker_id":"65621591-6ed3-46d5-85f6-3172b5f690ea-140737350539072","trial_id":40,"user_attr":{"val_loss_epoch_5":5464987.25}}
{"op_code":7,"worker_id":"65621591-6ed3-46d5-85f6-3172b5f690ea-140737350539072","trial_id":40,"step":6,"intermediate_value":81.22270742358079}
{"op_code":8,"worker_id":"65621591-6ed3-46d5-85f6-3172b5f690ea-140737350539072","trial_id":40,"user_attr":{"train_loss_epoch_6":5450035.57513587}}
{"op_code":8,"worker_id":"65621591-6ed3-46d5-85f6-3172b5f690ea-140737350539072","trial_id":40,"user_attr":{"val_loss_epoch_6":4223316.0}}
{"op_code":6,"worker_id":"65621591-6ed3-46d5-85f6-3172b5f690ea-140737350539072","trial_id":40,"state":1,"values":[81.22270742358079],"datetime_complete":"2026-02-21T22:58:04.276668"}
{"op_code":4,"worker_id":"65621591-6ed3-46d5-85f6-3172b5f690ea-140737350539072","study_id":0,"datetime_start":"2026-02-21T22:58:04.285696"}
{"op_code":5,"worker_id":"65621591-6ed3-46d5-85f6-3172b5f690ea-140737350539072","trial_id":41,"param_name":"learning_rate","param_value_internal":0.001027885359691577,"distribution":"{\"name\": \"FloatDistribution\", \"attributes\": {\"step\": null, \"low\": 0.001, \"high\": 10.0, \"log\": true}}"}
{"op_code":5,"worker_id":"65621591-6ed3-46d5-85f6-3172b5f690ea-140737350539072","trial_id":41,"param_name":"transfer_lr","param_value_internal":0.02379383164603405,"distribution":"{\"name\": \"FloatDistribution\", \"attributes\": {\"step\": null, \"low\": 0.0001, \"high\": 100.0, \"log\": true}}"}
{"op_code":5,"worker_id":"65621591-6ed3-46d5-85f6-3172b5f690ea-140737350539072","trial_id":41,"param_name":"transfer_every","param_value_internal":64.0,"distribution":"{\"name\": \"IntDistribution\", \"attributes\": {\"log\": true, \"step\": 1, \"low\": 64, \"high\": 32000}}"}
{"op_code":5,"worker_id":"65621591-6ed3-46d5-85f6-3172b5f690ea-140737350539072","trial_id":41,"param_name":"rank_exp","param_value_internal":5.0,"distribution":"{\"name\": \"IntDistribution\", \"attributes\": {\"log\": false, \"step\": 1, \"low\": 0, \"high\": 5}}"}
{"op_code":5,"worker_id":"65621591-6ed3-46d5-85f6-3172b5f690ea-140737350539072","trial_id":41,"param_name":"lora_alpha","param_value_internal":0.0001,"distribution":"{\"name\": \"FloatDistribution\", \"attributes\": {\"step\": null, \"low\": 0.0001, \"high\": 100.0, \"log\": true}}"}
{"op_code":5,"worker_id":"65621591-6ed3-46d5-85f6-3172b5f690ea-140737350539072","trial_id":41,"param_name":"tau_sec","param_value_internal":0.0,"distribution":"{\"name\": \"FloatDistribution\", \"attributes\": {\"step\": null, \"low\": 0.0, \"high\": 0.0, \"log\": false}}"}
{"op_code":5,"worker_id":"65621591-6ed3-46d5-85f6-3172b5f690ea-140737350539072","trial_id":41,"param_name":"out_noise","param_value_internal":0.0,"distribution":"{\"name\": \"FloatDistribution\", \"attributes\": {\"step\": null, \"low\": 0.0, \"high\": 0.0, \"log\": false}}"}
{"op_code":5,"worker_id":"65621591-6ed3-46d5-85f6-3172b5f690ea-140737350539072","trial_id":41,"param_name":"ab_weight_scaling_omega","param_value_internal":0.0,"distribution":"{\"name\": \"FloatDistribution\", \"attributes\": {\"step\": null, \"low\": 0.0, \"high\": 0.0, \"log\": false}}"}
{"op_code":5,"worker_id":"65621591-6ed3-46d5-85f6-3172b5f690ea-140737350539072","trial_id":41,"param_name":"min_lr_rate","param_value_internal":0.0,"distribution":"{\"name\": \"FloatDistribution\", \"attributes\": {\"step\": null, \"low\": 0.0, \"high\": 0.0, \"log\": false}}"}
{"op_code":7,"worker_id":"65621591-6ed3-46d5-85f6-3172b5f690ea-140737350539072","trial_id":41,"step":1,"intermediate_value":81.22270742358079}
{"op_code":8,"worker_id":"65621591-6ed3-46d5-85f6-3172b5f690ea-140737350539072","trial_id":41,"user_attr":{"train_loss_epoch_1":25635455.912567936}}
{"op_code":8,"worker_id":"65621591-6ed3-46d5-85f6-3172b5f690ea-140737350539072","trial_id":41,"user_attr":{"val_loss_epoch_1":21691789.0}}
{"op_code":7,"worker_id":"65621591-6ed3-46d5-85f6-3172b5f690ea-140737350539072","trial_id":41,"step":2,"intermediate_value":81.22270742358079}
{"op_code":8,"worker_id":"65621591-6ed3-46d5-85f6-3172b5f690ea-140737350539072","trial_id":41,"user_attr":{"train_loss_epoch_2":26121662.91236413}}
{"op_code":8,"worker_id":"65621591-6ed3-46d5-85f6-3172b5f690ea-140737350539072","trial_id":41,"user_attr":{"val_loss_epoch_2":19770381.0}}
{"op_code":7,"worker_id":"65621591-6ed3-46d5-85f6-3172b5f690ea-140737350539072","trial_id":41,"step":3,"intermediate_value":81.22270742358079}
{"op_code":8,"worker_id":"65621591-6ed3-46d5-85f6-3172b5f690ea-140737350539072","trial_id":41,"user_attr":{"train_loss_epoch_3":22432212.77146739}}
{"op_code":8,"worker_id":"65621591-6ed3-46d5-85f6-3172b5f690ea-140737350539072","trial_id":41,"user_attr":{"val_loss_epoch_3":2434216.5}}
{"op_code":7,"worker_id":"65621591-6ed3-46d5-85f6-3172b5f690ea-140737350539072","trial_id":41,"step":4,"intermediate_value":81.22270742358079}
{"op_code":8,"worker_id":"65621591-6ed3-46d5-85f6-3172b5f690ea-140737350539072","trial_id":41,"user_attr":{"train_loss_epoch_4":21284561.604619566}}
{"op_code":8,"worker_id":"65621591-6ed3-46d5-85f6-3172b5f690ea-140737350539072","trial_id":41,"user_attr":{"val_loss_epoch_4":22535861.0}}
{"op_code":7,"worker_id":"65621591-6ed3-46d5-85f6-3172b5f690ea-140737350539072","trial_id":41,"step":5,"intermediate_value":81.22270742358079}
{"op_code":8,"worker_id":"65621591-6ed3-46d5-85f6-3172b5f690ea-140737350539072","trial_id":41,"user_attr":{"train_loss_epoch_5":19281157.113858696}}
{"op_code":8,"worker_id":"65621591-6ed3-46d5-85f6-3172b5f690ea-140737350539072","trial_id":41,"user_attr":{"val_loss_epoch_5":16937647.5}}
{"op_code":6,"worker_id":"65621591-6ed3-46d5-85f6-3172b5f690ea-140737350539072","trial_id":41,"state":1,"values":[81.22270742358079],"datetime_complete":"2026-02-21T23:00:35.541202"}
{"op_code":4,"worker_id":"65621591-6ed3-46d5-85f6-3172b5f690ea-140737350539072","study_id":0,"datetime_start":"2026-02-21T23:00:35.551812"}
{"op_code":5,"worker_id":"65621591-6ed3-46d5-85f6-3172b5f690ea-140737350539072","trial_id":42,"param_name":"learning_rate","param_value_internal":0.0031916572466925554,"distribution":"{\"name\": \"FloatDistribution\", \"attributes\": {\"step\": null, \"low\": 0.001, \"high\": 10.0, \"log\": true}}"}
{"op_code":5,"worker_id":"65621591-6ed3-46d5-85f6-3172b5f690ea-140737350539072","trial_id":42,"param_name":"transfer_lr","param_value_internal":0.00033690543180192665,"distribution":"{\"name\": \"FloatDistribution\", \"attributes\": {\"step\": null, \"low\": 0.0001, \"high\": 100.0, \"log\": true}}"}
{"op_code":5,"worker_id":"65621591-6ed3-46d5-85f6-3172b5f690ea-140737350539072","trial_id":42,"param_name":"transfer_every","param_value_internal":64.0,"distribution":"{\"name\": \"IntDistribution\", \"attributes\": {\"log\": true, \"step\": 1, \"low\": 64, \"high\": 32000}}"}
{"op_code":5,"worker_id":"65621591-6ed3-46d5-85f6-3172b5f690ea-140737350539072","trial_id":42,"param_name":"rank_exp","param_value_internal":5.0,"distribution":"{\"name\": \"IntDistribution\", \"attributes\": {\"log\": false, \"step\": 1, \"low\": 0, \"high\": 5}}"}
{"op_code":5,"worker_id":"65621591-6ed3-46d5-85f6-3172b5f690ea-140737350539072","trial_id":42,"param_name":"lora_alpha","param_value_internal":0.00021720015225098143,"distribution":"{\"name\": \"FloatDistribution\", \"attributes\": {\"step\": null, \"low\": 0.0001, \"high\": 100.0, \"log\": true}}"}
{"op_code":5,"worker_id":"65621591-6ed3-46d5-85f6-3172b5f690ea-140737350539072","trial_id":42,"param_name":"tau_sec","param_value_internal":0.0,"distribution":"{\"name\": \"FloatDistribution\", \"attributes\": {\"step\": null, \"low\": 0.0, \"high\": 0.0, \"log\": false}}"}
{"op_code":5,"worker_id":"65621591-6ed3-46d5-85f6-3172b5f690ea-140737350539072","trial_id":42,"param_name":"out_noise","param_value_internal":0.0,"distribution":"{\"name\": \"FloatDistribution\", \"attributes\": {\"step\": null, \"low\": 0.0, \"high\": 0.0, \"log\": false}}"}
{"op_code":5,"worker_id":"65621591-6ed3-46d5-85f6-3172b5f690ea-140737350539072","trial_id":42,"param_name":"ab_weight_scaling_omega","param_value_internal":0.0,"distribution":"{\"name\": \"FloatDistribution\", \"attributes\": {\"step\": null, \"low\": 0.0, \"high\": 0.0, \"log\": false}}"}
{"op_code":5,"worker_id":"65621591-6ed3-46d5-85f6-3172b5f690ea-140737350539072","trial_id":42,"param_name":"min_lr_rate","param_value_internal":0.0,"distribution":"{\"name\": \"FloatDistribution\", \"attributes\": {\"step\": null, \"low\": 0.0, \"high\": 0.0, \"log\": false}}"}
{"op_code":7,"worker_id":"65621591-6ed3-46d5-85f6-3172b5f690ea-140737350539072","trial_id":42,"step":1,"intermediate_value":0.0}
{"op_code":8,"worker_id":"65621591-6ed3-46d5-85f6-3172b5f690ea-140737350539072","trial_id":42,"user_attr":{"train_loss_epoch_1":25784690.660461955}}
{"op_code":8,"worker_id":"65621591-6ed3-46d5-85f6-3172b5f690ea-140737350539072","trial_id":42,"user_attr":{"val_loss_epoch_1":5865439.0}}
{"op_code":7,"worker_id":"65621591-6ed3-46d5-85f6-3172b5f690ea-140737350539072","trial_id":42,"step":2,"intermediate_value":81.22270742358079}
{"op_code":8,"worker_id":"65621591-6ed3-46d5-85f6-3172b5f690ea-140737350539072","trial_id":42,"user_attr":{"train_loss_epoch_2":21293630.60353261}}
{"op_code":8,"worker_id":"65621591-6ed3-46d5-85f6-3172b5f690ea-140737350539072","trial_id":42,"user_attr":{"val_loss_epoch_2":9890041.5}}
{"op_code":7,"worker_id":"65621591-6ed3-46d5-85f6-3172b5f690ea-140737350539072","trial_id":42,"step":3,"intermediate_value":81.22270742358079}
{"op_code":8,"worker_id":"65621591-6ed3-46d5-85f6-3172b5f690ea-140737350539072","trial_id":42,"user_attr":{"train_loss_epoch_3":13386331.00326087}}
{"op_code":8,"worker_id":"65621591-6ed3-46d5-85f6-3172b5f690ea-140737350539072","trial_id":42,"user_attr":{"val_loss_epoch_3":3199222.25}}
{"op_code":7,"worker_id":"65621591-6ed3-46d5-85f6-3172b5f690ea-140737350539072","trial_id":42,"step":4,"intermediate_value":81.22270742358079}
{"op_code":8,"worker_id":"65621591-6ed3-46d5-85f6-3172b5f690ea-140737350539072","trial_id":42,"user_attr":{"train_loss_epoch_4":7236664.559375}}
{"op_code":8,"worker_id":"65621591-6ed3-46d5-85f6-3172b5f690ea-140737350539072","trial_id":42,"user_attr":{"val_loss_epoch_4":5301724.5}}
{"op_code":7,"worker_id":"65621591-6ed3-46d5-85f6-3172b5f690ea-140737350539072","trial_id":42,"step":5,"intermediate_value":81.22270742358079}
{"op_code":8,"worker_id":"65621591-6ed3-46d5-85f6-3172b5f690ea-140737350539072","trial_id":42,"user_attr":{"train_loss_epoch_5":2133687.4372961954}}
{"op_code":8,"worker_id":"65621591-6ed3-46d5-85f6-3172b5f690ea-140737350539072","trial_id":42,"user_attr":{"val_loss_epoch_5":24906.2646484375}}
{"op_code":7,"worker_id":"65621591-6ed3-46d5-85f6-3172b5f690ea-140737350539072","trial_id":42,"step":6,"intermediate_value":81.22270742358079}
{"op_code":8,"worker_id":"65621591-6ed3-46d5-85f6-3172b5f690ea-140737350539072","trial_id":42,"user_attr":{"train_loss_epoch_6":102511.40960481063}}
{"op_code":8,"worker_id":"65621591-6ed3-46d5-85f6-3172b5f690ea-140737350539072","trial_id":42,"user_attr":{"val_loss_epoch_6":2893.677490234375}}
{"op_code":7,"worker_id":"65621591-6ed3-46d5-85f6-3172b5f690ea-140737350539072","trial_id":42,"step":7,"intermediate_value":81.22270742358079}
{"op_code":8,"worker_id":"65621591-6ed3-46d5-85f6-3172b5f690ea-140737350539072","trial_id":42,"user_attr":{"train_loss_epoch_7":39300.218127176035}}
{"op_code":8,"worker_id":"65621591-6ed3-46d5-85f6-3172b5f690ea-140737350539072","trial_id":42,"user_attr":{"val_loss_epoch_7":6666.21923828125}}
{"op_code":7,"worker_id":"65621591-6ed3-46d5-85f6-3172b5f690ea-140737350539072","trial_id":42,"step":8,"intermediate_value":81.22270742358079}
{"op_code":8,"worker_id":"65621591-6ed3-46d5-85f6-3172b5f690ea-140737350539072","trial_id":42,"user_attr":{"train_loss_epoch_8":33348.702530570656}}
{"op_code":8,"worker_id":"65621591-6ed3-46d5-85f6-3172b5f690ea-140737350539072","trial_id":42,"user_attr":{"val_loss_epoch_8":23172.5673828125}}
{"op_code":6,"worker_id":"65621591-6ed3-46d5-85f6-3172b5f690ea-140737350539072","trial_id":42,"state":1,"values":[81.22270742358079],"datetime_complete":"2026-02-21T23:04:51.422907"}
{"op_code":4,"worker_id":"65621591-6ed3-46d5-85f6-3172b5f690ea-140737350539072","study_id":0,"datetime_start":"2026-02-21T23:04:51.437208"}
{"op_code":5,"worker_id":"65621591-6ed3-46d5-85f6-3172b5f690ea-140737350539072","trial_id":43,"param_name":"learning_rate","param_value_internal":0.0021447709866344753,"distribution":"{\"name\": \"FloatDistribution\", \"attributes\": {\"step\": null, \"low\": 0.001, \"high\": 10.0, \"log\": true}}"}
{"op_code":5,"worker_id":"65621591-6ed3-46d5-85f6-3172b5f690ea-140737350539072","trial_id":43,"param_name":"transfer_lr","param_value_internal":0.004984014878873837,"distribution":"{\"name\": \"FloatDistribution\", \"attributes\": {\"step\": null, \"low\": 0.0001, \"high\": 100.0, \"log\": true}}"}
{"op_code":5,"worker_id":"65621591-6ed3-46d5-85f6-3172b5f690ea-140737350539072","trial_id":43,"param_name":"transfer_every","param_value_internal":64.0,"distribution":"{\"name\": \"IntDistribution\", \"attributes\": {\"log\": true, \"step\": 1, \"low\": 64, \"high\": 32000}}"}
{"op_code":5,"worker_id":"65621591-6ed3-46d5-85f6-3172b5f690ea-140737350539072","trial_id":43,"param_name":"rank_exp","param_value_internal":5.0,"distribution":"{\"name\": \"IntDistribution\", \"attributes\": {\"log\": false, \"step\": 1, \"low\": 0, \"high\": 5}}"}
{"op_code":5,"worker_id":"65621591-6ed3-46d5-85f6-3172b5f690ea-140737350539072","trial_id":43,"param_name":"lora_alpha","param_value_internal":0.0001,"distribution":"{\"name\": \"FloatDistribution\", \"attributes\": {\"step\": null, \"low\": 0.0001, \"high\": 100.0, \"log\": true}}"}
{"op_code":5,"worker_id":"65621591-6ed3-46d5-85f6-3172b5f690ea-140737350539072","trial_id":43,"param_name":"tau_sec","param_value_internal":0.0,"distribution":"{\"name\": \"FloatDistribution\", \"attributes\": {\"step\": null, \"low\": 0.0, \"high\": 0.0, \"log\": false}}"}
{"op_code":5,"worker_id":"65621591-6ed3-46d5-85f6-3172b5f690ea-140737350539072","trial_id":43,"param_name":"out_noise","param_value_internal":0.0,"distribution":"{\"name\": \"FloatDistribution\", \"attributes\": {\"step\": null, \"low\": 0.0, \"high\": 0.0, \"log\": false}}"}
{"op_code":5,"worker_id":"65621591-6ed3-46d5-85f6-3172b5f690ea-140737350539072","trial_id":43,"param_name":"ab_weight_scaling_omega","param_value_internal":0.0,"distribution":"{\"name\": \"FloatDistribution\", \"attributes\": {\"step\": null, \"low\": 0.0, \"high\": 0.0, \"log\": false}}"}
{"op_code":5,"worker_id":"65621591-6ed3-46d5-85f6-3172b5f690ea-140737350539072","trial_id":43,"param_name":"min_lr_rate","param_value_internal":0.0,"distribution":"{\"name\": \"FloatDistribution\", \"attributes\": {\"step\": null, \"low\": 0.0, \"high\": 0.0, \"log\": false}}"}
{"op_code":7,"worker_id":"65621591-6ed3-46d5-85f6-3172b5f690ea-140737350539072","trial_id":43,"step":1,"intermediate_value":0.0}
{"op_code":8,"worker_id":"65621591-6ed3-46d5-85f6-3172b5f690ea-140737350539072","trial_id":43,"user_attr":{"train_loss_epoch_1":26936863.541372284}}
{"op_code":8,"worker_id":"65621591-6ed3-46d5-85f6-3172b5f690ea-140737350539072","trial_id":43,"user_attr":{"val_loss_epoch_1":5362526.75}}
{"op_code":7,"worker_id":"65621591-6ed3-46d5-85f6-3172b5f690ea-140737350539072","trial_id":43,"step":2,"intermediate_value":81.22270742358079}
{"op_code":8,"worker_id":"65621591-6ed3-46d5-85f6-3172b5f690ea-140737350539072","trial_id":43,"user_attr":{"train_loss_epoch_2":23050051.031963315}}
{"op_code":8,"worker_id":"65621591-6ed3-46d5-85f6-3172b5f690ea-140737350539072","trial_id":43,"user_attr":{"val_loss_epoch_2":17192684.0}}
{"op_code":7,"worker_id":"65621591-6ed3-46d5-85f6-3172b5f690ea-140737350539072","trial_id":43,"step":3,"intermediate_value":81.22270742358079}
{"op_code":8,"worker_id":"65621591-6ed3-46d5-85f6-3172b5f690ea-140737350539072","trial_id":43,"user_attr":{"train_loss_epoch_3":17969003.07836277}}
{"op_code":8,"worker_id":"65621591-6ed3-46d5-85f6-3172b5f690ea-140737350539072","trial_id":43,"user_attr":{"val_loss_epoch_3":21099177.0}}
{"op_code":6,"worker_id":"65621591-6ed3-46d5-85f6-3172b5f690ea-140737350539072","trial_id":43,"state":1,"values":[81.22270742358079],"datetime_complete":"2026-02-21T23:07:31.456786"}
{"op_code":4,"worker_id":"65621591-6ed3-46d5-85f6-3172b5f690ea-140737350539072","study_id":0,"datetime_start":"2026-02-21T23:07:31.466008"}
{"op_code":5,"worker_id":"65621591-6ed3-46d5-85f6-3172b5f690ea-140737350539072","trial_id":44,"param_name":"learning_rate","param_value_internal":0.002230812994760966,"distribution":"{\"name\": \"FloatDistribution\", \"attributes\": {\"step\": null, \"low\": 0.001, \"high\": 10.0, \"log\": true}}"}
{"op_code":5,"worker_id":"65621591-6ed3-46d5-85f6-3172b5f690ea-140737350539072","trial_id":44,"param_name":"transfer_lr","param_value_internal":95.50058636738237,"distribution":"{\"name\": \"FloatDistribution\", \"attributes\": {\"step\": null, \"low\": 0.0001, \"high\": 100.0, \"log\": true}}"}
{"op_code":5,"worker_id":"65621591-6ed3-46d5-85f6-3172b5f690ea-140737350539072","trial_id":44,"param_name":"transfer_every","param_value_internal":64.0,"distribution":"{\"name\": \"IntDistribution\", \"attributes\": {\"log\": true, \"step\": 1, \"low\": 64, \"high\": 32000}}"}
{"op_code":5,"worker_id":"65621591-6ed3-46d5-85f6-3172b5f690ea-140737350539072","trial_id":44,"param_name":"rank_exp","param_value_internal":0.0,"distribution":"{\"name\": \"IntDistribution\", \"attributes\": {\"log\": false, \"step\": 1, \"low\": 0, \"high\": 5}}"}
{"op_code":5,"worker_id":"65621591-6ed3-46d5-85f6-3172b5f690ea-140737350539072","trial_id":44,"param_name":"lora_alpha","param_value_internal":0.0001,"distribution":"{\"name\": \"FloatDistribution\", \"attributes\": {\"step\": null, \"low\": 0.0001, \"high\": 100.0, \"log\": true}}"}
{"op_code":5,"worker_id":"65621591-6ed3-46d5-85f6-3172b5f690ea-140737350539072","trial_id":44,"param_name":"tau_sec","param_value_internal":0.0,"distribution":"{\"name\": \"FloatDistribution\", \"attributes\": {\"step\": null, \"low\": 0.0, \"high\": 0.0, \"log\": false}}"}
{"op_code":5,"worker_id":"65621591-6ed3-46d5-85f6-3172b5f690ea-140737350539072","trial_id":44,"param_name":"out_noise","param_value_internal":0.0,"distribution":"{\"name\": \"FloatDistribution\", \"attributes\": {\"step\": null, \"low\": 0.0, \"high\": 0.0, \"log\": false}}"}
{"op_code":5,"worker_id":"65621591-6ed3-46d5-85f6-3172b5f690ea-140737350539072","trial_id":44,"param_name":"ab_weight_scaling_omega","param_value_internal":0.0,"distribution":"{\"name\": \"FloatDistribution\", \"attributes\": {\"step\": null, \"low\": 0.0, \"high\": 0.0, \"log\": false}}"}
{"op_code":5,"worker_id":"65621591-6ed3-46d5-85f6-3172b5f690ea-140737350539072","trial_id":44,"param_name":"min_lr_rate","param_value_internal":0.0,"distribution":"{\"name\": \"FloatDistribution\", \"attributes\": {\"step\": null, \"low\": 0.0, \"high\": 0.0, \"log\": false}}"}
{"op_code":7,"worker_id":"65621591-6ed3-46d5-85f6-3172b5f690ea-140737350539072","trial_id":44,"step":1,"intermediate_value":81.22270742358079}
{"op_code":8,"worker_id":"65621591-6ed3-46d5-85f6-3172b5f690ea-140737350539072","trial_id":44,"user_attr":{"train_loss_epoch_1":25861686.21222826}}
{"op_code":8,"worker_id":"65621591-6ed3-46d5-85f6-3172b5f690ea-140737350539072","trial_id":44,"user_attr":{"val_loss_epoch_1":13848405.5}}
{"op_code":7,"worker_id":"65621591-6ed3-46d5-85f6-3172b5f690ea-140737350539072","trial_id":44,"step":2,"intermediate_value":81.22270742358079}
{"op_code":8,"worker_id":"65621591-6ed3-46d5-85f6-3172b5f690ea-140737350539072","trial_id":44,"user_attr":{"train_loss_epoch_2":22232361.491270382}}
{"op_code":8,"worker_id":"65621591-6ed3-46d5-85f6-3172b5f690ea-140737350539072","trial_id":44,"user_attr":{"val_loss_epoch_2":13421907.0}}
{"op_code":7,"worker_id":"65621591-6ed3-46d5-85f6-3172b5f690ea-140737350539072","trial_id":44,"step":3,"intermediate_value":81.22270742358079}
{"op_code":8,"worker_id":"65621591-6ed3-46d5-85f6-3172b5f690ea-140737350539072","trial_id":44,"user_attr":{"train_loss_epoch_3":18182707.75597826}}
{"op_code":8,"worker_id":"65621591-6ed3-46d5-85f6-3172b5f690ea-140737350539072","trial_id":44,"user_attr":{"val_loss_epoch_3":17257114.5}}
{"op_code":7,"worker_id":"65621591-6ed3-46d5-85f6-3172b5f690ea-140737350539072","trial_id":44,"step":4,"intermediate_value":81.22270742358079}
{"op_code":8,"worker_id":"65621591-6ed3-46d5-85f6-3172b5f690ea-140737350539072","trial_id":44,"user_attr":{"train_loss_epoch_4":13684066.968444293}}
{"op_code":8,"worker_id":"65621591-6ed3-46d5-85f6-3172b5f690ea-140737350539072","trial_id":44,"user_attr":{"val_loss_epoch_4":6022157.5}}
{"op_code":7,"worker_id":"65621591-6ed3-46d5-85f6-3172b5f690ea-140737350539072","trial_id":44,"step":5,"intermediate_value":81.22270742358079}
{"op_code":8,"worker_id":"65621591-6ed3-46d5-85f6-3172b5f690ea-140737350539072","trial_id":44,"user_attr":{"train_loss_epoch_5":10022735.488994565}}
{"op_code":8,"worker_id":"65621591-6ed3-46d5-85f6-3172b5f690ea-140737350539072","trial_id":44,"user_attr":{"val_loss_epoch_5":6071585.25}}
{"op_code":7,"worker_id":"65621591-6ed3-46d5-85f6-3172b5f690ea-140737350539072","trial_id":44,"step":6,"intermediate_value":81.22270742358079}
{"op_code":8,"worker_id":"65621591-6ed3-46d5-85f6-3172b5f690ea-140737350539072","trial_id":44,"user_attr":{"train_loss_epoch_6":6364914.256657609}}
{"op_code":8,"worker_id":"65621591-6ed3-46d5-85f6-3172b5f690ea-140737350539072","trial_id":44,"user_attr":{"val_loss_epoch_6":6176816.75}}
{"op_code":6,"worker_id":"65621591-6ed3-46d5-85f6-3172b5f690ea-140737350539072","trial_id":44,"state":1,"values":[81.22270742358079],"datetime_complete":"2026-02-21T23:11:26.576462"}
{"op_code":4,"worker_id":"65621591-6ed3-46d5-85f6-3172b5f690ea-140737350539072","study_id":0,"datetime_start":"2026-02-21T23:11:26.583732"}
{"op_code":5,"worker_id":"65621591-6ed3-46d5-85f6-3172b5f690ea-140737350539072","trial_id":45,"param_name":"learning_rate","param_value_internal":0.0014785002998093395,"distribution":"{\"name\": \"FloatDistribution\", \"attributes\": {\"step\": null, \"low\": 0.001, \"high\": 10.0, \"log\": true}}"}
{"op_code":5,"worker_id":"65621591-6ed3-46d5-85f6-3172b5f690ea-140737350539072","trial_id":45,"param_name":"transfer_lr","param_value_internal":0.00041938346968001895,"distribution":"{\"name\": \"FloatDistribution\", \"attributes\": {\"step\": null, \"low\": 0.0001, \"high\": 100.0, \"log\": true}}"}
{"op_code":5,"worker_id":"65621591-6ed3-46d5-85f6-3172b5f690ea-140737350539072","trial_id":45,"param_name":"transfer_every","param_value_internal":2093.0,"distribution":"{\"name\": \"IntDistribution\", \"attributes\": {\"log\": true, \"step\": 1, \"low\": 64, \"high\": 32000}}"}
{"op_code":5,"worker_id":"65621591-6ed3-46d5-85f6-3172b5f690ea-140737350539072","trial_id":45,"param_name":"rank_exp","param_value_internal":5.0,"distribution":"{\"name\": \"IntDistribution\", \"attributes\": {\"log\": false, \"step\": 1, \"low\": 0, \"high\": 5}}"}
{"op_code":5,"worker_id":"65621591-6ed3-46d5-85f6-3172b5f690ea-140737350539072","trial_id":45,"param_name":"lora_alpha","param_value_internal":17.345254484783418,"distribution":"{\"name\": \"FloatDistribution\", \"attributes\": {\"step\": null, \"low\": 0.0001, \"high\": 100.0, \"log\": true}}"}
{"op_code":5,"worker_id":"65621591-6ed3-46d5-85f6-3172b5f690ea-140737350539072","trial_id":45,"param_name":"tau_sec","param_value_internal":0.0,"distribution":"{\"name\": \"FloatDistribution\", \"attributes\": {\"step\": null, \"low\": 0.0, \"high\": 0.0, \"log\": false}}"}
{"op_code":5,"worker_id":"65621591-6ed3-46d5-85f6-3172b5f690ea-140737350539072","trial_id":45,"param_name":"out_noise","param_value_internal":0.0,"distribution":"{\"name\": \"FloatDistribution\", \"attributes\": {\"step\": null, \"low\": 0.0, \"high\": 0.0, \"log\": false}}"}
{"op_code":5,"worker_id":"65621591-6ed3-46d5-85f6-3172b5f690ea-140737350539072","trial_id":45,"param_name":"ab_weight_scaling_omega","param_value_internal":0.0,"distribution":"{\"name\": \"FloatDistribution\", \"attributes\": {\"step\": null, \"low\": 0.0, \"high\": 0.0, \"log\": false}}"}
{"op_code":5,"worker_id":"65621591-6ed3-46d5-85f6-3172b5f690ea-140737350539072","trial_id":45,"param_name":"min_lr_rate","param_value_internal":0.0,"distribution":"{\"name\": \"FloatDistribution\", \"attributes\": {\"step\": null, \"low\": 0.0, \"high\": 0.0, \"log\": false}}"}
{"op_code":7,"worker_id":"65621591-6ed3-46d5-85f6-3172b5f690ea-140737350539072","trial_id":45,"step":1,"intermediate_value":0.0}
{"op_code":8,"worker_id":"65621591-6ed3-46d5-85f6-3172b5f690ea-140737350539072","trial_id":45,"user_attr":{"train_loss_epoch_1":26738689.72839674}}
{"op_code":8,"worker_id":"65621591-6ed3-46d5-85f6-3172b5f690ea-140737350539072","trial_id":45,"user_attr":{"val_loss_epoch_1":23160597.0}}
{"op_code":7,"worker_id":"65621591-6ed3-46d5-85f6-3172b5f690ea-140737350539072","trial_id":45,"step":2,"intermediate_value":81.22270742358079}
{"op_code":8,"worker_id":"65621591-6ed3-46d5-85f6-3172b5f690ea-140737350539072","trial_id":45,"user_attr":{"train_loss_epoch_2":24391144.14347826}}
{"op_code":8,"worker_id":"65621591-6ed3-46d5-85f6-3172b5f690ea-140737350539072","trial_id":45,"user_attr":{"val_loss_epoch_2":20970956.0}}
{"op_code":7,"worker_id":"65621591-6ed3-46d5-85f6-3172b5f690ea-140737350539072","trial_id":45,"step":3,"intermediate_value":81.22270742358079}
{"op_code":8,"worker_id":"65621591-6ed3-46d5-85f6-3172b5f690ea-140737350539072","trial_id":45,"user_attr":{"train_loss_epoch_3":20712888.598913044}}
{"op_code":8,"worker_id":"65621591-6ed3-46d5-85f6-3172b5f690ea-140737350539072","trial_id":45,"user_attr":{"val_loss_epoch_3":7400494.5}}
{"op_code":7,"worker_id":"65621591-6ed3-46d5-85f6-3172b5f690ea-140737350539072","trial_id":45,"step":4,"intermediate_value":81.22270742358079}
{"op_code":8,"worker_id":"65621591-6ed3-46d5-85f6-3172b5f690ea-140737350539072","trial_id":45,"user_attr":{"train_loss_epoch_4":18082607.238858696}}
{"op_code":8,"worker_id":"65621591-6ed3-46d5-85f6-3172b5f690ea-140737350539072","trial_id":45,"user_attr":{"val_loss_epoch_4":25000201.0}}
{"op_code":7,"worker_id":"65621591-6ed3-46d5-85f6-3172b5f690ea-140737350539072","trial_id":45,"step":5,"intermediate_value":81.22270742358079}
{"op_code":8,"worker_id":"65621591-6ed3-46d5-85f6-3172b5f690ea-140737350539072","trial_id":45,"user_attr":{"train_loss_epoch_5":15674273.911413044}}
{"op_code":8,"worker_id":"65621591-6ed3-46d5-85f6-3172b5f690ea-140737350539072","trial_id":45,"user_attr":{"val_loss_epoch_5":3195038.125}}
{"op_code":7,"worker_id":"65621591-6ed3-46d5-85f6-3172b5f690ea-140737350539072","trial_id":45,"step":6,"intermediate_value":81.22270742358079}
{"op_code":8,"worker_id":"65621591-6ed3-46d5-85f6-3172b5f690ea-140737350539072","trial_id":45,"user_attr":{"train_loss_epoch_6":14497234.998692255}}
{"op_code":8,"worker_id":"65621591-6ed3-46d5-85f6-3172b5f690ea-140737350539072","trial_id":45,"user_attr":{"val_loss_epoch_6":5065951.25}}
{"op_code":7,"worker_id":"65621591-6ed3-46d5-85f6-3172b5f690ea-140737350539072","trial_id":45,"step":7,"intermediate_value":81.22270742358079}
{"op_code":8,"worker_id":"65621591-6ed3-46d5-85f6-3172b5f690ea-140737350539072","trial_id":45,"user_attr":{"train_loss_epoch_7":12009710.786005436}}
{"op_code":8,"worker_id":"65621591-6ed3-46d5-85f6-3172b5f690ea-140737350539072","trial_id":45,"user_attr":{"val_loss_epoch_7":9610794.5}}
{"op_code":6,"worker_id":"65621591-6ed3-46d5-85f6-3172b5f690ea-140737350539072","trial_id":45,"state":1,"values":[81.22270742358079],"datetime_complete":"2026-02-21T23:15:43.877938"}
{"op_code":4,"worker_id":"65621591-6ed3-46d5-85f6-3172b5f690ea-140737350539072","study_id":0,"datetime_start":"2026-02-21T23:15:43.894504"}
{"op_code":5,"worker_id":"65621591-6ed3-46d5-85f6-3172b5f690ea-140737350539072","trial_id":46,"param_name":"learning_rate","param_value_internal":0.001027885359691577,"distribution":"{\"name\": \"FloatDistribution\", \"attributes\": {\"step\": null, \"low\": 0.001, \"high\": 10.0, \"log\": true}}"}
{"op_code":5,"worker_id":"65621591-6ed3-46d5-85f6-3172b5f690ea-140737350539072","trial_id":46,"param_name":"transfer_lr","param_value_internal":0.0008676054423936908,"distribution":"{\"name\": \"FloatDistribution\", \"attributes\": {\"step\": null, \"low\": 0.0001, \"high\": 100.0, \"log\": true}}"}
{"op_code":5,"worker_id":"65621591-6ed3-46d5-85f6-3172b5f690ea-140737350539072","trial_id":46,"param_name":"transfer_every","param_value_internal":64.0,"distribution":"{\"name\": \"IntDistribution\", \"attributes\": {\"log\": true, \"step\": 1, \"low\": 64, \"high\": 32000}}"}
{"op_code":5,"worker_id":"65621591-6ed3-46d5-85f6-3172b5f690ea-140737350539072","trial_id":46,"param_name":"rank_exp","param_value_internal":0.0,"distribution":"{\"name\": \"IntDistribution\", \"attributes\": {\"log\": false, \"step\": 1, \"low\": 0, \"high\": 5}}"}
{"op_code":5,"worker_id":"65621591-6ed3-46d5-85f6-3172b5f690ea-140737350539072","trial_id":46,"param_name":"lora_alpha","param_value_internal":0.03338170542049138,"distribution":"{\"name\": \"FloatDistribution\", \"attributes\": {\"step\": null, \"low\": 0.0001, \"high\": 100.0, \"log\": true}}"}
{"op_code":5,"worker_id":"65621591-6ed3-46d5-85f6-3172b5f690ea-140737350539072","trial_id":46,"param_name":"tau_sec","param_value_internal":0.0,"distribution":"{\"name\": \"FloatDistribution\", \"attributes\": {\"step\": null, \"low\": 0.0, \"high\": 0.0, \"log\": false}}"}
{"op_code":5,"worker_id":"65621591-6ed3-46d5-85f6-3172b5f690ea-140737350539072","trial_id":46,"param_name":"out_noise","param_value_internal":0.0,"distribution":"{\"name\": \"FloatDistribution\", \"attributes\": {\"step\": null, \"low\": 0.0, \"high\": 0.0, \"log\": false}}"}
{"op_code":5,"worker_id":"65621591-6ed3-46d5-85f6-3172b5f690ea-140737350539072","trial_id":46,"param_name":"ab_weight_scaling_omega","param_value_internal":0.0,"distribution":"{\"name\": \"FloatDistribution\", \"attributes\": {\"step\": null, \"low\": 0.0, \"high\": 0.0, \"log\": false}}"}
{"op_code":5,"worker_id":"65621591-6ed3-46d5-85f6-3172b5f690ea-140737350539072","trial_id":46,"param_name":"min_lr_rate","param_value_internal":0.0,"distribution":"{\"name\": \"FloatDistribution\", \"attributes\": {\"step\": null, \"low\": 0.0, \"high\": 0.0, \"log\": false}}"}
{"op_code":7,"worker_id":"65621591-6ed3-46d5-85f6-3172b5f690ea-140737350539072","trial_id":46,"step":1,"intermediate_value":81.22270742358079}
{"op_code":8,"worker_id":"65621591-6ed3-46d5-85f6-3172b5f690ea-140737350539072","trial_id":46,"user_attr":{"train_loss_epoch_1":27371000.763519023}}
{"op_code":8,"worker_id":"65621591-6ed3-46d5-85f6-3172b5f690ea-140737350539072","trial_id":46,"user_attr":{"val_loss_epoch_1":32990683.0}}
{"op_code":7,"worker_id":"65621591-6ed3-46d5-85f6-3172b5f690ea-140737350539072","trial_id":46,"step":2,"intermediate_value":81.22270742358079}
{"op_code":8,"worker_id":"65621591-6ed3-46d5-85f6-3172b5f690ea-140737350539072","trial_id":46,"user_attr":{"train_loss_epoch_2":24855682.99945652}}
{"op_code":8,"worker_id":"65621591-6ed3-46d5-85f6-3172b5f690ea-140737350539072","trial_id":46,"user_attr":{"val_loss_epoch_2":26814747.0}}
{"op_code":7,"worker_id":"65621591-6ed3-46d5-85f6-3172b5f690ea-140737350539072","trial_id":46,"step":3,"intermediate_value":81.22270742358079}
{"op_code":8,"worker_id":"65621591-6ed3-46d5-85f6-3172b5f690ea-140737350539072","trial_id":46,"user_attr":{"train_loss_epoch_3":23957963.5375}}
{"op_code":8,"worker_id":"65621591-6ed3-46d5-85f6-3172b5f690ea-140737350539072","trial_id":46,"user_attr":{"val_loss_epoch_3":19388817.0}}
{"op_code":7,"worker_id":"65621591-6ed3-46d5-85f6-3172b5f690ea-140737350539072","trial_id":46,"step":4,"intermediate_value":81.22270742358079}
{"op_code":8,"worker_id":"65621591-6ed3-46d5-85f6-3172b5f690ea-140737350539072","trial_id":46,"user_attr":{"train_loss_epoch_4":21471077.305434782}}
{"op_code":8,"worker_id":"65621591-6ed3-46d5-85f6-3172b5f690ea-140737350539072","trial_id":46,"user_attr":{"val_loss_epoch_4":11679717.0}}
{"op_code":7,"worker_id":"65621591-6ed3-46d5-85f6-3172b5f690ea-140737350539072","trial_id":46,"step":5,"intermediate_value":81.22270742358079}
{"op_code":8,"worker_id":"65621591-6ed3-46d5-85f6-3172b5f690ea-140737350539072","trial_id":46,"user_attr":{"train_loss_epoch_5":19914204.935869563}}
{"op_code":8,"worker_id":"65621591-6ed3-46d5-85f6-3172b5f690ea-140737350539072","trial_id":46,"user_attr":{"val_loss_epoch_5":11530797.0}}
{"op_code":7,"worker_id":"65621591-6ed3-46d5-85f6-3172b5f690ea-140737350539072","trial_id":46,"step":6,"intermediate_value":81.22270742358079}
{"op_code":8,"worker_id":"65621591-6ed3-46d5-85f6-3172b5f690ea-140737350539072","trial_id":46,"user_attr":{"train_loss_epoch_6":18295949.183967393}}
{"op_code":8,"worker_id":"65621591-6ed3-46d5-85f6-3172b5f690ea-140737350539072","trial_id":46,"user_attr":{"val_loss_epoch_6":6117864.5}}
{"op_code":7,"worker_id":"65621591-6ed3-46d5-85f6-3172b5f690ea-140737350539072","trial_id":46,"step":7,"intermediate_value":81.22270742358079}
{"op_code":8,"worker_id":"65621591-6ed3-46d5-85f6-3172b5f690ea-140737350539072","trial_id":46,"user_attr":{"train_loss_epoch_7":16780961.044887908}}
{"op_code":8,"worker_id":"65621591-6ed3-46d5-85f6-3172b5f690ea-140737350539072","trial_id":46,"user_attr":{"val_loss_epoch_7":8901752.0}}
{"op_code":7,"worker_id":"65621591-6ed3-46d5-85f6-3172b5f690ea-140737350539072","trial_id":46,"step":8,"intermediate_value":81.22270742358079}
{"op_code":8,"worker_id":"65621591-6ed3-46d5-85f6-3172b5f690ea-140737350539072","trial_id":46,"user_attr":{"train_loss_epoch_8":15930718.445176631}}
{"op_code":8,"worker_id":"65621591-6ed3-46d5-85f6-3172b5f690ea-140737350539072","trial_id":46,"user_attr":{"val_loss_epoch_8":9311334.5}}
{"op_code":6,"worker_id":"65621591-6ed3-46d5-85f6-3172b5f690ea-140737350539072","trial_id":46,"state":1,"values":[81.22270742358079],"datetime_complete":"2026-02-21T23:19:39.615309"}
{"op_code":4,"worker_id":"65621591-6ed3-46d5-85f6-3172b5f690ea-140737350539072","study_id":0,"datetime_start":"2026-02-21T23:19:39.622748"}
{"op_code":5,"worker_id":"65621591-6ed3-46d5-85f6-3172b5f690ea-140737350539072","trial_id":47,"param_name":"learning_rate","param_value_internal":10.0,"distribution":"{\"name\": \"FloatDistribution\", \"attributes\": {\"step\": null, \"low\": 0.001, \"high\": 10.0, \"log\": true}}"}
{"op_code":5,"worker_id":"65621591-6ed3-46d5-85f6-3172b5f690ea-140737350539072","trial_id":47,"param_name":"transfer_lr","param_value_internal":0.00011745902556965531,"distribution":"{\"name\": \"FloatDistribution\", \"attributes\": {\"step\": null, \"low\": 0.0001, \"high\": 100.0, \"log\": true}}"}
{"op_code":5,"worker_id":"65621591-6ed3-46d5-85f6-3172b5f690ea-140737350539072","trial_id":47,"param_name":"transfer_every","param_value_internal":64.0,"distribution":"{\"name\": \"IntDistribution\", \"attributes\": {\"log\": true, \"step\": 1, \"low\": 64, \"high\": 32000}}"}
{"op_code":5,"worker_id":"65621591-6ed3-46d5-85f6-3172b5f690ea-140737350539072","trial_id":47,"param_name":"rank_exp","param_value_internal":0.0,"distribution":"{\"name\": \"IntDistribution\", \"attributes\": {\"log\": false, \"step\": 1, \"low\": 0, \"high\": 5}}"}
{"op_code":5,"worker_id":"65621591-6ed3-46d5-85f6-3172b5f690ea-140737350539072","trial_id":47,"param_name":"lora_alpha","param_value_internal":4.933962204009516,"distribution":"{\"name\": \"FloatDistribution\", \"attributes\": {\"step\": null, \"low\": 0.0001, \"high\": 100.0, \"log\": true}}"}
{"op_code":5,"worker_id":"65621591-6ed3-46d5-85f6-3172b5f690ea-140737350539072","trial_id":47,"param_name":"tau_sec","param_value_internal":0.0,"distribution":"{\"name\": \"FloatDistribution\", \"attributes\": {\"step\": null, \"low\": 0.0, \"high\": 0.0, \"log\": false}}"}
{"op_code":5,"worker_id":"65621591-6ed3-46d5-85f6-3172b5f690ea-140737350539072","trial_id":47,"param_name":"out_noise","param_value_internal":0.0,"distribution":"{\"name\": \"FloatDistribution\", \"attributes\": {\"step\": null, \"low\": 0.0, \"high\": 0.0, \"log\": false}}"}
{"op_code":5,"worker_id":"65621591-6ed3-46d5-85f6-3172b5f690ea-140737350539072","trial_id":47,"param_name":"ab_weight_scaling_omega","param_value_internal":0.0,"distribution":"{\"name\": \"FloatDistribution\", \"attributes\": {\"step\": null, \"low\": 0.0, \"high\": 0.0, \"log\": false}}"}
{"op_code":5,"worker_id":"65621591-6ed3-46d5-85f6-3172b5f690ea-140737350539072","trial_id":47,"param_name":"min_lr_rate","param_value_internal":0.0,"distribution":"{\"name\": \"FloatDistribution\", \"attributes\": {\"step\": null, \"low\": 0.0, \"high\": 0.0, \"log\": false}}"}
{"op_code":7,"worker_id":"65621591-6ed3-46d5-85f6-3172b5f690ea-140737350539072","trial_id":47,"step":1,"intermediate_value":0.0}
{"op_code":8,"worker_id":"65621591-6ed3-46d5-85f6-3172b5f690ea-140737350539072","trial_id":47,"user_attr":{"train_loss_epoch_1":129797683.0347826}}
{"op_code":8,"worker_id":"65621591-6ed3-46d5-85f6-3172b5f690ea-140737350539072","trial_id":47,"user_attr":{"val_loss_epoch_1":75159104.0}}
{"op_code":7,"worker_id":"65621591-6ed3-46d5-85f6-3172b5f690ea-140737350539072","trial_id":47,"step":2,"intermediate_value":0.0}
{"op_code":8,"worker_id":"65621591-6ed3-46d5-85f6-3172b5f690ea-140737350539072","trial_id":47,"user_attr":{"train_loss_epoch_2":196137399.33913043}}
{"op_code":8,"worker_id":"65621591-6ed3-46d5-85f6-3172b5f690ea-140737350539072","trial_id":47,"user_attr":{"val_loss_epoch_2":253673920.0}}
{"op_code":7,"worker_id":"65621591-6ed3-46d5-85f6-3172b5f690ea-140737350539072","trial_id":47,"step":3,"intermediate_value":0.0}
{"op_code":8,"worker_id":"65621591-6ed3-46d5-85f6-3172b5f690ea-140737350539072","trial_id":47,"user_attr":{"train_loss_epoch_3":181716933.68695652}}
{"op_code":8,"worker_id":"65621591-6ed3-46d5-85f6-3172b5f690ea-140737350539072","trial_id":47,"user_attr":{"val_loss_epoch_3":67381176.0}}
{"op_code":7,"worker_id":"65621591-6ed3-46d5-85f6-3172b5f690ea-140737350539072","trial_id":47,"step":4,"intermediate_value":0.0}
{"op_code":8,"worker_id":"65621591-6ed3-46d5-85f6-3172b5f690ea-140737350539072","trial_id":47,"user_attr":{"train_loss_epoch_4":165269816.4347826}}
{"op_code":8,"worker_id":"65621591-6ed3-46d5-85f6-3172b5f690ea-140737350539072","trial_id":47,"user_attr":{"val_loss_epoch_4":235550216.0}}
{"op_code":7,"worker_id":"65621591-6ed3-46d5-85f6-3172b5f690ea-140737350539072","trial_id":47,"step":5,"intermediate_value":0.0}
{"op_code":8,"worker_id":"65621591-6ed3-46d5-85f6-3172b5f690ea-140737350539072","trial_id":47,"user_attr":{"train_loss_epoch_5":152815841.1652174}}
{"op_code":8,"worker_id":"65621591-6ed3-46d5-85f6-3172b5f690ea-140737350539072","trial_id":47,"user_attr":{"val_loss_epoch_5":44581980.0}}
{"op_code":7,"worker_id":"65621591-6ed3-46d5-85f6-3172b5f690ea-140737350539072","trial_id":47,"step":6,"intermediate_value":81.22270742358079}
{"op_code":8,"worker_id":"65621591-6ed3-46d5-85f6-3172b5f690ea-140737350539072","trial_id":47,"user_attr":{"train_loss_epoch_6":135098449.96521738}}
{"op_code":8,"worker_id":"65621591-6ed3-46d5-85f6-3172b5f690ea-140737350539072","trial_id":47,"user_attr":{"val_loss_epoch_6":30889703.0}}
{"op_code":7,"worker_id":"65621591-6ed3-46d5-85f6-3172b5f690ea-140737350539072","trial_id":47,"step":7,"intermediate_value":81.22270742358079}
{"op_code":8,"worker_id":"65621591-6ed3-46d5-85f6-3172b5f690ea-140737350539072","trial_id":47,"user_attr":{"train_loss_epoch_7":113608799.17391305}}
{"op_code":8,"worker_id":"65621591-6ed3-46d5-85f6-3172b5f690ea-140737350539072","trial_id":47,"user_attr":{"val_loss_epoch_7":18352958.0}}
{"op_code":7,"worker_id":"65621591-6ed3-46d5-85f6-3172b5f690ea-140737350539072","trial_id":47,"step":8,"intermediate_value":81.22270742358079}
{"op_code":8,"worker_id":"65621591-6ed3-46d5-85f6-3172b5f690ea-140737350539072","trial_id":47,"user_attr":{"train_loss_epoch_8":98715667.93152174}}
{"op_code":8,"worker_id":"65621591-6ed3-46d5-85f6-3172b5f690ea-140737350539072","trial_id":47,"user_attr":{"val_loss_epoch_8":18501231.0}}
{"op_code":7,"worker_id":"65621591-6ed3-46d5-85f6-3172b5f690ea-140737350539072","trial_id":47,"step":9,"intermediate_value":81.22270742358079}
{"op_code":8,"worker_id":"65621591-6ed3-46d5-85f6-3172b5f690ea-140737350539072","trial_id":47,"user_attr":{"train_loss_epoch_9":82451082.67608696}}
{"op_code":8,"worker_id":"65621591-6ed3-46d5-85f6-3172b5f690ea-140737350539072","trial_id":47,"user_attr":{"val_loss_epoch_9":33866300.0}}
{"op_code":6,"worker_id":"65621591-6ed3-46d5-85f6-3172b5f690ea-140737350539072","trial_id":47,"state":1,"values":[81.22270742358079],"datetime_complete":"2026-02-21T23:23:05.502802"}
{"op_code":4,"worker_id":"65621591-6ed3-46d5-85f6-3172b5f690ea-140737350539072","study_id":0,"datetime_start":"2026-02-21T23:23:05.513917"}
{"op_code":5,"worker_id":"65621591-6ed3-46d5-85f6-3172b5f690ea-140737350539072","trial_id":48,"param_name":"learning_rate","param_value_internal":0.0023608264890585687,"distribution":"{\"name\": \"FloatDistribution\", \"attributes\": {\"step\": null, \"low\": 0.001, \"high\": 10.0, \"log\": true}}"}
{"op_code":5,"worker_id":"65621591-6ed3-46d5-85f6-3172b5f690ea-140737350539072","trial_id":48,"param_name":"transfer_lr","param_value_internal":0.00029498116842362177,"distribution":"{\"name\": \"FloatDistribution\", \"attributes\": {\"step\": null, \"low\": 0.0001, \"high\": 100.0, \"log\": true}}"}
{"op_code":5,"worker_id":"65621591-6ed3-46d5-85f6-3172b5f690ea-140737350539072","trial_id":48,"param_name":"transfer_every","param_value_internal":32000.0,"distribution":"{\"name\": \"IntDistribution\", \"attributes\": {\"log\": true, \"step\": 1, \"low\": 64, \"high\": 32000}}"}
{"op_code":5,"worker_id":"65621591-6ed3-46d5-85f6-3172b5f690ea-140737350539072","trial_id":48,"param_name":"rank_exp","param_value_internal":0.0,"distribution":"{\"name\": \"IntDistribution\", \"attributes\": {\"log\": false, \"step\": 1, \"low\": 0, \"high\": 5}}"}
{"op_code":5,"worker_id":"65621591-6ed3-46d5-85f6-3172b5f690ea-140737350539072","trial_id":48,"param_name":"lora_alpha","param_value_internal":0.14430555471131812,"distribution":"{\"name\": \"FloatDistribution\", \"attributes\": {\"step\": null, \"low\": 0.0001, \"high\": 100.0, \"log\": true}}"}
{"op_code":5,"worker_id":"65621591-6ed3-46d5-85f6-3172b5f690ea-140737350539072","trial_id":48,"param_name":"tau_sec","param_value_internal":0.0,"distribution":"{\"name\": \"FloatDistribution\", \"attributes\": {\"step\": null, \"low\": 0.0, \"high\": 0.0, \"log\": false}}"}
{"op_code":5,"worker_id":"65621591-6ed3-46d5-85f6-3172b5f690ea-140737350539072","trial_id":48,"param_name":"out_noise","param_value_internal":0.0,"distribution":"{\"name\": \"FloatDistribution\", \"attributes\": {\"step\": null, \"low\": 0.0, \"high\": 0.0, \"log\": false}}"}
{"op_code":5,"worker_id":"65621591-6ed3-46d5-85f6-3172b5f690ea-140737350539072","trial_id":48,"param_name":"ab_weight_scaling_omega","param_value_internal":0.0,"distribution":"{\"name\": \"FloatDistribution\", \"attributes\": {\"step\": null, \"low\": 0.0, \"high\": 0.0, \"log\": false}}"}
{"op_code":5,"worker_id":"65621591-6ed3-46d5-85f6-3172b5f690ea-140737350539072","trial_id":48,"param_name":"min_lr_rate","param_value_internal":0.0,"distribution":"{\"name\": \"FloatDistribution\", \"attributes\": {\"step\": null, \"low\": 0.0, \"high\": 0.0, \"log\": false}}"}
{"op_code":7,"worker_id":"65621591-6ed3-46d5-85f6-3172b5f690ea-140737350539072","trial_id":48,"step":1,"intermediate_value":81.22270742358079}
{"op_code":8,"worker_id":"65621591-6ed3-46d5-85f6-3172b5f690ea-140737350539072","trial_id":48,"user_attr":{"train_loss_epoch_1":26283556.120720107}}
{"op_code":8,"worker_id":"65621591-6ed3-46d5-85f6-3172b5f690ea-140737350539072","trial_id":48,"user_attr":{"val_loss_epoch_1":24742339.0}}
{"op_code":7,"worker_id":"65621591-6ed3-46d5-85f6-3172b5f690ea-140737350539072","trial_id":48,"step":2,"intermediate_value":81.22270742358079}
{"op_code":8,"worker_id":"65621591-6ed3-46d5-85f6-3172b5f690ea-140737350539072","trial_id":48,"user_attr":{"train_loss_epoch_2":21957050.349456523}}
{"op_code":8,"worker_id":"65621591-6ed3-46d5-85f6-3172b5f690ea-140737350539072","trial_id":48,"user_attr":{"val_loss_epoch_2":12906358.5}}
{"op_code":7,"worker_id":"65621591-6ed3-46d5-85f6-3172b5f690ea-140737350539072","trial_id":48,"step":3,"intermediate_value":81.22270742358079}
{"op_code":8,"worker_id":"65621591-6ed3-46d5-85f6-3172b5f690ea-140737350539072","trial_id":48,"user_attr":{"train_loss_epoch_3":17345223.35326087}}
{"op_code":8,"worker_id":"65621591-6ed3-46d5-85f6-3172b5f690ea-140737350539072","trial_id":48,"user_attr":{"val_loss_epoch_3":21876358.0}}
{"op_code":7,"worker_id":"65621591-6ed3-46d5-85f6-3172b5f690ea-140737350539072","trial_id":48,"step":4,"intermediate_value":81.22270742358079}
{"op_code":8,"worker_id":"65621591-6ed3-46d5-85f6-3172b5f690ea-140737350539072","trial_id":48,"user_attr":{"train_loss_epoch_4":12570618.43740659}}
{"op_code":8,"worker_id":"65621591-6ed3-46d5-85f6-3172b5f690ea-140737350539072","trial_id":48,"user_attr":{"val_loss_epoch_4":12371635.0}}
{"op_code":7,"worker_id":"65621591-6ed3-46d5-85f6-3172b5f690ea-140737350539072","trial_id":48,"step":5,"intermediate_value":81.22270742358079}
{"op_code":8,"worker_id":"65621591-6ed3-46d5-85f6-3172b5f690ea-140737350539072","trial_id":48,"user_attr":{"train_loss_epoch_5":9159086.870108696}}
{"op_code":8,"worker_id":"65621591-6ed3-46d5-85f6-3172b5f690ea-140737350539072","trial_id":48,"user_attr":{"val_loss_epoch_5":2170044.9375}}
{"op_code":7,"worker_id":"65621591-6ed3-46d5-85f6-3172b5f690ea-140737350539072","trial_id":48,"step":6,"intermediate_value":81.22270742358079}
{"op_code":8,"worker_id":"65621591-6ed3-46d5-85f6-3172b5f690ea-140737350539072","trial_id":48,"user_attr":{"train_loss_epoch_6":5128066.844836957}}
{"op_code":8,"worker_id":"65621591-6ed3-46d5-85f6-3172b5f690ea-140737350539072","trial_id":48,"user_attr":{"val_loss_epoch_6":533847.671875}}
{"op_code":7,"worker_id":"65621591-6ed3-46d5-85f6-3172b5f690ea-140737350539072","trial_id":48,"step":7,"intermediate_value":81.22270742358079}
{"op_code":8,"worker_id":"65621591-6ed3-46d5-85f6-3172b5f690ea-140737350539072","trial_id":48,"user_attr":{"train_loss_epoch_7":1875256.028947117}}
{"op_code":8,"worker_id":"65621591-6ed3-46d5-85f6-3172b5f690ea-140737350539072","trial_id":48,"user_attr":{"val_loss_epoch_7":967662.15625}}
{"op_code":7,"worker_id":"65621591-6ed3-46d5-85f6-3172b5f690ea-140737350539072","trial_id":48,"step":8,"intermediate_value":81.22270742358079}
{"op_code":8,"worker_id":"65621591-6ed3-46d5-85f6-3172b5f690ea-140737350539072","trial_id":48,"user_attr":{"train_loss_epoch_8":378450.4751491381}}
{"op_code":8,"worker_id":"65621591-6ed3-46d5-85f6-3172b5f690ea-140737350539072","trial_id":48,"user_attr":{"val_loss_epoch_8":14448.42138671875}}
{"op_code":7,"worker_id":"65621591-6ed3-46d5-85f6-3172b5f690ea-140737350539072","trial_id":48,"step":9,"intermediate_value":81.22270742358079}
{"op_code":8,"worker_id":"65621591-6ed3-46d5-85f6-3172b5f690ea-140737350539072","trial_id":48,"user_attr":{"train_loss_epoch_9":19093.698563285496}}
{"op_code":8,"worker_id":"65621591-6ed3-46d5-85f6-3172b5f690ea-140737350539072","trial_id":48,"user_attr":{"val_loss_epoch_9":2083.609375}}
{"op_code":7,"worker_id":"65621591-6ed3-46d5-85f6-3172b5f690ea-140737350539072","trial_id":48,"step":10,"intermediate_value":81.22270742358079}
{"op_code":8,"worker_id":"65621591-6ed3-46d5-85f6-3172b5f690ea-140737350539072","trial_id":48,"user_attr":{"train_loss_epoch_10":17000.318868885868}}
{"op_code":8,"worker_id":"65621591-6ed3-46d5-85f6-3172b5f690ea-140737350539072","trial_id":48,"user_attr":{"val_loss_epoch_10":3385.835693359375}}
{"op_code":7,"worker_id":"65621591-6ed3-46d5-85f6-3172b5f690ea-140737350539072","trial_id":48,"step":11,"intermediate_value":81.22270742358079}
{"op_code":8,"worker_id":"65621591-6ed3-46d5-85f6-3172b5f690ea-140737350539072","trial_id":48,"user_attr":{"train_loss_epoch_11":13292.55398267663}}
{"op_code":8,"worker_id":"65621591-6ed3-46d5-85f6-3172b5f690ea-140737350539072","trial_id":48,"user_attr":{"val_loss_epoch_11":6043.22021484375}}
{"op_code":6,"worker_id":"65621591-6ed3-46d5-85f6-3172b5f690ea-140737350539072","trial_id":48,"state":1,"values":[81.22270742358079],"datetime_complete":"2026-02-21T23:27:53.891622"}
{"op_code":4,"worker_id":"65621591-6ed3-46d5-85f6-3172b5f690ea-140737350539072","study_id":0,"datetime_start":"2026-02-21T23:27:53.903929"}
{"op_code":5,"worker_id":"65621591-6ed3-46d5-85f6-3172b5f690ea-140737350539072","trial_id":49,"param_name":"learning_rate","param_value_internal":0.016805696621752297,"distribution":"{\"name\": \"FloatDistribution\", \"attributes\": {\"step\": null, \"low\": 0.001, \"high\": 10.0, \"log\": true}}"}
{"op_code":5,"worker_id":"65621591-6ed3-46d5-85f6-3172b5f690ea-140737350539072","trial_id":49,"param_name":"transfer_lr","param_value_internal":0.0039189887537263894,"distribution":"{\"name\": \"FloatDistribution\", \"attributes\": {\"step\": null, \"low\": 0.0001, \"high\": 100.0, \"log\": true}}"}
{"op_code":5,"worker_id":"65621591-6ed3-46d5-85f6-3172b5f690ea-140737350539072","trial_id":49,"param_name":"transfer_every","param_value_internal":32000.0,"distribution":"{\"name\": \"IntDistribution\", \"attributes\": {\"log\": true, \"step\": 1, \"low\": 64, \"high\": 32000}}"}
{"op_code":5,"worker_id":"65621591-6ed3-46d5-85f6-3172b5f690ea-140737350539072","trial_id":49,"param_name":"rank_exp","param_value_internal":0.0,"distribution":"{\"name\": \"IntDistribution\", \"attributes\": {\"log\": false, \"step\": 1, \"low\": 0, \"high\": 5}}"}
{"op_code":5,"worker_id":"65621591-6ed3-46d5-85f6-3172b5f690ea-140737350539072","trial_id":49,"param_name":"lora_alpha","param_value_internal":90.50021510445333,"distribution":"{\"name\": \"FloatDistribution\", \"attributes\": {\"step\": null, \"low\": 0.0001, \"high\": 100.0, \"log\": true}}"}
{"op_code":5,"worker_id":"65621591-6ed3-46d5-85f6-3172b5f690ea-140737350539072","trial_id":49,"param_name":"tau_sec","param_value_internal":0.0,"distribution":"{\"name\": \"FloatDistribution\", \"attributes\": {\"step\": null, \"low\": 0.0, \"high\": 0.0, \"log\": false}}"}
{"op_code":5,"worker_id":"65621591-6ed3-46d5-85f6-3172b5f690ea-140737350539072","trial_id":49,"param_name":"out_noise","param_value_internal":0.0,"distribution":"{\"name\": \"FloatDistribution\", \"attributes\": {\"step\": null, \"low\": 0.0, \"high\": 0.0, \"log\": false}}"}
{"op_code":5,"worker_id":"65621591-6ed3-46d5-85f6-3172b5f690ea-140737350539072","trial_id":49,"param_name":"ab_weight_scaling_omega","param_value_internal":0.0,"distribution":"{\"name\": \"FloatDistribution\", \"attributes\": {\"step\": null, \"low\": 0.0, \"high\": 0.0, \"log\": false}}"}
{"op_code":5,"worker_id":"65621591-6ed3-46d5-85f6-3172b5f690ea-140737350539072","trial_id":49,"param_name":"min_lr_rate","param_value_internal":0.0,"distribution":"{\"name\": \"FloatDistribution\", \"attributes\": {\"step\": null, \"low\": 0.0, \"high\": 0.0, \"log\": false}}"}
{"op_code":7,"worker_id":"65621591-6ed3-46d5-85f6-3172b5f690ea-140737350539072","trial_id":49,"step":1,"intermediate_value":0.0}
{"op_code":8,"worker_id":"65621591-6ed3-46d5-85f6-3172b5f690ea-140737350539072","trial_id":49,"user_attr":{"train_loss_epoch_1":19750398.18804348}}
{"op_code":8,"worker_id":"65621591-6ed3-46d5-85f6-3172b5f690ea-140737350539072","trial_id":49,"user_attr":{"val_loss_epoch_1":2562050.875}}
{"op_code":7,"worker_id":"65621591-6ed3-46d5-85f6-3172b5f690ea-140737350539072","trial_id":49,"step":2,"intermediate_value":0.0}
{"op_code":8,"worker_id":"65621591-6ed3-46d5-85f6-3172b5f690ea-140737350539072","trial_id":49,"user_attr":{"train_loss_epoch_2":493263.3405910326}}
{"op_code":8,"worker_id":"65621591-6ed3-46d5-85f6-3172b5f690ea-140737350539072","trial_id":49,"user_attr":{"val_loss_epoch_2":78546.91796875}}
{"op_code":7,"worker_id":"65621591-6ed3-46d5-85f6-3172b5f690ea-140737350539072","trial_id":49,"step":3,"intermediate_value":0.0}
{"op_code":8,"worker_id":"65621591-6ed3-46d5-85f6-3172b5f690ea-140737350539072","trial_id":49,"user_attr":{"train_loss_epoch_3":308593.2258746603}}
{"op_code":8,"worker_id":"65621591-6ed3-46d5-85f6-3172b5f690ea-140737350539072","trial_id":49,"user_attr":{"val_loss_epoch_3":223860.9140625}}
{"op_code":7,"worker_id":"65621591-6ed3-46d5-85f6-3172b5f690ea-140737350539072","trial_id":49,"step":4,"intermediate_value":0.0}
{"op_code":8,"worker_id":"65621591-6ed3-46d5-85f6-3172b5f690ea-140737350539072","trial_id":49,"user_attr":{"train_loss_epoch_4":283349.1159986413}}
{"op_code":8,"worker_id":"65621591-6ed3-46d5-85f6-3172b5f690ea-140737350539072","trial_id":49,"user_attr":{"val_loss_epoch_4":115763.33203125}}
{"op_code":6,"worker_id":"65621591-6ed3-46d5-85f6-3172b5f690ea-140737350539072","trial_id":49,"state":1,"values":[0.0],"datetime_complete":"2026-02-21T23:30:07.733791"}
{"op_code":4,"worker_id":"65621591-6ed3-46d5-85f6-3172b5f690ea-140737350539072","study_id":0,"datetime_start":"2026-02-21T23:30:07.743049"}
{"op_code":5,"worker_id":"65621591-6ed3-46d5-85f6-3172b5f690ea-140737350539072","trial_id":50,"param_name":"learning_rate","param_value_internal":0.0022336939731156633,"distribution":"{\"name\": \"FloatDistribution\", \"attributes\": {\"step\": null, \"low\": 0.001, \"high\": 10.0, \"log\": true}}"}
{"op_code":5,"worker_id":"65621591-6ed3-46d5-85f6-3172b5f690ea-140737350539072","trial_id":50,"param_name":"transfer_lr","param_value_internal":0.009222979160881727,"distribution":"{\"name\": \"FloatDistribution\", \"attributes\": {\"step\": null, \"low\": 0.0001, \"high\": 100.0, \"log\": true}}"}
{"op_code":5,"worker_id":"65621591-6ed3-46d5-85f6-3172b5f690ea-140737350539072","trial_id":50,"param_name":"transfer_every","param_value_internal":64.0,"distribution":"{\"name\": \"IntDistribution\", \"attributes\": {\"log\": true, \"step\": 1, \"low\": 64, \"high\": 32000}}"}
{"op_code":5,"worker_id":"65621591-6ed3-46d5-85f6-3172b5f690ea-140737350539072","trial_id":50,"param_name":"rank_exp","param_value_internal":2.0,"distribution":"{\"name\": \"IntDistribution\", \"attributes\": {\"log\": false, \"step\": 1, \"low\": 0, \"high\": 5}}"}
{"op_code":5,"worker_id":"65621591-6ed3-46d5-85f6-3172b5f690ea-140737350539072","trial_id":50,"param_name":"lora_alpha","param_value_internal":0.08040508274160718,"distribution":"{\"name\": \"FloatDistribution\", \"attributes\": {\"step\": null, \"low\": 0.0001, \"high\": 100.0, \"log\": true}}"}
{"op_code":5,"worker_id":"65621591-6ed3-46d5-85f6-3172b5f690ea-140737350539072","trial_id":50,"param_name":"tau_sec","param_value_internal":0.0,"distribution":"{\"name\": \"FloatDistribution\", \"attributes\": {\"step\": null, \"low\": 0.0, \"high\": 0.0, \"log\": false}}"}
{"op_code":5,"worker_id":"65621591-6ed3-46d5-85f6-3172b5f690ea-140737350539072","trial_id":50,"param_name":"out_noise","param_value_internal":0.0,"distribution":"{\"name\": \"FloatDistribution\", \"attributes\": {\"step\": null, \"low\": 0.0, \"high\": 0.0, \"log\": false}}"}
{"op_code":5,"worker_id":"65621591-6ed3-46d5-85f6-3172b5f690ea-140737350539072","trial_id":50,"param_name":"ab_weight_scaling_omega","param_value_internal":0.0,"distribution":"{\"name\": \"FloatDistribution\", \"attributes\": {\"step\": null, \"low\": 0.0, \"high\": 0.0, \"log\": false}}"}
{"op_code":5,"worker_id":"65621591-6ed3-46d5-85f6-3172b5f690ea-140737350539072","trial_id":50,"param_name":"min_lr_rate","param_value_internal":0.0,"distribution":"{\"name\": \"FloatDistribution\", \"attributes\": {\"step\": null, \"low\": 0.0, \"high\": 0.0, \"log\": false}}"}
{"op_code":7,"worker_id":"65621591-6ed3-46d5-85f6-3172b5f690ea-140737350539072","trial_id":50,"step":1,"intermediate_value":81.22270742358079}
{"op_code":8,"worker_id":"65621591-6ed3-46d5-85f6-3172b5f690ea-140737350539072","trial_id":50,"user_attr":{"train_loss_epoch_1":26878867.310597826}}
{"op_code":8,"worker_id":"65621591-6ed3-46d5-85f6-3172b5f690ea-140737350539072","trial_id":50,"user_attr":{"val_loss_epoch_1":21940221.0}}
{"op_code":7,"worker_id":"65621591-6ed3-46d5-85f6-3172b5f690ea-140737350539072","trial_id":50,"step":2,"intermediate_value":81.22270742358079}
{"op_code":8,"worker_id":"65621591-6ed3-46d5-85f6-3172b5f690ea-140737350539072","trial_id":50,"user_attr":{"train_loss_epoch_2":22785677.710869566}}
{"op_code":8,"worker_id":"65621591-6ed3-46d5-85f6-3172b5f690ea-140737350539072","trial_id":50,"user_attr":{"val_loss_epoch_2":22653194.0}}
{"op_code":7,"worker_id":"65621591-6ed3-46d5-85f6-3172b5f690ea-140737350539072","trial_id":50,"step":3,"intermediate_value":81.22270742358079}
{"op_code":8,"worker_id":"65621591-6ed3-46d5-85f6-3172b5f690ea-140737350539072","trial_id":50,"user_attr":{"train_loss_epoch_3":18909823.264402173}}
{"op_code":8,"worker_id":"65621591-6ed3-46d5-85f6-3172b5f690ea-140737350539072","trial_id":50,"user_attr":{"val_loss_epoch_3":8629998.5}}
{"op_code":7,"worker_id":"65621591-6ed3-46d5-85f6-3172b5f690ea-140737350539072","trial_id":50,"step":4,"intermediate_value":81.22270742358079}
{"op_code":8,"worker_id":"65621591-6ed3-46d5-85f6-3172b5f690ea-140737350539072","trial_id":50,"user_attr":{"train_loss_epoch_4":13233938.136956522}}
{"op_code":8,"worker_id":"65621591-6ed3-46d5-85f6-3172b5f690ea-140737350539072","trial_id":50,"user_attr":{"val_loss_epoch_4":13461553.0}}
{"op_code":7,"worker_id":"65621591-6ed3-46d5-85f6-3172b5f690ea-140737350539072","trial_id":50,"step":5,"intermediate_value":81.22270742358079}
{"op_code":8,"worker_id":"65621591-6ed3-46d5-85f6-3172b5f690ea-140737350539072","trial_id":50,"user_attr":{"train_loss_epoch_5":9839484.582608696}}
{"op_code":8,"worker_id":"65621591-6ed3-46d5-85f6-3172b5f690ea-140737350539072","trial_id":50,"user_attr":{"val_loss_epoch_5":1521083.6875}}
{"op_code":7,"worker_id":"65621591-6ed3-46d5-85f6-3172b5f690ea-140737350539072","trial_id":50,"step":6,"intermediate_value":81.22270742358079}
{"op_code":8,"worker_id":"65621591-6ed3-46d5-85f6-3172b5f690ea-140737350539072","trial_id":50,"user_attr":{"train_loss_epoch_6":6215444.692391304}}
{"op_code":8,"worker_id":"65621591-6ed3-46d5-85f6-3172b5f690ea-140737350539072","trial_id":50,"user_attr":{"val_loss_epoch_6":4352677.0}}
{"op_code":7,"worker_id":"65621591-6ed3-46d5-85f6-3172b5f690ea-140737350539072","trial_id":50,"step":7,"intermediate_value":81.22270742358079}
{"op_code":8,"worker_id":"65621591-6ed3-46d5-85f6-3172b5f690ea-140737350539072","trial_id":50,"user_attr":{"train_loss_epoch_7":3324265.5705163046}}
{"op_code":8,"worker_id":"65621591-6ed3-46d5-85f6-3172b5f690ea-140737350539072","trial_id":50,"user_attr":{"val_loss_epoch_7":939974.8125}}
{"op_code":7,"worker_id":"65621591-6ed3-46d5-85f6-3172b5f690ea-140737350539072","trial_id":50,"step":8,"intermediate_value":81.22270742358079}
{"op_code":8,"worker_id":"65621591-6ed3-46d5-85f6-3172b5f690ea-140737350539072","trial_id":50,"user_attr":{"train_loss_epoch_8":927911.7988620924}}
{"op_code":8,"worker_id":"65621591-6ed3-46d5-85f6-3172b5f690ea-140737350539072","trial_id":50,"user_attr":{"val_loss_epoch_8":244055.3515625}}
{"op_code":7,"worker_id":"65621591-6ed3-46d5-85f6-3172b5f690ea-140737350539072","trial_id":50,"step":9,"intermediate_value":81.22270742358079}
{"op_code":8,"worker_id":"65621591-6ed3-46d5-85f6-3172b5f690ea-140737350539072","trial_id":50,"user_attr":{"train_loss_epoch_9":165112.2004356716}}
{"op_code":8,"worker_id":"65621591-6ed3-46d5-85f6-3172b5f690ea-140737350539072","trial_id":50,"user_attr":{"val_loss_epoch_9":7211.920654296875}}
{"op_code":7,"worker_id":"65621591-6ed3-46d5-85f6-3172b5f690ea-140737350539072","trial_id":50,"step":10,"intermediate_value":81.22270742358079}
{"op_code":8,"worker_id":"65621591-6ed3-46d5-85f6-3172b5f690ea-140737350539072","trial_id":50,"user_attr":{"train_loss_epoch_10":15565.58545595252}}
{"op_code":8,"worker_id":"65621591-6ed3-46d5-85f6-3172b5f690ea-140737350539072","trial_id":50,"user_attr":{"val_loss_epoch_10":709.0897827148438}}
{"op_code":7,"worker_id":"65621591-6ed3-46d5-85f6-3172b5f690ea-140737350539072","trial_id":50,"step":11,"intermediate_value":81.22270742358079}
{"op_code":8,"worker_id":"65621591-6ed3-46d5-85f6-3172b5f690ea-140737350539072","trial_id":50,"user_attr":{"train_loss_epoch_11":12286.92635604195}}
{"op_code":8,"worker_id":"65621591-6ed3-46d5-85f6-3172b5f690ea-140737350539072","trial_id":50,"user_attr":{"val_loss_epoch_11":180.6270523071289}}
{"op_code":7,"worker_id":"65621591-6ed3-46d5-85f6-3172b5f690ea-140737350539072","trial_id":50,"step":12,"intermediate_value":81.22270742358079}
{"op_code":8,"worker_id":"65621591-6ed3-46d5-85f6-3172b5f690ea-140737350539072","trial_id":50,"user_attr":{"train_loss_epoch_12":8654.01562393852}}
{"op_code":8,"worker_id":"65621591-6ed3-46d5-85f6-3172b5f690ea-140737350539072","trial_id":50,"user_attr":{"val_loss_epoch_12":1417.3555297851562}}
{"op_code":7,"worker_id":"65621591-6ed3-46d5-85f6-3172b5f690ea-140737350539072","trial_id":50,"step":13,"intermediate_value":81.22270742358079}
{"op_code":8,"worker_id":"65621591-6ed3-46d5-85f6-3172b5f690ea-140737350539072","trial_id":50,"user_attr":{"train_loss_epoch_13":5217.921221393088}}
{"op_code":8,"worker_id":"65621591-6ed3-46d5-85f6-3172b5f690ea-140737350539072","trial_id":50,"user_attr":{"val_loss_epoch_13":979.6301879882812}}
{"op_code":6,"worker_id":"65621591-6ed3-46d5-85f6-3172b5f690ea-140737350539072","trial_id":50,"state":1,"values":[81.22270742358079],"datetime_complete":"2026-02-21T23:36:25.281135"}
{"op_code":4,"worker_id":"65621591-6ed3-46d5-85f6-3172b5f690ea-140737350539072","study_id":0,"datetime_start":"2026-02-21T23:36:25.289189"}
{"op_code":5,"worker_id":"65621591-6ed3-46d5-85f6-3172b5f690ea-140737350539072","trial_id":51,"param_name":"learning_rate","param_value_internal":0.005726439448383636,"distribution":"{\"name\": \"FloatDistribution\", \"attributes\": {\"step\": null, \"low\": 0.001, \"high\": 10.0, \"log\": true}}"}
{"op_code":5,"worker_id":"65621591-6ed3-46d5-85f6-3172b5f690ea-140737350539072","trial_id":51,"param_name":"transfer_lr","param_value_internal":95.50058636738237,"distribution":"{\"name\": \"FloatDistribution\", \"attributes\": {\"step\": null, \"low\": 0.0001, \"high\": 100.0, \"log\": true}}"}
{"op_code":5,"worker_id":"65621591-6ed3-46d5-85f6-3172b5f690ea-140737350539072","trial_id":51,"param_name":"transfer_every","param_value_internal":64.0,"distribution":"{\"name\": \"IntDistribution\", \"attributes\": {\"log\": true, \"step\": 1, \"low\": 64, \"high\": 32000}}"}
{"op_code":5,"worker_id":"65621591-6ed3-46d5-85f6-3172b5f690ea-140737350539072","trial_id":51,"param_name":"rank_exp","param_value_internal":4.0,"distribution":"{\"name\": \"IntDistribution\", \"attributes\": {\"log\": false, \"step\": 1, \"low\": 0, \"high\": 5}}"}
{"op_code":5,"worker_id":"65621591-6ed3-46d5-85f6-3172b5f690ea-140737350539072","trial_id":51,"param_name":"lora_alpha","param_value_internal":0.0001,"distribution":"{\"name\": \"FloatDistribution\", \"attributes\": {\"step\": null, \"low\": 0.0001, \"high\": 100.0, \"log\": true}}"}
{"op_code":5,"worker_id":"65621591-6ed3-46d5-85f6-3172b5f690ea-140737350539072","trial_id":51,"param_name":"tau_sec","param_value_internal":0.0,"distribution":"{\"name\": \"FloatDistribution\", \"attributes\": {\"step\": null, \"low\": 0.0, \"high\": 0.0, \"log\": false}}"}
{"op_code":5,"worker_id":"65621591-6ed3-46d5-85f6-3172b5f690ea-140737350539072","trial_id":51,"param_name":"out_noise","param_value_internal":0.0,"distribution":"{\"name\": \"FloatDistribution\", \"attributes\": {\"step\": null, \"low\": 0.0, \"high\": 0.0, \"log\": false}}"}
{"op_code":5,"worker_id":"65621591-6ed3-46d5-85f6-3172b5f690ea-140737350539072","trial_id":51,"param_name":"ab_weight_scaling_omega","param_value_internal":0.0,"distribution":"{\"name\": \"FloatDistribution\", \"attributes\": {\"step\": null, \"low\": 0.0, \"high\": 0.0, \"log\": false}}"}
{"op_code":5,"worker_id":"65621591-6ed3-46d5-85f6-3172b5f690ea-140737350539072","trial_id":51,"param_name":"min_lr_rate","param_value_internal":0.0,"distribution":"{\"name\": \"FloatDistribution\", \"attributes\": {\"step\": null, \"low\": 0.0, \"high\": 0.0, \"log\": false}}"}
{"op_code":7,"worker_id":"65621591-6ed3-46d5-85f6-3172b5f690ea-140737350539072","trial_id":51,"step":1,"intermediate_value":81.22270742358079}
{"op_code":8,"worker_id":"65621591-6ed3-46d5-85f6-3172b5f690ea-140737350539072","trial_id":51,"user_attr":{"train_loss_epoch_1":25830974.36630435}}
{"op_code":8,"worker_id":"65621591-6ed3-46d5-85f6-3172b5f690ea-140737350539072","trial_id":51,"user_attr":{"val_loss_epoch_1":16322656.0}}
{"op_code":7,"worker_id":"65621591-6ed3-46d5-85f6-3172b5f690ea-140737350539072","trial_id":51,"step":2,"intermediate_value":81.22270742358079}
{"op_code":8,"worker_id":"65621591-6ed3-46d5-85f6-3172b5f690ea-140737350539072","trial_id":51,"user_attr":{"train_loss_epoch_2":14119941.242051631}}
{"op_code":8,"worker_id":"65621591-6ed3-46d5-85f6-3172b5f690ea-140737350539072","trial_id":51,"user_attr":{"val_loss_epoch_2":10015315.5}}
{"op_code":7,"worker_id":"65621591-6ed3-46d5-85f6-3172b5f690ea-140737350539072","trial_id":51,"step":3,"intermediate_value":81.22270742358079}
{"op_code":8,"worker_id":"65621591-6ed3-46d5-85f6-3172b5f690ea-140737350539072","trial_id":51,"user_attr":{"train_loss_epoch_3":2563480.7055451768}}
{"op_code":8,"worker_id":"65621591-6ed3-46d5-85f6-3172b5f690ea-140737350539072","trial_id":51,"user_attr":{"val_loss_epoch_3":3348.0584716796875}}
{"op_code":7,"worker_id":"65621591-6ed3-46d5-85f6-3172b5f690ea-140737350539072","trial_id":51,"step":4,"intermediate_value":81.22270742358079}
{"op_code":8,"worker_id":"65621591-6ed3-46d5-85f6-3172b5f690ea-140737350539072","trial_id":51,"user_attr":{"train_loss_epoch_4":99085.71303498642}}
{"op_code":8,"worker_id":"65621591-6ed3-46d5-85f6-3172b5f690ea-140737350539072","trial_id":51,"user_attr":{"val_loss_epoch_4":33526.4921875}}
{"op_code":7,"worker_id":"65621591-6ed3-46d5-85f6-3172b5f690ea-140737350539072","trial_id":51,"step":5,"intermediate_value":81.22270742358079}
{"op_code":8,"worker_id":"65621591-6ed3-46d5-85f6-3172b5f690ea-140737350539072","trial_id":51,"user_attr":{"train_loss_epoch_5":89320.69651834239}}
{"op_code":8,"worker_id":"65621591-6ed3-46d5-85f6-3172b5f690ea-140737350539072","trial_id":51,"user_attr":{"val_loss_epoch_5":33818.40625}}
{"op_code":6,"worker_id":"65621591-6ed3-46d5-85f6-3172b5f690ea-140737350539072","trial_id":51,"state":1,"values":[81.22270742358079],"datetime_complete":"2026-02-21T23:38:40.121510"}
{"op_code":4,"worker_id":"65621591-6ed3-46d5-85f6-3172b5f690ea-140737350539072","study_id":0,"datetime_start":"2026-02-21T23:38:40.131759"}
{"op_code":5,"worker_id":"65621591-6ed3-46d5-85f6-3172b5f690ea-140737350539072","trial_id":52,"param_name":"learning_rate","param_value_internal":0.0026061518064116065,"distribution":"{\"name\": \"FloatDistribution\", \"attributes\": {\"step\": null, \"low\": 0.001, \"high\": 10.0, \"log\": true}}"}
{"op_code":5,"worker_id":"65621591-6ed3-46d5-85f6-3172b5f690ea-140737350539072","trial_id":52,"param_name":"transfer_lr","param_value_internal":0.005862768919953322,"distribution":"{\"name\": \"FloatDistribution\", \"attributes\": {\"step\": null, \"low\": 0.0001, \"high\": 100.0, \"log\": true}}"}
{"op_code":5,"worker_id":"65621591-6ed3-46d5-85f6-3172b5f690ea-140737350539072","trial_id":52,"param_name":"transfer_every","param_value_internal":64.0,"distribution":"{\"name\": \"IntDistribution\", \"attributes\": {\"log\": true, \"step\": 1, \"low\": 64, \"high\": 32000}}"}
{"op_code":5,"worker_id":"65621591-6ed3-46d5-85f6-3172b5f690ea-140737350539072","trial_id":52,"param_name":"rank_exp","param_value_internal":2.0,"distribution":"{\"name\": \"IntDistribution\", \"attributes\": {\"log\": false, \"step\": 1, \"low\": 0, \"high\": 5}}"}
{"op_code":5,"worker_id":"65621591-6ed3-46d5-85f6-3172b5f690ea-140737350539072","trial_id":52,"param_name":"lora_alpha","param_value_internal":0.1936416606068031,"distribution":"{\"name\": \"FloatDistribution\", \"attributes\": {\"step\": null, \"low\": 0.0001, \"high\": 100.0, \"log\": true}}"}
{"op_code":5,"worker_id":"65621591-6ed3-46d5-85f6-3172b5f690ea-140737350539072","trial_id":52,"param_name":"tau_sec","param_value_internal":0.0,"distribution":"{\"name\": \"FloatDistribution\", \"attributes\": {\"step\": null, \"low\": 0.0, \"high\": 0.0, \"log\": false}}"}
{"op_code":5,"worker_id":"65621591-6ed3-46d5-85f6-3172b5f690ea-140737350539072","trial_id":52,"param_name":"out_noise","param_value_internal":0.0,"distribution":"{\"name\": \"FloatDistribution\", \"attributes\": {\"step\": null, \"low\": 0.0, \"high\": 0.0, \"log\": false}}"}
{"op_code":5,"worker_id":"65621591-6ed3-46d5-85f6-3172b5f690ea-140737350539072","trial_id":52,"param_name":"ab_weight_scaling_omega","param_value_internal":0.0,"distribution":"{\"name\": \"FloatDistribution\", \"attributes\": {\"step\": null, \"low\": 0.0, \"high\": 0.0, \"log\": false}}"}
{"op_code":5,"worker_id":"65621591-6ed3-46d5-85f6-3172b5f690ea-140737350539072","trial_id":52,"param_name":"min_lr_rate","param_value_internal":0.0,"distribution":"{\"name\": \"FloatDistribution\", \"attributes\": {\"step\": null, \"low\": 0.0, \"high\": 0.0, \"log\": false}}"}
{"op_code":7,"worker_id":"65621591-6ed3-46d5-85f6-3172b5f690ea-140737350539072","trial_id":52,"step":1,"intermediate_value":0.0}
{"op_code":8,"worker_id":"65621591-6ed3-46d5-85f6-3172b5f690ea-140737350539072","trial_id":52,"user_attr":{"train_loss_epoch_1":26419386.777717393}}
{"op_code":8,"worker_id":"65621591-6ed3-46d5-85f6-3172b5f690ea-140737350539072","trial_id":52,"user_attr":{"val_loss_epoch_1":15150645.0}}
{"op_code":7,"worker_id":"65621591-6ed3-46d5-85f6-3172b5f690ea-140737350539072","trial_id":52,"step":2,"intermediate_value":81.22270742358079}
{"op_code":8,"worker_id":"65621591-6ed3-46d5-85f6-3172b5f690ea-140737350539072","trial_id":52,"user_attr":{"train_loss_epoch_2":21859455.425}}
{"op_code":8,"worker_id":"65621591-6ed3-46d5-85f6-3172b5f690ea-140737350539072","trial_id":52,"user_attr":{"val_loss_epoch_2":17031804.0}}
{"op_code":7,"worker_id":"65621591-6ed3-46d5-85f6-3172b5f690ea-140737350539072","trial_id":52,"step":3,"intermediate_value":81.22270742358079}
{"op_code":8,"worker_id":"65621591-6ed3-46d5-85f6-3172b5f690ea-140737350539072","trial_id":52,"user_attr":{"train_loss_epoch_3":15354326.594157608}}
{"op_code":8,"worker_id":"65621591-6ed3-46d5-85f6-3172b5f690ea-140737350539072","trial_id":52,"user_attr":{"val_loss_epoch_3":13871399.0}}
{"op_code":7,"worker_id":"65621591-6ed3-46d5-85f6-3172b5f690ea-140737350539072","trial_id":52,"step":4,"intermediate_value":81.22270742358079}
{"op_code":8,"worker_id":"65621591-6ed3-46d5-85f6-3172b5f690ea-140737350539072","trial_id":52,"user_attr":{"train_loss_epoch_4":10929146.710326087}}
{"op_code":8,"worker_id":"65621591-6ed3-46d5-85f6-3172b5f690ea-140737350539072","trial_id":52,"user_attr":{"val_loss_epoch_4":4186818.375}}
{"op_code":7,"worker_id":"65621591-6ed3-46d5-85f6-3172b5f690ea-140737350539072","trial_id":52,"step":5,"intermediate_value":81.22270742358079}
{"op_code":8,"worker_id":"65621591-6ed3-46d5-85f6-3172b5f690ea-140737350539072","trial_id":52,"user_attr":{"train_loss_epoch_5":6968724.158890964}}
{"op_code":8,"worker_id":"65621591-6ed3-46d5-85f6-3172b5f690ea-140737350539072","trial_id":52,"user_attr":{"val_loss_epoch_5":2025958.875}}
{"op_code":7,"worker_id":"65621591-6ed3-46d5-85f6-3172b5f690ea-140737350539072","trial_id":52,"step":6,"intermediate_value":81.22270742358079}
{"op_code":8,"worker_id":"65621591-6ed3-46d5-85f6-3172b5f690ea-140737350539072","trial_id":52,"user_attr":{"train_loss_epoch_6":2557655.258101223}}
{"op_code":8,"worker_id":"65621591-6ed3-46d5-85f6-3172b5f690ea-140737350539072","trial_id":52,"user_attr":{"val_loss_epoch_6":896601.1875}}
{"op_code":7,"worker_id":"65621591-6ed3-46d5-85f6-3172b5f690ea-140737350539072","trial_id":52,"step":7,"intermediate_value":81.22270742358079}
{"op_code":8,"worker_id":"65621591-6ed3-46d5-85f6-3172b5f690ea-140737350539072","trial_id":52,"user_attr":{"train_loss_epoch_7":427245.65534349525}}
{"op_code":8,"worker_id":"65621591-6ed3-46d5-85f6-3172b5f690ea-140737350539072","trial_id":52,"user_attr":{"val_loss_epoch_7":24714.435546875}}
{"op_code":7,"worker_id":"65621591-6ed3-46d5-85f6-3172b5f690ea-140737350539072","trial_id":52,"step":8,"intermediate_value":81.22270742358079}
{"op_code":8,"worker_id":"65621591-6ed3-46d5-85f6-3172b5f690ea-140737350539072","trial_id":52,"user_attr":{"train_loss_epoch_8":28156.629936815345}}
{"op_code":8,"worker_id":"65621591-6ed3-46d5-85f6-3172b5f690ea-140737350539072","trial_id":52,"user_attr":{"val_loss_epoch_8":3264.575439453125}}
{"op_code":7,"worker_id":"65621591-6ed3-46d5-85f6-3172b5f690ea-140737350539072","trial_id":52,"step":9,"intermediate_value":81.22270742358079}
{"op_code":8,"worker_id":"65621591-6ed3-46d5-85f6-3172b5f690ea-140737350539072","trial_id":52,"user_attr":{"train_loss_epoch_9":23124.30965735394}}
{"op_code":8,"worker_id":"65621591-6ed3-46d5-85f6-3172b5f690ea-140737350539072","trial_id":52,"user_attr":{"val_loss_epoch_9":13422.7685546875}}
{"op_code":7,"worker_id":"65621591-6ed3-46d5-85f6-3172b5f690ea-140737350539072","trial_id":52,"step":10,"intermediate_value":81.22270742358079}
{"op_code":8,"worker_id":"65621591-6ed3-46d5-85f6-3172b5f690ea-140737350539072","trial_id":52,"user_attr":{"train_loss_epoch_10":18529.184532099185}}
{"op_code":8,"worker_id":"65621591-6ed3-46d5-85f6-3172b5f690ea-140737350539072","trial_id":52,"user_attr":{"val_loss_epoch_10":635.91943359375}}
{"op_code":7,"worker_id":"65621591-6ed3-46d5-85f6-3172b5f690ea-140737350539072","trial_id":52,"step":11,"intermediate_value":81.22270742358079}
{"op_code":8,"worker_id":"65621591-6ed3-46d5-85f6-3172b5f690ea-140737350539072","trial_id":52,"user_attr":{"train_loss_epoch_11":12492.94300245202}}
{"op_code":8,"worker_id":"65621591-6ed3-46d5-85f6-3172b5f690ea-140737350539072","trial_id":52,"user_attr":{"val_loss_epoch_11":19207.7900390625}}
{"op_code":7,"worker_id":"65621591-6ed3-46d5-85f6-3172b5f690ea-140737350539072","trial_id":52,"step":12,"intermediate_value":81.22270742358079}
{"op_code":8,"worker_id":"65621591-6ed3-46d5-85f6-3172b5f690ea-140737350539072","trial_id":52,"user_attr":{"train_loss_epoch_12":9856.629945837933}}
{"op_code":8,"worker_id":"65621591-6ed3-46d5-85f6-3172b5f690ea-140737350539072","trial_id":52,"user_attr":{"val_loss_epoch_12":4650.22900390625}}
{"op_code":6,"worker_id":"65621591-6ed3-46d5-85f6-3172b5f690ea-140737350539072","trial_id":52,"state":1,"values":[81.22270742358079],"datetime_complete":"2026-02-21T23:42:56.221659"}
{"op_code":4,"worker_id":"65621591-6ed3-46d5-85f6-3172b5f690ea-140737350539072","study_id":0,"datetime_start":"2026-02-21T23:42:56.230638"}
{"op_code":5,"worker_id":"65621591-6ed3-46d5-85f6-3172b5f690ea-140737350539072","trial_id":53,"param_name":"learning_rate","param_value_internal":0.0060435188137998325,"distribution":"{\"name\": \"FloatDistribution\", \"attributes\": {\"step\": null, \"low\": 0.001, \"high\": 10.0, \"log\": true}}"}
{"op_code":5,"worker_id":"65621591-6ed3-46d5-85f6-3172b5f690ea-140737350539072","trial_id":53,"param_name":"transfer_lr","param_value_internal":95.50058636738237,"distribution":"{\"name\": \"FloatDistribution\", \"attributes\": {\"step\": null, \"low\": 0.0001, \"high\": 100.0, \"log\": true}}"}
{"op_code":5,"worker_id":"65621591-6ed3-46d5-85f6-3172b5f690ea-140737350539072","trial_id":53,"param_name":"transfer_every","param_value_internal":64.0,"distribution":"{\"name\": \"IntDistribution\", \"attributes\": {\"log\": true, \"step\": 1, \"low\": 64, \"high\": 32000}}"}
{"op_code":5,"worker_id":"65621591-6ed3-46d5-85f6-3172b5f690ea-140737350539072","trial_id":53,"param_name":"rank_exp","param_value_internal":4.0,"distribution":"{\"name\": \"IntDistribution\", \"attributes\": {\"log\": false, \"step\": 1, \"low\": 0, \"high\": 5}}"}
{"op_code":5,"worker_id":"65621591-6ed3-46d5-85f6-3172b5f690ea-140737350539072","trial_id":53,"param_name":"lora_alpha","param_value_internal":0.0001,"distribution":"{\"name\": \"FloatDistribution\", \"attributes\": {\"step\": null, \"low\": 0.0001, \"high\": 100.0, \"log\": true}}"}
{"op_code":5,"worker_id":"65621591-6ed3-46d5-85f6-3172b5f690ea-140737350539072","trial_id":53,"param_name":"tau_sec","param_value_internal":0.0,"distribution":"{\"name\": \"FloatDistribution\", \"attributes\": {\"step\": null, \"low\": 0.0, \"high\": 0.0, \"log\": false}}"}
{"op_code":5,"worker_id":"65621591-6ed3-46d5-85f6-3172b5f690ea-140737350539072","trial_id":53,"param_name":"out_noise","param_value_internal":0.0,"distribution":"{\"name\": \"FloatDistribution\", \"attributes\": {\"step\": null, \"low\": 0.0, \"high\": 0.0, \"log\": false}}"}
{"op_code":5,"worker_id":"65621591-6ed3-46d5-85f6-3172b5f690ea-140737350539072","trial_id":53,"param_name":"ab_weight_scaling_omega","param_value_internal":0.0,"distribution":"{\"name\": \"FloatDistribution\", \"attributes\": {\"step\": null, \"low\": 0.0, \"high\": 0.0, \"log\": false}}"}
{"op_code":5,"worker_id":"65621591-6ed3-46d5-85f6-3172b5f690ea-140737350539072","trial_id":53,"param_name":"min_lr_rate","param_value_internal":0.0,"distribution":"{\"name\": \"FloatDistribution\", \"attributes\": {\"step\": null, \"low\": 0.0, \"high\": 0.0, \"log\": false}}"}
{"op_code":7,"worker_id":"65621591-6ed3-46d5-85f6-3172b5f690ea-140737350539072","trial_id":53,"step":1,"intermediate_value":81.22270742358079}
{"op_code":8,"worker_id":"65621591-6ed3-46d5-85f6-3172b5f690ea-140737350539072","trial_id":53,"user_attr":{"train_loss_epoch_1":23831873.784239132}}
{"op_code":8,"worker_id":"65621591-6ed3-46d5-85f6-3172b5f690ea-140737350539072","trial_id":53,"user_attr":{"val_loss_epoch_1":2294137.0}}
{"op_code":7,"worker_id":"65621591-6ed3-46d5-85f6-3172b5f690ea-140737350539072","trial_id":53,"step":2,"intermediate_value":81.22270742358079}
{"op_code":8,"worker_id":"65621591-6ed3-46d5-85f6-3172b5f690ea-140737350539072","trial_id":53,"user_attr":{"train_loss_epoch_2":11966338.013315218}}
{"op_code":8,"worker_id":"65621591-6ed3-46d5-85f6-3172b5f690ea-140737350539072","trial_id":53,"user_attr":{"val_loss_epoch_2":5597427.25}}
{"op_code":7,"worker_id":"65621591-6ed3-46d5-85f6-3172b5f690ea-140737350539072","trial_id":53,"step":3,"intermediate_value":81.22270742358079}
{"op_code":8,"worker_id":"65621591-6ed3-46d5-85f6-3172b5f690ea-140737350539072","trial_id":53,"user_attr":{"train_loss_epoch_3":1732093.487925521}}
{"op_code":8,"worker_id":"65621591-6ed3-46d5-85f6-3172b5f690ea-140737350539072","trial_id":53,"user_attr":{"val_loss_epoch_3":97181.265625}}
{"op_code":7,"worker_id":"65621591-6ed3-46d5-85f6-3172b5f690ea-140737350539072","trial_id":53,"step":4,"intermediate_value":81.22270742358079}
{"op_code":8,"worker_id":"65621591-6ed3-46d5-85f6-3172b5f690ea-140737350539072","trial_id":53,"user_attr":{"train_loss_epoch_4":102700.4715841542}}
{"op_code":8,"worker_id":"65621591-6ed3-46d5-85f6-3172b5f690ea-140737350539072","trial_id":53,"user_attr":{"val_loss_epoch_4":9216.7041015625}}
{"op_code":7,"worker_id":"65621591-6ed3-46d5-85f6-3172b5f690ea-140737350539072","trial_id":53,"step":5,"intermediate_value":81.22270742358079}
{"op_code":8,"worker_id":"65621591-6ed3-46d5-85f6-3172b5f690ea-140737350539072","trial_id":53,"user_attr":{"train_loss_epoch_5":88002.40561735733}}
{"op_code":8,"worker_id":"65621591-6ed3-46d5-85f6-3172b5f690ea-140737350539072","trial_id":53,"user_attr":{"val_loss_epoch_5":16859.4921875}}
{"op_code":7,"worker_id":"65621591-6ed3-46d5-85f6-3172b5f690ea-140737350539072","trial_id":53,"step":6,"intermediate_value":81.22270742358079}
{"op_code":8,"worker_id":"65621591-6ed3-46d5-85f6-3172b5f690ea-140737350539072","trial_id":53,"user_attr":{"train_loss_epoch_6":85592.34103897758}}
{"op_code":8,"worker_id":"65621591-6ed3-46d5-85f6-3172b5f690ea-140737350539072","trial_id":53,"user_attr":{"val_loss_epoch_6":11961.0693359375}}
{"op_code":6,"worker_id":"65621591-6ed3-46d5-85f6-3172b5f690ea-140737350539072","trial_id":53,"state":1,"values":[81.22270742358079],"datetime_complete":"2026-02-21T23:47:20.526368"}
{"op_code":4,"worker_id":"65621591-6ed3-46d5-85f6-3172b5f690ea-140737350539072","study_id":0,"datetime_start":"2026-02-21T23:47:20.536153"}
{"op_code":5,"worker_id":"65621591-6ed3-46d5-85f6-3172b5f690ea-140737350539072","trial_id":54,"param_name":"learning_rate","param_value_internal":0.0046398449522270105,"distribution":"{\"name\": \"FloatDistribution\", \"attributes\": {\"step\": null, \"low\": 0.001, \"high\": 10.0, \"log\": true}}"}
{"op_code":5,"worker_id":"65621591-6ed3-46d5-85f6-3172b5f690ea-140737350539072","trial_id":54,"param_name":"transfer_lr","param_value_internal":0.0003851139279029615,"distribution":"{\"name\": \"FloatDistribution\", \"attributes\": {\"step\": null, \"low\": 0.0001, \"high\": 100.0, \"log\": true}}"}
{"op_code":5,"worker_id":"65621591-6ed3-46d5-85f6-3172b5f690ea-140737350539072","trial_id":54,"param_name":"transfer_every","param_value_internal":32000.0,"distribution":"{\"name\": \"IntDistribution\", \"attributes\": {\"log\": true, \"step\": 1, \"low\": 64, \"high\": 32000}}"}
{"op_code":5,"worker_id":"65621591-6ed3-46d5-85f6-3172b5f690ea-140737350539072","trial_id":54,"param_name":"rank_exp","param_value_internal":4.0,"distribution":"{\"name\": \"IntDistribution\", \"attributes\": {\"log\": false, \"step\": 1, \"low\": 0, \"high\": 5}}"}
{"op_code":5,"worker_id":"65621591-6ed3-46d5-85f6-3172b5f690ea-140737350539072","trial_id":54,"param_name":"lora_alpha","param_value_internal":25.79002322323826,"distribution":"{\"name\": \"FloatDistribution\", \"attributes\": {\"step\": null, \"low\": 0.0001, \"high\": 100.0, \"log\": true}}"}
{"op_code":5,"worker_id":"65621591-6ed3-46d5-85f6-3172b5f690ea-140737350539072","trial_id":54,"param_name":"tau_sec","param_value_internal":0.0,"distribution":"{\"name\": \"FloatDistribution\", \"attributes\": {\"step\": null, \"low\": 0.0, \"high\": 0.0, \"log\": false}}"}
{"op_code":5,"worker_id":"65621591-6ed3-46d5-85f6-3172b5f690ea-140737350539072","trial_id":54,"param_name":"out_noise","param_value_internal":0.0,"distribution":"{\"name\": \"FloatDistribution\", \"attributes\": {\"step\": null, \"low\": 0.0, \"high\": 0.0, \"log\": false}}"}
{"op_code":5,"worker_id":"65621591-6ed3-46d5-85f6-3172b5f690ea-140737350539072","trial_id":54,"param_name":"ab_weight_scaling_omega","param_value_internal":0.0,"distribution":"{\"name\": \"FloatDistribution\", \"attributes\": {\"step\": null, \"low\": 0.0, \"high\": 0.0, \"log\": false}}"}
{"op_code":5,"worker_id":"65621591-6ed3-46d5-85f6-3172b5f690ea-140737350539072","trial_id":54,"param_name":"min_lr_rate","param_value_internal":0.0,"distribution":"{\"name\": \"FloatDistribution\", \"attributes\": {\"step\": null, \"low\": 0.0, \"high\": 0.0, \"log\": false}}"}
{"op_code":7,"worker_id":"65621591-6ed3-46d5-85f6-3172b5f690ea-140737350539072","trial_id":54,"step":1,"intermediate_value":0.0}
{"op_code":8,"worker_id":"65621591-6ed3-46d5-85f6-3172b5f690ea-140737350539072","trial_id":54,"user_attr":{"train_loss_epoch_1":24732239.027173914}}
{"op_code":8,"worker_id":"65621591-6ed3-46d5-85f6-3172b5f690ea-140737350539072","trial_id":54,"user_attr":{"val_loss_epoch_1":8901857.5}}
{"op_code":7,"worker_id":"65621591-6ed3-46d5-85f6-3172b5f690ea-140737350539072","trial_id":54,"step":2,"intermediate_value":81.22270742358079}
{"op_code":8,"worker_id":"65621591-6ed3-46d5-85f6-3172b5f690ea-140737350539072","trial_id":54,"user_attr":{"train_loss_epoch_2":15868156.774796195}}
{"op_code":8,"worker_id":"65621591-6ed3-46d5-85f6-3172b5f690ea-140737350539072","trial_id":54,"user_attr":{"val_loss_epoch_2":12009176.0}}
{"op_code":7,"worker_id":"65621591-6ed3-46d5-85f6-3172b5f690ea-140737350539072","trial_id":54,"step":3,"intermediate_value":81.22270742358079}
{"op_code":8,"worker_id":"65621591-6ed3-46d5-85f6-3172b5f690ea-140737350539072","trial_id":54,"user_attr":{"train_loss_epoch_3":6801600.358627717}}
{"op_code":8,"worker_id":"65621591-6ed3-46d5-85f6-3172b5f690ea-140737350539072","trial_id":54,"user_attr":{"val_loss_epoch_3":1696733.375}}
{"op_code":7,"worker_id":"65621591-6ed3-46d5-85f6-3172b5f690ea-140737350539072","trial_id":54,"step":4,"intermediate_value":81.22270742358079}
{"op_code":8,"worker_id":"65621591-6ed3-46d5-85f6-3172b5f690ea-140737350539072","trial_id":54,"user_attr":{"train_loss_epoch_4":504504.49529551633}}
{"op_code":8,"worker_id":"65621591-6ed3-46d5-85f6-3172b5f690ea-140737350539072","trial_id":54,"user_attr":{"val_loss_epoch_4":45565.615234375}}
{"op_code":7,"worker_id":"65621591-6ed3-46d5-85f6-3172b5f690ea-140737350539072","trial_id":54,"step":5,"intermediate_value":81.22270742358079}
{"op_code":8,"worker_id":"65621591-6ed3-46d5-85f6-3172b5f690ea-140737350539072","trial_id":54,"user_attr":{"train_loss_epoch_5":67710.81075067935}}
{"op_code":8,"worker_id":"65621591-6ed3-46d5-85f6-3172b5f690ea-140737350539072","trial_id":54,"user_attr":{"val_loss_epoch_5":17846.5087890625}}
{"op_code":7,"worker_id":"65621591-6ed3-46d5-85f6-3172b5f690ea-140737350539072","trial_id":54,"step":6,"intermediate_value":81.22270742358079}
{"op_code":8,"worker_id":"65621591-6ed3-46d5-85f6-3172b5f690ea-140737350539072","trial_id":54,"user_attr":{"train_loss_epoch_6":61872.40817764946}}
{"op_code":8,"worker_id":"65621591-6ed3-46d5-85f6-3172b5f690ea-140737350539072","trial_id":54,"user_attr":{"val_loss_epoch_6":22486.9453125}}
{"op_code":7,"worker_id":"65621591-6ed3-46d5-85f6-3172b5f690ea-140737350539072","trial_id":54,"step":7,"intermediate_value":81.22270742358079}
{"op_code":8,"worker_id":"65621591-6ed3-46d5-85f6-3172b5f690ea-140737350539072","trial_id":54,"user_attr":{"train_loss_epoch_7":55164.33974184783}}
{"op_code":8,"worker_id":"65621591-6ed3-46d5-85f6-3172b5f690ea-140737350539072","trial_id":54,"user_attr":{"val_loss_epoch_7":18204.0283203125}}
{"op_code":6,"worker_id":"65621591-6ed3-46d5-85f6-3172b5f690ea-140737350539072","trial_id":54,"state":1,"values":[81.22270742358079],"datetime_complete":"2026-02-21T23:51:40.582560"}
{"op_code":4,"worker_id":"65621591-6ed3-46d5-85f6-3172b5f690ea-140737350539072","study_id":0,"datetime_start":"2026-02-21T23:51:40.594756"}
{"op_code":5,"worker_id":"65621591-6ed3-46d5-85f6-3172b5f690ea-140737350539072","trial_id":55,"param_name":"learning_rate","param_value_internal":0.0017854925713781515,"distribution":"{\"name\": \"FloatDistribution\", \"attributes\": {\"step\": null, \"low\": 0.001, \"high\": 10.0, \"log\": true}}"}
{"op_code":5,"worker_id":"65621591-6ed3-46d5-85f6-3172b5f690ea-140737350539072","trial_id":55,"param_name":"transfer_lr","param_value_internal":0.1754070509375708,"distribution":"{\"name\": \"FloatDistribution\", \"attributes\": {\"step\": null, \"low\": 0.0001, \"high\": 100.0, \"log\": true}}"}
{"op_code":5,"worker_id":"65621591-6ed3-46d5-85f6-3172b5f690ea-140737350539072","trial_id":55,"param_name":"transfer_every","param_value_internal":64.0,"distribution":"{\"name\": \"IntDistribution\", \"attributes\": {\"log\": true, \"step\": 1, \"low\": 64, \"high\": 32000}}"}
{"op_code":5,"worker_id":"65621591-6ed3-46d5-85f6-3172b5f690ea-140737350539072","trial_id":55,"param_name":"rank_exp","param_value_internal":1.0,"distribution":"{\"name\": \"IntDistribution\", \"attributes\": {\"log\": false, \"step\": 1, \"low\": 0, \"high\": 5}}"}
{"op_code":5,"worker_id":"65621591-6ed3-46d5-85f6-3172b5f690ea-140737350539072","trial_id":55,"param_name":"lora_alpha","param_value_internal":0.0001,"distribution":"{\"name\": \"FloatDistribution\", \"attributes\": {\"step\": null, \"low\": 0.0001, \"high\": 100.0, \"log\": true}}"}
{"op_code":5,"worker_id":"65621591-6ed3-46d5-85f6-3172b5f690ea-140737350539072","trial_id":55,"param_name":"tau_sec","param_value_internal":0.0,"distribution":"{\"name\": \"FloatDistribution\", \"attributes\": {\"step\": null, \"low\": 0.0, \"high\": 0.0, \"log\": false}}"}
{"op_code":5,"worker_id":"65621591-6ed3-46d5-85f6-3172b5f690ea-140737350539072","trial_id":55,"param_name":"out_noise","param_value_internal":0.0,"distribution":"{\"name\": \"FloatDistribution\", \"attributes\": {\"step\": null, \"low\": 0.0, \"high\": 0.0, \"log\": false}}"}
{"op_code":5,"worker_id":"65621591-6ed3-46d5-85f6-3172b5f690ea-140737350539072","trial_id":55,"param_name":"ab_weight_scaling_omega","param_value_internal":0.0,"distribution":"{\"name\": \"FloatDistribution\", \"attributes\": {\"step\": null, \"low\": 0.0, \"high\": 0.0, \"log\": false}}"}
{"op_code":5,"worker_id":"65621591-6ed3-46d5-85f6-3172b5f690ea-140737350539072","trial_id":55,"param_name":"min_lr_rate","param_value_internal":0.0,"distribution":"{\"name\": \"FloatDistribution\", \"attributes\": {\"step\": null, \"low\": 0.0, \"high\": 0.0, \"log\": false}}"}
{"op_code":7,"worker_id":"65621591-6ed3-46d5-85f6-3172b5f690ea-140737350539072","trial_id":55,"step":1,"intermediate_value":81.22270742358079}
{"op_code":8,"worker_id":"65621591-6ed3-46d5-85f6-3172b5f690ea-140737350539072","trial_id":55,"user_attr":{"train_loss_epoch_1":26036349.125475544}}
{"op_code":8,"worker_id":"65621591-6ed3-46d5-85f6-3172b5f690ea-140737350539072","trial_id":55,"user_attr":{"val_loss_epoch_1":16108547.0}}
{"op_code":7,"worker_id":"65621591-6ed3-46d5-85f6-3172b5f690ea-140737350539072","trial_id":55,"step":2,"intermediate_value":81.22270742358079}
{"op_code":8,"worker_id":"65621591-6ed3-46d5-85f6-3172b5f690ea-140737350539072","trial_id":55,"user_attr":{"train_loss_epoch_2":22778148.745822012}}
{"op_code":8,"worker_id":"65621591-6ed3-46d5-85f6-3172b5f690ea-140737350539072","trial_id":55,"user_attr":{"val_loss_epoch_2":12574640.5}}
{"op_code":7,"worker_id":"65621591-6ed3-46d5-85f6-3172b5f690ea-140737350539072","trial_id":55,"step":3,"intermediate_value":81.22270742358079}
{"op_code":8,"worker_id":"65621591-6ed3-46d5-85f6-3172b5f690ea-140737350539072","trial_id":55,"user_attr":{"train_loss_epoch_3":20803849.43782269}}
{"op_code":8,"worker_id":"65621591-6ed3-46d5-85f6-3172b5f690ea-140737350539072","trial_id":55,"user_attr":{"val_loss_epoch_3":11428754.0}}
{"op_code":7,"worker_id":"65621591-6ed3-46d5-85f6-3172b5f690ea-140737350539072","trial_id":55,"step":4,"intermediate_value":81.22270742358079}
{"op_code":8,"worker_id":"65621591-6ed3-46d5-85f6-3172b5f690ea-140737350539072","trial_id":55,"user_attr":{"train_loss_epoch_4":16472017.904619565}}
{"op_code":8,"worker_id":"65621591-6ed3-46d5-85f6-3172b5f690ea-140737350539072","trial_id":55,"user_attr":{"val_loss_epoch_4":7395794.0}}
{"op_code":7,"worker_id":"65621591-6ed3-46d5-85f6-3172b5f690ea-140737350539072","trial_id":55,"step":5,"intermediate_value":81.22270742358079}
{"op_code":8,"worker_id":"65621591-6ed3-46d5-85f6-3172b5f690ea-140737350539072","trial_id":55,"user_attr":{"train_loss_epoch_5":13178163.936548913}}
{"op_code":8,"worker_id":"65621591-6ed3-46d5-85f6-3172b5f690ea-140737350539072","trial_id":55,"user_attr":{"val_loss_epoch_5":5319812.0}}
{"op_code":7,"worker_id":"65621591-6ed3-46d5-85f6-3172b5f690ea-140737350539072","trial_id":55,"step":6,"intermediate_value":81.22270742358079}
{"op_code":8,"worker_id":"65621591-6ed3-46d5-85f6-3172b5f690ea-140737350539072","trial_id":55,"user_attr":{"train_loss_epoch_6":11108466.324456522}}
{"op_code":8,"worker_id":"65621591-6ed3-46d5-85f6-3172b5f690ea-140737350539072","trial_id":55,"user_attr":{"val_loss_epoch_6":7339001.25}}
{"op_code":7,"worker_id":"65621591-6ed3-46d5-85f6-3172b5f690ea-140737350539072","trial_id":55,"step":7,"intermediate_value":81.22270742358079}
{"op_code":8,"worker_id":"65621591-6ed3-46d5-85f6-3172b5f690ea-140737350539072","trial_id":55,"user_attr":{"train_loss_epoch_7":8271813.399001147}}
{"op_code":8,"worker_id":"65621591-6ed3-46d5-85f6-3172b5f690ea-140737350539072","trial_id":55,"user_attr":{"val_loss_epoch_7":6330154.75}}
{"op_code":6,"worker_id":"65621591-6ed3-46d5-85f6-3172b5f690ea-140737350539072","trial_id":55,"state":1,"values":[81.22270742358079],"datetime_complete":"2026-02-21T23:56:39.837740"}
{"op_code":4,"worker_id":"65621591-6ed3-46d5-85f6-3172b5f690ea-140737350539072","study_id":0,"datetime_start":"2026-02-21T23:56:39.852000"}
{"op_code":5,"worker_id":"65621591-6ed3-46d5-85f6-3172b5f690ea-140737350539072","trial_id":56,"param_name":"learning_rate","param_value_internal":0.006542320402065965,"distribution":"{\"name\": \"FloatDistribution\", \"attributes\": {\"step\": null, \"low\": 0.001, \"high\": 10.0, \"log\": true}}"}
{"op_code":5,"worker_id":"65621591-6ed3-46d5-85f6-3172b5f690ea-140737350539072","trial_id":56,"param_name":"transfer_lr","param_value_internal":95.50058636738237,"distribution":"{\"name\": \"FloatDistribution\", \"attributes\": {\"step\": null, \"low\": 0.0001, \"high\": 100.0, \"log\": true}}"}
{"op_code":5,"worker_id":"65621591-6ed3-46d5-85f6-3172b5f690ea-140737350539072","trial_id":56,"param_name":"transfer_every","param_value_internal":64.0,"distribution":"{\"name\": \"IntDistribution\", \"attributes\": {\"log\": true, \"step\": 1, \"low\": 64, \"high\": 32000}}"}
{"op_code":5,"worker_id":"65621591-6ed3-46d5-85f6-3172b5f690ea-140737350539072","trial_id":56,"param_name":"rank_exp","param_value_internal":4.0,"distribution":"{\"name\": \"IntDistribution\", \"attributes\": {\"log\": false, \"step\": 1, \"low\": 0, \"high\": 5}}"}
{"op_code":5,"worker_id":"65621591-6ed3-46d5-85f6-3172b5f690ea-140737350539072","trial_id":56,"param_name":"lora_alpha","param_value_internal":0.0001,"distribution":"{\"name\": \"FloatDistribution\", \"attributes\": {\"step\": null, \"low\": 0.0001, \"high\": 100.0, \"log\": true}}"}
{"op_code":5,"worker_id":"65621591-6ed3-46d5-85f6-3172b5f690ea-140737350539072","trial_id":56,"param_name":"tau_sec","param_value_internal":0.0,"distribution":"{\"name\": \"FloatDistribution\", \"attributes\": {\"step\": null, \"low\": 0.0, \"high\": 0.0, \"log\": false}}"}
{"op_code":5,"worker_id":"65621591-6ed3-46d5-85f6-3172b5f690ea-140737350539072","trial_id":56,"param_name":"out_noise","param_value_internal":0.0,"distribution":"{\"name\": \"FloatDistribution\", \"attributes\": {\"step\": null, \"low\": 0.0, \"high\": 0.0, \"log\": false}}"}
{"op_code":5,"worker_id":"65621591-6ed3-46d5-85f6-3172b5f690ea-140737350539072","trial_id":56,"param_name":"ab_weight_scaling_omega","param_value_internal":0.0,"distribution":"{\"name\": \"FloatDistribution\", \"attributes\": {\"step\": null, \"low\": 0.0, \"high\": 0.0, \"log\": false}}"}
{"op_code":5,"worker_id":"65621591-6ed3-46d5-85f6-3172b5f690ea-140737350539072","trial_id":56,"param_name":"min_lr_rate","param_value_internal":0.0,"distribution":"{\"name\": \"FloatDistribution\", \"attributes\": {\"step\": null, \"low\": 0.0, \"high\": 0.0, \"log\": false}}"}
{"op_code":7,"worker_id":"65621591-6ed3-46d5-85f6-3172b5f690ea-140737350539072","trial_id":56,"step":1,"intermediate_value":0.0}
{"op_code":8,"worker_id":"65621591-6ed3-46d5-85f6-3172b5f690ea-140737350539072","trial_id":56,"user_attr":{"train_loss_epoch_1":25847628.510869566}}
{"op_code":8,"worker_id":"65621591-6ed3-46d5-85f6-3172b5f690ea-140737350539072","trial_id":56,"user_attr":{"val_loss_epoch_1":28760399.0}}
{"op_code":7,"worker_id":"65621591-6ed3-46d5-85f6-3172b5f690ea-140737350539072","trial_id":56,"step":2,"intermediate_value":81.22270742358079}
{"op_code":8,"worker_id":"65621591-6ed3-46d5-85f6-3172b5f690ea-140737350539072","trial_id":56,"user_attr":{"train_loss_epoch_2":12105400.212669836}}
{"op_code":8,"worker_id":"65621591-6ed3-46d5-85f6-3172b5f690ea-140737350539072","trial_id":56,"user_attr":{"val_loss_epoch_2":3822824.625}}
{"op_code":7,"worker_id":"65621591-6ed3-46d5-85f6-3172b5f690ea-140737350539072","trial_id":56,"step":3,"intermediate_value":81.22270742358079}
{"op_code":8,"worker_id":"65621591-6ed3-46d5-85f6-3172b5f690ea-140737350539072","trial_id":56,"user_attr":{"train_loss_epoch_3":995475.8796906845}}
{"op_code":8,"worker_id":"65621591-6ed3-46d5-85f6-3172b5f690ea-140737350539072","trial_id":56,"user_attr":{"val_loss_epoch_3":17404.8759765625}}
{"op_code":7,"worker_id":"65621591-6ed3-46d5-85f6-3172b5f690ea-140737350539072","trial_id":56,"step":4,"intermediate_value":81.22270742358079}
{"op_code":8,"worker_id":"65621591-6ed3-46d5-85f6-3172b5f690ea-140737350539072","trial_id":56,"user_attr":{"train_loss_epoch_4":116909.10759808084}}
{"op_code":8,"worker_id":"65621591-6ed3-46d5-85f6-3172b5f690ea-140737350539072","trial_id":56,"user_attr":{"val_loss_epoch_4":21621.5732421875}}
{"op_code":7,"worker_id":"65621591-6ed3-46d5-85f6-3172b5f690ea-140737350539072","trial_id":56,"step":5,"intermediate_value":81.22270742358079}
{"op_code":8,"worker_id":"65621591-6ed3-46d5-85f6-3172b5f690ea-140737350539072","trial_id":56,"user_attr":{"train_loss_epoch_5":101268.3694144871}}
{"op_code":8,"worker_id":"65621591-6ed3-46d5-85f6-3172b5f690ea-140737350539072","trial_id":56,"user_attr":{"val_loss_epoch_5":682.6354370117188}}
{"op_code":7,"worker_id":"65621591-6ed3-46d5-85f6-3172b5f690ea-140737350539072","trial_id":56,"step":6,"intermediate_value":81.22270742358079}
{"op_code":8,"worker_id":"65621591-6ed3-46d5-85f6-3172b5f690ea-140737350539072","trial_id":56,"user_attr":{"train_loss_epoch_6":87289.644071098}}
{"op_code":8,"worker_id":"65621591-6ed3-46d5-85f6-3172b5f690ea-140737350539072","trial_id":56,"user_attr":{"val_loss_epoch_6":19854.859375}}
{"op_code":7,"worker_id":"65621591-6ed3-46d5-85f6-3172b5f690ea-140737350539072","trial_id":56,"step":7,"intermediate_value":81.22270742358079}
{"op_code":8,"worker_id":"65621591-6ed3-46d5-85f6-3172b5f690ea-140737350539072","trial_id":56,"user_attr":{"train_loss_epoch_7":78876.55204653533}}
{"op_code":8,"worker_id":"65621591-6ed3-46d5-85f6-3172b5f690ea-140737350539072","trial_id":56,"user_attr":{"val_loss_epoch_7":4914.459228515625}}
{"op_code":6,"worker_id":"65621591-6ed3-46d5-85f6-3172b5f690ea-140737350539072","trial_id":56,"state":1,"values":[81.22270742358079],"datetime_complete":"2026-02-22T00:00:50.517310"}
{"op_code":4,"worker_id":"65621591-6ed3-46d5-85f6-3172b5f690ea-140737350539072","study_id":0,"datetime_start":"2026-02-22T00:00:50.527372"}
{"op_code":5,"worker_id":"65621591-6ed3-46d5-85f6-3172b5f690ea-140737350539072","trial_id":57,"param_name":"learning_rate","param_value_internal":0.002835237537633289,"distribution":"{\"name\": \"FloatDistribution\", \"attributes\": {\"step\": null, \"low\": 0.001, \"high\": 10.0, \"log\": true}}"}
{"op_code":5,"worker_id":"65621591-6ed3-46d5-85f6-3172b5f690ea-140737350539072","trial_id":57,"param_name":"transfer_lr","param_value_internal":0.005764341267405336,"distribution":"{\"name\": \"FloatDistribution\", \"attributes\": {\"step\": null, \"low\": 0.0001, \"high\": 100.0, \"log\": true}}"}
{"op_code":5,"worker_id":"65621591-6ed3-46d5-85f6-3172b5f690ea-140737350539072","trial_id":57,"param_name":"transfer_every","param_value_internal":220.0,"distribution":"{\"name\": \"IntDistribution\", \"attributes\": {\"log\": true, \"step\": 1, \"low\": 64, \"high\": 32000}}"}
{"op_code":5,"worker_id":"65621591-6ed3-46d5-85f6-3172b5f690ea-140737350539072","trial_id":57,"param_name":"rank_exp","param_value_internal":3.0,"distribution":"{\"name\": \"IntDistribution\", \"attributes\": {\"log\": false, \"step\": 1, \"low\": 0, \"high\": 5}}"}
{"op_code":5,"worker_id":"65621591-6ed3-46d5-85f6-3172b5f690ea-140737350539072","trial_id":57,"param_name":"lora_alpha","param_value_internal":0.21877125642071646,"distribution":"{\"name\": \"FloatDistribution\", \"attributes\": {\"step\": null, \"low\": 0.0001, \"high\": 100.0, \"log\": true}}"}
{"op_code":5,"worker_id":"65621591-6ed3-46d5-85f6-3172b5f690ea-140737350539072","trial_id":57,"param_name":"tau_sec","param_value_internal":0.0,"distribution":"{\"name\": \"FloatDistribution\", \"attributes\": {\"step\": null, \"low\": 0.0, \"high\": 0.0, \"log\": false}}"}
{"op_code":5,"worker_id":"65621591-6ed3-46d5-85f6-3172b5f690ea-140737350539072","trial_id":57,"param_name":"out_noise","param_value_internal":0.0,"distribution":"{\"name\": \"FloatDistribution\", \"attributes\": {\"step\": null, \"low\": 0.0, \"high\": 0.0, \"log\": false}}"}
{"op_code":5,"worker_id":"65621591-6ed3-46d5-85f6-3172b5f690ea-140737350539072","trial_id":57,"param_name":"ab_weight_scaling_omega","param_value_internal":0.0,"distribution":"{\"name\": \"FloatDistribution\", \"attributes\": {\"step\": null, \"low\": 0.0, \"high\": 0.0, \"log\": false}}"}
{"op_code":5,"worker_id":"65621591-6ed3-46d5-85f6-3172b5f690ea-140737350539072","trial_id":57,"param_name":"min_lr_rate","param_value_internal":0.0,"distribution":"{\"name\": \"FloatDistribution\", \"attributes\": {\"step\": null, \"low\": 0.0, \"high\": 0.0, \"log\": false}}"}
{"op_code":7,"worker_id":"65621591-6ed3-46d5-85f6-3172b5f690ea-140737350539072","trial_id":57,"step":1,"intermediate_value":0.0}
{"op_code":8,"worker_id":"65621591-6ed3-46d5-85f6-3172b5f690ea-140737350539072","trial_id":57,"user_attr":{"train_loss_epoch_1":26095039.284375}}
{"op_code":8,"worker_id":"65621591-6ed3-46d5-85f6-3172b5f690ea-140737350539072","trial_id":57,"user_attr":{"val_loss_epoch_1":2485147.5}}
{"op_code":7,"worker_id":"65621591-6ed3-46d5-85f6-3172b5f690ea-140737350539072","trial_id":57,"step":2,"intermediate_value":81.22270742358079}
{"op_code":8,"worker_id":"65621591-6ed3-46d5-85f6-3172b5f690ea-140737350539072","trial_id":57,"user_attr":{"train_loss_epoch_2":20198607.0875}}
{"op_code":8,"worker_id":"65621591-6ed3-46d5-85f6-3172b5f690ea-140737350539072","trial_id":57,"user_attr":{"val_loss_epoch_2":16547349.0}}
{"op_code":7,"worker_id":"65621591-6ed3-46d5-85f6-3172b5f690ea-140737350539072","trial_id":57,"step":3,"intermediate_value":81.22270742358079}
{"op_code":8,"worker_id":"65621591-6ed3-46d5-85f6-3172b5f690ea-140737350539072","trial_id":57,"user_attr":{"train_loss_epoch_3":14390344.485258153}}
{"op_code":8,"worker_id":"65621591-6ed3-46d5-85f6-3172b5f690ea-140737350539072","trial_id":57,"user_attr":{"val_loss_epoch_3":5741705.75}}
{"op_code":6,"worker_id":"65621591-6ed3-46d5-85f6-3172b5f690ea-140737350539072","trial_id":57,"state":1,"values":[81.22270742358079],"datetime_complete":"2026-02-22T00:04:36.255440"}
{"op_code":4,"worker_id":"65621591-6ed3-46d5-85f6-3172b5f690ea-140737350539072","study_id":0,"datetime_start":"2026-02-22T00:04:36.270841"}
{"op_code":5,"worker_id":"65621591-6ed3-46d5-85f6-3172b5f690ea-140737350539072","trial_id":58,"param_name":"learning_rate","param_value_internal":0.002550797871040989,"distribution":"{\"name\": \"FloatDistribution\", \"attributes\": {\"step\": null, \"low\": 0.001, \"high\": 10.0, \"log\": true}}"}
{"op_code":5,"worker_id":"65621591-6ed3-46d5-85f6-3172b5f690ea-140737350539072","trial_id":58,"param_name":"transfer_lr","param_value_internal":0.008373481622788665,"distribution":"{\"name\": \"FloatDistribution\", \"attributes\": {\"step\": null, \"low\": 0.0001, \"high\": 100.0, \"log\": true}}"}
{"op_code":5,"worker_id":"65621591-6ed3-46d5-85f6-3172b5f690ea-140737350539072","trial_id":58,"param_name":"transfer_every","param_value_internal":32000.0,"distribution":"{\"name\": \"IntDistribution\", \"attributes\": {\"log\": true, \"step\": 1, \"low\": 64, \"high\": 32000}}"}
{"op_code":5,"worker_id":"65621591-6ed3-46d5-85f6-3172b5f690ea-140737350539072","trial_id":58,"param_name":"rank_exp","param_value_internal":3.0,"distribution":"{\"name\": \"IntDistribution\", \"attributes\": {\"log\": false, \"step\": 1, \"low\": 0, \"high\": 5}}"}
{"op_code":5,"worker_id":"65621591-6ed3-46d5-85f6-3172b5f690ea-140737350539072","trial_id":58,"param_name":"lora_alpha","param_value_internal":0.0268995268933805,"distribution":"{\"name\": \"FloatDistribution\", \"attributes\": {\"step\": null, \"low\": 0.0001, \"high\": 100.0, \"log\": true}}"}
{"op_code":5,"worker_id":"65621591-6ed3-46d5-85f6-3172b5f690ea-140737350539072","trial_id":58,"param_name":"tau_sec","param_value_internal":0.0,"distribution":"{\"name\": \"FloatDistribution\", \"attributes\": {\"step\": null, \"low\": 0.0, \"high\": 0.0, \"log\": false}}"}
{"op_code":5,"worker_id":"65621591-6ed3-46d5-85f6-3172b5f690ea-140737350539072","trial_id":58,"param_name":"out_noise","param_value_internal":0.0,"distribution":"{\"name\": \"FloatDistribution\", \"attributes\": {\"step\": null, \"low\": 0.0, \"high\": 0.0, \"log\": false}}"}
{"op_code":5,"worker_id":"65621591-6ed3-46d5-85f6-3172b5f690ea-140737350539072","trial_id":58,"param_name":"ab_weight_scaling_omega","param_value_internal":0.0,"distribution":"{\"name\": \"FloatDistribution\", \"attributes\": {\"step\": null, \"low\": 0.0, \"high\": 0.0, \"log\": false}}"}
{"op_code":5,"worker_id":"65621591-6ed3-46d5-85f6-3172b5f690ea-140737350539072","trial_id":58,"param_name":"min_lr_rate","param_value_internal":0.0,"distribution":"{\"name\": \"FloatDistribution\", \"attributes\": {\"step\": null, \"low\": 0.0, \"high\": 0.0, \"log\": false}}"}
{"op_code":7,"worker_id":"65621591-6ed3-46d5-85f6-3172b5f690ea-140737350539072","trial_id":58,"step":1,"intermediate_value":81.22270742358079}
{"op_code":8,"worker_id":"65621591-6ed3-46d5-85f6-3172b5f690ea-140737350539072","trial_id":58,"user_attr":{"train_loss_epoch_1":25400601.807744566}}
{"op_code":8,"worker_id":"65621591-6ed3-46d5-85f6-3172b5f690ea-140737350539072","trial_id":58,"user_attr":{"val_loss_epoch_1":16665001.5}}
{"op_code":7,"worker_id":"65621591-6ed3-46d5-85f6-3172b5f690ea-140737350539072","trial_id":58,"step":2,"intermediate_value":81.22270742358079}
{"op_code":8,"worker_id":"65621591-6ed3-46d5-85f6-3172b5f690ea-140737350539072","trial_id":58,"user_attr":{"train_loss_epoch_2":21063302.014402173}}
{"op_code":8,"worker_id":"65621591-6ed3-46d5-85f6-3172b5f690ea-140737350539072","trial_id":58,"user_attr":{"val_loss_epoch_2":17639049.0}}
{"op_code":7,"worker_id":"65621591-6ed3-46d5-85f6-3172b5f690ea-140737350539072","trial_id":58,"step":3,"intermediate_value":81.22270742358079}
{"op_code":8,"worker_id":"65621591-6ed3-46d5-85f6-3172b5f690ea-140737350539072","trial_id":58,"user_attr":{"train_loss_epoch_3":16592489.263043478}}
{"op_code":8,"worker_id":"65621591-6ed3-46d5-85f6-3172b5f690ea-140737350539072","trial_id":58,"user_attr":{"val_loss_epoch_3":5829816.5}}
{"op_code":7,"worker_id":"65621591-6ed3-46d5-85f6-3172b5f690ea-140737350539072","trial_id":58,"step":4,"intermediate_value":81.22270742358079}
{"op_code":8,"worker_id":"65621591-6ed3-46d5-85f6-3172b5f690ea-140737350539072","trial_id":58,"user_attr":{"train_loss_epoch_4":11576191.182472827}}
{"op_code":8,"worker_id":"65621591-6ed3-46d5-85f6-3172b5f690ea-140737350539072","trial_id":58,"user_attr":{"val_loss_epoch_4":2517707.375}}
{"op_code":7,"worker_id":"65621591-6ed3-46d5-85f6-3172b5f690ea-140737350539072","trial_id":58,"step":5,"intermediate_value":81.22270742358079}
{"op_code":8,"worker_id":"65621591-6ed3-46d5-85f6-3172b5f690ea-140737350539072","trial_id":58,"user_attr":{"train_loss_epoch_5":7065910.400796391}}
{"op_code":8,"worker_id":"65621591-6ed3-46d5-85f6-3172b5f690ea-140737350539072","trial_id":58,"user_attr":{"val_loss_epoch_5":5065655.25}}
{"op_code":7,"worker_id":"65621591-6ed3-46d5-85f6-3172b5f690ea-140737350539072","trial_id":58,"step":6,"intermediate_value":81.22270742358079}
{"op_code":8,"worker_id":"65621591-6ed3-46d5-85f6-3172b5f690ea-140737350539072","trial_id":58,"user_attr":{"train_loss_epoch_6":3501755.7285326086}}
{"op_code":8,"worker_id":"65621591-6ed3-46d5-85f6-3172b5f690ea-140737350539072","trial_id":58,"user_attr":{"val_loss_epoch_6":662764.03125}}
{"op_code":7,"worker_id":"65621591-6ed3-46d5-85f6-3172b5f690ea-140737350539072","trial_id":58,"step":7,"intermediate_value":81.22270742358079}
{"op_code":8,"worker_id":"65621591-6ed3-46d5-85f6-3172b5f690ea-140737350539072","trial_id":58,"user_attr":{"train_loss_epoch_7":644574.9026091202}}
{"op_code":8,"worker_id":"65621591-6ed3-46d5-85f6-3172b5f690ea-140737350539072","trial_id":58,"user_attr":{"val_loss_epoch_7":18677.06640625}}
{"op_code":7,"worker_id":"65621591-6ed3-46d5-85f6-3172b5f690ea-140737350539072","trial_id":58,"step":8,"intermediate_value":81.22270742358079}
{"op_code":8,"worker_id":"65621591-6ed3-46d5-85f6-3172b5f690ea-140737350539072","trial_id":58,"user_attr":{"train_loss_epoch_8":26736.95853722614}}
{"op_code":8,"worker_id":"65621591-6ed3-46d5-85f6-3172b5f690ea-140737350539072","trial_id":58,"user_attr":{"val_loss_epoch_8":2459.3359375}}
{"op_code":7,"worker_id":"65621591-6ed3-46d5-85f6-3172b5f690ea-140737350539072","trial_id":58,"step":9,"intermediate_value":81.22270742358079}
{"op_code":8,"worker_id":"65621591-6ed3-46d5-85f6-3172b5f690ea-140737350539072","trial_id":58,"user_attr":{"train_loss_epoch_9":22785.48332121476}}
{"op_code":8,"worker_id":"65621591-6ed3-46d5-85f6-3172b5f690ea-140737350539072","trial_id":58,"user_attr":{"val_loss_epoch_9":39282.384765625}}
{"op_code":7,"worker_id":"65621591-6ed3-46d5-85f6-3172b5f690ea-140737350539072","trial_id":58,"step":10,"intermediate_value":81.22270742358079}
{"op_code":8,"worker_id":"65621591-6ed3-46d5-85f6-3172b5f690ea-140737350539072","trial_id":58,"user_attr":{"train_loss_epoch_10":18998.278517217223}}
{"op_code":8,"worker_id":"65621591-6ed3-46d5-85f6-3172b5f690ea-140737350539072","trial_id":58,"user_attr":{"val_loss_epoch_10":2297.3753662109375}}
{"op_code":7,"worker_id":"65621591-6ed3-46d5-85f6-3172b5f690ea-140737350539072","trial_id":58,"step":11,"intermediate_value":81.22270742358079}
{"op_code":8,"worker_id":"65621591-6ed3-46d5-85f6-3172b5f690ea-140737350539072","trial_id":58,"user_attr":{"train_loss_epoch_11":14063.526936141305}}
{"op_code":8,"worker_id":"65621591-6ed3-46d5-85f6-3172b5f690ea-140737350539072","trial_id":58,"user_attr":{"val_loss_epoch_11":327.3187713623047}}
{"op_code":7,"worker_id":"65621591-6ed3-46d5-85f6-3172b5f690ea-140737350539072","trial_id":58,"step":12,"intermediate_value":81.22270742358079}
{"op_code":8,"worker_id":"65621591-6ed3-46d5-85f6-3172b5f690ea-140737350539072","trial_id":58,"user_attr":{"train_loss_epoch_12":9360.656020322052}}
{"op_code":8,"worker_id":"65621591-6ed3-46d5-85f6-3172b5f690ea-140737350539072","trial_id":58,"user_attr":{"val_loss_epoch_12":6759.21533203125}}
{"op_code":7,"worker_id":"65621591-6ed3-46d5-85f6-3172b5f690ea-140737350539072","trial_id":58,"step":13,"intermediate_value":81.22270742358079}
{"op_code":8,"worker_id":"65621591-6ed3-46d5-85f6-3172b5f690ea-140737350539072","trial_id":58,"user_attr":{"train_loss_epoch_13":6149.3714248657225}}
{"op_code":8,"worker_id":"65621591-6ed3-46d5-85f6-3172b5f690ea-140737350539072","trial_id":58,"user_attr":{"val_loss_epoch_13":4966.4462890625}}
{"op_code":6,"worker_id":"65621591-6ed3-46d5-85f6-3172b5f690ea-140737350539072","trial_id":58,"state":1,"values":[81.22270742358079],"datetime_complete":"2026-02-22T00:11:23.921721"}
{"op_code":4,"worker_id":"65621591-6ed3-46d5-85f6-3172b5f690ea-140737350539072","study_id":0,"datetime_start":"2026-02-22T00:11:23.930561"}
{"op_code":5,"worker_id":"65621591-6ed3-46d5-85f6-3172b5f690ea-140737350539072","trial_id":59,"param_name":"learning_rate","param_value_internal":0.0025687723994049726,"distribution":"{\"name\": \"FloatDistribution\", \"attributes\": {\"step\": null, \"low\": 0.001, \"high\": 10.0, \"log\": true}}"}
{"op_code":5,"worker_id":"65621591-6ed3-46d5-85f6-3172b5f690ea-140737350539072","trial_id":59,"param_name":"transfer_lr","param_value_internal":4.571171757035714,"distribution":"{\"name\": \"FloatDistribution\", \"attributes\": {\"step\": null, \"low\": 0.0001, \"high\": 100.0, \"log\": true}}"}
{"op_code":5,"worker_id":"65621591-6ed3-46d5-85f6-3172b5f690ea-140737350539072","trial_id":59,"param_name":"transfer_every","param_value_internal":64.0,"distribution":"{\"name\": \"IntDistribution\", \"attributes\": {\"log\": true, \"step\": 1, \"low\": 64, \"high\": 32000}}"}
{"op_code":5,"worker_id":"65621591-6ed3-46d5-85f6-3172b5f690ea-140737350539072","trial_id":59,"param_name":"rank_exp","param_value_internal":3.0,"distribution":"{\"name\": \"IntDistribution\", \"attributes\": {\"log\": false, \"step\": 1, \"low\": 0, \"high\": 5}}"}
{"op_code":5,"worker_id":"65621591-6ed3-46d5-85f6-3172b5f690ea-140737350539072","trial_id":59,"param_name":"lora_alpha","param_value_internal":0.0001,"distribution":"{\"name\": \"FloatDistribution\", \"attributes\": {\"step\": null, \"low\": 0.0001, \"high\": 100.0, \"log\": true}}"}
{"op_code":5,"worker_id":"65621591-6ed3-46d5-85f6-3172b5f690ea-140737350539072","trial_id":59,"param_name":"tau_sec","param_value_internal":0.0,"distribution":"{\"name\": \"FloatDistribution\", \"attributes\": {\"step\": null, \"low\": 0.0, \"high\": 0.0, \"log\": false}}"}
{"op_code":5,"worker_id":"65621591-6ed3-46d5-85f6-3172b5f690ea-140737350539072","trial_id":59,"param_name":"out_noise","param_value_internal":0.0,"distribution":"{\"name\": \"FloatDistribution\", \"attributes\": {\"step\": null, \"low\": 0.0, \"high\": 0.0, \"log\": false}}"}
{"op_code":5,"worker_id":"65621591-6ed3-46d5-85f6-3172b5f690ea-140737350539072","trial_id":59,"param_name":"ab_weight_scaling_omega","param_value_internal":0.0,"distribution":"{\"name\": \"FloatDistribution\", \"attributes\": {\"step\": null, \"low\": 0.0, \"high\": 0.0, \"log\": false}}"}
{"op_code":5,"worker_id":"65621591-6ed3-46d5-85f6-3172b5f690ea-140737350539072","trial_id":59,"param_name":"min_lr_rate","param_value_internal":0.0,"distribution":"{\"name\": \"FloatDistribution\", \"attributes\": {\"step\": null, \"low\": 0.0, \"high\": 0.0, \"log\": false}}"}
{"op_code":7,"worker_id":"65621591-6ed3-46d5-85f6-3172b5f690ea-140737350539072","trial_id":59,"step":1,"intermediate_value":81.22270742358079}
{"op_code":8,"worker_id":"65621591-6ed3-46d5-85f6-3172b5f690ea-140737350539072","trial_id":59,"user_attr":{"train_loss_epoch_1":26903648.751494564}}
{"op_code":8,"worker_id":"65621591-6ed3-46d5-85f6-3172b5f690ea-140737350539072","trial_id":59,"user_attr":{"val_loss_epoch_1":30027181.0}}
{"op_code":7,"worker_id":"65621591-6ed3-46d5-85f6-3172b5f690ea-140737350539072","trial_id":59,"step":2,"intermediate_value":81.22270742358079}
{"op_code":8,"worker_id":"65621591-6ed3-46d5-85f6-3172b5f690ea-140737350539072","trial_id":59,"user_attr":{"train_loss_epoch_2":21438440.336956523}}
{"op_code":8,"worker_id":"65621591-6ed3-46d5-85f6-3172b5f690ea-140737350539072","trial_id":59,"user_attr":{"val_loss_epoch_2":944992.90625}}
{"op_code":7,"worker_id":"65621591-6ed3-46d5-85f6-3172b5f690ea-140737350539072","trial_id":59,"step":3,"intermediate_value":81.22270742358079}
{"op_code":8,"worker_id":"65621591-6ed3-46d5-85f6-3172b5f690ea-140737350539072","trial_id":59,"user_attr":{"train_loss_epoch_3":15772123.889130434}}
{"op_code":8,"worker_id":"65621591-6ed3-46d5-85f6-3172b5f690ea-140737350539072","trial_id":59,"user_attr":{"val_loss_epoch_3":22776938.0}}
{"op_code":7,"worker_id":"65621591-6ed3-46d5-85f6-3172b5f690ea-140737350539072","trial_id":59,"step":4,"intermediate_value":81.22270742358079}
{"op_code":8,"worker_id":"65621591-6ed3-46d5-85f6-3172b5f690ea-140737350539072","trial_id":59,"user_attr":{"train_loss_epoch_4":11297083.000679348}}
{"op_code":8,"worker_id":"65621591-6ed3-46d5-85f6-3172b5f690ea-140737350539072","trial_id":59,"user_attr":{"val_loss_epoch_4":6746899.25}}
{"op_code":6,"worker_id":"65621591-6ed3-46d5-85f6-3172b5f690ea-140737350539072","trial_id":59,"state":1,"values":[81.22270742358079],"datetime_complete":"2026-02-22T00:13:41.354071"}
{"op_code":4,"worker_id":"65621591-6ed3-46d5-85f6-3172b5f690ea-140737350539072","study_id":0,"datetime_start":"2026-02-22T00:13:41.368803"}
{"op_code":5,"worker_id":"65621591-6ed3-46d5-85f6-3172b5f690ea-140737350539072","trial_id":60,"param_name":"learning_rate","param_value_internal":0.006259873593886762,"distribution":"{\"name\": \"FloatDistribution\", \"attributes\": {\"step\": null, \"low\": 0.001, \"high\": 10.0, \"log\": true}}"}
{"op_code":5,"worker_id":"65621591-6ed3-46d5-85f6-3172b5f690ea-140737350539072","trial_id":60,"param_name":"transfer_lr","param_value_internal":0.00044146631531196106,"distribution":"{\"name\": \"FloatDistribution\", \"attributes\": {\"step\": null, \"low\": 0.0001, \"high\": 100.0, \"log\": true}}"}
{"op_code":5,"worker_id":"65621591-6ed3-46d5-85f6-3172b5f690ea-140737350539072","trial_id":60,"param_name":"transfer_every","param_value_internal":64.0,"distribution":"{\"name\": \"IntDistribution\", \"attributes\": {\"log\": true, \"step\": 1, \"low\": 64, \"high\": 32000}}"}
{"op_code":5,"worker_id":"65621591-6ed3-46d5-85f6-3172b5f690ea-140737350539072","trial_id":60,"param_name":"rank_exp","param_value_internal":5.0,"distribution":"{\"name\": \"IntDistribution\", \"attributes\": {\"log\": false, \"step\": 1, \"low\": 0, \"high\": 5}}"}
{"op_code":5,"worker_id":"65621591-6ed3-46d5-85f6-3172b5f690ea-140737350539072","trial_id":60,"param_name":"lora_alpha","param_value_internal":90.50021510445333,"distribution":"{\"name\": \"FloatDistribution\", \"attributes\": {\"step\": null, \"low\": 0.0001, \"high\": 100.0, \"log\": true}}"}
{"op_code":5,"worker_id":"65621591-6ed3-46d5-85f6-3172b5f690ea-140737350539072","trial_id":60,"param_name":"tau_sec","param_value_internal":0.0,"distribution":"{\"name\": \"FloatDistribution\", \"attributes\": {\"step\": null, \"low\": 0.0, \"high\": 0.0, \"log\": false}}"}
{"op_code":5,"worker_id":"65621591-6ed3-46d5-85f6-3172b5f690ea-140737350539072","trial_id":60,"param_name":"out_noise","param_value_internal":0.0,"distribution":"{\"name\": \"FloatDistribution\", \"attributes\": {\"step\": null, \"low\": 0.0, \"high\": 0.0, \"log\": false}}"}
{"op_code":5,"worker_id":"65621591-6ed3-46d5-85f6-3172b5f690ea-140737350539072","trial_id":60,"param_name":"ab_weight_scaling_omega","param_value_internal":0.0,"distribution":"{\"name\": \"FloatDistribution\", \"attributes\": {\"step\": null, \"low\": 0.0, \"high\": 0.0, \"log\": false}}"}
{"op_code":5,"worker_id":"65621591-6ed3-46d5-85f6-3172b5f690ea-140737350539072","trial_id":60,"param_name":"min_lr_rate","param_value_internal":0.0,"distribution":"{\"name\": \"FloatDistribution\", \"attributes\": {\"step\": null, \"low\": 0.0, \"high\": 0.0, \"log\": false}}"}
{"op_code":7,"worker_id":"65621591-6ed3-46d5-85f6-3172b5f690ea-140737350539072","trial_id":60,"step":1,"intermediate_value":81.22270742358079}
{"op_code":8,"worker_id":"65621591-6ed3-46d5-85f6-3172b5f690ea-140737350539072","trial_id":60,"user_attr":{"train_loss_epoch_1":25264615.177173913}}
{"op_code":8,"worker_id":"65621591-6ed3-46d5-85f6-3172b5f690ea-140737350539072","trial_id":60,"user_attr":{"val_loss_epoch_1":21106496.0}}
{"op_code":7,"worker_id":"65621591-6ed3-46d5-85f6-3172b5f690ea-140737350539072","trial_id":60,"step":2,"intermediate_value":81.22270742358079}
{"op_code":8,"worker_id":"65621591-6ed3-46d5-85f6-3172b5f690ea-140737350539072","trial_id":60,"user_attr":{"train_loss_epoch_2":12042103.54870924}}
{"op_code":8,"worker_id":"65621591-6ed3-46d5-85f6-3172b5f690ea-140737350539072","trial_id":60,"user_attr":{"val_loss_epoch_2":3597525.125}}
{"op_code":7,"worker_id":"65621591-6ed3-46d5-85f6-3172b5f690ea-140737350539072","trial_id":60,"step":3,"intermediate_value":81.22270742358079}
{"op_code":8,"worker_id":"65621591-6ed3-46d5-85f6-3172b5f690ea-140737350539072","trial_id":60,"user_attr":{"train_loss_epoch_3":1305188.9767050038}}
{"op_code":8,"worker_id":"65621591-6ed3-46d5-85f6-3172b5f690ea-140737350539072","trial_id":60,"user_attr":{"val_loss_epoch_3":11363.71142578125}}
{"op_code":7,"worker_id":"65621591-6ed3-46d5-85f6-3172b5f690ea-140737350539072","trial_id":60,"step":4,"intermediate_value":81.22270742358079}
{"op_code":8,"worker_id":"65621591-6ed3-46d5-85f6-3172b5f690ea-140737350539072","trial_id":60,"user_attr":{"train_loss_epoch_4":110232.5400337551}}
{"op_code":8,"worker_id":"65621591-6ed3-46d5-85f6-3172b5f690ea-140737350539072","trial_id":60,"user_attr":{"val_loss_epoch_4":25168.9912109375}}
{"op_code":7,"worker_id":"65621591-6ed3-46d5-85f6-3172b5f690ea-140737350539072","trial_id":60,"step":5,"intermediate_value":81.22270742358079}
{"op_code":8,"worker_id":"65621591-6ed3-46d5-85f6-3172b5f690ea-140737350539072","trial_id":60,"user_attr":{"train_loss_epoch_5":95976.73855298913}}
{"op_code":8,"worker_id":"65621591-6ed3-46d5-85f6-3172b5f690ea-140737350539072","trial_id":60,"user_attr":{"val_loss_epoch_5":45081.630859375}}
{"op_code":6,"worker_id":"65621591-6ed3-46d5-85f6-3172b5f690ea-140737350539072","trial_id":60,"state":1,"values":[81.22270742358079],"datetime_complete":"2026-02-22T00:16:49.576905"}
{"op_code":4,"worker_id":"65621591-6ed3-46d5-85f6-3172b5f690ea-140737350539072","study_id":0,"datetime_start":"2026-02-22T00:16:49.584691"}
{"op_code":5,"worker_id":"65621591-6ed3-46d5-85f6-3172b5f690ea-140737350539072","trial_id":61,"param_name":"learning_rate","param_value_internal":0.008199443319894997,"distribution":"{\"name\": \"FloatDistribution\", \"attributes\": {\"step\": null, \"low\": 0.001, \"high\": 10.0, \"log\": true}}"}
{"op_code":5,"worker_id":"65621591-6ed3-46d5-85f6-3172b5f690ea-140737350539072","trial_id":61,"param_name":"transfer_lr","param_value_internal":95.50058636738237,"distribution":"{\"name\": \"FloatDistribution\", \"attributes\": {\"step\": null, \"low\": 0.0001, \"high\": 100.0, \"log\": true}}"}
{"op_code":5,"worker_id":"65621591-6ed3-46d5-85f6-3172b5f690ea-140737350539072","trial_id":61,"param_name":"transfer_every","param_value_internal":64.0,"distribution":"{\"name\": \"IntDistribution\", \"attributes\": {\"log\": true, \"step\": 1, \"low\": 64, \"high\": 32000}}"}
{"op_code":5,"worker_id":"65621591-6ed3-46d5-85f6-3172b5f690ea-140737350539072","trial_id":61,"param_name":"rank_exp","param_value_internal":4.0,"distribution":"{\"name\": \"IntDistribution\", \"attributes\": {\"log\": false, \"step\": 1, \"low\": 0, \"high\": 5}}"}
{"op_code":5,"worker_id":"65621591-6ed3-46d5-85f6-3172b5f690ea-140737350539072","trial_id":61,"param_name":"lora_alpha","param_value_internal":0.0001,"distribution":"{\"name\": \"FloatDistribution\", \"attributes\": {\"step\": null, \"low\": 0.0001, \"high\": 100.0, \"log\": true}}"}
{"op_code":5,"worker_id":"65621591-6ed3-46d5-85f6-3172b5f690ea-140737350539072","trial_id":61,"param_name":"tau_sec","param_value_internal":0.0,"distribution":"{\"name\": \"FloatDistribution\", \"attributes\": {\"step\": null, \"low\": 0.0, \"high\": 0.0, \"log\": false}}"}
{"op_code":5,"worker_id":"65621591-6ed3-46d5-85f6-3172b5f690ea-140737350539072","trial_id":61,"param_name":"out_noise","param_value_internal":0.0,"distribution":"{\"name\": \"FloatDistribution\", \"attributes\": {\"step\": null, \"low\": 0.0, \"high\": 0.0, \"log\": false}}"}
{"op_code":5,"worker_id":"65621591-6ed3-46d5-85f6-3172b5f690ea-140737350539072","trial_id":61,"param_name":"ab_weight_scaling_omega","param_value_internal":0.0,"distribution":"{\"name\": \"FloatDistribution\", \"attributes\": {\"step\": null, \"low\": 0.0, \"high\": 0.0, \"log\": false}}"}
{"op_code":5,"worker_id":"65621591-6ed3-46d5-85f6-3172b5f690ea-140737350539072","trial_id":61,"param_name":"min_lr_rate","param_value_internal":0.0,"distribution":"{\"name\": \"FloatDistribution\", \"attributes\": {\"step\": null, \"low\": 0.0, \"high\": 0.0, \"log\": false}}"}
{"op_code":7,"worker_id":"65621591-6ed3-46d5-85f6-3172b5f690ea-140737350539072","trial_id":61,"step":1,"intermediate_value":81.22270742358079}
{"op_code":8,"worker_id":"65621591-6ed3-46d5-85f6-3172b5f690ea-140737350539072","trial_id":61,"user_attr":{"train_loss_epoch_1":23466641.812160324}}
{"op_code":8,"worker_id":"65621591-6ed3-46d5-85f6-3172b5f690ea-140737350539072","trial_id":61,"user_attr":{"val_loss_epoch_1":8982685.0}}
{"op_code":7,"worker_id":"65621591-6ed3-46d5-85f6-3172b5f690ea-140737350539072","trial_id":61,"step":2,"intermediate_value":81.22270742358079}
{"op_code":8,"worker_id":"65621591-6ed3-46d5-85f6-3172b5f690ea-140737350539072","trial_id":61,"user_attr":{"train_loss_epoch_2":6842728.895584239}}
{"op_code":8,"worker_id":"65621591-6ed3-46d5-85f6-3172b5f690ea-140737350539072","trial_id":61,"user_attr":{"val_loss_epoch_2":243163.90625}}
{"op_code":7,"worker_id":"65621591-6ed3-46d5-85f6-3172b5f690ea-140737350539072","trial_id":61,"step":3,"intermediate_value":81.22270742358079}
{"op_code":8,"worker_id":"65621591-6ed3-46d5-85f6-3172b5f690ea-140737350539072","trial_id":61,"user_attr":{"train_loss_epoch_3":147892.63965480638}}
{"op_code":8,"worker_id":"65621591-6ed3-46d5-85f6-3172b5f690ea-140737350539072","trial_id":61,"user_attr":{"val_loss_epoch_3":7696.602783203125}}
{"op_code":7,"worker_id":"65621591-6ed3-46d5-85f6-3172b5f690ea-140737350539072","trial_id":61,"step":4,"intermediate_value":81.22270742358079}
{"op_code":8,"worker_id":"65621591-6ed3-46d5-85f6-3172b5f690ea-140737350539072","trial_id":61,"user_attr":{"train_loss_epoch_4":138159.29755434784}}
{"op_code":8,"worker_id":"65621591-6ed3-46d5-85f6-3172b5f690ea-140737350539072","trial_id":61,"user_attr":{"val_loss_epoch_4":28484.41015625}}
{"op_code":7,"worker_id":"65621591-6ed3-46d5-85f6-3172b5f690ea-140737350539072","trial_id":61,"step":5,"intermediate_value":81.22270742358079}
{"op_code":8,"worker_id":"65621591-6ed3-46d5-85f6-3172b5f690ea-140737350539072","trial_id":61,"user_attr":{"train_loss_epoch_5":125345.90137567934}}
{"op_code":8,"worker_id":"65621591-6ed3-46d5-85f6-3172b5f690ea-140737350539072","trial_id":61,"user_attr":{"val_loss_epoch_5":47759.728515625}}
{"op_code":6,"worker_id":"65621591-6ed3-46d5-85f6-3172b5f690ea-140737350539072","trial_id":61,"state":1,"values":[81.22270742358079],"datetime_complete":"2026-02-22T00:19:35.306108"}
{"op_code":4,"worker_id":"65621591-6ed3-46d5-85f6-3172b5f690ea-140737350539072","study_id":0,"datetime_start":"2026-02-22T00:19:35.317893"}
{"op_code":5,"worker_id":"65621591-6ed3-46d5-85f6-3172b5f690ea-140737350539072","trial_id":62,"param_name":"learning_rate","param_value_internal":0.0025124291530879686,"distribution":"{\"name\": \"FloatDistribution\", \"attributes\": {\"step\": null, \"low\": 0.001, \"high\": 10.0, \"log\": true}}"}
{"op_code":5,"worker_id":"65621591-6ed3-46d5-85f6-3172b5f690ea-140737350539072","trial_id":62,"param_name":"transfer_lr","param_value_internal":0.00885745979864467,"distribution":"{\"name\": \"FloatDistribution\", \"attributes\": {\"step\": null, \"low\": 0.0001, \"high\": 100.0, \"log\": true}}"}
{"op_code":5,"worker_id":"65621591-6ed3-46d5-85f6-3172b5f690ea-140737350539072","trial_id":62,"param_name":"transfer_every","param_value_internal":64.0,"distribution":"{\"name\": \"IntDistribution\", \"attributes\": {\"log\": true, \"step\": 1, \"low\": 64, \"high\": 32000}}"}
{"op_code":5,"worker_id":"65621591-6ed3-46d5-85f6-3172b5f690ea-140737350539072","trial_id":62,"param_name":"rank_exp","param_value_internal":2.0,"distribution":"{\"name\": \"IntDistribution\", \"attributes\": {\"log\": false, \"step\": 1, \"low\": 0, \"high\": 5}}"}
{"op_code":5,"worker_id":"65621591-6ed3-46d5-85f6-3172b5f690ea-140737350539072","trial_id":62,"param_name":"lora_alpha","param_value_internal":0.2884581698458323,"distribution":"{\"name\": \"FloatDistribution\", \"attributes\": {\"step\": null, \"low\": 0.0001, \"high\": 100.0, \"log\": true}}"}
{"op_code":5,"worker_id":"65621591-6ed3-46d5-85f6-3172b5f690ea-140737350539072","trial_id":62,"param_name":"tau_sec","param_value_internal":0.0,"distribution":"{\"name\": \"FloatDistribution\", \"attributes\": {\"step\": null, \"low\": 0.0, \"high\": 0.0, \"log\": false}}"}
{"op_code":5,"worker_id":"65621591-6ed3-46d5-85f6-3172b5f690ea-140737350539072","trial_id":62,"param_name":"out_noise","param_value_internal":0.0,"distribution":"{\"name\": \"FloatDistribution\", \"attributes\": {\"step\": null, \"low\": 0.0, \"high\": 0.0, \"log\": false}}"}
{"op_code":5,"worker_id":"65621591-6ed3-46d5-85f6-3172b5f690ea-140737350539072","trial_id":62,"param_name":"ab_weight_scaling_omega","param_value_internal":0.0,"distribution":"{\"name\": \"FloatDistribution\", \"attributes\": {\"step\": null, \"low\": 0.0, \"high\": 0.0, \"log\": false}}"}
{"op_code":5,"worker_id":"65621591-6ed3-46d5-85f6-3172b5f690ea-140737350539072","trial_id":62,"param_name":"min_lr_rate","param_value_internal":0.0,"distribution":"{\"name\": \"FloatDistribution\", \"attributes\": {\"step\": null, \"low\": 0.0, \"high\": 0.0, \"log\": false}}"}
{"op_code":7,"worker_id":"65621591-6ed3-46d5-85f6-3172b5f690ea-140737350539072","trial_id":62,"step":1,"intermediate_value":81.22270742358079}
{"op_code":8,"worker_id":"65621591-6ed3-46d5-85f6-3172b5f690ea-140737350539072","trial_id":62,"user_attr":{"train_loss_epoch_1":25301509.408899456}}
{"op_code":8,"worker_id":"65621591-6ed3-46d5-85f6-3172b5f690ea-140737350539072","trial_id":62,"user_attr":{"val_loss_epoch_1":19879669.0}}
{"op_code":7,"worker_id":"65621591-6ed3-46d5-85f6-3172b5f690ea-140737350539072","trial_id":62,"step":2,"intermediate_value":81.22270742358079}
{"op_code":8,"worker_id":"65621591-6ed3-46d5-85f6-3172b5f690ea-140737350539072","trial_id":62,"user_attr":{"train_loss_epoch_2":22275479.76576087}}
{"op_code":8,"worker_id":"65621591-6ed3-46d5-85f6-3172b5f690ea-140737350539072","trial_id":62,"user_attr":{"val_loss_epoch_2":22865728.0}}
{"op_code":7,"worker_id":"65621591-6ed3-46d5-85f6-3172b5f690ea-140737350539072","trial_id":62,"step":3,"intermediate_value":81.22270742358079}
{"op_code":8,"worker_id":"65621591-6ed3-46d5-85f6-3172b5f690ea-140737350539072","trial_id":62,"user_attr":{"train_loss_epoch_3":16341675.95}}
{"op_code":8,"worker_id":"65621591-6ed3-46d5-85f6-3172b5f690ea-140737350539072","trial_id":62,"user_attr":{"val_loss_epoch_3":5008221.0}}
{"op_code":7,"worker_id":"65621591-6ed3-46d5-85f6-3172b5f690ea-140737350539072","trial_id":62,"step":4,"intermediate_value":81.22270742358079}
{"op_code":8,"worker_id":"65621591-6ed3-46d5-85f6-3172b5f690ea-140737350539072","trial_id":62,"user_attr":{"train_loss_epoch_4":11676378.002955163}}
{"op_code":8,"worker_id":"65621591-6ed3-46d5-85f6-3172b5f690ea-140737350539072","trial_id":62,"user_attr":{"val_loss_epoch_4":5622234.0}}
{"op_code":7,"worker_id":"65621591-6ed3-46d5-85f6-3172b5f690ea-140737350539072","trial_id":62,"step":5,"intermediate_value":81.22270742358079}
{"op_code":8,"worker_id":"65621591-6ed3-46d5-85f6-3172b5f690ea-140737350539072","trial_id":62,"user_attr":{"train_loss_epoch_5":7397261.202853261}}
{"op_code":8,"worker_id":"65621591-6ed3-46d5-85f6-3172b5f690ea-140737350539072","trial_id":62,"user_attr":{"val_loss_epoch_5":3265032.125}}
{"op_code":7,"worker_id":"65621591-6ed3-46d5-85f6-3172b5f690ea-140737350539072","trial_id":62,"step":6,"intermediate_value":81.22270742358079}
{"op_code":8,"worker_id":"65621591-6ed3-46d5-85f6-3172b5f690ea-140737350539072","trial_id":62,"user_attr":{"train_loss_epoch_6":3643610.230298913}}
{"op_code":8,"worker_id":"65621591-6ed3-46d5-85f6-3172b5f690ea-140737350539072","trial_id":62,"user_attr":{"val_loss_epoch_6":1609376.25}}
{"op_code":7,"worker_id":"65621591-6ed3-46d5-85f6-3172b5f690ea-140737350539072","trial_id":62,"step":7,"intermediate_value":81.22270742358079}
{"op_code":8,"worker_id":"65621591-6ed3-46d5-85f6-3172b5f690ea-140737350539072","trial_id":62,"user_attr":{"train_loss_epoch_7":887045.1173403533}}
{"op_code":8,"worker_id":"65621591-6ed3-46d5-85f6-3172b5f690ea-140737350539072","trial_id":62,"user_attr":{"val_loss_epoch_7":230479.71875}}
{"op_code":7,"worker_id":"65621591-6ed3-46d5-85f6-3172b5f690ea-140737350539072","trial_id":62,"step":8,"intermediate_value":81.22270742358079}
{"op_code":8,"worker_id":"65621591-6ed3-46d5-85f6-3172b5f690ea-140737350539072","trial_id":62,"user_attr":{"train_loss_epoch_8":52267.57464493461}}
{"op_code":8,"worker_id":"65621591-6ed3-46d5-85f6-3172b5f690ea-140737350539072","trial_id":62,"user_attr":{"val_loss_epoch_8":26611.7421875}}
{"op_code":7,"worker_id":"65621591-6ed3-46d5-85f6-3172b5f690ea-140737350539072","trial_id":62,"step":9,"intermediate_value":81.22270742358079}
{"op_code":8,"worker_id":"65621591-6ed3-46d5-85f6-3172b5f690ea-140737350539072","trial_id":62,"user_attr":{"train_loss_epoch_9":22069.14553753397}}
{"op_code":8,"worker_id":"65621591-6ed3-46d5-85f6-3172b5f690ea-140737350539072","trial_id":62,"user_attr":{"val_loss_epoch_9":4007.0665283203125}}
{"op_code":7,"worker_id":"65621591-6ed3-46d5-85f6-3172b5f690ea-140737350539072","trial_id":62,"step":10,"intermediate_value":81.22270742358079}
{"op_code":8,"worker_id":"65621591-6ed3-46d5-85f6-3172b5f690ea-140737350539072","trial_id":62,"user_attr":{"train_loss_epoch_10":18132.89229577106}}
{"op_code":8,"worker_id":"65621591-6ed3-46d5-85f6-3172b5f690ea-140737350539072","trial_id":62,"user_attr":{"val_loss_epoch_10":12666.79248046875}}
{"op_code":7,"worker_id":"65621591-6ed3-46d5-85f6-3172b5f690ea-140737350539072","trial_id":62,"step":11,"intermediate_value":81.22270742358079}
{"op_code":8,"worker_id":"65621591-6ed3-46d5-85f6-3172b5f690ea-140737350539072","trial_id":62,"user_attr":{"train_loss_epoch_11":14108.37113673998}}
{"op_code":8,"worker_id":"65621591-6ed3-46d5-85f6-3172b5f690ea-140737350539072","trial_id":62,"user_attr":{"val_loss_epoch_11":1057.4918823242188}}
{"op_code":7,"worker_id":"65621591-6ed3-46d5-85f6-3172b5f690ea-140737350539072","trial_id":62,"step":12,"intermediate_value":81.22270742358079}
{"op_code":8,"worker_id":"65621591-6ed3-46d5-85f6-3172b5f690ea-140737350539072","trial_id":62,"user_attr":{"train_loss_epoch_12":9241.230336462933}}
{"op_code":8,"worker_id":"65621591-6ed3-46d5-85f6-3172b5f690ea-140737350539072","trial_id":62,"user_attr":{"val_loss_epoch_12":9843.57421875}}
{"op_code":7,"worker_id":"65621591-6ed3-46d5-85f6-3172b5f690ea-140737350539072","trial_id":62,"step":13,"intermediate_value":81.22270742358079}
{"op_code":8,"worker_id":"65621591-6ed3-46d5-85f6-3172b5f690ea-140737350539072","trial_id":62,"user_attr":{"train_loss_epoch_13":6062.952210799507}}
{"op_code":8,"worker_id":"65621591-6ed3-46d5-85f6-3172b5f690ea-140737350539072","trial_id":62,"user_attr":{"val_loss_epoch_13":37.99153518676758}}
{"op_code":7,"worker_id":"65621591-6ed3-46d5-85f6-3172b5f690ea-140737350539072","trial_id":62,"step":14,"intermediate_value":81.22270742358079}
{"op_code":8,"worker_id":"65621591-6ed3-46d5-85f6-3172b5f690ea-140737350539072","trial_id":62,"user_attr":{"train_loss_epoch_14":1897.3338251585546}}
{"op_code":8,"worker_id":"65621591-6ed3-46d5-85f6-3172b5f690ea-140737350539072","trial_id":62,"user_attr":{"val_loss_epoch_14":0.6354963779449463}}
{"op_code":6,"worker_id":"65621591-6ed3-46d5-85f6-3172b5f690ea-140737350539072","trial_id":62,"state":1,"values":[81.22270742358079],"datetime_complete":"2026-02-22T00:24:46.009420"}
{"op_code":4,"worker_id":"65621591-6ed3-46d5-85f6-3172b5f690ea-140737350539072","study_id":0,"datetime_start":"2026-02-22T00:24:46.019395"}
{"op_code":5,"worker_id":"65621591-6ed3-46d5-85f6-3172b5f690ea-140737350539072","trial_id":63,"param_name":"learning_rate","param_value_internal":0.004802312687210308,"distribution":"{\"name\": \"FloatDistribution\", \"attributes\": {\"step\": null, \"low\": 0.001, \"high\": 10.0, \"log\": true}}"}
{"op_code":5,"worker_id":"65621591-6ed3-46d5-85f6-3172b5f690ea-140737350539072","trial_id":63,"param_name":"transfer_lr","param_value_internal":0.002082093132668139,"distribution":"{\"name\": \"FloatDistribution\", \"attributes\": {\"step\": null, \"low\": 0.0001, \"high\": 100.0, \"log\": true}}"}
{"op_code":5,"worker_id":"65621591-6ed3-46d5-85f6-3172b5f690ea-140737350539072","trial_id":63,"param_name":"transfer_every","param_value_internal":32000.0,"distribution":"{\"name\": \"IntDistribution\", \"attributes\": {\"log\": true, \"step\": 1, \"low\": 64, \"high\": 32000}}"}
{"op_code":5,"worker_id":"65621591-6ed3-46d5-85f6-3172b5f690ea-140737350539072","trial_id":63,"param_name":"rank_exp","param_value_internal":5.0,"distribution":"{\"name\": \"IntDistribution\", \"attributes\": {\"log\": false, \"step\": 1, \"low\": 0, \"high\": 5}}"}
{"op_code":5,"worker_id":"65621591-6ed3-46d5-85f6-3172b5f690ea-140737350539072","trial_id":63,"param_name":"lora_alpha","param_value_internal":0.8114804224021659,"distribution":"{\"name\": \"FloatDistribution\", \"attributes\": {\"step\": null, \"low\": 0.0001, \"high\": 100.0, \"log\": true}}"}
{"op_code":5,"worker_id":"65621591-6ed3-46d5-85f6-3172b5f690ea-140737350539072","trial_id":63,"param_name":"tau_sec","param_value_internal":0.0,"distribution":"{\"name\": \"FloatDistribution\", \"attributes\": {\"step\": null, \"low\": 0.0, \"high\": 0.0, \"log\": false}}"}
{"op_code":5,"worker_id":"65621591-6ed3-46d5-85f6-3172b5f690ea-140737350539072","trial_id":63,"param_name":"out_noise","param_value_internal":0.0,"distribution":"{\"name\": \"FloatDistribution\", \"attributes\": {\"step\": null, \"low\": 0.0, \"high\": 0.0, \"log\": false}}"}
{"op_code":5,"worker_id":"65621591-6ed3-46d5-85f6-3172b5f690ea-140737350539072","trial_id":63,"param_name":"ab_weight_scaling_omega","param_value_internal":0.0,"distribution":"{\"name\": \"FloatDistribution\", \"attributes\": {\"step\": null, \"low\": 0.0, \"high\": 0.0, \"log\": false}}"}
{"op_code":5,"worker_id":"65621591-6ed3-46d5-85f6-3172b5f690ea-140737350539072","trial_id":63,"param_name":"min_lr_rate","param_value_internal":0.0,"distribution":"{\"name\": \"FloatDistribution\", \"attributes\": {\"step\": null, \"low\": 0.0, \"high\": 0.0, \"log\": false}}"}
{"op_code":7,"worker_id":"65621591-6ed3-46d5-85f6-3172b5f690ea-140737350539072","trial_id":63,"step":1,"intermediate_value":0.0}
{"op_code":8,"worker_id":"65621591-6ed3-46d5-85f6-3172b5f690ea-140737350539072","trial_id":63,"user_attr":{"train_loss_epoch_1":26265010.42826087}}
{"op_code":8,"worker_id":"65621591-6ed3-46d5-85f6-3172b5f690ea-140737350539072","trial_id":63,"user_attr":{"val_loss_epoch_1":11771058.5}}
{"op_code":7,"worker_id":"65621591-6ed3-46d5-85f6-3172b5f690ea-140737350539072","trial_id":63,"step":2,"intermediate_value":81.22270742358079}
{"op_code":8,"worker_id":"65621591-6ed3-46d5-85f6-3172b5f690ea-140737350539072","trial_id":63,"user_attr":{"train_loss_epoch_2":16557632.056317935}}
{"op_code":8,"worker_id":"65621591-6ed3-46d5-85f6-3172b5f690ea-140737350539072","trial_id":63,"user_attr":{"val_loss_epoch_2":12816158.0}}
{"op_code":7,"worker_id":"65621591-6ed3-46d5-85f6-3172b5f690ea-140737350539072","trial_id":63,"step":3,"intermediate_value":81.22270742358079}
{"op_code":8,"worker_id":"65621591-6ed3-46d5-85f6-3172b5f690ea-140737350539072","trial_id":63,"user_attr":{"train_loss_epoch_3":5557889.756929348}}
{"op_code":8,"worker_id":"65621591-6ed3-46d5-85f6-3172b5f690ea-140737350539072","trial_id":63,"user_attr":{"val_loss_epoch_3":1065840.28125}}
{"op_code":7,"worker_id":"65621591-6ed3-46d5-85f6-3172b5f690ea-140737350539072","trial_id":63,"step":4,"intermediate_value":81.22270742358079}
{"op_code":8,"worker_id":"65621591-6ed3-46d5-85f6-3172b5f690ea-140737350539072","trial_id":63,"user_attr":{"train_loss_epoch_4":309261.8257785963}}
{"op_code":8,"worker_id":"65621591-6ed3-46d5-85f6-3172b5f690ea-140737350539072","trial_id":63,"user_attr":{"val_loss_epoch_4":10587.1318359375}}
{"op_code":7,"worker_id":"65621591-6ed3-46d5-85f6-3172b5f690ea-140737350539072","trial_id":63,"step":5,"intermediate_value":81.22270742358079}
{"op_code":8,"worker_id":"65621591-6ed3-46d5-85f6-3172b5f690ea-140737350539072","trial_id":63,"user_attr":{"train_loss_epoch_5":72924.55979110055}}
{"op_code":8,"worker_id":"65621591-6ed3-46d5-85f6-3172b5f690ea-140737350539072","trial_id":63,"user_attr":{"val_loss_epoch_5":882.1203002929688}}
{"op_code":7,"worker_id":"65621591-6ed3-46d5-85f6-3172b5f690ea-140737350539072","trial_id":63,"step":6,"intermediate_value":81.22270742358079}
{"op_code":8,"worker_id":"65621591-6ed3-46d5-85f6-3172b5f690ea-140737350539072","trial_id":63,"user_attr":{"train_loss_epoch_6":62695.876446798575}}
{"op_code":8,"worker_id":"65621591-6ed3-46d5-85f6-3172b5f690ea-140737350539072","trial_id":63,"user_attr":{"val_loss_epoch_6":22233.0380859375}}
{"op_code":7,"worker_id":"65621591-6ed3-46d5-85f6-3172b5f690ea-140737350539072","trial_id":63,"step":7,"intermediate_value":81.22270742358079}
{"op_code":8,"worker_id":"65621591-6ed3-46d5-85f6-3172b5f690ea-140737350539072","trial_id":63,"user_attr":{"train_loss_epoch_7":57660.58772078804}}
{"op_code":8,"worker_id":"65621591-6ed3-46d5-85f6-3172b5f690ea-140737350539072","trial_id":63,"user_attr":{"val_loss_epoch_7":19455.728515625}}
{"op_code":6,"worker_id":"65621591-6ed3-46d5-85f6-3172b5f690ea-140737350539072","trial_id":63,"state":1,"values":[81.22270742358079],"datetime_complete":"2026-02-22T00:28:01.525565"}
{"op_code":4,"worker_id":"65621591-6ed3-46d5-85f6-3172b5f690ea-140737350539072","study_id":0,"datetime_start":"2026-02-22T00:28:01.535993"}
{"op_code":5,"worker_id":"65621591-6ed3-46d5-85f6-3172b5f690ea-140737350539072","trial_id":64,"param_name":"learning_rate","param_value_internal":0.0014129482627879611,"distribution":"{\"name\": \"FloatDistribution\", \"attributes\": {\"step\": null, \"low\": 0.001, \"high\": 10.0, \"log\": true}}"}
{"op_code":5,"worker_id":"65621591-6ed3-46d5-85f6-3172b5f690ea-140737350539072","trial_id":64,"param_name":"transfer_lr","param_value_internal":0.03944753741575809,"distribution":"{\"name\": \"FloatDistribution\", \"attributes\": {\"step\": null, \"low\": 0.0001, \"high\": 100.0, \"log\": true}}"}
{"op_code":5,"worker_id":"65621591-6ed3-46d5-85f6-3172b5f690ea-140737350539072","trial_id":64,"param_name":"transfer_every","param_value_internal":64.0,"distribution":"{\"name\": \"IntDistribution\", \"attributes\": {\"log\": true, \"step\": 1, \"low\": 64, \"high\": 32000}}"}
{"op_code":5,"worker_id":"65621591-6ed3-46d5-85f6-3172b5f690ea-140737350539072","trial_id":64,"param_name":"rank_exp","param_value_internal":0.0,"distribution":"{\"name\": \"IntDistribution\", \"attributes\": {\"log\": false, \"step\": 1, \"low\": 0, \"high\": 5}}"}
{"op_code":5,"worker_id":"65621591-6ed3-46d5-85f6-3172b5f690ea-140737350539072","trial_id":64,"param_name":"lora_alpha","param_value_internal":0.0068611012382056545,"distribution":"{\"name\": \"FloatDistribution\", \"attributes\": {\"step\": null, \"low\": 0.0001, \"high\": 100.0, \"log\": true}}"}
{"op_code":5,"worker_id":"65621591-6ed3-46d5-85f6-3172b5f690ea-140737350539072","trial_id":64,"param_name":"tau_sec","param_value_internal":0.0,"distribution":"{\"name\": \"FloatDistribution\", \"attributes\": {\"step\": null, \"low\": 0.0, \"high\": 0.0, \"log\": false}}"}
{"op_code":5,"worker_id":"65621591-6ed3-46d5-85f6-3172b5f690ea-140737350539072","trial_id":64,"param_name":"out_noise","param_value_internal":0.0,"distribution":"{\"name\": \"FloatDistribution\", \"attributes\": {\"step\": null, \"low\": 0.0, \"high\": 0.0, \"log\": false}}"}
{"op_code":5,"worker_id":"65621591-6ed3-46d5-85f6-3172b5f690ea-140737350539072","trial_id":64,"param_name":"ab_weight_scaling_omega","param_value_internal":0.0,"distribution":"{\"name\": \"FloatDistribution\", \"attributes\": {\"step\": null, \"low\": 0.0, \"high\": 0.0, \"log\": false}}"}
{"op_code":5,"worker_id":"65621591-6ed3-46d5-85f6-3172b5f690ea-140737350539072","trial_id":64,"param_name":"min_lr_rate","param_value_internal":0.0,"distribution":"{\"name\": \"FloatDistribution\", \"attributes\": {\"step\": null, \"low\": 0.0, \"high\": 0.0, \"log\": false}}"}
{"op_code":7,"worker_id":"65621591-6ed3-46d5-85f6-3172b5f690ea-140737350539072","trial_id":64,"step":1,"intermediate_value":81.22270742358079}
{"op_code":8,"worker_id":"65621591-6ed3-46d5-85f6-3172b5f690ea-140737350539072","trial_id":64,"user_attr":{"train_loss_epoch_1":26376717.022418477}}
{"op_code":8,"worker_id":"65621591-6ed3-46d5-85f6-3172b5f690ea-140737350539072","trial_id":64,"user_attr":{"val_loss_epoch_1":24747205.0}}
{"op_code":7,"worker_id":"65621591-6ed3-46d5-85f6-3172b5f690ea-140737350539072","trial_id":64,"step":2,"intermediate_value":81.22270742358079}
{"op_code":8,"worker_id":"65621591-6ed3-46d5-85f6-3172b5f690ea-140737350539072","trial_id":64,"user_attr":{"train_loss_epoch_2":25663803.520108696}}
{"op_code":8,"worker_id":"65621591-6ed3-46d5-85f6-3172b5f690ea-140737350539072","trial_id":64,"user_attr":{"val_loss_epoch_2":18456931.0}}
{"op_code":7,"worker_id":"65621591-6ed3-46d5-85f6-3172b5f690ea-140737350539072","trial_id":64,"step":3,"intermediate_value":81.22270742358079}
{"op_code":8,"worker_id":"65621591-6ed3-46d5-85f6-3172b5f690ea-140737350539072","trial_id":64,"user_attr":{"train_loss_epoch_3":22597353.470074728}}
{"op_code":8,"worker_id":"65621591-6ed3-46d5-85f6-3172b5f690ea-140737350539072","trial_id":64,"user_attr":{"val_loss_epoch_3":23333963.0}}
{"op_code":7,"worker_id":"65621591-6ed3-46d5-85f6-3172b5f690ea-140737350539072","trial_id":64,"step":4,"intermediate_value":81.22270742358079}
{"op_code":8,"worker_id":"65621591-6ed3-46d5-85f6-3172b5f690ea-140737350539072","trial_id":64,"user_attr":{"train_loss_epoch_4":18738383.549320653}}
{"op_code":8,"worker_id":"65621591-6ed3-46d5-85f6-3172b5f690ea-140737350539072","trial_id":64,"user_attr":{"val_loss_epoch_4":13341141.5}}
{"op_code":7,"worker_id":"65621591-6ed3-46d5-85f6-3172b5f690ea-140737350539072","trial_id":64,"step":5,"intermediate_value":81.22270742358079}
{"op_code":8,"worker_id":"65621591-6ed3-46d5-85f6-3172b5f690ea-140737350539072","trial_id":64,"user_attr":{"train_loss_epoch_5":17893716.59157609}}
{"op_code":8,"worker_id":"65621591-6ed3-46d5-85f6-3172b5f690ea-140737350539072","trial_id":64,"user_attr":{"val_loss_epoch_5":16342554.0}}
{"op_code":7,"worker_id":"65621591-6ed3-46d5-85f6-3172b5f690ea-140737350539072","trial_id":64,"step":6,"intermediate_value":81.22270742358079}
{"op_code":8,"worker_id":"65621591-6ed3-46d5-85f6-3172b5f690ea-140737350539072","trial_id":64,"user_attr":{"train_loss_epoch_6":13903552.305023797}}
{"op_code":8,"worker_id":"65621591-6ed3-46d5-85f6-3172b5f690ea-140737350539072","trial_id":64,"user_attr":{"val_loss_epoch_6":2003446.4375}}
{"op_code":7,"worker_id":"65621591-6ed3-46d5-85f6-3172b5f690ea-140737350539072","trial_id":64,"step":7,"intermediate_value":81.22270742358079}
{"op_code":8,"worker_id":"65621591-6ed3-46d5-85f6-3172b5f690ea-140737350539072","trial_id":64,"user_attr":{"train_loss_epoch_7":12101024.725592587}}
{"op_code":8,"worker_id":"65621591-6ed3-46d5-85f6-3172b5f690ea-140737350539072","trial_id":64,"user_attr":{"val_loss_epoch_7":11454880.5}}
{"op_code":7,"worker_id":"65621591-6ed3-46d5-85f6-3172b5f690ea-140737350539072","trial_id":64,"step":8,"intermediate_value":81.22270742358079}
{"op_code":8,"worker_id":"65621591-6ed3-46d5-85f6-3172b5f690ea-140737350539072","trial_id":64,"user_attr":{"train_loss_epoch_8":10781747.629483696}}
{"op_code":8,"worker_id":"65621591-6ed3-46d5-85f6-3172b5f690ea-140737350539072","trial_id":64,"user_attr":{"val_loss_epoch_8":6307100.5}}
{"op_code":6,"worker_id":"65621591-6ed3-46d5-85f6-3172b5f690ea-140737350539072","trial_id":64,"state":1,"values":[81.22270742358079],"datetime_complete":"2026-02-22T00:32:44.690074"}
{"op_code":4,"worker_id":"65621591-6ed3-46d5-85f6-3172b5f690ea-140737350539072","study_id":0,"datetime_start":"2026-02-22T00:32:44.697749"}
{"op_code":5,"worker_id":"65621591-6ed3-46d5-85f6-3172b5f690ea-140737350539072","trial_id":65,"param_name":"learning_rate","param_value_internal":0.008541350367521508,"distribution":"{\"name\": \"FloatDistribution\", \"attributes\": {\"step\": null, \"low\": 0.001, \"high\": 10.0, \"log\": true}}"}
{"op_code":5,"worker_id":"65621591-6ed3-46d5-85f6-3172b5f690ea-140737350539072","trial_id":65,"param_name":"transfer_lr","param_value_internal":0.00046019094104940124,"distribution":"{\"name\": \"FloatDistribution\", \"attributes\": {\"step\": null, \"low\": 0.0001, \"high\": 100.0, \"log\": true}}"}
{"op_code":5,"worker_id":"65621591-6ed3-46d5-85f6-3172b5f690ea-140737350539072","trial_id":65,"param_name":"transfer_every","param_value_internal":64.0,"distribution":"{\"name\": \"IntDistribution\", \"attributes\": {\"log\": true, \"step\": 1, \"low\": 64, \"high\": 32000}}"}
{"op_code":5,"worker_id":"65621591-6ed3-46d5-85f6-3172b5f690ea-140737350539072","trial_id":65,"param_name":"rank_exp","param_value_internal":5.0,"distribution":"{\"name\": \"IntDistribution\", \"attributes\": {\"log\": false, \"step\": 1, \"low\": 0, \"high\": 5}}"}
{"op_code":5,"worker_id":"65621591-6ed3-46d5-85f6-3172b5f690ea-140737350539072","trial_id":65,"param_name":"lora_alpha","param_value_internal":0.11042544660220485,"distribution":"{\"name\": \"FloatDistribution\", \"attributes\": {\"step\": null, \"low\": 0.0001, \"high\": 100.0, \"log\": true}}"}
{"op_code":5,"worker_id":"65621591-6ed3-46d5-85f6-3172b5f690ea-140737350539072","trial_id":65,"param_name":"tau_sec","param_value_internal":0.0,"distribution":"{\"name\": \"FloatDistribution\", \"attributes\": {\"step\": null, \"low\": 0.0, \"high\": 0.0, \"log\": false}}"}
{"op_code":5,"worker_id":"65621591-6ed3-46d5-85f6-3172b5f690ea-140737350539072","trial_id":65,"param_name":"out_noise","param_value_internal":0.0,"distribution":"{\"name\": \"FloatDistribution\", \"attributes\": {\"step\": null, \"low\": 0.0, \"high\": 0.0, \"log\": false}}"}
{"op_code":5,"worker_id":"65621591-6ed3-46d5-85f6-3172b5f690ea-140737350539072","trial_id":65,"param_name":"ab_weight_scaling_omega","param_value_internal":0.0,"distribution":"{\"name\": \"FloatDistribution\", \"attributes\": {\"step\": null, \"low\": 0.0, \"high\": 0.0, \"log\": false}}"}
{"op_code":5,"worker_id":"65621591-6ed3-46d5-85f6-3172b5f690ea-140737350539072","trial_id":65,"param_name":"min_lr_rate","param_value_internal":0.0,"distribution":"{\"name\": \"FloatDistribution\", \"attributes\": {\"step\": null, \"low\": 0.0, \"high\": 0.0, \"log\": false}}"}
{"op_code":7,"worker_id":"65621591-6ed3-46d5-85f6-3172b5f690ea-140737350539072","trial_id":65,"step":1,"intermediate_value":81.22270742358079}
{"op_code":8,"worker_id":"65621591-6ed3-46d5-85f6-3172b5f690ea-140737350539072","trial_id":65,"user_attr":{"train_loss_epoch_1":23333205.11433424}}
{"op_code":8,"worker_id":"65621591-6ed3-46d5-85f6-3172b5f690ea-140737350539072","trial_id":65,"user_attr":{"val_loss_epoch_1":8261998.0}}
{"op_code":7,"worker_id":"65621591-6ed3-46d5-85f6-3172b5f690ea-140737350539072","trial_id":65,"step":2,"intermediate_value":81.22270742358079}
{"op_code":8,"worker_id":"65621591-6ed3-46d5-85f6-3172b5f690ea-140737350539072","trial_id":65,"user_attr":{"train_loss_epoch_2":7139769.517663044}}
{"op_code":8,"worker_id":"65621591-6ed3-46d5-85f6-3172b5f690ea-140737350539072","trial_id":65,"user_attr":{"val_loss_epoch_2":193832.9453125}}
{"op_code":7,"worker_id":"65621591-6ed3-46d5-85f6-3172b5f690ea-140737350539072","trial_id":65,"step":3,"intermediate_value":81.22270742358079}
{"op_code":8,"worker_id":"65621591-6ed3-46d5-85f6-3172b5f690ea-140737350539072","trial_id":65,"user_attr":{"train_loss_epoch_3":154185.746930197}}
{"op_code":8,"worker_id":"65621591-6ed3-46d5-85f6-3172b5f690ea-140737350539072","trial_id":65,"user_attr":{"val_loss_epoch_3":63549.43359375}}
{"op_code":7,"worker_id":"65621591-6ed3-46d5-85f6-3172b5f690ea-140737350539072","trial_id":65,"step":4,"intermediate_value":81.22270742358079}
{"op_code":8,"worker_id":"65621591-6ed3-46d5-85f6-3172b5f690ea-140737350539072","trial_id":65,"user_attr":{"train_loss_epoch_4":139192.4815620754}}
{"op_code":8,"worker_id":"65621591-6ed3-46d5-85f6-3172b5f690ea-140737350539072","trial_id":65,"user_attr":{"val_loss_epoch_4":38647.234375}}
{"op_code":7,"worker_id":"65621591-6ed3-46d5-85f6-3172b5f690ea-140737350539072","trial_id":65,"step":5,"intermediate_value":81.22270742358079}
{"op_code":8,"worker_id":"65621591-6ed3-46d5-85f6-3172b5f690ea-140737350539072","trial_id":65,"user_attr":{"train_loss_epoch_5":136829.94757982338}}
{"op_code":8,"worker_id":"65621591-6ed3-46d5-85f6-3172b5f690ea-140737350539072","trial_id":65,"user_attr":{"val_loss_epoch_5":366708.09375}}
{"op_code":7,"worker_id":"65621591-6ed3-46d5-85f6-3172b5f690ea-140737350539072","trial_id":65,"step":6,"intermediate_value":81.22270742358079}
{"op_code":8,"worker_id":"65621591-6ed3-46d5-85f6-3172b5f690ea-140737350539072","trial_id":65,"user_attr":{"train_loss_epoch_6":113810.1981636379}}
{"op_code":8,"worker_id":"65621591-6ed3-46d5-85f6-3172b5f690ea-140737350539072","trial_id":65,"user_attr":{"val_loss_epoch_6":13506.4716796875}}
{"op_code":7,"worker_id":"65621591-6ed3-46d5-85f6-3172b5f690ea-140737350539072","trial_id":65,"step":7,"intermediate_value":81.22270742358079}
{"op_code":8,"worker_id":"65621591-6ed3-46d5-85f6-3172b5f690ea-140737350539072","trial_id":65,"user_attr":{"train_loss_epoch_7":104725.79838517231}}
{"op_code":8,"worker_id":"65621591-6ed3-46d5-85f6-3172b5f690ea-140737350539072","trial_id":65,"user_attr":{"val_loss_epoch_7":27346.62890625}}
{"op_code":7,"worker_id":"65621591-6ed3-46d5-85f6-3172b5f690ea-140737350539072","trial_id":65,"step":8,"intermediate_value":81.22270742358079}
{"op_code":8,"worker_id":"65621591-6ed3-46d5-85f6-3172b5f690ea-140737350539072","trial_id":65,"user_attr":{"train_loss_epoch_8":86735.4566852072}}
{"op_code":8,"worker_id":"65621591-6ed3-46d5-85f6-3172b5f690ea-140737350539072","trial_id":65,"user_attr":{"val_loss_epoch_8":17470.099609375}}
{"op_code":6,"worker_id":"65621591-6ed3-46d5-85f6-3172b5f690ea-140737350539072","trial_id":65,"state":1,"values":[81.22270742358079],"datetime_complete":"2026-02-22T00:35:46.849824"}
{"op_code":4,"worker_id":"65621591-6ed3-46d5-85f6-3172b5f690ea-140737350539072","study_id":0,"datetime_start":"2026-02-22T00:35:46.856643"}
{"op_code":5,"worker_id":"65621591-6ed3-46d5-85f6-3172b5f690ea-140737350539072","trial_id":66,"param_name":"learning_rate","param_value_internal":0.0024328299279972572,"distribution":"{\"name\": \"FloatDistribution\", \"attributes\": {\"step\": null, \"low\": 0.001, \"high\": 10.0, \"log\": true}}"}
{"op_code":5,"worker_id":"65621591-6ed3-46d5-85f6-3172b5f690ea-140737350539072","trial_id":66,"param_name":"transfer_lr","param_value_internal":5.438724113274757,"distribution":"{\"name\": \"FloatDistribution\", \"attributes\": {\"step\": null, \"low\": 0.0001, \"high\": 100.0, \"log\": true}}"}
{"op_code":5,"worker_id":"65621591-6ed3-46d5-85f6-3172b5f690ea-140737350539072","trial_id":66,"param_name":"transfer_every","param_value_internal":32000.0,"distribution":"{\"name\": \"IntDistribution\", \"attributes\": {\"log\": true, \"step\": 1, \"low\": 64, \"high\": 32000}}"}
{"op_code":5,"worker_id":"65621591-6ed3-46d5-85f6-3172b5f690ea-140737350539072","trial_id":66,"param_name":"rank_exp","param_value_internal":3.0,"distribution":"{\"name\": \"IntDistribution\", \"attributes\": {\"log\": false, \"step\": 1, \"low\": 0, \"high\": 5}}"}
{"op_code":5,"worker_id":"65621591-6ed3-46d5-85f6-3172b5f690ea-140737350539072","trial_id":66,"param_name":"lora_alpha","param_value_internal":0.0001,"distribution":"{\"name\": \"FloatDistribution\", \"attributes\": {\"step\": null, \"low\": 0.0001, \"high\": 100.0, \"log\": true}}"}
{"op_code":5,"worker_id":"65621591-6ed3-46d5-85f6-3172b5f690ea-140737350539072","trial_id":66,"param_name":"tau_sec","param_value_internal":0.0,"distribution":"{\"name\": \"FloatDistribution\", \"attributes\": {\"step\": null, \"low\": 0.0, \"high\": 0.0, \"log\": false}}"}
{"op_code":5,"worker_id":"65621591-6ed3-46d5-85f6-3172b5f690ea-140737350539072","trial_id":66,"param_name":"out_noise","param_value_internal":0.0,"distribution":"{\"name\": \"FloatDistribution\", \"attributes\": {\"step\": null, \"low\": 0.0, \"high\": 0.0, \"log\": false}}"}
{"op_code":5,"worker_id":"65621591-6ed3-46d5-85f6-3172b5f690ea-140737350539072","trial_id":66,"param_name":"ab_weight_scaling_omega","param_value_internal":0.0,"distribution":"{\"name\": \"FloatDistribution\", \"attributes\": {\"step\": null, \"low\": 0.0, \"high\": 0.0, \"log\": false}}"}
{"op_code":5,"worker_id":"65621591-6ed3-46d5-85f6-3172b5f690ea-140737350539072","trial_id":66,"param_name":"min_lr_rate","param_value_internal":0.0,"distribution":"{\"name\": \"FloatDistribution\", \"attributes\": {\"step\": null, \"low\": 0.0, \"high\": 0.0, \"log\": false}}"}
{"op_code":7,"worker_id":"65621591-6ed3-46d5-85f6-3172b5f690ea-140737350539072","trial_id":66,"step":1,"intermediate_value":81.22270742358079}
{"op_code":8,"worker_id":"65621591-6ed3-46d5-85f6-3172b5f690ea-140737350539072","trial_id":66,"user_attr":{"train_loss_epoch_1":27349200.277717393}}
{"op_code":8,"worker_id":"65621591-6ed3-46d5-85f6-3172b5f690ea-140737350539072","trial_id":66,"user_attr":{"val_loss_epoch_1":27397500.0}}
{"op_code":7,"worker_id":"65621591-6ed3-46d5-85f6-3172b5f690ea-140737350539072","trial_id":66,"step":2,"intermediate_value":81.22270742358079}
{"op_code":8,"worker_id":"65621591-6ed3-46d5-85f6-3172b5f690ea-140737350539072","trial_id":66,"user_attr":{"train_loss_epoch_2":22224862.767391305}}
{"op_code":8,"worker_id":"65621591-6ed3-46d5-85f6-3172b5f690ea-140737350539072","trial_id":66,"user_attr":{"val_loss_epoch_2":15353896.0}}
{"op_code":7,"worker_id":"65621591-6ed3-46d5-85f6-3172b5f690ea-140737350539072","trial_id":66,"step":3,"intermediate_value":81.22270742358079}
{"op_code":8,"worker_id":"65621591-6ed3-46d5-85f6-3172b5f690ea-140737350539072","trial_id":66,"user_attr":{"train_loss_epoch_3":17540362.889130436}}
{"op_code":8,"worker_id":"65621591-6ed3-46d5-85f6-3172b5f690ea-140737350539072","trial_id":66,"user_attr":{"val_loss_epoch_3":10030839.0}}
{"op_code":7,"worker_id":"65621591-6ed3-46d5-85f6-3172b5f690ea-140737350539072","trial_id":66,"step":4,"intermediate_value":81.22270742358079}
{"op_code":8,"worker_id":"65621591-6ed3-46d5-85f6-3172b5f690ea-140737350539072","trial_id":66,"user_attr":{"train_loss_epoch_4":13162137.889402173}}
{"op_code":8,"worker_id":"65621591-6ed3-46d5-85f6-3172b5f690ea-140737350539072","trial_id":66,"user_attr":{"val_loss_epoch_4":17884012.0}}
{"op_code":7,"worker_id":"65621591-6ed3-46d5-85f6-3172b5f690ea-140737350539072","trial_id":66,"step":5,"intermediate_value":81.22270742358079}
{"op_code":8,"worker_id":"65621591-6ed3-46d5-85f6-3172b5f690ea-140737350539072","trial_id":66,"user_attr":{"train_loss_epoch_5":8117535.967934783}}
{"op_code":8,"worker_id":"65621591-6ed3-46d5-85f6-3172b5f690ea-140737350539072","trial_id":66,"user_attr":{"val_loss_epoch_5":4666754.5}}
{"op_code":7,"worker_id":"65621591-6ed3-46d5-85f6-3172b5f690ea-140737350539072","trial_id":66,"step":6,"intermediate_value":81.22270742358079}
{"op_code":8,"worker_id":"65621591-6ed3-46d5-85f6-3172b5f690ea-140737350539072","trial_id":66,"user_attr":{"train_loss_epoch_6":4354667.625169837}}
{"op_code":8,"worker_id":"65621591-6ed3-46d5-85f6-3172b5f690ea-140737350539072","trial_id":66,"user_attr":{"val_loss_epoch_6":1831298.0625}}
{"op_code":7,"worker_id":"65621591-6ed3-46d5-85f6-3172b5f690ea-140737350539072","trial_id":66,"step":7,"intermediate_value":81.22270742358079}
{"op_code":8,"worker_id":"65621591-6ed3-46d5-85f6-3172b5f690ea-140737350539072","trial_id":66,"user_attr":{"train_loss_epoch_7":1258078.694802989}}
{"op_code":8,"worker_id":"65621591-6ed3-46d5-85f6-3172b5f690ea-140737350539072","trial_id":66,"user_attr":{"val_loss_epoch_7":507858.46875}}
{"op_code":7,"worker_id":"65621591-6ed3-46d5-85f6-3172b5f690ea-140737350539072","trial_id":66,"step":8,"intermediate_value":81.22270742358079}
{"op_code":8,"worker_id":"65621591-6ed3-46d5-85f6-3172b5f690ea-140737350539072","trial_id":66,"user_attr":{"train_loss_epoch_8":147771.04034901495}}
{"op_code":8,"worker_id":"65621591-6ed3-46d5-85f6-3172b5f690ea-140737350539072","trial_id":66,"user_attr":{"val_loss_epoch_8":5746.06103515625}}
{"op_code":7,"worker_id":"65621591-6ed3-46d5-85f6-3172b5f690ea-140737350539072","trial_id":66,"step":9,"intermediate_value":81.22270742358079}
{"op_code":8,"worker_id":"65621591-6ed3-46d5-85f6-3172b5f690ea-140737350539072","trial_id":66,"user_attr":{"train_loss_epoch_9":21371.31127292799}}
{"op_code":8,"worker_id":"65621591-6ed3-46d5-85f6-3172b5f690ea-140737350539072","trial_id":66,"user_attr":{"val_loss_epoch_9":79.76763916015625}}
{"op_code":7,"worker_id":"65621591-6ed3-46d5-85f6-3172b5f690ea-140737350539072","trial_id":66,"step":10,"intermediate_value":81.22270742358079}
{"op_code":8,"worker_id":"65621591-6ed3-46d5-85f6-3172b5f690ea-140737350539072","trial_id":66,"user_attr":{"train_loss_epoch_10":17899.89319696841}}
{"op_code":8,"worker_id":"65621591-6ed3-46d5-85f6-3172b5f690ea-140737350539072","trial_id":66,"user_attr":{"val_loss_epoch_10":4337.064208984375}}
{"op_code":7,"worker_id":"65621591-6ed3-46d5-85f6-3172b5f690ea-140737350539072","trial_id":66,"step":11,"intermediate_value":81.22270742358079}
{"op_code":8,"worker_id":"65621591-6ed3-46d5-85f6-3172b5f690ea-140737350539072","trial_id":66,"user_attr":{"train_loss_epoch_11":13453.671061308487}}
{"op_code":8,"worker_id":"65621591-6ed3-46d5-85f6-3172b5f690ea-140737350539072","trial_id":66,"user_attr":{"val_loss_epoch_11":7506.647216796875}}
{"op_code":6,"worker_id":"65621591-6ed3-46d5-85f6-3172b5f690ea-140737350539072","trial_id":66,"state":1,"values":[81.22270742358079],"datetime_complete":"2026-02-22T00:41:17.286638"}
{"op_code":4,"worker_id":"65621591-6ed3-46d5-85f6-3172b5f690ea-140737350539072","study_id":0,"datetime_start":"2026-02-22T00:41:17.298547"}
{"op_code":5,"worker_id":"65621591-6ed3-46d5-85f6-3172b5f690ea-140737350539072","trial_id":67,"param_name":"learning_rate","param_value_internal":0.00985740135189047,"distribution":"{\"name\": \"FloatDistribution\", \"attributes\": {\"step\": null, \"low\": 0.001, \"high\": 10.0, \"log\": true}}"}
{"op_code":5,"worker_id":"65621591-6ed3-46d5-85f6-3172b5f690ea-140737350539072","trial_id":67,"param_name":"transfer_lr","param_value_internal":95.50058636738237,"distribution":"{\"name\": \"FloatDistribution\", \"attributes\": {\"step\": null, \"low\": 0.0001, \"high\": 100.0, \"log\": true}}"}
{"op_code":5,"worker_id":"65621591-6ed3-46d5-85f6-3172b5f690ea-140737350539072","trial_id":67,"param_name":"transfer_every","param_value_internal":64.0,"distribution":"{\"name\": \"IntDistribution\", \"attributes\": {\"log\": true, \"step\": 1, \"low\": 64, \"high\": 32000}}"}
{"op_code":5,"worker_id":"65621591-6ed3-46d5-85f6-3172b5f690ea-140737350539072","trial_id":67,"param_name":"rank_exp","param_value_internal":5.0,"distribution":"{\"name\": \"IntDistribution\", \"attributes\": {\"log\": false, \"step\": 1, \"low\": 0, \"high\": 5}}"}
{"op_code":5,"worker_id":"65621591-6ed3-46d5-85f6-3172b5f690ea-140737350539072","trial_id":67,"param_name":"lora_alpha","param_value_internal":0.0001,"distribution":"{\"name\": \"FloatDistribution\", \"attributes\": {\"step\": null, \"low\": 0.0001, \"high\": 100.0, \"log\": true}}"}
{"op_code":5,"worker_id":"65621591-6ed3-46d5-85f6-3172b5f690ea-140737350539072","trial_id":67,"param_name":"tau_sec","param_value_internal":0.0,"distribution":"{\"name\": \"FloatDistribution\", \"attributes\": {\"step\": null, \"low\": 0.0, \"high\": 0.0, \"log\": false}}"}
{"op_code":5,"worker_id":"65621591-6ed3-46d5-85f6-3172b5f690ea-140737350539072","trial_id":67,"param_name":"out_noise","param_value_internal":0.0,"distribution":"{\"name\": \"FloatDistribution\", \"attributes\": {\"step\": null, \"low\": 0.0, \"high\": 0.0, \"log\": false}}"}
{"op_code":5,"worker_id":"65621591-6ed3-46d5-85f6-3172b5f690ea-140737350539072","trial_id":67,"param_name":"ab_weight_scaling_omega","param_value_internal":0.0,"distribution":"{\"name\": \"FloatDistribution\", \"attributes\": {\"step\": null, \"low\": 0.0, \"high\": 0.0, \"log\": false}}"}
{"op_code":5,"worker_id":"65621591-6ed3-46d5-85f6-3172b5f690ea-140737350539072","trial_id":67,"param_name":"min_lr_rate","param_value_internal":0.0,"distribution":"{\"name\": \"FloatDistribution\", \"attributes\": {\"step\": null, \"low\": 0.0, \"high\": 0.0, \"log\": false}}"}
{"op_code":7,"worker_id":"65621591-6ed3-46d5-85f6-3172b5f690ea-140737350539072","trial_id":67,"step":1,"intermediate_value":81.22270742358079}
{"op_code":8,"worker_id":"65621591-6ed3-46d5-85f6-3172b5f690ea-140737350539072","trial_id":67,"user_attr":{"train_loss_epoch_1":21755962.143206522}}
{"op_code":8,"worker_id":"65621591-6ed3-46d5-85f6-3172b5f690ea-140737350539072","trial_id":67,"user_attr":{"val_loss_epoch_1":8424172.75}}
{"op_code":7,"worker_id":"65621591-6ed3-46d5-85f6-3172b5f690ea-140737350539072","trial_id":67,"step":2,"intermediate_value":81.22270742358079}
{"op_code":8,"worker_id":"65621591-6ed3-46d5-85f6-3172b5f690ea-140737350539072","trial_id":67,"user_attr":{"train_loss_epoch_2":4510427.723836617}}
{"op_code":8,"worker_id":"65621591-6ed3-46d5-85f6-3172b5f690ea-140737350539072","trial_id":67,"user_attr":{"val_loss_epoch_2":164092.3046875}}
{"op_code":7,"worker_id":"65621591-6ed3-46d5-85f6-3172b5f690ea-140737350539072","trial_id":67,"step":3,"intermediate_value":81.22270742358079}
{"op_code":8,"worker_id":"65621591-6ed3-46d5-85f6-3172b5f690ea-140737350539072","trial_id":67,"user_attr":{"train_loss_epoch_3":183470.58760190217}}
{"op_code":8,"worker_id":"65621591-6ed3-46d5-85f6-3172b5f690ea-140737350539072","trial_id":67,"user_attr":{"val_loss_epoch_3":59128.6171875}}
{"op_code":7,"worker_id":"65621591-6ed3-46d5-85f6-3172b5f690ea-140737350539072","trial_id":67,"step":4,"intermediate_value":81.22270742358079}
{"op_code":8,"worker_id":"65621591-6ed3-46d5-85f6-3172b5f690ea-140737350539072","trial_id":67,"user_attr":{"train_loss_epoch_4":165120.06421959918}}
{"op_code":8,"worker_id":"65621591-6ed3-46d5-85f6-3172b5f690ea-140737350539072","trial_id":67,"user_attr":{"val_loss_epoch_4":30555.6455078125}}
{"op_code":7,"worker_id":"65621591-6ed3-46d5-85f6-3172b5f690ea-140737350539072","trial_id":67,"step":5,"intermediate_value":81.22270742358079}
{"op_code":8,"worker_id":"65621591-6ed3-46d5-85f6-3172b5f690ea-140737350539072","trial_id":67,"user_attr":{"train_loss_epoch_5":148835.75551970108}}
{"op_code":8,"worker_id":"65621591-6ed3-46d5-85f6-3172b5f690ea-140737350539072","trial_id":67,"user_attr":{"val_loss_epoch_5":14556.1669921875}}
{"op_code":7,"worker_id":"65621591-6ed3-46d5-85f6-3172b5f690ea-140737350539072","trial_id":67,"step":6,"intermediate_value":81.22270742358079}
{"op_code":8,"worker_id":"65621591-6ed3-46d5-85f6-3172b5f690ea-140737350539072","trial_id":67,"user_attr":{"train_loss_epoch_6":133977.71024116848}}
{"op_code":8,"worker_id":"65621591-6ed3-46d5-85f6-3172b5f690ea-140737350539072","trial_id":67,"user_attr":{"val_loss_epoch_6":42319.20703125}}
{"op_code":7,"worker_id":"65621591-6ed3-46d5-85f6-3172b5f690ea-140737350539072","trial_id":67,"step":7,"intermediate_value":81.22270742358079}
{"op_code":8,"worker_id":"65621591-6ed3-46d5-85f6-3172b5f690ea-140737350539072","trial_id":67,"user_attr":{"train_loss_epoch_7":118993.52008428158}}
{"op_code":8,"worker_id":"65621591-6ed3-46d5-85f6-3172b5f690ea-140737350539072","trial_id":67,"user_attr":{"val_loss_epoch_7":190349.2421875}}
{"op_code":6,"worker_id":"65621591-6ed3-46d5-85f6-3172b5f690ea-140737350539072","trial_id":67,"state":1,"values":[81.22270742358079],"datetime_complete":"2026-02-22T00:44:01.314211"}
{"op_code":4,"worker_id":"65621591-6ed3-46d5-85f6-3172b5f690ea-140737350539072","study_id":0,"datetime_start":"2026-02-22T00:44:01.321238"}
{"op_code":5,"worker_id":"65621591-6ed3-46d5-85f6-3172b5f690ea-140737350539072","trial_id":68,"param_name":"learning_rate","param_value_internal":0.0031082188840832682,"distribution":"{\"name\": \"FloatDistribution\", \"attributes\": {\"step\": null, \"low\": 0.001, \"high\": 10.0, \"log\": true}}"}
{"op_code":5,"worker_id":"65621591-6ed3-46d5-85f6-3172b5f690ea-140737350539072","trial_id":68,"param_name":"transfer_lr","param_value_internal":0.005450209973323453,"distribution":"{\"name\": \"FloatDistribution\", \"attributes\": {\"step\": null, \"low\": 0.0001, \"high\": 100.0, \"log\": true}}"}
{"op_code":5,"worker_id":"65621591-6ed3-46d5-85f6-3172b5f690ea-140737350539072","trial_id":68,"param_name":"transfer_every","param_value_internal":64.0,"distribution":"{\"name\": \"IntDistribution\", \"attributes\": {\"log\": true, \"step\": 1, \"low\": 64, \"high\": 32000}}"}
{"op_code":5,"worker_id":"65621591-6ed3-46d5-85f6-3172b5f690ea-140737350539072","trial_id":68,"param_name":"rank_exp","param_value_internal":3.0,"distribution":"{\"name\": \"IntDistribution\", \"attributes\": {\"log\": false, \"step\": 1, \"low\": 0, \"high\": 5}}"}
{"op_code":5,"worker_id":"65621591-6ed3-46d5-85f6-3172b5f690ea-140737350539072","trial_id":68,"param_name":"lora_alpha","param_value_internal":0.33498326734171924,"distribution":"{\"name\": \"FloatDistribution\", \"attributes\": {\"step\": null, \"low\": 0.0001, \"high\": 100.0, \"log\": true}}"}
{"op_code":5,"worker_id":"65621591-6ed3-46d5-85f6-3172b5f690ea-140737350539072","trial_id":68,"param_name":"tau_sec","param_value_internal":0.0,"distribution":"{\"name\": \"FloatDistribution\", \"attributes\": {\"step\": null, \"low\": 0.0, \"high\": 0.0, \"log\": false}}"}
{"op_code":5,"worker_id":"65621591-6ed3-46d5-85f6-3172b5f690ea-140737350539072","trial_id":68,"param_name":"out_noise","param_value_internal":0.0,"distribution":"{\"name\": \"FloatDistribution\", \"attributes\": {\"step\": null, \"low\": 0.0, \"high\": 0.0, \"log\": false}}"}
{"op_code":5,"worker_id":"65621591-6ed3-46d5-85f6-3172b5f690ea-140737350539072","trial_id":68,"param_name":"ab_weight_scaling_omega","param_value_internal":0.0,"distribution":"{\"name\": \"FloatDistribution\", \"attributes\": {\"step\": null, \"low\": 0.0, \"high\": 0.0, \"log\": false}}"}
{"op_code":5,"worker_id":"65621591-6ed3-46d5-85f6-3172b5f690ea-140737350539072","trial_id":68,"param_name":"min_lr_rate","param_value_internal":0.0,"distribution":"{\"name\": \"FloatDistribution\", \"attributes\": {\"step\": null, \"low\": 0.0, \"high\": 0.0, \"log\": false}}"}
{"op_code":7,"worker_id":"65621591-6ed3-46d5-85f6-3172b5f690ea-140737350539072","trial_id":68,"step":1,"intermediate_value":81.22270742358079}
{"op_code":8,"worker_id":"65621591-6ed3-46d5-85f6-3172b5f690ea-140737350539072","trial_id":68,"user_attr":{"train_loss_epoch_1":25950035.218546197}}
{"op_code":8,"worker_id":"65621591-6ed3-46d5-85f6-3172b5f690ea-140737350539072","trial_id":68,"user_attr":{"val_loss_epoch_1":17326072.0}}
{"op_code":7,"worker_id":"65621591-6ed3-46d5-85f6-3172b5f690ea-140737350539072","trial_id":68,"step":2,"intermediate_value":81.22270742358079}
{"op_code":8,"worker_id":"65621591-6ed3-46d5-85f6-3172b5f690ea-140737350539072","trial_id":68,"user_attr":{"train_loss_epoch_2":19811095.93532609}}
{"op_code":8,"worker_id":"65621591-6ed3-46d5-85f6-3172b5f690ea-140737350539072","trial_id":68,"user_attr":{"val_loss_epoch_2":17389737.0}}
{"op_code":7,"worker_id":"65621591-6ed3-46d5-85f6-3172b5f690ea-140737350539072","trial_id":68,"step":3,"intermediate_value":81.22270742358079}
{"op_code":8,"worker_id":"65621591-6ed3-46d5-85f6-3172b5f690ea-140737350539072","trial_id":68,"user_attr":{"train_loss_epoch_3":13967245.539809782}}
{"op_code":8,"worker_id":"65621591-6ed3-46d5-85f6-3172b5f690ea-140737350539072","trial_id":68,"user_attr":{"val_loss_epoch_3":5573500.25}}
{"op_code":7,"worker_id":"65621591-6ed3-46d5-85f6-3172b5f690ea-140737350539072","trial_id":68,"step":4,"intermediate_value":81.22270742358079}
{"op_code":8,"worker_id":"65621591-6ed3-46d5-85f6-3172b5f690ea-140737350539072","trial_id":68,"user_attr":{"train_loss_epoch_4":8201056.715964674}}
{"op_code":8,"worker_id":"65621591-6ed3-46d5-85f6-3172b5f690ea-140737350539072","trial_id":68,"user_attr":{"val_loss_epoch_4":3956035.75}}
{"op_code":7,"worker_id":"65621591-6ed3-46d5-85f6-3172b5f690ea-140737350539072","trial_id":68,"step":5,"intermediate_value":81.22270742358079}
{"op_code":8,"worker_id":"65621591-6ed3-46d5-85f6-3172b5f690ea-140737350539072","trial_id":68,"user_attr":{"train_loss_epoch_5":2631576.392238451}}
{"op_code":8,"worker_id":"65621591-6ed3-46d5-85f6-3172b5f690ea-140737350539072","trial_id":68,"user_attr":{"val_loss_epoch_5":681625.6875}}
{"op_code":7,"worker_id":"65621591-6ed3-46d5-85f6-3172b5f690ea-140737350539072","trial_id":68,"step":6,"intermediate_value":81.22270742358079}
{"op_code":8,"worker_id":"65621591-6ed3-46d5-85f6-3172b5f690ea-140737350539072","trial_id":68,"user_attr":{"train_loss_epoch_6":200237.89269701086}}
{"op_code":8,"worker_id":"65621591-6ed3-46d5-85f6-3172b5f690ea-140737350539072","trial_id":68,"user_attr":{"val_loss_epoch_6":13722.96142578125}}
{"op_code":7,"worker_id":"65621591-6ed3-46d5-85f6-3172b5f690ea-140737350539072","trial_id":68,"step":7,"intermediate_value":81.22270742358079}
{"op_code":8,"worker_id":"65621591-6ed3-46d5-85f6-3172b5f690ea-140737350539072","trial_id":68,"user_attr":{"train_loss_epoch_7":36171.30593580163}}
{"op_code":8,"worker_id":"65621591-6ed3-46d5-85f6-3172b5f690ea-140737350539072","trial_id":68,"user_attr":{"val_loss_epoch_7":2650.8922119140625}}
{"op_code":7,"worker_id":"65621591-6ed3-46d5-85f6-3172b5f690ea-140737350539072","trial_id":68,"step":8,"intermediate_value":81.22270742358079}
{"op_code":8,"worker_id":"65621591-6ed3-46d5-85f6-3172b5f690ea-140737350539072","trial_id":68,"user_attr":{"train_loss_epoch_8":32837.00184538468}}
{"op_code":8,"worker_id":"65621591-6ed3-46d5-85f6-3172b5f690ea-140737350539072","trial_id":68,"user_attr":{"val_loss_epoch_8":11461.56787109375}}
{"op_code":7,"worker_id":"65621591-6ed3-46d5-85f6-3172b5f690ea-140737350539072","trial_id":68,"step":9,"intermediate_value":81.22270742358079}
{"op_code":8,"worker_id":"65621591-6ed3-46d5-85f6-3172b5f690ea-140737350539072","trial_id":68,"user_attr":{"train_loss_epoch_9":27439.58822605299}}
{"op_code":8,"worker_id":"65621591-6ed3-46d5-85f6-3172b5f690ea-140737350539072","trial_id":68,"user_attr":{"val_loss_epoch_9":2396.2181396484375}}
{"op_code":7,"worker_id":"65621591-6ed3-46d5-85f6-3172b5f690ea-140737350539072","trial_id":68,"step":10,"intermediate_value":81.22270742358079}
{"op_code":8,"worker_id":"65621591-6ed3-46d5-85f6-3172b5f690ea-140737350539072","trial_id":68,"user_attr":{"train_loss_epoch_10":22466.270396357}}
{"op_code":8,"worker_id":"65621591-6ed3-46d5-85f6-3172b5f690ea-140737350539072","trial_id":68,"user_attr":{"val_loss_epoch_10":10671.34375}}
{"op_code":7,"worker_id":"65621591-6ed3-46d5-85f6-3172b5f690ea-140737350539072","trial_id":68,"step":11,"intermediate_value":81.22270742358079}
{"op_code":8,"worker_id":"65621591-6ed3-46d5-85f6-3172b5f690ea-140737350539072","trial_id":68,"user_attr":{"train_loss_epoch_11":17502.55864894701}}
{"op_code":8,"worker_id":"65621591-6ed3-46d5-85f6-3172b5f690ea-140737350539072","trial_id":68,"user_attr":{"val_loss_epoch_11":5013.203857421875}}
{"op_code":6,"worker_id":"65621591-6ed3-46d5-85f6-3172b5f690ea-140737350539072","trial_id":68,"state":1,"values":[81.22270742358079],"datetime_complete":"2026-02-22T00:49:02.774078"}
{"op_code":4,"worker_id":"65621591-6ed3-46d5-85f6-3172b5f690ea-140737350539072","study_id":0,"datetime_start":"2026-02-22T00:49:02.784072"}
{"op_code":5,"worker_id":"65621591-6ed3-46d5-85f6-3172b5f690ea-140737350539072","trial_id":69,"param_name":"learning_rate","param_value_internal":0.003195865583224184,"distribution":"{\"name\": \"FloatDistribution\", \"attributes\": {\"step\": null, \"low\": 0.001, \"high\": 10.0, \"log\": true}}"}
{"op_code":5,"worker_id":"65621591-6ed3-46d5-85f6-3172b5f690ea-140737350539072","trial_id":69,"param_name":"transfer_lr","param_value_internal":8.299026309320224,"distribution":"{\"name\": \"FloatDistribution\", \"attributes\": {\"step\": null, \"low\": 0.0001, \"high\": 100.0, \"log\": true}}"}
{"op_code":5,"worker_id":"65621591-6ed3-46d5-85f6-3172b5f690ea-140737350539072","trial_id":69,"param_name":"transfer_every","param_value_internal":64.0,"distribution":"{\"name\": \"IntDistribution\", \"attributes\": {\"log\": true, \"step\": 1, \"low\": 64, \"high\": 32000}}"}
{"op_code":5,"worker_id":"65621591-6ed3-46d5-85f6-3172b5f690ea-140737350539072","trial_id":69,"param_name":"rank_exp","param_value_internal":3.0,"distribution":"{\"name\": \"IntDistribution\", \"attributes\": {\"log\": false, \"step\": 1, \"low\": 0, \"high\": 5}}"}
{"op_code":5,"worker_id":"65621591-6ed3-46d5-85f6-3172b5f690ea-140737350539072","trial_id":69,"param_name":"lora_alpha","param_value_internal":0.0001,"distribution":"{\"name\": \"FloatDistribution\", \"attributes\": {\"step\": null, \"low\": 0.0001, \"high\": 100.0, \"log\": true}}"}
{"op_code":5,"worker_id":"65621591-6ed3-46d5-85f6-3172b5f690ea-140737350539072","trial_id":69,"param_name":"tau_sec","param_value_internal":0.0,"distribution":"{\"name\": \"FloatDistribution\", \"attributes\": {\"step\": null, \"low\": 0.0, \"high\": 0.0, \"log\": false}}"}
{"op_code":5,"worker_id":"65621591-6ed3-46d5-85f6-3172b5f690ea-140737350539072","trial_id":69,"param_name":"out_noise","param_value_internal":0.0,"distribution":"{\"name\": \"FloatDistribution\", \"attributes\": {\"step\": null, \"low\": 0.0, \"high\": 0.0, \"log\": false}}"}
{"op_code":5,"worker_id":"65621591-6ed3-46d5-85f6-3172b5f690ea-140737350539072","trial_id":69,"param_name":"ab_weight_scaling_omega","param_value_internal":0.0,"distribution":"{\"name\": \"FloatDistribution\", \"attributes\": {\"step\": null, \"low\": 0.0, \"high\": 0.0, \"log\": false}}"}
{"op_code":5,"worker_id":"65621591-6ed3-46d5-85f6-3172b5f690ea-140737350539072","trial_id":69,"param_name":"min_lr_rate","param_value_internal":0.0,"distribution":"{\"name\": \"FloatDistribution\", \"attributes\": {\"step\": null, \"low\": 0.0, \"high\": 0.0, \"log\": false}}"}
{"op_code":7,"worker_id":"65621591-6ed3-46d5-85f6-3172b5f690ea-140737350539072","trial_id":69,"step":1,"intermediate_value":81.22270742358079}
{"op_code":8,"worker_id":"65621591-6ed3-46d5-85f6-3172b5f690ea-140737350539072","trial_id":69,"user_attr":{"train_loss_epoch_1":25571048.248097826}}
{"op_code":8,"worker_id":"65621591-6ed3-46d5-85f6-3172b5f690ea-140737350539072","trial_id":69,"user_attr":{"val_loss_epoch_1":15533175.5}}
{"op_code":7,"worker_id":"65621591-6ed3-46d5-85f6-3172b5f690ea-140737350539072","trial_id":69,"step":2,"intermediate_value":81.22270742358079}
{"op_code":8,"worker_id":"65621591-6ed3-46d5-85f6-3172b5f690ea-140737350539072","trial_id":69,"user_attr":{"train_loss_epoch_2":18850440.407608695}}
{"op_code":8,"worker_id":"65621591-6ed3-46d5-85f6-3172b5f690ea-140737350539072","trial_id":69,"user_attr":{"val_loss_epoch_2":3766032.625}}
{"op_code":7,"worker_id":"65621591-6ed3-46d5-85f6-3172b5f690ea-140737350539072","trial_id":69,"step":3,"intermediate_value":81.22270742358079}
{"op_code":8,"worker_id":"65621591-6ed3-46d5-85f6-3172b5f690ea-140737350539072","trial_id":69,"user_attr":{"train_loss_epoch_3":12541780.039945653}}
{"op_code":8,"worker_id":"65621591-6ed3-46d5-85f6-3172b5f690ea-140737350539072","trial_id":69,"user_attr":{"val_loss_epoch_3":8525117.5}}
{"op_code":7,"worker_id":"65621591-6ed3-46d5-85f6-3172b5f690ea-140737350539072","trial_id":69,"step":4,"intermediate_value":81.22270742358079}
{"op_code":8,"worker_id":"65621591-6ed3-46d5-85f6-3172b5f690ea-140737350539072","trial_id":69,"user_attr":{"train_loss_epoch_4":7299973.428532609}}
{"op_code":8,"worker_id":"65621591-6ed3-46d5-85f6-3172b5f690ea-140737350539072","trial_id":69,"user_attr":{"val_loss_epoch_4":3078286.5}}
{"op_code":7,"worker_id":"65621591-6ed3-46d5-85f6-3172b5f690ea-140737350539072","trial_id":69,"step":5,"intermediate_value":81.22270742358079}
{"op_code":8,"worker_id":"65621591-6ed3-46d5-85f6-3172b5f690ea-140737350539072","trial_id":69,"user_attr":{"train_loss_epoch_5":2248369.193851902}}
{"op_code":8,"worker_id":"65621591-6ed3-46d5-85f6-3172b5f690ea-140737350539072","trial_id":69,"user_attr":{"val_loss_epoch_5":325357.09375}}
{"op_code":7,"worker_id":"65621591-6ed3-46d5-85f6-3172b5f690ea-140737350539072","trial_id":69,"step":6,"intermediate_value":81.22270742358079}
{"op_code":8,"worker_id":"65621591-6ed3-46d5-85f6-3172b5f690ea-140737350539072","trial_id":69,"user_attr":{"train_loss_epoch_6":100903.73078878652}}
{"op_code":8,"worker_id":"65621591-6ed3-46d5-85f6-3172b5f690ea-140737350539072","trial_id":69,"user_attr":{"val_loss_epoch_6":10632.13330078125}}
{"op_code":7,"worker_id":"65621591-6ed3-46d5-85f6-3172b5f690ea-140737350539072","trial_id":69,"step":7,"intermediate_value":81.22270742358079}
{"op_code":8,"worker_id":"65621591-6ed3-46d5-85f6-3172b5f690ea-140737350539072","trial_id":69,"user_attr":{"train_loss_epoch_7":38135.45104502802}}
{"op_code":8,"worker_id":"65621591-6ed3-46d5-85f6-3172b5f690ea-140737350539072","trial_id":69,"user_attr":{"val_loss_epoch_7":21956.76953125}}
{"op_code":7,"worker_id":"65621591-6ed3-46d5-85f6-3172b5f690ea-140737350539072","trial_id":69,"step":8,"intermediate_value":81.22270742358079}
{"op_code":8,"worker_id":"65621591-6ed3-46d5-85f6-3172b5f690ea-140737350539072","trial_id":69,"user_attr":{"train_loss_epoch_8":33593.592985733696}}
{"op_code":8,"worker_id":"65621591-6ed3-46d5-85f6-3172b5f690ea-140737350539072","trial_id":69,"user_attr":{"val_loss_epoch_8":19570.8447265625}}
{"op_code":6,"worker_id":"65621591-6ed3-46d5-85f6-3172b5f690ea-140737350539072","trial_id":69,"state":1,"values":[81.22270742358079],"datetime_complete":"2026-02-22T00:52:08.985362"}
{"op_code":4,"worker_id":"65621591-6ed3-46d5-85f6-3172b5f690ea-140737350539072","study_id":0,"datetime_start":"2026-02-22T00:52:08.994492"}
{"op_code":5,"worker_id":"65621591-6ed3-46d5-85f6-3172b5f690ea-140737350539072","trial_id":70,"param_name":"learning_rate","param_value_internal":0.004623018698069107,"distribution":"{\"name\": \"FloatDistribution\", \"attributes\": {\"step\": null, \"low\": 0.001, \"high\": 10.0, \"log\": true}}"}
{"op_code":5,"worker_id":"65621591-6ed3-46d5-85f6-3172b5f690ea-140737350539072","trial_id":70,"param_name":"transfer_lr","param_value_internal":0.0036397708009199064,"distribution":"{\"name\": \"FloatDistribution\", \"attributes\": {\"step\": null, \"low\": 0.0001, \"high\": 100.0, \"log\": true}}"}
{"op_code":5,"worker_id":"65621591-6ed3-46d5-85f6-3172b5f690ea-140737350539072","trial_id":70,"param_name":"transfer_every","param_value_internal":32000.0,"distribution":"{\"name\": \"IntDistribution\", \"attributes\": {\"log\": true, \"step\": 1, \"low\": 64, \"high\": 32000}}"}
{"op_code":5,"worker_id":"65621591-6ed3-46d5-85f6-3172b5f690ea-140737350539072","trial_id":70,"param_name":"rank_exp","param_value_internal":5.0,"distribution":"{\"name\": \"IntDistribution\", \"attributes\": {\"log\": false, \"step\": 1, \"low\": 0, \"high\": 5}}"}
{"op_code":5,"worker_id":"65621591-6ed3-46d5-85f6-3172b5f690ea-140737350539072","trial_id":70,"param_name":"lora_alpha","param_value_internal":0.5925095920320547,"distribution":"{\"name\": \"FloatDistribution\", \"attributes\": {\"step\": null, \"low\": 0.0001, \"high\": 100.0, \"log\": true}}"}
{"op_code":5,"worker_id":"65621591-6ed3-46d5-85f6-3172b5f690ea-140737350539072","trial_id":70,"param_name":"tau_sec","param_value_internal":0.0,"distribution":"{\"name\": \"FloatDistribution\", \"attributes\": {\"step\": null, \"low\": 0.0, \"high\": 0.0, \"log\": false}}"}
{"op_code":5,"worker_id":"65621591-6ed3-46d5-85f6-3172b5f690ea-140737350539072","trial_id":70,"param_name":"out_noise","param_value_internal":0.0,"distribution":"{\"name\": \"FloatDistribution\", \"attributes\": {\"step\": null, \"low\": 0.0, \"high\": 0.0, \"log\": false}}"}
{"op_code":5,"worker_id":"65621591-6ed3-46d5-85f6-3172b5f690ea-140737350539072","trial_id":70,"param_name":"ab_weight_scaling_omega","param_value_internal":0.0,"distribution":"{\"name\": \"FloatDistribution\", \"attributes\": {\"step\": null, \"low\": 0.0, \"high\": 0.0, \"log\": false}}"}
{"op_code":5,"worker_id":"65621591-6ed3-46d5-85f6-3172b5f690ea-140737350539072","trial_id":70,"param_name":"min_lr_rate","param_value_internal":0.0,"distribution":"{\"name\": \"FloatDistribution\", \"attributes\": {\"step\": null, \"low\": 0.0, \"high\": 0.0, \"log\": false}}"}
{"op_code":7,"worker_id":"65621591-6ed3-46d5-85f6-3172b5f690ea-140737350539072","trial_id":70,"step":1,"intermediate_value":81.22270742358079}
{"op_code":8,"worker_id":"65621591-6ed3-46d5-85f6-3172b5f690ea-140737350539072","trial_id":70,"user_attr":{"train_loss_epoch_1":26231026.135394022}}
{"op_code":8,"worker_id":"65621591-6ed3-46d5-85f6-3172b5f690ea-140737350539072","trial_id":70,"user_attr":{"val_loss_epoch_1":12511131.0}}
{"op_code":7,"worker_id":"65621591-6ed3-46d5-85f6-3172b5f690ea-140737350539072","trial_id":70,"step":2,"intermediate_value":81.22270742358079}
{"op_code":8,"worker_id":"65621591-6ed3-46d5-85f6-3172b5f690ea-140737350539072","trial_id":70,"user_attr":{"train_loss_epoch_2":17531964.718817934}}
{"op_code":8,"worker_id":"65621591-6ed3-46d5-85f6-3172b5f690ea-140737350539072","trial_id":70,"user_attr":{"val_loss_epoch_2":4264598.125}}
{"op_code":7,"worker_id":"65621591-6ed3-46d5-85f6-3172b5f690ea-140737350539072","trial_id":70,"step":3,"intermediate_value":81.22270742358079}
{"op_code":8,"worker_id":"65621591-6ed3-46d5-85f6-3172b5f690ea-140737350539072","trial_id":70,"user_attr":{"train_loss_epoch_3":6724209.03984375}}
{"op_code":8,"worker_id":"65621591-6ed3-46d5-85f6-3172b5f690ea-140737350539072","trial_id":70,"user_attr":{"val_loss_epoch_3":1714845.875}}
{"op_code":7,"worker_id":"65621591-6ed3-46d5-85f6-3172b5f690ea-140737350539072","trial_id":70,"step":4,"intermediate_value":81.22270742358079}
{"op_code":8,"worker_id":"65621591-6ed3-46d5-85f6-3172b5f690ea-140737350539072","trial_id":70,"user_attr":{"train_loss_epoch_4":523874.56513247284}}
{"op_code":8,"worker_id":"65621591-6ed3-46d5-85f6-3172b5f690ea-140737350539072","trial_id":70,"user_attr":{"val_loss_epoch_4":100130.03125}}
{"op_code":7,"worker_id":"65621591-6ed3-46d5-85f6-3172b5f690ea-140737350539072","trial_id":70,"step":5,"intermediate_value":81.22270742358079}
{"op_code":8,"worker_id":"65621591-6ed3-46d5-85f6-3172b5f690ea-140737350539072","trial_id":70,"user_attr":{"train_loss_epoch_5":69591.4375}}
{"op_code":8,"worker_id":"65621591-6ed3-46d5-85f6-3172b5f690ea-140737350539072","trial_id":70,"user_attr":{"val_loss_epoch_5":11399.3662109375}}
{"op_code":7,"worker_id":"65621591-6ed3-46d5-85f6-3172b5f690ea-140737350539072","trial_id":70,"step":6,"intermediate_value":81.22270742358079}
{"op_code":8,"worker_id":"65621591-6ed3-46d5-85f6-3172b5f690ea-140737350539072","trial_id":70,"user_attr":{"train_loss_epoch_6":64327.40861551036}}
{"op_code":8,"worker_id":"65621591-6ed3-46d5-85f6-3172b5f690ea-140737350539072","trial_id":70,"user_attr":{"val_loss_epoch_6":19235.5234375}}
{"op_code":7,"worker_id":"65621591-6ed3-46d5-85f6-3172b5f690ea-140737350539072","trial_id":70,"step":7,"intermediate_value":81.22270742358079}
{"op_code":8,"worker_id":"65621591-6ed3-46d5-85f6-3172b5f690ea-140737350539072","trial_id":70,"user_attr":{"train_loss_epoch_7":55227.59169497283}}
{"op_code":8,"worker_id":"65621591-6ed3-46d5-85f6-3172b5f690ea-140737350539072","trial_id":70,"user_attr":{"val_loss_epoch_7":14699.41748046875}}
{"op_code":6,"worker_id":"65621591-6ed3-46d5-85f6-3172b5f690ea-140737350539072","trial_id":70,"state":1,"values":[81.22270742358079],"datetime_complete":"2026-02-22T00:55:19.196742"}
{"op_code":4,"worker_id":"65621591-6ed3-46d5-85f6-3172b5f690ea-140737350539072","study_id":0,"datetime_start":"2026-02-22T00:55:19.207054"}
{"op_code":5,"worker_id":"65621591-6ed3-46d5-85f6-3172b5f690ea-140737350539072","trial_id":71,"param_name":"learning_rate","param_value_internal":0.008442530550475159,"distribution":"{\"name\": \"FloatDistribution\", \"attributes\": {\"step\": null, \"low\": 0.001, \"high\": 10.0, \"log\": true}}"}
{"op_code":5,"worker_id":"65621591-6ed3-46d5-85f6-3172b5f690ea-140737350539072","trial_id":71,"param_name":"transfer_lr","param_value_internal":0.37667483574846017,"distribution":"{\"name\": \"FloatDistribution\", \"attributes\": {\"step\": null, \"low\": 0.0001, \"high\": 100.0, \"log\": true}}"}
{"op_code":5,"worker_id":"65621591-6ed3-46d5-85f6-3172b5f690ea-140737350539072","trial_id":71,"param_name":"transfer_every","param_value_internal":64.0,"distribution":"{\"name\": \"IntDistribution\", \"attributes\": {\"log\": true, \"step\": 1, \"low\": 64, \"high\": 32000}}"}
{"op_code":5,"worker_id":"65621591-6ed3-46d5-85f6-3172b5f690ea-140737350539072","trial_id":71,"param_name":"rank_exp","param_value_internal":5.0,"distribution":"{\"name\": \"IntDistribution\", \"attributes\": {\"log\": false, \"step\": 1, \"low\": 0, \"high\": 5}}"}
{"op_code":5,"worker_id":"65621591-6ed3-46d5-85f6-3172b5f690ea-140737350539072","trial_id":71,"param_name":"lora_alpha","param_value_internal":0.0001,"distribution":"{\"name\": \"FloatDistribution\", \"attributes\": {\"step\": null, \"low\": 0.0001, \"high\": 100.0, \"log\": true}}"}
{"op_code":5,"worker_id":"65621591-6ed3-46d5-85f6-3172b5f690ea-140737350539072","trial_id":71,"param_name":"tau_sec","param_value_internal":0.0,"distribution":"{\"name\": \"FloatDistribution\", \"attributes\": {\"step\": null, \"low\": 0.0, \"high\": 0.0, \"log\": false}}"}
{"op_code":5,"worker_id":"65621591-6ed3-46d5-85f6-3172b5f690ea-140737350539072","trial_id":71,"param_name":"out_noise","param_value_internal":0.0,"distribution":"{\"name\": \"FloatDistribution\", \"attributes\": {\"step\": null, \"low\": 0.0, \"high\": 0.0, \"log\": false}}"}
{"op_code":5,"worker_id":"65621591-6ed3-46d5-85f6-3172b5f690ea-140737350539072","trial_id":71,"param_name":"ab_weight_scaling_omega","param_value_internal":0.0,"distribution":"{\"name\": \"FloatDistribution\", \"attributes\": {\"step\": null, \"low\": 0.0, \"high\": 0.0, \"log\": false}}"}
{"op_code":5,"worker_id":"65621591-6ed3-46d5-85f6-3172b5f690ea-140737350539072","trial_id":71,"param_name":"min_lr_rate","param_value_internal":0.0,"distribution":"{\"name\": \"FloatDistribution\", \"attributes\": {\"step\": null, \"low\": 0.0, \"high\": 0.0, \"log\": false}}"}
{"op_code":7,"worker_id":"65621591-6ed3-46d5-85f6-3172b5f690ea-140737350539072","trial_id":71,"step":1,"intermediate_value":81.22270742358079}
{"op_code":8,"worker_id":"65621591-6ed3-46d5-85f6-3172b5f690ea-140737350539072","trial_id":71,"user_attr":{"train_loss_epoch_1":23717244.427173913}}
{"op_code":8,"worker_id":"65621591-6ed3-46d5-85f6-3172b5f690ea-140737350539072","trial_id":71,"user_attr":{"val_loss_epoch_1":17737735.0}}
{"op_code":7,"worker_id":"65621591-6ed3-46d5-85f6-3172b5f690ea-140737350539072","trial_id":71,"step":2,"intermediate_value":81.22270742358079}
{"op_code":8,"worker_id":"65621591-6ed3-46d5-85f6-3172b5f690ea-140737350539072","trial_id":71,"user_attr":{"train_loss_epoch_2":6728515.171620244}}
{"op_code":8,"worker_id":"65621591-6ed3-46d5-85f6-3172b5f690ea-140737350539072","trial_id":71,"user_attr":{"val_loss_epoch_2":313874.53125}}
{"op_code":7,"worker_id":"65621591-6ed3-46d5-85f6-3172b5f690ea-140737350539072","trial_id":71,"step":3,"intermediate_value":81.22270742358079}
{"op_code":8,"worker_id":"65621591-6ed3-46d5-85f6-3172b5f690ea-140737350539072","trial_id":71,"user_attr":{"train_loss_epoch_3":152783.8761103091}}
{"op_code":8,"worker_id":"65621591-6ed3-46d5-85f6-3172b5f690ea-140737350539072","trial_id":71,"user_attr":{"val_loss_epoch_3":225251.2421875}}
{"op_code":7,"worker_id":"65621591-6ed3-46d5-85f6-3172b5f690ea-140737350539072","trial_id":71,"step":4,"intermediate_value":81.22270742358079}
{"op_code":8,"worker_id":"65621591-6ed3-46d5-85f6-3172b5f690ea-140737350539072","trial_id":71,"user_attr":{"train_loss_epoch_4":136606.60363451086}}
{"op_code":8,"worker_id":"65621591-6ed3-46d5-85f6-3172b5f690ea-140737350539072","trial_id":71,"user_attr":{"val_loss_epoch_4":20139.4345703125}}
{"op_code":7,"worker_id":"65621591-6ed3-46d5-85f6-3172b5f690ea-140737350539072","trial_id":71,"step":5,"intermediate_value":81.22270742358079}
{"op_code":8,"worker_id":"65621591-6ed3-46d5-85f6-3172b5f690ea-140737350539072","trial_id":71,"user_attr":{"train_loss_epoch_5":119838.85816066577}}
{"op_code":8,"worker_id":"65621591-6ed3-46d5-85f6-3172b5f690ea-140737350539072","trial_id":71,"user_attr":{"val_loss_epoch_5":14118.0751953125}}
{"op_code":7,"worker_id":"65621591-6ed3-46d5-85f6-3172b5f690ea-140737350539072","trial_id":71,"step":6,"intermediate_value":81.22270742358079}
{"op_code":8,"worker_id":"65621591-6ed3-46d5-85f6-3172b5f690ea-140737350539072","trial_id":71,"user_attr":{"train_loss_epoch_6":112504.57464334239}}
{"op_code":8,"worker_id":"65621591-6ed3-46d5-85f6-3172b5f690ea-140737350539072","trial_id":71,"user_attr":{"val_loss_epoch_6":50513.0703125}}
{"op_code":7,"worker_id":"65621591-6ed3-46d5-85f6-3172b5f690ea-140737350539072","trial_id":71,"step":7,"intermediate_value":81.22270742358079}
{"op_code":8,"worker_id":"65621591-6ed3-46d5-85f6-3172b5f690ea-140737350539072","trial_id":71,"user_attr":{"train_loss_epoch_7":100856.70157948369}}
{"op_code":8,"worker_id":"65621591-6ed3-46d5-85f6-3172b5f690ea-140737350539072","trial_id":71,"user_attr":{"val_loss_epoch_7":62816.830078125}}
{"op_code":6,"worker_id":"65621591-6ed3-46d5-85f6-3172b5f690ea-140737350539072","trial_id":71,"state":1,"values":[81.22270742358079],"datetime_complete":"2026-02-22T00:59:54.710374"}
{"op_code":4,"worker_id":"65621591-6ed3-46d5-85f6-3172b5f690ea-140737350539072","study_id":0,"datetime_start":"2026-02-22T00:59:54.720642"}
{"op_code":5,"worker_id":"65621591-6ed3-46d5-85f6-3172b5f690ea-140737350539072","trial_id":72,"param_name":"learning_rate","param_value_internal":0.008230784656164674,"distribution":"{\"name\": \"FloatDistribution\", \"attributes\": {\"step\": null, \"low\": 0.001, \"high\": 10.0, \"log\": true}}"}
{"op_code":5,"worker_id":"65621591-6ed3-46d5-85f6-3172b5f690ea-140737350539072","trial_id":72,"param_name":"transfer_lr","param_value_internal":0.0006681255190956633,"distribution":"{\"name\": \"FloatDistribution\", \"attributes\": {\"step\": null, \"low\": 0.0001, \"high\": 100.0, \"log\": true}}"}
{"op_code":5,"worker_id":"65621591-6ed3-46d5-85f6-3172b5f690ea-140737350539072","trial_id":72,"param_name":"transfer_every","param_value_internal":64.0,"distribution":"{\"name\": \"IntDistribution\", \"attributes\": {\"log\": true, \"step\": 1, \"low\": 64, \"high\": 32000}}"}
{"op_code":5,"worker_id":"65621591-6ed3-46d5-85f6-3172b5f690ea-140737350539072","trial_id":72,"param_name":"rank_exp","param_value_internal":5.0,"distribution":"{\"name\": \"IntDistribution\", \"attributes\": {\"log\": false, \"step\": 1, \"low\": 0, \"high\": 5}}"}
{"op_code":5,"worker_id":"65621591-6ed3-46d5-85f6-3172b5f690ea-140737350539072","trial_id":72,"param_name":"lora_alpha","param_value_internal":0.20333221988386524,"distribution":"{\"name\": \"FloatDistribution\", \"attributes\": {\"step\": null, \"low\": 0.0001, \"high\": 100.0, \"log\": true}}"}
{"op_code":5,"worker_id":"65621591-6ed3-46d5-85f6-3172b5f690ea-140737350539072","trial_id":72,"param_name":"tau_sec","param_value_internal":0.0,"distribution":"{\"name\": \"FloatDistribution\", \"attributes\": {\"step\": null, \"low\": 0.0, \"high\": 0.0, \"log\": false}}"}
{"op_code":5,"worker_id":"65621591-6ed3-46d5-85f6-3172b5f690ea-140737350539072","trial_id":72,"param_name":"out_noise","param_value_internal":0.0,"distribution":"{\"name\": \"FloatDistribution\", \"attributes\": {\"step\": null, \"low\": 0.0, \"high\": 0.0, \"log\": false}}"}
{"op_code":5,"worker_id":"65621591-6ed3-46d5-85f6-3172b5f690ea-140737350539072","trial_id":72,"param_name":"ab_weight_scaling_omega","param_value_internal":0.0,"distribution":"{\"name\": \"FloatDistribution\", \"attributes\": {\"step\": null, \"low\": 0.0, \"high\": 0.0, \"log\": false}}"}
{"op_code":5,"worker_id":"65621591-6ed3-46d5-85f6-3172b5f690ea-140737350539072","trial_id":72,"param_name":"min_lr_rate","param_value_internal":0.0,"distribution":"{\"name\": \"FloatDistribution\", \"attributes\": {\"step\": null, \"low\": 0.0, \"high\": 0.0, \"log\": false}}"}
{"op_code":7,"worker_id":"65621591-6ed3-46d5-85f6-3172b5f690ea-140737350539072","trial_id":72,"step":1,"intermediate_value":81.22270742358079}
{"op_code":8,"worker_id":"65621591-6ed3-46d5-85f6-3172b5f690ea-140737350539072","trial_id":72,"user_attr":{"train_loss_epoch_1":23356720.410326086}}
{"op_code":8,"worker_id":"65621591-6ed3-46d5-85f6-3172b5f690ea-140737350539072","trial_id":72,"user_attr":{"val_loss_epoch_1":19038979.0}}
{"op_code":7,"worker_id":"65621591-6ed3-46d5-85f6-3172b5f690ea-140737350539072","trial_id":72,"step":2,"intermediate_value":81.22270742358079}
{"op_code":8,"worker_id":"65621591-6ed3-46d5-85f6-3172b5f690ea-140737350539072","trial_id":72,"user_attr":{"train_loss_epoch_2":7689101.276800272}}
{"op_code":8,"worker_id":"65621591-6ed3-46d5-85f6-3172b5f690ea-140737350539072","trial_id":72,"user_attr":{"val_loss_epoch_2":84796.7578125}}
{"op_code":7,"worker_id":"65621591-6ed3-46d5-85f6-3172b5f690ea-140737350539072","trial_id":72,"step":3,"intermediate_value":81.22270742358079}
{"op_code":8,"worker_id":"65621591-6ed3-46d5-85f6-3172b5f690ea-140737350539072","trial_id":72,"user_attr":{"train_loss_epoch_3":153154.9588729195}}
{"op_code":8,"worker_id":"65621591-6ed3-46d5-85f6-3172b5f690ea-140737350539072","trial_id":72,"user_attr":{"val_loss_epoch_3":20372.9228515625}}
{"op_code":7,"worker_id":"65621591-6ed3-46d5-85f6-3172b5f690ea-140737350539072","trial_id":72,"step":4,"intermediate_value":81.22270742358079}
{"op_code":8,"worker_id":"65621591-6ed3-46d5-85f6-3172b5f690ea-140737350539072","trial_id":72,"user_attr":{"train_loss_epoch_4":133119.86718537705}}
{"op_code":8,"worker_id":"65621591-6ed3-46d5-85f6-3172b5f690ea-140737350539072","trial_id":72,"user_attr":{"val_loss_epoch_4":231058.3125}}
{"op_code":7,"worker_id":"65621591-6ed3-46d5-85f6-3172b5f690ea-140737350539072","trial_id":72,"step":5,"intermediate_value":81.22270742358079}
{"op_code":8,"worker_id":"65621591-6ed3-46d5-85f6-3172b5f690ea-140737350539072","trial_id":72,"user_attr":{"train_loss_epoch_5":125184.71836614194}}
{"op_code":8,"worker_id":"65621591-6ed3-46d5-85f6-3172b5f690ea-140737350539072","trial_id":72,"user_attr":{"val_loss_epoch_5":54151.080078125}}
{"op_code":6,"worker_id":"65621591-6ed3-46d5-85f6-3172b5f690ea-140737350539072","trial_id":72,"state":1,"values":[81.22270742358079],"datetime_complete":"2026-02-22T01:02:07.021656"}
{"op_code":4,"worker_id":"65621591-6ed3-46d5-85f6-3172b5f690ea-140737350539072","study_id":0,"datetime_start":"2026-02-22T01:02:07.030801"}
{"op_code":5,"worker_id":"65621591-6ed3-46d5-85f6-3172b5f690ea-140737350539072","trial_id":73,"param_name":"learning_rate","param_value_internal":0.007901111653634359,"distribution":"{\"name\": \"FloatDistribution\", \"attributes\": {\"step\": null, \"low\": 0.001, \"high\": 10.0, \"log\": true}}"}
{"op_code":5,"worker_id":"65621591-6ed3-46d5-85f6-3172b5f690ea-140737350539072","trial_id":73,"param_name":"transfer_lr","param_value_internal":0.8022286917446039,"distribution":"{\"name\": \"FloatDistribution\", \"attributes\": {\"step\": null, \"low\": 0.0001, \"high\": 100.0, \"log\": true}}"}
{"op_code":5,"worker_id":"65621591-6ed3-46d5-85f6-3172b5f690ea-140737350539072","trial_id":73,"param_name":"transfer_every","param_value_internal":64.0,"distribution":"{\"name\": \"IntDistribution\", \"attributes\": {\"log\": true, \"step\": 1, \"low\": 64, \"high\": 32000}}"}
{"op_code":5,"worker_id":"65621591-6ed3-46d5-85f6-3172b5f690ea-140737350539072","trial_id":73,"param_name":"rank_exp","param_value_internal":3.0,"distribution":"{\"name\": \"IntDistribution\", \"attributes\": {\"log\": false, \"step\": 1, \"low\": 0, \"high\": 5}}"}
{"op_code":5,"worker_id":"65621591-6ed3-46d5-85f6-3172b5f690ea-140737350539072","trial_id":73,"param_name":"lora_alpha","param_value_internal":0.0001,"distribution":"{\"name\": \"FloatDistribution\", \"attributes\": {\"step\": null, \"low\": 0.0001, \"high\": 100.0, \"log\": true}}"}
{"op_code":5,"worker_id":"65621591-6ed3-46d5-85f6-3172b5f690ea-140737350539072","trial_id":73,"param_name":"tau_sec","param_value_internal":0.0,"distribution":"{\"name\": \"FloatDistribution\", \"attributes\": {\"step\": null, \"low\": 0.0, \"high\": 0.0, \"log\": false}}"}
{"op_code":5,"worker_id":"65621591-6ed3-46d5-85f6-3172b5f690ea-140737350539072","trial_id":73,"param_name":"out_noise","param_value_internal":0.0,"distribution":"{\"name\": \"FloatDistribution\", \"attributes\": {\"step\": null, \"low\": 0.0, \"high\": 0.0, \"log\": false}}"}
{"op_code":5,"worker_id":"65621591-6ed3-46d5-85f6-3172b5f690ea-140737350539072","trial_id":73,"param_name":"ab_weight_scaling_omega","param_value_internal":0.0,"distribution":"{\"name\": \"FloatDistribution\", \"attributes\": {\"step\": null, \"low\": 0.0, \"high\": 0.0, \"log\": false}}"}
{"op_code":5,"worker_id":"65621591-6ed3-46d5-85f6-3172b5f690ea-140737350539072","trial_id":73,"param_name":"min_lr_rate","param_value_internal":0.0,"distribution":"{\"name\": \"FloatDistribution\", \"attributes\": {\"step\": null, \"low\": 0.0, \"high\": 0.0, \"log\": false}}"}
{"op_code":7,"worker_id":"65621591-6ed3-46d5-85f6-3172b5f690ea-140737350539072","trial_id":73,"step":1,"intermediate_value":81.22270742358079}
{"op_code":8,"worker_id":"65621591-6ed3-46d5-85f6-3172b5f690ea-140737350539072","trial_id":73,"user_attr":{"train_loss_epoch_1":23771074.674660325}}
{"op_code":8,"worker_id":"65621591-6ed3-46d5-85f6-3172b5f690ea-140737350539072","trial_id":73,"user_attr":{"val_loss_epoch_1":15963125.5}}
{"op_code":7,"worker_id":"65621591-6ed3-46d5-85f6-3172b5f690ea-140737350539072","trial_id":73,"step":2,"intermediate_value":81.22270742358079}
{"op_code":8,"worker_id":"65621591-6ed3-46d5-85f6-3172b5f690ea-140737350539072","trial_id":73,"user_attr":{"train_loss_epoch_2":7661121.903192935}}
{"op_code":8,"worker_id":"65621591-6ed3-46d5-85f6-3172b5f690ea-140737350539072","trial_id":73,"user_attr":{"val_loss_epoch_2":124941.8046875}}
{"op_code":7,"worker_id":"65621591-6ed3-46d5-85f6-3172b5f690ea-140737350539072","trial_id":73,"step":3,"intermediate_value":81.22270742358079}
{"op_code":8,"worker_id":"65621591-6ed3-46d5-85f6-3172b5f690ea-140737350539072","trial_id":73,"user_attr":{"train_loss_epoch_3":168176.60128226902}}
{"op_code":8,"worker_id":"65621591-6ed3-46d5-85f6-3172b5f690ea-140737350539072","trial_id":73,"user_attr":{"val_loss_epoch_3":53754.9921875}}
{"op_code":7,"worker_id":"65621591-6ed3-46d5-85f6-3172b5f690ea-140737350539072","trial_id":73,"step":4,"intermediate_value":81.22270742358079}
{"op_code":8,"worker_id":"65621591-6ed3-46d5-85f6-3172b5f690ea-140737350539072","trial_id":73,"user_attr":{"train_loss_epoch_4":131284.0197435462}}
{"op_code":8,"worker_id":"65621591-6ed3-46d5-85f6-3172b5f690ea-140737350539072","trial_id":73,"user_attr":{"val_loss_epoch_4":4768.651611328125}}
{"op_code":7,"worker_id":"65621591-6ed3-46d5-85f6-3172b5f690ea-140737350539072","trial_id":73,"step":5,"intermediate_value":81.22270742358079}
{"op_code":8,"worker_id":"65621591-6ed3-46d5-85f6-3172b5f690ea-140737350539072","trial_id":73,"user_attr":{"train_loss_epoch_5":118403.88843622622}}
{"op_code":8,"worker_id":"65621591-6ed3-46d5-85f6-3172b5f690ea-140737350539072","trial_id":73,"user_attr":{"val_loss_epoch_5":101370.5703125}}
{"op_code":7,"worker_id":"65621591-6ed3-46d5-85f6-3172b5f690ea-140737350539072","trial_id":73,"step":6,"intermediate_value":81.22270742358079}
{"op_code":8,"worker_id":"65621591-6ed3-46d5-85f6-3172b5f690ea-140737350539072","trial_id":73,"user_attr":{"train_loss_epoch_6":106598.387109375}}
{"op_code":8,"worker_id":"65621591-6ed3-46d5-85f6-3172b5f690ea-140737350539072","trial_id":73,"user_attr":{"val_loss_epoch_6":77816.30859375}}
{"op_code":6,"worker_id":"65621591-6ed3-46d5-85f6-3172b5f690ea-140737350539072","trial_id":73,"state":1,"values":[81.22270742358079],"datetime_complete":"2026-02-22T01:05:59.863563"}
{"op_code":4,"worker_id":"65621591-6ed3-46d5-85f6-3172b5f690ea-140737350539072","study_id":0,"datetime_start":"2026-02-22T01:05:59.873029"}
{"op_code":5,"worker_id":"65621591-6ed3-46d5-85f6-3172b5f690ea-140737350539072","trial_id":74,"param_name":"learning_rate","param_value_internal":0.0020262024808970127,"distribution":"{\"name\": \"FloatDistribution\", \"attributes\": {\"step\": null, \"low\": 0.001, \"high\": 10.0, \"log\": true}}"}
{"op_code":5,"worker_id":"65621591-6ed3-46d5-85f6-3172b5f690ea-140737350539072","trial_id":74,"param_name":"transfer_lr","param_value_internal":0.5530489703786238,"distribution":"{\"name\": \"FloatDistribution\", \"attributes\": {\"step\": null, \"low\": 0.0001, \"high\": 100.0, \"log\": true}}"}
{"op_code":5,"worker_id":"65621591-6ed3-46d5-85f6-3172b5f690ea-140737350539072","trial_id":74,"param_name":"transfer_every","param_value_internal":32000.0,"distribution":"{\"name\": \"IntDistribution\", \"attributes\": {\"log\": true, \"step\": 1, \"low\": 64, \"high\": 32000}}"}
{"op_code":5,"worker_id":"65621591-6ed3-46d5-85f6-3172b5f690ea-140737350539072","trial_id":74,"param_name":"rank_exp","param_value_internal":3.0,"distribution":"{\"name\": \"IntDistribution\", \"attributes\": {\"log\": false, \"step\": 1, \"low\": 0, \"high\": 5}}"}
{"op_code":5,"worker_id":"65621591-6ed3-46d5-85f6-3172b5f690ea-140737350539072","trial_id":74,"param_name":"lora_alpha","param_value_internal":0.03739330669208231,"distribution":"{\"name\": \"FloatDistribution\", \"attributes\": {\"step\": null, \"low\": 0.0001, \"high\": 100.0, \"log\": true}}"}
{"op_code":5,"worker_id":"65621591-6ed3-46d5-85f6-3172b5f690ea-140737350539072","trial_id":74,"param_name":"tau_sec","param_value_internal":0.0,"distribution":"{\"name\": \"FloatDistribution\", \"attributes\": {\"step\": null, \"low\": 0.0, \"high\": 0.0, \"log\": false}}"}
{"op_code":5,"worker_id":"65621591-6ed3-46d5-85f6-3172b5f690ea-140737350539072","trial_id":74,"param_name":"out_noise","param_value_internal":0.0,"distribution":"{\"name\": \"FloatDistribution\", \"attributes\": {\"step\": null, \"low\": 0.0, \"high\": 0.0, \"log\": false}}"}
{"op_code":5,"worker_id":"65621591-6ed3-46d5-85f6-3172b5f690ea-140737350539072","trial_id":74,"param_name":"ab_weight_scaling_omega","param_value_internal":0.0,"distribution":"{\"name\": \"FloatDistribution\", \"attributes\": {\"step\": null, \"low\": 0.0, \"high\": 0.0, \"log\": false}}"}
{"op_code":5,"worker_id":"65621591-6ed3-46d5-85f6-3172b5f690ea-140737350539072","trial_id":74,"param_name":"min_lr_rate","param_value_internal":0.0,"distribution":"{\"name\": \"FloatDistribution\", \"attributes\": {\"step\": null, \"low\": 0.0, \"high\": 0.0, \"log\": false}}"}
{"op_code":7,"worker_id":"65621591-6ed3-46d5-85f6-3172b5f690ea-140737350539072","trial_id":74,"step":1,"intermediate_value":0.0}
{"op_code":8,"worker_id":"65621591-6ed3-46d5-85f6-3172b5f690ea-140737350539072","trial_id":74,"user_attr":{"train_loss_epoch_1":25577876.376086958}}
{"op_code":8,"worker_id":"65621591-6ed3-46d5-85f6-3172b5f690ea-140737350539072","trial_id":74,"user_attr":{"val_loss_epoch_1":42941366.0}}
{"op_code":7,"worker_id":"65621591-6ed3-46d5-85f6-3172b5f690ea-140737350539072","trial_id":74,"step":2,"intermediate_value":81.22270742358079}
{"op_code":8,"worker_id":"65621591-6ed3-46d5-85f6-3172b5f690ea-140737350539072","trial_id":74,"user_attr":{"train_loss_epoch_2":21917416.397418477}}
{"op_code":8,"worker_id":"65621591-6ed3-46d5-85f6-3172b5f690ea-140737350539072","trial_id":74,"user_attr":{"val_loss_epoch_2":11562270.0}}
{"op_code":7,"worker_id":"65621591-6ed3-46d5-85f6-3172b5f690ea-140737350539072","trial_id":74,"step":3,"intermediate_value":81.22270742358079}
{"op_code":8,"worker_id":"65621591-6ed3-46d5-85f6-3172b5f690ea-140737350539072","trial_id":74,"user_attr":{"train_loss_epoch_3":19968965.003464673}}
{"op_code":8,"worker_id":"65621591-6ed3-46d5-85f6-3172b5f690ea-140737350539072","trial_id":74,"user_attr":{"val_loss_epoch_3":2802.496826171875}}
{"op_code":7,"worker_id":"65621591-6ed3-46d5-85f6-3172b5f690ea-140737350539072","trial_id":74,"step":4,"intermediate_value":81.22270742358079}
{"op_code":8,"worker_id":"65621591-6ed3-46d5-85f6-3172b5f690ea-140737350539072","trial_id":74,"user_attr":{"train_loss_epoch_4":14598239.287856657}}
{"op_code":8,"worker_id":"65621591-6ed3-46d5-85f6-3172b5f690ea-140737350539072","trial_id":74,"user_attr":{"val_loss_epoch_4":124937.68359375}}
{"op_code":7,"worker_id":"65621591-6ed3-46d5-85f6-3172b5f690ea-140737350539072","trial_id":74,"step":5,"intermediate_value":81.22270742358079}
{"op_code":8,"worker_id":"65621591-6ed3-46d5-85f6-3172b5f690ea-140737350539072","trial_id":74,"user_attr":{"train_loss_epoch_5":11149205.816045346}}
{"op_code":8,"worker_id":"65621591-6ed3-46d5-85f6-3172b5f690ea-140737350539072","trial_id":74,"user_attr":{"val_loss_epoch_5":8569190.25}}
{"op_code":6,"worker_id":"65621591-6ed3-46d5-85f6-3172b5f690ea-140737350539072","trial_id":74,"state":1,"values":[81.22270742358079],"datetime_complete":"2026-02-22T01:08:10.704969"}
{"op_code":4,"worker_id":"65621591-6ed3-46d5-85f6-3172b5f690ea-140737350539072","study_id":0,"datetime_start":"2026-02-22T01:08:10.713931"}
{"op_code":5,"worker_id":"65621591-6ed3-46d5-85f6-3172b5f690ea-140737350539072","trial_id":75,"param_name":"learning_rate","param_value_internal":0.0066924143527456684,"distribution":"{\"name\": \"FloatDistribution\", \"attributes\": {\"step\": null, \"low\": 0.001, \"high\": 10.0, \"log\": true}}"}
{"op_code":5,"worker_id":"65621591-6ed3-46d5-85f6-3172b5f690ea-140737350539072","trial_id":75,"param_name":"transfer_lr","param_value_internal":0.0034439957039410192,"distribution":"{\"name\": \"FloatDistribution\", \"attributes\": {\"step\": null, \"low\": 0.0001, \"high\": 100.0, \"log\": true}}"}
{"op_code":5,"worker_id":"65621591-6ed3-46d5-85f6-3172b5f690ea-140737350539072","trial_id":75,"param_name":"transfer_every","param_value_internal":64.0,"distribution":"{\"name\": \"IntDistribution\", \"attributes\": {\"log\": true, \"step\": 1, \"low\": 64, \"high\": 32000}}"}
{"op_code":5,"worker_id":"65621591-6ed3-46d5-85f6-3172b5f690ea-140737350539072","trial_id":75,"param_name":"rank_exp","param_value_internal":5.0,"distribution":"{\"name\": \"IntDistribution\", \"attributes\": {\"log\": false, \"step\": 1, \"low\": 0, \"high\": 5}}"}
{"op_code":5,"worker_id":"65621591-6ed3-46d5-85f6-3172b5f690ea-140737350539072","trial_id":75,"param_name":"lora_alpha","param_value_internal":0.09851214319161378,"distribution":"{\"name\": \"FloatDistribution\", \"attributes\": {\"step\": null, \"low\": 0.0001, \"high\": 100.0, \"log\": true}}"}
{"op_code":5,"worker_id":"65621591-6ed3-46d5-85f6-3172b5f690ea-140737350539072","trial_id":75,"param_name":"tau_sec","param_value_internal":0.0,"distribution":"{\"name\": \"FloatDistribution\", \"attributes\": {\"step\": null, \"low\": 0.0, \"high\": 0.0, \"log\": false}}"}
{"op_code":5,"worker_id":"65621591-6ed3-46d5-85f6-3172b5f690ea-140737350539072","trial_id":75,"param_name":"out_noise","param_value_internal":0.0,"distribution":"{\"name\": \"FloatDistribution\", \"attributes\": {\"step\": null, \"low\": 0.0, \"high\": 0.0, \"log\": false}}"}
{"op_code":5,"worker_id":"65621591-6ed3-46d5-85f6-3172b5f690ea-140737350539072","trial_id":75,"param_name":"ab_weight_scaling_omega","param_value_internal":0.0,"distribution":"{\"name\": \"FloatDistribution\", \"attributes\": {\"step\": null, \"low\": 0.0, \"high\": 0.0, \"log\": false}}"}
{"op_code":5,"worker_id":"65621591-6ed3-46d5-85f6-3172b5f690ea-140737350539072","trial_id":75,"param_name":"min_lr_rate","param_value_internal":0.0,"distribution":"{\"name\": \"FloatDistribution\", \"attributes\": {\"step\": null, \"low\": 0.0, \"high\": 0.0, \"log\": false}}"}
{"op_code":7,"worker_id":"65621591-6ed3-46d5-85f6-3172b5f690ea-140737350539072","trial_id":75,"step":1,"intermediate_value":81.22270742358079}
{"op_code":8,"worker_id":"65621591-6ed3-46d5-85f6-3172b5f690ea-140737350539072","trial_id":75,"user_attr":{"train_loss_epoch_1":24177899.039673913}}
{"op_code":8,"worker_id":"65621591-6ed3-46d5-85f6-3172b5f690ea-140737350539072","trial_id":75,"user_attr":{"val_loss_epoch_1":25934940.0}}
{"op_code":7,"worker_id":"65621591-6ed3-46d5-85f6-3172b5f690ea-140737350539072","trial_id":75,"step":2,"intermediate_value":81.22270742358079}
{"op_code":8,"worker_id":"65621591-6ed3-46d5-85f6-3172b5f690ea-140737350539072","trial_id":75,"user_attr":{"train_loss_epoch_2":11303391.358967392}}
{"op_code":8,"worker_id":"65621591-6ed3-46d5-85f6-3172b5f690ea-140737350539072","trial_id":75,"user_attr":{"val_loss_epoch_2":4278139.875}}
{"op_code":7,"worker_id":"65621591-6ed3-46d5-85f6-3172b5f690ea-140737350539072","trial_id":75,"step":3,"intermediate_value":81.22270742358079}
{"op_code":8,"worker_id":"65621591-6ed3-46d5-85f6-3172b5f690ea-140737350539072","trial_id":75,"user_attr":{"train_loss_epoch_3":733616.455804178}}
{"op_code":8,"worker_id":"65621591-6ed3-46d5-85f6-3172b5f690ea-140737350539072","trial_id":75,"user_attr":{"val_loss_epoch_3":33162.615234375}}
{"op_code":7,"worker_id":"65621591-6ed3-46d5-85f6-3172b5f690ea-140737350539072","trial_id":75,"step":4,"intermediate_value":81.22270742358079}
{"op_code":8,"worker_id":"65621591-6ed3-46d5-85f6-3172b5f690ea-140737350539072","trial_id":75,"user_attr":{"train_loss_epoch_4":106370.96741359546}}
{"op_code":8,"worker_id":"65621591-6ed3-46d5-85f6-3172b5f690ea-140737350539072","trial_id":75,"user_attr":{"val_loss_epoch_4":69763.61328125}}
{"op_code":7,"worker_id":"65621591-6ed3-46d5-85f6-3172b5f690ea-140737350539072","trial_id":75,"step":5,"intermediate_value":81.22270742358079}
{"op_code":8,"worker_id":"65621591-6ed3-46d5-85f6-3172b5f690ea-140737350539072","trial_id":75,"user_attr":{"train_loss_epoch_5":98311.03022567085}}
{"op_code":8,"worker_id":"65621591-6ed3-46d5-85f6-3172b5f690ea-140737350539072","trial_id":75,"user_attr":{"val_loss_epoch_5":5457.303466796875}}
{"op_code":7,"worker_id":"65621591-6ed3-46d5-85f6-3172b5f690ea-140737350539072","trial_id":75,"step":6,"intermediate_value":81.22270742358079}
{"op_code":8,"worker_id":"65621591-6ed3-46d5-85f6-3172b5f690ea-140737350539072","trial_id":75,"user_attr":{"train_loss_epoch_6":98658.56265391475}}
{"op_code":8,"worker_id":"65621591-6ed3-46d5-85f6-3172b5f690ea-140737350539072","trial_id":75,"user_attr":{"val_loss_epoch_6":19215.724609375}}
{"op_code":7,"worker_id":"65621591-6ed3-46d5-85f6-3172b5f690ea-140737350539072","trial_id":75,"step":7,"intermediate_value":81.22270742358079}
{"op_code":8,"worker_id":"65621591-6ed3-46d5-85f6-3172b5f690ea-140737350539072","trial_id":75,"user_attr":{"train_loss_epoch_7":81741.96527683423}}
{"op_code":8,"worker_id":"65621591-6ed3-46d5-85f6-3172b5f690ea-140737350539072","trial_id":75,"user_attr":{"val_loss_epoch_7":43116.2109375}}
{"op_code":6,"worker_id":"65621591-6ed3-46d5-85f6-3172b5f690ea-140737350539072","trial_id":75,"state":1,"values":[81.22270742358079],"datetime_complete":"2026-02-22T01:10:55.241560"}
{"op_code":4,"worker_id":"65621591-6ed3-46d5-85f6-3172b5f690ea-140737350539072","study_id":0,"datetime_start":"2026-02-22T01:10:55.252918"}
{"op_code":5,"worker_id":"65621591-6ed3-46d5-85f6-3172b5f690ea-140737350539072","trial_id":76,"param_name":"learning_rate","param_value_internal":0.0049109058491896345,"distribution":"{\"name\": \"FloatDistribution\", \"attributes\": {\"step\": null, \"low\": 0.001, \"high\": 10.0, \"log\": true}}"}
{"op_code":5,"worker_id":"65621591-6ed3-46d5-85f6-3172b5f690ea-140737350539072","trial_id":76,"param_name":"transfer_lr","param_value_internal":0.009168840886341737,"distribution":"{\"name\": \"FloatDistribution\", \"attributes\": {\"step\": null, \"low\": 0.0001, \"high\": 100.0, \"log\": true}}"}
{"op_code":5,"worker_id":"65621591-6ed3-46d5-85f6-3172b5f690ea-140737350539072","trial_id":76,"param_name":"transfer_every","param_value_internal":64.0,"distribution":"{\"name\": \"IntDistribution\", \"attributes\": {\"log\": true, \"step\": 1, \"low\": 64, \"high\": 32000}}"}
{"op_code":5,"worker_id":"65621591-6ed3-46d5-85f6-3172b5f690ea-140737350539072","trial_id":76,"param_name":"rank_exp","param_value_internal":3.0,"distribution":"{\"name\": \"IntDistribution\", \"attributes\": {\"log\": false, \"step\": 1, \"low\": 0, \"high\": 5}}"}
{"op_code":5,"worker_id":"65621591-6ed3-46d5-85f6-3172b5f690ea-140737350539072","trial_id":76,"param_name":"lora_alpha","param_value_internal":0.05458747736973188,"distribution":"{\"name\": \"FloatDistribution\", \"attributes\": {\"step\": null, \"low\": 0.0001, \"high\": 100.0, \"log\": true}}"}
{"op_code":5,"worker_id":"65621591-6ed3-46d5-85f6-3172b5f690ea-140737350539072","trial_id":76,"param_name":"tau_sec","param_value_internal":0.0,"distribution":"{\"name\": \"FloatDistribution\", \"attributes\": {\"step\": null, \"low\": 0.0, \"high\": 0.0, \"log\": false}}"}
{"op_code":5,"worker_id":"65621591-6ed3-46d5-85f6-3172b5f690ea-140737350539072","trial_id":76,"param_name":"out_noise","param_value_internal":0.0,"distribution":"{\"name\": \"FloatDistribution\", \"attributes\": {\"step\": null, \"low\": 0.0, \"high\": 0.0, \"log\": false}}"}
{"op_code":5,"worker_id":"65621591-6ed3-46d5-85f6-3172b5f690ea-140737350539072","trial_id":76,"param_name":"ab_weight_scaling_omega","param_value_internal":0.0,"distribution":"{\"name\": \"FloatDistribution\", \"attributes\": {\"step\": null, \"low\": 0.0, \"high\": 0.0, \"log\": false}}"}
{"op_code":5,"worker_id":"65621591-6ed3-46d5-85f6-3172b5f690ea-140737350539072","trial_id":76,"param_name":"min_lr_rate","param_value_internal":0.0,"distribution":"{\"name\": \"FloatDistribution\", \"attributes\": {\"step\": null, \"low\": 0.0, \"high\": 0.0, \"log\": false}}"}
{"op_code":7,"worker_id":"65621591-6ed3-46d5-85f6-3172b5f690ea-140737350539072","trial_id":76,"step":1,"intermediate_value":0.0}
{"op_code":8,"worker_id":"65621591-6ed3-46d5-85f6-3172b5f690ea-140737350539072","trial_id":76,"user_attr":{"train_loss_epoch_1":24087298.36630435}}
{"op_code":8,"worker_id":"65621591-6ed3-46d5-85f6-3172b5f690ea-140737350539072","trial_id":76,"user_attr":{"val_loss_epoch_1":18221441.0}}
{"op_code":7,"worker_id":"65621591-6ed3-46d5-85f6-3172b5f690ea-140737350539072","trial_id":76,"step":2,"intermediate_value":81.22270742358079}
{"op_code":8,"worker_id":"65621591-6ed3-46d5-85f6-3172b5f690ea-140737350539072","trial_id":76,"user_attr":{"train_loss_epoch_2":16219921.079993207}}
{"op_code":8,"worker_id":"65621591-6ed3-46d5-85f6-3172b5f690ea-140737350539072","trial_id":76,"user_attr":{"val_loss_epoch_2":5201797.25}}
{"op_code":7,"worker_id":"65621591-6ed3-46d5-85f6-3172b5f690ea-140737350539072","trial_id":76,"step":3,"intermediate_value":81.22270742358079}
{"op_code":8,"worker_id":"65621591-6ed3-46d5-85f6-3172b5f690ea-140737350539072","trial_id":76,"user_attr":{"train_loss_epoch_3":5420526.636463994}}
{"op_code":8,"worker_id":"65621591-6ed3-46d5-85f6-3172b5f690ea-140737350539072","trial_id":76,"user_attr":{"val_loss_epoch_3":721114.1875}}
{"op_code":7,"worker_id":"65621591-6ed3-46d5-85f6-3172b5f690ea-140737350539072","trial_id":76,"step":4,"intermediate_value":81.22270742358079}
{"op_code":8,"worker_id":"65621591-6ed3-46d5-85f6-3172b5f690ea-140737350539072","trial_id":76,"user_attr":{"train_loss_epoch_4":220262.8603711999}}
{"op_code":8,"worker_id":"65621591-6ed3-46d5-85f6-3172b5f690ea-140737350539072","trial_id":76,"user_attr":{"val_loss_epoch_4":8141.869873046875}}
{"op_code":7,"worker_id":"65621591-6ed3-46d5-85f6-3172b5f690ea-140737350539072","trial_id":76,"step":5,"intermediate_value":81.22270742358079}
{"op_code":8,"worker_id":"65621591-6ed3-46d5-85f6-3172b5f690ea-140737350539072","trial_id":76,"user_attr":{"train_loss_epoch_5":66201.78559358016}}
{"op_code":8,"worker_id":"65621591-6ed3-46d5-85f6-3172b5f690ea-140737350539072","trial_id":76,"user_attr":{"val_loss_epoch_5":33291.1904296875}}
{"op_code":7,"worker_id":"65621591-6ed3-46d5-85f6-3172b5f690ea-140737350539072","trial_id":76,"step":6,"intermediate_value":81.22270742358079}
{"op_code":8,"worker_id":"65621591-6ed3-46d5-85f6-3172b5f690ea-140737350539072","trial_id":76,"user_attr":{"train_loss_epoch_6":66915.20638586956}}
{"op_code":8,"worker_id":"65621591-6ed3-46d5-85f6-3172b5f690ea-140737350539072","trial_id":76,"user_attr":{"val_loss_epoch_6":17484.7724609375}}
{"op_code":6,"worker_id":"65621591-6ed3-46d5-85f6-3172b5f690ea-140737350539072","trial_id":76,"state":1,"values":[81.22270742358079],"datetime_complete":"2026-02-22T01:13:21.225534"}
{"op_code":4,"worker_id":"65621591-6ed3-46d5-85f6-3172b5f690ea-140737350539072","study_id":0,"datetime_start":"2026-02-22T01:13:21.231894"}
{"op_code":5,"worker_id":"65621591-6ed3-46d5-85f6-3172b5f690ea-140737350539072","trial_id":77,"param_name":"learning_rate","param_value_internal":0.0013726671716530912,"distribution":"{\"name\": \"FloatDistribution\", \"attributes\": {\"step\": null, \"low\": 0.001, \"high\": 10.0, \"log\": true}}"}
{"op_code":5,"worker_id":"65621591-6ed3-46d5-85f6-3172b5f690ea-140737350539072","trial_id":77,"param_name":"transfer_lr","param_value_internal":3.6358894651070712,"distribution":"{\"name\": \"FloatDistribution\", \"attributes\": {\"step\": null, \"low\": 0.0001, \"high\": 100.0, \"log\": true}}"}
{"op_code":5,"worker_id":"65621591-6ed3-46d5-85f6-3172b5f690ea-140737350539072","trial_id":77,"param_name":"transfer_every","param_value_internal":64.0,"distribution":"{\"name\": \"IntDistribution\", \"attributes\": {\"log\": true, \"step\": 1, \"low\": 64, \"high\": 32000}}"}
{"op_code":5,"worker_id":"65621591-6ed3-46d5-85f6-3172b5f690ea-140737350539072","trial_id":77,"param_name":"rank_exp","param_value_internal":3.0,"distribution":"{\"name\": \"IntDistribution\", \"attributes\": {\"log\": false, \"step\": 1, \"low\": 0, \"high\": 5}}"}
{"op_code":5,"worker_id":"65621591-6ed3-46d5-85f6-3172b5f690ea-140737350539072","trial_id":77,"param_name":"lora_alpha","param_value_internal":0.17143932307753015,"distribution":"{\"name\": \"FloatDistribution\", \"attributes\": {\"step\": null, \"low\": 0.0001, \"high\": 100.0, \"log\": true}}"}
{"op_code":5,"worker_id":"65621591-6ed3-46d5-85f6-3172b5f690ea-140737350539072","trial_id":77,"param_name":"tau_sec","param_value_internal":0.0,"distribution":"{\"name\": \"FloatDistribution\", \"attributes\": {\"step\": null, \"low\": 0.0, \"high\": 0.0, \"log\": false}}"}
{"op_code":5,"worker_id":"65621591-6ed3-46d5-85f6-3172b5f690ea-140737350539072","trial_id":77,"param_name":"out_noise","param_value_internal":0.0,"distribution":"{\"name\": \"FloatDistribution\", \"attributes\": {\"step\": null, \"low\": 0.0, \"high\": 0.0, \"log\": false}}"}
{"op_code":5,"worker_id":"65621591-6ed3-46d5-85f6-3172b5f690ea-140737350539072","trial_id":77,"param_name":"ab_weight_scaling_omega","param_value_internal":0.0,"distribution":"{\"name\": \"FloatDistribution\", \"attributes\": {\"step\": null, \"low\": 0.0, \"high\": 0.0, \"log\": false}}"}
{"op_code":5,"worker_id":"65621591-6ed3-46d5-85f6-3172b5f690ea-140737350539072","trial_id":77,"param_name":"min_lr_rate","param_value_internal":0.0,"distribution":"{\"name\": \"FloatDistribution\", \"attributes\": {\"step\": null, \"low\": 0.0, \"high\": 0.0, \"log\": false}}"}
{"op_code":7,"worker_id":"65621591-6ed3-46d5-85f6-3172b5f690ea-140737350539072","trial_id":77,"step":1,"intermediate_value":0.0}
{"op_code":8,"worker_id":"65621591-6ed3-46d5-85f6-3172b5f690ea-140737350539072","trial_id":77,"user_attr":{"train_loss_epoch_1":27960816.133967392}}
{"op_code":8,"worker_id":"65621591-6ed3-46d5-85f6-3172b5f690ea-140737350539072","trial_id":77,"user_attr":{"val_loss_epoch_1":36982436.0}}
{"op_code":7,"worker_id":"65621591-6ed3-46d5-85f6-3172b5f690ea-140737350539072","trial_id":77,"step":2,"intermediate_value":0.0}
{"op_code":8,"worker_id":"65621591-6ed3-46d5-85f6-3172b5f690ea-140737350539072","trial_id":77,"user_attr":{"train_loss_epoch_2":24833930.812771738}}
{"op_code":8,"worker_id":"65621591-6ed3-46d5-85f6-3172b5f690ea-140737350539072","trial_id":77,"user_attr":{"val_loss_epoch_2":13993271.0}}
{"op_code":7,"worker_id":"65621591-6ed3-46d5-85f6-3172b5f690ea-140737350539072","trial_id":77,"step":3,"intermediate_value":81.22270742358079}
{"op_code":8,"worker_id":"65621591-6ed3-46d5-85f6-3172b5f690ea-140737350539072","trial_id":77,"user_attr":{"train_loss_epoch_3":21734417.348505434}}
{"op_code":8,"worker_id":"65621591-6ed3-46d5-85f6-3172b5f690ea-140737350539072","trial_id":77,"user_attr":{"val_loss_epoch_3":13331609.0}}
{"op_code":7,"worker_id":"65621591-6ed3-46d5-85f6-3172b5f690ea-140737350539072","trial_id":77,"step":4,"intermediate_value":81.22270742358079}
{"op_code":8,"worker_id":"65621591-6ed3-46d5-85f6-3172b5f690ea-140737350539072","trial_id":77,"user_attr":{"train_loss_epoch_4":19016772.100713316}}
{"op_code":8,"worker_id":"65621591-6ed3-46d5-85f6-3172b5f690ea-140737350539072","trial_id":77,"user_attr":{"val_loss_epoch_4":1565985.125}}
{"op_code":7,"worker_id":"65621591-6ed3-46d5-85f6-3172b5f690ea-140737350539072","trial_id":77,"step":5,"intermediate_value":81.22270742358079}
{"op_code":8,"worker_id":"65621591-6ed3-46d5-85f6-3172b5f690ea-140737350539072","trial_id":77,"user_attr":{"train_loss_epoch_5":16995428.482065216}}
{"op_code":8,"worker_id":"65621591-6ed3-46d5-85f6-3172b5f690ea-140737350539072","trial_id":77,"user_attr":{"val_loss_epoch_5":8639055.0}}
{"op_code":7,"worker_id":"65621591-6ed3-46d5-85f6-3172b5f690ea-140737350539072","trial_id":77,"step":6,"intermediate_value":81.22270742358079}
{"op_code":8,"worker_id":"65621591-6ed3-46d5-85f6-3172b5f690ea-140737350539072","trial_id":77,"user_attr":{"train_loss_epoch_6":14645107.852038043}}
{"op_code":8,"worker_id":"65621591-6ed3-46d5-85f6-3172b5f690ea-140737350539072","trial_id":77,"user_attr":{"val_loss_epoch_6":10742787.5}}
{"op_code":6,"worker_id":"65621591-6ed3-46d5-85f6-3172b5f690ea-140737350539072","trial_id":77,"state":1,"values":[81.22270742358079],"datetime_complete":"2026-02-22T01:16:16.072690"}
{"op_code":4,"worker_id":"65621591-6ed3-46d5-85f6-3172b5f690ea-140737350539072","study_id":0,"datetime_start":"2026-02-22T01:16:16.082569"}
{"op_code":5,"worker_id":"65621591-6ed3-46d5-85f6-3172b5f690ea-140737350539072","trial_id":78,"param_name":"learning_rate","param_value_internal":0.01001788524564986,"distribution":"{\"name\": \"FloatDistribution\", \"attributes\": {\"step\": null, \"low\": 0.001, \"high\": 10.0, \"log\": true}}"}
{"op_code":5,"worker_id":"65621591-6ed3-46d5-85f6-3172b5f690ea-140737350539072","trial_id":78,"param_name":"transfer_lr","param_value_internal":0.0001,"distribution":"{\"name\": \"FloatDistribution\", \"attributes\": {\"step\": null, \"low\": 0.0001, \"high\": 100.0, \"log\": true}}"}
{"op_code":5,"worker_id":"65621591-6ed3-46d5-85f6-3172b5f690ea-140737350539072","trial_id":78,"param_name":"transfer_every","param_value_internal":32000.0,"distribution":"{\"name\": \"IntDistribution\", \"attributes\": {\"log\": true, \"step\": 1, \"low\": 64, \"high\": 32000}}"}
{"op_code":5,"worker_id":"65621591-6ed3-46d5-85f6-3172b5f690ea-140737350539072","trial_id":78,"param_name":"rank_exp","param_value_internal":5.0,"distribution":"{\"name\": \"IntDistribution\", \"attributes\": {\"log\": false, \"step\": 1, \"low\": 0, \"high\": 5}}"}
{"op_code":5,"worker_id":"65621591-6ed3-46d5-85f6-3172b5f690ea-140737350539072","trial_id":78,"param_name":"lora_alpha","param_value_internal":0.9889681111509631,"distribution":"{\"name\": \"FloatDistribution\", \"attributes\": {\"step\": null, \"low\": 0.0001, \"high\": 100.0, \"log\": true}}"}
{"op_code":5,"worker_id":"65621591-6ed3-46d5-85f6-3172b5f690ea-140737350539072","trial_id":78,"param_name":"tau_sec","param_value_internal":0.0,"distribution":"{\"name\": \"FloatDistribution\", \"attributes\": {\"step\": null, \"low\": 0.0, \"high\": 0.0, \"log\": false}}"}
{"op_code":5,"worker_id":"65621591-6ed3-46d5-85f6-3172b5f690ea-140737350539072","trial_id":78,"param_name":"out_noise","param_value_internal":0.0,"distribution":"{\"name\": \"FloatDistribution\", \"attributes\": {\"step\": null, \"low\": 0.0, \"high\": 0.0, \"log\": false}}"}
{"op_code":5,"worker_id":"65621591-6ed3-46d5-85f6-3172b5f690ea-140737350539072","trial_id":78,"param_name":"ab_weight_scaling_omega","param_value_internal":0.0,"distribution":"{\"name\": \"FloatDistribution\", \"attributes\": {\"step\": null, \"low\": 0.0, \"high\": 0.0, \"log\": false}}"}
{"op_code":5,"worker_id":"65621591-6ed3-46d5-85f6-3172b5f690ea-140737350539072","trial_id":78,"param_name":"min_lr_rate","param_value_internal":0.0,"distribution":"{\"name\": \"FloatDistribution\", \"attributes\": {\"step\": null, \"low\": 0.0, \"high\": 0.0, \"log\": false}}"}
{"op_code":7,"worker_id":"65621591-6ed3-46d5-85f6-3172b5f690ea-140737350539072","trial_id":78,"step":1,"intermediate_value":81.22270742358079}
{"op_code":8,"worker_id":"65621591-6ed3-46d5-85f6-3172b5f690ea-140737350539072","trial_id":78,"user_attr":{"train_loss_epoch_1":22559983.929891303}}
{"op_code":8,"worker_id":"65621591-6ed3-46d5-85f6-3172b5f690ea-140737350539072","trial_id":78,"user_attr":{"val_loss_epoch_1":11090343.5}}
{"op_code":7,"worker_id":"65621591-6ed3-46d5-85f6-3172b5f690ea-140737350539072","trial_id":78,"step":2,"intermediate_value":81.22270742358079}
{"op_code":8,"worker_id":"65621591-6ed3-46d5-85f6-3172b5f690ea-140737350539072","trial_id":78,"user_attr":{"train_loss_epoch_2":4043729.672970448}}
{"op_code":8,"worker_id":"65621591-6ed3-46d5-85f6-3172b5f690ea-140737350539072","trial_id":78,"user_attr":{"val_loss_epoch_2":32899.30078125}}
{"op_code":7,"worker_id":"65621591-6ed3-46d5-85f6-3172b5f690ea-140737350539072","trial_id":78,"step":3,"intermediate_value":81.22270742358079}
{"op_code":8,"worker_id":"65621591-6ed3-46d5-85f6-3172b5f690ea-140737350539072","trial_id":78,"user_attr":{"train_loss_epoch_3":168847.01637652854}}
{"op_code":8,"worker_id":"65621591-6ed3-46d5-85f6-3172b5f690ea-140737350539072","trial_id":78,"user_attr":{"val_loss_epoch_3":53665.01953125}}
{"op_code":7,"worker_id":"65621591-6ed3-46d5-85f6-3172b5f690ea-140737350539072","trial_id":78,"step":4,"intermediate_value":81.22270742358079}
{"op_code":8,"worker_id":"65621591-6ed3-46d5-85f6-3172b5f690ea-140737350539072","trial_id":78,"user_attr":{"train_loss_epoch_4":165588.87717391303}}
{"op_code":8,"worker_id":"65621591-6ed3-46d5-85f6-3172b5f690ea-140737350539072","trial_id":78,"user_attr":{"val_loss_epoch_4":7921.061279296875}}
{"op_code":7,"worker_id":"65621591-6ed3-46d5-85f6-3172b5f690ea-140737350539072","trial_id":78,"step":5,"intermediate_value":81.22270742358079}
{"op_code":8,"worker_id":"65621591-6ed3-46d5-85f6-3172b5f690ea-140737350539072","trial_id":78,"user_attr":{"train_loss_epoch_5":148601.94381793478}}
{"op_code":8,"worker_id":"65621591-6ed3-46d5-85f6-3172b5f690ea-140737350539072","trial_id":78,"user_attr":{"val_loss_epoch_5":97487.05859375}}
{"op_code":7,"worker_id":"65621591-6ed3-46d5-85f6-3172b5f690ea-140737350539072","trial_id":78,"step":6,"intermediate_value":81.22270742358079}
{"op_code":8,"worker_id":"65621591-6ed3-46d5-85f6-3172b5f690ea-140737350539072","trial_id":78,"user_attr":{"train_loss_epoch_6":133597.14347826087}}
{"op_code":8,"worker_id":"65621591-6ed3-46d5-85f6-3172b5f690ea-140737350539072","trial_id":78,"user_attr":{"val_loss_epoch_6":66373.466796875}}
{"op_code":6,"worker_id":"65621591-6ed3-46d5-85f6-3172b5f690ea-140737350539072","trial_id":78,"state":1,"values":[81.22270742358079],"datetime_complete":"2026-02-22T01:18:41.679112"}
{"op_code":4,"worker_id":"65621591-6ed3-46d5-85f6-3172b5f690ea-140737350539072","study_id":0,"datetime_start":"2026-02-22T01:18:41.688506"}
{"op_code":5,"worker_id":"65621591-6ed3-46d5-85f6-3172b5f690ea-140737350539072","trial_id":79,"param_name":"learning_rate","param_value_internal":0.0024013185930956116,"distribution":"{\"name\": \"FloatDistribution\", \"attributes\": {\"step\": null, \"low\": 0.001, \"high\": 10.0, \"log\": true}}"}
{"op_code":5,"worker_id":"65621591-6ed3-46d5-85f6-3172b5f690ea-140737350539072","trial_id":79,"param_name":"transfer_lr","param_value_internal":0.13227844503113714,"distribution":"{\"name\": \"FloatDistribution\", \"attributes\": {\"step\": null, \"low\": 0.0001, \"high\": 100.0, \"log\": true}}"}
{"op_code":5,"worker_id":"65621591-6ed3-46d5-85f6-3172b5f690ea-140737350539072","trial_id":79,"param_name":"transfer_every","param_value_internal":32000.0,"distribution":"{\"name\": \"IntDistribution\", \"attributes\": {\"log\": true, \"step\": 1, \"low\": 64, \"high\": 32000}}"}
{"op_code":5,"worker_id":"65621591-6ed3-46d5-85f6-3172b5f690ea-140737350539072","trial_id":79,"param_name":"rank_exp","param_value_internal":2.0,"distribution":"{\"name\": \"IntDistribution\", \"attributes\": {\"log\": false, \"step\": 1, \"low\": 0, \"high\": 5}}"}
{"op_code":5,"worker_id":"65621591-6ed3-46d5-85f6-3172b5f690ea-140737350539072","trial_id":79,"param_name":"lora_alpha","param_value_internal":0.054081649879758914,"distribution":"{\"name\": \"FloatDistribution\", \"attributes\": {\"step\": null, \"low\": 0.0001, \"high\": 100.0, \"log\": true}}"}
{"op_code":5,"worker_id":"65621591-6ed3-46d5-85f6-3172b5f690ea-140737350539072","trial_id":79,"param_name":"tau_sec","param_value_internal":0.0,"distribution":"{\"name\": \"FloatDistribution\", \"attributes\": {\"step\": null, \"low\": 0.0, \"high\": 0.0, \"log\": false}}"}
{"op_code":5,"worker_id":"65621591-6ed3-46d5-85f6-3172b5f690ea-140737350539072","trial_id":79,"param_name":"out_noise","param_value_internal":0.0,"distribution":"{\"name\": \"FloatDistribution\", \"attributes\": {\"step\": null, \"low\": 0.0, \"high\": 0.0, \"log\": false}}"}
{"op_code":5,"worker_id":"65621591-6ed3-46d5-85f6-3172b5f690ea-140737350539072","trial_id":79,"param_name":"ab_weight_scaling_omega","param_value_internal":0.0,"distribution":"{\"name\": \"FloatDistribution\", \"attributes\": {\"step\": null, \"low\": 0.0, \"high\": 0.0, \"log\": false}}"}
{"op_code":5,"worker_id":"65621591-6ed3-46d5-85f6-3172b5f690ea-140737350539072","trial_id":79,"param_name":"min_lr_rate","param_value_internal":0.0,"distribution":"{\"name\": \"FloatDistribution\", \"attributes\": {\"step\": null, \"low\": 0.0, \"high\": 0.0, \"log\": false}}"}
{"op_code":7,"worker_id":"65621591-6ed3-46d5-85f6-3172b5f690ea-140737350539072","trial_id":79,"step":1,"intermediate_value":81.22270742358079}
{"op_code":8,"worker_id":"65621591-6ed3-46d5-85f6-3172b5f690ea-140737350539072","trial_id":79,"user_attr":{"train_loss_epoch_1":26319678.038858697}}
{"op_code":8,"worker_id":"65621591-6ed3-46d5-85f6-3172b5f690ea-140737350539072","trial_id":79,"user_attr":{"val_loss_epoch_1":14544511.0}}
{"op_code":7,"worker_id":"65621591-6ed3-46d5-85f6-3172b5f690ea-140737350539072","trial_id":79,"step":2,"intermediate_value":81.22270742358079}
{"op_code":8,"worker_id":"65621591-6ed3-46d5-85f6-3172b5f690ea-140737350539072","trial_id":79,"user_attr":{"train_loss_epoch_2":21557777.64646739}}
{"op_code":8,"worker_id":"65621591-6ed3-46d5-85f6-3172b5f690ea-140737350539072","trial_id":79,"user_attr":{"val_loss_epoch_2":11960681.5}}
{"op_code":7,"worker_id":"65621591-6ed3-46d5-85f6-3172b5f690ea-140737350539072","trial_id":79,"step":3,"intermediate_value":81.22270742358079}
{"op_code":8,"worker_id":"65621591-6ed3-46d5-85f6-3172b5f690ea-140737350539072","trial_id":79,"user_attr":{"train_loss_epoch_3":17572460.892391305}}
{"op_code":8,"worker_id":"65621591-6ed3-46d5-85f6-3172b5f690ea-140737350539072","trial_id":79,"user_attr":{"val_loss_epoch_3":9234954.0}}
{"op_code":7,"worker_id":"65621591-6ed3-46d5-85f6-3172b5f690ea-140737350539072","trial_id":79,"step":4,"intermediate_value":81.22270742358079}
{"op_code":8,"worker_id":"65621591-6ed3-46d5-85f6-3172b5f690ea-140737350539072","trial_id":79,"user_attr":{"train_loss_epoch_4":12166556.000883153}}
{"op_code":8,"worker_id":"65621591-6ed3-46d5-85f6-3172b5f690ea-140737350539072","trial_id":79,"user_attr":{"val_loss_epoch_4":5752810.75}}
{"op_code":7,"worker_id":"65621591-6ed3-46d5-85f6-3172b5f690ea-140737350539072","trial_id":79,"step":5,"intermediate_value":81.22270742358079}
{"op_code":8,"worker_id":"65621591-6ed3-46d5-85f6-3172b5f690ea-140737350539072","trial_id":79,"user_attr":{"train_loss_epoch_5":8320480.6834918475}}
{"op_code":8,"worker_id":"65621591-6ed3-46d5-85f6-3172b5f690ea-140737350539072","trial_id":79,"user_attr":{"val_loss_epoch_5":6984207.25}}
{"op_code":7,"worker_id":"65621591-6ed3-46d5-85f6-3172b5f690ea-140737350539072","trial_id":79,"step":6,"intermediate_value":81.22270742358079}
{"op_code":8,"worker_id":"65621591-6ed3-46d5-85f6-3172b5f690ea-140737350539072","trial_id":79,"user_attr":{"train_loss_epoch_6":4619013.18451087}}
{"op_code":8,"worker_id":"65621591-6ed3-46d5-85f6-3172b5f690ea-140737350539072","trial_id":79,"user_attr":{"val_loss_epoch_6":1392984.5}}
{"op_code":7,"worker_id":"65621591-6ed3-46d5-85f6-3172b5f690ea-140737350539072","trial_id":79,"step":7,"intermediate_value":81.22270742358079}
{"op_code":8,"worker_id":"65621591-6ed3-46d5-85f6-3172b5f690ea-140737350539072","trial_id":79,"user_attr":{"train_loss_epoch_7":1556204.0585258151}}
{"op_code":8,"worker_id":"65621591-6ed3-46d5-85f6-3172b5f690ea-140737350539072","trial_id":79,"user_attr":{"val_loss_epoch_7":39568.70703125}}
{"op_code":7,"worker_id":"65621591-6ed3-46d5-85f6-3172b5f690ea-140737350539072","trial_id":79,"step":8,"intermediate_value":81.22270742358079}
{"op_code":8,"worker_id":"65621591-6ed3-46d5-85f6-3172b5f690ea-140737350539072","trial_id":79,"user_attr":{"train_loss_epoch_8":238438.8852092577}}
{"op_code":8,"worker_id":"65621591-6ed3-46d5-85f6-3172b5f690ea-140737350539072","trial_id":79,"user_attr":{"val_loss_epoch_8":38219.77734375}}
{"op_code":7,"worker_id":"65621591-6ed3-46d5-85f6-3172b5f690ea-140737350539072","trial_id":79,"step":9,"intermediate_value":81.22270742358079}
{"op_code":8,"worker_id":"65621591-6ed3-46d5-85f6-3172b5f690ea-140737350539072","trial_id":79,"user_attr":{"train_loss_epoch_9":22223.59735890264}}
{"op_code":8,"worker_id":"65621591-6ed3-46d5-85f6-3172b5f690ea-140737350539072","trial_id":79,"user_attr":{"val_loss_epoch_9":8386.79345703125}}
{"op_code":7,"worker_id":"65621591-6ed3-46d5-85f6-3172b5f690ea-140737350539072","trial_id":79,"step":10,"intermediate_value":81.22270742358079}
{"op_code":8,"worker_id":"65621591-6ed3-46d5-85f6-3172b5f690ea-140737350539072","trial_id":79,"user_attr":{"train_loss_epoch_10":17317.443658115553}}
{"op_code":8,"worker_id":"65621591-6ed3-46d5-85f6-3172b5f690ea-140737350539072","trial_id":79,"user_attr":{"val_loss_epoch_10":10406.4736328125}}
{"op_code":7,"worker_id":"65621591-6ed3-46d5-85f6-3172b5f690ea-140737350539072","trial_id":79,"step":11,"intermediate_value":81.22270742358079}
{"op_code":8,"worker_id":"65621591-6ed3-46d5-85f6-3172b5f690ea-140737350539072","trial_id":79,"user_attr":{"train_loss_epoch_11":13654.825354800018}}
{"op_code":8,"worker_id":"65621591-6ed3-46d5-85f6-3172b5f690ea-140737350539072","trial_id":79,"user_attr":{"val_loss_epoch_11":4717.0283203125}}
{"op_code":7,"worker_id":"65621591-6ed3-46d5-85f6-3172b5f690ea-140737350539072","trial_id":79,"step":12,"intermediate_value":81.22270742358079}
{"op_code":8,"worker_id":"65621591-6ed3-46d5-85f6-3172b5f690ea-140737350539072","trial_id":79,"user_attr":{"train_loss_epoch_12":8964.01259712551}}
{"op_code":8,"worker_id":"65621591-6ed3-46d5-85f6-3172b5f690ea-140737350539072","trial_id":79,"user_attr":{"val_loss_epoch_12":3215.4764404296875}}
{"op_code":7,"worker_id":"65621591-6ed3-46d5-85f6-3172b5f690ea-140737350539072","trial_id":79,"step":13,"intermediate_value":81.22270742358079}
{"op_code":8,"worker_id":"65621591-6ed3-46d5-85f6-3172b5f690ea-140737350539072","trial_id":79,"user_attr":{"train_loss_epoch_13":6011.123307468581}}
{"op_code":8,"worker_id":"65621591-6ed3-46d5-85f6-3172b5f690ea-140737350539072","trial_id":79,"user_attr":{"val_loss_epoch_13":4671.6396484375}}
{"op_code":7,"worker_id":"65621591-6ed3-46d5-85f6-3172b5f690ea-140737350539072","trial_id":79,"step":14,"intermediate_value":81.22270742358079}
{"op_code":8,"worker_id":"65621591-6ed3-46d5-85f6-3172b5f690ea-140737350539072","trial_id":79,"user_attr":{"train_loss_epoch_14":1904.5205592767052}}
{"op_code":8,"worker_id":"65621591-6ed3-46d5-85f6-3172b5f690ea-140737350539072","trial_id":79,"user_attr":{"val_loss_epoch_14":0.8523068130016327}}
{"op_code":6,"worker_id":"65621591-6ed3-46d5-85f6-3172b5f690ea-140737350539072","trial_id":79,"state":1,"values":[81.22270742358079],"datetime_complete":"2026-02-22T01:23:30.499573"}
{"op_code":4,"worker_id":"65621591-6ed3-46d5-85f6-3172b5f690ea-140737350539072","study_id":0,"datetime_start":"2026-02-22T01:23:30.508807"}
{"op_code":5,"worker_id":"65621591-6ed3-46d5-85f6-3172b5f690ea-140737350539072","trial_id":80,"param_name":"learning_rate","param_value_internal":0.012913277269929416,"distribution":"{\"name\": \"FloatDistribution\", \"attributes\": {\"step\": null, \"low\": 0.001, \"high\": 10.0, \"log\": true}}"}
{"op_code":5,"worker_id":"65621591-6ed3-46d5-85f6-3172b5f690ea-140737350539072","trial_id":80,"param_name":"transfer_lr","param_value_internal":95.50058636738237,"distribution":"{\"name\": \"FloatDistribution\", \"attributes\": {\"step\": null, \"low\": 0.0001, \"high\": 100.0, \"log\": true}}"}
{"op_code":5,"worker_id":"65621591-6ed3-46d5-85f6-3172b5f690ea-140737350539072","trial_id":80,"param_name":"transfer_every","param_value_internal":64.0,"distribution":"{\"name\": \"IntDistribution\", \"attributes\": {\"log\": true, \"step\": 1, \"low\": 64, \"high\": 32000}}"}
{"op_code":5,"worker_id":"65621591-6ed3-46d5-85f6-3172b5f690ea-140737350539072","trial_id":80,"param_name":"rank_exp","param_value_internal":5.0,"distribution":"{\"name\": \"IntDistribution\", \"attributes\": {\"log\": false, \"step\": 1, \"low\": 0, \"high\": 5}}"}
{"op_code":5,"worker_id":"65621591-6ed3-46d5-85f6-3172b5f690ea-140737350539072","trial_id":80,"param_name":"lora_alpha","param_value_internal":0.0001,"distribution":"{\"name\": \"FloatDistribution\", \"attributes\": {\"step\": null, \"low\": 0.0001, \"high\": 100.0, \"log\": true}}"}
{"op_code":5,"worker_id":"65621591-6ed3-46d5-85f6-3172b5f690ea-140737350539072","trial_id":80,"param_name":"tau_sec","param_value_internal":0.0,"distribution":"{\"name\": \"FloatDistribution\", \"attributes\": {\"step\": null, \"low\": 0.0, \"high\": 0.0, \"log\": false}}"}
{"op_code":5,"worker_id":"65621591-6ed3-46d5-85f6-3172b5f690ea-140737350539072","trial_id":80,"param_name":"out_noise","param_value_internal":0.0,"distribution":"{\"name\": \"FloatDistribution\", \"attributes\": {\"step\": null, \"low\": 0.0, \"high\": 0.0, \"log\": false}}"}
{"op_code":5,"worker_id":"65621591-6ed3-46d5-85f6-3172b5f690ea-140737350539072","trial_id":80,"param_name":"ab_weight_scaling_omega","param_value_internal":0.0,"distribution":"{\"name\": \"FloatDistribution\", \"attributes\": {\"step\": null, \"low\": 0.0, \"high\": 0.0, \"log\": false}}"}
{"op_code":5,"worker_id":"65621591-6ed3-46d5-85f6-3172b5f690ea-140737350539072","trial_id":80,"param_name":"min_lr_rate","param_value_internal":0.0,"distribution":"{\"name\": \"FloatDistribution\", \"attributes\": {\"step\": null, \"low\": 0.0, \"high\": 0.0, \"log\": false}}"}
{"op_code":7,"worker_id":"65621591-6ed3-46d5-85f6-3172b5f690ea-140737350539072","trial_id":80,"step":1,"intermediate_value":81.22270742358079}
{"op_code":8,"worker_id":"65621591-6ed3-46d5-85f6-3172b5f690ea-140737350539072","trial_id":80,"user_attr":{"train_loss_epoch_1":21195602.013994563}}
{"op_code":8,"worker_id":"65621591-6ed3-46d5-85f6-3172b5f690ea-140737350539072","trial_id":80,"user_attr":{"val_loss_epoch_1":4242987.25}}
{"op_code":7,"worker_id":"65621591-6ed3-46d5-85f6-3172b5f690ea-140737350539072","trial_id":80,"step":2,"intermediate_value":81.22270742358079}
{"op_code":8,"worker_id":"65621591-6ed3-46d5-85f6-3172b5f690ea-140737350539072","trial_id":80,"user_attr":{"train_loss_epoch_2":1817559.8553976307}}
{"op_code":8,"worker_id":"65621591-6ed3-46d5-85f6-3172b5f690ea-140737350539072","trial_id":80,"user_attr":{"val_loss_epoch_2":196310.0546875}}
{"op_code":7,"worker_id":"65621591-6ed3-46d5-85f6-3172b5f690ea-140737350539072","trial_id":80,"step":3,"intermediate_value":81.22270742358079}
{"op_code":8,"worker_id":"65621591-6ed3-46d5-85f6-3172b5f690ea-140737350539072","trial_id":80,"user_attr":{"train_loss_epoch_3":238266.5257133152}}
{"op_code":8,"worker_id":"65621591-6ed3-46d5-85f6-3172b5f690ea-140737350539072","trial_id":80,"user_attr":{"val_loss_epoch_3":58552.658203125}}
{"op_code":7,"worker_id":"65621591-6ed3-46d5-85f6-3172b5f690ea-140737350539072","trial_id":80,"step":4,"intermediate_value":81.22270742358079}
{"op_code":8,"worker_id":"65621591-6ed3-46d5-85f6-3172b5f690ea-140737350539072","trial_id":80,"user_attr":{"train_loss_epoch_4":216093.8523097826}}
{"op_code":8,"worker_id":"65621591-6ed3-46d5-85f6-3172b5f690ea-140737350539072","trial_id":80,"user_attr":{"val_loss_epoch_4":136855.03125}}
{"op_code":7,"worker_id":"65621591-6ed3-46d5-85f6-3172b5f690ea-140737350539072","trial_id":80,"step":5,"intermediate_value":81.22270742358079}
{"op_code":8,"worker_id":"65621591-6ed3-46d5-85f6-3172b5f690ea-140737350539072","trial_id":80,"user_attr":{"train_loss_epoch_5":186661.299554178}}
{"op_code":8,"worker_id":"65621591-6ed3-46d5-85f6-3172b5f690ea-140737350539072","trial_id":80,"user_attr":{"val_loss_epoch_5":86232.01953125}}
{"op_code":6,"worker_id":"65621591-6ed3-46d5-85f6-3172b5f690ea-140737350539072","trial_id":80,"state":1,"values":[81.22270742358079],"datetime_complete":"2026-02-22T01:25:43.858459"}
{"op_code":4,"worker_id":"65621591-6ed3-46d5-85f6-3172b5f690ea-140737350539072","study_id":0,"datetime_start":"2026-02-22T01:25:43.897363"}
{"op_code":5,"worker_id":"65621591-6ed3-46d5-85f6-3172b5f690ea-140737350539072","trial_id":81,"param_name":"learning_rate","param_value_internal":0.008070414698368415,"distribution":"{\"name\": \"FloatDistribution\", \"attributes\": {\"step\": null, \"low\": 0.001, \"high\": 10.0, \"log\": true}}"}
{"op_code":5,"worker_id":"65621591-6ed3-46d5-85f6-3172b5f690ea-140737350539072","trial_id":81,"param_name":"transfer_lr","param_value_internal":1.8686794032954117,"distribution":"{\"name\": \"FloatDistribution\", \"attributes\": {\"step\": null, \"low\": 0.0001, \"high\": 100.0, \"log\": true}}"}
{"op_code":5,"worker_id":"65621591-6ed3-46d5-85f6-3172b5f690ea-140737350539072","trial_id":81,"param_name":"transfer_every","param_value_internal":32000.0,"distribution":"{\"name\": \"IntDistribution\", \"attributes\": {\"log\": true, \"step\": 1, \"low\": 64, \"high\": 32000}}"}
{"op_code":5,"worker_id":"65621591-6ed3-46d5-85f6-3172b5f690ea-140737350539072","trial_id":81,"param_name":"rank_exp","param_value_internal":3.0,"distribution":"{\"name\": \"IntDistribution\", \"attributes\": {\"log\": false, \"step\": 1, \"low\": 0, \"high\": 5}}"}
{"op_code":5,"worker_id":"65621591-6ed3-46d5-85f6-3172b5f690ea-140737350539072","trial_id":81,"param_name":"lora_alpha","param_value_internal":0.0001,"distribution":"{\"name\": \"FloatDistribution\", \"attributes\": {\"step\": null, \"low\": 0.0001, \"high\": 100.0, \"log\": true}}"}
{"op_code":5,"worker_id":"65621591-6ed3-46d5-85f6-3172b5f690ea-140737350539072","trial_id":81,"param_name":"tau_sec","param_value_internal":0.0,"distribution":"{\"name\": \"FloatDistribution\", \"attributes\": {\"step\": null, \"low\": 0.0, \"high\": 0.0, \"log\": false}}"}
{"op_code":5,"worker_id":"65621591-6ed3-46d5-85f6-3172b5f690ea-140737350539072","trial_id":81,"param_name":"out_noise","param_value_internal":0.0,"distribution":"{\"name\": \"FloatDistribution\", \"attributes\": {\"step\": null, \"low\": 0.0, \"high\": 0.0, \"log\": false}}"}
{"op_code":5,"worker_id":"65621591-6ed3-46d5-85f6-3172b5f690ea-140737350539072","trial_id":81,"param_name":"ab_weight_scaling_omega","param_value_internal":0.0,"distribution":"{\"name\": \"FloatDistribution\", \"attributes\": {\"step\": null, \"low\": 0.0, \"high\": 0.0, \"log\": false}}"}
{"op_code":5,"worker_id":"65621591-6ed3-46d5-85f6-3172b5f690ea-140737350539072","trial_id":81,"param_name":"min_lr_rate","param_value_internal":0.0,"distribution":"{\"name\": \"FloatDistribution\", \"attributes\": {\"step\": null, \"low\": 0.0, \"high\": 0.0, \"log\": false}}"}
{"op_code":7,"worker_id":"65621591-6ed3-46d5-85f6-3172b5f690ea-140737350539072","trial_id":81,"step":1,"intermediate_value":81.22270742358079}
{"op_code":8,"worker_id":"65621591-6ed3-46d5-85f6-3172b5f690ea-140737350539072","trial_id":81,"user_attr":{"train_loss_epoch_1":23369376.13240489}}
{"op_code":8,"worker_id":"65621591-6ed3-46d5-85f6-3172b5f690ea-140737350539072","trial_id":81,"user_attr":{"val_loss_epoch_1":11998689.5}}
{"op_code":7,"worker_id":"65621591-6ed3-46d5-85f6-3172b5f690ea-140737350539072","trial_id":81,"step":2,"intermediate_value":81.22270742358079}
{"op_code":8,"worker_id":"65621591-6ed3-46d5-85f6-3172b5f690ea-140737350539072","trial_id":81,"user_attr":{"train_loss_epoch_2":6975149.249932066}}
{"op_code":8,"worker_id":"65621591-6ed3-46d5-85f6-3172b5f690ea-140737350539072","trial_id":81,"user_attr":{"val_loss_epoch_2":251727.2734375}}
{"op_code":7,"worker_id":"65621591-6ed3-46d5-85f6-3172b5f690ea-140737350539072","trial_id":81,"step":3,"intermediate_value":81.22270742358079}
{"op_code":8,"worker_id":"65621591-6ed3-46d5-85f6-3172b5f690ea-140737350539072","trial_id":81,"user_attr":{"train_loss_epoch_3":151819.9217688519}}
{"op_code":8,"worker_id":"65621591-6ed3-46d5-85f6-3172b5f690ea-140737350539072","trial_id":81,"user_attr":{"val_loss_epoch_3":181891.2109375}}
{"op_code":7,"worker_id":"65621591-6ed3-46d5-85f6-3172b5f690ea-140737350539072","trial_id":81,"step":4,"intermediate_value":81.22270742358079}
{"op_code":8,"worker_id":"65621591-6ed3-46d5-85f6-3172b5f690ea-140737350539072","trial_id":81,"user_attr":{"train_loss_epoch_4":137082.86694972825}}
{"op_code":8,"worker_id":"65621591-6ed3-46d5-85f6-3172b5f690ea-140737350539072","trial_id":81,"user_attr":{"val_loss_epoch_4":77331.3828125}}
{"op_code":7,"worker_id":"65621591-6ed3-46d5-85f6-3172b5f690ea-140737350539072","trial_id":81,"step":5,"intermediate_value":81.22270742358079}
{"op_code":8,"worker_id":"65621591-6ed3-46d5-85f6-3172b5f690ea-140737350539072","trial_id":81,"user_attr":{"train_loss_epoch_5":122100.64754585597}}
{"op_code":8,"worker_id":"65621591-6ed3-46d5-85f6-3172b5f690ea-140737350539072","trial_id":81,"user_attr":{"val_loss_epoch_5":37315.6796875}}
{"op_code":7,"worker_id":"65621591-6ed3-46d5-85f6-3172b5f690ea-140737350539072","trial_id":81,"step":6,"intermediate_value":81.22270742358079}
{"op_code":8,"worker_id":"65621591-6ed3-46d5-85f6-3172b5f690ea-140737350539072","trial_id":81,"user_attr":{"train_loss_epoch_6":107927.13070652174}}
{"op_code":8,"worker_id":"65621591-6ed3-46d5-85f6-3172b5f690ea-140737350539072","trial_id":81,"user_attr":{"val_loss_epoch_6":10464.14306640625}}
{"op_code":7,"worker_id":"65621591-6ed3-46d5-85f6-3172b5f690ea-140737350539072","trial_id":81,"step":7,"intermediate_value":81.22270742358079}
{"op_code":8,"worker_id":"65621591-6ed3-46d5-85f6-3172b5f690ea-140737350539072","trial_id":81,"user_attr":{"train_loss_epoch_7":94463.75230129076}}
{"op_code":8,"worker_id":"65621591-6ed3-46d5-85f6-3172b5f690ea-140737350539072","trial_id":81,"user_attr":{"val_loss_epoch_7":8907.1435546875}}
{"op_code":7,"worker_id":"65621591-6ed3-46d5-85f6-3172b5f690ea-140737350539072","trial_id":81,"step":8,"intermediate_value":81.22270742358079}
{"op_code":8,"worker_id":"65621591-6ed3-46d5-85f6-3172b5f690ea-140737350539072","trial_id":81,"user_attr":{"train_loss_epoch_8":82070.82352984884}}
{"op_code":8,"worker_id":"65621591-6ed3-46d5-85f6-3172b5f690ea-140737350539072","trial_id":81,"user_attr":{"val_loss_epoch_8":23836.423828125}}
{"op_code":7,"worker_id":"65621591-6ed3-46d5-85f6-3172b5f690ea-140737350539072","trial_id":81,"step":9,"intermediate_value":81.22270742358079}
{"op_code":8,"worker_id":"65621591-6ed3-46d5-85f6-3172b5f690ea-140737350539072","trial_id":81,"user_attr":{"train_loss_epoch_9":72222.88109183933}}
{"op_code":8,"worker_id":"65621591-6ed3-46d5-85f6-3172b5f690ea-140737350539072","trial_id":81,"user_attr":{"val_loss_epoch_9":38035.36328125}}
{"op_code":6,"worker_id":"65621591-6ed3-46d5-85f6-3172b5f690ea-140737350539072","trial_id":81,"state":1,"values":[81.22270742358079],"datetime_complete":"2026-02-22T01:29:08.695218"}
{"op_code":4,"worker_id":"65621591-6ed3-46d5-85f6-3172b5f690ea-140737350539072","study_id":0,"datetime_start":"2026-02-22T01:29:08.737428"}
{"op_code":5,"worker_id":"65621591-6ed3-46d5-85f6-3172b5f690ea-140737350539072","trial_id":82,"param_name":"learning_rate","param_value_internal":0.002408800698754197,"distribution":"{\"name\": \"FloatDistribution\", \"attributes\": {\"step\": null, \"low\": 0.001, \"high\": 10.0, \"log\": true}}"}
{"op_code":5,"worker_id":"65621591-6ed3-46d5-85f6-3172b5f690ea-140737350539072","trial_id":82,"param_name":"transfer_lr","param_value_internal":0.005749428724346616,"distribution":"{\"name\": \"FloatDistribution\", \"attributes\": {\"step\": null, \"low\": 0.0001, \"high\": 100.0, \"log\": true}}"}
{"op_code":5,"worker_id":"65621591-6ed3-46d5-85f6-3172b5f690ea-140737350539072","trial_id":82,"param_name":"transfer_every","param_value_internal":64.0,"distribution":"{\"name\": \"IntDistribution\", \"attributes\": {\"log\": true, \"step\": 1, \"low\": 64, \"high\": 32000}}"}
{"op_code":5,"worker_id":"65621591-6ed3-46d5-85f6-3172b5f690ea-140737350539072","trial_id":82,"param_name":"rank_exp","param_value_internal":1.0,"distribution":"{\"name\": \"IntDistribution\", \"attributes\": {\"log\": false, \"step\": 1, \"low\": 0, \"high\": 5}}"}
{"op_code":5,"worker_id":"65621591-6ed3-46d5-85f6-3172b5f690ea-140737350539072","trial_id":82,"param_name":"lora_alpha","param_value_internal":90.50021510445333,"distribution":"{\"name\": \"FloatDistribution\", \"attributes\": {\"step\": null, \"low\": 0.0001, \"high\": 100.0, \"log\": true}}"}
{"op_code":5,"worker_id":"65621591-6ed3-46d5-85f6-3172b5f690ea-140737350539072","trial_id":82,"param_name":"tau_sec","param_value_internal":0.0,"distribution":"{\"name\": \"FloatDistribution\", \"attributes\": {\"step\": null, \"low\": 0.0, \"high\": 0.0, \"log\": false}}"}
{"op_code":5,"worker_id":"65621591-6ed3-46d5-85f6-3172b5f690ea-140737350539072","trial_id":82,"param_name":"out_noise","param_value_internal":0.0,"distribution":"{\"name\": \"FloatDistribution\", \"attributes\": {\"step\": null, \"low\": 0.0, \"high\": 0.0, \"log\": false}}"}
{"op_code":5,"worker_id":"65621591-6ed3-46d5-85f6-3172b5f690ea-140737350539072","trial_id":82,"param_name":"ab_weight_scaling_omega","param_value_internal":0.0,"distribution":"{\"name\": \"FloatDistribution\", \"attributes\": {\"step\": null, \"low\": 0.0, \"high\": 0.0, \"log\": false}}"}
{"op_code":5,"worker_id":"65621591-6ed3-46d5-85f6-3172b5f690ea-140737350539072","trial_id":82,"param_name":"min_lr_rate","param_value_internal":0.0,"distribution":"{\"name\": \"FloatDistribution\", \"attributes\": {\"step\": null, \"low\": 0.0, \"high\": 0.0, \"log\": false}}"}
{"op_code":7,"worker_id":"65621591-6ed3-46d5-85f6-3172b5f690ea-140737350539072","trial_id":82,"step":1,"intermediate_value":81.22270742358079}
{"op_code":8,"worker_id":"65621591-6ed3-46d5-85f6-3172b5f690ea-140737350539072","trial_id":82,"user_attr":{"train_loss_epoch_1":25428280.143410325}}
{"op_code":8,"worker_id":"65621591-6ed3-46d5-85f6-3172b5f690ea-140737350539072","trial_id":82,"user_attr":{"val_loss_epoch_1":22502593.0}}
{"op_code":7,"worker_id":"65621591-6ed3-46d5-85f6-3172b5f690ea-140737350539072","trial_id":82,"step":2,"intermediate_value":81.22270742358079}
{"op_code":8,"worker_id":"65621591-6ed3-46d5-85f6-3172b5f690ea-140737350539072","trial_id":82,"user_attr":{"train_loss_epoch_2":22157967.321807064}}
{"op_code":8,"worker_id":"65621591-6ed3-46d5-85f6-3172b5f690ea-140737350539072","trial_id":82,"user_attr":{"val_loss_epoch_2":10305390.0}}
{"op_code":7,"worker_id":"65621591-6ed3-46d5-85f6-3172b5f690ea-140737350539072","trial_id":82,"step":3,"intermediate_value":81.22270742358079}
{"op_code":8,"worker_id":"65621591-6ed3-46d5-85f6-3172b5f690ea-140737350539072","trial_id":82,"user_attr":{"train_loss_epoch_3":16844617.140625}}
{"op_code":8,"worker_id":"65621591-6ed3-46d5-85f6-3172b5f690ea-140737350539072","trial_id":82,"user_attr":{"val_loss_epoch_3":21468643.0}}
{"op_code":7,"worker_id":"65621591-6ed3-46d5-85f6-3172b5f690ea-140737350539072","trial_id":82,"step":4,"intermediate_value":81.22270742358079}
{"op_code":8,"worker_id":"65621591-6ed3-46d5-85f6-3172b5f690ea-140737350539072","trial_id":82,"user_attr":{"train_loss_epoch_4":12720537.187992528}}
{"op_code":8,"worker_id":"65621591-6ed3-46d5-85f6-3172b5f690ea-140737350539072","trial_id":82,"user_attr":{"val_loss_epoch_4":9403159.5}}
{"op_code":7,"worker_id":"65621591-6ed3-46d5-85f6-3172b5f690ea-140737350539072","trial_id":82,"step":5,"intermediate_value":81.22270742358079}
{"op_code":8,"worker_id":"65621591-6ed3-46d5-85f6-3172b5f690ea-140737350539072","trial_id":82,"user_attr":{"train_loss_epoch_5":8263828.495380435}}
{"op_code":8,"worker_id":"65621591-6ed3-46d5-85f6-3172b5f690ea-140737350539072","trial_id":82,"user_attr":{"val_loss_epoch_5":4706703.5}}
{"op_code":7,"worker_id":"65621591-6ed3-46d5-85f6-3172b5f690ea-140737350539072","trial_id":82,"step":6,"intermediate_value":81.22270742358079}
{"op_code":8,"worker_id":"65621591-6ed3-46d5-85f6-3172b5f690ea-140737350539072","trial_id":82,"user_attr":{"train_loss_epoch_6":4870027.299913239}}
{"op_code":8,"worker_id":"65621591-6ed3-46d5-85f6-3172b5f690ea-140737350539072","trial_id":82,"user_attr":{"val_loss_epoch_6":3320401.75}}
{"op_code":7,"worker_id":"65621591-6ed3-46d5-85f6-3172b5f690ea-140737350539072","trial_id":82,"step":7,"intermediate_value":81.22270742358079}
{"op_code":8,"worker_id":"65621591-6ed3-46d5-85f6-3172b5f690ea-140737350539072","trial_id":82,"user_attr":{"train_loss_epoch_7":1590135.4125339673}}
{"op_code":8,"worker_id":"65621591-6ed3-46d5-85f6-3172b5f690ea-140737350539072","trial_id":82,"user_attr":{"val_loss_epoch_7":795252.90625}}
{"op_code":7,"worker_id":"65621591-6ed3-46d5-85f6-3172b5f690ea-140737350539072","trial_id":82,"step":8,"intermediate_value":81.22270742358079}
{"op_code":8,"worker_id":"65621591-6ed3-46d5-85f6-3172b5f690ea-140737350539072","trial_id":82,"user_attr":{"train_loss_epoch_8":254600.81579881752}}
{"op_code":8,"worker_id":"65621591-6ed3-46d5-85f6-3172b5f690ea-140737350539072","trial_id":82,"user_attr":{"val_loss_epoch_8":34206.283203125}}
{"op_code":7,"worker_id":"65621591-6ed3-46d5-85f6-3172b5f690ea-140737350539072","trial_id":82,"step":9,"intermediate_value":81.22270742358079}
{"op_code":8,"worker_id":"65621591-6ed3-46d5-85f6-3172b5f690ea-140737350539072","trial_id":82,"user_attr":{"train_loss_epoch_9":21150.47150918712}}
{"op_code":8,"worker_id":"65621591-6ed3-46d5-85f6-3172b5f690ea-140737350539072","trial_id":82,"user_attr":{"val_loss_epoch_9":17068.73828125}}
{"op_code":7,"worker_id":"65621591-6ed3-46d5-85f6-3172b5f690ea-140737350539072","trial_id":82,"step":10,"intermediate_value":81.22270742358079}
{"op_code":8,"worker_id":"65621591-6ed3-46d5-85f6-3172b5f690ea-140737350539072","trial_id":82,"user_attr":{"train_loss_epoch_10":17658.267702052904}}
{"op_code":8,"worker_id":"65621591-6ed3-46d5-85f6-3172b5f690ea-140737350539072","trial_id":82,"user_attr":{"val_loss_epoch_10":4867.536865234375}}
{"op_code":7,"worker_id":"65621591-6ed3-46d5-85f6-3172b5f690ea-140737350539072","trial_id":82,"step":11,"intermediate_value":81.22270742358079}
{"op_code":8,"worker_id":"65621591-6ed3-46d5-85f6-3172b5f690ea-140737350539072","trial_id":82,"user_attr":{"train_loss_epoch_11":14301.07631411345}}
{"op_code":8,"worker_id":"65621591-6ed3-46d5-85f6-3172b5f690ea-140737350539072","trial_id":82,"user_attr":{"val_loss_epoch_11":9293.78271484375}}
{"op_code":7,"worker_id":"65621591-6ed3-46d5-85f6-3172b5f690ea-140737350539072","trial_id":82,"step":12,"intermediate_value":81.22270742358079}
{"op_code":8,"worker_id":"65621591-6ed3-46d5-85f6-3172b5f690ea-140737350539072","trial_id":82,"user_attr":{"train_loss_epoch_12":8315.356817975251}}
{"op_code":8,"worker_id":"65621591-6ed3-46d5-85f6-3172b5f690ea-140737350539072","trial_id":82,"user_attr":{"val_loss_epoch_12":1697.443603515625}}
{"op_code":7,"worker_id":"65621591-6ed3-46d5-85f6-3172b5f690ea-140737350539072","trial_id":82,"step":13,"intermediate_value":81.22270742358079}
{"op_code":8,"worker_id":"65621591-6ed3-46d5-85f6-3172b5f690ea-140737350539072","trial_id":82,"user_attr":{"train_loss_epoch_13":5509.990482761549}}
{"op_code":8,"worker_id":"65621591-6ed3-46d5-85f6-3172b5f690ea-140737350539072","trial_id":82,"user_attr":{"val_loss_epoch_13":464.8893127441406}}
{"op_code":7,"worker_id":"65621591-6ed3-46d5-85f6-3172b5f690ea-140737350539072","trial_id":82,"step":14,"intermediate_value":81.22270742358079}
{"op_code":8,"worker_id":"65621591-6ed3-46d5-85f6-3172b5f690ea-140737350539072","trial_id":82,"user_attr":{"train_loss_epoch_14":1664.026849079132}}
{"op_code":8,"worker_id":"65621591-6ed3-46d5-85f6-3172b5f690ea-140737350539072","trial_id":82,"user_attr":{"val_loss_epoch_14":0.6762613356113434}}
{"op_code":6,"worker_id":"65621591-6ed3-46d5-85f6-3172b5f690ea-140737350539072","trial_id":82,"state":1,"values":[81.22270742358079],"datetime_complete":"2026-02-22T01:33:56.361042"}
{"op_code":4,"worker_id":"65621591-6ed3-46d5-85f6-3172b5f690ea-140737350539072","study_id":0,"datetime_start":"2026-02-22T01:33:56.370413"}
{"op_code":5,"worker_id":"65621591-6ed3-46d5-85f6-3172b5f690ea-140737350539072","trial_id":83,"param_name":"learning_rate","param_value_internal":0.012819153459653235,"distribution":"{\"name\": \"FloatDistribution\", \"attributes\": {\"step\": null, \"low\": 0.001, \"high\": 10.0, \"log\": true}}"}
{"op_code":5,"worker_id":"65621591-6ed3-46d5-85f6-3172b5f690ea-140737350539072","trial_id":83,"param_name":"transfer_lr","param_value_internal":95.50058636738237,"distribution":"{\"name\": \"FloatDistribution\", \"attributes\": {\"step\": null, \"low\": 0.0001, \"high\": 100.0, \"log\": true}}"}
{"op_code":5,"worker_id":"65621591-6ed3-46d5-85f6-3172b5f690ea-140737350539072","trial_id":83,"param_name":"transfer_every","param_value_internal":64.0,"distribution":"{\"name\": \"IntDistribution\", \"attributes\": {\"log\": true, \"step\": 1, \"low\": 64, \"high\": 32000}}"}
{"op_code":5,"worker_id":"65621591-6ed3-46d5-85f6-3172b5f690ea-140737350539072","trial_id":83,"param_name":"rank_exp","param_value_internal":5.0,"distribution":"{\"name\": \"IntDistribution\", \"attributes\": {\"log\": false, \"step\": 1, \"low\": 0, \"high\": 5}}"}
{"op_code":5,"worker_id":"65621591-6ed3-46d5-85f6-3172b5f690ea-140737350539072","trial_id":83,"param_name":"lora_alpha","param_value_internal":0.0001,"distribution":"{\"name\": \"FloatDistribution\", \"attributes\": {\"step\": null, \"low\": 0.0001, \"high\": 100.0, \"log\": true}}"}
{"op_code":5,"worker_id":"65621591-6ed3-46d5-85f6-3172b5f690ea-140737350539072","trial_id":83,"param_name":"tau_sec","param_value_internal":0.0,"distribution":"{\"name\": \"FloatDistribution\", \"attributes\": {\"step\": null, \"low\": 0.0, \"high\": 0.0, \"log\": false}}"}
{"op_code":5,"worker_id":"65621591-6ed3-46d5-85f6-3172b5f690ea-140737350539072","trial_id":83,"param_name":"out_noise","param_value_internal":0.0,"distribution":"{\"name\": \"FloatDistribution\", \"attributes\": {\"step\": null, \"low\": 0.0, \"high\": 0.0, \"log\": false}}"}
{"op_code":5,"worker_id":"65621591-6ed3-46d5-85f6-3172b5f690ea-140737350539072","trial_id":83,"param_name":"ab_weight_scaling_omega","param_value_internal":0.0,"distribution":"{\"name\": \"FloatDistribution\", \"attributes\": {\"step\": null, \"low\": 0.0, \"high\": 0.0, \"log\": false}}"}
{"op_code":5,"worker_id":"65621591-6ed3-46d5-85f6-3172b5f690ea-140737350539072","trial_id":83,"param_name":"min_lr_rate","param_value_internal":0.0,"distribution":"{\"name\": \"FloatDistribution\", \"attributes\": {\"step\": null, \"low\": 0.0, \"high\": 0.0, \"log\": false}}"}
{"op_code":7,"worker_id":"65621591-6ed3-46d5-85f6-3172b5f690ea-140737350539072","trial_id":83,"step":1,"intermediate_value":81.22270742358079}
{"op_code":8,"worker_id":"65621591-6ed3-46d5-85f6-3172b5f690ea-140737350539072","trial_id":83,"user_attr":{"train_loss_epoch_1":21694790.684442934}}
{"op_code":8,"worker_id":"65621591-6ed3-46d5-85f6-3172b5f690ea-140737350539072","trial_id":83,"user_attr":{"val_loss_epoch_1":2089337.3125}}
{"op_code":7,"worker_id":"65621591-6ed3-46d5-85f6-3172b5f690ea-140737350539072","trial_id":83,"step":2,"intermediate_value":81.22270742358079}
{"op_code":8,"worker_id":"65621591-6ed3-46d5-85f6-3172b5f690ea-140737350539072","trial_id":83,"user_attr":{"train_loss_epoch_2":1972262.1139521059}}
{"op_code":8,"worker_id":"65621591-6ed3-46d5-85f6-3172b5f690ea-140737350539072","trial_id":83,"user_attr":{"val_loss_epoch_2":106836.3203125}}
{"op_code":7,"worker_id":"65621591-6ed3-46d5-85f6-3172b5f690ea-140737350539072","trial_id":83,"step":3,"intermediate_value":81.22270742358079}
{"op_code":8,"worker_id":"65621591-6ed3-46d5-85f6-3172b5f690ea-140737350539072","trial_id":83,"user_attr":{"train_loss_epoch_3":245792.78269361414}}
{"op_code":8,"worker_id":"65621591-6ed3-46d5-85f6-3172b5f690ea-140737350539072","trial_id":83,"user_attr":{"val_loss_epoch_3":14926.13134765625}}
{"op_code":7,"worker_id":"65621591-6ed3-46d5-85f6-3172b5f690ea-140737350539072","trial_id":83,"step":4,"intermediate_value":81.22270742358079}
{"op_code":8,"worker_id":"65621591-6ed3-46d5-85f6-3172b5f690ea-140737350539072","trial_id":83,"user_attr":{"train_loss_epoch_4":195760.44066745925}}
{"op_code":8,"worker_id":"65621591-6ed3-46d5-85f6-3172b5f690ea-140737350539072","trial_id":83,"user_attr":{"val_loss_epoch_4":47225.927734375}}
{"op_code":7,"worker_id":"65621591-6ed3-46d5-85f6-3172b5f690ea-140737350539072","trial_id":83,"step":5,"intermediate_value":81.22270742358079}
{"op_code":8,"worker_id":"65621591-6ed3-46d5-85f6-3172b5f690ea-140737350539072","trial_id":83,"user_attr":{"train_loss_epoch_5":163429.8771081012}}
{"op_code":8,"worker_id":"65621591-6ed3-46d5-85f6-3172b5f690ea-140737350539072","trial_id":83,"user_attr":{"val_loss_epoch_5":16636.9873046875}}
{"op_code":6,"worker_id":"65621591-6ed3-46d5-85f6-3172b5f690ea-140737350539072","trial_id":83,"state":1,"values":[81.22270742358079],"datetime_complete":"2026-02-22T01:36:08.937947"}
{"op_code":4,"worker_id":"65621591-6ed3-46d5-85f6-3172b5f690ea-140737350539072","study_id":0,"datetime_start":"2026-02-22T01:36:08.950250"}
{"op_code":5,"worker_id":"65621591-6ed3-46d5-85f6-3172b5f690ea-140737350539072","trial_id":84,"param_name":"learning_rate","param_value_internal":0.007270414126636021,"distribution":"{\"name\": \"FloatDistribution\", \"attributes\": {\"step\": null, \"low\": 0.001, \"high\": 10.0, \"log\": true}}"}
{"op_code":5,"worker_id":"65621591-6ed3-46d5-85f6-3172b5f690ea-140737350539072","trial_id":84,"param_name":"transfer_lr","param_value_internal":0.0017715077718167774,"distribution":"{\"name\": \"FloatDistribution\", \"attributes\": {\"step\": null, \"low\": 0.0001, \"high\": 100.0, \"log\": true}}"}
{"op_code":5,"worker_id":"65621591-6ed3-46d5-85f6-3172b5f690ea-140737350539072","trial_id":84,"param_name":"transfer_every","param_value_internal":64.0,"distribution":"{\"name\": \"IntDistribution\", \"attributes\": {\"log\": true, \"step\": 1, \"low\": 64, \"high\": 32000}}"}
{"op_code":5,"worker_id":"65621591-6ed3-46d5-85f6-3172b5f690ea-140737350539072","trial_id":84,"param_name":"rank_exp","param_value_internal":5.0,"distribution":"{\"name\": \"IntDistribution\", \"attributes\": {\"log\": false, \"step\": 1, \"low\": 0, \"high\": 5}}"}
{"op_code":5,"worker_id":"65621591-6ed3-46d5-85f6-3172b5f690ea-140737350539072","trial_id":84,"param_name":"lora_alpha","param_value_internal":0.2688599376938319,"distribution":"{\"name\": \"FloatDistribution\", \"attributes\": {\"step\": null, \"low\": 0.0001, \"high\": 100.0, \"log\": true}}"}
{"op_code":5,"worker_id":"65621591-6ed3-46d5-85f6-3172b5f690ea-140737350539072","trial_id":84,"param_name":"tau_sec","param_value_internal":0.0,"distribution":"{\"name\": \"FloatDistribution\", \"attributes\": {\"step\": null, \"low\": 0.0, \"high\": 0.0, \"log\": false}}"}
{"op_code":5,"worker_id":"65621591-6ed3-46d5-85f6-3172b5f690ea-140737350539072","trial_id":84,"param_name":"out_noise","param_value_internal":0.0,"distribution":"{\"name\": \"FloatDistribution\", \"attributes\": {\"step\": null, \"low\": 0.0, \"high\": 0.0, \"log\": false}}"}
{"op_code":5,"worker_id":"65621591-6ed3-46d5-85f6-3172b5f690ea-140737350539072","trial_id":84,"param_name":"ab_weight_scaling_omega","param_value_internal":0.0,"distribution":"{\"name\": \"FloatDistribution\", \"attributes\": {\"step\": null, \"low\": 0.0, \"high\": 0.0, \"log\": false}}"}
{"op_code":5,"worker_id":"65621591-6ed3-46d5-85f6-3172b5f690ea-140737350539072","trial_id":84,"param_name":"min_lr_rate","param_value_internal":0.0,"distribution":"{\"name\": \"FloatDistribution\", \"attributes\": {\"step\": null, \"low\": 0.0, \"high\": 0.0, \"log\": false}}"}
{"op_code":7,"worker_id":"65621591-6ed3-46d5-85f6-3172b5f690ea-140737350539072","trial_id":84,"step":1,"intermediate_value":0.0}
{"op_code":8,"worker_id":"65621591-6ed3-46d5-85f6-3172b5f690ea-140737350539072","trial_id":84,"user_attr":{"train_loss_epoch_1":23639161.203396738}}
{"op_code":8,"worker_id":"65621591-6ed3-46d5-85f6-3172b5f690ea-140737350539072","trial_id":84,"user_attr":{"val_loss_epoch_1":446479.78125}}
{"op_code":7,"worker_id":"65621591-6ed3-46d5-85f6-3172b5f690ea-140737350539072","trial_id":84,"step":2,"intermediate_value":81.22270742358079}
{"op_code":8,"worker_id":"65621591-6ed3-46d5-85f6-3172b5f690ea-140737350539072","trial_id":84,"user_attr":{"train_loss_epoch_2":9376661.537007473}}
{"op_code":8,"worker_id":"65621591-6ed3-46d5-85f6-3172b5f690ea-140737350539072","trial_id":84,"user_attr":{"val_loss_epoch_2":700880.375}}
{"op_code":7,"worker_id":"65621591-6ed3-46d5-85f6-3172b5f690ea-140737350539072","trial_id":84,"step":3,"intermediate_value":81.22270742358079}
{"op_code":8,"worker_id":"65621591-6ed3-46d5-85f6-3172b5f690ea-140737350539072","trial_id":84,"user_attr":{"train_loss_epoch_3":285442.78403108014}}
{"op_code":8,"worker_id":"65621591-6ed3-46d5-85f6-3172b5f690ea-140737350539072","trial_id":84,"user_attr":{"val_loss_epoch_3":1768.5189208984375}}
{"op_code":7,"worker_id":"65621591-6ed3-46d5-85f6-3172b5f690ea-140737350539072","trial_id":84,"step":4,"intermediate_value":81.22270742358079}
{"op_code":8,"worker_id":"65621591-6ed3-46d5-85f6-3172b5f690ea-140737350539072","trial_id":84,"user_attr":{"train_loss_epoch_4":122459.57827042289}}
{"op_code":8,"worker_id":"65621591-6ed3-46d5-85f6-3172b5f690ea-140737350539072","trial_id":84,"user_attr":{"val_loss_epoch_4":57739.748046875}}
{"op_code":7,"worker_id":"65621591-6ed3-46d5-85f6-3172b5f690ea-140737350539072","trial_id":84,"step":5,"intermediate_value":81.22270742358079}
{"op_code":8,"worker_id":"65621591-6ed3-46d5-85f6-3172b5f690ea-140737350539072","trial_id":84,"user_attr":{"train_loss_epoch_5":110817.93505434782}}
{"op_code":8,"worker_id":"65621591-6ed3-46d5-85f6-3172b5f690ea-140737350539072","trial_id":84,"user_attr":{"val_loss_epoch_5":44167.447265625}}
{"op_code":6,"worker_id":"65621591-6ed3-46d5-85f6-3172b5f690ea-140737350539072","trial_id":84,"state":1,"values":[81.22270742358079],"datetime_complete":"2026-02-22T01:38:55.103552"}
{"op_code":4,"worker_id":"65621591-6ed3-46d5-85f6-3172b5f690ea-140737350539072","study_id":0,"datetime_start":"2026-02-22T01:38:55.156719"}
{"op_code":5,"worker_id":"65621591-6ed3-46d5-85f6-3172b5f690ea-140737350539072","trial_id":85,"param_name":"learning_rate","param_value_internal":0.0026614072511822796,"distribution":"{\"name\": \"FloatDistribution\", \"attributes\": {\"step\": null, \"low\": 0.001, \"high\": 10.0, \"log\": true}}"}
{"op_code":5,"worker_id":"65621591-6ed3-46d5-85f6-3172b5f690ea-140737350539072","trial_id":85,"param_name":"transfer_lr","param_value_internal":0.07837804605033556,"distribution":"{\"name\": \"FloatDistribution\", \"attributes\": {\"step\": null, \"low\": 0.0001, \"high\": 100.0, \"log\": true}}"}
{"op_code":5,"worker_id":"65621591-6ed3-46d5-85f6-3172b5f690ea-140737350539072","trial_id":85,"param_name":"transfer_every","param_value_internal":64.0,"distribution":"{\"name\": \"IntDistribution\", \"attributes\": {\"log\": true, \"step\": 1, \"low\": 64, \"high\": 32000}}"}
{"op_code":5,"worker_id":"65621591-6ed3-46d5-85f6-3172b5f690ea-140737350539072","trial_id":85,"param_name":"rank_exp","param_value_internal":3.0,"distribution":"{\"name\": \"IntDistribution\", \"attributes\": {\"log\": false, \"step\": 1, \"low\": 0, \"high\": 5}}"}
{"op_code":5,"worker_id":"65621591-6ed3-46d5-85f6-3172b5f690ea-140737350539072","trial_id":85,"param_name":"lora_alpha","param_value_internal":0.2201847332047728,"distribution":"{\"name\": \"FloatDistribution\", \"attributes\": {\"step\": null, \"low\": 0.0001, \"high\": 100.0, \"log\": true}}"}
{"op_code":5,"worker_id":"65621591-6ed3-46d5-85f6-3172b5f690ea-140737350539072","trial_id":85,"param_name":"tau_sec","param_value_internal":0.0,"distribution":"{\"name\": \"FloatDistribution\", \"attributes\": {\"step\": null, \"low\": 0.0, \"high\": 0.0, \"log\": false}}"}
{"op_code":5,"worker_id":"65621591-6ed3-46d5-85f6-3172b5f690ea-140737350539072","trial_id":85,"param_name":"out_noise","param_value_internal":0.0,"distribution":"{\"name\": \"FloatDistribution\", \"attributes\": {\"step\": null, \"low\": 0.0, \"high\": 0.0, \"log\": false}}"}
{"op_code":5,"worker_id":"65621591-6ed3-46d5-85f6-3172b5f690ea-140737350539072","trial_id":85,"param_name":"ab_weight_scaling_omega","param_value_internal":0.0,"distribution":"{\"name\": \"FloatDistribution\", \"attributes\": {\"step\": null, \"low\": 0.0, \"high\": 0.0, \"log\": false}}"}
{"op_code":5,"worker_id":"65621591-6ed3-46d5-85f6-3172b5f690ea-140737350539072","trial_id":85,"param_name":"min_lr_rate","param_value_internal":0.0,"distribution":"{\"name\": \"FloatDistribution\", \"attributes\": {\"step\": null, \"low\": 0.0, \"high\": 0.0, \"log\": false}}"}
{"op_code":7,"worker_id":"65621591-6ed3-46d5-85f6-3172b5f690ea-140737350539072","trial_id":85,"step":1,"intermediate_value":81.22270742358079}
{"op_code":8,"worker_id":"65621591-6ed3-46d5-85f6-3172b5f690ea-140737350539072","trial_id":85,"user_attr":{"train_loss_epoch_1":26224108.69076087}}
{"op_code":8,"worker_id":"65621591-6ed3-46d5-85f6-3172b5f690ea-140737350539072","trial_id":85,"user_attr":{"val_loss_epoch_1":962913.375}}
{"op_code":7,"worker_id":"65621591-6ed3-46d5-85f6-3172b5f690ea-140737350539072","trial_id":85,"step":2,"intermediate_value":81.22270742358079}
{"op_code":8,"worker_id":"65621591-6ed3-46d5-85f6-3172b5f690ea-140737350539072","trial_id":85,"user_attr":{"train_loss_epoch_2":21622069.005163044}}
{"op_code":8,"worker_id":"65621591-6ed3-46d5-85f6-3172b5f690ea-140737350539072","trial_id":85,"user_attr":{"val_loss_epoch_2":15841473.5}}
{"op_code":7,"worker_id":"65621591-6ed3-46d5-85f6-3172b5f690ea-140737350539072","trial_id":85,"step":3,"intermediate_value":81.22270742358079}
{"op_code":8,"worker_id":"65621591-6ed3-46d5-85f6-3172b5f690ea-140737350539072","trial_id":85,"user_attr":{"train_loss_epoch_3":14768509.243478261}}
{"op_code":8,"worker_id":"65621591-6ed3-46d5-85f6-3172b5f690ea-140737350539072","trial_id":85,"user_attr":{"val_loss_epoch_3":14275179.0}}
{"op_code":6,"worker_id":"65621591-6ed3-46d5-85f6-3172b5f690ea-140737350539072","trial_id":85,"state":1,"values":[81.22270742358079],"datetime_complete":"2026-02-22T01:40:30.078991"}
{"op_code":4,"worker_id":"65621591-6ed3-46d5-85f6-3172b5f690ea-140737350539072","study_id":0,"datetime_start":"2026-02-22T01:40:30.087728"}
{"op_code":5,"worker_id":"65621591-6ed3-46d5-85f6-3172b5f690ea-140737350539072","trial_id":86,"param_name":"learning_rate","param_value_internal":0.007189379221242163,"distribution":"{\"name\": \"FloatDistribution\", \"attributes\": {\"step\": null, \"low\": 0.001, \"high\": 10.0, \"log\": true}}"}
{"op_code":5,"worker_id":"65621591-6ed3-46d5-85f6-3172b5f690ea-140737350539072","trial_id":86,"param_name":"transfer_lr","param_value_internal":0.002057703114327974,"distribution":"{\"name\": \"FloatDistribution\", \"attributes\": {\"step\": null, \"low\": 0.0001, \"high\": 100.0, \"log\": true}}"}
{"op_code":5,"worker_id":"65621591-6ed3-46d5-85f6-3172b5f690ea-140737350539072","trial_id":86,"param_name":"transfer_every","param_value_internal":32000.0,"distribution":"{\"name\": \"IntDistribution\", \"attributes\": {\"log\": true, \"step\": 1, \"low\": 64, \"high\": 32000}}"}
{"op_code":5,"worker_id":"65621591-6ed3-46d5-85f6-3172b5f690ea-140737350539072","trial_id":86,"param_name":"rank_exp","param_value_internal":5.0,"distribution":"{\"name\": \"IntDistribution\", \"attributes\": {\"log\": false, \"step\": 1, \"low\": 0, \"high\": 5}}"}
{"op_code":5,"worker_id":"65621591-6ed3-46d5-85f6-3172b5f690ea-140737350539072","trial_id":86,"param_name":"lora_alpha","param_value_internal":0.15227729267371706,"distribution":"{\"name\": \"FloatDistribution\", \"attributes\": {\"step\": null, \"low\": 0.0001, \"high\": 100.0, \"log\": true}}"}
{"op_code":5,"worker_id":"65621591-6ed3-46d5-85f6-3172b5f690ea-140737350539072","trial_id":86,"param_name":"tau_sec","param_value_internal":0.0,"distribution":"{\"name\": \"FloatDistribution\", \"attributes\": {\"step\": null, \"low\": 0.0, \"high\": 0.0, \"log\": false}}"}
{"op_code":5,"worker_id":"65621591-6ed3-46d5-85f6-3172b5f690ea-140737350539072","trial_id":86,"param_name":"out_noise","param_value_internal":0.0,"distribution":"{\"name\": \"FloatDistribution\", \"attributes\": {\"step\": null, \"low\": 0.0, \"high\": 0.0, \"log\": false}}"}
{"op_code":5,"worker_id":"65621591-6ed3-46d5-85f6-3172b5f690ea-140737350539072","trial_id":86,"param_name":"ab_weight_scaling_omega","param_value_internal":0.0,"distribution":"{\"name\": \"FloatDistribution\", \"attributes\": {\"step\": null, \"low\": 0.0, \"high\": 0.0, \"log\": false}}"}
{"op_code":5,"worker_id":"65621591-6ed3-46d5-85f6-3172b5f690ea-140737350539072","trial_id":86,"param_name":"min_lr_rate","param_value_internal":0.0,"distribution":"{\"name\": \"FloatDistribution\", \"attributes\": {\"step\": null, \"low\": 0.0, \"high\": 0.0, \"log\": false}}"}
{"op_code":7,"worker_id":"65621591-6ed3-46d5-85f6-3172b5f690ea-140737350539072","trial_id":86,"step":1,"intermediate_value":0.0}
{"op_code":8,"worker_id":"65621591-6ed3-46d5-85f6-3172b5f690ea-140737350539072","trial_id":86,"user_attr":{"train_loss_epoch_1":23868334.364266306}}
{"op_code":8,"worker_id":"65621591-6ed3-46d5-85f6-3172b5f690ea-140737350539072","trial_id":86,"user_attr":{"val_loss_epoch_1":21146189.0}}
{"op_code":7,"worker_id":"65621591-6ed3-46d5-85f6-3172b5f690ea-140737350539072","trial_id":86,"step":2,"intermediate_value":81.22270742358079}
{"op_code":8,"worker_id":"65621591-6ed3-46d5-85f6-3172b5f690ea-140737350539072","trial_id":86,"user_attr":{"train_loss_epoch_2":9648361.108831521}}
{"op_code":8,"worker_id":"65621591-6ed3-46d5-85f6-3172b5f690ea-140737350539072","trial_id":86,"user_attr":{"val_loss_epoch_2":680093.84375}}
{"op_code":7,"worker_id":"65621591-6ed3-46d5-85f6-3172b5f690ea-140737350539072","trial_id":86,"step":3,"intermediate_value":81.22270742358079}
{"op_code":8,"worker_id":"65621591-6ed3-46d5-85f6-3172b5f690ea-140737350539072","trial_id":86,"user_attr":{"train_loss_epoch_3":337639.3674040421}}
{"op_code":8,"worker_id":"65621591-6ed3-46d5-85f6-3172b5f690ea-140737350539072","trial_id":86,"user_attr":{"val_loss_epoch_3":208316.90625}}
{"op_code":7,"worker_id":"65621591-6ed3-46d5-85f6-3172b5f690ea-140737350539072","trial_id":86,"step":4,"intermediate_value":81.22270742358079}
{"op_code":8,"worker_id":"65621591-6ed3-46d5-85f6-3172b5f690ea-140737350539072","trial_id":86,"user_attr":{"train_loss_epoch_4":117981.67374002207}}
{"op_code":8,"worker_id":"65621591-6ed3-46d5-85f6-3172b5f690ea-140737350539072","trial_id":86,"user_attr":{"val_loss_epoch_4":34123.015625}}
{"op_code":7,"worker_id":"65621591-6ed3-46d5-85f6-3172b5f690ea-140737350539072","trial_id":86,"step":5,"intermediate_value":81.22270742358079}
{"op_code":8,"worker_id":"65621591-6ed3-46d5-85f6-3172b5f690ea-140737350539072","trial_id":86,"user_attr":{"train_loss_epoch_5":108896.10472146739}}
{"op_code":8,"worker_id":"65621591-6ed3-46d5-85f6-3172b5f690ea-140737350539072","trial_id":86,"user_attr":{"val_loss_epoch_5":93446.3125}}
{"op_code":7,"worker_id":"65621591-6ed3-46d5-85f6-3172b5f690ea-140737350539072","trial_id":86,"step":6,"intermediate_value":81.22270742358079}
{"op_code":8,"worker_id":"65621591-6ed3-46d5-85f6-3172b5f690ea-140737350539072","trial_id":86,"user_attr":{"train_loss_epoch_6":96848.3023777174}}
{"op_code":8,"worker_id":"65621591-6ed3-46d5-85f6-3172b5f690ea-140737350539072","trial_id":86,"user_attr":{"val_loss_epoch_6":15817.76123046875}}
{"op_code":7,"worker_id":"65621591-6ed3-46d5-85f6-3172b5f690ea-140737350539072","trial_id":86,"step":7,"intermediate_value":81.22270742358079}
{"op_code":8,"worker_id":"65621591-6ed3-46d5-85f6-3172b5f690ea-140737350539072","trial_id":86,"user_attr":{"train_loss_epoch_7":84710.51211786685}}
{"op_code":8,"worker_id":"65621591-6ed3-46d5-85f6-3172b5f690ea-140737350539072","trial_id":86,"user_attr":{"val_loss_epoch_7":83977.06640625}}
{"op_code":7,"worker_id":"65621591-6ed3-46d5-85f6-3172b5f690ea-140737350539072","trial_id":86,"step":8,"intermediate_value":81.22270742358079}
{"op_code":8,"worker_id":"65621591-6ed3-46d5-85f6-3172b5f690ea-140737350539072","trial_id":86,"user_attr":{"train_loss_epoch_8":70757.7474269701}}
{"op_code":8,"worker_id":"65621591-6ed3-46d5-85f6-3172b5f690ea-140737350539072","trial_id":86,"user_attr":{"val_loss_epoch_8":12186.53369140625}}
{"op_code":7,"worker_id":"65621591-6ed3-46d5-85f6-3172b5f690ea-140737350539072","trial_id":86,"step":9,"intermediate_value":81.22270742358079}
{"op_code":8,"worker_id":"65621591-6ed3-46d5-85f6-3172b5f690ea-140737350539072","trial_id":86,"user_attr":{"train_loss_epoch_9":62565.23186141304}}
{"op_code":8,"worker_id":"65621591-6ed3-46d5-85f6-3172b5f690ea-140737350539072","trial_id":86,"user_attr":{"val_loss_epoch_9":11971.09228515625}}
{"op_code":7,"worker_id":"65621591-6ed3-46d5-85f6-3172b5f690ea-140737350539072","trial_id":86,"step":10,"intermediate_value":81.22270742358079}
{"op_code":8,"worker_id":"65621591-6ed3-46d5-85f6-3172b5f690ea-140737350539072","trial_id":86,"user_attr":{"train_loss_epoch_10":51154.395587423576}}
{"op_code":8,"worker_id":"65621591-6ed3-46d5-85f6-3172b5f690ea-140737350539072","trial_id":86,"user_attr":{"val_loss_epoch_10":26033.78125}}
{"op_code":7,"worker_id":"65621591-6ed3-46d5-85f6-3172b5f690ea-140737350539072","trial_id":86,"step":11,"intermediate_value":81.22270742358079}
{"op_code":8,"worker_id":"65621591-6ed3-46d5-85f6-3172b5f690ea-140737350539072","trial_id":86,"user_attr":{"train_loss_epoch_11":38978.58282736073}}
{"op_code":8,"worker_id":"65621591-6ed3-46d5-85f6-3172b5f690ea-140737350539072","trial_id":86,"user_attr":{"val_loss_epoch_11":45778.56640625}}
{"op_code":6,"worker_id":"65621591-6ed3-46d5-85f6-3172b5f690ea-140737350539072","trial_id":86,"state":1,"values":[81.22270742358079],"datetime_complete":"2026-02-22T01:44:23.652703"}
{"op_code":4,"worker_id":"65621591-6ed3-46d5-85f6-3172b5f690ea-140737350539072","study_id":0,"datetime_start":"2026-02-22T01:44:23.663189"}
{"op_code":5,"worker_id":"65621591-6ed3-46d5-85f6-3172b5f690ea-140737350539072","trial_id":87,"param_name":"learning_rate","param_value_internal":10.0,"distribution":"{\"name\": \"FloatDistribution\", \"attributes\": {\"step\": null, \"low\": 0.001, \"high\": 10.0, \"log\": true}}"}
{"op_code":5,"worker_id":"65621591-6ed3-46d5-85f6-3172b5f690ea-140737350539072","trial_id":87,"param_name":"transfer_lr","param_value_internal":0.0001,"distribution":"{\"name\": \"FloatDistribution\", \"attributes\": {\"step\": null, \"low\": 0.0001, \"high\": 100.0, \"log\": true}}"}
{"op_code":5,"worker_id":"65621591-6ed3-46d5-85f6-3172b5f690ea-140737350539072","trial_id":87,"param_name":"transfer_every","param_value_internal":32000.0,"distribution":"{\"name\": \"IntDistribution\", \"attributes\": {\"log\": true, \"step\": 1, \"low\": 64, \"high\": 32000}}"}
{"op_code":5,"worker_id":"65621591-6ed3-46d5-85f6-3172b5f690ea-140737350539072","trial_id":87,"param_name":"rank_exp","param_value_internal":0.0,"distribution":"{\"name\": \"IntDistribution\", \"attributes\": {\"log\": false, \"step\": 1, \"low\": 0, \"high\": 5}}"}
{"op_code":5,"worker_id":"65621591-6ed3-46d5-85f6-3172b5f690ea-140737350539072","trial_id":87,"param_name":"lora_alpha","param_value_internal":90.50021510445333,"distribution":"{\"name\": \"FloatDistribution\", \"attributes\": {\"step\": null, \"low\": 0.0001, \"high\": 100.0, \"log\": true}}"}
{"op_code":5,"worker_id":"65621591-6ed3-46d5-85f6-3172b5f690ea-140737350539072","trial_id":87,"param_name":"tau_sec","param_value_internal":0.0,"distribution":"{\"name\": \"FloatDistribution\", \"attributes\": {\"step\": null, \"low\": 0.0, \"high\": 0.0, \"log\": false}}"}
{"op_code":5,"worker_id":"65621591-6ed3-46d5-85f6-3172b5f690ea-140737350539072","trial_id":87,"param_name":"out_noise","param_value_internal":0.0,"distribution":"{\"name\": \"FloatDistribution\", \"attributes\": {\"step\": null, \"low\": 0.0, \"high\": 0.0, \"log\": false}}"}
{"op_code":5,"worker_id":"65621591-6ed3-46d5-85f6-3172b5f690ea-140737350539072","trial_id":87,"param_name":"ab_weight_scaling_omega","param_value_internal":0.0,"distribution":"{\"name\": \"FloatDistribution\", \"attributes\": {\"step\": null, \"low\": 0.0, \"high\": 0.0, \"log\": false}}"}
{"op_code":5,"worker_id":"65621591-6ed3-46d5-85f6-3172b5f690ea-140737350539072","trial_id":87,"param_name":"min_lr_rate","param_value_internal":0.0,"distribution":"{\"name\": \"FloatDistribution\", \"attributes\": {\"step\": null, \"low\": 0.0, \"high\": 0.0, \"log\": false}}"}
{"op_code":7,"worker_id":"65621591-6ed3-46d5-85f6-3172b5f690ea-140737350539072","trial_id":87,"step":1,"intermediate_value":0.0}
{"op_code":8,"worker_id":"65621591-6ed3-46d5-85f6-3172b5f690ea-140737350539072","trial_id":87,"user_attr":{"train_loss_epoch_1":135391226.64565217}}
{"op_code":8,"worker_id":"65621591-6ed3-46d5-85f6-3172b5f690ea-140737350539072","trial_id":87,"user_attr":{"val_loss_epoch_1":232578752.0}}
{"op_code":7,"worker_id":"65621591-6ed3-46d5-85f6-3172b5f690ea-140737350539072","trial_id":87,"step":2,"intermediate_value":81.22270742358079}
{"op_code":8,"worker_id":"65621591-6ed3-46d5-85f6-3172b5f690ea-140737350539072","trial_id":87,"user_attr":{"train_loss_epoch_2":200132834.45217392}}
{"op_code":8,"worker_id":"65621591-6ed3-46d5-85f6-3172b5f690ea-140737350539072","trial_id":87,"user_attr":{"val_loss_epoch_2":5361398.75}}
{"op_code":7,"worker_id":"65621591-6ed3-46d5-85f6-3172b5f690ea-140737350539072","trial_id":87,"step":3,"intermediate_value":81.22270742358079}
{"op_code":8,"worker_id":"65621591-6ed3-46d5-85f6-3172b5f690ea-140737350539072","trial_id":87,"user_attr":{"train_loss_epoch_3":180264651.49565217}}
{"op_code":8,"worker_id":"65621591-6ed3-46d5-85f6-3172b5f690ea-140737350539072","trial_id":87,"user_attr":{"val_loss_epoch_3":6447635.75}}
{"op_code":7,"worker_id":"65621591-6ed3-46d5-85f6-3172b5f690ea-140737350539072","trial_id":87,"step":4,"intermediate_value":81.22270742358079}
{"op_code":8,"worker_id":"65621591-6ed3-46d5-85f6-3172b5f690ea-140737350539072","trial_id":87,"user_attr":{"train_loss_epoch_4":165716368.53913045}}
{"op_code":8,"worker_id":"65621591-6ed3-46d5-85f6-3172b5f690ea-140737350539072","trial_id":87,"user_attr":{"val_loss_epoch_4":8367404.0}}
{"op_code":6,"worker_id":"65621591-6ed3-46d5-85f6-3172b5f690ea-140737350539072","trial_id":87,"state":1,"values":[81.22270742358079],"datetime_complete":"2026-02-22T01:46:10.655214"}
{"op_code":4,"worker_id":"65621591-6ed3-46d5-85f6-3172b5f690ea-140737350539072","study_id":0,"datetime_start":"2026-02-22T01:46:10.665470"}
{"op_code":5,"worker_id":"65621591-6ed3-46d5-85f6-3172b5f690ea-140737350539072","trial_id":88,"param_name":"learning_rate","param_value_internal":0.0020999225628877687,"distribution":"{\"name\": \"FloatDistribution\", \"attributes\": {\"step\": null, \"low\": 0.001, \"high\": 10.0, \"log\": true}}"}
{"op_code":5,"worker_id":"65621591-6ed3-46d5-85f6-3172b5f690ea-140737350539072","trial_id":88,"param_name":"transfer_lr","param_value_internal":0.8649245370467505,"distribution":"{\"name\": \"FloatDistribution\", \"attributes\": {\"step\": null, \"low\": 0.0001, \"high\": 100.0, \"log\": true}}"}
{"op_code":5,"worker_id":"65621591-6ed3-46d5-85f6-3172b5f690ea-140737350539072","trial_id":88,"param_name":"transfer_every","param_value_internal":32000.0,"distribution":"{\"name\": \"IntDistribution\", \"attributes\": {\"log\": true, \"step\": 1, \"low\": 64, \"high\": 32000}}"}
{"op_code":5,"worker_id":"65621591-6ed3-46d5-85f6-3172b5f690ea-140737350539072","trial_id":88,"param_name":"rank_exp","param_value_internal":2.0,"distribution":"{\"name\": \"IntDistribution\", \"attributes\": {\"log\": false, \"step\": 1, \"low\": 0, \"high\": 5}}"}
{"op_code":5,"worker_id":"65621591-6ed3-46d5-85f6-3172b5f690ea-140737350539072","trial_id":88,"param_name":"lora_alpha","param_value_internal":0.01661068081466962,"distribution":"{\"name\": \"FloatDistribution\", \"attributes\": {\"step\": null, \"low\": 0.0001, \"high\": 100.0, \"log\": true}}"}
{"op_code":5,"worker_id":"65621591-6ed3-46d5-85f6-3172b5f690ea-140737350539072","trial_id":88,"param_name":"tau_sec","param_value_internal":0.0,"distribution":"{\"name\": \"FloatDistribution\", \"attributes\": {\"step\": null, \"low\": 0.0, \"high\": 0.0, \"log\": false}}"}
{"op_code":5,"worker_id":"65621591-6ed3-46d5-85f6-3172b5f690ea-140737350539072","trial_id":88,"param_name":"out_noise","param_value_internal":0.0,"distribution":"{\"name\": \"FloatDistribution\", \"attributes\": {\"step\": null, \"low\": 0.0, \"high\": 0.0, \"log\": false}}"}
{"op_code":5,"worker_id":"65621591-6ed3-46d5-85f6-3172b5f690ea-140737350539072","trial_id":88,"param_name":"ab_weight_scaling_omega","param_value_internal":0.0,"distribution":"{\"name\": \"FloatDistribution\", \"attributes\": {\"step\": null, \"low\": 0.0, \"high\": 0.0, \"log\": false}}"}
{"op_code":5,"worker_id":"65621591-6ed3-46d5-85f6-3172b5f690ea-140737350539072","trial_id":88,"param_name":"min_lr_rate","param_value_internal":0.0,"distribution":"{\"name\": \"FloatDistribution\", \"attributes\": {\"step\": null, \"low\": 0.0, \"high\": 0.0, \"log\": false}}"}
{"op_code":7,"worker_id":"65621591-6ed3-46d5-85f6-3172b5f690ea-140737350539072","trial_id":88,"step":1,"intermediate_value":81.22270742358079}
{"op_code":8,"worker_id":"65621591-6ed3-46d5-85f6-3172b5f690ea-140737350539072","trial_id":88,"user_attr":{"train_loss_epoch_1":28876436.672554348}}
{"op_code":8,"worker_id":"65621591-6ed3-46d5-85f6-3172b5f690ea-140737350539072","trial_id":88,"user_attr":{"val_loss_epoch_1":30851206.0}}
{"op_code":7,"worker_id":"65621591-6ed3-46d5-85f6-3172b5f690ea-140737350539072","trial_id":88,"step":2,"intermediate_value":81.22270742358079}
{"op_code":8,"worker_id":"65621591-6ed3-46d5-85f6-3172b5f690ea-140737350539072","trial_id":88,"user_attr":{"train_loss_epoch_2":22927876.989673913}}
{"op_code":8,"worker_id":"65621591-6ed3-46d5-85f6-3172b5f690ea-140737350539072","trial_id":88,"user_attr":{"val_loss_epoch_2":24489540.0}}
{"op_code":7,"worker_id":"65621591-6ed3-46d5-85f6-3172b5f690ea-140737350539072","trial_id":88,"step":3,"intermediate_value":81.22270742358079}
{"op_code":8,"worker_id":"65621591-6ed3-46d5-85f6-3172b5f690ea-140737350539072","trial_id":88,"user_attr":{"train_loss_epoch_3":17730133.560054347}}
{"op_code":8,"worker_id":"65621591-6ed3-46d5-85f6-3172b5f690ea-140737350539072","trial_id":88,"user_attr":{"val_loss_epoch_3":9118799.0}}
{"op_code":7,"worker_id":"65621591-6ed3-46d5-85f6-3172b5f690ea-140737350539072","trial_id":88,"step":4,"intermediate_value":81.22270742358079}
{"op_code":8,"worker_id":"65621591-6ed3-46d5-85f6-3172b5f690ea-140737350539072","trial_id":88,"user_attr":{"train_loss_epoch_4":14353317.483016305}}
{"op_code":8,"worker_id":"65621591-6ed3-46d5-85f6-3172b5f690ea-140737350539072","trial_id":88,"user_attr":{"val_loss_epoch_4":13262585.0}}
{"op_code":7,"worker_id":"65621591-6ed3-46d5-85f6-3172b5f690ea-140737350539072","trial_id":88,"step":5,"intermediate_value":81.22270742358079}
{"op_code":8,"worker_id":"65621591-6ed3-46d5-85f6-3172b5f690ea-140737350539072","trial_id":88,"user_attr":{"train_loss_epoch_5":11056385.564673914}}
{"op_code":8,"worker_id":"65621591-6ed3-46d5-85f6-3172b5f690ea-140737350539072","trial_id":88,"user_attr":{"val_loss_epoch_5":3941345.125}}
{"op_code":7,"worker_id":"65621591-6ed3-46d5-85f6-3172b5f690ea-140737350539072","trial_id":88,"step":6,"intermediate_value":81.22270742358079}
{"op_code":8,"worker_id":"65621591-6ed3-46d5-85f6-3172b5f690ea-140737350539072","trial_id":88,"user_attr":{"train_loss_epoch_6":7786497.572826087}}
{"op_code":8,"worker_id":"65621591-6ed3-46d5-85f6-3172b5f690ea-140737350539072","trial_id":88,"user_attr":{"val_loss_epoch_6":585101.4375}}
{"op_code":7,"worker_id":"65621591-6ed3-46d5-85f6-3172b5f690ea-140737350539072","trial_id":88,"step":7,"intermediate_value":81.22270742358079}
{"op_code":8,"worker_id":"65621591-6ed3-46d5-85f6-3172b5f690ea-140737350539072","trial_id":88,"user_attr":{"train_loss_epoch_7":4990307.953940217}}
{"op_code":8,"worker_id":"65621591-6ed3-46d5-85f6-3172b5f690ea-140737350539072","trial_id":88,"user_attr":{"val_loss_epoch_7":1319984.375}}
{"op_code":7,"worker_id":"65621591-6ed3-46d5-85f6-3172b5f690ea-140737350539072","trial_id":88,"step":8,"intermediate_value":81.22270742358079}
{"op_code":8,"worker_id":"65621591-6ed3-46d5-85f6-3172b5f690ea-140737350539072","trial_id":88,"user_attr":{"train_loss_epoch_8":2253988.474045536}}
{"op_code":8,"worker_id":"65621591-6ed3-46d5-85f6-3172b5f690ea-140737350539072","trial_id":88,"user_attr":{"val_loss_epoch_8":769316.625}}
{"op_code":6,"worker_id":"65621591-6ed3-46d5-85f6-3172b5f690ea-140737350539072","trial_id":88,"state":1,"values":[81.22270742358079],"datetime_complete":"2026-02-22T01:49:17.390719"}
{"op_code":4,"worker_id":"65621591-6ed3-46d5-85f6-3172b5f690ea-140737350539072","study_id":0,"datetime_start":"2026-02-22T01:49:17.459701"}
{"op_code":5,"worker_id":"65621591-6ed3-46d5-85f6-3172b5f690ea-140737350539072","trial_id":89,"param_name":"learning_rate","param_value_internal":0.005348183914566721,"distribution":"{\"name\": \"FloatDistribution\", \"attributes\": {\"step\": null, \"low\": 0.001, \"high\": 10.0, \"log\": true}}"}
{"op_code":5,"worker_id":"65621591-6ed3-46d5-85f6-3172b5f690ea-140737350539072","trial_id":89,"param_name":"transfer_lr","param_value_internal":0.003637720484348458,"distribution":"{\"name\": \"FloatDistribution\", \"attributes\": {\"step\": null, \"low\": 0.0001, \"high\": 100.0, \"log\": true}}"}
{"op_code":5,"worker_id":"65621591-6ed3-46d5-85f6-3172b5f690ea-140737350539072","trial_id":89,"param_name":"transfer_every","param_value_internal":64.0,"distribution":"{\"name\": \"IntDistribution\", \"attributes\": {\"log\": true, \"step\": 1, \"low\": 64, \"high\": 32000}}"}
{"op_code":5,"worker_id":"65621591-6ed3-46d5-85f6-3172b5f690ea-140737350539072","trial_id":89,"param_name":"rank_exp","param_value_internal":2.0,"distribution":"{\"name\": \"IntDistribution\", \"attributes\": {\"log\": false, \"step\": 1, \"low\": 0, \"high\": 5}}"}
{"op_code":5,"worker_id":"65621591-6ed3-46d5-85f6-3172b5f690ea-140737350539072","trial_id":89,"param_name":"lora_alpha","param_value_internal":0.06526323356551571,"distribution":"{\"name\": \"FloatDistribution\", \"attributes\": {\"step\": null, \"low\": 0.0001, \"high\": 100.0, \"log\": true}}"}
{"op_code":5,"worker_id":"65621591-6ed3-46d5-85f6-3172b5f690ea-140737350539072","trial_id":89,"param_name":"tau_sec","param_value_internal":0.0,"distribution":"{\"name\": \"FloatDistribution\", \"attributes\": {\"step\": null, \"low\": 0.0, \"high\": 0.0, \"log\": false}}"}
{"op_code":5,"worker_id":"65621591-6ed3-46d5-85f6-3172b5f690ea-140737350539072","trial_id":89,"param_name":"out_noise","param_value_internal":0.0,"distribution":"{\"name\": \"FloatDistribution\", \"attributes\": {\"step\": null, \"low\": 0.0, \"high\": 0.0, \"log\": false}}"}
{"op_code":5,"worker_id":"65621591-6ed3-46d5-85f6-3172b5f690ea-140737350539072","trial_id":89,"param_name":"ab_weight_scaling_omega","param_value_internal":0.0,"distribution":"{\"name\": \"FloatDistribution\", \"attributes\": {\"step\": null, \"low\": 0.0, \"high\": 0.0, \"log\": false}}"}
{"op_code":5,"worker_id":"65621591-6ed3-46d5-85f6-3172b5f690ea-140737350539072","trial_id":89,"param_name":"min_lr_rate","param_value_internal":0.0,"distribution":"{\"name\": \"FloatDistribution\", \"attributes\": {\"step\": null, \"low\": 0.0, \"high\": 0.0, \"log\": false}}"}
{"op_code":7,"worker_id":"65621591-6ed3-46d5-85f6-3172b5f690ea-140737350539072","trial_id":89,"step":1,"intermediate_value":81.22270742358079}
{"op_code":8,"worker_id":"65621591-6ed3-46d5-85f6-3172b5f690ea-140737350539072","trial_id":89,"user_attr":{"train_loss_epoch_1":26099847.17527174}}
{"op_code":8,"worker_id":"65621591-6ed3-46d5-85f6-3172b5f690ea-140737350539072","trial_id":89,"user_attr":{"val_loss_epoch_1":7949172.5}}
{"op_code":7,"worker_id":"65621591-6ed3-46d5-85f6-3172b5f690ea-140737350539072","trial_id":89,"step":2,"intermediate_value":81.22270742358079}
{"op_code":8,"worker_id":"65621591-6ed3-46d5-85f6-3172b5f690ea-140737350539072","trial_id":89,"user_attr":{"train_loss_epoch_2":14972270.82578125}}
{"op_code":8,"worker_id":"65621591-6ed3-46d5-85f6-3172b5f690ea-140737350539072","trial_id":89,"user_attr":{"val_loss_epoch_2":8731822.0}}
{"op_code":7,"worker_id":"65621591-6ed3-46d5-85f6-3172b5f690ea-140737350539072","trial_id":89,"step":3,"intermediate_value":81.22270742358079}
{"op_code":8,"worker_id":"65621591-6ed3-46d5-85f6-3172b5f690ea-140737350539072","trial_id":89,"user_attr":{"train_loss_epoch_3":3871488.3196586277}}
{"op_code":8,"worker_id":"65621591-6ed3-46d5-85f6-3172b5f690ea-140737350539072","trial_id":89,"user_attr":{"val_loss_epoch_3":62569.2890625}}
{"op_code":7,"worker_id":"65621591-6ed3-46d5-85f6-3172b5f690ea-140737350539072","trial_id":89,"step":4,"intermediate_value":81.22270742358079}
{"op_code":8,"worker_id":"65621591-6ed3-46d5-85f6-3172b5f690ea-140737350539072","trial_id":89,"user_attr":{"train_loss_epoch_4":84970.93051120924}}
{"op_code":8,"worker_id":"65621591-6ed3-46d5-85f6-3172b5f690ea-140737350539072","trial_id":89,"user_attr":{"val_loss_epoch_4":97004.19140625}}
{"op_code":7,"worker_id":"65621591-6ed3-46d5-85f6-3172b5f690ea-140737350539072","trial_id":89,"step":5,"intermediate_value":81.22270742358079}
{"op_code":8,"worker_id":"65621591-6ed3-46d5-85f6-3172b5f690ea-140737350539072","trial_id":89,"user_attr":{"train_loss_epoch_5":81462.6187553074}}
{"op_code":8,"worker_id":"65621591-6ed3-46d5-85f6-3172b5f690ea-140737350539072","trial_id":89,"user_attr":{"val_loss_epoch_5":27486.0556640625}}
{"op_code":7,"worker_id":"65621591-6ed3-46d5-85f6-3172b5f690ea-140737350539072","trial_id":89,"step":6,"intermediate_value":81.22270742358079}
{"op_code":8,"worker_id":"65621591-6ed3-46d5-85f6-3172b5f690ea-140737350539072","trial_id":89,"user_attr":{"train_loss_epoch_6":70577.14512037195}}
{"op_code":8,"worker_id":"65621591-6ed3-46d5-85f6-3172b5f690ea-140737350539072","trial_id":89,"user_attr":{"val_loss_epoch_6":32390.48828125}}
{"op_code":7,"worker_id":"65621591-6ed3-46d5-85f6-3172b5f690ea-140737350539072","trial_id":89,"step":7,"intermediate_value":81.22270742358079}
{"op_code":8,"worker_id":"65621591-6ed3-46d5-85f6-3172b5f690ea-140737350539072","trial_id":89,"user_attr":{"train_loss_epoch_7":66103.70219938859}}
{"op_code":8,"worker_id":"65621591-6ed3-46d5-85f6-3172b5f690ea-140737350539072","trial_id":89,"user_attr":{"val_loss_epoch_7":18469.8447265625}}
{"op_code":7,"worker_id":"65621591-6ed3-46d5-85f6-3172b5f690ea-140737350539072","trial_id":89,"step":8,"intermediate_value":81.22270742358079}
{"op_code":8,"worker_id":"65621591-6ed3-46d5-85f6-3172b5f690ea-140737350539072","trial_id":89,"user_attr":{"train_loss_epoch_8":55616.283322010866}}
{"op_code":8,"worker_id":"65621591-6ed3-46d5-85f6-3172b5f690ea-140737350539072","trial_id":89,"user_attr":{"val_loss_epoch_8":38960.056640625}}
{"op_code":7,"worker_id":"65621591-6ed3-46d5-85f6-3172b5f690ea-140737350539072","trial_id":89,"step":9,"intermediate_value":81.22270742358079}
{"op_code":8,"worker_id":"65621591-6ed3-46d5-85f6-3172b5f690ea-140737350539072","trial_id":89,"user_attr":{"train_loss_epoch_9":40774.04109099015}}
{"op_code":8,"worker_id":"65621591-6ed3-46d5-85f6-3172b5f690ea-140737350539072","trial_id":89,"user_attr":{"val_loss_epoch_9":16776.248046875}}
{"op_code":7,"worker_id":"65621591-6ed3-46d5-85f6-3172b5f690ea-140737350539072","trial_id":89,"step":10,"intermediate_value":81.22270742358079}
{"op_code":8,"worker_id":"65621591-6ed3-46d5-85f6-3172b5f690ea-140737350539072","trial_id":89,"user_attr":{"train_loss_epoch_10":38755.584608525816}}
{"op_code":8,"worker_id":"65621591-6ed3-46d5-85f6-3172b5f690ea-140737350539072","trial_id":89,"user_attr":{"val_loss_epoch_10":1087.5490112304688}}
{"op_code":7,"worker_id":"65621591-6ed3-46d5-85f6-3172b5f690ea-140737350539072","trial_id":89,"step":11,"intermediate_value":81.22270742358079}
{"op_code":8,"worker_id":"65621591-6ed3-46d5-85f6-3172b5f690ea-140737350539072","trial_id":89,"user_attr":{"train_loss_epoch_11":28677.632893172555}}
{"op_code":8,"worker_id":"65621591-6ed3-46d5-85f6-3172b5f690ea-140737350539072","trial_id":89,"user_attr":{"val_loss_epoch_11":18223.203125}}
{"op_code":7,"worker_id":"65621591-6ed3-46d5-85f6-3172b5f690ea-140737350539072","trial_id":89,"step":12,"intermediate_value":81.22270742358079}
{"op_code":8,"worker_id":"65621591-6ed3-46d5-85f6-3172b5f690ea-140737350539072","trial_id":89,"user_attr":{"train_loss_epoch_12":21777.07257982337}}
{"op_code":8,"worker_id":"65621591-6ed3-46d5-85f6-3172b5f690ea-140737350539072","trial_id":89,"user_attr":{"val_loss_epoch_12":342.2125244140625}}
{"op_code":7,"worker_id":"65621591-6ed3-46d5-85f6-3172b5f690ea-140737350539072","trial_id":89,"step":13,"intermediate_value":81.22270742358079}
{"op_code":8,"worker_id":"65621591-6ed3-46d5-85f6-3172b5f690ea-140737350539072","trial_id":89,"user_attr":{"train_loss_epoch_13":13505.584099479343}}
{"op_code":8,"worker_id":"65621591-6ed3-46d5-85f6-3172b5f690ea-140737350539072","trial_id":89,"user_attr":{"val_loss_epoch_13":4309.29833984375}}
{"op_code":7,"worker_id":"65621591-6ed3-46d5-85f6-3172b5f690ea-140737350539072","trial_id":89,"step":14,"intermediate_value":81.22270742358079}
{"op_code":8,"worker_id":"65621591-6ed3-46d5-85f6-3172b5f690ea-140737350539072","trial_id":89,"user_attr":{"train_loss_epoch_14":4311.987894647018}}
{"op_code":8,"worker_id":"65621591-6ed3-46d5-85f6-3172b5f690ea-140737350539072","trial_id":89,"user_attr":{"val_loss_epoch_14":12.585115432739258}}
{"op_code":6,"worker_id":"65621591-6ed3-46d5-85f6-3172b5f690ea-140737350539072","trial_id":89,"state":1,"values":[81.22270742358079],"datetime_complete":"2026-02-22T01:54:15.338658"}
{"op_code":4,"worker_id":"65621591-6ed3-46d5-85f6-3172b5f690ea-140737350539072","study_id":0,"datetime_start":"2026-02-22T01:54:15.349568"}
{"op_code":5,"worker_id":"65621591-6ed3-46d5-85f6-3172b5f690ea-140737350539072","trial_id":90,"param_name":"learning_rate","param_value_internal":0.012978125439171857,"distribution":"{\"name\": \"FloatDistribution\", \"attributes\": {\"step\": null, \"low\": 0.001, \"high\": 10.0, \"log\": true}}"}
{"op_code":5,"worker_id":"65621591-6ed3-46d5-85f6-3172b5f690ea-140737350539072","trial_id":90,"param_name":"transfer_lr","param_value_internal":95.50058636738237,"distribution":"{\"name\": \"FloatDistribution\", \"attributes\": {\"step\": null, \"low\": 0.0001, \"high\": 100.0, \"log\": true}}"}
{"op_code":5,"worker_id":"65621591-6ed3-46d5-85f6-3172b5f690ea-140737350539072","trial_id":90,"param_name":"transfer_every","param_value_internal":64.0,"distribution":"{\"name\": \"IntDistribution\", \"attributes\": {\"log\": true, \"step\": 1, \"low\": 64, \"high\": 32000}}"}
{"op_code":5,"worker_id":"65621591-6ed3-46d5-85f6-3172b5f690ea-140737350539072","trial_id":90,"param_name":"rank_exp","param_value_internal":5.0,"distribution":"{\"name\": \"IntDistribution\", \"attributes\": {\"log\": false, \"step\": 1, \"low\": 0, \"high\": 5}}"}
{"op_code":5,"worker_id":"65621591-6ed3-46d5-85f6-3172b5f690ea-140737350539072","trial_id":90,"param_name":"lora_alpha","param_value_internal":0.0001,"distribution":"{\"name\": \"FloatDistribution\", \"attributes\": {\"step\": null, \"low\": 0.0001, \"high\": 100.0, \"log\": true}}"}
{"op_code":5,"worker_id":"65621591-6ed3-46d5-85f6-3172b5f690ea-140737350539072","trial_id":90,"param_name":"tau_sec","param_value_internal":0.0,"distribution":"{\"name\": \"FloatDistribution\", \"attributes\": {\"step\": null, \"low\": 0.0, \"high\": 0.0, \"log\": false}}"}
{"op_code":5,"worker_id":"65621591-6ed3-46d5-85f6-3172b5f690ea-140737350539072","trial_id":90,"param_name":"out_noise","param_value_internal":0.0,"distribution":"{\"name\": \"FloatDistribution\", \"attributes\": {\"step\": null, \"low\": 0.0, \"high\": 0.0, \"log\": false}}"}
{"op_code":5,"worker_id":"65621591-6ed3-46d5-85f6-3172b5f690ea-140737350539072","trial_id":90,"param_name":"ab_weight_scaling_omega","param_value_internal":0.0,"distribution":"{\"name\": \"FloatDistribution\", \"attributes\": {\"step\": null, \"low\": 0.0, \"high\": 0.0, \"log\": false}}"}
{"op_code":5,"worker_id":"65621591-6ed3-46d5-85f6-3172b5f690ea-140737350539072","trial_id":90,"param_name":"min_lr_rate","param_value_internal":0.0,"distribution":"{\"name\": \"FloatDistribution\", \"attributes\": {\"step\": null, \"low\": 0.0, \"high\": 0.0, \"log\": false}}"}
{"op_code":7,"worker_id":"65621591-6ed3-46d5-85f6-3172b5f690ea-140737350539072","trial_id":90,"step":1,"intermediate_value":0.0}
{"op_code":8,"worker_id":"65621591-6ed3-46d5-85f6-3172b5f690ea-140737350539072","trial_id":90,"user_attr":{"train_loss_epoch_1":21686261.591304347}}
{"op_code":8,"worker_id":"65621591-6ed3-46d5-85f6-3172b5f690ea-140737350539072","trial_id":90,"user_attr":{"val_loss_epoch_1":10810735.0}}
{"op_code":7,"worker_id":"65621591-6ed3-46d5-85f6-3172b5f690ea-140737350539072","trial_id":90,"step":2,"intermediate_value":0.0}
{"op_code":8,"worker_id":"65621591-6ed3-46d5-85f6-3172b5f690ea-140737350539072","trial_id":90,"user_attr":{"train_loss_epoch_2":1798620.1836192256}}
{"op_code":8,"worker_id":"65621591-6ed3-46d5-85f6-3172b5f690ea-140737350539072","trial_id":90,"user_attr":{"val_loss_epoch_2":324158.453125}}
{"op_code":7,"worker_id":"65621591-6ed3-46d5-85f6-3172b5f690ea-140737350539072","trial_id":90,"step":3,"intermediate_value":0.0}
{"op_code":8,"worker_id":"65621591-6ed3-46d5-85f6-3172b5f690ea-140737350539072","trial_id":90,"user_attr":{"train_loss_epoch_3":244108.17991890284}}
{"op_code":8,"worker_id":"65621591-6ed3-46d5-85f6-3172b5f690ea-140737350539072","trial_id":90,"user_attr":{"val_loss_epoch_3":86480.9375}}
{"op_code":7,"worker_id":"65621591-6ed3-46d5-85f6-3172b5f690ea-140737350539072","trial_id":90,"step":4,"intermediate_value":0.0}
{"op_code":8,"worker_id":"65621591-6ed3-46d5-85f6-3172b5f690ea-140737350539072","trial_id":90,"user_attr":{"train_loss_epoch_4":220258.33746603262}}
{"op_code":8,"worker_id":"65621591-6ed3-46d5-85f6-3172b5f690ea-140737350539072","trial_id":90,"user_attr":{"val_loss_epoch_4":69869.96484375}}
{"op_code":7,"worker_id":"65621591-6ed3-46d5-85f6-3172b5f690ea-140737350539072","trial_id":90,"step":5,"intermediate_value":0.0}
{"op_code":8,"worker_id":"65621591-6ed3-46d5-85f6-3172b5f690ea-140737350539072","trial_id":90,"user_attr":{"train_loss_epoch_5":195563.21793478262}}
{"op_code":8,"worker_id":"65621591-6ed3-46d5-85f6-3172b5f690ea-140737350539072","trial_id":90,"user_attr":{"val_loss_epoch_5":53835.4921875}}
{"op_code":7,"worker_id":"65621591-6ed3-46d5-85f6-3172b5f690ea-140737350539072","trial_id":90,"step":6,"intermediate_value":81.22270742358079}
{"op_code":8,"worker_id":"65621591-6ed3-46d5-85f6-3172b5f690ea-140737350539072","trial_id":90,"user_attr":{"train_loss_epoch_6":176055.34782608695}}
{"op_code":8,"worker_id":"65621591-6ed3-46d5-85f6-3172b5f690ea-140737350539072","trial_id":90,"user_attr":{"val_loss_epoch_6":8965.30078125}}
{"op_code":7,"worker_id":"65621591-6ed3-46d5-85f6-3172b5f690ea-140737350539072","trial_id":90,"step":7,"intermediate_value":81.22270742358079}
{"op_code":8,"worker_id":"65621591-6ed3-46d5-85f6-3172b5f690ea-140737350539072","trial_id":90,"user_attr":{"train_loss_epoch_7":150023.56417607848}}
{"op_code":8,"worker_id":"65621591-6ed3-46d5-85f6-3172b5f690ea-140737350539072","trial_id":90,"user_attr":{"val_loss_epoch_7":10071.68603515625}}
{"op_code":7,"worker_id":"65621591-6ed3-46d5-85f6-3172b5f690ea-140737350539072","trial_id":90,"step":8,"intermediate_value":81.22270742358079}
{"op_code":8,"worker_id":"65621591-6ed3-46d5-85f6-3172b5f690ea-140737350539072","trial_id":90,"user_attr":{"train_loss_epoch_8":141682.43352581523}}
{"op_code":8,"worker_id":"65621591-6ed3-46d5-85f6-3172b5f690ea-140737350539072","trial_id":90,"user_attr":{"val_loss_epoch_8":45008.765625}}
{"op_code":6,"worker_id":"65621591-6ed3-46d5-85f6-3172b5f690ea-140737350539072","trial_id":90,"state":1,"values":[81.22270742358079],"datetime_complete":"2026-02-22T01:57:18.810619"}
{"op_code":4,"worker_id":"65621591-6ed3-46d5-85f6-3172b5f690ea-140737350539072","study_id":0,"datetime_start":"2026-02-22T01:57:18.823186"}
{"op_code":5,"worker_id":"65621591-6ed3-46d5-85f6-3172b5f690ea-140737350539072","trial_id":91,"param_name":"learning_rate","param_value_internal":0.0026600574335088833,"distribution":"{\"name\": \"FloatDistribution\", \"attributes\": {\"step\": null, \"low\": 0.001, \"high\": 10.0, \"log\": true}}"}
{"op_code":5,"worker_id":"65621591-6ed3-46d5-85f6-3172b5f690ea-140737350539072","trial_id":91,"param_name":"transfer_lr","param_value_internal":0.014978993014603632,"distribution":"{\"name\": \"FloatDistribution\", \"attributes\": {\"step\": null, \"low\": 0.0001, \"high\": 100.0, \"log\": true}}"}
{"op_code":5,"worker_id":"65621591-6ed3-46d5-85f6-3172b5f690ea-140737350539072","trial_id":91,"param_name":"transfer_every","param_value_internal":64.0,"distribution":"{\"name\": \"IntDistribution\", \"attributes\": {\"log\": true, \"step\": 1, \"low\": 64, \"high\": 32000}}"}
{"op_code":5,"worker_id":"65621591-6ed3-46d5-85f6-3172b5f690ea-140737350539072","trial_id":91,"param_name":"rank_exp","param_value_internal":2.0,"distribution":"{\"name\": \"IntDistribution\", \"attributes\": {\"log\": false, \"step\": 1, \"low\": 0, \"high\": 5}}"}
{"op_code":5,"worker_id":"65621591-6ed3-46d5-85f6-3172b5f690ea-140737350539072","trial_id":91,"param_name":"lora_alpha","param_value_internal":8.6793059942391,"distribution":"{\"name\": \"FloatDistribution\", \"attributes\": {\"step\": null, \"low\": 0.0001, \"high\": 100.0, \"log\": true}}"}
{"op_code":5,"worker_id":"65621591-6ed3-46d5-85f6-3172b5f690ea-140737350539072","trial_id":91,"param_name":"tau_sec","param_value_internal":0.0,"distribution":"{\"name\": \"FloatDistribution\", \"attributes\": {\"step\": null, \"low\": 0.0, \"high\": 0.0, \"log\": false}}"}
{"op_code":5,"worker_id":"65621591-6ed3-46d5-85f6-3172b5f690ea-140737350539072","trial_id":91,"param_name":"out_noise","param_value_internal":0.0,"distribution":"{\"name\": \"FloatDistribution\", \"attributes\": {\"step\": null, \"low\": 0.0, \"high\": 0.0, \"log\": false}}"}
{"op_code":5,"worker_id":"65621591-6ed3-46d5-85f6-3172b5f690ea-140737350539072","trial_id":91,"param_name":"ab_weight_scaling_omega","param_value_internal":0.0,"distribution":"{\"name\": \"FloatDistribution\", \"attributes\": {\"step\": null, \"low\": 0.0, \"high\": 0.0, \"log\": false}}"}
{"op_code":5,"worker_id":"65621591-6ed3-46d5-85f6-3172b5f690ea-140737350539072","trial_id":91,"param_name":"min_lr_rate","param_value_internal":0.0,"distribution":"{\"name\": \"FloatDistribution\", \"attributes\": {\"step\": null, \"low\": 0.0, \"high\": 0.0, \"log\": false}}"}
{"op_code":7,"worker_id":"65621591-6ed3-46d5-85f6-3172b5f690ea-140737350539072","trial_id":91,"step":1,"intermediate_value":0.0}
{"op_code":8,"worker_id":"65621591-6ed3-46d5-85f6-3172b5f690ea-140737350539072","trial_id":91,"user_attr":{"train_loss_epoch_1":25999048.70258152}}
{"op_code":8,"worker_id":"65621591-6ed3-46d5-85f6-3172b5f690ea-140737350539072","trial_id":91,"user_attr":{"val_loss_epoch_1":13684158.0}}
{"op_code":7,"worker_id":"65621591-6ed3-46d5-85f6-3172b5f690ea-140737350539072","trial_id":91,"step":2,"intermediate_value":81.22270742358079}
{"op_code":8,"worker_id":"65621591-6ed3-46d5-85f6-3172b5f690ea-140737350539072","trial_id":91,"user_attr":{"train_loss_epoch_2":21193824.200543478}}
{"op_code":8,"worker_id":"65621591-6ed3-46d5-85f6-3172b5f690ea-140737350539072","trial_id":91,"user_attr":{"val_loss_epoch_2":11150394.0}}
{"op_code":7,"worker_id":"65621591-6ed3-46d5-85f6-3172b5f690ea-140737350539072","trial_id":91,"step":3,"intermediate_value":81.22270742358079}
{"op_code":8,"worker_id":"65621591-6ed3-46d5-85f6-3172b5f690ea-140737350539072","trial_id":91,"user_attr":{"train_loss_epoch_3":16183841.838315217}}
{"op_code":8,"worker_id":"65621591-6ed3-46d5-85f6-3172b5f690ea-140737350539072","trial_id":91,"user_attr":{"val_loss_epoch_3":6741862.5}}
{"op_code":7,"worker_id":"65621591-6ed3-46d5-85f6-3172b5f690ea-140737350539072","trial_id":91,"step":4,"intermediate_value":81.22270742358079}
{"op_code":8,"worker_id":"65621591-6ed3-46d5-85f6-3172b5f690ea-140737350539072","trial_id":91,"user_attr":{"train_loss_epoch_4":11159382.264130434}}
{"op_code":8,"worker_id":"65621591-6ed3-46d5-85f6-3172b5f690ea-140737350539072","trial_id":91,"user_attr":{"val_loss_epoch_4":9583180.5}}
{"op_code":7,"worker_id":"65621591-6ed3-46d5-85f6-3172b5f690ea-140737350539072","trial_id":91,"step":5,"intermediate_value":81.22270742358079}
{"op_code":8,"worker_id":"65621591-6ed3-46d5-85f6-3172b5f690ea-140737350539072","trial_id":91,"user_attr":{"train_loss_epoch_5":6227804.9893002715}}
{"op_code":8,"worker_id":"65621591-6ed3-46d5-85f6-3172b5f690ea-140737350539072","trial_id":91,"user_attr":{"val_loss_epoch_5":2992230.125}}
{"op_code":7,"worker_id":"65621591-6ed3-46d5-85f6-3172b5f690ea-140737350539072","trial_id":91,"step":6,"intermediate_value":81.22270742358079}
{"op_code":8,"worker_id":"65621591-6ed3-46d5-85f6-3172b5f690ea-140737350539072","trial_id":91,"user_attr":{"train_loss_epoch_6":2183865.9016983695}}
{"op_code":8,"worker_id":"65621591-6ed3-46d5-85f6-3172b5f690ea-140737350539072","trial_id":91,"user_attr":{"val_loss_epoch_6":513486.75}}
{"op_code":7,"worker_id":"65621591-6ed3-46d5-85f6-3172b5f690ea-140737350539072","trial_id":91,"step":7,"intermediate_value":81.22270742358079}
{"op_code":8,"worker_id":"65621591-6ed3-46d5-85f6-3172b5f690ea-140737350539072","trial_id":91,"user_attr":{"train_loss_epoch_7":292624.63207019307}}
{"op_code":8,"worker_id":"65621591-6ed3-46d5-85f6-3172b5f690ea-140737350539072","trial_id":91,"user_attr":{"val_loss_epoch_7":55260.638671875}}
{"op_code":7,"worker_id":"65621591-6ed3-46d5-85f6-3172b5f690ea-140737350539072","trial_id":91,"step":8,"intermediate_value":81.22270742358079}
{"op_code":8,"worker_id":"65621591-6ed3-46d5-85f6-3172b5f690ea-140737350539072","trial_id":91,"user_attr":{"train_loss_epoch_8":28787.163037109374}}
{"op_code":8,"worker_id":"65621591-6ed3-46d5-85f6-3172b5f690ea-140737350539072","trial_id":91,"user_attr":{"val_loss_epoch_8":8940.4130859375}}
{"op_code":7,"worker_id":"65621591-6ed3-46d5-85f6-3172b5f690ea-140737350539072","trial_id":91,"step":9,"intermediate_value":81.22270742358079}
{"op_code":8,"worker_id":"65621591-6ed3-46d5-85f6-3172b5f690ea-140737350539072","trial_id":91,"user_attr":{"train_loss_epoch_9":23564.125428838317}}
{"op_code":8,"worker_id":"65621591-6ed3-46d5-85f6-3172b5f690ea-140737350539072","trial_id":91,"user_attr":{"val_loss_epoch_9":107.12115478515625}}
{"op_code":7,"worker_id":"65621591-6ed3-46d5-85f6-3172b5f690ea-140737350539072","trial_id":91,"step":10,"intermediate_value":81.22270742358079}
{"op_code":8,"worker_id":"65621591-6ed3-46d5-85f6-3172b5f690ea-140737350539072","trial_id":91,"user_attr":{"train_loss_epoch_10":19185.894640980598}}
{"op_code":8,"worker_id":"65621591-6ed3-46d5-85f6-3172b5f690ea-140737350539072","trial_id":91,"user_attr":{"val_loss_epoch_10":7920.35400390625}}
{"op_code":7,"worker_id":"65621591-6ed3-46d5-85f6-3172b5f690ea-140737350539072","trial_id":91,"step":11,"intermediate_value":81.22270742358079}
{"op_code":8,"worker_id":"65621591-6ed3-46d5-85f6-3172b5f690ea-140737350539072","trial_id":91,"user_attr":{"train_loss_epoch_11":15003.181496263587}}
{"op_code":8,"worker_id":"65621591-6ed3-46d5-85f6-3172b5f690ea-140737350539072","trial_id":91,"user_attr":{"val_loss_epoch_11":9066.5986328125}}
{"op_code":6,"worker_id":"65621591-6ed3-46d5-85f6-3172b5f690ea-140737350539072","trial_id":91,"state":1,"values":[81.22270742358079],"datetime_complete":"2026-02-22T02:02:19.402753"}
{"op_code":4,"worker_id":"65621591-6ed3-46d5-85f6-3172b5f690ea-140737350539072","study_id":0,"datetime_start":"2026-02-22T02:02:19.414851"}
{"op_code":5,"worker_id":"65621591-6ed3-46d5-85f6-3172b5f690ea-140737350539072","trial_id":92,"param_name":"learning_rate","param_value_internal":0.001027885359691577,"distribution":"{\"name\": \"FloatDistribution\", \"attributes\": {\"step\": null, \"low\": 0.001, \"high\": 10.0, \"log\": true}}"}
{"op_code":5,"worker_id":"65621591-6ed3-46d5-85f6-3172b5f690ea-140737350539072","trial_id":92,"param_name":"transfer_lr","param_value_internal":0.0001,"distribution":"{\"name\": \"FloatDistribution\", \"attributes\": {\"step\": null, \"low\": 0.0001, \"high\": 100.0, \"log\": true}}"}
{"op_code":5,"worker_id":"65621591-6ed3-46d5-85f6-3172b5f690ea-140737350539072","trial_id":92,"param_name":"transfer_every","param_value_internal":32000.0,"distribution":"{\"name\": \"IntDistribution\", \"attributes\": {\"log\": true, \"step\": 1, \"low\": 64, \"high\": 32000}}"}
{"op_code":5,"worker_id":"65621591-6ed3-46d5-85f6-3172b5f690ea-140737350539072","trial_id":92,"param_name":"rank_exp","param_value_internal":4.0,"distribution":"{\"name\": \"IntDistribution\", \"attributes\": {\"log\": false, \"step\": 1, \"low\": 0, \"high\": 5}}"}
{"op_code":5,"worker_id":"65621591-6ed3-46d5-85f6-3172b5f690ea-140737350539072","trial_id":92,"param_name":"lora_alpha","param_value_internal":0.0001,"distribution":"{\"name\": \"FloatDistribution\", \"attributes\": {\"step\": null, \"low\": 0.0001, \"high\": 100.0, \"log\": true}}"}
{"op_code":5,"worker_id":"65621591-6ed3-46d5-85f6-3172b5f690ea-140737350539072","trial_id":92,"param_name":"tau_sec","param_value_internal":0.0,"distribution":"{\"name\": \"FloatDistribution\", \"attributes\": {\"step\": null, \"low\": 0.0, \"high\": 0.0, \"log\": false}}"}
{"op_code":5,"worker_id":"65621591-6ed3-46d5-85f6-3172b5f690ea-140737350539072","trial_id":92,"param_name":"out_noise","param_value_internal":0.0,"distribution":"{\"name\": \"FloatDistribution\", \"attributes\": {\"step\": null, \"low\": 0.0, \"high\": 0.0, \"log\": false}}"}
{"op_code":5,"worker_id":"65621591-6ed3-46d5-85f6-3172b5f690ea-140737350539072","trial_id":92,"param_name":"ab_weight_scaling_omega","param_value_internal":0.0,"distribution":"{\"name\": \"FloatDistribution\", \"attributes\": {\"step\": null, \"low\": 0.0, \"high\": 0.0, \"log\": false}}"}
{"op_code":5,"worker_id":"65621591-6ed3-46d5-85f6-3172b5f690ea-140737350539072","trial_id":92,"param_name":"min_lr_rate","param_value_internal":0.0,"distribution":"{\"name\": \"FloatDistribution\", \"attributes\": {\"step\": null, \"low\": 0.0, \"high\": 0.0, \"log\": false}}"}
{"op_code":7,"worker_id":"65621591-6ed3-46d5-85f6-3172b5f690ea-140737350539072","trial_id":92,"step":1,"intermediate_value":81.22270742358079}
{"op_code":8,"worker_id":"65621591-6ed3-46d5-85f6-3172b5f690ea-140737350539072","trial_id":92,"user_attr":{"train_loss_epoch_1":27152982.922554348}}
{"op_code":8,"worker_id":"65621591-6ed3-46d5-85f6-3172b5f690ea-140737350539072","trial_id":92,"user_attr":{"val_loss_epoch_1":9853318.5}}
{"op_code":7,"worker_id":"65621591-6ed3-46d5-85f6-3172b5f690ea-140737350539072","trial_id":92,"step":2,"intermediate_value":81.22270742358079}
{"op_code":8,"worker_id":"65621591-6ed3-46d5-85f6-3172b5f690ea-140737350539072","trial_id":92,"user_attr":{"train_loss_epoch_2":25307004.504891306}}
{"op_code":8,"worker_id":"65621591-6ed3-46d5-85f6-3172b5f690ea-140737350539072","trial_id":92,"user_attr":{"val_loss_epoch_2":1671508.0625}}
{"op_code":7,"worker_id":"65621591-6ed3-46d5-85f6-3172b5f690ea-140737350539072","trial_id":92,"step":3,"intermediate_value":81.22270742358079}
{"op_code":8,"worker_id":"65621591-6ed3-46d5-85f6-3172b5f690ea-140737350539072","trial_id":92,"user_attr":{"train_loss_epoch_3":23750146.264130436}}
{"op_code":8,"worker_id":"65621591-6ed3-46d5-85f6-3172b5f690ea-140737350539072","trial_id":92,"user_attr":{"val_loss_epoch_3":23886224.0}}
{"op_code":7,"worker_id":"65621591-6ed3-46d5-85f6-3172b5f690ea-140737350539072","trial_id":92,"step":4,"intermediate_value":81.22270742358079}
{"op_code":8,"worker_id":"65621591-6ed3-46d5-85f6-3172b5f690ea-140737350539072","trial_id":92,"user_attr":{"train_loss_epoch_4":21498571.616270382}}
{"op_code":8,"worker_id":"65621591-6ed3-46d5-85f6-3172b5f690ea-140737350539072","trial_id":92,"user_attr":{"val_loss_epoch_4":4369146.5}}
{"op_code":6,"worker_id":"65621591-6ed3-46d5-85f6-3172b5f690ea-140737350539072","trial_id":92,"state":1,"values":[81.22270742358079],"datetime_complete":"2026-02-22T02:05:49.673662"}
{"op_code":4,"worker_id":"65621591-6ed3-46d5-85f6-3172b5f690ea-140737350539072","study_id":0,"datetime_start":"2026-02-22T02:05:49.684397"}
{"op_code":5,"worker_id":"65621591-6ed3-46d5-85f6-3172b5f690ea-140737350539072","trial_id":93,"param_name":"learning_rate","param_value_internal":0.009142212662142865,"distribution":"{\"name\": \"FloatDistribution\", \"attributes\": {\"step\": null, \"low\": 0.001, \"high\": 10.0, \"log\": true}}"}
{"op_code":5,"worker_id":"65621591-6ed3-46d5-85f6-3172b5f690ea-140737350539072","trial_id":93,"param_name":"transfer_lr","param_value_internal":6.408157721024402,"distribution":"{\"name\": \"FloatDistribution\", \"attributes\": {\"step\": null, \"low\": 0.0001, \"high\": 100.0, \"log\": true}}"}
{"op_code":5,"worker_id":"65621591-6ed3-46d5-85f6-3172b5f690ea-140737350539072","trial_id":93,"param_name":"transfer_every","param_value_internal":64.0,"distribution":"{\"name\": \"IntDistribution\", \"attributes\": {\"log\": true, \"step\": 1, \"low\": 64, \"high\": 32000}}"}
{"op_code":5,"worker_id":"65621591-6ed3-46d5-85f6-3172b5f690ea-140737350539072","trial_id":93,"param_name":"rank_exp","param_value_internal":2.0,"distribution":"{\"name\": \"IntDistribution\", \"attributes\": {\"log\": false, \"step\": 1, \"low\": 0, \"high\": 5}}"}
{"op_code":5,"worker_id":"65621591-6ed3-46d5-85f6-3172b5f690ea-140737350539072","trial_id":93,"param_name":"lora_alpha","param_value_internal":0.0001,"distribution":"{\"name\": \"FloatDistribution\", \"attributes\": {\"step\": null, \"low\": 0.0001, \"high\": 100.0, \"log\": true}}"}
{"op_code":5,"worker_id":"65621591-6ed3-46d5-85f6-3172b5f690ea-140737350539072","trial_id":93,"param_name":"tau_sec","param_value_internal":0.0,"distribution":"{\"name\": \"FloatDistribution\", \"attributes\": {\"step\": null, \"low\": 0.0, \"high\": 0.0, \"log\": false}}"}
{"op_code":5,"worker_id":"65621591-6ed3-46d5-85f6-3172b5f690ea-140737350539072","trial_id":93,"param_name":"out_noise","param_value_internal":0.0,"distribution":"{\"name\": \"FloatDistribution\", \"attributes\": {\"step\": null, \"low\": 0.0, \"high\": 0.0, \"log\": false}}"}
{"op_code":5,"worker_id":"65621591-6ed3-46d5-85f6-3172b5f690ea-140737350539072","trial_id":93,"param_name":"ab_weight_scaling_omega","param_value_internal":0.0,"distribution":"{\"name\": \"FloatDistribution\", \"attributes\": {\"step\": null, \"low\": 0.0, \"high\": 0.0, \"log\": false}}"}
{"op_code":5,"worker_id":"65621591-6ed3-46d5-85f6-3172b5f690ea-140737350539072","trial_id":93,"param_name":"min_lr_rate","param_value_internal":0.0,"distribution":"{\"name\": \"FloatDistribution\", \"attributes\": {\"step\": null, \"low\": 0.0, \"high\": 0.0, \"log\": false}}"}
{"op_code":7,"worker_id":"65621591-6ed3-46d5-85f6-3172b5f690ea-140737350539072","trial_id":93,"step":1,"intermediate_value":81.22270742358079}
{"op_code":8,"worker_id":"65621591-6ed3-46d5-85f6-3172b5f690ea-140737350539072","trial_id":93,"user_attr":{"train_loss_epoch_1":23273587.076358695}}
{"op_code":8,"worker_id":"65621591-6ed3-46d5-85f6-3172b5f690ea-140737350539072","trial_id":93,"user_attr":{"val_loss_epoch_1":6628118.75}}
{"op_code":7,"worker_id":"65621591-6ed3-46d5-85f6-3172b5f690ea-140737350539072","trial_id":93,"step":2,"intermediate_value":81.22270742358079}
{"op_code":8,"worker_id":"65621591-6ed3-46d5-85f6-3172b5f690ea-140737350539072","trial_id":93,"user_attr":{"train_loss_epoch_2":5218952.417454993}}
{"op_code":8,"worker_id":"65621591-6ed3-46d5-85f6-3172b5f690ea-140737350539072","trial_id":93,"user_attr":{"val_loss_epoch_2":168149.1484375}}
{"op_code":7,"worker_id":"65621591-6ed3-46d5-85f6-3172b5f690ea-140737350539072","trial_id":93,"step":3,"intermediate_value":81.22270742358079}
{"op_code":8,"worker_id":"65621591-6ed3-46d5-85f6-3172b5f690ea-140737350539072","trial_id":93,"user_attr":{"train_loss_epoch_3":173070.9583029042}}
{"op_code":8,"worker_id":"65621591-6ed3-46d5-85f6-3172b5f690ea-140737350539072","trial_id":93,"user_attr":{"val_loss_epoch_3":4367.546630859375}}
{"op_code":7,"worker_id":"65621591-6ed3-46d5-85f6-3172b5f690ea-140737350539072","trial_id":93,"step":4,"intermediate_value":81.22270742358079}
{"op_code":8,"worker_id":"65621591-6ed3-46d5-85f6-3172b5f690ea-140737350539072","trial_id":93,"user_attr":{"train_loss_epoch_4":140442.19733992868}}
{"op_code":8,"worker_id":"65621591-6ed3-46d5-85f6-3172b5f690ea-140737350539072","trial_id":93,"user_attr":{"val_loss_epoch_4":109582.8515625}}
{"op_code":7,"worker_id":"65621591-6ed3-46d5-85f6-3172b5f690ea-140737350539072","trial_id":93,"step":5,"intermediate_value":81.22270742358079}
{"op_code":8,"worker_id":"65621591-6ed3-46d5-85f6-3172b5f690ea-140737350539072","trial_id":93,"user_attr":{"train_loss_epoch_5":143598.25421195652}}
{"op_code":8,"worker_id":"65621591-6ed3-46d5-85f6-3172b5f690ea-140737350539072","trial_id":93,"user_attr":{"val_loss_epoch_5":14572.17822265625}}
{"op_code":6,"worker_id":"65621591-6ed3-46d5-85f6-3172b5f690ea-140737350539072","trial_id":93,"state":1,"values":[81.22270742358079],"datetime_complete":"2026-02-22T02:07:59.299114"}
{"op_code":4,"worker_id":"65621591-6ed3-46d5-85f6-3172b5f690ea-140737350539072","study_id":0,"datetime_start":"2026-02-22T02:07:59.318598"}
{"op_code":5,"worker_id":"65621591-6ed3-46d5-85f6-3172b5f690ea-140737350539072","trial_id":94,"param_name":"learning_rate","param_value_internal":0.009334524963656936,"distribution":"{\"name\": \"FloatDistribution\", \"attributes\": {\"step\": null, \"low\": 0.001, \"high\": 10.0, \"log\": true}}"}
{"op_code":5,"worker_id":"65621591-6ed3-46d5-85f6-3172b5f690ea-140737350539072","trial_id":94,"param_name":"transfer_lr","param_value_internal":4.003023950461584,"distribution":"{\"name\": \"FloatDistribution\", \"attributes\": {\"step\": null, \"low\": 0.0001, \"high\": 100.0, \"log\": true}}"}
{"op_code":5,"worker_id":"65621591-6ed3-46d5-85f6-3172b5f690ea-140737350539072","trial_id":94,"param_name":"transfer_every","param_value_internal":32000.0,"distribution":"{\"name\": \"IntDistribution\", \"attributes\": {\"log\": true, \"step\": 1, \"low\": 64, \"high\": 32000}}"}
{"op_code":5,"worker_id":"65621591-6ed3-46d5-85f6-3172b5f690ea-140737350539072","trial_id":94,"param_name":"rank_exp","param_value_internal":5.0,"distribution":"{\"name\": \"IntDistribution\", \"attributes\": {\"log\": false, \"step\": 1, \"low\": 0, \"high\": 5}}"}
{"op_code":5,"worker_id":"65621591-6ed3-46d5-85f6-3172b5f690ea-140737350539072","trial_id":94,"param_name":"lora_alpha","param_value_internal":0.0001,"distribution":"{\"name\": \"FloatDistribution\", \"attributes\": {\"step\": null, \"low\": 0.0001, \"high\": 100.0, \"log\": true}}"}
{"op_code":5,"worker_id":"65621591-6ed3-46d5-85f6-3172b5f690ea-140737350539072","trial_id":94,"param_name":"tau_sec","param_value_internal":0.0,"distribution":"{\"name\": \"FloatDistribution\", \"attributes\": {\"step\": null, \"low\": 0.0, \"high\": 0.0, \"log\": false}}"}
{"op_code":5,"worker_id":"65621591-6ed3-46d5-85f6-3172b5f690ea-140737350539072","trial_id":94,"param_name":"out_noise","param_value_internal":0.0,"distribution":"{\"name\": \"FloatDistribution\", \"attributes\": {\"step\": null, \"low\": 0.0, \"high\": 0.0, \"log\": false}}"}
{"op_code":5,"worker_id":"65621591-6ed3-46d5-85f6-3172b5f690ea-140737350539072","trial_id":94,"param_name":"ab_weight_scaling_omega","param_value_internal":0.0,"distribution":"{\"name\": \"FloatDistribution\", \"attributes\": {\"step\": null, \"low\": 0.0, \"high\": 0.0, \"log\": false}}"}
{"op_code":5,"worker_id":"65621591-6ed3-46d5-85f6-3172b5f690ea-140737350539072","trial_id":94,"param_name":"min_lr_rate","param_value_internal":0.0,"distribution":"{\"name\": \"FloatDistribution\", \"attributes\": {\"step\": null, \"low\": 0.0, \"high\": 0.0, \"log\": false}}"}
{"op_code":7,"worker_id":"65621591-6ed3-46d5-85f6-3172b5f690ea-140737350539072","trial_id":94,"step":1,"intermediate_value":81.22270742358079}
{"op_code":8,"worker_id":"65621591-6ed3-46d5-85f6-3172b5f690ea-140737350539072","trial_id":94,"user_attr":{"train_loss_epoch_1":23044433.60353261}}
{"op_code":8,"worker_id":"65621591-6ed3-46d5-85f6-3172b5f690ea-140737350539072","trial_id":94,"user_attr":{"val_loss_epoch_1":15941493.5}}
{"op_code":7,"worker_id":"65621591-6ed3-46d5-85f6-3172b5f690ea-140737350539072","trial_id":94,"step":2,"intermediate_value":81.22270742358079}
{"op_code":8,"worker_id":"65621591-6ed3-46d5-85f6-3172b5f690ea-140737350539072","trial_id":94,"user_attr":{"train_loss_epoch_2":5139518.433578889}}
{"op_code":8,"worker_id":"65621591-6ed3-46d5-85f6-3172b5f690ea-140737350539072","trial_id":94,"user_attr":{"val_loss_epoch_2":180265.0234375}}
{"op_code":7,"worker_id":"65621591-6ed3-46d5-85f6-3172b5f690ea-140737350539072","trial_id":94,"step":3,"intermediate_value":81.22270742358079}
{"op_code":8,"worker_id":"65621591-6ed3-46d5-85f6-3172b5f690ea-140737350539072","trial_id":94,"user_attr":{"train_loss_epoch_3":176072.03388247284}}
{"op_code":8,"worker_id":"65621591-6ed3-46d5-85f6-3172b5f690ea-140737350539072","trial_id":94,"user_attr":{"val_loss_epoch_3":20090.0869140625}}
{"op_code":7,"worker_id":"65621591-6ed3-46d5-85f6-3172b5f690ea-140737350539072","trial_id":94,"step":4,"intermediate_value":81.22270742358079}
{"op_code":8,"worker_id":"65621591-6ed3-46d5-85f6-3172b5f690ea-140737350539072","trial_id":94,"user_attr":{"train_loss_epoch_4":154754.0166355299}}
{"op_code":8,"worker_id":"65621591-6ed3-46d5-85f6-3172b5f690ea-140737350539072","trial_id":94,"user_attr":{"val_loss_epoch_4":19108.8837890625}}
{"op_code":7,"worker_id":"65621591-6ed3-46d5-85f6-3172b5f690ea-140737350539072","trial_id":94,"step":5,"intermediate_value":81.22270742358079}
{"op_code":8,"worker_id":"65621591-6ed3-46d5-85f6-3172b5f690ea-140737350539072","trial_id":94,"user_attr":{"train_loss_epoch_5":137328.18415845788}}
{"op_code":8,"worker_id":"65621591-6ed3-46d5-85f6-3172b5f690ea-140737350539072","trial_id":94,"user_attr":{"val_loss_epoch_5":28513.1982421875}}
{"op_code":7,"worker_id":"65621591-6ed3-46d5-85f6-3172b5f690ea-140737350539072","trial_id":94,"step":6,"intermediate_value":81.22270742358079}
{"op_code":8,"worker_id":"65621591-6ed3-46d5-85f6-3172b5f690ea-140737350539072","trial_id":94,"user_attr":{"train_loss_epoch_6":94160.28092120627}}
{"op_code":8,"worker_id":"65621591-6ed3-46d5-85f6-3172b5f690ea-140737350539072","trial_id":94,"user_attr":{"val_loss_epoch_6":21802.9794921875}}
{"op_code":6,"worker_id":"65621591-6ed3-46d5-85f6-3172b5f690ea-140737350539072","trial_id":94,"state":1,"values":[81.22270742358079],"datetime_complete":"2026-02-22T02:11:21.844024"}
{"op_code":4,"worker_id":"65621591-6ed3-46d5-85f6-3172b5f690ea-140737350539072","study_id":0,"datetime_start":"2026-02-22T02:11:21.854557"}
{"op_code":5,"worker_id":"65621591-6ed3-46d5-85f6-3172b5f690ea-140737350539072","trial_id":95,"param_name":"learning_rate","param_value_internal":0.001027885359691577,"distribution":"{\"name\": \"FloatDistribution\", \"attributes\": {\"step\": null, \"low\": 0.001, \"high\": 10.0, \"log\": true}}"}
{"op_code":5,"worker_id":"65621591-6ed3-46d5-85f6-3172b5f690ea-140737350539072","trial_id":95,"param_name":"transfer_lr","param_value_internal":0.009773164401236621,"distribution":"{\"name\": \"FloatDistribution\", \"attributes\": {\"step\": null, \"low\": 0.0001, \"high\": 100.0, \"log\": true}}"}
{"op_code":5,"worker_id":"65621591-6ed3-46d5-85f6-3172b5f690ea-140737350539072","trial_id":95,"param_name":"transfer_every","param_value_internal":32000.0,"distribution":"{\"name\": \"IntDistribution\", \"attributes\": {\"log\": true, \"step\": 1, \"low\": 64, \"high\": 32000}}"}
{"op_code":5,"worker_id":"65621591-6ed3-46d5-85f6-3172b5f690ea-140737350539072","trial_id":95,"param_name":"rank_exp","param_value_internal":4.0,"distribution":"{\"name\": \"IntDistribution\", \"attributes\": {\"log\": false, \"step\": 1, \"low\": 0, \"high\": 5}}"}
{"op_code":5,"worker_id":"65621591-6ed3-46d5-85f6-3172b5f690ea-140737350539072","trial_id":95,"param_name":"lora_alpha","param_value_internal":0.0075381417322223174,"distribution":"{\"name\": \"FloatDistribution\", \"attributes\": {\"step\": null, \"low\": 0.0001, \"high\": 100.0, \"log\": true}}"}
{"op_code":5,"worker_id":"65621591-6ed3-46d5-85f6-3172b5f690ea-140737350539072","trial_id":95,"param_name":"tau_sec","param_value_internal":0.0,"distribution":"{\"name\": \"FloatDistribution\", \"attributes\": {\"step\": null, \"low\": 0.0, \"high\": 0.0, \"log\": false}}"}
{"op_code":5,"worker_id":"65621591-6ed3-46d5-85f6-3172b5f690ea-140737350539072","trial_id":95,"param_name":"out_noise","param_value_internal":0.0,"distribution":"{\"name\": \"FloatDistribution\", \"attributes\": {\"step\": null, \"low\": 0.0, \"high\": 0.0, \"log\": false}}"}
{"op_code":5,"worker_id":"65621591-6ed3-46d5-85f6-3172b5f690ea-140737350539072","trial_id":95,"param_name":"ab_weight_scaling_omega","param_value_internal":0.0,"distribution":"{\"name\": \"FloatDistribution\", \"attributes\": {\"step\": null, \"low\": 0.0, \"high\": 0.0, \"log\": false}}"}
{"op_code":5,"worker_id":"65621591-6ed3-46d5-85f6-3172b5f690ea-140737350539072","trial_id":95,"param_name":"min_lr_rate","param_value_internal":0.0,"distribution":"{\"name\": \"FloatDistribution\", \"attributes\": {\"step\": null, \"low\": 0.0, \"high\": 0.0, \"log\": false}}"}
{"op_code":7,"worker_id":"65621591-6ed3-46d5-85f6-3172b5f690ea-140737350539072","trial_id":95,"step":1,"intermediate_value":0.0}
{"op_code":8,"worker_id":"65621591-6ed3-46d5-85f6-3172b5f690ea-140737350539072","trial_id":95,"user_attr":{"train_loss_epoch_1":28366772.120788045}}
{"op_code":8,"worker_id":"65621591-6ed3-46d5-85f6-3172b5f690ea-140737350539072","trial_id":95,"user_attr":{"val_loss_epoch_1":685502.46875}}
{"op_code":7,"worker_id":"65621591-6ed3-46d5-85f6-3172b5f690ea-140737350539072","trial_id":95,"step":2,"intermediate_value":0.0}
{"op_code":8,"worker_id":"65621591-6ed3-46d5-85f6-3172b5f690ea-140737350539072","trial_id":95,"user_attr":{"train_loss_epoch_2":27259296.550815217}}
{"op_code":8,"worker_id":"65621591-6ed3-46d5-85f6-3172b5f690ea-140737350539072","trial_id":95,"user_attr":{"val_loss_epoch_2":3519229.0}}
{"op_code":7,"worker_id":"65621591-6ed3-46d5-85f6-3172b5f690ea-140737350539072","trial_id":95,"step":3,"intermediate_value":81.22270742358079}
{"op_code":8,"worker_id":"65621591-6ed3-46d5-85f6-3172b5f690ea-140737350539072","trial_id":95,"user_attr":{"train_loss_epoch_3":23406998.65244565}}
{"op_code":8,"worker_id":"65621591-6ed3-46d5-85f6-3172b5f690ea-140737350539072","trial_id":95,"user_attr":{"val_loss_epoch_3":16125625.5}}
{"op_code":6,"worker_id":"65621591-6ed3-46d5-85f6-3172b5f690ea-140737350539072","trial_id":95,"state":1,"values":[81.22270742358079],"datetime_complete":"2026-02-22T02:12:54.015745"}
{"op_code":4,"worker_id":"65621591-6ed3-46d5-85f6-3172b5f690ea-140737350539072","study_id":0,"datetime_start":"2026-02-22T02:12:54.029179"}
{"op_code":5,"worker_id":"65621591-6ed3-46d5-85f6-3172b5f690ea-140737350539072","trial_id":96,"param_name":"learning_rate","param_value_internal":0.010879452109974838,"distribution":"{\"name\": \"FloatDistribution\", \"attributes\": {\"step\": null, \"low\": 0.001, \"high\": 10.0, \"log\": true}}"}
{"op_code":5,"worker_id":"65621591-6ed3-46d5-85f6-3172b5f690ea-140737350539072","trial_id":96,"param_name":"transfer_lr","param_value_internal":0.0001,"distribution":"{\"name\": \"FloatDistribution\", \"attributes\": {\"step\": null, \"low\": 0.0001, \"high\": 100.0, \"log\": true}}"}
{"op_code":5,"worker_id":"65621591-6ed3-46d5-85f6-3172b5f690ea-140737350539072","trial_id":96,"param_name":"transfer_every","param_value_internal":64.0,"distribution":"{\"name\": \"IntDistribution\", \"attributes\": {\"log\": true, \"step\": 1, \"low\": 64, \"high\": 32000}}"}
{"op_code":5,"worker_id":"65621591-6ed3-46d5-85f6-3172b5f690ea-140737350539072","trial_id":96,"param_name":"rank_exp","param_value_internal":5.0,"distribution":"{\"name\": \"IntDistribution\", \"attributes\": {\"log\": false, \"step\": 1, \"low\": 0, \"high\": 5}}"}
{"op_code":5,"worker_id":"65621591-6ed3-46d5-85f6-3172b5f690ea-140737350539072","trial_id":96,"param_name":"lora_alpha","param_value_internal":3.8957428448734084,"distribution":"{\"name\": \"FloatDistribution\", \"attributes\": {\"step\": null, \"low\": 0.0001, \"high\": 100.0, \"log\": true}}"}
{"op_code":5,"worker_id":"65621591-6ed3-46d5-85f6-3172b5f690ea-140737350539072","trial_id":96,"param_name":"tau_sec","param_value_internal":0.0,"distribution":"{\"name\": \"FloatDistribution\", \"attributes\": {\"step\": null, \"low\": 0.0, \"high\": 0.0, \"log\": false}}"}
{"op_code":5,"worker_id":"65621591-6ed3-46d5-85f6-3172b5f690ea-140737350539072","trial_id":96,"param_name":"out_noise","param_value_internal":0.0,"distribution":"{\"name\": \"FloatDistribution\", \"attributes\": {\"step\": null, \"low\": 0.0, \"high\": 0.0, \"log\": false}}"}
{"op_code":5,"worker_id":"65621591-6ed3-46d5-85f6-3172b5f690ea-140737350539072","trial_id":96,"param_name":"ab_weight_scaling_omega","param_value_internal":0.0,"distribution":"{\"name\": \"FloatDistribution\", \"attributes\": {\"step\": null, \"low\": 0.0, \"high\": 0.0, \"log\": false}}"}
{"op_code":5,"worker_id":"65621591-6ed3-46d5-85f6-3172b5f690ea-140737350539072","trial_id":96,"param_name":"min_lr_rate","param_value_internal":0.0,"distribution":"{\"name\": \"FloatDistribution\", \"attributes\": {\"step\": null, \"low\": 0.0, \"high\": 0.0, \"log\": false}}"}
{"op_code":7,"worker_id":"65621591-6ed3-46d5-85f6-3172b5f690ea-140737350539072","trial_id":96,"step":1,"intermediate_value":81.22270742358079}
{"op_code":8,"worker_id":"65621591-6ed3-46d5-85f6-3172b5f690ea-140737350539072","trial_id":96,"user_attr":{"train_loss_epoch_1":23668096.479347825}}
{"op_code":8,"worker_id":"65621591-6ed3-46d5-85f6-3172b5f690ea-140737350539072","trial_id":96,"user_attr":{"val_loss_epoch_1":7240409.5}}
{"op_code":7,"worker_id":"65621591-6ed3-46d5-85f6-3172b5f690ea-140737350539072","trial_id":96,"step":2,"intermediate_value":81.22270742358079}
{"op_code":8,"worker_id":"65621591-6ed3-46d5-85f6-3172b5f690ea-140737350539072","trial_id":96,"user_attr":{"train_loss_epoch_2":2959747.940548573}}
{"op_code":8,"worker_id":"65621591-6ed3-46d5-85f6-3172b5f690ea-140737350539072","trial_id":96,"user_attr":{"val_loss_epoch_2":237743.4375}}
{"op_code":7,"worker_id":"65621591-6ed3-46d5-85f6-3172b5f690ea-140737350539072","trial_id":96,"step":3,"intermediate_value":81.22270742358079}
{"op_code":8,"worker_id":"65621591-6ed3-46d5-85f6-3172b5f690ea-140737350539072","trial_id":96,"user_attr":{"train_loss_epoch_3":195563.92564962636}}
{"op_code":8,"worker_id":"65621591-6ed3-46d5-85f6-3172b5f690ea-140737350539072","trial_id":96,"user_attr":{"val_loss_epoch_3":40218.73046875}}
{"op_code":7,"worker_id":"65621591-6ed3-46d5-85f6-3172b5f690ea-140737350539072","trial_id":96,"step":4,"intermediate_value":81.22270742358079}
{"op_code":8,"worker_id":"65621591-6ed3-46d5-85f6-3172b5f690ea-140737350539072","trial_id":96,"user_attr":{"train_loss_epoch_4":156991.13236986243}}
{"op_code":8,"worker_id":"65621591-6ed3-46d5-85f6-3172b5f690ea-140737350539072","trial_id":96,"user_attr":{"val_loss_epoch_4":114365.53125}}
{"op_code":7,"worker_id":"65621591-6ed3-46d5-85f6-3172b5f690ea-140737350539072","trial_id":96,"step":5,"intermediate_value":81.22270742358079}
{"op_code":8,"worker_id":"65621591-6ed3-46d5-85f6-3172b5f690ea-140737350539072","trial_id":96,"user_attr":{"train_loss_epoch_5":162892.106640625}}
{"op_code":8,"worker_id":"65621591-6ed3-46d5-85f6-3172b5f690ea-140737350539072","trial_id":96,"user_attr":{"val_loss_epoch_5":34944.40234375}}
{"op_code":7,"worker_id":"65621591-6ed3-46d5-85f6-3172b5f690ea-140737350539072","trial_id":96,"step":6,"intermediate_value":81.22270742358079}
{"op_code":8,"worker_id":"65621591-6ed3-46d5-85f6-3172b5f690ea-140737350539072","trial_id":96,"user_attr":{"train_loss_epoch_6":116469.60938349184}}
{"op_code":8,"worker_id":"65621591-6ed3-46d5-85f6-3172b5f690ea-140737350539072","trial_id":96,"user_attr":{"val_loss_epoch_6":75309.6015625}}
{"op_code":7,"worker_id":"65621591-6ed3-46d5-85f6-3172b5f690ea-140737350539072","trial_id":96,"step":7,"intermediate_value":81.22270742358079}
{"op_code":8,"worker_id":"65621591-6ed3-46d5-85f6-3172b5f690ea-140737350539072","trial_id":96,"user_attr":{"train_loss_epoch_7":130663.50988451087}}
{"op_code":8,"worker_id":"65621591-6ed3-46d5-85f6-3172b5f690ea-140737350539072","trial_id":96,"user_attr":{"val_loss_epoch_7":47089.513671875}}
{"op_code":6,"worker_id":"65621591-6ed3-46d5-85f6-3172b5f690ea-140737350539072","trial_id":96,"state":1,"values":[81.22270742358079],"datetime_complete":"2026-02-22T02:16:52.601505"}
{"op_code":4,"worker_id":"65621591-6ed3-46d5-85f6-3172b5f690ea-140737350539072","study_id":0,"datetime_start":"2026-02-22T02:16:52.610688"}
{"op_code":5,"worker_id":"65621591-6ed3-46d5-85f6-3172b5f690ea-140737350539072","trial_id":97,"param_name":"learning_rate","param_value_internal":0.008165297198694141,"distribution":"{\"name\": \"FloatDistribution\", \"attributes\": {\"step\": null, \"low\": 0.001, \"high\": 10.0, \"log\": true}}"}
{"op_code":5,"worker_id":"65621591-6ed3-46d5-85f6-3172b5f690ea-140737350539072","trial_id":97,"param_name":"transfer_lr","param_value_internal":0.0011352537440319967,"distribution":"{\"name\": \"FloatDistribution\", \"attributes\": {\"step\": null, \"low\": 0.0001, \"high\": 100.0, \"log\": true}}"}
{"op_code":5,"worker_id":"65621591-6ed3-46d5-85f6-3172b5f690ea-140737350539072","trial_id":97,"param_name":"transfer_every","param_value_internal":64.0,"distribution":"{\"name\": \"IntDistribution\", \"attributes\": {\"log\": true, \"step\": 1, \"low\": 64, \"high\": 32000}}"}
{"op_code":5,"worker_id":"65621591-6ed3-46d5-85f6-3172b5f690ea-140737350539072","trial_id":97,"param_name":"rank_exp","param_value_internal":5.0,"distribution":"{\"name\": \"IntDistribution\", \"attributes\": {\"log\": false, \"step\": 1, \"low\": 0, \"high\": 5}}"}
{"op_code":5,"worker_id":"65621591-6ed3-46d5-85f6-3172b5f690ea-140737350539072","trial_id":97,"param_name":"lora_alpha","param_value_internal":0.6246712823334909,"distribution":"{\"name\": \"FloatDistribution\", \"attributes\": {\"step\": null, \"low\": 0.0001, \"high\": 100.0, \"log\": true}}"}
{"op_code":5,"worker_id":"65621591-6ed3-46d5-85f6-3172b5f690ea-140737350539072","trial_id":97,"param_name":"tau_sec","param_value_internal":0.0,"distribution":"{\"name\": \"FloatDistribution\", \"attributes\": {\"step\": null, \"low\": 0.0, \"high\": 0.0, \"log\": false}}"}
{"op_code":5,"worker_id":"65621591-6ed3-46d5-85f6-3172b5f690ea-140737350539072","trial_id":97,"param_name":"out_noise","param_value_internal":0.0,"distribution":"{\"name\": \"FloatDistribution\", \"attributes\": {\"step\": null, \"low\": 0.0, \"high\": 0.0, \"log\": false}}"}
{"op_code":5,"worker_id":"65621591-6ed3-46d5-85f6-3172b5f690ea-140737350539072","trial_id":97,"param_name":"ab_weight_scaling_omega","param_value_internal":0.0,"distribution":"{\"name\": \"FloatDistribution\", \"attributes\": {\"step\": null, \"low\": 0.0, \"high\": 0.0, \"log\": false}}"}
{"op_code":5,"worker_id":"65621591-6ed3-46d5-85f6-3172b5f690ea-140737350539072","trial_id":97,"param_name":"min_lr_rate","param_value_internal":0.0,"distribution":"{\"name\": \"FloatDistribution\", \"attributes\": {\"step\": null, \"low\": 0.0, \"high\": 0.0, \"log\": false}}"}
{"op_code":7,"worker_id":"65621591-6ed3-46d5-85f6-3172b5f690ea-140737350539072","trial_id":97,"step":1,"intermediate_value":0.0}
{"op_code":8,"worker_id":"65621591-6ed3-46d5-85f6-3172b5f690ea-140737350539072","trial_id":97,"user_attr":{"train_loss_epoch_1":23713128.644836955}}
{"op_code":8,"worker_id":"65621591-6ed3-46d5-85f6-3172b5f690ea-140737350539072","trial_id":97,"user_attr":{"val_loss_epoch_1":9816585.5}}
{"op_code":7,"worker_id":"65621591-6ed3-46d5-85f6-3172b5f690ea-140737350539072","trial_id":97,"step":2,"intermediate_value":0.0}
{"op_code":8,"worker_id":"65621591-6ed3-46d5-85f6-3172b5f690ea-140737350539072","trial_id":97,"user_attr":{"train_loss_epoch_2":7423108.33685462}}
{"op_code":8,"worker_id":"65621591-6ed3-46d5-85f6-3172b5f690ea-140737350539072","trial_id":97,"user_attr":{"val_loss_epoch_2":171872.0234375}}
{"op_code":7,"worker_id":"65621591-6ed3-46d5-85f6-3172b5f690ea-140737350539072","trial_id":97,"step":3,"intermediate_value":0.0}
{"op_code":8,"worker_id":"65621591-6ed3-46d5-85f6-3172b5f690ea-140737350539072","trial_id":97,"user_attr":{"train_loss_epoch_3":156163.2634808084}}
{"op_code":8,"worker_id":"65621591-6ed3-46d5-85f6-3172b5f690ea-140737350539072","trial_id":97,"user_attr":{"val_loss_epoch_3":49561.1328125}}
{"op_code":7,"worker_id":"65621591-6ed3-46d5-85f6-3172b5f690ea-140737350539072","trial_id":97,"step":4,"intermediate_value":0.0}
{"op_code":8,"worker_id":"65621591-6ed3-46d5-85f6-3172b5f690ea-140737350539072","trial_id":97,"user_attr":{"train_loss_epoch_4":136374.2124490489}}
{"op_code":8,"worker_id":"65621591-6ed3-46d5-85f6-3172b5f690ea-140737350539072","trial_id":97,"user_attr":{"val_loss_epoch_4":27163.7431640625}}
{"op_code":7,"worker_id":"65621591-6ed3-46d5-85f6-3172b5f690ea-140737350539072","trial_id":97,"step":5,"intermediate_value":0.0}
{"op_code":8,"worker_id":"65621591-6ed3-46d5-85f6-3172b5f690ea-140737350539072","trial_id":97,"user_attr":{"train_loss_epoch_5":124560.87299592391}}
{"op_code":8,"worker_id":"65621591-6ed3-46d5-85f6-3172b5f690ea-140737350539072","trial_id":97,"user_attr":{"val_loss_epoch_5":52179.720703125}}
{"op_code":7,"worker_id":"65621591-6ed3-46d5-85f6-3172b5f690ea-140737350539072","trial_id":97,"step":6,"intermediate_value":0.0}
{"op_code":8,"worker_id":"65621591-6ed3-46d5-85f6-3172b5f690ea-140737350539072","trial_id":97,"user_attr":{"train_loss_epoch_6":109325.76771399456}}
{"op_code":8,"worker_id":"65621591-6ed3-46d5-85f6-3172b5f690ea-140737350539072","trial_id":97,"user_attr":{"val_loss_epoch_6":33405.4140625}}
{"op_code":6,"worker_id":"65621591-6ed3-46d5-85f6-3172b5f690ea-140737350539072","trial_id":97,"state":1,"values":[0.0],"datetime_complete":"2026-02-22T02:19:17.536768"}
{"op_code":4,"worker_id":"65621591-6ed3-46d5-85f6-3172b5f690ea-140737350539072","study_id":0,"datetime_start":"2026-02-22T02:19:17.546691"}
{"op_code":5,"worker_id":"65621591-6ed3-46d5-85f6-3172b5f690ea-140737350539072","trial_id":98,"param_name":"learning_rate","param_value_internal":0.0023439848337559886,"distribution":"{\"name\": \"FloatDistribution\", \"attributes\": {\"step\": null, \"low\": 0.001, \"high\": 10.0, \"log\": true}}"}
{"op_code":5,"worker_id":"65621591-6ed3-46d5-85f6-3172b5f690ea-140737350539072","trial_id":98,"param_name":"transfer_lr","param_value_internal":0.01038326386933779,"distribution":"{\"name\": \"FloatDistribution\", \"attributes\": {\"step\": null, \"low\": 0.0001, \"high\": 100.0, \"log\": true}}"}
{"op_code":5,"worker_id":"65621591-6ed3-46d5-85f6-3172b5f690ea-140737350539072","trial_id":98,"param_name":"transfer_every","param_value_internal":32000.0,"distribution":"{\"name\": \"IntDistribution\", \"attributes\": {\"log\": true, \"step\": 1, \"low\": 64, \"high\": 32000}}"}
{"op_code":5,"worker_id":"65621591-6ed3-46d5-85f6-3172b5f690ea-140737350539072","trial_id":98,"param_name":"rank_exp","param_value_internal":2.0,"distribution":"{\"name\": \"IntDistribution\", \"attributes\": {\"log\": false, \"step\": 1, \"low\": 0, \"high\": 5}}"}
{"op_code":5,"worker_id":"65621591-6ed3-46d5-85f6-3172b5f690ea-140737350539072","trial_id":98,"param_name":"lora_alpha","param_value_internal":0.0001,"distribution":"{\"name\": \"FloatDistribution\", \"attributes\": {\"step\": null, \"low\": 0.0001, \"high\": 100.0, \"log\": true}}"}
{"op_code":5,"worker_id":"65621591-6ed3-46d5-85f6-3172b5f690ea-140737350539072","trial_id":98,"param_name":"tau_sec","param_value_internal":0.0,"distribution":"{\"name\": \"FloatDistribution\", \"attributes\": {\"step\": null, \"low\": 0.0, \"high\": 0.0, \"log\": false}}"}
{"op_code":5,"worker_id":"65621591-6ed3-46d5-85f6-3172b5f690ea-140737350539072","trial_id":98,"param_name":"out_noise","param_value_internal":0.0,"distribution":"{\"name\": \"FloatDistribution\", \"attributes\": {\"step\": null, \"low\": 0.0, \"high\": 0.0, \"log\": false}}"}
{"op_code":5,"worker_id":"65621591-6ed3-46d5-85f6-3172b5f690ea-140737350539072","trial_id":98,"param_name":"ab_weight_scaling_omega","param_value_internal":0.0,"distribution":"{\"name\": \"FloatDistribution\", \"attributes\": {\"step\": null, \"low\": 0.0, \"high\": 0.0, \"log\": false}}"}
{"op_code":5,"worker_id":"65621591-6ed3-46d5-85f6-3172b5f690ea-140737350539072","trial_id":98,"param_name":"min_lr_rate","param_value_internal":0.0,"distribution":"{\"name\": \"FloatDistribution\", \"attributes\": {\"step\": null, \"low\": 0.0, \"high\": 0.0, \"log\": false}}"}
{"op_code":7,"worker_id":"65621591-6ed3-46d5-85f6-3172b5f690ea-140737350539072","trial_id":98,"step":1,"intermediate_value":81.22270742358079}
{"op_code":8,"worker_id":"65621591-6ed3-46d5-85f6-3172b5f690ea-140737350539072","trial_id":98,"user_attr":{"train_loss_epoch_1":27948201.018953804}}
{"op_code":8,"worker_id":"65621591-6ed3-46d5-85f6-3172b5f690ea-140737350539072","trial_id":98,"user_attr":{"val_loss_epoch_1":19341569.0}}
{"op_code":7,"worker_id":"65621591-6ed3-46d5-85f6-3172b5f690ea-140737350539072","trial_id":98,"step":2,"intermediate_value":81.22270742358079}
{"op_code":8,"worker_id":"65621591-6ed3-46d5-85f6-3172b5f690ea-140737350539072","trial_id":98,"user_attr":{"train_loss_epoch_2":21536319.982744563}}
{"op_code":8,"worker_id":"65621591-6ed3-46d5-85f6-3172b5f690ea-140737350539072","trial_id":98,"user_attr":{"val_loss_epoch_2":29103669.0}}
{"op_code":7,"worker_id":"65621591-6ed3-46d5-85f6-3172b5f690ea-140737350539072","trial_id":98,"step":3,"intermediate_value":81.22270742358079}
{"op_code":8,"worker_id":"65621591-6ed3-46d5-85f6-3172b5f690ea-140737350539072","trial_id":98,"user_attr":{"train_loss_epoch_3":16298371.536820652}}
{"op_code":8,"worker_id":"65621591-6ed3-46d5-85f6-3172b5f690ea-140737350539072","trial_id":98,"user_attr":{"val_loss_epoch_3":14506620.0}}
{"op_code":7,"worker_id":"65621591-6ed3-46d5-85f6-3172b5f690ea-140737350539072","trial_id":98,"step":4,"intermediate_value":81.22270742358079}
{"op_code":8,"worker_id":"65621591-6ed3-46d5-85f6-3172b5f690ea-140737350539072","trial_id":98,"user_attr":{"train_loss_epoch_4":12904956.877853261}}
{"op_code":8,"worker_id":"65621591-6ed3-46d5-85f6-3172b5f690ea-140737350539072","trial_id":98,"user_attr":{"val_loss_epoch_4":11789832.0}}
{"op_code":7,"worker_id":"65621591-6ed3-46d5-85f6-3172b5f690ea-140737350539072","trial_id":98,"step":5,"intermediate_value":81.22270742358079}
{"op_code":8,"worker_id":"65621591-6ed3-46d5-85f6-3172b5f690ea-140737350539072","trial_id":98,"user_attr":{"train_loss_epoch_5":9126066.151953125}}
{"op_code":8,"worker_id":"65621591-6ed3-46d5-85f6-3172b5f690ea-140737350539072","trial_id":98,"user_attr":{"val_loss_epoch_5":5189949.0}}
{"op_code":7,"worker_id":"65621591-6ed3-46d5-85f6-3172b5f690ea-140737350539072","trial_id":98,"step":6,"intermediate_value":81.22270742358079}
{"op_code":8,"worker_id":"65621591-6ed3-46d5-85f6-3172b5f690ea-140737350539072","trial_id":98,"user_attr":{"train_loss_epoch_6":5356877.141576087}}
{"op_code":8,"worker_id":"65621591-6ed3-46d5-85f6-3172b5f690ea-140737350539072","trial_id":98,"user_attr":{"val_loss_epoch_6":3072450.0}}
{"op_code":7,"worker_id":"65621591-6ed3-46d5-85f6-3172b5f690ea-140737350539072","trial_id":98,"step":7,"intermediate_value":81.22270742358079}
{"op_code":8,"worker_id":"65621591-6ed3-46d5-85f6-3172b5f690ea-140737350539072","trial_id":98,"user_attr":{"train_loss_epoch_7":2089122.7958899457}}
{"op_code":8,"worker_id":"65621591-6ed3-46d5-85f6-3172b5f690ea-140737350539072","trial_id":98,"user_attr":{"val_loss_epoch_7":713502.71875}}
{"op_code":7,"worker_id":"65621591-6ed3-46d5-85f6-3172b5f690ea-140737350539072","trial_id":98,"step":8,"intermediate_value":81.22270742358079}
{"op_code":8,"worker_id":"65621591-6ed3-46d5-85f6-3172b5f690ea-140737350539072","trial_id":98,"user_attr":{"train_loss_epoch_8":544167.0498216712}}
{"op_code":8,"worker_id":"65621591-6ed3-46d5-85f6-3172b5f690ea-140737350539072","trial_id":98,"user_attr":{"val_loss_epoch_8":34865.814453125}}
{"op_code":7,"worker_id":"65621591-6ed3-46d5-85f6-3172b5f690ea-140737350539072","trial_id":98,"step":9,"intermediate_value":81.22270742358079}
{"op_code":8,"worker_id":"65621591-6ed3-46d5-85f6-3172b5f690ea-140737350539072","trial_id":98,"user_attr":{"train_loss_epoch_9":20012.053384697956}}
{"op_code":8,"worker_id":"65621591-6ed3-46d5-85f6-3172b5f690ea-140737350539072","trial_id":98,"user_attr":{"val_loss_epoch_9":34218.638671875}}
{"op_code":7,"worker_id":"65621591-6ed3-46d5-85f6-3172b5f690ea-140737350539072","trial_id":98,"step":10,"intermediate_value":81.22270742358079}
{"op_code":8,"worker_id":"65621591-6ed3-46d5-85f6-3172b5f690ea-140737350539072","trial_id":98,"user_attr":{"train_loss_epoch_10":16440.088070546026}}
{"op_code":8,"worker_id":"65621591-6ed3-46d5-85f6-3172b5f690ea-140737350539072","trial_id":98,"user_attr":{"val_loss_epoch_10":505.5533447265625}}
{"op_code":7,"worker_id":"65621591-6ed3-46d5-85f6-3172b5f690ea-140737350539072","trial_id":98,"step":11,"intermediate_value":81.22270742358079}
{"op_code":8,"worker_id":"65621591-6ed3-46d5-85f6-3172b5f690ea-140737350539072","trial_id":98,"user_attr":{"train_loss_epoch_11":12916.763360330333}}
{"op_code":8,"worker_id":"65621591-6ed3-46d5-85f6-3172b5f690ea-140737350539072","trial_id":98,"user_attr":{"val_loss_epoch_11":7883.859130859375}}
{"op_code":7,"worker_id":"65621591-6ed3-46d5-85f6-3172b5f690ea-140737350539072","trial_id":98,"step":12,"intermediate_value":81.22270742358079}
{"op_code":8,"worker_id":"65621591-6ed3-46d5-85f6-3172b5f690ea-140737350539072","trial_id":98,"user_attr":{"train_loss_epoch_12":9483.84389117697}}
{"op_code":8,"worker_id":"65621591-6ed3-46d5-85f6-3172b5f690ea-140737350539072","trial_id":98,"user_attr":{"val_loss_epoch_12":1706.2019653320312}}
{"op_code":6,"worker_id":"65621591-6ed3-46d5-85f6-3172b5f690ea-140737350539072","trial_id":98,"state":1,"values":[81.22270742358079],"datetime_complete":"2026-02-22T02:23:30.115623"}
{"op_code":4,"worker_id":"65621591-6ed3-46d5-85f6-3172b5f690ea-140737350539072","study_id":0,"datetime_start":"2026-02-22T02:23:30.123063"}
{"op_code":5,"worker_id":"65621591-6ed3-46d5-85f6-3172b5f690ea-140737350539072","trial_id":99,"param_name":"learning_rate","param_value_internal":0.002968556415415095,"distribution":"{\"name\": \"FloatDistribution\", \"attributes\": {\"step\": null, \"low\": 0.001, \"high\": 10.0, \"log\": true}}"}
{"op_code":5,"worker_id":"65621591-6ed3-46d5-85f6-3172b5f690ea-140737350539072","trial_id":99,"param_name":"transfer_lr","param_value_internal":0.872624211811433,"distribution":"{\"name\": \"FloatDistribution\", \"attributes\": {\"step\": null, \"low\": 0.0001, \"high\": 100.0, \"log\": true}}"}
{"op_code":5,"worker_id":"65621591-6ed3-46d5-85f6-3172b5f690ea-140737350539072","trial_id":99,"param_name":"transfer_every","param_value_internal":32000.0,"distribution":"{\"name\": \"IntDistribution\", \"attributes\": {\"log\": true, \"step\": 1, \"low\": 64, \"high\": 32000}}"}
{"op_code":5,"worker_id":"65621591-6ed3-46d5-85f6-3172b5f690ea-140737350539072","trial_id":99,"param_name":"rank_exp","param_value_internal":4.0,"distribution":"{\"name\": \"IntDistribution\", \"attributes\": {\"log\": false, \"step\": 1, \"low\": 0, \"high\": 5}}"}
{"op_code":5,"worker_id":"65621591-6ed3-46d5-85f6-3172b5f690ea-140737350539072","trial_id":99,"param_name":"lora_alpha","param_value_internal":0.0001,"distribution":"{\"name\": \"FloatDistribution\", \"attributes\": {\"step\": null, \"low\": 0.0001, \"high\": 100.0, \"log\": true}}"}
{"op_code":5,"worker_id":"65621591-6ed3-46d5-85f6-3172b5f690ea-140737350539072","trial_id":99,"param_name":"tau_sec","param_value_internal":0.0,"distribution":"{\"name\": \"FloatDistribution\", \"attributes\": {\"step\": null, \"low\": 0.0, \"high\": 0.0, \"log\": false}}"}
{"op_code":5,"worker_id":"65621591-6ed3-46d5-85f6-3172b5f690ea-140737350539072","trial_id":99,"param_name":"out_noise","param_value_internal":0.0,"distribution":"{\"name\": \"FloatDistribution\", \"attributes\": {\"step\": null, \"low\": 0.0, \"high\": 0.0, \"log\": false}}"}
{"op_code":5,"worker_id":"65621591-6ed3-46d5-85f6-3172b5f690ea-140737350539072","trial_id":99,"param_name":"ab_weight_scaling_omega","param_value_internal":0.0,"distribution":"{\"name\": \"FloatDistribution\", \"attributes\": {\"step\": null, \"low\": 0.0, \"high\": 0.0, \"log\": false}}"}
{"op_code":5,"worker_id":"65621591-6ed3-46d5-85f6-3172b5f690ea-140737350539072","trial_id":99,"param_name":"min_lr_rate","param_value_internal":0.0,"distribution":"{\"name\": \"FloatDistribution\", \"attributes\": {\"step\": null, \"low\": 0.0, \"high\": 0.0, \"log\": false}}"}
{"op_code":7,"worker_id":"65621591-6ed3-46d5-85f6-3172b5f690ea-140737350539072","trial_id":99,"step":1,"intermediate_value":81.22270742358079}
{"op_code":8,"worker_id":"65621591-6ed3-46d5-85f6-3172b5f690ea-140737350539072","trial_id":99,"user_attr":{"train_loss_epoch_1":25760628.982336957}}
{"op_code":8,"worker_id":"65621591-6ed3-46d5-85f6-3172b5f690ea-140737350539072","trial_id":99,"user_attr":{"val_loss_epoch_1":15689876.5}}
{"op_code":7,"worker_id":"65621591-6ed3-46d5-85f6-3172b5f690ea-140737350539072","trial_id":99,"step":2,"intermediate_value":81.22270742358079}
{"op_code":8,"worker_id":"65621591-6ed3-46d5-85f6-3172b5f690ea-140737350539072","trial_id":99,"user_attr":{"train_loss_epoch_2":19709020.997418478}}
{"op_code":8,"worker_id":"65621591-6ed3-46d5-85f6-3172b5f690ea-140737350539072","trial_id":99,"user_attr":{"val_loss_epoch_2":558507.75}}
{"op_code":7,"worker_id":"65621591-6ed3-46d5-85f6-3172b5f690ea-140737350539072","trial_id":99,"step":3,"intermediate_value":81.22270742358079}
{"op_code":8,"worker_id":"65621591-6ed3-46d5-85f6-3172b5f690ea-140737350539072","trial_id":99,"user_attr":{"train_loss_epoch_3":14210351.61688128}}
{"op_code":8,"worker_id":"65621591-6ed3-46d5-85f6-3172b5f690ea-140737350539072","trial_id":99,"user_attr":{"val_loss_epoch_3":7127765.75}}
{"op_code":7,"worker_id":"65621591-6ed3-46d5-85f6-3172b5f690ea-140737350539072","trial_id":99,"step":4,"intermediate_value":81.22270742358079}
{"op_code":8,"worker_id":"65621591-6ed3-46d5-85f6-3172b5f690ea-140737350539072","trial_id":99,"user_attr":{"train_loss_epoch_4":8954339.709850544}}
{"op_code":8,"worker_id":"65621591-6ed3-46d5-85f6-3172b5f690ea-140737350539072","trial_id":99,"user_attr":{"val_loss_epoch_4":5374145.0}}
{"op_code":6,"worker_id":"65621591-6ed3-46d5-85f6-3172b5f690ea-140737350539072","trial_id":99,"state":1,"values":[81.22270742358079],"datetime_complete":"2026-02-22T02:25:19.447933"}
{"op_code":4,"worker_id":"65621591-6ed3-46d5-85f6-3172b5f690ea-140737350539072","study_id":0,"datetime_start":"2026-02-22T02:25:19.455564"}
{"op_code":5,"worker_id":"65621591-6ed3-46d5-85f6-3172b5f690ea-140737350539072","trial_id":100,"param_name":"learning_rate","param_value_internal":0.0027079014001848397,"distribution":"{\"name\": \"FloatDistribution\", \"attributes\": {\"step\": null, \"low\": 0.001, \"high\": 10.0, \"log\": true}}"}
{"op_code":5,"worker_id":"65621591-6ed3-46d5-85f6-3172b5f690ea-140737350539072","trial_id":100,"param_name":"transfer_lr","param_value_internal":0.0001,"distribution":"{\"name\": \"FloatDistribution\", \"attributes\": {\"step\": null, \"low\": 0.0001, \"high\": 100.0, \"log\": true}}"}
{"op_code":5,"worker_id":"65621591-6ed3-46d5-85f6-3172b5f690ea-140737350539072","trial_id":100,"param_name":"transfer_every","param_value_internal":32000.0,"distribution":"{\"name\": \"IntDistribution\", \"attributes\": {\"log\": true, \"step\": 1, \"low\": 64, \"high\": 32000}}"}
{"op_code":5,"worker_id":"65621591-6ed3-46d5-85f6-3172b5f690ea-140737350539072","trial_id":100,"param_name":"rank_exp","param_value_internal":2.0,"distribution":"{\"name\": \"IntDistribution\", \"attributes\": {\"log\": false, \"step\": 1, \"low\": 0, \"high\": 5}}"}
{"op_code":5,"worker_id":"65621591-6ed3-46d5-85f6-3172b5f690ea-140737350539072","trial_id":100,"param_name":"lora_alpha","param_value_internal":0.32818709833045384,"distribution":"{\"name\": \"FloatDistribution\", \"attributes\": {\"step\": null, \"low\": 0.0001, \"high\": 100.0, \"log\": true}}"}
{"op_code":5,"worker_id":"65621591-6ed3-46d5-85f6-3172b5f690ea-140737350539072","trial_id":100,"param_name":"tau_sec","param_value_internal":0.0,"distribution":"{\"name\": \"FloatDistribution\", \"attributes\": {\"step\": null, \"low\": 0.0, \"high\": 0.0, \"log\": false}}"}
{"op_code":5,"worker_id":"65621591-6ed3-46d5-85f6-3172b5f690ea-140737350539072","trial_id":100,"param_name":"out_noise","param_value_internal":0.0,"distribution":"{\"name\": \"FloatDistribution\", \"attributes\": {\"step\": null, \"low\": 0.0, \"high\": 0.0, \"log\": false}}"}
{"op_code":5,"worker_id":"65621591-6ed3-46d5-85f6-3172b5f690ea-140737350539072","trial_id":100,"param_name":"ab_weight_scaling_omega","param_value_internal":0.0,"distribution":"{\"name\": \"FloatDistribution\", \"attributes\": {\"step\": null, \"low\": 0.0, \"high\": 0.0, \"log\": false}}"}
{"op_code":5,"worker_id":"65621591-6ed3-46d5-85f6-3172b5f690ea-140737350539072","trial_id":100,"param_name":"min_lr_rate","param_value_internal":0.0,"distribution":"{\"name\": \"FloatDistribution\", \"attributes\": {\"step\": null, \"low\": 0.0, \"high\": 0.0, \"log\": false}}"}
{"op_code":7,"worker_id":"65621591-6ed3-46d5-85f6-3172b5f690ea-140737350539072","trial_id":100,"step":1,"intermediate_value":0.0}
{"op_code":8,"worker_id":"65621591-6ed3-46d5-85f6-3172b5f690ea-140737350539072","trial_id":100,"user_attr":{"train_loss_epoch_1":25708644.21005435}}
{"op_code":8,"worker_id":"65621591-6ed3-46d5-85f6-3172b5f690ea-140737350539072","trial_id":100,"user_attr":{"val_loss_epoch_1":16043146.5}}
{"op_code":7,"worker_id":"65621591-6ed3-46d5-85f6-3172b5f690ea-140737350539072","trial_id":100,"step":2,"intermediate_value":81.22270742358079}
{"op_code":8,"worker_id":"65621591-6ed3-46d5-85f6-3172b5f690ea-140737350539072","trial_id":100,"user_attr":{"train_loss_epoch_2":20825426.16847826}}
{"op_code":8,"worker_id":"65621591-6ed3-46d5-85f6-3172b5f690ea-140737350539072","trial_id":100,"user_attr":{"val_loss_epoch_2":4553555.5}}
{"op_code":7,"worker_id":"65621591-6ed3-46d5-85f6-3172b5f690ea-140737350539072","trial_id":100,"step":3,"intermediate_value":81.22270742358079}
{"op_code":8,"worker_id":"65621591-6ed3-46d5-85f6-3172b5f690ea-140737350539072","trial_id":100,"user_attr":{"train_loss_epoch_3":14488293.239402173}}
{"op_code":8,"worker_id":"65621591-6ed3-46d5-85f6-3172b5f690ea-140737350539072","trial_id":100,"user_attr":{"val_loss_epoch_3":17458361.0}}
{"op_code":7,"worker_id":"65621591-6ed3-46d5-85f6-3172b5f690ea-140737350539072","trial_id":100,"step":4,"intermediate_value":81.22270742358079}
{"op_code":8,"worker_id":"65621591-6ed3-46d5-85f6-3172b5f690ea-140737350539072","trial_id":100,"user_attr":{"train_loss_epoch_4":10814957.99048913}}
{"op_code":8,"worker_id":"65621591-6ed3-46d5-85f6-3172b5f690ea-140737350539072","trial_id":100,"user_attr":{"val_loss_epoch_4":925148.09375}}
{"op_code":7,"worker_id":"65621591-6ed3-46d5-85f6-3172b5f690ea-140737350539072","trial_id":100,"step":5,"intermediate_value":81.22270742358079}
{"op_code":8,"worker_id":"65621591-6ed3-46d5-85f6-3172b5f690ea-140737350539072","trial_id":100,"user_attr":{"train_loss_epoch_5":5932342.598879077}}
{"op_code":8,"worker_id":"65621591-6ed3-46d5-85f6-3172b5f690ea-140737350539072","trial_id":100,"user_attr":{"val_loss_epoch_5":3920473.375}}
{"op_code":7,"worker_id":"65621591-6ed3-46d5-85f6-3172b5f690ea-140737350539072","trial_id":100,"step":6,"intermediate_value":81.22270742358079}
{"op_code":8,"worker_id":"65621591-6ed3-46d5-85f6-3172b5f690ea-140737350539072","trial_id":100,"user_attr":{"train_loss_epoch_6":1977999.1395465352}}
{"op_code":8,"worker_id":"65621591-6ed3-46d5-85f6-3172b5f690ea-140737350539072","trial_id":100,"user_attr":{"val_loss_epoch_6":393925.125}}
{"op_code":7,"worker_id":"65621591-6ed3-46d5-85f6-3172b5f690ea-140737350539072","trial_id":100,"step":7,"intermediate_value":81.22270742358079}
{"op_code":8,"worker_id":"65621591-6ed3-46d5-85f6-3172b5f690ea-140737350539072","trial_id":100,"user_attr":{"train_loss_epoch_7":187859.10994501528}}
{"op_code":8,"worker_id":"65621591-6ed3-46d5-85f6-3172b5f690ea-140737350539072","trial_id":100,"user_attr":{"val_loss_epoch_7":18365.5859375}}
{"op_code":7,"worker_id":"65621591-6ed3-46d5-85f6-3172b5f690ea-140737350539072","trial_id":100,"step":8,"intermediate_value":81.22270742358079}
{"op_code":8,"worker_id":"65621591-6ed3-46d5-85f6-3172b5f690ea-140737350539072","trial_id":100,"user_attr":{"train_loss_epoch_8":28169.969320015287}}
{"op_code":8,"worker_id":"65621591-6ed3-46d5-85f6-3172b5f690ea-140737350539072","trial_id":100,"user_attr":{"val_loss_epoch_8":13860.83154296875}}
{"op_code":7,"worker_id":"65621591-6ed3-46d5-85f6-3172b5f690ea-140737350539072","trial_id":100,"step":9,"intermediate_value":81.22270742358079}
{"op_code":8,"worker_id":"65621591-6ed3-46d5-85f6-3172b5f690ea-140737350539072","trial_id":100,"user_attr":{"train_loss_epoch_9":23583.726013714335}}
{"op_code":8,"worker_id":"65621591-6ed3-46d5-85f6-3172b5f690ea-140737350539072","trial_id":100,"user_attr":{"val_loss_epoch_9":14274.7626953125}}
{"op_code":7,"worker_id":"65621591-6ed3-46d5-85f6-3172b5f690ea-140737350539072","trial_id":100,"step":10,"intermediate_value":81.22270742358079}
{"op_code":8,"worker_id":"65621591-6ed3-46d5-85f6-3172b5f690ea-140737350539072","trial_id":100,"user_attr":{"train_loss_epoch_10":18779.296821063497}}
{"op_code":8,"worker_id":"65621591-6ed3-46d5-85f6-3172b5f690ea-140737350539072","trial_id":100,"user_attr":{"val_loss_epoch_10":242.314208984375}}
{"op_code":7,"worker_id":"65621591-6ed3-46d5-85f6-3172b5f690ea-140737350539072","trial_id":100,"step":11,"intermediate_value":81.22270742358079}
{"op_code":8,"worker_id":"65621591-6ed3-46d5-85f6-3172b5f690ea-140737350539072","trial_id":100,"user_attr":{"train_loss_epoch_11":15504.825479258661}}
{"op_code":8,"worker_id":"65621591-6ed3-46d5-85f6-3172b5f690ea-140737350539072","trial_id":100,"user_attr":{"val_loss_epoch_11":5794.2626953125}}
{"op_code":7,"worker_id":"65621591-6ed3-46d5-85f6-3172b5f690ea-140737350539072","trial_id":100,"step":12,"intermediate_value":81.22270742358079}
{"op_code":8,"worker_id":"65621591-6ed3-46d5-85f6-3172b5f690ea-140737350539072","trial_id":100,"user_attr":{"train_loss_epoch_12":10935.300256878396}}
{"op_code":8,"worker_id":"65621591-6ed3-46d5-85f6-3172b5f690ea-140737350539072","trial_id":100,"user_attr":{"val_loss_epoch_12":3771.9083251953125}}
{"op_code":6,"worker_id":"65621591-6ed3-46d5-85f6-3172b5f690ea-140737350539072","trial_id":100,"state":1,"values":[81.22270742358079],"datetime_complete":"2026-02-22T02:29:37.527054"}
{"op_code":4,"worker_id":"65621591-6ed3-46d5-85f6-3172b5f690ea-140737350539072","study_id":0,"datetime_start":"2026-02-22T02:29:37.535969"}
{"op_code":5,"worker_id":"65621591-6ed3-46d5-85f6-3172b5f690ea-140737350539072","trial_id":101,"param_name":"learning_rate","param_value_internal":0.005422424949046154,"distribution":"{\"name\": \"FloatDistribution\", \"attributes\": {\"step\": null, \"low\": 0.001, \"high\": 10.0, \"log\": true}}"}
{"op_code":5,"worker_id":"65621591-6ed3-46d5-85f6-3172b5f690ea-140737350539072","trial_id":101,"param_name":"transfer_lr","param_value_internal":95.50058636738237,"distribution":"{\"name\": \"FloatDistribution\", \"attributes\": {\"step\": null, \"low\": 0.0001, \"high\": 100.0, \"log\": true}}"}
{"op_code":5,"worker_id":"65621591-6ed3-46d5-85f6-3172b5f690ea-140737350539072","trial_id":101,"param_name":"transfer_every","param_value_internal":64.0,"distribution":"{\"name\": \"IntDistribution\", \"attributes\": {\"log\": true, \"step\": 1, \"low\": 64, \"high\": 32000}}"}
{"op_code":5,"worker_id":"65621591-6ed3-46d5-85f6-3172b5f690ea-140737350539072","trial_id":101,"param_name":"rank_exp","param_value_internal":4.0,"distribution":"{\"name\": \"IntDistribution\", \"attributes\": {\"log\": false, \"step\": 1, \"low\": 0, \"high\": 5}}"}
{"op_code":5,"worker_id":"65621591-6ed3-46d5-85f6-3172b5f690ea-140737350539072","trial_id":101,"param_name":"lora_alpha","param_value_internal":0.0001,"distribution":"{\"name\": \"FloatDistribution\", \"attributes\": {\"step\": null, \"low\": 0.0001, \"high\": 100.0, \"log\": true}}"}
{"op_code":5,"worker_id":"65621591-6ed3-46d5-85f6-3172b5f690ea-140737350539072","trial_id":101,"param_name":"tau_sec","param_value_internal":0.0,"distribution":"{\"name\": \"FloatDistribution\", \"attributes\": {\"step\": null, \"low\": 0.0, \"high\": 0.0, \"log\": false}}"}
{"op_code":5,"worker_id":"65621591-6ed3-46d5-85f6-3172b5f690ea-140737350539072","trial_id":101,"param_name":"out_noise","param_value_internal":0.0,"distribution":"{\"name\": \"FloatDistribution\", \"attributes\": {\"step\": null, \"low\": 0.0, \"high\": 0.0, \"log\": false}}"}
{"op_code":5,"worker_id":"65621591-6ed3-46d5-85f6-3172b5f690ea-140737350539072","trial_id":101,"param_name":"ab_weight_scaling_omega","param_value_internal":0.0,"distribution":"{\"name\": \"FloatDistribution\", \"attributes\": {\"step\": null, \"low\": 0.0, \"high\": 0.0, \"log\": false}}"}
{"op_code":5,"worker_id":"65621591-6ed3-46d5-85f6-3172b5f690ea-140737350539072","trial_id":101,"param_name":"min_lr_rate","param_value_internal":0.0,"distribution":"{\"name\": \"FloatDistribution\", \"attributes\": {\"step\": null, \"low\": 0.0, \"high\": 0.0, \"log\": false}}"}
{"op_code":7,"worker_id":"65621591-6ed3-46d5-85f6-3172b5f690ea-140737350539072","trial_id":101,"step":1,"intermediate_value":81.22270742358079}
{"op_code":8,"worker_id":"65621591-6ed3-46d5-85f6-3172b5f690ea-140737350539072","trial_id":101,"user_attr":{"train_loss_epoch_1":25013622.854347825}}
{"op_code":8,"worker_id":"65621591-6ed3-46d5-85f6-3172b5f690ea-140737350539072","trial_id":101,"user_attr":{"val_loss_epoch_1":15011073.0}}
{"op_code":7,"worker_id":"65621591-6ed3-46d5-85f6-3172b5f690ea-140737350539072","trial_id":101,"step":2,"intermediate_value":81.22270742358079}
{"op_code":8,"worker_id":"65621591-6ed3-46d5-85f6-3172b5f690ea-140737350539072","trial_id":101,"user_attr":{"train_loss_epoch_2":13803974.716983696}}
{"op_code":8,"worker_id":"65621591-6ed3-46d5-85f6-3172b5f690ea-140737350539072","trial_id":101,"user_attr":{"val_loss_epoch_2":7409379.5}}
{"op_code":7,"worker_id":"65621591-6ed3-46d5-85f6-3172b5f690ea-140737350539072","trial_id":101,"step":3,"intermediate_value":81.22270742358079}
{"op_code":8,"worker_id":"65621591-6ed3-46d5-85f6-3172b5f690ea-140737350539072","trial_id":101,"user_attr":{"train_loss_epoch_3":3378412.311379076}}
{"op_code":8,"worker_id":"65621591-6ed3-46d5-85f6-3172b5f690ea-140737350539072","trial_id":101,"user_attr":{"val_loss_epoch_3":21033.5537109375}}
{"op_code":7,"worker_id":"65621591-6ed3-46d5-85f6-3172b5f690ea-140737350539072","trial_id":101,"step":4,"intermediate_value":81.22270742358079}
{"op_code":8,"worker_id":"65621591-6ed3-46d5-85f6-3172b5f690ea-140737350539072","trial_id":101,"user_attr":{"train_loss_epoch_4":90048.6288340693}}
{"op_code":8,"worker_id":"65621591-6ed3-46d5-85f6-3172b5f690ea-140737350539072","trial_id":101,"user_attr":{"val_loss_epoch_4":82925.89453125}}
{"op_code":7,"worker_id":"65621591-6ed3-46d5-85f6-3172b5f690ea-140737350539072","trial_id":101,"step":5,"intermediate_value":81.22270742358079}
{"op_code":8,"worker_id":"65621591-6ed3-46d5-85f6-3172b5f690ea-140737350539072","trial_id":101,"user_attr":{"train_loss_epoch_5":83770.30032269022}}
{"op_code":8,"worker_id":"65621591-6ed3-46d5-85f6-3172b5f690ea-140737350539072","trial_id":101,"user_attr":{"val_loss_epoch_5":15583.0244140625}}
{"op_code":7,"worker_id":"65621591-6ed3-46d5-85f6-3172b5f690ea-140737350539072","trial_id":101,"step":6,"intermediate_value":81.22270742358079}
{"op_code":8,"worker_id":"65621591-6ed3-46d5-85f6-3172b5f690ea-140737350539072","trial_id":101,"user_attr":{"train_loss_epoch_6":68977.50831351902}}
{"op_code":8,"worker_id":"65621591-6ed3-46d5-85f6-3172b5f690ea-140737350539072","trial_id":101,"user_attr":{"val_loss_epoch_6":31244.09375}}
{"op_code":7,"worker_id":"65621591-6ed3-46d5-85f6-3172b5f690ea-140737350539072","trial_id":101,"step":7,"intermediate_value":81.22270742358079}
{"op_code":8,"worker_id":"65621591-6ed3-46d5-85f6-3172b5f690ea-140737350539072","trial_id":101,"user_attr":{"train_loss_epoch_7":63598.40835597826}}
{"op_code":8,"worker_id":"65621591-6ed3-46d5-85f6-3172b5f690ea-140737350539072","trial_id":101,"user_attr":{"val_loss_epoch_7":19773.978515625}}
{"op_code":6,"worker_id":"65621591-6ed3-46d5-85f6-3172b5f690ea-140737350539072","trial_id":101,"state":1,"values":[81.22270742358079],"datetime_complete":"2026-02-22T02:32:23.306952"}
{"op_code":4,"worker_id":"65621591-6ed3-46d5-85f6-3172b5f690ea-140737350539072","study_id":0,"datetime_start":"2026-02-22T02:32:23.313496"}
{"op_code":5,"worker_id":"65621591-6ed3-46d5-85f6-3172b5f690ea-140737350539072","trial_id":102,"param_name":"learning_rate","param_value_internal":0.0022575174344193105,"distribution":"{\"name\": \"FloatDistribution\", \"attributes\": {\"step\": null, \"low\": 0.001, \"high\": 10.0, \"log\": true}}"}
{"op_code":5,"worker_id":"65621591-6ed3-46d5-85f6-3172b5f690ea-140737350539072","trial_id":102,"param_name":"transfer_lr","param_value_internal":0.008491306411983552,"distribution":"{\"name\": \"FloatDistribution\", \"attributes\": {\"step\": null, \"low\": 0.0001, \"high\": 100.0, \"log\": true}}"}
{"op_code":5,"worker_id":"65621591-6ed3-46d5-85f6-3172b5f690ea-140737350539072","trial_id":102,"param_name":"transfer_every","param_value_internal":32000.0,"distribution":"{\"name\": \"IntDistribution\", \"attributes\": {\"log\": true, \"step\": 1, \"low\": 64, \"high\": 32000}}"}
{"op_code":5,"worker_id":"65621591-6ed3-46d5-85f6-3172b5f690ea-140737350539072","trial_id":102,"param_name":"rank_exp","param_value_internal":3.0,"distribution":"{\"name\": \"IntDistribution\", \"attributes\": {\"log\": false, \"step\": 1, \"low\": 0, \"high\": 5}}"}
{"op_code":5,"worker_id":"65621591-6ed3-46d5-85f6-3172b5f690ea-140737350539072","trial_id":102,"param_name":"lora_alpha","param_value_internal":0.0013225867946725272,"distribution":"{\"name\": \"FloatDistribution\", \"attributes\": {\"step\": null, \"low\": 0.0001, \"high\": 100.0, \"log\": true}}"}
{"op_code":5,"worker_id":"65621591-6ed3-46d5-85f6-3172b5f690ea-140737350539072","trial_id":102,"param_name":"tau_sec","param_value_internal":0.0,"distribution":"{\"name\": \"FloatDistribution\", \"attributes\": {\"step\": null, \"low\": 0.0, \"high\": 0.0, \"log\": false}}"}
{"op_code":5,"worker_id":"65621591-6ed3-46d5-85f6-3172b5f690ea-140737350539072","trial_id":102,"param_name":"out_noise","param_value_internal":0.0,"distribution":"{\"name\": \"FloatDistribution\", \"attributes\": {\"step\": null, \"low\": 0.0, \"high\": 0.0, \"log\": false}}"}
{"op_code":5,"worker_id":"65621591-6ed3-46d5-85f6-3172b5f690ea-140737350539072","trial_id":102,"param_name":"ab_weight_scaling_omega","param_value_internal":0.0,"distribution":"{\"name\": \"FloatDistribution\", \"attributes\": {\"step\": null, \"low\": 0.0, \"high\": 0.0, \"log\": false}}"}
{"op_code":5,"worker_id":"65621591-6ed3-46d5-85f6-3172b5f690ea-140737350539072","trial_id":102,"param_name":"min_lr_rate","param_value_internal":0.0,"distribution":"{\"name\": \"FloatDistribution\", \"attributes\": {\"step\": null, \"low\": 0.0, \"high\": 0.0, \"log\": false}}"}
{"op_code":7,"worker_id":"65621591-6ed3-46d5-85f6-3172b5f690ea-140737350539072","trial_id":102,"step":1,"intermediate_value":81.22270742358079}
{"op_code":8,"worker_id":"65621591-6ed3-46d5-85f6-3172b5f690ea-140737350539072","trial_id":102,"user_attr":{"train_loss_epoch_1":27517409.797554348}}
{"op_code":8,"worker_id":"65621591-6ed3-46d5-85f6-3172b5f690ea-140737350539072","trial_id":102,"user_attr":{"val_loss_epoch_1":1139561.1875}}
{"op_code":7,"worker_id":"65621591-6ed3-46d5-85f6-3172b5f690ea-140737350539072","trial_id":102,"step":2,"intermediate_value":81.22270742358079}
{"op_code":8,"worker_id":"65621591-6ed3-46d5-85f6-3172b5f690ea-140737350539072","trial_id":102,"user_attr":{"train_loss_epoch_2":23654604.501086958}}
{"op_code":8,"worker_id":"65621591-6ed3-46d5-85f6-3172b5f690ea-140737350539072","trial_id":102,"user_attr":{"val_loss_epoch_2":20471458.0}}
{"op_code":7,"worker_id":"65621591-6ed3-46d5-85f6-3172b5f690ea-140737350539072","trial_id":102,"step":3,"intermediate_value":81.22270742358079}
{"op_code":8,"worker_id":"65621591-6ed3-46d5-85f6-3172b5f690ea-140737350539072","trial_id":102,"user_attr":{"train_loss_epoch_3":17810770.93423913}}
{"op_code":8,"worker_id":"65621591-6ed3-46d5-85f6-3172b5f690ea-140737350539072","trial_id":102,"user_attr":{"val_loss_epoch_3":4480006.75}}
{"op_code":6,"worker_id":"65621591-6ed3-46d5-85f6-3172b5f690ea-140737350539072","trial_id":102,"state":1,"values":[81.22270742358079],"datetime_complete":"2026-02-22T02:34:03.007759"}
{"op_code":4,"worker_id":"65621591-6ed3-46d5-85f6-3172b5f690ea-140737350539072","study_id":0,"datetime_start":"2026-02-22T02:34:03.026316"}
{"op_code":5,"worker_id":"65621591-6ed3-46d5-85f6-3172b5f690ea-140737350539072","trial_id":103,"param_name":"learning_rate","param_value_internal":0.0042251519324828755,"distribution":"{\"name\": \"FloatDistribution\", \"attributes\": {\"step\": null, \"low\": 0.001, \"high\": 10.0, \"log\": true}}"}
{"op_code":5,"worker_id":"65621591-6ed3-46d5-85f6-3172b5f690ea-140737350539072","trial_id":103,"param_name":"transfer_lr","param_value_internal":14.680291405008726,"distribution":"{\"name\": \"FloatDistribution\", \"attributes\": {\"step\": null, \"low\": 0.0001, \"high\": 100.0, \"log\": true}}"}
{"op_code":5,"worker_id":"65621591-6ed3-46d5-85f6-3172b5f690ea-140737350539072","trial_id":103,"param_name":"transfer_every","param_value_internal":528.0,"distribution":"{\"name\": \"IntDistribution\", \"attributes\": {\"log\": true, \"step\": 1, \"low\": 64, \"high\": 32000}}"}
{"op_code":5,"worker_id":"65621591-6ed3-46d5-85f6-3172b5f690ea-140737350539072","trial_id":103,"param_name":"rank_exp","param_value_internal":4.0,"distribution":"{\"name\": \"IntDistribution\", \"attributes\": {\"log\": false, \"step\": 1, \"low\": 0, \"high\": 5}}"}
{"op_code":5,"worker_id":"65621591-6ed3-46d5-85f6-3172b5f690ea-140737350539072","trial_id":103,"param_name":"lora_alpha","param_value_internal":0.0001,"distribution":"{\"name\": \"FloatDistribution\", \"attributes\": {\"step\": null, \"low\": 0.0001, \"high\": 100.0, \"log\": true}}"}
{"op_code":5,"worker_id":"65621591-6ed3-46d5-85f6-3172b5f690ea-140737350539072","trial_id":103,"param_name":"tau_sec","param_value_internal":0.0,"distribution":"{\"name\": \"FloatDistribution\", \"attributes\": {\"step\": null, \"low\": 0.0, \"high\": 0.0, \"log\": false}}"}
{"op_code":5,"worker_id":"65621591-6ed3-46d5-85f6-3172b5f690ea-140737350539072","trial_id":103,"param_name":"out_noise","param_value_internal":0.0,"distribution":"{\"name\": \"FloatDistribution\", \"attributes\": {\"step\": null, \"low\": 0.0, \"high\": 0.0, \"log\": false}}"}
{"op_code":5,"worker_id":"65621591-6ed3-46d5-85f6-3172b5f690ea-140737350539072","trial_id":103,"param_name":"ab_weight_scaling_omega","param_value_internal":0.0,"distribution":"{\"name\": \"FloatDistribution\", \"attributes\": {\"step\": null, \"low\": 0.0, \"high\": 0.0, \"log\": false}}"}
{"op_code":5,"worker_id":"65621591-6ed3-46d5-85f6-3172b5f690ea-140737350539072","trial_id":103,"param_name":"min_lr_rate","param_value_internal":0.0,"distribution":"{\"name\": \"FloatDistribution\", \"attributes\": {\"step\": null, \"low\": 0.0, \"high\": 0.0, \"log\": false}}"}
{"op_code":7,"worker_id":"65621591-6ed3-46d5-85f6-3172b5f690ea-140737350539072","trial_id":103,"step":1,"intermediate_value":0.0}
{"op_code":8,"worker_id":"65621591-6ed3-46d5-85f6-3172b5f690ea-140737350539072","trial_id":103,"user_attr":{"train_loss_epoch_1":26344420.13043478}}
{"op_code":8,"worker_id":"65621591-6ed3-46d5-85f6-3172b5f690ea-140737350539072","trial_id":103,"user_attr":{"val_loss_epoch_1":8500192.75}}
{"op_code":7,"worker_id":"65621591-6ed3-46d5-85f6-3172b5f690ea-140737350539072","trial_id":103,"step":2,"intermediate_value":81.22270742358079}
{"op_code":8,"worker_id":"65621591-6ed3-46d5-85f6-3172b5f690ea-140737350539072","trial_id":103,"user_attr":{"train_loss_epoch_2":18475445.410326086}}
{"op_code":8,"worker_id":"65621591-6ed3-46d5-85f6-3172b5f690ea-140737350539072","trial_id":103,"user_attr":{"val_loss_epoch_2":14702400.0}}
{"op_code":7,"worker_id":"65621591-6ed3-46d5-85f6-3172b5f690ea-140737350539072","trial_id":103,"step":3,"intermediate_value":81.22270742358079}
{"op_code":8,"worker_id":"65621591-6ed3-46d5-85f6-3172b5f690ea-140737350539072","trial_id":103,"user_attr":{"train_loss_epoch_3":8646691.087440558}}
{"op_code":8,"worker_id":"65621591-6ed3-46d5-85f6-3172b5f690ea-140737350539072","trial_id":103,"user_attr":{"val_loss_epoch_3":5960247.0}}
{"op_code":7,"worker_id":"65621591-6ed3-46d5-85f6-3172b5f690ea-140737350539072","trial_id":103,"step":4,"intermediate_value":81.22270742358079}
{"op_code":8,"worker_id":"65621591-6ed3-46d5-85f6-3172b5f690ea-140737350539072","trial_id":103,"user_attr":{"train_loss_epoch_4":1603837.4396399457}}
{"op_code":8,"worker_id":"65621591-6ed3-46d5-85f6-3172b5f690ea-140737350539072","trial_id":103,"user_attr":{"val_loss_epoch_4":27314.84375}}
{"op_code":7,"worker_id":"65621591-6ed3-46d5-85f6-3172b5f690ea-140737350539072","trial_id":103,"step":5,"intermediate_value":81.22270742358079}
{"op_code":8,"worker_id":"65621591-6ed3-46d5-85f6-3172b5f690ea-140737350539072","trial_id":103,"user_attr":{"train_loss_epoch_5":57119.53329016644}}
{"op_code":8,"worker_id":"65621591-6ed3-46d5-85f6-3172b5f690ea-140737350539072","trial_id":103,"user_attr":{"val_loss_epoch_5":955.7995910644531}}
{"op_code":7,"worker_id":"65621591-6ed3-46d5-85f6-3172b5f690ea-140737350539072","trial_id":103,"step":6,"intermediate_value":81.22270742358079}
{"op_code":8,"worker_id":"65621591-6ed3-46d5-85f6-3172b5f690ea-140737350539072","trial_id":103,"user_attr":{"train_loss_epoch_6":54070.29701193105}}
{"op_code":8,"worker_id":"65621591-6ed3-46d5-85f6-3172b5f690ea-140737350539072","trial_id":103,"user_attr":{"val_loss_epoch_6":777.6206665039062}}
{"op_code":7,"worker_id":"65621591-6ed3-46d5-85f6-3172b5f690ea-140737350539072","trial_id":103,"step":7,"intermediate_value":81.22270742358079}
{"op_code":8,"worker_id":"65621591-6ed3-46d5-85f6-3172b5f690ea-140737350539072","trial_id":103,"user_attr":{"train_loss_epoch_7":46403.813885232674}}
{"op_code":8,"worker_id":"65621591-6ed3-46d5-85f6-3172b5f690ea-140737350539072","trial_id":103,"user_attr":{"val_loss_epoch_7":23734.20703125}}
{"op_code":7,"worker_id":"65621591-6ed3-46d5-85f6-3172b5f690ea-140737350539072","trial_id":103,"step":8,"intermediate_value":81.22270742358079}
{"op_code":8,"worker_id":"65621591-6ed3-46d5-85f6-3172b5f690ea-140737350539072","trial_id":103,"user_attr":{"train_loss_epoch_8":45349.24832179857}}
{"op_code":8,"worker_id":"65621591-6ed3-46d5-85f6-3172b5f690ea-140737350539072","trial_id":103,"user_attr":{"val_loss_epoch_8":22482.185546875}}
{"op_code":6,"worker_id":"65621591-6ed3-46d5-85f6-3172b5f690ea-140737350539072","trial_id":103,"state":1,"values":[81.22270742358079],"datetime_complete":"2026-02-22T02:37:14.109701"}
{"op_code":4,"worker_id":"65621591-6ed3-46d5-85f6-3172b5f690ea-140737350539072","study_id":0,"datetime_start":"2026-02-22T02:37:14.118999"}
{"op_code":5,"worker_id":"65621591-6ed3-46d5-85f6-3172b5f690ea-140737350539072","trial_id":104,"param_name":"learning_rate","param_value_internal":0.002185000740154697,"distribution":"{\"name\": \"FloatDistribution\", \"attributes\": {\"step\": null, \"low\": 0.001, \"high\": 10.0, \"log\": true}}"}
{"op_code":5,"worker_id":"65621591-6ed3-46d5-85f6-3172b5f690ea-140737350539072","trial_id":104,"param_name":"transfer_lr","param_value_internal":0.0044048908260437385,"distribution":"{\"name\": \"FloatDistribution\", \"attributes\": {\"step\": null, \"low\": 0.0001, \"high\": 100.0, \"log\": true}}"}
{"op_code":5,"worker_id":"65621591-6ed3-46d5-85f6-3172b5f690ea-140737350539072","trial_id":104,"param_name":"transfer_every","param_value_internal":32000.0,"distribution":"{\"name\": \"IntDistribution\", \"attributes\": {\"log\": true, \"step\": 1, \"low\": 64, \"high\": 32000}}"}
{"op_code":5,"worker_id":"65621591-6ed3-46d5-85f6-3172b5f690ea-140737350539072","trial_id":104,"param_name":"rank_exp","param_value_internal":2.0,"distribution":"{\"name\": \"IntDistribution\", \"attributes\": {\"log\": false, \"step\": 1, \"low\": 0, \"high\": 5}}"}
{"op_code":5,"worker_id":"65621591-6ed3-46d5-85f6-3172b5f690ea-140737350539072","trial_id":104,"param_name":"lora_alpha","param_value_internal":0.01703289558998436,"distribution":"{\"name\": \"FloatDistribution\", \"attributes\": {\"step\": null, \"low\": 0.0001, \"high\": 100.0, \"log\": true}}"}
{"op_code":5,"worker_id":"65621591-6ed3-46d5-85f6-3172b5f690ea-140737350539072","trial_id":104,"param_name":"tau_sec","param_value_internal":0.0,"distribution":"{\"name\": \"FloatDistribution\", \"attributes\": {\"step\": null, \"low\": 0.0, \"high\": 0.0, \"log\": false}}"}
{"op_code":5,"worker_id":"65621591-6ed3-46d5-85f6-3172b5f690ea-140737350539072","trial_id":104,"param_name":"out_noise","param_value_internal":0.0,"distribution":"{\"name\": \"FloatDistribution\", \"attributes\": {\"step\": null, \"low\": 0.0, \"high\": 0.0, \"log\": false}}"}
{"op_code":5,"worker_id":"65621591-6ed3-46d5-85f6-3172b5f690ea-140737350539072","trial_id":104,"param_name":"ab_weight_scaling_omega","param_value_internal":0.0,"distribution":"{\"name\": \"FloatDistribution\", \"attributes\": {\"step\": null, \"low\": 0.0, \"high\": 0.0, \"log\": false}}"}
{"op_code":5,"worker_id":"65621591-6ed3-46d5-85f6-3172b5f690ea-140737350539072","trial_id":104,"param_name":"min_lr_rate","param_value_internal":0.0,"distribution":"{\"name\": \"FloatDistribution\", \"attributes\": {\"step\": null, \"low\": 0.0, \"high\": 0.0, \"log\": false}}"}
{"op_code":7,"worker_id":"65621591-6ed3-46d5-85f6-3172b5f690ea-140737350539072","trial_id":104,"step":1,"intermediate_value":0.0}
{"op_code":8,"worker_id":"65621591-6ed3-46d5-85f6-3172b5f690ea-140737350539072","trial_id":104,"user_attr":{"train_loss_epoch_1":27488807.570652176}}
{"op_code":8,"worker_id":"65621591-6ed3-46d5-85f6-3172b5f690ea-140737350539072","trial_id":104,"user_attr":{"val_loss_epoch_1":6138433.0}}
{"op_code":7,"worker_id":"65621591-6ed3-46d5-85f6-3172b5f690ea-140737350539072","trial_id":104,"step":2,"intermediate_value":81.22270742358079}
{"op_code":8,"worker_id":"65621591-6ed3-46d5-85f6-3172b5f690ea-140737350539072","trial_id":104,"user_attr":{"train_loss_epoch_2":22554282.064130437}}
{"op_code":8,"worker_id":"65621591-6ed3-46d5-85f6-3172b5f690ea-140737350539072","trial_id":104,"user_attr":{"val_loss_epoch_2":8640926.25}}
{"op_code":7,"worker_id":"65621591-6ed3-46d5-85f6-3172b5f690ea-140737350539072","trial_id":104,"step":3,"intermediate_value":81.22270742358079}
{"op_code":8,"worker_id":"65621591-6ed3-46d5-85f6-3172b5f690ea-140737350539072","trial_id":104,"user_attr":{"train_loss_epoch_3":18582630.832065217}}
{"op_code":8,"worker_id":"65621591-6ed3-46d5-85f6-3172b5f690ea-140737350539072","trial_id":104,"user_attr":{"val_loss_epoch_3":9193583.5}}
{"op_code":6,"worker_id":"65621591-6ed3-46d5-85f6-3172b5f690ea-140737350539072","trial_id":104,"state":1,"values":[81.22270742358079],"datetime_complete":"2026-02-22T02:38:43.413904"}
{"op_code":4,"worker_id":"65621591-6ed3-46d5-85f6-3172b5f690ea-140737350539072","study_id":0,"datetime_start":"2026-02-22T02:38:43.424324"}
{"op_code":5,"worker_id":"65621591-6ed3-46d5-85f6-3172b5f690ea-140737350539072","trial_id":105,"param_name":"learning_rate","param_value_internal":0.004378997657706532,"distribution":"{\"name\": \"FloatDistribution\", \"attributes\": {\"step\": null, \"low\": 0.001, \"high\": 10.0, \"log\": true}}"}
{"op_code":5,"worker_id":"65621591-6ed3-46d5-85f6-3172b5f690ea-140737350539072","trial_id":105,"param_name":"transfer_lr","param_value_internal":17.217661035665294,"distribution":"{\"name\": \"FloatDistribution\", \"attributes\": {\"step\": null, \"low\": 0.0001, \"high\": 100.0, \"log\": true}}"}
{"op_code":5,"worker_id":"65621591-6ed3-46d5-85f6-3172b5f690ea-140737350539072","trial_id":105,"param_name":"transfer_every","param_value_internal":335.0,"distribution":"{\"name\": \"IntDistribution\", \"attributes\": {\"log\": true, \"step\": 1, \"low\": 64, \"high\": 32000}}"}
{"op_code":5,"worker_id":"65621591-6ed3-46d5-85f6-3172b5f690ea-140737350539072","trial_id":105,"param_name":"rank_exp","param_value_internal":4.0,"distribution":"{\"name\": \"IntDistribution\", \"attributes\": {\"log\": false, \"step\": 1, \"low\": 0, \"high\": 5}}"}
{"op_code":5,"worker_id":"65621591-6ed3-46d5-85f6-3172b5f690ea-140737350539072","trial_id":105,"param_name":"lora_alpha","param_value_internal":0.0001,"distribution":"{\"name\": \"FloatDistribution\", \"attributes\": {\"step\": null, \"low\": 0.0001, \"high\": 100.0, \"log\": true}}"}
{"op_code":5,"worker_id":"65621591-6ed3-46d5-85f6-3172b5f690ea-140737350539072","trial_id":105,"param_name":"tau_sec","param_value_internal":0.0,"distribution":"{\"name\": \"FloatDistribution\", \"attributes\": {\"step\": null, \"low\": 0.0, \"high\": 0.0, \"log\": false}}"}
{"op_code":5,"worker_id":"65621591-6ed3-46d5-85f6-3172b5f690ea-140737350539072","trial_id":105,"param_name":"out_noise","param_value_internal":0.0,"distribution":"{\"name\": \"FloatDistribution\", \"attributes\": {\"step\": null, \"low\": 0.0, \"high\": 0.0, \"log\": false}}"}
{"op_code":5,"worker_id":"65621591-6ed3-46d5-85f6-3172b5f690ea-140737350539072","trial_id":105,"param_name":"ab_weight_scaling_omega","param_value_internal":0.0,"distribution":"{\"name\": \"FloatDistribution\", \"attributes\": {\"step\": null, \"low\": 0.0, \"high\": 0.0, \"log\": false}}"}
{"op_code":5,"worker_id":"65621591-6ed3-46d5-85f6-3172b5f690ea-140737350539072","trial_id":105,"param_name":"min_lr_rate","param_value_internal":0.0,"distribution":"{\"name\": \"FloatDistribution\", \"attributes\": {\"step\": null, \"low\": 0.0, \"high\": 0.0, \"log\": false}}"}
{"op_code":7,"worker_id":"65621591-6ed3-46d5-85f6-3172b5f690ea-140737350539072","trial_id":105,"step":1,"intermediate_value":81.22270742358079}
{"op_code":8,"worker_id":"65621591-6ed3-46d5-85f6-3172b5f690ea-140737350539072","trial_id":105,"user_attr":{"train_loss_epoch_1":26391447.423641305}}
{"op_code":8,"worker_id":"65621591-6ed3-46d5-85f6-3172b5f690ea-140737350539072","trial_id":105,"user_attr":{"val_loss_epoch_1":2701009.625}}
{"op_code":7,"worker_id":"65621591-6ed3-46d5-85f6-3172b5f690ea-140737350539072","trial_id":105,"step":2,"intermediate_value":81.22270742358079}
{"op_code":8,"worker_id":"65621591-6ed3-46d5-85f6-3172b5f690ea-140737350539072","trial_id":105,"user_attr":{"train_loss_epoch_2":17185480.452445652}}
{"op_code":8,"worker_id":"65621591-6ed3-46d5-85f6-3172b5f690ea-140737350539072","trial_id":105,"user_attr":{"val_loss_epoch_2":12690330.0}}
{"op_code":7,"worker_id":"65621591-6ed3-46d5-85f6-3172b5f690ea-140737350539072","trial_id":105,"step":3,"intermediate_value":81.22270742358079}
{"op_code":8,"worker_id":"65621591-6ed3-46d5-85f6-3172b5f690ea-140737350539072","trial_id":105,"user_attr":{"train_loss_epoch_3":7741002.268240489}}
{"op_code":8,"worker_id":"65621591-6ed3-46d5-85f6-3172b5f690ea-140737350539072","trial_id":105,"user_attr":{"val_loss_epoch_3":278440.625}}
{"op_code":7,"worker_id":"65621591-6ed3-46d5-85f6-3172b5f690ea-140737350539072","trial_id":105,"step":4,"intermediate_value":81.22270742358079}
{"op_code":8,"worker_id":"65621591-6ed3-46d5-85f6-3172b5f690ea-140737350539072","trial_id":105,"user_attr":{"train_loss_epoch_4":1046017.2421519404}}
{"op_code":8,"worker_id":"65621591-6ed3-46d5-85f6-3172b5f690ea-140737350539072","trial_id":105,"user_attr":{"val_loss_epoch_4":59691.802734375}}
{"op_code":7,"worker_id":"65621591-6ed3-46d5-85f6-3172b5f690ea-140737350539072","trial_id":105,"step":5,"intermediate_value":81.22270742358079}
{"op_code":8,"worker_id":"65621591-6ed3-46d5-85f6-3172b5f690ea-140737350539072","trial_id":105,"user_attr":{"train_loss_epoch_5":68506.98407778532}}
{"op_code":8,"worker_id":"65621591-6ed3-46d5-85f6-3172b5f690ea-140737350539072","trial_id":105,"user_attr":{"val_loss_epoch_5":12544.44287109375}}
{"op_code":7,"worker_id":"65621591-6ed3-46d5-85f6-3172b5f690ea-140737350539072","trial_id":105,"step":6,"intermediate_value":81.22270742358079}
{"op_code":8,"worker_id":"65621591-6ed3-46d5-85f6-3172b5f690ea-140737350539072","trial_id":105,"user_attr":{"train_loss_epoch_6":61296.38173403533}}
{"op_code":8,"worker_id":"65621591-6ed3-46d5-85f6-3172b5f690ea-140737350539072","trial_id":105,"user_attr":{"val_loss_epoch_6":32284.265625}}
{"op_code":7,"worker_id":"65621591-6ed3-46d5-85f6-3172b5f690ea-140737350539072","trial_id":105,"step":7,"intermediate_value":81.22270742358079}
{"op_code":8,"worker_id":"65621591-6ed3-46d5-85f6-3172b5f690ea-140737350539072","trial_id":105,"user_attr":{"train_loss_epoch_7":51974.53817085598}}
{"op_code":8,"worker_id":"65621591-6ed3-46d5-85f6-3172b5f690ea-140737350539072","trial_id":105,"user_attr":{"val_loss_epoch_7":22524.984375}}
{"op_code":6,"worker_id":"65621591-6ed3-46d5-85f6-3172b5f690ea-140737350539072","trial_id":105,"state":1,"values":[81.22270742358079],"datetime_complete":"2026-02-22T02:42:02.128774"}
{"op_code":4,"worker_id":"65621591-6ed3-46d5-85f6-3172b5f690ea-140737350539072","study_id":0,"datetime_start":"2026-02-22T02:42:02.137989"}
{"op_code":5,"worker_id":"65621591-6ed3-46d5-85f6-3172b5f690ea-140737350539072","trial_id":106,"param_name":"learning_rate","param_value_internal":0.005796318321896646,"distribution":"{\"name\": \"FloatDistribution\", \"attributes\": {\"step\": null, \"low\": 0.001, \"high\": 10.0, \"log\": true}}"}
{"op_code":5,"worker_id":"65621591-6ed3-46d5-85f6-3172b5f690ea-140737350539072","trial_id":106,"param_name":"transfer_lr","param_value_internal":95.50058636738237,"distribution":"{\"name\": \"FloatDistribution\", \"attributes\": {\"step\": null, \"low\": 0.0001, \"high\": 100.0, \"log\": true}}"}
{"op_code":5,"worker_id":"65621591-6ed3-46d5-85f6-3172b5f690ea-140737350539072","trial_id":106,"param_name":"transfer_every","param_value_internal":64.0,"distribution":"{\"name\": \"IntDistribution\", \"attributes\": {\"log\": true, \"step\": 1, \"low\": 64, \"high\": 32000}}"}
{"op_code":5,"worker_id":"65621591-6ed3-46d5-85f6-3172b5f690ea-140737350539072","trial_id":106,"param_name":"rank_exp","param_value_internal":4.0,"distribution":"{\"name\": \"IntDistribution\", \"attributes\": {\"log\": false, \"step\": 1, \"low\": 0, \"high\": 5}}"}
{"op_code":5,"worker_id":"65621591-6ed3-46d5-85f6-3172b5f690ea-140737350539072","trial_id":106,"param_name":"lora_alpha","param_value_internal":0.0001,"distribution":"{\"name\": \"FloatDistribution\", \"attributes\": {\"step\": null, \"low\": 0.0001, \"high\": 100.0, \"log\": true}}"}
{"op_code":5,"worker_id":"65621591-6ed3-46d5-85f6-3172b5f690ea-140737350539072","trial_id":106,"param_name":"tau_sec","param_value_internal":0.0,"distribution":"{\"name\": \"FloatDistribution\", \"attributes\": {\"step\": null, \"low\": 0.0, \"high\": 0.0, \"log\": false}}"}
{"op_code":5,"worker_id":"65621591-6ed3-46d5-85f6-3172b5f690ea-140737350539072","trial_id":106,"param_name":"out_noise","param_value_internal":0.0,"distribution":"{\"name\": \"FloatDistribution\", \"attributes\": {\"step\": null, \"low\": 0.0, \"high\": 0.0, \"log\": false}}"}
{"op_code":5,"worker_id":"65621591-6ed3-46d5-85f6-3172b5f690ea-140737350539072","trial_id":106,"param_name":"ab_weight_scaling_omega","param_value_internal":0.0,"distribution":"{\"name\": \"FloatDistribution\", \"attributes\": {\"step\": null, \"low\": 0.0, \"high\": 0.0, \"log\": false}}"}
{"op_code":5,"worker_id":"65621591-6ed3-46d5-85f6-3172b5f690ea-140737350539072","trial_id":106,"param_name":"min_lr_rate","param_value_internal":0.0,"distribution":"{\"name\": \"FloatDistribution\", \"attributes\": {\"step\": null, \"low\": 0.0, \"high\": 0.0, \"log\": false}}"}
{"op_code":7,"worker_id":"65621591-6ed3-46d5-85f6-3172b5f690ea-140737350539072","trial_id":106,"step":1,"intermediate_value":81.22270742358079}
{"op_code":8,"worker_id":"65621591-6ed3-46d5-85f6-3172b5f690ea-140737350539072","trial_id":106,"user_attr":{"train_loss_epoch_1":24240297.583423913}}
{"op_code":8,"worker_id":"65621591-6ed3-46d5-85f6-3172b5f690ea-140737350539072","trial_id":106,"user_attr":{"val_loss_epoch_1":6656243.25}}
{"op_code":7,"worker_id":"65621591-6ed3-46d5-85f6-3172b5f690ea-140737350539072","trial_id":106,"step":2,"intermediate_value":81.22270742358079}
{"op_code":8,"worker_id":"65621591-6ed3-46d5-85f6-3172b5f690ea-140737350539072","trial_id":106,"user_attr":{"train_loss_epoch_2":12882011.650373641}}
{"op_code":8,"worker_id":"65621591-6ed3-46d5-85f6-3172b5f690ea-140737350539072","trial_id":106,"user_attr":{"val_loss_epoch_2":7812296.25}}
{"op_code":7,"worker_id":"65621591-6ed3-46d5-85f6-3172b5f690ea-140737350539072","trial_id":106,"step":3,"intermediate_value":81.22270742358079}
{"op_code":8,"worker_id":"65621591-6ed3-46d5-85f6-3172b5f690ea-140737350539072","trial_id":106,"user_attr":{"train_loss_epoch_3":2575432.974863069}}
{"op_code":8,"worker_id":"65621591-6ed3-46d5-85f6-3172b5f690ea-140737350539072","trial_id":106,"user_attr":{"val_loss_epoch_3":23638.5048828125}}
{"op_code":7,"worker_id":"65621591-6ed3-46d5-85f6-3172b5f690ea-140737350539072","trial_id":106,"step":4,"intermediate_value":81.22270742358079}
{"op_code":8,"worker_id":"65621591-6ed3-46d5-85f6-3172b5f690ea-140737350539072","trial_id":106,"user_attr":{"train_loss_epoch_4":100073.91040463655}}
{"op_code":8,"worker_id":"65621591-6ed3-46d5-85f6-3172b5f690ea-140737350539072","trial_id":106,"user_attr":{"val_loss_epoch_4":46856.45703125}}
{"op_code":7,"worker_id":"65621591-6ed3-46d5-85f6-3172b5f690ea-140737350539072","trial_id":106,"step":5,"intermediate_value":81.22270742358079}
{"op_code":8,"worker_id":"65621591-6ed3-46d5-85f6-3172b5f690ea-140737350539072","trial_id":106,"user_attr":{"train_loss_epoch_5":86542.13456606658}}
{"op_code":8,"worker_id":"65621591-6ed3-46d5-85f6-3172b5f690ea-140737350539072","trial_id":106,"user_attr":{"val_loss_epoch_5":2810.8450927734375}}
{"op_code":7,"worker_id":"65621591-6ed3-46d5-85f6-3172b5f690ea-140737350539072","trial_id":106,"step":6,"intermediate_value":81.22270742358079}
{"op_code":8,"worker_id":"65621591-6ed3-46d5-85f6-3172b5f690ea-140737350539072","trial_id":106,"user_attr":{"train_loss_epoch_6":65906.76650390626}}
{"op_code":8,"worker_id":"65621591-6ed3-46d5-85f6-3172b5f690ea-140737350539072","trial_id":106,"user_attr":{"val_loss_epoch_6":3981.630126953125}}
{"op_code":7,"worker_id":"65621591-6ed3-46d5-85f6-3172b5f690ea-140737350539072","trial_id":106,"step":7,"intermediate_value":81.22270742358079}
{"op_code":8,"worker_id":"65621591-6ed3-46d5-85f6-3172b5f690ea-140737350539072","trial_id":106,"user_attr":{"train_loss_epoch_7":48329.81622088888}}
{"op_code":8,"worker_id":"65621591-6ed3-46d5-85f6-3172b5f690ea-140737350539072","trial_id":106,"user_attr":{"val_loss_epoch_7":32028.8330078125}}
{"op_code":6,"worker_id":"65621591-6ed3-46d5-85f6-3172b5f690ea-140737350539072","trial_id":106,"state":1,"values":[81.22270742358079],"datetime_complete":"2026-02-22T02:44:46.515109"}
{"op_code":4,"worker_id":"65621591-6ed3-46d5-85f6-3172b5f690ea-140737350539072","study_id":0,"datetime_start":"2026-02-22T02:44:46.524942"}
{"op_code":5,"worker_id":"65621591-6ed3-46d5-85f6-3172b5f690ea-140737350539072","trial_id":107,"param_name":"learning_rate","param_value_internal":0.0021895826678760056,"distribution":"{\"name\": \"FloatDistribution\", \"attributes\": {\"step\": null, \"low\": 0.001, \"high\": 10.0, \"log\": true}}"}
{"op_code":5,"worker_id":"65621591-6ed3-46d5-85f6-3172b5f690ea-140737350539072","trial_id":107,"param_name":"transfer_lr","param_value_internal":0.0058586245362017364,"distribution":"{\"name\": \"FloatDistribution\", \"attributes\": {\"step\": null, \"low\": 0.0001, \"high\": 100.0, \"log\": true}}"}
{"op_code":5,"worker_id":"65621591-6ed3-46d5-85f6-3172b5f690ea-140737350539072","trial_id":107,"param_name":"transfer_every","param_value_internal":32000.0,"distribution":"{\"name\": \"IntDistribution\", \"attributes\": {\"log\": true, \"step\": 1, \"low\": 64, \"high\": 32000}}"}
{"op_code":5,"worker_id":"65621591-6ed3-46d5-85f6-3172b5f690ea-140737350539072","trial_id":107,"param_name":"rank_exp","param_value_internal":3.0,"distribution":"{\"name\": \"IntDistribution\", \"attributes\": {\"log\": false, \"step\": 1, \"low\": 0, \"high\": 5}}"}
{"op_code":5,"worker_id":"65621591-6ed3-46d5-85f6-3172b5f690ea-140737350539072","trial_id":107,"param_name":"lora_alpha","param_value_internal":0.0225665181040482,"distribution":"{\"name\": \"FloatDistribution\", \"attributes\": {\"step\": null, \"low\": 0.0001, \"high\": 100.0, \"log\": true}}"}
{"op_code":5,"worker_id":"65621591-6ed3-46d5-85f6-3172b5f690ea-140737350539072","trial_id":107,"param_name":"tau_sec","param_value_internal":0.0,"distribution":"{\"name\": \"FloatDistribution\", \"attributes\": {\"step\": null, \"low\": 0.0, \"high\": 0.0, \"log\": false}}"}
{"op_code":5,"worker_id":"65621591-6ed3-46d5-85f6-3172b5f690ea-140737350539072","trial_id":107,"param_name":"out_noise","param_value_internal":0.0,"distribution":"{\"name\": \"FloatDistribution\", \"attributes\": {\"step\": null, \"low\": 0.0, \"high\": 0.0, \"log\": false}}"}
{"op_code":5,"worker_id":"65621591-6ed3-46d5-85f6-3172b5f690ea-140737350539072","trial_id":107,"param_name":"ab_weight_scaling_omega","param_value_internal":0.0,"distribution":"{\"name\": \"FloatDistribution\", \"attributes\": {\"step\": null, \"low\": 0.0, \"high\": 0.0, \"log\": false}}"}
{"op_code":5,"worker_id":"65621591-6ed3-46d5-85f6-3172b5f690ea-140737350539072","trial_id":107,"param_name":"min_lr_rate","param_value_internal":0.0,"distribution":"{\"name\": \"FloatDistribution\", \"attributes\": {\"step\": null, \"low\": 0.0, \"high\": 0.0, \"log\": false}}"}
{"op_code":7,"worker_id":"65621591-6ed3-46d5-85f6-3172b5f690ea-140737350539072","trial_id":107,"step":1,"intermediate_value":0.0}
{"op_code":8,"worker_id":"65621591-6ed3-46d5-85f6-3172b5f690ea-140737350539072","trial_id":107,"user_attr":{"train_loss_epoch_1":28548196.721195653}}
{"op_code":8,"worker_id":"65621591-6ed3-46d5-85f6-3172b5f690ea-140737350539072","trial_id":107,"user_attr":{"val_loss_epoch_1":8958654.5}}
{"op_code":7,"worker_id":"65621591-6ed3-46d5-85f6-3172b5f690ea-140737350539072","trial_id":107,"step":2,"intermediate_value":81.22270742358079}
{"op_code":8,"worker_id":"65621591-6ed3-46d5-85f6-3172b5f690ea-140737350539072","trial_id":107,"user_attr":{"train_loss_epoch_2":22439770.551154893}}
{"op_code":8,"worker_id":"65621591-6ed3-46d5-85f6-3172b5f690ea-140737350539072","trial_id":107,"user_attr":{"val_loss_epoch_2":18290978.0}}
{"op_code":7,"worker_id":"65621591-6ed3-46d5-85f6-3172b5f690ea-140737350539072","trial_id":107,"step":3,"intermediate_value":81.22270742358079}
{"op_code":8,"worker_id":"65621591-6ed3-46d5-85f6-3172b5f690ea-140737350539072","trial_id":107,"user_attr":{"train_loss_epoch_3":18340016.388858695}}
{"op_code":8,"worker_id":"65621591-6ed3-46d5-85f6-3172b5f690ea-140737350539072","trial_id":107,"user_attr":{"val_loss_epoch_3":16842258.0}}
{"op_code":6,"worker_id":"65621591-6ed3-46d5-85f6-3172b5f690ea-140737350539072","trial_id":107,"state":1,"values":[81.22270742358079],"datetime_complete":"2026-02-22T02:46:20.093006"}
{"op_code":4,"worker_id":"65621591-6ed3-46d5-85f6-3172b5f690ea-140737350539072","study_id":0,"datetime_start":"2026-02-22T02:46:20.099721"}
{"op_code":5,"worker_id":"65621591-6ed3-46d5-85f6-3172b5f690ea-140737350539072","trial_id":108,"param_name":"learning_rate","param_value_internal":0.003432587727590925,"distribution":"{\"name\": \"FloatDistribution\", \"attributes\": {\"step\": null, \"low\": 0.001, \"high\": 10.0, \"log\": true}}"}
{"op_code":5,"worker_id":"65621591-6ed3-46d5-85f6-3172b5f690ea-140737350539072","trial_id":108,"param_name":"transfer_lr","param_value_internal":2.311979642758631,"distribution":"{\"name\": \"FloatDistribution\", \"attributes\": {\"step\": null, \"low\": 0.0001, \"high\": 100.0, \"log\": true}}"}
{"op_code":5,"worker_id":"65621591-6ed3-46d5-85f6-3172b5f690ea-140737350539072","trial_id":108,"param_name":"transfer_every","param_value_internal":14347.0,"distribution":"{\"name\": \"IntDistribution\", \"attributes\": {\"log\": true, \"step\": 1, \"low\": 64, \"high\": 32000}}"}
{"op_code":5,"worker_id":"65621591-6ed3-46d5-85f6-3172b5f690ea-140737350539072","trial_id":108,"param_name":"rank_exp","param_value_internal":4.0,"distribution":"{\"name\": \"IntDistribution\", \"attributes\": {\"log\": false, \"step\": 1, \"low\": 0, \"high\": 5}}"}
{"op_code":5,"worker_id":"65621591-6ed3-46d5-85f6-3172b5f690ea-140737350539072","trial_id":108,"param_name":"lora_alpha","param_value_internal":0.0001,"distribution":"{\"name\": \"FloatDistribution\", \"attributes\": {\"step\": null, \"low\": 0.0001, \"high\": 100.0, \"log\": true}}"}
{"op_code":5,"worker_id":"65621591-6ed3-46d5-85f6-3172b5f690ea-140737350539072","trial_id":108,"param_name":"tau_sec","param_value_internal":0.0,"distribution":"{\"name\": \"FloatDistribution\", \"attributes\": {\"step\": null, \"low\": 0.0, \"high\": 0.0, \"log\": false}}"}
{"op_code":5,"worker_id":"65621591-6ed3-46d5-85f6-3172b5f690ea-140737350539072","trial_id":108,"param_name":"out_noise","param_value_internal":0.0,"distribution":"{\"name\": \"FloatDistribution\", \"attributes\": {\"step\": null, \"low\": 0.0, \"high\": 0.0, \"log\": false}}"}
{"op_code":5,"worker_id":"65621591-6ed3-46d5-85f6-3172b5f690ea-140737350539072","trial_id":108,"param_name":"ab_weight_scaling_omega","param_value_internal":0.0,"distribution":"{\"name\": \"FloatDistribution\", \"attributes\": {\"step\": null, \"low\": 0.0, \"high\": 0.0, \"log\": false}}"}
{"op_code":5,"worker_id":"65621591-6ed3-46d5-85f6-3172b5f690ea-140737350539072","trial_id":108,"param_name":"min_lr_rate","param_value_internal":0.0,"distribution":"{\"name\": \"FloatDistribution\", \"attributes\": {\"step\": null, \"low\": 0.0, \"high\": 0.0, \"log\": false}}"}
{"op_code":7,"worker_id":"65621591-6ed3-46d5-85f6-3172b5f690ea-140737350539072","trial_id":108,"step":1,"intermediate_value":0.0}
{"op_code":8,"worker_id":"65621591-6ed3-46d5-85f6-3172b5f690ea-140737350539072","trial_id":108,"user_attr":{"train_loss_epoch_1":25875701.10951087}}
{"op_code":8,"worker_id":"65621591-6ed3-46d5-85f6-3172b5f690ea-140737350539072","trial_id":108,"user_attr":{"val_loss_epoch_1":23964469.0}}
{"op_code":7,"worker_id":"65621591-6ed3-46d5-85f6-3172b5f690ea-140737350539072","trial_id":108,"step":2,"intermediate_value":81.22270742358079}
{"op_code":8,"worker_id":"65621591-6ed3-46d5-85f6-3172b5f690ea-140737350539072","trial_id":108,"user_attr":{"train_loss_epoch_2":18934295.20713315}}
{"op_code":8,"worker_id":"65621591-6ed3-46d5-85f6-3172b5f690ea-140737350539072","trial_id":108,"user_attr":{"val_loss_epoch_2":13906706.0}}
{"op_code":7,"worker_id":"65621591-6ed3-46d5-85f6-3172b5f690ea-140737350539072","trial_id":108,"step":3,"intermediate_value":81.22270742358079}
{"op_code":8,"worker_id":"65621591-6ed3-46d5-85f6-3172b5f690ea-140737350539072","trial_id":108,"user_attr":{"train_loss_epoch_3":11986722.04660326}}
{"op_code":8,"worker_id":"65621591-6ed3-46d5-85f6-3172b5f690ea-140737350539072","trial_id":108,"user_attr":{"val_loss_epoch_3":697826.4375}}
{"op_code":7,"worker_id":"65621591-6ed3-46d5-85f6-3172b5f690ea-140737350539072","trial_id":108,"step":4,"intermediate_value":81.22270742358079}
{"op_code":8,"worker_id":"65621591-6ed3-46d5-85f6-3172b5f690ea-140737350539072","trial_id":108,"user_attr":{"train_loss_epoch_4":5892510.132608696}}
{"op_code":8,"worker_id":"65621591-6ed3-46d5-85f6-3172b5f690ea-140737350539072","trial_id":108,"user_attr":{"val_loss_epoch_4":1103354.5625}}
{"op_code":7,"worker_id":"65621591-6ed3-46d5-85f6-3172b5f690ea-140737350539072","trial_id":108,"step":5,"intermediate_value":81.22270742358079}
{"op_code":8,"worker_id":"65621591-6ed3-46d5-85f6-3172b5f690ea-140737350539072","trial_id":108,"user_attr":{"train_loss_epoch_5":825023.9782226563}}
{"op_code":8,"worker_id":"65621591-6ed3-46d5-85f6-3172b5f690ea-140737350539072","trial_id":108,"user_attr":{"val_loss_epoch_5":2709.482666015625}}
{"op_code":7,"worker_id":"65621591-6ed3-46d5-85f6-3172b5f690ea-140737350539072","trial_id":108,"step":6,"intermediate_value":81.22270742358079}
{"op_code":8,"worker_id":"65621591-6ed3-46d5-85f6-3172b5f690ea-140737350539072","trial_id":108,"user_attr":{"train_loss_epoch_6":44002.12121900476}}
{"op_code":8,"worker_id":"65621591-6ed3-46d5-85f6-3172b5f690ea-140737350539072","trial_id":108,"user_attr":{"val_loss_epoch_6":4395.5390625}}
{"op_code":7,"worker_id":"65621591-6ed3-46d5-85f6-3172b5f690ea-140737350539072","trial_id":108,"step":7,"intermediate_value":81.22270742358079}
{"op_code":8,"worker_id":"65621591-6ed3-46d5-85f6-3172b5f690ea-140737350539072","trial_id":108,"user_attr":{"train_loss_epoch_7":40917.668257472826}}
{"op_code":8,"worker_id":"65621591-6ed3-46d5-85f6-3172b5f690ea-140737350539072","trial_id":108,"user_attr":{"val_loss_epoch_7":10733.9560546875}}
{"op_code":6,"worker_id":"65621591-6ed3-46d5-85f6-3172b5f690ea-140737350539072","trial_id":108,"state":1,"values":[81.22270742358079],"datetime_complete":"2026-02-22T02:49:06.597808"}
{"op_code":4,"worker_id":"65621591-6ed3-46d5-85f6-3172b5f690ea-140737350539072","study_id":0,"datetime_start":"2026-02-22T02:49:06.606817"}
{"op_code":5,"worker_id":"65621591-6ed3-46d5-85f6-3172b5f690ea-140737350539072","trial_id":109,"param_name":"learning_rate","param_value_internal":0.002155808444787699,"distribution":"{\"name\": \"FloatDistribution\", \"attributes\": {\"step\": null, \"low\": 0.001, \"high\": 10.0, \"log\": true}}"}
{"op_code":5,"worker_id":"65621591-6ed3-46d5-85f6-3172b5f690ea-140737350539072","trial_id":109,"param_name":"transfer_lr","param_value_internal":0.0031517242434166495,"distribution":"{\"name\": \"FloatDistribution\", \"attributes\": {\"step\": null, \"low\": 0.0001, \"high\": 100.0, \"log\": true}}"}
{"op_code":5,"worker_id":"65621591-6ed3-46d5-85f6-3172b5f690ea-140737350539072","trial_id":109,"param_name":"transfer_every","param_value_internal":32000.0,"distribution":"{\"name\": \"IntDistribution\", \"attributes\": {\"log\": true, \"step\": 1, \"low\": 64, \"high\": 32000}}"}
{"op_code":5,"worker_id":"65621591-6ed3-46d5-85f6-3172b5f690ea-140737350539072","trial_id":109,"param_name":"rank_exp","param_value_internal":2.0,"distribution":"{\"name\": \"IntDistribution\", \"attributes\": {\"log\": false, \"step\": 1, \"low\": 0, \"high\": 5}}"}
{"op_code":5,"worker_id":"65621591-6ed3-46d5-85f6-3172b5f690ea-140737350539072","trial_id":109,"param_name":"lora_alpha","param_value_internal":0.1378428506124627,"distribution":"{\"name\": \"FloatDistribution\", \"attributes\": {\"step\": null, \"low\": 0.0001, \"high\": 100.0, \"log\": true}}"}
{"op_code":5,"worker_id":"65621591-6ed3-46d5-85f6-3172b5f690ea-140737350539072","trial_id":109,"param_name":"tau_sec","param_value_internal":0.0,"distribution":"{\"name\": \"FloatDistribution\", \"attributes\": {\"step\": null, \"low\": 0.0, \"high\": 0.0, \"log\": false}}"}
{"op_code":5,"worker_id":"65621591-6ed3-46d5-85f6-3172b5f690ea-140737350539072","trial_id":109,"param_name":"out_noise","param_value_internal":0.0,"distribution":"{\"name\": \"FloatDistribution\", \"attributes\": {\"step\": null, \"low\": 0.0, \"high\": 0.0, \"log\": false}}"}
{"op_code":5,"worker_id":"65621591-6ed3-46d5-85f6-3172b5f690ea-140737350539072","trial_id":109,"param_name":"ab_weight_scaling_omega","param_value_internal":0.0,"distribution":"{\"name\": \"FloatDistribution\", \"attributes\": {\"step\": null, \"low\": 0.0, \"high\": 0.0, \"log\": false}}"}
{"op_code":5,"worker_id":"65621591-6ed3-46d5-85f6-3172b5f690ea-140737350539072","trial_id":109,"param_name":"min_lr_rate","param_value_internal":0.0,"distribution":"{\"name\": \"FloatDistribution\", \"attributes\": {\"step\": null, \"low\": 0.0, \"high\": 0.0, \"log\": false}}"}
{"op_code":7,"worker_id":"65621591-6ed3-46d5-85f6-3172b5f690ea-140737350539072","trial_id":109,"step":1,"intermediate_value":81.22270742358079}
{"op_code":8,"worker_id":"65621591-6ed3-46d5-85f6-3172b5f690ea-140737350539072","trial_id":109,"user_attr":{"train_loss_epoch_1":26786656.621535327}}
{"op_code":8,"worker_id":"65621591-6ed3-46d5-85f6-3172b5f690ea-140737350539072","trial_id":109,"user_attr":{"val_loss_epoch_1":25734245.0}}
{"op_code":7,"worker_id":"65621591-6ed3-46d5-85f6-3172b5f690ea-140737350539072","trial_id":109,"step":2,"intermediate_value":81.22270742358079}
{"op_code":8,"worker_id":"65621591-6ed3-46d5-85f6-3172b5f690ea-140737350539072","trial_id":109,"user_attr":{"train_loss_epoch_2":21718688.451902173}}
{"op_code":8,"worker_id":"65621591-6ed3-46d5-85f6-3172b5f690ea-140737350539072","trial_id":109,"user_attr":{"val_loss_epoch_2":20840360.0}}
{"op_code":7,"worker_id":"65621591-6ed3-46d5-85f6-3172b5f690ea-140737350539072","trial_id":109,"step":3,"intermediate_value":81.22270742358079}
{"op_code":8,"worker_id":"65621591-6ed3-46d5-85f6-3172b5f690ea-140737350539072","trial_id":109,"user_attr":{"train_loss_epoch_3":18415723.10326087}}
{"op_code":8,"worker_id":"65621591-6ed3-46d5-85f6-3172b5f690ea-140737350539072","trial_id":109,"user_attr":{"val_loss_epoch_3":1108746.125}}
{"op_code":7,"worker_id":"65621591-6ed3-46d5-85f6-3172b5f690ea-140737350539072","trial_id":109,"step":4,"intermediate_value":81.22270742358079}
{"op_code":8,"worker_id":"65621591-6ed3-46d5-85f6-3172b5f690ea-140737350539072","trial_id":109,"user_attr":{"train_loss_epoch_4":14072946.470380435}}
{"op_code":8,"worker_id":"65621591-6ed3-46d5-85f6-3172b5f690ea-140737350539072","trial_id":109,"user_attr":{"val_loss_epoch_4":8845504.5}}
{"op_code":7,"worker_id":"65621591-6ed3-46d5-85f6-3172b5f690ea-140737350539072","trial_id":109,"step":5,"intermediate_value":81.22270742358079}
{"op_code":8,"worker_id":"65621591-6ed3-46d5-85f6-3172b5f690ea-140737350539072","trial_id":109,"user_attr":{"train_loss_epoch_5":10192487.957608696}}
{"op_code":8,"worker_id":"65621591-6ed3-46d5-85f6-3172b5f690ea-140737350539072","trial_id":109,"user_attr":{"val_loss_epoch_5":7726440.5}}
{"op_code":6,"worker_id":"65621591-6ed3-46d5-85f6-3172b5f690ea-140737350539072","trial_id":109,"state":1,"values":[81.22270742358079],"datetime_complete":"2026-02-22T02:51:26.067029"}
{"op_code":4,"worker_id":"65621591-6ed3-46d5-85f6-3172b5f690ea-140737350539072","study_id":0,"datetime_start":"2026-02-22T02:51:26.074580"}
{"op_code":5,"worker_id":"65621591-6ed3-46d5-85f6-3172b5f690ea-140737350539072","trial_id":110,"param_name":"learning_rate","param_value_internal":0.004168145213368658,"distribution":"{\"name\": \"FloatDistribution\", \"attributes\": {\"step\": null, \"low\": 0.001, \"high\": 10.0, \"log\": true}}"}
{"op_code":5,"worker_id":"65621591-6ed3-46d5-85f6-3172b5f690ea-140737350539072","trial_id":110,"param_name":"transfer_lr","param_value_internal":10.772914256171054,"distribution":"{\"name\": \"FloatDistribution\", \"attributes\": {\"step\": null, \"low\": 0.0001, \"high\": 100.0, \"log\": true}}"}
{"op_code":5,"worker_id":"65621591-6ed3-46d5-85f6-3172b5f690ea-140737350539072","trial_id":110,"param_name":"transfer_every","param_value_internal":64.0,"distribution":"{\"name\": \"IntDistribution\", \"attributes\": {\"log\": true, \"step\": 1, \"low\": 64, \"high\": 32000}}"}
{"op_code":5,"worker_id":"65621591-6ed3-46d5-85f6-3172b5f690ea-140737350539072","trial_id":110,"param_name":"rank_exp","param_value_internal":4.0,"distribution":"{\"name\": \"IntDistribution\", \"attributes\": {\"log\": false, \"step\": 1, \"low\": 0, \"high\": 5}}"}
{"op_code":5,"worker_id":"65621591-6ed3-46d5-85f6-3172b5f690ea-140737350539072","trial_id":110,"param_name":"lora_alpha","param_value_internal":0.0001,"distribution":"{\"name\": \"FloatDistribution\", \"attributes\": {\"step\": null, \"low\": 0.0001, \"high\": 100.0, \"log\": true}}"}
{"op_code":5,"worker_id":"65621591-6ed3-46d5-85f6-3172b5f690ea-140737350539072","trial_id":110,"param_name":"tau_sec","param_value_internal":0.0,"distribution":"{\"name\": \"FloatDistribution\", \"attributes\": {\"step\": null, \"low\": 0.0, \"high\": 0.0, \"log\": false}}"}
{"op_code":5,"worker_id":"65621591-6ed3-46d5-85f6-3172b5f690ea-140737350539072","trial_id":110,"param_name":"out_noise","param_value_internal":0.0,"distribution":"{\"name\": \"FloatDistribution\", \"attributes\": {\"step\": null, \"low\": 0.0, \"high\": 0.0, \"log\": false}}"}
{"op_code":5,"worker_id":"65621591-6ed3-46d5-85f6-3172b5f690ea-140737350539072","trial_id":110,"param_name":"ab_weight_scaling_omega","param_value_internal":0.0,"distribution":"{\"name\": \"FloatDistribution\", \"attributes\": {\"step\": null, \"low\": 0.0, \"high\": 0.0, \"log\": false}}"}
{"op_code":5,"worker_id":"65621591-6ed3-46d5-85f6-3172b5f690ea-140737350539072","trial_id":110,"param_name":"min_lr_rate","param_value_internal":0.0,"distribution":"{\"name\": \"FloatDistribution\", \"attributes\": {\"step\": null, \"low\": 0.0, \"high\": 0.0, \"log\": false}}"}
{"op_code":7,"worker_id":"65621591-6ed3-46d5-85f6-3172b5f690ea-140737350539072","trial_id":110,"step":1,"intermediate_value":0.0}
{"op_code":8,"worker_id":"65621591-6ed3-46d5-85f6-3172b5f690ea-140737350539072","trial_id":110,"user_attr":{"train_loss_epoch_1":24508079.030027173}}
{"op_code":8,"worker_id":"65621591-6ed3-46d5-85f6-3172b5f690ea-140737350539072","trial_id":110,"user_attr":{"val_loss_epoch_1":16138059.0}}
{"op_code":7,"worker_id":"65621591-6ed3-46d5-85f6-3172b5f690ea-140737350539072","trial_id":110,"step":2,"intermediate_value":81.22270742358079}
{"op_code":8,"worker_id":"65621591-6ed3-46d5-85f6-3172b5f690ea-140737350539072","trial_id":110,"user_attr":{"train_loss_epoch_2":15889059.81277174}}
{"op_code":8,"worker_id":"65621591-6ed3-46d5-85f6-3172b5f690ea-140737350539072","trial_id":110,"user_attr":{"val_loss_epoch_2":6874357.25}}
{"op_code":7,"worker_id":"65621591-6ed3-46d5-85f6-3172b5f690ea-140737350539072","trial_id":110,"step":3,"intermediate_value":81.22270742358079}
{"op_code":8,"worker_id":"65621591-6ed3-46d5-85f6-3172b5f690ea-140737350539072","trial_id":110,"user_attr":{"train_loss_epoch_3":8607493.134986414}}
{"op_code":8,"worker_id":"65621591-6ed3-46d5-85f6-3172b5f690ea-140737350539072","trial_id":110,"user_attr":{"val_loss_epoch_3":4159753.25}}
{"op_code":7,"worker_id":"65621591-6ed3-46d5-85f6-3172b5f690ea-140737350539072","trial_id":110,"step":4,"intermediate_value":81.22270742358079}
{"op_code":8,"worker_id":"65621591-6ed3-46d5-85f6-3172b5f690ea-140737350539072","trial_id":110,"user_attr":{"train_loss_epoch_4":1610964.2717858355}}
{"op_code":8,"worker_id":"65621591-6ed3-46d5-85f6-3172b5f690ea-140737350539072","trial_id":110,"user_attr":{"val_loss_epoch_4":33850.177734375}}
{"op_code":7,"worker_id":"65621591-6ed3-46d5-85f6-3172b5f690ea-140737350539072","trial_id":110,"step":5,"intermediate_value":81.22270742358079}
{"op_code":8,"worker_id":"65621591-6ed3-46d5-85f6-3172b5f690ea-140737350539072","trial_id":110,"user_attr":{"train_loss_epoch_5":63872.249166737434}}
{"op_code":8,"worker_id":"65621591-6ed3-46d5-85f6-3172b5f690ea-140737350539072","trial_id":110,"user_attr":{"val_loss_epoch_5":31585.1796875}}
{"op_code":7,"worker_id":"65621591-6ed3-46d5-85f6-3172b5f690ea-140737350539072","trial_id":110,"step":6,"intermediate_value":81.22270742358079}
{"op_code":8,"worker_id":"65621591-6ed3-46d5-85f6-3172b5f690ea-140737350539072","trial_id":110,"user_attr":{"train_loss_epoch_6":56643.131475033966}}
{"op_code":8,"worker_id":"65621591-6ed3-46d5-85f6-3172b5f690ea-140737350539072","trial_id":110,"user_attr":{"val_loss_epoch_6":26571.900390625}}
{"op_code":7,"worker_id":"65621591-6ed3-46d5-85f6-3172b5f690ea-140737350539072","trial_id":110,"step":7,"intermediate_value":81.22270742358079}
{"op_code":8,"worker_id":"65621591-6ed3-46d5-85f6-3172b5f690ea-140737350539072","trial_id":110,"user_attr":{"train_loss_epoch_7":49717.22253524117}}
{"op_code":8,"worker_id":"65621591-6ed3-46d5-85f6-3172b5f690ea-140737350539072","trial_id":110,"user_attr":{"val_loss_epoch_7":43055.703125}}
{"op_code":7,"worker_id":"65621591-6ed3-46d5-85f6-3172b5f690ea-140737350539072","trial_id":110,"step":8,"intermediate_value":81.22270742358079}
{"op_code":8,"worker_id":"65621591-6ed3-46d5-85f6-3172b5f690ea-140737350539072","trial_id":110,"user_attr":{"train_loss_epoch_8":45060.692251188855}}
{"op_code":8,"worker_id":"65621591-6ed3-46d5-85f6-3172b5f690ea-140737350539072","trial_id":110,"user_attr":{"val_loss_epoch_8":8585.43115234375}}
{"op_code":7,"worker_id":"65621591-6ed3-46d5-85f6-3172b5f690ea-140737350539072","trial_id":110,"step":9,"intermediate_value":81.22270742358079}
{"op_code":8,"worker_id":"65621591-6ed3-46d5-85f6-3172b5f690ea-140737350539072","trial_id":110,"user_attr":{"train_loss_epoch_9":36930.96088654891}}
{"op_code":8,"worker_id":"65621591-6ed3-46d5-85f6-3172b5f690ea-140737350539072","trial_id":110,"user_attr":{"val_loss_epoch_9":25871.7666015625}}
{"op_code":7,"worker_id":"65621591-6ed3-46d5-85f6-3172b5f690ea-140737350539072","trial_id":110,"step":10,"intermediate_value":81.22270742358079}
{"op_code":8,"worker_id":"65621591-6ed3-46d5-85f6-3172b5f690ea-140737350539072","trial_id":110,"user_attr":{"train_loss_epoch_10":30462.015760869566}}
{"op_code":8,"worker_id":"65621591-6ed3-46d5-85f6-3172b5f690ea-140737350539072","trial_id":110,"user_attr":{"val_loss_epoch_10":4289.408447265625}}
{"op_code":7,"worker_id":"65621591-6ed3-46d5-85f6-3172b5f690ea-140737350539072","trial_id":110,"step":11,"intermediate_value":81.22270742358079}
{"op_code":8,"worker_id":"65621591-6ed3-46d5-85f6-3172b5f690ea-140737350539072","trial_id":110,"user_attr":{"train_loss_epoch_11":23313.35487219769}}
{"op_code":8,"worker_id":"65621591-6ed3-46d5-85f6-3172b5f690ea-140737350539072","trial_id":110,"user_attr":{"val_loss_epoch_11":2088.8776245117188}}
{"op_code":7,"worker_id":"65621591-6ed3-46d5-85f6-3172b5f690ea-140737350539072","trial_id":110,"step":12,"intermediate_value":81.22270742358079}
{"op_code":8,"worker_id":"65621591-6ed3-46d5-85f6-3172b5f690ea-140737350539072","trial_id":110,"user_attr":{"train_loss_epoch_12":16750.39765704611}}
{"op_code":8,"worker_id":"65621591-6ed3-46d5-85f6-3172b5f690ea-140737350539072","trial_id":110,"user_attr":{"val_loss_epoch_12":4711.924072265625}}
{"op_code":7,"worker_id":"65621591-6ed3-46d5-85f6-3172b5f690ea-140737350539072","trial_id":110,"step":13,"intermediate_value":81.22270742358079}
{"op_code":8,"worker_id":"65621591-6ed3-46d5-85f6-3172b5f690ea-140737350539072","trial_id":110,"user_attr":{"train_loss_epoch_13":9712.030145595385}}
{"op_code":8,"worker_id":"65621591-6ed3-46d5-85f6-3172b5f690ea-140737350539072","trial_id":110,"user_attr":{"val_loss_epoch_13":2011.857177734375}}
{"op_code":7,"worker_id":"65621591-6ed3-46d5-85f6-3172b5f690ea-140737350539072","trial_id":110,"step":14,"intermediate_value":81.22270742358079}
{"op_code":8,"worker_id":"65621591-6ed3-46d5-85f6-3172b5f690ea-140737350539072","trial_id":110,"user_attr":{"train_loss_epoch_14":3461.0103674069696}}
{"op_code":8,"worker_id":"65621591-6ed3-46d5-85f6-3172b5f690ea-140737350539072","trial_id":110,"user_attr":{"val_loss_epoch_14":0.8334752917289734}}
{"op_code":6,"worker_id":"65621591-6ed3-46d5-85f6-3172b5f690ea-140737350539072","trial_id":110,"state":1,"values":[81.22270742358079],"datetime_complete":"2026-02-22T02:56:13.690325"}
{"op_code":4,"worker_id":"65621591-6ed3-46d5-85f6-3172b5f690ea-140737350539072","study_id":0,"datetime_start":"2026-02-22T02:56:13.701841"}
{"op_code":5,"worker_id":"65621591-6ed3-46d5-85f6-3172b5f690ea-140737350539072","trial_id":111,"param_name":"learning_rate","param_value_internal":0.0061407400714023775,"distribution":"{\"name\": \"FloatDistribution\", \"attributes\": {\"step\": null, \"low\": 0.001, \"high\": 10.0, \"log\": true}}"}
{"op_code":5,"worker_id":"65621591-6ed3-46d5-85f6-3172b5f690ea-140737350539072","trial_id":111,"param_name":"transfer_lr","param_value_internal":95.50058636738237,"distribution":"{\"name\": \"FloatDistribution\", \"attributes\": {\"step\": null, \"low\": 0.0001, \"high\": 100.0, \"log\": true}}"}
{"op_code":5,"worker_id":"65621591-6ed3-46d5-85f6-3172b5f690ea-140737350539072","trial_id":111,"param_name":"transfer_every","param_value_internal":64.0,"distribution":"{\"name\": \"IntDistribution\", \"attributes\": {\"log\": true, \"step\": 1, \"low\": 64, \"high\": 32000}}"}
{"op_code":5,"worker_id":"65621591-6ed3-46d5-85f6-3172b5f690ea-140737350539072","trial_id":111,"param_name":"rank_exp","param_value_internal":4.0,"distribution":"{\"name\": \"IntDistribution\", \"attributes\": {\"log\": false, \"step\": 1, \"low\": 0, \"high\": 5}}"}
{"op_code":5,"worker_id":"65621591-6ed3-46d5-85f6-3172b5f690ea-140737350539072","trial_id":111,"param_name":"lora_alpha","param_value_internal":0.0001,"distribution":"{\"name\": \"FloatDistribution\", \"attributes\": {\"step\": null, \"low\": 0.0001, \"high\": 100.0, \"log\": true}}"}
{"op_code":5,"worker_id":"65621591-6ed3-46d5-85f6-3172b5f690ea-140737350539072","trial_id":111,"param_name":"tau_sec","param_value_internal":0.0,"distribution":"{\"name\": \"FloatDistribution\", \"attributes\": {\"step\": null, \"low\": 0.0, \"high\": 0.0, \"log\": false}}"}
{"op_code":5,"worker_id":"65621591-6ed3-46d5-85f6-3172b5f690ea-140737350539072","trial_id":111,"param_name":"out_noise","param_value_internal":0.0,"distribution":"{\"name\": \"FloatDistribution\", \"attributes\": {\"step\": null, \"low\": 0.0, \"high\": 0.0, \"log\": false}}"}
{"op_code":5,"worker_id":"65621591-6ed3-46d5-85f6-3172b5f690ea-140737350539072","trial_id":111,"param_name":"ab_weight_scaling_omega","param_value_internal":0.0,"distribution":"{\"name\": \"FloatDistribution\", \"attributes\": {\"step\": null, \"low\": 0.0, \"high\": 0.0, \"log\": false}}"}
{"op_code":5,"worker_id":"65621591-6ed3-46d5-85f6-3172b5f690ea-140737350539072","trial_id":111,"param_name":"min_lr_rate","param_value_internal":0.0,"distribution":"{\"name\": \"FloatDistribution\", \"attributes\": {\"step\": null, \"low\": 0.0, \"high\": 0.0, \"log\": false}}"}
{"op_code":7,"worker_id":"65621591-6ed3-46d5-85f6-3172b5f690ea-140737350539072","trial_id":111,"step":1,"intermediate_value":81.22270742358079}
{"op_code":8,"worker_id":"65621591-6ed3-46d5-85f6-3172b5f690ea-140737350539072","trial_id":111,"user_attr":{"train_loss_epoch_1":25354226.001358695}}
{"op_code":8,"worker_id":"65621591-6ed3-46d5-85f6-3172b5f690ea-140737350539072","trial_id":111,"user_attr":{"val_loss_epoch_1":14443916.5}}
{"op_code":7,"worker_id":"65621591-6ed3-46d5-85f6-3172b5f690ea-140737350539072","trial_id":111,"step":2,"intermediate_value":81.22270742358079}
{"op_code":8,"worker_id":"65621591-6ed3-46d5-85f6-3172b5f690ea-140737350539072","trial_id":111,"user_attr":{"train_loss_epoch_2":12982988.661956523}}
{"op_code":8,"worker_id":"65621591-6ed3-46d5-85f6-3172b5f690ea-140737350539072","trial_id":111,"user_attr":{"val_loss_epoch_2":7644064.0}}
{"op_code":7,"worker_id":"65621591-6ed3-46d5-85f6-3172b5f690ea-140737350539072","trial_id":111,"step":3,"intermediate_value":81.22270742358079}
{"op_code":8,"worker_id":"65621591-6ed3-46d5-85f6-3172b5f690ea-140737350539072","trial_id":111,"user_attr":{"train_loss_epoch_3":1559375.1894786006}}
{"op_code":8,"worker_id":"65621591-6ed3-46d5-85f6-3172b5f690ea-140737350539072","trial_id":111,"user_attr":{"val_loss_epoch_3":121724.859375}}
{"op_code":7,"worker_id":"65621591-6ed3-46d5-85f6-3172b5f690ea-140737350539072","trial_id":111,"step":4,"intermediate_value":81.22270742358079}
{"op_code":8,"worker_id":"65621591-6ed3-46d5-85f6-3172b5f690ea-140737350539072","trial_id":111,"user_attr":{"train_loss_epoch_4":88895.18421153193}}
{"op_code":8,"worker_id":"65621591-6ed3-46d5-85f6-3172b5f690ea-140737350539072","trial_id":111,"user_attr":{"val_loss_epoch_4":46394.439453125}}
{"op_code":7,"worker_id":"65621591-6ed3-46d5-85f6-3172b5f690ea-140737350539072","trial_id":111,"step":5,"intermediate_value":81.22270742358079}
{"op_code":8,"worker_id":"65621591-6ed3-46d5-85f6-3172b5f690ea-140737350539072","trial_id":111,"user_attr":{"train_loss_epoch_5":93244.76206691576}}
{"op_code":8,"worker_id":"65621591-6ed3-46d5-85f6-3172b5f690ea-140737350539072","trial_id":111,"user_attr":{"val_loss_epoch_5":36201.162109375}}
{"op_code":7,"worker_id":"65621591-6ed3-46d5-85f6-3172b5f690ea-140737350539072","trial_id":111,"step":6,"intermediate_value":81.22270742358079}
{"op_code":8,"worker_id":"65621591-6ed3-46d5-85f6-3172b5f690ea-140737350539072","trial_id":111,"user_attr":{"train_loss_epoch_6":84567.45991847826}}
{"op_code":8,"worker_id":"65621591-6ed3-46d5-85f6-3172b5f690ea-140737350539072","trial_id":111,"user_attr":{"val_loss_epoch_6":17397.625}}
{"op_code":7,"worker_id":"65621591-6ed3-46d5-85f6-3172b5f690ea-140737350539072","trial_id":111,"step":7,"intermediate_value":81.22270742358079}
{"op_code":8,"worker_id":"65621591-6ed3-46d5-85f6-3172b5f690ea-140737350539072","trial_id":111,"user_attr":{"train_loss_epoch_7":73777.35961277173}}
{"op_code":8,"worker_id":"65621591-6ed3-46d5-85f6-3172b5f690ea-140737350539072","trial_id":111,"user_attr":{"val_loss_epoch_7":2373.434814453125}}
{"op_code":7,"worker_id":"65621591-6ed3-46d5-85f6-3172b5f690ea-140737350539072","trial_id":111,"step":8,"intermediate_value":81.22270742358079}
{"op_code":8,"worker_id":"65621591-6ed3-46d5-85f6-3172b5f690ea-140737350539072","trial_id":111,"user_attr":{"train_loss_epoch_8":51892.16083095385}}
{"op_code":8,"worker_id":"65621591-6ed3-46d5-85f6-3172b5f690ea-140737350539072","trial_id":111,"user_attr":{"val_loss_epoch_8":22829.775390625}}
{"op_code":7,"worker_id":"65621591-6ed3-46d5-85f6-3172b5f690ea-140737350539072","trial_id":111,"step":9,"intermediate_value":81.22270742358079}
{"op_code":8,"worker_id":"65621591-6ed3-46d5-85f6-3172b5f690ea-140737350539072","trial_id":111,"user_attr":{"train_loss_epoch_9":52435.382447350545}}
{"op_code":8,"worker_id":"65621591-6ed3-46d5-85f6-3172b5f690ea-140737350539072","trial_id":111,"user_attr":{"val_loss_epoch_9":32824.5712890625}}
{"op_code":6,"worker_id":"65621591-6ed3-46d5-85f6-3172b5f690ea-140737350539072","trial_id":111,"state":1,"values":[81.22270742358079],"datetime_complete":"2026-02-22T02:59:40.323560"}
{"op_code":4,"worker_id":"65621591-6ed3-46d5-85f6-3172b5f690ea-140737350539072","study_id":0,"datetime_start":"2026-02-22T02:59:40.334678"}
{"op_code":5,"worker_id":"65621591-6ed3-46d5-85f6-3172b5f690ea-140737350539072","trial_id":112,"param_name":"learning_rate","param_value_internal":0.0028964514983591846,"distribution":"{\"name\": \"FloatDistribution\", \"attributes\": {\"step\": null, \"low\": 0.001, \"high\": 10.0, \"log\": true}}"}
{"op_code":5,"worker_id":"65621591-6ed3-46d5-85f6-3172b5f690ea-140737350539072","trial_id":112,"param_name":"transfer_lr","param_value_internal":0.44849240600560775,"distribution":"{\"name\": \"FloatDistribution\", \"attributes\": {\"step\": null, \"low\": 0.0001, \"high\": 100.0, \"log\": true}}"}
{"op_code":5,"worker_id":"65621591-6ed3-46d5-85f6-3172b5f690ea-140737350539072","trial_id":112,"param_name":"transfer_every","param_value_internal":32000.0,"distribution":"{\"name\": \"IntDistribution\", \"attributes\": {\"log\": true, \"step\": 1, \"low\": 64, \"high\": 32000}}"}
{"op_code":5,"worker_id":"65621591-6ed3-46d5-85f6-3172b5f690ea-140737350539072","trial_id":112,"param_name":"rank_exp","param_value_internal":3.0,"distribution":"{\"name\": \"IntDistribution\", \"attributes\": {\"log\": false, \"step\": 1, \"low\": 0, \"high\": 5}}"}
{"op_code":5,"worker_id":"65621591-6ed3-46d5-85f6-3172b5f690ea-140737350539072","trial_id":112,"param_name":"lora_alpha","param_value_internal":0.0001,"distribution":"{\"name\": \"FloatDistribution\", \"attributes\": {\"step\": null, \"low\": 0.0001, \"high\": 100.0, \"log\": true}}"}
{"op_code":5,"worker_id":"65621591-6ed3-46d5-85f6-3172b5f690ea-140737350539072","trial_id":112,"param_name":"tau_sec","param_value_internal":0.0,"distribution":"{\"name\": \"FloatDistribution\", \"attributes\": {\"step\": null, \"low\": 0.0, \"high\": 0.0, \"log\": false}}"}
{"op_code":5,"worker_id":"65621591-6ed3-46d5-85f6-3172b5f690ea-140737350539072","trial_id":112,"param_name":"out_noise","param_value_internal":0.0,"distribution":"{\"name\": \"FloatDistribution\", \"attributes\": {\"step\": null, \"low\": 0.0, \"high\": 0.0, \"log\": false}}"}
{"op_code":5,"worker_id":"65621591-6ed3-46d5-85f6-3172b5f690ea-140737350539072","trial_id":112,"param_name":"ab_weight_scaling_omega","param_value_internal":0.0,"distribution":"{\"name\": \"FloatDistribution\", \"attributes\": {\"step\": null, \"low\": 0.0, \"high\": 0.0, \"log\": false}}"}
{"op_code":5,"worker_id":"65621591-6ed3-46d5-85f6-3172b5f690ea-140737350539072","trial_id":112,"param_name":"min_lr_rate","param_value_internal":0.0,"distribution":"{\"name\": \"FloatDistribution\", \"attributes\": {\"step\": null, \"low\": 0.0, \"high\": 0.0, \"log\": false}}"}
{"op_code":7,"worker_id":"65621591-6ed3-46d5-85f6-3172b5f690ea-140737350539072","trial_id":112,"step":1,"intermediate_value":81.22270742358079}
{"op_code":8,"worker_id":"65621591-6ed3-46d5-85f6-3172b5f690ea-140737350539072","trial_id":112,"user_attr":{"train_loss_epoch_1":25623417.323369566}}
{"op_code":8,"worker_id":"65621591-6ed3-46d5-85f6-3172b5f690ea-140737350539072","trial_id":112,"user_attr":{"val_loss_epoch_1":645015.40625}}
{"op_code":7,"worker_id":"65621591-6ed3-46d5-85f6-3172b5f690ea-140737350539072","trial_id":112,"step":2,"intermediate_value":81.22270742358079}
{"op_code":8,"worker_id":"65621591-6ed3-46d5-85f6-3172b5f690ea-140737350539072","trial_id":112,"user_attr":{"train_loss_epoch_2":21287459.821059782}}
{"op_code":8,"worker_id":"65621591-6ed3-46d5-85f6-3172b5f690ea-140737350539072","trial_id":112,"user_attr":{"val_loss_epoch_2":22155282.0}}
{"op_code":7,"worker_id":"65621591-6ed3-46d5-85f6-3172b5f690ea-140737350539072","trial_id":112,"step":3,"intermediate_value":81.22270742358079}
{"op_code":8,"worker_id":"65621591-6ed3-46d5-85f6-3172b5f690ea-140737350539072","trial_id":112,"user_attr":{"train_loss_epoch_3":14960795.14129798}}
{"op_code":8,"worker_id":"65621591-6ed3-46d5-85f6-3172b5f690ea-140737350539072","trial_id":112,"user_attr":{"val_loss_epoch_3":11996814.5}}
{"op_code":6,"worker_id":"65621591-6ed3-46d5-85f6-3172b5f690ea-140737350539072","trial_id":112,"state":1,"values":[81.22270742358079],"datetime_complete":"2026-02-22T03:01:08.436312"}
{"op_code":4,"worker_id":"65621591-6ed3-46d5-85f6-3172b5f690ea-140737350539072","study_id":0,"datetime_start":"2026-02-22T03:01:08.478977"}
{"op_code":5,"worker_id":"65621591-6ed3-46d5-85f6-3172b5f690ea-140737350539072","trial_id":113,"param_name":"learning_rate","param_value_internal":10.0,"distribution":"{\"name\": \"FloatDistribution\", \"attributes\": {\"step\": null, \"low\": 0.001, \"high\": 10.0, \"log\": true}}"}
{"op_code":5,"worker_id":"65621591-6ed3-46d5-85f6-3172b5f690ea-140737350539072","trial_id":113,"param_name":"transfer_lr","param_value_internal":0.0001,"distribution":"{\"name\": \"FloatDistribution\", \"attributes\": {\"step\": null, \"low\": 0.0001, \"high\": 100.0, \"log\": true}}"}
{"op_code":5,"worker_id":"65621591-6ed3-46d5-85f6-3172b5f690ea-140737350539072","trial_id":113,"param_name":"transfer_every","param_value_internal":32000.0,"distribution":"{\"name\": \"IntDistribution\", \"attributes\": {\"log\": true, \"step\": 1, \"low\": 64, \"high\": 32000}}"}
{"op_code":5,"worker_id":"65621591-6ed3-46d5-85f6-3172b5f690ea-140737350539072","trial_id":113,"param_name":"rank_exp","param_value_internal":0.0,"distribution":"{\"name\": \"IntDistribution\", \"attributes\": {\"log\": false, \"step\": 1, \"low\": 0, \"high\": 5}}"}
{"op_code":5,"worker_id":"65621591-6ed3-46d5-85f6-3172b5f690ea-140737350539072","trial_id":113,"param_name":"lora_alpha","param_value_internal":90.50021510445333,"distribution":"{\"name\": \"FloatDistribution\", \"attributes\": {\"step\": null, \"low\": 0.0001, \"high\": 100.0, \"log\": true}}"}
{"op_code":5,"worker_id":"65621591-6ed3-46d5-85f6-3172b5f690ea-140737350539072","trial_id":113,"param_name":"tau_sec","param_value_internal":0.0,"distribution":"{\"name\": \"FloatDistribution\", \"attributes\": {\"step\": null, \"low\": 0.0, \"high\": 0.0, \"log\": false}}"}
{"op_code":5,"worker_id":"65621591-6ed3-46d5-85f6-3172b5f690ea-140737350539072","trial_id":113,"param_name":"out_noise","param_value_internal":0.0,"distribution":"{\"name\": \"FloatDistribution\", \"attributes\": {\"step\": null, \"low\": 0.0, \"high\": 0.0, \"log\": false}}"}
{"op_code":5,"worker_id":"65621591-6ed3-46d5-85f6-3172b5f690ea-140737350539072","trial_id":113,"param_name":"ab_weight_scaling_omega","param_value_internal":0.0,"distribution":"{\"name\": \"FloatDistribution\", \"attributes\": {\"step\": null, \"low\": 0.0, \"high\": 0.0, \"log\": false}}"}
{"op_code":5,"worker_id":"65621591-6ed3-46d5-85f6-3172b5f690ea-140737350539072","trial_id":113,"param_name":"min_lr_rate","param_value_internal":0.0,"distribution":"{\"name\": \"FloatDistribution\", \"attributes\": {\"step\": null, \"low\": 0.0, \"high\": 0.0, \"log\": false}}"}
{"op_code":7,"worker_id":"65621591-6ed3-46d5-85f6-3172b5f690ea-140737350539072","trial_id":113,"step":1,"intermediate_value":81.22270742358079}
{"op_code":8,"worker_id":"65621591-6ed3-46d5-85f6-3172b5f690ea-140737350539072","trial_id":113,"user_attr":{"train_loss_epoch_1":149966813.53152174}}
{"op_code":8,"worker_id":"65621591-6ed3-46d5-85f6-3172b5f690ea-140737350539072","trial_id":113,"user_attr":{"val_loss_epoch_1":10599761.0}}
{"op_code":7,"worker_id":"65621591-6ed3-46d5-85f6-3172b5f690ea-140737350539072","trial_id":113,"step":2,"intermediate_value":81.22270742358079}
{"op_code":8,"worker_id":"65621591-6ed3-46d5-85f6-3172b5f690ea-140737350539072","trial_id":113,"user_attr":{"train_loss_epoch_2":189542713.9978261}}
{"op_code":8,"worker_id":"65621591-6ed3-46d5-85f6-3172b5f690ea-140737350539072","trial_id":113,"user_attr":{"val_loss_epoch_2":148703448.0}}
{"op_code":7,"worker_id":"65621591-6ed3-46d5-85f6-3172b5f690ea-140737350539072","trial_id":113,"step":3,"intermediate_value":81.22270742358079}
{"op_code":8,"worker_id":"65621591-6ed3-46d5-85f6-3172b5f690ea-140737350539072","trial_id":113,"user_attr":{"train_loss_epoch_3":181448412.55652174}}
{"op_code":8,"worker_id":"65621591-6ed3-46d5-85f6-3172b5f690ea-140737350539072","trial_id":113,"user_attr":{"val_loss_epoch_3":91856980.0}}
{"op_code":6,"worker_id":"65621591-6ed3-46d5-85f6-3172b5f690ea-140737350539072","trial_id":113,"state":1,"values":[81.22270742358079],"datetime_complete":"2026-02-22T03:02:34.764097"}
{"op_code":4,"worker_id":"65621591-6ed3-46d5-85f6-3172b5f690ea-140737350539072","study_id":0,"datetime_start":"2026-02-22T03:02:34.793913"}
{"op_code":5,"worker_id":"65621591-6ed3-46d5-85f6-3172b5f690ea-140737350539072","trial_id":114,"param_name":"learning_rate","param_value_internal":10.0,"distribution":"{\"name\": \"FloatDistribution\", \"attributes\": {\"step\": null, \"low\": 0.001, \"high\": 10.0, \"log\": true}}"}
{"op_code":5,"worker_id":"65621591-6ed3-46d5-85f6-3172b5f690ea-140737350539072","trial_id":114,"param_name":"transfer_lr","param_value_internal":0.0001,"distribution":"{\"name\": \"FloatDistribution\", \"attributes\": {\"step\": null, \"low\": 0.0001, \"high\": 100.0, \"log\": true}}"}
{"op_code":5,"worker_id":"65621591-6ed3-46d5-85f6-3172b5f690ea-140737350539072","trial_id":114,"param_name":"transfer_every","param_value_internal":32000.0,"distribution":"{\"name\": \"IntDistribution\", \"attributes\": {\"log\": true, \"step\": 1, \"low\": 64, \"high\": 32000}}"}
{"op_code":5,"worker_id":"65621591-6ed3-46d5-85f6-3172b5f690ea-140737350539072","trial_id":114,"param_name":"rank_exp","param_value_internal":0.0,"distribution":"{\"name\": \"IntDistribution\", \"attributes\": {\"log\": false, \"step\": 1, \"low\": 0, \"high\": 5}}"}
{"op_code":5,"worker_id":"65621591-6ed3-46d5-85f6-3172b5f690ea-140737350539072","trial_id":114,"param_name":"lora_alpha","param_value_internal":90.50021510445333,"distribution":"{\"name\": \"FloatDistribution\", \"attributes\": {\"step\": null, \"low\": 0.0001, \"high\": 100.0, \"log\": true}}"}
{"op_code":5,"worker_id":"65621591-6ed3-46d5-85f6-3172b5f690ea-140737350539072","trial_id":114,"param_name":"tau_sec","param_value_internal":0.0,"distribution":"{\"name\": \"FloatDistribution\", \"attributes\": {\"step\": null, \"low\": 0.0, \"high\": 0.0, \"log\": false}}"}
{"op_code":5,"worker_id":"65621591-6ed3-46d5-85f6-3172b5f690ea-140737350539072","trial_id":114,"param_name":"out_noise","param_value_internal":0.0,"distribution":"{\"name\": \"FloatDistribution\", \"attributes\": {\"step\": null, \"low\": 0.0, \"high\": 0.0, \"log\": false}}"}
{"op_code":5,"worker_id":"65621591-6ed3-46d5-85f6-3172b5f690ea-140737350539072","trial_id":114,"param_name":"ab_weight_scaling_omega","param_value_internal":0.0,"distribution":"{\"name\": \"FloatDistribution\", \"attributes\": {\"step\": null, \"low\": 0.0, \"high\": 0.0, \"log\": false}}"}
{"op_code":5,"worker_id":"65621591-6ed3-46d5-85f6-3172b5f690ea-140737350539072","trial_id":114,"param_name":"min_lr_rate","param_value_internal":0.0,"distribution":"{\"name\": \"FloatDistribution\", \"attributes\": {\"step\": null, \"low\": 0.0, \"high\": 0.0, \"log\": false}}"}
{"op_code":7,"worker_id":"65621591-6ed3-46d5-85f6-3172b5f690ea-140737350539072","trial_id":114,"step":1,"intermediate_value":0.0}
{"op_code":8,"worker_id":"65621591-6ed3-46d5-85f6-3172b5f690ea-140737350539072","trial_id":114,"user_attr":{"train_loss_epoch_1":138755570.50652173}}
{"op_code":8,"worker_id":"65621591-6ed3-46d5-85f6-3172b5f690ea-140737350539072","trial_id":114,"user_attr":{"val_loss_epoch_1":150985624.0}}
{"op_code":7,"worker_id":"65621591-6ed3-46d5-85f6-3172b5f690ea-140737350539072","trial_id":114,"step":2,"intermediate_value":0.0}
{"op_code":8,"worker_id":"65621591-6ed3-46d5-85f6-3172b5f690ea-140737350539072","trial_id":114,"user_attr":{"train_loss_epoch_2":200345408.0}}
{"op_code":8,"worker_id":"65621591-6ed3-46d5-85f6-3172b5f690ea-140737350539072","trial_id":114,"user_attr":{"val_loss_epoch_2":105295092.0}}
{"op_code":7,"worker_id":"65621591-6ed3-46d5-85f6-3172b5f690ea-140737350539072","trial_id":114,"step":3,"intermediate_value":0.0}
{"op_code":8,"worker_id":"65621591-6ed3-46d5-85f6-3172b5f690ea-140737350539072","trial_id":114,"user_attr":{"train_loss_epoch_3":182701724.55652174}}
{"op_code":8,"worker_id":"65621591-6ed3-46d5-85f6-3172b5f690ea-140737350539072","trial_id":114,"user_attr":{"val_loss_epoch_3":126923604.0}}
{"op_code":7,"worker_id":"65621591-6ed3-46d5-85f6-3172b5f690ea-140737350539072","trial_id":114,"step":4,"intermediate_value":0.0}
{"op_code":8,"worker_id":"65621591-6ed3-46d5-85f6-3172b5f690ea-140737350539072","trial_id":114,"user_attr":{"train_loss_epoch_4":161514028.9021739}}
{"op_code":8,"worker_id":"65621591-6ed3-46d5-85f6-3172b5f690ea-140737350539072","trial_id":114,"user_attr":{"val_loss_epoch_4":9410855.5}}
{"op_code":7,"worker_id":"65621591-6ed3-46d5-85f6-3172b5f690ea-140737350539072","trial_id":114,"step":5,"intermediate_value":0.0}
{"op_code":8,"worker_id":"65621591-6ed3-46d5-85f6-3172b5f690ea-140737350539072","trial_id":114,"user_attr":{"train_loss_epoch_5":151317470.0695652}}
{"op_code":8,"worker_id":"65621591-6ed3-46d5-85f6-3172b5f690ea-140737350539072","trial_id":114,"user_attr":{"val_loss_epoch_5":47538872.0}}
{"op_code":7,"worker_id":"65621591-6ed3-46d5-85f6-3172b5f690ea-140737350539072","trial_id":114,"step":6,"intermediate_value":0.0}
{"op_code":8,"worker_id":"65621591-6ed3-46d5-85f6-3172b5f690ea-140737350539072","trial_id":114,"user_attr":{"train_loss_epoch_6":136802763.22608694}}
{"op_code":8,"worker_id":"65621591-6ed3-46d5-85f6-3172b5f690ea-140737350539072","trial_id":114,"user_attr":{"val_loss_epoch_6":427430624.0}}
{"op_code":6,"worker_id":"65621591-6ed3-46d5-85f6-3172b5f690ea-140737350539072","trial_id":114,"state":1,"values":[0.0],"datetime_complete":"2026-02-22T03:04:53.754043"}
{"op_code":4,"worker_id":"65621591-6ed3-46d5-85f6-3172b5f690ea-140737350539072","study_id":0,"datetime_start":"2026-02-22T03:04:53.764299"}
{"op_code":5,"worker_id":"65621591-6ed3-46d5-85f6-3172b5f690ea-140737350539072","trial_id":115,"param_name":"learning_rate","param_value_internal":0.002500757625996929,"distribution":"{\"name\": \"FloatDistribution\", \"attributes\": {\"step\": null, \"low\": 0.001, \"high\": 10.0, \"log\": true}}"}
{"op_code":5,"worker_id":"65621591-6ed3-46d5-85f6-3172b5f690ea-140737350539072","trial_id":115,"param_name":"transfer_lr","param_value_internal":0.041463115880329984,"distribution":"{\"name\": \"FloatDistribution\", \"attributes\": {\"step\": null, \"low\": 0.0001, \"high\": 100.0, \"log\": true}}"}
{"op_code":5,"worker_id":"65621591-6ed3-46d5-85f6-3172b5f690ea-140737350539072","trial_id":115,"param_name":"transfer_every","param_value_internal":2534.0,"distribution":"{\"name\": \"IntDistribution\", \"attributes\": {\"log\": true, \"step\": 1, \"low\": 64, \"high\": 32000}}"}
{"op_code":5,"worker_id":"65621591-6ed3-46d5-85f6-3172b5f690ea-140737350539072","trial_id":115,"param_name":"rank_exp","param_value_internal":3.0,"distribution":"{\"name\": \"IntDistribution\", \"attributes\": {\"log\": false, \"step\": 1, \"low\": 0, \"high\": 5}}"}
{"op_code":5,"worker_id":"65621591-6ed3-46d5-85f6-3172b5f690ea-140737350539072","trial_id":115,"param_name":"lora_alpha","param_value_internal":0.0001,"distribution":"{\"name\": \"FloatDistribution\", \"attributes\": {\"step\": null, \"low\": 0.0001, \"high\": 100.0, \"log\": true}}"}
{"op_code":5,"worker_id":"65621591-6ed3-46d5-85f6-3172b5f690ea-140737350539072","trial_id":115,"param_name":"tau_sec","param_value_internal":0.0,"distribution":"{\"name\": \"FloatDistribution\", \"attributes\": {\"step\": null, \"low\": 0.0, \"high\": 0.0, \"log\": false}}"}
{"op_code":5,"worker_id":"65621591-6ed3-46d5-85f6-3172b5f690ea-140737350539072","trial_id":115,"param_name":"out_noise","param_value_internal":0.0,"distribution":"{\"name\": \"FloatDistribution\", \"attributes\": {\"step\": null, \"low\": 0.0, \"high\": 0.0, \"log\": false}}"}
{"op_code":5,"worker_id":"65621591-6ed3-46d5-85f6-3172b5f690ea-140737350539072","trial_id":115,"param_name":"ab_weight_scaling_omega","param_value_internal":0.0,"distribution":"{\"name\": \"FloatDistribution\", \"attributes\": {\"step\": null, \"low\": 0.0, \"high\": 0.0, \"log\": false}}"}
{"op_code":5,"worker_id":"65621591-6ed3-46d5-85f6-3172b5f690ea-140737350539072","trial_id":115,"param_name":"min_lr_rate","param_value_internal":0.0,"distribution":"{\"name\": \"FloatDistribution\", \"attributes\": {\"step\": null, \"low\": 0.0, \"high\": 0.0, \"log\": false}}"}
{"op_code":7,"worker_id":"65621591-6ed3-46d5-85f6-3172b5f690ea-140737350539072","trial_id":115,"step":1,"intermediate_value":81.22270742358079}
{"op_code":8,"worker_id":"65621591-6ed3-46d5-85f6-3172b5f690ea-140737350539072","trial_id":115,"user_attr":{"train_loss_epoch_1":28154218.682608694}}
{"op_code":8,"worker_id":"65621591-6ed3-46d5-85f6-3172b5f690ea-140737350539072","trial_id":115,"user_attr":{"val_loss_epoch_1":21630937.0}}
{"op_code":7,"worker_id":"65621591-6ed3-46d5-85f6-3172b5f690ea-140737350539072","trial_id":115,"step":2,"intermediate_value":81.22270742358079}
{"op_code":8,"worker_id":"65621591-6ed3-46d5-85f6-3172b5f690ea-140737350539072","trial_id":115,"user_attr":{"train_loss_epoch_2":21099426.104076087}}
{"op_code":8,"worker_id":"65621591-6ed3-46d5-85f6-3172b5f690ea-140737350539072","trial_id":115,"user_attr":{"val_loss_epoch_2":17802820.0}}
{"op_code":7,"worker_id":"65621591-6ed3-46d5-85f6-3172b5f690ea-140737350539072","trial_id":115,"step":3,"intermediate_value":81.22270742358079}
{"op_code":8,"worker_id":"65621591-6ed3-46d5-85f6-3172b5f690ea-140737350539072","trial_id":115,"user_attr":{"train_loss_epoch_3":15994761.947961956}}
{"op_code":8,"worker_id":"65621591-6ed3-46d5-85f6-3172b5f690ea-140737350539072","trial_id":115,"user_attr":{"val_loss_epoch_3":1218893.3125}}
{"op_code":7,"worker_id":"65621591-6ed3-46d5-85f6-3172b5f690ea-140737350539072","trial_id":115,"step":4,"intermediate_value":81.22270742358079}
{"op_code":8,"worker_id":"65621591-6ed3-46d5-85f6-3172b5f690ea-140737350539072","trial_id":115,"user_attr":{"train_loss_epoch_4":11612379.929891305}}
{"op_code":8,"worker_id":"65621591-6ed3-46d5-85f6-3172b5f690ea-140737350539072","trial_id":115,"user_attr":{"val_loss_epoch_4":8328157.25}}
{"op_code":7,"worker_id":"65621591-6ed3-46d5-85f6-3172b5f690ea-140737350539072","trial_id":115,"step":5,"intermediate_value":81.22270742358079}
{"op_code":8,"worker_id":"65621591-6ed3-46d5-85f6-3172b5f690ea-140737350539072","trial_id":115,"user_attr":{"train_loss_epoch_5":7427998.693478261}}
{"op_code":8,"worker_id":"65621591-6ed3-46d5-85f6-3172b5f690ea-140737350539072","trial_id":115,"user_attr":{"val_loss_epoch_5":3475030.625}}
{"op_code":6,"worker_id":"65621591-6ed3-46d5-85f6-3172b5f690ea-140737350539072","trial_id":115,"state":1,"values":[81.22270742358079],"datetime_complete":"2026-02-22T03:07:23.707884"}
{"op_code":4,"worker_id":"65621591-6ed3-46d5-85f6-3172b5f690ea-140737350539072","study_id":0,"datetime_start":"2026-02-22T03:07:23.715378"}
{"op_code":5,"worker_id":"65621591-6ed3-46d5-85f6-3172b5f690ea-140737350539072","trial_id":116,"param_name":"learning_rate","param_value_internal":0.005847611434405058,"distribution":"{\"name\": \"FloatDistribution\", \"attributes\": {\"step\": null, \"low\": 0.001, \"high\": 10.0, \"log\": true}}"}
{"op_code":5,"worker_id":"65621591-6ed3-46d5-85f6-3172b5f690ea-140737350539072","trial_id":116,"param_name":"transfer_lr","param_value_internal":95.50058636738237,"distribution":"{\"name\": \"FloatDistribution\", \"attributes\": {\"step\": null, \"low\": 0.0001, \"high\": 100.0, \"log\": true}}"}
{"op_code":5,"worker_id":"65621591-6ed3-46d5-85f6-3172b5f690ea-140737350539072","trial_id":116,"param_name":"transfer_every","param_value_internal":5947.0,"distribution":"{\"name\": \"IntDistribution\", \"attributes\": {\"log\": true, \"step\": 1, \"low\": 64, \"high\": 32000}}"}
{"op_code":5,"worker_id":"65621591-6ed3-46d5-85f6-3172b5f690ea-140737350539072","trial_id":116,"param_name":"rank_exp","param_value_internal":5.0,"distribution":"{\"name\": \"IntDistribution\", \"attributes\": {\"log\": false, \"step\": 1, \"low\": 0, \"high\": 5}}"}
{"op_code":5,"worker_id":"65621591-6ed3-46d5-85f6-3172b5f690ea-140737350539072","trial_id":116,"param_name":"lora_alpha","param_value_internal":0.0001,"distribution":"{\"name\": \"FloatDistribution\", \"attributes\": {\"step\": null, \"low\": 0.0001, \"high\": 100.0, \"log\": true}}"}
{"op_code":5,"worker_id":"65621591-6ed3-46d5-85f6-3172b5f690ea-140737350539072","trial_id":116,"param_name":"tau_sec","param_value_internal":0.0,"distribution":"{\"name\": \"FloatDistribution\", \"attributes\": {\"step\": null, \"low\": 0.0, \"high\": 0.0, \"log\": false}}"}
{"op_code":5,"worker_id":"65621591-6ed3-46d5-85f6-3172b5f690ea-140737350539072","trial_id":116,"param_name":"out_noise","param_value_internal":0.0,"distribution":"{\"name\": \"FloatDistribution\", \"attributes\": {\"step\": null, \"low\": 0.0, \"high\": 0.0, \"log\": false}}"}
{"op_code":5,"worker_id":"65621591-6ed3-46d5-85f6-3172b5f690ea-140737350539072","trial_id":116,"param_name":"ab_weight_scaling_omega","param_value_internal":0.0,"distribution":"{\"name\": \"FloatDistribution\", \"attributes\": {\"step\": null, \"low\": 0.0, \"high\": 0.0, \"log\": false}}"}
{"op_code":5,"worker_id":"65621591-6ed3-46d5-85f6-3172b5f690ea-140737350539072","trial_id":116,"param_name":"min_lr_rate","param_value_internal":0.0,"distribution":"{\"name\": \"FloatDistribution\", \"attributes\": {\"step\": null, \"low\": 0.0, \"high\": 0.0, \"log\": false}}"}
{"op_code":7,"worker_id":"65621591-6ed3-46d5-85f6-3172b5f690ea-140737350539072","trial_id":116,"step":1,"intermediate_value":81.22270742358079}
{"op_code":8,"worker_id":"65621591-6ed3-46d5-85f6-3172b5f690ea-140737350539072","trial_id":116,"user_attr":{"train_loss_epoch_1":24212466.203804348}}
{"op_code":8,"worker_id":"65621591-6ed3-46d5-85f6-3172b5f690ea-140737350539072","trial_id":116,"user_attr":{"val_loss_epoch_1":16069334.0}}
{"op_code":7,"worker_id":"65621591-6ed3-46d5-85f6-3172b5f690ea-140737350539072","trial_id":116,"step":2,"intermediate_value":81.22270742358079}
{"op_code":8,"worker_id":"65621591-6ed3-46d5-85f6-3172b5f690ea-140737350539072","trial_id":116,"user_attr":{"train_loss_epoch_2":12972749.476902174}}
{"op_code":8,"worker_id":"65621591-6ed3-46d5-85f6-3172b5f690ea-140737350539072","trial_id":116,"user_attr":{"val_loss_epoch_2":6359605.75}}
{"op_code":7,"worker_id":"65621591-6ed3-46d5-85f6-3172b5f690ea-140737350539072","trial_id":116,"step":3,"intermediate_value":81.22270742358079}
{"op_code":8,"worker_id":"65621591-6ed3-46d5-85f6-3172b5f690ea-140737350539072","trial_id":116,"user_attr":{"train_loss_epoch_3":2157007.0397036346}}
{"op_code":8,"worker_id":"65621591-6ed3-46d5-85f6-3172b5f690ea-140737350539072","trial_id":116,"user_attr":{"val_loss_epoch_3":135516.49609375}}
{"op_code":7,"worker_id":"65621591-6ed3-46d5-85f6-3172b5f690ea-140737350539072","trial_id":116,"step":4,"intermediate_value":81.22270742358079}
{"op_code":8,"worker_id":"65621591-6ed3-46d5-85f6-3172b5f690ea-140737350539072","trial_id":116,"user_attr":{"train_loss_epoch_4":98464.0099439538}}
{"op_code":8,"worker_id":"65621591-6ed3-46d5-85f6-3172b5f690ea-140737350539072","trial_id":116,"user_attr":{"val_loss_epoch_4":54186.91015625}}
{"op_code":7,"worker_id":"65621591-6ed3-46d5-85f6-3172b5f690ea-140737350539072","trial_id":116,"step":5,"intermediate_value":81.22270742358079}
{"op_code":8,"worker_id":"65621591-6ed3-46d5-85f6-3172b5f690ea-140737350539072","trial_id":116,"user_attr":{"train_loss_epoch_5":87120.81659307065}}
{"op_code":8,"worker_id":"65621591-6ed3-46d5-85f6-3172b5f690ea-140737350539072","trial_id":116,"user_attr":{"val_loss_epoch_5":54377.689453125}}
{"op_code":7,"worker_id":"65621591-6ed3-46d5-85f6-3172b5f690ea-140737350539072","trial_id":116,"step":6,"intermediate_value":81.22270742358079}
{"op_code":8,"worker_id":"65621591-6ed3-46d5-85f6-3172b5f690ea-140737350539072","trial_id":116,"user_attr":{"train_loss_epoch_6":80263.8643299932}}
{"op_code":8,"worker_id":"65621591-6ed3-46d5-85f6-3172b5f690ea-140737350539072","trial_id":116,"user_attr":{"val_loss_epoch_6":41129.5546875}}
{"op_code":7,"worker_id":"65621591-6ed3-46d5-85f6-3172b5f690ea-140737350539072","trial_id":116,"step":7,"intermediate_value":81.22270742358079}
{"op_code":8,"worker_id":"65621591-6ed3-46d5-85f6-3172b5f690ea-140737350539072","trial_id":116,"user_attr":{"train_loss_epoch_7":69551.38271484376}}
{"op_code":8,"worker_id":"65621591-6ed3-46d5-85f6-3172b5f690ea-140737350539072","trial_id":116,"user_attr":{"val_loss_epoch_7":25262.380859375}}
{"op_code":7,"worker_id":"65621591-6ed3-46d5-85f6-3172b5f690ea-140737350539072","trial_id":116,"step":8,"intermediate_value":81.22270742358079}
{"op_code":8,"worker_id":"65621591-6ed3-46d5-85f6-3172b5f690ea-140737350539072","trial_id":116,"user_attr":{"train_loss_epoch_8":62545.2181640625}}
{"op_code":8,"worker_id":"65621591-6ed3-46d5-85f6-3172b5f690ea-140737350539072","trial_id":116,"user_attr":{"val_loss_epoch_8":19061.7919921875}}
{"op_code":7,"worker_id":"65621591-6ed3-46d5-85f6-3172b5f690ea-140737350539072","trial_id":116,"step":9,"intermediate_value":81.22270742358079}
{"op_code":8,"worker_id":"65621591-6ed3-46d5-85f6-3172b5f690ea-140737350539072","trial_id":116,"user_attr":{"train_loss_epoch_9":50598.95792289402}}
{"op_code":8,"worker_id":"65621591-6ed3-46d5-85f6-3172b5f690ea-140737350539072","trial_id":116,"user_attr":{"val_loss_epoch_9":1785.5188598632812}}
{"op_code":7,"worker_id":"65621591-6ed3-46d5-85f6-3172b5f690ea-140737350539072","trial_id":116,"step":10,"intermediate_value":81.22270742358079}
{"op_code":8,"worker_id":"65621591-6ed3-46d5-85f6-3172b5f690ea-140737350539072","trial_id":116,"user_attr":{"train_loss_epoch_10":39471.617738408626}}
{"op_code":8,"worker_id":"65621591-6ed3-46d5-85f6-3172b5f690ea-140737350539072","trial_id":116,"user_attr":{"val_loss_epoch_10":25240.8759765625}}
{"op_code":7,"worker_id":"65621591-6ed3-46d5-85f6-3172b5f690ea-140737350539072","trial_id":116,"step":11,"intermediate_value":81.22270742358079}
{"op_code":8,"worker_id":"65621591-6ed3-46d5-85f6-3172b5f690ea-140737350539072","trial_id":116,"user_attr":{"train_loss_epoch_11":33063.25750679348}}
{"op_code":8,"worker_id":"65621591-6ed3-46d5-85f6-3172b5f690ea-140737350539072","trial_id":116,"user_attr":{"val_loss_epoch_11":3536.3785400390625}}
{"op_code":6,"worker_id":"65621591-6ed3-46d5-85f6-3172b5f690ea-140737350539072","trial_id":116,"state":1,"values":[81.22270742358079],"datetime_complete":"2026-02-22T03:11:16.235614"}
{"op_code":4,"worker_id":"65621591-6ed3-46d5-85f6-3172b5f690ea-140737350539072","study_id":0,"datetime_start":"2026-02-22T03:11:16.246660"}
{"op_code":5,"worker_id":"65621591-6ed3-46d5-85f6-3172b5f690ea-140737350539072","trial_id":117,"param_name":"learning_rate","param_value_internal":0.0024890603500636846,"distribution":"{\"name\": \"FloatDistribution\", \"attributes\": {\"step\": null, \"low\": 0.001, \"high\": 10.0, \"log\": true}}"}
{"op_code":5,"worker_id":"65621591-6ed3-46d5-85f6-3172b5f690ea-140737350539072","trial_id":117,"param_name":"transfer_lr","param_value_internal":0.048319032626750885,"distribution":"{\"name\": \"FloatDistribution\", \"attributes\": {\"step\": null, \"low\": 0.0001, \"high\": 100.0, \"log\": true}}"}
{"op_code":5,"worker_id":"65621591-6ed3-46d5-85f6-3172b5f690ea-140737350539072","trial_id":117,"param_name":"transfer_every","param_value_internal":2084.0,"distribution":"{\"name\": \"IntDistribution\", \"attributes\": {\"log\": true, \"step\": 1, \"low\": 64, \"high\": 32000}}"}
{"op_code":5,"worker_id":"65621591-6ed3-46d5-85f6-3172b5f690ea-140737350539072","trial_id":117,"param_name":"rank_exp","param_value_internal":3.0,"distribution":"{\"name\": \"IntDistribution\", \"attributes\": {\"log\": false, \"step\": 1, \"low\": 0, \"high\": 5}}"}
{"op_code":5,"worker_id":"65621591-6ed3-46d5-85f6-3172b5f690ea-140737350539072","trial_id":117,"param_name":"lora_alpha","param_value_internal":0.0001,"distribution":"{\"name\": \"FloatDistribution\", \"attributes\": {\"step\": null, \"low\": 0.0001, \"high\": 100.0, \"log\": true}}"}
{"op_code":5,"worker_id":"65621591-6ed3-46d5-85f6-3172b5f690ea-140737350539072","trial_id":117,"param_name":"tau_sec","param_value_internal":0.0,"distribution":"{\"name\": \"FloatDistribution\", \"attributes\": {\"step\": null, \"low\": 0.0, \"high\": 0.0, \"log\": false}}"}
{"op_code":5,"worker_id":"65621591-6ed3-46d5-85f6-3172b5f690ea-140737350539072","trial_id":117,"param_name":"out_noise","param_value_internal":0.0,"distribution":"{\"name\": \"FloatDistribution\", \"attributes\": {\"step\": null, \"low\": 0.0, \"high\": 0.0, \"log\": false}}"}
{"op_code":5,"worker_id":"65621591-6ed3-46d5-85f6-3172b5f690ea-140737350539072","trial_id":117,"param_name":"ab_weight_scaling_omega","param_value_internal":0.0,"distribution":"{\"name\": \"FloatDistribution\", \"attributes\": {\"step\": null, \"low\": 0.0, \"high\": 0.0, \"log\": false}}"}
{"op_code":5,"worker_id":"65621591-6ed3-46d5-85f6-3172b5f690ea-140737350539072","trial_id":117,"param_name":"min_lr_rate","param_value_internal":0.0,"distribution":"{\"name\": \"FloatDistribution\", \"attributes\": {\"step\": null, \"low\": 0.0, \"high\": 0.0, \"log\": false}}"}
{"op_code":7,"worker_id":"65621591-6ed3-46d5-85f6-3172b5f690ea-140737350539072","trial_id":117,"step":1,"intermediate_value":81.22270742358079}
{"op_code":8,"worker_id":"65621591-6ed3-46d5-85f6-3172b5f690ea-140737350539072","trial_id":117,"user_attr":{"train_loss_epoch_1":25751925.386277173}}
{"op_code":8,"worker_id":"65621591-6ed3-46d5-85f6-3172b5f690ea-140737350539072","trial_id":117,"user_attr":{"val_loss_epoch_1":23782908.0}}
{"op_code":7,"worker_id":"65621591-6ed3-46d5-85f6-3172b5f690ea-140737350539072","trial_id":117,"step":2,"intermediate_value":81.22270742358079}
{"op_code":8,"worker_id":"65621591-6ed3-46d5-85f6-3172b5f690ea-140737350539072","trial_id":117,"user_attr":{"train_loss_epoch_2":22108250.46548913}}
{"op_code":8,"worker_id":"65621591-6ed3-46d5-85f6-3172b5f690ea-140737350539072","trial_id":117,"user_attr":{"val_loss_epoch_2":9997913.0}}
{"op_code":7,"worker_id":"65621591-6ed3-46d5-85f6-3172b5f690ea-140737350539072","trial_id":117,"step":3,"intermediate_value":81.22270742358079}
{"op_code":8,"worker_id":"65621591-6ed3-46d5-85f6-3172b5f690ea-140737350539072","trial_id":117,"user_attr":{"train_loss_epoch_3":16401253.691236412}}
{"op_code":8,"worker_id":"65621591-6ed3-46d5-85f6-3172b5f690ea-140737350539072","trial_id":117,"user_attr":{"val_loss_epoch_3":13225641.0}}
{"op_code":7,"worker_id":"65621591-6ed3-46d5-85f6-3172b5f690ea-140737350539072","trial_id":117,"step":4,"intermediate_value":81.22270742358079}
{"op_code":8,"worker_id":"65621591-6ed3-46d5-85f6-3172b5f690ea-140737350539072","trial_id":117,"user_attr":{"train_loss_epoch_4":11208481.922554348}}
{"op_code":8,"worker_id":"65621591-6ed3-46d5-85f6-3172b5f690ea-140737350539072","trial_id":117,"user_attr":{"val_loss_epoch_4":2512438.0}}
{"op_code":7,"worker_id":"65621591-6ed3-46d5-85f6-3172b5f690ea-140737350539072","trial_id":117,"step":5,"intermediate_value":81.22270742358079}
{"op_code":8,"worker_id":"65621591-6ed3-46d5-85f6-3172b5f690ea-140737350539072","trial_id":117,"user_attr":{"train_loss_epoch_5":7613944.844293478}}
{"op_code":8,"worker_id":"65621591-6ed3-46d5-85f6-3172b5f690ea-140737350539072","trial_id":117,"user_attr":{"val_loss_epoch_5":2862106.75}}
{"op_code":7,"worker_id":"65621591-6ed3-46d5-85f6-3172b5f690ea-140737350539072","trial_id":117,"step":6,"intermediate_value":81.22270742358079}
{"op_code":8,"worker_id":"65621591-6ed3-46d5-85f6-3172b5f690ea-140737350539072","trial_id":117,"user_attr":{"train_loss_epoch_6":4062188.0719429348}}
{"op_code":8,"worker_id":"65621591-6ed3-46d5-85f6-3172b5f690ea-140737350539072","trial_id":117,"user_attr":{"val_loss_epoch_6":1143641.0625}}
{"op_code":7,"worker_id":"65621591-6ed3-46d5-85f6-3172b5f690ea-140737350539072","trial_id":117,"step":7,"intermediate_value":81.22270742358079}
{"op_code":8,"worker_id":"65621591-6ed3-46d5-85f6-3172b5f690ea-140737350539072","trial_id":117,"user_attr":{"train_loss_epoch_7":975028.2332222316}}
{"op_code":8,"worker_id":"65621591-6ed3-46d5-85f6-3172b5f690ea-140737350539072","trial_id":117,"user_attr":{"val_loss_epoch_7":448174.46875}}
{"op_code":7,"worker_id":"65621591-6ed3-46d5-85f6-3172b5f690ea-140737350539072","trial_id":117,"step":8,"intermediate_value":81.22270742358079}
{"op_code":8,"worker_id":"65621591-6ed3-46d5-85f6-3172b5f690ea-140737350539072","trial_id":117,"user_attr":{"train_loss_epoch_8":69069.66331680962}}
{"op_code":8,"worker_id":"65621591-6ed3-46d5-85f6-3172b5f690ea-140737350539072","trial_id":117,"user_attr":{"val_loss_epoch_8":22471.990234375}}
{"op_code":7,"worker_id":"65621591-6ed3-46d5-85f6-3172b5f690ea-140737350539072","trial_id":117,"step":9,"intermediate_value":81.22270742358079}
{"op_code":8,"worker_id":"65621591-6ed3-46d5-85f6-3172b5f690ea-140737350539072","trial_id":117,"user_attr":{"train_loss_epoch_9":22200.62083726966}}
{"op_code":8,"worker_id":"65621591-6ed3-46d5-85f6-3172b5f690ea-140737350539072","trial_id":117,"user_attr":{"val_loss_epoch_9":947.4304809570312}}
{"op_code":7,"worker_id":"65621591-6ed3-46d5-85f6-3172b5f690ea-140737350539072","trial_id":117,"step":10,"intermediate_value":81.22270742358079}
{"op_code":8,"worker_id":"65621591-6ed3-46d5-85f6-3172b5f690ea-140737350539072","trial_id":117,"user_attr":{"train_loss_epoch_10":16219.938244894276}}
{"op_code":8,"worker_id":"65621591-6ed3-46d5-85f6-3172b5f690ea-140737350539072","trial_id":117,"user_attr":{"val_loss_epoch_10":279.884765625}}
{"op_code":7,"worker_id":"65621591-6ed3-46d5-85f6-3172b5f690ea-140737350539072","trial_id":117,"step":11,"intermediate_value":81.22270742358079}
{"op_code":8,"worker_id":"65621591-6ed3-46d5-85f6-3172b5f690ea-140737350539072","trial_id":117,"user_attr":{"train_loss_epoch_11":13921.981483791185}}
{"op_code":8,"worker_id":"65621591-6ed3-46d5-85f6-3172b5f690ea-140737350539072","trial_id":117,"user_attr":{"val_loss_epoch_11":185.00435638427734}}
{"op_code":7,"worker_id":"65621591-6ed3-46d5-85f6-3172b5f690ea-140737350539072","trial_id":117,"step":12,"intermediate_value":81.22270742358079}
{"op_code":8,"worker_id":"65621591-6ed3-46d5-85f6-3172b5f690ea-140737350539072","trial_id":117,"user_attr":{"train_loss_epoch_12":10409.5617216359}}
{"op_code":8,"worker_id":"65621591-6ed3-46d5-85f6-3172b5f690ea-140737350539072","trial_id":117,"user_attr":{"val_loss_epoch_12":2620.8485107421875}}
{"op_code":7,"worker_id":"65621591-6ed3-46d5-85f6-3172b5f690ea-140737350539072","trial_id":117,"step":13,"intermediate_value":81.22270742358079}
{"op_code":8,"worker_id":"65621591-6ed3-46d5-85f6-3172b5f690ea-140737350539072","trial_id":117,"user_attr":{"train_loss_epoch_13":6081.002620962392}}
{"op_code":8,"worker_id":"65621591-6ed3-46d5-85f6-3172b5f690ea-140737350539072","trial_id":117,"user_attr":{"val_loss_epoch_13":3025.1085205078125}}
{"op_code":6,"worker_id":"65621591-6ed3-46d5-85f6-3172b5f690ea-140737350539072","trial_id":117,"state":1,"values":[81.22270742358079],"datetime_complete":"2026-02-22T03:16:07.016471"}
{"op_code":4,"worker_id":"65621591-6ed3-46d5-85f6-3172b5f690ea-140737350539072","study_id":0,"datetime_start":"2026-02-22T03:16:07.023784"}
{"op_code":5,"worker_id":"65621591-6ed3-46d5-85f6-3172b5f690ea-140737350539072","trial_id":118,"param_name":"learning_rate","param_value_internal":0.0021515922055295347,"distribution":"{\"name\": \"FloatDistribution\", \"attributes\": {\"step\": null, \"low\": 0.001, \"high\": 10.0, \"log\": true}}"}
{"op_code":5,"worker_id":"65621591-6ed3-46d5-85f6-3172b5f690ea-140737350539072","trial_id":118,"param_name":"transfer_lr","param_value_internal":0.0001,"distribution":"{\"name\": \"FloatDistribution\", \"attributes\": {\"step\": null, \"low\": 0.0001, \"high\": 100.0, \"log\": true}}"}
{"op_code":5,"worker_id":"65621591-6ed3-46d5-85f6-3172b5f690ea-140737350539072","trial_id":118,"param_name":"transfer_every","param_value_internal":32000.0,"distribution":"{\"name\": \"IntDistribution\", \"attributes\": {\"log\": true, \"step\": 1, \"low\": 64, \"high\": 32000}}"}
{"op_code":5,"worker_id":"65621591-6ed3-46d5-85f6-3172b5f690ea-140737350539072","trial_id":118,"param_name":"rank_exp","param_value_internal":3.0,"distribution":"{\"name\": \"IntDistribution\", \"attributes\": {\"log\": false, \"step\": 1, \"low\": 0, \"high\": 5}}"}
{"op_code":5,"worker_id":"65621591-6ed3-46d5-85f6-3172b5f690ea-140737350539072","trial_id":118,"param_name":"lora_alpha","param_value_internal":90.50021510445333,"distribution":"{\"name\": \"FloatDistribution\", \"attributes\": {\"step\": null, \"low\": 0.0001, \"high\": 100.0, \"log\": true}}"}
{"op_code":5,"worker_id":"65621591-6ed3-46d5-85f6-3172b5f690ea-140737350539072","trial_id":118,"param_name":"tau_sec","param_value_internal":0.0,"distribution":"{\"name\": \"FloatDistribution\", \"attributes\": {\"step\": null, \"low\": 0.0, \"high\": 0.0, \"log\": false}}"}
{"op_code":5,"worker_id":"65621591-6ed3-46d5-85f6-3172b5f690ea-140737350539072","trial_id":118,"param_name":"out_noise","param_value_internal":0.0,"distribution":"{\"name\": \"FloatDistribution\", \"attributes\": {\"step\": null, \"low\": 0.0, \"high\": 0.0, \"log\": false}}"}
{"op_code":5,"worker_id":"65621591-6ed3-46d5-85f6-3172b5f690ea-140737350539072","trial_id":118,"param_name":"ab_weight_scaling_omega","param_value_internal":0.0,"distribution":"{\"name\": \"FloatDistribution\", \"attributes\": {\"step\": null, \"low\": 0.0, \"high\": 0.0, \"log\": false}}"}
{"op_code":5,"worker_id":"65621591-6ed3-46d5-85f6-3172b5f690ea-140737350539072","trial_id":118,"param_name":"min_lr_rate","param_value_internal":0.0,"distribution":"{\"name\": \"FloatDistribution\", \"attributes\": {\"step\": null, \"low\": 0.0, \"high\": 0.0, \"log\": false}}"}
{"op_code":7,"worker_id":"65621591-6ed3-46d5-85f6-3172b5f690ea-140737350539072","trial_id":118,"step":1,"intermediate_value":81.22270742358079}
{"op_code":8,"worker_id":"65621591-6ed3-46d5-85f6-3172b5f690ea-140737350539072","trial_id":118,"user_attr":{"train_loss_epoch_1":27421120.966304347}}
{"op_code":8,"worker_id":"65621591-6ed3-46d5-85f6-3172b5f690ea-140737350539072","trial_id":118,"user_attr":{"val_loss_epoch_1":28845080.0}}
{"op_code":7,"worker_id":"65621591-6ed3-46d5-85f6-3172b5f690ea-140737350539072","trial_id":118,"step":2,"intermediate_value":81.22270742358079}
{"op_code":8,"worker_id":"65621591-6ed3-46d5-85f6-3172b5f690ea-140737350539072","trial_id":118,"user_attr":{"train_loss_epoch_2":22770505.111413043}}
{"op_code":8,"worker_id":"65621591-6ed3-46d5-85f6-3172b5f690ea-140737350539072","trial_id":118,"user_attr":{"val_loss_epoch_2":19553502.0}}
{"op_code":7,"worker_id":"65621591-6ed3-46d5-85f6-3172b5f690ea-140737350539072","trial_id":118,"step":3,"intermediate_value":81.22270742358079}
{"op_code":8,"worker_id":"65621591-6ed3-46d5-85f6-3172b5f690ea-140737350539072","trial_id":118,"user_attr":{"train_loss_epoch_3":16766032.833423913}}
{"op_code":8,"worker_id":"65621591-6ed3-46d5-85f6-3172b5f690ea-140737350539072","trial_id":118,"user_attr":{"val_loss_epoch_3":11834653.0}}
{"op_code":7,"worker_id":"65621591-6ed3-46d5-85f6-3172b5f690ea-140737350539072","trial_id":118,"step":4,"intermediate_value":81.22270742358079}
{"op_code":8,"worker_id":"65621591-6ed3-46d5-85f6-3172b5f690ea-140737350539072","trial_id":118,"user_attr":{"train_loss_epoch_4":13758192.83084239}}
{"op_code":8,"worker_id":"65621591-6ed3-46d5-85f6-3172b5f690ea-140737350539072","trial_id":118,"user_attr":{"val_loss_epoch_4":2667789.5}}
{"op_code":7,"worker_id":"65621591-6ed3-46d5-85f6-3172b5f690ea-140737350539072","trial_id":118,"step":5,"intermediate_value":81.22270742358079}
{"op_code":8,"worker_id":"65621591-6ed3-46d5-85f6-3172b5f690ea-140737350539072","trial_id":118,"user_attr":{"train_loss_epoch_5":10866813.833967391}}
{"op_code":8,"worker_id":"65621591-6ed3-46d5-85f6-3172b5f690ea-140737350539072","trial_id":118,"user_attr":{"val_loss_epoch_5":5909542.5}}
{"op_code":7,"worker_id":"65621591-6ed3-46d5-85f6-3172b5f690ea-140737350539072","trial_id":118,"step":6,"intermediate_value":81.22270742358079}
{"op_code":8,"worker_id":"65621591-6ed3-46d5-85f6-3172b5f690ea-140737350539072","trial_id":118,"user_attr":{"train_loss_epoch_6":6654496.792663043}}
{"op_code":8,"worker_id":"65621591-6ed3-46d5-85f6-3172b5f690ea-140737350539072","trial_id":118,"user_attr":{"val_loss_epoch_6":6615580.5}}
{"op_code":6,"worker_id":"65621591-6ed3-46d5-85f6-3172b5f690ea-140737350539072","trial_id":118,"state":1,"values":[81.22270742358079],"datetime_complete":"2026-02-22T03:18:26.761038"}
{"op_code":4,"worker_id":"65621591-6ed3-46d5-85f6-3172b5f690ea-140737350539072","study_id":0,"datetime_start":"2026-02-22T03:18:26.768023"}
{"op_code":5,"worker_id":"65621591-6ed3-46d5-85f6-3172b5f690ea-140737350539072","trial_id":119,"param_name":"learning_rate","param_value_internal":0.0024715917785439,"distribution":"{\"name\": \"FloatDistribution\", \"attributes\": {\"step\": null, \"low\": 0.001, \"high\": 10.0, \"log\": true}}"}
{"op_code":5,"worker_id":"65621591-6ed3-46d5-85f6-3172b5f690ea-140737350539072","trial_id":119,"param_name":"transfer_lr","param_value_internal":0.045974091225182506,"distribution":"{\"name\": \"FloatDistribution\", \"attributes\": {\"step\": null, \"low\": 0.0001, \"high\": 100.0, \"log\": true}}"}
{"op_code":5,"worker_id":"65621591-6ed3-46d5-85f6-3172b5f690ea-140737350539072","trial_id":119,"param_name":"transfer_every","param_value_internal":1935.0,"distribution":"{\"name\": \"IntDistribution\", \"attributes\": {\"log\": true, \"step\": 1, \"low\": 64, \"high\": 32000}}"}
{"op_code":5,"worker_id":"65621591-6ed3-46d5-85f6-3172b5f690ea-140737350539072","trial_id":119,"param_name":"rank_exp","param_value_internal":3.0,"distribution":"{\"name\": \"IntDistribution\", \"attributes\": {\"log\": false, \"step\": 1, \"low\": 0, \"high\": 5}}"}
{"op_code":5,"worker_id":"65621591-6ed3-46d5-85f6-3172b5f690ea-140737350539072","trial_id":119,"param_name":"lora_alpha","param_value_internal":0.0001,"distribution":"{\"name\": \"FloatDistribution\", \"attributes\": {\"step\": null, \"low\": 0.0001, \"high\": 100.0, \"log\": true}}"}
{"op_code":5,"worker_id":"65621591-6ed3-46d5-85f6-3172b5f690ea-140737350539072","trial_id":119,"param_name":"tau_sec","param_value_internal":0.0,"distribution":"{\"name\": \"FloatDistribution\", \"attributes\": {\"step\": null, \"low\": 0.0, \"high\": 0.0, \"log\": false}}"}
{"op_code":5,"worker_id":"65621591-6ed3-46d5-85f6-3172b5f690ea-140737350539072","trial_id":119,"param_name":"out_noise","param_value_internal":0.0,"distribution":"{\"name\": \"FloatDistribution\", \"attributes\": {\"step\": null, \"low\": 0.0, \"high\": 0.0, \"log\": false}}"}
{"op_code":5,"worker_id":"65621591-6ed3-46d5-85f6-3172b5f690ea-140737350539072","trial_id":119,"param_name":"ab_weight_scaling_omega","param_value_internal":0.0,"distribution":"{\"name\": \"FloatDistribution\", \"attributes\": {\"step\": null, \"low\": 0.0, \"high\": 0.0, \"log\": false}}"}
{"op_code":5,"worker_id":"65621591-6ed3-46d5-85f6-3172b5f690ea-140737350539072","trial_id":119,"param_name":"min_lr_rate","param_value_internal":0.0,"distribution":"{\"name\": \"FloatDistribution\", \"attributes\": {\"step\": null, \"low\": 0.0, \"high\": 0.0, \"log\": false}}"}
{"op_code":7,"worker_id":"65621591-6ed3-46d5-85f6-3172b5f690ea-140737350539072","trial_id":119,"step":1,"intermediate_value":0.0}
{"op_code":8,"worker_id":"65621591-6ed3-46d5-85f6-3172b5f690ea-140737350539072","trial_id":119,"user_attr":{"train_loss_epoch_1":26498664.64375}}
{"op_code":8,"worker_id":"65621591-6ed3-46d5-85f6-3172b5f690ea-140737350539072","trial_id":119,"user_attr":{"val_loss_epoch_1":12426947.0}}
{"op_code":7,"worker_id":"65621591-6ed3-46d5-85f6-3172b5f690ea-140737350539072","trial_id":119,"step":2,"intermediate_value":81.22270742358079}
{"op_code":8,"worker_id":"65621591-6ed3-46d5-85f6-3172b5f690ea-140737350539072","trial_id":119,"user_attr":{"train_loss_epoch_2":21302181.032336958}}
{"op_code":8,"worker_id":"65621591-6ed3-46d5-85f6-3172b5f690ea-140737350539072","trial_id":119,"user_attr":{"val_loss_epoch_2":12901823.5}}
{"op_code":7,"worker_id":"65621591-6ed3-46d5-85f6-3172b5f690ea-140737350539072","trial_id":119,"step":3,"intermediate_value":81.22270742358079}
{"op_code":8,"worker_id":"65621591-6ed3-46d5-85f6-3172b5f690ea-140737350539072","trial_id":119,"user_attr":{"train_loss_epoch_3":15845408.008627718}}
{"op_code":8,"worker_id":"65621591-6ed3-46d5-85f6-3172b5f690ea-140737350539072","trial_id":119,"user_attr":{"val_loss_epoch_3":4151587.0}}
{"op_code":7,"worker_id":"65621591-6ed3-46d5-85f6-3172b5f690ea-140737350539072","trial_id":119,"step":4,"intermediate_value":81.22270742358079}
{"op_code":8,"worker_id":"65621591-6ed3-46d5-85f6-3172b5f690ea-140737350539072","trial_id":119,"user_attr":{"train_loss_epoch_4":11354594.253464675}}
{"op_code":8,"worker_id":"65621591-6ed3-46d5-85f6-3172b5f690ea-140737350539072","trial_id":119,"user_attr":{"val_loss_epoch_4":4721504.5}}
{"op_code":7,"worker_id":"65621591-6ed3-46d5-85f6-3172b5f690ea-140737350539072","trial_id":119,"step":5,"intermediate_value":81.22270742358079}
{"op_code":8,"worker_id":"65621591-6ed3-46d5-85f6-3172b5f690ea-140737350539072","trial_id":119,"user_attr":{"train_loss_epoch_5":7603215.688722827}}
{"op_code":8,"worker_id":"65621591-6ed3-46d5-85f6-3172b5f690ea-140737350539072","trial_id":119,"user_attr":{"val_loss_epoch_5":4320741.0}}
{"op_code":6,"worker_id":"65621591-6ed3-46d5-85f6-3172b5f690ea-140737350539072","trial_id":119,"state":1,"values":[81.22270742358079],"datetime_complete":"2026-02-22T03:20:30.997133"}
{"op_code":4,"worker_id":"65621591-6ed3-46d5-85f6-3172b5f690ea-140737350539072","study_id":0,"datetime_start":"2026-02-22T03:20:31.005969"}
{"op_code":5,"worker_id":"65621591-6ed3-46d5-85f6-3172b5f690ea-140737350539072","trial_id":120,"param_name":"learning_rate","param_value_internal":0.006010698477424284,"distribution":"{\"name\": \"FloatDistribution\", \"attributes\": {\"step\": null, \"low\": 0.001, \"high\": 10.0, \"log\": true}}"}
{"op_code":5,"worker_id":"65621591-6ed3-46d5-85f6-3172b5f690ea-140737350539072","trial_id":120,"param_name":"transfer_lr","param_value_internal":95.50058636738237,"distribution":"{\"name\": \"FloatDistribution\", \"attributes\": {\"step\": null, \"low\": 0.0001, \"high\": 100.0, \"log\": true}}"}
{"op_code":5,"worker_id":"65621591-6ed3-46d5-85f6-3172b5f690ea-140737350539072","trial_id":120,"param_name":"transfer_every","param_value_internal":3752.0,"distribution":"{\"name\": \"IntDistribution\", \"attributes\": {\"log\": true, \"step\": 1, \"low\": 64, \"high\": 32000}}"}
{"op_code":5,"worker_id":"65621591-6ed3-46d5-85f6-3172b5f690ea-140737350539072","trial_id":120,"param_name":"rank_exp","param_value_internal":5.0,"distribution":"{\"name\": \"IntDistribution\", \"attributes\": {\"log\": false, \"step\": 1, \"low\": 0, \"high\": 5}}"}
{"op_code":5,"worker_id":"65621591-6ed3-46d5-85f6-3172b5f690ea-140737350539072","trial_id":120,"param_name":"lora_alpha","param_value_internal":0.0001,"distribution":"{\"name\": \"FloatDistribution\", \"attributes\": {\"step\": null, \"low\": 0.0001, \"high\": 100.0, \"log\": true}}"}
{"op_code":5,"worker_id":"65621591-6ed3-46d5-85f6-3172b5f690ea-140737350539072","trial_id":120,"param_name":"tau_sec","param_value_internal":0.0,"distribution":"{\"name\": \"FloatDistribution\", \"attributes\": {\"step\": null, \"low\": 0.0, \"high\": 0.0, \"log\": false}}"}
{"op_code":5,"worker_id":"65621591-6ed3-46d5-85f6-3172b5f690ea-140737350539072","trial_id":120,"param_name":"out_noise","param_value_internal":0.0,"distribution":"{\"name\": \"FloatDistribution\", \"attributes\": {\"step\": null, \"low\": 0.0, \"high\": 0.0, \"log\": false}}"}
{"op_code":5,"worker_id":"65621591-6ed3-46d5-85f6-3172b5f690ea-140737350539072","trial_id":120,"param_name":"ab_weight_scaling_omega","param_value_internal":0.0,"distribution":"{\"name\": \"FloatDistribution\", \"attributes\": {\"step\": null, \"low\": 0.0, \"high\": 0.0, \"log\": false}}"}
{"op_code":5,"worker_id":"65621591-6ed3-46d5-85f6-3172b5f690ea-140737350539072","trial_id":120,"param_name":"min_lr_rate","param_value_internal":0.0,"distribution":"{\"name\": \"FloatDistribution\", \"attributes\": {\"step\": null, \"low\": 0.0, \"high\": 0.0, \"log\": false}}"}
{"op_code":7,"worker_id":"65621591-6ed3-46d5-85f6-3172b5f690ea-140737350539072","trial_id":120,"step":1,"intermediate_value":81.22270742358079}
{"op_code":8,"worker_id":"65621591-6ed3-46d5-85f6-3172b5f690ea-140737350539072","trial_id":120,"user_attr":{"train_loss_epoch_1":24520466.651902173}}
{"op_code":8,"worker_id":"65621591-6ed3-46d5-85f6-3172b5f690ea-140737350539072","trial_id":120,"user_attr":{"val_loss_epoch_1":10902775.0}}
{"op_code":7,"worker_id":"65621591-6ed3-46d5-85f6-3172b5f690ea-140737350539072","trial_id":120,"step":2,"intermediate_value":81.22270742358079}
{"op_code":8,"worker_id":"65621591-6ed3-46d5-85f6-3172b5f690ea-140737350539072","trial_id":120,"user_attr":{"train_loss_epoch_2":13513070.993206521}}
{"op_code":8,"worker_id":"65621591-6ed3-46d5-85f6-3172b5f690ea-140737350539072","trial_id":120,"user_attr":{"val_loss_epoch_2":6334687.5}}
{"op_code":7,"worker_id":"65621591-6ed3-46d5-85f6-3172b5f690ea-140737350539072","trial_id":120,"step":3,"intermediate_value":81.22270742358079}
{"op_code":8,"worker_id":"65621591-6ed3-46d5-85f6-3172b5f690ea-140737350539072","trial_id":120,"user_attr":{"train_loss_epoch_3":1715415.143079144}}
{"op_code":8,"worker_id":"65621591-6ed3-46d5-85f6-3172b5f690ea-140737350539072","trial_id":120,"user_attr":{"val_loss_epoch_3":6365.09130859375}}
{"op_code":7,"worker_id":"65621591-6ed3-46d5-85f6-3172b5f690ea-140737350539072","trial_id":120,"step":4,"intermediate_value":81.22270742358079}
{"op_code":8,"worker_id":"65621591-6ed3-46d5-85f6-3172b5f690ea-140737350539072","trial_id":120,"user_attr":{"train_loss_epoch_4":95600.51068725585}}
{"op_code":8,"worker_id":"65621591-6ed3-46d5-85f6-3172b5f690ea-140737350539072","trial_id":120,"user_attr":{"val_loss_epoch_4":10759.3505859375}}
{"op_code":7,"worker_id":"65621591-6ed3-46d5-85f6-3172b5f690ea-140737350539072","trial_id":120,"step":5,"intermediate_value":81.22270742358079}
{"op_code":8,"worker_id":"65621591-6ed3-46d5-85f6-3172b5f690ea-140737350539072","trial_id":120,"user_attr":{"train_loss_epoch_5":88707.99355893342}}
{"op_code":8,"worker_id":"65621591-6ed3-46d5-85f6-3172b5f690ea-140737350539072","trial_id":120,"user_attr":{"val_loss_epoch_5":58130.388671875}}
{"op_code":6,"worker_id":"65621591-6ed3-46d5-85f6-3172b5f690ea-140737350539072","trial_id":120,"state":1,"values":[81.22270742358079],"datetime_complete":"2026-02-22T03:22:37.922541"}
{"op_code":4,"worker_id":"65621591-6ed3-46d5-85f6-3172b5f690ea-140737350539072","study_id":0,"datetime_start":"2026-02-22T03:22:37.935370"}
{"op_code":5,"worker_id":"65621591-6ed3-46d5-85f6-3172b5f690ea-140737350539072","trial_id":121,"param_name":"learning_rate","param_value_internal":0.002469670808066855,"distribution":"{\"name\": \"FloatDistribution\", \"attributes\": {\"step\": null, \"low\": 0.001, \"high\": 10.0, \"log\": true}}"}
{"op_code":5,"worker_id":"65621591-6ed3-46d5-85f6-3172b5f690ea-140737350539072","trial_id":121,"param_name":"transfer_lr","param_value_internal":0.058867344703025674,"distribution":"{\"name\": \"FloatDistribution\", \"attributes\": {\"step\": null, \"low\": 0.0001, \"high\": 100.0, \"log\": true}}"}
{"op_code":5,"worker_id":"65621591-6ed3-46d5-85f6-3172b5f690ea-140737350539072","trial_id":121,"param_name":"transfer_every","param_value_internal":1547.0,"distribution":"{\"name\": \"IntDistribution\", \"attributes\": {\"log\": true, \"step\": 1, \"low\": 64, \"high\": 32000}}"}
{"op_code":5,"worker_id":"65621591-6ed3-46d5-85f6-3172b5f690ea-140737350539072","trial_id":121,"param_name":"rank_exp","param_value_internal":3.0,"distribution":"{\"name\": \"IntDistribution\", \"attributes\": {\"log\": false, \"step\": 1, \"low\": 0, \"high\": 5}}"}
{"op_code":5,"worker_id":"65621591-6ed3-46d5-85f6-3172b5f690ea-140737350539072","trial_id":121,"param_name":"lora_alpha","param_value_internal":0.0001,"distribution":"{\"name\": \"FloatDistribution\", \"attributes\": {\"step\": null, \"low\": 0.0001, \"high\": 100.0, \"log\": true}}"}
{"op_code":5,"worker_id":"65621591-6ed3-46d5-85f6-3172b5f690ea-140737350539072","trial_id":121,"param_name":"tau_sec","param_value_internal":0.0,"distribution":"{\"name\": \"FloatDistribution\", \"attributes\": {\"step\": null, \"low\": 0.0, \"high\": 0.0, \"log\": false}}"}
{"op_code":5,"worker_id":"65621591-6ed3-46d5-85f6-3172b5f690ea-140737350539072","trial_id":121,"param_name":"out_noise","param_value_internal":0.0,"distribution":"{\"name\": \"FloatDistribution\", \"attributes\": {\"step\": null, \"low\": 0.0, \"high\": 0.0, \"log\": false}}"}
{"op_code":5,"worker_id":"65621591-6ed3-46d5-85f6-3172b5f690ea-140737350539072","trial_id":121,"param_name":"ab_weight_scaling_omega","param_value_internal":0.0,"distribution":"{\"name\": \"FloatDistribution\", \"attributes\": {\"step\": null, \"low\": 0.0, \"high\": 0.0, \"log\": false}}"}
{"op_code":5,"worker_id":"65621591-6ed3-46d5-85f6-3172b5f690ea-140737350539072","trial_id":121,"param_name":"min_lr_rate","param_value_internal":0.0,"distribution":"{\"name\": \"FloatDistribution\", \"attributes\": {\"step\": null, \"low\": 0.0, \"high\": 0.0, \"log\": false}}"}
{"op_code":7,"worker_id":"65621591-6ed3-46d5-85f6-3172b5f690ea-140737350539072","trial_id":121,"step":1,"intermediate_value":81.22270742358079}
{"op_code":8,"worker_id":"65621591-6ed3-46d5-85f6-3172b5f690ea-140737350539072","trial_id":121,"user_attr":{"train_loss_epoch_1":25946576.216847826}}
{"op_code":8,"worker_id":"65621591-6ed3-46d5-85f6-3172b5f690ea-140737350539072","trial_id":121,"user_attr":{"val_loss_epoch_1":27645770.0}}
{"op_code":7,"worker_id":"65621591-6ed3-46d5-85f6-3172b5f690ea-140737350539072","trial_id":121,"step":2,"intermediate_value":81.22270742358079}
{"op_code":8,"worker_id":"65621591-6ed3-46d5-85f6-3172b5f690ea-140737350539072","trial_id":121,"user_attr":{"train_loss_epoch_2":21946434.826494563}}
{"op_code":8,"worker_id":"65621591-6ed3-46d5-85f6-3172b5f690ea-140737350539072","trial_id":121,"user_attr":{"val_loss_epoch_2":2227320.625}}
{"op_code":7,"worker_id":"65621591-6ed3-46d5-85f6-3172b5f690ea-140737350539072","trial_id":121,"step":3,"intermediate_value":81.22270742358079}
{"op_code":8,"worker_id":"65621591-6ed3-46d5-85f6-3172b5f690ea-140737350539072","trial_id":121,"user_attr":{"train_loss_epoch_3":17022526.52853261}}
{"op_code":8,"worker_id":"65621591-6ed3-46d5-85f6-3172b5f690ea-140737350539072","trial_id":121,"user_attr":{"val_loss_epoch_3":9661440.5}}
{"op_code":7,"worker_id":"65621591-6ed3-46d5-85f6-3172b5f690ea-140737350539072","trial_id":121,"step":4,"intermediate_value":81.22270742358079}
{"op_code":8,"worker_id":"65621591-6ed3-46d5-85f6-3172b5f690ea-140737350539072","trial_id":121,"user_attr":{"train_loss_epoch_4":11872946.553855298}}
{"op_code":8,"worker_id":"65621591-6ed3-46d5-85f6-3172b5f690ea-140737350539072","trial_id":121,"user_attr":{"val_loss_epoch_4":3861084.125}}
{"op_code":6,"worker_id":"65621591-6ed3-46d5-85f6-3172b5f690ea-140737350539072","trial_id":121,"state":1,"values":[81.22270742358079],"datetime_complete":"2026-02-22T03:24:25.984463"}
{"op_code":4,"worker_id":"65621591-6ed3-46d5-85f6-3172b5f690ea-140737350539072","study_id":0,"datetime_start":"2026-02-22T03:24:25.990872"}
{"op_code":5,"worker_id":"65621591-6ed3-46d5-85f6-3172b5f690ea-140737350539072","trial_id":122,"param_name":"learning_rate","param_value_internal":0.0025854039773653735,"distribution":"{\"name\": \"FloatDistribution\", \"attributes\": {\"step\": null, \"low\": 0.001, \"high\": 10.0, \"log\": true}}"}
{"op_code":5,"worker_id":"65621591-6ed3-46d5-85f6-3172b5f690ea-140737350539072","trial_id":122,"param_name":"transfer_lr","param_value_internal":0.0001,"distribution":"{\"name\": \"FloatDistribution\", \"attributes\": {\"step\": null, \"low\": 0.0001, \"high\": 100.0, \"log\": true}}"}
{"op_code":5,"worker_id":"65621591-6ed3-46d5-85f6-3172b5f690ea-140737350539072","trial_id":122,"param_name":"transfer_every","param_value_internal":64.0,"distribution":"{\"name\": \"IntDistribution\", \"attributes\": {\"log\": true, \"step\": 1, \"low\": 64, \"high\": 32000}}"}
{"op_code":5,"worker_id":"65621591-6ed3-46d5-85f6-3172b5f690ea-140737350539072","trial_id":122,"param_name":"rank_exp","param_value_internal":0.0,"distribution":"{\"name\": \"IntDistribution\", \"attributes\": {\"log\": false, \"step\": 1, \"low\": 0, \"high\": 5}}"}
{"op_code":5,"worker_id":"65621591-6ed3-46d5-85f6-3172b5f690ea-140737350539072","trial_id":122,"param_name":"lora_alpha","param_value_internal":0.0001,"distribution":"{\"name\": \"FloatDistribution\", \"attributes\": {\"step\": null, \"low\": 0.0001, \"high\": 100.0, \"log\": true}}"}
{"op_code":5,"worker_id":"65621591-6ed3-46d5-85f6-3172b5f690ea-140737350539072","trial_id":122,"param_name":"tau_sec","param_value_internal":0.0,"distribution":"{\"name\": \"FloatDistribution\", \"attributes\": {\"step\": null, \"low\": 0.0, \"high\": 0.0, \"log\": false}}"}
{"op_code":5,"worker_id":"65621591-6ed3-46d5-85f6-3172b5f690ea-140737350539072","trial_id":122,"param_name":"out_noise","param_value_internal":0.0,"distribution":"{\"name\": \"FloatDistribution\", \"attributes\": {\"step\": null, \"low\": 0.0, \"high\": 0.0, \"log\": false}}"}
{"op_code":5,"worker_id":"65621591-6ed3-46d5-85f6-3172b5f690ea-140737350539072","trial_id":122,"param_name":"ab_weight_scaling_omega","param_value_internal":0.0,"distribution":"{\"name\": \"FloatDistribution\", \"attributes\": {\"step\": null, \"low\": 0.0, \"high\": 0.0, \"log\": false}}"}
{"op_code":5,"worker_id":"65621591-6ed3-46d5-85f6-3172b5f690ea-140737350539072","trial_id":122,"param_name":"min_lr_rate","param_value_internal":0.0,"distribution":"{\"name\": \"FloatDistribution\", \"attributes\": {\"step\": null, \"low\": 0.0, \"high\": 0.0, \"log\": false}}"}
{"op_code":7,"worker_id":"65621591-6ed3-46d5-85f6-3172b5f690ea-140737350539072","trial_id":122,"step":1,"intermediate_value":81.22270742358079}
{"op_code":8,"worker_id":"65621591-6ed3-46d5-85f6-3172b5f690ea-140737350539072","trial_id":122,"user_attr":{"train_loss_epoch_1":26500562.63451087}}
{"op_code":8,"worker_id":"65621591-6ed3-46d5-85f6-3172b5f690ea-140737350539072","trial_id":122,"user_attr":{"val_loss_epoch_1":13474459.0}}
{"op_code":7,"worker_id":"65621591-6ed3-46d5-85f6-3172b5f690ea-140737350539072","trial_id":122,"step":2,"intermediate_value":81.22270742358079}
{"op_code":8,"worker_id":"65621591-6ed3-46d5-85f6-3172b5f690ea-140737350539072","trial_id":122,"user_attr":{"train_loss_epoch_2":20998669.42880435}}
{"op_code":8,"worker_id":"65621591-6ed3-46d5-85f6-3172b5f690ea-140737350539072","trial_id":122,"user_attr":{"val_loss_epoch_2":6814020.0}}
{"op_code":7,"worker_id":"65621591-6ed3-46d5-85f6-3172b5f690ea-140737350539072","trial_id":122,"step":3,"intermediate_value":81.22270742358079}
{"op_code":8,"worker_id":"65621591-6ed3-46d5-85f6-3172b5f690ea-140737350539072","trial_id":122,"user_attr":{"train_loss_epoch_3":15430630.671195652}}
{"op_code":8,"worker_id":"65621591-6ed3-46d5-85f6-3172b5f690ea-140737350539072","trial_id":122,"user_attr":{"val_loss_epoch_3":15505051.0}}
{"op_code":7,"worker_id":"65621591-6ed3-46d5-85f6-3172b5f690ea-140737350539072","trial_id":122,"step":4,"intermediate_value":81.22270742358079}
{"op_code":8,"worker_id":"65621591-6ed3-46d5-85f6-3172b5f690ea-140737350539072","trial_id":122,"user_attr":{"train_loss_epoch_4":11353792.455536684}}
{"op_code":8,"worker_id":"65621591-6ed3-46d5-85f6-3172b5f690ea-140737350539072","trial_id":122,"user_attr":{"val_loss_epoch_4":7146680.75}}
{"op_code":6,"worker_id":"65621591-6ed3-46d5-85f6-3172b5f690ea-140737350539072","trial_id":122,"state":1,"values":[81.22270742358079],"datetime_complete":"2026-02-22T03:26:50.382534"}
{"op_code":4,"worker_id":"65621591-6ed3-46d5-85f6-3172b5f690ea-140737350539072","study_id":0,"datetime_start":"2026-02-22T03:26:50.389703"}
{"op_code":5,"worker_id":"65621591-6ed3-46d5-85f6-3172b5f690ea-140737350539072","trial_id":123,"param_name":"learning_rate","param_value_internal":0.005443879243216829,"distribution":"{\"name\": \"FloatDistribution\", \"attributes\": {\"step\": null, \"low\": 0.001, \"high\": 10.0, \"log\": true}}"}
{"op_code":5,"worker_id":"65621591-6ed3-46d5-85f6-3172b5f690ea-140737350539072","trial_id":123,"param_name":"transfer_lr","param_value_internal":95.50058636738237,"distribution":"{\"name\": \"FloatDistribution\", \"attributes\": {\"step\": null, \"low\": 0.0001, \"high\": 100.0, \"log\": true}}"}
{"op_code":5,"worker_id":"65621591-6ed3-46d5-85f6-3172b5f690ea-140737350539072","trial_id":123,"param_name":"transfer_every","param_value_internal":456.0,"distribution":"{\"name\": \"IntDistribution\", \"attributes\": {\"log\": true, \"step\": 1, \"low\": 64, \"high\": 32000}}"}
{"op_code":5,"worker_id":"65621591-6ed3-46d5-85f6-3172b5f690ea-140737350539072","trial_id":123,"param_name":"rank_exp","param_value_internal":4.0,"distribution":"{\"name\": \"IntDistribution\", \"attributes\": {\"log\": false, \"step\": 1, \"low\": 0, \"high\": 5}}"}
{"op_code":5,"worker_id":"65621591-6ed3-46d5-85f6-3172b5f690ea-140737350539072","trial_id":123,"param_name":"lora_alpha","param_value_internal":0.0001,"distribution":"{\"name\": \"FloatDistribution\", \"attributes\": {\"step\": null, \"low\": 0.0001, \"high\": 100.0, \"log\": true}}"}
{"op_code":5,"worker_id":"65621591-6ed3-46d5-85f6-3172b5f690ea-140737350539072","trial_id":123,"param_name":"tau_sec","param_value_internal":0.0,"distribution":"{\"name\": \"FloatDistribution\", \"attributes\": {\"step\": null, \"low\": 0.0, \"high\": 0.0, \"log\": false}}"}
{"op_code":5,"worker_id":"65621591-6ed3-46d5-85f6-3172b5f690ea-140737350539072","trial_id":123,"param_name":"out_noise","param_value_internal":0.0,"distribution":"{\"name\": \"FloatDistribution\", \"attributes\": {\"step\": null, \"low\": 0.0, \"high\": 0.0, \"log\": false}}"}
{"op_code":5,"worker_id":"65621591-6ed3-46d5-85f6-3172b5f690ea-140737350539072","trial_id":123,"param_name":"ab_weight_scaling_omega","param_value_internal":0.0,"distribution":"{\"name\": \"FloatDistribution\", \"attributes\": {\"step\": null, \"low\": 0.0, \"high\": 0.0, \"log\": false}}"}
{"op_code":5,"worker_id":"65621591-6ed3-46d5-85f6-3172b5f690ea-140737350539072","trial_id":123,"param_name":"min_lr_rate","param_value_internal":0.0,"distribution":"{\"name\": \"FloatDistribution\", \"attributes\": {\"step\": null, \"low\": 0.0, \"high\": 0.0, \"log\": false}}"}
{"op_code":7,"worker_id":"65621591-6ed3-46d5-85f6-3172b5f690ea-140737350539072","trial_id":123,"step":1,"intermediate_value":81.22270742358079}
{"op_code":8,"worker_id":"65621591-6ed3-46d5-85f6-3172b5f690ea-140737350539072","trial_id":123,"user_attr":{"train_loss_epoch_1":26578212.457710598}}
{"op_code":8,"worker_id":"65621591-6ed3-46d5-85f6-3172b5f690ea-140737350539072","trial_id":123,"user_attr":{"val_loss_epoch_1":14174480.5}}
{"op_code":7,"worker_id":"65621591-6ed3-46d5-85f6-3172b5f690ea-140737350539072","trial_id":123,"step":2,"intermediate_value":81.22270742358079}
{"op_code":8,"worker_id":"65621591-6ed3-46d5-85f6-3172b5f690ea-140737350539072","trial_id":123,"user_attr":{"train_loss_epoch_2":14923380.419701086}}
{"op_code":8,"worker_id":"65621591-6ed3-46d5-85f6-3172b5f690ea-140737350539072","trial_id":123,"user_attr":{"val_loss_epoch_2":8969292.0}}
{"op_code":7,"worker_id":"65621591-6ed3-46d5-85f6-3172b5f690ea-140737350539072","trial_id":123,"step":3,"intermediate_value":81.22270742358079}
{"op_code":8,"worker_id":"65621591-6ed3-46d5-85f6-3172b5f690ea-140737350539072","trial_id":123,"user_attr":{"train_loss_epoch_3":3839364.2791525135}}
{"op_code":8,"worker_id":"65621591-6ed3-46d5-85f6-3172b5f690ea-140737350539072","trial_id":123,"user_attr":{"val_loss_epoch_3":124798.984375}}
{"op_code":7,"worker_id":"65621591-6ed3-46d5-85f6-3172b5f690ea-140737350539072","trial_id":123,"step":4,"intermediate_value":81.22270742358079}
{"op_code":8,"worker_id":"65621591-6ed3-46d5-85f6-3172b5f690ea-140737350539072","trial_id":123,"user_attr":{"train_loss_epoch_4":92676.70482336957}}
{"op_code":8,"worker_id":"65621591-6ed3-46d5-85f6-3172b5f690ea-140737350539072","trial_id":123,"user_attr":{"val_loss_epoch_4":15762.921875}}
{"op_code":7,"worker_id":"65621591-6ed3-46d5-85f6-3172b5f690ea-140737350539072","trial_id":123,"step":5,"intermediate_value":81.22270742358079}
{"op_code":8,"worker_id":"65621591-6ed3-46d5-85f6-3172b5f690ea-140737350539072","trial_id":123,"user_attr":{"train_loss_epoch_5":80368.1641686481}}
{"op_code":8,"worker_id":"65621591-6ed3-46d5-85f6-3172b5f690ea-140737350539072","trial_id":123,"user_attr":{"val_loss_epoch_5":73455.1875}}
{"op_code":7,"worker_id":"65621591-6ed3-46d5-85f6-3172b5f690ea-140737350539072","trial_id":123,"step":6,"intermediate_value":81.22270742358079}
{"op_code":8,"worker_id":"65621591-6ed3-46d5-85f6-3172b5f690ea-140737350539072","trial_id":123,"user_attr":{"train_loss_epoch_6":77972.11198199728}}
{"op_code":8,"worker_id":"65621591-6ed3-46d5-85f6-3172b5f690ea-140737350539072","trial_id":123,"user_attr":{"val_loss_epoch_6":2058.4271850585938}}
{"op_code":7,"worker_id":"65621591-6ed3-46d5-85f6-3172b5f690ea-140737350539072","trial_id":123,"step":7,"intermediate_value":81.22270742358079}
{"op_code":8,"worker_id":"65621591-6ed3-46d5-85f6-3172b5f690ea-140737350539072","trial_id":123,"user_attr":{"train_loss_epoch_7":60844.30561311141}}
{"op_code":8,"worker_id":"65621591-6ed3-46d5-85f6-3172b5f690ea-140737350539072","trial_id":123,"user_attr":{"val_loss_epoch_7":31776.6650390625}}
{"op_code":7,"worker_id":"65621591-6ed3-46d5-85f6-3172b5f690ea-140737350539072","trial_id":123,"step":8,"intermediate_value":81.22270742358079}
{"op_code":8,"worker_id":"65621591-6ed3-46d5-85f6-3172b5f690ea-140737350539072","trial_id":123,"user_attr":{"train_loss_epoch_8":56187.027212126355}}
{"op_code":8,"worker_id":"65621591-6ed3-46d5-85f6-3172b5f690ea-140737350539072","trial_id":123,"user_attr":{"val_loss_epoch_8":15481.3408203125}}
{"op_code":6,"worker_id":"65621591-6ed3-46d5-85f6-3172b5f690ea-140737350539072","trial_id":123,"state":1,"values":[81.22270742358079],"datetime_complete":"2026-02-22T03:29:52.043894"}
{"op_code":4,"worker_id":"65621591-6ed3-46d5-85f6-3172b5f690ea-140737350539072","study_id":0,"datetime_start":"2026-02-22T03:29:52.061930"}
{"op_code":5,"worker_id":"65621591-6ed3-46d5-85f6-3172b5f690ea-140737350539072","trial_id":124,"param_name":"learning_rate","param_value_internal":0.0023494032074167165,"distribution":"{\"name\": \"FloatDistribution\", \"attributes\": {\"step\": null, \"low\": 0.001, \"high\": 10.0, \"log\": true}}"}
{"op_code":5,"worker_id":"65621591-6ed3-46d5-85f6-3172b5f690ea-140737350539072","trial_id":124,"param_name":"transfer_lr","param_value_internal":0.020276361345838132,"distribution":"{\"name\": \"FloatDistribution\", \"attributes\": {\"step\": null, \"low\": 0.0001, \"high\": 100.0, \"log\": true}}"}
{"op_code":5,"worker_id":"65621591-6ed3-46d5-85f6-3172b5f690ea-140737350539072","trial_id":124,"param_name":"transfer_every","param_value_internal":1449.0,"distribution":"{\"name\": \"IntDistribution\", \"attributes\": {\"log\": true, \"step\": 1, \"low\": 64, \"high\": 32000}}"}
{"op_code":5,"worker_id":"65621591-6ed3-46d5-85f6-3172b5f690ea-140737350539072","trial_id":124,"param_name":"rank_exp","param_value_internal":2.0,"distribution":"{\"name\": \"IntDistribution\", \"attributes\": {\"log\": false, \"step\": 1, \"low\": 0, \"high\": 5}}"}
{"op_code":5,"worker_id":"65621591-6ed3-46d5-85f6-3172b5f690ea-140737350539072","trial_id":124,"param_name":"lora_alpha","param_value_internal":0.0001,"distribution":"{\"name\": \"FloatDistribution\", \"attributes\": {\"step\": null, \"low\": 0.0001, \"high\": 100.0, \"log\": true}}"}
{"op_code":5,"worker_id":"65621591-6ed3-46d5-85f6-3172b5f690ea-140737350539072","trial_id":124,"param_name":"tau_sec","param_value_internal":0.0,"distribution":"{\"name\": \"FloatDistribution\", \"attributes\": {\"step\": null, \"low\": 0.0, \"high\": 0.0, \"log\": false}}"}
{"op_code":5,"worker_id":"65621591-6ed3-46d5-85f6-3172b5f690ea-140737350539072","trial_id":124,"param_name":"out_noise","param_value_internal":0.0,"distribution":"{\"name\": \"FloatDistribution\", \"attributes\": {\"step\": null, \"low\": 0.0, \"high\": 0.0, \"log\": false}}"}
{"op_code":5,"worker_id":"65621591-6ed3-46d5-85f6-3172b5f690ea-140737350539072","trial_id":124,"param_name":"ab_weight_scaling_omega","param_value_internal":0.0,"distribution":"{\"name\": \"FloatDistribution\", \"attributes\": {\"step\": null, \"low\": 0.0, \"high\": 0.0, \"log\": false}}"}
{"op_code":5,"worker_id":"65621591-6ed3-46d5-85f6-3172b5f690ea-140737350539072","trial_id":124,"param_name":"min_lr_rate","param_value_internal":0.0,"distribution":"{\"name\": \"FloatDistribution\", \"attributes\": {\"step\": null, \"low\": 0.0, \"high\": 0.0, \"log\": false}}"}
{"op_code":7,"worker_id":"65621591-6ed3-46d5-85f6-3172b5f690ea-140737350539072","trial_id":124,"step":1,"intermediate_value":0.0}
{"op_code":8,"worker_id":"65621591-6ed3-46d5-85f6-3172b5f690ea-140737350539072","trial_id":124,"user_attr":{"train_loss_epoch_1":27312206.317663044}}
{"op_code":8,"worker_id":"65621591-6ed3-46d5-85f6-3172b5f690ea-140737350539072","trial_id":124,"user_attr":{"val_loss_epoch_1":1348366.4375}}
{"op_code":7,"worker_id":"65621591-6ed3-46d5-85f6-3172b5f690ea-140737350539072","trial_id":124,"step":2,"intermediate_value":81.22270742358079}
{"op_code":8,"worker_id":"65621591-6ed3-46d5-85f6-3172b5f690ea-140737350539072","trial_id":124,"user_attr":{"train_loss_epoch_2":20717395.258967392}}
{"op_code":8,"worker_id":"65621591-6ed3-46d5-85f6-3172b5f690ea-140737350539072","trial_id":124,"user_attr":{"val_loss_epoch_2":14140461.0}}
{"op_code":7,"worker_id":"65621591-6ed3-46d5-85f6-3172b5f690ea-140737350539072","trial_id":124,"step":3,"intermediate_value":81.22270742358079}
{"op_code":8,"worker_id":"65621591-6ed3-46d5-85f6-3172b5f690ea-140737350539072","trial_id":124,"user_attr":{"train_loss_epoch_3":17066079.408288043}}
{"op_code":8,"worker_id":"65621591-6ed3-46d5-85f6-3172b5f690ea-140737350539072","trial_id":124,"user_attr":{"val_loss_epoch_3":3857670.75}}
{"op_code":6,"worker_id":"65621591-6ed3-46d5-85f6-3172b5f690ea-140737350539072","trial_id":124,"state":1,"values":[81.22270742358079],"datetime_complete":"2026-02-22T03:31:30.351615"}
{"op_code":4,"worker_id":"65621591-6ed3-46d5-85f6-3172b5f690ea-140737350539072","study_id":0,"datetime_start":"2026-02-22T03:31:30.359281"}
{"op_code":5,"worker_id":"65621591-6ed3-46d5-85f6-3172b5f690ea-140737350539072","trial_id":125,"param_name":"learning_rate","param_value_internal":0.002734925943448998,"distribution":"{\"name\": \"FloatDistribution\", \"attributes\": {\"step\": null, \"low\": 0.001, \"high\": 10.0, \"log\": true}}"}
{"op_code":5,"worker_id":"65621591-6ed3-46d5-85f6-3172b5f690ea-140737350539072","trial_id":125,"param_name":"transfer_lr","param_value_internal":0.0001,"distribution":"{\"name\": \"FloatDistribution\", \"attributes\": {\"step\": null, \"low\": 0.0001, \"high\": 100.0, \"log\": true}}"}
{"op_code":5,"worker_id":"65621591-6ed3-46d5-85f6-3172b5f690ea-140737350539072","trial_id":125,"param_name":"transfer_every","param_value_internal":32000.0,"distribution":"{\"name\": \"IntDistribution\", \"attributes\": {\"log\": true, \"step\": 1, \"low\": 64, \"high\": 32000}}"}
{"op_code":5,"worker_id":"65621591-6ed3-46d5-85f6-3172b5f690ea-140737350539072","trial_id":125,"param_name":"rank_exp","param_value_internal":3.0,"distribution":"{\"name\": \"IntDistribution\", \"attributes\": {\"log\": false, \"step\": 1, \"low\": 0, \"high\": 5}}"}
{"op_code":5,"worker_id":"65621591-6ed3-46d5-85f6-3172b5f690ea-140737350539072","trial_id":125,"param_name":"lora_alpha","param_value_internal":0.013603459509256734,"distribution":"{\"name\": \"FloatDistribution\", \"attributes\": {\"step\": null, \"low\": 0.0001, \"high\": 100.0, \"log\": true}}"}
{"op_code":5,"worker_id":"65621591-6ed3-46d5-85f6-3172b5f690ea-140737350539072","trial_id":125,"param_name":"tau_sec","param_value_internal":0.0,"distribution":"{\"name\": \"FloatDistribution\", \"attributes\": {\"step\": null, \"low\": 0.0, \"high\": 0.0, \"log\": false}}"}
{"op_code":5,"worker_id":"65621591-6ed3-46d5-85f6-3172b5f690ea-140737350539072","trial_id":125,"param_name":"out_noise","param_value_internal":0.0,"distribution":"{\"name\": \"FloatDistribution\", \"attributes\": {\"step\": null, \"low\": 0.0, \"high\": 0.0, \"log\": false}}"}
{"op_code":5,"worker_id":"65621591-6ed3-46d5-85f6-3172b5f690ea-140737350539072","trial_id":125,"param_name":"ab_weight_scaling_omega","param_value_internal":0.0,"distribution":"{\"name\": \"FloatDistribution\", \"attributes\": {\"step\": null, \"low\": 0.0, \"high\": 0.0, \"log\": false}}"}
{"op_code":5,"worker_id":"65621591-6ed3-46d5-85f6-3172b5f690ea-140737350539072","trial_id":125,"param_name":"min_lr_rate","param_value_internal":0.0,"distribution":"{\"name\": \"FloatDistribution\", \"attributes\": {\"step\": null, \"low\": 0.0, \"high\": 0.0, \"log\": false}}"}
{"op_code":7,"worker_id":"65621591-6ed3-46d5-85f6-3172b5f690ea-140737350539072","trial_id":125,"step":1,"intermediate_value":81.22270742358079}
{"op_code":8,"worker_id":"65621591-6ed3-46d5-85f6-3172b5f690ea-140737350539072","trial_id":125,"user_attr":{"train_loss_epoch_1":25622311.036141306}}
{"op_code":8,"worker_id":"65621591-6ed3-46d5-85f6-3172b5f690ea-140737350539072","trial_id":125,"user_attr":{"val_loss_epoch_1":18778686.0}}
{"op_code":7,"worker_id":"65621591-6ed3-46d5-85f6-3172b5f690ea-140737350539072","trial_id":125,"step":2,"intermediate_value":81.22270742358079}
{"op_code":8,"worker_id":"65621591-6ed3-46d5-85f6-3172b5f690ea-140737350539072","trial_id":125,"user_attr":{"train_loss_epoch_2":20507742.894972827}}
{"op_code":8,"worker_id":"65621591-6ed3-46d5-85f6-3172b5f690ea-140737350539072","trial_id":125,"user_attr":{"val_loss_epoch_2":3837091.0}}
{"op_code":7,"worker_id":"65621591-6ed3-46d5-85f6-3172b5f690ea-140737350539072","trial_id":125,"step":3,"intermediate_value":81.22270742358079}
{"op_code":8,"worker_id":"65621591-6ed3-46d5-85f6-3172b5f690ea-140737350539072","trial_id":125,"user_attr":{"train_loss_epoch_3":15440325.11875}}
{"op_code":8,"worker_id":"65621591-6ed3-46d5-85f6-3172b5f690ea-140737350539072","trial_id":125,"user_attr":{"val_loss_epoch_3":975951.15625}}
{"op_code":7,"worker_id":"65621591-6ed3-46d5-85f6-3172b5f690ea-140737350539072","trial_id":125,"step":4,"intermediate_value":81.22270742358079}
{"op_code":8,"worker_id":"65621591-6ed3-46d5-85f6-3172b5f690ea-140737350539072","trial_id":125,"user_attr":{"train_loss_epoch_4":10426529.063043479}}
{"op_code":8,"worker_id":"65621591-6ed3-46d5-85f6-3172b5f690ea-140737350539072","trial_id":125,"user_attr":{"val_loss_epoch_4":4994406.5}}
{"op_code":7,"worker_id":"65621591-6ed3-46d5-85f6-3172b5f690ea-140737350539072","trial_id":125,"step":5,"intermediate_value":81.22270742358079}
{"op_code":8,"worker_id":"65621591-6ed3-46d5-85f6-3172b5f690ea-140737350539072","trial_id":125,"user_attr":{"train_loss_epoch_5":5699781.994633152}}
{"op_code":8,"worker_id":"65621591-6ed3-46d5-85f6-3172b5f690ea-140737350539072","trial_id":125,"user_attr":{"val_loss_epoch_5":1774901.375}}
{"op_code":6,"worker_id":"65621591-6ed3-46d5-85f6-3172b5f690ea-140737350539072","trial_id":125,"state":1,"values":[81.22270742358079],"datetime_complete":"2026-02-22T03:33:34.869392"}
{"op_code":4,"worker_id":"65621591-6ed3-46d5-85f6-3172b5f690ea-140737350539072","study_id":0,"datetime_start":"2026-02-22T03:33:34.878343"}
{"op_code":5,"worker_id":"65621591-6ed3-46d5-85f6-3172b5f690ea-140737350539072","trial_id":126,"param_name":"learning_rate","param_value_internal":0.004038727655677304,"distribution":"{\"name\": \"FloatDistribution\", \"attributes\": {\"step\": null, \"low\": 0.001, \"high\": 10.0, \"log\": true}}"}
{"op_code":5,"worker_id":"65621591-6ed3-46d5-85f6-3172b5f690ea-140737350539072","trial_id":126,"param_name":"transfer_lr","param_value_internal":1.0912325761162975,"distribution":"{\"name\": \"FloatDistribution\", \"attributes\": {\"step\": null, \"low\": 0.0001, \"high\": 100.0, \"log\": true}}"}
{"op_code":5,"worker_id":"65621591-6ed3-46d5-85f6-3172b5f690ea-140737350539072","trial_id":126,"param_name":"transfer_every","param_value_internal":32000.0,"distribution":"{\"name\": \"IntDistribution\", \"attributes\": {\"log\": true, \"step\": 1, \"low\": 64, \"high\": 32000}}"}
{"op_code":5,"worker_id":"65621591-6ed3-46d5-85f6-3172b5f690ea-140737350539072","trial_id":126,"param_name":"rank_exp","param_value_internal":5.0,"distribution":"{\"name\": \"IntDistribution\", \"attributes\": {\"log\": false, \"step\": 1, \"low\": 0, \"high\": 5}}"}
{"op_code":5,"worker_id":"65621591-6ed3-46d5-85f6-3172b5f690ea-140737350539072","trial_id":126,"param_name":"lora_alpha","param_value_internal":0.0001,"distribution":"{\"name\": \"FloatDistribution\", \"attributes\": {\"step\": null, \"low\": 0.0001, \"high\": 100.0, \"log\": true}}"}
{"op_code":5,"worker_id":"65621591-6ed3-46d5-85f6-3172b5f690ea-140737350539072","trial_id":126,"param_name":"tau_sec","param_value_internal":0.0,"distribution":"{\"name\": \"FloatDistribution\", \"attributes\": {\"step\": null, \"low\": 0.0, \"high\": 0.0, \"log\": false}}"}
{"op_code":5,"worker_id":"65621591-6ed3-46d5-85f6-3172b5f690ea-140737350539072","trial_id":126,"param_name":"out_noise","param_value_internal":0.0,"distribution":"{\"name\": \"FloatDistribution\", \"attributes\": {\"step\": null, \"low\": 0.0, \"high\": 0.0, \"log\": false}}"}
{"op_code":5,"worker_id":"65621591-6ed3-46d5-85f6-3172b5f690ea-140737350539072","trial_id":126,"param_name":"ab_weight_scaling_omega","param_value_internal":0.0,"distribution":"{\"name\": \"FloatDistribution\", \"attributes\": {\"step\": null, \"low\": 0.0, \"high\": 0.0, \"log\": false}}"}
{"op_code":5,"worker_id":"65621591-6ed3-46d5-85f6-3172b5f690ea-140737350539072","trial_id":126,"param_name":"min_lr_rate","param_value_internal":0.0,"distribution":"{\"name\": \"FloatDistribution\", \"attributes\": {\"step\": null, \"low\": 0.0, \"high\": 0.0, \"log\": false}}"}
{"op_code":7,"worker_id":"65621591-6ed3-46d5-85f6-3172b5f690ea-140737350539072","trial_id":126,"step":1,"intermediate_value":81.22270742358079}
{"op_code":8,"worker_id":"65621591-6ed3-46d5-85f6-3172b5f690ea-140737350539072","trial_id":126,"user_attr":{"train_loss_epoch_1":25262391.010326087}}
{"op_code":8,"worker_id":"65621591-6ed3-46d5-85f6-3172b5f690ea-140737350539072","trial_id":126,"user_attr":{"val_loss_epoch_1":25588300.0}}
{"op_code":7,"worker_id":"65621591-6ed3-46d5-85f6-3172b5f690ea-140737350539072","trial_id":126,"step":2,"intermediate_value":81.22270742358079}
{"op_code":8,"worker_id":"65621591-6ed3-46d5-85f6-3172b5f690ea-140737350539072","trial_id":126,"user_attr":{"train_loss_epoch_2":17469693.25978261}}
{"op_code":8,"worker_id":"65621591-6ed3-46d5-85f6-3172b5f690ea-140737350539072","trial_id":126,"user_attr":{"val_loss_epoch_2":907818.28125}}
{"op_code":7,"worker_id":"65621591-6ed3-46d5-85f6-3172b5f690ea-140737350539072","trial_id":126,"step":3,"intermediate_value":81.22270742358079}
{"op_code":8,"worker_id":"65621591-6ed3-46d5-85f6-3172b5f690ea-140737350539072","trial_id":126,"user_attr":{"train_loss_epoch_3":9395239.74067595}}
{"op_code":8,"worker_id":"65621591-6ed3-46d5-85f6-3172b5f690ea-140737350539072","trial_id":126,"user_attr":{"val_loss_epoch_3":355072.125}}
{"op_code":7,"worker_id":"65621591-6ed3-46d5-85f6-3172b5f690ea-140737350539072","trial_id":126,"step":4,"intermediate_value":81.22270742358079}
{"op_code":8,"worker_id":"65621591-6ed3-46d5-85f6-3172b5f690ea-140737350539072","trial_id":126,"user_attr":{"train_loss_epoch_4":2271969.9124193275}}
{"op_code":8,"worker_id":"65621591-6ed3-46d5-85f6-3172b5f690ea-140737350539072","trial_id":126,"user_attr":{"val_loss_epoch_4":80675.08984375}}
{"op_code":7,"worker_id":"65621591-6ed3-46d5-85f6-3172b5f690ea-140737350539072","trial_id":126,"step":5,"intermediate_value":81.22270742358079}
{"op_code":8,"worker_id":"65621591-6ed3-46d5-85f6-3172b5f690ea-140737350539072","trial_id":126,"user_attr":{"train_loss_epoch_5":63511.39460343071}}
{"op_code":8,"worker_id":"65621591-6ed3-46d5-85f6-3172b5f690ea-140737350539072","trial_id":126,"user_attr":{"val_loss_epoch_5":52985.3203125}}
{"op_code":7,"worker_id":"65621591-6ed3-46d5-85f6-3172b5f690ea-140737350539072","trial_id":126,"step":6,"intermediate_value":81.22270742358079}
{"op_code":8,"worker_id":"65621591-6ed3-46d5-85f6-3172b5f690ea-140737350539072","trial_id":126,"user_attr":{"train_loss_epoch_6":54062.596265709915}}
{"op_code":8,"worker_id":"65621591-6ed3-46d5-85f6-3172b5f690ea-140737350539072","trial_id":126,"user_attr":{"val_loss_epoch_6":32998.6103515625}}
{"op_code":7,"worker_id":"65621591-6ed3-46d5-85f6-3172b5f690ea-140737350539072","trial_id":126,"step":7,"intermediate_value":81.22270742358079}
{"op_code":8,"worker_id":"65621591-6ed3-46d5-85f6-3172b5f690ea-140737350539072","trial_id":126,"user_attr":{"train_loss_epoch_7":49442.78775475544}}
{"op_code":8,"worker_id":"65621591-6ed3-46d5-85f6-3172b5f690ea-140737350539072","trial_id":126,"user_attr":{"val_loss_epoch_7":4877.94091796875}}
{"op_code":7,"worker_id":"65621591-6ed3-46d5-85f6-3172b5f690ea-140737350539072","trial_id":126,"step":8,"intermediate_value":81.22270742358079}
{"op_code":8,"worker_id":"65621591-6ed3-46d5-85f6-3172b5f690ea-140737350539072","trial_id":126,"user_attr":{"train_loss_epoch_8":35305.94857496179}}
{"op_code":8,"worker_id":"65621591-6ed3-46d5-85f6-3172b5f690ea-140737350539072","trial_id":126,"user_attr":{"val_loss_epoch_8":4092.2469482421875}}
{"op_code":7,"worker_id":"65621591-6ed3-46d5-85f6-3172b5f690ea-140737350539072","trial_id":126,"step":9,"intermediate_value":81.22270742358079}
{"op_code":8,"worker_id":"65621591-6ed3-46d5-85f6-3172b5f690ea-140737350539072","trial_id":126,"user_attr":{"train_loss_epoch_9":35545.51334600034}}
{"op_code":8,"worker_id":"65621591-6ed3-46d5-85f6-3172b5f690ea-140737350539072","trial_id":126,"user_attr":{"val_loss_epoch_9":21977.2060546875}}
{"op_code":7,"worker_id":"65621591-6ed3-46d5-85f6-3172b5f690ea-140737350539072","trial_id":126,"step":10,"intermediate_value":81.22270742358079}
{"op_code":8,"worker_id":"65621591-6ed3-46d5-85f6-3172b5f690ea-140737350539072","trial_id":126,"user_attr":{"train_loss_epoch_10":29253.200386379078}}
{"op_code":8,"worker_id":"65621591-6ed3-46d5-85f6-3172b5f690ea-140737350539072","trial_id":126,"user_attr":{"val_loss_epoch_10":12822.1767578125}}
{"op_code":6,"worker_id":"65621591-6ed3-46d5-85f6-3172b5f690ea-140737350539072","trial_id":126,"state":1,"values":[81.22270742358079],"datetime_complete":"2026-02-22T03:37:09.114951"}
{"op_code":4,"worker_id":"65621591-6ed3-46d5-85f6-3172b5f690ea-140737350539072","study_id":0,"datetime_start":"2026-02-22T03:37:09.126548"}
{"op_code":5,"worker_id":"65621591-6ed3-46d5-85f6-3172b5f690ea-140737350539072","trial_id":127,"param_name":"learning_rate","param_value_internal":0.005517561957167625,"distribution":"{\"name\": \"FloatDistribution\", \"attributes\": {\"step\": null, \"low\": 0.001, \"high\": 10.0, \"log\": true}}"}
{"op_code":5,"worker_id":"65621591-6ed3-46d5-85f6-3172b5f690ea-140737350539072","trial_id":127,"param_name":"transfer_lr","param_value_internal":95.50058636738237,"distribution":"{\"name\": \"FloatDistribution\", \"attributes\": {\"step\": null, \"low\": 0.0001, \"high\": 100.0, \"log\": true}}"}
{"op_code":5,"worker_id":"65621591-6ed3-46d5-85f6-3172b5f690ea-140737350539072","trial_id":127,"param_name":"transfer_every","param_value_internal":285.0,"distribution":"{\"name\": \"IntDistribution\", \"attributes\": {\"log\": true, \"step\": 1, \"low\": 64, \"high\": 32000}}"}
{"op_code":5,"worker_id":"65621591-6ed3-46d5-85f6-3172b5f690ea-140737350539072","trial_id":127,"param_name":"rank_exp","param_value_internal":4.0,"distribution":"{\"name\": \"IntDistribution\", \"attributes\": {\"log\": false, \"step\": 1, \"low\": 0, \"high\": 5}}"}
{"op_code":5,"worker_id":"65621591-6ed3-46d5-85f6-3172b5f690ea-140737350539072","trial_id":127,"param_name":"lora_alpha","param_value_internal":0.0001,"distribution":"{\"name\": \"FloatDistribution\", \"attributes\": {\"step\": null, \"low\": 0.0001, \"high\": 100.0, \"log\": true}}"}
{"op_code":5,"worker_id":"65621591-6ed3-46d5-85f6-3172b5f690ea-140737350539072","trial_id":127,"param_name":"tau_sec","param_value_internal":0.0,"distribution":"{\"name\": \"FloatDistribution\", \"attributes\": {\"step\": null, \"low\": 0.0, \"high\": 0.0, \"log\": false}}"}
{"op_code":5,"worker_id":"65621591-6ed3-46d5-85f6-3172b5f690ea-140737350539072","trial_id":127,"param_name":"out_noise","param_value_internal":0.0,"distribution":"{\"name\": \"FloatDistribution\", \"attributes\": {\"step\": null, \"low\": 0.0, \"high\": 0.0, \"log\": false}}"}
{"op_code":5,"worker_id":"65621591-6ed3-46d5-85f6-3172b5f690ea-140737350539072","trial_id":127,"param_name":"ab_weight_scaling_omega","param_value_internal":0.0,"distribution":"{\"name\": \"FloatDistribution\", \"attributes\": {\"step\": null, \"low\": 0.0, \"high\": 0.0, \"log\": false}}"}
{"op_code":5,"worker_id":"65621591-6ed3-46d5-85f6-3172b5f690ea-140737350539072","trial_id":127,"param_name":"min_lr_rate","param_value_internal":0.0,"distribution":"{\"name\": \"FloatDistribution\", \"attributes\": {\"step\": null, \"low\": 0.0, \"high\": 0.0, \"log\": false}}"}
{"op_code":7,"worker_id":"65621591-6ed3-46d5-85f6-3172b5f690ea-140737350539072","trial_id":127,"step":1,"intermediate_value":0.0}
{"op_code":8,"worker_id":"65621591-6ed3-46d5-85f6-3172b5f690ea-140737350539072","trial_id":127,"user_attr":{"train_loss_epoch_1":24445165.663043477}}
{"op_code":8,"worker_id":"65621591-6ed3-46d5-85f6-3172b5f690ea-140737350539072","trial_id":127,"user_attr":{"val_loss_epoch_1":26250047.0}}
{"op_code":7,"worker_id":"65621591-6ed3-46d5-85f6-3172b5f690ea-140737350539072","trial_id":127,"step":2,"intermediate_value":81.22270742358079}
{"op_code":8,"worker_id":"65621591-6ed3-46d5-85f6-3172b5f690ea-140737350539072","trial_id":127,"user_attr":{"train_loss_epoch_2":13846435.008559782}}
{"op_code":8,"worker_id":"65621591-6ed3-46d5-85f6-3172b5f690ea-140737350539072","trial_id":127,"user_attr":{"val_loss_epoch_2":6357003.25}}
{"op_code":7,"worker_id":"65621591-6ed3-46d5-85f6-3172b5f690ea-140737350539072","trial_id":127,"step":3,"intermediate_value":81.22270742358079}
{"op_code":8,"worker_id":"65621591-6ed3-46d5-85f6-3172b5f690ea-140737350539072","trial_id":127,"user_attr":{"train_loss_epoch_3":3099383.156881581}}
{"op_code":8,"worker_id":"65621591-6ed3-46d5-85f6-3172b5f690ea-140737350539072","trial_id":127,"user_attr":{"val_loss_epoch_3":127909.2890625}}
{"op_code":7,"worker_id":"65621591-6ed3-46d5-85f6-3172b5f690ea-140737350539072","trial_id":127,"step":4,"intermediate_value":81.22270742358079}
{"op_code":8,"worker_id":"65621591-6ed3-46d5-85f6-3172b5f690ea-140737350539072","trial_id":127,"user_attr":{"train_loss_epoch_4":91865.97226350204}}
{"op_code":8,"worker_id":"65621591-6ed3-46d5-85f6-3172b5f690ea-140737350539072","trial_id":127,"user_attr":{"val_loss_epoch_4":19231.365234375}}
{"op_code":7,"worker_id":"65621591-6ed3-46d5-85f6-3172b5f690ea-140737350539072","trial_id":127,"step":5,"intermediate_value":81.22270742358079}
{"op_code":8,"worker_id":"65621591-6ed3-46d5-85f6-3172b5f690ea-140737350539072","trial_id":127,"user_attr":{"train_loss_epoch_5":83326.30925611412}}
{"op_code":8,"worker_id":"65621591-6ed3-46d5-85f6-3172b5f690ea-140737350539072","trial_id":127,"user_attr":{"val_loss_epoch_5":15194.68701171875}}
{"op_code":7,"worker_id":"65621591-6ed3-46d5-85f6-3172b5f690ea-140737350539072","trial_id":127,"step":6,"intermediate_value":81.22270742358079}
{"op_code":8,"worker_id":"65621591-6ed3-46d5-85f6-3172b5f690ea-140737350539072","trial_id":127,"user_attr":{"train_loss_epoch_6":68429.94890136718}}
{"op_code":8,"worker_id":"65621591-6ed3-46d5-85f6-3172b5f690ea-140737350539072","trial_id":127,"user_attr":{"val_loss_epoch_6":15115.3427734375}}
{"op_code":7,"worker_id":"65621591-6ed3-46d5-85f6-3172b5f690ea-140737350539072","trial_id":127,"step":7,"intermediate_value":81.22270742358079}
{"op_code":8,"worker_id":"65621591-6ed3-46d5-85f6-3172b5f690ea-140737350539072","trial_id":127,"user_attr":{"train_loss_epoch_7":66921.74693444294}}
{"op_code":8,"worker_id":"65621591-6ed3-46d5-85f6-3172b5f690ea-140737350539072","trial_id":127,"user_attr":{"val_loss_epoch_7":36254.73046875}}
{"op_code":7,"worker_id":"65621591-6ed3-46d5-85f6-3172b5f690ea-140737350539072","trial_id":127,"step":8,"intermediate_value":81.22270742358079}
{"op_code":8,"worker_id":"65621591-6ed3-46d5-85f6-3172b5f690ea-140737350539072","trial_id":127,"user_attr":{"train_loss_epoch_8":58429.95468325407}}
{"op_code":8,"worker_id":"65621591-6ed3-46d5-85f6-3172b5f690ea-140737350539072","trial_id":127,"user_attr":{"val_loss_epoch_8":29014.603515625}}
{"op_code":6,"worker_id":"65621591-6ed3-46d5-85f6-3172b5f690ea-140737350539072","trial_id":127,"state":1,"values":[81.22270742358079],"datetime_complete":"2026-02-22T03:40:05.895726"}
{"op_code":4,"worker_id":"65621591-6ed3-46d5-85f6-3172b5f690ea-140737350539072","study_id":0,"datetime_start":"2026-02-22T03:40:05.906427"}
{"op_code":5,"worker_id":"65621591-6ed3-46d5-85f6-3172b5f690ea-140737350539072","trial_id":128,"param_name":"learning_rate","param_value_internal":0.002358379216725455,"distribution":"{\"name\": \"FloatDistribution\", \"attributes\": {\"step\": null, \"low\": 0.001, \"high\": 10.0, \"log\": true}}"}
{"op_code":5,"worker_id":"65621591-6ed3-46d5-85f6-3172b5f690ea-140737350539072","trial_id":128,"param_name":"transfer_lr","param_value_internal":0.0400283298185472,"distribution":"{\"name\": \"FloatDistribution\", \"attributes\": {\"step\": null, \"low\": 0.0001, \"high\": 100.0, \"log\": true}}"}
{"op_code":5,"worker_id":"65621591-6ed3-46d5-85f6-3172b5f690ea-140737350539072","trial_id":128,"param_name":"transfer_every","param_value_internal":893.0,"distribution":"{\"name\": \"IntDistribution\", \"attributes\": {\"log\": true, \"step\": 1, \"low\": 64, \"high\": 32000}}"}
{"op_code":5,"worker_id":"65621591-6ed3-46d5-85f6-3172b5f690ea-140737350539072","trial_id":128,"param_name":"rank_exp","param_value_internal":2.0,"distribution":"{\"name\": \"IntDistribution\", \"attributes\": {\"log\": false, \"step\": 1, \"low\": 0, \"high\": 5}}"}
{"op_code":5,"worker_id":"65621591-6ed3-46d5-85f6-3172b5f690ea-140737350539072","trial_id":128,"param_name":"lora_alpha","param_value_internal":0.0001,"distribution":"{\"name\": \"FloatDistribution\", \"attributes\": {\"step\": null, \"low\": 0.0001, \"high\": 100.0, \"log\": true}}"}
{"op_code":5,"worker_id":"65621591-6ed3-46d5-85f6-3172b5f690ea-140737350539072","trial_id":128,"param_name":"tau_sec","param_value_internal":0.0,"distribution":"{\"name\": \"FloatDistribution\", \"attributes\": {\"step\": null, \"low\": 0.0, \"high\": 0.0, \"log\": false}}"}
{"op_code":5,"worker_id":"65621591-6ed3-46d5-85f6-3172b5f690ea-140737350539072","trial_id":128,"param_name":"out_noise","param_value_internal":0.0,"distribution":"{\"name\": \"FloatDistribution\", \"attributes\": {\"step\": null, \"low\": 0.0, \"high\": 0.0, \"log\": false}}"}
{"op_code":5,"worker_id":"65621591-6ed3-46d5-85f6-3172b5f690ea-140737350539072","trial_id":128,"param_name":"ab_weight_scaling_omega","param_value_internal":0.0,"distribution":"{\"name\": \"FloatDistribution\", \"attributes\": {\"step\": null, \"low\": 0.0, \"high\": 0.0, \"log\": false}}"}
{"op_code":5,"worker_id":"65621591-6ed3-46d5-85f6-3172b5f690ea-140737350539072","trial_id":128,"param_name":"min_lr_rate","param_value_internal":0.0,"distribution":"{\"name\": \"FloatDistribution\", \"attributes\": {\"step\": null, \"low\": 0.0, \"high\": 0.0, \"log\": false}}"}
{"op_code":7,"worker_id":"65621591-6ed3-46d5-85f6-3172b5f690ea-140737350539072","trial_id":128,"step":1,"intermediate_value":81.22270742358079}
{"op_code":8,"worker_id":"65621591-6ed3-46d5-85f6-3172b5f690ea-140737350539072","trial_id":128,"user_attr":{"train_loss_epoch_1":25736943.386684783}}
{"op_code":8,"worker_id":"65621591-6ed3-46d5-85f6-3172b5f690ea-140737350539072","trial_id":128,"user_attr":{"val_loss_epoch_1":16498764.0}}
{"op_code":7,"worker_id":"65621591-6ed3-46d5-85f6-3172b5f690ea-140737350539072","trial_id":128,"step":2,"intermediate_value":81.22270742358079}
{"op_code":8,"worker_id":"65621591-6ed3-46d5-85f6-3172b5f690ea-140737350539072","trial_id":128,"user_attr":{"train_loss_epoch_2":20950021.175}}
{"op_code":8,"worker_id":"65621591-6ed3-46d5-85f6-3172b5f690ea-140737350539072","trial_id":128,"user_attr":{"val_loss_epoch_2":6788785.25}}
{"op_code":7,"worker_id":"65621591-6ed3-46d5-85f6-3172b5f690ea-140737350539072","trial_id":128,"step":3,"intermediate_value":81.22270742358079}
{"op_code":8,"worker_id":"65621591-6ed3-46d5-85f6-3172b5f690ea-140737350539072","trial_id":128,"user_attr":{"train_loss_epoch_3":16497414.929993207}}
{"op_code":8,"worker_id":"65621591-6ed3-46d5-85f6-3172b5f690ea-140737350539072","trial_id":128,"user_attr":{"val_loss_epoch_3":10064277.0}}
{"op_code":7,"worker_id":"65621591-6ed3-46d5-85f6-3172b5f690ea-140737350539072","trial_id":128,"step":4,"intermediate_value":81.22270742358079}
{"op_code":8,"worker_id":"65621591-6ed3-46d5-85f6-3172b5f690ea-140737350539072","trial_id":128,"user_attr":{"train_loss_epoch_4":13143453.39388587}}
{"op_code":8,"worker_id":"65621591-6ed3-46d5-85f6-3172b5f690ea-140737350539072","trial_id":128,"user_attr":{"val_loss_epoch_4":8268722.75}}
{"op_code":6,"worker_id":"65621591-6ed3-46d5-85f6-3172b5f690ea-140737350539072","trial_id":128,"state":1,"values":[81.22270742358079],"datetime_complete":"2026-02-22T03:42:03.134133"}
{"op_code":4,"worker_id":"65621591-6ed3-46d5-85f6-3172b5f690ea-140737350539072","study_id":0,"datetime_start":"2026-02-22T03:42:03.142204"}
{"op_code":5,"worker_id":"65621591-6ed3-46d5-85f6-3172b5f690ea-140737350539072","trial_id":129,"param_name":"learning_rate","param_value_internal":0.00201869904168695,"distribution":"{\"name\": \"FloatDistribution\", \"attributes\": {\"step\": null, \"low\": 0.001, \"high\": 10.0, \"log\": true}}"}
{"op_code":5,"worker_id":"65621591-6ed3-46d5-85f6-3172b5f690ea-140737350539072","trial_id":129,"param_name":"transfer_lr","param_value_internal":0.003155257604943891,"distribution":"{\"name\": \"FloatDistribution\", \"attributes\": {\"step\": null, \"low\": 0.0001, \"high\": 100.0, \"log\": true}}"}
{"op_code":5,"worker_id":"65621591-6ed3-46d5-85f6-3172b5f690ea-140737350539072","trial_id":129,"param_name":"transfer_every","param_value_internal":4487.0,"distribution":"{\"name\": \"IntDistribution\", \"attributes\": {\"log\": true, \"step\": 1, \"low\": 64, \"high\": 32000}}"}
{"op_code":5,"worker_id":"65621591-6ed3-46d5-85f6-3172b5f690ea-140737350539072","trial_id":129,"param_name":"rank_exp","param_value_internal":2.0,"distribution":"{\"name\": \"IntDistribution\", \"attributes\": {\"log\": false, \"step\": 1, \"low\": 0, \"high\": 5}}"}
{"op_code":5,"worker_id":"65621591-6ed3-46d5-85f6-3172b5f690ea-140737350539072","trial_id":129,"param_name":"lora_alpha","param_value_internal":0.10044534537957142,"distribution":"{\"name\": \"FloatDistribution\", \"attributes\": {\"step\": null, \"low\": 0.0001, \"high\": 100.0, \"log\": true}}"}
{"op_code":5,"worker_id":"65621591-6ed3-46d5-85f6-3172b5f690ea-140737350539072","trial_id":129,"param_name":"tau_sec","param_value_internal":0.0,"distribution":"{\"name\": \"FloatDistribution\", \"attributes\": {\"step\": null, \"low\": 0.0, \"high\": 0.0, \"log\": false}}"}
{"op_code":5,"worker_id":"65621591-6ed3-46d5-85f6-3172b5f690ea-140737350539072","trial_id":129,"param_name":"out_noise","param_value_internal":0.0,"distribution":"{\"name\": \"FloatDistribution\", \"attributes\": {\"step\": null, \"low\": 0.0, \"high\": 0.0, \"log\": false}}"}
{"op_code":5,"worker_id":"65621591-6ed3-46d5-85f6-3172b5f690ea-140737350539072","trial_id":129,"param_name":"ab_weight_scaling_omega","param_value_internal":0.0,"distribution":"{\"name\": \"FloatDistribution\", \"attributes\": {\"step\": null, \"low\": 0.0, \"high\": 0.0, \"log\": false}}"}
{"op_code":5,"worker_id":"65621591-6ed3-46d5-85f6-3172b5f690ea-140737350539072","trial_id":129,"param_name":"min_lr_rate","param_value_internal":0.0,"distribution":"{\"name\": \"FloatDistribution\", \"attributes\": {\"step\": null, \"low\": 0.0, \"high\": 0.0, \"log\": false}}"}
{"op_code":7,"worker_id":"65621591-6ed3-46d5-85f6-3172b5f690ea-140737350539072","trial_id":129,"step":1,"intermediate_value":81.22270742358079}
{"op_code":8,"worker_id":"65621591-6ed3-46d5-85f6-3172b5f690ea-140737350539072","trial_id":129,"user_attr":{"train_loss_epoch_1":27215599.748369563}}
{"op_code":8,"worker_id":"65621591-6ed3-46d5-85f6-3172b5f690ea-140737350539072","trial_id":129,"user_attr":{"val_loss_epoch_1":13991049.5}}
{"op_code":7,"worker_id":"65621591-6ed3-46d5-85f6-3172b5f690ea-140737350539072","trial_id":129,"step":2,"intermediate_value":81.22270742358079}
{"op_code":8,"worker_id":"65621591-6ed3-46d5-85f6-3172b5f690ea-140737350539072","trial_id":129,"user_attr":{"train_loss_epoch_2":24548442.420652173}}
{"op_code":8,"worker_id":"65621591-6ed3-46d5-85f6-3172b5f690ea-140737350539072","trial_id":129,"user_attr":{"val_loss_epoch_2":17485541.0}}
{"op_code":7,"worker_id":"65621591-6ed3-46d5-85f6-3172b5f690ea-140737350539072","trial_id":129,"step":3,"intermediate_value":81.22270742358079}
{"op_code":8,"worker_id":"65621591-6ed3-46d5-85f6-3172b5f690ea-140737350539072","trial_id":129,"user_attr":{"train_loss_epoch_3":18867473.42472826}}
{"op_code":8,"worker_id":"65621591-6ed3-46d5-85f6-3172b5f690ea-140737350539072","trial_id":129,"user_attr":{"val_loss_epoch_3":4345849.875}}
{"op_code":7,"worker_id":"65621591-6ed3-46d5-85f6-3172b5f690ea-140737350539072","trial_id":129,"step":4,"intermediate_value":81.22270742358079}
{"op_code":8,"worker_id":"65621591-6ed3-46d5-85f6-3172b5f690ea-140737350539072","trial_id":129,"user_attr":{"train_loss_epoch_4":14964392.390421195}}
{"op_code":8,"worker_id":"65621591-6ed3-46d5-85f6-3172b5f690ea-140737350539072","trial_id":129,"user_attr":{"val_loss_epoch_4":5067483.5}}
{"op_code":7,"worker_id":"65621591-6ed3-46d5-85f6-3172b5f690ea-140737350539072","trial_id":129,"step":5,"intermediate_value":81.22270742358079}
{"op_code":8,"worker_id":"65621591-6ed3-46d5-85f6-3172b5f690ea-140737350539072","trial_id":129,"user_attr":{"train_loss_epoch_5":11549461.605434783}}
{"op_code":8,"worker_id":"65621591-6ed3-46d5-85f6-3172b5f690ea-140737350539072","trial_id":129,"user_attr":{"val_loss_epoch_5":11335318.0}}
{"op_code":6,"worker_id":"65621591-6ed3-46d5-85f6-3172b5f690ea-140737350539072","trial_id":129,"state":1,"values":[81.22270742358079],"datetime_complete":"2026-02-22T03:44:14.010933"}
{"op_code":4,"worker_id":"65621591-6ed3-46d5-85f6-3172b5f690ea-140737350539072","study_id":0,"datetime_start":"2026-02-22T03:44:14.019296"}
{"op_code":5,"worker_id":"65621591-6ed3-46d5-85f6-3172b5f690ea-140737350539072","trial_id":130,"param_name":"learning_rate","param_value_internal":0.005704117915813314,"distribution":"{\"name\": \"FloatDistribution\", \"attributes\": {\"step\": null, \"low\": 0.001, \"high\": 10.0, \"log\": true}}"}
{"op_code":5,"worker_id":"65621591-6ed3-46d5-85f6-3172b5f690ea-140737350539072","trial_id":130,"param_name":"transfer_lr","param_value_internal":95.50058636738237,"distribution":"{\"name\": \"FloatDistribution\", \"attributes\": {\"step\": null, \"low\": 0.0001, \"high\": 100.0, \"log\": true}}"}
{"op_code":5,"worker_id":"65621591-6ed3-46d5-85f6-3172b5f690ea-140737350539072","trial_id":130,"param_name":"transfer_every","param_value_internal":403.0,"distribution":"{\"name\": \"IntDistribution\", \"attributes\": {\"log\": true, \"step\": 1, \"low\": 64, \"high\": 32000}}"}
{"op_code":5,"worker_id":"65621591-6ed3-46d5-85f6-3172b5f690ea-140737350539072","trial_id":130,"param_name":"rank_exp","param_value_internal":4.0,"distribution":"{\"name\": \"IntDistribution\", \"attributes\": {\"log\": false, \"step\": 1, \"low\": 0, \"high\": 5}}"}
{"op_code":5,"worker_id":"65621591-6ed3-46d5-85f6-3172b5f690ea-140737350539072","trial_id":130,"param_name":"lora_alpha","param_value_internal":0.0001,"distribution":"{\"name\": \"FloatDistribution\", \"attributes\": {\"step\": null, \"low\": 0.0001, \"high\": 100.0, \"log\": true}}"}
{"op_code":5,"worker_id":"65621591-6ed3-46d5-85f6-3172b5f690ea-140737350539072","trial_id":130,"param_name":"tau_sec","param_value_internal":0.0,"distribution":"{\"name\": \"FloatDistribution\", \"attributes\": {\"step\": null, \"low\": 0.0, \"high\": 0.0, \"log\": false}}"}
{"op_code":5,"worker_id":"65621591-6ed3-46d5-85f6-3172b5f690ea-140737350539072","trial_id":130,"param_name":"out_noise","param_value_internal":0.0,"distribution":"{\"name\": \"FloatDistribution\", \"attributes\": {\"step\": null, \"low\": 0.0, \"high\": 0.0, \"log\": false}}"}
{"op_code":5,"worker_id":"65621591-6ed3-46d5-85f6-3172b5f690ea-140737350539072","trial_id":130,"param_name":"ab_weight_scaling_omega","param_value_internal":0.0,"distribution":"{\"name\": \"FloatDistribution\", \"attributes\": {\"step\": null, \"low\": 0.0, \"high\": 0.0, \"log\": false}}"}
{"op_code":5,"worker_id":"65621591-6ed3-46d5-85f6-3172b5f690ea-140737350539072","trial_id":130,"param_name":"min_lr_rate","param_value_internal":0.0,"distribution":"{\"name\": \"FloatDistribution\", \"attributes\": {\"step\": null, \"low\": 0.0, \"high\": 0.0, \"log\": false}}"}
{"op_code":7,"worker_id":"65621591-6ed3-46d5-85f6-3172b5f690ea-140737350539072","trial_id":130,"step":1,"intermediate_value":81.22270742358079}
{"op_code":8,"worker_id":"65621591-6ed3-46d5-85f6-3172b5f690ea-140737350539072","trial_id":130,"user_attr":{"train_loss_epoch_1":25197883.837092392}}
{"op_code":8,"worker_id":"65621591-6ed3-46d5-85f6-3172b5f690ea-140737350539072","trial_id":130,"user_attr":{"val_loss_epoch_1":9928343.0}}
{"op_code":7,"worker_id":"65621591-6ed3-46d5-85f6-3172b5f690ea-140737350539072","trial_id":130,"step":2,"intermediate_value":81.22270742358079}
{"op_code":8,"worker_id":"65621591-6ed3-46d5-85f6-3172b5f690ea-140737350539072","trial_id":130,"user_attr":{"train_loss_epoch_2":13488136.293206522}}
{"op_code":8,"worker_id":"65621591-6ed3-46d5-85f6-3172b5f690ea-140737350539072","trial_id":130,"user_attr":{"val_loss_epoch_2":446252.109375}}
{"op_code":7,"worker_id":"65621591-6ed3-46d5-85f6-3172b5f690ea-140737350539072","trial_id":130,"step":3,"intermediate_value":81.22270742358079}
{"op_code":8,"worker_id":"65621591-6ed3-46d5-85f6-3172b5f690ea-140737350539072","trial_id":130,"user_attr":{"train_loss_epoch_3":2471390.8345236075}}
{"op_code":8,"worker_id":"65621591-6ed3-46d5-85f6-3172b5f690ea-140737350539072","trial_id":130,"user_attr":{"val_loss_epoch_3":41005.55078125}}
{"op_code":7,"worker_id":"65621591-6ed3-46d5-85f6-3172b5f690ea-140737350539072","trial_id":130,"step":4,"intermediate_value":81.22270742358079}
{"op_code":8,"worker_id":"65621591-6ed3-46d5-85f6-3172b5f690ea-140737350539072","trial_id":130,"user_attr":{"train_loss_epoch_4":95558.94483695652}}
{"op_code":8,"worker_id":"65621591-6ed3-46d5-85f6-3172b5f690ea-140737350539072","trial_id":130,"user_attr":{"val_loss_epoch_4":3042.580078125}}
{"op_code":7,"worker_id":"65621591-6ed3-46d5-85f6-3172b5f690ea-140737350539072","trial_id":130,"step":5,"intermediate_value":81.22270742358079}
{"op_code":8,"worker_id":"65621591-6ed3-46d5-85f6-3172b5f690ea-140737350539072","trial_id":130,"user_attr":{"train_loss_epoch_5":85253.05511209239}}
{"op_code":8,"worker_id":"65621591-6ed3-46d5-85f6-3172b5f690ea-140737350539072","trial_id":130,"user_attr":{"val_loss_epoch_5":29190.203125}}
{"op_code":7,"worker_id":"65621591-6ed3-46d5-85f6-3172b5f690ea-140737350539072","trial_id":130,"step":6,"intermediate_value":81.22270742358079}
{"op_code":8,"worker_id":"65621591-6ed3-46d5-85f6-3172b5f690ea-140737350539072","trial_id":130,"user_attr":{"train_loss_epoch_6":78682.67407438859}}
{"op_code":8,"worker_id":"65621591-6ed3-46d5-85f6-3172b5f690ea-140737350539072","trial_id":130,"user_attr":{"val_loss_epoch_6":8644.44140625}}
{"op_code":6,"worker_id":"65621591-6ed3-46d5-85f6-3172b5f690ea-140737350539072","trial_id":130,"state":1,"values":[81.22270742358079],"datetime_complete":"2026-02-22T03:46:46.614784"}
{"op_code":4,"worker_id":"65621591-6ed3-46d5-85f6-3172b5f690ea-140737350539072","study_id":0,"datetime_start":"2026-02-22T03:46:46.626480"}
{"op_code":5,"worker_id":"65621591-6ed3-46d5-85f6-3172b5f690ea-140737350539072","trial_id":131,"param_name":"learning_rate","param_value_internal":0.002149794985728046,"distribution":"{\"name\": \"FloatDistribution\", \"attributes\": {\"step\": null, \"low\": 0.001, \"high\": 10.0, \"log\": true}}"}
{"op_code":5,"worker_id":"65621591-6ed3-46d5-85f6-3172b5f690ea-140737350539072","trial_id":131,"param_name":"transfer_lr","param_value_internal":0.007161434822165827,"distribution":"{\"name\": \"FloatDistribution\", \"attributes\": {\"step\": null, \"low\": 0.0001, \"high\": 100.0, \"log\": true}}"}
{"op_code":5,"worker_id":"65621591-6ed3-46d5-85f6-3172b5f690ea-140737350539072","trial_id":131,"param_name":"transfer_every","param_value_internal":3516.0,"distribution":"{\"name\": \"IntDistribution\", \"attributes\": {\"log\": true, \"step\": 1, \"low\": 64, \"high\": 32000}}"}
{"op_code":5,"worker_id":"65621591-6ed3-46d5-85f6-3172b5f690ea-140737350539072","trial_id":131,"param_name":"rank_exp","param_value_internal":2.0,"distribution":"{\"name\": \"IntDistribution\", \"attributes\": {\"log\": false, \"step\": 1, \"low\": 0, \"high\": 5}}"}
{"op_code":5,"worker_id":"65621591-6ed3-46d5-85f6-3172b5f690ea-140737350539072","trial_id":131,"param_name":"lora_alpha","param_value_internal":0.013060461314975014,"distribution":"{\"name\": \"FloatDistribution\", \"attributes\": {\"step\": null, \"low\": 0.0001, \"high\": 100.0, \"log\": true}}"}
{"op_code":5,"worker_id":"65621591-6ed3-46d5-85f6-3172b5f690ea-140737350539072","trial_id":131,"param_name":"tau_sec","param_value_internal":0.0,"distribution":"{\"name\": \"FloatDistribution\", \"attributes\": {\"step\": null, \"low\": 0.0, \"high\": 0.0, \"log\": false}}"}
{"op_code":5,"worker_id":"65621591-6ed3-46d5-85f6-3172b5f690ea-140737350539072","trial_id":131,"param_name":"out_noise","param_value_internal":0.0,"distribution":"{\"name\": \"FloatDistribution\", \"attributes\": {\"step\": null, \"low\": 0.0, \"high\": 0.0, \"log\": false}}"}
{"op_code":5,"worker_id":"65621591-6ed3-46d5-85f6-3172b5f690ea-140737350539072","trial_id":131,"param_name":"ab_weight_scaling_omega","param_value_internal":0.0,"distribution":"{\"name\": \"FloatDistribution\", \"attributes\": {\"step\": null, \"low\": 0.0, \"high\": 0.0, \"log\": false}}"}
{"op_code":5,"worker_id":"65621591-6ed3-46d5-85f6-3172b5f690ea-140737350539072","trial_id":131,"param_name":"min_lr_rate","param_value_internal":0.0,"distribution":"{\"name\": \"FloatDistribution\", \"attributes\": {\"step\": null, \"low\": 0.0, \"high\": 0.0, \"log\": false}}"}
{"op_code":7,"worker_id":"65621591-6ed3-46d5-85f6-3172b5f690ea-140737350539072","trial_id":131,"step":1,"intermediate_value":81.22270742358079}
{"op_code":8,"worker_id":"65621591-6ed3-46d5-85f6-3172b5f690ea-140737350539072","trial_id":131,"user_attr":{"train_loss_epoch_1":27117024.097350545}}
{"op_code":8,"worker_id":"65621591-6ed3-46d5-85f6-3172b5f690ea-140737350539072","trial_id":131,"user_attr":{"val_loss_epoch_1":23882419.0}}
{"op_code":7,"worker_id":"65621591-6ed3-46d5-85f6-3172b5f690ea-140737350539072","trial_id":131,"step":2,"intermediate_value":81.22270742358079}
{"op_code":8,"worker_id":"65621591-6ed3-46d5-85f6-3172b5f690ea-140737350539072","trial_id":131,"user_attr":{"train_loss_epoch_2":21004652.33790761}}
{"op_code":8,"worker_id":"65621591-6ed3-46d5-85f6-3172b5f690ea-140737350539072","trial_id":131,"user_attr":{"val_loss_epoch_2":3546670.875}}
{"op_code":7,"worker_id":"65621591-6ed3-46d5-85f6-3172b5f690ea-140737350539072","trial_id":131,"step":3,"intermediate_value":81.22270742358079}
{"op_code":8,"worker_id":"65621591-6ed3-46d5-85f6-3172b5f690ea-140737350539072","trial_id":131,"user_attr":{"train_loss_epoch_3":16673797.592255434}}
{"op_code":8,"worker_id":"65621591-6ed3-46d5-85f6-3172b5f690ea-140737350539072","trial_id":131,"user_attr":{"val_loss_epoch_3":33438317.0}}
{"op_code":7,"worker_id":"65621591-6ed3-46d5-85f6-3172b5f690ea-140737350539072","trial_id":131,"step":4,"intermediate_value":81.22270742358079}
{"op_code":8,"worker_id":"65621591-6ed3-46d5-85f6-3172b5f690ea-140737350539072","trial_id":131,"user_attr":{"train_loss_epoch_4":14395737.621671196}}
{"op_code":8,"worker_id":"65621591-6ed3-46d5-85f6-3172b5f690ea-140737350539072","trial_id":131,"user_attr":{"val_loss_epoch_4":7731370.75}}
{"op_code":6,"worker_id":"65621591-6ed3-46d5-85f6-3172b5f690ea-140737350539072","trial_id":131,"state":1,"values":[81.22270742358079],"datetime_complete":"2026-02-22T03:48:41.345501"}
{"op_code":4,"worker_id":"65621591-6ed3-46d5-85f6-3172b5f690ea-140737350539072","study_id":0,"datetime_start":"2026-02-22T03:48:41.355122"}
{"op_code":5,"worker_id":"65621591-6ed3-46d5-85f6-3172b5f690ea-140737350539072","trial_id":132,"param_name":"learning_rate","param_value_internal":0.003405473195177412,"distribution":"{\"name\": \"FloatDistribution\", \"attributes\": {\"step\": null, \"low\": 0.001, \"high\": 10.0, \"log\": true}}"}
{"op_code":5,"worker_id":"65621591-6ed3-46d5-85f6-3172b5f690ea-140737350539072","trial_id":132,"param_name":"transfer_lr","param_value_internal":1.7944958048322348,"distribution":"{\"name\": \"FloatDistribution\", \"attributes\": {\"step\": null, \"low\": 0.0001, \"high\": 100.0, \"log\": true}}"}
{"op_code":5,"worker_id":"65621591-6ed3-46d5-85f6-3172b5f690ea-140737350539072","trial_id":132,"param_name":"transfer_every","param_value_internal":967.0,"distribution":"{\"name\": \"IntDistribution\", \"attributes\": {\"log\": true, \"step\": 1, \"low\": 64, \"high\": 32000}}"}
{"op_code":5,"worker_id":"65621591-6ed3-46d5-85f6-3172b5f690ea-140737350539072","trial_id":132,"param_name":"rank_exp","param_value_internal":4.0,"distribution":"{\"name\": \"IntDistribution\", \"attributes\": {\"log\": false, \"step\": 1, \"low\": 0, \"high\": 5}}"}
{"op_code":5,"worker_id":"65621591-6ed3-46d5-85f6-3172b5f690ea-140737350539072","trial_id":132,"param_name":"lora_alpha","param_value_internal":0.0001,"distribution":"{\"name\": \"FloatDistribution\", \"attributes\": {\"step\": null, \"low\": 0.0001, \"high\": 100.0, \"log\": true}}"}
{"op_code":5,"worker_id":"65621591-6ed3-46d5-85f6-3172b5f690ea-140737350539072","trial_id":132,"param_name":"tau_sec","param_value_internal":0.0,"distribution":"{\"name\": \"FloatDistribution\", \"attributes\": {\"step\": null, \"low\": 0.0, \"high\": 0.0, \"log\": false}}"}
{"op_code":5,"worker_id":"65621591-6ed3-46d5-85f6-3172b5f690ea-140737350539072","trial_id":132,"param_name":"out_noise","param_value_internal":0.0,"distribution":"{\"name\": \"FloatDistribution\", \"attributes\": {\"step\": null, \"low\": 0.0, \"high\": 0.0, \"log\": false}}"}
{"op_code":5,"worker_id":"65621591-6ed3-46d5-85f6-3172b5f690ea-140737350539072","trial_id":132,"param_name":"ab_weight_scaling_omega","param_value_internal":0.0,"distribution":"{\"name\": \"FloatDistribution\", \"attributes\": {\"step\": null, \"low\": 0.0, \"high\": 0.0, \"log\": false}}"}
{"op_code":5,"worker_id":"65621591-6ed3-46d5-85f6-3172b5f690ea-140737350539072","trial_id":132,"param_name":"min_lr_rate","param_value_internal":0.0,"distribution":"{\"name\": \"FloatDistribution\", \"attributes\": {\"step\": null, \"low\": 0.0, \"high\": 0.0, \"log\": false}}"}
{"op_code":7,"worker_id":"65621591-6ed3-46d5-85f6-3172b5f690ea-140737350539072","trial_id":132,"step":1,"intermediate_value":81.22270742358079}
{"op_code":8,"worker_id":"65621591-6ed3-46d5-85f6-3172b5f690ea-140737350539072","trial_id":132,"user_attr":{"train_loss_epoch_1":24816725.596195653}}
{"op_code":8,"worker_id":"65621591-6ed3-46d5-85f6-3172b5f690ea-140737350539072","trial_id":132,"user_attr":{"val_loss_epoch_1":29183591.0}}
{"op_code":7,"worker_id":"65621591-6ed3-46d5-85f6-3172b5f690ea-140737350539072","trial_id":132,"step":2,"intermediate_value":81.22270742358079}
{"op_code":8,"worker_id":"65621591-6ed3-46d5-85f6-3172b5f690ea-140737350539072","trial_id":132,"user_attr":{"train_loss_epoch_2":19336439.533695653}}
{"op_code":8,"worker_id":"65621591-6ed3-46d5-85f6-3172b5f690ea-140737350539072","trial_id":132,"user_attr":{"val_loss_epoch_2":7201468.75}}
{"op_code":7,"worker_id":"65621591-6ed3-46d5-85f6-3172b5f690ea-140737350539072","trial_id":132,"step":3,"intermediate_value":81.22270742358079}
{"op_code":8,"worker_id":"65621591-6ed3-46d5-85f6-3172b5f690ea-140737350539072","trial_id":132,"user_attr":{"train_loss_epoch_3":12034063.238043478}}
{"op_code":8,"worker_id":"65621591-6ed3-46d5-85f6-3172b5f690ea-140737350539072","trial_id":132,"user_attr":{"val_loss_epoch_3":6367720.25}}
{"op_code":7,"worker_id":"65621591-6ed3-46d5-85f6-3172b5f690ea-140737350539072","trial_id":132,"step":4,"intermediate_value":81.22270742358079}
{"op_code":8,"worker_id":"65621591-6ed3-46d5-85f6-3172b5f690ea-140737350539072","trial_id":132,"user_attr":{"train_loss_epoch_4":5834261.003897758}}
{"op_code":8,"worker_id":"65621591-6ed3-46d5-85f6-3172b5f690ea-140737350539072","trial_id":132,"user_attr":{"val_loss_epoch_4":2018125.5}}
{"op_code":7,"worker_id":"65621591-6ed3-46d5-85f6-3172b5f690ea-140737350539072","trial_id":132,"step":5,"intermediate_value":81.22270742358079}
{"op_code":8,"worker_id":"65621591-6ed3-46d5-85f6-3172b5f690ea-140737350539072","trial_id":132,"user_attr":{"train_loss_epoch_5":867012.9880665655}}
{"op_code":8,"worker_id":"65621591-6ed3-46d5-85f6-3172b5f690ea-140737350539072","trial_id":132,"user_attr":{"val_loss_epoch_5":4901.4013671875}}
{"op_code":7,"worker_id":"65621591-6ed3-46d5-85f6-3172b5f690ea-140737350539072","trial_id":132,"step":6,"intermediate_value":81.22270742358079}
{"op_code":8,"worker_id":"65621591-6ed3-46d5-85f6-3172b5f690ea-140737350539072","trial_id":132,"user_attr":{"train_loss_epoch_6":46947.810363238794}}
{"op_code":8,"worker_id":"65621591-6ed3-46d5-85f6-3172b5f690ea-140737350539072","trial_id":132,"user_attr":{"val_loss_epoch_6":117861.47265625}}
{"op_code":7,"worker_id":"65621591-6ed3-46d5-85f6-3172b5f690ea-140737350539072","trial_id":132,"step":7,"intermediate_value":81.22270742358079}
{"op_code":8,"worker_id":"65621591-6ed3-46d5-85f6-3172b5f690ea-140737350539072","trial_id":132,"user_attr":{"train_loss_epoch_7":42101.336364215356}}
{"op_code":8,"worker_id":"65621591-6ed3-46d5-85f6-3172b5f690ea-140737350539072","trial_id":132,"user_attr":{"val_loss_epoch_7":22918.6435546875}}
{"op_code":6,"worker_id":"65621591-6ed3-46d5-85f6-3172b5f690ea-140737350539072","trial_id":132,"state":1,"values":[81.22270742358079],"datetime_complete":"2026-02-22T03:51:32.082365"}
{"op_code":4,"worker_id":"65621591-6ed3-46d5-85f6-3172b5f690ea-140737350539072","study_id":0,"datetime_start":"2026-02-22T03:51:32.092803"}
{"op_code":5,"worker_id":"65621591-6ed3-46d5-85f6-3172b5f690ea-140737350539072","trial_id":133,"param_name":"learning_rate","param_value_internal":0.006536687370816555,"distribution":"{\"name\": \"FloatDistribution\", \"attributes\": {\"step\": null, \"low\": 0.001, \"high\": 10.0, \"log\": true}}"}
{"op_code":5,"worker_id":"65621591-6ed3-46d5-85f6-3172b5f690ea-140737350539072","trial_id":133,"param_name":"transfer_lr","param_value_internal":95.50058636738237,"distribution":"{\"name\": \"FloatDistribution\", \"attributes\": {\"step\": null, \"low\": 0.0001, \"high\": 100.0, \"log\": true}}"}
{"op_code":5,"worker_id":"65621591-6ed3-46d5-85f6-3172b5f690ea-140737350539072","trial_id":133,"param_name":"transfer_every","param_value_internal":2435.0,"distribution":"{\"name\": \"IntDistribution\", \"attributes\": {\"log\": true, \"step\": 1, \"low\": 64, \"high\": 32000}}"}
{"op_code":5,"worker_id":"65621591-6ed3-46d5-85f6-3172b5f690ea-140737350539072","trial_id":133,"param_name":"rank_exp","param_value_internal":5.0,"distribution":"{\"name\": \"IntDistribution\", \"attributes\": {\"log\": false, \"step\": 1, \"low\": 0, \"high\": 5}}"}
{"op_code":5,"worker_id":"65621591-6ed3-46d5-85f6-3172b5f690ea-140737350539072","trial_id":133,"param_name":"lora_alpha","param_value_internal":0.0001,"distribution":"{\"name\": \"FloatDistribution\", \"attributes\": {\"step\": null, \"low\": 0.0001, \"high\": 100.0, \"log\": true}}"}
{"op_code":5,"worker_id":"65621591-6ed3-46d5-85f6-3172b5f690ea-140737350539072","trial_id":133,"param_name":"tau_sec","param_value_internal":0.0,"distribution":"{\"name\": \"FloatDistribution\", \"attributes\": {\"step\": null, \"low\": 0.0, \"high\": 0.0, \"log\": false}}"}
{"op_code":5,"worker_id":"65621591-6ed3-46d5-85f6-3172b5f690ea-140737350539072","trial_id":133,"param_name":"out_noise","param_value_internal":0.0,"distribution":"{\"name\": \"FloatDistribution\", \"attributes\": {\"step\": null, \"low\": 0.0, \"high\": 0.0, \"log\": false}}"}
{"op_code":5,"worker_id":"65621591-6ed3-46d5-85f6-3172b5f690ea-140737350539072","trial_id":133,"param_name":"ab_weight_scaling_omega","param_value_internal":0.0,"distribution":"{\"name\": \"FloatDistribution\", \"attributes\": {\"step\": null, \"low\": 0.0, \"high\": 0.0, \"log\": false}}"}
{"op_code":5,"worker_id":"65621591-6ed3-46d5-85f6-3172b5f690ea-140737350539072","trial_id":133,"param_name":"min_lr_rate","param_value_internal":0.0,"distribution":"{\"name\": \"FloatDistribution\", \"attributes\": {\"step\": null, \"low\": 0.0, \"high\": 0.0, \"log\": false}}"}
{"op_code":7,"worker_id":"65621591-6ed3-46d5-85f6-3172b5f690ea-140737350539072","trial_id":133,"step":1,"intermediate_value":81.22270742358079}
{"op_code":8,"worker_id":"65621591-6ed3-46d5-85f6-3172b5f690ea-140737350539072","trial_id":133,"user_attr":{"train_loss_epoch_1":25305043.544565216}}
{"op_code":8,"worker_id":"65621591-6ed3-46d5-85f6-3172b5f690ea-140737350539072","trial_id":133,"user_attr":{"val_loss_epoch_1":16948613.5}}
{"op_code":7,"worker_id":"65621591-6ed3-46d5-85f6-3172b5f690ea-140737350539072","trial_id":133,"step":2,"intermediate_value":81.22270742358079}
{"op_code":8,"worker_id":"65621591-6ed3-46d5-85f6-3172b5f690ea-140737350539072","trial_id":133,"user_attr":{"train_loss_epoch_2":11304910.4417714}}
{"op_code":8,"worker_id":"65621591-6ed3-46d5-85f6-3172b5f690ea-140737350539072","trial_id":133,"user_attr":{"val_loss_epoch_2":2115136.5}}
{"op_code":7,"worker_id":"65621591-6ed3-46d5-85f6-3172b5f690ea-140737350539072","trial_id":133,"step":3,"intermediate_value":81.22270742358079}
{"op_code":8,"worker_id":"65621591-6ed3-46d5-85f6-3172b5f690ea-140737350539072","trial_id":133,"user_attr":{"train_loss_epoch_3":926229.4870775306}}
{"op_code":8,"worker_id":"65621591-6ed3-46d5-85f6-3172b5f690ea-140737350539072","trial_id":133,"user_attr":{"val_loss_epoch_3":6781.88427734375}}
{"op_code":7,"worker_id":"65621591-6ed3-46d5-85f6-3172b5f690ea-140737350539072","trial_id":133,"step":4,"intermediate_value":81.22270742358079}
{"op_code":8,"worker_id":"65621591-6ed3-46d5-85f6-3172b5f690ea-140737350539072","trial_id":133,"user_attr":{"train_loss_epoch_4":110571.98923631752}}
{"op_code":8,"worker_id":"65621591-6ed3-46d5-85f6-3172b5f690ea-140737350539072","trial_id":133,"user_attr":{"val_loss_epoch_4":40634.74609375}}
{"op_code":7,"worker_id":"65621591-6ed3-46d5-85f6-3172b5f690ea-140737350539072","trial_id":133,"step":5,"intermediate_value":81.22270742358079}
{"op_code":8,"worker_id":"65621591-6ed3-46d5-85f6-3172b5f690ea-140737350539072","trial_id":133,"user_attr":{"train_loss_epoch_5":98055.08758067255}}
{"op_code":8,"worker_id":"65621591-6ed3-46d5-85f6-3172b5f690ea-140737350539072","trial_id":133,"user_attr":{"val_loss_epoch_5":4072.9376220703125}}
{"op_code":7,"worker_id":"65621591-6ed3-46d5-85f6-3172b5f690ea-140737350539072","trial_id":133,"step":6,"intermediate_value":81.22270742358079}
{"op_code":8,"worker_id":"65621591-6ed3-46d5-85f6-3172b5f690ea-140737350539072","trial_id":133,"user_attr":{"train_loss_epoch_6":89084.91046620245}}
{"op_code":8,"worker_id":"65621591-6ed3-46d5-85f6-3172b5f690ea-140737350539072","trial_id":133,"user_attr":{"val_loss_epoch_6":4625.798828125}}
{"op_code":7,"worker_id":"65621591-6ed3-46d5-85f6-3172b5f690ea-140737350539072","trial_id":133,"step":7,"intermediate_value":81.22270742358079}
{"op_code":8,"worker_id":"65621591-6ed3-46d5-85f6-3172b5f690ea-140737350539072","trial_id":133,"user_attr":{"train_loss_epoch_7":78368.25313349185}}
{"op_code":8,"worker_id":"65621591-6ed3-46d5-85f6-3172b5f690ea-140737350539072","trial_id":133,"user_attr":{"val_loss_epoch_7":8640.09521484375}}
{"op_code":6,"worker_id":"65621591-6ed3-46d5-85f6-3172b5f690ea-140737350539072","trial_id":133,"state":1,"values":[81.22270742358079],"datetime_complete":"2026-02-22T03:54:24.806073"}
{"op_code":4,"worker_id":"65621591-6ed3-46d5-85f6-3172b5f690ea-140737350539072","study_id":0,"datetime_start":"2026-02-22T03:54:24.821801"}
{"op_code":5,"worker_id":"65621591-6ed3-46d5-85f6-3172b5f690ea-140737350539072","trial_id":134,"param_name":"learning_rate","param_value_internal":0.0024274702895921386,"distribution":"{\"name\": \"FloatDistribution\", \"attributes\": {\"step\": null, \"low\": 0.001, \"high\": 10.0, \"log\": true}}"}
{"op_code":5,"worker_id":"65621591-6ed3-46d5-85f6-3172b5f690ea-140737350539072","trial_id":134,"param_name":"transfer_lr","param_value_internal":0.0001,"distribution":"{\"name\": \"FloatDistribution\", \"attributes\": {\"step\": null, \"low\": 0.0001, \"high\": 100.0, \"log\": true}}"}
{"op_code":5,"worker_id":"65621591-6ed3-46d5-85f6-3172b5f690ea-140737350539072","trial_id":134,"param_name":"transfer_every","param_value_internal":32000.0,"distribution":"{\"name\": \"IntDistribution\", \"attributes\": {\"log\": true, \"step\": 1, \"low\": 64, \"high\": 32000}}"}
{"op_code":5,"worker_id":"65621591-6ed3-46d5-85f6-3172b5f690ea-140737350539072","trial_id":134,"param_name":"rank_exp","param_value_internal":3.0,"distribution":"{\"name\": \"IntDistribution\", \"attributes\": {\"log\": false, \"step\": 1, \"low\": 0, \"high\": 5}}"}
{"op_code":5,"worker_id":"65621591-6ed3-46d5-85f6-3172b5f690ea-140737350539072","trial_id":134,"param_name":"lora_alpha","param_value_internal":90.50021510445333,"distribution":"{\"name\": \"FloatDistribution\", \"attributes\": {\"step\": null, \"low\": 0.0001, \"high\": 100.0, \"log\": true}}"}
{"op_code":5,"worker_id":"65621591-6ed3-46d5-85f6-3172b5f690ea-140737350539072","trial_id":134,"param_name":"tau_sec","param_value_internal":0.0,"distribution":"{\"name\": \"FloatDistribution\", \"attributes\": {\"step\": null, \"low\": 0.0, \"high\": 0.0, \"log\": false}}"}
{"op_code":5,"worker_id":"65621591-6ed3-46d5-85f6-3172b5f690ea-140737350539072","trial_id":134,"param_name":"out_noise","param_value_internal":0.0,"distribution":"{\"name\": \"FloatDistribution\", \"attributes\": {\"step\": null, \"low\": 0.0, \"high\": 0.0, \"log\": false}}"}
{"op_code":5,"worker_id":"65621591-6ed3-46d5-85f6-3172b5f690ea-140737350539072","trial_id":134,"param_name":"ab_weight_scaling_omega","param_value_internal":0.0,"distribution":"{\"name\": \"FloatDistribution\", \"attributes\": {\"step\": null, \"low\": 0.0, \"high\": 0.0, \"log\": false}}"}
{"op_code":5,"worker_id":"65621591-6ed3-46d5-85f6-3172b5f690ea-140737350539072","trial_id":134,"param_name":"min_lr_rate","param_value_internal":0.0,"distribution":"{\"name\": \"FloatDistribution\", \"attributes\": {\"step\": null, \"low\": 0.0, \"high\": 0.0, \"log\": false}}"}
{"op_code":7,"worker_id":"65621591-6ed3-46d5-85f6-3172b5f690ea-140737350539072","trial_id":134,"step":1,"intermediate_value":81.22270742358079}
{"op_code":8,"worker_id":"65621591-6ed3-46d5-85f6-3172b5f690ea-140737350539072","trial_id":134,"user_attr":{"train_loss_epoch_1":26834800.649456523}}
{"op_code":8,"worker_id":"65621591-6ed3-46d5-85f6-3172b5f690ea-140737350539072","trial_id":134,"user_attr":{"val_loss_epoch_1":16866909.0}}
{"op_code":7,"worker_id":"65621591-6ed3-46d5-85f6-3172b5f690ea-140737350539072","trial_id":134,"step":2,"intermediate_value":81.22270742358079}
{"op_code":8,"worker_id":"65621591-6ed3-46d5-85f6-3172b5f690ea-140737350539072","trial_id":134,"user_attr":{"train_loss_epoch_2":22978350.741440218}}
{"op_code":8,"worker_id":"65621591-6ed3-46d5-85f6-3172b5f690ea-140737350539072","trial_id":134,"user_attr":{"val_loss_epoch_2":52694.8125}}
{"op_code":7,"worker_id":"65621591-6ed3-46d5-85f6-3172b5f690ea-140737350539072","trial_id":134,"step":3,"intermediate_value":81.22270742358079}
{"op_code":8,"worker_id":"65621591-6ed3-46d5-85f6-3172b5f690ea-140737350539072","trial_id":134,"user_attr":{"train_loss_epoch_3":16712168.930536686}}
{"op_code":8,"worker_id":"65621591-6ed3-46d5-85f6-3172b5f690ea-140737350539072","trial_id":134,"user_attr":{"val_loss_epoch_3":14265649.5}}
{"op_code":7,"worker_id":"65621591-6ed3-46d5-85f6-3172b5f690ea-140737350539072","trial_id":134,"step":4,"intermediate_value":81.22270742358079}
{"op_code":8,"worker_id":"65621591-6ed3-46d5-85f6-3172b5f690ea-140737350539072","trial_id":134,"user_attr":{"train_loss_epoch_4":12154093.91263587}}
{"op_code":8,"worker_id":"65621591-6ed3-46d5-85f6-3172b5f690ea-140737350539072","trial_id":134,"user_attr":{"val_loss_epoch_4":9956446.5}}
{"op_code":6,"worker_id":"65621591-6ed3-46d5-85f6-3172b5f690ea-140737350539072","trial_id":134,"state":1,"values":[81.22270742358079],"datetime_complete":"2026-02-22T03:56:19.916480"}
{"op_code":4,"worker_id":"65621591-6ed3-46d5-85f6-3172b5f690ea-140737350539072","study_id":0,"datetime_start":"2026-02-22T03:56:19.924818"}
{"op_code":5,"worker_id":"65621591-6ed3-46d5-85f6-3172b5f690ea-140737350539072","trial_id":135,"param_name":"learning_rate","param_value_internal":0.0024576356035777356,"distribution":"{\"name\": \"FloatDistribution\", \"attributes\": {\"step\": null, \"low\": 0.001, \"high\": 10.0, \"log\": true}}"}
{"op_code":5,"worker_id":"65621591-6ed3-46d5-85f6-3172b5f690ea-140737350539072","trial_id":135,"param_name":"transfer_lr","param_value_internal":0.10007629494826441,"distribution":"{\"name\": \"FloatDistribution\", \"attributes\": {\"step\": null, \"low\": 0.0001, \"high\": 100.0, \"log\": true}}"}
{"op_code":5,"worker_id":"65621591-6ed3-46d5-85f6-3172b5f690ea-140737350539072","trial_id":135,"param_name":"transfer_every","param_value_internal":621.0,"distribution":"{\"name\": \"IntDistribution\", \"attributes\": {\"log\": true, \"step\": 1, \"low\": 64, \"high\": 32000}}"}
{"op_code":5,"worker_id":"65621591-6ed3-46d5-85f6-3172b5f690ea-140737350539072","trial_id":135,"param_name":"rank_exp","param_value_internal":2.0,"distribution":"{\"name\": \"IntDistribution\", \"attributes\": {\"log\": false, \"step\": 1, \"low\": 0, \"high\": 5}}"}
{"op_code":5,"worker_id":"65621591-6ed3-46d5-85f6-3172b5f690ea-140737350539072","trial_id":135,"param_name":"lora_alpha","param_value_internal":0.0001,"distribution":"{\"name\": \"FloatDistribution\", \"attributes\": {\"step\": null, \"low\": 0.0001, \"high\": 100.0, \"log\": true}}"}
{"op_code":5,"worker_id":"65621591-6ed3-46d5-85f6-3172b5f690ea-140737350539072","trial_id":135,"param_name":"tau_sec","param_value_internal":0.0,"distribution":"{\"name\": \"FloatDistribution\", \"attributes\": {\"step\": null, \"low\": 0.0, \"high\": 0.0, \"log\": false}}"}
{"op_code":5,"worker_id":"65621591-6ed3-46d5-85f6-3172b5f690ea-140737350539072","trial_id":135,"param_name":"out_noise","param_value_internal":0.0,"distribution":"{\"name\": \"FloatDistribution\", \"attributes\": {\"step\": null, \"low\": 0.0, \"high\": 0.0, \"log\": false}}"}
{"op_code":5,"worker_id":"65621591-6ed3-46d5-85f6-3172b5f690ea-140737350539072","trial_id":135,"param_name":"ab_weight_scaling_omega","param_value_internal":0.0,"distribution":"{\"name\": \"FloatDistribution\", \"attributes\": {\"step\": null, \"low\": 0.0, \"high\": 0.0, \"log\": false}}"}
{"op_code":5,"worker_id":"65621591-6ed3-46d5-85f6-3172b5f690ea-140737350539072","trial_id":135,"param_name":"min_lr_rate","param_value_internal":0.0,"distribution":"{\"name\": \"FloatDistribution\", \"attributes\": {\"step\": null, \"low\": 0.0, \"high\": 0.0, \"log\": false}}"}
{"op_code":7,"worker_id":"65621591-6ed3-46d5-85f6-3172b5f690ea-140737350539072","trial_id":135,"step":1,"intermediate_value":81.22270742358079}
{"op_code":8,"worker_id":"65621591-6ed3-46d5-85f6-3172b5f690ea-140737350539072","trial_id":135,"user_attr":{"train_loss_epoch_1":26730954.84972826}}
{"op_code":8,"worker_id":"65621591-6ed3-46d5-85f6-3172b5f690ea-140737350539072","trial_id":135,"user_attr":{"val_loss_epoch_1":16133655.5}}
{"op_code":7,"worker_id":"65621591-6ed3-46d5-85f6-3172b5f690ea-140737350539072","trial_id":135,"step":2,"intermediate_value":81.22270742358079}
{"op_code":8,"worker_id":"65621591-6ed3-46d5-85f6-3172b5f690ea-140737350539072","trial_id":135,"user_attr":{"train_loss_epoch_2":21654744.661413044}}
{"op_code":8,"worker_id":"65621591-6ed3-46d5-85f6-3172b5f690ea-140737350539072","trial_id":135,"user_attr":{"val_loss_epoch_2":1643742.875}}
{"op_code":7,"worker_id":"65621591-6ed3-46d5-85f6-3172b5f690ea-140737350539072","trial_id":135,"step":3,"intermediate_value":81.22270742358079}
{"op_code":8,"worker_id":"65621591-6ed3-46d5-85f6-3172b5f690ea-140737350539072","trial_id":135,"user_attr":{"train_loss_epoch_3":15730575.639130434}}
{"op_code":8,"worker_id":"65621591-6ed3-46d5-85f6-3172b5f690ea-140737350539072","trial_id":135,"user_attr":{"val_loss_epoch_3":18244452.0}}
{"op_code":7,"worker_id":"65621591-6ed3-46d5-85f6-3172b5f690ea-140737350539072","trial_id":135,"step":4,"intermediate_value":81.22270742358079}
{"op_code":8,"worker_id":"65621591-6ed3-46d5-85f6-3172b5f690ea-140737350539072","trial_id":135,"user_attr":{"train_loss_epoch_4":12420381.648505434}}
{"op_code":8,"worker_id":"65621591-6ed3-46d5-85f6-3172b5f690ea-140737350539072","trial_id":135,"user_attr":{"val_loss_epoch_4":11792088.0}}
{"op_code":6,"worker_id":"65621591-6ed3-46d5-85f6-3172b5f690ea-140737350539072","trial_id":135,"state":1,"values":[81.22270742358079],"datetime_complete":"2026-02-22T03:58:11.281515"}
{"op_code":4,"worker_id":"65621591-6ed3-46d5-85f6-3172b5f690ea-140737350539072","study_id":0,"datetime_start":"2026-02-22T03:58:11.290808"}
{"op_code":5,"worker_id":"65621591-6ed3-46d5-85f6-3172b5f690ea-140737350539072","trial_id":136,"param_name":"learning_rate","param_value_internal":0.0021416155172428145,"distribution":"{\"name\": \"FloatDistribution\", \"attributes\": {\"step\": null, \"low\": 0.001, \"high\": 10.0, \"log\": true}}"}
{"op_code":5,"worker_id":"65621591-6ed3-46d5-85f6-3172b5f690ea-140737350539072","trial_id":136,"param_name":"transfer_lr","param_value_internal":0.005914496972469779,"distribution":"{\"name\": \"FloatDistribution\", \"attributes\": {\"step\": null, \"low\": 0.0001, \"high\": 100.0, \"log\": true}}"}
{"op_code":5,"worker_id":"65621591-6ed3-46d5-85f6-3172b5f690ea-140737350539072","trial_id":136,"param_name":"transfer_every","param_value_internal":4342.0,"distribution":"{\"name\": \"IntDistribution\", \"attributes\": {\"log\": true, \"step\": 1, \"low\": 64, \"high\": 32000}}"}
{"op_code":5,"worker_id":"65621591-6ed3-46d5-85f6-3172b5f690ea-140737350539072","trial_id":136,"param_name":"rank_exp","param_value_internal":3.0,"distribution":"{\"name\": \"IntDistribution\", \"attributes\": {\"log\": false, \"step\": 1, \"low\": 0, \"high\": 5}}"}
{"op_code":5,"worker_id":"65621591-6ed3-46d5-85f6-3172b5f690ea-140737350539072","trial_id":136,"param_name":"lora_alpha","param_value_internal":0.03628488828366338,"distribution":"{\"name\": \"FloatDistribution\", \"attributes\": {\"step\": null, \"low\": 0.0001, \"high\": 100.0, \"log\": true}}"}
{"op_code":5,"worker_id":"65621591-6ed3-46d5-85f6-3172b5f690ea-140737350539072","trial_id":136,"param_name":"tau_sec","param_value_internal":0.0,"distribution":"{\"name\": \"FloatDistribution\", \"attributes\": {\"step\": null, \"low\": 0.0, \"high\": 0.0, \"log\": false}}"}
{"op_code":5,"worker_id":"65621591-6ed3-46d5-85f6-3172b5f690ea-140737350539072","trial_id":136,"param_name":"out_noise","param_value_internal":0.0,"distribution":"{\"name\": \"FloatDistribution\", \"attributes\": {\"step\": null, \"low\": 0.0, \"high\": 0.0, \"log\": false}}"}
{"op_code":5,"worker_id":"65621591-6ed3-46d5-85f6-3172b5f690ea-140737350539072","trial_id":136,"param_name":"ab_weight_scaling_omega","param_value_internal":0.0,"distribution":"{\"name\": \"FloatDistribution\", \"attributes\": {\"step\": null, \"low\": 0.0, \"high\": 0.0, \"log\": false}}"}
{"op_code":5,"worker_id":"65621591-6ed3-46d5-85f6-3172b5f690ea-140737350539072","trial_id":136,"param_name":"min_lr_rate","param_value_internal":0.0,"distribution":"{\"name\": \"FloatDistribution\", \"attributes\": {\"step\": null, \"low\": 0.0, \"high\": 0.0, \"log\": false}}"}
{"op_code":7,"worker_id":"65621591-6ed3-46d5-85f6-3172b5f690ea-140737350539072","trial_id":136,"step":1,"intermediate_value":81.22270742358079}
{"op_code":8,"worker_id":"65621591-6ed3-46d5-85f6-3172b5f690ea-140737350539072","trial_id":136,"user_attr":{"train_loss_epoch_1":28442094.8375}}
{"op_code":8,"worker_id":"65621591-6ed3-46d5-85f6-3172b5f690ea-140737350539072","trial_id":136,"user_attr":{"val_loss_epoch_1":20968666.0}}
{"op_code":7,"worker_id":"65621591-6ed3-46d5-85f6-3172b5f690ea-140737350539072","trial_id":136,"step":2,"intermediate_value":81.22270742358079}
{"op_code":8,"worker_id":"65621591-6ed3-46d5-85f6-3172b5f690ea-140737350539072","trial_id":136,"user_attr":{"train_loss_epoch_2":21542337.56616848}}
{"op_code":8,"worker_id":"65621591-6ed3-46d5-85f6-3172b5f690ea-140737350539072","trial_id":136,"user_attr":{"val_loss_epoch_2":16815124.0}}
{"op_code":7,"worker_id":"65621591-6ed3-46d5-85f6-3172b5f690ea-140737350539072","trial_id":136,"step":3,"intermediate_value":81.22270742358079}
{"op_code":8,"worker_id":"65621591-6ed3-46d5-85f6-3172b5f690ea-140737350539072","trial_id":136,"user_attr":{"train_loss_epoch_3":17881594.56834239}}
{"op_code":8,"worker_id":"65621591-6ed3-46d5-85f6-3172b5f690ea-140737350539072","trial_id":136,"user_attr":{"val_loss_epoch_3":15527679.5}}
{"op_code":7,"worker_id":"65621591-6ed3-46d5-85f6-3172b5f690ea-140737350539072","trial_id":136,"step":4,"intermediate_value":81.22270742358079}
{"op_code":8,"worker_id":"65621591-6ed3-46d5-85f6-3172b5f690ea-140737350539072","trial_id":136,"user_attr":{"train_loss_epoch_4":15426768.325}}
{"op_code":8,"worker_id":"65621591-6ed3-46d5-85f6-3172b5f690ea-140737350539072","trial_id":136,"user_attr":{"val_loss_epoch_4":7728136.75}}
{"op_code":7,"worker_id":"65621591-6ed3-46d5-85f6-3172b5f690ea-140737350539072","trial_id":136,"step":5,"intermediate_value":81.22270742358079}
{"op_code":8,"worker_id":"65621591-6ed3-46d5-85f6-3172b5f690ea-140737350539072","trial_id":136,"user_attr":{"train_loss_epoch_5":10927176.723641304}}
{"op_code":8,"worker_id":"65621591-6ed3-46d5-85f6-3172b5f690ea-140737350539072","trial_id":136,"user_attr":{"val_loss_epoch_5":3866751.375}}
{"op_code":7,"worker_id":"65621591-6ed3-46d5-85f6-3172b5f690ea-140737350539072","trial_id":136,"step":6,"intermediate_value":81.22270742358079}
{"op_code":8,"worker_id":"65621591-6ed3-46d5-85f6-3172b5f690ea-140737350539072","trial_id":136,"user_attr":{"train_loss_epoch_6":7178809.439775815}}
{"op_code":8,"worker_id":"65621591-6ed3-46d5-85f6-3172b5f690ea-140737350539072","trial_id":136,"user_attr":{"val_loss_epoch_6":2676700.125}}
{"op_code":7,"worker_id":"65621591-6ed3-46d5-85f6-3172b5f690ea-140737350539072","trial_id":136,"step":7,"intermediate_value":81.22270742358079}
{"op_code":8,"worker_id":"65621591-6ed3-46d5-85f6-3172b5f690ea-140737350539072","trial_id":136,"user_attr":{"train_loss_epoch_7":4378572.146185038}}
{"op_code":8,"worker_id":"65621591-6ed3-46d5-85f6-3172b5f690ea-140737350539072","trial_id":136,"user_attr":{"val_loss_epoch_7":227430.125}}
{"op_code":7,"worker_id":"65621591-6ed3-46d5-85f6-3172b5f690ea-140737350539072","trial_id":136,"step":8,"intermediate_value":81.22270742358079}
{"op_code":8,"worker_id":"65621591-6ed3-46d5-85f6-3172b5f690ea-140737350539072","trial_id":136,"user_attr":{"train_loss_epoch_8":1632521.6493206522}}
{"op_code":8,"worker_id":"65621591-6ed3-46d5-85f6-3172b5f690ea-140737350539072","trial_id":136,"user_attr":{"val_loss_epoch_8":865784.125}}
{"op_code":7,"worker_id":"65621591-6ed3-46d5-85f6-3172b5f690ea-140737350539072","trial_id":136,"step":9,"intermediate_value":81.22270742358079}
{"op_code":8,"worker_id":"65621591-6ed3-46d5-85f6-3172b5f690ea-140737350539072","trial_id":136,"user_attr":{"train_loss_epoch_9":572755.8133661685}}
{"op_code":8,"worker_id":"65621591-6ed3-46d5-85f6-3172b5f690ea-140737350539072","trial_id":136,"user_attr":{"val_loss_epoch_9":103621.5}}
{"op_code":7,"worker_id":"65621591-6ed3-46d5-85f6-3172b5f690ea-140737350539072","trial_id":136,"step":10,"intermediate_value":81.22270742358079}
{"op_code":8,"worker_id":"65621591-6ed3-46d5-85f6-3172b5f690ea-140737350539072","trial_id":136,"user_attr":{"train_loss_epoch_10":36441.58913492949}}
{"op_code":8,"worker_id":"65621591-6ed3-46d5-85f6-3172b5f690ea-140737350539072","trial_id":136,"user_attr":{"val_loss_epoch_10":268.8622512817383}}
{"op_code":7,"worker_id":"65621591-6ed3-46d5-85f6-3172b5f690ea-140737350539072","trial_id":136,"step":11,"intermediate_value":81.22270742358079}
{"op_code":8,"worker_id":"65621591-6ed3-46d5-85f6-3172b5f690ea-140737350539072","trial_id":136,"user_attr":{"train_loss_epoch_11":7733.499466406781}}
{"op_code":8,"worker_id":"65621591-6ed3-46d5-85f6-3172b5f690ea-140737350539072","trial_id":136,"user_attr":{"val_loss_epoch_11":4997.31005859375}}
{"op_code":7,"worker_id":"65621591-6ed3-46d5-85f6-3172b5f690ea-140737350539072","trial_id":136,"step":12,"intermediate_value":81.22270742358079}
{"op_code":8,"worker_id":"65621591-6ed3-46d5-85f6-3172b5f690ea-140737350539072","trial_id":136,"user_attr":{"train_loss_epoch_12":8362.392966096297}}
{"op_code":8,"worker_id":"65621591-6ed3-46d5-85f6-3172b5f690ea-140737350539072","trial_id":136,"user_attr":{"val_loss_epoch_12":927.2759094238281}}
{"op_code":6,"worker_id":"65621591-6ed3-46d5-85f6-3172b5f690ea-140737350539072","trial_id":136,"state":1,"values":[81.22270742358079],"datetime_complete":"2026-02-22T04:02:30.134359"}
{"op_code":4,"worker_id":"65621591-6ed3-46d5-85f6-3172b5f690ea-140737350539072","study_id":0,"datetime_start":"2026-02-22T04:02:30.142749"}
{"op_code":5,"worker_id":"65621591-6ed3-46d5-85f6-3172b5f690ea-140737350539072","trial_id":137,"param_name":"learning_rate","param_value_internal":0.0019811865655747526,"distribution":"{\"name\": \"FloatDistribution\", \"attributes\": {\"step\": null, \"low\": 0.001, \"high\": 10.0, \"log\": true}}"}
{"op_code":5,"worker_id":"65621591-6ed3-46d5-85f6-3172b5f690ea-140737350539072","trial_id":137,"param_name":"transfer_lr","param_value_internal":0.009949405141218228,"distribution":"{\"name\": \"FloatDistribution\", \"attributes\": {\"step\": null, \"low\": 0.0001, \"high\": 100.0, \"log\": true}}"}
{"op_code":5,"worker_id":"65621591-6ed3-46d5-85f6-3172b5f690ea-140737350539072","trial_id":137,"param_name":"transfer_every","param_value_internal":64.0,"distribution":"{\"name\": \"IntDistribution\", \"attributes\": {\"log\": true, \"step\": 1, \"low\": 64, \"high\": 32000}}"}
{"op_code":5,"worker_id":"65621591-6ed3-46d5-85f6-3172b5f690ea-140737350539072","trial_id":137,"param_name":"rank_exp","param_value_internal":0.0,"distribution":"{\"name\": \"IntDistribution\", \"attributes\": {\"log\": false, \"step\": 1, \"low\": 0, \"high\": 5}}"}
{"op_code":5,"worker_id":"65621591-6ed3-46d5-85f6-3172b5f690ea-140737350539072","trial_id":137,"param_name":"lora_alpha","param_value_internal":0.0001,"distribution":"{\"name\": \"FloatDistribution\", \"attributes\": {\"step\": null, \"low\": 0.0001, \"high\": 100.0, \"log\": true}}"}
{"op_code":5,"worker_id":"65621591-6ed3-46d5-85f6-3172b5f690ea-140737350539072","trial_id":137,"param_name":"tau_sec","param_value_internal":0.0,"distribution":"{\"name\": \"FloatDistribution\", \"attributes\": {\"step\": null, \"low\": 0.0, \"high\": 0.0, \"log\": false}}"}
{"op_code":5,"worker_id":"65621591-6ed3-46d5-85f6-3172b5f690ea-140737350539072","trial_id":137,"param_name":"out_noise","param_value_internal":0.0,"distribution":"{\"name\": \"FloatDistribution\", \"attributes\": {\"step\": null, \"low\": 0.0, \"high\": 0.0, \"log\": false}}"}
{"op_code":5,"worker_id":"65621591-6ed3-46d5-85f6-3172b5f690ea-140737350539072","trial_id":137,"param_name":"ab_weight_scaling_omega","param_value_internal":0.0,"distribution":"{\"name\": \"FloatDistribution\", \"attributes\": {\"step\": null, \"low\": 0.0, \"high\": 0.0, \"log\": false}}"}
{"op_code":5,"worker_id":"65621591-6ed3-46d5-85f6-3172b5f690ea-140737350539072","trial_id":137,"param_name":"min_lr_rate","param_value_internal":0.0,"distribution":"{\"name\": \"FloatDistribution\", \"attributes\": {\"step\": null, \"low\": 0.0, \"high\": 0.0, \"log\": false}}"}
{"op_code":7,"worker_id":"65621591-6ed3-46d5-85f6-3172b5f690ea-140737350539072","trial_id":137,"step":1,"intermediate_value":0.0}
{"op_code":8,"worker_id":"65621591-6ed3-46d5-85f6-3172b5f690ea-140737350539072","trial_id":137,"user_attr":{"train_loss_epoch_1":26622331.44293478}}
{"op_code":8,"worker_id":"65621591-6ed3-46d5-85f6-3172b5f690ea-140737350539072","trial_id":137,"user_attr":{"val_loss_epoch_1":21836692.0}}
{"op_code":7,"worker_id":"65621591-6ed3-46d5-85f6-3172b5f690ea-140737350539072","trial_id":137,"step":2,"intermediate_value":81.22270742358079}
{"op_code":8,"worker_id":"65621591-6ed3-46d5-85f6-3172b5f690ea-140737350539072","trial_id":137,"user_attr":{"train_loss_epoch_2":23859907.744089674}}
{"op_code":8,"worker_id":"65621591-6ed3-46d5-85f6-3172b5f690ea-140737350539072","trial_id":137,"user_attr":{"val_loss_epoch_2":14841513.0}}
{"op_code":7,"worker_id":"65621591-6ed3-46d5-85f6-3172b5f690ea-140737350539072","trial_id":137,"step":3,"intermediate_value":81.22270742358079}
{"op_code":8,"worker_id":"65621591-6ed3-46d5-85f6-3172b5f690ea-140737350539072","trial_id":137,"user_attr":{"train_loss_epoch_3":18912604.80380435}}
{"op_code":8,"worker_id":"65621591-6ed3-46d5-85f6-3172b5f690ea-140737350539072","trial_id":137,"user_attr":{"val_loss_epoch_3":2586373.375}}
{"op_code":7,"worker_id":"65621591-6ed3-46d5-85f6-3172b5f690ea-140737350539072","trial_id":137,"step":4,"intermediate_value":81.22270742358079}
{"op_code":8,"worker_id":"65621591-6ed3-46d5-85f6-3172b5f690ea-140737350539072","trial_id":137,"user_attr":{"train_loss_epoch_4":15308889.752173914}}
{"op_code":8,"worker_id":"65621591-6ed3-46d5-85f6-3172b5f690ea-140737350539072","trial_id":137,"user_attr":{"val_loss_epoch_4":4481307.75}}
{"op_code":7,"worker_id":"65621591-6ed3-46d5-85f6-3172b5f690ea-140737350539072","trial_id":137,"step":5,"intermediate_value":81.22270742358079}
{"op_code":8,"worker_id":"65621591-6ed3-46d5-85f6-3172b5f690ea-140737350539072","trial_id":137,"user_attr":{"train_loss_epoch_5":12136030.294021739}}
{"op_code":8,"worker_id":"65621591-6ed3-46d5-85f6-3172b5f690ea-140737350539072","trial_id":137,"user_attr":{"val_loss_epoch_5":6194625.75}}
{"op_code":6,"worker_id":"65621591-6ed3-46d5-85f6-3172b5f690ea-140737350539072","trial_id":137,"state":1,"values":[81.22270742358079],"datetime_complete":"2026-02-22T04:04:46.280566"}
{"op_code":4,"worker_id":"65621591-6ed3-46d5-85f6-3172b5f690ea-140737350539072","study_id":0,"datetime_start":"2026-02-22T04:04:46.288081"}
{"op_code":5,"worker_id":"65621591-6ed3-46d5-85f6-3172b5f690ea-140737350539072","trial_id":138,"param_name":"learning_rate","param_value_internal":0.0037765426662894164,"distribution":"{\"name\": \"FloatDistribution\", \"attributes\": {\"step\": null, \"low\": 0.001, \"high\": 10.0, \"log\": true}}"}
{"op_code":5,"worker_id":"65621591-6ed3-46d5-85f6-3172b5f690ea-140737350539072","trial_id":138,"param_name":"transfer_lr","param_value_internal":0.4073983728787635,"distribution":"{\"name\": \"FloatDistribution\", \"attributes\": {\"step\": null, \"low\": 0.0001, \"high\": 100.0, \"log\": true}}"}
{"op_code":5,"worker_id":"65621591-6ed3-46d5-85f6-3172b5f690ea-140737350539072","trial_id":138,"param_name":"transfer_every","param_value_internal":32000.0,"distribution":"{\"name\": \"IntDistribution\", \"attributes\": {\"log\": true, \"step\": 1, \"low\": 64, \"high\": 32000}}"}
{"op_code":5,"worker_id":"65621591-6ed3-46d5-85f6-3172b5f690ea-140737350539072","trial_id":138,"param_name":"rank_exp","param_value_internal":5.0,"distribution":"{\"name\": \"IntDistribution\", \"attributes\": {\"log\": false, \"step\": 1, \"low\": 0, \"high\": 5}}"}
{"op_code":5,"worker_id":"65621591-6ed3-46d5-85f6-3172b5f690ea-140737350539072","trial_id":138,"param_name":"lora_alpha","param_value_internal":0.0001,"distribution":"{\"name\": \"FloatDistribution\", \"attributes\": {\"step\": null, \"low\": 0.0001, \"high\": 100.0, \"log\": true}}"}
{"op_code":5,"worker_id":"65621591-6ed3-46d5-85f6-3172b5f690ea-140737350539072","trial_id":138,"param_name":"tau_sec","param_value_internal":0.0,"distribution":"{\"name\": \"FloatDistribution\", \"attributes\": {\"step\": null, \"low\": 0.0, \"high\": 0.0, \"log\": false}}"}
{"op_code":5,"worker_id":"65621591-6ed3-46d5-85f6-3172b5f690ea-140737350539072","trial_id":138,"param_name":"out_noise","param_value_internal":0.0,"distribution":"{\"name\": \"FloatDistribution\", \"attributes\": {\"step\": null, \"low\": 0.0, \"high\": 0.0, \"log\": false}}"}
{"op_code":5,"worker_id":"65621591-6ed3-46d5-85f6-3172b5f690ea-140737350539072","trial_id":138,"param_name":"ab_weight_scaling_omega","param_value_internal":0.0,"distribution":"{\"name\": \"FloatDistribution\", \"attributes\": {\"step\": null, \"low\": 0.0, \"high\": 0.0, \"log\": false}}"}
{"op_code":5,"worker_id":"65621591-6ed3-46d5-85f6-3172b5f690ea-140737350539072","trial_id":138,"param_name":"min_lr_rate","param_value_internal":0.0,"distribution":"{\"name\": \"FloatDistribution\", \"attributes\": {\"step\": null, \"low\": 0.0, \"high\": 0.0, \"log\": false}}"}
{"op_code":7,"worker_id":"65621591-6ed3-46d5-85f6-3172b5f690ea-140737350539072","trial_id":138,"step":1,"intermediate_value":81.22270742358079}
{"op_code":8,"worker_id":"65621591-6ed3-46d5-85f6-3172b5f690ea-140737350539072","trial_id":138,"user_attr":{"train_loss_epoch_1":25601250.358695652}}
{"op_code":8,"worker_id":"65621591-6ed3-46d5-85f6-3172b5f690ea-140737350539072","trial_id":138,"user_attr":{"val_loss_epoch_1":16424423.0}}
{"op_code":7,"worker_id":"65621591-6ed3-46d5-85f6-3172b5f690ea-140737350539072","trial_id":138,"step":2,"intermediate_value":81.22270742358079}
{"op_code":8,"worker_id":"65621591-6ed3-46d5-85f6-3172b5f690ea-140737350539072","trial_id":138,"user_attr":{"train_loss_epoch_2":19134051.264673915}}
{"op_code":8,"worker_id":"65621591-6ed3-46d5-85f6-3172b5f690ea-140737350539072","trial_id":138,"user_attr":{"val_loss_epoch_2":9615348.0}}
{"op_code":7,"worker_id":"65621591-6ed3-46d5-85f6-3172b5f690ea-140737350539072","trial_id":138,"step":3,"intermediate_value":81.22270742358079}
{"op_code":8,"worker_id":"65621591-6ed3-46d5-85f6-3172b5f690ea-140737350539072","trial_id":138,"user_attr":{"train_loss_epoch_3":10158184.222775135}}
{"op_code":8,"worker_id":"65621591-6ed3-46d5-85f6-3172b5f690ea-140737350539072","trial_id":138,"user_attr":{"val_loss_epoch_3":4914931.75}}
{"op_code":7,"worker_id":"65621591-6ed3-46d5-85f6-3172b5f690ea-140737350539072","trial_id":138,"step":4,"intermediate_value":81.22270742358079}
{"op_code":8,"worker_id":"65621591-6ed3-46d5-85f6-3172b5f690ea-140737350539072","trial_id":138,"user_attr":{"train_loss_epoch_4":3545029.116168478}}
{"op_code":8,"worker_id":"65621591-6ed3-46d5-85f6-3172b5f690ea-140737350539072","trial_id":138,"user_attr":{"val_loss_epoch_4":530371.265625}}
{"op_code":7,"worker_id":"65621591-6ed3-46d5-85f6-3172b5f690ea-140737350539072","trial_id":138,"step":5,"intermediate_value":81.22270742358079}
{"op_code":8,"worker_id":"65621591-6ed3-46d5-85f6-3172b5f690ea-140737350539072","trial_id":138,"user_attr":{"train_loss_epoch_5":177489.44237856657}}
{"op_code":8,"worker_id":"65621591-6ed3-46d5-85f6-3172b5f690ea-140737350539072","trial_id":138,"user_attr":{"val_loss_epoch_5":131753.15234375}}
{"op_code":7,"worker_id":"65621591-6ed3-46d5-85f6-3172b5f690ea-140737350539072","trial_id":138,"step":6,"intermediate_value":81.22270742358079}
{"op_code":8,"worker_id":"65621591-6ed3-46d5-85f6-3172b5f690ea-140737350539072","trial_id":138,"user_attr":{"train_loss_epoch_6":52206.88434634001}}
{"op_code":8,"worker_id":"65621591-6ed3-46d5-85f6-3172b5f690ea-140737350539072","trial_id":138,"user_attr":{"val_loss_epoch_6":6112.848876953125}}
{"op_code":7,"worker_id":"65621591-6ed3-46d5-85f6-3172b5f690ea-140737350539072","trial_id":138,"step":7,"intermediate_value":81.22270742358079}
{"op_code":8,"worker_id":"65621591-6ed3-46d5-85f6-3172b5f690ea-140737350539072","trial_id":138,"user_attr":{"train_loss_epoch_7":37731.620638441}}
{"op_code":8,"worker_id":"65621591-6ed3-46d5-85f6-3172b5f690ea-140737350539072","trial_id":138,"user_attr":{"val_loss_epoch_7":8020.840087890625}}
{"op_code":7,"worker_id":"65621591-6ed3-46d5-85f6-3172b5f690ea-140737350539072","trial_id":138,"step":8,"intermediate_value":81.22270742358079}
{"op_code":8,"worker_id":"65621591-6ed3-46d5-85f6-3172b5f690ea-140737350539072","trial_id":138,"user_attr":{"train_loss_epoch_8":38141.7814283288}}
{"op_code":8,"worker_id":"65621591-6ed3-46d5-85f6-3172b5f690ea-140737350539072","trial_id":138,"user_attr":{"val_loss_epoch_8":1437.59326171875}}
{"op_code":7,"worker_id":"65621591-6ed3-46d5-85f6-3172b5f690ea-140737350539072","trial_id":138,"step":9,"intermediate_value":81.22270742358079}
{"op_code":8,"worker_id":"65621591-6ed3-46d5-85f6-3172b5f690ea-140737350539072","trial_id":138,"user_attr":{"train_loss_epoch_9":32540.035576596467}}
{"op_code":8,"worker_id":"65621591-6ed3-46d5-85f6-3172b5f690ea-140737350539072","trial_id":138,"user_attr":{"val_loss_epoch_9":1534.58056640625}}
{"op_code":7,"worker_id":"65621591-6ed3-46d5-85f6-3172b5f690ea-140737350539072","trial_id":138,"step":10,"intermediate_value":81.22270742358079}
{"op_code":8,"worker_id":"65621591-6ed3-46d5-85f6-3172b5f690ea-140737350539072","trial_id":138,"user_attr":{"train_loss_epoch_10":26939.783980659817}}
{"op_code":8,"worker_id":"65621591-6ed3-46d5-85f6-3172b5f690ea-140737350539072","trial_id":138,"user_attr":{"val_loss_epoch_10":44357.68359375}}
{"op_code":6,"worker_id":"65621591-6ed3-46d5-85f6-3172b5f690ea-140737350539072","trial_id":138,"state":1,"values":[81.22270742358079],"datetime_complete":"2026-02-22T04:09:02.452265"}
{"op_code":4,"worker_id":"65621591-6ed3-46d5-85f6-3172b5f690ea-140737350539072","study_id":0,"datetime_start":"2026-02-22T04:09:02.502732"}
{"op_code":5,"worker_id":"65621591-6ed3-46d5-85f6-3172b5f690ea-140737350539072","trial_id":139,"param_name":"learning_rate","param_value_internal":0.0057283746927221275,"distribution":"{\"name\": \"FloatDistribution\", \"attributes\": {\"step\": null, \"low\": 0.001, \"high\": 10.0, \"log\": true}}"}
{"op_code":5,"worker_id":"65621591-6ed3-46d5-85f6-3172b5f690ea-140737350539072","trial_id":139,"param_name":"transfer_lr","param_value_internal":95.50058636738237,"distribution":"{\"name\": \"FloatDistribution\", \"attributes\": {\"step\": null, \"low\": 0.0001, \"high\": 100.0, \"log\": true}}"}
{"op_code":5,"worker_id":"65621591-6ed3-46d5-85f6-3172b5f690ea-140737350539072","trial_id":139,"param_name":"transfer_every","param_value_internal":64.0,"distribution":"{\"name\": \"IntDistribution\", \"attributes\": {\"log\": true, \"step\": 1, \"low\": 64, \"high\": 32000}}"}
{"op_code":5,"worker_id":"65621591-6ed3-46d5-85f6-3172b5f690ea-140737350539072","trial_id":139,"param_name":"rank_exp","param_value_internal":4.0,"distribution":"{\"name\": \"IntDistribution\", \"attributes\": {\"log\": false, \"step\": 1, \"low\": 0, \"high\": 5}}"}
{"op_code":5,"worker_id":"65621591-6ed3-46d5-85f6-3172b5f690ea-140737350539072","trial_id":139,"param_name":"lora_alpha","param_value_internal":0.0001,"distribution":"{\"name\": \"FloatDistribution\", \"attributes\": {\"step\": null, \"low\": 0.0001, \"high\": 100.0, \"log\": true}}"}
{"op_code":5,"worker_id":"65621591-6ed3-46d5-85f6-3172b5f690ea-140737350539072","trial_id":139,"param_name":"tau_sec","param_value_internal":0.0,"distribution":"{\"name\": \"FloatDistribution\", \"attributes\": {\"step\": null, \"low\": 0.0, \"high\": 0.0, \"log\": false}}"}
{"op_code":5,"worker_id":"65621591-6ed3-46d5-85f6-3172b5f690ea-140737350539072","trial_id":139,"param_name":"out_noise","param_value_internal":0.0,"distribution":"{\"name\": \"FloatDistribution\", \"attributes\": {\"step\": null, \"low\": 0.0, \"high\": 0.0, \"log\": false}}"}
{"op_code":5,"worker_id":"65621591-6ed3-46d5-85f6-3172b5f690ea-140737350539072","trial_id":139,"param_name":"ab_weight_scaling_omega","param_value_internal":0.0,"distribution":"{\"name\": \"FloatDistribution\", \"attributes\": {\"step\": null, \"low\": 0.0, \"high\": 0.0, \"log\": false}}"}
{"op_code":5,"worker_id":"65621591-6ed3-46d5-85f6-3172b5f690ea-140737350539072","trial_id":139,"param_name":"min_lr_rate","param_value_internal":0.0,"distribution":"{\"name\": \"FloatDistribution\", \"attributes\": {\"step\": null, \"low\": 0.0, \"high\": 0.0, \"log\": false}}"}
{"op_code":7,"worker_id":"65621591-6ed3-46d5-85f6-3172b5f690ea-140737350539072","trial_id":139,"step":1,"intermediate_value":81.22270742358079}
{"op_code":8,"worker_id":"65621591-6ed3-46d5-85f6-3172b5f690ea-140737350539072","trial_id":139,"user_attr":{"train_loss_epoch_1":25169129.810258154}}
{"op_code":8,"worker_id":"65621591-6ed3-46d5-85f6-3172b5f690ea-140737350539072","trial_id":139,"user_attr":{"val_loss_epoch_1":7616166.25}}
{"op_code":7,"worker_id":"65621591-6ed3-46d5-85f6-3172b5f690ea-140737350539072","trial_id":139,"step":2,"intermediate_value":81.22270742358079}
{"op_code":8,"worker_id":"65621591-6ed3-46d5-85f6-3172b5f690ea-140737350539072","trial_id":139,"user_attr":{"train_loss_epoch_2":13524408.157065218}}
{"op_code":8,"worker_id":"65621591-6ed3-46d5-85f6-3172b5f690ea-140737350539072","trial_id":139,"user_attr":{"val_loss_epoch_2":2373716.5}}
{"op_code":7,"worker_id":"65621591-6ed3-46d5-85f6-3172b5f690ea-140737350539072","trial_id":139,"step":3,"intermediate_value":81.22270742358079}
{"op_code":8,"worker_id":"65621591-6ed3-46d5-85f6-3172b5f690ea-140737350539072","trial_id":139,"user_attr":{"train_loss_epoch_3":2416429.722874915}}
{"op_code":8,"worker_id":"65621591-6ed3-46d5-85f6-3172b5f690ea-140737350539072","trial_id":139,"user_attr":{"val_loss_epoch_3":136946.5703125}}
{"op_code":7,"worker_id":"65621591-6ed3-46d5-85f6-3172b5f690ea-140737350539072","trial_id":139,"step":4,"intermediate_value":81.22270742358079}
{"op_code":8,"worker_id":"65621591-6ed3-46d5-85f6-3172b5f690ea-140737350539072","trial_id":139,"user_attr":{"train_loss_epoch_4":96907.1446034307}}
{"op_code":8,"worker_id":"65621591-6ed3-46d5-85f6-3172b5f690ea-140737350539072","trial_id":139,"user_attr":{"val_loss_epoch_4":20669.5224609375}}
{"op_code":7,"worker_id":"65621591-6ed3-46d5-85f6-3172b5f690ea-140737350539072","trial_id":139,"step":5,"intermediate_value":81.22270742358079}
{"op_code":8,"worker_id":"65621591-6ed3-46d5-85f6-3172b5f690ea-140737350539072","trial_id":139,"user_attr":{"train_loss_epoch_5":81198.73184867528}}
{"op_code":8,"worker_id":"65621591-6ed3-46d5-85f6-3172b5f690ea-140737350539072","trial_id":139,"user_attr":{"val_loss_epoch_5":3813.5048828125}}
{"op_code":7,"worker_id":"65621591-6ed3-46d5-85f6-3172b5f690ea-140737350539072","trial_id":139,"step":6,"intermediate_value":81.22270742358079}
{"op_code":8,"worker_id":"65621591-6ed3-46d5-85f6-3172b5f690ea-140737350539072","trial_id":139,"user_attr":{"train_loss_epoch_6":75117.55310164741}}
{"op_code":8,"worker_id":"65621591-6ed3-46d5-85f6-3172b5f690ea-140737350539072","trial_id":139,"user_attr":{"val_loss_epoch_6":15314.8134765625}}
{"op_code":7,"worker_id":"65621591-6ed3-46d5-85f6-3172b5f690ea-140737350539072","trial_id":139,"step":7,"intermediate_value":81.22270742358079}
{"op_code":8,"worker_id":"65621591-6ed3-46d5-85f6-3172b5f690ea-140737350539072","trial_id":139,"user_attr":{"train_loss_epoch_7":69835.89354619566}}
{"op_code":8,"worker_id":"65621591-6ed3-46d5-85f6-3172b5f690ea-140737350539072","trial_id":139,"user_attr":{"val_loss_epoch_7":44981.794921875}}
{"op_code":6,"worker_id":"65621591-6ed3-46d5-85f6-3172b5f690ea-140737350539072","trial_id":139,"state":1,"values":[81.22270742358079],"datetime_complete":"2026-02-22T04:11:55.333042"}
{"op_code":4,"worker_id":"65621591-6ed3-46d5-85f6-3172b5f690ea-140737350539072","study_id":0,"datetime_start":"2026-02-22T04:11:55.339940"}
{"op_code":5,"worker_id":"65621591-6ed3-46d5-85f6-3172b5f690ea-140737350539072","trial_id":140,"param_name":"learning_rate","param_value_internal":0.002098790275052321,"distribution":"{\"name\": \"FloatDistribution\", \"attributes\": {\"step\": null, \"low\": 0.001, \"high\": 10.0, \"log\": true}}"}
{"op_code":5,"worker_id":"65621591-6ed3-46d5-85f6-3172b5f690ea-140737350539072","trial_id":140,"param_name":"transfer_lr","param_value_internal":0.006133443234709531,"distribution":"{\"name\": \"FloatDistribution\", \"attributes\": {\"step\": null, \"low\": 0.0001, \"high\": 100.0, \"log\": true}}"}
{"op_code":5,"worker_id":"65621591-6ed3-46d5-85f6-3172b5f690ea-140737350539072","trial_id":140,"param_name":"transfer_every","param_value_internal":3140.0,"distribution":"{\"name\": \"IntDistribution\", \"attributes\": {\"log\": true, \"step\": 1, \"low\": 64, \"high\": 32000}}"}
{"op_code":5,"worker_id":"65621591-6ed3-46d5-85f6-3172b5f690ea-140737350539072","trial_id":140,"param_name":"rank_exp","param_value_internal":2.0,"distribution":"{\"name\": \"IntDistribution\", \"attributes\": {\"log\": false, \"step\": 1, \"low\": 0, \"high\": 5}}"}
{"op_code":5,"worker_id":"65621591-6ed3-46d5-85f6-3172b5f690ea-140737350539072","trial_id":140,"param_name":"lora_alpha","param_value_internal":0.052013604466355,"distribution":"{\"name\": \"FloatDistribution\", \"attributes\": {\"step\": null, \"low\": 0.0001, \"high\": 100.0, \"log\": true}}"}
{"op_code":5,"worker_id":"65621591-6ed3-46d5-85f6-3172b5f690ea-140737350539072","trial_id":140,"param_name":"tau_sec","param_value_internal":0.0,"distribution":"{\"name\": \"FloatDistribution\", \"attributes\": {\"step\": null, \"low\": 0.0, \"high\": 0.0, \"log\": false}}"}
{"op_code":5,"worker_id":"65621591-6ed3-46d5-85f6-3172b5f690ea-140737350539072","trial_id":140,"param_name":"out_noise","param_value_internal":0.0,"distribution":"{\"name\": \"FloatDistribution\", \"attributes\": {\"step\": null, \"low\": 0.0, \"high\": 0.0, \"log\": false}}"}
{"op_code":5,"worker_id":"65621591-6ed3-46d5-85f6-3172b5f690ea-140737350539072","trial_id":140,"param_name":"ab_weight_scaling_omega","param_value_internal":0.0,"distribution":"{\"name\": \"FloatDistribution\", \"attributes\": {\"step\": null, \"low\": 0.0, \"high\": 0.0, \"log\": false}}"}
{"op_code":5,"worker_id":"65621591-6ed3-46d5-85f6-3172b5f690ea-140737350539072","trial_id":140,"param_name":"min_lr_rate","param_value_internal":0.0,"distribution":"{\"name\": \"FloatDistribution\", \"attributes\": {\"step\": null, \"low\": 0.0, \"high\": 0.0, \"log\": false}}"}
{"op_code":7,"worker_id":"65621591-6ed3-46d5-85f6-3172b5f690ea-140737350539072","trial_id":140,"step":1,"intermediate_value":81.22270742358079}
{"op_code":8,"worker_id":"65621591-6ed3-46d5-85f6-3172b5f690ea-140737350539072","trial_id":140,"user_attr":{"train_loss_epoch_1":26808410.011141304}}
{"op_code":8,"worker_id":"65621591-6ed3-46d5-85f6-3172b5f690ea-140737350539072","trial_id":140,"user_attr":{"val_loss_epoch_1":16270947.0}}
{"op_code":7,"worker_id":"65621591-6ed3-46d5-85f6-3172b5f690ea-140737350539072","trial_id":140,"step":2,"intermediate_value":81.22270742358079}
{"op_code":8,"worker_id":"65621591-6ed3-46d5-85f6-3172b5f690ea-140737350539072","trial_id":140,"user_attr":{"train_loss_epoch_2":22772812.277683426}}
{"op_code":8,"worker_id":"65621591-6ed3-46d5-85f6-3172b5f690ea-140737350539072","trial_id":140,"user_attr":{"val_loss_epoch_2":3030490.25}}
{"op_code":7,"worker_id":"65621591-6ed3-46d5-85f6-3172b5f690ea-140737350539072","trial_id":140,"step":3,"intermediate_value":81.22270742358079}
{"op_code":8,"worker_id":"65621591-6ed3-46d5-85f6-3172b5f690ea-140737350539072","trial_id":140,"user_attr":{"train_loss_epoch_3":18686329.76798389}}
{"op_code":8,"worker_id":"65621591-6ed3-46d5-85f6-3172b5f690ea-140737350539072","trial_id":140,"user_attr":{"val_loss_epoch_3":5939924.0}}
{"op_code":7,"worker_id":"65621591-6ed3-46d5-85f6-3172b5f690ea-140737350539072","trial_id":140,"step":4,"intermediate_value":81.22270742358079}
{"op_code":8,"worker_id":"65621591-6ed3-46d5-85f6-3172b5f690ea-140737350539072","trial_id":140,"user_attr":{"train_loss_epoch_4":14395822.76834239}}
{"op_code":8,"worker_id":"65621591-6ed3-46d5-85f6-3172b5f690ea-140737350539072","trial_id":140,"user_attr":{"val_loss_epoch_4":744939.1875}}
{"op_code":7,"worker_id":"65621591-6ed3-46d5-85f6-3172b5f690ea-140737350539072","trial_id":140,"step":5,"intermediate_value":81.22270742358079}
{"op_code":8,"worker_id":"65621591-6ed3-46d5-85f6-3172b5f690ea-140737350539072","trial_id":140,"user_attr":{"train_loss_epoch_5":11024581.195923913}}
{"op_code":8,"worker_id":"65621591-6ed3-46d5-85f6-3172b5f690ea-140737350539072","trial_id":140,"user_attr":{"val_loss_epoch_5":4675820.5}}
{"op_code":7,"worker_id":"65621591-6ed3-46d5-85f6-3172b5f690ea-140737350539072","trial_id":140,"step":6,"intermediate_value":81.22270742358079}
{"op_code":8,"worker_id":"65621591-6ed3-46d5-85f6-3172b5f690ea-140737350539072","trial_id":140,"user_attr":{"train_loss_epoch_6":7729019.968206522}}
{"op_code":8,"worker_id":"65621591-6ed3-46d5-85f6-3172b5f690ea-140737350539072","trial_id":140,"user_attr":{"val_loss_epoch_6":6014014.0}}
{"op_code":6,"worker_id":"65621591-6ed3-46d5-85f6-3172b5f690ea-140737350539072","trial_id":140,"state":1,"values":[81.22270742358079],"datetime_complete":"2026-02-22T04:14:30.954383"}
{"op_code":4,"worker_id":"65621591-6ed3-46d5-85f6-3172b5f690ea-140737350539072","study_id":0,"datetime_start":"2026-02-22T04:14:30.962109"}
{"op_code":5,"worker_id":"65621591-6ed3-46d5-85f6-3172b5f690ea-140737350539072","trial_id":141,"param_name":"learning_rate","param_value_internal":0.003615589143259947,"distribution":"{\"name\": \"FloatDistribution\", \"attributes\": {\"step\": null, \"low\": 0.001, \"high\": 10.0, \"log\": true}}"}
{"op_code":5,"worker_id":"65621591-6ed3-46d5-85f6-3172b5f690ea-140737350539072","trial_id":141,"param_name":"transfer_lr","param_value_internal":3.5764163631420214,"distribution":"{\"name\": \"FloatDistribution\", \"attributes\": {\"step\": null, \"low\": 0.0001, \"high\": 100.0, \"log\": true}}"}
{"op_code":5,"worker_id":"65621591-6ed3-46d5-85f6-3172b5f690ea-140737350539072","trial_id":141,"param_name":"transfer_every","param_value_internal":619.0,"distribution":"{\"name\": \"IntDistribution\", \"attributes\": {\"log\": true, \"step\": 1, \"low\": 64, \"high\": 32000}}"}
{"op_code":5,"worker_id":"65621591-6ed3-46d5-85f6-3172b5f690ea-140737350539072","trial_id":141,"param_name":"rank_exp","param_value_internal":4.0,"distribution":"{\"name\": \"IntDistribution\", \"attributes\": {\"log\": false, \"step\": 1, \"low\": 0, \"high\": 5}}"}
{"op_code":5,"worker_id":"65621591-6ed3-46d5-85f6-3172b5f690ea-140737350539072","trial_id":141,"param_name":"lora_alpha","param_value_internal":0.0001,"distribution":"{\"name\": \"FloatDistribution\", \"attributes\": {\"step\": null, \"low\": 0.0001, \"high\": 100.0, \"log\": true}}"}
{"op_code":5,"worker_id":"65621591-6ed3-46d5-85f6-3172b5f690ea-140737350539072","trial_id":141,"param_name":"tau_sec","param_value_internal":0.0,"distribution":"{\"name\": \"FloatDistribution\", \"attributes\": {\"step\": null, \"low\": 0.0, \"high\": 0.0, \"log\": false}}"}
{"op_code":5,"worker_id":"65621591-6ed3-46d5-85f6-3172b5f690ea-140737350539072","trial_id":141,"param_name":"out_noise","param_value_internal":0.0,"distribution":"{\"name\": \"FloatDistribution\", \"attributes\": {\"step\": null, \"low\": 0.0, \"high\": 0.0, \"log\": false}}"}
{"op_code":5,"worker_id":"65621591-6ed3-46d5-85f6-3172b5f690ea-140737350539072","trial_id":141,"param_name":"ab_weight_scaling_omega","param_value_internal":0.0,"distribution":"{\"name\": \"FloatDistribution\", \"attributes\": {\"step\": null, \"low\": 0.0, \"high\": 0.0, \"log\": false}}"}
{"op_code":5,"worker_id":"65621591-6ed3-46d5-85f6-3172b5f690ea-140737350539072","trial_id":141,"param_name":"min_lr_rate","param_value_internal":0.0,"distribution":"{\"name\": \"FloatDistribution\", \"attributes\": {\"step\": null, \"low\": 0.0, \"high\": 0.0, \"log\": false}}"}
{"op_code":7,"worker_id":"65621591-6ed3-46d5-85f6-3172b5f690ea-140737350539072","trial_id":141,"step":1,"intermediate_value":81.22270742358079}
{"op_code":8,"worker_id":"65621591-6ed3-46d5-85f6-3172b5f690ea-140737350539072","trial_id":141,"user_attr":{"train_loss_epoch_1":26484376.11368886}}
{"op_code":8,"worker_id":"65621591-6ed3-46d5-85f6-3172b5f690ea-140737350539072","trial_id":141,"user_attr":{"val_loss_epoch_1":12433706.0}}
{"op_code":7,"worker_id":"65621591-6ed3-46d5-85f6-3172b5f690ea-140737350539072","trial_id":141,"step":2,"intermediate_value":81.22270742358079}
{"op_code":8,"worker_id":"65621591-6ed3-46d5-85f6-3172b5f690ea-140737350539072","trial_id":141,"user_attr":{"train_loss_epoch_2":19153355.820108697}}
{"op_code":8,"worker_id":"65621591-6ed3-46d5-85f6-3172b5f690ea-140737350539072","trial_id":141,"user_attr":{"val_loss_epoch_2":6377390.75}}
{"op_code":7,"worker_id":"65621591-6ed3-46d5-85f6-3172b5f690ea-140737350539072","trial_id":141,"step":3,"intermediate_value":81.22270742358079}
{"op_code":8,"worker_id":"65621591-6ed3-46d5-85f6-3172b5f690ea-140737350539072","trial_id":141,"user_attr":{"train_loss_epoch_3":11473459.011175271}}
{"op_code":8,"worker_id":"65621591-6ed3-46d5-85f6-3172b5f690ea-140737350539072","trial_id":141,"user_attr":{"val_loss_epoch_3":7593656.75}}
{"op_code":7,"worker_id":"65621591-6ed3-46d5-85f6-3172b5f690ea-140737350539072","trial_id":141,"step":4,"intermediate_value":81.22270742358079}
{"op_code":8,"worker_id":"65621591-6ed3-46d5-85f6-3172b5f690ea-140737350539072","trial_id":141,"user_attr":{"train_loss_epoch_4":4366179.656655486}}
{"op_code":8,"worker_id":"65621591-6ed3-46d5-85f6-3172b5f690ea-140737350539072","trial_id":141,"user_attr":{"val_loss_epoch_4":1868891.1875}}
{"op_code":7,"worker_id":"65621591-6ed3-46d5-85f6-3172b5f690ea-140737350539072","trial_id":141,"step":5,"intermediate_value":81.22270742358079}
{"op_code":8,"worker_id":"65621591-6ed3-46d5-85f6-3172b5f690ea-140737350539072","trial_id":141,"user_attr":{"train_loss_epoch_5":427287.5234735904}}
{"op_code":8,"worker_id":"65621591-6ed3-46d5-85f6-3172b5f690ea-140737350539072","trial_id":141,"user_attr":{"val_loss_epoch_5":7552.54541015625}}
{"op_code":7,"worker_id":"65621591-6ed3-46d5-85f6-3172b5f690ea-140737350539072","trial_id":141,"step":6,"intermediate_value":81.22270742358079}
{"op_code":8,"worker_id":"65621591-6ed3-46d5-85f6-3172b5f690ea-140737350539072","trial_id":141,"user_attr":{"train_loss_epoch_6":48897.5304963485}}
{"op_code":8,"worker_id":"65621591-6ed3-46d5-85f6-3172b5f690ea-140737350539072","trial_id":141,"user_attr":{"val_loss_epoch_6":20357.68359375}}
{"op_code":7,"worker_id":"65621591-6ed3-46d5-85f6-3172b5f690ea-140737350539072","trial_id":141,"step":7,"intermediate_value":81.22270742358079}
{"op_code":8,"worker_id":"65621591-6ed3-46d5-85f6-3172b5f690ea-140737350539072","trial_id":141,"user_attr":{"train_loss_epoch_7":43031.329220448366}}
{"op_code":8,"worker_id":"65621591-6ed3-46d5-85f6-3172b5f690ea-140737350539072","trial_id":141,"user_attr":{"val_loss_epoch_7":46149.017578125}}
{"op_code":6,"worker_id":"65621591-6ed3-46d5-85f6-3172b5f690ea-140737350539072","trial_id":141,"state":1,"values":[81.22270742358079],"datetime_complete":"2026-02-22T04:17:25.245043"}
{"op_code":4,"worker_id":"65621591-6ed3-46d5-85f6-3172b5f690ea-140737350539072","study_id":0,"datetime_start":"2026-02-22T04:17:25.257328"}
{"op_code":5,"worker_id":"65621591-6ed3-46d5-85f6-3172b5f690ea-140737350539072","trial_id":142,"param_name":"learning_rate","param_value_internal":0.003437327632660747,"distribution":"{\"name\": \"FloatDistribution\", \"attributes\": {\"step\": null, \"low\": 0.001, \"high\": 10.0, \"log\": true}}"}
{"op_code":5,"worker_id":"65621591-6ed3-46d5-85f6-3172b5f690ea-140737350539072","trial_id":142,"param_name":"transfer_lr","param_value_internal":0.0001,"distribution":"{\"name\": \"FloatDistribution\", \"attributes\": {\"step\": null, \"low\": 0.0001, \"high\": 100.0, \"log\": true}}"}
{"op_code":5,"worker_id":"65621591-6ed3-46d5-85f6-3172b5f690ea-140737350539072","trial_id":142,"param_name":"transfer_every","param_value_internal":32000.0,"distribution":"{\"name\": \"IntDistribution\", \"attributes\": {\"log\": true, \"step\": 1, \"low\": 64, \"high\": 32000}}"}
{"op_code":5,"worker_id":"65621591-6ed3-46d5-85f6-3172b5f690ea-140737350539072","trial_id":142,"param_name":"rank_exp","param_value_internal":3.0,"distribution":"{\"name\": \"IntDistribution\", \"attributes\": {\"log\": false, \"step\": 1, \"low\": 0, \"high\": 5}}"}
{"op_code":5,"worker_id":"65621591-6ed3-46d5-85f6-3172b5f690ea-140737350539072","trial_id":142,"param_name":"lora_alpha","param_value_internal":0.0001,"distribution":"{\"name\": \"FloatDistribution\", \"attributes\": {\"step\": null, \"low\": 0.0001, \"high\": 100.0, \"log\": true}}"}
{"op_code":5,"worker_id":"65621591-6ed3-46d5-85f6-3172b5f690ea-140737350539072","trial_id":142,"param_name":"tau_sec","param_value_internal":0.0,"distribution":"{\"name\": \"FloatDistribution\", \"attributes\": {\"step\": null, \"low\": 0.0, \"high\": 0.0, \"log\": false}}"}
{"op_code":5,"worker_id":"65621591-6ed3-46d5-85f6-3172b5f690ea-140737350539072","trial_id":142,"param_name":"out_noise","param_value_internal":0.0,"distribution":"{\"name\": \"FloatDistribution\", \"attributes\": {\"step\": null, \"low\": 0.0, \"high\": 0.0, \"log\": false}}"}
{"op_code":5,"worker_id":"65621591-6ed3-46d5-85f6-3172b5f690ea-140737350539072","trial_id":142,"param_name":"ab_weight_scaling_omega","param_value_internal":0.0,"distribution":"{\"name\": \"FloatDistribution\", \"attributes\": {\"step\": null, \"low\": 0.0, \"high\": 0.0, \"log\": false}}"}
{"op_code":5,"worker_id":"65621591-6ed3-46d5-85f6-3172b5f690ea-140737350539072","trial_id":142,"param_name":"min_lr_rate","param_value_internal":0.0,"distribution":"{\"name\": \"FloatDistribution\", \"attributes\": {\"step\": null, \"low\": 0.0, \"high\": 0.0, \"log\": false}}"}
{"op_code":7,"worker_id":"65621591-6ed3-46d5-85f6-3172b5f690ea-140737350539072","trial_id":142,"step":1,"intermediate_value":0.0}
{"op_code":8,"worker_id":"65621591-6ed3-46d5-85f6-3172b5f690ea-140737350539072","trial_id":142,"user_attr":{"train_loss_epoch_1":24924116.533695653}}
{"op_code":8,"worker_id":"65621591-6ed3-46d5-85f6-3172b5f690ea-140737350539072","trial_id":142,"user_attr":{"val_loss_epoch_1":32281338.0}}
{"op_code":7,"worker_id":"65621591-6ed3-46d5-85f6-3172b5f690ea-140737350539072","trial_id":142,"step":2,"intermediate_value":81.22270742358079}
{"op_code":8,"worker_id":"65621591-6ed3-46d5-85f6-3172b5f690ea-140737350539072","trial_id":142,"user_attr":{"train_loss_epoch_2":19140453.213043477}}
{"op_code":8,"worker_id":"65621591-6ed3-46d5-85f6-3172b5f690ea-140737350539072","trial_id":142,"user_attr":{"val_loss_epoch_2":5041265.75}}
{"op_code":7,"worker_id":"65621591-6ed3-46d5-85f6-3172b5f690ea-140737350539072","trial_id":142,"step":3,"intermediate_value":81.22270742358079}
{"op_code":8,"worker_id":"65621591-6ed3-46d5-85f6-3172b5f690ea-140737350539072","trial_id":142,"user_attr":{"train_loss_epoch_3":12660846.370652175}}
{"op_code":8,"worker_id":"65621591-6ed3-46d5-85f6-3172b5f690ea-140737350539072","trial_id":142,"user_attr":{"val_loss_epoch_3":11297373.0}}
{"op_code":7,"worker_id":"65621591-6ed3-46d5-85f6-3172b5f690ea-140737350539072","trial_id":142,"step":4,"intermediate_value":81.22270742358079}
{"op_code":8,"worker_id":"65621591-6ed3-46d5-85f6-3172b5f690ea-140737350539072","trial_id":142,"user_attr":{"train_loss_epoch_4":5770629.308389946}}
{"op_code":8,"worker_id":"65621591-6ed3-46d5-85f6-3172b5f690ea-140737350539072","trial_id":142,"user_attr":{"val_loss_epoch_4":1081851.125}}
{"op_code":7,"worker_id":"65621591-6ed3-46d5-85f6-3172b5f690ea-140737350539072","trial_id":142,"step":5,"intermediate_value":81.22270742358079}
{"op_code":8,"worker_id":"65621591-6ed3-46d5-85f6-3172b5f690ea-140737350539072","trial_id":142,"user_attr":{"train_loss_epoch_5":890285.5964193593}}
{"op_code":8,"worker_id":"65621591-6ed3-46d5-85f6-3172b5f690ea-140737350539072","trial_id":142,"user_attr":{"val_loss_epoch_5":23894.935546875}}
{"op_code":7,"worker_id":"65621591-6ed3-46d5-85f6-3172b5f690ea-140737350539072","trial_id":142,"step":6,"intermediate_value":81.22270742358079}
{"op_code":8,"worker_id":"65621591-6ed3-46d5-85f6-3172b5f690ea-140737350539072","trial_id":142,"user_attr":{"train_loss_epoch_6":44149.60729768172}}
{"op_code":8,"worker_id":"65621591-6ed3-46d5-85f6-3172b5f690ea-140737350539072","trial_id":142,"user_attr":{"val_loss_epoch_6":20399.19140625}}
{"op_code":7,"worker_id":"65621591-6ed3-46d5-85f6-3172b5f690ea-140737350539072","trial_id":142,"step":7,"intermediate_value":81.22270742358079}
{"op_code":8,"worker_id":"65621591-6ed3-46d5-85f6-3172b5f690ea-140737350539072","trial_id":142,"user_attr":{"train_loss_epoch_7":40743.412797214674}}
{"op_code":8,"worker_id":"65621591-6ed3-46d5-85f6-3172b5f690ea-140737350539072","trial_id":142,"user_attr":{"val_loss_epoch_7":1041.7215576171875}}
{"op_code":7,"worker_id":"65621591-6ed3-46d5-85f6-3172b5f690ea-140737350539072","trial_id":142,"step":8,"intermediate_value":81.22270742358079}
{"op_code":8,"worker_id":"65621591-6ed3-46d5-85f6-3172b5f690ea-140737350539072","trial_id":142,"user_attr":{"train_loss_epoch_8":37969.948796015204}}
{"op_code":8,"worker_id":"65621591-6ed3-46d5-85f6-3172b5f690ea-140737350539072","trial_id":142,"user_attr":{"val_loss_epoch_8":11855.2841796875}}
{"op_code":7,"worker_id":"65621591-6ed3-46d5-85f6-3172b5f690ea-140737350539072","trial_id":142,"step":9,"intermediate_value":81.22270742358079}
{"op_code":8,"worker_id":"65621591-6ed3-46d5-85f6-3172b5f690ea-140737350539072","trial_id":142,"user_attr":{"train_loss_epoch_9":28605.191494633324}}
{"op_code":8,"worker_id":"65621591-6ed3-46d5-85f6-3172b5f690ea-140737350539072","trial_id":142,"user_attr":{"val_loss_epoch_9":27895.6474609375}}
{"op_code":6,"worker_id":"65621591-6ed3-46d5-85f6-3172b5f690ea-140737350539072","trial_id":142,"state":1,"values":[81.22270742358079],"datetime_complete":"2026-02-22T04:20:53.591334"}
{"op_code":4,"worker_id":"65621591-6ed3-46d5-85f6-3172b5f690ea-140737350539072","study_id":0,"datetime_start":"2026-02-22T04:20:53.596890"}
{"op_code":5,"worker_id":"65621591-6ed3-46d5-85f6-3172b5f690ea-140737350539072","trial_id":143,"param_name":"learning_rate","param_value_internal":0.002047231194836357,"distribution":"{\"name\": \"FloatDistribution\", \"attributes\": {\"step\": null, \"low\": 0.001, \"high\": 10.0, \"log\": true}}"}
{"op_code":5,"worker_id":"65621591-6ed3-46d5-85f6-3172b5f690ea-140737350539072","trial_id":143,"param_name":"transfer_lr","param_value_internal":0.0001,"distribution":"{\"name\": \"FloatDistribution\", \"attributes\": {\"step\": null, \"low\": 0.0001, \"high\": 100.0, \"log\": true}}"}
{"op_code":5,"worker_id":"65621591-6ed3-46d5-85f6-3172b5f690ea-140737350539072","trial_id":143,"param_name":"transfer_every","param_value_internal":68.0,"distribution":"{\"name\": \"IntDistribution\", \"attributes\": {\"log\": true, \"step\": 1, \"low\": 64, \"high\": 32000}}"}
{"op_code":5,"worker_id":"65621591-6ed3-46d5-85f6-3172b5f690ea-140737350539072","trial_id":143,"param_name":"rank_exp","param_value_internal":0.0,"distribution":"{\"name\": \"IntDistribution\", \"attributes\": {\"log\": false, \"step\": 1, \"low\": 0, \"high\": 5}}"}
{"op_code":5,"worker_id":"65621591-6ed3-46d5-85f6-3172b5f690ea-140737350539072","trial_id":143,"param_name":"lora_alpha","param_value_internal":90.50021510445333,"distribution":"{\"name\": \"FloatDistribution\", \"attributes\": {\"step\": null, \"low\": 0.0001, \"high\": 100.0, \"log\": true}}"}
{"op_code":5,"worker_id":"65621591-6ed3-46d5-85f6-3172b5f690ea-140737350539072","trial_id":143,"param_name":"tau_sec","param_value_internal":0.0,"distribution":"{\"name\": \"FloatDistribution\", \"attributes\": {\"step\": null, \"low\": 0.0, \"high\": 0.0, \"log\": false}}"}
{"op_code":5,"worker_id":"65621591-6ed3-46d5-85f6-3172b5f690ea-140737350539072","trial_id":143,"param_name":"out_noise","param_value_internal":0.0,"distribution":"{\"name\": \"FloatDistribution\", \"attributes\": {\"step\": null, \"low\": 0.0, \"high\": 0.0, \"log\": false}}"}
{"op_code":5,"worker_id":"65621591-6ed3-46d5-85f6-3172b5f690ea-140737350539072","trial_id":143,"param_name":"ab_weight_scaling_omega","param_value_internal":0.0,"distribution":"{\"name\": \"FloatDistribution\", \"attributes\": {\"step\": null, \"low\": 0.0, \"high\": 0.0, \"log\": false}}"}
{"op_code":5,"worker_id":"65621591-6ed3-46d5-85f6-3172b5f690ea-140737350539072","trial_id":143,"param_name":"min_lr_rate","param_value_internal":0.0,"distribution":"{\"name\": \"FloatDistribution\", \"attributes\": {\"step\": null, \"low\": 0.0, \"high\": 0.0, \"log\": false}}"}
{"op_code":7,"worker_id":"65621591-6ed3-46d5-85f6-3172b5f690ea-140737350539072","trial_id":143,"step":1,"intermediate_value":81.22270742358079}
{"op_code":8,"worker_id":"65621591-6ed3-46d5-85f6-3172b5f690ea-140737350539072","trial_id":143,"user_attr":{"train_loss_epoch_1":27003959.06576087}}
{"op_code":8,"worker_id":"65621591-6ed3-46d5-85f6-3172b5f690ea-140737350539072","trial_id":143,"user_attr":{"val_loss_epoch_1":22428327.0}}
{"op_code":7,"worker_id":"65621591-6ed3-46d5-85f6-3172b5f690ea-140737350539072","trial_id":143,"step":2,"intermediate_value":81.22270742358079}
{"op_code":8,"worker_id":"65621591-6ed3-46d5-85f6-3172b5f690ea-140737350539072","trial_id":143,"user_attr":{"train_loss_epoch_2":23175899.904347826}}
{"op_code":8,"worker_id":"65621591-6ed3-46d5-85f6-3172b5f690ea-140737350539072","trial_id":143,"user_attr":{"val_loss_epoch_2":20138276.0}}
{"op_code":7,"worker_id":"65621591-6ed3-46d5-85f6-3172b5f690ea-140737350539072","trial_id":143,"step":3,"intermediate_value":81.22270742358079}
{"op_code":8,"worker_id":"65621591-6ed3-46d5-85f6-3172b5f690ea-140737350539072","trial_id":143,"user_attr":{"train_loss_epoch_3":18621301.65638587}}
{"op_code":8,"worker_id":"65621591-6ed3-46d5-85f6-3172b5f690ea-140737350539072","trial_id":143,"user_attr":{"val_loss_epoch_3":7829612.75}}
{"op_code":7,"worker_id":"65621591-6ed3-46d5-85f6-3172b5f690ea-140737350539072","trial_id":143,"step":4,"intermediate_value":81.22270742358079}
{"op_code":8,"worker_id":"65621591-6ed3-46d5-85f6-3172b5f690ea-140737350539072","trial_id":143,"user_attr":{"train_loss_epoch_4":15658488.870040761}}
{"op_code":8,"worker_id":"65621591-6ed3-46d5-85f6-3172b5f690ea-140737350539072","trial_id":143,"user_attr":{"val_loss_epoch_4":7793083.0}}
{"op_code":7,"worker_id":"65621591-6ed3-46d5-85f6-3172b5f690ea-140737350539072","trial_id":143,"step":5,"intermediate_value":81.22270742358079}
{"op_code":8,"worker_id":"65621591-6ed3-46d5-85f6-3172b5f690ea-140737350539072","trial_id":143,"user_attr":{"train_loss_epoch_5":11588319.308423912}}
{"op_code":8,"worker_id":"65621591-6ed3-46d5-85f6-3172b5f690ea-140737350539072","trial_id":143,"user_attr":{"val_loss_epoch_5":9012813.0}}
{"op_code":7,"worker_id":"65621591-6ed3-46d5-85f6-3172b5f690ea-140737350539072","trial_id":143,"step":6,"intermediate_value":81.22270742358079}
{"op_code":8,"worker_id":"65621591-6ed3-46d5-85f6-3172b5f690ea-140737350539072","trial_id":143,"user_attr":{"train_loss_epoch_6":8331018.96080163}}
{"op_code":8,"worker_id":"65621591-6ed3-46d5-85f6-3172b5f690ea-140737350539072","trial_id":143,"user_attr":{"val_loss_epoch_6":7748904.75}}
{"op_code":7,"worker_id":"65621591-6ed3-46d5-85f6-3172b5f690ea-140737350539072","trial_id":143,"step":7,"intermediate_value":81.22270742358079}
{"op_code":8,"worker_id":"65621591-6ed3-46d5-85f6-3172b5f690ea-140737350539072","trial_id":143,"user_attr":{"train_loss_epoch_7":5551369.800067935}}
{"op_code":8,"worker_id":"65621591-6ed3-46d5-85f6-3172b5f690ea-140737350539072","trial_id":143,"user_attr":{"val_loss_epoch_7":2622927.375}}
{"op_code":7,"worker_id":"65621591-6ed3-46d5-85f6-3172b5f690ea-140737350539072","trial_id":143,"step":8,"intermediate_value":81.22270742358079}
{"op_code":8,"worker_id":"65621591-6ed3-46d5-85f6-3172b5f690ea-140737350539072","trial_id":143,"user_attr":{"train_loss_epoch_8":2775726.73782269}}
{"op_code":8,"worker_id":"65621591-6ed3-46d5-85f6-3172b5f690ea-140737350539072","trial_id":143,"user_attr":{"val_loss_epoch_8":863066.09375}}
{"op_code":7,"worker_id":"65621591-6ed3-46d5-85f6-3172b5f690ea-140737350539072","trial_id":143,"step":9,"intermediate_value":81.22270742358079}
{"op_code":8,"worker_id":"65621591-6ed3-46d5-85f6-3172b5f690ea-140737350539072","trial_id":143,"user_attr":{"train_loss_epoch_9":1054994.567261726}}
{"op_code":8,"worker_id":"65621591-6ed3-46d5-85f6-3172b5f690ea-140737350539072","trial_id":143,"user_attr":{"val_loss_epoch_9":553496.5625}}
{"op_code":7,"worker_id":"65621591-6ed3-46d5-85f6-3172b5f690ea-140737350539072","trial_id":143,"step":10,"intermediate_value":81.22270742358079}
{"op_code":8,"worker_id":"65621591-6ed3-46d5-85f6-3172b5f690ea-140737350539072","trial_id":143,"user_attr":{"train_loss_epoch_10":383406.83927267324}}
{"op_code":8,"worker_id":"65621591-6ed3-46d5-85f6-3172b5f690ea-140737350539072","trial_id":143,"user_attr":{"val_loss_epoch_10":47984.375}}
{"op_code":7,"worker_id":"65621591-6ed3-46d5-85f6-3172b5f690ea-140737350539072","trial_id":143,"step":11,"intermediate_value":81.22270742358079}
{"op_code":8,"worker_id":"65621591-6ed3-46d5-85f6-3172b5f690ea-140737350539072","trial_id":143,"user_attr":{"train_loss_epoch_11":18827.934731259553}}
{"op_code":8,"worker_id":"65621591-6ed3-46d5-85f6-3172b5f690ea-140737350539072","trial_id":143,"user_attr":{"val_loss_epoch_11":548.1385803222656}}
{"op_code":7,"worker_id":"65621591-6ed3-46d5-85f6-3172b5f690ea-140737350539072","trial_id":143,"step":12,"intermediate_value":81.22270742358079}
{"op_code":8,"worker_id":"65621591-6ed3-46d5-85f6-3172b5f690ea-140737350539072","trial_id":143,"user_attr":{"train_loss_epoch_12":8186.375962763247}}
{"op_code":8,"worker_id":"65621591-6ed3-46d5-85f6-3172b5f690ea-140737350539072","trial_id":143,"user_attr":{"val_loss_epoch_12":3202.45556640625}}
{"op_code":7,"worker_id":"65621591-6ed3-46d5-85f6-3172b5f690ea-140737350539072","trial_id":143,"step":13,"intermediate_value":81.22270742358079}
{"op_code":8,"worker_id":"65621591-6ed3-46d5-85f6-3172b5f690ea-140737350539072","trial_id":143,"user_attr":{"train_loss_epoch_13":4975.673607668669}}
{"op_code":8,"worker_id":"65621591-6ed3-46d5-85f6-3172b5f690ea-140737350539072","trial_id":143,"user_attr":{"val_loss_epoch_13":3705.46484375}}
{"op_code":6,"worker_id":"65621591-6ed3-46d5-85f6-3172b5f690ea-140737350539072","trial_id":143,"state":1,"values":[81.22270742358079],"datetime_complete":"2026-02-22T04:25:33.174507"}
{"op_code":4,"worker_id":"65621591-6ed3-46d5-85f6-3172b5f690ea-140737350539072","study_id":0,"datetime_start":"2026-02-22T04:25:33.185394"}
{"op_code":5,"worker_id":"65621591-6ed3-46d5-85f6-3172b5f690ea-140737350539072","trial_id":144,"param_name":"learning_rate","param_value_internal":0.002072209604353528,"distribution":"{\"name\": \"FloatDistribution\", \"attributes\": {\"step\": null, \"low\": 0.001, \"high\": 10.0, \"log\": true}}"}
{"op_code":5,"worker_id":"65621591-6ed3-46d5-85f6-3172b5f690ea-140737350539072","trial_id":144,"param_name":"transfer_lr","param_value_internal":0.0051337877221730764,"distribution":"{\"name\": \"FloatDistribution\", \"attributes\": {\"step\": null, \"low\": 0.0001, \"high\": 100.0, \"log\": true}}"}
{"op_code":5,"worker_id":"65621591-6ed3-46d5-85f6-3172b5f690ea-140737350539072","trial_id":144,"param_name":"transfer_every","param_value_internal":2016.0,"distribution":"{\"name\": \"IntDistribution\", \"attributes\": {\"log\": true, \"step\": 1, \"low\": 64, \"high\": 32000}}"}
{"op_code":5,"worker_id":"65621591-6ed3-46d5-85f6-3172b5f690ea-140737350539072","trial_id":144,"param_name":"rank_exp","param_value_internal":2.0,"distribution":"{\"name\": \"IntDistribution\", \"attributes\": {\"log\": false, \"step\": 1, \"low\": 0, \"high\": 5}}"}
{"op_code":5,"worker_id":"65621591-6ed3-46d5-85f6-3172b5f690ea-140737350539072","trial_id":144,"param_name":"lora_alpha","param_value_internal":0.042129289968096534,"distribution":"{\"name\": \"FloatDistribution\", \"attributes\": {\"step\": null, \"low\": 0.0001, \"high\": 100.0, \"log\": true}}"}
{"op_code":5,"worker_id":"65621591-6ed3-46d5-85f6-3172b5f690ea-140737350539072","trial_id":144,"param_name":"tau_sec","param_value_internal":0.0,"distribution":"{\"name\": \"FloatDistribution\", \"attributes\": {\"step\": null, \"low\": 0.0, \"high\": 0.0, \"log\": false}}"}
{"op_code":5,"worker_id":"65621591-6ed3-46d5-85f6-3172b5f690ea-140737350539072","trial_id":144,"param_name":"out_noise","param_value_internal":0.0,"distribution":"{\"name\": \"FloatDistribution\", \"attributes\": {\"step\": null, \"low\": 0.0, \"high\": 0.0, \"log\": false}}"}
{"op_code":5,"worker_id":"65621591-6ed3-46d5-85f6-3172b5f690ea-140737350539072","trial_id":144,"param_name":"ab_weight_scaling_omega","param_value_internal":0.0,"distribution":"{\"name\": \"FloatDistribution\", \"attributes\": {\"step\": null, \"low\": 0.0, \"high\": 0.0, \"log\": false}}"}
{"op_code":5,"worker_id":"65621591-6ed3-46d5-85f6-3172b5f690ea-140737350539072","trial_id":144,"param_name":"min_lr_rate","param_value_internal":0.0,"distribution":"{\"name\": \"FloatDistribution\", \"attributes\": {\"step\": null, \"low\": 0.0, \"high\": 0.0, \"log\": false}}"}
{"op_code":7,"worker_id":"65621591-6ed3-46d5-85f6-3172b5f690ea-140737350539072","trial_id":144,"step":1,"intermediate_value":0.0}
{"op_code":8,"worker_id":"65621591-6ed3-46d5-85f6-3172b5f690ea-140737350539072","trial_id":144,"user_attr":{"train_loss_epoch_1":26192645.492934782}}
{"op_code":8,"worker_id":"65621591-6ed3-46d5-85f6-3172b5f690ea-140737350539072","trial_id":144,"user_attr":{"val_loss_epoch_1":20870050.0}}
{"op_code":7,"worker_id":"65621591-6ed3-46d5-85f6-3172b5f690ea-140737350539072","trial_id":144,"step":2,"intermediate_value":81.22270742358079}
{"op_code":8,"worker_id":"65621591-6ed3-46d5-85f6-3172b5f690ea-140737350539072","trial_id":144,"user_attr":{"train_loss_epoch_2":23753806.798913043}}
{"op_code":8,"worker_id":"65621591-6ed3-46d5-85f6-3172b5f690ea-140737350539072","trial_id":144,"user_attr":{"val_loss_epoch_2":14159481.5}}
{"op_code":7,"worker_id":"65621591-6ed3-46d5-85f6-3172b5f690ea-140737350539072","trial_id":144,"step":3,"intermediate_value":81.22270742358079}
{"op_code":8,"worker_id":"65621591-6ed3-46d5-85f6-3172b5f690ea-140737350539072","trial_id":144,"user_attr":{"train_loss_epoch_3":17497196.696467392}}
{"op_code":8,"worker_id":"65621591-6ed3-46d5-85f6-3172b5f690ea-140737350539072","trial_id":144,"user_attr":{"val_loss_epoch_3":6495224.75}}
{"op_code":7,"worker_id":"65621591-6ed3-46d5-85f6-3172b5f690ea-140737350539072","trial_id":144,"step":4,"intermediate_value":81.22270742358079}
{"op_code":8,"worker_id":"65621591-6ed3-46d5-85f6-3172b5f690ea-140737350539072","trial_id":144,"user_attr":{"train_loss_epoch_4":14779097.131182065}}
{"op_code":8,"worker_id":"65621591-6ed3-46d5-85f6-3172b5f690ea-140737350539072","trial_id":144,"user_attr":{"val_loss_epoch_4":11311908.0}}
{"op_code":7,"worker_id":"65621591-6ed3-46d5-85f6-3172b5f690ea-140737350539072","trial_id":144,"step":5,"intermediate_value":81.22270742358079}
{"op_code":8,"worker_id":"65621591-6ed3-46d5-85f6-3172b5f690ea-140737350539072","trial_id":144,"user_attr":{"train_loss_epoch_5":10931359.8375}}
{"op_code":8,"worker_id":"65621591-6ed3-46d5-85f6-3172b5f690ea-140737350539072","trial_id":144,"user_attr":{"val_loss_epoch_5":7394930.75}}
{"op_code":6,"worker_id":"65621591-6ed3-46d5-85f6-3172b5f690ea-140737350539072","trial_id":144,"state":1,"values":[81.22270742358079],"datetime_complete":"2026-02-22T04:27:53.234583"}
{"op_code":4,"worker_id":"65621591-6ed3-46d5-85f6-3172b5f690ea-140737350539072","study_id":0,"datetime_start":"2026-02-22T04:27:53.243809"}
{"op_code":5,"worker_id":"65621591-6ed3-46d5-85f6-3172b5f690ea-140737350539072","trial_id":145,"param_name":"learning_rate","param_value_internal":0.0037096027386092083,"distribution":"{\"name\": \"FloatDistribution\", \"attributes\": {\"step\": null, \"low\": 0.001, \"high\": 10.0, \"log\": true}}"}
{"op_code":5,"worker_id":"65621591-6ed3-46d5-85f6-3172b5f690ea-140737350539072","trial_id":145,"param_name":"transfer_lr","param_value_internal":0.2695377322321203,"distribution":"{\"name\": \"FloatDistribution\", \"attributes\": {\"step\": null, \"low\": 0.0001, \"high\": 100.0, \"log\": true}}"}
{"op_code":5,"worker_id":"65621591-6ed3-46d5-85f6-3172b5f690ea-140737350539072","trial_id":145,"param_name":"transfer_every","param_value_internal":32000.0,"distribution":"{\"name\": \"IntDistribution\", \"attributes\": {\"log\": true, \"step\": 1, \"low\": 64, \"high\": 32000}}"}
{"op_code":5,"worker_id":"65621591-6ed3-46d5-85f6-3172b5f690ea-140737350539072","trial_id":145,"param_name":"rank_exp","param_value_internal":5.0,"distribution":"{\"name\": \"IntDistribution\", \"attributes\": {\"log\": false, \"step\": 1, \"low\": 0, \"high\": 5}}"}
{"op_code":5,"worker_id":"65621591-6ed3-46d5-85f6-3172b5f690ea-140737350539072","trial_id":145,"param_name":"lora_alpha","param_value_internal":0.0001,"distribution":"{\"name\": \"FloatDistribution\", \"attributes\": {\"step\": null, \"low\": 0.0001, \"high\": 100.0, \"log\": true}}"}
{"op_code":5,"worker_id":"65621591-6ed3-46d5-85f6-3172b5f690ea-140737350539072","trial_id":145,"param_name":"tau_sec","param_value_internal":0.0,"distribution":"{\"name\": \"FloatDistribution\", \"attributes\": {\"step\": null, \"low\": 0.0, \"high\": 0.0, \"log\": false}}"}
{"op_code":5,"worker_id":"65621591-6ed3-46d5-85f6-3172b5f690ea-140737350539072","trial_id":145,"param_name":"out_noise","param_value_internal":0.0,"distribution":"{\"name\": \"FloatDistribution\", \"attributes\": {\"step\": null, \"low\": 0.0, \"high\": 0.0, \"log\": false}}"}
{"op_code":5,"worker_id":"65621591-6ed3-46d5-85f6-3172b5f690ea-140737350539072","trial_id":145,"param_name":"ab_weight_scaling_omega","param_value_internal":0.0,"distribution":"{\"name\": \"FloatDistribution\", \"attributes\": {\"step\": null, \"low\": 0.0, \"high\": 0.0, \"log\": false}}"}
{"op_code":5,"worker_id":"65621591-6ed3-46d5-85f6-3172b5f690ea-140737350539072","trial_id":145,"param_name":"min_lr_rate","param_value_internal":0.0,"distribution":"{\"name\": \"FloatDistribution\", \"attributes\": {\"step\": null, \"low\": 0.0, \"high\": 0.0, \"log\": false}}"}
{"op_code":7,"worker_id":"65621591-6ed3-46d5-85f6-3172b5f690ea-140737350539072","trial_id":145,"step":1,"intermediate_value":81.22270742358079}
{"op_code":8,"worker_id":"65621591-6ed3-46d5-85f6-3172b5f690ea-140737350539072","trial_id":145,"user_attr":{"train_loss_epoch_1":26702114.591304347}}
{"op_code":8,"worker_id":"65621591-6ed3-46d5-85f6-3172b5f690ea-140737350539072","trial_id":145,"user_attr":{"val_loss_epoch_1":32321013.0}}
{"op_code":7,"worker_id":"65621591-6ed3-46d5-85f6-3172b5f690ea-140737350539072","trial_id":145,"step":2,"intermediate_value":81.22270742358079}
{"op_code":8,"worker_id":"65621591-6ed3-46d5-85f6-3172b5f690ea-140737350539072","trial_id":145,"user_attr":{"train_loss_epoch_2":18250883.100543477}}
{"op_code":8,"worker_id":"65621591-6ed3-46d5-85f6-3172b5f690ea-140737350539072","trial_id":145,"user_attr":{"val_loss_epoch_2":2094175.5625}}
{"op_code":7,"worker_id":"65621591-6ed3-46d5-85f6-3172b5f690ea-140737350539072","trial_id":145,"step":3,"intermediate_value":81.22270742358079}
{"op_code":8,"worker_id":"65621591-6ed3-46d5-85f6-3172b5f690ea-140737350539072","trial_id":145,"user_attr":{"train_loss_epoch_3":11511928.649184782}}
{"op_code":8,"worker_id":"65621591-6ed3-46d5-85f6-3172b5f690ea-140737350539072","trial_id":145,"user_attr":{"val_loss_epoch_3":2321144.75}}
{"op_code":7,"worker_id":"65621591-6ed3-46d5-85f6-3172b5f690ea-140737350539072","trial_id":145,"step":4,"intermediate_value":81.22270742358079}
{"op_code":8,"worker_id":"65621591-6ed3-46d5-85f6-3172b5f690ea-140737350539072","trial_id":145,"user_attr":{"train_loss_epoch_4":3900881.636684783}}
{"op_code":8,"worker_id":"65621591-6ed3-46d5-85f6-3172b5f690ea-140737350539072","trial_id":145,"user_attr":{"val_loss_epoch_4":1405831.125}}
{"op_code":7,"worker_id":"65621591-6ed3-46d5-85f6-3172b5f690ea-140737350539072","trial_id":145,"step":5,"intermediate_value":81.22270742358079}
{"op_code":8,"worker_id":"65621591-6ed3-46d5-85f6-3172b5f690ea-140737350539072","trial_id":145,"user_attr":{"train_loss_epoch_5":256435.36986243207}}
{"op_code":8,"worker_id":"65621591-6ed3-46d5-85f6-3172b5f690ea-140737350539072","trial_id":145,"user_attr":{"val_loss_epoch_5":1906.0906372070312}}
{"op_code":7,"worker_id":"65621591-6ed3-46d5-85f6-3172b5f690ea-140737350539072","trial_id":145,"step":6,"intermediate_value":81.22270742358079}
{"op_code":8,"worker_id":"65621591-6ed3-46d5-85f6-3172b5f690ea-140737350539072","trial_id":145,"user_attr":{"train_loss_epoch_6":48746.80320991848}}
{"op_code":8,"worker_id":"65621591-6ed3-46d5-85f6-3172b5f690ea-140737350539072","trial_id":145,"user_attr":{"val_loss_epoch_6":7133.422607421875}}
{"op_code":7,"worker_id":"65621591-6ed3-46d5-85f6-3172b5f690ea-140737350539072","trial_id":145,"step":7,"intermediate_value":81.22270742358079}
{"op_code":8,"worker_id":"65621591-6ed3-46d5-85f6-3172b5f690ea-140737350539072","trial_id":145,"user_attr":{"train_loss_epoch_7":44796.97202360733}}
{"op_code":8,"worker_id":"65621591-6ed3-46d5-85f6-3172b5f690ea-140737350539072","trial_id":145,"user_attr":{"val_loss_epoch_7":17256.1142578125}}
{"op_code":6,"worker_id":"65621591-6ed3-46d5-85f6-3172b5f690ea-140737350539072","trial_id":145,"state":1,"values":[81.22270742358079],"datetime_complete":"2026-02-22T04:30:46.462621"}
{"op_code":4,"worker_id":"65621591-6ed3-46d5-85f6-3172b5f690ea-140737350539072","study_id":0,"datetime_start":"2026-02-22T04:30:46.472621"}
{"op_code":5,"worker_id":"65621591-6ed3-46d5-85f6-3172b5f690ea-140737350539072","trial_id":146,"param_name":"learning_rate","param_value_internal":0.0058692116690006995,"distribution":"{\"name\": \"FloatDistribution\", \"attributes\": {\"step\": null, \"low\": 0.001, \"high\": 10.0, \"log\": true}}"}
{"op_code":5,"worker_id":"65621591-6ed3-46d5-85f6-3172b5f690ea-140737350539072","trial_id":146,"param_name":"transfer_lr","param_value_internal":95.50058636738237,"distribution":"{\"name\": \"FloatDistribution\", \"attributes\": {\"step\": null, \"low\": 0.0001, \"high\": 100.0, \"log\": true}}"}
{"op_code":5,"worker_id":"65621591-6ed3-46d5-85f6-3172b5f690ea-140737350539072","trial_id":146,"param_name":"transfer_every","param_value_internal":198.0,"distribution":"{\"name\": \"IntDistribution\", \"attributes\": {\"log\": true, \"step\": 1, \"low\": 64, \"high\": 32000}}"}
{"op_code":5,"worker_id":"65621591-6ed3-46d5-85f6-3172b5f690ea-140737350539072","trial_id":146,"param_name":"rank_exp","param_value_internal":4.0,"distribution":"{\"name\": \"IntDistribution\", \"attributes\": {\"log\": false, \"step\": 1, \"low\": 0, \"high\": 5}}"}
{"op_code":5,"worker_id":"65621591-6ed3-46d5-85f6-3172b5f690ea-140737350539072","trial_id":146,"param_name":"lora_alpha","param_value_internal":0.0001,"distribution":"{\"name\": \"FloatDistribution\", \"attributes\": {\"step\": null, \"low\": 0.0001, \"high\": 100.0, \"log\": true}}"}
{"op_code":5,"worker_id":"65621591-6ed3-46d5-85f6-3172b5f690ea-140737350539072","trial_id":146,"param_name":"tau_sec","param_value_internal":0.0,"distribution":"{\"name\": \"FloatDistribution\", \"attributes\": {\"step\": null, \"low\": 0.0, \"high\": 0.0, \"log\": false}}"}
{"op_code":5,"worker_id":"65621591-6ed3-46d5-85f6-3172b5f690ea-140737350539072","trial_id":146,"param_name":"out_noise","param_value_internal":0.0,"distribution":"{\"name\": \"FloatDistribution\", \"attributes\": {\"step\": null, \"low\": 0.0, \"high\": 0.0, \"log\": false}}"}
{"op_code":5,"worker_id":"65621591-6ed3-46d5-85f6-3172b5f690ea-140737350539072","trial_id":146,"param_name":"ab_weight_scaling_omega","param_value_internal":0.0,"distribution":"{\"name\": \"FloatDistribution\", \"attributes\": {\"step\": null, \"low\": 0.0, \"high\": 0.0, \"log\": false}}"}
{"op_code":5,"worker_id":"65621591-6ed3-46d5-85f6-3172b5f690ea-140737350539072","trial_id":146,"param_name":"min_lr_rate","param_value_internal":0.0,"distribution":"{\"name\": \"FloatDistribution\", \"attributes\": {\"step\": null, \"low\": 0.0, \"high\": 0.0, \"log\": false}}"}
{"op_code":7,"worker_id":"65621591-6ed3-46d5-85f6-3172b5f690ea-140737350539072","trial_id":146,"step":1,"intermediate_value":81.22270742358079}
{"op_code":8,"worker_id":"65621591-6ed3-46d5-85f6-3172b5f690ea-140737350539072","trial_id":146,"user_attr":{"train_loss_epoch_1":23380984.57201087}}
{"op_code":8,"worker_id":"65621591-6ed3-46d5-85f6-3172b5f690ea-140737350539072","trial_id":146,"user_attr":{"val_loss_epoch_1":21888440.0}}
{"op_code":7,"worker_id":"65621591-6ed3-46d5-85f6-3172b5f690ea-140737350539072","trial_id":146,"step":2,"intermediate_value":81.22270742358079}
{"op_code":8,"worker_id":"65621591-6ed3-46d5-85f6-3172b5f690ea-140737350539072","trial_id":146,"user_attr":{"train_loss_epoch_2":13200748.286141304}}
{"op_code":8,"worker_id":"65621591-6ed3-46d5-85f6-3172b5f690ea-140737350539072","trial_id":146,"user_attr":{"val_loss_epoch_2":4424645.75}}
{"op_code":7,"worker_id":"65621591-6ed3-46d5-85f6-3172b5f690ea-140737350539072","trial_id":146,"step":3,"intermediate_value":81.22270742358079}
{"op_code":8,"worker_id":"65621591-6ed3-46d5-85f6-3172b5f690ea-140737350539072","trial_id":146,"user_attr":{"train_loss_epoch_3":2340056.160498047}}
{"op_code":8,"worker_id":"65621591-6ed3-46d5-85f6-3172b5f690ea-140737350539072","trial_id":146,"user_attr":{"val_loss_epoch_3":33117.96875}}
{"op_code":7,"worker_id":"65621591-6ed3-46d5-85f6-3172b5f690ea-140737350539072","trial_id":146,"step":4,"intermediate_value":81.22270742358079}
{"op_code":8,"worker_id":"65621591-6ed3-46d5-85f6-3172b5f690ea-140737350539072","trial_id":146,"user_attr":{"train_loss_epoch_4":98962.31944633152}}
{"op_code":8,"worker_id":"65621591-6ed3-46d5-85f6-3172b5f690ea-140737350539072","trial_id":146,"user_attr":{"val_loss_epoch_4":12654.11669921875}}
{"op_code":7,"worker_id":"65621591-6ed3-46d5-85f6-3172b5f690ea-140737350539072","trial_id":146,"step":5,"intermediate_value":81.22270742358079}
{"op_code":8,"worker_id":"65621591-6ed3-46d5-85f6-3172b5f690ea-140737350539072","trial_id":146,"user_attr":{"train_loss_epoch_5":90135.77570482338}}
{"op_code":8,"worker_id":"65621591-6ed3-46d5-85f6-3172b5f690ea-140737350539072","trial_id":146,"user_attr":{"val_loss_epoch_5":726.5084533691406}}
{"op_code":7,"worker_id":"65621591-6ed3-46d5-85f6-3172b5f690ea-140737350539072","trial_id":146,"step":6,"intermediate_value":81.22270742358079}
{"op_code":8,"worker_id":"65621591-6ed3-46d5-85f6-3172b5f690ea-140737350539072","trial_id":146,"user_attr":{"train_loss_epoch_6":79209.22901133662}}
{"op_code":8,"worker_id":"65621591-6ed3-46d5-85f6-3172b5f690ea-140737350539072","trial_id":146,"user_attr":{"val_loss_epoch_6":68770.72265625}}
{"op_code":7,"worker_id":"65621591-6ed3-46d5-85f6-3172b5f690ea-140737350539072","trial_id":146,"step":7,"intermediate_value":81.22270742358079}
{"op_code":8,"worker_id":"65621591-6ed3-46d5-85f6-3172b5f690ea-140737350539072","trial_id":146,"user_attr":{"train_loss_epoch_7":72733.42608483355}}
{"op_code":8,"worker_id":"65621591-6ed3-46d5-85f6-3172b5f690ea-140737350539072","trial_id":146,"user_attr":{"val_loss_epoch_7":14715.09423828125}}
{"op_code":6,"worker_id":"65621591-6ed3-46d5-85f6-3172b5f690ea-140737350539072","trial_id":146,"state":1,"values":[81.22270742358079],"datetime_complete":"2026-02-22T04:33:39.875141"}
{"op_code":4,"worker_id":"65621591-6ed3-46d5-85f6-3172b5f690ea-140737350539072","study_id":0,"datetime_start":"2026-02-22T04:33:39.885759"}
{"op_code":5,"worker_id":"65621591-6ed3-46d5-85f6-3172b5f690ea-140737350539072","trial_id":147,"param_name":"learning_rate","param_value_internal":0.0020845439868363274,"distribution":"{\"name\": \"FloatDistribution\", \"attributes\": {\"step\": null, \"low\": 0.001, \"high\": 10.0, \"log\": true}}"}
{"op_code":5,"worker_id":"65621591-6ed3-46d5-85f6-3172b5f690ea-140737350539072","trial_id":147,"param_name":"transfer_lr","param_value_internal":0.0056822294949434755,"distribution":"{\"name\": \"FloatDistribution\", \"attributes\": {\"step\": null, \"low\": 0.0001, \"high\": 100.0, \"log\": true}}"}
{"op_code":5,"worker_id":"65621591-6ed3-46d5-85f6-3172b5f690ea-140737350539072","trial_id":147,"param_name":"transfer_every","param_value_internal":1884.0,"distribution":"{\"name\": \"IntDistribution\", \"attributes\": {\"log\": true, \"step\": 1, \"low\": 64, \"high\": 32000}}"}
{"op_code":5,"worker_id":"65621591-6ed3-46d5-85f6-3172b5f690ea-140737350539072","trial_id":147,"param_name":"rank_exp","param_value_internal":2.0,"distribution":"{\"name\": \"IntDistribution\", \"attributes\": {\"log\": false, \"step\": 1, \"low\": 0, \"high\": 5}}"}
{"op_code":5,"worker_id":"65621591-6ed3-46d5-85f6-3172b5f690ea-140737350539072","trial_id":147,"param_name":"lora_alpha","param_value_internal":0.042805023748243326,"distribution":"{\"name\": \"FloatDistribution\", \"attributes\": {\"step\": null, \"low\": 0.0001, \"high\": 100.0, \"log\": true}}"}
{"op_code":5,"worker_id":"65621591-6ed3-46d5-85f6-3172b5f690ea-140737350539072","trial_id":147,"param_name":"tau_sec","param_value_internal":0.0,"distribution":"{\"name\": \"FloatDistribution\", \"attributes\": {\"step\": null, \"low\": 0.0, \"high\": 0.0, \"log\": false}}"}
{"op_code":5,"worker_id":"65621591-6ed3-46d5-85f6-3172b5f690ea-140737350539072","trial_id":147,"param_name":"out_noise","param_value_internal":0.0,"distribution":"{\"name\": \"FloatDistribution\", \"attributes\": {\"step\": null, \"low\": 0.0, \"high\": 0.0, \"log\": false}}"}
{"op_code":5,"worker_id":"65621591-6ed3-46d5-85f6-3172b5f690ea-140737350539072","trial_id":147,"param_name":"ab_weight_scaling_omega","param_value_internal":0.0,"distribution":"{\"name\": \"FloatDistribution\", \"attributes\": {\"step\": null, \"low\": 0.0, \"high\": 0.0, \"log\": false}}"}
{"op_code":5,"worker_id":"65621591-6ed3-46d5-85f6-3172b5f690ea-140737350539072","trial_id":147,"param_name":"min_lr_rate","param_value_internal":0.0,"distribution":"{\"name\": \"FloatDistribution\", \"attributes\": {\"step\": null, \"low\": 0.0, \"high\": 0.0, \"log\": false}}"}
{"op_code":7,"worker_id":"65621591-6ed3-46d5-85f6-3172b5f690ea-140737350539072","trial_id":147,"step":1,"intermediate_value":0.0}
{"op_code":8,"worker_id":"65621591-6ed3-46d5-85f6-3172b5f690ea-140737350539072","trial_id":147,"user_attr":{"train_loss_epoch_1":26700199.713586956}}
{"op_code":8,"worker_id":"65621591-6ed3-46d5-85f6-3172b5f690ea-140737350539072","trial_id":147,"user_attr":{"val_loss_epoch_1":28600966.0}}
{"op_code":7,"worker_id":"65621591-6ed3-46d5-85f6-3172b5f690ea-140737350539072","trial_id":147,"step":2,"intermediate_value":0.0}
{"op_code":8,"worker_id":"65621591-6ed3-46d5-85f6-3172b5f690ea-140737350539072","trial_id":147,"user_attr":{"train_loss_epoch_2":22625404.99802989}}
{"op_code":8,"worker_id":"65621591-6ed3-46d5-85f6-3172b5f690ea-140737350539072","trial_id":147,"user_attr":{"val_loss_epoch_2":9661558.0}}
{"op_code":7,"worker_id":"65621591-6ed3-46d5-85f6-3172b5f690ea-140737350539072","trial_id":147,"step":3,"intermediate_value":0.0}
{"op_code":8,"worker_id":"65621591-6ed3-46d5-85f6-3172b5f690ea-140737350539072","trial_id":147,"user_attr":{"train_loss_epoch_3":18432233.92228261}}
{"op_code":8,"worker_id":"65621591-6ed3-46d5-85f6-3172b5f690ea-140737350539072","trial_id":147,"user_attr":{"val_loss_epoch_3":2764065.375}}
{"op_code":7,"worker_id":"65621591-6ed3-46d5-85f6-3172b5f690ea-140737350539072","trial_id":147,"step":4,"intermediate_value":81.22270742358079}
{"op_code":8,"worker_id":"65621591-6ed3-46d5-85f6-3172b5f690ea-140737350539072","trial_id":147,"user_attr":{"train_loss_epoch_4":13535146.845652174}}
{"op_code":8,"worker_id":"65621591-6ed3-46d5-85f6-3172b5f690ea-140737350539072","trial_id":147,"user_attr":{"val_loss_epoch_4":8621753.0}}
{"op_code":7,"worker_id":"65621591-6ed3-46d5-85f6-3172b5f690ea-140737350539072","trial_id":147,"step":5,"intermediate_value":81.22270742358079}
{"op_code":8,"worker_id":"65621591-6ed3-46d5-85f6-3172b5f690ea-140737350539072","trial_id":147,"user_attr":{"train_loss_epoch_5":10477730.10455163}}
{"op_code":8,"worker_id":"65621591-6ed3-46d5-85f6-3172b5f690ea-140737350539072","trial_id":147,"user_attr":{"val_loss_epoch_5":9457285.5}}
{"op_code":6,"worker_id":"65621591-6ed3-46d5-85f6-3172b5f690ea-140737350539072","trial_id":147,"state":1,"values":[81.22270742358079],"datetime_complete":"2026-02-22T04:35:56.863744"}
{"op_code":4,"worker_id":"65621591-6ed3-46d5-85f6-3172b5f690ea-140737350539072","study_id":0,"datetime_start":"2026-02-22T04:35:56.873868"}
{"op_code":5,"worker_id":"65621591-6ed3-46d5-85f6-3172b5f690ea-140737350539072","trial_id":148,"param_name":"learning_rate","param_value_internal":0.0020394342846330317,"distribution":"{\"name\": \"FloatDistribution\", \"attributes\": {\"step\": null, \"low\": 0.001, \"high\": 10.0, \"log\": true}}"}
{"op_code":5,"worker_id":"65621591-6ed3-46d5-85f6-3172b5f690ea-140737350539072","trial_id":148,"param_name":"transfer_lr","param_value_internal":0.011669145760624253,"distribution":"{\"name\": \"FloatDistribution\", \"attributes\": {\"step\": null, \"low\": 0.0001, \"high\": 100.0, \"log\": true}}"}
{"op_code":5,"worker_id":"65621591-6ed3-46d5-85f6-3172b5f690ea-140737350539072","trial_id":148,"param_name":"transfer_every","param_value_internal":64.0,"distribution":"{\"name\": \"IntDistribution\", \"attributes\": {\"log\": true, \"step\": 1, \"low\": 64, \"high\": 32000}}"}
{"op_code":5,"worker_id":"65621591-6ed3-46d5-85f6-3172b5f690ea-140737350539072","trial_id":148,"param_name":"rank_exp","param_value_internal":0.0,"distribution":"{\"name\": \"IntDistribution\", \"attributes\": {\"log\": false, \"step\": 1, \"low\": 0, \"high\": 5}}"}
{"op_code":5,"worker_id":"65621591-6ed3-46d5-85f6-3172b5f690ea-140737350539072","trial_id":148,"param_name":"lora_alpha","param_value_internal":0.0001,"distribution":"{\"name\": \"FloatDistribution\", \"attributes\": {\"step\": null, \"low\": 0.0001, \"high\": 100.0, \"log\": true}}"}
{"op_code":5,"worker_id":"65621591-6ed3-46d5-85f6-3172b5f690ea-140737350539072","trial_id":148,"param_name":"tau_sec","param_value_internal":0.0,"distribution":"{\"name\": \"FloatDistribution\", \"attributes\": {\"step\": null, \"low\": 0.0, \"high\": 0.0, \"log\": false}}"}
{"op_code":5,"worker_id":"65621591-6ed3-46d5-85f6-3172b5f690ea-140737350539072","trial_id":148,"param_name":"out_noise","param_value_internal":0.0,"distribution":"{\"name\": \"FloatDistribution\", \"attributes\": {\"step\": null, \"low\": 0.0, \"high\": 0.0, \"log\": false}}"}
{"op_code":5,"worker_id":"65621591-6ed3-46d5-85f6-3172b5f690ea-140737350539072","trial_id":148,"param_name":"ab_weight_scaling_omega","param_value_internal":0.0,"distribution":"{\"name\": \"FloatDistribution\", \"attributes\": {\"step\": null, \"low\": 0.0, \"high\": 0.0, \"log\": false}}"}
{"op_code":5,"worker_id":"65621591-6ed3-46d5-85f6-3172b5f690ea-140737350539072","trial_id":148,"param_name":"min_lr_rate","param_value_internal":0.0,"distribution":"{\"name\": \"FloatDistribution\", \"attributes\": {\"step\": null, \"low\": 0.0, \"high\": 0.0, \"log\": false}}"}
{"op_code":7,"worker_id":"65621591-6ed3-46d5-85f6-3172b5f690ea-140737350539072","trial_id":148,"step":1,"intermediate_value":81.22270742358079}
{"op_code":8,"worker_id":"65621591-6ed3-46d5-85f6-3172b5f690ea-140737350539072","trial_id":148,"user_attr":{"train_loss_epoch_1":27591193.24076087}}
{"op_code":8,"worker_id":"65621591-6ed3-46d5-85f6-3172b5f690ea-140737350539072","trial_id":148,"user_attr":{"val_loss_epoch_1":14900411.5}}
{"op_code":7,"worker_id":"65621591-6ed3-46d5-85f6-3172b5f690ea-140737350539072","trial_id":148,"step":2,"intermediate_value":81.22270742358079}
{"op_code":8,"worker_id":"65621591-6ed3-46d5-85f6-3172b5f690ea-140737350539072","trial_id":148,"user_attr":{"train_loss_epoch_2":21440241.878532607}}
{"op_code":8,"worker_id":"65621591-6ed3-46d5-85f6-3172b5f690ea-140737350539072","trial_id":148,"user_attr":{"val_loss_epoch_2":25619626.0}}
{"op_code":7,"worker_id":"65621591-6ed3-46d5-85f6-3172b5f690ea-140737350539072","trial_id":148,"step":3,"intermediate_value":81.22270742358079}
{"op_code":8,"worker_id":"65621591-6ed3-46d5-85f6-3172b5f690ea-140737350539072","trial_id":148,"user_attr":{"train_loss_epoch_3":18307503.146195654}}
{"op_code":8,"worker_id":"65621591-6ed3-46d5-85f6-3172b5f690ea-140737350539072","trial_id":148,"user_attr":{"val_loss_epoch_3":1372888.375}}
{"op_code":7,"worker_id":"65621591-6ed3-46d5-85f6-3172b5f690ea-140737350539072","trial_id":148,"step":4,"intermediate_value":81.22270742358079}
{"op_code":8,"worker_id":"65621591-6ed3-46d5-85f6-3172b5f690ea-140737350539072","trial_id":148,"user_attr":{"train_loss_epoch_4":15475033.3875}}
{"op_code":8,"worker_id":"65621591-6ed3-46d5-85f6-3172b5f690ea-140737350539072","trial_id":148,"user_attr":{"val_loss_epoch_4":12644949.0}}
{"op_code":7,"worker_id":"65621591-6ed3-46d5-85f6-3172b5f690ea-140737350539072","trial_id":148,"step":5,"intermediate_value":81.22270742358079}
{"op_code":8,"worker_id":"65621591-6ed3-46d5-85f6-3172b5f690ea-140737350539072","trial_id":148,"user_attr":{"train_loss_epoch_5":11193683.851222826}}
{"op_code":8,"worker_id":"65621591-6ed3-46d5-85f6-3172b5f690ea-140737350539072","trial_id":148,"user_attr":{"val_loss_epoch_5":6034911.0}}
{"op_code":6,"worker_id":"65621591-6ed3-46d5-85f6-3172b5f690ea-140737350539072","trial_id":148,"state":1,"values":[81.22270742358079],"datetime_complete":"2026-02-22T04:38:12.967204"}
{"op_code":4,"worker_id":"65621591-6ed3-46d5-85f6-3172b5f690ea-140737350539072","study_id":0,"datetime_start":"2026-02-22T04:38:12.975669"}
{"op_code":5,"worker_id":"65621591-6ed3-46d5-85f6-3172b5f690ea-140737350539072","trial_id":149,"param_name":"learning_rate","param_value_internal":0.005993041735696341,"distribution":"{\"name\": \"FloatDistribution\", \"attributes\": {\"step\": null, \"low\": 0.001, \"high\": 10.0, \"log\": true}}"}
{"op_code":5,"worker_id":"65621591-6ed3-46d5-85f6-3172b5f690ea-140737350539072","trial_id":149,"param_name":"transfer_lr","param_value_internal":95.50058636738237,"distribution":"{\"name\": \"FloatDistribution\", \"attributes\": {\"step\": null, \"low\": 0.0001, \"high\": 100.0, \"log\": true}}"}
{"op_code":5,"worker_id":"65621591-6ed3-46d5-85f6-3172b5f690ea-140737350539072","trial_id":149,"param_name":"transfer_every","param_value_internal":270.0,"distribution":"{\"name\": \"IntDistribution\", \"attributes\": {\"log\": true, \"step\": 1, \"low\": 64, \"high\": 32000}}"}
{"op_code":5,"worker_id":"65621591-6ed3-46d5-85f6-3172b5f690ea-140737350539072","trial_id":149,"param_name":"rank_exp","param_value_internal":4.0,"distribution":"{\"name\": \"IntDistribution\", \"attributes\": {\"log\": false, \"step\": 1, \"low\": 0, \"high\": 5}}"}
{"op_code":5,"worker_id":"65621591-6ed3-46d5-85f6-3172b5f690ea-140737350539072","trial_id":149,"param_name":"lora_alpha","param_value_internal":0.0001,"distribution":"{\"name\": \"FloatDistribution\", \"attributes\": {\"step\": null, \"low\": 0.0001, \"high\": 100.0, \"log\": true}}"}
{"op_code":5,"worker_id":"65621591-6ed3-46d5-85f6-3172b5f690ea-140737350539072","trial_id":149,"param_name":"tau_sec","param_value_internal":0.0,"distribution":"{\"name\": \"FloatDistribution\", \"attributes\": {\"step\": null, \"low\": 0.0, \"high\": 0.0, \"log\": false}}"}
{"op_code":5,"worker_id":"65621591-6ed3-46d5-85f6-3172b5f690ea-140737350539072","trial_id":149,"param_name":"out_noise","param_value_internal":0.0,"distribution":"{\"name\": \"FloatDistribution\", \"attributes\": {\"step\": null, \"low\": 0.0, \"high\": 0.0, \"log\": false}}"}
{"op_code":5,"worker_id":"65621591-6ed3-46d5-85f6-3172b5f690ea-140737350539072","trial_id":149,"param_name":"ab_weight_scaling_omega","param_value_internal":0.0,"distribution":"{\"name\": \"FloatDistribution\", \"attributes\": {\"step\": null, \"low\": 0.0, \"high\": 0.0, \"log\": false}}"}
{"op_code":5,"worker_id":"65621591-6ed3-46d5-85f6-3172b5f690ea-140737350539072","trial_id":149,"param_name":"min_lr_rate","param_value_internal":0.0,"distribution":"{\"name\": \"FloatDistribution\", \"attributes\": {\"step\": null, \"low\": 0.0, \"high\": 0.0, \"log\": false}}"}
{"op_code":7,"worker_id":"65621591-6ed3-46d5-85f6-3172b5f690ea-140737350539072","trial_id":149,"step":1,"intermediate_value":81.22270742358079}
{"op_code":8,"worker_id":"65621591-6ed3-46d5-85f6-3172b5f690ea-140737350539072","trial_id":149,"user_attr":{"train_loss_epoch_1":23980088.383016303}}
{"op_code":8,"worker_id":"65621591-6ed3-46d5-85f6-3172b5f690ea-140737350539072","trial_id":149,"user_attr":{"val_loss_epoch_1":18047340.0}}
{"op_code":7,"worker_id":"65621591-6ed3-46d5-85f6-3172b5f690ea-140737350539072","trial_id":149,"step":2,"intermediate_value":81.22270742358079}
{"op_code":8,"worker_id":"65621591-6ed3-46d5-85f6-3172b5f690ea-140737350539072","trial_id":149,"user_attr":{"train_loss_epoch_2":12971183.212737773}}
{"op_code":8,"worker_id":"65621591-6ed3-46d5-85f6-3172b5f690ea-140737350539072","trial_id":149,"user_attr":{"val_loss_epoch_2":7221177.0}}
{"op_code":7,"worker_id":"65621591-6ed3-46d5-85f6-3172b5f690ea-140737350539072","trial_id":149,"step":3,"intermediate_value":81.22270742358079}
{"op_code":8,"worker_id":"65621591-6ed3-46d5-85f6-3172b5f690ea-140737350539072","trial_id":149,"user_attr":{"train_loss_epoch_3":2146636.5772779384}}
{"op_code":8,"worker_id":"65621591-6ed3-46d5-85f6-3172b5f690ea-140737350539072","trial_id":149,"user_attr":{"val_loss_epoch_3":56163.611328125}}
{"op_code":7,"worker_id":"65621591-6ed3-46d5-85f6-3172b5f690ea-140737350539072","trial_id":149,"step":4,"intermediate_value":81.22270742358079}
{"op_code":8,"worker_id":"65621591-6ed3-46d5-85f6-3172b5f690ea-140737350539072","trial_id":149,"user_attr":{"train_loss_epoch_4":105780.93792485776}}
{"op_code":8,"worker_id":"65621591-6ed3-46d5-85f6-3172b5f690ea-140737350539072","trial_id":149,"user_attr":{"val_loss_epoch_4":107134.65625}}
{"op_code":7,"worker_id":"65621591-6ed3-46d5-85f6-3172b5f690ea-140737350539072","trial_id":149,"step":5,"intermediate_value":81.22270742358079}
{"op_code":8,"worker_id":"65621591-6ed3-46d5-85f6-3172b5f690ea-140737350539072","trial_id":149,"user_attr":{"train_loss_epoch_5":84889.81595087466}}
{"op_code":8,"worker_id":"65621591-6ed3-46d5-85f6-3172b5f690ea-140737350539072","trial_id":149,"user_attr":{"val_loss_epoch_5":33752.35546875}}
{"op_code":7,"worker_id":"65621591-6ed3-46d5-85f6-3172b5f690ea-140737350539072","trial_id":149,"step":6,"intermediate_value":81.22270742358079}
{"op_code":8,"worker_id":"65621591-6ed3-46d5-85f6-3172b5f690ea-140737350539072","trial_id":149,"user_attr":{"train_loss_epoch_6":85860.08564877717}}
{"op_code":8,"worker_id":"65621591-6ed3-46d5-85f6-3172b5f690ea-140737350539072","trial_id":149,"user_attr":{"val_loss_epoch_6":65797.5}}
{"op_code":7,"worker_id":"65621591-6ed3-46d5-85f6-3172b5f690ea-140737350539072","trial_id":149,"step":7,"intermediate_value":81.22270742358079}
{"op_code":8,"worker_id":"65621591-6ed3-46d5-85f6-3172b5f690ea-140737350539072","trial_id":149,"user_attr":{"train_loss_epoch_7":69669.2545261549}}
{"op_code":8,"worker_id":"65621591-6ed3-46d5-85f6-3172b5f690ea-140737350539072","trial_id":149,"user_attr":{"val_loss_epoch_7":24180.666015625}}
{"op_code":7,"worker_id":"65621591-6ed3-46d5-85f6-3172b5f690ea-140737350539072","trial_id":149,"step":8,"intermediate_value":81.22270742358079}
{"op_code":8,"worker_id":"65621591-6ed3-46d5-85f6-3172b5f690ea-140737350539072","trial_id":149,"user_attr":{"train_loss_epoch_8":60768.53563285496}}
{"op_code":8,"worker_id":"65621591-6ed3-46d5-85f6-3172b5f690ea-140737350539072","trial_id":149,"user_attr":{"val_loss_epoch_8":27235.9013671875}}
{"op_code":7,"worker_id":"65621591-6ed3-46d5-85f6-3172b5f690ea-140737350539072","trial_id":149,"step":9,"intermediate_value":81.22270742358079}
{"op_code":8,"worker_id":"65621591-6ed3-46d5-85f6-3172b5f690ea-140737350539072","trial_id":149,"user_attr":{"train_loss_epoch_9":52582.42372622283}}
{"op_code":8,"worker_id":"65621591-6ed3-46d5-85f6-3172b5f690ea-140737350539072","trial_id":149,"user_attr":{"val_loss_epoch_9":15013.2841796875}}
{"op_code":7,"worker_id":"65621591-6ed3-46d5-85f6-3172b5f690ea-140737350539072","trial_id":149,"step":10,"intermediate_value":81.22270742358079}
{"op_code":8,"worker_id":"65621591-6ed3-46d5-85f6-3172b5f690ea-140737350539072","trial_id":149,"user_attr":{"train_loss_epoch_10":42172.799095618204}}
{"op_code":8,"worker_id":"65621591-6ed3-46d5-85f6-3172b5f690ea-140737350539072","trial_id":149,"user_attr":{"val_loss_epoch_10":27742.97265625}}
{"op_code":7,"worker_id":"65621591-6ed3-46d5-85f6-3172b5f690ea-140737350539072","trial_id":149,"step":11,"intermediate_value":81.22270742358079}
{"op_code":8,"worker_id":"65621591-6ed3-46d5-85f6-3172b5f690ea-140737350539072","trial_id":149,"user_attr":{"train_loss_epoch_11":33508.59466711956}}
{"op_code":8,"worker_id":"65621591-6ed3-46d5-85f6-3172b5f690ea-140737350539072","trial_id":149,"user_attr":{"val_loss_epoch_11":4829.872314453125}}
{"op_code":7,"worker_id":"65621591-6ed3-46d5-85f6-3172b5f690ea-140737350539072","trial_id":149,"step":12,"intermediate_value":81.22270742358079}
{"op_code":8,"worker_id":"65621591-6ed3-46d5-85f6-3172b5f690ea-140737350539072","trial_id":149,"user_attr":{"train_loss_epoch_12":24663.06348930027}}
{"op_code":8,"worker_id":"65621591-6ed3-46d5-85f6-3172b5f690ea-140737350539072","trial_id":149,"user_attr":{"val_loss_epoch_12":5926.32958984375}}
{"op_code":7,"worker_id":"65621591-6ed3-46d5-85f6-3172b5f690ea-140737350539072","trial_id":149,"step":13,"intermediate_value":81.22270742358079}
{"op_code":8,"worker_id":"65621591-6ed3-46d5-85f6-3172b5f690ea-140737350539072","trial_id":149,"user_attr":{"train_loss_epoch_13":14431.274683811354}}
{"op_code":8,"worker_id":"65621591-6ed3-46d5-85f6-3172b5f690ea-140737350539072","trial_id":149,"user_attr":{"val_loss_epoch_13":13905.951171875}}
{"op_code":6,"worker_id":"65621591-6ed3-46d5-85f6-3172b5f690ea-140737350539072","trial_id":149,"state":1,"values":[81.22270742358079],"datetime_complete":"2026-02-22T04:42:55.863896"}
