figure_id,run_tag,layer_name,layer_idx,sublayer,variant,dac_bits,adc_bits,inp_bound,inp_res,res_ratio,step_size,nm_thres,sto_round,EZR,QZR_all,QZR_nonzero,ODR,cosine_sim,l2_retention,rel_l2_error,clip_rate_scaled,ratio_q50,ratio_q90,ratio_q99,p_clip,absmax_q50,absmax_q90,absmax_q99,absmax_q999,EZR_pad,QZR_all_pad,task,seed
B,glue_v1,bert.encoder.layer.0.intermediate.dense,0,FFN1,sweep,4,4,1.0,0.07142857142857142,0.07142857142857142,0.14285714285714285,0.0,False,0.3620026308298111,0.8425805693864823,0.7533001261949539,715730.63140625,0.9452720803022384,1.0329793870449067,0.3321338912844658,0.0,0.006045401168521493,0.10282910376787185,0.34908304154872893,8.249357279055403e-07,0.0297485938295722,0.11386927954852581,0.32825885437428953,0.5081141328811646,0.5816266286373138,0.896743546128273,cola,44
B,glue_v1,bert.encoder.layer.0.output.dense,0,FFN2,sweep,4,4,1.0,0.07142857142857142,0.07142857142857142,0.14285714285714285,0.0,False,0.10004814691841603,0.2991274121403694,0.22120973840355873,6.6388229608535765,0.9887688660621643,1.0114257335662842,0.14952416896820067,0.0,0.1538747575879097,0.4529623007774353,0.7675401097536088,0.0,0.02268382700625807,0.08048354540020228,0.19425404138863087,0.2627594131976366,0.4101486112177372,0.5406032440066337,cola,44
B,glue_v1,bert.encoder.layer.0.attention.self.key,0,K,sweep,4,4,1.0,0.07142857142857142,0.07142857142857142,0.14285714285714285,0.0,False,0.0,0.6578910839557648,0.6578910839557648,28.975915813446044,0.9619497162103653,1.0238388586044311,0.27592471390962603,0.0,0.04178384628146887,0.2021691843867302,0.5819090878963471,2.504006552044302e-06,0.034141599973663686,0.11407714311033487,0.2541672182828188,0.3392866653949022,0.34457710072398184,0.7757224786281586,cola,44
B,glue_v1,bert.encoder.layer.0.attention.output.dense,0,O,sweep,4,4,1.0,0.07142857142857142,0.07142857142857142,0.14285714285714285,0.0,False,0.09983933694660664,0.29402758747339247,0.21572573602199555,6.495203590393066,0.988559450507164,1.0116745126247406,0.1509151928126812,0.0,0.15595055639743804,0.4470090234279633,0.7590524464845657,6.237191504624207e-05,0.043934182496741414,0.1769676549732685,0.5085706451535225,0.7642620122432708,0.4100204873085022,0.5372410491108894,cola,44
B,glue_v1,bert.encoder.layer.0.attention.self.query,0,Q,sweep,4,4,1.0,0.07142857142857142,0.07142857142857142,0.14285714285714285,0.0,False,8.865247946232557e-06,0.5037431460618973,0.503738728761673,15.216009883880615,0.9678920084238052,1.027031718492508,0.2522908143699169,0.0,0.07069861583411693,0.2663285614550114,0.6193217998743057,1.9426338167249925e-06,0.0148736314708367,0.0720442684739828,0.23655479848384858,0.3899273426830769,0.3445825831592083,0.6750140398740768,cola,44
B,glue_v1,bert.encoder.layer.0.attention.self.value,0,V,sweep,4,4,1.0,0.07142857142857142,0.07142857142857142,0.14285714285714285,0.0,False,0.000784640509809833,0.5567424190044403,0.5563927662372589,19.700668296813966,0.967028734087944,1.0250121986865997,0.25541586518287657,0.0,0.059493238776922225,0.2529525004327297,0.6205741024017334,2.5826720921031666e-05,0.07697271112352609,0.26289223320782185,0.6184112665057182,0.8191765259206295,0.3450897811353207,0.709697767496109,cola,44
B,glue_v1,bert.encoder.layer.1.intermediate.dense,1,FFN1,sweep,4,4,1.0,0.07142857142857142,0.07142857142857142,0.14285714285714285,0.0,False,0.39157493621110917,0.852001616358757,0.7567799866199494,1000254.6965625,0.9540296506881714,1.0297117042541504,0.3022486236691475,0.0,0.002959893363295123,0.10516430802643299,0.3778931230306625,1.2696596672867598e-06,0.021107298443093895,0.08511650456115603,0.31032359749078753,0.5496592485904693,0.60101443618536,0.9028668642044068,cola,44
B,glue_v1,bert.encoder.layer.1.output.dense,1,FFN2,sweep,4,4,1.0,0.07142857142857142,0.07142857142857142,0.14285714285714285,0.0,False,0.09990480072796344,0.300896033346653,0.22329886958003045,6.758483548164367,0.9878805041313171,1.0119630241394042,0.15260253980755806,0.0,0.1538905993103981,0.45263293355703355,0.764589746594429,0.0,0.014706756342202426,0.05176768375560641,0.1488656948879361,0.22457076840102672,0.4100571343302727,0.5417692318558693,cola,44
B,glue_v1,bert.encoder.layer.1.attention.self.key,1,K,sweep,4,4,1.0,0.07142857142857142,0.07142857142857142,0.14285714285714285,0.0,False,0.0,0.741556282043457,0.741556282043457,40.135442123413085,0.9553114956617356,1.0232992219924926,0.2992241632938385,0.0,0.029487305581569673,0.15502984464168548,0.5331527796387673,0.0,0.01929646751843393,0.06439073126763105,0.1372976365685463,0.18396421249955894,0.34457710072398184,0.8308377516269684,cola,44
B,glue_v1,bert.encoder.layer.1.attention.output.dense,1,O,sweep,4,4,1.0,0.07142857142857142,0.07142857142857142,0.14285714285714285,0.0,False,0.09981489419937134,0.29802497774362563,0.2201872083544731,6.645328269004822,0.9880431920289994,1.0121277213096618,0.15332867696881294,0.0,0.15363979071378708,0.44422740668058397,0.7572464007139206,1.638235659811471e-05,0.02767382758669555,0.12501863606274127,0.40595831722021103,0.6555736589431763,0.40999323591589926,0.5399262550473213,cola,44
B,glue_v1,bert.encoder.layer.1.attention.self.query,1,Q,sweep,4,4,1.0,0.07142857142857142,0.07142857142857142,0.14285714285714285,0.0,False,3.113119952104171e-05,0.5996574431657791,0.599645603299141,21.838824882507325,0.9648041361570359,1.0257207870483398,0.26403467372059825,0.0,0.050996522456407546,0.2327464760839939,0.6000849145650864,0.0,0.00825364687712863,0.03767195632681251,0.12244207043200732,0.18641738794744014,0.3445958037674427,0.7377371299266815,cola,44
B,glue_v1,bert.encoder.layer.1.attention.self.value,1,V,sweep,4,4,1.0,0.07142857142857142,0.07142857142857142,0.14285714285714285,0.0,False,0.0012493574863765389,0.6022604882717133,0.6017618119716645,22.637801322937012,0.9661087369918824,1.0240609574317932,0.25876438736915586,0.0,0.050026919059455395,0.2388105171918869,0.6061147916316986,9.035113844220178e-06,0.038987024202942845,0.16209858372807504,0.4652286633849144,0.7456175628304481,0.345408283919096,0.7394398838281632,cola,44
B,glue_v1,bert.encoder.layer.2.intermediate.dense,2,FFN1,sweep,4,4,1.0,0.07142857142857142,0.07142857142857142,0.14285714285714285,0.0,False,0.4451638141274452,0.8277536195516586,0.6894788873195649,974917.5846875,0.9550312745571137,1.034540021419525,0.29823684453964233,0.0,0.0017006305875588623,0.12139924667775631,0.3871651545166969,4.6557275709346866e-07,0.011427623019553721,0.054362123496830464,0.22507000729441642,0.3886787944287062,0.6361645448207855,0.8870290672779083,cola,44
B,glue_v1,bert.encoder.layer.2.output.dense,2,FFN2,sweep,4,4,1.0,0.07142857142857142,0.07142857142857142,0.14285714285714285,0.0,False,0.10000403754413129,0.42105275601148606,0.3567257648706436,12.106459321975708,0.9778689008951187,1.0165979719161988,0.19235082551836968,0.0,0.10092790141701698,0.41270076364278796,0.7417114824056625,1.3152356586942915e-07,0.00906143147032708,0.03489863252267242,0.1342267608642578,0.23293001890182496,0.41012676909565926,0.6205296501517296,cola,44
B,glue_v1,bert.encoder.layer.2.attention.self.key,2,K,sweep,4,4,1.0,0.07142857142857142,0.07142857142857142,0.14285714285714285,0.0,False,0.0,0.760677062869072,0.760677062869072,45.99528007507324,0.9507950931787491,1.0239084029197694,0.3129027861356735,0.0,0.026210487503558397,0.14491397581994533,0.4933644822239876,0.0,0.01097642919048667,0.03508436257019639,0.07521387685090303,0.0963005356490612,0.34457710072398184,0.8430806696414948,cola,44
B,glue_v1,bert.encoder.layer.2.attention.output.dense,2,O,sweep,4,4,1.0,0.07142857142857142,0.07142857142857142,0.14285714285714285,0.0,False,0.10000018298625946,0.3291365343332291,0.25459371343255044,8.070735411643982,0.9838987976312638,1.014756052494049,0.16967205807566643,0.0,0.13834370136260987,0.42718300223350525,0.7451791715621948,4.141920144320466e-06,0.01676757702138275,0.08693078687414527,0.3638770618289709,0.6044325774908066,0.41009791880846025,0.5602416431903839,cola,44
B,glue_v1,bert.encoder.layer.2.attention.self.query,2,Q,sweep,4,4,1.0,0.07142857142857142,0.07142857142857142,0.14285714285714285,0.0,False,0.0016490883353071696,0.6327764719724656,0.6321605920791626,770.0183814239502,0.9654760849475861,1.0239619576931,0.26192821890115736,0.0,0.044376380778849124,0.2230147859454155,0.6010939818620682,0.0,0.003886871470604092,0.02116787612438202,0.07857979584485292,0.13655508887022733,0.34563151374459267,0.7594486570358276,cola,44
B,glue_v1,bert.encoder.layer.2.attention.self.value,2,V,sweep,4,4,1.0,0.07142857142857142,0.07142857142857142,0.14285714285714285,0.0,False,0.0002355500926478271,0.5696424269676208,0.5695408093929291,22.52420593261719,0.9730139815807343,1.0208854949474335,0.23132626473903656,0.0,0.05482672214508057,0.27079887837171557,0.6424053025245666,1.430860811524326e-07,0.026760559445247054,0.09398535788059234,0.22367778725922108,0.32467863857746126,0.34473242715001107,0.7176107150316239,cola,44
B,glue_v1,bert.encoder.layer.3.intermediate.dense,3,FFN1,sweep,4,4,1.0,0.07142857142857142,0.07142857142857142,0.14285714285714285,0.0,False,0.4835854142904282,0.8586747848987579,0.7262830251455307,314686.3416796875,0.9360698598623276,1.0234167277812958,0.3384507757425308,0.0,6.950335996421894e-05,0.10373819537460804,0.3640821087360382,0.0,0.0016391897399444133,0.026827386929653585,0.20583685845136643,0.360716381072998,0.6615549504756928,0.9074196285009384,cola,44
B,glue_v1,bert.encoder.layer.3.output.dense,3,FFN2,sweep,4,4,1.0,0.07142857142857142,0.07142857142857142,0.14285714285714285,0.0,False,0.10018650092184543,0.4211045640707016,0.35664609163999555,13.993257865905761,0.9619879108667374,1.0204766297340393,0.24060589894652368,0.0,0.09846487917006015,0.3841636648774147,0.7086063212156296,0.0,0.001538624603417702,0.01125753573141992,0.06868672838434577,0.10603993177413941,0.4102350807189941,0.6204001346230507,cola,44
B,glue_v1,bert.encoder.layer.3.attention.self.key,3,K,sweep,4,4,1.0,0.07142857142857142,0.07142857142857142,0.14285714285714285,0.0,False,0.0,0.9118158906698227,0.9118158906698227,204.8730721282959,0.9663239341974258,1.0083780670166016,0.2559025977551937,0.0,0.007352760788053274,0.06400515221059322,0.45319502979516985,1.669337689236272e-07,0.012542262081988156,0.046186589039862155,0.1185549583658576,0.17585900388658046,0.34457710072398184,0.9422588366270065,cola,44
B,glue_v1,bert.encoder.layer.3.attention.output.dense,3,O,sweep,4,4,1.0,0.07142857142857142,0.07142857142857142,0.14285714285714285,0.0,False,0.09998054899275303,0.6239696663618087,0.5821955078840255,44.41373579025269,0.9316996753215789,1.0172918677330016,0.33734513461589816,0.0,0.04169374104589224,0.26072872161865235,0.6056182432174683,1.5769299734529342e-05,0.006717131705954671,0.08088125979527831,0.5776695765554904,1.07636655241251,0.41011542186141015,0.7534083420038223,cola,44
B,glue_v1,bert.encoder.layer.3.attention.self.query,3,Q,sweep,4,4,1.0,0.07142857142857142,0.07142857142857142,0.14285714285714285,0.0,False,0.0031092134143545992,0.5969628739356995,0.5957151287794114,23.491415100097655,0.968689700961113,1.0232879948616027,0.24977356672286988,0.0,0.050622731149196624,0.24242832869291306,0.6233662551641465,0.0,0.0004843352537136525,0.004477164316922426,0.07387588672339916,0.1329639795050025,0.34664066016674044,0.7363909405469894,cola,44
B,glue_v1,bert.encoder.layer.3.attention.self.value,3,V,sweep,4,4,1.0,0.07142857142857142,0.07142857142857142,0.14285714285714285,0.0,False,0.0006529407120797259,0.7197186005115509,0.7195400846004486,130.105778465271,0.9815002208948136,1.0129089879989623,0.18908204570412634,0.0,0.015763407116755845,0.24134381949901582,0.6585871124267578,2.1099313380545937e-06,0.01966097644995898,0.08493616901338101,0.27449961721897126,0.4481891265511513,0.34502759724855425,0.8163960033655167,cola,44
B,glue_v1,bert.encoder.layer.4.intermediate.dense,4,FFN1,sweep,4,4,1.0,0.07142857142857142,0.07142857142857142,0.14285714285714285,0.0,False,0.4406877622008324,0.8574166530370713,0.7451156836748123,125494.128359375,0.938845945596695,1.028496766090393,0.34192943185567853,0.0,0.0015498672775493105,0.10185828432440758,0.35268164217472076,0.0,0.0013198239763733,0.009473642855882645,0.11829508375376463,0.1824525385349989,0.633338394165039,0.9065062403678894,cola,44
B,glue_v1,bert.encoder.layer.4.output.dense,4,FFN2,sweep,4,4,1.0,0.07142857142857142,0.07142857142857142,0.14285714285714285,0.0,False,0.10001626655459404,0.3874323633313179,0.3193538224697113,11.107055168151856,0.9676485848426819,1.0215616071224212,0.22170134291052818,0.0,0.11114560961723327,0.4027798420190811,0.7258933490514755,0.0,0.001148344436660409,0.007563867745921016,0.029685445679351687,0.04040820319205522,0.4101250283420086,0.5984722530841827,cola,44
B,glue_v1,bert.encoder.layer.4.attention.self.key,4,K,sweep,4,4,1.0,0.07142857142857142,0.07142857142857142,0.14285714285714285,0.0,False,0.0,0.8129051202535629,0.8129051202535629,134.87159736633302,0.9647197985649109,1.0132567191123962,0.2627456672489643,0.0,0.015074308305047452,0.13161032199859618,0.5509464529156685,0.0,0.0006012323571485467,0.0035387463291408493,0.015249957039486617,0.01879113382427022,0.34457710072398184,0.8768249404430389,cola,44
B,glue_v1,bert.encoder.layer.4.attention.output.dense,4,O,sweep,4,4,1.0,0.07142857142857142,0.07142857142857142,0.14285714285714285,0.0,False,0.09997613832354546,0.5550992098450661,0.5056791669130325,29.923329124450685,0.9364750337600708,1.0161358869075776,0.3176688373088837,0.0,0.056436888203024865,0.30909458100795745,0.6479981380701065,7.034923783066916e-07,0.0038607570249587298,0.039461063640192154,0.21711100585758686,0.3785266749560833,0.4101011264324188,0.7080715012550354,cola,44
B,glue_v1,bert.encoder.layer.4.attention.self.query,4,Q,sweep,4,4,1.0,0.07142857142857142,0.07142857142857142,0.14285714285714285,0.0,False,0.002254346971640189,0.782805535197258,0.7823107236623764,271.896499786377,0.9713312810659409,1.0178629887104034,0.2382636009156704,0.0,0.012420779326930642,0.16058590188622474,0.5702825099229812,0.0,0.00031713520045741463,0.0014328630996169522,0.008032310248818248,0.015567656047642231,0.3461055235564709,0.8580505824089051,cola,44
B,glue_v1,bert.encoder.layer.4.attention.self.value,4,V,sweep,4,4,1.0,0.07142857142857142,0.07142857142857142,0.14285714285714285,0.0,False,0.00036140217538559226,0.6352422761917115,0.6351114481687545,54.36836418151856,0.9766410714387894,1.0150346326828004,0.21161889240145684,0.0,0.03630006386898458,0.27442337781190873,0.6638680666685104,1.4310154347185745e-06,0.0009290174447232857,0.01326122998027131,0.25852292448282244,0.44197322860360144,0.344816130399704,0.7605496239662171,cola,44
B,glue_v1,bert.encoder.layer.5.intermediate.dense,5,FFN1,sweep,4,4,1.0,0.07142857142857142,0.07142857142857142,0.14285714285714285,0.0,False,0.43203232556581495,0.8403199952840805,0.7188741475343704,52295.81666015625,0.9453805565834046,1.0336321341991423,0.3252742314338684,0.0,0.0018934565866948105,0.11366129994392395,0.36929074823856356,0.0,0.0009152304078452289,0.005791804988402874,0.03236097962595522,0.04977142833173275,0.6276150149106979,0.8952060168981553,cola,44
B,glue_v1,bert.encoder.layer.5.output.dense,5,FFN2,sweep,4,4,1.0,0.07142857142857142,0.07142857142857142,0.14285714285714285,0.0,False,0.09980332925915718,0.2863215211033821,0.2071967588365078,6.24457612991333,0.9891098660230636,1.011088078022003,0.14730427503585816,0.0,0.1620777367055416,0.4568256860971451,0.7657071179151536,0.0,0.0006113107994315214,0.002597016132203862,0.008740686257369816,0.011356442980468274,0.4099896880984306,0.5322412520647049,cola,44
B,glue_v1,bert.encoder.layer.5.attention.self.key,5,K,sweep,4,4,1.0,0.07142857142857142,0.07142857142857142,0.14285714285714285,0.0,False,0.0,0.8207557898759842,0.8207557898759842,100.51524250030518,0.943040075302124,1.0207195043563844,0.33207800835371015,0.0,0.016218816163018346,0.11643416732549668,0.4413911667466164,0.0,0.000437780559877865,0.0016993084747809917,0.00596586033818312,0.007090993991587311,0.34457710072398184,0.8827244412899017,cola,44
B,glue_v1,bert.encoder.layer.5.attention.output.dense,5,O,sweep,4,4,1.0,0.07142857142857142,0.07142857142857142,0.14285714285714285,0.0,False,0.10000582613050937,0.5332389649748802,0.4813718765974045,25.04867712020874,0.9377033019065857,1.012894362807274,0.31047349512577055,0.0,0.062178526185452936,0.32385219424962997,0.6588456028699875,0.0,0.0024871313280891627,0.022719950312748552,0.0985077466070652,0.1596010325103998,0.41013933569192884,0.6937463915348053,cola,44
B,glue_v1,bert.encoder.layer.5.attention.self.query,5,Q,sweep,4,4,1.0,0.07142857142857142,0.07142857142857142,0.14285714285714285,0.0,False,5.601924969596439e-05,0.7850954735279083,0.7850827944278717,623.4670275878906,0.9724068850278854,1.0181522262096405,0.2330123606324196,0.0,0.010345554761588573,0.15945079565048217,0.5598018980026245,0.0,0.00021044283937953878,0.0010475776679231786,0.005170189670752734,0.008865981425624342,0.34461596310138704,0.859612290263176,cola,44
B,glue_v1,bert.encoder.layer.5.attention.self.value,5,V,sweep,4,4,1.0,0.07142857142857142,0.07142857142857142,0.14285714285714285,0.0,False,7.534029315138468e-05,0.7284609913825989,0.7284402930736542,75.5312956047058,0.9733925324678421,1.0106431758403778,0.2265794850885868,0.0,0.023835512679070234,0.23072577968239785,0.6520788407325745,0.0,0.001307718738098629,0.0073559391754679385,0.07533965893089771,0.10187330886721611,0.344627875238657,0.8220830798149109,cola,44
B,glue_v1,bert.encoder.layer.6.intermediate.dense,6,FFN1,sweep,4,4,1.0,0.07142857142857142,0.07142857142857142,0.14285714285714285,0.0,False,0.38202511638402936,0.8267877835035324,0.7197259038686752,18472.14392578125,0.9564236927032471,1.0288011753559112,0.2876705673336983,0.0,0.0028248113265726717,0.1306016009300947,0.41731359362602233,0.0,0.0006286401874967851,0.0039035025087650866,0.016843152358196677,0.024671677872538565,0.5947134551405907,0.8862805235385894,cola,44
B,glue_v1,bert.encoder.layer.6.output.dense,6,FFN2,sweep,4,4,1.0,0.07142857142857142,0.07142857142857142,0.14285714285714285,0.0,False,0.1001363131403923,0.28477974742650985,0.20519139111042023,6.187918753623962,0.9892802649736404,1.0108547389507294,0.14622759208083153,0.0,0.16331806316971778,0.4592659491300583,0.7673618185520172,0.0,0.000524998000182677,0.0021609259909018876,0.006294389292597771,0.007892012526281179,0.4102023530006409,0.5312916907668114,cola,44
B,glue_v1,bert.encoder.layer.6.attention.self.key,6,K,sweep,4,4,1.0,0.07142857142857142,0.07142857142857142,0.14285714285714285,0.0,False,0.0,0.8059835147857666,0.8059835147857666,105.29264671325683,0.9616298663616181,1.019603999853134,0.2755618552863598,0.0,0.015047548171132803,0.13325276404619216,0.5104183119535446,0.0,0.00027145465050125493,0.0012103007602854631,0.003961148790549487,0.0047652761614881455,0.34457710072398184,0.8732942050695419,cola,44
B,glue_v1,bert.encoder.layer.6.attention.output.dense,6,O,sweep,4,4,1.0,0.07142857142857142,0.07142857142857142,0.14285714285714285,0.0,False,0.1000720825791359,0.3170245814323425,0.24107927814126015,7.384742193222046,0.9838480937480927,1.0164282381534577,0.1724875819683075,0.0,0.14098334237933158,0.42337057024240493,0.7351052910089493,0.0,0.0008433212817180902,0.004980453108437359,0.020249144276604056,0.027482639355584978,0.4101709820330143,0.5521473416686058,cola,44
B,glue_v1,bert.encoder.layer.6.attention.self.query,6,Q,sweep,4,4,1.0,0.07142857142857142,0.07142857142857142,0.14285714285714285,0.0,False,2.2635147979599422e-06,0.8039098882675171,0.8039094597101212,270.1552902984619,0.972033514380455,1.0172626090049743,0.23534656286239625,0.0,0.009706204710528254,0.1462050323933363,0.558915148973465,0.0,0.00015730716084362938,0.0006580281557398848,0.0029468749824445696,0.005001935967593454,0.34457855716347696,0.8720220279693603,cola,44
B,glue_v1,bert.encoder.layer.6.attention.self.value,6,V,sweep,4,4,1.0,0.07142857142857142,0.07142857142857142,0.14285714285714285,0.0,False,2.4475421905663098e-05,0.626904519200325,0.6268953543901443,43.81034490585327,0.9782460057735443,1.0155178117752075,0.20765664488077162,0.0,0.03887277031317353,0.28281595394015313,0.6799085038900375,0.0,0.0003542366725741886,0.003482338645262644,0.022579275416210295,0.030222203675657512,0.3445937819778919,0.75591348528862,cola,44
B,glue_v1,bert.encoder.layer.7.intermediate.dense,7,FFN1,sweep,4,4,1.0,0.07142857142857142,0.07142857142857142,0.14285714285714285,0.0,False,0.3863684430718422,0.8224451595544815,0.7106857037544251,14580.869814453124,0.9589999079704284,1.0289605832099915,0.2833474126458168,0.0,0.003847958674887195,0.13122711449861527,0.4156350615620613,0.0,0.0005170710905804299,0.00238840669975616,0.008238318869844078,0.012040055659599602,0.5978087258338928,0.8835705399513245,cola,44
B,glue_v1,bert.encoder.layer.7.output.dense,7,FFN2,sweep,4,4,1.0,0.07142857142857142,0.07142857142857142,0.14285714285714285,0.0,False,0.10013537205755711,0.2865982294082642,0.20721229448914527,6.289011063575745,0.9888089472055435,1.0113381278514861,0.14785773187875748,0.0,0.16275936350226403,0.46091104120016096,0.7694031089544296,0.0,0.00045693051011767236,0.001700974132400006,0.003448752600234002,0.0044198019430041315,0.41021771416068076,0.5324440157413483,cola,44
B,glue_v1,bert.encoder.layer.7.attention.self.key,7,K,sweep,4,4,1.0,0.07142857142857142,0.07142857142857142,0.14285714285714285,0.0,False,0.0,0.8329032671451568,0.8329032671451568,163.57974166870116,0.9627572512626648,1.018282047510147,0.2711451090872288,0.0,0.010935102310031652,0.11737080797553062,0.4814659306406975,0.0,0.00016487588742165828,0.000628465607878752,0.0019514541380340233,0.002351510419975966,0.34457710072398184,0.8907704031467438,cola,44
B,glue_v1,bert.encoder.layer.7.attention.output.dense,7,O,sweep,4,4,1.0,0.07142857142857142,0.07142857142857142,0.14285714285714285,0.0,False,0.10018478356301784,0.3056257861852646,0.2283140778541565,6.959076852798462,0.9859303659200669,1.014346935749054,0.16311523750424384,0.0,0.14803871676325797,0.43479454070329665,0.7467421758174896,0.0,0.0007147961243754253,0.0036348018166609108,0.011256454391404986,0.014551253220997751,0.41023568585515024,0.5448983764648437,cola,44
B,glue_v1,bert.encoder.layer.7.attention.self.query,7,Q,sweep,4,4,1.0,0.07142857142857142,0.07142857142857142,0.14285714285714285,0.0,False,2.0864553980572965e-05,0.8268727588653565,0.8268691104650497,314.24382308959963,0.9728134667873383,1.0159496510028838,0.23065721064805986,0.0,0.0075438657309859995,0.13087247744202612,0.5495306366682052,0.0,8.27427194963093e-05,0.000414228947047377,0.0014864995726384222,0.0022079262975603343,0.34459179505705834,0.8872803276777268,cola,44
B,glue_v1,bert.encoder.layer.7.attention.self.value,7,V,sweep,4,4,1.0,0.07142857142857142,0.07142857142857142,0.14285714285714285,0.0,False,3.437075864894723e-05,0.6999495178461075,0.6999391251802445,99.36189777374267,0.9795620232820511,1.0130611836910248,0.20070276528596878,0.0,0.022699244059622287,0.2545992034673691,0.6682464867830277,0.0,0.00028800943415262736,0.00209779993921984,0.012346322499215603,0.01575107829645276,0.3446008309721947,0.8042835313081741,cola,44
B,glue_v1,bert.encoder.layer.8.intermediate.dense,8,FFN1,sweep,4,4,1.0,0.07142857142857142,0.07142857142857142,0.14285714285714285,0.0,False,0.34870544165372847,0.8093337655067444,0.7071954035758972,9378.080916137695,0.9567233556509018,1.0281996655464172,0.2951883688569069,0.0,0.01131819462403655,0.13336738847196103,0.42102846890687945,0.0,0.0004570642480393872,0.0016554607241414487,0.003271969127235934,0.00490795305930078,0.5729927343130111,0.874990701675415,cola,44
B,glue_v1,bert.encoder.layer.8.output.dense,8,FFN2,sweep,4,4,1.0,0.07142857142857142,0.07142857142857142,0.14285714285714285,0.0,False,0.10007921189069748,0.2999970877170563,0.2221523018181324,6.85091803073883,0.9869369387626648,1.0127121269702912,0.15641240462660788,0.0,0.15439789950847627,0.45045319348573687,0.7601185113191604,0.0,0.0004377953382208943,0.0014622661529574543,0.002686264478834346,0.0039999428542796525,0.4101723782718182,0.5411884701251983,cola,44
B,glue_v1,bert.encoder.layer.8.attention.self.key,8,K,sweep,4,4,1.0,0.07142857142857142,0.07142857142857142,0.14285714285714285,0.0,False,0.0,0.7654226970672607,0.7654226970672607,60.44917343139648,0.9611799263954163,1.0199723505973817,0.27806344151496887,0.0,0.022251682095229625,0.15613443799316884,0.5260707825422287,0.0,0.00015278490624041297,0.0005445926534594037,0.0015018540300661698,0.0018111944512929766,0.34457710072398184,0.8463218909502029,cola,44
B,glue_v1,bert.encoder.layer.8.attention.output.dense,8,O,sweep,4,4,1.0,0.07142857142857142,0.07142857142857142,0.14285714285714285,0.0,False,0.10002961747348309,0.30429661124944685,0.2269703333079815,6.939166054725647,0.9862358856201172,1.0138011169433594,0.16139382898807525,0.0,0.14953004732728004,0.437266189455986,0.7478680551052094,0.0,0.0006311796273803338,0.002737005540402606,0.00617283487226814,0.008666201382875443,0.41012874826788903,0.5439708971977234,cola,44
B,glue_v1,bert.encoder.layer.8.attention.self.query,8,Q,sweep,4,4,1.0,0.07142857142857142,0.07142857142857142,0.14285714285714285,0.0,False,2.3905957968963777e-05,0.7799167078733444,0.7799112004041672,107.51943740844726,0.9675532537698746,1.01842493891716,0.25414446368813515,0.0,0.016543155908584593,0.15511709749698638,0.5489359354972839,0.0,0.00010237884467642288,0.0004252714628819376,0.0010287522454746068,0.0014283715875353664,0.3445935419201851,0.8565118098258973,cola,44
B,glue_v1,bert.encoder.layer.8.attention.self.value,8,V,sweep,4,4,1.0,0.07142857142857142,0.07142857142857142,0.14285714285714285,0.0,False,5.430772910585802e-05,0.5825302010774612,0.5825072932243347,26.79839370727539,0.976372372508049,1.0170898520946503,0.21650488123297693,0.0,0.05090294096618891,0.2903244385123253,0.6789052975177765,0.0,0.00021193636348471045,0.0016506420032237656,0.007785937343724072,0.010291772251948715,0.34461368545889853,0.7269785833358765,cola,44
B,glue_v1,bert.encoder.layer.9.intermediate.dense,9,FFN1,sweep,4,4,1.0,0.07142857142857142,0.07142857142857142,0.14285714285714285,0.0,False,0.5013092467188835,0.8821990442276001,0.7637991279363632,39802.51634765625,0.9568960899114609,1.022262018918991,0.29163777709007266,0.0,8.446517935070119e-05,0.08746130719780922,0.3686885517835617,0.0,0.0004819563793716952,0.001482562664314173,0.003148713940754533,0.004519734508357942,0.6729610145092011,0.9227308183908463,cola,44
B,glue_v1,bert.encoder.layer.9.output.dense,9,FFN2,sweep,4,4,1.0,0.07142857142857142,0.07142857142857142,0.14285714285714285,0.0,False,0.09973713532090187,0.28839711755514147,0.20956042036414146,6.285049877166748,0.9889561212062836,1.0112437796592713,0.14724173918366432,0.0,0.1619168309867382,0.4630947044491768,0.7716301596164703,0.0,0.0003797451686114073,0.0010332200437551365,0.0021356398437637836,0.0026081082061864434,0.409946201890707,0.5335888096690178,cola,44
B,glue_v1,bert.encoder.layer.9.attention.self.key,9,K,sweep,4,4,1.0,0.07142857142857142,0.07142857142857142,0.14285714285714285,0.0,False,0.0,0.7237374889850616,0.7237374889850616,43.82224229812622,0.961386833190918,1.0219580340385437,0.27718397036194803,0.0,0.028451082929968834,0.17657175570726394,0.5466439950466156,0.0,0.00015516573388595133,0.0005256757242023014,0.0010781797091476619,0.0013453851948725059,0.34457710072398184,0.818786706328392,cola,44
B,glue_v1,bert.encoder.layer.9.attention.output.dense,9,O,sweep,4,4,1.0,0.07142857142857142,0.07142857142857142,0.14285714285714285,0.0,False,0.0998233912140131,0.320979919731617,0.24568137228488923,7.94819993019104,0.9836202782392501,1.0147334516048432,0.16978986725211143,0.0,0.1428477032482624,0.4363806203007698,0.7507548785209656,0.0,0.0005460610880982131,0.0018733551620971412,0.005284903005231172,0.009487488681916147,0.41002050578594207,0.554991375207901,cola,44
B,glue_v1,bert.encoder.layer.9.attention.self.query,9,Q,sweep,4,4,1.0,0.07142857142857142,0.07142857142857142,0.14285714285714285,0.0,False,0.0006532031444021414,0.6591834187507629,0.658955540060997,37.604121437072756,0.9704816126823426,1.0206531190872192,0.24338356018066407,0.0,0.03687145007774234,0.22300666838884353,0.6075939548015594,0.0,9.500611118710366e-05,0.00032990751671604815,0.0007556513082818128,0.0010794026730582117,0.34500991031527517,0.7770501965284348,cola,44
B,glue_v1,bert.encoder.layer.9.attention.self.value,9,V,sweep,4,4,1.0,0.07142857142857142,0.07142857142857142,0.14285714285714285,0.0,False,6.465239543103963e-05,0.5495886453986167,0.5495594367384911,21.626112518310546,0.9759929257631302,1.0186042833328246,0.2181863985955715,0.0,0.05907053057104349,0.2967450454831123,0.676912835240364,0.0,0.00026066736099892294,0.0013977629831060767,0.004249607203528285,0.005236482967156917,0.3446215930581093,0.7051837325096131,cola,44
B,glue_v1,bert.encoder.layer.10.intermediate.dense,10,FFN1,sweep,4,4,1.0,0.07142857142857142,0.07142857142857142,0.14285714285714285,0.0,False,0.27826250851154327,0.8363112360239029,0.7733286905288697,1718.7936366271972,0.9523267668485641,1.025994554758072,0.3085154917836189,0.0,0.00816725306212902,0.11651671506464481,0.398351283967495,0.0,0.0002650335179350805,0.0008660237229196354,0.002517305996734649,0.003183043708559126,0.5270261216163635,0.8929387217760086,cola,44
B,glue_v1,bert.encoder.layer.10.output.dense,10,FFN2,sweep,4,4,1.0,0.07142857142857142,0.07142857142857142,0.14285714285714285,0.0,False,0.09995007425546647,0.3209554943442345,0.24554739251732827,6.718836989402771,0.9895557087659835,1.009704395532608,0.14422332897782325,0.0,0.15892225742340088,0.46353200227022173,0.772226243019104,0.0,0.00024535876436857504,0.0007009840573300607,0.002145901551702991,0.0025445080839563163,0.41009062230587007,0.5551388281583786,cola,44
B,glue_v1,bert.encoder.layer.10.attention.self.key,10,K,sweep,4,4,1.0,0.07142857142857142,0.07142857142857142,0.14285714285714285,0.0,False,0.0,0.6181289464235306,0.6181289464235306,24.67469367980957,0.963156064748764,1.02454496383667,0.2700266434252262,0.0,0.04774878960102796,0.22565698891878128,0.5904365146160125,0.0,0.000186337647610344,0.0004889757811906748,0.0009560948295984417,0.0012354040739592164,0.34457710072398184,0.7496948099136352,cola,44
B,glue_v1,bert.encoder.layer.10.attention.output.dense,10,O,sweep,4,4,1.0,0.07142857142857142,0.07142857142857142,0.14285714285714285,0.0,False,0.09981171362102031,0.36332071125507354,0.2927306914329529,9.854224109649659,0.9759073436260224,1.0197521090507506,0.20046495154500008,0.0,0.12065524943172931,0.4045067885518074,0.7248947113752365,0.0,0.00035969567368738354,0.0016928876150632277,0.004012460494413972,0.0064899829635396596,0.40999102368950846,0.5827585738897324,cola,44
B,glue_v1,bert.encoder.layer.10.attention.self.query,10,Q,sweep,4,4,1.0,0.07142857142857142,0.07142857142857142,0.14285714285714285,0.0,False,0.0015614144600021973,0.45363017797470095,0.45276932388544083,12.889853534698487,0.9736170971393585,1.023960064649582,0.22973989799618721,0.0,0.08206488989293576,0.2934658691287041,0.6626158487796784,0.0,6.202379925525748e-05,0.00020656558481277898,0.0005992857122328133,0.0008203739445889369,0.3456064485013485,0.6422490084171295,cola,44
B,glue_v1,bert.encoder.layer.10.attention.self.value,10,V,sweep,4,4,1.0,0.07142857142857142,0.07142857142857142,0.14285714285714285,0.0,False,0.00024241802324468154,0.4333333891630173,0.43319619923830033,12.666865253448487,0.9769027090072632,1.0206588804721832,0.21372466936707496,0.0,0.08881940402090549,0.32614095002412796,0.6839302086830139,0.0,0.0003768132778350264,0.0008972656913101673,0.0017720773996552453,0.002440662131411955,0.34473884254693987,0.6288976168632507,cola,44
B,glue_v1,bert.encoder.layer.11.intermediate.dense,11,FFN1,sweep,4,4,1.0,0.07142857142857142,0.07142857142857142,0.14285714285714285,0.0,False,0.9280716735124588,0.9919162809848785,0.8881907612085342,12.284345092773437,0.07885723389685154,0.09378526881337165,0.046925506219267846,0.0,0.0,1.5501455345656723e-06,0.06235558111220598,0.0,0.0,2.1086533088237047e-05,0.005736264917068183,0.006719362554140389,0.9524909919500351,0.9946369177103043,cola,44
B,glue_v1,bert.encoder.layer.11.output.dense,11,FFN2,sweep,4,4,1.0,0.07142857142857142,0.07142857142857142,0.14285714285714285,0.0,False,0.9183846753835678,0.933554772734642,0.18594198822975158,0.5081752195954323,0.08990468509495259,0.09155084781348705,0.012198265017941594,0.0,0.0,0.0004579704627394676,0.47582675874233243,0.0,0.0,1.1931211920455098e-05,0.00181042781798169,0.0020223845320288094,0.9461133861541748,0.9561256402730942,cola,44
B,glue_v1,bert.encoder.layer.11.attention.self.key,11,K,sweep,4,4,1.0,0.07142857142857142,0.07142857142857142,0.14285714285714285,0.0,False,0.0,0.6242933714389801,0.6242933714389801,29.322483310699464,0.9717457979917526,1.019995836019516,0.23580764770507812,0.0,0.04265844203531742,0.25233415603637693,0.6394609588384629,0.0,0.00013549083698308095,0.00037614206463331356,0.000756249452533666,0.0009813378937542439,0.34457710072398184,0.7540000575780869,cola,44
B,glue_v1,bert.encoder.layer.11.attention.output.dense,11,O,sweep,4,4,1.0,0.07142857142857142,0.07142857142857142,0.14285714285714285,0.0,False,0.9184014886617661,0.9381504416465759,0.24245888262987136,0.6665628397464752,0.08937265172600746,0.09211728021502495,0.01547749320976436,0.0,0.0,0.00044241514056921007,0.38828028857707975,0.0,0.0,1.4645126648247241e-05,0.002858426817692816,0.0038052549888379873,0.9461258268356323,0.9591560077667236,cola,44
B,glue_v1,bert.encoder.layer.11.attention.self.query,11,Q,sweep,4,4,1.0,0.07142857142857142,0.07142857142857142,0.14285714285714285,0.0,False,0.9092835527658463,0.9495566695928573,0.4433869996666908,1.1430122792720794,0.0880330715328455,0.0932487377524376,0.022057300554588436,0.0,0.0,0.0012515928527626864,0.2660211971402168,0.0,0.0,1.8048328638542443e-06,0.0006589425614220091,0.0009064333594869822,0.9401089638471604,0.9667469620704651,cola,44
B,glue_v1,bert.encoder.layer.11.attention.self.value,11,V,sweep,4,4,1.0,0.07142857142857142,0.07142857142857142,0.14285714285714285,0.0,False,0.26981049358844755,0.4661184898018837,0.2688497740030289,264.95192390441895,0.9801597529649735,1.018773375749588,0.19544698804616928,0.0,0.08387521639466286,0.31870887309312823,0.6772063088417053,0.0,0.00030145646407618186,0.0006697547968360595,0.0013227251055650414,0.0022256279684370384,0.5212704601883889,0.6508264446258545,cola,44
B,glue_v1,bert.encoder.layer.0.intermediate.dense,0,FFN1,sweep,6,6,1.0,0.016129032258064516,0.016129032258064516,0.03225806451612903,0.0,False,0.03511517416685819,0.7129973155260086,0.7025632840394974,202.3044627380371,0.9925380176305771,1.0050355839729308,0.12044783659279347,0.0,0.005634196903556586,0.04745274279266596,0.30199178457260134,0.0,0.00014924176888598596,0.0006717045686673373,0.0033281048655044287,0.009361688055796548,0.3676038634777069,0.8120269113779068,cola,44
B,glue_v1,bert.encoder.layer.0.output.dense,0,FFN2,sweep,6,6,1.0,0.016129032258064516,0.016129032258064516,0.03225806451612903,0.0,False,0.10004814691841603,0.14497887447476387,0.04992650274187326,6.589039549827576,0.9993120819330216,1.000701172351837,0.03523998823016882,0.0,0.1567883913218975,0.4548382383584976,0.76306900203228,0.0,0.00013648034080688377,0.0005093150222091936,0.001957436266820878,0.005068024233332835,0.4101486112177372,0.43961225152015687,cola,44
B,glue_v1,bert.encoder.layer.0.attention.self.key,0,K,sweep,6,6,1.0,0.016129032258064516,0.016129032258064516,0.03225806451612903,0.0,False,0.0,0.2209076139330864,0.2209076139330864,24.001884956359863,0.9977816540002823,1.0021770441532134,0.06490236897021533,0.0,0.050478210225701335,0.23299642890691757,0.6003533518314361,0.0,0.00011530632764333859,0.0005152058503881563,0.0017361422572867013,0.0023801976125105285,0.34457710072398184,0.48946074873209,cola,44
B,glue_v1,bert.encoder.layer.0.attention.output.dense,0,O,sweep,6,6,1.0,0.016129032258064516,0.016129032258064516,0.03225806451612903,0.0,False,0.09983933694660664,0.14572308495640754,0.05097266260534525,6.7484437942504885,0.9992602479457855,1.0007534098625184,0.03610377199947834,0.0,0.15439620584249497,0.45085533529520033,0.7589638149738311,0.0,0.00022058827104046942,0.0008344925881829113,0.0032908162695821377,0.008470210735686124,0.4100204873085022,0.4401006433367729,cola,44
B,glue_v1,bert.encoder.layer.0.attention.self.query,0,Q,sweep,6,6,1.0,0.016129032258064516,0.016129032258064516,0.03225806451612903,0.0,False,0.0,0.16130079612135886,0.16130079612135886,16.229415588378906,0.998052983880043,1.0019242990016937,0.06053480505943298,0.0,0.06848936039954424,0.25996036395430566,0.6070319420099258,0.0,6.4193434191111e-05,0.00027889334538485857,0.0012516693337238393,0.003195987074286677,0.34457710072398184,0.4505961999297142,cola,44
B,glue_v1,bert.encoder.layer.0.attention.self.value,0,V,sweep,6,6,1.0,0.016129032258064516,0.016129032258064516,0.03225806451612903,0.0,False,0.0,0.17901717320084573,0.17901717320084573,18.948661890029907,0.998073593378067,1.0018550312519074,0.05986675716936588,0.0,0.06471765473484993,0.26919176504015924,0.6322992557287216,0.0,0.00025775470036023764,0.001368395399476867,0.005655122988391667,0.008270781108294614,0.34457710072398184,0.46229007303714753,cola,44
B,glue_v1,bert.encoder.layer.1.intermediate.dense,1,FFN1,sweep,6,6,1.0,0.016129032258064516,0.016129032258064516,0.03225806451612903,0.0,False,0.0706456084921956,0.673958186507225,0.649197216629982,206.0709144592285,0.9924594575166702,1.0049429094791413,0.11936532258987427,0.0,0.006878330116160214,0.06165781997144222,0.32324341326951983,0.0,0.00017281140564591623,0.0006945485310279764,0.0029364639159757643,0.009161983829690143,0.3908538170158863,0.7862297880649567,cola,44
B,glue_v1,bert.encoder.layer.1.output.dense,1,FFN2,sweep,6,6,1.0,0.016129032258064516,0.016129032258064516,0.03225806451612903,0.0,False,0.09990480072796344,0.16231685847043992,0.06933941818773746,9.168708972930908,0.998510290980339,1.0015036165714264,0.04570201598107815,0.0,0.1280404396355152,0.42447658628225327,0.7407201999425888,0.0,0.00017020360523019917,0.0006247492608963511,0.0020350901104393415,0.004499240693403408,0.4100571343302727,0.451009461581707,cola,44
B,glue_v1,bert.encoder.layer.1.attention.self.key,1,K,sweep,6,6,1.0,0.016129032258064516,0.016129032258064516,0.03225806451612903,0.0,False,0.0,0.2164897459745407,0.2164897459745407,21.16917465209961,0.9979639482498169,1.001967738866806,0.061992994286119936,0.0,0.05422279786318541,0.24854222908616067,0.6193406873941422,0.0,9.26215605068137e-05,0.00036813816317589955,0.0010368920893233735,0.0017498910566791893,0.34457710072398184,0.4866747546195984,cola,44
B,glue_v1,bert.encoder.layer.1.attention.output.dense,1,O,sweep,6,6,1.0,0.016129032258064516,0.016129032258064516,0.03225806451612903,0.0,False,0.09981489419937134,0.16129087418317795,0.06829277276992798,9.073093962669372,0.9985147655010224,1.0014732348918916,0.04560696370899677,0.0,0.1292147757858038,0.4241750648617744,0.7397903668880462,0.0,0.00025151598805678077,0.0011646630766335875,0.004828478730050847,0.011742138254921883,0.40999323591589926,0.4503523677587509,cola,44
B,glue_v1,bert.encoder.layer.1.attention.self.query,1,Q,sweep,6,6,1.0,0.016129032258064516,0.016129032258064516,0.03225806451612903,0.0,False,0.0,0.26252612814307213,0.26252612814307213,26.586506538391113,0.9969287121295929,1.0029567658901215,0.07554980874061584,0.0,0.04328809842467308,0.19673441529273986,0.5326686856150628,0.0,8.020903675060254e-05,0.00036773826126591303,0.0019242897379444911,0.004945373106165789,0.34457710072398184,0.5170151033997535,cola,44
B,glue_v1,bert.encoder.layer.1.attention.self.value,1,V,sweep,6,6,1.0,0.016129032258064516,0.016129032258064516,0.03225806451612903,0.0,False,1.5500992958550342e-07,0.20997157901525498,0.20997145384550095,19.730320663452147,0.9976956361532211,1.0022010123729705,0.065039731413126,0.0,0.05701634962111712,0.24272729307413102,0.5947540831565857,0.0,0.000196800257981522,0.0011792876874096691,0.006469546507578344,0.016631433865986766,0.34457719132304193,0.48236975222826006,cola,44
B,glue_v1,bert.encoder.layer.2.intermediate.dense,2,FFN1,sweep,6,6,1.0,0.016129032258064516,0.016129032258064516,0.03225806451612903,0.0,False,0.09373549029231071,0.7163169574737549,0.6870158219337463,324.26708557128904,0.9907770264148712,1.0051176011562348,0.1322639313340187,0.0,0.005561856161803007,0.04965131223201752,0.2849555578827858,0.0,0.00020535867748549207,0.0008678296007565223,0.0034878112998558207,0.008122163752559572,0.4059926249086857,0.8140579468011856,cola,44
B,glue_v1,bert.encoder.layer.2.output.dense,2,FFN2,sweep,6,6,1.0,0.016129032258064516,0.016129032258064516,0.03225806451612903,0.0,False,0.10000403754413129,0.27771920382976534,0.19745970368385315,31.01585266113281,0.9939870721101761,1.0048870611190797,0.0886990163475275,0.0,0.05945220120251179,0.32681242883205414,0.6620466327667236,0.0,0.000328648335125763,0.0020546415611170234,0.00722563867457211,0.015073430109769106,0.41012676909565926,0.5269064918160439,cola,44
B,glue_v1,bert.encoder.layer.2.attention.self.key,2,K,sweep,6,6,1.0,0.016129032258064516,0.016129032258064516,0.03225806451612903,0.0,False,0.0,0.2442998506128788,0.2442998506128788,20.847835025787354,0.9981583434343339,1.001767349243164,0.059153051562607285,0.0,0.05498582649976015,0.2545479339361191,0.6226833403110504,0.0,6.679348374746042e-05,0.0002495941103552468,0.000720249032456195,0.0010615471644268837,0.34457710072398184,0.5045709958672524,cola,44
B,glue_v1,bert.encoder.layer.2.attention.output.dense,2,O,sweep,6,6,1.0,0.016129032258064516,0.016129032258064516,0.03225806451612903,0.0,False,0.10000018298625946,0.21808332860469817,0.13119810193777084,18.256858386993407,0.9960064625740052,1.0038962709903716,0.06982054710388183,0.0,0.08601170912384987,0.3704585123062134,0.6962851375341416,0.0,0.0003268334304448217,0.002151706733275205,0.008575242606457322,0.0192038942896761,0.41009791880846025,0.4876624917984009,cola,44
B,glue_v1,bert.encoder.layer.2.attention.self.query,2,Q,sweep,6,6,1.0,0.016129032258064516,0.016129032258064516,0.03225806451612903,0.0,False,0.0,0.3190492069721222,0.3190492069721222,28.29935619354248,0.997440100312233,1.002485842704773,0.06977237172424794,0.0,0.03955037400126457,0.19842853590846063,0.526469504237175,0.0,6.347071033815155e-05,0.0002333491397439502,0.0010614674852695316,0.003013326754735317,0.34457710072398184,0.5537666532397271,cola,44
B,glue_v1,bert.encoder.layer.2.attention.self.value,2,V,sweep,6,6,1.0,0.016129032258064516,0.016129032258064516,0.03225806451612903,0.0,False,7.648383780178846e-07,0.16354641005396842,0.16354576453566552,15.831172266006469,0.9984269428253174,1.0015524637699127,0.05428198583424091,0.0,0.07247910276055336,0.2964679664373398,0.6645745712518693,0.0,0.0001712381868128432,0.0008153925288934261,0.0028267274401150644,0.005998959022108465,0.34457752123475077,0.4515789356827736,cola,44
B,glue_v1,bert.encoder.layer.3.intermediate.dense,3,FFN1,sweep,6,6,1.0,0.016129032258064516,0.016129032258064516,0.03225806451612903,0.0,False,0.12002341784536838,0.6944300001859665,0.6527500873804093,4393.3628442382815,0.9917878377437591,1.0053095722198486,0.12296643778681755,0.0,0.006027366383932531,0.0534583555534482,0.3109368062019348,0.0,0.00016753666262957266,0.0006157752222497948,0.002056314666988328,0.004105733645847067,0.423206919580698,0.7997499352693558,cola,44
B,glue_v1,bert.encoder.layer.3.output.dense,3,FFN2,sweep,6,6,1.0,0.016129032258064516,0.016129032258064516,0.03225806451612903,0.0,False,0.10018650092184543,0.2209424179792404,0.13419691301882267,19.069282674789427,0.995941241979599,1.003879885673523,0.0703339795395732,0.0,0.08491559952497482,0.36548899352550507,0.6922666907310486,0.0,0.0002821160564781167,0.0012153131572995334,0.0038475481688510626,0.00813355555292219,0.4102350807189941,0.48959959387779234,cola,44
B,glue_v1,bert.encoder.layer.3.attention.self.key,3,K,sweep,6,6,1.0,0.016129032258064516,0.016129032258064516,0.03225806451612903,0.0,False,0.0,0.19736308515071868,0.19736308515071868,19.88100841522217,0.9978895026445389,1.0020362651348114,0.0632114926353097,0.0,0.05711144711822271,0.24467971578240394,0.598466373682022,0.0,7.723172526311827e-05,0.00025964471547922584,0.0007515670415887143,0.0009183385304640979,0.34457710072398184,0.4738982045650482,cola,44
B,glue_v1,bert.encoder.layer.3.attention.output.dense,3,O,sweep,6,6,1.0,0.016129032258064516,0.016129032258064516,0.03225806451612903,0.0,False,0.09998054899275303,0.3640666323900223,0.29341766104102135,57.244308433532716,0.9919576501846313,1.005592452287674,0.10777976170182228,0.0,0.03575244234874844,0.27821179032325744,0.6273024600744247,0.0,0.0008237109571928159,0.0063142555230297145,0.02273255373351276,0.049179625227116046,0.41011542186141015,0.5834118965268135,cola,44
B,glue_v1,bert.encoder.layer.3.attention.self.query,3,Q,sweep,6,6,1.0,0.016129032258064516,0.016129032258064516,0.03225806451612903,0.0,False,1.1837120837299154e-07,0.2059113325178623,0.2059112374484539,20.419552745819093,0.997586487531662,1.0023704397678375,0.06683928374201059,0.0,0.05483501520007849,0.2341420365869999,0.592615333199501,0.0,6.40153998756432e-05,0.00022916340123629197,0.0005882546330394689,0.0010884332252317109,0.344577182084322,0.47969658583402636,cola,44
B,glue_v1,bert.encoder.layer.3.attention.self.value,3,V,sweep,6,6,1.0,0.016129032258064516,0.016129032258064516,0.03225806451612903,0.0,False,0.0,0.15137113213539125,0.15137113213539125,14.383519153594971,0.9984985917806626,1.0015025758743286,0.05325583353638649,0.0,0.07671107262372971,0.30254127621650695,0.6657594984769821,0.0,0.00015094060043338686,0.0008220781639101915,0.0021421317372005435,0.002767082151840441,0.34457710072398184,0.44386083394289017,cola,44
B,glue_v1,bert.encoder.layer.4.intermediate.dense,4,FFN1,sweep,6,6,1.0,0.016129032258064516,0.016129032258064516,0.03225806451612903,0.0,False,0.07652950510382653,0.723840953707695,0.7010047775506973,5636.731435546875,0.9901619696617127,1.0051747858524323,0.13432708725333214,0.0,0.004793094231281429,0.04868312206119299,0.275756576359272,0.0,0.0002363885589875281,0.000894966546620708,0.0025472377793630584,0.005182994641945698,0.39472496420145037,0.8192265623807907,cola,44
B,glue_v1,bert.encoder.layer.4.output.dense,4,FFN2,sweep,6,6,1.0,0.016129032258064516,0.016129032258064516,0.03225806451612903,0.0,False,0.10001626655459404,0.16282366320490838,0.0697868550941348,9.28077202796936,0.9985421508550644,1.0014602553844452,0.04619042124599218,0.0,0.12348446570336818,0.40667089372873305,0.7257082200050354,0.0,0.0002237219507514965,0.0006917072730720974,0.0016763196646934376,0.0028177520632743838,0.4101250283420086,0.45140729159116744,cola,44
B,glue_v1,bert.encoder.layer.4.attention.self.key,4,K,sweep,6,6,1.0,0.016129032258064516,0.016129032258064516,0.03225806451612903,0.0,False,0.0,0.2801415276527405,0.2801415276527405,29.02252763748169,0.9972735035419464,1.002574313879013,0.0717576540261507,0.0,0.04037167329341173,0.20524591103196144,0.5540746635198593,0.0,7.035108505078825e-05,0.0002029115524783265,0.0005020811913709622,0.0006394890810770448,0.34457710072398184,0.5281828275322914,cola,44
B,glue_v1,bert.encoder.layer.4.attention.output.dense,4,O,sweep,6,6,1.0,0.016129032258064516,0.016129032258064516,0.03225806451612903,0.0,False,0.09997613832354546,0.31353293880820277,0.23728361263871192,42.323952713012694,0.9932013815641403,1.0051076900959015,0.09646748967468738,0.0,0.04851701591163873,0.30270844846963885,0.6428500455617905,0.0,0.0006755526069900952,0.00417451465735212,0.014929291009902954,0.030247972407378258,0.4101011264324188,0.5504028874635697,cola,44
B,glue_v1,bert.encoder.layer.4.attention.self.query,4,Q,sweep,6,6,1.0,0.016129032258064516,0.016129032258064516,0.03225806451612903,0.0,False,0.0,0.3099676579236984,0.3099676579236984,34.110206623077396,0.9974094080924988,1.0023443984985352,0.07011679694056511,0.0,0.03730157297104597,0.20676789045333863,0.5691270393133163,0.0,5.625196274195332e-05,0.0001748170837527141,0.0004370364107307978,0.0007383455047965981,0.34457710072398184,0.5481589797139168,cola,44
B,glue_v1,bert.encoder.layer.4.attention.self.value,4,V,sweep,6,6,1.0,0.016129032258064516,0.016129032258064516,0.03225806451612903,0.0,False,2.0667988792411052e-07,0.2456461387872696,0.24564598500728607,24.95696699142456,0.9977616375684738,1.0020955097675324,0.06371801279485226,0.0,0.04964658495038748,0.2580788181722164,0.6367248594760895,0.0,0.00012108978429751005,0.0006542010919656604,0.0031223127606790513,0.004875027283560485,0.3445772635936737,0.505960746705532,cola,44
B,glue_v1,bert.encoder.layer.5.intermediate.dense,5,FFN1,sweep,6,6,1.0,0.016129032258064516,0.016129032258064516,0.03225806451612903,0.0,False,0.07462487548589707,0.6686287862062454,0.6419380158185959,4037.4242626953123,0.9905889821052551,1.006050944328308,0.13043452456593513,0.0,0.007328397836536169,0.05663999374955893,0.30100942075252535,0.0,0.0002063615217048209,0.0006373253741185181,0.0016100985097000375,0.0025855242990655823,0.3934996747970581,0.7830382132530213,cola,44
B,glue_v1,bert.encoder.layer.5.output.dense,5,FFN2,sweep,6,6,1.0,0.016129032258064516,0.016129032258064516,0.03225806451612903,0.0,False,0.09980332925915718,0.1434318408370018,0.048465504162013534,6.383717665672302,0.9994041699171067,1.0006014513969421,0.034020741507411,0.0,0.15856607422232627,0.4498070701956749,0.7595203936100006,0.0,0.00019006248745427002,0.0005023631383664906,0.001031605121679604,0.0015036861394764857,0.4099896880984306,0.4385904070734978,cola,44
B,glue_v1,bert.encoder.layer.5.attention.self.key,5,K,sweep,6,6,1.0,0.016129032258064516,0.016129032258064516,0.03225806451612903,0.0,False,0.0,0.2928046846389771,0.2928046846389771,29.809619903564453,0.9978478598594666,1.0020097160339356,0.06429448392242193,0.0,0.04045986529439688,0.227105423361063,0.6069974833726883,0.0,4.716371036920464e-05,0.00013139667047653346,0.00031806096412765326,0.000390119453513762,0.34457710072398184,0.5364426958560944,cola,44
B,glue_v1,bert.encoder.layer.5.attention.output.dense,5,O,sweep,6,6,1.0,0.016129032258064516,0.016129032258064516,0.03225806451612903,0.0,False,0.10000582613050937,0.2160314604640007,0.1289204729348421,17.892123556137086,0.9960437500476838,1.0038434159755707,0.072241428270936,0.0,0.07857641421258449,0.3460829412937164,0.6768280160427094,0.0,0.00044295872590737416,0.0019096339610405267,0.0056650840002112094,0.010379228144884109,0.41013933569192884,0.4862489578127861,cola,44
B,glue_v1,bert.encoder.layer.5.attention.self.query,5,Q,sweep,6,6,1.0,0.016129032258064516,0.016129032258064516,0.03225806451612903,0.0,False,0.0,0.36845169991254806,0.36845169991254806,42.741018409729,0.9973271703720092,1.002345371246338,0.07126434341073036,0.0,0.02984379280358553,0.19447641745209693,0.5609013068675995,0.0,4.66699997195974e-05,0.0001276297078584321,0.00029485966995707714,0.0004659562182496302,0.34457710072398184,0.5862908908724784,cola,44
B,glue_v1,bert.encoder.layer.5.attention.self.value,5,V,sweep,6,6,1.0,0.016129032258064516,0.016129032258064516,0.03225806451612903,0.0,False,0.0,0.2364703944325447,0.2364703944325447,22.094110908508302,0.9984093111753464,1.001497927904129,0.054889985620975495,0.0,0.055941177047789094,0.29506087332963943,0.6771880233287811,0.0,7.907928094937233e-05,0.0003511601329955738,0.0024804295238573105,0.003754780733725056,0.34457710072398184,0.4995660066604614,cola,44
B,glue_v1,bert.encoder.layer.6.intermediate.dense,6,FFN1,sweep,6,6,1.0,0.016129032258064516,0.016129032258064516,0.03225806451612903,0.0,False,0.04689425557851792,0.5971335101127625,0.5773192900419235,1816.870333251953,0.9921854919195175,1.0060042309761048,0.11973733939230442,0.0,0.010592856789007782,0.07196499265730381,0.35446056962013245,0.0,0.00019944366285926663,0.0005354044065461494,0.001151285107480362,0.0021334938053041695,0.37526809751987455,0.7360034137964249,cola,44
B,glue_v1,bert.encoder.layer.6.output.dense,6,FFN2,sweep,6,6,1.0,0.016129032258064516,0.016129032258064516,0.03225806451612903,0.0,False,0.1001363131403923,0.14223893955349923,0.04678791884332895,6.16732885837555,0.9994410419464111,1.000563737154007,0.03310560971498489,0.0,0.16367050334811212,0.4586458471417427,0.7646691727638245,0.0,0.00019073876574111638,0.0005553998105460778,0.0011238200456136838,0.001584148386027664,0.4102023530006409,0.43780609413981436,cola,44
B,glue_v1,bert.encoder.layer.6.attention.self.key,6,K,sweep,6,6,1.0,0.016129032258064516,0.016129032258064516,0.03225806451612903,0.0,False,1.4467592336586675e-07,0.33470832258462907,0.33470823109149933,39.19834524154663,0.9966752809286118,1.0029445016384124,0.07914563737809659,0.0,0.03180524306371808,0.17690401539206504,0.5196765321493149,0.0,7.133463350328384e-05,0.00023388391127809882,0.0005597165043582208,0.0008125411497894675,0.34457720920443535,0.563933961391449,cola,44
B,glue_v1,bert.encoder.layer.6.attention.output.dense,6,O,sweep,6,6,1.0,0.016129032258064516,0.016129032258064516,0.03225806451612903,0.0,False,0.1000720825791359,0.15258112341165542,0.0583480129390955,7.703686456680298,0.9990690004825592,1.0009414982795715,0.04044093731790781,0.0,0.1352935991436243,0.41334125339984895,0.7267989730834961,0.0,0.0002637715803575702,0.0010666308883810415,0.002644836870022118,0.00415314897429198,0.4101709820330143,0.44454450070858004,cola,44
B,glue_v1,bert.encoder.layer.6.attention.self.query,6,Q,sweep,6,6,1.0,0.016129032258064516,0.016129032258064516,0.03225806451612903,0.0,False,0.0,0.34974573403596876,0.34974573403596876,45.04206142425537,0.997424681186676,1.0022207653522492,0.06985457815229892,0.0,0.03213092328980565,0.20046823009848594,0.586680548787117,0.0,5.072605275927345e-05,0.0001806655623659026,0.0006538845581235364,0.0011351775759248994,0.34457710072398184,0.574228085577488,cola,44
B,glue_v1,bert.encoder.layer.6.attention.self.value,6,V,sweep,6,6,1.0,0.016129032258064516,0.016129032258064516,0.03225806451612903,0.0,False,1.6910173144424335e-07,0.1994740943610668,0.19947395995259284,19.138469486236573,0.9984240800142288,1.001527842283249,0.05489255104213953,0.0,0.0614842140674591,0.2906762135028839,0.6727574211359024,0.0,9.46587406724575e-05,0.00045455092011252417,0.0038630483159795403,0.006258391188457608,0.3445772486925125,0.47524032890796664,cola,44
B,glue_v1,bert.encoder.layer.7.intermediate.dense,7,FFN1,sweep,6,6,1.0,0.016129032258064516,0.016129032258064516,0.03225806451612903,0.0,False,0.04486176941543817,0.5972653782367706,0.5783667093515397,186.83445236206055,0.9908557605743408,1.0067163729667663,0.12923341073095798,0.0,0.010796022973954678,0.07093781292438507,0.34237428128719327,0.0,0.00021832110913237558,0.0006266972885350697,0.00138305380824022,0.002782295937067829,0.37395287811756134,0.7361402094364167,cola,44
B,glue_v1,bert.encoder.layer.7.output.dense,7,FFN2,sweep,6,6,1.0,0.016129032258064516,0.016129032258064516,0.03225806451612903,0.0,False,0.10013537205755711,0.14111868128180505,0.04554417490959167,6.0266819143295285,0.9994593745470047,1.000545583963394,0.032582368664443494,0.0,0.16738265216350556,0.46521399408578873,0.7699279367923737,0.0,0.0001882413271960104,0.0005828262041904964,0.0011911656032316386,0.0015450996911386028,0.41021771416068076,0.43706038206815717,cola,44
B,glue_v1,bert.encoder.layer.7.attention.self.key,7,K,sweep,6,6,1.0,0.016129032258064516,0.016129032258064516,0.03225806451612903,0.0,False,0.0,0.2933949822187424,0.2933949822187424,30.903219528198242,0.9972971135377884,1.0024316596984864,0.07182754829525947,0.0,0.03806941144168377,0.2014191085100174,0.5525101488828659,0.0,5.873196681932313e-05,0.00016171821756870485,0.0003359234207891859,0.00042572670688969085,0.34457710072398184,0.5365732815861702,cola,44
B,glue_v1,bert.encoder.layer.7.attention.output.dense,7,O,sweep,6,6,1.0,0.016129032258064516,0.016129032258064516,0.03225806451612903,0.0,False,0.10018478356301784,0.145542683750391,0.05040759343653917,6.6630450963974,0.999326781630516,1.0007069396972657,0.035628112591803075,0.0,0.1529632419347763,0.4403050526976585,0.7488707911968231,0.0,0.00023446467646863313,0.001081512535456568,0.0030626950215082616,0.004133773903595284,0.41023568585515024,0.439957278072834,cola,44
B,glue_v1,bert.encoder.layer.7.attention.self.query,7,Q,sweep,6,6,1.0,0.016129032258064516,0.016129032258064516,0.03225806451612903,0.0,False,0.0,0.2978535634279251,0.2978535634279251,30.097794494628907,0.9977530574798584,1.0021099591255187,0.06555012233555317,0.0,0.04000122994184494,0.22099916785955429,0.595997286438942,0.0,4.545146101008868e-05,0.00012671530348598025,0.00026131490827538075,0.0003932475854526274,0.34457710072398184,0.5398747301101685,cola,44
B,glue_v1,bert.encoder.layer.7.attention.self.value,7,V,sweep,6,6,1.0,0.016129032258064516,0.016129032258064516,0.03225806451612903,0.0,False,0.0,0.18831747606396676,0.18831747606396676,18.225913047790527,0.9985080438852311,1.0014710557460784,0.053455243967473504,0.0,0.0638459587469697,0.30179467976093294,0.6811981815099716,0.0,0.00010091684620419983,0.0005269702471559867,0.003385504538891837,0.004877043329179287,0.34457710072398184,0.4678720897436142,cola,44
B,glue_v1,bert.encoder.layer.8.intermediate.dense,8,FFN1,sweep,6,6,1.0,0.016129032258064516,0.016129032258064516,0.03225806451612903,0.0,False,0.03056758612394333,0.577393918633461,0.5640741938352585,113.64270614624023,0.9918741792440414,1.0061933088302613,0.12350769624114037,0.0,0.011781716775149107,0.07286233074963093,0.3394484838843346,0.0,0.000202230027935002,0.0006040614724042825,0.001667302853311412,0.0028965503978542985,0.3646139572560787,0.7233982455730438,cola,44
B,glue_v1,bert.encoder.layer.8.output.dense,8,FFN2,sweep,6,6,1.0,0.016129032258064516,0.016129032258064516,0.03225806451612903,0.0,False,0.10007921189069748,0.14227697387337684,0.04689078506082296,6.2050571489334105,0.9994180959463119,1.0005726528167724,0.03357933759689331,0.0,0.16299864694476127,0.45742577701807025,0.7615557366609573,0.0,0.0001786919912410667,0.0005395615077577531,0.0010844729223754258,0.0015701000019907952,0.4101723782718182,0.43782132998108864,cola,44
B,glue_v1,bert.encoder.layer.8.attention.self.key,8,K,sweep,6,6,1.0,0.016129032258064516,0.016129032258064516,0.03225806451612903,0.0,False,0.0,0.31345454305410386,0.31345454305410386,34.07614849090576,0.9970126217603683,1.002749969959259,0.07536899626255035,0.0,0.034650150202214715,0.18710166200995446,0.5403749442100525,0.0,9.649543691921281e-05,0.00028168278658995404,0.0006946419773157686,0.0010469272537739016,0.34457710072398184,0.549972634613514,cola,44
B,glue_v1,bert.encoder.layer.8.attention.output.dense,8,O,sweep,6,6,1.0,0.016129032258064516,0.016129032258064516,0.03225806451612903,0.0,False,0.10002961747348309,0.1421448539197445,0.0467962883412838,6.171799378395081,0.9994312739372253,1.000568220615387,0.03328547216951847,0.0,0.16383332192897795,0.4581891605257988,0.7638214844465255,0.0,0.00023244544165208935,0.0010317362623754889,0.0028505318833049386,0.003935776399448514,0.41012874826788903,0.43772637158632277,cola,44
B,glue_v1,bert.encoder.layer.8.attention.self.query,8,Q,sweep,6,6,1.0,0.016129032258064516,0.016129032258064516,0.03225806451612903,0.0,False,0.0,0.28504444777965543,0.28504444777965543,30.17692859649658,0.9971769589185715,1.0025201523303986,0.07185793839395047,0.0,0.04123893335461617,0.2132321308553219,0.5754818040132522,0.0,5.9989218389091544e-05,0.0002733809343772009,0.0007961613035877235,0.001201260217349045,0.34457710072398184,0.5317419648170472,cola,44
B,glue_v1,bert.encoder.layer.8.attention.self.value,8,V,sweep,6,6,1.0,0.016129032258064516,0.016129032258064516,0.03225806451612903,0.0,False,0.0,0.16955801382660865,0.16955801382660865,16.21873854637146,0.9985155820846557,1.0014840829372407,0.05307009615004063,0.0,0.07022131469100713,0.30749345749616624,0.6792524152994156,0.0,0.00012153300107456744,0.0006063873675884679,0.003753331145271659,0.005515823485329747,0.34457710072398184,0.4558249506354332,cola,44
B,glue_v1,bert.encoder.layer.9.intermediate.dense,9,FFN1,sweep,6,6,1.0,0.016129032258064516,0.016129032258064516,0.03225806451612903,0.0,False,0.0510757564753294,0.6360269492864609,0.6164474695920944,213.47725601196288,0.9867637223005294,1.0086281728744506,0.15764742568135262,0.0,0.009583922382444144,0.05355411291122437,0.254352113455534,0.0,0.0002005171700147912,0.000615055804955773,0.0013201887591276318,0.001861096399370581,0.37810021489858625,0.7616759246587753,cola,44
B,glue_v1,bert.encoder.layer.9.output.dense,9,FFN2,sweep,6,6,1.0,0.016129032258064516,0.016129032258064516,0.03225806451612903,0.0,False,0.09973713532090187,0.14195418030023574,0.04689405862241983,6.185133795738221,0.9994292664527893,1.0005729603767395,0.0333718952909112,0.0,0.16321319848299026,0.4576908561587334,0.7638370680809021,0.0,0.00015240347442158964,0.0004375807239557616,0.0009222684812266379,0.0012115271441871301,0.409946201890707,0.43761840373277666,cola,44
B,glue_v1,bert.encoder.layer.9.attention.self.key,9,K,sweep,6,6,1.0,0.016129032258064516,0.016129032258064516,0.03225806451612903,0.0,False,0.0,0.3197283470630646,0.3197283470630646,34.819731884002685,0.9971987926959991,1.0025205576419831,0.072967796549201,0.0,0.034268962517380715,0.1967839579284191,0.5513006871938706,0.0,0.00010470570538018365,0.0003258004072995391,0.0006608134787529706,0.0008504000547691249,0.34457710072398184,0.5544419091939926,cola,44
B,glue_v1,bert.encoder.layer.9.attention.output.dense,9,O,sweep,6,6,1.0,0.016129032258064516,0.016129032258064516,0.03225806451612903,0.0,False,0.0998233912140131,0.141442419141531,0.04623425398021937,6.091726889610291,0.9994423091411591,1.0005561339855193,0.03298565847799182,0.0,0.16601593017578126,0.46263927429914475,0.7679877865314484,0.0,0.00019324633394717238,0.0007531337213004008,0.0022891422326210887,0.004085071780718863,0.41002050578594207,0.43728934913873674,cola,44
B,glue_v1,bert.encoder.layer.9.attention.self.query,9,Q,sweep,6,6,1.0,0.016129032258064516,0.016129032258064516,0.03225806451612903,0.0,False,0.0,0.2504718752205372,0.2504718752205372,25.557468338012697,0.9977515184879303,1.0021287500858307,0.06548016138374806,0.0,0.04564334601163864,0.23048985317349435,0.5982655769586563,0.0,5.7026400609174745e-05,0.000260271459701471,0.0008358403149759397,0.001201662523963023,0.34457710072398184,0.5092560869455337,cola,44
B,glue_v1,bert.encoder.layer.9.attention.self.value,9,V,sweep,6,6,1.0,0.016129032258064516,0.016129032258064516,0.03225806451612903,0.0,False,0.0,0.19533442839980125,0.19533442839980125,19.140897378921508,0.9981074196100235,1.001889237165451,0.05938021551817656,0.0,0.06065513983368873,0.2742775273323059,0.6377406561374664,0.0,0.00018274015368660912,0.0007758279587142169,0.0023494438035413625,0.0033360123715829105,0.34457710072398184,0.47289244443178174,cola,44
B,glue_v1,bert.encoder.layer.10.intermediate.dense,10,FFN1,sweep,6,6,1.0,0.016129032258064516,0.016129032258064516,0.03225806451612903,0.0,False,0.019980213344097136,0.6877830946445465,0.6814122664928436,141.83010818481446,0.9829526829719544,1.009775960445404,0.1791652461886406,0.0,0.00811179032549262,0.04440436311066151,0.2205063720047474,0.0,0.0001708862202212913,0.0006206329964334145,0.0014452378818532452,0.001838239460485056,0.35771300956606866,0.7956501442193985,cola,44
B,glue_v1,bert.encoder.layer.10.output.dense,10,FFN2,sweep,6,6,1.0,0.016129032258064516,0.016129032258064516,0.03225806451612903,0.0,False,0.09995007425546647,0.14196158125996589,0.04667727861553431,6.037082891464234,0.9994623696804047,1.0005372726917268,0.03250535991042852,0.0,0.16703637316823006,0.4669953492283821,0.771523739695549,0.0,0.00010995776312483941,0.0003499792894581333,0.0009646709897788242,0.0012157825432950631,0.41009062230587007,0.43765375792980193,cola,44
B,glue_v1,bert.encoder.layer.10.attention.self.key,10,K,sweep,6,6,1.0,0.016129032258064516,0.016129032258064516,0.03225806451612903,0.0,False,0.0,0.2731942048668861,0.2731942048668861,27.861139049530028,0.9974192208051682,1.0023961353302002,0.07010002389550209,0.0,0.0415075982734561,0.20917876586318015,0.55935497879982,0.0,0.00010964560977299697,0.0003277626432827674,0.0006910739888553507,0.0009421974376891739,0.34457710072398184,0.5236230698227883,cola,44
B,glue_v1,bert.encoder.layer.10.attention.output.dense,10,O,sweep,6,6,1.0,0.016129032258064516,0.016129032258064516,0.03225806451612903,0.0,False,0.09981171362102031,0.14281140491366387,0.04776721153408289,6.314680705070495,0.9993962681293488,1.0006088817119598,0.033919887617230415,0.0,0.16166154593229293,0.457203189432621,0.7642238610982894,0.0,0.0001371896736236522,0.0005026986039592885,0.0014419226959580555,0.002509314805502072,0.40999102368950846,0.43818356335163117,cola,44
B,glue_v1,bert.encoder.layer.10.attention.self.query,10,Q,sweep,6,6,1.0,0.016129032258064516,0.016129032258064516,0.03225806451612903,0.0,False,0.0,0.22430798307061195,0.22430798307061195,22.141247634887694,0.9979506272077561,1.0019514226913453,0.06222360074520111,0.0,0.05444865588098764,0.2508292064070702,0.6050568681955337,0.0,4.7211531782522794e-05,0.00019263147965830284,0.000561304164584726,0.0008628603527904488,0.34457710072398184,0.491457993388176,cola,44
B,glue_v1,bert.encoder.layer.10.attention.self.value,10,V,sweep,6,6,1.0,0.016129032258064516,0.016129032258064516,0.03225806451612903,0.0,False,0.0,0.20228732198476793,0.20228732198476793,20.67634481430054,0.9975254201889038,1.002376948595047,0.06667027320712805,0.0,0.05715467575937509,0.24626808285713195,0.6080853444337845,0.0,0.00019123365069390275,0.0007612542129936628,0.0019832133053569122,0.002738131687510759,0.34457710072398184,0.47713242411613466,cola,44
B,glue_v1,bert.encoder.layer.11.intermediate.dense,11,FFN1,sweep,6,6,1.0,0.016129032258064516,0.016129032258064516,0.03225806451612903,0.0,False,0.910338612794876,0.9589301991462708,0.5435102820396424,7.060247488021851,0.08978089474141598,0.09141185507178307,0.012568119447678328,0.0,0.0,0.00012479992754265367,0.06869550485163928,0.0,0.0,3.613894514273852e-06,0.001454613740206696,0.0020956467895302923,0.9408059132099151,0.9728238958120347,cola,44
B,glue_v1,bert.encoder.layer.11.output.dense,11,FFN2,sweep,6,6,1.0,0.016129032258064516,0.016129032258064516,0.03225806451612903,0.0,False,0.9183846753835678,0.9218662047386169,0.04265931211411953,0.5132517728209496,0.09067626953125,0.09075766690075397,0.0027067862194962797,0.0,0.0,0.0004323265329003334,0.48734615445137025,0.0,0.0,4.895099555142224e-06,0.0011461337679065764,0.0013443277741316706,0.9461133861541748,0.9484123569726944,cola,44
B,glue_v1,bert.encoder.layer.11.attention.self.key,11,K,sweep,6,6,1.0,0.016129032258064516,0.016129032258064516,0.03225806451612903,0.0,False,0.0,0.5383352679014206,0.5383352679014206,91.79045989990234,0.9948584282398224,1.0039376783370972,0.09969098784029484,0.0,0.013636928461492061,0.1007803973555565,0.37634671688079835,0.0,0.00016953216116235125,0.00039730886186589487,0.0007447480713017285,0.0009728695594822057,0.34457710072398184,0.6969925493001938,cola,44
B,glue_v1,bert.encoder.layer.11.attention.output.dense,11,O,sweep,6,6,1.0,0.016129032258064516,0.016129032258064516,0.03225806451612903,0.0,False,0.9184014886617661,0.9220095783472061,0.04417238552123308,0.5303528168797493,0.09067141391336918,0.09076774820685386,0.0028505979385226965,0.0,0.0,0.0004222453013062477,0.4648015120625496,0.0,0.0,5.9562845854088665e-06,0.0014342471130657942,0.00249655511113815,0.9461258268356323,0.9485085165500641,cola,44
B,glue_v1,bert.encoder.layer.11.attention.self.query,11,Q,sweep,6,6,1.0,0.016129032258064516,0.016129032258064516,0.03225806451612903,0.0,False,0.9092832571268081,0.9207960969209671,0.12638021230697633,1.189072118997574,0.09058871343731881,0.09084152519702911,0.004714956390671432,0.0,0.0,0.0011231853165105576,0.2888160271942615,0.0,0.0,8.354793681064621e-07,0.0005027528619393707,0.0008893670843099243,0.9401087814569473,0.947755337357521,cola,44
B,glue_v1,bert.encoder.layer.11.attention.self.value,11,V,sweep,6,6,1.0,0.016129032258064516,0.016129032258064516,0.03225806451612903,0.0,False,0.10754910886287689,0.29410986334085465,0.20903918668627738,46.790157299041745,0.9975818377733231,1.002341319322586,0.06626128572970628,0.0,0.044431359022855756,0.22852037563920022,0.5940617126226425,0.0,0.00022544166480656714,0.0005858560698106885,0.001769177738460712,0.002671412277268246,0.4149941082298756,0.5369862854480744,cola,44
B,glue_v1,bert.encoder.layer.0.intermediate.dense,0,FFN1,baseline,7,9,1.0,0.007936507936507936,0.007936507936507936,0.015873015873015872,0.0,False,0.0005515209143050015,0.5617491978406907,0.5615075799822807,193.06431663513183,0.9974411982297897,1.0019976300001145,0.06951293054968119,0.0,0.005865928481798619,0.044436995089054104,0.2918320161104202,0.0,9.230503472281271e-05,0.0002754186702804873,0.0007055292277073022,0.0010587614594260231,0.3451553276181221,0.7130198475718498,cola,44
B,glue_v1,bert.encoder.layer.0.output.dense,0,FFN2,baseline,7,9,1.0,0.007936507936507936,0.007936507936507936,0.015873015873015872,0.0,False,0.10010519001632928,0.12056122496724128,0.02273159862495959,6.096487681865693,0.9998677763342857,1.0001351153850555,0.01608868930954486,0.0,0.16569504596292972,0.46471735432744027,0.7706179904937744,0.0,8.050541999182314e-05,0.0002200238930527121,0.0003967260120407445,0.0005216542491689324,0.410373999029398,0.42377548590302466,cola,44
B,glue_v1,bert.encoder.layer.0.attention.self.key,0,K,baseline,7,9,1.0,0.007936507936507936,0.007936507936507936,0.015873015873015872,0.0,False,0.0,0.1013328217342496,0.1013328217342496,20.475669059753418,0.9994571679830551,1.0005547469854355,0.03190363074652851,0.0,0.055864498298615214,0.23723973460495473,0.6006226354837417,0.0,5.446837098133983e-05,0.00013807414667098782,0.0003124879132155911,0.00043429401732282715,0.3447944433242083,0.41120055824518204,cola,44
B,glue_v1,bert.encoder.layer.0.attention.output.dense,0,O,baseline,7,9,1.0,0.007936507936507936,0.007936507936507936,0.015873015873015872,0.0,False,0.09998400092124939,0.12024098325520755,0.022507286937907336,6.051003608703613,0.9998680028319359,1.0001301512122154,0.016076628267765045,0.0,0.16680486977100373,0.46497266545891763,0.7696868613362312,0.0,0.0001250580774649279,0.000320246450646664,0.0005845488976046908,0.0008029554554377683,0.41029841706156733,0.423567833006382,cola,44
B,glue_v1,bert.encoder.layer.0.attention.self.query,0,Q,baseline,7,9,1.0,0.007936507936507936,0.007936507936507936,0.015873015873015872,0.0,False,0.0,0.08921860419213772,0.08921860419213772,16.938619570732115,0.9995074668526649,1.0004928141832352,0.03036350323818624,0.0,0.06633561888709665,0.25581334844231607,0.6043326869606972,0.0,4.0129843964678005e-05,0.0001170171370904427,0.00027055383987317327,0.0004228211731970077,0.3447944433242083,0.40337703824043275,cola,44
B,glue_v1,bert.encoder.layer.0.attention.self.value,0,V,baseline,7,9,1.0,0.007936507936507936,0.007936507936507936,0.015873015873015872,0.0,False,7.57025190978311e-08,0.07451683618128299,0.07451676607131957,14.81185586452484,0.9995776104927063,1.0004415661096573,0.02811324785463512,0.0,0.07321012714877724,0.27840076364576816,0.6418480861186981,0.0,0.0001167543041810859,0.00030439875954471065,0.0006101756432326511,0.0008299100413569249,0.34479449115693567,0.3935681600123644,cola,44
B,glue_v1,bert.encoder.layer.1.intermediate.dense,1,FFN1,baseline,7,9,1.0,0.007936507936507936,0.007936507936507936,0.015873015873015872,0.0,False,0.0006555579233099707,0.47280061736702916,0.472454998344183,118.65775821685791,0.9976125499606132,1.0020384001731872,0.06721366567537189,0.0,0.00897147790528834,0.05432098986580968,0.31462913259863856,0.0,0.00010304721050488297,0.00029242766540846785,0.0005883489924599416,0.0008144530536083039,0.3452239403128624,0.6543842369318008,cola,44
B,glue_v1,bert.encoder.layer.1.output.dense,1,FFN2,baseline,7,9,1.0,0.007936507936507936,0.007936507936507936,0.015873015873015872,0.0,False,0.09996708795428276,0.12077301055192947,0.023116905679926275,6.1811103653907775,0.9998652857542037,1.0001398134231567,0.016232867701910438,0.0,0.16349427208304404,0.460676905810833,0.7689264383912087,0.0,0.00010003727718867595,0.0002588817072683014,0.0004594905367412139,0.0005729312833864242,0.4102889749407768,0.4239188531786203,cola,44
B,glue_v1,bert.encoder.layer.1.attention.self.key,1,K,baseline,7,9,1.0,0.007936507936507936,0.007936507936507936,0.015873015873015872,0.0,False,0.0,0.13511282958090307,0.13511282958090307,23.66524127960205,0.9994090345501899,1.0005651539564133,0.03308145735412836,0.0,0.05079005464911461,0.2339105273038149,0.5850463744997978,0.0,5.050748062785715e-05,0.0001330318132750108,0.0002891939423352596,0.00039794678377802484,0.3447944433242083,0.43333392083644867,cola,44
B,glue_v1,bert.encoder.layer.1.attention.output.dense,1,O,baseline,7,9,1.0,0.007936507936507936,0.007936507936507936,0.015873015873015872,0.0,False,0.09993468131870031,0.1211241551488638,0.023542207740247248,6.324000506401062,0.9998561996221542,1.0001458737254143,0.016656157774850727,0.0,0.16032836511731147,0.45433670952916144,0.7619436857104301,0.0,0.00013934539223555475,0.00041241567392717114,0.0008960734787979163,0.001260571996535873,0.410276221036911,0.42416380509734153,cola,44
B,glue_v1,bert.encoder.layer.1.attention.self.query,1,Q,baseline,7,9,1.0,0.007936507936507936,0.007936507936507936,0.015873015873015872,0.0,False,0.0,0.14877350077033044,0.14877350077033044,24.54802366256714,0.9993162304162979,1.0006728708744048,0.03565076759085059,0.0,0.04607360854744911,0.20801218427717685,0.5516989412903786,0.0,4.515344973697211e-05,0.0001352136299465201,0.0002819049054960487,0.0004504886472568614,0.3447944433242083,0.44239515483379366,cola,44
B,glue_v1,bert.encoder.layer.1.attention.self.value,1,V,baseline,7,9,1.0,0.007936507936507936,0.007936507936507936,0.015873015873015872,0.0,False,0.0,0.12425953220576048,0.12425953220576048,19.62219928741455,0.9994640237092972,1.000518581867218,0.031146159535273908,0.0,0.05908780394122005,0.2551599033176899,0.6161025881767273,0.0,9.969856055249692e-05,0.00032972951405099596,0.000915131271322025,0.0014359671859710942,0.3447944433242083,0.4263838531821966,cola,44
B,glue_v1,bert.encoder.layer.2.intermediate.dense,2,FFN1,baseline,7,9,1.0,0.007936507936507936,0.007936507936507936,0.015873015873015872,0.0,False,0.001480334826046601,0.4511912803351879,0.4503779083490372,108.34910148620605,0.9975682187080384,1.0020990949869155,0.06718375332653523,0.0,0.009853147584944964,0.057734433356672527,0.32289154633879663,0.0,0.00011879030014824821,0.0003348965995246544,0.0007211163941246924,0.001025312120473245,0.3457630630582571,0.6402934923768043,cola,44
B,glue_v1,bert.encoder.layer.2.output.dense,2,FFN2,baseline,7,9,1.0,0.007936507936507936,0.007936507936507936,0.015873015873015872,0.0,False,0.10000157363712787,0.12389704547822475,0.026550820730626583,7.107990627288818,0.9998041954636574,1.0001877495646476,0.018507375745102764,0.0,0.1468914569914341,0.43557815060019495,0.7466357359290123,0.0,0.00013005376247747337,0.0003601580807298888,0.0007479596146731638,0.0012621599719568621,0.41031174167990686,0.42595977351069453,cola,44
B,glue_v1,bert.encoder.layer.2.attention.self.key,2,K,baseline,7,9,1.0,0.007936507936507936,0.007936507936507936,0.015873015873015872,0.0,False,0.0,0.19995309188961982,0.19995309188961982,24.463063535690306,0.9994904991984367,1.0004796129465103,0.030997923258692026,0.0,0.047446102537214756,0.23679600678384305,0.5913466522097588,0.0,4.4407200539353654e-05,0.00011846753241115949,0.00023034552097669802,0.0002946731627525878,0.3447944433242083,0.47562050968408587,cola,44
B,glue_v1,bert.encoder.layer.2.attention.output.dense,2,O,baseline,7,9,1.0,0.007936507936507936,0.007936507936507936,0.015873015873015872,0.0,False,0.09999128673225641,0.12150815591216087,0.023907285071909427,6.396576550006866,0.9998511958122254,1.0001467409729958,0.016800515977665784,0.0,0.1593172989785671,0.45345297604799273,0.7618393129110337,0.0,0.00015073474569362588,0.0004290378878067713,0.0010031824908219278,0.0015108126218547112,0.41029617823660375,0.4243988299369812,cola,44
B,glue_v1,bert.encoder.layer.2.attention.self.query,2,Q,baseline,7,9,1.0,0.007936507936507936,0.007936507936507936,0.015873015873015872,0.0,False,7.07653998688329e-08,0.2453348822146654,0.24533482931554318,29.35590436935425,0.9993865042924881,1.0006028485298157,0.033968278001993896,0.0,0.038235002495348454,0.2015821799635887,0.5408037610352039,0.0,4.087402939148888e-05,0.0001246751722646877,0.0002673070066884975,0.00037566666054772213,0.34479449756443503,0.5055822251737118,cola,44
B,glue_v1,bert.encoder.layer.2.attention.self.value,2,V,baseline,7,9,1.0,0.007936507936507936,0.007936507936507936,0.015873015873015872,0.0,False,0.0,0.1095253810286522,0.1095253810286522,19.04096781730652,0.9995791587233543,1.000415451526642,0.027912146020680664,0.0,0.0635287975333631,0.28871146649122237,0.6613632926344871,0.0,0.00011330439705488971,0.000323039547438384,0.0007341687822190579,0.0009941237450402695,0.3447944433242083,0.4165191536396742,cola,44
B,glue_v1,bert.encoder.layer.3.intermediate.dense,3,FFN1,baseline,7,9,1.0,0.007936507936507936,0.007936507936507936,0.015873015873015872,0.0,False,0.0029921543970704077,0.49237608432769775,0.4908531507849693,416.02237701416016,0.9975974661111832,1.0019346231222153,0.06570631135255098,0.0,0.008238887866027653,0.05606680335476995,0.331436315625906,0.0,0.0001376356338369078,0.0003958207918185508,0.0012006071102223358,0.0022245502390433104,0.3467503695935011,0.6674631297588348,cola,44
B,glue_v1,bert.encoder.layer.3.output.dense,3,FFN2,baseline,7,9,1.0,0.007936507936507936,0.007936507936507936,0.015873015873015872,0.0,False,0.1000918060913682,0.12141774263232946,0.02369780064560473,6.365451276302338,0.9998533162474632,1.0001445707678795,0.016732586324214937,0.0,0.1597523258626461,0.45319816797971724,0.7614395877718926,0.0,0.0001354878581696539,0.00031553623332001733,0.0005847003999224398,0.0008849470438144635,0.41036363802850245,0.42433404430747035,cola,44
B,glue_v1,bert.encoder.layer.3.attention.self.key,3,K,baseline,7,9,1.0,0.007936507936507936,0.007936507936507936,0.015873015873015872,0.0,False,0.0,0.12306529723107815,0.12306529723107815,21.83317544937134,0.9994477665424347,1.0005485850572586,0.032268301965668794,0.0,0.05231639340519905,0.2340981875360012,0.589702627658844,0.0,5.955708415058325e-05,0.00014963656867621465,0.0002715253832138842,0.0003552837678580545,0.3447944433242083,0.4254166252166033,cola,44
B,glue_v1,bert.encoder.layer.3.attention.output.dense,3,O,baseline,7,9,1.0,0.007936507936507936,0.007936507936507936,0.015873015873015872,0.0,False,0.09992655750364066,0.131693188585341,0.0352937597874552,9.506864900588988,0.99962919652462,1.000376028418541,0.023631009049713613,0.0,0.11817793514579535,0.3969231204688549,0.7163940659165382,0.0,0.00022027216640708503,0.0007162734937446657,0.0022743987856665626,0.0042423796060029415,0.41026938073337077,0.4310360936820507,cola,44
B,glue_v1,bert.encoder.layer.3.attention.self.query,3,Q,baseline,7,9,1.0,0.007936507936507936,0.007936507936507936,0.015873015873015872,0.0,False,7.398200978059322e-08,0.12713976204395294,0.12713969744741915,22.76094572067261,0.9993742665648461,1.0006119912862779,0.03391367495059967,0.0,0.04975285531952977,0.22605432003736495,0.5899951910972595,0.0,4.510748165557743e-05,0.00014254443958634512,0.00035292946624394973,0.0005431267531821504,0.34479449115693567,0.42816937774419783,cola,44
B,glue_v1,bert.encoder.layer.3.attention.self.value,3,V,baseline,7,9,1.0,0.007936507936507936,0.007936507936507936,0.015873015873015872,0.0,False,0.0,0.09213656924664974,0.09213656924664974,14.995260491371155,0.9996405372023582,1.0003560835123062,0.02610156923532486,0.0,0.07408374663442373,0.3032155154645443,0.6720744669437408,0.0,0.00011634268863417673,0.0003861938220507,0.0008160489573492669,0.001110291067743674,0.3447944433242083,0.405194595977664,cola,44
B,glue_v1,bert.encoder.layer.4.intermediate.dense,4,FFN1,baseline,7,9,1.0,0.007936507936507936,0.007936507936507936,0.015873015873015872,0.0,False,0.0017089748819125816,0.4753124187886715,0.4744145248830318,400.4273748779297,0.9978184363245964,1.0018766808509827,0.06411450173705817,0.0,0.008932275758124887,0.058844038341194393,0.3229564242064953,0.0,0.0001488751591386972,0.00038896766884136016,0.0007860912762407679,0.0010697234529652632,0.3459133414924145,0.6563251879811287,cola,44
B,glue_v1,bert.encoder.layer.4.output.dense,4,FFN2,baseline,7,9,1.0,0.007936507936507936,0.007936507936507936,0.015873015873015872,0.0,False,0.09993899069726467,0.12094954159110785,0.023343598935753107,6.240284097194672,0.999861122071743,1.0001428553462028,0.016433208705857395,0.0,0.16215257942676545,0.4567240372300148,0.7635922893881798,0.0,0.00014567300779162905,0.00034357970049313734,0.0006203399226069451,0.0008690194503287785,0.410273106098175,0.4240384441614151,cola,44
B,glue_v1,bert.encoder.layer.4.attention.self.key,4,K,baseline,7,9,1.0,0.007936507936507936,0.007936507936507936,0.015873015873015872,0.0,False,0.0,0.13685236148536206,0.13685236148536206,25.73195284843445,0.999327027797699,1.0006484758853913,0.03534058228135109,0.0,0.04534217508509755,0.21274735122919083,0.5617655456066132,0.0,7.614396050485083e-05,0.00018865062687837053,0.00035550069813325533,0.00046813257824396715,0.3447944433242083,0.4343340530991554,cola,44
B,glue_v1,bert.encoder.layer.4.attention.output.dense,4,O,baseline,7,9,1.0,0.007936507936507936,0.007936507936507936,0.015873015873015872,0.0,False,0.10000147681683302,0.12759069819003344,0.030654485570266843,8.219495282173156,0.9997280737757683,1.0002725464105606,0.020970862302929164,0.0,0.1311536056175828,0.41338416561484337,0.7297391614317894,0.0,0.00020707313626189717,0.000575347108533606,0.0015095862120506353,0.0026729860543855464,0.41032954141497613,0.42839637875556946,cola,44
B,glue_v1,bert.encoder.layer.4.attention.self.query,4,Q,baseline,7,9,1.0,0.007936507936507936,0.007936507936507936,0.015873015873015872,0.0,False,0.0,0.1385784950479865,0.1385784950479865,25.817209997177123,0.9994137418270111,1.0005725306272506,0.03308278860524297,0.0,0.048036934584379194,0.22939243651926516,0.5909010872244835,0.0,5.021569049858954e-05,0.0001378056603425648,0.00030530502648616674,0.00044263824398512954,0.3447944433242083,0.4358332405984402,cola,44
B,glue_v1,bert.encoder.layer.4.attention.self.value,4,V,baseline,7,9,1.0,0.007936507936507936,0.007936507936507936,0.015873015873015872,0.0,False,0.0,0.09791951783001424,0.09791951783001424,18.103959684371947,0.999534165263176,1.0004604578018188,0.028990296749398112,0.0,0.06511770358309149,0.28636242881417273,0.6535319021344185,0.0,0.00011192714919161517,0.0004047958457522327,0.0010477988497586922,0.0014603688291390427,0.3447944433242083,0.40894317738711833,cola,44
B,glue_v1,bert.encoder.layer.5.intermediate.dense,5,FFN1,baseline,7,9,1.0,0.007936507936507936,0.007936507936507936,0.015873015873015872,0.0,False,0.0016215892834588886,0.45730006515979765,0.45641891956329345,191.6603387451172,0.9977883958816528,1.0019189023971558,0.06433341583237052,0.0,0.009667767467908562,0.06134311087429523,0.3308957590162754,0.0,0.0001549728111422155,0.0004348675630171783,0.0009276786223927047,0.0013368866947712377,0.34585669845342637,0.6445469558238983,cola,44
B,glue_v1,bert.encoder.layer.5.output.dense,5,FFN2,baseline,7,9,1.0,0.007936507936507936,0.007936507936507936,0.015873015873015872,0.0,False,0.09989714417606592,0.12053645506501198,0.022929955376312136,6.137621457576752,0.9998658609390259,1.0001391604542733,0.01622428557369858,0.0,0.16437773503363132,0.4599476233124733,0.7665913286805153,0.0,0.00015208272001473232,0.0003500350537797203,0.0006232476069999393,0.0007920478493906557,0.4102559667080641,0.4237736091017723,cola,44
B,glue_v1,bert.encoder.layer.5.attention.self.key,5,K,baseline,7,9,1.0,0.007936507936507936,0.007936507936507936,0.015873015873015872,0.0,False,0.0,0.1352594605460763,0.1352594605460763,23.31372975349426,0.9994990277290344,1.000491173863411,0.03094933819025755,0.0,0.04951183775439858,0.24107799701392651,0.6140863928198814,0.0,6.552699434905662e-05,0.00015732977492007193,0.00029057511339487975,0.00036607492809707763,0.3447944433242083,0.43327499508857725,cola,44
B,glue_v1,bert.encoder.layer.5.attention.output.dense,5,O,baseline,7,9,1.0,0.007936507936507936,0.007936507936507936,0.015873015873015872,0.0,False,0.09995348781347274,0.126966339237988,0.030013053035363554,8.03400140285492,0.99974245429039,1.0002510398626328,0.020650859577581285,0.0,0.13257966317236425,0.4147660039365292,0.7295675629377365,0.0,0.0002221777194063179,0.0006219334392517339,0.0017075841382029465,0.0028030903491890057,0.4102827097475529,0.4279691545665264,cola,44
B,glue_v1,bert.encoder.layer.5.attention.self.query,5,Q,baseline,7,9,1.0,0.007936507936507936,0.007936507936507936,0.015873015873015872,0.0,False,0.0,0.14167551789432764,0.14167551789432764,23.197625312805176,0.999454228579998,1.0005378699302674,0.032075654994696376,0.0,0.048881113789975644,0.23557625025510787,0.5983450201153755,0.0,4.791761535670957e-05,0.0001363144272181671,0.00029217701929155736,0.0004381180110067362,0.3447944433242083,0.4376427295804024,cola,44
B,glue_v1,bert.encoder.layer.5.attention.self.value,5,V,baseline,7,9,1.0,0.007936507936507936,0.007936507936507936,0.015873015873015872,0.0,False,0.0,0.08998798850923777,0.08998798850923777,15.199450092315674,0.9996740674972534,1.0003227162361146,0.024935585046187043,0.0,0.07617367524653673,0.3226998545229435,0.6912652212381363,0.0,9.146131307716132e-05,0.00028042914018442386,0.0010115140417474322,0.0014610473718494176,0.3447944433242083,0.4036666614562273,cola,44
B,glue_v1,bert.encoder.layer.6.intermediate.dense,6,FFN1,baseline,7,9,1.0,0.007936507936507936,0.007936507936507936,0.015873015873015872,0.0,False,0.0008901720639551058,0.4330331093072891,0.43252818450331687,106.88846340179444,0.9976904863119125,1.0019911050796508,0.06573528675362468,0.0,0.010644666920416056,0.06268814869225026,0.32929114386439323,0.0,0.0001641872766413144,0.0004300680720189121,0.0008411543481633998,0.0011387191870016978,0.3453775840252638,0.6286169102787972,cola,44
B,glue_v1,bert.encoder.layer.6.output.dense,6,FFN2,baseline,7,9,1.0,0.007936507936507936,0.007936507936507936,0.015873015873015872,0.0,False,0.10006217401474714,0.12039569567888975,0.022594438353553414,6.053337576389313,0.9998691794276238,1.0001337078213692,0.016046481314115225,0.0,0.16652365133166314,0.463648865967989,0.7694502809643745,0.0,0.0001552537270981702,0.00036804481169383507,0.000675717008416541,0.000887450868904125,0.41035711832344535,0.42368085592985155,cola,44
B,glue_v1,bert.encoder.layer.6.attention.self.key,6,K,baseline,7,9,1.0,0.007936507936507936,0.007936507936507936,0.015873015873015872,0.0,False,0.0,0.19025001876056194,0.19025001876056194,37.687037553787235,0.9991367593407631,1.0008129924535751,0.03992267403751612,0.0,0.033554420592263344,0.18097346372902393,0.5229469053447247,0.0,9.077693368453766e-05,0.0002521619867911795,0.0005235938017722219,0.0006893812472844729,0.3447944433242083,0.46949569150805476,cola,44
B,glue_v1,bert.encoder.layer.6.attention.output.dense,6,O,baseline,7,9,1.0,0.007936507936507936,0.007936507936507936,0.015873015873015872,0.0,False,0.10010272793471814,0.12376872811466455,0.02629864927381277,7.054377300739288,0.9998139053583145,1.0001893010735512,0.018423926429823042,0.0,0.14579573534429074,0.4303941017389297,0.7415655621886253,0.0,0.00020690283337899019,0.0005339488506433554,0.0010916162381181494,0.0016045000095618888,0.41038460455834863,0.4258877541124821,cola,44
B,glue_v1,bert.encoder.layer.6.attention.self.query,6,Q,baseline,7,9,1.0,0.007936507936507936,0.007936507936507936,0.015873015873015872,0.0,False,0.0,0.15703332953155041,0.15703332953155041,27.545162649154662,0.9994151157140732,1.0005666774511337,0.033159545073285696,0.0,0.04302808556705713,0.22402158282697202,0.6007200601696968,0.0,4.8251763364532965e-05,0.00014122156884695868,0.00030485526855045464,0.0005009967710793717,0.3447944433242083,0.4478614008426666,cola,44
B,glue_v1,bert.encoder.layer.6.attention.self.value,6,V,baseline,7,9,1.0,0.007936507936507936,0.007936507936507936,0.015873015873015872,0.0,False,0.0,0.10746077496558427,0.10746077496558427,19.775227251052858,0.9996077957749366,1.0003999775648118,0.027271185396239163,0.0,0.0606679555028677,0.2922620545327663,0.6773201844096184,0.0,0.00011611679899942829,0.00039916627742059063,0.0010309938024147414,0.0013550704455701633,0.3447944433242083,0.4152278681844473,cola,44
B,glue_v1,bert.encoder.layer.7.intermediate.dense,7,FFN1,baseline,7,9,1.0,0.007936507936507936,0.007936507936507936,0.015873015873015872,0.0,False,0.0007766387372976169,0.430971744209528,0.4305297604203224,103.04141551971435,0.9972301745414733,1.0023979717493057,0.07131268899887801,0.0,0.010510252546519041,0.05921862114220858,0.3135626257956028,0.0,0.00018542447356594493,0.0005370973954268265,0.0012068625914980658,0.001725808258051984,0.3453032310307026,0.627224230915308,cola,44
B,glue_v1,bert.encoder.layer.7.output.dense,7,FFN2,baseline,7,9,1.0,0.007936507936507936,0.007936507936507936,0.015873015873015872,0.0,False,0.10001321572810412,0.12010753400623798,0.022327454974874855,6.000051045417786,0.999869954586029,1.0001265224814415,0.015984786343760788,0.0,0.16806076385080815,0.46641323864459994,0.7711514621973038,0.0,0.00015793545648193686,0.0003865370735002216,0.0007385915493068751,0.0009674109015031717,0.4103276751190424,0.42349386297166347,cola,44
B,glue_v1,bert.encoder.layer.7.attention.self.key,7,K,baseline,7,9,1.0,0.007936507936507936,0.007936507936507936,0.015873015873015872,0.0,False,0.0,0.1749530004709959,0.1749530004709959,31.856856231689452,0.9993438652157783,1.0006282603740693,0.035275153052061796,0.0,0.03740403529256582,0.20673921525478364,0.5612633368372917,0.0,6.022575225870241e-05,0.00014907507149473532,0.0002961105199938174,0.00037500776597880757,0.3447944433242083,0.4593137547373772,cola,44
B,glue_v1,bert.encoder.layer.7.attention.output.dense,7,O,baseline,7,9,1.0,0.007936507936507936,0.007936507936507936,0.015873015873015872,0.0,False,0.1000845604389906,0.1213224371150136,0.02359970229677856,6.342731239795685,0.9998539555072784,1.0001471197605134,0.016779294535517693,0.0,0.1596454717963934,0.4511627122759819,0.7577781546115875,0.0,0.0001948180938416044,0.0005466501456976402,0.0010263099777512252,0.0013515104961697943,0.41037013098597525,0.42428271353244784,cola,44
B,glue_v1,bert.encoder.layer.7.attention.self.query,7,Q,baseline,7,9,1.0,0.007936507936507936,0.007936507936507936,0.015873015873015872,0.0,False,0.0,0.15291295282542705,0.15291295282542705,25.248655099868774,0.9994635656476021,1.0005243015289307,0.03185996373184025,0.0,0.04498523568734527,0.23420125052332877,0.6098909109830857,0.0,3.933009495085571e-05,0.00010155314754229039,0.0002216503071031184,0.0003361138874606695,0.3447944433242083,0.44499241553246976,cola,44
B,glue_v1,bert.encoder.layer.7.attention.self.value,7,V,baseline,7,9,1.0,0.007936507936507936,0.007936507936507936,0.015873015873015872,0.0,False,0.0,0.11745337173342704,0.11745337173342704,20.80586039543152,0.9996286687254906,1.000368553996086,0.026583476504310966,0.0,0.05808143025264144,0.30526371419429776,0.6897079589962959,0.0,0.0001024654574575834,0.00042682813844294285,0.0009641826277947984,0.001239945021807216,0.3447944433242083,0.42170400388538837,cola,44
B,glue_v1,bert.encoder.layer.8.intermediate.dense,8,FFN1,baseline,7,9,1.0,0.007936507936507936,0.007936507936507936,0.015873015873015872,0.0,False,0.00044275195425143467,0.42735773235559465,0.4271041572093964,101.59935863494873,0.9973792371153831,1.0022668117284774,0.07024249400943518,0.0,0.010659457198344172,0.05797997895628214,0.3095320422947407,0.0,0.00017962883917789442,0.0005058051194646396,0.001002119574113749,0.0014348858245648445,0.3450836244225502,0.6248505398631096,cola,44
B,glue_v1,bert.encoder.layer.8.output.dense,8,FFN2,baseline,7,9,1.0,0.007936507936507936,0.007936507936507936,0.015873015873015872,0.0,False,0.09994493916630745,0.12030034858733415,0.02261565623804927,6.072902309894562,0.9998659592866898,1.00013359695673,0.016183205754496156,0.0,0.16620543360710144,0.4628208030760288,0.7670849484205245,0.0,0.00015093446094397223,0.0003966936047800118,0.0009865831179195084,0.0013408771555987187,0.4102674312889576,0.42360277138650415,cola,44
B,glue_v1,bert.encoder.layer.8.attention.self.key,8,K,baseline,7,9,1.0,0.007936507936507936,0.007936507936507936,0.015873015873015872,0.0,False,0.0,0.1758797836303711,0.1758797836303711,31.862323293685915,0.9993065878748894,1.000666664838791,0.036190062575042245,0.0,0.03711433045566082,0.2004849323630333,0.5517893114686012,0.0,9.638193754653913e-05,0.0002539507517940365,0.0004999531873181695,0.0007014295214321464,0.3447944433242083,0.4597744210064411,cola,44
B,glue_v1,bert.encoder.layer.8.attention.output.dense,8,O,baseline,7,9,1.0,0.007936507936507936,0.007936507936507936,0.015873015873015872,0.0,False,0.10010915212333202,0.12049855764955282,0.022657614098861814,6.105614798069,0.9998661476373673,1.0001443916559218,0.016206168914213778,0.0,0.16519272342324257,0.46031090840697286,0.7654779067635537,0.0,0.00020001009306724882,0.0006143927456287202,0.0011818414818844758,0.0015778666408732534,0.41038408026099205,0.42373589009046553,cola,44
B,glue_v1,bert.encoder.layer.8.attention.self.query,8,Q,baseline,7,9,1.0,0.007936507936507936,0.007936507936507936,0.015873015873015872,0.0,False,0.0,0.14399124521762133,0.14399124521762133,25.49598252296448,0.9993131646513939,1.0006724578142165,0.03520193936303258,0.0,0.046294696386903526,0.22264623768627645,0.5820739328861236,0.0,5.710529876523651e-05,0.00018081289221299812,0.0004841186385601759,0.0007969158430933021,0.3447944433242083,0.4392094574868679,cola,44
B,glue_v1,bert.encoder.layer.8.attention.self.value,8,V,baseline,7,9,1.0,0.007936507936507936,0.007936507936507936,0.015873015873015872,0.0,False,0.0,0.09233325351029635,0.09233325351029635,16.665377316474913,0.9996513903141022,1.0003562557697296,0.025815193168818952,0.0,0.06837867205962539,0.3100820317864418,0.6865078103542328,0.0,0.00012042688409565017,0.0003993361654283944,0.0013683520353515632,0.001911607040965464,0.3447944433242083,0.40521895796060564,cola,44
B,glue_v1,bert.encoder.layer.9.intermediate.dense,9,FFN1,baseline,7,9,1.0,0.007936507936507936,0.007936507936507936,0.015873015873015872,0.0,False,0.0013094895440735855,0.46166824877262114,0.460962942391634,120.2674257659912,0.9962106853723526,1.003192076086998,0.08386914208531379,0.0,0.009228239462245255,0.048469348046928644,0.254179590344429,0.0,0.00018145154244848528,0.0005649140632885974,0.0010933279767050407,0.001436553952516988,0.34565098010003564,0.6472254541516304,cola,44
B,glue_v1,bert.encoder.layer.9.output.dense,9,FFN2,baseline,7,9,1.0,0.007936507936507936,0.007936507936507936,0.015873015873015872,0.0,False,0.09995329204946757,0.1205443050339818,0.022877724450081585,6.101447157859802,0.9998671221733093,1.0001267951726913,0.01615907909348607,0.0,0.1653272558748722,0.4614724507927895,0.7668433728814125,0.0,0.00012992682688491185,0.00040597572529804893,0.0008706694506690838,0.0011330827567144297,0.4102867326885462,0.4237804777920246,cola,44
B,glue_v1,bert.encoder.layer.9.attention.self.key,9,K,baseline,7,9,1.0,0.007936507936507936,0.007936507936507936,0.015873015873015872,0.0,False,0.0,0.17368750490248203,0.17368750490248203,30.810420837402344,0.9993912595510482,1.0005822974443435,0.033890383280813695,0.0,0.03872434962540865,0.21704672083258628,0.5844404429197312,0.0,9.377842196045094e-05,0.00028175482315418777,0.0005929774393007392,0.0007920635180198587,0.3447944433242083,0.45871435090899465,cola,44
B,glue_v1,bert.encoder.layer.9.attention.output.dense,9,O,baseline,7,9,1.0,0.007936507936507936,0.007936507936507936,0.015873015873015872,0.0,False,0.09994551926851272,0.11991925027221441,0.022191766342148186,5.96606467962265,0.9998715338110924,1.0001321309804916,0.015904388101771475,0.0,0.16894758574664592,0.46797325208783147,0.7720761188864708,0.0,0.00016233946469583317,0.00049885428044945,0.001200866032158956,0.0015895500357146375,0.41027902215719225,0.42337417423725127,cola,44
B,glue_v1,bert.encoder.layer.9.attention.self.query,9,Q,baseline,7,9,1.0,0.007936507936507936,0.007936507936507936,0.015873015873015872,0.0,False,0.0,0.13106278903782367,0.13106278903782367,23.729012613296508,0.9994476526975632,1.0005424571037294,0.03232335223816335,0.0,0.04774268444627523,0.23342242911458017,0.6011976817250252,0.0,5.6282798395841384e-05,0.00019971890396845992,0.000519601133200922,0.000898952680581715,0.3447944433242083,0.4308122707903385,cola,44
B,glue_v1,bert.encoder.layer.9.attention.self.value,9,V,baseline,7,9,1.0,0.007936507936507936,0.007936507936507936,0.015873015873015872,0.0,False,0.0,0.09779874477535486,0.09779874477535486,17.882907338142395,0.9995514976978302,1.000450860261917,0.028906355667859315,0.0,0.06312364371493459,0.2761555013805628,0.6397899675369263,0.0,0.00015481772788916714,0.0005356105021201074,0.0016601306753000243,0.0025645050959428773,0.3447944433242083,0.4088432662934065,cola,44
B,glue_v1,bert.encoder.layer.10.intermediate.dense,10,FFN1,baseline,7,9,1.0,0.007936507936507936,0.007936507936507936,0.015873015873015872,0.0,False,0.0004943733030813747,0.5045432080328465,0.504298355281353,138.3510237503052,0.9953662496805191,1.0038119465112687,0.09244997743517161,0.0,0.007832817093003541,0.04290622420608997,0.24271044380962847,0.0,0.00016991454118397086,0.0006053794553736225,0.0012011376072769053,0.0015442501689540223,0.34511777214705947,0.6751321202516556,cola,44
B,glue_v1,bert.encoder.layer.10.output.dense,10,FFN2,baseline,7,9,1.0,0.007936507936507936,0.007936507936507936,0.015873015873015872,0.0,False,0.10004652939736842,0.12010747324675322,0.022291224524378775,5.969586062431335,0.9998716378211975,1.0001303374767303,0.015907070054672658,0.0,0.16874622426927088,0.46710668995976445,0.7697881066799164,0.0,0.00010533992786804447,0.0003507218531740364,0.0008638404970406554,0.001075630036648363,0.41034960955381394,0.4234889253228903,cola,44
B,glue_v1,bert.encoder.layer.10.attention.self.key,10,K,baseline,7,9,1.0,0.007936507936507936,0.007936507936507936,0.015873015873015872,0.0,False,0.0,0.162260587438941,0.162260587438941,27.76206609725952,0.9994234567880631,1.0005504029989243,0.033100313795730474,0.0,0.04278994385153055,0.22376122258603573,0.5823776456713676,0.0,9.628641744711785e-05,0.00030101558870228475,0.000700632588705048,0.0010214396045194008,0.3447944433242083,0.451114637106657,cola,44
B,glue_v1,bert.encoder.layer.10.attention.output.dense,10,O,baseline,7,9,1.0,0.007936507936507936,0.007936507936507936,0.015873015873015872,0.0,False,0.09994878638535738,0.12034732330590486,0.022663732087239624,6.084683554172516,0.9998660477995872,1.0001329207420349,0.016188052529469133,0.0,0.1659350147843361,0.46182827815413474,0.7660323587059975,0.0,0.0001321872715925565,0.0004344696232146816,0.0010810839498299175,0.0013104404692421668,0.410269006639719,0.4236255794018507,cola,44
B,glue_v1,bert.encoder.layer.10.attention.self.query,10,Q,baseline,7,9,1.0,0.007936507936507936,0.007936507936507936,0.015873015873015872,0.0,False,0.0,0.16644294373691082,0.16644294373691082,27.693025569915772,0.9994516709446907,1.0005428802967071,0.03224242756143212,0.0,0.043621038794517515,0.23298127882182598,0.5975451624393463,0.0,4.850198397434724e-05,0.00020057148536579918,0.00045979825728863943,0.000647201811807463,0.3447944433242083,0.45395097345113755,cola,44
B,glue_v1,bert.encoder.layer.10.attention.self.value,10,V,baseline,7,9,1.0,0.007936507936507936,0.007936507936507936,0.015873015873015872,0.0,False,0.0,0.12467636242508888,0.12467636242508888,22.42434865951538,0.9993967670202255,1.0006010377407073,0.03293796118348837,0.0,0.05288808323442936,0.24419837921857834,0.6112273463606834,0.0,0.00017843919042206835,0.0006951283937087282,0.001893947547650896,0.0028591298521496358,0.3447944433242083,0.42642083689570426,cola,44
B,glue_v1,bert.encoder.layer.11.intermediate.dense,11,FFN1,baseline,7,9,1.0,0.007936507936507936,0.007936507936507936,0.015873015873015872,0.0,False,0.9092568415403366,0.9368660408258438,0.30480741292238234,5.590857893228531,0.0905544394440949,0.09095783105120063,0.0059557190129999075,0.0,0.0,0.00021441041069920175,0.06990458812564611,0.0,0.0,6.962734478292986e-06,0.0010522193531505763,0.001457955393998418,0.9401386386156082,0.9583526158332825,cola,44
B,glue_v1,bert.encoder.layer.11.output.dense,11,FFN2,baseline,7,9,1.0,0.007936507936507936,0.007936507936507936,0.015873015873015872,0.0,False,0.9183384871482849,0.9201423233747482,0.022095185965299607,0.5316022515296936,0.09075252771377564,0.0907743988931179,0.0013655324303545058,0.0,0.0,0.00046157588716596367,0.4749811613559723,0.0,0.0,1.0939057101495564e-05,0.0009664075309410692,0.0011079220287501812,0.9461267021298408,0.9473170983791351,cola,44
B,glue_v1,bert.encoder.layer.11.attention.self.key,11,K,baseline,7,9,1.0,0.007936507936507936,0.007936507936507936,0.015873015873015872,0.0,False,0.0,0.35509338691830633,0.35509338691830633,76.52938581466675,0.9985670301318169,1.001269828081131,0.052575064562261103,0.0,0.015828731702640653,0.10683402311056853,0.34097268611192705,0.0,0.00017426779741072095,0.000409208161290735,0.0006868851366743911,0.000847458521311637,0.3447944433242083,0.5771763625741005,cola,44
B,glue_v1,bert.encoder.layer.11.attention.output.dense,11,O,baseline,7,9,1.0,0.007936507936507936,0.007936507936507936,0.015873015873015872,0.0,False,0.9183423191308975,0.9201312562823296,0.021927068484947087,0.5312678879499435,0.09075214358046652,0.09077327437698841,0.0013888409658102318,0.0,0.0,0.00047670484287664293,0.4659938080608845,0.0,0.0,1.1679736780934036e-05,0.0013724265794735403,0.0016376426490023732,0.9461300045251846,0.9473096683621407,cola,44
B,glue_v1,bert.encoder.layer.11.attention.self.query,11,Q,baseline,7,9,1.0,0.007936507936507936,0.007936507936507936,0.015873015873015872,0.0,False,0.9092371585965157,0.9146287563443184,0.05944010574370623,1.0896786972880363,0.09073318816721439,0.09079122334718705,0.00227859549166169,0.0,0.0,0.001536567230478525,0.29234226696193216,0.0,0.0,3.033397260878701e-06,0.0004533875532797538,0.0007023630388721358,0.9401255804300308,0.9436877945065498,cola,44
B,glue_v1,bert.encoder.layer.11.attention.self.value,11,V,baseline,7,9,1.0,0.007936507936507936,0.007936507936507936,0.015873015873015872,0.0,False,0.10061033517122268,0.20323849000036717,0.11410979334264994,44.44511578559875,0.9995198225975037,1.0004708117246628,0.02980785963125527,0.0,0.04725878311321139,0.24743576273322104,0.6225060740113258,0.0,0.000240291054797126,0.000567804222664563,0.0009321908792480826,0.0011476065387250856,0.4106601203978062,0.4776103846728802,cola,44
B,glue_v1,bert.encoder.layer.0.intermediate.dense,0,FFN1,sweep,8,8,1.0,0.003937007874015748,0.003937007874015748,0.007874015748031496,0.0,False,0.002116408417932689,0.4275249600410461,0.4263120773434639,195.799012298584,0.9992896789312362,1.0006273329257964,0.03636938750743866,0.0,0.005831504394300282,0.04454220797866583,0.2928762266039848,0.0,0.00012053829254000447,0.00035817332536680624,0.0010055875190300868,0.0015498499682871625,0.345963838249445,0.6247893068194389,cola,44
B,glue_v1,bert.encoder.layer.0.output.dense,0,FFN2,sweep,8,8,1.0,0.003937007874015748,0.003937007874015748,0.007874015748031496,0.0,False,0.10004814691841603,0.11021940931677818,0.01130190241150558,6.096362619400025,0.9999674946069718,1.0000381410121917,0.007980874008499086,0.0,0.16563104450702668,0.4643579599261284,0.7699405187368393,0.0,0.00010683275046176277,0.0002855905293836258,0.0005230471347749698,0.0007091655183467083,0.4101486112177372,0.41681767627596855,cola,44
B,glue_v1,bert.encoder.layer.0.attention.self.key,0,K,sweep,8,8,1.0,0.003937007874015748,0.003937007874015748,0.007874015748031496,0.0,False,0.0,0.0515896263346076,0.0515896263346076,20.4143332862854,0.9998680305480957,1.0001343452930451,0.015721486397087574,0.0,0.05612689446657896,0.23926557317376138,0.6043799954652787,0.0,7.119865138520254e-05,0.0001813061002030736,0.00041332354318001307,0.0005629315806436352,0.34457710072398184,0.37841473951935767,cola,44
B,glue_v1,bert.encoder.layer.0.attention.output.dense,0,O,sweep,8,8,1.0,0.003937007874015748,0.003937007874015748,0.007874015748031496,0.0,False,0.09983933694660664,0.10990833163261414,0.011185798095539212,6.044686036109924,0.9999676185846329,1.000029194355011,0.007962470450438559,0.0,0.16697508797049523,0.4654719015955925,0.7705930119752884,0.0,0.00016518816686584615,0.0004159625552711077,0.000796941223088652,0.0011074198421556502,0.4100204873085022,0.41661274671554566,cola,44
B,glue_v1,bert.encoder.layer.0.attention.self.query,0,Q,sweep,8,8,1.0,0.003937007874015748,0.003937007874015748,0.007874015748031496,0.0,False,0.0,0.04573745850473642,0.04573745850473642,16.811326246261597,0.9998790216445923,1.0001146346330643,0.015031988453119993,0.0,0.0667080744355917,0.2568084369599819,0.6073689812421799,0.0,5.219712544203503e-05,0.00015354089788161218,0.0003614261257462203,0.0005850094767811243,0.34457710072398184,0.37465876936912534,cola,44
B,glue_v1,bert.encoder.layer.0.attention.self.value,0,V,sweep,8,8,1.0,0.003937007874015748,0.003937007874015748,0.007874015748031496,0.0,False,0.0,0.037714466936886314,0.037714466936886314,14.870373868942261,0.9998961222171784,1.0001121580600738,0.01392226230353117,0.0,0.07321510873734952,0.2790111753344536,0.6437251532077789,0.0,0.0001526297556119971,0.00039881467557279394,0.0008203398925252258,0.001116577230859548,0.34457710072398184,0.3692930959165096,cola,44
B,glue_v1,bert.encoder.layer.1.intermediate.dense,1,FFN1,sweep,8,8,1.0,0.003937007874015748,0.003937007874015748,0.007874015748031496,0.0,False,0.00257308776024729,0.3351468575000763,0.33343219190835954,118.36101638793946,0.9993573087453842,1.0005834591388703,0.03465282671153545,0.0,0.009022868620231748,0.05459591612219811,0.31586972773075106,0.0,0.00013624238345073537,0.0003756856670952402,0.0007719315006397664,0.0010943164641503244,0.34626294657588,0.5641084825992584,cola,44
B,glue_v1,bert.encoder.layer.1.output.dense,1,FFN2,sweep,8,8,1.0,0.003937007874015748,0.003937007874015748,0.007874015748031496,0.0,False,0.09990480072796344,0.11024810574948787,0.011491356557235122,6.1949956560134884,0.9999666380882263,1.0000350344181062,0.008075880780816079,0.0,0.1631385849416256,0.45971337109804156,0.7676696115732193,0.0,0.00013273974538606127,0.0003377639361133333,0.0006010337918996811,0.0007711573000415228,0.4100571343302727,0.41683561250567436,cola,44
B,glue_v1,bert.encoder.layer.1.attention.self.key,1,K,sweep,8,8,1.0,0.003937007874015748,0.003937007874015748,0.007874015748031496,0.0,False,0.0,0.0755165295675397,0.0755165295675397,23.904557189941407,0.9998527145385743,1.0001531624794007,0.016494810031726957,0.0,0.05063812527805567,0.23450510010123252,0.5854858469963073,0.0,6.756182250683196e-05,0.0001700304307451006,0.0003847909678006545,0.000514088215859374,0.34457710072398184,0.39425674483180045,cola,44
B,glue_v1,bert.encoder.layer.1.attention.output.dense,1,O,sweep,8,8,1.0,0.003937007874015748,0.003937007874015748,0.007874015748031496,0.0,False,0.09981489419937134,0.11048209622502327,0.011850094348192215,6.387677612304688,0.9999637371301651,1.0000375324487687,0.008339918935671448,0.0,0.1588496458530426,0.45264757484197615,0.7607291895151138,0.0,0.00018470996168616692,0.000527120293409098,0.00129338389611803,0.0018501280358759686,0.40999323591589926,0.4169812843203545,cola,44
B,glue_v1,bert.encoder.layer.1.attention.self.query,1,Q,sweep,8,8,1.0,0.003937007874015748,0.003937007874015748,0.007874015748031496,0.0,False,0.0,0.0855230425298214,0.0855230425298214,24.584475612640382,0.9998285096883773,1.0001780259609223,0.01783522490411997,0.0,0.0458601039275527,0.20703372672200204,0.549861673116684,0.0,5.968071454844903e-05,0.00017008320115564858,0.00039650998805882407,0.0005820490306359716,0.34457710072398184,0.4006948487460613,cola,44
B,glue_v1,bert.encoder.layer.1.attention.self.value,1,V,sweep,8,8,1.0,0.003937007874015748,0.003937007874015748,0.007874015748031496,0.0,False,0.0,0.07240746323019266,0.07240746323019266,19.827463397979738,0.9998662197589874,1.0001441317796707,0.015540419341996313,0.0,0.058730958327651024,0.2546053682267666,0.6177088034152984,0.0,0.00013175305022741668,0.0004264684698136989,0.001211191856127698,0.0018450122704962268,0.34457710072398184,0.39214601963758466,cola,44
B,glue_v1,bert.encoder.layer.2.intermediate.dense,2,FFN1,sweep,8,8,1.0,0.003937007874015748,0.003937007874015748,0.007874015748031496,0.0,False,0.005397782078944147,0.3200791937112808,0.31638997822999954,111.09400817871094,0.9993396246433258,1.000600494146347,0.03477060232311487,0.0,0.009628203501924872,0.05706510562449694,0.3211840826272965,0.0,0.0001560634298948571,0.00043947888567345215,0.0009797501191496848,0.0013857975724386052,0.3481154528260231,0.5542000791430474,cola,44
B,glue_v1,bert.encoder.layer.2.output.dense,2,FFN2,sweep,8,8,1.0,0.003937007874015748,0.003937007874015748,0.007874015748031496,0.0,False,0.10000403754413129,0.11225951418280601,0.013617248916998505,7.38937463760376,0.9999464935064316,1.000057471394539,0.009475908698514104,0.0,0.1435746106505394,0.43222908914089203,0.7447016972303391,0.0,0.0001726025230891537,0.00048357183201005685,0.0011893404793227092,0.0017510827665682882,0.41012676909565926,0.4181659795343876,cola,44
B,glue_v1,bert.encoder.layer.2.attention.self.key,2,K,sweep,8,8,1.0,0.003937007874015748,0.003937007874015748,0.007874015748031496,0.0,False,0.0,0.14663358218967915,0.14663358218967915,24.60140302658081,0.9998718386888504,1.0001302176713944,0.015549789443612098,0.0,0.047026526108384134,0.23569858103990554,0.5918143886327744,0.0,5.8862020996457434e-05,0.0001529233795736218,0.0003242951078573242,0.0004289725472335704,0.34457710072398184,0.4405068889260292,cola,44
B,glue_v1,bert.encoder.layer.2.attention.output.dense,2,O,sweep,8,8,1.0,0.003937007874015748,0.003937007874015748,0.007874015748031496,0.0,False,0.10000018298625946,0.110803909227252,0.012004211768507958,6.5030746126174925,0.9999615949392319,1.0000377118587493,0.008461802331730724,0.0,0.15737076863646507,0.451103695333004,0.7597303003072738,0.0,0.00020121646986808627,0.0005489441618556157,0.0014054000261239708,0.0021960656571900473,0.41009791880846025,0.4171871243417263,cola,44
B,glue_v1,bert.encoder.layer.2.attention.self.query,2,Q,sweep,8,8,1.0,0.003937007874015748,0.003937007874015748,0.007874015748031496,0.0,False,0.0,0.19440902531147003,0.19440902531147003,29.935278568267822,0.9998442894220352,1.0001529967784881,0.01709139024838805,0.0,0.03780855517834425,0.2002280242741108,0.5362551462650299,0.0,5.465891295898473e-05,0.00016107559218653478,0.00037252307258313523,0.0005862776817230042,0.34457710072398184,0.47189074754714966,cola,44
B,glue_v1,bert.encoder.layer.2.attention.self.value,2,V,sweep,8,8,1.0,0.003937007874015748,0.003937007874015748,0.007874015748031496,0.0,False,0.0,0.06493615590035916,0.06493615590035916,19.05601550102234,0.9998950719833374,1.0000997716188431,0.013897564923390747,0.0,0.06339223615825176,0.2886138266324997,0.6622154569625854,0.0,0.00014911946833308322,0.0004168169226613827,0.0009699377394281328,0.0012595086172223092,0.34457710072398184,0.3871067024767399,cola,44
B,glue_v1,bert.encoder.layer.3.intermediate.dense,3,FFN1,sweep,8,8,1.0,0.003937007874015748,0.003937007874015748,0.007874015748031496,0.0,False,0.01047529888805002,0.36442163825035095,0.3576959809660912,493.4774420166016,0.9993595600128173,1.0005719864368439,0.03372964320704341,0.0,0.008111857883632183,0.05598484545946121,0.3308649057149887,0.0,0.00018016893314779737,0.0004851987314759754,0.0014913002314278856,0.002689497374230996,0.35144001215696336,0.5834136816859246,cola,44
B,glue_v1,bert.encoder.layer.3.output.dense,3,FFN2,sweep,8,8,1.0,0.003937007874015748,0.003937007874015748,0.007874015748031496,0.0,False,0.10018665052950382,0.11102496348321438,0.012044963464140891,6.467679610252381,0.9999623668193817,1.000045925974846,0.008415240226313472,0.0,0.15798254683613777,0.4507354900240898,0.7589594107866288,0.0,0.0001771775785891805,0.0004190851468592882,0.0008119660781812855,0.0011739970388589427,0.4102351826429367,0.4173348289728165,cola,44
B,glue_v1,bert.encoder.layer.3.attention.self.key,3,K,sweep,8,8,1.0,0.003937007874015748,0.003937007874015748,0.007874015748031496,0.0,False,0.0,0.0651486324891448,0.0651486324891448,21.43395830154419,0.9998664224147796,1.0001289576292038,0.015873333802446724,0.0,0.053044202141463756,0.23652808651328086,0.5945701420307159,0.0,7.630882810190087e-05,0.00019101359284832143,0.0003581715264590457,0.00047047278902027754,0.34457710072398184,0.3872805544734001,cola,44
B,glue_v1,bert.encoder.layer.3.attention.output.dense,3,O,sweep,8,8,1.0,0.003937007874015748,0.003937007874015748,0.007874015748031496,0.0,False,0.09998054899275303,0.11668982453644276,0.018565384056419134,10.029050741195679,0.9998988485336304,1.0000991994142532,0.012157299043610691,0.0,0.1146239236742258,0.392228319644928,0.7124409174919129,0.0,0.0002905818057479337,0.0009683019993826747,0.0034406037605367603,0.0059668941074050965,0.41011542186141015,0.4210751312971115,cola,44
B,glue_v1,bert.encoder.layer.3.attention.self.query,3,Q,sweep,8,8,1.0,0.003937007874015748,0.003937007874015748,0.007874015748031496,0.0,False,0.0,0.06791898861527443,0.06791898861527443,22.78576778411865,0.9998454672098159,1.000160675048828,0.016832088064402343,0.0,0.04994237657636404,0.2272245816886425,0.5899323582649231,0.0,5.9059556260763205e-05,0.00018305074583622628,0.00044705831998726353,0.0006551549982395954,0.34457710072398184,0.38924676105380057,cola,44
B,glue_v1,bert.encoder.layer.3.attention.self.value,3,V,sweep,8,8,1.0,0.003937007874015748,0.003937007874015748,0.007874015748031496,0.0,False,0.0,0.04999819777905941,0.04999819777905941,15.028731470108033,0.9999117928743363,1.0000880861282349,0.012931253435090185,0.0,0.0741315957903862,0.30459620624780653,0.6735418826341629,0.0,0.0001527906465344131,0.0004768215082003735,0.0010306408323231154,0.0012815756304189563,0.34457710072398184,0.3773744797706604,cola,44
B,glue_v1,bert.encoder.layer.4.intermediate.dense,4,FFN1,sweep,8,8,1.0,0.003937007874015748,0.003937007874015748,0.007874015748031496,0.0,False,0.005818351288326085,0.34886457592248915,0.3450545144081116,431.8622735595703,0.9994162410497666,1.0005286693573,0.03291142569854855,0.0,0.00886170569807291,0.05905416660010815,0.32626247972249983,0.0,0.0001982508033688646,0.0005050568937440403,0.0010676057310774923,0.0013808391959173605,0.34839588657021525,0.5732957881689071,cola,44
B,glue_v1,bert.encoder.layer.4.output.dense,4,FFN2,sweep,8,8,1.0,0.003937007874015748,0.003937007874015748,0.007874015748031496,0.0,False,0.10001626655459404,0.11060080163180828,0.011760757584124804,6.310646061897278,0.9999646258354187,1.0000343090295791,0.008241635784506797,0.0,0.1608927708864212,0.454982605278492,0.7631922847032547,0.0,0.00019530791250872427,0.00045174768165452407,0.0008401576109463349,0.0010951102420222014,0.4101250283420086,0.4170751447975636,cola,44
B,glue_v1,bert.encoder.layer.4.attention.self.key,4,K,sweep,8,8,1.0,0.003937007874015748,0.003937007874015748,0.007874015748031496,0.0,False,0.0,0.07122313715517521,0.07122313715517521,25.354358139038087,0.9998347675800323,1.0001643419265747,0.01749250085093081,0.0,0.04568993769586086,0.21460707917809485,0.5642126309871673,0.0,9.988505000364967e-05,0.00024668189464136956,0.000465961381996749,0.0006051195471081883,0.34457710072398184,0.391198805719614,cola,44
B,glue_v1,bert.encoder.layer.4.attention.output.dense,4,O,sweep,8,8,1.0,0.003937007874015748,0.003937007874015748,0.007874015748031496,0.0,False,0.09997613832354546,0.11434577129781247,0.015965626714751123,8.657524905204774,0.9999247455596924,1.0000692808628082,0.010839487183839083,0.0,0.12682114236056805,0.40894283801317216,0.7267920166254044,0.0,0.00028082233053282834,0.0007919618784217164,0.002312474640784785,0.003851821373682469,0.4101011264324188,0.41953525468707087,cola,44
B,glue_v1,bert.encoder.layer.4.attention.self.query,4,Q,sweep,8,8,1.0,0.003937007874015748,0.003937007874015748,0.007874015748031496,0.0,False,0.0,0.07727122820913791,0.07727122820913791,26.791005992889403,0.9998496383428573,1.0001424300670623,0.016680135633796455,0.0,0.047211977429687975,0.22743375062942506,0.5871694886684418,0.0,6.892291468830081e-05,0.0001875320195540553,0.00039950623278855345,0.0005857909366022796,0.34457710072398184,0.3953625054657459,cola,44
B,glue_v1,bert.encoder.layer.4.attention.self.value,4,V,sweep,8,8,1.0,0.003937007874015748,0.003937007874015748,0.007874015748031496,0.0,False,0.0,0.05035315223038197,0.05035315223038197,18.019204330444335,0.9998857414722443,1.000114545226097,0.014341712621971965,0.0,0.06528892118483781,0.28764935344457626,0.6551438581943512,0.0,0.00014555014044162818,0.000506389374495484,0.0013489773316541687,0.001799897582968697,0.34457710072398184,0.3776271244883537,cola,44
B,glue_v1,bert.encoder.layer.5.intermediate.dense,5,FFN1,sweep,8,8,1.0,0.003937007874015748,0.003937007874015748,0.007874015748031496,0.0,False,0.006359445173293352,0.32785547733306886,0.3235538911819458,187.18373352050781,0.9994296538829803,1.0005322563648225,0.03246986787766218,0.0,0.009692140379920602,0.06193072248250246,0.3371875810623169,0.0,0.0002034691968583502,0.0005611613902146928,0.0012067405704874546,0.0016130366688594223,0.3487437279522419,0.5595797201991082,cola,44
B,glue_v1,bert.encoder.layer.5.output.dense,5,FFN2,sweep,8,8,1.0,0.003937007874015748,0.003937007874015748,0.007874015748031496,0.0,False,0.09980332925915718,0.11017469145357608,0.011521222284063697,6.163513331413269,0.999966556429863,1.0000327503681183,0.008087212787941098,0.0,0.1638150241971016,0.4592779105901718,0.767146206498146,0.0,0.00020196224490064195,0.00046485855389619244,0.000807522194518242,0.0009915859153261407,0.4099896880984306,0.416783954501152,cola,44
B,glue_v1,bert.encoder.layer.5.attention.self.key,5,K,sweep,8,8,1.0,0.003937007874015748,0.003937007874015748,0.007874015748031496,0.0,False,0.0,0.0751316873729229,0.0751316873729229,23.759220027923583,0.9998740315437317,1.0001232624053955,0.015502275470644235,0.0,0.04855875488370657,0.23951325908303261,0.6131392449140549,0.0,8.681673538376345e-05,0.00020479196493397467,0.00037905171091551893,0.00047362333760247565,0.34457710072398184,0.39365509554743766,cola,44
B,glue_v1,bert.encoder.layer.5.attention.output.dense,5,O,sweep,8,8,1.0,0.003937007874015748,0.003937007874015748,0.007874015748031496,0.0,False,0.10000582613050937,0.11417986236512662,0.015749160163104535,8.520933699607848,0.9999273586273193,1.0000699490308762,0.010760756777599453,0.0,0.1272030535340309,0.40847319036722185,0.7254916173219681,0.0,0.00029853047803044317,0.0008763125847326592,0.00262223033932969,0.004246482639573514,0.41013933569192884,0.4194369941949844,cola,44
B,glue_v1,bert.encoder.layer.5.attention.self.query,5,Q,sweep,8,8,1.0,0.003937007874015748,0.003937007874015748,0.007874015748031496,0.0,False,0.0,0.08328020393848419,0.08328020393848419,24.268575382232665,0.9998584085702896,1.0001430463790895,0.01628473464399576,0.0,0.047242052257061004,0.23159185767173768,0.5924437588453293,0.0,6.547225104441167e-05,0.00018520154029829427,0.00038700626188074237,0.0005232004018034787,0.34457710072398184,0.3992172802984715,cola,44
B,glue_v1,bert.encoder.layer.5.attention.self.value,5,V,sweep,8,8,1.0,0.003937007874015748,0.003937007874015748,0.007874015748031496,0.0,False,0.0,0.048639919385313986,0.048639919385313986,15.570860528945923,0.9999187827110291,1.000075410604477,0.012435464821755886,0.0,0.07493984982371331,0.3220409354567528,0.6924634867906571,0.0,0.00011919019649212714,0.00035607283309218473,0.0013584982411703095,0.0017813316825777293,0.34457710072398184,0.37641812443733214,cola,44
B,glue_v1,bert.encoder.layer.6.intermediate.dense,6,FFN1,sweep,8,8,1.0,0.003937007874015748,0.003937007874015748,0.007874015748031496,0.0,False,0.00350549187278375,0.3067574378848076,0.30431890904903414,111.37076293945313,0.9993892598152161,1.0005617892742158,0.03368149347603321,0.0,0.010308903958648443,0.06147954437881708,0.32843761950731276,0.0,0.0002266706475347746,0.0005846637787180952,0.0010973715607542544,0.0015183388406876475,0.346870436668396,0.5456457278132438,cola,44
B,glue_v1,bert.encoder.layer.6.output.dense,6,FFN2,sweep,8,8,1.0,0.003937007874015748,0.003937007874015748,0.007874015748031496,0.0,False,0.1001363131403923,0.11017076328396797,0.01115098312497139,6.044356913566589,0.9999678272008896,1.0000367015600204,0.00795309227425605,0.0,0.16686036735773085,0.46458966970443727,0.770257865190506,0.0,0.0002054045420663897,0.00047230884578311813,0.0008583373090368696,0.0010760305932490154,0.4102023530006409,0.4167777745425701,cola,44
B,glue_v1,bert.encoder.layer.6.attention.self.key,6,K,sweep,8,8,1.0,0.003937007874015748,0.003937007874015748,0.007874015748031496,0.0,False,0.0,0.10338794939219952,0.10338794939219952,36.69522266387939,0.9997887891530991,1.0002137172222136,0.019714377149939538,0.0,0.034421060625463726,0.18408653914928436,0.5251347970962524,0.0,0.0001189151985454373,0.0003269547488889657,0.0006484262400772423,0.0008546247423510067,0.34457710072398184,0.41231545448303225,cola,44
B,glue_v1,bert.encoder.layer.6.attention.output.dense,6,O,sweep,8,8,1.0,0.003937007874015748,0.003937007874015748,0.007874015748031496,0.0,False,0.1000720825791359,0.11228524304926396,0.01357140116393566,7.343824329376221,0.9999492853879929,1.000048525929451,0.009490754855796694,0.0,0.14125560984015464,0.4236723551154137,0.7359194529056549,0.0,0.00027825651879538783,0.0007423759280936793,0.0016192704567220063,0.002312406786950305,0.4101709820330143,0.41817703559994696,cola,44
B,glue_v1,bert.encoder.layer.6.attention.self.query,6,Q,sweep,8,8,1.0,0.003937007874015748,0.003937007874015748,0.007874015748031496,0.0,False,0.0,0.08717679306864738,0.08717679306864738,28.2365763092041,0.9998515331745148,1.0001583558320999,0.016595991058275104,0.0,0.04283285036683083,0.22573141783475875,0.6040439140796662,0.0,6.656616817053873e-05,0.00018503677754779345,0.0003820234198065009,0.0005512878949230071,0.34457710072398184,0.40175276979804037,cola,44
B,glue_v1,bert.encoder.layer.6.attention.self.value,6,V,sweep,8,8,1.0,0.003937007874015748,0.003937007874015748,0.007874015748031496,0.0,False,0.0,0.05537442497909069,0.05537442497909069,19.514047870635988,0.9999045825004578,1.000099060535431,0.013445398323237896,0.0,0.06134532231837511,0.29595175713300703,0.6808380615711213,0.0,0.00015557874081423506,0.0005063759791664779,0.0013387135992525146,0.001738525639520958,0.34457710072398184,0.38084777757525445,cola,44
B,glue_v1,bert.encoder.layer.7.intermediate.dense,7,FFN1,sweep,8,8,1.0,0.003937007874015748,0.003937007874015748,0.007874015748031496,0.0,False,0.003060482011642307,0.290395664870739,0.2882177460193634,104.17327507019043,0.9992989295721054,1.0006480848789214,0.035820179395377634,0.0,0.010432597966864705,0.05905396953225136,0.31747853696346284,0.0,0.0002501078574277926,0.0006781544015393592,0.0014229505491675809,0.0020251683174865322,0.34657804787158963,0.5348709511756897,cola,44
B,glue_v1,bert.encoder.layer.7.output.dense,7,FFN2,sweep,8,8,1.0,0.003937007874015748,0.003937007874015748,0.007874015748031496,0.0,False,0.10013537205755711,0.11015167556703091,0.011130905691534281,6.034047274589539,0.9999674576520919,1.0000292307138443,0.007987495511770248,0.0,0.16716374397277833,0.46411356538534165,0.7678840059041977,0.0,0.00021033691242337228,0.0005084480220102706,0.001030232897028327,0.0013377005065558479,0.41021771416068076,0.41677975714206694,cola,44
B,glue_v1,bert.encoder.layer.7.attention.self.key,7,K,sweep,8,8,1.0,0.003937007874015748,0.003937007874015748,0.007874015748031496,0.0,False,0.0,0.09490904852747917,0.09490904852747917,31.771038932800295,0.9998370772600174,1.0001600927114487,0.0175505100004375,0.0,0.037474347800016405,0.2070900559425354,0.5643410813808442,0.0,7.975019427249208e-05,0.00019904439803212882,0.0003765591922274325,0.00046230060441303065,0.34457710072398184,0.4066070784628391,cola,44
B,glue_v1,bert.encoder.layer.7.attention.output.dense,7,O,sweep,8,8,1.0,0.003937007874015748,0.003937007874015748,0.007874015748031496,0.0,False,0.10018478356301784,0.11083745054900646,0.011838844241574407,6.446553435325622,0.9999625033140183,1.000037049651146,0.008455109316855669,0.0,0.1575579074025154,0.4481410267949104,0.7562749248743057,0.0,0.00025872627724311315,0.0007358350889990106,0.0014014030457474291,0.00188311253557913,0.41023568585515024,0.41722103297710417,cola,44
B,glue_v1,bert.encoder.layer.7.attention.self.query,7,Q,sweep,8,8,1.0,0.003937007874015748,0.003937007874015748,0.007874015748031496,0.0,False,0.0,0.08441881082952023,0.08441881082952023,25.580878372192384,0.999865198135376,1.0001467430591584,0.01596766097471118,0.0,0.04452854011207819,0.23187739685177802,0.6062863057851792,0.0,5.3212435377645304e-05,0.0001398898612387711,0.00028793043849873357,0.0004214086371939629,0.34457710072398184,0.3999169597029686,cola,44
B,glue_v1,bert.encoder.layer.7.attention.self.value,7,V,sweep,8,8,1.0,0.003937007874015748,0.003937007874015748,0.007874015748031496,0.0,False,0.0,0.06034210205078125,0.06034210205078125,20.75326889038086,0.9999083739519119,1.0000923490524292,0.013207484418526292,0.0,0.05805202644318342,0.3037606966495514,0.6879239904880524,0.0,0.00013431813255010639,0.0005520103499293327,0.0013277039607055485,0.0016951950639486314,0.34457710072398184,0.3840556026995182,cola,44
B,glue_v1,bert.encoder.layer.8.intermediate.dense,8,FFN1,sweep,8,8,1.0,0.003937007874015748,0.003937007874015748,0.007874015748031496,0.0,False,0.0019735607772599904,0.28742640525102614,0.2860176357626915,102.11915191650391,0.999323799610138,1.0006266307830811,0.03547439407557249,0.0,0.010623121242970228,0.0580719655752182,0.314227306842804,0.0,0.00023399894154863432,0.00068850349081913,0.0013687178125837817,0.0019144946773303672,0.3458685891330242,0.5330443724989891,cola,44
B,glue_v1,bert.encoder.layer.8.output.dense,8,FFN2,sweep,8,8,1.0,0.003937007874015748,0.003937007874015748,0.007874015748031496,0.0,False,0.10007921189069748,0.11077236503362656,0.011882376670837403,6.410196523666382,0.9999624198675156,1.0000361746549606,0.008467038534581662,0.0,0.15829992845654486,0.44786924332380296,0.7527655804157257,0.0,0.00020609124621842056,0.0005517976003466174,0.0015748301683925093,0.0021585362328914925,0.4101723782718182,0.41718038558959963,cola,44
B,glue_v1,bert.encoder.layer.8.attention.self.key,8,K,sweep,8,8,1.0,0.003937007874015748,0.003937007874015748,0.007874015748031496,0.0,False,0.0,0.09364305041730404,0.09364305041730404,31.149127807617187,0.9998301309347153,1.0001663303375243,0.01790067905560136,0.0,0.037882095277309416,0.20233856573700904,0.5535698527097702,0.0,0.00013329997076652944,0.00033907477190950883,0.0006358269928023219,0.0008431600691983476,0.34457710072398184,0.40587968602776525,cola,44
B,glue_v1,bert.encoder.layer.8.attention.output.dense,8,O,sweep,8,8,1.0,0.003937007874015748,0.003937007874015748,0.007874015748031496,0.0,False,0.10002976216375828,0.11021368585526943,0.01131590678356588,6.12340126991272,0.9999665784835815,1.0000344467163087,0.008082717745564879,0.0,0.16475848898291587,0.45906486809253694,0.7638089555501938,0.0,0.0002656073708203621,0.0008324681129306554,0.0015347157989162952,0.001940760622965172,0.41012882217764857,0.4168025732040405,cola,44
B,glue_v1,bert.encoder.layer.8.attention.self.query,8,Q,sweep,8,8,1.0,0.003937007874015748,0.003937007874015748,0.007874015748031496,0.0,False,0.0,0.07466080725193024,0.07466080725193024,24.63064302444458,0.9998366641998291,1.0001756751537323,0.01713706035166979,0.0,0.0480792598426342,0.22937748491764068,0.5904141223430633,0.0,7.530224524089135e-05,0.00024929073915700426,0.000664788537833374,0.0009664245610474609,0.34457710072398184,0.3936262275278568,cola,44
B,glue_v1,bert.encoder.layer.8.attention.self.value,8,V,sweep,8,8,1.0,0.003937007874015748,0.003937007874015748,0.007874015748031496,0.0,False,0.0,0.044887560456991195,0.044887560456991195,16.216972522735595,0.9999139922857284,1.0000915980339051,0.012809490207582713,0.0,0.06985352575778961,0.3098249790072441,0.6859151953458786,0.0,0.0001642467650526669,0.000526550917129498,0.001972709925612435,0.0026323112123645843,0.34457710072398184,0.37399960950016975,cola,44
B,glue_v1,bert.encoder.layer.9.intermediate.dense,9,FFN1,sweep,8,8,1.0,0.003937007874015748,0.003937007874015748,0.007874015748031496,0.0,False,0.0038191016972996296,0.31201808631420136,0.30938209027051927,123.91958137512206,0.9989741170406341,1.0009485924243926,0.04337297532707453,0.0,0.008981423350051046,0.047153744101524356,0.2514508683979511,0.0,0.0002491171122528613,0.0007436020881868899,0.0013235120475292206,0.0017483248468488455,0.3470792233943939,0.5488756799697876,cola,44
B,glue_v1,bert.encoder.layer.9.output.dense,9,FFN2,sweep,8,8,1.0,0.003937007874015748,0.003937007874015748,0.007874015748031496,0.0,False,0.09973713532090187,0.11023933336138725,0.011665566517040133,6.302691187858581,0.9999646484851837,1.0000380581617356,0.008292766064405441,0.0,0.16027878120541572,0.4504878589510918,0.7544785326719284,0.0,0.000173624880699208,0.0005439385466161184,0.0013033152918796986,0.0017375199194066228,0.409946201890707,0.4168413768708706,cola,44
B,glue_v1,bert.encoder.layer.9.attention.self.key,9,K,sweep,8,8,1.0,0.003937007874015748,0.003937007874015748,0.007874015748031496,0.0,False,0.0,0.10024976029992104,0.10024976029992104,32.05298694610596,0.9998470675945282,1.0001572453975678,0.016981039252132176,0.0,0.03708866365253925,0.21447892844676972,0.5850564783811569,0.0,0.00012692268006503582,0.0003924776079657022,0.0008114586307783611,0.0010315063432790338,0.34457710072398184,0.4103842306137085,cola,44
B,glue_v1,bert.encoder.layer.9.attention.output.dense,9,O,sweep,8,8,1.0,0.003937007874015748,0.003937007874015748,0.007874015748031496,0.0,False,0.0998233912140131,0.10977238938212394,0.011052281353622675,5.974384274482727,0.9999680304527283,1.000026698112488,0.007926943586207926,0.0,0.1687370978295803,0.4665233686566353,0.7699871170520782,0.0,0.0002181695839681197,0.000655750427977182,0.0015314978593960404,0.0019457369635347277,0.41002050578594207,0.41653708279132845,cola,44
B,glue_v1,bert.encoder.layer.9.attention.self.query,9,Q,sweep,8,8,1.0,0.003937007874015748,0.003937007874015748,0.007874015748031496,0.0,False,0.0,0.07555257238447666,0.07555257238447666,25.739216899871828,0.999858101606369,1.0001389217376708,0.01638823521323502,0.0,0.04423692721873522,0.22662377804517747,0.5961725336313247,0.0,7.945783090690384e-05,0.0002851016448403243,0.0008045862111612223,0.0012234658570378087,0.34457710072398184,0.39418332681059837,cola,44
B,glue_v1,bert.encoder.layer.9.attention.self.value,9,V,sweep,8,8,1.0,0.003937007874015748,0.003937007874015748,0.007874015748031496,0.0,False,0.0,0.05282241076231003,0.05282241076231003,18.673130741119383,0.999883621931076,1.0001204085350037,0.014668433768674731,0.0,0.06064102433621883,0.27065657570958135,0.6371737670898437,0.0,0.00021245804862701334,0.0007341332631767728,0.0026350615289993584,0.003727288105292246,0.34457710072398184,0.3791815687716007,cola,44
B,glue_v1,bert.encoder.layer.10.intermediate.dense,10,FFN1,sweep,8,8,1.0,0.003937007874015748,0.003937007874015748,0.007874015748031496,0.0,False,0.00134748624288477,0.34294869780540466,0.34206247627735137,141.13954750061035,0.9987465393543243,1.0011494076251983,0.04797989014536142,0.0,0.007711734967306256,0.04181259706616402,0.23097760811448098,0.0,0.00021967641347146128,0.0007590481219813227,0.0015425382449757309,0.0019583089684601872,0.3454602538049221,0.5690152990818024,cola,44
B,glue_v1,bert.encoder.layer.10.output.dense,10,FFN2,sweep,8,8,1.0,0.003937007874015748,0.003937007874015748,0.007874015748031496,0.0,False,0.09995007425546647,0.11023174576461316,0.011423503812402487,6.124905142784119,0.9999668455123901,1.0000288897752763,0.00805959030520171,0.0,0.1646568411588669,0.4608373227715492,0.7652019476890564,0.0,0.00013700627729122062,0.0004458316750242375,0.0011376238340744748,0.0014835244347341358,0.41009062230587007,0.41682721704244613,cola,44
B,glue_v1,bert.encoder.layer.10.attention.self.key,10,K,sweep,8,8,1.0,0.003937007874015748,0.003937007874015748,0.007874015748031496,0.0,False,0.0,0.09541741944849491,0.09541741944849491,28.798873462677,0.9998526352643967,1.0001429384946823,0.01671508988365531,0.0,0.04123757191002369,0.22013585180044173,0.5781866019964218,0.0,0.00013301606020831968,0.0004450508955051191,0.0009729445358971134,0.0013424245626083575,0.34457710072398184,0.40709721758961676,cola,44
B,glue_v1,bert.encoder.layer.10.attention.output.dense,10,O,sweep,8,8,1.0,0.003937007874015748,0.003937007874015748,0.007874015748031496,0.0,False,0.09981171362102031,0.10968165516853333,0.010964376777410507,5.997492899894715,0.9999676740169525,1.0000382667779923,0.007947800513356924,0.0,0.1684518826007843,0.467093248963356,0.7699266695976257,0.0,0.00016742648323997856,0.0005269308350398205,0.001382650703890249,0.0016612963587976993,0.40999102368950846,0.4164549748599529,cola,44
B,glue_v1,bert.encoder.layer.10.attention.self.query,10,Q,sweep,8,8,1.0,0.003937007874015748,0.003937007874015748,0.007874015748031496,0.0,False,1.3423539712675848e-07,0.09380404591560364,0.09380392514169217,27.73157548904419,0.999861975312233,1.0001300984621049,0.01614742374047637,0.0,0.04325386375188828,0.23217795059084892,0.5960019803047181,0.0,6.557417978910962e-05,0.00026888120570220056,0.0006347058826941066,0.0008325475759920664,0.344577182084322,0.40609105184674266,cola,44
B,glue_v1,bert.encoder.layer.10.attention.self.value,10,V,sweep,8,8,1.0,0.003937007874015748,0.003937007874015748,0.007874015748031496,0.0,False,0.0,0.07133835528045893,0.07133835528045893,24.111721687316894,0.9998347491025925,1.000154869556427,0.01728370288386941,0.0,0.049063355661928654,0.22713261008262634,0.5859853202104568,0.0,0.000245982492051553,0.000954965137061663,0.0028203877783380448,0.003911659388104454,0.34457710072398184,0.3912222024798393,cola,44
B,glue_v1,bert.encoder.layer.11.intermediate.dense,11,FFN1,sweep,8,8,1.0,0.003937007874015748,0.003937007874015748,0.007874015748031496,0.0,False,0.909371349811554,0.9356067967414856,0.28999111250042914,10.733507661819457,0.09058422178030014,0.09084290809929371,0.004681190350092948,0.0,0.0,8.173190108209382e-05,0.04226557584479451,0.0,0.0,2.4323910474777224e-06,0.002478101265151054,0.0033669308316893877,0.9401674890518188,0.9574623721837997,cola,44
B,glue_v1,bert.encoder.layer.11.output.dense,11,FFN2,sweep,8,8,1.0,0.003937007874015748,0.003937007874015748,0.007874015748031496,0.0,False,0.9183846753835678,0.9192174947261811,0.010164298447780312,0.4997924566268921,0.09071441076695919,0.09071779586374759,0.0006509306357474998,0.0,0.0,0.0004926976189017296,0.4962474390864372,0.0,0.0,4.66771685751155e-06,0.001053294267039746,0.001202966111013666,0.9461133861541748,0.9466647046804428,cola,44
B,glue_v1,bert.encoder.layer.11.attention.self.key,11,K,sweep,8,8,1.0,0.003937007874015748,0.003937007874015748,0.007874015748031496,0.0,False,0.0,0.237192153185606,0.237192153185606,76.40833812713623,0.9996333599090577,1.000338442325592,0.026525725293904543,0.0,0.01585846858099103,0.10838894173502922,0.3482969605922699,0.0,0.0002141064811439719,0.0004922690763487481,0.0008329116678214631,0.0010429617087356746,0.34457710072398184,0.4997845107316971,cola,44
B,glue_v1,bert.encoder.layer.11.attention.output.dense,11,O,sweep,8,8,1.0,0.003937007874015748,0.003937007874015748,0.007874015748031496,0.0,False,0.9184014886617661,0.9193481504917145,0.011594979232177139,0.5677756205201149,0.09071365810930729,0.09072182394564152,0.0007415970636066049,0.0,0.0,0.0003639017790555954,0.4385556709766388,0.0,0.0,4.4399936450645325e-06,0.0018597071245312691,0.0022595777409151196,0.9461258268356323,0.9467515617609024,cola,44
B,glue_v1,bert.encoder.layer.11.attention.self.query,11,Q,sweep,8,8,1.0,0.003937007874015748,0.003937007874015748,0.007874015748031496,0.0,False,0.9092832571268081,0.9119865083694458,0.029785157199949026,1.0872633934020997,0.09070943482220173,0.09072205200791358,0.0011302303365664556,0.0,0.0,0.0012842147875139177,0.2925157031416893,0.0,0.0,1.165920402854681e-06,0.0005812060707830824,0.0008413866738555953,0.9401087814569473,0.9418975257873535,cola,44
B,glue_v1,bert.encoder.layer.11.attention.self.value,11,V,sweep,8,8,1.0,0.003937007874015748,0.003937007874015748,0.007874015748031496,0.0,False,0.10100282087922097,0.1587509633600712,0.06423865754157304,49.52723510742187,0.9998719984292984,1.000125641822815,0.015364247253164648,0.0,0.04442050311714411,0.2371496906876564,0.6062831753492355,0.0,0.00031420617189723997,0.0007089047980844043,0.0011431481986073778,0.0014125662483274936,0.4107060290873051,0.44835528790950774,cola,44
B,glue_v1,bert.encoder.layer.0.intermediate.dense,0,FFN1,sweep,10,10,1.0,0.0009784735812133072,0.0009784735812133072,0.0019569471624266144,0.0,False,0.00016854382040037307,0.2333333484828472,0.23320416167378424,195.23924118041992,0.9999494403600693,1.000047653913498,0.009625943442806602,0.0,0.005847308519296348,0.04458801414817572,0.29251726120710375,0.0,0.00011654562731564511,0.000349469862121623,0.0009344529930967837,0.001584272983018309,0.3446874657273293,0.4975257846713066,cola,44
B,glue_v1,bert.encoder.layer.0.output.dense,0,FFN2,sweep,10,10,1.0,0.0009784735812133072,0.0009784735812133072,0.0019569471624266144,0.0,False,0.10004814691841603,0.10258939638733863,0.002823774616699666,6.08521427154541,0.999998008608818,1.0000022500753403,0.0019808678759727625,0.0,0.16589418485760687,0.4650154563784599,0.7704986786842346,0.0,0.00010335809682146646,0.00027546797617105767,0.0005177950169309042,0.0006701442046323791,0.4101486112177372,0.4118118193745613,cola,44
B,glue_v1,bert.encoder.layer.0.attention.self.key,0,K,sweep,10,10,1.0,0.0009784735812133072,0.0009784735812133072,0.0019569471624266144,0.0,False,0.0,0.013022610498592258,0.013022610498592258,20.323338317871094,0.9999918508529663,1.0000081050395966,0.003908698370214552,0.0,0.056209002062678336,0.239285848736763,0.6040822726488113,0.0,6.895455531775951e-05,0.0001794707219960401,0.00042455091446754525,0.000589153846813133,0.34457710072398184,0.35311947390437126,cola,44
B,glue_v1,bert.encoder.layer.0.attention.output.dense,0,O,sweep,10,10,1.0,0.0009784735812133072,0.0009784735812133072,0.0019569471624266144,0.0,False,0.09983933694660664,0.10234430104494095,0.002782789375633001,6.040989274978638,0.9999980127811432,1.0000028890371322,0.0019799833989236505,0.0,0.16703115910291672,0.4650445982813835,0.7689845770597458,0.0,0.0001607576613605488,0.0004085120128002018,0.0007520967576419935,0.001056867041043006,0.4100204873085022,0.41166247725486754,cola,44
B,glue_v1,bert.encoder.layer.0.attention.self.query,0,Q,sweep,10,10,1.0,0.0009784735812133072,0.0009784735812133072,0.0019569471624266144,0.0,False,0.0,0.012024938082322478,0.012024938082322478,16.799624738693236,0.9999925231933594,1.0000068658590318,0.003740993507672101,0.0,0.06656684156507253,0.25615060940384865,0.6059443789720536,0.0,5.0400652889948104e-05,0.00014550194740877486,0.0003505613992456347,0.0005921496108931023,0.34457710072398184,0.3524874199926853,cola,44
B,glue_v1,bert.encoder.layer.0.attention.self.value,0,V,sweep,10,10,1.0,0.0009784735812133072,0.0009784735812133072,0.0019569471624266144,0.0,False,0.0,0.009488909337669611,0.009488909337669611,14.88419425010681,0.9999935418367386,1.0000060933828354,0.003470306710805744,0.0,0.07306545607745647,0.27883046835660935,0.6442610847949982,0.0,0.00014895115011313465,0.0003854428805061616,0.0007943949269247242,0.0010638797891442664,0.34457710072398184,0.35079761475324633,cola,44
B,glue_v1,bert.encoder.layer.1.intermediate.dense,1,FFN1,sweep,10,10,1.0,0.0009784735812133072,0.0009784735812133072,0.0019569471624266144,0.0,False,0.00019482566640363074,0.157698332965374,0.15753421008586885,115.59082733154297,0.9999572682380676,1.0000417804718018,0.008916168278083204,0.0,0.009196402821689844,0.0548285860195756,0.31651279002428057,0.0,0.00013222942332504316,0.0003582710462796967,0.000750659016193822,0.0010851303927483969,0.34470468416810035,0.44776204526424407,cola,44
B,glue_v1,bert.encoder.layer.1.output.dense,1,FFN2,sweep,10,10,1.0,0.0009784735812133072,0.0009784735812133072,0.0019569471624266144,0.0,False,0.09990480072796344,0.10248522952198982,0.002866818809416145,6.1874650287628175,0.9999979621171952,1.000002412199974,0.0020029433409217744,0.0,0.16329481855034828,0.46044935792684555,0.7675901234149933,0.0,0.00013047201246081387,0.0003244512535457034,0.0005797222565161064,0.0007379361914354376,0.4100571343302727,0.4117471493780613,cola,44
B,glue_v1,bert.encoder.layer.1.attention.self.key,1,K,sweep,10,10,1.0,0.0009784735812133072,0.0009784735812133072,0.0019569471624266144,0.0,False,0.0,0.022358773704618216,0.022358773704618216,24.163429851531983,0.9999907696247101,1.0000077950954438,0.004128326750360429,0.0,0.050106394216418264,0.23289750054478645,0.5837277519702911,0.0,6.462153429311002e-05,0.0001711094850907102,0.00035512486181687563,0.0005057552528160158,0.34457710072398184,0.3593269109725952,cola,44
B,glue_v1,bert.encoder.layer.1.attention.output.dense,1,O,sweep,10,10,1.0,0.0009784735812133072,0.0009784735812133072,0.0019569471624266144,0.0,False,0.09981489419937134,0.1024313921481371,0.002906634882092476,6.346514635086059,0.9999977988004685,1.000001031756401,0.0020619361847639085,0.0,0.15986098423600198,0.45368196845054626,0.7619456946849823,0.0,0.00017989535561355297,0.0005098481985623949,0.0012272970151389019,0.0017455880809575319,0.40999323591589926,0.41170856431126596,cola,44
B,glue_v1,bert.encoder.layer.1.attention.self.query,1,Q,sweep,10,10,1.0,0.0009784735812133072,0.0009784735812133072,0.0019569471624266144,0.0,False,0.0,0.027759870514273643,0.027759870514273643,24.683790550231933,0.9999893134832383,1.0000095760822296,0.004446264053694904,0.0,0.04580480694770813,0.20760145604610444,0.5522904896736145,0.0,5.754365265602246e-05,0.00016877257767191622,0.00035436866033705883,0.000586278208938893,0.34457710072398184,0.36282566308975217,cola,44
B,glue_v1,bert.encoder.layer.1.attention.self.value,1,V,sweep,10,10,1.0,0.0009784735812133072,0.0009784735812133072,0.0019569471624266144,0.0,False,0.0,0.022525161057710647,0.022525161057710647,19.986195316314696,0.9999915617704391,1.0000094276666642,0.00389817853923887,0.0,0.05832394815981388,0.2533601778745651,0.6159988373517991,0.0,0.00012767654385243077,0.0004247120629588608,0.0011330893647391348,0.001698338192072697,0.34457710072398184,0.35941374212503435,cola,44
B,glue_v1,bert.encoder.layer.2.intermediate.dense,2,FFN1,sweep,10,10,1.0,0.0009784735812133072,0.0009784735812133072,0.0019569471624266144,0.0,False,0.000514310737780761,0.14551625475287439,0.14507656350731848,107.35082710266113,0.9999561434984208,1.0000431907176972,0.008922806084156036,0.0,0.009910826431587338,0.05737970225512981,0.3232778963446617,0.0,0.00015125258032639978,0.000417319004482124,0.0009103292599320411,0.0013149469968630001,0.3449150076508522,0.4398163220286369,cola,44
B,glue_v1,bert.encoder.layer.2.output.dense,2,FFN2,sweep,10,10,1.0,0.0009784735812133072,0.0009784735812133072,0.0019569471624266144,0.0,False,0.10000403754413129,0.10307059124112129,0.0034073210088536145,7.365014748573303,0.9999967175722122,1.0000026422739028,0.00235139014897868,0.0,0.14370887026190757,0.43304764598608014,0.7453207272291184,0.0,0.0001701624873385299,0.0004814427884411998,0.0010665257310029119,0.001537161431624554,0.41012676909565926,0.41214307740330697,cola,44
B,glue_v1,bert.encoder.layer.2.attention.self.key,2,K,sweep,10,10,1.0,0.0009784735812133072,0.0009784735812133072,0.0019569471624266144,0.0,False,0.0,0.08058963127434254,0.08058963127434254,24.758013801574705,0.9999918168783188,1.0000065135955811,0.0039274350926280024,0.0,0.04688256908208132,0.2370034499466419,0.5941880351305008,0.0,5.701479942217702e-05,0.00014684868554468267,0.00029947326154797335,0.0003910128641291522,0.34457710072398184,0.3971791885793209,cola,44
B,glue_v1,bert.encoder.layer.2.attention.output.dense,2,O,sweep,10,10,1.0,0.0009784735812133072,0.0009784735812133072,0.0019569471624266144,0.0,False,0.10000018298625946,0.102665578648448,0.002961522194091231,6.4556073522567745,0.9999976933002472,1.0000027430057525,0.0020895830052904785,0.0,0.1580163510143757,0.45160750836133956,0.7599479925632476,0.0,0.0001957969967770623,0.0005421350500546396,0.0012691090389853343,0.0018490382336312904,0.41009791880846025,0.4118454387784004,cola,44
B,glue_v1,bert.encoder.layer.2.attention.self.query,2,Q,sweep,10,10,1.0,0.0009784735812133072,0.0009784735812133072,0.0019569471624266144,0.0,False,0.0,0.13984179899096488,0.13984179899096488,30.24896785736084,0.9999900686740876,1.0000065940618514,0.004317487408407032,0.0,0.03749879114329815,0.19904693022370337,0.5367100557684898,0.0,5.415862920926884e-05,0.00015301490922865922,0.00035089546378003434,0.0005324750844738446,0.34457710072398184,0.43606926187872885,cola,44
B,glue_v1,bert.encoder.layer.2.attention.self.value,2,V,sweep,10,10,1.0,0.0009784735812133072,0.0009784735812133072,0.0019569471624266144,0.0,False,0.0,0.026388063002377747,0.026388063002377747,19.03988946914673,0.9999935168027878,1.0000070923566817,0.003461479439865798,0.0,0.06327336084097623,0.28805660635232927,0.6605053770542145,0.0,0.0001444493402959779,0.00040000437322305514,0.0009213226675637997,0.0012559216370573267,0.34457710072398184,0.36184864640235903,cola,44
B,glue_v1,bert.encoder.layer.3.intermediate.dense,3,FFN1,sweep,10,10,1.0,0.0009784735812133072,0.0009784735812133072,0.0019569471624266144,0.0,False,0.0011120709718670696,0.19019249752163886,0.1892910359799862,565.709860534668,0.9999572491645813,1.0000432777404784,0.008687165584415197,0.0,0.008387033976614475,0.05658744927495718,0.33451036244630816,0.0,0.00017634626929066143,0.0004683209702488966,0.001363981589092873,0.002635791983339004,0.34530721843242645,0.4692272314429283,cola,44
B,glue_v1,bert.encoder.layer.3.output.dense,3,FFN2,sweep,10,10,1.0,0.0009784735812133072,0.0009784735812133072,0.0019569471624266144,0.0,False,0.10018650092184543,0.10282320745289325,0.0029303041240200402,6.417172794342041,0.9999977278709412,1.0000018167495728,0.002077808491885662,0.0,0.1587884706258774,0.45248063921928405,0.7612569642066955,0.0,0.00017307396963587963,0.0004017522305366583,0.0007527976704295725,0.0010165593444253318,0.4102350807189941,0.4119628745317459,cola,44
B,glue_v1,bert.encoder.layer.3.attention.self.key,3,K,sweep,10,10,1.0,0.0009784735812133072,0.0009784735812133072,0.0019569471624266144,0.0,False,0.0,0.017769730584695935,0.017769730584695935,21.44826313018799,0.9999917823076249,1.0000092047452926,0.003938035028986633,0.0,0.053126230649650094,0.23688896209001542,0.5948407053947449,0.0,7.478445604647277e-05,0.0001821778155863285,0.00034956401053932496,0.0004287523531820625,0.34457710072398184,0.35625462621450427,cola,44
B,glue_v1,bert.encoder.layer.3.attention.output.dense,3,O,sweep,10,10,1.0,0.0009784735812133072,0.0009784735812133072,0.0019569471624266144,0.0,False,0.09998054899275303,0.10409084044396877,0.004566978574730456,9.988315315246583,0.9999937635660171,1.0000089877843856,0.0030248687067069113,0.0,0.1144294685870409,0.3927419313788414,0.7130647444725037,0.0,0.0002819543385703582,0.0009664800274185836,0.0031125675595831126,0.004924271821510047,0.41011542186141015,0.4128120481967926,cola,44
B,glue_v1,bert.encoder.layer.3.attention.self.query,3,Q,sweep,10,10,1.0,0.0009784735812133072,0.0009784735812133072,0.0019569471624266144,0.0,False,0.0,0.01885263839736581,0.01885263839736581,23.254215126037597,0.9999903190135956,1.0000066095590592,0.0042107563302852214,0.0,0.04905899442732334,0.22569747045636177,0.5884194123744965,0.0,5.920854651776608e-05,0.00017800860245188233,0.0004410617631219793,0.0006573611008934677,0.34457710072398184,0.3569629980623722,cola,44
B,glue_v1,bert.encoder.layer.3.attention.self.value,3,V,sweep,10,10,1.0,0.0009784735812133072,0.0009784735812133072,0.0019569471624266144,0.0,False,0.0,0.014245157660916448,0.014245157660916448,15.108674049377441,0.9999945032596588,1.000006828904152,0.0032251428067684175,0.0,0.07389672085642815,0.3050143480300903,0.673021845817566,0.0,0.00015000406361650675,0.00046221209020586685,0.0009660940221510827,0.001238109910627827,0.34457710072398184,0.3539225646853447,cola,44
B,glue_v1,bert.encoder.layer.4.intermediate.dense,4,FFN1,sweep,10,10,1.0,0.0009784735812133072,0.0009784735812133072,0.0019569471624266144,0.0,False,0.0007344945386284962,0.18890366226434707,0.18830759719014167,584.775224609375,0.9999596011638642,1.0000390481948853,0.008646655287593603,0.0,0.00878332331776619,0.058443079553544525,0.3222292524576187,0.0,0.0001964299894461874,0.000501648576464504,0.0010162435736856424,0.0014151233737356962,0.3450597760081291,0.4685283851623535,cola,44
B,glue_v1,bert.encoder.layer.4.output.dense,4,FFN2,sweep,10,10,1.0,0.0009784735812133072,0.0009784735812133072,0.0019569471624266144,0.0,False,0.10001626655459404,0.10259116970002652,0.002861055270768702,6.2678674125671385,0.9999978643655777,1.0000000673532485,0.0020385684352368116,0.0,0.16157643109560013,0.4556330904364586,0.7629824143648147,0.0,0.0001905869120673742,0.0004457718797493726,0.000796975634584669,0.0010356088253320195,0.4101250283420086,0.4118175560235977,cola,44
B,glue_v1,bert.encoder.layer.4.attention.self.key,4,K,sweep,10,10,1.0,0.0009784735812133072,0.0009784735812133072,0.0019569471624266144,0.0,False,0.0,0.01851012757048011,0.01851012757048011,25.403067474365233,0.9999897503852844,1.0000109964609145,0.004358970280736685,0.0,0.04559030551463365,0.213826202750206,0.562158721089363,0.0,0.00010043879869044759,0.0002431586544844322,0.000468033713841578,0.0005881182177108712,0.34457710072398184,0.3566925019025803,cola,44
B,glue_v1,bert.encoder.layer.4.attention.output.dense,4,O,sweep,10,10,1.0,0.0009784735812133072,0.0009784735812133072,0.0019569471624266144,0.0,False,0.09997613832354546,0.10351556777954102,0.0039326265431009234,8.62485599040985,0.9999953979253768,1.0000050121545792,0.0026908506522886457,0.0,0.12674208730459213,0.40854286044836047,0.7252355879545211,0.0,0.0002751986079965718,0.0008057597084552981,0.0021318594849435613,0.0031846738222520796,0.4101011264324188,0.4124253988265991,cola,44
B,glue_v1,bert.encoder.layer.4.attention.self.query,4,Q,sweep,10,10,1.0,0.0009784735812133072,0.0009784735812133072,0.0019569471624266144,0.0,False,0.0,0.020644446574151515,0.020644446574151515,26.462978839874268,0.9999907338619232,1.000009955763817,0.004134163956623524,0.0,0.047789530083537105,0.22838766619563103,0.5894218361377717,0.0,6.747615119820694e-05,0.00018382139365712646,0.00038985196573776193,0.0005625747184967622,0.34457710072398184,0.35815646544098856,cola,44
B,glue_v1,bert.encoder.layer.4.attention.self.value,4,V,sweep,10,10,1.0,0.0009784735812133072,0.0009784735812133072,0.0019569471624266144,0.0,False,0.0,0.012769292239099742,0.012769292239099742,17.729099912643434,0.9999931114912033,1.0000065803527831,0.00353105524322018,0.0,0.0661676137894392,0.28944915264844895,0.656494271159172,0.0,0.00014347591801197268,0.00048657860272214746,0.0012976747908396646,0.0017926367436302826,0.34457710072398184,0.3529582640528679,cola,44
B,glue_v1,bert.encoder.layer.5.intermediate.dense,5,FFN1,sweep,10,10,1.0,0.0009784735812133072,0.0009784735812133072,0.0019569471624266144,0.0,False,0.0005847245058976114,0.17066749215126037,0.17018234327435494,241.56678421020507,0.999959664940834,1.0000371372699737,0.008585084807127713,0.0,0.009604781288653613,0.06142498418688774,0.3319012877345085,0.0,0.00021009965508710592,0.0005744279967620969,0.001143132692668587,0.0015349807386519387,0.3449611036479473,0.45659163147211074,cola,44
B,glue_v1,bert.encoder.layer.5.output.dense,5,FFN2,sweep,10,10,1.0,0.0009784735812133072,0.0009784735812133072,0.0019569471624266144,0.0,False,0.09980332925915718,0.10232726968824864,0.0028037359425798058,6.161522407531738,0.9999979335069656,1.000002806186676,0.002011111581232399,0.0,0.16385263264179228,0.4588895285129547,0.7659930247068405,0.0,0.00019967129323049447,0.0004596253487397917,0.0007909802725771442,0.0010118800820782781,0.4099896880984306,0.41164388924837114,cola,44
B,glue_v1,bert.encoder.layer.5.attention.self.key,5,K,sweep,10,10,1.0,0.0009784735812133072,0.0009784735812133072,0.0019569471624266144,0.0,False,0.0,0.019751090463250874,0.019751090463250874,23.609758930206297,0.9999923419952392,1.000006497502327,0.003823818352539092,0.0,0.048790785931050774,0.24141886204481125,0.6160245883464813,0.0,8.477884039166383e-05,0.00020409079668752385,0.0003694292558066081,0.0004650852912163828,0.34457710072398184,0.3574796022474766,cola,44
B,glue_v1,bert.encoder.layer.5.attention.output.dense,5,O,sweep,10,10,1.0,0.0009784735812133072,0.0009784735812133072,0.0019569471624266144,0.0,False,0.10000582613050937,0.10351164497435093,0.00389545492362231,8.467907004356384,0.9999955952167511,1.0000041991472244,0.0026685806759633125,0.0,0.12682747423648835,0.407464639544487,0.724087980389595,0.0,0.0002954119964851998,0.0008983514888677746,0.0023640400497242807,0.0035691952251363547,0.41013933569192884,0.41244120672345164,cola,44
B,glue_v1,bert.encoder.layer.5.attention.self.query,5,Q,sweep,10,10,1.0,0.0009784735812133072,0.0009784735812133072,0.0019569471624266144,0.0,False,0.0,0.02318728182464838,0.02318728182464838,24.119997272491457,0.9999913102388382,1.000007581114769,0.004036557555664331,0.0,0.047437710128724574,0.23218987062573432,0.5936421912908554,0.0,6.393520747224102e-05,0.00018583776327432133,0.0003876549376582261,0.0005535891988256481,0.34457710072398184,0.35979978010058405,cola,44
B,glue_v1,bert.encoder.layer.5.attention.self.value,5,V,sweep,10,10,1.0,0.0009784735812133072,0.0009784735812133072,0.0019569471624266144,0.0,False,0.0,0.012528462437912821,0.012528462437912821,15.649825201034545,0.9999949908256531,1.00000589966774,0.0030905778938904406,0.0,0.07458598032593727,0.3213710144162178,0.6930831611156464,0.0,0.00011860206475830637,0.0003650675850803964,0.0013842997280880808,0.0019634920253884048,0.34457710072398184,0.3527764028310776,cola,44
B,glue_v1,bert.encoder.layer.6.intermediate.dense,6,FFN1,sweep,10,10,1.0,0.0009784735812133072,0.0009784735812133072,0.0019569471624266144,0.0,False,0.0003104740002891049,0.14835443779826163,0.14808995589613916,131.14817207336426,0.9999531781673432,1.0000430166721344,0.009029092276468873,0.0,0.010067105516791344,0.06097527895122767,0.32610260307788846,0.0,0.00022894787194672973,0.0006163495068904013,0.0012877407053019851,0.0020570366230094807,0.34478007912635805,0.441799498796463,cola,44
B,glue_v1,bert.encoder.layer.6.output.dense,6,FFN2,sweep,10,10,1.0,0.0009784735812133072,0.0009784735812133072,0.0019569471624266144,0.0,False,0.1001363131403923,0.10264009796082973,0.0027823759079910813,6.047872705459595,0.9999980235099792,1.000000123977661,0.001977316300617531,0.0,0.1667304292321205,0.4642580258846283,0.77028728723526,0.0,0.00020694746330264025,0.00048000514070736246,0.000859496888006106,0.0010982892301399261,0.4102023530006409,0.4118432192504406,cola,44
B,glue_v1,bert.encoder.layer.6.attention.self.key,6,K,sweep,10,10,1.0,0.0009784735812133072,0.0009784735812133072,0.0019569471624266144,0.0,False,0.0,0.028657961320132017,0.028657961320132017,37.264630432128904,0.9999869441986085,1.0000110495090484,0.004899685019627214,0.0,0.034191699270159005,0.18373178243637084,0.5278911358118057,0.0,0.00011847712587041314,0.00033339305300614794,0.0007042616829858162,0.0009386979680857621,0.34457710072398184,0.3633569240570068,cola,44
B,glue_v1,bert.encoder.layer.6.attention.output.dense,6,O,sweep,10,10,1.0,0.0009784735812133072,0.0009784735812133072,0.0019569471624266144,0.0,False,0.1000720825791359,0.10311878181993961,0.003385517229326069,7.346656408309936,0.9999968898296356,1.0000030261278152,0.002359166711103171,0.0,0.14099957853555678,0.42297721743583677,0.7359253972768783,0.0,0.0002777595943189226,0.0007905605848645791,0.0017355369165306912,0.0025251586514059452,0.4101709820330143,0.41216631755232813,cola,44
B,glue_v1,bert.encoder.layer.6.attention.self.query,6,Q,sweep,10,10,1.0,0.0009784735812133072,0.0009784735812133072,0.0019569471624266144,0.0,False,0.0,0.024108944181352853,0.024108944181352853,28.684416313171386,0.9999907779693603,1.0000142002105712,0.004147839625366032,0.0,0.042080363519489766,0.2232747779786587,0.6007036638259887,0.0,6.740771426848369e-05,0.00019565723116102163,0.00041967098397435623,0.0006780475426057819,0.34457710072398184,0.3604058618843555,cola,44
B,glue_v1,bert.encoder.layer.6.attention.self.value,6,V,sweep,10,10,1.0,0.0009784735812133072,0.0009784735812133072,0.0019569471624266144,0.0,False,0.0,0.013820548607036472,0.013820548607036472,19.30802465438843,0.9999941343069076,1.0000052231550216,0.0033351345849223436,0.0,0.06191982626914978,0.2965293121337891,0.6825647968053817,0.0,0.00015390034044685308,0.000508993802650366,0.001392430115956813,0.002017912423470989,0.34457710072398184,0.3536359515786171,cola,44
B,glue_v1,bert.encoder.layer.7.intermediate.dense,7,FFN1,sweep,10,10,1.0,0.0009784735812133072,0.0009784735812133072,0.0019569471624266144,0.0,False,0.00025399391670362094,0.12416705831885338,0.12394455723464488,109.37993553161621,0.999951611161232,1.0000479239225388,0.009326421376317739,0.0,0.010137406066060067,0.057936756722629074,0.31545947819948195,0.0,0.000251319606177276,0.0007223828142741695,0.0016415166662773117,0.002388477977947332,0.3447436262667179,0.4259162797033787,cola,44
B,glue_v1,bert.encoder.layer.7.output.dense,7,FFN2,sweep,10,10,1.0,0.0009784735812133072,0.0009784735812133072,0.0019569471624266144,0.0,False,0.10013537205755711,0.10261419177055359,0.0027545939292758703,6.001683382987976,0.9999980264902115,1.000002172589302,0.001973650171421468,0.0,0.16806411430239676,0.46595745503902436,0.7703812605142594,0.0,0.00021117547526955605,0.0005307019266183489,0.0010176617646357044,0.0013415665866341442,0.41021771416068076,0.41184302732348443,cola,44
B,glue_v1,bert.encoder.layer.7.attention.self.key,7,K,sweep,10,10,1.0,0.0009784735812133072,0.0009784735812133072,0.0019569471624266144,0.0,False,0.0,0.024307918529957534,0.024307918529957534,31.053194274902342,0.9999900013208389,1.0000074714422227,0.004349778881296515,0.0,0.038125738874077796,0.20797500342130662,0.5646692395210267,0.0,8.015673556656111e-05,0.0002002698580326978,0.0003651866261498071,0.00046363145564100707,0.34457710072398184,0.3604705283045769,cola,44
B,glue_v1,bert.encoder.layer.7.attention.output.dense,7,O,sweep,10,10,1.0,0.0009784735812133072,0.0009784735812133072,0.0019569471624266144,0.0,False,0.10018478356301784,0.10289141200482846,0.00300795037066564,6.488078198432922,0.9999976599216461,1.0000024646520616,0.0021146987052634357,0.0,0.1566661986708641,0.4470315045118332,0.7551385205984116,0.0,0.0002583030656387564,0.0008130904362769797,0.00165743927937001,0.0024709120974875987,0.41023568585515024,0.41201686441898344,cola,44
B,glue_v1,bert.encoder.layer.7.attention.self.query,7,Q,sweep,10,10,1.0,0.0009784735812133072,0.0009784735812133072,0.0019569471624266144,0.0,False,0.0,0.021667376887053252,0.021667376887053252,24.56360548019409,0.9999918752908706,1.0000095611810684,0.003924443691503256,0.0,0.04591547459363937,0.23547920912504197,0.6107917279005051,0.0,5.318262701621279e-05,0.0001381596967985388,0.0002996894923853688,0.00042998313496354966,0.34457710072398184,0.35876100808382033,cola,44
B,glue_v1,bert.encoder.layer.7.attention.self.value,7,V,sweep,10,10,1.0,0.0009784735812133072,0.0009784735812133072,0.0019569471624266144,0.0,False,0.0,0.014775087311863899,0.014775087311863899,20.213015937805174,0.9999944126605987,1.000006264448166,0.0032647108775563536,0.0,0.059272517822682856,0.30603439241647723,0.6898458552360535,0.0,0.0001339451868989272,0.0005641887930687517,0.0014593935169978068,0.0021000845229718836,0.34457710072398184,0.35424646258354187,cola,44
B,glue_v1,bert.encoder.layer.8.intermediate.dense,8,FFN1,sweep,10,10,1.0,0.0009784735812133072,0.0009784735812133072,0.0019569471624266144,0.0,False,0.00013327475091500673,0.11876354850828648,0.11864606529474259,106.38179969787598,0.9999533224105835,1.0000417625904083,0.009201903082430362,0.0,0.010511548472568393,0.0579975263774395,0.31606946349143983,0.0,0.00023746347083942966,0.0007361851251334883,0.0017004411265952512,0.002703864082577638,0.34466425478458407,0.42241877362132074,cola,44
B,glue_v1,bert.encoder.layer.8.output.dense,8,FFN2,sweep,10,10,1.0,0.0009784735812133072,0.0009784735812133072,0.0019569471624266144,0.0,False,0.10007921189069748,0.10269144557416439,0.0029027407872490585,6.317291359901429,0.999997757077217,1.000003238916397,0.002076441515237093,0.0,0.1605593094229698,0.45211163997650144,0.7549320119619369,0.0,0.0002062927703082096,0.0005659873347030952,0.00153058726049494,0.0020152310084085912,0.4101723782718182,0.41188306257128715,cola,44
B,glue_v1,bert.encoder.layer.8.attention.self.key,8,K,sweep,10,10,1.0,0.0009784735812133072,0.0009784735812133072,0.0019569471624266144,0.0,False,0.0,0.026193797420710326,0.026193797420710326,32.285809154510495,0.9999894869327545,1.0000109362602234,0.004450904903933406,0.0,0.03679854042828083,0.2025246411561966,0.5593429148197174,0.0,0.00012479144847020506,0.00032970356915029697,0.0006617679190821945,0.0009001850616186857,0.34457710072398184,0.3617317508161068,cola,44
B,glue_v1,bert.encoder.layer.8.attention.output.dense,8,O,sweep,10,10,1.0,0.0009784735812133072,0.0009784735812133072,0.0019569471624266144,0.0,False,0.10002961747348309,0.10255617946386338,0.0028073282376863064,6.116818060874939,0.999997947216034,1.0000005954504012,0.002004815504187718,0.0,0.1649591089785099,0.4595006614923477,0.764318801164627,0.0,0.00026712377424701115,0.0009415073087438941,0.0019027381669729948,0.002989731068955734,0.41012874826788903,0.4117873252928257,cola,44
B,glue_v1,bert.encoder.layer.8.attention.self.query,8,Q,sweep,10,10,1.0,0.0009784735812133072,0.0009784735812133072,0.0019569471624266144,0.0,False,0.0,0.023436819706112146,0.023436819706112146,27.821573390960694,0.999989058971405,1.000010403394699,0.004435263299383223,0.0,0.04333040948957205,0.21778461575508118,0.5785812366008759,0.0,7.85138169885613e-05,0.0002706877599121071,0.0007696286443388089,0.0011764061733265407,0.34457710072398184,0.35998006761074064,cola,44
B,glue_v1,bert.encoder.layer.8.attention.self.value,8,V,sweep,10,10,1.0,0.0009784735812133072,0.0009784735812133072,0.0019569471624266144,0.0,False,0.0,0.01207004846073687,0.01207004846073687,17.138122806549074,0.9999944722652435,1.0000027984380722,0.0032467979611828924,0.0,0.06651360008865595,0.30309121996164323,0.6792104202508926,0.0,0.00015746244163892699,0.000539420059940312,0.002752619464881718,0.004476734284544363,0.34457710072398184,0.35249187707901003,cola,44
B,glue_v1,bert.encoder.layer.9.intermediate.dense,9,FFN1,sweep,10,10,1.0,0.0009784735812133072,0.0009784735812133072,0.0019569471624266144,0.0,False,0.0007831735658692196,0.12571233704686166,0.12502721898257732,124.35931610107421,0.9999306857585907,1.0000690269470214,0.011199182905256748,0.0,0.008942010435275734,0.04696794863790274,0.25028020322322847,0.0,0.0002609935989312362,0.0007510715431999415,0.0013260282436385752,0.0017457181290956214,0.3450886482000351,0.42682514652609826,cola,44
B,glue_v1,bert.encoder.layer.9.output.dense,9,FFN2,sweep,10,10,1.0,0.0009784735812133072,0.0009784735812133072,0.0019569471624266144,0.0,False,0.09973713532090187,0.10236223995685577,0.002915934214834124,6.302296361923218,0.9999978238344193,1.000000422000885,0.0020606586686335504,0.0,0.16035469219088555,0.450911405980587,0.7559046232700348,0.0,0.0001821374081191607,0.0005351348555996082,0.0012535836728056894,0.0016494284226791934,0.409946201890707,0.4116678708791733,cola,44
B,glue_v1,bert.encoder.layer.9.attention.self.key,9,K,sweep,10,10,1.0,0.0009784735812133072,0.0009784735812133072,0.0019569471624266144,0.0,False,0.0,0.02822631215676665,0.02822631215676665,32.6281658744812,0.999990696310997,1.0000097501277923,0.004193440382368863,0.0,0.036372968778014186,0.21601076200604438,0.5918379378318787,0.0,0.00012567080055305268,0.0003819103926070966,0.0007825488591333851,0.0009915672522038221,0.34457710072398184,0.3631109923124313,cola,44
B,glue_v1,bert.encoder.layer.9.attention.output.dense,9,O,sweep,10,10,1.0,0.0009784735812133072,0.0009784735812133072,0.0019569471624266144,0.0,False,0.0998233912140131,0.10229155637323856,0.0027418666263110936,6.030772104263305,0.9999980026483536,1.0000026690959931,0.0019845003751106562,0.0,0.16732802733778954,0.46386747658252714,0.766843034029007,0.0,0.00023574078193632885,0.0007436952384887263,0.0016852000809740276,0.0022994474100414665,0.41002050578594207,0.41163449168205263,cola,44
B,glue_v1,bert.encoder.layer.9.attention.self.query,9,Q,sweep,10,10,1.0,0.0009784735812133072,0.0009784735812133072,0.0019569471624266144,0.0,False,0.0,0.022189270462840794,0.022189270462840794,27.21340873718262,0.9999911803007125,1.0000109618902207,0.004086120282299817,0.0,0.042378989718854426,0.225795226842165,0.5964338028430939,0.0,8.528546608431498e-05,0.00029915081686340275,0.0008458840125240385,0.0013028144469717517,0.34457710072398184,0.35914908930659295,cola,44
B,glue_v1,bert.encoder.layer.9.attention.self.value,9,V,sweep,10,10,1.0,0.0009784735812133072,0.0009784735812133072,0.0019569471624266144,0.0,False,1.385194991598837e-07,0.014216735968366265,0.014216599566861988,19.363406085968016,0.9999927568435669,1.000006217956543,0.003666134704835713,0.0,0.05867108691483736,0.26949513852596285,0.6369690477848053,0.0,0.00021798984816996382,0.0007573335309280083,0.002483337459852919,0.0037531666515860707,0.3445771862566471,0.3538920421898365,cola,44
B,glue_v1,bert.encoder.layer.10.intermediate.dense,10,FFN1,sweep,10,10,1.0,0.0009784735812133072,0.0009784735812133072,0.0019569471624266144,0.0,False,0.00028734611216350457,0.13905616261065007,0.13880874291062356,142.1840507507324,0.9999149388074875,1.0000863420963286,0.012462850771844386,0.0,0.0076624335115775466,0.040940651297569276,0.22603579267859458,0.0,0.00022648524623946286,0.0007754016137914732,0.0014825300831580535,0.001911066259490326,0.34476455956697466,0.43553005024790764,cola,44
B,glue_v1,bert.encoder.layer.10.output.dense,10,FFN2,sweep,10,10,1.0,0.0009784735812133072,0.0009784735812133072,0.0019569471624266144,0.0,False,0.09995007425546647,0.10253076680004597,0.0028672392945736647,6.1119053840637205,0.9999979710578919,1.0000019651651382,0.001997462586732581,0.0,0.16499456703662874,0.4613271555304527,0.7659847497940063,0.0,0.00013707057099964003,0.0004405319888610393,0.0011044678930193187,0.0013678638136480003,0.41009062230587007,0.4117823298275471,cola,44
B,glue_v1,bert.encoder.layer.10.attention.self.key,10,K,sweep,10,10,1.0,0.0009784735812133072,0.0009784735812133072,0.0019569471624266144,0.0,False,0.0,0.023613947071135045,0.023613947071135045,26.45308662414551,0.9999910873174668,1.0000074231624603,0.004109075176529586,0.0,0.04441231094300747,0.22514704525470733,0.5798365145921707,0.0,0.00013713605345401449,0.00043309975968440994,0.0010100148423225618,0.0014770335503271781,0.34457710072398184,0.36002967059612273,cola,44
B,glue_v1,bert.encoder.layer.10.attention.output.dense,10,O,sweep,10,10,1.0,0.0009784735812133072,0.0009784735812133072,0.0019569471624266144,0.0,False,0.09981171362102031,0.10232309825718403,0.002789810774847865,6.0472941589355464,0.9999979835748672,1.0000016403198242,0.0019890065188519655,0.0,0.1671515314280987,0.4646209102869034,0.7675825250148773,0.0,0.00016675174767442514,0.0005499449040507898,0.001337160966359079,0.0016647945169825107,0.40999102368950846,0.4116352979838848,cola,44
B,glue_v1,bert.encoder.layer.10.attention.self.query,10,Q,sweep,10,10,1.0,0.0009784735812133072,0.0009784735812133072,0.0019569471624266144,0.0,False,0.0,0.019652703627943992,0.019652703627943992,23.422120647430418,0.9999918383359909,1.0000083351135254,0.00392147894250229,0.0,0.049907359518110754,0.24225160762667655,0.5994808119535446,0.0,6.945838700630702e-05,0.0002671489634667523,0.000617276236298494,0.0008048197903553955,0.34457710072398184,0.3574299730360508,cola,44
B,glue_v1,bert.encoder.layer.10.attention.self.value,10,V,sweep,10,10,1.0,0.0009784735812133072,0.0009784735812133072,0.0019569471624266144,0.0,False,0.0,0.016149430302903056,0.016149430302903056,21.504135818481444,0.9999904710054398,1.000009413957596,0.004142483703326434,0.0,0.054220220856368545,0.23915673911571503,0.5983077484369278,0.0,0.00024963030577055176,0.0009179112943820656,0.002316566292429343,0.003469472554279491,0.34457710072398184,0.3551254297792912,cola,44
B,glue_v1,bert.encoder.layer.11.intermediate.dense,11,FFN1,sweep,10,10,1.0,0.0009784735812133072,0.0009784735812133072,0.0019569471624266144,0.0,False,0.9092889714241028,0.9184654647111893,0.10141013488173485,10.607429232597351,0.09070859767496586,0.0907238445430994,0.0011649491213029251,0.0,0.0,8.604309499787632e-05,0.04193884879350662,0.0,0.0,2.677002048585564e-06,0.002409088102867827,0.0032270984852220863,0.9401126474142074,0.946162890791893,cola,44
B,glue_v1,bert.encoder.layer.11.output.dense,11,FFN2,sweep,10,10,1.0,0.0009784735812133072,0.0009784735812133072,0.0019569471624266144,0.0,False,0.9183846753835678,0.9185879212617875,0.0024840472830692305,0.49838314145803453,0.09071661062538623,0.09071726210415364,0.00016133325727423652,0.0,0.0,0.0004956956580281258,0.49785622000694274,0.0,0.0,4.797095607500524e-06,0.0010521638800855726,0.001186913080746308,0.9461133861541748,0.9462474989891052,cola,44
B,glue_v1,bert.encoder.layer.11.attention.self.key,11,K,sweep,10,10,1.0,0.0009784735812133072,0.0009784735812133072,0.0019569471624266144,0.0,False,0.0,0.0916038177907467,0.0916038177907467,74.76173496246338,0.9999765276908874,1.0000196462869644,0.006703378711827099,0.0,0.016097314013168215,0.10943519994616509,0.3516512620449066,0.0,0.00021499939350178466,0.00048801128607010467,0.0008136061416007578,0.0010213021253002808,0.34457710072398184,0.40448763728141784,cola,44
B,glue_v1,bert.encoder.layer.11.attention.output.dense,11,O,sweep,10,10,1.0,0.0009784735812133072,0.0009784735812133072,0.0019569471624266144,0.0,False,0.9184014886617661,0.9186322486400604,0.00283070869918447,0.5640758952498436,0.09071656487882138,0.09071635454893112,0.00018329899190575816,0.0,0.0,0.000394681803882122,0.44072491824626925,0.0,0.0,4.712693335022777e-06,0.0018582195532508194,0.0022518159006722272,0.9461258268356323,0.9462779664993286,cola,44
B,glue_v1,bert.encoder.layer.11.attention.self.query,11,Q,sweep,10,10,1.0,0.0009784735812133072,0.0009784735812133072,0.0019569471624266144,0.0,False,0.9092832571268081,0.9099551272392273,0.007410482005216181,1.0818029594421388,0.09071630604565144,0.09071698151528836,0.0002801344981708098,0.0,0.0,0.0012666301308686912,0.29227177172899244,0.0,0.0,9.439264977118001e-07,0.0005751057132147253,0.0008291250991169363,0.9401087814569473,0.9405537831783295,cola,44
B,glue_v1,bert.encoder.layer.11.attention.self.value,11,V,sweep,10,10,1.0,0.0009784735812133072,0.0009784735812133072,0.0019569471624266144,0.0,False,0.1005610990524292,0.1159108929336071,0.017065303968265652,50.559702987670896,0.9999918442964554,1.0000066524744033,0.0038672374770976604,0.0,0.04447028372436762,0.23581142947077752,0.6043121552467347,0.0,0.00031825901271076873,0.0007290553924394771,0.0011748740752227605,0.0014503760082880035,0.41041720494627953,0.42041090503335,cola,44
B,glue_v1,bert.encoder.layer.0.intermediate.dense,0,FFN1,sweep,12,12,1.0,0.0002442598925256473,0.0002442598925256473,0.0004885197850512946,0.0,False,5.409997831520741e-05,0.12374465018510819,0.12369723729789257,195.43686279296875,0.9999966531991958,1.0000031316280364,0.0024734475696459412,0.0,0.005846112607978285,0.04452327568084002,0.2921430695056915,0.0,0.0001181797912431648,0.00035234610448242165,0.0009328620167798362,0.0015678256424143911,0.3446128129959106,0.4256854310631752,cola,44
B,glue_v1,bert.encoder.layer.0.output.dense,0,FFN2,sweep,12,12,1.0,0.0002442598925256473,0.0002442598925256473,0.0004885197850512946,0.0,False,0.10004814691841603,0.10068010285496712,0.000702202097454574,6.087745943069458,0.9999998432397842,1.000000190138817,0.0004947444415302016,0.0,0.16590200260281562,0.46501281261444094,0.7704121094942092,0.0,0.00010367712093284354,0.00027420953556429596,0.000519120741810184,0.0006588210360496305,0.4101486112177372,0.4105635730922222,cola,44
B,glue_v1,bert.encoder.layer.0.attention.self.key,0,K,sweep,12,12,1.0,0.0002442598925256473,0.0002442598925256473,0.0004885197850512946,0.0,False,0.0,0.0032518987683579324,0.0032518987683579324,20.285858516693114,0.9999994957447051,1.0000000405311584,0.0009758500423049554,0.0,0.056247971467673775,0.2393558268249035,0.6041910392045975,0.0,6.889390584547073e-05,0.0001749725038098404,0.0004126740172796417,0.0005724772055691573,0.34457710072398184,0.3467148779332638,cola,44
B,glue_v1,bert.encoder.layer.0.attention.output.dense,0,O,sweep,12,12,1.0,0.0002442598925256473,0.0002442598925256473,0.0004885197850512946,0.0,False,0.09983933694660664,0.10045943319797516,0.0006888615613570437,6.033618621826172,0.9999998432397842,1.0000003468990326,0.0004939315048977733,0.0,0.16724888458848,0.46562377393245696,0.7699974626302719,0.0,0.00016088025397039017,0.0004069506961968727,0.0007477400114294142,0.00103471671580337,0.4100204873085022,0.41042532622814176,cola,44
B,glue_v1,bert.encoder.layer.0.attention.self.query,0,Q,sweep,12,12,1.0,0.0002442598925256473,0.0002442598925256473,0.0004885197850512946,0.0,False,0.0,0.003050400100182742,0.003050400100182742,16.756051931381226,0.999999538064003,1.0000006067752838,0.0009316359931835905,0.0,0.06682257801294327,0.2569592422246933,0.6070581132173538,0.0,5.025708243920235e-05,0.00014723921580298338,0.0003454975427302998,0.0005822844144131523,0.34457710072398184,0.3465822373330593,cola,44
B,glue_v1,bert.encoder.layer.0.attention.self.value,0,V,sweep,12,12,1.0,0.0002442598925256473,0.0002442598925256473,0.0004885197850512946,0.0,False,0.0,0.0023687228979542853,0.0023687228979542853,14.875604286193848,0.9999996101856232,0.9999998468160629,0.0008663872705074028,0.0,0.07312700249254704,0.2787779499590397,0.6441985481977462,0.0,0.00015014222080935724,0.0003863130685931537,0.0007901740935631097,0.0010396911564748733,0.34457710072398184,0.34613007470965385,cola,44
B,glue_v1,bert.encoder.layer.1.intermediate.dense,1,FFN1,sweep,12,12,1.0,0.0002442598925256473,0.0002442598925256473,0.0004885197850512946,0.0,False,4.757646793223103e-05,0.07479736879467964,0.07475334860384464,115.3715828704834,0.9999972701072692,1.000002744793892,0.002256834665313363,0.0,0.009214877365157009,0.054857362657785416,0.31663674861192703,0.0,0.00013234241770987865,0.0003609394720115233,0.0007575781957712025,0.0010692935096449218,0.3446079906821251,0.39350373089313506,cola,44
B,glue_v1,bert.encoder.layer.1.output.dense,1,FFN2,sweep,12,12,1.0,0.0002442598925256473,0.0002442598925256473,0.0004885197850512946,0.0,False,0.09990480072796344,0.1005528898537159,0.000720010784571059,6.190349297523499,0.9999998432397842,1.0000004374980926,0.0005003139708423987,0.0,0.16320818588137626,0.4601140597462654,0.7673103761672974,0.0,0.00013043986597040204,0.00032391695043770596,0.0005800048584933393,0.0007242195695289411,0.4100571343302727,0.41048319876194,cola,44
B,glue_v1,bert.encoder.layer.1.attention.self.key,1,K,sweep,12,12,1.0,0.0002442598925256473,0.0002442598925256473,0.0004885197850512946,0.0,False,0.0,0.005909771816805005,0.005909771816805005,24.148170986175536,0.9999994373321534,1.000001260638237,0.0010299037583172321,0.0,0.050210635960102085,0.23328327924013137,0.5837019234895706,0.0,6.487138485681498e-05,0.00016969144155154936,0.00035390600372920745,0.0004931560014665592,0.34457710072398184,0.34848294273018837,cola,44
B,glue_v1,bert.encoder.layer.1.attention.output.dense,1,O,sweep,12,12,1.0,0.0002442598925256473,0.0002442598925256473,0.0004885197850512946,0.0,False,0.09981489419937134,0.10046269662678242,0.0007196481071878225,6.35428023815155,0.9999998432397842,1.0000001305341721,0.0005154741025762633,0.0,0.1596734592318535,0.4532697016000748,0.7613363254070282,0.0,0.00018139667219656985,0.0005098841091967188,0.0012036133953370154,0.0017376223730389028,0.40999323591589926,0.41041822895407676,cola,44
B,glue_v1,bert.encoder.layer.1.attention.self.query,1,Q,sweep,12,12,1.0,0.0002442598925256473,0.0002442598925256473,0.0004885197850512946,0.0,False,0.0,0.00806239147670567,0.00806239147670567,24.766456108093262,0.9999993377923966,1.00000042617321,0.001112874048994854,0.0,0.045751835070550445,0.20755692780017854,0.5514663180708885,0.0,5.7315394878969525e-05,0.00016906494100112467,0.00035541884251870213,0.0005649321447708644,0.34457710072398184,0.3498771721124649,cola,44
B,glue_v1,bert.encoder.layer.1.attention.self.value,1,V,sweep,12,12,1.0,0.0002442598925256473,0.0002442598925256473,0.0004885197850512946,0.0,False,0.0,0.00602494282880798,0.00602494282880798,19.9501570892334,0.9999994802474975,1.0000008475780486,0.0009722708072513342,0.0,0.05839912202209234,0.25367012664675714,0.6162604731321335,0.0,0.00012673069424636195,0.0004244807199575007,0.0011102712905267254,0.001692521098884754,0.34457710072398184,0.34854960307478905,cola,44
B,glue_v1,bert.encoder.layer.2.intermediate.dense,2,FFN1,sweep,12,12,1.0,0.0002442598925256473,0.0002442598925256473,0.0004885197850512946,0.0,False,0.00016477371180371848,0.06671760700643063,0.06656379770487547,107.3809043121338,0.9999971842765808,1.000003792643547,0.0022608132380992174,0.0,0.009896595645695925,0.05734382003545761,0.32331849694252013,0.0,0.0001520935336884577,0.00041860945406369866,0.0009200143415364437,0.0013253898703260347,0.34468537554144857,0.3882260328531265,cola,44
B,glue_v1,bert.encoder.layer.2.output.dense,2,FFN2,sweep,12,12,1.0,0.0002442598925256473,0.0002442598925256473,0.0004885197850512946,0.0,False,0.10000403754413129,0.1007658662647009,0.0008464807679411024,7.311348042488098,0.9999998217821121,1.0000001335144042,0.0005830725753912702,0.0,0.1445650999248028,0.43421539187431335,0.746147283911705,0.0,0.00016898658424906898,0.0004636959655908868,0.001079567073029466,0.0015306667744880542,0.41012676909565926,0.4106271648406982,cola,44
B,glue_v1,bert.encoder.layer.2.attention.self.key,2,K,sweep,12,12,1.0,0.0002442598925256473,0.0002442598925256473,0.0004885197850512946,0.0,False,0.0,0.03951066397130489,0.03951066397130489,24.746530570983886,0.9999994921684265,1.0000008636713027,0.0009915167279541492,0.0,0.04690427955240011,0.23723980382084847,0.5947365975379943,0.0,5.6938848101708575e-05,0.0001465703348367242,0.0002957946863898542,0.000384504670946626,0.34457710072398184,0.37030884370207784,cola,44
B,glue_v1,bert.encoder.layer.2.attention.output.dense,2,O,sweep,12,12,1.0,0.0002442598925256473,0.0002442598925256473,0.0004885197850512946,0.0,False,0.10000018298625946,0.1006573597341776,0.0007302210765192285,6.442363252639771,0.9999998432397842,1.0000001633167266,0.0005201745516387746,0.0,0.15837041094899176,0.452674917280674,0.7612879949808121,0.0,0.00019654528157843742,0.0005385603438480758,0.0012655772775178775,0.0018121679389150813,0.41009791880846025,0.41052677035331725,cola,44
B,glue_v1,bert.encoder.layer.2.attention.self.query,2,Q,sweep,12,12,1.0,0.0002442598925256473,0.0002442598925256473,0.0004885197850512946,0.0,False,0.0,0.10674778901040555,0.10674778901040555,30.344661865234375,0.9999993789196014,1.000000519156456,0.0010933765617664904,0.0,0.03734187737107277,0.1991804501414299,0.5369931864738464,0.0,5.3822556728846394e-05,0.00015091605950146914,0.00034691638124058956,0.0005341098805365618,0.34457710072398184,0.41433770433068273,cola,44
B,glue_v1,bert.encoder.layer.2.attention.self.value,2,V,sweep,12,12,1.0,0.0002442598925256473,0.0002442598925256473,0.0004885197850512946,0.0,False,0.0,0.012539774784818292,0.012539774784818292,19.08547451019287,0.9999996024370194,1.0000002306699753,0.0008671881520422175,0.0,0.06314663503319025,0.2875864824652672,0.6601975125074386,0.0,0.00014528320120007265,0.000406997042009607,0.0009374708629911765,0.0012407966435421258,0.34457710072398184,0.35277200624346733,cola,44
B,glue_v1,bert.encoder.layer.3.intermediate.dense,3,FFN1,sweep,12,12,1.0,0.0002442598925256473,0.0002442598925256473,0.0004885197850512946,0.0,False,0.00040316141705261545,0.10706284023821354,0.10670292519032955,568.9558770751953,0.9999972373247147,1.0000026988983155,0.002210673682857305,0.0,0.008376655257306994,0.056580630540847776,0.33479552537202834,0.0,0.00017606486049771776,0.0004746753998915665,0.001333919972530566,0.0026221988518955186,0.34484273225069045,0.41481457620859147,cola,44
B,glue_v1,bert.encoder.layer.3.output.dense,3,FFN2,sweep,12,12,1.0,0.0002442598925256473,0.0002442598925256473,0.0004885197850512946,0.0,False,0.10018650092184543,0.10086441926658153,0.0007534001214662566,6.393987307548523,0.9999998432397842,1.000000120997429,0.0005173492681933567,0.0,0.1592736867070198,0.4531579813361168,0.7615218067169189,0.0,0.00017335430660750717,0.0004014687318704091,0.0007405328698223457,0.001003568225132767,0.4102350807189941,0.4106791976094246,cola,44
B,glue_v1,bert.encoder.layer.3.attention.self.key,3,K,sweep,12,12,1.0,0.0002442598925256473,0.0002442598925256473,0.0004885197850512946,0.0,False,0.0,0.004530083832796663,0.004530083832796663,21.38829782485962,0.9999994975328446,1.0000008124113082,0.0009810912288958206,0.0,0.05328163847327232,0.23756843104958533,0.596443299651146,0.0,7.432147009239998e-05,0.00018180137150920926,0.0003450317001261283,0.0004292669090500567,0.34457710072398184,0.3475493647158146,cola,44
B,glue_v1,bert.encoder.layer.3.attention.output.dense,3,O,sweep,12,12,1.0,0.0002442598925256473,0.0002442598925256473,0.0004885197850512946,0.0,False,0.09998054899275303,0.10097800232470036,0.0011082554090535268,9.852005434036254,0.9999996280670166,1.0000003272294997,0.0007452719478169456,0.0,0.11584701158106327,0.3945797416567802,0.7144152843952178,0.0,0.0002807683305582032,0.0009343465405981988,0.0030890424270182846,0.004916075012879446,0.41011542186141015,0.41076931700110436,cola,44
B,glue_v1,bert.encoder.layer.3.attention.self.query,3,Q,sweep,12,12,1.0,0.0002442598925256473,0.0002442598925256473,0.0004885197850512946,0.0,False,0.0,0.004888601361308247,0.004888601361308247,23.32164011001587,0.9999994015693665,1.0000007718801498,0.0010528368671657517,0.0,0.048970228806138036,0.22532398372888565,0.5879646593332291,0.0,5.931616866291733e-05,0.0001785942511196481,0.0004451106429041829,0.0006442706132656895,0.34457710072398184,0.34779419481754303,cola,44
B,glue_v1,bert.encoder.layer.3.attention.self.value,3,V,sweep,12,12,1.0,0.0002442598925256473,0.0002442598925256473,0.0004885197850512946,0.0,False,0.0,0.00368171128211543,0.00368171128211543,15.099224939346314,0.9999996721744537,1.0000009101629257,0.000804241881123744,0.0,0.07397922106087208,0.30537468403577805,0.6739955097436905,0.0,0.00014993524433521088,0.0004574669699650258,0.0009632442961446941,0.0012210569012677296,0.34457710072398184,0.34698923245072366,cola,44
B,glue_v1,bert.encoder.layer.4.intermediate.dense,4,FFN1,sweep,12,12,1.0,0.0002442598925256473,0.0002442598925256473,0.0004885197850512946,0.0,False,0.0003666088290628977,0.10723459288477898,0.10690730303525925,587.4683840942383,0.9999973797798156,1.0000026142597198,0.0022028951835818588,0.0,0.008797829207032919,0.05852933086454868,0.3226184034347534,0.0,0.00019701137236552313,0.000504511899780482,0.0010187808185582981,0.0013900598889449612,0.34481883600354196,0.41503446191549304,cola,44
B,glue_v1,bert.encoder.layer.4.output.dense,4,FFN2,sweep,12,12,1.0,0.0002442598925256473,0.0002442598925256473,0.0004885197850512946,0.0,False,0.10001626655459404,0.10067336663603782,0.0007301278284285218,6.266445994377136,0.9999998432397842,0.9999999016523361,0.0005087875001481734,0.0,0.16161414369940758,0.4557131963968277,0.7630321365594864,0.0,0.00019113553702482022,0.00044223032891750337,0.0007958390982821584,0.0010295516657060943,0.4101250283420086,0.410555757433176,cola,44
B,glue_v1,bert.encoder.layer.4.attention.self.key,4,K,sweep,12,12,1.0,0.0002442598925256473,0.0002442598925256473,0.0004885197850512946,0.0,False,0.0,0.00458206475712359,0.00458206475712359,25.2795943069458,0.9999993741512299,1.0000010752677917,0.001083648755447939,0.0,0.045838788487017154,0.21513185188174247,0.5643131303787231,0.0,9.969856517273002e-05,0.00024321781791513785,0.0004707768856314942,0.0005818641158111859,0.34457710072398184,0.34757900759577753,cola,44
B,glue_v1,bert.encoder.layer.4.attention.output.dense,4,O,sweep,12,12,1.0,0.0002442598925256473,0.0002442598925256473,0.0004885197850512946,0.0,False,0.09997613832354546,0.1008620398491621,0.0009843362343963235,8.48807011604309,0.9999997240304946,1.00000048995018,0.0006628739106236026,0.0,0.1282920738309622,0.4103382989764214,0.7263468676805496,0.0,0.0002737369487294927,0.0007812489097705111,0.0020627433090703562,0.0031489739194512367,0.4101011264324188,0.4106814557313919,cola,44
B,glue_v1,bert.encoder.layer.4.attention.self.query,4,Q,sweep,12,12,1.0,0.0002442598925256473,0.0002442598925256473,0.0004885197850512946,0.0,False,0.0,0.005248326675500721,0.005248326675500721,26.61171398162842,0.9999994319677353,1.000000577569008,0.0010353820346063003,0.0,0.047624043226242065,0.22797342032194137,0.5885168647766114,0.0,6.808277212257962e-05,0.00018529770393797663,0.000388331804133486,0.0005690441686601843,0.34457710072398184,0.3480271549522877,cola,44
B,glue_v1,bert.encoder.layer.4.attention.self.value,4,V,sweep,12,12,1.0,0.0002442598925256473,0.0002442598925256473,0.0004885197850512946,0.0,False,0.0,0.003211793655063957,0.003211793655063957,17.65393974304199,0.9999995845556259,1.0000004148483277,0.0008785632951185107,0.0,0.06645360574126244,0.2903101769089699,0.6582296937704086,0.0,0.00014354875776916742,0.0004792496071604546,0.001289399205124937,0.0017579842713894322,0.34457710072398184,0.3466853170096874,cola,44
B,glue_v1,bert.encoder.layer.5.intermediate.dense,5,FFN1,sweep,12,12,1.0,0.0002442598925256473,0.0002442598925256473,0.0004885197850512946,0.0,False,0.0001879184257995803,0.0930528025329113,0.09288237951695918,244.5242025756836,0.9999973648786544,1.000003107190132,0.002188947640825063,0.0,0.009601188031956554,0.06138186059892178,0.3315718811750412,0.0,0.0002105122104694601,0.0005750716887996532,0.001152864803443663,0.0015953781321877613,0.34470090314745905,0.40574922785162926,cola,44
B,glue_v1,bert.encoder.layer.5.output.dense,5,FFN2,sweep,12,12,1.0,0.0002442598925256473,0.0002442598925256473,0.0004885197850512946,0.0,False,0.09980332925915718,0.10044750303030014,0.0007155821390915662,6.160819125175476,0.9999998432397842,1.0000000196695327,0.0005017929532914422,0.0,0.16392576858401298,0.45905921250581744,0.7662396746873855,0.0,0.0002002526872092858,0.00045946290978463364,0.0008054767153225839,0.0010124116047518328,0.4099896880984306,0.41041147232055664,cola,44
B,glue_v1,bert.encoder.layer.5.attention.self.key,5,K,sweep,12,12,1.0,0.0002442598925256473,0.0002442598925256473,0.0004885197850512946,0.0,False,0.0,0.004933364568278194,0.004933364568278194,23.605108394622803,0.9999995261430741,1.0000005394220353,0.0009553410863736645,0.0,0.04876873541623354,0.2413463079929352,0.6159875166416168,0.0,8.504458441166207e-05,0.0002034751132305246,0.0003687614458613098,0.0004618623806163669,0.34457710072398184,0.34780148074030875,cola,44
B,glue_v1,bert.encoder.layer.5.attention.output.dense,5,O,sweep,12,12,1.0,0.0002442598925256473,0.0002442598925256473,0.0004885197850512946,0.0,False,0.10000582613050937,0.10086806185543537,0.0009580691397422925,8.394017086029052,0.9999997448921204,1.0000003284215928,0.0006610197946429252,0.0,0.12777359589934348,0.40802225649356844,0.7237230443954468,0.0,0.0002961266676720697,0.000892461851472035,0.0024004135932773354,0.003482090840116143,0.41013933569192884,0.4107037617266178,cola,44
B,glue_v1,bert.encoder.layer.5.attention.self.query,5,Q,sweep,12,12,1.0,0.0002442598925256473,0.0002442598925256473,0.0004885197850512946,0.0,False,0.0,0.0059418649645522235,0.0059418649645522235,24.141286277770995,0.9999994724988938,1.0000010919570923,0.0010099089966388419,0.0,0.047346768416464326,0.23180559486150742,0.5930126160383224,0.0,6.432210313505492e-05,0.00018519868397561367,0.00038977158095804043,0.0005484004796016961,0.34457710072398184,0.34847334697842597,cola,44
B,glue_v1,bert.encoder.layer.5.attention.self.value,5,V,sweep,12,12,1.0,0.0002442598925256473,0.0002442598925256473,0.0004885197850512946,0.0,False,0.0,0.0031256287731230258,0.0031256287731230258,15.641210556030273,0.9999996799230576,1.0000001591444017,0.0007716454693581909,0.0,0.07444645658135414,0.3210661220550537,0.6926805490255356,0.0,0.00011916582516278141,0.0003564095895853825,0.0014016474649542943,0.0019630653480999173,0.34457710072398184,0.3466240544617176,cola,44
B,glue_v1,bert.encoder.layer.6.intermediate.dense,6,FFN1,sweep,12,12,1.0,0.0002442598925256473,0.0002442598925256473,0.0004885197850512946,0.0,False,0.0001011514685524162,0.07122457765042782,0.07113062515854836,134.55618240356446,0.9999968880414962,1.0000033795833587,0.0023076697927899657,0.0,0.010015827724710108,0.06077424105256796,0.3253484350442886,0.0,0.0002301436111156363,0.0006179322701063938,0.0012802703893976285,0.0022399059194140136,0.3446438904106617,0.391320920586586,cola,44
B,glue_v1,bert.encoder.layer.6.output.dense,6,FFN2,sweep,12,12,1.0,0.0002442598925256473,0.0002442598925256473,0.0004885197850512946,0.0,False,0.1001363131403923,0.10075319796800614,0.0006855373826692812,6.055009226799012,0.9999998444318772,0.9999997335672378,0.0004942389472853393,0.0,0.16650648683309555,0.46374458461999896,0.7693572527170182,0.0,0.00020781344210263342,0.00048083085916005074,0.0008604603982530534,0.0010964555107057094,0.4102023530006409,0.4106050378084183,cola,44
B,glue_v1,bert.encoder.layer.6.attention.self.key,6,K,sweep,12,12,1.0,0.0002442598925256473,0.0002442598925256473,0.0004885197850512946,0.0,False,0.0,0.007316611623391509,0.007316611623391509,37.420744972229,0.9999991947412491,1.0000005978345872,0.001225783044937998,0.0,0.034085062332451344,0.1834859675168991,0.5269221526384353,0.0,0.0001180466605728725,0.00033959965410758743,0.0007297274933080189,0.0009273343716631644,0.34457710072398184,0.3493726624548435,cola,44
B,glue_v1,bert.encoder.layer.6.attention.output.dense,6,O,sweep,12,12,1.0,0.0002442598925256473,0.0002442598925256473,0.0004885197850512946,0.0,False,0.1000720825791359,0.10082520566880702,0.0008368708228226751,7.327579593658447,0.9999998360872269,1.0000003921985625,0.000587393319583498,0.0,0.14133059799671174,0.42369098037481306,0.7363915801048279,0.0,0.00027870012447237967,0.000795247036148794,0.0017980236851144582,0.002549623091472313,0.4101709820330143,0.4106651949882507,cola,44
B,glue_v1,bert.encoder.layer.6.attention.self.query,6,Q,sweep,12,12,1.0,0.0002442598925256473,0.0002442598925256473,0.0004885197850512946,0.0,False,0.0,0.0061233987379819155,0.0061233987379819155,28.753675785064697,0.999999440908432,1.0000006419420242,0.0010372796381125226,0.0,0.04194113627076149,0.22274150013923644,0.5999993920326233,0.0,6.781816489819902e-05,0.00019538028042006772,0.00044448706219554876,0.0006734969331591855,0.34457710072398184,0.34859948098659516,cola,44
B,glue_v1,bert.encoder.layer.6.attention.self.value,6,V,sweep,12,12,1.0,0.0002442598925256473,0.0002442598925256473,0.0004885197850512946,0.0,False,0.0,0.0035095838573761286,0.0035095838573761286,19.34557373046875,0.9999996477365494,1.0000002574920654,0.000833391934284009,0.0,0.0618253992497921,0.2964817014336586,0.6816506832838058,0.0,0.00015594039417919702,0.0005081957869697363,0.0014285647479118778,0.002045597047545016,0.34457710072398184,0.34687808737158776,cola,44
B,glue_v1,bert.encoder.layer.7.intermediate.dense,7,FFN1,sweep,12,12,1.0,0.0002442598925256473,0.0002442598925256473,0.0004885197850512946,0.0,False,7.526953020715155e-05,0.051489061191678044,0.051417662352323534,110.77154510498048,0.9999968725442886,1.0000033831596375,0.002369270003400743,0.0,0.010060830051079392,0.057687231115996836,0.3141736850142479,0.0,0.00025435142044443636,0.0007232685093185864,0.0017030011024326086,0.002460813545039855,0.344626624584198,0.378341743350029,cola,44
B,glue_v1,bert.encoder.layer.7.output.dense,7,FFN2,sweep,12,12,1.0,0.0002442598925256473,0.0002442598925256473,0.0004885197850512946,0.0,False,0.10013537205755711,0.10074767448008061,0.0006804187447414734,6.009256415367126,0.9999998432397842,1.0000000405311584,0.0004935516687692143,0.0,0.16777368426322936,0.4652399337291718,0.7687108725309372,0.0,0.00021217389279627242,0.0005308506547589786,0.001040914889308624,0.00135114862176124,0.41021771416068076,0.4106179864704609,cola,44
B,glue_v1,bert.encoder.layer.7.attention.self.key,7,K,sweep,12,12,1.0,0.0002442598925256473,0.0002442598925256473,0.0004885197850512946,0.0,False,0.0,0.006151328892447055,0.006151328892447055,31.07194580078125,0.9999993914365768,1.0000001287460327,0.0010851160576567055,0.0,0.03812059782445431,0.20814740180969238,0.5641016018390655,0.0,8.05356274213409e-05,0.00020033951484947467,0.0003624618628236931,0.0004653537338890601,0.34457710072398184,0.34860130548477175,cola,44
B,glue_v1,bert.encoder.layer.7.attention.output.dense,7,O,sweep,12,12,1.0,0.0002442598925256473,0.0002442598925256473,0.0004885197850512946,0.0,False,0.10018478356301784,0.10084674023091793,0.0007356638400233351,6.497102966308594,0.9999998432397842,0.9999999314546585,0.0005286411638371646,0.0,0.15639946281909942,0.44595307379961013,0.7540574777126312,0.0,0.00025883575101033786,0.0008293270622380078,0.0017091876384802162,0.002597136270487681,0.41023568585515024,0.41067026033997533,cola,44
B,glue_v1,bert.encoder.layer.7.attention.self.query,7,Q,sweep,12,12,1.0,0.0002442598925256473,0.0002442598925256473,0.0004885197850512946,0.0,False,0.0,0.005486139012500644,0.005486139012500644,24.573147983551024,0.9999994957447051,1.0000005125999452,0.0009781685651978477,0.0,0.04594729892909527,0.23582356959581374,0.6109122943878174,0.0,5.2979805623181165e-05,0.00013783661168417893,0.00030423886186326855,0.0004331504402216524,0.34457710072398184,0.34817323118448257,cola,44
B,glue_v1,bert.encoder.layer.7.attention.self.value,7,V,sweep,12,12,1.0,0.0002442598925256473,0.0002442598925256473,0.0004885197850512946,0.0,False,0.0,0.0036993423686362804,0.0036993423686362804,20.213112545013427,0.9999996626377106,1.0000005704164505,0.0008143452205695212,0.0,0.059315420612692835,0.30640494495630266,0.690455749630928,0.0,0.00013501396191713865,0.0005659716777154244,0.0014689417905174196,0.002140822847140953,0.34457710072398184,0.34699484944343567,cola,44
B,glue_v1,bert.encoder.layer.8.intermediate.dense,8,FFN1,sweep,12,12,1.0,0.0002442598925256473,0.0002442598925256473,0.0004885197850512946,0.0,False,2.1350010001697228e-05,0.047047530598938465,0.047027178891003135,107.14149543762207,0.9999970120191574,1.0000028753280639,0.002324514735955745,0.0,0.010491815209388734,0.057924049384891985,0.31592508137226105,0.0,0.00023876102641224862,0.0007488195528276265,0.0017338698951061815,0.0027547393750865013,0.34459089532494547,0.3754636797308922,cola,44
B,glue_v1,bert.encoder.layer.8.output.dense,8,FFN2,sweep,12,12,1.0,0.0002442598925256473,0.0002442598925256473,0.0004885197850512946,0.0,False,0.10007921189069748,0.10072593078017235,0.0007186538004316389,6.31235200881958,0.9999998432397842,0.9999998319149017,0.0005178731773048639,0.0,0.16068279832601548,0.452546309530735,0.7560801231861114,0.0,0.0002059270688914694,0.0005712132572080009,0.001516747388523072,0.0020011440722737463,0.4101723782718182,0.4105956949293613,cola,44
B,glue_v1,bert.encoder.layer.8.attention.self.key,8,K,sweep,12,12,1.0,0.0002442598925256473,0.0002442598925256473,0.0004885197850512946,0.0,False,0.0,0.006682653273455799,0.006682653273455799,32.36261505126953,0.9999993538856506,1.0000006139278412,0.0011101805558428168,0.0,0.0368156130798161,0.20260374784469604,0.5591758620738984,0.0,0.00012521959230070933,0.00033056262516765854,0.000677205368410796,0.000926326276967302,0.34457710072398184,0.348953388184309,cola,44
B,glue_v1,bert.encoder.layer.8.attention.output.dense,8,O,sweep,12,12,1.0,0.0002442598925256473,0.0002442598925256473,0.0004885197850512946,0.0,False,0.10002961747348309,0.10066411532461643,0.0007050035108113661,6.111827282905579,0.9999998432397842,1.0000000709295274,0.0005003691988531501,0.0,0.1650909686088562,0.45954823613166806,0.7637112271785736,0.0,0.0002677219432371203,0.0009487972466740757,0.0018567258189432323,0.003079547700472176,0.41012874826788903,0.41054445564746855,cola,44
B,glue_v1,bert.encoder.layer.8.attention.self.query,8,Q,sweep,12,12,1.0,0.0002442598925256473,0.0002442598925256473,0.0004885197850512946,0.0,False,0.0,0.006029572878032923,0.006029572878032923,27.915321159362794,0.9999993258714676,0.9999998706579208,0.0011071171099320055,0.0,0.043235108442604545,0.2175688299536705,0.5780104917287826,0.0,7.853162136598258e-05,0.00027390387942432425,0.0007815802076947875,0.0012596602097619326,0.34457710072398184,0.34853545144200326,cola,44
B,glue_v1,bert.encoder.layer.8.attention.self.value,8,V,sweep,12,12,1.0,0.0002442598925256473,0.0002442598925256473,0.0004885197850512946,0.0,False,0.0,0.003010997069068253,0.003010997069068253,17.216420097351076,0.9999996608495713,1.0000000947713852,0.0008121788536664099,0.0,0.06627169720828534,0.3019651743769646,0.67807233273983,0.0,0.0001591629523318261,0.0005386257087229751,0.002696921906899661,0.004573017294751481,0.34457710072398184,0.34654800400137903,cola,44
B,glue_v1,bert.encoder.layer.9.intermediate.dense,9,FFN1,sweep,12,12,1.0,0.0002442598925256473,0.0002442598925256473,0.0004885197850512946,0.0,False,0.0005898412311216816,0.04788524094969034,0.04732334326952696,124.52043151855469,0.9999955940246582,1.0000040447711944,0.0028222685097716747,0.0,0.008938352903351187,0.04696470677852631,0.2503806439042091,0.0,0.0002619604328356218,0.0007502079792902805,0.0013273250515339896,0.0017498684342717751,0.3449621610343456,0.37591010197997093,cola,44
B,glue_v1,bert.encoder.layer.9.output.dense,9,FFN2,sweep,12,12,1.0,0.0002442598925256473,0.0002442598925256473,0.0004885197850512946,0.0,False,0.09973713532090187,0.10039245121181012,0.0007278827129630371,6.297563314437866,0.9999998432397842,1.0000000762939454,0.0005142493272433057,0.0,0.16048308923840524,0.45098386734724044,0.7562957298755646,0.0,0.00018062830989947542,0.0005365963367512449,0.0012602609768509864,0.0016522907704347744,0.409946201890707,0.4103760512173176,cola,44
B,glue_v1,bert.encoder.layer.9.attention.self.key,9,K,sweep,12,12,1.0,0.0002442598925256473,0.0002442598925256473,0.0004885197850512946,0.0,False,0.0,0.00718810101505369,0.00718810101505369,32.6000386428833,0.999999428987503,1.0000007146596908,0.0010459290258586407,0.0,0.03640112586319447,0.21610546320676804,0.5915712702274323,0.0,0.00012501342200266663,0.00038120866345707326,0.0007823276787530631,0.0010003871587105095,0.34457710072398184,0.34929609403014183,cola,44
B,glue_v1,bert.encoder.layer.9.attention.output.dense,9,O,sweep,12,12,1.0,0.0002442598925256473,0.0002442598925256473,0.0004885197850512946,0.0,False,0.0998233912140131,0.10042286954820157,0.0006659537556697614,6.027976679801941,0.9999998432397842,0.9999997609853745,0.0004951779026305303,0.0,0.16740027457475662,0.4642162701487541,0.7675181794166565,0.0,0.0002354132174514234,0.0007428691917448305,0.0016577447595773264,0.0023633589840028435,0.41002050578594207,0.41041195660829544,cola,44
B,glue_v1,bert.encoder.layer.9.attention.self.query,9,Q,sweep,12,12,1.0,0.0002442598925256473,0.0002442598925256473,0.0004885197850512946,0.0,False,0.0,0.005574460122734309,0.005574460122734309,27.201918506622313,0.9999994653463363,1.0000008141994476,0.001020547782536596,0.0,0.04233625881373882,0.22570295989513398,0.5961628413200378,0.0,8.508669703587657e-05,0.0003034977350034751,0.0008494156019878574,0.0013199454537243583,0.34457710072398184,0.34823333904147147,cola,44
B,glue_v1,bert.encoder.layer.9.attention.self.value,9,V,sweep,12,12,1.0,0.0002442598925256473,0.0002442598925256473,0.0004885197850512946,0.0,False,0.0,0.0035783745208755133,0.0035783745208755133,19.404846639633178,0.9999995589256286,1.0000006914138795,0.000915374711039476,0.0,0.05855875719338655,0.2692968547344208,0.6358620351552964,0.0,0.00021882275053940246,0.0007577084709191695,0.0024844483693595974,0.0037802681827452033,0.34457710072398184,0.34692282825708387,cola,44
B,glue_v1,bert.encoder.layer.10.intermediate.dense,10,FFN1,sweep,12,12,1.0,0.0002442598925256473,0.0002442598925256473,0.0004885197850512946,0.0,False,0.00022008919171639718,0.053298461399972435,0.053090067692101,142.45055320739746,0.9999945801496506,1.0000058883428573,0.0031437712791375816,0.0,0.0076497141644358635,0.04094668943434954,0.22620933651924133,0.0,0.00022640804425464012,0.0007753997045801953,0.0014967728115152568,0.0019132401642855256,0.3447208645939827,0.3794578292965889,cola,44
B,glue_v1,bert.encoder.layer.10.output.dense,10,FFN2,sweep,12,12,1.0,0.0002442598925256473,0.0002442598925256473,0.0004885197850512946,0.0,False,0.09995007425546647,0.10056401781737805,0.000682120782439597,6.113826060295105,0.9999998432397842,0.9999997621774673,0.0004987782938405871,0.0,0.16491411730647088,0.4612960377335548,0.7656366175413132,0.0,0.00013721885501581709,0.0004416811096598394,0.0010998369922162964,0.0013627860805718228,0.41009062230587007,0.41049383863806727,cola,44
B,glue_v1,bert.encoder.layer.10.attention.self.key,10,K,sweep,12,12,1.0,0.0002442598925256473,0.0002442598925256473,0.0004885197850512946,0.0,False,0.0,0.0061258507333695885,0.0061258507333695885,26.442935485839843,0.9999994605779647,1.000000581741333,0.0010247920849360526,0.0,0.04445554673671723,0.2254573355615139,0.5793055695295334,0.0,0.00013698461072635836,0.000436720245052129,0.00101285647979239,0.0014676370224333368,0.34457710072398184,0.3485812959074974,cola,44
B,glue_v1,bert.encoder.layer.10.attention.output.dense,10,O,sweep,12,12,1.0,0.0002442598925256473,0.0002442598925256473,0.0004885197850512946,0.0,False,0.09981171362102031,0.10043603301048279,0.0006935494425124489,6.044726061820984,0.9999998432397842,1.0000000292062758,0.0004965047296718694,0.0,0.1672155500948429,0.46482112288475036,0.7681375628709793,0.0,0.00016662917907524387,0.0005415396721218712,0.0013448665128089489,0.0016439293697476387,0.40999102368950846,0.41040047764778137,cola,44
B,glue_v1,bert.encoder.layer.10.attention.self.query,10,Q,sweep,12,12,1.0,0.0002442598925256473,0.0002442598925256473,0.0004885197850512946,0.0,False,0.0,0.004943169269245118,0.004943169269245118,23.47912925720215,0.9999995058774949,1.0000004333257675,0.000980061984155327,0.0,0.049802771285176274,0.24185337811708452,0.5986784470081329,0.0,6.901524033310124e-05,0.0002680933567171451,0.0006183603257522919,0.0008112992392852903,0.34457710072398184,0.347816374450922,cola,44
B,glue_v1,bert.encoder.layer.10.attention.self.value,10,V,sweep,12,12,1.0,0.0002442598925256473,0.0002442598925256473,0.0004885197850512946,0.0,False,0.0,0.004127154871821403,0.004127154871821403,21.560207901000975,0.9999994218349457,1.0000004696846008,0.0010353621613467111,0.0,0.05406900744885206,0.23857687309384346,0.5985825252532959,0.0,0.0002498584378918167,0.0009128294762922451,0.002295074248686433,0.003507994972169399,0.34457710072398184,0.3472766801714897,cola,44
B,glue_v1,bert.encoder.layer.11.intermediate.dense,11,FFN1,sweep,12,12,1.0,0.0002442598925256473,0.0002442598925256473,0.0004885197850512946,0.0,False,0.9092839258909226,0.9122886872291565,0.03321273021399975,10.659925346374513,0.09071623787283897,0.09071730628609657,0.0002930410325643607,0.0,0.0,8.527905185474083e-05,0.041643636487424376,0.0,0.0,2.5933765573427083e-06,0.002413472686894238,0.003216809463920072,0.9401092237234115,0.9420917415618897,cola,44
B,glue_v1,bert.encoder.layer.11.output.dense,11,FFN2,sweep,12,12,1.0,0.0002442598925256473,0.0002442598925256473,0.0004885197850512946,0.0,False,0.9183846753835678,0.9184373432397842,0.0006458258234488312,0.4985608172416687,0.09071674436330796,0.09071681477129459,4.03004362124193e-05,0.0,0.0,0.000500384084880352,0.49750177055597306,0.0,0.0,4.809928068425506e-06,0.0010468309296993539,0.0011780596809694544,0.9461133861541748,0.9461479938030243,cola,44
B,glue_v1,bert.encoder.layer.11.attention.self.key,11,K,sweep,12,12,1.0,0.0002442598925256473,0.0002442598925256473,0.0004885197850512946,0.0,False,0.0,0.03184898780658841,0.03184898780658841,74.21524757385254,0.9999985361099243,1.0000024831295014,0.001679598605260253,0.0,0.016172280926257374,0.1097629838436842,0.35268585830926896,0.0,0.00021447612816700713,0.0004874989981180988,0.0008168151398422197,0.0010111473372671753,0.34457710072398184,0.3653837129473686,cola,44
B,glue_v1,bert.encoder.layer.11.attention.output.dense,11,O,sweep,12,12,1.0,0.0002442598925256473,0.0002442598925256473,0.0004885197850512946,0.0,False,0.9184014886617661,0.9184605991840362,0.0007184022128058132,0.565573638677597,0.09071674279868602,0.09071672767400742,4.582694778946461e-05,0.0,0.0,0.0003824060410261154,0.43919396519660947,0.0,0.0,4.774258122779429e-06,0.0018693674087990075,0.0022567698732018472,0.9461258268356323,0.9461650174856185,cola,44
B,glue_v1,bert.encoder.layer.11.attention.self.query,11,Q,sweep,12,12,1.0,0.0002442598925256473,0.0002442598925256473,0.0004885197850512946,0.0,False,0.9092832571268081,0.9094409435987473,0.0017382812866708263,1.086401927471161,0.09071672573685646,0.09071662493050098,7.007671571045649e-05,0.0,0.0,0.0012315906947532084,0.29167142510414124,0.0,0.0,9.511675307294354e-07,0.0005817900743568316,0.0008394416049122811,0.9401087814569473,0.9402127969264984,cola,44
B,glue_v1,bert.encoder.layer.11.attention.self.value,11,V,sweep,12,12,1.0,0.0002442598925256473,0.0002442598925256473,0.0004885197850512946,0.0,False,0.10053789146244525,0.10440150521695614,0.004294505142606795,51.08310497283936,0.9999995040893555,0.9999999022483825,0.0009672435250831768,0.0,0.04437818676233292,0.23543092727661133,0.6037366366386414,0.0,0.0003190952294971794,0.000733169885352254,0.0011851201893296093,0.0014532354654511438,0.41040057852864265,0.4129213610291481,cola,44
