layer_idx,sublayer,layer_name,ratio,cdf
11,K,bert.encoder.layer.11.attention.self.key,1.275323135985218e-08,5e-06
11,K,bert.encoder.layer.11.attention.self.key,1.824486844270723e-06,0.000505
11,K,bert.encoder.layer.11.attention.self.key,4.347213689470664e-06,0.001005
11,K,bert.encoder.layer.11.attention.self.key,6.512267191283172e-06,0.001505
11,K,bert.encoder.layer.11.attention.self.key,8.704874744580593e-06,0.002005
11,K,bert.encoder.layer.11.attention.self.key,1.1188440112164244e-05,0.002505
11,K,bert.encoder.layer.11.attention.self.key,1.3499560736818239e-05,0.003005
11,K,bert.encoder.layer.11.attention.self.key,1.5746907592983916e-05,0.003505
11,K,bert.encoder.layer.11.attention.self.key,1.8104963601217605e-05,0.004005
11,K,bert.encoder.layer.11.attention.self.key,2.0828365450142883e-05,0.004505
11,K,bert.encoder.layer.11.attention.self.key,2.3939332095324062e-05,0.005005
11,K,bert.encoder.layer.11.attention.self.key,2.7095778932562098e-05,0.005505
11,K,bert.encoder.layer.11.attention.self.key,3.039319926756434e-05,0.006005
11,K,bert.encoder.layer.11.attention.self.key,3.330671097501181e-05,0.006505
11,K,bert.encoder.layer.11.attention.self.key,3.637597183114849e-05,0.007005
11,K,bert.encoder.layer.11.attention.self.key,3.9338785427389666e-05,0.007505
11,K,bert.encoder.layer.11.attention.self.key,4.210469705867581e-05,0.008005
11,K,bert.encoder.layer.11.attention.self.key,4.5754331949865445e-05,0.008505
11,K,bert.encoder.layer.11.attention.self.key,4.89652666146867e-05,0.009005
11,K,bert.encoder.layer.11.attention.self.key,5.244972271611914e-05,0.009505
11,K,bert.encoder.layer.11.attention.self.key,5.6005792430369183e-05,0.010005
11,K,bert.encoder.layer.11.attention.self.key,5.97063590248581e-05,0.01051
11,K,bert.encoder.layer.11.attention.self.key,6.396037497324869e-05,0.01101
11,K,bert.encoder.layer.11.attention.self.key,6.707716966047883e-05,0.01151
11,K,bert.encoder.layer.11.attention.self.key,7.03994301147759e-05,0.01201
11,K,bert.encoder.layer.11.attention.self.key,7.328712672460824e-05,0.01251
11,K,bert.encoder.layer.11.attention.self.key,7.661135168746114e-05,0.01301
11,K,bert.encoder.layer.11.attention.self.key,7.993862527655438e-05,0.01351
11,K,bert.encoder.layer.11.attention.self.key,8.348270057467744e-05,0.01401
11,K,bert.encoder.layer.11.attention.self.key,8.703516505192965e-05,0.01451
11,K,bert.encoder.layer.11.attention.self.key,9.087610669666901e-05,0.01501
11,K,bert.encoder.layer.11.attention.self.key,9.428459452465177e-05,0.01551
11,K,bert.encoder.layer.11.attention.self.key,9.756290819495916e-05,0.01601
11,K,bert.encoder.layer.11.attention.self.key,0.00010055018356069922,0.01651
11,K,bert.encoder.layer.11.attention.self.key,0.0001050961873261258,0.01701
11,K,bert.encoder.layer.11.attention.self.key,0.00010917468171101063,0.01751
11,K,bert.encoder.layer.11.attention.self.key,0.00011307394015602767,0.01801
11,K,bert.encoder.layer.11.attention.self.key,0.00011762219219235703,0.01851
11,K,bert.encoder.layer.11.attention.self.key,0.00012182426871731877,0.01901
11,K,bert.encoder.layer.11.attention.self.key,0.0001255830575246364,0.01951
11,K,bert.encoder.layer.11.attention.self.key,0.00012922233145218343,0.02001
11,K,bert.encoder.layer.11.attention.self.key,0.0001326683850493282,0.020515
11,K,bert.encoder.layer.11.attention.self.key,0.0001374069252051413,0.021015
11,K,bert.encoder.layer.11.attention.self.key,0.00014297061716206372,0.021515
11,K,bert.encoder.layer.11.attention.self.key,0.00014661176828667521,0.022015
11,K,bert.encoder.layer.11.attention.self.key,0.0001507763226982206,0.022515
11,K,bert.encoder.layer.11.attention.self.key,0.00015551435353700072,0.023015
11,K,bert.encoder.layer.11.attention.self.key,0.00016016527661122382,0.023515
11,K,bert.encoder.layer.11.attention.self.key,0.0001646204909775406,0.024015
11,K,bert.encoder.layer.11.attention.self.key,0.0001683701848378405,0.024515
11,K,bert.encoder.layer.11.attention.self.key,0.00017300881154369563,0.025015
11,K,bert.encoder.layer.11.attention.self.key,0.00017728001694194973,0.025515
11,K,bert.encoder.layer.11.attention.self.key,0.0001817683660192415,0.026015
11,K,bert.encoder.layer.11.attention.self.key,0.00018543441547080874,0.026515
11,K,bert.encoder.layer.11.attention.self.key,0.00018968188669532537,0.027015
11,K,bert.encoder.layer.11.attention.self.key,0.00019394783885218203,0.027515
11,K,bert.encoder.layer.11.attention.self.key,0.00019779408467002213,0.028015
11,K,bert.encoder.layer.11.attention.self.key,0.0002028971357503906,0.028515
11,K,bert.encoder.layer.11.attention.self.key,0.0002074016520055011,0.029015
11,K,bert.encoder.layer.11.attention.self.key,0.00021254998864606023,0.029515
11,K,bert.encoder.layer.11.attention.self.key,0.00021723462850786746,0.030015
11,K,bert.encoder.layer.11.attention.self.key,0.00022159323270898312,0.03052
11,K,bert.encoder.layer.11.attention.self.key,0.00022633434855379164,0.03102
11,K,bert.encoder.layer.11.attention.self.key,0.00023100389807950705,0.03152
11,K,bert.encoder.layer.11.attention.self.key,0.00023566489107906818,0.03202
11,K,bert.encoder.layer.11.attention.self.key,0.00024010181368794292,0.03252
11,K,bert.encoder.layer.11.attention.self.key,0.00024437688989564776,0.03302
11,K,bert.encoder.layer.11.attention.self.key,0.00024893696536310017,0.03352
11,K,bert.encoder.layer.11.attention.self.key,0.0002539314446039498,0.03402
11,K,bert.encoder.layer.11.attention.self.key,0.0002587437629699707,0.03452
11,K,bert.encoder.layer.11.attention.self.key,0.00026356164016760886,0.03502
11,K,bert.encoder.layer.11.attention.self.key,0.0002680166799109429,0.03552
11,K,bert.encoder.layer.11.attention.self.key,0.0002728087711147964,0.03602
11,K,bert.encoder.layer.11.attention.self.key,0.0002768651756923646,0.03652
11,K,bert.encoder.layer.11.attention.self.key,0.0002817050844896585,0.03702
11,K,bert.encoder.layer.11.attention.self.key,0.0002874544297810644,0.03752
11,K,bert.encoder.layer.11.attention.self.key,0.0002916761441156268,0.03802
11,K,bert.encoder.layer.11.attention.self.key,0.00029691349482163787,0.03852
11,K,bert.encoder.layer.11.attention.self.key,0.00030171594698913395,0.03902
11,K,bert.encoder.layer.11.attention.self.key,0.00030711907311342657,0.03952
11,K,bert.encoder.layer.11.attention.self.key,0.00031210287124849856,0.04002
11,K,bert.encoder.layer.11.attention.self.key,0.00031622854294255376,0.040525
11,K,bert.encoder.layer.11.attention.self.key,0.0003224766405764967,0.041025
11,K,bert.encoder.layer.11.attention.self.key,0.0003273810725659132,0.041525
11,K,bert.encoder.layer.11.attention.self.key,0.0003318797389511019,0.042025
11,K,bert.encoder.layer.11.attention.self.key,0.00033719325438141823,0.042525
11,K,bert.encoder.layer.11.attention.self.key,0.00034253322519361973,0.043025
11,K,bert.encoder.layer.11.attention.self.key,0.00034786140895448625,0.043525
11,K,bert.encoder.layer.11.attention.self.key,0.00035336424480192363,0.044025
11,K,bert.encoder.layer.11.attention.self.key,0.00035842516808770597,0.044525
11,K,bert.encoder.layer.11.attention.self.key,0.0003640813229139894,0.045025
11,K,bert.encoder.layer.11.attention.self.key,0.0003700698143802583,0.045525
11,K,bert.encoder.layer.11.attention.self.key,0.00037495585274882615,0.046025
11,K,bert.encoder.layer.11.attention.self.key,0.00038022815715521574,0.046525
11,K,bert.encoder.layer.11.attention.self.key,0.0003861380973830819,0.047025
11,K,bert.encoder.layer.11.attention.self.key,0.000391749752452597,0.047525
11,K,bert.encoder.layer.11.attention.self.key,0.0003976882144343108,0.048025
11,K,bert.encoder.layer.11.attention.self.key,0.0004034668963868171,0.048525
11,K,bert.encoder.layer.11.attention.self.key,0.0004090934817213565,0.049025
11,K,bert.encoder.layer.11.attention.self.key,0.000415189890190959,0.049525
11,K,bert.encoder.layer.11.attention.self.key,0.000421169213950634,0.050025
11,K,bert.encoder.layer.11.attention.self.key,0.00042616858263500035,0.05053
11,K,bert.encoder.layer.11.attention.self.key,0.0004312233650125563,0.05103
11,K,bert.encoder.layer.11.attention.self.key,0.0004378253943286836,0.05153
11,K,bert.encoder.layer.11.attention.self.key,0.0004439141775947064,0.05203
11,K,bert.encoder.layer.11.attention.self.key,0.00044941980740986764,0.05253
11,K,bert.encoder.layer.11.attention.self.key,0.00045524677261710167,0.05303
11,K,bert.encoder.layer.11.attention.self.key,0.00046061546890996397,0.05353
11,K,bert.encoder.layer.11.attention.self.key,0.0004668401088565588,0.05403
11,K,bert.encoder.layer.11.attention.self.key,0.0004739070136565715,0.05453
11,K,bert.encoder.layer.11.attention.self.key,0.0004798242589458823,0.05503
11,K,bert.encoder.layer.11.attention.self.key,0.00048568585771135986,0.05553
11,K,bert.encoder.layer.11.attention.self.key,0.0004921955987811089,0.05603
11,K,bert.encoder.layer.11.attention.self.key,0.0004981759702786803,0.05653
11,K,bert.encoder.layer.11.attention.self.key,0.0005043214769102633,0.05703
11,K,bert.encoder.layer.11.attention.self.key,0.0005088714533485472,0.05753
11,K,bert.encoder.layer.11.attention.self.key,0.0005147333722561598,0.05803
11,K,bert.encoder.layer.11.attention.self.key,0.0005216012941673398,0.05853
11,K,bert.encoder.layer.11.attention.self.key,0.0005278641474433243,0.05903
11,K,bert.encoder.layer.11.attention.self.key,0.0005348070990294218,0.05953
11,K,bert.encoder.layer.11.attention.self.key,0.000541765708476305,0.06003
11,K,bert.encoder.layer.11.attention.self.key,0.0005475297220982611,0.06053
11,K,bert.encoder.layer.11.attention.self.key,0.0005537137039937079,0.061035
11,K,bert.encoder.layer.11.attention.self.key,0.0005586358020082116,0.061535
11,K,bert.encoder.layer.11.attention.self.key,0.0005641554016619921,0.062035
11,K,bert.encoder.layer.11.attention.self.key,0.0005700280307792127,0.062535
11,K,bert.encoder.layer.11.attention.self.key,0.0005766754038631916,0.063035
11,K,bert.encoder.layer.11.attention.self.key,0.0005826100241392851,0.063535
11,K,bert.encoder.layer.11.attention.self.key,0.0005894540227018297,0.064035
11,K,bert.encoder.layer.11.attention.self.key,0.000595028861425817,0.064535
11,K,bert.encoder.layer.11.attention.self.key,0.0006010589422658086,0.065035
11,K,bert.encoder.layer.11.attention.self.key,0.0006062281900085509,0.065535
11,K,bert.encoder.layer.11.attention.self.key,0.0006122898776084185,0.066035
11,K,bert.encoder.layer.11.attention.self.key,0.0006183976656757295,0.066535
11,K,bert.encoder.layer.11.attention.self.key,0.0006247825222089887,0.067035
11,K,bert.encoder.layer.11.attention.self.key,0.0006317393272183836,0.067535
11,K,bert.encoder.layer.11.attention.self.key,0.0006381885032169521,0.068035
11,K,bert.encoder.layer.11.attention.self.key,0.000644189422018826,0.068535
11,K,bert.encoder.layer.11.attention.self.key,0.0006494689732789993,0.069035
11,K,bert.encoder.layer.11.attention.self.key,0.0006553223356604576,0.069535
11,K,bert.encoder.layer.11.attention.self.key,0.000662167789414525,0.070035
11,K,bert.encoder.layer.11.attention.self.key,0.0006679079961031675,0.070535
11,K,bert.encoder.layer.11.attention.self.key,0.0006752547924406826,0.07104
11,K,bert.encoder.layer.11.attention.self.key,0.0006816436653025448,0.07154
11,K,bert.encoder.layer.11.attention.self.key,0.0006879607099108398,0.07204
11,K,bert.encoder.layer.11.attention.self.key,0.0006952806143090129,0.07254
11,K,bert.encoder.layer.11.attention.self.key,0.0007016580202616751,0.07304
11,K,bert.encoder.layer.11.attention.self.key,0.0007072705193422735,0.07354
11,K,bert.encoder.layer.11.attention.self.key,0.000713636982254684,0.07404
11,K,bert.encoder.layer.11.attention.self.key,0.0007201011176221073,0.07454
11,K,bert.encoder.layer.11.attention.self.key,0.0007267449982464314,0.07504
11,K,bert.encoder.layer.11.attention.self.key,0.0007334325928241014,0.07554
11,K,bert.encoder.layer.11.attention.self.key,0.0007405620999634266,0.07604
11,K,bert.encoder.layer.11.attention.self.key,0.0007473718142136931,0.07654
11,K,bert.encoder.layer.11.attention.self.key,0.0007532869349233806,0.07704
11,K,bert.encoder.layer.11.attention.self.key,0.000759785994887352,0.07754
11,K,bert.encoder.layer.11.attention.self.key,0.0007670570630580187,0.07804
11,K,bert.encoder.layer.11.attention.self.key,0.0007732214289717376,0.07854
11,K,bert.encoder.layer.11.attention.self.key,0.0007806530338712037,0.07904
11,K,bert.encoder.layer.11.attention.self.key,0.0007862054626457393,0.07954
11,K,bert.encoder.layer.11.attention.self.key,0.0007921249489299953,0.08004
11,K,bert.encoder.layer.11.attention.self.key,0.0007980299997143447,0.08054
11,K,bert.encoder.layer.11.attention.self.key,0.000805271731223911,0.081045
11,K,bert.encoder.layer.11.attention.self.key,0.0008131681242957711,0.081545
11,K,bert.encoder.layer.11.attention.self.key,0.0008196682902052999,0.082045
11,K,bert.encoder.layer.11.attention.self.key,0.0008264489588327706,0.082545
11,K,bert.encoder.layer.11.attention.self.key,0.000833435682579875,0.083045
11,K,bert.encoder.layer.11.attention.self.key,0.0008414745680056512,0.083545
11,K,bert.encoder.layer.11.attention.self.key,0.0008493037312291563,0.084045
11,K,bert.encoder.layer.11.attention.self.key,0.0008559825946576893,0.084545
11,K,bert.encoder.layer.11.attention.self.key,0.0008648437215015292,0.085045
11,K,bert.encoder.layer.11.attention.self.key,0.0008714579744264483,0.085545
11,K,bert.encoder.layer.11.attention.self.key,0.0008782352670095861,0.086045
11,K,bert.encoder.layer.11.attention.self.key,0.0008852873579598963,0.086545
11,K,bert.encoder.layer.11.attention.self.key,0.0008937123930081725,0.087045
11,K,bert.encoder.layer.11.attention.self.key,0.0009015618707053363,0.087545
11,K,bert.encoder.layer.11.attention.self.key,0.0009097797446884215,0.088045
11,K,bert.encoder.layer.11.attention.self.key,0.0009164770599454641,0.088545
11,K,bert.encoder.layer.11.attention.self.key,0.0009220375795848668,0.089045
11,K,bert.encoder.layer.11.attention.self.key,0.0009293152252212167,0.089545
11,K,bert.encoder.layer.11.attention.self.key,0.0009364144061692059,0.090045
11,K,bert.encoder.layer.11.attention.self.key,0.0009430500795133412,0.090545
11,K,bert.encoder.layer.11.attention.self.key,0.0009505101479589939,0.09105
11,K,bert.encoder.layer.11.attention.self.key,0.0009569476824253798,0.09155
11,K,bert.encoder.layer.11.attention.self.key,0.0009636881295591593,0.09205
11,K,bert.encoder.layer.11.attention.self.key,0.0009708371944725513,0.09255
11,K,bert.encoder.layer.11.attention.self.key,0.000979676959104836,0.09305
11,K,bert.encoder.layer.11.attention.self.key,0.0009874232346192002,0.09355
11,K,bert.encoder.layer.11.attention.self.key,0.0009949395898729563,0.09405
11,K,bert.encoder.layer.11.attention.self.key,0.0010019283508881927,0.09455
11,K,bert.encoder.layer.11.attention.self.key,0.0010092240991070867,0.09505
11,K,bert.encoder.layer.11.attention.self.key,0.0010172845795750618,0.09555
11,K,bert.encoder.layer.11.attention.self.key,0.0010242931311950088,0.09605
11,K,bert.encoder.layer.11.attention.self.key,0.0010319506982341409,0.09655
11,K,bert.encoder.layer.11.attention.self.key,0.0010402458719909191,0.09705
11,K,bert.encoder.layer.11.attention.self.key,0.0010483541991561651,0.09755
11,K,bert.encoder.layer.11.attention.self.key,0.0010547853307798505,0.09805
11,K,bert.encoder.layer.11.attention.self.key,0.0010618589585646987,0.09855
11,K,bert.encoder.layer.11.attention.self.key,0.0010698181577026844,0.09905
11,K,bert.encoder.layer.11.attention.self.key,0.0010766354389488697,0.09955
11,K,bert.encoder.layer.11.attention.self.key,0.0010850063990801573,0.10005
11,K,bert.encoder.layer.11.attention.self.key,0.0010924498783424497,0.10055
11,K,bert.encoder.layer.11.attention.self.key,0.0011008861474692822,0.101055
11,K,bert.encoder.layer.11.attention.self.key,0.0011092179920524359,0.101555
11,K,bert.encoder.layer.11.attention.self.key,0.0011177905835211277,0.102055
11,K,bert.encoder.layer.11.attention.self.key,0.0011252923868596554,0.102555
11,K,bert.encoder.layer.11.attention.self.key,0.0011332673020660877,0.103055
11,K,bert.encoder.layer.11.attention.self.key,0.0011406673584133387,0.103555
11,K,bert.encoder.layer.11.attention.self.key,0.0011478104861453176,0.104055
11,K,bert.encoder.layer.11.attention.self.key,0.0011550053022801876,0.104555
11,K,bert.encoder.layer.11.attention.self.key,0.0011621256126090884,0.105055
11,K,bert.encoder.layer.11.attention.self.key,0.0011697708396241069,0.105555
11,K,bert.encoder.layer.11.attention.self.key,0.001177083933725953,0.106055
11,K,bert.encoder.layer.11.attention.self.key,0.0011859926162287593,0.106555
11,K,bert.encoder.layer.11.attention.self.key,0.001194026437588036,0.107055
11,K,bert.encoder.layer.11.attention.self.key,0.001200864207930863,0.107555
11,K,bert.encoder.layer.11.attention.self.key,0.0012083766050636768,0.108055
11,K,bert.encoder.layer.11.attention.self.key,0.0012155664153397083,0.108555
11,K,bert.encoder.layer.11.attention.self.key,0.0012239206116646528,0.109055
11,K,bert.encoder.layer.11.attention.self.key,0.0012321618851274252,0.109555
11,K,bert.encoder.layer.11.attention.self.key,0.0012399221304804087,0.110055
11,K,bert.encoder.layer.11.attention.self.key,0.0012476835399866104,0.110555
11,K,bert.encoder.layer.11.attention.self.key,0.0012559035094454885,0.111055
11,K,bert.encoder.layer.11.attention.self.key,0.0012629437260329723,0.11156
11,K,bert.encoder.layer.11.attention.self.key,0.0012711849994957447,0.11206
11,K,bert.encoder.layer.11.attention.self.key,0.0012784668942913413,0.11256
11,K,bert.encoder.layer.11.attention.self.key,0.0012861276045441628,0.11306
11,K,bert.encoder.layer.11.attention.self.key,0.0012935756240040064,0.11356
11,K,bert.encoder.layer.11.attention.self.key,0.0013006969820708036,0.11406
11,K,bert.encoder.layer.11.attention.self.key,0.0013092448934912682,0.11456
11,K,bert.encoder.layer.11.attention.self.key,0.001318225753493607,0.11506
11,K,bert.encoder.layer.11.attention.self.key,0.00132607517298311,0.11556
11,K,bert.encoder.layer.11.attention.self.key,0.0013364116894081235,0.11606
11,K,bert.encoder.layer.11.attention.self.key,0.0013448488898575306,0.11656
11,K,bert.encoder.layer.11.attention.self.key,0.0013531928416341543,0.11706
11,K,bert.encoder.layer.11.attention.self.key,0.0013614250347018242,0.11756
11,K,bert.encoder.layer.11.attention.self.key,0.0013689809711650014,0.11806
11,K,bert.encoder.layer.11.attention.self.key,0.0013775936095044017,0.11856
11,K,bert.encoder.layer.11.attention.self.key,0.0013860309263691306,0.11906
11,K,bert.encoder.layer.11.attention.self.key,0.0013941357610747218,0.11956
11,K,bert.encoder.layer.11.attention.self.key,0.00140245514921844,0.12006
11,K,bert.encoder.layer.11.attention.self.key,0.0014096740633249283,0.12056
11,K,bert.encoder.layer.11.attention.self.key,0.0014189957873895764,0.12106
11,K,bert.encoder.layer.11.attention.self.key,0.001427353359758854,0.121565
11,K,bert.encoder.layer.11.attention.self.key,0.001435979618690908,0.122065
11,K,bert.encoder.layer.11.attention.self.key,0.0014439133228734136,0.122565
11,K,bert.encoder.layer.11.attention.self.key,0.001453320262953639,0.123065
11,K,bert.encoder.layer.11.attention.self.key,0.0014616174157708883,0.123565
11,K,bert.encoder.layer.11.attention.self.key,0.0014702827902510762,0.124065
11,K,bert.encoder.layer.11.attention.self.key,0.0014797381591051817,0.124565
11,K,bert.encoder.layer.11.attention.self.key,0.0014868549769744277,0.125065
11,K,bert.encoder.layer.11.attention.self.key,0.0014972802018746734,0.125565
11,K,bert.encoder.layer.11.attention.self.key,0.0015056838747113943,0.126065
11,K,bert.encoder.layer.11.attention.self.key,0.0015147705562412739,0.126565
11,K,bert.encoder.layer.11.attention.self.key,0.00152411381714046,0.127065
11,K,bert.encoder.layer.11.attention.self.key,0.0015334727941080928,0.127565
11,K,bert.encoder.layer.11.attention.self.key,0.0015437999973073602,0.128065
11,K,bert.encoder.layer.11.attention.self.key,0.0015540262684226036,0.128565
11,K,bert.encoder.layer.11.attention.self.key,0.001562281046062708,0.129065
11,K,bert.encoder.layer.11.attention.self.key,0.0015707367565482855,0.129565
11,K,bert.encoder.layer.11.attention.self.key,0.0015792821068316698,0.130065
11,K,bert.encoder.layer.11.attention.self.key,0.001588371000252664,0.130565
11,K,bert.encoder.layer.11.attention.self.key,0.0015965774655342102,0.131065
11,K,bert.encoder.layer.11.attention.self.key,0.0016070191049948335,0.13157
11,K,bert.encoder.layer.11.attention.self.key,0.0016150826122611761,0.13207
11,K,bert.encoder.layer.11.attention.self.key,0.0016245257575064898,0.13257
11,K,bert.encoder.layer.11.attention.self.key,0.0016348336357623339,0.13307
11,K,bert.encoder.layer.11.attention.self.key,0.0016435108846053481,0.13357
11,K,bert.encoder.layer.11.attention.self.key,0.0016531689325347543,0.13407
11,K,bert.encoder.layer.11.attention.self.key,0.0016621052054688334,0.13457
11,K,bert.encoder.layer.11.attention.self.key,0.0016709171468392015,0.13507
11,K,bert.encoder.layer.11.attention.self.key,0.001680435030721128,0.13557
11,K,bert.encoder.layer.11.attention.self.key,0.0016880808398127556,0.13607
11,K,bert.encoder.layer.11.attention.self.key,0.0016967222327366471,0.13657
11,K,bert.encoder.layer.11.attention.self.key,0.001704881782643497,0.13707
11,K,bert.encoder.layer.11.attention.self.key,0.0017110009212046862,0.13757
11,K,bert.encoder.layer.11.attention.self.key,0.0017197354463860393,0.13807
11,K,bert.encoder.layer.11.attention.self.key,0.0017281881300732493,0.13857
11,K,bert.encoder.layer.11.attention.self.key,0.0017359934281557798,0.13907
11,K,bert.encoder.layer.11.attention.self.key,0.0017453707987442613,0.13957
11,K,bert.encoder.layer.11.attention.self.key,0.0017533577047288418,0.14007
11,K,bert.encoder.layer.11.attention.self.key,0.0017640882870182395,0.14057
11,K,bert.encoder.layer.11.attention.self.key,0.001773427939042449,0.14107
11,K,bert.encoder.layer.11.attention.self.key,0.0017833580495789647,0.141575
11,K,bert.encoder.layer.11.attention.self.key,0.0017921000253409147,0.142075
11,K,bert.encoder.layer.11.attention.self.key,0.0018015137175098062,0.142575
11,K,bert.encoder.layer.11.attention.self.key,0.0018104931805282831,0.143075
11,K,bert.encoder.layer.11.attention.self.key,0.0018177919555455446,0.143575
11,K,bert.encoder.layer.11.attention.self.key,0.00182921823579818,0.144075
11,K,bert.encoder.layer.11.attention.self.key,0.0018375132931396365,0.144575
11,K,bert.encoder.layer.11.attention.self.key,0.0018466007895767689,0.145075
11,K,bert.encoder.layer.11.attention.self.key,0.0018541505560278893,0.145575
11,K,bert.encoder.layer.11.attention.self.key,0.0018628559773787856,0.146075
11,K,bert.encoder.layer.11.attention.self.key,0.001874129637144506,0.146575
11,K,bert.encoder.layer.11.attention.self.key,0.001882861484773457,0.147075
11,K,bert.encoder.layer.11.attention.self.key,0.0018917919369414449,0.147575
11,K,bert.encoder.layer.11.attention.self.key,0.0019020861946046352,0.148075
11,K,bert.encoder.layer.11.attention.self.key,0.0019106654217466712,0.148575
11,K,bert.encoder.layer.11.attention.self.key,0.0019190354505553842,0.149075
11,K,bert.encoder.layer.11.attention.self.key,0.0019273029174655676,0.149575
11,K,bert.encoder.layer.11.attention.self.key,0.0019377844873815775,0.150075
11,K,bert.encoder.layer.11.attention.self.key,0.0019461822230368853,0.150575
11,K,bert.encoder.layer.11.attention.self.key,0.001955329906195402,0.151075
11,K,bert.encoder.layer.11.attention.self.key,0.001964302733540535,0.15158
11,K,bert.encoder.layer.11.attention.self.key,0.001974225975573063,0.15208
11,K,bert.encoder.layer.11.attention.self.key,0.0019825678318738937,0.15258
11,K,bert.encoder.layer.11.attention.self.key,0.001991161610931158,0.15308
11,K,bert.encoder.layer.11.attention.self.key,0.0020012562163174152,0.15358
11,K,bert.encoder.layer.11.attention.self.key,0.002011175500229001,0.15408
11,K,bert.encoder.layer.11.attention.self.key,0.002020446350798011,0.15458
11,K,bert.encoder.layer.11.attention.self.key,0.0020310766994953156,0.15508
11,K,bert.encoder.layer.11.attention.self.key,0.002040460240095854,0.15558
11,K,bert.encoder.layer.11.attention.self.key,0.0020487243309617043,0.15608
11,K,bert.encoder.layer.11.attention.self.key,0.0020586741156876087,0.15658
11,K,bert.encoder.layer.11.attention.self.key,0.002068394096568227,0.15708
11,K,bert.encoder.layer.11.attention.self.key,0.002079952508211136,0.15758
11,K,bert.encoder.layer.11.attention.self.key,0.0020888233557343483,0.15808
11,K,bert.encoder.layer.11.attention.self.key,0.0020992427598685026,0.15858
11,K,bert.encoder.layer.11.attention.self.key,0.002108359709382057,0.15908
11,K,bert.encoder.layer.11.attention.self.key,0.002119844313710928,0.15958
11,K,bert.encoder.layer.11.attention.self.key,0.0021284946706146,0.16008
11,K,bert.encoder.layer.11.attention.self.key,0.002139823045581579,0.16058
11,K,bert.encoder.layer.11.attention.self.key,0.0021501306910067797,0.16108
11,K,bert.encoder.layer.11.attention.self.key,0.0021617761813104153,0.16158
11,K,bert.encoder.layer.11.attention.self.key,0.002172468462958932,0.162085
11,K,bert.encoder.layer.11.attention.self.key,0.002181562827900052,0.162585
11,K,bert.encoder.layer.11.attention.self.key,0.0021915894467383623,0.163085
11,K,bert.encoder.layer.11.attention.self.key,0.0021996269933879375,0.163585
11,K,bert.encoder.layer.11.attention.self.key,0.002209083642810583,0.164085
11,K,bert.encoder.layer.11.attention.self.key,0.0022193395998328924,0.164585
11,K,bert.encoder.layer.11.attention.self.key,0.002229131292551756,0.165085
11,K,bert.encoder.layer.11.attention.self.key,0.0022393171675503254,0.165585
11,K,bert.encoder.layer.11.attention.self.key,0.0022495335433632135,0.166085
11,K,bert.encoder.layer.11.attention.self.key,0.0022609373554587364,0.166585
11,K,bert.encoder.layer.11.attention.self.key,0.0022716354578733444,0.167085
11,K,bert.encoder.layer.11.attention.self.key,0.0022820672020316124,0.167585
11,K,bert.encoder.layer.11.attention.self.key,0.0022929434198886156,0.168085
11,K,bert.encoder.layer.11.attention.self.key,0.0023057605139911175,0.168585
11,K,bert.encoder.layer.11.attention.self.key,0.00231480342335999,0.169085
11,K,bert.encoder.layer.11.attention.self.key,0.002324438188225031,0.169585
11,K,bert.encoder.layer.11.attention.self.key,0.002334152814000845,0.170085
11,K,bert.encoder.layer.11.attention.self.key,0.0023442429956048727,0.170585
11,K,bert.encoder.layer.11.attention.self.key,0.0023557532113045454,0.171085
11,K,bert.encoder.layer.11.attention.self.key,0.0023669458460062742,0.171585
11,K,bert.encoder.layer.11.attention.self.key,0.002375992713496089,0.17209
11,K,bert.encoder.layer.11.attention.self.key,0.002386514563113451,0.17259
11,K,bert.encoder.layer.11.attention.self.key,0.002397437347099185,0.17309
11,K,bert.encoder.layer.11.attention.self.key,0.0024113196413964033,0.17359
11,K,bert.encoder.layer.11.attention.self.key,0.0024227923713624477,0.17409
11,K,bert.encoder.layer.11.attention.self.key,0.0024342346005141735,0.17459
11,K,bert.encoder.layer.11.attention.self.key,0.0024475224781781435,0.17509
11,K,bert.encoder.layer.11.attention.self.key,0.002456273417919874,0.17559
11,K,bert.encoder.layer.11.attention.self.key,0.002468542195856571,0.17609
11,K,bert.encoder.layer.11.attention.self.key,0.0024800836108624935,0.17659
11,K,bert.encoder.layer.11.attention.self.key,0.0024925293400883675,0.17709
11,K,bert.encoder.layer.11.attention.self.key,0.002502214629203081,0.17759
11,K,bert.encoder.layer.11.attention.self.key,0.0025133094750344753,0.17809
11,K,bert.encoder.layer.11.attention.self.key,0.002524027368053794,0.17859
11,K,bert.encoder.layer.11.attention.self.key,0.0025353950913995504,0.17909
11,K,bert.encoder.layer.11.attention.self.key,0.0025479502510279417,0.17959
11,K,bert.encoder.layer.11.attention.self.key,0.002559640910476446,0.18009
11,K,bert.encoder.layer.11.attention.self.key,0.0025709785986691713,0.18059
11,K,bert.encoder.layer.11.attention.self.key,0.002582984510809183,0.18109
11,K,bert.encoder.layer.11.attention.self.key,0.0025935631711035967,0.18159
11,K,bert.encoder.layer.11.attention.self.key,0.0026059988886117935,0.182095
11,K,bert.encoder.layer.11.attention.self.key,0.002618031343445182,0.182595
11,K,bert.encoder.layer.11.attention.self.key,0.0026306621730327606,0.183095
11,K,bert.encoder.layer.11.attention.self.key,0.0026421959046274424,0.183595
11,K,bert.encoder.layer.11.attention.self.key,0.0026530877221375704,0.184095
11,K,bert.encoder.layer.11.attention.self.key,0.0026621415745466948,0.184595
11,K,bert.encoder.layer.11.attention.self.key,0.002672584494575858,0.185095
11,K,bert.encoder.layer.11.attention.self.key,0.0026833589654415846,0.185595
11,K,bert.encoder.layer.11.attention.self.key,0.002693642396479845,0.186095
11,K,bert.encoder.layer.11.attention.self.key,0.0027069810312241316,0.186595
11,K,bert.encoder.layer.11.attention.self.key,0.002717292169108987,0.187095
11,K,bert.encoder.layer.11.attention.self.key,0.0027283472009003162,0.187595
11,K,bert.encoder.layer.11.attention.self.key,0.0027406453154981136,0.188095
11,K,bert.encoder.layer.11.attention.self.key,0.0027522598393261433,0.188595
11,K,bert.encoder.layer.11.attention.self.key,0.002761980053037405,0.189095
11,K,bert.encoder.layer.11.attention.self.key,0.0027728956192731857,0.189595
11,K,bert.encoder.layer.11.attention.self.key,0.0027847697492688894,0.190095
11,K,bert.encoder.layer.11.attention.self.key,0.0027963679749518633,0.190595
11,K,bert.encoder.layer.11.attention.self.key,0.002809185767546296,0.191095
11,K,bert.encoder.layer.11.attention.self.key,0.0028213965706527233,0.191595
11,K,bert.encoder.layer.11.attention.self.key,0.002833123318850994,0.1921
11,K,bert.encoder.layer.11.attention.self.key,0.0028453106060624123,0.1926
11,K,bert.encoder.layer.11.attention.self.key,0.0028570760041475296,0.1931
11,K,bert.encoder.layer.11.attention.self.key,0.0028672004118561745,0.1936
11,K,bert.encoder.layer.11.attention.self.key,0.002880518324673176,0.1941
11,K,bert.encoder.layer.11.attention.self.key,0.00289155263453722,0.1946
11,K,bert.encoder.layer.11.attention.self.key,0.002900902647525072,0.1951
11,K,bert.encoder.layer.11.attention.self.key,0.002911760238930583,0.1956
11,K,bert.encoder.layer.11.attention.self.key,0.0029224329628050327,0.1961
11,K,bert.encoder.layer.11.attention.self.key,0.002932811388745904,0.1966
11,K,bert.encoder.layer.11.attention.self.key,0.0029447886627167463,0.1971
11,K,bert.encoder.layer.11.attention.self.key,0.002955953823402524,0.1976
11,K,bert.encoder.layer.11.attention.self.key,0.002969973022118211,0.1981
11,K,bert.encoder.layer.11.attention.self.key,0.0029833894222974777,0.1986
11,K,bert.encoder.layer.11.attention.self.key,0.002994879148900509,0.1991
11,K,bert.encoder.layer.11.attention.self.key,0.003007452469319105,0.1996
11,K,bert.encoder.layer.11.attention.self.key,0.0030198311433196068,0.2001
11,K,bert.encoder.layer.11.attention.self.key,0.003031384199857712,0.2006
11,K,bert.encoder.layer.11.attention.self.key,0.0030422743875533342,0.2011
11,K,bert.encoder.layer.11.attention.self.key,0.003052736399695277,0.2016
11,K,bert.encoder.layer.11.attention.self.key,0.0030650445260107517,0.202105
11,K,bert.encoder.layer.11.attention.self.key,0.0030759787186980247,0.202605
11,K,bert.encoder.layer.11.attention.self.key,0.0030877890530973673,0.203105
11,K,bert.encoder.layer.11.attention.self.key,0.0030985574703663588,0.203605
11,K,bert.encoder.layer.11.attention.self.key,0.003109912620857358,0.204105
11,K,bert.encoder.layer.11.attention.self.key,0.0031208936125040054,0.204605
11,K,bert.encoder.layer.11.attention.self.key,0.0031340017449110746,0.205105
11,K,bert.encoder.layer.11.attention.self.key,0.0031464805360883474,0.205605
11,K,bert.encoder.layer.11.attention.self.key,0.003157216589897871,0.206105
11,K,bert.encoder.layer.11.attention.self.key,0.0031708020251244307,0.206605
11,K,bert.encoder.layer.11.attention.self.key,0.003183813765645027,0.207105
11,K,bert.encoder.layer.11.attention.self.key,0.0031958131585270166,0.207605
11,K,bert.encoder.layer.11.attention.self.key,0.0032081843819469213,0.208105
11,K,bert.encoder.layer.11.attention.self.key,0.003221157006919384,0.208605
11,K,bert.encoder.layer.11.attention.self.key,0.0032361377961933613,0.209105
11,K,bert.encoder.layer.11.attention.self.key,0.003248949535191059,0.209605
11,K,bert.encoder.layer.11.attention.self.key,0.0032615913078188896,0.210105
11,K,bert.encoder.layer.11.attention.self.key,0.003273194655776024,0.210605
11,K,bert.encoder.layer.11.attention.self.key,0.0032843523658812046,0.211105
11,K,bert.encoder.layer.11.attention.self.key,0.0032968977466225624,0.211605
11,K,bert.encoder.layer.11.attention.self.key,0.003308339510113001,0.212105
11,K,bert.encoder.layer.11.attention.self.key,0.003321487922221422,0.21261
11,K,bert.encoder.layer.11.attention.self.key,0.0033348898869007826,0.21311
11,K,bert.encoder.layer.11.attention.self.key,0.003345231991261244,0.21361
11,K,bert.encoder.layer.11.attention.self.key,0.0033561100717633963,0.21411
11,K,bert.encoder.layer.11.attention.self.key,0.003370108548551798,0.21461
11,K,bert.encoder.layer.11.attention.self.key,0.003384872106835246,0.21511
11,K,bert.encoder.layer.11.attention.self.key,0.003396639134734869,0.21561
11,K,bert.encoder.layer.11.attention.self.key,0.0034088841639459133,0.21611
11,K,bert.encoder.layer.11.attention.self.key,0.0034225196577608585,0.21661
11,K,bert.encoder.layer.11.attention.self.key,0.0034360468853265047,0.21711
11,K,bert.encoder.layer.11.attention.self.key,0.00344785931520164,0.21761
11,K,bert.encoder.layer.11.attention.self.key,0.0034606517292559147,0.21811
11,K,bert.encoder.layer.11.attention.self.key,0.00347365764901042,0.21861
11,K,bert.encoder.layer.11.attention.self.key,0.003483842359855771,0.21911
11,K,bert.encoder.layer.11.attention.self.key,0.0034961507190018892,0.21961
11,K,bert.encoder.layer.11.attention.self.key,0.0035112809855490923,0.22011
11,K,bert.encoder.layer.11.attention.self.key,0.0035220838617533445,0.22061
11,K,bert.encoder.layer.11.attention.self.key,0.0035350958351045847,0.22111
11,K,bert.encoder.layer.11.attention.self.key,0.003548073349520564,0.22161
11,K,bert.encoder.layer.11.attention.self.key,0.0035612238571047783,0.22211
11,K,bert.encoder.layer.11.attention.self.key,0.0035751264076679945,0.222615
11,K,bert.encoder.layer.11.attention.self.key,0.0035883726086467505,0.223115
11,K,bert.encoder.layer.11.attention.self.key,0.0035994877107441425,0.223615
11,K,bert.encoder.layer.11.attention.self.key,0.0036139548756182194,0.224115
11,K,bert.encoder.layer.11.attention.self.key,0.0036256287712603807,0.224615
11,K,bert.encoder.layer.11.attention.self.key,0.003638228867202997,0.225115
11,K,bert.encoder.layer.11.attention.self.key,0.003651245729997754,0.225615
11,K,bert.encoder.layer.11.attention.self.key,0.003663894021883607,0.226115
11,K,bert.encoder.layer.11.attention.self.key,0.0036768997088074684,0.226615
11,K,bert.encoder.layer.11.attention.self.key,0.0036888711620122194,0.227115
11,K,bert.encoder.layer.11.attention.self.key,0.0037030510138720274,0.227615
11,K,bert.encoder.layer.11.attention.self.key,0.0037178359925746918,0.228115
11,K,bert.encoder.layer.11.attention.self.key,0.003730067750439048,0.228615
11,K,bert.encoder.layer.11.attention.self.key,0.0037441859021782875,0.229115
11,K,bert.encoder.layer.11.attention.self.key,0.0037589771673083305,0.229615
11,K,bert.encoder.layer.11.attention.self.key,0.0037712526973336935,0.230115
11,K,bert.encoder.layer.11.attention.self.key,0.003784229513257742,0.230615
11,K,bert.encoder.layer.11.attention.self.key,0.0037952472921460867,0.231115
11,K,bert.encoder.layer.11.attention.self.key,0.003810225985944271,0.231615
11,K,bert.encoder.layer.11.attention.self.key,0.003820299170911312,0.232115
11,K,bert.encoder.layer.11.attention.self.key,0.0038348401430994272,0.23262
11,K,bert.encoder.layer.11.attention.self.key,0.0038485024124383926,0.23312
11,K,bert.encoder.layer.11.attention.self.key,0.003860273165628314,0.23362
11,K,bert.encoder.layer.11.attention.self.key,0.003873973386362195,0.23412
11,K,bert.encoder.layer.11.attention.self.key,0.003888143924996257,0.23462
11,K,bert.encoder.layer.11.attention.self.key,0.0039004648569971323,0.23512
11,K,bert.encoder.layer.11.attention.self.key,0.003915484994649887,0.23562
11,K,bert.encoder.layer.11.attention.self.key,0.003930281847715378,0.23612
11,K,bert.encoder.layer.11.attention.self.key,0.0039437212981283665,0.23662
11,K,bert.encoder.layer.11.attention.self.key,0.003955800086259842,0.23712
11,K,bert.encoder.layer.11.attention.self.key,0.003969072829931974,0.23762
11,K,bert.encoder.layer.11.attention.self.key,0.0039831046015024185,0.23812
11,K,bert.encoder.layer.11.attention.self.key,0.003996323328465223,0.23862
11,K,bert.encoder.layer.11.attention.self.key,0.004008046817034483,0.23912
11,K,bert.encoder.layer.11.attention.self.key,0.004021289758384228,0.23962
11,K,bert.encoder.layer.11.attention.self.key,0.004034092184156179,0.24012
11,K,bert.encoder.layer.11.attention.self.key,0.004045655019581318,0.24062
11,K,bert.encoder.layer.11.attention.self.key,0.0040588886477053165,0.24112
11,K,bert.encoder.layer.11.attention.self.key,0.004069718532264233,0.24162
11,K,bert.encoder.layer.11.attention.self.key,0.004082870669662952,0.24212
11,K,bert.encoder.layer.11.attention.self.key,0.0040973336435854435,0.242625
11,K,bert.encoder.layer.11.attention.self.key,0.004110090434551239,0.243125
11,K,bert.encoder.layer.11.attention.self.key,0.004122828133404255,0.243625
11,K,bert.encoder.layer.11.attention.self.key,0.004136758390814066,0.244125
11,K,bert.encoder.layer.11.attention.self.key,0.00415030075237155,0.244625
11,K,bert.encoder.layer.11.attention.self.key,0.004164536949247122,0.245125
11,K,bert.encoder.layer.11.attention.self.key,0.004179172683507204,0.245625
11,K,bert.encoder.layer.11.attention.self.key,0.004191146697849035,0.246125
11,K,bert.encoder.layer.11.attention.self.key,0.0042037274688482285,0.246625
11,K,bert.encoder.layer.11.attention.self.key,0.004217937123030424,0.247125
11,K,bert.encoder.layer.11.attention.self.key,0.004233080428093672,0.247625
11,K,bert.encoder.layer.11.attention.self.key,0.004248828627169132,0.248125
11,K,bert.encoder.layer.11.attention.self.key,0.004261870868504047,0.248625
11,K,bert.encoder.layer.11.attention.self.key,0.00427660858258605,0.249125
11,K,bert.encoder.layer.11.attention.self.key,0.004290662240236998,0.249625
11,K,bert.encoder.layer.11.attention.self.key,0.004305950831621885,0.250125
11,K,bert.encoder.layer.11.attention.self.key,0.004321664106100798,0.250625
11,K,bert.encoder.layer.11.attention.self.key,0.00433706259354949,0.251125
11,K,bert.encoder.layer.11.attention.self.key,0.004351495299488306,0.251625
11,K,bert.encoder.layer.11.attention.self.key,0.004366726614534855,0.252125
11,K,bert.encoder.layer.11.attention.self.key,0.004382804501801729,0.25263
11,K,bert.encoder.layer.11.attention.self.key,0.004398477263748646,0.25313
11,K,bert.encoder.layer.11.attention.self.key,0.004413820803165436,0.25363
11,K,bert.encoder.layer.11.attention.self.key,0.004428769927471876,0.25413
11,K,bert.encoder.layer.11.attention.self.key,0.00444052554666996,0.25463
11,K,bert.encoder.layer.11.attention.self.key,0.004456595983356237,0.25513
11,K,bert.encoder.layer.11.attention.self.key,0.004472896922379732,0.25563
11,K,bert.encoder.layer.11.attention.self.key,0.004485707264393568,0.25613
11,K,bert.encoder.layer.11.attention.self.key,0.0045015946961939335,0.25663
11,K,bert.encoder.layer.11.attention.self.key,0.004515425302088261,0.25713
11,K,bert.encoder.layer.11.attention.self.key,0.004528834018856287,0.25763
11,K,bert.encoder.layer.11.attention.self.key,0.0045421733520925045,0.25813
11,K,bert.encoder.layer.11.attention.self.key,0.004559884779155254,0.25863
11,K,bert.encoder.layer.11.attention.self.key,0.0045740799978375435,0.25913
11,K,bert.encoder.layer.11.attention.self.key,0.004592549055814743,0.25963
11,K,bert.encoder.layer.11.attention.self.key,0.004605394322425127,0.26013
11,K,bert.encoder.layer.11.attention.self.key,0.004619536455720663,0.26063
11,K,bert.encoder.layer.11.attention.self.key,0.0046335128135979176,0.26113
11,K,bert.encoder.layer.11.attention.self.key,0.004647518042474985,0.26163
11,K,bert.encoder.layer.11.attention.self.key,0.004662712104618549,0.26213
11,K,bert.encoder.layer.11.attention.self.key,0.004676418844610453,0.262635
11,K,bert.encoder.layer.11.attention.self.key,0.004690914414823055,0.263135
11,K,bert.encoder.layer.11.attention.self.key,0.0047045438550412655,0.263635
11,K,bert.encoder.layer.11.attention.self.key,0.004721267148852348,0.264135
11,K,bert.encoder.layer.11.attention.self.key,0.004735121503472328,0.264635
11,K,bert.encoder.layer.11.attention.self.key,0.004748892039060593,0.265135
11,K,bert.encoder.layer.11.attention.self.key,0.0047643110156059265,0.265635
11,K,bert.encoder.layer.11.attention.self.key,0.004783398937433958,0.266135
11,K,bert.encoder.layer.11.attention.self.key,0.004798231180757284,0.266635
11,K,bert.encoder.layer.11.attention.self.key,0.004812762141227722,0.267135
11,K,bert.encoder.layer.11.attention.self.key,0.004828046075999737,0.267635
11,K,bert.encoder.layer.11.attention.self.key,0.004842229187488556,0.268135
11,K,bert.encoder.layer.11.attention.self.key,0.004857045132666826,0.268635
11,K,bert.encoder.layer.11.attention.self.key,0.004871517885476351,0.269135
11,K,bert.encoder.layer.11.attention.self.key,0.004884750582277775,0.269635
11,K,bert.encoder.layer.11.attention.self.key,0.004898715298622847,0.270135
11,K,bert.encoder.layer.11.attention.self.key,0.004914361517876387,0.270635
11,K,bert.encoder.layer.11.attention.self.key,0.004930881783366203,0.271135
11,K,bert.encoder.layer.11.attention.self.key,0.0049458155408501625,0.271635
11,K,bert.encoder.layer.11.attention.self.key,0.004960322752594948,0.272135
11,K,bert.encoder.layer.11.attention.self.key,0.00497675035148859,0.272635
11,K,bert.encoder.layer.11.attention.self.key,0.0049944063648581505,0.27314
11,K,bert.encoder.layer.11.attention.self.key,0.005009456537663937,0.27364
11,K,bert.encoder.layer.11.attention.self.key,0.005024950951337814,0.27414
11,K,bert.encoder.layer.11.attention.self.key,0.0050407154485583305,0.27464
11,K,bert.encoder.layer.11.attention.self.key,0.005054510198533535,0.27514
11,K,bert.encoder.layer.11.attention.self.key,0.005069884471595287,0.27564
11,K,bert.encoder.layer.11.attention.self.key,0.005084475036710501,0.27614
11,K,bert.encoder.layer.11.attention.self.key,0.005100049544125795,0.27664
11,K,bert.encoder.layer.11.attention.self.key,0.005116681102663279,0.27714
11,K,bert.encoder.layer.11.attention.self.key,0.005132143385708332,0.27764
11,K,bert.encoder.layer.11.attention.self.key,0.005147711839526892,0.27814
11,K,bert.encoder.layer.11.attention.self.key,0.00516366446390748,0.27864
11,K,bert.encoder.layer.11.attention.self.key,0.005180468782782555,0.27914
11,K,bert.encoder.layer.11.attention.self.key,0.005197420716285706,0.27964
11,K,bert.encoder.layer.11.attention.self.key,0.005211459472775459,0.28014
11,K,bert.encoder.layer.11.attention.self.key,0.005227354820817709,0.28064
11,K,bert.encoder.layer.11.attention.self.key,0.0052392734214663506,0.28114
11,K,bert.encoder.layer.11.attention.self.key,0.005257467273622751,0.28164
11,K,bert.encoder.layer.11.attention.self.key,0.00527322618290782,0.28214
11,K,bert.encoder.layer.11.attention.self.key,0.005289006978273392,0.28264
11,K,bert.encoder.layer.11.attention.self.key,0.005306857172399759,0.283145
11,K,bert.encoder.layer.11.attention.self.key,0.005322477780282497,0.283645
11,K,bert.encoder.layer.11.attention.self.key,0.005339646711945534,0.284145
11,K,bert.encoder.layer.11.attention.self.key,0.005355789326131344,0.284645
11,K,bert.encoder.layer.11.attention.self.key,0.005371785257011652,0.285145
11,K,bert.encoder.layer.11.attention.self.key,0.005388303194195032,0.285645
11,K,bert.encoder.layer.11.attention.self.key,0.005403957795351744,0.286145
11,K,bert.encoder.layer.11.attention.self.key,0.005418755579739809,0.286645
11,K,bert.encoder.layer.11.attention.self.key,0.005433995276689529,0.287145
11,K,bert.encoder.layer.11.attention.self.key,0.00545155443251133,0.287645
11,K,bert.encoder.layer.11.attention.self.key,0.005467585753649473,0.288145
11,K,bert.encoder.layer.11.attention.self.key,0.00548301637172699,0.288645
11,K,bert.encoder.layer.11.attention.self.key,0.005500155966728926,0.289145
11,K,bert.encoder.layer.11.attention.self.key,0.0055147805251181126,0.289645
11,K,bert.encoder.layer.11.attention.self.key,0.0055314162746071815,0.290145
11,K,bert.encoder.layer.11.attention.self.key,0.0055473726242780685,0.290645
11,K,bert.encoder.layer.11.attention.self.key,0.005562308244407177,0.291145
11,K,bert.encoder.layer.11.attention.self.key,0.00558057613670826,0.291645
11,K,bert.encoder.layer.11.attention.self.key,0.0056013669818639755,0.292145
11,K,bert.encoder.layer.11.attention.self.key,0.005617381539195776,0.292645
11,K,bert.encoder.layer.11.attention.self.key,0.005634968634694815,0.29315
11,K,bert.encoder.layer.11.attention.self.key,0.005653082858771086,0.29365
11,K,bert.encoder.layer.11.attention.self.key,0.005670612677931786,0.29415
11,K,bert.encoder.layer.11.attention.self.key,0.005686518270522356,0.29465
11,K,bert.encoder.layer.11.attention.self.key,0.005702003370970488,0.29515
11,K,bert.encoder.layer.11.attention.self.key,0.005718505475670099,0.29565
11,K,bert.encoder.layer.11.attention.self.key,0.005737415514886379,0.29615
11,K,bert.encoder.layer.11.attention.self.key,0.005753127858042717,0.29665
11,K,bert.encoder.layer.11.attention.self.key,0.005767278838902712,0.29715
11,K,bert.encoder.layer.11.attention.self.key,0.005783407483249903,0.29765
11,K,bert.encoder.layer.11.attention.self.key,0.005802733823657036,0.29815
11,K,bert.encoder.layer.11.attention.self.key,0.005820152815431356,0.29865
11,K,bert.encoder.layer.11.attention.self.key,0.005839135963469744,0.29915
11,K,bert.encoder.layer.11.attention.self.key,0.005857505369931459,0.29965
11,K,bert.encoder.layer.11.attention.self.key,0.0058741141110658646,0.30015
11,K,bert.encoder.layer.11.attention.self.key,0.005890617612749338,0.30065
11,K,bert.encoder.layer.11.attention.self.key,0.005905886180698872,0.30115
11,K,bert.encoder.layer.11.attention.self.key,0.005922297015786171,0.30165
11,K,bert.encoder.layer.11.attention.self.key,0.005938068963587284,0.30215
11,K,bert.encoder.layer.11.attention.self.key,0.005953924730420113,0.30265
11,K,bert.encoder.layer.11.attention.self.key,0.005972192622721195,0.303155
11,K,bert.encoder.layer.11.attention.self.key,0.005989494267851114,0.303655
11,K,bert.encoder.layer.11.attention.self.key,0.00600782223045826,0.304155
11,K,bert.encoder.layer.11.attention.self.key,0.006024954374879599,0.304655
11,K,bert.encoder.layer.11.attention.self.key,0.006042961031198502,0.305155
11,K,bert.encoder.layer.11.attention.self.key,0.006059403996914625,0.305655
11,K,bert.encoder.layer.11.attention.self.key,0.006077124737203121,0.306155
11,K,bert.encoder.layer.11.attention.self.key,0.006089965347200632,0.306655
11,K,bert.encoder.layer.11.attention.self.key,0.0061094388365745544,0.307155
11,K,bert.encoder.layer.11.attention.self.key,0.006127062253654003,0.307655
11,K,bert.encoder.layer.11.attention.self.key,0.006142732221633196,0.308155
11,K,bert.encoder.layer.11.attention.self.key,0.006161482073366642,0.308655
11,K,bert.encoder.layer.11.attention.self.key,0.0061791460029780865,0.309155
11,K,bert.encoder.layer.11.attention.self.key,0.006198377348482609,0.309655
11,K,bert.encoder.layer.11.attention.self.key,0.006216836161911488,0.310155
11,K,bert.encoder.layer.11.attention.self.key,0.006234460044652224,0.310655
11,K,bert.encoder.layer.11.attention.self.key,0.006251669023185968,0.311155
11,K,bert.encoder.layer.11.attention.self.key,0.006270689889788628,0.311655
11,K,bert.encoder.layer.11.attention.self.key,0.006289016921073198,0.312155
11,K,bert.encoder.layer.11.attention.self.key,0.00630420446395874,0.312655
11,K,bert.encoder.layer.11.attention.self.key,0.006321526598185301,0.31316
11,K,bert.encoder.layer.11.attention.self.key,0.006341928616166115,0.31366
11,K,bert.encoder.layer.11.attention.self.key,0.006359236780554056,0.31416
11,K,bert.encoder.layer.11.attention.self.key,0.006380438804626465,0.31466
11,K,bert.encoder.layer.11.attention.self.key,0.006397624965757132,0.31516
11,K,bert.encoder.layer.11.attention.self.key,0.0064141880720853806,0.31566
11,K,bert.encoder.layer.11.attention.self.key,0.006429994013160467,0.31616
11,K,bert.encoder.layer.11.attention.self.key,0.0064476062543690205,0.31666
11,K,bert.encoder.layer.11.attention.self.key,0.0064653861336410046,0.31716
11,K,bert.encoder.layer.11.attention.self.key,0.006481359247118235,0.31766
11,K,bert.encoder.layer.11.attention.self.key,0.006499952170997858,0.31816
11,K,bert.encoder.layer.11.attention.self.key,0.006520564667880535,0.31866
11,K,bert.encoder.layer.11.attention.self.key,0.006543401628732681,0.31916
11,K,bert.encoder.layer.11.attention.self.key,0.006559764035046101,0.31966
11,K,bert.encoder.layer.11.attention.self.key,0.00657515786588192,0.32016
11,K,bert.encoder.layer.11.attention.self.key,0.006593070458620787,0.32066
11,K,bert.encoder.layer.11.attention.self.key,0.006611068733036518,0.32116
11,K,bert.encoder.layer.11.attention.self.key,0.006629087962210178,0.32166
11,K,bert.encoder.layer.11.attention.self.key,0.0066481404937803745,0.32216
11,K,bert.encoder.layer.11.attention.self.key,0.006669964641332626,0.32266
11,K,bert.encoder.layer.11.attention.self.key,0.00668690400198102,0.32316
11,K,bert.encoder.layer.11.attention.self.key,0.006705640349537134,0.323665
11,K,bert.encoder.layer.11.attention.self.key,0.006722589023411274,0.324165
11,K,bert.encoder.layer.11.attention.self.key,0.006741893012076616,0.324665
11,K,bert.encoder.layer.11.attention.self.key,0.00676176929846406,0.325165
11,K,bert.encoder.layer.11.attention.self.key,0.006778420880436897,0.325665
11,K,bert.encoder.layer.11.attention.self.key,0.0067956349812448025,0.326165
11,K,bert.encoder.layer.11.attention.self.key,0.006812471896409988,0.326665
11,K,bert.encoder.layer.11.attention.self.key,0.006833688355982304,0.327165
11,K,bert.encoder.layer.11.attention.self.key,0.006851561833173037,0.327665
11,K,bert.encoder.layer.11.attention.self.key,0.006867741234600544,0.328165
11,K,bert.encoder.layer.11.attention.self.key,0.006886888295412064,0.328665
11,K,bert.encoder.layer.11.attention.self.key,0.006908711977303028,0.329165
11,K,bert.encoder.layer.11.attention.self.key,0.006928605958819389,0.329665
11,K,bert.encoder.layer.11.attention.self.key,0.006945005618035793,0.330165
11,K,bert.encoder.layer.11.attention.self.key,0.0069667580537498,0.330665
11,K,bert.encoder.layer.11.attention.self.key,0.006983192637562752,0.331165
11,K,bert.encoder.layer.11.attention.self.key,0.007004766725003719,0.331665
11,K,bert.encoder.layer.11.attention.self.key,0.007025479339063168,0.332165
11,K,bert.encoder.layer.11.attention.self.key,0.0070430198684334755,0.332665
11,K,bert.encoder.layer.11.attention.self.key,0.007060913369059563,0.333165
11,K,bert.encoder.layer.11.attention.self.key,0.007085456047207117,0.33367
11,K,bert.encoder.layer.11.attention.self.key,0.007104293443262577,0.33417
11,K,bert.encoder.layer.11.attention.self.key,0.007123008836060762,0.33467
11,K,bert.encoder.layer.11.attention.self.key,0.007143574766814709,0.33517
11,K,bert.encoder.layer.11.attention.self.key,0.007163533475250006,0.33567
11,K,bert.encoder.layer.11.attention.self.key,0.007180921267718077,0.33617
11,K,bert.encoder.layer.11.attention.self.key,0.007201321888715029,0.33667
11,K,bert.encoder.layer.11.attention.self.key,0.007222167681902647,0.33717
11,K,bert.encoder.layer.11.attention.self.key,0.007243822328746319,0.33767
11,K,bert.encoder.layer.11.attention.self.key,0.007265941239893436,0.33817
11,K,bert.encoder.layer.11.attention.self.key,0.007281867321580648,0.33867
11,K,bert.encoder.layer.11.attention.self.key,0.007301701232790947,0.33917
11,K,bert.encoder.layer.11.attention.self.key,0.007321199867874384,0.33967
11,K,bert.encoder.layer.11.attention.self.key,0.007338286377489567,0.34017
11,K,bert.encoder.layer.11.attention.self.key,0.007360959425568581,0.34067
11,K,bert.encoder.layer.11.attention.self.key,0.007381473667919636,0.34117
11,K,bert.encoder.layer.11.attention.self.key,0.007401592098176479,0.34167
11,K,bert.encoder.layer.11.attention.self.key,0.007418782450258732,0.34217
11,K,bert.encoder.layer.11.attention.self.key,0.007440438028424978,0.34267
11,K,bert.encoder.layer.11.attention.self.key,0.007458891253918409,0.34317
11,K,bert.encoder.layer.11.attention.self.key,0.007481113541871309,0.343675
11,K,bert.encoder.layer.11.attention.self.key,0.007499649655073881,0.344175
11,K,bert.encoder.layer.11.attention.self.key,0.0075196800753474236,0.344675
11,K,bert.encoder.layer.11.attention.self.key,0.007539322599768639,0.345175
11,K,bert.encoder.layer.11.attention.self.key,0.007558212615549564,0.345675
11,K,bert.encoder.layer.11.attention.self.key,0.007577377371490002,0.346175
11,K,bert.encoder.layer.11.attention.self.key,0.00759965879842639,0.346675
11,K,bert.encoder.layer.11.attention.self.key,0.007619770243763924,0.347175
11,K,bert.encoder.layer.11.attention.self.key,0.007639869581907988,0.347675
11,K,bert.encoder.layer.11.attention.self.key,0.007656155154109001,0.348175
11,K,bert.encoder.layer.11.attention.self.key,0.007678268011659384,0.348675
11,K,bert.encoder.layer.11.attention.self.key,0.007698402274399996,0.349175
11,K,bert.encoder.layer.11.attention.self.key,0.007719066925346851,0.349675
11,K,bert.encoder.layer.11.attention.self.key,0.007739967666566372,0.350175
11,K,bert.encoder.layer.11.attention.self.key,0.007760175969451666,0.350675
11,K,bert.encoder.layer.11.attention.self.key,0.007779967971146107,0.351175
11,K,bert.encoder.layer.11.attention.self.key,0.0077965836971998215,0.351675
11,K,bert.encoder.layer.11.attention.self.key,0.007819071412086487,0.352175
11,K,bert.encoder.layer.11.attention.self.key,0.007839051075279713,0.352675
11,K,bert.encoder.layer.11.attention.self.key,0.007860317826271057,0.353175
11,K,bert.encoder.layer.11.attention.self.key,0.007880761288106441,0.35368
11,K,bert.encoder.layer.11.attention.self.key,0.007897299714386463,0.35418
11,K,bert.encoder.layer.11.attention.self.key,0.007917894050478935,0.35468
11,K,bert.encoder.layer.11.attention.self.key,0.00793596263974905,0.35518
11,K,bert.encoder.layer.11.attention.self.key,0.007954379543662071,0.35568
11,K,bert.encoder.layer.11.attention.self.key,0.007973973639309406,0.35618
11,K,bert.encoder.layer.11.attention.self.key,0.007996827363967896,0.35668
11,K,bert.encoder.layer.11.attention.self.key,0.008017735555768013,0.35718
11,K,bert.encoder.layer.11.attention.self.key,0.008036923594772816,0.35768
11,K,bert.encoder.layer.11.attention.self.key,0.008057788014411926,0.35818
11,K,bert.encoder.layer.11.attention.self.key,0.008075207471847534,0.35868
11,K,bert.encoder.layer.11.attention.self.key,0.00809565745294094,0.35918
11,K,bert.encoder.layer.11.attention.self.key,0.008116117678582668,0.35968
11,K,bert.encoder.layer.11.attention.self.key,0.008135553449392319,0.36018
11,K,bert.encoder.layer.11.attention.self.key,0.00815485417842865,0.36068
11,K,bert.encoder.layer.11.attention.self.key,0.008173972368240356,0.36118
11,K,bert.encoder.layer.11.attention.self.key,0.008192201144993305,0.36168
11,K,bert.encoder.layer.11.attention.self.key,0.0082156453281641,0.36218
11,K,bert.encoder.layer.11.attention.self.key,0.008233770728111267,0.36268
11,K,bert.encoder.layer.11.attention.self.key,0.0082520367577672,0.36318
11,K,bert.encoder.layer.11.attention.self.key,0.008273271843791008,0.363685
11,K,bert.encoder.layer.11.attention.self.key,0.008295945823192596,0.364185
11,K,bert.encoder.layer.11.attention.self.key,0.008316490799188614,0.364685
11,K,bert.encoder.layer.11.attention.self.key,0.008337981067597866,0.365185
11,K,bert.encoder.layer.11.attention.self.key,0.008360914885997772,0.365685
11,K,bert.encoder.layer.11.attention.self.key,0.008379309438169003,0.366185
11,K,bert.encoder.layer.11.attention.self.key,0.008403240703046322,0.366685
11,K,bert.encoder.layer.11.attention.self.key,0.008428146131336689,0.367185
11,K,bert.encoder.layer.11.attention.self.key,0.008449330925941467,0.367685
11,K,bert.encoder.layer.11.attention.self.key,0.008474412374198437,0.368185
11,K,bert.encoder.layer.11.attention.self.key,0.008493895642459393,0.368685
11,K,bert.encoder.layer.11.attention.self.key,0.008515853434801102,0.369185
11,K,bert.encoder.layer.11.attention.self.key,0.008536279201507568,0.369685
11,K,bert.encoder.layer.11.attention.self.key,0.008556163869798183,0.370185
11,K,bert.encoder.layer.11.attention.self.key,0.008580989204347134,0.370685
11,K,bert.encoder.layer.11.attention.self.key,0.00860191136598587,0.371185
11,K,bert.encoder.layer.11.attention.self.key,0.008622008375823498,0.371685
11,K,bert.encoder.layer.11.attention.self.key,0.008645758032798767,0.372185
11,K,bert.encoder.layer.11.attention.self.key,0.008667366579174995,0.372685
11,K,bert.encoder.layer.11.attention.self.key,0.008687281981110573,0.373185
11,K,bert.encoder.layer.11.attention.self.key,0.008710882626473904,0.373685
11,K,bert.encoder.layer.11.attention.self.key,0.008727860637009144,0.37419
11,K,bert.encoder.layer.11.attention.self.key,0.008749907836318016,0.37469
11,K,bert.encoder.layer.11.attention.self.key,0.008767384104430676,0.37519
11,K,bert.encoder.layer.11.attention.self.key,0.008789679035544395,0.37569
11,K,bert.encoder.layer.11.attention.self.key,0.00881167408078909,0.37619
11,K,bert.encoder.layer.11.attention.self.key,0.008838743902742863,0.37669
11,K,bert.encoder.layer.11.attention.self.key,0.008861955255270004,0.37719
11,K,bert.encoder.layer.11.attention.self.key,0.008882182650268078,0.37769
11,K,bert.encoder.layer.11.attention.self.key,0.008903748355805874,0.37819
11,K,bert.encoder.layer.11.attention.self.key,0.008924380876123905,0.37869
11,K,bert.encoder.layer.11.attention.self.key,0.00894685834646225,0.37919
11,K,bert.encoder.layer.11.attention.self.key,0.008969754911959171,0.37969
11,K,bert.encoder.layer.11.attention.self.key,0.008992965333163738,0.38019
11,K,bert.encoder.layer.11.attention.self.key,0.009014415554702282,0.38069
11,K,bert.encoder.layer.11.attention.self.key,0.009035123512148857,0.38119
11,K,bert.encoder.layer.11.attention.self.key,0.009057298302650452,0.38169
11,K,bert.encoder.layer.11.attention.self.key,0.009079886600375175,0.38219
11,K,bert.encoder.layer.11.attention.self.key,0.009104517288506031,0.38269
11,K,bert.encoder.layer.11.attention.self.key,0.009128942154347897,0.38319
11,K,bert.encoder.layer.11.attention.self.key,0.009150044061243534,0.38369
11,K,bert.encoder.layer.11.attention.self.key,0.009174767881631851,0.384195
11,K,bert.encoder.layer.11.attention.self.key,0.009194605983793736,0.384695
11,K,bert.encoder.layer.11.attention.self.key,0.00921565294265747,0.385195
11,K,bert.encoder.layer.11.attention.self.key,0.009232691489160061,0.385695
11,K,bert.encoder.layer.11.attention.self.key,0.009254259057343006,0.386195
11,K,bert.encoder.layer.11.attention.self.key,0.009285757318139076,0.386695
11,K,bert.encoder.layer.11.attention.self.key,0.009310068562626839,0.387195
11,K,bert.encoder.layer.11.attention.self.key,0.009336753748357296,0.387695
11,K,bert.encoder.layer.11.attention.self.key,0.00935893040150404,0.388195
11,K,bert.encoder.layer.11.attention.self.key,0.00938335806131363,0.388695
11,K,bert.encoder.layer.11.attention.self.key,0.009411271661520004,0.389195
11,K,bert.encoder.layer.11.attention.self.key,0.0094347158446908,0.389695
11,K,bert.encoder.layer.11.attention.self.key,0.009458383545279503,0.390195
11,K,bert.encoder.layer.11.attention.self.key,0.009483407251536846,0.390695
11,K,bert.encoder.layer.11.attention.self.key,0.009504664689302444,0.391195
11,K,bert.encoder.layer.11.attention.self.key,0.009527704678475857,0.391695
11,K,bert.encoder.layer.11.attention.self.key,0.009548346512019634,0.392195
11,K,bert.encoder.layer.11.attention.self.key,0.00956763420253992,0.392695
11,K,bert.encoder.layer.11.attention.self.key,0.009593045338988304,0.393195
11,K,bert.encoder.layer.11.attention.self.key,0.009618773125112057,0.393695
11,K,bert.encoder.layer.11.attention.self.key,0.009647764265537262,0.3942
11,K,bert.encoder.layer.11.attention.self.key,0.009668642655014992,0.3947
11,K,bert.encoder.layer.11.attention.self.key,0.009699390269815922,0.3952
11,K,bert.encoder.layer.11.attention.self.key,0.00972357951104641,0.3957
11,K,bert.encoder.layer.11.attention.self.key,0.009748423472046852,0.3962
11,K,bert.encoder.layer.11.attention.self.key,0.009776746854186058,0.3967
11,K,bert.encoder.layer.11.attention.self.key,0.009800557047128677,0.3972
11,K,bert.encoder.layer.11.attention.self.key,0.009825868532061577,0.3977
11,K,bert.encoder.layer.11.attention.self.key,0.009849621914327145,0.3982
11,K,bert.encoder.layer.11.attention.self.key,0.009877429343760014,0.3987
11,K,bert.encoder.layer.11.attention.self.key,0.009902417659759521,0.3992
11,K,bert.encoder.layer.11.attention.self.key,0.009929352439939976,0.3997
11,K,bert.encoder.layer.11.attention.self.key,0.009953347966074944,0.4002
11,K,bert.encoder.layer.11.attention.self.key,0.009976919740438461,0.4007
11,K,bert.encoder.layer.11.attention.self.key,0.009999576956033707,0.4012
11,K,bert.encoder.layer.11.attention.self.key,0.010026008822023869,0.4017
11,K,bert.encoder.layer.11.attention.self.key,0.01005345955491066,0.4022
11,K,bert.encoder.layer.11.attention.self.key,0.01007781270891428,0.4027
11,K,bert.encoder.layer.11.attention.self.key,0.010098476894199848,0.4032
11,K,bert.encoder.layer.11.attention.self.key,0.010122324340045452,0.4037
11,K,bert.encoder.layer.11.attention.self.key,0.01014805305749178,0.404205
11,K,bert.encoder.layer.11.attention.self.key,0.010169703513383865,0.404705
11,K,bert.encoder.layer.11.attention.self.key,0.010190100409090519,0.405205
11,K,bert.encoder.layer.11.attention.self.key,0.010212658904492855,0.405705
11,K,bert.encoder.layer.11.attention.self.key,0.01023467443883419,0.406205
11,K,bert.encoder.layer.11.attention.self.key,0.01025970745831728,0.406705
11,K,bert.encoder.layer.11.attention.self.key,0.010283014737069607,0.407205
11,K,bert.encoder.layer.11.attention.self.key,0.01030720490962267,0.407705
11,K,bert.encoder.layer.11.attention.self.key,0.010331537574529648,0.408205
11,K,bert.encoder.layer.11.attention.self.key,0.010356814600527287,0.408705
11,K,bert.encoder.layer.11.attention.self.key,0.0103853615000844,0.409205
11,K,bert.encoder.layer.11.attention.self.key,0.010406949557363987,0.409705
11,K,bert.encoder.layer.11.attention.self.key,0.010436189360916615,0.410205
11,K,bert.encoder.layer.11.attention.self.key,0.010463393293321133,0.410705
11,K,bert.encoder.layer.11.attention.self.key,0.010489908047020435,0.411205
11,K,bert.encoder.layer.11.attention.self.key,0.01051869336515665,0.411705
11,K,bert.encoder.layer.11.attention.self.key,0.010541039519011974,0.412205
11,K,bert.encoder.layer.11.attention.self.key,0.010565845295786858,0.412705
11,K,bert.encoder.layer.11.attention.self.key,0.010590717196464539,0.413205
11,K,bert.encoder.layer.11.attention.self.key,0.010617904365062714,0.413705
11,K,bert.encoder.layer.11.attention.self.key,0.01064347755163908,0.41421
11,K,bert.encoder.layer.11.attention.self.key,0.010671784169971943,0.41471
11,K,bert.encoder.layer.11.attention.self.key,0.01069730706512928,0.41521
11,K,bert.encoder.layer.11.attention.self.key,0.010725468397140503,0.41571
11,K,bert.encoder.layer.11.attention.self.key,0.010750002227723598,0.41621
11,K,bert.encoder.layer.11.attention.self.key,0.010778593830764294,0.41671
11,K,bert.encoder.layer.11.attention.self.key,0.01080548670142889,0.41721
11,K,bert.encoder.layer.11.attention.self.key,0.010832835920155048,0.41771
11,K,bert.encoder.layer.11.attention.self.key,0.010863622650504112,0.41821
11,K,bert.encoder.layer.11.attention.self.key,0.01088863518089056,0.41871
11,K,bert.encoder.layer.11.attention.self.key,0.010918480344116688,0.41921
11,K,bert.encoder.layer.11.attention.self.key,0.010943428613245487,0.41971
11,K,bert.encoder.layer.11.attention.self.key,0.010966470465064049,0.42021
11,K,bert.encoder.layer.11.attention.self.key,0.010992981493473053,0.42071
11,K,bert.encoder.layer.11.attention.self.key,0.011017153039574623,0.42121
11,K,bert.encoder.layer.11.attention.self.key,0.011044127866625786,0.42171
11,K,bert.encoder.layer.11.attention.self.key,0.01107065100222826,0.42221
11,K,bert.encoder.layer.11.attention.self.key,0.011090577580034733,0.42271
11,K,bert.encoder.layer.11.attention.self.key,0.011121501214802265,0.42321
11,K,bert.encoder.layer.11.attention.self.key,0.011145144701004028,0.42371
11,K,bert.encoder.layer.11.attention.self.key,0.011166989803314209,0.42421
11,K,bert.encoder.layer.11.attention.self.key,0.011193635873496532,0.424715
11,K,bert.encoder.layer.11.attention.self.key,0.011218096129596233,0.425215
11,K,bert.encoder.layer.11.attention.self.key,0.01124527957290411,0.425715
11,K,bert.encoder.layer.11.attention.self.key,0.01127238105982542,0.426215
11,K,bert.encoder.layer.11.attention.self.key,0.011299779638648033,0.426715
11,K,bert.encoder.layer.11.attention.self.key,0.011324748396873474,0.427215
11,K,bert.encoder.layer.11.attention.self.key,0.011348334141075611,0.427715
11,K,bert.encoder.layer.11.attention.self.key,0.011378089897334576,0.428215
11,K,bert.encoder.layer.11.attention.self.key,0.011407870799303055,0.428715
11,K,bert.encoder.layer.11.attention.self.key,0.011435058899223804,0.429215
11,K,bert.encoder.layer.11.attention.self.key,0.011460915207862854,0.429715
11,K,bert.encoder.layer.11.attention.self.key,0.011484014801681042,0.430215
11,K,bert.encoder.layer.11.attention.self.key,0.011506426148116589,0.430715
11,K,bert.encoder.layer.11.attention.self.key,0.011533205397427082,0.431215
11,K,bert.encoder.layer.11.attention.self.key,0.011561935767531395,0.431715
11,K,bert.encoder.layer.11.attention.self.key,0.01159001886844635,0.432215
11,K,bert.encoder.layer.11.attention.self.key,0.01161979790776968,0.432715
11,K,bert.encoder.layer.11.attention.self.key,0.011648926883935928,0.433215
11,K,bert.encoder.layer.11.attention.self.key,0.011676378548145294,0.433715
11,K,bert.encoder.layer.11.attention.self.key,0.011705750599503517,0.434215
11,K,bert.encoder.layer.11.attention.self.key,0.011729286052286625,0.43472
11,K,bert.encoder.layer.11.attention.self.key,0.011756053194403648,0.43522
11,K,bert.encoder.layer.11.attention.self.key,0.011787979863584042,0.43572
11,K,bert.encoder.layer.11.attention.self.key,0.011816432699561119,0.43622
11,K,bert.encoder.layer.11.attention.self.key,0.011837099678814411,0.43672
11,K,bert.encoder.layer.11.attention.self.key,0.011871719732880592,0.43722
11,K,bert.encoder.layer.11.attention.self.key,0.011900580488145351,0.43772
11,K,bert.encoder.layer.11.attention.self.key,0.011924550868570805,0.43822
11,K,bert.encoder.layer.11.attention.self.key,0.011955849826335907,0.43872
11,K,bert.encoder.layer.11.attention.self.key,0.011982511729001999,0.43922
11,K,bert.encoder.layer.11.attention.self.key,0.012006026692688465,0.43972
11,K,bert.encoder.layer.11.attention.self.key,0.01203344389796257,0.44022
11,K,bert.encoder.layer.11.attention.self.key,0.012065159156918526,0.44072
11,K,bert.encoder.layer.11.attention.self.key,0.012095240876078606,0.44122
11,K,bert.encoder.layer.11.attention.self.key,0.012124011293053627,0.44172
11,K,bert.encoder.layer.11.attention.self.key,0.012156274169683456,0.44222
11,K,bert.encoder.layer.11.attention.self.key,0.012186703272163868,0.44272
11,K,bert.encoder.layer.11.attention.self.key,0.012220452539622784,0.44322
11,K,bert.encoder.layer.11.attention.self.key,0.012246634811162949,0.44372
11,K,bert.encoder.layer.11.attention.self.key,0.012273828499019146,0.44422
11,K,bert.encoder.layer.11.attention.self.key,0.012299791909754276,0.444725
11,K,bert.encoder.layer.11.attention.self.key,0.012332265265285969,0.445225
11,K,bert.encoder.layer.11.attention.self.key,0.012368920259177685,0.445725
11,K,bert.encoder.layer.11.attention.self.key,0.012397694401443005,0.446225
11,K,bert.encoder.layer.11.attention.self.key,0.012428385205566883,0.446725
11,K,bert.encoder.layer.11.attention.self.key,0.012453041039407253,0.447225
11,K,bert.encoder.layer.11.attention.self.key,0.012481114827096462,0.447725
11,K,bert.encoder.layer.11.attention.self.key,0.012511571869254112,0.448225
11,K,bert.encoder.layer.11.attention.self.key,0.012540046125650406,0.448725
11,K,bert.encoder.layer.11.attention.self.key,0.012568824924528599,0.449225
11,K,bert.encoder.layer.11.attention.self.key,0.012596722692251205,0.449725
11,K,bert.encoder.layer.11.attention.self.key,0.012622429989278316,0.450225
11,K,bert.encoder.layer.11.attention.self.key,0.012656282633543015,0.450725
11,K,bert.encoder.layer.11.attention.self.key,0.012682606466114521,0.451225
11,K,bert.encoder.layer.11.attention.self.key,0.012708011083304882,0.451725
11,K,bert.encoder.layer.11.attention.self.key,0.012737654149532318,0.452225
11,K,bert.encoder.layer.11.attention.self.key,0.012765138410031796,0.452725
11,K,bert.encoder.layer.11.attention.self.key,0.012791882269084454,0.453225
11,K,bert.encoder.layer.11.attention.self.key,0.012817720882594585,0.453725
11,K,bert.encoder.layer.11.attention.self.key,0.012852328829467297,0.454225
11,K,bert.encoder.layer.11.attention.self.key,0.012881260365247726,0.45473
11,K,bert.encoder.layer.11.attention.self.key,0.012910724617540836,0.45523
11,K,bert.encoder.layer.11.attention.self.key,0.012936150655150414,0.45573
11,K,bert.encoder.layer.11.attention.self.key,0.012967243790626526,0.45623
11,K,bert.encoder.layer.11.attention.self.key,0.012999078258872032,0.45673
11,K,bert.encoder.layer.11.attention.self.key,0.013032813556492329,0.45723
11,K,bert.encoder.layer.11.attention.self.key,0.013061817735433578,0.45773
11,K,bert.encoder.layer.11.attention.self.key,0.013097522780299187,0.45823
11,K,bert.encoder.layer.11.attention.self.key,0.013123500160872936,0.45873
11,K,bert.encoder.layer.11.attention.self.key,0.013154583983123302,0.45923
11,K,bert.encoder.layer.11.attention.self.key,0.013182885944843292,0.45973
11,K,bert.encoder.layer.11.attention.self.key,0.01321365125477314,0.46023
11,K,bert.encoder.layer.11.attention.self.key,0.013246966525912285,0.46073
11,K,bert.encoder.layer.11.attention.self.key,0.013281838968396187,0.46123
11,K,bert.encoder.layer.11.attention.self.key,0.013315679505467415,0.46173
11,K,bert.encoder.layer.11.attention.self.key,0.013351219706237316,0.46223
11,K,bert.encoder.layer.11.attention.self.key,0.013376891613006592,0.46273
11,K,bert.encoder.layer.11.attention.self.key,0.013409892097115517,0.46323
11,K,bert.encoder.layer.11.attention.self.key,0.013440734706819057,0.46373
11,K,bert.encoder.layer.11.attention.self.key,0.01347198337316513,0.46423
11,K,bert.encoder.layer.11.attention.self.key,0.013500097207725048,0.464735
11,K,bert.encoder.layer.11.attention.self.key,0.01353473961353302,0.465235
11,K,bert.encoder.layer.11.attention.self.key,0.01356879435479641,0.465735
11,K,bert.encoder.layer.11.attention.self.key,0.013599246740341187,0.466235
11,K,bert.encoder.layer.11.attention.self.key,0.013628973625600338,0.466735
11,K,bert.encoder.layer.11.attention.self.key,0.013658659532666206,0.467235
11,K,bert.encoder.layer.11.attention.self.key,0.013682746328413486,0.467735
11,K,bert.encoder.layer.11.attention.self.key,0.01371536310762167,0.468235
11,K,bert.encoder.layer.11.attention.self.key,0.013740140944719315,0.468735
11,K,bert.encoder.layer.11.attention.self.key,0.013767421245574951,0.469235
11,K,bert.encoder.layer.11.attention.self.key,0.013799384236335754,0.469735
11,K,bert.encoder.layer.11.attention.self.key,0.013829678297042847,0.470235
11,K,bert.encoder.layer.11.attention.self.key,0.013863547705113888,0.470735
11,K,bert.encoder.layer.11.attention.self.key,0.013899987563490868,0.471235
11,K,bert.encoder.layer.11.attention.self.key,0.013934925198554993,0.471735
11,K,bert.encoder.layer.11.attention.self.key,0.01396442111581564,0.472235
11,K,bert.encoder.layer.11.attention.self.key,0.013994130305945873,0.472735
11,K,bert.encoder.layer.11.attention.self.key,0.01402624137699604,0.473235
11,K,bert.encoder.layer.11.attention.self.key,0.014056896790862083,0.473735
11,K,bert.encoder.layer.11.attention.self.key,0.014086142182350159,0.474235
11,K,bert.encoder.layer.11.attention.self.key,0.01412114780396223,0.474735
11,K,bert.encoder.layer.11.attention.self.key,0.014152733609080315,0.47524
11,K,bert.encoder.layer.11.attention.self.key,0.014183984138071537,0.47574
11,K,bert.encoder.layer.11.attention.self.key,0.014216727577149868,0.47624
11,K,bert.encoder.layer.11.attention.self.key,0.014258105307817459,0.47674
11,K,bert.encoder.layer.11.attention.self.key,0.01428857073187828,0.47724
11,K,bert.encoder.layer.11.attention.self.key,0.014321847818791866,0.47774
11,K,bert.encoder.layer.11.attention.self.key,0.014354229904711246,0.47824
11,K,bert.encoder.layer.11.attention.self.key,0.014386014081537724,0.47874
11,K,bert.encoder.layer.11.attention.self.key,0.014416750520467758,0.47924
11,K,bert.encoder.layer.11.attention.self.key,0.014447041787207127,0.47974
11,K,bert.encoder.layer.11.attention.self.key,0.014478216879069805,0.48024
11,K,bert.encoder.layer.11.attention.self.key,0.014511709101498127,0.48074
11,K,bert.encoder.layer.11.attention.self.key,0.014547067694365978,0.48124
11,K,bert.encoder.layer.11.attention.self.key,0.01458487007766962,0.48174
11,K,bert.encoder.layer.11.attention.self.key,0.014620786532759666,0.48224
11,K,bert.encoder.layer.11.attention.self.key,0.014650088734924793,0.48274
11,K,bert.encoder.layer.11.attention.self.key,0.014683877117931843,0.48324
11,K,bert.encoder.layer.11.attention.self.key,0.014721502549946308,0.48374
11,K,bert.encoder.layer.11.attention.self.key,0.014755690470337868,0.48424
11,K,bert.encoder.layer.11.attention.self.key,0.014782791957259178,0.48474
11,K,bert.encoder.layer.11.attention.self.key,0.014815953560173512,0.485245
11,K,bert.encoder.layer.11.attention.self.key,0.014845611527562141,0.485745
11,K,bert.encoder.layer.11.attention.self.key,0.014881942421197891,0.486245
11,K,bert.encoder.layer.11.attention.self.key,0.014922277070581913,0.486745
11,K,bert.encoder.layer.11.attention.self.key,0.01495409570634365,0.487245
11,K,bert.encoder.layer.11.attention.self.key,0.014989004470407963,0.487745
11,K,bert.encoder.layer.11.attention.self.key,0.015019240789115429,0.488245
11,K,bert.encoder.layer.11.attention.self.key,0.015055837109684944,0.488745
11,K,bert.encoder.layer.11.attention.self.key,0.015089761465787888,0.489245
11,K,bert.encoder.layer.11.attention.self.key,0.015122792683541775,0.489745
11,K,bert.encoder.layer.11.attention.self.key,0.015150888822972775,0.490245
11,K,bert.encoder.layer.11.attention.self.key,0.01518806628882885,0.490745
11,K,bert.encoder.layer.11.attention.self.key,0.015221011824905872,0.491245
11,K,bert.encoder.layer.11.attention.self.key,0.015255493111908436,0.491745
11,K,bert.encoder.layer.11.attention.self.key,0.015300886705517769,0.492245
11,K,bert.encoder.layer.11.attention.self.key,0.015339869074523449,0.492745
11,K,bert.encoder.layer.11.attention.self.key,0.015373991802334785,0.493245
11,K,bert.encoder.layer.11.attention.self.key,0.0153990862891078,0.493745
11,K,bert.encoder.layer.11.attention.self.key,0.015429748222231865,0.494245
11,K,bert.encoder.layer.11.attention.self.key,0.01546065416187048,0.494745
11,K,bert.encoder.layer.11.attention.self.key,0.015501881949603558,0.49525
11,K,bert.encoder.layer.11.attention.self.key,0.015533257275819778,0.49575
11,K,bert.encoder.layer.11.attention.self.key,0.015573703683912754,0.49625
11,K,bert.encoder.layer.11.attention.self.key,0.015605820342898369,0.49675
11,K,bert.encoder.layer.11.attention.self.key,0.01564200222492218,0.49725
11,K,bert.encoder.layer.11.attention.self.key,0.015676025301218033,0.49775
11,K,bert.encoder.layer.11.attention.self.key,0.01571309007704258,0.49825
11,K,bert.encoder.layer.11.attention.self.key,0.015748118981719017,0.49875
11,K,bert.encoder.layer.11.attention.self.key,0.01578528992831707,0.49925
11,K,bert.encoder.layer.11.attention.self.key,0.015815235674381256,0.49975
11,K,bert.encoder.layer.11.attention.self.key,0.015845712274312973,0.50025
11,K,bert.encoder.layer.11.attention.self.key,0.015881936997175217,0.50075
11,K,bert.encoder.layer.11.attention.self.key,0.0159173421561718,0.50125
11,K,bert.encoder.layer.11.attention.self.key,0.015958674252033234,0.50175
11,K,bert.encoder.layer.11.attention.self.key,0.015994887799024582,0.50225
11,K,bert.encoder.layer.11.attention.self.key,0.016033006832003593,0.50275
11,K,bert.encoder.layer.11.attention.self.key,0.016060827299952507,0.50325
11,K,bert.encoder.layer.11.attention.self.key,0.016091182827949524,0.50375
11,K,bert.encoder.layer.11.attention.self.key,0.0161261148750782,0.50425
11,K,bert.encoder.layer.11.attention.self.key,0.016163986176252365,0.50475
11,K,bert.encoder.layer.11.attention.self.key,0.016197586432099342,0.505255
11,K,bert.encoder.layer.11.attention.self.key,0.0162394680082798,0.505755
11,K,bert.encoder.layer.11.attention.self.key,0.016271017491817474,0.506255
11,K,bert.encoder.layer.11.attention.self.key,0.016312120482325554,0.506755
11,K,bert.encoder.layer.11.attention.self.key,0.016357334330677986,0.507255
11,K,bert.encoder.layer.11.attention.self.key,0.0163970198482275,0.507755
11,K,bert.encoder.layer.11.attention.self.key,0.016435185447335243,0.508255
11,K,bert.encoder.layer.11.attention.self.key,0.01646961271762848,0.508755
11,K,bert.encoder.layer.11.attention.self.key,0.01650931127369404,0.509255
11,K,bert.encoder.layer.11.attention.self.key,0.01654176414012909,0.509755
11,K,bert.encoder.layer.11.attention.self.key,0.016584694385528564,0.510255
11,K,bert.encoder.layer.11.attention.self.key,0.01662272773683071,0.510755
11,K,bert.encoder.layer.11.attention.self.key,0.01665806956589222,0.511255
11,K,bert.encoder.layer.11.attention.self.key,0.01669437624514103,0.511755
11,K,bert.encoder.layer.11.attention.self.key,0.01673385687172413,0.512255
11,K,bert.encoder.layer.11.attention.self.key,0.016773605719208717,0.512755
11,K,bert.encoder.layer.11.attention.self.key,0.016811460256576538,0.513255
11,K,bert.encoder.layer.11.attention.self.key,0.016858508810400963,0.513755
11,K,bert.encoder.layer.11.attention.self.key,0.01689004711806774,0.514255
11,K,bert.encoder.layer.11.attention.self.key,0.016933465376496315,0.514755
11,K,bert.encoder.layer.11.attention.self.key,0.016971686854958534,0.51526
11,K,bert.encoder.layer.11.attention.self.key,0.017009790986776352,0.51576
11,K,bert.encoder.layer.11.attention.self.key,0.017042169347405434,0.51626
11,K,bert.encoder.layer.11.attention.self.key,0.017080489546060562,0.51676
11,K,bert.encoder.layer.11.attention.self.key,0.017118146643042564,0.51726
11,K,bert.encoder.layer.11.attention.self.key,0.017160022631287575,0.51776
11,K,bert.encoder.layer.11.attention.self.key,0.017195284366607666,0.51826
11,K,bert.encoder.layer.11.attention.self.key,0.017237044870853424,0.51876
11,K,bert.encoder.layer.11.attention.self.key,0.017274750396609306,0.51926
11,K,bert.encoder.layer.11.attention.self.key,0.017322108149528503,0.51976
11,K,bert.encoder.layer.11.attention.self.key,0.017363404855132103,0.52026
11,K,bert.encoder.layer.11.attention.self.key,0.01740097627043724,0.52076
11,K,bert.encoder.layer.11.attention.self.key,0.017442844808101654,0.52126
11,K,bert.encoder.layer.11.attention.self.key,0.017471836879849434,0.52176
11,K,bert.encoder.layer.11.attention.self.key,0.01750369928777218,0.52226
11,K,bert.encoder.layer.11.attention.self.key,0.017538679763674736,0.52276
11,K,bert.encoder.layer.11.attention.self.key,0.017569201067090034,0.52326
11,K,bert.encoder.layer.11.attention.self.key,0.01760154403746128,0.52376
11,K,bert.encoder.layer.11.attention.self.key,0.017637185752391815,0.52426
11,K,bert.encoder.layer.11.attention.self.key,0.017682252451777458,0.52476
11,K,bert.encoder.layer.11.attention.self.key,0.017720550298690796,0.525265
11,K,bert.encoder.layer.11.attention.self.key,0.017763594165444374,0.525765
11,K,bert.encoder.layer.11.attention.self.key,0.017803974449634552,0.526265
11,K,bert.encoder.layer.11.attention.self.key,0.01785128191113472,0.526765
11,K,bert.encoder.layer.11.attention.self.key,0.017890799790620804,0.527265
11,K,bert.encoder.layer.11.attention.self.key,0.017930403351783752,0.527765
11,K,bert.encoder.layer.11.attention.self.key,0.017971348017454147,0.528265
11,K,bert.encoder.layer.11.attention.self.key,0.01801217347383499,0.528765
11,K,bert.encoder.layer.11.attention.self.key,0.01804385334253311,0.529265
11,K,bert.encoder.layer.11.attention.self.key,0.01807747781276703,0.529765
11,K,bert.encoder.layer.11.attention.self.key,0.01811603270471096,0.530265
11,K,bert.encoder.layer.11.attention.self.key,0.01814945600926876,0.530765
11,K,bert.encoder.layer.11.attention.self.key,0.018185675144195557,0.531265
11,K,bert.encoder.layer.11.attention.self.key,0.018223974853754044,0.531765
11,K,bert.encoder.layer.11.attention.self.key,0.018260037526488304,0.532265
11,K,bert.encoder.layer.11.attention.self.key,0.018303576856851578,0.532765
11,K,bert.encoder.layer.11.attention.self.key,0.018342241644859314,0.533265
11,K,bert.encoder.layer.11.attention.self.key,0.018375109881162643,0.533765
11,K,bert.encoder.layer.11.attention.self.key,0.018407857045531273,0.534265
11,K,bert.encoder.layer.11.attention.self.key,0.01845172606408596,0.534765
11,K,bert.encoder.layer.11.attention.self.key,0.018486367538571358,0.535265
11,K,bert.encoder.layer.11.attention.self.key,0.018528642132878304,0.53577
11,K,bert.encoder.layer.11.attention.self.key,0.018569057807326317,0.53627
11,K,bert.encoder.layer.11.attention.self.key,0.018613474443554878,0.53677
11,K,bert.encoder.layer.11.attention.self.key,0.018656205385923386,0.53727
11,K,bert.encoder.layer.11.attention.self.key,0.01869531348347664,0.53777
11,K,bert.encoder.layer.11.attention.self.key,0.0187376756221056,0.53827
11,K,bert.encoder.layer.11.attention.self.key,0.018782751634716988,0.53877
11,K,bert.encoder.layer.11.attention.self.key,0.018828006461262703,0.53927
11,K,bert.encoder.layer.11.attention.self.key,0.018868761137127876,0.53977
11,K,bert.encoder.layer.11.attention.self.key,0.018905965611338615,0.54027
11,K,bert.encoder.layer.11.attention.self.key,0.018950553610920906,0.54077
11,K,bert.encoder.layer.11.attention.self.key,0.018995199352502823,0.54127
11,K,bert.encoder.layer.11.attention.self.key,0.019033389165997505,0.54177
11,K,bert.encoder.layer.11.attention.self.key,0.019071759656071663,0.54227
11,K,bert.encoder.layer.11.attention.self.key,0.01910913735628128,0.54277
11,K,bert.encoder.layer.11.attention.self.key,0.019155552610754967,0.54327
11,K,bert.encoder.layer.11.attention.self.key,0.019194355234503746,0.54377
11,K,bert.encoder.layer.11.attention.self.key,0.019237922504544258,0.54427
11,K,bert.encoder.layer.11.attention.self.key,0.019278747960925102,0.54477
11,K,bert.encoder.layer.11.attention.self.key,0.019318483769893646,0.54527
11,K,bert.encoder.layer.11.attention.self.key,0.019359895959496498,0.545775
11,K,bert.encoder.layer.11.attention.self.key,0.01939903013408184,0.546275
11,K,bert.encoder.layer.11.attention.self.key,0.01943962834775448,0.546775
11,K,bert.encoder.layer.11.attention.self.key,0.019490588456392288,0.547275
11,K,bert.encoder.layer.11.attention.self.key,0.019533393904566765,0.547775
11,K,bert.encoder.layer.11.attention.self.key,0.019577475264668465,0.548275
11,K,bert.encoder.layer.11.attention.self.key,0.019617581740021706,0.548775
11,K,bert.encoder.layer.11.attention.self.key,0.01965990476310253,0.549275
11,K,bert.encoder.layer.11.attention.self.key,0.019694609567523003,0.549775
11,K,bert.encoder.layer.11.attention.self.key,0.019738899543881416,0.550275
11,K,bert.encoder.layer.11.attention.self.key,0.019781021401286125,0.550775
11,K,bert.encoder.layer.11.attention.self.key,0.019825521856546402,0.551275
11,K,bert.encoder.layer.11.attention.self.key,0.01987055502831936,0.551775
11,K,bert.encoder.layer.11.attention.self.key,0.01991916447877884,0.552275
11,K,bert.encoder.layer.11.attention.self.key,0.019965579733252525,0.552775
11,K,bert.encoder.layer.11.attention.self.key,0.020007317885756493,0.553275
11,K,bert.encoder.layer.11.attention.self.key,0.02005091868340969,0.553775
11,K,bert.encoder.layer.11.attention.self.key,0.02009292133152485,0.554275
11,K,bert.encoder.layer.11.attention.self.key,0.020137935876846313,0.554775
11,K,bert.encoder.layer.11.attention.self.key,0.020186452195048332,0.555275
11,K,bert.encoder.layer.11.attention.self.key,0.02022666111588478,0.55578
11,K,bert.encoder.layer.11.attention.self.key,0.02027004025876522,0.55628
11,K,bert.encoder.layer.11.attention.self.key,0.02030942216515541,0.55678
11,K,bert.encoder.layer.11.attention.self.key,0.020356541499495506,0.55728
11,K,bert.encoder.layer.11.attention.self.key,0.02040032669901848,0.55778
11,K,bert.encoder.layer.11.attention.self.key,0.020441528409719467,0.55828
11,K,bert.encoder.layer.11.attention.self.key,0.020488647744059563,0.55878
11,K,bert.encoder.layer.11.attention.self.key,0.020528417080640793,0.55928
11,K,bert.encoder.layer.11.attention.self.key,0.0205692145973444,0.55978
11,K,bert.encoder.layer.11.attention.self.key,0.02061396650969982,0.56028
11,K,bert.encoder.layer.11.attention.self.key,0.020653128623962402,0.56078
11,K,bert.encoder.layer.11.attention.self.key,0.020688779652118683,0.56128
11,K,bert.encoder.layer.11.attention.self.key,0.02073284238576889,0.56178
11,K,bert.encoder.layer.11.attention.self.key,0.020774679258465767,0.56228
11,K,bert.encoder.layer.11.attention.self.key,0.02081686072051525,0.56278
11,K,bert.encoder.layer.11.attention.self.key,0.02087048813700676,0.56328
11,K,bert.encoder.layer.11.attention.self.key,0.020917661488056183,0.56378
11,K,bert.encoder.layer.11.attention.self.key,0.02096501551568508,0.56428
11,K,bert.encoder.layer.11.attention.self.key,0.021007394418120384,0.56478
11,K,bert.encoder.layer.11.attention.self.key,0.021060749888420105,0.56528
11,K,bert.encoder.layer.11.attention.self.key,0.021106544882059097,0.565785
11,K,bert.encoder.layer.11.attention.self.key,0.021153604611754417,0.566285
11,K,bert.encoder.layer.11.attention.self.key,0.02120094560086727,0.566785
11,K,bert.encoder.layer.11.attention.self.key,0.021251706406474113,0.567285
11,K,bert.encoder.layer.11.attention.self.key,0.021300269290804863,0.567785
11,K,bert.encoder.layer.11.attention.self.key,0.021345015615224838,0.568285
11,K,bert.encoder.layer.11.attention.self.key,0.021392492577433586,0.568785
11,K,bert.encoder.layer.11.attention.self.key,0.02143777906894684,0.569285
11,K,bert.encoder.layer.11.attention.self.key,0.02148258499801159,0.569785
11,K,bert.encoder.layer.11.attention.self.key,0.021527547389268875,0.570285
11,K,bert.encoder.layer.11.attention.self.key,0.02157917059957981,0.570785
11,K,bert.encoder.layer.11.attention.self.key,0.021622342988848686,0.571285
11,K,bert.encoder.layer.11.attention.self.key,0.02166956104338169,0.571785
11,K,bert.encoder.layer.11.attention.self.key,0.02171933650970459,0.572285
11,K,bert.encoder.layer.11.attention.self.key,0.021761400625109673,0.572785
11,K,bert.encoder.layer.11.attention.self.key,0.02180289663374424,0.573285
11,K,bert.encoder.layer.11.attention.self.key,0.021847855299711227,0.573785
11,K,bert.encoder.layer.11.attention.self.key,0.021893145516514778,0.574285
11,K,bert.encoder.layer.11.attention.self.key,0.02193715237081051,0.574785
11,K,bert.encoder.layer.11.attention.self.key,0.02198689803481102,0.575285
11,K,bert.encoder.layer.11.attention.self.key,0.02203856036067009,0.57579
11,K,bert.encoder.layer.11.attention.self.key,0.022084537893533707,0.57629
11,K,bert.encoder.layer.11.attention.self.key,0.022127941250801086,0.57679
11,K,bert.encoder.layer.11.attention.self.key,0.022174203768372536,0.57729
11,K,bert.encoder.layer.11.attention.self.key,0.022212954238057137,0.57779
11,K,bert.encoder.layer.11.attention.self.key,0.022258609533309937,0.57829
11,K,bert.encoder.layer.11.attention.self.key,0.0222917553037405,0.57879
11,K,bert.encoder.layer.11.attention.self.key,0.022346852347254753,0.57929
11,K,bert.encoder.layer.11.attention.self.key,0.022396784275770187,0.57979
11,K,bert.encoder.layer.11.attention.self.key,0.02244318090379238,0.58029
11,K,bert.encoder.layer.11.attention.self.key,0.022494763135910034,0.58079
11,K,bert.encoder.layer.11.attention.self.key,0.022538693621754646,0.58129
11,K,bert.encoder.layer.11.attention.self.key,0.022586582228541374,0.58179
11,K,bert.encoder.layer.11.attention.self.key,0.02263488620519638,0.58229
11,K,bert.encoder.layer.11.attention.self.key,0.02268807217478752,0.58279
11,K,bert.encoder.layer.11.attention.self.key,0.02273537404835224,0.58329
11,K,bert.encoder.layer.11.attention.self.key,0.022784125059843063,0.58379
11,K,bert.encoder.layer.11.attention.self.key,0.0228282380849123,0.58429
11,K,bert.encoder.layer.11.attention.self.key,0.02287914976477623,0.58479
11,K,bert.encoder.layer.11.attention.self.key,0.022930169478058815,0.58529
11,K,bert.encoder.layer.11.attention.self.key,0.022991759702563286,0.58579
11,K,bert.encoder.layer.11.attention.self.key,0.023044748231768608,0.586295
11,K,bert.encoder.layer.11.attention.self.key,0.02309287339448929,0.586795
11,K,bert.encoder.layer.11.attention.self.key,0.023135747760534286,0.587295
11,K,bert.encoder.layer.11.attention.self.key,0.02318182773888111,0.587795
11,K,bert.encoder.layer.11.attention.self.key,0.0232295673340559,0.588295
11,K,bert.encoder.layer.11.attention.self.key,0.02326914481818676,0.588795
11,K,bert.encoder.layer.11.attention.self.key,0.02331528812646866,0.589295
11,K,bert.encoder.layer.11.attention.self.key,0.023374397307634354,0.589795
11,K,bert.encoder.layer.11.attention.self.key,0.02342197671532631,0.590295
11,K,bert.encoder.layer.11.attention.self.key,0.023455491289496422,0.590795
11,K,bert.encoder.layer.11.attention.self.key,0.023506222292780876,0.591295
11,K,bert.encoder.layer.11.attention.self.key,0.023549051955342293,0.591795
11,K,bert.encoder.layer.11.attention.self.key,0.023602789267897606,0.592295
11,K,bert.encoder.layer.11.attention.self.key,0.023660240694880486,0.592795
11,K,bert.encoder.layer.11.attention.self.key,0.023719903081655502,0.593295
11,K,bert.encoder.layer.11.attention.self.key,0.023777823895215988,0.593795
11,K,bert.encoder.layer.11.attention.self.key,0.02382497861981392,0.594295
11,K,bert.encoder.layer.11.attention.self.key,0.023877520114183426,0.594795
11,K,bert.encoder.layer.11.attention.self.key,0.02392512932419777,0.595295
11,K,bert.encoder.layer.11.attention.self.key,0.023981977254152298,0.595795
11,K,bert.encoder.layer.11.attention.self.key,0.024029968306422234,0.5963
11,K,bert.encoder.layer.11.attention.self.key,0.02409018948674202,0.5968
11,K,bert.encoder.layer.11.attention.self.key,0.02414647303521633,0.5973
11,K,bert.encoder.layer.11.attention.self.key,0.02419653907418251,0.5978
11,K,bert.encoder.layer.11.attention.self.key,0.02423877641558647,0.5983
11,K,bert.encoder.layer.11.attention.self.key,0.024284841492772102,0.5988
11,K,bert.encoder.layer.11.attention.self.key,0.02434198185801506,0.5993
11,K,bert.encoder.layer.11.attention.self.key,0.02440628595650196,0.5998
11,K,bert.encoder.layer.11.attention.self.key,0.024458488449454308,0.6003
11,K,bert.encoder.layer.11.attention.self.key,0.024508679285645485,0.6008
11,K,bert.encoder.layer.11.attention.self.key,0.024559302255511284,0.6013
11,K,bert.encoder.layer.11.attention.self.key,0.02460799179971218,0.6018
11,K,bert.encoder.layer.11.attention.self.key,0.024654647335410118,0.6023
11,K,bert.encoder.layer.11.attention.self.key,0.024702860042452812,0.6028
11,K,bert.encoder.layer.11.attention.self.key,0.0247554499655962,0.6033
11,K,bert.encoder.layer.11.attention.self.key,0.024813557043671608,0.6038
11,K,bert.encoder.layer.11.attention.self.key,0.024863744154572487,0.6043
11,K,bert.encoder.layer.11.attention.self.key,0.024914998561143875,0.6048
11,K,bert.encoder.layer.11.attention.self.key,0.02497454360127449,0.6053
11,K,bert.encoder.layer.11.attention.self.key,0.025021208450198174,0.6058
11,K,bert.encoder.layer.11.attention.self.key,0.025075973942875862,0.606305
11,K,bert.encoder.layer.11.attention.self.key,0.025124065577983856,0.606805
11,K,bert.encoder.layer.11.attention.self.key,0.025179050862789154,0.607305
11,K,bert.encoder.layer.11.attention.self.key,0.025234926491975784,0.607805
11,K,bert.encoder.layer.11.attention.self.key,0.025284379720687866,0.608305
11,K,bert.encoder.layer.11.attention.self.key,0.025332817807793617,0.608805
11,K,bert.encoder.layer.11.attention.self.key,0.025383014231920242,0.609305
11,K,bert.encoder.layer.11.attention.self.key,0.02542829141020775,0.609805
11,K,bert.encoder.layer.11.attention.self.key,0.025483084842562675,0.610305
11,K,bert.encoder.layer.11.attention.self.key,0.025534717366099358,0.610805
11,K,bert.encoder.layer.11.attention.self.key,0.025594305247068405,0.611305
11,K,bert.encoder.layer.11.attention.self.key,0.02564532496035099,0.611805
11,K,bert.encoder.layer.11.attention.self.key,0.025710375979542732,0.612305
11,K,bert.encoder.layer.11.attention.self.key,0.02576652355492115,0.612805
11,K,bert.encoder.layer.11.attention.self.key,0.02581094577908516,0.613305
11,K,bert.encoder.layer.11.attention.self.key,0.025862034410238266,0.613805
11,K,bert.encoder.layer.11.attention.self.key,0.025922853499650955,0.614305
11,K,bert.encoder.layer.11.attention.self.key,0.025979653000831604,0.614805
11,K,bert.encoder.layer.11.attention.self.key,0.026043716818094254,0.615305
11,K,bert.encoder.layer.11.attention.self.key,0.026094496250152588,0.615805
11,K,bert.encoder.layer.11.attention.self.key,0.02614740841090679,0.61631
11,K,bert.encoder.layer.11.attention.self.key,0.02619440294802189,0.61681
11,K,bert.encoder.layer.11.attention.self.key,0.026251979172229767,0.61731
11,K,bert.encoder.layer.11.attention.self.key,0.026315053924918175,0.61781
11,K,bert.encoder.layer.11.attention.self.key,0.02636808529496193,0.61831
11,K,bert.encoder.layer.11.attention.self.key,0.026424091309309006,0.61881
11,K,bert.encoder.layer.11.attention.self.key,0.02648204192519188,0.61931
11,K,bert.encoder.layer.11.attention.self.key,0.026529554277658463,0.61981
11,K,bert.encoder.layer.11.attention.self.key,0.026596002280712128,0.62031
11,K,bert.encoder.layer.11.attention.self.key,0.02665853686630726,0.62081
11,K,bert.encoder.layer.11.attention.self.key,0.02671172469854355,0.62131
11,K,bert.encoder.layer.11.attention.self.key,0.02676926553249359,0.62181
11,K,bert.encoder.layer.11.attention.self.key,0.02682427503168583,0.62231
11,K,bert.encoder.layer.11.attention.self.key,0.026878932490944862,0.62281
11,K,bert.encoder.layer.11.attention.self.key,0.026945414021611214,0.62331
11,K,bert.encoder.layer.11.attention.self.key,0.02700556069612503,0.62381
11,K,bert.encoder.layer.11.attention.self.key,0.027057265862822533,0.62431
11,K,bert.encoder.layer.11.attention.self.key,0.027112377807497978,0.62481
11,K,bert.encoder.layer.11.attention.self.key,0.027168281376361847,0.62531
11,K,bert.encoder.layer.11.attention.self.key,0.027229061350226402,0.62581
11,K,bert.encoder.layer.11.attention.self.key,0.027288611978292465,0.626315
11,K,bert.encoder.layer.11.attention.self.key,0.027348702773451805,0.626815
11,K,bert.encoder.layer.11.attention.self.key,0.027404149994254112,0.627315
11,K,bert.encoder.layer.11.attention.self.key,0.027462447062134743,0.627815
11,K,bert.encoder.layer.11.attention.self.key,0.02752072364091873,0.628315
11,K,bert.encoder.layer.11.attention.self.key,0.027572229504585266,0.628815
11,K,bert.encoder.layer.11.attention.self.key,0.027631603181362152,0.629315
11,K,bert.encoder.layer.11.attention.self.key,0.027691515162587166,0.629815
11,K,bert.encoder.layer.11.attention.self.key,0.027751894667744637,0.630315
11,K,bert.encoder.layer.11.attention.self.key,0.027806267142295837,0.630815
11,K,bert.encoder.layer.11.attention.self.key,0.02786548063158989,0.631315
11,K,bert.encoder.layer.11.attention.self.key,0.027928736060857773,0.631815
11,K,bert.encoder.layer.11.attention.self.key,0.027988456189632416,0.632315
11,K,bert.encoder.layer.11.attention.self.key,0.028051981702446938,0.632815
11,K,bert.encoder.layer.11.attention.self.key,0.028121402487158775,0.633315
11,K,bert.encoder.layer.11.attention.self.key,0.02819020487368107,0.633815
11,K,bert.encoder.layer.11.attention.self.key,0.028252536430954933,0.634315
11,K,bert.encoder.layer.11.attention.self.key,0.028325561434030533,0.634815
11,K,bert.encoder.layer.11.attention.self.key,0.028374945744872093,0.635315
11,K,bert.encoder.layer.11.attention.self.key,0.028429288417100906,0.635815
11,K,bert.encoder.layer.11.attention.self.key,0.028483882546424866,0.636315
11,K,bert.encoder.layer.11.attention.self.key,0.02854270115494728,0.63682
11,K,bert.encoder.layer.11.attention.self.key,0.028598900884389877,0.63732
11,K,bert.encoder.layer.11.attention.self.key,0.028675947338342667,0.63782
11,K,bert.encoder.layer.11.attention.self.key,0.028728248551487923,0.63832
11,K,bert.encoder.layer.11.attention.self.key,0.028783023357391357,0.63882
11,K,bert.encoder.layer.11.attention.self.key,0.02884875424206257,0.63932
11,K,bert.encoder.layer.11.attention.self.key,0.028910471126437187,0.63982
11,K,bert.encoder.layer.11.attention.self.key,0.02896944433450699,0.64032
11,K,bert.encoder.layer.11.attention.self.key,0.029026364907622337,0.64082
11,K,bert.encoder.layer.11.attention.self.key,0.029092373326420784,0.64132
11,K,bert.encoder.layer.11.attention.self.key,0.02916029840707779,0.64182
11,K,bert.encoder.layer.11.attention.self.key,0.029234526678919792,0.64232
11,K,bert.encoder.layer.11.attention.self.key,0.0293074119836092,0.64282
11,K,bert.encoder.layer.11.attention.self.key,0.029364196583628654,0.64332
11,K,bert.encoder.layer.11.attention.self.key,0.02942962758243084,0.64382
11,K,bert.encoder.layer.11.attention.self.key,0.02948526106774807,0.64432
11,K,bert.encoder.layer.11.attention.self.key,0.029539702460169792,0.64482
11,K,bert.encoder.layer.11.attention.self.key,0.029608095064759254,0.64532
11,K,bert.encoder.layer.11.attention.self.key,0.029671354219317436,0.64582
11,K,bert.encoder.layer.11.attention.self.key,0.029743684455752373,0.64632
11,K,bert.encoder.layer.11.attention.self.key,0.029801545664668083,0.646825
11,K,bert.encoder.layer.11.attention.self.key,0.02986549586057663,0.647325
11,K,bert.encoder.layer.11.attention.self.key,0.029927900061011314,0.647825
11,K,bert.encoder.layer.11.attention.self.key,0.029997169971466064,0.648325
11,K,bert.encoder.layer.11.attention.self.key,0.030064478516578674,0.648825
11,K,bert.encoder.layer.11.attention.self.key,0.0301261804997921,0.649325
11,K,bert.encoder.layer.11.attention.self.key,0.030194085091352463,0.649825
11,K,bert.encoder.layer.11.attention.self.key,0.030258845537900925,0.650325
11,K,bert.encoder.layer.11.attention.self.key,0.030330851674079895,0.650825
11,K,bert.encoder.layer.11.attention.self.key,0.030403675511479378,0.651325
11,K,bert.encoder.layer.11.attention.self.key,0.030467426404356956,0.651825
11,K,bert.encoder.layer.11.attention.self.key,0.03053267113864422,0.652325
11,K,bert.encoder.layer.11.attention.self.key,0.0305925365537405,0.652825
11,K,bert.encoder.layer.11.attention.self.key,0.030658451840281487,0.653325
11,K,bert.encoder.layer.11.attention.self.key,0.030716460198163986,0.653825
11,K,bert.encoder.layer.11.attention.self.key,0.030789803713560104,0.654325
11,K,bert.encoder.layer.11.attention.self.key,0.030855800956487656,0.654825
11,K,bert.encoder.layer.11.attention.self.key,0.03092166595160961,0.655325
11,K,bert.encoder.layer.11.attention.self.key,0.030987262725830078,0.655825
11,K,bert.encoder.layer.11.attention.self.key,0.03104539029300213,0.656325
11,K,bert.encoder.layer.11.attention.self.key,0.031114032492041588,0.65683
11,K,bert.encoder.layer.11.attention.self.key,0.031177762895822525,0.65733
11,K,bert.encoder.layer.11.attention.self.key,0.03123977966606617,0.65783
11,K,bert.encoder.layer.11.attention.self.key,0.03130359202623367,0.65833
11,K,bert.encoder.layer.11.attention.self.key,0.031381841748952866,0.65883
11,K,bert.encoder.layer.11.attention.self.key,0.03144637122750282,0.65933
11,K,bert.encoder.layer.11.attention.self.key,0.031508587300777435,0.65983
11,K,bert.encoder.layer.11.attention.self.key,0.03158159181475639,0.66033
11,K,bert.encoder.layer.11.attention.self.key,0.031647492200136185,0.66083
11,K,bert.encoder.layer.11.attention.self.key,0.03170693293213844,0.66133
11,K,bert.encoder.layer.11.attention.self.key,0.03178146108984947,0.66183
11,K,bert.encoder.layer.11.attention.self.key,0.031858284026384354,0.66233
11,K,bert.encoder.layer.11.attention.self.key,0.03193381428718567,0.66283
11,K,bert.encoder.layer.11.attention.self.key,0.0320093035697937,0.66333
11,K,bert.encoder.layer.11.attention.self.key,0.03206457197666168,0.66383
11,K,bert.encoder.layer.11.attention.self.key,0.03215191513299942,0.66433
11,K,bert.encoder.layer.11.attention.self.key,0.032231561839580536,0.66483
11,K,bert.encoder.layer.11.attention.self.key,0.032290924340486526,0.66533
11,K,bert.encoder.layer.11.attention.self.key,0.03236628696322441,0.66583
11,K,bert.encoder.layer.11.attention.self.key,0.0324346087872982,0.66633
11,K,bert.encoder.layer.11.attention.self.key,0.032498303800821304,0.666835
11,K,bert.encoder.layer.11.attention.self.key,0.03257547318935394,0.667335
11,K,bert.encoder.layer.11.attention.self.key,0.03264373913407326,0.667835
11,K,bert.encoder.layer.11.attention.self.key,0.03270437940955162,0.668335
11,K,bert.encoder.layer.11.attention.self.key,0.032777540385723114,0.668835
11,K,bert.encoder.layer.11.attention.self.key,0.03285682573914528,0.669335
11,K,bert.encoder.layer.11.attention.self.key,0.032915402203798294,0.669835
11,K,bert.encoder.layer.11.attention.self.key,0.03298481926321983,0.670335
11,K,bert.encoder.layer.11.attention.self.key,0.03305128216743469,0.670835
11,K,bert.encoder.layer.11.attention.self.key,0.03312283009290695,0.671335
11,K,bert.encoder.layer.11.attention.self.key,0.03321089223027229,0.671835
11,K,bert.encoder.layer.11.attention.self.key,0.033284157514572144,0.672335
11,K,bert.encoder.layer.11.attention.self.key,0.03335437923669815,0.672835
11,K,bert.encoder.layer.11.attention.self.key,0.03342364355921745,0.673335
11,K,bert.encoder.layer.11.attention.self.key,0.03348781168460846,0.673835
11,K,bert.encoder.layer.11.attention.self.key,0.03355957940220833,0.674335
11,K,bert.encoder.layer.11.attention.self.key,0.03362807258963585,0.674835
11,K,bert.encoder.layer.11.attention.self.key,0.033716827630996704,0.675335
11,K,bert.encoder.layer.11.attention.self.key,0.0337926484644413,0.675835
11,K,bert.encoder.layer.11.attention.self.key,0.03387703001499176,0.676335
11,K,bert.encoder.layer.11.attention.self.key,0.03395336493849754,0.67684
11,K,bert.encoder.layer.11.attention.self.key,0.03403027355670929,0.67734
11,K,bert.encoder.layer.11.attention.self.key,0.03409679979085922,0.67784
11,K,bert.encoder.layer.11.attention.self.key,0.03417714312672615,0.67834
11,K,bert.encoder.layer.11.attention.self.key,0.03424937650561333,0.67884
11,K,bert.encoder.layer.11.attention.self.key,0.034313078969717026,0.67934
11,K,bert.encoder.layer.11.attention.self.key,0.03439059481024742,0.67984
11,K,bert.encoder.layer.11.attention.self.key,0.034460972994565964,0.68034
11,K,bert.encoder.layer.11.attention.self.key,0.03453867509961128,0.68084
11,K,bert.encoder.layer.11.attention.self.key,0.034622590988874435,0.68134
11,K,bert.encoder.layer.11.attention.self.key,0.034715473651885986,0.68184
11,K,bert.encoder.layer.11.attention.self.key,0.03478313237428665,0.68234
11,K,bert.encoder.layer.11.attention.self.key,0.03485684096813202,0.68284
11,K,bert.encoder.layer.11.attention.self.key,0.03493167832493782,0.68334
11,K,bert.encoder.layer.11.attention.self.key,0.03501114249229431,0.68384
11,K,bert.encoder.layer.11.attention.self.key,0.03508586436510086,0.68434
11,K,bert.encoder.layer.11.attention.self.key,0.035164881497621536,0.68484
11,K,bert.encoder.layer.11.attention.self.key,0.03524263948202133,0.68534
11,K,bert.encoder.layer.11.attention.self.key,0.03532344102859497,0.68584
11,K,bert.encoder.layer.11.attention.self.key,0.035398662090301514,0.68634
11,K,bert.encoder.layer.11.attention.self.key,0.03546982258558273,0.68684
11,K,bert.encoder.layer.11.attention.self.key,0.035552017390728,0.687345
11,K,bert.encoder.layer.11.attention.self.key,0.03562189266085625,0.687845
11,K,bert.encoder.layer.11.attention.self.key,0.0357012115418911,0.688345
11,K,bert.encoder.layer.11.attention.self.key,0.03577771410346031,0.688845
11,K,bert.encoder.layer.11.attention.self.key,0.035853028297424316,0.689345
11,K,bert.encoder.layer.11.attention.self.key,0.03593331575393677,0.689845
11,K,bert.encoder.layer.11.attention.self.key,0.03603005036711693,0.690345
11,K,bert.encoder.layer.11.attention.self.key,0.0361122265458107,0.690845
11,K,bert.encoder.layer.11.attention.self.key,0.03618767485022545,0.691345
11,K,bert.encoder.layer.11.attention.self.key,0.03625331073999405,0.691845
11,K,bert.encoder.layer.11.attention.self.key,0.036327965557575226,0.692345
11,K,bert.encoder.layer.11.attention.self.key,0.03640449419617653,0.692845
11,K,bert.encoder.layer.11.attention.self.key,0.03648623451590538,0.693345
11,K,bert.encoder.layer.11.attention.self.key,0.03655349835753441,0.693845
11,K,bert.encoder.layer.11.attention.self.key,0.03662853688001633,0.694345
11,K,bert.encoder.layer.11.attention.self.key,0.03671349212527275,0.694845
11,K,bert.encoder.layer.11.attention.self.key,0.03679809346795082,0.695345
11,K,bert.encoder.layer.11.attention.self.key,0.03688650578260422,0.695845
11,K,bert.encoder.layer.11.attention.self.key,0.03696197271347046,0.696345
11,K,bert.encoder.layer.11.attention.self.key,0.037046924233436584,0.696845
11,K,bert.encoder.layer.11.attention.self.key,0.03712223842740059,0.69735
11,K,bert.encoder.layer.11.attention.self.key,0.037204559892416,0.69785
11,K,bert.encoder.layer.11.attention.self.key,0.03728330880403519,0.69835
11,K,bert.encoder.layer.11.attention.self.key,0.03734859824180603,0.69885
11,K,bert.encoder.layer.11.attention.self.key,0.03743280842900276,0.69935
11,K,bert.encoder.layer.11.attention.self.key,0.037517230957746506,0.69985
11,K,bert.encoder.layer.11.attention.self.key,0.03761044144630432,0.70035
11,K,bert.encoder.layer.11.attention.self.key,0.03769339248538017,0.70085
11,K,bert.encoder.layer.11.attention.self.key,0.03777951002120972,0.70135
11,K,bert.encoder.layer.11.attention.self.key,0.03786715492606163,0.70185
11,K,bert.encoder.layer.11.attention.self.key,0.037957701832056046,0.70235
11,K,bert.encoder.layer.11.attention.self.key,0.03804508224129677,0.70285
11,K,bert.encoder.layer.11.attention.self.key,0.03812602907419205,0.70335
11,K,bert.encoder.layer.11.attention.self.key,0.038210999220609665,0.70385
11,K,bert.encoder.layer.11.attention.self.key,0.0382927767932415,0.70435
11,K,bert.encoder.layer.11.attention.self.key,0.038368284702301025,0.70485
11,K,bert.encoder.layer.11.attention.self.key,0.038441773504018784,0.70535
11,K,bert.encoder.layer.11.attention.self.key,0.03852447494864464,0.70585
11,K,bert.encoder.layer.11.attention.self.key,0.03860856220126152,0.70635
11,K,bert.encoder.layer.11.attention.self.key,0.03871409595012665,0.70685
11,K,bert.encoder.layer.11.attention.self.key,0.03879639878869057,0.707355
11,K,bert.encoder.layer.11.attention.self.key,0.03888358548283577,0.707855
11,K,bert.encoder.layer.11.attention.self.key,0.038977060467004776,0.708355
11,K,bert.encoder.layer.11.attention.self.key,0.039058100432157516,0.708855
11,K,bert.encoder.layer.11.attention.self.key,0.03913397341966629,0.709355
11,K,bert.encoder.layer.11.attention.self.key,0.03921258822083473,0.709855
11,K,bert.encoder.layer.11.attention.self.key,0.03930199518799782,0.710355
11,K,bert.encoder.layer.11.attention.self.key,0.03939091041684151,0.710855
11,K,bert.encoder.layer.11.attention.self.key,0.039462581276893616,0.711355
11,K,bert.encoder.layer.11.attention.self.key,0.03957100957632065,0.711855
11,K,bert.encoder.layer.11.attention.self.key,0.03967432677745819,0.712355
11,K,bert.encoder.layer.11.attention.self.key,0.03976410627365112,0.712855
11,K,bert.encoder.layer.11.attention.self.key,0.03985784202814102,0.713355
11,K,bert.encoder.layer.11.attention.self.key,0.039941683411598206,0.713855
11,K,bert.encoder.layer.11.attention.self.key,0.04003560170531273,0.714355
11,K,bert.encoder.layer.11.attention.self.key,0.04014231637120247,0.714855
11,K,bert.encoder.layer.11.attention.self.key,0.04023148864507675,0.715355
11,K,bert.encoder.layer.11.attention.self.key,0.040311846882104874,0.715855
11,K,bert.encoder.layer.11.attention.self.key,0.04040529951453209,0.716355
11,K,bert.encoder.layer.11.attention.self.key,0.04049144312739372,0.716855
11,K,bert.encoder.layer.11.attention.self.key,0.04056819900870323,0.71736
11,K,bert.encoder.layer.11.attention.self.key,0.04065270349383354,0.71786
11,K,bert.encoder.layer.11.attention.self.key,0.04074385017156601,0.71836
11,K,bert.encoder.layer.11.attention.self.key,0.04082508385181427,0.71886
11,K,bert.encoder.layer.11.attention.self.key,0.04092758893966675,0.71936
11,K,bert.encoder.layer.11.attention.self.key,0.04102875292301178,0.71986
11,K,bert.encoder.layer.11.attention.self.key,0.04111766815185547,0.72036
11,K,bert.encoder.layer.11.attention.self.key,0.04122732952237129,0.72086
11,K,bert.encoder.layer.11.attention.self.key,0.04131612926721573,0.72136
11,K,bert.encoder.layer.11.attention.self.key,0.041413724422454834,0.72186
11,K,bert.encoder.layer.11.attention.self.key,0.04151621833443642,0.72236
11,K,bert.encoder.layer.11.attention.self.key,0.0416085459291935,0.72286
11,K,bert.encoder.layer.11.attention.self.key,0.04170399159193039,0.72336
11,K,bert.encoder.layer.11.attention.self.key,0.04179183021187782,0.72386
11,K,bert.encoder.layer.11.attention.self.key,0.041888974606990814,0.72436
11,K,bert.encoder.layer.11.attention.self.key,0.04197731986641884,0.72486
11,K,bert.encoder.layer.11.attention.self.key,0.042082298547029495,0.72536
11,K,bert.encoder.layer.11.attention.self.key,0.0421781949698925,0.72586
11,K,bert.encoder.layer.11.attention.self.key,0.042270440608263016,0.72636
11,K,bert.encoder.layer.11.attention.self.key,0.04236629232764244,0.72686
11,K,bert.encoder.layer.11.attention.self.key,0.04246563836932182,0.727365
11,K,bert.encoder.layer.11.attention.self.key,0.04255961626768112,0.727865
11,K,bert.encoder.layer.11.attention.self.key,0.042675286531448364,0.728365
11,K,bert.encoder.layer.11.attention.self.key,0.04278703033924103,0.728865
11,K,bert.encoder.layer.11.attention.self.key,0.042883168905973434,0.729365
11,K,bert.encoder.layer.11.attention.self.key,0.042977917939424515,0.729865
11,K,bert.encoder.layer.11.attention.self.key,0.04306837171316147,0.730365
11,K,bert.encoder.layer.11.attention.self.key,0.04317256808280945,0.730865
11,K,bert.encoder.layer.11.attention.self.key,0.04326285421848297,0.731365
11,K,bert.encoder.layer.11.attention.self.key,0.04336712509393692,0.731865
11,K,bert.encoder.layer.11.attention.self.key,0.04346221312880516,0.732365
11,K,bert.encoder.layer.11.attention.self.key,0.04355749487876892,0.732865
11,K,bert.encoder.layer.11.attention.self.key,0.04366053640842438,0.733365
11,K,bert.encoder.layer.11.attention.self.key,0.04376673698425293,0.733865
11,K,bert.encoder.layer.11.attention.self.key,0.0438624732196331,0.734365
11,K,bert.encoder.layer.11.attention.self.key,0.04394599795341492,0.734865
11,K,bert.encoder.layer.11.attention.self.key,0.04405256733298302,0.735365
11,K,bert.encoder.layer.11.attention.self.key,0.04413880035281181,0.735865
11,K,bert.encoder.layer.11.attention.self.key,0.04425079748034477,0.736365
11,K,bert.encoder.layer.11.attention.self.key,0.04433948174118996,0.736865
11,K,bert.encoder.layer.11.attention.self.key,0.04444773495197296,0.737365
11,K,bert.encoder.layer.11.attention.self.key,0.04453938081860542,0.73787
11,K,bert.encoder.layer.11.attention.self.key,0.04463345184922218,0.73837
11,K,bert.encoder.layer.11.attention.self.key,0.04472661390900612,0.73887
11,K,bert.encoder.layer.11.attention.self.key,0.044838275760412216,0.73937
11,K,bert.encoder.layer.11.attention.self.key,0.04494301229715347,0.73987
11,K,bert.encoder.layer.11.attention.self.key,0.045047577470541,0.74037
11,K,bert.encoder.layer.11.attention.self.key,0.045152828097343445,0.74087
11,K,bert.encoder.layer.11.attention.self.key,0.04526370391249657,0.74137
11,K,bert.encoder.layer.11.attention.self.key,0.045369476079940796,0.74187
11,K,bert.encoder.layer.11.attention.self.key,0.04549100622534752,0.74237
11,K,bert.encoder.layer.11.attention.self.key,0.04561080411076546,0.74287
11,K,bert.encoder.layer.11.attention.self.key,0.04569868743419647,0.74337
11,K,bert.encoder.layer.11.attention.self.key,0.04580840840935707,0.74387
11,K,bert.encoder.layer.11.attention.self.key,0.04591674357652664,0.74437
11,K,bert.encoder.layer.11.attention.self.key,0.04601827263832092,0.74487
11,K,bert.encoder.layer.11.attention.self.key,0.04611421003937721,0.74537
11,K,bert.encoder.layer.11.attention.self.key,0.046230901032686234,0.74587
11,K,bert.encoder.layer.11.attention.self.key,0.04632148891687393,0.74637
11,K,bert.encoder.layer.11.attention.self.key,0.046441420912742615,0.74687
11,K,bert.encoder.layer.11.attention.self.key,0.04655147343873978,0.74737
11,K,bert.encoder.layer.11.attention.self.key,0.046655915677547455,0.747875
11,K,bert.encoder.layer.11.attention.self.key,0.04675629734992981,0.748375
11,K,bert.encoder.layer.11.attention.self.key,0.046885665506124496,0.748875
11,K,bert.encoder.layer.11.attention.self.key,0.0470142588019371,0.749375
11,K,bert.encoder.layer.11.attention.self.key,0.04711471498012543,0.749875
11,K,bert.encoder.layer.11.attention.self.key,0.04721970856189728,0.750375
11,K,bert.encoder.layer.11.attention.self.key,0.047348834574222565,0.750875
11,K,bert.encoder.layer.11.attention.self.key,0.04745155945420265,0.751375
11,K,bert.encoder.layer.11.attention.self.key,0.047575607895851135,0.751875
11,K,bert.encoder.layer.11.attention.self.key,0.0477062426507473,0.752375
11,K,bert.encoder.layer.11.attention.self.key,0.04782134294509888,0.752875
11,K,bert.encoder.layer.11.attention.self.key,0.0479375422000885,0.753375
11,K,bert.encoder.layer.11.attention.self.key,0.04803619533777237,0.753875
11,K,bert.encoder.layer.11.attention.self.key,0.048123911023139954,0.754375
11,K,bert.encoder.layer.11.attention.self.key,0.04825916886329651,0.754875
11,K,bert.encoder.layer.11.attention.self.key,0.048374712467193604,0.755375
11,K,bert.encoder.layer.11.attention.self.key,0.04847439378499985,0.755875
11,K,bert.encoder.layer.11.attention.self.key,0.04858903959393501,0.756375
11,K,bert.encoder.layer.11.attention.self.key,0.04871927201747894,0.756875
11,K,bert.encoder.layer.11.attention.self.key,0.04882947728037834,0.757375
11,K,bert.encoder.layer.11.attention.self.key,0.04893522337079048,0.75788
11,K,bert.encoder.layer.11.attention.self.key,0.049059584736824036,0.75838
11,K,bert.encoder.layer.11.attention.self.key,0.049181703478097916,0.75888
11,K,bert.encoder.layer.11.attention.self.key,0.049277063459157944,0.75938
11,K,bert.encoder.layer.11.attention.self.key,0.049384940415620804,0.75988
11,K,bert.encoder.layer.11.attention.self.key,0.04949583858251572,0.76038
11,K,bert.encoder.layer.11.attention.self.key,0.0496416799724102,0.76088
11,K,bert.encoder.layer.11.attention.self.key,0.04977460950613022,0.76138
11,K,bert.encoder.layer.11.attention.self.key,0.0498950332403183,0.76188
11,K,bert.encoder.layer.11.attention.self.key,0.050005387514829636,0.76238
11,K,bert.encoder.layer.11.attention.self.key,0.050124961882829666,0.76288
11,K,bert.encoder.layer.11.attention.self.key,0.050246212631464005,0.76338
11,K,bert.encoder.layer.11.attention.self.key,0.050368018448352814,0.76388
11,K,bert.encoder.layer.11.attention.self.key,0.050488054752349854,0.76438
11,K,bert.encoder.layer.11.attention.self.key,0.05058117210865021,0.76488
11,K,bert.encoder.layer.11.attention.self.key,0.050708260387182236,0.76538
11,K,bert.encoder.layer.11.attention.self.key,0.05083557218313217,0.76588
11,K,bert.encoder.layer.11.attention.self.key,0.05096057429909706,0.76638
11,K,bert.encoder.layer.11.attention.self.key,0.05112329497933388,0.76688
11,K,bert.encoder.layer.11.attention.self.key,0.05124065652489662,0.76738
11,K,bert.encoder.layer.11.attention.self.key,0.051354192197322845,0.767885
11,K,bert.encoder.layer.11.attention.self.key,0.051470834761857986,0.768385
11,K,bert.encoder.layer.11.attention.self.key,0.051595598459243774,0.768885
11,K,bert.encoder.layer.11.attention.self.key,0.05173351988196373,0.769385
11,K,bert.encoder.layer.11.attention.self.key,0.051886625587940216,0.769885
11,K,bert.encoder.layer.11.attention.self.key,0.0520026870071888,0.770385
11,K,bert.encoder.layer.11.attention.self.key,0.05213617905974388,0.770885
11,K,bert.encoder.layer.11.attention.self.key,0.05225439369678497,0.771385
11,K,bert.encoder.layer.11.attention.self.key,0.052392177283763885,0.771885
11,K,bert.encoder.layer.11.attention.self.key,0.05250484496355057,0.772385
11,K,bert.encoder.layer.11.attention.self.key,0.05264604836702347,0.772885
11,K,bert.encoder.layer.11.attention.self.key,0.052770331501960754,0.773385
11,K,bert.encoder.layer.11.attention.self.key,0.05289929732680321,0.773885
11,K,bert.encoder.layer.11.attention.self.key,0.05302409082651138,0.774385
11,K,bert.encoder.layer.11.attention.self.key,0.0531420074403286,0.774885
11,K,bert.encoder.layer.11.attention.self.key,0.053275417536497116,0.775385
11,K,bert.encoder.layer.11.attention.self.key,0.05340356379747391,0.775885
11,K,bert.encoder.layer.11.attention.self.key,0.05355347692966461,0.776385
11,K,bert.encoder.layer.11.attention.self.key,0.05368911474943161,0.776885
11,K,bert.encoder.layer.11.attention.self.key,0.05381442606449127,0.777385
11,K,bert.encoder.layer.11.attention.self.key,0.05396100878715515,0.77789
11,K,bert.encoder.layer.11.attention.self.key,0.05408318340778351,0.77839
11,K,bert.encoder.layer.11.attention.self.key,0.05419406294822693,0.77889
11,K,bert.encoder.layer.11.attention.self.key,0.05432578921318054,0.77939
11,K,bert.encoder.layer.11.attention.self.key,0.05447052791714668,0.77989
11,K,bert.encoder.layer.11.attention.self.key,0.05459488928318024,0.78039
11,K,bert.encoder.layer.11.attention.self.key,0.05472337454557419,0.78089
11,K,bert.encoder.layer.11.attention.self.key,0.054851070046424866,0.78139
11,K,bert.encoder.layer.11.attention.self.key,0.05499723553657532,0.78189
11,K,bert.encoder.layer.11.attention.self.key,0.055126503109931946,0.78239
11,K,bert.encoder.layer.11.attention.self.key,0.055250100791454315,0.78289
11,K,bert.encoder.layer.11.attention.self.key,0.05538114905357361,0.78339
11,K,bert.encoder.layer.11.attention.self.key,0.055497851222753525,0.78389
11,K,bert.encoder.layer.11.attention.self.key,0.0556374192237854,0.78439
11,K,bert.encoder.layer.11.attention.self.key,0.05579253286123276,0.78489
11,K,bert.encoder.layer.11.attention.self.key,0.05594463646411896,0.78539
11,K,bert.encoder.layer.11.attention.self.key,0.056088950484991074,0.78589
11,K,bert.encoder.layer.11.attention.self.key,0.05621728673577309,0.78639
11,K,bert.encoder.layer.11.attention.self.key,0.05636555701494217,0.78689
11,K,bert.encoder.layer.11.attention.self.key,0.05649242177605629,0.78739
11,K,bert.encoder.layer.11.attention.self.key,0.0566217415034771,0.787895
11,K,bert.encoder.layer.11.attention.self.key,0.056767452508211136,0.788395
11,K,bert.encoder.layer.11.attention.self.key,0.05692226439714432,0.788895
11,K,bert.encoder.layer.11.attention.self.key,0.05707940459251404,0.789395
11,K,bert.encoder.layer.11.attention.self.key,0.05723211169242859,0.789895
11,K,bert.encoder.layer.11.attention.self.key,0.057383812963962555,0.790395
11,K,bert.encoder.layer.11.attention.self.key,0.0575232207775116,0.790895
11,K,bert.encoder.layer.11.attention.self.key,0.057675521820783615,0.791395
11,K,bert.encoder.layer.11.attention.self.key,0.057800572365522385,0.791895
11,K,bert.encoder.layer.11.attention.self.key,0.05794663727283478,0.792395
11,K,bert.encoder.layer.11.attention.self.key,0.05807138606905937,0.792895
11,K,bert.encoder.layer.11.attention.self.key,0.0582125224173069,0.793395
11,K,bert.encoder.layer.11.attention.self.key,0.05834309756755829,0.793895
11,K,bert.encoder.layer.11.attention.self.key,0.058465391397476196,0.794395
11,K,bert.encoder.layer.11.attention.self.key,0.05857791006565094,0.794895
11,K,bert.encoder.layer.11.attention.self.key,0.058713410049676895,0.795395
11,K,bert.encoder.layer.11.attention.self.key,0.05886794254183769,0.795895
11,K,bert.encoder.layer.11.attention.self.key,0.05900854244828224,0.796395
11,K,bert.encoder.layer.11.attention.self.key,0.05918009206652641,0.796895
11,K,bert.encoder.layer.11.attention.self.key,0.059321075677871704,0.797395
11,K,bert.encoder.layer.11.attention.self.key,0.05945247411727905,0.797895
11,K,bert.encoder.layer.11.attention.self.key,0.0596148781478405,0.7984
11,K,bert.encoder.layer.11.attention.self.key,0.059754613786935806,0.7989
11,K,bert.encoder.layer.11.attention.self.key,0.05987628176808357,0.7994
11,K,bert.encoder.layer.11.attention.self.key,0.06005240976810455,0.7999
11,K,bert.encoder.layer.11.attention.self.key,0.06020491570234299,0.8004
11,K,bert.encoder.layer.11.attention.self.key,0.06038133054971695,0.8009
11,K,bert.encoder.layer.11.attention.self.key,0.06055242940783501,0.8014
11,K,bert.encoder.layer.11.attention.self.key,0.06068196892738342,0.8019
11,K,bert.encoder.layer.11.attention.self.key,0.060874566435813904,0.8024
11,K,bert.encoder.layer.11.attention.self.key,0.061041463166475296,0.8029
11,K,bert.encoder.layer.11.attention.self.key,0.06120382249355316,0.8034
11,K,bert.encoder.layer.11.attention.self.key,0.06133811175823212,0.8039
11,K,bert.encoder.layer.11.attention.self.key,0.06147817149758339,0.8044
11,K,bert.encoder.layer.11.attention.self.key,0.06164942681789398,0.8049
11,K,bert.encoder.layer.11.attention.self.key,0.06179575249552727,0.8054
11,K,bert.encoder.layer.11.attention.self.key,0.06195833534002304,0.8059
11,K,bert.encoder.layer.11.attention.self.key,0.06211836263537407,0.8064
11,K,bert.encoder.layer.11.attention.self.key,0.06230105832219124,0.8069
11,K,bert.encoder.layer.11.attention.self.key,0.06247151270508766,0.8074
11,K,bert.encoder.layer.11.attention.self.key,0.06263631582260132,0.8079
11,K,bert.encoder.layer.11.attention.self.key,0.06279252469539642,0.808405
11,K,bert.encoder.layer.11.attention.self.key,0.06292878091335297,0.808905
11,K,bert.encoder.layer.11.attention.self.key,0.06311079859733582,0.809405
11,K,bert.encoder.layer.11.attention.self.key,0.06327024102210999,0.809905
11,K,bert.encoder.layer.11.attention.self.key,0.06343115121126175,0.810405
11,K,bert.encoder.layer.11.attention.self.key,0.06361052393913269,0.810905
11,K,bert.encoder.layer.11.attention.self.key,0.06377223134040833,0.811405
11,K,bert.encoder.layer.11.attention.self.key,0.06393799930810928,0.811905
11,K,bert.encoder.layer.11.attention.self.key,0.06413402408361435,0.812405
11,K,bert.encoder.layer.11.attention.self.key,0.06431402266025543,0.812905
11,K,bert.encoder.layer.11.attention.self.key,0.06447503715753555,0.813405
11,K,bert.encoder.layer.11.attention.self.key,0.06463903933763504,0.813905
11,K,bert.encoder.layer.11.attention.self.key,0.06481077522039413,0.814405
11,K,bert.encoder.layer.11.attention.self.key,0.06496234983205795,0.814905
11,K,bert.encoder.layer.11.attention.self.key,0.06511147320270538,0.815405
11,K,bert.encoder.layer.11.attention.self.key,0.06530385464429855,0.815905
11,K,bert.encoder.layer.11.attention.self.key,0.06547638773918152,0.816405
11,K,bert.encoder.layer.11.attention.self.key,0.06564365327358246,0.816905
11,K,bert.encoder.layer.11.attention.self.key,0.06582203507423401,0.817405
11,K,bert.encoder.layer.11.attention.self.key,0.06601014733314514,0.817905
11,K,bert.encoder.layer.11.attention.self.key,0.06620451807975769,0.81841
11,K,bert.encoder.layer.11.attention.self.key,0.06638700515031815,0.81891
11,K,bert.encoder.layer.11.attention.self.key,0.06657633185386658,0.81941
11,K,bert.encoder.layer.11.attention.self.key,0.06672856211662292,0.81991
11,K,bert.encoder.layer.11.attention.self.key,0.06686685979366302,0.82041
11,K,bert.encoder.layer.11.attention.self.key,0.06702855974435806,0.82091
11,K,bert.encoder.layer.11.attention.self.key,0.06718146800994873,0.82141
11,K,bert.encoder.layer.11.attention.self.key,0.06734213978052139,0.82191
11,K,bert.encoder.layer.11.attention.self.key,0.06753791868686676,0.82241
11,K,bert.encoder.layer.11.attention.self.key,0.06769388914108276,0.82291
11,K,bert.encoder.layer.11.attention.self.key,0.06788346916437149,0.82341
11,K,bert.encoder.layer.11.attention.self.key,0.06806077063083649,0.82391
11,K,bert.encoder.layer.11.attention.self.key,0.06823348999023438,0.82441
11,K,bert.encoder.layer.11.attention.self.key,0.06841415166854858,0.82491
11,K,bert.encoder.layer.11.attention.self.key,0.06857068091630936,0.82541
11,K,bert.encoder.layer.11.attention.self.key,0.06877732276916504,0.82591
11,K,bert.encoder.layer.11.attention.self.key,0.06899454444646835,0.82641
11,K,bert.encoder.layer.11.attention.self.key,0.06918828189373016,0.82691
11,K,bert.encoder.layer.11.attention.self.key,0.06939910352230072,0.82741
11,K,bert.encoder.layer.11.attention.self.key,0.06958633661270142,0.82791
11,K,bert.encoder.layer.11.attention.self.key,0.0697869136929512,0.828415
11,K,bert.encoder.layer.11.attention.self.key,0.0699850395321846,0.828915
11,K,bert.encoder.layer.11.attention.self.key,0.07016035914421082,0.829415
11,K,bert.encoder.layer.11.attention.self.key,0.07035307586193085,0.829915
11,K,bert.encoder.layer.11.attention.self.key,0.07054354250431061,0.830415
11,K,bert.encoder.layer.11.attention.self.key,0.07072871178388596,0.830915
11,K,bert.encoder.layer.11.attention.self.key,0.07092346996068954,0.831415
11,K,bert.encoder.layer.11.attention.self.key,0.0711006373167038,0.831915
11,K,bert.encoder.layer.11.attention.self.key,0.07127199321985245,0.832415
11,K,bert.encoder.layer.11.attention.self.key,0.07145969569683075,0.832915
11,K,bert.encoder.layer.11.attention.self.key,0.07166320085525513,0.833415
11,K,bert.encoder.layer.11.attention.self.key,0.07187148928642273,0.833915
11,K,bert.encoder.layer.11.attention.self.key,0.0720556303858757,0.834415
11,K,bert.encoder.layer.11.attention.self.key,0.07223808020353317,0.834915
11,K,bert.encoder.layer.11.attention.self.key,0.07244332134723663,0.835415
11,K,bert.encoder.layer.11.attention.self.key,0.07261361926794052,0.835915
11,K,bert.encoder.layer.11.attention.self.key,0.07281649857759476,0.836415
11,K,bert.encoder.layer.11.attention.self.key,0.073028564453125,0.836915
11,K,bert.encoder.layer.11.attention.self.key,0.07326825708150864,0.837415
11,K,bert.encoder.layer.11.attention.self.key,0.07348182797431946,0.837915
11,K,bert.encoder.layer.11.attention.self.key,0.07369329780340195,0.83842
11,K,bert.encoder.layer.11.attention.self.key,0.07389696687459946,0.83892
11,K,bert.encoder.layer.11.attention.self.key,0.07408153265714645,0.83942
11,K,bert.encoder.layer.11.attention.self.key,0.07425129413604736,0.83992
11,K,bert.encoder.layer.11.attention.self.key,0.07448219507932663,0.84042
11,K,bert.encoder.layer.11.attention.self.key,0.07471884787082672,0.84092
11,K,bert.encoder.layer.11.attention.self.key,0.07496355473995209,0.84142
11,K,bert.encoder.layer.11.attention.self.key,0.07515955716371536,0.84192
11,K,bert.encoder.layer.11.attention.self.key,0.07533075660467148,0.84242
11,K,bert.encoder.layer.11.attention.self.key,0.07554996758699417,0.84292
11,K,bert.encoder.layer.11.attention.self.key,0.07575191557407379,0.84342
11,K,bert.encoder.layer.11.attention.self.key,0.07595144957304001,0.84392
11,K,bert.encoder.layer.11.attention.self.key,0.0761391818523407,0.84442
11,K,bert.encoder.layer.11.attention.self.key,0.07636407762765884,0.84492
11,K,bert.encoder.layer.11.attention.self.key,0.07655663043260574,0.84542
11,K,bert.encoder.layer.11.attention.self.key,0.07677961885929108,0.84592
11,K,bert.encoder.layer.11.attention.self.key,0.07700473815202713,0.84642
11,K,bert.encoder.layer.11.attention.self.key,0.0772063210606575,0.84692
11,K,bert.encoder.layer.11.attention.self.key,0.07744529843330383,0.84742
11,K,bert.encoder.layer.11.attention.self.key,0.07764571160078049,0.84792
11,K,bert.encoder.layer.11.attention.self.key,0.07786747813224792,0.84842
11,K,bert.encoder.layer.11.attention.self.key,0.07809507846832275,0.848925
11,K,bert.encoder.layer.11.attention.self.key,0.07833915203809738,0.849425
11,K,bert.encoder.layer.11.attention.self.key,0.07857523113489151,0.849925
11,K,bert.encoder.layer.11.attention.self.key,0.07876601815223694,0.850425
11,K,bert.encoder.layer.11.attention.self.key,0.07898124307394028,0.850925
11,K,bert.encoder.layer.11.attention.self.key,0.07920903712511063,0.851425
11,K,bert.encoder.layer.11.attention.self.key,0.07943762838840485,0.851925
11,K,bert.encoder.layer.11.attention.self.key,0.07961980998516083,0.852425
11,K,bert.encoder.layer.11.attention.self.key,0.07984104007482529,0.852925
11,K,bert.encoder.layer.11.attention.self.key,0.08007138222455978,0.853425
11,K,bert.encoder.layer.11.attention.self.key,0.08032172918319702,0.853925
11,K,bert.encoder.layer.11.attention.self.key,0.0805480107665062,0.854425
11,K,bert.encoder.layer.11.attention.self.key,0.08076466619968414,0.854925
11,K,bert.encoder.layer.11.attention.self.key,0.08100569993257523,0.855425
11,K,bert.encoder.layer.11.attention.self.key,0.08122086524963379,0.855925
11,K,bert.encoder.layer.11.attention.self.key,0.0814502164721489,0.856425
11,K,bert.encoder.layer.11.attention.self.key,0.08168435841798782,0.856925
11,K,bert.encoder.layer.11.attention.self.key,0.08191034197807312,0.857425
11,K,bert.encoder.layer.11.attention.self.key,0.0821317583322525,0.857925
11,K,bert.encoder.layer.11.attention.self.key,0.08234597742557526,0.858425
11,K,bert.encoder.layer.11.attention.self.key,0.08258160203695297,0.85893
11,K,bert.encoder.layer.11.attention.self.key,0.08281175047159195,0.85943
11,K,bert.encoder.layer.11.attention.self.key,0.08306018263101578,0.85993
11,K,bert.encoder.layer.11.attention.self.key,0.0833299458026886,0.86043
11,K,bert.encoder.layer.11.attention.self.key,0.08355527371168137,0.86093
11,K,bert.encoder.layer.11.attention.self.key,0.08381731063127518,0.86143
11,K,bert.encoder.layer.11.attention.self.key,0.08404777944087982,0.86193
11,K,bert.encoder.layer.11.attention.self.key,0.08427677303552628,0.86243
11,K,bert.encoder.layer.11.attention.self.key,0.08454149216413498,0.86293
11,K,bert.encoder.layer.11.attention.self.key,0.08476730436086655,0.86343
11,K,bert.encoder.layer.11.attention.self.key,0.0850236639380455,0.86393
11,K,bert.encoder.layer.11.attention.self.key,0.08528875559568405,0.86443
11,K,bert.encoder.layer.11.attention.self.key,0.08554128557443619,0.86493
11,K,bert.encoder.layer.11.attention.self.key,0.0858292356133461,0.86543
11,K,bert.encoder.layer.11.attention.self.key,0.08609480410814285,0.86593
11,K,bert.encoder.layer.11.attention.self.key,0.08632691949605942,0.86643
11,K,bert.encoder.layer.11.attention.self.key,0.08658786863088608,0.86693
11,K,bert.encoder.layer.11.attention.self.key,0.08685257285833359,0.86743
11,K,bert.encoder.layer.11.attention.self.key,0.08708485215902328,0.86793
11,K,bert.encoder.layer.11.attention.self.key,0.08737392723560333,0.86843
11,K,bert.encoder.layer.11.attention.self.key,0.0876845046877861,0.868935
11,K,bert.encoder.layer.11.attention.self.key,0.08799721300601959,0.869435
11,K,bert.encoder.layer.11.attention.self.key,0.0882473886013031,0.869935
11,K,bert.encoder.layer.11.attention.self.key,0.088554747402668,0.870435
11,K,bert.encoder.layer.11.attention.self.key,0.0888376384973526,0.870935
11,K,bert.encoder.layer.11.attention.self.key,0.08913552016019821,0.871435
11,K,bert.encoder.layer.11.attention.self.key,0.08940120041370392,0.871935
11,K,bert.encoder.layer.11.attention.self.key,0.08964057266712189,0.872435
11,K,bert.encoder.layer.11.attention.self.key,0.08994461596012115,0.872935
11,K,bert.encoder.layer.11.attention.self.key,0.09023768454790115,0.873435
11,K,bert.encoder.layer.11.attention.self.key,0.09050258994102478,0.873935
11,K,bert.encoder.layer.11.attention.self.key,0.09083574265241623,0.874435
11,K,bert.encoder.layer.11.attention.self.key,0.09111981093883514,0.874935
11,K,bert.encoder.layer.11.attention.self.key,0.09145212173461914,0.875435
11,K,bert.encoder.layer.11.attention.self.key,0.09171152859926224,0.875935
11,K,bert.encoder.layer.11.attention.self.key,0.09196872264146805,0.876435
11,K,bert.encoder.layer.11.attention.self.key,0.09224522113800049,0.876935
11,K,bert.encoder.layer.11.attention.self.key,0.09256762266159058,0.877435
11,K,bert.encoder.layer.11.attention.self.key,0.09286919236183167,0.877935
11,K,bert.encoder.layer.11.attention.self.key,0.09315575659275055,0.878435
11,K,bert.encoder.layer.11.attention.self.key,0.09340006113052368,0.87894
11,K,bert.encoder.layer.11.attention.self.key,0.09369013458490372,0.87944
11,K,bert.encoder.layer.11.attention.self.key,0.09403622150421143,0.87994
11,K,bert.encoder.layer.11.attention.self.key,0.09432608634233475,0.88044
11,K,bert.encoder.layer.11.attention.self.key,0.09464280307292938,0.88094
11,K,bert.encoder.layer.11.attention.self.key,0.09493857622146606,0.88144
11,K,bert.encoder.layer.11.attention.self.key,0.0952071100473404,0.88194
11,K,bert.encoder.layer.11.attention.self.key,0.09547006338834763,0.88244
11,K,bert.encoder.layer.11.attention.self.key,0.09576542675495148,0.88294
11,K,bert.encoder.layer.11.attention.self.key,0.0961025133728981,0.88344
11,K,bert.encoder.layer.11.attention.self.key,0.09640336781740189,0.88394
11,K,bert.encoder.layer.11.attention.self.key,0.09666772186756134,0.88444
11,K,bert.encoder.layer.11.attention.self.key,0.0969933271408081,0.88494
11,K,bert.encoder.layer.11.attention.self.key,0.09732088446617126,0.88544
11,K,bert.encoder.layer.11.attention.self.key,0.09758678823709488,0.88594
11,K,bert.encoder.layer.11.attention.self.key,0.09793376177549362,0.88644
11,K,bert.encoder.layer.11.attention.self.key,0.09829805791378021,0.88694
11,K,bert.encoder.layer.11.attention.self.key,0.09871764481067657,0.88744
11,K,bert.encoder.layer.11.attention.self.key,0.09900853037834167,0.88794
11,K,bert.encoder.layer.11.attention.self.key,0.09935025125741959,0.88844
11,K,bert.encoder.layer.11.attention.self.key,0.0996960774064064,0.888945
11,K,bert.encoder.layer.11.attention.self.key,0.10004855692386627,0.889445
11,K,bert.encoder.layer.11.attention.self.key,0.10035216808319092,0.889945
11,K,bert.encoder.layer.11.attention.self.key,0.10066502541303635,0.890445
11,K,bert.encoder.layer.11.attention.self.key,0.10096278041601181,0.890945
11,K,bert.encoder.layer.11.attention.self.key,0.10127494484186172,0.891445
11,K,bert.encoder.layer.11.attention.self.key,0.10161463916301727,0.891945
11,K,bert.encoder.layer.11.attention.self.key,0.10198266059160233,0.892445
11,K,bert.encoder.layer.11.attention.self.key,0.10231663286685944,0.892945
11,K,bert.encoder.layer.11.attention.self.key,0.10263543576002121,0.893445
11,K,bert.encoder.layer.11.attention.self.key,0.10293380171060562,0.893945
11,K,bert.encoder.layer.11.attention.self.key,0.10325426608324051,0.894445
11,K,bert.encoder.layer.11.attention.self.key,0.10362902283668518,0.894945
11,K,bert.encoder.layer.11.attention.self.key,0.10398375242948532,0.895445
11,K,bert.encoder.layer.11.attention.self.key,0.10436687618494034,0.895945
11,K,bert.encoder.layer.11.attention.self.key,0.10471844673156738,0.896445
11,K,bert.encoder.layer.11.attention.self.key,0.10510408133268356,0.896945
11,K,bert.encoder.layer.11.attention.self.key,0.10544416308403015,0.897445
11,K,bert.encoder.layer.11.attention.self.key,0.10579253733158112,0.897945
11,K,bert.encoder.layer.11.attention.self.key,0.10609500855207443,0.898445
11,K,bert.encoder.layer.11.attention.self.key,0.1065291091799736,0.898945
11,K,bert.encoder.layer.11.attention.self.key,0.10686440020799637,0.89945
11,K,bert.encoder.layer.11.attention.self.key,0.10718750208616257,0.89995
11,K,bert.encoder.layer.11.attention.self.key,0.10751532018184662,0.90045
11,K,bert.encoder.layer.11.attention.self.key,0.10794287174940109,0.90095
11,K,bert.encoder.layer.11.attention.self.key,0.10831281542778015,0.90145
11,K,bert.encoder.layer.11.attention.self.key,0.10873349010944366,0.90195
11,K,bert.encoder.layer.11.attention.self.key,0.10910294950008392,0.90245
11,K,bert.encoder.layer.11.attention.self.key,0.10948818176984787,0.90295
11,K,bert.encoder.layer.11.attention.self.key,0.1099172905087471,0.90345
11,K,bert.encoder.layer.11.attention.self.key,0.11037752777338028,0.90395
11,K,bert.encoder.layer.11.attention.self.key,0.11075585335493088,0.90445
11,K,bert.encoder.layer.11.attention.self.key,0.11116451770067215,0.90495
11,K,bert.encoder.layer.11.attention.self.key,0.11151773482561111,0.90545
11,K,bert.encoder.layer.11.attention.self.key,0.11188247799873352,0.90595
11,K,bert.encoder.layer.11.attention.self.key,0.11232946068048477,0.90645
11,K,bert.encoder.layer.11.attention.self.key,0.1127074733376503,0.90695
11,K,bert.encoder.layer.11.attention.self.key,0.11312934756278992,0.90745
11,K,bert.encoder.layer.11.attention.self.key,0.11355259269475937,0.90795
11,K,bert.encoder.layer.11.attention.self.key,0.11394656449556351,0.90845
11,K,bert.encoder.layer.11.attention.self.key,0.11434179544448853,0.90895
11,K,bert.encoder.layer.11.attention.self.key,0.11480331420898438,0.909455
11,K,bert.encoder.layer.11.attention.self.key,0.11525923758745193,0.909955
11,K,bert.encoder.layer.11.attention.self.key,0.11567442119121552,0.910455
11,K,bert.encoder.layer.11.attention.self.key,0.11607207357883453,0.910955
11,K,bert.encoder.layer.11.attention.self.key,0.11655385047197342,0.911455
11,K,bert.encoder.layer.11.attention.self.key,0.1169983297586441,0.911955
11,K,bert.encoder.layer.11.attention.self.key,0.11746405810117722,0.912455
11,K,bert.encoder.layer.11.attention.self.key,0.11784722656011581,0.912955
11,K,bert.encoder.layer.11.attention.self.key,0.11821072548627853,0.913455
11,K,bert.encoder.layer.11.attention.self.key,0.11855325847864151,0.913955
11,K,bert.encoder.layer.11.attention.self.key,0.11902596801519394,0.914455
11,K,bert.encoder.layer.11.attention.self.key,0.11951034516096115,0.914955
11,K,bert.encoder.layer.11.attention.self.key,0.11996277421712875,0.915455
11,K,bert.encoder.layer.11.attention.self.key,0.12042552977800369,0.915955
11,K,bert.encoder.layer.11.attention.self.key,0.12088338285684586,0.916455
11,K,bert.encoder.layer.11.attention.self.key,0.12140096724033356,0.916955
11,K,bert.encoder.layer.11.attention.self.key,0.1218646764755249,0.917455
11,K,bert.encoder.layer.11.attention.self.key,0.12227660417556763,0.917955
11,K,bert.encoder.layer.11.attention.self.key,0.12272348254919052,0.918455
11,K,bert.encoder.layer.11.attention.self.key,0.1232709214091301,0.918955
11,K,bert.encoder.layer.11.attention.self.key,0.12373525649309158,0.91946
11,K,bert.encoder.layer.11.attention.self.key,0.12420970946550369,0.91996
11,K,bert.encoder.layer.11.attention.self.key,0.12479032576084137,0.92046
11,K,bert.encoder.layer.11.attention.self.key,0.12521997094154358,0.92096
11,K,bert.encoder.layer.11.attention.self.key,0.12570461630821228,0.92146
11,K,bert.encoder.layer.11.attention.self.key,0.12615425884723663,0.92196
11,K,bert.encoder.layer.11.attention.self.key,0.12661239504814148,0.92246
11,K,bert.encoder.layer.11.attention.self.key,0.12718944251537323,0.92296
11,K,bert.encoder.layer.11.attention.self.key,0.12761914730072021,0.92346
11,K,bert.encoder.layer.11.attention.self.key,0.12814222276210785,0.92396
11,K,bert.encoder.layer.11.attention.self.key,0.12873131036758423,0.92446
11,K,bert.encoder.layer.11.attention.self.key,0.1292765736579895,0.92496
11,K,bert.encoder.layer.11.attention.self.key,0.12977184355258942,0.92546
11,K,bert.encoder.layer.11.attention.self.key,0.13040219247341156,0.92596
11,K,bert.encoder.layer.11.attention.self.key,0.13097970187664032,0.92646
11,K,bert.encoder.layer.11.attention.self.key,0.13157086074352264,0.92696
11,K,bert.encoder.layer.11.attention.self.key,0.1321113258600235,0.92746
11,K,bert.encoder.layer.11.attention.self.key,0.13261157274246216,0.92796
11,K,bert.encoder.layer.11.attention.self.key,0.1331876665353775,0.92846
11,K,bert.encoder.layer.11.attention.self.key,0.13364247977733612,0.92896
11,K,bert.encoder.layer.11.attention.self.key,0.134267196059227,0.929465
11,K,bert.encoder.layer.11.attention.self.key,0.13480402529239655,0.929965
11,K,bert.encoder.layer.11.attention.self.key,0.13537009060382843,0.930465
11,K,bert.encoder.layer.11.attention.self.key,0.13597960770130157,0.930965
11,K,bert.encoder.layer.11.attention.self.key,0.13656435906887054,0.931465
11,K,bert.encoder.layer.11.attention.self.key,0.13727612793445587,0.931965
11,K,bert.encoder.layer.11.attention.self.key,0.13783860206604004,0.932465
11,K,bert.encoder.layer.11.attention.self.key,0.13846586644649506,0.932965
11,K,bert.encoder.layer.11.attention.self.key,0.13905243575572968,0.933465
11,K,bert.encoder.layer.11.attention.self.key,0.13967379927635193,0.933965
11,K,bert.encoder.layer.11.attention.self.key,0.140313982963562,0.934465
11,K,bert.encoder.layer.11.attention.self.key,0.1408962607383728,0.934965
11,K,bert.encoder.layer.11.attention.self.key,0.14157792925834656,0.935465
11,K,bert.encoder.layer.11.attention.self.key,0.14217138290405273,0.935965
11,K,bert.encoder.layer.11.attention.self.key,0.14288952946662903,0.936465
11,K,bert.encoder.layer.11.attention.self.key,0.14364676177501678,0.936965
11,K,bert.encoder.layer.11.attention.self.key,0.1443791687488556,0.937465
11,K,bert.encoder.layer.11.attention.self.key,0.14499181509017944,0.937965
11,K,bert.encoder.layer.11.attention.self.key,0.14573423564434052,0.938465
11,K,bert.encoder.layer.11.attention.self.key,0.1463267207145691,0.938965
11,K,bert.encoder.layer.11.attention.self.key,0.14700710773468018,0.93947
11,K,bert.encoder.layer.11.attention.self.key,0.14769865572452545,0.93997
11,K,bert.encoder.layer.11.attention.self.key,0.14833590388298035,0.94047
11,K,bert.encoder.layer.11.attention.self.key,0.14915139973163605,0.94097
11,K,bert.encoder.layer.11.attention.self.key,0.14985840022563934,0.94147
11,K,bert.encoder.layer.11.attention.self.key,0.150680273771286,0.94197
11,K,bert.encoder.layer.11.attention.self.key,0.1513078510761261,0.94247
11,K,bert.encoder.layer.11.attention.self.key,0.15198779106140137,0.94297
11,K,bert.encoder.layer.11.attention.self.key,0.1528584361076355,0.94347
11,K,bert.encoder.layer.11.attention.self.key,0.15362495183944702,0.94397
11,K,bert.encoder.layer.11.attention.self.key,0.15438537299633026,0.94447
11,K,bert.encoder.layer.11.attention.self.key,0.1551857590675354,0.94497
11,K,bert.encoder.layer.11.attention.self.key,0.15596143901348114,0.94547
11,K,bert.encoder.layer.11.attention.self.key,0.15678167343139648,0.94597
11,K,bert.encoder.layer.11.attention.self.key,0.15754367411136627,0.94647
11,K,bert.encoder.layer.11.attention.self.key,0.1584240049123764,0.94697
11,K,bert.encoder.layer.11.attention.self.key,0.15914294123649597,0.94747
11,K,bert.encoder.layer.11.attention.self.key,0.1598842293024063,0.94797
11,K,bert.encoder.layer.11.attention.self.key,0.16066938638687134,0.94847
11,K,bert.encoder.layer.11.attention.self.key,0.16157744824886322,0.94897
11,K,bert.encoder.layer.11.attention.self.key,0.16240081191062927,0.94947
11,K,bert.encoder.layer.11.attention.self.key,0.16329553723335266,0.949975
11,K,bert.encoder.layer.11.attention.self.key,0.1642635315656662,0.950475
11,K,bert.encoder.layer.11.attention.self.key,0.16511735320091248,0.950975
11,K,bert.encoder.layer.11.attention.self.key,0.16596078872680664,0.951475
11,K,bert.encoder.layer.11.attention.self.key,0.16680917143821716,0.951975
11,K,bert.encoder.layer.11.attention.self.key,0.16777536273002625,0.952475
11,K,bert.encoder.layer.11.attention.self.key,0.1686161458492279,0.952975
11,K,bert.encoder.layer.11.attention.self.key,0.1695128083229065,0.953475
11,K,bert.encoder.layer.11.attention.self.key,0.17036773264408112,0.953975
11,K,bert.encoder.layer.11.attention.self.key,0.17127524316310883,0.954475
11,K,bert.encoder.layer.11.attention.self.key,0.17212212085723877,0.954975
11,K,bert.encoder.layer.11.attention.self.key,0.17309752106666565,0.955475
11,K,bert.encoder.layer.11.attention.self.key,0.17395693063735962,0.955975
11,K,bert.encoder.layer.11.attention.self.key,0.1749255210161209,0.956475
11,K,bert.encoder.layer.11.attention.self.key,0.1758681684732437,0.956975
11,K,bert.encoder.layer.11.attention.self.key,0.17677442729473114,0.957475
11,K,bert.encoder.layer.11.attention.self.key,0.1777934730052948,0.957975
11,K,bert.encoder.layer.11.attention.self.key,0.17914769053459167,0.958475
11,K,bert.encoder.layer.11.attention.self.key,0.18020717799663544,0.958975
11,K,bert.encoder.layer.11.attention.self.key,0.1811801791191101,0.959475
11,K,bert.encoder.layer.11.attention.self.key,0.1821174919605255,0.95998
11,K,bert.encoder.layer.11.attention.self.key,0.18309329450130463,0.96048
11,K,bert.encoder.layer.11.attention.self.key,0.1842452883720398,0.96098
11,K,bert.encoder.layer.11.attention.self.key,0.18530991673469543,0.96148
11,K,bert.encoder.layer.11.attention.self.key,0.18636880815029144,0.96198
11,K,bert.encoder.layer.11.attention.self.key,0.1874709278345108,0.96248
11,K,bert.encoder.layer.11.attention.self.key,0.18853797018527985,0.96298
11,K,bert.encoder.layer.11.attention.self.key,0.18981555104255676,0.96348
11,K,bert.encoder.layer.11.attention.self.key,0.19121259450912476,0.96398
11,K,bert.encoder.layer.11.attention.self.key,0.19247011840343475,0.96448
11,K,bert.encoder.layer.11.attention.self.key,0.19390051066875458,0.96498
11,K,bert.encoder.layer.11.attention.self.key,0.19506342709064484,0.96548
11,K,bert.encoder.layer.11.attention.self.key,0.1963227242231369,0.96598
11,K,bert.encoder.layer.11.attention.self.key,0.19765612483024597,0.96648
11,K,bert.encoder.layer.11.attention.self.key,0.1991083323955536,0.96698
11,K,bert.encoder.layer.11.attention.self.key,0.20063945651054382,0.96748
11,K,bert.encoder.layer.11.attention.self.key,0.20220275223255157,0.96798
11,K,bert.encoder.layer.11.attention.self.key,0.2036566287279129,0.96848
11,K,bert.encoder.layer.11.attention.self.key,0.20534539222717285,0.96898
11,K,bert.encoder.layer.11.attention.self.key,0.2070283442735672,0.96948
11,K,bert.encoder.layer.11.attention.self.key,0.20877283811569214,0.969985
11,K,bert.encoder.layer.11.attention.self.key,0.21029074490070343,0.970485
11,K,bert.encoder.layer.11.attention.self.key,0.2118525505065918,0.970985
11,K,bert.encoder.layer.11.attention.self.key,0.21350209414958954,0.971485
11,K,bert.encoder.layer.11.attention.self.key,0.21518120169639587,0.971985
11,K,bert.encoder.layer.11.attention.self.key,0.21700401604175568,0.972485
11,K,bert.encoder.layer.11.attention.self.key,0.21914899349212646,0.972985
11,K,bert.encoder.layer.11.attention.self.key,0.2210233360528946,0.973485
11,K,bert.encoder.layer.11.attention.self.key,0.22305160760879517,0.973985
11,K,bert.encoder.layer.11.attention.self.key,0.22491712868213654,0.974485
11,K,bert.encoder.layer.11.attention.self.key,0.22705078125,0.974985
11,K,bert.encoder.layer.11.attention.self.key,0.22905589640140533,0.975485
11,K,bert.encoder.layer.11.attention.self.key,0.23085945844650269,0.975985
11,K,bert.encoder.layer.11.attention.self.key,0.23281636834144592,0.976485
11,K,bert.encoder.layer.11.attention.self.key,0.23483620584011078,0.976985
11,K,bert.encoder.layer.11.attention.self.key,0.23682795464992523,0.977485
11,K,bert.encoder.layer.11.attention.self.key,0.23879139125347137,0.977985
11,K,bert.encoder.layer.11.attention.self.key,0.2408064305782318,0.978485
11,K,bert.encoder.layer.11.attention.self.key,0.2430388182401657,0.978985
11,K,bert.encoder.layer.11.attention.self.key,0.24588508903980255,0.979485
11,K,bert.encoder.layer.11.attention.self.key,0.24864168465137482,0.97999
11,K,bert.encoder.layer.11.attention.self.key,0.25178858637809753,0.98049
11,K,bert.encoder.layer.11.attention.self.key,0.2548762857913971,0.98099
11,K,bert.encoder.layer.11.attention.self.key,0.2575186491012573,0.98149
11,K,bert.encoder.layer.11.attention.self.key,0.2609311640262604,0.98199
11,K,bert.encoder.layer.11.attention.self.key,0.26465851068496704,0.98249
11,K,bert.encoder.layer.11.attention.self.key,0.2686508595943451,0.98299
11,K,bert.encoder.layer.11.attention.self.key,0.27248522639274597,0.98349
11,K,bert.encoder.layer.11.attention.self.key,0.27678221464157104,0.98399
11,K,bert.encoder.layer.11.attention.self.key,0.28045496344566345,0.98449
11,K,bert.encoder.layer.11.attention.self.key,0.28408464789390564,0.98499
11,K,bert.encoder.layer.11.attention.self.key,0.2881232500076294,0.98549
11,K,bert.encoder.layer.11.attention.self.key,0.29277047514915466,0.98599
11,K,bert.encoder.layer.11.attention.self.key,0.29709047079086304,0.98649
11,K,bert.encoder.layer.11.attention.self.key,0.3018411099910736,0.98699
11,K,bert.encoder.layer.11.attention.self.key,0.30687999725341797,0.98749
11,K,bert.encoder.layer.11.attention.self.key,0.31188660860061646,0.98799
11,K,bert.encoder.layer.11.attention.self.key,0.31745797395706177,0.98849
11,K,bert.encoder.layer.11.attention.self.key,0.323701411485672,0.98899
11,K,bert.encoder.layer.11.attention.self.key,0.331495463848114,0.98949
11,K,bert.encoder.layer.11.attention.self.key,0.33754757046699524,0.989995
11,K,bert.encoder.layer.11.attention.self.key,0.34551507234573364,0.990495
11,K,bert.encoder.layer.11.attention.self.key,0.3547808825969696,0.990995
11,K,bert.encoder.layer.11.attention.self.key,0.36453235149383545,0.991495
11,K,bert.encoder.layer.11.attention.self.key,0.37661150097846985,0.991995
11,K,bert.encoder.layer.11.attention.self.key,0.3891982436180115,0.992495
11,K,bert.encoder.layer.11.attention.self.key,0.40080079436302185,0.992995
11,K,bert.encoder.layer.11.attention.self.key,0.4143434464931488,0.993495
11,K,bert.encoder.layer.11.attention.self.key,0.4313287138938904,0.993995
11,K,bert.encoder.layer.11.attention.self.key,0.4503534734249115,0.994495
11,K,bert.encoder.layer.11.attention.self.key,0.47332099080085754,0.994995
11,K,bert.encoder.layer.11.attention.self.key,0.5016128420829773,0.995495
11,K,bert.encoder.layer.11.attention.self.key,0.5341345071792603,0.995995
11,K,bert.encoder.layer.11.attention.self.key,0.5835764408111572,0.996495
11,K,bert.encoder.layer.11.attention.self.key,0.6385477185249329,0.996995
11,K,bert.encoder.layer.11.attention.self.key,0.7142195105552673,0.997495
11,K,bert.encoder.layer.11.attention.self.key,0.7979463934898376,0.997995
11,K,bert.encoder.layer.11.attention.self.key,0.9208512306213379,0.998495
11,K,bert.encoder.layer.11.attention.self.key,1.0,0.998995
11,K,bert.encoder.layer.11.attention.self.key,1.0,0.999495
11,K,bert.encoder.layer.11.attention.self.key,1.0,1.0
2,K,bert.encoder.layer.2.attention.self.key,1.0746427747676535e-08,5e-06
2,K,bert.encoder.layer.2.attention.self.key,1.4786139672651188e-06,0.000505
2,K,bert.encoder.layer.2.attention.self.key,3.093075520155253e-06,0.001005
2,K,bert.encoder.layer.2.attention.self.key,4.626143436325947e-06,0.001505
2,K,bert.encoder.layer.2.attention.self.key,6.247414148674579e-06,0.002005
2,K,bert.encoder.layer.2.attention.self.key,7.758226274745539e-06,0.002505
2,K,bert.encoder.layer.2.attention.self.key,9.4065462690196e-06,0.003005
2,K,bert.encoder.layer.2.attention.self.key,1.1014730262104422e-05,0.003505
2,K,bert.encoder.layer.2.attention.self.key,1.27850480566849e-05,0.004005
2,K,bert.encoder.layer.2.attention.self.key,1.4548429135174956e-05,0.004505
2,K,bert.encoder.layer.2.attention.self.key,1.6469079128000885e-05,0.005005
2,K,bert.encoder.layer.2.attention.self.key,1.8156615624320693e-05,0.005505
2,K,bert.encoder.layer.2.attention.self.key,2.0478677470237017e-05,0.006005
2,K,bert.encoder.layer.2.attention.self.key,2.2817943317932077e-05,0.006505
2,K,bert.encoder.layer.2.attention.self.key,2.5236109649995342e-05,0.007005
2,K,bert.encoder.layer.2.attention.self.key,2.7410496841184795e-05,0.007505
2,K,bert.encoder.layer.2.attention.self.key,2.945029154943768e-05,0.008005
2,K,bert.encoder.layer.2.attention.self.key,3.1569717975798994e-05,0.008505
2,K,bert.encoder.layer.2.attention.self.key,3.4105018130503595e-05,0.009005
2,K,bert.encoder.layer.2.attention.self.key,3.6428853491088375e-05,0.009505
2,K,bert.encoder.layer.2.attention.self.key,3.871841909131035e-05,0.010005
2,K,bert.encoder.layer.2.attention.self.key,4.179538518656045e-05,0.01051
2,K,bert.encoder.layer.2.attention.self.key,4.4531225285027176e-05,0.01101
2,K,bert.encoder.layer.2.attention.self.key,4.6753204514971e-05,0.01151
2,K,bert.encoder.layer.2.attention.self.key,4.922584776068106e-05,0.01201
2,K,bert.encoder.layer.2.attention.self.key,5.196757774683647e-05,0.01251
2,K,bert.encoder.layer.2.attention.self.key,5.4252264817478135e-05,0.01301
2,K,bert.encoder.layer.2.attention.self.key,5.686036456609145e-05,0.01351
2,K,bert.encoder.layer.2.attention.self.key,5.967956894892268e-05,0.01401
2,K,bert.encoder.layer.2.attention.self.key,6.227443373063579e-05,0.01451
2,K,bert.encoder.layer.2.attention.self.key,6.519968883367255e-05,0.01501
2,K,bert.encoder.layer.2.attention.self.key,6.742523692082614e-05,0.01551
2,K,bert.encoder.layer.2.attention.self.key,7.002286292845383e-05,0.01601
2,K,bert.encoder.layer.2.attention.self.key,7.347063365159556e-05,0.01651
2,K,bert.encoder.layer.2.attention.self.key,7.690853817621246e-05,0.01701
2,K,bert.encoder.layer.2.attention.self.key,8.033039921429008e-05,0.01751
2,K,bert.encoder.layer.2.attention.self.key,8.386425179196522e-05,0.01801
2,K,bert.encoder.layer.2.attention.self.key,8.662262553116307e-05,0.01851
2,K,bert.encoder.layer.2.attention.self.key,9.034348477143794e-05,0.01901
2,K,bert.encoder.layer.2.attention.self.key,9.33433257159777e-05,0.01951
2,K,bert.encoder.layer.2.attention.self.key,9.606304229237139e-05,0.02001
2,K,bert.encoder.layer.2.attention.self.key,9.953200060408562e-05,0.020515
2,K,bert.encoder.layer.2.attention.self.key,0.00010307799675501883,0.021015
2,K,bert.encoder.layer.2.attention.self.key,0.0001068274796125479,0.021515
2,K,bert.encoder.layer.2.attention.self.key,0.00011022096441593021,0.022015
2,K,bert.encoder.layer.2.attention.self.key,0.0001145460264524445,0.022515
2,K,bert.encoder.layer.2.attention.self.key,0.00011810834985226393,0.023015
2,K,bert.encoder.layer.2.attention.self.key,0.00012205098028061911,0.023515
2,K,bert.encoder.layer.2.attention.self.key,0.0001256313844351098,0.024015
2,K,bert.encoder.layer.2.attention.self.key,0.00012919191794935614,0.024515
2,K,bert.encoder.layer.2.attention.self.key,0.00013396964641287923,0.025015
2,K,bert.encoder.layer.2.attention.self.key,0.00013721785217057914,0.025515
2,K,bert.encoder.layer.2.attention.self.key,0.00014085484144743532,0.026015
2,K,bert.encoder.layer.2.attention.self.key,0.00014512118650600314,0.026515
2,K,bert.encoder.layer.2.attention.self.key,0.00014936710067559034,0.027015
2,K,bert.encoder.layer.2.attention.self.key,0.0001546775019960478,0.027515
2,K,bert.encoder.layer.2.attention.self.key,0.00015896132390480489,0.028015
2,K,bert.encoder.layer.2.attention.self.key,0.00016403896734118462,0.028515
2,K,bert.encoder.layer.2.attention.self.key,0.00016827926447149366,0.029015
2,K,bert.encoder.layer.2.attention.self.key,0.00017298890452366322,0.029515
2,K,bert.encoder.layer.2.attention.self.key,0.00017826701514422894,0.030015
2,K,bert.encoder.layer.2.attention.self.key,0.00018342636758461595,0.03052
2,K,bert.encoder.layer.2.attention.self.key,0.00018823565915226936,0.03102
2,K,bert.encoder.layer.2.attention.self.key,0.00019367554341442883,0.03152
2,K,bert.encoder.layer.2.attention.self.key,0.00019829363736789674,0.03202
2,K,bert.encoder.layer.2.attention.self.key,0.00020300161850173026,0.03252
2,K,bert.encoder.layer.2.attention.self.key,0.00020714687707368284,0.03302
2,K,bert.encoder.layer.2.attention.self.key,0.00021075658150948584,0.03352
2,K,bert.encoder.layer.2.attention.self.key,0.0002155525580747053,0.03402
2,K,bert.encoder.layer.2.attention.self.key,0.00022026988153811544,0.03452
2,K,bert.encoder.layer.2.attention.self.key,0.00022630284365732223,0.03502
2,K,bert.encoder.layer.2.attention.self.key,0.00023186826729215682,0.03552
2,K,bert.encoder.layer.2.attention.self.key,0.00023696309654042125,0.03602
2,K,bert.encoder.layer.2.attention.self.key,0.0002433437475701794,0.03652
2,K,bert.encoder.layer.2.attention.self.key,0.00024841961567290127,0.03702
2,K,bert.encoder.layer.2.attention.self.key,0.0002547101175878197,0.03752
2,K,bert.encoder.layer.2.attention.self.key,0.0002606920897960663,0.03802
2,K,bert.encoder.layer.2.attention.self.key,0.00026658421847969294,0.03852
2,K,bert.encoder.layer.2.attention.self.key,0.0002733113942667842,0.03902
2,K,bert.encoder.layer.2.attention.self.key,0.0002794917381834239,0.03952
2,K,bert.encoder.layer.2.attention.self.key,0.0002847806317731738,0.04002
2,K,bert.encoder.layer.2.attention.self.key,0.00029188315966166556,0.040525
2,K,bert.encoder.layer.2.attention.self.key,0.00029768404783681035,0.041025
2,K,bert.encoder.layer.2.attention.self.key,0.0003035656118299812,0.041525
2,K,bert.encoder.layer.2.attention.self.key,0.00031002145260572433,0.042025
2,K,bert.encoder.layer.2.attention.self.key,0.00031622793176211417,0.042525
2,K,bert.encoder.layer.2.attention.self.key,0.0003223843523301184,0.043025
2,K,bert.encoder.layer.2.attention.self.key,0.0003283622208982706,0.043525
2,K,bert.encoder.layer.2.attention.self.key,0.0003343889839015901,0.044025
2,K,bert.encoder.layer.2.attention.self.key,0.00034145015524700284,0.044525
2,K,bert.encoder.layer.2.attention.self.key,0.00034906590008176863,0.045025
2,K,bert.encoder.layer.2.attention.self.key,0.0003553020942490548,0.045525
2,K,bert.encoder.layer.2.attention.self.key,0.0003616745234467089,0.046025
2,K,bert.encoder.layer.2.attention.self.key,0.0003691650344990194,0.046525
2,K,bert.encoder.layer.2.attention.self.key,0.0003771512128878385,0.047025
2,K,bert.encoder.layer.2.attention.self.key,0.00038343490450643003,0.047525
2,K,bert.encoder.layer.2.attention.self.key,0.00039008905878290534,0.048025
2,K,bert.encoder.layer.2.attention.self.key,0.0003962224000133574,0.048525
2,K,bert.encoder.layer.2.attention.self.key,0.0004029276024084538,0.049025
2,K,bert.encoder.layer.2.attention.self.key,0.00040986246312968433,0.049525
2,K,bert.encoder.layer.2.attention.self.key,0.00041971122846007347,0.050025
2,K,bert.encoder.layer.2.attention.self.key,0.00042761449003592134,0.05053
2,K,bert.encoder.layer.2.attention.self.key,0.0004358164151199162,0.05103
2,K,bert.encoder.layer.2.attention.self.key,0.0004438582400325686,0.05153
2,K,bert.encoder.layer.2.attention.self.key,0.000452256528660655,0.05203
2,K,bert.encoder.layer.2.attention.self.key,0.0004602432600222528,0.05253
2,K,bert.encoder.layer.2.attention.self.key,0.00046876902342773974,0.05303
2,K,bert.encoder.layer.2.attention.self.key,0.0004763523756992072,0.05353
2,K,bert.encoder.layer.2.attention.self.key,0.00048577861161902547,0.05403
2,K,bert.encoder.layer.2.attention.self.key,0.0004961005761288106,0.05453
2,K,bert.encoder.layer.2.attention.self.key,0.0005039158859290183,0.05503
2,K,bert.encoder.layer.2.attention.self.key,0.0005107622127979994,0.05553
2,K,bert.encoder.layer.2.attention.self.key,0.0005183556932024658,0.05603
2,K,bert.encoder.layer.2.attention.self.key,0.000524870294611901,0.05653
2,K,bert.encoder.layer.2.attention.self.key,0.0005340076750144362,0.05703
2,K,bert.encoder.layer.2.attention.self.key,0.0005421744426712394,0.05753
2,K,bert.encoder.layer.2.attention.self.key,0.0005503444699570537,0.05803
2,K,bert.encoder.layer.2.attention.self.key,0.0005588182248175144,0.05853
2,K,bert.encoder.layer.2.attention.self.key,0.0005697627202607691,0.05903
2,K,bert.encoder.layer.2.attention.self.key,0.0005807884153909981,0.05953
2,K,bert.encoder.layer.2.attention.self.key,0.0005894338246434927,0.06003
2,K,bert.encoder.layer.2.attention.self.key,0.0005994444363750517,0.06053
2,K,bert.encoder.layer.2.attention.self.key,0.00060938426759094,0.061035
2,K,bert.encoder.layer.2.attention.self.key,0.0006181109347380698,0.061535
2,K,bert.encoder.layer.2.attention.self.key,0.0006287257419899106,0.062035
2,K,bert.encoder.layer.2.attention.self.key,0.0006381797138601542,0.062535
2,K,bert.encoder.layer.2.attention.self.key,0.0006485189660452306,0.063035
2,K,bert.encoder.layer.2.attention.self.key,0.0006591551355086267,0.063535
2,K,bert.encoder.layer.2.attention.self.key,0.000669228786136955,0.064035
2,K,bert.encoder.layer.2.attention.self.key,0.0006811317871324718,0.064535
2,K,bert.encoder.layer.2.attention.self.key,0.0006916386191733181,0.065035
2,K,bert.encoder.layer.2.attention.self.key,0.0007027597748674452,0.065535
2,K,bert.encoder.layer.2.attention.self.key,0.000711863802280277,0.066035
2,K,bert.encoder.layer.2.attention.self.key,0.0007216714438982308,0.066535
2,K,bert.encoder.layer.2.attention.self.key,0.0007327829371206462,0.067035
2,K,bert.encoder.layer.2.attention.self.key,0.0007445801165886223,0.067535
2,K,bert.encoder.layer.2.attention.self.key,0.0007570698508061469,0.068035
2,K,bert.encoder.layer.2.attention.self.key,0.0007669806363992393,0.068535
2,K,bert.encoder.layer.2.attention.self.key,0.0007779233856126666,0.069035
2,K,bert.encoder.layer.2.attention.self.key,0.0007892688736319542,0.069535
2,K,bert.encoder.layer.2.attention.self.key,0.0008001324022188783,0.070035
2,K,bert.encoder.layer.2.attention.self.key,0.000812012527603656,0.070535
2,K,bert.encoder.layer.2.attention.self.key,0.00082294677849859,0.07104
2,K,bert.encoder.layer.2.attention.self.key,0.0008355748723261058,0.07154
2,K,bert.encoder.layer.2.attention.self.key,0.0008473146590404212,0.07204
2,K,bert.encoder.layer.2.attention.self.key,0.0008596166153438389,0.07254
2,K,bert.encoder.layer.2.attention.self.key,0.0008701327606104314,0.07304
2,K,bert.encoder.layer.2.attention.self.key,0.0008832569583319128,0.07354
2,K,bert.encoder.layer.2.attention.self.key,0.0008953999495133758,0.07404
2,K,bert.encoder.layer.2.attention.self.key,0.0009077662834897637,0.07454
2,K,bert.encoder.layer.2.attention.self.key,0.0009198476909659803,0.07504
2,K,bert.encoder.layer.2.attention.self.key,0.0009320007520727813,0.07554
2,K,bert.encoder.layer.2.attention.self.key,0.0009459659922868013,0.07604
2,K,bert.encoder.layer.2.attention.self.key,0.0009597237803973258,0.07654
2,K,bert.encoder.layer.2.attention.self.key,0.0009723225957714021,0.07704
2,K,bert.encoder.layer.2.attention.self.key,0.0009862225269898772,0.07754
2,K,bert.encoder.layer.2.attention.self.key,0.0009994138963520527,0.07804
2,K,bert.encoder.layer.2.attention.self.key,0.0010130751179531217,0.07854
2,K,bert.encoder.layer.2.attention.self.key,0.0010262781288474798,0.07904
2,K,bert.encoder.layer.2.attention.self.key,0.0010422030463814735,0.07954
2,K,bert.encoder.layer.2.attention.self.key,0.00105731759686023,0.08004
2,K,bert.encoder.layer.2.attention.self.key,0.0010739262215793133,0.08054
2,K,bert.encoder.layer.2.attention.self.key,0.0010895993327721953,0.081045
2,K,bert.encoder.layer.2.attention.self.key,0.0011045815190300345,0.081545
2,K,bert.encoder.layer.2.attention.self.key,0.0011188698699697852,0.082045
2,K,bert.encoder.layer.2.attention.self.key,0.0011333924485370517,0.082545
2,K,bert.encoder.layer.2.attention.self.key,0.0011485297000035644,0.083045
2,K,bert.encoder.layer.2.attention.self.key,0.0011633529793471098,0.083545
2,K,bert.encoder.layer.2.attention.self.key,0.001178514794446528,0.084045
2,K,bert.encoder.layer.2.attention.self.key,0.0011925497092306614,0.084545
2,K,bert.encoder.layer.2.attention.self.key,0.001206986024044454,0.085045
2,K,bert.encoder.layer.2.attention.self.key,0.0012222956866025925,0.085545
2,K,bert.encoder.layer.2.attention.self.key,0.0012384011643007398,0.086045
2,K,bert.encoder.layer.2.attention.self.key,0.0012521088356152177,0.086545
2,K,bert.encoder.layer.2.attention.self.key,0.0012677415506914258,0.087045
2,K,bert.encoder.layer.2.attention.self.key,0.0012823751894757152,0.087545
2,K,bert.encoder.layer.2.attention.self.key,0.0012980207102373242,0.088045
2,K,bert.encoder.layer.2.attention.self.key,0.001315866014920175,0.088545
2,K,bert.encoder.layer.2.attention.self.key,0.0013296072138473392,0.089045
2,K,bert.encoder.layer.2.attention.self.key,0.0013459875481203198,0.089545
2,K,bert.encoder.layer.2.attention.self.key,0.0013626869767904282,0.090045
2,K,bert.encoder.layer.2.attention.self.key,0.0013792141107842326,0.090545
2,K,bert.encoder.layer.2.attention.self.key,0.001394332735799253,0.09105
2,K,bert.encoder.layer.2.attention.self.key,0.001413538120687008,0.09155
2,K,bert.encoder.layer.2.attention.self.key,0.0014286094810813665,0.09205
2,K,bert.encoder.layer.2.attention.self.key,0.0014466826105490327,0.09255
2,K,bert.encoder.layer.2.attention.self.key,0.0014630220830440521,0.09305
2,K,bert.encoder.layer.2.attention.self.key,0.0014775284798815846,0.09355
2,K,bert.encoder.layer.2.attention.self.key,0.0014955563237890601,0.09405
2,K,bert.encoder.layer.2.attention.self.key,0.0015126230427995324,0.09455
2,K,bert.encoder.layer.2.attention.self.key,0.0015329931629821658,0.09505
2,K,bert.encoder.layer.2.attention.self.key,0.0015504168113693595,0.09555
2,K,bert.encoder.layer.2.attention.self.key,0.0015670781722292304,0.09605
2,K,bert.encoder.layer.2.attention.self.key,0.0015861040446907282,0.09655
2,K,bert.encoder.layer.2.attention.self.key,0.001602908712811768,0.09705
2,K,bert.encoder.layer.2.attention.self.key,0.001621056697331369,0.09755
2,K,bert.encoder.layer.2.attention.self.key,0.0016368251526728272,0.09805
2,K,bert.encoder.layer.2.attention.self.key,0.0016571818850934505,0.09855
2,K,bert.encoder.layer.2.attention.self.key,0.0016756912227720022,0.09905
2,K,bert.encoder.layer.2.attention.self.key,0.0016970286378636956,0.09955
2,K,bert.encoder.layer.2.attention.self.key,0.0017160584684461355,0.10005
2,K,bert.encoder.layer.2.attention.self.key,0.001735558034852147,0.10055
2,K,bert.encoder.layer.2.attention.self.key,0.0017520751571282744,0.101055
2,K,bert.encoder.layer.2.attention.self.key,0.0017743046628311276,0.101555
2,K,bert.encoder.layer.2.attention.self.key,0.0017892003525048494,0.102055
2,K,bert.encoder.layer.2.attention.self.key,0.0018072520615532994,0.102555
2,K,bert.encoder.layer.2.attention.self.key,0.0018269612919539213,0.103055
2,K,bert.encoder.layer.2.attention.self.key,0.0018500086152926087,0.103555
2,K,bert.encoder.layer.2.attention.self.key,0.0018706414848566055,0.104055
2,K,bert.encoder.layer.2.attention.self.key,0.001892849337309599,0.104555
2,K,bert.encoder.layer.2.attention.self.key,0.0019142919918522239,0.105055
2,K,bert.encoder.layer.2.attention.self.key,0.0019348743371665478,0.105555
2,K,bert.encoder.layer.2.attention.self.key,0.0019577527418732643,0.106055
2,K,bert.encoder.layer.2.attention.self.key,0.00198145629838109,0.106555
2,K,bert.encoder.layer.2.attention.self.key,0.0020034941844642162,0.107055
2,K,bert.encoder.layer.2.attention.self.key,0.0020236338023096323,0.107555
2,K,bert.encoder.layer.2.attention.self.key,0.0020430022850632668,0.108055
2,K,bert.encoder.layer.2.attention.self.key,0.0020655894186347723,0.108555
2,K,bert.encoder.layer.2.attention.self.key,0.0020857390481978655,0.109055
2,K,bert.encoder.layer.2.attention.self.key,0.0021051601506769657,0.109555
2,K,bert.encoder.layer.2.attention.self.key,0.0021284017711877823,0.110055
2,K,bert.encoder.layer.2.attention.self.key,0.002149301115423441,0.110555
2,K,bert.encoder.layer.2.attention.self.key,0.0021712363231927156,0.111055
2,K,bert.encoder.layer.2.attention.self.key,0.002190440194681287,0.11156
2,K,bert.encoder.layer.2.attention.self.key,0.002210525795817375,0.11206
2,K,bert.encoder.layer.2.attention.self.key,0.0022319480776786804,0.11256
2,K,bert.encoder.layer.2.attention.self.key,0.0022541347425431013,0.11306
2,K,bert.encoder.layer.2.attention.self.key,0.0022743772715330124,0.11356
2,K,bert.encoder.layer.2.attention.self.key,0.0023001274093985558,0.11406
2,K,bert.encoder.layer.2.attention.self.key,0.002321213949471712,0.11456
2,K,bert.encoder.layer.2.attention.self.key,0.002344195730984211,0.11506
2,K,bert.encoder.layer.2.attention.self.key,0.0023673255927860737,0.11556
2,K,bert.encoder.layer.2.attention.self.key,0.0023877485655248165,0.11606
2,K,bert.encoder.layer.2.attention.self.key,0.002412575762718916,0.11656
2,K,bert.encoder.layer.2.attention.self.key,0.002434756373986602,0.11706
2,K,bert.encoder.layer.2.attention.self.key,0.002459870418533683,0.11756
2,K,bert.encoder.layer.2.attention.self.key,0.0024824398569762707,0.11806
2,K,bert.encoder.layer.2.attention.self.key,0.002508495468646288,0.11856
2,K,bert.encoder.layer.2.attention.self.key,0.002534362720325589,0.11906
2,K,bert.encoder.layer.2.attention.self.key,0.00255877198651433,0.11956
2,K,bert.encoder.layer.2.attention.self.key,0.002584099071100354,0.12006
2,K,bert.encoder.layer.2.attention.self.key,0.0026088764425367117,0.12056
2,K,bert.encoder.layer.2.attention.self.key,0.0026383986696600914,0.12106
2,K,bert.encoder.layer.2.attention.self.key,0.002657774370163679,0.121565
2,K,bert.encoder.layer.2.attention.self.key,0.0026863249950110912,0.122065
2,K,bert.encoder.layer.2.attention.self.key,0.002710685832425952,0.122565
2,K,bert.encoder.layer.2.attention.self.key,0.0027359211817383766,0.123065
2,K,bert.encoder.layer.2.attention.self.key,0.002763790776953101,0.123565
2,K,bert.encoder.layer.2.attention.self.key,0.0027899318374693394,0.124065
2,K,bert.encoder.layer.2.attention.self.key,0.0028124134987592697,0.124565
2,K,bert.encoder.layer.2.attention.self.key,0.0028403839096426964,0.125065
2,K,bert.encoder.layer.2.attention.self.key,0.0028657028451561928,0.125565
2,K,bert.encoder.layer.2.attention.self.key,0.0028893419075757265,0.126065
2,K,bert.encoder.layer.2.attention.self.key,0.002913524629548192,0.126565
2,K,bert.encoder.layer.2.attention.self.key,0.0029404449742287397,0.127065
2,K,bert.encoder.layer.2.attention.self.key,0.0029637066181749105,0.127565
2,K,bert.encoder.layer.2.attention.self.key,0.002989618107676506,0.128065
2,K,bert.encoder.layer.2.attention.self.key,0.003020504955202341,0.128565
2,K,bert.encoder.layer.2.attention.self.key,0.003045005025342107,0.129065
2,K,bert.encoder.layer.2.attention.self.key,0.0030706345569342375,0.129565
2,K,bert.encoder.layer.2.attention.self.key,0.003101719543337822,0.130065
2,K,bert.encoder.layer.2.attention.self.key,0.0031287746969610453,0.130565
2,K,bert.encoder.layer.2.attention.self.key,0.003157700877636671,0.131065
2,K,bert.encoder.layer.2.attention.self.key,0.0031872789841145277,0.13157
2,K,bert.encoder.layer.2.attention.self.key,0.0032170009799301624,0.13207
2,K,bert.encoder.layer.2.attention.self.key,0.0032460864167660475,0.13257
2,K,bert.encoder.layer.2.attention.self.key,0.0032708703074604273,0.13307
2,K,bert.encoder.layer.2.attention.self.key,0.00329380645416677,0.13357
2,K,bert.encoder.layer.2.attention.self.key,0.003324926132336259,0.13407
2,K,bert.encoder.layer.2.attention.self.key,0.003351948456838727,0.13457
2,K,bert.encoder.layer.2.attention.self.key,0.003380026901140809,0.13507
2,K,bert.encoder.layer.2.attention.self.key,0.0034084308426827192,0.13557
2,K,bert.encoder.layer.2.attention.self.key,0.0034338943660259247,0.13607
2,K,bert.encoder.layer.2.attention.self.key,0.003467028960585594,0.13657
2,K,bert.encoder.layer.2.attention.self.key,0.003497758647426963,0.13707
2,K,bert.encoder.layer.2.attention.self.key,0.0035236463882029057,0.13757
2,K,bert.encoder.layer.2.attention.self.key,0.003554671537131071,0.13807
2,K,bert.encoder.layer.2.attention.self.key,0.003581030759960413,0.13857
2,K,bert.encoder.layer.2.attention.self.key,0.0036106007173657417,0.13907
2,K,bert.encoder.layer.2.attention.self.key,0.0036427006125450134,0.13957
2,K,bert.encoder.layer.2.attention.self.key,0.0036706780083477497,0.14007
2,K,bert.encoder.layer.2.attention.self.key,0.0037032091058790684,0.14057
2,K,bert.encoder.layer.2.attention.self.key,0.0037357956171035767,0.14107
2,K,bert.encoder.layer.2.attention.self.key,0.0037639273796230555,0.141575
2,K,bert.encoder.layer.2.attention.self.key,0.003790533170104027,0.142075
2,K,bert.encoder.layer.2.attention.self.key,0.0038223869632929564,0.142575
2,K,bert.encoder.layer.2.attention.self.key,0.0038518316578119993,0.143075
2,K,bert.encoder.layer.2.attention.self.key,0.0038854805752635,0.143575
2,K,bert.encoder.layer.2.attention.self.key,0.003914558794349432,0.144075
2,K,bert.encoder.layer.2.attention.self.key,0.003947182092815638,0.144575
2,K,bert.encoder.layer.2.attention.self.key,0.003973694518208504,0.145075
2,K,bert.encoder.layer.2.attention.self.key,0.00400704937055707,0.145575
2,K,bert.encoder.layer.2.attention.self.key,0.004034322686493397,0.146075
2,K,bert.encoder.layer.2.attention.self.key,0.004067754372954369,0.146575
2,K,bert.encoder.layer.2.attention.self.key,0.004099895246326923,0.147075
2,K,bert.encoder.layer.2.attention.self.key,0.004138399381190538,0.147575
2,K,bert.encoder.layer.2.attention.self.key,0.004163531120866537,0.148075
2,K,bert.encoder.layer.2.attention.self.key,0.004195223096758127,0.148575
2,K,bert.encoder.layer.2.attention.self.key,0.0042239767499268055,0.149075
2,K,bert.encoder.layer.2.attention.self.key,0.004257350694388151,0.149575
2,K,bert.encoder.layer.2.attention.self.key,0.0042909178882837296,0.150075
2,K,bert.encoder.layer.2.attention.self.key,0.004322205204516649,0.150575
2,K,bert.encoder.layer.2.attention.self.key,0.004351026378571987,0.151075
2,K,bert.encoder.layer.2.attention.self.key,0.004386558663100004,0.15158
2,K,bert.encoder.layer.2.attention.self.key,0.004422271158546209,0.15208
2,K,bert.encoder.layer.2.attention.self.key,0.004460404627025127,0.15258
2,K,bert.encoder.layer.2.attention.self.key,0.004496943671256304,0.15308
2,K,bert.encoder.layer.2.attention.self.key,0.004531657788902521,0.15358
2,K,bert.encoder.layer.2.attention.self.key,0.004561705514788628,0.15408
2,K,bert.encoder.layer.2.attention.self.key,0.004595730919390917,0.15458
2,K,bert.encoder.layer.2.attention.self.key,0.004631335847079754,0.15508
2,K,bert.encoder.layer.2.attention.self.key,0.004659456666558981,0.15558
2,K,bert.encoder.layer.2.attention.self.key,0.004688710439950228,0.15608
2,K,bert.encoder.layer.2.attention.self.key,0.004717481788247824,0.15658
2,K,bert.encoder.layer.2.attention.self.key,0.0047578951343894005,0.15708
2,K,bert.encoder.layer.2.attention.self.key,0.004790612030774355,0.15758
2,K,bert.encoder.layer.2.attention.self.key,0.004823715426027775,0.15808
2,K,bert.encoder.layer.2.attention.self.key,0.00485401414334774,0.15858
2,K,bert.encoder.layer.2.attention.self.key,0.004886362701654434,0.15908
2,K,bert.encoder.layer.2.attention.self.key,0.004917559213936329,0.15958
2,K,bert.encoder.layer.2.attention.self.key,0.004953515715897083,0.16008
2,K,bert.encoder.layer.2.attention.self.key,0.00498538464307785,0.16058
2,K,bert.encoder.layer.2.attention.self.key,0.00501699885353446,0.16108
2,K,bert.encoder.layer.2.attention.self.key,0.005051630083471537,0.16158
2,K,bert.encoder.layer.2.attention.self.key,0.0050842249765992165,0.162085
2,K,bert.encoder.layer.2.attention.self.key,0.005123673006892204,0.162585
2,K,bert.encoder.layer.2.attention.self.key,0.005159836262464523,0.163085
2,K,bert.encoder.layer.2.attention.self.key,0.005197647027671337,0.163585
2,K,bert.encoder.layer.2.attention.self.key,0.0052341497503221035,0.164085
2,K,bert.encoder.layer.2.attention.self.key,0.005273246672004461,0.164585
2,K,bert.encoder.layer.2.attention.self.key,0.005311205983161926,0.165085
2,K,bert.encoder.layer.2.attention.self.key,0.005344262346625328,0.165585
2,K,bert.encoder.layer.2.attention.self.key,0.005382224451750517,0.166085
2,K,bert.encoder.layer.2.attention.self.key,0.005415226798504591,0.166585
2,K,bert.encoder.layer.2.attention.self.key,0.005449708551168442,0.167085
2,K,bert.encoder.layer.2.attention.self.key,0.005487939342856407,0.167585
2,K,bert.encoder.layer.2.attention.self.key,0.005525031127035618,0.168085
2,K,bert.encoder.layer.2.attention.self.key,0.0055612302385270596,0.168585
2,K,bert.encoder.layer.2.attention.self.key,0.00559493713080883,0.169085
2,K,bert.encoder.layer.2.attention.self.key,0.005632532294839621,0.169585
2,K,bert.encoder.layer.2.attention.self.key,0.005664455238729715,0.170085
2,K,bert.encoder.layer.2.attention.self.key,0.005693886429071426,0.170585
2,K,bert.encoder.layer.2.attention.self.key,0.005729792173951864,0.171085
2,K,bert.encoder.layer.2.attention.self.key,0.005764290690422058,0.171585
2,K,bert.encoder.layer.2.attention.self.key,0.0057966141030192375,0.17209
2,K,bert.encoder.layer.2.attention.self.key,0.0058357566595077515,0.17259
2,K,bert.encoder.layer.2.attention.self.key,0.005873100832104683,0.17309
2,K,bert.encoder.layer.2.attention.self.key,0.005909142550081015,0.17359
2,K,bert.encoder.layer.2.attention.self.key,0.005939211696386337,0.17409
2,K,bert.encoder.layer.2.attention.self.key,0.005980621557682753,0.17459
2,K,bert.encoder.layer.2.attention.self.key,0.006021968089044094,0.17509
2,K,bert.encoder.layer.2.attention.self.key,0.006054798606783152,0.17559
2,K,bert.encoder.layer.2.attention.self.key,0.0060879988595843315,0.17609
2,K,bert.encoder.layer.2.attention.self.key,0.006119246128946543,0.17659
2,K,bert.encoder.layer.2.attention.self.key,0.006160327233374119,0.17709
2,K,bert.encoder.layer.2.attention.self.key,0.006191483233124018,0.17759
2,K,bert.encoder.layer.2.attention.self.key,0.006228753365576267,0.17809
2,K,bert.encoder.layer.2.attention.self.key,0.006269779987633228,0.17859
2,K,bert.encoder.layer.2.attention.self.key,0.006306939292699099,0.17909
2,K,bert.encoder.layer.2.attention.self.key,0.006346744950860739,0.17959
2,K,bert.encoder.layer.2.attention.self.key,0.006389311049133539,0.18009
2,K,bert.encoder.layer.2.attention.self.key,0.006432502996176481,0.18059
2,K,bert.encoder.layer.2.attention.self.key,0.0064698331989347935,0.18109
2,K,bert.encoder.layer.2.attention.self.key,0.006506894715130329,0.18159
2,K,bert.encoder.layer.2.attention.self.key,0.0065467581152915955,0.182095
2,K,bert.encoder.layer.2.attention.self.key,0.00658225966617465,0.182595
2,K,bert.encoder.layer.2.attention.self.key,0.006625064183026552,0.183095
2,K,bert.encoder.layer.2.attention.self.key,0.006666081491857767,0.183595
2,K,bert.encoder.layer.2.attention.self.key,0.006705570500344038,0.184095
2,K,bert.encoder.layer.2.attention.self.key,0.006742849946022034,0.184595
2,K,bert.encoder.layer.2.attention.self.key,0.006786453537642956,0.185095
2,K,bert.encoder.layer.2.attention.self.key,0.006819637026637793,0.185595
2,K,bert.encoder.layer.2.attention.self.key,0.006854356732219458,0.186095
2,K,bert.encoder.layer.2.attention.self.key,0.006898770108819008,0.186595
2,K,bert.encoder.layer.2.attention.self.key,0.006949597503989935,0.187095
2,K,bert.encoder.layer.2.attention.self.key,0.006992659531533718,0.187595
2,K,bert.encoder.layer.2.attention.self.key,0.0070377835072577,0.188095
2,K,bert.encoder.layer.2.attention.self.key,0.00707522826269269,0.188595
2,K,bert.encoder.layer.2.attention.self.key,0.007124416995793581,0.189095
2,K,bert.encoder.layer.2.attention.self.key,0.007156556472182274,0.189595
2,K,bert.encoder.layer.2.attention.self.key,0.007191579323261976,0.190095
2,K,bert.encoder.layer.2.attention.self.key,0.00723527604714036,0.190595
2,K,bert.encoder.layer.2.attention.self.key,0.007275041658431292,0.191095
2,K,bert.encoder.layer.2.attention.self.key,0.007318539544939995,0.191595
2,K,bert.encoder.layer.2.attention.self.key,0.007356001529842615,0.1921
2,K,bert.encoder.layer.2.attention.self.key,0.007405468262732029,0.1926
2,K,bert.encoder.layer.2.attention.self.key,0.007442445494234562,0.1931
2,K,bert.encoder.layer.2.attention.self.key,0.007479134481400251,0.1936
2,K,bert.encoder.layer.2.attention.self.key,0.007524196058511734,0.1941
2,K,bert.encoder.layer.2.attention.self.key,0.007561323698610067,0.1946
2,K,bert.encoder.layer.2.attention.self.key,0.0076032644137740135,0.1951
2,K,bert.encoder.layer.2.attention.self.key,0.007637997157871723,0.1956
2,K,bert.encoder.layer.2.attention.self.key,0.007679544389247894,0.1961
2,K,bert.encoder.layer.2.attention.self.key,0.007722466252744198,0.1966
2,K,bert.encoder.layer.2.attention.self.key,0.007760560140013695,0.1971
2,K,bert.encoder.layer.2.attention.self.key,0.0077987732365727425,0.1976
2,K,bert.encoder.layer.2.attention.self.key,0.007839049212634563,0.1981
2,K,bert.encoder.layer.2.attention.self.key,0.007881056517362595,0.1986
2,K,bert.encoder.layer.2.attention.self.key,0.007925967685878277,0.1991
2,K,bert.encoder.layer.2.attention.self.key,0.007961983792483807,0.1996
2,K,bert.encoder.layer.2.attention.self.key,0.008002850227057934,0.2001
2,K,bert.encoder.layer.2.attention.self.key,0.008035840466618538,0.2006
2,K,bert.encoder.layer.2.attention.self.key,0.008077062666416168,0.2011
2,K,bert.encoder.layer.2.attention.self.key,0.008124249055981636,0.2016
2,K,bert.encoder.layer.2.attention.self.key,0.008159581571817398,0.202105
2,K,bert.encoder.layer.2.attention.self.key,0.008192898705601692,0.202605
2,K,bert.encoder.layer.2.attention.self.key,0.008241236209869385,0.203105
2,K,bert.encoder.layer.2.attention.self.key,0.008279391564428806,0.203605
2,K,bert.encoder.layer.2.attention.self.key,0.00832307618111372,0.204105
2,K,bert.encoder.layer.2.attention.self.key,0.008370366878807545,0.204605
2,K,bert.encoder.layer.2.attention.self.key,0.008410896174609661,0.205105
2,K,bert.encoder.layer.2.attention.self.key,0.008463610894978046,0.205605
2,K,bert.encoder.layer.2.attention.self.key,0.008504340425133705,0.206105
2,K,bert.encoder.layer.2.attention.self.key,0.008546417579054832,0.206605
2,K,bert.encoder.layer.2.attention.self.key,0.00859241746366024,0.207105
2,K,bert.encoder.layer.2.attention.self.key,0.00863626878708601,0.207605
2,K,bert.encoder.layer.2.attention.self.key,0.008679353632032871,0.208105
2,K,bert.encoder.layer.2.attention.self.key,0.008731890469789505,0.208605
2,K,bert.encoder.layer.2.attention.self.key,0.008771778084337711,0.209105
2,K,bert.encoder.layer.2.attention.self.key,0.00881352461874485,0.209605
2,K,bert.encoder.layer.2.attention.self.key,0.008850092999637127,0.210105
2,K,bert.encoder.layer.2.attention.self.key,0.008888733573257923,0.210605
2,K,bert.encoder.layer.2.attention.self.key,0.00892950501292944,0.211105
2,K,bert.encoder.layer.2.attention.self.key,0.008970680646598339,0.211605
2,K,bert.encoder.layer.2.attention.self.key,0.009014302864670753,0.212105
2,K,bert.encoder.layer.2.attention.self.key,0.009062486700713634,0.21261
2,K,bert.encoder.layer.2.attention.self.key,0.009102998301386833,0.21311
2,K,bert.encoder.layer.2.attention.self.key,0.00914690736681223,0.21361
2,K,bert.encoder.layer.2.attention.self.key,0.009187008254230022,0.21411
2,K,bert.encoder.layer.2.attention.self.key,0.009227758273482323,0.21461
2,K,bert.encoder.layer.2.attention.self.key,0.009274907410144806,0.21511
2,K,bert.encoder.layer.2.attention.self.key,0.009324089623987675,0.21561
2,K,bert.encoder.layer.2.attention.self.key,0.009366292506456375,0.21611
2,K,bert.encoder.layer.2.attention.self.key,0.009415024891495705,0.21661
2,K,bert.encoder.layer.2.attention.self.key,0.009461202658712864,0.21711
2,K,bert.encoder.layer.2.attention.self.key,0.009502437897026539,0.21761
2,K,bert.encoder.layer.2.attention.self.key,0.009546938352286816,0.21811
2,K,bert.encoder.layer.2.attention.self.key,0.009597454220056534,0.21861
2,K,bert.encoder.layer.2.attention.self.key,0.00963845755904913,0.21911
2,K,bert.encoder.layer.2.attention.self.key,0.009681541472673416,0.21961
2,K,bert.encoder.layer.2.attention.self.key,0.009730747900903225,0.22011
2,K,bert.encoder.layer.2.attention.self.key,0.009781335480511189,0.22061
2,K,bert.encoder.layer.2.attention.self.key,0.00983733031898737,0.22111
2,K,bert.encoder.layer.2.attention.self.key,0.009878917597234249,0.22161
2,K,bert.encoder.layer.2.attention.self.key,0.009912044741213322,0.22211
2,K,bert.encoder.layer.2.attention.self.key,0.009965785779058933,0.222615
2,K,bert.encoder.layer.2.attention.self.key,0.010003877803683281,0.223115
2,K,bert.encoder.layer.2.attention.self.key,0.010054050013422966,0.223615
2,K,bert.encoder.layer.2.attention.self.key,0.010092049837112427,0.224115
2,K,bert.encoder.layer.2.attention.self.key,0.010140206664800644,0.224615
2,K,bert.encoder.layer.2.attention.self.key,0.010192238725721836,0.225115
2,K,bert.encoder.layer.2.attention.self.key,0.01023907121270895,0.225615
2,K,bert.encoder.layer.2.attention.self.key,0.010286128148436546,0.226115
2,K,bert.encoder.layer.2.attention.self.key,0.010339940898120403,0.226615
2,K,bert.encoder.layer.2.attention.self.key,0.010388799011707306,0.227115
2,K,bert.encoder.layer.2.attention.self.key,0.010432246141135693,0.227615
2,K,bert.encoder.layer.2.attention.self.key,0.010478522628545761,0.228115
2,K,bert.encoder.layer.2.attention.self.key,0.01051801536232233,0.228615
2,K,bert.encoder.layer.2.attention.self.key,0.010552730411291122,0.229115
2,K,bert.encoder.layer.2.attention.self.key,0.010595760308206081,0.229615
2,K,bert.encoder.layer.2.attention.self.key,0.010650667361915112,0.230115
2,K,bert.encoder.layer.2.attention.self.key,0.010694301687180996,0.230615
2,K,bert.encoder.layer.2.attention.self.key,0.010744977742433548,0.231115
2,K,bert.encoder.layer.2.attention.self.key,0.010790867730975151,0.231615
2,K,bert.encoder.layer.2.attention.self.key,0.010836967267096043,0.232115
2,K,bert.encoder.layer.2.attention.self.key,0.01087652426213026,0.23262
2,K,bert.encoder.layer.2.attention.self.key,0.010923449881374836,0.23312
2,K,bert.encoder.layer.2.attention.self.key,0.010973553173244,0.23362
2,K,bert.encoder.layer.2.attention.self.key,0.011019779369235039,0.23412
2,K,bert.encoder.layer.2.attention.self.key,0.011070333421230316,0.23462
2,K,bert.encoder.layer.2.attention.self.key,0.011112889274954796,0.23512
2,K,bert.encoder.layer.2.attention.self.key,0.01115589402616024,0.23562
2,K,bert.encoder.layer.2.attention.self.key,0.011202320456504822,0.23612
2,K,bert.encoder.layer.2.attention.self.key,0.011246535927057266,0.23662
2,K,bert.encoder.layer.2.attention.self.key,0.011301894672214985,0.23712
2,K,bert.encoder.layer.2.attention.self.key,0.011349637992680073,0.23762
2,K,bert.encoder.layer.2.attention.self.key,0.011394811794161797,0.23812
2,K,bert.encoder.layer.2.attention.self.key,0.011440970934927464,0.23862
2,K,bert.encoder.layer.2.attention.self.key,0.011490474455058575,0.23912
2,K,bert.encoder.layer.2.attention.self.key,0.011537370271980762,0.23962
2,K,bert.encoder.layer.2.attention.self.key,0.011588023975491524,0.24012
2,K,bert.encoder.layer.2.attention.self.key,0.011628469452261925,0.24062
2,K,bert.encoder.layer.2.attention.self.key,0.011679352261126041,0.24112
2,K,bert.encoder.layer.2.attention.self.key,0.011728943325579166,0.24162
2,K,bert.encoder.layer.2.attention.self.key,0.011777057312428951,0.24212
2,K,bert.encoder.layer.2.attention.self.key,0.011829755268990993,0.242625
2,K,bert.encoder.layer.2.attention.self.key,0.011874170042574406,0.243125
2,K,bert.encoder.layer.2.attention.self.key,0.011917886324226856,0.243625
2,K,bert.encoder.layer.2.attention.self.key,0.011967893689870834,0.244125
2,K,bert.encoder.layer.2.attention.self.key,0.012022463604807854,0.244625
2,K,bert.encoder.layer.2.attention.self.key,0.012071860954165459,0.245125
2,K,bert.encoder.layer.2.attention.self.key,0.012115324847400188,0.245625
2,K,bert.encoder.layer.2.attention.self.key,0.012167011387646198,0.246125
2,K,bert.encoder.layer.2.attention.self.key,0.012218614108860493,0.246625
2,K,bert.encoder.layer.2.attention.self.key,0.012263847514986992,0.247125
2,K,bert.encoder.layer.2.attention.self.key,0.012313945218920708,0.247625
2,K,bert.encoder.layer.2.attention.self.key,0.01236012764275074,0.248125
2,K,bert.encoder.layer.2.attention.self.key,0.012398736551404,0.248625
2,K,bert.encoder.layer.2.attention.self.key,0.012444762513041496,0.249125
2,K,bert.encoder.layer.2.attention.self.key,0.012494463473558426,0.249625
2,K,bert.encoder.layer.2.attention.self.key,0.012534910812973976,0.250125
2,K,bert.encoder.layer.2.attention.self.key,0.01258027646690607,0.250625
2,K,bert.encoder.layer.2.attention.self.key,0.012631605379283428,0.251125
2,K,bert.encoder.layer.2.attention.self.key,0.012676275335252285,0.251625
2,K,bert.encoder.layer.2.attention.self.key,0.012722635641694069,0.252125
2,K,bert.encoder.layer.2.attention.self.key,0.012779247015714645,0.25263
2,K,bert.encoder.layer.2.attention.self.key,0.012830677442252636,0.25313
2,K,bert.encoder.layer.2.attention.self.key,0.012876961380243301,0.25363
2,K,bert.encoder.layer.2.attention.self.key,0.012919815257191658,0.25413
2,K,bert.encoder.layer.2.attention.self.key,0.012965969741344452,0.25463
2,K,bert.encoder.layer.2.attention.self.key,0.01301569864153862,0.25513
2,K,bert.encoder.layer.2.attention.self.key,0.013063447549939156,0.25563
2,K,bert.encoder.layer.2.attention.self.key,0.01311717089265585,0.25613
2,K,bert.encoder.layer.2.attention.self.key,0.013167476281523705,0.25663
2,K,bert.encoder.layer.2.attention.self.key,0.013217190280556679,0.25713
2,K,bert.encoder.layer.2.attention.self.key,0.01327954325824976,0.25763
2,K,bert.encoder.layer.2.attention.self.key,0.013319446705281734,0.25813
2,K,bert.encoder.layer.2.attention.self.key,0.01337185688316822,0.25863
2,K,bert.encoder.layer.2.attention.self.key,0.013415016233921051,0.25913
2,K,bert.encoder.layer.2.attention.self.key,0.013464991003274918,0.25963
2,K,bert.encoder.layer.2.attention.self.key,0.013516118749976158,0.26013
2,K,bert.encoder.layer.2.attention.self.key,0.013563073240220547,0.26063
2,K,bert.encoder.layer.2.attention.self.key,0.013617066666483879,0.26113
2,K,bert.encoder.layer.2.attention.self.key,0.013662077486515045,0.26163
2,K,bert.encoder.layer.2.attention.self.key,0.013726038858294487,0.26213
2,K,bert.encoder.layer.2.attention.self.key,0.013773927465081215,0.262635
2,K,bert.encoder.layer.2.attention.self.key,0.013827896676957607,0.263135
2,K,bert.encoder.layer.2.attention.self.key,0.013874175027012825,0.263635
2,K,bert.encoder.layer.2.attention.self.key,0.01392074953764677,0.264135
2,K,bert.encoder.layer.2.attention.self.key,0.013967746868729591,0.264635
2,K,bert.encoder.layer.2.attention.self.key,0.014026843011379242,0.265135
2,K,bert.encoder.layer.2.attention.self.key,0.014074403792619705,0.265635
2,K,bert.encoder.layer.2.attention.self.key,0.014117052778601646,0.266135
2,K,bert.encoder.layer.2.attention.self.key,0.014181945472955704,0.266635
2,K,bert.encoder.layer.2.attention.self.key,0.014230044558644295,0.267135
2,K,bert.encoder.layer.2.attention.self.key,0.014282518066465855,0.267635
2,K,bert.encoder.layer.2.attention.self.key,0.014341973699629307,0.268135
2,K,bert.encoder.layer.2.attention.self.key,0.014399192295968533,0.268635
2,K,bert.encoder.layer.2.attention.self.key,0.014449923299252987,0.269135
2,K,bert.encoder.layer.2.attention.self.key,0.01449565589427948,0.269635
2,K,bert.encoder.layer.2.attention.self.key,0.014552257023751736,0.270135
2,K,bert.encoder.layer.2.attention.self.key,0.014609034173190594,0.270635
2,K,bert.encoder.layer.2.attention.self.key,0.014654290862381458,0.271135
2,K,bert.encoder.layer.2.attention.self.key,0.014709927141666412,0.271635
2,K,bert.encoder.layer.2.attention.self.key,0.014760905876755714,0.272135
2,K,bert.encoder.layer.2.attention.self.key,0.014819388277828693,0.272635
2,K,bert.encoder.layer.2.attention.self.key,0.014873580075800419,0.27314
2,K,bert.encoder.layer.2.attention.self.key,0.014933900907635689,0.27364
2,K,bert.encoder.layer.2.attention.self.key,0.014992537908256054,0.27414
2,K,bert.encoder.layer.2.attention.self.key,0.015049572102725506,0.27464
2,K,bert.encoder.layer.2.attention.self.key,0.01509715523570776,0.27514
2,K,bert.encoder.layer.2.attention.self.key,0.015145741403102875,0.27564
2,K,bert.encoder.layer.2.attention.self.key,0.015201487578451633,0.27614
2,K,bert.encoder.layer.2.attention.self.key,0.015253985300660133,0.27664
2,K,bert.encoder.layer.2.attention.self.key,0.015308113768696785,0.27714
2,K,bert.encoder.layer.2.attention.self.key,0.015361959114670753,0.27764
2,K,bert.encoder.layer.2.attention.self.key,0.015416324138641357,0.27814
2,K,bert.encoder.layer.2.attention.self.key,0.015468583442270756,0.27864
2,K,bert.encoder.layer.2.attention.self.key,0.015520653687417507,0.27914
2,K,bert.encoder.layer.2.attention.self.key,0.015575787052512169,0.27964
2,K,bert.encoder.layer.2.attention.self.key,0.01563270203769207,0.28014
2,K,bert.encoder.layer.2.attention.self.key,0.0156911239027977,0.28064
2,K,bert.encoder.layer.2.attention.self.key,0.015752146020531654,0.28114
2,K,bert.encoder.layer.2.attention.self.key,0.015799324959516525,0.28164
2,K,bert.encoder.layer.2.attention.self.key,0.015853792428970337,0.28214
2,K,bert.encoder.layer.2.attention.self.key,0.015911757946014404,0.28264
2,K,bert.encoder.layer.2.attention.self.key,0.015960948541760445,0.283145
2,K,bert.encoder.layer.2.attention.self.key,0.016012035310268402,0.283645
2,K,bert.encoder.layer.2.attention.self.key,0.01607179082930088,0.284145
2,K,bert.encoder.layer.2.attention.self.key,0.016130458563566208,0.284645
2,K,bert.encoder.layer.2.attention.self.key,0.016187157481908798,0.285145
2,K,bert.encoder.layer.2.attention.self.key,0.016246309503912926,0.285645
2,K,bert.encoder.layer.2.attention.self.key,0.016296159476041794,0.286145
2,K,bert.encoder.layer.2.attention.self.key,0.016352510079741478,0.286645
2,K,bert.encoder.layer.2.attention.self.key,0.016419904306530952,0.287145
2,K,bert.encoder.layer.2.attention.self.key,0.016478627920150757,0.287645
2,K,bert.encoder.layer.2.attention.self.key,0.016535412520170212,0.288145
2,K,bert.encoder.layer.2.attention.self.key,0.01658601686358452,0.288645
2,K,bert.encoder.layer.2.attention.self.key,0.016642611473798752,0.289145
2,K,bert.encoder.layer.2.attention.self.key,0.01669735088944435,0.289645
2,K,bert.encoder.layer.2.attention.self.key,0.016743114218115807,0.290145
2,K,bert.encoder.layer.2.attention.self.key,0.016798194497823715,0.290645
2,K,bert.encoder.layer.2.attention.self.key,0.016856692731380463,0.291145
2,K,bert.encoder.layer.2.attention.self.key,0.016912171617150307,0.291645
2,K,bert.encoder.layer.2.attention.self.key,0.01697300374507904,0.292145
2,K,bert.encoder.layer.2.attention.self.key,0.01702052727341652,0.292645
2,K,bert.encoder.layer.2.attention.self.key,0.01707536168396473,0.29315
2,K,bert.encoder.layer.2.attention.self.key,0.01713106408715248,0.29365
2,K,bert.encoder.layer.2.attention.self.key,0.01718294806778431,0.29415
2,K,bert.encoder.layer.2.attention.self.key,0.017232660204172134,0.29465
2,K,bert.encoder.layer.2.attention.self.key,0.017286354675889015,0.29515
2,K,bert.encoder.layer.2.attention.self.key,0.017344312742352486,0.29565
2,K,bert.encoder.layer.2.attention.self.key,0.017406171187758446,0.29615
2,K,bert.encoder.layer.2.attention.self.key,0.017466112971305847,0.29665
2,K,bert.encoder.layer.2.attention.self.key,0.017519013956189156,0.29715
2,K,bert.encoder.layer.2.attention.self.key,0.017579421401023865,0.29765
2,K,bert.encoder.layer.2.attention.self.key,0.01762961596250534,0.29815
2,K,bert.encoder.layer.2.attention.self.key,0.0176768247038126,0.29865
2,K,bert.encoder.layer.2.attention.self.key,0.017729297280311584,0.29915
2,K,bert.encoder.layer.2.attention.self.key,0.017791220918297768,0.29965
2,K,bert.encoder.layer.2.attention.self.key,0.017845291644334793,0.30015
2,K,bert.encoder.layer.2.attention.self.key,0.017899515107274055,0.30065
2,K,bert.encoder.layer.2.attention.self.key,0.0179696436971426,0.30115
2,K,bert.encoder.layer.2.attention.self.key,0.018017593771219254,0.30165
2,K,bert.encoder.layer.2.attention.self.key,0.01807427406311035,0.30215
2,K,bert.encoder.layer.2.attention.self.key,0.01813524402678013,0.30265
2,K,bert.encoder.layer.2.attention.self.key,0.018188266083598137,0.303155
2,K,bert.encoder.layer.2.attention.self.key,0.018249034881591797,0.303655
2,K,bert.encoder.layer.2.attention.self.key,0.01830609329044819,0.304155
2,K,bert.encoder.layer.2.attention.self.key,0.018361520022153854,0.304655
2,K,bert.encoder.layer.2.attention.self.key,0.018415875732898712,0.305155
2,K,bert.encoder.layer.2.attention.self.key,0.018471192568540573,0.305655
2,K,bert.encoder.layer.2.attention.self.key,0.018528703600168228,0.306155
2,K,bert.encoder.layer.2.attention.self.key,0.018585694953799248,0.306655
2,K,bert.encoder.layer.2.attention.self.key,0.01864730566740036,0.307155
2,K,bert.encoder.layer.2.attention.self.key,0.018702955916523933,0.307655
2,K,bert.encoder.layer.2.attention.self.key,0.01877259835600853,0.308155
2,K,bert.encoder.layer.2.attention.self.key,0.018834218382835388,0.308655
2,K,bert.encoder.layer.2.attention.self.key,0.018884457647800446,0.309155
2,K,bert.encoder.layer.2.attention.self.key,0.018947921693325043,0.309655
2,K,bert.encoder.layer.2.attention.self.key,0.018994728103280067,0.310155
2,K,bert.encoder.layer.2.attention.self.key,0.01905220001935959,0.310655
2,K,bert.encoder.layer.2.attention.self.key,0.019117141142487526,0.311155
2,K,bert.encoder.layer.2.attention.self.key,0.019170572981238365,0.311655
2,K,bert.encoder.layer.2.attention.self.key,0.01923416368663311,0.312155
2,K,bert.encoder.layer.2.attention.self.key,0.019298294559121132,0.312655
2,K,bert.encoder.layer.2.attention.self.key,0.019356561824679375,0.31316
2,K,bert.encoder.layer.2.attention.self.key,0.019428953528404236,0.31366
2,K,bert.encoder.layer.2.attention.self.key,0.01949393004179001,0.31416
2,K,bert.encoder.layer.2.attention.self.key,0.01956016570329666,0.31466
2,K,bert.encoder.layer.2.attention.self.key,0.019613191485404968,0.31516
2,K,bert.encoder.layer.2.attention.self.key,0.019673913717269897,0.31566
2,K,bert.encoder.layer.2.attention.self.key,0.019728180021047592,0.31616
2,K,bert.encoder.layer.2.attention.self.key,0.01977607049047947,0.31666
2,K,bert.encoder.layer.2.attention.self.key,0.01982266828417778,0.31716
2,K,bert.encoder.layer.2.attention.self.key,0.019880790263414383,0.31766
2,K,bert.encoder.layer.2.attention.self.key,0.019928110763430595,0.31816
2,K,bert.encoder.layer.2.attention.self.key,0.019997937604784966,0.31866
2,K,bert.encoder.layer.2.attention.self.key,0.020067928358912468,0.31916
2,K,bert.encoder.layer.2.attention.self.key,0.0201297365128994,0.31966
2,K,bert.encoder.layer.2.attention.self.key,0.020185185596346855,0.32016
2,K,bert.encoder.layer.2.attention.self.key,0.02025115303695202,0.32066
2,K,bert.encoder.layer.2.attention.self.key,0.02031136304140091,0.32116
2,K,bert.encoder.layer.2.attention.self.key,0.020377544686198235,0.32166
2,K,bert.encoder.layer.2.attention.self.key,0.02043675072491169,0.32216
2,K,bert.encoder.layer.2.attention.self.key,0.020498547703027725,0.32266
2,K,bert.encoder.layer.2.attention.self.key,0.020561611279845238,0.32316
2,K,bert.encoder.layer.2.attention.self.key,0.020616905763745308,0.323665
2,K,bert.encoder.layer.2.attention.self.key,0.02068374678492546,0.324165
2,K,bert.encoder.layer.2.attention.self.key,0.020736098289489746,0.324665
2,K,bert.encoder.layer.2.attention.self.key,0.020786967128515244,0.325165
2,K,bert.encoder.layer.2.attention.self.key,0.020857030525803566,0.325665
2,K,bert.encoder.layer.2.attention.self.key,0.020915303379297256,0.326165
2,K,bert.encoder.layer.2.attention.self.key,0.02097380720078945,0.326665
2,K,bert.encoder.layer.2.attention.self.key,0.02103758230805397,0.327165
2,K,bert.encoder.layer.2.attention.self.key,0.02110004983842373,0.327665
2,K,bert.encoder.layer.2.attention.self.key,0.021166078746318817,0.328165
2,K,bert.encoder.layer.2.attention.self.key,0.02123483084142208,0.328665
2,K,bert.encoder.layer.2.attention.self.key,0.021295590326189995,0.329165
2,K,bert.encoder.layer.2.attention.self.key,0.021351106464862823,0.329665
2,K,bert.encoder.layer.2.attention.self.key,0.02142498455941677,0.330165
2,K,bert.encoder.layer.2.attention.self.key,0.02148246392607689,0.330665
2,K,bert.encoder.layer.2.attention.self.key,0.021544765681028366,0.331165
2,K,bert.encoder.layer.2.attention.self.key,0.02160908654332161,0.331665
2,K,bert.encoder.layer.2.attention.self.key,0.021676955744624138,0.332165
2,K,bert.encoder.layer.2.attention.self.key,0.021739600226283073,0.332665
2,K,bert.encoder.layer.2.attention.self.key,0.021803120151162148,0.333165
2,K,bert.encoder.layer.2.attention.self.key,0.021859116852283478,0.33367
2,K,bert.encoder.layer.2.attention.self.key,0.021909119561314583,0.33417
2,K,bert.encoder.layer.2.attention.self.key,0.021974891424179077,0.33467
2,K,bert.encoder.layer.2.attention.self.key,0.022039370611310005,0.33517
2,K,bert.encoder.layer.2.attention.self.key,0.02210031822323799,0.33567
2,K,bert.encoder.layer.2.attention.self.key,0.022152729332447052,0.33617
2,K,bert.encoder.layer.2.attention.self.key,0.02221282757818699,0.33667
2,K,bert.encoder.layer.2.attention.self.key,0.022272102534770966,0.33717
2,K,bert.encoder.layer.2.attention.self.key,0.022342558950185776,0.33767
2,K,bert.encoder.layer.2.attention.self.key,0.02240173891186714,0.33817
2,K,bert.encoder.layer.2.attention.self.key,0.02246704138815403,0.33867
2,K,bert.encoder.layer.2.attention.self.key,0.02251114696264267,0.33917
2,K,bert.encoder.layer.2.attention.self.key,0.022575998678803444,0.33967
2,K,bert.encoder.layer.2.attention.self.key,0.02263459749519825,0.34017
2,K,bert.encoder.layer.2.attention.self.key,0.022698890417814255,0.34067
2,K,bert.encoder.layer.2.attention.self.key,0.022755881771445274,0.34117
2,K,bert.encoder.layer.2.attention.self.key,0.022807179018855095,0.34167
2,K,bert.encoder.layer.2.attention.self.key,0.022873708978295326,0.34217
2,K,bert.encoder.layer.2.attention.self.key,0.02293853834271431,0.34267
2,K,bert.encoder.layer.2.attention.self.key,0.023009929805994034,0.34317
2,K,bert.encoder.layer.2.attention.self.key,0.02307758666574955,0.343675
2,K,bert.encoder.layer.2.attention.self.key,0.023159438744187355,0.344175
2,K,bert.encoder.layer.2.attention.self.key,0.023223748430609703,0.344675
2,K,bert.encoder.layer.2.attention.self.key,0.02329743653535843,0.345175
2,K,bert.encoder.layer.2.attention.self.key,0.023370077833533287,0.345675
2,K,bert.encoder.layer.2.attention.self.key,0.023434123024344444,0.346175
2,K,bert.encoder.layer.2.attention.self.key,0.02349376119673252,0.346675
2,K,bert.encoder.layer.2.attention.self.key,0.023562055081129074,0.347175
2,K,bert.encoder.layer.2.attention.self.key,0.023620324209332466,0.347675
2,K,bert.encoder.layer.2.attention.self.key,0.023678530007600784,0.348175
2,K,bert.encoder.layer.2.attention.self.key,0.023727914318442345,0.348675
2,K,bert.encoder.layer.2.attention.self.key,0.023783640936017036,0.349175
2,K,bert.encoder.layer.2.attention.self.key,0.02385852113366127,0.349675
2,K,bert.encoder.layer.2.attention.self.key,0.023922722786664963,0.350175
2,K,bert.encoder.layer.2.attention.self.key,0.023981427773833275,0.350675
2,K,bert.encoder.layer.2.attention.self.key,0.02404376119375229,0.351175
2,K,bert.encoder.layer.2.attention.self.key,0.024110278114676476,0.351675
2,K,bert.encoder.layer.2.attention.self.key,0.02417062781751156,0.352175
2,K,bert.encoder.layer.2.attention.self.key,0.02423810213804245,0.352675
2,K,bert.encoder.layer.2.attention.self.key,0.02430233359336853,0.353175
2,K,bert.encoder.layer.2.attention.self.key,0.0243737380951643,0.35368
2,K,bert.encoder.layer.2.attention.self.key,0.0244344100356102,0.35418
2,K,bert.encoder.layer.2.attention.self.key,0.024492435157299042,0.35468
2,K,bert.encoder.layer.2.attention.self.key,0.02455310896039009,0.35518
2,K,bert.encoder.layer.2.attention.self.key,0.024627752602100372,0.35568
2,K,bert.encoder.layer.2.attention.self.key,0.024693015962839127,0.35618
2,K,bert.encoder.layer.2.attention.self.key,0.02476060390472412,0.35668
2,K,bert.encoder.layer.2.attention.self.key,0.02482534572482109,0.35718
2,K,bert.encoder.layer.2.attention.self.key,0.024890553206205368,0.35768
2,K,bert.encoder.layer.2.attention.self.key,0.024960022419691086,0.35818
2,K,bert.encoder.layer.2.attention.self.key,0.025021594017744064,0.35868
2,K,bert.encoder.layer.2.attention.self.key,0.02509257383644581,0.35918
2,K,bert.encoder.layer.2.attention.self.key,0.02516544982790947,0.35968
2,K,bert.encoder.layer.2.attention.self.key,0.02522917091846466,0.36018
2,K,bert.encoder.layer.2.attention.self.key,0.025291474536061287,0.36068
2,K,bert.encoder.layer.2.attention.self.key,0.02535887621343136,0.36118
2,K,bert.encoder.layer.2.attention.self.key,0.025433499366044998,0.36168
2,K,bert.encoder.layer.2.attention.self.key,0.025505561381578445,0.36218
2,K,bert.encoder.layer.2.attention.self.key,0.025568613782525063,0.36268
2,K,bert.encoder.layer.2.attention.self.key,0.025636374950408936,0.36318
2,K,bert.encoder.layer.2.attention.self.key,0.02570701763033867,0.363685
2,K,bert.encoder.layer.2.attention.self.key,0.025772808119654655,0.364185
2,K,bert.encoder.layer.2.attention.self.key,0.025833986699581146,0.364685
2,K,bert.encoder.layer.2.attention.self.key,0.02589302882552147,0.365185
2,K,bert.encoder.layer.2.attention.self.key,0.02595655992627144,0.365685
2,K,bert.encoder.layer.2.attention.self.key,0.02601560205221176,0.366185
2,K,bert.encoder.layer.2.attention.self.key,0.026090005412697792,0.366685
2,K,bert.encoder.layer.2.attention.self.key,0.02615458518266678,0.367185
2,K,bert.encoder.layer.2.attention.self.key,0.026235347613692284,0.367685
2,K,bert.encoder.layer.2.attention.self.key,0.026308389380574226,0.368185
2,K,bert.encoder.layer.2.attention.self.key,0.026374738663434982,0.368685
2,K,bert.encoder.layer.2.attention.self.key,0.02643977478146553,0.369185
2,K,bert.encoder.layer.2.attention.self.key,0.02651655301451683,0.369685
2,K,bert.encoder.layer.2.attention.self.key,0.0265849307179451,0.370185
2,K,bert.encoder.layer.2.attention.self.key,0.026660844683647156,0.370685
2,K,bert.encoder.layer.2.attention.self.key,0.026749486103653908,0.371185
2,K,bert.encoder.layer.2.attention.self.key,0.026817625388503075,0.371685
2,K,bert.encoder.layer.2.attention.self.key,0.026884764432907104,0.372185
2,K,bert.encoder.layer.2.attention.self.key,0.026950014755129814,0.372685
2,K,bert.encoder.layer.2.attention.self.key,0.02703276090323925,0.373185
2,K,bert.encoder.layer.2.attention.self.key,0.027107123285531998,0.373685
2,K,bert.encoder.layer.2.attention.self.key,0.027170419692993164,0.37419
2,K,bert.encoder.layer.2.attention.self.key,0.027232902124524117,0.37469
2,K,bert.encoder.layer.2.attention.self.key,0.02730443887412548,0.37519
2,K,bert.encoder.layer.2.attention.self.key,0.027369197458028793,0.37569
2,K,bert.encoder.layer.2.attention.self.key,0.027444390580058098,0.37619
2,K,bert.encoder.layer.2.attention.self.key,0.027514932677149773,0.37669
2,K,bert.encoder.layer.2.attention.self.key,0.027591627091169357,0.37719
2,K,bert.encoder.layer.2.attention.self.key,0.02765919826924801,0.37769
2,K,bert.encoder.layer.2.attention.self.key,0.02774101495742798,0.37819
2,K,bert.encoder.layer.2.attention.self.key,0.027806375175714493,0.37869
2,K,bert.encoder.layer.2.attention.self.key,0.02786954864859581,0.37919
2,K,bert.encoder.layer.2.attention.self.key,0.027937665581703186,0.37969
2,K,bert.encoder.layer.2.attention.self.key,0.028004340827465057,0.38019
2,K,bert.encoder.layer.2.attention.self.key,0.028070271015167236,0.38069
2,K,bert.encoder.layer.2.attention.self.key,0.028146078810095787,0.38119
2,K,bert.encoder.layer.2.attention.self.key,0.028216835111379623,0.38169
2,K,bert.encoder.layer.2.attention.self.key,0.02828122302889824,0.38219
2,K,bert.encoder.layer.2.attention.self.key,0.028351537883281708,0.38269
2,K,bert.encoder.layer.2.attention.self.key,0.02841808833181858,0.38319
2,K,bert.encoder.layer.2.attention.self.key,0.028487656265497208,0.38369
2,K,bert.encoder.layer.2.attention.self.key,0.028557749465107918,0.384195
2,K,bert.encoder.layer.2.attention.self.key,0.0286237895488739,0.384695
2,K,bert.encoder.layer.2.attention.self.key,0.028695005923509598,0.385195
2,K,bert.encoder.layer.2.attention.self.key,0.02877349592745304,0.385695
2,K,bert.encoder.layer.2.attention.self.key,0.028844837099313736,0.386195
2,K,bert.encoder.layer.2.attention.self.key,0.028925782069563866,0.386695
2,K,bert.encoder.layer.2.attention.self.key,0.029001865535974503,0.387195
2,K,bert.encoder.layer.2.attention.self.key,0.029075315222144127,0.387695
2,K,bert.encoder.layer.2.attention.self.key,0.0291424710303545,0.388195
2,K,bert.encoder.layer.2.attention.self.key,0.029214683920145035,0.388695
2,K,bert.encoder.layer.2.attention.self.key,0.029279859736561775,0.389195
2,K,bert.encoder.layer.2.attention.self.key,0.02935476414859295,0.389695
2,K,bert.encoder.layer.2.attention.self.key,0.02942316234111786,0.390195
2,K,bert.encoder.layer.2.attention.self.key,0.029507670551538467,0.390695
2,K,bert.encoder.layer.2.attention.self.key,0.029582414776086807,0.391195
2,K,bert.encoder.layer.2.attention.self.key,0.029652558267116547,0.391695
2,K,bert.encoder.layer.2.attention.self.key,0.029724037274718285,0.392195
2,K,bert.encoder.layer.2.attention.self.key,0.029788777232170105,0.392695
2,K,bert.encoder.layer.2.attention.self.key,0.029856836423277855,0.393195
2,K,bert.encoder.layer.2.attention.self.key,0.029924776405096054,0.393695
2,K,bert.encoder.layer.2.attention.self.key,0.029998071491718292,0.3942
2,K,bert.encoder.layer.2.attention.self.key,0.030067814514040947,0.3947
2,K,bert.encoder.layer.2.attention.self.key,0.030127914622426033,0.3952
2,K,bert.encoder.layer.2.attention.self.key,0.030195211991667747,0.3957
2,K,bert.encoder.layer.2.attention.self.key,0.030261436477303505,0.3962
2,K,bert.encoder.layer.2.attention.self.key,0.0303348395973444,0.3967
2,K,bert.encoder.layer.2.attention.self.key,0.0304127000272274,0.3972
2,K,bert.encoder.layer.2.attention.self.key,0.03049100562930107,0.3977
2,K,bert.encoder.layer.2.attention.self.key,0.03057420812547207,0.3982
2,K,bert.encoder.layer.2.attention.self.key,0.030630609020590782,0.3987
2,K,bert.encoder.layer.2.attention.self.key,0.030701836571097374,0.3992
2,K,bert.encoder.layer.2.attention.self.key,0.030766909942030907,0.3997
2,K,bert.encoder.layer.2.attention.self.key,0.030846212059259415,0.4002
2,K,bert.encoder.layer.2.attention.self.key,0.030921192839741707,0.4007
2,K,bert.encoder.layer.2.attention.self.key,0.030991068109869957,0.4012
2,K,bert.encoder.layer.2.attention.self.key,0.03107115812599659,0.4017
2,K,bert.encoder.layer.2.attention.self.key,0.03114127740263939,0.4022
2,K,bert.encoder.layer.2.attention.self.key,0.031217245385050774,0.4027
2,K,bert.encoder.layer.2.attention.self.key,0.031290870159864426,0.4032
2,K,bert.encoder.layer.2.attention.self.key,0.03136710077524185,0.4037
2,K,bert.encoder.layer.2.attention.self.key,0.03145306184887886,0.404205
2,K,bert.encoder.layer.2.attention.self.key,0.03152068331837654,0.404705
2,K,bert.encoder.layer.2.attention.self.key,0.03159013018012047,0.405205
2,K,bert.encoder.layer.2.attention.self.key,0.03165772929787636,0.405705
2,K,bert.encoder.layer.2.attention.self.key,0.03173457086086273,0.406205
2,K,bert.encoder.layer.2.attention.self.key,0.03180413320660591,0.406705
2,K,bert.encoder.layer.2.attention.self.key,0.03188269957900047,0.407205
2,K,bert.encoder.layer.2.attention.self.key,0.031947456300258636,0.407705
2,K,bert.encoder.layer.2.attention.self.key,0.032017920166254044,0.408205
2,K,bert.encoder.layer.2.attention.self.key,0.03211525082588196,0.408705
2,K,bert.encoder.layer.2.attention.self.key,0.032180871814489365,0.409205
2,K,bert.encoder.layer.2.attention.self.key,0.03225814551115036,0.409705
2,K,bert.encoder.layer.2.attention.self.key,0.03234495967626572,0.410205
2,K,bert.encoder.layer.2.attention.self.key,0.0324169397354126,0.410705
2,K,bert.encoder.layer.2.attention.self.key,0.032487452030181885,0.411205
2,K,bert.encoder.layer.2.attention.self.key,0.03255939483642578,0.411705
2,K,bert.encoder.layer.2.attention.self.key,0.03262922912836075,0.412205
2,K,bert.encoder.layer.2.attention.self.key,0.03270874544978142,0.412705
2,K,bert.encoder.layer.2.attention.self.key,0.032780636101961136,0.413205
2,K,bert.encoder.layer.2.attention.self.key,0.03285404294729233,0.413705
2,K,bert.encoder.layer.2.attention.self.key,0.03292526677250862,0.41421
2,K,bert.encoder.layer.2.attention.self.key,0.03300629183650017,0.41471
2,K,bert.encoder.layer.2.attention.self.key,0.03308213874697685,0.41521
2,K,bert.encoder.layer.2.attention.self.key,0.03315656632184982,0.41571
2,K,bert.encoder.layer.2.attention.self.key,0.0332355797290802,0.41621
2,K,bert.encoder.layer.2.attention.self.key,0.03331315889954567,0.41671
2,K,bert.encoder.layer.2.attention.self.key,0.03339485451579094,0.41721
2,K,bert.encoder.layer.2.attention.self.key,0.03347325325012207,0.41771
2,K,bert.encoder.layer.2.attention.self.key,0.03354179859161377,0.41821
2,K,bert.encoder.layer.2.attention.self.key,0.03362685814499855,0.41871
2,K,bert.encoder.layer.2.attention.self.key,0.033697113394737244,0.41921
2,K,bert.encoder.layer.2.attention.self.key,0.0337781123816967,0.41971
2,K,bert.encoder.layer.2.attention.self.key,0.033839624375104904,0.42021
2,K,bert.encoder.layer.2.attention.self.key,0.0339166522026062,0.42071
2,K,bert.encoder.layer.2.attention.self.key,0.03401491045951843,0.42121
2,K,bert.encoder.layer.2.attention.self.key,0.03408987447619438,0.42171
2,K,bert.encoder.layer.2.attention.self.key,0.034191228449344635,0.42221
2,K,bert.encoder.layer.2.attention.self.key,0.03426237031817436,0.42271
2,K,bert.encoder.layer.2.attention.self.key,0.03433426469564438,0.42321
2,K,bert.encoder.layer.2.attention.self.key,0.034400030970573425,0.42371
2,K,bert.encoder.layer.2.attention.self.key,0.034470539540052414,0.42421
2,K,bert.encoder.layer.2.attention.self.key,0.03454603999853134,0.424715
2,K,bert.encoder.layer.2.attention.self.key,0.034636568278074265,0.425215
2,K,bert.encoder.layer.2.attention.self.key,0.03472168371081352,0.425715
2,K,bert.encoder.layer.2.attention.self.key,0.03479337692260742,0.426215
2,K,bert.encoder.layer.2.attention.self.key,0.03487148880958557,0.426715
2,K,bert.encoder.layer.2.attention.self.key,0.03495923802256584,0.427215
2,K,bert.encoder.layer.2.attention.self.key,0.03503621742129326,0.427715
2,K,bert.encoder.layer.2.attention.self.key,0.03511407971382141,0.428215
2,K,bert.encoder.layer.2.attention.self.key,0.035199202597141266,0.428715
2,K,bert.encoder.layer.2.attention.self.key,0.03529256582260132,0.429215
2,K,bert.encoder.layer.2.attention.self.key,0.03538133203983307,0.429715
2,K,bert.encoder.layer.2.attention.self.key,0.03545783460140228,0.430215
2,K,bert.encoder.layer.2.attention.self.key,0.03554315119981766,0.430715
2,K,bert.encoder.layer.2.attention.self.key,0.035621676594018936,0.431215
2,K,bert.encoder.layer.2.attention.self.key,0.03569335862994194,0.431715
2,K,bert.encoder.layer.2.attention.self.key,0.035776328295469284,0.432215
2,K,bert.encoder.layer.2.attention.self.key,0.035846032202243805,0.432715
2,K,bert.encoder.layer.2.attention.self.key,0.03591214865446091,0.433215
2,K,bert.encoder.layer.2.attention.self.key,0.03599202260375023,0.433715
2,K,bert.encoder.layer.2.attention.self.key,0.03606646507978439,0.434215
2,K,bert.encoder.layer.2.attention.self.key,0.03615700826048851,0.43472
2,K,bert.encoder.layer.2.attention.self.key,0.03623870387673378,0.43522
2,K,bert.encoder.layer.2.attention.self.key,0.0363122932612896,0.43572
2,K,bert.encoder.layer.2.attention.self.key,0.03641068935394287,0.43622
2,K,bert.encoder.layer.2.attention.self.key,0.0364777073264122,0.43672
2,K,bert.encoder.layer.2.attention.self.key,0.036561962217092514,0.43722
2,K,bert.encoder.layer.2.attention.self.key,0.03664647787809372,0.43772
2,K,bert.encoder.layer.2.attention.self.key,0.03672165423631668,0.43822
2,K,bert.encoder.layer.2.attention.self.key,0.03682217374444008,0.43872
2,K,bert.encoder.layer.2.attention.self.key,0.0368969663977623,0.43922
2,K,bert.encoder.layer.2.attention.self.key,0.036981191486120224,0.43972
2,K,bert.encoder.layer.2.attention.self.key,0.03705163672566414,0.44022
2,K,bert.encoder.layer.2.attention.self.key,0.03713424131274223,0.44072
2,K,bert.encoder.layer.2.attention.self.key,0.03722251206636429,0.44122
2,K,bert.encoder.layer.2.attention.self.key,0.037307389080524445,0.44172
2,K,bert.encoder.layer.2.attention.self.key,0.037379760295152664,0.44222
2,K,bert.encoder.layer.2.attention.self.key,0.03744957596063614,0.44272
2,K,bert.encoder.layer.2.attention.self.key,0.037523653358221054,0.44322
2,K,bert.encoder.layer.2.attention.self.key,0.03761906549334526,0.44372
2,K,bert.encoder.layer.2.attention.self.key,0.03770697861909866,0.44422
2,K,bert.encoder.layer.2.attention.self.key,0.03778162971138954,0.444725
2,K,bert.encoder.layer.2.attention.self.key,0.03786170110106468,0.445225
2,K,bert.encoder.layer.2.attention.self.key,0.03793088719248772,0.445725
2,K,bert.encoder.layer.2.attention.self.key,0.0380149781703949,0.446225
2,K,bert.encoder.layer.2.attention.self.key,0.03808804973959923,0.446725
2,K,bert.encoder.layer.2.attention.self.key,0.03816208988428116,0.447225
2,K,bert.encoder.layer.2.attention.self.key,0.03822927549481392,0.447725
2,K,bert.encoder.layer.2.attention.self.key,0.038315191864967346,0.448225
2,K,bert.encoder.layer.2.attention.self.key,0.03840162232518196,0.448725
2,K,bert.encoder.layer.2.attention.self.key,0.03849250450730324,0.449225
2,K,bert.encoder.layer.2.attention.self.key,0.038574714213609695,0.449725
2,K,bert.encoder.layer.2.attention.self.key,0.038664720952510834,0.450225
2,K,bert.encoder.layer.2.attention.self.key,0.038748860359191895,0.450725
2,K,bert.encoder.layer.2.attention.self.key,0.03883024677634239,0.451225
2,K,bert.encoder.layer.2.attention.self.key,0.03891614452004433,0.451725
2,K,bert.encoder.layer.2.attention.self.key,0.03900500759482384,0.452225
2,K,bert.encoder.layer.2.attention.self.key,0.03907160088419914,0.452725
2,K,bert.encoder.layer.2.attention.self.key,0.03916613757610321,0.453225
2,K,bert.encoder.layer.2.attention.self.key,0.03924618661403656,0.453725
2,K,bert.encoder.layer.2.attention.self.key,0.03932155668735504,0.454225
2,K,bert.encoder.layer.2.attention.self.key,0.03940143808722496,0.45473
2,K,bert.encoder.layer.2.attention.self.key,0.03947386145591736,0.45523
2,K,bert.encoder.layer.2.attention.self.key,0.0395582877099514,0.45573
2,K,bert.encoder.layer.2.attention.self.key,0.039652153849601746,0.45623
2,K,bert.encoder.layer.2.attention.self.key,0.039749134331941605,0.45673
2,K,bert.encoder.layer.2.attention.self.key,0.03984128683805466,0.45723
2,K,bert.encoder.layer.2.attention.self.key,0.03991752117872238,0.45773
2,K,bert.encoder.layer.2.attention.self.key,0.04000300541520119,0.45823
2,K,bert.encoder.layer.2.attention.self.key,0.040087081491947174,0.45873
2,K,bert.encoder.layer.2.attention.self.key,0.04017237201333046,0.45923
2,K,bert.encoder.layer.2.attention.self.key,0.04025981202721596,0.45973
2,K,bert.encoder.layer.2.attention.self.key,0.040343206375837326,0.46023
2,K,bert.encoder.layer.2.attention.self.key,0.04042739421129227,0.46073
2,K,bert.encoder.layer.2.attention.self.key,0.04051264002919197,0.46123
2,K,bert.encoder.layer.2.attention.self.key,0.04059739410877228,0.46173
2,K,bert.encoder.layer.2.attention.self.key,0.04068201780319214,0.46223
2,K,bert.encoder.layer.2.attention.self.key,0.04076588526368141,0.46273
2,K,bert.encoder.layer.2.attention.self.key,0.04085890203714371,0.46323
2,K,bert.encoder.layer.2.attention.self.key,0.04094855114817619,0.46373
2,K,bert.encoder.layer.2.attention.self.key,0.041039589792490005,0.46423
2,K,bert.encoder.layer.2.attention.self.key,0.0411059632897377,0.464735
2,K,bert.encoder.layer.2.attention.self.key,0.04118127003312111,0.465235
2,K,bert.encoder.layer.2.attention.self.key,0.04125349596142769,0.465735
2,K,bert.encoder.layer.2.attention.self.key,0.041338153183460236,0.466235
2,K,bert.encoder.layer.2.attention.self.key,0.04142094403505325,0.466735
2,K,bert.encoder.layer.2.attention.self.key,0.04151958227157593,0.467235
2,K,bert.encoder.layer.2.attention.self.key,0.041590701788663864,0.467735
2,K,bert.encoder.layer.2.attention.self.key,0.0416780561208725,0.468235
2,K,bert.encoder.layer.2.attention.self.key,0.0417589507997036,0.468735
2,K,bert.encoder.layer.2.attention.self.key,0.041857264935970306,0.469235
2,K,bert.encoder.layer.2.attention.self.key,0.04194306954741478,0.469735
2,K,bert.encoder.layer.2.attention.self.key,0.042034268379211426,0.470235
2,K,bert.encoder.layer.2.attention.self.key,0.042130641639232635,0.470735
2,K,bert.encoder.layer.2.attention.self.key,0.042220793664455414,0.471235
2,K,bert.encoder.layer.2.attention.self.key,0.04230702668428421,0.471735
2,K,bert.encoder.layer.2.attention.self.key,0.0423843190073967,0.472235
2,K,bert.encoder.layer.2.attention.self.key,0.04247593879699707,0.472735
2,K,bert.encoder.layer.2.attention.self.key,0.04256589338183403,0.473235
2,K,bert.encoder.layer.2.attention.self.key,0.04266362264752388,0.473735
2,K,bert.encoder.layer.2.attention.self.key,0.04275063797831535,0.474235
2,K,bert.encoder.layer.2.attention.self.key,0.042830321937799454,0.474735
2,K,bert.encoder.layer.2.attention.self.key,0.04292928799986839,0.47524
2,K,bert.encoder.layer.2.attention.self.key,0.04301493614912033,0.47574
2,K,bert.encoder.layer.2.attention.self.key,0.04310011863708496,0.47624
2,K,bert.encoder.layer.2.attention.self.key,0.043189261108636856,0.47674
2,K,bert.encoder.layer.2.attention.self.key,0.043282799422740936,0.47724
2,K,bert.encoder.layer.2.attention.self.key,0.04336550459265709,0.47774
2,K,bert.encoder.layer.2.attention.self.key,0.043452538549900055,0.47824
2,K,bert.encoder.layer.2.attention.self.key,0.043540600687265396,0.47874
2,K,bert.encoder.layer.2.attention.self.key,0.04361637681722641,0.47924
2,K,bert.encoder.layer.2.attention.self.key,0.04370274022221565,0.47974
2,K,bert.encoder.layer.2.attention.self.key,0.04381180927157402,0.48024
2,K,bert.encoder.layer.2.attention.self.key,0.043899454176425934,0.48074
2,K,bert.encoder.layer.2.attention.self.key,0.04398099705576897,0.48124
2,K,bert.encoder.layer.2.attention.self.key,0.04406512528657913,0.48174
2,K,bert.encoder.layer.2.attention.self.key,0.044146593660116196,0.48224
2,K,bert.encoder.layer.2.attention.self.key,0.04423791542649269,0.48274
2,K,bert.encoder.layer.2.attention.self.key,0.0443352647125721,0.48324
2,K,bert.encoder.layer.2.attention.self.key,0.044420547783374786,0.48374
2,K,bert.encoder.layer.2.attention.self.key,0.044522952288389206,0.48424
2,K,bert.encoder.layer.2.attention.self.key,0.04460123926401138,0.48474
2,K,bert.encoder.layer.2.attention.self.key,0.044687770307064056,0.485245
2,K,bert.encoder.layer.2.attention.self.key,0.04478492960333824,0.485745
2,K,bert.encoder.layer.2.attention.self.key,0.04486295208334923,0.486245
2,K,bert.encoder.layer.2.attention.self.key,0.04495565965771675,0.486745
2,K,bert.encoder.layer.2.attention.self.key,0.04506431147456169,0.487245
2,K,bert.encoder.layer.2.attention.self.key,0.04515081271529198,0.487745
2,K,bert.encoder.layer.2.attention.self.key,0.045238982886075974,0.488245
2,K,bert.encoder.layer.2.attention.self.key,0.04532075673341751,0.488745
2,K,bert.encoder.layer.2.attention.self.key,0.045408446341753006,0.489245
2,K,bert.encoder.layer.2.attention.self.key,0.04550078883767128,0.489745
2,K,bert.encoder.layer.2.attention.self.key,0.04559881240129471,0.490245
2,K,bert.encoder.layer.2.attention.self.key,0.04569914564490318,0.490745
2,K,bert.encoder.layer.2.attention.self.key,0.04579653963446617,0.491245
2,K,bert.encoder.layer.2.attention.self.key,0.045888788998126984,0.491745
2,K,bert.encoder.layer.2.attention.self.key,0.045989785343408585,0.492245
2,K,bert.encoder.layer.2.attention.self.key,0.04609261453151703,0.492745
2,K,bert.encoder.layer.2.attention.self.key,0.04619951546192169,0.493245
2,K,bert.encoder.layer.2.attention.self.key,0.04629050940275192,0.493745
2,K,bert.encoder.layer.2.attention.self.key,0.04639449343085289,0.494245
2,K,bert.encoder.layer.2.attention.self.key,0.046484362334012985,0.494745
2,K,bert.encoder.layer.2.attention.self.key,0.04656527191400528,0.49525
2,K,bert.encoder.layer.2.attention.self.key,0.04666934534907341,0.49575
2,K,bert.encoder.layer.2.attention.self.key,0.04676932096481323,0.49625
2,K,bert.encoder.layer.2.attention.self.key,0.04685559496283531,0.49675
2,K,bert.encoder.layer.2.attention.self.key,0.04695270583033562,0.49725
2,K,bert.encoder.layer.2.attention.self.key,0.04704194888472557,0.49775
2,K,bert.encoder.layer.2.attention.self.key,0.04715866968035698,0.49825
2,K,bert.encoder.layer.2.attention.self.key,0.047246214002370834,0.49875
2,K,bert.encoder.layer.2.attention.self.key,0.04733249917626381,0.49925
2,K,bert.encoder.layer.2.attention.self.key,0.04742724448442459,0.49975
2,K,bert.encoder.layer.2.attention.self.key,0.04752255231142044,0.50025
2,K,bert.encoder.layer.2.attention.self.key,0.04762471094727516,0.50075
2,K,bert.encoder.layer.2.attention.self.key,0.047715332359075546,0.50125
2,K,bert.encoder.layer.2.attention.self.key,0.04781192168593407,0.50175
2,K,bert.encoder.layer.2.attention.self.key,0.04789949953556061,0.50225
2,K,bert.encoder.layer.2.attention.self.key,0.047992315143346786,0.50275
2,K,bert.encoder.layer.2.attention.self.key,0.0480831153690815,0.50325
2,K,bert.encoder.layer.2.attention.self.key,0.04817463830113411,0.50375
2,K,bert.encoder.layer.2.attention.self.key,0.04827383533120155,0.50425
2,K,bert.encoder.layer.2.attention.self.key,0.048370178788900375,0.50475
2,K,bert.encoder.layer.2.attention.self.key,0.04845433682203293,0.505255
2,K,bert.encoder.layer.2.attention.self.key,0.04857500270009041,0.505755
2,K,bert.encoder.layer.2.attention.self.key,0.0486786849796772,0.506255
2,K,bert.encoder.layer.2.attention.self.key,0.04877191409468651,0.506755
2,K,bert.encoder.layer.2.attention.self.key,0.04886770620942116,0.507255
2,K,bert.encoder.layer.2.attention.self.key,0.048953499644994736,0.507755
2,K,bert.encoder.layer.2.attention.self.key,0.04903958737850189,0.508255
2,K,bert.encoder.layer.2.attention.self.key,0.049155499786138535,0.508755
2,K,bert.encoder.layer.2.attention.self.key,0.04925081878900528,0.509255
2,K,bert.encoder.layer.2.attention.self.key,0.049344561994075775,0.509755
2,K,bert.encoder.layer.2.attention.self.key,0.04944224655628204,0.510255
2,K,bert.encoder.layer.2.attention.self.key,0.049541398882865906,0.510755
2,K,bert.encoder.layer.2.attention.self.key,0.049643948674201965,0.511255
2,K,bert.encoder.layer.2.attention.self.key,0.04972786083817482,0.511755
2,K,bert.encoder.layer.2.attention.self.key,0.049852412194013596,0.512255
2,K,bert.encoder.layer.2.attention.self.key,0.049930643290281296,0.512755
2,K,bert.encoder.layer.2.attention.self.key,0.05004297196865082,0.513255
2,K,bert.encoder.layer.2.attention.self.key,0.050138261169195175,0.513755
2,K,bert.encoder.layer.2.attention.self.key,0.05024158954620361,0.514255
2,K,bert.encoder.layer.2.attention.self.key,0.050347473472356796,0.514755
2,K,bert.encoder.layer.2.attention.self.key,0.050445057451725006,0.51526
2,K,bert.encoder.layer.2.attention.self.key,0.05054653808474541,0.51576
2,K,bert.encoder.layer.2.attention.self.key,0.05062626674771309,0.51626
2,K,bert.encoder.layer.2.attention.self.key,0.05072503164410591,0.51676
2,K,bert.encoder.layer.2.attention.self.key,0.05083334818482399,0.51726
2,K,bert.encoder.layer.2.attention.self.key,0.05093422159552574,0.51776
2,K,bert.encoder.layer.2.attention.self.key,0.05102439969778061,0.51826
2,K,bert.encoder.layer.2.attention.self.key,0.05112012103199959,0.51876
2,K,bert.encoder.layer.2.attention.self.key,0.05121267959475517,0.51926
2,K,bert.encoder.layer.2.attention.self.key,0.05131302773952484,0.51976
2,K,bert.encoder.layer.2.attention.self.key,0.05139617621898651,0.52026
2,K,bert.encoder.layer.2.attention.self.key,0.05150582641363144,0.52076
2,K,bert.encoder.layer.2.attention.self.key,0.05160490423440933,0.52126
2,K,bert.encoder.layer.2.attention.self.key,0.05171612650156021,0.52176
2,K,bert.encoder.layer.2.attention.self.key,0.051817700266838074,0.52226
2,K,bert.encoder.layer.2.attention.self.key,0.05191105604171753,0.52276
2,K,bert.encoder.layer.2.attention.self.key,0.05201356112957001,0.52326
2,K,bert.encoder.layer.2.attention.self.key,0.05211787298321724,0.52376
2,K,bert.encoder.layer.2.attention.self.key,0.05222384259104729,0.52426
2,K,bert.encoder.layer.2.attention.self.key,0.052319929003715515,0.52476
2,K,bert.encoder.layer.2.attention.self.key,0.0524178184568882,0.525265
2,K,bert.encoder.layer.2.attention.self.key,0.05251001566648483,0.525765
2,K,bert.encoder.layer.2.attention.self.key,0.05258643254637718,0.526265
2,K,bert.encoder.layer.2.attention.self.key,0.052690230309963226,0.526765
2,K,bert.encoder.layer.2.attention.self.key,0.0527794174849987,0.527265
2,K,bert.encoder.layer.2.attention.self.key,0.05287718027830124,0.527765
2,K,bert.encoder.layer.2.attention.self.key,0.05297151207923889,0.528265
2,K,bert.encoder.layer.2.attention.self.key,0.05308397486805916,0.528765
2,K,bert.encoder.layer.2.attention.self.key,0.053196873515844345,0.529265
2,K,bert.encoder.layer.2.attention.self.key,0.05330216884613037,0.529765
2,K,bert.encoder.layer.2.attention.self.key,0.053397998213768005,0.530265
2,K,bert.encoder.layer.2.attention.self.key,0.053505636751651764,0.530765
2,K,bert.encoder.layer.2.attention.self.key,0.053605470806360245,0.531265
2,K,bert.encoder.layer.2.attention.self.key,0.053713031113147736,0.531765
2,K,bert.encoder.layer.2.attention.self.key,0.05380173772573471,0.532265
2,K,bert.encoder.layer.2.attention.self.key,0.05390852317214012,0.532765
2,K,bert.encoder.layer.2.attention.self.key,0.05400162935256958,0.533265
2,K,bert.encoder.layer.2.attention.self.key,0.05410052090883255,0.533765
2,K,bert.encoder.layer.2.attention.self.key,0.054206982254981995,0.534265
2,K,bert.encoder.layer.2.attention.self.key,0.05430816486477852,0.534765
2,K,bert.encoder.layer.2.attention.self.key,0.05442528426647186,0.535265
2,K,bert.encoder.layer.2.attention.self.key,0.05454174056649208,0.53577
2,K,bert.encoder.layer.2.attention.self.key,0.05464446544647217,0.53627
2,K,bert.encoder.layer.2.attention.self.key,0.05473822355270386,0.53677
2,K,bert.encoder.layer.2.attention.self.key,0.05483314022421837,0.53727
2,K,bert.encoder.layer.2.attention.self.key,0.05493588373064995,0.53777
2,K,bert.encoder.layer.2.attention.self.key,0.0550350546836853,0.53827
2,K,bert.encoder.layer.2.attention.self.key,0.05513264611363411,0.53877
2,K,bert.encoder.layer.2.attention.self.key,0.055238932371139526,0.53927
2,K,bert.encoder.layer.2.attention.self.key,0.055332135409116745,0.53977
2,K,bert.encoder.layer.2.attention.self.key,0.05543147400021553,0.54027
2,K,bert.encoder.layer.2.attention.self.key,0.05552942305803299,0.54077
2,K,bert.encoder.layer.2.attention.self.key,0.05564938858151436,0.54127
2,K,bert.encoder.layer.2.attention.self.key,0.05579053610563278,0.54177
2,K,bert.encoder.layer.2.attention.self.key,0.05590294674038887,0.54227
2,K,bert.encoder.layer.2.attention.self.key,0.055998869240283966,0.54277
2,K,bert.encoder.layer.2.attention.self.key,0.056080978363752365,0.54327
2,K,bert.encoder.layer.2.attention.self.key,0.056183718144893646,0.54377
2,K,bert.encoder.layer.2.attention.self.key,0.05628727748990059,0.54427
2,K,bert.encoder.layer.2.attention.self.key,0.056407734751701355,0.54477
2,K,bert.encoder.layer.2.attention.self.key,0.05650314688682556,0.54527
2,K,bert.encoder.layer.2.attention.self.key,0.05661705881357193,0.545775
2,K,bert.encoder.layer.2.attention.self.key,0.0567132942378521,0.546275
2,K,bert.encoder.layer.2.attention.self.key,0.05681171640753746,0.546775
2,K,bert.encoder.layer.2.attention.self.key,0.05691057816147804,0.547275
2,K,bert.encoder.layer.2.attention.self.key,0.05704387277364731,0.547775
2,K,bert.encoder.layer.2.attention.self.key,0.057155631482601166,0.548275
2,K,bert.encoder.layer.2.attention.self.key,0.05725604668259621,0.548775
2,K,bert.encoder.layer.2.attention.self.key,0.0573568269610405,0.549275
2,K,bert.encoder.layer.2.attention.self.key,0.05746227875351906,0.549775
2,K,bert.encoder.layer.2.attention.self.key,0.05756010860204697,0.550275
2,K,bert.encoder.layer.2.attention.self.key,0.05767270550131798,0.550775
2,K,bert.encoder.layer.2.attention.self.key,0.05777159705758095,0.551275
2,K,bert.encoder.layer.2.attention.self.key,0.0578734464943409,0.551775
2,K,bert.encoder.layer.2.attention.self.key,0.05796852707862854,0.552275
2,K,bert.encoder.layer.2.attention.self.key,0.058094196021556854,0.552775
2,K,bert.encoder.layer.2.attention.self.key,0.058205801993608475,0.553275
2,K,bert.encoder.layer.2.attention.self.key,0.05829353630542755,0.553775
2,K,bert.encoder.layer.2.attention.self.key,0.05840826779603958,0.554275
2,K,bert.encoder.layer.2.attention.self.key,0.058518752455711365,0.554775
2,K,bert.encoder.layer.2.attention.self.key,0.05862804129719734,0.555275
2,K,bert.encoder.layer.2.attention.self.key,0.05873607471585274,0.55578
2,K,bert.encoder.layer.2.attention.self.key,0.05884506180882454,0.55628
2,K,bert.encoder.layer.2.attention.self.key,0.05895661935210228,0.55678
2,K,bert.encoder.layer.2.attention.self.key,0.05906945839524269,0.55728
2,K,bert.encoder.layer.2.attention.self.key,0.0591861717402935,0.55778
2,K,bert.encoder.layer.2.attention.self.key,0.05929074063897133,0.55828
2,K,bert.encoder.layer.2.attention.self.key,0.05940955877304077,0.55878
2,K,bert.encoder.layer.2.attention.self.key,0.059521421790122986,0.55928
2,K,bert.encoder.layer.2.attention.self.key,0.059625837951898575,0.55978
2,K,bert.encoder.layer.2.attention.self.key,0.05975670367479324,0.56028
2,K,bert.encoder.layer.2.attention.self.key,0.059866294264793396,0.56078
2,K,bert.encoder.layer.2.attention.self.key,0.059976521879434586,0.56128
2,K,bert.encoder.layer.2.attention.self.key,0.060091741383075714,0.56178
2,K,bert.encoder.layer.2.attention.self.key,0.06021018326282501,0.56228
2,K,bert.encoder.layer.2.attention.self.key,0.06031614914536476,0.56278
2,K,bert.encoder.layer.2.attention.self.key,0.060445595532655716,0.56328
2,K,bert.encoder.layer.2.attention.self.key,0.06056628003716469,0.56378
2,K,bert.encoder.layer.2.attention.self.key,0.06067843735218048,0.56428
2,K,bert.encoder.layer.2.attention.self.key,0.060790956020355225,0.56478
2,K,bert.encoder.layer.2.attention.self.key,0.06088633835315704,0.56528
2,K,bert.encoder.layer.2.attention.self.key,0.06102064996957779,0.565785
2,K,bert.encoder.layer.2.attention.self.key,0.06112927570939064,0.566285
2,K,bert.encoder.layer.2.attention.self.key,0.061240971088409424,0.566785
2,K,bert.encoder.layer.2.attention.self.key,0.06134705990552902,0.567285
2,K,bert.encoder.layer.2.attention.self.key,0.06145673617720604,0.567785
2,K,bert.encoder.layer.2.attention.self.key,0.06158841401338577,0.568285
2,K,bert.encoder.layer.2.attention.self.key,0.061697881668806076,0.568785
2,K,bert.encoder.layer.2.attention.self.key,0.06182565912604332,0.569285
2,K,bert.encoder.layer.2.attention.self.key,0.061942536383867264,0.569785
2,K,bert.encoder.layer.2.attention.self.key,0.06205866113305092,0.570285
2,K,bert.encoder.layer.2.attention.self.key,0.06218970939517021,0.570785
2,K,bert.encoder.layer.2.attention.self.key,0.06230662018060684,0.571285
2,K,bert.encoder.layer.2.attention.self.key,0.06241763010621071,0.571785
2,K,bert.encoder.layer.2.attention.self.key,0.06253159046173096,0.572285
2,K,bert.encoder.layer.2.attention.self.key,0.06264397501945496,0.572785
2,K,bert.encoder.layer.2.attention.self.key,0.06275634467601776,0.573285
2,K,bert.encoder.layer.2.attention.self.key,0.06287483125925064,0.573785
2,K,bert.encoder.layer.2.attention.self.key,0.062985859811306,0.574285
2,K,bert.encoder.layer.2.attention.self.key,0.06308863312005997,0.574785
2,K,bert.encoder.layer.2.attention.self.key,0.06322029232978821,0.575285
2,K,bert.encoder.layer.2.attention.self.key,0.06334751844406128,0.57579
2,K,bert.encoder.layer.2.attention.self.key,0.06348501145839691,0.57629
2,K,bert.encoder.layer.2.attention.self.key,0.06360700726509094,0.57679
2,K,bert.encoder.layer.2.attention.self.key,0.06372132897377014,0.57729
2,K,bert.encoder.layer.2.attention.self.key,0.06383811682462692,0.57779
2,K,bert.encoder.layer.2.attention.self.key,0.06397468596696854,0.57829
2,K,bert.encoder.layer.2.attention.self.key,0.06409678608179092,0.57879
2,K,bert.encoder.layer.2.attention.self.key,0.0642082691192627,0.57929
2,K,bert.encoder.layer.2.attention.self.key,0.0643487274646759,0.57979
2,K,bert.encoder.layer.2.attention.self.key,0.06449214369058609,0.58029
2,K,bert.encoder.layer.2.attention.self.key,0.06462641060352325,0.58079
2,K,bert.encoder.layer.2.attention.self.key,0.06477928906679153,0.58129
2,K,bert.encoder.layer.2.attention.self.key,0.06488371640443802,0.58179
2,K,bert.encoder.layer.2.attention.self.key,0.0649976059794426,0.58229
2,K,bert.encoder.layer.2.attention.self.key,0.0651312991976738,0.58279
2,K,bert.encoder.layer.2.attention.self.key,0.06525721400976181,0.58329
2,K,bert.encoder.layer.2.attention.self.key,0.06537620723247528,0.58379
2,K,bert.encoder.layer.2.attention.self.key,0.06549619883298874,0.58429
2,K,bert.encoder.layer.2.attention.self.key,0.06563109904527664,0.58479
2,K,bert.encoder.layer.2.attention.self.key,0.06575451046228409,0.58529
2,K,bert.encoder.layer.2.attention.self.key,0.06587916612625122,0.58579
2,K,bert.encoder.layer.2.attention.self.key,0.0660037249326706,0.586295
2,K,bert.encoder.layer.2.attention.self.key,0.06612043082714081,0.586795
2,K,bert.encoder.layer.2.attention.self.key,0.0662531703710556,0.587295
2,K,bert.encoder.layer.2.attention.self.key,0.0663733258843422,0.587795
2,K,bert.encoder.layer.2.attention.self.key,0.0664941817522049,0.588295
2,K,bert.encoder.layer.2.attention.self.key,0.06661622226238251,0.588795
2,K,bert.encoder.layer.2.attention.self.key,0.06675142794847488,0.589295
2,K,bert.encoder.layer.2.attention.self.key,0.06688249111175537,0.589795
2,K,bert.encoder.layer.2.attention.self.key,0.06704320013523102,0.590295
2,K,bert.encoder.layer.2.attention.self.key,0.06714584678411484,0.590795
2,K,bert.encoder.layer.2.attention.self.key,0.06728647649288177,0.591295
2,K,bert.encoder.layer.2.attention.self.key,0.06740687042474747,0.591795
2,K,bert.encoder.layer.2.attention.self.key,0.0675380676984787,0.592295
2,K,bert.encoder.layer.2.attention.self.key,0.06768710166215897,0.592795
2,K,bert.encoder.layer.2.attention.self.key,0.06778720766305923,0.593295
2,K,bert.encoder.layer.2.attention.self.key,0.06791920214891434,0.593795
2,K,bert.encoder.layer.2.attention.self.key,0.06804418563842773,0.594295
2,K,bert.encoder.layer.2.attention.self.key,0.06816372275352478,0.594795
2,K,bert.encoder.layer.2.attention.self.key,0.06828849017620087,0.595295
2,K,bert.encoder.layer.2.attention.self.key,0.06840694695711136,0.595795
2,K,bert.encoder.layer.2.attention.self.key,0.06854864209890366,0.5963
2,K,bert.encoder.layer.2.attention.self.key,0.06868869066238403,0.5968
2,K,bert.encoder.layer.2.attention.self.key,0.06881222873926163,0.5973
2,K,bert.encoder.layer.2.attention.self.key,0.06892253458499908,0.5978
2,K,bert.encoder.layer.2.attention.self.key,0.06904441863298416,0.5983
2,K,bert.encoder.layer.2.attention.self.key,0.06918255984783173,0.5988
2,K,bert.encoder.layer.2.attention.self.key,0.06929042935371399,0.5993
2,K,bert.encoder.layer.2.attention.self.key,0.06941520422697067,0.5998
2,K,bert.encoder.layer.2.attention.self.key,0.06956882029771805,0.6003
2,K,bert.encoder.layer.2.attention.self.key,0.06969217211008072,0.6008
2,K,bert.encoder.layer.2.attention.self.key,0.06979649513959885,0.6013
2,K,bert.encoder.layer.2.attention.self.key,0.06992855668067932,0.6018
2,K,bert.encoder.layer.2.attention.self.key,0.07005269080400467,0.6023
2,K,bert.encoder.layer.2.attention.self.key,0.07016925513744354,0.6028
2,K,bert.encoder.layer.2.attention.self.key,0.07026807963848114,0.6033
2,K,bert.encoder.layer.2.attention.self.key,0.07040524482727051,0.6038
2,K,bert.encoder.layer.2.attention.self.key,0.07054246217012405,0.6043
2,K,bert.encoder.layer.2.attention.self.key,0.0706603154540062,0.6048
2,K,bert.encoder.layer.2.attention.self.key,0.07079916447401047,0.6053
2,K,bert.encoder.layer.2.attention.self.key,0.07093264907598495,0.6058
2,K,bert.encoder.layer.2.attention.self.key,0.07105858623981476,0.606305
2,K,bert.encoder.layer.2.attention.self.key,0.07119923830032349,0.606805
2,K,bert.encoder.layer.2.attention.self.key,0.07134021818637848,0.607305
2,K,bert.encoder.layer.2.attention.self.key,0.07147125154733658,0.607805
2,K,bert.encoder.layer.2.attention.self.key,0.07160083204507828,0.608305
2,K,bert.encoder.layer.2.attention.self.key,0.07173020392656326,0.608805
2,K,bert.encoder.layer.2.attention.self.key,0.07186435908079147,0.609305
2,K,bert.encoder.layer.2.attention.self.key,0.07200523465871811,0.609805
2,K,bert.encoder.layer.2.attention.self.key,0.07215461134910583,0.610305
2,K,bert.encoder.layer.2.attention.self.key,0.07228364050388336,0.610805
2,K,bert.encoder.layer.2.attention.self.key,0.0724090114235878,0.611305
2,K,bert.encoder.layer.2.attention.self.key,0.07253526151180267,0.611805
2,K,bert.encoder.layer.2.attention.self.key,0.07267042249441147,0.612305
2,K,bert.encoder.layer.2.attention.self.key,0.07282044738531113,0.612805
2,K,bert.encoder.layer.2.attention.self.key,0.07297450304031372,0.613305
2,K,bert.encoder.layer.2.attention.self.key,0.07308805733919144,0.613805
2,K,bert.encoder.layer.2.attention.self.key,0.07321234792470932,0.614305
2,K,bert.encoder.layer.2.attention.self.key,0.07332354784011841,0.614805
2,K,bert.encoder.layer.2.attention.self.key,0.07347381860017776,0.615305
2,K,bert.encoder.layer.2.attention.self.key,0.073602095246315,0.615805
2,K,bert.encoder.layer.2.attention.self.key,0.07371493428945541,0.61631
2,K,bert.encoder.layer.2.attention.self.key,0.07385320216417313,0.61681
2,K,bert.encoder.layer.2.attention.self.key,0.07398975640535355,0.61731
2,K,bert.encoder.layer.2.attention.self.key,0.0741458311676979,0.61781
2,K,bert.encoder.layer.2.attention.self.key,0.07429957389831543,0.61831
2,K,bert.encoder.layer.2.attention.self.key,0.07443994283676147,0.61881
2,K,bert.encoder.layer.2.attention.self.key,0.07456765323877335,0.61931
2,K,bert.encoder.layer.2.attention.self.key,0.07471060752868652,0.61981
2,K,bert.encoder.layer.2.attention.self.key,0.07485438883304596,0.62031
2,K,bert.encoder.layer.2.attention.self.key,0.07498510181903839,0.62081
2,K,bert.encoder.layer.2.attention.self.key,0.07512674480676651,0.62131
2,K,bert.encoder.layer.2.attention.self.key,0.07524871826171875,0.62181
2,K,bert.encoder.layer.2.attention.self.key,0.07540089637041092,0.62231
2,K,bert.encoder.layer.2.attention.self.key,0.07557079195976257,0.62281
2,K,bert.encoder.layer.2.attention.self.key,0.07570914924144745,0.62331
2,K,bert.encoder.layer.2.attention.self.key,0.07587751001119614,0.62381
2,K,bert.encoder.layer.2.attention.self.key,0.07600570470094681,0.62431
2,K,bert.encoder.layer.2.attention.self.key,0.0761355608701706,0.62481
2,K,bert.encoder.layer.2.attention.self.key,0.07625329494476318,0.62531
2,K,bert.encoder.layer.2.attention.self.key,0.07638277113437653,0.62581
2,K,bert.encoder.layer.2.attention.self.key,0.0765189453959465,0.626315
2,K,bert.encoder.layer.2.attention.self.key,0.07662969082593918,0.626815
2,K,bert.encoder.layer.2.attention.self.key,0.07675907760858536,0.627315
2,K,bert.encoder.layer.2.attention.self.key,0.07686541974544525,0.627815
2,K,bert.encoder.layer.2.attention.self.key,0.07699225842952728,0.628315
2,K,bert.encoder.layer.2.attention.self.key,0.0771188959479332,0.628815
2,K,bert.encoder.layer.2.attention.self.key,0.07725263386964798,0.629315
2,K,bert.encoder.layer.2.attention.self.key,0.07740399986505508,0.629815
2,K,bert.encoder.layer.2.attention.self.key,0.07755028456449509,0.630315
2,K,bert.encoder.layer.2.attention.self.key,0.077684186398983,0.630815
2,K,bert.encoder.layer.2.attention.self.key,0.07780084758996964,0.631315
2,K,bert.encoder.layer.2.attention.self.key,0.07793836295604706,0.631815
2,K,bert.encoder.layer.2.attention.self.key,0.07809055596590042,0.632315
2,K,bert.encoder.layer.2.attention.self.key,0.07824794948101044,0.632815
2,K,bert.encoder.layer.2.attention.self.key,0.07838216423988342,0.633315
2,K,bert.encoder.layer.2.attention.self.key,0.07849586009979248,0.633815
2,K,bert.encoder.layer.2.attention.self.key,0.07861732691526413,0.634315
2,K,bert.encoder.layer.2.attention.self.key,0.07875203341245651,0.634815
2,K,bert.encoder.layer.2.attention.self.key,0.07887949794530869,0.635315
2,K,bert.encoder.layer.2.attention.self.key,0.07902040332555771,0.635815
2,K,bert.encoder.layer.2.attention.self.key,0.07913880795240402,0.636315
2,K,bert.encoder.layer.2.attention.self.key,0.07928182929754257,0.63682
2,K,bert.encoder.layer.2.attention.self.key,0.0794387236237526,0.63732
2,K,bert.encoder.layer.2.attention.self.key,0.07955857366323471,0.63782
2,K,bert.encoder.layer.2.attention.self.key,0.07971569150686264,0.63832
2,K,bert.encoder.layer.2.attention.self.key,0.07986848056316376,0.63882
2,K,bert.encoder.layer.2.attention.self.key,0.08001813292503357,0.63932
2,K,bert.encoder.layer.2.attention.self.key,0.08016447722911835,0.63982
2,K,bert.encoder.layer.2.attention.self.key,0.0803103968501091,0.64032
2,K,bert.encoder.layer.2.attention.self.key,0.0804479643702507,0.64082
2,K,bert.encoder.layer.2.attention.self.key,0.08058380335569382,0.64132
2,K,bert.encoder.layer.2.attention.self.key,0.08072979748249054,0.64182
2,K,bert.encoder.layer.2.attention.self.key,0.08087803423404694,0.64232
2,K,bert.encoder.layer.2.attention.self.key,0.08104221522808075,0.64282
2,K,bert.encoder.layer.2.attention.self.key,0.08120057731866837,0.64332
2,K,bert.encoder.layer.2.attention.self.key,0.08135133981704712,0.64382
2,K,bert.encoder.layer.2.attention.self.key,0.08149132132530212,0.64432
2,K,bert.encoder.layer.2.attention.self.key,0.0816357433795929,0.64482
2,K,bert.encoder.layer.2.attention.self.key,0.08180215954780579,0.64532
2,K,bert.encoder.layer.2.attention.self.key,0.08196821808815002,0.64582
2,K,bert.encoder.layer.2.attention.self.key,0.08214119076728821,0.64632
2,K,bert.encoder.layer.2.attention.self.key,0.08227724581956863,0.646825
2,K,bert.encoder.layer.2.attention.self.key,0.08241932094097137,0.647325
2,K,bert.encoder.layer.2.attention.self.key,0.0825679674744606,0.647825
2,K,bert.encoder.layer.2.attention.self.key,0.08273422718048096,0.648325
2,K,bert.encoder.layer.2.attention.self.key,0.08289606124162674,0.648825
2,K,bert.encoder.layer.2.attention.self.key,0.08302716910839081,0.649325
2,K,bert.encoder.layer.2.attention.self.key,0.08317391574382782,0.649825
2,K,bert.encoder.layer.2.attention.self.key,0.08330988138914108,0.650325
2,K,bert.encoder.layer.2.attention.self.key,0.08343467861413956,0.650825
2,K,bert.encoder.layer.2.attention.self.key,0.0835685059428215,0.651325
2,K,bert.encoder.layer.2.attention.self.key,0.08372890204191208,0.651825
2,K,bert.encoder.layer.2.attention.self.key,0.08387713134288788,0.652325
2,K,bert.encoder.layer.2.attention.self.key,0.08402993530035019,0.652825
2,K,bert.encoder.layer.2.attention.self.key,0.08417268097400665,0.653325
2,K,bert.encoder.layer.2.attention.self.key,0.08432246744632721,0.653825
2,K,bert.encoder.layer.2.attention.self.key,0.08447013795375824,0.654325
2,K,bert.encoder.layer.2.attention.self.key,0.08462338149547577,0.654825
2,K,bert.encoder.layer.2.attention.self.key,0.08476942032575607,0.655325
2,K,bert.encoder.layer.2.attention.self.key,0.08492535352706909,0.655825
2,K,bert.encoder.layer.2.attention.self.key,0.08505643159151077,0.656325
2,K,bert.encoder.layer.2.attention.self.key,0.08521314710378647,0.65683
2,K,bert.encoder.layer.2.attention.self.key,0.08540082722902298,0.65733
2,K,bert.encoder.layer.2.attention.self.key,0.08555587381124496,0.65783
2,K,bert.encoder.layer.2.attention.self.key,0.08570976555347443,0.65833
2,K,bert.encoder.layer.2.attention.self.key,0.0858798623085022,0.65883
2,K,bert.encoder.layer.2.attention.self.key,0.08606098592281342,0.65933
2,K,bert.encoder.layer.2.attention.self.key,0.08622818440198898,0.65983
2,K,bert.encoder.layer.2.attention.self.key,0.08639594912528992,0.66033
2,K,bert.encoder.layer.2.attention.self.key,0.08657347410917282,0.66083
2,K,bert.encoder.layer.2.attention.self.key,0.08673147857189178,0.66133
2,K,bert.encoder.layer.2.attention.self.key,0.08689651638269424,0.66183
2,K,bert.encoder.layer.2.attention.self.key,0.08705166727304459,0.66233
2,K,bert.encoder.layer.2.attention.self.key,0.08719424158334732,0.66283
2,K,bert.encoder.layer.2.attention.self.key,0.08733271062374115,0.66333
2,K,bert.encoder.layer.2.attention.self.key,0.08750028908252716,0.66383
2,K,bert.encoder.layer.2.attention.self.key,0.087663434445858,0.66433
2,K,bert.encoder.layer.2.attention.self.key,0.08786576241254807,0.66483
2,K,bert.encoder.layer.2.attention.self.key,0.08802207559347153,0.66533
2,K,bert.encoder.layer.2.attention.self.key,0.0881686583161354,0.66583
2,K,bert.encoder.layer.2.attention.self.key,0.08832557499408722,0.66633
2,K,bert.encoder.layer.2.attention.self.key,0.08849085122346878,0.666835
2,K,bert.encoder.layer.2.attention.self.key,0.08865197747945786,0.667335
2,K,bert.encoder.layer.2.attention.self.key,0.08882735669612885,0.667835
2,K,bert.encoder.layer.2.attention.self.key,0.08900031447410583,0.668335
2,K,bert.encoder.layer.2.attention.self.key,0.08919674903154373,0.668835
2,K,bert.encoder.layer.2.attention.self.key,0.0893460214138031,0.669335
2,K,bert.encoder.layer.2.attention.self.key,0.08949381113052368,0.669835
2,K,bert.encoder.layer.2.attention.self.key,0.08964132517576218,0.670335
2,K,bert.encoder.layer.2.attention.self.key,0.08982068300247192,0.670835
2,K,bert.encoder.layer.2.attention.self.key,0.08998607844114304,0.671335
2,K,bert.encoder.layer.2.attention.self.key,0.09016352891921997,0.671835
2,K,bert.encoder.layer.2.attention.self.key,0.09032823890447617,0.672335
2,K,bert.encoder.layer.2.attention.self.key,0.09049765020608902,0.672835
2,K,bert.encoder.layer.2.attention.self.key,0.09065864980220795,0.673335
2,K,bert.encoder.layer.2.attention.self.key,0.09081625193357468,0.673835
2,K,bert.encoder.layer.2.attention.self.key,0.0909733921289444,0.674335
2,K,bert.encoder.layer.2.attention.self.key,0.09115219116210938,0.674835
2,K,bert.encoder.layer.2.attention.self.key,0.091306671500206,0.675335
2,K,bert.encoder.layer.2.attention.self.key,0.09148125350475311,0.675835
2,K,bert.encoder.layer.2.attention.self.key,0.09163416922092438,0.676335
2,K,bert.encoder.layer.2.attention.self.key,0.09181171655654907,0.67684
2,K,bert.encoder.layer.2.attention.self.key,0.09194664657115936,0.67734
2,K,bert.encoder.layer.2.attention.self.key,0.09211672842502594,0.67784
2,K,bert.encoder.layer.2.attention.self.key,0.09226270020008087,0.67834
2,K,bert.encoder.layer.2.attention.self.key,0.09243453294038773,0.67884
2,K,bert.encoder.layer.2.attention.self.key,0.0926143005490303,0.67934
2,K,bert.encoder.layer.2.attention.self.key,0.09276700019836426,0.67984
2,K,bert.encoder.layer.2.attention.self.key,0.09294966608285904,0.68034
2,K,bert.encoder.layer.2.attention.self.key,0.09314039349555969,0.68084
2,K,bert.encoder.layer.2.attention.self.key,0.09332973510026932,0.68134
2,K,bert.encoder.layer.2.attention.self.key,0.09349488466978073,0.68184
2,K,bert.encoder.layer.2.attention.self.key,0.09367326647043228,0.68234
2,K,bert.encoder.layer.2.attention.self.key,0.09383784979581833,0.68284
2,K,bert.encoder.layer.2.attention.self.key,0.09398514032363892,0.68334
2,K,bert.encoder.layer.2.attention.self.key,0.09415079653263092,0.68384
2,K,bert.encoder.layer.2.attention.self.key,0.09429039061069489,0.68434
2,K,bert.encoder.layer.2.attention.self.key,0.09443067014217377,0.68484
2,K,bert.encoder.layer.2.attention.self.key,0.09463611990213394,0.68534
2,K,bert.encoder.layer.2.attention.self.key,0.09483146667480469,0.68584
2,K,bert.encoder.layer.2.attention.self.key,0.0949881449341774,0.68634
2,K,bert.encoder.layer.2.attention.self.key,0.0951363816857338,0.68684
2,K,bert.encoder.layer.2.attention.self.key,0.09535714238882065,0.687345
2,K,bert.encoder.layer.2.attention.self.key,0.09553521871566772,0.687845
2,K,bert.encoder.layer.2.attention.self.key,0.09569591283798218,0.688345
2,K,bert.encoder.layer.2.attention.self.key,0.0958922877907753,0.688845
2,K,bert.encoder.layer.2.attention.self.key,0.09606901556253433,0.689345
2,K,bert.encoder.layer.2.attention.self.key,0.09624181687831879,0.689845
2,K,bert.encoder.layer.2.attention.self.key,0.09641390293836594,0.690345
2,K,bert.encoder.layer.2.attention.self.key,0.09661819040775299,0.690845
2,K,bert.encoder.layer.2.attention.self.key,0.09680183231830597,0.691345
2,K,bert.encoder.layer.2.attention.self.key,0.09701227396726608,0.691845
2,K,bert.encoder.layer.2.attention.self.key,0.09717011451721191,0.692345
2,K,bert.encoder.layer.2.attention.self.key,0.09733805805444717,0.692845
2,K,bert.encoder.layer.2.attention.self.key,0.09752596169710159,0.693345
2,K,bert.encoder.layer.2.attention.self.key,0.09769114851951599,0.693845
2,K,bert.encoder.layer.2.attention.self.key,0.09789714962244034,0.694345
2,K,bert.encoder.layer.2.attention.self.key,0.09807781875133514,0.694845
2,K,bert.encoder.layer.2.attention.self.key,0.09829298406839371,0.695345
2,K,bert.encoder.layer.2.attention.self.key,0.09846913814544678,0.695845
2,K,bert.encoder.layer.2.attention.self.key,0.09865999221801758,0.696345
2,K,bert.encoder.layer.2.attention.self.key,0.09886110574007034,0.696845
2,K,bert.encoder.layer.2.attention.self.key,0.09906112402677536,0.69735
2,K,bert.encoder.layer.2.attention.self.key,0.09922846406698227,0.69785
2,K,bert.encoder.layer.2.attention.self.key,0.09940563887357712,0.69835
2,K,bert.encoder.layer.2.attention.self.key,0.09957976639270782,0.69885
2,K,bert.encoder.layer.2.attention.self.key,0.09975559264421463,0.69935
2,K,bert.encoder.layer.2.attention.self.key,0.09995254874229431,0.69985
2,K,bert.encoder.layer.2.attention.self.key,0.10016196966171265,0.70035
2,K,bert.encoder.layer.2.attention.self.key,0.10031980276107788,0.70085
2,K,bert.encoder.layer.2.attention.self.key,0.10050730407238007,0.70135
2,K,bert.encoder.layer.2.attention.self.key,0.10070537030696869,0.70185
2,K,bert.encoder.layer.2.attention.self.key,0.10090846568346024,0.70235
2,K,bert.encoder.layer.2.attention.self.key,0.10110416263341904,0.70285
2,K,bert.encoder.layer.2.attention.self.key,0.10130209475755692,0.70335
2,K,bert.encoder.layer.2.attention.self.key,0.10150860995054245,0.70385
2,K,bert.encoder.layer.2.attention.self.key,0.10168659687042236,0.70435
2,K,bert.encoder.layer.2.attention.self.key,0.10187244415283203,0.70485
2,K,bert.encoder.layer.2.attention.self.key,0.10208365321159363,0.70535
2,K,bert.encoder.layer.2.attention.self.key,0.10228149592876434,0.70585
2,K,bert.encoder.layer.2.attention.self.key,0.10247261822223663,0.70635
2,K,bert.encoder.layer.2.attention.self.key,0.10266795754432678,0.70685
2,K,bert.encoder.layer.2.attention.self.key,0.10285332798957825,0.707355
2,K,bert.encoder.layer.2.attention.self.key,0.10302206873893738,0.707855
2,K,bert.encoder.layer.2.attention.self.key,0.10322149842977524,0.708355
2,K,bert.encoder.layer.2.attention.self.key,0.10342200100421906,0.708855
2,K,bert.encoder.layer.2.attention.self.key,0.10361836850643158,0.709355
2,K,bert.encoder.layer.2.attention.self.key,0.103816457092762,0.709855
2,K,bert.encoder.layer.2.attention.self.key,0.10400405526161194,0.710355
2,K,bert.encoder.layer.2.attention.self.key,0.10421600937843323,0.710855
2,K,bert.encoder.layer.2.attention.self.key,0.1044081524014473,0.711355
2,K,bert.encoder.layer.2.attention.self.key,0.10459228605031967,0.711855
2,K,bert.encoder.layer.2.attention.self.key,0.10475924611091614,0.712355
2,K,bert.encoder.layer.2.attention.self.key,0.1049332544207573,0.712855
2,K,bert.encoder.layer.2.attention.self.key,0.10510040074586868,0.713355
2,K,bert.encoder.layer.2.attention.self.key,0.10531038045883179,0.713855
2,K,bert.encoder.layer.2.attention.self.key,0.10548321902751923,0.714355
2,K,bert.encoder.layer.2.attention.self.key,0.10568637400865555,0.714855
2,K,bert.encoder.layer.2.attention.self.key,0.10588723421096802,0.715355
2,K,bert.encoder.layer.2.attention.self.key,0.10611457377672195,0.715855
2,K,bert.encoder.layer.2.attention.self.key,0.1063021868467331,0.716355
2,K,bert.encoder.layer.2.attention.self.key,0.10650554299354553,0.716855
2,K,bert.encoder.layer.2.attention.self.key,0.1066686362028122,0.71736
2,K,bert.encoder.layer.2.attention.self.key,0.10687267035245895,0.71786
2,K,bert.encoder.layer.2.attention.self.key,0.1070808693766594,0.71836
2,K,bert.encoder.layer.2.attention.self.key,0.10724937170743942,0.71886
2,K,bert.encoder.layer.2.attention.self.key,0.1074182391166687,0.71936
2,K,bert.encoder.layer.2.attention.self.key,0.10765182226896286,0.71986
2,K,bert.encoder.layer.2.attention.self.key,0.10786059498786926,0.72036
2,K,bert.encoder.layer.2.attention.self.key,0.10806947946548462,0.72086
2,K,bert.encoder.layer.2.attention.self.key,0.10825265944004059,0.72136
2,K,bert.encoder.layer.2.attention.self.key,0.10849840939044952,0.72186
2,K,bert.encoder.layer.2.attention.self.key,0.10870864242315292,0.72236
2,K,bert.encoder.layer.2.attention.self.key,0.10893689095973969,0.72286
2,K,bert.encoder.layer.2.attention.self.key,0.10916439443826675,0.72336
2,K,bert.encoder.layer.2.attention.self.key,0.10939083248376846,0.72386
2,K,bert.encoder.layer.2.attention.self.key,0.10959045588970184,0.72436
2,K,bert.encoder.layer.2.attention.self.key,0.10978224128484726,0.72486
2,K,bert.encoder.layer.2.attention.self.key,0.11000091582536697,0.72536
2,K,bert.encoder.layer.2.attention.self.key,0.11019277572631836,0.72586
2,K,bert.encoder.layer.2.attention.self.key,0.11037337779998779,0.72636
2,K,bert.encoder.layer.2.attention.self.key,0.11062418669462204,0.72686
2,K,bert.encoder.layer.2.attention.self.key,0.1108635812997818,0.727365
2,K,bert.encoder.layer.2.attention.self.key,0.11106447130441666,0.727865
2,K,bert.encoder.layer.2.attention.self.key,0.11125045269727707,0.728365
2,K,bert.encoder.layer.2.attention.self.key,0.11151926964521408,0.728865
2,K,bert.encoder.layer.2.attention.self.key,0.11173644661903381,0.729365
2,K,bert.encoder.layer.2.attention.self.key,0.11195129156112671,0.729865
2,K,bert.encoder.layer.2.attention.self.key,0.11215285211801529,0.730365
2,K,bert.encoder.layer.2.attention.self.key,0.1123255118727684,0.730865
2,K,bert.encoder.layer.2.attention.self.key,0.11251206696033478,0.731365
2,K,bert.encoder.layer.2.attention.self.key,0.11275406181812286,0.731865
2,K,bert.encoder.layer.2.attention.self.key,0.11298751085996628,0.732365
2,K,bert.encoder.layer.2.attention.self.key,0.11323045939207077,0.732865
2,K,bert.encoder.layer.2.attention.self.key,0.11343183368444443,0.733365
2,K,bert.encoder.layer.2.attention.self.key,0.11367780715227127,0.733865
2,K,bert.encoder.layer.2.attention.self.key,0.11389189213514328,0.734365
2,K,bert.encoder.layer.2.attention.self.key,0.11415290832519531,0.734865
2,K,bert.encoder.layer.2.attention.self.key,0.11437653750181198,0.735365
2,K,bert.encoder.layer.2.attention.self.key,0.11460670083761215,0.735865
2,K,bert.encoder.layer.2.attention.self.key,0.11480920016765594,0.736365
2,K,bert.encoder.layer.2.attention.self.key,0.11503521353006363,0.736865
2,K,bert.encoder.layer.2.attention.self.key,0.11520857363939285,0.737365
2,K,bert.encoder.layer.2.attention.self.key,0.11541439592838287,0.73787
2,K,bert.encoder.layer.2.attention.self.key,0.11561278253793716,0.73837
2,K,bert.encoder.layer.2.attention.self.key,0.11576709151268005,0.73887
2,K,bert.encoder.layer.2.attention.self.key,0.11600711941719055,0.73937
2,K,bert.encoder.layer.2.attention.self.key,0.11624330282211304,0.73987
2,K,bert.encoder.layer.2.attention.self.key,0.11643749475479126,0.74037
2,K,bert.encoder.layer.2.attention.self.key,0.11667904257774353,0.74087
2,K,bert.encoder.layer.2.attention.self.key,0.11688397824764252,0.74137
2,K,bert.encoder.layer.2.attention.self.key,0.11713358759880066,0.74187
2,K,bert.encoder.layer.2.attention.self.key,0.11736986041069031,0.74237
2,K,bert.encoder.layer.2.attention.self.key,0.1175955981016159,0.74287
2,K,bert.encoder.layer.2.attention.self.key,0.11780736595392227,0.74337
2,K,bert.encoder.layer.2.attention.self.key,0.11802947521209717,0.74387
2,K,bert.encoder.layer.2.attention.self.key,0.11825364828109741,0.74437
2,K,bert.encoder.layer.2.attention.self.key,0.11849277466535568,0.74487
2,K,bert.encoder.layer.2.attention.self.key,0.11870028078556061,0.74537
2,K,bert.encoder.layer.2.attention.self.key,0.11897267401218414,0.74587
2,K,bert.encoder.layer.2.attention.self.key,0.1192096546292305,0.74637
2,K,bert.encoder.layer.2.attention.self.key,0.11944063752889633,0.74687
2,K,bert.encoder.layer.2.attention.self.key,0.11965354532003403,0.74737
2,K,bert.encoder.layer.2.attention.self.key,0.11991579085588455,0.747875
2,K,bert.encoder.layer.2.attention.self.key,0.12013424187898636,0.748375
2,K,bert.encoder.layer.2.attention.self.key,0.12039584666490555,0.748875
2,K,bert.encoder.layer.2.attention.self.key,0.12062432616949081,0.749375
2,K,bert.encoder.layer.2.attention.self.key,0.12085016816854477,0.749875
2,K,bert.encoder.layer.2.attention.self.key,0.1210722029209137,0.750375
2,K,bert.encoder.layer.2.attention.self.key,0.12130296230316162,0.750875
2,K,bert.encoder.layer.2.attention.self.key,0.12152229249477386,0.751375
2,K,bert.encoder.layer.2.attention.self.key,0.12176074087619781,0.751875
2,K,bert.encoder.layer.2.attention.self.key,0.1219727173447609,0.752375
2,K,bert.encoder.layer.2.attention.self.key,0.12221230566501617,0.752875
2,K,bert.encoder.layer.2.attention.self.key,0.12246495485305786,0.753375
2,K,bert.encoder.layer.2.attention.self.key,0.12272821366786957,0.753875
2,K,bert.encoder.layer.2.attention.self.key,0.12298215180635452,0.754375
2,K,bert.encoder.layer.2.attention.self.key,0.12324245274066925,0.754875
2,K,bert.encoder.layer.2.attention.self.key,0.12347528338432312,0.755375
2,K,bert.encoder.layer.2.attention.self.key,0.12370987236499786,0.755875
2,K,bert.encoder.layer.2.attention.self.key,0.12396352738142014,0.756375
2,K,bert.encoder.layer.2.attention.self.key,0.1241624727845192,0.756875
2,K,bert.encoder.layer.2.attention.self.key,0.12435159832239151,0.757375
2,K,bert.encoder.layer.2.attention.self.key,0.12463783472776413,0.75788
2,K,bert.encoder.layer.2.attention.self.key,0.12487611174583435,0.75838
2,K,bert.encoder.layer.2.attention.self.key,0.1251411885023117,0.75888
2,K,bert.encoder.layer.2.attention.self.key,0.1254023313522339,0.75938
2,K,bert.encoder.layer.2.attention.self.key,0.1256338208913803,0.75988
2,K,bert.encoder.layer.2.attention.self.key,0.12588398158550262,0.76038
2,K,bert.encoder.layer.2.attention.self.key,0.12608839571475983,0.76088
2,K,bert.encoder.layer.2.attention.self.key,0.12635788321495056,0.76138
2,K,bert.encoder.layer.2.attention.self.key,0.12658247351646423,0.76188
2,K,bert.encoder.layer.2.attention.self.key,0.12680970132350922,0.76238
2,K,bert.encoder.layer.2.attention.self.key,0.12709841132164001,0.76288
2,K,bert.encoder.layer.2.attention.self.key,0.12730449438095093,0.76338
2,K,bert.encoder.layer.2.attention.self.key,0.1275303214788437,0.76388
2,K,bert.encoder.layer.2.attention.self.key,0.1277778297662735,0.76438
2,K,bert.encoder.layer.2.attention.self.key,0.1280403435230255,0.76488
2,K,bert.encoder.layer.2.attention.self.key,0.12828242778778076,0.76538
2,K,bert.encoder.layer.2.attention.self.key,0.12855938076972961,0.76588
2,K,bert.encoder.layer.2.attention.self.key,0.12880729138851166,0.76638
2,K,bert.encoder.layer.2.attention.self.key,0.1290237307548523,0.76688
2,K,bert.encoder.layer.2.attention.self.key,0.12929628789424896,0.76738
2,K,bert.encoder.layer.2.attention.self.key,0.12952692806720734,0.767885
2,K,bert.encoder.layer.2.attention.self.key,0.1297895610332489,0.768385
2,K,bert.encoder.layer.2.attention.self.key,0.13006770610809326,0.768885
2,K,bert.encoder.layer.2.attention.self.key,0.1303691565990448,0.769385
2,K,bert.encoder.layer.2.attention.self.key,0.13062933087348938,0.769885
2,K,bert.encoder.layer.2.attention.self.key,0.1309102475643158,0.770385
2,K,bert.encoder.layer.2.attention.self.key,0.1311553567647934,0.770885
2,K,bert.encoder.layer.2.attention.self.key,0.13143467903137207,0.771385
2,K,bert.encoder.layer.2.attention.self.key,0.1317012906074524,0.771885
2,K,bert.encoder.layer.2.attention.self.key,0.13197380304336548,0.772385
2,K,bert.encoder.layer.2.attention.self.key,0.13223843276500702,0.772885
2,K,bert.encoder.layer.2.attention.self.key,0.1324825882911682,0.773385
2,K,bert.encoder.layer.2.attention.self.key,0.13277241587638855,0.773885
2,K,bert.encoder.layer.2.attention.self.key,0.1330614537000656,0.774385
2,K,bert.encoder.layer.2.attention.self.key,0.13331474363803864,0.774885
2,K,bert.encoder.layer.2.attention.self.key,0.13357079029083252,0.775385
2,K,bert.encoder.layer.2.attention.self.key,0.13380128145217896,0.775885
2,K,bert.encoder.layer.2.attention.self.key,0.1341097354888916,0.776385
2,K,bert.encoder.layer.2.attention.self.key,0.13443239033222198,0.776885
2,K,bert.encoder.layer.2.attention.self.key,0.13470928370952606,0.777385
2,K,bert.encoder.layer.2.attention.self.key,0.1349838227033615,0.77789
2,K,bert.encoder.layer.2.attention.self.key,0.13522416353225708,0.77839
2,K,bert.encoder.layer.2.attention.self.key,0.13550147414207458,0.77889
2,K,bert.encoder.layer.2.attention.self.key,0.1357445865869522,0.77939
2,K,bert.encoder.layer.2.attention.self.key,0.13600367307662964,0.77989
2,K,bert.encoder.layer.2.attention.self.key,0.13633006811141968,0.78039
2,K,bert.encoder.layer.2.attention.self.key,0.136598601937294,0.78089
2,K,bert.encoder.layer.2.attention.self.key,0.13682539761066437,0.78139
2,K,bert.encoder.layer.2.attention.self.key,0.1370617300271988,0.78189
2,K,bert.encoder.layer.2.attention.self.key,0.13730618357658386,0.78239
2,K,bert.encoder.layer.2.attention.self.key,0.13755200803279877,0.78289
2,K,bert.encoder.layer.2.attention.self.key,0.13785775005817413,0.78339
2,K,bert.encoder.layer.2.attention.self.key,0.1380985826253891,0.78389
2,K,bert.encoder.layer.2.attention.self.key,0.13837961852550507,0.78439
2,K,bert.encoder.layer.2.attention.self.key,0.1386214643716812,0.78489
2,K,bert.encoder.layer.2.attention.self.key,0.138961523771286,0.78539
2,K,bert.encoder.layer.2.attention.self.key,0.13925501704216003,0.78589
2,K,bert.encoder.layer.2.attention.self.key,0.13954731822013855,0.78639
2,K,bert.encoder.layer.2.attention.self.key,0.13990382850170135,0.78689
2,K,bert.encoder.layer.2.attention.self.key,0.1401343047618866,0.78739
2,K,bert.encoder.layer.2.attention.self.key,0.140389546751976,0.787895
2,K,bert.encoder.layer.2.attention.self.key,0.14070378243923187,0.788395
2,K,bert.encoder.layer.2.attention.self.key,0.14102515578269958,0.788895
2,K,bert.encoder.layer.2.attention.self.key,0.14127181470394135,0.789395
2,K,bert.encoder.layer.2.attention.self.key,0.1415720134973526,0.789895
2,K,bert.encoder.layer.2.attention.self.key,0.14183607697486877,0.790395
2,K,bert.encoder.layer.2.attention.self.key,0.14211967587471008,0.790895
2,K,bert.encoder.layer.2.attention.self.key,0.14240971207618713,0.791395
2,K,bert.encoder.layer.2.attention.self.key,0.1427001655101776,0.791895
2,K,bert.encoder.layer.2.attention.self.key,0.1430167257785797,0.792395
2,K,bert.encoder.layer.2.attention.self.key,0.14330145716667175,0.792895
2,K,bert.encoder.layer.2.attention.self.key,0.14353741705417633,0.793395
2,K,bert.encoder.layer.2.attention.self.key,0.1438017040491104,0.793895
2,K,bert.encoder.layer.2.attention.self.key,0.14408990740776062,0.794395
2,K,bert.encoder.layer.2.attention.self.key,0.14439524710178375,0.794895
2,K,bert.encoder.layer.2.attention.self.key,0.14468230307102203,0.795395
2,K,bert.encoder.layer.2.attention.self.key,0.14502374827861786,0.795895
2,K,bert.encoder.layer.2.attention.self.key,0.14532321691513062,0.796395
2,K,bert.encoder.layer.2.attention.self.key,0.14559166133403778,0.796895
2,K,bert.encoder.layer.2.attention.self.key,0.1459471732378006,0.797395
2,K,bert.encoder.layer.2.attention.self.key,0.14623750746250153,0.797895
2,K,bert.encoder.layer.2.attention.self.key,0.14655357599258423,0.7984
2,K,bert.encoder.layer.2.attention.self.key,0.14685779809951782,0.7989
2,K,bert.encoder.layer.2.attention.self.key,0.14713247120380402,0.7994
2,K,bert.encoder.layer.2.attention.self.key,0.14739000797271729,0.7999
2,K,bert.encoder.layer.2.attention.self.key,0.14774677157402039,0.8004
2,K,bert.encoder.layer.2.attention.self.key,0.1480797678232193,0.8009
2,K,bert.encoder.layer.2.attention.self.key,0.14840050041675568,0.8014
2,K,bert.encoder.layer.2.attention.self.key,0.14867106080055237,0.8019
2,K,bert.encoder.layer.2.attention.self.key,0.1489134132862091,0.8024
2,K,bert.encoder.layer.2.attention.self.key,0.1492396891117096,0.8029
2,K,bert.encoder.layer.2.attention.self.key,0.14953462779521942,0.8034
2,K,bert.encoder.layer.2.attention.self.key,0.14982886612415314,0.8039
2,K,bert.encoder.layer.2.attention.self.key,0.15017516911029816,0.8044
2,K,bert.encoder.layer.2.attention.self.key,0.1504770815372467,0.8049
2,K,bert.encoder.layer.2.attention.self.key,0.15073685348033905,0.8054
2,K,bert.encoder.layer.2.attention.self.key,0.15103910863399506,0.8059
2,K,bert.encoder.layer.2.attention.self.key,0.1513747274875641,0.8064
2,K,bert.encoder.layer.2.attention.self.key,0.15173926949501038,0.8069
2,K,bert.encoder.layer.2.attention.self.key,0.15207424759864807,0.8074
2,K,bert.encoder.layer.2.attention.self.key,0.15236565470695496,0.8079
2,K,bert.encoder.layer.2.attention.self.key,0.15268093347549438,0.808405
2,K,bert.encoder.layer.2.attention.self.key,0.1530236303806305,0.808905
2,K,bert.encoder.layer.2.attention.self.key,0.15332692861557007,0.809405
2,K,bert.encoder.layer.2.attention.self.key,0.153670996427536,0.809905
2,K,bert.encoder.layer.2.attention.self.key,0.1539827585220337,0.810405
2,K,bert.encoder.layer.2.attention.self.key,0.154293954372406,0.810905
2,K,bert.encoder.layer.2.attention.self.key,0.15462972223758698,0.811405
2,K,bert.encoder.layer.2.attention.self.key,0.15492627024650574,0.811905
2,K,bert.encoder.layer.2.attention.self.key,0.1552906036376953,0.812405
2,K,bert.encoder.layer.2.attention.self.key,0.15561150014400482,0.812905
2,K,bert.encoder.layer.2.attention.self.key,0.15591515600681305,0.813405
2,K,bert.encoder.layer.2.attention.self.key,0.15626487135887146,0.813905
2,K,bert.encoder.layer.2.attention.self.key,0.15662933886051178,0.814405
2,K,bert.encoder.layer.2.attention.self.key,0.15691542625427246,0.814905
2,K,bert.encoder.layer.2.attention.self.key,0.15725968778133392,0.815405
2,K,bert.encoder.layer.2.attention.self.key,0.15763075649738312,0.815905
2,K,bert.encoder.layer.2.attention.self.key,0.15790218114852905,0.816405
2,K,bert.encoder.layer.2.attention.self.key,0.15823732316493988,0.816905
2,K,bert.encoder.layer.2.attention.self.key,0.15857981145381927,0.817405
2,K,bert.encoder.layer.2.attention.self.key,0.15897659957408905,0.817905
2,K,bert.encoder.layer.2.attention.self.key,0.15933094918727875,0.81841
2,K,bert.encoder.layer.2.attention.self.key,0.15972015261650085,0.81891
2,K,bert.encoder.layer.2.attention.self.key,0.1600784957408905,0.81941
2,K,bert.encoder.layer.2.attention.self.key,0.1604742407798767,0.81991
2,K,bert.encoder.layer.2.attention.self.key,0.1608780324459076,0.82041
2,K,bert.encoder.layer.2.attention.self.key,0.16123361885547638,0.82091
2,K,bert.encoder.layer.2.attention.self.key,0.16155190765857697,0.82141
2,K,bert.encoder.layer.2.attention.self.key,0.1619671732187271,0.82191
2,K,bert.encoder.layer.2.attention.self.key,0.16230560839176178,0.82241
2,K,bert.encoder.layer.2.attention.self.key,0.16266997158527374,0.82291
2,K,bert.encoder.layer.2.attention.self.key,0.16300466656684875,0.82341
2,K,bert.encoder.layer.2.attention.self.key,0.163435697555542,0.82391
2,K,bert.encoder.layer.2.attention.self.key,0.16380955278873444,0.82441
2,K,bert.encoder.layer.2.attention.self.key,0.16418461501598358,0.82491
2,K,bert.encoder.layer.2.attention.self.key,0.16452620923519135,0.82541
2,K,bert.encoder.layer.2.attention.self.key,0.1650308072566986,0.82591
2,K,bert.encoder.layer.2.attention.self.key,0.16539447009563446,0.82641
2,K,bert.encoder.layer.2.attention.self.key,0.16577093303203583,0.82691
2,K,bert.encoder.layer.2.attention.self.key,0.16613224148750305,0.82741
2,K,bert.encoder.layer.2.attention.self.key,0.16647681593894958,0.82791
2,K,bert.encoder.layer.2.attention.self.key,0.166791170835495,0.828415
2,K,bert.encoder.layer.2.attention.self.key,0.16715815663337708,0.828915
2,K,bert.encoder.layer.2.attention.self.key,0.1674792617559433,0.829415
2,K,bert.encoder.layer.2.attention.self.key,0.16788192093372345,0.829915
2,K,bert.encoder.layer.2.attention.self.key,0.16822701692581177,0.830415
2,K,bert.encoder.layer.2.attention.self.key,0.16859939694404602,0.830915
2,K,bert.encoder.layer.2.attention.self.key,0.168995663523674,0.831415
2,K,bert.encoder.layer.2.attention.self.key,0.1693897694349289,0.831915
2,K,bert.encoder.layer.2.attention.self.key,0.16980041563510895,0.832415
2,K,bert.encoder.layer.2.attention.self.key,0.17020073533058167,0.832915
2,K,bert.encoder.layer.2.attention.self.key,0.17057041823863983,0.833415
2,K,bert.encoder.layer.2.attention.self.key,0.17093230783939362,0.833915
2,K,bert.encoder.layer.2.attention.self.key,0.17130804061889648,0.834415
2,K,bert.encoder.layer.2.attention.self.key,0.17169705033302307,0.834915
2,K,bert.encoder.layer.2.attention.self.key,0.17209279537200928,0.835415
2,K,bert.encoder.layer.2.attention.self.key,0.1724196970462799,0.835915
2,K,bert.encoder.layer.2.attention.self.key,0.17280150949954987,0.836415
2,K,bert.encoder.layer.2.attention.self.key,0.1731656789779663,0.836915
2,K,bert.encoder.layer.2.attention.self.key,0.17349876463413239,0.837415
2,K,bert.encoder.layer.2.attention.self.key,0.17391885817050934,0.837915
2,K,bert.encoder.layer.2.attention.self.key,0.17431265115737915,0.83842
2,K,bert.encoder.layer.2.attention.self.key,0.17464090883731842,0.83892
2,K,bert.encoder.layer.2.attention.self.key,0.17509713768959045,0.83942
2,K,bert.encoder.layer.2.attention.self.key,0.17552481591701508,0.83992
2,K,bert.encoder.layer.2.attention.self.key,0.17590513825416565,0.84042
2,K,bert.encoder.layer.2.attention.self.key,0.17625853419303894,0.84092
2,K,bert.encoder.layer.2.attention.self.key,0.17665335536003113,0.84142
2,K,bert.encoder.layer.2.attention.self.key,0.17711904644966125,0.84192
2,K,bert.encoder.layer.2.attention.self.key,0.17752212285995483,0.84242
2,K,bert.encoder.layer.2.attention.self.key,0.17789870500564575,0.84292
2,K,bert.encoder.layer.2.attention.self.key,0.17831990122795105,0.84342
2,K,bert.encoder.layer.2.attention.self.key,0.17876073718070984,0.84392
2,K,bert.encoder.layer.2.attention.self.key,0.17915384471416473,0.84442
2,K,bert.encoder.layer.2.attention.self.key,0.1795949935913086,0.84492
2,K,bert.encoder.layer.2.attention.self.key,0.1799096316099167,0.84542
2,K,bert.encoder.layer.2.attention.self.key,0.18035924434661865,0.84592
2,K,bert.encoder.layer.2.attention.self.key,0.18071654438972473,0.84642
2,K,bert.encoder.layer.2.attention.self.key,0.18112674355506897,0.84692
2,K,bert.encoder.layer.2.attention.self.key,0.18153385818004608,0.84742
2,K,bert.encoder.layer.2.attention.self.key,0.18193185329437256,0.84792
2,K,bert.encoder.layer.2.attention.self.key,0.1824241578578949,0.84842
2,K,bert.encoder.layer.2.attention.self.key,0.1828005462884903,0.848925
2,K,bert.encoder.layer.2.attention.self.key,0.18317340314388275,0.849425
2,K,bert.encoder.layer.2.attention.self.key,0.18351159989833832,0.849925
2,K,bert.encoder.layer.2.attention.self.key,0.18400895595550537,0.850425
2,K,bert.encoder.layer.2.attention.self.key,0.1844293177127838,0.850925
2,K,bert.encoder.layer.2.attention.self.key,0.1847935914993286,0.851425
2,K,bert.encoder.layer.2.attention.self.key,0.1852325052022934,0.851925
2,K,bert.encoder.layer.2.attention.self.key,0.18564124405384064,0.852425
2,K,bert.encoder.layer.2.attention.self.key,0.18608511984348297,0.852925
2,K,bert.encoder.layer.2.attention.self.key,0.1864835023880005,0.853425
2,K,bert.encoder.layer.2.attention.self.key,0.18693631887435913,0.853925
2,K,bert.encoder.layer.2.attention.self.key,0.18736374378204346,0.854425
2,K,bert.encoder.layer.2.attention.self.key,0.18786753714084625,0.854925
2,K,bert.encoder.layer.2.attention.self.key,0.18836845457553864,0.855425
2,K,bert.encoder.layer.2.attention.self.key,0.1887989640235901,0.855925
2,K,bert.encoder.layer.2.attention.self.key,0.18918660283088684,0.856425
2,K,bert.encoder.layer.2.attention.self.key,0.18965570628643036,0.856925
2,K,bert.encoder.layer.2.attention.self.key,0.19005544483661652,0.857425
2,K,bert.encoder.layer.2.attention.self.key,0.19046275317668915,0.857925
2,K,bert.encoder.layer.2.attention.self.key,0.19087785482406616,0.858425
2,K,bert.encoder.layer.2.attention.self.key,0.19133199751377106,0.85893
2,K,bert.encoder.layer.2.attention.self.key,0.19171291589736938,0.85943
2,K,bert.encoder.layer.2.attention.self.key,0.19210612773895264,0.85993
2,K,bert.encoder.layer.2.attention.self.key,0.1926041692495346,0.86043
2,K,bert.encoder.layer.2.attention.self.key,0.19312894344329834,0.86093
2,K,bert.encoder.layer.2.attention.self.key,0.19351640343666077,0.86143
2,K,bert.encoder.layer.2.attention.self.key,0.19400544464588165,0.86193
2,K,bert.encoder.layer.2.attention.self.key,0.1944933384656906,0.86243
2,K,bert.encoder.layer.2.attention.self.key,0.19498272240161896,0.86293
2,K,bert.encoder.layer.2.attention.self.key,0.1954159438610077,0.86343
2,K,bert.encoder.layer.2.attention.self.key,0.19579721987247467,0.86393
2,K,bert.encoder.layer.2.attention.self.key,0.19630421698093414,0.86443
2,K,bert.encoder.layer.2.attention.self.key,0.19669921696186066,0.86493
2,K,bert.encoder.layer.2.attention.self.key,0.19724397361278534,0.86543
2,K,bert.encoder.layer.2.attention.self.key,0.19763506948947906,0.86593
2,K,bert.encoder.layer.2.attention.self.key,0.1980857253074646,0.86643
2,K,bert.encoder.layer.2.attention.self.key,0.19857606291770935,0.86693
2,K,bert.encoder.layer.2.attention.self.key,0.19912424683570862,0.86743
2,K,bert.encoder.layer.2.attention.self.key,0.19959963858127594,0.86793
2,K,bert.encoder.layer.2.attention.self.key,0.2001524716615677,0.86843
2,K,bert.encoder.layer.2.attention.self.key,0.20065820217132568,0.868935
2,K,bert.encoder.layer.2.attention.self.key,0.2012152373790741,0.869435
2,K,bert.encoder.layer.2.attention.self.key,0.20174480974674225,0.869935
2,K,bert.encoder.layer.2.attention.self.key,0.20225469768047333,0.870435
2,K,bert.encoder.layer.2.attention.self.key,0.20281358063220978,0.870935
2,K,bert.encoder.layer.2.attention.self.key,0.20322884619235992,0.871435
2,K,bert.encoder.layer.2.attention.self.key,0.20385675132274628,0.871935
2,K,bert.encoder.layer.2.attention.self.key,0.2043752372264862,0.872435
2,K,bert.encoder.layer.2.attention.self.key,0.20482641458511353,0.872935
2,K,bert.encoder.layer.2.attention.self.key,0.205300435423851,0.873435
2,K,bert.encoder.layer.2.attention.self.key,0.20580391585826874,0.873935
2,K,bert.encoder.layer.2.attention.self.key,0.20633244514465332,0.874435
2,K,bert.encoder.layer.2.attention.self.key,0.20684672892093658,0.874935
2,K,bert.encoder.layer.2.attention.self.key,0.20742341876029968,0.875435
2,K,bert.encoder.layer.2.attention.self.key,0.20796559751033783,0.875935
2,K,bert.encoder.layer.2.attention.self.key,0.20847183465957642,0.876435
2,K,bert.encoder.layer.2.attention.self.key,0.2090323120355606,0.876935
2,K,bert.encoder.layer.2.attention.self.key,0.2096215784549713,0.877435
2,K,bert.encoder.layer.2.attention.self.key,0.21012434363365173,0.877935
2,K,bert.encoder.layer.2.attention.self.key,0.2106865793466568,0.878435
2,K,bert.encoder.layer.2.attention.self.key,0.21123391389846802,0.87894
2,K,bert.encoder.layer.2.attention.self.key,0.21168360114097595,0.87944
2,K,bert.encoder.layer.2.attention.self.key,0.21226243674755096,0.87994
2,K,bert.encoder.layer.2.attention.self.key,0.2128552347421646,0.88044
2,K,bert.encoder.layer.2.attention.self.key,0.2134167104959488,0.88094
2,K,bert.encoder.layer.2.attention.self.key,0.2139916867017746,0.88144
2,K,bert.encoder.layer.2.attention.self.key,0.21456271409988403,0.88194
2,K,bert.encoder.layer.2.attention.self.key,0.21522484719753265,0.88244
2,K,bert.encoder.layer.2.attention.self.key,0.2157517969608307,0.88294
2,K,bert.encoder.layer.2.attention.self.key,0.21633267402648926,0.88344
2,K,bert.encoder.layer.2.attention.self.key,0.216920405626297,0.88394
2,K,bert.encoder.layer.2.attention.self.key,0.21752099692821503,0.88444
2,K,bert.encoder.layer.2.attention.self.key,0.21808256208896637,0.88494
2,K,bert.encoder.layer.2.attention.self.key,0.21861602365970612,0.88544
2,K,bert.encoder.layer.2.attention.self.key,0.2191919982433319,0.88594
2,K,bert.encoder.layer.2.attention.self.key,0.21974460780620575,0.88644
2,K,bert.encoder.layer.2.attention.self.key,0.22033953666687012,0.88694
2,K,bert.encoder.layer.2.attention.self.key,0.22103674709796906,0.88744
2,K,bert.encoder.layer.2.attention.self.key,0.22155028581619263,0.88794
2,K,bert.encoder.layer.2.attention.self.key,0.22211474180221558,0.88844
2,K,bert.encoder.layer.2.attention.self.key,0.22267772257328033,0.888945
2,K,bert.encoder.layer.2.attention.self.key,0.22326608002185822,0.889445
2,K,bert.encoder.layer.2.attention.self.key,0.22395692765712738,0.889945
2,K,bert.encoder.layer.2.attention.self.key,0.22452141344547272,0.890445
2,K,bert.encoder.layer.2.attention.self.key,0.22509071230888367,0.890945
2,K,bert.encoder.layer.2.attention.self.key,0.22572579979896545,0.891445
2,K,bert.encoder.layer.2.attention.self.key,0.22632519900798798,0.891945
2,K,bert.encoder.layer.2.attention.self.key,0.226878821849823,0.892445
2,K,bert.encoder.layer.2.attention.self.key,0.2274499237537384,0.892945
2,K,bert.encoder.layer.2.attention.self.key,0.22814832627773285,0.893445
2,K,bert.encoder.layer.2.attention.self.key,0.22871601581573486,0.893945
2,K,bert.encoder.layer.2.attention.self.key,0.2292480319738388,0.894445
2,K,bert.encoder.layer.2.attention.self.key,0.229885995388031,0.894945
2,K,bert.encoder.layer.2.attention.self.key,0.23051303625106812,0.895445
2,K,bert.encoder.layer.2.attention.self.key,0.23125967383384705,0.895945
2,K,bert.encoder.layer.2.attention.self.key,0.2318207025527954,0.896445
2,K,bert.encoder.layer.2.attention.self.key,0.23248858749866486,0.896945
2,K,bert.encoder.layer.2.attention.self.key,0.23311325907707214,0.897445
2,K,bert.encoder.layer.2.attention.self.key,0.23395384848117828,0.897945
2,K,bert.encoder.layer.2.attention.self.key,0.23456041514873505,0.898445
2,K,bert.encoder.layer.2.attention.self.key,0.23533450067043304,0.898945
2,K,bert.encoder.layer.2.attention.self.key,0.2360054850578308,0.89945
2,K,bert.encoder.layer.2.attention.self.key,0.23668348789215088,0.89995
2,K,bert.encoder.layer.2.attention.self.key,0.23730894923210144,0.90045
2,K,bert.encoder.layer.2.attention.self.key,0.2380191832780838,0.90095
2,K,bert.encoder.layer.2.attention.self.key,0.2387561798095703,0.90145
2,K,bert.encoder.layer.2.attention.self.key,0.23939469456672668,0.90195
2,K,bert.encoder.layer.2.attention.self.key,0.24003827571868896,0.90245
2,K,bert.encoder.layer.2.attention.self.key,0.2406434863805771,0.90295
2,K,bert.encoder.layer.2.attention.self.key,0.24144680798053741,0.90345
2,K,bert.encoder.layer.2.attention.self.key,0.24211785197257996,0.90395
2,K,bert.encoder.layer.2.attention.self.key,0.24286790192127228,0.90445
2,K,bert.encoder.layer.2.attention.self.key,0.2436169534921646,0.90495
2,K,bert.encoder.layer.2.attention.self.key,0.24432791769504547,0.90545
2,K,bert.encoder.layer.2.attention.self.key,0.24493710696697235,0.90595
2,K,bert.encoder.layer.2.attention.self.key,0.24569430947303772,0.90645
2,K,bert.encoder.layer.2.attention.self.key,0.24644187092781067,0.90695
2,K,bert.encoder.layer.2.attention.self.key,0.24707506597042084,0.90745
2,K,bert.encoder.layer.2.attention.self.key,0.2477673441171646,0.90795
2,K,bert.encoder.layer.2.attention.self.key,0.2484162300825119,0.90845
2,K,bert.encoder.layer.2.attention.self.key,0.24922144412994385,0.90895
2,K,bert.encoder.layer.2.attention.self.key,0.25000545382499695,0.909455
2,K,bert.encoder.layer.2.attention.self.key,0.2508068382740021,0.909955
2,K,bert.encoder.layer.2.attention.self.key,0.25167909264564514,0.910455
2,K,bert.encoder.layer.2.attention.self.key,0.25225505232810974,0.910955
2,K,bert.encoder.layer.2.attention.self.key,0.2530116140842438,0.911455
2,K,bert.encoder.layer.2.attention.self.key,0.25384530425071716,0.911955
2,K,bert.encoder.layer.2.attention.self.key,0.2546790540218353,0.912455
2,K,bert.encoder.layer.2.attention.self.key,0.255486398935318,0.912955
2,K,bert.encoder.layer.2.attention.self.key,0.25637850165367126,0.913455
2,K,bert.encoder.layer.2.attention.self.key,0.2572006583213806,0.913955
2,K,bert.encoder.layer.2.attention.self.key,0.2580045759677887,0.914455
2,K,bert.encoder.layer.2.attention.self.key,0.25881075859069824,0.914955
2,K,bert.encoder.layer.2.attention.self.key,0.25963103771209717,0.915455
2,K,bert.encoder.layer.2.attention.self.key,0.26033154129981995,0.915955
2,K,bert.encoder.layer.2.attention.self.key,0.26114532351493835,0.916455
2,K,bert.encoder.layer.2.attention.self.key,0.2618468105792999,0.916955
2,K,bert.encoder.layer.2.attention.self.key,0.2626258432865143,0.917455
2,K,bert.encoder.layer.2.attention.self.key,0.26349377632141113,0.917955
2,K,bert.encoder.layer.2.attention.self.key,0.2644543945789337,0.918455
2,K,bert.encoder.layer.2.attention.self.key,0.2652873992919922,0.918955
2,K,bert.encoder.layer.2.attention.self.key,0.26616930961608887,0.91946
2,K,bert.encoder.layer.2.attention.self.key,0.26693037152290344,0.91996
2,K,bert.encoder.layer.2.attention.self.key,0.2676805555820465,0.92046
2,K,bert.encoder.layer.2.attention.self.key,0.26855072379112244,0.92096
2,K,bert.encoder.layer.2.attention.self.key,0.2694553732872009,0.92146
2,K,bert.encoder.layer.2.attention.self.key,0.2702873647212982,0.92196
2,K,bert.encoder.layer.2.attention.self.key,0.271098256111145,0.92246
2,K,bert.encoder.layer.2.attention.self.key,0.2718561291694641,0.92296
2,K,bert.encoder.layer.2.attention.self.key,0.2726733684539795,0.92346
2,K,bert.encoder.layer.2.attention.self.key,0.27356067299842834,0.92396
2,K,bert.encoder.layer.2.attention.self.key,0.2745901942253113,0.92446
2,K,bert.encoder.layer.2.attention.self.key,0.27555036544799805,0.92496
2,K,bert.encoder.layer.2.attention.self.key,0.27640604972839355,0.92546
2,K,bert.encoder.layer.2.attention.self.key,0.27726757526397705,0.92596
2,K,bert.encoder.layer.2.attention.self.key,0.27825239300727844,0.92646
2,K,bert.encoder.layer.2.attention.self.key,0.2791910469532013,0.92696
2,K,bert.encoder.layer.2.attention.self.key,0.28025585412979126,0.92746
2,K,bert.encoder.layer.2.attention.self.key,0.28128716349601746,0.92796
2,K,bert.encoder.layer.2.attention.self.key,0.2823805510997772,0.92846
2,K,bert.encoder.layer.2.attention.self.key,0.28341859579086304,0.92896
2,K,bert.encoder.layer.2.attention.self.key,0.28431326150894165,0.929465
2,K,bert.encoder.layer.2.attention.self.key,0.28530070185661316,0.929965
2,K,bert.encoder.layer.2.attention.self.key,0.2862778604030609,0.930465
2,K,bert.encoder.layer.2.attention.self.key,0.2871455252170563,0.930965
2,K,bert.encoder.layer.2.attention.self.key,0.28817033767700195,0.931465
2,K,bert.encoder.layer.2.attention.self.key,0.2892209589481354,0.931965
2,K,bert.encoder.layer.2.attention.self.key,0.29056936502456665,0.932465
2,K,bert.encoder.layer.2.attention.self.key,0.29164817929267883,0.932965
2,K,bert.encoder.layer.2.attention.self.key,0.2929243743419647,0.933465
2,K,bert.encoder.layer.2.attention.self.key,0.29403114318847656,0.933965
2,K,bert.encoder.layer.2.attention.self.key,0.2950397729873657,0.934465
2,K,bert.encoder.layer.2.attention.self.key,0.2962580621242523,0.934965
2,K,bert.encoder.layer.2.attention.self.key,0.29731014370918274,0.935465
2,K,bert.encoder.layer.2.attention.self.key,0.2985425889492035,0.935965
2,K,bert.encoder.layer.2.attention.self.key,0.2999962270259857,0.936465
2,K,bert.encoder.layer.2.attention.self.key,0.3011113405227661,0.936965
2,K,bert.encoder.layer.2.attention.self.key,0.3024212121963501,0.937465
2,K,bert.encoder.layer.2.attention.self.key,0.3034825026988983,0.937965
2,K,bert.encoder.layer.2.attention.self.key,0.30455338954925537,0.938465
2,K,bert.encoder.layer.2.attention.self.key,0.30587032437324524,0.938965
2,K,bert.encoder.layer.2.attention.self.key,0.30722934007644653,0.93947
2,K,bert.encoder.layer.2.attention.self.key,0.3083238899707794,0.93997
2,K,bert.encoder.layer.2.attention.self.key,0.30962640047073364,0.94047
2,K,bert.encoder.layer.2.attention.self.key,0.31101658940315247,0.94097
2,K,bert.encoder.layer.2.attention.self.key,0.3121336102485657,0.94147
2,K,bert.encoder.layer.2.attention.self.key,0.31327804923057556,0.94197
2,K,bert.encoder.layer.2.attention.self.key,0.3147084712982178,0.94247
2,K,bert.encoder.layer.2.attention.self.key,0.3157392144203186,0.94297
2,K,bert.encoder.layer.2.attention.self.key,0.31712576746940613,0.94347
2,K,bert.encoder.layer.2.attention.self.key,0.31832385063171387,0.94397
2,K,bert.encoder.layer.2.attention.self.key,0.3196386396884918,0.94447
2,K,bert.encoder.layer.2.attention.self.key,0.32106634974479675,0.94497
2,K,bert.encoder.layer.2.attention.self.key,0.32250213623046875,0.94547
2,K,bert.encoder.layer.2.attention.self.key,0.32385164499282837,0.94597
2,K,bert.encoder.layer.2.attention.self.key,0.3253432512283325,0.94647
2,K,bert.encoder.layer.2.attention.self.key,0.32670754194259644,0.94697
2,K,bert.encoder.layer.2.attention.self.key,0.32843291759490967,0.94747
2,K,bert.encoder.layer.2.attention.self.key,0.32996124029159546,0.94797
2,K,bert.encoder.layer.2.attention.self.key,0.331234872341156,0.94847
2,K,bert.encoder.layer.2.attention.self.key,0.3327412009239197,0.94897
2,K,bert.encoder.layer.2.attention.self.key,0.33428022265434265,0.94947
2,K,bert.encoder.layer.2.attention.self.key,0.33573591709136963,0.949975
2,K,bert.encoder.layer.2.attention.self.key,0.3373662233352661,0.950475
2,K,bert.encoder.layer.2.attention.self.key,0.3388963043689728,0.950975
2,K,bert.encoder.layer.2.attention.self.key,0.34050452709198,0.951475
2,K,bert.encoder.layer.2.attention.self.key,0.34191757440567017,0.951975
2,K,bert.encoder.layer.2.attention.self.key,0.3436049818992615,0.952475
2,K,bert.encoder.layer.2.attention.self.key,0.3450922667980194,0.952975
2,K,bert.encoder.layer.2.attention.self.key,0.34644708037376404,0.953475
2,K,bert.encoder.layer.2.attention.self.key,0.34813132882118225,0.953975
2,K,bert.encoder.layer.2.attention.self.key,0.3498651385307312,0.954475
2,K,bert.encoder.layer.2.attention.self.key,0.35137566924095154,0.954975
2,K,bert.encoder.layer.2.attention.self.key,0.3532346189022064,0.955475
2,K,bert.encoder.layer.2.attention.self.key,0.3547581732273102,0.955975
2,K,bert.encoder.layer.2.attention.self.key,0.3563134968280792,0.956475
2,K,bert.encoder.layer.2.attention.self.key,0.3581472635269165,0.956975
2,K,bert.encoder.layer.2.attention.self.key,0.3600303828716278,0.957475
2,K,bert.encoder.layer.2.attention.self.key,0.3617899417877197,0.957975
2,K,bert.encoder.layer.2.attention.self.key,0.36339330673217773,0.958475
2,K,bert.encoder.layer.2.attention.self.key,0.36520376801490784,0.958975
2,K,bert.encoder.layer.2.attention.self.key,0.36696991324424744,0.959475
2,K,bert.encoder.layer.2.attention.self.key,0.3691604435443878,0.95998
2,K,bert.encoder.layer.2.attention.self.key,0.37106823921203613,0.96048
2,K,bert.encoder.layer.2.attention.self.key,0.3730000853538513,0.96098
2,K,bert.encoder.layer.2.attention.self.key,0.3749217391014099,0.96148
2,K,bert.encoder.layer.2.attention.self.key,0.376700222492218,0.96198
2,K,bert.encoder.layer.2.attention.self.key,0.3786757290363312,0.96248
2,K,bert.encoder.layer.2.attention.self.key,0.38125771284103394,0.96298
2,K,bert.encoder.layer.2.attention.self.key,0.3830452859401703,0.96348
2,K,bert.encoder.layer.2.attention.self.key,0.3851027488708496,0.96398
2,K,bert.encoder.layer.2.attention.self.key,0.3872125446796417,0.96448
2,K,bert.encoder.layer.2.attention.self.key,0.38945886492729187,0.96498
2,K,bert.encoder.layer.2.attention.self.key,0.39196521043777466,0.96548
2,K,bert.encoder.layer.2.attention.self.key,0.39402350783348083,0.96598
2,K,bert.encoder.layer.2.attention.self.key,0.3963150680065155,0.96648
2,K,bert.encoder.layer.2.attention.self.key,0.3987392783164978,0.96698
2,K,bert.encoder.layer.2.attention.self.key,0.40120190382003784,0.96748
2,K,bert.encoder.layer.2.attention.self.key,0.4034302234649658,0.96798
2,K,bert.encoder.layer.2.attention.self.key,0.4057389497756958,0.96848
2,K,bert.encoder.layer.2.attention.self.key,0.40832144021987915,0.96898
2,K,bert.encoder.layer.2.attention.self.key,0.4102674424648285,0.96948
2,K,bert.encoder.layer.2.attention.self.key,0.4126744270324707,0.969985
2,K,bert.encoder.layer.2.attention.self.key,0.4154519736766815,0.970485
2,K,bert.encoder.layer.2.attention.self.key,0.41813814640045166,0.970985
2,K,bert.encoder.layer.2.attention.self.key,0.42049330472946167,0.971485
2,K,bert.encoder.layer.2.attention.self.key,0.42316314578056335,0.971985
2,K,bert.encoder.layer.2.attention.self.key,0.42597493529319763,0.972485
2,K,bert.encoder.layer.2.attention.self.key,0.4287603497505188,0.972985
2,K,bert.encoder.layer.2.attention.self.key,0.431670606136322,0.973485
2,K,bert.encoder.layer.2.attention.self.key,0.4348854720592499,0.973985
2,K,bert.encoder.layer.2.attention.self.key,0.4377186596393585,0.974485
2,K,bert.encoder.layer.2.attention.self.key,0.44069862365722656,0.974985
2,K,bert.encoder.layer.2.attention.self.key,0.4437372386455536,0.975485
2,K,bert.encoder.layer.2.attention.self.key,0.4471553862094879,0.975985
2,K,bert.encoder.layer.2.attention.self.key,0.4509958028793335,0.976485
2,K,bert.encoder.layer.2.attention.self.key,0.4546149969100952,0.976985
2,K,bert.encoder.layer.2.attention.self.key,0.45893535017967224,0.977485
2,K,bert.encoder.layer.2.attention.self.key,0.4627395272254944,0.977985
2,K,bert.encoder.layer.2.attention.self.key,0.4664555788040161,0.978485
2,K,bert.encoder.layer.2.attention.self.key,0.46971946954727173,0.978985
2,K,bert.encoder.layer.2.attention.self.key,0.4731205999851227,0.979485
2,K,bert.encoder.layer.2.attention.self.key,0.4771324098110199,0.97999
2,K,bert.encoder.layer.2.attention.self.key,0.4809260368347168,0.98049
2,K,bert.encoder.layer.2.attention.self.key,0.4856884777545929,0.98099
2,K,bert.encoder.layer.2.attention.self.key,0.4889519214630127,0.98149
2,K,bert.encoder.layer.2.attention.self.key,0.4931982457637787,0.98199
2,K,bert.encoder.layer.2.attention.self.key,0.49767830967903137,0.98249
2,K,bert.encoder.layer.2.attention.self.key,0.5022605061531067,0.98299
2,K,bert.encoder.layer.2.attention.self.key,0.5066492557525635,0.98349
2,K,bert.encoder.layer.2.attention.self.key,0.5117822885513306,0.98399
2,K,bert.encoder.layer.2.attention.self.key,0.517662763595581,0.98449
2,K,bert.encoder.layer.2.attention.self.key,0.5234799385070801,0.98499
2,K,bert.encoder.layer.2.attention.self.key,0.5289521813392639,0.98549
2,K,bert.encoder.layer.2.attention.self.key,0.5348982810974121,0.98599
2,K,bert.encoder.layer.2.attention.self.key,0.5417460799217224,0.98649
2,K,bert.encoder.layer.2.attention.self.key,0.5493029952049255,0.98699
2,K,bert.encoder.layer.2.attention.self.key,0.5558551549911499,0.98749
2,K,bert.encoder.layer.2.attention.self.key,0.5625360012054443,0.98799
2,K,bert.encoder.layer.2.attention.self.key,0.5697460770606995,0.98849
2,K,bert.encoder.layer.2.attention.self.key,0.5784682631492615,0.98899
2,K,bert.encoder.layer.2.attention.self.key,0.5873197913169861,0.98949
2,K,bert.encoder.layer.2.attention.self.key,0.5965221524238586,0.989995
2,K,bert.encoder.layer.2.attention.self.key,0.6041237711906433,0.990495
2,K,bert.encoder.layer.2.attention.self.key,0.6141908764839172,0.990995
2,K,bert.encoder.layer.2.attention.self.key,0.6246156096458435,0.991495
2,K,bert.encoder.layer.2.attention.self.key,0.6365383267402649,0.991995
2,K,bert.encoder.layer.2.attention.self.key,0.6463246941566467,0.992495
2,K,bert.encoder.layer.2.attention.self.key,0.6586719751358032,0.992995
2,K,bert.encoder.layer.2.attention.self.key,0.6740191578865051,0.993495
2,K,bert.encoder.layer.2.attention.self.key,0.6898419857025146,0.993995
2,K,bert.encoder.layer.2.attention.self.key,0.7047773599624634,0.994495
2,K,bert.encoder.layer.2.attention.self.key,0.7201815843582153,0.994995
2,K,bert.encoder.layer.2.attention.self.key,0.7410770654678345,0.995495
2,K,bert.encoder.layer.2.attention.self.key,0.7631654143333435,0.995995
2,K,bert.encoder.layer.2.attention.self.key,0.7910576462745667,0.996495
2,K,bert.encoder.layer.2.attention.self.key,0.8235982060432434,0.996995
2,K,bert.encoder.layer.2.attention.self.key,0.8604280352592468,0.997495
2,K,bert.encoder.layer.2.attention.self.key,0.9137486219406128,0.997995
2,K,bert.encoder.layer.2.attention.self.key,0.9659127593040466,0.998495
2,K,bert.encoder.layer.2.attention.self.key,1.0,0.998995
2,K,bert.encoder.layer.2.attention.self.key,1.0,0.999495
2,K,bert.encoder.layer.2.attention.self.key,1.0,1.0
6,K,bert.encoder.layer.6.attention.self.key,8.169375576017046e-08,5e-06
6,K,bert.encoder.layer.6.attention.self.key,1.606298246770166e-05,0.000505
6,K,bert.encoder.layer.6.attention.self.key,3.036169619008433e-05,0.001005
6,K,bert.encoder.layer.6.attention.self.key,4.93812513013836e-05,0.001505
6,K,bert.encoder.layer.6.attention.self.key,6.526469223899767e-05,0.002005
6,K,bert.encoder.layer.6.attention.self.key,7.894530426710844e-05,0.002505
6,K,bert.encoder.layer.6.attention.self.key,9.470187069382519e-05,0.003005
6,K,bert.encoder.layer.6.attention.self.key,0.00011119928967673331,0.003505
6,K,bert.encoder.layer.6.attention.self.key,0.00012683437671512365,0.004005
6,K,bert.encoder.layer.6.attention.self.key,0.00014341910718940198,0.004505
6,K,bert.encoder.layer.6.attention.self.key,0.00016039054025895894,0.005005
6,K,bert.encoder.layer.6.attention.self.key,0.00017607804329600185,0.005505
6,K,bert.encoder.layer.6.attention.self.key,0.00019039266044273973,0.006005
6,K,bert.encoder.layer.6.attention.self.key,0.00020691951795015484,0.006505
6,K,bert.encoder.layer.6.attention.self.key,0.0002217896981164813,0.007005
6,K,bert.encoder.layer.6.attention.self.key,0.00023881442029960454,0.007505
6,K,bert.encoder.layer.6.attention.self.key,0.0002580721629783511,0.008005
6,K,bert.encoder.layer.6.attention.self.key,0.00027119970764033496,0.008505
6,K,bert.encoder.layer.6.attention.self.key,0.00028398653375916183,0.009005
6,K,bert.encoder.layer.6.attention.self.key,0.00029966351576149464,0.009505
6,K,bert.encoder.layer.6.attention.self.key,0.00031376941478811204,0.010005
6,K,bert.encoder.layer.6.attention.self.key,0.00032956755603663623,0.01051
6,K,bert.encoder.layer.6.attention.self.key,0.0003475610283203423,0.01101
6,K,bert.encoder.layer.6.attention.self.key,0.00036111631197854877,0.01151
6,K,bert.encoder.layer.6.attention.self.key,0.00037850980879738927,0.01201
6,K,bert.encoder.layer.6.attention.self.key,0.00039383131661452353,0.01251
6,K,bert.encoder.layer.6.attention.self.key,0.000409740605391562,0.01301
6,K,bert.encoder.layer.6.attention.self.key,0.0004245805321261287,0.01351
6,K,bert.encoder.layer.6.attention.self.key,0.00043920191819779575,0.01401
6,K,bert.encoder.layer.6.attention.self.key,0.0004557931097224355,0.01451
6,K,bert.encoder.layer.6.attention.self.key,0.0004747302155010402,0.01501
6,K,bert.encoder.layer.6.attention.self.key,0.0004942761152051389,0.01551
6,K,bert.encoder.layer.6.attention.self.key,0.0005102194263599813,0.01601
6,K,bert.encoder.layer.6.attention.self.key,0.000529597862623632,0.01651
6,K,bert.encoder.layer.6.attention.self.key,0.0005457493825815618,0.01701
6,K,bert.encoder.layer.6.attention.self.key,0.0005647913785651326,0.01751
6,K,bert.encoder.layer.6.attention.self.key,0.0005826651467941701,0.01801
6,K,bert.encoder.layer.6.attention.self.key,0.0005996648105792701,0.01851
6,K,bert.encoder.layer.6.attention.self.key,0.000616086064837873,0.01901
6,K,bert.encoder.layer.6.attention.self.key,0.0006330647738650441,0.01951
6,K,bert.encoder.layer.6.attention.self.key,0.0006486332858912647,0.02001
6,K,bert.encoder.layer.6.attention.self.key,0.0006659154314547777,0.020515
6,K,bert.encoder.layer.6.attention.self.key,0.0006818054825998843,0.021015
6,K,bert.encoder.layer.6.attention.self.key,0.0006962426123209298,0.021515
6,K,bert.encoder.layer.6.attention.self.key,0.0007139662629924715,0.022015
6,K,bert.encoder.layer.6.attention.self.key,0.0007288771448656917,0.022515
6,K,bert.encoder.layer.6.attention.self.key,0.0007469780393876135,0.023015
6,K,bert.encoder.layer.6.attention.self.key,0.00076244305819273,0.023515
6,K,bert.encoder.layer.6.attention.self.key,0.0007796583813615143,0.024015
6,K,bert.encoder.layer.6.attention.self.key,0.0007931294967420399,0.024515
6,K,bert.encoder.layer.6.attention.self.key,0.0008128019981086254,0.025015
6,K,bert.encoder.layer.6.attention.self.key,0.0008302967762574553,0.025515
6,K,bert.encoder.layer.6.attention.self.key,0.0008506064768880606,0.026015
6,K,bert.encoder.layer.6.attention.self.key,0.000868096190970391,0.026515
6,K,bert.encoder.layer.6.attention.self.key,0.0008837573695927858,0.027015
6,K,bert.encoder.layer.6.attention.self.key,0.0008995585376396775,0.027515
6,K,bert.encoder.layer.6.attention.self.key,0.0009173010475933552,0.028015
6,K,bert.encoder.layer.6.attention.self.key,0.0009348202729597688,0.028515
6,K,bert.encoder.layer.6.attention.self.key,0.0009525960776954889,0.029015
6,K,bert.encoder.layer.6.attention.self.key,0.0009691524319350719,0.029515
6,K,bert.encoder.layer.6.attention.self.key,0.0009822661522775888,0.030015
6,K,bert.encoder.layer.6.attention.self.key,0.00099907664116472,0.03052
6,K,bert.encoder.layer.6.attention.self.key,0.0010167057625949383,0.03102
6,K,bert.encoder.layer.6.attention.self.key,0.001032024621963501,0.03152
6,K,bert.encoder.layer.6.attention.self.key,0.0010481649078428745,0.03202
6,K,bert.encoder.layer.6.attention.self.key,0.0010641019325703382,0.03252
6,K,bert.encoder.layer.6.attention.self.key,0.0010839235037565231,0.03302
6,K,bert.encoder.layer.6.attention.self.key,0.0010999112855643034,0.03352
6,K,bert.encoder.layer.6.attention.self.key,0.0011174125829711556,0.03402
6,K,bert.encoder.layer.6.attention.self.key,0.0011367209954187274,0.03452
6,K,bert.encoder.layer.6.attention.self.key,0.0011528595350682735,0.03502
6,K,bert.encoder.layer.6.attention.self.key,0.0011694717686623335,0.03552
6,K,bert.encoder.layer.6.attention.self.key,0.0011847439454868436,0.03602
6,K,bert.encoder.layer.6.attention.self.key,0.001204267144203186,0.03652
6,K,bert.encoder.layer.6.attention.self.key,0.0012218309566378593,0.03702
6,K,bert.encoder.layer.6.attention.self.key,0.0012398287653923035,0.03752
6,K,bert.encoder.layer.6.attention.self.key,0.001254826900549233,0.03802
6,K,bert.encoder.layer.6.attention.self.key,0.0012727868743240833,0.03852
6,K,bert.encoder.layer.6.attention.self.key,0.0012920793378725648,0.03902
6,K,bert.encoder.layer.6.attention.self.key,0.0013094531605020165,0.03952
6,K,bert.encoder.layer.6.attention.self.key,0.0013259684201329947,0.04002
6,K,bert.encoder.layer.6.attention.self.key,0.001344679039902985,0.040525
6,K,bert.encoder.layer.6.attention.self.key,0.001361825386993587,0.041025
6,K,bert.encoder.layer.6.attention.self.key,0.0013789021177217364,0.041525
6,K,bert.encoder.layer.6.attention.self.key,0.0013986533740535378,0.042025
6,K,bert.encoder.layer.6.attention.self.key,0.001418682630173862,0.042525
6,K,bert.encoder.layer.6.attention.self.key,0.0014369965065270662,0.043025
6,K,bert.encoder.layer.6.attention.self.key,0.0014530348125845194,0.043525
6,K,bert.encoder.layer.6.attention.self.key,0.0014707926893606782,0.044025
6,K,bert.encoder.layer.6.attention.self.key,0.0014926140429452062,0.044525
6,K,bert.encoder.layer.6.attention.self.key,0.001510048983618617,0.045025
6,K,bert.encoder.layer.6.attention.self.key,0.0015259464271366596,0.045525
6,K,bert.encoder.layer.6.attention.self.key,0.0015469305217266083,0.046025
6,K,bert.encoder.layer.6.attention.self.key,0.001567268860526383,0.046525
6,K,bert.encoder.layer.6.attention.self.key,0.001584141282364726,0.047025
6,K,bert.encoder.layer.6.attention.self.key,0.001604655059054494,0.047525
6,K,bert.encoder.layer.6.attention.self.key,0.0016191857866942883,0.048025
6,K,bert.encoder.layer.6.attention.self.key,0.0016381600871682167,0.048525
6,K,bert.encoder.layer.6.attention.self.key,0.0016565757105126977,0.049025
6,K,bert.encoder.layer.6.attention.self.key,0.0016747746849432588,0.049525
6,K,bert.encoder.layer.6.attention.self.key,0.0016926624812185764,0.050025
6,K,bert.encoder.layer.6.attention.self.key,0.0017101130215451121,0.05053
6,K,bert.encoder.layer.6.attention.self.key,0.001730294432491064,0.05103
6,K,bert.encoder.layer.6.attention.self.key,0.0017494461499154568,0.05153
6,K,bert.encoder.layer.6.attention.self.key,0.0017679020529612899,0.05203
6,K,bert.encoder.layer.6.attention.self.key,0.0017849738942459226,0.05253
6,K,bert.encoder.layer.6.attention.self.key,0.0018023104639723897,0.05303
6,K,bert.encoder.layer.6.attention.self.key,0.0018217818578705192,0.05353
6,K,bert.encoder.layer.6.attention.self.key,0.0018422442954033613,0.05403
6,K,bert.encoder.layer.6.attention.self.key,0.001860709278844297,0.05453
6,K,bert.encoder.layer.6.attention.self.key,0.0018781292019411922,0.05503
6,K,bert.encoder.layer.6.attention.self.key,0.0018937574932351708,0.05553
6,K,bert.encoder.layer.6.attention.self.key,0.0019142909441143274,0.05603
6,K,bert.encoder.layer.6.attention.self.key,0.0019351126393303275,0.05653
6,K,bert.encoder.layer.6.attention.self.key,0.00195732107385993,0.05703
6,K,bert.encoder.layer.6.attention.self.key,0.0019776795525103807,0.05753
6,K,bert.encoder.layer.6.attention.self.key,0.001999901607632637,0.05803
6,K,bert.encoder.layer.6.attention.self.key,0.0020180298015475273,0.05853
6,K,bert.encoder.layer.6.attention.self.key,0.0020393417216837406,0.05903
6,K,bert.encoder.layer.6.attention.self.key,0.002054808894172311,0.05953
6,K,bert.encoder.layer.6.attention.self.key,0.0020745869260281324,0.06003
6,K,bert.encoder.layer.6.attention.self.key,0.0020943356212228537,0.06053
6,K,bert.encoder.layer.6.attention.self.key,0.0021139713935554028,0.061035
6,K,bert.encoder.layer.6.attention.self.key,0.0021311016753315926,0.061535
6,K,bert.encoder.layer.6.attention.self.key,0.0021483299788087606,0.062035
6,K,bert.encoder.layer.6.attention.self.key,0.002165625337511301,0.062535
6,K,bert.encoder.layer.6.attention.self.key,0.0021849009208381176,0.063035
6,K,bert.encoder.layer.6.attention.self.key,0.0022043706849217415,0.063535
6,K,bert.encoder.layer.6.attention.self.key,0.002223555464297533,0.064035
6,K,bert.encoder.layer.6.attention.self.key,0.002242381451651454,0.064535
6,K,bert.encoder.layer.6.attention.self.key,0.0022629559971392155,0.065035
6,K,bert.encoder.layer.6.attention.self.key,0.002279439941048622,0.065535
6,K,bert.encoder.layer.6.attention.self.key,0.0022976030595600605,0.066035
6,K,bert.encoder.layer.6.attention.self.key,0.0023166516330093145,0.066535
6,K,bert.encoder.layer.6.attention.self.key,0.002337491838261485,0.067035
6,K,bert.encoder.layer.6.attention.self.key,0.0023606778122484684,0.067535
6,K,bert.encoder.layer.6.attention.self.key,0.0023783103097230196,0.068035
6,K,bert.encoder.layer.6.attention.self.key,0.0023981407284736633,0.068535
6,K,bert.encoder.layer.6.attention.self.key,0.0024164689239114523,0.069035
6,K,bert.encoder.layer.6.attention.self.key,0.002434417372569442,0.069535
6,K,bert.encoder.layer.6.attention.self.key,0.0024530866649001837,0.070035
6,K,bert.encoder.layer.6.attention.self.key,0.002472270280122757,0.070535
6,K,bert.encoder.layer.6.attention.self.key,0.002493554260581732,0.07104
6,K,bert.encoder.layer.6.attention.self.key,0.0025147153064608574,0.07154
6,K,bert.encoder.layer.6.attention.self.key,0.002532106591388583,0.07204
6,K,bert.encoder.layer.6.attention.self.key,0.00255399476736784,0.07254
6,K,bert.encoder.layer.6.attention.self.key,0.0025743762962520123,0.07304
6,K,bert.encoder.layer.6.attention.self.key,0.002594053279608488,0.07354
6,K,bert.encoder.layer.6.attention.self.key,0.002612265758216381,0.07404
6,K,bert.encoder.layer.6.attention.self.key,0.0026296358555555344,0.07454
6,K,bert.encoder.layer.6.attention.self.key,0.0026503840927034616,0.07504
6,K,bert.encoder.layer.6.attention.self.key,0.002669666428118944,0.07554
6,K,bert.encoder.layer.6.attention.self.key,0.002688551787286997,0.07604
6,K,bert.encoder.layer.6.attention.self.key,0.0027088152710348368,0.07654
6,K,bert.encoder.layer.6.attention.self.key,0.002729409607127309,0.07704
6,K,bert.encoder.layer.6.attention.self.key,0.002749349921941757,0.07754
6,K,bert.encoder.layer.6.attention.self.key,0.0027675791643559933,0.07804
6,K,bert.encoder.layer.6.attention.self.key,0.0027871159836649895,0.07854
6,K,bert.encoder.layer.6.attention.self.key,0.0028045871295034885,0.07904
6,K,bert.encoder.layer.6.attention.self.key,0.0028244887944310904,0.07954
6,K,bert.encoder.layer.6.attention.self.key,0.002846152987331152,0.08004
6,K,bert.encoder.layer.6.attention.self.key,0.0028628986328840256,0.08054
6,K,bert.encoder.layer.6.attention.self.key,0.0028866231441497803,0.081045
6,K,bert.encoder.layer.6.attention.self.key,0.0029070533346384764,0.081545
6,K,bert.encoder.layer.6.attention.self.key,0.0029248297214508057,0.082045
6,K,bert.encoder.layer.6.attention.self.key,0.002945100888609886,0.082545
6,K,bert.encoder.layer.6.attention.self.key,0.0029692419338971376,0.083045
6,K,bert.encoder.layer.6.attention.self.key,0.002987663494423032,0.083545
6,K,bert.encoder.layer.6.attention.self.key,0.003006839193403721,0.084045
6,K,bert.encoder.layer.6.attention.self.key,0.0030242667999118567,0.084545
6,K,bert.encoder.layer.6.attention.self.key,0.003048297017812729,0.085045
6,K,bert.encoder.layer.6.attention.self.key,0.0030658033210784197,0.085545
6,K,bert.encoder.layer.6.attention.self.key,0.003084758296608925,0.086045
6,K,bert.encoder.layer.6.attention.self.key,0.0031066127121448517,0.086545
6,K,bert.encoder.layer.6.attention.self.key,0.0031259164679795504,0.087045
6,K,bert.encoder.layer.6.attention.self.key,0.0031465054489672184,0.087545
6,K,bert.encoder.layer.6.attention.self.key,0.003163218032568693,0.088045
6,K,bert.encoder.layer.6.attention.self.key,0.003182747168466449,0.088545
6,K,bert.encoder.layer.6.attention.self.key,0.003206216963008046,0.089045
6,K,bert.encoder.layer.6.attention.self.key,0.0032272038515657187,0.089545
6,K,bert.encoder.layer.6.attention.self.key,0.0032474552281200886,0.090045
6,K,bert.encoder.layer.6.attention.self.key,0.003265123814344406,0.090545
6,K,bert.encoder.layer.6.attention.self.key,0.0032854191958904266,0.09105
6,K,bert.encoder.layer.6.attention.self.key,0.0033054554369300604,0.09155
6,K,bert.encoder.layer.6.attention.self.key,0.0033276325557380915,0.09205
6,K,bert.encoder.layer.6.attention.self.key,0.0033479449339210987,0.09255
6,K,bert.encoder.layer.6.attention.self.key,0.0033660458866506815,0.09305
6,K,bert.encoder.layer.6.attention.self.key,0.003384446492418647,0.09355
6,K,bert.encoder.layer.6.attention.self.key,0.0034020752646028996,0.09405
6,K,bert.encoder.layer.6.attention.self.key,0.003423650749027729,0.09455
6,K,bert.encoder.layer.6.attention.self.key,0.0034449947997927666,0.09505
6,K,bert.encoder.layer.6.attention.self.key,0.00346542289480567,0.09555
6,K,bert.encoder.layer.6.attention.self.key,0.00348425074480474,0.09605
6,K,bert.encoder.layer.6.attention.self.key,0.003506108419969678,0.09655
6,K,bert.encoder.layer.6.attention.self.key,0.003528766566887498,0.09705
6,K,bert.encoder.layer.6.attention.self.key,0.003549622604623437,0.09755
6,K,bert.encoder.layer.6.attention.self.key,0.003573488211259246,0.09805
6,K,bert.encoder.layer.6.attention.self.key,0.003594648092985153,0.09855
6,K,bert.encoder.layer.6.attention.self.key,0.003613463370129466,0.09905
6,K,bert.encoder.layer.6.attention.self.key,0.0036325990222394466,0.09955
6,K,bert.encoder.layer.6.attention.self.key,0.0036506974138319492,0.10005
6,K,bert.encoder.layer.6.attention.self.key,0.003673924831673503,0.10055
6,K,bert.encoder.layer.6.attention.self.key,0.0036955063696950674,0.101055
6,K,bert.encoder.layer.6.attention.self.key,0.0037177614867687225,0.101555
6,K,bert.encoder.layer.6.attention.self.key,0.0037377094849944115,0.102055
6,K,bert.encoder.layer.6.attention.self.key,0.0037572260480374098,0.102555
6,K,bert.encoder.layer.6.attention.self.key,0.00378075591288507,0.103055
6,K,bert.encoder.layer.6.attention.self.key,0.003802001476287842,0.103555
6,K,bert.encoder.layer.6.attention.self.key,0.0038190227933228016,0.104055
6,K,bert.encoder.layer.6.attention.self.key,0.003838764503598213,0.104555
6,K,bert.encoder.layer.6.attention.self.key,0.0038612037897109985,0.105055
6,K,bert.encoder.layer.6.attention.self.key,0.0038849255070090294,0.105555
6,K,bert.encoder.layer.6.attention.self.key,0.003908325452357531,0.106055
6,K,bert.encoder.layer.6.attention.self.key,0.003930667415261269,0.106555
6,K,bert.encoder.layer.6.attention.self.key,0.003950127866119146,0.107055
6,K,bert.encoder.layer.6.attention.self.key,0.003972143866121769,0.107555
6,K,bert.encoder.layer.6.attention.self.key,0.003993531223386526,0.108055
6,K,bert.encoder.layer.6.attention.self.key,0.0040176138281822205,0.108555
6,K,bert.encoder.layer.6.attention.self.key,0.0040383958257734776,0.109055
6,K,bert.encoder.layer.6.attention.self.key,0.004056822042912245,0.109555
6,K,bert.encoder.layer.6.attention.self.key,0.004078323021531105,0.110055
6,K,bert.encoder.layer.6.attention.self.key,0.004101146012544632,0.110555
6,K,bert.encoder.layer.6.attention.self.key,0.004120485857129097,0.111055
6,K,bert.encoder.layer.6.attention.self.key,0.0041429707780480385,0.11156
6,K,bert.encoder.layer.6.attention.self.key,0.0041674901731312275,0.11206
6,K,bert.encoder.layer.6.attention.self.key,0.0041876970790326595,0.11256
6,K,bert.encoder.layer.6.attention.self.key,0.004210428800433874,0.11306
6,K,bert.encoder.layer.6.attention.self.key,0.004232997540384531,0.11356
6,K,bert.encoder.layer.6.attention.self.key,0.004258457571268082,0.11406
6,K,bert.encoder.layer.6.attention.self.key,0.004277684260159731,0.11456
6,K,bert.encoder.layer.6.attention.self.key,0.0043022590689361095,0.11506
6,K,bert.encoder.layer.6.attention.self.key,0.0043220785446465015,0.11556
6,K,bert.encoder.layer.6.attention.self.key,0.004340896848589182,0.11606
6,K,bert.encoder.layer.6.attention.self.key,0.004362999461591244,0.11656
6,K,bert.encoder.layer.6.attention.self.key,0.004386999644339085,0.11706
6,K,bert.encoder.layer.6.attention.self.key,0.004407641012221575,0.11756
6,K,bert.encoder.layer.6.attention.self.key,0.0044319042935967445,0.11806
6,K,bert.encoder.layer.6.attention.self.key,0.004454617854207754,0.11856
6,K,bert.encoder.layer.6.attention.self.key,0.004479493014514446,0.11906
6,K,bert.encoder.layer.6.attention.self.key,0.00450177351012826,0.11956
6,K,bert.encoder.layer.6.attention.self.key,0.004523790441453457,0.12006
6,K,bert.encoder.layer.6.attention.self.key,0.004548570606857538,0.12056
6,K,bert.encoder.layer.6.attention.self.key,0.004569126758724451,0.12106
6,K,bert.encoder.layer.6.attention.self.key,0.0045948754996061325,0.121565
6,K,bert.encoder.layer.6.attention.self.key,0.004617565311491489,0.122065
6,K,bert.encoder.layer.6.attention.self.key,0.004638195503503084,0.122565
6,K,bert.encoder.layer.6.attention.self.key,0.0046607209369540215,0.123065
6,K,bert.encoder.layer.6.attention.self.key,0.004681078717112541,0.123565
6,K,bert.encoder.layer.6.attention.self.key,0.0046980916522443295,0.124065
6,K,bert.encoder.layer.6.attention.self.key,0.004720247350633144,0.124565
6,K,bert.encoder.layer.6.attention.self.key,0.004744560457766056,0.125065
6,K,bert.encoder.layer.6.attention.self.key,0.004766897298395634,0.125565
6,K,bert.encoder.layer.6.attention.self.key,0.0047872536815702915,0.126065
6,K,bert.encoder.layer.6.attention.self.key,0.004811113700270653,0.126565
6,K,bert.encoder.layer.6.attention.self.key,0.004832377657294273,0.127065
6,K,bert.encoder.layer.6.attention.self.key,0.004852535203099251,0.127565
6,K,bert.encoder.layer.6.attention.self.key,0.004870619624853134,0.128065
6,K,bert.encoder.layer.6.attention.self.key,0.004890261683613062,0.128565
6,K,bert.encoder.layer.6.attention.self.key,0.004912074189633131,0.129065
6,K,bert.encoder.layer.6.attention.self.key,0.00493432255461812,0.129565
6,K,bert.encoder.layer.6.attention.self.key,0.004953997675329447,0.130065
6,K,bert.encoder.layer.6.attention.self.key,0.004973278380930424,0.130565
6,K,bert.encoder.layer.6.attention.self.key,0.004993927199393511,0.131065
6,K,bert.encoder.layer.6.attention.self.key,0.005015026777982712,0.13157
6,K,bert.encoder.layer.6.attention.self.key,0.005036229267716408,0.13207
6,K,bert.encoder.layer.6.attention.self.key,0.00505635142326355,0.13257
6,K,bert.encoder.layer.6.attention.self.key,0.005080096889287233,0.13307
6,K,bert.encoder.layer.6.attention.self.key,0.005101471208035946,0.13357
6,K,bert.encoder.layer.6.attention.self.key,0.005124572664499283,0.13407
6,K,bert.encoder.layer.6.attention.self.key,0.005148653872311115,0.13457
6,K,bert.encoder.layer.6.attention.self.key,0.005168010015040636,0.13507
6,K,bert.encoder.layer.6.attention.self.key,0.005193811841309071,0.13557
6,K,bert.encoder.layer.6.attention.self.key,0.005220429040491581,0.13607
6,K,bert.encoder.layer.6.attention.self.key,0.005241756327450275,0.13657
6,K,bert.encoder.layer.6.attention.self.key,0.005263863131403923,0.13707
6,K,bert.encoder.layer.6.attention.self.key,0.005288984626531601,0.13757
6,K,bert.encoder.layer.6.attention.self.key,0.005311845801770687,0.13807
6,K,bert.encoder.layer.6.attention.self.key,0.005334948189556599,0.13857
6,K,bert.encoder.layer.6.attention.self.key,0.00535988062620163,0.13907
6,K,bert.encoder.layer.6.attention.self.key,0.005386481527239084,0.13957
6,K,bert.encoder.layer.6.attention.self.key,0.005408169236034155,0.14007
6,K,bert.encoder.layer.6.attention.self.key,0.005434537306427956,0.14057
6,K,bert.encoder.layer.6.attention.self.key,0.005457848310470581,0.14107
6,K,bert.encoder.layer.6.attention.self.key,0.005484924651682377,0.141575
6,K,bert.encoder.layer.6.attention.self.key,0.005507488269358873,0.142075
6,K,bert.encoder.layer.6.attention.self.key,0.005529364570975304,0.142575
6,K,bert.encoder.layer.6.attention.self.key,0.005554161965847015,0.143075
6,K,bert.encoder.layer.6.attention.self.key,0.00557921826839447,0.143575
6,K,bert.encoder.layer.6.attention.self.key,0.005607739090919495,0.144075
6,K,bert.encoder.layer.6.attention.self.key,0.005630966741591692,0.144575
6,K,bert.encoder.layer.6.attention.self.key,0.005652395077049732,0.145075
6,K,bert.encoder.layer.6.attention.self.key,0.00567168602719903,0.145575
6,K,bert.encoder.layer.6.attention.self.key,0.005694759078323841,0.146075
6,K,bert.encoder.layer.6.attention.self.key,0.005719777196645737,0.146575
6,K,bert.encoder.layer.6.attention.self.key,0.005741363391280174,0.147075
6,K,bert.encoder.layer.6.attention.self.key,0.005763789638876915,0.147575
6,K,bert.encoder.layer.6.attention.self.key,0.005787546280771494,0.148075
6,K,bert.encoder.layer.6.attention.self.key,0.005810019094496965,0.148575
6,K,bert.encoder.layer.6.attention.self.key,0.005833205301314592,0.149075
6,K,bert.encoder.layer.6.attention.self.key,0.005854502320289612,0.149575
6,K,bert.encoder.layer.6.attention.self.key,0.005880018696188927,0.150075
6,K,bert.encoder.layer.6.attention.self.key,0.005905782338231802,0.150575
6,K,bert.encoder.layer.6.attention.self.key,0.005932302679866552,0.151075
6,K,bert.encoder.layer.6.attention.self.key,0.005954886320978403,0.15158
6,K,bert.encoder.layer.6.attention.self.key,0.005977211985737085,0.15208
6,K,bert.encoder.layer.6.attention.self.key,0.00599896302446723,0.15258
6,K,bert.encoder.layer.6.attention.self.key,0.006023626308888197,0.15308
6,K,bert.encoder.layer.6.attention.self.key,0.006050418596714735,0.15358
6,K,bert.encoder.layer.6.attention.self.key,0.006082652136683464,0.15408
6,K,bert.encoder.layer.6.attention.self.key,0.006107696797698736,0.15458
6,K,bert.encoder.layer.6.attention.self.key,0.006133865099400282,0.15508
6,K,bert.encoder.layer.6.attention.self.key,0.006154600530862808,0.15558
6,K,bert.encoder.layer.6.attention.self.key,0.0061815460212528706,0.15608
6,K,bert.encoder.layer.6.attention.self.key,0.006207027472555637,0.15658
6,K,bert.encoder.layer.6.attention.self.key,0.006232991814613342,0.15708
6,K,bert.encoder.layer.6.attention.self.key,0.006258734501898289,0.15758
6,K,bert.encoder.layer.6.attention.self.key,0.0062799351289868355,0.15808
6,K,bert.encoder.layer.6.attention.self.key,0.006302634719759226,0.15858
6,K,bert.encoder.layer.6.attention.self.key,0.006324895191937685,0.15908
6,K,bert.encoder.layer.6.attention.self.key,0.006347942631691694,0.15958
6,K,bert.encoder.layer.6.attention.self.key,0.006372743286192417,0.16008
6,K,bert.encoder.layer.6.attention.self.key,0.006400096695870161,0.16058
6,K,bert.encoder.layer.6.attention.self.key,0.006420009769499302,0.16108
6,K,bert.encoder.layer.6.attention.self.key,0.006443660706281662,0.16158
6,K,bert.encoder.layer.6.attention.self.key,0.006467029917985201,0.162085
6,K,bert.encoder.layer.6.attention.self.key,0.006495438516139984,0.162585
6,K,bert.encoder.layer.6.attention.self.key,0.006520751863718033,0.163085
6,K,bert.encoder.layer.6.attention.self.key,0.0065512931905686855,0.163585
6,K,bert.encoder.layer.6.attention.self.key,0.006576698739081621,0.164085
6,K,bert.encoder.layer.6.attention.self.key,0.006600720342248678,0.164585
6,K,bert.encoder.layer.6.attention.self.key,0.006624412722885609,0.165085
6,K,bert.encoder.layer.6.attention.self.key,0.006651023402810097,0.165585
6,K,bert.encoder.layer.6.attention.self.key,0.006679521407932043,0.166085
6,K,bert.encoder.layer.6.attention.self.key,0.00670423312112689,0.166585
6,K,bert.encoder.layer.6.attention.self.key,0.006732925772666931,0.167085
6,K,bert.encoder.layer.6.attention.self.key,0.006758322473615408,0.167585
6,K,bert.encoder.layer.6.attention.self.key,0.006787835620343685,0.168085
6,K,bert.encoder.layer.6.attention.self.key,0.006809175945818424,0.168585
6,K,bert.encoder.layer.6.attention.self.key,0.006831321865320206,0.169085
6,K,bert.encoder.layer.6.attention.self.key,0.006855204235762358,0.169585
6,K,bert.encoder.layer.6.attention.self.key,0.006881830282509327,0.170085
6,K,bert.encoder.layer.6.attention.self.key,0.00690632127225399,0.170585
6,K,bert.encoder.layer.6.attention.self.key,0.0069327629171311855,0.171085
6,K,bert.encoder.layer.6.attention.self.key,0.006954864598810673,0.171585
6,K,bert.encoder.layer.6.attention.self.key,0.006979972589761019,0.17209
6,K,bert.encoder.layer.6.attention.self.key,0.007005248684436083,0.17259
6,K,bert.encoder.layer.6.attention.self.key,0.007028978783637285,0.17309
6,K,bert.encoder.layer.6.attention.self.key,0.007054395508021116,0.17359
6,K,bert.encoder.layer.6.attention.self.key,0.007081260904669762,0.17409
6,K,bert.encoder.layer.6.attention.self.key,0.007107400801032782,0.17459
6,K,bert.encoder.layer.6.attention.self.key,0.007135602179914713,0.17509
6,K,bert.encoder.layer.6.attention.self.key,0.007159321568906307,0.17559
6,K,bert.encoder.layer.6.attention.self.key,0.007179187145084143,0.17609
6,K,bert.encoder.layer.6.attention.self.key,0.007202817592769861,0.17659
6,K,bert.encoder.layer.6.attention.self.key,0.007226511370390654,0.17709
6,K,bert.encoder.layer.6.attention.self.key,0.0072526936419308186,0.17759
6,K,bert.encoder.layer.6.attention.self.key,0.007275288924574852,0.17809
6,K,bert.encoder.layer.6.attention.self.key,0.00729743018746376,0.17859
6,K,bert.encoder.layer.6.attention.self.key,0.007320348173379898,0.17909
6,K,bert.encoder.layer.6.attention.self.key,0.007345220074057579,0.17959
6,K,bert.encoder.layer.6.attention.self.key,0.007370494306087494,0.18009
6,K,bert.encoder.layer.6.attention.self.key,0.007397485431283712,0.18059
6,K,bert.encoder.layer.6.attention.self.key,0.007423053495585918,0.18109
6,K,bert.encoder.layer.6.attention.self.key,0.007447183597832918,0.18159
6,K,bert.encoder.layer.6.attention.self.key,0.0074716657400131226,0.182095
6,K,bert.encoder.layer.6.attention.self.key,0.007494177203625441,0.182595
6,K,bert.encoder.layer.6.attention.self.key,0.007520169019699097,0.183095
6,K,bert.encoder.layer.6.attention.self.key,0.007543554995208979,0.183595
6,K,bert.encoder.layer.6.attention.self.key,0.007571050431579351,0.184095
6,K,bert.encoder.layer.6.attention.self.key,0.0075951628386974335,0.184595
6,K,bert.encoder.layer.6.attention.self.key,0.007624080870300531,0.185095
6,K,bert.encoder.layer.6.attention.self.key,0.0076521169394254684,0.185595
6,K,bert.encoder.layer.6.attention.self.key,0.007677808403968811,0.186095
6,K,bert.encoder.layer.6.attention.self.key,0.007704596966505051,0.186595
6,K,bert.encoder.layer.6.attention.self.key,0.007736561354249716,0.187095
6,K,bert.encoder.layer.6.attention.self.key,0.007756603881716728,0.187595
6,K,bert.encoder.layer.6.attention.self.key,0.007777759805321693,0.188095
6,K,bert.encoder.layer.6.attention.self.key,0.007805970031768084,0.188595
6,K,bert.encoder.layer.6.attention.self.key,0.007830571383237839,0.189095
6,K,bert.encoder.layer.6.attention.self.key,0.007852600887417793,0.189595
6,K,bert.encoder.layer.6.attention.self.key,0.0078741991892457,0.190095
6,K,bert.encoder.layer.6.attention.self.key,0.00789701845496893,0.190595
6,K,bert.encoder.layer.6.attention.self.key,0.007923566736280918,0.191095
6,K,bert.encoder.layer.6.attention.self.key,0.007949359714984894,0.191595
6,K,bert.encoder.layer.6.attention.self.key,0.00797898881137371,0.1921
6,K,bert.encoder.layer.6.attention.self.key,0.008009794168174267,0.1926
6,K,bert.encoder.layer.6.attention.self.key,0.008037649095058441,0.1931
6,K,bert.encoder.layer.6.attention.self.key,0.008065590634942055,0.1936
6,K,bert.encoder.layer.6.attention.self.key,0.008092239499092102,0.1941
6,K,bert.encoder.layer.6.attention.self.key,0.008117066696286201,0.1946
6,K,bert.encoder.layer.6.attention.self.key,0.008142983540892601,0.1951
6,K,bert.encoder.layer.6.attention.self.key,0.008175628259778023,0.1956
6,K,bert.encoder.layer.6.attention.self.key,0.008200263604521751,0.1961
6,K,bert.encoder.layer.6.attention.self.key,0.008228463120758533,0.1966
6,K,bert.encoder.layer.6.attention.self.key,0.008259331807494164,0.1971
6,K,bert.encoder.layer.6.attention.self.key,0.008284864015877247,0.1976
6,K,bert.encoder.layer.6.attention.self.key,0.008306644856929779,0.1981
6,K,bert.encoder.layer.6.attention.self.key,0.008333726786077023,0.1986
6,K,bert.encoder.layer.6.attention.self.key,0.008361339569091797,0.1991
6,K,bert.encoder.layer.6.attention.self.key,0.008387732319533825,0.1996
6,K,bert.encoder.layer.6.attention.self.key,0.008412666618824005,0.2001
6,K,bert.encoder.layer.6.attention.self.key,0.008445770479738712,0.2006
6,K,bert.encoder.layer.6.attention.self.key,0.008477333933115005,0.2011
6,K,bert.encoder.layer.6.attention.self.key,0.008499998599290848,0.2016
6,K,bert.encoder.layer.6.attention.self.key,0.008526640944182873,0.202105
6,K,bert.encoder.layer.6.attention.self.key,0.008553359657526016,0.202605
6,K,bert.encoder.layer.6.attention.self.key,0.008579832501709461,0.203105
6,K,bert.encoder.layer.6.attention.self.key,0.008606398478150368,0.203605
6,K,bert.encoder.layer.6.attention.self.key,0.008635682985186577,0.204105
6,K,bert.encoder.layer.6.attention.self.key,0.008659475483000278,0.204605
6,K,bert.encoder.layer.6.attention.self.key,0.008687838912010193,0.205105
6,K,bert.encoder.layer.6.attention.self.key,0.008717752993106842,0.205605
6,K,bert.encoder.layer.6.attention.self.key,0.008739398792386055,0.206105
6,K,bert.encoder.layer.6.attention.self.key,0.008768838830292225,0.206605
6,K,bert.encoder.layer.6.attention.self.key,0.008797287940979004,0.207105
6,K,bert.encoder.layer.6.attention.self.key,0.00882297195494175,0.207605
6,K,bert.encoder.layer.6.attention.self.key,0.00885091908276081,0.208105
6,K,bert.encoder.layer.6.attention.self.key,0.00888631958514452,0.208605
6,K,bert.encoder.layer.6.attention.self.key,0.00891620572656393,0.209105
6,K,bert.encoder.layer.6.attention.self.key,0.00894131325185299,0.209605
6,K,bert.encoder.layer.6.attention.self.key,0.008969631977379322,0.210105
6,K,bert.encoder.layer.6.attention.self.key,0.008995121344923973,0.210605
6,K,bert.encoder.layer.6.attention.self.key,0.009018641896545887,0.211105
6,K,bert.encoder.layer.6.attention.self.key,0.009044049307703972,0.211605
6,K,bert.encoder.layer.6.attention.self.key,0.009073196910321712,0.212105
6,K,bert.encoder.layer.6.attention.self.key,0.009104205295443535,0.21261
6,K,bert.encoder.layer.6.attention.self.key,0.00913180224597454,0.21311
6,K,bert.encoder.layer.6.attention.self.key,0.009160277433693409,0.21361
6,K,bert.encoder.layer.6.attention.self.key,0.009191876277327538,0.21411
6,K,bert.encoder.layer.6.attention.self.key,0.009222637861967087,0.21461
6,K,bert.encoder.layer.6.attention.self.key,0.009255526587367058,0.21511
6,K,bert.encoder.layer.6.attention.self.key,0.009285055100917816,0.21561
6,K,bert.encoder.layer.6.attention.self.key,0.009310081601142883,0.21611
6,K,bert.encoder.layer.6.attention.self.key,0.009337353520095348,0.21661
6,K,bert.encoder.layer.6.attention.self.key,0.009366335347294807,0.21711
6,K,bert.encoder.layer.6.attention.self.key,0.009398287162184715,0.21761
6,K,bert.encoder.layer.6.attention.self.key,0.009424963966012001,0.21811
6,K,bert.encoder.layer.6.attention.self.key,0.009451215155422688,0.21861
6,K,bert.encoder.layer.6.attention.self.key,0.009477382525801659,0.21911
6,K,bert.encoder.layer.6.attention.self.key,0.009505582973361015,0.21961
6,K,bert.encoder.layer.6.attention.self.key,0.00952966045588255,0.22011
6,K,bert.encoder.layer.6.attention.self.key,0.009558552876114845,0.22061
6,K,bert.encoder.layer.6.attention.self.key,0.009585105814039707,0.22111
6,K,bert.encoder.layer.6.attention.self.key,0.009616934694349766,0.22161
6,K,bert.encoder.layer.6.attention.self.key,0.009646482765674591,0.22211
6,K,bert.encoder.layer.6.attention.self.key,0.00967354979366064,0.222615
6,K,bert.encoder.layer.6.attention.self.key,0.009702694602310658,0.223115
6,K,bert.encoder.layer.6.attention.self.key,0.0097279641777277,0.223615
6,K,bert.encoder.layer.6.attention.self.key,0.009759917855262756,0.224115
6,K,bert.encoder.layer.6.attention.self.key,0.009790194220840931,0.224615
6,K,bert.encoder.layer.6.attention.self.key,0.009817308746278286,0.225115
6,K,bert.encoder.layer.6.attention.self.key,0.009851704351603985,0.225615
6,K,bert.encoder.layer.6.attention.self.key,0.009881763719022274,0.226115
6,K,bert.encoder.layer.6.attention.self.key,0.009911127388477325,0.226615
6,K,bert.encoder.layer.6.attention.self.key,0.009941816329956055,0.227115
6,K,bert.encoder.layer.6.attention.self.key,0.009968608617782593,0.227615
6,K,bert.encoder.layer.6.attention.self.key,0.00999439600855112,0.228115
6,K,bert.encoder.layer.6.attention.self.key,0.010026741772890091,0.228615
6,K,bert.encoder.layer.6.attention.self.key,0.010060385800898075,0.229115
6,K,bert.encoder.layer.6.attention.self.key,0.010085753165185452,0.229615
6,K,bert.encoder.layer.6.attention.self.key,0.010116430930793285,0.230115
6,K,bert.encoder.layer.6.attention.self.key,0.010143151506781578,0.230615
6,K,bert.encoder.layer.6.attention.self.key,0.010175150819122791,0.231115
6,K,bert.encoder.layer.6.attention.self.key,0.010203331708908081,0.231615
6,K,bert.encoder.layer.6.attention.self.key,0.010237414389848709,0.232115
6,K,bert.encoder.layer.6.attention.self.key,0.010269500315189362,0.23262
6,K,bert.encoder.layer.6.attention.self.key,0.010302141308784485,0.23312
6,K,bert.encoder.layer.6.attention.self.key,0.010331976227462292,0.23362
6,K,bert.encoder.layer.6.attention.self.key,0.010360827669501305,0.23412
6,K,bert.encoder.layer.6.attention.self.key,0.01039653830230236,0.23462
6,K,bert.encoder.layer.6.attention.self.key,0.010420200414955616,0.23512
6,K,bert.encoder.layer.6.attention.self.key,0.01044569443911314,0.23562
6,K,bert.encoder.layer.6.attention.self.key,0.010474562644958496,0.23612
6,K,bert.encoder.layer.6.attention.self.key,0.010503963567316532,0.23662
6,K,bert.encoder.layer.6.attention.self.key,0.0105296541005373,0.23712
6,K,bert.encoder.layer.6.attention.self.key,0.010560277849435806,0.23762
6,K,bert.encoder.layer.6.attention.self.key,0.010586988180875778,0.23812
6,K,bert.encoder.layer.6.attention.self.key,0.010624737478792667,0.23862
6,K,bert.encoder.layer.6.attention.self.key,0.01065320335328579,0.23912
6,K,bert.encoder.layer.6.attention.self.key,0.010683720000088215,0.23962
6,K,bert.encoder.layer.6.attention.self.key,0.010709838010370731,0.24012
6,K,bert.encoder.layer.6.attention.self.key,0.010739818215370178,0.24062
6,K,bert.encoder.layer.6.attention.self.key,0.010766355320811272,0.24112
6,K,bert.encoder.layer.6.attention.self.key,0.010797379538416862,0.24162
6,K,bert.encoder.layer.6.attention.self.key,0.010823752731084824,0.24212
6,K,bert.encoder.layer.6.attention.self.key,0.010850152000784874,0.242625
6,K,bert.encoder.layer.6.attention.self.key,0.010878064669668674,0.243125
6,K,bert.encoder.layer.6.attention.self.key,0.010910898447036743,0.243625
6,K,bert.encoder.layer.6.attention.self.key,0.010940938256680965,0.244125
6,K,bert.encoder.layer.6.attention.self.key,0.010968729853630066,0.244625
6,K,bert.encoder.layer.6.attention.self.key,0.01099832821637392,0.245125
6,K,bert.encoder.layer.6.attention.self.key,0.011026852764189243,0.245625
6,K,bert.encoder.layer.6.attention.self.key,0.01105744019150734,0.246125
6,K,bert.encoder.layer.6.attention.self.key,0.011082679033279419,0.246625
6,K,bert.encoder.layer.6.attention.self.key,0.01111100148409605,0.247125
6,K,bert.encoder.layer.6.attention.self.key,0.011137489229440689,0.247625
6,K,bert.encoder.layer.6.attention.self.key,0.011165894567966461,0.248125
6,K,bert.encoder.layer.6.attention.self.key,0.011197377927601337,0.248625
6,K,bert.encoder.layer.6.attention.self.key,0.011221751570701599,0.249125
6,K,bert.encoder.layer.6.attention.self.key,0.011248603463172913,0.249625
6,K,bert.encoder.layer.6.attention.self.key,0.011275148019194603,0.250125
6,K,bert.encoder.layer.6.attention.self.key,0.011304725892841816,0.250625
6,K,bert.encoder.layer.6.attention.self.key,0.011333324015140533,0.251125
6,K,bert.encoder.layer.6.attention.self.key,0.011363638564944267,0.251625
6,K,bert.encoder.layer.6.attention.self.key,0.01139275822788477,0.252125
6,K,bert.encoder.layer.6.attention.self.key,0.011427769437432289,0.25263
6,K,bert.encoder.layer.6.attention.self.key,0.011460047215223312,0.25313
6,K,bert.encoder.layer.6.attention.self.key,0.011487866751849651,0.25363
6,K,bert.encoder.layer.6.attention.self.key,0.011521697044372559,0.25413
6,K,bert.encoder.layer.6.attention.self.key,0.011554591357707977,0.25463
6,K,bert.encoder.layer.6.attention.self.key,0.01158548891544342,0.25513
6,K,bert.encoder.layer.6.attention.self.key,0.01161155290901661,0.25563
6,K,bert.encoder.layer.6.attention.self.key,0.011639729142189026,0.25613
6,K,bert.encoder.layer.6.attention.self.key,0.011672922410070896,0.25663
6,K,bert.encoder.layer.6.attention.self.key,0.011706559918820858,0.25713
6,K,bert.encoder.layer.6.attention.self.key,0.011736457236111164,0.25763
6,K,bert.encoder.layer.6.attention.self.key,0.011767483316361904,0.25813
6,K,bert.encoder.layer.6.attention.self.key,0.011800098232924938,0.25863
6,K,bert.encoder.layer.6.attention.self.key,0.011828424409031868,0.25913
6,K,bert.encoder.layer.6.attention.self.key,0.0118586216121912,0.25963
6,K,bert.encoder.layer.6.attention.self.key,0.01189874205738306,0.26013
6,K,bert.encoder.layer.6.attention.self.key,0.011928902007639408,0.26063
6,K,bert.encoder.layer.6.attention.self.key,0.011961527168750763,0.26113
6,K,bert.encoder.layer.6.attention.self.key,0.011989936232566833,0.26163
6,K,bert.encoder.layer.6.attention.self.key,0.01201766449958086,0.26213
6,K,bert.encoder.layer.6.attention.self.key,0.012050273828208447,0.262635
6,K,bert.encoder.layer.6.attention.self.key,0.012086273171007633,0.263135
6,K,bert.encoder.layer.6.attention.self.key,0.012118034064769745,0.263635
6,K,bert.encoder.layer.6.attention.self.key,0.012149897404015064,0.264135
6,K,bert.encoder.layer.6.attention.self.key,0.01217700820416212,0.264635
6,K,bert.encoder.layer.6.attention.self.key,0.01221020519733429,0.265135
6,K,bert.encoder.layer.6.attention.self.key,0.012242391705513,0.265635
6,K,bert.encoder.layer.6.attention.self.key,0.012275135144591331,0.266135
6,K,bert.encoder.layer.6.attention.self.key,0.012308205477893353,0.266635
6,K,bert.encoder.layer.6.attention.self.key,0.012338118627667427,0.267135
6,K,bert.encoder.layer.6.attention.self.key,0.012369707226753235,0.267635
6,K,bert.encoder.layer.6.attention.self.key,0.012401088140904903,0.268135
6,K,bert.encoder.layer.6.attention.self.key,0.012435805052518845,0.268635
6,K,bert.encoder.layer.6.attention.self.key,0.012468254193663597,0.269135
6,K,bert.encoder.layer.6.attention.self.key,0.012504623271524906,0.269635
6,K,bert.encoder.layer.6.attention.self.key,0.012545938603579998,0.270135
6,K,bert.encoder.layer.6.attention.self.key,0.012579078786075115,0.270635
6,K,bert.encoder.layer.6.attention.self.key,0.01260562427341938,0.271135
6,K,bert.encoder.layer.6.attention.self.key,0.012637801468372345,0.271635
6,K,bert.encoder.layer.6.attention.self.key,0.012677408754825592,0.272135
6,K,bert.encoder.layer.6.attention.self.key,0.012707713060081005,0.272635
6,K,bert.encoder.layer.6.attention.self.key,0.01274047326296568,0.27314
6,K,bert.encoder.layer.6.attention.self.key,0.0127716651186347,0.27364
6,K,bert.encoder.layer.6.attention.self.key,0.012804354541003704,0.27414
6,K,bert.encoder.layer.6.attention.self.key,0.012837347574532032,0.27464
6,K,bert.encoder.layer.6.attention.self.key,0.01286571379750967,0.27514
6,K,bert.encoder.layer.6.attention.self.key,0.012902663089334965,0.27564
6,K,bert.encoder.layer.6.attention.self.key,0.012932689860463142,0.27614
6,K,bert.encoder.layer.6.attention.self.key,0.012967975810170174,0.27664
6,K,bert.encoder.layer.6.attention.self.key,0.013000324368476868,0.27714
6,K,bert.encoder.layer.6.attention.self.key,0.013029258698225021,0.27764
6,K,bert.encoder.layer.6.attention.self.key,0.013060473836958408,0.27814
6,K,bert.encoder.layer.6.attention.self.key,0.013097075745463371,0.27864
6,K,bert.encoder.layer.6.attention.self.key,0.013128089718520641,0.27914
6,K,bert.encoder.layer.6.attention.self.key,0.013161329552531242,0.27964
6,K,bert.encoder.layer.6.attention.self.key,0.01319656241685152,0.28014
6,K,bert.encoder.layer.6.attention.self.key,0.01322499942034483,0.28064
6,K,bert.encoder.layer.6.attention.self.key,0.013258766382932663,0.28114
6,K,bert.encoder.layer.6.attention.self.key,0.01329451147466898,0.28164
6,K,bert.encoder.layer.6.attention.self.key,0.01332719437777996,0.28214
6,K,bert.encoder.layer.6.attention.self.key,0.013361616060137749,0.28264
6,K,bert.encoder.layer.6.attention.self.key,0.013391879387199879,0.283145
6,K,bert.encoder.layer.6.attention.self.key,0.013420947827398777,0.283645
6,K,bert.encoder.layer.6.attention.self.key,0.013452628627419472,0.284145
6,K,bert.encoder.layer.6.attention.self.key,0.01348794810473919,0.284645
6,K,bert.encoder.layer.6.attention.self.key,0.013524514622986317,0.285145
6,K,bert.encoder.layer.6.attention.self.key,0.01356313657015562,0.285645
6,K,bert.encoder.layer.6.attention.self.key,0.013592193834483624,0.286145
6,K,bert.encoder.layer.6.attention.self.key,0.013623762875795364,0.286645
6,K,bert.encoder.layer.6.attention.self.key,0.013658073730766773,0.287145
6,K,bert.encoder.layer.6.attention.self.key,0.013691782020032406,0.287645
6,K,bert.encoder.layer.6.attention.self.key,0.013723473064601421,0.288145
6,K,bert.encoder.layer.6.attention.self.key,0.013758644461631775,0.288645
6,K,bert.encoder.layer.6.attention.self.key,0.013793647289276123,0.289145
6,K,bert.encoder.layer.6.attention.self.key,0.013826134614646435,0.289645
6,K,bert.encoder.layer.6.attention.self.key,0.013854286633431911,0.290145
6,K,bert.encoder.layer.6.attention.self.key,0.013891846872866154,0.290645
6,K,bert.encoder.layer.6.attention.self.key,0.013927659951150417,0.291145
6,K,bert.encoder.layer.6.attention.self.key,0.013955986127257347,0.291645
6,K,bert.encoder.layer.6.attention.self.key,0.01398845948278904,0.292145
6,K,bert.encoder.layer.6.attention.self.key,0.014025657437741756,0.292645
6,K,bert.encoder.layer.6.attention.self.key,0.014060650020837784,0.29315
6,K,bert.encoder.layer.6.attention.self.key,0.014090820215642452,0.29365
6,K,bert.encoder.layer.6.attention.self.key,0.014129484072327614,0.29415
6,K,bert.encoder.layer.6.attention.self.key,0.014162411913275719,0.29465
6,K,bert.encoder.layer.6.attention.self.key,0.014193564653396606,0.29515
6,K,bert.encoder.layer.6.attention.self.key,0.014226381666958332,0.29565
6,K,bert.encoder.layer.6.attention.self.key,0.014265489764511585,0.29615
6,K,bert.encoder.layer.6.attention.self.key,0.014298247173428535,0.29665
6,K,bert.encoder.layer.6.attention.self.key,0.014332994818687439,0.29715
6,K,bert.encoder.layer.6.attention.self.key,0.014365766197443008,0.29765
6,K,bert.encoder.layer.6.attention.self.key,0.014398818835616112,0.29815
6,K,bert.encoder.layer.6.attention.self.key,0.014429675415158272,0.29865
6,K,bert.encoder.layer.6.attention.self.key,0.014464795589447021,0.29915
6,K,bert.encoder.layer.6.attention.self.key,0.014501024037599564,0.29965
6,K,bert.encoder.layer.6.attention.self.key,0.0145478006452322,0.30015
6,K,bert.encoder.layer.6.attention.self.key,0.014583743177354336,0.30065
6,K,bert.encoder.layer.6.attention.self.key,0.014616486616432667,0.30115
6,K,bert.encoder.layer.6.attention.self.key,0.014651251025497913,0.30165
6,K,bert.encoder.layer.6.attention.self.key,0.014689800329506397,0.30215
6,K,bert.encoder.layer.6.attention.self.key,0.014724547043442726,0.30265
6,K,bert.encoder.layer.6.attention.self.key,0.014762930572032928,0.303155
6,K,bert.encoder.layer.6.attention.self.key,0.01480790413916111,0.303655
6,K,bert.encoder.layer.6.attention.self.key,0.014841031283140182,0.304155
6,K,bert.encoder.layer.6.attention.self.key,0.014873568899929523,0.304655
6,K,bert.encoder.layer.6.attention.self.key,0.01491600926965475,0.305155
6,K,bert.encoder.layer.6.attention.self.key,0.014948243275284767,0.305655
6,K,bert.encoder.layer.6.attention.self.key,0.01497642882168293,0.306155
6,K,bert.encoder.layer.6.attention.self.key,0.015012677758932114,0.306655
6,K,bert.encoder.layer.6.attention.self.key,0.015054716728627682,0.307155
6,K,bert.encoder.layer.6.attention.self.key,0.015084483660757542,0.307655
6,K,bert.encoder.layer.6.attention.self.key,0.015120417810976505,0.308155
6,K,bert.encoder.layer.6.attention.self.key,0.01516835205256939,0.308655
6,K,bert.encoder.layer.6.attention.self.key,0.015203660354018211,0.309155
6,K,bert.encoder.layer.6.attention.self.key,0.015236679464578629,0.309655
6,K,bert.encoder.layer.6.attention.self.key,0.015276240184903145,0.310155
6,K,bert.encoder.layer.6.attention.self.key,0.015310978516936302,0.310655
6,K,bert.encoder.layer.6.attention.self.key,0.015348037704825401,0.311155
6,K,bert.encoder.layer.6.attention.self.key,0.015382683835923672,0.311655
6,K,bert.encoder.layer.6.attention.self.key,0.015414570458233356,0.312155
6,K,bert.encoder.layer.6.attention.self.key,0.015451998449862003,0.312655
6,K,bert.encoder.layer.6.attention.self.key,0.015487605705857277,0.31316
6,K,bert.encoder.layer.6.attention.self.key,0.015528752468526363,0.31366
6,K,bert.encoder.layer.6.attention.self.key,0.015571368858218193,0.31416
6,K,bert.encoder.layer.6.attention.self.key,0.015611679293215275,0.31466
6,K,bert.encoder.layer.6.attention.self.key,0.01565076783299446,0.31516
6,K,bert.encoder.layer.6.attention.self.key,0.015686755999922752,0.31566
6,K,bert.encoder.layer.6.attention.self.key,0.015718040987849236,0.31616
6,K,bert.encoder.layer.6.attention.self.key,0.015750400722026825,0.31666
6,K,bert.encoder.layer.6.attention.self.key,0.015786658972501755,0.31716
6,K,bert.encoder.layer.6.attention.self.key,0.0158231183886528,0.31766
6,K,bert.encoder.layer.6.attention.self.key,0.01586616039276123,0.31816
6,K,bert.encoder.layer.6.attention.self.key,0.01589801535010338,0.31866
6,K,bert.encoder.layer.6.attention.self.key,0.015937138348817825,0.31916
6,K,bert.encoder.layer.6.attention.self.key,0.015977298840880394,0.31966
6,K,bert.encoder.layer.6.attention.self.key,0.016021985560655594,0.32016
6,K,bert.encoder.layer.6.attention.self.key,0.016058754175901413,0.32066
6,K,bert.encoder.layer.6.attention.self.key,0.016093583777546883,0.32116
6,K,bert.encoder.layer.6.attention.self.key,0.016127703711390495,0.32166
6,K,bert.encoder.layer.6.attention.self.key,0.01617324724793434,0.32216
6,K,bert.encoder.layer.6.attention.self.key,0.01621183380484581,0.32266
6,K,bert.encoder.layer.6.attention.self.key,0.016257375478744507,0.32316
6,K,bert.encoder.layer.6.attention.self.key,0.016292497515678406,0.323665
6,K,bert.encoder.layer.6.attention.self.key,0.016329655423760414,0.324165
6,K,bert.encoder.layer.6.attention.self.key,0.016363821923732758,0.324665
6,K,bert.encoder.layer.6.attention.self.key,0.016405964270234108,0.325165
6,K,bert.encoder.layer.6.attention.self.key,0.016440587118268013,0.325665
6,K,bert.encoder.layer.6.attention.self.key,0.01647777110338211,0.326165
6,K,bert.encoder.layer.6.attention.self.key,0.01651153713464737,0.326665
6,K,bert.encoder.layer.6.attention.self.key,0.016553012654185295,0.327165
6,K,bert.encoder.layer.6.attention.self.key,0.01658596284687519,0.327665
6,K,bert.encoder.layer.6.attention.self.key,0.016619430854916573,0.328165
6,K,bert.encoder.layer.6.attention.self.key,0.01665765605866909,0.328665
6,K,bert.encoder.layer.6.attention.self.key,0.016692643985152245,0.329165
6,K,bert.encoder.layer.6.attention.self.key,0.016724882647395134,0.329665
6,K,bert.encoder.layer.6.attention.self.key,0.01676313392817974,0.330165
6,K,bert.encoder.layer.6.attention.self.key,0.01680552214384079,0.330665
6,K,bert.encoder.layer.6.attention.self.key,0.016840064898133278,0.331165
6,K,bert.encoder.layer.6.attention.self.key,0.016878172755241394,0.331665
6,K,bert.encoder.layer.6.attention.self.key,0.0169142447412014,0.332165
6,K,bert.encoder.layer.6.attention.self.key,0.01695670746266842,0.332665
6,K,bert.encoder.layer.6.attention.self.key,0.0169946551322937,0.333165
6,K,bert.encoder.layer.6.attention.self.key,0.01703326404094696,0.33367
6,K,bert.encoder.layer.6.attention.self.key,0.01706744357943535,0.33417
6,K,bert.encoder.layer.6.attention.self.key,0.017109980806708336,0.33467
6,K,bert.encoder.layer.6.attention.self.key,0.017155351117253304,0.33517
6,K,bert.encoder.layer.6.attention.self.key,0.01719505712389946,0.33567
6,K,bert.encoder.layer.6.attention.self.key,0.017232554033398628,0.33617
6,K,bert.encoder.layer.6.attention.self.key,0.01727190986275673,0.33667
6,K,bert.encoder.layer.6.attention.self.key,0.017306409776210785,0.33717
6,K,bert.encoder.layer.6.attention.self.key,0.017347628250718117,0.33767
6,K,bert.encoder.layer.6.attention.self.key,0.017382031306624413,0.33817
6,K,bert.encoder.layer.6.attention.self.key,0.017425188794732094,0.33867
6,K,bert.encoder.layer.6.attention.self.key,0.017462002113461494,0.33917
6,K,bert.encoder.layer.6.attention.self.key,0.017498940229415894,0.33967
6,K,bert.encoder.layer.6.attention.self.key,0.017539748921990395,0.34017
6,K,bert.encoder.layer.6.attention.self.key,0.017579469829797745,0.34067
6,K,bert.encoder.layer.6.attention.self.key,0.01762339659035206,0.34117
6,K,bert.encoder.layer.6.attention.self.key,0.01766026020050049,0.34167
6,K,bert.encoder.layer.6.attention.self.key,0.017702162265777588,0.34217
6,K,bert.encoder.layer.6.attention.self.key,0.017739316448569298,0.34267
6,K,bert.encoder.layer.6.attention.self.key,0.017781082540750504,0.34317
6,K,bert.encoder.layer.6.attention.self.key,0.017821384593844414,0.343675
6,K,bert.encoder.layer.6.attention.self.key,0.01786286011338234,0.344175
6,K,bert.encoder.layer.6.attention.self.key,0.01789546199142933,0.344675
6,K,bert.encoder.layer.6.attention.self.key,0.017937462776899338,0.345175
6,K,bert.encoder.layer.6.attention.self.key,0.01797954924404621,0.345675
6,K,bert.encoder.layer.6.attention.self.key,0.018015475943684578,0.346175
6,K,bert.encoder.layer.6.attention.self.key,0.018051734194159508,0.346675
6,K,bert.encoder.layer.6.attention.self.key,0.01808895915746689,0.347175
6,K,bert.encoder.layer.6.attention.self.key,0.018128616735339165,0.347675
6,K,bert.encoder.layer.6.attention.self.key,0.01816311851143837,0.348175
6,K,bert.encoder.layer.6.attention.self.key,0.018197698518633842,0.348675
6,K,bert.encoder.layer.6.attention.self.key,0.018243834376335144,0.349175
6,K,bert.encoder.layer.6.attention.self.key,0.018287893384695053,0.349675
6,K,bert.encoder.layer.6.attention.self.key,0.01832718960940838,0.350175
6,K,bert.encoder.layer.6.attention.self.key,0.018366392701864243,0.350675
6,K,bert.encoder.layer.6.attention.self.key,0.018404141068458557,0.351175
6,K,bert.encoder.layer.6.attention.self.key,0.018443303182721138,0.351675
6,K,bert.encoder.layer.6.attention.self.key,0.018485475331544876,0.352175
6,K,bert.encoder.layer.6.attention.self.key,0.01852983422577381,0.352675
6,K,bert.encoder.layer.6.attention.self.key,0.01855984516441822,0.353175
6,K,bert.encoder.layer.6.attention.self.key,0.018606234341859818,0.35368
6,K,bert.encoder.layer.6.attention.self.key,0.01865239627659321,0.35418
6,K,bert.encoder.layer.6.attention.self.key,0.018688954412937164,0.35468
6,K,bert.encoder.layer.6.attention.self.key,0.01872716285288334,0.35518
6,K,bert.encoder.layer.6.attention.self.key,0.01877165399491787,0.35568
6,K,bert.encoder.layer.6.attention.self.key,0.01882072165608406,0.35618
6,K,bert.encoder.layer.6.attention.self.key,0.01885971985757351,0.35668
6,K,bert.encoder.layer.6.attention.self.key,0.018895849585533142,0.35718
6,K,bert.encoder.layer.6.attention.self.key,0.01894094981253147,0.35768
6,K,bert.encoder.layer.6.attention.self.key,0.018981633707880974,0.35818
6,K,bert.encoder.layer.6.attention.self.key,0.01902446523308754,0.35868
6,K,bert.encoder.layer.6.attention.self.key,0.019064541906118393,0.35918
6,K,bert.encoder.layer.6.attention.self.key,0.019096696749329567,0.35968
6,K,bert.encoder.layer.6.attention.self.key,0.019132500514388084,0.36018
6,K,bert.encoder.layer.6.attention.self.key,0.019180117174983025,0.36068
6,K,bert.encoder.layer.6.attention.self.key,0.019226642325520515,0.36118
6,K,bert.encoder.layer.6.attention.self.key,0.019272273406386375,0.36168
6,K,bert.encoder.layer.6.attention.self.key,0.019314629957079887,0.36218
6,K,bert.encoder.layer.6.attention.self.key,0.019351543858647346,0.36268
6,K,bert.encoder.layer.6.attention.self.key,0.019391076639294624,0.36318
6,K,bert.encoder.layer.6.attention.self.key,0.01943446695804596,0.363685
6,K,bert.encoder.layer.6.attention.self.key,0.019474860280752182,0.364185
6,K,bert.encoder.layer.6.attention.self.key,0.019515516236424446,0.364685
6,K,bert.encoder.layer.6.attention.self.key,0.01955585367977619,0.365185
6,K,bert.encoder.layer.6.attention.self.key,0.0195978581905365,0.365685
6,K,bert.encoder.layer.6.attention.self.key,0.019635960459709167,0.366185
6,K,bert.encoder.layer.6.attention.self.key,0.0196748748421669,0.366685
6,K,bert.encoder.layer.6.attention.self.key,0.019718075171113014,0.367185
6,K,bert.encoder.layer.6.attention.self.key,0.019758783280849457,0.367685
6,K,bert.encoder.layer.6.attention.self.key,0.019804686307907104,0.368185
6,K,bert.encoder.layer.6.attention.self.key,0.019838018342852592,0.368685
6,K,bert.encoder.layer.6.attention.self.key,0.01987573318183422,0.369185
6,K,bert.encoder.layer.6.attention.self.key,0.019914191216230392,0.369685
6,K,bert.encoder.layer.6.attention.self.key,0.01995493844151497,0.370185
6,K,bert.encoder.layer.6.attention.self.key,0.019994134083390236,0.370685
6,K,bert.encoder.layer.6.attention.self.key,0.020044539123773575,0.371185
6,K,bert.encoder.layer.6.attention.self.key,0.020091069862246513,0.371685
6,K,bert.encoder.layer.6.attention.self.key,0.020133113488554955,0.372185
6,K,bert.encoder.layer.6.attention.self.key,0.020179668441414833,0.372685
6,K,bert.encoder.layer.6.attention.self.key,0.020222976803779602,0.373185
6,K,bert.encoder.layer.6.attention.self.key,0.020267272368073463,0.373685
6,K,bert.encoder.layer.6.attention.self.key,0.02030668966472149,0.37419
6,K,bert.encoder.layer.6.attention.self.key,0.020356861874461174,0.37469
6,K,bert.encoder.layer.6.attention.self.key,0.020394043996930122,0.37519
6,K,bert.encoder.layer.6.attention.self.key,0.020435377955436707,0.37569
6,K,bert.encoder.layer.6.attention.self.key,0.020484166219830513,0.37619
6,K,bert.encoder.layer.6.attention.self.key,0.02052224613726139,0.37669
6,K,bert.encoder.layer.6.attention.self.key,0.02056635543704033,0.37719
6,K,bert.encoder.layer.6.attention.self.key,0.020607350394129753,0.37769
6,K,bert.encoder.layer.6.attention.self.key,0.020661041140556335,0.37819
6,K,bert.encoder.layer.6.attention.self.key,0.020703257992863655,0.37869
6,K,bert.encoder.layer.6.attention.self.key,0.020747805014252663,0.37919
6,K,bert.encoder.layer.6.attention.self.key,0.020786497741937637,0.37969
6,K,bert.encoder.layer.6.attention.self.key,0.02082713507115841,0.38019
6,K,bert.encoder.layer.6.attention.self.key,0.02087203972041607,0.38069
6,K,bert.encoder.layer.6.attention.self.key,0.020925812423229218,0.38119
6,K,bert.encoder.layer.6.attention.self.key,0.020968060940504074,0.38169
6,K,bert.encoder.layer.6.attention.self.key,0.021015793085098267,0.38219
6,K,bert.encoder.layer.6.attention.self.key,0.021058857440948486,0.38269
6,K,bert.encoder.layer.6.attention.self.key,0.02110181748867035,0.38319
6,K,bert.encoder.layer.6.attention.self.key,0.021160423755645752,0.38369
6,K,bert.encoder.layer.6.attention.self.key,0.021199388429522514,0.384195
6,K,bert.encoder.layer.6.attention.self.key,0.021242037415504456,0.384695
6,K,bert.encoder.layer.6.attention.self.key,0.02129555307328701,0.385195
6,K,bert.encoder.layer.6.attention.self.key,0.021337704733014107,0.385695
6,K,bert.encoder.layer.6.attention.self.key,0.021389368921518326,0.386195
6,K,bert.encoder.layer.6.attention.self.key,0.021437356248497963,0.386695
6,K,bert.encoder.layer.6.attention.self.key,0.021480266004800797,0.387195
6,K,bert.encoder.layer.6.attention.self.key,0.02152409963309765,0.387695
6,K,bert.encoder.layer.6.attention.self.key,0.021565226837992668,0.388195
6,K,bert.encoder.layer.6.attention.self.key,0.021608266979455948,0.388695
6,K,bert.encoder.layer.6.attention.self.key,0.021650373935699463,0.389195
6,K,bert.encoder.layer.6.attention.self.key,0.02170502580702305,0.389695
6,K,bert.encoder.layer.6.attention.self.key,0.021749701350927353,0.390195
6,K,bert.encoder.layer.6.attention.self.key,0.021801782771945,0.390695
6,K,bert.encoder.layer.6.attention.self.key,0.02184569090604782,0.391195
6,K,bert.encoder.layer.6.attention.self.key,0.021888580173254013,0.391695
6,K,bert.encoder.layer.6.attention.self.key,0.021933523938059807,0.392195
6,K,bert.encoder.layer.6.attention.self.key,0.02198684960603714,0.392695
6,K,bert.encoder.layer.6.attention.self.key,0.02203076332807541,0.393195
6,K,bert.encoder.layer.6.attention.self.key,0.022076740860939026,0.393695
6,K,bert.encoder.layer.6.attention.self.key,0.022128168493509293,0.3942
6,K,bert.encoder.layer.6.attention.self.key,0.022177988663315773,0.3947
6,K,bert.encoder.layer.6.attention.self.key,0.02222033217549324,0.3952
6,K,bert.encoder.layer.6.attention.self.key,0.022267207503318787,0.3957
6,K,bert.encoder.layer.6.attention.self.key,0.022303136065602303,0.3962
6,K,bert.encoder.layer.6.attention.self.key,0.022341856732964516,0.3967
6,K,bert.encoder.layer.6.attention.self.key,0.02238517254590988,0.3972
6,K,bert.encoder.layer.6.attention.self.key,0.022434549406170845,0.3977
6,K,bert.encoder.layer.6.attention.self.key,0.022482817992568016,0.3982
6,K,bert.encoder.layer.6.attention.self.key,0.022528309375047684,0.3987
6,K,bert.encoder.layer.6.attention.self.key,0.022572485730051994,0.3992
6,K,bert.encoder.layer.6.attention.self.key,0.02262583188712597,0.3997
6,K,bert.encoder.layer.6.attention.self.key,0.022670818492770195,0.4002
6,K,bert.encoder.layer.6.attention.self.key,0.02271498180925846,0.4007
6,K,bert.encoder.layer.6.attention.self.key,0.022755561396479607,0.4012
6,K,bert.encoder.layer.6.attention.self.key,0.022801993414759636,0.4017
6,K,bert.encoder.layer.6.attention.self.key,0.0228622704744339,0.4022
6,K,bert.encoder.layer.6.attention.self.key,0.022917388007044792,0.4027
6,K,bert.encoder.layer.6.attention.self.key,0.022966686636209488,0.4032
6,K,bert.encoder.layer.6.attention.self.key,0.02301674149930477,0.4037
6,K,bert.encoder.layer.6.attention.self.key,0.02305617742240429,0.404205
6,K,bert.encoder.layer.6.attention.self.key,0.023095928132534027,0.404705
6,K,bert.encoder.layer.6.attention.self.key,0.023147260770201683,0.405205
6,K,bert.encoder.layer.6.attention.self.key,0.0231932420283556,0.405705
6,K,bert.encoder.layer.6.attention.self.key,0.023228561505675316,0.406205
6,K,bert.encoder.layer.6.attention.self.key,0.023271864280104637,0.406705
6,K,bert.encoder.layer.6.attention.self.key,0.023315822705626488,0.407205
6,K,bert.encoder.layer.6.attention.self.key,0.023362858220934868,0.407705
6,K,bert.encoder.layer.6.attention.self.key,0.02341277524828911,0.408205
6,K,bert.encoder.layer.6.attention.self.key,0.02345634438097477,0.408705
6,K,bert.encoder.layer.6.attention.self.key,0.023502221331000328,0.409205
6,K,bert.encoder.layer.6.attention.self.key,0.0235506072640419,0.409705
6,K,bert.encoder.layer.6.attention.self.key,0.023595333099365234,0.410205
6,K,bert.encoder.layer.6.attention.self.key,0.023642167448997498,0.410705
6,K,bert.encoder.layer.6.attention.self.key,0.023688148707151413,0.411205
6,K,bert.encoder.layer.6.attention.self.key,0.023741919547319412,0.411705
6,K,bert.encoder.layer.6.attention.self.key,0.02378816157579422,0.412205
6,K,bert.encoder.layer.6.attention.self.key,0.023841414600610733,0.412705
6,K,bert.encoder.layer.6.attention.self.key,0.02388632297515869,0.413205
6,K,bert.encoder.layer.6.attention.self.key,0.023934779688715935,0.413705
6,K,bert.encoder.layer.6.attention.self.key,0.023982660844922066,0.41421
6,K,bert.encoder.layer.6.attention.self.key,0.02403024211525917,0.41471
6,K,bert.encoder.layer.6.attention.self.key,0.024075480177998543,0.41521
6,K,bert.encoder.layer.6.attention.self.key,0.024129120633006096,0.41571
6,K,bert.encoder.layer.6.attention.self.key,0.02417798340320587,0.41621
6,K,bert.encoder.layer.6.attention.self.key,0.02422790229320526,0.41671
6,K,bert.encoder.layer.6.attention.self.key,0.024277903139591217,0.41721
6,K,bert.encoder.layer.6.attention.self.key,0.02432977966964245,0.41771
6,K,bert.encoder.layer.6.attention.self.key,0.024384913966059685,0.41821
6,K,bert.encoder.layer.6.attention.self.key,0.024432681500911713,0.41871
6,K,bert.encoder.layer.6.attention.self.key,0.024481529369950294,0.41921
6,K,bert.encoder.layer.6.attention.self.key,0.024522706866264343,0.41971
6,K,bert.encoder.layer.6.attention.self.key,0.024561315774917603,0.42021
6,K,bert.encoder.layer.6.attention.self.key,0.024610958993434906,0.42071
6,K,bert.encoder.layer.6.attention.self.key,0.024655962362885475,0.42121
6,K,bert.encoder.layer.6.attention.self.key,0.024719050154089928,0.42171
6,K,bert.encoder.layer.6.attention.self.key,0.02477613091468811,0.42221
6,K,bert.encoder.layer.6.attention.self.key,0.02482575550675392,0.42271
6,K,bert.encoder.layer.6.attention.self.key,0.024873975664377213,0.42321
6,K,bert.encoder.layer.6.attention.self.key,0.024926191195845604,0.42371
6,K,bert.encoder.layer.6.attention.self.key,0.0249785203486681,0.42421
6,K,bert.encoder.layer.6.attention.self.key,0.025023434311151505,0.424715
6,K,bert.encoder.layer.6.attention.self.key,0.025072386488318443,0.425215
6,K,bert.encoder.layer.6.attention.self.key,0.025123940780758858,0.425715
6,K,bert.encoder.layer.6.attention.self.key,0.025178954005241394,0.426215
6,K,bert.encoder.layer.6.attention.self.key,0.025228234007954597,0.426715
6,K,bert.encoder.layer.6.attention.self.key,0.02528040111064911,0.427215
6,K,bert.encoder.layer.6.attention.self.key,0.02533518522977829,0.427715
6,K,bert.encoder.layer.6.attention.self.key,0.025383800268173218,0.428215
6,K,bert.encoder.layer.6.attention.self.key,0.02543126419186592,0.428715
6,K,bert.encoder.layer.6.attention.self.key,0.025483788922429085,0.429215
6,K,bert.encoder.layer.6.attention.self.key,0.02553529292345047,0.429715
6,K,bert.encoder.layer.6.attention.self.key,0.025586793199181557,0.430215
6,K,bert.encoder.layer.6.attention.self.key,0.025639817118644714,0.430715
6,K,bert.encoder.layer.6.attention.self.key,0.02569464035332203,0.431215
6,K,bert.encoder.layer.6.attention.self.key,0.025755226612091064,0.431715
6,K,bert.encoder.layer.6.attention.self.key,0.025809532031416893,0.432215
6,K,bert.encoder.layer.6.attention.self.key,0.02585931308567524,0.432715
6,K,bert.encoder.layer.6.attention.self.key,0.0259063970297575,0.433215
6,K,bert.encoder.layer.6.attention.self.key,0.02595372125506401,0.433715
6,K,bert.encoder.layer.6.attention.self.key,0.026006225496530533,0.434215
6,K,bert.encoder.layer.6.attention.self.key,0.026062939316034317,0.43472
6,K,bert.encoder.layer.6.attention.self.key,0.026110803708434105,0.43522
6,K,bert.encoder.layer.6.attention.self.key,0.02615741267800331,0.43572
6,K,bert.encoder.layer.6.attention.self.key,0.02621016837656498,0.43622
6,K,bert.encoder.layer.6.attention.self.key,0.026258107274770737,0.43672
6,K,bert.encoder.layer.6.attention.self.key,0.02631014958024025,0.43722
6,K,bert.encoder.layer.6.attention.self.key,0.026374999433755875,0.43772
6,K,bert.encoder.layer.6.attention.self.key,0.026418128982186317,0.43822
6,K,bert.encoder.layer.6.attention.self.key,0.02646772377192974,0.43872
6,K,bert.encoder.layer.6.attention.self.key,0.0265223179012537,0.43922
6,K,bert.encoder.layer.6.attention.self.key,0.02656775712966919,0.43972
6,K,bert.encoder.layer.6.attention.self.key,0.026624087244272232,0.44022
6,K,bert.encoder.layer.6.attention.self.key,0.02668175660073757,0.44072
6,K,bert.encoder.layer.6.attention.self.key,0.026738930493593216,0.44122
6,K,bert.encoder.layer.6.attention.self.key,0.02679474651813507,0.44172
6,K,bert.encoder.layer.6.attention.self.key,0.026844197884202003,0.44222
6,K,bert.encoder.layer.6.attention.self.key,0.026895888149738312,0.44272
6,K,bert.encoder.layer.6.attention.self.key,0.02695261500775814,0.44322
6,K,bert.encoder.layer.6.attention.self.key,0.027002250775694847,0.44372
6,K,bert.encoder.layer.6.attention.self.key,0.027047179639339447,0.44422
6,K,bert.encoder.layer.6.attention.self.key,0.027106398716568947,0.444725
6,K,bert.encoder.layer.6.attention.self.key,0.02716081589460373,0.445225
6,K,bert.encoder.layer.6.attention.self.key,0.027222812175750732,0.445725
6,K,bert.encoder.layer.6.attention.self.key,0.0272726621478796,0.446225
6,K,bert.encoder.layer.6.attention.self.key,0.027324913069605827,0.446725
6,K,bert.encoder.layer.6.attention.self.key,0.027374884113669395,0.447225
6,K,bert.encoder.layer.6.attention.self.key,0.027430595830082893,0.447725
6,K,bert.encoder.layer.6.attention.self.key,0.027482200413942337,0.448225
6,K,bert.encoder.layer.6.attention.self.key,0.027534103021025658,0.448725
6,K,bert.encoder.layer.6.attention.self.key,0.027584504336118698,0.449225
6,K,bert.encoder.layer.6.attention.self.key,0.027640273794531822,0.449725
6,K,bert.encoder.layer.6.attention.self.key,0.02769259549677372,0.450225
6,K,bert.encoder.layer.6.attention.self.key,0.027754485607147217,0.450725
6,K,bert.encoder.layer.6.attention.self.key,0.027808403596282005,0.451225
6,K,bert.encoder.layer.6.attention.self.key,0.027864743024110794,0.451725
6,K,bert.encoder.layer.6.attention.self.key,0.027908626943826675,0.452225
6,K,bert.encoder.layer.6.attention.self.key,0.0279704462736845,0.452725
6,K,bert.encoder.layer.6.attention.self.key,0.028014684095978737,0.453225
6,K,bert.encoder.layer.6.attention.self.key,0.02806844376027584,0.453725
6,K,bert.encoder.layer.6.attention.self.key,0.028117509558796883,0.454225
6,K,bert.encoder.layer.6.attention.self.key,0.028163796290755272,0.45473
6,K,bert.encoder.layer.6.attention.self.key,0.02821156196296215,0.45523
6,K,bert.encoder.layer.6.attention.self.key,0.02826295793056488,0.45573
6,K,bert.encoder.layer.6.attention.self.key,0.0283186174929142,0.45623
6,K,bert.encoder.layer.6.attention.self.key,0.02837255410850048,0.45673
6,K,bert.encoder.layer.6.attention.self.key,0.028428295627236366,0.45723
6,K,bert.encoder.layer.6.attention.self.key,0.028483450412750244,0.45773
6,K,bert.encoder.layer.6.attention.self.key,0.028537794947624207,0.45823
6,K,bert.encoder.layer.6.attention.self.key,0.028597544878721237,0.45873
6,K,bert.encoder.layer.6.attention.self.key,0.028646163642406464,0.45923
6,K,bert.encoder.layer.6.attention.self.key,0.028697989881038666,0.45973
6,K,bert.encoder.layer.6.attention.self.key,0.028753668069839478,0.46023
6,K,bert.encoder.layer.6.attention.self.key,0.028806155547499657,0.46073
6,K,bert.encoder.layer.6.attention.self.key,0.028866734355688095,0.46123
6,K,bert.encoder.layer.6.attention.self.key,0.028925377875566483,0.46173
6,K,bert.encoder.layer.6.attention.self.key,0.02898540161550045,0.46223
6,K,bert.encoder.layer.6.attention.self.key,0.029056591913104057,0.46273
6,K,bert.encoder.layer.6.attention.self.key,0.02910701371729374,0.46323
6,K,bert.encoder.layer.6.attention.self.key,0.029157526791095734,0.46373
6,K,bert.encoder.layer.6.attention.self.key,0.029210226610302925,0.46423
6,K,bert.encoder.layer.6.attention.self.key,0.029266541823744774,0.464735
6,K,bert.encoder.layer.6.attention.self.key,0.02931911125779152,0.465235
6,K,bert.encoder.layer.6.attention.self.key,0.029376890510320663,0.465735
6,K,bert.encoder.layer.6.attention.self.key,0.029429888352751732,0.466235
6,K,bert.encoder.layer.6.attention.self.key,0.029492730274796486,0.466735
6,K,bert.encoder.layer.6.attention.self.key,0.029548222199082375,0.467235
6,K,bert.encoder.layer.6.attention.self.key,0.029597900807857513,0.467735
6,K,bert.encoder.layer.6.attention.self.key,0.029659641906619072,0.468235
6,K,bert.encoder.layer.6.attention.self.key,0.02971842885017395,0.468735
6,K,bert.encoder.layer.6.attention.self.key,0.029780514538288116,0.469235
6,K,bert.encoder.layer.6.attention.self.key,0.029841769486665726,0.469735
6,K,bert.encoder.layer.6.attention.self.key,0.02990090847015381,0.470235
6,K,bert.encoder.layer.6.attention.self.key,0.029957598075270653,0.470735
6,K,bert.encoder.layer.6.attention.self.key,0.03001755103468895,0.471235
6,K,bert.encoder.layer.6.attention.self.key,0.030062604695558548,0.471735
6,K,bert.encoder.layer.6.attention.self.key,0.030121874064207077,0.472235
6,K,bert.encoder.layer.6.attention.self.key,0.03017568774521351,0.472735
6,K,bert.encoder.layer.6.attention.self.key,0.03022921457886696,0.473235
6,K,bert.encoder.layer.6.attention.self.key,0.030293378978967667,0.473735
6,K,bert.encoder.layer.6.attention.self.key,0.03035287745296955,0.474235
6,K,bert.encoder.layer.6.attention.self.key,0.030425699427723885,0.474735
6,K,bert.encoder.layer.6.attention.self.key,0.030479883775115013,0.47524
6,K,bert.encoder.layer.6.attention.self.key,0.030535897240042686,0.47574
6,K,bert.encoder.layer.6.attention.self.key,0.030605532228946686,0.47624
6,K,bert.encoder.layer.6.attention.self.key,0.03065217100083828,0.47674
6,K,bert.encoder.layer.6.attention.self.key,0.030703607946634293,0.47724
6,K,bert.encoder.layer.6.attention.self.key,0.030754754319787025,0.47774
6,K,bert.encoder.layer.6.attention.self.key,0.03082282282412052,0.47824
6,K,bert.encoder.layer.6.attention.self.key,0.030875008553266525,0.47874
6,K,bert.encoder.layer.6.attention.self.key,0.03093920648097992,0.47924
6,K,bert.encoder.layer.6.attention.self.key,0.03099767491221428,0.47974
6,K,bert.encoder.layer.6.attention.self.key,0.03104049526154995,0.48024
6,K,bert.encoder.layer.6.attention.self.key,0.031091520562767982,0.48074
6,K,bert.encoder.layer.6.attention.self.key,0.03114495798945427,0.48124
6,K,bert.encoder.layer.6.attention.self.key,0.031208796426653862,0.48174
6,K,bert.encoder.layer.6.attention.self.key,0.0312705896794796,0.48224
6,K,bert.encoder.layer.6.attention.self.key,0.031325314193964005,0.48274
6,K,bert.encoder.layer.6.attention.self.key,0.03138955309987068,0.48324
6,K,bert.encoder.layer.6.attention.self.key,0.03144069015979767,0.48374
6,K,bert.encoder.layer.6.attention.self.key,0.03150393068790436,0.48424
6,K,bert.encoder.layer.6.attention.self.key,0.03156377375125885,0.48474
6,K,bert.encoder.layer.6.attention.self.key,0.031620729714632034,0.485245
6,K,bert.encoder.layer.6.attention.self.key,0.031690895557403564,0.485745
6,K,bert.encoder.layer.6.attention.self.key,0.03174719586968422,0.486245
6,K,bert.encoder.layer.6.attention.self.key,0.031805917620658875,0.486745
6,K,bert.encoder.layer.6.attention.self.key,0.03186384215950966,0.487245
6,K,bert.encoder.layer.6.attention.self.key,0.031922515481710434,0.487745
6,K,bert.encoder.layer.6.attention.self.key,0.03198569267988205,0.488245
6,K,bert.encoder.layer.6.attention.self.key,0.032062239944934845,0.488745
6,K,bert.encoder.layer.6.attention.self.key,0.03212902322411537,0.489245
6,K,bert.encoder.layer.6.attention.self.key,0.03219126909971237,0.489745
6,K,bert.encoder.layer.6.attention.self.key,0.03225439414381981,0.490245
6,K,bert.encoder.layer.6.attention.self.key,0.032311875373125076,0.490745
6,K,bert.encoder.layer.6.attention.self.key,0.03236941993236542,0.491245
6,K,bert.encoder.layer.6.attention.self.key,0.03241096809506416,0.491745
6,K,bert.encoder.layer.6.attention.self.key,0.03247889131307602,0.492245
6,K,bert.encoder.layer.6.attention.self.key,0.032540757209062576,0.492745
6,K,bert.encoder.layer.6.attention.self.key,0.03260126709938049,0.493245
6,K,bert.encoder.layer.6.attention.self.key,0.032664988189935684,0.493745
6,K,bert.encoder.layer.6.attention.self.key,0.03272874280810356,0.494245
6,K,bert.encoder.layer.6.attention.self.key,0.03278841823339462,0.494745
6,K,bert.encoder.layer.6.attention.self.key,0.03285307437181473,0.49525
6,K,bert.encoder.layer.6.attention.self.key,0.03291922062635422,0.49575
6,K,bert.encoder.layer.6.attention.self.key,0.032980818301439285,0.49625
6,K,bert.encoder.layer.6.attention.self.key,0.03304380550980568,0.49675
6,K,bert.encoder.layer.6.attention.self.key,0.03310629725456238,0.49725
6,K,bert.encoder.layer.6.attention.self.key,0.03317303955554962,0.49775
6,K,bert.encoder.layer.6.attention.self.key,0.033239588141441345,0.49825
6,K,bert.encoder.layer.6.attention.self.key,0.033298980444669724,0.49875
6,K,bert.encoder.layer.6.attention.self.key,0.0333653949201107,0.49925
6,K,bert.encoder.layer.6.attention.self.key,0.03343133255839348,0.49975
6,K,bert.encoder.layer.6.attention.self.key,0.03350067511200905,0.50025
6,K,bert.encoder.layer.6.attention.self.key,0.03356140851974487,0.50075
6,K,bert.encoder.layer.6.attention.self.key,0.033627141267061234,0.50125
6,K,bert.encoder.layer.6.attention.self.key,0.03370064124464989,0.50175
6,K,bert.encoder.layer.6.attention.self.key,0.033776089549064636,0.50225
6,K,bert.encoder.layer.6.attention.self.key,0.033850278705358505,0.50275
6,K,bert.encoder.layer.6.attention.self.key,0.033903274685144424,0.50325
6,K,bert.encoder.layer.6.attention.self.key,0.03396248444914818,0.50375
6,K,bert.encoder.layer.6.attention.self.key,0.03403106704354286,0.50425
6,K,bert.encoder.layer.6.attention.self.key,0.03410036861896515,0.50475
6,K,bert.encoder.layer.6.attention.self.key,0.03416576236486435,0.505255
6,K,bert.encoder.layer.6.attention.self.key,0.03422373905777931,0.505755
6,K,bert.encoder.layer.6.attention.self.key,0.034296732395887375,0.506255
6,K,bert.encoder.layer.6.attention.self.key,0.03435694798827171,0.506755
6,K,bert.encoder.layer.6.attention.self.key,0.034416962414979935,0.507255
6,K,bert.encoder.layer.6.attention.self.key,0.03447246178984642,0.507755
6,K,bert.encoder.layer.6.attention.self.key,0.03454301878809929,0.508255
6,K,bert.encoder.layer.6.attention.self.key,0.03460046648979187,0.508755
6,K,bert.encoder.layer.6.attention.self.key,0.03466828167438507,0.509255
6,K,bert.encoder.layer.6.attention.self.key,0.03473025560379028,0.509755
6,K,bert.encoder.layer.6.attention.self.key,0.034801185131073,0.510255
6,K,bert.encoder.layer.6.attention.self.key,0.034873247146606445,0.510755
6,K,bert.encoder.layer.6.attention.self.key,0.03494477644562721,0.511255
6,K,bert.encoder.layer.6.attention.self.key,0.035007599741220474,0.511755
6,K,bert.encoder.layer.6.attention.self.key,0.035079650580883026,0.512255
6,K,bert.encoder.layer.6.attention.self.key,0.035158395767211914,0.512755
6,K,bert.encoder.layer.6.attention.self.key,0.03522922471165657,0.513255
6,K,bert.encoder.layer.6.attention.self.key,0.03529387339949608,0.513755
6,K,bert.encoder.layer.6.attention.self.key,0.03535822406411171,0.514255
6,K,bert.encoder.layer.6.attention.self.key,0.035415660589933395,0.514755
6,K,bert.encoder.layer.6.attention.self.key,0.03548251837491989,0.51526
6,K,bert.encoder.layer.6.attention.self.key,0.035541683435440063,0.51576
6,K,bert.encoder.layer.6.attention.self.key,0.035590123385190964,0.51626
6,K,bert.encoder.layer.6.attention.self.key,0.03565568849444389,0.51676
6,K,bert.encoder.layer.6.attention.self.key,0.03572928532958031,0.51726
6,K,bert.encoder.layer.6.attention.self.key,0.035802364349365234,0.51776
6,K,bert.encoder.layer.6.attention.self.key,0.035867612808942795,0.51826
6,K,bert.encoder.layer.6.attention.self.key,0.03593258187174797,0.51876
6,K,bert.encoder.layer.6.attention.self.key,0.03601015359163284,0.51926
6,K,bert.encoder.layer.6.attention.self.key,0.03607327491044998,0.51976
6,K,bert.encoder.layer.6.attention.self.key,0.03613954409956932,0.52026
6,K,bert.encoder.layer.6.attention.self.key,0.036213312298059464,0.52076
6,K,bert.encoder.layer.6.attention.self.key,0.03628300875425339,0.52126
6,K,bert.encoder.layer.6.attention.self.key,0.03636275604367256,0.52176
6,K,bert.encoder.layer.6.attention.self.key,0.036445219069719315,0.52226
6,K,bert.encoder.layer.6.attention.self.key,0.03651832789182663,0.52276
6,K,bert.encoder.layer.6.attention.self.key,0.03658115863800049,0.52326
6,K,bert.encoder.layer.6.attention.self.key,0.03665268048644066,0.52376
6,K,bert.encoder.layer.6.attention.self.key,0.036724161356687546,0.52426
6,K,bert.encoder.layer.6.attention.self.key,0.036793630570173264,0.52476
6,K,bert.encoder.layer.6.attention.self.key,0.03685985878109932,0.525265
6,K,bert.encoder.layer.6.attention.self.key,0.03692319244146347,0.525765
6,K,bert.encoder.layer.6.attention.self.key,0.0369875431060791,0.526265
6,K,bert.encoder.layer.6.attention.self.key,0.037054602056741714,0.526765
6,K,bert.encoder.layer.6.attention.self.key,0.037118736654520035,0.527265
6,K,bert.encoder.layer.6.attention.self.key,0.0371871143579483,0.527765
6,K,bert.encoder.layer.6.attention.self.key,0.037252094596624374,0.528265
6,K,bert.encoder.layer.6.attention.self.key,0.03730879724025726,0.528765
6,K,bert.encoder.layer.6.attention.self.key,0.03737230598926544,0.529265
6,K,bert.encoder.layer.6.attention.self.key,0.037435512989759445,0.529765
6,K,bert.encoder.layer.6.attention.self.key,0.03750463202595711,0.530265
6,K,bert.encoder.layer.6.attention.self.key,0.03757202997803688,0.530765
6,K,bert.encoder.layer.6.attention.self.key,0.03764147683978081,0.531265
6,K,bert.encoder.layer.6.attention.self.key,0.037711333483457565,0.531765
6,K,bert.encoder.layer.6.attention.self.key,0.03777217119932175,0.532265
6,K,bert.encoder.layer.6.attention.self.key,0.03783813863992691,0.532765
6,K,bert.encoder.layer.6.attention.self.key,0.037926241755485535,0.533265
6,K,bert.encoder.layer.6.attention.self.key,0.03800561651587486,0.533765
6,K,bert.encoder.layer.6.attention.self.key,0.0380767397582531,0.534265
6,K,bert.encoder.layer.6.attention.self.key,0.03814443200826645,0.534765
6,K,bert.encoder.layer.6.attention.self.key,0.038226593285799026,0.535265
6,K,bert.encoder.layer.6.attention.self.key,0.03829879313707352,0.53577
6,K,bert.encoder.layer.6.attention.self.key,0.038363534957170486,0.53627
6,K,bert.encoder.layer.6.attention.self.key,0.03843826428055763,0.53677
6,K,bert.encoder.layer.6.attention.self.key,0.03851135075092316,0.53727
6,K,bert.encoder.layer.6.attention.self.key,0.03858648240566254,0.53777
6,K,bert.encoder.layer.6.attention.self.key,0.03866510093212128,0.53827
6,K,bert.encoder.layer.6.attention.self.key,0.03872205689549446,0.53877
6,K,bert.encoder.layer.6.attention.self.key,0.03880339115858078,0.53927
6,K,bert.encoder.layer.6.attention.self.key,0.03888217359781265,0.53977
6,K,bert.encoder.layer.6.attention.self.key,0.03895532712340355,0.54027
6,K,bert.encoder.layer.6.attention.self.key,0.03901800513267517,0.54077
6,K,bert.encoder.layer.6.attention.self.key,0.0390922874212265,0.54127
6,K,bert.encoder.layer.6.attention.self.key,0.03916028141975403,0.54177
6,K,bert.encoder.layer.6.attention.self.key,0.0392325296998024,0.54227
6,K,bert.encoder.layer.6.attention.self.key,0.03931644931435585,0.54277
6,K,bert.encoder.layer.6.attention.self.key,0.03938307985663414,0.54327
6,K,bert.encoder.layer.6.attention.self.key,0.03944176435470581,0.54377
6,K,bert.encoder.layer.6.attention.self.key,0.03949442878365517,0.54427
6,K,bert.encoder.layer.6.attention.self.key,0.0395604744553566,0.54477
6,K,bert.encoder.layer.6.attention.self.key,0.039626430720090866,0.54527
6,K,bert.encoder.layer.6.attention.self.key,0.0396965891122818,0.545775
6,K,bert.encoder.layer.6.attention.self.key,0.03977068513631821,0.546275
6,K,bert.encoder.layer.6.attention.self.key,0.0398523285984993,0.546775
6,K,bert.encoder.layer.6.attention.self.key,0.03992004320025444,0.547275
6,K,bert.encoder.layer.6.attention.self.key,0.03998570144176483,0.547775
6,K,bert.encoder.layer.6.attention.self.key,0.040065471082925797,0.548275
6,K,bert.encoder.layer.6.attention.self.key,0.0401398204267025,0.548775
6,K,bert.encoder.layer.6.attention.self.key,0.040206994861364365,0.549275
6,K,bert.encoder.layer.6.attention.self.key,0.04027906060218811,0.549775
6,K,bert.encoder.layer.6.attention.self.key,0.04034708812832832,0.550275
6,K,bert.encoder.layer.6.attention.self.key,0.040424928069114685,0.550775
6,K,bert.encoder.layer.6.attention.self.key,0.04051459580659866,0.551275
6,K,bert.encoder.layer.6.attention.self.key,0.0405854731798172,0.551775
6,K,bert.encoder.layer.6.attention.self.key,0.04065302759408951,0.552275
6,K,bert.encoder.layer.6.attention.self.key,0.040722135454416275,0.552775
6,K,bert.encoder.layer.6.attention.self.key,0.04079306125640869,0.553275
6,K,bert.encoder.layer.6.attention.self.key,0.04088021069765091,0.553775
6,K,bert.encoder.layer.6.attention.self.key,0.04095335677266121,0.554275
6,K,bert.encoder.layer.6.attention.self.key,0.04104243963956833,0.554775
6,K,bert.encoder.layer.6.attention.self.key,0.04112430289387703,0.555275
6,K,bert.encoder.layer.6.attention.self.key,0.041200511157512665,0.55578
6,K,bert.encoder.layer.6.attention.self.key,0.041297294199466705,0.55628
6,K,bert.encoder.layer.6.attention.self.key,0.04138302430510521,0.55678
6,K,bert.encoder.layer.6.attention.self.key,0.041456058621406555,0.55728
6,K,bert.encoder.layer.6.attention.self.key,0.041524894535541534,0.55778
6,K,bert.encoder.layer.6.attention.self.key,0.04160416126251221,0.55828
6,K,bert.encoder.layer.6.attention.self.key,0.04168447107076645,0.55878
6,K,bert.encoder.layer.6.attention.self.key,0.041777536273002625,0.55928
6,K,bert.encoder.layer.6.attention.self.key,0.04184536635875702,0.55978
6,K,bert.encoder.layer.6.attention.self.key,0.04193636402487755,0.56028
6,K,bert.encoder.layer.6.attention.self.key,0.04202330484986305,0.56078
6,K,bert.encoder.layer.6.attention.self.key,0.04209889844059944,0.56128
6,K,bert.encoder.layer.6.attention.self.key,0.042172666639089584,0.56178
6,K,bert.encoder.layer.6.attention.self.key,0.04225526750087738,0.56228
6,K,bert.encoder.layer.6.attention.self.key,0.042335208505392075,0.56278
6,K,bert.encoder.layer.6.attention.self.key,0.042402658611536026,0.56328
6,K,bert.encoder.layer.6.attention.self.key,0.04247650131583214,0.56378
6,K,bert.encoder.layer.6.attention.self.key,0.042560331523418427,0.56428
6,K,bert.encoder.layer.6.attention.self.key,0.04264335706830025,0.56478
6,K,bert.encoder.layer.6.attention.self.key,0.042726561427116394,0.56528
6,K,bert.encoder.layer.6.attention.self.key,0.04280582070350647,0.565785
6,K,bert.encoder.layer.6.attention.self.key,0.04288294166326523,0.566285
6,K,bert.encoder.layer.6.attention.self.key,0.04296112805604935,0.566785
6,K,bert.encoder.layer.6.attention.self.key,0.04303407669067383,0.567285
6,K,bert.encoder.layer.6.attention.self.key,0.04310058057308197,0.567785
6,K,bert.encoder.layer.6.attention.self.key,0.04319209232926369,0.568285
6,K,bert.encoder.layer.6.attention.self.key,0.0432659313082695,0.568785
6,K,bert.encoder.layer.6.attention.self.key,0.043346669524908066,0.569285
6,K,bert.encoder.layer.6.attention.self.key,0.043428629636764526,0.569785
6,K,bert.encoder.layer.6.attention.self.key,0.043506696820259094,0.570285
6,K,bert.encoder.layer.6.attention.self.key,0.0435994490981102,0.570785
6,K,bert.encoder.layer.6.attention.self.key,0.04368402063846588,0.571285
6,K,bert.encoder.layer.6.attention.self.key,0.04376452788710594,0.571785
6,K,bert.encoder.layer.6.attention.self.key,0.043838053941726685,0.572285
6,K,bert.encoder.layer.6.attention.self.key,0.04391508921980858,0.572785
6,K,bert.encoder.layer.6.attention.self.key,0.0440027229487896,0.573285
6,K,bert.encoder.layer.6.attention.self.key,0.04408593848347664,0.573785
6,K,bert.encoder.layer.6.attention.self.key,0.044158320873975754,0.574285
6,K,bert.encoder.layer.6.attention.self.key,0.0442347452044487,0.574785
6,K,bert.encoder.layer.6.attention.self.key,0.04430851712822914,0.575285
6,K,bert.encoder.layer.6.attention.self.key,0.04438319802284241,0.57579
6,K,bert.encoder.layer.6.attention.self.key,0.04446490854024887,0.57629
6,K,bert.encoder.layer.6.attention.self.key,0.04454278200864792,0.57679
6,K,bert.encoder.layer.6.attention.self.key,0.044621676206588745,0.57729
6,K,bert.encoder.layer.6.attention.self.key,0.04469173029065132,0.57779
6,K,bert.encoder.layer.6.attention.self.key,0.04478384926915169,0.57829
6,K,bert.encoder.layer.6.attention.self.key,0.04486633464694023,0.57879
6,K,bert.encoder.layer.6.attention.self.key,0.04494873061776161,0.57929
6,K,bert.encoder.layer.6.attention.self.key,0.04503447189927101,0.57979
6,K,bert.encoder.layer.6.attention.self.key,0.04512088745832443,0.58029
6,K,bert.encoder.layer.6.attention.self.key,0.04520994797348976,0.58079
6,K,bert.encoder.layer.6.attention.self.key,0.04530542716383934,0.58129
6,K,bert.encoder.layer.6.attention.self.key,0.04538367688655853,0.58179
6,K,bert.encoder.layer.6.attention.self.key,0.045464880764484406,0.58229
6,K,bert.encoder.layer.6.attention.self.key,0.04554486274719238,0.58279
6,K,bert.encoder.layer.6.attention.self.key,0.04563193768262863,0.58329
6,K,bert.encoder.layer.6.attention.self.key,0.04571326822042465,0.58379
6,K,bert.encoder.layer.6.attention.self.key,0.045782096683979034,0.58429
6,K,bert.encoder.layer.6.attention.self.key,0.04586520045995712,0.58479
6,K,bert.encoder.layer.6.attention.self.key,0.04593680799007416,0.58529
6,K,bert.encoder.layer.6.attention.self.key,0.046022504568099976,0.58579
6,K,bert.encoder.layer.6.attention.self.key,0.046095386147499084,0.586295
6,K,bert.encoder.layer.6.attention.self.key,0.04618178308010101,0.586795
6,K,bert.encoder.layer.6.attention.self.key,0.04626695439219475,0.587295
6,K,bert.encoder.layer.6.attention.self.key,0.04636349156498909,0.587795
6,K,bert.encoder.layer.6.attention.self.key,0.0464564748108387,0.588295
6,K,bert.encoder.layer.6.attention.self.key,0.04654284566640854,0.588795
6,K,bert.encoder.layer.6.attention.self.key,0.0466126911342144,0.589295
6,K,bert.encoder.layer.6.attention.self.key,0.04669082537293434,0.589795
6,K,bert.encoder.layer.6.attention.self.key,0.04678253084421158,0.590295
6,K,bert.encoder.layer.6.attention.self.key,0.04688029736280441,0.590795
6,K,bert.encoder.layer.6.attention.self.key,0.04696077108383179,0.591295
6,K,bert.encoder.layer.6.attention.self.key,0.047048892825841904,0.591795
6,K,bert.encoder.layer.6.attention.self.key,0.0471201092004776,0.592295
6,K,bert.encoder.layer.6.attention.self.key,0.047206178307533264,0.592795
6,K,bert.encoder.layer.6.attention.self.key,0.04729228466749191,0.593295
6,K,bert.encoder.layer.6.attention.self.key,0.047382090240716934,0.593795
6,K,bert.encoder.layer.6.attention.self.key,0.04746444150805473,0.594295
6,K,bert.encoder.layer.6.attention.self.key,0.047548260539770126,0.594795
6,K,bert.encoder.layer.6.attention.self.key,0.04763029143214226,0.595295
6,K,bert.encoder.layer.6.attention.self.key,0.047709252685308456,0.595795
6,K,bert.encoder.layer.6.attention.self.key,0.04778861999511719,0.5963
6,K,bert.encoder.layer.6.attention.self.key,0.047863468527793884,0.5968
6,K,bert.encoder.layer.6.attention.self.key,0.0479545034468174,0.5973
6,K,bert.encoder.layer.6.attention.self.key,0.048038456588983536,0.5978
6,K,bert.encoder.layer.6.attention.self.key,0.048113949596881866,0.5983
6,K,bert.encoder.layer.6.attention.self.key,0.04820365086197853,0.5988
6,K,bert.encoder.layer.6.attention.self.key,0.04827091470360756,0.5993
6,K,bert.encoder.layer.6.attention.self.key,0.048357170075178146,0.5998
6,K,bert.encoder.layer.6.attention.self.key,0.04844052344560623,0.6003
6,K,bert.encoder.layer.6.attention.self.key,0.04853086173534393,0.6008
6,K,bert.encoder.layer.6.attention.self.key,0.048620253801345825,0.6013
6,K,bert.encoder.layer.6.attention.self.key,0.04870705306529999,0.6018
6,K,bert.encoder.layer.6.attention.self.key,0.048798028379678726,0.6023
6,K,bert.encoder.layer.6.attention.self.key,0.04887297376990318,0.6028
6,K,bert.encoder.layer.6.attention.self.key,0.04896126314997673,0.6033
6,K,bert.encoder.layer.6.attention.self.key,0.04906346648931503,0.6038
6,K,bert.encoder.layer.6.attention.self.key,0.049155332148075104,0.6043
6,K,bert.encoder.layer.6.attention.self.key,0.04925753176212311,0.6048
6,K,bert.encoder.layer.6.attention.self.key,0.04935824126005173,0.6053
6,K,bert.encoder.layer.6.attention.self.key,0.049434542655944824,0.6058
6,K,bert.encoder.layer.6.attention.self.key,0.049532242119312286,0.606305
6,K,bert.encoder.layer.6.attention.self.key,0.04961133003234863,0.606805
6,K,bert.encoder.layer.6.attention.self.key,0.04970574751496315,0.607305
6,K,bert.encoder.layer.6.attention.self.key,0.049787044525146484,0.607805
6,K,bert.encoder.layer.6.attention.self.key,0.049872025847435,0.608305
6,K,bert.encoder.layer.6.attention.self.key,0.049968332052230835,0.608805
6,K,bert.encoder.layer.6.attention.self.key,0.050075799226760864,0.609305
6,K,bert.encoder.layer.6.attention.self.key,0.05016022175550461,0.609805
6,K,bert.encoder.layer.6.attention.self.key,0.050262391567230225,0.610305
6,K,bert.encoder.layer.6.attention.self.key,0.05035606399178505,0.610805
6,K,bert.encoder.layer.6.attention.self.key,0.05044037848711014,0.611305
6,K,bert.encoder.layer.6.attention.self.key,0.0505329854786396,0.611805
6,K,bert.encoder.layer.6.attention.self.key,0.050619397312402725,0.612305
6,K,bert.encoder.layer.6.attention.self.key,0.05072379112243652,0.612805
6,K,bert.encoder.layer.6.attention.self.key,0.05080464109778404,0.613305
6,K,bert.encoder.layer.6.attention.self.key,0.050900332629680634,0.613805
6,K,bert.encoder.layer.6.attention.self.key,0.05100453644990921,0.614305
6,K,bert.encoder.layer.6.attention.self.key,0.05109595134854317,0.614805
6,K,bert.encoder.layer.6.attention.self.key,0.051179010421037674,0.615305
6,K,bert.encoder.layer.6.attention.self.key,0.05127064883708954,0.615805
6,K,bert.encoder.layer.6.attention.self.key,0.05135640501976013,0.61631
6,K,bert.encoder.layer.6.attention.self.key,0.05144420266151428,0.61681
6,K,bert.encoder.layer.6.attention.self.key,0.05153118446469307,0.61731
6,K,bert.encoder.layer.6.attention.self.key,0.05163649097084999,0.61781
6,K,bert.encoder.layer.6.attention.self.key,0.051722556352615356,0.61831
6,K,bert.encoder.layer.6.attention.self.key,0.05181082338094711,0.61881
6,K,bert.encoder.layer.6.attention.self.key,0.05189836025238037,0.61931
6,K,bert.encoder.layer.6.attention.self.key,0.05199325829744339,0.61981
6,K,bert.encoder.layer.6.attention.self.key,0.05208515003323555,0.62031
6,K,bert.encoder.layer.6.attention.self.key,0.05218964442610741,0.62081
6,K,bert.encoder.layer.6.attention.self.key,0.052280522882938385,0.62131
6,K,bert.encoder.layer.6.attention.self.key,0.0523831844329834,0.62181
6,K,bert.encoder.layer.6.attention.self.key,0.052477333694696426,0.62231
6,K,bert.encoder.layer.6.attention.self.key,0.052579909563064575,0.62281
6,K,bert.encoder.layer.6.attention.self.key,0.05267053470015526,0.62331
6,K,bert.encoder.layer.6.attention.self.key,0.052757903933525085,0.62381
6,K,bert.encoder.layer.6.attention.self.key,0.052834078669548035,0.62431
6,K,bert.encoder.layer.6.attention.self.key,0.052923645824193954,0.62481
6,K,bert.encoder.layer.6.attention.self.key,0.05301640182733536,0.62531
6,K,bert.encoder.layer.6.attention.self.key,0.05310241878032684,0.62581
6,K,bert.encoder.layer.6.attention.self.key,0.053220756351947784,0.626315
6,K,bert.encoder.layer.6.attention.self.key,0.05331852659583092,0.626815
6,K,bert.encoder.layer.6.attention.self.key,0.0534159280359745,0.627315
6,K,bert.encoder.layer.6.attention.self.key,0.05349747836589813,0.627815
6,K,bert.encoder.layer.6.attention.self.key,0.053598802536726,0.628315
6,K,bert.encoder.layer.6.attention.self.key,0.05370897054672241,0.628815
6,K,bert.encoder.layer.6.attention.self.key,0.05381255969405174,0.629315
6,K,bert.encoder.layer.6.attention.self.key,0.05389705300331116,0.629815
6,K,bert.encoder.layer.6.attention.self.key,0.05399465188384056,0.630315
6,K,bert.encoder.layer.6.attention.self.key,0.05408736690878868,0.630815
6,K,bert.encoder.layer.6.attention.self.key,0.05417734384536743,0.631315
6,K,bert.encoder.layer.6.attention.self.key,0.05427975952625275,0.631815
6,K,bert.encoder.layer.6.attention.self.key,0.05439051240682602,0.632315
6,K,bert.encoder.layer.6.attention.self.key,0.054502326995134354,0.632815
6,K,bert.encoder.layer.6.attention.self.key,0.05460479483008385,0.633315
6,K,bert.encoder.layer.6.attention.self.key,0.05472182109951973,0.633815
6,K,bert.encoder.layer.6.attention.self.key,0.05481403321027756,0.634315
6,K,bert.encoder.layer.6.attention.self.key,0.05490861088037491,0.634815
6,K,bert.encoder.layer.6.attention.self.key,0.05501158535480499,0.635315
6,K,bert.encoder.layer.6.attention.self.key,0.0551103837788105,0.635815
6,K,bert.encoder.layer.6.attention.self.key,0.055225495249032974,0.636315
6,K,bert.encoder.layer.6.attention.self.key,0.05533875152468681,0.63682
6,K,bert.encoder.layer.6.attention.self.key,0.0554557628929615,0.63732
6,K,bert.encoder.layer.6.attention.self.key,0.05556332319974899,0.63782
6,K,bert.encoder.layer.6.attention.self.key,0.05566342547535896,0.63832
6,K,bert.encoder.layer.6.attention.self.key,0.05576886236667633,0.63882
6,K,bert.encoder.layer.6.attention.self.key,0.05587379261851311,0.63932
6,K,bert.encoder.layer.6.attention.self.key,0.0559656023979187,0.63982
6,K,bert.encoder.layer.6.attention.self.key,0.05607151240110397,0.64032
6,K,bert.encoder.layer.6.attention.self.key,0.05617084726691246,0.64082
6,K,bert.encoder.layer.6.attention.self.key,0.056289300322532654,0.64132
6,K,bert.encoder.layer.6.attention.self.key,0.05641303211450577,0.64182
6,K,bert.encoder.layer.6.attention.self.key,0.056524571031332016,0.64232
6,K,bert.encoder.layer.6.attention.self.key,0.05663543567061424,0.64282
6,K,bert.encoder.layer.6.attention.self.key,0.0567408949136734,0.64332
6,K,bert.encoder.layer.6.attention.self.key,0.056833382695913315,0.64382
6,K,bert.encoder.layer.6.attention.self.key,0.05694931373000145,0.64432
6,K,bert.encoder.layer.6.attention.self.key,0.057038258761167526,0.64482
6,K,bert.encoder.layer.6.attention.self.key,0.05713993310928345,0.64532
6,K,bert.encoder.layer.6.attention.self.key,0.05725550279021263,0.64582
6,K,bert.encoder.layer.6.attention.self.key,0.057373836636543274,0.64632
6,K,bert.encoder.layer.6.attention.self.key,0.057489000260829926,0.646825
6,K,bert.encoder.layer.6.attention.self.key,0.05760111287236214,0.647325
6,K,bert.encoder.layer.6.attention.self.key,0.057726338505744934,0.647825
6,K,bert.encoder.layer.6.attention.self.key,0.05785801261663437,0.648325
6,K,bert.encoder.layer.6.attention.self.key,0.057965535670518875,0.648825
6,K,bert.encoder.layer.6.attention.self.key,0.05807649344205856,0.649325
6,K,bert.encoder.layer.6.attention.self.key,0.058185871690511703,0.649825
6,K,bert.encoder.layer.6.attention.self.key,0.05831368267536163,0.650325
6,K,bert.encoder.layer.6.attention.self.key,0.05841417610645294,0.650825
6,K,bert.encoder.layer.6.attention.self.key,0.05853988975286484,0.651325
6,K,bert.encoder.layer.6.attention.self.key,0.058654144406318665,0.651825
6,K,bert.encoder.layer.6.attention.self.key,0.05877811089158058,0.652325
6,K,bert.encoder.layer.6.attention.self.key,0.05890754237771034,0.652825
6,K,bert.encoder.layer.6.attention.self.key,0.05902345851063728,0.653325
6,K,bert.encoder.layer.6.attention.self.key,0.05912971869111061,0.653825
6,K,bert.encoder.layer.6.attention.self.key,0.059250038117170334,0.654325
6,K,bert.encoder.layer.6.attention.self.key,0.05934803560376167,0.654825
6,K,bert.encoder.layer.6.attention.self.key,0.05945487320423126,0.655325
6,K,bert.encoder.layer.6.attention.self.key,0.05955975130200386,0.655825
6,K,bert.encoder.layer.6.attention.self.key,0.05969340354204178,0.656325
6,K,bert.encoder.layer.6.attention.self.key,0.0598137341439724,0.65683
6,K,bert.encoder.layer.6.attention.self.key,0.059931088238954544,0.65733
6,K,bert.encoder.layer.6.attention.self.key,0.06007253751158714,0.65783
6,K,bert.encoder.layer.6.attention.self.key,0.06020507961511612,0.65833
6,K,bert.encoder.layer.6.attention.self.key,0.060318104922771454,0.65883
6,K,bert.encoder.layer.6.attention.self.key,0.06043792888522148,0.65933
6,K,bert.encoder.layer.6.attention.self.key,0.06055137887597084,0.65983
6,K,bert.encoder.layer.6.attention.self.key,0.06067020818591118,0.66033
6,K,bert.encoder.layer.6.attention.self.key,0.060804303735494614,0.66083
6,K,bert.encoder.layer.6.attention.self.key,0.06091392785310745,0.66133
6,K,bert.encoder.layer.6.attention.self.key,0.06103777885437012,0.66183
6,K,bert.encoder.layer.6.attention.self.key,0.061157193034887314,0.66233
6,K,bert.encoder.layer.6.attention.self.key,0.06127721816301346,0.66283
6,K,bert.encoder.layer.6.attention.self.key,0.06139205023646355,0.66333
6,K,bert.encoder.layer.6.attention.self.key,0.0615265779197216,0.66383
6,K,bert.encoder.layer.6.attention.self.key,0.06163773313164711,0.66433
6,K,bert.encoder.layer.6.attention.self.key,0.06173863634467125,0.66483
6,K,bert.encoder.layer.6.attention.self.key,0.06184365227818489,0.66533
6,K,bert.encoder.layer.6.attention.self.key,0.061947256326675415,0.66583
6,K,bert.encoder.layer.6.attention.self.key,0.062074121087789536,0.66633
6,K,bert.encoder.layer.6.attention.self.key,0.062178853899240494,0.666835
6,K,bert.encoder.layer.6.attention.self.key,0.06231959909200668,0.667335
6,K,bert.encoder.layer.6.attention.self.key,0.06245139241218567,0.667835
6,K,bert.encoder.layer.6.attention.self.key,0.06256669014692307,0.668335
6,K,bert.encoder.layer.6.attention.self.key,0.06269099563360214,0.668835
6,K,bert.encoder.layer.6.attention.self.key,0.06281547993421555,0.669335
6,K,bert.encoder.layer.6.attention.self.key,0.06292969733476639,0.669835
6,K,bert.encoder.layer.6.attention.self.key,0.06304596364498138,0.670335
6,K,bert.encoder.layer.6.attention.self.key,0.06315921247005463,0.670835
6,K,bert.encoder.layer.6.attention.self.key,0.06328637152910233,0.671335
6,K,bert.encoder.layer.6.attention.self.key,0.06341084092855453,0.671835
6,K,bert.encoder.layer.6.attention.self.key,0.06350906938314438,0.672335
6,K,bert.encoder.layer.6.attention.self.key,0.06362947076559067,0.672835
6,K,bert.encoder.layer.6.attention.self.key,0.06375931203365326,0.673335
6,K,bert.encoder.layer.6.attention.self.key,0.06389541178941727,0.673835
6,K,bert.encoder.layer.6.attention.self.key,0.06398885697126389,0.674335
6,K,bert.encoder.layer.6.attention.self.key,0.06410453468561172,0.674835
6,K,bert.encoder.layer.6.attention.self.key,0.06422626972198486,0.675335
6,K,bert.encoder.layer.6.attention.self.key,0.06433998793363571,0.675835
6,K,bert.encoder.layer.6.attention.self.key,0.06445378065109253,0.676335
6,K,bert.encoder.layer.6.attention.self.key,0.06459939479827881,0.67684
6,K,bert.encoder.layer.6.attention.self.key,0.06470578908920288,0.67734
6,K,bert.encoder.layer.6.attention.self.key,0.06483067572116852,0.67784
6,K,bert.encoder.layer.6.attention.self.key,0.06494808942079544,0.67834
6,K,bert.encoder.layer.6.attention.self.key,0.06508267670869827,0.67884
6,K,bert.encoder.layer.6.attention.self.key,0.06521786004304886,0.67934
6,K,bert.encoder.layer.6.attention.self.key,0.06534962356090546,0.67984
6,K,bert.encoder.layer.6.attention.self.key,0.06547829508781433,0.68034
6,K,bert.encoder.layer.6.attention.self.key,0.0656222477555275,0.68084
6,K,bert.encoder.layer.6.attention.self.key,0.06574349850416183,0.68134
6,K,bert.encoder.layer.6.attention.self.key,0.06587866693735123,0.68184
6,K,bert.encoder.layer.6.attention.self.key,0.06599161028862,0.68234
6,K,bert.encoder.layer.6.attention.self.key,0.066106878221035,0.68284
6,K,bert.encoder.layer.6.attention.self.key,0.06623639166355133,0.68334
6,K,bert.encoder.layer.6.attention.self.key,0.06636884063482285,0.68384
6,K,bert.encoder.layer.6.attention.self.key,0.0665002316236496,0.68434
6,K,bert.encoder.layer.6.attention.self.key,0.06661747395992279,0.68484
6,K,bert.encoder.layer.6.attention.self.key,0.06674651801586151,0.68534
6,K,bert.encoder.layer.6.attention.self.key,0.0668603703379631,0.68584
6,K,bert.encoder.layer.6.attention.self.key,0.06696424633264542,0.68634
6,K,bert.encoder.layer.6.attention.self.key,0.06710336357355118,0.68684
6,K,bert.encoder.layer.6.attention.self.key,0.06722753494977951,0.687345
6,K,bert.encoder.layer.6.attention.self.key,0.06736035645008087,0.687845
6,K,bert.encoder.layer.6.attention.self.key,0.06748083233833313,0.688345
6,K,bert.encoder.layer.6.attention.self.key,0.06762298196554184,0.688845
6,K,bert.encoder.layer.6.attention.self.key,0.06776683032512665,0.689345
6,K,bert.encoder.layer.6.attention.self.key,0.06788847595453262,0.689845
6,K,bert.encoder.layer.6.attention.self.key,0.06803569942712784,0.690345
6,K,bert.encoder.layer.6.attention.self.key,0.06817039102315903,0.690845
6,K,bert.encoder.layer.6.attention.self.key,0.06831342726945877,0.691345
6,K,bert.encoder.layer.6.attention.self.key,0.06843431293964386,0.691845
6,K,bert.encoder.layer.6.attention.self.key,0.06855722516775131,0.692345
6,K,bert.encoder.layer.6.attention.self.key,0.0686856359243393,0.692845
6,K,bert.encoder.layer.6.attention.self.key,0.06883799284696579,0.693345
6,K,bert.encoder.layer.6.attention.self.key,0.06895345449447632,0.693845
6,K,bert.encoder.layer.6.attention.self.key,0.06908643245697021,0.694345
6,K,bert.encoder.layer.6.attention.self.key,0.06921882927417755,0.694845
6,K,bert.encoder.layer.6.attention.self.key,0.06935258954763412,0.695345
6,K,bert.encoder.layer.6.attention.self.key,0.06948889046907425,0.695845
6,K,bert.encoder.layer.6.attention.self.key,0.06962643563747406,0.696345
6,K,bert.encoder.layer.6.attention.self.key,0.06976185739040375,0.696845
6,K,bert.encoder.layer.6.attention.self.key,0.06989280134439468,0.69735
6,K,bert.encoder.layer.6.attention.self.key,0.07002104073762894,0.69785
6,K,bert.encoder.layer.6.attention.self.key,0.070174939930439,0.69835
6,K,bert.encoder.layer.6.attention.self.key,0.07030510902404785,0.69885
6,K,bert.encoder.layer.6.attention.self.key,0.07046670466661453,0.69935
6,K,bert.encoder.layer.6.attention.self.key,0.0705840140581131,0.69985
6,K,bert.encoder.layer.6.attention.self.key,0.07070829719305038,0.70035
6,K,bert.encoder.layer.6.attention.self.key,0.07083756476640701,0.70085
6,K,bert.encoder.layer.6.attention.self.key,0.07098723202943802,0.70135
6,K,bert.encoder.layer.6.attention.self.key,0.07115500420331955,0.70185
6,K,bert.encoder.layer.6.attention.self.key,0.07130449265241623,0.70235
6,K,bert.encoder.layer.6.attention.self.key,0.07144224643707275,0.70285
6,K,bert.encoder.layer.6.attention.self.key,0.07159066945314407,0.70335
6,K,bert.encoder.layer.6.attention.self.key,0.07172810286283493,0.70385
6,K,bert.encoder.layer.6.attention.self.key,0.07188516855239868,0.70435
6,K,bert.encoder.layer.6.attention.self.key,0.07201090455055237,0.70485
6,K,bert.encoder.layer.6.attention.self.key,0.07214633375406265,0.70535
6,K,bert.encoder.layer.6.attention.self.key,0.07231419533491135,0.70585
6,K,bert.encoder.layer.6.attention.self.key,0.07246803492307663,0.70635
6,K,bert.encoder.layer.6.attention.self.key,0.072598896920681,0.70685
6,K,bert.encoder.layer.6.attention.self.key,0.07274620234966278,0.707355
6,K,bert.encoder.layer.6.attention.self.key,0.07288338243961334,0.707855
6,K,bert.encoder.layer.6.attention.self.key,0.07302139699459076,0.708355
6,K,bert.encoder.layer.6.attention.self.key,0.07316715270280838,0.708855
6,K,bert.encoder.layer.6.attention.self.key,0.07331129163503647,0.709355
6,K,bert.encoder.layer.6.attention.self.key,0.07343907654285431,0.709855
6,K,bert.encoder.layer.6.attention.self.key,0.07356951385736465,0.710355
6,K,bert.encoder.layer.6.attention.self.key,0.0736902579665184,0.710855
6,K,bert.encoder.layer.6.attention.self.key,0.07384423911571503,0.711355
6,K,bert.encoder.layer.6.attention.self.key,0.07399135828018188,0.711855
6,K,bert.encoder.layer.6.attention.self.key,0.07412456721067429,0.712355
6,K,bert.encoder.layer.6.attention.self.key,0.07426589727401733,0.712855
6,K,bert.encoder.layer.6.attention.self.key,0.07442164421081543,0.713355
6,K,bert.encoder.layer.6.attention.self.key,0.07457198947668076,0.713855
6,K,bert.encoder.layer.6.attention.self.key,0.07472243160009384,0.714355
6,K,bert.encoder.layer.6.attention.self.key,0.0748613029718399,0.714855
6,K,bert.encoder.layer.6.attention.self.key,0.07499923557043076,0.715355
6,K,bert.encoder.layer.6.attention.self.key,0.07511483877897263,0.715855
6,K,bert.encoder.layer.6.attention.self.key,0.07528876513242722,0.716355
6,K,bert.encoder.layer.6.attention.self.key,0.07543518394231796,0.716855
6,K,bert.encoder.layer.6.attention.self.key,0.07559949159622192,0.71736
6,K,bert.encoder.layer.6.attention.self.key,0.0757596418261528,0.71786
6,K,bert.encoder.layer.6.attention.self.key,0.07589151710271835,0.71836
6,K,bert.encoder.layer.6.attention.self.key,0.07604453712701797,0.71886
6,K,bert.encoder.layer.6.attention.self.key,0.0762062519788742,0.71936
6,K,bert.encoder.layer.6.attention.self.key,0.07637043297290802,0.71986
6,K,bert.encoder.layer.6.attention.self.key,0.0765080600976944,0.72036
6,K,bert.encoder.layer.6.attention.self.key,0.07665494829416275,0.72086
6,K,bert.encoder.layer.6.attention.self.key,0.0768185704946518,0.72136
6,K,bert.encoder.layer.6.attention.self.key,0.07695315033197403,0.72186
6,K,bert.encoder.layer.6.attention.self.key,0.07710405439138412,0.72236
6,K,bert.encoder.layer.6.attention.self.key,0.07725469022989273,0.72286
6,K,bert.encoder.layer.6.attention.self.key,0.07740603387355804,0.72336
6,K,bert.encoder.layer.6.attention.self.key,0.07753002643585205,0.72386
6,K,bert.encoder.layer.6.attention.self.key,0.07767317444086075,0.72436
6,K,bert.encoder.layer.6.attention.self.key,0.07783053815364838,0.72486
6,K,bert.encoder.layer.6.attention.self.key,0.07799667865037918,0.72536
6,K,bert.encoder.layer.6.attention.self.key,0.07814629375934601,0.72586
6,K,bert.encoder.layer.6.attention.self.key,0.07830695062875748,0.72636
6,K,bert.encoder.layer.6.attention.self.key,0.07845065742731094,0.72686
6,K,bert.encoder.layer.6.attention.self.key,0.07859326899051666,0.727365
6,K,bert.encoder.layer.6.attention.self.key,0.07875470817089081,0.727865
6,K,bert.encoder.layer.6.attention.self.key,0.07892491668462753,0.728365
6,K,bert.encoder.layer.6.attention.self.key,0.07907449454069138,0.728865
6,K,bert.encoder.layer.6.attention.self.key,0.07921718806028366,0.729365
6,K,bert.encoder.layer.6.attention.self.key,0.07934108376502991,0.729865
6,K,bert.encoder.layer.6.attention.self.key,0.07948306202888489,0.730365
6,K,bert.encoder.layer.6.attention.self.key,0.07964308559894562,0.730865
6,K,bert.encoder.layer.6.attention.self.key,0.07980186492204666,0.731365
6,K,bert.encoder.layer.6.attention.self.key,0.07996921241283417,0.731865
6,K,bert.encoder.layer.6.attention.self.key,0.08012284338474274,0.732365
6,K,bert.encoder.layer.6.attention.self.key,0.0802728459239006,0.732865
6,K,bert.encoder.layer.6.attention.self.key,0.08041662722826004,0.733365
6,K,bert.encoder.layer.6.attention.self.key,0.08056077361106873,0.733865
6,K,bert.encoder.layer.6.attention.self.key,0.08069571107625961,0.734365
6,K,bert.encoder.layer.6.attention.self.key,0.0808214470744133,0.734865
6,K,bert.encoder.layer.6.attention.self.key,0.08098587393760681,0.735365
6,K,bert.encoder.layer.6.attention.self.key,0.08115146309137344,0.735865
6,K,bert.encoder.layer.6.attention.self.key,0.08133656531572342,0.736365
6,K,bert.encoder.layer.6.attention.self.key,0.08148404955863953,0.736865
6,K,bert.encoder.layer.6.attention.self.key,0.08166543394327164,0.737365
6,K,bert.encoder.layer.6.attention.self.key,0.08186087012290955,0.73787
6,K,bert.encoder.layer.6.attention.self.key,0.08202164620161057,0.73837
6,K,bert.encoder.layer.6.attention.self.key,0.08219635486602783,0.73887
6,K,bert.encoder.layer.6.attention.self.key,0.08235114812850952,0.73937
6,K,bert.encoder.layer.6.attention.self.key,0.08253701031208038,0.73987
6,K,bert.encoder.layer.6.attention.self.key,0.08269042521715164,0.74037
6,K,bert.encoder.layer.6.attention.self.key,0.08289755135774612,0.74087
6,K,bert.encoder.layer.6.attention.self.key,0.08307234942913055,0.74137
6,K,bert.encoder.layer.6.attention.self.key,0.08322960883378983,0.74187
6,K,bert.encoder.layer.6.attention.self.key,0.08337561041116714,0.74237
6,K,bert.encoder.layer.6.attention.self.key,0.08353790640830994,0.74287
6,K,bert.encoder.layer.6.attention.self.key,0.08368589729070663,0.74337
6,K,bert.encoder.layer.6.attention.self.key,0.08387944847345352,0.74387
6,K,bert.encoder.layer.6.attention.self.key,0.08406969159841537,0.74437
6,K,bert.encoder.layer.6.attention.self.key,0.08421927690505981,0.74487
6,K,bert.encoder.layer.6.attention.self.key,0.08438509702682495,0.74537
6,K,bert.encoder.layer.6.attention.self.key,0.08456955850124359,0.74587
6,K,bert.encoder.layer.6.attention.self.key,0.08475541323423386,0.74637
6,K,bert.encoder.layer.6.attention.self.key,0.08491596579551697,0.74687
6,K,bert.encoder.layer.6.attention.self.key,0.08509648591279984,0.74737
6,K,bert.encoder.layer.6.attention.self.key,0.08528301864862442,0.747875
6,K,bert.encoder.layer.6.attention.self.key,0.08547283709049225,0.748375
6,K,bert.encoder.layer.6.attention.self.key,0.08565722405910492,0.748875
6,K,bert.encoder.layer.6.attention.self.key,0.08581989258527756,0.749375
6,K,bert.encoder.layer.6.attention.self.key,0.08601898699998856,0.749875
6,K,bert.encoder.layer.6.attention.self.key,0.08617831766605377,0.750375
6,K,bert.encoder.layer.6.attention.self.key,0.08635116368532181,0.750875
6,K,bert.encoder.layer.6.attention.self.key,0.08655543625354767,0.751375
6,K,bert.encoder.layer.6.attention.self.key,0.08673002570867538,0.751875
6,K,bert.encoder.layer.6.attention.self.key,0.08689352869987488,0.752375
6,K,bert.encoder.layer.6.attention.self.key,0.08709536492824554,0.752875
6,K,bert.encoder.layer.6.attention.self.key,0.0872764065861702,0.753375
6,K,bert.encoder.layer.6.attention.self.key,0.0874461680650711,0.753875
6,K,bert.encoder.layer.6.attention.self.key,0.08764147013425827,0.754375
6,K,bert.encoder.layer.6.attention.self.key,0.08779475837945938,0.754875
6,K,bert.encoder.layer.6.attention.self.key,0.08797815442085266,0.755375
6,K,bert.encoder.layer.6.attention.self.key,0.08818445354700089,0.755875
6,K,bert.encoder.layer.6.attention.self.key,0.08835455030202866,0.756375
6,K,bert.encoder.layer.6.attention.self.key,0.08854056149721146,0.756875
6,K,bert.encoder.layer.6.attention.self.key,0.08869746327400208,0.757375
6,K,bert.encoder.layer.6.attention.self.key,0.08888620138168335,0.75788
6,K,bert.encoder.layer.6.attention.self.key,0.0890825167298317,0.75838
6,K,bert.encoder.layer.6.attention.self.key,0.08925336599349976,0.75888
6,K,bert.encoder.layer.6.attention.self.key,0.08945304155349731,0.75938
6,K,bert.encoder.layer.6.attention.self.key,0.08966340124607086,0.75988
6,K,bert.encoder.layer.6.attention.self.key,0.08986201137304306,0.76038
6,K,bert.encoder.layer.6.attention.self.key,0.0900554433465004,0.76088
6,K,bert.encoder.layer.6.attention.self.key,0.09021329134702682,0.76138
6,K,bert.encoder.layer.6.attention.self.key,0.09041275829076767,0.76188
6,K,bert.encoder.layer.6.attention.self.key,0.09058170020580292,0.76238
6,K,bert.encoder.layer.6.attention.self.key,0.09077581763267517,0.76288
6,K,bert.encoder.layer.6.attention.self.key,0.09095192700624466,0.76338
6,K,bert.encoder.layer.6.attention.self.key,0.09111535549163818,0.76388
6,K,bert.encoder.layer.6.attention.self.key,0.0912824347615242,0.76438
6,K,bert.encoder.layer.6.attention.self.key,0.0914888083934784,0.76488
6,K,bert.encoder.layer.6.attention.self.key,0.09172804653644562,0.76538
6,K,bert.encoder.layer.6.attention.self.key,0.09192683547735214,0.76588
6,K,bert.encoder.layer.6.attention.self.key,0.09211075305938721,0.76638
6,K,bert.encoder.layer.6.attention.self.key,0.0923030823469162,0.76688
6,K,bert.encoder.layer.6.attention.self.key,0.09254090487957001,0.76738
6,K,bert.encoder.layer.6.attention.self.key,0.09272580593824387,0.767885
6,K,bert.encoder.layer.6.attention.self.key,0.09293580055236816,0.768385
6,K,bert.encoder.layer.6.attention.self.key,0.09311692416667938,0.768885
6,K,bert.encoder.layer.6.attention.self.key,0.0933491438627243,0.769385
6,K,bert.encoder.layer.6.attention.self.key,0.09355825930833817,0.769885
6,K,bert.encoder.layer.6.attention.self.key,0.09373044967651367,0.770385
6,K,bert.encoder.layer.6.attention.self.key,0.09395445883274078,0.770885
6,K,bert.encoder.layer.6.attention.self.key,0.0941469743847847,0.771385
6,K,bert.encoder.layer.6.attention.self.key,0.09434504806995392,0.771885
6,K,bert.encoder.layer.6.attention.self.key,0.09453217685222626,0.772385
6,K,bert.encoder.layer.6.attention.self.key,0.09474468231201172,0.772885
6,K,bert.encoder.layer.6.attention.self.key,0.09495948255062103,0.773385
6,K,bert.encoder.layer.6.attention.self.key,0.0951337218284607,0.773885
6,K,bert.encoder.layer.6.attention.self.key,0.09536881744861603,0.774385
6,K,bert.encoder.layer.6.attention.self.key,0.09555920213460922,0.774885
6,K,bert.encoder.layer.6.attention.self.key,0.09579163044691086,0.775385
6,K,bert.encoder.layer.6.attention.self.key,0.0959639921784401,0.775885
6,K,bert.encoder.layer.6.attention.self.key,0.09613778442144394,0.776385
6,K,bert.encoder.layer.6.attention.self.key,0.09635177254676819,0.776885
6,K,bert.encoder.layer.6.attention.self.key,0.09656751900911331,0.777385
6,K,bert.encoder.layer.6.attention.self.key,0.09675829857587814,0.77789
6,K,bert.encoder.layer.6.attention.self.key,0.0969989001750946,0.77839
6,K,bert.encoder.layer.6.attention.self.key,0.09722568094730377,0.77889
6,K,bert.encoder.layer.6.attention.self.key,0.09741871058940887,0.77939
6,K,bert.encoder.layer.6.attention.self.key,0.09763980656862259,0.77989
6,K,bert.encoder.layer.6.attention.self.key,0.09788665920495987,0.78039
6,K,bert.encoder.layer.6.attention.self.key,0.09806551784276962,0.78089
6,K,bert.encoder.layer.6.attention.self.key,0.09828894585371017,0.78139
6,K,bert.encoder.layer.6.attention.self.key,0.09851367771625519,0.78189
6,K,bert.encoder.layer.6.attention.self.key,0.09868653863668442,0.78239
6,K,bert.encoder.layer.6.attention.self.key,0.09888967126607895,0.78289
6,K,bert.encoder.layer.6.attention.self.key,0.0991024598479271,0.78339
6,K,bert.encoder.layer.6.attention.self.key,0.09931639581918716,0.78389
6,K,bert.encoder.layer.6.attention.self.key,0.09953552484512329,0.78439
6,K,bert.encoder.layer.6.attention.self.key,0.0997605100274086,0.78489
6,K,bert.encoder.layer.6.attention.self.key,0.10000856965780258,0.78539
6,K,bert.encoder.layer.6.attention.self.key,0.10021737217903137,0.78589
6,K,bert.encoder.layer.6.attention.self.key,0.10042595863342285,0.78639
6,K,bert.encoder.layer.6.attention.self.key,0.10064855962991714,0.78689
6,K,bert.encoder.layer.6.attention.self.key,0.10088281333446503,0.78739
6,K,bert.encoder.layer.6.attention.self.key,0.10109016299247742,0.787895
6,K,bert.encoder.layer.6.attention.self.key,0.10130796581506729,0.788395
6,K,bert.encoder.layer.6.attention.self.key,0.10152827948331833,0.788895
6,K,bert.encoder.layer.6.attention.self.key,0.10172892361879349,0.789395
6,K,bert.encoder.layer.6.attention.self.key,0.10194756090641022,0.789895
6,K,bert.encoder.layer.6.attention.self.key,0.10217531770467758,0.790395
6,K,bert.encoder.layer.6.attention.self.key,0.10239245742559433,0.790895
6,K,bert.encoder.layer.6.attention.self.key,0.10268059372901917,0.791395
6,K,bert.encoder.layer.6.attention.self.key,0.10290472209453583,0.791895
6,K,bert.encoder.layer.6.attention.self.key,0.10314198583364487,0.792395
6,K,bert.encoder.layer.6.attention.self.key,0.10333845019340515,0.792895
6,K,bert.encoder.layer.6.attention.self.key,0.10355667024850845,0.793395
6,K,bert.encoder.layer.6.attention.self.key,0.10378476977348328,0.793895
6,K,bert.encoder.layer.6.attention.self.key,0.1040622815489769,0.794395
6,K,bert.encoder.layer.6.attention.self.key,0.10431601107120514,0.794895
6,K,bert.encoder.layer.6.attention.self.key,0.10454265773296356,0.795395
6,K,bert.encoder.layer.6.attention.self.key,0.1047859862446785,0.795895
6,K,bert.encoder.layer.6.attention.self.key,0.10502365976572037,0.796395
6,K,bert.encoder.layer.6.attention.self.key,0.10523918271064758,0.796895
6,K,bert.encoder.layer.6.attention.self.key,0.10550026595592499,0.797395
6,K,bert.encoder.layer.6.attention.self.key,0.10572699457406998,0.797895
6,K,bert.encoder.layer.6.attention.self.key,0.10597234964370728,0.7984
6,K,bert.encoder.layer.6.attention.self.key,0.10617779940366745,0.7989
6,K,bert.encoder.layer.6.attention.self.key,0.10642614960670471,0.7994
6,K,bert.encoder.layer.6.attention.self.key,0.10665739327669144,0.7999
6,K,bert.encoder.layer.6.attention.self.key,0.10687938332557678,0.8004
6,K,bert.encoder.layer.6.attention.self.key,0.10712987184524536,0.8009
6,K,bert.encoder.layer.6.attention.self.key,0.10741207748651505,0.8014
6,K,bert.encoder.layer.6.attention.self.key,0.10766781121492386,0.8019
6,K,bert.encoder.layer.6.attention.self.key,0.10791213810443878,0.8024
6,K,bert.encoder.layer.6.attention.self.key,0.10811439156532288,0.8029
6,K,bert.encoder.layer.6.attention.self.key,0.10833894461393356,0.8034
6,K,bert.encoder.layer.6.attention.self.key,0.10858846455812454,0.8039
6,K,bert.encoder.layer.6.attention.self.key,0.10883750766515732,0.8044
6,K,bert.encoder.layer.6.attention.self.key,0.10908999294042587,0.8049
6,K,bert.encoder.layer.6.attention.self.key,0.10930820554494858,0.8054
6,K,bert.encoder.layer.6.attention.self.key,0.10953646898269653,0.8059
6,K,bert.encoder.layer.6.attention.self.key,0.10975450277328491,0.8064
6,K,bert.encoder.layer.6.attention.self.key,0.11001917719841003,0.8069
6,K,bert.encoder.layer.6.attention.self.key,0.11026761680841446,0.8074
6,K,bert.encoder.layer.6.attention.self.key,0.11055775731801987,0.8079
6,K,bert.encoder.layer.6.attention.self.key,0.11079996079206467,0.808405
6,K,bert.encoder.layer.6.attention.self.key,0.11108323931694031,0.808905
6,K,bert.encoder.layer.6.attention.self.key,0.11139778047800064,0.809405
6,K,bert.encoder.layer.6.attention.self.key,0.11164360493421555,0.809905
6,K,bert.encoder.layer.6.attention.self.key,0.11191073805093765,0.810405
6,K,bert.encoder.layer.6.attention.self.key,0.1121305599808693,0.810905
6,K,bert.encoder.layer.6.attention.self.key,0.11244897544384003,0.811405
6,K,bert.encoder.layer.6.attention.self.key,0.11267727613449097,0.811905
6,K,bert.encoder.layer.6.attention.self.key,0.11290497332811356,0.812405
6,K,bert.encoder.layer.6.attention.self.key,0.11314687132835388,0.812905
6,K,bert.encoder.layer.6.attention.self.key,0.1134505644440651,0.813405
6,K,bert.encoder.layer.6.attention.self.key,0.11369343847036362,0.813905
6,K,bert.encoder.layer.6.attention.self.key,0.11400461196899414,0.814405
6,K,bert.encoder.layer.6.attention.self.key,0.11428726464509964,0.814905
6,K,bert.encoder.layer.6.attention.self.key,0.11453758925199509,0.815405
6,K,bert.encoder.layer.6.attention.self.key,0.11482557654380798,0.815905
6,K,bert.encoder.layer.6.attention.self.key,0.1150708869099617,0.816405
6,K,bert.encoder.layer.6.attention.self.key,0.11535605788230896,0.816905
6,K,bert.encoder.layer.6.attention.self.key,0.11564262956380844,0.817405
6,K,bert.encoder.layer.6.attention.self.key,0.11590484529733658,0.817905
6,K,bert.encoder.layer.6.attention.self.key,0.11620177328586578,0.81841
6,K,bert.encoder.layer.6.attention.self.key,0.11646199226379395,0.81891
6,K,bert.encoder.layer.6.attention.self.key,0.11670343577861786,0.81941
6,K,bert.encoder.layer.6.attention.self.key,0.11696726083755493,0.81991
6,K,bert.encoder.layer.6.attention.self.key,0.11724358052015305,0.82041
6,K,bert.encoder.layer.6.attention.self.key,0.11749899387359619,0.82091
6,K,bert.encoder.layer.6.attention.self.key,0.11774824559688568,0.82141
6,K,bert.encoder.layer.6.attention.self.key,0.1180492639541626,0.82191
6,K,bert.encoder.layer.6.attention.self.key,0.11833441257476807,0.82241
6,K,bert.encoder.layer.6.attention.self.key,0.11861763894557953,0.82291
6,K,bert.encoder.layer.6.attention.self.key,0.11892665922641754,0.82341
6,K,bert.encoder.layer.6.attention.self.key,0.11918700486421585,0.82391
6,K,bert.encoder.layer.6.attention.self.key,0.11950225383043289,0.82441
6,K,bert.encoder.layer.6.attention.self.key,0.11976899206638336,0.82491
6,K,bert.encoder.layer.6.attention.self.key,0.12004080414772034,0.82541
6,K,bert.encoder.layer.6.attention.self.key,0.12030456215143204,0.82591
6,K,bert.encoder.layer.6.attention.self.key,0.1205785796046257,0.82641
6,K,bert.encoder.layer.6.attention.self.key,0.12084444612264633,0.82691
6,K,bert.encoder.layer.6.attention.self.key,0.12115602940320969,0.82741
6,K,bert.encoder.layer.6.attention.self.key,0.12151139974594116,0.82791
6,K,bert.encoder.layer.6.attention.self.key,0.1218080222606659,0.828415
6,K,bert.encoder.layer.6.attention.self.key,0.1221141368150711,0.828915
6,K,bert.encoder.layer.6.attention.self.key,0.12238474935293198,0.829415
6,K,bert.encoder.layer.6.attention.self.key,0.12269718199968338,0.829915
6,K,bert.encoder.layer.6.attention.self.key,0.12290947884321213,0.830415
6,K,bert.encoder.layer.6.attention.self.key,0.12315975874662399,0.830915
6,K,bert.encoder.layer.6.attention.self.key,0.1234215497970581,0.831415
6,K,bert.encoder.layer.6.attention.self.key,0.12371868640184402,0.831915
6,K,bert.encoder.layer.6.attention.self.key,0.12405207008123398,0.832415
6,K,bert.encoder.layer.6.attention.self.key,0.12430573999881744,0.832915
6,K,bert.encoder.layer.6.attention.self.key,0.12463822215795517,0.833415
6,K,bert.encoder.layer.6.attention.self.key,0.12496399134397507,0.833915
6,K,bert.encoder.layer.6.attention.self.key,0.12528681755065918,0.834415
6,K,bert.encoder.layer.6.attention.self.key,0.12557831406593323,0.834915
6,K,bert.encoder.layer.6.attention.self.key,0.12588506937026978,0.835415
6,K,bert.encoder.layer.6.attention.self.key,0.12623515725135803,0.835915
6,K,bert.encoder.layer.6.attention.self.key,0.12653273344039917,0.836415
6,K,bert.encoder.layer.6.attention.self.key,0.12685626745224,0.836915
6,K,bert.encoder.layer.6.attention.self.key,0.1271539330482483,0.837415
6,K,bert.encoder.layer.6.attention.self.key,0.12751491367816925,0.837915
6,K,bert.encoder.layer.6.attention.self.key,0.12783129513263702,0.83842
6,K,bert.encoder.layer.6.attention.self.key,0.12812741100788116,0.83892
6,K,bert.encoder.layer.6.attention.self.key,0.1284625232219696,0.83942
6,K,bert.encoder.layer.6.attention.self.key,0.128842294216156,0.83992
6,K,bert.encoder.layer.6.attention.self.key,0.1291404664516449,0.84042
6,K,bert.encoder.layer.6.attention.self.key,0.12943503260612488,0.84092
6,K,bert.encoder.layer.6.attention.self.key,0.12977755069732666,0.84142
6,K,bert.encoder.layer.6.attention.self.key,0.1301242858171463,0.84192
6,K,bert.encoder.layer.6.attention.self.key,0.13048000633716583,0.84242
6,K,bert.encoder.layer.6.attention.self.key,0.13077272474765778,0.84292
6,K,bert.encoder.layer.6.attention.self.key,0.13110122084617615,0.84342
6,K,bert.encoder.layer.6.attention.self.key,0.13140980899333954,0.84392
6,K,bert.encoder.layer.6.attention.self.key,0.13170228898525238,0.84442
6,K,bert.encoder.layer.6.attention.self.key,0.13204942643642426,0.84492
6,K,bert.encoder.layer.6.attention.self.key,0.1323683261871338,0.84542
6,K,bert.encoder.layer.6.attention.self.key,0.13277240097522736,0.84592
6,K,bert.encoder.layer.6.attention.self.key,0.13312461972236633,0.84642
6,K,bert.encoder.layer.6.attention.self.key,0.13344915211200714,0.84692
6,K,bert.encoder.layer.6.attention.self.key,0.13376781344413757,0.84742
6,K,bert.encoder.layer.6.attention.self.key,0.13407479226589203,0.84792
6,K,bert.encoder.layer.6.attention.self.key,0.13444137573242188,0.84842
6,K,bert.encoder.layer.6.attention.self.key,0.13474947214126587,0.848925
6,K,bert.encoder.layer.6.attention.self.key,0.1351184844970703,0.849425
6,K,bert.encoder.layer.6.attention.self.key,0.1355145424604416,0.849925
6,K,bert.encoder.layer.6.attention.self.key,0.13585470616817474,0.850425
6,K,bert.encoder.layer.6.attention.self.key,0.1362328976392746,0.850925
6,K,bert.encoder.layer.6.attention.self.key,0.1365753412246704,0.851425
6,K,bert.encoder.layer.6.attention.self.key,0.13692809641361237,0.851925
6,K,bert.encoder.layer.6.attention.self.key,0.13730661571025848,0.852425
6,K,bert.encoder.layer.6.attention.self.key,0.13765603303909302,0.852925
6,K,bert.encoder.layer.6.attention.self.key,0.1380518078804016,0.853425
6,K,bert.encoder.layer.6.attention.self.key,0.13836967945098877,0.853925
6,K,bert.encoder.layer.6.attention.self.key,0.1386781930923462,0.854425
6,K,bert.encoder.layer.6.attention.self.key,0.13903763890266418,0.854925
6,K,bert.encoder.layer.6.attention.self.key,0.13939622044563293,0.855425
6,K,bert.encoder.layer.6.attention.self.key,0.13974355161190033,0.855925
6,K,bert.encoder.layer.6.attention.self.key,0.14007052779197693,0.856425
6,K,bert.encoder.layer.6.attention.self.key,0.140471413731575,0.856925
6,K,bert.encoder.layer.6.attention.self.key,0.14085276424884796,0.857425
6,K,bert.encoder.layer.6.attention.self.key,0.1412975937128067,0.857925
6,K,bert.encoder.layer.6.attention.self.key,0.1417018622159958,0.858425
6,K,bert.encoder.layer.6.attention.self.key,0.1420498639345169,0.85893
6,K,bert.encoder.layer.6.attention.self.key,0.14241287112236023,0.85943
6,K,bert.encoder.layer.6.attention.self.key,0.14273937046527863,0.85993
6,K,bert.encoder.layer.6.attention.self.key,0.14307844638824463,0.86043
6,K,bert.encoder.layer.6.attention.self.key,0.14347326755523682,0.86093
6,K,bert.encoder.layer.6.attention.self.key,0.14393818378448486,0.86143
6,K,bert.encoder.layer.6.attention.self.key,0.14427310228347778,0.86193
6,K,bert.encoder.layer.6.attention.self.key,0.14465655386447906,0.86243
6,K,bert.encoder.layer.6.attention.self.key,0.1450365036725998,0.86293
6,K,bert.encoder.layer.6.attention.self.key,0.14544375240802765,0.86343
6,K,bert.encoder.layer.6.attention.self.key,0.14582277834415436,0.86393
6,K,bert.encoder.layer.6.attention.self.key,0.14617733657360077,0.86443
6,K,bert.encoder.layer.6.attention.self.key,0.1465919464826584,0.86493
6,K,bert.encoder.layer.6.attention.self.key,0.14700114727020264,0.86543
6,K,bert.encoder.layer.6.attention.self.key,0.14746278524398804,0.86593
6,K,bert.encoder.layer.6.attention.self.key,0.14784380793571472,0.86643
6,K,bert.encoder.layer.6.attention.self.key,0.14826549589633942,0.86693
6,K,bert.encoder.layer.6.attention.self.key,0.14865948259830475,0.86743
6,K,bert.encoder.layer.6.attention.self.key,0.149118110537529,0.86793
6,K,bert.encoder.layer.6.attention.self.key,0.14955399930477142,0.86843
6,K,bert.encoder.layer.6.attention.self.key,0.14998455345630646,0.868935
6,K,bert.encoder.layer.6.attention.self.key,0.15039166808128357,0.869435
6,K,bert.encoder.layer.6.attention.self.key,0.15079736709594727,0.869935
6,K,bert.encoder.layer.6.attention.self.key,0.15118223428726196,0.870435
6,K,bert.encoder.layer.6.attention.self.key,0.15166433155536652,0.870935
6,K,bert.encoder.layer.6.attention.self.key,0.15216928720474243,0.871435
6,K,bert.encoder.layer.6.attention.self.key,0.15254855155944824,0.871935
6,K,bert.encoder.layer.6.attention.self.key,0.1529945582151413,0.872435
6,K,bert.encoder.layer.6.attention.self.key,0.15340697765350342,0.872935
6,K,bert.encoder.layer.6.attention.self.key,0.15388818085193634,0.873435
6,K,bert.encoder.layer.6.attention.self.key,0.15428532660007477,0.873935
6,K,bert.encoder.layer.6.attention.self.key,0.15467867255210876,0.874435
6,K,bert.encoder.layer.6.attention.self.key,0.15509390830993652,0.874935
6,K,bert.encoder.layer.6.attention.self.key,0.15550102293491364,0.875435
6,K,bert.encoder.layer.6.attention.self.key,0.15595227479934692,0.875935
6,K,bert.encoder.layer.6.attention.self.key,0.15650373697280884,0.876435
6,K,bert.encoder.layer.6.attention.self.key,0.1569221019744873,0.876935
6,K,bert.encoder.layer.6.attention.self.key,0.15739668905735016,0.877435
6,K,bert.encoder.layer.6.attention.self.key,0.15784242749214172,0.877935
6,K,bert.encoder.layer.6.attention.self.key,0.15824033319950104,0.878435
6,K,bert.encoder.layer.6.attention.self.key,0.15869386494159698,0.87894
6,K,bert.encoder.layer.6.attention.self.key,0.15929827094078064,0.87944
6,K,bert.encoder.layer.6.attention.self.key,0.1597588211297989,0.87994
6,K,bert.encoder.layer.6.attention.self.key,0.16031332314014435,0.88044
6,K,bert.encoder.layer.6.attention.self.key,0.16075098514556885,0.88094
6,K,bert.encoder.layer.6.attention.self.key,0.16116288304328918,0.88144
6,K,bert.encoder.layer.6.attention.self.key,0.16160020232200623,0.88194
6,K,bert.encoder.layer.6.attention.self.key,0.1620349884033203,0.88244
6,K,bert.encoder.layer.6.attention.self.key,0.1624717265367508,0.88294
6,K,bert.encoder.layer.6.attention.self.key,0.1629301905632019,0.88344
6,K,bert.encoder.layer.6.attention.self.key,0.16348080337047577,0.88394
6,K,bert.encoder.layer.6.attention.self.key,0.16399958729743958,0.88444
6,K,bert.encoder.layer.6.attention.self.key,0.16445055603981018,0.88494
6,K,bert.encoder.layer.6.attention.self.key,0.16495348513126373,0.88544
6,K,bert.encoder.layer.6.attention.self.key,0.1654699295759201,0.88594
6,K,bert.encoder.layer.6.attention.self.key,0.16596004366874695,0.88644
6,K,bert.encoder.layer.6.attention.self.key,0.16648301482200623,0.88694
6,K,bert.encoder.layer.6.attention.self.key,0.16709810495376587,0.88744
6,K,bert.encoder.layer.6.attention.self.key,0.16764192283153534,0.88794
6,K,bert.encoder.layer.6.attention.self.key,0.16808243095874786,0.88844
6,K,bert.encoder.layer.6.attention.self.key,0.16861912608146667,0.888945
6,K,bert.encoder.layer.6.attention.self.key,0.16912846267223358,0.889445
6,K,bert.encoder.layer.6.attention.self.key,0.16959115862846375,0.889945
6,K,bert.encoder.layer.6.attention.self.key,0.17010043561458588,0.890445
6,K,bert.encoder.layer.6.attention.self.key,0.1706925630569458,0.890945
6,K,bert.encoder.layer.6.attention.self.key,0.1711863875389099,0.891445
6,K,bert.encoder.layer.6.attention.self.key,0.1716853827238083,0.891945
6,K,bert.encoder.layer.6.attention.self.key,0.17228230834007263,0.892445
6,K,bert.encoder.layer.6.attention.self.key,0.17278580367565155,0.892945
6,K,bert.encoder.layer.6.attention.self.key,0.17323659360408783,0.893445
6,K,bert.encoder.layer.6.attention.self.key,0.17385129630565643,0.893945
6,K,bert.encoder.layer.6.attention.self.key,0.17442657053470612,0.894445
6,K,bert.encoder.layer.6.attention.self.key,0.1749647557735443,0.894945
6,K,bert.encoder.layer.6.attention.self.key,0.17555001378059387,0.895445
6,K,bert.encoder.layer.6.attention.self.key,0.17617742717266083,0.895945
6,K,bert.encoder.layer.6.attention.self.key,0.17676183581352234,0.896445
6,K,bert.encoder.layer.6.attention.self.key,0.17735812067985535,0.896945
6,K,bert.encoder.layer.6.attention.self.key,0.1779944747686386,0.897445
6,K,bert.encoder.layer.6.attention.self.key,0.17848238348960876,0.897945
6,K,bert.encoder.layer.6.attention.self.key,0.17899855971336365,0.898445
6,K,bert.encoder.layer.6.attention.self.key,0.17958244681358337,0.898945
6,K,bert.encoder.layer.6.attention.self.key,0.1801910400390625,0.89945
6,K,bert.encoder.layer.6.attention.self.key,0.1807362586259842,0.89995
6,K,bert.encoder.layer.6.attention.self.key,0.18135058879852295,0.90045
6,K,bert.encoder.layer.6.attention.self.key,0.18189334869384766,0.90095
6,K,bert.encoder.layer.6.attention.self.key,0.18246448040008545,0.90145
6,K,bert.encoder.layer.6.attention.self.key,0.1830531358718872,0.90195
6,K,bert.encoder.layer.6.attention.self.key,0.1837242692708969,0.90245
6,K,bert.encoder.layer.6.attention.self.key,0.1842716485261917,0.90295
6,K,bert.encoder.layer.6.attention.self.key,0.1848563849925995,0.90345
6,K,bert.encoder.layer.6.attention.self.key,0.18544864654541016,0.90395
6,K,bert.encoder.layer.6.attention.self.key,0.18610765039920807,0.90445
6,K,bert.encoder.layer.6.attention.self.key,0.1866622269153595,0.90495
6,K,bert.encoder.layer.6.attention.self.key,0.18727906048297882,0.90545
6,K,bert.encoder.layer.6.attention.self.key,0.18800804018974304,0.90595
6,K,bert.encoder.layer.6.attention.self.key,0.18856269121170044,0.90645
6,K,bert.encoder.layer.6.attention.self.key,0.1892368346452713,0.90695
6,K,bert.encoder.layer.6.attention.self.key,0.18986839056015015,0.90745
6,K,bert.encoder.layer.6.attention.self.key,0.19070908427238464,0.90795
6,K,bert.encoder.layer.6.attention.self.key,0.19139467179775238,0.90845
6,K,bert.encoder.layer.6.attention.self.key,0.1919640749692917,0.90895
6,K,bert.encoder.layer.6.attention.self.key,0.19256244599819183,0.909455
6,K,bert.encoder.layer.6.attention.self.key,0.19324073195457458,0.909955
6,K,bert.encoder.layer.6.attention.self.key,0.19390815496444702,0.910455
6,K,bert.encoder.layer.6.attention.self.key,0.19452416896820068,0.910955
6,K,bert.encoder.layer.6.attention.self.key,0.1951727569103241,0.911455
6,K,bert.encoder.layer.6.attention.self.key,0.19587181508541107,0.911955
6,K,bert.encoder.layer.6.attention.self.key,0.19654534757137299,0.912455
6,K,bert.encoder.layer.6.attention.self.key,0.19723330438137054,0.912955
6,K,bert.encoder.layer.6.attention.self.key,0.19784845411777496,0.913455
6,K,bert.encoder.layer.6.attention.self.key,0.19855380058288574,0.913955
6,K,bert.encoder.layer.6.attention.self.key,0.19918394088745117,0.914455
6,K,bert.encoder.layer.6.attention.self.key,0.1998169869184494,0.914955
6,K,bert.encoder.layer.6.attention.self.key,0.2004557102918625,0.915455
6,K,bert.encoder.layer.6.attention.self.key,0.20119231939315796,0.915955
6,K,bert.encoder.layer.6.attention.self.key,0.2020161747932434,0.916455
6,K,bert.encoder.layer.6.attention.self.key,0.20274604856967926,0.916955
6,K,bert.encoder.layer.6.attention.self.key,0.2035626471042633,0.917455
6,K,bert.encoder.layer.6.attention.self.key,0.20438407361507416,0.917955
6,K,bert.encoder.layer.6.attention.self.key,0.2050708681344986,0.918455
6,K,bert.encoder.layer.6.attention.self.key,0.20597665011882782,0.918955
6,K,bert.encoder.layer.6.attention.self.key,0.20674334466457367,0.91946
6,K,bert.encoder.layer.6.attention.self.key,0.20746903121471405,0.91996
6,K,bert.encoder.layer.6.attention.self.key,0.20822054147720337,0.92046
6,K,bert.encoder.layer.6.attention.self.key,0.20897118747234344,0.92096
6,K,bert.encoder.layer.6.attention.self.key,0.20981793105602264,0.92146
6,K,bert.encoder.layer.6.attention.self.key,0.21055540442466736,0.92196
6,K,bert.encoder.layer.6.attention.self.key,0.2111973613500595,0.92246
6,K,bert.encoder.layer.6.attention.self.key,0.21190476417541504,0.92296
6,K,bert.encoder.layer.6.attention.self.key,0.21275943517684937,0.92346
6,K,bert.encoder.layer.6.attention.self.key,0.2136009782552719,0.92396
6,K,bert.encoder.layer.6.attention.self.key,0.2144191563129425,0.92446
6,K,bert.encoder.layer.6.attention.self.key,0.2152913510799408,0.92496
6,K,bert.encoder.layer.6.attention.self.key,0.21624350547790527,0.92546
6,K,bert.encoder.layer.6.attention.self.key,0.2170003205537796,0.92596
6,K,bert.encoder.layer.6.attention.self.key,0.21774396300315857,0.92646
6,K,bert.encoder.layer.6.attention.self.key,0.21857909858226776,0.92696
6,K,bert.encoder.layer.6.attention.self.key,0.2194744497537613,0.92746
6,K,bert.encoder.layer.6.attention.self.key,0.2203035056591034,0.92796
6,K,bert.encoder.layer.6.attention.self.key,0.2213219255208969,0.92846
6,K,bert.encoder.layer.6.attention.self.key,0.22210147976875305,0.92896
6,K,bert.encoder.layer.6.attention.self.key,0.2229054868221283,0.929465
6,K,bert.encoder.layer.6.attention.self.key,0.22380685806274414,0.929965
6,K,bert.encoder.layer.6.attention.self.key,0.2247050553560257,0.930465
6,K,bert.encoder.layer.6.attention.self.key,0.22552233934402466,0.930965
6,K,bert.encoder.layer.6.attention.self.key,0.22641168534755707,0.931465
6,K,bert.encoder.layer.6.attention.self.key,0.2272653579711914,0.931965
6,K,bert.encoder.layer.6.attention.self.key,0.22819532454013824,0.932465
6,K,bert.encoder.layer.6.attention.self.key,0.2290973663330078,0.932965
6,K,bert.encoder.layer.6.attention.self.key,0.23022347688674927,0.933465
6,K,bert.encoder.layer.6.attention.self.key,0.23132508993148804,0.933965
6,K,bert.encoder.layer.6.attention.self.key,0.2322748452425003,0.934465
6,K,bert.encoder.layer.6.attention.self.key,0.23322291672229767,0.934965
6,K,bert.encoder.layer.6.attention.self.key,0.23414209485054016,0.935465
6,K,bert.encoder.layer.6.attention.self.key,0.23514361679553986,0.935965
6,K,bert.encoder.layer.6.attention.self.key,0.23620851337909698,0.936465
6,K,bert.encoder.layer.6.attention.self.key,0.23713833093643188,0.936965
6,K,bert.encoder.layer.6.attention.self.key,0.23809726536273956,0.937465
6,K,bert.encoder.layer.6.attention.self.key,0.23896831274032593,0.937965
6,K,bert.encoder.layer.6.attention.self.key,0.23999513685703278,0.938465
6,K,bert.encoder.layer.6.attention.self.key,0.24078021943569183,0.938965
6,K,bert.encoder.layer.6.attention.self.key,0.24179625511169434,0.93947
6,K,bert.encoder.layer.6.attention.self.key,0.24291783571243286,0.93997
6,K,bert.encoder.layer.6.attention.self.key,0.24411238729953766,0.94047
6,K,bert.encoder.layer.6.attention.self.key,0.24516771733760834,0.94097
6,K,bert.encoder.layer.6.attention.self.key,0.24634748697280884,0.94147
6,K,bert.encoder.layer.6.attention.self.key,0.24774610996246338,0.94197
6,K,bert.encoder.layer.6.attention.self.key,0.24887551367282867,0.94247
6,K,bert.encoder.layer.6.attention.self.key,0.2500227391719818,0.94297
6,K,bert.encoder.layer.6.attention.self.key,0.2512466311454773,0.94347
6,K,bert.encoder.layer.6.attention.self.key,0.25236043334007263,0.94397
6,K,bert.encoder.layer.6.attention.self.key,0.2534574866294861,0.94447
6,K,bert.encoder.layer.6.attention.self.key,0.2546129524707794,0.94497
6,K,bert.encoder.layer.6.attention.self.key,0.2558525800704956,0.94547
6,K,bert.encoder.layer.6.attention.self.key,0.25710657238960266,0.94597
6,K,bert.encoder.layer.6.attention.self.key,0.2582470774650574,0.94647
6,K,bert.encoder.layer.6.attention.self.key,0.2595598101615906,0.94697
6,K,bert.encoder.layer.6.attention.self.key,0.2608324885368347,0.94747
6,K,bert.encoder.layer.6.attention.self.key,0.2619016766548157,0.94797
6,K,bert.encoder.layer.6.attention.self.key,0.26331827044487,0.94847
6,K,bert.encoder.layer.6.attention.self.key,0.2647402882575989,0.94897
6,K,bert.encoder.layer.6.attention.self.key,0.2660616338253021,0.94947
6,K,bert.encoder.layer.6.attention.self.key,0.267503023147583,0.949975
6,K,bert.encoder.layer.6.attention.self.key,0.268678218126297,0.950475
6,K,bert.encoder.layer.6.attention.self.key,0.27007240056991577,0.950975
6,K,bert.encoder.layer.6.attention.self.key,0.27126142382621765,0.951475
6,K,bert.encoder.layer.6.attention.self.key,0.272549033164978,0.951975
6,K,bert.encoder.layer.6.attention.self.key,0.27411216497421265,0.952475
6,K,bert.encoder.layer.6.attention.self.key,0.27545422315597534,0.952975
6,K,bert.encoder.layer.6.attention.self.key,0.276882529258728,0.953475
6,K,bert.encoder.layer.6.attention.self.key,0.27829623222351074,0.953975
6,K,bert.encoder.layer.6.attention.self.key,0.2797219455242157,0.954475
6,K,bert.encoder.layer.6.attention.self.key,0.28129398822784424,0.954975
6,K,bert.encoder.layer.6.attention.self.key,0.28285616636276245,0.955475
6,K,bert.encoder.layer.6.attention.self.key,0.28452345728874207,0.955975
6,K,bert.encoder.layer.6.attention.self.key,0.2862025797367096,0.956475
6,K,bert.encoder.layer.6.attention.self.key,0.28788766264915466,0.956975
6,K,bert.encoder.layer.6.attention.self.key,0.28942885994911194,0.957475
6,K,bert.encoder.layer.6.attention.self.key,0.29107654094696045,0.957975
6,K,bert.encoder.layer.6.attention.self.key,0.29295313358306885,0.958475
6,K,bert.encoder.layer.6.attention.self.key,0.294541597366333,0.958975
6,K,bert.encoder.layer.6.attention.self.key,0.2961609363555908,0.959475
6,K,bert.encoder.layer.6.attention.self.key,0.2977946996688843,0.95998
6,K,bert.encoder.layer.6.attention.self.key,0.2994328439235687,0.96048
6,K,bert.encoder.layer.6.attention.self.key,0.30103829503059387,0.96098
6,K,bert.encoder.layer.6.attention.self.key,0.303056538105011,0.96148
6,K,bert.encoder.layer.6.attention.self.key,0.30471542477607727,0.96198
6,K,bert.encoder.layer.6.attention.self.key,0.3062503933906555,0.96248
6,K,bert.encoder.layer.6.attention.self.key,0.30803510546684265,0.96298
6,K,bert.encoder.layer.6.attention.self.key,0.3099515438079834,0.96348
6,K,bert.encoder.layer.6.attention.self.key,0.3119727373123169,0.96398
6,K,bert.encoder.layer.6.attention.self.key,0.3139309883117676,0.96448
6,K,bert.encoder.layer.6.attention.self.key,0.3160228729248047,0.96498
6,K,bert.encoder.layer.6.attention.self.key,0.3181378245353699,0.96548
6,K,bert.encoder.layer.6.attention.self.key,0.3209640085697174,0.96598
6,K,bert.encoder.layer.6.attention.self.key,0.3231545388698578,0.96648
6,K,bert.encoder.layer.6.attention.self.key,0.3253379464149475,0.96698
6,K,bert.encoder.layer.6.attention.self.key,0.3275264799594879,0.96748
6,K,bert.encoder.layer.6.attention.self.key,0.3299610912799835,0.96798
6,K,bert.encoder.layer.6.attention.self.key,0.33198732137680054,0.96848
6,K,bert.encoder.layer.6.attention.self.key,0.33476537466049194,0.96898
6,K,bert.encoder.layer.6.attention.self.key,0.33729028701782227,0.96948
6,K,bert.encoder.layer.6.attention.self.key,0.33928561210632324,0.969985
6,K,bert.encoder.layer.6.attention.self.key,0.3416679799556732,0.970485
6,K,bert.encoder.layer.6.attention.self.key,0.3443440794944763,0.970985
6,K,bert.encoder.layer.6.attention.self.key,0.34665000438690186,0.971485
6,K,bert.encoder.layer.6.attention.self.key,0.34973230957984924,0.971985
6,K,bert.encoder.layer.6.attention.self.key,0.35252392292022705,0.972485
6,K,bert.encoder.layer.6.attention.self.key,0.3554087281227112,0.972985
6,K,bert.encoder.layer.6.attention.self.key,0.3580724895000458,0.973485
6,K,bert.encoder.layer.6.attention.self.key,0.3608860671520233,0.973985
6,K,bert.encoder.layer.6.attention.self.key,0.3637174367904663,0.974485
6,K,bert.encoder.layer.6.attention.self.key,0.36711591482162476,0.974985
6,K,bert.encoder.layer.6.attention.self.key,0.3697017431259155,0.975485
6,K,bert.encoder.layer.6.attention.self.key,0.37251418828964233,0.975985
6,K,bert.encoder.layer.6.attention.self.key,0.37560009956359863,0.976485
6,K,bert.encoder.layer.6.attention.self.key,0.37900230288505554,0.976985
6,K,bert.encoder.layer.6.attention.self.key,0.381963849067688,0.977485
6,K,bert.encoder.layer.6.attention.self.key,0.3859478235244751,0.977985
6,K,bert.encoder.layer.6.attention.self.key,0.38933396339416504,0.978485
6,K,bert.encoder.layer.6.attention.self.key,0.3934846520423889,0.978985
6,K,bert.encoder.layer.6.attention.self.key,0.3973763585090637,0.979485
6,K,bert.encoder.layer.6.attention.self.key,0.40179136395454407,0.97999
6,K,bert.encoder.layer.6.attention.self.key,0.40570491552352905,0.98049
6,K,bert.encoder.layer.6.attention.self.key,0.4100532829761505,0.98099
6,K,bert.encoder.layer.6.attention.self.key,0.41541948914527893,0.98149
6,K,bert.encoder.layer.6.attention.self.key,0.4186142385005951,0.98199
6,K,bert.encoder.layer.6.attention.self.key,0.4232913553714752,0.98249
6,K,bert.encoder.layer.6.attention.self.key,0.42710262537002563,0.98299
6,K,bert.encoder.layer.6.attention.self.key,0.4327113926410675,0.98349
6,K,bert.encoder.layer.6.attention.self.key,0.4377422034740448,0.98399
6,K,bert.encoder.layer.6.attention.self.key,0.44266247749328613,0.98449
6,K,bert.encoder.layer.6.attention.self.key,0.44924312829971313,0.98499
6,K,bert.encoder.layer.6.attention.self.key,0.45617809891700745,0.98549
6,K,bert.encoder.layer.6.attention.self.key,0.4610965847969055,0.98599
6,K,bert.encoder.layer.6.attention.self.key,0.4665781259536743,0.98649
6,K,bert.encoder.layer.6.attention.self.key,0.4724680781364441,0.98699
6,K,bert.encoder.layer.6.attention.self.key,0.47967401146888733,0.98749
6,K,bert.encoder.layer.6.attention.self.key,0.4874447286128998,0.98799
6,K,bert.encoder.layer.6.attention.self.key,0.4951174557209015,0.98849
6,K,bert.encoder.layer.6.attention.self.key,0.5021603107452393,0.98899
6,K,bert.encoder.layer.6.attention.self.key,0.5117797255516052,0.98949
6,K,bert.encoder.layer.6.attention.self.key,0.5213106274604797,0.989995
6,K,bert.encoder.layer.6.attention.self.key,0.5300365686416626,0.990495
6,K,bert.encoder.layer.6.attention.self.key,0.5407077670097351,0.990995
6,K,bert.encoder.layer.6.attention.self.key,0.5503516793251038,0.991495
6,K,bert.encoder.layer.6.attention.self.key,0.5612958073616028,0.991995
6,K,bert.encoder.layer.6.attention.self.key,0.5748728513717651,0.992495
6,K,bert.encoder.layer.6.attention.self.key,0.5863988995552063,0.992995
6,K,bert.encoder.layer.6.attention.self.key,0.6029491424560547,0.993495
6,K,bert.encoder.layer.6.attention.self.key,0.618121862411499,0.993995
6,K,bert.encoder.layer.6.attention.self.key,0.63747638463974,0.994495
6,K,bert.encoder.layer.6.attention.self.key,0.6577735543251038,0.994995
6,K,bert.encoder.layer.6.attention.self.key,0.6791525483131409,0.995495
6,K,bert.encoder.layer.6.attention.self.key,0.7002859115600586,0.995995
6,K,bert.encoder.layer.6.attention.self.key,0.7285148501396179,0.996495
6,K,bert.encoder.layer.6.attention.self.key,0.769122302532196,0.996995
6,K,bert.encoder.layer.6.attention.self.key,0.8107421398162842,0.997495
6,K,bert.encoder.layer.6.attention.self.key,0.8698259592056274,0.997995
6,K,bert.encoder.layer.6.attention.self.key,0.9406881928443909,0.998495
6,K,bert.encoder.layer.6.attention.self.key,1.0,0.998995
6,K,bert.encoder.layer.6.attention.self.key,1.0,0.999495
6,K,bert.encoder.layer.6.attention.self.key,1.0,1.0
