step,mode,layer_idx,sublayer,module_name,dw_min,desired_bl,sto_round_update,update_bl_management,update_management,dw_zero_ratio,dw_1lsb_ratio,dw_absmean,min_nonzero_delta,dw_absmax,dw_q90,dw_q99,pulse_sat_ratio,bound_sat_ratio,grad_absmean,grad_deadzone_ratio,update_vs_grad_cosine,eff_lr_slope,BL_mean,BL_p99,BL_hit_ratio,pulse_under_frac,pulse_ok_frac,pulse_over_frac,dw_fast_zero_ratio,dw_fast_1lsb_ratio,dw_fast_absmean,dw_slow_zero_ratio,dw_slow_1lsb_ratio,dw_slow_absmean,dw_fast_vs_grad_cosine,dw_fast_eff_lr_slope,hidden_absmean,hidden_absmax,hidden_below1_ratio,hidden_trunc_nonzero_ratio,hidden_trunc_meanabs,is_transfer_step,transfer_duty,transfer_spike,transfer_efficiency,buffer_above_thresh_ratio,sign_mismatch_ratio,rel_update_error,BL_fp_mean,BL_fp_p99,BL_fp_hit_ratio,dw_p50,trace_every
0,tiki,0,Q,bert.encoder.layer.0.attention.self.query,0.001,31,0,0,0,1.0,0.0,0.0,0.0,0.0,0.0,0.0,0.0,0.0,0.00014838212518952787,1.0,0.0,0.0,1.0,1.0,0.0,1.0,0.0,0.0,0.6796875,0.193359375,0.0006444382015615702,1.0,0.0,0.0,0.0024822349660098553,0.0,0.00012219397467561066,0.23755088448524475,0.9982282850477431,0.0,0.0,1,0.0,0.0,0.0,0.0017717149522569445,1.0,0.0,0.0,0.0,0.0,0.0,1
0,tiki,0,K,bert.encoder.layer.0.attention.self.key,0.001,31,0,0,0,1.0,0.0,0.0,0.0,0.0,0.0,0.0,0.0,0.0,0.00015341481775976717,1.0,0.0,0.0,1.0,1.0,0.0,1.0,0.0,0.0,0.64453125,0.220703125,0.0007321264711208642,1.0,0.0,0.0,-0.03381246700882912,0.0,0.00012018025881843641,0.190040722489357,0.9982452392578125,0.0,0.0,1,0.0,0.0,0.0,0.0017547607421875,1.0,0.0,0.0,0.0,0.0,0.0,1
0,tiki,0,V,bert.encoder.layer.0.attention.self.value,0.001,31,0,0,0,1.0,0.0,0.0,0.0,0.0,0.0,0.0,0.0,0.0,0.00035999296233057976,1.0,0.0,0.0,1.0,1.0,0.0,1.0,0.0,0.0,0.263671875,0.4296875,0.00169289147015661,1.0,0.0,0.0,0.06217688322067261,0.0,0.00012203289224999025,0.190040722489357,0.9982079399956597,0.0,0.0,1,0.0,0.0,0.0,0.0017920600043402778,1.0,0.0,0.0,0.0,0.0,0.0,1
0,tiki,0,O,bert.encoder.layer.0.attention.output.dense,0.001,31,0,0,0,1.0,0.0,0.0,0.0,0.0,0.0,0.0,0.0,0.0,0.00044144841376692057,1.0,0.0,0.0,1.0,1.0,0.0,1.0,0.0,0.0,0.2421875,0.396484375,0.001977344276383519,1.0,0.0,0.0,0.009126560762524605,0.0,0.0001229189510922879,0.23755088448524475,0.9981858995225694,0.0,0.0,1,0.0,0.0,0.0,0.0018141004774305555,1.0,0.0,0.0,0.0,0.0,0.0,1
0,tiki,0,FFN1,bert.encoder.layer.0.intermediate.dense,0.001,31,0,0,0,1.0,0.0,0.0,0.0,0.0,0.0,0.0,0.0,0.0,0.0002497140085324645,1.0,0.0,0.0,1.0,1.0,0.0,1.0,0.0,0.0,0.615234375,0.228515625,0.0008223690674640238,1.0,0.0,0.0,-0.01598742976784706,0.0,0.00012247596168890595,0.23755088448524475,0.9981842041015625,0.0,0.0,1,0.0,0.0,0.0,0.0018157958984375,1.0,0.0,0.0,0.0,0.0,0.0,1
0,tiki,0,FFN2,bert.encoder.layer.0.output.dense,0.001,31,0,0,0,1.0,0.0,0.0,0.0,0.0,0.0,0.0,0.0,0.0,0.0002474063076078892,1.0,0.0,0.0,1.0,1.0,0.0,1.0,0.0,0.0,0.642578125,0.2265625,0.000734665896743536,1.0,0.0,0.0,0.012435926124453545,0.0,9.033661626745015e-05,0.23755088448524475,0.9986576504177518,0.0,0.0,1,0.0,0.0,0.0,0.001342349582248264,1.0,0.0,0.0,0.0,0.0,0.0,1
0,tiki,1,Q,bert.encoder.layer.1.attention.self.query,0.001,31,0,0,0,1.0,0.0,0.0,0.0,0.0,0.0,0.0,0.0,0.0,0.00028327599284239113,1.0,0.0,0.0,1.0,1.0,0.0,1.0,0.0,0.0,0.55859375,0.2734375,0.0009173994185402989,1.0,0.0,0.0,0.10663069039583206,0.0,0.00012138850433984771,0.23755088448524475,0.9982282850477431,0.0,0.0,1,0.0,0.0,0.0,0.0017717149522569445,1.0,0.0,0.0,0.0,0.0,0.0,1
0,tiki,1,K,bert.encoder.layer.1.attention.self.key,0.001,31,0,0,0,1.0,0.0,0.0,0.0,0.0,0.0,0.0,0.0,0.0,0.0002368203131482005,1.0,0.0,0.0,1.0,1.0,0.0,1.0,0.0,0.0,0.5859375,0.255859375,0.0008846675627864897,1.0,0.0,0.0,-0.05157718062400818,0.0,0.00012436884571798146,0.190040722489357,0.9981536865234375,0.0,0.0,1,0.0,0.0,0.0,0.0018463134765625,1.0,0.0,0.0,0.0,0.0,0.0,1
0,tiki,1,V,bert.encoder.layer.1.attention.self.value,0.001,31,0,0,0,1.0,0.0,0.0,0.0,0.0,0.0,0.0,0.0,0.0,0.00042000983376055956,1.0,0.0,0.0,1.0,1.0,0.0,1.0,0.0,0.0,0.296875,0.353515625,0.001848052954301238,1.0,0.0,0.0,0.033370207995176315,0.0,0.00012171067646704614,0.2850610911846161,0.9981892903645834,0.0,0.0,1,0.0,0.0,0.0,0.0018107096354166667,1.0,0.0,0.0,0.0,0.0,0.0,1
0,tiki,1,O,bert.encoder.layer.1.attention.output.dense,0.001,31,0,0,0,1.0,0.0,0.0,0.0,0.0,0.0,0.0,0.0,0.0,0.0004698561388067901,1.0,0.0,0.0,1.0,1.0,0.0,1.0,0.0,0.0,0.158203125,0.408203125,0.00224740500561893,1.0,0.0,0.0,-0.04392402619123459,0.0,0.0001236439129570499,0.190040722489357,0.9981723361545138,0.0,0.0,1,0.0,0.0,0.0,0.001827663845486111,1.0,0.0,0.0,0.0,0.0,0.0,1
0,tiki,1,FFN1,bert.encoder.layer.1.intermediate.dense,0.001,31,0,0,0,1.0,0.0,0.0,0.0,0.0,0.0,0.0,0.0,0.0,0.0002844551345333457,1.0,0.0,0.0,1.0,1.0,0.0,1.0,0.0,0.0,0.6015625,0.21875,0.0009019692661240697,1.0,0.0,0.0,-0.023863984271883965,0.0,0.00012364397116471082,0.23755088448524475,0.9981803894042969,0.0,0.0,1,0.0,0.0,0.0,0.001819610595703125,1.0,0.0,0.0,0.0,0.0,0.0,1
0,tiki,1,FFN2,bert.encoder.layer.1.output.dense,0.001,31,0,0,0,1.0,0.0,0.0,0.0,0.0,0.0,0.0,0.0,0.0,0.00023756481823511422,1.0,0.0,0.0,1.0,1.0,0.0,1.0,0.0,0.0,0.669921875,0.1875,0.0007042710203677416,1.0,0.0,0.0,-0.046274006366729736,0.0,9.418284025741741e-05,0.23755088448524475,0.9986190795898438,0.0,0.0,1,0.0,0.0,0.0,0.00138092041015625,1.0,0.0,0.0,0.0,0.0,0.0,1
0,tiki,2,Q,bert.encoder.layer.2.attention.self.query,0.001,31,0,0,0,1.0,0.0,0.0,0.0,0.0,0.0,0.0,0.0,0.0,0.0001985069684451446,1.0,0.0,0.0,1.0,1.0,0.0,1.0,0.0,0.0,0.609375,0.2265625,0.000831466750241816,1.0,0.0,0.0,-0.02163759060204029,0.0,0.00011953586363233626,0.23755088448524475,0.9982452392578125,0.0,0.0,1,0.0,0.0,0.0,0.0017547607421875,1.0,0.0,0.0,0.0,0.0,0.0,1
0,tiki,2,K,bert.encoder.layer.2.attention.self.key,0.001,31,0,0,0,1.0,0.0,0.0,0.0,0.0,0.0,0.0,0.0,0.0,0.00018846133025363088,1.0,0.0,0.0,1.0,1.0,0.0,1.0,0.0,0.0,0.599609375,0.24609375,0.0008439213852398098,1.0,0.0,0.0,0.019138701260089874,0.0,0.00012066354975104332,0.23755088448524475,0.9982062445746528,0.0,0.0,1,0.0,0.0,0.0,0.0017937554253472222,1.0,0.0,0.0,0.0,0.0,0.0,1
0,tiki,2,V,bert.encoder.layer.2.attention.self.value,0.001,31,0,0,0,1.0,0.0,0.0,0.0,0.0,0.0,0.0,0.0,0.0,0.0005751193384639919,1.0,0.0,0.0,1.0,1.0,0.0,1.0,0.0,0.0,0.275390625,0.384765625,0.00206087832339108,1.0,0.0,0.0,0.1503356695175171,0.0,0.00012130793766118586,0.2850610911846161,0.9982435438368056,0.0,0.0,1,0.0,0.0,0.0,0.0017564561631944445,1.0,0.0,0.0,0.0,0.0,0.0,1
0,tiki,2,O,bert.encoder.layer.2.attention.output.dense,0.001,31,0,0,0,1.0,0.0,0.0,0.0,0.0,0.0,0.0,0.0,0.0,0.0005934408400207758,1.0,0.0,0.0,1.0,1.0,0.0,1.0,0.0,0.0,0.177734375,0.400390625,0.002295806771144271,1.0,0.0,0.0,-0.03740761801600456,0.0,0.00012291892198845744,0.23755088448524475,0.998199462890625,0.0,0.0,1,0.0,0.0,0.0,0.001800537109375,1.0,0.0,0.0,0.0,0.0,0.0,1
0,tiki,2,FFN1,bert.encoder.layer.2.intermediate.dense,0.001,31,0,0,0,1.0,0.0,0.0,0.0,0.0,0.0,0.0,0.0,0.0,0.0003309730382170528,1.0,0.0,0.0,1.0,1.0,0.0,1.0,0.0,0.0,0.607421875,0.244140625,0.0008541517308913171,1.0,0.0,0.0,0.047961119562387466,0.0,0.00012173087452538311,0.23755088448524475,0.9981943766276041,0.0,0.0,1,0.0,0.0,0.0,0.0018056233723958333,1.0,0.0,0.0,0.0,0.0,0.0,1
0,tiki,2,FFN2,bert.encoder.layer.2.output.dense,0.001,31,0,0,0,1.0,0.0,0.0,0.0,0.0,0.0,0.0,0.0,0.0,0.0002654307463672012,1.0,0.0,0.0,1.0,1.0,0.0,1.0,0.0,0.0,0.662109375,0.220703125,0.0006660677609033883,1.0,0.0,0.0,-0.07279892265796661,0.0,9.069906082004309e-05,0.23755088448524475,0.9986576504177518,0.0,0.0,1,0.0,0.0,0.0,0.001342349582248264,1.0,0.0,0.0,0.0,0.0,0.0,1
0,tiki,3,Q,bert.encoder.layer.3.attention.self.query,0.001,31,0,0,0,1.0,0.0,0.0,0.0,0.0,0.0,0.0,0.0,0.0,0.00022359502327162772,1.0,0.0,0.0,1.0,1.0,0.0,1.0,0.0,0.0,0.58984375,0.236328125,0.0009308622684329748,1.0,0.0,0.0,0.0012261528754606843,0.0,0.00012606038944795728,0.23755088448524475,0.9981757269965278,0.0,0.0,1,0.0,0.0,0.0,0.0018242730034722222,1.0,0.0,0.0,0.0,0.0,0.0,1
0,tiki,3,K,bert.encoder.layer.3.attention.self.key,0.001,31,0,0,0,1.0,0.0,0.0,0.0,0.0,0.0,0.0,0.0,0.0,0.0002075845404760912,1.0,0.0,0.0,1.0,1.0,0.0,1.0,0.0,0.0,0.546875,0.294921875,0.0009790501790121198,1.0,0.0,0.0,0.026782764121890068,0.0,0.00011945530422963202,0.23755088448524475,0.9982062445746528,0.0,0.0,1,0.0,0.0,0.0,0.0017937554253472222,1.0,0.0,0.0,0.0,0.0,0.0,1
0,tiki,3,V,bert.encoder.layer.3.attention.self.value,0.001,31,0,0,0,1.0,0.0,0.0,0.0,0.0,0.0,0.0,0.0,0.0,0.0005936478264629841,1.0,0.0,0.0,1.0,1.0,0.0,1.0,0.0,0.0,0.244140625,0.38671875,0.0019042508210986853,1.0,0.0,0.0,0.06220801919698715,0.0,0.00011639441800070927,0.190040722489357,0.9982927110460069,0.0,0.0,1,0.0,0.0,0.0,0.0017072889539930555,1.0,0.0,0.0,0.0,0.0,0.0,1
0,tiki,3,O,bert.encoder.layer.3.attention.output.dense,0.001,31,0,0,0,1.0,0.0,0.0,0.0,0.0,0.0,0.0,0.0,0.0,0.0006419157143682241,1.0,0.0,0.0,1.0,1.0,0.0,1.0,0.0,0.0,0.15625,0.3984375,0.0024035763926804066,1.0,0.0,0.0,0.04101156070828438,0.0,0.00012316060019657016,0.190040722489357,0.9982113308376737,0.0,0.0,1,0.0,0.0,0.0,0.001788669162326389,1.0,0.0,0.0,0.0,0.0,0.0,1
0,tiki,3,FFN1,bert.encoder.layer.3.intermediate.dense,0.001,31,0,0,0,1.0,0.0,0.0,0.0,0.0,0.0,0.0,0.0,0.0,0.00040110398549586535,1.0,0.0,0.0,1.0,1.0,0.0,1.0,0.0,0.0,0.576171875,0.2265625,0.0010258117690682411,1.0,0.0,0.0,0.007944481447339058,0.0,0.00012054273975081742,0.23755088448524475,0.9982142978244357,0.0,0.0,1,0.0,0.0,0.0,0.001785702175564236,1.0,0.0,0.0,0.0,0.0,0.0,1
0,tiki,3,FFN2,bert.encoder.layer.3.output.dense,0.001,31,0,0,0,1.0,0.0,0.0,0.0,0.0,0.0,0.0,0.0,0.0,0.00024413489154540002,1.0,0.0,0.0,1.0,1.0,0.0,1.0,0.0,0.0,0.650390625,0.1953125,0.0007638108218088746,1.0,0.0,0.0,-0.07017358392477036,0.0,9.228993440046906e-05,0.23755088448524475,0.9986326429578993,0.0,0.0,1,0.0,0.0,0.0,0.0013673570421006945,1.0,0.0,0.0,0.0,0.0,0.0,1
0,tiki,4,Q,bert.encoder.layer.4.attention.self.query,0.001,31,0,0,0,1.0,0.0,0.0,0.0,0.0,0.0,0.0,0.0,0.0,0.00027509703068062663,1.0,0.0,0.0,1.0,1.0,0.0,1.0,0.0,0.0,0.607421875,0.236328125,0.000857094710227102,1.0,0.0,0.0,-0.06480278074741364,0.0,0.00011913308844668791,0.190040722489357,0.9982265896267362,0.0,0.0,1,0.0,0.0,0.0,0.001773410373263889,1.0,0.0,0.0,0.0,0.0,0.0,1
0,tiki,4,K,bert.encoder.layer.4.attention.self.key,0.001,31,0,0,0,1.0,0.0,0.0,0.0,0.0,0.0,0.0,0.0,0.0,0.0002690814435482025,1.0,0.0,0.0,1.0,1.0,0.0,1.0,0.0,0.0,0.55859375,0.279296875,0.0009329410968348384,1.0,0.0,0.0,-0.01818394660949707,0.0,0.00011800540232798085,0.190040722489357,0.9982248942057291,0.0,0.0,1,0.0,0.0,0.0,0.0017751057942708333,1.0,0.0,0.0,0.0,0.0,0.0,1
0,tiki,4,V,bert.encoder.layer.4.attention.self.value,0.001,31,0,0,0,1.0,0.0,0.0,0.0,0.0,0.0,0.0,0.0,0.0,0.0004904838278889656,1.0,0.0,0.0,1.0,1.0,0.0,1.0,0.0,0.0,0.392578125,0.337890625,0.0014015856431797147,1.0,0.0,0.0,-0.02778264507651329,0.0,0.00012138848251197487,0.23755088448524475,0.9981774224175347,0.0,0.0,1,0.0,0.0,0.0,0.0018225775824652778,1.0,0.0,0.0,0.0,0.0,0.0,1
0,tiki,4,O,bert.encoder.layer.4.attention.output.dense,0.001,31,0,0,0,1.0,0.0,0.0,0.0,0.0,0.0,0.0,0.0,0.0,0.0005506720626726747,1.0,0.0,0.0,1.0,1.0,0.0,1.0,0.0,0.0,0.283203125,0.3671875,0.0016834213165566325,1.0,0.0,0.0,0.006260106340050697,0.0,0.00012106631766073406,0.190040722489357,0.9982028537326388,0.0,0.0,1,0.0,0.0,0.0,0.001797146267361111,1.0,0.0,0.0,0.0,0.0,0.0,1
0,tiki,4,FFN1,bert.encoder.layer.4.intermediate.dense,0.001,31,0,0,0,1.0,0.0,0.0,0.0,0.0,0.0,0.0,0.0,0.0,0.00032943757832981646,1.0,0.0,0.0,1.0,1.0,0.0,1.0,0.0,0.0,0.58984375,0.240234375,0.0008853059262037277,1.0,0.0,0.0,0.017781557515263557,0.0,0.00012028092169202864,0.23755088448524475,0.998215569390191,0.0,0.0,1,0.0,0.0,0.0,0.0017844306098090278,1.0,0.0,0.0,0.0,0.0,0.0,1
0,tiki,4,FFN2,bert.encoder.layer.4.output.dense,0.001,31,0,0,0,1.0,0.0,0.0,0.0,0.0,0.0,0.0,0.0,0.0,0.00027061987202614546,1.0,0.0,0.0,1.0,1.0,0.0,1.0,0.0,0.0,0.630859375,0.208984375,0.0007744963513687253,1.0,0.0,0.0,-0.020717032253742218,0.0,8.997412078315392e-05,0.23755088448524475,0.9986673990885416,0.0,0.0,1,0.0,0.0,0.0,0.0013326009114583333,1.0,0.0,0.0,0.0,0.0,0.0,1
0,tiki,5,Q,bert.encoder.layer.5.attention.self.query,0.001,31,0,0,0,1.0,0.0,0.0,0.0,0.0,0.0,0.0,0.0,0.0,0.0002361667575314641,1.0,0.0,0.0,1.0,1.0,0.0,1.0,0.0,0.0,0.60546875,0.2421875,0.0007935178000479937,1.0,0.0,0.0,0.01007827091962099,0.0,0.00011945528967771679,0.23755088448524475,0.9981926812065972,0.0,0.0,1,0.0,0.0,0.0,0.0018073187934027778,1.0,0.0,0.0,0.0,0.0,0.0,1
0,tiki,5,K,bert.encoder.layer.5.attention.self.key,0.001,31,0,0,0,1.0,0.0,0.0,0.0,0.0,0.0,0.0,0.0,0.0,0.00022784271277487278,1.0,0.0,0.0,1.0,1.0,0.0,1.0,0.0,0.0,0.595703125,0.2421875,0.0008274829597212374,1.0,0.0,0.0,0.05147646367549896,0.0,0.00012630205310415477,0.190040722489357,0.9981774224175347,0.0,0.0,1,0.0,0.0,0.0,0.0018225775824652778,1.0,0.0,0.0,0.0,0.0,0.0,1
0,tiki,5,V,bert.encoder.layer.5.attention.self.value,0.001,31,0,0,0,1.0,0.0,0.0,0.0,0.0,0.0,0.0,0.0,0.0,0.000504968804307282,1.0,0.0,0.0,1.0,1.0,0.0,1.0,0.0,0.0,0.4140625,0.310546875,0.0014698985032737255,1.0,0.0,0.0,0.008353572338819504,0.0,0.00012630200944840908,0.23755088448524475,0.9981740315755209,0.0,0.0,1,0.0,0.0,0.0,0.0018259684244791667,1.0,0.0,0.0,0.0,0.0,0.0,1
0,tiki,5,O,bert.encoder.layer.5.attention.output.dense,0.001,31,0,0,0,1.0,0.0,0.0,0.0,0.0,0.0,0.0,0.0,0.0,0.0005027558072470129,1.0,0.0,0.0,1.0,1.0,0.0,1.0,0.0,0.0,0.275390625,0.396484375,0.0018307141726836562,1.0,0.0,0.0,0.025059878826141357,0.0,0.0001258992706425488,0.23755088448524475,0.9981621636284722,0.0,0.0,1,0.0,0.0,0.0,0.0018378363715277778,1.0,0.0,0.0,0.0,0.0,0.0,1
0,tiki,5,FFN1,bert.encoder.layer.5.intermediate.dense,0.001,31,0,0,0,1.0,0.0,0.0,0.0,0.0,0.0,0.0,0.0,0.0,0.00036780000664293766,1.0,0.0,0.0,1.0,1.0,0.0,1.0,0.0,0.0,0.53515625,0.298828125,0.0009669631836004555,1.0,0.0,0.0,-0.02063487470149994,0.0,0.00012203290680190548,0.23755088448524475,0.9981888665093316,0.0,0.0,1,0.0,0.0,0.0,0.0018111334906684028,1.0,0.0,0.0,0.0,0.0,0.0,1
0,tiki,5,FFN2,bert.encoder.layer.5.output.dense,0.001,31,0,0,0,1.0,0.0,0.0,0.0,0.0,0.0,0.0,0.0,0.0,0.00028321356512606144,1.0,0.0,0.0,1.0,1.0,0.0,1.0,0.0,0.0,0.65625,0.21875,0.0006862416048534214,1.0,0.0,0.0,0.03380759805440903,0.0,9.361901902593672e-05,0.23755088448524475,0.9986258612738715,0.0,0.0,1,0.0,0.0,0.0,0.0013741387261284722,1.0,0.0,0.0,0.0,0.0,0.0,1
0,tiki,6,Q,bert.encoder.layer.6.attention.self.query,0.001,31,0,0,0,1.0,0.0,0.0,0.0,0.0,0.0,0.0,0.0,0.0,0.0002877983497455716,1.0,0.0,0.0,1.0,1.0,0.0,1.0,0.0,0.0,0.62890625,0.208984375,0.000844471447635442,1.0,0.0,0.0,0.0010186699219048023,0.0,0.00012090519157936797,0.190040722489357,0.9981909857855903,0.0,0.0,1,0.0,0.0,0.0,0.0018090142144097222,1.0,0.0,0.0,0.0,0.0,0.0,1
0,tiki,6,K,bert.encoder.layer.6.attention.self.key,0.001,31,0,0,0,1.0,0.0,0.0,0.0,0.0,0.0,0.0,0.0,0.0,0.00027159234741702676,1.0,0.0,0.0,1.0,1.0,0.0,1.0,0.0,0.0,0.580078125,0.2578125,0.0008729829569347203,1.0,0.0,0.0,-0.05359037220478058,0.0,0.00011921364784939215,0.23755088448524475,0.9982265896267362,0.0,0.0,1,0.0,0.0,0.0,0.001773410373263889,1.0,0.0,0.0,0.0,0.0,0.0,1
0,tiki,6,V,bert.encoder.layer.6.attention.self.value,0.001,31,0,0,0,1.0,0.0,0.0,0.0,0.0,0.0,0.0,0.0,0.0,0.0006129079847596586,1.0,0.0,0.0,1.0,1.0,0.0,1.0,0.0,0.0,0.3515625,0.341796875,0.0016557753551751375,1.0,0.0,0.0,-0.4650936722755432,0.0,0.00011929419270018116,0.190040722489357,0.9982079399956597,0.0,0.0,1,0.0,0.0,0.0,0.0017920600043402778,1.0,0.0,0.0,0.0,0.0,0.0,1
0,tiki,6,O,bert.encoder.layer.6.attention.output.dense,0.001,31,0,0,0,1.0,0.0,0.0,0.0,0.0,0.0,0.0,0.0,0.0,0.0005806558765470982,1.0,0.0,0.0,1.0,1.0,0.0,1.0,0.0,0.0,0.26953125,0.423828125,0.0017767755780369043,1.0,0.0,0.0,-0.07749518007040024,0.0,0.0001260603457922116,0.23755088448524475,0.9981536865234375,0.0,0.0,1,0.0,0.0,0.0,0.0018463134765625,1.0,0.0,0.0,0.0,0.0,0.0,1
0,tiki,6,FFN1,bert.encoder.layer.6.intermediate.dense,0.001,31,0,0,0,1.0,0.0,0.0,0.0,0.0,0.0,0.0,0.0,0.0,0.00039021740667521954,1.0,0.0,0.0,1.0,1.0,0.0,1.0,0.0,0.0,0.56640625,0.25390625,0.0009773242054507136,1.0,0.0,0.0,-0.0026696512941271067,0.0,0.00012287864228710532,0.23755088448524475,0.9981854756673177,0.0,0.0,1,0.0,0.0,0.0,0.0018145243326822917,1.0,0.0,0.0,0.0,0.0,0.0,1
0,tiki,6,FFN2,bert.encoder.layer.6.output.dense,0.001,31,0,0,0,1.0,0.0,0.0,0.0,0.0,0.0,0.0,0.0,0.0,0.0003758054808713496,1.0,0.0,0.0,1.0,1.0,0.0,1.0,0.0,0.0,0.5859375,0.232421875,0.000957026903051883,1.0,0.0,0.0,0.06519972532987595,0.0,9.285377018386498e-05,0.23755088448524475,0.998636457655165,0.0,0.0,1,0.0,0.0,0.0,0.0013635423448350695,1.0,0.0,0.0,0.0,0.0,0.0,1
0,tiki,7,Q,bert.encoder.layer.7.attention.self.query,0.001,31,0,0,0,1.0,0.0,0.0,0.0,0.0,0.0,0.0,0.0,0.0,0.0002600381849333644,1.0,0.0,0.0,1.0,1.0,0.0,1.0,0.0,0.0,0.65234375,0.208984375,0.000742314790841192,1.0,0.0,0.0,0.003654858795925975,0.0,0.00012219400377944112,0.23755088448524475,0.9981621636284722,0.0,0.0,1,0.0,0.0,0.0,0.0018378363715277778,1.0,0.0,0.0,0.0,0.0,0.0,1
0,tiki,7,K,bert.encoder.layer.7.attention.self.key,0.001,31,0,0,0,1.0,0.0,0.0,0.0,0.0,0.0,0.0,0.0,0.0,0.00023150918423198164,1.0,0.0,0.0,1.0,1.0,0.0,1.0,0.0,0.0,0.70703125,0.162109375,0.0006546819349750876,1.0,0.0,0.0,0.053571175783872604,0.0,0.00012130793766118586,0.190040722489357,0.9982333713107638,0.0,0.0,1,0.0,0.0,0.0,0.001766628689236111,1.0,0.0,0.0,0.0,0.0,0.0,1
0,tiki,7,V,bert.encoder.layer.7.attention.self.value,0.001,31,0,0,0,1.0,0.0,0.0,0.0,0.0,0.0,0.0,0.0,0.0,0.0005444635171443224,1.0,0.0,0.0,1.0,1.0,0.0,1.0,0.0,0.0,0.419921875,0.302734375,0.0015233558369800448,1.0,0.0,0.0,0.026210997253656387,0.0,0.0001205024600494653,0.23755088448524475,0.9981808132595487,0.0,0.0,1,0.0,0.0,0.0,0.001819186740451389,1.0,0.0,0.0,0.0,0.0,0.0,1
0,tiki,7,O,bert.encoder.layer.7.attention.output.dense,0.001,31,0,0,0,1.0,0.0,0.0,0.0,0.0,0.0,0.0,0.0,0.0,0.0005602746969088912,1.0,0.0,0.0,1.0,1.0,0.0,1.0,0.0,0.0,0.328125,0.36328125,0.0017073298804461956,1.0,0.0,0.0,-0.0022937438916414976,0.0,0.0001233217044500634,0.190040722489357,0.9981960720486112,0.0,0.0,1,0.0,0.0,0.0,0.001803927951388889,1.0,0.0,0.0,0.0,0.0,0.0,1
0,tiki,7,FFN1,bert.encoder.layer.7.intermediate.dense,0.001,31,0,0,0,1.0,0.0,0.0,0.0,0.0,0.0,0.0,0.0,0.0,0.00043784244917333126,1.0,0.0,0.0,1.0,1.0,0.0,1.0,0.0,0.0,0.576171875,0.228515625,0.0009528971277177334,1.0,0.0,0.0,-0.05939628183841705,0.0,0.00012535552377812564,0.23755088448524475,0.9981697930230035,0.0,0.0,1,0.0,0.0,0.0,0.0018302069769965278,1.0,0.0,0.0,0.0,0.0,0.0,1
0,tiki,7,FFN2,bert.encoder.layer.7.output.dense,0.001,31,0,0,0,1.0,0.0,0.0,0.0,0.0,0.0,0.0,0.0,0.0,0.0003167284303344786,1.0,0.0,0.0,1.0,1.0,0.0,1.0,0.0,0.0,0.60546875,0.228515625,0.0008431931491941214,1.0,0.0,0.0,-0.0237423088401556,0.0,9.200799104291946e-05,0.23755088448524475,0.998634762234158,0.0,0.0,1,0.0,0.0,0.0,0.001365237765842014,1.0,0.0,0.0,0.0,0.0,0.0,1
0,tiki,8,Q,bert.encoder.layer.8.attention.self.query,0.001,31,0,0,0,1.0,0.0,0.0,0.0,0.0,0.0,0.0,0.0,0.0,0.00034224853152409196,1.0,0.0,0.0,1.0,1.0,0.0,1.0,0.0,0.0,0.625,0.23828125,0.0007785442285239697,1.0,0.0,0.0,0.0376264788210392,0.0,0.00012130797404097393,0.23755088448524475,0.9981926812065972,0.0,0.0,1,0.0,0.0,0.0,0.0018073187934027778,1.0,0.0,0.0,0.0,0.0,0.0,1
0,tiki,8,K,bert.encoder.layer.8.attention.self.key,0.001,31,0,0,0,1.0,0.0,0.0,0.0,0.0,0.0,0.0,0.0,0.0,0.00027417170349508524,1.0,0.0,0.0,1.0,1.0,0.0,1.0,0.0,0.0,0.60546875,0.2265625,0.0009071126696653664,1.0,0.0,0.0,0.09769196808338165,0.0,0.00012340224930085242,0.23755088448524475,0.9981943766276041,0.0,0.0,1,0.0,0.0,0.0,0.0018056233723958333,1.0,0.0,0.0,0.0,0.0,0.0,1
0,tiki,8,V,bert.encoder.layer.8.attention.self.value,0.001,31,0,0,0,1.0,0.0,0.0,0.0,0.0,0.0,0.0,0.0,0.0,0.00044725724728778005,1.0,0.0,0.0,1.0,1.0,0.0,1.0,0.0,0.0,0.4296875,0.314453125,0.0013602983672171831,1.0,0.0,0.0,-0.23563861846923828,0.0,0.0001268658525077626,0.190040722489357,0.9981604682074653,0.0,0.0,1,0.0,0.0,0.0,0.0018395317925347222,1.0,0.0,0.0,0.0,0.0,0.0,1
0,tiki,8,O,bert.encoder.layer.8.attention.output.dense,0.001,31,0,0,0,1.0,0.0,0.0,0.0,0.0,0.0,0.0,0.0,0.0,0.000528898905031383,1.0,0.0,0.0,1.0,1.0,0.0,1.0,0.0,0.0,0.3828125,0.37109375,0.001413659192621708,1.0,0.0,0.0,-0.06560618430376053,0.0,0.00012034136307192966,0.190040722489357,0.9981655544704862,0.0,0.0,1,0.0,0.0,0.0,0.001834445529513889,1.0,0.0,0.0,0.0,0.0,0.0,1
0,tiki,8,FFN1,bert.encoder.layer.8.intermediate.dense,0.001,31,0,0,0,1.0,0.0,0.0,0.0,0.0,0.0,0.0,0.0,0.0,0.0004337191639933735,1.0,0.0,0.0,1.0,1.0,0.0,1.0,0.0,0.0,0.615234375,0.216796875,0.0009187719551846385,1.0,0.0,0.0,0.017362071201205254,0.0,0.00012479169527068734,0.23755088448524475,0.9981714884440104,0.0,0.0,1,0.0,0.0,0.0,0.0018285115559895833,1.0,0.0,0.0,0.0,0.0,0.0,1
0,tiki,8,FFN2,bert.encoder.layer.8.output.dense,0.001,31,0,0,0,1.0,0.0,0.0,0.0,0.0,0.0,0.0,0.0,0.0,0.0003318559902254492,1.0,0.0,0.0,1.0,1.0,0.0,1.0,0.0,0.0,0.580078125,0.251953125,0.0008668658556416631,1.0,0.0,0.0,0.012583271600306034,0.0,9.138372843153775e-05,0.190040722489357,0.9986343383789062,0.0,0.0,1,0.0,0.0,0.0,0.00136566162109375,1.0,0.0,0.0,0.0,0.0,0.0,1
0,tiki,9,Q,bert.encoder.layer.9.attention.self.query,0.001,31,0,0,0,1.0,0.0,0.0,0.0,0.0,0.0,0.0,0.0,0.0,0.00031209178268909454,1.0,0.0,0.0,1.0,1.0,0.0,1.0,0.0,0.0,0.673828125,0.19140625,0.0007042072247713804,1.0,0.0,0.0,-0.0154258506372571,0.0,0.00012380497355479747,0.2850610911846161,0.9981808132595487,0.0,0.0,1,0.0,0.0,0.0,0.001819186740451389,1.0,0.0,0.0,0.0,0.0,0.0,1
0,tiki,9,K,bert.encoder.layer.9.attention.self.key,0.001,31,0,0,0,1.0,0.0,0.0,0.0,0.0,0.0,0.0,0.0,0.0,0.0002760895004030317,1.0,0.0,0.0,1.0,1.0,0.0,1.0,0.0,0.0,0.6484375,0.201171875,0.0007633761269971728,1.0,0.0,0.0,0.0015822261339053512,0.0,0.0001263825542991981,0.190040722489357,0.9981401231553819,0.0,0.0,1,0.0,0.0,0.0,0.0018598768446180555,1.0,0.0,0.0,0.0,0.0,0.0,1
0,tiki,9,V,bert.encoder.layer.9.attention.self.value,0.001,31,0,0,0,1.0,0.0,0.0,0.0,0.0,0.0,0.0,0.0,0.0,0.0005823989631608129,1.0,0.0,0.0,1.0,1.0,0.0,1.0,0.0,0.0,0.390625,0.33203125,0.0014691619435325265,1.0,0.0,0.0,-0.049930866807699203,0.0,0.00011945530422963202,0.190040722489357,0.9981655544704862,0.0,0.0,1,0.0,0.0,0.0,0.001834445529513889,1.0,0.0,0.0,0.0,0.0,0.0,1
0,tiki,9,O,bert.encoder.layer.9.attention.output.dense,0.001,31,0,0,0,1.0,0.0,0.0,0.0,0.0,0.0,0.0,0.0,0.0,0.0006567540112882853,1.0,0.0,0.0,1.0,1.0,0.0,1.0,0.0,0.0,0.330078125,0.361328125,0.0015951533569023013,1.0,0.0,0.0,0.012735093012452126,0.0,0.0001229189510922879,0.190040722489357,0.9981926812065972,0.0,0.0,1,0.0,0.0,0.0,0.0018073187934027778,1.0,0.0,0.0,0.0,0.0,0.0,1
0,tiki,9,FFN1,bert.encoder.layer.9.intermediate.dense,0.001,31,0,0,0,1.0,0.0,0.0,0.0,0.0,0.0,0.0,0.0,0.0,0.0003955736174248159,1.0,0.0,0.0,1.0,1.0,0.0,1.0,0.0,0.0,0.62890625,0.21484375,0.0007915032329037786,1.0,0.0,0.0,0.016393493860960007,0.0,0.00012205296661704779,0.23755088448524475,0.9981973436143663,0.0,0.0,1,0.0,0.0,0.0,0.0018026563856336805,1.0,0.0,0.0,0.0,0.0,0.0,1
0,tiki,9,FFN2,bert.encoder.layer.9.output.dense,0.001,31,0,0,0,1.0,0.0,0.0,0.0,0.0,0.0,0.0,0.0,0.0,0.00030099303694441915,1.0,0.0,0.0,1.0,1.0,0.0,1.0,0.0,0.0,0.62890625,0.2109375,0.0008029163582250476,1.0,0.0,0.0,-0.0072691612876951694,0.0,9.00949671631679e-05,0.23755088448524475,0.9986470540364584,0.0,0.0,1,0.0,0.0,0.0,0.0013529459635416667,1.0,0.0,0.0,0.0,0.0,0.0,1
0,tiki,10,Q,bert.encoder.layer.10.attention.self.query,0.001,31,0,0,0,1.0,0.0,0.0,0.0,0.0,0.0,0.0,0.0,0.0,0.000295299687422812,1.0,0.0,0.0,1.0,1.0,0.0,1.0,0.0,0.0,0.7578125,0.15625,0.000491795246489346,1.0,0.0,0.0,0.01570058800280094,0.0,0.00012396607780829072,0.23755088448524475,0.9981655544704862,0.0,0.0,1,0.0,0.0,0.0,0.001834445529513889,1.0,0.0,0.0,0.0,0.0,0.0,1
0,tiki,10,K,bert.encoder.layer.10.attention.self.key,0.001,31,0,0,0,1.0,0.0,0.0,0.0,0.0,0.0,0.0,0.0,0.0,0.00025835965061560273,1.0,0.0,0.0,1.0,1.0,0.0,1.0,0.0,0.0,0.681640625,0.1796875,0.0006739018717780709,1.0,0.0,0.0,-0.04112384095788002,0.0,0.00012211344437673688,0.190040722489357,0.9981723361545138,0.0,0.0,1,0.0,0.0,0.0,0.001827663845486111,1.0,0.0,0.0,0.0,0.0,0.0,1
0,tiki,10,V,bert.encoder.layer.10.attention.self.value,0.001,31,0,0,0,1.0,0.0,0.0,0.0,0.0,0.0,0.0,0.0,0.0,0.0005404014373198152,1.0,0.0,0.0,1.0,1.0,0.0,1.0,0.0,0.0,0.431640625,0.296875,0.0014810188440605998,1.0,0.0,0.0,-0.2598194181919098,0.0,0.0001213884970638901,0.23755088448524475,0.9982096354166666,0.0,0.0,1,0.0,0.0,0.0,0.0017903645833333333,1.0,0.0,0.0,0.0,0.0,0.0,1
0,tiki,10,O,bert.encoder.layer.10.attention.output.dense,0.001,31,0,0,0,1.0,0.0,0.0,0.0,0.0,0.0,0.0,0.0,0.0,0.0005655281711369753,1.0,0.0,0.0,1.0,1.0,0.0,1.0,0.0,0.0,0.4375,0.29296875,0.001382379443384707,1.0,0.0,0.0,0.012122372165322304,0.0,0.00012001915456494316,0.23755088448524475,0.9982350667317709,0.0,0.0,1,0.0,0.0,0.0,0.0017649332682291667,1.0,0.0,0.0,0.0,0.0,0.0,1
0,tiki,10,FFN1,bert.encoder.layer.10.intermediate.dense,0.001,31,0,0,0,1.0,0.0,0.0,0.0,0.0,0.0,0.0,0.0,0.0,0.00034897075966000557,1.0,0.0,0.0,1.0,1.0,0.0,1.0,0.0,0.0,0.62890625,0.203125,0.0007923724479041994,1.0,0.0,0.0,-0.034397974610328674,0.0,0.00011919352255063131,0.23755088448524475,0.9982215033637153,0.0,0.0,1,0.0,0.0,0.0,0.0017784966362847222,1.0,0.0,0.0,0.0,0.0,0.0,1
0,tiki,10,FFN2,bert.encoder.layer.10.output.dense,0.001,31,0,0,0,1.0,0.0,0.0,0.0,0.0,0.0,0.0,0.0,0.0,0.0003368348116055131,1.0,0.0,0.0,1.0,1.0,0.0,1.0,0.0,0.0,0.6171875,0.23046875,0.0008001629030331969,1.0,0.0,0.0,0.003710308112204075,0.0,9.341756958747283e-05,0.23755088448524475,0.998626708984375,0.0,0.0,1,0.0,0.0,0.0,0.001373291015625,1.0,0.0,0.0,0.0,0.0,0.0,1
0,tiki,11,Q,bert.encoder.layer.11.attention.self.query,0.001,31,0,0,0,1.0,0.0,0.0,0.0,0.0,0.0,0.0,0.0,0.0,0.0002523203438613564,1.0,0.0,0.0,1.0,1.0,0.0,1.0,0.0,0.0,0.8046875,0.12109375,0.0004069091519340873,1.0,0.0,0.0,0.08024891465902328,0.0,0.0001177637604996562,0.190040722489357,0.9981909857855903,0.0,0.0,1,0.0,0.0,0.0,0.0018090142144097222,1.0,0.0,0.0,0.0,0.0,0.0,1
0,tiki,11,K,bert.encoder.layer.11.attention.self.key,0.001,31,0,0,0,1.0,0.0,0.0,0.0,0.0,0.0,0.0,0.0,0.0,0.00024858114193193614,1.0,0.0,0.0,1.0,1.0,0.0,1.0,0.0,0.0,0.658203125,0.20703125,0.0006986850639805198,1.0,0.0,0.0,0.048050642013549805,0.0,0.00012299948139116168,0.190040722489357,0.9981621636284722,0.0,0.0,1,0.0,0.0,0.0,0.0018378363715277778,1.0,0.0,0.0,0.0,0.0,0.0,1
0,tiki,11,V,bert.encoder.layer.11.attention.self.value,0.001,31,0,0,0,1.0,0.0,0.0,0.0,0.0,0.0,0.0,0.0,0.0,0.0004923351807519794,1.0,0.0,0.0,1.0,1.0,0.0,1.0,0.0,0.0,0.57421875,0.255859375,0.0009490135125815868,1.0,0.0,0.0,-0.025432277470827103,0.0,0.00012606038944795728,0.190040722489357,0.9981452094184028,0.0,0.0,1,0.0,0.0,0.0,0.0018547905815972222,1.0,0.0,0.0,0.0,0.0,0.0,1
0,tiki,11,O,bert.encoder.layer.11.attention.output.dense,0.001,31,0,0,0,1.0,0.0,0.0,0.0,0.0,0.0,0.0,0.0,0.0,0.0005143489106558263,1.0,0.0,0.0,1.0,1.0,0.0,1.0,0.0,0.0,0.552734375,0.263671875,0.001031993655487895,1.0,0.0,0.0,-0.050299324095249176,0.0,0.00012855739623773843,0.23755088448524475,0.9981401231553819,0.0,0.0,1,0.0,0.0,0.0,0.0018598768446180555,1.0,0.0,0.0,0.0,0.0,0.0,1
0,tiki,11,FFN1,bert.encoder.layer.11.intermediate.dense,0.001,31,0,0,0,1.0,0.0,0.0,0.0,0.0,0.0,0.0,0.0,0.0,0.00047276023542508483,1.0,0.0,0.0,1.0,1.0,0.0,1.0,0.0,0.0,0.677734375,0.166015625,0.000773316714912653,1.0,0.0,0.0,0.01156088337302208,0.0,0.0001242278958670795,0.23755088448524475,0.9981736077202691,0.0,0.0,1,0.0,0.0,0.0,0.0018263922797309028,1.0,0.0,0.0,0.0,0.0,0.0,1
0,tiki,11,FFN2,bert.encoder.layer.11.output.dense,0.001,31,0,0,0,1.0,0.0,0.0,0.0,0.0,0.0,0.0,0.0,0.001953125,0.0003836950345430523,1.0,0.0,0.0,1.0,1.0,0.0,1.0,0.0,0.0,0.58203125,0.234375,0.0009208837291225791,1.0,0.0,0.0,0.048872411251068115,0.0,9.239058999810368e-05,0.23755088448524475,0.9986300998263888,0.0,0.0,1,0.0,0.0,0.0,0.001369900173611111,1.0,0.0,0.0,0.0,0.0,0.0,1
1,tiki,0,Q,bert.encoder.layer.0.attention.self.query,0.001,31,0,0,0,1.0,0.0,0.0,0.0,0.0,0.0,0.0,0.0,0.0,0.000206111537409015,1.0,0.0,0.0,1.0,1.0,0.0,1.0,0.0,0.0,0.0,0.0078125,0.13721755146980286,1.0,0.0,0.0,0.09790714830160141,0.0,0.0004672692157328129,0.5701221823692322,0.9959598117404513,0.0,0.0,1,0.0,0.0,0.0,0.004040188259548611,1.0,0.0,0.0,0.0,0.0,0.0,1
1,tiki,0,K,bert.encoder.layer.0.attention.self.key,0.001,31,0,0,0,1.0,0.0,0.0,0.0,0.0,0.0,0.0,0.0,0.0,0.00017541885608807206,1.0,0.0,0.0,1.0,1.0,0.0,1.0,0.0,0.0,0.0,0.013671875,0.1631995439529419,1.0,0.0,0.0,0.006403954699635506,0.0,0.0005512021016329527,0.8551832437515259,0.9959038628472222,0.0,0.0,1,0.0,0.0,0.0,0.004096137152777778,1.0,0.0,0.0,0.0,0.0,0.0,1
1,tiki,0,V,bert.encoder.layer.0.attention.self.value,0.001,31,0,0,0,1.0,0.0,0.0,0.0,0.0,0.0,0.0,0.0,0.0,0.0004561624373309314,1.0,0.0,0.0,1.0,1.0,0.0,1.0,0.0,0.0,0.0,0.00390625,0.1651288866996765,1.0,0.0,0.0,-0.05410313606262207,0.0,0.00045679754111915827,0.8551832437515259,0.9959445529513888,0.0,0.0,1,0.0,0.0,0.0,0.004055447048611111,1.0,0.0,0.0,0.0,0.0,0.0,1
1,tiki,0,O,bert.encoder.layer.0.attention.output.dense,0.001,31,0,0,0,1.0,0.0,0.0,0.0,0.0,0.0,0.0,0.0,0.0,0.0005011190078221262,1.0,0.0,0.0,1.0,1.0,0.0,1.0,0.0,0.0,0.0,0.01171875,0.1314346045255661,1.0,0.0,0.0,0.041276730597019196,0.0,0.0004150728927925229,0.5226119756698608,0.9959377712673612,0.0,0.0,1,0.0,0.0,0.0,0.004062228732638889,1.0,0.0,0.0,0.0,0.0,0.0,1
1,tiki,0,FFN1,bert.encoder.layer.0.intermediate.dense,0.001,31,0,0,0,1.0,0.0,0.0,0.0,0.0,0.0,0.0,0.0,0.0,0.00032687600469216704,1.0,0.0,0.0,1.0,1.0,0.0,1.0,0.0,0.0,0.0,0.0625,0.03648584336042404,1.0,0.0,0.0,0.04563611000776291,0.0,0.0002822665264829993,0.42759162187576294,0.9962128533257378,0.0,0.0,1,0.0,0.0,0.0,0.003787146674262153,1.0,0.0,0.0,0.0,0.0,0.0,1
1,tiki,0,FFN2,bert.encoder.layer.0.output.dense,0.001,31,0,0,0,1.0,0.0,0.0,0.0,0.0,0.0,0.0,0.0,0.0,0.00022644925047643483,1.0,0.0,0.0,1.0,1.0,0.0,1.0,0.0,0.0,0.0,0.06640625,0.04705708473920822,1.0,0.0,0.0,0.02217920869588852,0.0,0.00020199867140036076,0.33257126808166504,0.9972271389431424,0.0,0.0,1,0.0,0.0,0.0,0.002772861056857639,1.0,0.0,0.0,0.0,0.0,0.0,1
1,tiki,1,Q,bert.encoder.layer.1.attention.self.query,0.001,31,0,0,0,1.0,0.0,0.0,0.0,0.0,0.0,0.0,0.0,0.0,0.00040628903661854565,1.0,0.0,0.0,1.0,1.0,0.0,1.0,0.0,0.0,0.0,0.00390625,0.10385522991418839,1.0,0.0,0.0,-0.05486002191901207,0.0,0.0004342437896411866,0.6176323890686035,0.9959530300564237,0.0,0.0,1,0.0,0.0,0.0,0.004046969943576389,1.0,0.0,0.0,0.0,0.0,0.0,1
1,tiki,1,K,bert.encoder.layer.1.attention.self.key,0.001,31,0,0,0,1.0,0.0,0.0,0.0,0.0,0.0,0.0,0.0,0.0,0.00023950240574777126,1.0,0.0,0.0,1.0,1.0,0.0,1.0,0.0,0.0,0.0,0.017578125,0.12026816606521606,1.0,0.0,0.0,0.15037934482097626,0.0,0.00046364436275325716,0.6651425361633301,0.9958648681640625,0.0,0.0,1,0.0,0.0,0.0,0.0041351318359375,1.0,0.0,0.0,0.0,0.0,0.0,1
1,tiki,1,V,bert.encoder.layer.1.attention.self.value,0.001,31,0,0,0,1.0,0.0,0.0,0.0,0.0,0.0,0.0,0.0,0.0,0.0005059307441115379,1.0,0.0,0.0,1.0,1.0,0.0,1.0,0.0,0.0,0.0,0.005859375,0.1377839893102646,1.0,0.0,0.0,0.005287406966090202,0.0,0.0004461651260498911,0.6176323890686035,0.995941162109375,0.0,0.0,1,0.0,0.0,0.0,0.004058837890625,1.0,0.0,0.0,0.0,0.0,0.0,1
1,tiki,1,O,bert.encoder.layer.1.attention.output.dense,0.001,31,0,0,0,1.0,0.0,0.0,0.0,0.0,0.0,0.0,0.0,0.0,0.0005035700742155313,1.0,0.0,0.0,1.0,1.0,0.0,1.0,0.0,0.0,0.0,0.013671875,0.13611721992492676,1.0,0.0,0.0,0.04334373399615288,0.0,0.0005988069460727274,0.9977138042449951,0.9958682590060763,0.0,0.0,1,0.0,0.0,0.0,0.004131740993923611,1.0,0.0,0.0,0.0,0.0,0.0,1
1,tiki,1,FFN1,bert.encoder.layer.1.intermediate.dense,0.001,31,0,0,0,1.0,0.0,0.0,0.0,0.0,0.0,0.0,0.0,0.0,0.00028386974008753896,1.0,0.0,0.0,1.0,1.0,0.0,1.0,0.0,0.0,0.001953125,0.06640625,0.03853371739387512,1.0,0.0,0.0,0.11808869987726212,0.0,0.0002918317331932485,0.8551832437515259,0.996209462483724,0.0,0.0,1,0.0,0.0,0.0,0.0037905375162760415,1.0,0.0,0.0,0.0,0.0,0.0,1
1,tiki,1,FFN2,bert.encoder.layer.1.output.dense,0.001,31,0,0,0,1.0,0.0,0.0,0.0,0.0,0.0,0.0,0.0,0.0,0.00023798256006557494,1.0,0.0,0.0,1.0,1.0,0.0,1.0,0.0,0.0,0.0,0.046875,0.047595877200365067,1.0,0.0,0.0,-0.02936749905347824,0.0,0.00024211233539972454,0.5701221823692322,0.9970991346571181,0.0,0.0,1,0.0,0.0,0.0,0.0029008653428819445,1.0,0.0,0.0,0.0,0.0,0.0,1
1,tiki,2,Q,bert.encoder.layer.2.attention.self.query,0.001,31,0,0,0,1.0,0.0,0.0,0.0,0.0,0.0,0.0,0.0,0.0,0.0002221444301540032,1.0,0.0,0.0,1.0,1.0,0.0,1.0,0.0,0.0,0.0,0.0234375,0.0883960947394371,1.0,0.0,0.0,-0.04347885400056839,0.0,0.00039976846892386675,0.760162889957428,0.9960462782118056,0.0,0.0,1,0.0,0.0,0.0,0.003953721788194444,1.0,0.0,0.0,0.0,0.0,0.0,1
1,tiki,2,K,bert.encoder.layer.2.attention.self.key,0.001,31,0,0,0,1.0,0.0,0.0,0.0,0.0,0.0,0.0,0.0,0.0,0.00018280441872775555,1.0,0.0,0.0,1.0,1.0,0.0,1.0,0.0,0.0,0.0,0.015625,0.10084724426269531,1.0,0.0,0.0,0.011478353291749954,0.0,0.0004134619957767427,0.6651425361633301,0.9960225423177084,0.0,0.0,1,0.0,0.0,0.0,0.003977457682291667,1.0,0.0,0.0,0.0,0.0,0.0,1
1,tiki,2,V,bert.encoder.layer.2.attention.self.value,0.001,31,0,0,0,1.0,0.0,0.0,0.0,0.0,0.0,0.0,0.0,0.0,0.0005569445202127099,1.0,0.0,0.0,1.0,1.0,0.0,1.0,0.0,0.0,0.0,0.025390625,0.09182475507259369,1.0,0.0,0.0,-0.10901392251253128,0.0,0.00042417494114488363,0.6176323890686035,0.9960496690538194,0.0,0.0,1,0.0,0.0,0.0,0.003950330946180556,1.0,0.0,0.0,0.0,0.0,0.0,1
1,tiki,2,O,bert.encoder.layer.2.attention.output.dense,0.001,31,0,0,0,1.0,0.0,0.0,0.0,0.0,0.0,0.0,0.0,0.0,0.00059985596453771,1.0,0.0,0.0,1.0,1.0,0.0,1.0,0.0,0.0,0.0,0.03125,0.09980462491512299,1.0,0.0,0.0,0.11306726187467575,0.0,0.0004313438548706472,0.6651425361633301,0.9959547254774306,0.0,0.0,1,0.0,0.0,0.0,0.004045274522569444,1.0,0.0,0.0,0.0,0.0,0.0,1
1,tiki,2,FFN1,bert.encoder.layer.2.intermediate.dense,0.001,31,0,0,0,1.0,0.0,0.0,0.0,0.0,0.0,0.0,0.0,0.0,0.00029526097932830453,1.0,0.0,0.0,1.0,1.0,0.0,1.0,0.0,0.0,0.0,0.072265625,0.03524727746844292,1.0,0.0,0.0,0.002461842028424144,0.0,0.00029229477513581514,0.42759162187576294,0.9962064954969618,0.0,0.0,1,0.0,0.0,0.0,0.0037935045030381945,1.0,0.0,0.0,0.0,0.0,0.0,1
1,tiki,2,FFN2,bert.encoder.layer.2.output.dense,0.001,31,0,0,0,1.0,0.0,0.0,0.0,0.0,0.0,0.0,0.0,0.0,0.00022519838239531964,1.0,0.0,0.0,1.0,1.0,0.0,1.0,0.0,0.0,0.0,0.037109375,0.05182342231273651,1.0,0.0,0.0,0.03121979907155037,0.0,0.00022932507272344083,0.380081444978714,0.9971309238009982,0.0,0.0,1,0.0,0.0,0.0,0.002869076199001736,1.0,0.0,0.0,0.0,0.0,0.0,1
1,tiki,3,Q,bert.encoder.layer.3.attention.self.query,0.001,31,0,0,0,1.0,0.0,0.0,0.0,0.0,0.0,0.0,0.0,0.0,0.00023479909577872604,1.0,0.0,0.0,1.0,1.0,0.0,1.0,0.0,0.0,0.0,0.015625,0.09368325769901276,1.0,0.0,0.0,-0.01280349213629961,0.0,0.0004157978401053697,0.760162889957428,0.9959615071614584,0.0,0.0,1,0.0,0.0,0.0,0.004038492838541667,1.0,0.0,0.0,0.0,0.0,0.0,1
1,tiki,3,K,bert.encoder.layer.3.attention.self.key,0.001,31,0,0,0,1.0,0.0,0.0,0.0,0.0,0.0,0.0,0.0,0.0,0.00020237670105416328,1.0,0.0,0.0,1.0,1.0,0.0,1.0,0.0,0.0,0.0,0.01953125,0.08497320115566254,1.0,0.0,0.0,0.0639500543475151,0.0,0.0003868804778903723,0.6651425361633301,0.9960394965277778,0.0,0.0,1,0.0,0.0,0.0,0.003960503472222222,1.0,0.0,0.0,0.0,0.0,0.0,1
1,tiki,3,V,bert.encoder.layer.3.attention.self.value,0.001,31,0,0,0,1.0,0.0,0.0,0.0,0.0,0.0,0.0,0.0,0.0,0.0005315704620443285,1.0,0.0,0.0,1.0,1.0,0.0,1.0,0.0,0.0,0.0,0.015625,0.09640714526176453,1.0,0.0,0.0,-0.01451892964541912,0.0,0.000442459830082953,0.950203537940979,0.9961157904730903,0.0,0.0,1,0.0,0.0,0.0,0.003884209526909722,1.0,0.0,0.0,0.0,0.0,0.0,1
1,tiki,3,O,bert.encoder.layer.3.attention.output.dense,0.001,31,0,0,0,1.0,0.0,0.0,0.0,0.0,0.0,0.0,0.0,0.0,0.0005209730006754398,1.0,0.0,0.0,1.0,1.0,0.0,1.0,0.0,0.0,0.0,0.017578125,0.08774150907993317,1.0,0.0,0.0,0.05728616192936897,0.0,0.0003512774419505149,0.5226119756698608,0.9960818820529513,0.0,0.0,1,0.0,0.0,0.0,0.003918117947048611,1.0,0.0,0.0,0.0,0.0,0.0,1
1,tiki,3,FFN1,bert.encoder.layer.3.intermediate.dense,0.001,31,0,0,0,1.0,0.0,0.0,0.0,0.0,0.0,0.0,0.0,0.0,0.0003569283289834857,1.0,0.0,0.0,1.0,1.0,0.0,1.0,0.0,0.0,0.0,0.0546875,0.03813798725605011,1.0,0.0,0.0,-0.05757146328687668,0.0,0.0002950739290099591,0.5226119756698608,0.9962259928385416,0.0,0.0,1,0.0,0.0,0.0,0.0037740071614583335,1.0,0.0,0.0,0.0,0.0,0.0,1
1,tiki,3,FFN2,bert.encoder.layer.3.output.dense,0.001,31,0,0,0,1.0,0.0,0.0,0.0,0.0,0.0,0.0,0.0,0.0,0.00019148128922097385,1.0,0.0,0.0,1.0,1.0,0.0,1.0,0.0,0.0,0.0,0.041015625,0.054024286568164825,1.0,0.0,0.0,-0.0032017400953918695,0.0,0.00023645375040359795,0.380081444978714,0.9970978630913628,0.0,0.0,1,0.0,0.0,0.0,0.002902136908637153,1.0,0.0,0.0,0.0,0.0,0.0,1
1,tiki,4,Q,bert.encoder.layer.4.attention.self.query,0.001,31,0,0,0,1.0,0.0,0.0,0.0,0.0,0.0,0.0,0.0,0.0,0.00023419929493684322,1.0,0.0,0.0,1.0,1.0,0.0,1.0,0.0,0.0,0.0,0.03515625,0.0804436132311821,1.0,0.0,0.0,-0.11709034442901611,0.0,0.00037721460103057325,0.4751017689704895,0.9960038926866319,0.0,0.0,1,0.0,0.0,0.0,0.003996107313368056,1.0,0.0,0.0,0.0,0.0,0.0,1
1,tiki,4,K,bert.encoder.layer.4.attention.self.key,0.001,31,0,0,0,1.0,0.0,0.0,0.0,0.0,0.0,0.0,0.0,0.0,0.00017808142001740634,1.0,0.0,0.0,1.0,1.0,0.0,1.0,0.0,0.0,0.0,0.015625,0.0715109258890152,1.0,0.0,0.0,-0.05719194561243057,0.0,0.0003613462904468179,0.6651425361633301,0.9960886637369791,0.0,0.0,1,0.0,0.0,0.0,0.003911336263020833,1.0,0.0,0.0,0.0,0.0,0.0,1
1,tiki,4,V,bert.encoder.layer.4.attention.self.value,0.001,31,0,0,0,1.0,0.0,0.0,0.0,0.0,0.0,0.0,0.0,0.0,0.0003379523113835603,1.0,0.0,0.0,1.0,1.0,0.0,1.0,0.0,0.0,0.0,0.0234375,0.10825981199741364,1.0,0.0,0.0,0.05630064383149147,0.0,0.00042095305980183184,0.7126526832580566,0.9959852430555556,0.0,0.0,1,0.0,0.0,0.0,0.004014756944444444,1.0,0.0,0.0,0.0,0.0,0.0,1
1,tiki,4,O,bert.encoder.layer.4.attention.output.dense,0.001,31,0,0,0,1.0,0.0,0.0,0.0,0.0,0.0,0.0,0.0,0.0,0.00038308679359033704,1.0,0.0,0.0,1.0,1.0,0.0,1.0,0.0,0.0,0.0,0.017578125,0.1061607077717781,1.0,0.0,0.0,0.06303578615188599,0.0,0.00041225363384000957,0.760162889957428,0.9959869384765625,0.0,0.0,1,0.0,0.0,0.0,0.0040130615234375,1.0,0.0,0.0,0.0,0.0,0.0,1
1,tiki,4,FFN1,bert.encoder.layer.4.intermediate.dense,0.001,31,0,0,0,1.0,0.0,0.0,0.0,0.0,0.0,0.0,0.0,0.0,0.00025577060296200216,1.0,0.0,0.0,1.0,1.0,0.0,1.0,0.0,0.0,0.0,0.07421875,0.03579236567020416,1.0,0.0,0.0,0.06572258472442627,0.0,0.0002894756617024541,0.42759162187576294,0.9962357415093316,0.0,0.0,1,0.0,0.0,0.0,0.003764258490668403,1.0,0.0,0.0,0.0,0.0,0.0,1
1,tiki,4,FFN2,bert.encoder.layer.4.output.dense,0.001,31,0,0,0,1.0,0.0,0.0,0.0,0.0,0.0,0.0,0.0,0.0,0.0002058531390503049,1.0,0.0,0.0,1.0,1.0,0.0,1.0,0.0,0.0,0.001953125,0.02734375,0.05885865539312363,1.0,0.0,0.0,-0.012240891344845295,0.0,0.0002248948730994016,0.4751017689704895,0.9971461825900607,0.0,0.0,1,0.0,0.0,0.0,0.002853817409939236,1.0,0.0,0.0,0.0,0.0,0.0,1
1,tiki,5,Q,bert.encoder.layer.5.attention.self.query,0.001,31,0,0,0,1.0,0.0,0.0,0.0,0.0,0.0,0.0,0.0,0.0,0.0001639482652535662,1.0,0.0,0.0,1.0,1.0,0.0,1.0,0.0,0.0,0.0,0.033203125,0.07375842332839966,1.0,0.0,0.0,0.002236309228464961,0.0,0.00034491403494030237,0.4751017689704895,0.9960869683159722,0.0,0.0,1,0.0,0.0,0.0,0.003913031684027778,1.0,0.0,0.0,0.0,0.0,0.0,1
1,tiki,5,K,bert.encoder.layer.5.attention.self.key,0.001,31,0,0,0,1.0,0.0,0.0,0.0,0.0,0.0,0.0,0.0,0.0,0.0001367985678371042,1.0,0.0,0.0,1.0,1.0,0.0,1.0,0.0,0.0,0.0,0.021484375,0.06828363239765167,1.0,0.0,0.0,-0.012318948283791542,0.0,0.00036215162253938615,0.7126526832580566,0.9960479736328125,0.0,0.0,1,0.0,0.0,0.0,0.0039520263671875,1.0,0.0,0.0,0.0,0.0,0.0,1
1,tiki,5,V,bert.encoder.layer.5.attention.self.value,0.001,31,0,0,0,1.0,0.0,0.0,0.0,0.0,0.0,0.0,0.0,0.0,0.00035582343116402626,1.0,0.0,0.0,1.0,1.0,0.0,1.0,0.0,0.0,0.0,0.02734375,0.08526694774627686,1.0,0.0,0.0,-0.02971605770289898,0.0,0.0003725426213350147,0.760162889957428,0.9960208468967013,0.0,0.0,1,0.0,0.0,0.0,0.003979153103298611,1.0,0.0,0.0,0.0,0.0,0.0,1
1,tiki,5,O,bert.encoder.layer.5.attention.output.dense,0.001,31,0,0,0,1.0,0.0,0.0,0.0,0.0,0.0,0.0,0.0,0.0,0.0004386880318634212,1.0,0.0,0.0,1.0,1.0,0.0,1.0,0.0,0.0,0.0,0.013671875,0.09886221587657928,1.0,0.0,0.0,0.027000792324543,0.0,0.00044197647366672754,0.9977138042449951,0.9959259033203125,0.0,0.0,1,0.0,0.0,0.0,0.0040740966796875,1.0,0.0,0.0,0.0,0.0,0.0,1
1,tiki,5,FFN1,bert.encoder.layer.5.intermediate.dense,0.001,31,0,0,0,1.0,0.0,0.0,0.0,0.0,0.0,0.0,0.0,0.0,0.0003239142242819071,1.0,0.0,0.0,1.0,1.0,0.0,1.0,0.0,0.0,0.0,0.076171875,0.038014717400074005,1.0,0.0,0.0,0.03404494374990463,0.0,0.00029442942468449473,0.4751017689704895,0.9962107340494791,0.0,0.0,1,0.0,0.0,0.0,0.0037892659505208335,1.0,0.0,0.0,0.0,0.0,0.0,1
1,tiki,5,FFN2,bert.encoder.layer.5.output.dense,0.001,31,0,0,0,1.0,0.0,0.0,0.0,0.0,0.0,0.0,0.0,0.0,0.0002409779845038429,1.0,0.0,0.0,1.0,1.0,0.0,1.0,0.0,0.0,0.001953125,0.029296875,0.06392979621887207,1.0,0.0,0.0,-0.004313537385314703,0.0,0.00024036032846197486,0.5701221823692322,0.9970809088812934,0.0,0.0,1,0.0,0.0,0.0,0.002919091118706597,1.0,0.0,0.0,0.0,0.0,0.0,1
1,tiki,6,Q,bert.encoder.layer.6.attention.self.query,0.001,31,0,0,0,1.0,0.0,0.0,0.0,0.0,0.0,0.0,0.0,0.0,0.00018106837524101138,1.0,0.0,0.0,1.0,1.0,0.0,1.0,0.0,0.0,0.0,0.01953125,0.07262520492076874,1.0,0.0,0.0,-0.054001372307538986,0.0,0.0003421753935981542,0.4751017689704895,0.9960666232638888,0.0,0.0,1,0.0,0.0,0.0,0.003933376736111111,1.0,0.0,0.0,0.0,0.0,0.0,1
1,tiki,6,K,bert.encoder.layer.6.attention.self.key,0.001,31,0,0,0,1.0,0.0,0.0,0.0,0.0,0.0,0.0,0.0,0.0,0.00016461548511870205,1.0,0.0,0.0,1.0,1.0,0.0,1.0,0.0,0.0,0.0,0.0390625,0.0625801533460617,1.0,0.0,0.0,0.04564489424228668,0.0,0.0003465250483714044,0.5701221823692322,0.9961378309461806,0.0,0.0,1,0.0,0.0,0.0,0.0038621690538194445,1.0,0.0,0.0,0.0,0.0,0.0,1
1,tiki,6,V,bert.encoder.layer.6.attention.self.value,0.001,31,0,0,0,1.0,0.0,0.0,0.0,0.0,0.0,0.0,0.0,0.0,0.00044920979416929185,1.0,0.0,0.0,1.0,1.0,0.0,1.0,0.0,0.0,0.0,0.021484375,0.09054400026798248,1.0,0.0,0.0,0.030619271099567413,0.0,0.00039622432086616755,0.7126526832580566,0.9960479736328125,0.0,0.0,1,0.0,0.0,0.0,0.0039520263671875,1.0,0.0,0.0,0.0,0.0,0.0,1
1,tiki,6,O,bert.encoder.layer.6.attention.output.dense,0.001,31,0,0,0,1.0,0.0,0.0,0.0,0.0,0.0,0.0,0.0,0.0,0.0004451335989870131,1.0,0.0,0.0,1.0,1.0,0.0,1.0,0.0,0.0,0.0,0.013671875,0.133487269282341,1.0,0.0,0.0,-0.051910631358623505,0.0,0.0005906714941374958,0.9977138042449951,0.9958275689019097,0.0,0.0,1,0.0,0.0,0.0,0.004172431098090278,1.0,0.0,0.0,0.0,0.0,0.0,1
1,tiki,6,FFN1,bert.encoder.layer.6.intermediate.dense,0.001,31,0,0,0,1.0,0.0,0.0,0.0,0.0,0.0,0.0,0.0,0.0,0.00029655173420906067,1.0,0.0,0.0,1.0,1.0,0.0,1.0,0.0,0.0,0.0,0.060546875,0.037081029266119,1.0,0.0,0.0,0.02109339088201523,0.0,0.0002985376340802759,0.760162889957428,0.9961747063530816,0.0,0.0,1,0.0,0.0,0.0,0.003825293646918403,1.0,0.0,0.0,0.0,0.0,0.0,1
1,tiki,6,FFN2,bert.encoder.layer.6.output.dense,0.001,31,0,0,0,1.0,0.0,0.0,0.0,0.0,0.0,0.0,0.0,0.0,0.0002682810300029814,1.0,0.0,0.0,1.0,1.0,0.0,1.0,0.0,0.0,0.0,0.0234375,0.07563377916812897,1.0,0.0,0.0,-0.04481569677591324,0.0,0.00027155340649187565,0.5226119756698608,0.9970325893825955,0.0,0.0,1,0.0,0.0,0.0,0.002967410617404514,1.0,0.0,0.0,0.0,0.0,0.0,1
1,tiki,7,Q,bert.encoder.layer.7.attention.self.query,0.001,31,0,0,0,1.0,0.0,0.0,0.0,0.0,0.0,0.0,0.0,0.0,0.00018302963871974498,1.0,0.0,0.0,1.0,1.0,0.0,1.0,0.0,0.0,0.0,0.03125,0.07118002325296402,1.0,0.0,0.0,-0.017238296568393707,0.0,0.0003308179439045489,0.4751017689704895,0.9960886637369791,0.0,0.0,1,0.0,0.0,0.0,0.003911336263020833,1.0,0.0,0.0,0.0,0.0,0.0,1
1,tiki,7,K,bert.encoder.layer.7.attention.self.key,0.001,31,0,0,0,1.0,0.0,0.0,0.0,0.0,0.0,0.0,0.0,0.0,0.00016827529179863632,1.0,0.0,0.0,1.0,1.0,0.0,1.0,0.0,0.0,0.0,0.03125,0.058696210384368896,1.0,0.0,0.0,-0.021109646186232567,0.0,0.00032574328361079097,0.42759162187576294,0.9961615668402778,0.0,0.0,1,0.0,0.0,0.0,0.003838433159722222,1.0,0.0,0.0,0.0,0.0,0.0,1
1,tiki,7,V,bert.encoder.layer.7.attention.self.value,0.001,31,0,0,0,1.0,0.0,0.0,0.0,0.0,0.0,0.0,0.0,0.0,0.0004504399257712066,1.0,0.0,0.0,1.0,1.0,0.0,1.0,0.0,0.0,0.0,0.0390625,0.08295680582523346,1.0,0.0,0.0,0.006377515848726034,0.0,0.0003795504744630307,0.6651425361633301,0.9960089789496528,0.0,0.0,1,0.0,0.0,0.0,0.003991021050347222,1.0,0.0,0.0,0.0,0.0,0.0,1
1,tiki,7,O,bert.encoder.layer.7.attention.output.dense,0.001,31,0,0,0,1.0,0.0,0.0,0.0,0.0,0.0,0.0,0.0,0.0,0.00047865661326795816,1.0,0.0,0.0,1.0,1.0,0.0,1.0,0.0,0.0,0.0,0.021484375,0.14448004961013794,1.0,0.0,0.0,0.09454867988824844,0.0,0.0005043221171945333,0.9977138042449951,0.9959903293185763,0.0,0.0,1,0.0,0.0,0.0,0.004009670681423611,1.0,0.0,0.0,0.0,0.0,0.0,1
1,tiki,7,FFN1,bert.encoder.layer.7.intermediate.dense,0.001,31,0,0,0,1.0,0.0,0.0,0.0,0.0,0.0,0.0,0.0,0.0,0.00033835211070254445,1.0,0.0,0.0,1.0,1.0,0.0,1.0,0.0,0.0,0.0,0.05078125,0.046022504568099976,1.0,0.0,0.0,0.00109656632412225,0.0,0.00029485239065252244,0.42759162187576294,0.9961878458658854,0.0,0.0,1,0.0,0.0,0.0,0.0038121541341145835,1.0,0.0,0.0,0.0,0.0,0.0,1
1,tiki,7,FFN2,bert.encoder.layer.7.output.dense,0.001,31,0,0,0,1.0,0.0,0.0,0.0,0.0,0.0,0.0,0.0,0.0,0.0002883895649574697,1.0,0.0,0.0,1.0,1.0,0.0,1.0,0.0,0.0,0.0,0.029296875,0.08778083324432373,1.0,0.0,0.0,-0.009837079793214798,0.0,0.0002765876997727901,0.5701221823692322,0.9970186021592882,0.0,0.0,1,0.0,0.0,0.0,0.0029813978407118055,1.0,0.0,0.0,0.0,0.0,0.0,1
1,tiki,8,Q,bert.encoder.layer.8.attention.self.query,0.001,31,0,0,0,1.0,0.0,0.0,0.0,0.0,0.0,0.0,0.0,0.0,0.00021083888714201748,1.0,0.0,0.0,1.0,1.0,0.0,1.0,0.0,0.0,0.0,0.03515625,0.060800351202487946,1.0,0.0,0.0,0.047030258923769,0.0,0.00033347599674016237,0.4751017689704895,0.9960700141059028,0.0,0.0,1,0.0,0.0,0.0,0.003929985894097222,1.0,0.0,0.0,0.0,0.0,0.0,1
1,tiki,8,K,bert.encoder.layer.8.attention.self.key,0.001,31,0,0,0,1.0,0.0,0.0,0.0,0.0,0.0,0.0,0.0,0.0,0.00020908057922497392,1.0,0.0,0.0,1.0,1.0,0.0,1.0,0.0,0.0,0.0,0.041015625,0.06780661642551422,1.0,0.0,0.0,0.1162463128566742,0.0,0.0003602185461204499,0.8076730370521545,0.9960361056857638,0.0,0.0,1,0.0,0.0,0.0,0.003963894314236111,1.0,0.0,0.0,0.0,0.0,0.0,1
1,tiki,8,V,bert.encoder.layer.8.attention.self.value,0.001,31,0,0,0,1.0,0.0,0.0,0.0,0.0,0.0,0.0,0.0,0.0,0.000533974845893681,1.0,0.0,0.0,1.0,1.0,0.0,1.0,0.0,0.0,0.0,0.029296875,0.10925757884979248,1.0,0.0,0.0,-0.14173872768878937,0.0,0.00046871902304701507,0.7126526832580566,0.9959191216362847,0.0,0.0,1,0.0,0.0,0.0,0.004080878363715278,1.0,0.0,0.0,0.0,0.0,0.0,1
1,tiki,8,O,bert.encoder.layer.8.attention.output.dense,0.001,31,0,0,0,1.0,0.0,0.0,0.0,0.0,0.0,0.0,0.0,0.0,0.0005670947139151394,1.0,0.0,0.0,1.0,1.0,0.0,1.0,0.0,0.0,0.0,0.009765625,0.1549954116344452,1.0,0.0,0.0,-0.023747973144054413,0.0,0.00037713401252403855,0.5701221823692322,0.9959937201605903,0.0,0.0,1,0.0,0.0,0.0,0.004006279839409722,1.0,0.0,0.0,0.0,0.0,0.0,1
1,tiki,8,FFN1,bert.encoder.layer.8.intermediate.dense,0.001,31,0,0,0,1.0,0.0,0.0,0.0,0.0,0.0,0.0,0.0,0.0,0.0003295378992334008,1.0,0.0,0.0,1.0,1.0,0.0,1.0,0.0,0.0,0.0,0.048828125,0.04557797312736511,1.0,0.0,0.0,-0.07804667204618454,0.0,0.00029112689662724733,0.5701221823692322,0.996195051405165,0.0,0.0,1,0.0,0.0,0.0,0.0038049485948350695,1.0,0.0,0.0,0.0,0.0,0.0,1
1,tiki,8,FFN2,bert.encoder.layer.8.output.dense,0.001,31,0,0,0,1.0,0.0,0.0,0.0,0.0,0.0,0.0,0.0,0.0,0.00032541100517846644,1.0,0.0,0.0,1.0,1.0,0.0,1.0,0.0,0.0,0.0,0.01171875,0.13093706965446472,1.0,0.0,0.0,0.039329469203948975,0.0,0.0003832356014754623,0.760162889957428,0.9968884785970052,0.0,0.0,1,0.0,0.0,0.0,0.0031115214029947915,1.0,0.0,0.0,0.0,0.0,0.0,1
1,tiki,9,Q,bert.encoder.layer.9.attention.self.query,0.001,31,0,0,0,1.0,0.0,0.0,0.0,0.0,0.0,0.0,0.0,0.0,0.0002468398888595402,1.0,0.0,0.0,1.0,1.0,0.0,1.0,0.0,0.0,0.0,0.029296875,0.07513251900672913,1.0,0.0,0.0,0.023417457938194275,0.0,0.0003681123489513993,0.7126526832580566,0.9960530598958334,0.0,0.0,1,0.0,0.0,0.0,0.003946940104166667,1.0,0.0,0.0,0.0,0.0,0.0,1
1,tiki,9,K,bert.encoder.layer.9.attention.self.key,0.001,31,0,0,0,1.0,0.0,0.0,0.0,0.0,0.0,0.0,0.0,0.0,0.00022932155115995556,1.0,0.0,0.0,1.0,1.0,0.0,1.0,0.0,0.0,0.0,0.03125,0.07630889117717743,1.0,0.0,0.0,-0.06361895054578781,0.0,0.00039195510908029974,0.950203537940979,0.9960191514756944,0.0,0.0,1,0.0,0.0,0.0,0.003980848524305556,1.0,0.0,0.0,0.0,0.0,0.0,1
1,tiki,9,V,bert.encoder.layer.9.attention.self.value,0.001,31,0,0,0,1.0,0.0,0.0,0.0,0.0,0.0,0.0,0.0,0.0,0.0007019020849838853,1.0,0.0,0.0,1.0,1.0,0.0,1.0,0.0,0.0,0.0,0.0078125,0.11599666625261307,1.0,0.0,0.0,0.05551909655332565,0.0,0.0003906663623638451,0.6176323890686035,0.9959767659505209,0.0,0.0,1,0.0,0.0,0.0,0.004023234049479167,1.0,0.0,0.0,0.0,0.0,0.0,1
1,tiki,9,O,bert.encoder.layer.9.attention.output.dense,0.001,31,0,0,0,1.0,0.0,0.0,0.0,0.0,0.0,0.0,0.0,0.0,0.0006472931709140539,1.0,0.0,0.0,1.0,1.0,0.0,1.0,0.0,0.0,0.0,0.01171875,0.229203999042511,1.0,0.0,0.0,-0.07694093883037567,0.0,0.0007441992638632655,0.9977138042449951,0.9957767062717013,0.0,0.0,1,0.0,0.0,0.0,0.004223293728298611,1.0,0.0,0.0,0.0,0.0,0.0,1
1,tiki,9,FFN1,bert.encoder.layer.9.intermediate.dense,0.001,31,0,0,0,1.0,0.0,0.0,0.0,0.0,0.0,0.0,0.0,0.0,0.000348578963894397,1.0,0.0,0.0,1.0,1.0,0.0,1.0,0.0,0.0,0.0,0.05859375,0.057202644646167755,1.0,0.0,0.0,-0.011210093274712563,0.0,0.00030657241586595774,0.4751017689704895,0.9961836073133681,0.0,0.0,1,0.0,0.0,0.0,0.0038163926866319445,1.0,0.0,0.0,0.0,0.0,0.0,1
1,tiki,9,FFN2,bert.encoder.layer.9.output.dense,0.001,31,0,0,0,1.0,0.0,0.0,0.0,0.0,0.0,0.0,0.0,0.0,0.0003361376002430916,1.0,0.0,0.0,1.0,1.0,0.0,1.0,0.0,0.0,0.0,0.013671875,0.1700413078069687,1.0,0.0,0.0,0.015696335583925247,0.0,0.0004308203642722219,0.950203537940979,0.9968800014919705,0.0,0.0,1,0.0,0.0,0.0,0.003119998508029514,1.0,0.0,0.0,0.0,0.0,0.0,1
1,tiki,10,Q,bert.encoder.layer.10.attention.self.query,0.001,31,0,0,0,1.0,0.0,0.0,0.0,0.0,0.0,0.0,0.0,0.0,0.0002870052703656256,1.0,0.0,0.0,1.0,1.0,0.0,1.0,0.0,0.0,0.0,0.029296875,0.07823987305164337,1.0,0.0,0.0,-0.05878463387489319,0.0,0.00036658201133832335,0.5701221823692322,0.9959988064236112,0.0,0.0,1,0.0,0.0,0.0,0.004001193576388889,1.0,0.0,0.0,0.0,0.0,0.0,1
1,tiki,10,K,bert.encoder.layer.10.attention.self.key,0.001,31,0,0,0,1.0,0.0,0.0,0.0,0.0,0.0,0.0,0.0,0.0,0.00030013563809916377,1.0,0.0,0.0,1.0,1.0,0.0,1.0,0.0,0.0,0.0,0.025390625,0.08467791229486465,1.0,0.0,0.0,-0.09639357775449753,0.0,0.0003453973913565278,0.4751017689704895,0.9960479736328125,0.0,0.0,1,0.0,0.0,0.0,0.0039520263671875,1.0,0.0,0.0,0.0,0.0,0.0,1
1,tiki,10,V,bert.encoder.layer.10.attention.self.value,0.001,31,0,0,0,1.0,0.0,0.0,0.0,0.0,0.0,0.0,0.0,0.0,0.0005920270923525095,1.0,0.0,0.0,1.0,1.0,0.0,1.0,0.0,0.0,0.0,0.0234375,0.14101123809814453,1.0,0.0,0.0,0.06925389170646667,0.0,0.0004157173098064959,0.6651425361633301,0.9960072835286459,0.0,0.0,1,0.0,0.0,0.0,0.003992716471354167,1.0,0.0,0.0,0.0,0.0,0.0,1
1,tiki,10,O,bert.encoder.layer.10.attention.output.dense,0.001,31,0,0,0,1.0,0.0,0.0,0.0,0.0,0.0,0.0,0.0,0.0,0.0007046746322885156,1.0,0.0,0.0,1.0,1.0,0.0,1.0,0.0,0.0,0.0,0.00390625,0.2248537540435791,1.0,0.0,0.0,0.017097391188144684,0.0,0.0007842324557714164,0.9977138042449951,0.9957834879557291,0.0,0.0,1,0.0,0.0,0.0,0.004216512044270833,1.0,0.0,0.0,0.0,0.0,0.0,1
1,tiki,10,FFN1,bert.encoder.layer.10.intermediate.dense,0.001,31,0,0,0,1.0,0.0,0.0,0.0,0.0,0.0,0.0,0.0,0.0,0.0003549116081558168,1.0,0.0,0.0,1.0,1.0,0.0,1.0,0.0,0.0,0.0,0.05859375,0.05268045514822006,1.0,0.0,0.0,-0.04137210547924042,0.0,0.00028393795946612954,0.6651425361633301,0.9962730407714844,0.0,0.0,1,0.0,0.0,0.0,0.003726959228515625,1.0,0.0,0.0,0.0,0.0,0.0,1
1,tiki,10,FFN2,bert.encoder.layer.10.output.dense,0.001,31,0,0,0,1.0,0.0,0.0,0.0,0.0,0.0,0.0,0.0,0.0,0.00035576673690229654,1.0,0.0,0.0,1.0,1.0,0.0,1.0,0.0,0.0,0.0,0.005859375,0.29247477650642395,1.0,0.0,0.0,0.057559534907341,0.0,0.0006786518497392535,0.9977138042449951,0.9968159993489584,0.0,0.0,1,0.0,0.0,0.0,0.0031840006510416665,1.0,0.0,0.0,0.0,0.0,0.0,1
1,tiki,11,Q,bert.encoder.layer.11.attention.self.query,0.001,31,0,0,0,1.0,0.0,0.0,0.0,0.0,0.0,0.0,0.0,0.0,0.00018012842338066548,1.0,0.0,0.0,1.0,1.0,0.0,1.0,0.0,0.0,0.0,0.029296875,0.10697222501039505,1.0,0.0,0.0,0.0009305233834311366,0.0,0.0003358119574841112,0.42759162187576294,0.9961090087890625,0.0,0.0,1,0.0,0.0,0.0,0.0038909912109375,1.0,0.0,0.0,0.0,0.0,0.0,1
1,tiki,11,K,bert.encoder.layer.11.attention.self.key,0.001,31,0,0,0,1.0,0.0,0.0,0.0,0.0,0.0,0.0,0.0,0.0,0.00016973847232293338,1.0,0.0,0.0,1.0,1.0,0.0,1.0,0.0,0.0,0.0,0.0546875,0.07101406902074814,1.0,0.0,0.0,-0.008178976364433765,0.0,0.0003326705191284418,0.4751017689704895,0.9960886637369791,0.0,0.0,1,0.0,0.0,0.0,0.003911336263020833,1.0,0.0,0.0,0.0,0.0,0.0,1
1,tiki,11,V,bert.encoder.layer.11.attention.self.value,0.001,31,0,0,0,1.0,0.0,0.0,0.0,0.0,0.0,0.0,0.0,0.0,0.0003973572747781873,1.0,0.0,0.0,1.0,1.0,0.0,1.0,0.0,0.0,0.0,0.017578125,0.10785619914531708,1.0,0.0,0.0,0.03645656257867813,0.0,0.0004222419229336083,0.8076730370521545,0.9959513346354166,0.0,0.0,1,0.0,0.0,0.0,0.004048665364583333,1.0,0.0,0.0,0.0,0.0,0.0,1
1,tiki,11,O,bert.encoder.layer.11.attention.output.dense,0.001,31,0,0,0,1.0,0.0,0.0,0.0,0.0,0.0,0.0,0.0,0.0,0.00044545112177729607,1.0,0.0,0.0,1.0,1.0,0.0,1.0,0.0,0.0,0.0,0.001953125,0.27264511585235596,1.0,0.0,0.0,0.005354057997465134,0.0,0.0004398017190396786,0.5701221823692322,0.9958563910590278,0.0,0.0,1,0.0,0.0,0.0,0.004143608940972222,1.0,0.0,0.0,0.0,0.0,0.0,1
1,tiki,11,FFN1,bert.encoder.layer.11.intermediate.dense,0.001,31,0,0,0,1.0,0.0,0.0,0.0,0.0,0.0,0.0,0.0,0.0,0.0004223686410114169,1.0,0.0,0.0,1.0,1.0,0.0,1.0,0.0,0.0,0.0,0.0625,0.06689624488353729,1.0,0.0,0.0,0.024482207372784615,0.0,0.0003011554363183677,0.760162889957428,0.9962145487467448,0.0,0.0,1,0.0,0.0,0.0,0.0037854512532552085,1.0,0.0,0.0,0.0,0.0,0.0,1
1,tiki,11,FFN2,bert.encoder.layer.11.output.dense,0.001,31,0,0,0,1.0,0.0,0.0,0.0,0.0,0.0,0.0,0.0,0.001953125,0.00037815418909303844,1.0,0.0,0.0,1.0,1.0,0.0,1.0,0.0,0.0,0.0,0.001953125,0.4455033838748932,1.0,0.0,0.0,-0.0005440160748548806,0.0,0.0008150428184308112,0.9977138042449951,0.9968168470594618,0.0,0.0,1,0.0,0.0,0.0,0.0031831529405381945,1.0,0.0,0.0,0.0,0.0,0.0,1
2,tiki,0,Q,bert.encoder.layer.0.attention.self.query,0.001,31,0,0,0,1.0,0.0,0.0,0.0,0.0,0.0,0.0,0.0,0.0,0.00010747304622782394,1.0,0.0,0.0,1.0,1.0,0.0,1.0,0.0,0.0,0.0,0.005859375,0.12798216938972473,1.0,0.0,0.0,0.02760661393404007,0.0,0.0008444834966212511,0.760162889957428,0.9936540391710069,0.0,0.0,1,0.0,0.0,0.0,0.006345960828993056,1.0,0.0,0.0,0.0,0.0,0.0,1
2,tiki,0,K,bert.encoder.layer.0.attention.self.key,0.001,31,0,0,0,1.0,0.0,0.0,0.0,0.0,0.0,0.0,0.0,0.0,0.00010262959403917193,1.0,0.0,0.0,1.0,1.0,0.0,1.0,0.0,0.0,0.0,0.015625,0.1429828554391861,1.0,0.0,0.0,-0.016961200162768364,0.0,0.000997608876787126,0.9026933908462524,0.9935658772786459,0.0,0.0,1,0.0,0.0,0.0,0.006434122721354167,1.0,0.0,0.0,0.0,0.0,0.0,1
2,tiki,0,V,bert.encoder.layer.0.attention.self.value,0.001,31,0,0,0,1.0,0.0,0.0,0.0,0.0,0.0,0.0,0.0,0.0,0.0002543037408031523,1.0,0.0,0.0,1.0,1.0,0.0,1.0,0.0,0.0,0.0,0.01171875,0.1565771847963333,1.0,0.0,0.0,-0.17173455655574799,0.0,0.0009515342535451055,0.950203537940979,0.9935590955946181,0.0,0.0,1,0.0,0.0,0.0,0.006440904405381944,1.0,0.0,0.0,0.0,0.0,0.0,1
2,tiki,0,O,bert.encoder.layer.0.attention.output.dense,0.001,31,0,0,0,1.0,0.0,0.0,0.0,0.0,0.0,0.0,0.0,0.0,0.00029315403662621975,1.0,0.0,0.0,1.0,1.0,0.0,1.0,0.0,0.0,0.0,0.013671875,0.1446838229894638,1.0,0.0,0.0,-0.05611714348196983,0.0,0.000782218761742115,0.9977138042449951,0.9936099582248263,0.0,0.0,1,0.0,0.0,0.0,0.006390041775173611,1.0,0.0,0.0,0.0,0.0,0.0,1
2,tiki,0,FFN1,bert.encoder.layer.0.intermediate.dense,0.001,31,0,0,0,1.0,0.0,0.0,0.0,0.0,0.0,0.0,0.0,0.0,0.00026122346753254533,1.0,0.0,0.0,1.0,1.0,0.0,1.0,0.0,0.0,0.0,0.0546875,0.030035654082894325,1.0,0.0,0.0,-0.06365793943405151,0.0,0.00045419984962791204,0.6651425361633301,0.9942215813530816,0.0,0.0,1,0.0,0.0,0.0,0.005778418646918403,1.0,0.0,0.0,0.0,0.0,0.0,1
2,tiki,0,FFN2,bert.encoder.layer.0.output.dense,0.001,31,0,0,0,1.0,0.0,0.0,0.0,0.0,0.0,0.0,0.0,0.0,0.00015327450819313526,1.0,0.0,0.0,1.0,1.0,0.0,1.0,0.0,0.0,0.0,0.0390625,0.04330421984195709,1.0,0.0,0.0,-0.009869642555713654,0.0,0.0003244343679398298,0.380081444978714,0.995741950141059,0.0,0.0,1,0.0,0.0,0.0,0.004258049858940972,1.0,0.0,0.0,0.0,0.0,0.0,1
2,tiki,1,Q,bert.encoder.layer.1.attention.self.query,0.001,31,0,0,0,1.0,0.0,0.0,0.0,0.0,0.0,0.0,0.0,0.0,0.0001821646001189947,1.0,0.0,0.0,1.0,1.0,0.0,1.0,0.0,0.0,0.0,0.0078125,0.10797043144702911,1.0,0.0,0.0,0.03392207995057106,0.0,0.0008463362464681268,0.950203537940979,0.9935980902777778,0.0,0.0,1,0.0,0.0,0.0,0.006401909722222222,1.0,0.0,0.0,0.0,0.0,0.0,1
2,tiki,1,K,bert.encoder.layer.1.attention.self.key,0.001,31,0,0,0,1.0,0.0,0.0,0.0,0.0,0.0,0.0,0.0,0.0,0.00015956128481775522,1.0,0.0,0.0,1.0,1.0,0.0,1.0,0.0,0.0,0.0,0.01953125,0.12012550979852676,1.0,0.0,0.0,-0.015065842308104038,0.0,0.0008423894760198891,0.6651425361633301,0.9935675726996528,0.0,0.0,1,0.0,0.0,0.0,0.006432427300347222,1.0,0.0,0.0,0.0,0.0,0.0,1
2,tiki,1,V,bert.encoder.layer.1.attention.self.value,0.001,31,0,0,0,1.0,0.0,0.0,0.0,0.0,0.0,0.0,0.0,0.0,0.00031647610012441874,1.0,0.0,0.0,1.0,1.0,0.0,1.0,0.0,0.0,0.00390625,0.015625,0.13829858601093292,1.0,0.0,0.0,0.0272075105458498,0.0,0.0008841946255415678,0.8076730370521545,0.9935862223307291,0.0,0.0,1,0.0,0.0,0.0,0.006413777669270833,1.0,0.0,0.0,0.0,0.0,0.0,1
2,tiki,1,O,bert.encoder.layer.1.attention.output.dense,0.001,31,0,0,0,1.0,0.0,0.0,0.0,0.0,0.0,0.0,0.0,0.0,0.0003435785765759647,1.0,0.0,0.0,1.0,1.0,0.0,1.0,0.0,0.0,0.0,0.009765625,0.11638213694095612,1.0,0.0,0.0,0.037622980773448944,0.0,0.0009723965777084231,0.9977138042449951,0.9935574001736112,0.0,0.0,1,0.0,0.0,0.0,0.006442599826388889,1.0,0.0,0.0,0.0,0.0,0.0,1
2,tiki,1,FFN1,bert.encoder.layer.1.intermediate.dense,0.001,31,0,0,0,1.0,0.0,0.0,0.0,0.0,0.0,0.0,0.0,0.0,0.00021039333660155535,1.0,0.0,0.0,1.0,1.0,0.0,1.0,0.0,0.0,0.0,0.068359375,0.0349099226295948,1.0,0.0,0.0,0.06666848063468933,0.0,0.0004800363094545901,0.8551832437515259,0.9941902160644531,0.0,0.0,1,0.0,0.0,0.0,0.005809783935546875,1.0,0.0,0.0,0.0,0.0,0.0,1
2,tiki,1,FFN2,bert.encoder.layer.1.output.dense,0.001,31,0,0,0,1.0,0.0,0.0,0.0,0.0,0.0,0.0,0.0,0.0,0.00019048100512009114,1.0,0.0,0.0,1.0,1.0,0.0,1.0,0.0,0.0,0.0,0.03125,0.05221229046583176,1.0,0.0,0.0,0.074217289686203,0.0,0.00041895959293469787,0.5701221823692322,0.9954812791612413,0.0,0.0,1,0.0,0.0,0.0,0.004518720838758681,1.0,0.0,0.0,0.0,0.0,0.0,1
2,tiki,2,Q,bert.encoder.layer.2.attention.self.query,0.001,31,0,0,0,1.0,0.0,0.0,0.0,0.0,0.0,0.0,0.0,0.0,0.00015741679817438126,1.0,0.0,0.0,1.0,1.0,0.0,1.0,0.0,0.0,0.0,0.021484375,0.09214897453784943,1.0,0.0,0.0,-0.03410667926073074,0.0,0.0006997358286753297,0.760162889957428,0.9938557942708334,0.0,0.0,1,0.0,0.0,0.0,0.006144205729166667,1.0,0.0,0.0,0.0,0.0,0.0,1
2,tiki,2,K,bert.encoder.layer.2.attention.self.key,0.001,31,0,0,0,1.0,0.0,0.0,0.0,0.0,0.0,0.0,0.0,0.0,0.00014057877706363797,1.0,0.0,0.0,1.0,1.0,0.0,1.0,0.0,0.0,0.0,0.013671875,0.10853134095668793,1.0,0.0,0.0,0.026193728670477867,0.0,0.0007679614354856312,0.8076730370521545,0.9937913682725694,0.0,0.0,1,0.0,0.0,0.0,0.006208631727430556,1.0,0.0,0.0,0.0,0.0,0.0,1
2,tiki,2,V,bert.encoder.layer.2.attention.self.value,0.001,31,0,0,0,1.0,0.0,0.0,0.0,0.0,0.0,0.0,0.0,0.0,0.0004053358861710876,1.0,0.0,0.0,1.0,1.0,0.0,1.0,0.0,0.0,0.0,0.021484375,0.10188055783510208,1.0,0.0,0.0,-0.1398681402206421,0.0,0.0007442798232659698,0.7126526832580566,0.9938015407986112,0.0,0.0,1,0.0,0.0,0.0,0.006198459201388889,1.0,0.0,0.0,0.0,0.0,0.0,1
2,tiki,2,O,bert.encoder.layer.2.attention.output.dense,0.001,31,0,0,0,1.0,0.0,0.0,0.0,0.0,0.0,0.0,0.0,0.0,0.00042308130650781095,1.0,0.0,0.0,1.0,1.0,0.0,1.0,0.0,0.0,0.0,0.01171875,0.10098108649253845,1.0,0.0,0.0,0.1490631401538849,0.0,0.0008243462070822716,0.760162889957428,0.9936404758029513,0.0,0.0,1,0.0,0.0,0.0,0.006359524197048611,1.0,0.0,0.0,0.0,0.0,0.0,1
2,tiki,2,FFN1,bert.encoder.layer.2.intermediate.dense,0.001,31,0,0,0,1.0,0.0,0.0,0.0,0.0,0.0,0.0,0.0,0.0,0.00024752254830673337,1.0,0.0,0.0,1.0,1.0,0.0,1.0,0.0,0.0,0.0,0.046875,0.03696749731898308,1.0,0.0,0.0,-0.06882341206073761,0.0,0.0004840033652726561,0.760162889957428,0.9941931830512153,0.0,0.0,1,0.0,0.0,0.0,0.005806816948784722,1.0,0.0,0.0,0.0,0.0,0.0,1
2,tiki,2,FFN2,bert.encoder.layer.2.output.dense,0.001,31,0,0,0,1.0,0.0,0.0,0.0,0.0,0.0,0.0,0.0,0.0,0.0001842821657191962,1.0,0.0,0.0,1.0,1.0,0.0,1.0,0.0,0.0,0.0,0.044921875,0.04696745425462723,1.0,0.0,0.0,-0.026601238176226616,0.0,0.00046163046499714255,0.9977138042449951,0.9955478244357638,0.0,0.0,1,0.0,0.0,0.0,0.004452175564236111,1.0,0.0,0.0,0.0,0.0,0.0,1
2,tiki,3,Q,bert.encoder.layer.3.attention.self.query,0.001,31,0,0,0,1.0,0.0,0.0,0.0,0.0,0.0,0.0,0.0,0.0,0.00019494186562951654,1.0,0.0,0.0,1.0,1.0,0.0,1.0,0.0,0.0,0.0,0.017578125,0.10004793107509613,1.0,0.0,0.0,-0.05540966987609863,0.0,0.0007437159074470401,0.760162889957428,0.9937184651692709,0.0,0.0,1,0.0,0.0,0.0,0.006281534830729167,1.0,0.0,0.0,0.0,0.0,0.0,1
2,tiki,3,K,bert.encoder.layer.3.attention.self.key,0.001,31,0,0,0,1.0,0.0,0.0,0.0,0.0,0.0,0.0,0.0,0.0,0.0001821290497900918,1.0,0.0,0.0,1.0,1.0,0.0,1.0,0.0,0.0,0.0,0.021484375,0.0904160887002945,1.0,0.0,0.0,-0.0793776661157608,0.0,0.0007181816617958248,0.8551832437515259,0.9937795003255209,0.0,0.0,1,0.0,0.0,0.0,0.006220499674479167,1.0,0.0,0.0,0.0,0.0,0.0,1
2,tiki,3,V,bert.encoder.layer.3.attention.self.value,0.001,31,0,0,0,1.0,0.0,0.0,0.0,0.0,0.0,0.0,0.0,0.0,0.0004558510263450444,1.0,0.0,0.0,1.0,1.0,0.0,1.0,0.0,0.0,0.0,0.0234375,0.11678390949964523,1.0,0.0,0.0,0.008593366481363773,0.0,0.0008029199671000242,0.950203537940979,0.9938693576388888,0.0,0.0,1,0.0,0.0,0.0,0.006130642361111111,1.0,0.0,0.0,0.0,0.0,0.0,1
2,tiki,3,O,bert.encoder.layer.3.attention.output.dense,0.001,31,0,0,0,1.0,0.0,0.0,0.0,0.0,0.0,0.0,0.0,0.0,0.00041782300104387105,1.0,0.0,0.0,1.0,1.0,0.0,1.0,0.0,0.0,0.0,0.029296875,0.09427869319915771,1.0,0.0,0.0,0.09337744861841202,0.0,0.0007215646910481155,0.9977138042449951,0.993804931640625,0.0,0.0,1,0.0,0.0,0.0,0.006195068359375,1.0,0.0,0.0,0.0,0.0,0.0,1
2,tiki,3,FFN1,bert.encoder.layer.3.intermediate.dense,0.001,31,0,0,0,1.0,0.0,0.0,0.0,0.0,0.0,0.0,0.0,0.0,0.0003440114378463477,1.0,0.0,0.0,1.0,1.0,0.0,1.0,0.0,0.0,0.0,0.072265625,0.03871046006679535,1.0,0.0,0.0,0.0010929652489721775,0.0,0.0004872456775046885,0.9026933908462524,0.9941842820909288,0.0,0.0,1,0.0,0.0,0.0,0.005815717909071181,1.0,0.0,0.0,0.0,0.0,0.0,1
2,tiki,3,FFN2,bert.encoder.layer.3.output.dense,0.001,31,0,0,0,1.0,0.0,0.0,0.0,0.0,0.0,0.0,0.0,0.0,0.00019723817240446806,1.0,0.0,0.0,1.0,1.0,0.0,1.0,0.0,0.0,0.0,0.029296875,0.060160599648952484,1.0,0.0,0.0,-0.01720576174557209,0.0,0.00040250743040814996,0.5701221823692322,0.9955249362521701,0.0,0.0,1,0.0,0.0,0.0,0.004475063747829861,1.0,0.0,0.0,0.0,0.0,0.0,1
2,tiki,4,Q,bert.encoder.layer.4.attention.self.query,0.001,31,0,0,0,1.0,0.0,0.0,0.0,0.0,0.0,0.0,0.0,0.0,0.0002169200888602063,1.0,0.0,0.0,1.0,1.0,0.0,1.0,0.0,0.0,0.0,0.015625,0.08802146464586258,1.0,0.0,0.0,-0.0128785977140069,0.0,0.0007273643859662116,0.950203537940979,0.9937676323784722,0.0,0.0,1,0.0,0.0,0.0,0.006232367621527778,1.0,0.0,0.0,0.0,0.0,0.0,1
2,tiki,4,K,bert.encoder.layer.4.attention.self.key,0.001,31,0,0,0,1.0,0.0,0.0,0.0,0.0,0.0,0.0,0.0,0.0,0.0001784426422091201,1.0,0.0,0.0,1.0,1.0,0.0,1.0,0.0,0.0,0.0,0.02734375,0.07794564962387085,1.0,0.0,0.0,0.07994222640991211,0.0,0.0006419009296223521,0.9026933908462524,0.9939303927951388,0.0,0.0,1,0.0,0.0,0.0,0.006069607204861111,1.0,0.0,0.0,0.0,0.0,0.0,1
2,tiki,4,V,bert.encoder.layer.4.attention.self.value,0.001,31,0,0,0,1.0,0.0,0.0,0.0,0.0,0.0,0.0,0.0,0.0,0.00037672044709324837,1.0,0.0,0.0,1.0,1.0,0.0,1.0,0.0,0.0,0.0,0.013671875,0.12422215193510056,1.0,0.0,0.0,-0.00038124655839055777,0.0,0.0008725954685360193,0.9977138042449951,0.9937455919053819,0.0,0.0,1,0.0,0.0,0.0,0.006254408094618056,1.0,0.0,0.0,0.0,0.0,0.0,1
2,tiki,4,O,bert.encoder.layer.4.attention.output.dense,0.001,31,0,0,0,1.0,0.0,0.0,0.0,0.0,0.0,0.0,0.0,0.0,0.0004300092114135623,1.0,0.0,0.0,1.0,1.0,0.0,1.0,0.0,0.0,0.0,0.017578125,0.11361438035964966,1.0,0.0,0.0,0.029720772057771683,0.0,0.0008454503258690238,0.950203537940979,0.9936319986979166,0.0,0.0,1,0.0,0.0,0.0,0.006368001302083333,1.0,0.0,0.0,0.0,0.0,0.0,1
2,tiki,4,FFN1,bert.encoder.layer.4.intermediate.dense,0.001,31,0,0,0,1.0,0.0,0.0,0.0,0.0,0.0,0.0,0.0,0.0,0.00025524268858134747,1.0,0.0,0.0,1.0,1.0,0.0,1.0,0.0,0.0,0.0,0.08984375,0.039316706359386444,1.0,0.0,0.0,0.0030919923447072506,0.0,0.0004909507697448134,0.8551832437515259,0.9942122565375434,0.0,0.0,1,0.0,0.0,0.0,0.005787743462456597,1.0,0.0,0.0,0.0,0.0,0.0,1
2,tiki,4,FFN2,bert.encoder.layer.4.output.dense,0.001,31,0,0,0,1.0,0.0,0.0,0.0,0.0,0.0,0.0,0.0,0.0,0.0002184449986089021,1.0,0.0,0.0,1.0,1.0,0.0,1.0,0.0,0.0,0.0,0.041015625,0.058257803320884705,1.0,0.0,0.0,-0.0074346112087368965,0.0,0.00043752609053626657,0.6651425361633301,0.9954800075954862,0.0,0.0,1,0.0,0.0,0.0,0.004519992404513889,1.0,0.0,0.0,0.0,0.0,0.0,1
2,tiki,5,Q,bert.encoder.layer.5.attention.self.query,0.001,31,0,0,0,1.0,0.0,0.0,0.0,0.0,0.0,0.0,0.0,0.0,0.00019701676501426846,1.0,0.0,0.0,1.0,1.0,0.0,1.0,0.0,0.0,0.0,0.0234375,0.08394705504179001,1.0,0.0,0.0,0.04395795613527298,0.0,0.000647297827526927,0.760162889957428,0.9938456217447916,0.0,0.0,1,0.0,0.0,0.0,0.006154378255208333,1.0,0.0,0.0,0.0,0.0,0.0,1
2,tiki,5,K,bert.encoder.layer.5.attention.self.key,0.001,31,0,0,0,1.0,0.0,0.0,0.0,0.0,0.0,0.0,0.0,0.0,0.00020461587700992823,1.0,0.0,0.0,1.0,1.0,0.0,1.0,0.0,0.0,0.0,0.021484375,0.0778208076953888,1.0,0.0,0.0,0.016604211181402206,0.0,0.0006406927132047713,0.760162889957428,0.9938557942708334,0.0,0.0,1,0.0,0.0,0.0,0.006144205729166667,1.0,0.0,0.0,0.0,0.0,0.0,1
2,tiki,5,V,bert.encoder.layer.5.attention.self.value,0.001,31,0,0,0,1.0,0.0,0.0,0.0,0.0,0.0,0.0,0.0,0.0,0.0003976915031671524,1.0,0.0,0.0,1.0,1.0,0.0,1.0,0.0,0.0,0.0,0.005859375,0.09723648428916931,1.0,0.0,0.0,0.0038773538544774055,0.0,0.0007653031498193741,0.9977138042449951,0.9938167995876737,0.0,0.0,1,0.0,0.0,0.0,0.006183200412326389,1.0,0.0,0.0,0.0,0.0,0.0,1
2,tiki,5,O,bert.encoder.layer.5.attention.output.dense,0.001,31,0,0,0,1.0,0.0,0.0,0.0,0.0,0.0,0.0,0.0,0.0,0.00042508437763899565,1.0,0.0,0.0,1.0,1.0,0.0,1.0,0.0,0.0,0.0,0.015625,0.10699477046728134,1.0,0.0,0.0,-0.018507402390241623,0.0,0.0007678002584725618,0.9977138042449951,0.9936981201171875,0.0,0.0,1,0.0,0.0,0.0,0.0063018798828125,1.0,0.0,0.0,0.0,0.0,0.0,1
2,tiki,5,FFN1,bert.encoder.layer.5.intermediate.dense,0.001,31,0,0,0,1.0,0.0,0.0,0.0,0.0,0.0,0.0,0.0,0.0,0.000275525264441967,1.0,0.0,0.0,1.0,1.0,0.0,1.0,0.0,0.0,0.0,0.0546875,0.0379241406917572,1.0,0.0,0.0,-0.0009983209893107414,0.0,0.0005128200864419341,0.9026933908462524,0.9941779242621528,0.0,0.0,1,0.0,0.0,0.0,0.005822075737847222,1.0,0.0,0.0,0.0,0.0,0.0,1
2,tiki,5,FFN2,bert.encoder.layer.5.output.dense,0.001,31,0,0,0,1.0,0.0,0.0,0.0,0.0,0.0,0.0,0.0,0.0,0.0002385167608736083,1.0,0.0,0.0,1.0,1.0,0.0,1.0,0.0,0.0,0.0,0.0234375,0.07502295076847076,1.0,0.0,0.0,0.08610191941261292,0.0,0.0005485236761160195,0.9977138042449951,0.9954189724392362,0.0,0.0,1,0.0,0.0,0.0,0.004581027560763889,1.0,0.0,0.0,0.0,0.0,0.0,1
2,tiki,6,Q,bert.encoder.layer.6.attention.self.query,0.001,31,0,0,0,1.0,0.0,0.0,0.0,0.0,0.0,0.0,0.0,0.0,0.0001879436313174665,1.0,0.0,0.0,1.0,1.0,0.0,1.0,0.0,0.0,0.0,0.025390625,0.08069057762622833,1.0,0.0,0.0,-0.012486247345805168,0.0,0.0006054120603948832,0.9977138042449951,0.9939253065321181,0.0,0.0,1,0.0,0.0,0.0,0.006074693467881944,1.0,0.0,0.0,0.0,0.0,0.0,1
2,tiki,6,K,bert.encoder.layer.6.attention.self.key,0.001,31,0,0,0,1.0,0.0,0.0,0.0,0.0,0.0,0.0,0.0,0.0,0.00020931581093464047,1.0,0.0,0.0,1.0,1.0,0.0,1.0,0.0,0.0,0.0,0.015625,0.07844105362892151,1.0,0.0,0.0,0.033026788383722305,0.0,0.0006274020415730774,0.7126526832580566,0.99395751953125,0.0,0.0,1,0.0,0.0,0.0,0.00604248046875,1.0,0.0,0.0,0.0,0.0,0.0,1
2,tiki,6,V,bert.encoder.layer.6.attention.self.value,0.001,31,0,0,0,1.0,0.0,0.0,0.0,0.0,0.0,0.0,0.0,0.0,0.0006262314273044467,1.0,0.0,0.0,1.0,1.0,0.0,1.0,0.0,0.0,0.0,0.009765625,0.10111047327518463,1.0,0.0,0.0,-0.025980034843087196,0.0,0.0007966371485963464,0.9977138042449951,0.9937896728515625,0.0,0.0,1,0.0,0.0,0.0,0.0062103271484375,1.0,0.0,0.0,0.0,0.0,0.0,1
2,tiki,6,O,bert.encoder.layer.6.attention.output.dense,0.001,31,0,0,0,1.0,0.0,0.0,0.0,0.0,0.0,0.0,0.0,0.0,0.0005060648545622826,1.0,0.0,0.0,1.0,1.0,0.0,1.0,0.0,0.0,0.0,0.017578125,0.12913496792316437,1.0,0.0,0.0,0.08332647383213043,0.0,0.00107187544927001,0.9977138042449951,0.9934658474392362,0.0,0.0,1,0.0,0.0,0.0,0.006534152560763889,1.0,0.0,0.0,0.0,0.0,0.0,1
2,tiki,6,FFN1,bert.encoder.layer.6.intermediate.dense,0.001,31,0,0,0,1.0,0.0,0.0,0.0,0.0,0.0,0.0,0.0,0.0,0.00031683812267147005,1.0,0.0,0.0,1.0,1.0,0.0,1.0,0.0,0.0,0.0,0.05859375,0.03763933479785919,1.0,0.0,0.0,-0.003055142005905509,0.0,0.0005155791295692325,0.9026933908462524,0.9941122266981337,0.0,0.0,1,0.0,0.0,0.0,0.005887773301866319,1.0,0.0,0.0,0.0,0.0,0.0,1
2,tiki,6,FFN2,bert.encoder.layer.6.output.dense,0.001,31,0,0,0,1.0,0.0,0.0,0.0,0.0,0.0,0.0,0.0,0.0,0.000263709865976125,1.0,0.0,0.0,1.0,1.0,0.0,1.0,0.0,0.0,0.0,0.015625,0.07835601270198822,1.0,0.0,0.0,-0.03228461742401123,0.0,0.0005219824961386621,0.950203537940979,0.9953248765733507,0.0,0.0,1,0.0,0.0,0.0,0.004675123426649306,1.0,0.0,0.0,0.0,0.0,0.0,1
2,tiki,7,Q,bert.encoder.layer.7.attention.self.query,0.001,31,0,0,0,1.0,0.0,0.0,0.0,0.0,0.0,0.0,0.0,0.0,0.00017371444846503437,1.0,0.0,0.0,1.0,1.0,0.0,1.0,0.0,0.0,0.0,0.0390625,0.07201260328292847,1.0,0.0,0.0,0.07460026443004608,0.0,0.0005826969863846898,0.6651425361633301,0.9938998752170138,0.0,0.0,1,0.0,0.0,0.0,0.006100124782986111,1.0,0.0,0.0,0.0,0.0,0.0,1
2,tiki,7,K,bert.encoder.layer.7.attention.self.key,0.001,31,0,0,0,1.0,0.0,0.0,0.0,0.0,0.0,0.0,0.0,0.0,0.00020486934226937592,1.0,0.0,0.0,1.0,1.0,0.0,1.0,0.0,0.0,0.0,0.025390625,0.060234569013118744,1.0,0.0,0.0,-0.040641266852617264,0.0,0.0005696478765457869,0.6176323890686035,0.9940338134765625,0.0,0.0,1,0.0,0.0,0.0,0.0059661865234375,1.0,0.0,0.0,0.0,0.0,0.0,1
2,tiki,7,V,bert.encoder.layer.7.attention.self.value,0.001,31,0,0,0,1.0,0.0,0.0,0.0,0.0,0.0,0.0,0.0,0.0,0.0005244212225079536,1.0,0.0,0.0,1.0,1.0,0.0,1.0,0.0,0.0,0.0,0.0390625,0.08862313628196716,1.0,0.0,0.0,-0.04108947142958641,0.0,0.0007868905086070299,0.9977138042449951,0.9938066270616319,0.0,0.0,1,0.0,0.0,0.0,0.006193372938368056,1.0,0.0,0.0,0.0,0.0,0.0,1
2,tiki,7,O,bert.encoder.layer.7.attention.output.dense,0.001,31,0,0,0,1.0,0.0,0.0,0.0,0.0,0.0,0.0,0.0,0.0,0.0005213463446125388,1.0,0.0,0.0,1.0,1.0,0.0,1.0,0.0,0.0,0.0,0.00390625,0.13033241033554077,1.0,0.0,0.0,0.008555902168154716,0.0,0.0008932969067245722,0.9977138042449951,0.9936642116970487,0.0,0.0,1,0.0,0.0,0.0,0.006335788302951389,1.0,0.0,0.0,0.0,0.0,0.0,1
2,tiki,7,FFN1,bert.encoder.layer.7.intermediate.dense,0.001,31,0,0,0,1.0,0.0,0.0,0.0,0.0,0.0,0.0,0.0,0.0,0.00033592607360333204,1.0,0.0,0.0,1.0,1.0,0.0,1.0,0.0,0.0,0.0,0.037109375,0.0419309064745903,1.0,0.0,0.0,-0.0031524114310741425,0.0,0.0005075845401734114,0.9026933908462524,0.994119856092665,0.0,0.0,1,0.0,0.0,0.0,0.005880143907335069,1.0,0.0,0.0,0.0,0.0,0.0,1
2,tiki,7,FFN2,bert.encoder.layer.7.output.dense,0.001,31,0,0,0,1.0,0.0,0.0,0.0,0.0,0.0,0.0,0.0,0.0,0.00030956874252296984,1.0,0.0,0.0,1.0,1.0,0.0,1.0,0.0,0.0,0.0,0.015625,0.0879795253276825,1.0,0.0,0.0,-0.005763471592217684,0.0,0.000619669386651367,0.9977138042449951,0.995247311062283,0.0,0.0,1,0.0,0.0,0.0,0.004752688937717014,1.0,0.0,0.0,0.0,0.0,0.0,1
2,tiki,8,Q,bert.encoder.layer.8.attention.self.query,0.001,31,0,0,0,1.0,0.0,0.0,0.0,0.0,0.0,0.0,0.0,0.0,0.0003032037056982517,1.0,0.0,0.0,1.0,1.0,0.0,1.0,0.0,0.0,0.0,0.013671875,0.06718383729457855,1.0,0.0,0.0,0.03655029460787773,0.0,0.0005800388753414154,0.6651425361633301,0.993927001953125,0.0,0.0,1,0.0,0.0,0.0,0.006072998046875,1.0,0.0,0.0,0.0,0.0,0.0,1
2,tiki,8,K,bert.encoder.layer.8.attention.self.key,0.001,31,0,0,0,1.0,0.0,0.0,0.0,0.0,0.0,0.0,0.0,0.0,0.0002683121128939092,1.0,0.0,0.0,1.0,1.0,0.0,1.0,0.0,0.0,0.0,0.025390625,0.08325973153114319,1.0,0.0,0.0,-0.03278397396206856,0.0,0.0006201525102369487,0.8076730370521545,0.9938269721137153,0.0,0.0,1,0.0,0.0,0.0,0.006173027886284722,1.0,0.0,0.0,0.0,0.0,0.0,1
2,tiki,8,V,bert.encoder.layer.8.attention.self.value,0.001,31,0,0,0,1.0,0.0,0.0,0.0,0.0,0.0,0.0,0.0,0.0,0.0005022843834012747,1.0,0.0,0.0,1.0,1.0,0.0,1.0,0.0,0.0,0.0,0.013671875,0.1257847547531128,1.0,0.0,0.0,0.016260145232081413,0.0,0.0009524203487671912,0.9977138042449951,0.9936319986979166,0.0,0.0,1,0.0,0.0,0.0,0.006368001302083333,1.0,0.0,0.0,0.0,0.0,0.0,1
2,tiki,8,O,bert.encoder.layer.8.attention.output.dense,0.001,31,0,0,0,1.0,0.0,0.0,0.0,0.0,0.0,0.0,0.0,0.0,0.0005374585161916912,1.0,0.0,0.0,1.0,1.0,0.0,1.0,0.0,0.0,0.00390625,0.013671875,0.14756354689598083,1.0,0.0,0.0,0.010906468145549297,0.0,0.000737030291929841,0.6651425361633301,0.9937099880642362,0.0,0.0,1,0.0,0.0,0.0,0.006290011935763889,1.0,0.0,0.0,0.0,0.0,0.0,1
2,tiki,8,FFN1,bert.encoder.layer.8.intermediate.dense,0.001,31,0,0,0,1.0,0.0,0.0,0.0,0.0,0.0,0.0,0.0,0.0,0.0003401550929993391,1.0,0.0,0.0,1.0,1.0,0.0,1.0,0.0,0.0,0.0,0.06640625,0.044674135744571686,1.0,0.0,0.0,0.031484879553318024,0.0,0.0004942936939187348,0.8551832437515259,0.994148678249783,0.0,0.0,1,0.0,0.0,0.0,0.005851321750217014,1.0,0.0,0.0,0.0,0.0,0.0,1
2,tiki,8,FFN2,bert.encoder.layer.8.output.dense,0.001,31,0,0,0,1.0,0.0,0.0,0.0,0.0,0.0,0.0,0.0,0.0,0.0002990458160638809,1.0,0.0,0.0,1.0,1.0,0.0,1.0,0.0,0.0,0.0,0.01171875,0.12420179694890976,1.0,0.0,0.0,-0.007045549340546131,0.0,0.0008038663654588163,0.9977138042449951,0.9950748019748263,0.0,0.0,1,0.0,0.0,0.0,0.004925198025173611,1.0,0.0,0.0,0.0,0.0,0.0,1
2,tiki,9,Q,bert.encoder.layer.9.attention.self.query,0.001,31,0,0,0,1.0,0.0,0.0,0.0,0.0,0.0,0.0,0.0,0.0,0.0002745656529441476,1.0,0.0,0.0,1.0,1.0,0.0,1.0,0.0,0.0,0.0,0.021484375,0.07568755745887756,1.0,0.0,0.0,0.004655740689486265,0.0,0.0006899890722706914,0.9026933908462524,0.9938642713758681,0.0,0.0,1,0.0,0.0,0.0,0.006135728624131944,1.0,0.0,0.0,0.0,0.0,0.0,1
2,tiki,9,K,bert.encoder.layer.9.attention.self.key,0.001,31,0,0,0,1.0,0.0,0.0,0.0,0.0,0.0,0.0,0.0,0.0,0.0002300286723766476,1.0,0.0,0.0,1.0,1.0,0.0,1.0,0.0,0.0,0.0,0.025390625,0.0837739109992981,1.0,0.0,0.0,-0.06590729206800461,0.0,0.0006768596940673888,0.950203537940979,0.9938337537977431,0.0,0.0,1,0.0,0.0,0.0,0.006166246202256944,1.0,0.0,0.0,0.0,0.0,0.0,1
2,tiki,9,V,bert.encoder.layer.9.attention.self.value,0.001,31,0,0,0,1.0,0.0,0.0,0.0,0.0,0.0,0.0,0.0,0.0,0.0005367436679080129,1.0,0.0,0.0,1.0,1.0,0.0,1.0,0.0,0.0,0.0,0.009765625,0.11627687513828278,1.0,0.0,0.0,0.12480378150939941,0.0,0.0008364286040887237,0.9977138042449951,0.9936930338541666,0.0,0.0,1,0.0,0.0,0.0,0.006306966145833333,1.0,0.0,0.0,0.0,0.0,0.0,1
2,tiki,9,O,bert.encoder.layer.9.attention.output.dense,0.001,31,0,0,0,1.0,0.0,0.0,0.0,0.0,0.0,0.0,0.0,0.0,0.0005981153808534145,1.0,0.0,0.0,1.0,1.0,0.0,1.0,0.0,0.0,0.0078125,0.00390625,0.20120978355407715,1.0,0.0,0.0,-0.006522316951304674,0.0,0.0017796666361391544,0.9977138042449951,0.9933268229166666,0.0,0.0,1,0.0,0.0,0.0,0.006673177083333333,1.0,0.0,0.0,0.0,0.0,0.0,1
2,tiki,9,FFN1,bert.encoder.layer.9.intermediate.dense,0.001,31,0,0,0,1.0,0.0,0.0,0.0,0.0,0.0,0.0,0.0,0.0,0.0002781024668365717,1.0,0.0,0.0,1.0,1.0,0.0,1.0,0.0,0.0,0.0,0.046875,0.05097103491425514,1.0,0.0,0.0,0.004680044017732143,0.0,0.0005519473925232887,0.9977138042449951,0.9940668741861979,0.0,0.0,1,0.0,0.0,0.0,0.005933125813802083,1.0,0.0,0.0,0.0,0.0,0.0,1
2,tiki,9,FFN2,bert.encoder.layer.9.output.dense,0.001,31,0,0,0,1.0,0.0,0.0,0.0,0.0,0.0,0.0,0.0,0.0,0.0002803865063469857,1.0,0.0,0.0,1.0,1.0,0.0,1.0,0.0,0.0,0.0,0.01171875,0.1456422209739685,1.0,0.0,0.0,0.01694643683731556,0.0,0.0009742894326336682,0.9977138042449951,0.9950591193305122,0.0,0.0,1,0.0,0.0,0.0,0.004940880669487847,1.0,0.0,0.0,0.0,0.0,0.0,1
2,tiki,10,Q,bert.encoder.layer.10.attention.self.query,0.001,31,0,0,0,1.0,0.0,0.0,0.0,0.0,0.0,0.0,0.0,0.0,0.00024914724053815007,1.0,0.0,0.0,1.0,1.0,0.0,1.0,0.0,0.0,0.0,0.025390625,0.08376844227313995,1.0,0.0,0.0,-0.07778999209403992,0.0,0.000705213169567287,0.8551832437515259,0.9937422010633681,0.0,0.0,1,0.0,0.0,0.0,0.006257798936631944,1.0,0.0,0.0,0.0,0.0,0.0,1
2,tiki,10,K,bert.encoder.layer.10.attention.self.key,0.001,31,0,0,0,1.0,0.0,0.0,0.0,0.0,0.0,0.0,0.0,0.0,0.00021730363368988037,1.0,0.0,0.0,1.0,1.0,0.0,1.0,0.0,0.0,0.0,0.03515625,0.08348603546619415,1.0,0.0,0.0,-0.0034239881206303835,0.0,0.0006340071558952332,0.8076730370521545,0.9938829210069444,0.0,0.0,1,0.0,0.0,0.0,0.006117078993055556,1.0,0.0,0.0,0.0,0.0,0.0,1
2,tiki,10,V,bert.encoder.layer.10.attention.self.value,0.001,31,0,0,0,1.0,0.0,0.0,0.0,0.0,0.0,0.0,0.0,0.0,0.00042871347977779806,1.0,0.0,0.0,1.0,1.0,0.0,1.0,0.0,0.0,0.0,0.01953125,0.12757453322410583,1.0,0.0,0.0,-0.08058860898017883,0.0,0.0007821382023394108,0.950203537940979,0.9937320285373263,0.0,0.0,1,0.0,0.0,0.0,0.006267971462673611,1.0,0.0,0.0,0.0,0.0,0.0,1
2,tiki,10,O,bert.encoder.layer.10.attention.output.dense,0.001,31,0,0,0,1.0,0.0,0.0,0.0,0.0,0.0,0.0,0.0,0.0,0.0004348984803073108,1.0,0.0,0.0,1.0,1.0,0.0,1.0,0.0,0.0,0.017578125,0.0078125,0.19774293899536133,1.0,0.0,0.0,-0.016230925917625427,0.0,0.001348241581581533,0.9977138042449951,0.9933641221788194,0.0,0.0,1,0.0,0.0,0.0,0.006635877821180556,1.0,0.0,0.0,0.0,0.0,0.0,1
2,tiki,10,FFN1,bert.encoder.layer.10.intermediate.dense,0.001,31,0,0,0,1.0,0.0,0.0,0.0,0.0,0.0,0.0,0.0,0.0,0.00028614525217562914,1.0,0.0,0.0,1.0,1.0,0.0,1.0,0.0,0.0,0.0,0.05859375,0.047013331204652786,1.0,0.0,0.0,-0.035248298197984695,0.0,0.0005670904647558928,0.9977138042449951,0.9941427442762587,0.0,0.0,1,0.0,0.0,0.0,0.005857255723741319,1.0,0.0,0.0,0.0,0.0,0.0,1
2,tiki,10,FFN2,bert.encoder.layer.10.output.dense,0.001,31,0,0,0,1.0,0.0,0.0,0.0,0.0,0.0,0.0,0.0,0.0,0.0002813748433254659,1.0,0.0,0.0,1.0,1.0,0.0,1.0,0.0,0.0,0.013671875,0.015625,0.19954384863376617,1.0,0.0,0.0,0.06029464676976204,0.0,0.0013642912963405252,0.9977138042449951,0.9950692918565538,0.0,0.0,1,0.0,0.0,0.0,0.004930708143446181,1.0,0.0,0.0,0.0,0.0,0.0,1
2,tiki,11,Q,bert.encoder.layer.11.attention.self.query,0.001,31,0,0,0,1.0,0.0,0.0,0.0,0.0,0.0,0.0,0.0,0.0,0.00025191358872689307,1.0,0.0,0.0,1.0,1.0,0.0,1.0,0.0,0.0,0.0,0.0390625,0.09183745086193085,1.0,0.0,0.0,-0.040106646716594696,0.0,0.000867762544658035,0.9977138042449951,0.9938337537977431,0.0,0.0,1,0.0,0.0,0.0,0.006166246202256944,1.0,0.0,0.0,0.0,0.0,0.0,1
2,tiki,11,K,bert.encoder.layer.11.attention.self.key,0.001,31,0,0,0,1.0,0.0,0.0,0.0,0.0,0.0,0.0,0.0,0.0,0.00019647786393761635,1.0,0.0,0.0,1.0,1.0,0.0,1.0,0.0,0.0,0.0,0.05078125,0.07678840309381485,1.0,0.0,0.0,0.09629146754741669,0.0,0.0005841468228027225,0.6651425361633301,0.9939253065321181,0.0,0.0,1,0.0,0.0,0.0,0.006074693467881944,1.0,0.0,0.0,0.0,0.0,0.0,1
2,tiki,11,V,bert.encoder.layer.11.attention.self.value,0.001,31,0,0,0,1.0,0.0,0.0,0.0,0.0,0.0,0.0,0.0,0.0,0.0004192719061393291,1.0,0.0,0.0,1.0,1.0,0.0,1.0,0.0,0.0,0.0,0.02734375,0.10840977728366852,1.0,0.0,0.0,0.002480094786733389,0.0,0.0007364664925262332,0.9026933908462524,0.9937252468532987,0.0,0.0,1,0.0,0.0,0.0,0.006274753146701389,1.0,0.0,0.0,0.0,0.0,0.0,1
2,tiki,11,O,bert.encoder.layer.11.attention.output.dense,0.001,31,0,0,0,1.0,0.0,0.0,0.0,0.0,0.0,0.0,0.0,0.0,0.0004760623269248754,1.0,0.0,0.0,1.0,1.0,0.0,1.0,0.0,0.0,0.015625,0.013671875,0.23185843229293823,1.0,0.0,0.0,0.010984190739691257,0.0,0.0011958415852859616,0.9977138042449951,0.9936370849609375,0.0,0.0,1,0.0,0.0,0.0,0.0063629150390625,1.0,0.0,0.0,0.0,0.0,0.0,1
2,tiki,11,FFN1,bert.encoder.layer.11.intermediate.dense,0.001,31,0,0,0,1.0,0.0,0.0,0.0,0.0,0.0,0.0,0.0,0.0,0.00036314476164989173,1.0,0.0,0.0,1.0,1.0,0.0,1.0,0.0,0.0,0.001953125,0.076171875,0.061051785945892334,1.0,0.0,0.0,0.07705114781856537,0.0,0.0006865056930109859,0.9977138042449951,0.9940973917643229,0.0,0.0,1,0.0,0.0,0.0,0.005902608235677083,1.0,0.0,0.0,0.0,0.0,0.0,1
2,tiki,11,FFN2,bert.encoder.layer.11.output.dense,0.001,31,0,0,0,1.0,0.0,0.0,0.0,0.0,0.0,0.0,0.0,0.001953125,0.0003228934365324676,1.0,0.0,0.0,1.0,1.0,0.0,1.0,0.0,0.0,0.095703125,0.0078125,0.20974664390087128,1.0,0.0,0.0,-0.03459111973643303,0.0,0.001794265815988183,0.9977138042449951,0.9952816433376737,0.0,0.0,1,0.0,0.0,0.0,0.004718356662326389,1.0,0.0,0.0,0.0,0.0,0.0,1
3,tiki,0,Q,bert.encoder.layer.0.attention.self.query,0.001,31,0,0,0,1.0,0.0,0.0,0.0,0.0,0.0,0.0,0.0,0.0,0.00013566586130764335,1.0,0.0,0.0,1.0,1.0,0.0,1.0,0.0,0.0,0.0,0.009765625,0.1330682635307312,1.0,0.0,0.0,0.010550846345722675,0.0,0.001287668477743864,0.760162889957428,0.9912753634982638,0.0,0.0,1,0.0,0.0,0.0,0.008724636501736112,1.0,0.0,0.0,0.0,0.0,0.0,1
3,tiki,0,K,bert.encoder.layer.0.attention.self.key,0.001,31,0,0,0,1.0,0.0,0.0,0.0,0.0,0.0,0.0,0.0,0.0,0.00013156580098439008,1.0,0.0,0.0,1.0,1.0,0.0,1.0,0.0,0.0,0.0,0.01171875,0.1661638617515564,1.0,0.0,0.0,-0.010912260971963406,0.0,0.0015277875354513526,0.950203537940979,0.9911482069227431,0.0,0.0,1,0.0,0.0,0.0,0.008851793077256944,1.0,0.0,0.0,0.0,0.0,0.0,1
3,tiki,0,V,bert.encoder.layer.0.attention.self.value,0.001,31,0,0,0,1.0,0.0,0.0,0.0,0.0,0.0,0.0,0.0,0.0,0.0003168009570799768,1.0,0.0,0.0,1.0,1.0,0.0,1.0,0.0,0.0,0.0,0.015625,0.17852947115898132,1.0,0.0,0.0,0.01568230241537094,0.0,0.0015028973575681448,0.9977138042449951,0.9911380343967013,0.0,0.0,1,0.0,0.0,0.0,0.008861965603298612,1.0,0.0,0.0,0.0,0.0,0.0,1
3,tiki,0,O,bert.encoder.layer.0.attention.output.dense,0.001,31,0,0,0,1.0,0.0,0.0,0.0,0.0,0.0,0.0,0.0,0.0,0.0003793183423113078,1.0,0.0,0.0,1.0,1.0,0.0,1.0,0.0,0.0,0.0,0.009765625,0.14409297704696655,1.0,0.0,0.0,-0.024957716464996338,0.0,0.0012722836108878255,0.9977138042449951,0.9912634955512153,0.0,0.0,1,0.0,0.0,0.0,0.008736504448784722,1.0,0.0,0.0,0.0,0.0,0.0,1
3,tiki,0,FFN1,bert.encoder.layer.0.intermediate.dense,0.001,31,0,0,0,1.0,0.0,0.0,0.0,0.0,0.0,0.0,0.0,0.0,0.0002613800170365721,1.0,0.0,0.0,1.0,1.0,0.0,1.0,0.0,0.0,0.0,0.05859375,0.0334429070353508,1.0,0.0,0.0,0.03538968414068222,0.0,0.0006426865002140403,0.6651425361633301,0.9921891954210069,0.0,0.0,1,0.0,0.0,0.0,0.007810804578993056,1.0,0.0,0.0,0.0,0.0,0.0,1
3,tiki,0,FFN2,bert.encoder.layer.0.output.dense,0.001,31,0,0,0,1.0,0.0,0.0,0.0,0.0,0.0,0.0,0.0,0.0,0.0002066093438770622,1.0,0.0,0.0,1.0,1.0,0.0,1.0,0.0,0.0,0.0,0.041015625,0.0484071709215641,1.0,0.0,0.0,0.07522837072610855,0.0,0.000494031875859946,0.8076730370521545,0.9941520690917969,0.0,0.0,1,0.0,0.0,0.0,0.005847930908203125,1.0,0.0,0.0,0.0,0.0,0.0,1
3,tiki,1,Q,bert.encoder.layer.1.attention.self.query,0.001,31,0,0,0,1.0,0.0,0.0,0.0,0.0,0.0,0.0,0.0,0.0,0.0003082634648308158,1.0,0.0,0.0,1.0,1.0,0.0,1.0,0.0,0.0,0.0,0.0078125,0.10481113195419312,1.0,0.0,0.0,0.03989965841174126,0.0,0.001259395619854331,0.950203537940979,0.9912567138671875,0.0,0.0,1,0.0,0.0,0.0,0.0087432861328125,1.0,0.0,0.0,0.0,0.0,0.0,1
3,tiki,1,K,bert.encoder.layer.1.attention.self.key,0.001,31,0,0,0,1.0,0.0,0.0,0.0,0.0,0.0,0.0,0.0,0.0,0.00019806544878520072,1.0,0.0,0.0,1.0,1.0,0.0,1.0,0.0,0.0,0.0,0.009765625,0.1293061077594757,1.0,0.0,0.0,0.03241565078496933,0.0,0.0012905681505799294,0.8551832437515259,0.9911939832899306,0.0,0.0,1,0.0,0.0,0.0,0.008806016710069444,1.0,0.0,0.0,0.0,0.0,0.0,1
3,tiki,1,V,bert.encoder.layer.1.attention.self.value,0.001,31,0,0,0,1.0,0.0,0.0,0.0,0.0,0.0,0.0,0.0,0.0,0.0003411006764508784,1.0,0.0,0.0,1.0,1.0,0.0,1.0,0.0,0.0,0.0,0.009765625,0.14604884386062622,1.0,0.0,0.0,0.16228827834129333,0.0,0.001338575966656208,0.950203537940979,0.9912041558159722,0.0,0.0,1,0.0,0.0,0.0,0.008795844184027778,1.0,0.0,0.0,0.0,0.0,0.0,1
3,tiki,1,O,bert.encoder.layer.1.attention.output.dense,0.001,31,0,0,0,1.0,0.0,0.0,0.0,0.0,0.0,0.0,0.0,0.0,0.0003956146538257599,1.0,0.0,0.0,1.0,1.0,0.0,1.0,0.0,0.0,0.0,0.015625,0.11617565155029297,1.0,0.0,0.0,-0.08162816613912582,0.0,0.0015144963981583714,0.9977138042449951,0.9911549886067709,0.0,0.0,1,0.0,0.0,0.0,0.008845011393229166,1.0,0.0,0.0,0.0,0.0,0.0,1
3,tiki,1,FFN1,bert.encoder.layer.1.intermediate.dense,0.001,31,0,0,0,1.0,0.0,0.0,0.0,0.0,0.0,0.0,0.0,0.0,0.00033014631480909884,1.0,0.0,0.0,1.0,1.0,0.0,1.0,0.0,0.0,0.001953125,0.06640625,0.037704359740018845,1.0,0.0,0.0,0.06389670073986053,0.0,0.0006898683495819569,0.9026933908462524,0.9921557108561198,0.0,0.0,1,0.0,0.0,0.0,0.007844289143880209,1.0,0.0,0.0,0.0,0.0,0.0,1
3,tiki,1,FFN2,bert.encoder.layer.1.output.dense,0.001,31,0,0,0,1.0,0.0,0.0,0.0,0.0,0.0,0.0,0.0,0.0,0.000202986499061808,1.0,0.0,0.0,1.0,1.0,0.0,1.0,0.0,0.0,0.0,0.044921875,0.04829312115907669,1.0,0.0,0.0,-0.02648341841995716,0.0,0.0006475800764746964,0.8551832437515259,0.9938083224826388,0.0,0.0,1,0.0,0.0,0.0,0.006191677517361111,1.0,0.0,0.0,0.0,0.0,0.0,1
3,tiki,2,Q,bert.encoder.layer.2.attention.self.query,0.001,31,0,0,0,1.0,0.0,0.0,0.0,0.0,0.0,0.0,0.0,0.0,0.00017470239254180342,1.0,0.0,0.0,1.0,1.0,0.0,1.0,0.0,0.0,0.0,0.02734375,0.08550964295864105,1.0,0.0,0.0,-0.011237731203436852,0.0,0.0010804947232827544,0.9977138042449951,0.9915737575954862,0.0,0.0,1,0.0,0.0,0.0,0.008426242404513888,1.0,0.0,0.0,0.0,0.0,0.0,1
3,tiki,2,K,bert.encoder.layer.2.attention.self.key,0.001,31,0,0,0,1.0,0.0,0.0,0.0,0.0,0.0,0.0,0.0,0.0,0.000143810932058841,1.0,0.0,0.0,1.0,1.0,0.0,1.0,0.0,0.0,0.0,0.017578125,0.11323817074298859,1.0,0.0,0.0,-0.08932176232337952,0.0,0.0011543580330908298,0.8551832437515259,0.9915398491753472,0.0,0.0,1,0.0,0.0,0.0,0.008460150824652778,1.0,0.0,0.0,0.0,0.0,0.0,1
3,tiki,2,V,bert.encoder.layer.2.attention.self.value,0.001,31,0,0,0,1.0,0.0,0.0,0.0,0.0,0.0,0.0,0.0,0.0,0.0004339824372436851,1.0,0.0,0.0,1.0,1.0,0.0,1.0,0.0,0.0,0.0,0.02734375,0.10271225869655609,1.0,0.0,0.0,-0.09278310835361481,0.0,0.0011095729423686862,0.760162889957428,0.9915313720703125,0.0,0.0,1,0.0,0.0,0.0,0.0084686279296875,1.0,0.0,0.0,0.0,0.0,0.0,1
3,tiki,2,O,bert.encoder.layer.2.attention.output.dense,0.001,31,0,0,0,1.0,0.0,0.0,0.0,0.0,0.0,0.0,0.0,0.0,0.0004975267802365124,1.0,0.0,0.0,1.0,1.0,0.0,1.0,0.0,0.0,0.0,0.00390625,0.10281175374984741,1.0,0.0,0.0,-0.010137966834008694,0.0,0.0013546055415645242,0.9977138042449951,0.9912448459201388,0.0,0.0,1,0.0,0.0,0.0,0.008755154079861112,1.0,0.0,0.0,0.0,0.0,0.0,1
3,tiki,2,FFN1,bert.encoder.layer.2.intermediate.dense,0.001,31,0,0,0,1.0,0.0,0.0,0.0,0.0,0.0,0.0,0.0,0.0,0.00025764742167666554,1.0,0.0,0.0,1.0,1.0,0.0,1.0,0.0,0.0,0.0,0.05859375,0.04186307638883591,1.0,0.0,0.0,0.024723198264837265,0.0,0.0006945404456928372,0.8551832437515259,0.992140875922309,0.0,0.0,1,0.0,0.0,0.0,0.007859124077690972,1.0,0.0,0.0,0.0,0.0,0.0,1
3,tiki,2,FFN2,bert.encoder.layer.2.output.dense,0.001,31,0,0,0,1.0,0.0,0.0,0.0,0.0,0.0,0.0,0.0,0.0,0.00020910074817948043,1.0,0.0,0.0,1.0,1.0,0.0,1.0,0.0,0.0,0.0,0.021484375,0.05564964935183525,1.0,0.0,0.0,0.1145816370844841,0.0,0.0006822762661613524,0.9977138042449951,0.9938769870334201,0.0,0.0,1,0.0,0.0,0.0,0.006123012966579861,1.0,0.0,0.0,0.0,0.0,0.0,1
3,tiki,3,Q,bert.encoder.layer.3.attention.self.query,0.001,31,0,0,0,1.0,0.0,0.0,0.0,0.0,0.0,0.0,0.0,0.0,0.0002084215811919421,1.0,0.0,0.0,1.0,1.0,0.0,1.0,0.0,0.0,0.0,0.021484375,0.09708273410797119,1.0,0.0,0.0,-0.023598650470376015,0.0,0.0011609636712819338,0.950203537940979,0.9914449055989584,0.0,0.0,1,0.0,0.0,0.0,0.008555094401041666,1.0,0.0,0.0,0.0,0.0,0.0,1
3,tiki,3,K,bert.encoder.layer.3.attention.self.key,0.001,31,0,0,0,1.0,0.0,0.0,0.0,0.0,0.0,0.0,0.0,0.0,0.00018279894720762968,1.0,0.0,0.0,1.0,1.0,0.0,1.0,0.0,0.0,0.0,0.025390625,0.10733157396316528,1.0,0.0,0.0,-0.009353614412248135,0.0,0.0011231857351958752,0.9977138042449951,0.9914584689670138,0.0,0.0,1,0.0,0.0,0.0,0.008541531032986112,1.0,0.0,0.0,0.0,0.0,0.0,1
3,tiki,3,V,bert.encoder.layer.3.attention.self.value,0.001,31,0,0,0,1.0,0.0,0.0,0.0,0.0,0.0,0.0,0.0,0.0,0.00047162140253931284,1.0,0.0,0.0,1.0,1.0,0.0,1.0,0.0,0.0,0.0,0.00390625,0.12111583352088928,1.0,0.0,0.0,-0.0341624952852726,0.0,0.0012113071279600263,0.9977138042449951,0.9915991889105903,0.0,0.0,1,0.0,0.0,0.0,0.008400811089409722,1.0,0.0,0.0,0.0,0.0,0.0,1
3,tiki,3,O,bert.encoder.layer.3.attention.output.dense,0.001,31,0,0,0,1.0,0.0,0.0,0.0,0.0,0.0,0.0,0.0,0.0,0.0005152482772246003,1.0,0.0,0.0,1.0,1.0,0.0,1.0,0.0,0.0,0.0,0.021484375,0.09101705998182297,1.0,0.0,0.0,0.03228611499071121,0.0,0.0010775949340313673,0.9977138042449951,0.9915432400173612,0.0,0.0,1,0.0,0.0,0.0,0.008456759982638888,1.0,0.0,0.0,0.0,0.0,0.0,1
3,tiki,3,FFN1,bert.encoder.layer.3.intermediate.dense,0.001,31,0,0,0,1.0,0.0,0.0,0.0,0.0,0.0,0.0,0.0,0.0,0.00031497448799200356,1.0,0.0,0.0,1.0,1.0,0.0,1.0,0.0,0.0,0.0,0.060546875,0.04036915302276611,1.0,0.0,0.0,0.04218142479658127,0.0,0.0007086163968779147,0.9026933908462524,0.9921078152126737,0.0,0.0,1,0.0,0.0,0.0,0.007892184787326388,1.0,0.0,0.0,0.0,0.0,0.0,1
3,tiki,3,FFN2,bert.encoder.layer.3.output.dense,0.001,31,0,0,0,1.0,0.0,0.0,0.0,0.0,0.0,0.0,0.0,0.0,0.00022944102238398045,1.0,0.0,0.0,1.0,1.0,0.0,1.0,0.0,0.0,0.0,0.021484375,0.0541839525103569,1.0,0.0,0.0,-0.004042669199407101,0.0,0.0006205153185874224,0.8551832437515259,0.9938748677571615,0.0,0.0,1,0.0,0.0,0.0,0.006125132242838542,1.0,0.0,0.0,0.0,0.0,0.0,1
3,tiki,4,Q,bert.encoder.layer.4.attention.self.query,0.001,31,0,0,0,1.0,0.0,0.0,0.0,0.0,0.0,0.0,0.0,0.0,0.0002517802349757403,1.0,0.0,0.0,1.0,1.0,0.0,1.0,0.0,0.0,0.0,0.013671875,0.09169300645589828,1.0,0.0,0.0,0.004611909855157137,0.0,0.0010779168223962188,0.950203537940979,0.9915042453342013,0.0,0.0,1,0.0,0.0,0.0,0.008495754665798612,1.0,0.0,0.0,0.0,0.0,0.0,1
3,tiki,4,K,bert.encoder.layer.4.attention.self.key,0.001,31,0,0,0,1.0,0.0,0.0,0.0,0.0,0.0,0.0,0.0,0.0,0.00020238370052538812,1.0,0.0,0.0,1.0,1.0,0.0,1.0,0.0,0.0,0.0,0.01953125,0.07893969118595123,1.0,0.0,0.0,-0.051793526858091354,0.0,0.0009856873657554388,0.9026933908462524,0.9916551378038194,0.0,0.0,1,0.0,0.0,0.0,0.008344862196180556,1.0,0.0,0.0,0.0,0.0,0.0,1
3,tiki,4,V,bert.encoder.layer.4.attention.self.value,0.001,31,0,0,0,1.0,0.0,0.0,0.0,0.0,0.0,0.0,0.0,0.0,0.0004284747701603919,1.0,0.0,0.0,1.0,1.0,0.0,1.0,0.0,0.0,0.0,0.025390625,0.11869310587644577,1.0,0.0,0.0,0.027644865214824677,0.0,0.0012683365494012833,0.9977138042449951,0.9915059407552084,0.0,0.0,1,0.0,0.0,0.0,0.008494059244791666,1.0,0.0,0.0,0.0,0.0,0.0,1
3,tiki,4,O,bert.encoder.layer.4.attention.output.dense,0.001,31,0,0,0,1.0,0.0,0.0,0.0,0.0,0.0,0.0,0.0,0.0,0.00047630659537389874,1.0,0.0,0.0,1.0,1.0,0.0,1.0,0.0,0.0,0.0,0.013671875,0.11348802596330643,1.0,0.0,0.0,0.05473325774073601,0.0,0.0013094167225062847,0.950203537940979,0.9912448459201388,0.0,0.0,1,0.0,0.0,0.0,0.008755154079861112,1.0,0.0,0.0,0.0,0.0,0.0,1
3,tiki,4,FFN1,bert.encoder.layer.4.intermediate.dense,0.001,31,0,0,0,1.0,0.0,0.0,0.0,0.0,0.0,0.0,0.0,0.0,0.0002944943553302437,1.0,0.0,0.0,1.0,1.0,0.0,1.0,0.0,0.0,0.0,0.056640625,0.04287952929735184,1.0,0.0,0.0,-0.07959552109241486,0.0,0.0007162082474678755,0.9977138042449951,0.9921323988172743,0.0,0.0,1,0.0,0.0,0.0,0.007867601182725694,1.0,0.0,0.0,0.0,0.0,0.0,1
3,tiki,4,FFN2,bert.encoder.layer.4.output.dense,0.001,31,0,0,0,1.0,0.0,0.0,0.0,0.0,0.0,0.0,0.0,0.0,0.0002363904204685241,1.0,0.0,0.0,1.0,1.0,0.0,1.0,0.0,0.0,0.0,0.052734375,0.05884448066353798,1.0,0.0,0.0,0.005189300049096346,0.0,0.0006831423961557448,0.760162889957428,0.9937748379177518,0.0,0.0,1,0.0,0.0,0.0,0.006225162082248264,1.0,0.0,0.0,0.0,0.0,0.0,1
3,tiki,5,Q,bert.encoder.layer.5.attention.self.query,0.001,31,0,0,0,1.0,0.0,0.0,0.0,0.0,0.0,0.0,0.0,0.0,0.00021432018547784537,1.0,0.0,0.0,1.0,1.0,0.0,1.0,0.0,0.0,0.0,0.029296875,0.08490456640720367,1.0,0.0,0.0,0.053809501230716705,0.0,0.0009840762941166759,0.8551832437515259,0.9916280110677084,0.0,0.0,1,0.0,0.0,0.0,0.008371988932291666,1.0,0.0,0.0,0.0,0.0,0.0,1
3,tiki,5,K,bert.encoder.layer.5.attention.self.key,0.001,31,0,0,0,1.0,0.0,0.0,0.0,0.0,0.0,0.0,0.0,0.0,0.0002057137608062476,1.0,0.0,0.0,1.0,1.0,0.0,1.0,0.0,0.0,0.0,0.013671875,0.07266537100076675,1.0,0.0,0.0,0.057787999510765076,0.0,0.000967563537415117,0.760162889957428,0.9916110568576388,0.0,0.0,1,0.0,0.0,0.0,0.008388943142361112,1.0,0.0,0.0,0.0,0.0,0.0,1
3,tiki,5,V,bert.encoder.layer.5.attention.self.value,0.001,31,0,0,0,1.0,0.0,0.0,0.0,0.0,0.0,0.0,0.0,0.0,0.0004751197120640427,1.0,0.0,0.0,1.0,1.0,0.0,1.0,0.0,0.0,0.0,0.01953125,0.10058564692735672,1.0,0.0,0.0,-0.11287619173526764,0.0,0.001146706403233111,0.9977138042449951,0.9915788438585069,0.0,0.0,1,0.0,0.0,0.0,0.008421156141493056,1.0,0.0,0.0,0.0,0.0,0.0,1
3,tiki,5,O,bert.encoder.layer.5.attention.output.dense,0.001,31,0,0,0,1.0,0.0,0.0,0.0,0.0,0.0,0.0,0.0,0.0,0.0005348704289644957,1.0,0.0,0.0,1.0,1.0,0.0,1.0,0.0,0.0,0.0,0.01171875,0.11508490145206451,1.0,0.0,0.0,-0.04002441465854645,0.0,0.001187947578728199,0.9977138042449951,0.9913296169704862,0.0,0.0,1,0.0,0.0,0.0,0.008670383029513888,1.0,0.0,0.0,0.0,0.0,0.0,1
3,tiki,5,FFN1,bert.encoder.layer.5.intermediate.dense,0.001,31,0,0,0,1.0,0.0,0.0,0.0,0.0,0.0,0.0,0.0,0.0,0.00036632511182688177,1.0,0.0,0.0,1.0,1.0,0.0,1.0,0.0,0.0,0.0,0.05859375,0.04049251973628998,1.0,0.0,0.0,0.014215418137609959,0.0,0.0007509050192311406,0.9977138042449951,0.992095947265625,0.0,0.0,1,0.0,0.0,0.0,0.007904052734375,1.0,0.0,0.0,0.0,0.0,0.0,1
3,tiki,5,FFN2,bert.encoder.layer.5.output.dense,0.001,31,0,0,0,1.0,0.0,0.0,0.0,0.0,0.0,0.0,0.0,0.0,0.0002697855525184423,1.0,0.0,0.0,1.0,1.0,0.0,1.0,0.0,0.0,0.0,0.015625,0.07388754189014435,1.0,0.0,0.0,-0.03981424495577812,0.0,0.0008521560812368989,0.9977138042449951,0.9936743842230903,0.0,0.0,1,0.0,0.0,0.0,0.006325615776909722,1.0,0.0,0.0,0.0,0.0,0.0,1
3,tiki,6,Q,bert.encoder.layer.6.attention.self.query,0.001,31,0,0,0,1.0,0.0,0.0,0.0,0.0,0.0,0.0,0.0,0.0,0.00026151968631893396,1.0,0.0,0.0,1.0,1.0,0.0,1.0,0.0,0.0,0.0,0.025390625,0.07414625585079193,1.0,0.0,0.0,-0.04709509015083313,0.0,0.0009320411481894553,0.9977138042449951,0.9917076958550347,0.0,0.0,1,0.0,0.0,0.0,0.008292304144965278,1.0,0.0,0.0,0.0,0.0,0.0,1
3,tiki,6,K,bert.encoder.layer.6.attention.self.key,0.001,31,0,0,0,1.0,0.0,0.0,0.0,0.0,0.0,0.0,0.0,0.0,0.00024338414368685335,1.0,0.0,0.0,1.0,1.0,0.0,1.0,0.0,0.0,0.0,0.029296875,0.08182962983846664,1.0,0.0,0.0,0.03836613893508911,0.0,0.0009547562221996486,0.8076730370521545,0.99176025390625,0.0,0.0,1,0.0,0.0,0.0,0.00823974609375,1.0,0.0,0.0,0.0,0.0,0.0,1
3,tiki,6,V,bert.encoder.layer.6.attention.self.value,0.001,31,0,0,0,1.0,0.0,0.0,0.0,0.0,0.0,0.0,0.0,0.0,0.0005341562791727483,1.0,0.0,0.0,1.0,1.0,0.0,1.0,0.0,0.0,0.0,0.025390625,0.1128774955868721,1.0,0.0,0.0,0.013052890077233315,0.0,0.0011729655088856816,0.9977138042449951,0.9915228949652778,0.0,0.0,1,0.0,0.0,0.0,0.008477105034722222,1.0,0.0,0.0,0.0,0.0,0.0,1
3,tiki,6,O,bert.encoder.layer.6.attention.output.dense,0.001,31,0,0,0,1.0,0.0,0.0,0.0,0.0,0.0,0.0,0.0,0.0,0.0005616713315248489,1.0,0.0,0.0,1.0,1.0,0.0,1.0,0.0,0.0,0.0,0.015625,0.13614429533481598,1.0,0.0,0.0,-0.015683749690651894,0.0,0.001744868466630578,0.9977138042449951,0.9910108778211806,0.0,0.0,1,0.0,0.0,0.0,0.008989122178819444,1.0,0.0,0.0,0.0,0.0,0.0,1
3,tiki,6,FFN1,bert.encoder.layer.6.intermediate.dense,0.001,31,0,0,0,1.0,0.0,0.0,0.0,0.0,0.0,0.0,0.0,0.0,0.0003668418503366411,1.0,0.0,0.0,1.0,1.0,0.0,1.0,0.0,0.0,0.0,0.064453125,0.04093753546476364,1.0,0.0,0.0,-0.04960664361715317,0.0,0.0007592822657898068,0.9026933908462524,0.9920090569390191,0.0,0.0,1,0.0,0.0,0.0,0.007990943060980903,1.0,0.0,0.0,0.0,0.0,0.0,1
3,tiki,6,FFN2,bert.encoder.layer.6.output.dense,0.001,31,0,0,0,1.0,0.0,0.0,0.0,0.0,0.0,0.0,0.0,0.0,0.00030220835469663143,1.0,0.0,0.0,1.0,1.0,0.0,1.0,0.0,0.0,0.0,0.0234375,0.07761250436306,1.0,0.0,0.0,0.024496108293533325,0.0,0.0008731393609195948,0.9977138042449951,0.9935802883572049,0.0,0.0,1,0.0,0.0,0.0,0.006419711642795139,1.0,0.0,0.0,0.0,0.0,0.0,1
3,tiki,7,Q,bert.encoder.layer.7.attention.self.query,0.001,31,0,0,0,1.0,0.0,0.0,0.0,0.0,0.0,0.0,0.0,0.0,0.00019818858709186316,1.0,0.0,0.0,1.0,1.0,0.0,1.0,0.0,0.0,0.0,0.041015625,0.08143416047096252,1.0,0.0,0.0,-0.0005999670247547328,0.0,0.0009004657622426748,0.8551832437515259,0.9916941324869791,0.0,0.0,1,0.0,0.0,0.0,0.008305867513020834,1.0,0.0,0.0,0.0,0.0,0.0,1
3,tiki,7,K,bert.encoder.layer.7.attention.self.key,0.001,31,0,0,0,1.0,0.0,0.0,0.0,0.0,0.0,0.0,0.0,0.0,0.00020298041636124253,1.0,0.0,0.0,1.0,1.0,0.0,1.0,0.0,0.0,0.0,0.029296875,0.06798546016216278,1.0,0.0,0.0,0.024972829967737198,0.0,0.0008474640198983252,0.760162889957428,0.9918653700086806,0.0,0.0,1,0.0,0.0,0.0,0.008134629991319444,1.0,0.0,0.0,0.0,0.0,0.0,1
3,tiki,7,V,bert.encoder.layer.7.attention.self.value,0.001,31,0,0,0,1.0,0.0,0.0,0.0,0.0,0.0,0.0,0.0,0.0,0.0005134143284521997,1.0,0.0,0.0,1.0,1.0,0.0,1.0,0.0,0.0,0.0,0.02734375,0.0864025205373764,1.0,0.0,0.0,0.04771105572581291,0.0,0.001157258520834148,0.9977138042449951,0.9915890163845487,0.0,0.0,1,0.0,0.0,0.0,0.008410983615451388,1.0,0.0,0.0,0.0,0.0,0.0,1
3,tiki,7,O,bert.encoder.layer.7.attention.output.dense,0.001,31,0,0,0,1.0,0.0,0.0,0.0,0.0,0.0,0.0,0.0,0.0,0.000532094796653837,1.0,0.0,0.0,1.0,1.0,0.0,1.0,0.0,0.0,0.001953125,0.009765625,0.12762418389320374,1.0,0.0,0.0,-0.023162974044680595,0.0,0.0016706017777323723,0.9977138042449951,0.9912329779730903,0.0,0.0,1,0.0,0.0,0.0,0.008767022026909722,1.0,0.0,0.0,0.0,0.0,0.0,1
3,tiki,7,FFN1,bert.encoder.layer.7.intermediate.dense,0.001,31,0,0,0,1.0,0.0,0.0,0.0,0.0,0.0,0.0,0.0,0.0,0.00038666982436552644,1.0,0.0,0.0,1.0,1.0,0.0,1.0,0.0,0.0,0.0,0.060546875,0.041717808693647385,1.0,0.0,0.0,-0.0248000118881464,0.0,0.0007515897741541266,0.9977138042449951,0.9920001559787326,0.0,0.0,1,0.0,0.0,0.0,0.007999844021267362,1.0,0.0,0.0,0.0,0.0,0.0,1
3,tiki,7,FFN2,bert.encoder.layer.7.output.dense,0.001,31,0,0,0,1.0,0.0,0.0,0.0,0.0,0.0,0.0,0.0,0.0,0.00029640377033501863,1.0,0.0,0.0,1.0,1.0,0.0,1.0,0.0,0.0,0.0,0.013671875,0.08781780302524567,1.0,0.0,0.0,-0.04854337126016617,0.0,0.0010611425386741757,0.9977138042449951,0.9934404161241319,0.0,0.0,1,0.0,0.0,0.0,0.006559583875868056,1.0,0.0,0.0,0.0,0.0,0.0,1
3,tiki,8,Q,bert.encoder.layer.8.attention.self.query,0.001,31,0,0,0,1.0,0.0,0.0,0.0,0.0,0.0,0.0,0.0,0.0,0.0002679775934666395,1.0,0.0,0.0,1.0,1.0,0.0,1.0,0.0,0.0,0.0,0.041015625,0.06614728271961212,1.0,0.0,0.0,0.02994306944310665,0.0,0.0008708234527148306,0.9977138042449951,0.9917043050130209,0.0,0.0,1,0.0,0.0,0.0,0.008295694986979166,1.0,0.0,0.0,0.0,0.0,0.0,1
3,tiki,8,K,bert.encoder.layer.8.attention.self.key,0.001,31,0,0,0,1.0,0.0,0.0,0.0,0.0,0.0,0.0,0.0,0.0,0.00026786982198245823,1.0,0.0,0.0,1.0,1.0,0.0,1.0,0.0,0.0,0.0,0.021484375,0.089451365172863,1.0,0.0,0.0,0.09005139768123627,0.0,0.0009657916380092502,0.950203537940979,0.9916195339626737,0.0,0.0,1,0.0,0.0,0.0,0.008380466037326388,1.0,0.0,0.0,0.0,0.0,0.0,1
3,tiki,8,V,bert.encoder.layer.8.attention.self.value,0.001,31,0,0,0,1.0,0.0,0.0,0.0,0.0,0.0,0.0,0.0,0.0,0.0005359824281185865,1.0,0.0,0.0,1.0,1.0,0.0,1.0,0.0,0.0,0.0,0.015625,0.12469319254159927,1.0,0.0,0.0,0.03143034875392914,0.0,0.0013770785881206393,0.9977138042449951,0.9913906521267362,0.0,0.0,1,0.0,0.0,0.0,0.008609347873263888,1.0,0.0,0.0,0.0,0.0,0.0,1
3,tiki,8,O,bert.encoder.layer.8.attention.output.dense,0.001,31,0,0,0,1.0,0.0,0.0,0.0,0.0,0.0,0.0,0.0,0.0,0.0005507271271198988,1.0,0.0,0.0,1.0,1.0,0.0,1.0,0.0,0.0,0.0078125,0.00390625,0.13354332745075226,1.0,0.0,0.0,0.09469907730817795,0.0,0.0013562163803726435,0.9977138042449951,0.99127197265625,0.0,0.0,1,0.0,0.0,0.0,0.00872802734375,1.0,0.0,0.0,0.0,0.0,0.0,1
3,tiki,8,FFN1,bert.encoder.layer.8.intermediate.dense,0.001,31,0,0,0,1.0,0.0,0.0,0.0,0.0,0.0,0.0,0.0,0.0,0.000395759881939739,1.0,0.0,0.0,1.0,1.0,0.0,1.0,0.0,0.0,0.0,0.052734375,0.04598131775856018,1.0,0.0,0.0,-0.04619288817048073,0.0,0.0007498781196773052,0.9977138042449951,0.9920582241482205,0.0,0.0,1,0.0,0.0,0.0,0.007941775851779513,1.0,0.0,0.0,0.0,0.0,0.0,1
3,tiki,8,FFN2,bert.encoder.layer.8.output.dense,0.001,31,0,0,0,1.0,0.0,0.0,0.0,0.0,0.0,0.0,0.0,0.0,0.0003352559870108962,1.0,0.0,0.0,1.0,1.0,0.0,1.0,0.0,0.0,0.005859375,0.005859375,0.10877843201160431,1.0,0.0,0.0,-0.01779836229979992,0.0,0.0013986056437715888,0.9977138042449951,0.9932594299316406,0.0,0.0,1,0.0,0.0,0.0,0.006740570068359375,1.0,0.0,0.0,0.0,0.0,0.0,1
3,tiki,9,Q,bert.encoder.layer.9.attention.self.query,0.001,31,0,0,0,1.0,0.0,0.0,0.0,0.0,0.0,0.0,0.0,0.0,0.00036109844222664833,1.0,0.0,0.0,1.0,1.0,0.0,1.0,0.0,0.0,0.0,0.03515625,0.08747654408216476,1.0,0.0,0.0,0.023277973756194115,0.0,0.0010416696313768625,0.9977138042449951,0.9916500515407987,0.0,0.0,1,0.0,0.0,0.0,0.008349948459201388,1.0,0.0,0.0,0.0,0.0,0.0,1
3,tiki,9,K,bert.encoder.layer.9.attention.self.key,0.001,31,0,0,0,1.0,0.0,0.0,0.0,0.0,0.0,0.0,0.0,0.0,0.0003457011189311743,1.0,0.0,0.0,1.0,1.0,0.0,1.0,0.0,0.0,0.0,0.02734375,0.092345230281353,1.0,0.0,0.0,-0.06509370356798172,0.0,0.00107880262658,0.9977138042449951,0.9915771484375,0.0,0.0,1,0.0,0.0,0.0,0.0084228515625,1.0,0.0,0.0,0.0,0.0,0.0,1
3,tiki,9,V,bert.encoder.layer.9.attention.self.value,0.001,31,0,0,0,1.0,0.0,0.0,0.0,0.0,0.0,0.0,0.0,0.0,0.0007105317781679332,1.0,0.0,0.0,1.0,1.0,0.0,1.0,0.0,0.0,0.0,0.025390625,0.11796469241380692,1.0,0.0,0.0,-0.015409627929329872,0.0,0.0012903265887871385,0.9977138042449951,0.9914211697048612,0.0,0.0,1,0.0,0.0,0.0,0.008578830295138888,1.0,0.0,0.0,0.0,0.0,0.0,1
3,tiki,9,O,bert.encoder.layer.9.attention.output.dense,0.001,31,0,0,0,1.0,0.0,0.0,0.0,0.0,0.0,0.0,0.0,0.0,0.0006680542137473822,1.0,0.0,0.0,1.0,1.0,0.0,1.0,0.0,0.0,0.01171875,0.00390625,0.19457048177719116,1.0,0.0,0.0,0.006192428525537252,0.0,0.002483671298250556,0.9977138042449951,0.9909176296657987,0.0,0.0,1,0.0,0.0,0.0,0.009082370334201388,1.0,0.0,0.0,0.0,0.0,0.0,1
3,tiki,9,FFN1,bert.encoder.layer.9.intermediate.dense,0.001,31,0,0,0,1.0,0.0,0.0,0.0,0.0,0.0,0.0,0.0,0.0,0.0004015213344246149,1.0,0.0,0.0,1.0,1.0,0.0,1.0,0.0,0.0,0.001953125,0.0625,0.05110444873571396,1.0,0.0,0.0,0.0077298651449382305,0.0,0.0008359654457308352,0.9977138042449951,0.991898430718316,0.0,0.0,1,0.0,0.0,0.0,0.008101569281684028,1.0,0.0,0.0,0.0,0.0,0.0,1
3,tiki,9,FFN2,bert.encoder.layer.9.output.dense,0.001,31,0,0,0,1.0,0.0,0.0,0.0,0.0,0.0,0.0,0.0,0.0,0.0003165023517794907,1.0,0.0,0.0,1.0,1.0,0.0,1.0,0.0,0.0,0.015625,0.015625,0.1150936484336853,1.0,0.0,0.0,0.03765556961297989,0.0,0.001690135570243001,0.9977138042449951,0.9932640923394097,0.0,0.0,1,0.0,0.0,0.0,0.006735907660590278,1.0,0.0,0.0,0.0,0.0,0.0,1
3,tiki,10,Q,bert.encoder.layer.10.attention.self.query,0.001,31,0,0,0,1.0,0.0,0.0,0.0,0.0,0.0,0.0,0.0,0.0,0.0003053582622669637,1.0,0.0,0.0,1.0,1.0,0.0,1.0,0.0,0.0,0.0,0.021484375,0.08185235410928726,1.0,0.0,0.0,-0.040058478713035583,0.0,0.001121252658776939,0.9977138042449951,0.9914974636501737,0.0,0.0,1,0.0,0.0,0.0,0.008502536349826388,1.0,0.0,0.0,0.0,0.0,0.0,1
3,tiki,10,K,bert.encoder.layer.10.attention.self.key,0.001,31,0,0,0,1.0,0.0,0.0,0.0,0.0,0.0,0.0,0.0,0.0,0.0002737871545832604,1.0,0.0,0.0,1.0,1.0,0.0,1.0,0.0,0.0,0.0,0.0234375,0.09568823873996735,1.0,0.0,0.0,0.023559965193271637,0.0,0.001002924982458353,0.9026933908462524,0.9916195339626737,0.0,0.0,1,0.0,0.0,0.0,0.008380466037326388,1.0,0.0,0.0,0.0,0.0,0.0,1
3,tiki,10,V,bert.encoder.layer.10.attention.self.value,0.001,31,0,0,0,1.0,0.0,0.0,0.0,0.0,0.0,0.0,0.0,0.0,0.0005745906382799149,1.0,0.0,0.0,1.0,1.0,0.0,1.0,0.0,0.0,0.0,0.0234375,0.13360470533370972,1.0,0.0,0.0,0.05492439866065979,0.0,0.0012505349004641175,0.9977138042449951,0.9914330376519097,0.0,0.0,1,0.0,0.0,0.0,0.008566962348090278,1.0,0.0,0.0,0.0,0.0,0.0,1
3,tiki,10,O,bert.encoder.layer.10.attention.output.dense,0.001,31,0,0,0,1.0,0.0,0.0,0.0,0.0,0.0,0.0,0.0,0.0,0.0007044161902740598,1.0,0.0,0.0,1.0,1.0,0.0,1.0,0.0,0.0,0.01953125,0.0078125,0.15751883387565613,1.0,0.0,0.0,0.08221501857042313,0.0,0.0023034815676510334,0.9977138042449951,0.9910905626085069,0.0,0.0,1,0.0,0.0,0.0,0.008909437391493056,1.0,0.0,0.0,0.0,0.0,0.0,1
3,tiki,10,FFN1,bert.encoder.layer.10.intermediate.dense,0.001,31,0,0,0,1.0,0.0,0.0,0.0,0.0,0.0,0.0,0.0,0.0,0.0003648749552667141,1.0,0.0,0.0,1.0,1.0,0.0,1.0,0.0,0.0,0.0,0.0390625,0.050278425216674805,1.0,0.0,0.0,-0.02069949358701706,0.0,0.0008374960161745548,0.9977138042449951,0.9919988844129775,0.0,0.0,1,0.0,0.0,0.0,0.008001115587022569,1.0,0.0,0.0,0.0,0.0,0.0,1
3,tiki,10,FFN2,bert.encoder.layer.10.output.dense,0.001,31,0,0,0,1.0,0.0,0.0,0.0,0.0,0.0,0.0,0.0,0.0,0.0003861947334371507,1.0,0.0,0.0,1.0,1.0,0.0,1.0,0.0,0.0,0.119140625,0.017578125,0.11891086399555206,1.0,0.0,0.0,-0.018749844282865524,0.0,0.0022333834785968065,0.9977138042449951,0.993408203125,0.0,0.0,1,0.0,0.0,0.0,0.006591796875,1.0,0.0,0.0,0.0,0.0,0.0,1
3,tiki,11,Q,bert.encoder.layer.11.attention.self.query,0.001,31,0,0,0,1.0,0.0,0.0,0.0,0.0,0.0,0.0,0.0,0.0,0.0003174365556333214,1.0,0.0,0.0,1.0,1.0,0.0,1.0,0.0,0.0,0.001953125,0.029296875,0.11606176197528839,1.0,0.0,0.0,-0.040500838309526443,0.0,0.0013382533797994256,0.9977138042449951,0.9915483262803819,0.0,0.0,1,0.0,0.0,0.0,0.008451673719618056,1.0,0.0,0.0,0.0,0.0,0.0,1
3,tiki,11,K,bert.encoder.layer.11.attention.self.key,0.001,31,0,0,0,1.0,0.0,0.0,0.0,0.0,0.0,0.0,0.0,0.0,0.00028297753306105733,1.0,0.0,0.0,1.0,1.0,0.0,1.0,0.0,0.0,0.0,0.025390625,0.08187761902809143,1.0,0.0,0.0,0.04789996147155762,0.0,0.0009398547117598355,0.950203537940979,0.9917161729600694,0.0,0.0,1,0.0,0.0,0.0,0.008283827039930556,1.0,0.0,0.0,0.0,0.0,0.0,1
3,tiki,11,V,bert.encoder.layer.11.attention.self.value,0.001,31,0,0,0,1.0,0.0,0.0,0.0,0.0,0.0,0.0,0.0,0.0,0.0004501159128267318,1.0,0.0,0.0,1.0,1.0,0.0,1.0,0.0,0.0,0.0,0.03515625,0.1031632274389267,1.0,0.0,0.0,0.01623537391424179,0.0,0.0011416316265240312,0.9026933908462524,0.9915517171223959,0.0,0.0,1,0.0,0.0,0.0,0.008448282877604166,1.0,0.0,0.0,0.0,0.0,0.0,1
3,tiki,11,O,bert.encoder.layer.11.attention.output.dense,0.001,31,0,0,0,1.0,0.0,0.0,0.0,0.0,0.0,0.0,0.0,0.0,0.0004970929585397243,1.0,0.0,0.0,1.0,1.0,0.0,1.0,0.0,0.0,0.04296875,0.01953125,0.18156969547271729,1.0,0.0,0.0,-0.0846034362912178,0.0,0.0022641727700829506,0.9977138042449951,0.9911685519748263,0.0,0.0,1,0.0,0.0,0.0,0.008831448025173612,1.0,0.0,0.0,0.0,0.0,0.0,1
3,tiki,11,FFN1,bert.encoder.layer.11.intermediate.dense,0.001,31,0,0,0,1.0,0.0,0.0,0.0,0.0,0.0,0.0,0.0,0.0,0.0004712259105872363,1.0,0.0,0.0,1.0,1.0,0.0,1.0,0.0,0.0,0.0,0.05859375,0.05566468834877014,1.0,0.0,0.0,-0.029848085716366768,0.0,0.0009797867387533188,0.9977138042449951,0.9919959174262153,0.0,0.0,1,0.0,0.0,0.0,0.008004082573784722,1.0,0.0,0.0,0.0,0.0,0.0,1
3,tiki,11,FFN2,bert.encoder.layer.11.output.dense,0.001,31,0,0,0,1.0,0.0,0.0,0.0,0.0,0.0,0.0,0.0,0.001953125,0.0003453856916166842,1.0,0.0,0.0,1.0,1.0,0.0,1.0,0.0,0.0,0.294921875,0.0078125,0.10341472178697586,1.0,0.0,0.0,-0.0006812960491515696,0.0,0.0028088712133467197,0.9977138042449951,0.9938155280219184,0.0,0.0,1,0.0,0.0,0.0,0.006184471978081597,1.0,0.0,0.0,0.0,0.0,0.0,1
4,tiki,0,Q,bert.encoder.layer.0.attention.self.query,0.001,31,0,0,0,1.0,0.0,0.0,0.0,0.0,0.0,0.0,0.0,0.0,0.0001570475724292919,1.0,0.0,0.0,1.0,1.0,0.0,1.0,0.0,0.0,0.0,0.013671875,0.1390669345855713,1.0,0.0,0.0,0.06066102162003517,0.0,0.0018590078689157963,0.9977138042449951,0.9888390435112847,0.0,0.0,1,0.0,0.0,0.0,0.011160956488715278,1.0,0.0,0.0,0.0,0.0,0.0,1
4,tiki,0,K,bert.encoder.layer.0.attention.self.key,0.001,31,0,0,0,1.0,0.0,0.0,0.0,0.0,0.0,0.0,0.0,0.0,0.00014748761896044016,1.0,0.0,0.0,1.0,1.0,0.0,1.0,0.0,0.0,0.0,0.009765625,0.16423550248146057,1.0,0.0,0.0,0.0008232729742303491,0.0,0.002106698462739587,0.9977138042449951,0.9887407090928819,0.0,0.0,1,0.0,0.0,0.0,0.011259290907118056,1.0,0.0,0.0,0.0,0.0,0.0,1
4,tiki,0,V,bert.encoder.layer.0.attention.self.value,0.001,31,0,0,0,1.0,0.0,0.0,0.0,0.0,0.0,0.0,0.0,0.0,0.00038065307307988405,1.0,0.0,0.0,1.0,1.0,0.0,1.0,0.0,0.0,0.0,0.005859375,0.17710968852043152,1.0,0.0,0.0,0.037274643778800964,0.0,0.002257486805319786,0.9977138042449951,0.9887068006727431,0.0,0.0,1,0.0,0.0,0.0,0.011293199327256944,1.0,0.0,0.0,0.0,0.0,0.0,1
4,tiki,0,O,bert.encoder.layer.0.attention.output.dense,0.001,31,0,0,0,1.0,0.0,0.0,0.0,0.0,0.0,0.0,0.0,0.0,0.00042853038758039474,1.0,0.0,0.0,1.0,1.0,0.0,1.0,0.0,0.0,0.0,0.013671875,0.13476230204105377,1.0,0.0,0.0,0.027891801670193672,0.0,0.0017776526510715485,0.9977138042449951,0.9888695610894097,0.0,0.0,1,0.0,0.0,0.0,0.011130438910590278,1.0,0.0,0.0,0.0,0.0,0.0,1
4,tiki,0,FFN1,bert.encoder.layer.0.intermediate.dense,0.001,31,0,0,0,1.0,0.0,0.0,0.0,0.0,0.0,0.0,0.0,0.0,0.0002946380991488695,1.0,0.0,0.0,1.0,1.0,0.0,1.0,0.0,0.0,0.0,0.04296875,0.03762552887201309,1.0,0.0,0.0,0.006254841107875109,0.0,0.0008583180606365204,0.9026933908462524,0.9901008605957031,0.0,0.0,1,0.0,0.0,0.0,0.009899139404296875,1.0,0.0,0.0,0.0,0.0,0.0,1
4,tiki,0,FFN2,bert.encoder.layer.0.output.dense,0.001,31,0,0,0,1.0,0.0,0.0,0.0,0.0,0.0,0.0,0.0,0.0,0.00021670936257578433,1.0,0.0,0.0,1.0,1.0,0.0,1.0,0.0,0.0,0.0,0.03515625,0.04495649412274361,1.0,0.0,0.0,-0.018578853458166122,0.0,0.0006450828514061868,0.8076730370521545,0.99262449476454,0.0,0.0,1,0.0,0.0,0.0,0.007375505235460069,1.0,0.0,0.0,0.0,0.0,0.0,1
4,tiki,1,Q,bert.encoder.layer.1.attention.self.query,0.001,31,0,0,0,1.0,0.0,0.0,0.0,0.0,0.0,0.0,0.0,0.0,0.00021878149709664285,1.0,0.0,0.0,1.0,1.0,0.0,1.0,0.0,0.0,0.0,0.015625,0.11289569735527039,1.0,0.0,0.0,0.05352562293410301,0.0,0.0017020967788994312,0.950203537940979,0.9888865152994791,0.0,0.0,1,0.0,0.0,0.0,0.011113484700520834,1.0,0.0,0.0,0.0,0.0,0.0,1
4,tiki,1,K,bert.encoder.layer.1.attention.self.key,0.001,31,0,0,0,1.0,0.0,0.0,0.0,0.0,0.0,0.0,0.0,0.0,0.00016239758406300098,1.0,0.0,0.0,1.0,1.0,0.0,1.0,0.0,0.0,0.0,0.005859375,0.12583310902118683,1.0,0.0,0.0,0.029600420966744423,0.0,0.0018350848695263267,0.9026933908462524,0.9887661404079862,0.0,0.0,1,0.0,0.0,0.0,0.011233859592013888,1.0,0.0,0.0,0.0,0.0,0.0,1
4,tiki,1,V,bert.encoder.layer.1.attention.self.value,0.001,31,0,0,0,1.0,0.0,0.0,0.0,0.0,0.0,0.0,0.0,0.0,0.0003901127493008971,1.0,0.0,0.0,1.0,1.0,0.0,1.0,0.0,0.0,0.0,0.0078125,0.1431548297405243,1.0,0.0,0.0,-0.07537442445755005,0.0,0.0018521611345931888,0.950203537940979,0.9888068305121528,0.0,0.0,1,0.0,0.0,0.0,0.011193169487847222,1.0,0.0,0.0,0.0,0.0,0.0,1
4,tiki,1,O,bert.encoder.layer.1.attention.output.dense,0.001,31,0,0,0,1.0,0.0,0.0,0.0,0.0,0.0,0.0,0.0,0.0,0.00039795448537915945,1.0,0.0,0.0,1.0,1.0,0.0,1.0,0.0,0.0,0.0,0.005859375,0.11154107004404068,1.0,0.0,0.0,-0.044840987771749496,0.0,0.0020818086341023445,0.9977138042449951,0.9887678358289931,0.0,0.0,1,0.0,0.0,0.0,0.011232164171006944,1.0,0.0,0.0,0.0,0.0,0.0,1
4,tiki,1,FFN1,bert.encoder.layer.1.intermediate.dense,0.001,31,0,0,0,1.0,0.0,0.0,0.0,0.0,0.0,0.0,0.0,0.0,0.00027244797092862427,1.0,0.0,0.0,1.0,1.0,0.0,1.0,0.0,0.0,0.0,0.078125,0.03349710628390312,1.0,0.0,0.0,0.011532765813171864,0.0,0.0009129104437306523,0.9026933908462524,0.9900724622938368,0.0,0.0,1,0.0,0.0,0.0,0.009927537706163194,1.0,0.0,0.0,0.0,0.0,0.0,1
4,tiki,1,FFN2,bert.encoder.layer.1.output.dense,0.001,31,0,0,0,1.0,0.0,0.0,0.0,0.0,0.0,0.0,0.0,0.0,0.0002374474424868822,1.0,0.0,0.0,1.0,1.0,0.0,1.0,0.0,0.0,0.0,0.041015625,0.04709275811910629,1.0,0.0,0.0,0.03858098015189171,0.0,0.0009161126217804849,0.950203537940979,0.9920997619628906,0.0,0.0,1,0.0,0.0,0.0,0.007900238037109375,1.0,0.0,0.0,0.0,0.0,0.0,1
4,tiki,2,Q,bert.encoder.layer.2.attention.self.query,0.001,31,0,0,0,1.0,0.0,0.0,0.0,0.0,0.0,0.0,0.0,0.0,0.00017821852816268802,1.0,0.0,0.0,1.0,1.0,0.0,1.0,0.0,0.0,0.001953125,0.017578125,0.09121626615524292,1.0,0.0,0.0,0.006096342578530312,0.0,0.0015575906727463007,0.9977138042449951,0.9892188178168403,0.0,0.0,1,0.0,0.0,0.0,0.010781182183159722,1.0,0.0,0.0,0.0,0.0,0.0,1
4,tiki,2,K,bert.encoder.layer.2.attention.self.key,0.001,31,0,0,0,1.0,0.0,0.0,0.0,0.0,0.0,0.0,0.0,0.0,0.00015576090663671494,1.0,0.0,0.0,1.0,1.0,0.0,1.0,0.0,0.0,0.0,0.015625,0.11006102710962296,1.0,0.0,0.0,0.04036683216691017,0.0,0.0016134923789650202,0.950203537940979,0.9891849093967013,0.0,0.0,1,0.0,0.0,0.0,0.010815090603298612,1.0,0.0,0.0,0.0,0.0,0.0,1
4,tiki,2,V,bert.encoder.layer.2.attention.self.value,0.001,31,0,0,0,1.0,0.0,0.0,0.0,0.0,0.0,0.0,0.0,0.0,0.0005072553176432848,1.0,0.0,0.0,1.0,1.0,0.0,1.0,0.0,0.0,0.0,0.013671875,0.10343930125236511,1.0,0.0,0.0,-0.1257418841123581,0.0,0.0014920231187716126,0.9026933908462524,0.9892103407118056,0.0,0.0,1,0.0,0.0,0.0,0.010789659288194444,1.0,0.0,0.0,0.0,0.0,0.0,1
4,tiki,2,O,bert.encoder.layer.2.attention.output.dense,0.001,31,0,0,0,1.0,0.0,0.0,0.0,0.0,0.0,0.0,0.0,0.0,0.0005833518225699663,1.0,0.0,0.0,1.0,1.0,0.0,1.0,0.0,0.0,0.0,0.02734375,0.10469016432762146,1.0,0.0,0.0,0.08395591378211975,0.0,0.002373800612986088,0.9977138042449951,0.9887881808810763,0.0,0.0,1,0.0,0.0,0.0,0.011211819118923612,1.0,0.0,0.0,0.0,0.0,0.0,1
4,tiki,2,FFN1,bert.encoder.layer.2.intermediate.dense,0.001,31,0,0,0,1.0,0.0,0.0,0.0,0.0,0.0,0.0,0.0,0.0,0.00028236472280696034,1.0,0.0,0.0,1.0,1.0,0.0,1.0,0.0,0.0,0.0,0.0546875,0.0408787801861763,1.0,0.0,0.0,-0.04163551703095436,0.0,0.0009309940505772829,0.8551832437515259,0.9900262620713975,0.0,0.0,1,0.0,0.0,0.0,0.009973737928602431,1.0,0.0,0.0,0.0,0.0,0.0,1
4,tiki,2,FFN2,bert.encoder.layer.2.output.dense,0.001,31,0,0,0,1.0,0.0,0.0,0.0,0.0,0.0,0.0,0.0,0.0,0.00023490448074880987,1.0,0.0,0.0,1.0,1.0,0.0,1.0,0.0,0.0,0.0,0.041015625,0.04988835006952286,1.0,0.0,0.0,-0.010110573843121529,0.0,0.0009297857759520411,0.9977138042449951,0.9921675788031684,0.0,0.0,1,0.0,0.0,0.0,0.007832421196831597,1.0,0.0,0.0,0.0,0.0,0.0,1
4,tiki,3,Q,bert.encoder.layer.3.attention.self.query,0.001,31,0,0,0,1.0,0.0,0.0,0.0,0.0,0.0,0.0,0.0,0.0,0.00019691127818077803,1.0,0.0,0.0,1.0,1.0,0.0,1.0,0.0,0.0,0.0,0.01953125,0.09760144352912903,1.0,0.0,0.0,-0.029475541785359383,0.0,0.0015948853688314557,0.950203537940979,0.9890865749782987,0.0,0.0,1,0.0,0.0,0.0,0.010913425021701388,1.0,0.0,0.0,0.0,0.0,0.0,1
4,tiki,3,K,bert.encoder.layer.3.attention.self.key,0.001,31,0,0,0,1.0,0.0,0.0,0.0,0.0,0.0,0.0,0.0,0.0,0.00017544733418617398,1.0,0.0,0.0,1.0,1.0,0.0,1.0,0.0,0.0,0.0,0.025390625,0.09463155269622803,1.0,0.0,0.0,0.012649393640458584,0.0,0.0015596847515553236,0.9977138042449951,0.9891137017144097,0.0,0.0,1,0.0,0.0,0.0,0.010886298285590278,1.0,0.0,0.0,0.0,0.0,0.0,1
4,tiki,3,V,bert.encoder.layer.3.attention.self.value,0.001,31,0,0,0,1.0,0.0,0.0,0.0,0.0,0.0,0.0,0.0,0.0,0.00046252095489762723,1.0,0.0,0.0,1.0,1.0,0.0,1.0,0.0,0.0,0.0,0.0234375,0.11492910981178284,1.0,0.0,0.0,0.011872811242938042,0.0,0.001771530951373279,0.9977138042449951,0.9892069498697916,0.0,0.0,1,0.0,0.0,0.0,0.010793050130208334,1.0,0.0,0.0,0.0,0.0,0.0,1
4,tiki,3,O,bert.encoder.layer.3.attention.output.dense,0.001,31,0,0,0,1.0,0.0,0.0,0.0,0.0,0.0,0.0,0.0,0.0,0.0005147852934896946,1.0,0.0,0.0,1.0,1.0,0.0,1.0,0.0,0.0,0.0,0.0078125,0.10142442584037781,1.0,0.0,0.0,0.09748341888189316,0.0,0.0014432906173169613,0.9977138042449951,0.9892764621310763,0.0,0.0,1,0.0,0.0,0.0,0.010723537868923612,1.0,0.0,0.0,0.0,0.0,0.0,1
4,tiki,3,FFN1,bert.encoder.layer.3.intermediate.dense,0.001,31,0,0,0,1.0,0.0,0.0,0.0,0.0,0.0,0.0,0.0,0.0,0.00040910279494710267,1.0,0.0,0.0,1.0,1.0,0.0,1.0,0.0,0.0,0.0,0.05859375,0.0417482927441597,1.0,0.0,0.0,-0.01507932972162962,0.0,0.000949339650105685,0.9026933908462524,0.9899885389539931,0.0,0.0,1,0.0,0.0,0.0,0.010011461046006944,1.0,0.0,0.0,0.0,0.0,0.0,1
4,tiki,3,FFN2,bert.encoder.layer.3.output.dense,0.001,31,0,0,0,1.0,0.0,0.0,0.0,0.0,0.0,0.0,0.0,0.0,0.00023509944730903953,1.0,0.0,0.0,1.0,1.0,0.0,1.0,0.0,0.0,0.0,0.033203125,0.05806276202201843,1.0,0.0,0.0,-0.011310352943837643,0.0,0.0008898939122445881,0.8551832437515259,0.9921582539876302,0.0,0.0,1,0.0,0.0,0.0,0.007841746012369791,1.0,0.0,0.0,0.0,0.0,0.0,1
4,tiki,4,Q,bert.encoder.layer.4.attention.self.query,0.001,31,0,0,0,1.0,0.0,0.0,0.0,0.0,0.0,0.0,0.0,0.0,0.00025005266070365906,1.0,0.0,0.0,1.0,1.0,0.0,1.0,0.0,0.0,0.0,0.029296875,0.09313482791185379,1.0,0.0,0.0,-0.003126621711999178,0.0,0.0014678584411740303,0.950203537940979,0.9891543918185763,0.0,0.0,1,0.0,0.0,0.0,0.010845608181423612,1.0,0.0,0.0,0.0,0.0,0.0,1
4,tiki,4,K,bert.encoder.layer.4.attention.self.key,0.001,31,0,0,0,1.0,0.0,0.0,0.0,0.0,0.0,0.0,0.0,0.0,0.000218371074879542,1.0,0.0,0.0,1.0,1.0,0.0,1.0,0.0,0.0,0.0,0.0234375,0.08042865246534348,1.0,0.0,0.0,0.04197793826460838,0.0,0.001346469740383327,0.9026933908462524,0.9893680148654513,0.0,0.0,1,0.0,0.0,0.0,0.010631985134548612,1.0,0.0,0.0,0.0,0.0,0.0,1
4,tiki,4,V,bert.encoder.layer.4.attention.self.value,0.001,31,0,0,0,1.0,0.0,0.0,0.0,0.0,0.0,0.0,0.0,0.0,0.00041146567673422396,1.0,0.0,0.0,1.0,1.0,0.0,1.0,0.0,0.0,0.0,0.025390625,0.11855816096067429,1.0,0.0,0.0,0.04515587165951729,0.0,0.0018539333250373602,0.9977138042449951,0.9891103108723959,0.0,0.0,1,0.0,0.0,0.0,0.010889689127604166,1.0,0.0,0.0,0.0,0.0,0.0,1
4,tiki,4,O,bert.encoder.layer.4.attention.output.dense,0.001,31,0,0,0,1.0,0.0,0.0,0.0,0.0,0.0,0.0,0.0,0.0,0.0004783465410582721,1.0,0.0,0.0,1.0,1.0,0.0,1.0,0.0,0.0,0.0,0.017578125,0.11548687517642975,1.0,0.0,0.0,-0.08983591943979263,0.0,0.0019934452138841152,0.9977138042449951,0.9888475206163194,0.0,0.0,1,0.0,0.0,0.0,0.011152479383680556,1.0,0.0,0.0,0.0,0.0,0.0,1
4,tiki,4,FFN1,bert.encoder.layer.4.intermediate.dense,0.001,31,0,0,0,1.0,0.0,0.0,0.0,0.0,0.0,0.0,0.0,0.0,0.0003162152715958655,1.0,0.0,0.0,1.0,1.0,0.0,1.0,0.0,0.0,0.001953125,0.072265625,0.038225315511226654,1.0,0.0,0.0,0.08651615679264069,0.0,0.000956689240410924,0.9977138042449951,0.9900292290581597,0.0,0.0,1,0.0,0.0,0.0,0.009970770941840278,1.0,0.0,0.0,0.0,0.0,0.0,1
4,tiki,4,FFN2,bert.encoder.layer.4.output.dense,0.001,31,0,0,0,1.0,0.0,0.0,0.0,0.0,0.0,0.0,0.0,0.0,0.0002505443699192256,1.0,0.0,0.0,1.0,1.0,0.0,1.0,0.0,0.0,0.0,0.03515625,0.05767180025577545,1.0,0.0,0.0,-0.007841932587325573,0.0,0.000984559184871614,0.9977138042449951,0.99205568101671,0.0,0.0,1,0.0,0.0,0.0,0.007944318983289931,1.0,0.0,0.0,0.0,0.0,0.0,1
4,tiki,5,Q,bert.encoder.layer.5.attention.self.query,0.001,31,0,0,0,1.0,0.0,0.0,0.0,0.0,0.0,0.0,0.0,0.0,0.00023213801614474505,1.0,0.0,0.0,1.0,1.0,0.0,1.0,0.0,0.0,0.0,0.0234375,0.08103534579277039,1.0,0.0,0.0,0.027672840282320976,0.0,0.0013541218359023333,0.950203537940979,0.9893442789713541,0.0,0.0,1,0.0,0.0,0.0,0.010655721028645834,1.0,0.0,0.0,0.0,0.0,0.0,1
4,tiki,5,K,bert.encoder.layer.5.attention.self.key,0.001,31,0,0,0,1.0,0.0,0.0,0.0,0.0,0.0,0.0,0.0,0.0,0.00023383319785352796,1.0,0.0,0.0,1.0,1.0,0.0,1.0,0.0,0.0,0.0,0.013671875,0.0748780220746994,1.0,0.0,0.0,-0.01228569820523262,0.0,0.0013153775362297893,0.950203537940979,0.9893629286024306,0.0,0.0,1,0.0,0.0,0.0,0.010637071397569444,1.0,0.0,0.0,0.0,0.0,0.0,1
4,tiki,5,V,bert.encoder.layer.5.attention.self.value,0.001,31,0,0,0,1.0,0.0,0.0,0.0,0.0,0.0,0.0,0.0,0.0,0.0004351050592958927,1.0,0.0,0.0,1.0,1.0,0.0,1.0,0.0,0.0,0.0,0.025390625,0.0872848778963089,1.0,0.0,0.0,0.08751513808965683,0.0,0.0016052761347964406,0.9977138042449951,0.9892442491319444,0.0,0.0,1,0.0,0.0,0.0,0.010755750868055556,1.0,0.0,0.0,0.0,0.0,0.0,1
4,tiki,5,O,bert.encoder.layer.5.attention.output.dense,0.001,31,0,0,0,1.0,0.0,0.0,0.0,0.0,0.0,0.0,0.0,0.0,0.00048314343439415097,1.0,0.0,0.0,1.0,1.0,0.0,1.0,0.0,0.0,0.0,0.021484375,0.10131126642227173,1.0,0.0,0.0,0.043535150587558746,0.0,0.0017073324415832758,0.9977138042449951,0.9889407687717013,0.0,0.0,1,0.0,0.0,0.0,0.011059231228298612,1.0,0.0,0.0,0.0,0.0,0.0,1
4,tiki,5,FFN1,bert.encoder.layer.5.intermediate.dense,0.001,31,0,0,0,1.0,0.0,0.0,0.0,0.0,0.0,0.0,0.0,0.0,0.0003238411736674607,1.0,0.0,0.0,1.0,1.0,0.0,1.0,0.0,0.0,0.001953125,0.068359375,0.04064858704805374,1.0,0.0,0.0,-0.0008575200918130577,0.0,0.00100896623916924,0.9977138042449951,0.9899334377712674,0.0,0.0,1,0.0,0.0,0.0,0.010066562228732638,1.0,0.0,0.0,0.0,0.0,0.0,1
4,tiki,5,FFN2,bert.encoder.layer.5.output.dense,0.001,31,0,0,0,1.0,0.0,0.0,0.0,0.0,0.0,0.0,0.0,0.0,0.00027685094391927123,1.0,0.0,0.0,1.0,1.0,0.0,1.0,0.0,0.0,0.00390625,0.03515625,0.05976582318544388,1.0,0.0,0.0,0.005914109293371439,0.0,0.0011795901227742434,0.9977138042449951,0.9919399685329862,0.0,0.0,1,0.0,0.0,0.0,0.008060031467013888,1.0,0.0,0.0,0.0,0.0,0.0,1
4,tiki,6,Q,bert.encoder.layer.6.attention.self.query,0.001,31,0,0,0,1.0,0.0,0.0,0.0,0.0,0.0,0.0,0.0,0.0,0.0002414392656646669,1.0,0.0,0.0,1.0,1.0,0.0,1.0,0.0,0.0,0.0,0.017578125,0.06798706948757172,1.0,0.0,0.0,0.04078459367156029,0.0,0.0013189218007028103,0.9977138042449951,0.9894273546006944,0.0,0.0,1,0.0,0.0,0.0,0.010572645399305556,1.0,0.0,0.0,0.0,0.0,0.0,1
4,tiki,6,K,bert.encoder.layer.6.attention.self.key,0.001,31,0,0,0,1.0,0.0,0.0,0.0,0.0,0.0,0.0,0.0,0.0,0.00021056590776424855,1.0,0.0,0.0,1.0,1.0,0.0,1.0,0.0,0.0,0.0,0.021484375,0.07755306363105774,1.0,0.0,0.0,0.05317128822207451,0.0,0.0013029729016125202,0.8076730370521545,0.9894866943359375,0.0,0.0,1,0.0,0.0,0.0,0.0105133056640625,1.0,0.0,0.0,0.0,0.0,0.0,1
4,tiki,6,V,bert.encoder.layer.6.attention.self.value,0.001,31,0,0,0,1.0,0.0,0.0,0.0,0.0,0.0,0.0,0.0,0.0,0.00047907468979246914,1.0,0.0,0.0,1.0,1.0,0.0,1.0,0.0,0.0,0.0,0.0234375,0.08938875049352646,1.0,0.0,0.0,-0.20228013396263123,0.0,0.0016151833115145564,0.9977138042449951,0.9891866048177084,0.0,0.0,1,0.0,0.0,0.0,0.010813395182291666,1.0,0.0,0.0,0.0,0.0,0.0,1
4,tiki,6,O,bert.encoder.layer.6.attention.output.dense,0.001,31,0,0,0,1.0,0.0,0.0,0.0,0.0,0.0,0.0,0.0,0.0,0.0005094677908346057,1.0,0.0,0.0,1.0,1.0,0.0,1.0,0.0,0.0,0.0,0.015625,0.1254771649837494,1.0,0.0,0.0,0.0449741892516613,0.0,0.002489873906597495,0.9977138042449951,0.9885576036241319,0.0,0.0,1,0.0,0.0,0.0,0.011442396375868056,1.0,0.0,0.0,0.0,0.0,0.0,1
4,tiki,6,FFN1,bert.encoder.layer.6.intermediate.dense,0.001,31,0,0,0,1.0,0.0,0.0,0.0,0.0,0.0,0.0,0.0,0.0,0.00036738079506903887,1.0,0.0,0.0,1.0,1.0,0.0,1.0,0.0,0.0,0.0,0.0625,0.041461341083049774,1.0,0.0,0.0,0.05165655538439751,0.0,0.001019216375425458,0.9026933908462524,0.9898490905761719,0.0,0.0,1,0.0,0.0,0.0,0.010150909423828125,1.0,0.0,0.0,0.0,0.0,0.0,1
4,tiki,6,FFN2,bert.encoder.layer.6.output.dense,0.001,31,0,0,0,1.0,0.0,0.0,0.0,0.0,0.0,0.0,0.0,0.0,0.00030418101232498884,1.0,0.0,0.0,1.0,1.0,0.0,1.0,0.0,0.0,0.0,0.01171875,0.06879770010709763,1.0,0.0,0.0,-0.07884034514427185,0.0,0.0012570397229865193,0.9977138042449951,0.9917776319715712,0.0,0.0,1,0.0,0.0,0.0,0.008222368028428819,1.0,0.0,0.0,0.0,0.0,0.0,1
4,tiki,7,Q,bert.encoder.layer.7.attention.self.query,0.001,31,0,0,0,1.0,0.0,0.0,0.0,0.0,0.0,0.0,0.0,0.0,0.00021882477449253201,1.0,0.0,0.0,1.0,1.0,0.0,1.0,0.0,0.0,0.0,0.0390625,0.07226298004388809,1.0,0.0,0.0,0.061156757175922394,0.0,0.0012539983727037907,0.8551832437515259,0.9894087049696181,0.0,0.0,1,0.0,0.0,0.0,0.010591295030381944,1.0,0.0,0.0,0.0,0.0,0.0,1
4,tiki,7,K,bert.encoder.layer.7.attention.self.key,0.001,31,0,0,0,1.0,0.0,0.0,0.0,0.0,0.0,0.0,0.0,0.0,0.0002229683450423181,1.0,0.0,0.0,1.0,1.0,0.0,1.0,0.0,0.0,0.0,0.037109375,0.06640270352363586,1.0,0.0,0.0,0.017091818153858185,0.0,0.0011754627339541912,0.760162889957428,0.9896104600694444,0.0,0.0,1,0.0,0.0,0.0,0.010389539930555556,1.0,0.0,0.0,0.0,0.0,0.0,1
4,tiki,7,V,bert.encoder.layer.7.attention.self.value,0.001,31,0,0,0,1.0,0.0,0.0,0.0,0.0,0.0,0.0,0.0,0.0,0.0004875457379966974,1.0,0.0,0.0,1.0,1.0,0.0,1.0,0.0,0.0,0.0,0.03125,0.08538541197776794,1.0,0.0,0.0,-0.15393337607383728,0.0,0.0016395903658121824,0.9977138042449951,0.989227294921875,0.0,0.0,1,0.0,0.0,0.0,0.010772705078125,1.0,0.0,0.0,0.0,0.0,0.0,1
4,tiki,7,O,bert.encoder.layer.7.attention.output.dense,0.001,31,0,0,0,1.0,0.0,0.0,0.0,0.0,0.0,0.0,0.0,0.0,0.00046962586930021644,1.0,0.0,0.0,1.0,1.0,0.0,1.0,0.0,0.0,0.001953125,0.005859375,0.1261579394340515,1.0,0.0,0.0,0.008568868972361088,0.0,0.0023778292816132307,0.9977138042449951,0.9887661404079862,0.0,0.0,1,0.0,0.0,0.0,0.011233859592013888,1.0,0.0,0.0,0.0,0.0,0.0,1
4,tiki,7,FFN1,bert.encoder.layer.7.intermediate.dense,0.001,31,0,0,0,1.0,0.0,0.0,0.0,0.0,0.0,0.0,0.0,0.0,0.00038992552435956895,1.0,0.0,0.0,1.0,1.0,0.0,1.0,0.0,0.0,0.0,0.05859375,0.04580852389335632,1.0,0.0,0.0,0.0020374516025185585,0.0,0.0010288823395967484,0.9977138042449951,0.98981687757704,0.0,0.0,1,0.0,0.0,0.0,0.010183122422960069,1.0,0.0,0.0,0.0,0.0,0.0,1
4,tiki,7,FFN2,bert.encoder.layer.7.output.dense,0.001,31,0,0,0,1.0,0.0,0.0,0.0,0.0,0.0,0.0,0.0,0.0,0.00035072019090875983,1.0,0.0,0.0,1.0,1.0,0.0,1.0,0.0,0.0,0.0,0.029296875,0.08266817033290863,1.0,0.0,0.0,-0.007201312109827995,0.0,0.001539184246212244,0.9977138042449951,0.99162843492296,0.0,0.0,1,0.0,0.0,0.0,0.008371565077039931,1.0,0.0,0.0,0.0,0.0,0.0,1
4,tiki,8,Q,bert.encoder.layer.8.attention.self.query,0.001,31,0,0,0,1.0,0.0,0.0,0.0,0.0,0.0,0.0,0.0,0.0,0.00032484414987266064,1.0,0.0,0.0,1.0,1.0,0.0,1.0,0.0,0.0,0.0,0.0234375,0.05939327925443649,1.0,0.0,0.0,0.000525848416145891,0.0,0.001205024658702314,0.9977138042449951,0.9894273546006944,0.0,0.0,1,0.0,0.0,0.0,0.010572645399305556,1.0,0.0,0.0,0.0,0.0,0.0,1
4,tiki,8,K,bert.encoder.layer.8.attention.self.key,0.001,31,0,0,0,1.0,0.0,0.0,0.0,0.0,0.0,0.0,0.0,0.0,0.0002948578039649874,1.0,0.0,0.0,1.0,1.0,0.0,1.0,0.0,0.0,0.0,0.029296875,0.08090231567621231,1.0,0.0,0.0,-0.09293286502361298,0.0,0.0013697483809664845,0.9977138042449951,0.9893035888671875,0.0,0.0,1,0.0,0.0,0.0,0.0106964111328125,1.0,0.0,0.0,0.0,0.0,0.0,1
4,tiki,8,V,bert.encoder.layer.8.attention.self.value,0.001,31,0,0,0,1.0,0.0,0.0,0.0,0.0,0.0,0.0,0.0,0.0,0.00046513191773556173,1.0,0.0,0.0,1.0,1.0,0.0,1.0,0.0,0.0,0.0,0.025390625,0.1076493188738823,1.0,0.0,0.0,0.08499536663293839,0.0,0.001979993423447013,0.9977138042449951,0.9889746771918403,0.0,0.0,1,0.0,0.0,0.0,0.011025322808159722,1.0,0.0,0.0,0.0,0.0,0.0,1
4,tiki,8,O,bert.encoder.layer.8.attention.output.dense,0.001,31,0,0,0,1.0,0.0,0.0,0.0,0.0,0.0,0.0,0.0,0.0,0.0005687332013621926,1.0,0.0,0.0,1.0,1.0,0.0,1.0,0.0,0.0,0.0078125,0.013671875,0.1321723312139511,1.0,0.0,0.0,-0.02146376669406891,0.0,0.0020865604747086763,0.9977138042449951,0.9888746473524306,0.0,0.0,1,0.0,0.0,0.0,0.011125352647569444,1.0,0.0,0.0,0.0,0.0,0.0,1
4,tiki,8,FFN1,bert.encoder.layer.8.intermediate.dense,0.001,31,0,0,0,1.0,0.0,0.0,0.0,0.0,0.0,0.0,0.0,0.0,0.0004042084328830242,1.0,0.0,0.0,1.0,1.0,0.0,1.0,0.0,0.0,0.0,0.0546875,0.04706486687064171,1.0,0.0,0.0,0.006389394402503967,0.0,0.001003569457679987,0.9977138042449951,0.989906734890408,0.0,0.0,1,0.0,0.0,0.0,0.010093265109592013,1.0,0.0,0.0,0.0,0.0,0.0,1
4,tiki,8,FFN2,bert.encoder.layer.8.output.dense,0.001,31,0,0,0,1.0,0.0,0.0,0.0,0.0,0.0,0.0,0.0,0.0,0.00029840151546522975,1.0,0.0,0.0,1.0,1.0,0.0,1.0,0.0,0.0,0.015625,0.01953125,0.0939067155122757,1.0,0.0,0.0,-0.08636823296546936,0.0,0.0021169281098991632,0.9977138042449951,0.991447024875217,0.0,0.0,1,0.0,0.0,0.0,0.008552975124782987,1.0,0.0,0.0,0.0,0.0,0.0,1
4,tiki,9,Q,bert.encoder.layer.9.attention.self.query,0.001,31,0,0,0,1.0,0.0,0.0,0.0,0.0,0.0,0.0,0.0,0.0,0.00028916061273775995,1.0,0.0,0.0,1.0,1.0,0.0,1.0,0.0,0.0,0.0,0.021484375,0.08504292368888855,1.0,0.0,0.0,-0.06634330004453659,0.0,0.0014143734006211162,0.9977138042449951,0.9893747965494791,0.0,0.0,1,0.0,0.0,0.0,0.010625203450520834,1.0,0.0,0.0,0.0,0.0,0.0,1
4,tiki,9,K,bert.encoder.layer.9.attention.self.key,0.001,31,0,0,0,1.0,0.0,0.0,0.0,0.0,0.0,0.0,0.0,0.0,0.00028403810574673116,1.0,0.0,0.0,1.0,1.0,0.0,1.0,0.0,0.0,0.0,0.017578125,0.08767785876989365,1.0,0.0,0.0,0.06682837754487991,0.0,0.0014777659671381116,0.9977138042449951,0.9892764621310763,0.0,0.0,1,0.0,0.0,0.0,0.010723537868923612,1.0,0.0,0.0,0.0,0.0,0.0,1
4,tiki,9,V,bert.encoder.layer.9.attention.self.value,0.001,31,0,0,0,1.0,0.0,0.0,0.0,0.0,0.0,0.0,0.0,0.0,0.0005925302393734455,1.0,0.0,0.0,1.0,1.0,0.0,1.0,0.0,0.0,0.0,0.029296875,0.12824103236198425,1.0,0.0,0.0,-0.008302245289087296,0.0,0.001896705012768507,0.9977138042449951,0.9890238444010416,0.0,0.0,1,0.0,0.0,0.0,0.010976155598958334,1.0,0.0,0.0,0.0,0.0,0.0,1
4,tiki,9,O,bert.encoder.layer.9.attention.output.dense,0.001,31,0,0,0,1.0,0.0,0.0,0.0,0.0,0.0,0.0,0.0,0.0,0.0006578365573659539,1.0,0.0,0.0,1.0,1.0,0.0,1.0,0.0,0.0,0.021484375,0.017578125,0.17695869505405426,1.0,0.0,0.0,0.10375487804412842,0.0,0.0033574749249964952,0.9977138042449951,0.9884372287326388,0.0,0.0,1,0.0,0.0,0.0,0.011562771267361112,1.0,0.0,0.0,0.0,0.0,0.0,1
4,tiki,9,FFN1,bert.encoder.layer.9.intermediate.dense,0.001,31,0,0,0,1.0,0.0,0.0,0.0,0.0,0.0,0.0,0.0,0.0,0.0003353277570568025,1.0,0.0,0.0,1.0,1.0,0.0,1.0,0.0,0.0,0.0,0.03125,0.05241316556930542,1.0,0.0,0.0,-0.10015834867954254,0.0,0.0011555262608453631,0.9977138042449951,0.9896859063042535,0.0,0.0,1,0.0,0.0,0.0,0.010314093695746528,1.0,0.0,0.0,0.0,0.0,0.0,1
4,tiki,9,FFN2,bert.encoder.layer.9.output.dense,0.001,31,0,0,0,1.0,0.0,0.0,0.0,0.0,0.0,0.0,0.0,0.0,0.000311486073769629,1.0,0.0,0.0,1.0,1.0,0.0,1.0,0.0,0.0,0.046875,0.021484375,0.10432678461074829,1.0,0.0,0.0,0.0025296793319284916,0.0,0.0024618827737867832,0.9977138042449951,0.9915178087022569,0.0,0.0,1,0.0,0.0,0.0,0.008482191297743056,1.0,0.0,0.0,0.0,0.0,0.0,1
4,tiki,10,Q,bert.encoder.layer.10.attention.self.query,0.001,31,0,0,0,1.0,0.0,0.0,0.0,0.0,0.0,0.0,0.0,0.0,0.00024399466929025948,1.0,0.0,0.0,1.0,1.0,0.0,1.0,0.0,0.0,0.0,0.02734375,0.08276060223579407,1.0,0.0,0.0,-0.051416512578725815,0.0,0.0016026984667405486,0.9977138042449951,0.9891984727647569,0.0,0.0,1,0.0,0.0,0.0,0.010801527235243056,1.0,0.0,0.0,0.0,0.0,0.0,1
4,tiki,10,K,bert.encoder.layer.10.attention.self.key,0.001,31,0,0,0,1.0,0.0,0.0,0.0,0.0,0.0,0.0,0.0,0.0,0.00023359229089692235,1.0,0.0,0.0,1.0,1.0,0.0,1.0,0.0,0.0,0.0,0.02734375,0.08985590934753418,1.0,0.0,0.0,0.01986123062670231,0.0,0.0014225890627130866,0.9977138042449951,0.9893408881293403,0.0,0.0,1,0.0,0.0,0.0,0.010659111870659722,1.0,0.0,0.0,0.0,0.0,0.0,1
4,tiki,10,V,bert.encoder.layer.10.attention.self.value,0.001,31,0,0,0,1.0,0.0,0.0,0.0,0.0,0.0,0.0,0.0,0.0,0.0004825584474019706,1.0,0.0,0.0,1.0,1.0,0.0,1.0,0.0,0.0,0.001953125,0.025390625,0.11750687658786774,1.0,0.0,0.0,0.026238277554512024,0.0,0.0018925166223198175,0.9977138042449951,0.9890560574001737,0.0,0.0,1,0.0,0.0,0.0,0.010943942599826388,1.0,0.0,0.0,0.0,0.0,0.0,1
4,tiki,10,O,bert.encoder.layer.10.attention.output.dense,0.001,31,0,0,0,1.0,0.0,0.0,0.0,0.0,0.0,0.0,0.0,0.0,0.0004937660996802151,1.0,0.0,0.0,1.0,1.0,0.0,1.0,0.0,0.0,0.025390625,0.009765625,0.15794658660888672,1.0,0.0,0.0,-0.05823630094528198,0.0,0.0032689510844647884,0.9977138042449951,0.9886406792534722,0.0,0.0,1,0.0,0.0,0.0,0.011359320746527778,1.0,0.0,0.0,0.0,0.0,0.0,1
4,tiki,10,FFN1,bert.encoder.layer.10.intermediate.dense,0.001,31,0,0,0,1.0,0.0,0.0,0.0,0.0,0.0,0.0,0.0,0.0,0.00031798332929611206,1.0,0.0,0.0,1.0,1.0,0.0,1.0,0.0,0.0,0.0,0.05078125,0.04535810649394989,1.0,0.0,0.0,-0.02516656182706356,0.0,0.0011805167887359858,0.9977138042449951,0.9897626241048177,0.0,0.0,1,0.0,0.0,0.0,0.010237375895182291,1.0,0.0,0.0,0.0,0.0,0.0,1
4,tiki,10,FFN2,bert.encoder.layer.10.output.dense,0.001,31,0,0,0,1.0,0.0,0.0,0.0,0.0,0.0,0.0,0.0,0.0,0.00030636865994893014,1.0,0.0,0.0,1.0,1.0,0.0,1.0,0.0,0.0,0.181640625,0.009765625,0.08556471765041351,1.0,0.0,0.0,-0.06029607728123665,0.0,0.003143311943858862,0.9977138042449951,0.9917132059733073,0.0,0.0,1,0.0,0.0,0.0,0.008286794026692709,1.0,0.0,0.0,0.0,0.0,0.0,1
4,tiki,11,Q,bert.encoder.layer.11.attention.self.query,0.001,31,0,0,0,1.0,0.0,0.0,0.0,0.0,0.0,0.0,0.0,0.0,0.0002652906405273825,1.0,0.0,0.0,1.0,1.0,0.0,1.0,0.0,0.0,0.0,0.029296875,0.10149243474006653,1.0,0.0,0.0,0.024746641516685486,0.0,0.0018241299549117684,0.9977138042449951,0.9892306857638888,0.0,0.0,1,0.0,0.0,0.0,0.010769314236111112,1.0,0.0,0.0,0.0,0.0,0.0,1
4,tiki,11,K,bert.encoder.layer.11.attention.self.key,0.001,31,0,0,0,1.0,0.0,0.0,0.0,0.0,0.0,0.0,0.0,0.0,0.00021520021255128086,1.0,0.0,0.0,1.0,1.0,0.0,1.0,0.0,0.0,0.0,0.033203125,0.07980547100305557,1.0,0.0,0.0,-0.021489987149834633,0.0,0.0013480003690347075,0.950203537940979,0.9894019232855903,0.0,0.0,1,0.0,0.0,0.0,0.010598076714409722,1.0,0.0,0.0,0.0,0.0,0.0,1
4,tiki,11,V,bert.encoder.layer.11.attention.self.value,0.001,31,0,0,0,1.0,0.0,0.0,0.0,0.0,0.0,0.0,0.0,0.0,0.0004545479896478355,1.0,0.0,0.0,1.0,1.0,0.0,1.0,0.0,0.0,0.0,0.03515625,0.11871728301048279,1.0,0.0,0.0,-0.02220139652490616,0.0,0.0017778945621103048,0.9977138042449951,0.9891781277126737,0.0,0.0,1,0.0,0.0,0.0,0.010821872287326388,1.0,0.0,0.0,0.0,0.0,0.0,1
4,tiki,11,O,bert.encoder.layer.11.attention.output.dense,0.001,31,0,0,0,1.0,0.0,0.0,0.0,0.0,0.0,0.0,0.0,0.0,0.0004959937650710344,1.0,0.0,0.0,1.0,1.0,0.0,1.0,0.0,0.0,0.0703125,0.01953125,0.18288126587867737,1.0,0.0,0.0,0.02245621383190155,0.0,0.0031094627920538187,0.9977138042449951,0.9887763129340278,0.0,0.0,1,0.0,0.0,0.0,0.011223687065972222,1.0,0.0,0.0,0.0,0.0,0.0,1
4,tiki,11,FFN1,bert.encoder.layer.11.intermediate.dense,0.001,31,0,0,0,1.0,0.0,0.0,0.0,0.0,0.0,0.0,0.0,0.0,0.00044903717935085297,1.0,0.0,0.0,1.0,1.0,0.0,1.0,0.0,0.0,0.0,0.064453125,0.05942387133836746,1.0,0.0,0.0,-0.03239353001117706,0.0,0.0014034583000466228,0.9977138042449951,0.9898219638400607,0.0,0.0,1,0.0,0.0,0.0,0.010178036159939237,1.0,0.0,0.0,0.0,0.0,0.0,1
4,tiki,11,FFN2,bert.encoder.layer.11.output.dense,0.001,31,0,0,0,0.998046875,0.001953125,2.1436335373437032e-07,0.0001097540371119976,0.0001097540371119976,0.0,0.0,0.0,0.001953125,0.0003485029737930745,1.0,0.0024672583676874638,0.0,1.0,1.0,0.0,1.0,0.0,0.0,0.392578125,0.015625,0.07480810582637787,1.0,0.0,0.0,-0.07003650814294815,0.0,0.003811976872384548,0.9977138042449951,0.9924286736382378,0.0,0.0,1,0.0,0.0,0.0,0.007571326361762153,0.998046875,10975.4033203125,0.001953125,0.0,0.0,0.0,1
