figure_id,run_tag,layer_name,layer_idx,sublayer,variant,dac_bits,adc_bits,inp_bound,inp_res,res_ratio,step_size,nm_thres,sto_round,EZR,QZR_all,QZR_nonzero,ODR,cosine_sim,l2_retention,rel_l2_error,clip_rate_scaled,ratio_q50,ratio_q90,ratio_q99,p_clip,absmax_q50,absmax_q90,absmax_q99,absmax_q999,EZR_pad,QZR_all_pad,seed
B,v3_ABD,bert.encoder.layer.0.intermediate.dense,0,FFN1,sweep,4,4,1.0,0.07142857142857142,0.07142857142857142,0.14285714285714285,0.0,False,0.4143841463327408,0.877304857969284,0.7904989612102509,160796.69703125,0.949778745174408,1.0265172600746155,0.31808817118406296,0.0,0.001305509575176984,0.0856875455379486,0.33340138792991636,5.352603409392031e-09,0.0018241172190755605,0.007071862882003188,0.04201863145455718,0.21216642968356608,0.3915397724509239,0.9043193262815475,43
B,v3_ABD,bert.encoder.layer.0.output.dense,0,FFN2,sweep,4,4,1.0,0.07142857142857142,0.07142857142857142,0.14285714285714285,0.0,False,0.09997506968677045,0.3101509994268417,0.23352242559194564,7.067547178268432,0.9882957148551941,1.0117661690711974,0.15228322878479958,0.0,0.147919402718544,0.44693711280822757,0.7634287571907044,0.0,0.00129192192456685,0.004709864309988916,0.02752982873469591,0.1148594929650426,0.099994715154171,0.3094466185569763,43
B,v3_ABD,bert.encoder.layer.0.attention.self.key,0,K,sweep,4,4,1.0,0.07142857142857142,0.07142857142857142,0.14285714285714285,0.0,False,9.08007905309205e-09,0.6590990751981736,0.6590990716218948,35.638137874603274,0.9649665296077728,1.0214704978466034,0.26378202319145205,0.0,0.04042095717042685,0.2103171569108963,0.600192973613739,0.0,0.0017970149358734488,0.007904335854109377,0.03903138774447143,0.1389385089278221,0.5515136769413949,0.8473167967796326,43
B,v3_ABD,bert.encoder.layer.0.attention.output.dense,0,O,sweep,4,4,1.0,0.07142857142857142,0.07142857142857142,0.14285714285714285,0.0,False,0.10000291116535663,0.30822924703359605,0.231363395601511,6.988951840400696,0.9873241639137268,1.0128669321537018,0.15776847839355468,0.0,0.1469307716190815,0.4340431821346283,0.7496857964992523,9.38113618076386e-08,0.0025081775279249996,0.009061872982420028,0.062297155503183606,0.29901785410940646,0.10003144286572933,0.3110752946138382,43
B,v3_ABD,bert.encoder.layer.0.attention.self.query,0,Q,sweep,4,4,1.0,0.07142857142857142,0.07142857142857142,0.14285714285714285,0.0,False,1.1547074536792935e-05,0.500168978869915,0.5001632049679756,14.807805433273316,0.9636871844530106,1.0313166570663452,0.2681306192278862,0.0,0.07141327492892742,0.2521771851181984,0.6006582415103913,0.0,0.0007051512156613171,0.002862984441453591,0.022535383873619138,0.1352287920936942,0.00022922092308363061,0.5045966455340385,43
B,v3_ABD,bert.encoder.layer.0.attention.self.value,0,V,sweep,4,4,1.0,0.07142857142857142,0.07142857142857142,0.14285714285714285,0.0,False,0.0,0.5892988157272339,0.5892988157272339,24.565927066802978,0.9654523646831512,1.0248605191707612,0.26177567571401594,0.0,0.05347032856196165,0.23601461157202722,0.6102003741264344,9.054821248355438e-09,0.0033866171864792706,0.013103482434526087,0.06474514225497842,0.2183010593801737,0.5515136727690697,0.8160159188508987,43
B,v3_ABD,bert.encoder.layer.1.intermediate.dense,1,FFN1,sweep,4,4,1.0,0.07142857142857142,0.07142857142857142,0.14285714285714285,0.0,False,0.4315206781029701,0.8807485193014145,0.7902436631917954,168154.733671875,0.9565619504451752,1.027169976234436,0.29422395437955856,0.0,0.0002551306231907802,0.08654939256608486,0.35198375254869463,3.0825836461190194e-09,0.001344844030099921,0.005079186870716512,0.03770054112188518,0.2290018606930971,0.43694244772195817,0.8840401548147202,43
B,v3_ABD,bert.encoder.layer.1.output.dense,1,FFN2,sweep,4,4,1.0,0.07142857142857142,0.07142857142857142,0.14285714285714285,0.0,False,0.09999463491141797,0.3145694836974144,0.23841541558504104,7.321002721786499,0.9878658020496368,1.0119498074054718,0.15365750342607498,0.0,0.14668291181325913,0.44756463170051575,0.7638009637594223,0.0,0.0009677660983288661,0.003506768235238269,0.022971506705507638,0.12041560426354408,0.10000240415334702,0.3198403578996658,43
B,v3_ABD,bert.encoder.layer.1.attention.self.key,1,K,sweep,4,4,1.0,0.07142857142857142,0.07142857142857142,0.14285714285714285,0.0,False,1.0672814596546233e-08,0.7565071314573288,0.756507129073143,49.15238388061523,0.9583813631534577,1.0207068777084352,0.28783950239419936,0.0,0.026613386161625386,0.15204193323850632,0.5492212039232254,0.0,0.0013398693734779953,0.0057895412435755135,0.023317145993933083,0.06426593873649836,0.5515136775374413,0.8908077353239059,43
B,v3_ABD,bert.encoder.layer.1.attention.output.dense,1,O,sweep,4,4,1.0,0.07142857142857142,0.07142857142857142,0.14285714285714285,0.0,False,0.09996449247002602,0.30672301471233365,0.22972264483571053,6.945745525360107,0.9873771959543228,1.012638727426529,0.1569126306474209,0.0,0.1483965176343918,0.43677583009004595,0.7515433239936828,2.0550557451315398e-08,0.0015702645760029554,0.005690299402922392,0.05256150895729661,0.28262136548757555,0.09998634032905102,0.31669354140758516,43
B,v3_ABD,bert.encoder.layer.1.attention.self.query,1,Q,sweep,4,4,1.0,0.07142857142857142,0.07142857142857142,0.14285714285714285,0.0,False,5.836951888340991e-05,0.5504405719041824,0.5504142487049103,17.981628608703613,0.9611979734897613,1.0296492564678192,0.27585373669862745,0.0,0.06158470373600721,0.23979362577199936,0.6011535465717316,0.0,0.0004067029275756795,0.0016172798839397728,0.012333109814208001,0.06410377705469728,0.00036215040761817364,0.5084494736790657,43
B,v3_ABD,bert.encoder.layer.1.attention.self.value,1,V,sweep,4,4,1.0,0.07142857142857142,0.07142857142857142,0.14285714285714285,0.0,False,0.0,0.6122567790746689,0.6122567790746689,26.172764797210693,0.9667893713712692,1.0228680074214935,0.2570359794795513,0.0,0.04830340385437012,0.23383782923221588,0.6083617794513703,2.2863623598823324e-08,0.0019193682784680278,0.007970471903681754,0.0386747002415359,0.15643357265740632,0.5515136727690697,0.8262012284994126,43
B,v3_ABD,bert.encoder.layer.2.intermediate.dense,2,FFN1,sweep,4,4,1.0,0.07142857142857142,0.07142857142857142,0.14285714285714285,0.0,False,0.45968159347772597,0.8552038657665253,0.7320406478643418,112818.8450390625,0.9559184581041336,1.032518711090088,0.2948132392764091,0.0,9.086242448120175e-05,0.10511323548853398,0.3676557174324989,0.0,0.0007655600548605435,0.002768567360471934,0.024185600439086557,0.17978167951107024,0.4610507223010063,0.844606088399887,43
B,v3_ABD,bert.encoder.layer.2.output.dense,2,FFN2,sweep,4,4,1.0,0.07142857142857142,0.07142857142857142,0.14285714285714285,0.0,False,0.10000375226140022,0.42964898198843005,0.36627420008182526,13.241839237213135,0.9763086968660355,1.0169788110256195,0.19773783713579177,0.0,0.09503770619630814,0.40974601328372956,0.743187415599823,0.0,0.0006641714397119358,0.0022755625459831208,0.019929362828843295,0.13100564911961554,0.10001805298030376,0.4599211856722832,43
B,v3_ABD,bert.encoder.layer.2.attention.self.key,2,K,sweep,4,4,1.0,0.07142857142857142,0.07142857142857142,0.14285714285714285,0.0,False,0.0,0.7996319591999054,0.7996319591999054,71.01641044616699,0.9572818368673325,1.0191891658306123,0.29123946130275724,0.0,0.019471538178622724,0.13129824601113796,0.5087017321586609,0.0,0.000757132731960155,0.0033331995597109198,0.014097962006926536,0.03885153576731682,0.5515136727690697,0.9101849901676178,43
B,v3_ABD,bert.encoder.layer.2.attention.output.dense,2,O,sweep,4,4,1.0,0.07142857142857142,0.07142857142857142,0.14285714285714285,0.0,False,0.09999511182308198,0.3379027143120766,0.26434016942977906,8.353639445304871,0.9829735624790191,1.0149957573413848,0.17328887149691583,0.0,0.13392655774950982,0.42267310470342634,0.7437732201814652,2.4660668600517966e-08,0.001039413865073584,0.0037183091847691687,0.04345493567176163,0.2993766288459301,0.09998515747487545,0.3636380037665367,43
B,v3_ABD,bert.encoder.layer.2.attention.self.query,2,Q,sweep,4,4,1.0,0.07142857142857142,0.07142857142857142,0.14285714285714285,0.0,False,0.0005848247640096815,0.6330584961175919,0.6328427839279175,105.75947412490845,0.961381487250328,1.0261353933811188,0.27706102818250655,0.0,0.04661011081188917,0.21024328351020813,0.5964239776134491,0.0,0.0002040622286585858,0.0008257555781165138,0.006562695212196558,0.035639486890286204,0.0011509916648356011,0.6283918619155884,43
B,v3_ABD,bert.encoder.layer.2.attention.self.value,2,V,sweep,4,4,1.0,0.07142857142857142,0.07142857142857142,0.14285714285714285,0.0,False,9.408116738995886e-09,0.6519904541969299,0.6519904506206512,35.52966850280762,0.9695934575796127,1.0199583566188812,0.2454216805100441,0.0,0.039111893810331824,0.2299685275554657,0.6183057004213333,0.0,0.0014447374211158603,0.0063578286417759955,0.03137734964489937,0.10031956225633622,0.5515136769413949,0.8439631694555283,43
B,v3_ABD,bert.encoder.layer.3.intermediate.dense,3,FFN1,sweep,4,4,1.0,0.07142857142857142,0.07142857142857142,0.14285714285714285,0.0,False,0.4805192637443543,0.8712347888946533,0.7521169739961624,25251.97697265625,0.9449377477169036,1.0226936519145966,0.3157501831650734,0.0,4.366174642380076e-06,0.0972789990156889,0.366214659512043,0.0,0.000124735163335572,0.0005152784183155745,0.023084850627928973,0.1945247782766819,0.47340890496969223,0.8589836609363556,43
B,v3_ABD,bert.encoder.layer.3.output.dense,3,FFN2,sweep,4,4,1.0,0.07142857142857142,0.07142857142857142,0.14285714285714285,0.0,False,0.10002281211316585,0.42536531239748,0.36150112211704255,13.892135133743286,0.9608671933412551,1.0215347909927368,0.2447870735824108,0.0,0.09615374118089676,0.377943696975708,0.7052718508243561,0.0,0.00013716098583245185,0.0005498713598353788,0.011917246009688824,0.049282266683876516,0.09999550357460976,0.39388716757297515,43
B,v3_ABD,bert.encoder.layer.3.attention.self.key,3,K,sweep,4,4,1.0,0.07142857142857142,0.07142857142857142,0.14285714285714285,0.0,False,8.594609539613884e-09,0.9184268599748612,0.9184268593788147,200.2288055419922,0.9637852275371551,1.0077927696704865,0.26530318170785905,0.0,0.007486730855889618,0.060148936100304126,0.43370718240737915,0.0,0.0009373098326614127,0.004141441234387457,0.016883723670616746,0.047160258051007986,0.5515136769413949,0.9634881192445754,43
B,v3_ABD,bert.encoder.layer.3.attention.output.dense,3,O,sweep,4,4,1.0,0.07142857142857142,0.07142857142857142,0.14285714285714285,0.0,False,0.1000206008553505,0.6364521682262421,0.5960488480329513,41.905837593078616,0.9233781737089157,1.0166425907611847,0.35811524122953414,0.0,0.039835349842906,0.253416485786438,0.6010299748182297,7.319829467178351e-07,0.0005405315500684083,0.0031309383548796177,0.06450149791315198,0.602007532864809,0.09999719485640526,0.6004886972904205,43
B,v3_ABD,bert.encoder.layer.3.attention.self.query,3,Q,sweep,4,4,1.0,0.07142857142857142,0.07142857142857142,0.14285714285714285,0.0,False,0.0010937841417035087,0.5708786499500275,0.5704072564840317,19.190793857574462,0.9665295451879501,1.0256270110607146,0.2585234718024731,0.0,0.05721785638481378,0.24164155825972558,0.6239571982622146,0.0,3.177264909027144e-05,8.86448225719505e-05,0.004727870338247158,0.034214454619213935,0.0008100043487502262,0.5630450123548507,43
B,v3_ABD,bert.encoder.layer.3.attention.self.value,3,V,sweep,4,4,1.0,0.07142857142857142,0.07142857142857142,0.14285714285714285,0.0,False,1.0841660014193621e-08,0.7367013680934906,0.7367013651132583,111.81266181945801,0.975163083076477,1.0160223937034607,0.22092364192008973,0.0,0.018836661791428923,0.2006834264099598,0.6215902239084243,0.0,0.0013473608280764892,0.005194965372793376,0.032596598817035555,0.18739787563681604,0.5515136769413949,0.8822664278745651,43
B,v3_ABD,bert.encoder.layer.4.intermediate.dense,4,FFN1,sweep,4,4,1.0,0.07142857142857142,0.07142857142857142,0.14285714285714285,0.0,False,0.4473381471633911,0.8630885720252991,0.7522755515575409,14504.548969726562,0.943555412888527,1.0304969727993012,0.3301641118526459,0.0,0.00023670717549975962,0.0995476970821619,0.3498191034793854,0.0,0.00010671253185137174,0.00032308501526131297,0.013094602660275996,0.0884941978007555,0.43609068751335145,0.8532261848449707,43
B,v3_ABD,bert.encoder.layer.4.output.dense,4,FFN2,sweep,4,4,1.0,0.07142857142857142,0.07142857142857142,0.14285714285714285,0.0,False,0.10004472859203815,0.3831351000070572,0.31455951631069184,10.626071491241454,0.9694882845878601,1.0225797724723815,0.2179763948917389,0.0,0.11191903784871102,0.4004421204328537,0.7256575083732605,0.0,9.630921442294494e-05,0.0003324161548516713,0.006283222958445549,0.018058037580922247,0.10001807823777199,0.34981372237205505,43
B,v3_ABD,bert.encoder.layer.4.attention.self.key,4,K,sweep,4,4,1.0,0.07142857142857142,0.07142857142857142,0.14285714285714285,0.0,False,0.0,0.8509546709060669,0.8509546709060669,143.5386756134033,0.9701832056045532,1.0094835817813874,0.24122333005070687,0.0,0.011896786214783787,0.10767029963433743,0.6070254254341125,0.0,5.648599206324434e-05,0.00026763227288029157,0.0056299428793136035,0.035682724229991435,0.5515136727690697,0.9334373074769974,43
B,v3_ABD,bert.encoder.layer.4.attention.output.dense,4,O,sweep,4,4,1.0,0.07142857142857142,0.07142857142857142,0.14285714285714285,0.0,False,0.09995233237743378,0.5697800433635711,0.5220034661889076,29.92636671066284,0.9322305583953857,1.017478368282318,0.3309522607922554,0.0,0.053095246739685534,0.29661650836467746,0.6367274010181427,0.0,0.0003078958454716485,0.0017358681582845747,0.034352823235094546,0.17512747652828695,0.09998513601720332,0.5255122578144074,43
B,v3_ABD,bert.encoder.layer.4.attention.self.query,4,Q,sweep,4,4,1.0,0.07142857142857142,0.07142857142857142,0.14285714285714285,0.0,False,0.0011557080125203355,0.7825880706310272,0.7823350363969803,76.7330019378662,0.9634721517562866,1.0193140959739686,0.26963921934366225,0.0,0.01815098979510367,0.1481703671813011,0.5463191568851471,0.0,1.8107615933331544e-05,5.456860602862435e-05,0.0014394351217197254,0.013154472848400474,0.000639665398721263,0.7595301723480224,43
B,v3_ABD,bert.encoder.layer.4.attention.self.value,4,V,sweep,4,4,1.0,0.07142857142857142,0.07142857142857142,0.14285714285714285,0.0,False,9.221553227689583e-09,0.6727162182331086,0.6727162152528763,46.71993530273438,0.9745357030630112,1.0166522204875945,0.22454248398542404,0.0,0.03353157309815288,0.23784902244806289,0.6549213260412217,9.462814887228888e-09,7.387517398456111e-05,0.0003020903024298605,0.031767916762037204,0.20623539157211782,0.5515136775374413,0.8536168658733367,43
B,v3_ABD,bert.encoder.layer.5.intermediate.dense,5,FFN1,sweep,4,4,1.0,0.07142857142857142,0.07142857142857142,0.14285714285714285,0.0,False,0.441656137406826,0.8553473007678986,0.7409212297201156,7346.52197265625,0.9468323814868927,1.0327666532993316,0.3212209466099739,0.0,0.0005612571143137757,0.10573936216533183,0.35915628910064695,0.0,7.995261064934311e-05,0.0002272518457903061,0.005283580261748284,0.022037112228572367,0.43944426000118253,0.8517388123273849,43
B,v3_ABD,bert.encoder.layer.5.output.dense,5,FFN2,sweep,4,4,1.0,0.07142857142857142,0.07142857142857142,0.14285714285714285,0.0,False,0.09999229736626149,0.2884392327070236,0.2093836872279644,6.319987802505493,0.988955562710762,1.011278691291809,0.14839043453335762,0.0,0.16009729400277137,0.45323857277631757,0.7632065230607986,0.0,5.769217274064431e-05,0.00011967795500822831,0.002695334501331672,0.005293554025702179,0.09998565308749675,0.2884855696558952,43
B,v3_ABD,bert.encoder.layer.5.attention.self.key,5,K,sweep,4,4,1.0,0.07142857142857142,0.07142857142857142,0.14285714285714285,0.0,False,8.368144790438236e-09,0.8601992225646973,0.8601992213726044,118.91846298217773,0.9492662930488587,1.0149888229370116,0.31405985474586484,0.0,0.012612813683226705,0.09526486866176129,0.4308993431925774,0.0,4.397844682898721e-05,0.00016305610348354093,0.002235635833640117,0.01107120395405218,0.5515136769413949,0.9373247265815735,43
B,v3_ABD,bert.encoder.layer.5.attention.output.dense,5,O,sweep,4,4,1.0,0.07142857142857142,0.07142857142857142,0.14285714285714285,0.0,False,0.10000093296170234,0.5295950382947922,0.47732737839221956,23.249320220947265,0.9371392649412155,1.0160118496418,0.31328514516353606,0.0,0.06302781272679567,0.3221641427278519,0.6567815083265305,0.0,0.00018491136681404895,0.0010755861568031832,0.01738858518190682,0.07451461460441351,0.100008410140872,0.4654727053642273,43
B,v3_ABD,bert.encoder.layer.5.attention.self.query,5,Q,sweep,4,4,1.0,0.07142857142857142,0.07142857142857142,0.14285714285714285,0.0,False,1.552994053781731e-05,0.7468320018053055,0.746828048825264,69.37327560424805,0.9649510610103608,1.020086214542389,0.2630470749735832,0.0,0.02122382715344429,0.1740816615521908,0.5515505707263947,0.0,1.2626444531633752e-05,3.3979484815063185e-05,0.0007902370192459785,0.0046796617517247795,7.328457375308517e-06,0.7098208385705947,43
B,v3_ABD,bert.encoder.layer.5.attention.self.value,5,V,sweep,4,4,1.0,0.07142857142857142,0.07142857142857142,0.14285714285714285,0.0,False,0.0,0.7745580643415451,0.7745580643415451,70.84341846466064,0.9718027925491333,1.0119501435756684,0.2354334656894207,0.0,0.02031534118577838,0.1735598500072956,0.6120070624351501,0.0,0.00010881458674703027,0.0003358677582582459,0.011595236682333053,0.047304351050406694,0.5515136727690697,0.898558943271637,43
B,v3_ABD,bert.encoder.layer.6.intermediate.dense,6,FFN1,sweep,4,4,1.0,0.07142857142857142,0.07142857142857142,0.14285714285714285,0.0,False,0.3859807655215263,0.8328073847293854,0.7277154475450516,2980.786905517578,0.9585661607980728,1.0276861274242401,0.281771810054779,0.0,0.0017187944060424343,0.12777686044573783,0.4137604761123657,0.0,5.6911366773420016e-05,0.00014644552895333617,0.003330552289262414,0.010744936056435108,0.38272599011659625,0.8244479352235794,43
B,v3_ABD,bert.encoder.layer.6.output.dense,6,FFN2,sweep,4,4,1.0,0.07142857142857142,0.07142857142857142,0.14285714285714285,0.0,False,0.10003251269459724,0.28629575550556186,0.20696664199233056,6.244028649330139,0.9892190659046173,1.011002436876297,0.14680295169353486,0.0,0.16187653541564942,0.4564189338684082,0.7661638808250427,0.0,4.886208647803869e-05,0.00010035201550635975,0.002347646016860381,0.004236987403128296,0.10001891732215881,0.28655296564102173,43
B,v3_ABD,bert.encoder.layer.6.attention.self.key,6,K,sweep,4,4,1.0,0.07142857142857142,0.07142857142857142,0.14285714285714285,0.0,False,9.073751243704464e-09,0.8230088585615158,0.8230088573694229,85.4541854095459,0.9573747390508651,1.018463395833969,0.29089464962482453,0.0,0.01594661394134164,0.11879045061767102,0.4862618660926819,0.0,2.749887451500399e-05,0.00010041404828371015,0.001492401406285353,0.004531170190311969,0.5515136769413949,0.9208016961812973,43
B,v3_ABD,bert.encoder.layer.6.attention.output.dense,6,O,sweep,4,4,1.0,0.07142857142857142,0.07142857142857142,0.14285714285714285,0.0,False,0.09996297530829906,0.3192978921532631,0.24369564205408095,7.463143606185913,0.9835949116945266,1.0167961299419404,0.17395878657698632,0.0,0.13926588565111161,0.42100382566452027,0.7347759538888932,0.0,7.954863533086609e-05,0.00018818455464497674,0.005362980063073337,0.012696646586991846,0.09997514627873898,0.31794831067323687,43
B,v3_ABD,bert.encoder.layer.6.attention.self.query,6,Q,sweep,4,4,1.0,0.07142857142857142,0.07142857142857142,0.14285714285714285,0.0,False,7.359050525792554e-06,0.7597463434934616,0.7597446084022522,50.17179740905762,0.9589240306615829,1.0220194065570831,0.2870622119307518,0.0,0.02445925137028098,0.1512433658540249,0.5353474742174149,0.0,1.2601855378306936e-05,3.405619077966548e-05,0.0007870963783352635,0.0027080403151921928,3.539191378365558e-06,0.7314384150505066,43
B,v3_ABD,bert.encoder.layer.6.attention.self.value,6,V,sweep,4,4,1.0,0.07142857142857142,0.07142857142857142,0.14285714285714285,0.0,False,0.0,0.6287475883960724,0.6287475883960724,30.386865234375,0.9750261110067368,1.0171855688095093,0.2234484013915062,0.0,0.04258949302136898,0.2597045515477657,0.6665058732032776,0.0,3.276332834502682e-05,9.517850718111731e-05,0.004664718510466628,0.014332636152394116,0.5515136727690697,0.8334487652778626,43
B,v3_ABD,bert.encoder.layer.7.intermediate.dense,7,FFN1,sweep,4,4,1.0,0.07142857142857142,0.07142857142857142,0.14285714285714285,0.0,False,0.3941534635424614,0.8294023108482361,0.7184269469976425,2370.6897180175783,0.9613491612672805,1.0282525503635407,0.2768491452932358,0.0,0.002452740662265569,0.12834862917661666,0.4125365561246872,0.0,4.6833151391183495e-05,0.00010785237471282016,0.002155389563413337,0.00482954295584932,0.3834407702088356,0.8293353456258774,43
B,v3_ABD,bert.encoder.layer.7.output.dense,7,FFN2,sweep,4,4,1.0,0.07142857142857142,0.07142857142857142,0.14285714285714285,0.0,False,0.10004411108791827,0.28709777593612673,0.20784757852554323,6.303616046905518,0.9888946628570556,1.0112581324577332,0.147826629281044,0.0,0.1619879871606827,0.4587321397662163,0.7674002230167389,0.0,4.2171091427007925e-05,8.883617767423856e-05,0.0016463124117581174,0.0035704757552593946,0.10002973452210426,0.285373127758503,43
B,v3_ABD,bert.encoder.layer.7.attention.self.key,7,K,sweep,4,4,1.0,0.07142857142857142,0.07142857142857142,0.14285714285714285,0.0,False,1.1119414011773187e-08,0.8338830131292343,0.833883011341095,95.36081672668458,0.9574460756778717,1.0176119351387023,0.28948367774486544,0.0,0.014507346013560891,0.11355803616344928,0.4665695571899414,0.0,1.5722853640909305e-05,5.3111199813429264e-05,0.0008551683305995539,0.002398365108529106,0.5515136769413949,0.9255667024850845,43
B,v3_ABD,bert.encoder.layer.7.attention.output.dense,7,O,sweep,4,4,1.0,0.07142857142857142,0.07142857142857142,0.14285714285714285,0.0,False,0.10003642477095127,0.306715686917305,0.22965287491679193,6.991862635612488,0.9858381313085556,1.0144784903526307,0.16389553755521774,0.0,0.14706211820244788,0.4322293382883072,0.7437439382076263,0.0,6.669400278042304e-05,0.00014811300927249248,0.0036396924685686825,0.007406343063339591,0.1000160352140665,0.30038455039262774,43
B,v3_ABD,bert.encoder.layer.7.attention.self.query,7,Q,sweep,4,4,1.0,0.07142857142857142,0.07142857142857142,0.14285714285714285,0.0,False,1.5131581504874702e-05,0.7630607229471207,0.7630571192502975,47.003452186584475,0.9584554356336593,1.021683543920517,0.2885715028643608,0.0,0.025357475951313973,0.14736883446574212,0.5464970523118973,0.0,7.505525809392566e-06,1.8969377460962278e-05,0.000381603297428228,0.0010629343418986537,7.336934498596292e-06,0.7396957254409791,43
B,v3_ABD,bert.encoder.layer.7.attention.self.value,7,V,sweep,4,4,1.0,0.07142857142857142,0.07142857142857142,0.14285714285714285,0.0,False,9.254323458662839e-09,0.696394265294075,0.6963942629098893,45.32534856796265,0.9740061897039414,1.015303008556366,0.22731623396277428,0.0,0.030572114773094655,0.22551820039749146,0.6527825599908829,0.0,2.4259601541416487e-05,7.02222901963978e-05,0.0030461183658917436,0.008702262621372938,0.5515136769413949,0.8634588015079498,43
B,v3_ABD,bert.encoder.layer.8.intermediate.dense,8,FFN1,sweep,4,4,1.0,0.07142857142857142,0.07142857142857142,0.14285714285714285,0.0,False,0.3409941989183426,0.8163960599899291,0.7213764894008636,1126.7691342163087,0.9544179832935333,1.0282663917541504,0.3032223829627037,0.0,0.01247516273520887,0.12697242483496665,0.41211069583892823,0.0,4.0743579465925e-05,8.658093778649345e-05,0.0013523203163640573,0.003509324509650469,0.3213928231596947,0.8177942192554474,43
B,v3_ABD,bert.encoder.layer.8.output.dense,8,FFN2,sweep,4,4,1.0,0.07142857142857142,0.07142857142857142,0.14285714285714285,0.0,False,0.09997898995876313,0.29618165642023087,0.21799792170524598,6.686069960594177,0.987609486579895,1.0122139239311219,0.1533600363135338,0.0,0.15726562172174455,0.4544894054532051,0.7635550791025162,0.0,4.025211261250661e-05,8.73356984448037e-05,0.0013334040268091485,0.0035552650806494057,0.09999847076833249,0.2897486558556557,43
B,v3_ABD,bert.encoder.layer.8.attention.self.key,8,K,sweep,4,4,1.0,0.07142857142857142,0.07142857142857142,0.14285714285714285,0.0,False,0.0,0.7620205497741699,0.7620205497741699,49.04834949493408,0.9560365402698516,1.0208188235759734,0.29647929817438123,0.0,0.025625046957284212,0.15043837130069732,0.5026981946825981,0.0,1.7669393491814846e-05,5.528049652639311e-05,0.0006634205982845742,0.001837124687153846,0.5515136727690697,0.8934676939249039,43
B,v3_ABD,bert.encoder.layer.8.attention.output.dense,8,O,sweep,4,4,1.0,0.07142857142857142,0.07142857142857142,0.14285714285714285,0.0,False,0.09995832398533822,0.3013232892751694,0.22372846990823747,6.831440601348877,0.9867116361856461,1.0134254801273346,0.15933803901076316,0.0,0.1511872337758541,0.4397143766283989,0.7499248850345611,0.0,5.6511415750719606e-05,0.00012691604730207472,0.0025224255700595677,0.005456055996473879,0.09999293945729733,0.293859706223011,43
B,v3_ABD,bert.encoder.layer.8.attention.self.query,8,Q,sweep,4,4,1.0,0.07142857142857142,0.07142857142857142,0.14285714285714285,0.0,False,2.7374409306162306e-05,0.6843304020166397,0.6843218427896499,32.90333518981934,0.9606772667169571,1.0240574491024017,0.28112213701009753,0.0,0.03684034027159214,0.18745996236801146,0.569713853597641,0.0,8.01160182163585e-06,2.0414150021679234e-05,0.0003430109347391408,0.0009746594727039337,1.467386910633195e-05,0.6363969337940216,43
B,v3_ABD,bert.encoder.layer.8.attention.self.value,8,V,sweep,4,4,1.0,0.07142857142857142,0.07142857142857142,0.14285714285714285,0.0,False,0.0,0.48836571246385574,0.48836571246385574,15.660264520645141,0.9752647948265075,1.020528702735901,0.22223661974072456,0.0,0.07423171866685152,0.3036116236448288,0.6851577061414719,0.0,2.0972550628357568e-05,5.529866411961848e-05,0.002078837177250534,0.0053629875066690145,0.5515136727690697,0.7703961646556854,43
B,v3_ABD,bert.encoder.layer.9.intermediate.dense,9,FFN1,sweep,4,4,1.0,0.07142857142857142,0.07142857142857142,0.14285714285714285,0.0,False,0.46264639765024185,0.8842228543758393,0.7845373624563217,4152.684956054687,0.950614128112793,1.0210887241363524,0.31239111214876175,0.0,0.00030584828918108544,0.0849042408168316,0.3577724784612656,0.0,4.152287201577565e-05,0.00010500000873435055,0.0010195696615846828,0.0039042323711328208,0.4397598364949226,0.874860081076622,43
B,v3_ABD,bert.encoder.layer.9.output.dense,9,FFN2,sweep,4,4,1.0,0.07142857142857142,0.07142857142857142,0.14285714285714285,0.0,False,0.10002781353890895,0.28109405606985094,0.20119092464447022,6.062277479171753,0.9895816284418106,1.0106157624721528,0.14373795673251152,0.0,0.16721174299716948,0.4689013221859932,0.7746045553684234,0.0,3.548562688592938e-05,6.580129585927352e-05,0.0009091253039514413,0.0030900146579369903,0.10003458358347415,0.27842549085617063,43
B,v3_ABD,bert.encoder.layer.9.attention.self.key,9,K,sweep,4,4,1.0,0.07142857142857142,0.07142857142857142,0.14285714285714285,0.0,False,0.0,0.725351704955101,0.725351704955101,40.0592200088501,0.9572411811351776,1.0237648355960847,0.29235577762126924,0.0,0.030053955689072608,0.1676638388633728,0.5254603397846221,0.0,1.6343646066161455e-05,4.919055545542506e-05,0.00046550035331165417,0.001197542858426459,0.5515136727690697,0.8769989728927612,43
B,v3_ABD,bert.encoder.layer.9.attention.output.dense,9,O,sweep,4,4,1.0,0.07142857142857142,0.07142857142857142,0.14285714285714285,0.0,False,0.09999886594712734,0.31136466771364213,0.23485064566135405,7.486644258499146,0.9849349284172058,1.013933447599411,0.16445519879460335,0.0,0.14806444317102432,0.4426961982250214,0.7541861307621002,0.0,4.772112846694654e-05,0.00011256062305619707,0.0017381185764679685,0.005636150061618537,0.09998839981853962,0.29781120717525483,43
B,v3_ABD,bert.encoder.layer.9.attention.self.query,9,Q,sweep,4,4,1.0,0.07142857142857142,0.07142857142857142,0.14285714285714285,0.0,False,0.00026544973574345933,0.569300252199173,0.5691852861642838,18.818296909332275,0.9652134674787521,1.027080603837967,0.26468694776296614,0.0,0.057846658527851105,0.23626905024051667,0.6006677508354187,0.0,5.54028224769354e-06,1.3214596197030915e-05,0.00015297030844521942,0.0007319380366243422,0.00015300326876769077,0.548533633351326,43
B,v3_ABD,bert.encoder.layer.9.attention.self.value,9,V,sweep,4,4,1.0,0.07142857142857142,0.07142857142857142,0.14285714285714285,0.0,False,8.449599704363208e-09,0.45054290056228635,0.45054289638996126,13.278190155029296,0.9776325917243958,1.019629955291748,0.2109774886071682,0.0,0.08428487703204154,0.3253915372490883,0.6910387408733368,0.0,2.57127024269721e-05,6.330340922431787e-05,0.0013897144573274999,0.003670527001377195,0.5515136769413949,0.753207910656929,43
B,v3_ABD,bert.encoder.layer.10.intermediate.dense,10,FFN1,sweep,4,4,1.0,0.07142857142857142,0.07142857142857142,0.14285714285714285,0.0,False,0.24375651761889458,0.7901326382160186,0.7225178879499435,140.85709060668944,0.9605003482103348,1.0270085442066192,0.28233099073171614,0.0,0.014497592514380812,0.1497164037823677,0.4523011457920074,0.0,2.0323775952419965e-05,3.8128096075524806e-05,0.0007184121016325662,0.0030456740176305177,0.22955779880285263,0.7826286256313324,43
B,v3_ABD,bert.encoder.layer.10.output.dense,10,FFN2,sweep,4,4,1.0,0.07142857142857142,0.07142857142857142,0.14285714285714285,0.0,False,0.10001138873398303,0.27626217424869537,0.19583669438958168,5.830281229019165,0.9903399187326432,1.0098384487628937,0.1393709561228752,0.0,0.17276615530252457,0.4785219928622246,0.7817083066701889,0.0,2.2303511959762544e-05,3.8541888861800545e-05,0.0007944143708664341,0.003034988546278328,0.10000039488077164,0.27404411226511,43
B,v3_ABD,bert.encoder.layer.10.attention.self.key,10,K,sweep,4,4,1.0,0.07142857142857142,0.07142857142857142,0.14285714285714285,0.0,False,0.0,0.5910705715417862,0.5910705715417862,22.7233012008667,0.9642835134267806,1.0251563727855681,0.2651677848398685,0.0,0.05256170604377985,0.23790103510022165,0.6086338841915131,0.0,1.512512642875663e-05,4.18496152269654e-05,0.00012972921682376183,0.00044147659253212623,0.5515136727690697,0.8162967926263809,43
B,v3_ABD,bert.encoder.layer.10.attention.output.dense,10,O,sweep,4,4,1.0,0.07142857142857142,0.07142857142857142,0.14285714285714285,0.0,False,0.10003280900418758,0.33445770502090455,0.2604820488393307,8.368610801696777,0.9799363029003143,1.0178299307823182,0.18415522694587708,0.0,0.13482206732034682,0.42614240884780885,0.7401763677597046,0.0,3.0382341083168286e-05,8.133425373671343e-05,0.0012549450775259175,0.005409134451765567,0.1000374948978424,0.3126919957995415,43
B,v3_ABD,bert.encoder.layer.10.attention.self.query,10,Q,sweep,4,4,1.0,0.07142857142857142,0.07142857142857142,0.14285714285714285,0.0,False,0.0006561132149363403,0.35700434058904645,0.35658209323883056,9.836264820098878,0.9771482425928116,1.0223032021522522,0.21209441423416137,0.0,0.10881822898983956,0.3360572215914726,0.679109638929367,0.0,1.2265312295767216e-06,3.662968933895172e-06,4.2320793611452245e-05,0.0003440377494553104,0.00030980004783486947,0.3561457699537277,43
B,v3_ABD,bert.encoder.layer.10.attention.self.value,10,V,sweep,4,4,1.0,0.07142857142857142,0.07142857142857142,0.14285714285714285,0.0,False,0.0,0.3214112213253975,0.3214112213253975,8.7454639005661,0.9825106167793274,1.0171150195598602,0.18613245218992233,0.0,0.1244401553273201,0.38226557821035384,0.7209243071079254,0.0,3.0233220149966657e-05,6.277338914514985e-05,0.0001903481088083936,0.0008642077053082175,0.5515136727690697,0.695357260107994,43
B,v3_ABD,bert.encoder.layer.11.intermediate.dense,11,FFN1,sweep,4,4,1.0,0.07142857142857142,0.07142857142857142,0.14285714285714285,0.0,False,0.2832712918519974,0.6919334763288498,0.5701743084192276,41.62958263397217,0.9720590192079545,1.0197341561317443,0.23808760628104209,0.0,0.0252574597671628,0.21705952137708664,0.5297948378324508,0.0,7.514347453252413e-06,9.946232230504393e-06,0.0006653672511220066,0.0029577751946635545,0.28362290740013124,0.6889919066429138,43
B,v3_ABD,bert.encoder.layer.11.output.dense,11,FFN2,sweep,4,4,1.0,0.07142857142857142,0.07142857142857142,0.14285714285714285,0.0,False,0.10004317842423915,0.24359229996800422,0.15950665056705474,5.416247000694275,0.9916388964653016,1.0081095683574677,0.13008768662810324,0.0,0.1849995084106922,0.5049054729938507,0.813445292711258,0.0,7.639818218194705e-06,9.14806871151086e-06,0.0008321994190919213,0.002832233482040465,0.09999241381883621,0.2426736806333065,43
B,v3_ABD,bert.encoder.layer.11.attention.self.key,11,K,sweep,4,4,1.0,0.07142857142857142,0.07142857142857142,0.14285714285714285,0.0,False,0.0,0.49678988873958585,0.49678988873958585,15.850138349533081,0.9703880727291108,1.0236824345588684,0.2393109180033207,0.0,0.07242577090859413,0.290473215430975,0.6584638512134552,0.0,1.0133335313184944e-05,2.7079398760179173e-05,7.109834277798654e-05,0.00019274241785751655,0.5515136727690697,0.7739039087295532,43
B,v3_ABD,bert.encoder.layer.11.attention.output.dense,11,O,sweep,4,4,1.0,0.07142857142857142,0.07142857142857142,0.14285714285714285,0.0,False,0.09997025437653065,0.27230831116437915,0.19148037642240523,5.772716684341431,0.9903476315736771,1.009855742454529,0.1393190836906433,0.0,0.1743013860285282,0.4778371894359589,0.7807036656141281,0.0,9.516304189673974e-06,1.3403397579168086e-05,0.0008818833479563181,0.0040294837835244835,0.09998299993574619,0.27259534269571306,43
B,v3_ABD,bert.encoder.layer.11.attention.self.query,11,Q,sweep,4,4,1.0,0.07142857142857142,0.07142857142857142,0.14285714285714285,0.0,False,8.267195994449138e-09,0.2750980281829834,0.27509802222251895,7.342143397331238,0.9824736344814301,1.0178323686122894,0.1848077107965946,0.0,0.14135680079460144,0.389565238058567,0.7061819034814835,0.0,2.725192518937547e-07,5.543423128528957e-07,2.5049513125168234e-05,0.0001901281347090844,4.238552548940788e-09,0.27564478039741513,43
B,v3_ABD,bert.encoder.layer.11.attention.self.value,11,V,sweep,4,4,1.0,0.07142857142857142,0.07142857142857142,0.14285714285714285,0.0,False,0.0,0.2751411160826683,0.2751411160826683,7.284840340614319,0.984640234708786,1.0155231881141662,0.17476308062672616,0.0,0.14279647812247276,0.40359322994947433,0.7315165346860886,0.0,2.197396641349769e-05,4.212259882478975e-05,9.243838510883506e-05,0.0003856497857486829,0.5515136727690697,0.6745914405584336,43
B,v3_ABD,bert.encoder.layer.0.intermediate.dense,0,FFN1,sweep,6,6,1.0,0.016129032258064516,0.016129032258064516,0.03225806451612903,0.0,False,0.043158642426133154,0.7546711885929107,0.7436112242937089,239.37924789428712,0.9917476379871368,1.0047164750099182,0.1266938216239214,0.0,0.004666275796480477,0.04041455321013927,0.2735277724266052,0.0,3.386465321455034e-05,0.00012292928156966808,0.0006219259731005877,0.001793145225965418,0.05119739573448896,0.8126805901527405,43
B,v3_ABD,bert.encoder.layer.0.output.dense,0,FFN2,sweep,6,6,1.0,0.016129032258064516,0.016129032258064516,0.03225806451612903,0.0,False,0.09997506968677045,0.14502397298812866,0.05005299545824528,6.596504144668579,0.999325897693634,1.0006863212585448,0.03521678630262613,0.0,0.1558264388144016,0.4504729402065277,0.7590455853939057,0.0,2.4097665827866878e-05,8.759269134316128e-05,0.0005499417326063849,0.0015363445988623426,0.099994715154171,0.14783144369721413,43
B,v3_ABD,bert.encoder.layer.0.attention.self.key,0,K,sweep,6,6,1.0,0.016129032258064516,0.016129032258064516,0.03225806451612903,0.0,False,0.0,0.20810569778084756,0.20810569778084756,23.253879413604736,0.9979046416282654,1.0020346474647521,0.06291731107980013,0.0,0.05368351522833109,0.24432141542434693,0.62180948138237,0.0,1.697700936347246e-05,5.4073653154773636e-05,0.0001907527599541936,0.0004369891180249397,0.5515136727690697,0.644986143708229,43
B,v3_ABD,bert.encoder.layer.0.attention.output.dense,0,O,sweep,6,6,1.0,0.016129032258064516,0.016129032258064516,0.03225806451612903,0.0,False,0.10000291116535663,0.1458648321032524,0.05095788355916739,6.741778025627136,0.9992760294675826,1.0007352352142334,0.036075311228632924,0.0,0.15341973945498466,0.44753640472888945,0.756180265545845,0.0,3.804794752795715e-05,0.00013784682734694799,0.000855745302978903,0.002284783236682415,0.10003144286572933,0.14807669833302498,43
B,v3_ABD,bert.encoder.layer.0.attention.self.query,0,Q,sweep,6,6,1.0,0.016129032258064516,0.016129032258064516,0.03225806451612903,0.0,False,0.0,0.14001625701785086,0.14001625701785086,15.12370141029358,0.997881008386612,1.0021321988105774,0.06321026567369699,0.0,0.06967148825526237,0.24424674183130266,0.5855313551425934,0.0,9.977432691812282e-06,3.671548511192668e-05,0.0002032276387035381,0.0005199527079821565,4.238552548940788e-09,0.16633314102888108,43
B,v3_ABD,bert.encoder.layer.0.attention.self.value,0,V,sweep,6,6,1.0,0.016129032258064516,0.016129032258064516,0.03225806451612903,0.0,False,0.0,0.1718829607963562,0.1718829607963562,19.22977403640747,0.9980723565816879,1.0018978571891786,0.05995357096195221,0.0,0.06470375075936317,0.26444078862667086,0.6335040837526321,0.0,3.045642290089745e-05,9.489411764661782e-05,0.00042889731033938003,0.0009725314110983163,0.5515136727690697,0.6287863376736641,43
B,v3_ABD,bert.encoder.layer.1.intermediate.dense,1,FFN1,sweep,6,6,1.0,0.016129032258064516,0.016129032258064516,0.03225806451612903,0.0,False,0.0762967673689127,0.7388813728094101,0.7173240947723388,250.03430801391602,0.9905838263034821,1.0052549469470977,0.1341931241750717,0.0,0.005052004614844919,0.04380446203052998,0.2665974760055542,0.0,3.8229731108003764e-05,0.0001414613187807845,0.0007109632217907347,0.001986905427183956,0.10411296643316746,0.7898241370916367,43
B,v3_ABD,bert.encoder.layer.1.output.dense,1,FFN2,sweep,6,6,1.0,0.016129032258064516,0.016129032258064516,0.03225806451612903,0.0,False,0.09999462455511093,0.15994585990905763,0.06661203216761351,8.817535429000854,0.9986551177501678,1.0013578057289123,0.044360431879758834,0.0,0.13002234265208246,0.4209497517347336,0.7360922509431839,0.0,3.228541108910576e-05,0.00012646902352571486,0.0008131091174436733,0.002144255517050624,0.10000239990651608,0.1691655148565769,43
B,v3_ABD,bert.encoder.layer.1.attention.self.key,1,K,sweep,6,6,1.0,0.016129032258064516,0.016129032258064516,0.03225806451612903,0.0,False,0.0,0.2487627685070038,0.2487627685070038,28.704559383392333,0.9977311557531356,1.002132716178894,0.06542730063199997,0.0,0.04635252390056849,0.23209822729229926,0.6061764931678773,0.0,1.8210602092949557e-05,6.658576465270017e-05,0.0003011725486430805,0.0009277515168651007,0.5515136727690697,0.6632648718357086,43
B,v3_ABD,bert.encoder.layer.1.attention.output.dense,1,O,sweep,6,6,1.0,0.016129032258064516,0.016129032258064516,0.03225806451612903,0.0,False,0.09996449247002602,0.15977972745895386,0.06645875774323941,8.818542804718017,0.9986170369386673,1.0013971495628358,0.04467260267585516,0.0,0.13043343693017959,0.4231035187840462,0.7372692739963531,0.0,4.27465593747911e-05,0.00017638639721553773,0.0011550087487557903,0.0029927372303791343,0.09998634032905102,0.16565928772091865,43
B,v3_ABD,bert.encoder.layer.1.attention.self.query,1,Q,sweep,6,6,1.0,0.016129032258064516,0.016129032258064516,0.03225806451612903,0.0,False,0.0,0.22429088532924651,0.22429088532924651,23.189319019317626,0.9973458123207092,1.0025745904445649,0.07074164107441902,0.0,0.04890344314277172,0.20922125965356828,0.5625274538993835,0.0,1.4870317427266855e-05,5.9831987891811876e-05,0.0003591330983908847,0.0012296091159805656,4.238552548940788e-09,0.22560139760375023,43
B,v3_ABD,bert.encoder.layer.1.attention.self.value,1,V,sweep,6,6,1.0,0.016129032258064516,0.016129032258064516,0.03225806451612903,0.0,False,0.0,0.2223091633617878,0.2223091633617878,24.97242519378662,0.997768011689186,1.0021286821365356,0.06426981586962938,0.0,0.052942063957452774,0.24284343034029007,0.6150930106639863,0.0,2.6433732091390994e-05,9.399203925568145e-05,0.0005634891873341985,0.0019240613793954254,0.5515136727690697,0.6512983024120331,43
B,v3_ABD,bert.encoder.layer.2.intermediate.dense,2,FFN1,sweep,6,6,1.0,0.016129032258064516,0.016129032258064516,0.03225806451612903,0.0,False,0.09583896510303021,0.7466475600004197,0.7198008280992508,328.9394372558594,0.9904857653379441,1.0051259207725525,0.13550266936421396,0.0,0.004708281662315131,0.041882862150669095,0.25684680849313735,0.0,3.857036877889186e-05,0.0001671371585689485,0.0008937021205201745,0.0026595199515577405,0.11985489815473556,0.775233867764473,43
B,v3_ABD,bert.encoder.layer.2.output.dense,2,FFN2,sweep,6,6,1.0,0.016129032258064516,0.016129032258064516,0.03225806451612903,0.0,False,0.10000373348593712,0.2692266693711281,0.18802616223692895,29.181299571990966,0.9942545235157013,1.0048473274707794,0.08739422664046287,0.0,0.06033398512750864,0.31616543859243396,0.6499912244081497,0.0,6.43854845475289e-05,0.0003793083058553748,0.0023241618019528686,0.009022493960801512,0.10001804873347282,0.32510443300008773,43
B,v3_ABD,bert.encoder.layer.2.attention.self.key,2,K,sweep,6,6,1.0,0.016129032258064516,0.016129032258064516,0.03225806451612903,0.0,False,8.20468414985953e-09,0.27749491527676584,0.27749490931630133,31.51614627838135,0.9977056896686554,1.0021494948863983,0.06598322860896587,0.0,0.042557503022253515,0.22419277250766753,0.5986824321746826,0.0,1.5822316308913288e-05,5.754382349550724e-05,0.00024149634875357152,0.0006539816263830289,0.5515136769413949,0.6764915603399276,43
B,v3_ABD,bert.encoder.layer.2.attention.output.dense,2,O,sweep,6,6,1.0,0.016129032258064516,0.016129032258064516,0.03225806451612903,0.0,False,0.09999511182308198,0.21497448965907096,0.12775401063263417,17.79690565109253,0.9961480098962784,1.0037445402145386,0.06952327467501164,0.0,0.08476009391248226,0.3601972132921219,0.6860252261161804,0.0,5.568052623857511e-05,0.0003340378770371899,0.002028805724112317,0.00760121148545295,0.09998515747487545,0.24531175956130027,43
B,v3_ABD,bert.encoder.layer.2.attention.self.query,2,Q,sweep,6,6,1.0,0.016129032258064516,0.016129032258064516,0.03225806451612903,0.0,False,0.0,0.31151837527751924,0.31151837527751924,26.71111707687378,0.9972017949819565,1.002724403142929,0.0724201612174511,0.0,0.04077979598194361,0.1910603527724743,0.5184480893611908,0.0,1.1786670784204034e-05,4.867015908530448e-05,0.0002715658294619061,0.0007424290021299384,4.238552548940788e-09,0.27908615589141844,43
B,v3_ABD,bert.encoder.layer.2.attention.self.value,2,V,sweep,6,6,1.0,0.016129032258064516,0.016129032258064516,0.03225806451612903,0.0,False,8.272448326351878e-09,0.23909395352005958,0.23909394726157188,28.747031745910643,0.9980965316295624,1.0018076157569886,0.05998109519481659,0.0,0.048981922268867495,0.2554742565751076,0.6534100109338761,0.0,2.8342006989987566e-05,0.00010442228885949589,0.0006502007017843425,0.0014234904042677954,0.5515136769413949,0.6590387624502182,43
B,v3_ABD,bert.encoder.layer.3.intermediate.dense,3,FFN1,sweep,6,6,1.0,0.016129032258064516,0.016129032258064516,0.03225806451612903,0.0,False,0.12256268285214901,0.6962503021955491,0.6538221865892411,504.63096618652344,0.9914529287815094,1.0058125400543212,0.12803982257843016,0.0,0.006403471063822508,0.04949217308312655,0.2912342417240143,0.0,2.557864150730893e-05,0.0001074353222065838,0.0006206919025862589,0.001611933489330113,0.13920817777514458,0.7067601954936982,43
B,v3_ABD,bert.encoder.layer.3.output.dense,3,FFN2,sweep,6,6,1.0,0.016129032258064516,0.016129032258064516,0.03225806451612903,0.0,False,0.10002281211316585,0.21576916560530662,0.12861038513481618,18.23596724510193,0.9961605238914489,1.0036711406707763,0.06852382980287075,0.0,0.08739899098873138,0.3641201677918434,0.6898260617256164,0.0,4.3722252994484736e-05,0.00024480977925122715,0.0014836241514422,0.004866763008758426,0.09999550357460976,0.2343044263124466,43
B,v3_ABD,bert.encoder.layer.3.attention.self.key,3,K,sweep,6,6,1.0,0.016129032258064516,0.016129032258064516,0.03225806451612903,0.0,False,0.0,0.24209866300225258,0.24209866300225258,26.796860370635986,0.9977638798952103,1.0021180069446565,0.06522635966539383,0.0,0.04699051883071661,0.23062219351530075,0.6040330743789672,0.0,1.6544553163839735e-05,6.861524172563805e-05,0.0002725944758276455,0.0005918973320513032,0.5515136727690697,0.6602906781435013,43
B,v3_ABD,bert.encoder.layer.3.attention.output.dense,3,O,sweep,6,6,1.0,0.016129032258064516,0.016129032258064516,0.03225806451612903,0.0,False,0.1000206008553505,0.36949196994304656,0.2994201919436455,58.50731502532959,0.9917162495851517,1.005856341123581,0.11149369806051254,0.0,0.03322211589664221,0.2485091683268547,0.5967209720611573,0.0,0.00012774812341376674,0.0009564535738900303,0.005940232393331826,0.02297192859463394,0.09999719485640526,0.42802919805049894,43
B,v3_ABD,bert.encoder.layer.3.attention.self.query,3,Q,sweep,6,6,1.0,0.016129032258064516,0.016129032258064516,0.03225806451612903,0.0,False,1.0204414593317778e-08,0.16678644299507142,0.16678643450140954,16.28613687515259,0.9980874335765839,1.0018991136550903,0.059920357391238216,0.0,0.0664653443545103,0.26250664710998534,0.6237748956680298,0.0,8.5126244039202e-06,3.582292974897427e-05,0.00023320959997363388,0.0006501766841392965,8.477105097881576e-09,0.18666555777192115,43
B,v3_ABD,bert.encoder.layer.3.attention.self.value,3,V,sweep,6,6,1.0,0.016129032258064516,0.016129032258064516,0.03225806451612903,0.0,False,0.0,0.20629552468657494,0.20629552468657494,23.427872219085693,0.9981047213077545,1.0018147540092468,0.05954129189252853,0.0,0.056614369861781595,0.2647051039338112,0.6515325111150742,0.0,2.5010509889398237e-05,0.00010527052814722993,0.0006840593455126509,0.0012507421884220093,0.5515136727690697,0.6442844617366791,43
B,v3_ABD,bert.encoder.layer.4.intermediate.dense,4,FFN1,sweep,6,6,1.0,0.016129032258064516,0.016129032258064516,0.03225806451612903,0.0,False,0.08334880813956261,0.7115056478977203,0.6852797317504883,614.6965213012695,0.9901110827922821,1.00545063495636,0.13685422077775,0.0,0.005660499334335327,0.047934399619698524,0.27065097689628603,0.0,3.4369355907983846e-05,0.00016985177571768873,0.0009389876126078889,0.002694168834714219,0.08867130450904369,0.7175442564487458,43
B,v3_ABD,bert.encoder.layer.4.output.dense,4,FFN2,sweep,6,6,1.0,0.016129032258064516,0.016129032258064516,0.03225806451612903,0.0,False,0.10004472859203815,0.16442698791623114,0.07153927266597748,9.486931610107423,0.9984739637374878,1.0015476262569427,0.04720115777105093,0.0,0.1205872742086649,0.3996583786606789,0.7182186156511307,0.0,3.445370231929701e-05,0.00014564759330824018,0.0009935390605824068,0.002566548305330798,0.10001807823777199,0.16494152203202248,43
B,v3_ABD,bert.encoder.layer.4.attention.self.key,4,K,sweep,6,6,1.0,0.016129032258064516,0.016129032258064516,0.03225806451612903,0.0,False,9.602384807294584e-09,0.3425191903114319,0.3425191840529442,41.336721878051755,0.9971759176254272,1.0025052416324616,0.07325552746653557,0.0,0.031555852945894004,0.19073099076747893,0.5560188037157059,0.0,1.4213205849955557e-05,6.427574757253751e-05,0.00026881390454946085,0.0006168043537763878,0.5515136769413949,0.7052662414312363,43
B,v3_ABD,bert.encoder.layer.4.attention.output.dense,4,O,sweep,6,6,1.0,0.016129032258064516,0.016129032258064516,0.03225806451612903,0.0,False,0.09995233237743378,0.3107054322957993,0.23415759563446045,40.79143951416015,0.9932198482751846,1.0051202046871186,0.09692147776484489,0.0,0.04806441817432642,0.29064379215240477,0.6307464492321014,0.0,9.111538041906896e-05,0.0007167342770844697,0.0041367602651007475,0.015969813149422408,0.0999851317703724,0.3446459448337555,43
B,v3_ABD,bert.encoder.layer.4.attention.self.query,4,Q,sweep,6,6,1.0,0.016129032258064516,0.016129032258064516,0.03225806451612903,0.0,False,1.1253961247348343e-08,0.2860288038849831,0.286028795838356,29.664429416656493,0.9974377751350403,1.0023610484600067,0.06975332744419575,0.0,0.0407659313082695,0.2087857875227928,0.5700102168321609,0.0,9.244219641004747e-06,3.6813631941186034e-05,0.00021986500811181032,0.0007094529853202403,1.6954210195763153e-08,0.2849739626049995,43
B,v3_ABD,bert.encoder.layer.4.attention.self.value,4,V,sweep,6,6,1.0,0.016129032258064516,0.016129032258064516,0.03225806451612903,0.0,False,0.0,0.26674624472856523,0.26674624472856523,28.789537525177003,0.9980236274003983,1.0018256604671478,0.06114208590239287,0.0,0.0449825343862176,0.25006417170166967,0.6460708439350128,0.0,1.5755190806885365e-05,6.422555357858072e-05,0.001025976755481679,0.0023393799911718815,0.5515136727690697,0.6712334126234054,43
B,v3_ABD,bert.encoder.layer.5.intermediate.dense,5,FFN1,sweep,6,6,1.0,0.016129032258064516,0.016129032258064516,0.03225806451612903,0.0,False,0.0784972533583641,0.6541062474250794,0.6246437132358551,396.9485336303711,0.9909135895967484,1.0060867726802827,0.13131402492523192,0.0,0.008240566914901137,0.05669674780219793,0.2987225991487503,0.0,2.9832802883902332e-05,0.0001248782953916816,0.000774424712290056,0.0019055926066357642,0.07674818217754364,0.6273046499490738,43
B,v3_ABD,bert.encoder.layer.5.output.dense,5,FFN2,sweep,6,6,1.0,0.016129032258064516,0.016129032258064516,0.03225806451612903,0.0,False,0.09999229736626149,0.14406804069876672,0.04897261384874582,6.4606743335723875,0.9993914639949799,1.0006118655204772,0.03436428736895323,0.0,0.15663953393697738,0.4457640886306763,0.7554862523078918,0.0,2.7527792808541563e-05,0.0001090936505352147,0.0007579501016880386,0.0022222210885956884,0.09998565308749675,0.14588642731308937,43
B,v3_ABD,bert.encoder.layer.5.attention.self.key,5,K,sweep,6,6,1.0,0.016129032258064516,0.016129032258064516,0.03225806451612903,0.0,False,0.0,0.3702343213558197,0.3702343213558197,44.57359832763672,0.9973041099309922,1.0023452281951903,0.07190680377185345,0.0,0.028746699448674917,0.18837248638272286,0.5592459726333618,0.0,1.22481121616147e-05,5.6738260900601746e-05,0.00024694945896044376,0.0005398782703559846,0.5515136727690697,0.7176618140935898,43
B,v3_ABD,bert.encoder.layer.5.attention.output.dense,5,O,sweep,6,6,1.0,0.016129032258064516,0.016129032258064516,0.03225806451612903,0.0,False,0.10000093296170234,0.2220272620022297,0.13558521196246148,18.82731428146362,0.9957769429683685,1.004125257730484,0.07516500353813171,0.0,0.07393601462244988,0.33099973857402804,0.6623077780008316,0.0,6.281594665779267e-05,0.000348598045820836,0.0020364258880726993,0.0067573361587710675,0.100008410140872,0.21930044516921043,43
B,v3_ABD,bert.encoder.layer.5.attention.self.query,5,Q,sweep,6,6,1.0,0.016129032258064516,0.016129032258064516,0.03225806451612903,0.0,False,0.0,0.36777802467346193,0.36777802467346193,44.67669078826904,0.9974081867933273,1.0022291696071626,0.07009986639022828,0.0,0.030804010573774576,0.19955897942185402,0.5647273200750351,0.0,8.767654007897362e-06,3.4391955196042546e-05,0.00020723075140267612,0.0006519075253163465,0.0,0.39138172060251236,43
B,v3_ABD,bert.encoder.layer.5.attention.self.value,5,V,sweep,6,6,1.0,0.016129032258064516,0.016129032258064516,0.03225806451612903,0.0,False,0.0,0.29626305878162384,0.29626305878162384,31.48370002746582,0.9982824110984803,1.0015830266475678,0.05751008450984955,0.0,0.041728018186986446,0.2622170227766037,0.6667421966791153,0.0,1.398194169269118e-05,6.062870001187548e-05,0.0009373492107260972,0.0016162720159627498,0.5515136727690697,0.6844226652383805,43
B,v3_ABD,bert.encoder.layer.6.intermediate.dense,6,FFN1,sweep,6,6,1.0,0.016129032258064516,0.016129032258064516,0.03225806451612903,0.0,False,0.050849286317825315,0.6134640604257584,0.5927583450078964,337.09319061279297,0.9918077564239502,1.00610182762146,0.12512462422251702,0.0,0.010167639339342713,0.06281469259411096,0.32742249995470046,0.0,2.9176640364312334e-05,0.0001234713317535352,0.000816205051378347,0.0019446253892965615,0.046844793371856215,0.5598613232374191,43
B,v3_ABD,bert.encoder.layer.6.output.dense,6,FFN2,sweep,6,6,1.0,0.016129032258064516,0.016129032258064516,0.03225806451612903,0.0,False,0.10003251269459724,0.1423155841231346,0.0469828986376524,6.206170806884765,0.9994385451078415,1.0005636417865753,0.03322033427655697,0.0,0.16254081934690476,0.45596078962087633,0.7637983012199402,0.0,2.6839049533009528e-05,0.00010596264284686186,0.0008236606849823147,0.0022472029051277785,0.10001892156898975,0.14323471248149872,43
B,v3_ABD,bert.encoder.layer.6.attention.self.key,6,K,sweep,6,6,1.0,0.016129032258064516,0.016129032258064516,0.03225806451612903,0.0,False,0.0,0.35835172206163407,0.35835172206163407,44.69024166107178,0.9969795405864715,1.002644922733307,0.07595627881586552,0.0,0.02945319900289178,0.17971316561102868,0.5319439917802811,0.0,1.3440030415949878e-05,6.235613709577592e-05,0.0003368394874269143,0.0007205447313026525,0.5515136727690697,0.7123297226428985,43
B,v3_ABD,bert.encoder.layer.6.attention.output.dense,6,O,sweep,6,6,1.0,0.016129032258064516,0.016129032258064516,0.03225806451612903,0.0,False,0.09996297530829906,0.1530725198984146,0.05900815103203058,7.792090926170349,0.9990404748916626,1.0009722757339476,0.040818482413887976,0.0,0.1341879989206791,0.41238201200962066,0.7271982151269912,0.0,3.52015431781183e-05,0.0001492871756636305,0.0012679348996607587,0.0033314095856621863,0.09997514627873898,0.15222130432724953,43
B,v3_ABD,bert.encoder.layer.6.attention.self.query,6,Q,sweep,6,6,1.0,0.016129032258064516,0.016129032258064516,0.03225806451612903,0.0,False,0.0,0.3361370807886124,0.3361370807886124,41.549023933410645,0.9972919011116028,1.0023890519142151,0.07175312392413616,0.0,0.03434801381081343,0.1947541381418705,0.5628468358516693,0.0,8.854583215907042e-06,3.661448610728257e-05,0.0003320865487330593,0.0009028909122571349,8.477105097881576e-09,0.3322209721803665,43
B,v3_ABD,bert.encoder.layer.6.attention.self.value,6,V,sweep,6,6,1.0,0.016129032258064516,0.016129032258064516,0.03225806451612903,0.0,False,0.0,0.2520375625789166,0.2520375625789166,26.575524616241456,0.9982835215330124,1.001617044210434,0.057408891320228576,0.0,0.04853788197040558,0.26737986505031586,0.66800084233284,0.0,1.4183712182784803e-05,6.167707881104433e-05,0.0010762581112794577,0.0021943130006548016,0.5515136727690697,0.6646252983808517,43
B,v3_ABD,bert.encoder.layer.7.intermediate.dense,7,FFN1,sweep,6,6,1.0,0.016129032258064516,0.016129032258064516,0.03225806451612903,0.0,False,0.05463458247482777,0.6372670429944992,0.6163113194704056,126.86629112243652,0.9893963116407395,1.0070284938812255,0.14165025770664216,0.0,0.009399776412174106,0.05630385637283325,0.29346258759498595,0.0,3.252593001889181e-05,0.00013565410125011113,0.0008727584272855892,0.002116982821607962,0.04160826738923788,0.5458298346400261,43
B,v3_ABD,bert.encoder.layer.7.output.dense,7,FFN2,sweep,6,6,1.0,0.016129032258064516,0.016129032258064516,0.03225806451612903,0.0,False,0.10004411108791827,0.14174262180924416,0.046333930157124996,6.123342657089234,0.9994463551044465,1.0005525970458984,0.03298410750925541,0.0,0.16471603229641915,0.45944984644651415,0.7655221962928772,0.0,2.5726873045641695e-05,9.727495336846913e-05,0.0008715490964823402,0.002441219234606251,0.1000297387689352,0.14141995906829835,43
B,v3_ABD,bert.encoder.layer.7.attention.self.key,7,K,sweep,6,6,1.0,0.016129032258064516,0.016129032258064516,0.03225806451612903,0.0,False,0.0,0.41265418887138366,0.41265418887138366,59.83874282836914,0.9967190855741501,1.002750598192215,0.07922256022691726,0.0,0.02374106815084815,0.16336957663297652,0.5076410320401191,0.0,1.360027803457342e-05,7.299311604583636e-05,0.0003932259336579591,0.0008967738202773035,0.5515136727690697,0.7366813594102859,43
B,v3_ABD,bert.encoder.layer.7.attention.output.dense,7,O,sweep,6,6,1.0,0.016129032258064516,0.016129032258064516,0.03225806451612903,0.0,False,0.10003642477095127,0.1464177615940571,0.051536907888948914,6.814539012908935,0.9992920571565628,1.0007129645347594,0.036316619403660294,0.0,0.150016750395298,0.435684489607811,0.7456267088651657,0.0,3.0075112699705643e-05,0.00011649420455796644,0.0014333994139451535,0.0028616078058257698,0.1000160352140665,0.14539515733718872,43
B,v3_ABD,bert.encoder.layer.7.attention.self.query,7,Q,sweep,6,6,1.0,0.016129032258064516,0.016129032258064516,0.03225806451612903,0.0,False,9.90930971056514e-09,0.3392494633793831,0.3392494571208954,35.63206871032715,0.9977927494049073,1.001967316865921,0.0649607852101326,0.0,0.03563984639942646,0.2179749131202698,0.5939214611053467,0.0,7.132447904041328e-06,2.7358431161701446e-05,0.00021018944273237138,0.0007598809959017672,4.238552548940788e-09,0.3162831264734268,43
B,v3_ABD,bert.encoder.layer.7.attention.self.value,7,V,sweep,6,6,1.0,0.016129032258064516,0.016129032258064516,0.03225806451612903,0.0,False,0.0,0.2846888053417206,0.2846888053417206,32.623530349731446,0.9982208728790283,1.0016636800765992,0.0585395048558712,0.0,0.041872035190463064,0.25630225241184235,0.6659616500139236,0.0,1.584096574333671e-05,7.609409858559957e-05,0.00112190309795551,0.0021218969218898564,0.5515136727690697,0.6792609494924545,43
B,v3_ABD,bert.encoder.layer.8.intermediate.dense,8,FFN1,sweep,6,6,1.0,0.016129032258064516,0.016129032258064516,0.03225806451612903,0.0,False,0.03385949023067951,0.6179480910301208,0.6045592200756073,110.86501403808593,0.9899872475862503,1.0070199871063232,0.1377592334151268,0.0,0.010215504691004754,0.05805075772106647,0.30447050124406816,0.0,2.6132552575290903e-05,0.00010935449674434494,0.0008558845281368122,0.0026117961178533733,0.026187451872974634,0.5012295687198639,43
B,v3_ABD,bert.encoder.layer.8.output.dense,8,FFN2,sweep,6,6,1.0,0.016129032258064516,0.016129032258064516,0.03225806451612903,0.0,False,0.09997898995876313,0.14259346053004265,0.04734831191599369,6.255962562561035,0.9994144612550735,1.0005876088142396,0.0337285428494215,0.0,0.16160604998469352,0.4541251641511917,0.7598638164997101,0.0,2.2599671901843975e-05,8.635562007839326e-05,0.0008884831483010203,0.002712482139468193,0.09999847076833249,0.14147142440080643,43
B,v3_ABD,bert.encoder.layer.8.attention.self.key,8,K,sweep,6,6,1.0,0.016129032258064516,0.016129032258064516,0.03225806451612903,0.0,False,0.0,0.36102771639823916,0.36102771639823916,45.86175121307373,0.9969815725088119,1.002637016773224,0.07594128228724002,0.0,0.028847380951046945,0.17843882098793984,0.5382594209909439,0.0,1.783883693860844e-05,8.175559145456645e-05,0.00037986318464390935,0.0008006626612041145,0.5515136727690697,0.713605769276619,43
B,v3_ABD,bert.encoder.layer.8.attention.output.dense,8,O,sweep,6,6,1.0,0.016129032258064516,0.016129032258064516,0.03225806451612903,0.0,False,0.09995832398533822,0.1430409337580204,0.047867379561066625,6.324790139198303,0.9994019490480422,1.0006001019477844,0.03400466650724411,0.0,0.16002666622400283,0.45147294133901594,0.758431950211525,0.0,2.7257014262431768e-05,0.00010312433289072942,0.0014000859804218634,0.0031626121676526964,0.09999293945729733,0.14219160929322242,43
B,v3_ABD,bert.encoder.layer.8.attention.self.query,8,Q,sweep,6,6,1.0,0.016129032258064516,0.016129032258064516,0.03225806451612903,0.0,False,0.0,0.28498823553323743,0.28498823553323743,31.173006858825683,0.9970804750919342,1.0026366245746612,0.07328422166407109,0.0,0.042202811241149905,0.20872174009680747,0.5589727586507798,0.0,8.499818018208315e-06,3.681802465507644e-05,0.00044770876615075395,0.00116055800113827,8.477105097881576e-09,0.25630266055464745,43
B,v3_ABD,bert.encoder.layer.8.attention.self.value,8,V,sweep,6,6,1.0,0.016129032258064516,0.016129032258064516,0.03225806451612903,0.0,False,0.0,0.21872004970908165,0.21872004970908165,23.59157922744751,0.9982705873250961,1.001656174659729,0.05736854609102011,0.0,0.05464803569018841,0.27367917984724044,0.6667959916591645,0.0,1.6671483017489663e-05,7.499509229091927e-05,0.0010252210183534771,0.0020150393852964043,0.5515136727690697,0.6497366410493851,43
B,v3_ABD,bert.encoder.layer.9.intermediate.dense,9,FFN1,sweep,6,6,1.0,0.016129032258064516,0.016129032258064516,0.03225806451612903,0.0,False,0.06288007684051991,0.573194124698639,0.544558590054512,94.73236709594727,0.9899433571100235,1.0078998696804047,0.13802098631858825,0.0,0.012185776783153414,0.06247777104377747,0.3020665034651756,0.0,1.7758641524778797e-05,6.833321149315452e-05,0.0007151553145376965,0.002344602874945849,0.043795894496142865,0.45337747484445573,43
B,v3_ABD,bert.encoder.layer.9.output.dense,9,FFN2,sweep,6,6,1.0,0.016129032258064516,0.016129032258064516,0.03225806451612903,0.0,False,0.10002782262861729,0.14183962419629098,0.04645898323506117,6.130553383827209,0.9994394361972809,1.000564136505127,0.03308933883905411,0.0,0.16465435668826103,0.4606970998644829,0.7666615635156632,0.0,1.894281734166725e-05,6.487825321528362e-05,0.0009095435483322945,0.0028962574992328883,0.10003459207713604,0.14065466716885566,43
B,v3_ABD,bert.encoder.layer.9.attention.self.key,9,K,sweep,6,6,1.0,0.016129032258064516,0.016129032258064516,0.03225806451612903,0.0,False,0.0,0.36977134793996813,0.36977134793996813,48.7117586517334,0.9974616682529449,1.0022174870967866,0.06954704940319062,0.0,0.028754932917654515,0.196901822835207,0.5832028675079346,0.0,1.6164228381967404e-05,8.237432659370825e-05,0.00034021950472379103,0.000731801615038421,0.5515136727690697,0.7176757860183716,43
B,v3_ABD,bert.encoder.layer.9.attention.output.dense,9,O,sweep,6,6,1.0,0.016129032258064516,0.016129032258064516,0.03225806451612903,0.0,False,0.09999886594712734,0.1408597533404827,0.04540090318769217,6.003549795150757,0.9994659703969956,1.0005435228347779,0.032449878305196765,0.0,0.16785023838281632,0.4652764269709587,0.7704752224683762,0.0,2.1415661358332727e-05,7.725793675490422e-05,0.0010225733302650043,0.0034338612272404134,0.09998839981853962,0.14053041011095047,43
B,v3_ABD,bert.encoder.layer.9.attention.self.query,9,Q,sweep,6,6,1.0,0.016129032258064516,0.016129032258064516,0.03225806451612903,0.0,False,0.0,0.18436177387833597,0.18436177387833597,18.20254602432251,0.9980530226230622,1.0019007980823518,0.0605549231544137,0.0,0.06335777431726455,0.26130125612020494,0.6176013207435608,0.0,5.0007926574835436e-06,1.9857118968502618e-05,0.00020286376216972714,0.000893216849071905,0.0,0.16448223754763602,43
B,v3_ABD,bert.encoder.layer.9.attention.self.value,9,V,sweep,6,6,1.0,0.016129032258064516,0.016129032258064516,0.03225806451612903,0.0,False,0.0,0.2497691696882248,0.2497691696882248,28.340027465820313,0.9982540863752365,1.0016342663764954,0.057881158329546455,0.0,0.04891100350767374,0.2646342134475708,0.6643171125650406,0.0,1.843972362621571e-05,9.255717661289964e-05,0.0008276489668060094,0.0014398658589925618,0.5515136727690697,0.6638703066110611,43
B,v3_ABD,bert.encoder.layer.10.intermediate.dense,10,FFN1,sweep,6,6,1.0,0.016129032258064516,0.016129032258064516,0.03225806451612903,0.0,False,0.034705357030034065,0.53684683740139,0.5201918905973435,75.18242233276368,0.9902132260799408,1.0079906237125398,0.13598107904195786,0.0,0.01411197878420353,0.06817643567919732,0.3204130607843399,0.0,1.3160926791897508e-05,3.950275646275259e-05,0.0005937255175376777,0.0024928023270331325,0.025448702946305274,0.43896372318267823,43
B,v3_ABD,bert.encoder.layer.10.output.dense,10,FFN2,sweep,6,6,1.0,0.016129032258064516,0.016129032258064516,0.03225806451612903,0.0,False,0.10001139789819717,0.14110696464776992,0.04566230434924364,6.030073509216309,0.999453855752945,1.00056694149971,0.03267949100583792,0.0,0.16733960777521134,0.4661729630827904,0.7706996369361877,0.0,1.4823427309238468e-05,4.532339189609047e-05,0.0009029246389400214,0.003033001245930791,0.10000039912760257,0.13997803777456283,43
B,v3_ABD,bert.encoder.layer.10.attention.self.key,10,K,sweep,6,6,1.0,0.016129032258064516,0.016129032258064516,0.03225806451612903,0.0,False,0.0,0.3620517361164093,0.3620517361164093,47.53414215087891,0.9976667177677154,1.0020414924621581,0.06694021634757519,0.0,0.02978492872789502,0.20557640746235847,0.6018518894910813,0.0,1.2342558802629355e-05,6.927123220521025e-05,0.00027131302456837145,0.000682172141096089,0.5515136727690697,0.7141804647445679,43
B,v3_ABD,bert.encoder.layer.10.attention.output.dense,10,O,sweep,6,6,1.0,0.016129032258064516,0.016129032258064516,0.03225806451612903,0.0,False,0.10003280900418758,0.14104011416435241,0.04556530263274908,6.034132814407348,0.9994530832767486,1.0005512046813965,0.032695861048996445,0.0,0.16737596035003663,0.4653206571936607,0.7698912018537521,0.0,1.6876835288712755e-05,5.302809800923569e-05,0.0010193169549165759,0.0034201557585038247,0.1000374948978424,0.14024245604872704,43
B,v3_ABD,bert.encoder.layer.10.attention.self.query,10,Q,sweep,6,6,1.0,0.016129032258064516,0.016129032258064516,0.03225806451612903,0.0,False,2.1050498730801336e-08,0.2075229848921299,0.20752296790480615,20.402076358795167,0.9978710681200027,1.0020482540130615,0.06346761908382177,0.0,0.0558820428326726,0.2427403883635998,0.6016686224937439,0.0,3.602334422794229e-06,1.1959097455473967e-05,0.0001610729380263365,0.0008124625048367307,1.6954210195763153e-08,0.1801436124742031,43
B,v3_ABD,bert.encoder.layer.10.attention.self.value,10,V,sweep,6,6,1.0,0.016129032258064516,0.016129032258064516,0.03225806451612903,0.0,False,0.0,0.2467360433936119,0.2467360433936119,28.293971939086916,0.9982866930961609,1.0016183531284333,0.05730638548731804,0.0,0.04939466767013073,0.2685626545548439,0.6738035827875137,0.0,1.525746464722033e-05,9.723472263431176e-05,0.0006560007575899362,0.0013519303395878523,0.5515136727690697,0.6625281953811646,43
B,v3_ABD,bert.encoder.layer.11.intermediate.dense,11,FFN1,sweep,6,6,1.0,0.016129032258064516,0.016129032258064516,0.03225806451612903,0.0,False,0.02166489288210869,0.4030913808941841,0.3898730993270874,44.431998100280765,0.995773766040802,1.0038726210594178,0.09093623593449593,0.0,0.022829014621675015,0.11770762257277965,0.4669847023487091,0.0,6.245299041438557e-06,8.970933531600167e-06,0.0005730363073143962,0.002512604360235855,0.021383253931999205,0.391656434237957,43
B,v3_ABD,bert.encoder.layer.11.output.dense,11,FFN2,sweep,6,6,1.0,0.016129032258064516,0.016129032258064516,0.03225806451612903,0.0,False,0.10004317842423915,0.131126024723053,0.034538147896528246,5.4608224630355835,0.999568699002266,1.0004636001586915,0.0293807072006166,0.0,0.18360032364726067,0.5007320153713226,0.8074915570020675,0.0,8.066571572271642e-06,1.0629218968460918e-05,0.0008962240345317695,0.003051063988823444,0.09999241381883621,0.12762132197618484,43
B,v3_ABD,bert.encoder.layer.11.attention.self.key,11,K,sweep,6,6,1.0,0.016129032258064516,0.016129032258064516,0.03225806451612903,0.0,False,1.0796710512295248e-08,0.3629742777347565,0.3629742708802223,49.63304222106934,0.9976718163490296,1.0020246875286103,0.06675179205834865,0.0,0.029704397600144147,0.2054298184812069,0.6073376840353012,0.0,1.4786731881031301e-05,7.043273773888359e-05,0.0002652331747231074,0.0008034765068441629,0.5515136769413949,0.7144617611169815,43
B,v3_ABD,bert.encoder.layer.11.attention.output.dense,11,O,sweep,6,6,1.0,0.016129032258064516,0.016129032258064516,0.03225806451612903,0.0,False,0.09997025437653065,0.13832492545247077,0.0426148934289813,5.62391683101654,0.9995244729518891,1.0004772794246675,0.030704876333475115,0.0,0.1788221150636673,0.4901523518562317,0.7919961792230606,0.0,9.186573170154588e-06,1.3717049196202424e-05,0.0009124051583057735,0.0038082712143659592,0.09998299993574619,0.13859114944934844,43
B,v3_ABD,bert.encoder.layer.11.attention.self.query,11,Q,sweep,6,6,1.0,0.016129032258064516,0.016129032258064516,0.03225806451612903,0.0,False,0.0,0.2236326067149639,0.2236326067149639,21.615135669708252,0.9981310403347016,1.0018017399311065,0.05994368229061365,0.0,0.053685325495898724,0.2525326046347618,0.6306646084785461,0.0,1.6815346600651536e-06,3.229279489005421e-06,0.0001279223461233414,0.0008759083069162444,4.238552548940788e-09,0.1763869921863079,43
B,v3_ABD,bert.encoder.layer.11.attention.self.value,11,V,sweep,6,6,1.0,0.016129032258064516,0.016129032258064516,0.03225806451612903,0.0,False,0.0,0.23470048919320108,0.23470048919320108,28.610249996185303,0.9982639539241791,1.0016335570812225,0.05762076038867235,0.0,0.052079132832586764,0.2712153577804565,0.6620112347602845,0.0,1.6866728456079726e-05,8.647576742077945e-05,0.0005700895705376751,0.0018372318689944224,0.5515136727690697,0.6571319860219955,43
B,v3_ABD,bert.encoder.layer.0.intermediate.dense,0,FFN1,baseline,7,9,1.0,0.007936507936507936,0.007936507936507936,0.015873015873015872,0.0,False,0.0006160609773360193,0.6144241344928741,0.6141865640878678,243.02811378479004,0.9972604030370712,1.0020871555805206,0.07243491269648075,0.0,0.004565909469965846,0.03763166168704629,0.26215560771524904,0.0,3.793081960793643e-05,0.00013456390352075686,0.0006563181123055983,0.0020617400389164684,0.0007452122430549934,0.7220012477040291,43
B,v3_ABD,bert.encoder.layer.0.output.dense,0,FFN2,baseline,7,9,1.0,0.007936507936507936,0.007936507936507936,0.015873015873015872,0.0,False,0.09998293042182922,0.1204876947030425,0.022782645942643284,6.089415791034699,0.9998672816157341,1.0001345521211624,0.016125358352437617,0.0,0.16578250750899315,0.46367748036980627,0.769651235640049,0.0,2.450924470394966e-05,9.184061167616164e-05,0.0005497687812021468,0.0017701082886196673,0.10000288084149361,0.12153793837875128,43
B,v3_ABD,bert.encoder.layer.0.attention.self.key,0,K,baseline,7,9,1.0,0.007936507936507936,0.007936507936507936,0.015873015873015872,0.0,False,9.291134972500004e-09,0.11250639472156763,0.11250638641417027,23.52527552604675,0.9994836953282357,1.0005125850439072,0.03113654661923647,0.0,0.05347929541021586,0.24425778523087502,0.6231964626908302,0.0,1.7607742211112055e-05,5.800924176583067e-05,0.0002084748985362239,0.0004890845427871682,0.5490657593309879,0.5998774787783623,43
B,v3_ABD,bert.encoder.layer.0.attention.output.dense,0,O,baseline,7,9,1.0,0.007936507936507936,0.007936507936507936,0.015873015873015872,0.0,False,0.09997908167541027,0.1204595322906971,0.022755543226376174,6.113838422298431,0.9998641294240952,1.000136507153511,0.016253338530659675,0.0,0.16533487372100353,0.46262560531497,0.7680262404680253,0.0,3.7900191464359524e-05,0.00013754819192399737,0.0007700539284269326,0.002453567458433099,0.10001425754278898,0.12089472755789757,43
B,v3_ABD,bert.encoder.layer.0.attention.self.query,0,Q,baseline,7,9,1.0,0.007936507936507936,0.007936507936507936,0.015873015873015872,0.0,False,1.2881388329333276e-08,0.0731973010674119,0.07319728914648295,15.737564582824707,0.9994589680433273,1.0005427706241607,0.03183335313573479,0.0,0.06732428804039955,0.23910488970577717,0.5783406513929367,0.0,1.0843673258023046e-05,4.094759935469483e-05,0.0001938693382908241,0.0005775311987963505,8.477105097881576e-09,0.0909504410251975,43
B,v3_ABD,bert.encoder.layer.0.attention.self.value,0,V,baseline,7,9,1.0,0.007936507936507936,0.007936507936507936,0.015873015873015872,0.0,False,0.0,0.09231223642826081,0.09231223642826081,19.700191459655763,0.9995082470774651,1.0004882103204726,0.030083400104194878,0.0,0.0636595643311739,0.2613991130888462,0.6303091201186181,0.0,3.1739533515064974e-05,0.00010136436900211265,0.00046545890611014327,0.001027422385814134,0.5490657551586628,0.5907876800000668,43
B,v3_ABD,bert.encoder.layer.1.intermediate.dense,1,FFN1,baseline,7,9,1.0,0.007936507936507936,0.007936507936507936,0.015873015873015872,0.0,False,0.0007832458877237514,0.5799395567178727,0.5796104416251182,204.51893310546876,0.9968895536661148,1.0024056857824326,0.0764843026548624,0.0,0.005442337179556489,0.04088970862329006,0.25747535288333895,0.0,4.0810020709614034e-05,0.00014714071123307802,0.0006800482592370827,0.0019124739605467767,0.001175590634229593,0.677349299788475,43
B,v3_ABD,bert.encoder.layer.1.output.dense,1,FFN2,baseline,7,9,1.0,0.007936507936507936,0.007936507936507936,0.015873015873015872,0.0,False,0.09998408373445272,0.12066788218915463,0.0229815914016217,6.162491643428803,0.9998645207285881,1.0001354914903642,0.016271606264635922,0.0,0.1639541894197464,0.4601939681172371,0.7670147842168809,0.0,2.9106076872267295e-05,0.0001091154538517003,0.0006428363786835689,0.00200352088897489,0.09998721729964018,0.12329947438091039,43
B,v3_ABD,bert.encoder.layer.1.attention.self.key,1,K,baseline,7,9,1.0,0.007936507936507936,0.007936507936507936,0.015873015873015872,0.0,False,0.0,0.14829328328371047,0.14829328328371047,30.146745204925537,0.9994170832633972,1.0005719125270844,0.03304432658478618,0.0,0.04435930317267776,0.22759965181350708,0.6016211733222008,0.0,2.0100938118048363e-05,7.494432853491162e-05,0.00032237015664577485,0.0009910201559250708,0.5490657551586628,0.616057512909174,43
B,v3_ABD,bert.encoder.layer.1.attention.output.dense,1,O,baseline,7,9,1.0,0.007936507936507936,0.007936507936507936,0.015873015873015872,0.0,False,0.09997067328542471,0.12050675179809332,0.022817119965329768,6.121968879699707,0.999865150153637,1.000135812163353,0.01623113469220698,0.0,0.16497823119163513,0.46141571521759034,0.7673462280631065,0.0,3.731179766873538e-05,0.0001388121746640536,0.0008347034858888947,0.0024614645598921925,0.09999433819204569,0.12168773099780082,43
B,v3_ABD,bert.encoder.layer.1.attention.self.query,1,Q,baseline,7,9,1.0,0.007936507936507936,0.007936507936507936,0.015873015873015872,0.0,False,1.150196453636454e-08,0.12232974842190743,0.12232973832637072,23.334113845825197,0.9993688690662385,1.0006279301643373,0.034446828979998824,0.0,0.04931901387870312,0.21362708613276482,0.5716570347547532,0.0,1.540454381483869e-05,6.16586519026896e-05,0.00032550972726312464,0.0012981580517953263,4.238552548940788e-09,0.1308654185757041,43
B,v3_ABD,bert.encoder.layer.1.attention.self.value,1,V,baseline,7,9,1.0,0.007936507936507936,0.007936507936507936,0.015873015873015872,0.0,False,0.0,0.1301345969364047,0.1301345969364047,26.39144610404968,0.9994218876957893,1.0005676698684693,0.032477627759799364,0.0,0.05132919520139694,0.23962188951671123,0.612519661784172,0.0,2.8116819757997293e-05,0.0001048296377848601,0.0005948705223272555,0.0017500887997448445,0.5490657551586628,0.6078228928148747,43
B,v3_ABD,bert.encoder.layer.2.intermediate.dense,2,FFN1,baseline,7,9,1.0,0.007936507936507936,0.007936507936507936,0.015873015873015872,0.0,False,0.0018250317493220792,0.5268276545405388,0.5259626221656799,155.21850135803223,0.997313959300518,1.002194853425026,0.07117108959704638,0.0,0.007019135097507388,0.04800239251926541,0.29008895307779314,0.0,3.562687606063264e-05,0.0001435697724446072,0.0007314344368933235,0.0017978648311691358,0.0023993932106532155,0.5855030137300491,43
B,v3_ABD,bert.encoder.layer.2.output.dense,2,FFN2,baseline,7,9,1.0,0.007936507936507936,0.007936507936507936,0.015873015873015872,0.0,False,0.09999979052692652,0.1252869375422597,0.02809682985767722,7.5400172185897825,0.9997778478264808,1.000226835012436,0.0195573909021914,0.0,0.13911182649433612,0.42194838598370554,0.734139167368412,0.0,3.347654695971869e-05,0.00014558869086613412,0.0009040721444762312,0.0032197309407638384,0.10000396393239498,0.12894097223877907,43
B,v3_ABD,bert.encoder.layer.2.attention.self.key,2,K,baseline,7,9,1.0,0.007936507936507936,0.007936507936507936,0.015873015873015872,0.0,False,4.224799852181604e-09,0.18570911556482314,0.1857091121375561,34.19481526374817,0.9994169721007347,1.0005613487958909,0.03314394535496831,0.0,0.04014790151268244,0.2210473567992449,0.5964942109584809,0.0,1.831557176046772e-05,6.767027645764755e-05,0.0002777921222150326,0.0006629175289708655,0.5490657572448253,0.6334148320555687,43
B,v3_ABD,bert.encoder.layer.2.attention.output.dense,2,O,baseline,7,9,1.0,0.007936507936507936,0.007936507936507936,0.015873015873015872,0.0,False,0.09999378610402346,0.12164570085704327,0.024057512804865837,6.4577766799926755,0.9998483139276505,1.000151144862175,0.016979600423946976,0.0,0.1576203193515539,0.44967297583818433,0.7584096699953079,0.0,3.470613753052021e-05,0.00013703935444937088,0.0008472158780205064,0.0025083199387881906,0.10000433679670095,0.12513058047741651,43
B,v3_ABD,bert.encoder.layer.2.attention.self.query,2,Q,baseline,7,9,1.0,0.007936507936507936,0.007936507936507936,0.015873015873015872,0.0,False,5.090240051686123e-09,0.24262620486319064,0.24262620098888873,27.579346237182616,0.9993089523911476,1.0006833803653716,0.0356153311021626,0.0,0.039750927239656446,0.1941775606572628,0.5285818412899971,0.0,1.2051077305841318e-05,5.0942911530000855e-05,0.00025621163949836047,0.0007544984885316808,2.119276274470394e-09,0.203178947865963,43
B,v3_ABD,bert.encoder.layer.2.attention.self.value,2,V,baseline,7,9,1.0,0.007936507936507936,0.007936507936507936,0.015873015873015872,0.0,False,5.122279276292829e-09,0.14384216204285621,0.14384215772151948,29.946159772872925,0.9995169019699097,1.000476136803627,0.030096913650631905,0.0,0.04697906101122498,0.2528995940834284,0.6514554291963577,0.0,3.0460284187938667e-05,0.00011578460005694069,0.0006891698512481526,0.0014098570970236324,0.5490657575428486,0.614090439081192,43
B,v3_ABD,bert.encoder.layer.3.intermediate.dense,3,FFN1,baseline,7,9,1.0,0.007936507936507936,0.007936507936507936,0.015873015873015872,0.0,False,0.003782791686244309,0.5027287937700748,0.5008407984673977,195.86525398254395,0.9977417114377022,1.0018871295452119,0.065401219278574,0.0,0.007837419495917857,0.053292555399239064,0.32080909579992295,0.0,3.2126025562320134e-05,0.00013695644287508912,0.0007443451600556727,0.0018810877663781866,0.0043146753776818515,0.5274853122234344,43
B,v3_ABD,bert.encoder.layer.3.output.dense,3,FFN2,baseline,7,9,1.0,0.007936507936507936,0.007936507936507936,0.015873015873015872,0.0,False,0.09999458637088537,0.1221389526128769,0.02460471701808274,6.5994770097732545,0.9998407766222954,1.0001604413986207,0.01732624598778784,0.0,0.15448392897844315,0.44380337417125704,0.7529153215885163,0.0,2.966592907796439e-05,0.00013003555875911843,0.0007909706482314505,0.0024755574122536927,0.09997808750718833,0.1241831512004137,43
B,v3_ABD,bert.encoder.layer.3.attention.self.key,3,K,baseline,7,9,1.0,0.007936507936507936,0.007936507936507936,0.015873015873015872,0.0,False,0.0,0.14757775664329528,0.14757775664329528,28.72468454360962,0.9994292548298835,1.0005557984113693,0.03285781012848019,0.0,0.04396721253171563,0.22583106480538845,0.6002053344249725,0.0,1.867630967808509e-05,7.809652930518496e-05,0.00029640112225024493,0.0006541186387767084,0.5490657551586628,0.6157386849820614,43
B,v3_ABD,bert.encoder.layer.3.attention.output.dense,3,O,baseline,7,9,1.0,0.007936507936507936,0.007936507936507936,0.015873015873015872,0.0,False,0.10004502318799496,0.13644207693636418,0.04044318832457065,10.85823694229126,0.9995252293348312,1.0004754292964935,0.02668347847647965,0.0,0.10330251805484295,0.3699414885044098,0.6931227162480355,0.0,4.983786604498164e-05,0.00024857922369847074,0.0015583373364643194,0.005990073925349861,0.09999887134879827,0.13894710905849933,43
B,v3_ABD,bert.encoder.layer.3.attention.self.query,3,Q,baseline,7,9,1.0,0.007936507936507936,0.007936507936507936,0.015873015873015872,0.0,False,0.0,0.10104676902294159,0.10104676902294159,17.98965347290039,0.9995009139180183,1.0005017173290254,0.03052093930542469,0.0,0.060696969777345657,0.25296203248202803,0.6180670440196991,0.0,1.0079280841637228e-05,4.333688704718952e-05,0.00023872885496530215,0.0007190059837012086,0.0,0.12583363994956018,43
B,v3_ABD,bert.encoder.layer.3.attention.self.value,3,V,baseline,7,9,1.0,0.007936507936507936,0.007936507936507936,0.015873015873015872,0.0,False,0.0,0.12553608942776917,0.12553608942776917,25.61888461112976,0.9995233502984047,1.0004641395807266,0.029743476388975978,0.0,0.05291287492960692,0.2624781669676304,0.6522365456819534,0.0,2.7683874359354378e-05,0.00012341528446995653,0.000660092791513307,0.0013045779441017659,0.5490657551586628,0.6057696822285652,43
B,v3_ABD,bert.encoder.layer.4.intermediate.dense,4,FFN1,baseline,7,9,1.0,0.007936507936507936,0.007936507936507936,0.015873015873015872,0.0,False,0.002012741685612127,0.476349878013134,0.4752939623594284,164.78990600585936,0.9978023329377175,1.001873070001602,0.06448160072788596,0.0,0.008854651073925197,0.05827092183753848,0.3260279281437397,0.0,3.2340965763069104e-05,0.000141818206939206,0.0007702923883334733,0.0018676928995409981,0.00210646367224399,0.4778850045800209,43
B,v3_ABD,bert.encoder.layer.4.output.dense,4,FFN2,baseline,7,9,1.0,0.007936507936507936,0.007936507936507936,0.015873015873015872,0.0,False,0.1000075875222683,0.12185531489551067,0.024275445975363255,6.508867573738098,0.9998490288853645,1.000151349902153,0.017052752748131752,0.0,0.1557798220217228,0.44467609852552414,0.7540377923846244,0.0,3.0762926307943416e-05,0.0001331918658615905,0.0008497989187890198,0.00262292513565626,0.1000092788785696,0.12322201922535897,43
B,v3_ABD,bert.encoder.layer.4.attention.self.key,4,K,baseline,7,9,1.0,0.007936507936507936,0.007936507936507936,0.015873015873015872,0.0,False,4.219323841425649e-09,0.19457034453749655,0.1945703411102295,38.57654205322265,0.9992851150035859,1.00068657040596,0.0366529187373817,0.0,0.0336799219250679,0.19501091107726098,0.5591308441758156,0.0,2.0443417752176175e-05,9.511341908364556e-05,0.0003616408180096187,0.0007580171529843938,0.549065757393837,0.6369704830646515,43
B,v3_ABD,bert.encoder.layer.4.attention.output.dense,4,O,baseline,7,9,1.0,0.007936507936507936,0.007936507936507936,0.015873015873015872,0.0,False,0.09997111666947603,0.13060107730329037,0.034032184295356274,9.117862453460694,0.9996642237901687,1.0003362429141998,0.022990136705338955,0.0,0.11947225648909807,0.3942742456495762,0.713093694448471,0.0,4.230927383105154e-05,0.0002113204357738141,0.0013513530636555515,0.004790232229279354,0.09998341955244541,0.13145629391074182,43
B,v3_ABD,bert.encoder.layer.4.attention.self.query,4,Q,baseline,7,9,1.0,0.007936507936507936,0.007936507936507936,0.015873015873015872,0.0,False,0.0,0.12177912402898074,0.12177912402898074,22.120128259658813,0.9994376200437546,1.0005562806129455,0.03253083681687713,0.0,0.05165020901709795,0.23171989127993584,0.5925852063298226,0.0,1.0982496924043517e-05,4.6233848479459994e-05,0.0002759441734087886,0.0008222291663696524,2.119276274470394e-09,0.10938936315476894,43
B,v3_ABD,bert.encoder.layer.4.attention.self.value,4,V,baseline,7,9,1.0,0.007936507936507936,0.007936507936507936,0.015873015873015872,0.0,False,0.0,0.13140306200832128,0.13140306200832128,25.124062881469726,0.9995580810308456,1.0004340040683746,0.028895507203415036,0.0,0.05177123516798019,0.26789573043584824,0.6613565304875374,0.0,2.0578360081344728e-05,9.119440870563267e-05,0.0007801614931668155,0.001428402620658744,0.5490657551586628,0.6084043398499489,43
B,v3_ABD,bert.encoder.layer.5.intermediate.dense,5,FFN1,baseline,7,9,1.0,0.007936507936507936,0.007936507936507936,0.015873015873015872,0.0,False,0.0019636076246388255,0.44187252938747407,0.44077450573444366,113.75225635528564,0.9979724326729774,1.0017596560716628,0.061783960815519096,0.0,0.010324646402150393,0.06487002430483699,0.34764957129955293,0.0,2.984500904858578e-05,0.00013225206323113525,0.0008385792435728945,0.0020484818756813183,0.0017999304772820324,0.41240298241376877,43
B,v3_ABD,bert.encoder.layer.5.output.dense,5,FFN2,baseline,7,9,1.0,0.007936507936507936,0.007936507936507936,0.015873015873015872,0.0,False,0.09999495327472686,0.1212880352512002,0.023658846877515315,6.342023122310638,0.9998573210835456,1.0001438730955123,0.016665766397491098,0.0,0.15942245498299598,0.45094831988215445,0.7596589547395706,0.0,2.9391817670330055e-05,0.00013185240186430747,0.0008811719731602352,0.002665017387480475,0.0999979830533266,0.12197169709950685,43
B,v3_ABD,bert.encoder.layer.5.attention.self.key,5,K,baseline,7,9,1.0,0.007936507936507936,0.007936507936507936,0.015873015873015872,0.0,False,1.0488783743767272e-08,0.19858286820352078,0.1985828597098589,36.961897983551026,0.9993421405553817,1.0006341379880905,0.035387805458158256,0.0,0.03422295395284891,0.20004136487841606,0.5698777225613594,0.0,1.8378022350589162e-05,9.162608239421388e-05,0.00035767072258749975,0.0007520057327928953,0.5490657597780227,0.6388057002425194,43
B,v3_ABD,bert.encoder.layer.5.attention.output.dense,5,O,baseline,7,9,1.0,0.007936507936507936,0.007936507936507936,0.015873015873015872,0.0,False,0.10000372674316167,0.12952499628067016,0.03280153526924551,8.791493425369262,0.9996943131089211,1.0003071200847626,0.022366371536627412,0.0,0.12148320291191339,0.3941429355740547,0.7122132432460785,0.0,4.145143428104347e-05,0.00020244924868165982,0.0013621296317433008,0.004602960858028382,0.10000515706837178,0.1299454855173826,43
B,v3_ABD,bert.encoder.layer.5.attention.self.query,5,Q,baseline,7,9,1.0,0.007936507936507936,0.007936507936507936,0.015873015873015872,0.0,False,4.511723261657607e-09,0.1685849789530039,0.16858497515320778,26.772985887527465,0.9994143187999726,1.0005656862258911,0.033077015224844214,0.0,0.044809486754238605,0.22832834012806416,0.5926710873842239,0.0,1.0579342429082317e-05,4.5737922737316697e-05,0.0002873516799445497,0.0008823730703443289,6.357828823411182e-09,0.148106459826231,43
B,v3_ABD,bert.encoder.layer.5.attention.self.value,5,V,baseline,7,9,1.0,0.007936507936507936,0.007936507936507936,0.015873015873015872,0.0,False,0.0,0.1404179084300995,0.1404179084300995,24.370256719589232,0.9995972767472268,1.0003952443599702,0.02774495710618794,0.0,0.05216282038018107,0.2794054211676121,0.6743215197324752,0.0,1.9357069518264325e-05,9.103251790293143e-05,0.0008923838412738405,0.0014416274928953498,0.5490657551586628,0.6124839998781682,43
B,v3_ABD,bert.encoder.layer.6.intermediate.dense,6,FFN1,baseline,7,9,1.0,0.007936507936507936,0.007936507936507936,0.015873015873015872,0.0,False,0.0010331520091858692,0.4422274073958397,0.4416505965590477,104.16580429077149,0.9978855165839196,1.0018375903367995,0.06331867676228285,0.0,0.010230753715150058,0.0627494134940207,0.33845657005906105,0.0,3.180591678756173e-05,0.0001445479117683135,0.0009788391311303713,0.0022165558399865402,0.0009132099221460521,0.40233826354146,43
B,v3_ABD,bert.encoder.layer.6.output.dense,6,FFN2,baseline,7,9,1.0,0.007936507936507936,0.007936507936507936,0.015873015873015872,0.0,False,0.10000616919249296,0.12067248705774546,0.022962739188224078,6.15927223443985,0.9998656046390534,1.0001356482505799,0.016248651444911957,0.0,0.16375144325196744,0.4586901468038559,0.7664388558268547,0.0,2.8560769715113564e-05,0.0001308556733056321,0.0009378205853863619,0.0027689732145518065,0.09999739404767752,0.12094447083771229,43
B,v3_ABD,bert.encoder.layer.6.attention.self.key,6,K,baseline,7,9,1.0,0.007936507936507936,0.007936507936507936,0.015873015873015872,0.0,False,9.086948296044284e-09,0.20956183679401874,0.20956182956695557,42.39971235275269,0.9992372971773148,1.0007251226902008,0.037975048050284385,0.0,0.031329776905477044,0.1848499735444784,0.5366047874093056,0.0,1.8500772393963417e-05,9.522355321678333e-05,0.00046927378018153833,0.000997036086046137,0.5490657593309879,0.6436960598826409,43
B,v3_ABD,bert.encoder.layer.6.attention.output.dense,6,O,baseline,7,9,1.0,0.007936507936507936,0.007936507936507936,0.015873015873015872,0.0,False,0.09995923705399036,0.12472644995898008,0.027517883218824864,7.378429062366486,0.9997948241233826,1.0002039188146592,0.019150599064305426,0.0,0.14021201208233833,0.42134925723075867,0.7347191828489303,0.0,3.498740247778187e-05,0.00016346181462722597,0.0011839692905778066,0.003687104608397931,0.09998774077743292,0.12418545253574848,43
B,v3_ABD,bert.encoder.layer.6.attention.self.query,6,Q,baseline,7,9,1.0,0.007936507936507936,0.007936507936507936,0.015873015873015872,0.0,False,8.855252815465065e-09,0.1763010576367378,0.17630105040967464,31.15947703361511,0.9993253979086876,1.0006456047296524,0.03548800570890307,0.0,0.04056322623044253,0.20810333430767058,0.571139564216137,0.0,1.1181934905835077e-05,5.0096072100132006e-05,0.00030869732894643674,0.001077003401296679,4.238552548940788e-09,0.14136468019336462,43
B,v3_ABD,bert.encoder.layer.6.attention.self.value,6,V,baseline,7,9,1.0,0.007936507936507936,0.007936507936507936,0.015873015873015872,0.0,False,0.0,0.13446546275168658,0.13446546275168658,25.034739236831665,0.9995857256650925,1.0004078590869903,0.028126985188573598,0.0,0.05149127962067723,0.27434794947505,0.6732580319046975,0.0,1.8347352420278184e-05,9.052298200913355e-05,0.0009298918032436632,0.0014772566949250176,0.5490657551586628,0.609758623689413,43
B,v3_ABD,bert.encoder.layer.7.intermediate.dense,7,FFN1,baseline,7,9,1.0,0.007936507936507936,0.007936507936507936,0.015873015873015872,0.0,False,0.001040803573851008,0.45353375390172007,0.4529645484685898,113.13061573028564,0.9970686435699463,1.0024845224618912,0.07369363434612751,0.0,0.009597529140301049,0.05605129593983293,0.29912969961762426,0.0,3.6421387494556254e-05,0.00016288106169668026,0.001102900825208053,0.002639937182539143,0.0008189895469695329,0.3759663379192352,43
B,v3_ABD,bert.encoder.layer.7.output.dense,7,FFN2,baseline,7,9,1.0,0.007936507936507936,0.007936507936507936,0.015873015873015872,0.0,False,0.10002837140113115,0.1204648307710886,0.02270788366906345,6.100065984725952,0.9998667362332344,1.0001342439651488,0.016175045780837536,0.0,0.16534605123102664,0.46121724307537076,0.7673775291442871,0.0,2.7715349542631884e-05,0.00012153810734162107,0.0009915530766011215,0.0029971442488022147,0.10002325143665075,0.12012076567858458,43
B,v3_ABD,bert.encoder.layer.7.attention.self.key,7,K,baseline,7,9,1.0,0.007936507936507936,0.007936507936507936,0.015873015873015872,0.0,False,4.704058369497943e-09,0.27172343999147414,0.27172343656420705,59.44522142410278,0.9991513270139695,1.0007790100574494,0.04015796802937985,0.0,0.023440421344712376,0.16487545497715472,0.5142663811147213,0.0,1.6244435041699034e-05,9.183677841065219e-05,0.0004705140808073338,0.0011094516751472838,0.5490657572448253,0.6718053075671196,43
B,v3_ABD,bert.encoder.layer.7.attention.output.dense,7,O,baseline,7,9,1.0,0.007936507936507936,0.007936507936507936,0.015873015873015872,0.0,False,0.09999559599906206,0.12213053952902556,0.024594252230599523,6.599842426776886,0.9998406770825387,1.0001594704389571,0.01736093099229038,0.0,0.15418014548718928,0.4426823328435421,0.7520271104574203,0.0,3.0831565691187276e-05,0.00013428433223452885,0.001199183413409628,0.0033451765961945057,0.10001503724604845,0.12152735479176044,43
B,v3_ABD,bert.encoder.layer.7.attention.self.query,7,Q,baseline,7,9,1.0,0.007936507936507936,0.007936507936507936,0.015873015873015872,0.0,False,0.0,0.20626293152570724,0.20626293152570724,32.002387504577634,0.9994224163889885,1.000548642873764,0.03312975900247693,0.0,0.03717624142765999,0.21802293241024018,0.5928358286619186,0.0,8.419117123139585e-06,3.506389956783096e-05,0.00025655840283434373,0.0009577118858578614,2.119276274470394e-09,0.16730851180851458,43
B,v3_ABD,bert.encoder.layer.7.attention.self.value,7,V,baseline,7,9,1.0,0.007936507936507936,0.007936507936507936,0.015873015873015872,0.0,False,4.69727041263468e-09,0.1809154910594225,0.18091548718512057,35.128786430358886,0.9995404741168022,1.0004459565877915,0.02967609478160739,0.0,0.03847033368423581,0.2511763975024223,0.665392225086689,0.0,1.8510669842726202e-05,9.856402459263336e-05,0.0010283843491924927,0.001548519866191782,0.5490657572448253,0.6307562260329723,43
B,v3_ABD,bert.encoder.layer.8.intermediate.dense,8,FFN1,baseline,7,9,1.0,0.007936507936507936,0.007936507936507936,0.015873015873015872,0.0,False,0.0006632021442055702,0.4462531051039696,0.44588565081357956,111.03487201690673,0.9971689966320991,1.0024084198474883,0.07271422136574984,0.0,0.009899503490887583,0.05518221136182547,0.3006344985961914,0.0,2.835848081303993e-05,0.00012959310985024785,0.0010865789974923246,0.003115622925106436,0.0005024168286763597,0.3481775917112827,43
B,v3_ABD,bert.encoder.layer.8.output.dense,8,FFN2,baseline,7,9,1.0,0.007936507936507936,0.007936507936507936,0.015873015873015872,0.0,False,0.09998413998633623,0.12066809192299843,0.022981770895421506,6.171071963310242,0.9998619678616524,1.0001383423805237,0.016394930044189095,0.0,0.16368417330086232,0.45845809400081633,0.764165290594101,0.0,2.4308917218149873e-05,0.00010416152319521643,0.0010749957968073432,0.003283644475741312,0.09999773118644953,0.11984403684735298,43
B,v3_ABD,bert.encoder.layer.8.attention.self.key,8,K,baseline,7,9,1.0,0.007936507936507936,0.007936507936507936,0.015873015873015872,0.0,False,5.5597070058865935e-09,0.22480315387248992,0.22480314962565898,45.68698202133179,0.9992685297131538,1.0006921482086182,0.03726885449141264,0.0,0.029104904811829327,0.18529688507318498,0.5521231818199158,0.0,2.160650171845191e-05,0.00010957398924801964,0.0004929769512091298,0.001031272403197363,0.5490657572448253,0.6505845406651497,43
B,v3_ABD,bert.encoder.layer.8.attention.output.dense,8,O,baseline,7,9,1.0,0.007936507936507936,0.007936507936507936,0.015873015873015872,0.0,False,0.0999749705195427,0.12087613258510828,0.023222872680053117,6.2351765012741085,0.9998597651720047,1.0001403898000718,0.016504044895991683,0.0,0.16211784154176712,0.45574922278523444,0.7627026355266571,0.0,2.8027299795212457e-05,0.0001207997377787251,0.001330864472547546,0.003788520117523149,0.09998722158372403,0.12016070138663054,43
B,v3_ABD,bert.encoder.layer.8.attention.self.query,8,Q,baseline,7,9,1.0,0.007936507936507936,0.007936507936507936,0.015873015873015872,0.0,False,0.0,0.17343598000705243,0.17343598000705243,30.122830743789674,0.9992479965090751,1.0007185965776444,0.03703595519065857,0.0,0.042038364876061676,0.20668925993144513,0.5524158403277397,0.0,1.0603904202071136e-05,5.1366659736231665e-05,0.00042188992352748756,0.0017315437822253443,2.119276274470394e-09,0.14340075716376305,43
B,v3_ABD,bert.encoder.layer.8.attention.self.value,8,V,baseline,7,9,1.0,0.007936507936507936,0.007936507936507936,0.015873015873015872,0.0,False,0.0,0.12821366481482982,0.12821366481482982,25.061620721817018,0.9995772159099579,1.0004174011945723,0.028352201050147414,0.0,0.052690655700862406,0.27304319337010385,0.6705390095710755,0.0,1.9737656907636846e-05,0.00010257201216518297,0.001034726253419649,0.001832447699853219,0.5490657551586628,0.6069109208881855,43
B,v3_ABD,bert.encoder.layer.9.intermediate.dense,9,FFN1,baseline,7,9,1.0,0.007936507936507936,0.007936507936507936,0.015873015873015872,0.0,False,0.0018939979828428476,0.41165956377983093,0.41054320961236956,95.32590541839599,0.9971840777993202,1.002455043196678,0.07214995838701725,0.0,0.011467353743501007,0.05999466672539711,0.3072126549482346,0.0,1.9726905165953212e-05,7.849906909541459e-05,0.0010338501965452451,0.003152234763838351,0.0015786192333325745,0.3122227230668068,43
B,v3_ABD,bert.encoder.layer.9.output.dense,9,FFN2,baseline,7,9,1.0,0.007936507936507936,0.007936507936507936,0.015873015873015872,0.0,False,0.09998171903192997,0.12057079818099738,0.02287629708647728,6.127030169963836,0.9998642796278,1.0001370507478713,0.016266989065334202,0.0,0.16480436645448207,0.4618309997022152,0.7673229193687439,0.0,2.061843279079767e-05,7.116311815480003e-05,0.0011528049621847458,0.00362384426407516,0.10000150129199029,0.11947530407458544,43
B,v3_ABD,bert.encoder.layer.9.attention.self.key,9,K,baseline,7,9,1.0,0.007936507936507936,0.007936507936507936,0.015873015873015872,0.0,False,4.0487665842192654e-09,0.23647997476160526,0.23647997170686721,48.4514616394043,0.9993784201145172,1.000584881901741,0.03436301643028855,0.0,0.029406465906649828,0.20306068025529384,0.5939834013581275,0.0,1.870585151209525e-05,0.00010887680808082223,0.0004674143147713039,0.0010036949274945073,0.5490657572448253,0.6559457314014435,43
B,v3_ABD,bert.encoder.layer.9.attention.output.dense,9,O,baseline,7,9,1.0,0.007936507936507936,0.007936507936507936,0.015873015873015872,0.0,False,0.10000027630478144,0.11988261032849551,0.022091481843963267,5.9341334533691406,0.9998738369345666,1.0001273226737977,0.015785521138459446,0.0,0.16970413476228713,0.46990795210003855,0.7748540061712265,0.0,2.1839715373062063e-05,8.116751370835118e-05,0.0012391911956365221,0.004024952218169346,0.09999635778367519,0.11915764570236206,43
B,v3_ABD,bert.encoder.layer.9.attention.self.query,9,Q,baseline,7,9,1.0,0.007936507936507936,0.007936507936507936,0.015873015873015872,0.0,False,0.0,0.11431448724120856,0.11431448724120856,19.978499565124512,0.9995035713911057,1.0004913979768753,0.030570619562640785,0.0,0.05840880639851093,0.25264376163482666,0.611992484331131,0.0,6.402010483270715e-06,2.6510564084674114e-05,0.00031886032433249057,0.001285765892243944,0.0,0.09679245706647635,43
B,v3_ABD,bert.encoder.layer.9.attention.self.value,9,V,baseline,7,9,1.0,0.007936507936507936,0.007936507936507936,0.015873015873015872,0.0,False,8.827736337480018e-09,0.14971866190433503,0.1497186543792486,29.50868981361389,0.9995669883489608,1.000422676205635,0.02869272470474243,0.0,0.04905051475390792,0.2675179687142372,0.6691565760970115,0.0,2.0735592697747053e-05,0.00011927360690606293,0.0010071174358017743,0.0017525031528202817,0.5490657593309879,0.6167394731938839,43
B,v3_ABD,bert.encoder.layer.10.intermediate.dense,10,FFN1,baseline,7,9,1.0,0.007936507936507936,0.007936507936507936,0.015873015873015872,0.0,False,0.0009025536372791976,0.365084852874279,0.36451125413179397,75.8049397277832,0.9974972811341286,1.0022721779346466,0.06795853085815906,0.0,0.013900785585865378,0.06901010274887084,0.33817606762051583,0.0,1.3941841011728684e-05,4.269293505785754e-05,0.0008479536254162668,0.0029115519498009233,0.0007123486281489022,0.27875661745667457,43
B,v3_ABD,bert.encoder.layer.10.output.dense,10,FFN2,baseline,7,9,1.0,0.007936507936507936,0.007936507936507936,0.015873015873015872,0.0,False,0.09999416936188936,0.12025290958583355,0.02250957231968641,6.022152509689331,0.9998677149415016,1.0001347184181213,0.01605434007011354,0.0,0.16764768555760384,0.46860296636819837,0.7729309040307999,0.0,1.6208314800678636e-05,4.798308560566511e-05,0.0011551794953265926,0.0035987294849473984,0.09998635031282901,0.11901805747300387,43
B,v3_ABD,bert.encoder.layer.10.attention.self.key,10,K,baseline,7,9,1.0,0.007936507936507936,0.007936507936507936,0.015873015873015872,0.0,False,4.117910634704458e-09,0.2437934049218893,0.24379340194165708,51.590798435211184,0.9994249603152275,1.0005352681875228,0.03318839825689793,0.0,0.028628917559981346,0.20880755893886088,0.6125079360604286,0.0,1.3408212275862752e-05,8.199471763873589e-05,0.0003604198805260239,0.0009577281781821511,0.5490657572448253,0.6590715822577476,43
B,v3_ABD,bert.encoder.layer.10.attention.output.dense,10,O,baseline,7,9,1.0,0.007936507936507936,0.007936507936507936,0.015873015873015872,0.0,False,0.10000326696783304,0.12002248872071504,0.022243659626692534,5.981660227775574,0.9998696362972259,1.0001310086250306,0.015979265430942177,0.0,0.16865705154836177,0.4677860473096371,0.7711063885688781,0.0,1.866131146925909e-05,5.576193932938622e-05,0.001296347103707376,0.004200024917954579,0.10001860160380602,0.11926784597337246,43
B,v3_ABD,bert.encoder.layer.10.attention.self.query,10,Q,baseline,7,9,1.0,0.007936507936507936,0.007936507936507936,0.015873015873015872,0.0,False,1.7643535841216362e-08,0.1316736301407218,0.13167361486703158,23.09603406906128,0.9994760259985924,1.0005134069919586,0.03153732352890074,0.0,0.05027521554380655,0.2378312975168228,0.6070362010598183,0.0,4.283428714870752e-06,1.3846610249856894e-05,0.0002627452591696056,0.0012051662165322341,1.0596381372351971e-08,0.1283715236186981,43
B,v3_ABD,bert.encoder.layer.10.attention.self.value,10,V,baseline,7,9,1.0,0.007936507936507936,0.007936507936507936,0.015873015873015872,0.0,False,4.285988666197227e-09,0.1657245983928442,0.1657245948165655,32.86040360450745,0.9995427766442299,1.0004439330101014,0.029463332174345852,0.0,0.04414734099060297,0.26053271785378457,0.6616848781704903,0.0,1.7677545056358212e-05,0.00012778262516803806,0.0007353264829725958,0.0016516809607855976,0.5490657572448253,0.6238163240253926,43
B,v3_ABD,bert.encoder.layer.11.intermediate.dense,11,FFN1,baseline,7,9,1.0,0.007936507936507936,0.007936507936507936,0.015873015873015872,0.0,False,0.0004611659872171003,0.2538979291915894,0.25355369098484515,45.89949573516846,0.9987328699231148,1.0012191420793533,0.04962643384933472,0.0,0.022021108409389853,0.10029835492372513,0.44121903985738753,0.0,7.687562920182245e-06,1.168853380931978e-05,0.0006189780153727043,0.0027566599566489457,0.0004489988792920485,0.22012930117547513,43
B,v3_ABD,bert.encoder.layer.11.output.dense,11,FFN2,baseline,7,9,1.0,0.007936507936507936,0.007936507936507936,0.015873015873015872,0.0,False,0.10003138534724712,0.1170152746886015,0.018871649466454983,5.125500025749207,0.9999054589867592,1.0001206076145173,0.013753703404217959,0.0,0.19513939186930657,0.5366946423053741,0.8469075748324394,0.0,9.422687639926153e-06,1.2902718708573957e-05,0.0008606809485081613,0.003210186086362228,0.09998852506279945,0.11641977619379759,43
B,v3_ABD,bert.encoder.layer.11.attention.self.key,11,K,baseline,7,9,1.0,0.007936507936507936,0.007936507936507936,0.015873015873015872,0.0,False,0.0,0.25172172591090203,0.25172172591090203,56.916497230529785,0.9994619166851044,1.0004996639490127,0.0320559355430305,0.0,0.0281661678198725,0.21767767176032066,0.6332656726241112,0.0,1.4099973100201169e-05,7.43192211848509e-05,0.00036953076778445393,0.0012632254604250193,0.5490657551586628,0.6627769875526428,43
B,v3_ABD,bert.encoder.layer.11.attention.output.dense,11,O,baseline,7,9,1.0,0.007936507936507936,0.007936507936507936,0.015873015873015872,0.0,False,0.09999277293682099,0.11787220522761345,0.019865870075300336,5.339209105968475,0.9998960292339325,1.0001044958829879,0.01438912306446582,0.0,0.18817690774798393,0.5142671141028404,0.8109097743034362,0.0,1.1141334553030902e-05,1.7729479368426836e-05,0.0010744065712788142,0.004195556651102379,0.09999907251447439,0.11762122310698032,43
B,v3_ABD,bert.encoder.layer.11.attention.self.query,11,Q,baseline,7,9,1.0,0.007936507936507936,0.007936507936507936,0.015873015873015872,0.0,False,4.917233127343934e-09,0.1628654608875513,0.16286545686423778,27.987332382202148,0.9995246449112892,1.0004616266489028,0.0302445359621197,0.0,0.04326706286519766,0.24376644529402255,0.6359923762083054,0.0,2.2963809203702114e-06,4.539158285297163e-06,0.00015290964495761727,0.0012138847840833479,4.238552548940788e-09,0.14774252124130727,43
B,v3_ABD,bert.encoder.layer.11.attention.self.value,11,V,baseline,7,9,1.0,0.007936507936507936,0.007936507936507936,0.015873015873015872,0.0,False,0.0,0.17745840452611447,0.17745840452611447,40.663910713195804,0.9995185616612434,1.000468055009842,0.030224343799054622,0.0,0.04070110350847244,0.2551863457262516,0.6580138143897056,0.0,1.730697650145885e-05,0.00012079573618393624,0.0006994123361073434,0.0023627291386947038,0.5490657551586628,0.6293303330242633,43
B,v3_ABD,bert.encoder.layer.0.intermediate.dense,0,FFN1,sweep,8,8,1.0,0.003937007874015748,0.003937007874015748,0.007874015748031496,0.0,False,0.002516231769695878,0.47642192870378497,0.4751015642285347,248.91130279541017,0.9992161601781845,1.0006737101078034,0.03856542721390724,0.0,0.004456289866939187,0.036856747567653655,0.25780074268579484,0.0,3.789900138144731e-05,0.000135196896007983,0.0006529654047335498,0.001935986282187514,0.0031463146535679696,0.6072025960683822,43
B,v3_ABD,bert.encoder.layer.0.output.dense,0,FFN2,sweep,8,8,1.0,0.003937007874015748,0.003937007874015748,0.007874015748031496,0.0,False,0.09997506968677045,0.1101524417102337,0.011307879872620106,6.10181725025177,0.9999671840667724,1.000034877061844,0.00801548189483583,0.0,0.165437795817852,0.46286354184150696,0.7691370272636413,0.0,2.419656200800091e-05,9.076049980649259e-05,0.0005397708094096742,0.00171099096769467,0.099994715154171,0.11087963655591011,43
B,v3_ABD,bert.encoder.layer.0.attention.self.key,0,K,sweep,8,8,1.0,0.003937007874015748,0.003937007874015748,0.007874015748031496,0.0,False,0.0,0.05821707803755999,0.05821707803755999,23.446271743774414,0.9998716127872467,1.0001321256160736,0.01551451176404953,0.0,0.05338216483592987,0.2433041463792324,0.6222421461343766,0.0,1.7537247513246256e-05,5.689125151548069e-05,0.00019951609428972005,0.0004825701407389715,0.5515136727690697,0.5776715219020844,43
B,v3_ABD,bert.encoder.layer.0.attention.output.dense,0,O,sweep,8,8,1.0,0.003937007874015748,0.003937007874015748,0.007874015748031496,0.0,False,0.10000291116535663,0.11017030924558639,0.011297143790870904,6.1199607038497925,0.9999665135145187,1.0000338339805603,0.008069187412038445,0.0,0.16515926152467728,0.4620568823814392,0.767658908367157,0.0,3.737075267054024e-05,0.00013565030756581108,0.0007603111729258672,0.0023870460409671067,0.10003144286572933,0.1104854803532362,43
B,v3_ABD,bert.encoder.layer.0.attention.self.query,0,Q,sweep,8,8,1.0,0.003937007874015748,0.003937007874015748,0.007874015748031496,0.0,False,0.0,0.036829053238034246,0.036829053238034246,15.835103540420532,0.9998655593395234,1.0001343560218812,0.01586060356348753,0.0,0.06699780765920878,0.23809970453381538,0.5762439221143723,0.0,1.0811688853209488e-05,4.070100158060086e-05,0.0001897211752657313,0.0005395469858194701,4.238552548940788e-09,0.04616867952048778,43
B,v3_ABD,bert.encoder.layer.0.attention.self.value,0,V,sweep,8,8,1.0,0.003937007874015748,0.003937007874015748,0.007874015748031496,0.0,False,9.08007905309205e-09,0.04802097886800766,0.04802097018808126,19.878968410491943,0.9998758965730667,1.0001242768764496,0.015095931785181165,0.0,0.06292943190783262,0.25828945308923723,0.6260224539041519,0.0,3.1814781978027894e-05,0.00010054649246740154,0.00046387610433157534,0.0010224821040173992,0.5515136769413949,0.5731025606393814,43
B,v3_ABD,bert.encoder.layer.1.intermediate.dense,1,FFN1,sweep,8,8,1.0,0.003937007874015748,0.003937007874015748,0.007874015748031496,0.0,False,0.003054460093844682,0.44090339601039885,0.4391909244656563,208.8078874206543,0.9991122859716416,1.000765014886856,0.04059011444449425,0.0,0.005337340398691595,0.04027601104229689,0.25396634250879285,0.0,4.087005474502803e-05,0.00014670013610157184,0.0006889592640800401,0.0018448682222515344,0.005048957457765937,0.5387374848127365,43
B,v3_ABD,bert.encoder.layer.1.output.dense,1,FFN2,sweep,8,8,1.0,0.003937007874015748,0.003937007874015748,0.007874015748031496,0.0,False,0.09999462455511093,0.11032361686229705,0.011476590028032661,6.198198323249817,0.9999662381410599,1.0000336837768555,0.00811636279337108,0.0,0.16305043876171113,0.4583833548426628,0.7655719089508056,0.0,2.8820574498240604e-05,0.00010801285032357554,0.0006428295708610677,0.002004501757910475,0.10000239990651608,0.11190291188657284,43
B,v3_ABD,bert.encoder.layer.1.attention.self.key,1,K,sweep,8,8,1.0,0.003937007874015748,0.003937007874015748,0.007874015748031496,0.0,False,0.0,0.0806191810965538,0.0806191810965538,30.034686183929445,0.9998542815446854,1.0001469993591308,0.016485918816179036,0.0,0.044399393796920775,0.22773269429802895,0.6015381914377212,0.0,1.9952002057834763e-05,7.457686697307509e-05,0.00031583179312292484,0.0009534201843780465,0.5515136727690697,0.5877497532963752,43
B,v3_ABD,bert.encoder.layer.1.attention.output.dense,1,O,sweep,8,8,1.0,0.003937007874015748,0.003937007874015748,0.007874015748031496,0.0,False,0.09996449247002602,0.110172174051404,0.011341423252597451,6.1385541963577275,0.999966596364975,1.0000334215164184,0.008073543896898627,0.0,0.16454437628388405,0.46045834451913836,0.7665220326185227,0.0,3.677120885186014e-05,0.00013705096294870601,0.0008334797841962427,0.0024326436512637885,0.09998634032905102,0.1109638562053442,43
B,v3_ABD,bert.encoder.layer.1.attention.self.query,1,Q,sweep,8,8,1.0,0.003937007874015748,0.003937007874015748,0.007874015748031496,0.0,False,0.0,0.06521418496966362,0.06521418496966362,23.164371929168702,0.9998436903953553,1.0001551032066345,0.01713001452386379,0.0,0.04928997986018658,0.21350671529769896,0.5711237519979477,0.0,1.526939036011754e-05,6.071694577258313e-05,0.00032041980943176896,0.0012419613701058552,4.238552548940788e-09,0.07069438606500626,43
B,v3_ABD,bert.encoder.layer.1.attention.self.value,1,V,sweep,8,8,1.0,0.003937007874015748,0.003937007874015748,0.007874015748031496,0.0,False,8.449599704363208e-09,0.07068418860435485,0.07068418070673943,26.367052688598633,0.9998539972305298,1.0001454210281373,0.016296811187639832,0.0,0.05109323613345623,0.23689289644360542,0.6086266887187958,0.0,2.833093032677425e-05,0.00010514605666685384,0.0005998346020351164,0.0017514357413165272,0.5515136769413949,0.5832458943128586,43
B,v3_ABD,bert.encoder.layer.2.intermediate.dense,2,FFN1,sweep,8,8,1.0,0.003937007874015748,0.003937007874015748,0.007874015748031496,0.0,False,0.006401865258812905,0.39103040724992755,0.38710697591304777,159.30422485351562,0.9992582136392594,1.0006629920005798,0.037241131998598576,0.0,0.006835678345523775,0.047207262329757214,0.2859359487891197,0.0,3.5088736294710545e-05,0.00014188958346494473,0.0007297457198728808,0.0017289362999144942,0.0088885785266757,0.45421951144933703,43
B,v3_ABD,bert.encoder.layer.2.output.dense,2,FFN2,sweep,8,8,1.0,0.003937007874015748,0.003937007874015748,0.007874015748031496,0.0,False,0.10000373348593712,0.11274026736617088,0.014151758458465337,7.6510764169693,0.9999433416128158,1.0000572168827058,0.009831788707524538,0.0,0.13751134380698204,0.4194663628935814,0.7321176367998123,0.0,3.284337648437941e-05,0.0001456232900818577,0.0009104040812235325,0.0031948197516612708,0.10001804448664188,0.11555807821452618,43
B,v3_ABD,bert.encoder.layer.2.attention.self.key,2,K,sweep,8,8,1.0,0.003937007874015748,0.003937007874015748,0.007874015748031496,0.0,False,0.0,0.11401481226086617,0.11401481226086617,34.0013479423523,0.999854393005371,1.0001420629024507,0.016545818261802195,0.0,0.04028146993368864,0.2216712936758995,0.5987009066343307,0.0,1.824419662625587e-05,6.587654894246953e-05,0.00026640785319614223,0.0006152834504609927,0.5515136727690697,0.6032852664589882,43
B,v3_ABD,bert.encoder.layer.2.attention.output.dense,2,O,sweep,8,8,1.0,0.003937007874015748,0.003937007874015748,0.007874015748031496,0.0,False,0.09999511182308198,0.110849754139781,0.012060640966519714,6.521190271377564,0.9999618512392044,1.0000388729572296,0.008494679927825927,0.0,0.15628934070467948,0.44745744705200197,0.7561185210943222,0.0,3.39667700791324e-05,0.00013595109099696857,0.0008268719736952335,0.0024720363481901585,0.09998515747487545,0.11298133097589017,43
B,v3_ABD,bert.encoder.layer.2.attention.self.query,2,Q,sweep,8,8,1.0,0.003937007874015748,0.003937007874015748,0.007874015748031496,0.0,False,0.0,0.19686906829476356,0.19686906829476356,27.500266876220703,0.9998283797502517,1.000166972875595,0.017734122332185506,0.0,0.03987359620630741,0.19465150862932204,0.529084101319313,0.0,1.178398897536681e-05,5.02029191920883e-05,0.0002516121350345202,0.0007248758236528374,0.0,0.13973643578588962,43
B,v3_ABD,bert.encoder.layer.2.attention.self.value,2,V,sweep,8,8,1.0,0.003937007874015748,0.003937007874015748,0.007874015748031496,0.0,False,1.1978687552982591e-08,0.08057163879275323,0.08057162776589394,30.160554485321043,0.9998779678344727,1.000119446516037,0.01509548763744533,0.0,0.04672531578689813,0.2510593943297863,0.648466421365738,0.0,3.028154855201137e-05,0.00011506021415698342,0.0006813900190172717,0.0014082843909272924,0.5515136769413949,0.5877907213568687,43
B,v3_ABD,bert.encoder.layer.3.intermediate.dense,3,FFN1,sweep,8,8,1.0,0.003937007874015748,0.003937007874015748,0.007874015748031496,0.0,False,0.01333001784980297,0.37773414194583893,0.36932767897844315,218.22328979492187,0.9993756157159805,1.0005587875843047,0.03425856366753578,0.0,0.007422476569190622,0.051818632334470746,0.31385515570640565,0.0,3.170665939251194e-05,0.00013515715880203061,0.000728195974661503,0.0018252333358395845,0.015522613655775785,0.3962166002392769,43
B,v3_ABD,bert.encoder.layer.3.output.dense,3,FFN2,sweep,8,8,1.0,0.003937007874015748,0.003937007874015748,0.007874015748031496,0.0,False,0.1000228202342987,0.11116853229701519,0.012384446207433938,6.697251577377319,0.9999593991041184,1.0000410676002502,0.008710034731775522,0.0,0.15262119233608246,0.4408126705884933,0.750239332318306,0.0,2.9054869701212736e-05,0.00012820188727346248,0.0007868837451678701,0.0024604432773776353,0.09999550782144069,0.11240440852940083,43
B,v3_ABD,bert.encoder.layer.3.attention.self.key,3,K,sweep,8,8,1.0,0.003937007874015748,0.003937007874015748,0.007874015748031496,0.0,False,1.8381585391580303e-08,0.07895882852375508,0.07895881168544293,28.56275873184204,0.9998588544130326,1.000138691663742,0.016322242692112923,0.0,0.04415289558470249,0.2263685192167759,0.6012619012594222,0.0,1.844006381361396e-05,7.678087898966623e-05,0.0002851772065332625,0.0006507181996130384,0.5515136811137199,0.5869963917136193,43
B,v3_ABD,bert.encoder.layer.3.attention.output.dense,3,O,sweep,8,8,1.0,0.003937007874015748,0.003937007874015748,0.007874015748031496,0.0,False,0.1000206008553505,0.11866719193756581,0.02071889605373144,11.186384735107422,0.9998766648769378,1.0001226222515107,0.013553067278116941,0.0,0.10078045323491097,0.36537439584732057,0.6889935082197189,0.0,4.926181340124458e-05,0.0002495662562432699,0.0015231762232724578,0.005743785004597157,0.09999719485640526,0.12135636731982231,43
B,v3_ABD,bert.encoder.layer.3.attention.self.query,3,Q,sweep,8,8,1.0,0.003937007874015748,0.003937007874015748,0.007874015748031496,0.0,False,0.0,0.05330820802599192,0.05330820802599192,17.985170917510985,0.9998767411708832,1.0001229131221772,0.015159379048272968,0.0,0.060837632678449154,0.2532877141237259,0.6176182508468628,0.0,9.866679642982489e-06,4.3012265450670384e-05,0.00022263823571847752,0.0007313831118517556,4.238552548940788e-09,0.06458961110562086,43
B,v3_ABD,bert.encoder.layer.3.attention.self.value,3,V,sweep,8,8,1.0,0.003937007874015748,0.003937007874015748,0.007874015748031496,0.0,False,0.0,0.06664882849901915,0.06664882849901915,25.386021976470946,0.9998807328939437,1.000118613243103,0.014831645656377077,0.0,0.05326622057706118,0.2628206875920296,0.6519859647750854,0.0,2.7245575711276616e-05,0.00012136491335695609,0.0006420846044784412,0.0011932122660800815,0.5515136727690697,0.581476124227047,43
B,v3_ABD,bert.encoder.layer.4.intermediate.dense,4,FFN1,sweep,8,8,1.0,0.003937007874015748,0.003937007874015748,0.007874015748031496,0.0,False,0.00725277547724545,0.3463532903790474,0.34157829761505126,172.17144470214845,0.9994081348180771,1.000535671710968,0.03333248771727085,0.0,0.008706754939630627,0.05782976012676954,0.32419368356466294,0.0,3.1582384781358994e-05,0.00014055778221518266,0.0007566003751708195,0.0017617369175422937,0.0077886635577306155,0.3467231971025467,43
B,v3_ABD,bert.encoder.layer.4.output.dense,4,FFN2,sweep,8,8,1.0,0.003937007874015748,0.003937007874015748,0.007874015748031496,0.0,False,0.10004473678767681,0.11101829297840596,0.012193439733237029,6.581161017417908,0.9999619150161743,1.0000387942790985,0.008545862585306168,0.0,0.1542373453080654,0.44168134808540344,0.751195587515831,0.0,2.998151885549305e-05,0.00013283944594149943,0.0008287187249516137,0.0025632439146284014,0.10001808248460292,0.11190410308539868,43
B,v3_ABD,bert.encoder.layer.4.attention.self.key,4,K,sweep,8,8,1.0,0.003937007874015748,0.003937007874015748,0.007874015748031496,0.0,False,0.0,0.10807876378297805,0.10807876378297805,38.36648212432861,0.9998212218284607,1.0001783084869384,0.01829085448756814,0.0,0.033891518861055375,0.19564000472426415,0.5598768800497055,0.0,1.977670698579459e-05,9.204763344314415e-05,0.0003445730419480242,0.0007237006837385706,0.5515136727690697,0.6001189929246903,43
B,v3_ABD,bert.encoder.layer.4.attention.output.dense,4,O,sweep,8,8,1.0,0.003937007874015748,0.003937007874015748,0.007874015748031496,0.0,False,0.09995233237743378,0.11567718632519246,0.017471146788448095,9.433048763275146,0.999911402463913,1.000087057352066,0.011723797852173447,0.0,0.11642684750258922,0.3893626010417938,0.7084564960002899,0.0,4.178435519861523e-05,0.00021799929832923227,0.0013767626788467168,0.004888806445524097,0.0999851317703724,0.117112987190485,43
B,v3_ABD,bert.encoder.layer.4.attention.self.query,4,Q,sweep,8,8,1.0,0.003937007874015748,0.003937007874015748,0.007874015748031496,0.0,False,0.0,0.06606194995343685,0.06606194995343685,22.56816734313965,0.9998584562540054,1.0001406633853913,0.016298517435789108,0.0,0.05070332884788513,0.22968422815203668,0.5901626932621002,0.0,1.065869422745891e-05,4.548354605503846e-05,0.00026665099925594405,0.0007938366322196088,4.238552548940788e-09,0.05837654139846563,43
B,v3_ABD,bert.encoder.layer.4.attention.self.value,4,V,sweep,8,8,1.0,0.003937007874015748,0.003937007874015748,0.007874015748031496,0.0,False,8.821702977002133e-09,0.07151952482759953,0.07151951655745506,25.571332302093506,0.9998862451314926,1.0001150608062743,0.014604514203965665,0.0,0.050947056747972966,0.2637515562772751,0.656535628437996,0.0,2.0242551299816115e-05,9.034418988449033e-05,0.0007752743980381638,0.0013825575512601063,0.5515136769413949,0.5836178264021874,43
B,v3_ABD,bert.encoder.layer.5.intermediate.dense,5,FFN1,sweep,8,8,1.0,0.003937007874015748,0.003937007874015748,0.007874015748031496,0.0,False,0.007708323048427701,0.31299894005060197,0.30766239821910857,112.00373016357422,0.99946892619133,1.0004923915863038,0.03153801003471017,0.0,0.01026400770060718,0.06477324463427067,0.3477181005477905,0.0,2.886770889745094e-05,0.0001283677906030789,0.000810811251285486,0.002089257313637063,0.006720920177176595,0.28194532185792925,43
B,v3_ABD,bert.encoder.layer.5.output.dense,5,FFN2,sweep,8,8,1.0,0.003937007874015748,0.003937007874015748,0.007874015748031496,0.0,False,0.09999230742454529,0.11063541732728481,0.011825565481558442,6.382186875343323,0.9999643802642822,1.000035982131958,0.008319220002740622,0.0,0.1584764176607132,0.4489036297798157,0.7575716918706894,0.0,2.8684018016065238e-05,0.00012991835399589035,0.0008509083121316508,0.0025813894940074533,0.0999856573343277,0.11087691485881805,43
B,v3_ABD,bert.encoder.layer.5.attention.self.key,5,K,sweep,8,8,1.0,0.003937007874015748,0.003937007874015748,0.007874015748031496,0.0,False,0.0,0.11492155708372592,0.11492155708372592,37.17182762145996,0.9998354035615921,1.0001644051074983,0.017671200558543206,0.0,0.03410502653568983,0.20046326756477356,0.5716230845451356,0.0,1.7695831556920892e-05,8.862654925906099e-05,0.000340777865058044,0.00071230327419471,0.5515136727690697,0.6032106384634972,43
B,v3_ABD,bert.encoder.layer.5.attention.output.dense,5,O,sweep,8,8,1.0,0.003937007874015748,0.003937007874015748,0.007874015748031496,0.0,False,0.10000093296170234,0.11491654530167579,0.016572929387912154,8.952173900604247,0.9999216592311859,1.0000776195526122,0.011261054687201977,0.0,0.11987975254654884,0.39165009796619416,0.7101532733440399,0.0,4.043950750201475e-05,0.00020577106901328079,0.0013515221513807775,0.004351843958720565,0.100008410140872,0.11657599642872811,43
B,v3_ABD,bert.encoder.layer.5.attention.self.query,5,Q,sweep,8,8,1.0,0.003937007874015748,0.003937007874015748,0.007874015748031496,0.0,False,0.0,0.10618160940706729,0.10618160940706729,28.578630962371825,0.9998469042778015,1.0001493656635285,0.01686504388228059,0.0,0.04265581954270601,0.2232223120331764,0.5866931045055389,0.0,1.0409883129796071e-05,4.661901457438944e-05,0.0002810255587974098,0.0008648913149954751,4.238552548940788e-09,0.0880005019903183,43
B,v3_ABD,bert.encoder.layer.5.attention.self.value,5,V,sweep,8,8,1.0,0.003937007874015748,0.003937007874015748,0.007874015748031496,0.0,False,9.254323458662839e-09,0.07823546007275581,0.07823545157909394,24.768770618438722,0.9998985040187836,1.0000980699062347,0.013906325483694672,0.0,0.0515031423792243,0.2774807259440422,0.6727256649732589,0.0,1.8638762903719907e-05,8.88234671583632e-05,0.000870921378955245,0.0014163767616264522,0.5515136769413949,0.5866800719499587,43
B,v3_ABD,bert.encoder.layer.6.intermediate.dense,6,FFN1,sweep,8,8,1.0,0.003937007874015748,0.003937007874015748,0.007874015748031496,0.0,False,0.004162985109724104,0.30944728702306745,0.30656065702438356,104.69942070007325,0.999446286559105,1.0005124533176422,0.03230563933029771,0.0,0.010175460977479815,0.06281054317951203,0.33952089846134187,0.0,3.0394797631743133e-05,0.00014335419298731723,0.0009588161727879196,0.002226387346163392,0.0035067187692038714,0.26545590087771415,43
B,v3_ABD,bert.encoder.layer.6.output.dense,6,FFN2,sweep,8,8,1.0,0.003937007874015748,0.003937007874015748,0.007874015748031496,0.0,False,0.10003252156078815,0.11031586334109306,0.011426356546580791,6.184618577957154,0.9999665844440461,1.0000348222255706,0.008096800772473217,0.0,0.1631302987039089,0.4571312019228935,0.7648683160543441,0.0,2.74746719878749e-05,0.00012743193336063995,0.0009317498654127121,0.00267500868299976,0.10001892156898975,0.11036952212452888,43
B,v3_ABD,bert.encoder.layer.6.attention.self.key,6,K,sweep,8,8,1.0,0.003937007874015748,0.003937007874015748,0.007874015748031496,0.0,False,0.0,0.11953764401376248,0.11953764401376248,42.30737506866455,0.9998074781894684,1.0001929605007172,0.019030778277665375,0.0,0.03134565021842718,0.18490419074892997,0.5371199917793273,0.0,1.8471715702617075e-05,9.69135152263334e-05,0.0004663392991642468,0.000978793683461845,0.5515136727690697,0.6052228492498398,43
B,v3_ABD,bert.encoder.layer.6.attention.output.dense,6,O,sweep,8,8,1.0,0.003937007874015748,0.003937007874015748,0.007874015748031496,0.0,False,0.09996297530829906,0.11225833259522915,0.013660945454612375,7.383913607597351,0.9999493849277497,1.0000515687465668,0.009508321164175867,0.0,0.14012614607810975,0.420698826611042,0.7340691536664963,0.0,3.342193380376557e-05,0.00016236099691013806,0.0011404849321115763,0.0034937497763894497,0.09997514627873898,0.11197081342339515,43
B,v3_ABD,bert.encoder.layer.6.attention.self.query,6,Q,sweep,8,8,1.0,0.003937007874015748,0.003937007874015748,0.007874015748031496,0.0,False,0.0,0.10047297075390815,0.10047297075390815,30.965751476287842,0.9998296439647675,1.000168650150299,0.01777002986520529,0.0,0.04079790994524956,0.2086382855474949,0.5721597313880921,0.0,1.0802135439007543e-05,5.041799708124017e-05,0.00031445915024960416,0.0010369515145430342,4.238552548940788e-09,0.07521602291613817,43
B,v3_ABD,bert.encoder.layer.6.attention.self.value,6,V,sweep,8,8,1.0,0.003937007874015748,0.003937007874015748,0.007874015748031496,0.0,False,0.0,0.07062843769788742,0.07062843769788742,24.476618900299073,0.9998974114656448,1.0001027595996856,0.01397849720902741,0.0,0.05227232933044434,0.2750890171527863,0.672598432302475,0.0,1.8077567765431014e-05,9.098101327253971e-05,0.0009044499002629891,0.0014691036916337906,0.5515136727690697,0.5832311463356018,43
B,v3_ABD,bert.encoder.layer.7.intermediate.dense,7,FFN1,sweep,8,8,1.0,0.003937007874015748,0.003937007874015748,0.007874015748031496,0.0,False,0.004213895706925541,0.3084080609679222,0.3054819792509079,113.86588737487793,0.9992212235927582,1.0007189214229584,0.037767721600830556,0.0,0.009545566560700536,0.05600447487086058,0.29954158335924147,0.0,3.465436264377786e-05,0.00015902193590591195,0.0010961779416538775,0.0025730468367692085,0.0029597833612933755,0.244260935485363,43
B,v3_ABD,bert.encoder.layer.7.output.dense,7,FFN2,sweep,8,8,1.0,0.003937007874015748,0.003937007874015748,0.007874015748031496,0.0,False,0.10004411108791827,0.11023826718330383,0.011327392598614096,6.121920008659362,0.9999669826030732,1.0000355672836303,0.008051006179302931,0.0,0.16473887130618095,0.45973084568977357,0.7658537274599075,0.0,2.6490457476029405e-05,0.0001180891104741022,0.000993219829397276,0.0028985410858877003,0.10002973452210426,0.11007936760783195,43
B,v3_ABD,bert.encoder.layer.7.attention.self.key,7,K,sweep,8,8,1.0,0.003937007874015748,0.003937007874015748,0.007874015748031496,0.0,False,0.0,0.16418705597519875,0.16418705597519875,60.258620796203616,0.9997812962532043,1.0002069509029388,0.020317616164684294,0.0,0.023561522457748653,0.16490863323211669,0.5147396850585938,0.0,1.582178736498463e-05,9.252366624423302e-05,0.00048536786693148315,0.0011338525265455245,0.5515136727690697,0.6253935840725898,43
B,v3_ABD,bert.encoder.layer.7.attention.output.dense,7,O,sweep,8,8,1.0,0.003937007874015748,0.003937007874015748,0.007874015748031496,0.0,False,0.10003642477095127,0.11103743396699428,0.012223841585218907,6.606986441612244,0.9999607127904891,1.0000409483909607,0.008622487047687174,0.0,0.15398625090718268,0.4418569877743721,0.7510262149572372,0.0,2.9265190369187623e-05,0.00013135909008269665,0.0011632592038949951,0.003210447849705815,0.1000160352140665,0.11067660108208656,43
B,v3_ABD,bert.encoder.layer.7.attention.self.query,7,Q,sweep,8,8,1.0,0.003937007874015748,0.003937007874015748,0.007874015748031496,0.0,False,0.0,0.12578283213078975,0.12578283213078975,32.43712772369385,0.9998541128635406,1.0001458060741424,0.01662894992157817,0.0,0.03675672557204962,0.2179658180475235,0.5936005407571793,0.0,7.98593680428894e-06,3.4268252675246914e-05,0.00026470085496839603,0.0009661031421273947,4.238552548940788e-09,0.09456607908010482,43
B,v3_ABD,bert.encoder.layer.7.attention.self.value,7,V,sweep,8,8,1.0,0.003937007874015748,0.003937007874015748,0.007874015748031496,0.0,False,8.320021152030676e-09,0.09873215176165104,0.09873214431107044,34.81069522857666,0.9998855608701706,1.0001144862174989,0.014788971776142716,0.0,0.03908834926784038,0.251798505038023,0.6668064033985138,0.0,1.7919850879479782e-05,9.645525336964056e-05,0.0010123607236891985,0.0015026598027907312,0.5515136769413949,0.5958816185593605,43
B,v3_ABD,bert.encoder.layer.8.intermediate.dense,8,FFN1,sweep,8,8,1.0,0.003937007874015748,0.003937007874015748,0.007874015748031496,0.0,False,0.0022921527503058313,0.3035921216011047,0.30199225306510924,111.53753356933593,0.9992525017261505,1.0006839668750762,0.03711687326431275,0.0,0.009891584385186433,0.055541614070534706,0.3030664199590683,0.0,2.5804057077039034e-05,0.00012116881262045354,0.0011025064028217456,0.0030993223190307617,0.0016706837620586157,0.22642244786024093,43
B,v3_ABD,bert.encoder.layer.8.output.dense,8,FFN2,sweep,8,8,1.0,0.003937007874015748,0.003937007874015748,0.007874015748031496,0.0,False,0.09997898995876313,0.11018645316362381,0.011341359680518508,6.130288596153259,0.999966697692871,1.0000332605838775,0.008077034847810865,0.0,0.16453662052750587,0.4588610506057739,0.7643718874454498,0.0,2.2317430502880597e-05,9.715376596432179e-05,0.0010684655528166332,0.0032044001971371474,0.09999847076833249,0.10990604870021344,43
B,v3_ABD,bert.encoder.layer.8.attention.self.key,8,K,sweep,8,8,1.0,0.003937007874015748,0.003937007874015748,0.007874015748031496,0.0,False,9.254323458662839e-09,0.13017635002732278,0.13017634190618993,46.2473522567749,0.9998141211271286,1.0001820504665375,0.018751074485480787,0.0,0.028864987138658763,0.18418946340680123,0.5516550654172897,0.0,2.1634918757627018e-05,0.00011362753721186892,0.00050934773782501,0.0010929919575573877,0.5515136769413949,0.6099950218200684,43
B,v3_ABD,bert.encoder.layer.8.attention.output.dense,8,O,sweep,8,8,1.0,0.003937007874015748,0.003937007874015748,0.007874015748031496,0.0,False,0.09995833255350589,0.11044618457555772,0.011652629980817437,6.301024675369263,0.9999647814035416,1.0000351345539094,0.008265657601878047,0.0,0.16044809237122537,0.45164523780345917,0.7587184411287308,0.0,2.6259518181177553e-05,0.0001129453485191334,0.0013181120430817827,0.0036539862491190432,0.09999294370412827,0.11018110573291778,43
B,v3_ABD,bert.encoder.layer.8.attention.self.query,8,Q,sweep,8,8,1.0,0.003937007874015748,0.003937007874015748,0.007874015748031496,0.0,False,0.0,0.0952733615040779,0.0952733615040779,29.18504264831543,0.9998096752166749,1.0001866579055787,0.01852568404749036,0.0,0.04333962131291628,0.20933675080537795,0.5549560284614563,0.0,9.750689418979163e-06,4.831055415706942e-05,0.00041852512658806517,0.00172933817259036,0.0,0.07572048276662827,43
B,v3_ABD,bert.encoder.layer.8.attention.self.value,8,V,sweep,8,8,1.0,0.003937007874015748,0.003937007874015748,0.007874015748031496,0.0,False,0.0,0.068477537445724,0.068477537445724,25.152888698577883,0.9998947304487228,1.0001038265228273,0.014122992912307382,0.0,0.05278565164655447,0.2732955077290535,0.6709227907657623,0.0,1.9561179651645944e-05,0.00010330846904253121,0.0010163937869947404,0.0018332508264575153,0.5515136727690697,0.5822666493058205,43
B,v3_ABD,bert.encoder.layer.9.intermediate.dense,9,FFN1,sweep,8,8,1.0,0.003937007874015748,0.003937007874015748,0.007874015748031496,0.0,False,0.004670248934999109,0.2736566025018692,0.27024874806404114,94.188203125,0.9992769223451614,1.0006705164909362,0.03629471227526665,0.0,0.011625993540510535,0.061191823743283746,0.31421439468860624,0.0,1.7543202093293077e-05,7.466798102541361e-05,0.0009643650989164598,0.0028917941404506564,0.0035639106156304477,0.1983625780045986,43
B,v3_ABD,bert.encoder.layer.9.output.dense,9,FFN2,sweep,8,8,1.0,0.003937007874015748,0.003937007874015748,0.007874015748031496,0.0,False,0.10002781353890895,0.11015057168900967,0.011247862242162227,6.069201107025147,0.9999675071239471,1.0000343716144562,0.007989846374839545,0.0,0.16608543187379837,0.46274906188249587,0.7683528435230255,0.0,1.8328213054701338e-05,6.736691273545147e-05,0.0011035551270470022,0.003432187787257135,0.10003458358347415,0.10980876602232456,43
B,v3_ABD,bert.encoder.layer.9.attention.self.key,9,K,sweep,8,8,1.0,0.003937007874015748,0.003937007874015748,0.007874015748031496,0.0,False,0.0,0.1484325970709324,0.1484325970709324,51.11143928527832,0.9998402070999145,1.0001570081710816,0.017394672725349666,0.0,0.02834661301225424,0.20044452875852584,0.5932127690315246,0.0,1.7404393838660324e-05,0.00010432637100166176,0.00045303371152840557,0.0009775830520084127,0.5515136727690697,0.6183591386675835,43
B,v3_ABD,bert.encoder.layer.9.attention.output.dense,9,O,sweep,8,8,1.0,0.003937007874015748,0.003937007874015748,0.007874015748031496,0.0,False,0.09999886594712734,0.10996233604848385,0.01107050689868629,6.002254257202148,0.9999682581424714,1.0000330138206481,0.007913460349664092,0.0,0.16779098570346831,0.46513510167598726,0.7705955076217651,0.0,2.0470125946303597e-05,7.824540691217407e-05,0.0012000025401357561,0.003915955533739179,0.09998839981853962,0.10974113121628762,43
B,v3_ABD,bert.encoder.layer.9.attention.self.query,9,Q,sweep,8,8,1.0,0.003937007874015748,0.003937007874015748,0.007874015748031496,0.0,False,2.238702791146352e-08,0.06603720616549254,0.06603718522936106,21.212105236053468,0.9998702615499496,1.0001276588439942,0.01557610249146819,0.0,0.055717446617782114,0.2473989564180374,0.605282312631607,0.0,5.901235981582431e-06,2.532545393478358e-05,0.0003000810080266092,0.0013035128527553752,1.2715657646822365e-08,0.05477183498442173,43
B,v3_ABD,bert.encoder.layer.9.attention.self.value,9,V,sweep,8,8,1.0,0.003937007874015748,0.003937007874015748,0.007874015748031496,0.0,False,0.0,0.08678394332528114,0.08678394332528114,30.776319961547852,0.9998899126052856,1.000109394788742,0.014470064733177423,0.0,0.047346152253448966,0.2628654119372368,0.6634429639577866,0.0,1.930782054841984e-05,0.00011342546102241613,0.000989365221466869,0.0016679356910753995,0.5515136727690697,0.5906014695763588,43
B,v3_ABD,bert.encoder.layer.10.intermediate.dense,10,FFN1,sweep,8,8,1.0,0.003937007874015748,0.003937007874015748,0.007874015748031496,0.0,False,0.0027400039113126694,0.24215533897280694,0.2400730350613594,77.878588180542,0.9993541550636291,1.0006129848957062,0.03453637387603521,0.0,0.013506604311987757,0.06684542097151279,0.33371136218309405,0.0,1.2562444198920276e-05,3.9201440104079665e-05,0.0007998873444739729,0.0029479529266245664,0.002107059711124748,0.18096849486231803,43
B,v3_ABD,bert.encoder.layer.10.output.dense,10,FFN2,sweep,8,8,1.0,0.003937007874015748,0.003937007874015748,0.007874015748031496,0.0,False,0.10001138873398303,0.10996523886919021,0.011059972038492561,5.959277939796448,0.999968353509903,1.0000309288501739,0.007882845676504076,0.0,0.16914711967110635,0.46927089273929595,0.774262723326683,0.0,1.4113406996330013e-05,4.348543214291567e-05,0.0010664253846334759,0.003563545492943376,0.10000039488077164,0.10960776068270206,43
B,v3_ABD,bert.encoder.layer.10.attention.self.key,10,K,sweep,8,8,1.0,0.003937007874015748,0.003937007874015748,0.007874015748031496,0.0,False,0.0,0.15021845817565918,0.15021845817565918,51.84722980499268,0.9998533242940902,1.0001391875743866,0.01672892052680254,0.0,0.028478875942528247,0.2086455735564232,0.6127709603309631,0.0,1.2904462091682944e-05,7.929055580461863e-05,0.00033705683556036094,0.000892492652637884,0.5515136727690697,0.6189987117052078,43
B,v3_ABD,bert.encoder.layer.10.attention.output.dense,10,O,sweep,8,8,1.0,0.003937007874015748,0.003937007874015748,0.007874015748031496,0.0,False,0.10003280900418758,0.10996263183653354,0.011033540787175299,5.971430130004883,0.9999681788682938,1.0000324010849,0.007901914580725134,0.0,0.16887283504009246,0.46801705002784727,0.7727608579397202,0.0,1.6491517244503483e-05,5.1019022102991584e-05,0.001246162764291512,0.003957498392555863,0.1000374948978424,0.10971669211983681,43
B,v3_ABD,bert.encoder.layer.10.attention.self.query,10,Q,sweep,8,8,1.0,0.003937007874015748,0.003937007874015748,0.007874015748031496,0.0,False,0.0,0.06859135840088129,0.06859135840088129,22.5986376953125,0.9998724794387818,1.0001273381710052,0.015548904929310083,0.0,0.05128856409341097,0.24067457795143127,0.6085434597730637,0.0,3.758213201763283e-06,1.2612268847078667e-05,0.00023202870674140285,0.0011523453576955944,4.238552548940788e-09,0.06713462911546231,43
B,v3_ABD,bert.encoder.layer.10.attention.self.value,10,V,sweep,8,8,1.0,0.003937007874015748,0.003937007874015748,0.007874015748031496,0.0,False,0.0,0.09515331581234932,0.09515331581234932,32.95643953323364,0.9998886758089065,1.0001114559173585,0.014532559383660555,0.0,0.04401608321815729,0.2631345281004906,0.6705893766880036,0.0,1.6815930903248953e-05,0.00012422826643160078,0.0007006702071521431,0.0014925326022785157,0.5515136727690697,0.5942386084794998,43
B,v3_ABD,bert.encoder.layer.11.intermediate.dense,11,FFN1,sweep,8,8,1.0,0.003937007874015748,0.003937007874015748,0.007874015748031496,0.0,False,0.001313879748340696,0.15023488253355027,0.14911692276597022,45.41379848480224,0.9996882688999176,1.0003056669235229,0.024581025186926127,0.0,0.0223314886726439,0.10341905169188977,0.44671912252902984,0.0,6.756528682672069e-06,1.0510265055927449e-05,0.000615499244795501,0.002825220040977001,0.0013016012054868043,0.12878629125654698,43
B,v3_ABD,bert.encoder.layer.11.output.dense,11,FFN2,sweep,8,8,1.0,0.003937007874015748,0.003937007874015748,0.007874015748031496,0.0,False,0.10004317842423915,0.10772036142647266,0.008530611749738454,5.48274742603302,0.9999740236997604,1.0000273776054383,0.007206257944926619,0.0,0.18286107063293458,0.4998758044838905,0.8054294776916504,0.0,9.05055115254072e-06,1.2496066410676576e-05,0.0010255925265300902,0.00350929114734754,0.09999241381883621,0.10621567696332931,43
B,v3_ABD,bert.encoder.layer.11.attention.self.key,11,K,sweep,8,8,1.0,0.003937007874015748,0.003937007874015748,0.007874015748031496,0.0,False,0.0,0.1480160840600729,0.1480160840600729,53.60014633178711,0.9998647451400757,1.0001304459571838,0.01605418846011162,0.0,0.029649717323482035,0.22089069545269013,0.6341063052415847,0.0,1.2558327571241534e-05,6.842338298156392e-05,0.0003278494012192823,0.0010866888926830142,0.5515136727690697,0.6180239319801331,43
B,v3_ABD,bert.encoder.layer.11.attention.output.dense,11,O,sweep,8,8,1.0,0.003937007874015748,0.003937007874015748,0.007874015748031496,0.0,False,0.09997025437653065,0.10923245675861835,0.010290995752438904,5.557499127388001,0.9999724644422531,1.0000289487838745,0.0073900520522147415,0.0,0.18093896463513373,0.4970472848415375,0.8009011399745941,0.0,1.0354274199926295e-05,1.6711287516955055e-05,0.0010586957162013277,0.004639137736521661,0.09998299993574619,0.1092054882645607,43
B,v3_ABD,bert.encoder.layer.11.attention.self.query,11,Q,sweep,8,8,1.0,0.003937007874015748,0.003937007874015748,0.007874015748031496,0.0,False,0.0,0.08867497459053993,0.08867497459053993,27.418220977783204,0.9998789751529693,1.0001217651367187,0.015230551678687334,0.0,0.0441898924857378,0.24234797850251197,0.6276170748472214,0.0,1.9048811225275132e-06,3.835139264083409e-06,0.00015322489016398322,0.0011054440343286841,4.238552548940788e-09,0.07961023181676864,43
B,v3_ABD,bert.encoder.layer.11.attention.self.value,11,V,sweep,8,8,1.0,0.003937007874015748,0.003937007874015748,0.007874015748031496,0.0,False,0.0,0.09853289350867271,0.09853289350867271,39.10138385772705,0.999883902668953,1.000116033554077,0.014837718568742275,0.0,0.04274310793727636,0.2617476622760296,0.6566460746526718,0.0,1.5411799440698816e-05,0.00011639034491963684,0.0007514374476158992,0.002343804526608437,0.5515136727690697,0.5958109548687935,43
B,v3_ABD,bert.encoder.layer.0.intermediate.dense,0,FFN1,sweep,10,10,1.0,0.0009784735812133072,0.0009784735812133072,0.0019569471624266144,0.0,False,0.0001568538584979251,0.26875763684511184,0.2686429327726364,248.95877822875977,0.9999444663524628,1.000051465034485,0.01022328988648951,0.0,0.004455514745786786,0.03683020707219839,0.2578427155315876,0.0,3.738931294719805e-05,0.00013267415546579285,0.0006414402372320183,0.001989153077593073,0.0001993295902502723,0.40835265547037125,43
B,v3_ABD,bert.encoder.layer.0.output.dense,0,FFN2,sweep,10,10,1.0,0.0009784735812133072,0.0009784735812133072,0.0019569471624266144,0.0,False,0.09997506968677045,0.10251525431871414,0.002822348631452769,6.100355777740479,0.9999979704618454,1.0000022506713868,0.001991426770109683,0.0,0.1654750671982765,0.46298159927129745,0.7692148035764694,0.0,2.386688995102304e-05,8.854080795572372e-05,0.0005382326847757213,0.0017156354454346,0.099994715154171,0.10271400950849056,43
B,v3_ABD,bert.encoder.layer.0.attention.self.key,0,K,sweep,10,10,1.0,0.0009784735812133072,0.0009784735812133072,0.0019569471624266144,0.0,False,0.0,0.014934331737458706,0.014934331737458706,23.50585189819336,0.9999920296669006,1.0000080406665801,0.0038645346532575784,0.0,0.05325710952281952,0.24271826967597007,0.6212976932525635,0.0,1.7243483844140427e-05,5.5688485263090113e-05,0.00020172779491986148,0.0004692652418452781,0.5515136727690697,0.5582289388775825,43
B,v3_ABD,bert.encoder.layer.0.attention.output.dense,0,O,sweep,10,10,1.0,0.0009784735812133072,0.0009784735812133072,0.0019569471624266144,0.0,False,0.10000291116535663,0.10253542572259904,0.00281391647644341,6.121633801460266,0.999997923374176,1.0000019311904906,0.002006175429560244,0.0,0.1651216834783554,0.4619952514767647,0.7675366252660751,0.0,3.6861735370621315e-05,0.0001330253180640284,0.0007494217966450378,0.002354685990139842,0.10003144286572933,0.10263290099799632,43
B,v3_ABD,bert.encoder.layer.0.attention.self.query,0,Q,sweep,10,10,1.0,0.0009784735812133072,0.0009784735812133072,0.0019569471624266144,0.0,False,9.156703981716419e-09,0.009228609995916485,0.009228600934147835,15.858065118789673,0.9999916797876358,1.0000085723400116,0.003945176121778787,0.0,0.06691020134836435,0.23806839376688005,0.5763607406616211,0.0,1.0661820174391324e-05,3.9789518868929005e-05,0.00018570476968307048,0.0005468080015270971,8.477105097881576e-09,0.011935522351413964,43
B,v3_ABD,bert.encoder.layer.0.attention.self.value,0,V,sweep,10,10,1.0,0.0009784735812133072,0.0009784735812133072,0.0019569471624266144,0.0,False,0.0,0.012207237547263503,0.012207237547263503,19.865096759796142,0.9999923181533813,1.0000068885087967,0.003754722273442894,0.0,0.06298636484891176,0.2581108708679676,0.625726483464241,0.0,3.138502916044672e-05,9.932968343491666e-05,0.0004543087090132758,0.0010037977242609486,0.5515136727690697,0.557007719874382,43
B,v3_ABD,bert.encoder.layer.1.intermediate.dense,1,FFN1,sweep,10,10,1.0,0.0009784735812133072,0.0009784735812133072,0.0019569471624266144,0.0,False,0.00025037697167135776,0.2359073869884014,0.23571605920791627,206.49219375610352,0.999937629699707,1.000059312582016,0.010704764872789383,0.0,0.005389695325866342,0.04038220830261707,0.25418932422995566,0.0,4.0397227767243745e-05,0.00014319622925540898,0.0006793733942322432,0.001779218550072983,0.00040241241717012597,0.29684075951576233,43
B,v3_ABD,bert.encoder.layer.1.output.dense,1,FFN2,sweep,10,10,1.0,0.0009784735812133072,0.0009784735812133072,0.0019569471624266144,0.0,False,0.09999462455511093,0.10256368100643158,0.002854492792394012,6.19574511051178,0.9999979114532471,1.0000022411346436,0.0020158746745437385,0.0,0.16311293929815293,0.45852297425270083,0.7659422826766967,0.0,2.8397303376550555e-05,0.00010541753850702662,0.0006330575307947583,0.0019952700985595585,0.10000239990651608,0.10296377874910831,43
B,v3_ABD,bert.encoder.layer.1.attention.self.key,1,K,sweep,10,10,1.0,0.0009784735812133072,0.0009784735812133072,0.0019569471624266144,0.0,False,7.839153113309294e-09,0.021815495248883963,0.0218154875934124,29.870159816741943,0.9999910026788712,1.0000087577104568,0.004095710422843695,0.0,0.04457760725170374,0.22828638002276422,0.6021167111396789,0.0,1.957763407517632e-05,7.266214823175687e-05,0.0003101501672063023,0.000902841703791637,0.5515136769413949,0.5613221269845963,43
B,v3_ABD,bert.encoder.layer.1.attention.output.dense,1,O,sweep,10,10,1.0,0.0009784735812133072,0.0009784735812133072,0.0019569471624266144,0.0,False,0.09996449247002602,0.10249488279223443,0.0028114320640452205,6.127554960250855,0.9999979394674301,1.0000018501281738,0.0020031843869946896,0.0,0.16480790182948113,0.4610888138413429,0.767344668507576,0.0,3.622733731390326e-05,0.0001340143717970932,0.0008198762490064837,0.002429652906721458,0.09998634032905102,0.10271554782986642,43
B,v3_ABD,bert.encoder.layer.1.attention.self.query,1,Q,sweep,10,10,1.0,0.0009784735812133072,0.0009784735812133072,0.0019569471624266144,0.0,False,9.497325663687661e-09,0.0180246520601213,0.018024642765522004,23.112981567382814,0.9999903386831284,1.0000087410211562,0.0042577542830258604,0.0,0.04932196632027626,0.21361219361424447,0.5713316524028778,0.0,1.5019588490758906e-05,5.92178345323191e-05,0.0003098793675599154,0.0012971482868306338,4.238552548940788e-09,0.02082906534895301,43
B,v3_ABD,bert.encoder.layer.1.attention.self.value,1,V,sweep,10,10,1.0,0.0009784735812133072,0.0009784735812133072,0.0019569471624266144,0.0,False,1.1989717449978343e-08,0.019147342164069416,0.019147330410778523,26.186868171691895,0.9999909710884094,1.0000090599060059,0.004049525284208357,0.0,0.05127166628837585,0.23741171076893808,0.6089811378717422,0.0,2.7813898159365637e-05,0.00010294256622728426,0.0005765071205678395,0.0017457704816479236,0.5515136769413949,0.5601131784915924,43
B,v3_ABD,bert.encoder.layer.2.intermediate.dense,2,FFN1,sweep,10,10,1.0,0.0009784735812133072,0.0009784735812133072,0.0019569471624266144,0.0,False,0.0006057416804833338,0.19602597132325172,0.19553869634866713,156.0453157043457,0.9999490755796433,1.0000481641292571,0.009705029930919408,0.0,0.006984097198583185,0.047662607729434966,0.2885876139998436,0.0,3.4306456254853404e-05,0.0001386485612601973,0.0007072837569285184,0.0016901157447136938,0.0008503140421817079,0.24618129476904868,43
B,v3_ABD,bert.encoder.layer.2.output.dense,2,FFN2,sweep,10,10,1.0,0.0009784735812133072,0.0009784735812133072,0.0019569471624266144,0.0,False,0.10000373348593712,0.10304070554673672,0.003374424516223371,7.358578567504883,0.9999968254566193,1.0000035077333451,0.0023606245568953453,0.0,0.1415167884528637,0.42476928114891055,0.7364331233501434,0.0,3.1705551882623696e-05,0.00013578158686868846,0.0008489597681909799,0.0029228770185727626,0.10001804448664188,0.10361031115055085,43
B,v3_ABD,bert.encoder.layer.2.attention.self.key,2,K,sweep,10,10,1.0,0.0009784735812133072,0.0009784735812133072,0.0019569471624266144,0.0,False,2.1048380176580396e-08,0.04363815562799573,0.043638135250657795,33.83222434997558,0.9999908757209778,1.000008888244629,0.004138301457278431,0.0,0.040416757985949514,0.22222232311964035,0.5997126537561417,0.0,1.7949771299754504e-05,6.444497656048043e-05,0.00025710530098876916,0.0006028971343766898,0.5515136817097663,0.5715820550918579,43
B,v3_ABD,bert.encoder.layer.2.attention.output.dense,2,O,sweep,10,10,1.0,0.0009784735812133072,0.0009784735812133072,0.0019569471624266144,0.0,False,0.09999511182308198,0.10264914117753506,0.002948902412317693,6.421129398345947,0.9999977385997773,1.000002035498619,0.0020817991718649863,0.0,0.15816815972328185,0.45024104803800585,0.7588007485866547,0.0,3.317317001346964e-05,0.00012997984878893476,0.0007991383143234998,0.0024104915687348694,0.09998515747487545,0.10314523957669736,43
B,v3_ABD,bert.encoder.layer.2.attention.self.query,2,Q,sweep,10,10,1.0,0.0009784735812133072,0.0009784735812133072,0.0019569471624266144,0.0,False,9.156703981716419e-09,0.15252888962626457,0.15252888187766075,27.75241708755493,0.9999890494346618,1.000010634660721,0.004477841793559491,0.0,0.03957029342651367,0.19405443519353865,0.528431778550148,0.0,1.1637707975751255e-05,4.962732236890588e-05,0.00024966679498902524,0.0007371644140221178,4.238552548940788e-09,0.0832384243607521,43
B,v3_ABD,bert.encoder.layer.2.attention.self.value,2,V,sweep,10,10,1.0,0.0009784735812133072,0.0009784735812133072,0.0019569471624266144,0.0,False,0.0,0.0241240637563169,0.0241240637563169,29.95006700515747,0.9999924486875534,1.0000080901384354,0.003752879595849663,0.0,0.04698682118207216,0.25189138397574423,0.649496129155159,0.0,2.974574872496305e-05,0.00011254541735979729,0.0006689969627768732,0.0013893556187395007,0.5515136727690697,0.5624214687943458,43
B,v3_ABD,bert.encoder.layer.3.intermediate.dense,3,FFN1,sweep,10,10,1.0,0.0009784735812133072,0.0009784735812133072,0.0019569471624266144,0.0,False,0.0011632577329874039,0.18970805302262306,0.1887643864750862,236.94977600097656,0.9999582749605179,1.000039633512497,0.008818450896069408,0.0,0.007784058596007526,0.052965421378612515,0.31992599964141843,0.0,3.083882607825217e-05,0.00013121746713295579,0.0006946000040625222,0.0017014535411726684,0.0013012303318828344,0.19524111166596414,43
B,v3_ABD,bert.encoder.layer.3.output.dense,3,FFN2,sweep,10,10,1.0,0.0009784735812133072,0.0009784735812133072,0.0019569471624266144,0.0,False,0.10002281211316585,0.10273128777742385,0.003009493388235569,6.546457400321961,0.999997631907463,1.000002401471138,0.002120726990979165,0.0,0.15541231736540795,0.44482425689697264,0.75352059841156,0.0,2.832630416378379e-05,0.00012127388290537056,0.0007390790272620507,0.002338154240278527,0.09999550357460976,0.10300211228430271,43
B,v3_ABD,bert.encoder.layer.3.attention.self.key,3,K,sweep,10,10,1.0,0.0009784735812133072,0.0009784735812133072,0.0019569471624266144,0.0,False,8.7505600276927e-09,0.021038653831928968,0.021038645263761282,28.463603439331056,0.9999912929534912,1.0000087743997574,0.004053061162121594,0.0,0.04415989525616169,0.2268643343448639,0.6019470775127411,0.0,1.8151479507650948e-05,7.49206759792287e-05,0.0002832922723609954,0.0006319473049370572,0.5515136769413949,0.5609738084673882,43
B,v3_ABD,bert.encoder.layer.3.attention.output.dense,3,O,sweep,10,10,1.0,0.0009784735812133072,0.0009784735812133072,0.0019569471624266144,0.0,False,0.1000206008553505,0.10434305593371392,0.004802836910821498,10.425445909500121,0.9999933397769928,1.000006493330002,0.0031855786498636005,0.0,0.1063639659434557,0.3735564997792244,0.6956144154071808,0.0,4.6477041178150105e-05,0.00022487256006570533,0.0014123039750847965,0.005186324187088758,0.09999719485640526,0.10475308001041413,43
B,v3_ABD,bert.encoder.layer.3.attention.self.query,3,Q,sweep,10,10,1.0,0.0009784735812133072,0.0009784735812133072,0.0019569471624266144,0.0,False,0.0,0.014457423500716686,0.014457423500716686,18.07938039779663,0.9999923408031464,1.0000074017047882,0.0037777885538525877,0.0,0.06058271516114473,0.2527865880727768,0.6175295144319535,0.0,9.853241976998106e-06,4.2349645100330234e-05,0.00022072209598263725,0.0007292516218149103,4.238552548940788e-09,0.017011324856430293,43
B,v3_ABD,bert.encoder.layer.3.attention.self.value,3,V,sweep,10,10,1.0,0.0009784735812133072,0.0009784735812133072,0.0019569471624266144,0.0,False,1.8823411664925517e-08,0.0177906178124249,0.017790599297732114,25.29671154022217,0.9999926435947418,1.0000070840120316,0.0036816612910479307,0.0,0.053287432454526426,0.2632959055900574,0.6524950820207596,0.0,2.678086999367224e-05,0.00011839770784717985,0.000633242066251114,0.0012014586274744943,0.5515136811137199,0.5595098784565926,43
B,v3_ABD,bert.encoder.layer.4.intermediate.dense,4,FFN1,sweep,10,10,1.0,0.0009784735812133072,0.0009784735812133072,0.0019569471624266144,0.0,False,0.0006200470245676115,0.17130039781332015,0.17078625947237014,180.95418655395508,0.9999605166912079,1.0000379800796508,0.008574276166036725,0.0,0.008895071586593986,0.05849613886326552,0.3276772278547287,0.0,3.09926639238256e-05,0.00013827634138579014,0.0007349229246028699,0.001738227034220472,0.0006330129905836656,0.16075303986668588,43
B,v3_ABD,bert.encoder.layer.4.output.dense,4,FFN2,sweep,10,10,1.0,0.0009784735812133072,0.0009784735812133072,0.0019569471624266144,0.0,False,0.10004472859203815,0.10274502120912075,0.00300047054188326,6.521104879379273,0.9999977004528046,1.0000025182962418,0.0021059751557186246,0.0,0.15542295709252357,0.44355377346277236,0.7527513825893402,0.0,2.9448691784637048e-05,0.00012843043099564967,0.0008137281239032746,0.0025257522077299656,0.10001807823777199,0.10287037402391434,43
B,v3_ABD,bert.encoder.layer.4.attention.self.key,4,K,sweep,10,10,1.0,0.0009784735812133072,0.0009784735812133072,0.0019569471624266144,0.0,False,0.0,0.029684712179005146,0.029684712179005146,38.21101711273193,0.9999889147281646,1.000010974407196,0.004548562206327916,0.0,0.034045146107673646,0.1964828236401081,0.5613345843553543,0.0,1.991433794501063e-05,9.23057776526548e-05,0.00033957706356886776,0.0007201105254353024,0.5515136727690697,0.5648747098445892,43
B,v3_ABD,bert.encoder.layer.4.attention.output.dense,4,O,sweep,10,10,1.0,0.0009784735812133072,0.0009784735812133072,0.0019569471624266144,0.0,False,0.09995233237743378,0.10360588602721692,0.004059293435420841,8.81546368598938,0.9999952614307404,1.000004518032074,0.002752092396840453,0.0,0.1226093202084303,0.39758126258850096,0.7149511867761612,0.0,3.9387569086102306e-05,0.0001983808154182043,0.0012545459519606084,0.00438101664185524,0.0999851317703724,0.10386516660451889,43
B,v3_ABD,bert.encoder.layer.4.attention.self.query,4,Q,sweep,10,10,1.0,0.0009784735812133072,0.0009784735812133072,0.0019569471624266144,0.0,False,0.0,0.016944132372736932,0.016944132372736932,22.178475379943848,0.9999913489818573,1.0000091421604156,0.004028471698984504,0.0,0.051471483521163465,0.2314961840212345,0.592433875799179,0.0,1.0555831977399066e-05,4.533878989605e-05,0.0002688847281388007,0.0008149076681002043,0.0,0.014676056010648609,43
B,v3_ABD,bert.encoder.layer.4.attention.self.value,4,V,sweep,10,10,1.0,0.0009784735812133072,0.0009784735812133072,0.0019569471624266144,0.0,False,0.0,0.018976962622255088,0.018976962622255088,25.45544469833374,0.9999929589033126,1.0000071334838867,0.0036317915469408035,0.0,0.051083906777203085,0.2641416278481483,0.6567527133226395,0.0,2.03564012372226e-05,9.038877946295543e-05,0.000753035745001398,0.001350420115632005,0.5515136727690697,0.5600356861948967,43
B,v3_ABD,bert.encoder.layer.5.intermediate.dense,5,FFN1,sweep,10,10,1.0,0.0009784735812133072,0.0009784735812133072,0.0019569471624266144,0.0,False,0.0005463019796297885,0.14998904079198838,0.1495244337618351,117.15384307861328,0.9999648034572601,1.0000344955921172,0.008081057723611593,0.0,0.010422712936997414,0.0654805351048708,0.3500478371977806,0.0,2.830088258633623e-05,0.00012972356045793277,0.0008261882868828252,0.0020017606182955207,0.0004579480513348244,0.1229902808368206,43
B,v3_ABD,bert.encoder.layer.5.output.dense,5,FFN2,sweep,10,10,1.0,0.0009784735812133072,0.0009784735812133072,0.0019569471624266144,0.0,False,0.09999229736626149,0.10263066537678242,0.0029314989037811756,6.366180405616761,0.9999978101253509,1.0000022661685943,0.0020630391011945905,0.0,0.15882378444075584,0.4494497573375702,0.7581666845083237,0.0,2.824700028213556e-05,0.00012828141072532162,0.0008405559035600163,0.0025850406987592577,0.09998565308749675,0.10269315980374813,43
B,v3_ABD,bert.encoder.layer.5.attention.self.key,5,K,sweep,10,10,1.0,0.0009784735812133072,0.0009784735812133072,0.0019569471624266144,0.0,False,0.0,0.0330560889095068,0.0330560889095068,37.234687309265134,0.9999897599220275,1.0000102961063384,0.004402372594922781,0.0,0.034124477058649065,0.20110253036022185,0.5724480140209198,0.0,1.7653519680607133e-05,8.911701708711916e-05,0.00033958671323489395,0.0007131746498635038,0.5515136727690697,0.5664004954695702,43
B,v3_ABD,bert.encoder.layer.5.attention.output.dense,5,O,sweep,10,10,1.0,0.0009784735812133072,0.0009784735812133072,0.0019569471624266144,0.0,False,0.10000093296170234,0.1035611441731453,0.00395579771604389,8.603683938980103,0.9999955832958222,1.0000037068128587,0.00270633636508137,0.0,0.12343296341598034,0.3960306411981583,0.7135332477092743,0.0,3.886787830197136e-05,0.0001926252844714327,0.0013010187674080953,0.004213856821879744,0.100008410140872,0.10365157753229141,43
B,v3_ABD,bert.encoder.layer.5.attention.self.query,5,Q,sweep,10,10,1.0,0.0009784735812133072,0.0009784735812133072,0.0019569471624266144,0.0,False,9.221553227689583e-09,0.032228971906006335,0.03222896296530962,28.17848804473877,0.9999904477596283,1.0000095051527023,0.004204903501085937,0.0,0.04300050705671311,0.22394807234406472,0.5879285109043121,0.0,1.0311670853297984e-05,4.626643103620154e-05,0.00028021929727401585,0.0008961484101018868,8.477105097881576e-09,0.026259723398834468,43
B,v3_ABD,bert.encoder.layer.5.attention.self.value,5,V,sweep,10,10,1.0,0.0009784735812133072,0.0009784735812133072,0.0019569471624266144,0.0,False,0.0,0.021347638312727214,0.021347638312727214,24.861366024017332,0.9999937111139298,1.0000060510635376,0.0034606041572988033,0.0,0.05142448604106903,0.27769203394651415,0.6726553225517273,0.0,1.8626395176397635e-05,8.921990684029879e-05,0.0008662986324634403,0.001392331001115963,0.5515136727690697,0.5611127212643623,43
B,v3_ABD,bert.encoder.layer.6.intermediate.dense,6,FFN1,sweep,10,10,1.0,0.0009784735812133072,0.0009784735812133072,0.0019569471624266144,0.0,False,0.0002815788923180662,0.14466386422514915,0.144422959536314,107.59272865295411,0.9999627369642258,1.0000355529785157,0.008316594259813428,0.0,0.010184911079704762,0.06304439533501864,0.3405165067315102,0.0,3.0085486905591096e-05,0.00014340158173581586,0.0010279197443742304,0.0022361067635938525,0.00022985246600001118,0.11483091436326504,43
B,v3_ABD,bert.encoder.layer.6.output.dense,6,FFN2,sweep,10,10,1.0,0.0009784735812133072,0.0009784735812133072,0.0019569471624266144,0.0,False,0.10003251269459724,0.10259662248194218,0.002849113275296986,6.189629302024842,0.9999979281425476,1.0000018435716629,0.002013226787094027,0.0,0.16299227982759476,0.4568738770484924,0.7645712649822235,0.0,2.721373395615956e-05,0.00012563006428536027,0.0009220220291172155,0.0026889987057074904,0.10001891732215881,0.10259211711585521,43
B,v3_ABD,bert.encoder.layer.6.attention.self.key,6,K,sweep,10,10,1.0,0.0009784735812133072,0.0009784735812133072,0.0019569471624266144,0.0,False,0.0,0.03409084852784872,0.03409084852784872,42.688268394470214,0.9999880188703537,1.000011990070343,0.004740455378778279,0.0,0.03120439259335399,0.18550945609807967,0.5395185720920562,0.0,1.838989549469261e-05,9.651655062043574e-05,0.0004584835917921737,0.0009445474680978805,0.5515136727690697,0.5668387988209724,43
B,v3_ABD,bert.encoder.layer.6.attention.output.dense,6,O,sweep,10,10,1.0,0.0009784735812133072,0.0009784735812133072,0.0019569471624266144,0.0,False,0.09996297530829906,0.10299885027110577,0.003373054952826351,7.31960159778595,0.9999969416856765,1.0000027847290038,0.0023444499191828073,0.0,0.14105481863021851,0.42185350477695466,0.7348036801815033,0.0,3.2965094778774076e-05,0.0001574894537043292,0.0012084384012268855,0.0035156688932329416,0.09997514627873898,0.10294493854045868,43
B,v3_ABD,bert.encoder.layer.6.attention.self.query,6,Q,sweep,10,10,1.0,0.0009784735812133072,0.0009784735812133072,0.0019569471624266144,0.0,False,1.9326681695019944e-08,0.029461921472102404,0.0294619026966393,31.31527254104614,0.9999893397092819,1.0000107181072235,0.0044410736998543145,0.0,0.040505340099334715,0.20817054629325868,0.5715664052963256,0.0,1.0741338119260036e-05,5.098418238048907e-05,0.0003261057591589633,0.001035608630045317,8.477105097881576e-09,0.02183228833600879,43
B,v3_ABD,bert.encoder.layer.6.attention.self.value,6,V,sweep,10,10,1.0,0.0009784735812133072,0.0009784735812133072,0.0019569471624266144,0.0,False,0.0,0.018795149959623815,0.018795149959623815,24.77258104324341,0.9999936205148697,1.0000068688392638,0.0034849427849985657,0.0,0.05187163632363081,0.274411661028862,0.6721581327915191,0.0,1.796188018488465e-05,9.046485844010022e-05,0.0009076839772751555,0.0014758913300465793,0.5515136727690697,0.5599525046348571,43
B,v3_ABD,bert.encoder.layer.7.intermediate.dense,7,FFN1,sweep,10,10,1.0,0.0009784735812133072,0.0009784735812133072,0.0019569471624266144,0.0,False,0.0002678428120270837,0.1299999653548002,0.12976689264178276,112.25832054138183,0.999949654340744,1.0000489342212677,0.009557561054825782,0.0,0.009687920110300183,0.05679951522499323,0.30427524715662,0.0,3.353237842020462e-05,0.00015335510455770417,0.0011029093648539856,0.0026007226412184535,0.00019306500893435442,0.09689511701464654,43
B,v3_ABD,bert.encoder.layer.7.output.dense,7,FFN2,sweep,10,10,1.0,0.0009784735812133072,0.0009784735812133072,0.0019569471624266144,0.0,False,0.10004411108791827,0.10255647867918015,0.0027916532335802912,6.104094676971435,0.9999979674816132,1.000002037882805,0.0019954402022995055,0.0,0.1651921871304512,0.46051090836524966,0.7663681393861771,0.0,2.605144058179576e-05,0.0001150568083539838,0.0010006844851886854,0.0029118248634040357,0.10002973452210426,0.1025143526494503,43
B,v3_ABD,bert.encoder.layer.7.attention.self.key,7,K,sweep,10,10,1.0,0.0009784735812133072,0.0009784735812133072,0.0019569471624266144,0.0,False,0.0,0.05122243497520685,0.05122243497520685,60.54243824005127,0.9999862974882125,1.0000133693218232,0.005077178096398711,0.0,0.023453612457960845,0.16576119318604468,0.517418400645256,0.0,1.5805429884494516e-05,9.24523708090419e-05,0.00048533949011471124,0.0011340180115075782,0.5515136727690697,0.5745894101262092,43
B,v3_ABD,bert.encoder.layer.7.attention.output.dense,7,O,sweep,10,10,1.0,0.0009784735812133072,0.0009784735812133072,0.0019569471624266144,0.0,False,0.10003642477095127,0.10275917209684848,0.0030253977444954215,6.600438470840454,0.9999975913763046,1.000002799630165,0.0021399356028996407,0.0,0.15405297324061393,0.4418054434657097,0.7509028124809265,0.0,2.875767579098465e-05,0.00012770061330229509,0.001264869641745463,0.0032458283682353793,0.1000160352140665,0.10265271164476872,43
B,v3_ABD,bert.encoder.layer.7.attention.self.query,7,Q,sweep,10,10,1.0,0.0009784735812133072,0.0009784735812133072,0.0019569471624266144,0.0,False,0.0,0.03768447533249855,0.03768447533249855,31.789700984954834,0.9999909895658493,1.0000090599060059,0.00412983987480402,0.0,0.03734341785311699,0.22001080185174943,0.596067127585411,0.0,7.836051613594464e-06,3.35586889195838e-05,0.0002613991425459972,0.0009741357091115788,0.0,0.02755041781812906,43
B,v3_ABD,bert.encoder.layer.7.attention.self.value,7,V,sweep,10,10,1.0,0.0009784735812133072,0.0009784735812133072,0.0019569471624266144,0.0,False,0.0,0.02795416783541441,0.02795416783541441,35.390060653686525,0.99999287545681,1.000007113814354,0.0036889803456142544,0.0,0.038507248684763906,0.2514971296489239,0.66669118642807,0.0,1.792147807464062e-05,9.73746228919481e-05,0.0010190563718788326,0.0015241924859583378,0.5515136727690697,0.564077787399292,43
B,v3_ABD,bert.encoder.layer.8.intermediate.dense,8,FFN1,sweep,10,10,1.0,0.0009784735812133072,0.0009784735812133072,0.0019569471624266144,0.0,False,0.00023329044721322135,0.12667715445160865,0.12647337384521962,110.02242301940917,0.9999508863687515,1.000048314332962,0.009461941616609692,0.0,0.010020323824137449,0.05605199117213488,0.3062640616297722,0.0,2.5968595618905965e-05,0.00012128631577070337,0.0011223628319567069,0.0031233650841750206,0.00014806747618422377,0.0865450219810009,43
B,v3_ABD,bert.encoder.layer.8.output.dense,8,FFN2,sweep,10,10,1.0,0.0009784735812133072,0.0009784735812133072,0.0019569471624266144,0.0,False,0.09997898995876313,0.1025000760704279,0.00280114155029878,6.108848199844361,0.9999979501962661,1.0000023186206817,0.002000859659165144,0.0,0.1650760592520237,0.45985894799232485,0.7650774627923965,0.0,2.2336987385642714e-05,9.63098531065043e-05,0.0010747353837359697,0.0031961997575126588,0.09999847076833249,0.10245185069739819,43
B,v3_ABD,bert.encoder.layer.8.attention.self.key,8,K,sweep,10,10,1.0,0.0009784735812133072,0.0009784735812133072,0.0019569471624266144,0.0,False,0.0,0.03917931936681271,0.03917931936681271,47.88472103118897,0.9999884611368179,1.0000116002559662,0.004669205108657479,0.0,0.02818461913615465,0.1844193507730961,0.5547394114732742,0.0,2.046278211309982e-05,0.00010763860518636648,0.000492408438003622,0.0010754568909760564,0.5515136727690697,0.5691321969032288,43
B,v3_ABD,bert.encoder.layer.8.attention.output.dense,8,O,sweep,10,10,1.0,0.0009784735812133072,0.0009784735812133072,0.0019569471624266144,0.0,False,0.09995832398533822,0.10255225747823715,0.0028820146340876817,6.270791544914245,0.9999978548288345,1.0000020521879196,0.002044761385768652,0.0,0.16115419939160347,0.4529727041721344,0.7599198633432388,0.0,2.64515354501782e-05,0.00011258172438829207,0.0013895442517241462,0.003630153506528586,0.09999293945729733,0.10251840457320213,43
B,v3_ABD,bert.encoder.layer.8.attention.self.query,8,Q,sweep,10,10,1.0,0.0009784735812133072,0.0009784735812133072,0.0019569471624266144,0.0,False,7.35640298898943e-09,0.03403397839516401,0.034033971317112444,33.44234094619751,0.9999872130155564,1.0000131130218506,0.004801652021706104,0.0,0.03867799248546362,0.19801264122128487,0.54236512362957,0.0,1.0234127039439045e-05,5.025247519370168e-05,0.0004448135237907991,0.0017906569491606206,8.477105097881576e-09,0.025769513659179212,43
B,v3_ABD,bert.encoder.layer.8.attention.self.value,8,V,sweep,10,10,1.0,0.0009784735812133072,0.0009784735812133072,0.0019569471624266144,0.0,False,0.0,0.01919975347816944,0.01919975347816944,26.436793708801268,0.9999933803081512,1.0000066673755645,0.0035412586806342007,0.0,0.05094392798840999,0.2706951153278351,0.6699554264545441,0.0,1.860874414887803e-05,9.821562565775821e-05,0.0010238139348803087,0.0019452498736791312,0.5515136727690697,0.5601412811875344,43
B,v3_ABD,bert.encoder.layer.9.intermediate.dense,9,FFN1,sweep,10,10,1.0,0.0009784735812133072,0.0009784735812133072,0.0019569471624266144,0.0,False,0.001114382876548916,0.11270374365150929,0.11171385824680329,93.27292297363282,0.9999524050951004,1.0000463366508483,0.009262420563027262,0.0,0.01172148371115327,0.06146991465240717,0.3152506059408188,0.0,1.7978454025069368e-05,7.659011098439805e-05,0.0009659332718001679,0.002888926984742284,0.0009692700789310038,0.07481747817248106,43
B,v3_ABD,bert.encoder.layer.9.output.dense,9,FFN2,sweep,10,10,1.0,0.0009784735812133072,0.0009784735812133072,0.0019569471624266144,0.0,False,0.10002782218158245,0.10253118261694909,0.0027815993968397378,6.056469984054566,0.9999980002641677,1.000001911520958,0.001982032108353451,0.0,0.16641162365674972,0.4634445104002953,0.7691162639856338,0.0,1.8721808382906603e-05,6.892306824738625e-05,0.001108526220486965,0.003455386688001454,0.1000345878303051,0.10245999328792095,43
B,v3_ABD,bert.encoder.layer.9.attention.self.key,9,K,sweep,10,10,1.0,0.0009784735812133072,0.0009784735812133072,0.0019569471624266144,0.0,False,0.0,0.04850002404302359,0.04850002404302359,52.05362293243408,0.9999900048971176,1.0000102692842483,0.004345177654176951,0.0,0.02803502045571804,0.20116967484354972,0.5962922000885009,0.0,1.7204468640557025e-05,0.00010385431953181978,0.00044604189868550746,0.0009703889710363001,0.5515136727690697,0.5733987838029861,43
B,v3_ABD,bert.encoder.layer.9.attention.output.dense,9,O,sweep,10,10,1.0,0.0009784735812133072,0.0009784735812133072,0.0019569471624266144,0.0,False,0.09999887555837632,0.10248168542981148,0.002758673350326717,6.001083016395569,0.9999980604648591,1.0000022196769713,0.001966340026119724,0.0,0.16783653169870377,0.46529638826847075,0.7707652360200882,0.0,2.0828389351663646e-05,8.005565203347942e-05,0.0012151307679596358,0.0038859902718104424,0.09998840406537056,0.1024123939871788,43
B,v3_ABD,bert.encoder.layer.9.attention.self.query,9,Q,sweep,10,10,1.0,0.0009784735812133072,0.0009784735812133072,0.0019569471624266144,0.0,False,0.0,0.019991363007575272,0.019991363007575272,22.053033924102785,0.9999920171499252,1.0000081431865693,0.0038652646890841424,0.0,0.054513754919171334,0.24820520237088203,0.607519258260727,0.0,6.0218730777705784e-06,2.5568394448782783e-05,0.0003056649256905075,0.0013409884739667176,8.477105097881576e-09,0.015613628076389432,43
B,v3_ABD,bert.encoder.layer.9.attention.self.value,9,V,sweep,10,10,1.0,0.0009784735812133072,0.0009784735812133072,0.0019569471624266144,0.0,False,1.0416666782475659e-08,0.0252186375297606,0.025218627359718086,31.199826107025146,0.9999931269884109,1.000006964802742,0.0036103452276438474,0.0,0.04713504020124674,0.2630475941300392,0.6634224480390549,0.0,1.9213233863411005e-05,0.00011244814537349157,0.0009938283497467637,0.0017113172274548561,0.5515136775374413,0.5628905731439591,43
B,v3_ABD,bert.encoder.layer.10.intermediate.dense,10,FFN1,sweep,10,10,1.0,0.0009784735812133072,0.0009784735812133072,0.0019569471624266144,0.0,False,0.0004493871159502305,0.09455585472285748,0.09414877459406852,76.99637062072753,0.9999582684040069,1.0000415456295013,0.008759365612640978,0.0,0.013652095030993223,0.06703711912035942,0.33347486674785615,0.0,1.2924413949804148e-05,4.048925891765975e-05,0.0008074573415797204,0.0029809175594709813,0.00040962219733046366,0.06476603593677283,43
B,v3_ABD,bert.encoder.layer.10.output.dense,10,FFN2,sweep,10,10,1.0,0.0009784735812133072,0.0009784735812133072,0.0019569471624266144,0.0,False,0.1000113982707262,0.10247460402548313,0.0027369303139857947,5.950349111557006,0.9999980628490448,1.000002014040947,0.001956376008456573,0.0,0.16937793552875519,0.4696738502383232,0.7743738842010498,0.0,1.4505028020721512e-05,4.481587748159654e-05,0.0010682642071333248,0.0035641626291908323,0.10000040337443351,0.10238553866744042,43
B,v3_ABD,bert.encoder.layer.10.attention.self.key,10,K,sweep,10,10,1.0,0.0009784735812133072,0.0009784735812133072,0.0019569471624266144,0.0,False,0.0,0.04862490516155958,0.04862490516155958,52.422948036193844,0.9999906808137894,1.0000086641311645,0.004210770204663277,0.0,0.028040950894355775,0.20759767353534697,0.6121391236782074,0.0,1.312444045652228e-05,8.146421092533273e-05,0.00034129424195270984,0.0009095320740016178,0.5515136727690697,0.5733888044953346,43
B,v3_ABD,bert.encoder.layer.10.attention.output.dense,10,O,sweep,10,10,1.0,0.0009784735812133072,0.0009784735812133072,0.0019569471624266144,0.0,False,0.10003280900418758,0.10250759996473789,0.0027498679026030006,5.982927255630493,0.9999980437755585,1.0000019979476928,0.0019674593955278396,0.0,0.16858718261122704,0.46743402868509293,0.7722135472297669,0.0,1.6866655760168213e-05,5.4275914808386e-05,0.001261713365383912,0.00396311025833711,0.1000374948978424,0.10244547590613365,43
B,v3_ABD,bert.encoder.layer.10.attention.self.query,10,Q,sweep,10,10,1.0,0.0009784735812133072,0.0009784735812133072,0.0019569471624266144,0.0,False,0.0,0.017755435341969134,0.017755435341969134,22.308714504241944,0.999992161989212,1.000008066892624,0.0038532921811565758,0.0,0.05177170794457197,0.24172787517309188,0.6098117345571518,0.0,3.908353141923726e-06,1.3154482903701137e-05,0.00023949144288053502,0.001148230652906932,0.0,0.01724108397960663,43
B,v3_ABD,bert.encoder.layer.10.attention.self.value,10,V,sweep,10,10,1.0,0.0009784735812133072,0.0009784735812133072,0.0019569471624266144,0.0,False,0.0,0.027300007380545138,0.027300007380545138,32.987953453063966,0.9999930173158645,1.0000078332424165,0.0036390625662170353,0.0,0.04367961958050728,0.2613380053639412,0.6694211775064468,0.0,1.6926849521041732e-05,0.00012582716524775606,0.0007362247974378989,0.00146621850959491,0.5515136727690697,0.5637895506620407,43
B,v3_ABD,bert.encoder.layer.11.intermediate.dense,11,FFN1,sweep,10,10,1.0,0.0009784735812133072,0.0009784735812133072,0.0019569471624266144,0.0,False,8.496415422996506e-05,0.05088091373443603,0.05080026548355818,45.49196319580078,0.999980291724205,1.0000195145606994,0.006181401666253805,0.0,0.02230165306478739,0.10257339417934418,0.4437510171532631,0.0,6.775052147531824e-06,1.0485793955012924e-05,0.0006016642880058498,0.0028408350329846145,8.266449069196824e-05,0.04122771192342043,43
B,v3_ABD,bert.encoder.layer.11.output.dense,11,FFN2,sweep,10,10,1.0,0.0009784735812133072,0.0009784735812133072,0.0019569471624266144,0.0,False,0.10004318669438363,0.10194776266813278,0.002116296754684299,5.484071588516235,0.9999984169006347,1.000001471042633,0.0017913683771621435,0.0,0.18280458435416222,0.4997499778866768,0.8051929533481598,0.0,9.065684880624758e-06,1.2595859207067406e-05,0.001032751567872765,0.0035240086610428987,0.09999241806566715,0.10147929422557354,43
B,v3_ABD,bert.encoder.layer.11.attention.self.key,11,K,sweep,10,10,1.0,0.0009784735812133072,0.0009784735812133072,0.0019569471624266144,0.0,False,9.254323458662839e-09,0.04684434700757265,0.04684433825314045,52.628476753234864,0.9999915033578872,1.0000083309412002,0.004019594904966652,0.0,0.0298906016536057,0.221506070792675,0.6350461202859878,0.0,1.3072086239844794e-05,7.149869175918865e-05,0.0003384773239667993,0.0010838557826355099,0.5515136769413949,0.5725672307610512,43
B,v3_ABD,bert.encoder.layer.11.attention.output.dense,11,O,sweep,10,10,1.0,0.0009784735812133072,0.0009784735812133072,0.0019569471624266144,0.0,False,0.09997025437653065,0.10227208904922008,0.0025575103284791114,5.559969716072082,0.999998288154602,1.0000019431114198,0.0018368634290527553,0.0,0.1808477894961834,0.49699072659015653,0.8007214432954788,0.0,1.0375272249802947e-05,1.662661674345145e-05,0.00106042649691517,0.004638815142679959,0.09998299993574619,0.10226950824260711,43
B,v3_ABD,bert.encoder.layer.11.attention.self.query,11,Q,sweep,10,10,1.0,0.0009784735812133072,0.0009784735812133072,0.0019569471624266144,0.0,False,0.0,0.022451346460729837,0.022451346460729837,25.87518232345581,0.9999926835298538,1.000007210969925,0.003743637220468372,0.0,0.04635571163147688,0.24650820970535278,0.6306091529130936,0.0,1.923376145214206e-06,3.864891193643416e-06,0.00015553750050003145,0.0011278782581211999,4.238552548940788e-09,0.01956464996561408,43
B,v3_ABD,bert.encoder.layer.11.attention.self.value,11,V,sweep,10,10,1.0,0.0009784735812133072,0.0009784735812133072,0.0019569471624266144,0.0,False,1.1482215995783918e-08,0.028541650511324405,0.028541639391332866,38.04627487182617,0.9999927771091461,1.0000064361095429,0.0036963840969838203,0.0,0.04333320517092943,0.26133345648646356,0.6565927839279175,0.0,1.593306541508355e-05,0.000113013018926722,0.0007578996356460266,0.0023960118531249465,0.5515136769413949,0.5643346545100212,43
B,v3_ABD,bert.encoder.layer.0.intermediate.dense,0,FFN1,sweep,12,12,1.0,0.0002442598925256473,0.0002442598925256473,0.0004885197850512946,0.0,False,1.22798818119918e-05,0.15084630131721496,0.15083587273955346,249.0132456970215,0.9999963045120239,1.0000037109851838,0.002631974967662245,0.0,0.004455192522145808,0.03683209136128426,0.25784793809056283,0.0,3.726519966221531e-05,0.00013213796679337975,0.000633638783765491,0.0018782638851553202,1.6855663952810575e-05,0.277256877720356,43
B,v3_ABD,bert.encoder.layer.0.output.dense,0,FFN2,sweep,12,12,1.0,0.0002442598925256473,0.0002442598925256473,0.0004885197850512946,0.0,False,0.09997506968677045,0.10061078168451786,0.0007063279981957748,6.100148162841797,0.9999998223781585,1.0000001430511474,0.0004971594209200702,0.0,0.165479124635458,0.46298841923475265,0.7691875368356704,0.0,2.3816428147256374e-05,8.839472186082275e-05,0.0005323751870309934,0.0016893181845080108,0.099994715154171,0.10067377813160419,43
B,v3_ABD,bert.encoder.layer.0.attention.self.key,0,K,sweep,12,12,1.0,0.0002442598925256473,0.0002442598925256473,0.0004885197850512946,0.0,False,1.0016025271397666e-08,0.0037471737968735397,0.0037471638200804592,23.486149940490723,0.9999995017051697,1.0000004625320436,0.0009639770496869459,0.0,0.053333166874945166,0.24296221494674683,0.6218363136053086,0.0,1.7158344071503962e-05,5.5254763283301144e-05,0.00019875680955010465,0.00046536581648979334,0.5515136769413949,0.5531981635093689,43
B,v3_ABD,bert.encoder.layer.0.attention.output.dense,0,O,sweep,12,12,1.0,0.0002442598925256473,0.0002442598925256473,0.0004885197850512946,0.0,False,0.10000291116535663,0.10063117980957031,0.0006980797956930474,6.119511322975159,0.999999822974205,1.000000017285347,0.0005006793665233999,0.0,0.1651800486445427,0.46213459193706513,0.7678132426738739,0.0,3.682248114273534e-05,0.00013270595438370946,0.000747074905957561,0.0023219983419403433,0.10003144286572933,0.10068012319505215,43
B,v3_ABD,bert.encoder.layer.0.attention.self.query,0,Q,sweep,12,12,1.0,0.0002442598925256473,0.0002442598925256473,0.0004885197850512946,0.0,False,0.0,0.002303705592639744,0.002303705592639744,15.86380458831787,0.9999994820356369,1.0000006526708602,0.0009850119228940457,0.0,0.06689253211021423,0.23795951575040816,0.5764073038101196,0.0,1.0635640805958246e-05,3.982861684562522e-05,0.00018432926284731366,0.0005388470878824592,4.238552548940788e-09,0.0030170652852393688,43
B,v3_ABD,bert.encoder.layer.0.attention.self.value,0,V,sweep,12,12,1.0,0.0002442598925256473,0.0002442598925256473,0.0004885197850512946,0.0,False,8.438647682851297e-09,0.003048847902100533,0.003048839489929378,19.80327091217041,0.9999995279312134,1.0000005292892455,0.000935505589004606,0.0,0.0631331343948841,0.25854394942522047,0.626037632226944,0.0,3.115803798209527e-05,9.805270150536671e-05,0.000451239951653406,0.000986774375778623,0.551513677239418,0.5528852716088295,43
B,v3_ABD,bert.encoder.layer.1.intermediate.dense,1,FFN1,sweep,12,12,1.0,0.0002442598925256473,0.0002442598925256473,0.0004885197850512946,0.0,False,8.050174270465504e-05,0.12416556030511856,0.12409505300223828,206.3179573059082,0.9999958884716034,1.0000038897991181,0.0027432265086099507,0.0,0.0053946246625855565,0.040420873016119005,0.25440473631024363,0.0,4.030659047202789e-05,0.00014309218793641775,0.0006788268193486147,0.0017542131361551582,0.00012109862553188577,0.15512624517083168,43
B,v3_ABD,bert.encoder.layer.1.output.dense,1,FFN2,sweep,12,12,1.0,0.0002442598925256473,0.0002442598925256473,0.0004885197850512946,0.0,False,0.09999463580548763,0.10063732378184795,0.0007140931510366499,6.19747615814209,0.9999998223781585,1.0000001376867294,0.0005034192901803181,0.0,0.16308235585689546,0.4584693482518196,0.7658716714382172,0.0,2.8398873910191467e-05,0.00010555807646596805,0.0006314982546609826,0.0019829509989358484,0.10000240415334702,0.10074348948895931,43
B,v3_ABD,bert.encoder.layer.1.attention.self.key,1,K,sweep,12,12,1.0,0.0002442598925256473,0.0002442598925256473,0.0004885197850512946,0.0,False,9.221553227689583e-09,0.005556210768409073,0.005556201599538326,29.81133810043335,0.9999994355440139,1.0000007104873658,0.0010225124657154082,0.0,0.04460925500839949,0.22833435192704202,0.6020804333686829,0.0,1.9521114363669767e-05,7.234381369926268e-05,0.00030771532517974263,0.0008447253660415299,0.5515136775374413,0.5540121093392372,43
B,v3_ABD,bert.encoder.layer.1.attention.output.dense,1,O,sweep,12,12,1.0,0.0002442598925256473,0.0002442598925256473,0.0004885197850512946,0.0,False,0.09996449247002602,0.10060140520334243,0.0007076526444870978,6.125880327224731,0.9999998247623444,1.000000119805336,0.0004999325628159567,0.0,0.16485001876950264,0.4611527007818222,0.7673391944169998,0.0,3.6221090886101594e-05,0.00013412478750979062,0.0008167328272247687,0.0024029542272910476,0.09998634032905102,0.10066871300339698,43
B,v3_ABD,bert.encoder.layer.1.attention.self.query,1,Q,sweep,12,12,1.0,0.0002442598925256473,0.0002442598925256473,0.0004885197850512946,0.0,False,0.0,0.004758432456292212,0.004758432456292212,23.11235336303711,0.9999993938207626,1.0000006008148192,0.001063118950696662,0.0,0.04932711090892553,0.21351947098970414,0.5712782353162765,0.0,1.496347344982496e-05,5.915463505516527e-05,0.0003097694893949665,0.001199772873078473,0.0,0.00594495567958802,43
B,v3_ABD,bert.encoder.layer.1.attention.self.value,1,V,sweep,12,12,1.0,0.0002442598925256473,0.0002442598925256473,0.0004885197850512946,0.0,False,0.0,0.004870491297915578,0.004870491297915578,26.158214302062987,0.9999994343519211,1.0000006067752838,0.0010106620122678578,0.0,0.05132131054997444,0.2375628961622715,0.6092847669124604,0.0,2.7734588420571527e-05,0.00010233407600026112,0.000577024836675264,0.0017034898488782347,0.5515136727690697,0.5537009507417678,43
B,v3_ABD,bert.encoder.layer.2.intermediate.dense,2,FFN1,sweep,12,12,1.0,0.0002442598925256473,0.0002442598925256473,0.0004885197850512946,0.0,False,0.0002078756807895843,0.0965754621475935,0.09638762831687928,155.98951904296874,0.9999966853857041,1.0000035095214843,0.0024736807215958835,0.0,0.0069869727361947295,0.047682070024311546,0.2886301201581955,0.0,3.422436599066714e-05,0.00013784723931166808,0.0007027328747790306,0.0016763553622877224,0.0002942350207013078,0.13049966007471084,43
B,v3_ABD,bert.encoder.layer.2.output.dense,2,FFN2,sweep,12,12,1.0,0.0002442598925256473,0.0002442598925256473,0.0004885197850512946,0.0,False,0.10000373348593712,0.10075721554458142,0.0008372053655330092,7.285006136894226,0.9999998205900192,1.0000000435113907,0.0005840901506599039,0.0,0.14258676916360855,0.4261627969145775,0.7375741696357727,0.0,3.144025273286388e-05,0.0001337721315212548,0.0008340708023752086,0.0028138528927229346,0.10001804448664188,0.100909009501338,43
B,v3_ABD,bert.encoder.layer.2.attention.self.key,2,K,sweep,12,12,1.0,0.0002442598925256473,0.0002442598925256473,0.0004885197850512946,0.0,False,0.0,0.01626871556043625,0.01626871556043625,33.8004912185669,0.9999994224309922,1.000000649690628,0.0010365894832648336,0.0,0.04044399667531252,0.22226754635572432,0.5997483736276626,0.0,1.7924302437677397e-05,6.420853318559239e-05,0.0002561286109266803,0.0005966924747917801,0.5515136727690697,0.5590987834334373,43
B,v3_ABD,bert.encoder.layer.2.attention.output.dense,2,O,sweep,12,12,1.0,0.0002442598925256473,0.0002442598925256473,0.0004885197850512946,0.0,False,0.09999511182308198,0.10065569914877415,0.0007339797914028168,6.401401300430297,0.9999998217821121,1.000000107884407,0.000518207170534879,0.0,0.1585636006295681,0.4508605819940567,0.7593578630685807,0.0,3.305952341179363e-05,0.00012900906076538377,0.0007928061863640323,0.0023808625608216973,0.09998516172170639,0.1007730321586132,43
B,v3_ABD,bert.encoder.layer.2.attention.self.query,2,Q,sweep,12,12,1.0,0.0002442598925256473,0.0002442598925256473,0.0004885197850512946,0.0,False,0.0,0.12241408199071885,0.12241408199071885,27.748087100982666,0.9999992990493775,1.0000006717443466,0.0011368599080014974,0.0,0.03957021784037352,0.19412991866469384,0.528510429263115,0.0,1.1614394325079047e-05,4.967448625393445e-05,0.00024719143693801015,0.0007328131020767615,8.477105097881576e-09,0.05930784497410059,43
B,v3_ABD,bert.encoder.layer.2.attention.self.value,2,V,sweep,12,12,1.0,0.0002442598925256473,0.0002442598925256473,0.0004885197850512946,0.0,False,1.0016025271397666e-08,0.007483222601003945,0.007483212654478848,29.927420921325684,0.9999995261430741,1.000000492334366,0.000937753499019891,0.0,0.047005967684090134,0.25186932548880575,0.649299424290657,0.0,2.965244932056521e-05,0.0001122684757137904,0.0006686387685476802,0.001378145308699459,0.5515136769413949,0.5549237889051437,43
B,v3_ABD,bert.encoder.layer.3.intermediate.dense,3,FFN1,sweep,12,12,1.0,0.0002442598925256473,0.0002442598925256473,0.0004885197850512946,0.0,False,0.00025133093848126007,0.09693897657096386,0.09671195469796658,235.1761587524414,0.9999972927570343,1.0000025337934495,0.0022457821504212917,0.0,0.007782248402945697,0.052952165566384796,0.3198524510860443,0.0,3.070602531806799e-05,0.0001309110064903507,0.0006950306656653992,0.0017071498022414745,0.0002644295185746159,0.09558282069861888,43
B,v3_ABD,bert.encoder.layer.3.output.dense,3,FFN2,sweep,12,12,1.0,0.0002442598925256473,0.0002442598925256473,0.0004885197850512946,0.0,False,0.10002281211316585,0.10069826334714889,0.0007505226694047451,6.51818633556366,0.9999998223781585,1.0000000983476638,0.0005272250535199418,0.0,0.15599836945533752,0.44570457726716994,0.7542364579439164,0.0,2.82091250664962e-05,0.00012026385724311694,0.0007372846978250891,0.002322580764302984,0.09999550357460976,0.10074429892003536,43
B,v3_ABD,bert.encoder.layer.3.attention.self.key,3,K,sweep,12,12,1.0,0.0002442598925256473,0.0002442598925256473,0.0004885197850512946,0.0,False,0.0,0.005347311454825103,0.005347311454825103,28.449251537322997,0.9999994552135467,1.0000004136562348,0.0010119467705953867,0.0,0.04415513452142477,0.22681643217802047,0.6019606536626816,0.0,1.812475245060341e-05,7.488095270673512e-05,0.00027998202276648956,0.0006370195577619597,0.5515136727690697,0.5539183196425438,43
B,v3_ABD,bert.encoder.layer.3.attention.output.dense,3,O,sweep,12,12,1.0,0.0002442598925256473,0.0002442598925256473,0.0004885197850512946,0.0,False,0.1000206008553505,0.10108395799994468,0.0011815350351389497,10.252060108184814,0.9999996078014374,1.0000002014636993,0.0007844946964178234,0.0,0.10777065895497799,0.3753793489933014,0.6968540853261947,0.0,4.586685165122617e-05,0.0002205047823372297,0.0013904876547167079,0.005004665674641728,0.09999719485640526,0.10116695895791054,43
B,v3_ABD,bert.encoder.layer.3.attention.self.query,3,Q,sweep,12,12,1.0,0.0002442598925256473,0.0002442598925256473,0.0004885197850512946,0.0,False,0.0,0.0037601181818172334,0.0037601181818172334,18.090566024780273,0.9999995279312134,1.0000005370378495,0.0009434796986170114,0.0,0.060558510459959504,0.2527058693766594,0.6173027169704437,0.0,9.84580484782782e-06,4.219839844154194e-05,0.00022078447756939567,0.0007314860229962506,0.0,0.004324841015040874,43
B,v3_ABD,bert.encoder.layer.3.attention.self.value,3,V,sweep,12,12,1.0,0.0002442598925256473,0.0002442598925256473,0.0004885197850512946,0.0,False,0.0,0.004518582350574434,0.004518582350574434,25.26349895477295,0.9999995368719101,1.0000005131959915,0.0009190877369837835,0.0,0.05330928295850754,0.2634144687652588,0.6528269100189209,0.0,2.6721714548330055e-05,0.0001184564836876234,0.0006284976797178388,0.0011991337267681956,0.5515136727690697,0.5535442873835563,43
B,v3_ABD,bert.encoder.layer.4.intermediate.dense,4,FFN1,sweep,12,12,1.0,0.0002442598925256473,0.0002442598925256473,0.0004885197850512946,0.0,False,0.00013510401266103144,0.08588941290974617,0.08576589584350586,179.79834579467774,0.9999974530935287,1.0000024729967116,0.0021756784827448427,0.0,0.00890637595206499,0.0585603915899992,0.32802043795585634,0.0,3.0923246958991514e-05,0.00013817064194881823,0.0007318283719359897,0.001733079665573314,0.00015833219040359837,0.0745045480132103,43
B,v3_ABD,bert.encoder.layer.4.output.dense,4,FFN2,sweep,12,12,1.0,0.0002442598925256473,0.0002442598925256473,0.0004885197850512946,0.0,False,0.10004472859203815,0.10071717038750648,0.000747194426949136,6.51318067073822,0.9999998217821121,1.0000001567602157,0.0005251095775747672,0.0,0.15559444174170495,0.44388384610414505,0.7531097257137298,0.0,2.937632398243295e-05,0.00012835681955039035,0.0008128724806010724,0.002519412140827626,0.10001807823777199,0.10072854489088058,43
B,v3_ABD,bert.encoder.layer.4.attention.self.key,4,K,sweep,12,12,1.0,0.0002442598925256473,0.0002442598925256473,0.0004885197850512946,0.0,False,0.0,0.007597315115854144,0.007597315115854144,38.16624702453613,0.9999993151426315,1.0000007784366607,0.001135516909416765,0.0,0.03406332105398178,0.19647393569350244,0.561513974070549,0.0,1.98838326286932e-05,9.259851518436335e-05,0.00034182810690253974,0.000719742905930616,0.5515136727690697,0.5549338868260384,43
B,v3_ABD,bert.encoder.layer.4.attention.output.dense,4,O,sweep,12,12,1.0,0.0002442598925256473,0.0002442598925256473,0.0004885197850512946,0.0,False,0.09995233237743378,0.10085041329264641,0.0009978144470369444,8.690526380538941,0.999999713897705,1.0000003266334534,0.0006785316398600117,0.0,0.1240361362695694,0.3995614379644394,0.7165888434648514,0.0,3.887382787070237e-05,0.00019443180703092365,0.0012469689891440794,0.004313552966341377,0.0999851317703724,0.10093951389193535,43
B,v3_ABD,bert.encoder.layer.4.attention.self.query,4,Q,sweep,12,12,1.0,0.0002442598925256473,0.0002442598925256473,0.0004885197850512946,0.0,False,0.0,0.004257335569709539,0.004257335569709539,22.136374378204344,0.9999994641542435,1.000000483393669,0.0010055067838402466,0.0,0.05154541786760092,0.23148453786969184,0.5924481743574143,0.0,1.0565766506260844e-05,4.521015127465944e-05,0.00026974210573825984,0.0008191573235671967,0.0,0.0036807887279428544,43
B,v3_ABD,bert.encoder.layer.4.attention.self.value,4,V,sweep,12,12,1.0,0.0002442598925256473,0.0002442598925256473,0.0004885197850512946,0.0,False,7.530846346526231e-09,0.004810712165199221,0.004810704672709107,25.416334838867186,0.9999995523691178,1.0000005012750626,0.0009064399532508105,0.0,0.05113490544259548,0.2642171090841293,0.6567623865604401,0.0,2.0360825110401493e-05,9.080502237338805e-05,0.000749980005202815,0.0013500090717570856,0.551513677239418,0.5536747002601623,43
B,v3_ABD,bert.encoder.layer.5.intermediate.dense,5,FFN1,sweep,12,12,1.0,0.0002442598925256473,0.0002442598925256473,0.0004885197850512946,0.0,False,5.515090393600985e-05,0.07434296414256096,0.07429191276431084,116.2953131866455,0.9999977403879166,1.000002213716507,0.002044924357905984,0.0,0.010420747576281428,0.06549618482589721,0.35027331531047823,0.0,2.8222961591382047e-05,0.00012900812937004957,0.0008192555792629719,0.002005802926141769,3.801875674980692e-05,0.05569202370941639,43
B,v3_ABD,bert.encoder.layer.5.output.dense,5,FFN2,sweep,12,12,1.0,0.0002442598925256473,0.0002442598925256473,0.0004885197850512946,0.0,False,0.09999229736626149,0.10065093472599983,0.0007318154041422531,6.361726531982422,0.9999998217821121,1.0000002336502076,0.0005146493710344657,0.0,0.15891942843794823,0.449639308154583,0.7583911001682282,0.0,2.817023034367594e-05,0.00012764977051119787,0.0008389206824358553,0.0025811336317565292,0.09998565308749675,0.10066163010895252,43
B,v3_ABD,bert.encoder.layer.5.attention.self.key,5,K,sweep,12,12,1.0,0.0002442598925256473,0.0002442598925256473,0.0004885197850512946,0.0,False,7.929862135824805e-09,0.008596635581925511,0.008596627721562982,37.26036487579346,0.9999993574619294,1.000000566840172,0.0010991411388386041,0.0,0.034121458008885386,0.2010745297372341,0.5723502451181411,0.0,1.768652678038052e-05,8.894555579900043e-05,0.0003389155288459733,0.0007121118126087822,0.551513677239418,0.5553866693377495,43
B,v3_ABD,bert.encoder.layer.5.attention.output.dense,5,O,sweep,12,12,1.0,0.0002442598925256473,0.0002442598925256473,0.0004885197850512946,0.0,False,0.10000093296170234,0.10088362731039524,0.0009807758027454837,8.538602924346923,0.9999997383356094,1.0000001734495163,0.0006710782006848603,0.0,0.12416924573481083,0.39708795994520185,0.714358183145523,0.0,3.864673077259795e-05,0.0001910468935238896,0.0012930299522122368,0.004145829784683883,0.100008410140872,0.10091084897518159,43
B,v3_ABD,bert.encoder.layer.5.attention.self.query,5,Q,sweep,12,12,1.0,0.0002442598925256473,0.0002442598925256473,0.0004885197850512946,0.0,False,0.0,0.008614631546661257,0.008614631546661257,28.12901165008545,0.9999994021654129,1.000000690817833,0.0010497283178847283,0.0,0.043062007278203966,0.2241493345797062,0.5879925346374512,0.0,1.0300353615093627e-05,4.621886795575847e-05,0.0002812803898996208,0.0008883550757309422,4.238552548940788e-09,0.0069700284069404,43
B,v3_ABD,bert.encoder.layer.5.attention.self.value,5,V,sweep,12,12,1.0,0.0002442598925256473,0.0002442598925256473,0.0004885197850512946,0.0,False,0.0,0.005442447559908033,0.005442447559908033,24.860683841705324,0.9999996173381805,1.000000439286232,0.0008640609408030286,0.0,0.051418985351920125,0.27763970762491225,0.6725742572546005,0.0,1.8625787142809712e-05,8.933866381994449e-05,0.0008651050773914904,0.0013863780547399074,0.5515136727690697,0.5539609879255295,43
B,v3_ABD,bert.encoder.layer.6.intermediate.dense,6,FFN1,sweep,12,12,1.0,0.0002442598925256473,0.0002442598925256473,0.0004885197850512946,0.0,False,2.8445544012356548e-05,0.06766735941171646,0.06764083877205848,107.66710304260253,0.9999976092576981,1.0000024032592774,0.0021043087891303,0.0,0.010184007678180933,0.06305769488215446,0.34059263914823534,0.0,3.0066224026086276e-05,0.0001433623741468182,0.001038809395977296,0.0021810313465539365,2.0110872192162788e-05,0.04993928536772728,43
B,v3_ABD,bert.encoder.layer.6.output.dense,6,FFN2,sweep,12,12,1.0,0.0002442598925256473,0.0002442598925256473,0.0004885197850512946,0.0,False,0.10003251947462559,0.10067516706883907,0.0007140780409099534,6.188101043701172,0.9999998223781585,1.0000000631809234,0.0005025196151109412,0.0,0.1630370232462883,0.45688913106918333,0.7644909262657166,0.0,2.7187636696908157e-05,0.0001251481727376813,0.0009175176348071545,0.0026870806398801507,0.10001892156898975,0.10066525869071484,43
B,v3_ABD,bert.encoder.layer.6.attention.self.key,6,K,sweep,12,12,1.0,0.0002442598925256473,0.0002442598925256473,0.0004885197850512946,0.0,False,0.0,0.008798214136622845,0.008798214136622845,42.64995079040527,0.9999992495775223,1.0000008976459502,0.0011832126521039753,0.0,0.031227479446679352,0.18552644282579422,0.539341013431549,0.0,1.834777244766883e-05,9.604157821740955e-05,0.00045822881918866187,0.0009364663402084262,0.5515136727690697,0.5554694202542305,43
B,v3_ABD,bert.encoder.layer.6.attention.output.dense,6,O,sweep,12,12,1.0,0.0002442598925256473,0.0002442598925256473,0.0004885197850512946,0.0,False,0.09996298357844352,0.10072077952325344,0.000841962352860719,7.3034303092956545,0.9999998199939728,1.0000001472234725,0.0005839978827862069,0.0,0.14130303889513016,0.422191256582737,0.7352117973566056,0.0,3.285569935542298e-05,0.0001563187399005983,0.0012309321702923626,0.003489253888837993,0.09997515052556992,0.10071587525308132,43
B,v3_ABD,bert.encoder.layer.6.attention.self.query,6,Q,sweep,12,12,1.0,0.0002442598925256473,0.0002442598925256473,0.0004885197850512946,0.0,False,8.571977332394454e-09,0.007672618180513382,0.007672609677538276,31.385137004852297,0.9999993389844894,1.0000006586313248,0.0011099411838222295,0.0,0.04043167557567358,0.20792820200324058,0.5711777609586716,0.0,1.0728503598329553e-05,5.094040725452942e-05,0.0003260916119324975,0.001018817926524207,8.477105097881576e-09,0.005648176469840109,43
B,v3_ABD,bert.encoder.layer.6.attention.self.value,6,V,sweep,12,12,1.0,0.0002442598925256473,0.0002442598925256473,0.0004885197850512946,0.0,False,0.0,0.004739698693156242,0.004739698693156242,24.775301189422606,0.9999996167421341,1.0000002878904342,0.0008699843066278845,0.0,0.051839130185544494,0.2743614086508751,0.6721683603525161,0.0,1.7934374873220805e-05,9.02789248721092e-05,0.000909293430740945,0.0014618999138474465,0.5515136727690697,0.55364154368639,43
B,v3_ABD,bert.encoder.layer.7.intermediate.dense,7,FFN1,sweep,12,12,1.0,0.0002442598925256473,0.0002442598925256473,0.0004885197850512946,0.0,False,2.4945871155068743e-05,0.05375886186957359,0.05373525686562061,112.29906295776367,0.9999967926740646,1.0000030827522277,0.0024109030468389392,0.0,0.009689654419198633,0.056838399469852446,0.3045133098959923,0.0,3.346717110616737e-05,0.00015305216118576936,0.001100532672717236,0.0025766116252634672,2.299096870046924e-05,0.03829006880521774,43
B,v3_ABD,bert.encoder.layer.7.output.dense,7,FFN2,sweep,12,12,1.0,0.0002442598925256473,0.0002442598925256473,0.0004885197850512946,0.0,False,0.10004411108791827,0.1006717835366726,0.0006974471779540181,6.102174463272095,0.9999998223781585,1.0000002485513688,0.0004980461084051058,0.0,0.1652418203651905,0.4605891364812851,0.7664507156610489,0.0,2.601302910989034e-05,0.00011497024323034566,0.0010003278226940894,0.0029112255480140447,0.10002973452210426,0.10064966462552548,43
B,v3_ABD,bert.encoder.layer.7.attention.self.key,7,K,sweep,12,12,1.0,0.0002442598925256473,0.0002442598925256473,0.0004885197850512946,0.0,False,1.2388994719003676e-08,0.013735825335606933,0.013735813107341528,60.57223655700684,0.9999991399049759,1.000001026391983,0.001267739338800311,0.0,0.02345343267545104,0.16589789792895318,0.5178432720899582,0.0,1.576448071318737e-05,9.183315734844654e-05,0.0004863952059531584,0.0011329124408075587,0.5515136769413949,0.5577044221758842,43
B,v3_ABD,bert.encoder.layer.7.attention.output.dense,7,O,sweep,12,12,1.0,0.0002442598925256473,0.0002442598925256473,0.0004885197850512946,0.0,False,0.10003642477095127,0.1007154169678688,0.0007544664654415101,6.593855862617493,0.9999998217821121,1.0000001055002212,0.0005337920045712963,0.0,0.1541781172156334,0.44200437992811203,0.7511878430843353,0.0,2.8736062813550233e-05,0.00012698400940280407,0.0012821141799213365,0.003187656127847731,0.1000160352140665,0.10067670278251172,43
B,v3_ABD,bert.encoder.layer.7.attention.self.query,7,Q,sweep,12,12,1.0,0.0002442598925256473,0.0002442598925256473,0.0004885197850512946,0.0,False,1.9060057070419135e-08,0.009931124961003662,0.009931106064468622,31.790383491516113,0.9999994349479675,1.0000006234645844,0.0010316296096425503,0.0,0.037323729805648326,0.22000697612762452,0.5959479075670242,0.0,7.826724395272322e-06,3.336892936204095e-05,0.00026009280525613577,0.0009753729373915121,8.477105097881576e-09,0.007171474103815853,43
B,v3_ABD,bert.encoder.layer.7.attention.self.value,7,V,sweep,12,12,1.0,0.0002442598925256473,0.0002442598925256473,0.0004885197850512946,0.0,False,0.0,0.007170765916816891,0.007170765916816891,35.45098306655884,0.9999995559453965,1.0000003278255463,0.000921274326974526,0.0,0.038468780256807805,0.25139484241604804,0.6665639448165893,0.0,1.787457902537426e-05,9.734807685163105e-05,0.001020105155184865,0.0015035412751603873,0.5515136727690697,0.5547364577651024,43
B,v3_ABD,bert.encoder.layer.8.intermediate.dense,8,FFN1,sweep,12,12,1.0,0.0002442598925256473,0.0002442598925256473,0.0004885197850512946,0.0,False,0.00010902449161221738,0.05076089512556791,0.050657396018505094,109.7807696533203,0.9999968695640564,1.0000031328201293,0.0023847753903828563,0.0,0.010034057078883052,0.05610056459903717,0.30649927496910095,0.0,2.591706255770987e-05,0.00012088085677532944,0.0011361046877573244,0.0031343328231014313,5.535125776077621e-05,0.03249194711446762,43
B,v3_ABD,bert.encoder.layer.8.output.dense,8,FFN2,sweep,12,12,1.0,0.0002442598925256473,0.0002442598925256473,0.0004885197850512946,0.0,False,0.09997898995876313,0.10061232171952725,0.0007036848895950243,6.105433988571167,0.9999998217821121,1.0000001913309098,0.0004992754239356146,0.0,0.16516758888959884,0.4599815911054611,0.7651994806528092,0.0,2.230558910014224e-05,9.613543283194303e-05,0.0010681651669437998,0.00319954689592123,0.09999847076833249,0.10061107322573662,43
B,v3_ABD,bert.encoder.layer.8.attention.self.key,8,K,sweep,12,12,1.0,0.0002442598925256473,0.0002442598925256473,0.0004885197850512946,0.0,False,0.0,0.010214891880750657,0.010214891880750657,47.9881859588623,0.9999992859363556,1.000000776052475,0.0011654361803084612,0.0,0.02814685823395848,0.18453290030360223,0.5550880759954453,0.0,2.0354108373794587e-05,0.00010694194526877254,0.0004898414027411491,0.0010628509905654937,0.5515136727690697,0.5561071249842644,43
B,v3_ABD,bert.encoder.layer.8.attention.output.dense,8,O,sweep,12,12,1.0,0.0002442598925256473,0.0002442598925256473,0.0004885197850512946,0.0,False,0.09995832398533822,0.10061076067388058,0.000724896308965981,6.269579682350159,0.9999998217821121,1.0000000822544097,0.0005103583890013396,0.0,0.1611824993789196,0.4530226066708565,0.7600066727399826,0.0,2.642922645463841e-05,0.00011215291007829364,0.0013988529267953708,0.003632481337990612,0.09999293945729733,0.10062552213668824,43
B,v3_ABD,bert.encoder.layer.8.attention.self.query,8,Q,sweep,12,12,1.0,0.0002442598925256473,0.0002442598925256473,0.0004885197850512946,0.0,False,9.804844012251125e-09,0.009154482036828995,0.009154472341760993,33.63751539230347,0.9999991863965988,1.0000008255243302,0.0012012840190436691,0.0,0.03847742781043053,0.19755801439285278,0.5419216513633728,0.0,1.0227370275970315e-05,5.0070433608198074e-05,0.0004502519492234569,0.0018015046429354698,8.477105097881576e-09,0.006841087401844561,43
B,v3_ABD,bert.encoder.layer.8.attention.self.value,8,V,sweep,12,12,1.0,0.0002442598925256473,0.0002442598925256473,0.0004885197850512946,0.0,False,0.0,0.004904616950079798,0.004904616950079798,26.527907428741454,0.9999995970726013,1.0000004971027374,0.0008841740502975881,0.0,0.05085777059197426,0.27062880486249924,0.6700565814971924,0.0,1.8496531183700426e-05,9.758611420693342e-05,0.0010300433542579411,0.0019122807448729872,0.5515136727690697,0.5537178209424019,43
B,v3_ABD,bert.encoder.layer.9.intermediate.dense,9,FFN1,sweep,12,12,1.0,0.0002442598925256473,0.0002442598925256473,0.0004885197850512946,0.0,False,0.0008909337694058194,0.04476420424878597,0.04391239035874605,93.29437919616699,0.9999969744682312,1.0000029075145722,0.002333675699774176,0.0,0.0117194704990834,0.06146380688995123,0.31527565300464633,0.0,1.7982062145165402e-05,7.682935902266763e-05,0.0009669184140511789,0.00288411806570366,0.0008074294263496995,0.028160877451300623,43
B,v3_ABD,bert.encoder.layer.9.output.dense,9,FFN2,sweep,12,12,1.0,0.0002442598925256473,0.0002442598925256473,0.0004885197850512946,0.0,False,0.10002781353890895,0.10065640352666377,0.000698454154189676,6.056415581703186,0.9999998223781585,1.000000113248825,0.0004947753163287417,0.0,0.16641025125980377,0.46344662010669707,0.7691088479757309,0.0,1.8740386831268552e-05,6.89901221630862e-05,0.001107134946214501,0.0034574957424774767,0.10003458358347415,0.10063984021544456,43
B,v3_ABD,bert.encoder.layer.9.attention.self.key,9,K,sweep,12,12,1.0,0.0002442598925256473,0.0002442598925256473,0.0004885197850512946,0.0,False,0.0,0.0134822737891227,0.0134822737891227,52.165920448303225,0.9999993681907654,1.0000006449222565,0.001086110194446519,0.0,0.027989021372050046,0.20104275926947593,0.5963289415836335,0.0,1.7179466685774968e-05,0.00010386258356447797,0.0004430479303118773,0.0009659071289934217,0.5515136727690697,0.5576061543822288,43
B,v3_ABD,bert.encoder.layer.9.attention.output.dense,9,O,sweep,12,12,1.0,0.0002442598925256473,0.0002442598925256473,0.0004885197850512946,0.0,False,0.09999886594712734,0.10061920158565045,0.000689259953214787,5.999822220802307,0.999999822974205,1.0000000816583634,0.0004907148983329534,0.0,0.1678580364584923,0.46531738340854645,0.7707823938131333,0.0,2.0834200931858504e-05,7.996094009286026e-05,0.0012344021789613179,0.0038836489454843106,0.09998839981853962,0.10059505119919777,43
B,v3_ABD,bert.encoder.layer.9.attention.self.query,9,Q,sweep,12,12,1.0,0.0002442598925256473,0.0002442598925256473,0.0004885197850512946,0.0,False,0.0,0.00520402223803103,0.00520402223803103,22.140540409088135,0.9999995070695877,1.0000003415346146,0.0009651428571669384,0.0,0.05437313124537468,0.24816956862807274,0.6074863541126251,0.0,6.022930265316973e-06,2.5604977308830713e-05,0.00031049334487761373,0.001336159172351472,0.0,0.004027205614838749,43
B,v3_ABD,bert.encoder.layer.9.attention.self.value,9,V,sweep,12,12,1.0,0.0002442598925256473,0.0002442598925256473,0.0004885197850512946,0.0,False,2.7420870765126892e-08,0.0066228883108124135,0.0066228610789403316,31.247077140808106,0.9999995720386505,1.0000003272294997,0.0009017886786023154,0.0,0.04711672194302082,0.2629902195930481,0.6632986688613891,0.0,1.9114143951810548e-05,0.00011175037579960189,0.0009968607116024942,0.0016979836323298514,0.5515136858820915,0.5545033466815948,43
B,v3_ABD,bert.encoder.layer.10.intermediate.dense,10,FFN1,sweep,12,12,1.0,0.0002442598925256473,0.0002442598925256473,0.0004885197850512946,0.0,False,0.0003016757505247369,0.03620393790304661,0.03591309558600187,76.98222473144531,0.9999973702430726,1.0000025200843812,0.0022005063737742603,0.0,0.013652991726994515,0.06704118221998215,0.3334475073218346,0.0,1.2928043124702526e-05,4.041741505716345e-05,0.0008093853564059828,0.0029834096995182335,0.0003002357520745136,0.02299602411687374,43
B,v3_ABD,bert.encoder.layer.10.output.dense,10,FFN2,sweep,12,12,1.0,0.0002442598925256473,0.0002442598925256473,0.0004885197850512946,0.0,False,0.10001139841973782,0.10062606498599053,0.0006829709163866937,5.9502306652069095,0.9999998217821121,1.0000000327825547,0.000488330077205319,0.0,0.16937551602721215,0.46969165295362475,0.7743235224485397,0.0,1.4511412564388592e-05,4.476255886402214e-05,0.0010695038501580712,0.003566234221216291,0.10000039912760257,0.10059313088655472,43
B,v3_ABD,bert.encoder.layer.10.attention.self.key,10,K,sweep,12,12,1.0,0.0002442598925256473,0.0002442598925256473,0.0004885197850512946,0.0,False,0.0,0.013449781322851777,0.013449781322851777,52.50547737121582,0.9999994140863419,1.0000005996227264,0.0010527347831521183,0.0,0.028006379026919603,0.2075391271710396,0.6119393622875213,0.0,1.3122572381689679e-05,8.174463120667496e-05,0.0003430751191626769,0.0009147556946845725,0.5515136727690697,0.5575717234611511,43
B,v3_ABD,bert.encoder.layer.10.attention.output.dense,10,O,sweep,12,12,1.0,0.0002442598925256473,0.0002442598925256473,0.0004885197850512946,0.0,False,0.10003280900418758,0.1006480185687542,0.0006835912331007422,5.982126798629761,0.9999998223781585,1.000000153183937,0.0004910820731311105,0.0,0.16861105754971503,0.4674793955683708,0.7722240054607391,0.0,1.688523864686431e-05,5.425255218142411e-05,0.0012543754465878009,0.003958713987376541,0.1000374948978424,0.10063784368336201,43
B,v3_ABD,bert.encoder.layer.10.attention.self.query,10,Q,sweep,12,12,1.0,0.0002442598925256473,0.0002442598925256473,0.0004885197850512946,0.0,False,0.0,0.004451981668826193,0.004451981668826193,22.280240173339845,0.9999995142221451,1.0000004422664643,0.0009613189921947196,0.0,0.05183558896183968,0.24189034059643746,0.6102878260612488,0.0,3.908061321453715e-06,1.317635004852491e-05,0.0002390948136962834,0.0011424922710284592,0.0,0.004331283615902066,43
B,v3_ABD,bert.encoder.layer.10.attention.self.value,10,V,sweep,12,12,1.0,0.0002442598925256473,0.0002442598925256473,0.0004885197850512946,0.0,False,0.0,0.00714261069893837,0.00714261069893837,33.01308851242065,0.9999995583295822,1.0000004267692566,0.0009087163856020198,0.0,0.043676219768822196,0.2612809370458126,0.6695264261960984,0.0,1.692421439656755e-05,0.00012664319714531303,0.0007326836569700391,0.0014625795191386714,0.5515136727690697,0.5547275018692016,43
B,v3_ABD,bert.encoder.layer.11.intermediate.dense,11,FFN1,sweep,12,12,1.0,0.0002442598925256473,0.0002442598925256473,0.0004885197850512946,0.0,False,8.966445298028703e-06,0.016947718150913716,0.016938903741538523,45.503223457336425,0.9999987703561782,1.000001255273819,0.0015468822862021625,0.0,0.022298101969063282,0.1024977295100689,0.44351018100976947,0.0,6.7752857103187124e-06,1.0482880079507594e-05,0.0006013341476864297,0.0028404981200583278,6.895065380376763e-06,0.013197370218113064,43
B,v3_ABD,bert.encoder.layer.11.output.dense,11,FFN2,sweep,12,12,1.0,0.0002442598925256473,0.0002442598925256473,0.0004885197850512946,0.0,False,0.10004317842423915,0.10052002876996995,0.0005298584452248179,5.48414300441742,0.9999998235702514,1.0000001001358032,0.00044720900186803194,0.0,0.18280516430735588,0.49974004447460174,0.8051679676771164,0.0,9.070686046470655e-06,1.2596257611221518e-05,0.0010319101919412787,0.0035269826324656607,0.09999241381883621,0.10036341853439808,43
B,v3_ABD,bert.encoder.layer.11.attention.self.key,11,K,sweep,12,12,1.0,0.0002442598925256473,0.0002442598925256473,0.0004885197850512946,0.0,False,0.0,0.013179865255951882,0.013179865255951882,52.64990573883057,0.9999994742870331,1.0000007021427155,0.001005081799812615,0.0,0.029878041800111534,0.22139651238918304,0.6348637348413467,0.0,1.3054927194389165e-05,7.148755117668771e-05,0.0003403081651777029,0.0010901540896156802,0.5515136727690697,0.5574353620409965,43
B,v3_ABD,bert.encoder.layer.11.attention.output.dense,11,O,sweep,12,12,1.0,0.0002442598925256473,0.0002442598925256473,0.0004885197850512946,0.0,False,0.09997025437653065,0.1005440379679203,0.0006375163875054568,5.559887652397156,0.9999998223781585,1.0000001245737076,0.0004585772851714864,0.0,0.18084660664200783,0.4969817158579826,0.8006813508272171,0.0,1.0379240538895829e-05,1.6610966267762704e-05,0.00106018283382582,0.004634298156015575,0.09998299993574619,0.10055394984781742,43
B,v3_ABD,bert.encoder.layer.11.attention.self.query,11,Q,sweep,12,12,1.0,0.0002442598925256473,0.0002442598925256473,0.0004885197850512946,0.0,False,8.918378853195463e-09,0.005662161023356021,0.005662152152508497,25.82777530670166,0.9999995398521423,1.0000005042552949,0.0009340773976873606,0.0,0.04644454173743725,0.24672214701771736,0.6306743395328521,0.0,1.922358753745357e-06,3.864045654609072e-06,0.00015619630796209093,0.0011312539357459172,8.477105097881576e-09,0.004935942799784243,43
B,v3_ABD,bert.encoder.layer.11.attention.self.value,11,V,sweep,12,12,1.0,0.0002442598925256473,0.0002442598925256473,0.0004885197850512946,0.0,False,9.156703981716419e-09,0.007885169642977417,0.007885160548612475,38.026143913269046,0.9999995470046997,1.0000003123283385,0.0009235677885590121,0.0,0.04332590512931347,0.26116108492016793,0.6564392709732055,0.0,1.591233925864799e-05,0.0001124086846539285,0.0007609655204578303,0.0023968327639158817,0.5515136769413949,0.5550534957647324,43
