step,tile_name,subtype,actual_norm,lr,target_norm,residual_norm,cosine_sim,signed_bias,zero_frac,recovery_ratio
1,bert.encoder.layer.0.attention.self.query,query,0.0,0.0,0.0,0.0,0.0,0.0,1.0,0.0
1,bert.encoder.layer.0.attention.self.key,key,0.0,0.0,0.0,0.0,0.0,0.0,1.0,0.0
1,bert.encoder.layer.0.attention.self.value,value,0.0,0.0,0.0,0.0,0.0,0.0,1.0,0.0
1,bert.encoder.layer.0.attention.output.dense,dense,0.0,0.0,0.0,0.0,0.0,0.0,1.0,0.0
1,bert.encoder.layer.1.attention.self.query,query,0.0,0.0,0.0,0.0,0.0,0.0,1.0,0.0
1,bert.encoder.layer.1.attention.self.key,key,0.0,0.0,0.0,0.0,0.0,0.0,1.0,0.0
1,bert.encoder.layer.1.attention.self.value,value,0.0,0.0,0.0,0.0,0.0,0.0,1.0,0.0
1,bert.encoder.layer.1.attention.output.dense,dense,0.0,0.0,0.0,0.0,0.0,0.0,1.0,0.0
1,bert.encoder.layer.2.attention.self.query,query,0.0,0.0,0.0,0.0,0.0,0.0,1.0,0.0
1,bert.encoder.layer.2.attention.self.key,key,0.0,0.0,0.0,0.0,0.0,0.0,1.0,0.0
1,bert.encoder.layer.2.attention.self.value,value,0.0,0.0,0.0,0.0,0.0,0.0,1.0,0.0
1,bert.encoder.layer.2.attention.output.dense,dense,0.0,0.0,0.0,0.0,0.0,0.0,1.0,0.0
1,bert.encoder.layer.3.attention.self.query,query,0.0,0.0,0.0,0.0,0.0,0.0,1.0,0.0
1,bert.encoder.layer.3.attention.self.key,key,0.0,0.0,0.0,0.0,0.0,0.0,1.0,0.0
1,bert.encoder.layer.3.attention.self.value,value,0.0,0.0,0.0,0.0,0.0,0.0,1.0,0.0
1,bert.encoder.layer.3.attention.output.dense,dense,0.0,0.0,0.0,0.0,0.0,0.0,1.0,0.0
1,bert.encoder.layer.4.attention.self.query,query,0.0,0.0,0.0,0.0,0.0,0.0,1.0,0.0
1,bert.encoder.layer.4.attention.self.key,key,0.0,0.0,0.0,0.0,0.0,0.0,1.0,0.0
1,bert.encoder.layer.4.attention.self.value,value,0.0,0.0,0.0,0.0,0.0,0.0,1.0,0.0
1,bert.encoder.layer.4.attention.output.dense,dense,0.0,0.0,0.0,0.0,0.0,0.0,1.0,0.0
1,bert.encoder.layer.5.attention.self.query,query,0.0,0.0,0.0,0.0,0.0,0.0,1.0,0.0
1,bert.encoder.layer.5.attention.self.key,key,0.0,0.0,0.0,0.0,0.0,0.0,1.0,0.0
1,bert.encoder.layer.5.attention.self.value,value,0.0,0.0,0.0,0.0,0.0,0.0,1.0,0.0
1,bert.encoder.layer.5.attention.output.dense,dense,0.0,0.0,0.0,0.0,0.0,0.0,1.0,0.0
1,bert.encoder.layer.6.attention.self.query,query,0.0,0.0,0.0,0.0,0.0,0.0,1.0,0.0
1,bert.encoder.layer.6.attention.self.key,key,0.0,0.0,0.0,0.0,0.0,0.0,1.0,0.0
1,bert.encoder.layer.6.attention.self.value,value,0.0,0.0,0.0,0.0,0.0,0.0,1.0,0.0
1,bert.encoder.layer.6.attention.output.dense,dense,0.0,0.0,0.0,0.0,0.0,0.0,1.0,0.0
1,bert.encoder.layer.7.attention.self.query,query,0.0,0.0,0.0,0.0,0.0,0.0,1.0,0.0
1,bert.encoder.layer.7.attention.self.key,key,0.0,0.0,0.0,0.0,0.0,0.0,1.0,0.0
1,bert.encoder.layer.7.attention.self.value,value,0.0,0.0,0.0,0.0,0.0,0.0,1.0,0.0
1,bert.encoder.layer.7.attention.output.dense,dense,0.0,0.0,0.0,0.0,0.0,0.0,1.0,0.0
1,bert.encoder.layer.8.attention.self.query,query,0.0,0.0,0.0,0.0,0.0,0.0,1.0,0.0
1,bert.encoder.layer.8.attention.self.key,key,0.0,0.0,0.0,0.0,0.0,0.0,1.0,0.0
1,bert.encoder.layer.8.attention.self.value,value,0.0,0.0,0.0,0.0,0.0,0.0,1.0,0.0
1,bert.encoder.layer.8.attention.output.dense,dense,0.0,0.0,0.0,0.0,0.0,0.0,1.0,0.0
1,bert.encoder.layer.9.attention.self.query,query,0.0,0.0,0.0,0.0,0.0,0.0,1.0,0.0
1,bert.encoder.layer.9.attention.self.key,key,0.0,0.0,0.0,0.0,0.0,0.0,1.0,0.0
1,bert.encoder.layer.9.attention.self.value,value,0.0,0.0,0.0,0.0,0.0,0.0,1.0,0.0
1,bert.encoder.layer.9.attention.output.dense,dense,0.0,0.0,0.0,0.0,0.0,0.0,1.0,0.0
1,bert.encoder.layer.10.attention.self.query,query,0.0,0.0,0.0,0.0,0.0,0.0,1.0,0.0
1,bert.encoder.layer.10.attention.self.key,key,0.0,0.0,0.0,0.0,0.0,0.0,1.0,0.0
1,bert.encoder.layer.10.attention.self.value,value,0.0,0.0,0.0,0.0,0.0,0.0,1.0,0.0
1,bert.encoder.layer.10.attention.output.dense,dense,0.0,0.0,0.0,0.0,0.0,0.0,1.0,0.0
1,bert.encoder.layer.11.attention.self.query,query,0.0,0.0,0.0,0.0,0.0,0.0,1.0,0.0
1,bert.encoder.layer.11.attention.self.key,key,0.0,0.0,0.0,0.0,0.0,0.0,1.0,0.0
1,bert.encoder.layer.11.attention.self.value,value,0.0,0.0,0.0,0.0,0.0,0.0,1.0,0.0
1,bert.encoder.layer.11.attention.output.dense,dense,0.0,0.0,0.0,0.0,0.0,0.0,1.0,0.0
2,bert.encoder.layer.0.attention.self.query,query,0.000937060103751719,0.008,3.170607953961735e-08,0.0006251483573578298,0.46645388007164,6.310095557182649e-08,0.9998508095741272,19717.45328281753
2,bert.encoder.layer.0.attention.self.key,key,0.0015384970465674996,0.008,3.838506401621089e-08,0.0012580378679558635,0.7404723167419434,1.0527273985871943e-07,0.9996134638786316,32774.89058668963
2,bert.encoder.layer.0.attention.self.value,value,0.004899139050394297,0.008,8.207377533153704e-08,0.0030917618423700333,0.8243282437324524,9.181244990941195e-07,0.9976874589920044,37671.348934888556
2,bert.encoder.layer.0.attention.output.dense,dense,0.003302245866507292,0.008,5.904092503783431e-08,0.0018150951946154237,0.6214467287063599,1.0403687156212982e-06,0.9997897744178772,30743.627636670677
2,bert.encoder.layer.1.attention.self.query,query,0.0022202113177627325,0.008,3.651350510835982e-08,0.0006277713109739125,0.3953111469745636,7.030261173213148e-08,0.9998915195465088,17193.24793965306
2,bert.encoder.layer.1.attention.self.key,key,0.0010217928793281317,0.008,3.325585495872474e-08,0.0007436225423589349,0.567139744758606,6.664205898232467e-08,0.9997761845588684,22361.217372520896
2,bert.encoder.layer.1.attention.self.value,value,0.007039468735456467,0.008,1.2009277838842536e-07,0.004153211135417223,0.8565820455551147,1.3263626215120894e-06,0.9973076581954956,34584.21149295367
2,bert.encoder.layer.1.attention.output.dense,dense,0.004304603207856417,0.008,6.011524789073519e-08,0.0019265006994828582,0.6310907602310181,1.0930853022728115e-06,0.9994642734527588,32047.428633093507
2,bert.encoder.layer.2.attention.self.query,query,0.00120450125541538,0.008,3.807022963542295e-08,0.0008943317807279527,0.5487223267555237,6.818590492230214e-08,0.99969482421875,23492.175151554005
2,bert.encoder.layer.2.attention.self.key,key,0.0011291324626654387,0.008,3.618196231514048e-08,0.0008240577299147844,0.5992132425308228,6.131712382284604e-08,0.9996744990348816,22775.975841286167
2,bert.encoder.layer.2.attention.self.value,value,0.0064500984735786915,0.008,1.5539936271125043e-07,0.004579181782901287,0.8739781379699707,1.3398451983448467e-06,0.9978705644607544,29468.06606812569
2,bert.encoder.layer.2.attention.output.dense,dense,0.004002395551651716,0.008,6.335314850502982e-08,0.002092469483613968,0.6623265743255615,1.1320844350848347e-06,0.9991455078125,33029.323330226245
2,bert.encoder.layer.3.attention.self.query,query,0.0007251820643432438,0.008,2.3020575667942467e-08,0.0002876797516364604,0.37891942262649536,2.026505541152801e-08,0.9999932050704956,12497.016409978462
2,bert.encoder.layer.3.attention.self.key,key,0.000568676448892802,0.008,2.3025728879133567e-08,0.00036570191150531173,0.45950210094451904,2.6984512402350447e-08,0.9999525547027588,15882.776489695181
2,bert.encoder.layer.3.attention.self.value,value,0.006643654312938452,0.008,1.2353490319583216e-07,0.004482218064367771,0.8719706535339355,1.1920850511160097e-06,0.9965277910232544,36283.89154119017
2,bert.encoder.layer.3.attention.output.dense,dense,0.003424190217629075,0.008,6.337057101291066e-08,0.0019208857556805015,0.6250376105308533,9.968596259568585e-07,0.9994099736213684,30312.577371262243
2,bert.encoder.layer.4.attention.self.query,query,0.0009655029862187803,0.008,2.94680848611506e-08,0.0006669591530226171,0.5577791333198547,4.6697724798150375e-08,0.9998643398284912,22633.830088835068
2,bert.encoder.layer.4.attention.self.key,key,0.0007479699561372399,0.008,2.7587699236164553e-08,0.00048604217590764165,0.47686779499053955,4.355995031346538e-08,0.9999253749847412,17618.551571637065
2,bert.encoder.layer.4.attention.self.value,value,0.007532950956374407,0.008,1.6201191499476408e-07,0.005629588384181261,0.9015404582023621,1.0774527936519007e-06,0.9959309697151184,34748.88377823048
2,bert.encoder.layer.4.attention.output.dense,dense,0.0025197735521942377,0.008,5.335726527277984e-08,0.0013560574734583497,0.5390167832374573,5.665112894348567e-07,0.9997694492340088,25415.218908916097
2,bert.encoder.layer.5.attention.self.query,query,0.0010258019901812077,0.008,3.4412558136409643e-08,0.0008483883575536311,0.6724891662597656,6.444592060006471e-08,0.9997626543045044,24654.12879957763
2,bert.encoder.layer.5.attention.self.key,key,0.0008256827713921666,0.008,3.202958964720892e-08,0.000712471199221909,0.6188823580741882,6.401054974958242e-08,0.9997965693473816,22244.77421266952
2,bert.encoder.layer.5.attention.self.value,value,0.00822482816874981,0.008,1.8835868331734673e-07,0.005872955545783043,0.9131076335906982,8.601987815382017e-07,0.9965074062347412,31180.552640433893
2,bert.encoder.layer.5.attention.output.dense,dense,0.0019824844785034657,0.008,3.5579304835664516e-08,0.0005651787505485117,0.3376436233520508,1.4503960699130403e-07,1.0,15885.38062069657
2,bert.encoder.layer.6.attention.self.query,query,0.0015348057495430112,0.008,2.3656435033103662e-08,0.00045944200246594846,0.5043684840202332,3.484868926761919e-08,0.99993896484375,19421.945555243597
2,bert.encoder.layer.6.attention.self.key,key,0.0020709463860839605,0.008,2.240601659764252e-08,0.00037290644831955433,0.43687504529953003,2.9014115554559794e-08,0.9999525547027588,16643.574125620984
2,bert.encoder.layer.6.attention.self.value,value,0.009311356581747532,0.008,2.077245540021977e-07,0.006371157243847847,0.8948928713798523,9.345769740320975e-07,0.9966023564338684,30672.0680004455
2,bert.encoder.layer.6.attention.output.dense,dense,0.002861403627321124,0.008,4.0434962045310385e-08,0.000695663969963789,0.4137815535068512,2.1444959941163688e-07,1.0,17204.932483879442
2,bert.encoder.layer.7.attention.self.query,query,0.0008406784036196768,0.008,3.241371260287451e-08,0.0006775447982363403,0.5419533252716064,5.560884375199748e-08,0.9998576045036316,20903.572054558434
2,bert.encoder.layer.7.attention.self.key,key,0.0008125050808303058,0.008,2.9756225927712876e-08,0.0006339760147966444,0.5832098126411438,4.3866833721040166e-08,0.9999253749847412,21306.244294132754
2,bert.encoder.layer.7.attention.self.value,value,0.0093535790219903,0.008,2.160166161502275e-07,0.006585371680557728,0.8918558955192566,1.9048434296564665e-06,0.9958292841911316,30486.377002079756
2,bert.encoder.layer.7.attention.output.dense,dense,0.003403021488338709,0.008,6.393160134621212e-08,0.002010629279538989,0.624240517616272,1.0550904789852211e-06,0.9996405839920044,31450.316451336377
2,bert.encoder.layer.8.attention.self.query,query,0.0026199978310614824,0.008,4.2056861104811105e-08,0.0010315130930393934,0.5356456637382507,1.1307570702001613e-07,0.9996201992034912,24527.164750260054
2,bert.encoder.layer.8.attention.self.key,key,0.002671104157343507,0.008,3.9530625883799075e-08,0.0011616776464506984,0.6745612025260925,1.1025396418062883e-07,0.9994778037071228,29387.453297338823
2,bert.encoder.layer.8.attention.self.value,value,0.010244009084999561,0.008,2.2668371002509957e-07,0.006570234429091215,0.8481543064117432,1.3693764913114137e-06,0.9959784746170044,28984.995352396847
2,bert.encoder.layer.8.attention.output.dense,dense,0.004321979358792305,0.008,6.662738627483122e-08,0.0021306464914232492,0.6931498050689697,7.619680104653526e-07,0.9986504316329956,31979.23472387832
2,bert.encoder.layer.9.attention.self.query,query,0.0022087814286351204,0.008,3.726819741700638e-08,0.0007973815081641078,0.5673561692237854,9.201733064401196e-08,0.9997151494026184,21396.33277772826
2,bert.encoder.layer.9.attention.self.key,key,0.0017729193205013871,0.008,3.4874513943350394e-08,0.0007237652316689491,0.6615241169929504,4.657065488800072e-08,0.9998033046722412,20754.071774679327
2,bert.encoder.layer.9.attention.self.value,value,0.009142878465354443,0.008,1.7946976527127845e-07,0.0062766787596046925,0.8689242005348206,1.6662286270729965e-06,0.9955376386642456,34974.324590694065
2,bert.encoder.layer.9.attention.output.dense,dense,0.0041938479989767075,0.008,5.651911649806607e-08,0.001353791099973023,0.5501998066902161,5.721722686757857e-07,0.9996405839920044,23953.35418487864
2,bert.encoder.layer.10.attention.self.query,query,0.0017681058961898088,0.008,4.45277485994211e-08,0.001318607130087912,0.6633684635162354,1.5147929843806196e-07,0.9994235634803772,29613.814042377966
2,bert.encoder.layer.10.attention.self.key,key,0.0010381244355812669,0.008,3.2373893787962515e-08,0.0007531981100328267,0.6014872789382935,7.70391324067532e-08,0.9998440146446228,23266.201968934558
2,bert.encoder.layer.10.attention.self.value,value,0.006128987297415733,0.008,1.0110436221566488e-07,0.0038954911287873983,0.8131598234176636,1.0554316531852237e-06,0.9952392578125,38530.2245946251
2,bert.encoder.layer.10.attention.output.dense,dense,0.003915643319487572,0.008,5.4480793210132106e-08,0.0020312066189944744,0.5789746046066284,7.286641903192503e-07,0.9987046718597412,37283.570908341586
2,bert.encoder.layer.11.attention.self.query,query,0.0016988819697871804,0.008,3.2822697448864346e-08,0.0008390665170736611,0.7066872715950012,6.136983188298473e-08,0.9996812343597412,25564.317486487376
2,bert.encoder.layer.11.attention.self.key,key,0.0011009329464286566,0.008,2.339846183474492e-08,0.0003971135593019426,0.39687228202819824,2.7857696593969195e-08,0.9999728798866272,16972.174838711
2,bert.encoder.layer.11.attention.self.value,value,0.006394681986421347,0.008,9.944304224518419e-08,0.003830589819699526,0.8118307590484619,1.0156244343306753e-06,0.9966023564338684,38521.24620238531
2,bert.encoder.layer.11.attention.output.dense,dense,0.003423796035349369,0.008,5.4684360151213696e-08,0.001448081573471427,0.5808159112930298,5.121554522702354e-07,0.9996677041053772,26481.303210265356
3,bert.encoder.layer.0.attention.self.query,query,0.002038351958617568,0.016,1.0968736319227901e-07,0.001445389585569501,0.4969424605369568,2.9508714760595467e-07,0.9995253086090088,13940.360068860655
3,bert.encoder.layer.0.attention.self.key,key,0.0016984198009595275,0.016,1.0420742313499431e-07,0.0013324363389983773,0.5029087066650391,2.445368352255173e-07,0.9993557333946228,17444.88776750029
3,bert.encoder.layer.0.attention.self.value,value,0.00628644647076726,0.016,2.1798469163059053e-07,0.003686100011691451,0.7748113870620728,2.435691612845403e-06,0.99755859375,21290.30276863899
3,bert.encoder.layer.0.attention.output.dense,dense,0.00617553573101759,0.016,1.996969558604178e-07,0.0033086708281189203,0.705412745475769,2.9409270609903615e-06,0.9985893964767456,18677.447947573128
3,bert.encoder.layer.1.attention.self.query,query,0.004506208933889866,0.016,1.0629749880308736e-07,0.001348610850982368,0.5255654454231262,2.802657945721876e-07,0.99957275390625,13102.254385933114
3,bert.encoder.layer.1.attention.self.key,key,0.0029121930710971355,0.016,8.627301184560565e-08,0.000826548202894628,0.43549633026123047,1.2532365190054406e-07,0.9998508095741272,12311.609815015141
3,bert.encoder.layer.1.attention.self.value,value,0.008449594490230083,0.016,3.470855745035806e-07,0.004974212497472763,0.8397061824798584,2.6780069219967118e-06,0.9971177577972412,18434.84903726647
3,bert.encoder.layer.1.attention.output.dense,dense,0.006503900978714228,0.016,1.8181269467731909e-07,0.0029995879158377647,0.6788020133972168,2.679873887245776e-06,0.99920654296875,19484.17157985269
3,bert.encoder.layer.2.attention.self.query,query,0.003198692575097084,0.016,1.1556416268376779e-07,0.001510895206592977,0.6451653242111206,2.435727992633474e-07,0.9993422031402588,14842.026659441795
3,bert.encoder.layer.2.attention.self.key,key,0.0023453666362911463,0.016,9.656492494514168e-08,0.0009968889644369483,0.5150557160377502,1.5331245606375887e-07,0.99969482421875,12752.821096368622
3,bert.encoder.layer.2.attention.self.value,value,0.010016737505793571,0.016,4.3608446276266477e-07,0.00587028544396162,0.858349621295929,3.5345583455637097e-06,0.9964463710784912,16199.474877455554
3,bert.encoder.layer.2.attention.output.dense,dense,0.008628101088106632,0.016,2.5798587444114673e-07,0.0043909004889428616,0.788635790348053,4.009661552117905e-06,0.9954494833946228,18854.91378629448
3,bert.encoder.layer.3.attention.self.query,query,0.002437902381643653,0.016,1.1080621220571629e-07,0.0013488188851624727,0.6129598617553711,2.0487965457505197e-07,0.9992811679840088,12373.351089874755
3,bert.encoder.layer.3.attention.self.key,key,0.0022383551113307476,0.016,1.058045597801538e-07,0.0011501022381708026,0.5455277562141418,1.7484168779446918e-07,0.9994913935661316,11347.47973589718
3,bert.encoder.layer.3.attention.self.value,value,0.01246129535138607,0.016,6.676143016193237e-07,0.00782534759491682,0.8093636631965637,4.697429176303558e-06,0.9926418662071228,13360.537602757035
3,bert.encoder.layer.3.attention.output.dense,dense,0.008430247195065022,0.016,2.71788650252347e-07,0.004287930205464363,0.7224351763725281,4.371619070298038e-06,0.9970703125,17338.632661640186
3,bert.encoder.layer.4.attention.self.query,query,0.005353899206966162,0.016,2.98399811526906e-07,0.003844620892778039,0.8073363304138184,1.1301067388558295e-06,0.9964396357536316,13487.724915238487
3,bert.encoder.layer.4.attention.self.key,key,0.007223287131637335,0.016,3.0886394597473554e-07,0.005412242375314236,0.8491203188896179,1.8287466900801519e-06,0.9916042685508728,17405.765618242982
3,bert.encoder.layer.4.attention.self.value,value,0.012964402325451374,0.016,7.349383395194309e-07,0.008294287137687206,0.8200287818908691,4.314997113397112e-06,0.99102783203125,13211.706561500738
3,bert.encoder.layer.4.attention.output.dense,dense,0.008775349706411362,0.016,2.7492430376696575e-07,0.004554893355816603,0.7594964504241943,4.3051063585153315e-06,0.9952799677848816,17188.882506782043
3,bert.encoder.layer.5.attention.self.query,query,0.0027036156971007586,0.016,1.2748769506742974e-07,0.001626661280170083,0.6756075024604797,2.420897260435595e-07,0.9990776777267456,14575.662273403905
3,bert.encoder.layer.5.attention.self.key,key,0.002518820809200406,0.016,1.309041692820756e-07,0.0014871463645249605,0.5506577491760254,3.3233945373467577e-07,0.9990912675857544,12405.378727656615
3,bert.encoder.layer.5.attention.self.value,value,0.013766825199127197,0.016,6.383798449860478e-07,0.008722588419914246,0.8864414095878601,4.30966611020267e-06,0.9894205927848816,15966.736413342
3,bert.encoder.layer.5.attention.output.dense,dense,0.007675473112612963,0.016,2.5085438437599805e-07,0.0039060800336301327,0.7667237520217896,3.310976353532169e-06,0.9966362714767456,15718.100537171858
3,bert.encoder.layer.6.attention.self.query,query,0.003472366835922003,0.016,1.506875548784592e-07,0.0022005869541317225,0.7494704127311707,4.696448741015047e-07,0.9984944462776184,14775.57930688909
3,bert.encoder.layer.6.attention.self.key,key,0.004007741343230009,0.016,1.4958659733110835e-07,0.0019233978819102049,0.6375195980072021,5.723009621760866e-07,0.9989691972732544,12998.989648878254
3,bert.encoder.layer.6.attention.self.value,value,0.012818400748074055,0.016,5.50102413399145e-07,0.007979673333466053,0.8791365027427673,4.224295480526052e-06,0.9899834394454956,17568.20837347958
3,bert.encoder.layer.6.attention.output.dense,dense,0.007302522659301758,0.016,2.2715349246027472e-07,0.0035969787277281284,0.7358947396278381,3.0949281608627643e-06,0.9977891445159912,16004.086932005996
3,bert.encoder.layer.7.attention.self.query,query,0.0024963016621768475,0.016,1.156218445430568e-07,0.001496998593211174,0.6390817165374756,2.6604695335663564e-07,0.9990505576133728,12900.080185141807
3,bert.encoder.layer.7.attention.self.key,key,0.002292063320055604,0.016,1.10964428756688e-07,0.0013133351458236575,0.6273468732833862,2.3791803016592894e-07,0.9992879033088684,11829.713156709839
3,bert.encoder.layer.7.attention.self.value,value,0.010832940228283405,0.016,5.07077004385792e-07,0.007227850612252951,0.881334662437439,4.1358534872415476e-06,0.9924994707107544,17620.986864911367
3,bert.encoder.layer.7.attention.output.dense,dense,0.006768594030290842,0.016,2.488421557700349e-07,0.004046599846333265,0.7555766105651855,3.593435849325033e-06,0.9970228672027588,18156.63445851755
3,bert.encoder.layer.8.attention.self.query,query,0.0029864192474633455,0.016,1.1896838003622179e-07,0.0016385194612666965,0.5708342790603638,4.0660322042640473e-07,0.9991251826286316,15895.533471350318
3,bert.encoder.layer.8.attention.self.key,key,0.002754008863121271,0.016,1.161662765980509e-07,0.0016230316832661629,0.6780778169631958,3.362325742273242e-07,0.9993218183517456,16808.02589180078
3,bert.encoder.layer.8.attention.self.value,value,0.010084004141390324,0.016,4.349705022832495e-07,0.006156028714030981,0.8819094896316528,2.224561740149511e-06,0.9954901933670044,19797.18700448644
3,bert.encoder.layer.8.attention.output.dense,dense,0.00638697249814868,0.016,1.9607577428359946e-07,0.0030936116818338633,0.6884211897850037,2.0764903183589922e-06,0.9981418251991272,18410.46510647176
3,bert.encoder.layer.9.attention.self.query,query,0.0021968588698655367,0.016,7.599304296945775e-08,0.0007778261788189411,0.4313979148864746,1.1735908600485345e-07,0.9998508095741272,15147.783163026115
3,bert.encoder.layer.9.attention.self.key,key,0.001347753801383078,0.016,6.67389841169097e-08,0.0006418825360015035,0.48920735716819763,5.8582187989486556e-08,0.9998711347579956,13071.583058984876
3,bert.encoder.layer.9.attention.self.value,value,0.008531895466148853,0.016,3.6652645007961837e-07,0.005601232405751944,0.845262885093689,2.7529204089660197e-06,0.99530029296875,21813.20130624601
3,bert.encoder.layer.9.attention.output.dense,dense,0.005285879597067833,0.016,1.5132233954773255e-07,0.0022846695501357317,0.6195633411407471,1.5252467164827976e-06,0.9993557333946228,16823.485210200124
3,bert.encoder.layer.10.attention.self.query,query,0.0008550704806111753,0.016,6.232383498172567e-08,0.0005174412508495152,0.31076470017433167,6.205809910397875e-08,0.9999592900276184,20437.417060498603
3,bert.encoder.layer.10.attention.self.key,key,0.0006581781199201941,0.016,4.829094635283582e-08,0.0002895047946367413,0.2300485521554947,2.7803666924341996e-08,1.0,15384.403131251756
3,bert.encoder.layer.10.attention.self.value,value,0.0059842560440301895,0.016,2.2632144691669964e-07,0.0034451810643076897,0.7913053035736084,1.5214457107504131e-06,0.99615478515625,21730.679294739773
3,bert.encoder.layer.10.attention.output.dense,dense,0.004344336688518524,0.016,1.455168927577688e-07,0.0023061572574079037,0.6919658780097961,1.0265246146445861e-06,0.9990302324295044,20638.296386626367
3,bert.encoder.layer.11.attention.self.query,query,0.001937671797350049,0.016,8.509978499660065e-08,0.0011590474750846624,0.5745708346366882,1.3387540320763947e-07,0.9995049238204956,16541.6105248667
3,bert.encoder.layer.11.attention.self.key,key,0.0013882337370887399,0.016,5.955889648134871e-08,0.0006572806159965694,0.39084216952323914,1.0324490062885161e-07,0.9999592900276184,11688.587263871976
3,bert.encoder.layer.11.attention.self.value,value,0.006344137247651815,0.016,2.2032646995739924e-07,0.0037915611173957586,0.7931041717529297,1.7370499563185149e-06,0.9966973066329956,23065.556479194907
3,bert.encoder.layer.11.attention.output.dense,dense,0.004420211538672447,0.016,1.4521739899464592e-07,0.002375324722379446,0.652536928653717,1.4284890994531452e-06,0.9993354082107544,17837.01570014547
4,bert.encoder.layer.0.attention.self.query,query,0.0008508694008924067,0.015833333333333335,3.950952631726068e-08,0.000554557191208005,0.26344040036201477,8.176255761327411e-08,0.9999728798866272,13834.13061449893
4,bert.encoder.layer.0.attention.self.key,key,0.0009569997782818973,0.015833333333333335,3.8424378345780497e-08,0.0006700724479742348,0.2517067492008209,1.117989825161203e-07,0.9999253749847412,17213.46748915985
4,bert.encoder.layer.0.attention.self.value,value,0.003130359575152397,0.015833333333333335,9.868249151168129e-08,0.001813144888728857,0.6063066124916077,8.917486411519349e-07,0.9995253086090088,21583.61635778695
4,bert.encoder.layer.0.attention.output.dense,dense,0.0032643196173012257,0.015833333333333335,1.0079165946308422e-07,0.0017370613059028983,0.5310438871383667,1.2304362826398574e-06,0.99993896484375,19209.962910769365
4,bert.encoder.layer.1.attention.self.query,query,0.0018113222904503345,0.015833333333333335,4.7192262542239405e-08,0.0006414319504983723,0.317817360162735,1.0014332474383991e-07,0.9999592900276184,13509.307786465466
4,bert.encoder.layer.1.attention.self.key,key,0.0015327691799029708,0.015833333333333335,3.9466151235956204e-08,0.00040343619184568524,0.2559264302253723,4.840373080128302e-08,0.9999932050704956,12808.691761664768
4,bert.encoder.layer.1.attention.self.value,value,0.005483612418174744,0.015833333333333335,1.886930220962313e-07,0.003214949043467641,0.8114774227142334,1.346780663880054e-06,0.9982842206954956,19248.420998568297
4,bert.encoder.layer.1.attention.output.dense,dense,0.003737008897587657,0.015833333333333335,9.726223737516193e-08,0.001652890699915588,0.5006272196769714,1.1581662420212524e-06,0.9999660849571228,20026.223886449523
4,bert.encoder.layer.2.attention.self.query,query,0.0017630317015573382,0.015833333333333335,5.0840792908957155e-08,0.0007526300614699721,0.40315285325050354,1.040340080749047e-07,0.9998779296875,15112.205397220318
4,bert.encoder.layer.2.attention.self.key,key,0.0012452062219381332,0.015833333333333335,4.131342734581267e-08,0.0005030353786423802,0.38175034523010254,5.688163184913719e-08,0.9999525547027588,13211.339795777581
4,bert.encoder.layer.2.attention.self.value,value,0.006461408454924822,0.015833333333333335,2.5177945417453884e-07,0.004118935205042362,0.8572456240653992,1.8125915630662348e-06,0.9978705644607544,17263.42302700437
4,bert.encoder.layer.2.attention.output.dense,dense,0.004640796221792698,0.015833333333333335,1.3629981765461707e-07,0.002296444261446595,0.6121861934661865,1.6487138054799289e-06,0.9994981288909912,19924.032176018405
4,bert.encoder.layer.3.attention.self.query,query,0.0011996598914265633,0.015833333333333335,6.505231908704445e-08,0.0007433282444253564,0.49235352873802185,9.758247188074165e-08,0.9998100996017456,12329.677842671328
4,bert.encoder.layer.3.attention.self.key,key,0.0011337216710671782,0.015833333333333335,6.380062700372946e-08,0.0007096763583831489,0.5204929113388062,8.422461661439229e-08,0.9998711347579956,12332.524203514318
4,bert.encoder.layer.3.attention.self.value,value,0.007517256774008274,0.015833333333333335,3.739804128599644e-07,0.004999729339033365,0.8105319738388062,2.0538820990623208e-06,0.9963650107383728,15760.557574208866
4,bert.encoder.layer.3.attention.output.dense,dense,0.00408228999003768,0.015833333333333335,1.3106226504078222e-07,0.0022379939910024405,0.5885080695152283,1.6727037746022688e-06,0.9997151494026184,18378.50210056618
4,bert.encoder.layer.4.attention.self.query,query,0.0015174229629337788,0.015833333333333335,7.214337927052838e-08,0.0010180576937273145,0.45245206356048584,1.981547086415958e-07,0.9997287392616272,14105.851392249784
4,bert.encoder.layer.4.attention.self.key,key,0.001622163807041943,0.015833333333333335,8.515093696814802e-08,0.001092613791115582,0.4958969056606293,1.9817372276520473e-07,0.9996609091758728,19180.03393994575
4,bert.encoder.layer.4.attention.self.value,value,0.007566286716610193,0.015833333333333335,3.169376157075021e-07,0.005325358361005783,0.8543331623077393,2.3541474547528196e-06,0.9953206181526184,15084.711373393382
4,bert.encoder.layer.4.attention.output.dense,dense,0.004597797989845276,0.015833333333333335,1.4271198267579166e-07,0.0023533711209893227,0.5570856332778931,1.813040285014722e-06,0.9998304843902588,18127.844688012134
4,bert.encoder.layer.5.attention.self.query,query,0.001274947775527835,0.015833333333333335,5.135790814847496e-08,0.0006559346802532673,0.3696424663066864,1.0264849947816401e-07,0.99993896484375,14645.862521375298
4,bert.encoder.layer.5.attention.self.key,key,0.0011182251619175076,0.015833333333333335,4.809694331697756e-08,0.0006529376842081547,0.40125542879104614,1.1543928479795795e-07,0.9999932050704956,12892.405678304893
4,bert.encoder.layer.5.attention.self.value,value,0.007875584065914154,0.015833333333333335,3.223916849037778e-07,0.005409221164882183,0.9070138335227966,1.589066755514068e-06,0.9967108964920044,16665.20089917598
4,bert.encoder.layer.5.attention.output.dense,dense,0.003926692996174097,0.015833333333333335,1.0829049301719351e-07,0.001724465168081224,0.5148909687995911,1.194578885588271e-06,1.0,16472.670517928622
4,bert.encoder.layer.6.attention.self.query,query,0.0020619176793843508,0.015833333333333335,5.154447890731717e-08,0.0006466499180532992,0.33836081624031067,1.0971147190730335e-07,0.99993896484375,14962.822741099582
4,bert.encoder.layer.6.attention.self.key,key,0.0022805591579526663,0.015833333333333335,4.950392096247924e-08,0.0007088648853823543,0.4041763246059418,1.2312349895182706e-07,0.9998915195465088,13315.777477019463
4,bert.encoder.layer.6.attention.self.value,value,0.009110705927014351,0.015833333333333335,3.6730210695168353e-07,0.005764121189713478,0.8963363766670227,1.923680656545912e-06,0.9964870810508728,17075.89520751927
4,bert.encoder.layer.6.attention.output.dense,dense,0.0053565544076263905,0.015833333333333335,1.2354604450592888e-07,0.002050881739705801,0.5557181239128113,1.5306079603760736e-06,0.9999796748161316,16842.08582413491
4,bert.encoder.layer.7.attention.self.query,query,0.0013201971305534244,0.015833333333333335,6.022016663109753e-08,0.0008054705103859305,0.3794535994529724,1.6904918709315098e-07,0.9999050498008728,13487.115257154785
4,bert.encoder.layer.7.attention.self.key,key,0.0011368804844096303,0.015833333333333335,5.01309962430696e-08,0.0006775923538953066,0.45865944027900696,9.827917324400914e-08,0.9999186396598816,12678.318997864917
4,bert.encoder.layer.7.attention.self.value,value,0.009183529764413834,0.015833333333333335,4.050186817039503e-07,0.006328593008220196,0.8824146389961243,3.33381262862531e-06,0.9949951171875,16696.135799088923
4,bert.encoder.layer.7.attention.output.dense,dense,0.005388343241065741,0.015833333333333335,1.7631496973535832e-07,0.0031129152048379183,0.6757150292396545,2.7204696380067617e-06,0.9992811679840088,18669.914328706796
4,bert.encoder.layer.8.attention.self.query,query,0.004134346265345812,0.015833333333333335,1.687346440348847e-07,0.0029901419766247272,0.7533102035522461,7.705430675741809e-07,0.9978095293045044,17714.206596892105
4,bert.encoder.layer.8.attention.self.key,key,0.0028906194493174553,0.015833333333333335,1.315192719175684e-07,0.002245064126327634,0.7599049806594849,4.629355316865258e-07,0.9988064169883728,18423.23752125429
4,bert.encoder.layer.8.attention.self.value,value,0.010988283902406693,0.015833333333333335,4.719202877367934e-07,0.006783830001950264,0.8627954125404358,3.834017661574762e-06,0.9936048984527588,16343.84524019932
4,bert.encoder.layer.8.attention.output.dense,dense,0.008321023546159267,0.015833333333333335,2.3210415633911907e-07,0.004276909865438938,0.7485544681549072,3.4900835998996627e-06,0.9951307773590088,18462.837276350256
4,bert.encoder.layer.9.attention.self.query,query,0.0026685299817472696,0.015833333333333335,5.472589492683255e-08,0.000833445112220943,0.5182303786277771,1.4544981752351305e-07,0.9998643398284912,14944.857201962373
4,bert.encoder.layer.9.attention.self.key,key,0.001921036746352911,0.015833333333333335,4.935621689128311e-08,0.0005694953724741936,0.45895832777023315,6.970212496071326e-08,0.9999592900276184,13084.348750678804
4,bert.encoder.layer.9.attention.self.value,value,0.01358132902532816,0.015833333333333335,3.1893841878627427e-07,0.005719993729144335,0.8294385671615601,3.8524376577697694e-06,0.9937947392463684,19733.76791287681
4,bert.encoder.layer.9.attention.output.dense,dense,0.01043136790394783,0.015833333333333335,2.1908449809870945e-07,0.0038922408130019903,0.7509687542915344,3.323467126392643e-06,0.9968736171722412,17356.422263264267
4,bert.encoder.layer.10.attention.self.query,query,0.0020424837712198496,0.015833333333333335,9.344689289036978e-08,0.0013039998011663556,0.505131721496582,2.7363202548258414e-07,0.9995185136795044,15758.016573556155
4,bert.encoder.layer.10.attention.self.key,key,0.0016933758743107319,0.015833333333333335,8.074323432083474e-08,0.0011107681784778833,0.5431600213050842,2.207132467901829e-07,0.9995524287223816,13378.480288220997
4,bert.encoder.layer.10.attention.self.value,value,0.0052821338176727295,0.015833333333333335,1.6186652374017285e-07,0.0028981519863009453,0.6968320608139038,1.5348800843639765e-06,0.9975653886795044,19237.050737841026
4,bert.encoder.layer.10.attention.output.dense,dense,0.00452107610180974,0.015833333333333335,1.1744177186301386e-07,0.0021095152478665113,0.6104516983032227,1.2621673022295e-06,0.9996134638786316,18529.93608378732
4,bert.encoder.layer.11.attention.self.query,query,0.002951971488073468,0.015833333333333335,6.466044055741804e-08,0.0011846909765154123,0.45694419741630554,2.251437507538867e-07,0.9994981288909912,15942.74016666343
4,bert.encoder.layer.11.attention.self.key,key,0.0025407616049051285,0.015833333333333335,4.778510742653452e-08,0.0007045560632832348,0.3779005706310272,1.4179239826717094e-07,0.9999525547027588,11788.454880330777
4,bert.encoder.layer.11.attention.self.value,value,0.005319264251738787,0.015833333333333335,1.0975308839533682e-07,0.00232733809389174,0.6621366143226624,1.1602832046264666e-06,0.9989963173866272,21560.409012821685
4,bert.encoder.layer.11.attention.output.dense,dense,0.004180224612355232,0.015833333333333335,9.187974114865938e-08,0.0019217727240175009,0.5992546081542969,1.20122535918199e-06,0.9999050498008728,17779.283252018893
5,bert.encoder.layer.0.attention.self.query,query,0.0015864501474425197,0.015666666666666666,8.54935677807589e-08,0.0010828912490978837,0.3763508200645447,2.414558366581332e-07,0.9998100996017456,13563.316440762414
5,bert.encoder.layer.0.attention.self.key,key,0.0012908304343000054,0.015666666666666666,7.014139669081487e-08,0.0009216446778737009,0.3058696389198303,1.8744877650078706e-07,0.9997422695159912,16234.12060238878
5,bert.encoder.layer.0.attention.self.value,value,0.00546850124374032,0.015666666666666666,1.6779102907094057e-07,0.0029458613134920597,0.7050256133079529,1.8731864201981807e-06,0.9985012412071228,20949.804188786024
5,bert.encoder.layer.0.attention.output.dense,dense,0.006192015018314123,0.015666666666666666,1.9146932572766673e-07,0.003243765328079462,0.6955616474151611,2.9439049740176415e-06,0.9988877773284912,18889.761527152226
5,bert.encoder.layer.1.attention.self.query,query,0.005762661341577768,0.015666666666666666,1.0295158148210248e-07,0.001367537071928382,0.4204554557800293,3.8999013440843555e-07,0.9996677041053772,13629.564483837648
5,bert.encoder.layer.1.attention.self.key,key,0.003470806172117591,0.015666666666666666,9.004999412809411e-08,0.001085692667402327,0.4214402437210083,2.5428491312595725e-07,0.9997965693473816,12915.902891158463
5,bert.encoder.layer.1.attention.self.value,value,0.009170971810817719,0.015666666666666666,3.102662162746128e-07,0.004914841614663601,0.8395017385482788,2.9370128231676063e-06,0.9968668818473816,17749.822196808404
5,bert.encoder.layer.1.attention.output.dense,dense,0.0070103732869029045,0.015666666666666666,1.7782760153295385e-07,0.003005065256729722,0.6598547101020813,2.7472588044474833e-06,0.9993828535079956,19465.377468230963
5,bert.encoder.layer.2.attention.self.query,query,0.003536209696903825,0.015666666666666666,1.482173388467345e-07,0.0018697112100198865,0.5901276469230652,5.154013251740253e-07,0.9988471269607544,13973.921857043839
5,bert.encoder.layer.2.attention.self.key,key,0.0027394392527639866,0.015666666666666666,1.307818138229777e-07,0.00158393825404346,0.5468567609786987,2.6825728127732873e-07,0.9987521767616272,12947.816286947025
5,bert.encoder.layer.2.attention.self.value,value,0.006806626915931702,0.015666666666666666,2.5935247549568885e-07,0.0042381687089800835,0.8436049818992615,2.2449598873208743e-06,0.9977349042892456,18166.32688136746
5,bert.encoder.layer.2.attention.output.dense,dense,0.0053951321169734,0.015666666666666666,1.507785043486365e-07,0.002801017602905631,0.6785931587219238,2.1902455955569167e-06,0.9990166425704956,20072.385920026114
5,bert.encoder.layer.3.attention.self.query,query,0.0016168730799108744,0.015666666666666666,6.814391184661872e-08,0.0009296012576669455,0.42378273606300354,1.58430339070037e-07,0.9996880292892456,12403.235833430366
5,bert.encoder.layer.3.attention.self.key,key,0.0015231057768687606,0.015666666666666666,6.211061531757878e-08,0.0007852718699723482,0.45794329047203064,1.1371881214472523e-07,0.9997829794883728,12579.106221709355
5,bert.encoder.layer.3.attention.self.value,value,0.008081796579062939,0.015666666666666666,3.2014915518630005e-07,0.005217181984335184,0.8622475266456604,2.4665778255439363e-06,0.9957682490348816,16799.421303484574
5,bert.encoder.layer.3.attention.output.dense,dense,0.004683470353484154,0.015666666666666666,1.347789151395773e-07,0.002459172857925296,0.6200667023658752,1.945557187355007e-06,0.9995930790901184,18772.83935957457
5,bert.encoder.layer.4.attention.self.query,query,0.0018965426133945584,0.015666666666666666,7.914081123772121e-08,0.0013104500249028206,0.5594192743301392,2.572243431586685e-07,0.9995863437652588,14415.807075322202
5,bert.encoder.layer.4.attention.self.key,key,0.0017721017356961966,0.015666666666666666,7.23108612987744e-08,0.001085913274437189,0.45446187257766724,2.210467044960751e-07,0.9996269941329956,19920.087200724487
5,bert.encoder.layer.4.attention.self.value,value,0.007959546521306038,0.015666666666666666,2.8301687393650354e-07,0.0052002412267029285,0.833082914352417,2.809424813676742e-06,0.9945271611213684,16759.411207077213
5,bert.encoder.layer.4.attention.output.dense,dense,0.005526173394173384,0.015666666666666666,1.579549007146852e-07,0.00289133470505476,0.6244907975196838,2.3988077373360284e-06,0.9994574785232544,18477.939740249953
5,bert.encoder.layer.5.attention.self.query,query,0.0017403722740709782,0.015666666666666666,6.143351072296355e-08,0.0009592748247087002,0.4527420103549957,1.7159591436666233e-07,0.999755859375,14791.342811291093
5,bert.encoder.layer.5.attention.self.key,key,0.0013944122474640608,0.015666666666666666,5.206554831715948e-08,0.0008032385376282036,0.47922709584236145,1.4671748260752793e-07,0.9998440146446228,13166.524753842623
5,bert.encoder.layer.5.attention.self.value,value,0.008269534446299076,0.015666666666666666,3.303720177427749e-07,0.00564779294654727,0.9103555679321289,1.7350038206132012e-06,0.9962971806526184,17016.741639426753
5,bert.encoder.layer.5.attention.output.dense,dense,0.004410925321280956,0.015666666666666666,1.1144274481011962e-07,0.001985779497772455,0.5878158807754517,1.448651801183587e-06,0.9999932050704956,16849.839760114377
5,bert.encoder.layer.6.attention.self.query,query,0.0028007198125123978,0.015666666666666666,5.287117232910532e-08,0.0008392830495722592,0.344174325466156,1.632081847446898e-07,0.9997761845588684,14818.539138946784
5,bert.encoder.layer.6.attention.self.key,key,0.002700314624235034,0.015666666666666666,5.011882464600603e-08,0.0007822192274034023,0.43274086713790894,1.4093717481955537e-07,0.9998643398284912,13559.603941541765
5,bert.encoder.layer.6.attention.self.value,value,0.009178106673061848,0.015666666666666666,3.485706940864475e-07,0.0057223085314035416,0.9035174250602722,2.018428858718835e-06,0.9965006709098816,17262.122017899856
5,bert.encoder.layer.6.attention.output.dense,dense,0.005806511268019676,0.015666666666666666,1.2320998621362378e-07,0.002364251296967268,0.6254432201385498,1.8242473061036435e-06,0.9998711347579956,17331.49053460892
5,bert.encoder.layer.7.attention.self.query,query,0.0020719030871987343,0.015666666666666666,7.854680461605312e-08,0.0011711264960467815,0.5007176995277405,3.042413823095558e-07,0.9994235634803772,14447.29981086585
5,bert.encoder.layer.7.attention.self.key,key,0.0014501758851110935,0.015666666666666666,5.933658897561145e-08,0.0008164808969013393,0.4984652101993561,1.2175298991223826e-07,0.9998372197151184,13079.221832752786
5,bert.encoder.layer.7.attention.self.value,value,0.009035913273692131,0.015666666666666666,3.273277400239749e-07,0.005842824000865221,0.8733438849449158,3.6971682675357442e-06,0.9943644404411316,17108.494020635473
5,bert.encoder.layer.7.attention.output.dense,dense,0.005722002126276493,0.015666666666666666,1.7415187869573856e-07,0.003353256033733487,0.7152093052864075,2.9248467399156652e-06,0.9988606572151184,18940.24238789594
5,bert.encoder.layer.8.attention.self.query,query,0.0038601213600486517,0.015666666666666666,1.3321438530056184e-07,0.0021506373304873705,0.6016952395439148,6.785772370676568e-07,0.9986640214920044,18228.468425770145
5,bert.encoder.layer.8.attention.self.key,key,0.0025175875052809715,0.015666666666666666,9.2380211924592e-08,0.001432360033504665,0.6148383021354675,3.435526991779625e-07,0.9993828535079956,18710.02690921282
5,bert.encoder.layer.8.attention.self.value,value,0.008911721408367157,0.015666666666666666,3.032649829037837e-07,0.005435657221823931,0.8513026237487793,3.120012706858688e-06,0.9952460527420044,16873.49403186229
5,bert.encoder.layer.8.attention.output.dense,dense,0.007125252857804298,0.015666666666666666,1.8499964937745972e-07,0.0037687423173338175,0.7261640429496765,3.0798064472037368e-06,0.9969550371170044,18622.36311078949
5,bert.encoder.layer.9.attention.self.query,query,0.0019019967876374722,0.015666666666666666,3.6706435224687084e-08,0.0006882298039272428,0.4110795259475708,1.4179990159846056e-07,1.0,14811.369000430988
5,bert.encoder.layer.9.attention.self.key,key,0.0014737710589542985,0.015666666666666666,3.295840755868085e-08,0.0005612469394691288,0.37675270438194275,6.434981969505316e-08,0.99993896484375,13241.370191137572
5,bert.encoder.layer.9.attention.self.value,value,0.0072228373028337955,0.015666666666666666,2.178738895963761e-07,0.004239239264279604,0.8461207151412964,1.8983371319336584e-06,0.9964125156402588,19557.721279307985
5,bert.encoder.layer.9.attention.output.dense,dense,0.005385081749409437,0.015666666666666666,9.937185296848838e-08,0.0020213525276631117,0.57422935962677,1.5027756035124185e-06,1.0,17595.984501481682
5,bert.encoder.layer.10.attention.self.query,query,0.0016592160100117326,0.015666666666666666,4.868607916819201e-08,0.0007794136181473732,0.5118956565856934,1.5361690941517736e-07,1.0,14877.424984472045
5,bert.encoder.layer.10.attention.self.key,key,0.0011569231282919645,0.015666666666666666,3.289498096137322e-08,0.0005161983426660299,0.4704675078392029,6.544254205209654e-08,0.9999728798866272,12720.84566910669
5,bert.encoder.layer.10.attention.self.value,value,0.005216530524194241,0.015666666666666666,1.6775467770457908e-07,0.0031600368674844503,0.8214477300643921,1.2670211617660243e-06,0.9963786005973816,19201.18108241454
5,bert.encoder.layer.10.attention.output.dense,dense,0.004099116660654545,0.015666666666666666,7.950333724693337e-08,0.0015859071863815188,0.5268433094024658,8.469911563224741e-07,0.9999186396598816,18232.693862003183
5,bert.encoder.layer.11.attention.self.query,query,0.002091855276376009,0.015666666666666666,4.1441715836754156e-08,0.0008034534985199571,0.4075694680213928,1.3198467740949127e-07,0.9998643398284912,15868.515629456613
5,bert.encoder.layer.11.attention.self.key,key,0.0018111200770363212,0.015666666666666666,3.0652120841523356e-08,0.0005357550107873976,0.3419227600097656,8.591073452635101e-08,0.9999932050704956,11951.879949982564
5,bert.encoder.layer.11.attention.self.value,value,0.004479869268834591,0.015666666666666666,1.1222589080261969e-07,0.0022571708541363478,0.7687894701957703,7.688096843594394e-07,0.9986775517463684,21108.641603739194
5,bert.encoder.layer.11.attention.output.dense,dense,0.003240778809413314,0.015666666666666666,5.988111695387488e-08,0.0013508417177945375,0.48317015171051025,7.344642654061317e-07,1.0,17740.185137318218
6,bert.encoder.layer.0.attention.self.query,query,0.004282217938452959,0.0155,1.9581571564231126e-07,0.0027001190464943647,0.5977573990821838,1.1146655651828041e-06,0.9986504316329956,13865.731327787518
6,bert.encoder.layer.0.attention.self.key,key,0.004140009172260761,0.0155,2.2083105477577192e-07,0.002750805811956525,0.5618261098861694,1.0815516588991159e-06,0.9979587197303772,14900.764372230089
6,bert.encoder.layer.0.attention.self.value,value,0.012538130395114422,0.0155,4.412356986449595e-07,0.0068657719530165195,0.8224140405654907,7.005242878221907e-06,0.9893459677696228,17943.482781486102
6,bert.encoder.layer.0.attention.output.dense,dense,0.013620858080685139,0.0155,4.2965891111634846e-07,0.007371603976935148,0.8511281609535217,9.053324902197346e-06,0.9821438193321228,18224.657132840806
6,bert.encoder.layer.1.attention.self.query,query,0.0067156413570046425,0.0155,1.745946462961001e-07,0.0026353192515671253,0.5529525876045227,1.228011910825444e-06,0.99822998046875,14903.050114463857
6,bert.encoder.layer.1.attention.self.key,key,0.005226803477853537,0.0155,1.3113631780470314e-07,0.0017391969449818134,0.4694848656654358,5.849922217748826e-07,0.9990912675857544,13541.0193114093
6,bert.encoder.layer.1.attention.self.value,value,0.013535654172301292,0.0155,6.184171184031584e-07,0.0067788283340632915,0.8157303333282471,5.211154984863242e-06,0.9952121376991272,13714.236214912022
6,bert.encoder.layer.1.attention.output.dense,dense,0.013746548444032669,0.0155,3.6145121384834056e-07,0.006299443077296019,0.827351450920105,7.608151008753339e-06,0.9886474609375,18703.03741880004
6,bert.encoder.layer.2.attention.self.query,query,0.005210810340940952,0.0155,1.6596699481397081e-07,0.002455169102177024,0.6190011501312256,8.888457614375511e-07,0.9983113408088684,14570.964543860533
6,bert.encoder.layer.2.attention.self.key,key,0.0043121338821947575,0.0155,1.2118060510601936e-07,0.001535253250040114,0.49014848470687866,4.3362311430428235e-07,0.9991929531097412,12995.861549725758
6,bert.encoder.layer.2.attention.self.value,value,0.015552124008536339,0.0155,8.864934102348343e-07,0.007463853340595961,0.8027049899101257,6.050594492990058e-06,0.9931437373161316,11186.098264815495
6,bert.encoder.layer.2.attention.output.dense,dense,0.0162044670432806,0.0155,4.996521170141932e-07,0.008102606981992722,0.8612834215164185,9.69139455264667e-06,0.9751247763633728,17749.545250369792
6,bert.encoder.layer.3.attention.self.query,query,0.004727490246295929,0.0155,1.9351715252469148e-07,0.002904280321672559,0.6032312512397766,1.4275034345700988e-06,0.9970906376838684,14306.206623253463
6,bert.encoder.layer.3.attention.self.key,key,0.0051720463670790195,0.0155,2.235410221373968e-07,0.0036309289280325174,0.7671156525611877,9.96888047666289e-07,0.9970906376838684,15989.97478885477
6,bert.encoder.layer.3.attention.self.value,value,0.015595062635838985,0.0155,1.0530518466111971e-06,0.009524100460112095,0.8076168894767761,7.3185956352972426e-06,0.9861857295036316,11857.310176391979
6,bert.encoder.layer.3.attention.output.dense,dense,0.014561132527887821,0.0155,5.135979677106661e-07,0.008288094773888588,0.8339480757713318,1.0167370419367217e-05,0.9741753339767456,17195.01192474545
6,bert.encoder.layer.4.attention.self.query,query,0.004964481573551893,0.0155,1.699926031051291e-07,0.0026156743988394737,0.5534138679504395,1.2344073638814734e-06,0.99798583984375,14544.627282711563
6,bert.encoder.layer.4.attention.self.key,key,0.004817270673811436,0.0155,1.7398100737864297e-07,0.002797212917357683,0.6162265539169312,1.1290846941847121e-06,0.99737548828125,18508.72443371067
6,bert.encoder.layer.4.attention.self.value,value,0.018583979457616806,0.0155,9.17494162422372e-07,0.010901742614805698,0.8508509397506714,8.76517515280284e-06,0.9782307744026184,13688.82659688234
6,bert.encoder.layer.4.attention.output.dense,dense,0.018531404435634613,0.0155,6.260075338104798e-07,0.010324432514607906,0.8730880618095398,1.2767532098223455e-05,0.9545695185661316,17571.992832282445
6,bert.encoder.layer.5.attention.self.query,query,0.004360745660960674,0.0155,1.4196706388247549e-07,0.0024098476860672235,0.5938323736190796,8.152487112056406e-07,0.9981282353401184,15509.141545697988
6,bert.encoder.layer.5.attention.self.key,key,0.003596325870603323,0.0155,1.2994883036299143e-07,0.0019834600389003754,0.5756680965423584,5.649084755532385e-07,0.9984877109527588,13634.660742247117
6,bert.encoder.layer.5.attention.self.value,value,0.015301331877708435,0.0155,1.4019638001627754e-06,0.00901322066783905,0.8167783617973328,3.572400146367727e-06,0.9950493574142456,9681.702151659605
6,bert.encoder.layer.5.attention.output.dense,dense,0.013282420113682747,0.0155,4.1899644998011354e-07,0.006801233161240816,0.8435479998588562,7.64540527598001e-06,0.9837307333946228,17254.051459226976
6,bert.encoder.layer.6.attention.self.query,query,0.008698034100234509,0.0155,1.3815491683999426e-07,0.0021007508039474487,0.5565750002861023,8.13654196463176e-07,0.9983927607536316,15236.875521614762
6,bert.encoder.layer.6.attention.self.key,key,0.006602642126381397,0.0155,1.2448056452285527e-07,0.0018636778695508838,0.6109157800674438,5.225097652328259e-07,0.9986979365348816,14340.018437722032
6,bert.encoder.layer.6.attention.self.value,value,0.01907798834145069,0.0155,1.5649860642952262e-06,0.008618977852165699,0.8048686981201172,3.844914317596704e-06,0.9951511025428772,9126.495571269199
6,bert.encoder.layer.6.attention.output.dense,dense,0.021721484139561653,0.0155,4.972809506398335e-07,0.00837747473269701,0.8714600801467896,9.719704394228756e-06,0.9696384072303772,17864.257200373908
6,bert.encoder.layer.7.attention.self.query,query,0.006582341156899929,0.0155,2.312309845819982e-07,0.0035170132759958506,0.769314706325531,1.5832246162972297e-06,0.9952392578125,15642.586660776464
6,bert.encoder.layer.7.attention.self.key,key,0.004433020018041134,0.0155,1.6751319265040365e-07,0.002548730233684182,0.712507426738739,7.299019557649444e-07,0.9983791708946228,14434.791975870916
6,bert.encoder.layer.7.attention.self.value,value,0.020637627691030502,0.0155,1.4778070180909708e-06,0.010347815230488777,0.8071323037147522,8.566261385567486e-06,0.9766574501991272,10184.301755635226
6,bert.encoder.layer.7.attention.output.dense,dense,0.024258365854620934,0.0155,8.889445552995312e-07,0.013038829900324345,0.8879238367080688,1.586829785082955e-05,0.9291720986366272,15966.467686969872
6,bert.encoder.layer.8.attention.self.query,query,0.012254172004759312,0.0155,4.442069609922328e-07,0.00800276454538107,0.8688332438468933,4.643758529709885e-06,0.98406982421875,17817.472158514727
6,bert.encoder.layer.8.attention.self.key,key,0.008419868536293507,0.0155,3.2903818691920605e-07,0.005595850758254528,0.8240892887115479,2.7539381335373037e-06,0.9904106855392456,17316.7127793981
6,bert.encoder.layer.8.attention.self.value,value,0.022527117282152176,0.0155,1.7136053429567255e-06,0.01023713406175375,0.7731190919876099,8.050028554862365e-06,0.9813910722732544,8677.83322066418
6,bert.encoder.layer.8.attention.output.dense,dense,0.02937089279294014,0.0155,1.19173125767702e-06,0.013459328562021255,0.8310626149177551,1.5964287740644068e-05,0.9307997226715088,12715.389763124776
6,bert.encoder.layer.9.attention.self.query,query,0.005532634910196066,0.0155,7.501896703843158e-08,0.0011505194706842303,0.5020611882209778,2.6829627586266724e-07,0.9997761845588684,15293.358325984866
6,bert.encoder.layer.9.attention.self.key,key,0.004133590962737799,0.0155,6.298110832858583e-08,0.0008868256118148565,0.5642369389533997,1.038379338069717e-07,0.99969482421875,13135.170969575047
6,bert.encoder.layer.9.attention.self.value,value,0.019924014806747437,0.0155,1.4389515854418278e-06,0.009608682245016098,0.8273467421531677,5.404107014328474e-06,0.9930555820465088,8943.746787399312
6,bert.encoder.layer.9.attention.output.dense,dense,0.024369439110159874,0.0155,6.558908580700518e-07,0.010902147740125656,0.9044125080108643,1.3128457794664428e-05,0.9479777216911316,17916.57339632839
6,bert.encoder.layer.10.attention.self.query,query,0.004665331449359655,0.0155,1.4521302205139364e-07,0.0024093713145703077,0.7656137943267822,8.27492613098002e-07,0.9980129599571228,15495.03054123375
6,bert.encoder.layer.10.attention.self.key,key,0.003748983144760132,0.0155,1.0711694642395742e-07,0.0017678034491837025,0.7336047887802124,4.764308130233985e-07,0.9989556074142456,14291.02705667008
6,bert.encoder.layer.10.attention.self.value,value,0.01600516028702259,0.0155,6.604245754715521e-07,0.009063389152288437,0.8832589983940125,5.085516022518277e-06,0.9865790605545044,15502.23943772187
6,bert.encoder.layer.10.attention.output.dense,dense,0.015789680182933807,0.0155,3.5307201073919714e-07,0.005666231270879507,0.8146762251853943,5.108747245685663e-06,0.9888780117034912,18362.316043325263
6,bert.encoder.layer.11.attention.self.query,query,0.0043383752927184105,0.0155,1.2497876866746083e-07,0.002008475363254547,0.5754910111427307,5.744630016124574e-07,0.9983859658241272,15428.671774558954
6,bert.encoder.layer.11.attention.self.key,key,0.003209823276847601,0.0155,9.095828090721625e-08,0.0013789467047899961,0.5410693883895874,3.419841050344985e-07,0.9992743730545044,13100.579662694445
6,bert.encoder.layer.11.attention.self.value,value,0.010448689572513103,0.0155,4.4355800810080837e-07,0.0060271346010267735,0.8347575664520264,2.4913092602218967e-06,0.9951578974723816,17433.530768621877
6,bert.encoder.layer.11.attention.output.dense,dense,0.008071727119386196,0.0155,2.101079275007578e-07,0.00357400206848979,0.7446275949478149,2.5548579287715256e-06,0.9967041015625,18058.984560604018
7,bert.encoder.layer.0.attention.self.query,query,0.0019283059518784285,0.015333333333333334,6.081219083853284e-08,0.0010956845944747329,0.3405236601829529,3.25213107998934e-07,0.9998982548713684,14305.000942684628
7,bert.encoder.layer.0.attention.self.key,key,0.0018077923450618982,0.015333333333333334,5.801097913149533e-08,0.000997126568108797,0.28894180059432983,2.8555083986248064e-07,0.9999253749847412,15064.497330199996
7,bert.encoder.layer.0.attention.self.value,value,0.004654585849493742,0.015333333333333334,1.3028432022110792e-07,0.0025988337583839893,0.6202515959739685,1.862009753494931e-06,0.9992472529411316,18348.528924917606
7,bert.encoder.layer.0.attention.output.dense,dense,0.004893895238637924,0.015333333333333334,1.377945864078356e-07,0.0025625252164900303,0.607623815536499,2.295527792739449e-06,0.9998576045036316,18794.41738542646
7,bert.encoder.layer.1.attention.self.query,query,0.0028581153601408005,0.015333333333333334,6.71688056286257e-08,0.0012153279967606068,0.33831724524497986,3.971853459461272e-07,0.9999253749847412,15337.588900497543
7,bert.encoder.layer.1.attention.self.key,key,0.002446884987875819,0.015333333333333334,5.534438329846125e-08,0.0008881613612174988,0.30548956990242004,2.1392573046341568e-07,0.9999525547027588,13896.87893254264
7,bert.encoder.layer.1.attention.self.value,value,0.006251536309719086,0.015333333333333334,2.0475252426876978e-07,0.0037960463669151068,0.797896683216095,2.2566252937394893e-06,0.9979519248008728,14376.493274073224
7,bert.encoder.layer.1.attention.output.dense,dense,0.0049959514290094376,0.015333333333333334,1.2705966412340786e-07,0.0023681586608290672,0.5837628245353699,2.074615167657612e-06,0.99981689453125,19147.048473527524
7,bert.encoder.layer.2.attention.self.query,query,0.0024929943028837442,0.015333333333333334,6.168978217147014e-08,0.0009872188093140721,0.3190199136734009,2.8527188078442123e-07,0.9999253749847412,15014.745497909262
7,bert.encoder.layer.2.attention.self.key,key,0.0021009522024542093,0.015333333333333334,5.1517361043806886e-08,0.0007958716596476734,0.33896881341934204,1.7324578038824257e-07,0.9999050498008728,13389.357666080412
7,bert.encoder.layer.2.attention.self.value,value,0.00738382525742054,0.015333333333333334,2.529749281166005e-07,0.004461116157472134,0.8367794156074524,2.8790418582502753e-06,0.9974501132965088,11763.455458167151
7,bert.encoder.layer.2.attention.output.dense,dense,0.006275360006839037,0.015333333333333334,1.717700541803424e-07,0.0032534736674278975,0.6897184252738953,2.9451557566062547e-06,0.9987928867340088,18250.994054586543
7,bert.encoder.layer.3.attention.self.query,query,0.002479674993082881,0.015333333333333334,7.637948584715559e-08,0.00140847684815526,0.39945268630981445,5.382003678278124e-07,0.99993896484375,14945.014863951852
7,bert.encoder.layer.3.attention.self.key,key,0.0022124492097646,0.015333333333333334,7.907987509270242e-08,0.0013462045462802052,0.4419049024581909,3.8283047842924134e-07,0.9996269941329956,16431.010438729954
7,bert.encoder.layer.3.attention.self.value,value,0.007534910459071398,0.015333333333333334,2.694996226182411e-07,0.0049477205611765385,0.8289417624473572,2.9888656172261108e-06,0.9958360195159912,12537.416260216169
7,bert.encoder.layer.3.attention.output.dense,dense,0.0051684267818927765,0.015333333333333334,1.6018566384445876e-07,0.00293002394028008,0.6466308832168579,2.621560724946903e-06,0.9991929531097412,17611.866100885767
7,bert.encoder.layer.4.attention.self.query,query,0.002939839381724596,0.015333333333333334,9.290690883290154e-08,0.001722564222291112,0.4953434467315674,6.212312655407004e-07,0.9994574785232544,15285.25447906218
7,bert.encoder.layer.4.attention.self.key,key,0.002985433442518115,0.015333333333333334,9.712880455481354e-08,0.001834272057749331,0.5252495408058167,5.997164862492355e-07,0.9989488124847412,18761.051714771093
7,bert.encoder.layer.4.attention.self.value,value,0.00786691065877676,0.015333333333333334,2.607975488899683e-07,0.00495452294126153,0.7751407623291016,3.1877657420409378e-06,0.9946085810661316,14268.897361318783
7,bert.encoder.layer.4.attention.output.dense,dense,0.00624702638015151,0.015333333333333334,1.8312248073470982e-07,0.0033615007996559143,0.6615294218063354,3.0260271159932017e-06,0.9986233115196228,18052.832688914554
7,bert.encoder.layer.5.attention.self.query,query,0.0022679653484374285,0.015333333333333334,6.512271966130356e-08,0.001353968633338809,0.44814831018447876,4.083671569787839e-07,0.9996744990348816,15715.641318585032
7,bert.encoder.layer.5.attention.self.key,key,0.001783730578608811,0.015333333333333334,5.737386743476236e-08,0.0011372428853064775,0.4860679507255554,2.5697153205328505e-07,0.9995659589767456,14130.033211947597
7,bert.encoder.layer.5.attention.self.value,value,0.007974513806402683,0.015333333333333334,2.9239106424938655e-07,0.005159467458724976,0.8901675939559937,1.807110152185487e-06,0.9969821572303772,10051.627968128521
7,bert.encoder.layer.5.attention.output.dense,dense,0.004496194422245026,0.015333333333333334,1.0050884213796962e-07,0.0018528857035562396,0.5013595819473267,1.3674243746208958e-06,0.9999796748161316,17746.307688620145
7,bert.encoder.layer.6.attention.self.query,query,0.002804069546982646,0.015333333333333334,6.442817124252542e-08,0.0011962448479607701,0.3891330361366272,3.9523007444586256e-07,0.9998304843902588,15435.000989011602
7,bert.encoder.layer.6.attention.self.key,key,0.0024652001447975636,0.015333333333333334,6.10868013950494e-08,0.0010383727494627237,0.4781232178211212,2.353164489932169e-07,0.9997084140777588,14626.698435787443
7,bert.encoder.layer.6.attention.self.value,value,0.007881851866841316,0.015333333333333334,2.7984702910544e-07,0.004780787043273449,0.8839900493621826,1.6657651258356054e-06,0.9972670078277588,9388.55249029715
7,bert.encoder.layer.6.attention.output.dense,dense,0.005039760377258062,0.015333333333333334,9.646188203760175e-08,0.0018563191406428814,0.5143114328384399,1.3653299220095505e-06,0.9999864101409912,18433.374696513103
7,bert.encoder.layer.7.attention.self.query,query,0.002627455862239003,0.015333333333333334,6.755664117008564e-08,0.0012563668424263597,0.4132450222969055,4.940250164509052e-07,0.9997761845588684,15785.202813488459
7,bert.encoder.layer.7.attention.self.key,key,0.0020607931073755026,0.015333333333333334,5.799697078145982e-08,0.0010612045880407095,0.40538740158081055,2.9230449172246153e-07,0.9997761845588684,14899.896205051851
7,bert.encoder.layer.7.attention.self.value,value,0.008019068278372288,0.015333333333333334,2.993151042574027e-07,0.005212095100432634,0.8639171123504639,3.0848634651192697e-06,0.9961073398590088,10709.764041329769
7,bert.encoder.layer.7.attention.output.dense,dense,0.004697870928794146,0.015333333333333334,1.355126357793779e-07,0.0025229116436094046,0.607374906539917,2.0158652205282124e-06,0.9998033046722412,16433.76405112236
7,bert.encoder.layer.8.attention.self.query,query,0.0044813561253249645,0.015333333333333334,1.4865290154375543e-07,0.002825327916070819,0.6417075395584106,1.3546306263378938e-06,0.9984605312347412,18229.5142237763
7,bert.encoder.layer.8.attention.self.key,key,0.002805432304739952,0.015333333333333334,9.223519015222337e-08,0.001883088261820376,0.5784364938735962,7.212028663161618e-07,0.9994303584098816,17601.229304333396
7,bert.encoder.layer.8.attention.self.value,value,0.007172019220888615,0.015333333333333334,2.3257732095771644e-07,0.004395213909447193,0.8106165528297424,2.4408097942796303e-06,0.9965956211090088,9261.92217948679
7,bert.encoder.layer.8.attention.output.dense,dense,0.0052214874885976315,0.015333333333333334,1.5144085807605734e-07,0.0028961619827896357,0.6351001262664795,2.2276353774941526e-06,0.9989895224571228,13179.889793838067
7,bert.encoder.layer.9.attention.self.query,query,0.001758355530910194,0.015333333333333334,1.8370119647670435e-08,0.0005223871557973325,0.3486756384372711,9.540310230704563e-08,1.0,15333.347755765823
7,bert.encoder.layer.9.attention.self.key,key,0.0015497218118980527,0.015333333333333334,1.710587937964192e-08,0.0004628366732504219,0.31657084822654724,4.237565676135091e-08,0.9998982548713684,13329.59872951947
7,bert.encoder.layer.9.attention.self.value,value,0.006619888357818127,0.015333333333333334,2.266354925950509e-07,0.004079844802618027,0.8572980165481567,1.5372343113995157e-06,0.9966905117034912,9556.091547125114
7,bert.encoder.layer.9.attention.output.dense,dense,0.003533268114551902,0.015333333333333334,7.313852989909719e-08,0.0013129975413903594,0.3873041868209839,7.63577247653302e-07,1.0,18349.237345169473
7,bert.encoder.layer.10.attention.self.query,query,0.0015246716793626547,0.015333333333333334,4.020318655761912e-08,0.0008382595842704177,0.4631749093532562,1.984289781375992e-07,0.9999932050704956,15686.432452053483
7,bert.encoder.layer.10.attention.self.key,key,0.0010348232463002205,0.015333333333333334,2.342716598491279e-08,0.0005307107348926365,0.3724139630794525,9.909868481372541e-08,1.0,14286.65559759443
7,bert.encoder.layer.10.attention.self.value,value,0.004575742874294519,0.015333333333333334,1.3883645522128063e-07,0.0026311080437153578,0.7751001119613647,1.0607300282572396e-06,0.9973822832107544,15914.242578877876
7,bert.encoder.layer.10.attention.output.dense,dense,0.0030552195385098457,0.015333333333333334,5.704447758603237e-08,0.0011661503231152892,0.40934234857559204,5.79117113375105e-07,0.99993896484375,18652.55348410737
7,bert.encoder.layer.11.attention.self.query,query,0.0023840994108468294,0.015333333333333334,4.023664956775974e-08,0.0010552358580753207,0.37273702025413513,2.422816294256336e-07,0.9999253749847412,15429.514677749887
7,bert.encoder.layer.11.attention.self.key,key,0.0017511744517832994,0.015333333333333334,2.9167248172257132e-08,0.0007107740384526551,0.3716970682144165,1.497432293717793e-07,0.9999864101409912,13239.1538341371
7,bert.encoder.layer.11.attention.self.value,value,0.004440811462700367,0.015333333333333334,1.1735153293557232e-07,0.002443967154249549,0.6923298835754395,1.138335846917471e-06,0.9986911416053772,17545.033447130187
7,bert.encoder.layer.11.attention.output.dense,dense,0.0035067496355623007,0.015333333333333334,7.468461404869231e-08,0.0016299195121973753,0.5246737003326416,1.0198016298090806e-06,1.0,18086.585856292768
8,bert.encoder.layer.0.attention.self.query,query,0.0020665605552494526,0.015166666666666667,7.136840451948956e-08,0.0010987268760800362,0.3124212622642517,3.6677946013696783e-07,0.9999457597732544,14575.849204979631
8,bert.encoder.layer.0.attention.self.key,key,0.0021511935628950596,0.015166666666666667,6.872093649690214e-08,0.0010361261665821075,0.28541484475135803,3.1579185133523424e-07,0.9999592900276184,15205.081376016578
8,bert.encoder.layer.0.attention.self.value,value,0.005024408455938101,0.015166666666666667,1.517917382898304e-07,0.0027771827299147844,0.6432297825813293,2.0544005110423313e-06,0.9991726279258728,18687.404599712023
8,bert.encoder.layer.0.attention.output.dense,dense,0.005441694054752588,0.015166666666666667,1.608806456943057e-07,0.002830740762874484,0.6397692561149597,2.6089396669704e-06,0.99969482421875,19047.888756681703
8,bert.encoder.layer.1.attention.self.query,query,0.003235979937016964,0.015166666666666667,8.313740096355104e-08,0.00135990499984473,0.38683944940567017,4.858324587075913e-07,0.9999186396598816,15703.319121952896
8,bert.encoder.layer.1.attention.self.key,key,0.0028426896315068007,0.015166666666666667,7.322513084773163e-08,0.001119813765399158,0.3697202503681183,3.107901420662529e-07,0.9998236894607544,14149.19441449552
8,bert.encoder.layer.1.attention.self.value,value,0.006524439435452223,0.015166666666666667,2.2544421085513022e-07,0.004081667400896549,0.817427933216095,2.358917981837294e-06,0.9977213740348816,14693.035455590367
8,bert.encoder.layer.1.attention.output.dense,dense,0.004886529874056578,0.015166666666666667,1.3149055178018898e-07,0.0023483657278120518,0.586551308631897,2.022873559326399e-06,0.9998847246170044,19386.338618330734
8,bert.encoder.layer.2.attention.self.query,query,0.0029366256203502417,0.015166666666666667,7.950990266181179e-08,0.0011335985036566854,0.3096221089363098,3.565781128145318e-07,0.9999118447303772,15215.220657119851
8,bert.encoder.layer.2.attention.self.key,key,0.0024254973977804184,0.015166666666666667,6.712521383178682e-08,0.000936840835493058,0.3835124373435974,2.088267905264729e-07,0.9998576045036316,13636.391886756453
8,bert.encoder.layer.2.attention.self.value,value,0.007677008397877216,0.015166666666666667,2.524958233607322e-07,0.0044400133192539215,0.8307545781135559,2.995571094288607e-06,0.9974365234375,12290.0868276821
8,bert.encoder.layer.2.attention.output.dense,dense,0.0062731290236115456,0.015166666666666667,1.7176843414290488e-07,0.003153218887746334,0.6901315450668335,2.8200963697599946e-06,0.99908447265625,18494.338753224853
8,bert.encoder.layer.3.attention.self.query,query,0.0025381885934621096,0.015166666666666667,8.558276221037886e-08,0.0014948758762329817,0.4073457419872284,5.659437647409504e-07,0.99969482421875,15329.627841420086
8,bert.encoder.layer.3.attention.self.key,key,0.0023338678292930126,0.015166666666666667,8.54801598393351e-08,0.0014372841687873006,0.45664456486701965,4.1593628452574194e-07,0.9994845986366272,16559.516558871925
8,bert.encoder.layer.3.attention.self.value,value,0.008248735219240189,0.015166666666666667,2.9794779266012483e-07,0.005316515918821096,0.8424472808837891,3.38661470777879e-06,0.9948391318321228,13004.070711079321
8,bert.encoder.layer.3.attention.output.dense,dense,0.005766885355114937,0.015166666666666667,1.8869137363708433e-07,0.0032953612972050905,0.6961076855659485,2.948206201836001e-06,0.9986504316329956,17997.27314206734
8,bert.encoder.layer.4.attention.self.query,query,0.0030648375395685434,0.015166666666666667,9.670176126519436e-08,0.0016325154574587941,0.43610140681266785,6.645151984230324e-07,0.9996201992034912,15719.05948956112
8,bert.encoder.layer.4.attention.self.key,key,0.00302453082986176,0.015166666666666667,9.796977451514977e-08,0.0017265448113903403,0.4419250786304474,6.161420742500923e-07,0.9992607831954956,18738.8840291593
8,bert.encoder.layer.4.attention.self.value,value,0.008200356736779213,0.015166666666666667,2.724433159073669e-07,0.005125307012349367,0.7818334102630615,3.4444965422153473e-06,0.9938761591911316,14694.419513143874
8,bert.encoder.layer.4.attention.output.dense,dense,0.006804891396313906,0.015166666666666667,2.044896802999574e-07,0.0036786042619496584,0.6960625648498535,3.3464627904322697e-06,0.9980197548866272,18398.95246242458
8,bert.encoder.layer.5.attention.self.query,query,0.0022844986524432898,0.015166666666666667,6.339852376413546e-08,0.001197466510348022,0.4147406220436096,3.609208363286598e-07,0.9999050498008728,15825.243281160292
8,bert.encoder.layer.5.attention.self.key,key,0.0017897055950015783,0.015166666666666667,5.4847880903707846e-08,0.0010085683315992355,0.4537304937839508,2.3648274805054825e-07,0.9997422695159912,14455.153707203726
8,bert.encoder.layer.5.attention.self.value,value,0.008297878317534924,0.015166666666666667,3.448446932452498e-07,0.005656771827489138,0.9046554565429688,1.810965272852627e-06,0.9970839023590088,10168.174847750246
8,bert.encoder.layer.5.attention.output.dense,dense,0.00486999936401844,0.015166666666666667,1.2141084937411506e-07,0.002203586744144559,0.5965723395347595,1.6752081819504383e-06,0.9998100996017456,17884.73761659694
8,bert.encoder.layer.6.attention.self.query,query,0.0033245906233787537,0.015166666666666667,8.852499888689636e-08,0.001511236885562539,0.4777738153934479,5.154836912879546e-07,0.9995185136795044,15759.079649905107
8,bert.encoder.layer.6.attention.self.key,key,0.003052766900509596,0.015166666666666667,8.42762801767094e-08,0.0013764860341325402,0.528425395488739,3.5456397995403677e-07,0.9994845986366272,15086.191333641913
8,bert.encoder.layer.6.attention.self.value,value,0.008857110515236855,0.015166666666666667,3.2034387231760775e-07,0.005393461789935827,0.8926801085472107,2.011661536016618e-06,0.9969618320465088,9687.28665445841
8,bert.encoder.layer.6.attention.output.dense,dense,0.006247504614293575,0.015166666666666667,1.2827987916352868e-07,0.002340680453926325,0.5991650223731995,1.8141773807656136e-06,0.9998236894607544,18558.100970881165
8,bert.encoder.layer.7.attention.self.query,query,0.0025983345694839954,0.015166666666666667,7.283621528131334e-08,0.001338408561423421,0.4397302269935608,5.245132115305751e-07,0.9996066689491272,15954.918921056298
8,bert.encoder.layer.7.attention.self.key,key,0.002189623424783349,0.015166666666666667,6.318926892845411e-08,0.0011753678554669023,0.3989437520503998,3.4509272950344894e-07,0.9997355341911316,15362.343420722997
8,bert.encoder.layer.7.attention.self.value,value,0.008214788511395454,0.015166666666666667,2.9652252919731836e-07,0.005279439967125654,0.857664167881012,3.358509047757252e-06,0.9953206181526184,11190.099232790435
8,bert.encoder.layer.7.attention.output.dense,dense,0.005383320152759552,0.015166666666666667,1.691754931698597e-07,0.0030407204758375883,0.68657386302948,2.48020978688146e-06,0.9988335371017456,16724.73237684904
8,bert.encoder.layer.8.attention.self.query,query,0.004613333847373724,0.015166666666666667,1.566517795481559e-07,0.0030441770795732737,0.6898878812789917,1.425785285391612e-06,0.9981215000152588,18211.7673303016
8,bert.encoder.layer.8.attention.self.key,key,0.003273639129474759,0.015166666666666667,1.07475010224789e-07,0.002320521976798773,0.6292699575424194,9.660118394094752e-07,0.9988945722579956,17643.6595414113
8,bert.encoder.layer.8.attention.self.value,value,0.007779561914503574,0.015166666666666667,2.524095634726109e-07,0.004613530822098255,0.809654176235199,2.8724741696350975e-06,0.9957817792892456,9619.252090139205
8,bert.encoder.layer.8.attention.output.dense,dense,0.005938627757132053,0.015166666666666667,1.8449834726652625e-07,0.003377158660441637,0.7017658948898315,2.68796316049702e-06,0.9978569746017456,13550.23716806496
8,bert.encoder.layer.9.attention.self.query,query,0.0017615057295188308,0.015166666666666667,9.561682112746439e-09,0.0003407993062864989,0.20353521406650543,4.1043147547270564e-08,1.0,15284.558200207179
8,bert.encoder.layer.9.attention.self.key,key,0.001294420682825148,0.015166666666666667,7.53969686684286e-09,0.00021610085968859494,0.12212245911359787,1.235738267268971e-08,1.0,13192.337597507592
8,bert.encoder.layer.9.attention.self.value,value,0.0067695919424295425,0.015166666666666667,2.3343940824815945e-07,0.004192616790533066,0.8648647665977478,1.5592163435940165e-06,0.9965752363204956,9948.125144999456
8,bert.encoder.layer.9.attention.output.dense,dense,0.0035208247136324644,0.015166666666666667,7.852083427906109e-08,0.0014689895324409008,0.4646194279193878,8.820336461212719e-07,1.0,18576.19691873798
8,bert.encoder.layer.10.attention.self.query,query,0.0012806737795472145,0.015166666666666667,4.030558287126951e-08,0.0007805270724929869,0.4483194053173065,1.5404927466988738e-07,0.9998915195465088,15896.975814801897
8,bert.encoder.layer.10.attention.self.key,key,0.0007422597263939679,0.015166666666666667,2.2610967320702002e-08,0.00039309775456786156,0.26419126987457275,6.0026962955817e-08,1.0,14359.925947290973
8,bert.encoder.layer.10.attention.self.value,value,0.00436300178989768,0.015166666666666667,1.36859327426464e-07,0.002519139787182212,0.7844796776771545,8.892113783076638e-07,0.9975789189338684,16147.966987955382
8,bert.encoder.layer.10.attention.output.dense,dense,0.002851251047104597,0.015166666666666667,6.184707501688536e-08,0.0010852586710825562,0.4041423797607422,5.060865646555612e-07,1.0,19161.001575363174
8,bert.encoder.layer.11.attention.self.query,query,0.002338615246117115,0.015166666666666667,4.3521101389387695e-08,0.0011007838184013963,0.3987233340740204,2.454061984735745e-07,0.9998100996017456,15468.278223089224
8,bert.encoder.layer.11.attention.self.key,key,0.001577388378791511,0.015166666666666667,2.8154564901683443e-08,0.0006799569237045944,0.3368914723396301,1.2599124943335482e-07,1.0,13556.892298710263
8,bert.encoder.layer.11.attention.self.value,value,0.003457323182374239,0.015166666666666667,1.0151548224257567e-07,0.0020236780401319265,0.7405111193656921,7.011441311988165e-07,0.9988877773284912,17732.694546986895
8,bert.encoder.layer.11.attention.output.dense,dense,0.002477827714756131,0.015166666666666667,5.7139097009439865e-08,0.0011905108112841845,0.43622496724128723,5.663295610247587e-07,1.0,18234.19615173733
9,bert.encoder.layer.0.attention.self.query,query,0.001808936707675457,0.015,6.300572152895256e-08,0.0009924425976350904,0.26513081789016724,3.217479047634697e-07,1.0,14925.083742461873
9,bert.encoder.layer.0.attention.self.key,key,0.00180569919757545,0.015,6.303005051222499e-08,0.0009832346113398671,0.2754124402999878,2.8167022492198157e-07,0.9999525547027588,15510.475562198802
9,bert.encoder.layer.0.attention.self.value,value,0.0049302419647574425,0.015,1.4994273556112603e-07,0.002758470131084323,0.6502982378005981,2.012325921896263e-06,0.9990912675857544,19147.054344645792
9,bert.encoder.layer.0.attention.output.dense,dense,0.005379667971283197,0.015,1.6946648884186288e-07,0.0029816804453730583,0.6763584017753601,2.6529862680035876e-06,0.9991455078125,19257.909011833304
9,bert.encoder.layer.1.attention.self.query,query,0.003093193517997861,0.015,7.84304035050809e-08,0.0012827460886910558,0.3655235171318054,4.598829548285721e-07,0.9999864101409912,15859.344036354532
9,bert.encoder.layer.1.attention.self.key,key,0.0027213694993406534,0.015,6.525009155211592e-08,0.0010161264799535275,0.33296337723731995,2.7635789479063533e-07,0.9999525547027588,14439.998547866488
9,bert.encoder.layer.1.attention.self.value,value,0.006800910457968712,0.015,2.487797132744163e-07,0.00418183533474803,0.8266914486885071,2.248277723992942e-06,0.9978434443473816,15194.480345769496
9,bert.encoder.layer.1.attention.output.dense,dense,0.00508575513958931,0.015,1.424722313458915e-07,0.0025505952071398497,0.6252092719078064,2.229791562058381e-06,0.9995185136795044,19559.61687719358
9,bert.encoder.layer.2.attention.self.query,query,0.0030499871354550123,0.015,7.821816438990936e-08,0.001240512472577393,0.38687196373939514,4.021669894882507e-07,0.9997897744178772,15400.938830317615
9,bert.encoder.layer.2.attention.self.key,key,0.0025826639030128717,0.015,6.387411843888913e-08,0.0009578267927281559,0.3883383274078369,2.309457727278641e-07,0.9998576045036316,13934.688009700547
9,bert.encoder.layer.2.attention.self.value,value,0.008097941055893898,0.015,2.736152566740202e-07,0.004681500606238842,0.845563530921936,3.131069661321817e-06,0.9972330927848816,12834.973755699335
9,bert.encoder.layer.2.attention.output.dense,dense,0.006632172968238592,0.015,1.8817573277374322e-07,0.0034266659058630466,0.7155404686927795,3.1267920803657034e-06,0.9985487461090088,18736.512614569
9,bert.encoder.layer.3.attention.self.query,query,0.002880884101614356,0.015,1.0104889014428409e-07,0.0017055929638445377,0.44419628381729126,7.002705615377636e-07,0.9995253086090088,15771.204782040024
9,bert.encoder.layer.3.attention.self.key,key,0.0026247946079820395,0.015,1.017810831172028e-07,0.001669987803325057,0.48473334312438965,5.328386691871856e-07,0.9994981288909912,16714.330849607923
9,bert.encoder.layer.3.attention.self.value,value,0.008416835218667984,0.015,3.224478746233217e-07,0.0053345803171396255,0.8225082159042358,3.4426032016199315e-06,0.99530029296875,13647.843276972832
9,bert.encoder.layer.3.attention.output.dense,dense,0.006189737003296614,0.015,2.011870350315803e-07,0.003524123691022396,0.7155431509017944,3.1882523217063863e-06,0.9982367753982544,18295.56625711882
9,bert.encoder.layer.4.attention.self.query,query,0.003242502687498927,0.015,9.818819535212242e-08,0.0018166514346376061,0.45843496918678284,7.534347332693869e-07,0.9994438886642456,16191.886675400578
9,bert.encoder.layer.4.attention.self.key,key,0.0030987008940428495,0.015,9.342601714479315e-08,0.0017344227526336908,0.45281949639320374,6.603497695323313e-07,0.9992472529411316,18662.690195057403
9,bert.encoder.layer.4.attention.self.value,value,0.008690723218023777,0.015,2.9461580197676085e-07,0.005427851341664791,0.7941886782646179,3.6925387121300446e-06,0.9927775263786316,15228.036691117726
9,bert.encoder.layer.4.attention.output.dense,dense,0.0068509941920638084,0.015,2.110386105869111e-07,0.0038802206981927156,0.7158958911895752,3.5313059925101697e-06,0.9974161982536316,18507.598814188845
9,bert.encoder.layer.5.attention.self.query,query,0.002588780829682946,0.015,7.828273140830788e-08,0.0014489491004496813,0.4475172758102417,4.919706384498568e-07,0.99969482421875,16116.783418859195
9,bert.encoder.layer.5.attention.self.key,key,0.001979734981432557,0.015,6.600619428809296e-08,0.001184765249490738,0.5148637890815735,3.006011866091285e-07,0.9996337890625,14911.240360998274
9,bert.encoder.layer.5.attention.self.value,value,0.008345681242644787,0.015,3.096944851677108e-07,0.00538273761048913,0.8975009918212891,1.8645272348294384e-06,0.9966905117034912,10652.20553240208
9,bert.encoder.layer.5.attention.output.dense,dense,0.0050089252181351185,0.015,1.1279661293883692e-07,0.0020441594533622265,0.564054012298584,1.501041424489813e-06,0.9999253749847412,18157.931377155863
9,bert.encoder.layer.6.attention.self.query,query,0.0029599606059491634,0.015,6.155801912655079e-08,0.001148444483987987,0.39187344908714294,3.318076551295235e-07,0.9997355341911316,15992.982663635667
9,bert.encoder.layer.6.attention.self.key,key,0.0027417349629104137,0.015,5.738295527635273e-08,0.0010756029514595866,0.5011617541313171,2.402913423793507e-07,0.9997287392616272,15303.773056975886
9,bert.encoder.layer.6.attention.self.value,value,0.008432258851826191,0.015,2.9235479814815335e-07,0.0051179127767682076,0.9013465642929077,1.7383528074788046e-06,0.9970771074295044,10037.56506087235
9,bert.encoder.layer.6.attention.output.dense,dense,0.0054859290830791,0.015,1.0316107790231399e-07,0.0019286012975499034,0.5468851923942566,1.3373901310842484e-06,0.9999796748161316,18718.936702532934
9,bert.encoder.layer.7.attention.self.query,query,0.0028579733334481716,0.015,7.296804938050627e-08,0.001321187475696206,0.40240225195884705,5.166934329281503e-07,0.9996812343597412,16335.823517474317
9,bert.encoder.layer.7.attention.self.key,key,0.002516048261895776,0.015,6.904161153897803e-08,0.0012633443111553788,0.4335833191871643,3.9795671114006836e-07,0.9996541142463684,15583.888015379222
9,bert.encoder.layer.7.attention.self.value,value,0.007876531220972538,0.015,2.7650543188428856e-07,0.005018729250878096,0.8624365925788879,3.1860727176535875e-06,0.9957411289215088,11773.328071883438
9,bert.encoder.layer.7.attention.output.dense,dense,0.005228998605161905,0.015,1.6118141843435296e-07,0.0029997543897479773,0.7032012343406677,2.348755060666008e-06,0.9987318515777588,16975.68312271868
9,bert.encoder.layer.8.attention.self.query,query,0.004091424867510796,0.015,1.4751822163816541e-07,0.0026320398319512606,0.6239202618598938,1.0912193602052866e-06,0.9985215663909912,18727.194992317727
9,bert.encoder.layer.8.attention.self.key,key,0.0025735993403941393,0.015,9.342066675799288e-08,0.001751252799294889,0.5089341998100281,6.438952482312743e-07,0.9994778037071228,18133.297683674893
9,bert.encoder.layer.8.attention.self.value,value,0.007475773338228464,0.015,2.4446549673484697e-07,0.00451144902035594,0.8097816109657288,2.80635617855296e-06,0.9955715537071228,10099.627489213011
9,bert.encoder.layer.8.attention.output.dense,dense,0.005428117234259844,0.015,1.7235637983503693e-07,0.0031748346518725157,0.7042168378829956,2.423233127046842e-06,0.9982503056526184,13923.602927057123
9,bert.encoder.layer.9.attention.self.query,query,0.0019473943393677473,0.015,7.370003274331793e-09,0.0003077832516282797,0.21360071003437042,3.365005341038341e-08,1.0,15229.217707787744
9,bert.encoder.layer.9.attention.self.key,key,0.0016385175986215472,0.015,6.042196520894549e-09,0.00022978067863732576,0.10452904552221298,1.0864102506502604e-08,0.9999728798866272,13149.039190773177
9,bert.encoder.layer.9.attention.self.value,value,0.00553707592189312,0.015,1.8571337534467602e-07,0.0034216397907584906,0.845066487789154,1.2179548321000766e-06,0.9971449375152588,10181.345208299123
9,bert.encoder.layer.9.attention.output.dense,dense,0.0031177648343145847,0.015,7.397088097604865e-08,0.0013599912635982037,0.4968142807483673,7.132653081498574e-07,1.0,18769.076935916666
9,bert.encoder.layer.10.attention.self.query,query,0.0010782246245071292,0.015,2.6521373541754656e-08,0.0005815899348817766,0.3969879448413849,1.01573746746908e-07,1.0,16048.265486759143
9,bert.encoder.layer.10.attention.self.key,key,0.0006617019535042346,0.015,1.5028879474243695e-08,0.00031588083948008716,0.24146845936775208,3.9469668422498216e-08,1.0,14520.593969809495
9,bert.encoder.layer.10.attention.self.value,value,0.00412361416965723,0.015,1.310395276732379e-07,0.0024286287371069193,0.8212887048721313,7.886158641667862e-07,0.9977552890777588,16353.79900769691
9,bert.encoder.layer.10.attention.output.dense,dense,0.0024146370124071836,0.015,4.572466139052267e-08,0.0008420253288932145,0.35725510120391846,3.219163602352637e-07,1.0,19143.19196895245
9,bert.encoder.layer.11.attention.self.query,query,0.002513361629098654,0.015,4.056135338714739e-08,0.0009455000981688499,0.3672384023666382,2.1882331679989875e-07,1.0,15681.039175949654
9,bert.encoder.layer.11.attention.self.key,key,0.0018965402850881219,0.015,2.8952868547094113e-08,0.0007522235391661525,0.36555278301239014,1.532325484276953e-07,0.9999321699142456,13934.329595853771
9,bert.encoder.layer.11.attention.self.value,value,0.0033616165164858103,0.015,1.0708483699772842e-07,0.0019993751775473356,0.7825645804405212,5.624847290164325e-07,0.9987318515777588,17758.75261954191
9,bert.encoder.layer.11.attention.output.dense,dense,0.002224166877567768,0.015,5.38361959456779e-08,0.001047925790771842,0.3929556906223297,4.375377500309696e-07,0.9999118447303772,18411.698119631896
10,bert.encoder.layer.0.attention.self.query,query,0.0034344966989010572,0.014833333333333334,1.1947423672609148e-07,0.0018469317583367229,0.4578564465045929,7.88927934536332e-07,0.9995456337928772,15445.904237497885
10,bert.encoder.layer.0.attention.self.key,key,0.0030176732689142227,0.014833333333333334,1.0779503867297535e-07,0.0016392687102779746,0.3927619159221649,6.190878139022971e-07,0.9994167685508728,15394.120192745866
10,bert.encoder.layer.0.attention.self.value,value,0.007708537857979536,0.014833333333333334,2.4254472918983083e-07,0.004209369421005249,0.7491152286529541,3.7969648474245332e-06,0.9973551630973816,19195.90259463269
10,bert.encoder.layer.0.attention.output.dense,dense,0.008622091263532639,0.014833333333333334,2.5770518163881206e-07,0.0045451028272509575,0.7486695051193237,4.906620233668946e-06,0.9964328408241272,19232.42116489773
10,bert.encoder.layer.1.attention.self.query,query,0.004128575790673494,0.014833333333333334,1.1028657809220022e-07,0.001795293064787984,0.4330161213874817,7.195994271569361e-07,0.9994303584098816,15984.948777054879
10,bert.encoder.layer.1.attention.self.key,key,0.0034164541866630316,0.014833333333333334,9.114624788253423e-08,0.0014175871619954705,0.40323010087013245,4.635543859876634e-07,0.9996677041053772,14715.685341861323
10,bert.encoder.layer.1.attention.self.value,value,0.009837419725954533,0.014833333333333334,3.9893785697131534e-07,0.005698536988347769,0.837009072303772,3.940074748243205e-06,0.9960191249847412,15219.24090678473
10,bert.encoder.layer.1.attention.output.dense,dense,0.008054531179368496,0.014833333333333334,2.2879493144500884e-07,0.004030042793601751,0.7316346168518066,4.204784090688918e-06,0.9979383945465088,19484.538853069545
10,bert.encoder.layer.2.attention.self.query,query,0.0049642580561339855,0.014833333333333334,1.4107328638601757e-07,0.0020001837983727455,0.4518658518791199,8.80034576766775e-07,0.9989963173866272,15175.811873261035
10,bert.encoder.layer.2.attention.self.key,key,0.004221502225846052,0.014833333333333334,1.2563585016778234e-07,0.001785027445293963,0.48388156294822693,5.499163648892136e-07,0.9991387128829956,14065.061331108078
10,bert.encoder.layer.2.attention.self.value,value,0.009596792049705982,0.014833333333333334,3.2382556014454167e-07,0.005292849149554968,0.8447511196136475,3.866293354803929e-06,0.9962904453277588,13298.749085014775
10,bert.encoder.layer.2.attention.output.dense,dense,0.00821105670183897,0.014833333333333334,2.207579257174075e-07,0.003961642272770405,0.7395356297492981,4.003817139164312e-06,0.9978230595588684,18793.83792400667
10,bert.encoder.layer.3.attention.self.query,query,0.005008742678910494,0.014833333333333334,1.8741064877758618e-07,0.003208426060155034,0.6737430691719055,1.625200752641831e-06,0.9961411952972412,16395.674361676098
10,bert.encoder.layer.3.attention.self.key,key,0.0047885640524327755,0.014833333333333334,1.878251651987739e-07,0.0032855705358088017,0.6617237329483032,1.3918460126660648e-06,0.9959038496017456,16920.671975874655
10,bert.encoder.layer.3.attention.self.value,value,0.010559300892055035,0.014833333333333334,3.8411249647651857e-07,0.006503250449895859,0.8438871502876282,4.817709850613028e-06,0.9924519658088684,14172.447484960432
10,bert.encoder.layer.3.attention.output.dense,dense,0.007652817759662867,0.014833333333333334,2.484120500412246e-07,0.004324300214648247,0.7464370727539062,4.4164185055706184e-06,0.9967515468597412,18232.934494890113
10,bert.encoder.layer.4.attention.self.query,query,0.0038875918835401535,0.014833333333333334,1.072491571108003e-07,0.0018160949693992734,0.4490785598754883,8.132324751386477e-07,0.9996066689491272,16276.749590765607
10,bert.encoder.layer.4.attention.self.key,key,0.0037086063530296087,0.014833333333333334,1.0735685407325946e-07,0.001851742621511221,0.4628356695175171,7.563822919109953e-07,0.9993150234222412,18583.975965370082
10,bert.encoder.layer.4.attention.self.value,value,0.010326786898076534,0.014833333333333334,3.478522501154657e-07,0.0063614556565880775,0.8178404569625854,4.694898962043226e-06,0.9888916015625,15908.24550622695
10,bert.encoder.layer.4.attention.output.dense,dense,0.008487596176564693,0.014833333333333334,2.64929468585251e-07,0.004817421548068523,0.7649390697479248,4.57406122222892e-06,0.9947916865348816,18672.266850017586
10,bert.encoder.layer.5.attention.self.query,query,0.003356169443577528,0.014833333333333334,1.0241090109275319e-07,0.0018113194964826107,0.49690166115760803,6.808928674217896e-07,0.9991523027420044,16217.82022782793
10,bert.encoder.layer.5.attention.self.key,key,0.002561375265941024,0.014833333333333334,8.920451222138581e-08,0.0015587216475978494,0.4831475615501404,4.6456614199996693e-07,0.9993489384651184,14954.819301894988
10,bert.encoder.layer.5.attention.self.value,value,0.009481542743742466,0.014833333333333334,3.7911863159934e-07,0.006128609646111727,0.8814628720283508,2.464669933033292e-06,0.9958835244178772,11087.699165102696
10,bert.encoder.layer.5.attention.output.dense,dense,0.005971601232886314,0.014833333333333334,1.4273490478444728e-07,0.0025624281261116266,0.6116185784339905,2.0619020233425545e-06,0.9997490644454956,18273.35607959877
10,bert.encoder.layer.6.attention.self.query,query,0.004352369345724583,0.014833333333333334,9.323593985754997e-08,0.0017733514541760087,0.5428830981254578,5.843893973178638e-07,0.9991387128829956,16399.380798091268
10,bert.encoder.layer.6.attention.self.key,key,0.0038719165604561567,0.014833333333333334,8.664108008815674e-08,0.0015348406741395593,0.5824406743049622,3.603289542297716e-07,0.9991862177848816,15587.146434551756
10,bert.encoder.layer.6.attention.self.value,value,0.010407524183392525,0.014833333333333334,4.254466148267966e-07,0.00608249194920063,0.893495500087738,1.8407190509606153e-06,0.9971245527267456,10290.058472511062
10,bert.encoder.layer.6.attention.output.dense,dense,0.006762243807315826,0.014833333333333334,1.3712288193801214e-07,0.0023806793615221977,0.6137515902519226,1.807408693821344e-06,0.9997084140777588,19060.340836582687
10,bert.encoder.layer.7.attention.self.query,query,0.002990487962961197,0.014833333333333334,8.973133702738778e-08,0.001468415604904294,0.44544124603271484,6.04641741119849e-07,0.9996337890625,17072.42266649874
10,bert.encoder.layer.7.attention.self.key,key,0.002635536016896367,0.014833333333333334,7.585130390452832e-08,0.0013784740585833788,0.45182865858078003,4.408881579820445e-07,0.9996473789215088,16118.44224329973
10,bert.encoder.layer.7.attention.self.value,value,0.009417910128831863,0.014833333333333334,3.477574637145153e-07,0.00593106634914875,0.8809072375297546,3.837626536551397e-06,0.9934963583946228,12330.321286772503
10,bert.encoder.layer.7.attention.output.dense,dense,0.006076605059206486,0.014833333333333334,1.8497830467367748e-07,0.0033364726696163416,0.7205621004104614,2.7944056455453392e-06,0.9983317255973816,17208.75412089213
10,bert.encoder.layer.8.attention.self.query,query,0.0041473931632936,0.014833333333333334,1.49005103367017e-07,0.0026451677549630404,0.6561312675476074,1.0739154276961926e-06,0.9984266757965088,18806.57136411258
10,bert.encoder.layer.8.attention.self.key,key,0.002693844260647893,0.014833333333333334,9.386180011006218e-08,0.0017588383052498102,0.533735454082489,6.598066875085351e-07,0.9994370937347412,18253.585816355735
10,bert.encoder.layer.8.attention.self.value,value,0.00911086704581976,0.014833333333333334,2.9407971169348457e-07,0.005324449855834246,0.8278435468673706,3.5690200093085878e-06,0.9941270351409912,10560.969457202955
10,bert.encoder.layer.8.attention.output.dense,dense,0.006969689391553402,0.014833333333333334,2.217179826402571e-07,0.003917427267879248,0.7514923214912415,3.236950760765467e-06,0.9961344599723816,14261.349974352981
10,bert.encoder.layer.9.attention.self.query,query,0.002325700828805566,0.014833333333333334,8.925554517702494e-09,0.0003770801122300327,0.26283881068229675,5.065113839464175e-08,1.0,15236.51056150323
10,bert.encoder.layer.9.attention.self.key,key,0.0018493810202926397,0.014833333333333334,7.738172769222729e-09,0.00032508725416846573,0.22084444761276245,1.9374214232925624e-08,0.99993896484375,13311.413147821087
10,bert.encoder.layer.9.attention.self.value,value,0.007103023584932089,0.014833333333333334,2.572340918050031e-07,0.004484868608415127,0.8746609091758728,1.6107821920741117e-06,0.9962700605392456,10662.854556127759
10,bert.encoder.layer.9.attention.output.dense,dense,0.0038176230154931545,0.014833333333333334,9.915198972976214e-08,0.0016829607775434852,0.5679388642311096,9.57041834226402e-07,0.9998847246170044,19012.73590761957
10,bert.encoder.layer.10.attention.self.query,query,0.0010737923439592123,0.014833333333333334,3.015988170318451e-08,0.0006247218698263168,0.36661121249198914,1.1732057458857525e-07,1.0,16040.962933193465
10,bert.encoder.layer.10.attention.self.key,key,0.000742999603971839,0.014833333333333334,1.834332685746176e-08,0.00034968677209690213,0.217190682888031,4.7054541596480703e-08,1.0,14464.979982437257
10,bert.encoder.layer.10.attention.self.value,value,0.004302371758967638,0.014833333333333334,1.4750375498806534e-07,0.0025240033864974976,0.8453556895256042,7.382889180007624e-07,0.99713134765625,16573.891788677232
10,bert.encoder.layer.10.attention.output.dense,dense,0.0025172196328639984,0.014833333333333334,5.495308030845081e-08,0.000852176221087575,0.34817877411842346,3.3059399129342637e-07,1.0,19202.399351791257
10,bert.encoder.layer.11.attention.self.query,query,0.00334871094673872,0.014833333333333334,6.055980605879085e-08,0.0007576360367238522,0.3032607436180115,1.356466157176328e-07,1.0,16262.5833251573
10,bert.encoder.layer.11.attention.self.key,key,0.0027215504087507725,0.014833333333333334,4.093550032280291e-08,0.00047963132965378463,0.2476585954427719,7.377500566008166e-08,1.0,14538.945614550297
10,bert.encoder.layer.11.attention.self.value,value,0.004360556602478027,0.014833333333333334,1.161040188435436e-07,0.0021307494025677443,0.7453625202178955,7.011182105998159e-07,0.9987725019454956,17757.483998203166
10,bert.encoder.layer.11.attention.output.dense,dense,0.0032951764296740294,0.014833333333333334,6.922816453425185e-08,0.0012313504703342915,0.48527294397354126,5.599869155048509e-07,0.9999660849571228,18436.995557338712
11,bert.encoder.layer.0.attention.self.query,query,0.0022859754972159863,0.014666666666666666,7.951941682904362e-08,0.0012029919307678938,0.3037358522415161,4.81403276353376e-07,0.9999864101409912,15520.933199088364
11,bert.encoder.layer.0.attention.self.key,key,0.00234462833032012,0.014666666666666666,7.99418842234445e-08,0.0013135143090039492,0.33577823638916016,4.421054313752393e-07,0.9997016191482544,15594.667499180294
11,bert.encoder.layer.0.attention.self.value,value,0.0058378963731229305,0.014666666666666666,1.7919158779022837e-07,0.0032253041863441467,0.681986391544342,2.648873305588495e-06,0.9987521767616272,19255.08060624701
11,bert.encoder.layer.0.attention.output.dense,dense,0.006593252066522837,0.014666666666666666,1.9974599752003996e-07,0.0035645351745188236,0.6969442963600159,3.606812697398709e-06,0.9991455078125,19322.26224006624
11,bert.encoder.layer.1.attention.self.query,query,0.004015320912003517,0.014666666666666666,1.0600420097262031e-07,0.0017941223923116922,0.43403390049934387,7.32496573618846e-07,0.9994099736213684,16363.357637440442
11,bert.encoder.layer.1.attention.self.key,key,0.0035362769849598408,0.014666666666666666,9.302668502186862e-08,0.0014745629159733653,0.39662590622901917,5.112459575684625e-07,0.9996473789215088,15126.300625451184
11,bert.encoder.layer.1.attention.self.value,value,0.007657933048903942,0.014666666666666666,2.8204638624629297e-07,0.0047297002747654915,0.829111635684967,3.0461803817161126e-06,0.9973822832107544,15610.13448037099
11,bert.encoder.layer.1.attention.output.dense,dense,0.0061362371779978275,0.014666666666666666,1.708456096594091e-07,0.0030230828560888767,0.6529723405838013,2.964478198919096e-06,0.9997151494026184,19640.11556731821
11,bert.encoder.layer.2.attention.self.query,query,0.0039059328846633434,0.014666666666666666,9.853406623960836e-08,0.0017350803827866912,0.41711553931236267,6.900558560118952e-07,0.9995659589767456,15565.307346804004
11,bert.encoder.layer.2.attention.self.key,key,0.0033663082867860794,0.014666666666666666,9.188234884049962e-08,0.0014603798044845462,0.39386966824531555,4.942064606439089e-07,0.9996269941329956,14427.476660437009
11,bert.encoder.layer.2.attention.self.value,value,0.009329081512987614,0.014666666666666666,3.168861724134331e-07,0.005162241868674755,0.8423577547073364,3.735394557224936e-06,0.9964396357536316,13737.719997549832
11,bert.encoder.layer.2.attention.output.dense,dense,0.0077193607576191425,0.014666666666666666,2.1559377216817666e-07,0.003870579181239009,0.7354995012283325,3.7989718748576706e-06,0.9980739951133728,18915.82789131397
11,bert.encoder.layer.3.attention.self.query,query,0.0036487909965217113,0.014666666666666666,1.061385219713884e-07,0.001932239392772317,0.4558010697364807,8.979680501397524e-07,0.9993625283241272,16620.957508051666
11,bert.encoder.layer.3.attention.self.key,key,0.0033838108647614717,0.014666666666666666,1.0157064878058009e-07,0.0018955374835059047,0.4394376277923584,7.559780215160572e-07,0.9993625283241272,17034.293267810503
11,bert.encoder.layer.3.attention.self.value,value,0.009624280035495758,0.014666666666666666,3.3862190207401e-07,0.006052292883396149,0.8375203609466553,4.5687966121477075e-06,0.9920518398284912,14699.65756189572
11,bert.encoder.layer.3.attention.output.dense,dense,0.007318407297134399,0.014666666666666666,2.4556425159971695e-07,0.004146722611039877,0.7143566608428955,4.291709046810865e-06,0.9975450038909912,18285.076033258254
11,bert.encoder.layer.4.attention.self.query,query,0.003922060132026672,0.014666666666666666,1.2329259391208325e-07,0.0021617377642542124,0.5264790654182434,9.778957519301912e-07,0.9991183876991272,16937.311887618747
11,bert.encoder.layer.4.attention.self.key,key,0.0036349850706756115,0.014666666666666666,1.154745703502158e-07,0.002062623854726553,0.4820062816143036,8.377218136956799e-07,0.9990234375,18733.748217311895
11,bert.encoder.layer.4.attention.self.value,value,0.009290301240980625,0.014666666666666666,3.2144626516128483e-07,0.005874196533113718,0.8089321255683899,4.183923920209054e-06,0.9907497763633728,16373.201529331698
11,bert.encoder.layer.4.attention.output.dense,dense,0.007769881747663021,0.014666666666666666,2.6131834829357103e-07,0.004563859198242426,0.764716625213623,4.289128810341936e-06,0.9959987998008728,18784.21974431047
11,bert.encoder.layer.5.attention.self.query,query,0.0033400459215044975,0.014666666666666666,1.0587295662389806e-07,0.0019472390413284302,0.4933358430862427,7.702991524638492e-07,0.9990980625152588,16573.63590681711
11,bert.encoder.layer.5.attention.self.key,key,0.0026772909332066774,0.014666666666666666,9.168267922632367e-08,0.0016642326954752207,0.5264260172843933,5.186095677345293e-07,0.9990912675857544,15235.977620362388
11,bert.encoder.layer.5.attention.self.value,value,0.009018458425998688,0.014666666666666666,3.511608781536779e-07,0.0057846601121127605,0.8894516825675964,2.1683060822397238e-06,0.9965074062347412,11430.924297957723
11,bert.encoder.layer.5.attention.output.dense,dense,0.005894704256206751,0.014666666666666666,1.4323433106255834e-07,0.002625148044899106,0.6366188526153564,2.0851898625551257e-06,0.9993557333946228,18314.329060092947
11,bert.encoder.layer.6.attention.self.query,query,0.004073613788932562,0.014666666666666666,9.123040456415765e-08,0.001514105941168964,0.45911648869514465,5.781989216302463e-07,0.9995930790901184,16708.589794770876
11,bert.encoder.layer.6.attention.self.key,key,0.003790545044466853,0.014666666666666666,9.247597887451775e-08,0.0015754455234855413,0.5853999853134155,4.574869478801702e-07,0.9994167685508728,15877.968396678989
11,bert.encoder.layer.6.attention.self.value,value,0.009698852896690369,0.014666666666666666,3.7343517078625155e-07,0.005767856724560261,0.8961833715438843,1.8887365058617434e-06,0.99688720703125,10648.268666065169
11,bert.encoder.layer.6.attention.output.dense,dense,0.006659474223852158,0.014666666666666666,1.3087539230127732e-07,0.002404734492301941,0.6422759294509888,1.7595798453839961e-06,0.9994710087776184,19043.066662597368
11,bert.encoder.layer.7.attention.self.query,query,0.0032034439500421286,0.014666666666666666,9.901054909278173e-08,0.0015086313942447305,0.42968451976776123,6.732190058755805e-07,0.9998982548713684,17057.606753219
11,bert.encoder.layer.7.attention.self.key,key,0.002784089185297489,0.014666666666666666,8.888215319302617e-08,0.0014980430714786053,0.4682520031929016,5.278837988953455e-07,0.9996677041053772,16301.88071452552
11,bert.encoder.layer.7.attention.self.value,value,0.008852762170135975,0.014666666666666666,3.305148652543721e-07,0.005806438159197569,0.8759204149246216,3.961714810429839e-06,0.9932929277420044,12741.846707237375
11,bert.encoder.layer.7.attention.output.dense,dense,0.005752200726419687,0.014666666666666666,1.7437089638860925e-07,0.0031456989236176014,0.7046032547950745,2.548114252931555e-06,0.9985215663909912,17404.252456978396
11,bert.encoder.layer.8.attention.self.query,query,0.003794270334765315,0.014666666666666666,1.214147147265976e-07,0.0021583382040262222,0.5591098070144653,9.100817237595038e-07,0.9993625283241272,18693.949618391445
11,bert.encoder.layer.8.attention.self.key,key,0.0026260223239660263,0.014666666666666666,9.018783941883157e-08,0.0017137716058641672,0.5048647522926331,6.290353553595196e-07,0.9994710087776184,18176.650173889757
11,bert.encoder.layer.8.attention.self.value,value,0.007225067354738712,0.014666666666666666,2.4655290076225356e-07,0.004450845532119274,0.7984536290168762,2.7438445613370277e-06,0.9959242343902588,10771.620360461295
11,bert.encoder.layer.8.attention.output.dense,dense,0.005576342809945345,0.014666666666666666,1.7658227591255127e-07,0.0031806419137865305,0.6944061517715454,2.472563664923655e-06,0.9982706904411316,14473.75608189373
11,bert.encoder.layer.9.attention.self.query,query,0.0018958542495965958,0.014666666666666666,1.2038161578686868e-08,0.0001276269176742062,0.07713238894939423,5.619488430141928e-09,1.0,15656.50369211752
11,bert.encoder.layer.9.attention.self.key,key,0.0016049942933022976,0.014666666666666666,1.0049916454590857e-08,5.9789377701235935e-05,0.027683643624186516,1.1121432663685482e-09,1.0,13805.945518760826
11,bert.encoder.layer.9.attention.self.value,value,0.006149977445602417,0.014666666666666666,2.1078804479657265e-07,0.0038003837689757347,0.8583848476409912,1.3278846608955064e-06,0.9969889521598816,10992.274036302713
11,bert.encoder.layer.9.attention.output.dense,dense,0.0033610437531024218,0.014666666666666666,7.781886068869426e-08,0.0013087521074339747,0.47941476106643677,7.080154773575487e-07,1.0,19191.767728909228
11,bert.encoder.layer.10.attention.self.query,query,0.0012981323525309563,0.014666666666666666,3.38293872914619e-08,0.0007963427342474461,0.441456139087677,1.814007504208348e-07,0.9999525547027588,16010.435991572785
11,bert.encoder.layer.10.attention.self.key,key,0.0010213623754680157,0.014666666666666666,2.325203318775948e-08,0.0005710209952667356,0.3572533428668976,1.195337233639293e-07,1.0,14363.57462155496
11,bert.encoder.layer.10.attention.self.value,value,0.004293648060411215,0.014666666666666666,1.457572267327123e-07,0.002567710354924202,0.830817699432373,7.896790066297399e-07,0.9971991777420044,16834.221248204725
11,bert.encoder.layer.10.attention.output.dense,dense,0.0023355274461209774,0.014666666666666666,5.496248434155859e-08,0.0008720908081158996,0.3703177571296692,3.344018182360742e-07,1.0,19426.379084777585
11,bert.encoder.layer.11.attention.self.query,query,0.0024921942967921495,0.014666666666666666,4.6049500213030115e-08,0.0007750173681415617,0.292636901140213,1.495329797762679e-07,1.0,16131.60523571349
11,bert.encoder.layer.11.attention.self.key,key,0.002079091966152191,0.014666666666666666,3.564036177294838e-08,0.0005973301595076919,0.29641133546829224,1.0711172393484958e-07,1.0,14478.375520785126
11,bert.encoder.layer.11.attention.self.value,value,0.003778574988245964,0.014666666666666666,1.27775194869173e-07,0.0022835060954093933,0.6571005582809448,9.724780056785676e-07,0.99871826171875,18023.394475825226
11,bert.encoder.layer.11.attention.output.dense,dense,0.0028519034385681152,0.014666666666666666,9.625615859931713e-08,0.0014616143889725208,0.4576527774333954,8.056121032495867e-07,1.0,18913.688166161657
12,bert.encoder.layer.0.attention.self.query,query,0.0020798570476472378,0.0145,7.096861764921414e-08,0.0011731111444532871,0.3059808313846588,4.1930047700589057e-07,0.99993896484375,15710.77706930211
12,bert.encoder.layer.0.attention.self.key,key,0.0020777841564267874,0.0145,6.873550262298522e-08,0.0011763550573959947,0.2834593951702118,3.8465486795757897e-07,0.9998982548713684,15699.323879826108
12,bert.encoder.layer.0.attention.self.value,value,0.005204430315643549,0.0145,1.608224806659564e-07,0.0028864096384495497,0.6484249830245972,2.1876298887946177e-06,0.9991523027420044,19417.97426309918
12,bert.encoder.layer.0.attention.output.dense,dense,0.005859090946614742,0.0145,1.77568523440641e-07,0.003139854408800602,0.6672424674034119,3.0023268209333764e-06,0.9994981288909912,19413.69517409448
12,bert.encoder.layer.1.attention.self.query,query,0.0035082611721009016,0.0145,8.0458029572128e-08,0.0014190610963851213,0.36962637305259705,5.17080707140849e-07,0.9997490644454956,16532.290822771727
12,bert.encoder.layer.1.attention.self.key,key,0.0032262292224913836,0.0145,7.179559702308325e-08,0.0012664839159697294,0.38891613483428955,3.7797346408297017e-07,0.9998236894607544,15461.207633986429
12,bert.encoder.layer.1.attention.self.value,value,0.007695082109421492,0.0145,3.1737567951495294e-07,0.004742152523249388,0.8187025189399719,2.7111912004329497e-06,0.9975246787071228,15362.468406550828
12,bert.encoder.layer.1.attention.output.dense,dense,0.0057353670708835125,0.0145,1.5665405328491033e-07,0.0027412292547523975,0.6352229714393616,2.5427466425753664e-06,0.9997694492340088,19601.020796415596
12,bert.encoder.layer.2.attention.self.query,query,0.0038381207268685102,0.0145,8.706273746383886e-08,0.0015416252426803112,0.4294580817222595,5.948938905930845e-07,0.9998033046722412,15765.868701214797
12,bert.encoder.layer.2.attention.self.key,key,0.0034272046759724617,0.0145,7.601612139751524e-08,0.0013490320416167378,0.42034363746643066,4.233593244862277e-07,0.9997490644454956,14794.818449194614
12,bert.encoder.layer.2.attention.self.value,value,0.008947743102908134,0.0145,3.0228454761527246e-07,0.005036679096519947,0.8431481719017029,3.5283910619909875e-06,0.9967583417892456,13896.760348983378
12,bert.encoder.layer.2.attention.output.dense,dense,0.0076473914086818695,0.0145,2.1667648297807318e-07,0.0038278265856206417,0.7327592968940735,3.6609267226594966e-06,0.9978095293045044,19032.696730563173
12,bert.encoder.layer.3.attention.self.query,query,0.003613126464188099,0.0145,1.20005324788508e-07,0.002176047069951892,0.5055448412895203,1.089932425202278e-06,0.9992201328277588,16816.607681658217
12,bert.encoder.layer.3.attention.self.key,key,0.003233215305954218,0.0145,1.1147023570856618e-07,0.0020817278418689966,0.48782700300216675,8.360277661267901e-07,0.9989556074142456,17086.31778410441
12,bert.encoder.layer.3.attention.self.value,value,0.009535659104585648,0.0145,3.601449520829192e-07,0.0060303970240056515,0.8336431384086609,4.4758253352483734e-06,0.9934353232383728,14837.318005496018
12,bert.encoder.layer.3.attention.output.dense,dense,0.007045411504805088,0.0145,2.4686883648428193e-07,0.003978355322033167,0.6923121809959412,3.99198142986279e-06,0.9975653886795044,18222.384630269815
12,bert.encoder.layer.4.attention.self.query,query,0.0037167337723076344,0.0145,1.1225953500115793e-07,0.0019113156013190746,0.46344688534736633,8.674863352098328e-07,0.9995456337928772,16827.384169055054
12,bert.encoder.layer.4.attention.self.key,key,0.0034699165262281895,0.0145,1.0596415478403287e-07,0.0018785722786560655,0.4634830057621002,7.655131071260257e-07,0.9992879033088684,18605.524577493892
12,bert.encoder.layer.4.attention.self.value,value,0.009527083486318588,0.0145,3.349213955061714e-07,0.005964749958366156,0.8213433027267456,3.926248609786853e-06,0.9902886152267456,16458.779893771305
12,bert.encoder.layer.4.attention.output.dense,dense,0.007495317608118057,0.0145,2.496072966096108e-07,0.004297284409403801,0.7396932244300842,3.975875642936444e-06,0.9964192509651184,18847.453359202307
12,bert.encoder.layer.5.attention.self.query,query,0.003498705802485347,0.0145,1.193009495636943e-07,0.0019355331314727664,0.505487322807312,7.975087896738842e-07,0.9990573525428772,16808.286285538747
12,bert.encoder.layer.5.attention.self.key,key,0.0029647282790392637,0.0145,1.0615403311931004e-07,0.0018954980187118053,0.5546073913574219,6.397967240445723e-07,0.9988539218902588,15465.385591197737
12,bert.encoder.layer.5.attention.self.value,value,0.009600884281098843,0.0145,3.4634416579137906e-07,0.005848395638167858,0.8779804110527039,2.341708750464022e-06,0.9958631992340088,11905.852095297934
12,bert.encoder.layer.5.attention.output.dense,dense,0.006343729794025421,0.0145,1.5191260160918318e-07,0.0026603955775499344,0.6364520192146301,2.1232119706837693e-06,0.9993082880973816,18522.547795580245
12,bert.encoder.layer.6.attention.self.query,query,0.0038120418321341276,0.0145,9.055761296394849e-08,0.0015593500575050712,0.476066917181015,5.862768830411369e-07,0.9995659589767456,16904.976722614032
12,bert.encoder.layer.6.attention.self.key,key,0.003535578493028879,0.0145,8.665458750556354e-08,0.0015464762691408396,0.5566434264183044,4.4780188090953743e-07,0.9994438886642456,16196.36060209766
12,bert.encoder.layer.6.attention.self.value,value,0.010342003777623177,0.0145,3.7604746694341884e-07,0.005619424395263195,0.9016465544700623,1.7319766811851878e-06,0.9971110224723816,11005.83889444798
12,bert.encoder.layer.6.attention.output.dense,dense,0.006571044214069843,0.0145,1.2806708582502324e-07,0.002267389791086316,0.5883076190948486,1.6041097978813923e-06,0.9997084140777588,19228.047552133718
12,bert.encoder.layer.7.attention.self.query,query,0.0032130342442542315,0.0145,9.514617005379478e-08,0.0015488106291741133,0.4579195976257324,6.737583362337318e-07,0.9995930790901184,16869.970823697233
12,bert.encoder.layer.7.attention.self.key,key,0.0027208158280700445,0.0145,8.47637693368597e-08,0.0014583822339773178,0.4486476182937622,5.265205231808068e-07,0.9996201992034912,16438.595062556364
12,bert.encoder.layer.7.attention.self.value,value,0.009275739081203938,0.0145,3.588558854517032e-07,0.0059999944642186165,0.8730435371398926,3.963815743190935e-06,0.9929945468902588,13050.666894254233
12,bert.encoder.layer.7.attention.output.dense,dense,0.0058488803915679455,0.0145,1.7816319086705334e-07,0.0031252901535481215,0.7001665830612183,2.54967380897142e-06,0.9987725019454956,17549.008036377392
12,bert.encoder.layer.8.attention.self.query,query,0.0034728245809674263,0.0145,1.1250490672409796e-07,0.001995774917304516,0.5466857552528381,8.146570849021373e-07,0.9991726279258728,18853.744879283713
12,bert.encoder.layer.8.attention.self.key,key,0.0023192749358713627,0.0145,8.068486323509205e-08,0.0014038911322131753,0.4474411606788635,4.830770308217325e-07,0.9997287392616272,18354.596895712304
12,bert.encoder.layer.8.attention.self.value,value,0.007616278249770403,0.0145,2.5421030613870244e-07,0.0044631981290876865,0.8094061017036438,2.5514227672829293e-06,0.9956868290901184,10931.544163452743
12,bert.encoder.layer.8.attention.output.dense,dense,0.005836256314069033,0.0145,1.8466845119746722e-07,0.0031810845248401165,0.699028730392456,2.377073769821436e-06,0.9978163242340088,14613.129289474318
12,bert.encoder.layer.9.attention.self.query,query,0.0019035718869417906,0.0145,6.932319163155398e-09,0.00015878230624366552,0.1168966293334961,8.19520895589676e-09,1.0,15487.260301769405
12,bert.encoder.layer.9.attention.self.key,key,0.0014051562175154686,0.0145,6.030203003604129e-09,0.00013737473636865616,0.06090277060866356,3.1292741731192564e-09,0.9999864101409912,13634.30172705737
12,bert.encoder.layer.9.attention.self.value,value,0.006679916754364967,0.0145,2.428482162031287e-07,0.004338132683187723,0.866494357585907,1.664714091020869e-06,0.9964125156402588,11316.478562639346
12,bert.encoder.layer.9.attention.output.dense,dense,0.0035803995560854673,0.0145,8.341702795178207e-08,0.0013879673788323998,0.49942252039909363,7.31607144643931e-07,0.9999118447303772,19158.765218734057
12,bert.encoder.layer.10.attention.self.query,query,0.0009689290309324861,0.0145,2.5281197579829495e-08,0.0005303141660988331,0.3703659772872925,8.803215933994579e-08,1.0,16050.48468099006
12,bert.encoder.layer.10.attention.self.key,key,0.0006723375990986824,0.0145,1.3759358097331642e-08,0.0003257872594986111,0.18248511850833893,4.0888210151024396e-08,1.0,14426.69863467185
12,bert.encoder.layer.10.attention.self.value,value,0.004444614984095097,0.0145,1.5244383178014687e-07,0.0026303105987608433,0.8582279682159424,7.485208470825455e-07,0.9970635175704956,16956.188950288477
12,bert.encoder.layer.10.attention.output.dense,dense,0.0025361627340316772,0.0145,5.6364402922781665e-08,0.0008991735521703959,0.36792171001434326,3.4814044624909e-07,1.0,19480.350779224955
12,bert.encoder.layer.11.attention.self.query,query,0.002205731812864542,0.0145,4.226310679200651e-08,0.0008350975695066154,0.30883800983428955,1.7171716137909243e-07,0.9999864101409912,15932.461060302845
12,bert.encoder.layer.11.attention.self.key,key,0.0015917065320536494,0.0145,3.002807247298733e-08,0.0005180225125513971,0.22872216999530792,8.986830835056026e-08,1.0,14360.183700221954
12,bert.encoder.layer.11.attention.self.value,value,0.0036082130391150713,0.0145,1.0750998313824311e-07,0.001984275644645095,0.7739084959030151,5.746520059801696e-07,0.9989895224571228,18152.823563745045
12,bert.encoder.layer.11.attention.output.dense,dense,0.0025939717888832092,0.0145,5.9287934561780276e-08,0.0010058825137093663,0.3574283719062805,4.6417446242230653e-07,1.0,18770.77795504237
13,bert.encoder.layer.0.attention.self.query,query,0.00270925834774971,0.014333333333333335,9.538155865129738e-08,0.0015517655992880464,0.40471628308296204,6.684234676868073e-07,0.999755859375,15793.018632809511
13,bert.encoder.layer.0.attention.self.key,key,0.0027256994508206844,0.014333333333333335,8.567521803115596e-08,0.0015161867486312985,0.3503932058811188,6.007492174830986e-07,0.9997761845588684,15693.57059866942
13,bert.encoder.layer.0.attention.self.value,value,0.006579641252756119,0.014333333333333335,2.07372707450304e-07,0.0037670396268367767,0.7250082492828369,3.084055151703069e-06,0.9979926347732544,19187.3147981439
13,bert.encoder.layer.0.attention.output.dense,dense,0.006922226864844561,0.014333333333333335,2.0203718520406255e-07,0.003578157164156437,0.6925511956214905,3.6392493711900897e-06,0.9989149570465088,19393.88514479326
13,bert.encoder.layer.1.attention.self.query,query,0.004450857639312744,0.014333333333333335,1.3157266209873342e-07,0.002206668723374605,0.48661983013153076,1.0841361017810414e-06,0.9993625283241272,16858.90060103168
13,bert.encoder.layer.1.attention.self.key,key,0.003632130566984415,0.014333333333333335,1.0156978902386982e-07,0.0016807513311505318,0.4146823287010193,6.610679292862187e-07,0.9996473789215088,15854.2422190092
13,bert.encoder.layer.1.attention.self.value,value,0.008988330140709877,0.014333333333333335,3.3734670523699606e-07,0.005317497067153454,0.8329634070396423,3.5383066006033914e-06,0.9967515468597412,15562.0667902097
13,bert.encoder.layer.1.attention.output.dense,dense,0.007050890009850264,0.014333333333333335,1.9327647748923482e-07,0.003341568633913994,0.6763899326324463,3.3898354558914434e-06,0.9993422031402588,19659.12432532983
13,bert.encoder.layer.2.attention.self.query,query,0.0038028673734515905,0.014333333333333335,9.579570559026251e-08,0.0015791418263688684,0.4098614752292633,6.65818106426741e-07,0.9997965693473816,16124.187244191577
13,bert.encoder.layer.2.attention.self.key,key,0.00345241348259151,0.014333333333333335,8.480354551920755e-08,0.0013890579575672746,0.39964404702186584,4.832924673792149e-07,0.9997151494026184,15115.420302029557
13,bert.encoder.layer.2.attention.self.value,value,0.009943212382495403,0.014333333333333335,3.400677712761535e-07,0.005676603876054287,0.8480228185653687,4.442575573193608e-06,0.9951035976409912,14323.600186411064
13,bert.encoder.layer.2.attention.output.dense,dense,0.00849795900285244,0.014333333333333335,2.3578388663736405e-07,0.004263059701770544,0.7518633604049683,4.3383588490542024e-06,0.9971042275428772,18964.60662820358
13,bert.encoder.layer.3.attention.self.query,query,0.0038894822355359793,0.014333333333333335,1.1174197567243027e-07,0.0019248208263888955,0.4362330734729767,9.922379149429617e-07,0.9998100996017456,17098.347495686106
13,bert.encoder.layer.3.attention.self.key,key,0.003524936269968748,0.014333333333333335,1.145843100402999e-07,0.0019400224555283785,0.4891994893550873,7.747548238512536e-07,0.9991590976715088,17435.966776932975
13,bert.encoder.layer.3.attention.self.value,value,0.010916171595454216,0.014333333333333335,3.7091569993208395e-07,0.006561412941664457,0.8384798169136047,5.465974481921876e-06,0.9901869297027588,15044.120281793284
13,bert.encoder.layer.3.attention.output.dense,dense,0.008218837901949883,0.014333333333333335,2.6835303401639976e-07,0.004373118281364441,0.7129151821136475,4.61953277408611e-06,0.9971787929534912,18074.370841963202
13,bert.encoder.layer.4.attention.self.query,query,0.004231195896863937,0.014333333333333335,1.3266163989555935e-07,0.0023220113944262266,0.4991099536418915,1.1915758477698546e-06,0.9991047978401184,17057.071931346884
13,bert.encoder.layer.4.attention.self.key,key,0.0039346287958323956,0.014333333333333335,1.288872510940564e-07,0.0022575140465050936,0.5044476389884949,1.0564194781181868e-06,0.9988132119178772,18725.749951260463
13,bert.encoder.layer.4.attention.self.value,value,0.010116263292729855,0.014333333333333335,3.31693911448383e-07,0.006137041375041008,0.8139501214027405,4.589693617162993e-06,0.9887288212776184,16563.64351418317
13,bert.encoder.layer.4.attention.output.dense,dense,0.00791965052485466,0.014333333333333335,2.785033359486988e-07,0.004598473664373159,0.758990466594696,4.286375315132318e-06,0.9959716796875,18773.898342632052
13,bert.encoder.layer.5.attention.self.query,query,0.003689323551952839,0.014333333333333335,1.1198904559250877e-07,0.0017784361261874437,0.4592680335044861,7.24356311820884e-07,0.9994642734527588,17541.10438568199
13,bert.encoder.layer.5.attention.self.key,key,0.0032198212575167418,0.014333333333333335,9.916174548152412e-08,0.0017206985503435135,0.5146792531013489,6.099327833908319e-07,0.999267578125,16328.384503114865
13,bert.encoder.layer.5.attention.self.value,value,0.009673088788986206,0.014333333333333335,3.524301632751303e-07,0.005810888949781656,0.8765556812286377,2.3828615667298436e-06,0.9963921308517456,12266.107192339781
13,bert.encoder.layer.5.attention.output.dense,dense,0.006587198935449123,0.014333333333333335,1.5779468753862602e-07,0.002812247956171632,0.6669919490814209,2.308859848199063e-06,0.9991862177848816,18518.89876915649
13,bert.encoder.layer.6.attention.self.query,query,0.003907789010554552,0.014333333333333335,8.167457110630494e-08,0.0014851682353764772,0.483280748128891,5.488755618898722e-07,0.99957275390625,17029.622451528874
13,bert.encoder.layer.6.attention.self.key,key,0.003622316289693117,0.014333333333333335,7.750269759299044e-08,0.0014650608645752072,0.5621727705001831,4.166053599874431e-07,0.9995524287223816,16508.451909951196
13,bert.encoder.layer.6.attention.self.value,value,0.010197562165558338,0.014333333333333335,4.0933409195531567e-07,0.005977444816380739,0.9018120169639587,1.928132405737415e-06,0.9970906376838684,11099.468511103021
13,bert.encoder.layer.6.attention.output.dense,dense,0.007012555375695229,0.014333333333333335,1.352467933202206e-07,0.002557919127866626,0.6458820700645447,1.951252443177509e-06,0.9993760585784912,19021.891754196768
13,bert.encoder.layer.7.attention.self.query,query,0.003079227637499571,0.014333333333333335,9.500229225523071e-08,0.0016320511931553483,0.44817054271698,7.52912399093475e-07,0.9997355341911316,17059.16914423463
13,bert.encoder.layer.7.attention.self.key,key,0.002743165474385023,0.014333333333333335,8.924147465450005e-08,0.0015652975998818874,0.46877342462539673,6.117433031249675e-07,0.9995320439338684,16743.605132074572
13,bert.encoder.layer.7.attention.self.value,value,0.009904833510518074,0.014333333333333335,3.7476183933904395e-07,0.006488614249974489,0.875552237033844,4.775696652359329e-06,0.99176025390625,13346.269112447526
13,bert.encoder.layer.7.attention.output.dense,dense,0.006381480488926172,0.014333333333333335,2.0438280046164436e-07,0.0036815404891967773,0.7339335083961487,3.2875186661840416e-06,0.9979722499847412,17501.77095131512
13,bert.encoder.layer.8.attention.self.query,query,0.0038771256804466248,0.014333333333333335,1.1265277066740964e-07,0.002064768224954605,0.5464544296264648,8.768017778493231e-07,0.9992201328277588,18892.294834988807
13,bert.encoder.layer.8.attention.self.key,key,0.0027363046538084745,0.014333333333333335,8.248284188994148e-08,0.0015840136911720037,0.4519721567630768,6.055690278117254e-07,0.9997016191482544,18522.33458994873
13,bert.encoder.layer.8.attention.self.value,value,0.009358837269246578,0.014333333333333335,3.004005861839687e-07,0.005505511537194252,0.8352068066596985,3.668722911243094e-06,0.9926486611366272,11076.411314739622
13,bert.encoder.layer.8.attention.output.dense,dense,0.007058205548673868,0.014333333333333335,2.2262274512740987e-07,0.004087393172085285,0.7649034261703491,3.3734074804669945e-06,0.9957682490348816,14706.77768711684
13,bert.encoder.layer.9.attention.self.query,query,0.0023275979328900576,0.014333333333333335,8.734361678364166e-09,0.0002498537069186568,0.18823760747909546,2.1749384515601378e-08,1.0,15361.847396086767
13,bert.encoder.layer.9.attention.self.key,key,0.0018632777500897646,0.014333333333333335,7.706806748331019e-09,0.00019698444521054626,0.12429682910442352,7.694459291940348e-09,0.9999864101409912,13454.055349615714
13,bert.encoder.layer.9.attention.self.value,value,0.007346663624048233,0.014333333333333335,2.3505322133132722e-07,0.004227234050631523,0.8619365692138672,1.6290290432152688e-06,0.9965074062347412,11568.92757950231
13,bert.encoder.layer.9.attention.output.dense,dense,0.004173503257334232,0.014333333333333335,1.0459173438448488e-07,0.0017066021682694554,0.5589404106140137,1.0419195177746587e-06,0.9999457597732544,18999.396408759603
13,bert.encoder.layer.10.attention.self.query,query,0.0013781788293272257,0.014333333333333335,3.6089893740154366e-08,0.0007998165674507618,0.42832762002944946,1.7156415310637385e-07,0.9999457597732544,16134.387024610416
13,bert.encoder.layer.10.attention.self.key,key,0.0009494635160081089,0.014333333333333335,2.3403110560593632e-08,0.000518003711476922,0.3972821533679962,9.744994144966768e-08,1.0,14512.516638348457
13,bert.encoder.layer.10.attention.self.value,value,0.004988220985978842,0.014333333333333335,1.5739117031898786e-07,0.0028318639378994703,0.8448019027709961,9.243674412573455e-07,0.9968736171722412,16935.362676350796
13,bert.encoder.layer.10.attention.output.dense,dense,0.0030375358182936907,0.014333333333333335,6.070419544812466e-08,0.0010007813107222319,0.41147392988204956,4.0627810449223034e-07,1.0,19289.572036471334
13,bert.encoder.layer.11.attention.self.query,query,0.002952534006908536,0.014333333333333335,8.543913310177231e-08,0.0012014365056529641,0.4415106177330017,2.885458343371283e-07,0.9997626543045044,16756.281435059875
13,bert.encoder.layer.11.attention.self.key,key,0.002597810234874487,0.014333333333333335,6.190042256548622e-08,0.0008520182454958558,0.43859773874282837,1.7450886957703915e-07,0.9998236894607544,14933.197097997043
13,bert.encoder.layer.11.attention.self.value,value,0.004593287128955126,0.014333333333333335,1.3845536273038306e-07,0.0026070985477417707,0.7763859629631042,1.0478023568794015e-06,0.9980807900428772,18205.78983557346
13,bert.encoder.layer.11.attention.output.dense,dense,0.0037769870832562447,0.014333333333333335,8.897520586970131e-08,0.0016161936800926924,0.5530996918678284,8.466846566079766e-07,0.9998643398284912,19016.11482624938
14,bert.encoder.layer.0.attention.self.query,query,0.0030631127301603556,0.014166666666666666,1.0550151330335211e-07,0.001865946571342647,0.5005387663841248,6.986940661590779e-07,0.9994438886642456,16110.900519478915
14,bert.encoder.layer.0.attention.self.key,key,0.0034497473388910294,0.014166666666666666,1.0856869891995302e-07,0.002162344753742218,0.43848901987075806,9.23560662613454e-07,0.9986911416053772,15970.992833217904
14,bert.encoder.layer.0.attention.self.value,value,0.0071525308303534985,0.014166666666666666,2.2404698540867685e-07,0.004137519281357527,0.733961284160614,3.5712391763809137e-06,0.9973551630973816,18901.659423156096
14,bert.encoder.layer.0.attention.output.dense,dense,0.00768743921071291,0.014166666666666666,2.386229027706577e-07,0.0042499671690166,0.7437118887901306,4.55987719760742e-06,0.9975178837776184,19401.28800536988
14,bert.encoder.layer.1.attention.self.query,query,0.004605174995958805,0.014166666666666666,1.27544865335949e-07,0.002189453924074769,0.5075313448905945,9.583287692294107e-07,0.9989556074142456,17102.18351464684
14,bert.encoder.layer.1.attention.self.key,key,0.004152166191488504,0.014166666666666666,1.2134364624216687e-07,0.002103323582559824,0.5229496955871582,7.884208912400936e-07,0.9988945722579956,16159.621829620706
14,bert.encoder.layer.1.attention.self.value,value,0.009568791836500168,0.014166666666666666,3.5609238580036617e-07,0.005583289545029402,0.8405434489250183,3.884278612531489e-06,0.9963921308517456,15684.875533022538
14,bert.encoder.layer.1.attention.output.dense,dense,0.007813124917447567,0.014166666666666666,2.0858246330135444e-07,0.003743391716852784,0.7049576044082642,4.013671969005372e-06,0.9990776777267456,19655.61769158267
14,bert.encoder.layer.2.attention.self.query,query,0.004396809730678797,0.014166666666666666,1.0234074210302424e-07,0.0017330193659290671,0.45186281204223633,7.106795578692982e-07,0.9994167685508728,16282.75083739497
14,bert.encoder.layer.2.attention.self.key,key,0.004833883605897427,0.014166666666666666,9.832422875888369e-08,0.0015482580056414008,0.3983342945575714,5.338631012818951e-07,0.9994167685508728,15310.017533965934
14,bert.encoder.layer.2.attention.self.value,value,0.009892008267343044,0.014166666666666666,3.374706807335315e-07,0.005434550344944,0.8395169377326965,4.152783731115051e-06,0.9963310956954956,14597.141401722072
14,bert.encoder.layer.2.attention.output.dense,dense,0.008110087364912033,0.014166666666666666,2.2760399076560134e-07,0.004128077533096075,0.742992639541626,4.220577466185205e-06,0.9974026083946228,18975.58375831559
14,bert.encoder.layer.3.attention.self.query,query,0.003751268144696951,0.014166666666666666,1.1728974413927062e-07,0.0020439636427909136,0.47621625661849976,1.052819925462245e-06,0.9995253086090088,17274.580457885535
14,bert.encoder.layer.3.attention.self.key,key,0.0035126854199916124,0.014166666666666666,1.162541920507465e-07,0.0020625744946300983,0.482907772064209,8.652042424728279e-07,0.9989759922027588,17605.022304554815
14,bert.encoder.layer.3.attention.self.value,value,0.010171305388212204,0.014166666666666666,3.554056320353993e-07,0.00628303550183773,0.8382335901260376,5.116211013955763e-06,0.9906819462776184,15301.161407268835
14,bert.encoder.layer.3.attention.output.dense,dense,0.007843511179089546,0.014166666666666666,2.6324067903260584e-07,0.004406538791954517,0.7365658283233643,4.6127352106850594e-06,0.9965684413909912,18078.185085638324
14,bert.encoder.layer.4.attention.self.query,query,0.004298187326639891,0.014166666666666666,1.2210567490456015e-07,0.0021324476692825556,0.4858139753341675,1.067262360265886e-06,0.9994913935661316,17328.73120537719
14,bert.encoder.layer.4.attention.self.key,key,0.004010636825114489,0.014166666666666666,1.278570920248967e-07,0.0022880358155816793,0.5278527736663818,9.834006959863473e-07,0.9985487461090088,19019.872556202674
14,bert.encoder.layer.4.attention.self.value,value,0.009969309903681278,0.014166666666666666,3.4958847550115024e-07,0.006158351898193359,0.8211788535118103,4.216395154799102e-06,0.9907497763633728,17006.00700880774
14,bert.encoder.layer.4.attention.output.dense,dense,0.007887788116931915,0.014166666666666666,2.8129946372246195e-07,0.004648179281502962,0.7631255388259888,4.317209459259175e-06,0.9953477382659912,18676.082104264413
14,bert.encoder.layer.5.attention.self.query,query,0.004093992989510298,0.014166666666666666,1.2512521152530098e-07,0.002182526746764779,0.5439879298210144,9.845939530350734e-07,0.9988335371017456,17594.583435450568
14,bert.encoder.layer.5.attention.self.key,key,0.003374161897227168,0.014166666666666666,1.0921932158680647e-07,0.0019535089377313852,0.5486212968826294,7.194961995082849e-07,0.9991115927696228,16857.121250242402
14,bert.encoder.layer.5.attention.self.value,value,0.009604035876691341,0.014166666666666666,3.3363713214384916e-07,0.005698027089238167,0.8739139437675476,2.2701394755131332e-06,0.9965006709098816,12658.219617352037
14,bert.encoder.layer.5.attention.output.dense,dense,0.006566321477293968,0.014166666666666666,1.7182729550313525e-07,0.002975691808387637,0.6715884804725647,2.4329274310730398e-06,0.9988539218902588,18771.427512128736
14,bert.encoder.layer.6.attention.self.query,query,0.0043059526942670345,0.014166666666666666,7.924933242975385e-08,0.0015591165283694863,0.49200788140296936,5.773854923063482e-07,0.99932861328125,17059.25800945293
14,bert.encoder.layer.6.attention.self.key,key,0.003858663374558091,0.014166666666666666,7.016010528104744e-08,0.001409357413649559,0.5321772694587708,3.924885163542058e-07,0.99945068359375,16577.764733879496
14,bert.encoder.layer.6.attention.self.value,value,0.010044761002063751,0.014166666666666666,4.125643329189188e-07,0.005855235271155834,0.9051404595375061,1.6561690472371993e-06,0.9971584677696228,11402.06807907401
14,bert.encoder.layer.6.attention.output.dense,dense,0.00650630472227931,0.014166666666666666,1.302172734085616e-07,0.0022287743631750345,0.6122241020202637,1.5020390264908201e-06,0.9995930790901184,19160.867580714723
14,bert.encoder.layer.7.attention.self.query,query,0.003406556323170662,0.014166666666666666,8.999158751521463e-08,0.001601461903192103,0.4583952724933624,7.066637408570386e-07,0.9995998740196228,17080.23865574345
14,bert.encoder.layer.7.attention.self.key,key,0.0028950769919902086,0.014166666666666666,8.261801553999248e-08,0.0015005158493295312,0.4576311707496643,5.7044309187404e-07,0.9997897744178772,16851.550327363362
14,bert.encoder.layer.7.attention.self.value,value,0.009502965956926346,0.014166666666666666,3.566787256659154e-07,0.0059591843746602535,0.8795714974403381,3.79509333470196e-06,0.9930759072303772,13646.858428794896
14,bert.encoder.layer.7.attention.output.dense,dense,0.005773613695055246,0.014166666666666666,1.9388723160318477e-07,0.0033287510741502047,0.7230345606803894,2.611469653857057e-06,0.9982978105545044,17651.614367797472
14,bert.encoder.layer.8.attention.self.query,query,0.003687703050673008,0.014166666666666666,1.0055216392856892e-07,0.0019347119377925992,0.5318627953529358,8.323908673446567e-07,0.9992743730545044,18883.935145572465
14,bert.encoder.layer.8.attention.self.key,key,0.002693196525797248,0.014166666666666666,7.788917599782508e-08,0.0015384953003376722,0.46963971853256226,5.384154064813629e-07,0.9996337890625,18600.642634819545
14,bert.encoder.layer.8.attention.self.value,value,0.007334158290177584,0.014166666666666666,2.5054831098714203e-07,0.00447316886857152,0.798494815826416,2.759860763035249e-06,0.9951103925704956,11399.05533242594
14,bert.encoder.layer.8.attention.output.dense,dense,0.005961836781352758,0.014166666666666666,1.958460416062735e-07,0.0033513365779072046,0.7154666781425476,2.575628059275914e-06,0.9977349042892456,14960.438412321484
14,bert.encoder.layer.9.attention.self.query,query,0.001552678644657135,0.014166666666666666,1.0578139253425434e-08,0.0003355366934556514,0.27216821908950806,4.015330290485508e-08,1.0,15322.300951973417
14,bert.encoder.layer.9.attention.self.key,key,0.0011598234996199608,0.014166666666666666,9.317828286725671e-09,0.0002424661215627566,0.1641276627779007,1.4865094044580474e-08,0.9999864101409912,13283.788759543113
14,bert.encoder.layer.9.attention.self.value,value,0.006944724358618259,0.014166666666666666,2.3979373509064317e-07,0.004225909244269133,0.8602120876312256,1.558603571538697e-06,0.9964057207107544,11899.996310667091
14,bert.encoder.layer.9.attention.output.dense,dense,0.003919830545783043,0.014166666666666666,9.04819117408806e-08,0.0014992672950029373,0.5148694515228271,8.467245038445981e-07,0.9999592900276184,19053.634696071687
14,bert.encoder.layer.10.attention.self.query,query,0.0016374470433220267,0.014166666666666666,3.778698243195322e-08,0.000887358037289232,0.458030104637146,2.1267459260343458e-07,0.9999796748161316,16167.957064534723
14,bert.encoder.layer.10.attention.self.key,key,0.001163832494057715,0.014166666666666666,2.5033205730551344e-08,0.0006569245597347617,0.4167482852935791,1.5000969710854406e-07,1.0,14597.548308571188
14,bert.encoder.layer.10.attention.self.value,value,0.004452796187251806,0.014166666666666666,1.410916468103096e-07,0.0026050936430692673,0.8215110898017883,8.324972782247642e-07,0.9972602128982544,17104.41602584816
14,bert.encoder.layer.10.attention.output.dense,dense,0.002755635417997837,0.014166666666666666,5.693113180882392e-08,0.0009571117698214948,0.39911139011383057,4.070142267664778e-07,1.0,19224.678884143468
14,bert.encoder.layer.11.attention.self.query,query,0.002813860075548291,0.014166666666666666,5.4691149387053883e-08,0.001143432455137372,0.4365256130695343,2.9950217594887363e-07,0.9998440146446228,16438.01509010375
14,bert.encoder.layer.11.attention.self.key,key,0.0019103812519460917,0.014166666666666666,3.6715135820486466e-08,0.0007354283588938415,0.3569629192352295,1.606526325304003e-07,0.9999592900276184,14895.322437877965
14,bert.encoder.layer.11.attention.self.value,value,0.0045859310775995255,0.014166666666666666,1.198584698158811e-07,0.0020515630021691322,0.7426749467849731,6.019789111633145e-07,0.9989284873008728,18365.82874887352
14,bert.encoder.layer.11.attention.output.dense,dense,0.0039020634721964598,0.014166666666666666,7.698110948695103e-08,0.0011794781312346458,0.41533565521240234,5.487584076036001e-07,1.0,18894.881385248933
15,bert.encoder.layer.0.attention.self.query,query,0.0038467394188046455,0.014,1.3019459288443613e-07,0.002209474565461278,0.4847439229488373,1.1261398640272091e-06,0.9993625283241272,16466.53938667412
15,bert.encoder.layer.0.attention.self.key,key,0.0037825023755431175,0.014,1.1903692609394056e-07,0.0020800188649445772,0.4443586766719818,1.0133587693417212e-06,0.9992743730545044,16430.414446326235
15,bert.encoder.layer.0.attention.self.value,value,0.00744833005592227,0.014,2.388419488852378e-07,0.004180769436061382,0.7320657968521118,3.7293548302841373e-06,0.9975382685661316,19112.228827408217
15,bert.encoder.layer.0.attention.output.dense,dense,0.00848398357629776,0.014,2.483760681570857e-07,0.004415940493345261,0.743598222732544,4.831680143979611e-06,0.9969550371170044,19559.780917915818
15,bert.encoder.layer.1.attention.self.query,query,0.005494842305779457,0.014,1.3205287530126952e-07,0.0022092354483902454,0.49872615933418274,1.0902545000135433e-06,0.9993082880973816,17270.385543566885
15,bert.encoder.layer.1.attention.self.key,key,0.005375097040086985,0.014,1.2030288587538962e-07,0.002142356475815177,0.49039340019226074,8.971289844339481e-07,0.99884033203125,16655.94424293565
15,bert.encoder.layer.1.attention.self.value,value,0.011061244644224644,0.014,4.511368274506822e-07,0.006425988394767046,0.8379185199737549,4.882761004409986e-06,0.9949476718902588,15671.811853551122
15,bert.encoder.layer.1.attention.output.dense,dense,0.00950104184448719,0.014,2.7176571393283666e-07,0.004849632270634174,0.7699257731437683,5.518689249583986e-06,0.9958699345588684,19620.525070586766
15,bert.encoder.layer.2.attention.self.query,query,0.0049817319959402084,0.014,1.6306833572343749e-07,0.0024910822976380587,0.5009652376174927,1.1143297342641745e-06,0.9976942539215088,16276.97177412424
15,bert.encoder.layer.2.attention.self.key,key,0.0050699966959655285,0.014,1.8006203106324392e-07,0.0029144876170903444,0.5768141150474548,1.1246634130657185e-06,0.9957546591758728,15816.207519345433
15,bert.encoder.layer.2.attention.self.value,value,0.011305303312838078,0.014,4.212708688555722e-07,0.006057504564523697,0.8383203744888306,4.649977199733257e-06,0.9945339560508728,15079.591718943842
15,bert.encoder.layer.2.attention.output.dense,dense,0.009369904175400734,0.014,2.6174492973041197e-07,0.004655068274587393,0.7726508378982544,4.918307695334079e-06,0.9955241084098816,19118.356612018168
15,bert.encoder.layer.3.attention.self.query,query,0.004085687920451164,0.014,1.2392034420827258e-07,0.002103067934513092,0.4877803921699524,1.1436105751272407e-06,0.9994913935661316,17457.70710452832
15,bert.encoder.layer.3.attention.self.key,key,0.0037990312557667494,0.014,1.2276855443360546e-07,0.0021454242523759604,0.49142205715179443,9.290767479797069e-07,0.9988945722579956,17749.898834030155
15,bert.encoder.layer.3.attention.self.value,value,0.01163781713694334,0.014,4.3989274445266346e-07,0.007521920837461948,0.8729348182678223,5.963917828921694e-06,0.9886135458946228,15849.706933176756
15,bert.encoder.layer.3.attention.output.dense,dense,0.00880814716219902,0.014,2.8973209964533453e-07,0.0047337994910776615,0.7436231970787048,5.097498160466785e-06,0.9957072138786316,18009.855216488242
15,bert.encoder.layer.4.attention.self.query,query,0.0044791060499846935,0.014,1.3261600884106883e-07,0.002366844564676285,0.5309068560600281,1.21564687560749e-06,0.9989556074142456,17625.470797773323
15,bert.encoder.layer.4.attention.self.key,key,0.0042256759479641914,0.014,1.3278183530474053e-07,0.0023829396814107895,0.5625250339508057,1.063044578586414e-06,0.9983927607536316,19163.290075579538
15,bert.encoder.layer.4.attention.self.value,value,0.010538505390286446,0.014,3.6598348174265993e-07,0.006464898120611906,0.8335832357406616,4.488607828534441e-06,0.9875895380973816,17293.630766052047
15,bert.encoder.layer.4.attention.output.dense,dense,0.008375441655516624,0.014,2.652199952990486e-07,0.004678187891840935,0.763678252696991,4.36663867731113e-06,0.9955241084098816,18782.124999960317
15,bert.encoder.layer.5.attention.self.query,query,0.0038389030378311872,0.014,1.2377492453197192e-07,0.0020377403125166893,0.5065783858299255,9.626251085137483e-07,0.9992404580116272,17726.517436431262
15,bert.encoder.layer.5.attention.self.key,key,0.0031772900838404894,0.014,1.0501963032538697e-07,0.0017968275351449847,0.5141209363937378,6.938265073586081e-07,0.9992946982383728,16884.336440397296
15,bert.encoder.layer.5.attention.self.value,value,0.009919949807226658,0.014,3.4057757147820666e-07,0.005698004737496376,0.8503775596618652,2.7751095785788493e-06,0.9956868290901184,12743.403381643247
15,bert.encoder.layer.5.attention.output.dense,dense,0.007509119343012571,0.014,1.9412875928992435e-07,0.003374069929122925,0.6932228803634644,2.985808350786101e-06,0.9984605312347412,18784.007499818064
15,bert.encoder.layer.6.attention.self.query,query,0.004728429950773716,0.014,9.900337971657791e-08,0.00167282170150429,0.5090343952178955,6.21014180524071e-07,0.9993489384651184,17435.898263468796
15,bert.encoder.layer.6.attention.self.key,key,0.004297933075577021,0.014,8.937887230331398e-08,0.0015963028417900205,0.5791916251182556,4.4420610834094987e-07,0.9992743730545044,16902.916685790773
15,bert.encoder.layer.6.attention.self.value,value,0.010284747928380966,0.014,3.7386220697044337e-07,0.005681072827428579,0.8940948843955994,1.91438425645174e-06,0.9968464970588684,11578.77826099874
15,bert.encoder.layer.6.attention.output.dense,dense,0.0073745232075452805,0.014,1.6721919848805555e-07,0.0029438240453600883,0.709399938583374,2.063551619357895e-06,0.9984809160232544,19053.45082047489
15,bert.encoder.layer.7.attention.self.query,query,0.003855976043269038,0.014,1.0035279984776935e-07,0.001650995691306889,0.458753764629364,7.458137361027184e-07,0.9996473789215088,17235.53782915193
15,bert.encoder.layer.7.attention.self.key,key,0.003252126509323716,0.014,9.044828175319708e-08,0.0016461802879348397,0.4731152653694153,6.251507898014097e-07,0.9995998740196228,17141.683726472773
15,bert.encoder.layer.7.attention.self.value,value,0.010044514201581478,0.014,3.8399403479161265e-07,0.00630020909011364,0.8776357173919678,4.2685101107053924e-06,0.99298095703125,13668.921908598299
15,bert.encoder.layer.7.attention.output.dense,dense,0.00634114071726799,0.014,2.1686282991595363e-07,0.0037388349883258343,0.7488994002342224,3.076330131079885e-06,0.997314453125,17716.316520653632
15,bert.encoder.layer.8.attention.self.query,query,0.0035339975729584694,0.014,1.2117641290387837e-07,0.0020388562697917223,0.5465714335441589,8.20443574411911e-07,0.9992268681526184,18966.23426718225
15,bert.encoder.layer.8.attention.self.key,key,0.0023846204858273268,0.014,8.174041710162783e-08,0.0013385304482653737,0.41975751519203186,4.490808578339056e-07,0.9998440146446228,18662.022806164096
15,bert.encoder.layer.8.attention.self.value,value,0.008906146511435509,0.014,3.09517588448216e-07,0.005333512090146542,0.8449151515960693,3.2810851280373754e-06,0.9937608242034912,11511.016662841734
15,bert.encoder.layer.8.attention.output.dense,dense,0.006901804357767105,0.014,2.3007241622963193e-07,0.0040391734801232815,0.76619553565979,3.135003225906985e-06,0.9962158203125,15067.109328249357
15,bert.encoder.layer.9.attention.self.query,query,0.0018956201383844018,0.014,8.564472686600766e-09,0.00015648604312445968,0.08548855781555176,8.79119088637026e-09,1.0,15490.551820926994
15,bert.encoder.layer.9.attention.self.key,key,0.0013238503597676754,0.014,6.94872159812121e-09,9.52203045017086e-05,0.020383566617965698,1.6492001098100673e-09,0.9999932050704956,13414.120641146763
15,bert.encoder.layer.9.attention.self.value,value,0.008017425425350666,0.014,2.869823561013618e-07,0.005065427627414465,0.8740935325622559,2.1352966541599017e-06,0.9956190586090088,12027.438135155397
15,bert.encoder.layer.9.attention.output.dense,dense,0.004784028511494398,0.014,1.1759453855120228e-07,0.0019975188188254833,0.6223059892654419,1.2167161003162619e-06,0.9994235634803772,18935.734098123645
15,bert.encoder.layer.10.attention.self.query,query,0.002053665230050683,0.014,7.140592828136505e-08,0.0010237613460049033,0.4437803626060486,2.3083038058757666e-07,0.99981689453125,16902.175638753335
15,bert.encoder.layer.10.attention.self.key,key,0.0013079032069072127,0.014,4.769233186152633e-08,0.0005213742842897773,0.2703617513179779,8.955739616567371e-08,1.0,15417.502484493283
15,bert.encoder.layer.10.attention.self.value,value,0.00520986458286643,0.014,1.6246200118530396e-07,0.0028607104904949665,0.8288525342941284,9.210425560013391e-07,0.9969414472579956,17132.34018368806
15,bert.encoder.layer.10.attention.output.dense,dense,0.0036693543661385775,0.014,7.454341499624206e-08,0.001169307972304523,0.44083157181739807,5.623712127089675e-07,1.0,19221.50381306891
15,bert.encoder.layer.11.attention.self.query,query,0.0030759875662624836,0.014,7.281163050265604e-08,0.0011866012355312705,0.40714484453201294,2.9533765655287425e-07,0.9996880292892456,16503.15822751462
15,bert.encoder.layer.11.attention.self.key,key,0.0021322928369045258,0.014,5.419890314328768e-08,0.0006847525364719331,0.30018332600593567,1.4242229440242227e-07,1.0,14929.882368336777
15,bert.encoder.layer.11.attention.self.value,value,0.005321176256984472,0.014,1.5158563826389582e-07,0.0026072796899825335,0.7068375945091248,1.1437156217652955e-06,0.9982638955116272,18379.570432233304
15,bert.encoder.layer.11.attention.output.dense,dense,0.004664536099880934,0.014,1.3242269858437794e-07,0.0020605234894901514,0.604598879814148,1.2734959682347835e-06,0.9997829794883728,18977.346920691183
16,bert.encoder.layer.0.attention.self.query,query,0.002899405313655734,0.013833333333333335,8.807374030084247e-08,0.0016664518043398857,0.39601922035217285,6.991696182012674e-07,0.9996880292892456,16690.27499310891
16,bert.encoder.layer.0.attention.self.key,key,0.002787458710372448,0.013833333333333335,7.872626639482405e-08,0.0014988882467150688,0.3209623694419861,5.984587119201024e-07,0.9997355341911316,16670.08084263422
16,bert.encoder.layer.0.attention.self.value,value,0.00700589781627059,0.013833333333333335,2.1361415747378487e-07,0.003936230670660734,0.717759907245636,3.5182918054488255e-06,0.9978908896446228,19260.736038161504
16,bert.encoder.layer.0.attention.output.dense,dense,0.008202536962926388,0.013833333333333335,2.5356951027788455e-07,0.004517840687185526,0.7634352445602417,4.985284704162041e-06,0.9969143271446228,19595.734314521767
16,bert.encoder.layer.1.attention.self.query,query,0.005077865440398455,0.013833333333333335,1.1731013671578694e-07,0.0020106718875467777,0.4533129036426544,9.903774298436474e-07,0.9995524287223816,17253.147546833847
16,bert.encoder.layer.1.attention.self.key,key,0.005157604347914457,0.013833333333333335,1.077046007935678e-07,0.0019179549999535084,0.44350507855415344,8.366615134036692e-07,0.9992404580116272,16754.14676310955
16,bert.encoder.layer.1.attention.self.value,value,0.0096738887950778,0.013833333333333335,3.816728906258504e-07,0.005631955806165934,0.828444242477417,3.920320068573346e-06,0.9964260458946228,15500.526422170253
16,bert.encoder.layer.1.attention.output.dense,dense,0.007822605781257153,0.013833333333333335,2.1663551308392925e-07,0.003906101454049349,0.7140182852745056,4.257783984940033e-06,0.9990641474723816,19627.775320423625
16,bert.encoder.layer.2.attention.self.query,query,0.0042232065461575985,0.013833333333333335,1.238918514445686e-07,0.0020670637022703886,0.4124080538749695,9.333999742011656e-07,0.9995456337928772,16540.5639877518
16,bert.encoder.layer.2.attention.self.key,key,0.004470147658139467,0.013833333333333335,1.4432494310767652e-07,0.0025310006458312273,0.48137179017066956,1.001512941911642e-06,0.9972059726715088,16300.807415986394
16,bert.encoder.layer.2.attention.self.value,value,0.011003241874277592,0.013833333333333335,3.7359603766162763e-07,0.005972704850137234,0.8421180248260498,4.759059720527148e-06,0.9936252236366272,15423.902571182014
16,bert.encoder.layer.2.attention.output.dense,dense,0.00870151910930872,0.013833333333333335,2.412372737126134e-07,0.004315478261560202,0.7523608803749084,4.516309672908392e-06,0.9969821572303772,19240.458193974402
16,bert.encoder.layer.3.attention.self.query,query,0.004581559915095568,0.013833333333333335,1.5580265255721315e-07,0.002773161279037595,0.5823680758476257,1.56128544404055e-06,0.9982571005821228,17594.80310228869
16,bert.encoder.layer.3.attention.self.key,key,0.004198653157800436,0.013833333333333335,1.4426889549667976e-07,0.0025151786394417286,0.5304312109947205,1.2011178114335053e-06,0.9984605312347412,17755.72866139559
16,bert.encoder.layer.3.attention.self.value,value,0.010257307440042496,0.013833333333333335,3.4497531942179194e-07,0.006227580364793539,0.8302295207977295,5.22863638252602e-06,0.9905056357383728,16110.50599650995
16,bert.encoder.layer.3.attention.output.dense,dense,0.008532967418432236,0.013833333333333335,2.7426338533587113e-07,0.004608620889484882,0.738323450088501,5.021062406740384e-06,0.9963650107383728,17878.272021534878
16,bert.encoder.layer.4.attention.self.query,query,0.004163279663771391,0.013833333333333335,1.2122974624162453e-07,0.002146762562915683,0.48817312717437744,1.0889746135944733e-06,0.9994574785232544,17894.401284594824
16,bert.encoder.layer.4.attention.self.key,key,0.003949154168367386,0.013833333333333335,1.194752883293404e-07,0.0021833095233887434,0.5158370733261108,9.548417665428133e-07,0.9989081621170044,19200.64905733127
16,bert.encoder.layer.4.attention.self.value,value,0.01001905370503664,0.013833333333333335,3.5185499314138724e-07,0.006325699854642153,0.828998327255249,4.3920581447309814e-06,0.9888441562652588,17383.23229255785
16,bert.encoder.layer.4.attention.output.dense,dense,0.007924892008304596,0.013833333333333335,2.502727056707954e-07,0.00444035604596138,0.7475695610046387,4.249065113981487e-06,0.99609375,18750.001865421582
16,bert.encoder.layer.5.attention.self.query,query,0.004403944127261639,0.013833333333333335,1.5353910498561163e-07,0.002537137595936656,0.5798668265342712,1.2260469475222635e-06,0.9983588457107544,17644.587588929015
16,bert.encoder.layer.5.attention.self.key,key,0.0038096881471574306,0.013833333333333335,1.3511650820419163e-07,0.0023808195255696774,0.6090198159217834,9.582732900526025e-07,0.9985080361366272,16618.086658975106
16,bert.encoder.layer.5.attention.self.value,value,0.00981047097593546,0.013833333333333335,3.1561464197693567e-07,0.00561230955645442,0.848459005355835,2.785259994197986e-06,0.9955512285232544,12908.247634653186
16,bert.encoder.layer.5.attention.output.dense,dense,0.007349016144871712,0.013833333333333335,1.8841814153347514e-07,0.003276923904195428,0.6810656189918518,2.8987533369218e-06,0.9989420771598816,18803.560150328783
16,bert.encoder.layer.6.attention.self.query,query,0.004002552013844252,0.013833333333333335,8.489724478977223e-08,0.0014363297959789634,0.450004518032074,5.137163157087343e-07,0.9995524287223816,17540.398917658447
16,bert.encoder.layer.6.attention.self.key,key,0.0036083157174289227,0.013833333333333335,7.655448541754595e-08,0.0013099060161039233,0.5233219861984253,3.5431304468147573e-07,0.9995795488357544,16972.76518460105
16,bert.encoder.layer.6.attention.self.value,value,0.009837019257247448,0.013833333333333335,3.7174541489548574e-07,0.005698611959815025,0.9025490283966064,1.8472601368557662e-06,0.9969685673713684,11653.06497227833
16,bert.encoder.layer.6.attention.output.dense,dense,0.006486736703664064,0.013833333333333335,1.3107676011259173e-07,0.0023185769096016884,0.6181304454803467,1.6493601151523762e-06,0.99957275390625,19128.129957354817
16,bert.encoder.layer.7.attention.self.query,query,0.004154966678470373,0.013833333333333335,1.1939948763028951e-07,0.002224598079919815,0.5806687474250793,1.0733633644122165e-06,0.9985826015472412,17251.551151673048
16,bert.encoder.layer.7.attention.self.key,key,0.0033983117900788784,0.013833333333333335,1.0259046234750713e-07,0.001903848024085164,0.5294269323348999,7.63189689223509e-07,0.99920654296875,17226.7484326655
16,bert.encoder.layer.7.attention.self.value,value,0.008816766552627087,0.013833333333333335,3.3302191582151863e-07,0.005646970588713884,0.878795862197876,3.4946065170515794e-06,0.9949137568473816,13736.16213001731
16,bert.encoder.layer.7.attention.output.dense,dense,0.0052218204364180565,0.013833333333333335,1.6950377812463557e-07,0.002917289501056075,0.6769824624061584,2.3578779746458167e-06,0.9990980625152588,17787.12759812852
16,bert.encoder.layer.8.attention.self.query,query,0.0031623132526874542,0.013833333333333335,1.075019753216111e-07,0.00189774832688272,0.5092005133628845,7.332528753067891e-07,0.9994574785232544,19038.192780568577
16,bert.encoder.layer.8.attention.self.key,key,0.0021944986656308174,0.013833333333333335,7.98560648718194e-08,0.0014047621516510844,0.4467438757419586,4.874930823461909e-07,0.99969482421875,18614.352872159154
16,bert.encoder.layer.8.attention.self.value,value,0.008343592286109924,0.013833333333333335,2.976128143927781e-07,0.005198314320296049,0.8328388333320618,3.214853222743841e-06,0.9937880039215088,11728.736249887614
16,bert.encoder.layer.8.attention.output.dense,dense,0.0063086929731070995,0.013833333333333335,2.1331983646177832e-07,0.00365843391045928,0.7327006459236145,2.858167590602534e-06,0.9968193769454956,15278.06728761446
16,bert.encoder.layer.9.attention.self.query,query,0.001525186002254486,0.013833333333333335,7.203634577734874e-09,0.00013478047912940383,0.08514241129159927,6.566115207107259e-09,1.0,15570.337119785258
16,bert.encoder.layer.9.attention.self.key,key,0.0011966656893491745,0.013833333333333335,6.2189271510249e-09,0.00010397623555036262,0.10712986439466476,3.0618034774221314e-09,1.0,13419.614517145581
16,bert.encoder.layer.9.attention.self.value,value,0.007358410395681858,0.013833333333333335,2.6256060436935513e-07,0.004583955276757479,0.8593583106994629,1.8517972648623982e-06,0.9962158203125,12129.862854013976
16,bert.encoder.layer.9.attention.output.dense,dense,0.004548260476440191,0.013833333333333335,1.0159644858731554e-07,0.0016837487928569317,0.5306872725486755,1.0462713362358045e-06,0.9999253749847412,18958.70016638065
16,bert.encoder.layer.10.attention.self.query,query,0.0034771659411489964,0.013833333333333335,7.092400267083576e-08,0.0010866856900975108,0.3973700702190399,2.80183741097062e-07,0.99981689453125,16305.555002539559
16,bert.encoder.layer.10.attention.self.key,key,0.002411201596260071,0.013833333333333335,4.749456650188222e-08,0.0006559835746884346,0.31176602840423584,1.3113742625137093e-07,0.9999660849571228,14873.746995063588
16,bert.encoder.layer.10.attention.self.value,value,0.0057092770002782345,0.013833333333333335,1.5996138813534344e-07,0.00275697885081172,0.7812371850013733,1.0534143939366913e-06,0.9971923828125,17269.56148824833
16,bert.encoder.layer.10.attention.output.dense,dense,0.004327711649239063,0.013833333333333335,9.404444512028931e-08,0.0014825800899416208,0.5021722912788391,8.010153464965697e-07,0.9998982548713684,19077.583046427688
16,bert.encoder.layer.11.attention.self.query,query,0.0036527845077216625,0.013833333333333335,8.23161769858416e-08,0.0013653438072651625,0.43599414825439453,4.031321623187978e-07,0.9996541142463684,16305.549221269886
16,bert.encoder.layer.11.attention.self.key,key,0.0029583871364593506,0.013833333333333335,6.449579359468771e-08,0.0011071626795455813,0.43663981556892395,2.910494742991432e-07,0.9998508095741272,14716.412613740014
16,bert.encoder.layer.11.attention.self.value,value,0.004382169805467129,0.013833333333333335,1.3982744917484524e-07,0.002299530664458871,0.7126392126083374,8.33644094200281e-07,0.9988132119178772,18795.533906455894
16,bert.encoder.layer.11.attention.output.dense,dense,0.004080449230968952,0.013833333333333335,1.1343271211217143e-07,0.0016568335704505444,0.483915776014328,9.204160278386553e-07,0.9999796748161316,19479.72727471466
17,bert.encoder.layer.0.attention.self.query,query,0.00279422290623188,0.013666666666666666,9.223717256645614e-08,0.001619398477487266,0.3971415162086487,6.855285050733073e-07,0.9997355341911316,16913.29958560511
17,bert.encoder.layer.0.attention.self.key,key,0.0026593541260808706,0.013666666666666666,8.778455651281547e-08,0.0014539321418851614,0.3574995696544647,5.730792622671288e-07,0.9997761845588684,17045.830616687574
17,bert.encoder.layer.0.attention.self.value,value,0.006736590061336756,0.013666666666666666,2.0806747613733023e-07,0.0037517508026212454,0.7034388184547424,3.202890411557746e-06,0.9981418251991272,19488.42122629925
17,bert.encoder.layer.0.attention.output.dense,dense,0.007123113144189119,0.013666666666666666,2.097948623713819e-07,0.0037364254239946604,0.7049683928489685,3.878300049109384e-06,0.9990776777267456,19647.999639517715
17,bert.encoder.layer.1.attention.self.query,query,0.005045472178608179,0.013666666666666666,9.99169031956626e-08,0.0018157601589336991,0.4258723556995392,8.06630453098478e-07,0.9995659589767456,17496.08009094109
17,bert.encoder.layer.1.attention.self.key,key,0.005198439583182335,0.013666666666666666,9.333147943380027e-08,0.0017193363746628165,0.4743278920650482,6.309641094048857e-07,0.99957275390625,17042.400324746948
17,bert.encoder.layer.1.attention.self.value,value,0.009366308338940144,0.013666666666666666,3.5675830645232054e-07,0.005356977693736553,0.8304112553596497,3.670115575005184e-06,0.9968329668045044,15365.576836607259
17,bert.encoder.layer.1.attention.output.dense,dense,0.007658685091882944,0.013666666666666666,2.039245856622074e-07,0.0037169300485402346,0.6982975006103516,3.967820703110192e-06,0.999267578125,19654.533649365356
17,bert.encoder.layer.2.attention.self.query,query,0.004002518020570278,0.013666666666666666,1.0922679649638667e-07,0.0018862647702917457,0.4511882960796356,8.323088422912406e-07,0.9994032382965088,16746.619599699337
17,bert.encoder.layer.2.attention.self.key,key,0.003732775803655386,0.013666666666666666,9.605717110616752e-08,0.0017556501552462578,0.42201167345046997,6.941370429558447e-07,0.9996201992034912,16507.570773575637
17,bert.encoder.layer.2.attention.self.value,value,0.011257758364081383,0.013666666666666666,3.902028424818127e-07,0.006156091578304768,0.8533467650413513,4.979451205144869e-06,0.9944118857383728,15679.983142104787
17,bert.encoder.layer.2.attention.output.dense,dense,0.009306047111749649,0.013666666666666666,2.6189636059825716e-07,0.004763850476592779,0.7758009433746338,5.134801085660001e-06,0.9957478642463684,19269.321834873226
17,bert.encoder.layer.3.attention.self.query,query,0.004889748990535736,0.013666666666666666,1.6112062439788133e-07,0.002851894125342369,0.609171986579895,1.5155441133174463e-06,0.9976874589920044,17717.293614399736
17,bert.encoder.layer.3.attention.self.key,key,0.004506244789808989,0.013666666666666666,1.643228557668408e-07,0.0028594143223017454,0.5738285779953003,1.2994240705666016e-06,0.99761962890625,17450.766185919005
17,bert.encoder.layer.3.attention.self.value,value,0.01203120406717062,0.013666666666666666,4.518315108725801e-07,0.007038590498268604,0.833607017993927,6.113182735134615e-06,0.9877116084098816,16221.169244130144
17,bert.encoder.layer.3.attention.output.dense,dense,0.009914074093103409,0.013666666666666666,3.0358316394085705e-07,0.005272488575428724,0.7733299136161804,6.113903054938419e-06,0.9940049648284912,17720.792412028833
17,bert.encoder.layer.4.attention.self.query,query,0.004764012061059475,0.013666666666666666,1.5410044795771682e-07,0.0027434544172137976,0.560880184173584,1.5354285096691456e-06,0.9982774257659912,17991.94356466803
17,bert.encoder.layer.4.attention.self.key,key,0.004392931703478098,0.013666666666666666,1.4719296359544387e-07,0.002653829986229539,0.5519194006919861,1.267726133846736e-06,0.9978976845741272,19094.6505801114
17,bert.encoder.layer.4.attention.self.value,value,0.011368049308657646,0.013666666666666666,4.019397579213546e-07,0.0071810157969594,0.8445864915847778,5.282974143483443e-06,0.9837849736213684,17610.994440433104
17,bert.encoder.layer.4.attention.output.dense,dense,0.008630660362541676,0.013666666666666666,2.7849225148202095e-07,0.005028215702623129,0.7706969380378723,4.824378720513778e-06,0.9942694902420044,18796.62388690609
17,bert.encoder.layer.5.attention.self.query,query,0.004386867396533489,0.013666666666666666,1.4036849904641713e-07,0.0026092040352523327,0.5455899834632874,1.3724770724365953e-06,0.9983249306678772,17731.03778954361
17,bert.encoder.layer.5.attention.self.key,key,0.003704151138663292,0.013666666666666666,1.2989615072456218e-07,0.002238260814920068,0.5066089034080505,9.720386060507735e-07,0.9987046718597412,16406.598059297
17,bert.encoder.layer.5.attention.self.value,value,0.010436543263494968,0.013666666666666666,3.300972650777112e-07,0.005851362831890583,0.8313412666320801,3.495884129733895e-06,0.9936930537223816,13174.27494221167
17,bert.encoder.layer.5.attention.output.dense,dense,0.008498652838170528,0.013666666666666666,2.2114787157079263e-07,0.003918756730854511,0.7326961755752563,3.6737692425958812e-06,0.9974433183670044,18690.342481234482
17,bert.encoder.layer.6.attention.self.query,query,0.0049197012558579445,0.013666666666666666,9.035534986878702e-08,0.0016589951701462269,0.5038578510284424,6.953275146770466e-07,0.9994778037071228,17395.08751236873
17,bert.encoder.layer.6.attention.self.key,key,0.004707633517682552,0.013666666666666666,8.407437945834317e-08,0.0015921905869618058,0.5725245475769043,4.630730643384595e-07,0.9994167685508728,16891.399805450354
17,bert.encoder.layer.6.attention.self.value,value,0.010115781798958778,0.013666666666666666,3.8612967045992264e-07,0.00565706379711628,0.8895764350891113,1.873866267487756e-06,0.9970499873161316,11843.150031785288
17,bert.encoder.layer.6.attention.output.dense,dense,0.006779956165701151,0.013666666666666666,1.3388256547841593e-07,0.0024364255368709564,0.619926393032074,1.8079909978041542e-06,0.9996405839920044,19206.46301932212
17,bert.encoder.layer.7.attention.self.query,query,0.0038523757830262184,0.013666666666666666,9.768127284814909e-08,0.0017661204328760505,0.4739508032798767,8.510784823556605e-07,0.9996201992034912,17306.990125984397
17,bert.encoder.layer.7.attention.self.key,key,0.003378926543518901,0.013666666666666666,9.256404354118786e-08,0.0016999999061226845,0.4566570818424225,7.227867513392994e-07,0.9995930790901184,17297.298615662
17,bert.encoder.layer.7.attention.self.value,value,0.00996110588312149,0.013666666666666666,3.58342845174775e-07,0.006198847200721502,0.8844909071922302,4.254065515851835e-06,0.9915974736213684,13913.737395076232
17,bert.encoder.layer.7.attention.output.dense,dense,0.00635105837136507,0.013666666666666666,1.8855818950669345e-07,0.0033977709244936705,0.718539297580719,2.858863808796741e-06,0.9983113408088684,17828.815263188044
17,bert.encoder.layer.8.attention.self.query,query,0.0033266544342041016,0.013666666666666666,1.0737807798477661e-07,0.001896053203381598,0.5129942893981934,8.150194616973749e-07,0.9993693232536316,18712.616994860564
17,bert.encoder.layer.8.attention.self.key,key,0.002617721678689122,0.013666666666666666,8.468656886861936e-08,0.0016492471331730485,0.47395890951156616,6.246615953386936e-07,0.99957275390625,18411.111528438676
17,bert.encoder.layer.8.attention.self.value,value,0.009100599214434624,0.013666666666666666,2.9510087529160955e-07,0.005436335690319538,0.838402509689331,3.6468995858740527e-06,0.9928046464920044,11871.327753254978
17,bert.encoder.layer.8.attention.output.dense,dense,0.007223260123282671,0.013666666666666666,2.1561611163178895e-07,0.003940860740840435,0.7451357841491699,3.2907862532738363e-06,0.9960395097732544,15330.622241323472
17,bert.encoder.layer.9.attention.self.query,query,0.001418810454197228,0.013666666666666666,7.394084455825123e-09,0.0001498915662523359,0.09160232543945312,8.011617147474226e-09,1.0,15617.883805561802
17,bert.encoder.layer.9.attention.self.key,key,0.0011931064072996378,0.013666666666666666,6.55521326109465e-09,0.00011189860379090533,0.03777593746781349,2.50394660561426e-09,0.9999932050704956,13431.610898790399
17,bert.encoder.layer.9.attention.self.value,value,0.008528818376362324,0.013666666666666666,2.373954401946321e-07,0.0043113986030220985,0.8481408357620239,1.8860215504901134e-06,0.9962361454963684,12194.396466031074
17,bert.encoder.layer.9.attention.output.dense,dense,0.005242834333330393,0.013666666666666666,1.0369836189738635e-07,0.0017765131779015064,0.5554654002189636,1.1311557273074868e-06,0.9999796748161316,19068.331697020756
17,bert.encoder.layer.10.attention.self.query,query,0.0023924014531075954,0.013666666666666666,6.952980413643672e-08,0.0010411263210698962,0.38524752855300903,2.612096068332903e-07,0.9998372197151184,16647.355583156284
17,bert.encoder.layer.10.attention.self.key,key,0.0017766429809853435,0.013666666666666666,4.8954614584317824e-08,0.0006340224645100534,0.2744286358356476,1.3182490476992825e-07,0.9999932050704956,15095.729723968412
17,bert.encoder.layer.10.attention.self.value,value,0.005614193622022867,0.013666666666666666,1.6333376606780803e-07,0.002967260079458356,0.7925376892089844,1.1862489373015705e-06,0.9971787929534912,17330.53140462582
17,bert.encoder.layer.10.attention.output.dense,dense,0.0048310523852705956,0.013666666666666666,9.52774357187991e-08,0.001658145571127534,0.5211338996887207,1.0033899116024259e-06,1.0,18989.562183005426
17,bert.encoder.layer.11.attention.self.query,query,0.003146594623103738,0.013666666666666666,9.099441911075701e-08,0.001350966515019536,0.38449394702911377,3.953242639909149e-07,0.9997422695159912,16595.039107770914
17,bert.encoder.layer.11.attention.self.key,key,0.0027255327440798283,0.013666666666666666,7.137110458188545e-08,0.0010709436610341072,0.4027305841445923,3.0042932053220284e-07,1.0,15104.658208210929
17,bert.encoder.layer.11.attention.self.value,value,0.005043059587478638,0.013666666666666666,1.579251573957663e-07,0.002847950207069516,0.7058531641960144,1.4341071619128343e-06,0.9978773593902588,18709.35017120609
17,bert.encoder.layer.11.attention.output.dense,dense,0.004902651999145746,0.013666666666666666,1.3646740626427345e-07,0.002372066956013441,0.6525714993476868,1.5308262391044991e-06,0.9993557333946228,19134.478253661066
18,bert.encoder.layer.0.attention.self.query,query,0.0026320870965719223,0.0135,8.214481539425833e-08,0.0013671154156327248,0.31562539935112,5.92793810483272e-07,0.9999796748161316,17010.423941777695
18,bert.encoder.layer.0.attention.self.key,key,0.0026285131461918354,0.0135,7.706000815232983e-08,0.001378794782795012,0.3178953528404236,5.323652203514939e-07,0.9998576045036316,17148.922403336037
18,bert.encoder.layer.0.attention.self.value,value,0.006521971430629492,0.0135,1.9966473985277844e-07,0.0036579431034624577,0.6979812979698181,3.163646624670946e-06,0.9982367753982544,19489.886646825344
18,bert.encoder.layer.0.attention.output.dense,dense,0.0071158683858811855,0.0135,2.1400850869213173e-07,0.0037693018093705177,0.7125036716461182,3.89066599382204e-06,0.9986572265625,19714.685448388827
18,bert.encoder.layer.1.attention.self.query,query,0.004533883649855852,0.0135,1.2956621731063933e-07,0.0022077676840126514,0.4926965832710266,1.0854637366719544e-06,0.9992404580116272,17675.528862548992
18,bert.encoder.layer.1.attention.self.key,key,0.004037701524794102,0.0135,1.0948414796985162e-07,0.0019265697337687016,0.4507804811000824,7.800385333212034e-07,0.9989556074142456,17209.57198953124
18,bert.encoder.layer.1.attention.self.value,value,0.008849319070577621,0.0135,3.686884895159892e-07,0.005485313478857279,0.8317942023277283,3.652897021311219e-06,0.9967583417892456,15074.29120593042
18,bert.encoder.layer.1.attention.output.dense,dense,0.00716226315125823,0.0135,1.9918753935144196e-07,0.0035393647849559784,0.6978667378425598,3.716982291734894e-06,0.9993218183517456,19702.108818019435
18,bert.encoder.layer.2.attention.self.query,query,0.0035630795173346996,0.0135,1.0240854919629783e-07,0.0018266759580001235,0.426603227853775,8.390970833715983e-07,0.99969482421875,16892.36454461207
18,bert.encoder.layer.2.attention.self.key,key,0.003286715131253004,0.0135,9.788695365386957e-08,0.0017577832331880927,0.43136435747146606,6.835788326498005e-07,0.9994099736213684,16718.736384214426
18,bert.encoder.layer.2.attention.self.value,value,0.01104427408427,0.0135,3.935792562970164e-07,0.006153019145131111,0.8534715175628662,5.090659669804154e-06,0.9939507246017456,15734.818162338051
18,bert.encoder.layer.2.attention.output.dense,dense,0.009127765893936157,0.0135,2.56246067920074e-07,0.004491495434194803,0.7636211514472961,4.7624416765756905e-06,0.9966973066329956,19387.045498995052
18,bert.encoder.layer.3.attention.self.query,query,0.0044947233982384205,0.0135,1.327738630152453e-07,0.002224864438176155,0.4719306230545044,1.281843879041844e-06,0.9994235634803772,18016.68266541318
18,bert.encoder.layer.3.attention.self.key,key,0.004288537427783012,0.0135,1.3853248503892246e-07,0.0024282478261739016,0.5183599591255188,1.141160169026989e-06,0.9988132119178772,17772.62328653254
18,bert.encoder.layer.3.attention.self.value,value,0.012250573374330997,0.0135,4.135509357183764e-07,0.007177981548011303,0.8432052135467529,6.4040173128887545e-06,0.9867146611213684,16596.6058199979
18,bert.encoder.layer.3.attention.output.dense,dense,0.009820862673223019,0.0135,3.0107685233815573e-07,0.005131845362484455,0.7779297232627869,5.747906925535062e-06,0.9945542812347412,17970.299904295847
18,bert.encoder.layer.4.attention.self.query,query,0.004584111738950014,0.0135,1.4221758704024978e-07,0.002563653513789177,0.5355209708213806,1.4290696981333895e-06,0.9991523027420044,18252.39153050483
18,bert.encoder.layer.4.attention.self.key,key,0.0043415492400527,0.0135,1.4349853927342338e-07,0.002608667826279998,0.5677329897880554,1.2149962458352093e-06,0.9980332851409912,19343.004612203975
18,bert.encoder.layer.4.attention.self.value,value,0.011258067563176155,0.0135,3.916936464065657e-07,0.006937161087989807,0.8407456278800964,4.937091944157146e-06,0.9881049394607544,17915.99965307072
18,bert.encoder.layer.4.attention.output.dense,dense,0.008560830727219582,0.0135,2.7905483079848636e-07,0.0048728929832577705,0.7629862427711487,4.680366600950947e-06,0.9947780966758728,18939.302176262165
18,bert.encoder.layer.5.attention.self.query,query,0.004717353265732527,0.0135,1.478100557505968e-07,0.002557395724579692,0.525057852268219,1.3870985640096478e-06,0.99859619140625,18062.162731448687
18,bert.encoder.layer.5.attention.self.key,key,0.004201081581413746,0.0135,1.3642498686294857e-07,0.002423568395897746,0.5557388067245483,1.0909731145147816e-06,0.9981486201286316,16820.865183291953
18,bert.encoder.layer.5.attention.self.value,value,0.011098525486886501,0.0135,3.797627243784518e-07,0.0062775518745183945,0.8428059816360474,3.4050790418405086e-06,0.993896484375,13468.200211828469
18,bert.encoder.layer.5.attention.output.dense,dense,0.00820071529597044,0.0135,2.2225934515063273e-07,0.003721394343301654,0.7067131400108337,3.344348897371674e-06,0.9978773593902588,18948.867629137378
18,bert.encoder.layer.6.attention.self.query,query,0.004584795329719782,0.0135,1.2380328939798346e-07,0.00211126240901649,0.5927520990371704,8.392158292735985e-07,0.9986369013786316,17949.47969264068
18,bert.encoder.layer.6.attention.self.key,key,0.003908577375113964,0.0135,1.161953022688067e-07,0.0019402164034545422,0.6515984535217285,5.255462269815325e-07,0.9990302324295044,17153.178303857887
18,bert.encoder.layer.6.attention.self.value,value,0.010962480679154396,0.0135,4.3658803861035267e-07,0.006046862341463566,0.8891767859458923,1.8854631207432249e-06,0.9972805380821228,12050.17016987964
18,bert.encoder.layer.6.attention.output.dense,dense,0.0075343600474298,0.0135,1.6163329519258696e-07,0.002647630637511611,0.641080915927887,1.911035042212461e-06,0.9990098476409912,19428.96577307523
18,bert.encoder.layer.7.attention.self.query,query,0.003805510699748993,0.0135,1.0576167142062332e-07,0.001763047301210463,0.47836995124816895,8.446122023997304e-07,0.9997694492340088,17511.056008469383
18,bert.encoder.layer.7.attention.self.key,key,0.0032250990625470877,0.0135,9.962143110442412e-08,0.0017326001543551683,0.4782797694206238,7.030103574834357e-07,0.9995388388633728,17470.465478647606
18,bert.encoder.layer.7.attention.self.value,value,0.011231478303670883,0.0135,4.3580277520050004e-07,0.006866296287626028,0.8874472975730896,4.779963546752697e-06,0.9869113564491272,14133.06255567825
18,bert.encoder.layer.7.attention.output.dense,dense,0.007322383113205433,0.0135,2.4124724973262346e-07,0.004061033949255943,0.7767105102539062,3.274922846685513e-06,0.9960055947303772,17924.304702573067
18,bert.encoder.layer.8.attention.self.query,query,0.0030954459216445684,0.0135,9.967885006290089e-08,0.0015681458171457052,0.4401474893093109,6.110040544626827e-07,0.9996269941329956,18890.709815347553
18,bert.encoder.layer.8.attention.self.key,key,0.0023133084177970886,0.0135,7.923880929183724e-08,0.0013574161566793919,0.44004249572753906,4.322893971675512e-07,0.9996812343597412,18710.6601375557
18,bert.encoder.layer.8.attention.self.value,value,0.00931511539965868,0.0135,3.28931008652944e-07,0.005574655253440142,0.8332718014717102,3.5691050470632035e-06,0.9920247197151184,12064.18737585434
18,bert.encoder.layer.8.attention.output.dense,dense,0.007906576618552208,0.0135,2.6920426421384036e-07,0.004495430272072554,0.7803124785423279,3.589006837501074e-06,0.9941542148590088,15540.294006242657
18,bert.encoder.layer.9.attention.self.query,query,0.0015228994889184833,0.0135,2.214149752433059e-08,0.00017791315622162074,0.16292507946491241,1.0981705322876678e-08,1.0,16187.69681607546
18,bert.encoder.layer.9.attention.self.key,key,0.0012697706697508693,0.0135,1.6170790928526912e-08,0.00014141217980068177,0.09162416309118271,5.177243522780373e-09,0.9999932050704956,13898.438740740861
18,bert.encoder.layer.9.attention.self.value,value,0.00808391347527504,0.0135,2.546229893596319e-07,0.004524984862655401,0.8469722867012024,2.0124277853028616e-06,0.9958224892616272,12483.61412138453
18,bert.encoder.layer.9.attention.output.dense,dense,0.004909073002636433,0.0135,1.3062006587460928e-07,0.0019992846064269543,0.5973889231681824,1.2711564068013104e-06,0.9996812343597412,19292.522382963496
18,bert.encoder.layer.10.attention.self.query,query,0.0036804841365665197,0.0135,1.41981857382234e-07,0.0021745236590504646,0.6373600959777832,7.308238991754479e-07,0.9985080361366272,16798.06888717703
18,bert.encoder.layer.10.attention.self.key,key,0.00262464745901525,0.0135,1.1236070918130281e-07,0.0016280591953545809,0.6290140748023987,5.090618060421548e-07,0.9989691972732544,15349.840060010363
18,bert.encoder.layer.10.attention.self.value,value,0.005710471421480179,0.0135,1.6674120217885502e-07,0.0029527328442782164,0.7465780377388,1.326937763224123e-06,0.9969821572303772,17397.73162195785
18,bert.encoder.layer.10.attention.output.dense,dense,0.0048516858369112015,0.0135,1.1070187611039728e-07,0.0019431526307016611,0.5941701531410217,1.163460638053948e-06,0.9997761845588684,18997.764517258238
18,bert.encoder.layer.11.attention.self.query,query,0.0026900763623416424,0.0135,6.616433267936372e-08,0.0008015966159291565,0.2724287807941437,1.6443402728327783e-07,0.9999592900276184,16638.004676441036
18,bert.encoder.layer.11.attention.self.key,key,0.0021826899610459805,0.0135,4.8798579399544906e-08,0.0005963189760223031,0.25604048371315,1.18815506766623e-07,1.0,15420.910602467546
18,bert.encoder.layer.11.attention.self.value,value,0.005230601876974106,0.0135,1.538558791480682e-07,0.002921798499301076,0.7388787269592285,1.4371463521456462e-06,0.9977077841758728,18645.316950646833
18,bert.encoder.layer.11.attention.output.dense,dense,0.005290406756103039,0.0135,1.309710171426559e-07,0.002492772415280342,0.6841244101524353,1.6402838127760333e-06,0.9993760585784912,18815.65686387419
19,bert.encoder.layer.0.attention.self.query,query,0.003004981204867363,0.013333333333333334,9.655041566247746e-08,0.001580563373863697,0.3759044408798218,7.253413514263229e-07,0.9998643398284912,17045.881493982728
19,bert.encoder.layer.0.attention.self.key,key,0.0031935456208884716,0.013333333333333334,1.031272418572371e-07,0.0018889026250690222,0.39347049593925476,8.241988780355314e-07,0.9994370937347412,17072.050710229756
19,bert.encoder.layer.0.attention.self.value,value,0.006538770627230406,0.013333333333333334,2.015343056882557e-07,0.003658700967207551,0.7017210721969604,3.1898478027869714e-06,0.9983113408088684,19441.97122389252
19,bert.encoder.layer.0.attention.output.dense,dense,0.0072642732411623,0.013333333333333334,2.1972961405936076e-07,0.0038460290525108576,0.7130023241043091,4.022525445179781e-06,0.9986029863357544,19728.98998569951
19,bert.encoder.layer.1.attention.self.query,query,0.004932184237986803,0.013333333333333334,1.2127736681577517e-07,0.0020933845080435276,0.4617113769054413,1.0373701115895528e-06,0.9995320439338684,17713.336747993224
19,bert.encoder.layer.1.attention.self.key,key,0.004133909475058317,0.013333333333333334,9.994656835488058e-08,0.001804567757062614,0.43114739656448364,7.325954811676638e-07,0.9995253086090088,17303.182386913868
19,bert.encoder.layer.1.attention.self.value,value,0.009142524562776089,0.013333333333333334,3.648293613878195e-07,0.005608567502349615,0.8390473127365112,3.808722567555378e-06,0.9965345859527588,14874.612196175387
19,bert.encoder.layer.1.attention.output.dense,dense,0.007344439625740051,0.013333333333333334,2.102529066405623e-07,0.003737884806469083,0.7036605477333069,3.916737568943063e-06,0.9989759922027588,19711.134066235332
19,bert.encoder.layer.2.attention.self.query,query,0.004066326189786196,0.013333333333333334,1.1239779240668213e-07,0.0019188434816896915,0.43187472224235535,8.1130929174833e-07,0.9994235634803772,17212.045770903867
19,bert.encoder.layer.2.attention.self.key,key,0.004157259128987789,0.013333333333333334,1.1396411991881905e-07,0.0019091747235506773,0.43222489953041077,7.559661980849341e-07,0.9990980625152588,17017.204927296
19,bert.encoder.layer.2.attention.self.value,value,0.010719403624534607,0.013333333333333334,3.818676930222864e-07,0.005913643632084131,0.8468914031982422,4.64205277239671e-06,0.9937608242034912,15912.764821251505
19,bert.encoder.layer.2.attention.output.dense,dense,0.0087062306702137,0.013333333333333334,2.506739349428244e-07,0.004405412822961807,0.7539538145065308,4.5938936636957806e-06,0.9969075322151184,19535.870088726064
19,bert.encoder.layer.3.attention.self.query,query,0.004484876524657011,0.013333333333333334,1.4177540208493156e-07,0.0024614958092570305,0.5164761543273926,1.4901668237143895e-06,0.9993354082107544,18220.228667059804
19,bert.encoder.layer.3.attention.self.key,key,0.004257977940142155,0.013333333333333334,1.3837492929269501e-07,0.0024415149819105864,0.5009521245956421,1.2763730410370044e-06,0.9990776777267456,17960.304551465357
19,bert.encoder.layer.3.attention.self.value,value,0.011581813916563988,0.013333333333333334,3.9871997614682186e-07,0.006865022238343954,0.83601313829422,6.174344889586791e-06,0.9881930947303772,16815.252842023157
19,bert.encoder.layer.3.attention.output.dense,dense,0.009448006749153137,0.013333333333333334,2.9582298566310783e-07,0.005035008769482374,0.7637828588485718,5.649626473314129e-06,0.99530029296875,18079.351346227264
19,bert.encoder.layer.4.attention.self.query,query,0.004878198262304068,0.013333333333333334,1.50119475961219e-07,0.002698752796277404,0.566170871257782,1.3787657735520042e-06,0.9983859658241272,18348.593965682718
19,bert.encoder.layer.4.attention.self.key,key,0.0043927873484790325,0.013333333333333334,1.3739462190187623e-07,0.002447870559990406,0.5501602292060852,1.1065553735534195e-06,0.9984130859375,19411.43195415177
19,bert.encoder.layer.4.attention.self.value,value,0.01047755591571331,0.013333333333333334,3.7603356872750737e-07,0.006511246785521507,0.8368302583694458,4.4092407733842265e-06,0.9890543818473816,17966.371419752617
19,bert.encoder.layer.4.attention.output.dense,dense,0.007730288431048393,0.013333333333333334,2.451375564760383e-07,0.004377246834337711,0.7406402230262756,4.197041562292725e-06,0.9968193769454956,18946.41772980505
19,bert.encoder.layer.5.attention.self.query,query,0.004713363945484161,0.013333333333333334,1.3798614872939652e-07,0.0023802679497748613,0.4781298041343689,1.33843741423334e-06,0.9992268681526184,18288.247287965645
19,bert.encoder.layer.5.attention.self.key,key,0.0043351538479328156,0.013333333333333334,1.288100150986793e-07,0.0022550630383193493,0.49044978618621826,1.1135369959447416e-06,0.9988064169883728,17025.084827239032
19,bert.encoder.layer.5.attention.self.value,value,0.009922821074724197,0.013333333333333334,2.946254653579672e-07,0.0052858637645840645,0.8053939938545227,3.1501131161348894e-06,0.9949679970741272,13653.734989196833
19,bert.encoder.layer.5.attention.output.dense,dense,0.008231925778090954,0.013333333333333334,2.08648600619199e-07,0.003641637973487377,0.7026498317718506,3.3747976431186544e-06,0.9982978105545044,19045.459399369836
19,bert.encoder.layer.6.attention.self.query,query,0.00353946047835052,0.013333333333333334,8.395626593937777e-08,0.0011949291219934821,0.35231226682662964,4.115561296202941e-07,0.9998643398284912,18115.684443101956
19,bert.encoder.layer.6.attention.self.key,key,0.0035862100776284933,0.013333333333333334,7.954150049727104e-08,0.0012713699834421277,0.4896329641342163,3.3796814591369184e-07,0.99951171875,17357.368842551994
19,bert.encoder.layer.6.attention.self.value,value,0.009808886796236038,0.013333333333333334,3.6169825534670963e-07,0.005743888672441244,0.9058210253715515,1.8838400137610734e-06,0.9970499873161316,12319.725438696414
19,bert.encoder.layer.6.attention.output.dense,dense,0.006377859972417355,0.013333333333333334,1.360317440912695e-07,0.0024228664115071297,0.6139127612113953,1.796140281840053e-06,0.9994235634803772,19414.4644582533
19,bert.encoder.layer.7.attention.self.query,query,0.0037844812031835318,0.013333333333333334,1.0426195018453654e-07,0.0018687833799049258,0.4993053674697876,8.734067478144425e-07,0.9995998740196228,17702.223727738285
19,bert.encoder.layer.7.attention.self.key,key,0.003344621043652296,0.013333333333333334,1.0079789802830419e-07,0.0017992068314924836,0.49378883838653564,7.541491413576296e-07,0.9995320439338684,17625.519240409427
19,bert.encoder.layer.7.attention.self.value,value,0.009073510766029358,0.013333333333333334,3.2033966590461205e-07,0.005582483019679785,0.8680852651596069,3.6422804896574235e-06,0.9946967363357544,14257.31952195441
19,bert.encoder.layer.7.attention.output.dense,dense,0.0062247589230537415,0.013333333333333334,1.849988962021598e-07,0.003343281801789999,0.7094083428382874,2.93445486931887e-06,0.9987453818321228,17960.917414932905
19,bert.encoder.layer.8.attention.self.query,query,0.003525714622810483,0.013333333333333334,9.544081791545977e-08,0.0017936562653630972,0.4720403552055359,7.130677204258973e-07,0.9994235634803772,18940.454304475912
19,bert.encoder.layer.8.attention.self.key,key,0.0026514085475355387,0.013333333333333334,7.843777183325074e-08,0.0014493301277980208,0.45826783776283264,5.073104603070533e-07,0.9996337890625,18780.80921183698
19,bert.encoder.layer.8.attention.self.value,value,0.008363472297787666,0.013333333333333334,2.596521255782136e-07,0.004925108980387449,0.8020793199539185,3.4732447602436878e-06,0.9939100742340088,12233.817196422095
19,bert.encoder.layer.8.attention.output.dense,dense,0.007608319167047739,0.013333333333333334,2.168958985748759e-07,0.004073742777109146,0.7345539331436157,3.705267772602383e-06,0.9965277910232544,15639.901836516885
19,bert.encoder.layer.9.attention.self.query,query,0.001529547618702054,0.013333333333333334,7.746852048740038e-09,0.00012139396858401597,0.08457004278898239,5.050298845787893e-09,1.0,16145.992767695912
19,bert.encoder.layer.9.attention.self.key,key,0.00143919768743217,0.013333333333333334,6.43487307883106e-09,7.153127808123827e-05,0.044103022664785385,1.7675314545329002e-09,1.0,13818.198698331325
19,bert.encoder.layer.9.attention.self.value,value,0.007951894775032997,0.013333333333333334,2.493633246558602e-07,0.004577641375362873,0.8410356044769287,2.1453229237522464e-06,0.99591064453125,12772.77961238797
19,bert.encoder.layer.9.attention.output.dense,dense,0.004920431412756443,0.013333333333333334,1.146744708080405e-07,0.002027171431109309,0.6113728284835815,1.3173267916499753e-06,0.9997626543045044,19365.830293933323
19,bert.encoder.layer.10.attention.self.query,query,0.0018991460092365742,0.013333333333333334,4.7822720006251984e-08,0.000791554048191756,0.28646454215049744,1.87441045795822e-07,1.0,17044.701584527513
19,bert.encoder.layer.10.attention.self.key,key,0.0014484483981505036,0.013333333333333334,3.261894931938514e-08,0.0005539390840567648,0.2306738793849945,1.1278892486643599e-07,1.0,15656.403449881356
19,bert.encoder.layer.10.attention.self.value,value,0.005106295924633741,0.013333333333333334,1.341439030966285e-07,0.0024385221768170595,0.75571608543396,9.03358056802972e-07,0.9978163242340088,17430.070224933588
19,bert.encoder.layer.10.attention.output.dense,dense,0.004506600089371204,0.013333333333333334,7.49378372688625e-08,0.001269185566343367,0.445113867521286,6.591781129827723e-07,1.0,19134.725167781886
19,bert.encoder.layer.11.attention.self.query,query,0.002207142533734441,0.013333333333333334,4.583987944783985e-08,0.0007225438021123409,0.25702911615371704,1.3469393422838039e-07,0.9999525547027588,16735.092592845405
19,bert.encoder.layer.11.attention.self.key,key,0.0018024301389232278,0.013333333333333334,3.936749948252327e-08,0.0006415979005396366,0.3364340662956238,1.236660125414346e-07,0.9999932050704956,15479.056279565397
19,bert.encoder.layer.11.attention.self.value,value,0.004328676499426365,0.013333333333333334,1.0850645537630044e-07,0.002044803462922573,0.707466185092926,6.955701223887445e-07,0.9988877773284912,18825.46509647247
19,bert.encoder.layer.11.attention.output.dense,dense,0.003977950196713209,0.013333333333333334,8.446642141279881e-08,0.001380588044412434,0.4823468327522278,6.96650488407613e-07,1.0,19268.4406813504
20,bert.encoder.layer.0.attention.self.query,query,0.0030303318053483963,0.013166666666666667,9.96093518779162e-08,0.0016424484783783555,0.37720417976379395,7.565054715996666e-07,0.9998236894607544,17177.242534016765
20,bert.encoder.layer.0.attention.self.key,key,0.002808960620313883,0.013166666666666667,9.397437850111601e-08,0.001543056801892817,0.3401753008365631,6.23076914507692e-07,0.9997422695159912,17417.41469854675
20,bert.encoder.layer.0.attention.self.value,value,0.007023387122899294,0.013166666666666667,2.1085644164031692e-07,0.0037816001567989588,0.7080590128898621,3.3456653909524903e-06,0.9980129599571228,19568.77795524928
20,bert.encoder.layer.0.attention.output.dense,dense,0.007857664488255978,0.013166666666666667,2.3148436412157025e-07,0.004082269035279751,0.7313412427902222,4.3527534216991626e-06,0.9983994960784912,19782.210858185204
20,bert.encoder.layer.1.attention.self.query,query,0.005349260754883289,0.013166666666666667,1.1424554458017155e-07,0.0019779475405812263,0.43209928274154663,9.437969197279017e-07,0.9995591640472412,17730.686188593776
20,bert.encoder.layer.1.attention.self.key,key,0.004349702503532171,0.013166666666666667,9.935498468394144e-08,0.0017741001211106777,0.4228891432285309,7.179918384281336e-07,0.9994778037071228,17418.764050904843
20,bert.encoder.layer.1.attention.self.value,value,0.00934568326920271,0.013166666666666667,3.5869410908162536e-07,0.005544277839362621,0.841269314289093,3.7563945625151973e-06,0.9967244267463684,14852.6785855035
20,bert.encoder.layer.1.attention.output.dense,dense,0.007465227507054806,0.013166666666666667,2.0598454852915893e-07,0.0036957194097340107,0.712721586227417,3.848328560707159e-06,0.9988267421722412,19748.431268197848
20,bert.encoder.layer.2.attention.self.query,query,0.00436599412932992,0.013166666666666667,1.0973080577514338e-07,0.001943625626154244,0.4372226893901825,8.786408898231457e-07,0.9995659589767456,17432.77471696669
20,bert.encoder.layer.2.attention.self.key,key,0.004315137397497892,0.013166666666666667,9.982416315779119e-08,0.001791908754967153,0.41855207085609436,7.273308142430324e-07,0.9994438886642456,17115.884712369396
20,bert.encoder.layer.2.attention.self.value,value,0.01155111100524664,0.013166666666666667,3.7318463341762254e-07,0.006218296010047197,0.8600960969924927,5.177812909096247e-06,0.9936387538909912,16063.67060543708
20,bert.encoder.layer.2.attention.output.dense,dense,0.009408148005604744,0.013166666666666667,2.602542110707873e-07,0.004664647858589888,0.7731078267097473,5.024057827540673e-06,0.9962632656097412,19647.666236222132
20,bert.encoder.layer.3.attention.self.query,query,0.004614752251654863,0.013166666666666667,1.3853612301772955e-07,0.0024514051619917154,0.5181032419204712,1.472776489208627e-06,0.9992539882659912,18258.08009868461
20,bert.encoder.layer.3.attention.self.key,key,0.004168873652815819,0.013166666666666667,1.3458227954288304e-07,0.0024346408899873495,0.48913201689720154,1.2354157661320642e-06,0.9986979365348816,18050.575303881502
20,bert.encoder.layer.3.attention.self.value,value,0.011752322316169739,0.013166666666666667,3.7269043673404667e-07,0.006768182851374149,0.8353342413902283,6.035274054738693e-06,0.9890815019607544,16932.01172284131
20,bert.encoder.layer.3.attention.output.dense,dense,0.010128933936357498,0.013166666666666667,3.0459631261692266e-07,0.005269644316285849,0.7754920125007629,6.030031727277674e-06,0.9940321445465088,18298.727820051292
20,bert.encoder.layer.4.attention.self.query,query,0.004806338809430599,0.013166666666666667,1.4501586065307492e-07,0.002659557620063424,0.5600842833518982,1.3806745755573502e-06,0.9984944462776184,18313.81259025322
20,bert.encoder.layer.4.attention.self.key,key,0.004358308855444193,0.013166666666666667,1.417353416854894e-07,0.002621414139866829,0.603552520275116,1.1057361462007975e-06,0.9982231855392456,19568.3979058454
20,bert.encoder.layer.4.attention.self.value,value,0.011265435256063938,0.013166666666666667,4.073613126820419e-07,0.006900896783918142,0.8475902080535889,4.4338976294966415e-06,0.9901394248008728,18200.096917472292
20,bert.encoder.layer.4.attention.output.dense,dense,0.008271689526736736,0.013166666666666667,2.62035683817885e-07,0.004645247478038073,0.7511512041091919,4.580136646836763e-06,0.9960734248161316,19021.14032053702
20,bert.encoder.layer.5.attention.self.query,query,0.005205387715250254,0.013166666666666667,1.4537899062361248e-07,0.0026315220165997744,0.529803991317749,1.6037212162700598e-06,0.99884033203125,18386.46208363553
20,bert.encoder.layer.5.attention.self.key,key,0.0045829275622963905,0.013166666666666667,1.3613582439120364e-07,0.0024053773377090693,0.5180401802062988,1.2460009202186484e-06,0.9986097812652588,17170.326917172377
20,bert.encoder.layer.5.attention.self.value,value,0.010714040137827396,0.013166666666666667,3.2858218901310465e-07,0.005869165062904358,0.8162288665771484,3.74234764421999e-06,0.9932997226715088,13940.498441218248
20,bert.encoder.layer.5.attention.output.dense,dense,0.00891234539449215,0.013166666666666667,2.4466760351060657e-07,0.004167349077761173,0.7284867763519287,3.93840491597075e-06,0.9967312216758728,19134.651015021194
20,bert.encoder.layer.6.attention.self.query,query,0.003799963975325227,0.013166666666666667,7.834755422209128e-08,0.0013022951316088438,0.4180293679237366,4.6131995645737334e-07,0.9997761845588684,18339.209912571674
20,bert.encoder.layer.6.attention.self.key,key,0.003790638642385602,0.013166666666666667,7.02761298043697e-08,0.001247449079528451,0.4968065619468689,3.46640263160225e-07,0.9996134638786316,17658.952773208886
20,bert.encoder.layer.6.attention.self.value,value,0.011688103899359703,0.013166666666666667,4.7272914116547327e-07,0.006472580600529909,0.9061957001686096,2.0082309220015304e-06,0.9969279170036316,12589.781461861869
20,bert.encoder.layer.6.attention.output.dense,dense,0.0070379325188696384,0.013166666666666667,1.4203028797510342e-07,0.0026034885086119175,0.6227259635925293,2.0385691641422454e-06,0.9996201992034912,19503.438280771756
20,bert.encoder.layer.7.attention.self.query,query,0.0036486147437244654,0.013166666666666667,1.0650773418774406e-07,0.0018245303072035313,0.48191604018211365,8.50204742164351e-07,0.9997016191482544,17986.630253582603
20,bert.encoder.layer.7.attention.self.key,key,0.003375125117599964,0.013166666666666667,1.005851473223629e-07,0.0018407112220302224,0.477245032787323,8.011925842765777e-07,0.9994032382965088,17713.733199498758
20,bert.encoder.layer.7.attention.self.value,value,0.01110871322453022,0.013166666666666667,4.0722443372942507e-07,0.006786083336919546,0.877313494682312,4.999751581635792e-06,0.9885185956954956,14562.991038864477
20,bert.encoder.layer.7.attention.output.dense,dense,0.007095183711498976,0.013166666666666667,2.1949176698399242e-07,0.003942345734685659,0.7667801380157471,3.36684911417251e-06,0.9964396357536316,17995.476007497553
20,bert.encoder.layer.8.attention.self.query,query,0.0037964554503560066,0.013166666666666667,1.0006608874846279e-07,0.0018409093609079719,0.4961088299751282,6.945899713173276e-07,0.9993760585784912,18894.863788128045
20,bert.encoder.layer.8.attention.self.key,key,0.002681250451132655,0.013166666666666667,7.646765709523606e-08,0.0013499849010258913,0.4107959270477295,4.485112867769203e-07,0.9997355341911316,18620.442139970197
20,bert.encoder.layer.8.attention.self.value,value,0.009955590590834618,0.013166666666666667,3.2342421718567493e-07,0.005898382514715195,0.8438796401023865,4.048141818202566e-06,0.9916653037071228,12700.839575772798
20,bert.encoder.layer.8.attention.output.dense,dense,0.008148047141730785,0.013166666666666667,2.386377673246898e-07,0.004464729689061642,0.7674732804298401,3.959689365728991e-06,0.9948256015777588,15823.135713028914
20,bert.encoder.layer.9.attention.self.query,query,0.0018986534560099244,0.013166666666666667,1.0613576684193049e-08,0.00015193302533589303,0.20074212551116943,8.434728471229391e-09,1.0,16323.38937653424
20,bert.encoder.layer.9.attention.self.key,key,0.001374096842482686,0.013166666666666667,9.267860257011762e-09,9.776205115485936e-05,0.1290264129638672,3.3022624634782005e-09,1.0,14029.978158584641
20,bert.encoder.layer.9.attention.self.value,value,0.007964901626110077,0.013166666666666667,2.624539092721534e-07,0.004697402007877827,0.8465175032615662,2.2326662474370096e-06,0.9957817792892456,13075.202162658601
20,bert.encoder.layer.9.attention.output.dense,dense,0.005011350382119417,0.013166666666666667,1.0971405117743416e-07,0.0019289028132334352,0.5969606637954712,1.250175955647137e-06,0.99993896484375,19310.375848125623
20,bert.encoder.layer.10.attention.self.query,query,0.0018974633421748877,0.013166666666666667,5.110655365569983e-08,0.0009149967227131128,0.37473413348197937,2.2633145135841914e-07,1.0,16981.418992726867
20,bert.encoder.layer.10.attention.self.key,key,0.0014135484816506505,0.013166666666666667,3.4250572156224734e-08,0.0005683331983163953,0.26293671131134033,1.0829645447074654e-07,1.0,15649.114477383153
20,bert.encoder.layer.10.attention.self.value,value,0.005334342364221811,0.013166666666666667,1.4135530079784075e-07,0.0025602388195693493,0.7732586860656738,9.58419718699588e-07,0.9977281093597412,17560.512489355937
20,bert.encoder.layer.10.attention.output.dense,dense,0.004291350021958351,0.013166666666666667,7.689573777724945e-08,0.0013033823342993855,0.4584222435951233,6.549146860379551e-07,1.0,19099.616436098426
20,bert.encoder.layer.11.attention.self.query,query,0.002060110680758953,0.013166666666666667,5.57626336217254e-08,0.0008764773374423385,0.3394300937652588,1.854837705650425e-07,0.9999186396598816,16799.38916912004
20,bert.encoder.layer.11.attention.self.key,key,0.0016517990734428167,0.013166666666666667,4.051205237942668e-08,0.0006792191998101771,0.3403860926628113,1.5021889510080655e-07,1.0,15654.644418434853
20,bert.encoder.layer.11.attention.self.value,value,0.003945821896195412,0.013166666666666667,1.1459899695864806e-07,0.001995940925553441,0.7598294615745544,5.39365260010527e-07,0.9987860918045044,19143.06112036691
20,bert.encoder.layer.11.attention.output.dense,dense,0.003644221695140004,0.013166666666666667,8.352913027920295e-08,0.0013173652114346623,0.4950092136859894,5.971464247522817e-07,0.9999592900276184,19675.647246763405
21,bert.encoder.layer.0.attention.self.query,query,0.002753607928752899,0.013000000000000001,8.97254182063989e-08,0.001602916163392365,0.3666820228099823,7.088057714099705e-07,0.9997422695159912,17158.44175717482
21,bert.encoder.layer.0.attention.self.key,key,0.0026568432804197073,0.013000000000000001,8.274255947071651e-08,0.0014967980096116662,0.32874417304992676,5.93714275964885e-07,0.9996677041053772,17375.951741559227
21,bert.encoder.layer.0.attention.self.value,value,0.006129668094217777,0.013000000000000001,1.9269259610155132e-07,0.003478369675576687,0.688315749168396,2.9822328997397562e-06,0.9985080361366272,19457.662400498517
21,bert.encoder.layer.0.attention.output.dense,dense,0.006788178347051144,0.013000000000000001,2.0384182164434606e-07,0.0036298963241279125,0.6993477940559387,3.721838766068686e-06,0.9991455078125,19728.241932243236
21,bert.encoder.layer.1.attention.self.query,query,0.004588124807924032,0.013000000000000001,1.1089858986679246e-07,0.0019197924993932247,0.4409453868865967,9.06904858766211e-07,0.9996880292892456,17841.833476885076
21,bert.encoder.layer.1.attention.self.key,key,0.0041907005943357944,0.013000000000000001,1.0876907907686473e-07,0.0018898191628977656,0.44471240043640137,8.045684580793022e-07,0.9994438886642456,17600.84849684887
21,bert.encoder.layer.1.attention.self.value,value,0.008712799288332462,0.013000000000000001,3.2142358463715937e-07,0.005141707137227058,0.8212077617645264,3.477811560514965e-06,0.99725341796875,14750.396767640463
21,bert.encoder.layer.1.attention.output.dense,dense,0.006692402996122837,0.013000000000000001,1.8709468463384837e-07,0.0033433062490075827,0.685232937335968,3.3395999707863666e-06,0.9992946982383728,19723.132428453275
21,bert.encoder.layer.2.attention.self.query,query,0.003210503840819001,0.013000000000000001,9.597376049441664e-08,0.0016011015977710485,0.3934466540813446,7.058694109218777e-07,0.9998440146446228,17525.709903277282
21,bert.encoder.layer.2.attention.self.key,key,0.00304054981097579,0.013000000000000001,9.074414464294023e-08,0.0015982126351445913,0.4021699130535126,6.301595476543298e-07,0.9996405839920044,17270.225371763245
21,bert.encoder.layer.2.attention.self.value,value,0.010200497694313526,0.013000000000000001,3.635615826169669e-07,0.005603305529803038,0.8294058442115784,4.433074082044186e-06,0.9955715537071228,16003.907984487203
21,bert.encoder.layer.2.attention.output.dense,dense,0.00870897900313139,0.013000000000000001,2.520714588172268e-07,0.0044411784037947655,0.7616294026374817,4.645406988856848e-06,0.9966091513633728,19548.634572089053
21,bert.encoder.layer.3.attention.self.query,query,0.00403639255091548,0.013000000000000001,1.1320058490582596e-07,0.0020091370679438114,0.4474453628063202,1.0904027476499323e-06,0.9997355341911316,18365.730398721254
21,bert.encoder.layer.3.attention.self.key,key,0.003805541666224599,0.013000000000000001,1.1057400683966989e-07,0.001967471558600664,0.4343401789665222,9.392695119458949e-07,0.99945068359375,18164.82173889439
21,bert.encoder.layer.3.attention.self.value,value,0.010753350332379341,0.013000000000000001,3.719806898061506e-07,0.006431640591472387,0.8264756202697754,5.671353392244782e-06,0.9900987148284912,17041.416579499262
21,bert.encoder.layer.3.attention.output.dense,dense,0.009241275489330292,0.013000000000000001,3.123266765214794e-07,0.004959793295711279,0.7298272252082825,5.468925792229129e-06,0.995361328125,18558.243979128267
21,bert.encoder.layer.4.attention.self.query,query,0.004184003919363022,0.013000000000000001,1.2442751540220343e-07,0.0022061250638216734,0.49108123779296875,1.1105057637905702e-06,0.9993150234222412,18475.201156873194
21,bert.encoder.layer.4.attention.self.key,key,0.003733038669452071,0.013000000000000001,1.1591419024625793e-07,0.0020757734309881926,0.5219295024871826,8.928730039770016e-07,0.9991387128829956,19580.53744701834
21,bert.encoder.layer.4.attention.self.value,value,0.010046008042991161,0.013000000000000001,3.527649994339299e-07,0.0062386710196733475,0.8377221822738647,3.9738270061207e-06,0.9898274540901184,18171.46658098505
21,bert.encoder.layer.4.attention.output.dense,dense,0.007657143287360668,0.013000000000000001,2.633201745538827e-07,0.004451198969036341,0.7587436437606812,4.048711161885876e-06,0.9963039755821228,19092.07806147575
21,bert.encoder.layer.5.attention.self.query,query,0.004708313383162022,0.013000000000000001,1.4267793346789404e-07,0.0025877817533910275,0.5372456312179565,1.4014173075338476e-06,0.9984809160232544,18433.607188498387
21,bert.encoder.layer.5.attention.self.key,key,0.004276488441973925,0.013000000000000001,1.2864795451150712e-07,0.0023679120931774378,0.5114094614982605,1.1384480558263022e-06,0.9983859658241272,17260.80162866725
21,bert.encoder.layer.5.attention.self.value,value,0.009573115035891533,0.013000000000000001,2.879553164802928e-07,0.005258055869489908,0.7851318120956421,3.484749186100089e-06,0.9945407509803772,14100.788337287697
21,bert.encoder.layer.5.attention.output.dense,dense,0.008051326498389244,0.013000000000000001,2.1910921077505918e-07,0.003784972708672285,0.7159478068351746,3.473935976217035e-06,0.9977688193321228,19094.37019748148
21,bert.encoder.layer.6.attention.self.query,query,0.003615328576415777,0.013000000000000001,9.540256229456645e-08,0.0015488796634599566,0.4378106892108917,6.012569997437822e-07,0.9995049238204956,18275.173081826208
21,bert.encoder.layer.6.attention.self.key,key,0.0032165327575057745,0.013000000000000001,8.771630177761836e-08,0.0014898478984832764,0.5278459191322327,4.340629686794273e-07,0.9993896484375,17701.64494777687
21,bert.encoder.layer.6.attention.self.value,value,0.01000625267624855,0.013000000000000001,3.670997728022485e-07,0.005766732152551413,0.8970941305160522,2.061120994767407e-06,0.9967922568321228,12700.741693384396
21,bert.encoder.layer.6.attention.output.dense,dense,0.0062401751056313515,0.013000000000000001,1.4214603538675874e-07,0.00252229324541986,0.6185621023178101,1.8872685814130818e-06,0.9994235634803772,19470.045778521155
21,bert.encoder.layer.7.attention.self.query,query,0.0036092300433665514,0.013000000000000001,1.1163690061266607e-07,0.002007895614951849,0.5409784317016602,9.147261152975261e-07,0.9989556074142456,17844.467141356068
21,bert.encoder.layer.7.attention.self.key,key,0.0031964846421033144,0.013000000000000001,9.74659073449402e-08,0.0018271320732310414,0.47580161690711975,7.415392815346422e-07,0.9992607831954956,17763.25523984076
21,bert.encoder.layer.7.attention.self.value,value,0.00902909692376852,0.013000000000000001,3.2533355920350004e-07,0.00564271816983819,0.8644510507583618,3.6544779504765756e-06,0.9939303994178772,14670.757933535222
21,bert.encoder.layer.7.attention.output.dense,dense,0.006027728784829378,0.013000000000000001,1.8782408517381555e-07,0.0032952935434877872,0.7171655297279358,2.6737116058939137e-06,0.9982028603553772,18044.34317863372
21,bert.encoder.layer.8.attention.self.query,query,0.003204791806638241,0.013000000000000001,1.1057423421334533e-07,0.0016949160490185022,0.49071571230888367,6.417461122509849e-07,0.9994778037071228,19042.53966075843
21,bert.encoder.layer.8.attention.self.key,key,0.0021756181959062815,0.013000000000000001,8.103672399784045e-08,0.0013653433416038752,0.4632984399795532,4.3181586306673125e-07,0.9997490644454956,18683.04082448833
21,bert.encoder.layer.8.attention.self.value,value,0.008031502366065979,0.013000000000000001,2.6831804689209093e-07,0.004890918731689453,0.8239452838897705,2.950481757579837e-06,0.9951714277267456,12859.535241418596
21,bert.encoder.layer.8.attention.output.dense,dense,0.006287064868956804,0.013000000000000001,2.058214931821567e-07,0.003655599197372794,0.7326515913009644,2.8864053547295043e-06,0.9971449375152588,15975.79331289068
21,bert.encoder.layer.9.attention.self.query,query,0.0011052920017391443,0.013000000000000001,8.531248596455043e-09,0.00017158358241431415,0.20327965915203094,1.0065067890252521e-08,1.0,16474.46140417424
21,bert.encoder.layer.9.attention.self.key,key,0.0008362140506505966,0.013000000000000001,6.755495718380189e-09,9.503495675744489e-05,0.12026745826005936,3.1800277966453905e-09,1.0,14200.897575143052
21,bert.encoder.layer.9.attention.self.value,value,0.0067106373608112335,0.013000000000000001,2.1882867429212638e-07,0.004147942177951336,0.8233993053436279,1.957214863068657e-06,0.9966091513633728,13196.931627989692
21,bert.encoder.layer.9.attention.output.dense,dense,0.004286863375455141,0.013000000000000001,1.036260570685954e-07,0.001799316960386932,0.5776253938674927,1.0593612387310714e-06,0.9997694492340088,19337.50472800886
21,bert.encoder.layer.10.attention.self.query,query,0.0018953511025756598,0.013000000000000001,4.996777391852447e-08,0.00061732780886814,0.2831188440322876,1.091330616986852e-07,1.0,17780.62939123823
21,bert.encoder.layer.10.attention.self.key,key,0.0012792912311851978,0.013000000000000001,3.682053772990912e-08,0.0004131788155063987,0.21486151218414307,6.041415190338739e-08,1.0,16437.507462799305
21,bert.encoder.layer.10.attention.self.value,value,0.004340655170381069,0.013000000000000001,1.2193238774216297e-07,0.002118580974638462,0.7739329934120178,6.450002842939284e-07,0.9981892704963684,17621.07203469375
21,bert.encoder.layer.10.attention.output.dense,dense,0.0033569387160241604,0.013000000000000001,6.509783645469724e-08,0.0009843483567237854,0.3737318217754364,4.134758739837707e-07,1.0,19247.065347589378
21,bert.encoder.layer.11.attention.self.query,query,0.0020772707648575306,0.013000000000000001,5.551691728555852e-08,0.0007398356101475656,0.33189311623573303,1.1612787176318307e-07,0.9998576045036316,17279.810426385957
21,bert.encoder.layer.11.attention.self.key,key,0.0017003897810354829,0.013000000000000001,4.1517687066061626e-08,0.0004977106582373381,0.3066626787185669,7.514015010201547e-08,1.0,16154.794471934516
21,bert.encoder.layer.11.attention.self.value,value,0.0036054078955203295,0.013000000000000001,1.1725240511850643e-07,0.0020597975235432386,0.8028833270072937,4.976235459253076e-07,0.99871826171875,19110.707593429048
21,bert.encoder.layer.11.attention.output.dense,dense,0.0030791705939918756,0.013000000000000001,7.057742834604142e-08,0.0010508205741643906,0.3951951861381531,4.6481565618705645e-07,1.0,19582.47632450077
22,bert.encoder.layer.0.attention.self.query,query,0.002393340924754739,0.012833333333333334,7.041175109634423e-08,0.001299743540585041,0.2968946695327759,5.116046395414742e-07,0.9999050498008728,17302.102549130403
22,bert.encoder.layer.0.attention.self.key,key,0.002324589528143406,0.012833333333333334,6.854887146801047e-08,0.0012366296723484993,0.29842010140419006,4.2442758285687887e-07,0.9997897744178772,17491.69488796044
22,bert.encoder.layer.0.attention.self.value,value,0.005806605797261,0.012833333333333334,1.7798603835217364e-07,0.003230389440432191,0.6640335917472839,2.678717009985121e-06,0.9986165165901184,19551.722066019352
22,bert.encoder.layer.0.attention.output.dense,dense,0.006285394541919231,0.012833333333333334,1.8982179028625978e-07,0.003353237174451351,0.681695818901062,3.2808975447551347e-06,0.9993082880973816,19758.40724047281
22,bert.encoder.layer.1.attention.self.query,query,0.003894811263307929,0.012833333333333334,8.987703381535539e-08,0.0015744669362902641,0.38465696573257446,6.518241661979118e-07,0.9998508095741272,17972.732662624785
22,bert.encoder.layer.1.attention.self.key,key,0.0035522528924047947,0.012833333333333334,7.799629742066827e-08,0.0013959739590063691,0.374483585357666,4.992710955775692e-07,0.9998304843902588,17688.102203080103
22,bert.encoder.layer.1.attention.self.value,value,0.00788803119212389,0.012833333333333334,2.989971505940048e-07,0.004924895707517862,0.8405584692955017,3.015139100170927e-06,0.9974026083946228,14931.386119055116
22,bert.encoder.layer.1.attention.output.dense,dense,0.006128800567239523,0.012833333333333334,1.7317863409971324e-07,0.0030177650041878223,0.6557378172874451,2.877434553738567e-06,0.9995998740196228,19828.70090700611
22,bert.encoder.layer.2.attention.self.query,query,0.0030850053299218416,0.012833333333333334,9.216572749437546e-08,0.001593742985278368,0.40231797099113464,6.703173767164117e-07,0.9997965693473816,17588.257471545257
22,bert.encoder.layer.2.attention.self.key,key,0.0028331871144473553,0.012833333333333334,8.462115630436529e-08,0.0014829374849796295,0.3992815315723419,5.870346626579703e-07,0.9997490644454956,17303.108187377475
22,bert.encoder.layer.2.attention.self.value,value,0.00950375385582447,0.012833333333333334,3.177677854182548e-07,0.005254260264337063,0.8301844000816345,4.196301233605482e-06,0.99554443359375,16268.991407758691
22,bert.encoder.layer.2.attention.output.dense,dense,0.008025355637073517,0.012833333333333334,2.3583626784784428e-07,0.004120936151593924,0.7407776713371277,4.2530932660156395e-06,0.9974907636642456,19639.292834712167
22,bert.encoder.layer.3.attention.self.query,query,0.003521811682730913,0.012833333333333334,1.0461332777822463e-07,0.0018612476997077465,0.4514535367488861,9.325059409093228e-07,0.9996541142463684,18279.689163007515
22,bert.encoder.layer.3.attention.self.key,key,0.0033073481172323227,0.012833333333333334,1.038590511370785e-07,0.0019151815213263035,0.44390061497688293,8.273030971395201e-07,0.9994438886642456,18032.656140137813
22,bert.encoder.layer.3.attention.self.value,value,0.010196303948760033,0.012833333333333334,3.446096741299698e-07,0.006057668477296829,0.8209835290908813,5.0435387493052986e-06,0.9911566972732544,17235.689176979424
22,bert.encoder.layer.3.attention.output.dense,dense,0.008622556924819946,0.012833333333333334,2.782895194286539e-07,0.004555448889732361,0.7262383103370667,4.872047611570451e-06,0.9962836503982544,18681.68112009394
22,bert.encoder.layer.4.attention.self.query,query,0.004143232945352793,0.012833333333333334,1.349853135934609e-07,0.0023731710389256477,0.5505086183547974,1.1352146884746617e-06,0.9987318515777588,18719.96959470242
22,bert.encoder.layer.4.attention.self.key,key,0.003718658583238721,0.012833333333333334,1.233863997640583e-07,0.0022346831392496824,0.5632207989692688,8.584526653976354e-07,0.9985012412071228,19595.594069745795
22,bert.encoder.layer.4.attention.self.value,value,0.010042808018624783,0.012833333333333334,3.9273609786505403e-07,0.006514600478112698,0.838021457195282,4.109377641725587e-06,0.9910617470741272,18315.1193958582
22,bert.encoder.layer.4.attention.output.dense,dense,0.007177978288382292,0.012833333333333334,2.3860644660089747e-07,0.004124107770621777,0.7347562313079834,3.659894900920335e-06,0.9970228672027588,19169.333398659255
22,bert.encoder.layer.5.attention.self.query,query,0.004241609945893288,0.012833333333333334,1.3211462146500708e-07,0.0022566330153495073,0.47586479783058167,1.265368609892903e-06,0.9993896484375,18655.16194064341
22,bert.encoder.layer.5.attention.self.key,key,0.003874002955853939,0.012833333333333334,1.1957637013892963e-07,0.0021100579760968685,0.4650304913520813,1.0574009365882375e-06,0.9993354082107544,17560.84930653457
22,bert.encoder.layer.5.attention.self.value,value,0.009562485851347446,0.012833333333333334,3.0444843446275627e-07,0.005306926555931568,0.7885909080505371,3.3631788483035052e-06,0.9945407509803772,14323.588344093934
22,bert.encoder.layer.5.attention.output.dense,dense,0.00784432515501976,0.012833333333333334,2.2722500148120162e-07,0.003711600787937641,0.6975860595703125,3.445916945565841e-06,0.9977688193321228,19028.3505305137
22,bert.encoder.layer.6.attention.self.query,query,0.003498015459626913,0.012833333333333334,9.106213383347495e-08,0.0016607551369816065,0.4804619252681732,6.135271632956574e-07,0.9992201328277588,18289.03303094575
22,bert.encoder.layer.6.attention.self.key,key,0.00299016828648746,0.012833333333333334,8.26882313731403e-08,0.001504767220467329,0.5454757213592529,4.1242685711040394e-07,0.9993014931678772,17899.90523227579
22,bert.encoder.layer.6.attention.self.value,value,0.0093966880813241,0.012833333333333334,3.530055892042583e-07,0.005496485624462366,0.8989830017089844,1.6947448102655471e-06,0.9973076581954956,12719.784847869369
22,bert.encoder.layer.6.attention.output.dense,dense,0.005734281614422798,0.012833333333333334,1.2829519846491166e-07,0.002225445117801428,0.5778343081474304,1.5872142284933943e-06,0.9997965693473816,19528.43556142426
22,bert.encoder.layer.7.attention.self.query,query,0.0033603317569941282,0.012833333333333334,9.197848527264796e-08,0.0016529065323993564,0.471296101808548,7.262809731400921e-07,0.9995253086090088,18017.220924586818
22,bert.encoder.layer.7.attention.self.key,key,0.0029221931472420692,0.012833333333333334,8.786883398670398e-08,0.0015852553769946098,0.4461503326892853,6.459372343670111e-07,0.99957275390625,17827.043660223684
22,bert.encoder.layer.7.attention.self.value,value,0.008699662983417511,0.012833333333333334,3.0350895485753426e-07,0.005330696702003479,0.856933057308197,3.53126506524859e-06,0.9944797158241272,14813.22796079418
22,bert.encoder.layer.7.attention.output.dense,dense,0.005665619857609272,0.012833333333333334,1.7918715400355723e-07,0.003118714317679405,0.7044155597686768,2.432363771731616e-06,0.9983249306678772,18171.7317516963
22,bert.encoder.layer.8.attention.self.query,query,0.0031376294791698456,0.012833333333333334,1.0540551897975092e-07,0.001893616165034473,0.5347449779510498,7.499424441448355e-07,0.9993082880973816,19124.142729409596
22,bert.encoder.layer.8.attention.self.key,key,0.002297818660736084,0.012833333333333334,8.095730663626455e-08,0.0014776434982195497,0.48976317048072815,5.177099637876381e-07,0.9996677041053772,18628.85785204786
22,bert.encoder.layer.8.attention.self.value,value,0.00720659364014864,0.012833333333333334,2.5905072220666625e-07,0.0044623492285609245,0.8092427253723145,2.4414609924860997e-06,0.9959920048713684,12952.718069997185
22,bert.encoder.layer.8.attention.output.dense,dense,0.0061575439758598804,0.012833333333333334,2.0245909126970218e-07,0.0033299534115940332,0.7044638991355896,2.478642727510305e-06,0.9974636435508728,16100.780025427372
22,bert.encoder.layer.9.attention.self.query,query,0.0009987381054088473,0.012833333333333334,6.7126069147604994e-09,0.00011098341201432049,0.07062624394893646,4.003906539651325e-09,1.0,16331.359364202235
22,bert.encoder.layer.9.attention.self.key,key,0.0007910990971140563,0.012833333333333334,5.650510725985214e-09,7.008790271356702e-05,0.04062549024820328,1.7522272521830473e-09,1.0,14061.133600612071
22,bert.encoder.layer.9.attention.self.value,value,0.006103953812271357,0.012833333333333334,2.0004046064059366e-07,0.003678759327158332,0.8099046945571899,1.5717148471594555e-06,0.996826171875,13311.662607948754
22,bert.encoder.layer.9.attention.output.dense,dense,0.004104666877537966,0.012833333333333334,1.0046134235608406e-07,0.0016092609148472548,0.5272881984710693,9.23030597732577e-07,0.9999457597732544,19541.51547681745
22,bert.encoder.layer.10.attention.self.query,query,0.001255482668057084,0.012833333333333334,2.564667056503822e-08,0.00046830502105876803,0.24906763434410095,6.300760446720233e-08,1.0,17522.302540729936
22,bert.encoder.layer.10.attention.self.key,key,0.0008562610601074994,0.012833333333333334,1.5982054790697475e-08,0.00027676255558617413,0.16670924425125122,2.694365797140108e-08,1.0,16268.44619623439
22,bert.encoder.layer.10.attention.self.value,value,0.004446829203516245,0.012833333333333334,1.275261638511438e-07,0.0022637119982391596,0.8200696706771851,6.561050440723193e-07,0.9976738691329956,17694.125415348073
22,bert.encoder.layer.10.attention.output.dense,dense,0.003090501297265291,0.012833333333333334,5.928617596850927e-08,0.0009592904825694859,0.3931828439235687,3.976437881192396e-07,1.0,19251.20226527373
22,bert.encoder.layer.11.attention.self.query,query,0.0012853901134803891,0.012833333333333334,3.3843434721347876e-08,0.0005204296321608126,0.26889586448669434,6.91110813022533e-08,0.9999932050704956,17170.023252597948
22,bert.encoder.layer.11.attention.self.key,key,0.0009443635353818536,0.012833333333333334,2.2902870711050127e-08,0.0003213625168427825,0.2114439457654953,3.2964216245545686e-08,1.0,15969.057362721023
22,bert.encoder.layer.11.attention.self.value,value,0.0038758337032049894,0.012833333333333334,1.272920968631297e-07,0.002213422441855073,0.8470573425292969,4.7607292685825087e-07,0.9985622763633728,19223.090640384937
22,bert.encoder.layer.11.attention.output.dense,dense,0.0029281978495419025,0.012833333333333334,6.663838547638079e-08,0.0011071014450863004,0.44406113028526306,4.679854441747011e-07,1.0,19659.196907236226
23,bert.encoder.layer.0.attention.self.query,query,0.0027247488033026457,0.012666666666666666,8.813474039470748e-08,0.0015200559282675385,0.33953383564949036,6.682812454528175e-07,0.9998847246170044,17296.35100900925
23,bert.encoder.layer.0.attention.self.key,key,0.0027506614569574594,0.012666666666666666,8.745976742829953e-08,0.0015774877974763513,0.3348079025745392,6.271503707466763e-07,0.9996269941329956,17405.220311296638
23,bert.encoder.layer.0.attention.self.value,value,0.006738512311130762,0.012666666666666666,2.1645657000135543e-07,0.0038505138363689184,0.7268199920654297,3.2631730846333085e-06,0.99755859375,19466.545258875634
23,bert.encoder.layer.0.attention.output.dense,dense,0.006961017847061157,0.012666666666666666,2.1149597273506515e-07,0.00373367452993989,0.7100387215614319,3.821286099991994e-06,0.9988877773284912,19772.435453966737
23,bert.encoder.layer.1.attention.self.query,query,0.004537315107882023,0.012666666666666666,1.171840011693348e-07,0.0020186929032206535,0.447527140378952,9.039291057888477e-07,0.9993693232536316,18189.392861586235
23,bert.encoder.layer.1.attention.self.key,key,0.0038756777066737413,0.012666666666666666,1.0746040857156913e-07,0.0018884819000959396,0.44612061977386475,7.403356221402646e-07,0.9990573525428772,17853.64123884045
23,bert.encoder.layer.1.attention.self.value,value,0.008961552754044533,0.012666666666666666,3.5236371331848204e-07,0.0052980394102633,0.8278583884239197,3.5393952657614136e-06,0.9969685673713684,15087.686767089524
23,bert.encoder.layer.1.attention.output.dense,dense,0.007039487827569246,0.012666666666666666,1.9977974829998857e-07,0.003484951565042138,0.6911776065826416,3.554289150997647e-06,0.9991862177848816,19918.23684307451
23,bert.encoder.layer.2.attention.self.query,query,0.003219767240807414,0.012666666666666666,1.0244053783026175e-07,0.0017976128729060292,0.4051380455493927,8.040885859372793e-07,0.99957275390625,17728.036852808593
23,bert.encoder.layer.2.attention.self.key,key,0.002904067747294903,0.012666666666666666,9.379950682841809e-08,0.0016359207220375538,0.3952808380126953,6.777359544685169e-07,0.9996812343597412,17410.03378868728
23,bert.encoder.layer.2.attention.self.value,value,0.010336611419916153,0.012666666666666666,3.4269561410837923e-07,0.0056413267739117146,0.8410643935203552,4.63164951725048e-06,0.9946221113204956,16339.014368184413
23,bert.encoder.layer.2.attention.output.dense,dense,0.008675018325448036,0.012666666666666666,2.4098224571389437e-07,0.004291662015020847,0.7501583695411682,4.566145435092039e-06,0.9974501132965088,19632.58641792728
23,bert.encoder.layer.3.attention.self.query,query,0.0037037136498838663,0.012666666666666666,1.1670903887761597e-07,0.0019801915623247623,0.4353756308555603,1.0639663514666609e-06,0.9996744990348816,18398.950309218082
23,bert.encoder.layer.3.attention.self.key,key,0.003514878684654832,0.012666666666666666,1.1497070318000624e-07,0.001977290026843548,0.4419318437576294,9.429690521756129e-07,0.9994235634803772,18083.418164374078
23,bert.encoder.layer.3.attention.self.value,value,0.011003449559211731,0.012666666666666666,3.785467299621814e-07,0.006286472547799349,0.813675582408905,5.565393621509429e-06,0.9904581904411316,17326.41832547129
23,bert.encoder.layer.3.attention.output.dense,dense,0.009304171428084373,0.012666666666666666,2.8654127959271136e-07,0.004970295820385218,0.7706080079078674,5.550622518057935e-06,0.9951511025428772,18711.492898272107
23,bert.encoder.layer.4.attention.self.query,query,0.004577417857944965,0.012666666666666666,1.3469298210111447e-07,0.002354023512452841,0.5294257998466492,1.1576368024179828e-06,0.9987860918045044,18631.904645811577
23,bert.encoder.layer.4.attention.self.key,key,0.004209704231470823,0.012666666666666666,1.223634455982392e-07,0.0021894234232604504,0.5269117951393127,9.069116231330554e-07,0.9986029863357544,19587.167927264116
23,bert.encoder.layer.4.attention.self.value,value,0.01011873222887516,0.012666666666666666,3.604920664201927e-07,0.006239091977477074,0.8418369889259338,3.7797080949530937e-06,0.9924113154411316,18225.13716679756
23,bert.encoder.layer.4.attention.output.dense,dense,0.007368503604084253,0.012666666666666666,2.2620031359110726e-07,0.004030084703117609,0.719936728477478,3.7667309698008467e-06,0.9974501132965088,19219.798278605635
23,bert.encoder.layer.5.attention.self.query,query,0.004956560675054789,0.012666666666666666,1.3538684129343892e-07,0.0024303945247083902,0.5042113065719604,1.3839717212249525e-06,0.9991319179534912,18780.178588843875
23,bert.encoder.layer.5.attention.self.key,key,0.004594806581735611,0.012666666666666666,1.2996935083720018e-07,0.0023278938606381416,0.5071868896484375,1.1872375580423977e-06,0.9986775517463684,17756.70082909507
23,bert.encoder.layer.5.attention.self.value,value,0.010145844891667366,0.012666666666666666,2.933812481842324e-07,0.005379745736718178,0.7902626395225525,3.6229237139195902e-06,0.9942898154258728,14400.019333432025
23,bert.encoder.layer.5.attention.output.dense,dense,0.00830952636897564,0.012666666666666666,2.192802099898472e-07,0.0038256007246673107,0.7159051895141602,3.6045214528712677e-06,0.9979180097579956,19078.522794591154
23,bert.encoder.layer.6.attention.self.query,query,0.0036945566534996033,0.012666666666666666,9.743118312144361e-08,0.0016024360666051507,0.48501452803611755,5.780564720225811e-07,0.9994099736213684,18476.084211579786
23,bert.encoder.layer.6.attention.self.key,key,0.0034489179961383343,0.012666666666666666,9.436665493467444e-08,0.0016354976687580347,0.6000213027000427,4.4276143285060243e-07,0.9993082880973816,18075.494628987868
23,bert.encoder.layer.6.attention.self.value,value,0.010031178593635559,0.012666666666666666,3.70515266467919e-07,0.005845452658832073,0.8943197131156921,2.137258434231626e-06,0.9969346523284912,12729.58586466906
23,bert.encoder.layer.6.attention.output.dense,dense,0.006157080642879009,0.012666666666666666,1.435260372772973e-07,0.0025024686474353075,0.6195487380027771,1.910528681037249e-06,0.9994710087776184,19523.60948999299
23,bert.encoder.layer.7.attention.self.query,query,0.0034279413521289825,0.012666666666666666,1.0169631536882662e-07,0.0016513288719579577,0.45743951201438904,7.581409136037109e-07,0.9996744990348816,18365.629210279014
23,bert.encoder.layer.7.attention.self.key,key,0.003239657264202833,0.012666666666666666,9.903985187520448e-08,0.0016574602341279387,0.45718100666999817,7.100777565938188e-07,0.9997084140777588,18085.930437525298
23,bert.encoder.layer.7.attention.self.value,value,0.00920179020613432,0.012666666666666666,3.202366940513457e-07,0.005607133731245995,0.8533966541290283,3.8905800465727225e-06,0.9934963583946228,14950.475503061172
23,bert.encoder.layer.7.attention.output.dense,dense,0.006103974301367998,0.012666666666666666,1.9437982246017782e-07,0.003407489974051714,0.721771776676178,2.8455021947593195e-06,0.9981960654258728,18210.50965427348
23,bert.encoder.layer.8.attention.self.query,query,0.003369714133441448,0.012666666666666666,1.1204098626649284e-07,0.002091046189889312,0.6056460738182068,8.330109722010093e-07,0.9991523027420044,19006.047128277736
23,bert.encoder.layer.8.attention.self.key,key,0.0027892321813851595,0.012666666666666666,9.540589473999717e-08,0.001961946953088045,0.5731287002563477,7.06629293745209e-07,0.9990166425704956,18620.14611247478
23,bert.encoder.layer.8.attention.self.value,value,0.007630102802067995,0.012666666666666666,2.6038628675451037e-07,0.004608188755810261,0.8146806955337524,2.6782618078868836e-06,0.9954087734222412,12983.88079802915
23,bert.encoder.layer.8.attention.output.dense,dense,0.006206104066222906,0.012666666666666666,1.8854778716104192e-07,0.003333916189149022,0.7190324068069458,2.5266449483751785e-06,0.9978230595588684,16107.973891611491
23,bert.encoder.layer.9.attention.self.query,query,0.0011663992190733552,0.012666666666666666,1.065136512323761e-08,0.0001023707227432169,0.05381486192345619,3.75219588732989e-09,1.0,16129.624240074416
23,bert.encoder.layer.9.attention.self.key,key,0.0010210485197603703,0.012666666666666666,8.580378185740756e-09,8.040059765335172e-05,0.05244574695825577,2.0608466044791385e-09,1.0,13873.06891451368
23,bert.encoder.layer.9.attention.self.value,value,0.006183020770549774,0.012666666666666666,1.917236573945047e-07,0.003409245051443577,0.8111042976379395,1.3224772601461154e-06,0.9971991777420044,13509.249743402768
23,bert.encoder.layer.9.attention.output.dense,dense,0.003978478256613016,0.012666666666666666,9.592440619599074e-08,0.0015626379754394293,0.5078145861625671,8.780244797890191e-07,0.9999118447303772,19487.502414296436
23,bert.encoder.layer.10.attention.self.query,query,0.0012047699419781566,0.012666666666666666,2.8437940002845608e-08,0.0002963524602819234,0.160650372505188,2.823451517031117e-08,1.0,17899.05975170341
23,bert.encoder.layer.10.attention.self.key,key,0.0008240290335379541,0.012666666666666666,2.0723831539726234e-08,0.00019019369210582227,0.1359226405620575,1.2806113502961125e-08,1.0,16662.08246871945
23,bert.encoder.layer.10.attention.self.value,value,0.004231083672493696,0.012666666666666666,1.2777159952293005e-07,0.0022749691270291805,0.8274182081222534,6.647439931839472e-07,0.9977552890777588,17751.978755084896
23,bert.encoder.layer.10.attention.output.dense,dense,0.002854990540072322,0.012666666666666666,5.952099613182327e-08,0.0009402521536685526,0.39427095651626587,3.768280691929249e-07,1.0,19237.588567871153
23,bert.encoder.layer.11.attention.self.query,query,0.0011769175762310624,0.012666666666666666,2.7453634032781338e-08,0.000433825800428167,0.21742433309555054,4.5862222464165825e-08,1.0,17088.44855442052
23,bert.encoder.layer.11.attention.self.key,key,0.000952849630266428,0.012666666666666666,2.4756543481885274e-08,0.00038430915446951985,0.28889554738998413,4.7550500426041253e-08,1.0,15831.396910187843
23,bert.encoder.layer.11.attention.self.value,value,0.0037505894433707,0.012666666666666666,1.0468278333064518e-07,0.0019135527545586228,0.8396710157394409,4.0092535869007406e-07,0.9987589716911316,19190.37396830984
23,bert.encoder.layer.11.attention.output.dense,dense,0.0025684204883873463,0.012666666666666666,4.839320411065273e-08,0.0008651200332678854,0.36359602212905884,3.2466033417222206e-07,1.0,19721.310396791374
24,bert.encoder.layer.0.attention.self.query,query,0.002600237959995866,0.0125,8.290199104976637e-08,0.001464229542762041,0.33668988943099976,6.270777248573722e-07,0.9999253749847412,17283.410048450256
24,bert.encoder.layer.0.attention.self.key,key,0.002731131622567773,0.0125,7.931311785114303e-08,0.0014734267024323344,0.32778164744377136,5.666146876137645e-07,0.9996337890625,17417.853100086464
24,bert.encoder.layer.0.attention.self.value,value,0.00612227339297533,0.0125,1.8665464551759214e-07,0.003430008888244629,0.6885761022567749,2.835562781910994e-06,0.9983927607536316,19401.693436514175
24,bert.encoder.layer.0.attention.output.dense,dense,0.006636637728661299,0.0125,1.9836824094454641e-07,0.0035231111105531454,0.6941719055175781,3.5758739613811485e-06,0.9992743730545044,19762.092920371422
24,bert.encoder.layer.1.attention.self.query,query,0.004577102139592171,0.0125,1.19734878012423e-07,0.0021130472887307405,0.4616739749908447,1.002417889139906e-06,0.9992539882659912,18219.171666298524
24,bert.encoder.layer.1.attention.self.key,key,0.0041811480186879635,0.0125,1.166458716284069e-07,0.0021184871438890696,0.49059462547302246,8.264455004791671e-07,0.9987385869026184,17921.459190953425
24,bert.encoder.layer.1.attention.self.value,value,0.008464714512228966,0.0125,3.0708557119396573e-07,0.005108588375151157,0.8296727538108826,3.6090532375965267e-06,0.9968668818473816,15182.572035955587
24,bert.encoder.layer.1.attention.output.dense,dense,0.007003434468060732,0.0125,2.0363061992156872e-07,0.0036002816632390022,0.6984100937843323,3.696092335303547e-06,0.9991455078125,19943.564387976203
24,bert.encoder.layer.2.attention.self.query,query,0.003400572342798114,0.0125,1.0116240645174912e-07,0.00178264279384166,0.41647499799728394,7.568970090687799e-07,0.9995049238204956,17885.449739687625
24,bert.encoder.layer.2.attention.self.key,key,0.0032245225738734007,0.0125,9.588246285829882e-08,0.0016573758330196142,0.39225026965141296,6.595458330593829e-07,0.9996066689491272,17574.48291079919
24,bert.encoder.layer.2.attention.self.value,value,0.010147130116820335,0.0125,3.2523345794288616e-07,0.005454756785184145,0.8387738466262817,4.490517767408164e-06,0.9951103925704956,16326.666478135641
24,bert.encoder.layer.2.attention.output.dense,dense,0.0084465891122818,0.0125,2.3871876919656643e-07,0.004253114107996225,0.749155580997467,4.491422714636428e-06,0.9975721836090088,19617.842821579696
24,bert.encoder.layer.3.attention.self.query,query,0.0036110947839915752,0.0125,1.1431211532908492e-07,0.0019421613542363048,0.4459396004676819,1.0249991646560375e-06,0.9996677041053772,18389.84499444244
24,bert.encoder.layer.3.attention.self.key,key,0.003478267230093479,0.0125,1.1466637772628019e-07,0.001969123026356101,0.4389076828956604,9.257798865291988e-07,0.9994642734527588,18093.38120384062
24,bert.encoder.layer.3.attention.self.value,value,0.011209524236619473,0.0125,3.858883701468585e-07,0.006809900514781475,0.8343614935874939,6.0483371271402575e-06,0.9879150390625,17466.803818494445
24,bert.encoder.layer.3.attention.output.dense,dense,0.009488056413829327,0.0125,2.836442547504703e-07,0.004832310602068901,0.7609959840774536,5.431631052488228e-06,0.9956461787223816,18699.12177582382
24,bert.encoder.layer.4.attention.self.query,query,0.0044130138121545315,0.0125,1.2022452722249e-07,0.0022321941796690226,0.5096977949142456,1.054645395015541e-06,0.9989895224571228,18639.532205975724
24,bert.encoder.layer.4.attention.self.key,key,0.004067663103342056,0.0125,1.084534702044948e-07,0.0020373081788420677,0.5069595575332642,8.194986094167689e-07,0.9989895224571228,19615.316303425523
24,bert.encoder.layer.4.attention.self.value,value,0.010268676094710827,0.0125,3.775205072997778e-07,0.0064048743806779385,0.8452880382537842,3.906453457602765e-06,0.9918144941329956,18377.005760961227
24,bert.encoder.layer.4.attention.output.dense,dense,0.007438795641064644,0.0125,2.2472113414551131e-07,0.003955518361181021,0.7135254144668579,3.724418093042914e-06,0.9977891445159912,19198.865827763675
24,bert.encoder.layer.5.attention.self.query,query,0.0047890194691717625,0.0125,1.4044688612102618e-07,0.0025705755688250065,0.5060266852378845,1.497979383202619e-06,0.9987385869026184,18806.662297792973
24,bert.encoder.layer.5.attention.self.key,key,0.0046198321506381035,0.0125,1.404157785600546e-07,0.002543279668316245,0.5203477144241333,1.387129941576859e-06,0.9984062910079956,17971.484407333166
24,bert.encoder.layer.5.attention.self.value,value,0.010405193082988262,0.0125,3.1510077747043397e-07,0.005760424770414829,0.7992054224014282,3.9571841625729576e-06,0.9931369423866272,14663.821912663849
24,bert.encoder.layer.5.attention.output.dense,dense,0.008322400972247124,0.0125,2.2135999699912645e-07,0.0038822810165584087,0.7121027112007141,3.6659544093708973e-06,0.99749755859375,19066.77202603454
24,bert.encoder.layer.6.attention.self.query,query,0.003617594251409173,0.0125,9.66135047519856e-08,0.0017229741206392646,0.47594401240348816,7.234079930640291e-07,0.9993693232536316,18143.404290523864
24,bert.encoder.layer.6.attention.self.key,key,0.0034071269910782576,0.0125,9.121814059653843e-08,0.0017126285238191485,0.5456007719039917,5.301969849824673e-07,0.9991997480392456,17862.073001516987
24,bert.encoder.layer.6.attention.self.value,value,0.009747084230184555,0.0125,3.607275402828236e-07,0.005747396033257246,0.8853387236595154,2.286836206621956e-06,0.9967380166053772,12858.906733071239
24,bert.encoder.layer.6.attention.output.dense,dense,0.006217413581907749,0.0125,1.4559704197836254e-07,0.0026482066605240107,0.6335665583610535,2.0513446088443743e-06,0.9993014931678772,19522.427142072396
24,bert.encoder.layer.7.attention.self.query,query,0.0038331944961100817,0.0125,9.429191294429984e-08,0.001641889102756977,0.46082061529159546,7.641226602572715e-07,0.9998372197151184,18268.345413505845
24,bert.encoder.layer.7.attention.self.key,key,0.0034540777560323477,0.0125,8.995982625492616e-08,0.0016142739914357662,0.452788382768631,6.934080261089548e-07,0.9996812343597412,18045.764738201557
24,bert.encoder.layer.7.attention.self.value,value,0.00928984209895134,0.0125,3.001563300131238e-07,0.005623698700219393,0.850106954574585,4.206398443784565e-06,0.9926350712776184,15140.05658500054
24,bert.encoder.layer.7.attention.output.dense,dense,0.006602414883673191,0.0125,2.0145620283074095e-07,0.00363566423766315,0.7467365860939026,3.111938212896348e-06,0.9974161982536316,18223.14819030295
24,bert.encoder.layer.8.attention.self.query,query,0.002977329306304455,0.0125,9.380519117030417e-08,0.0017183067975565791,0.47723329067230225,6.642866310357931e-07,0.9994032382965088,18865.956082630208
24,bert.encoder.layer.8.attention.self.key,key,0.0021601240150630474,0.0125,6.993060708282428e-08,0.0013539897045120597,0.4381786584854126,4.712177030796738e-07,0.9997761845588684,18579.660517438333
24,bert.encoder.layer.8.attention.self.value,value,0.007340687792748213,0.0125,2.4463469117108616e-07,0.004489842802286148,0.8174096345901489,2.549164491938427e-06,0.9958021640777588,12994.620806589366
24,bert.encoder.layer.8.attention.output.dense,dense,0.005980229936540127,0.0125,1.7828357101734582e-07,0.003204555017873645,0.6949893832206726,2.5299798380729044e-06,0.9982435703277588,16270.862509514733
24,bert.encoder.layer.9.attention.self.query,query,0.0015527220675721765,0.0125,8.562170528136903e-09,0.00010826881771208718,0.07344749569892883,4.2853742776571835e-09,1.0,16255.294666730088
24,bert.encoder.layer.9.attention.self.key,key,0.0011897912481799722,0.0125,7.324242989881213e-09,5.214734119363129e-05,0.036379359662532806,9.864247196844644e-10,1.0,14023.936207698745
24,bert.encoder.layer.9.attention.self.value,value,0.006546314340084791,0.0125,2.0561618896408618e-07,0.0038551208563148975,0.8162945508956909,1.7547495190228801e-06,0.9965684413909912,13758.29959213054
24,bert.encoder.layer.9.attention.output.dense,dense,0.004317994695156813,0.0125,1.0125346250333678e-07,0.0018353016348555684,0.5794923305511475,1.1150987120345235e-06,0.9997761845588684,19510.227828837684
24,bert.encoder.layer.10.attention.self.query,query,0.0009613775764591992,0.0125,2.7119330781033568e-08,0.00025552467559464276,0.12550057470798492,2.137277732572329e-08,1.0,17554.20437507621
24,bert.encoder.layer.10.attention.self.key,key,0.0008072567288763821,0.0125,2.02447711927789e-08,0.00018099442240782082,0.09344469010829926,1.249264691693952e-08,1.0,16257.237392639361
24,bert.encoder.layer.10.attention.self.value,value,0.004408920183777809,0.0125,1.273295850978684e-07,0.002243339316919446,0.81013423204422,6.764892077626428e-07,0.9978976845741272,17803.064144934757
24,bert.encoder.layer.10.attention.output.dense,dense,0.003065892495214939,0.0125,6.431507415527449e-08,0.001051465980708599,0.4377870261669159,4.438262521944125e-07,1.0,19312.702307393723
24,bert.encoder.layer.11.attention.self.query,query,0.0012956217397004366,0.0125,3.889942590262763e-08,0.00044504093239083886,0.22125571966171265,4.931324681933802e-08,1.0,17379.229659972756
24,bert.encoder.layer.11.attention.self.key,key,0.0010651940247043967,0.0125,2.8704748800123525e-08,0.00035595602821558714,0.2518463730812073,4.339618797644107e-08,1.0,16072.796836094301
24,bert.encoder.layer.11.attention.self.value,value,0.00363989919424057,0.0125,1.3472917714807409e-07,0.002375187585130334,0.8360355496406555,5.527574558072956e-07,0.9984402060508728,19081.147117484838
24,bert.encoder.layer.11.attention.output.dense,dense,0.002235331339761615,0.0125,6.716013700724943e-08,0.001010229578241706,0.3881635069847107,4.253060410519538e-07,1.0,19476.16697676817
25,bert.encoder.layer.0.attention.self.query,query,0.0038207611069083214,0.012333333333333335,1.3937864196122973e-07,0.0023658662103116512,0.45548444986343384,1.2596142369147856e-06,0.9990980625152588,17432.32792202986
25,bert.encoder.layer.0.attention.self.key,key,0.003422046545892954,0.012333333333333335,1.231426978165473e-07,0.002030986826866865,0.40025752782821655,9.887140777209424e-07,0.9993760585784912,17537.238722139595
25,bert.encoder.layer.0.attention.self.value,value,0.008541945368051529,0.012333333333333335,2.738481157393835e-07,0.004773716442286968,0.7589439749717712,4.57531268693856e-06,0.9959987998008728,19621.408085948533
25,bert.encoder.layer.0.attention.output.dense,dense,0.009429758414626122,0.012333333333333335,2.775786072106712e-07,0.004887044429779053,0.7616609930992126,5.625597168545937e-06,0.9963718056678772,19806.960516576215
25,bert.encoder.layer.1.attention.self.query,query,0.009131907485425472,0.012333333333333335,1.850459057095577e-07,0.003260208060964942,0.5827546715736389,1.93212099475204e-06,0.9968532919883728,18130.128621029635
25,bert.encoder.layer.1.attention.self.key,key,0.006391468457877636,0.012333333333333335,1.4532692205193598e-07,0.002579090418294072,0.514760434627533,1.3254453961053514e-06,0.99835205078125,17853.21092557445
25,bert.encoder.layer.1.attention.self.value,value,0.011800969019532204,0.012333333333333335,4.5195903908279433e-07,0.006189081352204084,0.827602207660675,4.790369985130383e-06,0.9952595829963684,15298.773226806314
25,bert.encoder.layer.1.attention.output.dense,dense,0.009880505502223969,0.012333333333333335,2.608827855965501e-07,0.004585467278957367,0.7542375326156616,5.054633220424876e-06,0.9968193769454956,19892.742272452564
25,bert.encoder.layer.2.attention.self.query,query,0.004950960632413626,0.012333333333333335,1.6340793251856667e-07,0.0027688092086464167,0.5100120306015015,1.3820671256326023e-06,0.9973618984222412,17927.744406757025
25,bert.encoder.layer.2.attention.self.key,key,0.005923437420278788,0.012333333333333335,1.8816511726527096e-07,0.003199405036866665,0.5530776977539062,1.5033191402835655e-06,0.9957817792892456,17653.658706607046
25,bert.encoder.layer.2.attention.self.value,value,0.012417599558830261,0.012333333333333335,4.313789645493671e-07,0.006497407332062721,0.8336300849914551,5.8912128224619664e-06,0.9929131269454956,16470.11452305647
25,bert.encoder.layer.2.attention.output.dense,dense,0.010228638537228107,0.012333333333333335,2.860578263153002e-07,0.005070424173027277,0.7822732329368591,5.695912477676757e-06,0.9945475459098816,19649.81016497419
25,bert.encoder.layer.3.attention.self.query,query,0.00466985534876585,0.012333333333333335,1.3498613782303437e-07,0.002386242849752307,0.5103147029876709,1.3242436125437962e-06,0.9989284873008728,18407.24412889582
25,bert.encoder.layer.3.attention.self.key,key,0.0043365443125367165,0.012333333333333335,1.3187245428980532e-07,0.0023555359803140163,0.4833209812641144,1.1455819048933336e-06,0.9987996220588684,17949.7501042269
25,bert.encoder.layer.3.attention.self.value,value,0.013224916532635689,0.012333333333333335,4.592694438088074e-07,0.007830242626369,0.8433104157447815,7.681393981329165e-06,0.9828355312347412,17525.10144998624
25,bert.encoder.layer.3.attention.output.dense,dense,0.011231226846575737,0.012333333333333335,3.3694882972667983e-07,0.005820328835397959,0.7893325686454773,6.992640919634141e-06,0.9915568232536316,18728.66382216303
25,bert.encoder.layer.4.attention.self.query,query,0.005251689814031124,0.012333333333333335,1.5603784220274974e-07,0.0027706215623766184,0.590624213218689,1.3843075521435821e-06,0.9979383945465088,18852.10228404239
25,bert.encoder.layer.4.attention.self.key,key,0.005034359637647867,0.012333333333333335,1.4971682560371846e-07,0.0027701365761458874,0.6223214864730835,1.1308776493024197e-06,0.9979790449142456,19667.059407271914
25,bert.encoder.layer.4.attention.self.value,value,0.01256608497351408,0.012333333333333335,5.178096103009011e-07,0.007899351418018341,0.8486391305923462,5.158407020644518e-06,0.9883490800857544,18266.912894801375
25,bert.encoder.layer.4.attention.output.dense,dense,0.0091261500492692,0.012333333333333335,2.9118086786183994e-07,0.0049610440619289875,0.7598451972007751,5.145362592884339e-06,0.9950629472732544,19157.36261949778
25,bert.encoder.layer.5.attention.self.query,query,0.006290425546467304,0.012333333333333335,1.7179306155412633e-07,0.002954576862975955,0.5411772131919861,1.8662605043573421e-06,0.9985148310661316,18660.783922395443
25,bert.encoder.layer.5.attention.self.key,key,0.0058351862244307995,0.012333333333333335,1.651627741239281e-07,0.0029052949976176023,0.5516822934150696,1.642012193769915e-06,0.9977688193321228,17837.765638865865
25,bert.encoder.layer.5.attention.self.value,value,0.012844064272940159,0.012333333333333335,4.230365107105172e-07,0.007141145411878824,0.8305833339691162,5.218737896939274e-06,0.9895155429840088,14729.86207102551
25,bert.encoder.layer.5.attention.output.dense,dense,0.00991778913885355,0.012333333333333335,2.8437440846573736e-07,0.004676046781241894,0.7407592535018921,4.93207699037157e-06,0.9964396357536316,18904.45078676728
25,bert.encoder.layer.6.attention.self.query,query,0.004633853677660227,0.012333333333333335,1.0905490199775159e-07,0.0017042544204741716,0.47496676445007324,6.96286235779553e-07,0.9991658329963684,18633.10356010512
25,bert.encoder.layer.6.attention.self.key,key,0.004465412814170122,0.012333333333333335,1.003820173650638e-07,0.0016470394330099225,0.5140420198440552,5.327418648448656e-07,0.9992539882659912,18249.119489897537
25,bert.encoder.layer.6.attention.self.value,value,0.011470506899058819,0.012333333333333335,4.6314096380228875e-07,0.006540257018059492,0.8770647644996643,2.768193326119217e-06,0.9959377646446228,12946.564562879612
25,bert.encoder.layer.6.attention.output.dense,dense,0.007483238819986582,0.012333333333333335,1.9188553324056556e-07,0.003045390360057354,0.6550723910331726,2.5015499431901844e-06,0.9988471269607544,19413.37213926158
25,bert.encoder.layer.7.attention.self.query,query,0.004861167166382074,0.012333333333333335,1.4517188162699313e-07,0.002505590207874775,0.5941447019577026,1.392381705045409e-06,0.9986640214920044,18103.86210213327
25,bert.encoder.layer.7.attention.self.key,key,0.004385336767882109,0.012333333333333335,1.3499911233338935e-07,0.0023822467774152756,0.5542500019073486,1.2424619626472122e-06,0.9989488124847412,17985.489163076014
25,bert.encoder.layer.7.attention.self.value,value,0.010413916781544685,0.012333333333333335,3.847950438284897e-07,0.0065681240521371365,0.8654499650001526,4.885839189228136e-06,0.9897392988204956,15230.143498843523
25,bert.encoder.layer.7.attention.output.dense,dense,0.007500233594328165,0.012333333333333335,2.4909940066208947e-07,0.004282000940293074,0.7723141312599182,3.824260602414142e-06,0.9957411289215088,18256.140676960873
25,bert.encoder.layer.8.attention.self.query,query,0.0036702780053019524,0.012333333333333335,1.1934668009416782e-07,0.0020224791951477528,0.5449486970901489,7.890059237070091e-07,0.9992336630821228,18821.38461224862
25,bert.encoder.layer.8.attention.self.key,key,0.0026626908220350742,0.012333333333333335,9.998527161769744e-08,0.0016659942921251059,0.5340707302093506,5.622398475679802e-07,0.9993489384651184,18584.170651807985
25,bert.encoder.layer.8.attention.self.value,value,0.009099614806473255,0.012333333333333335,3.221897770799842e-07,0.00564806442707777,0.8312837481498718,3.7128561416466255e-06,0.9926011562347412,13038.20030592261
25,bert.encoder.layer.8.attention.output.dense,dense,0.007547304965555668,0.012333333333333335,2.445077029733511e-07,0.004299075808376074,0.7559931874275208,3.6845974591415143e-06,0.9950832724571228,16267.241153798266
25,bert.encoder.layer.9.attention.self.query,query,0.0013973424211144447,0.012333333333333335,7.760955433866457e-09,9.106596553465351e-05,0.05033513158559799,3.0372933057520868e-09,1.0,16159.341935087015
25,bert.encoder.layer.9.attention.self.key,key,0.0011669015511870384,0.012333333333333335,6.442109512505567e-09,5.423395850812085e-05,0.04108265042304993,1.0922114324074528e-09,1.0,13901.634400580435
25,bert.encoder.layer.9.attention.self.value,value,0.007835750468075275,0.012333333333333335,2.6042067702292115e-07,0.0046077207662165165,0.8412758708000183,2.1061700863356236e-06,0.9959242343902588,13816.618578041162
25,bert.encoder.layer.9.attention.output.dense,dense,0.004739461001008749,0.012333333333333335,1.300604282050699e-07,0.001979492139071226,0.5627630352973938,1.2661944310821127e-06,0.9997422695159912,19357.647523354524
25,bert.encoder.layer.10.attention.self.query,query,0.0009783223504200578,0.012333333333333335,1.857615750111563e-08,0.0002621069725137204,0.14253638684749603,2.346480876269652e-08,1.0,17665.79970157581
25,bert.encoder.layer.10.attention.self.key,key,0.0006717563373968005,0.012333333333333335,1.1598812577062745e-08,0.00015334246563725173,0.09534606337547302,9.118249266748535e-09,1.0,16352.862878696387
25,bert.encoder.layer.10.attention.self.value,value,0.004385523963719606,0.012333333333333335,1.2933885784605081e-07,0.002270295051857829,0.8363978266716003,6.182937681842304e-07,0.9979044795036316,17826.54047744679
25,bert.encoder.layer.10.attention.output.dense,dense,0.0029265719931572676,0.012333333333333335,5.8386977030977505e-08,0.0008983294246718287,0.38097408413887024,3.535803330123599e-07,1.0,19284.204058982075
25,bert.encoder.layer.11.attention.self.query,query,0.0010232324711978436,0.012333333333333335,2.4695557598874984e-08,0.0004100663645658642,0.21065707504749298,4.317620749816342e-08,1.0,17189.427874058394
25,bert.encoder.layer.11.attention.self.key,key,0.0008159069111570716,0.012333333333333335,1.9757095515160472e-08,0.0002630320377647877,0.20220397412776947,2.5220302291018015e-08,1.0,15866.865016549415
25,bert.encoder.layer.11.attention.self.value,value,0.004204986616969109,0.012333333333333335,1.5798819674728293e-07,0.002737813862040639,0.9013424515724182,4.985398618373438e-07,0.9983927607536316,19243.698863637295
25,bert.encoder.layer.11.attention.output.dense,dense,0.0022711337078362703,0.012333333333333335,6.089442194934236e-08,0.0009180975030176342,0.3704293668270111,3.594340398649365e-07,1.0,19537.217852710335
26,bert.encoder.layer.0.attention.self.query,query,0.0029826639220118523,0.012166666666666666,9.638754505658653e-08,0.001663435366936028,0.35753509402275085,8.19282547581679e-07,0.9998779296875,17473.0256796757
26,bert.encoder.layer.0.attention.self.key,key,0.002962732221931219,0.012166666666666666,9.294247149682633e-08,0.0016606536228209734,0.3469192087650299,7.293854196177563e-07,0.9997016191482544,17628.553865286245
26,bert.encoder.layer.0.attention.self.value,value,0.006903199478983879,0.012166666666666666,2.1322320264971495e-07,0.0038260621950030327,0.7034719586372375,3.5381008274271153e-06,0.998046875,19691.220257319466
26,bert.encoder.layer.0.attention.output.dense,dense,0.007883921265602112,0.012166666666666666,2.3731557519113267e-07,0.004197319969534874,0.7350710034370422,4.4809080463892315e-06,0.9975043535232544,19831.943484729767
26,bert.encoder.layer.1.attention.self.query,query,0.0057662054896354675,0.012166666666666666,1.2678640359808924e-07,0.0022925655357539654,0.45751309394836426,1.2029081517539453e-06,0.9991726279258728,18225.603368782587
26,bert.encoder.layer.1.attention.self.key,key,0.004765933845192194,0.012166666666666666,1.1313773029542062e-07,0.002061252249404788,0.44630852341651917,9.394129278916807e-07,0.9993625283241272,18028.858798145273
26,bert.encoder.layer.1.attention.self.value,value,0.009411832317709923,0.012166666666666666,3.7862247381781344e-07,0.005682108458131552,0.8267809152603149,4.121365236642305e-06,0.9963446855545044,15456.27197300783
26,bert.encoder.layer.1.attention.output.dense,dense,0.008115371689200401,0.012166666666666666,2.2398822352442949e-07,0.004023751709610224,0.7215614914894104,4.329874172981363e-06,0.9983927607536316,19895.988863919272
26,bert.encoder.layer.2.attention.self.query,query,0.0038229336496442556,0.012166666666666666,1.2175721053608868e-07,0.002130195964127779,0.458499938249588,1.0456599284225376e-06,0.9995591640472412,17974.07456598982
26,bert.encoder.layer.2.attention.self.key,key,0.0036773800384253263,0.012166666666666666,1.1091226070902849e-07,0.001981325913220644,0.42653897404670715,9.312594215771242e-07,0.99957275390625,17697.96342693103
26,bert.encoder.layer.2.attention.self.value,value,0.011893347837030888,0.012166666666666666,3.9023129261295253e-07,0.006315831560641527,0.8476042747497559,5.679592959495494e-06,0.9921671748161316,16587.319444572546
26,bert.encoder.layer.2.attention.output.dense,dense,0.00995109137147665,0.012166666666666666,2.7895097787222767e-07,0.004953257739543915,0.7787891626358032,5.545029580389382e-06,0.9952528476715088,19684.85299396842
26,bert.encoder.layer.3.attention.self.query,query,0.0041246903128921986,0.012166666666666666,1.244508496256458e-07,0.0021515334956347942,0.45387765765190125,1.225713504027226e-06,0.9995863437652588,18600.450667288675
26,bert.encoder.layer.3.attention.self.key,key,0.004177751485258341,0.012166666666666666,1.2398497517551732e-07,0.0021908062044531107,0.45081451535224915,1.1262322914262768e-06,0.99945068359375,18030.833571407584
26,bert.encoder.layer.3.attention.self.value,value,0.013349287211894989,0.012166666666666666,4.3327153775862826e-07,0.0076986742205917835,0.8480125665664673,7.329775598918786e-06,0.9852091670036316,17603.669405587345
26,bert.encoder.layer.3.attention.output.dense,dense,0.011127499863505363,0.012166666666666666,3.33299880139748e-07,0.005746385548263788,0.7796834111213684,6.914191544638015e-06,0.9919162392616272,18726.46880188658
26,bert.encoder.layer.4.attention.self.query,query,0.005288254469633102,0.012166666666666666,1.5569760591915838e-07,0.002779699396342039,0.6063255667686462,1.3658523130288813e-06,0.9980061650276184,18699.6368119031
26,bert.encoder.layer.4.attention.self.key,key,0.004783300217241049,0.012166666666666666,1.397443156747613e-07,0.0024753420148044825,0.5847941040992737,1.018476268654922e-06,0.9984334111213684,19642.433977729004
26,bert.encoder.layer.4.attention.self.value,value,0.012413300573825836,0.012166666666666666,4.6299720679598977e-07,0.007439920678734779,0.8549261093139648,4.8871033868636005e-06,0.9891764521598816,18153.270433727605
26,bert.encoder.layer.4.attention.output.dense,dense,0.009149862453341484,0.012166666666666666,2.674655945611448e-07,0.004874789621680975,0.7518302202224731,5.073591637483332e-06,0.9958224892616272,19211.95437198924
26,bert.encoder.layer.5.attention.self.query,query,0.00622703367844224,0.012166666666666666,1.848582940056076e-07,0.0032329773530364037,0.5825207233428955,2.0249503904778976e-06,0.997802734375,19004.892564903417
26,bert.encoder.layer.5.attention.self.key,key,0.005819810554385185,0.012166666666666666,1.713600283892447e-07,0.003085292177274823,0.5732332468032837,1.730275243971846e-06,0.9974636435508728,18382.204433896586
26,bert.encoder.layer.5.attention.self.value,value,0.012791209854185581,0.012166666666666666,3.864532516217878e-07,0.006907128728926182,0.8231603503227234,5.187951956031611e-06,0.9882541298866272,14742.371321977558
26,bert.encoder.layer.5.attention.output.dense,dense,0.010039575397968292,0.012166666666666666,2.848526889920322e-07,0.004900455474853516,0.7732637524604797,4.8876081564230844e-06,0.9952731728553772,18946.34620333306
26,bert.encoder.layer.6.attention.self.query,query,0.004136713221669197,0.012166666666666666,1.1094179797055403e-07,0.0019215932115912437,0.5083913803100586,8.712880230632436e-07,0.9992879033088684,18447.67187137066
26,bert.encoder.layer.6.attention.self.key,key,0.003691411577165127,0.012166666666666666,1.0590721188918906e-07,0.001948208431713283,0.5498136281967163,6.728606081196631e-07,0.9989013671875,18180.21536167793
26,bert.encoder.layer.6.attention.self.value,value,0.011682026088237762,0.012166666666666666,5.285644988362037e-07,0.006889887619763613,0.8705771565437317,2.9820350846421206e-06,0.9960123896598816,12678.180454461677
26,bert.encoder.layer.6.attention.output.dense,dense,0.007361130323261023,0.012166666666666666,1.8018309333456273e-07,0.003227853449061513,0.6816442608833313,2.7252690415480174e-06,0.9986640214920044,19468.356034639135
26,bert.encoder.layer.7.attention.self.query,query,0.0044483281672000885,0.012166666666666666,1.1878070438342547e-07,0.0020356299355626106,0.514165997505188,1.0030175872088876e-06,0.9992472529411316,18315.87027305161
26,bert.encoder.layer.7.attention.self.key,key,0.004035672638565302,0.012166666666666666,1.10461506608317e-07,0.0019438016461208463,0.49017590284347534,9.505470757176226e-07,0.9995524287223816,18173.31266402197
26,bert.encoder.layer.7.attention.self.value,value,0.0105945635586977,0.012166666666666666,3.5554560895434406e-07,0.006297830026596785,0.8586507439613342,4.92257640871685e-06,0.9901326298713684,15286.996943436718
26,bert.encoder.layer.7.attention.output.dense,dense,0.007690131198614836,0.012166666666666666,2.3862511966399325e-07,0.004371659364551306,0.7824211120605469,3.859366188407876e-06,0.99591064453125,18291.129635310892
26,bert.encoder.layer.8.attention.self.query,query,0.003851549234241247,0.012166666666666666,1.2780225233655074e-07,0.002294746693223715,0.6334428191184998,8.593159463998745e-07,0.9988810420036316,18826.73541423996
26,bert.encoder.layer.8.attention.self.key,key,0.00256825122050941,0.012166666666666666,8.332730061511029e-08,0.001539474120363593,0.5187747478485107,5.265658842290577e-07,0.9995591640472412,18593.805491670348
26,bert.encoder.layer.8.attention.self.value,value,0.008748984895646572,0.012166666666666666,2.9387655331447604e-07,0.005500921979546547,0.8376879096031189,3.570224180293735e-06,0.9936252236366272,13273.50434582408
26,bert.encoder.layer.8.attention.output.dense,dense,0.006865819450467825,0.012166666666666666,2.050843193046603e-07,0.0038966804277151823,0.7553226351737976,3.3825388072727947e-06,0.9962022304534912,16320.447552023805
26,bert.encoder.layer.9.attention.self.query,query,0.001701044850051403,0.012166666666666666,8.661116268626756e-09,0.0001468661066610366,0.09086351096630096,7.791618017449764e-09,1.0,16021.852269535746
26,bert.encoder.layer.9.attention.self.key,key,0.001267710467800498,0.012166666666666666,7.013414293766118e-09,8.709168469067663e-05,0.06837116926908493,2.344636040874093e-09,1.0,13785.663546842276
26,bert.encoder.layer.9.attention.self.value,value,0.007606110535562038,0.012166666666666666,2.491428290340991e-07,0.004580355249345303,0.83793044090271,2.271968696732074e-06,0.9960463047027588,14101.750817939808
26,bert.encoder.layer.9.attention.output.dense,dense,0.004853956867009401,0.012166666666666666,1.1887679818300967e-07,0.0021641054190695286,0.6372343897819519,1.466242792957928e-06,0.9998100996017456,19373.8096968125
26,bert.encoder.layer.10.attention.self.query,query,0.0009253373136743903,0.012166666666666666,1.378009795161006e-08,0.00022842749604023993,0.11971493065357208,1.6695944182743006e-08,1.0,17715.25764575952
26,bert.encoder.layer.10.attention.self.key,key,0.0006234337342903018,0.012166666666666666,8.657763395092388e-09,0.0001392459380440414,0.06352663040161133,6.99104729662281e-09,1.0,16373.93030678215
26,bert.encoder.layer.10.attention.self.value,value,0.004114883486181498,0.012166666666666666,1.263271940388222e-07,0.0022184145636856556,0.8370105028152466,5.792037427454488e-07,0.9980197548866272,17918.807904802758
26,bert.encoder.layer.10.attention.output.dense,dense,0.0026233394164592028,0.012166666666666666,5.7810009224112946e-08,0.0009021686273626983,0.3765317499637604,3.4305560348002473e-07,1.0,19328.26386002496
26,bert.encoder.layer.11.attention.self.query,query,0.0010675485245883465,0.012166666666666666,2.624783590476909e-08,0.0004157065413892269,0.25931495428085327,4.5388148350866686e-08,1.0,17250.307804125063
26,bert.encoder.layer.11.attention.self.key,key,0.0007968954159878194,0.012166666666666666,2.194136250466272e-08,0.0004127469437662512,0.3466593027114868,5.6284136462636525e-08,1.0,15759.807081081948
26,bert.encoder.layer.11.attention.self.value,value,0.004035698715597391,0.012166666666666666,1.4555421046225092e-07,0.00262966169975698,0.8840034008026123,5.621963623525517e-07,0.9983994960784912,19345.47099930817
26,bert.encoder.layer.11.attention.output.dense,dense,0.002382437465712428,0.012166666666666666,5.9561902077120976e-08,0.0009775942889973521,0.3712460398674011,4.028465809824411e-07,1.0,19666.104955985546
27,bert.encoder.layer.0.attention.self.query,query,0.003086444456130266,0.012,9.569401981934789e-08,0.0016814121045172215,0.37332814931869507,7.834271968931716e-07,0.9997965693473816,17470.017706851053
27,bert.encoder.layer.0.attention.self.key,key,0.003080405294895172,0.012,8.675893070630991e-08,0.0016507073305547237,0.3264967203140259,6.938900014574756e-07,0.9996541142463684,17591.800933172468
27,bert.encoder.layer.0.attention.self.value,value,0.007010794710367918,0.012,2.0972511549643968e-07,0.0038084890693426132,0.7079938650131226,3.4484260140743572e-06,0.9979587197303772,19629.844129636014
27,bert.encoder.layer.0.attention.output.dense,dense,0.0079345079138875,0.012,2.2899077123383904e-07,0.0040458510629832745,0.7265632748603821,4.289754997444106e-06,0.9981486201286316,19824.81378249535
27,bert.encoder.layer.1.attention.self.query,query,0.00529686501249671,0.012,1.1836075231030918e-07,0.0021522934548556805,0.4556613266468048,1.0587989436317002e-06,0.9993422031402588,18447.20036138049
27,bert.encoder.layer.1.attention.self.key,key,0.004413699731230736,0.012,1.1094136453948522e-07,0.0020369619596749544,0.46924862265586853,9.069311204257247e-07,0.9992201328277588,18140.720797757192
27,bert.encoder.layer.1.attention.self.value,value,0.009759392589330673,0.012,3.830722619113658e-07,0.0056782253086566925,0.8214454650878906,4.0459017327521e-06,0.9966227412223816,15500.099693487764
27,bert.encoder.layer.1.attention.output.dense,dense,0.008125359192490578,0.012,2.2680536915231642e-07,0.003999125212430954,0.720361590385437,4.268220436642878e-06,0.99847412109375,19977.63199274161
27,bert.encoder.layer.2.attention.self.query,query,0.0038216663524508476,0.012,1.1929643051189487e-07,0.0021537919528782368,0.44135570526123047,1.0553590072959196e-06,0.99932861328125,18009.74821234415
27,bert.encoder.layer.2.attention.self.key,key,0.003725166665390134,0.012,1.1286785195352422e-07,0.0020540105178952217,0.43220430612564087,9.780417258298257e-07,0.9994845986366272,17772.94949107552
27,bert.encoder.layer.2.attention.self.value,value,0.01208504382520914,0.012,4.541991529549705e-07,0.006435904651880264,0.8203638195991516,5.644580141961342e-06,0.9936455488204956,16414.563843216707
27,bert.encoder.layer.2.attention.output.dense,dense,0.010613269172608852,0.012,2.908177521021571e-07,0.0052000549621880054,0.7870705127716064,6.013646725477884e-06,0.9943711757659912,19671.569050422233
27,bert.encoder.layer.3.attention.self.query,query,0.004251398146152496,0.012,1.2613249111836922e-07,0.002167141530662775,0.4749751091003418,1.2051103794874507e-06,0.9994438886642456,18731.91265936486
27,bert.encoder.layer.3.attention.self.key,key,0.004071274306625128,0.012,1.2363567236661765e-07,0.0021917037665843964,0.4630673825740814,1.1084205198130803e-06,0.99920654296875,18283.420737854718
27,bert.encoder.layer.3.attention.self.value,value,0.013784857466816902,0.012,4.697017175203655e-07,0.007957675494253635,0.847182035446167,7.568224646092858e-06,0.9837307333946228,17644.09256307647
27,bert.encoder.layer.3.attention.output.dense,dense,0.012460045516490936,0.012,4.2017794044113543e-07,0.0062684169970452785,0.7165246605873108,7.69962844060501e-06,0.9887831211090088,18532.17997836908
27,bert.encoder.layer.4.attention.self.query,query,0.005401971284300089,0.012,1.5253222329647542e-07,0.0026820464991033077,0.5646976232528687,1.3859720411346643e-06,0.9981892704963684,18793.99706571754
27,bert.encoder.layer.4.attention.self.key,key,0.005165555980056524,0.012,1.4868392383959872e-07,0.002690632129088044,0.6165674924850464,1.0973014923365554e-06,0.9978434443473816,19716.55754995521
27,bert.encoder.layer.4.attention.self.value,value,0.013043058104813099,0.012,5.54470886982017e-07,0.007967203855514526,0.8337446451187134,5.413560302258702e-06,0.9873521327972412,17910.23242270648
27,bert.encoder.layer.4.attention.output.dense,dense,0.009881699457764626,0.012,3.387455933534511e-07,0.005353815387934446,0.769580066204071,5.663525371346623e-06,0.9936997890472412,19250.619688994462
27,bert.encoder.layer.5.attention.self.query,query,0.00594629580155015,0.012,1.8401377133159258e-07,0.0032871351577341557,0.5933585166931152,2.085559799525072e-06,0.9974704384803772,18962.78604096886
27,bert.encoder.layer.5.attention.self.key,key,0.0055575924925506115,0.012,1.7312004274572246e-07,0.003076795721426606,0.5431259274482727,1.8756514919004985e-06,0.9975857138633728,18296.133985257242
27,bert.encoder.layer.5.attention.self.value,value,0.013841614127159119,0.012,4.528845352069766e-07,0.0076200636103749275,0.8313403129577637,5.787392638012534e-06,0.9871419072151184,14891.29247897255
27,bert.encoder.layer.5.attention.output.dense,dense,0.010740338824689388,0.012,3.430859578656964e-07,0.0050436584278941154,0.7084977626800537,5.42213638254907e-06,0.99456787109375,19070.187653319776
27,bert.encoder.layer.6.attention.self.query,query,0.004419218748807907,0.012,1.1172664926561993e-07,0.0020019724033772945,0.4847109615802765,9.901347084451118e-07,0.9992133378982544,18473.452427560616
27,bert.encoder.layer.6.attention.self.key,key,0.004144180566072464,0.012,1.0469435096638335e-07,0.0019283092115074396,0.5182451009750366,7.642228183613042e-07,0.9990980625152588,18310.514873832155
27,bert.encoder.layer.6.attention.self.value,value,0.01308195386081934,0.012,6.099692768657405e-07,0.0073079499416053295,0.8642333745956421,3.4562892778922105e-06,0.99530029296875,12492.514795799369
27,bert.encoder.layer.6.attention.output.dense,dense,0.008790925145149231,0.012,2.395132128185651e-07,0.0037327802274376154,0.6794461607933044,3.4820045584638137e-06,0.9981011152267456,19562.681151096847
27,bert.encoder.layer.7.attention.self.query,query,0.005112708080559969,0.012,1.484480662838905e-07,0.0026679912116378546,0.6222174763679504,1.4271691952671972e-06,0.9980061650276184,18147.698358645306
27,bert.encoder.layer.7.attention.self.key,key,0.004280146211385727,0.012,1.2686045636201015e-07,0.002357763471081853,0.5522745251655579,1.1485986988191144e-06,0.9988200068473816,17995.595366322235
27,bert.encoder.layer.7.attention.self.value,value,0.012322453781962395,0.012,4.823924655283918e-07,0.00755684357136488,0.868794322013855,5.721139586967183e-06,0.9877726435661316,15280.823410805886
27,bert.encoder.layer.7.attention.output.dense,dense,0.009070657193660736,0.012,2.9803175038978225e-07,0.004774838220328093,0.7697455883026123,4.796235316462116e-06,0.9949544072151184,18219.90631387714
27,bert.encoder.layer.8.attention.self.query,query,0.004074552096426487,0.012,1.3783696317659633e-07,0.0023511997424066067,0.5950280427932739,9.375237937092606e-07,0.9983791708946228,18884.059826787263
27,bert.encoder.layer.8.attention.self.key,key,0.00278640678152442,0.012,1.036012875488268e-07,0.0017805318348109722,0.5472065806388855,6.123771640886844e-07,0.9992472529411316,18665.007498134957
27,bert.encoder.layer.8.attention.self.value,value,0.013905695639550686,0.012,6.72263183787436e-07,0.007958824746310711,0.819862425327301,5.386162683862494e-06,0.9892103672027588,12505.707837621354
27,bert.encoder.layer.8.attention.output.dense,dense,0.012455166317522526,0.012,3.8354926346073626e-07,0.006533073727041483,0.8341807723045349,6.868845048302319e-06,0.9849175214767456,16388.6376157337
27,bert.encoder.layer.9.attention.self.query,query,0.005251032300293446,0.012,1.7003447538854743e-08,0.00021143502090126276,0.18554702401161194,1.604210986272392e-08,1.0,16164.347093005676
27,bert.encoder.layer.9.attention.self.key,key,0.003861227771267295,0.012,1.4289939009870523e-08,0.00015195882588159293,0.15190687775611877,7.495087217535001e-09,1.0,13900.934602394842
27,bert.encoder.layer.9.attention.self.value,value,0.013026189990341663,0.012,4.083807141341822e-07,0.006316493730992079,0.8503272533416748,3.5387092793826014e-06,0.9936862587928772,13965.397929641102
27,bert.encoder.layer.9.attention.output.dense,dense,0.009651384316384792,0.012,2.634693885283923e-07,0.0039928387850522995,0.7563967704772949,3.490272092676605e-06,0.9967380166053772,19449.825239319453
27,bert.encoder.layer.10.attention.self.query,query,0.0012487593339756131,0.012,1.6887554465938592e-08,0.00022756948601454496,0.1353803277015686,1.7669030683009623e-08,1.0,17944.53140761628
27,bert.encoder.layer.10.attention.self.key,key,0.00091053411597386,0.012,1.1119950293903003e-08,0.00014097170787863433,0.10597960650920868,7.1953172309235924e-09,1.0,16532.986330733922
27,bert.encoder.layer.10.attention.self.value,value,0.005026360973715782,0.012,1.431534286666647e-07,0.002571625867858529,0.8320935368537903,7.633025234099478e-07,0.9974433183670044,17909.77298192391
27,bert.encoder.layer.10.attention.output.dense,dense,0.003464160254225135,0.012,6.737439406379053e-08,0.001140243955887854,0.4336281418800354,5.143229486748169e-07,1.0,19131.245496519256
27,bert.encoder.layer.11.attention.self.query,query,0.0010080873034894466,0.012,2.4904711182216488e-08,0.0005053908680565655,0.32391926646232605,6.427683274523588e-08,1.0,17216.470420040416
27,bert.encoder.layer.11.attention.self.key,key,0.0008244668133556843,0.012,1.8638424137407128e-08,0.000429272506153211,0.3754563629627228,5.6830565142718115e-08,1.0,15665.423545596987
27,bert.encoder.layer.11.attention.self.value,value,0.007015083450824022,0.012,2.5385068624927953e-07,0.004520273767411709,0.9141644239425659,1.1917239817194059e-06,0.99761962890625,19285.925178508347
27,bert.encoder.layer.11.attention.output.dense,dense,0.0038869138807058334,0.012,1.0055361343574987e-07,0.0017607631161808968,0.5600247979164124,1.0352271146985004e-06,0.9999592900276184,19500.460381224086
28,bert.encoder.layer.0.attention.self.query,query,0.002893234835937619,0.011833333333333333,8.877456281197738e-08,0.0015209014527499676,0.3337506055831909,7.124490366550162e-07,0.9999050498008728,17531.181083873005
28,bert.encoder.layer.0.attention.self.key,key,0.002798020374029875,0.011833333333333333,8.18251351120125e-08,0.0014408977003768086,0.2966594696044922,5.830870577483438e-07,0.9998508095741272,17679.98732809701
28,bert.encoder.layer.0.attention.self.value,value,0.006739319767802954,0.011833333333333333,2.0701722291960323e-07,0.003752331482246518,0.6981566548347473,3.3953219826798886e-06,0.9981282353401184,19668.833981489755
28,bert.encoder.layer.0.attention.output.dense,dense,0.0075272563844919205,0.011833333333333333,2.25276664878038e-07,0.003991329111158848,0.7271338701248169,4.208967766317073e-06,0.998291015625,19866.37583748491
28,bert.encoder.layer.1.attention.self.query,query,0.005837161093950272,0.011833333333333333,1.5271771758307295e-07,0.0026807738468050957,0.5573838949203491,1.431623900316481e-06,0.9981825351715088,18519.761200323424
28,bert.encoder.layer.1.attention.self.key,key,0.0046360609121620655,0.011833333333333333,1.3598842940609757e-07,0.0024287616834044456,0.5255690217018127,1.0653615163391805e-06,0.99853515625,18331.829028940127
28,bert.encoder.layer.1.attention.self.value,value,0.009432921186089516,0.011833333333333333,3.6974128647671023e-07,0.005648795980960131,0.8301567435264587,4.0698942029848695e-06,0.9964328408241272,15621.864521545933
28,bert.encoder.layer.1.attention.output.dense,dense,0.007926777936518192,0.011833333333333333,2.209261111829619e-07,0.003957417327910662,0.7196835875511169,4.150092081545154e-06,0.9983656406402588,19989.809820369104
28,bert.encoder.layer.2.attention.self.query,query,0.0039015128277242184,0.011833333333333333,1.2484004230373102e-07,0.0022366687189787626,0.48933544754981995,1.1177918395333108e-06,0.9992404580116272,17974.366971339572
28,bert.encoder.layer.2.attention.self.key,key,0.00355194928124547,0.011833333333333333,1.0962052954255341e-07,0.0019920675549656153,0.42854201793670654,9.501920885668369e-07,0.9994370937347412,17792.327257429126
28,bert.encoder.layer.2.attention.self.value,value,0.011801124550402164,0.011833333333333333,3.8300481719488744e-07,0.006414701230823994,0.8517221212387085,5.872937435924541e-06,0.9912109375,16419.391661538055
28,bert.encoder.layer.2.attention.output.dense,dense,0.009671270847320557,0.011833333333333333,2.6823300913747516e-07,0.004794921260327101,0.7771778702735901,5.344440523913363e-06,0.995849609375,19705.139896966306
28,bert.encoder.layer.3.attention.self.query,query,0.004410756751894951,0.011833333333333333,1.1668915078644204e-07,0.002035789657384157,0.453667014837265,1.1218174904570333e-06,0.9996134638786316,18677.552739391624
28,bert.encoder.layer.3.attention.self.key,key,0.004243473056703806,0.011833333333333333,1.1426364210365136e-07,0.001925697666592896,0.4465136229991913,9.698056828710833e-07,0.9997422695159912,18295.3656441099
28,bert.encoder.layer.3.attention.self.value,value,0.012948991730809212,0.011833333333333333,4.3035643670918944e-07,0.0076644946821033955,0.8481508493423462,7.106497378117638e-06,0.9844292402267456,17733.383804481917
28,bert.encoder.layer.3.attention.output.dense,dense,0.010836617089807987,0.011833333333333333,3.273012794124952e-07,0.005555662792176008,0.7704338431358337,6.5805716076283716e-06,0.9931572675704956,18696.962851717883
28,bert.encoder.layer.4.attention.self.query,query,0.005423601251095533,0.011833333333333333,1.6841266869960236e-07,0.0031242091208696365,0.6072912216186523,1.7164693417726085e-06,0.9973958134651184,18702.24808634004
28,bert.encoder.layer.4.attention.self.key,key,0.005000665318220854,0.011833333333333333,1.5433100486461626e-07,0.0028552082367241383,0.6142045855522156,1.356536017738108e-06,0.99761962890625,19764.927454174012
28,bert.encoder.layer.4.attention.self.value,value,0.012437445111572742,0.011833333333333333,4.765429650888109e-07,0.007481150329113007,0.8468931317329407,4.965289917890914e-06,0.9895969033241272,17746.351481929894
28,bert.encoder.layer.4.attention.output.dense,dense,0.00910607073456049,0.011833333333333333,2.7242680289418786e-07,0.004745793528854847,0.7492477297782898,4.942123268847354e-06,0.9958970546722412,19314.249181388263
28,bert.encoder.layer.5.attention.self.query,query,0.0053869993425905704,0.011833333333333333,1.5520127760737523e-07,0.002849194221198559,0.528304398059845,1.7232300706382375e-06,0.9982571005821228,19067.325173489382
28,bert.encoder.layer.5.attention.self.key,key,0.005077917128801346,0.011833333333333333,1.4983618257247144e-07,0.002797258784994483,0.5305861830711365,1.615593987480679e-06,0.9979451298713684,18448.5078293802
28,bert.encoder.layer.5.attention.self.value,value,0.01216301042586565,0.011833333333333333,3.5404906384428614e-07,0.006426773499697447,0.8091055750846863,4.8700885599828325e-06,0.9907972812652588,14953.767758962222
28,bert.encoder.layer.5.attention.output.dense,dense,0.009807984344661236,0.011833333333333333,2.5549172733008163e-07,0.004548455122858286,0.7441914081573486,4.661185812437907e-06,0.9965006709098816,19056.06095663872
28,bert.encoder.layer.6.attention.self.query,query,0.00440886989235878,0.011833333333333333,1.1646642406049068e-07,0.0020087016746401787,0.47392401099205017,9.249167760572163e-07,0.9992201328277588,18708.937183709782
28,bert.encoder.layer.6.attention.self.key,key,0.003861480625346303,0.011833333333333333,1.0422093765782847e-07,0.0017957030795514584,0.47549664974212646,6.865309387649177e-07,0.9991658329963684,18426.8998254134
28,bert.encoder.layer.6.attention.self.value,value,0.011288902722299099,0.011833333333333333,4.240043267600413e-07,0.006377344951033592,0.8599451184272766,3.1691570256953128e-06,0.9956732988357544,12517.25365466762
28,bert.encoder.layer.6.attention.output.dense,dense,0.007751299999654293,0.011833333333333333,1.8436908533203678e-07,0.0034345814492553473,0.6862538456916809,3.1857891826803098e-06,0.99847412109375,19490.743157075794
28,bert.encoder.layer.7.attention.self.query,query,0.004160420503467321,0.011833333333333333,1.0517947401922356e-07,0.001900430186651647,0.47974732518196106,9.891077752399724e-07,0.9997761845588684,18293.304130627548
28,bert.encoder.layer.7.attention.self.key,key,0.0038426797837018967,0.011833333333333333,1.013905261970649e-07,0.0018257878255099058,0.44948574900627136,8.625942768958339e-07,0.9994778037071228,18204.50035010237
28,bert.encoder.layer.7.attention.self.value,value,0.009463503956794739,0.011833333333333333,3.301833828572853e-07,0.005788074806332588,0.8356378674507141,4.554840870696353e-06,0.9930555820465088,15306.713987805795
28,bert.encoder.layer.7.attention.output.dense,dense,0.007210248149931431,0.011833333333333333,2.227162525514359e-07,0.003935486543923616,0.7498530149459839,3.530886488078977e-06,0.9972873330116272,18270.107778734087
28,bert.encoder.layer.8.attention.self.query,query,0.0029235996771603823,0.011833333333333333,9.309706427984565e-08,0.001615194953046739,0.4610994756221771,5.723529739043443e-07,0.9994981288909912,18992.185214607074
28,bert.encoder.layer.8.attention.self.key,key,0.002131902612745762,0.011833333333333333,7.307743743467654e-08,0.0012984552886337042,0.43467020988464355,4.216293802983273e-07,0.9998847246170044,18718.99685667798
28,bert.encoder.layer.8.attention.self.value,value,0.00828583724796772,0.011833333333333333,2.861911525542382e-07,0.005216123536229134,0.8255939483642578,3.187286665706779e-06,0.9940727949142456,12624.527696069237
28,bert.encoder.layer.8.attention.output.dense,dense,0.006432353984564543,0.011833333333333333,1.8670004919840721e-07,0.003321558702737093,0.7028025388717651,2.6699199224822223e-06,0.9977688193321228,16504.884485112583
28,bert.encoder.layer.9.attention.self.query,query,0.001963128335773945,0.011833333333333333,1.623240741821519e-08,0.00021815217041876167,0.2418687641620636,1.602398214117784e-08,1.0,16349.922276448773
28,bert.encoder.layer.9.attention.self.key,key,0.001634738757275045,0.011833333333333333,1.4988151164629926e-08,0.00018719689978752285,0.22251783311367035,8.047170929614822e-09,0.9999932050704956,14084.641065934198
28,bert.encoder.layer.9.attention.self.value,value,0.007265271153301001,0.011833333333333333,2.0345621010164905e-07,0.003943433985114098,0.7999120950698853,2.07711764232954e-06,0.9966498613357544,14054.131776194792
28,bert.encoder.layer.9.attention.output.dense,dense,0.005102748051285744,0.011833333333333333,1.0415303108857188e-07,0.0020401403307914734,0.5901619791984558,1.4959977079342934e-06,1.0,19401.361584787614
28,bert.encoder.layer.10.attention.self.query,query,0.001601152354851365,0.011833333333333333,1.603991250931358e-08,0.0002842194226104766,0.18747784197330475,2.4674413623415603e-08,1.0,18087.47814232096
28,bert.encoder.layer.10.attention.self.key,key,0.001137054874561727,0.011833333333333333,1.1082951445473554e-08,0.00015281845116987824,0.1208212822675705,8.60509530298259e-09,1.0,16594.212714177916
28,bert.encoder.layer.10.attention.self.value,value,0.004369684960693121,0.011833333333333333,1.3440305224321492e-07,0.0024001379497349262,0.8319942355155945,6.962608267713222e-07,0.9976942539215088,17985.04539938638
28,bert.encoder.layer.10.attention.output.dense,dense,0.0029532795306295156,0.011833333333333333,5.864540497668713e-08,0.0010265185264870524,0.43775370717048645,4.3335435861990845e-07,1.0,19127.51760812759
28,bert.encoder.layer.11.attention.self.query,query,0.0008465335122309625,0.011833333333333333,1.3470256909897671e-08,0.00025075257872231305,0.0916651263833046,1.7678537744814093e-08,1.0,17238.15305774493
28,bert.encoder.layer.11.attention.self.key,key,0.0007098742644302547,0.011833333333333333,9.837404668644467e-09,0.0001802676124498248,0.08369360864162445,1.1178951986323682e-08,1.0,15668.317105630316
28,bert.encoder.layer.11.attention.self.value,value,0.0038145186845213175,0.011833333333333333,1.2614907518582186e-07,0.002401334699243307,0.8299639821052551,6.236184617591789e-07,0.9984605312347412,19285.1516408664
28,bert.encoder.layer.11.attention.output.dense,dense,0.002480987226590514,0.011833333333333333,5.7531305941438404e-08,0.0010601397370919585,0.38673853874206543,4.7180816409309045e-07,1.0,19446.833281572654
29,bert.encoder.layer.0.attention.self.query,query,0.002612970769405365,0.011666666666666669,8.334969692214145e-08,0.0014491466572508216,0.31816327571868896,6.520216402350343e-07,0.9999457597732544,17576.858591583285
29,bert.encoder.layer.0.attention.self.key,key,0.0025784075260162354,0.011666666666666669,7.75704265265631e-08,0.0014293889980763197,0.308665007352829,5.536548428608512e-07,0.99981689453125,17687.172112320426
29,bert.encoder.layer.0.attention.self.value,value,0.005853113252669573,0.011666666666666669,1.8924369271644537e-07,0.003422817215323448,0.6915920376777649,2.835430450431886e-06,0.9985487461090088,19715.634603870723
29,bert.encoder.layer.0.attention.output.dense,dense,0.006521351169794798,0.011666666666666669,1.9844802068291756e-07,0.00344893429428339,0.6934888958930969,3.4230931760248495e-06,0.9991794228553772,19889.7056563497
29,bert.encoder.layer.1.attention.self.query,query,0.004666190594434738,0.011666666666666669,1.0060566779657165e-07,0.0017654347466304898,0.3911879062652588,7.805630275470321e-07,0.9995998740196228,18561.39457149506
29,bert.encoder.layer.1.attention.self.key,key,0.0039011691696941853,0.011666666666666669,9.276257628698659e-08,0.001688492950052023,0.40494778752326965,6.752256354047859e-07,0.9995591640472412,18351.464716590675
29,bert.encoder.layer.1.attention.self.value,value,0.007998557761311531,0.011666666666666669,3.0356670777109684e-07,0.004940003156661987,0.8312289714813232,3.2423210996057605e-06,0.9972737431526184,15659.950540927612
29,bert.encoder.layer.1.attention.output.dense,dense,0.0067275348119437695,0.011666666666666669,1.9926022787331021e-07,0.0034677013754844666,0.6913033127784729,3.439928832449368e-06,0.9990302324295044,19993.458404229186
29,bert.encoder.layer.2.attention.self.query,query,0.0034302459098398685,0.011666666666666669,9.866509032008253e-08,0.0017910420428961515,0.40132224559783936,7.949067253321118e-07,0.9997084140777588,18074.883410241044
29,bert.encoder.layer.2.attention.self.key,key,0.0031594522297382355,0.011666666666666669,9.146953772187771e-08,0.001700124004855752,0.40030601620674133,7.338710474869004e-07,0.9996677041053772,17858.624632996558
29,bert.encoder.layer.2.attention.self.value,value,0.010339582338929176,0.011666666666666669,3.586151535728277e-07,0.005847228690981865,0.8456661105155945,4.746359991258942e-06,0.9943711757659912,16521.615235579175
29,bert.encoder.layer.2.attention.output.dense,dense,0.008641093969345093,0.011666666666666669,2.461879091697483e-07,0.004320696461945772,0.7494806051254272,4.518120022112271e-06,0.9969753623008728,19753.873734817444
29,bert.encoder.layer.3.attention.self.query,query,0.0036249542608857155,0.011666666666666669,1.0596887989322568e-07,0.0017942104022949934,0.41935625672340393,9.416210104973288e-07,0.9998508095741272,18650.681304327005
29,bert.encoder.layer.3.attention.self.key,key,0.0036019005347043276,0.011666666666666669,1.0770879299570879e-07,0.0018597465241327882,0.42361366748809814,8.943782745518547e-07,0.9995998740196228,18357.349196575837
29,bert.encoder.layer.3.attention.self.value,value,0.011354322545230389,0.011666666666666669,3.7262702790030744e-07,0.006575323641300201,0.8278282880783081,5.9340695770515595e-06,0.9891154170036316,17757.66066538932
29,bert.encoder.layer.3.attention.output.dense,dense,0.0100537845864892,0.011666666666666669,2.981138891300361e-07,0.005081512033939362,0.7573743462562561,5.798648999189027e-06,0.9950358271598816,18659.105391160134
29,bert.encoder.layer.4.attention.self.query,query,0.00487581267952919,0.011666666666666669,1.4341416942897922e-07,0.0026030621957033873,0.5716001391410828,1.3246542494016467e-06,0.9984537959098816,18770.404963865923
29,bert.encoder.layer.4.attention.self.key,key,0.0047584837302565575,0.011666666666666669,1.4712338725075824e-07,0.002814035164192319,0.6012893915176392,1.2592113307619002e-06,0.9974501132965088,19846.43757057113
29,bert.encoder.layer.4.attention.self.value,value,0.011381646618247032,0.011666666666666669,4.1805353134805046e-07,0.007085185963660479,0.852469265460968,4.569220436678734e-06,0.99029541015625,17736.03849026989
29,bert.encoder.layer.4.attention.output.dense,dense,0.008044155314564705,0.011666666666666669,2.6319946755393175e-07,0.004381347913295031,0.7342105507850647,4.231310867908178e-06,0.9966498613357544,19300.429145812428
29,bert.encoder.layer.5.attention.self.query,query,0.004750791937112808,0.011666666666666669,1.4285132010627422e-07,0.002447652630507946,0.4859082102775574,1.4012142628416768e-06,0.9989013671875,19284.819396479685
29,bert.encoder.layer.5.attention.self.key,key,0.004539308603852987,0.011666666666666669,1.3815575528042245e-07,0.002485522534698248,0.5118198990821838,1.3203713251641602e-06,0.9985012412071228,18657.509496957162
29,bert.encoder.layer.5.attention.self.value,value,0.011406566947698593,0.011666666666666669,3.5972564660369244e-07,0.006236453540623188,0.8089683055877686,4.494133918342413e-06,0.9922078251838684,15039.237375171977
29,bert.encoder.layer.5.attention.output.dense,dense,0.008821605704724789,0.011666666666666669,2.3218238709432626e-07,0.004007417242974043,0.721954345703125,3.847127118206117e-06,0.9974094033241272,19139.59723442023
29,bert.encoder.layer.6.attention.self.query,query,0.004219357389956713,0.011666666666666669,1.2567952012432215e-07,0.0022656286600977182,0.5501876473426819,1.1036073601644603e-06,0.9985690712928772,18727.17501013125
29,bert.encoder.layer.6.attention.self.key,key,0.00404724944382906,0.011666666666666669,1.2587894104854058e-07,0.002300634980201721,0.6175607442855835,8.426920885540312e-07,0.9985215663909912,18546.27869576495
29,bert.encoder.layer.6.attention.self.value,value,0.011034456081688404,0.011666666666666669,4.3603657218227454e-07,0.00630388967692852,0.8758288621902466,2.708991132749361e-06,0.996337890625,12626.091007657846
29,bert.encoder.layer.6.attention.output.dense,dense,0.007060739677399397,0.011666666666666669,1.7611216662771767e-07,0.003103750990703702,0.6590116024017334,2.6043896923511056e-06,0.99859619140625,19624.89637627277
29,bert.encoder.layer.7.attention.self.query,query,0.004109241534024477,0.011666666666666669,1.1358619644852297e-07,0.0021061927545815706,0.5119438171386719,1.1037764124921523e-06,0.9991929531097412,18272.55666832105
29,bert.encoder.layer.7.attention.self.key,key,0.003654445754364133,0.011666666666666669,1.0524581028903413e-07,0.0018757091602310538,0.459981232881546,8.701679234945914e-07,0.9993557333946228,18271.38177858753
29,bert.encoder.layer.7.attention.self.value,value,0.009537024423480034,0.011666666666666669,3.259358152263303e-07,0.005639343522489071,0.8364977836608887,4.186592377664056e-06,0.9929402470588684,15333.21553835228
29,bert.encoder.layer.7.attention.output.dense,dense,0.006815147120505571,0.011666666666666669,2.194244359543518e-07,0.0037907008081674576,0.7379704117774963,3.3212220387213165e-06,0.99737548828125,18318.393255954117
29,bert.encoder.layer.8.attention.self.query,query,0.0035845169331878424,0.011666666666666669,1.102152396015299e-07,0.0019563359674066305,0.5888621807098389,7.151681984396419e-07,0.9991183876991272,18829.74377207977
29,bert.encoder.layer.8.attention.self.key,key,0.002564292401075363,0.011666666666666669,8.532347806067264e-08,0.0016247754683718085,0.5227398872375488,4.98076246913115e-07,0.9992879033088684,18628.69231070969
29,bert.encoder.layer.8.attention.self.value,value,0.007840493693947792,0.011666666666666669,2.621787302814482e-07,0.004623939283192158,0.8231952786445618,2.390782356087584e-06,0.9955851435661316,12847.830856876904
29,bert.encoder.layer.8.attention.output.dense,dense,0.006412758491933346,0.011666666666666669,1.8667967083274561e-07,0.00325364014133811,0.7080556154251099,2.485688128217589e-06,0.9979790449142456,16575.974928196432
29,bert.encoder.layer.9.attention.self.query,query,0.0017027781577780843,0.011666666666666669,8.191168632265544e-09,0.0001329931546933949,0.06079142540693283,6.525345597196974e-09,1.0,16330.456719588861
29,bert.encoder.layer.9.attention.self.key,key,0.0012299229856580496,0.011666666666666669,6.902656224383463e-09,6.787874008296058e-05,0.09056578576564789,1.6771607436183444e-09,1.0,14039.198063058313
29,bert.encoder.layer.9.attention.self.value,value,0.006039268337190151,0.011666666666666669,2.1493751489742863e-07,0.003691073739901185,0.8058583736419678,1.4919792192813475e-06,0.9970771074295044,14277.240936417114
29,bert.encoder.layer.9.attention.output.dense,dense,0.004311587195843458,0.011666666666666669,1.055673095606835e-07,0.0017408104613423347,0.5534675121307373,1.0714251175159006e-06,0.9999457597732544,19458.417791656182
29,bert.encoder.layer.10.attention.self.query,query,0.0012338986853137612,0.011666666666666669,1.970740548529193e-08,0.0003370117919985205,0.19645752012729645,3.521572367048975e-08,1.0,18229.002225015392
29,bert.encoder.layer.10.attention.self.key,key,0.0008758630137890577,0.011666666666666669,1.4667646652810618e-08,0.00022739307314623147,0.2222580760717392,1.8622644759602736e-08,1.0,16797.342568807224
29,bert.encoder.layer.10.attention.self.value,value,0.004480681382119656,0.011666666666666669,1.1935209442981431e-07,0.00214002700522542,0.8115789890289307,6.089213684390415e-07,0.9981282353401184,18033.572953473875
29,bert.encoder.layer.10.attention.output.dense,dense,0.0030735915061086416,0.011666666666666669,5.619484255703355e-08,0.0009474923135712743,0.4031001627445221,4.046171113714081e-07,1.0,19173.956454568583
29,bert.encoder.layer.11.attention.self.query,query,0.0008062088745646179,0.011666666666666669,1.758548329178211e-08,0.0003215199976693839,0.14156906306743622,2.5723645435959952e-08,0.9999932050704956,17172.428925522858
29,bert.encoder.layer.11.attention.self.key,key,0.0006378146354109049,0.011666666666666669,1.477692990192736e-08,0.0002726810344029218,0.2264447957277298,2.583545644085916e-08,1.0,15598.282541838662
29,bert.encoder.layer.11.attention.self.value,value,0.0034557527396827936,0.011666666666666669,1.3172871149436105e-07,0.0023062746040523052,0.8895304799079895,4.1686232066240336e-07,0.9985893964767456,19276.65215200623
29,bert.encoder.layer.11.attention.output.dense,dense,0.0019952640868723392,0.011666666666666669,5.4929479631482536e-08,0.0009306982392445207,0.37092381715774536,3.611906151945732e-07,1.0,19458.897491352553
30,bert.encoder.layer.0.attention.self.query,query,0.0024524906184524298,0.0115,7.459372142193388e-08,0.0012980115134269,0.29749080538749695,5.462115950649604e-07,0.9999932050704956,17597.688552279295
30,bert.encoder.layer.0.attention.self.key,key,0.0026335574220865965,0.0115,7.306940830176245e-08,0.0014310008846223354,0.30340778827667236,5.358477892514202e-07,0.9997694492340088,17645.375456555965
30,bert.encoder.layer.0.attention.self.value,value,0.00600297749042511,0.0115,1.8576889715404832e-07,0.0033989278599619865,0.6883363127708435,2.883125716834911e-06,0.9984877109527588,19759.467511885894
30,bert.encoder.layer.0.attention.output.dense,dense,0.006635730154812336,0.0115,2.0256844379673566e-07,0.003574254224076867,0.7050855159759521,3.5115419905196177e-06,0.9986775517463684,19923.05278301288
30,bert.encoder.layer.1.attention.self.query,query,0.004891584627330303,0.0115,9.552417168379179e-08,0.0016592388274148107,0.39103272557258606,7.489105087188364e-07,0.9999253749847412,18544.088459091734
30,bert.encoder.layer.1.attention.self.key,key,0.004475421272218227,0.0115,8.596584422093656e-08,0.0015492407837882638,0.38814666867256165,6.087531119192136e-07,0.9997151494026184,18349.50155004086
30,bert.encoder.layer.1.attention.self.value,value,0.008363516069948673,0.0115,2.8234177307240316e-07,0.004812444094568491,0.8348841667175293,3.1466070140595548e-06,0.9974568486213684,15720.881284048708
30,bert.encoder.layer.1.attention.output.dense,dense,0.0066496143117547035,0.0115,1.8681255653518747e-07,0.0033288400154560804,0.6885179877281189,3.263649887230713e-06,0.9992743730545044,19959.11842665006
30,bert.encoder.layer.2.attention.self.query,query,0.0032295857090502977,0.0115,8.62301519077846e-08,0.0015820456901565194,0.3776688277721405,7.024076467132545e-07,0.9998779296875,18111.684641310843
30,bert.encoder.layer.2.attention.self.key,key,0.0031780069693922997,0.0115,8.130247408644209e-08,0.0015315322671085596,0.38679835200309753,6.184469611980603e-07,0.9997219443321228,17876.961067870896
30,bert.encoder.layer.2.attention.self.value,value,0.009635345079004765,0.0115,3.1431684988092456e-07,0.005328959319740534,0.83412766456604,4.340604846220231e-06,0.9952256679534912,16472.82548220943
30,bert.encoder.layer.2.attention.output.dense,dense,0.007885702885687351,0.0115,2.1570545527538343e-07,0.003825904568657279,0.7298876047134399,3.833526989183156e-06,0.9983181357383728,19772.862391767834
30,bert.encoder.layer.3.attention.self.query,query,0.0035228936467319727,0.0115,1.0526002114374933e-07,0.0018279417417943478,0.44622504711151123,9.057609986484749e-07,0.9996609091758728,18773.757101220308
30,bert.encoder.layer.3.attention.self.key,key,0.0035154493525624275,0.0115,1.0338167300005807e-07,0.0018257241463288665,0.4394901692867279,8.098763260022679e-07,0.9994845986366272,18550.311705423177
30,bert.encoder.layer.3.attention.self.value,value,0.010429385118186474,0.0115,3.7285147413967934e-07,0.005832961294800043,0.7827140688896179,5.060984676674707e-06,0.9917534589767456,17640.625156095506
30,bert.encoder.layer.3.attention.output.dense,dense,0.009230815805494785,0.0115,2.718042821925337e-07,0.004636941011995077,0.749163031578064,5.1473889470798895e-06,0.9965074062347412,18649.60013166677
30,bert.encoder.layer.4.attention.self.query,query,0.004643721040338278,0.0115,1.3371388263294648e-07,0.0024609132669866085,0.5629745125770569,1.1594959232752444e-06,0.9984062910079956,18780.33931547959
30,bert.encoder.layer.4.attention.self.key,key,0.004300264175981283,0.0115,1.2684364492088207e-07,0.0024996844585984945,0.5786798000335693,1.0110039738719934e-06,0.9982028603553772,19892.21113109587
30,bert.encoder.layer.4.attention.self.value,value,0.010535385459661484,0.0115,3.810229998180148e-07,0.006469477899372578,0.8355936408042908,4.016566435893765e-06,0.9915229082107544,17531.29525929637
30,bert.encoder.layer.4.attention.output.dense,dense,0.007291537709534168,0.0115,2.1844677178251004e-07,0.0038591627962887287,0.7025132775306702,3.616759613578324e-06,0.9978366494178772,19299.54187642277
30,bert.encoder.layer.5.attention.self.query,query,0.004372016526758671,0.0115,1.3925985342666536e-07,0.002415002789348364,0.5064437985420227,1.3445801414491143e-06,0.9991455078125,19279.465374173564
30,bert.encoder.layer.5.attention.self.key,key,0.00422198511660099,0.0115,1.3268078191686072e-07,0.0025104049127548933,0.5302651524543762,1.272490749215649e-06,0.9982367753982544,18827.43165637606
30,bert.encoder.layer.5.attention.self.value,value,0.010200373828411102,0.0115,3.0869850320414116e-07,0.0055692740716040134,0.7901526093482971,3.7463646549440455e-06,0.9940049648284912,15116.144551157435
30,bert.encoder.layer.5.attention.output.dense,dense,0.00812418945133686,0.0115,2.1581932685421634e-07,0.003742724657058716,0.7032272219657898,3.44242812388984e-06,0.9977688193321228,19157.16720642824
30,bert.encoder.layer.6.attention.self.query,query,0.00419463450089097,0.0115,1.1424224055645027e-07,0.002033078111708164,0.49811896681785583,9.490920547250425e-07,0.9990098476409912,18796.040934326415
30,bert.encoder.layer.6.attention.self.key,key,0.0038317737635225058,0.0115,1.02685973502048e-07,0.0018896555993705988,0.5223479866981506,7.060466487018857e-07,0.9989149570465088,18657.550051078295
30,bert.encoder.layer.6.attention.self.value,value,0.010207089595496655,0.0115,3.7694002230637125e-07,0.005944151431322098,0.8811939358711243,2.3925338155095233e-06,0.9964938759803772,12786.50823022467
30,bert.encoder.layer.6.attention.output.dense,dense,0.006656775251030922,0.0115,1.4735186937286926e-07,0.002638914156705141,0.605989396572113,2.174151177314343e-06,0.99957275390625,19681.098746979962
30,bert.encoder.layer.7.attention.self.query,query,0.004008605144917965,0.0115,1.0949018047767822e-07,0.001975927036255598,0.48439332842826843,1.0060816748591606e-06,0.9996201992034912,18421.9387338448
30,bert.encoder.layer.7.attention.self.key,key,0.003724685637280345,0.0115,1.028142264658527e-07,0.0018173274584114552,0.4649505317211151,8.369345323444577e-07,0.9995591640472412,18331.55470289121
30,bert.encoder.layer.7.attention.self.value,value,0.009235640987753868,0.0115,3.120711085102812e-07,0.005533243529498577,0.836432933807373,4.177999016974354e-06,0.9932386875152588,15396.916290437563
30,bert.encoder.layer.7.attention.output.dense,dense,0.006835233420133591,0.0115,2.1394730254087335e-07,0.003832142800092697,0.7487874627113342,3.3639894354564603e-06,0.99688720703125,18370.335997036287
30,bert.encoder.layer.8.attention.self.query,query,0.0035388574469834566,0.0115,1.0266959549198873e-07,0.001813974929973483,0.5474623441696167,6.510096000056365e-07,0.9991590976715088,18855.603780826605
30,bert.encoder.layer.8.attention.self.key,key,0.0023914857301861048,0.0115,7.313729355473697e-08,0.0013214199570938945,0.5019819140434265,3.9891943970360444e-07,0.9997084140777588,18613.940428669655
30,bert.encoder.layer.8.attention.self.value,value,0.008022136986255646,0.0115,2.779452472623234e-07,0.005019478965550661,0.8378611207008362,2.8807342005165992e-06,0.9946696162223816,13001.620208184597
30,bert.encoder.layer.8.attention.output.dense,dense,0.006322536617517471,0.0115,1.7621265158140886e-07,0.0032490731682628393,0.7003698945045471,2.696388492040569e-06,0.9984877109527588,16655.0707651206
30,bert.encoder.layer.9.attention.self.query,query,0.0011419235961511731,0.0115,8.02546651357261e-09,0.00011149814235977829,0.06068161502480507,4.452723967318661e-09,1.0,16344.57782229974
30,bert.encoder.layer.9.attention.self.key,key,0.0010196904186159372,0.0115,6.656629913948109e-09,9.64288628892973e-05,0.13543322682380676,2.9831097592136757e-09,1.0,14032.813310291564
30,bert.encoder.layer.9.attention.self.value,value,0.0070181675255298615,0.0115,2.285847386929163e-07,0.004199065733700991,0.8146790266036987,2.055810455203755e-06,0.99603271484375,14450.163406739579
30,bert.encoder.layer.9.attention.output.dense,dense,0.00496130995452404,0.0115,1.125465800555503e-07,0.0019033299759030342,0.5853150486946106,1.2712458783425973e-06,0.9999728798866272,19539.73356806464
30,bert.encoder.layer.10.attention.self.query,query,0.002014794619753957,0.0115,2.178942359876146e-08,0.0002966208558063954,0.11673173308372498,2.7047512674016616e-08,1.0,18055.681144731643
30,bert.encoder.layer.10.attention.self.key,key,0.0014111980563029647,0.0115,1.6005159864107554e-08,0.0002134412934537977,0.11428231000900269,1.683620354242521e-08,1.0,16647.466502830364
30,bert.encoder.layer.10.attention.self.value,value,0.004887078423053026,0.0115,1.2669025295508618e-07,0.0021735834889113903,0.8302585482597351,5.693772777703998e-07,0.9979994297027588,18119.37162969464
30,bert.encoder.layer.10.attention.output.dense,dense,0.003761105937883258,0.0115,6.119861239994862e-08,0.0009326504077762365,0.3907577097415924,3.6125487667959533e-07,1.0,19317.111476601898
30,bert.encoder.layer.11.attention.self.query,query,0.000875026045832783,0.0115,1.970865071143635e-08,0.00027443570434115827,0.09634662419557571,1.752674982924418e-08,0.9999864101409912,17230.259960184925
30,bert.encoder.layer.11.attention.self.key,key,0.0006240506190806627,0.0115,1.4184466934352713e-08,0.0001821341284085065,0.15887004137039185,1.1453742843059445e-08,1.0,15649.336165119552
30,bert.encoder.layer.11.attention.self.value,value,0.003872373839840293,0.0115,1.4122272773420264e-07,0.002495214343070984,0.9018644094467163,4.243180740104435e-07,0.9985215663909912,19378.53223746996
30,bert.encoder.layer.11.attention.output.dense,dense,0.0019232655176892877,0.0115,5.037632888615917e-08,0.000789606710895896,0.32328319549560547,2.867145383333991e-07,1.0,19517.63465200966
31,bert.encoder.layer.0.attention.self.query,query,0.002414874266833067,0.011333333333333332,7.286260483851947e-08,0.0012994151329621673,0.28933092951774597,5.381536993809277e-07,0.9999932050704956,17564.160851568777
31,bert.encoder.layer.0.attention.self.key,key,0.0023694599512964487,0.011333333333333332,6.700789612068547e-08,0.0012835602974519134,0.29029929637908936,4.864726861342206e-07,0.99993896484375,17603.550774695403
31,bert.encoder.layer.0.attention.self.value,value,0.005608593113720417,0.011333333333333332,1.628761623351238e-07,0.0030069302301853895,0.6599443554878235,2.453122533552232e-06,0.99896240234375,19755.27551800677
31,bert.encoder.layer.0.attention.output.dense,dense,0.00606937799602747,0.011333333333333332,1.7903097671023716e-07,0.003164638066664338,0.6745654940605164,2.998852096425253e-06,0.9992879033088684,19904.17063425962
31,bert.encoder.layer.1.attention.self.query,query,0.0045824795961380005,0.011333333333333332,8.655919714328775e-08,0.0015091818058863282,0.3682764768600464,6.305054398580978e-07,0.9999457597732544,18613.503416743333
31,bert.encoder.layer.1.attention.self.key,key,0.0037155551835894585,0.011333333333333332,7.574805493959502e-08,0.0013702259166166186,0.371033251285553,4.837631308873824e-07,0.9997965693473816,18364.000606787507
31,bert.encoder.layer.1.attention.self.value,value,0.00766232842579484,0.011333333333333332,2.61284270663964e-07,0.004443953279405832,0.81568843126297,2.836526164173847e-06,0.99761962890625,15720.206790276114
31,bert.encoder.layer.1.attention.output.dense,dense,0.006041212007403374,0.011333333333333332,1.6901859112294915e-07,0.003067820565775037,0.6595708131790161,2.8952013053640258e-06,0.9994303584098816,19960.395497349342
31,bert.encoder.layer.2.attention.self.query,query,0.0035068911965936422,0.011333333333333332,1.0155751795082324e-07,0.0018961630994454026,0.4694101810455322,8.08785500794329e-07,0.9994845986366272,18187.186496482707
31,bert.encoder.layer.2.attention.self.key,key,0.003110922407358885,0.011333333333333332,8.684756380716863e-08,0.0015688748098909855,0.39072683453559875,6.453366836467467e-07,0.9998508095741272,17939.110872356847
31,bert.encoder.layer.2.attention.self.value,value,0.009420427493751049,0.011333333333333332,3.165268651628139e-07,0.0053225187584757805,0.8374346494674683,4.1638468246674165e-06,0.9955037236213684,16479.048359645836
31,bert.encoder.layer.2.attention.output.dense,dense,0.007477428298443556,0.011333333333333332,2.0717290283300827e-07,0.0036807400174438953,0.7193546295166016,3.6519243167276727e-06,0.9984537959098816,19794.354802824095
31,bert.encoder.layer.3.attention.self.query,query,0.003382320050150156,0.011333333333333332,1.0589133836447218e-07,0.001863901736214757,0.44015979766845703,9.189113256979908e-07,0.9996201992034912,18918.742689645413
31,bert.encoder.layer.3.attention.self.key,key,0.003252899507060647,0.011333333333333332,1.0141050665879447e-07,0.0017443603137508035,0.41723698377609253,8.118278742585971e-07,0.9997897744178772,18706.10693834878
31,bert.encoder.layer.3.attention.self.value,value,0.010153760202229023,0.011333333333333332,3.470283047590783e-07,0.006164648570120335,0.8210304975509644,5.253000381344464e-06,0.9902886152267456,17680.966126656847
31,bert.encoder.layer.3.attention.output.dense,dense,0.0088136475533247,0.011333333333333332,2.673900212357694e-07,0.004598503466695547,0.7510011196136475,5.066203812020831e-06,0.99658203125,18629.96207185951
31,bert.encoder.layer.4.attention.self.query,query,0.004768469370901585,0.011333333333333332,1.463515815203209e-07,0.0027175606228411198,0.6102980375289917,1.2619510698641534e-06,0.9978501796722412,18635.502580029337
31,bert.encoder.layer.4.attention.self.key,key,0.004305874928832054,0.011333333333333332,1.3815113675264001e-07,0.0026240991428494453,0.6103405356407166,1.0402688985777786e-06,0.9980943202972412,19871.054016827413
31,bert.encoder.layer.4.attention.self.value,value,0.009802558459341526,0.011333333333333332,3.4361471534793964e-07,0.006018418353050947,0.8298417925834656,3.81657991965767e-06,0.9923095703125,17581.564556671852
31,bert.encoder.layer.4.attention.output.dense,dense,0.007148708216845989,0.011333333333333332,2.1682866702121828e-07,0.003788933390751481,0.6983687281608582,3.5207167456974275e-06,0.9983113408088684,19333.87727218008
31,bert.encoder.layer.5.attention.self.query,query,0.004298328422009945,0.011333333333333332,1.2749880795581703e-07,0.002272364217787981,0.4800998270511627,1.2310517831792822e-06,0.9992607831954956,19353.86547147448
31,bert.encoder.layer.5.attention.self.key,key,0.003983401693403721,0.011333333333333332,1.2028191065382998e-07,0.002145243575796485,0.4776432514190674,1.1012970162482816e-06,0.9993150234222412,18942.503835255335
31,bert.encoder.layer.5.attention.self.value,value,0.009713356383144855,0.011333333333333332,2.950201292151178e-07,0.005320805124938488,0.7840335965156555,3.539522595019662e-06,0.9939643144607544,15214.087746725741
31,bert.encoder.layer.5.attention.output.dense,dense,0.007572856731712818,0.011333333333333332,1.9592432920489955e-07,0.003409174969419837,0.6818076968193054,3.2015773285820615e-06,0.9989081621170044,19131.100438766516
31,bert.encoder.layer.6.attention.self.query,query,0.0034604056272655725,0.011333333333333332,1.016093591488243e-07,0.0018191917333751917,0.46113383769989014,7.716003551649919e-07,0.9992811679840088,18944.500791528102
31,bert.encoder.layer.6.attention.self.key,key,0.0031001216266304255,0.011333333333333332,8.871096213169949e-08,0.001544744474813342,0.5074837803840637,5.187256988392619e-07,0.9994438886642456,18816.181351895248
31,bert.encoder.layer.6.attention.self.value,value,0.009390773251652718,0.011333333333333332,3.4774251389535493e-07,0.005679097026586533,0.8857977986335754,2.2245153559197206e-06,0.9968600869178772,12893.983364489975
31,bert.encoder.layer.6.attention.output.dense,dense,0.0058484324254095554,0.011333333333333332,1.3783662211608316e-07,0.002475544810295105,0.6007997393608093,1.9177266494807554e-06,0.9996269941329956,19706.67962123434
31,bert.encoder.layer.7.attention.self.query,query,0.0038281127344816923,0.011333333333333332,1.1534468313811885e-07,0.002076033502817154,0.5252496600151062,1.0794302625072305e-06,0.9993150234222412,18329.544335852377
31,bert.encoder.layer.7.attention.self.key,key,0.0033991949167102575,0.011333333333333332,1.0396237826171273e-07,0.0018117304425686598,0.4631633162498474,8.401825652981643e-07,0.9994778037071228,18324.33388006048
31,bert.encoder.layer.7.attention.self.value,value,0.0082939974963665,0.011333333333333332,2.8791271233785665e-07,0.005138701293617487,0.8284786939620972,3.6484225347521715e-06,0.9941609501838684,15471.680541757112
31,bert.encoder.layer.7.attention.output.dense,dense,0.006046388763934374,0.011333333333333332,1.9761041869514884e-07,0.0034655167255550623,0.7229658365249634,2.9399832328635966e-06,0.9980672001838684,18426.924017789268
31,bert.encoder.layer.8.attention.self.query,query,0.0036025524605065584,0.011333333333333332,1.1924474563329568e-07,0.002235629828646779,0.6535717844963074,8.080286306721973e-07,0.9987657070159912,18864.3446224635
31,bert.encoder.layer.8.attention.self.key,key,0.002587844617664814,0.011333333333333332,9.099256459421667e-08,0.0017679143929854035,0.5792375206947327,5.118116064295464e-07,0.9992472529411316,18581.60679082238
31,bert.encoder.layer.8.attention.self.value,value,0.007650884333997965,0.011333333333333332,2.5784231638681376e-07,0.004582655616104603,0.8220826983451843,2.491686927896808e-06,0.9961140751838684,13013.79605481317
31,bert.encoder.layer.8.attention.output.dense,dense,0.005632400047034025,0.011333333333333332,1.7268457952468452e-07,0.0030970980878919363,0.7218117713928223,2.3114521354727913e-06,0.9978434443473816,16748.700779677012
31,bert.encoder.layer.9.attention.self.query,query,0.001165395718999207,0.011333333333333332,7.671303592360346e-09,0.00011755432933568954,0.05257430300116539,4.772919837137124e-09,1.0,16233.236757747207
31,bert.encoder.layer.9.attention.self.key,key,0.0011195580009371042,0.011333333333333332,7.275636981773914e-09,8.614213584223762e-05,0.0636778324842453,2.1759012369670927e-09,1.0,13895.763831903656
31,bert.encoder.layer.9.attention.self.value,value,0.006767932791262865,0.011333333333333332,1.903241582112969e-07,0.0034845422487705946,0.7865649461746216,1.6151398085639812e-06,0.9972466230392456,14491.970330304843
31,bert.encoder.layer.9.attention.output.dense,dense,0.0045785726979374886,0.011333333333333332,1.0241561909651864e-07,0.0016853503184393048,0.5441775321960449,1.0375429155828897e-06,0.9999253749847412,19591.967391833663
31,bert.encoder.layer.10.attention.self.query,query,0.0008466815925203264,0.011333333333333332,1.594277065919414e-08,0.00023226068879012018,0.15529458224773407,1.6450119488808923e-08,1.0,18107.05641654468
31,bert.encoder.layer.10.attention.self.key,key,0.0006583812064491212,0.011333333333333332,1.1925520126965239e-08,0.00017513748025521636,0.15565110743045807,1.084598988398966e-08,1.0,16697.183236327455
31,bert.encoder.layer.10.attention.self.value,value,0.003942776937037706,0.011333333333333332,1.1774224617511209e-07,0.0021256261970847845,0.8099323511123657,6.179298566166835e-07,0.9982231855392456,18131.187768438445
31,bert.encoder.layer.10.attention.output.dense,dense,0.0028789739590138197,0.011333333333333332,5.5424081324417784e-08,0.0009611296700313687,0.4052465260028839,3.8997021079012484e-07,1.0,19295.232250160327
31,bert.encoder.layer.11.attention.self.query,query,0.0007549154106527567,0.011333333333333332,1.4335247655594685e-08,0.0003234574687667191,0.17191411554813385,2.6638803163336888e-08,0.9999864101409912,17156.768481282263
31,bert.encoder.layer.11.attention.self.key,key,0.0006503851036541164,0.011333333333333332,1.22797505497374e-08,0.00026742342743091285,0.22897501289844513,2.476460814193615e-08,1.0,15620.607369465632
31,bert.encoder.layer.11.attention.self.value,value,0.0035503399558365345,0.011333333333333332,1.3097111661863892e-07,0.0023500805255025625,0.8922742009162903,4.4922308006789535e-07,0.9984809160232544,19354.310341250442
31,bert.encoder.layer.11.attention.output.dense,dense,0.0018716910853981972,0.011333333333333332,4.914488727081334e-08,0.000800442649051547,0.31425759196281433,2.885358867388277e-07,1.0,19527.131527842306
32,bert.encoder.layer.0.attention.self.query,query,0.002787241479381919,0.011166666666666668,9.017896474006193e-08,0.0016046481905505061,0.3648180365562439,6.831958216935163e-07,0.9997287392616272,17659.075763333727
32,bert.encoder.layer.0.attention.self.key,key,0.0026965364813804626,0.011166666666666668,8.209393342895055e-08,0.0015146129298955202,0.3177871108055115,6.036394779584953e-07,0.99969482421875,17719.173783822276
32,bert.encoder.layer.0.attention.self.value,value,0.005898928735405207,0.011166666666666668,1.894384382694625e-07,0.003358358284458518,0.6863307952880859,2.7847461296914844e-06,0.9985148310661316,19724.108433646503
32,bert.encoder.layer.0.attention.output.dense,dense,0.006570981349796057,0.011166666666666668,1.956142199333044e-07,0.003431093879044056,0.6893491744995117,3.438705789449159e-06,0.9993014931678772,19878.21333480474
32,bert.encoder.layer.1.attention.self.query,query,0.005641032475978136,0.011166666666666668,1.0053143029153944e-07,0.0016624333802610636,0.38819774985313416,7.410988587253087e-07,0.9998915195465088,18652.55517706339
32,bert.encoder.layer.1.attention.self.key,key,0.005148617085069418,0.011166666666666668,9.492748631600989e-08,0.0016450589755550027,0.4031301736831665,6.124913056737569e-07,0.99945068359375,18398.429591497435
32,bert.encoder.layer.1.attention.self.value,value,0.008660594001412392,0.011166666666666668,3.0619378321716795e-07,0.005113666411489248,0.8291935920715332,3.518542825986515e-06,0.9969889521598816,15771.980005833037
32,bert.encoder.layer.1.attention.output.dense,dense,0.006808334495872259,0.011166666666666668,2.0213141738167906e-07,0.0035641773138195276,0.7007068395614624,3.586846105463337e-06,0.9989216923713684,20042.298425117082
32,bert.encoder.layer.2.attention.self.query,query,0.0037611136212944984,0.011166666666666668,1.0723010746005457e-07,0.0019064798252657056,0.45442670583724976,8.73755311658897e-07,0.99969482421875,18241.626799066697
32,bert.encoder.layer.2.attention.self.key,key,0.0034705146681517363,0.011166666666666668,9.567952474753838e-08,0.0016353103565052152,0.37859272956848145,7.043965979391942e-07,0.99981689453125,18066.458684279947
32,bert.encoder.layer.2.attention.self.value,value,0.010180586948990822,0.011166666666666668,3.220862083708198e-07,0.005344795063138008,0.8255283236503601,4.574573722493369e-06,0.9949137568473816,16553.320017374022
32,bert.encoder.layer.2.attention.output.dense,dense,0.00829301681369543,0.011166666666666668,2.3247812919180433e-07,0.004072010051459074,0.7455233335494995,4.104289473616518e-06,0.9975043535232544,19789.70801747474
32,bert.encoder.layer.3.attention.self.query,query,0.004093618132174015,0.011166666666666668,1.3695567702143308e-07,0.0023348324466496706,0.4971545934677124,1.2953978512086906e-06,0.9990912675857544,18768.78120414071
32,bert.encoder.layer.3.attention.self.key,key,0.003924880176782608,0.011166666666666668,1.3158755507447495e-07,0.0022590807639062405,0.4846073091030121,1.0910584933299106e-06,0.99920654296875,18465.29485740545
32,bert.encoder.layer.3.attention.self.value,value,0.0112262312322855,0.011166666666666668,3.612045702539035e-07,0.00639339629560709,0.8222046494483948,5.713399787055096e-06,0.9893662929534912,17756.53590699088
32,bert.encoder.layer.3.attention.output.dense,dense,0.009718427434563637,0.011166666666666668,2.9805502776980575e-07,0.005035693757236004,0.7620055079460144,5.723957201553276e-06,0.9949679970741272,18772.62196340935
32,bert.encoder.layer.4.attention.self.query,query,0.0048536499962210655,0.011166666666666668,1.4512768586882885e-07,0.002536202548071742,0.5576831698417664,1.277524006582098e-06,0.9984673261642456,18664.25914236922
32,bert.encoder.layer.4.attention.self.key,key,0.004534021485596895,0.011166666666666668,1.3718302227516688e-07,0.002411504043266177,0.5515037178993225,1.0605235729599372e-06,0.9984130859375,19957.935834729113
32,bert.encoder.layer.4.attention.self.value,value,0.010324308648705482,0.011166666666666668,3.5389643926464487e-07,0.006182313431054354,0.8301001787185669,4.048050413985038e-06,0.9910617470741272,17692.4493441768
32,bert.encoder.layer.4.attention.output.dense,dense,0.007829814217984676,0.011166666666666668,2.3414945360400452e-07,0.004111204296350479,0.7279771566390991,3.836041742033558e-06,0.9971381425857544,19366.463999520387
32,bert.encoder.layer.5.attention.self.query,query,0.004845582880079746,0.011166666666666668,1.6183297191219026e-07,0.0028470198158174753,0.5536705851554871,1.674229451964493e-06,0.9984334111213684,19346.216273958355
32,bert.encoder.layer.5.attention.self.key,key,0.00431653019040823,0.011166666666666668,1.441045895944626e-07,0.002523338422179222,0.5179835557937622,1.3365170161705464e-06,0.9983588457107544,18873.603722293534
32,bert.encoder.layer.5.attention.self.value,value,0.009974767453968525,0.011166666666666668,2.8840469212809694e-07,0.005283537786453962,0.7580980658531189,3.868005023832666e-06,0.9935234785079956,15390.729417605184
32,bert.encoder.layer.5.attention.output.dense,dense,0.008140945807099342,0.011166666666666668,2.2863002868689364e-07,0.003956630360335112,0.711477518081665,3.850023858831264e-06,0.9977959394454956,19156.19614229976
32,bert.encoder.layer.6.attention.self.query,query,0.004388256464153528,0.011166666666666668,1.1274706679387236e-07,0.001938862376846373,0.49243104457855225,8.593947882218345e-07,0.9992133378982544,19021.887243353154
32,bert.encoder.layer.6.attention.self.key,key,0.004146079067140818,0.011166666666666668,1.0926929405741248e-07,0.0019197260262444615,0.542944073677063,6.983111688896315e-07,0.9990234375,18923.08940534249
32,bert.encoder.layer.6.attention.self.value,value,0.010098029859364033,0.011166666666666668,3.506379187001585e-07,0.005718278232961893,0.8748289346694946,2.563931275290088e-06,0.9965684413909912,13057.625460409528
32,bert.encoder.layer.6.attention.output.dense,dense,0.006780173629522324,0.011166666666666668,1.7235265659110155e-07,0.002999601187184453,0.6581952571868896,2.5020583507284755e-06,0.9988877773284912,19723.200720243007
32,bert.encoder.layer.7.attention.self.query,query,0.0039976779371500015,0.011166666666666668,1.1052460280325249e-07,0.0018584568751975894,0.4745728373527527,9.197256076731719e-07,0.9997016191482544,18627.349615986117
32,bert.encoder.layer.7.attention.self.key,key,0.0038782323244959116,0.011166666666666668,1.1048631876064974e-07,0.0019088697154074907,0.48123645782470703,8.736228096495324e-07,0.99945068359375,18491.50745184612
32,bert.encoder.layer.7.attention.self.value,value,0.009738528169691563,0.011166666666666668,3.3110811159531295e-07,0.005821830127388239,0.850058376789093,4.340126906754449e-06,0.9917331337928772,15579.567044584268
32,bert.encoder.layer.7.attention.output.dense,dense,0.007085389457643032,0.011166666666666668,2.337467179813757e-07,0.004068254493176937,0.7608124017715454,3.5046011817030376e-06,0.9967312216758728,18417.502482649583
32,bert.encoder.layer.8.attention.self.query,query,0.0037013557739555836,0.011166666666666668,1.241785554384478e-07,0.0022110033314675093,0.5794309973716736,8.78124183145701e-07,0.9986301064491272,18840.894492482654
32,bert.encoder.layer.8.attention.self.key,key,0.002489052712917328,0.011166666666666668,8.958684105664361e-08,0.0016580568626523018,0.5473929047584534,5.297295615491748e-07,0.9992539882659912,18514.723867546138
32,bert.encoder.layer.8.attention.self.value,value,0.007968858815729618,0.011166666666666668,2.8375791316648247e-07,0.0050148023292422295,0.8352925181388855,2.9587736207759008e-06,0.9952867031097412,13146.43803875705
32,bert.encoder.layer.8.attention.output.dense,dense,0.0057444325648248196,0.011166666666666668,1.7691019138510455e-07,0.003169631352648139,0.7110076546669006,2.5111553441092838e-06,0.9981757402420044,16794.453957385474
32,bert.encoder.layer.9.attention.self.query,query,0.001402849331498146,0.011166666666666668,8.877750090618974e-09,0.00015594955766573548,0.1347196400165558,8.2331812478742e-09,1.0,16233.942127507029
32,bert.encoder.layer.9.attention.self.key,key,0.001198266283608973,0.011166666666666668,7.679655134040786e-09,9.146094089373946e-05,0.09981409460306168,3.049803298793563e-09,1.0,13908.593429239503
32,bert.encoder.layer.9.attention.self.value,value,0.006353693548589945,0.011166666666666668,1.997865979319613e-07,0.003710005898028612,0.7997490167617798,1.7577626749698538e-06,0.9966498613357544,14588.540511821577
32,bert.encoder.layer.9.attention.output.dense,dense,0.004663500003516674,0.011166666666666668,9.65741051572877e-08,0.0016610028687864542,0.5437302589416504,1.049644765771518e-06,0.9999796748161316,19610.179878291
32,bert.encoder.layer.10.attention.self.query,query,0.0017405296675860882,0.011166666666666668,2.1953127316010068e-08,0.00034125189995393157,0.1886693239212036,3.6047662632654465e-08,1.0,17878.073415198585
32,bert.encoder.layer.10.attention.self.key,key,0.0013935364549979568,0.011166666666666668,1.7196851942458125e-08,0.0002477946109138429,0.20284874737262726,2.1083950585421007e-08,1.0,16466.346443231374
32,bert.encoder.layer.10.attention.self.value,value,0.004348225891590118,0.011166666666666668,1.1651383857724795e-07,0.0020390404388308525,0.8136203289031982,5.3783423936693e-07,0.9982367753982544,18190.390925324904
32,bert.encoder.layer.10.attention.output.dense,dense,0.0031540945637971163,0.011166666666666668,5.484161746949212e-08,0.0008890937897376716,0.3752506375312805,3.486814819098072e-07,1.0,19307.542762009663
32,bert.encoder.layer.11.attention.self.query,query,0.0008404452237300575,0.011166666666666668,2.0133452238724203e-08,0.0004151820030529052,0.2075175642967224,4.34118518910509e-08,0.9999864101409912,17039.577594739672
32,bert.encoder.layer.11.attention.self.key,key,0.0007271787617355585,0.011166666666666668,1.596892040822695e-08,0.0003774943179450929,0.2799711525440216,5.1155424785065406e-08,1.0,15506.164046411908
32,bert.encoder.layer.11.attention.self.value,value,0.003445118898525834,0.011166666666666668,1.3081044869522884e-07,0.002307525370270014,0.8989541530609131,4.0451013205711206e-07,0.9985487461090088,19445.470383610544
32,bert.encoder.layer.11.attention.output.dense,dense,0.0017246726201847196,0.011166666666666668,5.110834777610762e-08,0.0007959873764775693,0.32851895689964294,2.8751895797540783e-07,1.0,19560.954366547794
33,bert.encoder.layer.0.attention.self.query,query,0.004871612414717674,0.011,1.6177311579212983e-07,0.002953840885311365,0.5368421077728271,1.5807763702468947e-06,0.9982571005821228,17742.028337719723
33,bert.encoder.layer.0.attention.self.key,key,0.0045952945947647095,0.011,1.4526494851452298e-07,0.002612413140013814,0.44441619515419006,1.4448963838731288e-06,0.9983656406402588,17757.170920556557
33,bert.encoder.layer.0.attention.self.value,value,0.011990975588560104,0.011,3.903054732745659e-07,0.006546974182128906,0.8037542700767517,7.20137086318573e-06,0.9904921054840088,19357.59842360077
33,bert.encoder.layer.0.attention.output.dense,dense,0.013447522185742855,0.011,4.0155157421395415e-07,0.007094461005181074,0.8395949602127075,8.788245395408012e-06,0.9828423261642456,19775.767698048938
33,bert.encoder.layer.1.attention.self.query,query,0.009626033715903759,0.011,2.1196380828314432e-07,0.0037055464927107096,0.6391828656196594,2.129667791450629e-06,0.9962700605392456,18753.90243618093
33,bert.encoder.layer.1.attention.self.key,key,0.007599484641104937,0.011,1.8167514781453065e-07,0.0030930903740227222,0.5906057357788086,1.6701711729183444e-06,0.9977620244026184,18492.505377189926
33,bert.encoder.layer.1.attention.self.value,value,0.0140045415610075,0.011,6.095945650486101e-07,0.00730913644656539,0.8128003478050232,6.569682227564044e-06,0.9927978515625,15800.347450155892
33,bert.encoder.layer.1.attention.output.dense,dense,0.014970931224524975,0.011,4.0779855225991923e-07,0.007162970490753651,0.8439140319824219,9.094179404200986e-06,0.9841105341911316,19880.259170925525
33,bert.encoder.layer.2.attention.self.query,query,0.00741240568459034,0.011,2.0005762735308963e-07,0.0035604280419647694,0.6268227100372314,2.039185574176372e-06,0.9968600869178772,18339.926215203584
33,bert.encoder.layer.2.attention.self.key,key,0.006745974067598581,0.011,1.7354651049572567e-07,0.0029682025779038668,0.5565909147262573,1.7090595747504267e-06,0.9981350302696228,18138.016930126552
33,bert.encoder.layer.2.attention.self.value,value,0.019903747364878654,0.011,7.982412739693245e-07,0.008598336949944496,0.8176925182342529,8.83191023604013e-06,0.9828694462776184,15979.65768141229
33,bert.encoder.layer.2.attention.output.dense,dense,0.020096756517887115,0.011,5.417749093794555e-07,0.00958967860788107,0.8832152485847473,1.2899939974886365e-05,0.9599473476409912,19578.207308347806
33,bert.encoder.layer.3.attention.self.query,query,0.00915904063731432,0.011,3.1766612096362223e-07,0.005098035559058189,0.7128217816352844,3.4739136935968418e-06,0.9924384355545044,18403.919527043676
33,bert.encoder.layer.3.attention.self.key,key,0.009288166649639606,0.011,2.941248737897695e-07,0.005084180273115635,0.7106302380561829,3.641875537141459e-06,0.9908311367034912,18163.362464483882
33,bert.encoder.layer.3.attention.self.value,value,0.024136438965797424,0.011,1.1916946505152737e-06,0.011788205243647099,0.7526301145553589,1.3529441275750287e-05,0.9573500156402588,16940.331677269565
33,bert.encoder.layer.3.attention.output.dense,dense,0.02552241086959839,0.011,7.574313940494903e-07,0.01259128749370575,0.8851248621940613,1.8473281670594588e-05,0.9247300624847412,18616.94759014425
33,bert.encoder.layer.4.attention.self.query,query,0.01242160052061081,0.011,4.5814911686647974e-07,0.006981826853007078,0.8067182898521423,4.596430244419025e-06,0.9830186367034912,19010.209417270777
33,bert.encoder.layer.4.attention.self.key,key,0.01117345318198204,0.011,3.8139705793582834e-07,0.006658720318228006,0.8087814450263977,4.1586922634451184e-06,0.9845513105392456,19828.2160753437
33,bert.encoder.layer.4.attention.self.value,value,0.02582857757806778,0.011,1.517738496659149e-06,0.013092145323753357,0.7722032070159912,1.3320292964635883e-05,0.9530978798866272,16071.564512567888
33,bert.encoder.layer.4.attention.output.dense,dense,0.024141307920217514,0.011,7.996995918801986e-07,0.01365385390818119,0.907739520072937,1.8578468370833434e-05,0.9122382402420044,19029.94604574133
33,bert.encoder.layer.5.attention.self.query,query,0.010728877037763596,0.011,3.870182467835548e-07,0.00665424345061183,0.7678157091140747,5.138429969520075e-06,0.9872300624847412,19289.51968007785
33,bert.encoder.layer.5.attention.self.key,key,0.011133712716400623,0.011,3.770364571664686e-07,0.0065500373020768166,0.7526838779449463,5.584197424468584e-06,0.9851548671722412,18904.83729896338
33,bert.encoder.layer.5.attention.self.value,value,0.028445521369576454,0.011,1.062175101651519e-06,0.01376996748149395,0.851811408996582,1.5205736417556182e-05,0.9415690302848816,14889.2844657075
33,bert.encoder.layer.5.attention.output.dense,dense,0.02704853005707264,0.011,7.189632924564648e-07,0.012268354184925556,0.8999002575874329,1.653884828556329e-05,0.9329155683517456,18798.816660869124
33,bert.encoder.layer.6.attention.self.query,query,0.011235681362450123,0.011,3.638782857251499e-07,0.006369291804730892,0.7789340615272522,4.717150659416802e-06,0.9854329228401184,18711.48963419124
33,bert.encoder.layer.6.attention.self.key,key,0.009507732465863228,0.011,2.8897457582388597e-07,0.0050036306492984295,0.7458250522613525,3.1957283681549598e-06,0.991455078125,18855.893034930923
33,bert.encoder.layer.6.attention.self.value,value,0.021446244791150093,0.011,1.2924730299346265e-06,0.010302102193236351,0.8109036087989807,8.06962179922266e-06,0.9823133945465088,12006.797346191179
33,bert.encoder.layer.6.attention.output.dense,dense,0.022611873224377632,0.011,6.615569532186782e-07,0.011330417357385159,0.9038559198379517,1.3454001418722328e-05,0.9454142451286316,18999.156548461367
33,bert.encoder.layer.7.attention.self.query,query,0.010032357648015022,0.011,2.704886128412909e-07,0.004736738745123148,0.7666565179824829,3.068939804506954e-06,0.9918076992034912,18702.72542816046
33,bert.encoder.layer.7.attention.self.key,key,0.00910018477588892,0.011,2.3410264304857265e-07,0.004103157203644514,0.7260112166404724,2.5841229671641486e-06,0.9938761591911316,18429.830457544944
33,bert.encoder.layer.7.attention.self.value,value,0.02617541141808033,0.011,1.1785007245634915e-06,0.014525838196277618,0.8667697906494141,1.604255157872103e-05,0.9273274540901184,14982.950863305783
33,bert.encoder.layer.7.attention.output.dense,dense,0.027484536170959473,0.011,9.516799650555186e-07,0.015173138119280338,0.9162846803665161,1.906491343106609e-05,0.9059380292892456,17861.220985071323
33,bert.encoder.layer.8.attention.self.query,query,0.014057346619665623,0.011,5.395414177655766e-07,0.008185692131519318,0.8402675986289978,5.841609890921973e-06,0.9791259765625,18107.18454169869
33,bert.encoder.layer.8.attention.self.key,key,0.012034878134727478,0.011,4.725909263925132e-07,0.007565162610262632,0.8396919965744019,5.288461125019239e-06,0.9812282919883728,17863.94486214752
33,bert.encoder.layer.8.attention.self.value,value,0.022131940349936485,0.011,9.825911320149316e-07,0.012366965413093567,0.8425236940383911,1.3116903573973104e-05,0.9506767988204956,13421.287856107261
33,bert.encoder.layer.8.attention.output.dense,dense,0.02425685152411461,0.011,8.630034926682129e-07,0.013954860158264637,0.9051188826560974,1.784358209988568e-05,0.9166734218597412,16632.039647397643
33,bert.encoder.layer.9.attention.self.query,query,0.004987961612641811,0.011,7.72620367683885e-09,0.0001558591320645064,0.10391687601804733,7.984753302991976e-09,1.0,16157.970289557616
33,bert.encoder.layer.9.attention.self.key,key,0.004426331724971533,0.011,8.349807067986603e-09,8.733449067221954e-05,0.09177013486623764,2.746527227870388e-09,1.0,13866.608545158419
33,bert.encoder.layer.9.attention.self.value,value,0.01500317919999361,0.011,4.631775425423257e-07,0.0070937639102339745,0.8537827134132385,4.569330030790297e-06,0.9906684160232544,14843.121702357019
33,bert.encoder.layer.9.attention.output.dense,dense,0.0117416400462389,0.011,2.8023669074173085e-07,0.004670002963393927,0.7974242568016052,4.266092219040729e-06,0.9948594570159912,19523.807132364658
33,bert.encoder.layer.10.attention.self.query,query,0.00270376936532557,0.011,2.5728580155259806e-08,0.0004897525650449097,0.37654823064804077,6.332490443128336e-08,1.0,17916.696745947935
33,bert.encoder.layer.10.attention.self.key,key,0.0021324953995645046,0.011,1.745116406937086e-08,0.0003286740684416145,0.3436865508556366,3.720067809354077e-08,1.0,16514.56689685662
33,bert.encoder.layer.10.attention.self.value,value,0.0038947828579694033,0.011,1.0826188656665181e-07,0.001956269145011902,0.7871410250663757,5.725980827264721e-07,0.9983859658241272,18156.9633346722
33,bert.encoder.layer.10.attention.output.dense,dense,0.002871158765628934,0.011,5.6591808572648006e-08,0.0009820937411859632,0.40277794003486633,4.156154318479821e-07,1.0,19235.444254547114
33,bert.encoder.layer.11.attention.self.query,query,0.0008395371842198074,0.011,1.7734029356120118e-08,0.0002697133750189096,0.08900029212236404,1.9067986301024575e-08,0.9999932050704956,17137.023250908263
33,bert.encoder.layer.11.attention.self.key,key,0.0007457264582626522,0.011,1.3422226885495547e-08,0.00020241679158061743,0.10923653841018677,1.530103155289453e-08,1.0,15596.141281770131
33,bert.encoder.layer.11.attention.self.value,value,0.003352885600179434,0.011,1.203052875098365e-07,0.0021488971542567015,0.8809887766838074,3.977983169534127e-07,0.9985826015472412,19427.623455511217
33,bert.encoder.layer.11.attention.output.dense,dense,0.0016659911489114165,0.011,4.924506669112816e-08,0.0007703891023993492,0.32374900579452515,2.674486268006149e-07,1.0,19507.22020918553
34,bert.encoder.layer.0.attention.self.query,query,0.006161094643175602,0.010833333333333332,2.2042642910946597e-07,0.0038123340345919132,0.6158596873283386,2.7596220206760336e-06,0.9967719316482544,17757.89494932369
34,bert.encoder.layer.0.attention.self.key,key,0.005732828285545111,0.010833333333333332,1.905639521737612e-07,0.0033736457116901875,0.5147649049758911,2.1575531263806624e-06,0.9968668818473816,17719.65630675106
34,bert.encoder.layer.0.attention.self.value,value,0.015691880136728287,0.010833333333333332,5.305573722580448e-07,0.008229433558881283,0.8342098593711853,9.600857993063983e-06,0.9805229902267456,18886.155686233273
34,bert.encoder.layer.0.attention.output.dense,dense,0.01787097193300724,0.010833333333333332,5.620690899377223e-07,0.009374893270432949,0.8836456537246704,1.1673914741550107e-05,0.9652845859527588,19439.9322104062
34,bert.encoder.layer.1.attention.self.query,query,0.009173552505671978,0.010833333333333332,1.9744655332942784e-07,0.0033881471026688814,0.5842273235321045,2.21875166062091e-06,0.99737548828125,18834.916388929163
34,bert.encoder.layer.1.attention.self.key,key,0.006889706943184137,0.010833333333333332,1.6248220902070898e-07,0.002952443901449442,0.5486223697662354,1.5568662092846353e-06,0.9977959394454956,18597.86787330218
34,bert.encoder.layer.1.attention.self.value,value,0.01485471148043871,0.010833333333333332,7.871770435485814e-07,0.007431714795529842,0.7950589656829834,6.072601991036208e-06,0.9931979775428772,15240.848285273238
34,bert.encoder.layer.1.attention.output.dense,dense,0.015073869377374649,0.010833333333333332,4.101158879166178e-07,0.0071348282508552074,0.8437390923500061,8.639079169370234e-06,0.9832899570465088,19795.468356088375
34,bert.encoder.layer.2.attention.self.query,query,0.008354691788554192,0.010833333333333332,2.7734694185710396e-07,0.004927031695842743,0.7379540205001831,3.3020228329405654e-06,0.9917873740196228,18372.467950114995
34,bert.encoder.layer.2.attention.self.key,key,0.006909321993589401,0.010833333333333332,2.054988073041386e-07,0.003740658052265644,0.6466296911239624,2.3202946977107786e-06,0.9956257939338684,18201.109051030613
34,bert.encoder.layer.2.attention.self.value,value,0.021059880033135414,0.010833333333333332,8.918744924812927e-07,0.009542516432702541,0.8368244171142578,9.923714969772846e-06,0.9737887978553772,15601.983285747636
34,bert.encoder.layer.2.attention.output.dense,dense,0.020403947681188583,0.010833333333333332,6.127053779891867e-07,0.009736635722219944,0.8706715106964111,1.2186837921035476e-05,0.9608018398284912,19242.17614653671
34,bert.encoder.layer.3.attention.self.query,query,0.008596350438892841,0.010833333333333332,2.1864757115963585e-07,0.003828159999102354,0.6315654516220093,2.7742576094169635e-06,0.9964599609375,18675.995006366036
34,bert.encoder.layer.3.attention.self.key,key,0.0071215094067156315,0.010833333333333332,2.084973544924651e-07,0.00371005991473794,0.60863196849823,2.4657410904183052e-06,0.9963853359222412,18482.88390460788
34,bert.encoder.layer.3.attention.self.value,value,0.02121424861252308,0.010833333333333332,8.468391001770215e-07,0.011344470083713531,0.84784996509552,1.2500257980718743e-05,0.96343994140625,16666.094801253817
34,bert.encoder.layer.3.attention.output.dense,dense,0.022928722202777863,0.010833333333333332,8.353181328857318e-07,0.011970991268754005,0.7781624794006348,1.6494057490490377e-05,0.9339667558670044,17953.288974520437
34,bert.encoder.layer.4.attention.self.query,query,0.010527740232646465,0.010833333333333332,2.6209136194665916e-07,0.0043932790867984295,0.6875633597373962,2.7749886157835135e-06,0.9935166835784912,19090.13106782556
34,bert.encoder.layer.4.attention.self.key,key,0.009329834021627903,0.010833333333333332,2.3069780752393854e-07,0.004077628254890442,0.6782282590866089,2.239169134554686e-06,0.9951511025428772,19782.76238686674
34,bert.encoder.layer.4.attention.self.value,value,0.020416857674717903,0.010833333333333332,1.1154315870953724e-06,0.010158328339457512,0.8041898012161255,7.5037978604086675e-06,0.9828423261642456,15854.221428855843
34,bert.encoder.layer.4.attention.output.dense,dense,0.020469212904572487,0.010833333333333332,5.94127982367354e-07,0.009273163974285126,0.8388033509254456,1.1520849511725828e-05,0.9625447392463684,19128.078725491574
34,bert.encoder.layer.5.attention.self.query,query,0.01217823289334774,0.010833333333333332,3.105531902747316e-07,0.0056161233223974705,0.7444996237754822,4.220915798214264e-06,0.9901258945465088,19308.58600763081
34,bert.encoder.layer.5.attention.self.key,key,0.010055244900286198,0.010833333333333332,2.780488159714878e-07,0.005166020710021257,0.7169626355171204,3.6929891393810976e-06,0.9912448525428772,19275.15169257116
34,bert.encoder.layer.5.attention.self.value,value,0.023491399362683296,0.010833333333333332,9.890320598060498e-07,0.011166379787027836,0.8110160827636719,1.0154461961064953e-05,0.9702555537223816,15068.275134404657
34,bert.encoder.layer.5.attention.output.dense,dense,0.02515919879078865,0.010833333333333332,6.104381782279233e-07,0.009926549158990383,0.8529646396636963,1.2405263987602666e-05,0.9583401083946228,18825.67357842487
34,bert.encoder.layer.6.attention.self.query,query,0.010056677274405956,0.010833333333333332,2.3493412015795911e-07,0.004395986907184124,0.7357607483863831,2.6421153052069712e-06,0.9936252236366272,18677.097147504846
34,bert.encoder.layer.6.attention.self.key,key,0.00832272693514824,0.010833333333333332,2.168994512885547e-07,0.0039952341467142105,0.7333807349205017,1.8389592923995224e-06,0.9959242343902588,18790.666682243344
34,bert.encoder.layer.6.attention.self.value,value,0.019793719053268433,0.010833333333333332,1.379821128466574e-06,0.00849622581154108,0.8045334815979004,4.3039326556026936e-06,0.9948188066482544,11456.894534935916
34,bert.encoder.layer.6.attention.output.dense,dense,0.021180618554353714,0.010833333333333332,5.068907285021851e-07,0.008179663680493832,0.8357518911361694,9.383417818753514e-06,0.9730767011642456,19482.512825908638
34,bert.encoder.layer.7.attention.self.query,query,0.010078881867229939,0.010833333333333332,2.76809487331775e-07,0.00484607694670558,0.7699243426322937,3.396081410755869e-06,0.9904310703277588,18640.955724863656
34,bert.encoder.layer.7.attention.self.key,key,0.00929621048271656,0.010833333333333332,2.9344934660002764e-07,0.005129209253937006,0.7774350643157959,3.3037097182386788e-06,0.9896714687347412,18486.080834732747
34,bert.encoder.layer.7.attention.self.value,value,0.022930126637220383,0.010833333333333332,1.3385314332481357e-06,0.012407145462930202,0.8491336703300476,1.2340047760517336e-05,0.9543049931526184,14542.046005927717
34,bert.encoder.layer.7.attention.output.dense,dense,0.024457354098558426,0.010833333333333332,1.1061204077122966e-06,0.015333726070821285,0.8821491003036499,1.8785744032356888e-05,0.9105427861213684,17300.692570970852
34,bert.encoder.layer.8.attention.self.query,query,0.020000014454126358,0.010833333333333332,8.178751045306853e-07,0.011479024775326252,0.9090746641159058,6.492794454970863e-06,0.9721272587776184,17301.564029744855
34,bert.encoder.layer.8.attention.self.key,key,0.016164591535925865,0.010833333333333332,7.079567012624466e-07,0.009554099291563034,0.8763787746429443,5.545296062337002e-06,0.9753960371017456,16817.56357529689
34,bert.encoder.layer.8.attention.self.value,value,0.02385849691927433,0.010833333333333332,1.310373818341759e-06,0.011217189021408558,0.8112781643867493,9.4805191110936e-06,0.9703708291053772,13493.257875656096
34,bert.encoder.layer.8.attention.output.dense,dense,0.027438214048743248,0.010833333333333332,8.829692319523019e-07,0.013787736184895039,0.9144808053970337,1.683250957285054e-05,0.9202134609222412,17221.44835287674
34,bert.encoder.layer.9.attention.self.query,query,0.003350404556840658,0.010833333333333332,2.0753978091647696e-08,0.0003054874832741916,0.20679135620594025,3.1142306511355855e-08,1.0,16098.272082762564
34,bert.encoder.layer.9.attention.self.key,key,0.003094880376011133,0.010833333333333332,1.9133535644755284e-08,0.00022669196187052876,0.2786751687526703,1.4936379244545606e-08,1.0,13722.420047706013
34,bert.encoder.layer.9.attention.self.value,value,0.017551137134432793,0.010833333333333332,5.984505264677864e-07,0.0077116102911531925,0.8567483425140381,4.726976385427406e-06,0.9896443486213684,14678.84879760023
34,bert.encoder.layer.9.attention.output.dense,dense,0.0161360502243042,0.010833333333333332,4.2560552060422197e-07,0.006418495438992977,0.8528190851211548,6.0255511016293894e-06,0.9860771894454956,19610.03969500865
34,bert.encoder.layer.10.attention.self.query,query,0.0010100596118718386,0.010833333333333332,1.67547842266913e-08,0.00017234707775060087,0.06172962114214897,8.326007439052319e-09,1.0,17852.56891774119
34,bert.encoder.layer.10.attention.self.key,key,0.000794813793618232,0.010833333333333332,1.1360439700069946e-08,0.00013230778858996928,0.05555141717195511,5.6255524683024305e-09,1.0,16487.12777869399
34,bert.encoder.layer.10.attention.self.value,value,0.0043352218344807625,0.010833333333333332,1.5086837379385543e-07,0.0025709469337016344,0.853719174861908,6.434323154280719e-07,0.9976060390472412,18303.64775866363
34,bert.encoder.layer.10.attention.output.dense,dense,0.002737845527008176,0.010833333333333332,7.916906241689503e-08,0.0011377835180610418,0.5622848868370056,4.4091407858104503e-07,0.9998779296875,19300.2845395334
34,bert.encoder.layer.11.attention.self.query,query,0.0005836174241267145,0.010833333333333332,2.764271478383762e-08,0.0002681983169168234,0.1165517047047615,1.8557281933340164e-08,1.0,17165.21167133614
34,bert.encoder.layer.11.attention.self.key,key,0.0004505365213844925,0.010833333333333332,2.2179689196377694e-08,0.00020718146697618067,0.20845927298069,1.4217925503601236e-08,1.0,15760.504262174745
34,bert.encoder.layer.11.attention.self.value,value,0.0057828668504953384,0.010833333333333332,2.2865238236136065e-07,0.003941886126995087,0.9227750301361084,7.895224598541972e-07,0.9978434443473816,19389.755805229535
34,bert.encoder.layer.11.attention.output.dense,dense,0.0026530923787504435,0.010833333333333332,8.766329528953065e-08,0.0012982076732441783,0.48975086212158203,5.767876132267702e-07,0.9999321699142456,19538.0050587155
35,bert.encoder.layer.0.attention.self.query,query,0.003330031642690301,0.010666666666666668,1.0011730466885638e-07,0.0018507709028199315,0.3787959814071655,9.829086593526881e-07,0.9997422695159912,17939.524820109476
35,bert.encoder.layer.0.attention.self.key,key,0.003174178535118699,0.010666666666666668,9.070883066897295e-08,0.0017646971391513944,0.3300631046295166,8.409622296312591e-07,0.9996201992034912,17867.775380660303
35,bert.encoder.layer.0.attention.self.value,value,0.007212292402982712,0.010666666666666668,2.2536742960710399e-07,0.004058629274368286,0.7168053388595581,3.809889449257753e-06,0.9974297285079956,19034.34631220629
35,bert.encoder.layer.0.attention.output.dense,dense,0.007984694093465805,0.010666666666666668,2.36831198208165e-07,0.004185056779533625,0.7281674146652222,4.528958470473299e-06,0.9981621503829956,19566.971902870657
35,bert.encoder.layer.1.attention.self.query,query,0.005856010597199202,0.010666666666666668,1.2433351059826236e-07,0.002221561735495925,0.4458704888820648,1.2140658327552956e-06,0.9994845986366272,18879.867505819944
35,bert.encoder.layer.1.attention.self.key,key,0.005367806646972895,0.010666666666666668,1.1792082688089067e-07,0.0021529330406337976,0.45092061161994934,1.011138920148369e-06,0.9991658329963684,18706.166755886115
35,bert.encoder.layer.1.attention.self.value,value,0.009878957644104958,0.010666666666666668,3.472090668310557e-07,0.005608632229268551,0.8264886736869812,4.398441888042726e-06,0.9964125156402588,15344.682038740357
35,bert.encoder.layer.1.attention.output.dense,dense,0.008816901594400406,0.010666666666666668,2.5581900331417273e-07,0.00452949944883585,0.7490547895431519,5.025162863603327e-06,0.9969346523284912,19846.5273418787
35,bert.encoder.layer.2.attention.self.query,query,0.00483942124992609,0.010666666666666668,1.3937537346464524e-07,0.0026111751794815063,0.5183576345443726,1.416749000782147e-06,0.9989488124847412,18519.511623776867
35,bert.encoder.layer.2.attention.self.key,key,0.004708481952548027,0.010666666666666668,1.2871639398781554e-07,0.0024170135147869587,0.48864734172821045,1.2594406371135847e-06,0.9990776777267456,18298.5773164328
35,bert.encoder.layer.2.attention.self.value,value,0.012413311749696732,0.010666666666666668,4.2258460553057375e-07,0.006529021076858044,0.8327151536941528,6.138228854979388e-06,0.9919162392616272,15579.918080616308
35,bert.encoder.layer.2.attention.output.dense,dense,0.010249548591673374,0.010666666666666668,2.816820483531046e-07,0.005014083813875914,0.7761240601539612,5.754526227974566e-06,0.9952528476715088,19350.702721687114
35,bert.encoder.layer.3.attention.self.query,query,0.004779682494699955,0.010666666666666668,1.3971198598028423e-07,0.0025317452382296324,0.4828204810619354,1.5763047258587903e-06,0.9989759922027588,18731.619653784095
35,bert.encoder.layer.3.attention.self.key,key,0.004747211933135986,0.010666666666666668,1.386115258128484e-07,0.0025172315072268248,0.4781727194786072,1.489193437009817e-06,0.9990370273590088,18613.997901844046
35,bert.encoder.layer.3.attention.self.value,value,0.013216390274465084,0.010666666666666668,4.4782686359212676e-07,0.0076094819232821465,0.8384380340576172,7.47296326153446e-06,0.98480224609375,16843.810174059938
35,bert.encoder.layer.3.attention.output.dense,dense,0.011905033141374588,0.010666666666666668,3.524590965753305e-07,0.006070214789360762,0.7954722046852112,7.5899724834016524e-06,0.9908515214920044,18216.272198990737
35,bert.encoder.layer.4.attention.self.query,query,0.005991809070110321,0.010666666666666668,1.799433846372267e-07,0.003183468710631132,0.6168528199195862,1.8551820630818838e-06,0.9972127079963684,19113.42695181106
35,bert.encoder.layer.4.attention.self.key,key,0.0054996623657643795,0.010666666666666668,1.7173971400552546e-07,0.0030688175465911627,0.6238763332366943,1.430430984328268e-06,0.9975314736366272,19819.476865509783
35,bert.encoder.layer.4.attention.self.value,value,0.013230954296886921,0.010666666666666668,4.646966260679619e-07,0.007671306375414133,0.8386907577514648,5.758209226769395e-06,0.9857991337776184,16128.093917950386
35,bert.encoder.layer.4.attention.output.dense,dense,0.00999608263373375,0.010666666666666668,3.0575901632801106e-07,0.005379666108638048,0.7712079286575317,5.657216206600424e-06,0.9935573935508728,19206.72999299472
35,bert.encoder.layer.5.attention.self.query,query,0.005879843607544899,0.010666666666666668,1.6743608455271897e-07,0.0029166359454393387,0.5146245360374451,1.8186086663263268e-06,0.9982774257659912,19569.182395560692
35,bert.encoder.layer.5.attention.self.key,key,0.005682966206222773,0.010666666666666668,1.6140775471740199e-07,0.0028901260811835527,0.5234350562095642,1.7667935026111081e-06,0.9979451298713684,19418.77215432546
35,bert.encoder.layer.5.attention.self.value,value,0.013740181922912598,0.010666666666666668,4.232049093388923e-07,0.0074379295110702515,0.8169654607772827,6.097016466810601e-06,0.9870063066482544,15287.279997818177
35,bert.encoder.layer.5.attention.output.dense,dense,0.010500485077500343,0.010666666666666668,2.831842778050486e-07,0.004929850343614817,0.7512691617012024,5.298119504004717e-06,0.9951307773590088,18923.78589909685
35,bert.encoder.layer.6.attention.self.query,query,0.005169642623513937,0.010666666666666668,1.450444386819072e-07,0.0027046240866184235,0.5571192502975464,1.5502745327466982e-06,0.9983317255973816,18886.946484650314
35,bert.encoder.layer.6.attention.self.key,key,0.004842331632971764,0.010666666666666668,1.3218917160884303e-07,0.002458323026075959,0.5496482253074646,1.1440879461588338e-06,0.9984130859375,19088.368159854454
35,bert.encoder.layer.6.attention.self.value,value,0.012617317959666252,0.010666666666666668,5.693013349628018e-07,0.007286486681550741,0.8610814809799194,3.563952304830309e-06,0.9951307773590088,11576.435979156451
35,bert.encoder.layer.6.attention.output.dense,dense,0.008100161328911781,0.010666666666666668,2.0377207476940384e-07,0.003571395529434085,0.6649868488311768,3.2878551792236976e-06,0.9983046054840088,19647.47291018954
35,bert.encoder.layer.7.attention.self.query,query,0.0053290738724172115,0.010666666666666668,1.6219510712289775e-07,0.002748221857473254,0.5884626507759094,1.597141704223759e-06,0.9982774257659912,18668.046416037454
35,bert.encoder.layer.7.attention.self.key,key,0.0048156073316931725,0.010666666666666668,1.4597171116292884e-07,0.002547604264691472,0.5399282574653625,1.3949352251074743e-06,0.99871826171875,18572.281046431493
35,bert.encoder.layer.7.attention.self.value,value,0.012141851708292961,0.010666666666666668,4.090282743618445e-07,0.007125898264348507,0.8536062836647034,6.2912358771427535e-06,0.9851955771446228,14663.82474071854
35,bert.encoder.layer.7.attention.output.dense,dense,0.008476694114506245,0.010666666666666668,2.7845598538078775e-07,0.00494949659332633,0.7942026257514954,4.626077952707419e-06,0.9934353232383728,17385.660751644784
35,bert.encoder.layer.8.attention.self.query,query,0.0042178696021437645,0.010666666666666668,1.5139330855618027e-07,0.002752960193902254,0.6493791937828064,1.1942590845137602e-06,0.9983181357383728,17516.692560959054
35,bert.encoder.layer.8.attention.self.key,key,0.002858695574104786,0.010666666666666668,9.965588532168113e-08,0.0019566589035093784,0.5602441430091858,7.196383648988558e-07,0.9989081621170044,17053.73302970215
35,bert.encoder.layer.8.attention.self.value,value,0.009045405313372612,0.010666666666666668,3.0169456977091613e-07,0.005357693415135145,0.8192225098609924,3.33480011249776e-06,0.9947916865348816,13593.695430708456
35,bert.encoder.layer.8.attention.output.dense,dense,0.006715769413858652,0.010666666666666668,1.8189017225722637e-07,0.0035109417513012886,0.7106174230575562,3.213537411284051e-06,0.9983723759651184,17265.73525821591
35,bert.encoder.layer.9.attention.self.query,query,0.0015255850739777088,0.010666666666666668,7.517162892156648e-09,0.00017247159848921,0.09012515842914581,1.013032235874789e-08,1.0,16132.16336944228
35,bert.encoder.layer.9.attention.self.key,key,0.0012980597093701363,0.010666666666666668,7.2043326859727586e-09,8.372613956453279e-05,0.06577207148075104,2.554016775846435e-09,1.0,13733.833548618115
35,bert.encoder.layer.9.attention.self.value,value,0.008235628716647625,0.010666666666666668,2.400284699888289e-07,0.004311311990022659,0.8091621398925781,2.2276747131400043e-06,0.9962158203125,14845.759457092594
35,bert.encoder.layer.9.attention.output.dense,dense,0.005768930073827505,0.010666666666666668,1.3721785308007384e-07,0.00261169602163136,0.6897445917129517,1.919343276313157e-06,0.9992201328277588,19668.101650067645
35,bert.encoder.layer.10.attention.self.query,query,0.0015493032988160849,0.010666666666666668,8.037440046848587e-09,0.00014206860214471817,0.08649096637964249,6.3204752542844744e-09,1.0,17789.444662634098
35,bert.encoder.layer.10.attention.self.key,key,0.0013745264150202274,0.010666666666666668,5.907390576709304e-09,0.00010405059583717957,0.1022488921880722,4.140405351904519e-09,1.0,16419.539986738717
35,bert.encoder.layer.10.attention.self.value,value,0.004393271170556545,0.010666666666666668,1.3834501544351951e-07,0.002532953629270196,0.8391679525375366,7.259440621965041e-07,0.9975653886795044,18245.786905805962
35,bert.encoder.layer.10.attention.output.dense,dense,0.00270056608133018,0.010666666666666668,5.945935654949608e-08,0.0010263588046655059,0.4400348663330078,4.2540023059700616e-07,1.0,19344.324611439126
35,bert.encoder.layer.11.attention.self.query,query,0.0004931907751597464,0.010666666666666668,1.500179536151336e-08,0.00017536935047246516,0.06543286144733429,7.856663764016503e-09,1.0,17094.946237771943
35,bert.encoder.layer.11.attention.self.key,key,0.0003566364757716656,0.010666666666666668,1.2526317760830352e-08,0.00013356836279854178,0.0755806714296341,6.3379737014201964e-09,1.0,15635.276400917493
35,bert.encoder.layer.11.attention.self.value,value,0.0038438159972429276,0.010666666666666668,1.3460947911880794e-07,0.002516651526093483,0.8845462203025818,5.189067451283336e-07,0.9982978105545044,19351.30041510117
35,bert.encoder.layer.11.attention.output.dense,dense,0.0019815892446786165,0.010666666666666668,5.1160164105112926e-08,0.000960781064350158,0.39739564061164856,3.9638970861233247e-07,1.0,19526.80926050632
36,bert.encoder.layer.0.attention.self.query,query,0.003026373451575637,0.0105,9.713583892789757e-08,0.0017918121302500367,0.4139536917209625,7.955464980113902e-07,0.9996134638786316,17966.48863410118
36,bert.encoder.layer.0.attention.self.key,key,0.003154868260025978,0.0105,9.492843133784845e-08,0.0019212387269362807,0.3673730194568634,8.53456697313959e-07,0.9993693232536316,17751.757149661837
36,bert.encoder.layer.0.attention.self.value,value,0.007196576800197363,0.0105,2.424052354399464e-07,0.004078365862369537,0.7255813479423523,3.643773652584059e-06,0.9973890781402588,18756.332112861175
36,bert.encoder.layer.0.attention.output.dense,dense,0.0074280621483922005,0.0105,2.2055483839267254e-07,0.0038609146140515804,0.7135077714920044,4.103612809558399e-06,0.9988539218902588,19536.569603992735
36,bert.encoder.layer.1.attention.self.query,query,0.005372381303459406,0.0105,1.1335977490034566e-07,0.002061334438621998,0.42859959602355957,9.868167580862064e-07,0.9993489384651184,18937.28997163918
36,bert.encoder.layer.1.attention.self.key,key,0.004835604690015316,0.0105,1.0306586517572214e-07,0.0018677727784961462,0.42934706807136536,8.701657066012558e-07,0.9994574785232544,18717.80299596353
36,bert.encoder.layer.1.attention.self.value,value,0.009921170771121979,0.0105,3.515896764838544e-07,0.005547868553549051,0.8322733044624329,4.105471361981472e-06,0.99652099609375,15433.239770383654
36,bert.encoder.layer.1.attention.output.dense,dense,0.008255095221102238,0.0105,2.3041982899485447e-07,0.004090748727321625,0.7286950349807739,4.358217665867414e-06,0.9980265498161316,19892.30383139183
36,bert.encoder.layer.2.attention.self.query,query,0.004453875590115786,0.0105,1.3358943817820546e-07,0.0024422144051641226,0.5425769090652466,1.1964937129960163e-06,0.9987318515777588,18559.229319117123
36,bert.encoder.layer.2.attention.self.key,key,0.004097022581845522,0.0105,1.1148790690640453e-07,0.002045292407274246,0.4452042877674103,9.591296930011595e-07,0.9992539882659912,18399.713442017066
36,bert.encoder.layer.2.attention.self.value,value,0.01130883302539587,0.0105,3.979338600856863e-07,0.005899413488805294,0.8111591339111328,5.085349584987853e-06,0.9948662519454956,15516.88870107414
36,bert.encoder.layer.2.attention.output.dense,dense,0.00960797630250454,0.0105,2.653279693731747e-07,0.004694856237620115,0.7698619961738586,5.066635367256822e-06,0.9962294101715088,19361.144372593455
36,bert.encoder.layer.3.attention.self.query,query,0.004513000603765249,0.0105,1.3630726414248784e-07,0.0025052111595869064,0.49605318903923035,1.4449533409788273e-06,0.9988200068473816,18651.158922475723
36,bert.encoder.layer.3.attention.self.key,key,0.0044309054501354694,0.0105,1.3111419150391157e-07,0.0023942592088133097,0.48188039660453796,1.2878975894636824e-06,0.9991319179534912,18556.157119633823
36,bert.encoder.layer.3.attention.self.value,value,0.012714668177068233,0.0105,4.157320745434845e-07,0.007476822007447481,0.8409817218780518,7.187206392700318e-06,0.9853922724723816,16848.95291533955
36,bert.encoder.layer.3.attention.output.dense,dense,0.011452334001660347,0.0105,3.3627833317950717e-07,0.005865436512976885,0.7985890507698059,7.098464720911579e-06,0.99188232421875,18174.568515898743
36,bert.encoder.layer.4.attention.self.query,query,0.005336940288543701,0.0105,1.5517933604769496e-07,0.0028851539827883244,0.5656619668006897,1.5562123962808982e-06,0.9977620244026184,19097.38349927723
36,bert.encoder.layer.4.attention.self.key,key,0.0048246318474411964,0.0105,1.3511512975128426e-07,0.002463934477418661,0.5339586138725281,1.1538345461303834e-06,0.9984470009803772,19888.83350635615
36,bert.encoder.layer.4.attention.self.value,value,0.012305835261940956,0.0105,4.139423026572331e-07,0.007174866273999214,0.828242838382721,5.465662070491817e-06,0.9883083701133728,16282.065401622456
36,bert.encoder.layer.4.attention.output.dense,dense,0.009492594748735428,0.0105,2.927484672454739e-07,0.005214559845626354,0.7671700716018677,5.5184132179419976e-06,0.9939778447151184,19149.283583971348
36,bert.encoder.layer.5.attention.self.query,query,0.0058942255564033985,0.0105,1.717950937063506e-07,0.0031643228139728308,0.5701967477798462,2.0037996364408173e-06,0.9978840947151184,19592.371736297155
36,bert.encoder.layer.5.attention.self.key,key,0.005572788883000612,0.0105,1.6204985797685367e-07,0.0029817151371389627,0.546318531036377,1.7711871578285354e-06,0.9978976845741272,19472.844490046027
36,bert.encoder.layer.5.attention.self.value,value,0.012689380906522274,0.0105,3.844457978630089e-07,0.0069326902739703655,0.8155598640441895,5.3874196055403445e-06,0.9892442226409912,15385.330927992914
36,bert.encoder.layer.5.attention.output.dense,dense,0.009719961322844028,0.0105,2.595154455775628e-07,0.004496092442423105,0.7352911233901978,4.730787168227835e-06,0.9973686933517456,18871.022714922787
36,bert.encoder.layer.6.attention.self.query,query,0.004897313192486763,0.0105,1.421594646444646e-07,0.0026577815879136324,0.5763911008834839,1.4294947732196306e-06,0.9981215000152588,18914.877409504188
36,bert.encoder.layer.6.attention.self.key,key,0.004497722256928682,0.0105,1.1805897059957715e-07,0.002227064920589328,0.5335644483566284,1.037802121572895e-06,0.9989216923713684,19111.57112463384
36,bert.encoder.layer.6.attention.self.value,value,0.0112327104434371,0.0105,3.9186318190331804e-07,0.0062589761801064014,0.8587504029273987,3.3096926017606165e-06,0.9947645664215088,11762.896659353368
36,bert.encoder.layer.6.attention.output.dense,dense,0.007855168543756008,0.0105,2.1375312542204483e-07,0.0037183426320552826,0.718174934387207,3.1804015634406824e-06,0.9972602128982544,19554.059890766785
36,bert.encoder.layer.7.attention.self.query,query,0.0055787814781069756,0.0105,1.706926724409641e-07,0.0030806155409663916,0.6538506150245667,1.648269403631275e-06,0.9969143271446228,18574.546599678208
36,bert.encoder.layer.7.attention.self.key,key,0.004827918950468302,0.0105,1.4822590799212776e-07,0.002811475656926632,0.6075632572174072,1.3990161278343294e-06,0.9979587197303772,18605.536568250805
36,bert.encoder.layer.7.attention.self.value,value,0.010249905288219452,0.0105,3.541967998899054e-07,0.006143939681351185,0.8409186601638794,4.855396127823042e-06,0.9912380576133728,14718.004013491947
36,bert.encoder.layer.7.attention.output.dense,dense,0.0077379136346280575,0.0105,2.4663469844199426e-07,0.0042975470423698425,0.7641521096229553,4.0775362322165165e-06,0.9956732988357544,17415.694711363678
36,bert.encoder.layer.8.attention.self.query,query,0.004014012403786182,0.0105,1.35184350824602e-07,0.0025210250169038773,0.6150829792022705,9.487466741120443e-07,0.9984944462776184,17521.433715604202
36,bert.encoder.layer.8.attention.self.key,key,0.0027673079166561365,0.0105,9.603559192328248e-08,0.0017774675507098436,0.5621355175971985,6.470695552707184e-07,0.9993896484375,17116.707971328527
36,bert.encoder.layer.8.attention.self.value,value,0.008880546316504478,0.0105,3.1563791935695917e-07,0.005660579074174166,0.8443731665611267,3.472279331617756e-06,0.9941067099571228,13687.206443622154
36,bert.encoder.layer.8.attention.output.dense,dense,0.006747508887201548,0.0105,2.0639885178752593e-07,0.0037793791852891445,0.7515932321548462,3.311576620035339e-06,0.9968804121017456,17267.200399338544
36,bert.encoder.layer.9.attention.self.query,query,0.0015827976167201996,0.0105,7.424890036134002e-09,0.00013755013060290366,0.06224370002746582,6.883572822857786e-09,1.0,16075.378486127258
36,bert.encoder.layer.9.attention.self.key,key,0.0012512174434959888,0.0105,6.5753171796245624e-09,0.00011872583854710683,0.07923395931720734,3.5601230852222443e-09,0.9999932050704956,13751.265666078465
36,bert.encoder.layer.9.attention.self.value,value,0.007047975901514292,0.0105,2.0517381926765665e-07,0.0038791997358202934,0.786983847618103,2.0183886135782814e-06,0.9964735507965088,14920.60697325784
36,bert.encoder.layer.9.attention.output.dense,dense,0.005453585647046566,0.0105,1.2080433009487024e-07,0.0023529748432338238,0.6492556929588318,1.6880810562724946e-06,0.9994913935661316,19580.260286436394
36,bert.encoder.layer.10.attention.self.query,query,0.0008036625222302973,0.0105,1.2989476161351377e-08,0.00015851586067583412,0.12801605463027954,8.685661967433589e-09,1.0,17894.738330636435
36,bert.encoder.layer.10.attention.self.key,key,0.0007451475248672068,0.0105,9.035810322188809e-09,0.00011100271512987092,0.12782065570354462,5.494369403891142e-09,1.0,16525.2028999031
36,bert.encoder.layer.10.attention.self.value,value,0.0040907165966928005,0.0105,1.2869026022599428e-07,0.0023910822346806526,0.8183821439743042,7.026787329778017e-07,0.9979315996170044,18296.144064706303
36,bert.encoder.layer.10.attention.output.dense,dense,0.0028849563095718622,0.0105,6.088070136911483e-08,0.0010843102354556322,0.45664554834365845,4.638725670247368e-07,1.0,19340.58446291533
36,bert.encoder.layer.11.attention.self.query,query,0.000724579265806824,0.0105,2.2916120556715214e-08,0.00016861465701367706,0.08183780312538147,7.776963073524712e-09,1.0,17356.42776483559
36,bert.encoder.layer.11.attention.self.key,key,0.0006446585757657886,0.0105,1.6553808990238394e-08,0.00011849239672301337,0.0858176052570343,4.778335060962036e-09,1.0,15913.47584244292
36,bert.encoder.layer.11.attention.self.value,value,0.003858451033011079,0.0105,1.3833061984769301e-07,0.0025562045630067587,0.8858215808868408,5.54105781702674e-07,0.9983046054840088,19268.07987817591
36,bert.encoder.layer.11.attention.output.dense,dense,0.0019515806343406439,0.0105,5.342891640225389e-08,0.0010040890192613006,0.40431636571884155,4.2943969447151176e-07,1.0,19392.392947475524
37,bert.encoder.layer.0.attention.self.query,query,0.0030647586099803448,0.010333333333333332,1.0045565801419798e-07,0.0017674892442300916,0.38256964087486267,8.267516022897325e-07,0.9996473789215088,18080.742817762028
37,bert.encoder.layer.0.attention.self.key,key,0.002892959164455533,0.010333333333333332,9.002433642990582e-08,0.0015834856312721968,0.33381277322769165,6.424558023354621e-07,0.9996405839920044,17934.431801026407
37,bert.encoder.layer.0.attention.self.value,value,0.00629256758838892,0.010333333333333332,1.9741449364119035e-07,0.003489699447527528,0.6876437067985535,3.0728501769772265e-06,0.99835205078125,18881.221801518626
37,bert.encoder.layer.0.attention.output.dense,dense,0.007116985972970724,0.010333333333333332,2.0610235651474795e-07,0.0036031408235430717,0.6996387243270874,3.7240881738398457e-06,0.999267578125,19629.81130772679
37,bert.encoder.layer.1.attention.self.query,query,0.005077880807220936,0.010333333333333332,1.1324910076382366e-07,0.0019861264154314995,0.43565481901168823,9.888124168355716e-07,0.9996066689491272,18915.447873081
37,bert.encoder.layer.1.attention.self.key,key,0.004368627909570932,0.010333333333333332,1.0684144768902115e-07,0.0019125435501337051,0.4303024709224701,8.444277455055271e-07,0.9994167685508728,18722.299898984496
37,bert.encoder.layer.1.attention.self.value,value,0.009042001329362392,0.010333333333333332,3.3074243788178137e-07,0.005338633898645639,0.8272383213043213,4.111354883207241e-06,0.9966294765472412,15610.37523513449
37,bert.encoder.layer.1.attention.output.dense,dense,0.0077870930545032024,0.010333333333333332,2.2094801011007803e-07,0.0038699444849044085,0.7253996133804321,4.035519395984011e-06,0.9985690712928772,19947.917959904556
37,bert.encoder.layer.2.attention.self.query,query,0.0035975466016680002,0.010333333333333332,1.0437921815764639e-07,0.0018595902947708964,0.4333828091621399,8.966495101958571e-07,0.9997694492340088,18630.132039337663
37,bert.encoder.layer.2.attention.self.key,key,0.003400172106921673,0.010333333333333332,1.0062947808364697e-07,0.0018120985478162766,0.4177376329898834,8.394484893869958e-07,0.9996677041053772,18460.127993193888
37,bert.encoder.layer.2.attention.self.value,value,0.010916972532868385,0.010333333333333332,3.6393205959939223e-07,0.005919597577303648,0.8363508582115173,5.258613782643806e-06,0.9929402470588684,15674.811987786548
37,bert.encoder.layer.2.attention.output.dense,dense,0.009678441099822521,0.010333333333333332,2.683798072666832e-07,0.004737114999443293,0.7784640789031982,5.062254786025733e-06,0.9954969882965088,19419.056495860536
37,bert.encoder.layer.3.attention.self.query,query,0.0043581570498645306,0.010333333333333332,1.3487301941950136e-07,0.0024154195562005043,0.4895722270011902,1.3855792531103361e-06,0.9989284873008728,18835.426028758757
37,bert.encoder.layer.3.attention.self.key,key,0.004330625757575035,0.010333333333333332,1.341376361096991e-07,0.0023456767667084932,0.4800749123096466,1.2919280152345891e-06,0.9994303584098816,18722.387197480268
37,bert.encoder.layer.3.attention.self.value,value,0.012699508108198643,0.010333333333333332,4.6798950847914966e-07,0.007213131058961153,0.784303605556488,7.147706583054969e-06,0.9860297441482544,17016.37390036933
37,bert.encoder.layer.3.attention.output.dense,dense,0.01136050932109356,0.010333333333333332,3.371948480435094e-07,0.005689640995115042,0.7796478271484375,6.8650779212475754e-06,0.9924452304840088,18126.054799312173
37,bert.encoder.layer.4.attention.self.query,query,0.005908509250730276,0.010333333333333332,1.6062853092080331e-07,0.0028801218140870333,0.6067953705787659,1.4433049955187016e-06,0.9980129599571228,19105.587351435952
37,bert.encoder.layer.4.attention.self.key,key,0.005288156680762768,0.010333333333333332,1.4400364989342052e-07,0.0026490497402846813,0.579844057559967,1.168512312688108e-06,0.9980197548866272,19817.987498414273
37,bert.encoder.layer.4.attention.self.value,value,0.012981284409761429,0.010333333333333332,4.554131010081619e-07,0.007586539722979069,0.8487419486045837,5.558286829909775e-06,0.9875962734222412,16567.073765015535
37,bert.encoder.layer.4.attention.output.dense,dense,0.00967504270374775,0.010333333333333332,2.7292310278426157e-07,0.004800679162144661,0.7447900772094727,4.942375198879745e-06,0.9956122636795044,19145.55438104158
37,bert.encoder.layer.5.attention.self.query,query,0.005201112478971481,0.010333333333333332,1.4390998614999262e-07,0.0025507996324449778,0.500149130821228,1.4852394087938592e-06,0.9989081621170044,19640.83128760845
37,bert.encoder.layer.5.attention.self.key,key,0.00525266956537962,0.010333333333333332,1.4764896150154527e-07,0.0026701788883656263,0.5180708765983582,1.5366948673545267e-06,0.9986165165901184,19529.658598673428
37,bert.encoder.layer.5.attention.self.value,value,0.012700947932898998,0.010333333333333332,3.665590782020445e-07,0.0066399346105754375,0.8092362284660339,5.238490757619729e-06,0.9898207187652588,15564.31518055178
37,bert.encoder.layer.5.attention.output.dense,dense,0.00970559474080801,0.010333333333333332,2.5796362024266273e-07,0.004405361600220203,0.7230146527290344,4.530065780272707e-06,0.9972127079963684,18828.272406129137
37,bert.encoder.layer.6.attention.self.query,query,0.005555143114179373,0.010333333333333332,1.3105761809129035e-07,0.0023583401925861835,0.5150941610336304,1.2688865353993606e-06,0.9988674521446228,18997.804204184253
37,bert.encoder.layer.6.attention.self.key,key,0.005738799460232258,0.010333333333333332,1.2377206815017416e-07,0.0022723127622157335,0.5340589284896851,1.047614659910323e-06,0.9986301064491272,19237.92409007396
37,bert.encoder.layer.6.attention.self.value,value,0.011791260913014412,0.010333333333333332,4.2637120145627705e-07,0.0063603706657886505,0.8546084761619568,3.471291392997955e-06,0.9952324628829956,11830.165405142143
37,bert.encoder.layer.6.attention.output.dense,dense,0.007973529398441315,0.010333333333333332,2.0068291917141323e-07,0.0035754996351897717,0.6882158517837524,3.366501914570108e-06,0.9983249306678772,19581.757067901694
37,bert.encoder.layer.7.attention.self.query,query,0.0058665806427598,0.010333333333333332,1.506694218278426e-07,0.002775744767859578,0.5842458605766296,1.6182959825528087e-06,0.9979926347732544,18660.992571030805
37,bert.encoder.layer.7.attention.self.key,key,0.005082912743091583,0.010333333333333332,1.3702971557449928e-07,0.0025036886800080538,0.5463552474975586,1.3317381899469183e-06,0.9985012412071228,18699.15761950291
37,bert.encoder.layer.7.attention.self.value,value,0.01068680640310049,0.010333333333333332,3.578801965886669e-07,0.00628287810832262,0.8421464562416077,5.204397439229069e-06,0.989013671875,14798.26097604027
37,bert.encoder.layer.7.attention.output.dense,dense,0.00786750391125679,0.010333333333333332,2.519605573070294e-07,0.004434025846421719,0.771590530872345,4.167502993368544e-06,0.9955512285232544,17478.697295201095
37,bert.encoder.layer.8.attention.self.query,query,0.00450556818395853,0.010333333333333332,1.5060786040521634e-07,0.00264406343922019,0.6893410086631775,1.0668240975064691e-06,0.9980875849723816,17718.383868599394
37,bert.encoder.layer.8.attention.self.key,key,0.0030295802280306816,0.010333333333333332,1.1809848388111277e-07,0.002080900827422738,0.6737896203994751,6.765803846064955e-07,0.9988471269607544,17369.338095069095
37,bert.encoder.layer.8.attention.self.value,value,0.008661297149956226,0.010333333333333332,2.9997977435414214e-07,0.005323351360857487,0.8463201522827148,3.1112576834857464e-06,0.9942219853401184,13736.533526095162
37,bert.encoder.layer.8.attention.output.dense,dense,0.00613868422806263,0.010333333333333332,1.7948642039300466e-07,0.0031777480617165565,0.7017455101013184,2.5640542844485026e-06,0.998291015625,17351.071975716546
37,bert.encoder.layer.9.attention.self.query,query,0.001373362960293889,0.010333333333333332,8.438748366756954e-09,0.00017492090410087258,0.12907323241233826,1.0446152387544316e-08,1.0,15999.222795383317
37,bert.encoder.layer.9.attention.self.key,key,0.001274301204830408,0.010333333333333332,7.2561765485090746e-09,9.502765169600025e-05,0.13886623084545135,2.961090705966285e-09,1.0,13718.134337487345
37,bert.encoder.layer.9.attention.self.value,value,0.006951935589313507,0.010333333333333332,1.8722991512731824e-07,0.003448246978223324,0.7779157757759094,1.6119930705826846e-06,0.9972805380821228,14979.80229438491
37,bert.encoder.layer.9.attention.output.dense,dense,0.004902736283838749,0.010333333333333332,9.884795559855775e-08,0.0017796901520341635,0.5453141927719116,1.1659802794383722e-06,1.0,19653.25345687234
37,bert.encoder.layer.10.attention.self.query,query,0.0008783359080553055,0.010333333333333332,6.495505022741099e-09,0.0001383599010296166,0.11268474161624908,6.206443359246805e-09,1.0,17815.05379749825
37,bert.encoder.layer.10.attention.self.key,key,0.0007842205814085901,0.010333333333333332,4.569417733080172e-09,8.888576849130914e-05,0.04320000857114792,3.0339708523285935e-09,1.0,16464.67549067552
37,bert.encoder.layer.10.attention.self.value,value,0.004313284065574408,0.010333333333333332,1.2185050479729398e-07,0.002316704485565424,0.8052424192428589,7.120304417185253e-07,0.9981215000152588,18337.32899466366
37,bert.encoder.layer.10.attention.output.dense,dense,0.0028889882378280163,0.010333333333333332,5.1956984492562697e-08,0.0009411099599674344,0.4033237397670746,4.0734735762271157e-07,1.0,19383.153587657267
37,bert.encoder.layer.11.attention.self.query,query,0.0005830487352795899,0.010333333333333332,6.787932882446057e-09,5.526577297132462e-05,0.031136373057961464,9.768874598137245e-10,1.0,17368.79673996913
37,bert.encoder.layer.11.attention.self.key,key,0.0005422397516667843,0.010333333333333332,5.3977666780724576e-09,5.398423672886565e-05,0.03990142047405243,1.1464104110459061e-09,1.0,15891.411652022312
37,bert.encoder.layer.11.attention.self.value,value,0.003654752392321825,0.010333333333333332,1.3392316589033726e-07,0.0025052938144654036,0.8851355910301208,5.234300033407635e-07,0.9983994960784912,19259.13684675767
37,bert.encoder.layer.11.attention.output.dense,dense,0.0018689753487706184,0.010333333333333332,4.862888047796332e-08,0.0009317092481069267,0.37036237120628357,3.940542114833079e-07,1.0,19326.42527288227
38,bert.encoder.layer.0.attention.self.query,query,0.002547996584326029,0.010166666666666668,8.004641927072953e-08,0.0014278520829975605,0.31303852796554565,6.093282536312472e-07,0.99993896484375,18160.69579755879
38,bert.encoder.layer.0.attention.self.key,key,0.002404648344963789,0.010166666666666668,7.474113772332203e-08,0.001325982972048223,0.3019549548625946,4.911398150397872e-07,0.99981689453125,18002.457071263336
38,bert.encoder.layer.0.attention.self.value,value,0.0056809852831065655,0.010166666666666668,1.7691881737391668e-07,0.0032069366425275803,0.6702097058296204,2.653471710800659e-06,0.9986843466758728,18960.122796830903
38,bert.encoder.layer.0.attention.output.dense,dense,0.006414817180484533,0.010166666666666668,1.8845112492726912e-07,0.0033045788295567036,0.6812101006507874,3.2759007808635943e-06,0.9994913935661316,19682.402141323426
38,bert.encoder.layer.1.attention.self.query,query,0.005250409245491028,0.010166666666666668,9.841751591466164e-08,0.0017134702065959573,0.39463669061660767,7.642439072697016e-07,0.9997151494026184,18991.48294911689
38,bert.encoder.layer.1.attention.self.key,key,0.004381892737001181,0.010166666666666668,9.143779067244395e-08,0.0016395238926634192,0.41571950912475586,6.154751872600173e-07,0.9994845986366272,18738.954044328482
38,bert.encoder.layer.1.attention.self.value,value,0.008470427244901657,0.010166666666666668,3.1595507721249305e-07,0.005023405887186527,0.8293411731719971,3.3533592613821384e-06,0.9973008632659912,15718.986546299697
38,bert.encoder.layer.1.attention.output.dense,dense,0.007150531280785799,0.010166666666666668,2.0304584325003816e-07,0.0036310164723545313,0.7027338147163391,3.6726196412928402e-06,0.9989216923713684,19969.85095285948
38,bert.encoder.layer.2.attention.self.query,query,0.003646363504230976,0.010166666666666668,1.110682958938014e-07,0.002036135643720627,0.4765309989452362,9.424163636140293e-07,0.9994303584098816,18660.842154998536
38,bert.encoder.layer.2.attention.self.key,key,0.003497886238619685,0.010166666666666668,1.0490936119822436e-07,0.0018668299308046699,0.4171624779701233,8.549799872525909e-07,0.9995591640472412,18555.522694818806
38,bert.encoder.layer.2.attention.self.value,value,0.010210511274635792,0.010166666666666668,3.1505740594184317e-07,0.00552371283993125,0.8421941995620728,4.655381417251192e-06,0.9942355751991272,15746.683436523246
38,bert.encoder.layer.2.attention.output.dense,dense,0.008410245180130005,0.010166666666666668,2.3194746745502925e-07,0.004138763062655926,0.7449166178703308,4.254465238773264e-06,0.9976128339767456,19434.14663983131
38,bert.encoder.layer.3.attention.self.query,query,0.004169030115008354,0.010166666666666668,1.3114400587710406e-07,0.0023966466542333364,0.5011376142501831,1.3362789559323573e-06,0.9988674521446228,18923.774880691206
38,bert.encoder.layer.3.attention.self.key,key,0.004192017018795013,0.010166666666666668,1.3801319198591955e-07,0.00244213012047112,0.5071426630020142,1.295246988775034e-06,0.9989216923713684,18876.063763865797
38,bert.encoder.layer.3.attention.self.value,value,0.011210507713258266,0.010166666666666668,3.995367308107234e-07,0.006134410854429007,0.7666978240013123,5.655822860717308e-06,0.9902886152267456,17053.189283793774
38,bert.encoder.layer.3.attention.output.dense,dense,0.010252299718558788,0.010166666666666668,2.941898458175274e-07,0.005142806563526392,0.7667167782783508,6.026103164913366e-06,0.9950697422027588,18185.45139167152
38,bert.encoder.layer.4.attention.self.query,query,0.004672409500926733,0.010166666666666668,1.3891651917674608e-07,0.0025147413834929466,0.5521437525749207,1.2453224371711258e-06,0.9984673261642456,19266.411010805423
38,bert.encoder.layer.4.attention.self.key,key,0.0044081006199121475,0.010166666666666668,1.328773606701361e-07,0.002430701395496726,0.5628184080123901,1.070965936378343e-06,0.9982096552848816,19905.078092800624
38,bert.encoder.layer.4.attention.self.value,value,0.011340321972966194,0.010166666666666668,3.9979823895919253e-07,0.0069305491633713245,0.8388972282409668,4.888002877123654e-06,0.9885796308517456,16735.298439673996
38,bert.encoder.layer.4.attention.output.dense,dense,0.008542804978787899,0.010166666666666668,2.4650316277075035e-07,0.004432570189237595,0.7265748381614685,4.4272364903008565e-06,0.9969346523284912,19136.156206171578
38,bert.encoder.layer.5.attention.self.query,query,0.00519716739654541,0.010166666666666668,1.4873300813178503e-07,0.0026210714131593704,0.5119307041168213,1.4999773156887386e-06,0.9987589716911316,19730.348511748754
38,bert.encoder.layer.5.attention.self.key,key,0.005200834479182959,0.010166666666666668,1.425886324568637e-07,0.002631483366712928,0.5148941874504089,1.498145934419881e-06,0.9982706904411316,19518.63561801006
38,bert.encoder.layer.5.attention.self.value,value,0.011098136194050312,0.010166666666666668,3.206070573469333e-07,0.005913402885198593,0.7786945104598999,4.663256731873844e-06,0.9917128086090088,15654.435017148486
38,bert.encoder.layer.5.attention.output.dense,dense,0.009071022272109985,0.010166666666666668,2.306954343112011e-07,0.0040568141266703606,0.711016058921814,4.04573756895843e-06,0.9981486201286316,18840.807740600576
38,bert.encoder.layer.6.attention.self.query,query,0.004572515841573477,0.010166666666666668,1.3528534736906295e-07,0.002356717362999916,0.5359552502632141,1.1898276852662093e-06,0.9985419511795044,18962.06249101513
38,bert.encoder.layer.6.attention.self.key,key,0.004395367577672005,0.010166666666666668,1.2240576552358107e-07,0.0021675419993698597,0.5640799403190613,8.89672378434625e-07,0.9986369013786316,19260.622188831443
38,bert.encoder.layer.6.attention.self.value,value,0.010368330404162407,0.010166666666666668,3.523917371239804e-07,0.005892173852771521,0.8580067157745361,3.0449286896327976e-06,0.9956936240196228,11883.204266446095
38,bert.encoder.layer.6.attention.output.dense,dense,0.006900371052324772,0.010166666666666668,1.6847685913035093e-07,0.00303431018255651,0.638390839099884,2.6932107175525744e-06,0.9993150234222412,19583.019788581045
38,bert.encoder.layer.7.attention.self.query,query,0.004250539932399988,0.010166666666666668,1.1966871227286902e-07,0.0019946605898439884,0.48539286851882935,1.0769855407488649e-06,0.9998508095741272,18804.98014527845
38,bert.encoder.layer.7.attention.self.key,key,0.004157772287726402,0.010166666666666668,1.2231809876084299e-07,0.002155992900952697,0.4907882511615753,1.1550878298294265e-06,0.9995524287223816,18809.951631954867
38,bert.encoder.layer.7.attention.self.value,value,0.009457125328481197,0.010166666666666668,3.1709694781056896e-07,0.0056990222074091434,0.8287400007247925,4.712459940492408e-06,0.9904921054840088,14865.373327055699
38,bert.encoder.layer.7.attention.output.dense,dense,0.007547569926828146,0.010166666666666668,2.54566998592054e-07,0.004520889837294817,0.7849442958831787,3.994350663560908e-06,0.9950493574142456,17512.661232516173
38,bert.encoder.layer.8.attention.self.query,query,0.003291844390332699,0.010166666666666668,1.052916331900633e-07,0.0018660880159586668,0.5600430369377136,6.60348632663954e-07,0.9992811679840088,17710.66506928572
38,bert.encoder.layer.8.attention.self.key,key,0.0023050091695040464,0.010166666666666668,7.792241518700393e-08,0.001449849340133369,0.5469678640365601,4.7631868937969557e-07,0.99969482421875,17441.98140640561
38,bert.encoder.layer.8.attention.self.value,value,0.007267329376190901,0.010166666666666668,2.413395634448534e-07,0.004464623052626848,0.8265087008476257,2.392861460975837e-06,0.9964463710784912,13743.544629788168
38,bert.encoder.layer.8.attention.output.dense,dense,0.0052001141011714935,0.010166666666666668,1.4885452515045472e-07,0.0027821618132293224,0.6595980525016785,2.3211189272842603e-06,0.9996609091758728,17364.630150657384
38,bert.encoder.layer.9.attention.self.query,query,0.0015734502812847495,0.010166666666666668,6.583164235962613e-09,0.0001711336080916226,0.1468351036310196,1.0042973563884061e-08,1.0,16031.23514958571
38,bert.encoder.layer.9.attention.self.key,key,0.001310545951128006,0.010166666666666668,6.014486686467535e-09,9.231017611455172e-05,0.09724999964237213,2.8116093897523342e-09,1.0,13774.444614285507
38,bert.encoder.layer.9.attention.self.value,value,0.005704267416149378,0.010166666666666668,1.600251096078864e-07,0.0030599492602050304,0.7588240504264832,1.3999480188431335e-06,0.9977281093597412,14963.20625873248
38,bert.encoder.layer.9.attention.output.dense,dense,0.004166760947555304,0.010166666666666668,8.535312900903591e-08,0.0016554363537579775,0.5431323647499084,1.008469666885503e-06,0.9999932050704956,19630.975835884437
38,bert.encoder.layer.10.attention.self.query,query,0.0008773555746302009,0.010166666666666668,4.903393691080282e-09,9.502108150627464e-05,0.11813705414533615,2.7305167016322685e-09,1.0,17855.673819350628
38,bert.encoder.layer.10.attention.self.key,key,0.0007725184550508857,0.010166666666666668,3.6490663823940395e-09,5.0997285143239424e-05,0.021614007651805878,9.624525620921531e-10,1.0,16496.542152799262
38,bert.encoder.layer.10.attention.self.value,value,0.0039247386157512665,0.010166666666666668,1.1834912783115215e-07,0.0023179741110652685,0.792107880115509,7.80854236381856e-07,0.99798583984375,18350.06436361566
38,bert.encoder.layer.10.attention.output.dense,dense,0.002600567415356636,0.010166666666666668,6.014796838371694e-08,0.0011215778067708015,0.4848918616771698,4.775426418746065e-07,0.9999525547027588,19370.544902102767
38,bert.encoder.layer.11.attention.self.query,query,0.0008429273148067296,0.010166666666666668,5.133667269063835e-09,5.145854811416939e-05,0.0169178768992424,9.792732180713415e-10,1.0,17376.674866045432
38,bert.encoder.layer.11.attention.self.key,key,0.0008800642099231482,0.010166666666666668,4.89392348868023e-09,4.417467425810173e-05,0.030184559524059296,7.198079354786557e-10,1.0,15937.809615909813
38,bert.encoder.layer.11.attention.self.value,value,0.003649695310741663,0.010166666666666668,1.360921402238091e-07,0.0024855455849319696,0.8861810564994812,4.994262781110592e-07,0.9984944462776184,19208.399033252208
38,bert.encoder.layer.11.attention.output.dense,dense,0.002037708880379796,0.010166666666666668,5.1470927076024964e-08,0.001033966545946896,0.4122169017791748,4.557545594252588e-07,1.0,19230.822692777652
39,bert.encoder.layer.0.attention.self.query,query,0.002251955447718501,0.01,6.929457896376334e-08,0.0012206446845084429,0.28772619366645813,4.5840013740416907e-07,0.9999050498008728,18203.651085982616
39,bert.encoder.layer.0.attention.self.key,key,0.0021682889200747013,0.01,6.583485401279177e-08,0.0011893075425177813,0.2748591899871826,4.136598192872043e-07,0.9999321699142456,18050.533649546203
39,bert.encoder.layer.0.attention.self.value,value,0.004917860962450504,0.01,1.5667031050270452e-07,0.0028095832094550133,0.6449898481369019,2.1108337477926398e-06,0.9989827275276184,19069.895467758357
39,bert.encoder.layer.0.attention.output.dense,dense,0.0055956002324819565,0.01,1.6547468817407207e-07,0.002875468460842967,0.6502211093902588,2.645165523063042e-06,0.9995456337928772,19694.611754037018
39,bert.encoder.layer.1.attention.self.query,query,0.004300870466977358,0.01,8.932000383765626e-08,0.0015496541745960712,0.37404707074165344,6.423381933018391e-07,0.9998033046722412,19021.52771819286
39,bert.encoder.layer.1.attention.self.key,key,0.003644348355010152,0.01,8.082072611159674e-08,0.0014239944284781814,0.37205037474632263,5.322663128026761e-07,0.9997897744178772,18796.98552457859
39,bert.encoder.layer.1.attention.self.value,value,0.007213085889816284,0.01,2.411483137620962e-07,0.004239712841808796,0.8051880598068237,2.8733868475683266e-06,0.9978569746017456,15804.196760285693
39,bert.encoder.layer.1.attention.output.dense,dense,0.0063622016459703445,0.01,1.80785349357393e-07,0.003209607442840934,0.6719312071800232,3.1034419407660607e-06,0.9994167685508728,19961.041885199927
39,bert.encoder.layer.2.attention.self.query,query,0.0032999881077557802,0.01,9.208113738168322e-08,0.0017498658271506429,0.40974798798561096,7.81461096721614e-07,0.9997355341911316,18661.787009654654
39,bert.encoder.layer.2.attention.self.key,key,0.0032079312950372696,0.01,8.836197906703092e-08,0.001681043184362352,0.40030962228775024,6.956227025511907e-07,0.9996337890625,18515.19557489832
39,bert.encoder.layer.2.attention.self.value,value,0.008811290375888348,0.01,2.7841849714604905e-07,0.004816190805286169,0.8143989443778992,3.945187927456573e-06,0.9961140751838684,15759.15978911697
39,bert.encoder.layer.2.attention.output.dense,dense,0.00730768172070384,0.01,2.0258228516922827e-07,0.0035744900815188885,0.7093282341957092,3.5069815567112528e-06,0.9987453818321228,19421.0550607073
39,bert.encoder.layer.3.attention.self.query,query,0.0032807739917188883,0.01,9.435772341248594e-08,0.0016846752259880304,0.39569681882858276,8.176655228453455e-07,0.9997897744178772,19006.20990236751
39,bert.encoder.layer.3.attention.self.key,key,0.003312540939077735,0.01,9.846038295791004e-08,0.0017617472913116217,0.4003356993198395,8.527237582711678e-07,0.9997287392616272,18942.274248887355
39,bert.encoder.layer.3.attention.self.value,value,0.01038882602006197,0.01,3.393666645479243e-07,0.005942449439316988,0.8021724820137024,5.316455826687161e-06,0.9914414882659912,17104.361531542607
39,bert.encoder.layer.3.attention.output.dense,dense,0.009320961311459541,0.01,2.6722855750449526e-07,0.004641473293304443,0.7535263895988464,5.192550361243775e-06,0.9967041015625,18168.195679038912
39,bert.encoder.layer.4.attention.self.query,query,0.0043356046080589294,0.01,1.411875558687825e-07,0.0025501365307718515,0.578393816947937,1.2058055745001184e-06,0.9982842206954956,19216.545903195507
39,bert.encoder.layer.4.attention.self.key,key,0.004156115930527449,0.01,1.355636953803696e-07,0.0024417589884251356,0.5695222020149231,1.0557430414337432e-06,0.9982638955116272,19863.827373963984
39,bert.encoder.layer.4.attention.self.value,value,0.011070718988776207,0.01,3.631808169757278e-07,0.006693120114505291,0.8340935111045837,4.757666829391383e-06,0.9887627363204956,16905.63241874409
39,bert.encoder.layer.4.attention.output.dense,dense,0.00809063483029604,0.01,2.3657780445773824e-07,0.004221624694764614,0.7153655290603638,4.136612460570177e-06,0.99725341796875,19136.004201992782
39,bert.encoder.layer.5.attention.self.query,query,0.004667228553444147,0.01,1.3386355135480699e-07,0.002551640383899212,0.5038984417915344,1.4895626918587368e-06,0.9988132119178772,19638.68277835733
39,bert.encoder.layer.5.attention.self.key,key,0.004566258750855923,0.01,1.3310059898685722e-07,0.002478543668985367,0.5075942873954773,1.3445046533888672e-06,0.9984605312347412,19398.006721807596
39,bert.encoder.layer.5.attention.self.value,value,0.011415540240705013,0.01,3.383529474376701e-07,0.006288167089223862,0.7924375534057617,5.029177827964304e-06,0.9903971552848816,15774.491162162945
39,bert.encoder.layer.5.attention.output.dense,dense,0.008696158416569233,0.01,2.2924005804725311e-07,0.003954900894314051,0.705790638923645,3.906000983988633e-06,0.9981147050857544,18922.460602190862
39,bert.encoder.layer.6.attention.self.query,query,0.004096219781786203,0.01,1.2229676826791547e-07,0.0023010040167719126,0.5173368453979492,1.1332970188959735e-06,0.9987521767616272,18890.91202183341
39,bert.encoder.layer.6.attention.self.key,key,0.003849840024486184,0.01,1.0952332019087407e-07,0.0020151673816144466,0.5113826990127563,8.549441190552898e-07,0.9989827275276184,19175.05680512572
39,bert.encoder.layer.6.attention.self.value,value,0.01084539107978344,0.01,3.909266581558768e-07,0.006190232466906309,0.8583031892776489,3.324189492559526e-06,0.9955241084098816,11956.01647997262
39,bert.encoder.layer.6.attention.output.dense,dense,0.00710783526301384,0.01,1.8037212612398434e-07,0.003172669094055891,0.6550821661949158,2.8145780106569873e-06,0.9991455078125,19609.715394452774
39,bert.encoder.layer.7.attention.self.query,query,0.004505091346800327,0.01,1.2968648377409409e-07,0.0024043270386755466,0.5501789450645447,1.2941604836669285e-06,0.9986233115196228,18643.096704953165
39,bert.encoder.layer.7.attention.self.key,key,0.004100095480680466,0.01,1.2201050481053244e-07,0.002223013201728463,0.5256569385528564,1.1492827525216853e-06,0.9991183876991272,18722.742092901466
39,bert.encoder.layer.7.attention.self.value,value,0.009512620978057384,0.01,3.245176003474626e-07,0.005808503367006779,0.835359513759613,4.559717126539908e-06,0.9912448525428772,14950.933434946513
39,bert.encoder.layer.7.attention.output.dense,dense,0.00724424235522747,0.01,2.253386526263057e-07,0.004039732739329338,0.7616038918495178,3.5665045743371593e-06,0.9962971806526184,17561.719540971477
39,bert.encoder.layer.8.attention.self.query,query,0.004303907975554466,0.01,1.5565746025458793e-07,0.0029188108164817095,0.6858335733413696,1.2471251693568774e-06,0.9979587197303772,17785.090843921076
39,bert.encoder.layer.8.attention.self.key,key,0.003176311729475856,0.01,1.250450196721431e-07,0.0023979938123375177,0.6790618896484375,8.880418249646027e-07,0.9983384609222412,17640.434445310282
39,bert.encoder.layer.8.attention.self.value,value,0.007605851627886295,0.01,2.533000440507749e-07,0.004758996888995171,0.8328180909156799,2.8078291052224813e-06,0.9953681230545044,13803.398508963168
39,bert.encoder.layer.8.attention.output.dense,dense,0.005485917907208204,0.01,1.7227836224265047e-07,0.0031590911094099283,0.7272225618362427,2.37897120314301e-06,0.9981011152267456,17356.730497396202
39,bert.encoder.layer.9.attention.self.query,query,0.0011923611164093018,0.01,5.2406892159240215e-09,0.00010756332630990073,0.07083430141210556,4.131312625332839e-09,1.0,15983.876577868898
39,bert.encoder.layer.9.attention.self.key,key,0.001010305481031537,0.01,5.261115987309495e-09,7.494258170481771e-05,0.04489951580762863,1.8198610396424897e-09,1.0,13702.338873918361
39,bert.encoder.layer.9.attention.self.value,value,0.0047489432618021965,0.01,1.4925633706752706e-07,0.002831018529832363,0.7432664036750793,1.212013103213394e-06,0.9978434443473816,15044.19985988756
39,bert.encoder.layer.9.attention.output.dense,dense,0.0036160401068627834,0.01,8.584461141936117e-08,0.0016031551640480757,0.5484610795974731,9.987485327656032e-07,0.9999728798866272,19658.265737796974
39,bert.encoder.layer.10.attention.self.query,query,0.00036533502861857414,0.01,3.953765759234784e-09,0.00010399703751318157,0.07591976225376129,3.5935106001971917e-09,1.0,17813.585722055406
39,bert.encoder.layer.10.attention.self.key,key,0.00023820278875064105,0.01,3.2191262988590097e-09,7.092482701409608e-05,0.03096669539809227,1.7304301325182792e-09,1.0,16446.030616087875
39,bert.encoder.layer.10.attention.self.value,value,0.0027431908529251814,0.01,9.199159478612273e-08,0.0016111693112179637,0.7914997935295105,3.940382669043174e-07,0.9989216923713684,18362.002286215167
39,bert.encoder.layer.10.attention.output.dense,dense,0.0020825020037591457,0.01,4.742966197568421e-08,0.0008362376829609275,0.376017689704895,3.143535423077992e-07,1.0,19386.102396032045
39,bert.encoder.layer.11.attention.self.query,query,0.00012401393905747682,0.01,3.958943395332426e-09,6.007788761053234e-05,0.007646255660802126,1.11219700116294e-09,1.0,17396.23739909959
39,bert.encoder.layer.11.attention.self.key,key,0.00010828157246578485,0.01,3.1234890229825396e-09,2.8975402528885752e-05,0.015469582751393318,3.358303357625658e-10,1.0,15967.2187986003
39,bert.encoder.layer.11.attention.self.value,value,0.002966933883726597,0.01,1.14226935465922e-07,0.002057419391348958,0.8892242312431335,3.7469089875230566e-07,0.9986097812652588,19239.28254167492
39,bert.encoder.layer.11.attention.output.dense,dense,0.0014680110616609454,0.01,4.096378702911352e-08,0.0007313764654099941,0.28321075439453125,2.463528687712824e-07,1.0,19270.884343377013
40,bert.encoder.layer.0.attention.self.query,query,0.002276791026815772,0.009833333333333333,7.148196345951874e-08,0.001268453081138432,0.28698277473449707,4.981593519914895e-07,0.9999660849571228,18137.40513960613
40,bert.encoder.layer.0.attention.self.key,key,0.0022760878782719374,0.009833333333333333,6.750118330955956e-08,0.0012831097701564431,0.2876833379268646,4.5697481709794374e-07,0.9999050498008728,17968.814128991467
40,bert.encoder.layer.0.attention.self.value,value,0.005182291381061077,0.009833333333333333,1.6480285580655618e-07,0.002933005103841424,0.6584056615829468,2.2772794636694016e-06,0.9989216923713684,18988.88146722762
40,bert.encoder.layer.0.attention.output.dense,dense,0.00570587906986475,0.009833333333333333,1.7157287857116899e-07,0.0029674340039491653,0.6512038111686707,2.800615220621694e-06,0.9997287392616272,19704.198999795575
40,bert.encoder.layer.1.attention.self.query,query,0.004364242311567068,0.009833333333333333,8.638490811563315e-08,0.0015336964279413223,0.35888993740081787,6.395316063390055e-07,0.9997761845588684,18993.87186417992
40,bert.encoder.layer.1.attention.self.key,key,0.004210448823869228,0.009833333333333333,8.328817102665198e-08,0.0014821116346865892,0.3733663856983185,5.586397264778498e-07,0.9997694492340088,18764.76878108382
40,bert.encoder.layer.1.attention.self.value,value,0.0077485376968979836,0.009833333333333333,2.6982806389241887e-07,0.0045578330755233765,0.8219242095947266,2.879362909880001e-06,0.9975314736366272,15816.023952930884
40,bert.encoder.layer.1.attention.output.dense,dense,0.006182900629937649,0.009833333333333333,1.7780985217541456e-07,0.0030627348460257053,0.6570411920547485,2.9165498744987417e-06,0.9995253086090088,19986.58399190982
40,bert.encoder.layer.2.attention.self.query,query,0.0033033895306289196,0.009833333333333333,8.635664272560462e-08,0.0015857926337048411,0.3721112608909607,6.645695975748822e-07,0.9998372197151184,18713.957904862345
40,bert.encoder.layer.2.attention.self.key,key,0.003156382590532303,0.009833333333333333,8.083637936806554e-08,0.0015087630599737167,0.35160794854164124,6.029850965205696e-07,0.9999186396598816,18473.028121435393
40,bert.encoder.layer.2.attention.self.value,value,0.009046493098139763,0.009833333333333333,2.924437580986705e-07,0.004878343548625708,0.8245311379432678,3.7626571156579303e-06,0.9961615800857544,15831.101909071622
40,bert.encoder.layer.2.attention.output.dense,dense,0.007261610124260187,0.009833333333333333,2.0428413449735672e-07,0.0035500316880643368,0.7119004726409912,3.4186805351055227e-06,0.9986436367034912,19455.09528852973
40,bert.encoder.layer.3.attention.self.query,query,0.003340426366776228,0.009833333333333333,1.0390316163011448e-07,0.0018461373401805758,0.413534551858902,9.042873330145085e-07,0.9996677041053772,18896.004016069503
40,bert.encoder.layer.3.attention.self.key,key,0.003312519285827875,0.009833333333333333,1.0197024380431685e-07,0.0018248873529955745,0.42133215069770813,8.453005762021348e-07,0.9996541142463684,18785.20127749161
40,bert.encoder.layer.3.attention.self.value,value,0.010604253038764,0.009833333333333333,3.7815291875631374e-07,0.006087902467697859,0.8095825910568237,5.114927716931561e-06,0.9915297031402588,17133.796403174256
40,bert.encoder.layer.3.attention.output.dense,dense,0.009289772249758244,0.009833333333333333,2.771930098788289e-07,0.00469988351687789,0.7569968700408936,5.2523441809171345e-06,0.9962090253829956,18190.256013390765
40,bert.encoder.layer.4.attention.self.query,query,0.00431954488158226,0.009833333333333333,1.2634980350867409e-07,0.002345711924135685,0.5345612168312073,1.1449706107669044e-06,0.998779296875,19163.02657015244
40,bert.encoder.layer.4.attention.self.key,key,0.003937566187232733,0.009833333333333333,1.1834111290909277e-07,0.002184181474149227,0.5185273885726929,9.196894552587764e-07,0.9987114667892456,19860.544291990518
40,bert.encoder.layer.4.attention.self.value,value,0.010437021031975746,0.009833333333333333,3.676009328046348e-07,0.006129623856395483,0.8196933269500732,4.0102668208419345e-06,0.9918484091758728,17002.39528813346
40,bert.encoder.layer.4.attention.output.dense,dense,0.007864996790885925,0.009833333333333333,2.3816809857635235e-07,0.004152779001742601,0.713803768157959,3.967861175624421e-06,0.9974568486213684,19181.830865254065
40,bert.encoder.layer.5.attention.self.query,query,0.00450034299865365,0.009833333333333333,1.2756333944707876e-07,0.0022291739005595446,0.4827125072479248,1.1869223044413957e-06,0.9992879033088684,19710.908356372816
40,bert.encoder.layer.5.attention.self.key,key,0.004483888391405344,0.009833333333333333,1.2616926881037216e-07,0.002250801306217909,0.49475449323654175,1.1573987421797938e-06,0.9988742470741272,19489.890295023462
40,bert.encoder.layer.5.attention.self.value,value,0.010831944644451141,0.009833333333333333,3.316181107493321e-07,0.00603054603561759,0.7934574484825134,4.555146915663499e-06,0.9920383095741272,15900.352887438128
40,bert.encoder.layer.5.attention.output.dense,dense,0.008389128372073174,0.009833333333333333,2.2012267208992853e-07,0.0037990936543792486,0.709218442440033,3.6064568575966405e-06,0.9980061650276184,18969.58108386642
40,bert.encoder.layer.6.attention.self.query,query,0.004522623028606176,0.009833333333333333,1.2883559463716665e-07,0.002303923014551401,0.5291478037834167,1.198180029859941e-06,0.9986708164215088,19064.18522289915
40,bert.encoder.layer.6.attention.self.key,key,0.004076388664543629,0.009833333333333333,1.1559042434328148e-07,0.00211578281596303,0.5517033338546753,8.536545692550135e-07,0.9988742470741272,19296.099561149287
40,bert.encoder.layer.6.attention.self.value,value,0.010843205265700817,0.009833333333333333,3.702326694110525e-07,0.0059617250226438046,0.858067512512207,3.079342832279508e-06,0.9954562783241272,12064.840007575547
40,bert.encoder.layer.6.attention.output.dense,dense,0.00685608945786953,0.009833333333333333,1.7574512867213343e-07,0.0030032405629754066,0.6487248539924622,2.516355607440346e-06,0.9988471269607544,19625.77350731542
40,bert.encoder.layer.7.attention.self.query,query,0.0042787273414433,0.009833333333333333,1.1884950623652912e-07,0.00214579701423645,0.5248274207115173,1.1249926501477603e-06,0.9992404580116272,18854.36620220088
40,bert.encoder.layer.7.attention.self.key,key,0.00392657658085227,0.009833333333333333,1.1088821594285037e-07,0.0020756893791258335,0.5073663592338562,9.897732979879947e-07,0.9991862177848816,18809.57473290587
40,bert.encoder.layer.7.attention.self.value,value,0.009924406185746193,0.009833333333333333,3.261296797063551e-07,0.0059127602726221085,0.831042468547821,4.987570264347596e-06,0.9909803867340088,15052.098751929183
40,bert.encoder.layer.7.attention.output.dense,dense,0.007003489416092634,0.009833333333333333,2.2440596580963756e-07,0.003913728054612875,0.7497208118438721,3.544989567672019e-06,0.9971449375152588,17614.74193612942
40,bert.encoder.layer.8.attention.self.query,query,0.003744740504771471,0.009833333333333333,1.1021188583981711e-07,0.0021712705492973328,0.5912802815437317,8.390180710193818e-07,0.9991115927696228,17841.370920328223
40,bert.encoder.layer.8.attention.self.key,key,0.002859650645405054,0.009833333333333333,8.866357603665165e-08,0.0017821874935179949,0.6069602966308594,6.108812158345245e-07,0.9992268681526184,17787.32421916125
40,bert.encoder.layer.8.attention.self.value,value,0.007774054072797298,0.009833333333333333,2.71795187245516e-07,0.004724364262074232,0.8406063914299011,2.393382601439953e-06,0.9960734248161316,13848.0442946323
40,bert.encoder.layer.8.attention.output.dense,dense,0.005266840104013681,0.009833333333333333,1.5730181246453867e-07,0.002542775124311447,0.6471970677375793,1.863539523583313e-06,0.9993218183517456,17440.04463941765
40,bert.encoder.layer.9.attention.self.query,query,0.0012411917559802532,0.009833333333333333,3.931600822681958e-09,0.00011635955888777971,0.059380482882261276,4.695030142443102e-09,1.0,15915.945625691478
40,bert.encoder.layer.9.attention.self.key,key,0.0010239097755402327,0.009833333333333333,3.809356385886531e-09,7.755578553769737e-05,0.023605111986398697,1.649337111331306e-09,1.0,13622.308780382347
40,bert.encoder.layer.9.attention.self.value,value,0.005131197161972523,0.009833333333333333,1.647755851763577e-07,0.002959110541269183,0.7712350487709045,1.2068971955159213e-06,0.9975653886795044,15103.549709868797
40,bert.encoder.layer.9.attention.output.dense,dense,0.00354915764182806,0.009833333333333333,9.227252917298756e-08,0.0015060483710840344,0.5396355390548706,8.22019501356408e-07,0.9999457597732544,19725.15911771163
40,bert.encoder.layer.10.attention.self.query,query,0.0006157467723824084,0.009833333333333333,2.9785247601665787e-09,6.148127431515604e-05,0.029367689043283463,1.2910656987941138e-09,1.0,17829.585810064484
40,bert.encoder.layer.10.attention.self.key,key,0.0005242170882411301,0.009833333333333333,2.6138353703686334e-09,3.0918985430616885e-05,0.07571705430746078,3.5964306532854096e-10,1.0,16460.05231245759
40,bert.encoder.layer.10.attention.self.value,value,0.0029005389660596848,0.009833333333333333,9.243856879947998e-08,0.0016928641125559807,0.7717874646186829,4.495690859585011e-07,0.9989013671875,18384.454359176994
40,bert.encoder.layer.10.attention.output.dense,dense,0.002036504680290818,0.009833333333333333,4.738843628615541e-08,0.000779529451392591,0.35417985916137695,2.8549757757900807e-07,1.0,19410.13000208909
40,bert.encoder.layer.11.attention.self.query,query,0.00011601632286328822,0.009833333333333333,3.0241940063291395e-09,2.8909889806527644e-05,0.012450450100004673,3.350883459596332e-10,1.0,17399.941757108012
40,bert.encoder.layer.11.attention.self.key,key,0.0001369931997032836,0.009833333333333333,3.6190510588340885e-09,5.788499765913002e-05,0.05841883271932602,1.042875563683765e-09,1.0,15963.558293271624
40,bert.encoder.layer.11.attention.self.value,value,0.003259901190176606,0.009833333333333333,1.1826671908465869e-07,0.002102209720760584,0.8948943614959717,3.6611831433219777e-07,0.9986233115196228,19199.016696508792
40,bert.encoder.layer.11.attention.output.dense,dense,0.0014237771974876523,0.009833333333333333,4.381960749810787e-08,0.0006875400431454182,0.277222603559494,2.161073808792935e-07,1.0,19316.87240711322
41,bert.encoder.layer.0.attention.self.query,query,0.002101165009662509,0.009666666666666669,6.12964683455175e-08,0.0011290662223473191,0.260067343711853,4.016891352875973e-07,0.9999796748161316,18192.39254799886
41,bert.encoder.layer.0.attention.self.key,key,0.002035290002822876,0.009666666666666669,5.6646985768793456e-08,0.0010739266872406006,0.24632519483566284,3.269907153935492e-07,0.9999050498008728,18069.725504397375
41,bert.encoder.layer.0.attention.self.value,value,0.004598208237439394,0.009666666666666669,1.365502697581178e-07,0.002460341202095151,0.5976284146308899,1.8069266616294044e-06,0.9993557333946228,19031.588916234134
41,bert.encoder.layer.0.attention.output.dense,dense,0.005285187624394894,0.009666666666666669,1.5375600526112976e-07,0.0027571171522140503,0.6332383751869202,2.4862417831172934e-06,0.9997016191482544,19718.224377756036
41,bert.encoder.layer.1.attention.self.query,query,0.004260329529643059,0.009666666666666669,7.374040222885014e-08,0.0012891733786091208,0.329633891582489,4.803533784070169e-07,0.9999253749847412,19037.210256410257
41,bert.encoder.layer.1.attention.self.key,key,0.003720243461430073,0.009666666666666669,6.808969743588023e-08,0.0012134761782363057,0.3317490518093109,4.0551128677179804e-07,0.9999457597732544,18806.832406480524
41,bert.encoder.layer.1.attention.self.value,value,0.007422273512929678,0.009666666666666669,2.4420683075732086e-07,0.004233866464346647,0.8152458667755127,2.6335567326896125e-06,0.9978366494178772,15836.968029034499
41,bert.encoder.layer.1.attention.output.dense,dense,0.005985382944345474,0.009666666666666669,1.6163465943463962e-07,0.0029112205374985933,0.6483433246612549,2.653213641679031e-06,0.9994370937347412,19990.44012580349
41,bert.encoder.layer.2.attention.self.query,query,0.00306145753711462,0.009666666666666669,8.778015114785376e-08,0.0016007667873054743,0.41418972611427307,6.140083428363141e-07,0.99969482421875,18831.027400127212
41,bert.encoder.layer.2.attention.self.key,key,0.002886112779378891,0.009666666666666669,7.887295083719437e-08,0.0014127694303169847,0.3592219352722168,5.257877546682721e-07,0.9998236894607544,18548.24575737434
41,bert.encoder.layer.2.attention.self.value,value,0.009027773514389992,0.009666666666666669,2.9003228974033846e-07,0.004900382366031408,0.8238402009010315,3.8069799757067813e-06,0.9964802861213684,15916.853663613836
41,bert.encoder.layer.2.attention.output.dense,dense,0.0070188166573643684,0.009666666666666669,1.9442151710791222e-07,0.00346184428781271,0.700425386428833,3.3467561024735915e-06,0.9989759922027588,19467.62487723573
41,bert.encoder.layer.3.attention.self.query,query,0.0033306016121059656,0.009666666666666669,9.641514253644345e-08,0.0017676767893135548,0.44109269976615906,8.002969593690068e-07,0.9995863437652588,18833.413647431036
41,bert.encoder.layer.3.attention.self.key,key,0.003233307506889105,0.009666666666666669,9.881314610993286e-08,0.001759747276082635,0.4245336353778839,7.793460099492222e-07,0.9995591640472412,18682.60967775795
41,bert.encoder.layer.3.attention.self.value,value,0.01071260217577219,0.009666666666666669,4.152016117586754e-07,0.005896036513149738,0.7334908843040466,5.368763595470227e-06,0.9911363124847412,17085.466957971825
41,bert.encoder.layer.3.attention.output.dense,dense,0.009176447987556458,0.009666666666666669,2.686792299755325e-07,0.004776420071721077,0.7627180814743042,5.390525529946899e-06,0.9962294101715088,18249.170678762428
41,bert.encoder.layer.4.attention.self.query,query,0.0043944851495325565,0.009666666666666669,1.3891754235828557e-07,0.002557569881901145,0.6032840013504028,1.2229972981003812e-06,0.9981960654258728,19188.87997913885
41,bert.encoder.layer.4.attention.self.key,key,0.004061655141413212,0.009666666666666669,1.3485383476563584e-07,0.002478695707395673,0.5819953083992004,1.0497249149921117e-06,0.9982842206954956,19923.159702133613
41,bert.encoder.layer.4.attention.self.value,value,0.010399824008345604,0.009666666666666669,3.690417713642091e-07,0.00642695277929306,0.8319687247276306,4.404372702992987e-06,0.9902682900428772,16899.085781685804
41,bert.encoder.layer.4.attention.output.dense,dense,0.007468923460692167,0.009666666666666669,2.2691985179790208e-07,0.003994056489318609,0.7065801024436951,3.8214802771108225e-06,0.9978569746017456,19173.00740315349
41,bert.encoder.layer.5.attention.self.query,query,0.004534320905804634,0.009666666666666669,1.3061939796443767e-07,0.0023252402897924185,0.4750771224498749,1.2560734603539458e-06,0.9990708827972412,19757.454233854452
41,bert.encoder.layer.5.attention.self.key,key,0.0043461378663778305,0.009666666666666669,1.2623225131846993e-07,0.002284054644405842,0.5006346702575684,1.15600278149941e-06,0.9987725019454956,19527.03710792153
41,bert.encoder.layer.5.attention.self.value,value,0.00950519647449255,0.009666666666666669,2.8421632691788545e-07,0.005229564383625984,0.764880895614624,3.691874553624075e-06,0.9942626953125,15971.171622768556
41,bert.encoder.layer.5.attention.output.dense,dense,0.007407852914184332,0.009666666666666669,1.932076543198491e-07,0.003432399360463023,0.6788960695266724,3.195293402313837e-06,0.9987589716911316,18954.91039420753
41,bert.encoder.layer.6.attention.self.query,query,0.0038194519001990557,0.009666666666666669,1.1090291707205324e-07,0.0019990038126707077,0.4827170968055725,9.58668806561036e-07,0.9991658329963684,19170.307942849326
41,bert.encoder.layer.6.attention.self.key,key,0.003580668708309531,0.009666666666666669,1.0331469013635797e-07,0.0018423766596242785,0.50833660364151,7.481223747163313e-07,0.9993150234222412,19362.003769344185
41,bert.encoder.layer.6.attention.self.value,value,0.0094231478869915,0.009666666666666669,3.20580227253231e-07,0.005442833993583918,0.8491183519363403,2.738139301072806e-06,0.9960734248161316,12130.552399217875
41,bert.encoder.layer.6.attention.output.dense,dense,0.006320202723145485,0.009666666666666669,1.6735167207571067e-07,0.0029837603215128183,0.6476831436157227,2.4588871383457445e-06,0.9987453818321228,19650.461949177698
41,bert.encoder.layer.7.attention.self.query,query,0.004003348294645548,0.009666666666666669,9.839559567126344e-08,0.0017799524357542396,0.4407346844673157,9.559223599353572e-07,0.9999118447303772,18849.420166373195
41,bert.encoder.layer.7.attention.self.key,key,0.003554516937583685,0.009666666666666669,9.910204568086556e-08,0.001736970036290586,0.4385910928249359,8.55013865930232e-07,0.9996880292892456,18848.591196315072
41,bert.encoder.layer.7.attention.self.value,value,0.008838633075356483,0.009666666666666669,2.9351039643188415e-07,0.005371803883463144,0.8141034841537476,4.286147941456875e-06,0.9927910566329956,15145.201017037496
41,bert.encoder.layer.7.attention.output.dense,dense,0.0067251380532979965,0.009666666666666669,2.1417672257939557e-07,0.0038102709222584963,0.7562168836593628,3.18152888212353e-06,0.9966701865196228,17656.52655408971
41,bert.encoder.layer.8.attention.self.query,query,0.002876333659514785,0.009666666666666669,9.18675198136043e-08,0.001595403184182942,0.4920395612716675,5.452134814731835e-07,0.9993693232536316,17769.6439260175
41,bert.encoder.layer.8.attention.self.key,key,0.002117156982421875,0.009666666666666669,6.784603101550601e-08,0.0012771196197718382,0.49205315113067627,3.864567474920477e-07,0.9997626543045044,17723.897163239024
41,bert.encoder.layer.8.attention.self.value,value,0.0066099525429308414,0.009666666666666669,2.1516824233458465e-07,0.004007816314697266,0.8049876689910889,2.1057817320979666e-06,0.9966498613357544,13877.264824131093
41,bert.encoder.layer.8.attention.output.dense,dense,0.004730449058115482,0.009666666666666669,1.3664158871051768e-07,0.0024431755300611258,0.6543417572975159,1.8085722786054248e-06,0.9996405839920044,17450.269521260125
41,bert.encoder.layer.9.attention.self.query,query,0.0010942191584035754,0.009666666666666669,4.420477317523819e-09,7.554726471425965e-05,0.0401676706969738,1.931135029664688e-09,1.0,15968.130382501198
41,bert.encoder.layer.9.attention.self.key,key,0.0008798232884146273,0.009666666666666669,4.390370289542034e-09,5.833684917888604e-05,0.02102699875831604,1.1690861612123626e-09,1.0,13685.141387728278
41,bert.encoder.layer.9.attention.self.value,value,0.004554485436528921,0.009666666666666669,1.3534105391954654e-07,0.002488758647814393,0.749115526676178,9.281003485739348e-07,0.9981011152267456,15149.019902841806
41,bert.encoder.layer.9.attention.output.dense,dense,0.0032625203020870686,0.009666666666666669,8.031969400690286e-08,0.0013005794025957584,0.5161207914352417,6.296315859799506e-07,0.9999457597732544,19783.18221198224
41,bert.encoder.layer.10.attention.self.query,query,0.0005038898671045899,0.009666666666666669,3.6225156208047338e-09,5.141944347997196e-05,0.010651406832039356,8.978914278756633e-10,1.0,17829.706986023153
41,bert.encoder.layer.10.attention.self.key,key,0.00041792998672463,0.009666666666666669,2.92939894563915e-09,4.8996957048075274e-05,0.018865440040826797,9.277097423598946e-10,1.0,16478.91634179154
41,bert.encoder.layer.10.attention.self.value,value,0.0026774571742862463,0.009666666666666669,8.732369849440147e-08,0.0015253921737894416,0.791284441947937,3.5376413620724634e-07,0.9990370273590088,18388.859936418605
41,bert.encoder.layer.10.attention.output.dense,dense,0.0019558498170226812,0.009666666666666669,4.8244480410630786e-08,0.0007740768487565219,0.41669926047325134,2.62505125192547e-07,1.0,19457.872575732654
41,bert.encoder.layer.11.attention.self.query,query,5.052128472016193e-05,0.009666666666666669,1.5290864130435011e-09,2.3115353542380035e-05,0.04812340810894966,1.548837030851402e-10,1.0,17397.597977833746
41,bert.encoder.layer.11.attention.self.key,key,5.205958223086782e-05,0.009666666666666669,1.2372082247580352e-09,2.2896736481925473e-05,0.012923895381391048,2.1785119541650744e-10,1.0,15956.47520713291
41,bert.encoder.layer.11.attention.self.value,value,0.0025391920935362577,0.009666666666666669,9.438785752990952e-08,0.00166262814309448,0.8930402398109436,2.589131611330231e-07,0.9990031123161316,19201.408882338943
41,bert.encoder.layer.11.attention.output.dense,dense,0.0013111131265759468,0.009666666666666669,3.465688891424179e-08,0.0006086138891987503,0.2797892987728119,1.6236614897024992e-07,1.0,19351.41045717154
42,bert.encoder.layer.0.attention.self.query,query,0.002090138616040349,0.0095,6.587624312714979e-08,0.0011696472065523267,0.28848060965538025,4.2569476477183343e-07,0.99993896484375,18129.513005384033
42,bert.encoder.layer.0.attention.self.key,key,0.00205760495737195,0.0095,5.906335687200226e-08,0.0011440753005445004,0.2596128284931183,3.660719585241168e-07,0.99993896484375,18009.54836864866
42,bert.encoder.layer.0.attention.self.value,value,0.0047357711009681225,0.0095,1.4275153148446407e-07,0.0026240937877446413,0.6179566383361816,1.952722641362925e-06,0.9992201328277588,18995.311792971937
42,bert.encoder.layer.0.attention.output.dense,dense,0.005206025671213865,0.0095,1.5085653615187766e-07,0.002693281974643469,0.6347623467445374,2.4194766865548445e-06,0.9997694492340088,19726.16870872108
42,bert.encoder.layer.1.attention.self.query,query,0.0038615292869508266,0.0095,7.984279903894276e-08,0.0013541484950110316,0.34038493037223816,5.301283181324834e-07,0.9999796748161316,19026.13024144955
42,bert.encoder.layer.1.attention.self.key,key,0.0034585243556648493,0.0095,7.544593216834983e-08,0.001305496203713119,0.3555836081504822,4.5926469738333253e-07,0.9998982548713684,18822.28634269855
42,bert.encoder.layer.1.attention.self.value,value,0.0072390055283904076,0.0095,2.3466270704375347e-07,0.004210256040096283,0.815523087978363,2.707243311306229e-06,0.9977688193321228,15928.350060156608
42,bert.encoder.layer.1.attention.output.dense,dense,0.006063045002520084,0.0095,1.6275821224098763e-07,0.0029425169341266155,0.6606006026268005,2.7252551717538154e-06,0.9995591640472412,20005.482601519438
42,bert.encoder.layer.2.attention.self.query,query,0.003101934678852558,0.0095,8.51600390205931e-08,0.0014888218138366938,0.37877359986305237,6.258849793994159e-07,0.9999796748161316,18797.30016612693
42,bert.encoder.layer.2.attention.self.key,key,0.0029646684415638447,0.0095,7.728004902674002e-08,0.0013359147123992443,0.3482634127140045,5.201052317715948e-07,0.99993896484375,18547.305304016358
42,bert.encoder.layer.2.attention.self.value,value,0.008739382028579712,0.0095,2.5943828063645924e-07,0.0047478871420025826,0.8185297846794128,3.9391843529301696e-06,0.9962836503982544,16033.77882128785
42,bert.encoder.layer.2.attention.output.dense,dense,0.007048579398542643,0.0095,1.9310384402615455e-07,0.003451351774856448,0.7060689330101013,3.3240128232137067e-06,0.9987385869026184,19457.050820281907
42,bert.encoder.layer.3.attention.self.query,query,0.003152494551613927,0.0095,9.353308882964484e-08,0.0016933202277868986,0.4083508551120758,8.205745984923851e-07,0.9997694492340088,18805.59395348917
42,bert.encoder.layer.3.attention.self.key,key,0.0031888338271528482,0.0095,9.799224898188186e-08,0.0017589956987649202,0.41024258732795715,7.982187071320368e-07,0.9996473789215088,18632.346770197495
42,bert.encoder.layer.3.attention.self.value,value,0.009919542819261551,0.0095,3.144411380162637e-07,0.005839594639837742,0.8084995746612549,5.087308636575472e-06,0.9913804531097412,17112.00708811107
42,bert.encoder.layer.3.attention.output.dense,dense,0.00868714228272438,0.0095,2.52741330086792e-07,0.004567453637719154,0.760141134262085,4.953445113642374e-06,0.9965684413909912,18282.84710864275
42,bert.encoder.layer.4.attention.self.query,query,0.003951851278543472,0.0095,1.2041117258831946e-07,0.002194976666942239,0.5045134425163269,1.0403580290585523e-06,0.9991658329963684,19118.333057483902
42,bert.encoder.layer.4.attention.self.key,key,0.0036627748049795628,0.0095,1.1436261360131539e-07,0.002121168887242675,0.5255547165870667,8.632830486021703e-07,0.99896240234375,19834.68622219101
42,bert.encoder.layer.4.attention.self.value,value,0.010172479785978794,0.0095,3.303459266135178e-07,0.005980333313345909,0.8185753226280212,4.1586881707189605e-06,0.9923027753829956,16895.04224996775
42,bert.encoder.layer.4.attention.output.dense,dense,0.007661021314561367,0.0095,2.2725419057678664e-07,0.004137452691793442,0.7264950275421143,3.844929779006634e-06,0.9970567226409912,19167.865835694894
42,bert.encoder.layer.5.attention.self.query,query,0.004290353041142225,0.0095,1.3003932508581784e-07,0.0023197471164166927,0.4815696179866791,1.281390609619848e-06,0.9992336630821228,19754.54023490383
42,bert.encoder.layer.5.attention.self.key,key,0.004115338437259197,0.0095,1.295673968115807e-07,0.0022665432188659906,0.4889214336872101,1.162066041615617e-06,0.9988877773284912,19493.311162403996
42,bert.encoder.layer.5.attention.self.value,value,0.010271081700921059,0.0095,3.2090483159663563e-07,0.005856942385435104,0.7974260449409485,4.070088834851049e-06,0.9931979775428772,16018.139269125915
42,bert.encoder.layer.5.attention.output.dense,dense,0.007927960716187954,0.0095,2.2160936907766882e-07,0.00390996178612113,0.7219155430793762,3.6465362427406944e-06,0.9979044795036316,18955.58850251054
42,bert.encoder.layer.6.attention.self.query,query,0.0038454278837889433,0.0095,1.296255476290753e-07,0.002203982323408127,0.5214811563491821,1.0039567541753058e-06,0.998779296875,19364.61456637508
42,bert.encoder.layer.6.attention.self.key,key,0.003499558661133051,0.0095,1.1813271072469433e-07,0.002077521989122033,0.571384072303772,7.970016895342269e-07,0.9988810420036316,19465.725175270465
42,bert.encoder.layer.6.attention.self.value,value,0.010369078256189823,0.0095,3.575486573481612e-07,0.006023910827934742,0.8542229533195496,3.2998084407154238e-06,0.9949476718902588,12411.27811829666
42,bert.encoder.layer.6.attention.output.dense,dense,0.006824098061770201,0.0095,1.7913049532580771e-07,0.003196798963472247,0.6768813729286194,2.7111429972137557e-06,0.9986504316329956,19751.264132644694
42,bert.encoder.layer.7.attention.self.query,query,0.004159515257924795,0.0095,1.0571673669801385e-07,0.0017476554494351149,0.4518210291862488,8.84636619957746e-07,0.9998372197151184,18708.816068751545
42,bert.encoder.layer.7.attention.self.key,key,0.0039008925668895245,0.0095,1.055915745951097e-07,0.0017913244664669037,0.4484499990940094,8.751378572924295e-07,0.9995524287223816,18780.772858129687
42,bert.encoder.layer.7.attention.self.value,value,0.00898067932575941,0.0095,3.000424726451456e-07,0.0053847902454435825,0.8180388808250427,4.330168849264737e-06,0.99267578125,15227.384311197866
42,bert.encoder.layer.7.attention.output.dense,dense,0.006840117275714874,0.0095,2.2070332761359168e-07,0.003920041956007481,0.7566117644309998,3.4106399198208237e-06,0.9965956211090088,17650.958880827588
42,bert.encoder.layer.8.attention.self.query,query,0.0033309946302324533,0.0095,9.948670509629665e-08,0.0017373559530824423,0.5173879861831665,5.906157980462012e-07,0.9992607831954956,17807.276261674164
42,bert.encoder.layer.8.attention.self.key,key,0.0023291667457669973,0.0095,8.072609603004821e-08,0.001418803003616631,0.5506736636161804,4.1846743670248543e-07,0.9995863437652588,17752.94493022045
42,bert.encoder.layer.8.attention.self.value,value,0.006543334107846022,0.0095,2.1303397090832732e-07,0.0039404649287462234,0.8067267537117004,2.043277163465973e-06,0.9964328408241272,13904.125729683556
42,bert.encoder.layer.8.attention.output.dense,dense,0.004613381344825029,0.0095,1.3191024095249304e-07,0.0023836519103497267,0.6518466472625732,1.651316324569052e-06,0.9993625283241272,17472.37439470267
42,bert.encoder.layer.9.attention.self.query,query,0.0009576771990396082,0.0095,3.980964446981261e-09,4.995101335225627e-05,0.013209780678153038,9.44477385189657e-10,1.0,16002.631569486068
42,bert.encoder.layer.9.attention.self.key,key,0.0009063481702469289,0.0095,3.931487135844236e-09,2.46953968598973e-05,0.008719934150576591,2.3066551446682126e-10,1.0,13678.437786571098
42,bert.encoder.layer.9.attention.self.value,value,0.004839761648327112,0.0095,1.3501858120434918e-07,0.002570489188656211,0.7572957873344421,1.019130877466523e-06,0.99822998046875,15186.783859881234
42,bert.encoder.layer.9.attention.output.dense,dense,0.003507420653477311,0.0095,7.072253538353834e-08,0.0012438083067536354,0.4829172194004059,6.330060955406225e-07,1.0,19884.580792947356
42,bert.encoder.layer.10.attention.self.query,query,0.00036875251680612564,0.0095,3.101431556018497e-09,6.139938341220841e-05,0.029345925897359848,1.335603738716884e-09,1.0,17810.229116000883
42,bert.encoder.layer.10.attention.self.key,key,0.0002991739602293819,0.0095,2.602883464319916e-09,4.5028071326669306e-05,0.06577049940824509,7.397681356380303e-10,1.0,16459.204604403727
42,bert.encoder.layer.10.attention.self.value,value,0.00247621675953269,0.0095,8.614155433406268e-08,0.0015061021549627185,0.808860719203949,3.434729478613008e-07,0.9989284873008728,18425.285624759454
42,bert.encoder.layer.10.attention.output.dense,dense,0.0018742827232927084,0.0095,4.6481684279342517e-08,0.000773010600823909,0.42969977855682373,2.524976139284263e-07,1.0,19544.118451951857
42,bert.encoder.layer.11.attention.self.query,query,8.473748312098905e-05,0.0095,1.5835609490366664e-09,5.222831532591954e-05,0.02157376892864704,4.987960044999795e-10,1.0,17397.27414350399
42,bert.encoder.layer.11.attention.self.key,key,7.149672455852851e-05,0.0095,1.3721579428249697e-09,3.0259838240453973e-05,0.03998416289687157,3.5350447569193477e-10,1.0,15951.294685726658
42,bert.encoder.layer.11.attention.self.value,value,0.0028352870140224695,0.0095,1.0451567078462176e-07,0.0018759830854833126,0.8976898789405823,3.152730698730011e-07,0.9987318515777588,19228.5810651477
42,bert.encoder.layer.11.attention.output.dense,dense,0.0014264816418290138,0.0095,3.9895198256090225e-08,0.0007319425349123776,0.3535362482070923,2.203899924779762e-07,1.0,19443.421348157655
43,bert.encoder.layer.0.attention.self.query,query,0.0022590544540435076,0.009333333333333332,7.126335788143479e-08,0.0012098083971068263,0.28033408522605896,4.7426277660633787e-07,0.9999932050704956,18154.844567395987
43,bert.encoder.layer.0.attention.self.key,key,0.0022332523949444294,0.009333333333333332,6.680520669988255e-08,0.0012385054724290967,0.2838323414325714,4.1465719391453604e-07,0.9998508095741272,18064.943065380812
43,bert.encoder.layer.0.attention.self.value,value,0.005342514254152775,0.009333333333333332,1.6446814754544903e-07,0.0029571009799838066,0.6635897159576416,2.278704187119729e-06,0.9988945722579956,19142.06591049672
43,bert.encoder.layer.0.attention.output.dense,dense,0.005801436025649309,0.009333333333333332,1.783912324526682e-07,0.00308153685182333,0.6659647226333618,2.9662373890460003e-06,0.9996880292892456,19761.094309809327
43,bert.encoder.layer.1.attention.self.query,query,0.004540820140391588,0.009333333333333332,8.464675715913472e-08,0.0014153992524370551,0.361540287733078,5.627255745821458e-07,0.9998576045036316,19004.6733255421
43,bert.encoder.layer.1.attention.self.key,key,0.004129128064960241,0.009333333333333332,7.667654244869482e-08,0.0013297733385115862,0.34684672951698303,4.615016564457619e-07,0.9998304843902588,18793.891075036197
43,bert.encoder.layer.1.attention.self.value,value,0.007657810114324093,0.009333333333333332,2.595356534129678e-07,0.004483018070459366,0.8214436769485474,2.7243877411819994e-06,0.9975246787071228,15961.714186829367
43,bert.encoder.layer.1.attention.output.dense,dense,0.006207785103470087,0.009333333333333332,1.7859881040749315e-07,0.003137501422315836,0.6698890924453735,2.9620996429002844e-06,0.9992946982383728,20037.730828716107
43,bert.encoder.layer.2.attention.self.query,query,0.0034374725073575974,0.009333333333333332,9.19257558962272e-08,0.0016270853811874986,0.37546664476394653,7.03060436535452e-07,0.9998372197151184,18835.845260994603
43,bert.encoder.layer.2.attention.self.key,key,0.003390460042282939,0.009333333333333332,8.635745274432338e-08,0.001514291507191956,0.34582749009132385,6.103604732743406e-07,0.9998304843902588,18542.382582415004
43,bert.encoder.layer.2.attention.self.value,value,0.008812904357910156,0.009333333333333332,2.839531134668505e-07,0.004924572538584471,0.8196117877960205,3.970247689721873e-06,0.9958970546722412,16120.212313209253
43,bert.encoder.layer.2.attention.output.dense,dense,0.007126728072762489,0.009333333333333332,2.0157862934411241e-07,0.003526391927152872,0.7066041827201843,3.4462730127415853e-06,0.99908447265625,19488.3154867925
43,bert.encoder.layer.3.attention.self.query,query,0.0034283462446182966,0.009333333333333332,1.0495597280169022e-07,0.0019042460480704904,0.42923155426979065,9.541704457660671e-07,0.9995253086090088,18808.808161855402
43,bert.encoder.layer.3.attention.self.key,key,0.00325071532279253,0.009333333333333332,1.0008102435676847e-07,0.001745334593579173,0.4031750559806824,8.149322070494236e-07,0.9997287392616272,18637.1808683844
43,bert.encoder.layer.3.attention.self.value,value,0.009733490645885468,0.009333333333333332,3.584753187624301e-07,0.005598579533398151,0.7624685168266296,4.974585408490384e-06,0.9924180507659912,17201.329380887542
43,bert.encoder.layer.3.attention.output.dense,dense,0.008763887919485569,0.009333333333333332,2.559844460847671e-07,0.004348807968199253,0.7332395315170288,4.7250200623238925e-06,0.9974297285079956,18295.159574258858
43,bert.encoder.layer.4.attention.self.query,query,0.004563164431601763,0.009333333333333332,1.3435634116376605e-07,0.0024265286047011614,0.5643176436424255,1.1143290521431481e-06,0.9985758662223816,19181.17185750491
43,bert.encoder.layer.4.attention.self.key,key,0.004144733306020498,0.009333333333333332,1.2459815934562357e-07,0.002229446079581976,0.549761950969696,8.777399216342019e-07,0.9986369013786316,19772.52752720115
43,bert.encoder.layer.4.attention.self.value,value,0.010110605508089066,0.009333333333333332,3.548096572103532e-07,0.00620651850476861,0.8240794539451599,4.138591521041235e-06,0.9911838173866272,17083.726126698024
43,bert.encoder.layer.4.attention.output.dense,dense,0.007574941497296095,0.009333333333333332,2.274938424307038e-07,0.003957695327699184,0.7053881883621216,3.7579484342131764e-06,0.9980400800704956,19180.146683635936
43,bert.encoder.layer.5.attention.self.query,query,0.004433240741491318,0.009333333333333332,1.4222977995359543e-07,0.0024419217370450497,0.5061575174331665,1.2876786286142305e-06,0.9987996220588684,19786.195641277245
43,bert.encoder.layer.5.attention.self.key,key,0.004267939366400242,0.009333333333333332,1.378579810307201e-07,0.0023968101013451815,0.5200817584991455,1.179129412776092e-06,0.9984062910079956,19494.04242670116
43,bert.encoder.layer.5.attention.self.value,value,0.009999813511967659,0.009333333333333332,3.0242540560720954e-07,0.0054968008771538734,0.7869997024536133,3.72751196664467e-06,0.9935777187347412,16198.22030885905
43,bert.encoder.layer.5.attention.output.dense,dense,0.007619528099894524,0.009333333333333332,2.0098077868624387e-07,0.0035157008096575737,0.6863385438919067,3.1729477996123023e-06,0.9986911416053772,18931.297802289224
43,bert.encoder.layer.6.attention.self.query,query,0.0039491127245128155,0.009333333333333332,1.2434161078545003e-07,0.0021801646798849106,0.5278194546699524,1.0585504242044408e-06,0.9990505576133728,19422.781630331036
43,bert.encoder.layer.6.attention.self.key,key,0.003594918642193079,0.009333333333333332,1.1360710772123639e-07,0.0020544391591101885,0.5554943680763245,8.104627795546548e-07,0.9990980625152588,19399.942014366214
43,bert.encoder.layer.6.attention.self.value,value,0.009253526106476784,0.009333333333333332,3.3070128324652615e-07,0.005467514041811228,0.8590949177742004,2.454230980220018e-06,0.9964531660079956,12528.333506600886
43,bert.encoder.layer.6.attention.output.dense,dense,0.006058418191969395,0.009333333333333332,1.5336784997543873e-07,0.0026491142343729734,0.6056615114212036,2.1749153802375076e-06,0.9995253086090088,19724.89678028515
43,bert.encoder.layer.7.attention.self.query,query,0.003919593524187803,0.009333333333333332,1.1047572456845955e-07,0.0018223872175440192,0.46897655725479126,9.369052804686362e-07,0.9997490644454956,18799.78968829141
43,bert.encoder.layer.7.attention.self.key,key,0.0035902599338442087,0.009333333333333332,1.0328754740385193e-07,0.0017927036387845874,0.4553326964378357,8.478450013171823e-07,0.9996677041053772,18814.75083102588
43,bert.encoder.layer.7.attention.self.value,value,0.007888863794505596,0.009333333333333332,2.6735682467915467e-07,0.004792674910277128,0.7989370226860046,3.719057986018015e-06,0.9946424961090088,15324.614871519365
43,bert.encoder.layer.7.attention.output.dense,dense,0.0061987959779798985,0.009333333333333332,2.0070172013220144e-07,0.00356414751149714,0.7354687452316284,2.9750490284641273e-06,0.99761962890625,17688.650952037005
43,bert.encoder.layer.8.attention.self.query,query,0.0025677471421658993,0.009333333333333332,7.917481070762733e-08,0.001393377548083663,0.4358620345592499,4.3430111418274464e-07,0.9996541142463684,17866.727732416806
43,bert.encoder.layer.8.attention.self.key,key,0.001916702021844685,0.009333333333333332,5.8078970965880217e-08,0.001056340173818171,0.4016394019126892,2.9951286251161946e-07,0.9998915195465088,17791.227049578865
43,bert.encoder.layer.8.attention.self.value,value,0.005958424415439367,0.009333333333333332,2.054451329058793e-07,0.0036824883427470922,0.8179784417152405,1.7018095377352438e-06,0.9970635175704956,13993.496891335579
43,bert.encoder.layer.8.attention.output.dense,dense,0.004017360042780638,0.009333333333333332,1.1690319468016241e-07,0.0020493161864578724,0.5950839519500732,1.3384429848883883e-06,0.9997829794883728,17518.708368615018
43,bert.encoder.layer.9.attention.self.query,query,0.0010519353672862053,0.009333333333333332,7.577685146031854e-09,8.237182191805914e-05,0.04366234689950943,2.1498787194929037e-09,1.0,16038.156673658445
43,bert.encoder.layer.9.attention.self.key,key,0.0009132311679422855,0.009333333333333332,6.322731671559723e-09,5.6962129747262225e-05,0.06320573389530182,1.0042189302339466e-09,1.0,13639.394690144209
43,bert.encoder.layer.9.attention.self.value,value,0.004361581522971392,0.009333333333333332,1.2975029051176534e-07,0.002380459103733301,0.7486671805381775,8.681195708959422e-07,0.9983723759651184,15149.439358791837
43,bert.encoder.layer.9.attention.output.dense,dense,0.002869967371225357,0.009333333333333332,6.584865275272023e-08,0.0010840407339856029,0.41549137234687805,5.096551376482239e-07,1.0,19883.60842770488
43,bert.encoder.layer.10.attention.self.query,query,0.00034688232699409127,0.009333333333333332,2.6260473795503003e-09,5.963765215710737e-05,0.019736193120479584,1.3289805922411801e-09,1.0,17798.389647310425
43,bert.encoder.layer.10.attention.self.key,key,0.0003485615598037839,0.009333333333333332,2.074336702406754e-09,5.924391371081583e-05,0.06211017444729805,1.1680492129073627e-09,1.0,16442.830653384884
43,bert.encoder.layer.10.attention.self.value,value,0.0023605527821928263,0.009333333333333332,7.774513477443179e-08,0.0013501272769644856,0.7977175116539001,2.7673200975186774e-07,0.9993082880973816,18400.89194084033
43,bert.encoder.layer.10.attention.output.dense,dense,0.0018901608418673277,0.009333333333333332,3.98241972732194e-08,0.0006527900113724172,0.3267245590686798,2.0025321134653495e-07,1.0,19555.209038113448
43,bert.encoder.layer.11.attention.self.query,query,0.00013061573554296046,0.009333333333333332,1.99178695758917e-09,4.1099203372141346e-05,0.043879441916942596,5.485611964672898e-10,1.0,17399.42361244575
43,bert.encoder.layer.11.attention.self.key,key,6.503393524326384e-05,0.009333333333333332,1.5526829821865817e-09,2.2725958842784166e-05,0.007465787697583437,2.1587413800983057e-10,1.0,15947.793441389165
43,bert.encoder.layer.11.attention.self.value,value,0.002975784707814455,0.009333333333333332,1.1686040579661494e-07,0.002003851579502225,0.9236266613006592,2.770144647001871e-07,0.9987385869026184,19274.85518295367
43,bert.encoder.layer.11.attention.output.dense,dense,0.0011741294292733073,0.009333333333333332,4.423206689807557e-08,0.0006007901974953711,0.27360403537750244,1.6141261482971458e-07,1.0,19511.433418741843
44,bert.encoder.layer.0.attention.self.query,query,0.0029923960100859404,0.009166666666666668,1.0177003417766173e-07,0.0017349591944366693,0.38753509521484375,7.557856633866322e-07,0.9996269941329956,18229.14335524692
44,bert.encoder.layer.0.attention.self.key,key,0.0027477091643959284,0.009166666666666668,9.19195386472893e-08,0.001643723575398326,0.3437148332595825,6.59132922464778e-07,0.9996066689491272,18222.151099851748
44,bert.encoder.layer.0.attention.self.value,value,0.006654806435108185,0.009166666666666668,2.076960612384937e-07,0.0036802019458264112,0.7155932188034058,3.2048128559836186e-06,0.9979180097579956,19081.385769724428
44,bert.encoder.layer.0.attention.output.dense,dense,0.007330215536057949,0.009166666666666668,2.179403537638791e-07,0.0037773484364151955,0.710023820400238,3.965966243413277e-06,0.9991523027420044,19723.434655025285
44,bert.encoder.layer.1.attention.self.query,query,0.006076074205338955,0.009166666666666668,1.1487369278029291e-07,0.001960722729563713,0.4467789828777313,9.094398478737276e-07,0.9995185136795044,19023.413932819316
44,bert.encoder.layer.1.attention.self.key,key,0.004605778027325869,0.009166666666666668,1.0647551107467734e-07,0.0018075515981763601,0.44011250138282776,7.79224819780211e-07,0.99945068359375,18783.895131177964
44,bert.encoder.layer.1.attention.self.value,value,0.009580676443874836,0.009166666666666668,3.227375771075458e-07,0.0053267041221261024,0.8350644111633301,3.856706371152541e-06,0.9967312216758728,15955.891735765694
44,bert.encoder.layer.1.attention.output.dense,dense,0.008147571235895157,0.009166666666666668,2.3171121199538902e-07,0.0040406472980976105,0.7301023602485657,4.28037947131088e-06,0.99835205078125,20005.63320948169
44,bert.encoder.layer.2.attention.self.query,query,0.004192513879388571,0.009166666666666668,1.2602578181031276e-07,0.002207854762673378,0.45785361528396606,1.0170213045057608e-06,0.9989963173866272,18799.59086889122
44,bert.encoder.layer.2.attention.self.key,key,0.004263616632670164,0.009166666666666668,1.1534122990042306e-07,0.001989708049222827,0.3896958827972412,9.044507578437333e-07,0.9993422031402588,18547.993209832337
44,bert.encoder.layer.2.attention.self.value,value,0.01035288441926241,0.009166666666666668,3.204808933787717e-07,0.005420917645096779,0.8352110385894775,4.604617060977034e-06,0.9942898154258728,16203.986583630494
44,bert.encoder.layer.2.attention.output.dense,dense,0.008259429596364498,0.009166666666666668,2.2607196115131956e-07,0.00401456281542778,0.742122232913971,4.104054823983461e-06,0.9979655146598816,19490.734258215445
44,bert.encoder.layer.3.attention.self.query,query,0.003794207936152816,0.009166666666666668,1.1537964184071825e-07,0.002008338924497366,0.461969256401062,1.0642361303325742e-06,0.9995388388633728,18814.958425788624
44,bert.encoder.layer.3.attention.self.key,key,0.0036876180674880743,0.009166666666666668,1.0999139021805604e-07,0.0019357798155397177,0.443649023771286,9.380150345350557e-07,0.9995591640472412,18633.85902345713
44,bert.encoder.layer.3.attention.self.value,value,0.01102953776717186,0.009166666666666668,3.583323007205763e-07,0.006244971416890621,0.809118926525116,5.840318408445455e-06,0.9895155429840088,17205.582137722922
44,bert.encoder.layer.3.attention.output.dense,dense,0.009870508685708046,0.009166666666666668,3.03042071436721e-07,0.005118734668940306,0.76958829164505,5.845623036293546e-06,0.9951850175857544,18222.940092563913
44,bert.encoder.layer.4.attention.self.query,query,0.004580223001539707,0.009166666666666668,1.3430252465695958e-07,0.0023960114922374487,0.5288020372390747,1.18126365578064e-06,0.9987250566482544,19247.5447159749
44,bert.encoder.layer.4.attention.self.key,key,0.004270602483302355,0.009166666666666668,1.2618755818039062e-07,0.0022564325481653214,0.532357931137085,9.913011354001355e-07,0.9988471269607544,19764.934606331335
44,bert.encoder.layer.4.attention.self.value,value,0.011270466260612011,0.009166666666666668,3.9269787066587014e-07,0.006510565988719463,0.8204329609870911,4.6731870497751515e-06,0.9913533329963684,17160.93717704538
44,bert.encoder.layer.4.attention.output.dense,dense,0.008496088907122612,0.009166666666666668,2.533532494908286e-07,0.004388822708278894,0.7282448410987854,4.422381607582793e-06,0.9970160722732544,19175.822335667785
44,bert.encoder.layer.5.attention.self.query,query,0.005213713273406029,0.009166666666666668,1.3676113042038196e-07,0.002467859536409378,0.4996768534183502,1.3574114063885645e-06,0.9989216923713684,19830.973423874297
44,bert.encoder.layer.5.attention.self.key,key,0.004863373935222626,0.009166666666666668,1.3128317277733004e-07,0.002377991797402501,0.5188129544258118,1.2048262760799844e-06,0.9986640214920044,19564.032304189255
44,bert.encoder.layer.5.attention.self.value,value,0.010730971582233906,0.009166666666666668,3.397049681552744e-07,0.006136328913271427,0.8035167455673218,4.364143023849465e-06,0.9928520917892456,16316.279154439075
44,bert.encoder.layer.5.attention.output.dense,dense,0.008428278379142284,0.009166666666666668,2.211731811030404e-07,0.0038563639391213655,0.7080716490745544,3.733150379048311e-06,0.9982706904411316,18924.407969297
44,bert.encoder.layer.6.attention.self.query,query,0.0046325065195560455,0.009166666666666668,1.3221318795331172e-07,0.0024786146823316813,0.5436191558837891,1.2722152860078495e-06,0.9983723759651184,19254.55542075127
44,bert.encoder.layer.6.attention.self.key,key,0.004169239196926355,0.009166666666666668,1.2287557638046565e-07,0.0022627036087214947,0.567882239818573,9.210775147039385e-07,0.9983859658241272,19347.16432473643
44,bert.encoder.layer.6.attention.self.value,value,0.010240226052701473,0.009166666666666668,3.4188366271337145e-07,0.0058399043045938015,0.8467714786529541,3.294767338957172e-06,0.9950629472732544,12666.669214519328
44,bert.encoder.layer.6.attention.output.dense,dense,0.007349126040935516,0.009166666666666668,1.8601488704916846e-07,0.003297744784504175,0.676703929901123,2.9467098556779092e-06,0.9988606572151184,19690.482341547755
44,bert.encoder.layer.7.attention.self.query,query,0.00463188998401165,0.009166666666666668,1.2064502641351282e-07,0.002180984476581216,0.5266126990318298,1.2686114132520743e-06,0.9995388388633728,18724.515787616252
44,bert.encoder.layer.7.attention.self.key,key,0.0040039969608187675,0.009166666666666668,1.1206051908629888e-07,0.00205294881016016,0.4910198748111725,1.0552787443884881e-06,0.9992539882659912,18778.425246472136
44,bert.encoder.layer.7.attention.self.value,value,0.009729418903589249,0.009166666666666668,3.34554414394006e-07,0.005922271404415369,0.8342615365982056,4.791359515365912e-06,0.9908921718597412,15438.312616358437
44,bert.encoder.layer.7.attention.output.dense,dense,0.007168122101575136,0.009166666666666668,2.3008750815733947e-07,0.004030888434499502,0.761256217956543,3.56504551746184e-06,0.9966973066329956,17731.64062727818
44,bert.encoder.layer.8.attention.self.query,query,0.00313891121186316,0.009166666666666668,9.792427135835169e-08,0.0016413144767284393,0.5195643901824951,5.90858462601318e-07,0.9994370937347412,17994.985712901555
44,bert.encoder.layer.8.attention.self.key,key,0.0023159324191510677,0.009166666666666668,7.670759316624753e-08,0.0013828015653416514,0.488269180059433,4.440277905359835e-07,0.9997016191482544,17906.74048761255
44,bert.encoder.layer.8.attention.self.value,value,0.00805824063718319,0.009166666666666668,2.859836172319774e-07,0.004896649159491062,0.8241643905639648,2.835892018993036e-06,0.9952324628829956,14109.595900737631
44,bert.encoder.layer.8.attention.output.dense,dense,0.005488299764692783,0.009166666666666668,1.640322295770602e-07,0.002900428371503949,0.6736408472061157,2.2315318801702233e-06,0.9989081621170044,17508.051035697394
44,bert.encoder.layer.9.attention.self.query,query,0.0014410543953999877,0.009166666666666668,5.1842987680572605e-09,6.285413110163063e-05,0.027292463928461075,1.369047319954575e-09,1.0,16019.377897165614
44,bert.encoder.layer.9.attention.self.key,key,0.0012824409641325474,0.009166666666666668,5.095835309276708e-09,5.4779844504082575e-05,0.02025395631790161,1.0189852295283686e-09,1.0,13615.708609860782
44,bert.encoder.layer.9.attention.self.value,value,0.005499368999153376,0.009166666666666668,1.5776245732013194e-07,0.0028369249776005745,0.782455563545227,1.0623407433740795e-06,0.9978366494178772,15230.970595964556
44,bert.encoder.layer.9.attention.output.dense,dense,0.003429677803069353,0.009166666666666668,8.55774757724248e-08,0.0013683369616046548,0.5280455946922302,6.864959800623183e-07,0.9999321699142456,19961.054885176418
44,bert.encoder.layer.10.attention.self.query,query,0.00047167326556518674,0.009166666666666668,2.7361151122562433e-09,5.661877730744891e-05,0.03308405727148056,1.1897967056029302e-09,1.0,17795.0747022105
44,bert.encoder.layer.10.attention.self.key,key,0.0003923651820514351,0.009166666666666668,2.2545554312358718e-09,4.1584567952668294e-05,0.02640526555478573,6.274270547557137e-10,1.0,16440.269906403817
44,bert.encoder.layer.10.attention.self.value,value,0.002252007834613323,0.009166666666666668,7.49007327272011e-08,0.0012601395137608051,0.7913463711738586,2.557812877057586e-07,0.99932861328125,18309.103357475946
44,bert.encoder.layer.10.attention.output.dense,dense,0.0018122665351256728,0.009166666666666668,3.9814633367996066e-08,0.0005769988638348877,0.2951361835002899,1.5872063841015915e-07,1.0,19492.81013618322
44,bert.encoder.layer.11.attention.self.query,query,0.0002576971601229161,0.009166666666666668,1.7946275576719017e-09,6.0820893850177526e-05,0.03268817067146301,1.053881648616084e-09,1.0,17403.215328025413
44,bert.encoder.layer.11.attention.self.key,key,0.00016241638513747603,0.009166666666666668,1.7559750320472745e-09,3.634444874478504e-05,0.026722295209765434,4.888934257429867e-10,1.0,15954.81115389209
44,bert.encoder.layer.11.attention.self.value,value,0.002852153964340687,0.009166666666666668,1.084050396116254e-07,0.0018797918455675244,0.9150734543800354,2.726034153965884e-07,0.9988267421722412,19278.98778470031
44,bert.encoder.layer.11.attention.output.dense,dense,0.0011890663299709558,0.009166666666666668,3.8012128555919844e-08,0.0005453264457173645,0.26025480031967163,1.360467081212846e-07,1.0,19493.309486339876
45,bert.encoder.layer.0.attention.self.query,query,0.0022846332285553217,0.009000000000000001,7.01605813446804e-08,0.0012031446676701307,0.2933410406112671,4.682059397964622e-07,0.9999728798866272,18254.276052053105
45,bert.encoder.layer.0.attention.self.key,key,0.002055831253528595,0.009000000000000001,6.405590369240599e-08,0.0011284936917945743,0.27320969104766846,3.712951865963987e-07,0.9999253749847412,18251.473760359502
45,bert.encoder.layer.0.attention.self.value,value,0.00594051880761981,0.009000000000000001,1.8222539210910327e-07,0.0032423208467662334,0.7001543045043945,2.553262675064616e-06,0.9982435703277588,19077.30095596623
45,bert.encoder.layer.0.attention.output.dense,dense,0.005900557618588209,0.009000000000000001,1.7091139170588576e-07,0.003028633538633585,0.6555978655815125,2.8123445190431084e-06,0.9995388388633728,19751.51306428076
45,bert.encoder.layer.1.attention.self.query,query,0.004824585281312466,0.009000000000000001,8.156171560358416e-08,0.0014452995965257287,0.35410192608833313,5.88684656577243e-07,0.9999118447303772,18988.43447051233
45,bert.encoder.layer.1.attention.self.key,key,0.004119735676795244,0.009000000000000001,7.456071671185782e-08,0.0013209979515522718,0.33989956974983215,4.91466607854818e-07,0.9999050498008728,18784.364761371584
45,bert.encoder.layer.1.attention.self.value,value,0.008030548691749573,0.009000000000000001,2.6950451115226315e-07,0.0044982582330703735,0.8187746405601501,2.8432184535631677e-06,0.9975789189338684,16034.617156901757
45,bert.encoder.layer.1.attention.output.dense,dense,0.0068077691830694675,0.009000000000000001,1.8298739234978711e-07,0.0032897701021283865,0.683488130569458,3.1663714707974577e-06,0.9991047978401184,20017.332898907345
45,bert.encoder.layer.2.attention.self.query,query,0.0034262517001479864,0.009000000000000001,9.82575798502694e-08,0.0018539788434281945,0.44440925121307373,7.995682267392112e-07,0.9994981288909912,18728.33520271668
45,bert.encoder.layer.2.attention.self.key,key,0.003257952630519867,0.009000000000000001,8.635789328081955e-08,0.0016556140035390854,0.3916977047920227,6.631368023590767e-07,0.9996337890625,18558.39322962668
45,bert.encoder.layer.2.attention.self.value,value,0.010231226682662964,0.009000000000000001,3.3095722073994693e-07,0.005485789850354195,0.8372514843940735,4.543831892078742e-06,0.99517822265625,16286.460466058144
45,bert.encoder.layer.2.attention.output.dense,dense,0.007795849349349737,0.009000000000000001,2.1073654465908476e-07,0.0037190313450992107,0.7170316576957703,3.7144027373869903e-06,0.9984605312347412,19523.530035841322
45,bert.encoder.layer.3.attention.self.query,query,0.003457155544310808,0.009000000000000001,9.870095141195634e-08,0.0018599688773974776,0.44146233797073364,9.296139182879415e-07,0.9996405839920044,18832.014088891727
45,bert.encoder.layer.3.attention.self.key,key,0.003435971913859248,0.009000000000000001,1.032403602607701e-07,0.0018322606338188052,0.4498979449272156,8.747215929361118e-07,0.99969482421875,18639.086297833597
45,bert.encoder.layer.3.attention.self.value,value,0.010267281904816628,0.009000000000000001,3.256635068282776e-07,0.005959467496722937,0.8026952147483826,5.516796136362245e-06,0.9907904863357544,17190.351663369525
45,bert.encoder.layer.3.attention.output.dense,dense,0.009028595872223377,0.009000000000000001,2.6094201643900305e-07,0.004615518264472485,0.750961184501648,5.195130142965354e-06,0.9972805380821228,18263.75020004478
45,bert.encoder.layer.4.attention.self.query,query,0.0043205395340919495,0.009000000000000001,1.2554919237572904e-07,0.0022290486376732588,0.5232283473014832,1.0908895546890562e-06,0.9991929531097412,19347.582834022716
45,bert.encoder.layer.4.attention.self.key,key,0.004056589677929878,0.009000000000000001,1.1953677869769308e-07,0.00219566747546196,0.5480376482009888,8.972041882771009e-07,0.9987996220588684,19877.709929383065
45,bert.encoder.layer.4.attention.self.value,value,0.010874943807721138,0.009000000000000001,3.508781105665548e-07,0.006348548922687769,0.8249496221542358,4.592861841956619e-06,0.9912583827972412,17234.43113164966
45,bert.encoder.layer.4.attention.output.dense,dense,0.008055665530264378,0.009000000000000001,2.3542163773981883e-07,0.004225073382258415,0.7107412815093994,4.320465450291522e-06,0.998046875,19149.802094690305
45,bert.encoder.layer.5.attention.self.query,query,0.004777601454406977,0.009000000000000001,1.3932854869835865e-07,0.00255976477637887,0.5541586875915527,1.3334271216081106e-06,0.9986436367034912,19773.896435921117
45,bert.encoder.layer.5.attention.self.key,key,0.004395193886011839,0.009000000000000001,1.250095920113381e-07,0.0023489375598728657,0.5147464275360107,1.1575662028917577e-06,0.9987657070159912,19604.08891521682
45,bert.encoder.layer.5.attention.self.value,value,0.010767608880996704,0.009000000000000001,3.17709094588281e-07,0.005931477528065443,0.7908835411071777,4.436662493390031e-06,0.9918280839920044,16429.41220163128
45,bert.encoder.layer.5.attention.output.dense,dense,0.008143415674567223,0.009000000000000001,1.9897981928806985e-07,0.0035141916014254093,0.6794989705085754,3.2860673400136875e-06,0.9987860918045044,18905.666889140313
45,bert.encoder.layer.6.attention.self.query,query,0.004649729933589697,0.009000000000000001,1.4141420479063527e-07,0.002830878598615527,0.5885403752326965,1.5136034789975383e-06,0.9975789189338684,19246.140595207304
45,bert.encoder.layer.6.attention.self.key,key,0.00420962693169713,0.009000000000000001,1.3347678873287805e-07,0.0026512425392866135,0.6167684197425842,1.1209781405341346e-06,0.9979180097579956,19268.536584751164
45,bert.encoder.layer.6.attention.self.value,value,0.009890385903418064,0.009000000000000001,3.385183333648456e-07,0.005698087625205517,0.8547765016555786,2.9095310765114846e-06,0.9960055947303772,12766.499281894468
45,bert.encoder.layer.6.attention.output.dense,dense,0.006420851685106754,0.009000000000000001,1.6038971750731434e-07,0.0027899520937353373,0.6257420182228088,2.343430196560803e-06,0.9993014931678772,19680.63380049447
45,bert.encoder.layer.7.attention.self.query,query,0.004237957764416933,0.009000000000000001,1.1649180464701203e-07,0.0021305903792381287,0.49599605798721313,1.209888750963728e-06,0.99957275390625,18723.675253191093
45,bert.encoder.layer.7.attention.self.key,key,0.004092440940439701,0.009000000000000001,1.1702341140562567e-07,0.0022018030285835266,0.5021012425422668,1.1309925866953563e-06,0.9989759922027588,18783.649310636054
45,bert.encoder.layer.7.attention.self.value,value,0.010032398626208305,0.009000000000000001,3.2963896501314593e-07,0.005990970879793167,0.8390508890151978,4.847795935347676e-06,0.9904921054840088,15511.691292488731
45,bert.encoder.layer.7.attention.output.dense,dense,0.007294731680303812,0.009000000000000001,2.3403102034080803e-07,0.004178761504590511,0.7702488899230957,3.6684682527265977e-06,0.9956190586090088,17766.205528864775
45,bert.encoder.layer.8.attention.self.query,query,0.0031173909083008766,0.009000000000000001,9.175371218361761e-08,0.0016867576632648706,0.5062066316604614,6.144143753772369e-07,0.9993422031402588,17981.276458171404
45,bert.encoder.layer.8.attention.self.key,key,0.0024456295650452375,0.009000000000000001,7.251389178009049e-08,0.0014272494008764625,0.4901881217956543,4.448891957054002e-07,0.9996066689491272,17926.595731603586
45,bert.encoder.layer.8.attention.self.value,value,0.007383829448372126,0.009000000000000001,2.5331328856736945e-07,0.0044816043227910995,0.839267373085022,2.1036639736848883e-06,0.9965074062347412,14176.669837659683
45,bert.encoder.layer.8.attention.output.dense,dense,0.004865037743002176,0.009000000000000001,1.511304787982226e-07,0.002545140916481614,0.6731468439102173,1.7338892348561785e-06,0.9990708827972412,17512.558048576928
45,bert.encoder.layer.9.attention.self.query,query,0.0010903170332312584,0.009000000000000001,5.723937324120243e-09,8.514311048202217e-05,0.03990772366523743,2.746630256567073e-09,1.0,16056.333814522612
45,bert.encoder.layer.9.attention.self.key,key,0.0009776309598237276,0.009000000000000001,5.55775869770514e-09,6.03219450567849e-05,0.03995798900723457,1.2463072796009556e-09,1.0,13675.39876739901
45,bert.encoder.layer.9.attention.self.value,value,0.004680352751165628,0.009000000000000001,1.4128463021734206e-07,0.0025954945012927055,0.7731570601463318,9.30952808175789e-07,0.9981825351715088,15237.52742667885
45,bert.encoder.layer.9.attention.output.dense,dense,0.0030825361609458923,0.009000000000000001,7.563865267457004e-08,0.0011716872686520219,0.49433040618896484,5.552504376282741e-07,0.9999932050704956,19916.93124629793
45,bert.encoder.layer.10.attention.self.query,query,0.00039922125870361924,0.009000000000000001,3.826371219872726e-09,7.364854536717758e-05,0.11378636211156845,2.0271766487667264e-09,1.0,17797.04660047653
45,bert.encoder.layer.10.attention.self.key,key,0.0003278623044025153,0.009000000000000001,3.15395065619839e-09,5.5971966503420845e-05,0.05669291317462921,1.245324399157255e-09,1.0,16440.97282002599
45,bert.encoder.layer.10.attention.self.value,value,0.0029928714502602816,0.009000000000000001,9.820197277576881e-08,0.001798473997041583,0.8054316639900208,4.5535509229921445e-07,0.9987046718597412,18234.912451915396
45,bert.encoder.layer.10.attention.output.dense,dense,0.00217551551759243,0.009000000000000001,4.9546684977030964e-08,0.0008384832181036472,0.44021686911582947,2.7904928856514744e-07,1.0,19411.899320087938
45,bert.encoder.layer.11.attention.self.query,query,0.0011676531285047531,0.009000000000000001,1.0059806321294218e-08,5.4438311053672805e-05,0.013891044072806835,6.032646604481329e-10,1.0,17387.151692735228
45,bert.encoder.layer.11.attention.self.key,key,0.0010887403041124344,0.009000000000000001,7.70615038447886e-09,5.180679727345705e-05,0.05483098328113556,1.0400736938365185e-09,1.0,16011.464788520248
45,bert.encoder.layer.11.attention.self.value,value,0.004060408566147089,0.009000000000000001,1.4994810726420837e-07,0.002667607506737113,0.9192559719085693,4.603437844252767e-07,0.9982774257659912,19203.22045571793
45,bert.encoder.layer.11.attention.output.dense,dense,0.0019348417408764362,0.009000000000000001,5.8063637453642514e-08,0.0008968905895017087,0.40779852867126465,3.21969338301642e-07,1.0,19455.600587062276
46,bert.encoder.layer.0.attention.self.query,query,0.002238982357084751,0.008833333333333332,7.089831655093803e-08,0.0012415966484695673,0.3091720640659332,4.753186431116774e-07,0.9999321699142456,18196.551755403478
46,bert.encoder.layer.0.attention.self.key,key,0.0020620564464479685,0.008833333333333332,6.398570207011289e-08,0.001203232677653432,0.2794964611530304,3.8167758020790643e-07,0.9997897744178772,18225.802691632285
46,bert.encoder.layer.0.attention.self.value,value,0.0048924717120826244,0.008833333333333332,1.4790562374855654e-07,0.002667852910235524,0.6401984095573425,1.970422772501479e-06,0.9990641474723816,19128.933321739038
46,bert.encoder.layer.0.attention.output.dense,dense,0.005285282153636217,0.008833333333333332,1.577194979063279e-07,0.0027827653102576733,0.6353563070297241,2.542860784160439e-06,0.9997084140777588,19739.128683303166
46,bert.encoder.layer.1.attention.self.query,query,0.004033144563436508,0.008833333333333332,9.43994251656477e-08,0.0016554148169234395,0.4283493757247925,6.891706902933947e-07,0.99969482421875,18931.761646247254
46,bert.encoder.layer.1.attention.self.key,key,0.0034807943738996983,0.008833333333333332,8.287982922183801e-08,0.0014538109535351396,0.4003075361251831,5.484280904965999e-07,0.9998033046722412,18760.887405418085
46,bert.encoder.layer.1.attention.self.value,value,0.006966995075345039,0.008833333333333332,2.2579217784368666e-07,0.0040249573066830635,0.8041648268699646,2.4926209789555287e-06,0.9979519248008728,16071.41277162042
46,bert.encoder.layer.1.attention.output.dense,dense,0.0057580131106078625,0.008833333333333332,1.5929956020954705e-07,0.0028843856416642666,0.6437038779258728,2.632444193295669e-06,0.9996269941329956,19977.30917600526
46,bert.encoder.layer.2.attention.self.query,query,0.002970729721710086,0.008833333333333332,8.260762740519567e-08,0.001584808574989438,0.38332608342170715,6.2175621451388e-07,0.9995998740196228,18752.048095326223
46,bert.encoder.layer.2.attention.self.key,key,0.0028672879561781883,0.008833333333333332,7.757317632695049e-08,0.0014134644297882915,0.34464123845100403,5.414800057224056e-07,0.9999118447303772,18574.60429003738
46,bert.encoder.layer.2.attention.self.value,value,0.008564315736293793,0.008833333333333332,2.664553448994411e-07,0.004553049802780151,0.8144664764404297,3.5572852539189626e-06,0.9963718056678772,16305.537998690306
46,bert.encoder.layer.2.attention.output.dense,dense,0.006878039799630642,0.008833333333333332,1.862873091340589e-07,0.0033434233628213406,0.6922113299369812,3.1679703624831745e-06,0.9989691972732544,19495.059475855076
46,bert.encoder.layer.3.attention.self.query,query,0.0030630817636847496,0.008833333333333332,8.779813498449585e-08,0.001681764842942357,0.4027891755104065,7.865741054047248e-07,0.9997151494026184,18806.58739688807
46,bert.encoder.layer.3.attention.self.key,key,0.003030091291293502,0.008833333333333332,8.934100037549797e-08,0.0015871943905949593,0.39388608932495117,7.195203579613008e-07,0.99981689453125,18639.013965793656
46,bert.encoder.layer.3.attention.self.value,value,0.009572380222380161,0.008833333333333332,2.986663503179443e-07,0.005510190036147833,0.7871715426445007,4.809005076822359e-06,0.9925469160079956,17181.521613152923
46,bert.encoder.layer.3.attention.output.dense,dense,0.008367096073925495,0.008833333333333332,2.4744730353631894e-07,0.0042747012339532375,0.7304447889328003,4.661897946789395e-06,0.9977484941482544,18209.153250556254
46,bert.encoder.layer.4.attention.self.query,query,0.0045052021741867065,0.008833333333333332,1.3728507042287674e-07,0.0025709716137498617,0.5682560801506042,1.2225683576616575e-06,0.9981689453125,19151.441103305682
46,bert.encoder.layer.4.attention.self.key,key,0.003929233644157648,0.008833333333333332,1.1778227815284481e-07,0.0021719210781157017,0.5415017604827881,8.751400741857651e-07,0.9987114667892456,19700.629316807615
46,bert.encoder.layer.4.attention.self.value,value,0.009877567179501057,0.008833333333333332,3.1900074759505515e-07,0.00591924088075757,0.8171906471252441,4.051276391692227e-06,0.9918891191482544,17256.34701475362
46,bert.encoder.layer.4.attention.output.dense,dense,0.007433299440890551,0.008833333333333332,2.198531490194e-07,0.0038991665933281183,0.6963889598846436,3.6933768114977283e-06,0.9980197548866272,19132.437931728462
46,bert.encoder.layer.5.attention.self.query,query,0.0043719736859202385,0.008833333333333332,1.3274549814923375e-07,0.002471387851983309,0.5114147067070007,1.3324005294634844e-06,0.9988267421722412,19747.184078042945
46,bert.encoder.layer.5.attention.self.key,key,0.004130260087549686,0.008833333333333332,1.267846840846687e-07,0.0023026508279144764,0.5113645195960999,1.1305882026135805e-06,0.9986979365348816,19655.89327033895
46,bert.encoder.layer.5.attention.self.value,value,0.009558898396790028,0.008833333333333332,2.9085296660014137e-07,0.005337302107363939,0.780040442943573,3.630959099609754e-06,0.994384765625,16462.682329419356
46,bert.encoder.layer.5.attention.output.dense,dense,0.007809892296791077,0.008833333333333332,2.0331498262748937e-07,0.003532957984134555,0.6743112802505493,3.296572003819165e-06,0.9987589716911316,18900.01117102818
46,bert.encoder.layer.6.attention.self.query,query,0.00405509676784277,0.008833333333333332,1.1830397994572195e-07,0.0021775253117084503,0.4993877112865448,1.1043238146157819e-06,0.9990031123161316,19214.706055407823
46,bert.encoder.layer.6.attention.self.key,key,0.0037318153772503138,0.008833333333333332,1.1181587211694932e-07,0.0020866456907242537,0.5229337215423584,8.992393532025744e-07,0.9989963173866272,19238.53959583592
46,bert.encoder.layer.6.attention.self.value,value,0.00951718632131815,0.008833333333333332,3.304839708562213e-07,0.005667160265147686,0.8506391644477844,2.9875388918298995e-06,0.9957411289215088,12821.72729396078
46,bert.encoder.layer.6.attention.output.dense,dense,0.006225726567208767,0.008833333333333332,1.5696528521402797e-07,0.00273722386918962,0.6159229278564453,2.3170673557615373e-06,0.9996473789215088,19647.096116664557
46,bert.encoder.layer.7.attention.self.query,query,0.0037519780453294516,0.008833333333333332,1.1110064690456056e-07,0.0018812274793162942,0.46761032938957214,1.0315532108506886e-06,0.9998915195465088,18799.24712151022
46,bert.encoder.layer.7.attention.self.key,key,0.0035421380307525396,0.008833333333333332,1.0415787699002976e-07,0.0018494150135666132,0.4595593512058258,9.197165127261542e-07,0.9995524287223816,18830.496992350578
46,bert.encoder.layer.7.attention.self.value,value,0.008405644446611404,0.008833333333333332,2.685522701995069e-07,0.004848359618335962,0.8011559844017029,3.709856400746503e-06,0.9945136308670044,15513.223770122617
46,bert.encoder.layer.7.attention.output.dense,dense,0.006256368011236191,0.008833333333333332,1.9035140041978593e-07,0.0032829123083502054,0.7102241516113281,2.663500254129758e-06,0.9979790449142456,17772.916684918597
46,bert.encoder.layer.8.attention.self.query,query,0.0025223311968147755,0.008833333333333332,7.147344405211697e-08,0.001345049007795751,0.4563794434070587,4.417183276927972e-07,0.9996609091758728,17985.593850873203
46,bert.encoder.layer.8.attention.self.key,key,0.0020226251799613237,0.008833333333333332,5.736074726314655e-08,0.0011059623211622238,0.4261494576931,3.150893235215335e-07,0.9999525547027588,17945.664013192218
46,bert.encoder.layer.8.attention.self.value,value,0.006237206980586052,0.008833333333333332,2.0497412833719864e-07,0.0036471604835242033,0.827366292476654,1.4766056892767665e-06,0.9975246787071228,14268.103831004382
46,bert.encoder.layer.8.attention.output.dense,dense,0.004127874970436096,0.008833333333333332,1.211835325420907e-07,0.0020261334720999002,0.5939056277275085,1.2673111768890521e-06,0.9995998740196228,17526.888610927952
46,bert.encoder.layer.9.attention.self.query,query,0.0010982046369463205,0.008833333333333332,6.3577614284326955e-09,0.00010043839574791491,0.038873013108968735,3.6172802531098114e-09,1.0,15978.725370514765
46,bert.encoder.layer.9.attention.self.key,key,0.001026628422550857,0.008833333333333332,5.796856328288413e-09,7.231899508042261e-05,0.0530572272837162,1.7007317776318587e-09,1.0,13636.597003563285
46,bert.encoder.layer.9.attention.self.value,value,0.004319727420806885,0.008833333333333332,1.3481664495884615e-07,0.0024625775404274464,0.7533296942710876,8.926469945436111e-07,0.9981825351715088,15262.139082884498
46,bert.encoder.layer.9.attention.output.dense,dense,0.0028966525569558144,0.008833333333333332,7.208731034324956e-08,0.0012516311835497618,0.4915774166584015,6.398934715434734e-07,0.9999525547027588,19949.834884605367
46,bert.encoder.layer.10.attention.self.query,query,0.0007041015196591616,0.008833333333333332,3.4652913871724422e-09,4.435633309185505e-05,0.03725767135620117,7.768357068727028e-10,1.0,17795.664491938125
46,bert.encoder.layer.10.attention.self.key,key,0.0006137119489721954,0.008833333333333332,2.7558852977449533e-09,3.615324021666311e-05,0.01543728169053793,5.426307181366496e-10,1.0,16425.104105310587
46,bert.encoder.layer.10.attention.self.value,value,0.002374582691118121,0.008833333333333332,8.045110178045434e-08,0.001398728578351438,0.791096031665802,3.1052911708684405e-07,0.9992472529411316,18217.2340080848
46,bert.encoder.layer.10.attention.output.dense,dense,0.001692008227109909,0.008833333333333332,4.000631648182207e-08,0.0006798552349209785,0.31870314478874207,2.1205644884503272e-07,1.0,19426.34638864932
46,bert.encoder.layer.11.attention.self.query,query,0.0007558150100521743,0.008833333333333332,3.1511502296410754e-09,4.291790901334025e-05,0.02319682389497757,7.026417225830528e-10,1.0,17371.562501155953
46,bert.encoder.layer.11.attention.self.key,key,0.0006290767341852188,0.008833333333333332,2.518379726978992e-09,2.925469379988499e-05,0.03283310681581497,3.390150105087031e-10,1.0,15982.782252225146
46,bert.encoder.layer.11.attention.self.value,value,0.0038189191836863756,0.008833333333333332,1.418924711060754e-07,0.002615396399050951,0.9024361968040466,5.23025903476082e-07,0.9983046054840088,19178.59923957108
46,bert.encoder.layer.11.attention.output.dense,dense,0.00204021786339581,0.008833333333333332,5.257172830397394e-08,0.0010363826295360923,0.47403058409690857,4.4075329697079724e-07,1.0,19367.364157246364
47,bert.encoder.layer.0.attention.self.query,query,0.0024394227657467127,0.008666666666666668,7.967879156467461e-08,0.0013201709371060133,0.31352880597114563,5.570942676058621e-07,0.9999728798866272,18231.63816497302
47,bert.encoder.layer.0.attention.self.key,key,0.002277760999277234,0.008666666666666668,6.989371570398362e-08,0.0012621680507436395,0.29154324531555176,4.3504866198418313e-07,0.9998847246170044,18261.934545710006
47,bert.encoder.layer.0.attention.self.value,value,0.0058042993769049644,0.008666666666666668,1.7856676493011037e-07,0.0032524559646844864,0.6805505156517029,2.634025804582052e-06,0.9985419511795044,19080.968789496746
47,bert.encoder.layer.0.attention.output.dense,dense,0.006138935685157776,0.008666666666666668,1.7881065161873266e-07,0.0032063492108136415,0.6680052280426025,3.139673481200589e-06,0.9995930790901184,19716.140000413186
47,bert.encoder.layer.1.attention.self.query,query,0.005072560627013445,0.008666666666666668,9.345435358909526e-08,0.0017287698574364185,0.40482717752456665,7.619986490681185e-07,0.9997151494026184,18930.408939708115
47,bert.encoder.layer.1.attention.self.key,key,0.0047090668231248856,0.008666666666666668,8.572794740757672e-08,0.0016167338471859694,0.42510244250297546,6.135525154604693e-07,0.9994438886642456,18747.147629530973
47,bert.encoder.layer.1.attention.self.value,value,0.008863803930580616,0.008666666666666668,2.9328154482755053e-07,0.004763960838317871,0.8278738856315613,3.0206620067474432e-06,0.9974501132965088,16034.831241325113
47,bert.encoder.layer.1.attention.output.dense,dense,0.006594301667064428,0.008666666666666668,1.7872361013360205e-07,0.0031615172047168016,0.6706642508506775,3.050761506528943e-06,0.9994303584098816,19977.294235881032
47,bert.encoder.layer.2.attention.self.query,query,0.003807503031566739,0.008666666666666668,9.456469030055814e-08,0.001753846532665193,0.4329398274421692,7.125334491320245e-07,0.99945068359375,18827.52697336653
47,bert.encoder.layer.2.attention.self.key,key,0.003573962254449725,0.008666666666666668,8.222622938092172e-08,0.0015320191159844398,0.36802875995635986,5.911666676183813e-07,0.9997016191482544,18625.861874013804
47,bert.encoder.layer.2.attention.self.value,value,0.010435174219310284,0.008666666666666668,3.54346212816381e-07,0.005549103952944279,0.823252260684967,4.398022156237857e-06,0.99517822265625,16368.36472610509
47,bert.encoder.layer.2.attention.output.dense,dense,0.007801562547683716,0.008666666666666668,2.128377474264198e-07,0.0037658745422959328,0.7276248931884766,3.797732233579154e-06,0.9985893964767456,19497.83544600386
47,bert.encoder.layer.3.attention.self.query,query,0.0038393547292798758,0.008666666666666668,1.2242136904205836e-07,0.002301277592778206,0.5185937285423279,1.0944994528472307e-06,0.9986911416053772,18915.423007549663
47,bert.encoder.layer.3.attention.self.key,key,0.0037669374141842127,0.008666666666666668,1.2223132728195196e-07,0.002207567449659109,0.5116492509841919,1.0511444088479038e-06,0.9991319179534912,18671.97284314788
47,bert.encoder.layer.3.attention.self.value,value,0.010419616475701332,0.008666666666666668,3.838661939425947e-07,0.005934790708124638,0.7865261435508728,5.206435616855742e-06,0.9914957880973816,17208.733585697482
47,bert.encoder.layer.3.attention.output.dense,dense,0.009070020169019699,0.008666666666666668,2.739215005931328e-07,0.004725910723209381,0.7569649815559387,5.300069460645318e-06,0.9964938759803772,18124.727579982515
47,bert.encoder.layer.4.attention.self.query,query,0.004936273209750652,0.008666666666666668,1.5085332449871203e-07,0.0029689904768019915,0.610823392868042,1.5567816262773704e-06,0.9976060390472412,18991.789540404006
47,bert.encoder.layer.4.attention.self.key,key,0.004403512924909592,0.008666666666666668,1.310150423705636e-07,0.0025619242805987597,0.5729565620422363,1.1206325325474609e-06,0.9980807900428772,19592.10386434224
47,bert.encoder.layer.4.attention.self.value,value,0.010953711345791817,0.008666666666666668,3.6859054830529203e-07,0.006525665987282991,0.8254109025001526,4.730463842861354e-06,0.9899020791053772,17360.62073332737
47,bert.encoder.layer.4.attention.output.dense,dense,0.008075953461229801,0.008666666666666668,2.3832349427266308e-07,0.004257163964211941,0.7189343571662903,4.298909061617451e-06,0.9977620244026184,19142.300461501545
47,bert.encoder.layer.5.attention.self.query,query,0.00467626191675663,0.008666666666666668,1.324018086279466e-07,0.0023884475231170654,0.4989260137081146,1.2827254067815375e-06,0.9987725019454956,19732.970605852443
47,bert.encoder.layer.5.attention.self.key,key,0.004519011825323105,0.008666666666666668,1.3078830818358256e-07,0.002436678623780608,0.5358145833015442,1.190103489534522e-06,0.9986369013786316,19661.12197942557
47,bert.encoder.layer.5.attention.self.value,value,0.009760353714227676,0.008666666666666668,2.8976370458622114e-07,0.005326965358108282,0.7693445682525635,3.7882355172769167e-06,0.9939778447151184,16540.155159327336
47,bert.encoder.layer.5.attention.output.dense,dense,0.007483072578907013,0.008666666666666668,1.968301006627371e-07,0.0034600254148244858,0.6729462146759033,3.3243877624045126e-06,0.9989216923713684,18923.63743122595
47,bert.encoder.layer.6.attention.self.query,query,0.003990200348198414,0.008666666666666668,1.1028097191001507e-07,0.0020029395818710327,0.46900659799575806,9.934859690474696e-07,0.9993218183517456,19279.28874736826
47,bert.encoder.layer.6.attention.self.key,key,0.003605180885642767,0.008666666666666668,1.0021321372732928e-07,0.0018532713875174522,0.49542805552482605,7.632170877514e-07,0.99932861328125,19262.075096862216
47,bert.encoder.layer.6.attention.self.value,value,0.009312646463513374,0.008666666666666668,3.0835590791866707e-07,0.0054998439736664295,0.8432484269142151,3.000013521159417e-06,0.9957004189491272,12840.922405818952
47,bert.encoder.layer.6.attention.output.dense,dense,0.006211317144334316,0.008666666666666668,1.6093105159598053e-07,0.0028080164920538664,0.6382855176925659,2.3652273739571683e-06,0.9992607831954956,19623.25992120277
47,bert.encoder.layer.7.attention.self.query,query,0.004212855827063322,0.008666666666666668,1.1793002130389141e-07,0.0020069866441190243,0.505827784538269,1.0796651395139634e-06,0.9995456337928772,18829.672027119123
47,bert.encoder.layer.7.attention.self.key,key,0.003839468816295266,0.008666666666666668,1.108607605715406e-07,0.0019585576374083757,0.4850715398788452,9.690043043519836e-07,0.9994235634803772,18833.131832025567
47,bert.encoder.layer.7.attention.self.value,value,0.008596143685281277,0.008666666666666668,2.7968064841843443e-07,0.005080760922282934,0.8095414042472839,3.979107077611843e-06,0.9934421181678772,15570.041887010337
47,bert.encoder.layer.7.attention.output.dense,dense,0.005994997452944517,0.008666666666666668,1.9246353133439698e-07,0.0033447048626840115,0.7197014689445496,2.7155479074281175e-06,0.9978705644607544,17814.78051200204
47,bert.encoder.layer.8.attention.self.query,query,0.002686685649678111,0.008666666666666668,8.15197793713196e-08,0.0013778095599263906,0.45000550150871277,4.3248144265817245e-07,0.9996337890625,18009.686291426882
47,bert.encoder.layer.8.attention.self.key,key,0.0019101182697340846,0.008666666666666668,5.784051282375913e-08,0.001039497321471572,0.4036053717136383,2.8634019599849125e-07,0.9999253749847412,17900.050388595802
47,bert.encoder.layer.8.attention.self.value,value,0.00637131929397583,0.008666666666666668,2.344704483903115e-07,0.0041390652768313885,0.8420745730400085,1.7292596794504789e-06,0.9969211220741272,14334.303079062202
47,bert.encoder.layer.8.attention.output.dense,dense,0.004144061356782913,0.008666666666666668,1.2906917845612043e-07,0.002183979842811823,0.6161918044090271,1.429119720341987e-06,0.99945068359375,17555.056314742145
47,bert.encoder.layer.9.attention.self.query,query,0.0011790861608460546,0.008666666666666668,6.916020200975481e-09,0.00013592670438811183,0.0951010137796402,6.4461596060994e-09,1.0,15903.946147949211
47,bert.encoder.layer.9.attention.self.key,key,0.0010073973098769784,0.008666666666666668,6.073875180589994e-09,8.05758245405741e-05,0.07476065307855606,2.198499382544128e-09,1.0,13585.870609969492
47,bert.encoder.layer.9.attention.self.value,value,0.004398898221552372,0.008666666666666668,1.500098250062365e-07,0.00268836528994143,0.7749738693237305,9.637431048759026e-07,0.9979248046875,15294.469521521602
47,bert.encoder.layer.9.attention.output.dense,dense,0.0027773918118327856,0.008666666666666668,7.880709063101676e-08,0.0012317439541220665,0.5062194466590881,5.562961291616375e-07,0.9999864101409912,19880.05809690451
47,bert.encoder.layer.10.attention.self.query,query,0.00040586767136119306,0.008666666666666668,5.087988252938658e-09,7.098884088918567e-05,0.08892260491847992,2.0559114410900747e-09,1.0,17824.644384858362
47,bert.encoder.layer.10.attention.self.key,key,0.0002697212330531329,0.008666666666666668,3.4456351105660588e-09,4.192489723209292e-05,0.013304738327860832,6.925084949926941e-10,1.0,16465.006812077256
47,bert.encoder.layer.10.attention.self.value,value,0.0024941428564488888,0.008666666666666668,8.703050724534478e-08,0.0015200566267594695,0.7992844581604004,3.380574753464316e-07,0.9990166425704956,18249.71020938353
47,bert.encoder.layer.10.attention.output.dense,dense,0.0018272754969075322,0.008666666666666668,4.5994795527803944e-08,0.0007478779880329967,0.39668962359428406,2.477607949913363e-07,1.0,19397.301098318745
47,bert.encoder.layer.11.attention.self.query,query,0.0015913710230961442,0.008666666666666668,5.767074373608239e-09,7.159668166423216e-05,0.030313661321997643,1.6909234012985053e-09,1.0,17391.010920719873
47,bert.encoder.layer.11.attention.self.key,key,0.0012775807408615947,0.008666666666666668,4.412204379633522e-09,5.0012022256851196e-05,0.03759228438138962,9.515026544448801e-10,1.0,15986.617245153664
47,bert.encoder.layer.11.attention.self.value,value,0.0043001119047403336,0.008666666666666668,1.4434374406846473e-07,0.002689884975552559,0.8952211737632751,5.766059985035099e-07,0.9984266757965088,19213.33124946449
47,bert.encoder.layer.11.attention.output.dense,dense,0.002452984917908907,0.008666666666666668,5.731836338895846e-08,0.0011420684168115258,0.481084942817688,5.06345998019242e-07,1.0,19287.622913678555
48,bert.encoder.layer.0.attention.self.query,query,0.0024812202900648117,0.0085,8.053450528677786e-08,0.0014968543546274304,0.35617995262145996,5.575955128733767e-07,0.9997084140777588,18132.742953102937
48,bert.encoder.layer.0.attention.self.key,key,0.002341509098187089,0.0085,7.121290224176846e-08,0.0013224511640146375,0.28468719124794006,4.730206626391009e-07,0.9998100996017456,18092.906440245457
48,bert.encoder.layer.0.attention.self.value,value,0.00569782592356205,0.0085,1.871508032991187e-07,0.003274537855759263,0.7045461535453796,2.4968494471977465e-06,0.998291015625,18884.822142415742
48,bert.encoder.layer.0.attention.output.dense,dense,0.0058586751110851765,0.0085,1.7507002780803305e-07,0.0031024254858493805,0.6585749387741089,2.916761332016904e-06,0.99945068359375,19677.07961770918
48,bert.encoder.layer.1.attention.self.query,query,0.00529696699231863,0.0085,9.251696297951639e-08,0.0016286727041006088,0.4083438813686371,6.485358881036518e-07,0.9997151494026184,18947.33200706823
48,bert.encoder.layer.1.attention.self.key,key,0.00497795082628727,0.0085,8.322835043372834e-08,0.0014321694616228342,0.3702014684677124,5.489112595569168e-07,0.99981689453125,18745.779999214064
48,bert.encoder.layer.1.attention.self.value,value,0.007569868117570877,0.0085,2.515957078230713e-07,0.004247082397341728,0.8108848929405212,2.5524723241687752e-06,0.9977145791053772,16053.996359077113
48,bert.encoder.layer.1.attention.output.dense,dense,0.006123478524386883,0.0085,1.643486626790036e-07,0.002926178742200136,0.6463111639022827,2.731037966441363e-06,0.9995659589767456,19966.641211684
48,bert.encoder.layer.2.attention.self.query,query,0.003725652815774083,0.0085,9.646583265521258e-08,0.0017346725799143314,0.45072248578071594,7.186202424236399e-07,0.9996541142463684,18817.517154628305
48,bert.encoder.layer.2.attention.self.key,key,0.0035342860501259565,0.0085,8.369620729808958e-08,0.0014815304894000292,0.37866154313087463,5.764059096691199e-07,0.9997761845588684,18587.16653283242
48,bert.encoder.layer.2.attention.self.value,value,0.009124466218054295,0.0085,2.814459776345757e-07,0.004829534329473972,0.820410966873169,3.857790034089703e-06,0.995849609375,16400.556643331583
48,bert.encoder.layer.2.attention.output.dense,dense,0.007244556210935116,0.0085,2.0066593720002857e-07,0.0035334944259375334,0.7127629518508911,3.426798684813548e-06,0.998779296875,19489.11466427142
48,bert.encoder.layer.3.attention.self.query,query,0.003572099609300494,0.0085,1.06691786072588e-07,0.002033996395766735,0.46802154183387756,9.881071036943467e-07,0.9991929531097412,18852.451551031452
48,bert.encoder.layer.3.attention.self.key,key,0.003482126398012042,0.0085,1.0875727696202375e-07,0.002000286942347884,0.4678494930267334,9.613381735107396e-07,0.9995795488357544,18639.299270315943
48,bert.encoder.layer.3.attention.self.value,value,0.009202598594129086,0.0085,2.8951467356819194e-07,0.005361850839108229,0.7858304977416992,4.728439307655208e-06,0.9929945468902588,17211.102185478983
48,bert.encoder.layer.3.attention.output.dense,dense,0.008166980929672718,0.0085,2.3743007204757305e-07,0.004214638844132423,0.7252475023269653,4.630384864867665e-06,0.9983723759651184,18054.288494616765
48,bert.encoder.layer.4.attention.self.query,query,0.004871268291026354,0.0085,1.2662815151998075e-07,0.002578425919637084,0.5548039674758911,1.3396022495726356e-06,0.9984402060508728,18941.137188234363
48,bert.encoder.layer.4.attention.self.key,key,0.004294106271117926,0.0085,1.1827435031364075e-07,0.0023357882164418697,0.5465427041053772,1.0277676665282343e-06,0.99847412109375,19542.029756507138
48,bert.encoder.layer.4.attention.self.value,value,0.009633822366595268,0.0085,3.022992700607574e-07,0.005657154601067305,0.8021757006645203,4.056420948472805e-06,0.99267578125,17411.04369133922
48,bert.encoder.layer.4.attention.output.dense,dense,0.007165674585849047,0.0085,2.0906259123876225e-07,0.0038002384826540947,0.6867859959602356,3.673446371976752e-06,0.9986504316329956,19167.688663020534
48,bert.encoder.layer.5.attention.self.query,query,0.004333152435719967,0.0085,1.2326391640726797e-07,0.0022110571153461933,0.473261296749115,1.1887238997587701e-06,0.9992201328277588,19819.27860923368
48,bert.encoder.layer.5.attention.self.key,key,0.004144671373069286,0.0085,1.1999527771422436e-07,0.002127142157405615,0.47052696347236633,1.0706069133448182e-06,0.9989556074142456,19713.70136859757
48,bert.encoder.layer.5.attention.self.value,value,0.009261085651814938,0.0085,2.6593508550831757e-07,0.00501071335747838,0.7532848715782166,3.5898078749596607e-06,0.9946153163909912,16567.79985178983
48,bert.encoder.layer.5.attention.output.dense,dense,0.00739672826603055,0.0085,1.9170032317106234e-07,0.003420894965529442,0.6708687543869019,3.1888203011476435e-06,0.9990302324295044,18944.064424283824
48,bert.encoder.layer.6.attention.self.query,query,0.004005770199000835,0.0085,1.21301226840842e-07,0.002317334059625864,0.546413779258728,1.1309034562145825e-06,0.998779296875,19082.527330068446
48,bert.encoder.layer.6.attention.self.key,key,0.003640783717855811,0.0085,1.1356773654824792e-07,0.002223580377176404,0.5963616967201233,8.72537498253223e-07,0.9989420771598816,19119.520596634666
48,bert.encoder.layer.6.attention.self.value,value,0.009436609223484993,0.0085,3.0110820148365747e-07,0.005356772802770138,0.8450321555137634,2.759526296358672e-06,0.9959920048713684,12863.253848291764
48,bert.encoder.layer.6.attention.output.dense,dense,0.006197463721036911,0.0085,1.5615668758073298e-07,0.0028647787403315306,0.6380757093429565,2.4516396024409914e-06,0.9993422031402588,19547.614415714826
48,bert.encoder.layer.7.attention.self.query,query,0.004417255520820618,0.0085,1.2686322747867962e-07,0.002371487906202674,0.6041163206100464,1.2952624501849641e-06,0.9988877773284912,18792.677337853063
48,bert.encoder.layer.7.attention.self.key,key,0.003709276905283332,0.0085,1.1000521027426657e-07,0.0020408141426742077,0.5199147462844849,1.0502860732231056e-06,0.9991929531097412,18750.479914216397
48,bert.encoder.layer.7.attention.self.value,value,0.008007085882127285,0.0085,2.7500402666191803e-07,0.004970678593963385,0.8081479668617249,3.7677793898183154e-06,0.9942491054534912,15612.65872514441
48,bert.encoder.layer.7.attention.output.dense,dense,0.0062408363446593285,0.0085,1.9346580870660546e-07,0.003448421135544777,0.7252129316329956,2.8428157747839577e-06,0.9979722499847412,17816.781919546465
48,bert.encoder.layer.8.attention.self.query,query,0.0028229374438524246,0.0085,8.901500336833124e-08,0.0016477288445457816,0.5035360455513,5.17400053468009e-07,0.9994845986366272,18066.588794849657
48,bert.encoder.layer.8.attention.self.key,key,0.0021352306939661503,0.0085,6.85133230149404e-08,0.0012772015761584044,0.4888804852962494,3.516842639328388e-07,0.9996473789215088,17908.205788522788
48,bert.encoder.layer.8.attention.self.value,value,0.006865326780825853,0.0085,2.5216507992809056e-07,0.0045588030479848385,0.8459758162498474,2.2924050426809117e-06,0.9963514804840088,14393.932333262523
48,bert.encoder.layer.8.attention.output.dense,dense,0.004482958931475878,0.0085,1.2873594812390365e-07,0.002324120607227087,0.6269247531890869,1.5875327790126903e-06,0.9993964433670044,17603.121425652676
48,bert.encoder.layer.9.attention.self.query,query,0.0009833741933107376,0.0085,7.953809166849624e-09,0.00011975136294495314,0.04611431434750557,4.946134612993092e-09,1.0,16008.960292198914
48,bert.encoder.layer.9.attention.self.key,key,0.0008544964366592467,0.0085,7.4036106134656166e-09,6.460656004492193e-05,0.05950391665101051,1.417658324065485e-09,1.0,13675.422959554227
48,bert.encoder.layer.9.attention.self.value,value,0.004843481816351414,0.0085,1.4124657354841474e-07,0.0026342878118157387,0.761950671672821,1.0066692084365059e-06,0.9977891445159912,15281.481454166964
48,bert.encoder.layer.9.attention.output.dense,dense,0.0031025714706629515,0.0085,7.343820840333137e-08,0.0012077689170837402,0.4753395617008209,5.693789262295468e-07,1.0,19874.464460415646
48,bert.encoder.layer.10.attention.self.query,query,0.0003439479332882911,0.0085,4.302417977442019e-09,9.23665938898921e-05,0.04330620542168617,2.7801543289740493e-09,1.0,17859.338160100084
48,bert.encoder.layer.10.attention.self.key,key,0.00022344237368088216,0.0085,3.1385591903188015e-09,3.543174534570426e-05,0.03835615888237953,5.299364280730856e-10,1.0,16502.88497189164
48,bert.encoder.layer.10.attention.self.value,value,0.0024979121517390013,0.0085,7.806566060253317e-08,0.0014203082537278533,0.7707430124282837,3.3052555181711796e-07,0.9991319179534912,18238.929465914673
48,bert.encoder.layer.10.attention.output.dense,dense,0.0019938135519623756,0.0085,3.805437032156078e-08,0.0006881789886392653,0.35945773124694824,2.2303831315184652e-07,1.0,19414.944309505565
48,bert.encoder.layer.11.attention.self.query,query,0.001163224340416491,0.0085,5.105464939703097e-09,8.073497883742675e-05,0.05675194039940834,1.8224848297165863e-09,1.0,17368.423731962564
48,bert.encoder.layer.11.attention.self.key,key,0.0009069658699445426,0.0085,3.827728800587238e-09,9.12033865461126e-05,0.1114654615521431,2.5789330670988875e-09,1.0,15965.995528650363
48,bert.encoder.layer.11.attention.self.value,value,0.0026736296713352203,0.0085,8.901891135337792e-08,0.0016506235115230083,0.8557488322257996,3.11086779447578e-07,0.9989149570465088,19220.28394856644
48,bert.encoder.layer.11.attention.output.dense,dense,0.0016040210612118244,0.0085,3.648678870149524e-08,0.0007489451090805233,0.32493913173675537,2.596590320536052e-07,1.0,19295.007012175796
49,bert.encoder.layer.0.attention.self.query,query,0.002554312814027071,0.008333333333333331,7.865892115432871e-08,0.001358459354378283,0.32690656185150146,5.874990733900631e-07,0.9999660849571228,18186.276915900766
49,bert.encoder.layer.0.attention.self.key,key,0.0024726486299186945,0.008333333333333331,7.206969598883006e-08,0.001365204807370901,0.3106273412704468,5.155646931598312e-07,0.9998304843902588,18074.44786665595
49,bert.encoder.layer.0.attention.self.value,value,0.005244300235062838,0.008333333333333331,1.595228269479776e-07,0.002908513182774186,0.659078061580658,2.279424506923533e-06,0.9987453818321228,18907.255695468088
49,bert.encoder.layer.0.attention.output.dense,dense,0.005684957839548588,0.008333333333333331,1.684976780325087e-07,0.0029618642292916775,0.653832733631134,2.792044142552186e-06,0.9997219443321228,19729.63354305416
49,bert.encoder.layer.1.attention.self.query,query,0.004363652318716049,0.008333333333333331,8.75399450706027e-08,0.001538504147902131,0.3832685053348541,6.229361702025926e-07,0.9998100996017456,19003.137990890653
49,bert.encoder.layer.1.attention.self.key,key,0.003983877133578062,0.008333333333333331,7.996396078624457e-08,0.0013984855031594634,0.39986589550971985,4.7748608267284e-07,0.9996880292892456,18801.75921484472
49,bert.encoder.layer.1.attention.self.value,value,0.0073852865025401115,0.008333333333333331,2.3642276403279538e-07,0.004308443050831556,0.8167030215263367,2.7904347916773986e-06,0.99761962890625,16073.534639817355
49,bert.encoder.layer.1.attention.output.dense,dense,0.006118170451372862,0.008333333333333331,1.6581932982262515e-07,0.0030032426584511995,0.6670868992805481,2.8048457352269907e-06,0.9996066689491272,19945.438365566297
49,bert.encoder.layer.2.attention.self.query,query,0.0035846689715981483,0.008333333333333331,9.391185074036912e-08,0.0017250457312911749,0.4334421753883362,7.361222742474638e-07,0.9996134638786316,18790.94394916808
49,bert.encoder.layer.2.attention.self.key,key,0.00344132911413908,0.008333333333333331,8.298463427536262e-08,0.0016041492344811559,0.3946700394153595,6.458366215156275e-07,0.9997016191482544,18543.43854081388
49,bert.encoder.layer.2.attention.self.value,value,0.00958755612373352,0.008333333333333331,2.8315335498518834e-07,0.00501371081918478,0.8209166526794434,4.236905169818783e-06,0.9955512285232544,16395.564706809528
49,bert.encoder.layer.2.attention.output.dense,dense,0.007402885239571333,0.008333333333333331,1.9986224231161032e-07,0.0036079564597457647,0.7113291621208191,3.5440768897387898e-06,0.9986436367034912,19469.023008370394
49,bert.encoder.layer.3.attention.self.query,query,0.0035431634169071913,0.008333333333333331,1.0693474195022645e-07,0.0020343002397567034,0.46517235040664673,9.951799029295216e-07,0.9992268681526184,18861.681071563886
49,bert.encoder.layer.3.attention.self.key,key,0.003397465217858553,0.008333333333333331,1.0690227725262957e-07,0.0019297319231554866,0.44367432594299316,9.356938335258747e-07,0.99945068359375,18651.355308537884
49,bert.encoder.layer.3.attention.self.value,value,0.010052799247205257,0.008333333333333331,3.2563505669713777e-07,0.005988406017422676,0.8091995716094971,5.373783096729312e-06,0.9916313886642456,17201.768321651867
49,bert.encoder.layer.3.attention.output.dense,dense,0.008476794697344303,0.008333333333333331,2.534228826789331e-07,0.004438469652086496,0.7388392090797424,4.963387709722156e-06,0.9976942539215088,18127.617021693986
49,bert.encoder.layer.4.attention.self.query,query,0.004847570788115263,0.008333333333333331,1.393476765088053e-07,0.0027895427774637938,0.5885529518127441,1.4412318023460102e-06,0.9980129599571228,18904.32641122568
49,bert.encoder.layer.4.attention.self.key,key,0.004309384617954493,0.008333333333333331,1.2658513526275783e-07,0.002480307826772332,0.5746098756790161,1.0550223805694259e-06,0.9983113408088684,19476.408393610203
49,bert.encoder.layer.4.attention.self.value,value,0.010346539318561554,0.008333333333333331,3.5651160601446463e-07,0.006192214787006378,0.8097144365310669,4.473058197618229e-06,0.9910142421722412,17422.40752380955
49,bert.encoder.layer.4.attention.output.dense,dense,0.007993386127054691,0.008333333333333331,2.446454061555414e-07,0.004378246143460274,0.7298792600631714,4.3742179514083546e-06,0.9971177577972412,19152.092148173495
49,bert.encoder.layer.5.attention.self.query,query,0.00446034362539649,0.008333333333333331,1.207244508805161e-07,0.0021759718656539917,0.4483473300933838,1.1743226195903844e-06,0.9994574785232544,19724.97283414093
49,bert.encoder.layer.5.attention.self.key,key,0.004396507050842047,0.008333333333333331,1.1907121688636835e-07,0.002121909987181425,0.45829522609710693,1.1031867188648903e-06,0.9990708827972412,19669.484719700482
49,bert.encoder.layer.5.attention.self.value,value,0.009688705205917358,0.008333333333333331,2.8768369020326645e-07,0.0053471894934773445,0.7658611536026001,3.865026428684359e-06,0.9941202998161316,16602.469862038666
49,bert.encoder.layer.5.attention.output.dense,dense,0.008061425760388374,0.008333333333333331,2.157309495487425e-07,0.0037362254224717617,0.7014030814170837,3.6030469345860183e-06,0.99835205078125,18960.23210826781
49,bert.encoder.layer.6.attention.self.query,query,0.003946148324757814,0.008333333333333331,1.1164977564703804e-07,0.00203828327357769,0.4812833070755005,9.856120186668704e-07,0.9992268681526184,19151.942833035482
49,bert.encoder.layer.6.attention.self.key,key,0.0036032446660101414,0.008333333333333331,9.633107111994832e-08,0.0017856506165117025,0.48140254616737366,7.349856332439231e-07,0.99932861328125,19136.094107537545
49,bert.encoder.layer.6.attention.self.value,value,0.009951561689376831,0.008333333333333331,3.538022212978831e-07,0.005911055486649275,0.8657089471817017,2.916390030804905e-06,0.9959987998008728,12882.154590559883
49,bert.encoder.layer.6.attention.output.dense,dense,0.006789476610720158,0.008333333333333331,1.686481709839427e-07,0.003029578598216176,0.6648326516151428,2.620244913487113e-06,0.9990166425704956,19511.85984596007
49,bert.encoder.layer.7.attention.self.query,query,0.00440829386934638,0.008333333333333331,1.406468612685785e-07,0.0025126105174422264,0.576838493347168,1.4511615518131293e-06,0.9988064169883728,18814.265897595324
49,bert.encoder.layer.7.attention.self.key,key,0.003873649053275585,0.008333333333333331,1.2609447708200605e-07,0.0022771498188376427,0.5444836616516113,1.1672498203552095e-06,0.9987860918045044,18773.88637430296
49,bert.encoder.layer.7.attention.self.value,value,0.009050235152244568,0.008333333333333331,2.90851687623217e-07,0.0052514830604195595,0.8017775416374207,4.433551112015266e-06,0.99322509765625,15688.00400021839
49,bert.encoder.layer.7.attention.output.dense,dense,0.00679422914981842,0.008333333333333331,2.3248158242950012e-07,0.004072664771229029,0.7743932604789734,3.2843677217897493e-06,0.9966227412223816,17809.990846879875
49,bert.encoder.layer.8.attention.self.query,query,0.002874493133276701,0.008333333333333331,8.525780259560634e-08,0.0014303808566182852,0.4540207087993622,4.656959049498255e-07,0.9995591640472412,17999.587389712975
49,bert.encoder.layer.8.attention.self.key,key,0.00229236320592463,0.008333333333333331,6.925900919441119e-08,0.0012138595338910818,0.47851625084877014,3.3801899235186283e-07,0.9997016191482544,17875.652077282375
49,bert.encoder.layer.8.attention.self.value,value,0.00628066249191761,0.008333333333333331,2.0411751222582097e-07,0.0036643703933805227,0.8147084712982178,1.6614746982668294e-06,0.9974568486213684,14380.754832092125
49,bert.encoder.layer.8.attention.output.dense,dense,0.004352170042693615,0.008333333333333331,1.26430393265764e-07,0.002192223910242319,0.625923216342926,1.4498556311082211e-06,0.9994710087776184,17562.394599802552
49,bert.encoder.layer.9.attention.self.query,query,0.0012590792030096054,0.008333333333333331,5.748546527684084e-09,7.46465302654542e-05,0.02254212275147438,1.985312136909556e-09,1.0,16006.083352309692
49,bert.encoder.layer.9.attention.self.key,key,0.0011247001821175218,0.008333333333333331,5.641100919717701e-09,6.746783037669957e-05,0.053078316152095795,1.54709012267773e-09,1.0,13645.439845148981
49,bert.encoder.layer.9.attention.self.value,value,0.004916548728942871,0.008333333333333331,1.533823166255388e-07,0.0028746332973241806,0.7724491357803345,1.1241040738241281e-06,0.9976399540901184,15340.16902940386
49,bert.encoder.layer.9.attention.output.dense,dense,0.0032223977614194155,0.008333333333333331,8.386386696201953e-08,0.0013511221623048186,0.5694021582603455,6.049683634046232e-07,0.9997016191482544,19794.157156878646
49,bert.encoder.layer.10.attention.self.query,query,0.0004446695966180414,0.008333333333333331,4.332617820068663e-09,9.532291005598381e-05,0.08839088678359985,2.861777037566071e-09,1.0,17889.35443719213
49,bert.encoder.layer.10.attention.self.key,key,0.0003327903104946017,0.008333333333333331,2.9926081612785538e-09,3.883634053636342e-05,0.05121814087033272,5.846769735029511e-10,1.0,16520.854062000897
49,bert.encoder.layer.10.attention.self.value,value,0.0024196889717131853,0.008333333333333331,8.030671239112053e-08,0.0013864788925275207,0.7793530225753784,3.080711223901744e-07,0.9992472529411316,18222.624772571224
49,bert.encoder.layer.10.attention.output.dense,dense,0.0016991429729387164,0.008333333333333331,4.219439730945851e-08,0.0006874281098134816,0.3307379186153412,2.233293798781233e-07,1.0,19378.32206537934
49,bert.encoder.layer.11.attention.self.query,query,0.00152951932977885,0.008333333333333331,5.627564192423051e-09,4.3146628740942106e-05,0.01861019991338253,7.096417342644656e-10,1.0,17376.828402059036
49,bert.encoder.layer.11.attention.self.key,key,0.0014669419033452868,0.008333333333333331,4.274971487916446e-09,6.009377830196172e-05,0.016789186745882034,1.3973937562639094e-09,1.0,15968.929859471404
49,bert.encoder.layer.11.attention.self.value,value,0.003369381185621023,0.008333333333333331,1.1492029017290406e-07,0.0020905868150293827,0.8810427784919739,4.035999552343128e-07,0.9987046718597412,19182.456661937686
49,bert.encoder.layer.11.attention.output.dense,dense,0.0017501766560599208,0.008333333333333331,4.480400406237095e-08,0.0008616760605946183,0.41267648339271545,2.969884747017204e-07,1.0,19268.488204534933
50,bert.encoder.layer.0.attention.self.query,query,0.0027111638337373734,0.008166666666666668,8.788237693124756e-08,0.0015397861134260893,0.3504776954650879,6.789813937757572e-07,0.9998304843902588,18115.379434581144
50,bert.encoder.layer.0.attention.self.key,key,0.0026857892517000437,0.008166666666666668,8.129510575827226e-08,0.0015842884313315153,0.3440532982349396,6.286032885327586e-07,0.9996473789215088,18009.325868479365
50,bert.encoder.layer.0.attention.self.value,value,0.006107799243181944,0.008166666666666668,1.8504427146126545e-07,0.0033400687389075756,0.692096471786499,2.7471553494251566e-06,0.9984673261642456,18810.550384964346
50,bert.encoder.layer.0.attention.output.dense,dense,0.0064090522937476635,0.008166666666666668,1.9070165535595152e-07,0.0033616782166063786,0.6847960352897644,3.3125929803645704e-06,0.99932861328125,19702.536364191237
50,bert.encoder.layer.1.attention.self.query,query,0.004988446366041899,0.008166666666666668,9.31728223463324e-08,0.0016316828550770879,0.4002838134765625,6.802656571380794e-07,0.9997422695159912,18926.93169474948
50,bert.encoder.layer.1.attention.self.key,key,0.004514711908996105,0.008166666666666668,8.518054528394714e-08,0.00155294977594167,0.39428818225860596,5.874093744751008e-07,0.9996473789215088,18735.5357641493
50,bert.encoder.layer.1.attention.self.value,value,0.009033325128257275,0.008166666666666668,3.054622368381388e-07,0.0050476533360779285,0.8361180424690247,3.3878538943099556e-06,0.9972195029258728,16037.033118328007
50,bert.encoder.layer.1.attention.output.dense,dense,0.007463898975402117,0.008166666666666668,2.0424623414783127e-07,0.0036178692243993282,0.7066567540168762,3.5724733606912196e-06,0.9985215663909912,19972.024748464024
50,bert.encoder.layer.2.attention.self.query,query,0.003942825365811586,0.008166666666666668,1.0479938339358341e-07,0.0019441016484051943,0.43035054206848145,9.133424896390352e-07,0.9996134638786316,18790.097072860204
50,bert.encoder.layer.2.attention.self.key,key,0.003986680880188942,0.008166666666666668,1.0022715457580489e-07,0.0018560377648100257,0.40080925822257996,8.337840426975163e-07,0.9996405839920044,18544.506468254996
50,bert.encoder.layer.2.attention.self.value,value,0.01143841166049242,0.008166666666666668,3.649994084753416e-07,0.005929617676883936,0.8337084054946899,5.08174207425327e-06,0.9939846396446228,16421.053830077748
50,bert.encoder.layer.2.attention.output.dense,dense,0.008952335454523563,0.008166666666666668,2.4552440436309553e-07,0.0043657561764121056,0.7560612559318542,4.636739959096303e-06,0.9969956874847412,19480.38391292572
50,bert.encoder.layer.3.attention.self.query,query,0.0043655517511069775,0.008166666666666668,1.3350070560136373e-07,0.0025469069369137287,0.5463294386863708,1.3671779015567154e-06,0.9985215663909912,18798.455890420086
50,bert.encoder.layer.3.attention.self.key,key,0.004141428507864475,0.008166666666666668,1.2903552715215483e-07,0.002375288400799036,0.5046188235282898,1.2029961453663418e-06,0.9989759922027588,18590.06830257584
50,bert.encoder.layer.3.attention.self.value,value,0.011824211105704308,0.008166666666666668,4.0791795186123636e-07,0.006630326621234417,0.8079713582992554,6.071236839488847e-06,0.9892035722732544,17253.97844906721
50,bert.encoder.layer.3.attention.output.dense,dense,0.010418528690934181,0.008166666666666668,3.130323875666363e-07,0.005262995138764381,0.7603476643562317,6.164993465063162e-06,0.9947713017463684,18281.207110879877
50,bert.encoder.layer.4.attention.self.query,query,0.005336957983672619,0.008166666666666668,1.6360355914457614e-07,0.0030910277273505926,0.6114475131034851,1.6564567886234727e-06,0.9974297285079956,18880.67357714918
50,bert.encoder.layer.4.attention.self.key,key,0.004938333760946989,0.008166666666666668,1.4531644865201088e-07,0.0027892072685062885,0.5849524140357971,1.323191327173845e-06,0.9975450038909912,19403.26721635666
50,bert.encoder.layer.4.attention.self.value,value,0.01275552250444889,0.008166666666666668,4.300776481613866e-07,0.007288901600986719,0.8296464085578918,5.618148861685768e-06,0.9865383505821228,17477.30717547421
50,bert.encoder.layer.4.attention.output.dense,dense,0.009492434561252594,0.008166666666666668,2.752166778918763e-07,0.004939110483974218,0.7494909167289734,5.244538897386519e-06,0.9955647587776184,19148.489312866222
50,bert.encoder.layer.5.attention.self.query,query,0.005541970953345299,0.008166666666666668,1.6902211541491852e-07,0.0031138735357671976,0.5653861165046692,1.8735659068624955e-06,0.9980672001838684,19739.700914084446
50,bert.encoder.layer.5.attention.self.key,key,0.005391471553593874,0.008166666666666668,1.628936274755688e-07,0.0029582662973552942,0.5530233383178711,1.6814781247376231e-06,0.9977349042892456,19735.91115457547
50,bert.encoder.layer.5.attention.self.value,value,0.012895352207124233,0.008166666666666668,3.8215620179471443e-07,0.00693109817802906,0.8105879426002502,5.77921855438035e-06,0.9876708984375,16723.540490733558
50,bert.encoder.layer.5.attention.output.dense,dense,0.009551293216645718,0.008166666666666668,2.632162647842051e-07,0.00454058637842536,0.7459061741828918,4.725077360490104e-06,0.9971245527267456,18889.807943292588
50,bert.encoder.layer.6.attention.self.query,query,0.0052794707007706165,0.008166666666666668,1.7220375525539566e-07,0.0032224806491285563,0.6050755381584167,1.8978932985191932e-06,0.9967990517616272,18972.71292103079
50,bert.encoder.layer.6.attention.self.key,key,0.004704659804701805,0.008166666666666668,1.5405198894313799e-07,0.002913949079811573,0.6276755332946777,1.3328814247870469e-06,0.9973686933517456,19030.46823436564
50,bert.encoder.layer.6.attention.self.value,value,0.010888624005019665,0.008166666666666668,3.994453265931952e-07,0.006285384297370911,0.8587026596069336,3.467018132141675e-06,0.99530029296875,12886.550383346554
50,bert.encoder.layer.6.attention.output.dense,dense,0.007000319194048643,0.008166666666666668,1.7787040462735604e-07,0.0030441845301538706,0.6450441479682922,2.645278300406062e-06,0.9991726279258728,19574.2599178959
50,bert.encoder.layer.7.attention.self.query,query,0.004823466297239065,0.008166666666666668,1.2765023882366222e-07,0.0022430820390582085,0.5230278968811035,1.2716803894363693e-06,0.9993150234222412,18868.37748279751
50,bert.encoder.layer.7.attention.self.key,key,0.004553425591439009,0.008166666666666668,1.3183706926156447e-07,0.002422512974590063,0.5511497855186462,1.3214381624493399e-06,0.99884033203125,18744.270376291435
50,bert.encoder.layer.7.attention.self.value,value,0.01099296286702156,0.008166666666666668,3.5953945598521386e-07,0.00638231448829174,0.8399232029914856,5.401187536335783e-06,0.9877251386642456,15820.690090381891
50,bert.encoder.layer.7.attention.output.dense,dense,0.007048884406685829,0.008166666666666668,2.3315539010582143e-07,0.00412895530462265,0.7765419483184814,3.4021463761746418e-06,0.9965345859527588,17822.533161989355
50,bert.encoder.layer.8.attention.self.query,query,0.003964792937040329,0.008166666666666668,9.819506630037722e-08,0.0016938932240009308,0.5307743549346924,5.797452899969358e-07,0.9994235634803772,18020.93339248467
50,bert.encoder.layer.8.attention.self.key,key,0.002978282980620861,0.008166666666666668,7.815622637963315e-08,0.001341762370429933,0.512966513633728,3.902347032180842e-07,0.9996337890625,17916.84413841919
50,bert.encoder.layer.8.attention.self.value,value,0.0071245767176151276,0.008166666666666668,2.2379808228834008e-07,0.004046540707349777,0.8138284683227539,1.99269470613217e-06,0.9968600869178772,14452.591804218831
50,bert.encoder.layer.8.attention.output.dense,dense,0.005026714876294136,0.008166666666666668,1.5638856609712093e-07,0.0027417584788054228,0.7057343125343323,1.8868746565203764e-06,0.9986843466758728,17592.16442411356
50,bert.encoder.layer.9.attention.self.query,query,0.0010369757656008005,0.008166666666666668,4.624015836895978e-09,9.500879241386428e-05,0.054325636476278305,2.9583528959875594e-09,1.0,15972.808467354314
50,bert.encoder.layer.9.attention.self.key,key,0.0009594769799150527,0.008166666666666668,4.609633119656564e-09,5.806647823192179e-05,0.0585845448076725,1.1495631113689342e-09,1.0,13620.017007313505
50,bert.encoder.layer.9.attention.self.value,value,0.004925016313791275,0.008166666666666668,1.4538034065481042e-07,0.0027218740433454514,0.7690402865409851,1.0641282415235764e-06,0.9978163242340088,15438.053275042
50,bert.encoder.layer.9.attention.output.dense,dense,0.0030583376064896584,0.008166666666666668,7.848430527701566e-08,0.001307522994466126,0.5168453454971313,6.370744358719094e-07,0.9999321699142456,19696.372187199002
50,bert.encoder.layer.10.attention.self.query,query,0.0004176573711447418,0.008166666666666668,4.25843094120637e-09,8.220430026995018e-05,0.06799928843975067,2.259435749607519e-09,1.0,17840.155635205014
50,bert.encoder.layer.10.attention.self.key,key,0.00030421753763221204,0.008166666666666668,2.905025997534949e-09,5.5977434385567904e-05,0.023271549493074417,1.3471752602356446e-09,1.0,16482.44300655948
50,bert.encoder.layer.10.attention.self.value,value,0.0022919748444110155,0.008166666666666668,7.757970621469212e-08,0.001324848155491054,0.777162492275238,2.8171891131023585e-07,0.9993150234222412,18239.19343399312
50,bert.encoder.layer.10.attention.output.dense,dense,0.001584536163136363,0.008166666666666668,4.032305156442817e-08,0.0006264640251174569,0.35333001613616943,1.8217150454802322e-07,1.0,19393.86626223773
50,bert.encoder.layer.11.attention.self.query,query,0.0009148845565505326,0.008166666666666668,8.13854761361199e-09,8.005827839951962e-05,0.0743136778473854,1.912299874007317e-09,1.0,17358.61082407531
50,bert.encoder.layer.11.attention.self.key,key,0.0009068314684554935,0.008166666666666668,7.474789676109594e-09,0.00012026683543808758,0.21305768191814423,5.448493212156791e-09,1.0,15930.722758047888
50,bert.encoder.layer.11.attention.self.value,value,0.0029179684352129698,0.008166666666666668,1.1293139579038325e-07,0.0020031870808452368,0.8884992003440857,3.4961485084750166e-07,0.9986029863357544,19174.990582927006
50,bert.encoder.layer.11.attention.output.dense,dense,0.001244317158125341,0.008166666666666668,4.493580618714077e-08,0.0006153244758024812,0.25543028116226196,1.7500074989129644e-07,1.0,19350.21016434133
