figure_id,run_tag,layer_name,layer_idx,sublayer,variant,dac_bits,adc_bits,inp_bound,inp_res,res_ratio,step_size,nm_thres,sto_round,EZR,QZR_all,QZR_nonzero,ODR,cosine_sim,l2_retention,rel_l2_error,clip_rate_scaled,ratio_q50,ratio_q90,ratio_q99,p_clip,absmax_q50,absmax_q90,absmax_q99,absmax_q999,EZR_pad,QZR_all_pad
B,v3,bert.encoder.layer.0.intermediate.dense,0,FFN1,sweep,4,4,1.0,0.07142857142857142,0.07142857142857142,0.14285714285714285,0.0,False,0.4133168640732765,0.877526199221611,0.7912538731098175,143263.573359375,0.9499023121595382,1.0262002420425416,0.3176429009437561,0.0,0.001311860563000664,0.08554539784789085,0.3336565977334976,1.0771701681733248e-08,0.0017261205503018573,0.006803374842274934,0.04084441401064396,0.19089973360300064,0.3919467058777809,0.90418616771698
B,v3,bert.encoder.layer.0.output.dense,0,FFN2,sweep,4,4,1.0,0.07142857142857142,0.07142857142857142,0.14285714285714285,0.0,False,0.10001674696803092,0.3098334503173828,0.23313365995883942,7.058125019073486,0.9883022117614746,1.0117674100399017,0.15226950585842133,0.0,0.1480975306034088,0.44674221813678744,0.7632909023761749,8.617361686447112e-09,0.0012247702275635674,0.004517098830547184,0.02695871933363378,0.1088310706242919,0.09997862167656421,0.3102265802025795
B,v3,bert.encoder.layer.0.attention.self.key,0,K,sweep,4,4,1.0,0.07142857142857142,0.07142857142857142,0.14285714285714285,0.0,False,1.7802058209781535e-08,0.6594280409812927,0.6594280350208283,35.88913288116455,0.9648709058761596,1.021474951505661,0.26403388142585754,0.0,0.040340964421629905,0.21028057873249054,0.600112270116806,0.0,0.0017019924387568607,0.007514796834439039,0.037034880463033916,0.1293644470348954,0.5496744871139526,0.8467536377906799
B,v3,bert.encoder.layer.0.attention.output.dense,0,O,sweep,4,4,1.0,0.07142857142857142,0.07142857142857142,0.14285714285714285,0.0,False,0.10000756338238716,0.3079151949286461,0.23101052939891814,6.979214363098144,0.9873391377925873,1.0128486931324006,0.15770151659846307,0.0,0.1470487329363823,0.4341430187225342,0.7495387768745423,7.238583930302411e-07,0.0023864957503974436,0.008733195583336056,0.06149544678628445,0.2809510296583176,0.09999373577535152,0.3116226300597191
B,v3,bert.encoder.layer.0.attention.self.query,0,Q,sweep,4,4,1.0,0.07142857142857142,0.07142857142857142,0.14285714285714285,0.0,False,1.8441780891862436e-05,0.49969051897525785,0.49968130320310594,14.779028081893921,0.9638225990533829,1.0312058961391448,0.26763827800750734,0.0,0.07150727473199367,0.25248416647315025,0.6018804442882538,8.617361686447112e-09,0.0006739107554312795,0.002702863308368251,0.021400893740355968,0.13347041245549918,0.0002612347108879476,0.5047320175170898
B,v3,bert.encoder.layer.0.attention.self.value,0,V,sweep,4,4,1.0,0.07142857142857142,0.07142857142857142,0.14285714285714285,0.0,False,8.261949915322476e-09,0.5884897136688232,0.5884897100925446,24.567099208831788,0.9657015550136566,1.0246424245834351,0.26085539266467095,0.0,0.053562227748334405,0.23714866369962692,0.611926234960556,2.536441400025069e-08,0.0031984552019275725,0.012598894936963916,0.0625888722576201,0.19890203669667245,0.5496744832396507,0.8148785257339477
B,v3,bert.encoder.layer.1.intermediate.dense,1,FFN1,sweep,4,4,1.0,0.07142857142857142,0.07142857142857142,0.14285714285714285,0.0,False,0.4298724529147148,0.880343245267868,0.7901519572734833,155224.397890625,0.9568670260906219,1.0269767463207244,0.2931358155608177,0.0,0.0002727029151719762,0.08691689103841782,0.35347319692373275,2.3719344710571022e-08,0.0012748561071930452,0.00493894413812086,0.03607264090329409,0.216779390797019,0.43779260277748105,0.8838716745376587
B,v3,bert.encoder.layer.1.output.dense,1,FFN2,sweep,4,4,1.0,0.07142857142857142,0.07142857142857142,0.14285714285714285,0.0,False,0.10003769025206566,0.31454609721899035,0.23835276663303376,7.300236616134644,0.987842189669609,1.0119695258140564,0.1537885309755802,0.0,0.14662484779953958,0.4473163852095604,0.7634610658884049,0.0,0.0009233566981856711,0.0034268013876862825,0.02211417930200696,0.11454082310199737,0.10003171816468238,0.32167056053876875
B,v3,bert.encoder.layer.1.attention.self.key,1,K,sweep,4,4,1.0,0.07142857142857142,0.07142857142857142,0.14285714285714285,0.0,False,8.27770691103069e-09,0.7557423394918442,0.7557423377037048,49.01501533508301,0.9584988069534301,1.0206270468235017,0.28735501050949097,0.0,0.026658050809055568,0.15271541729569435,0.5510721629858018,0.0,0.0012753668829100207,0.0054160960391163825,0.022581881769001486,0.0689931091107428,0.5496744832396507,0.8900528079271317
B,v3,bert.encoder.layer.1.attention.output.dense,1,O,sweep,4,4,1.0,0.07142857142857142,0.07142857142857142,0.14285714285714285,0.0,False,0.09996547020971774,0.30631375312805176,0.22926701366901397,6.930998854637146,0.9874081516265869,1.0126096546649932,0.15675200894474983,0.0,0.14862286612391473,0.4369040784239769,0.7514787983894348,3.448672782724316e-07,0.0014956015977077187,0.005544603592716158,0.04996404802426696,0.27293659165501594,0.09998981572687626,0.31789580851793287
B,v3,bert.encoder.layer.1.attention.self.query,1,Q,sweep,4,4,1.0,0.07142857142857142,0.07142857142857142,0.14285714285714285,0.0,False,4.560030023867512e-05,0.548338760137558,0.548318190574646,18.67597289085388,0.9616237998008728,1.0296287608146668,0.27456547677516935,0.0,0.061972984708845616,0.24075791344046593,0.6025431871414184,0.0,0.00038584045425523074,0.0015506348008057103,0.011785254231654108,0.06589503783732653,0.0004028362725148327,0.5070066419243813
B,v3,bert.encoder.layer.1.attention.self.value,1,V,sweep,4,4,1.0,0.07142857142857142,0.07142857142857142,0.14285714285714285,0.0,False,0.0,0.6133251547813415,0.6133251547813415,26.35393280029297,0.9668751573562622,1.0227597641944886,0.25672395557165145,0.0,0.048094473965466025,0.23353948429226876,0.6085543757677079,8.617361686447112e-09,0.001825424419948831,0.0074860578076913955,0.03776173485442996,0.15606218919157983,0.5496744787693024,0.8261818927526474
B,v3,bert.encoder.layer.2.intermediate.dense,2,FFN1,sweep,4,4,1.0,0.07142857142857142,0.07142857142857142,0.14285714285714285,0.0,False,0.4576429092884064,0.8558704704046249,0.734271634221077,101869.21734375,0.9559264361858368,1.0323291945457458,0.2947283884882927,0.0,0.00010040955617796499,0.1046488144993782,0.367240816950798,8.617361686447112e-09,0.0007353842281736433,0.0027283163671381772,0.024579288754612207,0.1710961404070258,0.46145398408174515,0.8457483392953873
B,v3,bert.encoder.layer.2.output.dense,2,FFN2,sweep,4,4,1.0,0.07142857142857142,0.07142857142857142,0.14285714285714285,0.0,False,0.100030178129673,0.42907086461782457,0.36561279505491256,13.2051229763031,0.9765801435709,1.016776967048645,0.19674644589424134,0.0,0.09521205507218838,0.41133789598941806,0.7445159375667572,8.617361686447112e-09,0.0006327604409307241,0.0022104123909957706,0.019083984424360097,0.11911257997155189,0.10002547442913055,0.46440271139144895
B,v3,bert.encoder.layer.2.attention.self.key,2,K,sweep,4,4,1.0,0.07142857142857142,0.07142857142857142,0.14285714285714285,0.0,False,6.2181629800761585e-09,0.7990586686134339,0.7990586674213409,70.6703074645996,0.9570699793100357,1.0191996324062347,0.2919343549013138,0.0,0.019537320956587792,0.13160827934741973,0.506802285015583,0.0,0.0007194444484775886,0.003194901080569252,0.013903768174350262,0.03794960416853428,0.5496744829416275,0.9094700312614441
B,v3,bert.encoder.layer.2.attention.output.dense,2,O,sweep,4,4,1.0,0.07142857142857142,0.07142857142857142,0.14285714285714285,0.0,False,0.10000772044062614,0.33749835401773454,0.2638806761801243,8.329424080848694,0.9830949598550797,1.0149032044410706,0.17274134635925292,0.0,0.13423561073839665,0.42334933012723924,0.7443530410528183,7.7642658879995e-08,0.00098885947430972,0.0036323022295255214,0.04180390096269548,0.2764173965156078,0.09998050771653652,0.36708775758743284
B,v3,bert.encoder.layer.2.attention.self.query,2,Q,sweep,4,4,1.0,0.07142857142857142,0.07142857142857142,0.14285714285714285,0.0,False,0.0005950903046323219,0.6338975936174392,0.633679422736168,104.80070606231689,0.9613847386837006,1.0260526299476624,0.27709378987550737,0.0,0.04646982509642839,0.20982286229729652,0.5959243947267532,0.0,0.0001975973412481835,0.0007930112598114647,0.006485431934706866,0.038223016001284124,0.0013476562617870513,0.629124853014946
B,v3,bert.encoder.layer.2.attention.self.value,2,V,sweep,4,4,1.0,0.07142857142857142,0.07142857142857142,0.14285714285714285,0.0,False,0.0,0.6498479950428009,0.6498479950428009,35.43702482223511,0.96962109208107,1.0200142633914948,0.24535738453269004,0.0,0.0395043957605958,0.2309654676914215,0.6179143482446671,0.0,0.001374627520563081,0.006054627562407404,0.03144412234425545,0.09887288026511669,0.5496744787693024,0.8424713349342347
B,v3,bert.encoder.layer.3.intermediate.dense,3,FFN1,sweep,4,4,1.0,0.07142857142857142,0.07142857142857142,0.14285714285714285,0.0,False,0.48086278706789015,0.8720045787096024,0.7534412205219269,26397.054521484373,0.9451927119493484,1.0227650105953217,0.31519862651824954,0.0,3.923983424223287e-06,0.09665781579911709,0.3658925586938858,2.154340421611778e-09,0.0001166439972439548,0.0004956815284094773,0.02388474840670824,0.17602049965411426,0.4721808198094368,0.8599713855981826
B,v3,bert.encoder.layer.3.output.dense,3,FFN2,sweep,4,4,1.0,0.07142857142857142,0.07142857142857142,0.14285714285714285,0.0,False,0.1000504433363676,0.42440548121929167,0.3604145568609238,13.813794937133789,0.9612211161851882,1.021671713590622,0.24390583202242852,0.0,0.09645630575716496,0.37845174998044967,0.7053909909725189,0.0,0.00012894574385427404,0.0005198826832929626,0.011317563459742814,0.04626298708841205,0.10003020472824574,0.39677499413490297
B,v3,bert.encoder.layer.3.attention.self.key,3,K,sweep,4,4,1.0,0.07142857142857142,0.07142857142857142,0.14285714285714285,0.0,False,0.0,0.9195738822221756,0.9195738822221756,205.44025100708006,0.9639804881811141,1.0078149914741517,0.264507936835289,0.0,0.007343323254026472,0.059411821998655794,0.43202554613351823,0.0,0.0009017610340379178,0.004022932504303753,0.016432329434901475,0.04805045492947101,0.5496744787693024,0.9637111848592759
B,v3,bert.encoder.layer.3.attention.output.dense,3,O,sweep,4,4,1.0,0.07142857142857142,0.07142857142857142,0.14285714285714285,0.0,False,0.10001285277307033,0.6348656392097474,0.5942899531126022,41.497565536499025,0.9236175674200058,1.0167516732215882,0.3574908345937729,0.0,0.04013382591307163,0.25426744520664213,0.6018090438842774,4.401033919521069e-07,0.0004989224096061662,0.002923440779559314,0.06402076568454504,0.5151246389746666,0.09999146439135075,0.6050352483987809
B,v3,bert.encoder.layer.3.attention.self.query,3,Q,sweep,4,4,1.0,0.07142857142857142,0.07142857142857142,0.14285714285714285,0.0,False,0.000977571520197671,0.5710133826732635,0.5705923861265183,19.211387271881105,0.9667802852392197,1.0254272055625915,0.2575814706087112,0.0,0.057128804065287114,0.2424096216261387,0.6251106035709381,0.0,2.984841361467261e-05,8.554808398912428e-05,0.00441681420255918,0.03246830489486456,0.0007609049512029742,0.5636858808994293
B,v3,bert.encoder.layer.3.attention.self.value,3,V,sweep,4,4,1.0,0.07142857142857142,0.07142857142857142,0.14285714285714285,0.0,False,8.173781225195853e-09,0.7385357069969177,0.7385357052087784,110.67994525909424,0.9751594132184982,1.0160359954833984,0.22110846996307373,0.0,0.018629494439810514,0.1995880901813507,0.6179824161529541,3.446944674578845e-08,0.0012822590791620313,0.005039881272241473,0.033507983507588504,0.16885488372296095,0.5496744829416275,0.882681314945221
B,v3,bert.encoder.layer.4.intermediate.dense,4,FFN1,sweep,4,4,1.0,0.07142857142857142,0.07142857142857142,0.14285714285714285,0.0,False,0.4466770642995834,0.8630412185192108,0.7524936753511429,12640.167768554687,0.9436049216985702,1.030388706922531,0.3299983730912209,0.0,0.0002490202306944411,0.09959196418523789,0.3499749943614006,0.0,9.975166161893867e-05,0.0003085190792626236,0.012971866424195469,0.08264733485877514,0.43410227745771407,0.8538187038898468
B,v3,bert.encoder.layer.4.output.dense,4,FFN2,sweep,4,4,1.0,0.07142857142857142,0.07142857142857142,0.14285714285714285,0.0,False,0.09999528907239437,0.38288830310106275,0.31432318210601806,10.619300880432128,0.9694561117887497,1.0226981079578399,0.21830442190170288,0.0,0.11198332458734513,0.39974732041358946,0.7246790534257889,0.0,9.086957383260597e-05,0.0003155215359583963,0.006149680376984179,0.01748778755776584,0.09997579872608185,0.3511253520846367
B,v3,bert.encoder.layer.4.attention.self.key,4,K,sweep,4,4,1.0,0.07142857142857142,0.07142857142857142,0.14285714285714285,0.0,False,0.0,0.8531085616350174,0.8531085616350174,150.0082421875,0.9702549356222153,1.0091991138458252,0.2409011724591255,0.0,0.01164063143543899,0.10603739872574806,0.6064441192150116,0.0,5.346058002032805e-05,0.00026088129343406765,0.0054567434336058795,0.032911429665982726,0.5496744787693024,0.934036830663681
B,v3,bert.encoder.layer.4.attention.output.dense,4,O,sweep,4,4,1.0,0.07142857142857142,0.07142857142857142,0.14285714285714285,0.0,False,0.0999646782130003,0.5701491516828537,0.5224071279168129,29.9413222694397,0.9320933580398559,1.0176190316677094,0.3313948571681976,0.0,0.05305622778832912,0.29598601698875426,0.6363362938165664,0.0,0.000286906260298565,0.001642841484863311,0.03290041368454695,0.16452230527997017,0.09996189177036285,0.5302589413523674
B,v3,bert.encoder.layer.4.attention.self.query,4,Q,sweep,4,4,1.0,0.07142857142857142,0.07142857142857142,0.14285714285714285,0.0,False,0.001093148669024231,0.7831692308187485,0.7829321426153183,76.88184753417968,0.9635298299789429,1.019278999567032,0.2693983405828476,0.0,0.01804479004815221,0.1479867371916771,0.5462087845802307,0.0,1.693466369943053e-05,5.2011113220942205e-05,0.001408679448068142,0.013064816978294402,0.0006054772319839685,0.7600156879425048
B,v3,bert.encoder.layer.4.attention.self.value,4,V,sweep,4,4,1.0,0.07142857142857142,0.07142857142857142,0.14285714285714285,0.0,False,9.623676078263088e-09,0.6762980622053146,0.6762980598211289,49.39205575942993,0.9747727656364441,1.0160971355438233,0.22346118375658988,0.0,0.03267505468800664,0.23658915862441063,0.6539654469490052,8.617361686447112e-09,6.963972795347218e-05,0.00029521315525926183,0.032206331991474144,0.20134690657258034,0.5496744829416275,0.8544645321369171
B,v3,bert.encoder.layer.5.intermediate.dense,5,FFN1,sweep,4,4,1.0,0.07142857142857142,0.07142857142857142,0.14285714285714285,0.0,False,0.44070236533880236,0.8550666922330856,0.7408627086877823,6643.270009765625,0.9471136057376861,1.0326482331752778,0.3205069401860237,0.0,0.0005741836613742634,0.10596931934356689,0.3600514209270477,0.0,7.529336104198591e-05,0.00021551961355726235,0.0049086332600563765,0.0198035372979939,0.4352554392814636,0.8498762178421021
B,v3,bert.encoder.layer.5.output.dense,5,FFN2,sweep,4,4,1.0,0.07142857142857142,0.07142857142857142,0.14285714285714285,0.0,False,0.10004334658384323,0.2888401022553444,0.2097843225300312,6.333172926902771,0.988932934999466,1.011307761669159,0.1485379971563816,0.0,0.15983644530177116,0.4528961816430092,0.7628484660387039,0.0,5.435718434455339e-05,0.00011526275404321495,0.0025205301865935327,0.004998117298819125,0.10001372940838336,0.28857085525989534
B,v3,bert.encoder.layer.5.attention.self.key,5,K,sweep,4,4,1.0,0.07142857142857142,0.07142857142857142,0.14285714285714285,0.0,False,1.8889389252763068e-08,0.8589011842012405,0.8589011818170548,118.46589408874512,0.9500804877281189,1.0152302730083465,0.3115786057710648,0.0,0.01261222937144339,0.0962360917031765,0.4351291424036026,0.0,4.055130277265562e-05,0.00015093000809429213,0.002092338358343113,0.010022327948827297,0.549674487709999,0.936501949429512
B,v3,bert.encoder.layer.5.attention.output.dense,5,O,sweep,4,4,1.0,0.07142857142857142,0.07142857142857142,0.14285714285714285,0.0,False,0.10000771015882493,0.5296297788619995,0.4773618134856224,23.276969337463377,0.9371391403675079,1.0159994328022004,0.31320282965898516,0.0,0.06300434593111276,0.32281333178281785,0.6579462015628814,0.0,0.00017361544916639105,0.001019469370949082,0.016092357439920307,0.07386635858565568,0.09998754791915417,0.4689852553606033
B,v3,bert.encoder.layer.5.attention.self.query,5,Q,sweep,4,4,1.0,0.07142857142857142,0.07142857142857142,0.14285714285714285,0.0,False,1.9146169233863474e-05,0.7472722101211547,0.7472673511505127,69.81095962524414,0.9648398977518081,1.0199802255630492,0.2633940327167511,0.0,0.02121036306023598,0.1737518572807312,0.5513269430398942,0.0,1.1946889198952704e-05,3.2608196343062445e-05,0.0007541472162120044,0.004625866084825248,9.502834814725247e-06,0.7091655319929123
B,v3,bert.encoder.layer.5.attention.self.value,5,V,sweep,4,4,1.0,0.07142857142857142,0.07142857142857142,0.14285714285714285,0.0,False,1.2765523251800914e-08,0.7711984133720398,0.7711984103918076,70.18050643920898,0.9721121793985367,1.0120360302925109,0.23426025360822678,0.0,0.020636622393503785,0.17582511246204377,0.6155313491821289,0.0,9.867915672657545e-05,0.00030426898170844653,0.01101888201723341,0.04455823060125112,0.5496744829416275,0.8968740373849868
B,v3,bert.encoder.layer.6.intermediate.dense,6,FFN1,sweep,4,4,1.0,0.07142857142857142,0.07142857142857142,0.14285714285714285,0.0,False,0.38736566960811614,0.832304813861847,0.7262799328565598,2842.4315478515623,0.9587626177072525,1.0277935409545897,0.2813071396946907,0.0,0.001686961775412783,0.12803275510668755,0.41381015747785566,0.0,5.377084202336846e-05,0.00013734898217080627,0.003102654255926609,0.009866054081358015,0.38029346138238906,0.8231572443246842
B,v3,bert.encoder.layer.6.output.dense,6,FFN2,sweep,4,4,1.0,0.07142857142857142,0.07142857142857142,0.14285714285714285,0.0,False,0.09997479856014252,0.28651380181312563,0.20725980326533316,6.253391261100769,0.9891874009370804,1.0110353457927703,0.14696738108992577,0.0,0.1617341658473015,0.4561786589026451,0.765979431271553,0.0,4.5754350776405775e-05,9.567161752784159e-05,0.002194581073708832,0.003919481264892966,0.09998434782028198,0.2865390086174011
B,v3,bert.encoder.layer.6.attention.self.key,6,K,sweep,4,4,1.0,0.07142857142857142,0.07142857142857142,0.14285714285714285,0.0,False,0.0,0.8229227131605148,0.8229227131605148,85.20391441345215,0.957466995716095,1.0186145210266113,0.29059039533138276,0.0,0.015902081253007055,0.11878592252731324,0.4875536209344864,0.0,2.5634729754528963e-05,9.616182127501816e-05,0.0014183790981769561,0.004237321615219117,0.5496744787693024,0.9202266925573349
B,v3,bert.encoder.layer.6.attention.output.dense,6,O,sweep,4,4,1.0,0.07142857142857142,0.07142857142857142,0.14285714285714285,0.0,False,0.1000307247787714,0.3195958623290062,0.2439695981144905,7.472484359741211,0.9835834717750549,1.0167538595199586,0.17406533241271974,0.0,0.13910307303071023,0.4206714105606079,0.7346029764413834,0.0,7.519147126004099e-05,0.00017844534901087172,0.004949626971501857,0.011793197523802519,0.10000694781541825,0.3192478981614113
B,v3,bert.encoder.layer.6.attention.self.query,6,Q,sweep,4,4,1.0,0.07142857142857142,0.07142857142857142,0.14285714285714285,0.0,False,5.3612273313774495e-06,0.7596031498908996,0.759601776599884,50.31834217071533,0.9590623170137406,1.021919288635254,0.2865386694669724,0.0,0.02438292443752289,0.1516840162873268,0.5354788565635681,0.0,1.1687718852044781e-05,3.218680680220132e-05,0.0007264835317619144,0.002476397081045434,2.1786160283454593e-06,0.730787473320961
B,v3,bert.encoder.layer.6.attention.self.value,6,V,sweep,4,4,1.0,0.07142857142857142,0.07142857142857142,0.14285714285714285,0.0,False,0.0,0.628392391204834,0.628392391204834,30.42360740661621,0.9752494388818741,1.0171572411060332,0.22245973184704781,0.0,0.04251398574560881,0.2606574097275734,0.6685275173187256,0.0,3.0207665276975603e-05,9.225968835380627e-05,0.004314052794943564,0.013460204349830746,0.5496744787693024,0.8326042479276657
B,v3,bert.encoder.layer.7.intermediate.dense,7,FFN1,sweep,4,4,1.0,0.07142857142857142,0.07142857142857142,0.14285714285714285,0.0,False,0.39364195972681043,0.8296714729070663,0.7190917533636093,2240.601525878906,0.9614021301269531,1.0283390152454377,0.2767978459596634,0.0,0.0024321063922252504,0.12811638563871383,0.412479567527771,0.0,4.4042697918484916e-05,0.0001019232071848819,0.0020084227027837185,0.00458023288520053,0.3825415509939194,0.8287870585918427
B,v3,bert.encoder.layer.7.output.dense,7,FFN2,sweep,4,4,1.0,0.07142857142857142,0.07142857142857142,0.14285714285714285,0.0,False,0.09993688456714153,0.2873989889025688,0.20827668756246567,6.319691786766052,0.9888388377428055,1.0113188827037811,0.14808598011732102,0.0,0.16175213634967803,0.4583991366624832,0.7673397248983383,0.0,3.980046058131848e-05,8.465735198114998e-05,0.0015748367866035551,0.0032072307239286602,0.09996824130415917,0.2854289111495018
B,v3,bert.encoder.layer.7.attention.self.key,7,K,sweep,4,4,1.0,0.07142857142857142,0.07142857142857142,0.14285714285714285,0.0,False,0.0,0.8324443757534027,0.8324443757534027,94.41338333129883,0.9575797444581986,1.0176152169704438,0.28892566680908205,0.0,0.014671905236318707,0.11458336979150772,0.46958782613277433,0.0,1.4703952401760035e-05,5.00278366234852e-05,0.0008327981381444261,0.002320308838970959,0.5496744787693024,0.9245816916227341
B,v3,bert.encoder.layer.7.attention.output.dense,7,O,sweep,4,4,1.0,0.07142857142857142,0.07142857142857142,0.14285714285714285,0.0,False,0.10004383824765682,0.30693923562765124,0.22989494115114212,7.00363627910614,0.9858004587888718,1.0145360898971558,0.16406615689396858,0.0,0.14689574271440506,0.4320617386698723,0.7435785341262817,0.0,6.26350918901153e-05,0.00014108938405115622,0.003395189973525703,0.0067996211582794785,0.09998546242713928,0.30139680922031403
B,v3,bert.encoder.layer.7.attention.self.query,7,Q,sweep,4,4,1.0,0.07142857142857142,0.07142857142857142,0.14285714285714285,0.0,False,1.9541136381349134e-05,0.762747609615326,0.7627426356077194,46.85339126586914,0.9583093559741974,1.0216520142555237,0.2890497663617134,0.0,0.025407681055366994,0.1476818509399891,0.5452601701021195,0.0,7.094909101397206e-06,1.8162746864618385e-05,0.000358373535273131,0.0009773483034223318,8.69327142339671e-06,0.7385676383972168
B,v3,bert.encoder.layer.7.attention.self.value,7,V,sweep,4,4,1.0,0.07142857142857142,0.07142857142857142,0.14285714285714285,0.0,False,0.0,0.6942610895633697,0.6942610895633697,44.59535816192627,0.9741248327493668,1.015194022655487,0.22685804724693298,0.0,0.030985030494630337,0.22680597126483917,0.6537530720233917,0.0,2.2353226122504565e-05,6.525424938445212e-05,0.0028638472664169966,0.008134409706108271,0.5496744787693024,0.8622142207622528
B,v3,bert.encoder.layer.8.intermediate.dense,8,FFN1,sweep,4,4,1.0,0.07142857142857142,0.07142857142857142,0.14285714285714285,0.0,False,0.34204881608486176,0.8168410229682922,0.7215993559360504,961.990011291504,0.9541979330778122,1.0283481538295747,0.3039341935515404,0.0,0.012441017786040903,0.12648328445851803,0.4110151556134224,0.0,3.864853517370648e-05,8.294274874060648e-05,0.0013136538286926225,0.0032256376661825925,0.32922015845775604,0.819267385005951
B,v3,bert.encoder.layer.8.output.dense,8,FFN2,sweep,4,4,1.0,0.07142857142857142,0.07142857142857142,0.14285714285714285,0.0,False,0.0999671210348606,0.29678982704877854,0.21868362829089164,6.715150527954101,0.987503097653389,1.0123011672496796,0.1538333585858345,0.0,0.15678369447588922,0.4538299337029457,0.763112650513649,0.0,3.805838145126472e-05,8.447246964351506e-05,0.001313528980826959,0.0032902668579481544,0.09997459061443806,0.29095388561487195
B,v3,bert.encoder.layer.8.attention.self.key,8,K,sweep,4,4,1.0,0.07142857142857142,0.07142857142857142,0.14285714285714285,0.0,False,1.7983480802286067e-08,0.7615467405319214,0.7615467357635498,48.86219341278076,0.956059405207634,1.0208189368247986,0.2963647735118866,0.0,0.0256648057885468,0.15081980288028718,0.5033749362826347,0.0,1.6406005561293568e-05,5.159448646736564e-05,0.0006224661014857702,0.0016992223227862268,0.5496744871139526,0.8927484411001205
B,v3,bert.encoder.layer.8.attention.output.dense,8,O,sweep,4,4,1.0,0.07142857142857142,0.07142857142857142,0.14285714285714285,0.0,False,0.09996381402015686,0.30196556746959685,0.22443767324090003,6.861361017227173,0.9866138952970505,1.0134831631183625,0.15980610206723214,0.0,0.15072169706225394,0.4388508728146553,0.7494415181875229,0.0,5.350502826331649e-05,0.00012172190588898956,0.0024104224878828974,0.0049628458870574835,0.09996523201465607,0.29417717307806013
B,v3,bert.encoder.layer.8.attention.self.query,8,Q,sweep,4,4,1.0,0.07142857142857142,0.07142857142857142,0.14285714285714285,0.0,False,4.129955516077644e-05,0.6859929788112641,0.6859797793626785,32.88221773147583,0.960529038310051,1.0240362477302551,0.2816985982656479,0.0,0.03662572834640741,0.18636805191636086,0.5683428186178208,0.0,7.451755304828112e-06,1.9170964442309924e-05,0.0003236682107672095,0.0009332794381771237,1.7645094188480926e-05,0.6396720695495606
B,v3,bert.encoder.layer.8.attention.self.value,8,V,sweep,4,4,1.0,0.07142857142857142,0.07142857142857142,0.14285714285714285,0.0,False,1.9971555502706906e-08,0.4893854835629463,0.48938547253608705,15.757166862487793,0.9750673067569733,1.0207298350334169,0.22316638827323915,0.0,0.07396367974579335,0.30191877484321594,0.681814591884613,0.0,1.9776799772444064e-05,5.250581634754781e-05,0.001951219885086175,0.004950176952406764,0.5496744883060455,0.770156272649765
B,v3,bert.encoder.layer.9.intermediate.dense,9,FFN1,sweep,4,4,1.0,0.07142857142857142,0.07142857142857142,0.14285714285714285,0.0,False,0.46494035005569456,0.8848754572868347,0.7848564654588699,4058.2700122070314,0.9502958655357361,1.0212379479408265,0.3133300542831421,0.0,0.00029520058540583705,0.08433520935475826,0.3556694880127907,0.0,3.978166796514415e-05,0.00010219658863206859,0.0010504203142772893,0.003739116049837321,0.45615986973047257,0.8788181674480439
B,v3,bert.encoder.layer.9.output.dense,9,FFN2,sweep,4,4,1.0,0.07142857142857142,0.07142857142857142,0.14285714285714285,0.0,False,0.0999902655929327,0.28133689403533935,0.20149434983730316,6.073294534683227,0.9895385950803757,1.0106340718269349,0.1439187377691269,0.0,0.16710202738642693,0.4686790868639946,0.7746751493215561,0.0,3.344456086779246e-05,6.364944852975896e-05,0.0008613442473870236,0.0028380568069405854,0.09998103328049184,0.27788159996271133
B,v3,bert.encoder.layer.9.attention.self.key,9,K,sweep,4,4,1.0,0.07142857142857142,0.07142857142857142,0.14285714285714285,0.0,False,1.0070250482385745e-08,0.725706200003624,0.7257061976194382,40.07419170379639,0.9569938784837723,1.0238368594646454,0.29321203112602234,0.0,0.03002089573070407,0.16714950665831566,0.5229647547006607,0.0,1.5341139514930547e-05,4.624120390872122e-05,0.00044528339567477814,0.0011854527558898553,0.5496744829416275,0.876620883345604
B,v3,bert.encoder.layer.9.attention.output.dense,9,O,sweep,4,4,1.0,0.07142857142857142,0.07142857142857142,0.14285714285714285,0.0,False,0.0999903541058302,0.31282836705446243,0.23648427590727805,7.547078104019165,0.9847075140476227,1.0141131377220154,0.16542100250720979,0.0,0.14723732233047485,0.4417045083642006,0.7536858582496643,0.0,4.51886823066161e-05,0.00010918098574620672,0.0017593881778884678,0.005474249692633748,0.09999583840370178,0.30059931993484496
B,v3,bert.encoder.layer.9.attention.self.query,9,Q,sweep,4,4,1.0,0.07142857142857142,0.07142857142857142,0.14285714285714285,0.0,False,0.0003008009169593606,0.5729508954286575,0.5728198480606079,18.921602764129638,0.9647893834114075,1.0272678232192993,0.2663228043913841,0.0,0.057235736064612866,0.234190603941679,0.5984586679935455,0.0,5.19832418376609e-06,1.2439247893780702e-05,0.00014733206446180703,0.0007217088382458314,0.00014269934848528009,0.55315968811512
B,v3,bert.encoder.layer.9.attention.self.value,9,V,sweep,4,4,1.0,0.07142857142857142,0.07142857142857142,0.14285714285714285,0.0,False,0.0,0.4520489025115967,0.4520489025115967,13.33916498184204,0.9776664644479751,1.0195307588577271,0.21084532186388968,0.0,0.08391144387423992,0.32528155386447904,0.6906838637590408,0.0,2.4323150937561878e-05,6.027034549333621e-05,0.0012898224723176099,0.003494703851174563,0.5496744787693024,0.7532462668418884
B,v3,bert.encoder.layer.10.intermediate.dense,10,FFN1,sweep,4,4,1.0,0.07142857142857142,0.07142857142857142,0.14285714285714285,0.0,False,0.24599151894450189,0.7901091259717942,0.7216808927059174,148.46467430114745,0.9603986394405365,1.0271804916858673,0.28270183622837064,0.0,0.014324334124103189,0.14942445740103721,0.4508315142989159,0.0,1.93499142278597e-05,3.7048310823593055e-05,0.0006664007073413814,0.0027477010572329163,0.23979100346565246,0.7848284018039703
B,v3,bert.encoder.layer.10.output.dense,10,FFN2,sweep,4,4,1.0,0.07142857142857142,0.07142857142857142,0.14285714285714285,0.0,False,0.09993513867259025,0.2760512745380402,0.19567052602767945,5.829872798919678,0.9903275388479232,1.009843876361847,0.13946523219347,0.0,0.17277345731854438,0.47804659575223923,0.781434029340744,0.0,2.0995872382627568e-05,3.707919217049493e-05,0.0007512782870253431,0.002767189899459481,0.09995831906795502,0.27429547101259233
B,v3,bert.encoder.layer.10.attention.self.key,10,K,sweep,4,4,1.0,0.07142857142857142,0.07142857142857142,0.14285714285714285,0.0,False,0.0,0.5901786088943481,0.5901786088943481,22.639613513946532,0.9642513209581375,1.0252966940402986,0.26540573194622996,0.0,0.052734314762055874,0.23764608725905417,0.6072364640235901,0.0,1.4047742706679855e-05,3.9430420420103475e-05,0.0001248114875124884,0.00041731265650014394,0.5496744787693024,0.8155275160074233
B,v3,bert.encoder.layer.10.attention.output.dense,10,O,sweep,4,4,1.0,0.07142857142857142,0.07142857142857142,0.14285714285714285,0.0,False,0.10002110354602337,0.3367894923686981,0.2630820640921593,8.484364924430848,0.9795791625976562,1.0180692756175995,0.18581899926066398,0.0,0.13347338989377022,0.42310917615890503,0.7374946016073227,0.0,2.908822178142145e-05,7.939007638924523e-05,0.0011993752188573126,0.0051231361739337445,0.10001405581831932,0.3211145010590553
B,v3,bert.encoder.layer.10.attention.self.query,10,Q,sweep,4,4,1.0,0.07142857142857142,0.07142857142857142,0.14285714285714285,0.0,False,0.0007366030446792137,0.36147957146167753,0.3610085254907608,10.01690071105957,0.976880698800087,1.0223961651325226,0.21322389960289,0.0,0.10747016996145248,0.33464167147874835,0.6795315235853195,0.0,1.154434527848025e-06,3.4137558986913065e-06,3.880331994878361e-05,0.0003311120173020754,0.00032606761053102676,0.3586725527048111
B,v3,bert.encoder.layer.10.attention.self.value,10,V,sweep,4,4,1.0,0.07142857142857142,0.07142857142857142,0.14285714285714285,0.0,False,0.0,0.3200660809874535,0.3200660809874535,8.710423545837402,0.9825486892461777,1.0171195733547211,0.18600724548101424,0.0,0.12475722104310989,0.3821375349164009,0.720417576432228,0.0,2.848113877917058e-05,5.930936553340871e-05,0.00017809739809308668,0.000872146476758644,0.5496744787693024,0.6937563699483872
B,v3,bert.encoder.layer.11.intermediate.dense,11,FFN1,sweep,4,4,1.0,0.07142857142857142,0.07142857142857142,0.14285714285714285,0.0,False,0.26182140082120897,0.6709139966964721,0.5541976934671402,35.13438919067383,0.975281138420105,1.0195401227474212,0.22409646153450014,0.0,0.02957110131159425,0.2361893530189991,0.5533789098262787,0.0,6.8324898848004524e-06,8.932993396228994e-06,0.0006811033824487822,0.002897633691318333,0.2607912331819534,0.6674413716793061
B,v3,bert.encoder.layer.11.output.dense,11,FFN2,sweep,4,4,1.0,0.07142857142857142,0.07142857142857142,0.14285714285714285,0.0,False,0.10002558931708336,0.306074520945549,0.22894974455237388,6.954024543762207,0.987437030673027,1.010656715631485,0.1594395598769188,0.0,0.14525580391287804,0.4111223661899567,0.6977364492416381,0.0,8.994909221655689e-06,1.0694804423110327e-05,0.0007488276950061845,0.003001284091733396,0.10001338191330433,0.30644929677248
B,v3,bert.encoder.layer.11.attention.self.key,11,K,sweep,4,4,1.0,0.07142857142857142,0.07142857142857142,0.14285714285714285,0.0,False,7.934694394862163e-09,0.49655802637338636,0.49655802220106127,15.92388536453247,0.9696102327108383,1.0240635752677918,0.24165204539895058,0.0,0.07243247404694557,0.2900081640481949,0.6568190866708755,0.0,9.703811278996e-06,2.6067368489748334e-05,7.097796562447911e-05,0.00020507278826698895,0.5496744829416275,0.773363436460495
B,v3,bert.encoder.layer.11.attention.output.dense,11,O,sweep,4,4,1.0,0.07142857142857142,0.07142857142857142,0.14285714285714285,0.0,False,0.09997302778065205,0.2748065334558487,0.19425370216369628,5.866389489173889,0.9901720416545868,1.0101708948612214,0.14060268238186835,0.0,0.17155098766088486,0.47306045234203337,0.7754562938213349,0.0,9.087532016565091e-06,1.281135556382651e-05,0.000841455732970644,0.003786893910728395,0.09999870382249355,0.2749982279539108
B,v3,bert.encoder.layer.11.attention.self.query,11,Q,sweep,4,4,1.0,0.07142857142857142,0.07142857142857142,0.14285714285714285,0.0,False,2.0423717614903582e-08,0.27609945565462113,0.27609944105148315,7.3854165315628055,0.9822491830587388,1.0180393648147583,0.18569715529680253,0.0,0.14097933933138848,0.38961673945188524,0.7061040431261063,0.0,2.618583354774273e-07,5.453620477169352e-07,2.2797926487783115e-05,0.00018206316861324012,1.2715657646822365e-08,0.2768923804163933
B,v3,bert.encoder.layer.11.attention.self.value,11,V,sweep,4,4,1.0,0.07142857142857142,0.07142857142857142,0.14285714285714285,0.0,False,9.894250752040534e-09,0.27346921801567076,0.27346921056509016,7.243606300354004,0.9847199326753616,1.0154875361919402,0.17437863513827323,0.0,0.1433800657093525,0.4043688204884529,0.7305256962776184,0.0,2.0658989415096583e-05,4.04192139103543e-05,8.849901008943562e-05,0.0003690299826848786,0.5496744835376739,0.6727905255556107
B,v3,bert.encoder.layer.0.intermediate.dense,0,FFN1,sweep,6,6,1.0,0.016129032258064516,0.016129032258064516,0.03225806451612903,0.0,False,0.04272902872413397,0.752906065583229,0.7418812966346741,237.51068939208983,0.9917941772937775,1.0047234606742859,0.12633236743509768,0.0,0.004702551113441586,0.04079381339251995,0.2752165675163269,0.0,3.352775049279444e-05,0.00012203453989059198,0.0006508203034172766,0.001891934128361754,0.04925028208643198,0.8097465139627457
B,v3,bert.encoder.layer.0.output.dense,0,FFN2,sweep,6,6,1.0,0.016129032258064516,0.016129032258064516,0.03225806451612903,0.0,False,0.10001674696803092,0.14489084705710412,0.04986100010573864,6.57384437084198,0.9993313217163086,1.0006706047058105,0.035111463591456414,0.0,0.15623901307582855,0.4509929195046425,0.7593761271238327,0.0,2.3945572720549536e-05,8.734515467949678e-05,0.0005675775322015398,0.001613736911676824,0.09997862167656421,0.1474297472834587
B,v3,bert.encoder.layer.0.attention.self.key,0,K,sweep,6,6,1.0,0.016129032258064516,0.016129032258064516,0.03225806451612903,0.0,False,0.0,0.20822124004364015,0.20822124004364015,23.291891803741454,0.9979108315706253,1.0020346558094024,0.06283609699457884,0.0,0.05369577802717686,0.2445691068470478,0.6222357249259949,0.0,1.7103555983339902e-05,5.5257984568015674e-05,0.00019570260134059935,0.0004679235377989244,0.5496744787693024,0.6435439354181289
B,v3,bert.encoder.layer.0.attention.output.dense,0,O,sweep,6,6,1.0,0.016129032258064516,0.016129032258064516,0.03225806451612903,0.0,False,0.10000756338238716,0.14568792954087256,0.050756388269364835,6.716264753341675,0.9992821478843689,1.0007194244861604,0.03595415785908699,0.0,0.15392796978354453,0.4481713804602623,0.7568431037664414,0.0,3.759872459340841e-05,0.0001373190943559166,0.0008769850136013702,0.0023502070177346466,0.09999373577535152,0.14772272512316703
B,v3,bert.encoder.layer.0.attention.self.query,0,Q,sweep,6,6,1.0,0.016129032258064516,0.016129032258064516,0.03225806451612903,0.0,False,0.0,0.13952721670269966,0.13952721670269966,15.081099424362183,0.9978901982307434,1.0021194434165954,0.06309920568019152,0.0,0.06979389630258083,0.24444742724299431,0.5862115103006363,0.0,9.855734379016213e-06,3.672026645290316e-05,0.00020709900491056032,0.0005886624593404122,4.238552548940788e-09,0.16485115244984627
B,v3,bert.encoder.layer.0.attention.self.value,0,V,sweep,6,6,1.0,0.016129032258064516,0.016129032258064516,0.03225806451612903,0.0,False,8.488157163810683e-09,0.17082044646143912,0.17082043945789338,19.076208229064942,0.9981060814857483,1.0018560588359833,0.059495003707706925,0.0,0.06520824518054724,0.26640682145953176,0.6362069863080978,0.0,3.0400396444747456e-05,9.654280554968864e-05,0.00043563071580138057,0.000982853638706729,0.5496744829416275,0.6266936060786247
B,v3,bert.encoder.layer.1.intermediate.dense,1,FFN1,sweep,6,6,1.0,0.016129032258064516,0.016129032258064516,0.03225806451612903,0.0,False,0.07545260034501552,0.7359120368957519,0.7143693625926971,245.2668505859375,0.9906565982103348,1.0052695739269257,0.13363404244184493,0.0,0.005138261597603559,0.04437649868428707,0.269543918967247,0.0,3.740502215805463e-05,0.000139951323508285,0.000727822525659576,0.0020691976696252824,0.0984101901948452,0.7825255781412125
B,v3,bert.encoder.layer.1.output.dense,1,FFN2,sweep,6,6,1.0,0.016129032258064516,0.016129032258064516,0.03225806451612903,0.0,False,0.10003768123686313,0.15947910487651826,0.06604880575090646,8.7490585231781,0.9986754888296128,1.0013331353664399,0.044079575426876544,0.0,0.1307792156934738,0.4220068484544754,0.7373633098602295,0.0,3.170257501551532e-05,0.00012531027205113786,0.0007981812756042928,0.0022099088388495146,0.10003171391785144,0.16895127013325692
B,v3,bert.encoder.layer.1.attention.self.key,1,K,sweep,6,6,1.0,0.016129032258064516,0.016129032258064516,0.03225806451612903,0.0,False,1.1053339221689384e-08,0.24945623457431793,0.24945622622966768,28.76997356414795,0.9977367573976517,1.0021283745765686,0.06533475406467915,0.0,0.046324267387390136,0.23247938781976699,0.607019956111908,0.0,1.8272105289725005e-05,6.726103423716267e-05,0.0003136514218931552,0.0010790404805447907,0.5496744835376739,0.6622614765167236
B,v3,bert.encoder.layer.1.attention.output.dense,1,O,sweep,6,6,1.0,0.016129032258064516,0.016129032258064516,0.03225806451612903,0.0,False,0.09996547020971774,0.1593710573017597,0.06600359596312046,8.760991230010987,0.9986350023746491,1.001377409696579,0.044432604238390926,0.0,0.1309958016872406,0.42391434997320177,0.7384067380428314,0.0,4.201382522296626e-05,0.00017689140819129534,0.001160072959610261,0.0031201808503828945,0.09998981572687626,0.16553093150258064
B,v3,bert.encoder.layer.1.attention.self.query,1,Q,sweep,6,6,1.0,0.016129032258064516,0.016129032258064516,0.03225806451612903,0.0,False,9.327244470114237e-09,0.2257058724761009,0.22570586532354356,23.364976711273194,0.9973476946353912,1.002577576637268,0.07074706584215164,0.0,0.048718181140720844,0.2089608944952488,0.5618396896123886,0.0,1.4620886813645484e-05,5.945793087448692e-05,0.00036871140502626077,0.0012065296655055136,8.477105097881576e-09,0.22933379888534547
B,v3,bert.encoder.layer.1.attention.self.value,1,V,sweep,6,6,1.0,0.016129032258064516,0.016129032258064516,0.03225806451612903,0.0,False,0.0,0.22363649889826775,0.22363649889826775,25.148924083709716,0.9977606838941574,1.002122175693512,0.0644006934762001,0.0,0.052716399729251864,0.2420506604015827,0.613535708785057,0.0,2.65396868235257e-05,9.567603490722831e-05,0.0005727422799100168,0.0021380365965887904,0.5496744787693024,0.650529305934906
B,v3,bert.encoder.layer.2.intermediate.dense,2,FFN1,sweep,6,6,1.0,0.016129032258064516,0.016129032258064516,0.03225806451612903,0.0,False,0.09519273810088634,0.7439621675014496,0.717030046582222,323.94101806640623,0.9905483561754227,1.0051502180099487,0.1350596295297146,0.0,0.00478850768879056,0.042352083399891854,0.2589376266300678,0.0,3.7438710623973744e-05,0.0001650589273776859,0.000888982928590849,0.002607379367109388,0.11381696455180645,0.7738289886713028
B,v3,bert.encoder.layer.2.output.dense,2,FFN2,sweep,6,6,1.0,0.016129032258064516,0.016129032258064516,0.03225806451612903,0.0,False,0.10003016985952855,0.26756629526615144,0.18615716382861136,28.888949813842775,0.9943252408504486,1.0047746562957764,0.08676150135695934,0.0,0.06102867487818003,0.31738289952278137,0.6509029561281204,0.0,6.307152456429321e-05,0.00037467117712367324,0.002253363091731444,0.008463346685748547,0.10002547018229961,0.32358290791511535
B,v3,bert.encoder.layer.2.attention.self.key,2,K,sweep,6,6,1.0,0.016129032258064516,0.016129032258064516,0.03225806451612903,0.0,False,0.0,0.2815144184231758,0.2815144184231758,32.12017854690552,0.9976951122283936,1.0021525835990905,0.0661400455236435,0.0,0.04199696250259876,0.223146775662899,0.5975287556648254,0.0,1.580774176545674e-05,5.9091380207974e-05,0.00025720237506902775,0.0006945713964523748,0.5496744787693024,0.6769256126880646
B,v3,bert.encoder.layer.2.attention.output.dense,2,O,sweep,6,6,1.0,0.016129032258064516,0.016129032258064516,0.03225806451612903,0.0,False,0.10000772044062614,0.21405274882912637,0.12671752348542215,17.65546046257019,0.9961915409564972,1.0037052929401398,0.06909484975039959,0.0,0.08544108457863331,0.3609011402726173,0.686689338684082,0.0,5.3952474590914786e-05,0.00032955453949398364,0.0019577046192716806,0.007738111813087017,0.09998050771653652,0.2445218974351883
B,v3,bert.encoder.layer.2.attention.self.query,2,Q,sweep,6,6,1.0,0.016129032258064516,0.016129032258064516,0.03225806451612903,0.0,False,0.0,0.31181050211191175,0.31181050211191175,26.74112844467163,0.9971994441747666,1.0027329242229461,0.07246718227863312,0.0,0.040730159804224966,0.19093038737773896,0.5178320777416229,0.0,1.1575724220165285e-05,4.804442669410491e-05,0.0002842179106664844,0.0007732640081667342,1.2715657646822365e-08,0.2754178428649902
B,v3,bert.encoder.layer.2.attention.self.value,2,V,sweep,6,6,1.0,0.016129032258064516,0.016129032258064516,0.03225806451612903,0.0,False,9.90930971056514e-09,0.237679403424263,0.237679396122694,28.660427265167236,0.9980958729982377,1.001815367937088,0.059973656609654424,0.0,0.04934043254703283,0.2556588226556778,0.6531503164768219,0.0,2.8043911297572775e-05,0.00010503339428396429,0.0006568200109177269,0.0015996249835006893,0.5496744829416275,0.6569911432266236
B,v3,bert.encoder.layer.3.intermediate.dense,3,FFN1,sweep,6,6,1.0,0.016129032258064516,0.016129032258064516,0.03225806451612903,0.0,False,0.12177797816693783,0.6947562950849533,0.6524299842119217,514.3466351318359,0.9914925068616867,1.0058302831649781,0.1277492870390415,0.0,0.006462058080360294,0.04975807905197144,0.29230454355478286,0.0,2.4998735079861943e-05,0.00010478841235453729,0.0006404220376862213,0.001605320338276215,0.13155999794602394,0.706359778046608
B,v3,bert.encoder.layer.3.output.dense,3,FFN2,sweep,6,6,1.0,0.016129032258064516,0.016129032258064516,0.03225806451612903,0.0,False,0.1000504433363676,0.21504076883196832,0.1277740915119648,18.10629837989807,0.9961980503797531,1.0036373496055604,0.06823686376214028,0.0,0.08762313447892665,0.36395402252674103,0.6896874797344208,0.0,4.2560736656014345e-05,0.00024058372218860313,0.0014809463534038515,0.004880275778705254,0.10003020472824574,0.23335209533572196
B,v3,bert.encoder.layer.3.attention.self.key,3,K,sweep,6,6,1.0,0.016129032258064516,0.016129032258064516,0.03225806451612903,0.0,False,0.0,0.24374342173337937,0.24374342173337937,27.11055154800415,0.9977543354034424,1.0021324825286866,0.06536483556032181,0.0,0.0467195612564683,0.2299796672165394,0.6027773803472519,0.0,1.6489977942910626e-05,6.905842266860418e-05,0.0002814629246131517,0.0006369206623639911,0.5496744787693024,0.6595240756869316
B,v3,bert.encoder.layer.3.attention.output.dense,3,O,sweep,6,6,1.0,0.016129032258064516,0.016129032258064516,0.03225806451612903,0.0,False,0.10001285277307033,0.3670263075828552,0.2966859751939774,57.75284481048584,0.9917693150043487,1.005844544172287,0.11104345336556434,0.0,0.03362697917968035,0.24957973390817642,0.5977602458000183,0.0,0.00012496330229623708,0.00093455808411818,0.005842432687059045,0.023342902222648263,0.09999146439135075,0.42591331839561464
B,v3,bert.encoder.layer.3.attention.self.query,3,Q,sweep,6,6,1.0,0.016129032258064516,0.016129032258064516,0.03225806451612903,0.0,False,8.042516128625721e-09,0.16780912950634957,0.16780912280082702,16.417521533966063,0.9980747997760773,1.00190447807312,0.06009136252105236,0.0,0.0661266616731882,0.2619174557924271,0.6235476493835449,0.0,8.336585974575428e-06,3.49653903140279e-05,0.00024176656486815773,0.0007125992886722088,8.477105097881576e-09,0.1882343392074108
B,v3,bert.encoder.layer.3.attention.self.value,3,V,sweep,6,6,1.0,0.016129032258064516,0.016129032258064516,0.03225806451612903,0.0,False,0.0,0.20734844863414764,0.20734844863414764,23.657165088653564,0.9980949908494949,1.0018219649791718,0.0596603275090456,0.0,0.056416640654206276,0.26443866491317747,0.6509471893310547,0.0,2.4764434747339693e-05,0.00010524924080527853,0.0007043563149636611,0.001384836633806117,0.5496744787693024,0.6432293912768364
B,v3,bert.encoder.layer.4.intermediate.dense,4,FFN1,sweep,6,6,1.0,0.016129032258064516,0.016129032258064516,0.03225806451612903,0.0,False,0.08271404393017293,0.7097884756326676,0.6836236709356308,631.7803729248047,0.9901416546106339,1.005481276512146,0.13665477752685548,0.0,0.005713548646308481,0.04824027128517628,0.2712853756546974,0.0,3.329109595142654e-05,0.00016769834845035804,0.0009367254364769906,0.002760331351310015,0.08404933273792267,0.7146851998567582
B,v3,bert.encoder.layer.4.output.dense,4,FFN2,sweep,6,6,1.0,0.016129032258064516,0.016129032258064516,0.03225806451612903,0.0,False,0.09999527834355831,0.16435503721237182,0.07151049047708512,9.48424433708191,0.9984816157817841,1.0015210914611816,0.04713111776858568,0.0,0.1205503261834383,0.3989128440618515,0.7177510315179825,0.0,3.366371116499067e-05,0.0001446022374148015,0.0010120597964851186,0.0026443714252673087,0.09997579447925091,0.16476747006177903
B,v3,bert.encoder.layer.4.attention.self.key,4,K,sweep,6,6,1.0,0.016129032258064516,0.016129032258064516,0.03225806451612903,0.0,False,9.916857379721478e-09,0.3421329516172409,0.3421329447627068,41.34115581512451,0.9971820104122162,1.0024865293502807,0.07317144848406315,0.0,0.0316102009639144,0.1910800442099571,0.556556549668312,0.0,1.3940611761427136e-05,6.333762248686981e-05,0.0002775539955473505,0.0006178463241667487,0.5496744835376739,0.7039045774936676
B,v3,bert.encoder.layer.4.attention.output.dense,4,O,sweep,6,6,1.0,0.016129032258064516,0.016129032258064516,0.03225806451612903,0.0,False,0.0999646782130003,0.30894736379384996,0.2321941673755646,40.45597053527832,0.9932896727323532,1.0050897157192231,0.09632467873394489,0.0,0.04862467151135206,0.29150127530097963,0.6308478313684464,0.0,8.904759648430627e-05,0.000704443174181506,0.0039802076201885936,0.016056795278564094,0.09996189177036285,0.342632557451725
B,v3,bert.encoder.layer.4.attention.self.query,4,Q,sweep,6,6,1.0,0.016129032258064516,0.016129032258064516,0.03225806451612903,0.0,False,0.0,0.28621431976556777,0.28621431976556777,29.673688163757323,0.997430124282837,1.002363485097885,0.06983472615480422,0.0,0.04071628171950579,0.20857782065868377,0.5701004999876023,0.0,9.045904503182101e-06,3.643991532953805e-05,0.00022401235240977258,0.0006866967905079946,4.238552548940788e-09,0.2818254455924034
B,v3,bert.encoder.layer.4.attention.self.value,4,V,sweep,6,6,1.0,0.016129032258064516,0.016129032258064516,0.03225806451612903,0.0,False,0.0,0.2667107808589935,0.2667107808589935,29.028599071502686,0.9980417203903198,1.0018170881271362,0.060890584625303744,0.0,0.04504250254482031,0.25104919135570525,0.6479232424497604,0.0,1.5360007673734798e-05,6.359886709105921e-05,0.0010586488046101295,0.0025945127219893036,0.5496744787693024,0.6698801457881928
B,v3,bert.encoder.layer.5.intermediate.dense,5,FFN1,sweep,6,6,1.0,0.016129032258064516,0.016129032258064516,0.03225806451612903,0.0,False,0.0785431981831789,0.6540342700481415,0.6245468723773956,413.81326751708986,0.9908993047475815,1.0060889673233033,0.13142376482486726,0.0,0.008240504786372185,0.05669830180704594,0.29814035683870316,0.0,2.9121840889274608e-05,0.00012485646991990506,0.0007852785504655912,0.001958896330324933,0.07341973595321179,0.6237625885009765
B,v3,bert.encoder.layer.5.output.dense,5,FFN2,sweep,6,6,1.0,0.016129032258064516,0.016129032258064516,0.03225806451612903,0.0,False,0.10004334658384323,0.1443012224137783,0.0491777653619647,6.491392297744751,0.9993873673677445,1.0006232047080994,0.03447070192545652,0.0,0.15597098514437677,0.44455986738204956,0.754958627820015,0.0,2.6993653809768146e-05,0.00010872825732803904,0.0007990597083698958,0.002250988531159237,0.10001372940838336,0.14635134145617484
B,v3,bert.encoder.layer.5.attention.self.key,5,K,sweep,6,6,1.0,0.016129032258064516,0.016129032258064516,0.03225806451612903,0.0,False,0.0,0.3682993164658546,0.3682993164658546,44.28083065032959,0.997309867143631,1.0023438620567322,0.07183416470885277,0.0,0.02892981480807066,0.1888681536912918,0.5600334870815277,0.0,1.1855813927468261e-05,5.565669205680024e-05,0.00025465852333582005,0.0005621146078919992,0.5496744787693024,0.715596866607666
B,v3,bert.encoder.layer.5.attention.output.dense,5,O,sweep,6,6,1.0,0.016129032258064516,0.016129032258064516,0.03225806451612903,0.0,False,0.10000771015882493,0.22146043792366982,0.13494869887828828,18.740764923095703,0.9958196663856507,1.004081449508667,0.07486709848046302,0.0,0.07411669425666333,0.3302695986628532,0.6612541550397872,0.0,6.128173521574354e-05,0.00034209803416160864,0.0020504320214968174,0.007023671946953982,0.09998754367232322,0.2183622846007347
B,v3,bert.encoder.layer.5.attention.self.query,5,Q,sweep,6,6,1.0,0.016129032258064516,0.016129032258064516,0.03225806451612903,0.0,False,0.0,0.36830033391714095,0.36830033391714095,44.7132356262207,0.9973993319272995,1.002245305776596,0.07021890550851823,0.0,0.030715230330824853,0.1990809753537178,0.5640296822786331,0.0,8.557959654353909e-06,3.414622829950531e-05,0.00021257957443594931,0.0006903125299140811,4.238552548940788e-09,0.38951435387134553
B,v3,bert.encoder.layer.5.attention.self.value,5,V,sweep,6,6,1.0,0.016129032258064516,0.016129032258064516,0.03225806451612903,0.0,False,6.2181629800761585e-09,0.2964144966006279,0.29641449213027954,31.864056129455566,0.9982775324583053,1.0015696859359742,0.057594412975013255,0.0,0.04159034978598356,0.26159589529037475,0.6667568004131317,0.0,1.3677410479431273e-05,5.993847127683693e-05,0.000971257695928216,0.0017360351700335742,0.5496744829416275,0.6832632994651795
B,v3,bert.encoder.layer.6.intermediate.dense,6,FFN1,sweep,6,6,1.0,0.016129032258064516,0.016129032258064516,0.03225806451612903,0.0,False,0.05084026876837015,0.6128095632791519,0.5920728939771652,341.0419067382812,0.9918223232030868,1.006076147556305,0.1249869130551815,0.0,0.010188338709995151,0.06294727060943842,0.32783293575048444,0.0,2.854958924217499e-05,0.00012076335879100953,0.0008260145422536879,0.0019491304317489266,0.045092050097882745,0.5623003661632537
B,v3,bert.encoder.layer.6.output.dense,6,FFN2,sweep,6,6,1.0,0.016129032258064516,0.016129032258064516,0.03225806451612903,0.0,False,0.09997479856014252,0.14238959565758705,0.04712624672800302,6.219621906280517,0.9994371592998504,1.0005692446231842,0.033262923024594784,0.0,0.1621938979625702,0.45535952746868136,0.7637895512580871,0.0,2.63275098586746e-05,0.00010458963675773703,0.0008497706652269699,0.002322515273699537,0.09998434364795684,0.14410835921764373
B,v3,bert.encoder.layer.6.attention.self.key,6,K,sweep,6,6,1.0,0.016129032258064516,0.016129032258064516,0.03225806451612903,0.0,False,0.0,0.3577876043319702,0.3577876043319702,45.01631938934326,0.9969781744480133,1.0026426577568055,0.07598215721547603,0.0,0.029515790697187187,0.17974300280213357,0.5312367510795594,0.0,1.2881154189017253e-05,6.090416063671e-05,0.00034537182480562476,0.0007607317302608862,0.5496744787693024,0.7108955407142639
B,v3,bert.encoder.layer.6.attention.output.dense,6,O,sweep,6,6,1.0,0.016129032258064516,0.016129032258064516,0.03225806451612903,0.0,False,0.10003071539103985,0.15359945103526115,0.059522858783602715,7.856504158973694,0.9990252035856247,1.000984513759613,0.041074886545538904,0.0,0.13323045387864113,0.41077637910842896,0.7258266705274582,0.0,3.4865347206505245e-05,0.00014640689762018155,0.0013486764399567618,0.0034355211164802313,0.1000069435685873,0.15254437550902367
B,v3,bert.encoder.layer.6.attention.self.query,6,Q,sweep,6,6,1.0,0.016129032258064516,0.016129032258064516,0.03225806451612903,0.0,False,0.0,0.3375911396741867,0.3375911396741867,41.745667915344235,0.9972837072610855,1.0023911798000336,0.07187271468341351,0.0,0.03412246059626341,0.19414017513394355,0.5619581043720245,0.0,8.659664772494579e-06,3.599907116949908e-05,0.0003350098672672175,0.0009531784796854481,0.0,0.33187640964984894
B,v3,bert.encoder.layer.6.attention.self.value,6,V,sweep,6,6,1.0,0.016129032258064516,0.016129032258064516,0.03225806451612903,0.0,False,0.0,0.254689729064703,0.254689729064703,27.051427478790284,0.9982739818096161,1.001614329814911,0.05756330344825983,0.0,0.04797611210495233,0.2665508079528809,0.6669801223278046,0.0,1.3790078264719341e-05,6.095443422964309e-05,0.0010744760511443019,0.0022589741949923334,0.5496744787693024,0.6644783684611321
B,v3,bert.encoder.layer.7.intermediate.dense,7,FFN1,sweep,6,6,1.0,0.016129032258064516,0.016129032258064516,0.03225806451612903,0.0,False,0.05455340925604105,0.6373933571577072,0.6164754360914231,126.582593460083,0.9893933451175689,1.007031214237213,0.141684131026268,0.0,0.00939520336687565,0.056266250163316725,0.2933191174268723,0.0,3.213648205928621e-05,0.00013348066466278396,0.0009184751877910457,0.0023080019757617267,0.04222759820520878,0.543603692650795
B,v3,bert.encoder.layer.7.output.dense,7,FFN2,sweep,6,6,1.0,0.016129032258064516,0.016129032258064516,0.03225806451612903,0.0,False,0.09993688456714153,0.14160382255911827,0.04629336915910244,6.120192222595215,0.9994469553232193,1.0005604135990143,0.032965602949261666,0.0,0.1648152144253254,0.4597711941599846,0.7660138386487961,0.0,2.540229877922684e-05,9.662977507105097e-05,0.0008845218340866268,0.0026191015308722853,0.09996824130415917,0.14202089250087738
B,v3,bert.encoder.layer.7.attention.self.key,7,K,sweep,6,6,1.0,0.016129032258064516,0.016129032258064516,0.03225806451612903,0.0,False,0.0,0.40946660488843917,0.40946660488843917,58.770636291503905,0.9967367005348206,1.0027294504642486,0.07901105798780918,0.0,0.024049195386469366,0.16425298243761063,0.5092692601680756,0.0,1.314889949753706e-05,7.012499903794378e-05,0.00037208939815172923,0.0009209782624384389,0.5496744787693024,0.7342400240898133
B,v3,bert.encoder.layer.7.attention.output.dense,7,O,sweep,6,6,1.0,0.016129032258064516,0.016129032258064516,0.03225806451612903,0.0,False,0.10004383824765682,0.14656926840543746,0.051697440594434735,6.830779247283935,0.9992888742685317,1.0007120883464813,0.03638366777449846,0.0,0.149685400724411,0.4352539592981339,0.7456634819507599,0.0,2.97815468366025e-05,0.00011540055034856777,0.0015023188758641482,0.002929378794506192,0.09998546242713928,0.14594015896320342
B,v3,bert.encoder.layer.7.attention.self.query,7,Q,sweep,6,6,1.0,0.016129032258064516,0.016129032258064516,0.03225806451612903,0.0,False,0.0,0.3405208033323288,0.3405208033323288,35.94149322509766,0.9977823925018311,1.0019842851161957,0.06511438094079494,0.0,0.03538992986083031,0.21726174414157867,0.5930462461709977,0.0,7.083990553837794e-06,2.7343883248249766e-05,0.00020989440658013335,0.0007757537328870967,4.238552548940788e-09,0.3132294449210167
B,v3,bert.encoder.layer.7.attention.self.value,7,V,sweep,6,6,1.0,0.016129032258064516,0.016129032258064516,0.03225806451612903,0.0,False,0.0,0.2823708462715149,0.2823708462715149,32.57860069274902,0.9982203358411789,1.0016535925865173,0.058548056818544865,0.0,0.04225288175046444,0.2563203606009483,0.6658198028802872,0.0,1.5407161581606487e-05,7.386686775134876e-05,0.0011463363841176034,0.002278388097183779,0.5496744787693024,0.6769479936361313
B,v3,bert.encoder.layer.8.intermediate.dense,8,FFN1,sweep,6,6,1.0,0.016129032258064516,0.016129032258064516,0.03225806451612903,0.0,False,0.0334909949824214,0.6202406859397889,0.6070820486545563,111.92316123962402,0.9899439066648483,1.0070279276371001,0.1380830256640911,0.0,0.01011840176768601,0.05765003141015768,0.3031125724315643,0.0,2.6122913950530347e-05,0.00010931246994005051,0.000906613765982911,0.0025900934857781975,0.027192448675632478,0.5021826156973839
B,v3,bert.encoder.layer.8.output.dense,8,FFN2,sweep,6,6,1.0,0.016129032258064516,0.016129032258064516,0.03225806451612903,0.0,False,0.0999671210348606,0.14234546035528184,0.04708532571792603,6.227796616554261,0.9994192355871201,1.000587877035141,0.03359423261135817,0.0,0.16234195113182068,0.4558430090546608,0.761476395726204,0.0,2.2407968281186186e-05,8.574291088734753e-05,0.0008874777072924189,0.0030844649160280822,0.099974594861269,0.14185964539647103
B,v3,bert.encoder.layer.8.attention.self.key,8,K,sweep,6,6,1.0,0.016129032258064516,0.016129032258064516,0.03225806451612903,0.0,False,0.0,0.3624944657087326,0.3624944657087326,46.01103610992432,0.9969695740938187,1.00265589594841,0.07608773082494735,0.0,0.02870311487466097,0.17797450616955757,0.5374986600875854,0.0,1.7451922949476285e-05,8.011682824871968e-05,0.00037952273356495425,0.0008392508001998067,0.5496744787693024,0.7130974042415619
B,v3,bert.encoder.layer.8.attention.output.dense,8,O,sweep,6,6,1.0,0.016129032258064516,0.016129032258064516,0.03225806451612903,0.0,False,0.09996380403637886,0.14298129051923752,0.04779527250677347,6.321543521881104,0.9994031274318695,1.0006045198440552,0.033982234969735146,0.0,0.1600675354897976,0.4514612880349159,0.7585115271806717,0.0,2.7080544605269097e-05,0.00010265829630952794,0.0014227154245600104,0.0032729367073625324,0.09996522776782513,0.14273401618003845
B,v3,bert.encoder.layer.8.attention.self.query,8,Q,sweep,6,6,1.0,0.016129032258064516,0.016129032258064516,0.03225806451612903,0.0,False,0.0,0.2867696288228035,0.2867696288228035,31.32218494415283,0.9970748037099838,1.0026451790332793,0.07339152932167053,0.0,0.041888959594070914,0.2077426727116108,0.5580025440454484,0.0,8.409338079218287e-06,3.667419938210514e-05,0.00044691764676827003,0.0011881649447605014,0.0,0.26006183549761774
B,v3,bert.encoder.layer.8.attention.self.value,8,V,sweep,6,6,1.0,0.016129032258064516,0.016129032258064516,0.03225806451612903,0.0,False,0.0,0.21991557970643044,0.21991557970643044,23.779542083740235,0.99826007604599,1.0016634452342987,0.05753923587501049,0.0,0.054373386092483995,0.27272546410560605,0.6650965338945389,0.0,1.622947347641457e-05,7.396903900371399e-05,0.0010366363817593083,0.0020040660724043847,0.5496744787693024,0.648881528377533
B,v3,bert.encoder.layer.9.intermediate.dense,9,FFN1,sweep,6,6,1.0,0.016129032258064516,0.016129032258064516,0.03225806451612903,0.0,False,0.0630710520222783,0.5779300290346145,0.5495194840431213,96.69728294372558,0.9898080796003341,1.0079776978492736,0.1390317316353321,0.0,0.011974047878757119,0.061451332122087476,0.29887504011392596,0.0,1.8260895958519542e-05,6.78504680399783e-05,0.0007550361275207252,0.002513977198395878,0.05048237308859825,0.4586836373806
B,v3,bert.encoder.layer.9.output.dense,9,FFN2,sweep,6,6,1.0,0.016129032258064516,0.016129032258064516,0.03225806451612903,0.0,False,0.09999027632176877,0.14155464977025986,0.04618214245885611,6.098505859375,0.9994433945417405,1.0005564105510711,0.03297858819365501,0.0,0.16551424130797388,0.46208021610975264,0.7671962797641754,0.0,1.9158585600962397e-05,6.449474189139437e-05,0.0009396717892377637,0.0031943714385852216,0.09998103752732276,0.14155494078993797
B,v3,bert.encoder.layer.9.attention.self.key,9,K,sweep,6,6,1.0,0.016129032258064516,0.016129032258064516,0.03225806451612903,0.0,False,0.0,0.36766362249851225,0.36766362249851225,47.92743099212647,0.9974600005149842,1.0022203719615936,0.06959045238792896,0.0,0.02900589594617486,0.1971570710837841,0.5817231488227844,0.0,1.5747473153169267e-05,8.024659000511747e-05,0.00033419933446566575,0.0007419492703047581,0.5496744787693024,0.7155425524711609
B,v3,bert.encoder.layer.9.attention.output.dense,9,O,sweep,6,6,1.0,0.016129032258064516,0.016129032258064516,0.03225806451612903,0.0,False,0.0999903630465269,0.1407846838235855,0.045326547808945176,5.9949026298522945,0.9994666182994842,1.0005434727668763,0.0324230483174324,0.0,0.1681157696247101,0.4659625768661499,0.7707997918128967,0.0,2.155094211047981e-05,7.709753219387494e-05,0.0010305708079249598,0.003507654911372811,0.09999584265053273,0.14090157985687257
B,v3,bert.encoder.layer.9.attention.self.query,9,Q,sweep,6,6,1.0,0.016129032258064516,0.016129032258064516,0.03225806451612903,0.0,False,0.0,0.1857030162215233,0.1857030162215233,18.34069330215454,0.9980481803417206,1.001907833814621,0.060641463994979855,0.0,0.0630629813298583,0.260684163570404,0.6171881848573685,0.0,5.071323798802041e-06,1.9772643772739683e-05,0.00020764898334164173,0.0007930959563236683,0.0,0.16328300192952155
B,v3,bert.encoder.layer.9.attention.self.value,9,V,sweep,6,6,1.0,0.016129032258064516,0.016129032258064516,0.03225806451612903,0.0,False,0.0,0.2507519952952862,0.2507519952952862,28.290457992553712,0.9982560181617737,1.0016392946243287,0.057825858779251574,0.0,0.04876580987125635,0.26505841881036757,0.6656933921575546,0.0,1.811031063880364e-05,9.111072635278106e-05,0.0008199450391111895,0.0014460965665057301,0.5496744787693024,0.6629330933094024
B,v3,bert.encoder.layer.10.intermediate.dense,10,FFN1,sweep,6,6,1.0,0.016129032258064516,0.016129032258064516,0.03225806451612903,0.0,False,0.03430192943662405,0.5282678639888764,0.5115132763981819,73.04153923034669,0.9904956692457199,1.0078258061408996,0.13401407822966577,0.0,0.014552877871319652,0.06984017439186573,0.32480124503374097,0.0,1.2744076266244519e-05,3.963970702898223e-05,0.0006483351868519094,0.002585061645368114,0.02710012875497341,0.4215053480863571
B,v3,bert.encoder.layer.10.output.dense,10,FFN2,sweep,6,6,1.0,0.016129032258064516,0.016129032258064516,0.03225806451612903,0.0,False,0.0999351467192173,0.14082715824246406,0.04543230291455984,5.996456346511841,0.9994573241472244,1.0005564510822296,0.0325873114541173,0.0,0.1682776540517807,0.4674860370159149,0.7697525686025619,0.0,1.5091786435732501e-05,4.540426132734865e-05,0.0009349179995479062,0.0032616780651733277,0.09995832331478596,0.14106665402650834
B,v3,bert.encoder.layer.10.attention.self.key,10,K,sweep,6,6,1.0,0.016129032258064516,0.016129032258064516,0.03225806451612903,0.0,False,8.54385405091307e-09,0.36656861811876296,0.36656861305236815,48.44990047454834,0.9976667726039886,1.002026745080948,0.0669778811186552,0.0,0.029230318386107682,0.20459292203187943,0.6005327850580215,0.0,1.2436699062163826e-05,7.048957686492941e-05,0.000280089549778495,0.0006834885026910342,0.5496744829416275,0.71503826379776
B,v3,bert.encoder.layer.10.attention.output.dense,10,O,sweep,6,6,1.0,0.016129032258064516,0.016129032258064516,0.03225806451612903,0.0,False,0.10002110354602337,0.1418201307952404,0.04644443180412054,6.14680862903595,0.9994324237108231,1.000575520992279,0.03327698390930891,0.0,0.16437989190220834,0.4579761704802513,0.76195592045784,0.0,1.7440626252209767e-05,5.3430726584338114e-05,0.0010588821113924497,0.0035259926877915858,0.10001405581831932,0.14276581376791
B,v3,bert.encoder.layer.10.attention.self.query,10,Q,sweep,6,6,1.0,0.016129032258064516,0.016129032258064516,0.03225806451612903,0.0,False,8.617361686447112e-09,0.20989254385232925,0.20989253699779511,20.702225036621094,0.9978662532567978,1.002064632177353,0.06356591768562794,0.0,0.0552175572887063,0.24144825726747512,0.6022859007120133,0.0,3.6921446553606074e-06,1.1834990809802548e-05,0.00017218223136296728,0.0008211096184095368,4.238552548940788e-09,0.18532853096723556
B,v3,bert.encoder.layer.10.attention.self.value,10,V,sweep,6,6,1.0,0.016129032258064516,0.016129032258064516,0.03225806451612903,0.0,False,0.0,0.256053466796875,0.256053466796875,29.579111080169678,0.998195674419403,1.00169180393219,0.0587935695797205,0.0,0.04709585957229137,0.259619575291872,0.6606082743406296,0.0,1.5755160256958332e-05,9.909760789014399e-05,0.0006763171806233003,0.0013935634470544755,0.5496744787693024,0.6653719180822373
B,v3,bert.encoder.layer.11.intermediate.dense,11,FFN1,sweep,6,6,1.0,0.016129032258064516,0.016129032258064516,0.03225806451612903,0.0,False,0.018392708525061606,0.41015506356954573,0.39910293340682984,45.3885880279541,0.995727151632309,1.0039140224456786,0.09152469195425511,0.0,0.02230790240690112,0.11420788489282131,0.4639697802066803,0.0,6.800949427088198e-06,9.275930860894732e-06,0.0005967986886571453,0.0024881120841018854,0.01796579908579588,0.3999258133769035
B,v3,bert.encoder.layer.11.output.dense,11,FFN2,sweep,6,6,1.0,0.016129032258064516,0.016129032258064516,0.03225806451612903,0.0,False,0.10002559870481491,0.14634131118655205,0.05146334927529097,6.927853350639343,0.9993476748466492,1.0007357561588288,0.036069134697318074,0.0,0.14547715812921524,0.4090616551041603,0.6990194177627563,0.0,1.0175902325499919e-05,1.2997142548556439e-05,0.0008143920085785794,0.0032231752201914788,0.10001338616013528,0.147852683365345
B,v3,bert.encoder.layer.11.attention.self.key,11,K,sweep,6,6,1.0,0.016129032258064516,0.016129032258064516,0.03225806451612903,0.0,False,2.1464444444063702e-08,0.36369298338890077,0.36369296938180923,49.57822967529297,0.9976579165458679,1.0020336890220642,0.06691094793379307,0.0,0.029611032046377658,0.20496418699622154,0.6063690936565399,0.0,1.4896239454174065e-05,7.129097732104128e-05,0.0002712512679863721,0.0008251999455387704,0.5496744871139526,0.7137605774402619
B,v3,bert.encoder.layer.11.attention.output.dense,11,O,sweep,6,6,1.0,0.016129032258064516,0.016129032258064516,0.03225806451612903,0.0,False,0.09997302778065205,0.14247897982597352,0.0472274212539196,6.235660047531128,0.999429983496666,1.0005823528766633,0.033642404675483704,0.0,0.16126924991607666,0.44281641334295274,0.7424380576610565,0.0,1.0479211732672411e-05,1.5435666964549454e-05,0.0009309876659244765,0.00409925126703456,0.09999870382249355,0.14299335211515427
B,v3,bert.encoder.layer.11.attention.self.query,11,Q,sweep,6,6,1.0,0.016129032258064516,0.016129032258064516,0.03225806451612903,0.0,False,0.0,0.22902915835380555,0.22902915835380555,22.272122135162352,0.9980804824829101,1.0018346393108368,0.060670890659093854,0.0,0.05236548878252506,0.2494432657957077,0.6276654368638992,0.0,1.8381854079052573e-06,3.451835652867885e-06,0.0001336316626839107,0.00091575124184601,4.238552548940788e-09,0.17924476370215417
B,v3,bert.encoder.layer.11.attention.self.value,11,V,sweep,6,6,1.0,0.016129032258064516,0.016129032258064516,0.03225806451612903,0.0,False,0.0,0.22307209312915802,0.22307209312915802,27.078635120391844,0.9983601588010788,1.00156272649765,0.05604181617498398,0.0,0.054656901098787784,0.27954222112894056,0.6781487292051316,0.0,1.6136872027345816e-05,8.29867114953231e-05,0.0005672983702970668,0.0015110834059305488,0.5496744787693024,0.6505786868929863
B,v3,bert.encoder.layer.0.intermediate.dense,0,FFN1,baseline,7,9,1.0,0.007936507936507936,0.007936507936507936,0.015873015873015872,0.0,False,0.0006190030919970013,0.6168626296520233,0.616625417470932,246.00516456604004,0.9972415977716446,1.0020889621973037,0.0726980210095644,0.0,0.004513758511748165,0.037280350401997564,0.2600683382898569,0.0,3.728116450474772e-05,0.00013323804625542835,0.0006228615368308965,0.0017567075687111356,0.0007137749003595672,0.7256747537851334
B,v3,bert.encoder.layer.0.output.dense,0,FFN2,baseline,7,9,1.0,0.007936507936507936,0.007936507936507936,0.015873015873015872,0.0,False,0.10002523709088564,0.12052089855074882,0.022773591643199323,6.088897006511688,0.9998672619462013,1.0001343780755996,0.016125623574480413,0.0,0.16579004809260367,0.4636814525723457,0.7696717181801795,0.0,2.3963237090356415e-05,8.89232780173188e-05,0.0005191903750528581,0.0016021452765562572,0.0999794501811266,0.12126994568854571
B,v3,bert.encoder.layer.0.attention.self.key,0,K,baseline,7,9,1.0,0.007936507936507936,0.007936507936507936,0.015873015873015872,0.0,False,5.380509833230462e-09,0.1118752620369196,0.11187525723129511,23.34720230102539,0.9994825589656829,1.0005158960819245,0.031167355924844743,0.0,0.05362713387235999,0.24402860067784787,0.6226729899644852,0.0,1.710199145691149e-05,5.5052962416084484e-05,0.00019826710456982255,0.00046342554698640013,0.5570914739370346,0.6067070995271205
B,v3,bert.encoder.layer.0.attention.output.dense,0,O,baseline,7,9,1.0,0.007936507936507936,0.007936507936507936,0.015873015873015872,0.0,False,0.10001762874424458,0.12051659353077411,0.022777075953781603,6.113833262920379,0.9998640578985214,1.0001373505592346,0.01625512173399329,0.0,0.1653617438673973,0.46267429426312445,0.7682564821839333,0.0,3.7064330972498285e-05,0.00013341625599423424,0.0007348529859154951,0.0022168899478856472,0.09999825838953257,0.12079474456608295
B,v3,bert.encoder.layer.0.attention.self.query,0,Q,baseline,7,9,1.0,0.007936507936507936,0.007936507936507936,0.015873015873015872,0.0,False,4.6502975692419565e-09,0.07358926258981228,0.07358925826847554,15.812497668266296,0.9994561186432839,1.0005448311567307,0.0319176859408617,0.0,0.06704036142677068,0.23837035052478314,0.5776042455434799,0.0,1.0703433142680296e-05,4.0109958990797165e-05,0.00018757398593152174,0.0005425472905335482,6.357828823411182e-09,0.0905328631028533
B,v3,bert.encoder.layer.0.attention.self.value,0,V,baseline,7,9,1.0,0.007936507936507936,0.007936507936507936,0.015873015873015872,0.0,False,0.0,0.0927867617458105,0.0927867617458105,19.791952018737792,0.9995036309957505,1.0004918563365937,0.030233099795877932,0.0,0.06322741366922856,0.25965958446264265,0.6278837418556213,0.0,3.095880786531779e-05,9.717999935674016e-05,0.000442268581391545,0.00093033639510395,0.557091471850872,0.5982702989876271
B,v3,bert.encoder.layer.1.intermediate.dense,1,FFN1,baseline,7,9,1.0,0.007936507936507936,0.007936507936507936,0.015873015873015872,0.0,False,0.0007973506371490658,0.5826119682192803,0.5822790464758874,207.14501831054687,0.9968647295236588,1.002418053150177,0.07680064395070076,0.0,0.005375792987179011,0.04053593296557665,0.25551530785858634,0.0,4.0211966625065545e-05,0.0001453929597118986,0.0006627277824736666,0.0017591343927779236,0.0011485211190301924,0.6820550048351288
B,v3,bert.encoder.layer.1.output.dense,1,FFN2,baseline,7,9,1.0,0.007936507936507936,0.007936507936507936,0.015873015873015872,0.0,False,0.1000517750158906,0.12077487979084253,0.023027005363255738,6.175516097545624,0.9998638072609901,1.0001351863145829,0.016307023046538235,0.0,0.16364975720643998,0.45958500549197195,0.766574587225914,0.0,2.8553253987411153e-05,0.00010633295816660393,0.000619787608156912,0.0018396135658258572,0.10004071030765772,0.12302056726068258
B,v3,bert.encoder.layer.1.attention.self.key,1,K,baseline,7,9,1.0,0.007936507936507936,0.007936507936507936,0.015873015873015872,0.0,False,4.755600286898698e-09,0.14734878055751324,0.1473487764596939,29.92284016609192,0.9994160398840904,1.0005720514059067,0.033067817725241186,0.0,0.04448225062340498,0.22754358880221845,0.6012636986374855,0.0,1.9695874466378883e-05,7.292162203157205e-05,0.0003100073464156594,0.0008917191873479169,0.5570914739370346,0.6224782349169254
B,v3,bert.encoder.layer.1.attention.output.dense,1,O,baseline,7,9,1.0,0.007936507936507936,0.007936507936507936,0.015873015873015872,0.0,False,0.09995366934686899,0.12049971714615822,0.02282775806263089,6.127017977237702,0.9998648008704185,1.0001361203193664,0.016246749889105558,0.0,0.16486689634621143,0.4612660332024097,0.7673278790712357,0.0,3.649867342573998e-05,0.00013593969346402445,0.0008053978938551154,0.0022738612222019585,0.09996887937188148,0.12141800001263618
B,v3,bert.encoder.layer.1.attention.self.query,1,Q,baseline,7,9,1.0,0.007936507936507936,0.007936507936507936,0.015873015873015872,0.0,False,3.967347197431081e-09,0.12254183754324913,0.12254183404147626,23.3456915473938,0.9993688654899597,1.0006247389316558,0.03445842407643795,0.0,0.04911486020311713,0.21320281706750394,0.5717114093899727,0.0,1.5128854743124975e-05,6.101543307522661e-05,0.00032032026756496635,0.0012190248358820099,8.477105097881576e-09,0.1298227283358574
B,v3,bert.encoder.layer.1.attention.self.value,1,V,baseline,7,9,1.0,0.007936507936507936,0.007936507936507936,0.015873015873015872,0.0,False,4.5054787278786535e-09,0.12917204450815917,0.12917204055935144,26.2393016910553,0.9994213110208512,1.0005689948797225,0.032493127677589655,0.0,0.05150376740843057,0.2394994667172432,0.6120685082674027,0.0,2.749353316175984e-05,0.00010119050522916951,0.0005662050603132229,0.0016815050330478698,0.5570914742350578,0.6143930731713771
B,v3,bert.encoder.layer.2.intermediate.dense,2,FFN1,baseline,7,9,1.0,0.007936507936507936,0.007936507936507936,0.015873015873015872,0.0,False,0.0018220045871566982,0.526320506632328,0.5254559522867203,154.77484664916992,0.9973221752047539,1.0021829527616501,0.07106798902153968,0.0,0.007035150746814906,0.04810223791748285,0.2904552821815014,0.0,3.453127916145604e-05,0.0001391975870137685,0.0006948488600028213,0.0016204391873907299,0.002424152181483805,0.5906938248872757
B,v3,bert.encoder.layer.2.output.dense,2,FFN2,baseline,7,9,1.0,0.007936507936507936,0.007936507936507936,0.015873015873015872,0.0,False,0.1000103411078453,0.12524936385452748,0.028043680023401976,7.523504137992859,0.9997785425186158,1.0002243167161942,0.01953285343013704,0.0,0.13936025522649287,0.4223234854638577,0.7343148422241211,0.0,3.245561744734005e-05,0.0001404880568225053,0.0008828106867440511,0.0028430932469200344,0.10001128811389208,0.12936059564352034
B,v3,bert.encoder.layer.2.attention.self.key,2,K,baseline,7,9,1.0,0.007936507936507936,0.007936507936507936,0.015873015873015872,0.0,False,9.381892880355736e-09,0.18190747901797294,0.18190747149288655,33.7381001663208,0.9994203317165374,1.000558042526245,0.03304242080077529,0.0,0.04063646759837866,0.22249286875128746,0.5993370887637138,0.0,1.775047183400602e-05,6.555430507432903e-05,0.0002640407569560921,0.0006369124057528097,0.5570914766192436,0.6382397001981736
B,v3,bert.encoder.layer.2.attention.output.dense,2,O,baseline,7,9,1.0,0.007936507936507936,0.007936507936507936,0.015873015873015872,0.0,False,0.10002483315765857,0.12169428907334805,0.024077838156372308,6.461805257797241,0.9998480468988419,1.0001505494117737,0.016993050714954733,0.0,0.15751790389418602,0.44949432358145713,0.7579872789978981,0.0,3.365356833455735e-05,0.00013220269305747935,0.000817467126325937,0.0022568923159269616,0.09998628083616495,0.124913695640862
B,v3,bert.encoder.layer.2.attention.self.query,2,Q,baseline,7,9,1.0,0.007936507936507936,0.007936507936507936,0.015873015873015872,0.0,False,1.029685506637179e-08,0.24319700546562673,0.24319699771702288,27.703488178253174,0.9993086868524551,1.0006856501102448,0.03563864102587104,0.0,0.03961109098047018,0.1938261568546295,0.5273082292079926,0.0,1.1719344543053012e-05,4.947623823682079e-05,0.00025269218152971005,0.0007433153658348602,4.238552548940788e-09,0.20665791161358357
B,v3,bert.encoder.layer.2.attention.self.value,2,V,baseline,7,9,1.0,0.007936507936507936,0.007936507936507936,0.015873015873015872,0.0,False,4.704058369497943e-09,0.14445871606469154,0.14445871211588382,30.18717728614807,0.9995139959454536,1.0004748237133025,0.030177112380042673,0.0,0.04665731959044933,0.252070638909936,0.6507183891534806,0.0,2.9695329221794963e-05,0.00011229600462684175,0.0006599774613277986,0.001317637237953022,0.5570914739370346,0.6212399177253246
B,v3,bert.encoder.layer.3.intermediate.dense,3,FFN1,baseline,7,9,1.0,0.007936507936507936,0.007936507936507936,0.015873015873015872,0.0,False,0.003810327926184982,0.5023688791692257,0.500465662330389,195.08415748596192,0.9977499952912331,1.0018806725740432,0.06529814623296261,0.0,0.007850539479404688,0.05338986760005355,0.32117059484124183,0.0,3.0957813733039076e-05,0.0001320402755663963,0.0007105164758104365,0.0017090470914263279,0.004151144631905481,0.5297269433736801
B,v3,bert.encoder.layer.3.output.dense,3,FFN2,baseline,7,9,1.0,0.007936507936507936,0.007936507936507936,0.015873015873015872,0.0,False,0.10001381501555442,0.12214324839413165,0.024588629668578506,6.593934104442597,0.9998408651351929,1.0001604330539704,0.017320825541391967,0.0,0.15461387045681477,0.4440530554950237,0.7529994693398475,0.0,2.874996152058884e-05,0.00012533371365861968,0.0007802015742345247,0.0022810286114690824,0.10001106765121222,0.1241637472063303
B,v3,bert.encoder.layer.3.attention.self.key,3,K,baseline,7,9,1.0,0.007936507936507936,0.007936507936507936,0.015873015873015872,0.0,False,4.351882694209053e-09,0.1474652288109064,0.14746522516012192,28.691860399246217,0.9994269558787345,1.0005632376670837,0.03291908325627446,0.0,0.04396716685965657,0.22533121325075625,0.5992220386862754,0.0,1.8284283582943318e-05,7.569172987132334e-05,0.00028569318070367447,0.0006065718024910893,0.5570914742350578,0.6224782976508141
B,v3,bert.encoder.layer.3.attention.output.dense,3,O,baseline,7,9,1.0,0.007936507936507936,0.007936507936507936,0.015873015873015872,0.0,False,0.10001443155109882,0.13632992282509804,0.040351253896951676,10.838575263023376,0.999526079595089,1.0004724729061127,0.026648350255563856,0.0,0.1035297043249011,0.37042982786893847,0.6935163375735283,0.0,4.813207366169081e-05,0.00024084686825517565,0.001465512379654683,0.005275301757501438,0.10000430505722761,0.14009502813220023
B,v3,bert.encoder.layer.3.attention.self.query,3,Q,baseline,7,9,1.0,0.007936507936507936,0.007936507936507936,0.015873015873015872,0.0,False,4.873066359323275e-09,0.10082510724663735,0.1008251028507948,17.96498558998108,0.9995030274987221,1.0004901093244554,0.030467385230585932,0.0,0.06084080001339316,0.2533943536132574,0.6183028757572174,0.0,9.773899571428046e-06,4.184634008197463e-05,0.00022895677102496848,0.0006872807588661089,6.357828823411182e-09,0.12650267153978348
B,v3,bert.encoder.layer.3.attention.self.value,3,V,baseline,7,9,1.0,0.007936507936507936,0.007936507936507936,0.015873015873015872,0.0,False,3.5153436783730286e-09,0.12520023789256812,0.12520023483783008,25.45748638153076,0.9995218732953072,1.000470805168152,0.029771178476512433,0.0,0.053065682277083394,0.2626102662086487,0.6521331027150155,0.0,2.6894542870650184e-05,0.00012012317070912104,0.000632852320704842,0.0011999653928796762,0.5570914740860462,0.6126144929230213
B,v3,bert.encoder.layer.4.intermediate.dense,4,FFN1,baseline,7,9,1.0,0.007936507936507936,0.007936507936507936,0.015873015873015872,0.0,False,0.0020221659017261116,0.4780177341401577,0.47696025907993317,165.63244590759277,0.9977864971756936,1.0018812316656112,0.0646848139166832,0.0,0.008786642584018409,0.05799749471247196,0.3250211192667484,0.0,3.156525664962828e-05,0.00013860119892342482,0.0007482557940238621,0.0017139911616686732,0.0020286115299677477,0.4805335275828838
B,v3,bert.encoder.layer.4.output.dense,4,FFN2,baseline,7,9,1.0,0.007936507936507936,0.007936507936507936,0.015873015873015872,0.0,False,0.09998352479189634,0.12182782255113125,0.02427100025117397,6.502454733848571,0.999849069416523,1.0001536905765533,0.017049550479277968,0.0,0.15595193102955818,0.44488760247826575,0.7540394410490989,0.0,2.9750998637609883e-05,0.00012855357526859735,0.0008368710671493318,0.002362940409220755,0.0999834830313921,0.12321278747171163
B,v3,bert.encoder.layer.4.attention.self.key,4,K,baseline,7,9,1.0,0.007936507936507936,0.007936507936507936,0.015873015873015872,0.0,False,5.545499561776524e-09,0.1938662301748991,0.19386622570455075,38.37253692626953,0.9992851781845092,1.000682744383812,0.03664543172344566,0.0,0.03378152161836624,0.19525979846715927,0.5591822025179863,0.0,1.9822398817268548e-05,9.197013954690192e-05,0.0003494748064258601,0.0007392114771937485,0.5570914739370346,0.643118891865015
B,v3,bert.encoder.layer.4.attention.output.dense,4,O,baseline,7,9,1.0,0.007936507936507936,0.007936507936507936,0.015873015873015872,0.0,False,0.09994549728929997,0.13028878323733806,0.03371275221928954,9.040894026756286,0.9996692278981208,1.0003287726640702,0.022833244306966663,0.0,0.1204174118489027,0.39562891602516176,0.7136789447069168,0.0,4.061307368829148e-05,0.00020546007785014807,0.0013322933382005431,0.004555410207249224,0.0999625489488244,0.13169009678065777
B,v3,bert.encoder.layer.4.attention.self.query,4,Q,baseline,7,9,1.0,0.007936507936507936,0.007936507936507936,0.015873015873015872,0.0,False,5.142509280631202e-09,0.12213047750294209,0.12213047295808792,22.17309147834778,0.9994361644983292,1.0005570787191391,0.03255922297015786,0.0,0.051581589113920925,0.2317578686773777,0.5926705157756805,0.0,1.062252345491288e-05,4.490938446906512e-05,0.0002672553083539242,0.0007987539126770571,2.119276274470394e-09,0.11085419606417418
B,v3,bert.encoder.layer.4.attention.self.value,4,V,baseline,7,9,1.0,0.007936507936507936,0.007936507936507936,0.015873015873015872,0.0,False,1.605434249540849e-08,0.13200684677809477,0.13200683284550904,25.21498028755188,0.9995521605014801,1.0004396837949754,0.029022550452500583,0.0,0.05153206519782543,0.2671231862902641,0.6609222495555878,0.0,2.005945265864284e-05,8.881873120117234e-05,0.0007468097819946706,0.0013394115646951832,0.5570914781093598,0.6156558966636658
B,v3,bert.encoder.layer.5.intermediate.dense,5,FFN1,baseline,7,9,1.0,0.007936507936507936,0.007936507936507936,0.015873015873015872,0.0,False,0.0019732748140813784,0.4414739815890789,0.44036975532770156,112.99522403717042,0.997984013557434,1.0017518997192383,0.06164328502491116,0.0,0.010345012894831598,0.06499214390292764,0.3478586760163307,0.0,2.8719524580083088e-05,0.0001285976157305413,0.0008141002888442017,0.001983855143771507,0.0017552026238990947,0.4234849001467228
B,v3,bert.encoder.layer.5.output.dense,5,FFN2,baseline,7,9,1.0,0.007936507936507936,0.007936507936507936,0.015873015873015872,0.0,False,0.09998383648693561,0.12124894231557846,0.023627477129921318,6.332686657905579,0.9998574131727218,1.0001470744609833,0.01665679730474949,0.0,0.1596618463099003,0.45136241376399994,0.7596933683753013,0.0,2.836074160768476e-05,0.00012719192814984127,0.0008700647244404536,0.00239979519858025,0.09998301886022092,0.1220766944810748
B,v3,bert.encoder.layer.5.attention.self.key,5,K,baseline,7,9,1.0,0.007936507936507936,0.007936507936507936,0.015873015873015872,0.0,False,5.126312316861003e-09,0.19939624711871148,0.19939624302089215,37.17755708694458,0.9993415701389313,1.0006302940845488,0.03540344500914216,0.0,0.03409757329151034,0.19981268487870693,0.5699775859713554,0.0,1.7958507501134592e-05,8.999347272037995e-05,0.0003478303330484778,0.0007262094983889255,0.5570914739370346,0.6455748948454857
B,v3,bert.encoder.layer.5.attention.output.dense,5,O,baseline,7,9,1.0,0.007936507936507936,0.007936507936507936,0.015873015873015872,0.0,False,0.10001402847468853,0.12921286590397357,0.032443654099479316,8.702019572257996,0.9997003987431526,1.0003005439043045,0.022175556821748613,0.0,0.12256954446434974,0.3958940225839615,0.7138175976276397,0.0,3.9543127804790857e-05,0.00019601416519435589,0.0013275157182943075,0.004204982161754742,0.09999115288257598,0.12994818322360516
B,v3,bert.encoder.layer.5.attention.self.query,5,Q,baseline,7,9,1.0,0.007936507936507936,0.007936507936507936,0.015873015873015872,0.0,False,0.0,0.1687628299742937,0.1687628299742937,26.835050764083864,0.9994134429097176,1.0005640631914139,0.033097134977579115,0.0,0.04477063186466694,0.2282911663502455,0.5926062336564064,0.0,1.022642235056992e-05,4.4535286506288684e-05,0.00027933538687648253,0.0008528971130726859,4.238552548940788e-09,0.14807598948478698
B,v3,bert.encoder.layer.5.attention.self.value,5,V,baseline,7,9,1.0,0.007936507936507936,0.007936507936507936,0.015873015873015872,0.0,False,9.848519084698638e-09,0.1412406413257122,0.14124063283205032,24.518305253982543,0.9995953086018562,1.000399421453476,0.027798213139176367,0.0,0.05192300548776984,0.2789434942603111,0.6741056403517723,0.0,1.884748179691087e-05,8.965359418652952e-05,0.000854391252505593,0.0014033849694533274,0.5570914760231972,0.6197259677946567
B,v3,bert.encoder.layer.6.intermediate.dense,6,FFN1,baseline,7,9,1.0,0.007936507936507936,0.007936507936507936,0.015873015873015872,0.0,False,0.0010439816975849681,0.44231405809521673,0.44173129096627234,104.01670783996582,0.9978929653763771,1.0018355232477187,0.06322293581441045,0.0,0.010227210293523968,0.06285297110676766,0.33866791650652883,0.0,3.052923152608855e-05,0.00014040381080121733,0.0009513367421459406,0.002130950419232249,0.0008710723507101648,0.3991356299817562
B,v3,bert.encoder.layer.6.output.dense,6,FFN2,baseline,7,9,1.0,0.007936507936507936,0.007936507936507936,0.015873015873015872,0.0,False,0.10000455368310213,0.12064678009599447,0.022935930658131837,6.151198508739472,0.9998655846714973,1.00013603746891,0.016244337065145373,0.0,0.16398644454777242,0.4590611079335213,0.7664257973432541,0.0,2.745339159446303e-05,0.00012554039269161877,0.0009314993787847925,0.002528173619648442,0.10000861540436745,0.12127942081540823
B,v3,bert.encoder.layer.6.attention.self.key,6,K,baseline,7,9,1.0,0.007936507936507936,0.007936507936507936,0.015873015873015872,0.0,False,5.384960104493075e-09,0.21058062367141248,0.21058061942458153,42.62129236221313,0.9992368304729462,1.0007271319627762,0.037995186410844324,0.0,0.031130260191857814,0.18446645103394985,0.5367978516221047,0.0,1.8044609519165533e-05,9.311318135587498e-05,0.00044234128479729405,0.0009837586572393774,0.5570914739370346,0.6504854041337967
B,v3,bert.encoder.layer.6.attention.output.dense,6,O,baseline,7,9,1.0,0.007936507936507936,0.007936507936507936,0.015873015873015872,0.0,False,0.0999997753277421,0.12450927432626485,0.027232771459966897,7.305282816886902,0.9997985008358955,1.0002021509408952,0.0189950520824641,0.0,0.14152757644653322,0.423803808093071,0.736578571498394,0.0,3.328705904095841e-05,0.00015894772728643149,0.0011796024307841435,0.0034157764865085484,0.09998952530324459,0.1243521423265338
B,v3,bert.encoder.layer.6.attention.self.query,6,Q,baseline,7,9,1.0,0.007936507936507936,0.007936507936507936,0.015873015873015872,0.0,False,5.7108917417281195e-09,0.17747866921126842,0.17747866451740266,31.34332640647888,0.9993225625157356,1.0006509763002396,0.035555146411061285,0.0,0.040274771377444264,0.2075798972696066,0.5711709448695182,0.0,1.0791489448820358e-05,4.8905973690125395e-05,0.0003097117746801814,0.0010052080085733905,4.238552548940788e-09,0.1435103602707386
B,v3,bert.encoder.layer.6.attention.self.value,6,V,baseline,7,9,1.0,0.007936507936507936,0.007936507936507936,0.015873015873015872,0.0,False,1.6470481227770507e-08,0.13505299393087625,0.1350529797002673,25.078479490280152,0.9995844027400017,1.00040714263916,0.028166220858693122,0.0,0.05133495410904288,0.27415186747908593,0.672436805665493,0.0,1.7805629204303842e-05,8.856148982886225e-05,0.0008942562658921815,0.0014164019486634062,0.5570914784073829,0.6169721974432468
B,v3,bert.encoder.layer.7.intermediate.dense,7,FFN1,baseline,7,9,1.0,0.007936507936507936,0.007936507936507936,0.015873015873015872,0.0,False,0.0010363184215384535,0.45317097470164297,0.45260383263230325,112.92894550323486,0.9970793929696083,1.0024743402004241,0.07357036810368299,0.0,0.009612885448150336,0.05617236675694585,0.2994327525794506,0.0,3.4976695305886094e-05,0.00015797959385963623,0.0010910962338675746,0.0025478124315850437,0.0007521364497370086,0.3798238268494606
B,v3,bert.encoder.layer.7.output.dense,7,FFN2,baseline,7,9,1.0,0.007936507936507936,0.007936507936507936,0.015873015873015872,0.0,False,0.0999862352013588,0.12034800779074431,0.0226238458044827,6.0705447149276734,0.9998677220940589,1.0001334637403487,0.016116557437926532,0.0,0.16613762140274047,0.462841983884573,0.7686262026429176,0.0,2.627454599860357e-05,0.00011680466024699854,0.0009826958872145041,0.002798517058836296,0.09999859135597944,0.12081776570528746
B,v3,bert.encoder.layer.7.attention.self.key,7,K,baseline,7,9,1.0,0.007936507936507936,0.007936507936507936,0.015873015873015872,0.0,False,0.0,0.27327339321374894,0.27327339321374894,60.28694799423218,0.9991487666964531,1.0007789969444274,0.040210375543683764,0.0,0.02330805064179003,0.16451958701014519,0.513863035440445,0.0,1.5644700329175976e-05,8.959488477557897e-05,0.00046293661114759743,0.0010749238255084491,0.557091471850872,0.6782964581251144
B,v3,bert.encoder.layer.7.attention.output.dense,7,O,baseline,7,9,1.0,0.007936507936507936,0.007936507936507936,0.015873015873015872,0.0,False,0.1000266433879733,0.12198986057192088,0.024404299445450306,6.5531449842453,0.999842475950718,1.0001585471630097,0.01726334998384118,0.0,0.15527468413114548,0.44494705751538277,0.753710221350193,0.0,2.910289022111101e-05,0.000129419033510203,0.0011697486211778596,0.0030444212711881846,0.09999932464212179,0.1217817547172308
B,v3,bert.encoder.layer.7.attention.self.query,7,Q,baseline,7,9,1.0,0.007936507936507936,0.007936507936507936,0.015873015873015872,0.0,False,0.0,0.20769498445093632,0.20769498445093632,32.158410987854005,0.9994249761104583,1.000549880862236,0.033061325512826444,0.0,0.03698319025337696,0.21830103784799576,0.5937240493297576,0.0,7.999900171853369e-06,3.3847877857624554e-05,0.00025023020680237096,0.0008876439317828045,0.0,0.16689929693937303
B,v3,bert.encoder.layer.7.attention.self.value,7,V,baseline,7,9,1.0,0.007936507936507936,0.007936507936507936,0.015873015873015872,0.0,False,0.0,0.1831437573581934,0.1831437573581934,35.597271003723144,0.9995370441675187,1.0004517471790313,0.029789920970797537,0.0,0.0379772106744349,0.2496374124288559,0.664273736178875,0.0,1.7889710070448926e-05,9.545223254463053e-05,0.0009800424068816937,0.0014469680580077692,0.557091471850872,0.6383060708642005
B,v3,bert.encoder.layer.8.intermediate.dense,8,FFN1,baseline,7,9,1.0,0.007936507936507936,0.007936507936507936,0.015873015873015872,0.0,False,0.0006565560147282668,0.4435566391050816,0.4431910920143127,109.9348355102539,0.9972216257452965,1.0023614305257798,0.07197968993335963,0.0,0.010015738820657134,0.05595304269343614,0.3048160898685455,0.0,2.6440142128194567e-05,0.00012333390754065476,0.0011092260383884422,0.0029452165903057904,0.000489912567572901,0.35375028163194655
B,v3,bert.encoder.layer.8.output.dense,8,FFN2,baseline,7,9,1.0,0.007936507936507936,0.007936507936507936,0.015873015873015872,0.0,False,0.09997777391225099,0.12029729090631008,0.02257667248137295,6.060425927639008,0.9998671784996986,1.0001331973075867,0.016132790902629493,0.0,0.16642589963972568,0.46335081160068514,0.7682686606049538,0.0,2.2149547357912526e-05,9.850259568338515e-05,0.0010701972148672212,0.003172192940255627,0.09997412223368883,0.12072970159351826
B,v3,bert.encoder.layer.8.attention.self.key,8,K,baseline,7,9,1.0,0.007936507936507936,0.007936507936507936,0.015873015873015872,0.0,False,5.536068670153327e-09,0.22913428664207458,0.22913428232073785,46.89759582519531,0.9992645281553268,1.0006958240270614,0.037386665381491185,0.0,0.028504820074886084,0.1838073243945837,0.5506062796711921,0.0,2.1046685296823854e-05,0.00010920952259766636,0.00047773533937288447,0.0010069393515004777,0.5570914739370346,0.6587224917113781
B,v3,bert.encoder.layer.8.attention.output.dense,8,O,baseline,7,9,1.0,0.007936507936507936,0.007936507936507936,0.015873015873015872,0.0,False,0.09997232139110565,0.12078833874315023,0.023128205528482795,6.209213101863861,0.9998602950572968,1.0001418268680573,0.016465505938977002,0.0,0.16279978007078172,0.4572006043791771,0.7635621252655983,0.0,2.6054887612190215e-05,0.00011453361112216953,0.0012923779740231112,0.0034482978435698896,0.09997646424919367,0.12092487417161464
B,v3,bert.encoder.layer.8.attention.self.query,8,Q,baseline,7,9,1.0,0.007936507936507936,0.007936507936507936,0.015873015873015872,0.0,False,0.0,0.1772248137742281,0.1772248137742281,30.877648458480834,0.9992278236150741,1.0007368105649947,0.03749977884814143,0.0,0.04107875810936093,0.20392856612801552,0.5490243792533874,0.0,1.0077612246277568e-05,4.9413219712732826e-05,0.00040856746883946474,0.0015965324340504593,0.0,0.14888811886310577
B,v3,bert.encoder.layer.8.attention.self.value,8,V,baseline,7,9,1.0,0.007936507936507936,0.007936507936507936,0.015873015873015872,0.0,False,0.0,0.13106852654367684,0.13106852654367684,25.559766635894775,0.9995718738436699,1.0004214811325074,0.028523341557011007,0.0,0.05183544067665934,0.2713200995326042,0.6692478495836258,0.0,1.8970584937960667e-05,0.00010004293479141779,0.0010033805793500505,0.0016912692424375564,0.557091471850872,0.6152065493166446
B,v3,bert.encoder.layer.9.intermediate.dense,9,FFN1,baseline,7,9,1.0,0.007936507936507936,0.007936507936507936,0.015873015873015872,0.0,False,0.0018871290964307264,0.4096164008975029,0.40850019723176956,94.15191558837891,0.9972840091586113,1.0023765552043915,0.0709723936021328,0.0,0.011571917324326933,0.06049454091116786,0.3119196230173111,0.0,1.788312028565997e-05,7.435411631377064e-05,0.0010080191839369945,0.0029290071385912595,0.0017498217767570167,0.3128100633621216
B,v3,bert.encoder.layer.9.output.dense,9,FFN2,baseline,7,9,1.0,0.007936507936507936,0.007936507936507936,0.015873015873015872,0.0,False,0.09999316930770874,0.12006288442760706,0.02229951393790543,5.972721757888794,0.9998718783259392,1.0001290440559387,0.01588777226395905,0.0,0.16864553563296794,0.4680495882034302,0.7726732236146927,0.0,1.815756292671722e-05,6.671647786788527e-05,0.0011209194333059714,0.0035140377026982605,0.0999855025857687,0.1211330296471715
B,v3,bert.encoder.layer.9.attention.self.key,9,K,baseline,7,9,1.0,0.007936507936507936,0.007936507936507936,0.015873015873015872,0.0,False,8.85155117202885e-09,0.24056109316647054,0.24056108646094798,49.56833625793457,0.9993798476457596,1.0005791795253753,0.034340428821742534,0.0,0.028843583250418307,0.20234223268926144,0.5948456820845603,0.0,1.766683162713889e-05,0.00010352838569815503,0.0004434808621590491,0.0009735488126170821,0.5570914763212204,0.6638433040678501
B,v3,bert.encoder.layer.9.attention.output.dense,9,O,baseline,7,9,1.0,0.007936507936507936,0.007936507936507936,0.015873015873015872,0.0,False,0.10000381730496884,0.11990010358393192,0.0221070771291852,5.9368481755256655,0.9998735764622688,1.000127534866333,0.015800692178308963,0.0,0.1696118374168873,0.46937214002013206,0.7741585031151772,0.0,2.00568022319203e-05,7.711844631558051e-05,0.0012146609106275718,0.0037907103542238474,0.10000120867043734,0.12036916591227055
B,v3,bert.encoder.layer.9.attention.self.query,9,Q,baseline,7,9,1.0,0.007936507936507936,0.007936507936507936,0.015873015873015872,0.0,False,5.7921857887777154e-09,0.11676802419126034,0.11676801905035973,20.37436932563782,0.9994921386241913,1.0005006402730943,0.03090271714143455,0.0,0.057052243892103435,0.24966615550220012,0.6089743131399155,0.0,6.02462588403796e-06,2.5762950645003003e-05,0.0003106903747902834,0.0011985467257909477,2.119276274470394e-09,0.09848009191453456
B,v3,bert.encoder.layer.9.attention.self.value,9,V,baseline,7,9,1.0,0.007936507936507936,0.007936507936507936,0.015873015873015872,0.0,False,0.0,0.15328895837068557,0.15328895837068557,29.856232347488405,0.9995654967427253,1.0004215168952941,0.02876904744654894,0.0,0.0479737232811749,0.2658404278755188,0.6672625130414963,0.0,1.9512404815031914e-05,0.0001130612241468043,0.0009295896699768492,0.0015642919240053744,0.557091471850872,0.6251608335971832
B,v3,bert.encoder.layer.10.intermediate.dense,10,FFN1,baseline,7,9,1.0,0.007936507936507936,0.007936507936507936,0.015873015873015872,0.0,False,0.0009435132925864309,0.3687029464542866,0.3681067581474781,77.06626350402831,0.9975433218479156,1.0022234106063843,0.06767023511230946,0.0,0.013661942947655915,0.0672667783871293,0.3348917996883392,0.0,1.268247656753374e-05,4.181565131148091e-05,0.0008395212458708557,0.0031783651001751423,0.0008127800692454912,0.28498211249709127
B,v3,bert.encoder.layer.10.output.dense,10,FFN2,baseline,7,9,1.0,0.007936507936507936,0.007936507936507936,0.015873015873015872,0.0,False,0.09993030603975057,0.11997526198625565,0.022270452762022615,5.96129848241806,0.9998722890019417,1.0001289981603623,0.01585931190289557,0.0,0.1689802226424217,0.4691774374246597,0.7731157425045967,0.0,1.4395011230590172e-05,4.4413433479348895e-05,0.0011715220713085727,0.0036921764980070294,0.09996607329696416,0.12142163682729006
B,v3,bert.encoder.layer.10.attention.self.key,10,K,baseline,7,9,1.0,0.007936507936507936,0.007936507936507936,0.015873015873015872,0.0,False,0.0,0.24309730067849158,0.24309730067849158,50.80785085678101,0.9994286528229713,1.0005368334054947,0.033078019693493846,0.0,0.02890713113360107,0.20986558727920054,0.6135047143697738,0.0,1.284591089188325e-05,7.876057085013599e-05,0.0003319635028310586,0.0008565760374767706,0.557091471850872,0.6648417980968953
B,v3,bert.encoder.layer.10.attention.output.dense,10,O,baseline,7,9,1.0,0.007936507936507936,0.007936507936507936,0.015873015873015872,0.0,False,0.10001026440411806,0.12153692036867142,0.023918786235153675,6.422021663188934,0.9998509737849236,1.0001504683494569,0.01700372072868049,0.0,0.15745450481772422,0.4434204311668873,0.7483777990937233,0.0,1.8287648890691345e-05,5.3844815920456315e-05,0.0013534112236811779,0.004431798643199727,0.10001239646226168,0.12255203727632762
B,v3,bert.encoder.layer.10.attention.self.query,10,Q,baseline,7,9,1.0,0.007936507936507936,0.007936507936507936,0.015873015873015872,0.0,False,4.1653336779745585e-09,0.1430523071438074,0.14305230349302292,24.802853412628174,0.9994091552495956,1.0005824548006057,0.033289303835481406,0.0,0.04711509944871068,0.22604967638850212,0.5851265487074852,0.0,4.318858543683746e-06,1.3940881067355804e-05,0.00026896306979324436,0.0011433060848503374,1.0596381372351971e-08,0.1369985494017601
B,v3,bert.encoder.layer.10.attention.self.value,10,V,baseline,7,9,1.0,0.007936507936507936,0.007936507936507936,0.015873015873015872,0.0,False,8.641885074212041e-09,0.17080163024365902,0.17080162301659585,33.40789795875549,0.9995380288362503,1.000447006225586,0.029629372339695693,0.0,0.04294619105756283,0.2574614404141903,0.659925422668457,0.0,1.6624203694846074e-05,0.00012251511856447905,0.0006828703534847591,0.0014612145518185572,0.5570914763212204,0.6327744156122208
B,v3,bert.encoder.layer.11.intermediate.dense,11,FFN1,baseline,7,9,1.0,0.007936507936507936,0.007936507936507936,0.015873015873015872,0.0,False,0.0006064938165945932,0.2488232307881117,0.24836736753582955,44.74807588577271,0.9987674188613892,1.0011864268779755,0.04890101322904229,0.0,0.022641324233263732,0.10334320418536663,0.44791494101285934,0.0,6.944377673789859e-06,1.116771753913781e-05,0.0007198703417088837,0.002707396977348253,0.0006446785436128266,0.2181934757530689
B,v3,bert.encoder.layer.11.output.dense,11,FFN2,baseline,7,9,1.0,0.007936507936507936,0.007936507936507936,0.015873015873015872,0.0,False,0.10002254892140627,0.12210826888680458,0.024540305249392987,6.627270736694336,0.9998522105813027,1.0001993161439895,0.017192384749650954,0.0,0.15171676121652125,0.4128238944709301,0.7008921751379966,0.0,1.097417702567327e-05,1.5260197333191172e-05,0.001078147782727683,0.003676754403859377,0.10001740220934152,0.12204362962394953
B,v3,bert.encoder.layer.11.attention.self.key,11,K,baseline,7,9,1.0,0.007936507936507936,0.007936507936507936,0.015873015873015872,0.0,False,0.0,0.23668755792081356,0.23668755792081356,51.334154758453366,0.9994685235619545,1.0004935944080353,0.031856498522683976,0.0,0.030339782191440463,0.22161584869027137,0.6334955412149429,0.0,1.3117502194290864e-05,7.323013898712815e-05,0.0003385429050103994,0.0010287836944917216,0.557091471850872,0.6622177225351333
B,v3,bert.encoder.layer.11.attention.output.dense,11,O,baseline,7,9,1.0,0.007936507936507936,0.007936507936507936,0.015873015873015872,0.0,False,0.09999527465552091,0.12154359687119723,0.023942458918318154,6.434269702434539,0.9998554274439811,1.0001459646224975,0.016931720869615675,0.0,0.15633581191301346,0.4320953439176083,0.735942103266716,0.0,1.2029843092022929e-05,1.9092722786808737e-05,0.0012381015331629896,0.004709633060265332,0.10000722970813512,0.1220142773911357
B,v3,bert.encoder.layer.11.attention.self.query,11,Q,baseline,7,9,1.0,0.007936507936507936,0.007936507936507936,0.015873015873015872,0.0,False,0.0,0.17273337975144387,0.17273337975144387,29.943647975921632,0.999483659863472,1.000503391623497,0.03150394944474101,0.0,0.04051034886389971,0.23154769025743008,0.6196090388298034,0.0,2.324247811884561e-06,4.954051712502406e-06,0.00017852988164122508,0.0011790754547109828,4.238552548940788e-09,0.14921743534505366
B,v3,bert.encoder.layer.11.attention.self.value,11,V,baseline,7,9,1.0,0.007936507936507936,0.007936507936507936,0.015873015873015872,0.0,False,0.0,0.15361667327582837,0.15361667327582837,34.27700267791748,0.9995832458138466,1.00040614426136,0.028152820887044072,0.0,0.04784530222415924,0.27801193997263907,0.6854824981093407,0.0,1.4356728297570952e-05,0.00011008676083292812,0.000618727305700304,0.0020088407734874638,0.557091471850872,0.6253673610091209
B,v3,bert.encoder.layer.0.intermediate.dense,0,FFN1,sweep,8,8,1.0,0.003937007874015748,0.003937007874015748,0.007874015748031496,0.0,False,0.0024621107522398234,0.47271645575761795,0.4714153867959976,243.75359786987303,0.9992317366600036,1.0006573498249054,0.038184752725064754,0.0,0.004546448127366602,0.037527780681848526,0.26144159227609637,0.0,3.6222042617737315e-05,0.00012929779441037681,0.0006361354948603549,0.0017975332983769477,0.0028890503966249527,0.602044517993927
B,v3,bert.encoder.layer.0.output.dense,0,FFN2,sweep,8,8,1.0,0.003937007874015748,0.003937007874015748,0.007874015748031496,0.0,False,0.10001674696803092,0.11017913572490215,0.011291757309809327,6.091280703544617,0.9999673056602478,1.0000331473350526,0.008002688148990274,0.0,0.16570880621671677,0.46353735238313676,0.7697116887569427,0.0,2.3393310912069864e-05,8.696985532878898e-05,0.0005370562933967449,0.001742070660693571,0.09997862167656421,0.1105355378985405
B,v3,bert.encoder.layer.0.attention.self.key,0,K,sweep,8,8,1.0,0.003937007874015748,0.003937007874015748,0.007874015748031496,0.0,False,0.0,0.0582099249958992,0.0582099249958992,23.435864124298096,0.9998724466562271,1.0001271533966065,0.015460939360782504,0.0,0.053664831034839156,0.24446806073188782,0.6235362559556961,0.0,1.707733183138771e-05,5.5919649930729065e-05,0.00020271449800929987,0.00046357377897948026,0.5496744787693024,0.575940085053444
B,v3,bert.encoder.layer.0.attention.output.dense,0,O,sweep,8,8,1.0,0.003937007874015748,0.003937007874015748,0.007874015748031496,0.0,False,0.10000756338238716,0.11016135834157467,0.011282098926603795,6.116575870513916,0.9999665427207947,1.000033814907074,0.008065820839256048,0.0,0.16526362895965577,0.4622327795624733,0.7676306617259979,0.0,3.6151490930933506e-05,0.00013061298202956094,0.0007513217962696217,0.0024527766788378356,0.09999373577535152,0.11027237460017204
B,v3,bert.encoder.layer.0.attention.self.query,0,Q,sweep,8,8,1.0,0.003937007874015748,0.003937007874015748,0.007874015748031496,0.0,False,0.0,0.036641466915607455,0.036641466915607455,15.738680143356323,0.9998664385080338,1.0001319336891175,0.0158016783837229,0.0,0.06737614087760449,0.23920280501246452,0.5785719978809357,0.0,1.0386085623395047e-05,3.89720946077432e-05,0.00018927090051874983,0.0005446474146447145,0.0,0.044966469407081607
B,v3,bert.encoder.layer.0.attention.self.value,0,V,sweep,8,8,1.0,0.003937007874015748,0.003937007874015748,0.007874015748031496,0.0,False,0.0,0.04736874159425497,0.04736874159425497,19.622166481018066,0.9998790329694748,1.0001193976402283,0.014921797234565019,0.0,0.06386081628501415,0.26138910979032515,0.6298731398582459,0.0,3.077893656154629e-05,9.705437580123544e-05,0.00043731125391786917,0.0009563146776054055,0.5496744787693024,0.5710685074329376
B,v3,bert.encoder.layer.1.intermediate.dense,1,FFN1,sweep,8,8,1.0,0.003937007874015748,0.003937007874015748,0.007874015748031496,0.0,False,0.003003701448906213,0.4370720714330673,0.4353765895962715,204.35821655273438,0.9991299498081208,1.0007504534721374,0.0401804880425334,0.0,0.0054488095315173265,0.040978582799434664,0.25768586099147794,0.0,3.8940490667300766e-05,0.00014020849630469456,0.0006657555088168011,0.0017991784389596432,0.0045010164519771936,0.5298618406057358
B,v3,bert.encoder.layer.1.output.dense,1,FFN2,sweep,8,8,1.0,0.003937007874015748,0.003937007874015748,0.007874015748031496,0.0,False,0.10003769129514695,0.1103602446615696,0.011469984576106072,6.189285039901733,0.9999663597345352,1.0000342428684235,0.008102935813367367,0.0,0.16329502686858177,0.45900168746709824,0.766260011792183,0.0,2.779711869152379e-05,0.00010355328224250116,0.0006406296673230827,0.0020280570758040993,0.10003171816468238,0.11151251122355461
B,v3,bert.encoder.layer.1.attention.self.key,1,K,sweep,8,8,1.0,0.003937007874015748,0.003937007874015748,0.007874015748031496,0.0,False,0.0,0.08083834245800972,0.08083834245800972,30.04375425338745,0.9998541682958603,1.0001458084583283,0.016493054702878,0.0,0.044387913458049294,0.22763627678155898,0.6014436930418015,0.0,1.954993216713774e-05,7.316517618164652e-05,0.0003112449197215028,0.000970046618313063,0.5496744787693024,0.586190229356289
B,v3,bert.encoder.layer.1.attention.output.dense,1,O,sweep,8,8,1.0,0.003937007874015748,0.003937007874015748,0.007874015748031496,0.0,False,0.09996547020971774,0.11015947505831719,0.011326239602640271,6.136801543235779,0.9999666345119477,1.0000344443321227,0.008070420660078525,0.0,0.1645938776433468,0.46071372121572496,0.7668886929750443,0.0,3.5525908879208144e-05,0.000131595073180506,0.0008327241364168003,0.0025350332842208447,0.09998981572687626,0.11066202014684677
B,v3,bert.encoder.layer.1.attention.self.query,1,Q,sweep,8,8,1.0,0.003937007874015748,0.003937007874015748,0.007874015748031496,0.0,False,1.0132944225915708e-08,0.06550672136247158,0.06550671190023422,23.280330505371094,0.9998431074619293,1.0001590490341186,0.017159334439784287,0.0,0.04911707904189825,0.21294925078749657,0.5707387173175812,0.0,1.4780575156692066e-05,5.90949089746573e-05,0.00032772013611975125,0.001154143518069759,8.477105097881576e-09,0.07140496209263801
B,v3,bert.encoder.layer.1.attention.self.value,1,V,sweep,8,8,1.0,0.003937007874015748,0.003937007874015748,0.007874015748031496,0.0,False,1.2056327705067815e-08,0.07018385622650385,0.07018384490162134,26.109493999481202,0.9998566943407059,1.000143253803253,0.016139039704576134,0.0,0.051812948398292064,0.2402369900047779,0.6125845050811768,0.0,2.6943704160657944e-05,0.00010084482288220897,0.000573459250445012,0.0018126249511260539,0.5496744829416275,0.5813705769181251
B,v3,bert.encoder.layer.2.intermediate.dense,2,FFN1,sweep,8,8,1.0,0.003937007874015748,0.003937007874015748,0.007874015748031496,0.0,False,0.006401327010244131,0.38928297311067583,0.38534861743450166,157.57547439575194,0.9992652767896653,1.0006525707244873,0.0370773858204484,0.0,0.006901362068019807,0.047575611248612405,0.2874805241823196,0.0,3.3762433213269104e-05,0.00013767067961452994,0.0007134386108373292,0.0016969998239073903,0.00836192246992141,0.45255491226911543
B,v3,bert.encoder.layer.2.output.dense,2,FFN2,sweep,8,8,1.0,0.003937007874015748,0.003937007874015748,0.007874015748031496,0.0,False,0.10003016985952855,0.11282943524420261,0.014221898652613163,7.6932210445404055,0.999942746758461,1.0000581550598144,0.009873122274875641,0.0,0.13691676944494247,0.4182770901918411,0.7309513944387436,0.0,3.195337405486498e-05,0.0001404545507102739,0.000940061705186963,0.0030631943931803108,0.10002547018229961,0.115234155356884
B,v3,bert.encoder.layer.2.attention.self.key,2,K,sweep,8,8,1.0,0.003937007874015748,0.003937007874015748,0.007874015748031496,0.0,False,0.0,0.11495025493204594,0.11495025493204594,34.06652593612671,0.9998544925451278,1.0001424050331116,0.016537934131920336,0.0,0.040373040288686754,0.22204000473022462,0.5982805174589158,0.0,1.7589401395525783e-05,6.531697708851425e-05,0.0002670904768456239,0.0006710121856303886,0.5496744787693024,0.6020611390471459
B,v3,bert.encoder.layer.2.attention.output.dense,2,O,sweep,8,8,1.0,0.003937007874015748,0.003937007874015748,0.007874015748031496,0.0,False,0.10000772044062614,0.11086676098406315,0.012065697787329554,6.5325959777832034,0.9999617010354995,1.0000366842746735,0.008506614454090596,0.0,0.1560473708808422,0.4472059264779091,0.7559611731767655,0.0,3.298107665614225e-05,0.000130822829742101,0.000844796214660164,0.002456188868964091,0.09998050771653652,0.11255348272621632
B,v3,bert.encoder.layer.2.attention.self.query,2,Q,sweep,8,8,1.0,0.003937007874015748,0.003937007874015748,0.007874015748031496,0.0,False,0.0,0.19679038599133492,0.19679038599133492,27.501414642333984,0.9998288309574127,1.000167829990387,0.017724139057099818,0.0,0.039849374592304226,0.1946031041443348,0.5285701715946197,0.0,1.142368631917634e-05,4.8158202953345606e-05,0.0002492630810593255,0.0007228697056416422,4.238552548940788e-09,0.13958589106798172
B,v3,bert.encoder.layer.2.attention.self.value,2,V,sweep,8,8,1.0,0.003937007874015748,0.003937007874015748,0.007874015748031496,0.0,False,0.0,0.08042601011693477,0.08042601011693477,30.11028377532959,0.9998784250020981,1.000120837688446,0.015066561074927449,0.0,0.04699540197849274,0.2519266527891159,0.6493361175060273,0.0,2.9184831546444912e-05,0.00011215155151148792,0.0006803860407671892,0.0013990632124477997,0.5496744787693024,0.5860501477122306
B,v3,bert.encoder.layer.3.intermediate.dense,3,FFN1,sweep,8,8,1.0,0.003937007874015748,0.003937007874015748,0.007874015748031496,0.0,False,0.013210783097893,0.37702751994132994,0.3686878225207329,215.44215423583984,0.9993774700164795,1.0005579578876496,0.03421038430184126,0.0,0.00745227072853595,0.05201768610626459,0.31434410691261294,0.0,3.0768809610890455e-05,0.00012920697015943007,0.000738717140047811,0.0018733311688993127,0.014722570925951004,0.39703802675008776
B,v3,bert.encoder.layer.3.output.dense,3,FFN2,sweep,8,8,1.0,0.003937007874015748,0.003937007874015748,0.007874015748031496,0.0,False,0.1000504433363676,0.11124591685831547,0.012440110370516778,6.718656158447265,0.999959237575531,1.0000409078598023,0.008727493723854422,0.0,0.15214937448501586,0.4398470827937126,0.7494950866699219,0.0,2.8190981593070318e-05,0.0001232306619931478,0.0007941976664005779,0.002460818971740082,0.10003020890057086,0.11225459717214108
B,v3,bert.encoder.layer.3.attention.self.key,3,K,sweep,8,8,1.0,0.003937007874015748,0.003937007874015748,0.007874015748031496,0.0,False,8.042516128625721e-09,0.0795082551240921,0.0795082477480173,28.792023315429688,0.9998575609922409,1.000141339302063,0.016387165766209365,0.0,0.04396340824663639,0.22572901219129562,0.5998750758171082,0.0,1.792315197235439e-05,7.544548589066835e-05,0.000286754062253749,0.0006325779046164826,0.5496744829416275,0.5855387103557587
B,v3,bert.encoder.layer.3.attention.output.dense,3,O,sweep,8,8,1.0,0.003937007874015748,0.003937007874015748,0.007874015748031496,0.0,False,0.10001285277307033,0.11876109600067139,0.020831697192043065,11.251527309417725,0.9998754698038101,1.000124796628952,0.013604965452104807,0.0,0.1003652584552765,0.364692200422287,0.688305275440216,0.0,4.792342657310655e-05,0.00024064091441687197,0.0015634645719546825,0.005696556007023901,0.09999146439135075,0.12101172611117363
B,v3,bert.encoder.layer.3.attention.self.query,3,Q,sweep,8,8,1.0,0.003937007874015748,0.003937007874015748,0.007874015748031496,0.0,False,0.0,0.053373619355261324,0.053373619355261324,17.954356441497804,0.9998770523071289,1.0001223111152648,0.015144355911761522,0.0,0.06090945038944483,0.2533769778907299,0.6180783396959305,0.0,9.505730108685384e-06,4.1116721258731556e-05,0.00022846007166663185,0.0007485497716697864,0.0,0.06513900440186263
B,v3,bert.encoder.layer.3.attention.self.value,3,V,sweep,8,8,1.0,0.003937007874015748,0.003937007874015748,0.007874015748031496,0.0,False,8.362770245184947e-09,0.0667544074356556,0.06675439961254596,25.490603790283203,0.9998804003000259,1.0001186180114745,0.014855429641902446,0.0,0.05318707428872585,0.26201814860105516,0.6509747791290283,0.0,2.628722022564034e-05,0.00011710525577655063,0.0006426213469239884,0.0012457903404720127,0.5496744829416275,0.5798133727908135
B,v3,bert.encoder.layer.4.intermediate.dense,4,FFN1,sweep,8,8,1.0,0.003937007874015748,0.003937007874015748,0.007874015748031496,0.0,False,0.007183403386734426,0.3457368820905685,0.3410035091638565,172.11688308715821,0.9994110119342804,1.0005357801914214,0.03325848273932934,0.0,0.008742665015161038,0.05805560182780027,0.32499241560697556,0.0,3.0377083294297336e-05,0.00013474634215526748,0.0007578360382467508,0.0017226315569132567,0.007491705226711929,0.3453007358312607
B,v3,bert.encoder.layer.4.output.dense,4,FFN2,sweep,8,8,1.0,0.003937007874015748,0.003937007874015748,0.007874015748031496,0.0,False,0.09999528639018536,0.11101254299283028,0.012241335306316613,6.604797954559326,0.9999617677927017,1.0000393187999725,0.008564173383638263,0.0,0.15370385125279426,0.44066155940294266,0.7504754996299744,0.0,2.9112335923855425e-05,0.00012743369603413157,0.0008593261492205784,0.002565736247925088,0.0999758029729128,0.11181464426219463
B,v3,bert.encoder.layer.4.attention.self.key,4,K,sweep,8,8,1.0,0.003937007874015748,0.003937007874015748,0.007874015748031496,0.0,False,1.2956053296875324e-08,0.10847949609160423,0.10847948461771012,38.48187702178955,0.9998211008310318,1.0001774060726165,0.01829822555184364,0.0,0.03382283546030521,0.19546872332692147,0.559664916396141,0.0,1.9116632729492266e-05,8.905375405447557e-05,0.00034789638448273763,0.000748471457627602,0.5496744829416275,0.598645598590374
B,v3,bert.encoder.layer.4.attention.output.dense,4,O,sweep,8,8,1.0,0.003937007874015748,0.003937007874015748,0.007874015748031496,0.0,False,0.0999646782130003,0.11577420063316822,0.01756545029580593,9.4891934299469,0.9999106073379517,1.0000894856452942,0.011777421934530139,0.0,0.11570267371833325,0.3879703778028488,0.7075170046091079,0.0,4.057686179294251e-05,0.00020951242375303992,0.0014223569416208193,0.004904562535230071,0.09996189177036285,0.11687614478170871
B,v3,bert.encoder.layer.4.attention.self.query,4,Q,sweep,8,8,1.0,0.003937007874015748,0.003937007874015748,0.007874015748031496,0.0,False,8.857709872245324e-09,0.06607465993613004,0.06607465166598558,22.57973035812378,0.999858313202858,1.0001438641548157,0.016304878611117603,0.0,0.05070888247340918,0.22958773195743562,0.5899663126468658,0.0,1.0284266581948031e-05,4.409388850035611e-05,0.00026325456870836207,0.0008166232155053877,8.477105097881576e-09,0.058385434187948705
B,v3,bert.encoder.layer.4.attention.self.value,4,V,sweep,8,8,1.0,0.003937007874015748,0.003937007874015748,0.007874015748031496,0.0,False,2.8813568064833818e-08,0.07089311994612217,0.07089309312403203,25.388412799835205,0.9998884946107864,1.0001107239723206,0.014488294199109077,0.0,0.05128406904637814,0.26558833092451095,0.6594580787420273,0.0,1.947176298017439e-05,8.579917968745576e-05,0.0007702024496393278,0.001342141517670825,0.5496744918823242,0.5816789555549622
B,v3,bert.encoder.layer.5.intermediate.dense,5,FFN1,sweep,8,8,1.0,0.003937007874015748,0.003937007874015748,0.007874015748031496,0.0,False,0.007613696525804698,0.31274728357791903,0.30747493237257006,111.50628036499023,0.999470962882042,1.0004911613464356,0.031473213247954844,0.0,0.010291368309408426,0.06498627550899982,0.34836302608251574,0.0,2.7851804061356235e-05,0.00012312864128034563,0.0008217916224384681,0.0019901532575022428,0.006362164868041873,0.2845727699995041
B,v3,bert.encoder.layer.5.output.dense,5,FFN2,sweep,8,8,1.0,0.003937007874015748,0.003937007874015748,0.007874015748031496,0.0,False,0.10004334658384323,0.11072451882064342,0.011868542041629553,6.414164366722107,0.9999641370773316,1.0000362992286682,0.008346691261976957,0.0,0.15772205397486685,0.4475284096598625,0.7566027790307999,0.0,2.780005685053766e-05,0.00012553915345051792,0.0008916109686833806,0.0026392411440610886,0.10001372940838336,0.11095764636993408
B,v3,bert.encoder.layer.5.attention.self.key,5,K,sweep,8,8,1.0,0.003937007874015748,0.003937007874015748,0.007874015748031496,0.0,False,1.825702099722548e-08,0.11522350944578648,0.11522349327802658,37.45224227905273,0.9998349386453629,1.0001621627807618,0.0176968857832253,0.0,0.03395713124424219,0.19999375075101852,0.5709666907787323,0.0,1.698712363577215e-05,8.510691295668949e-05,0.0003427511529298499,0.0007234269232139922,0.549674487709999,0.6016860488057136
B,v3,bert.encoder.layer.5.attention.output.dense,5,O,sweep,8,8,1.0,0.003937007874015748,0.003937007874015748,0.007874015748031496,0.0,False,0.10000771015882493,0.11499462850391864,0.01665227171033621,8.99217734336853,0.999921265244484,1.0000792706012727,0.011291036456823349,0.0,0.119405667334795,0.3905051612854004,0.7090167224407196,0.0,3.927634865249274e-05,0.00019993464273284188,0.0013740104681346566,0.004277317565865814,0.09998754367232322,0.11648652881383896
B,v3,bert.encoder.layer.5.attention.self.query,5,Q,sweep,8,8,1.0,0.003937007874015748,0.003937007874015748,0.007874015748031496,0.0,False,1.00006400316488e-08,0.10648681826889515,0.10648680940270423,28.659850902557373,0.9998461049795151,1.000149050951004,0.016905014216899873,0.0,0.042517642080783846,0.22278117284178733,0.5859195071458817,0.0,1.0065186856991203e-05,4.468687624466838e-05,0.0002873597602592781,0.0009286781353875995,1.2715657646822365e-08,0.08830800510942936
B,v3,bert.encoder.layer.5.attention.self.value,5,V,sweep,8,8,1.0,0.003937007874015748,0.003937007874015748,0.007874015748031496,0.0,False,0.0,0.07848168186843395,0.07848168186843395,24.862346591949464,0.9998987692594529,1.0001001381874084,0.01389219262637198,0.0,0.05146392997354269,0.27750131726264954,0.6736087524890899,0.0,1.7869821431304444e-05,8.507592989190016e-05,0.0008791753847617656,0.0014009591739159077,0.5496744787693024,0.5851070585846901
B,v3,bert.encoder.layer.6.intermediate.dense,6,FFN1,sweep,8,8,1.0,0.003937007874015748,0.003937007874015748,0.007874015748031496,0.0,False,0.004113958782982081,0.3088668832182884,0.3060120561718941,104.11286560058593,0.9994499957561493,1.0005086278915405,0.032196833547204734,0.0,0.01022490106523037,0.06307111453264952,0.3407493811845779,0.0,2.9406115027086342e-05,0.00013562666412326508,0.0009392027417197824,0.002238965875003487,0.0033237298647873104,0.2680195137858391
B,v3,bert.encoder.layer.6.output.dense,6,FFN2,sweep,8,8,1.0,0.003937007874015748,0.003937007874015748,0.007874015748031496,0.0,False,0.09997479856014252,0.11031169526278972,0.011485116882249713,6.212137956619262,0.9999663722515106,1.0000337672233581,0.008122485168278216,0.0,0.1624361477792263,0.4557428827881813,0.7637129133939743,0.0,2.674465535164927e-05,0.00012260925577720628,0.0009319838284864091,0.002715772585943341,0.09998434364795684,0.11048194125294686
B,v3,bert.encoder.layer.6.attention.self.key,6,K,sweep,8,8,1.0,0.003937007874015748,0.003937007874015748,0.007874015748031496,0.0,False,0.0,0.12036554366350175,0.12036554366350175,42.82511699676514,0.9998076373338699,1.0001878201961518,0.019027995578944683,0.0,0.031178676076233387,0.18482885539531707,0.537271101474762,0.0,1.7598100030227214e-05,9.234386830939911e-05,0.00046232781722210347,0.0009877528686774895,0.5496744787693024,0.6039694964885711
B,v3,bert.encoder.layer.6.attention.output.dense,6,O,sweep,8,8,1.0,0.003937007874015748,0.003937007874015748,0.007874015748031496,0.0,False,0.10003071539103985,0.11244970828294754,0.013799349069595337,7.444379711151123,0.9999487000703812,1.0000513863563538,0.009564609695225955,0.0,0.1390930114686489,0.418814602792263,0.7321594667434692,0.0,3.273656911915168e-05,0.00015634639137715567,0.0012082012475002556,0.00371581349754706,0.1000069435685873,0.11199746951460839
B,v3,bert.encoder.layer.6.attention.self.query,6,Q,sweep,8,8,1.0,0.003937007874015748,0.003937007874015748,0.007874015748031496,0.0,False,9.010957455757307e-09,0.10190572842955589,0.10190572030842304,31.41800235748291,0.9998278176784515,1.000170806646347,0.017861270476132632,0.0,0.04028994079679251,0.20754581898450852,0.5709818226099014,0.0,1.051761021699349e-05,4.8360512810177166e-05,0.00031768530025146904,0.0010632207308663055,1.2715657646822365e-08,0.07754675231873989
B,v3,bert.encoder.layer.6.attention.self.value,6,V,sweep,8,8,1.0,0.003937007874015748,0.003937007874015748,0.007874015748031496,0.0,False,0.0,0.07182574845850467,0.07182574845850467,24.87709508895874,0.9998966646194458,1.00010284781456,0.014028124446049332,0.0,0.051617524176836016,0.27399112105369566,0.6718616145849228,0.0,1.727538185150479e-05,8.66325454262551e-05,0.0008879938808968291,0.0014262586971744895,0.5496744787693024,0.5820852148532868
B,v3,bert.encoder.layer.7.intermediate.dense,7,FFN1,sweep,8,8,1.0,0.003937007874015748,0.003937007874015748,0.007874015748031496,0.0,False,0.004193770480342209,0.3085572749376297,0.30564567625522615,113.80030990600586,0.9992210173606872,1.0007160687446595,0.03777026131749153,0.0,0.009549209391698241,0.05603808961808682,0.2998235195875168,0.0,3.3721413474268046e-05,0.00015416355985507833,0.001100570105481893,0.0028205490624532105,0.0030160925444215536,0.24530970737338065
B,v3,bert.encoder.layer.7.output.dense,7,FFN2,sweep,8,8,1.0,0.003937007874015748,0.003937007874015748,0.007874015748031496,0.0,False,0.09993688456714153,0.11010885640978813,0.011301406295970082,6.1229087924957275,0.9999669557809829,1.0000324153900146,0.008053409587591886,0.0,0.1647543030977249,0.45962746411561967,0.7656549316644669,0.0,2.5802836444199783e-05,0.00011392170221370179,0.0009752835493418388,0.003038963507860899,0.09996824130415917,0.11018461972475052
B,v3,bert.encoder.layer.7.attention.self.key,7,K,sweep,8,8,1.0,0.003937007874015748,0.003937007874015748,0.007874015748031496,0.0,False,0.0,0.1623393128812313,0.1623393128812313,59.123864364624026,0.9997821062803268,1.0002098739147187,0.02027975931763649,0.0,0.023807547129690645,0.16566870734095573,0.5152054578065872,0.0,1.5072816495376173e-05,8.752983216254506e-05,0.000465945292962715,0.0010857126396149398,0.5496744787693024,0.622982040643692
B,v3,bert.encoder.layer.7.attention.output.dense,7,O,sweep,8,8,1.0,0.003937007874015748,0.003937007874015748,0.007874015748031496,0.0,False,0.10004383824765682,0.11111043274402618,0.012296818662434816,6.6494670104980464,0.9999602091312408,1.0000389456748962,0.008668548623099924,0.0,0.15310632616281508,0.44013835072517393,0.7494238924980163,0.0,2.8737029224430445e-05,0.00012695957026153336,0.0011650842404924333,0.003309774904046208,0.09998546242713928,0.11076321147382259
B,v3,bert.encoder.layer.7.attention.self.query,7,Q,sweep,8,8,1.0,0.003937007874015748,0.003937007874015748,0.007874015748031496,0.0,False,0.0,0.12614989891648293,0.12614989891648293,32.606607322692874,0.9998530507087707,1.000141532421112,0.016684159729629756,0.0,0.03656197022646666,0.2171732047200203,0.59237812936306,0.0,7.817621735739522e-06,3.3340088739350906e-05,0.0002526396496978123,0.0009281944343820215,4.238552548940788e-09,0.09533301137387752
B,v3,bert.encoder.layer.7.attention.self.value,7,V,sweep,8,8,1.0,0.003937007874015748,0.003937007874015748,0.007874015748031496,0.0,False,0.0,0.09769649468362332,0.09769649468362332,34.46774766921997,0.9998854649066925,1.000114153623581,0.014796396717429161,0.0,0.03942719738930464,0.251484737098217,0.6659355860948563,0.0,1.7086252373701427e-05,9.179028402286348e-05,0.0010002912068739532,0.0015179343021009116,0.5496744787693024,0.5937580963969231
B,v3,bert.encoder.layer.8.intermediate.dense,8,FFN1,sweep,8,8,1.0,0.003937007874015748,0.003937007874015748,0.007874015748031496,0.0,False,0.0022549204993993046,0.30462776869535446,0.3030563226342201,112.14067001342774,0.9992535698413849,1.0006834483146667,0.03709652852267027,0.0,0.009847679417580366,0.05536839880049229,0.30312098771333695,0.0,2.5373106327606366e-05,0.00011854324802698101,0.0010953501678886823,0.002980663136113435,0.0017466216755565255,0.22636904805898667
B,v3,bert.encoder.layer.8.output.dense,8,FFN2,sweep,8,8,1.0,0.003937007874015748,0.003937007874015748,0.007874015748031496,0.0,False,0.0999671210348606,0.11018020749092101,0.011347463773563504,6.142079267501831,0.999966527223587,1.0000323486328124,0.008093440551310777,0.0,0.16428469493985176,0.45859264075756073,0.7639151126146316,0.0,2.20730450382689e-05,9.511991745966952e-05,0.0010599330184049905,0.003801608157809824,0.09997459061443806,0.11022605143487453
B,v3,bert.encoder.layer.8.attention.self.key,8,K,sweep,8,8,1.0,0.003937007874015748,0.003937007874015748,0.007874015748031496,0.0,False,0.0,0.1302152106910944,0.1302152106910944,45.95655628204346,0.9998149514198303,1.000182867050171,0.018712689429521562,0.0,0.02896189535036683,0.18488943994045257,0.5518059056997299,0.0,2.082646060443949e-05,0.00010740560603153426,0.0004780029458925128,0.0009821361972717569,0.5496744787693024,0.6084155514836311
B,v3,bert.encoder.layer.8.attention.output.dense,8,O,sweep,8,8,1.0,0.003937007874015748,0.003937007874015748,0.007874015748031496,0.0,False,0.09996380403637886,0.11048674084246159,0.01169168196618557,6.321330180168152,0.9999646294116974,1.0000364756584168,0.008285458534955978,0.0,0.15993552699685096,0.4506831821799278,0.7580640500783921,0.0,2.5904011417878793e-05,0.00011099577430286445,0.0013003430276876315,0.0037634178530424832,0.09996522776782513,0.11034229792654514
B,v3,bert.encoder.layer.8.attention.self.query,8,Q,sweep,8,8,1.0,0.003937007874015748,0.003937007874015748,0.007874015748031496,0.0,False,9.595307801646413e-09,0.09630952090024948,0.09630951233208179,29.357966957092284,0.9998094868659974,1.000188080072403,0.018535307701677085,0.0,0.043076857328414916,0.20898586466908456,0.5550640881061554,0.0,9.539038364891894e-06,4.726512710476527e-05,0.00042084194385097365,0.001567408404662274,8.477105097881576e-09,0.07744000405073166
B,v3,bert.encoder.layer.8.attention.self.value,8,V,sweep,8,8,1.0,0.003937007874015748,0.003937007874015748,0.007874015748031496,0.0,False,1.0132944225915708e-08,0.0683720737695694,0.06837206430733204,25.008648166656496,0.9998944675922394,1.0001028287410736,0.014148135995492339,0.0,0.052671701945364476,0.2723624113202095,0.6693642562627793,0.0,1.8970400478792726e-05,9.962683107005433e-05,0.0010158954851794987,0.0016875048889778553,0.5496744829416275,0.5805150678753853
B,v3,bert.encoder.layer.9.intermediate.dense,9,FFN1,sweep,8,8,1.0,0.003937007874015748,0.003937007874015748,0.007874015748031496,0.0,False,0.004776735082268715,0.27703171730041504,0.273561883866787,96.05960647583008,0.9992668032646179,1.0006806612014771,0.03660412296652794,0.0,0.011396927153691649,0.05995069660246372,0.3104549467563629,0.0,1.8096978255925932e-05,7.361261501500848e-05,0.0009972264181124047,0.0034661936410702765,0.003913807389326393,0.2016785430908203
B,v3,bert.encoder.layer.9.output.dense,9,FFN2,sweep,8,8,1.0,0.003937007874015748,0.003937007874015748,0.007874015748031496,0.0,False,0.0999902655929327,0.11017215497791767,0.01131308065727353,6.104384717941284,0.9999670612812043,1.0000335788726806,0.008038671696558594,0.0,0.165164777636528,0.4604550501704216,0.7657734942436218,0.0,1.8740462855930673e-05,6.685998298053164e-05,0.0011192294993088582,0.003994839417282492,0.09998103328049184,0.11033629588782787
B,v3,bert.encoder.layer.9.attention.self.key,9,K,sweep,8,8,1.0,0.003937007874015748,0.003937007874015748,0.007874015748031496,0.0,False,0.0,0.1463635742664337,0.1463635742664337,49.49580879211426,0.9998404669761658,1.0001547157764434,0.017378578558564187,0.0,0.028785352408885957,0.20163327127695083,0.5919959086179734,0.0,1.6731479772715828e-05,9.84325860190438e-05,0.0004390547247021459,0.0009622142795706167,0.5496744787693024,0.6157958418130874
B,v3,bert.encoder.layer.9.attention.output.dense,9,O,sweep,8,8,1.0,0.003937007874015748,0.003937007874015748,0.007874015748031496,0.0,False,0.09999036267399788,0.11000054597854614,0.01112230684608221,6.034953889846801,0.9999679064750672,1.0000319039821626,0.007952763456851244,0.0,0.1669607123732567,0.4634573370218277,0.7688442713022232,0.0,2.0750341245729942e-05,7.751179193292046e-05,0.0012116504495497792,0.0039819023292511704,0.09999584265053273,0.1100739973783493
B,v3,bert.encoder.layer.9.attention.self.query,9,Q,sweep,8,8,1.0,0.003937007874015748,0.003937007874015748,0.007874015748031496,0.0,False,2.0372418703118456e-08,0.06635524272918701,0.0663552238047123,21.199220657348633,0.999871169924736,1.0001281774044037,0.015538745578378439,0.0,0.05565877091139555,0.24736695975065232,0.6057405668497086,0.0,5.933983584327507e-06,2.503736104699783e-05,0.00030439741894952024,0.0012263617751887069,8.477105097881576e-09,0.054498304091393945
B,v3,bert.encoder.layer.9.attention.self.value,9,V,sweep,8,8,1.0,0.003937007874015748,0.003937007874015748,0.007874015748031496,0.0,False,0.0,0.08706574834883213,0.08706574834883213,30.352080116271974,0.9998907607793808,1.000107991695404,0.014402521243318915,0.0,0.047464221082627774,0.26467542320489884,0.6673618030548095,0.0,1.872417695267359e-05,0.00010825686367752497,0.0009528074291301891,0.001712491001235321,0.5496744787693024,0.5890410038828849
B,v3,bert.encoder.layer.10.intermediate.dense,10,FFN1,sweep,8,8,1.0,0.003937007874015748,0.003937007874015748,0.007874015748031496,0.0,False,0.0027734935795888306,0.2311922690272331,0.229054234623909,72.39107604980468,0.9994124066829682,1.0005573642253875,0.032981656603515146,0.0,0.014545817011967301,0.07122957646846771,0.34778530567884447,0.0,1.1767485211748863e-05,3.767632613744354e-05,0.0007677619383321143,0.0030192787665873767,0.002167917911428958,0.16953662306070327
B,v3,bert.encoder.layer.10.output.dense,10,FFN2,sweep,8,8,1.0,0.003937007874015748,0.003937007874015748,0.007874015748031496,0.0,False,0.09993514992296695,0.11002461306750774,0.011209709960967302,6.05162362575531,0.9999673020839691,1.0000330364704133,0.008009623968973756,0.0,0.1666417206823826,0.4623581352829933,0.7637405216693878,0.0,1.4838529750704765e-05,4.3232337338849904e-05,0.001100962703494588,0.004030762228649109,0.09995832756161689,0.1102765116840601
B,v3,bert.encoder.layer.10.attention.self.key,10,K,sweep,8,8,1.0,0.003937007874015748,0.003937007874015748,0.007874015748031496,0.0,False,1.2353731335679186e-08,0.1507546477019787,0.15075463727116584,51.533708152771,0.9998525494337082,1.0001438581943511,0.016774980146437884,0.0,0.028289077039808035,0.2078699614107609,0.6109811520576477,0.0,1.2921868237754098e-05,7.948444697831292e-05,0.0003411727682396304,0.0009227664442732931,0.5496744829416275,0.6176959928870202
B,v3,bert.encoder.layer.10.attention.output.dense,10,O,sweep,8,8,1.0,0.003937007874015748,0.003937007874015748,0.007874015748031496,0.0,False,0.10002110354602337,0.1102914820611477,0.011411794815212489,6.178110284805298,0.9999660414457321,1.0000345730781555,0.008154550176113844,0.0,0.16331920892000198,0.4540708312392235,0.7578884816169739,0.0,1.750202684888791e-05,5.1243541529402135e-05,0.0012725734675768762,0.004088902783114463,0.10001405581831932,0.1105493425577879
B,v3,bert.encoder.layer.10.attention.self.query,10,Q,sweep,8,8,1.0,0.003937007874015748,0.003937007874015748,0.007874015748031496,0.0,False,1.6994188740682148e-08,0.06922730226069689,0.06922728639096022,22.92688611984253,0.999871044754982,1.0001295840740203,0.015632108207792043,0.0,0.05061505030840635,0.23884902238845826,0.6082444417476655,0.0,3.923944011603453e-06,1.2420920793374535e-05,0.00023921243748191047,0.0011063510412350297,8.477105097881576e-09,0.06990251012146473
B,v3,bert.encoder.layer.10.attention.self.value,10,V,sweep,8,8,1.0,0.003937007874015748,0.003937007874015748,0.007874015748031496,0.0,False,9.623676078263088e-09,0.09763083599507809,0.09763082727789879,33.67709260940552,0.9998839247226715,1.0001161897182465,0.014843468144536019,0.0,0.04247504476457834,0.25627819553017617,0.659779103398323,0.0,1.7267543844354803e-05,0.00012421753956004978,0.0007073628777288832,0.0015059643180575222,0.5496744829416275,0.5937156057357789
B,v3,bert.encoder.layer.11.intermediate.dense,11,FFN1,sweep,8,8,1.0,0.003937007874015748,0.003937007874015748,0.007874015748031496,0.0,False,0.0011664980463683605,0.15666188880801202,0.15567698821425438,47.414951972961425,0.9996717244386673,1.000322471857071,0.025203895159065723,0.0,0.02132555266842246,0.0987812502682209,0.43766026705503464,0.0,7.624362515343819e-06,1.1065916787629248e-05,0.0006652017910892027,0.002889560032635927,0.0011392752500250937,0.13297524146735668
B,v3,bert.encoder.layer.11.output.dense,11,FFN2,sweep,8,8,1.0,0.003937007874015748,0.003937007874015748,0.007874015748031496,0.0,False,0.10002558931708336,0.11103643052279949,0.012234610905870795,6.890453634262085,0.9999610292911529,1.0000370514392853,0.008811055459082126,0.0,0.1461338321864605,0.4079624116420746,0.6998932296037674,0.0,1.156317056484113e-05,1.5367496380349622e-05,0.000919791572378017,0.0037178406980820002,0.10001338191330433,0.11194634824991226
B,v3,bert.encoder.layer.11.attention.self.key,11,K,sweep,8,8,1.0,0.003937007874015748,0.003937007874015748,0.007874015748031496,0.0,False,0.0,0.14196881294250488,0.14196881294250488,50.57011951446533,0.9998663157224655,1.0001300978660583,0.015973427444696427,0.0,0.030706151481717826,0.22297579258680345,0.6338608539104462,0.0,1.2521955131887807e-05,6.825987544289092e-05,0.0003100709177670069,0.0010556151741184295,0.5496744787693024,0.6139036720991135
B,v3,bert.encoder.layer.11.attention.output.dense,11,O,sweep,8,8,1.0,0.003937007874015748,0.003937007874015748,0.007874015748031496,0.0,False,0.09997302778065205,0.1105022694170475,0.011698800334706903,6.3484039926528935,0.9999647325277329,1.0000365555286408,0.008364853663370014,0.0,0.15841563165187836,0.43388351917266843,0.7313576382398606,0.0,1.2284882704989287e-05,1.8898031194112263e-05,0.0010949916516256053,0.005004087986890227,0.09999870382249355,0.11075946033000945
B,v3,bert.encoder.layer.11.attention.self.query,11,Q,sweep,8,8,1.0,0.003937007874015748,0.003937007874015748,0.007874015748031496,0.0,False,0.0,0.08658588364720345,0.08658588364720345,27.273261966705324,0.9998775696754456,1.0001212966442108,0.015284256730228662,0.0,0.04405381079763174,0.2426691910624504,0.6296823608875275,0.0,2.0533902363695235e-06,4.366162504538806e-06,0.0001496660999055166,0.0011534391605528072,0.0,0.08082109719514846
B,v3,bert.encoder.layer.11.attention.self.value,11,V,sweep,8,8,1.0,0.003937007874015748,0.003937007874015748,0.007874015748031496,0.0,False,0.0,0.0890517394989729,0.0890517394989729,35.371198959350586,0.9998944920301437,1.0001055431365966,0.014155114898458124,0.0,0.04628790322691202,0.27513070225715636,0.6803352618217469,0.0,1.459574258660723e-05,0.00011086222461017315,0.0006461883560405113,0.0019804299849784,0.5496744787693024,0.5899845990538597
B,v3,bert.encoder.layer.0.intermediate.dense,0,FFN1,sweep,10,10,1.0,0.0009784735812133072,0.0009784735812133072,0.0019569471624266144,0.0,False,0.00015312031231587753,0.2666828739643097,0.26657058417797086,243.39169570922851,0.9999456948041916,1.0000508606433869,0.010110518913716077,0.0,0.004554534396156669,0.03756387803703547,0.2618174907565117,0.0,3.573566769773606e-05,0.00012731288734357804,0.0006233277544379234,0.0018282605148851872,0.00018313937936909497,0.4045755475759506
B,v3,bert.encoder.layer.0.output.dense,0,FFN2,sweep,10,10,1.0,0.0009784735812133072,0.0009784735812133072,0.0019569471624266144,0.0,False,0.10001674696803092,0.10254311345517636,0.0028071267367340623,6.0907460832595826,0.9999979853630065,1.000001975297928,0.001988680432550609,0.0,0.16574616611003876,0.4635740208625794,0.7696300446987152,0.0,2.3103488583728904e-05,8.54642219201196e-05,0.0005363007562118583,0.0017617638187948615,0.09997862592339515,0.10260590128600597
B,v3,bert.encoder.layer.0.attention.self.key,0,K,sweep,10,10,1.0,0.0009784735812133072,0.0009784735812133072,0.0019569471624266144,0.0,False,1.0309448725820402e-08,0.014953367095440626,0.014953356944024563,23.489901027679444,0.9999920958280564,1.0000081938505172,0.0038486625044606626,0.0,0.0535329694673419,0.2440544082224369,0.6231194984912872,0.0,1.6875304308996418e-05,5.576384188316297e-05,0.00020185422210488468,0.000450690638681408,0.5496744829416275,0.5564243379235267
B,v3,bert.encoder.layer.0.attention.output.dense,0,O,sweep,10,10,1.0,0.0009784735812133072,0.0009784735812133072,0.0019569471624266144,0.0,False,0.1000075713545084,0.10253764577209949,0.002811219634022564,6.11490140914917,0.9999979311227798,1.0000024342536926,0.0020041039818897845,0.0,0.1652872858941555,0.46238944828510287,0.7678301131725311,0.0,3.566801980923629e-05,0.0001279653504752787,0.0007468968222383409,0.002449230698402971,0.09999373994767666,0.10255481377243995
B,v3,bert.encoder.layer.0.attention.self.query,0,Q,sweep,10,10,1.0,0.0009784735812133072,0.0009784735812133072,0.0019569471624266144,0.0,False,0.0,0.009151808125898242,0.009151808125898242,15.746618194580078,0.9999917489290238,1.0000083422660828,0.003928235047496855,0.0,0.06733321994543076,0.23912644907832145,0.5781078791618347,0.0,1.0262039122608257e-05,3.8432345954788614e-05,0.00018912391999037937,0.0005386854271637276,1.2715657646822365e-08,0.011506263017654419
B,v3,bert.encoder.layer.0.attention.self.value,0,V,sweep,10,10,1.0,0.0009784735812133072,0.0009784735812133072,0.0019569471624266144,0.0,False,9.588242164682016e-09,0.012029538797214627,0.012029529325664043,19.595098762512208,0.99999252140522,1.00000785946846,0.0037050957162864506,0.0,0.0640850243344903,0.2621171224117279,0.6305341041088104,0.0,3.031970434676623e-05,9.635071917728055e-05,0.00043910992768360303,0.000959661002852954,0.5496744835376739,0.5551083946228027
B,v3,bert.encoder.layer.1.intermediate.dense,1,FFN1,sweep,10,10,1.0,0.0009784735812133072,0.0009784735812133072,0.0019569471624266144,0.0,False,0.0002456287397944834,0.23357407629489899,0.23338580057024955,201.93965087890626,0.9999389261007309,1.0000576102733612,0.010593359963968397,0.0,0.005504825646057725,0.04108756698668003,0.25784886330366136,0.0,3.838853215711424e-05,0.00013799347601889167,0.0006517838418949396,0.0018001344182994217,0.0003701877626008354,0.2911576864123344
B,v3,bert.encoder.layer.1.output.dense,1,FFN2,sweep,10,10,1.0,0.0009784735812133072,0.0009784735812133072,0.0019569471624266144,0.0,False,0.1000377095490694,0.10260573789477348,0.0028534830082207916,6.191838631629944,0.9999979102611541,1.000002179145813,0.002014123334083706,0.0,0.1632567374408245,0.4589657741785049,0.7661506551504135,0.0,2.7506862679729238e-05,0.00010213778259640093,0.0006376940946211107,0.001995366712799296,0.10003172658383847,0.10289361402392387
B,v3,bert.encoder.layer.1.attention.self.key,1,K,sweep,10,10,1.0,0.0009784735812133072,0.0009784735812133072,0.0019569471624266144,0.0,False,0.0,0.02199828576296568,0.02199828576296568,30.008165435791014,0.9999909549951553,1.000008351802826,0.004104439048096538,0.0,0.04444165624678135,0.22791490718722343,0.60172856092453,0.0,1.9270066513854544e-05,7.201116492069559e-05,0.00030266804635175503,0.0009281772194663063,0.5496744787693024,0.5596189203858376
B,v3,bert.encoder.layer.1.attention.output.dense,1,O,sweep,10,10,1.0,0.0009784735812133072,0.0009784735812133072,0.0019569471624266144,0.0,False,0.09996547020971774,0.10249857999384403,0.002814456068444997,6.126901769638062,0.999997940659523,1.0000021344423293,0.002002579083200544,0.0,0.16482689812779427,0.4612166094779968,0.7672903501987457,0.0,3.509225934976712e-05,0.00012930663469887805,0.0008175389585085213,0.0024901080993004142,0.09998981572687626,0.1026387157291174
B,v3,bert.encoder.layer.1.attention.self.query,1,Q,sweep,10,10,1.0,0.0009784735812133072,0.0009784735812133072,0.0019569471624266144,0.0,False,0.0,0.018195767905563116,0.018195767905563116,23.21967374801636,0.9999903011322021,1.0000104266405105,0.0042675728350877766,0.0,0.04909212850034237,0.21289173901081085,0.5707799655199051,0.0,1.4553553301084321e-05,5.7823754832497795e-05,0.00031664617272326724,0.0011816744599491358,1.2715657646822365e-08,0.020991554483771324
B,v3,bert.encoder.layer.1.attention.self.value,1,V,sweep,10,10,1.0,0.0009784735812133072,0.0009784735812133072,0.0019569471624266144,0.0,False,1.1492351177366799e-08,0.019187507927417757,0.019187496658414602,26.085985431671144,0.9999911248683929,1.0000089138746262,0.004013088308274746,0.0,0.05189012736082077,0.2405108915269375,0.61281429708004,0.0,2.6462182249815667e-05,9.921523473167326e-05,0.0005654818669427186,0.0017824759799987078,0.5496744835376739,0.5583412882685661
B,v3,bert.encoder.layer.2.intermediate.dense,2,FFN1,sweep,10,10,1.0,0.0009784735812133072,0.0009784735812133072,0.0019569471624266144,0.0,False,0.0006052408105460926,0.19485613569617272,0.19436854735016823,154.08023818969727,0.9999496561288833,1.0000484991073608,0.00965200325474143,0.0,0.0070657613128423695,0.04811843458563089,0.2906098738312721,0.0,3.300076237792382e-05,0.00013412085638265126,0.0007174668967491016,0.0016435416880995035,0.0008170880278339609,0.24533067390322685
B,v3,bert.encoder.layer.2.output.dense,2,FFN2,sweep,10,10,1.0,0.0009784735812133072,0.0009784735812133072,0.0019569471624266144,0.0,False,0.10003016985952855,0.10308971501886845,0.0033996109128929673,7.388015422821045,0.9999968022108078,1.000003068447113,0.0023684048280119894,0.0,0.14102506548166274,0.4237736713886261,0.7353653073310852,0.0,3.079854517636704e-05,0.0001327217143989401,0.000879060857114382,0.002942567482823506,0.10002547018229961,0.10354665160179138
B,v3,bert.encoder.layer.2.attention.self.key,2,K,sweep,10,10,1.0,0.0009784735812133072,0.0009784735812133072,0.0019569471624266144,0.0,False,0.0,0.04457253791391849,0.04457253791391849,34.08489196777344,0.9999908542633057,1.0000080198049546,0.004143071626313031,0.0,0.04042592138051987,0.22225258588790894,0.5989021635055543,0.0,1.7405409744242205e-05,6.493082117231097e-05,0.00026620854434440845,0.0006812825487577356,0.5496744787693024,0.5702207499742508
B,v3,bert.encoder.layer.2.attention.output.dense,2,O,sweep,10,10,1.0,0.0009784735812133072,0.0009784735812133072,0.0019569471624266144,0.0,False,0.10000772044062614,0.10267286643385887,0.002961295768618584,6.432237167358398,0.9999977314472198,1.0000021654367446,0.0020843283319845795,0.0,0.15792764186859132,0.44990760058164597,0.7585815703868866,0.0,3.213767437046044e-05,0.0001262024104653392,0.0008076893506222404,0.0024265741126146168,0.09998050771653652,0.10303872980177403
B,v3,bert.encoder.layer.2.attention.self.query,2,Q,sweep,10,10,1.0,0.0009784735812133072,0.0009784735812133072,0.0019569471624266144,0.0,False,9.609470907889773e-09,0.15219616010785103,0.15219615191221236,27.685057315826416,0.9999890965223313,1.0000108015537261,0.004471020861528814,0.0,0.03962301917374134,0.19423499047756196,0.5279245012998581,0.0,1.1288930854789214e-05,4.80116689868737e-05,0.00024773540964815764,0.0007409628012101165,8.477105097881576e-09,0.08318970695137978
B,v3,bert.encoder.layer.2.attention.self.value,2,V,sweep,10,10,1.0,0.0009784735812133072,0.0009784735812133072,0.0019569471624266144,0.0,False,1.1015933978342218e-08,0.024273914098739625,0.02427390331402421,29.937771320343018,0.999992458820343,1.0000072234869004,0.003750691842287779,0.0,0.04723025619983673,0.25221587777137755,0.6497388190031052,0.0,2.869797668608953e-05,0.0001111311255954206,0.000672934042813722,0.0013533594243926928,0.5496744829416275,0.5606950864195823
B,v3,bert.encoder.layer.3.intermediate.dense,3,FFN1,sweep,10,10,1.0,0.0009784735812133072,0.0009784735812133072,0.0019569471624266144,0.0,False,0.0011594140517991035,0.18898573502898217,0.18804433196783066,235.9485971069336,0.9999586039781571,1.0000394773483277,0.008784399796277285,0.0,0.007841672864742577,0.053299962691962716,0.3212435498833656,0.0,2.9762373815174213e-05,0.00012596324573678431,0.0007162111901561729,0.0017863447370473295,0.001256484993500635,0.19587902531027793
B,v3,bert.encoder.layer.3.output.dense,3,FFN2,sweep,10,10,1.0,0.0009784735812133072,0.0009784735812133072,0.0019569471624266144,0.0,False,0.1000504433363676,0.10276750460267067,0.003019123147241771,6.572229027748108,0.9999976223707199,1.0000023406744003,0.0021263161371462046,0.0,0.1548396098613739,0.4438874226808548,0.7529619491100311,0.0,2.756323552603135e-05,0.00011718683032086119,0.0007582867200835608,0.0024292191921267657,0.10003020897507668,0.10299778908491135
B,v3,bert.encoder.layer.3.attention.self.key,3,K,sweep,10,10,1.0,0.0009784735812133072,0.0009784735812133072,0.0019569471624266144,0.0,False,0.0,0.02133707296103239,0.02133707296103239,28.85614444732666,0.9999911898374557,1.000008944272995,0.004075187528505921,0.0,0.04384113654494286,0.2257903116941452,0.6000554418563843,0.0,1.7749797380020027e-05,7.456617913703667e-05,0.0002847048212424852,0.0006308808468747884,0.5496744787693024,0.559305128455162
B,v3,bert.encoder.layer.3.attention.output.dense,3,O,sweep,10,10,1.0,0.0009784735812133072,0.0009784735812133072,0.0019569471624266144,0.0,False,0.10001286119222641,0.10434646762907505,0.004815193847753108,10.470755805969238,0.9999932825565339,1.000007301568985,0.0031948099448345603,0.0,0.1060371781140566,0.3729381385445595,0.6951188379526139,0.0,4.499253573158058e-05,0.0002192945225397125,0.0014544544619275257,0.005291215509641916,0.09999146863818169,0.10467625595629215
B,v3,bert.encoder.layer.3.attention.self.query,3,Q,sweep,10,10,1.0,0.0009784735812133072,0.0009784735812133072,0.0019569471624266144,0.0,False,0.0,0.014473978700116276,0.014473978700116276,18.06353956222534,0.999992350935936,1.0000074821710587,0.0037757001211866734,0.0,0.060599660649895665,0.2526808474957943,0.617636302113533,0.0,9.47135138176236e-06,4.069926089869114e-05,0.00022534348521730863,0.0007420600217301398,0.0,0.017247386761009693
B,v3,bert.encoder.layer.3.attention.self.value,3,V,sweep,10,10,1.0,0.0009784735812133072,0.0009784735812133072,0.0019569471624266144,0.0,False,0.0,0.017858304856345056,0.017858304856345056,25.38505853652954,0.9999926316738129,1.000007574558258,0.0036856629606336357,0.0,0.05329929273575544,0.26268532007932666,0.6514904195070267,0.0,2.5795049878070132e-05,0.00011518340710608754,0.0006363891149521805,0.0012080076651182026,0.5496744787693024,0.5577409940958024
B,v3,bert.encoder.layer.4.intermediate.dense,4,FFN1,sweep,10,10,1.0,0.0009784735812133072,0.0009784735812133072,0.0019569471624266144,0.0,False,0.0006113075697794557,0.17091257527470588,0.17040544494986534,182.34581741333008,0.9999607414007187,1.000037500858307,0.008551792008802295,0.0,0.008940796330571175,0.05876869216561317,0.32870843678712847,0.0,2.9803334055031882e-05,0.00013325998406799044,0.0007514170272042975,0.001704988842830062,0.0006149281450780108,0.16004010960459708
B,v3,bert.encoder.layer.4.output.dense,4,FFN2,sweep,10,10,1.0,0.0009784735812133072,0.0009784735812133072,0.0019569471624266144,0.0,False,0.09999527834355831,0.10269276894629002,0.002997198086231947,6.5452020502090456,0.999997695684433,1.0000025749206543,0.0021108485432341697,0.0,0.15492096915841103,0.4427504739165306,0.752475557923317,0.0,2.8546836892928697e-05,0.0001247211802547099,0.0008479720071773044,0.0025406159972772,0.09997579872608185,0.10281039871275426
B,v3,bert.encoder.layer.4.attention.self.key,4,K,sweep,10,10,1.0,0.0009784735812133072,0.0009784735812133072,0.0019569471624266144,0.0,False,0.0,0.029781562592834234,0.029781562592834234,38.23328010559082,0.9999889069795609,1.0000109189748765,0.004549918491393328,0.0,0.03399191036820412,0.19627558663487435,0.5609480428695679,0.0,1.9131079943690567e-05,8.984427244286052e-05,0.0003519154412788339,0.0007393804955063387,0.5496744787693024,0.5631250447034836
B,v3,bert.encoder.layer.4.attention.output.dense,4,O,sweep,10,10,1.0,0.0009784735812133072,0.0009784735812133072,0.0019569471624266144,0.0,False,0.0999646782130003,0.10364353492856025,0.004087454846594483,8.880509300231934,0.9999952006340027,1.0000046807527543,0.002767516348976642,0.0,0.1218326909840107,0.3963825449347496,0.7143021559715271,0.0,3.8345085358741925e-05,0.0001928747521014884,0.0012778569344663992,0.004559253414627164,0.09996189177036285,0.10379460737109185
B,v3,bert.encoder.layer.4.attention.self.query,4,Q,sweep,10,10,1.0,0.0009784735812133072,0.0009784735812133072,0.0019569471624266144,0.0,False,0.0,0.016977872056886553,0.016977872056886553,22.225126667022707,0.9999913203716279,1.0000090765953065,0.004035044242627918,0.0,0.05137241836637259,0.23104434028267862,0.5915376859903335,0.0,1.0175164866268461e-05,4.4434612718760035e-05,0.0002682225151511375,0.000829468548472505,0.0,0.014732869537547232
B,v3,bert.encoder.layer.4.attention.self.value,4,V,sweep,10,10,1.0,0.0009784735812133072,0.0009784735812133072,0.0019569471624266144,0.0,False,0.0,0.01876328781247139,0.01876328781247139,25.22733118057251,0.9999931192398072,1.0000073730945587,0.0035992279439233245,0.0,0.05147176630795002,0.2660570335388184,0.6596231150627136,0.0,1.955764244485181e-05,8.600135523010976e-05,0.0007617130869766697,0.001333217426436022,0.5496744787693024,0.5581502985954284
B,v3,bert.encoder.layer.5.intermediate.dense,5,FFN1,sweep,10,10,1.0,0.0009784735812133072,0.0009784735812133072,0.0019569471624266144,0.0,False,0.0005416402270202524,0.14998238995671273,0.14952173754572867,117.16393836975098,0.999964959025383,1.0000342059135436,0.008062602076679469,0.0,0.010454007368534803,0.06568133533000946,0.35094845920801165,0.0,2.7327562092978043e-05,0.00012513675486843567,0.0008259020076366141,0.0019895545043982564,0.0004349878127686679,0.1240796273201704
B,v3,bert.encoder.layer.5.output.dense,5,FFN2,sweep,10,10,1.0,0.0009784735812133072,0.0009784735812133072,0.0019569471624266144,0.0,False,0.10004334658384323,0.1026939345151186,0.0029452404635958375,6.400769085884094,0.9999977964162826,1.0000023901462556,0.002070256071165204,0.0,0.15800728872418404,0.44802850782871245,0.7571531784534454,0.0,2.7503740766405828e-05,0.00012385411522700452,0.0008971498647588305,0.0026354546868242322,0.10001372940838336,0.10273055724799633
B,v3,bert.encoder.layer.5.attention.self.key,5,K,sweep,10,10,1.0,0.0009784735812133072,0.0009784735812133072,0.0019569471624266144,0.0,False,0.0,0.03310540778562426,0.03310540778562426,37.452898826599125,0.9999897366762162,1.0000101429224015,0.0044060383783653375,0.0,0.03400716733187437,0.2006431497633457,0.5722648102045059,0.0,1.7014335999192553e-05,8.524801436578856e-05,0.00034618292789673433,0.0007437146775191649,0.5496744787693024,0.5646260762214661
B,v3,bert.encoder.layer.5.attention.output.dense,5,O,sweep,10,10,1.0,0.0009784735812133072,0.0009784735812133072,0.0019569471624266144,0.0,False,0.10000771015882493,0.1035859651863575,0.003975872821174562,8.644791765213013,0.9999955582618714,1.000004342198372,0.0027140239789150656,0.0,0.12293087899684906,0.3949387437105179,0.712738825082779,0.0,3.7813111139257674e-05,0.00018807621076120994,0.0013520552648697047,0.004368344261310994,0.09998754367232322,0.10361596100032329
B,v3,bert.encoder.layer.5.attention.self.query,5,Q,sweep,10,10,1.0,0.0009784735812133072,0.0009784735812133072,0.0019569471624266144,0.0,False,9.408116738995886e-09,0.0324694350361824,0.032469425909221174,28.316878623962403,0.9999904072284699,1.0000097697973251,0.004213433880358934,0.0,0.04283133532851934,0.2235673326253891,0.5870677840709686,0.0,9.969194616132882e-06,4.45293707161909e-05,0.0002912080338865053,0.0009385577373905108,4.238552548940788e-09,0.026547593101859092
B,v3,bert.encoder.layer.5.attention.self.value,5,V,sweep,10,10,1.0,0.0009784735812133072,0.0009784735812133072,0.0019569471624266144,0.0,False,0.0,0.021402719002217054,0.021402719002217054,24.92745080947876,0.9999937176704407,1.0000064581632615,0.003458729402627796,0.0,0.051358160823583604,0.2776486426591873,0.6734021162986755,0.0,1.7858455767054692e-05,8.553672963898862e-05,0.0008824445313075557,0.001380119640380144,0.5496744787693024,0.559338994026184
B,v3,bert.encoder.layer.6.intermediate.dense,6,FFN1,sweep,10,10,1.0,0.0009784735812133072,0.0009784735812133072,0.0019569471624266144,0.0,False,0.00027646649396046997,0.14467172414064408,0.14443519249558448,107.38236579895019,0.9999629002809525,1.0000362718105316,0.00829526132903993,0.0,0.010225446270778775,0.0632888312637806,0.34162972778081896,0.0,2.8998208417760907e-05,0.00013695905399799813,0.0010289616172667593,0.0022838180931285023,0.00021839035995071754,0.11614409118890762
B,v3,bert.encoder.layer.6.output.dense,6,FFN2,sweep,10,10,1.0,0.0009784735812133072,0.0009784735812133072,0.0019569471624266144,0.0,False,0.09997479856014252,0.10254516184329987,0.0028558779135346413,6.215046124458313,0.9999979227781296,1.0000021642446517,0.002019137304741889,0.0,0.16236790612339974,0.45574173748493196,0.7637587332725525,0.0,2.6446796218806413e-05,0.00012147045337769669,0.0009330561483511701,0.002757790312170982,0.09998434364795684,0.10259240940213203
B,v3,bert.encoder.layer.6.attention.self.key,6,K,sweep,10,10,1.0,0.0009784735812133072,0.0009784735812133072,0.0019569471624266144,0.0,False,0.0,0.03438860103487969,0.03438860103487969,43.20339828491211,0.9999880200624466,1.000011681318283,0.004740484682843089,0.0,0.031051765270531176,0.18530828043818473,0.539323336482048,0.0,1.7550858083268394e-05,9.25978041777853e-05,0.0004638849332695827,0.000987609860021621,0.5496744787693024,0.5651990672945977
B,v3,bert.encoder.layer.6.attention.output.dense,6,O,sweep,10,10,1.0,0.0009784735812133072,0.0009784735812133072,0.0019569471624266144,0.0,False,0.10003071539103985,0.10308765463531017,0.0033967124996706843,7.37698561668396,0.999996907711029,1.0000029969215394,0.0023570027528330684,0.0,0.1400646410882473,0.42007453709840775,0.7331788718700409,0.0,3.215297545466456e-05,0.00015218334512610455,0.0012707529996987433,0.003787966133095324,0.1000069435685873,0.10297460868954658
B,v3,bert.encoder.layer.6.attention.self.query,6,Q,sweep,10,10,1.0,0.0009784735812133072,0.0009784735812133072,0.0019569471624266144,0.0,False,8.527068189323472e-09,0.02986148461699486,0.029861476365476848,31.7675231552124,0.9999892258644104,1.0000110232830048,0.004464567732065916,0.0,0.040010750219225885,0.20706158876419067,0.5704223823547363,0.0,1.0474698710822849e-05,4.896663078397978e-05,0.00033301869334536607,0.001097601586370729,8.477105097881576e-09,0.02258413553237915
B,v3,bert.encoder.layer.6.attention.self.value,6,V,sweep,10,10,1.0,0.0009784735812133072,0.0009784735812133072,0.0019569471624266144,0.0,False,0.0,0.01908332133665681,0.01908332133665681,25.11988458633423,0.9999935781955719,1.000006456375122,0.0034964416665025054,0.0,0.051245658099651335,0.2734939357638359,0.6717258107662201,0.0,1.7260198665098868e-05,8.735888579394668e-05,0.0009012490982422605,0.0014301303145475685,0.5496744787693024,0.5582869955897332
B,v3,bert.encoder.layer.7.intermediate.dense,7,FFN1,sweep,10,10,1.0,0.0009784735812133072,0.0009784735812133072,0.0019569471624266144,0.0,False,0.0002655751461861655,0.13045464649796487,0.13022366255521775,112.46044479370117,0.999949494600296,1.0000498354434968,0.009571906989440321,0.0,0.009676228128373623,0.05674426272511482,0.30414151728153227,0.0,3.266084420829429e-05,0.00014921948633855208,0.001116428059176542,0.0028840859211049976,0.0001965989028394688,0.09738906845450401
B,v3,bert.encoder.layer.7.output.dense,7,FFN2,sweep,10,10,1.0,0.0009784735812133072,0.0009784735812133072,0.0019569471624266144,0.0,False,0.09993688456714153,0.10245870359241963,0.0028018238535150886,6.1066472482681275,0.9999979650974273,1.0000019669532776,0.0019964919378980994,0.0,0.16515819251537323,0.46036796808242797,0.76653000831604,0.0,2.5377520505571737e-05,0.00011099434268544429,0.0009746448553050868,0.003085653274320066,0.09996824130415917,0.10249766938388348
B,v3,bert.encoder.layer.7.attention.self.key,7,K,sweep,10,10,1.0,0.0009784735812133072,0.0009784735812133072,0.0019569471624266144,0.0,False,0.0,0.05029474560171366,0.05029474560171366,59.28085151672363,0.9999863660335541,1.0000133979320527,0.005063874642364681,0.0,0.023690328877419235,0.1663890391588211,0.5182868790626526,0.0,1.5106042519619223e-05,8.80790242808871e-05,0.0004619236206053756,0.0010807239112909884,0.5496744787693024,0.5724066346883774
B,v3,bert.encoder.layer.7.attention.output.dense,7,O,sweep,10,10,1.0,0.0009784735812133072,0.0009784735812133072,0.0019569471624266144,0.0,False,0.10004383824765682,0.10279743991792202,0.0030597052769735455,6.636950168609619,0.99999755859375,1.0000024086236954,0.0021498590661212804,0.0,0.1533238522708416,0.44049482941627505,0.7499779134988784,0.0,2.83065663461457e-05,0.00012363994996121618,0.0012737017776817084,0.0033273706771433354,0.09998546242713928,0.10265832364559174
B,v3,bert.encoder.layer.7.attention.self.query,7,Q,sweep,10,10,1.0,0.0009784735812133072,0.0009784735812133072,0.0019569471624266144,0.0,False,0.0,0.03787056639790535,0.03787056639790535,31.98584720611572,0.999990935921669,1.0000092613697051,0.00414162827655673,0.0,0.037116289287805554,0.21942631900310516,0.5954165250062943,0.0,7.665709231332585e-06,3.279255717643537e-05,0.00024602878460427746,0.0009130971046397463,0.0,0.027924631107598543
B,v3,bert.encoder.layer.7.attention.self.value,7,V,sweep,10,10,1.0,0.0009784735812133072,0.0009784735812133072,0.0019569471624266144,0.0,False,0.0,0.027705101892352105,0.027705101892352105,35.111320400238036,0.9999928557872773,1.0000070923566817,0.0036928311828523875,0.0,0.0387770764529705,0.25091168627142907,0.6656865727901459,0.0,1.703701072074182e-05,9.236016307113459e-05,0.0010068273008801043,0.0015200202993582933,0.5496744787693024,0.5621758338809013
B,v3,bert.encoder.layer.8.intermediate.dense,8,FFN1,sweep,10,10,1.0,0.0009784735812133072,0.0009784735812133072,0.0019569471624266144,0.0,False,0.00023159110452979802,0.127477845326066,0.12727574072778225,110.6939340209961,0.999950869679451,1.0000483417510986,0.00946760956197977,0.0,0.00996450568549335,0.05579129919409752,0.30580427408218386,0.0,2.5529284012009158e-05,0.00011849694812553934,0.0011362828180426733,0.003073375360108912,0.00015345149717177264,0.08669570676982402
B,v3,bert.encoder.layer.8.output.dense,8,FFN2,sweep,10,10,1.0,0.0009784735812133072,0.0009784735812133072,0.0019569471624266144,0.0,False,0.0999671210348606,0.10249213874340057,0.0028054717811755838,6.1245509004592895,0.9999979400634765,1.000001922249794,0.0020061990106478335,0.0,0.16470418900251388,0.4592795979976654,0.76450097322464,0.0,2.2064334461902036e-05,9.417420093086548e-05,0.0010602683993056416,0.0038055708585307004,0.09997459061443806,0.10251324191689491
B,v3,bert.encoder.layer.8.attention.self.key,8,K,sweep,10,10,1.0,0.0009784735812133072,0.0009784735812133072,0.0019569471624266144,0.0,False,0.0,0.039290818721055984,0.039290818721055984,47.77076610565186,0.9999884694814682,1.0000115942955017,0.004666719730012119,0.0,0.028212941996753216,0.18478629648685455,0.5545888864994049,0.0,1.975824369765178e-05,0.0001020325117133325,0.00047072830464458095,0.000960637028911151,0.5496744787693024,0.5674124148488044
B,v3,bert.encoder.layer.8.attention.output.dense,8,O,sweep,10,10,1.0,0.0009784735812133072,0.0009784735812133072,0.0019569471624266144,0.0,False,0.09996380403637886,0.10256304048001766,0.002887928392738104,6.290579891204834,0.9999978411197662,1.000001654624939,0.0020496936724521218,0.0,0.16064844965934755,0.45204890936613085,0.7593862771987915,0.0,2.603485125291627e-05,0.00010980365404975601,0.0013973793556215242,0.003810479266103357,0.09996523201465607,0.10253775797784329
B,v3,bert.encoder.layer.8.attention.self.query,8,Q,sweep,10,10,1.0,0.0009784735812133072,0.0009784735812133072,0.0019569471624266144,0.0,False,0.0,0.03426568502560258,0.03426568502560258,33.531061668396,0.9999872183799744,1.0000123476982117,0.004801030969247222,0.0,0.038546996265649794,0.19787828400731086,0.542808740735054,0.0,9.981017692552996e-06,4.919219241855899e-05,0.0004507147369440645,0.0016596718074288219,4.238552548940788e-09,0.026321809776127338
B,v3,bert.encoder.layer.8.attention.self.value,8,V,sweep,10,10,1.0,0.0009784735812133072,0.0009784735812133072,0.0019569471624266144,0.0,False,0.0,0.019061735160648824,0.019061735160648824,26.2003178024292,0.9999933850765228,1.000006331205368,0.0035420034150592983,0.0,0.05097780510783195,0.27014705330133437,0.6688984781503677,0.0,1.8017606880675884e-05,9.412345018063206e-05,0.0010285576130263506,0.0017786086746491491,0.5496744787693024,0.5582795396447182
B,v3,bert.encoder.layer.9.intermediate.dense,9,FFN1,sweep,10,10,1.0,0.0009784735812133072,0.0009784735812133072,0.0019569471624266144,0.0,False,0.0011231712100561709,0.11432973057031631,0.11333385467529297,95.04674781799316,0.9999517267942428,1.0000478208065033,0.009344976302236319,0.0,0.011493965610861778,0.06019942749291658,0.31133826792240143,0.0,1.848842541221529e-05,7.542979230493074e-05,0.0009765087789855897,0.003496310317423195,0.0009935940708965063,0.07627333544194698
B,v3,bert.encoder.layer.9.output.dense,9,FFN2,sweep,10,10,1.0,0.0009784735812133072,0.0009784735812133072,0.0019569471624266144,0.0,False,0.0999902655929327,0.10251641608774661,0.002806803334970027,6.0951042032241824,0.9999979543685913,1.0000021201372147,0.001995202726684511,0.0,0.16540336921811105,0.46089894384145735,0.7660197389125823,0.0,1.9126337883790255e-05,6.849760949990014e-05,0.0011202175967628136,0.004028139046858996,0.09998103328049184,0.10254960045218468
B,v3,bert.encoder.layer.9.attention.self.key,9,K,sweep,10,10,1.0,0.0009784735812133072,0.0009784735812133072,0.0019569471624266144,0.0,False,1.9134876652060484e-08,0.04744519673287868,0.04744517844170332,50.32742042541504,0.9999900233745574,1.0000101435184479,0.0043396130204200745,0.0,0.028532083965837955,0.20250484362244606,0.5954135674238205,0.0,1.6502738881172262e-05,9.64622062019771e-05,0.0004354285018052906,0.0009613078372785822,0.5496744871139526,0.5711437639594078
B,v3,bert.encoder.layer.9.attention.output.dense,9,O,sweep,10,10,1.0,0.0009784735812133072,0.0009784735812133072,0.0019569471624266144,0.0,False,0.09999036349356175,0.10247847117483616,0.0027645363146439196,6.034087433815002,0.9999980276823044,1.0000021356344222,0.0019764118711464106,0.0,0.1669876705110073,0.463493070602417,0.7688490980863572,0.0,2.107732698277687e-05,7.933212105854182e-05,0.001234833259077277,0.00401317372918129,0.09999584265053273,0.10250100135803222
B,v3,bert.encoder.layer.9.attention.self.query,9,Q,sweep,10,10,1.0,0.0009784735812133072,0.0009784735812133072,0.0019569471624266144,0.0,False,0.0,0.020228220243006946,0.020228220243006946,22.109649600982667,0.9999920463562012,1.0000080740451813,0.003861861750483513,0.0,0.05437274243682623,0.24792075246572495,0.6072685277462005,0.0,6.045502414053772e-06,2.5547224395268132e-05,0.0003080067084374605,0.0012176678539253772,4.238552548940788e-09,0.015962299909442663
B,v3,bert.encoder.layer.9.attention.self.value,9,V,sweep,10,10,1.0,0.0009784735812133072,0.0009784735812133072,0.0019569471624266144,0.0,False,0.0,0.025370362419635056,0.025370362419635056,30.808174476623535,0.9999931621551513,1.0000070714950562,0.0035996335768140853,0.0,0.047154674008488655,0.2642656296491623,0.666228039264679,0.0,1.8646617763806717e-05,0.00010711945680668577,0.0009748186776414513,0.0017555831430945544,0.5496744787693024,0.5611617976427078
B,v3,bert.encoder.layer.10.intermediate.dense,10,FFN1,sweep,10,10,1.0,0.0009784735812133072,0.0009784735812133072,0.0019569471624266144,0.0,False,0.0004523538457578979,0.09019680276513099,0.08978506654500962,71.74571235656738,0.9999619203805924,1.0000374436378479,0.008374317130073906,0.0,0.01465902365744114,0.07126947358250618,0.3471624436974525,0.0,1.2135223742006928e-05,3.887412953190505e-05,0.0007660971356381196,0.003030099095776677,0.00041363292461028323,0.060687242671847344
B,v3,bert.encoder.layer.10.output.dense,10,FFN2,sweep,10,10,1.0,0.0009784735812133072,0.0009784735812133072,0.0019569471624266144,0.0,False,0.09993513867259025,0.10243210636079311,0.002774210514035076,6.037171101570129,0.9999979788064957,1.0000016295909882,0.001985883319284767,0.0,0.16702850490808488,0.4632389724254608,0.7646991592645646,0.0,1.5211518457363127e-05,4.429717064340366e-05,0.0011013554378587287,0.004031965581234544,0.09995832331478596,0.10251948527991772
B,v3,bert.encoder.layer.10.attention.self.key,10,K,sweep,10,10,1.0,0.0009784735812133072,0.0009784735812133072,0.0019569471624266144,0.0,False,0.0,0.048814767822623256,0.048814767822623256,52.20389541625977,0.9999906194210052,1.0000092321634293,0.004224978853017092,0.0,0.02783782871440053,0.20660631880164146,0.6100387686491012,0.0,1.3059280081506586e-05,8.19561325624818e-05,0.00035064050665823744,0.0009282332350267098,0.5496744787693024,0.5717298299074173
B,v3,bert.encoder.layer.10.attention.output.dense,10,O,sweep,10,10,1.0,0.0009784735812133072,0.0009784735812133072,0.0019569471624266144,0.0,False,0.10002110354602337,0.10256659492850304,0.0028283857647329567,6.184729790687561,0.9999979043006897,1.0000023943185807,0.0020280142151750625,0.0,0.16318185195326806,0.4540853148698807,0.7582413804531097,0.0,1.7879491460917053e-05,5.396538013883401e-05,0.0012852370459586382,0.004108670123387128,0.10001405581831932,0.10262560598552227
B,v3,bert.encoder.layer.10.attention.self.query,10,Q,sweep,10,10,1.0,0.0009784735812133072,0.0009784735812133072,0.0019569471624266144,0.0,False,0.0,0.01785111729055643,0.01785111729055643,22.634745025634764,0.9999920719861984,1.0000081884860992,0.0038755287835374476,0.0,0.0510864395275712,0.2397865752875805,0.6094598084688186,0.0,4.059742109348008e-06,1.2962368891749066e-05,0.0002425871016748715,0.0011238569300621747,4.238552548940788e-09,0.018003726787865163
B,v3,bert.encoder.layer.10.attention.self.value,10,V,sweep,10,10,1.0,0.0009784735812133072,0.0009784735812133072,0.0019569471624266144,0.0,False,1.806763862077787e-08,0.02785224178805947,0.027852224241942166,33.665854358673094,0.999992727637291,1.0000072169303893,0.0037126009981147943,0.0,0.04230064805597067,0.2547502116858959,0.659072812795639,0.0,1.7318422378593824e-05,0.0001260431770060677,0.0007409257162362338,0.0015163801074959337,0.5496744871139526,0.5622618621587754
B,v3,bert.encoder.layer.11.intermediate.dense,11,FFN1,sweep,10,10,1.0,0.0009784735812133072,0.0009784735812133072,0.0019569471624266144,0.0,False,7.611171502503567e-05,0.053117360062897204,0.05304528586566448,47.31869201660156,0.9999792802333832,1.0000211930274963,0.006329938136041165,0.0,0.02137288769707084,0.09836255565285683,0.4368711653351784,0.0,7.643643934898136e-06,1.1010875296051381e-05,0.0006637137362304202,0.0028784875059500335,7.265302949235774e-05,0.042684943266212944
B,v3,bert.encoder.layer.11.output.dense,11,FFN2,sweep,10,10,1.0,0.0009784735812133072,0.0009784735812133072,0.0019569471624266144,0.0,False,0.10002558931708336,0.10276359386742115,0.0030423149722628297,6.892257513999939,0.9999975824356079,1.0000024765729905,0.0021913323644548654,0.0,0.1460794147849083,0.40758405536413195,0.6996505033969879,0.0,1.1641628379948088e-05,1.5444992523043767e-05,0.0009275616726154112,0.0037476297304965558,0.10001338191330433,0.103019630163908
B,v3,bert.encoder.layer.11.attention.self.key,11,K,sweep,10,10,1.0,0.0009784735812133072,0.0009784735812133072,0.0019569471624266144,0.0,False,0.0,0.04391994886100292,0.04391994886100292,49.38410396575928,0.9999916011095047,1.0000079184770585,0.003996709561906755,0.0,0.031105831768363713,0.22368302389979364,0.634969419836998,0.0,1.3007284469495061e-05,7.057245431496995e-05,0.00032338454082491807,0.0010443013929761946,0.5496744787693024,0.5695866474509239
B,v3,bert.encoder.layer.11.attention.output.dense,11,O,sweep,10,10,1.0,0.0009784735812133072,0.0009784735812133072,0.0019569471624266144,0.0,False,0.09997302778065205,0.10259256936609745,0.0029105159221217035,6.3567214202880855,0.9999978178739548,1.000002430677414,0.002081200822722167,0.0,0.15822641134262086,0.43360397696495057,0.7311884325742721,0.0,1.2366414921416435e-05,1.8907279427367028e-05,0.0011177913387655281,0.005071106869727373,0.09999870382249355,0.10266516886651517
B,v3,bert.encoder.layer.11.attention.self.query,11,Q,sweep,10,10,1.0,0.0009784735812133072,0.0009784735812133072,0.0019569471624266144,0.0,False,0.0,0.02158454269170761,0.02158454269170761,25.89251543045044,0.9999925696849823,1.0000076270103455,0.0037631876743398607,0.0,0.046137082241475585,0.2462306159734726,0.6315242964029312,0.0,2.077135785611972e-06,4.365186348422867e-06,0.00015600800422362225,0.001158528321539052,0.0,0.019731500670313835
B,v3,bert.encoder.layer.11.attention.self.value,11,V,sweep,10,10,1.0,0.0009784735812133072,0.0009784735812133072,0.0019569471624266144,0.0,False,0.0,0.025146371945738794,0.025146371945738794,34.21531885147095,0.9999934542179107,1.000006654858589,0.003523411483038217,0.0,0.04717848535627127,0.2748836228251457,0.6802778208255768,0.0,1.5035515471026883e-05,0.00010843237731023692,0.0006713225776911713,0.0020818667823914437,0.5496744787693024,0.5610655981302262
B,v3,bert.encoder.layer.0.intermediate.dense,0,FFN1,sweep,12,12,1.0,0.0002442598925256473,0.0002442598925256473,0.0004885197850512946,0.0,False,1.2282102634344483e-05,0.15001054629683494,0.15000010669231414,243.50646377563476,0.9999963957071304,1.0000034260749817,0.002602635582443327,0.0,0.004551837588660419,0.03754629593342543,0.26169254884123805,0.0,3.5743404714594364e-05,0.00012793835034244694,0.000630272647831589,0.001865312493755482,1.5789667868375547e-05,0.27490210607647897
B,v3,bert.encoder.layer.0.output.dense,0,FFN2,sweep,12,12,1.0,0.0002442598925256473,0.0002442598925256473,0.0004885197850512946,0.0,False,0.10001674696803092,0.10064652279019355,0.0006997652380960062,6.0925397777557375,0.999999828338623,1.0000001496076585,0.0004965568409534171,0.0,0.16569701448082924,0.4634716188907623,0.7696063882112503,0.0,2.3104953215806744e-05,8.594988445111085e-05,0.0005387807119404897,0.0017554015491623432,0.09997862592339515,0.10063300326466561
B,v3,bert.encoder.layer.0.attention.self.key,0,K,sweep,12,12,1.0,0.0002442598925256473,0.0002442598925256473,0.0004885197850512946,0.0,False,1.952748505118507e-08,0.0037405113643035294,0.003740491906646639,23.462758083343505,0.9999995070695877,1.0000003951787948,0.0009605506306979805,0.0,0.05356141619384289,0.24414456740021706,0.6233649957180023,0.0,1.6852931230459946e-05,5.604625610430958e-05,0.00020173372351564467,0.00045705234573688357,0.5496744871139526,0.5513627192378044
B,v3,bert.encoder.layer.0.attention.output.dense,0,O,sweep,12,12,1.0,0.0002442598925256473,0.0002442598925256473,0.0004885197850512946,0.0,False,0.10000756338238716,0.10063721992075443,0.0006996248220093548,6.116155476570129,0.9999998271465301,1.0000000989437103,0.0005003293667687103,0.0,0.16525987014174462,0.46237992495298386,0.7678339505195617,0.0,3.5616759905678915e-05,0.00012877375258540268,0.0007497961551416665,0.002452478298218921,0.09999373577535152,0.10063172303140164
B,v3,bert.encoder.layer.0.attention.self.query,0,Q,sweep,12,12,1.0,0.0002442598925256473,0.0002442598925256473,0.0004885197850512946,0.0,False,0.0,0.002281494892667979,0.002281494892667979,15.749776325225831,0.999999492764473,1.0000006783008575,0.0009805769886588678,0.0,0.0673245543986559,0.23910538911819457,0.5782165503501893,0.0,1.0260519102303079e-05,3.8614323639194484e-05,0.00018909511236415711,0.0005475815932732076,8.477105097881576e-09,0.002897839036304504
B,v3,bert.encoder.layer.0.attention.self.value,0,V,sweep,12,12,1.0,0.0002442598925256473,0.0002442598925256473,0.0004885197850512946,0.0,False,0.0,0.0030117569072172046,0.0030117569072172046,19.60051742553711,0.9999995446205139,1.0000004452466964,0.0009251586307073012,0.0,0.06406802110373974,0.2619835698604584,0.6302942895889282,0.0,3.030356816452695e-05,9.715583109937143e-05,0.00043977524270303545,0.0009891175868688151,0.5496744787693024,0.5510353815555572
B,v3,bert.encoder.layer.1.intermediate.dense,1,FFN1,sweep,12,12,1.0,0.0002442598925256473,0.0002442598925256473,0.0004885197850512946,0.0,False,7.942318668938242e-05,0.1229582304507494,0.122888567969203,201.95960708618165,0.9999959743022919,1.0000037330389022,0.0027156895329244436,0.0,0.005504099447280169,0.041091901287436484,0.25780229359865187,0.0,3.8455126850749364e-05,0.0001390668468957301,0.000658932501100935,0.0018086502380901947,0.0001191340561490506,0.1522592107951641
B,v3,bert.encoder.layer.1.output.dense,1,FFN2,sweep,12,12,1.0,0.0002442598925256473,0.0002442598925256473,0.0004885197850512946,0.0,False,0.10003768123686313,0.10067486897110939,0.0007080167287494987,6.191581025123596,0.9999998265504837,1.000000171661377,0.000502745799603872,0.0,0.16325464144349097,0.45893373638391494,0.7663013863563538,0.0,2.745851672443678e-05,0.0001030909655673895,0.0006397596467286348,0.002019146220991388,0.10003171391785144,0.10074440516531467
B,v3,bert.encoder.layer.1.attention.self.key,1,K,sweep,12,12,1.0,0.0002442598925256473,0.0002442598925256473,0.0004885197850512946,0.0,False,8.54385405091307e-09,0.0056199086736887695,0.005619900170713663,29.9960825920105,0.9999994379281998,1.0000005340576172,0.0010250854014884681,0.0,0.044410649500787255,0.22778476163744926,0.6016176110506057,0.0,1.9248420576332135e-05,7.226678008009912e-05,0.00030448792269453405,0.0009270830385503359,0.5496744829416275,0.5522168508172035
B,v3,bert.encoder.layer.1.attention.output.dense,1,O,sweep,12,12,1.0,0.0002442598925256473,0.0002442598925256473,0.0004885197850512946,0.0,False,0.09996547020971774,0.10059706747531891,0.0007017488684505224,6.126867175102234,0.9999998265504837,1.000000143647194,0.0004998565919231623,0.0,0.16485274866223334,0.46123928278684617,0.767364331483841,0.0,3.506687895423965e-05,0.0001305215795582626,0.0008285185959539377,0.002537381000583991,0.09998981572687626,0.10065050050616264
B,v3,bert.encoder.layer.1.attention.self.query,1,Q,sweep,12,12,1.0,0.0002442598925256473,0.0002442598925256473,0.0004885197850512946,0.0,False,0.0,0.004822719865478576,0.004822719865478576,23.224138202667238,0.9999994045495987,1.0000006234645844,0.0010654749639797956,0.0,0.049087788201868536,0.21300963327288627,0.5710222798585892,0.0,1.4571728024748154e-05,5.828948513226351e-05,0.0003166134082130156,0.0011798776587238534,4.238552548940788e-09,0.005979317636229098
B,v3,bert.encoder.layer.1.attention.self.value,1,V,sweep,12,12,1.0,0.0002442598925256473,0.0002442598925256473,0.0004885197850512946,0.0,False,0.0,0.00489329261239618,0.00489329261239618,26.069380779266357,0.9999994468688965,1.0000007402896882,0.0010018041392322629,0.0,0.05190512079745531,0.24057790353894234,0.6130909126996994,0.0,2.6438991808390712e-05,0.0001001348219870124,0.0005700593715300783,0.0018268649408128112,0.5496744787693024,0.5518852475285531
B,v3,bert.encoder.layer.2.intermediate.dense,2,FFN1,sweep,12,12,1.0,0.0002442598925256473,0.0002442598925256473,0.0004885197850512946,0.0,False,0.00020803954292205161,0.09602976903319359,0.09584166936576366,154.1287236022949,0.9999967175722122,1.0000031089782715,0.0024607651284895837,0.0,0.007062323447316885,0.04808999944478273,0.29037526071071623,0.0,3.30263055730029e-05,0.00013527605551644228,0.0007217036600923166,0.0016935338429175317,0.0002922789298463613,0.13003232419490815
B,v3,bert.encoder.layer.2.output.dense,2,FFN2,sweep,12,12,1.0,0.0002442598925256473,0.0002442598925256473,0.0004885197850512946,0.0,False,0.10003016985952855,0.10078900292515755,0.0008431765658315271,7.322212705612182,0.999999824166298,1.0000002044439316,0.0005866637825965881,0.0,0.14196790426969527,0.4249816358089447,0.7363515365123748,0.0,3.069222202611854e-05,0.00013202059322793504,0.0008586879266658798,0.002873456166125834,0.10002547018229961,0.10089774750173092
B,v3,bert.encoder.layer.2.attention.self.key,2,K,sweep,12,12,1.0,0.0002442598925256473,0.0002442598925256473,0.0004885197850512946,0.0,False,0.0,0.01677771272137761,0.01677771272137761,34.058354930877684,0.9999994277954102,1.000000575184822,0.0010377093602437525,0.0,0.0404453818872571,0.22239096730947494,0.5991710096597671,0.0,1.7396109733454068e-05,6.514083172078245e-05,0.0002671131014358252,0.0006819260100019164,0.5496744787693024,0.5575117185711861
B,v3,bert.encoder.layer.2.attention.output.dense,2,O,sweep,12,12,1.0,0.0002442598925256473,0.0002442598925256473,0.0004885197850512946,0.0,False,0.10000772044062614,0.100671821013093,0.0007378946722019463,6.411940364837647,0.9999998289346695,1.0000000512599945,0.0005187890457455069,0.0,0.15833760783076287,0.4506433281302452,0.7590796416997909,0.0,3.209825399608235e-05,0.00012631706304091494,0.000809387679619249,0.002430305469315499,0.09998050771653652,0.10074270971119403
B,v3,bert.encoder.layer.2.attention.self.query,2,Q,sweep,12,12,1.0,0.0002442598925256473,0.0002442598925256473,0.0004885197850512946,0.0,False,0.0,0.12208578482270241,0.12208578482270241,27.711916599273682,0.9999992990493775,1.00000079870224,0.0011352988914586604,0.0,0.039595365561544894,0.19425952032208443,0.5280072814226151,0.0,1.1345381089995498e-05,4.8207084510067944e-05,0.0002472225129895378,0.0007589578602346592,0.0,0.05933409437537193
B,v3,bert.encoder.layer.2.attention.self.value,2,V,sweep,12,12,1.0,0.0002442598925256473,0.0002442598925256473,0.0004885197850512946,0.0,False,0.0,0.007560567818582058,0.007560567818582058,29.907803058624268,0.9999995309114457,1.000000557899475,0.0009367570409085602,0.0,0.04724983401596546,0.2522622635960579,0.6498678869009018,0.0,2.8683131295110797e-05,0.00011142107476189267,0.0006732169186579995,0.001412971393438056,0.5496744787693024,0.5531349259614945
B,v3,bert.encoder.layer.3.intermediate.dense,3,FFN1,sweep,12,12,1.0,0.0002442598925256473,0.0002442598925256473,0.0004885197850512946,0.0,False,0.0002503233928291593,0.09659237369894981,0.09636617198586464,234.13613845825196,0.9999973183870315,1.0000027388334274,0.0022369424556382,0.0,0.007838197844102978,0.05328228678554296,0.32124501168727876,0.0,2.980926881718915e-05,0.0001267946502775885,0.0007184324311674573,0.0018580255878623574,0.0002640830175369047,0.09609713397920132
B,v3,bert.encoder.layer.3.output.dense,3,FFN2,sweep,12,12,1.0,0.0002442598925256473,0.0002442598925256473,0.0004885197850512946,0.0,False,0.1000504433363676,0.10072519280016422,0.0007497642416274175,6.544133486747742,0.9999998259544373,1.0000001466274262,0.0005287452990887687,0.0,0.15539250805974006,0.4447346305847168,0.7537123680114746,0.0,2.7496540533320512e-05,0.0001172415651672054,0.0007680718440678902,0.002418214799836278,0.10003020472824574,0.10076743289828301
B,v3,bert.encoder.layer.3.attention.self.key,3,K,sweep,12,12,1.0,0.0002442598925256473,0.0002442598925256473,0.0004885197850512946,0.0,False,9.221553227689583e-09,0.005392557852901519,0.005392548684030771,28.83342800140381,0.9999994575977326,1.000000652074814,0.0010168788011651487,0.0,0.04388290382921696,0.22592885196208953,0.6002448171377182,0.0,1.7746729208738544e-05,7.474377998732962e-05,0.0002868873182160314,0.0006424584367778152,0.5496744835376739,0.5521090105175972
B,v3,bert.encoder.layer.3.attention.output.dense,3,O,sweep,12,12,1.0,0.0002442598925256473,0.0002442598925256473,0.0004885197850512946,0.0,False,0.10001285277307033,0.10108131527900696,0.0011871971341315657,10.310434217453002,0.9999996137619018,1.0000004249811172,0.0007876553805544973,0.0,0.10732006728649139,0.3746736705303192,0.6965252703428269,0.0,4.4639805673796217e-05,0.000215725033194758,0.0014476330752950161,0.005208163214847445,0.09999146439135075,0.10114446088671684
B,v3,bert.encoder.layer.3.attention.self.query,3,Q,sweep,12,12,1.0,0.0002442598925256473,0.0002442598925256473,0.0004885197850512946,0.0,False,0.0,0.0037511153076775373,0.0037511153076775373,18.074218730926514,0.9999995213747025,1.0000004452466964,0.0009432456904323772,0.0,0.06057140830904245,0.2525293084979057,0.6170858651399612,0.0,9.48716286529816e-06,4.088552614120999e-05,0.0002282785132410936,0.0007564488946809433,0.0,0.004384867413900793
B,v3,bert.encoder.layer.3.attention.self.value,3,V,sweep,12,12,1.0,0.0002442598925256473,0.0002442598925256473,0.0004885197850512946,0.0,False,8.75644502684736e-09,0.004534943297039717,0.004534934579860419,25.361552963256838,0.9999995440244674,1.0000004786252976,0.0009199585078749806,0.0,0.05330728355795145,0.26268174111843107,0.6513940894603729,0.0,2.5848068416962634e-05,0.00011623329352005385,0.0006382633655448444,0.001240768329007551,0.5496744835376739,0.5517237874865532
B,v3,bert.encoder.layer.4.intermediate.dense,4,FFN1,sweep,12,12,1.0,0.0002442598925256473,0.0002442598925256473,0.0004885197850512946,0.0,False,0.00013429251863271928,0.08569526694715023,0.08557246506214142,179.71308441162108,0.9999974721670151,1.0000023138523102,0.0021706264000386,0.0,0.008946309257298708,0.05881585147231817,0.32885514736175536,0.0,2.9915497561887607e-05,0.00013338139411644078,0.0007570967479841784,0.0017773368151392788,0.00015917778146103955,0.07421277947723866
B,v3,bert.encoder.layer.4.output.dense,4,FFN2,sweep,12,12,1.0,0.0002442598925256473,0.0002442598925256473,0.0004885197850512946,0.0,False,0.09999527834355831,0.10067243747413158,0.0007523968967143446,6.539655327796936,0.9999998277425766,1.0000000935792923,0.0005265321413753555,0.0,0.15502386435866355,0.44290733397006987,0.7526735013723374,0.0,2.859512584109325e-05,0.00012496924551669508,0.000852871242677793,0.002546688162256032,0.09997579447925091,0.10068465404212475
B,v3,bert.encoder.layer.4.attention.self.key,4,K,sweep,12,12,1.0,0.0002442598925256473,0.0002442598925256473,0.0004885197850512946,0.0,False,1.8054213342111326e-08,0.007611596039496362,0.0076115781301632525,38.207199554443356,0.9999993145465851,1.0000006461143494,0.0011356671724934131,0.0,0.03400674231350422,0.1963570223748684,0.5611914592981339,0.0,1.9204869649911414e-05,9.095606634218712e-05,0.00035743624408496544,0.0007677198870806024,0.5496744871139526,0.553113664984703
B,v3,bert.encoder.layer.4.attention.output.dense,4,O,sweep,12,12,1.0,0.0002442598925256473,0.0002442598925256473,0.0004885197850512946,0.0,False,0.0999646782130003,0.10086969777941704,0.0010055382747668773,8.760800476074218,0.999999713897705,1.0000001096725464,0.0006827900296775625,0.0,0.1231725449860096,0.39833388894796373,0.7157671386003495,0.0,3.797754825427546e-05,0.00018956942862132563,0.0012713563622673972,0.004436655750032515,0.09996189177036285,0.10090839423239231
B,v3,bert.encoder.layer.4.attention.self.query,4,Q,sweep,12,12,1.0,0.0002442598925256473,0.0002442598925256473,0.0004885197850512946,0.0,False,0.0,0.004255107305943966,0.004255107305943966,22.176134128570556,0.9999994665384293,1.0000005871057511,0.0010069021524395795,0.0,0.05144938841462135,0.23112741917371749,0.5914320218563079,0.0,1.0216316504738642e-05,4.473381541174604e-05,0.00026915537746390327,0.0008475717832334339,0.0,0.0036908637452870608
B,v3,bert.encoder.layer.4.attention.self.value,4,V,sweep,12,12,1.0,0.0002442598925256473,0.0002442598925256473,0.0004885197850512946,0.0,False,9.010957455757307e-09,0.004777223151177168,0.004777214182540774,25.244706535339354,0.9999995774030686,1.0000004905462265,0.0008993230416672305,0.0,0.05144500151276588,0.26600075006484986,0.6595988273620605,0.0,1.964910919923568e-05,8.790841660811565e-05,0.000766185648390092,0.001375038856640458,0.5496744835376739,0.5518322494626046
B,v3,bert.encoder.layer.5.intermediate.dense,5,FFN1,sweep,12,12,1.0,0.0002442598925256473,0.0002442598925256473,0.0004885197850512946,0.0,False,5.5153743123810275e-05,0.0743955633789301,0.07434451147913933,116.09708229064941,0.999997752904892,1.0000022649765015,0.0020406228699721396,0.0,0.010448909047991038,0.06567955836653709,0.3509681722521782,0.0,2.7296425305394223e-05,0.00012513473353465088,0.0008272598689654842,0.0020598904602229596,3.642506126197986e-05,0.05613508272916078
B,v3,bert.encoder.layer.5.output.dense,5,FFN2,sweep,12,12,1.0,0.0002442598925256473,0.0002442598925256473,0.0004885197850512946,0.0,False,0.10004334658384323,0.1007057934999466,0.0007360894704470411,6.400926265716553,0.999999829530716,1.0000001555681228,0.0005167950614122674,0.0,0.15800291910767555,0.4480088096857071,0.7570425069332123,0.0,2.7514429257280425e-05,0.00012443257299310062,0.000896879575739149,0.002657205096911639,0.10001372940838336,0.10069013029336929
B,v3,bert.encoder.layer.5.attention.self.key,5,K,sweep,12,12,1.0,0.0002442598925256473,0.0002442598925256473,0.0004885197850512946,0.0,False,0.0,0.0086226638359949,0.0086226638359949,37.47423946380615,0.9999993580579758,1.0000004893541337,0.0010999614046886563,0.0,0.03400261409580708,0.2006950694322586,0.5722774338722229,0.0,1.7064673020286136e-05,8.615715487394481e-05,0.0003518792678369209,0.0007851040732930415,0.5496744787693024,0.5535701087117195
B,v3,bert.encoder.layer.5.attention.output.dense,5,O,sweep,12,12,1.0,0.0002442598925256473,0.0002442598925256473,0.0004885197850512946,0.0,False,0.10000771015882493,0.10089392520487309,0.0009846918255789205,8.596593189239503,0.9999997359514237,1.0000002318620682,0.0006740877230186016,0.0,0.12347205601632595,0.3957100507616997,0.7132282143831253,0.0,3.769409833694226e-05,0.00018640211681486107,0.0013574750733096152,0.0042908240132965144,0.09998754367232322,0.10088382378220558
B,v3,bert.encoder.layer.5.attention.self.query,5,Q,sweep,12,12,1.0,0.0002442598925256473,0.0002442598925256473,0.0004885197850512946,0.0,False,0.0,0.008696826696395875,0.008696826696395875,28.251766929626466,0.9999994051456451,1.0000007790327072,0.0010520628525409847,0.0,0.04288888681679964,0.22369315162301062,0.5872204506397247,0.0,1.0007999658228072e-05,4.467870912776562e-05,0.0002954982436494902,0.0009555232839193195,4.238552548940788e-09,0.007073783921077848
B,v3,bert.encoder.layer.5.attention.self.value,5,V,sweep,12,12,1.0,0.0002442598925256473,0.0002442598925256473,0.0004885197850512946,0.0,False,0.0,0.005468606650829315,0.005468606650829315,24.943200092315674,0.9999996197223663,1.0000002616643906,0.0008633769041625783,0.0,0.051329607330262664,0.2775601688027382,0.6733588653802872,0.0,1.7919303572853096e-05,8.670856208482291e-05,0.0008845955063588917,0.0014261569583322853,0.5496744787693024,0.5521450245380402
B,v3,bert.encoder.layer.6.intermediate.dense,6,FFN1,sweep,12,12,1.0,0.0002442598925256473,0.0002442598925256473,0.0004885197850512946,0.0,False,2.819313975123805e-05,0.06778645180165768,0.06776016868650914,107.46786392211914,0.9999976128339767,1.000002310872078,0.0020995480730198325,0.0,0.010221731737256051,0.06329791467636824,0.34169290006160735,0.0,2.9064099690003785e-05,0.00013746200966124889,0.0010383361380081624,0.0022945938585326076,1.9556681527319596e-05,0.050511034168303014
B,v3,bert.encoder.layer.6.output.dense,6,FFN2,sweep,12,12,1.0,0.0002442598925256473,0.0002442598925256473,0.0004885197850512946,0.0,False,0.09997479856014252,0.10062025524675847,0.0007171559787821025,6.214707846641541,0.9999998289346695,1.0000001883506775,0.0005040258989902213,0.0,0.1623631674051285,0.4557494914531708,0.7637560451030732,0.0,2.6471151959412963e-05,0.00012165153515525162,0.0009404290313250385,0.002753524750005454,0.09998434364795684,0.10063515603542328
B,v3,bert.encoder.layer.6.attention.self.key,6,K,sweep,12,12,1.0,0.0002442598925256473,0.0002442598925256473,0.0004885197850512946,0.0,False,0.0,0.008862039130181075,0.008862039130181075,43.20187622070313,0.9999992591142655,1.0000007802248,0.0011831860989332198,0.0,0.031044209990650416,0.1853990849852562,0.5394172608852387,0.0,1.7576497593836394e-05,9.346034959889949e-05,0.00046664869849337263,0.0010074135509785264,0.5496744787693024,0.5536754167079926
B,v3,bert.encoder.layer.6.attention.output.dense,6,O,sweep,12,12,1.0,0.0002442598925256473,0.0002442598925256473,0.0004885197850512946,0.0,False,0.10003071539103985,0.1007940112054348,0.0008481359388679266,7.367426252365112,0.999999824166298,1.0000002521276474,0.0005876441253349185,0.0,0.14020059421658515,0.4202857831120491,0.7333348679542542,0.0,3.2158559261006306e-05,0.00015206580734229648,0.0012785520718898624,0.0037961078830994668,0.1000069435685873,0.10074834689497948
B,v3,bert.encoder.layer.6.attention.self.query,6,Q,sweep,12,12,1.0,0.0002442598925256473,0.0002442598925256473,0.0004885197850512946,0.0,False,0.0,0.0077900559268891814,0.0077900559268891814,31.852968673706055,0.999999326467514,1.000000646710396,0.0011159079207573087,0.0,0.039933952987194064,0.20687998071312905,0.5701452887058258,0.0,1.0469735016158666e-05,4.923949669318972e-05,0.00033581123003386895,0.0010997520975070075,0.0,0.005838932478800416
B,v3,bert.encoder.layer.6.attention.self.value,6,V,sweep,12,12,1.0,0.0002442598925256473,0.0002442598925256473,0.0004885197850512946,0.0,False,0.0,0.004843451003544033,0.004843451003544033,25.166210174560547,0.9999996113777161,1.0000004357099532,0.0008731951360823587,0.0,0.051172763146460055,0.2733843097090721,0.6716382193565369,0.0,1.72569576807291e-05,8.792240565526299e-05,0.0008997092454228551,0.0014782924181781709,0.5496744787693024,0.5518598866462707
B,v3,bert.encoder.layer.7.intermediate.dense,7,FFN1,sweep,12,12,1.0,0.0002442598925256473,0.0002442598925256473,0.0004885197850512946,0.0,False,2.4687002405698876e-05,0.05407507970929146,0.05405172757804394,112.49523895263673,0.999996771812439,1.0000031518936157,0.0024149063415825366,0.0,0.009676361074671149,0.05675699200481176,0.30423603057861326,0.0,3.268471455157851e-05,0.00014901236914738547,0.0011387703794753178,0.0029328911029733716,2.3252699302247494e-05,0.03863991990685463
B,v3,bert.encoder.layer.7.output.dense,7,FFN2,sweep,12,12,1.0,0.0002442598925256473,0.0002442598925256473,0.0004885197850512946,0.0,False,0.09993688456714153,0.10056470714509487,0.0006975313049042598,6.106269111633301,0.9999998277425766,1.000000091791153,0.0004983636026736349,0.0,0.1651651719212532,0.4604280176758766,0.7665750616788864,0.0,2.5397604931640673e-05,0.00011087533777754289,0.000980078864376992,0.0030946470028720796,0.09996824130415917,0.10059832356870174
B,v3,bert.encoder.layer.7.attention.self.key,7,K,sweep,12,12,1.0,0.0002442598925256473,0.0002442598925256473,0.0004885197850512946,0.0,False,0.0,0.013413513842970133,0.013413513842970133,59.31451763153076,0.9999991422891616,1.0000009447336198,0.0012642415927257389,0.0,0.023679066430777312,0.1665366457402706,0.5185992842912674,0.0,1.5106572873264667e-05,8.823627751553432e-05,0.00046700105216586964,0.001088842850876972,0.5496744787693024,0.5557397642731666
B,v3,bert.encoder.layer.7.attention.output.dense,7,O,sweep,12,12,1.0,0.0002442598925256473,0.0002442598925256473,0.0004885197850512946,0.0,False,0.10004383824765682,0.10073192708194256,0.0007645818084711209,6.636731567382813,0.9999998265504837,1.0000002670288086,0.000536608507973142,0.0,0.1533280484378338,0.4405416837334633,0.7501305735111237,0.0,2.8309245462878606e-05,0.00012353246289421806,0.001290100467740558,0.003331941938959062,0.09998546242713928,0.10065421275794506
B,v3,bert.encoder.layer.7.attention.self.query,7,Q,sweep,12,12,1.0,0.0002442598925256473,0.0002442598925256473,0.0004885197850512946,0.0,False,8.857709872245324e-09,0.009978590970858932,0.00997858219780028,32.00179901123047,0.9999994355440139,1.0000005906820297,0.0010348101996351033,0.0,0.03707607232034207,0.21929252803325652,0.5952091073989868,0.0,7.66362180456781e-06,3.269880202424247e-05,0.0002466650039423257,0.0009396706538973376,4.238552548940788e-09,0.007263357439078391
B,v3,bert.encoder.layer.7.attention.self.value,7,V,sweep,12,12,1.0,0.0002442598925256473,0.0002442598925256473,0.0004885197850512946,0.0,False,0.0,0.007104860893450677,0.007104860893450677,35.17888362884521,0.9999995505809784,1.0000006198883056,0.0009223842120263725,0.0,0.038727405592799184,0.2507624392211437,0.6656962686777115,0.0,1.7056630404113094e-05,9.292610531701939e-05,0.0010132448276272043,0.0015647207049187273,0.5496744787693024,0.5528809815645218
B,v3,bert.encoder.layer.8.intermediate.dense,8,FFN1,sweep,12,12,1.0,0.0002442598925256473,0.0002442598925256473,0.0004885197850512946,0.0,False,0.00010898617940256372,0.05117733240127564,0.05107391580939293,110.58245872497558,0.9999968749284744,1.0000031000375749,0.002387032643891871,0.0,0.009974707653746008,0.055843197591602806,0.3060761508345604,0.0,2.5476176360825776e-05,0.0001184549616300501,0.0011472194170346485,0.0030693481815978886,5.6114197250280994e-05,0.03259919313713908
B,v3,bert.encoder.layer.8.output.dense,8,FFN2,sweep,12,12,1.0,0.0002442598925256473,0.0002442598925256473,0.0004885197850512946,0.0,False,0.0999671210348606,0.1005950516462326,0.0006976750877220184,6.122288947105408,0.9999998277425766,1.000000102519989,0.0005006536829750985,0.0,0.16476122185587883,0.4594008234143257,0.7645626991987229,0.0,2.2051050036679955e-05,9.384957746078727e-05,0.001064469698467292,0.0038125813729129733,0.09997459061443806,0.10060671977698803
B,v3,bert.encoder.layer.8.attention.self.key,8,K,sweep,12,12,1.0,0.0002442598925256473,0.0002442598925256473,0.0004885197850512946,0.0,False,0.0,0.010258020721375943,0.010258020721375943,47.917787132263186,0.9999992871284484,1.0000006425380707,0.0011646240460686387,0.0,0.028160344623029233,0.184869564473629,0.554829815030098,0.0,1.968492796549981e-05,0.0001020593259454472,0.00047708256257465107,0.001006574488710612,0.5496744787693024,0.5543048858642579
B,v3,bert.encoder.layer.8.attention.output.dense,8,O,sweep,12,12,1.0,0.0002442598925256473,0.0002442598925256473,0.0004885197850512946,0.0,False,0.09996380403637886,0.10061217434704303,0.0007203825656324625,6.291205973625183,0.999999828338623,1.0000001621246337,0.0005116832937346772,0.0,0.16062526181340217,0.4520238745212555,0.7594167441129684,0.0,2.6034935854113427e-05,0.0001097909964300925,0.001402875236235559,0.003821555832400918,0.09996522776782513,0.1006054186820984
B,v3,bert.encoder.layer.8.attention.self.query,8,Q,sweep,12,12,1.0,0.0002442598925256473,0.0002442598925256473,0.0004885197850512946,0.0,False,0.0,0.009225115068256856,0.009225115068256856,33.820655002593995,0.999999195933342,1.0000010693073274,0.0012021814100444317,0.0,0.03827633250504732,0.19718660026788712,0.5418878507614135,0.0,1.0022467076851171e-05,4.9221311819565017e-05,0.0004531162965577096,0.0016653759742621332,4.238552548940788e-09,0.006999206622131169
B,v3,bert.encoder.layer.8.attention.self.value,8,V,sweep,12,12,1.0,0.0002442598925256473,0.0002442598925256473,0.0004885197850512946,0.0,False,1.0008326398747158e-08,0.004860733062960207,0.004860723097808659,26.335877780914306,0.9999996000528335,1.0000003588199615,0.0008849300106521696,0.0,0.05082443065941334,0.26990484476089477,0.6688355946540833,0.0,1.794663737200608e-05,9.407502991962247e-05,0.0010346182418288663,0.0018195748003199696,0.5496744835376739,0.5518686991930007
B,v3,bert.encoder.layer.9.intermediate.dense,9,FFN1,sweep,12,12,1.0,0.0002442598925256473,0.0002442598925256473,0.0004885197850512946,0.0,False,0.0008925224584527314,0.04547818377614021,0.04462548814713955,95.06604804992676,0.9999969178438186,1.0000030291080475,0.0023547054547816515,0.0,0.011492074774578214,0.06019915651530027,0.3113753828406334,0.0,1.8512011520215312e-05,7.590352928673383e-05,0.0009802830510307102,0.0035139112244360147,0.0008110374945681542,0.02874413624405861
B,v3,bert.encoder.layer.9.output.dense,9,FFN2,sweep,12,12,1.0,0.0002442598925256473,0.0002442598925256473,0.0004885197850512946,0.0,False,0.0999902655929327,0.10062097400426864,0.0007007807859918103,6.094569840431213,0.9999998271465301,1.0000001907348632,0.0004980549617903307,0.0,0.16542650371789933,0.4609412541985512,0.7660867077112198,0.0,1.912572681249003e-05,6.875951414258451e-05,0.001120935978833586,0.0040420041722245515,0.09998103328049184,0.10062401302158833
B,v3,bert.encoder.layer.9.attention.self.key,9,K,sweep,12,12,1.0,0.0002442598925256473,0.0002442598925256473,0.0004885197850512946,0.0,False,1.9564828335205674e-08,0.01316971861757338,0.013169699301943182,50.460371818542484,0.9999993747472763,1.0000004982948303,0.0010843337222468108,0.0,0.028487556800246238,0.20250087797641755,0.5957696217298508,0.0,1.648223880692967e-05,9.630183114495594e-05,0.0004369976778980345,0.0009594474954064936,0.5496744871139526,0.5556412675976753
B,v3,bert.encoder.layer.9.attention.output.dense,9,O,sweep,12,12,1.0,0.0002442598925256473,0.0002442598925256473,0.0004885197850512946,0.0,False,0.0999903541058302,0.10061196625232696,0.0006906731496565044,6.034261660575867,0.999999828338623,1.0000001215934753,0.0004933952045394108,0.0,0.16698498889803887,0.4634726566076279,0.7688440465927124,0.0,2.106253621604992e-05,7.951514024171047e-05,0.0012353741735569202,0.004012108040042222,0.09999583840370178,0.10061979576945305
B,v3,bert.encoder.layer.9.attention.self.query,9,Q,sweep,12,12,1.0,0.0002442598925256473,0.0002442598925256473,0.0004885197850512946,0.0,False,0.0,0.005267437756992876,0.005267437756992876,22.206983280181884,0.9999995070695877,1.0000005108118057,0.0009645250986795872,0.0,0.05421386294066906,0.24787411138415336,0.6073909068107605,0.0,6.048512118468352e-06,2.5654590699559777e-05,0.0003083310219517443,0.0012328550848178564,0.0,0.00414893263252452
B,v3,bert.encoder.layer.9.attention.self.value,9,V,sweep,12,12,1.0,0.0002442598925256473,0.0002442598925256473,0.0004885197850512946,0.0,False,0.0,0.006659669512882829,0.006659669512882829,30.863368263244627,0.9999995827674866,1.0000005054473877,0.0008990904071833938,0.0,0.04709436811506748,0.26416083246469496,0.6662788206338882,0.0,1.8655454705367448e-05,0.00010685606255719904,0.000977116513531655,0.0017376489762682469,0.5496744787693024,0.5526926589012146
B,v3,bert.encoder.layer.10.intermediate.dense,10,FFN1,sweep,12,12,1.0,0.0002442598925256473,0.0002442598925256473,0.0004885197850512946,0.0,False,0.0003021594102028757,0.034585559964179995,0.034293762408196926,71.74140174865722,0.9999975997209549,1.0000025236606598,0.0021029181010089816,0.0,0.014659988125786186,0.07126324154436588,0.34712173938751223,0.0,1.2146663693783922e-05,3.8857009476487294e-05,0.0007619467470794916,0.0030400012666359543,0.00030118306807707995,0.021664707586169243
B,v3,bert.encoder.layer.10.output.dense,10,FFN2,sweep,12,12,1.0,0.0002442598925256473,0.0002442598925256473,0.0004885197850512946,0.0,False,0.09993513867259025,0.10056085400283336,0.000695186688681133,6.037509503364563,0.9999998271465301,1.000000138282776,0.0004957896436098963,0.0,0.1670079791545868,0.4632051473855972,0.7646806102991104,0.0,1.5229327482302324e-05,4.4430755006032994e-05,0.0011041057463444305,0.004035803228616714,0.09995831906795502,0.10059834904968738
B,v3,bert.encoder.layer.10.attention.self.key,10,K,sweep,12,12,1.0,0.0002442598925256473,0.0002442598925256473,0.0004885197850512946,0.0,False,9.39454082526936e-09,0.013479757700115442,0.0134797484241426,52.254886589050294,0.9999994152784347,1.0000004887580871,0.0010561832319945098,0.0,0.027813613191246988,0.20654750630259514,0.6097464126348495,0.0,1.309079699240101e-05,8.221737891290104e-05,0.00035103904257994146,0.0009299423999618738,0.5496744829416275,0.5557704919576645
B,v3,bert.encoder.layer.10.attention.output.dense,10,O,sweep,12,12,1.0,0.0002442598925256473,0.0002442598925256473,0.0004885197850512946,0.0,False,0.10002110354602337,0.10065950863063336,0.0007093557418556884,6.186220154762268,0.9999998265504837,1.000000126361847,0.0005063864140538499,0.0,0.16314458057284356,0.45398435950279237,0.7581861305236817,0.0,1.7889529490275892e-05,5.423509439424379e-05,0.001283470167982159,0.004100246212910861,0.10001405581831932,0.10066933639347553
B,v3,bert.encoder.layer.10.attention.self.query,10,Q,sweep,12,12,1.0,0.0002442598925256473,0.0002442598925256473,0.0004885197850512946,0.0,False,0.0,0.004478550585918129,0.004478550585918129,22.62346061706543,0.9999995082616806,1.0000006777048112,0.0009671598701970652,0.0,0.05111096285283565,0.23984533235430716,0.6094037628173828,0.0,4.070811598921864e-06,1.3023472856730223e-05,0.00024386394219618523,0.0011199520423542707,4.238552548940788e-09,0.004522281251847744
B,v3,bert.encoder.layer.10.attention.self.value,10,V,sweep,12,12,1.0,0.0002442598925256473,0.0002442598925256473,0.0004885197850512946,0.0,False,9.39454082526936e-09,0.00725800521671772,0.007257995884865523,33.672276725769045,0.9999995392560959,1.0000005847215652,0.0009273487736936658,0.0,0.042272049374878405,0.25455122724175455,0.6589951974153518,0.0,1.7313082216787735e-05,0.00012601926726347302,0.0007373128578183241,0.0015094325080281124,0.5496744829416275,0.5529571452736854
B,v3,bert.encoder.layer.11.intermediate.dense,11,FFN1,sweep,12,12,1.0,0.0002442598925256473,0.0002442598925256473,0.0004885197850512946,0.0,False,8.473124739794003e-06,0.01772255402058363,0.017714230995625257,47.32252338409424,0.9999987059831619,1.0000012934207916,0.0015840940282214433,0.0,0.021371596083045005,0.09830070398747921,0.43670491337776185,0.0,7.650512957297906e-06,1.1014073970727623e-05,0.0006632283504313818,0.0028811403177678584,6.337695699585311e-06,0.013713011341169477
B,v3,bert.encoder.layer.11.output.dense,11,FFN2,sweep,12,12,1.0,0.0002442598925256473,0.0002442598925256473,0.0004885197850512946,0.0,False,0.10002558931708336,0.1007099188119173,0.0007603896572254598,6.892016186714172,0.9999998271465301,1.0000001728534698,0.0005470212374348194,0.0,0.14608582600951195,0.40758835911750796,0.6996664237976075,0.0,1.1647212195384782e-05,1.5463138979612267e-05,0.0009279113681441232,0.0037482540193013846,0.10001338191330433,0.10076644949615002
B,v3,bert.encoder.layer.11.attention.self.key,11,K,sweep,12,12,1.0,0.0002442598925256473,0.0002442598925256473,0.0004885197850512946,0.0,False,0.0,0.012196766613051295,0.012196766613051295,49.35216167449951,0.9999994802474975,1.0000006920099258,0.0009985565824899823,0.0,0.03110322518274188,0.22371324941515922,0.6351560223102569,0.0,1.300077254200005e-05,7.06994491702062e-05,0.00032068984961370006,0.001054355044325348,0.5496744787693024,0.555207788348198
B,v3,bert.encoder.layer.11.attention.output.dense,11,O,sweep,12,12,1.0,0.0002442598925256473,0.0002442598925256473,0.0004885197850512946,0.0,False,0.09997302778065205,0.10063209898769855,0.000732280119555071,6.356351599693299,0.9999998277425766,1.0000001084804535,0.0005195270519470795,0.0,0.15822207063436508,0.4335857284069061,0.7311514633893966,0.0,1.2370185040708747e-05,1.8915722539531997e-05,0.001115918936120579,0.005064953949768096,0.09999870799481869,0.10066833607852459
B,v3,bert.encoder.layer.11.attention.self.query,11,Q,sweep,12,12,1.0,0.0002442598925256473,0.0002442598925256473,0.0004885197850512946,0.0,False,0.0,0.005433135665953159,0.005433135665953159,25.845971946716308,0.999999527335167,1.000000403523445,0.0009392625943291932,0.0,0.04620007544755936,0.24632260277867318,0.6315389287471771,0.0,2.0776033841229945e-06,4.358194178166741e-06,0.0001566018549237924,0.001158813508809544,0.0,0.0049643326411023736
B,v3,bert.encoder.layer.11.attention.self.value,11,V,sweep,12,12,1.0,0.0002442598925256473,0.0002442598925256473,0.0004885197850512946,0.0,False,0.0,0.006830610856413841,0.006830610856413841,34.21569789886475,0.9999995964765549,1.00000039935112,0.0008802864502649755,0.0,0.04713181845843792,0.2746784722805023,0.6801253420114517,0.0,1.5026042929093819e-05,0.0001077607801562408,0.0006750190063030459,0.002080224304809235,0.5496744787693024,0.5527678260207176
