layer_name,layer_idx,sublayer,variant,dac_bits,EZR_mean,QZR_all_mean,QZR_nonzero_mean,ODR_mean,cosine_sim,ratio_q50,ratio_q90,ratio_q99,p_clip,absmax_q50,absmax_q90,absmax_q99,absmax_q999,EZR_pad_mean,QZR_all_pad_mean
bert.encoder.layer.0.intermediate.dense,0,FFN1,sweep,4,0.39992043375968933,0.8737738132476807,0.7897158066431681,458205.7708333333,0.9830664793650309,0.0020064940908923745,0.08775317172209422,0.3402530451615651,0.0,0.009639656015982231,0.02359575219452381,0.13350669542948404,0.459186057249705,0.3818451166152954,0.9042562047640482
bert.encoder.layer.0.output.dense,0,FFN2,sweep,4,0.09943718711535136,0.30619917313257855,0.2295925517876943,6.9025468826293945,0.9971160093943278,0.1502999116977056,0.4495622217655182,0.7639671762784322,0.0,0.006775206808621685,0.015586715036382278,0.10675724844137828,0.24167480071385702,0.09973370532194774,0.30639536182085675
bert.encoder.layer.0.attention.self.key,0,K,sweep,4,0.0,0.6401501893997192,0.6401501893997192,33.03324762980143,0.9895433982213339,0.043613042682409286,0.21991601089636484,0.6097566882769266,3.8580246837227605e-06,0.008911809884011745,0.03324804423997799,0.11595374594132106,0.6196498076121012,0.5998263855775198,0.8568945924441019
bert.encoder.layer.0.attention.output.dense,0,O,sweep,4,0.10018135855595271,0.30887719988822937,0.23192940652370453,6.98611577351888,0.9967729250590006,0.14671332140763602,0.4302877386411031,0.7453964551289877,0.0,0.01398242979000012,0.03129761045177778,0.2352547893921534,0.6516639987627665,0.10014230261246364,0.30956749121348065
bert.encoder.layer.0.attention.self.query,0,Q,sweep,4,0.0,0.5043723980585734,0.5043723980585734,14.986871083577475,0.9898413022359213,0.07060190041859944,0.24924802283445993,0.5960318843523661,0.0,0.00393814139533788,0.011121484450995922,0.08620805852115154,0.4996287326018016,3.616898175096139e-05,0.5130943059921265
bert.encoder.layer.0.attention.self.value,0,V,sweep,4,0.0,0.5822240710258484,0.5822240710258484,24.8822504679362,0.9894962310791016,0.05492647116382917,0.235231747229894,0.6035144726435343,1.9290123418613803e-06,0.01978544487307469,0.053472450003027916,0.29287531475226086,0.6500169237454733,0.5998263855775198,0.834429144859314
bert.encoder.layer.1.intermediate.dense,1,FFN1,sweep,4,0.43020664652188617,0.8787379463513693,0.7871899406115214,511294.2916666667,0.9853339195251465,0.00024257519301803163,0.08846563845872879,0.3562967777252197,0.0,0.006814179942011833,0.015682973122845095,0.14608086521426836,0.47987301150957745,0.4378125270207723,0.8828045924504598
bert.encoder.layer.1.output.dense,1,FFN2,sweep,4,0.09991351515054703,0.3105810781319936,0.2340531349182129,7.04266897837321,0.9969290494918823,0.14748730262120566,0.4459571937719981,0.762973407904307,0.0,0.00503260704378287,0.010508191306143999,0.09352317390342553,0.25561290234327316,0.100218599041303,0.3197699586550395
bert.encoder.layer.1.attention.self.key,1,K,sweep,4,0.0,0.7631635864575704,0.7631635864575704,48.495293935139976,0.9856759111086527,0.026032290731867153,0.147236630320549,0.5473377704620361,0.0,0.007101727416738868,0.02340699639171362,0.0775896708170573,0.1285047878821691,0.5998263855775198,0.9043081800142924
bert.encoder.layer.1.attention.output.dense,1,O,sweep,4,0.10016796986262004,0.3039149343967438,0.2264303465684255,6.8411838213602705,0.9968511064847311,0.14896319806575775,0.4370199640591939,0.7538378437360128,0.0,0.008315305535991987,0.01810728820661704,0.2224739429851373,0.6315675179163615,0.1001858189702034,0.3162005345026652
bert.encoder.layer.1.attention.self.query,1,Q,sweep,4,0.0,0.5459574262301127,0.5459574262301127,17.075295130411785,0.9890350500742594,0.062452865143617,0.24088329076766968,0.6021405061086019,0.0,0.002260596491396427,0.00505839226146539,0.05045786655197541,0.15871626138687134,0.00014467592700384557,0.4948284129301707
bert.encoder.layer.1.attention.self.value,1,V,sweep,4,0.0,0.5968649784723917,0.5968649784723917,25.09209950764974,0.9902428189913431,0.051450811326503754,0.23775407671928406,0.6028204162915548,0.0,0.010804243385791779,0.031034027847150963,0.11742758750915527,0.5673157771428426,0.5998263855775198,0.8409960667292277
bert.encoder.layer.2.intermediate.dense,2,FFN1,sweep,4,0.466760794321696,0.8587526480356852,0.7352388699849447,377932.171875,0.9855471253395081,8.885048431276725e-05,0.10219722489515941,0.35961774984995526,0.0,0.004242176345239083,0.009580716645965973,0.187596104418238,0.3697773814201355,0.46420033772786456,0.8464585940043131
bert.encoder.layer.2.output.dense,2,FFN2,sweep,4,0.10004680852095287,0.4069707194964091,0.341037392616272,11.930332819620768,0.9934351444244385,0.10052693138519923,0.41014283895492554,0.7387914260228475,0.0,0.0031408489060898623,0.007499837161352237,0.05832903149227301,0.22821268190940222,0.100173386434714,0.4621005654335022
bert.encoder.layer.2.attention.self.key,2,K,sweep,4,0.0,0.7960824966430664,0.7960824966430664,61.99151865641276,0.9837314287821451,0.02106061764061451,0.12937649339437485,0.4858024020989736,0.0,0.003733812947757542,0.011190373140076796,0.038304497177402176,0.09798907240231831,0.5998263855775198,0.9181665579477946
bert.encoder.layer.2.attention.output.dense,2,O,sweep,4,0.09980737417936325,0.33339696129163104,0.2594843804836273,8.029219150543213,0.995597759882609,0.13585983961820602,0.4217552940050761,0.7427005370457967,0.0,0.005312805762514472,0.01350377577667435,0.1739101049800714,0.5979077021280924,0.09974896411101024,0.36828669905662537
bert.encoder.layer.2.attention.self.query,2,Q,sweep,4,6.551362457685173e-05,0.6410749157269796,0.6410512526830038,24.0783634185791,0.9879503051439921,0.04543457676966985,0.2052740901708603,0.587154229482015,0.0,0.0011809888334634404,0.0031538880818213024,0.02900859247893095,0.11065675069888432,0.0004701967700384557,0.6321925322214762
bert.encoder.layer.2.attention.self.value,2,V,sweep,4,0.0,0.6051800847053528,0.6051800847053528,26.83684730529785,0.9914403160413107,0.04801645874977112,0.2542433887720108,0.6474480032920837,0.0,0.007101569324731827,0.02143134828656912,0.08827957510948181,0.2308328996102015,0.5998263855775198,0.8440359632174174
bert.encoder.layer.3.intermediate.dense,3,FFN1,sweep,4,0.46552447477976483,0.8705157041549683,0.758146067460378,144797.51302083334,0.9788329799969991,6.71563244244074e-05,0.09813420971234639,0.36721614996592206,0.0,0.0005981641394707063,0.0023537358889977136,0.15852653235197067,0.36177437504132587,0.4671356777350108,0.8595965305964152
bert.encoder.layer.3.output.dense,3,FFN2,sweep,4,0.10045755157868068,0.42360788583755493,0.35923226674397785,13.682759284973145,0.9879970749219259,0.09661160409450531,0.3772582511107127,0.7060947815577189,0.0,0.0006144244495468835,0.002333930693566799,0.04927933309227228,0.10755827774604161,0.10020786027113597,0.39658496777216595
bert.encoder.layer.3.attention.self.key,3,K,sweep,4,0.0,0.9333821932474772,0.9333821932474772,212.93063354492188,0.9861102302869161,0.006344521883875132,0.051097214221954346,0.43884479999542236,0.0,0.004758305381983519,0.01446768439685305,0.04759288392961025,0.06831616039077441,0.5998263855775198,0.9730936686197916
bert.encoder.layer.3.attention.output.dense,3,O,sweep,4,0.09940199802319209,0.6296431620915731,0.5887599388758341,39.683308919270836,0.9712303280830383,0.04104972009857496,0.26300569375356037,0.6172278920809428,1.1574074354333183e-05,0.002390165696851909,0.013117002633710703,0.28494463488459587,1.0148420631885529,0.10001627604166667,0.6042808294296265
bert.encoder.layer.3.attention.self.query,3,Q,sweep,4,0.0013815232280952234,0.5851494669914246,0.5845678051312765,20.3436222076416,0.9904669324556986,0.054196098198493324,0.2370269944270452,0.6286364396413168,0.0,0.00015816787587633976,0.0003450507453332345,0.02839918582079311,0.09436784436305364,0.0007595486240461469,0.5811649163564047
bert.encoder.layer.3.attention.self.value,3,V,sweep,4,0.0,0.721855103969574,0.721855103969574,61.08025995890299,0.9909827510515848,0.022042859966556232,0.19535313546657562,0.5893452167510986,0.0,0.007181137800216675,0.018498620639244717,0.18349738729496798,0.3506328264872233,0.5998263855775198,0.8863525390625
bert.encoder.layer.4.intermediate.dense,4,FFN1,sweep,4,0.4375697771708171,0.8583683967590332,0.7486969629923502,39803.711588541664,0.9809553424517313,0.0009639958492092168,0.10192859917879105,0.35460365811983746,0.0,0.0005253566681252172,0.0012595885588477056,0.06467721021423738,0.15326071778933206,0.4323560893535614,0.854366143544515
bert.encoder.layer.4.output.dense,4,FFN2,sweep,4,0.09994654605786006,0.37046748399734497,0.3005695541699727,10.064414024353027,0.9919997255007426,0.11754016081492107,0.404477059841156,0.7261807521184286,0.0,0.00045413516151408356,0.0013926064129918814,0.020927532576024532,0.03910202284653982,0.09991568326950073,0.3465508421262105
bert.encoder.layer.4.attention.self.key,4,K,sweep,4,0.0,0.8241322239240011,0.8241322239240011,88.04286448160808,0.989234447479248,0.015520619228482246,0.12818790972232819,0.6230265100797018,0.0,0.00021130127909903726,0.0007495909036758045,0.014596765007202825,0.038209823270638786,0.5998263855775198,0.9299593369166056
bert.encoder.layer.4.attention.output.dense,4,O,sweep,4,0.09980233013629913,0.5730696519215902,0.52574356396993,29.018950780232746,0.9745882153511047,0.053140887369712196,0.29126856724421185,0.6274948517481486,0.0,0.0015570607890064518,0.0073163847749431925,0.1566899468501409,0.2977105677127838,0.09975348661343257,0.5332183837890625
bert.encoder.layer.4.attention.self.query,4,Q,sweep,4,0.001069096033461392,0.7896218697230021,0.7894073526064554,116.73660532633464,0.9883716702461243,0.015714268200099468,0.14755390087763467,0.5542080601056417,0.0,9.419475342535104e-05,0.00022147367902410528,0.003498928543801109,0.019853214733302593,0.0004701967700384557,0.7677702705065409
bert.encoder.layer.4.attention.self.value,4,V,sweep,4,0.0,0.6246881286303202,0.6246881286303202,28.236218134562176,0.9926365812619528,0.042894249161084495,0.2628513475259145,0.6745511094729105,0.0,0.00029436680779326707,0.0006118466456731161,0.2085504833764086,0.3583494524161021,0.5998263855775198,0.8502824703852335
bert.encoder.layer.5.intermediate.dense,5,FFN1,sweep,4,0.42775389552116394,0.8478560050328573,0.7345190246899923,23641.264973958332,0.9826947649319967,0.0015528267346477758,0.11026381701231003,0.36335955063501996,0.0,0.000414594115378956,0.0010400749937010307,0.01755356105665366,0.04499801993370056,0.43218811353047687,0.8490914305051168
bert.encoder.layer.5.output.dense,5,FFN2,sweep,4,0.09909096608559291,0.285548597574234,0.20696739355723062,6.248451232910156,0.9972964922587076,0.16273996233940125,0.4603385329246521,0.769490381081899,0.0,0.0002966918400488794,0.0005060820064196984,0.009662148853143057,0.015016837976872921,0.09956416487693787,0.28729700048764545
bert.encoder.layer.5.attention.self.key,5,K,sweep,4,0.0,0.8469763199488322,0.8469763199488322,94.63014602661133,0.9805009365081787,0.015491350864370665,0.10111004610856374,0.43232282996177673,0.0,0.00022170636414860687,0.0005543795026217898,0.009288984816521406,0.02923649487396081,0.5998263855775198,0.9426761070887247
bert.encoder.layer.5.attention.output.dense,5,O,sweep,4,0.09996662040551503,0.5192494491736094,0.4658574064572652,22.11157480875651,0.9789019227027893,0.06634988635778427,0.3268013695875804,0.6615297993024191,0.0,0.0009464886388741434,0.004793435490379731,0.05494182867308458,0.16359452654918036,0.10021294405062993,0.4622610608736674
bert.encoder.layer.5.attention.self.query,5,Q,sweep,4,0.0,0.7434958418210348,0.7434958418210348,75.52281316121419,0.9891473452250162,0.020602316906054814,0.1786064306894938,0.5563030242919922,0.0,6.699145281648573e-05,0.0001722651165133963,0.003160983712101976,0.01659124530851841,0.0,0.70443727572759
bert.encoder.layer.5.attention.self.value,5,V,sweep,4,0.0,0.7372640172640482,0.7372640172640482,49.43061955769857,0.9891310930252075,0.027360766505201656,0.1875695288181305,0.5824945966402689,0.0,0.0005759523191954941,0.0009895089315250516,0.04567296003612379,0.10726358989874522,0.5998263855775198,0.8993829886118571
bert.encoder.layer.6.intermediate.dense,6,FFN1,sweep,4,0.3747456570466359,0.8309178153673807,0.7297107179959615,10894.022623697916,0.9859986901283264,0.0023333680971215167,0.13005744914213815,0.4187500278155009,0.0,0.00025385992194060236,0.0005875618565672388,0.012176820232222477,0.023870182534058888,0.3774705131848653,0.8237814903259277
bert.encoder.layer.6.output.dense,6,FFN2,sweep,4,0.09939011434714,0.2847513059775035,0.20581775406996408,6.183343092600505,0.9973029692967733,0.1631047030289968,0.4574586749076843,0.7673244873682658,0.0,0.00022427230821146318,0.00037679260519022745,0.009193778038024902,0.014120779931545258,0.09978004544973373,0.2861921489238739
bert.encoder.layer.6.attention.self.key,6,K,sweep,4,0.0,0.8178954720497131,0.8178954720497131,80.3003158569336,0.9853442311286926,0.016537583122650783,0.12123216191927592,0.4890426496664683,0.0,0.00018986209276287505,0.0006380674312822521,0.004980764933861792,0.011722652241587639,0.5998263855775198,0.9292692939440409
bert.encoder.layer.6.attention.output.dense,6,O,sweep,4,0.09990184009075165,0.31436378757158917,0.23826034863789877,7.270011107126872,0.9960070848464966,0.14250563085079193,0.42703819274902344,0.7426035404205322,0.0,0.00035133337951265275,0.0007670816460934778,0.01710791668544213,0.03489855552713076,0.09984164933363597,0.31434914469718933
bert.encoder.layer.6.attention.self.query,6,Q,sweep,4,0.0,0.7583306829134623,0.7583306829134623,51.08522288004557,0.9874815146128336,0.0237611581881841,0.1565731962521871,0.5504414836565653,0.0,6.117154771345668e-05,0.0001456958198104985,0.0029726041636119285,0.007256674425055583,0.0,0.7250405748685201
bert.encoder.layer.6.attention.self.value,6,V,sweep,4,0.0,0.5760882894198099,0.5760882894198099,23.95077069600423,0.9931758642196655,0.053225415448347725,0.2818475166956584,0.6787033478418986,0.0,0.0002384528391606485,0.0005806268406255791,0.016720737951497238,0.04280135159691175,0.5998263855775198,0.8347585995992025
bert.encoder.layer.7.intermediate.dense,7,FFN1,sweep,4,0.3756245772043864,0.8190026680628458,0.7102247079213461,7075.08349609375,0.9872117241223654,0.0037306688415507474,0.1350720872481664,0.42349762717882794,0.0,0.0002066420274786651,0.00039579177003664273,0.007742783986032009,0.013333206375439962,0.37832613786061603,0.8266279498736063
bert.encoder.layer.7.output.dense,7,FFN2,sweep,4,0.09965122242768605,0.28561299045880634,0.2065446674823761,6.253632386525472,0.997231662273407,0.16280439496040344,0.4612552622954051,0.770853598912557,0.0,0.00019230339967180043,0.0003514173877192661,0.005632432488103707,0.011117948219180107,0.09988968322674434,0.2853936155637105
bert.encoder.layer.7.attention.self.key,7,K,sweep,4,0.0,0.8169703284899393,0.8169703284899393,95.60812632242839,0.9864455262819926,0.015342974103987217,0.125494214395682,0.49084951480229694,0.0,7.329301661229692e-05,0.00020461060921661556,0.0020499590900726616,0.008644130236158768,0.5998263855775198,0.9274286429087321
bert.encoder.layer.7.attention.output.dense,7,O,sweep,4,0.10009122639894485,0.3029771645863851,0.22545589009920755,6.820594469706218,0.9965676267941793,0.1497851312160492,0.43458770712216693,0.744723896185557,0.0,0.0003018020991779243,0.0005706472826811174,0.014159560513993105,0.020822645475467045,0.1002129465341568,0.3007518748442332
bert.encoder.layer.7.attention.self.query,7,Q,sweep,4,0.0,0.7664292256037394,0.7664292256037394,46.41863123575846,0.9867202440897623,0.024597670262058575,0.14539663990338644,0.5452251633008321,0.0,3.3669955276612505e-05,7.44771435468768e-05,0.0017541282577440143,0.0031351582147181034,0.0,0.7437015175819397
bert.encoder.layer.7.attention.self.value,7,V,sweep,4,0.0,0.6762645443280538,0.6762645443280538,44.650919596354164,0.9923084179560343,0.0329625296096007,0.2391714801390966,0.6575692097345988,0.0,0.00010958406831681107,0.0002774980287843694,0.00899816358772417,0.03041208287080129,0.5998263855775198,0.8692926367123922
bert.encoder.layer.8.intermediate.dense,8,FFN1,sweep,4,0.34316039085388184,0.8158540527025858,0.7195958892504374,8274.742248535156,0.9832410017649332,0.012264572083950043,0.12654466927051544,0.41010360916455585,0.0,0.0001899190635109941,0.0003840800297136108,0.004989269810418288,0.0164396312708656,0.3334123194217682,0.8209366997083029
bert.encoder.layer.8.output.dense,8,FFN2,sweep,4,0.09993339826663335,0.29905879497528076,0.22123267749945322,6.735746542612712,0.9967511693636576,0.1553003986676534,0.45037012298901874,0.760656495889028,0.0,0.00018683787008437017,0.0003610586087840299,0.005015540790433685,0.013808739682038626,0.10005018611749013,0.29344064990679425
bert.encoder.layer.8.attention.self.key,8,K,sweep,4,0.0,0.7528952757517496,0.7528952757517496,46.253170013427734,0.9852954546610514,0.02657279558479786,0.15600253144900003,0.505582183599472,0.0,8.511354826623574e-05,0.00024915087366631877,0.0024062872786695757,0.006862817953030269,0.5998263855775198,0.9028269648551941
bert.encoder.layer.8.attention.output.dense,8,O,sweep,4,0.0993493249018987,0.30026788512865704,0.22308156390984854,6.80240265528361,0.9966576298077902,0.15193378428618112,0.44214271505673725,0.7542457779248556,0.0,0.00025724226725287735,0.00048068881733343005,0.008247465516130129,0.018482917609314125,0.09966306388378143,0.29468395312627155
bert.encoder.layer.8.attention.self.query,8,Q,sweep,4,0.0,0.6809359192848206,0.6809359192848206,32.309563318888344,0.9879400730133057,0.03760418544212977,0.1857249935468038,0.5689770181973776,0.0,3.937342504893119e-05,8.951149114485209e-05,0.0015102169709280133,0.0035522847902029753,0.0,0.6287751396497091
bert.encoder.layer.8.attention.self.value,8,V,sweep,4,0.0,0.4760790467262268,0.4760790467262268,14.911304473876953,0.9934434493382772,0.07722553114096324,0.31391723950703937,0.6860890587170919,0.0,9.96604891649137e-05,0.00023424585136429718,0.005259365503055354,0.01887576002627611,0.5998263855775198,0.7910585800806681
bert.encoder.layer.9.intermediate.dense,9,FFN1,sweep,4,0.45432854692141217,0.8799986640612284,0.7804780006408691,12545.409505208334,0.9819784561793009,0.0007804210848310807,0.08824110279480617,0.36596983671188354,0.0,0.00017517584880503514,0.0004852825174263368,0.004814584972336888,0.013452095290025076,0.4552900493144989,0.877620279788971
bert.encoder.layer.9.output.dense,9,FFN2,sweep,4,0.10014862567186356,0.28304269909858704,0.2032503585020701,6.100286642710368,0.9973812898000082,0.16604050000508627,0.4682038923104604,0.7756526470184326,0.0,0.000157399522625686,0.00024006248471171907,0.004767065693158656,0.009748491458594799,0.10027736922105153,0.2799174090226491
bert.encoder.layer.9.attention.self.key,9,K,sweep,4,0.0,0.7020312349001566,0.7020312349001566,35.136610666910805,0.9855220913887024,0.03417064187427362,0.17415200173854828,0.5077735881010691,0.0,7.665321027161554e-05,0.00019908367054692158,0.0013135149298856656,0.003353745133305589,0.5998263855775198,0.8828260699907938
bert.encoder.layer.9.attention.output.dense,9,O,sweep,4,0.10008355975151062,0.3164994219938914,0.2404999037583669,7.638086001078288,0.9957258701324463,0.14634558061758676,0.44272784392038983,0.754544754823049,0.0,0.00021212592158311358,0.0005179108896603187,0.005959361791610718,0.023000440560281277,0.09983769059181213,0.30395564436912537
bert.encoder.layer.9.attention.self.query,9,Q,sweep,4,0.0,0.5715539852778116,0.5715539852778116,18.796916325887043,0.9902976155281067,0.05731051415205002,0.23626642922560373,0.5993353327115377,0.0,2.7434837951053243e-05,5.551583429526848e-05,0.0004850876866839826,0.0027296103071421385,0.0,0.5481669108072916
bert.encoder.layer.9.attention.self.value,9,V,sweep,4,0.0,0.39889491597811383,0.39889491597811383,11.15824031829834,0.9947059353192648,0.09915444254875183,0.35229166348775226,0.7198242743810018,0.0,0.00012359233126820376,0.0002452518480519454,0.004003700179358323,0.013822224922478199,0.5998263855775198,0.7601612210273743
bert.encoder.layer.10.intermediate.dense,10,FFN1,sweep,4,0.2357860952615738,0.7786306341489156,0.7104952136675516,95.26133600870769,0.9865378737449646,0.01593886346866687,0.15448300540447235,0.457706739505132,0.0,8.452881350725268e-05,0.00012149251900458087,0.0038706751705224938,0.00969870543728272,0.23519953588644663,0.7731751203536987
bert.encoder.layer.10.output.dense,10,FFN2,sweep,4,0.09985352059205373,0.2765924831231435,0.1963465909163157,5.788983186086019,0.9975777665774027,0.17380466063817343,0.47934092084566754,0.7825921575228373,0.0,9.692707923629011e-05,0.00012955072452314198,0.0047890149483767646,0.009333564899861813,0.09963876257340114,0.27497920393943787
bert.encoder.layer.10.attention.self.key,10,K,sweep,4,0.0,0.5662766595681509,0.5662766595681509,21.168580373128254,0.9899962345759074,0.05772365008791288,0.25375307102998096,0.6192062099774679,0.0,6.506744224073675e-05,0.00016635892097838223,0.0003562502582402279,0.0008761323988437653,0.5998263855775198,0.8287653128306071
bert.encoder.layer.10.attention.output.dense,10,O,sweep,4,0.09993003805478413,0.33822686473528546,0.2647543301184972,8.470236778259277,0.9945185780525208,0.13217916587988535,0.41885700821876526,0.7319583495457967,0.0,0.00012827128860711431,0.0003138358927875136,0.005136106881157805,0.019596683482329052,0.09987894942363103,0.3261396686236064
bert.encoder.layer.10.attention.self.query,10,Q,sweep,4,0.0007628409948665649,0.34221264719963074,0.34171296159426373,9.240392049153646,0.9944658279418945,0.11336886634429295,0.3450630009174347,0.6882375280062357,0.0,5.4879586362706805e-06,1.0971507739062266e-05,0.0001956763953785412,0.0009682323434390128,0.00028935185643301037,0.33621667822202045
bert.encoder.layer.10.attention.self.value,10,V,sweep,4,0.0,0.3334592779477437,0.3334592779477437,9.096373558044434,0.9952239394187927,0.11997505277395248,0.37216325600941974,0.6987959742546082,0.0,0.00013859497994417325,0.00023637684838225445,0.0007867341434272627,0.0018364339096782107,0.5998263855775198,0.7339296738306681
bert.encoder.layer.11.intermediate.dense,11,FFN1,sweep,4,0.2617031931877136,0.6669530868530273,0.5489047567049662,33.82081286112467,0.9918685158093771,0.030452440182367962,0.23686330020427704,0.5514545639355978,0.0,2.649333449274612e-05,3.433321035117842e-05,0.004577484151620108,0.009932949518164,0.26016291975975037,0.6596258680025736
bert.encoder.layer.11.output.dense,11,FFN2,sweep,4,0.10007718950510025,0.30644491314888,0.22931724786758423,6.967203934987386,0.9967952966690063,0.14493213593959808,0.4094921449820201,0.6926404039065043,0.0,3.560619128014272e-05,4.2172099104694403e-05,0.005067387995950412,0.00965106145789226,0.10001627604166667,0.3072199026743571
bert.encoder.layer.11.attention.self.key,11,K,sweep,4,0.0,0.4977034330368042,0.4977034330368042,15.999929428100586,0.9900163610776266,0.0727752335369587,0.2836557726065318,0.6443480849266052,0.0,4.9594129450269975e-05,0.00010221383611982067,0.00022971074455805743,0.00031620643130736426,0.5998263855775198,0.7932292819023132
bert.encoder.layer.11.attention.output.dense,11,O,sweep,4,0.0998163769642512,0.2772644857565562,0.19712424278259277,5.9482855796813965,0.997464120388031,0.16916865607102713,0.46940749883651733,0.7753687103589376,0.0,3.6618228477891535e-05,5.113616498420015e-05,0.005559488919971045,0.014170638285577297,0.09985803812742233,0.2771143118540446
bert.encoder.layer.11.attention.self.query,11,Q,sweep,4,0.0,0.2601446012655894,0.2601446012655894,6.913044770558675,0.9959155321121216,0.14939251045385996,0.4054391086101532,0.7188519438107809,0.0,1.0477426712895976e-06,1.812064283512882e-06,0.0001725341253404622,0.0003702736673100541,0.0,0.2562510172526042
bert.encoder.layer.11.attention.self.value,11,V,sweep,4,0.0,0.2689010401566823,0.2689010401566823,7.082411607106526,0.9960537751515707,0.14485541979471842,0.3966301381587982,0.7178773085276285,0.0,9.722569423805301e-05,0.0001435354570276104,0.00026072972589948523,0.0004976049288719272,0.5998263855775198,0.707628051439921
bert.encoder.layer.0.intermediate.dense,0,FFN1,sweep,6,0.04164573922753334,0.7415120800336202,0.7302969694137573,230.13737996419272,0.9975972374280294,0.004879086433599393,0.04392674192786217,0.291027973095576,0.0,0.00014617971707290658,0.0004834379942622036,0.0025290181705107293,0.007838383549824357,0.048433092733224235,0.8077867229779562
bert.encoder.layer.0.output.dense,0,FFN2,sweep,6,0.09943718711535136,0.14383268853028616,0.049297623336315155,6.51557191212972,0.9998362263043722,0.15719369053840637,0.45210618774096173,0.7605657974878947,0.0,0.00010167881070325772,0.00040069702663458884,0.0020633734917889037,0.005572936652849118,0.09973370532194774,0.1475044588247935
bert.encoder.layer.0.attention.self.key,0,K,sweep,6,0.0,0.20272169510523477,0.20272169510523477,22.5906925201416,0.9994764924049377,0.05502494300405184,0.24773145218690237,0.6241852641105652,0.0,7.636739610461518e-05,0.00022697169818760207,0.0009437380164551238,0.0016370188677683473,0.5998263855775198,0.6819288531939188
bert.encoder.layer.0.attention.output.dense,0,O,sweep,6,0.10018135855595271,0.1458057314157486,0.05070389931400617,6.656728108723958,0.9998233119646708,0.15483450392882028,0.4487239420413971,0.7577740947405497,0.0,0.000164832240746667,0.0005691794018882016,0.002962131674091021,0.00850214653958877,0.10014230261246364,0.1483685572942098
bert.encoder.layer.0.attention.self.query,0,Q,sweep,6,0.0,0.1421848883231481,0.1421848883231481,15.282057126363119,0.9994577765464783,0.06868651509284973,0.24104788402716318,0.5849389235178629,0.0,4.458288579674748e-05,0.00015659448399674147,0.0009068468546805283,0.002644204224149386,5.651403398587718e-07,0.17290920515855154
bert.encoder.layer.0.attention.self.value,0,V,sweep,6,0.0,0.16528254747390747,0.16528254747390747,18.66930325826009,0.9995344082514445,0.06828700751066208,0.27329419056574505,0.6371132532755533,0.0,0.0001397965388605371,0.00046013355798398453,0.001931903224127988,0.004029098587731521,0.5998263855775198,0.6664502223332723
bert.encoder.layer.1.intermediate.dense,1,FFN1,sweep,6,0.07523475587368011,0.7310073773066202,0.7092143694559733,252.74998982747397,0.9971748391787211,0.0051976474933326244,0.0463948038717111,0.28099851806958515,0.0,0.00016094452197042605,0.0005425945661651591,0.0023751764092594385,0.007264092254141967,0.1013601819674174,0.7837870717048645
bert.encoder.layer.1.output.dense,1,FFN2,sweep,6,0.09991351515054703,0.15954531729221344,0.0662512257695198,8.773971875508627,0.99966828028361,0.13013032575448355,0.42042354742685956,0.7330522139867147,0.0,0.00013541412287546942,0.0005484789532298843,0.0027352075558155775,0.006871479408194621,0.100218599041303,0.1709176500638326
bert.encoder.layer.1.attention.self.key,1,K,sweep,6,0.0,0.23714911937713623,0.23714911937713623,25.807392120361328,0.9994369347890218,0.049046156307061516,0.23788747688134512,0.6084727048873901,0.0,7.897337006094556e-05,0.0002577726894135897,0.0012301517805705469,0.00260258826892823,0.5998263855775198,0.695630689462026
bert.encoder.layer.1.attention.output.dense,1,O,sweep,6,0.10016796986262004,0.158743883172671,0.06509566182891528,8.679611206054688,0.9996642470359802,0.13152543207009634,0.42178436120351154,0.7347772916158041,0.0,0.00018753203039523214,0.000766117610813429,0.004195839011420806,0.009742064711948236,0.1001858189702034,0.1662699431180954
bert.encoder.layer.1.attention.self.query,1,Q,sweep,6,0.0,0.223441610733668,0.223441610733668,23.140920639038086,0.9993413686752319,0.04963334649801254,0.21163876354694366,0.5614255865414938,0.0,6.0354204227526985e-05,0.00023380774170315513,0.0015415037826945384,0.0048022510794301825,0.0,0.23169397314389548
bert.encoder.layer.1.attention.self.value,1,V,sweep,6,0.0,0.21624368925889334,0.21624368925889334,24.55982844034831,0.9994593262672424,0.05522251253326734,0.24821682771046957,0.6186346213022867,0.0,0.00011285646420825894,0.00039621089429905015,0.002432575332932174,0.005959453992545605,0.5998263855775198,0.6875825126965841
bert.encoder.layer.2.intermediate.dense,2,FFN1,sweep,6,0.09309857835372289,0.7393714189529419,0.7127179304758707,318.9039815266927,0.9970739881197611,0.0048336574497322244,0.043393695106108986,0.26497555275758106,0.0,0.00016383461479563266,0.0006299955809178451,0.0026656418728331723,0.0067031279516716795,0.1146642913420995,0.771523098150889
bert.encoder.layer.2.output.dense,2,FFN2,sweep,6,0.10004680852095287,0.2648723175128301,0.1831479767958323,28.304332097371418,0.9985164602597555,0.06255510076880455,0.3161441882451375,0.6452255646387736,0.0,0.0002796639552495132,0.001604699684927861,0.005936892392734687,0.02170265434930722,0.100173386434714,0.32741066813468933
bert.encoder.layer.2.attention.self.key,2,K,sweep,6,0.0,0.26772146423657733,0.26772146423657733,29.523898442586262,0.9994227290153503,0.04438442985216776,0.2270741363366445,0.6075719594955444,0.0,6.892520953745891e-05,0.00023228484496939927,0.0010602019416789215,0.002303400542587042,0.5998263855775198,0.7088611721992493
bert.encoder.layer.2.attention.output.dense,2,O,sweep,6,0.09980737417936325,0.2122698575258255,0.12492837011814117,17.410776774088543,0.9990472793579102,0.08702804148197174,0.36144593358039856,0.6871591011683146,0.0,0.0002483079636779924,0.0013453587889671326,0.006261928317447503,0.014463909901678562,0.09974896411101024,0.24714152018229166
bert.encoder.layer.2.attention.self.query,2,Q,sweep,6,0.0,0.31035544474919635,0.31035544474919635,26.534563064575195,0.9992771546045939,0.04060841600100199,0.18946162859598795,0.5155075589815775,0.0,5.1552554699204243e-05,0.00018835209387664995,0.00108046237922584,0.003735314356163144,0.0,0.26892316341400146
bert.encoder.layer.2.attention.self.value,2,V,sweep,6,0.0,0.22960202395915985,0.22960202395915985,26.952250798543293,0.9995314280192057,0.05168719093004862,0.26066190004348755,0.655115564664205,0.0,0.00012330997560638934,0.0004291392300122728,0.002519798232242465,0.005321116341898839,0.5998263855775198,0.6944546302159628
bert.encoder.layer.3.intermediate.dense,3,FFN1,sweep,6,0.12132865190505981,0.6967814564704895,0.6549604137738546,1942.1991780598958,0.9975348909695944,0.0062822528804341955,0.049996938556432724,0.29318200548489887,0.0,0.00010764823673525825,0.00044257975726698834,0.002765415313964089,0.00573962926864624,0.13325316707293192,0.7072375218073527
bert.encoder.layer.3.output.dense,3,FFN2,sweep,6,0.10045755157868068,0.21063264707724252,0.12248302499453227,17.15547275543213,0.9990722139676412,0.08985140671332677,0.36319859822591144,0.691444993019104,0.0,0.0001916612139514958,0.0009718295186758041,0.004450959696744879,0.01179802076270183,0.10020786027113597,0.2339641402165095
bert.encoder.layer.3.attention.self.key,3,K,sweep,6,0.0,0.23723608255386353,0.23723608255386353,26.702672322591145,0.9994025627772013,0.047441466401020684,0.22474884490172067,0.5882856051127116,0.0,7.206070586107671e-05,0.00022941397037357092,0.0012270938605070114,0.0021472624503076077,0.5998263855775198,0.6969186464945475
bert.encoder.layer.3.attention.output.dense,3,O,sweep,6,0.09940199802319209,0.3528047402699788,0.28136372566223145,53.05559285481771,0.9977016448974609,0.03612591574589411,0.25902003049850464,0.6081957419713339,0.0,0.0005709119820191214,0.004011728956053655,0.01529417559504509,0.04531629135211309,0.10001627604166667,0.4238806863625844
bert.encoder.layer.3.attention.self.query,3,Q,sweep,6,0.0,0.1666598121325175,0.1666598121325175,16.183791478474934,0.9995208978652954,0.06670346607764562,0.2613367239634196,0.6219529509544373,0.0,3.743446359294467e-05,0.0001341616928887864,0.0007747195001381139,0.0027212142013013363,0.0,0.197874849041303
bert.encoder.layer.3.attention.self.value,3,V,sweep,6,0.0,0.20023254553476968,0.20023254553476968,23.46322186787923,0.9995250304539999,0.058880108098189034,0.268902321656545,0.6600781679153442,0.0,0.00010776177077786997,0.00037324955337680876,0.003040318377315998,0.004502276191487908,0.5998263855775198,0.6816683212916056
bert.encoder.layer.4.intermediate.dense,4,FFN1,sweep,6,0.08007737497488658,0.7004064917564392,0.6744109590848287,2646.5953369140625,0.9969567259152731,0.006016902936001618,0.05015295619765917,0.27919402718544006,0.0,0.00014538809773512185,0.0007122403864438335,0.002911376068368554,0.006299973155061404,0.08424660315116246,0.7132123311360677
bert.encoder.layer.4.output.dense,4,FFN2,sweep,6,0.09994654605786006,0.16127400596936545,0.06813914080460866,9.029306093851725,0.9996547102928162,0.12364121774832408,0.4033031066258748,0.7231316566467285,0.0,0.00015348148493406674,0.0006223513240305086,0.003552783435831467,0.010078903598090013,0.09991568326950073,0.1637754092613856
bert.encoder.layer.4.attention.self.key,4,K,sweep,6,0.0,0.332900067170461,0.332900067170461,38.957201639811196,0.9992366830507914,0.0326133668422699,0.18975012501080832,0.5440169970194498,0.0,5.9036063854970657e-05,0.0002513291110517457,0.0007221301396687826,0.0016903648502193391,0.5998263855775198,0.7346796194712321
bert.encoder.layer.4.attention.output.dense,4,O,sweep,6,0.09980233013629913,0.30127497514088947,0.22382447123527527,37.699222564697266,0.998193085193634,0.05081323906779289,0.29490869243939716,0.6362826625506083,0.0,0.0004154785613839825,0.0028986417843649783,0.010566269357999166,0.027965596566597622,0.09975348661343257,0.34099098046620685
bert.encoder.layer.4.attention.self.query,4,Q,sweep,6,0.0,0.29668084780375165,0.29668084780375165,30.819241205851238,0.99931667248408,0.0391635795434316,0.20732617874940237,0.5679013133049011,0.0,4.167916025229109e-05,0.00014216335694072768,0.0007134974972965816,0.001702303687731425,0.0,0.28543147444725037
bert.encoder.layer.4.attention.self.value,4,V,sweep,6,0.0,0.252461110552152,0.252461110552152,27.56821886698405,0.999524712562561,0.04808399205406507,0.2612701853116353,0.6547133723894755,0.0,6.239808741762924e-05,0.00024722494708839804,0.0035095931962132454,0.009665467621137699,0.5998263855775198,0.7016714612642924
bert.encoder.layer.5.intermediate.dense,5,FFN1,sweep,6,0.07485389957825343,0.6491373976071676,0.6207874218622843,1552.8799641927083,0.9973631699879965,0.008436635757486025,0.057662077248096466,0.30179550250371295,0.0,0.00013528245714648315,0.0005044288118369877,0.0027506310337533555,0.007625747782488664,0.07084486136833827,0.6180150310198466
bert.encoder.layer.5.output.dense,5,FFN2,sweep,6,0.09909096608559291,0.1431573530038198,0.04891343911488851,6.3894578615824384,0.999851405620575,0.15822478632132211,0.45003482699394226,0.762113114198049,0.0,0.00012166003095141302,0.00047617080660226446,0.00337013757477204,0.009193596274902424,0.09956416487693787,0.14571183423201242
bert.encoder.layer.5.attention.self.key,5,K,sweep,6,0.0,0.35774250825246173,0.35774250825246173,42.79136276245117,0.9992850224177042,0.03024547112484773,0.1909687022368113,0.5592688918113708,0.0,4.987537370955882e-05,0.00020937770508074513,0.0007473313986944655,0.002010363037697971,0.5998263855775198,0.745344360669454
bert.encoder.layer.5.attention.output.dense,5,O,sweep,6,0.09996662040551503,0.21678157150745392,0.12978623310724893,17.76377232869466,0.998978316783905,0.07665001104275386,0.3328628937403361,0.6625674764315287,0.0,0.00029784922662656754,0.0015747630580638845,0.006218349716315667,0.02459034478912751,0.10021294405062993,0.21459791560967764
bert.encoder.layer.5.attention.self.query,5,Q,sweep,6,0.0,0.3697023590405782,0.3697023590405782,45.24856440226237,0.9992794791857401,0.030405812586347263,0.19492404162883759,0.5582905014355978,0.0,3.989664886224394e-05,0.00014404072620285055,0.0006555750539215902,0.0024210133124142885,0.0,0.39141111572583515
bert.encoder.layer.5.attention.self.value,5,V,sweep,6,0.0,0.29026977221171063,0.29026977221171063,32.666320164998375,0.9995599786440531,0.04317288721601168,0.2666414976119995,0.6651489933331808,0.0,5.889185922569595e-05,0.0002301687782164663,0.003478855670740207,0.007021072165419658,0.5998263855775198,0.7175541718800863
bert.encoder.layer.6.intermediate.dense,6,FFN1,sweep,6,0.04812058309713999,0.6095248858133951,0.5897948543230692,432.61273193359375,0.9977027972539266,0.010310320183634758,0.06373203297456105,0.3298954963684082,0.0,0.00013546415236002454,0.0004822702321689576,0.0031144249563415847,0.007418467352787654,0.04286151503523191,0.5552029013633728
bert.encoder.layer.6.output.dense,6,FFN2,sweep,6,0.09939011434714,0.1416307439406713,0.04690230886141459,6.146298408508301,0.9998622337977091,0.16395812233289084,0.45884714523951214,0.7663781841595968,0.0,0.0001246094592109633,0.0004549943356929968,0.0035355513294537864,0.009808554934958616,0.09978004544973373,0.14383048315842947
bert.encoder.layer.6.attention.self.key,6,K,sweep,6,0.0,0.3639437258243561,0.3639437258243561,48.81535975138346,0.9991593758265177,0.028886612504720688,0.1761230876048406,0.526736855506897,0.0,5.810380146916335e-05,0.0002643112141716604,0.0012751613200331728,0.002551818499341607,0.5998263855775198,0.7465803424517313
bert.encoder.layer.6.attention.output.dense,6,O,sweep,6,0.09990184009075165,0.151557927330335,0.057388423631588616,7.559033234914144,0.9997779528299967,0.1375979483127594,0.4162871837615967,0.7290832201639811,0.0,0.00015970238018780947,0.0006234246927003065,0.006301108592500289,0.018236180146535236,0.09984164933363597,0.15143726269404092
bert.encoder.layer.6.attention.self.query,6,Q,sweep,6,0.0,0.3403504490852356,0.3403504490852356,41.53125254313151,0.9992609620094299,0.03375394642353058,0.19270736475785574,0.5608199636141459,0.0,4.199608398873048e-05,0.00014847751784448823,0.0010864681680686772,0.002965432242490351,0.0,0.332674374183019
bert.encoder.layer.6.attention.self.value,6,V,sweep,6,0.0,0.25150051712989807,0.25150051712989807,27.105173110961914,0.9995668729146322,0.049236814181009926,0.27297428250312805,0.6717199285825094,0.0,6.224948325931716e-05,0.00023177394662828496,0.0034259153374781213,0.008000735193490982,0.5998263855775198,0.7008412679036459
bert.encoder.layer.7.intermediate.dense,7,FFN1,sweep,6,0.051772553473711014,0.6318035920461019,0.6117516756057739,125.9607645670573,0.9969435731569926,0.009578720976909002,0.0578449529906114,0.3009140690167745,0.0,0.00015300174709409475,0.0005905756843276322,0.003039903628329436,0.00698303726191322,0.03975861271222433,0.5271253287792206
bert.encoder.layer.7.output.dense,7,FFN2,sweep,6,0.09965122242768605,0.14093529681364694,0.045853392531474434,6.112441380818685,0.9998611807823181,0.1653201828400294,0.46127529939015705,0.7664885719617208,0.0,0.00012032120381869997,0.0004384773880398522,0.0036743548698723316,0.01091526293506225,0.09988968322674434,0.14129865169525146
bert.encoder.layer.7.attention.self.key,7,K,sweep,6,0.0,0.41422612468401593,0.41422612468401593,60.95110066731771,0.9991061290105184,0.023686059440175693,0.16473128894964853,0.510262926419576,0.0,5.950586031152246e-05,0.0002637236757436767,0.0014015537065764268,0.0039179036393761635,0.5998263855775198,0.7673859794934591
bert.encoder.layer.7.attention.output.dense,7,O,sweep,6,0.10009122639894485,0.14544291297594705,0.050396449863910675,6.632021586100261,0.9998342593510946,0.15322995682557425,0.4403784175713857,0.7506814002990723,0.0,0.00013913716005239016,0.0005129326794606944,0.006405165574202935,0.014098931414385637,0.1002129465341568,0.14491045971711478
bert.encoder.layer.7.attention.self.query,7,Q,sweep,6,0.0,0.3496463894844055,0.3496463894844055,37.665330251057945,0.9993927081425985,0.03379793713490168,0.2124763528505961,0.5846137801806132,0.0,3.277541206140692e-05,0.0001236535050945046,0.0009273998439311981,0.0026811904196316996,0.0,0.3153177897135417
bert.encoder.layer.7.attention.self.value,7,V,sweep,6,0.0,0.28479594985644024,0.28479594985644024,33.320638020833336,0.9995373686154684,0.04232604429125786,0.2554013480742772,0.6656331419944763,0.0,7.213081213800858e-05,0.0002904510620282963,0.004191783023998141,0.009134407776097456,0.5998263855775198,0.7152647773424784
bert.encoder.layer.8.intermediate.dense,8,FFN1,sweep,6,0.0323182741800944,0.6145066618919373,0.6016571919123331,108.83051300048828,0.9972405831019083,0.010366263488928476,0.05874819432695707,0.3091588219006856,0.0,0.00011893188396546368,0.0005179789732210338,0.003533932031132281,0.008290219275901714,0.02599249966442585,0.47866963346799213
bert.encoder.layer.8.output.dense,8,FFN2,sweep,6,0.09993339826663335,0.142550528049469,0.04734873026609421,6.207644144694011,0.9998553593953451,0.16300179560979208,0.45858560999234516,0.7647685607274374,0.0,0.00010542246551873784,0.00041872931372684735,0.004146130328687529,0.012242825080951055,0.10005018611749013,0.14156257112820944
bert.encoder.layer.8.attention.self.key,8,K,sweep,6,0.0,0.36711124579111737,0.36711124579111737,46.05041249593099,0.9991553624471029,0.02795971433321635,0.173603817820549,0.5241266091664633,0.0,8.662383576544623e-05,0.0003222756107182552,0.00127401074860245,0.002110432911043366,0.5998263855775198,0.7478682994842529
bert.encoder.layer.8.attention.output.dense,8,O,sweep,6,0.0993493249018987,0.14234555264314017,0.04773904507358869,6.265425523122151,0.9998536109924316,0.161399116118749,0.4536205728848775,0.7591762940088908,0.0,0.00013223466521594673,0.0004856133018620312,0.005957549903541803,0.014227859055002531,0.09966306388378143,0.14190334578355154
bert.encoder.layer.8.attention.self.query,8,Q,sweep,6,0.0,0.28724029660224915,0.28724029660224915,31.17573610941569,0.9992017348607382,0.04206765194733938,0.20775792499383292,0.5592655340830485,0.0,4.1192627880567066e-05,0.0001723099558148533,0.0015556679184858997,0.0035657479893416166,0.0,0.2544182687997818
bert.encoder.layer.8.attention.self.value,8,V,sweep,6,0.0,0.22012648483117422,0.22012648483117422,23.754428227742512,0.9995575944582621,0.05415417874852816,0.2727491756280263,0.6612755457560221,0.0,8.162554149748757e-05,0.0003160855364209662,0.0033298058745761714,0.007959221489727497,0.5998263855775198,0.6891660292943319
bert.encoder.layer.9.intermediate.dense,9,FFN1,sweep,6,0.06168347348769506,0.5838985443115234,0.5564530889193217,95.79603830973308,0.9971839189529419,0.011681802570819855,0.06050171951452891,0.3011698325475057,0.0,8.359239776230727e-05,0.0002977529851098855,0.0036722186099117002,0.012360907004525265,0.05145475765069326,0.44706882039705914
bert.encoder.layer.9.output.dense,9,FFN2,sweep,6,0.10014862567186356,0.14161782463391623,0.046084621300299965,6.074174563090007,0.9998623927434286,0.16613499323527017,0.46454160412152606,0.7700074513753256,0.0,8.55853747149619e-05,0.00030382361243634176,0.004885201323001335,0.014860304693380991,0.10027736922105153,0.1411065012216568
bert.encoder.layer.9.attention.self.key,9,K,sweep,6,0.0,0.3615363339583079,0.3615363339583079,44.974684397379555,0.9993372162183126,0.030111658076445263,0.20499245325724283,0.5871079564094543,0.0,7.768038631184027e-05,0.0003860782696089397,0.0010964223183691502,0.0016979626767958205,0.5998263855775198,0.746812621752421
bert.encoder.layer.9.attention.output.dense,9,O,sweep,6,0.10008355975151062,0.1412707269191742,0.04576754445830981,6.029666105906169,0.9998653729756674,0.16705378890037537,0.46394193172454834,0.7680538495381674,0.0,0.00010156502927808712,0.00035610224585980177,0.005120509963793059,0.01367598461608092,0.09983769059181213,0.14030683040618896
bert.encoder.layer.9.attention.self.query,9,Q,sweep,6,0.0,0.1739452729622523,0.1739452729622523,17.096811294555664,0.9995383222897848,0.06607168912887573,0.26678837339083356,0.6281706293423971,0.0,2.3806657433548633e-05,9.037154328931744e-05,0.000756094086682424,0.002651559693428377,0.0,0.15152882039546967
bert.encoder.layer.9.attention.self.value,9,V,sweep,6,0.0,0.24926049510637918,0.24926049510637918,27.461877187093098,0.9995553493499756,0.04949359595775604,0.2682340045770009,0.6717301408449808,0.0,9.396406433855493e-05,0.00041742851802458364,0.0025601584929972887,0.0058042146265506744,0.5998263855775198,0.7021252711613973
bert.encoder.layer.10.intermediate.dense,10,FFN1,sweep,6,0.03451569750905037,0.5389629999796549,0.5224783023198446,77.15191141764323,0.997289776802063,0.01397158857434988,0.06899853547414143,0.32224729657173157,0.0,5.730873817810789e-05,0.0001893533335532993,0.002593834127765149,0.009829230606555939,0.026098039622108143,0.41141368945439655
bert.encoder.layer.10.output.dense,10,FFN2,sweep,6,0.09985352059205373,0.1406659185886383,0.045339662581682205,5.971253395080566,0.9998655319213867,0.1690986007452011,0.46932849287986755,0.7715872128804525,0.0,6.88885702402331e-05,0.00020905474957544357,0.005047209580273678,0.01401104343434175,0.09963876257340114,0.14105337858200073
bert.encoder.layer.10.attention.self.key,10,K,sweep,6,0.0,0.3620084524154663,0.3620084524154663,48.7904421488444,0.9993859529495239,0.030272600551446278,0.2104280392328898,0.6080339948336283,0.0,6.099992485057252e-05,0.0003306705815096696,0.0010208590926292043,0.0020232084207236767,0.5998263855775198,0.7484933336575826
bert.encoder.layer.10.attention.output.dense,10,O,sweep,6,0.09993003805478413,0.14154832065105438,0.04623863225181898,6.123895486195882,0.9998589952786764,0.1649057318766912,0.45895665884017944,0.762686570485433,0.0,8.120827260427177e-05,0.00023997349489945918,0.005391023762058467,0.014535592558483282,0.09987894942363103,0.1424481471379598
bert.encoder.layer.10.attention.self.query,10,Q,sweep,6,0.0,0.2199116051197052,0.2199116051197052,21.65990447998047,0.9994364182154337,0.05323313673337301,0.23558259010314941,0.5907172958056132,0.0,1.7504237803223077e-05,5.5063808152529724e-05,0.0008721384704889109,0.002466784091666341,0.0,0.18306647737820944
bert.encoder.layer.10.attention.self.value,10,V,sweep,6,0.0,0.25411611795425415,0.25411611795425415,31.672101338704426,0.9995359579722086,0.048054312666257225,0.2593464603026708,0.6610642075538635,0.0,7.533170961930107e-05,0.0005375293258111924,0.0031814377289265394,0.0067519185443719225,0.5998263855775198,0.7064248522122701
bert.encoder.layer.11.intermediate.dense,11,FFN1,sweep,6,0.01821729044119517,0.41326165199279785,0.40237438678741455,45.919820149739586,0.9988727370897929,0.022033950313925743,0.11235761394103368,0.4624123175938924,0.0,2.7268101500036817e-05,3.636824718948143e-05,0.003978663798382816,0.01028533186763525,0.017762926096717518,0.40079625447591144
bert.encoder.layer.11.output.dense,11,FFN2,sweep,6,0.10007718950510025,0.14626767734686533,0.05132704352339109,6.971056302388509,0.9998338023821512,0.1445303956667582,0.40579355756441754,0.694767693678538,0.0,4.088975523094026e-05,5.1557731543046735e-05,0.0054452665014347685,0.011035245222349962,0.10001627604166667,0.14815266927083334
bert.encoder.layer.11.attention.self.key,11,K,sweep,6,0.0,0.3583696683247884,0.3583696683247884,45.72543970743815,0.9993849198023478,0.030396590009331703,0.20814030369122824,0.6083767811457316,0.0,7.334694479747365e-05,0.0003016994548185418,0.0009195881430059671,0.002296705924284955,0.5998263855775198,0.7448628743489584
bert.encoder.layer.11.attention.output.dense,11,O,sweep,6,0.0998163769642512,0.14274429281552634,0.04768802970647812,6.304386933644612,0.9998546441396078,0.15951972206433615,0.43803731600443524,0.736153244972229,0.0,4.297448200910973e-05,6.455710778633754e-05,0.005697861682468404,0.01331666111946106,0.09985803812742233,0.1433495432138443
bert.encoder.layer.11.attention.self.query,11,Q,sweep,6,0.0,0.23001365860303244,0.23001365860303244,22.53073501586914,0.9995292027791342,0.05311040828625361,0.25484830637772876,0.6356464624404907,0.0,6.6589335195506765e-06,1.2655100969520086e-05,0.0007123308423615526,0.0035875331765661636,0.0,0.16665875911712646
bert.encoder.layer.11.attention.self.value,11,V,sweep,6,0.0,0.21529504656791687,0.21529504656791687,25.407430013020832,0.9995985428492228,0.057770645866791405,0.28745822111765545,0.6851978500684103,0.0,7.673930425274496e-05,0.000428144868540888,0.002341182165158292,0.003296803178576132,0.5998263855775198,0.688921312491099
bert.encoder.layer.0.intermediate.dense,0,FFN1,baseline,7,0.0005992490914650261,0.6057765007019043,0.6055407524108887,232.26576232910156,0.9992475032806396,0.004770632181316614,0.039357370138168334,0.26952075958251953,0.0,0.00016225962899625302,0.0005050009523984045,0.0021043095272034406,0.0038255232386291025,0.0007102966425009072,0.7279056191444397
bert.encoder.layer.0.output.dense,0,FFN2,baseline,7,0.09927303642034531,0.11936583369970322,0.022307392582297324,6.023362350463867,0.9999675631523133,0.16733081340789796,0.4659062743186951,0.7702092528343201,0.0,0.00010708504851209,0.0003603564284276217,0.0020105414208956064,0.004750462714582682,0.09961581826210023,0.12065870612859726
bert.encoder.layer.0.attention.self.key,0,K,baseline,7,0.0,0.10757430046796798,0.10757430046796798,22.209410858154296,0.9998718857765198,0.05520129352807999,0.24533149003982543,0.6196020603179931,0.0,7.512343727285042e-05,0.00021601937478408218,0.0006712665432132781,0.0013004492968320847,0.5869791626930236,0.6324059367179871
bert.encoder.layer.0.attention.output.dense,0,O,baseline,7,0.100245401263237,0.12050051689147949,0.022511877492070197,6.041912460327149,0.999966835975647,0.16699743866920472,0.46525539755821227,0.7691863417625427,0.0,0.00016596035566180946,0.0005474214209243655,0.002920275437645614,0.006909273099154234,0.1002010777592659,0.12086046040058136
bert.encoder.layer.0.attention.self.query,0,Q,baseline,7,0.0,0.07544173747301101,0.07544173747301101,16.214063262939455,0.9998624205589295,0.06554678082466125,0.23402920365333557,0.5732162714004516,0.0,4.99353016493842e-05,0.0001690558303380385,0.000675941607914865,0.002093843091279268,0.0,0.09415554404258727
bert.encoder.layer.0.attention.self.value,0,V,baseline,7,0.0,0.09139039516448974,0.09139039516448974,19.48776779174805,0.9998724579811096,0.06315841302275657,0.25531320869922636,0.6174576878547668,0.0,0.00014467016444541514,0.0004118615994229913,0.0018103228649124503,0.0035183291416615247,0.5869791626930236,0.6252529740333557
bert.encoder.layer.1.intermediate.dense,1,FFN1,baseline,7,0.0007315393653698265,0.5718924283981324,0.5715790152549743,195.6429931640625,0.9991570472717285,0.005671572126448155,0.0418221153318882,0.2620244652032852,0.0,0.00017253700352739542,0.0005996961845085025,0.0025322761619463565,0.006976495962589979,0.0011132982093840838,0.6841788530349732
bert.encoder.layer.1.output.dense,1,FFN2,baseline,7,0.09989613741636276,0.12030373960733413,0.02267242595553398,6.112463760375976,0.9999665379524231,0.1650735229253769,0.4607915461063385,0.7658912897109985,0.0,0.0001274356371141039,0.0004429588501807302,0.0025567660573869943,0.006818893179297447,0.10014479011297225,0.12281799465417861
bert.encoder.layer.1.attention.self.key,1,K,baseline,7,0.0,0.13558818399906158,0.13558818399906158,26.516162490844728,0.9998605489730835,0.047946575284004214,0.23432252705097198,0.6076033353805542,0.0,8.794501336524263e-05,0.0002884183661080897,0.0009949974715709685,0.00142592613119632,0.5869791626930236,0.6438357830047607
bert.encoder.layer.1.attention.output.dense,1,O,baseline,7,0.10017154961824418,0.12019454389810562,0.02225195840001106,6.097539806365967,0.9999665975570678,0.1654367834329605,0.4628208339214325,0.7709665179252625,0.0,0.0001666059106355533,0.0005830093461554498,0.003504290245473385,0.007292046211659908,0.1000542551279068,0.1210140660405159
bert.encoder.layer.1.attention.self.query,1,Q,baseline,7,0.0,0.11747966855764388,0.11747966855764388,22.277473068237306,0.9998403668403626,0.05030462518334389,0.21292319595813752,0.5670124530792237,0.0,6.882259476697073e-05,0.0002586250862805173,0.0011495617916807532,0.0025730896275490524,0.0,0.12605794072151183
bert.encoder.layer.1.attention.self.value,1,V,baseline,7,0.0,0.1252328336238861,0.1252328336238861,25.66224136352539,0.9998543739318848,0.05321318879723549,0.24186038374900817,0.6115952610969544,0.0,0.0001294530025916174,0.00042306173127144576,0.002180320140905678,0.005500645376741886,0.5869791626930236,0.6392849445343017
bert.encoder.layer.2.intermediate.dense,2,FFN1,baseline,7,0.0017131761414930224,0.5192127466201782,0.518387746810913,149.78138732910156,0.9992801547050476,0.007275328133255243,0.04919118881225586,0.2949702203273773,0.0,0.00015814932412467898,0.0005645019933581352,0.002566577913239598,0.005133923143148422,0.0024231805000454187,0.5861571431159973
bert.encoder.layer.2.output.dense,2,FFN2,baseline,7,0.09979561418294906,0.12447142452001572,0.027411554008722305,7.328453445434571,0.9999483108520508,0.14184458255767823,0.4233949840068817,0.7342979431152343,0.0,0.0001494901633122936,0.0005491534771863371,0.0035625364631414413,0.008305288571864366,0.09999389797449112,0.1295037180185318
bert.encoder.layer.2.attention.self.key,2,K,baseline,7,0.0,0.16828549206256865,0.16828549206256865,30.955429458618163,0.9998569130897522,0.043021253496408465,0.2258816957473755,0.6028049349784851,0.0,7.811459072399884e-05,0.00025616953207645564,0.0009122638497501611,0.001951605291105807,0.5869791626930236,0.6593316078186036
bert.encoder.layer.2.attention.output.dense,2,O,baseline,7,0.09968973696231842,0.12104878127574921,0.023724063113331795,6.373988342285156,0.9999630570411682,0.15926340222358704,0.45096670985221865,0.7576244473457336,0.0,0.00015683297533541918,0.0005459837149828673,0.0037084970623254775,0.00790963852778077,0.0997500941157341,0.12437710165977478
bert.encoder.layer.2.attention.self.query,2,Q,baseline,7,0.0,0.246727055311203,0.246727055311203,28.005017852783205,0.9998270869255066,0.039101939648389816,0.19360148012638093,0.527887511253357,0.0,5.3623467829311265e-05,0.0002227142424089834,0.0008694338495843113,0.0022337107569910587,0.0,0.2089311420917511
bert.encoder.layer.2.attention.self.value,2,V,baseline,7,0.0,0.13497598916292192,0.13497598916292192,27.136337661743163,0.9998848915100098,0.049590249359607694,0.2597547173500061,0.6603342890739441,0.0,0.00012982586777070536,0.0004645129258278757,0.0023281089263036845,0.004671489726752043,0.5869791626930236,0.6436469197273255
bert.encoder.layer.3.intermediate.dense,3,FFN1,baseline,7,0.0034714251291006804,0.5012430787086487,0.49950656294822693,204.54903259277344,0.9993963360786438,0.007892914116382599,0.0538798488676548,0.3236937880516052,0.0,0.00014410766016226262,0.0005734658043365926,0.0030286475317552685,0.0058281470090150835,0.00402815081179142,0.5289404988288879
bert.encoder.layer.3.output.dense,3,FFN2,baseline,7,0.10030892342329026,0.12224547266960144,0.02438250631093979,6.4934266090393065,0.9999617099761963,0.15663435459136962,0.44699921607971194,0.7545204520225525,0.0,0.00013269780611153693,0.0005368967074900865,0.003261232771910727,0.007990713883191346,0.09997558742761611,0.12392035722732545
bert.encoder.layer.3.attention.self.key,3,K,baseline,7,0.0,0.1451799213886261,0.1451799213886261,28.658466720581053,0.9998529434204102,0.04500593468546867,0.22647624909877778,0.5936437129974366,0.0,8.199325966415927e-05,0.00033458879915997385,0.0012996052508242428,0.0020706313429400326,0.5869791626930236,0.6476966142654419
bert.encoder.layer.3.attention.output.dense,3,O,baseline,7,0.09988576024770737,0.13484423160552977,0.0388389527797699,10.383107376098632,0.9998900890350342,0.1071020558476448,0.3773251950740814,0.7016390323638916,0.0,0.00021909189526923,0.0009616839000955224,0.005297376913949848,0.017497111484408377,0.10009562224149704,0.14045546054840088
bert.encoder.layer.3.attention.self.query,3,Q,baseline,7,0.0,0.09898959547281265,0.09898959547281265,17.604229736328126,0.9998762726783752,0.06195913702249527,0.2555990368127823,0.6170313358306885,0.0,4.4041944056516515e-05,0.00017560695996508003,0.0009902562305796891,0.002221107017248869,0.0,0.12662218064069747
bert.encoder.layer.3.attention.self.value,3,V,baseline,7,0.0,0.12041229754686356,0.12041229754686356,25.470038986206056,0.9998839497566223,0.05539371967315674,0.26780587434768677,0.6593104481697083,0.0,0.00012439297570381312,0.000517787947319448,0.002489314414560795,0.003704086085781455,0.5869791626930236,0.6373114824295044
bert.encoder.layer.4.intermediate.dense,4,FFN1,baseline,7,0.001960619492456317,0.4731987237930298,0.4721648871898651,171.8981964111328,0.9994221210479737,0.008989991806447505,0.05880164131522179,0.32840182781219485,0.0,0.0001467615569708869,0.0006164614751469344,0.0025614095153287052,0.0065605870448052885,0.0020325555466115474,0.4742163777351379
bert.encoder.layer.4.output.dense,4,FFN2,baseline,7,0.09991250336170196,0.12176661044359208,0.024280016869306566,6.412408924102783,0.9999633431434631,0.1578058421611786,0.4469933807849884,0.7546075463294983,0.0,0.00013635526702273637,0.0005389532714616507,0.003921585460193455,0.0076369368471205235,0.0999565988779068,0.12322862297296525
bert.encoder.layer.4.attention.self.key,4,K,baseline,7,0.0,0.18691420555114746,0.18691420555114746,37.79668502807617,0.9998122215270996,0.035235730558633806,0.19602059423923493,0.5515249609947205,0.0,9.166703239316121e-05,0.0004153702640905976,0.0012680664658546448,0.00273510527331382,0.5869791626930236,0.6651523113250732
bert.encoder.layer.4.attention.output.dense,4,O,baseline,7,0.09979318976402282,0.1294860452413559,0.03298491686582565,8.828457069396972,0.9999208807945251,0.12247795462608338,0.39799779653549194,0.7159445405006408,0.0,0.0001873813132988289,0.0008786666905507446,0.004593362053856254,0.012429417856037617,0.09987962543964386,0.1315209299325943
bert.encoder.layer.4.attention.self.query,4,Q,baseline,7,0.0,0.1177898421883583,0.1177898421883583,21.610033416748045,0.9998594760894776,0.053093619644641876,0.2349788397550583,0.593008840084076,0.0,4.984735205653124e-05,0.00019241521367803217,0.0008570701233111322,0.0032310616225004196,0.0,0.10578138530254363
bert.encoder.layer.4.attention.self.value,4,V,baseline,7,0.0,0.12084172666072845,0.12084172666072845,22.415872955322264,0.999892282485962,0.055121257156133655,0.2714823305606842,0.6606384873390198,0.0,9.267584537155926e-05,0.00037959619075991215,0.002628065273165703,0.005453949049115181,0.5869791626930236,0.6378591060638428
bert.encoder.layer.5.intermediate.dense,5,FFN1,baseline,7,0.001855732686817646,0.43881059885025026,0.4377670168876648,114.67286834716796,0.9994631171226501,0.010470707900822163,0.06529719084501266,0.348333066701889,0.0,0.00013348872744245455,0.0005443937261588871,0.003179912455379963,0.007626820728182793,0.0017353481380268931,0.4219425618648529
bert.encoder.layer.5.output.dense,5,FFN2,baseline,7,0.09932210296392441,0.12020354121923446,0.023184206709265708,6.2388838768005375,0.9999653339385987,0.16179876029491425,0.4551769495010376,0.7611714124679565,0.0,0.00013006131921429188,0.0005409836361650377,0.0038391547976061704,0.00786987254396081,0.0996209055185318,0.12168579250574112
bert.encoder.layer.5.attention.self.key,5,K,baseline,7,0.0,0.19500029385089873,0.19500029385089873,36.82399673461914,0.9998284459114075,0.034673085808753966,0.20037732124328614,0.5677697420120239,0.0,8.299193868879228e-05,0.0003751310519874096,0.0013704810291528702,0.0027021983405575156,0.5869791626930236,0.6693467974662781
bert.encoder.layer.5.attention.output.dense,5,O,baseline,7,0.09970372915267944,0.1278442770242691,0.03125692531466484,8.404461097717284,0.9999297738075257,0.12651818692684175,0.4025376379489899,0.719238543510437,0.0,0.00017930981412064284,0.0008569410420022905,0.005320354644209146,0.01238015303388238,0.10007120817899703,0.12998352348804473
bert.encoder.layer.5.attention.self.query,5,Q,baseline,7,0.0,0.16723084151744844,0.16723084151744844,26.873326110839844,0.9998469114303589,0.04489150419831276,0.22709698379039764,0.5903651595115662,0.0,4.8334226448787376e-05,0.000197362172184512,0.0009040719945915043,0.0023256595013663173,0.0,0.1471527099609375
bert.encoder.layer.5.attention.self.value,5,V,baseline,7,0.0,0.13578300476074218,0.13578300476074218,23.580269241333006,0.9999009013175965,0.05398100987076759,0.28474098443984985,0.6803325772285461,0.0,8.737758762435987e-05,0.00036154339322820307,0.003062401944771409,0.005121341068297624,0.5869791626930236,0.6440887570381164
bert.encoder.layer.6.intermediate.dense,6,FFN1,baseline,7,0.000991779542528093,0.4384618937969208,0.43790512084960936,101.99739379882813,0.999443781375885,0.010389120690524578,0.06329701691865922,0.34001728892326355,0.0,0.00014148566115181893,0.0006284547154791654,0.0036011440213769676,0.005924955196678639,0.0008604261674918234,0.39443418979644773
bert.encoder.layer.6.output.dense,6,FFN2,baseline,7,0.0994976744055748,0.12008369266986847,0.022860657051205636,6.0743483543396,0.9999670267105103,0.16614099144935607,0.4628869712352753,0.7686416506767273,0.0,0.00012565742217702792,0.0005140241119079292,0.004021129896864295,0.008712123520672322,0.09981825053691865,0.12096930593252182
bert.encoder.layer.6.attention.self.key,6,K,baseline,7,0.0,0.21306232810020448,0.21306232810020448,45.22534255981445,0.9998004794120788,0.031079232692718506,0.182680082321167,0.5287302017211915,0.0,8.583355956943705e-05,0.00040755985537543893,0.0017102863406762482,0.004196598846465349,0.5869791626930236,0.6761406898498535
bert.encoder.layer.6.attention.output.dense,6,O,baseline,7,0.10003867745399475,0.12427882552146911,0.026934776082634927,7.226497745513916,0.9999502778053284,0.14292486906051635,0.4264454901218414,0.7383437752723694,0.0,0.00015407875907840206,0.0006739948992617428,0.0048386422917246815,0.012622993998229503,0.09997117966413498,0.12442728579044342
bert.encoder.layer.6.attention.self.query,6,Q,baseline,7,0.0,0.17497511208057404,0.17497511208057404,30.580228424072267,0.999828040599823,0.04063435941934586,0.20997105538845062,0.5785201907157898,0.0,5.05397270899266e-05,0.00021653058065567165,0.0010167141212150455,0.0033197306096553803,0.0,0.13613993674516678
bert.encoder.layer.6.attention.self.value,6,V,baseline,7,0.0,0.13628913462162018,0.13628913462162018,25.8537841796875,0.9998942375183105,0.051124824583530425,0.27389106154441833,0.6707917332649231,0.0,8.551267237635329e-05,0.00041776977595873175,0.003696248959749937,0.005511010019108653,0.5869791626930236,0.6435190916061402
bert.encoder.layer.7.intermediate.dense,7,FFN1,baseline,7,0.001071990595664829,0.4497006952762604,0.44911094307899474,111.35023193359375,0.9992278933525085,0.009754997491836549,0.05688565969467163,0.3029508590698242,0.0,0.00016115163452923298,0.0006873682141304016,0.004300410207360983,0.009375859424471856,0.0007481045206077397,0.3724172830581665
bert.encoder.layer.7.output.dense,7,FFN2,baseline,7,0.0997873917222023,0.11982604265213012,0.02225992940366268,6.005731010437012,0.9999675035476685,0.16791992783546447,0.46597322821617126,0.7696828722953797,0.0,0.00011884271225426346,0.0004879646992776543,0.00414770650677383,0.009565124101936818,0.099822998046875,0.12039252668619156
bert.encoder.layer.7.attention.self.key,7,K,baseline,7,0.0,0.26810194849967955,0.26810194849967955,59.96159286499024,0.9997818112373352,0.0236090324819088,0.16450181901454924,0.5172105371952057,0.0,7.116514971130527e-05,0.00037607512203976514,0.0017467735800892116,0.004974100738763809,0.5869791626930236,0.6985571980476379
bert.encoder.layer.7.attention.output.dense,7,O,baseline,7,0.1000221997499466,0.1221493735909462,0.024586473777890205,6.573262500762939,0.9999595880508423,0.1552788347005844,0.44546031951904297,0.7551234602928162,0.0,0.00013598902587546035,0.0005503567168489099,0.00514770420268178,0.01114260796457529,0.10003424882888794,0.12180616557598115
bert.encoder.layer.7.attention.self.query,7,Q,baseline,7,0.0,0.20496233999729158,0.20496233999729158,31.742665100097657,0.999853503704071,0.037276210635900496,0.22007465064525605,0.5940991163253784,0.0,3.841089746856596e-05,0.0001397063009790145,0.001048364443704486,0.0031735409982502462,0.0,0.16499972641468047
bert.encoder.layer.7.attention.self.value,7,V,baseline,7,0.0,0.17494879364967347,0.17494879364967347,34.258087921142575,0.9998862862586975,0.039628277719020846,0.2542895287275314,0.6706159114837646,0.0,8.264092903118581e-05,0.0004029193602036685,0.0035811226349323987,0.005061206314712763,0.5869791626930236,0.6596452474594117
bert.encoder.layer.8.intermediate.dense,8,FFN1,baseline,7,0.0006712731323204934,0.4470800876617432,0.4467092752456665,111.00096130371094,0.9992385149002075,0.009859402664005756,0.05529254153370857,0.3005750060081482,0.0,0.00011896270298166201,0.0005459946871269495,0.003835367481224239,0.011283347569406032,0.0004973517614416778,0.34827677607536317
bert.encoder.layer.8.output.dense,8,FFN2,baseline,7,0.09998576492071151,0.120302814245224,0.022573884576559067,6.070040988922119,0.9999665975570678,0.16602083742618562,0.46293891668319703,0.7662267684936523,0.0,9.863011218840257e-05,0.000438567582750693,0.004432394076138735,0.010743634589016438,0.09998677670955658,0.12049526572227479
bert.encoder.layer.8.attention.self.key,8,K,baseline,7,0.0,0.23416828811168672,0.23416828811168672,47.84912948608398,0.9998117685317993,0.0277621790766716,0.18454063832759857,0.5516464233398437,0.0,0.00010337617713958025,0.00047200258122757075,0.0018486872781068087,0.0036861143074929715,0.5869791626930236,0.6846059203147888
bert.encoder.layer.8.attention.output.dense,8,O,baseline,7,0.0995291605591774,0.12032476365566254,0.023094168305397032,6.175865840911865,0.9999652624130249,0.1636584609746933,0.4589294493198395,0.7645397424697876,0.0,0.00011606234038481489,0.0005028688290622085,0.005517681408673525,0.012771496362984181,0.09970499873161316,0.12060275673866272
bert.encoder.layer.8.attention.self.query,8,Q,baseline,7,0.0,0.1757453441619873,0.1757453441619873,30.796747970581055,0.9998045921325683,0.04159437268972397,0.20587296187877654,0.5503379225730896,0.0,4.5775849866913634e-05,0.0002349015572690405,0.002111132419668138,0.00903145195916295,0.0,0.14695943295955657
bert.encoder.layer.8.attention.self.value,8,V,baseline,7,0.0,0.13701234012842178,0.13701234012842178,26.695448684692384,0.9998878598213196,0.049995440244674685,0.2663102477788925,0.6670687556266784,0.0,9.331631008535624e-05,0.00045462471898645164,0.0029825469711795448,0.00619275625795126,0.5869791626930236,0.6444135904312134
bert.encoder.layer.9.intermediate.dense,9,FFN1,baseline,7,0.0018467365996912121,0.4098465979099274,0.40875372290611267,93.92621002197265,0.9992838859558105,0.011532375402748585,0.06048591956496239,0.3150857388973236,0.0,7.685683231102302e-05,0.0003389265068108216,0.003961542784236371,0.010696303471922875,0.0017254299717023968,0.3086844563484192
bert.encoder.layer.9.output.dense,9,FFN2,baseline,7,0.10010913014411926,0.12012558877468109,0.02224319539964199,5.958524894714356,0.999968147277832,0.169235959649086,0.4697248041629791,0.7741140246391296,0.0,7.573480324936099e-05,0.00029819579503964633,0.004662824503611773,0.01229399796575308,0.10019225925207138,0.1211781844496727
bert.encoder.layer.9.attention.self.key,9,K,baseline,7,0.0,0.23364507257938386,0.23364507257938386,48.854547119140626,0.9998489737510681,0.030441499128937722,0.20997366309165955,0.6041903972625733,0.0,8.423553736065514e-05,0.0004687825683504343,0.001893432717770338,0.0045451588928699495,0.5869791626930236,0.6849070310592651
bert.encoder.layer.9.attention.output.dense,9,O,baseline,7,0.10010406523942947,0.11974340081214904,0.02182372212409973,5.8701622009277346,0.9999690651893616,0.17167601585388184,0.4740222096443176,0.7796065926551818,0.0,8.292396814795211e-05,0.0003350984217831865,0.005310105311218649,0.013349432125687599,0.10008714348077774,0.12030232846736907
bert.encoder.layer.9.attention.self.query,9,Q,baseline,7,0.0,0.11103211492300033,0.11103211492300033,19.523292541503906,0.9998770356178284,0.05880041420459747,0.25559684336185456,0.6166254878044128,0.0,2.5448125597904436e-05,0.00010859877584152855,0.001127807330340147,0.006055617472156882,0.0,0.09495408833026886
bert.encoder.layer.9.attention.self.value,9,V,baseline,7,0.0,0.1500167578458786,0.1500167578458786,29.268111801147462,0.9998918294906616,0.04965216144919395,0.2720853090286255,0.6703629612922668,0.0,8.959976330515928e-05,0.0005647604411933571,0.0034001175314188003,0.006397995539009571,0.5869791626930236,0.6498914957046509
bert.encoder.layer.10.intermediate.dense,10,FFN1,baseline,7,0.0009576164884492755,0.37229058146476746,0.3716893196105957,78.26803588867188,0.9993513226509094,0.013412452861666679,0.06654024422168732,0.33623115420341493,0.0,5.31889614649117e-05,0.00017344825901091098,0.003372106654569507,0.011761931143701077,0.0008251614170148968,0.2808214008808136
bert.encoder.layer.10.output.dense,10,FFN2,baseline,7,0.10004521757364274,0.12002152055501938,0.02219694182276726,5.9423212051391605,0.999968147277832,0.16949934661388397,0.4709902942180634,0.774371075630188,0.0,5.932201383984648e-05,0.00017803354712668805,0.005523989803623408,0.012729290314018727,0.09989963173866272,0.1214111328125
bert.encoder.layer.10.attention.self.key,10,K,baseline,7,0.0,0.2327633559703827,0.2327633559703827,47.09932861328125,0.9998543381690979,0.030584508553147316,0.21520585119724273,0.6149782776832581,0.0,5.538556433748454e-05,0.00036143453908152876,0.0013795901439152658,0.0036557425279170274,0.5869791626930236,0.6838826537132263
bert.encoder.layer.10.attention.output.dense,10,O,baseline,7,0.10016399770975112,0.12127675265073776,0.023462915420532228,6.333700847625733,0.9999638438224793,0.15954120755195617,0.4464030504226685,0.7504262447357177,0.0,7.565302221337333e-05,0.00021742110839113594,0.005660386476665735,0.014546371437609196,0.10011766403913498,0.12256978452205658
bert.encoder.layer.10.attention.self.query,10,Q,baseline,7,0.0,0.13728952407836914,0.13728952407836914,23.988440322875977,0.9998558521270752,0.04866430312395096,0.23014765977859497,0.5890493392944336,0.0,1.791040867828997e-05,5.650004677590914e-05,0.001221546164015308,0.004083700198680163,0.0,0.13216993510723113
bert.encoder.layer.10.attention.self.value,10,V,baseline,7,0.0,0.16567394733428956,0.16567394733428956,31.68744812011719,0.9998846173286438,0.04467173591256142,0.2578819453716278,0.6643275380134582,0.0,7.529209033236839e-05,0.0005377326218876987,0.0026427006348967554,0.0041703070979565385,0.5869791626930236,0.6562093257904053
bert.encoder.layer.11.intermediate.dense,11,FFN1,baseline,7,0.0005994548439048231,0.2507779985666275,0.2503286600112915,45.29805221557617,0.9996803760528564,0.022385843470692633,0.10309101641178131,0.4430029273033142,0.0,2.8100191047997215e-05,4.482901204028167e-05,0.003908880520612001,0.009244263917207719,0.0006437513628043234,0.21756312549114226
bert.encoder.layer.11.output.dense,11,FFN2,baseline,7,0.09990270882844925,0.12200513035058975,0.024555647373199464,6.612910556793213,0.9999630928039551,0.1521098107099533,0.41393561363220216,0.7011142849922181,0.0,4.342210813774727e-05,6.094746640883386e-05,0.005705442056932952,0.012604895979166031,0.0999386265873909,0.12205810695886612
bert.encoder.layer.11.attention.self.key,11,K,baseline,7,0.0,0.2241750329732895,0.2241750329732895,45.14254150390625,0.9998690128326416,0.03215332627296448,0.23093772530555726,0.6436796426773072,0.0,5.5745615100022405e-05,0.0002878519590012729,0.0010823394870385528,0.002769884536974132,0.5869791626930236,0.68079833984375
bert.encoder.layer.11.attention.output.dense,11,O,baseline,7,0.10001328140497208,0.12146525532007217,0.023835864663124085,6.428077316284179,0.999963903427124,0.1566315472126007,0.4323854625225067,0.735231876373291,0.0,4.823376657441259e-05,7.78878282289952e-05,0.006356065033469349,0.01575335841625929,0.09985046535730362,0.12203470915555954
bert.encoder.layer.11.attention.self.query,11,Q,baseline,7,0.0,0.17607712745666504,0.17607712745666504,30.095662307739257,0.9998679399490357,0.039421935379505155,0.22773060202598572,0.6173618316650391,0.0,9.530025818094145e-06,1.967199641512707e-05,0.0009508570554316975,0.004453381197527051,0.0,0.15258551836013795
bert.encoder.layer.11.attention.self.value,11,V,baseline,7,0.0,0.14890698194503785,0.14890698194503785,31.564736938476564,0.9998961091041565,0.04910072088241577,0.2824237048625946,0.6860704541206359,0.0,6.285274139372632e-05,0.000503103097435087,0.0016652118880301713,0.005758420936763287,0.5869791626930236,0.6490342855453491
bert.encoder.layer.0.intermediate.dense,0,FFN1,sweep,8,0.002435782846684257,0.46917646129926044,0.46788253386815387,238.40890502929688,0.9998024702072144,0.004655722839136918,0.04010391607880592,0.27554962038993835,0.0,0.00015429662016686052,0.0005462943809106946,0.0020227155570561686,0.0069556037584940595,0.0029395774472504854,0.611851712067922
bert.encoder.layer.0.output.dense,0,FFN2,sweep,8,0.09943718711535136,0.10971015940109889,0.011407256436844667,6.083676179250081,0.9999918341636658,0.1658805012702942,0.4644895891348521,0.7689511179924011,0.0,0.0001066445474862121,0.00039800423352668685,0.002311027880447606,0.006046711467206478,0.09973370532194774,0.1103566512465477
bert.encoder.layer.0.attention.self.key,0,K,sweep,8,0.0,0.05469735711812973,0.05469735711812973,22.207969029744465,0.9999697804450989,0.05698603888352712,0.25263230005900067,0.6365475455919901,0.0,7.612513581989333e-05,0.00021698047930840403,0.0008375763815517226,0.00178374284102271,0.5998263855775198,0.6219273408253988
bert.encoder.layer.0.attention.output.dense,0,O,sweep,8,0.10018135855595271,0.11030689626932144,0.0112528707832098,6.107838153839111,0.9999916950861613,0.1652443210283915,0.4618496497472127,0.765813966592153,0.0,0.0001682985166553408,0.0005875914648640901,0.003126593849932154,0.010186994913965464,0.10014230261246364,0.11045159151156743
bert.encoder.layer.0.attention.self.query,0,Q,sweep,8,0.0,0.03754679982860883,0.03754679982860883,16.09696928660075,0.9999660849571228,0.0655842920144399,0.23399790624777475,0.5744149883588155,0.0,5.052297516764762e-05,0.00015638343271954605,0.0008485434809699655,0.0018369364164148767,0.0,0.0483347587287426
bert.encoder.layer.0.attention.self.value,0,V,sweep,8,0.0,0.044848875453074775,0.044848875453074775,18.53481101989746,0.9999710321426392,0.0660371333360672,0.26576709747314453,0.6357391873995463,0.0,0.00014050265114443997,0.0004347914655227214,0.0016285020392388105,0.003462285424272219,0.5998263855775198,0.6179809669653574
bert.encoder.layer.1.intermediate.dense,1,FFN1,sweep,8,0.002891471997524301,0.4325805405775706,0.430940975745519,200.49402364095053,0.9997757871945699,0.005632703347752492,0.042491829643646874,0.26598123212655383,0.0,0.0001761726695500935,0.0005678441957570612,0.0023891808620343604,0.01146996176491181,0.0046721564916272955,0.5395088195800781
bert.encoder.layer.1.output.dense,1,FFN2,sweep,8,0.09991351515054703,0.11008023222287495,0.011295240993301073,6.134751478830974,0.9999916752179464,0.1647692620754242,0.46207395195961,0.7717376947402954,0.0,0.00012746388771726438,0.0004649963617945711,0.0026919825080161295,0.007498752325773239,0.100218599041303,0.1117124209801356
bert.encoder.layer.1.attention.self.key,1,K,sweep,8,0.0,0.08066510409116745,0.08066510409116745,29.451509475708008,0.9999618331591288,0.04447833448648453,0.22419176002343497,0.5941525101661682,0.0,9.833022098367412e-05,0.0003450950122593592,0.0012189601548016071,0.003374800862123569,0.5998263855775198,0.6322456697622935
bert.encoder.layer.1.attention.output.dense,1,O,sweep,8,0.10016796986262004,0.11031144857406616,0.011272416450083256,6.072500546773274,0.9999918937683105,0.1662964274485906,0.4649050533771515,0.7735292712847391,0.0,0.00015809547039680183,0.0005967830463002125,0.0034754674416035414,0.008814611937850714,0.1001858189702034,0.11083080371220906
bert.encoder.layer.1.attention.self.query,1,Q,sweep,8,0.0,0.06352626904845238,0.06352626904845238,22.470951716105144,0.9999615550041199,0.050575015445550285,0.21728614966074625,0.5808425148328146,0.0,6.344336240241925e-05,0.0002495036169420928,0.0013063882555191715,0.007358983159065247,0.0,0.0704910879333814
bert.encoder.layer.1.attention.self.value,1,V,sweep,8,0.0,0.06724882374207179,0.06724882374207179,25.2647279103597,0.9999656677246094,0.055170578261216484,0.24587935705979666,0.6083393096923828,0.0,0.00012538449906666452,0.00040762906428426504,0.0029121915188928447,0.006386804239203532,0.5998263855775198,0.6269570887088776
bert.encoder.layer.2.intermediate.dense,2,FFN1,sweep,8,0.006261064205318689,0.3878508011500041,0.3839952051639557,156.05911763509116,0.9998093048731486,0.006972172297537327,0.04799277211229006,0.2900778253873189,0.0,0.00015398080965193608,0.000576361024286598,0.0030474983310947814,0.005907156194249789,0.008498863006631533,0.45461217562357586
bert.encoder.layer.2.output.dense,2,FFN2,sweep,8,0.10004680852095287,0.11285202701886494,0.014228766473631064,7.6452287038167315,0.9999857942263285,0.13835945228735605,0.42366938789685565,0.7389190793037415,0.0,0.00014496551981816688,0.000610918834960709,0.0036533457847932973,0.010936564765870571,0.100173386434714,0.1156158447265625
bert.encoder.layer.2.attention.self.key,2,K,sweep,8,0.0,0.1047880972425143,0.1047880972425143,33.298095067342125,0.9999640981356303,0.042377278208732605,0.22701665262381235,0.5971793532371521,0.0,7.628026651218534e-05,0.0003272350198434045,0.0012230298792322476,0.0030391484421367445,0.5998263855775198,0.6437886555989584
bert.encoder.layer.2.attention.output.dense,2,O,sweep,8,0.09980737417936325,0.11054052909215291,0.011923061373333136,6.479526201883952,0.9999905625979105,0.1576002538204193,0.45037298401196796,0.7586693366368612,0.0,0.00015339945578792444,0.0005734485748689622,0.0038171824999153614,0.008381950513770184,0.09974896411101024,0.1124544491370519
bert.encoder.layer.2.attention.self.query,2,Q,sweep,8,0.0,0.20081487794717154,0.20081487794717154,28.895957946777344,0.9999557733535767,0.03803891067703565,0.18682230015595755,0.5148742198944092,0.0,5.387187047745101e-05,0.00021181750344112515,0.0011750464715684454,0.003385409712791443,0.0,0.13786372542381287
bert.encoder.layer.2.attention.self.value,2,V,sweep,8,0.0,0.07494367907444636,0.07494367907444636,27.492916107177734,0.9999705751736959,0.04826061303416888,0.25427405039469403,0.6479949355125427,0.0,0.00013076263712719083,0.0004838478538052489,0.0029022264449546733,0.0045954519882798195,0.5998263855775198,0.6301603118578593
bert.encoder.layer.3.intermediate.dense,3,FFN1,sweep,8,0.012734110467135906,0.37943435708681744,0.37143875161806744,231.41609700520834,0.9998378356297811,0.007418295678993066,0.05249266450603803,0.3179065187772115,0.0,0.0001356676899983237,0.0005653145102163156,0.00321516883559525,0.007940832680712143,0.015079498291015625,0.3956920603911082
bert.encoder.layer.3.output.dense,3,FFN2,sweep,8,0.10045755157868068,0.11134470005830129,0.012102671588460604,6.675462086995442,0.9999899864196777,0.1526354948679606,0.4411800007025401,0.7519322633743286,0.0,0.00012849312527881315,0.0005872192656776557,0.0035460081805164614,0.009410413292547068,0.10020786027113597,0.11236798266569774
bert.encoder.layer.3.attention.self.key,3,K,sweep,8,0.0,0.07643645753463109,0.07643645753463109,27.772820154825848,0.9999643564224243,0.04493235672513644,0.22589002549648285,0.5880278746287028,0.0,8.298039271418627e-05,0.0002874718241704007,0.001259267368974785,0.002115499422264596,0.5998263855775198,0.6310605704784393
bert.encoder.layer.3.attention.output.dense,3,O,sweep,8,0.09940199802319209,0.1186063860853513,0.02132403664290905,11.429379145304361,0.9999678532282511,0.10000617802143097,0.36337996522585553,0.6860091090202332,0.0,0.00023385796521324664,0.001189005308939765,0.00719648211573561,0.018692799222966034,0.10001627604166667,0.1213701069355011
bert.encoder.layer.3.attention.self.query,3,Q,sweep,8,0.0,0.051373700300852455,0.051373700300852455,17.542104721069336,0.9999700586001078,0.06154113635420799,0.25407373905181885,0.6189678907394409,0.0,4.3630371995580695e-05,0.0001730331035408502,0.0010683952520291011,0.002408728973629574,0.0,0.06605869034926097
bert.encoder.layer.3.attention.self.value,3,V,sweep,8,0.0,0.06702121223012607,0.06702121223012607,25.836018244425457,0.9999698201815287,0.05454538886745771,0.2638140618801117,0.6483344038327535,0.0,0.00012439397445026165,0.0005143014811134586,0.0029822030725578466,0.004441899325077732,0.5998263855775198,0.6269384423891703
bert.encoder.layer.4.intermediate.dense,4,FFN1,sweep,8,0.007015171305586894,0.34780391057332355,0.3432016869386037,189.84027099609375,0.9998487234115601,0.008737361679474512,0.05887958283225695,0.331202228864034,0.0,0.00014527026117624095,0.000601691659539938,0.00380182017882665,0.00685069989413023,0.0078116523412366705,0.346995751063029
bert.encoder.layer.4.output.dense,4,FFN2,sweep,8,0.09994654605786006,0.11077751219272614,0.01203381922096014,6.566025733947754,0.9999906222025553,0.15480261047681174,0.44258614381154376,0.753051221370697,0.0,0.00013390295741070682,0.0005703931383322924,0.004120466765016317,0.009042767497400442,0.09991568326950073,0.11188196390867233
bert.encoder.layer.4.attention.self.key,4,K,sweep,8,0.0,0.10151809950669606,0.10151809950669606,36.006762186686196,0.9999555548032125,0.03564456353584925,0.1992814838886261,0.5571717619895935,0.0,8.51009657102016e-05,0.0003349187027197331,0.0014079747876773279,0.0025906792919461927,0.5998263855775198,0.6417648990948995
bert.encoder.layer.4.attention.output.dense,4,O,sweep,8,0.09980233013629913,0.1156076043844223,0.017557478199402492,9.472715695699057,0.9999774495760599,0.11671640475591023,0.3930225869019826,0.7140222390492758,0.0,0.000189597558346577,0.0009686301345936954,0.00487875131269296,0.011990253192683062,0.09975348661343257,0.1167783389488856
bert.encoder.layer.4.attention.self.query,4,Q,sweep,8,0.0,0.06502404436469078,0.06502404436469078,22.498063405354817,0.9999658266703287,0.0513247512280941,0.23349561790625253,0.6008617877960205,0.0,4.5961160746325426e-05,0.00020066704989100495,0.0013071675008783739,0.002866824778417746,0.0,0.056289674093325935
bert.encoder.layer.4.attention.self.value,4,V,sweep,8,0.0,0.06776706998546918,0.06776706998546918,24.169687906901043,0.999973734219869,0.05478385960062345,0.2752208213011424,0.6674384673436483,0.0,8.655916220353295e-05,0.0003902299601274232,0.0026461854577064514,0.004978679430981477,0.5998263855775198,0.6277217268943787
bert.encoder.layer.5.intermediate.dense,5,FFN1,sweep,8,0.0074426885694265366,0.31721070408821106,0.3120930592219035,113.20774332682292,0.9998574455579122,0.010082074130574862,0.06477017203966777,0.3469781279563904,0.0,0.0001341520037385635,0.0005214826863569518,0.0037970931734889746,0.008447815353671709,0.006050110018501679,0.2842343747615814
bert.encoder.layer.5.output.dense,5,FFN2,sweep,8,0.09909096608559291,0.1096221258242925,0.01168943103402853,6.346950848897298,0.999991257985433,0.15909755726655325,0.44835732380549115,0.756272037823995,0.0,0.00013285403595849252,0.0005526447591061393,0.003857305971905589,0.00924328900873661,0.09956416487693787,0.1103724737962087
bert.encoder.layer.5.attention.self.key,5,K,sweep,8,0.0,0.11256081859270732,0.11256081859270732,37.188184102376304,0.9999582568804423,0.034909751266241074,0.20173560082912445,0.5690420866012573,0.0,7.628001185366884e-05,0.00036327879449042183,0.0014778344193473458,0.0031489552153895297,0.5998263855775198,0.6461955904960632
bert.encoder.layer.5.attention.output.dense,5,O,sweep,8,0.09996662040551503,0.11453589797019958,0.016187281347811222,8.736210187276205,0.9999815821647644,0.12252448250850041,0.39300703008969623,0.7049117485682169,0.0,0.0001834876942060267,0.0009035119437612593,0.004911685440068443,0.016354902336994808,0.10021294405062993,0.11696257442235947
bert.encoder.layer.5.attention.self.query,5,Q,sweep,8,0.0,0.10626307378212611,0.10626307378212611,28.939589818318684,0.9999603430430094,0.04226774349808693,0.21943088372548422,0.5824278791745504,0.0,4.702747294989725e-05,0.00021211777736122409,0.0011089092198138435,0.00490889869009455,0.0,0.08992739270130794
bert.encoder.layer.5.attention.self.value,5,V,sweep,8,0.0,0.07696144779523213,0.07696144779523213,25.23382631937663,0.9999752044677734,0.053100816905498505,0.28540897369384766,0.6829232772191366,0.0,8.117068258191769e-05,0.0003240351070417091,0.004052437764282028,0.006320737923185031,0.5998263855775198,0.6315008004506429
bert.encoder.layer.6.intermediate.dense,6,FFN1,sweep,8,0.0038348793362577758,0.309197594722112,0.3065396845340729,103.12337748209636,0.9998591343561808,0.01022805335621039,0.06293522318204244,0.3418715000152588,0.0,0.00014122753054834902,0.000607872090768069,0.0034243831566224494,0.007066923659294844,0.0030769065488129854,0.2627942164738973
bert.encoder.layer.6.output.dense,6,FFN2,sweep,8,0.09939011434714,0.10987388590971629,0.011640801404913267,6.157544294993083,0.9999917348225912,0.16387767593065897,0.4588614304860433,0.7659212549527487,0.0,0.0001245114738897731,0.0005286546074785292,0.00445603330930074,0.009025665931403637,0.09978004544973373,0.11039112508296967
bert.encoder.layer.6.attention.self.key,6,K,sweep,8,0.0,0.12222914646069209,0.12222914646069209,45.171915690104164,0.9999503095944723,0.031506395588318505,0.18216919898986816,0.5262852708498637,0.0,8.249790456223612e-05,0.0004100298780637483,0.001915673880527417,0.003648024518042803,0.5998263855775198,0.6496389905611674
bert.encoder.layer.6.attention.output.dense,6,O,sweep,8,0.09990184009075165,0.1121720274289449,0.013632142605880896,7.278031349182129,0.9999877413113912,0.14143972595532736,0.42288928230603534,0.7362540165583292,0.0,0.00015465655693939576,0.0006918755825608969,0.004444871253023545,0.012924074505766233,0.09984164933363597,0.11164686580499013
bert.encoder.layer.6.attention.self.query,6,Q,sweep,8,0.0,0.10176652669906616,0.10176652669906616,31.458969751993816,0.9999565283457438,0.0398406945168972,0.2064311554034551,0.5646965106328329,0.0,4.973646719008684e-05,0.00021988284424878657,0.0012239930219948292,0.004314803673575322,0.0,0.0772614652911822
bert.encoder.layer.6.attention.self.value,6,V,sweep,8,0.0,0.07460414866606395,0.07460414866606395,26.32464599609375,0.9999741713205973,0.05186630164583524,0.27723758419354755,0.6753758788108826,0.0,8.437226885386433e-05,0.0003750323473165433,0.0035778448606530824,0.005515739321708679,0.5998263855775198,0.6298641661802927
bert.encoder.layer.7.intermediate.dense,7,FFN1,sweep,8,0.003980303881689906,0.3078474799791972,0.3050842086474101,112.47734832763672,0.9998020132382711,0.009663346533974012,0.057534257570902504,0.30903466542561847,0.0,0.00016400593934425464,0.0006229630671441555,0.0039893837335209055,0.007323084864765406,0.0028483072916666665,0.238828311363856
bert.encoder.layer.7.output.dense,7,FFN2,sweep,8,0.09965122242768605,0.10988646000623703,0.01136808687200149,6.047142664591472,0.9999919136365255,0.16670499742031097,0.4636971155802409,0.7671706676483154,0.0,0.00012357802916085348,0.0005081226020896187,0.003721755308409532,0.010238820997377237,0.09988968322674434,0.1100469504793485
bert.encoder.layer.7.attention.self.key,7,K,sweep,8,0.0,0.15624418358008066,0.15624418358008066,56.12464141845703,0.9999459783236185,0.024518584211667378,0.16834814349810281,0.5227189461390177,0.0,6.80395254069784e-05,0.0003540120766653369,0.0015450130449607968,0.004347004073982437,0.5998263855775198,0.6630316774050394
bert.encoder.layer.7.attention.output.dense,7,O,sweep,8,0.10009122639894485,0.111061692237854,0.012190796745320162,6.533904075622559,0.9999905228614807,0.155536616841952,0.4443683425585429,0.7505213618278503,0.0,0.00013390866418679556,0.0006205713337597748,0.00506983557716012,0.01206621527671814,0.1002129465341568,0.11096361031134923
bert.encoder.layer.7.attention.self.query,7,Q,sweep,8,0.0,0.13283703724543253,0.13283703724543253,33.694881439208984,0.9999626874923706,0.035166690746943154,0.21596752603848776,0.5928273995717367,0.0,3.876688060699962e-05,0.00015998355229385197,0.0010171553876716644,0.003303675757100185,0.0,0.1002558966477712
bert.encoder.layer.7.attention.self.value,7,V,sweep,8,0.0,0.09564388295014699,0.09564388295014699,34.565616607666016,0.9999710321426392,0.03921716411908468,0.24803884824117026,0.6615574359893799,0.0,8.580854773754254e-05,0.000374232748678575,0.003986930629859368,0.005681834494074185,0.5998263855775198,0.6385255058606466
bert.encoder.layer.8.intermediate.dense,8,FFN1,sweep,8,0.002208033421387275,0.30296478668848675,0.30142409602801007,110.08279927571614,0.9998158812522888,0.009982855369647345,0.05590072522560755,0.30822862188021344,0.0,0.00012202456855447963,0.0005635202008609971,0.0034256879395494857,0.007771562784910202,0.0016852484938378136,0.21635973950227103
bert.encoder.layer.8.output.dense,8,FFN2,sweep,8,0.09993339826663335,0.10995987057685852,0.011139643068114916,6.037928104400635,0.9999919136365255,0.16704688469568887,0.4636242787043254,0.7696568767229716,0.0,0.00010058393187743302,0.0004801102913916111,0.004248983381936948,0.011129002086818218,0.10005018611749013,0.11014076819022496
bert.encoder.layer.8.attention.self.key,8,K,sweep,8,0.0,0.12831945468982062,0.12831945468982062,44.96161778767904,0.9999524156252543,0.02864982932806015,0.1811513751745224,0.5470143556594849,0.0,0.00010568381306560089,0.00046088837552815676,0.0015936173343410094,0.002422710026924809,0.5998263855775198,0.6514711976051331
bert.encoder.layer.8.attention.output.dense,8,O,sweep,8,0.0993493249018987,0.1099260871609052,0.01174348716934522,6.197970708211263,0.9999915957450867,0.16290477911631265,0.4566269318262736,0.7615900238355001,0.0,0.00012127729375303413,0.0005871422957473745,0.005606763530522585,0.012475985412796339,0.09966306388378143,0.10993561893701553
bert.encoder.layer.8.attention.self.query,8,Q,sweep,8,0.0,0.10445805887381236,0.10445805887381236,32.12966537475586,0.9999480247497559,0.04087533305088679,0.20698727667331696,0.5576091210047404,0.0,5.1308019465068355e-05,0.0002615558817827453,0.0019735461488987007,0.005420377943664789,0.0,0.0816000501314799
bert.encoder.layer.8.attention.self.value,8,V,sweep,8,0.0,0.06782651816805203,0.06782651816805203,25.046925226847332,0.9999733765920004,0.05234038829803467,0.27065353592236835,0.6675474246342977,0.0,9.221365083552276e-05,0.00042634983158980805,0.0028195747872814536,0.006443128455430269,0.5998263855775198,0.6270797252655029
bert.encoder.layer.9.intermediate.dense,9,FFN1,sweep,8,0.004659469239413738,0.2838119665781657,0.28045838077863056,99.31776682535808,0.9998085101445516,0.010999402962625027,0.05836618815859159,0.3076917330423991,0.0,8.661984369003524e-05,0.00036874089467649657,0.003917034870634477,0.014141662046313286,0.0038536919746547937,0.1957201063632965
bert.encoder.layer.9.output.dense,9,FFN2,sweep,8,0.10014862567186356,0.11022009203831355,0.011192433225611845,6.107741038004558,0.9999917348225912,0.16505558788776398,0.460283229748408,0.7659055987993876,0.0,8.622130068639915e-05,0.00036127431667409837,0.005054186757964392,0.013976633238295713,0.10027736922105153,0.11050245662530263
bert.encoder.layer.9.attention.self.key,9,K,sweep,8,0.0,0.13956468800703684,0.13956468800703684,47.88596216837565,0.9999632239341736,0.03127277518312136,0.21591278910636902,0.6115471720695496,0.0,7.791760920857389e-05,0.00046434203007568914,0.0014603646704927087,0.003100354690104723,0.5998263855775198,0.6571807861328125
bert.encoder.layer.9.attention.output.dense,9,O,sweep,8,0.10008355975151062,0.11002953102191289,0.01105200219899416,6.014112949371338,0.9999919931093851,0.16769743462403616,0.46548505624135333,0.7705907821655273,0.0,9.577927509477983e-05,0.0003989111864939332,0.005176857501889269,0.012172417094310125,0.09983769059181213,0.10986780375242233
bert.encoder.layer.9.attention.self.query,9,Q,sweep,8,0.0,0.06301215787728627,0.06301215787728627,20.078667322794598,0.9999699791272482,0.057972438633441925,0.25545509656270343,0.6170099576314291,0.0,2.7561351695718866e-05,0.00012204814265714958,0.001122635614592582,0.003775857932244738,0.0,0.053003946940104164
bert.encoder.layer.9.attention.self.value,9,V,sweep,8,0.0,0.08754462997118632,0.08754462997118632,31.109651565551758,0.9999722441037496,0.047468346854050956,0.26406412323315936,0.6637557744979858,0.0,8.995792450150475e-05,0.0006170824053697288,0.0031121555948629975,0.006843718079229196,0.5998263855775198,0.6357354124387106
bert.encoder.layer.10.intermediate.dense,10,FFN1,sweep,8,0.0027437055638680854,0.24122660358746847,0.23913844426472983,77.03879038492839,0.9998385310173035,0.013735115838547548,0.06831317643324535,0.33924537897109985,0.0,5.4301582470846675e-05,0.00017541609122417867,0.005742765419806044,0.011048876369992891,0.0020675659955789647,0.16685782372951508
bert.encoder.layer.10.output.dense,10,FFN2,sweep,8,0.09985352059205373,0.11001520852247874,0.011288900549213091,6.0343248049418134,0.9999918341636658,0.16728643576304117,0.4642852445443471,0.76800537109375,0.0,6.527955216976504e-05,0.0002070476378624638,0.006120047687242429,0.014297932386398315,0.09963876257340114,0.10999891410271327
bert.encoder.layer.10.attention.self.key,10,K,sweep,8,0.0,0.15366113185882568,0.15366113185882568,52.688340504964195,0.999963641166687,0.02755959580341975,0.20930631955464682,0.6148747404416403,0.0,6.823900669890766e-05,0.000373456918168813,0.0011931761400774121,0.0024222778932501874,0.5998263855775198,0.6626869638760885
bert.encoder.layer.10.attention.output.dense,10,O,sweep,8,0.09993003805478413,0.1102346455057462,0.011448602192103863,6.190956433614095,0.9999914765357971,0.16312602162361145,0.4538361132144928,0.7585586309432983,0.0,7.672809685269992e-05,0.00023615769168827683,0.00584830039103205,0.01301578680674235,0.09987894942363103,0.11047250280777614
bert.encoder.layer.10.attention.self.query,10,Q,sweep,8,0.0,0.06701913227637608,0.06701913227637608,22.526947657267254,0.9999687870343527,0.05244661867618561,0.24593261380990347,0.6132893363634745,0.0,1.6815294960300282e-05,5.884960531451119e-05,0.0012625820478812482,0.003717911740144094,0.0,0.0660909041762352
bert.encoder.layer.10.attention.self.value,10,V,sweep,8,0.0,0.1029044861594836,0.1029044861594836,36.19436391194662,0.9999702175458273,0.04091919958591461,0.25106539328893024,0.6591021021207174,0.0,8.889955885630722e-05,0.0006136893255946537,0.0028180021326988935,0.005451634681473176,0.5998263855775198,0.6424741347630819
bert.encoder.layer.11.intermediate.dense,11,FFN1,sweep,8,0.001167134614661336,0.15737621982892355,0.15639154613018036,47.54771931966146,0.9999168117841085,0.02124663566549619,0.09792535255352657,0.4407167931397756,0.0,3.0660739260686874e-05,4.1802316748847566e-05,0.004781270064995624,0.011310367844998837,0.0011284439824521542,0.1287663827339808
bert.encoder.layer.11.output.dense,11,FFN2,sweep,8,0.10007718950510025,0.11094352106253307,0.012074727875490984,6.924057642618815,0.999990185101827,0.1453741490840912,0.4043421149253845,0.6961406668027242,0.0,4.6281187678687274e-05,6.141383103871097e-05,0.006369865574621751,0.012120971145729223,0.10001627604166667,0.11195825785398483
bert.encoder.layer.11.attention.self.key,11,K,sweep,8,0.0,0.1316821351647377,0.1316821351647377,42.253885904947914,0.9999689062436422,0.03375318149725596,0.23507721225420633,0.6516053875287374,0.0,6.003605206691039e-05,0.0002709910380265986,0.0007926884572952986,0.0019043351445967953,0.5998263855775198,0.6536322832107544
bert.encoder.layer.11.attention.output.dense,11,O,sweep,8,0.0998163769642512,0.11013588309288025,0.011463750464220842,6.373381773630778,0.9999911586443583,0.15775032341480255,0.4308815499146779,0.7260958751042684,0.0,4.9587587758045025e-05,8.211795405562346e-05,0.00712111786318322,0.013944925119479498,0.09985803812742233,0.1105985293785731
bert.encoder.layer.11.attention.self.query,11,Q,sweep,8,0.0,0.09022179494301479,0.09022179494301479,28.65255355834961,0.999969998995463,0.04213782399892807,0.24610146383444467,0.6388941804567972,0.0,7.768197823073327e-06,1.5708000622301672e-05,0.0008817123234621249,0.0032284794530520835,0.0,0.07684552172819774
bert.encoder.layer.11.attention.self.value,11,V,sweep,8,0.0,0.08595797667900722,0.08595797667900722,36.09887186686198,0.9999741514523824,0.04763385280966759,0.27788087725639343,0.6843891739845276,0.0,6.749696694896556e-05,0.0005937335954513401,0.0020250521677856645,0.0041401338918755455,0.5998263855775198,0.6347599724928538
bert.encoder.layer.0.intermediate.dense,0,FFN1,sweep,10,0.00014649270209095752,0.26898213227589923,0.26887516180674237,238.27383931477866,0.9999865889549255,0.004645283023516337,0.03986716394623121,0.2756848831971486,0.0,0.00016012456520305326,0.0005661296502997478,0.0024098393817742667,0.006315492404003938,0.00018960458207099387,0.4184064567089081
bert.encoder.layer.0.output.dense,0,FFN2,sweep,10,0.09943718711535136,0.10193941990534465,0.002778472378849983,6.076486746470134,0.9999995430310568,0.16612614194552103,0.46497498949368793,0.7714496850967407,0.0,0.00010226102798090626,0.00038086123337658745,0.0021652032543594637,0.005534124871095021,0.09973370532194774,0.10240625341733296
bert.encoder.layer.0.attention.self.key,0,K,sweep,10,0.0,0.014350550870100657,0.014350550870100657,22.276084264119465,0.999998132387797,0.05641833320260048,0.2507408410310745,0.6292743881543478,0.0,7.506586795595165e-05,0.00021358584247839948,0.0009885920444503427,0.001836062641814351,0.5998263855775198,0.6056597828865051
bert.encoder.layer.0.attention.output.dense,0,O,sweep,10,0.10018135855595271,0.10268094887336095,0.0027778674848377705,6.137215932210286,0.9999995231628418,0.1647185186545054,0.4609370132287343,0.7648370265960693,0.0,0.00016669959586579353,0.0005799916495258609,0.002817311828645567,0.009392227667073408,0.10014230261246364,0.10266904532909393
bert.encoder.layer.0.attention.self.query,0,Q,sweep,10,0.0,0.009802361950278282,0.009802361950278282,16.448787689208984,0.9999978542327881,0.0639894778529803,0.22883214056491852,0.5647933880488077,0.0,4.99373830583257e-05,0.00016557385970372707,0.0008703027269802988,0.0018911008567859728,0.0,0.012645015182594458
bert.encoder.layer.0.attention.self.value,0,V,sweep,10,0.0,0.011303085833787918,0.011303085833787918,18.526168823242188,0.9999982118606567,0.06656687458356221,0.2668793499469757,0.6403041283289591,0.0,0.00013561928305231655,0.0004304121733487894,0.0016025464283302426,0.0032184680458158255,0.5998263855775198,0.6043746471405029
bert.encoder.layer.1.intermediate.dense,1,FFN1,sweep,10,0.00024986069668860483,0.23189265529314676,0.23170102139314017,197.23917134602866,0.9999847809473673,0.005690496725340684,0.04272924115260442,0.2686080237229665,0.0,0.00016381937408975014,0.0005816803313791752,0.0023559976058701673,0.009173075668513775,0.0003728513353659461,0.2962128023306529
bert.encoder.layer.1.output.dense,1,FFN2,sweep,10,0.09991351515054703,0.10248388101657231,0.0028556917483607927,6.136271317799886,0.9999995430310568,0.1647997945547104,0.46267157793045044,0.7693667610486349,0.0,0.00012322394953419766,0.00046761624010590214,0.0026449759801228843,0.007092440811296304,0.100218599041303,0.10302734623352687
bert.encoder.layer.1.attention.self.key,1,K,sweep,10,0.0,0.02181248366832733,0.02181248366832733,28.808966954549152,0.9999977151552836,0.04550756017367045,0.22586053113142648,0.5962475339571635,0.0,9.105748419339459e-05,0.00032599895106007654,0.0011719198276599248,0.003429349744692445,0.5998263855775198,0.6086239417394003
bert.encoder.layer.1.attention.output.dense,1,O,sweep,10,0.10016796986262004,0.10267982631921768,0.0027914908714592457,6.027011553446452,0.9999995430310568,0.167526642481486,0.4668319722016652,0.7747689485549927,0.0,0.00015621484393098703,0.0005944898972908655,0.0034243781895687184,0.00843387454127272,0.1001858189702034,0.10283293575048447
bert.encoder.layer.1.attention.self.query,1,Q,sweep,10,0.0,0.017081796502073605,0.017081796502073605,21.753225962320965,0.9999976754188538,0.05090890700618426,0.2186255007982254,0.5787479480107626,0.0,6.282504182308912e-05,0.00024765613973916817,0.0011864463255430262,0.006717435084283352,0.0,0.020404391611615818
bert.encoder.layer.1.attention.self.value,1,V,sweep,10,0.0,0.018597975373268127,0.018597975373268127,25.241501490275066,0.9999978542327881,0.05451610560218493,0.24287003775437674,0.6027504205703735,0.0,0.00012160626647528261,0.00039510067047861713,0.002681487938389182,0.006540312431752682,0.5998263855775198,0.6073744098345438
bert.encoder.layer.2.intermediate.dense,2,FFN1,sweep,10,0.0005557189385096232,0.19480983912944794,0.19436217844486237,151.56267293294272,0.9999874234199524,0.007131997806330522,0.048222346852223076,0.2893406351407369,0.0,0.00015345307474490255,0.0005344556217702726,0.002989118297894796,0.005430806583414475,0.0007882294788335761,0.24409753580888113
bert.encoder.layer.2.output.dense,2,FFN2,sweep,10,0.10004680852095287,0.1031758909424146,0.003476936835795641,7.264021396636963,0.9999992251396179,0.14331433673699698,0.4277651607990265,0.7390811840693156,0.0,0.00013876323646400124,0.0005641333506597827,0.003551192426433166,0.01053363395233949,0.100173386434714,0.10362582902113597
bert.encoder.layer.2.attention.self.key,2,K,sweep,10,0.0,0.03630894795060158,0.03630894795060158,32.11849021911621,0.9999978343645731,0.043089172492424645,0.22797619799772897,0.6013567447662354,0.0,7.824610656825826e-05,0.0002975220268126577,0.0012120387594526012,0.0031361706787720323,0.5998263855775198,0.6157028675079346
bert.encoder.layer.2.attention.output.dense,2,O,sweep,10,0.09980737417936325,0.10243976364533107,0.0029242591311534247,6.345605532328288,0.9999995032946268,0.15991531312465668,0.45315198103586835,0.7599849104881287,0.0,0.00014849779836367816,0.000535884416118885,0.0036596488983680806,0.008026987469444672,0.09974896411101024,0.1027402530113856
bert.encoder.layer.2.attention.self.query,2,Q,sweep,10,0.0,0.1550196905930837,0.1550196905930837,29.138859430948894,0.9999971985816956,0.037728129575649895,0.18631096184253693,0.5118619799613953,0.0,5.372487188045246e-05,0.00019745850780357918,0.0013006747079392273,0.0034724812333782515,0.0,0.0782199427485466
bert.encoder.layer.2.attention.self.value,2,V,sweep,10,0.0,0.021622182180484135,0.021622182180484135,27.492562611897785,0.9999981721242269,0.04770065347353617,0.2530245582262675,0.645348310470581,0.0,0.00013209636381361634,0.00047506942064501345,0.002711031585931778,0.004776874246696631,0.5998263855775198,0.6086013317108154
bert.encoder.layer.3.intermediate.dense,3,FFN1,sweep,10,0.0010553293007736404,0.19208877285321554,0.19123597939809164,285.5561065673828,0.999989648660024,0.007868121688564619,0.05443346376220385,0.32747334241867065,0.0,0.00013065846966734776,0.0005648009634266297,0.0031553493657459817,0.006230892923971017,0.0011752093366036813,0.19411086539427438
bert.encoder.layer.3.output.dense,3,FFN2,sweep,10,0.10045755157868068,0.10318808009227116,0.0030354796908795834,6.486457824707031,0.9999994238217672,0.15633624792099,0.4454539914925893,0.7541118065516154,0.0,0.00012455572383866334,0.0005317684165978184,0.0037085035583004355,0.008927602165689072,0.10020786027113597,0.10312850524981816
bert.encoder.layer.3.attention.self.key,3,K,sweep,10,0.0,0.02100911984841029,0.02100911984841029,28.238054275512695,0.9999977946281433,0.04446796576182047,0.22468404471874237,0.5853585402170817,0.0,8.256038563558832e-05,0.0002885077750155081,0.0014357884065248072,0.002341892609062294,0.5998263855775198,0.6084029575188955
bert.encoder.layer.3.attention.output.dense,3,O,sweep,10,0.09940199802319209,0.1036681979894638,0.004737030249089003,10.338332811991373,0.9999983906745911,0.10707321514685948,0.3733327289422353,0.6933214664459229,0.0,0.00020390063582453877,0.0010080229840241373,0.006685957312583923,0.017212809684375923,0.10001627604166667,0.10460239152113597
bert.encoder.layer.3.attention.self.query,3,Q,sweep,10,0.0,0.0139994944135348,0.0139994944135348,17.83416175842285,0.9999980926513672,0.060682972272237144,0.24920880794525146,0.6127226750055949,0.0,4.437429136790646e-05,0.00018025799363385886,0.0011836114572361112,0.002721607335843146,0.0,0.017560606201489765
bert.encoder.layer.3.attention.self.value,3,V,sweep,10,0.0,0.0179830106596152,0.0179830106596152,25.811152776082356,0.9999981125195821,0.05445020770033201,0.26303144296010333,0.6451386213302612,0.0,0.00012208399615095308,0.000525785144418478,0.003051637982328733,0.0039993141156931715,0.5998263855775198,0.6071251829465231
bert.encoder.layer.4.intermediate.dense,4,FFN1,sweep,10,0.000578861276153475,0.17252488931020102,0.17204596102237701,194.80683390299478,0.999990443388621,0.008993564794460932,0.05983511606852213,0.33523597319920856,0.0,0.00013886187904669592,0.0005423457187134773,0.003497875683630506,0.006638411122063796,0.0006119057070463896,0.15976884961128235
bert.encoder.layer.4.output.dense,4,FFN2,sweep,10,0.09994654605786006,0.10259904712438583,0.002947074050704638,6.509038766225179,0.9999995032946268,0.1555706908305486,0.4443294008572896,0.7537103295326233,0.0,0.0001349505182588473,0.0005250730221935859,0.004255661508068442,0.008913617736349503,0.09991568326950073,0.10271482169628143
bert.encoder.layer.4.attention.self.key,4,K,sweep,10,0.0,0.027291464308897655,0.027291464308897655,35.20209821065267,0.9999972581863403,0.03608859578768412,0.20096353193124136,0.5625129739443461,0.0,8.502027048962191e-05,0.00035358612270404893,0.0014962130226194859,0.0025431363998601833,0.5998263855775198,0.6111942032972971
bert.encoder.layer.4.attention.output.dense,4,O,sweep,10,0.09980233013629913,0.10342872391144435,0.0040286156969765825,8.754803975423178,0.9999988476435343,0.12298085540533066,0.3974844515323639,0.7162317633628845,0.0,0.00018056223052553833,0.0009063185037424167,0.004726890164117019,0.010533380632599195,0.09975348661343257,0.10341276973485947
bert.encoder.layer.4.attention.self.query,4,Q,sweep,10,0.0,0.016308894380927086,0.016308894380927086,21.815907160441082,0.9999979138374329,0.052422747015953064,0.23442122836907706,0.5972421169281006,0.0,4.623607916679854e-05,0.00019768260729809603,0.0011137866919549804,0.0030699532168606916,0.0,0.013958401046693325
bert.encoder.layer.4.attention.self.value,4,V,sweep,10,0.0,0.017848958261311054,0.017848958261311054,24.02144940694173,0.9999983708063761,0.054771805802981056,0.2746707896391551,0.6603979468345642,0.0,8.707092153296496e-05,0.00039156933780759573,0.0027418640286972127,0.004601415246725082,0.5998263855775198,0.6071811219056448
bert.encoder.layer.5.intermediate.dense,5,FFN1,sweep,10,0.0005739571449036399,0.1534861127535502,0.15299996236960092,119.5679219563802,0.9999906818072001,0.010189766685167948,0.06526704877614975,0.34816883007685345,0.0,0.00013214411592343822,0.0005519552699600657,0.003955608156199257,0.007288792170584202,0.0004278112416310857,0.12302031616369884
bert.encoder.layer.5.output.dense,5,FFN2,sweep,10,0.09909096608559291,0.1017623171210289,0.0029651570754746595,6.327462991078694,0.9999995430310568,0.15955849488576254,0.4489084978898366,0.7563508947690328,0.0,0.00013476873815913373,0.0005465836923879882,0.0038658754589656987,0.009377669232587019,0.09956416487693787,0.1022276704510053
bert.encoder.layer.5.attention.self.key,5,K,sweep,10,0.0,0.03187806159257889,0.03187806159257889,37.20876693725586,0.9999974171320597,0.03523368760943413,0.20214841266473135,0.569359560807546,0.0,7.60412998109435e-05,0.0003946399277386566,0.00149415316991508,0.003328503963227073,0.5998263855775198,0.6131377120812734
bert.encoder.layer.5.attention.output.dense,5,O,sweep,10,0.09996662040551503,0.10342503090699513,0.003842510903875033,8.40751043955485,0.9999989668528239,0.12561862170696259,0.3999163011709849,0.7178095976511637,0.0,0.00017904502359063676,0.0008664837611528734,0.004811793177699049,0.018409211188554764,0.10021294405062993,0.10372811804215114
bert.encoder.layer.5.attention.self.query,5,Q,sweep,10,0.0,0.031338490545749664,0.031338490545749664,28.2612730662028,0.999997595945994,0.04279897982875506,0.22120517988999686,0.5807500878969828,0.0,4.919258086980941e-05,0.00020212746555140862,0.0011428573440449934,0.005281814529250066,0.0,0.027489556620518368
bert.encoder.layer.5.attention.self.value,5,V,sweep,10,0.0,0.020549355695645016,0.020549355695645016,25.073429743448894,0.9999984701474508,0.05342693751056989,0.28645163774490356,0.684226930141449,0.0,8.331522258231416e-05,0.00029981480232284713,0.004020358125368754,0.006192317387710015,0.5998263855775198,0.6083153684933981
bert.encoder.layer.6.intermediate.dense,6,FFN1,sweep,10,0.0002465943058875079,0.14548301696777344,0.14527232448259988,110.79151916503906,0.9999905228614807,0.010218615333239237,0.06325667599836986,0.3433126211166382,0.0,0.00014063299749977887,0.0006339752386944989,0.004254886414855719,0.0069760784196356935,0.0001993532593284423,0.11320085823535919
bert.encoder.layer.6.output.dense,6,FFN2,sweep,10,0.09939011434714,0.10187718272209167,0.0027615620444218316,6.150437831878662,0.9999995231628418,0.16420347491900125,0.45946483810742694,0.7671460509300232,0.0,0.00012783295096596703,0.0005166784394532442,0.004305894874657194,0.009180162412424883,0.09978004544973373,0.10236556579669316
bert.encoder.layer.6.attention.self.key,6,K,sweep,10,0.0,0.036188715447982155,0.036188715447982155,46.018375396728516,0.9999968806902567,0.03132374584674835,0.1831189046303431,0.5291687448819479,0.0,8.546289366980393e-05,0.00040628801798447967,0.0019268531274671357,0.003704498444373409,0.5998263855775198,0.6144861479600271
bert.encoder.layer.6.attention.output.dense,6,O,sweep,10,0.09990184009075165,0.10282559941212337,0.003248220464835564,7.200238386789958,0.9999993046124777,0.14331806699434915,0.4270978073279063,0.7399082183837891,0.0,0.0001521879603387788,0.0007139585019710163,0.004760844012101491,0.014726298240323862,0.09984164933363597,0.1027119979262352
bert.encoder.layer.6.attention.self.query,6,Q,sweep,10,0.0,0.029840271299084026,0.029840271299084026,32.30584589640299,0.9999972383181254,0.03902557988961538,0.20422700544198355,0.5683069626490275,0.0,5.121700572393214e-05,0.0002312299911864102,0.0013590198165426652,0.004578769750272234,0.0,0.022571140279372532
bert.encoder.layer.6.attention.self.value,6,V,sweep,10,0.0,0.020330265164375305,0.020330265164375305,26.4185307820638,0.9999983906745911,0.05145594229300817,0.27725594242413837,0.6738150715827942,0.0,8.369130470479529e-05,0.0003695427537119637,0.003395905407766501,0.0056956711535652476,0.5998263855775198,0.6079836388429006
bert.encoder.layer.7.intermediate.dense,7,FFN1,sweep,10,0.00025310532267515856,0.1305205076932907,0.1303004746635755,111.1683349609375,0.9999876022338867,0.00979847243676583,0.05788074309627215,0.31147634983062744,0.0,0.0001563844804574425,0.0006358127769393226,0.004182954008380572,0.008132682492335638,0.0001877678781359767,0.09419109423955281
bert.encoder.layer.7.output.dense,7,FFN2,sweep,10,0.09965122242768605,0.10216037432352702,0.0027868739950160184,6.029589970906575,0.9999995430310568,0.16744718452294668,0.4651516179243724,0.7712937196095785,0.0,0.00012331683683441952,0.0004988458822481334,0.003366182907484472,0.009811606879035631,0.09988968322674434,0.10236895581086476
bert.encoder.layer.7.attention.self.key,7,K,sweep,10,0.0,0.04763974870244662,0.04763974870244662,56.04971440633138,0.9999967217445374,0.02458018623292446,0.17055329183737436,0.5242262085278829,0.0,6.914913804697183e-05,0.00035644670909581083,0.0016067724985380967,0.004672542602444689,0.5998263855775198,0.6191547513008118
bert.encoder.layer.7.attention.output.dense,7,O,sweep,10,0.10009122639894485,0.10284796357154846,0.003063357279946407,6.588650385538737,0.9999993642171224,0.15430728097756705,0.4431836207707723,0.7519606947898865,0.0,0.00013592856703326106,0.0005602994545673331,0.005290713083619873,0.012404159953196844,0.1002129465341568,0.10284423828125
bert.encoder.layer.7.attention.self.query,7,Q,sweep,10,0.0,0.03813436875740687,0.03813436875740687,32.69088999430338,0.9999977548917135,0.036324220399061836,0.21848992009957632,0.5974646409352621,0.0,3.7031156049730875e-05,0.0001410826953360811,0.0009822333231568336,0.0033131666326274476,0.0,0.029069689412911732
bert.encoder.layer.7.attention.self.value,7,V,sweep,10,0.0,0.027245330934723217,0.027245330934723217,34.8910764058431,0.9999981721242269,0.038455927123626076,0.24688301980495453,0.6632381677627563,0.0,8.359076067184408e-05,0.0004083188929750274,0.00393272105914851,0.005036150726179282,0.5998263855775198,0.6109116276105245
bert.encoder.layer.8.intermediate.dense,8,FFN1,sweep,10,0.00023707538881960014,0.127388134598732,0.12718148777882257,108.45587666829427,0.9999882777531942,0.010095247998833656,0.05625789240002632,0.3111335535844167,0.0,0.00011967589913789804,0.0005566352241051694,0.0036306260153651237,0.0084433580438296,0.00014863190881442279,0.08293589949607849
bert.encoder.layer.8.output.dense,8,FFN2,sweep,10,0.09993339826663335,0.10237036397059758,0.0027075401352097592,6.015517711639404,0.9999995231628418,0.16762400170167288,0.4653637905915578,0.7704909443855286,0.0,0.00010236529245351751,0.0004694132852212836,0.004105210304260254,0.010923679607609907,0.10005018611749013,0.1025904913743337
bert.encoder.layer.8.attention.self.key,8,K,sweep,10,0.0,0.03718932159245014,0.03718932159245014,46.01262283325195,0.999997079372406,0.028517507016658783,0.183498814702034,0.5520610014597574,0.0,0.00010280990439544742,0.00042905470278734964,0.0014830861861507099,0.0023650200261423984,0.5998263855775198,0.6149043540159861
bert.encoder.layer.8.attention.output.dense,8,O,sweep,10,0.0993493249018987,0.10197563966115315,0.0029160387348383665,6.193984826405843,0.9999995231628418,0.16295628746350607,0.4556974669297536,0.7635554273923238,0.0,0.00012170589858821283,0.0005686046400417885,0.0054546829002598924,0.012448593353231749,0.09966306388378143,0.10220280289649963
bert.encoder.layer.8.attention.self.query,8,Q,sweep,10,0.0,0.035898530234893165,0.035898530234893165,34.91237258911133,0.9999967217445374,0.038342912991841636,0.19996516903241476,0.5475124716758728,0.0,5.159372206738529e-05,0.00026417741416177404,0.002036435102733473,0.004521419604619344,0.0,0.026700620849927265
bert.encoder.layer.8.attention.self.value,8,V,sweep,10,0.0,0.01872038779159387,0.01872038779159387,25.793299357096355,0.9999983310699463,0.05124397203326225,0.26853880286216736,0.6658110817273458,0.0,8.945209750284751e-05,0.00040639885507213574,0.0027841776609420776,0.006159277322391669,0.5998263855775198,0.6073201497395834
bert.encoder.layer.9.intermediate.dense,9,FFN1,sweep,10,0.0011003672455747922,0.11954860885938008,0.11857858796914418,99.54495493570964,0.999987522761027,0.01097481573621432,0.058242938170830406,0.3063836693763733,0.0,8.929291652748361e-05,0.0003746469446923584,0.0036489886697381735,0.015378782525658607,0.0009730303815255562,0.07449312508106232
bert.encoder.layer.9.output.dense,9,FFN2,sweep,10,0.10014862567186356,0.1026889259616534,0.002822974075873693,6.0978899002075195,0.9999995430310568,0.1653259644905726,0.460107942422231,0.7655626932779948,0.0,8.810853614704683e-05,0.00037527785752899945,0.004991753414894144,0.01468802181382974,0.10027736922105153,0.1028719296058019
bert.encoder.layer.9.attention.self.key,9,K,sweep,10,0.0,0.04520639404654503,0.04520639404654503,48.77348073323568,0.9999977350234985,0.03106739930808544,0.21694434682528177,0.6179326176643372,0.0,7.98374191314603e-05,0.000447409072269996,0.0017743184386442106,0.0032782782024393478,0.5998263855775198,0.6185969511667887
bert.encoder.layer.9.attention.output.dense,9,O,sweep,10,0.10008355975151062,0.10252490391333897,0.002712825546041131,6.022098700205485,0.9999995628992716,0.16739431023597717,0.4652739663918813,0.7717512249946594,0.0,9.79816274290594e-05,0.000401243024195234,0.004940634127706289,0.012003495047489801,0.09983769059181213,0.10227175305287044
bert.encoder.layer.9.attention.self.query,9,Q,sweep,10,0.0,0.018139093803862732,0.018139093803862732,20.599135716756184,0.999998152256012,0.05664855365951856,0.25586553414662677,0.6178297400474548,0.0,2.724073177281146e-05,0.00013535098454061276,0.0012447525320264201,0.004093878281613191,0.0,0.015077378911276659
bert.encoder.layer.9.attention.self.value,9,V,sweep,10,0.0,0.02476825627187888,0.02476825627187888,31.431055704752605,0.9999983112017313,0.047292167941729225,0.26430166761080426,0.6642030278841654,0.0,9.25479325815104e-05,0.0005728929148366054,0.003268080841129025,0.006857301574200392,0.5998263855775198,0.6100972592830658
bert.encoder.layer.10.intermediate.dense,10,FFN1,sweep,10,0.0004472125049990912,0.09530489395062129,0.09490009645620982,76.58583068847656,0.9999897082646688,0.01376630055407683,0.06789252907037735,0.33781253298123676,0.0,5.760131413505102e-05,0.0001866879805068796,0.005641982327991475,0.010227773959438006,0.00041000931135689217,0.059741128236055374
bert.encoder.layer.10.output.dense,10,FFN2,sweep,10,0.09985352059205373,0.10229267179965973,0.0027096939738839865,6.039834181467692,0.9999995430310568,0.16716115673383078,0.4641261200110118,0.7667219042778015,0.0,6.641529641152981e-05,0.00020514930656645447,0.005970094120129943,0.014657169890900454,0.09963876257340114,0.1022084578871727
bert.encoder.layer.10.attention.self.key,10,K,sweep,10,0.0,0.04891117289662361,0.04891117289662361,53.0021718343099,0.9999977946281433,0.027965523302555084,0.2129270484050115,0.6176624695460001,0.0,6.697452166311753e-05,0.00036968738034678,0.0011978708983709414,0.002549614990130067,0.5998263855775198,0.6202873090902964
bert.encoder.layer.10.attention.output.dense,10,O,sweep,10,0.09993003805478413,0.10243055721124013,0.002778097211072842,6.132669289906819,0.9999995231628418,0.16441209614276886,0.45646528402964276,0.7618380983670553,0.0,8.076815235350902e-05,0.00024459228734485805,0.005767738640618821,0.012995371595025063,0.09987894942363103,0.102431687215964
bert.encoder.layer.10.attention.self.query,10,Q,sweep,10,0.0,0.01692929274092118,0.01692929274092118,21.70352300008138,0.9999980926513672,0.053814880549907684,0.24798894425233206,0.6142536004384359,0.0,1.7689200831227936e-05,6.159608165035024e-05,0.0012608718728491415,0.0031887551692004004,0.0,0.016550699869791668
bert.encoder.layer.10.attention.self.value,10,V,sweep,10,0.0,0.030008253330985706,0.030008253330985706,36.680002212524414,0.9999981721242269,0.04090630387266477,0.24866980810960135,0.6534943779309591,0.0,9.202798779976244e-05,0.0006423135831331214,0.0031348697375506163,0.005058205143238108,0.5998263855775198,0.6125714282194773
bert.encoder.layer.11.intermediate.dense,11,FFN1,sweep,10,8.010620755764346e-05,0.053550285597642265,0.0534744660059611,47.458421071370445,0.9999948740005493,0.021285884082317352,0.0978671982884407,0.4424155255158742,0.0,3.061386147843829e-05,4.2119678255403414e-05,0.005016604705209223,0.011432386003434658,7.106639774671446e-05,0.0411376953125
bert.encoder.layer.11.output.dense,11,FFN2,sweep,10,0.10007718950510025,0.10272599756717682,0.0029433357218901315,6.929919719696045,0.9999993840853373,0.14533349374930063,0.404053529103597,0.6955294410387675,0.0,4.683765898031803e-05,6.168913265961844e-05,0.006365217098694605,0.012192862729231516,0.10001627604166667,0.10301660497983296
bert.encoder.layer.11.attention.self.key,11,K,sweep,10,0.0,0.04057470833261808,0.04057470833261808,41.820882161458336,0.9999980529149374,0.03387959487736225,0.2323347876469294,0.6474176446596781,0.0,6.406661365569259e-05,0.0002880559186451137,0.0007609895352895061,0.001776007275717954,0.5998263855775198,0.6165302495161692
bert.encoder.layer.11.attention.output.dense,11,O,sweep,10,0.0998163769642512,0.10234581182400386,0.0028099718814094863,6.364535490671794,0.999999483426412,0.15797991553942362,0.43161248167355853,0.7273682355880737,0.0,5.01677192611775e-05,8.40420980239287e-05,0.006990279924745361,0.013754417809347311,0.09985803812742233,0.10249950488408406
bert.encoder.layer.11.attention.self.query,11,Q,sweep,10,0.0,0.022085162500540417,0.022085162500540417,26.95273780822754,0.9999981919924418,0.04425555095076561,0.25003567337989807,0.6413925488789877,0.0,7.938520563281296e-06,1.6633410268696025e-05,0.0008399050057050772,0.003318969625979662,0.0,0.018393622400859993
bert.encoder.layer.11.attention.self.value,11,V,sweep,10,0.0,0.024539854377508163,0.024539854377508163,33.073744455973305,0.9999984502792358,0.049243719627459846,0.2808745205402374,0.6867679754892985,0.0,7.142647276244436e-05,0.0006661376197977612,0.0018637755420058966,0.004015454634403189,0.5998263855775198,0.609673390785853
bert.encoder.layer.0.intermediate.dense,0,FFN1,sweep,12,1.2354272863982866e-05,0.15447895228862762,0.15446851154168448,237.47437032063803,0.9999991456667582,0.004658123788734277,0.04010122393568357,0.2764218548933665,0.0,0.0001595562935108319,0.0005622265938048562,0.0024426396315296492,0.006458421470597386,1.5682644516346045e-05,0.28943944970766705
bert.encoder.layer.0.output.dense,0,FFN2,sweep,12,0.09943718711535136,0.1000411535302798,0.0006706369652723273,6.088498592376709,1.0,0.16599196195602417,0.4639509121576945,0.7697575887044271,0.0,0.00010652237203127395,0.0003834143183970203,0.002240668865852058,0.005549480672925711,0.09973370532194774,0.10039661824703217
bert.encoder.layer.0.attention.self.key,0,K,sweep,12,0.0,0.003517980376879374,0.003517980376879374,22.073137283325195,0.9999998410542806,0.05664642403523127,0.25116224586963654,0.6308981577555338,0.0,7.43335549486801e-05,0.00021593413354518512,0.0009883700986392796,0.0016685288865119219,0.5998263855775198,0.6012584666411082
bert.encoder.layer.0.attention.output.dense,0,O,sweep,12,0.10018135855595271,0.1007629285256068,0.0006463205791078508,6.155938466389974,1.0,0.16404202580451965,0.46032044291496277,0.7674772342046102,0.0,0.00017257519357372075,0.0005892932628436635,0.0029733812358851233,0.009601164143532515,0.10014230261246364,0.1007413516441981
bert.encoder.layer.0.attention.self.query,0,Q,sweep,12,0.0,0.0024729052868982158,0.0024729052868982158,16.47664960225423,0.9999998211860657,0.06395090371370316,0.2286098599433899,0.5645978053410848,0.0,5.0615003904871024e-05,0.00016585802950430661,0.0008789892890490592,0.0018862299621105194,0.0,0.003203215543180704
bert.encoder.layer.0.attention.self.value,0,V,sweep,12,0.0,0.0028044577532758317,0.0028044577532758317,18.49354616800944,0.9999998410542806,0.06631466001272202,0.2658346990744273,0.6392246087392172,0.0,0.00013837195001542568,0.00044040759288085,0.0015674219854796927,0.0032468533609062433,0.5998263855775198,0.6009657184282938
bert.encoder.layer.1.intermediate.dense,1,FFN1,sweep,12,7.213117108525087e-05,0.12296498566865921,0.12290176749229431,197.22664896647134,0.9999989668528239,0.005695688848694165,0.04274268945058187,0.2678743898868561,0.0,0.0001661353356515368,0.0005682639894075692,0.0024986181718607745,0.009732472865531841,0.00011585376826891054,0.1559853752454122
bert.encoder.layer.1.output.dense,1,FFN2,sweep,12,0.09991351515054703,0.10054270178079605,0.0006990294399050375,6.121734460194905,1.0,0.16518233716487885,0.46361179153124493,0.772271970907847,0.0,0.00012498628348112106,0.0004690358182415366,0.0026674900048722825,0.006948655626426141,0.100218599041303,0.1009425421555837
bert.encoder.layer.1.attention.self.key,1,K,sweep,12,0.0,0.005546605524917443,0.005546605524917443,28.757774988810223,0.9999998211860657,0.04556406786044439,0.22645741204420725,0.5943259000778198,0.0,9.098501565555732e-05,0.00032036175252869725,0.001195152251360317,0.0034799932036548853,0.5998263855775198,0.6020440061887106
bert.encoder.layer.1.attention.output.dense,1,O,sweep,12,0.10016796986262004,0.10078924397627513,0.0006904720794409513,6.048468907674153,1.0,0.16710972785949707,0.4670412540435791,0.7738181352615356,0.0,0.0001570108336939787,0.0006024266573755691,0.0034065489502002797,0.008439987742652496,0.1001858189702034,0.1008747269709905
bert.encoder.layer.1.attention.self.query,1,Q,sweep,12,0.0,0.004195344013472398,0.004195344013472398,21.72140884399414,0.9999998410542806,0.05095832049846649,0.21884087224801382,0.5789695382118225,0.0,6.223233140190132e-05,0.00024344659565637508,0.001317769754678011,0.007205442525446415,0.0,0.005607322479287784
bert.encoder.layer.1.attention.self.value,1,V,sweep,12,0.0,0.004831703534970681,0.004831703534970681,25.49193000793457,0.9999998410542806,0.054462901006142296,0.24194413423538208,0.6018335024515787,0.0,0.0001251288097895061,0.00039261672645807266,0.0027308394201099873,0.006535585504025221,0.5998263855775198,0.601778378089269
bert.encoder.layer.2.intermediate.dense,2,FFN1,sweep,12,0.000174110178098393,0.09658007075389226,0.0964227666457494,151.41340128580728,0.9999992450078329,0.007147114723920822,0.0482434406876564,0.2900738517443339,0.0,0.0001516103269144272,0.0005668362039917459,0.002999331724519531,0.005763400501261155,0.00028228760735752684,0.12923700114091238
bert.encoder.layer.2.output.dense,2,FFN2,sweep,12,0.10004680852095287,0.10079506039619446,0.0008314494625665247,7.208006858825684,1.0,0.14416007697582245,0.4294845958550771,0.7411070466041565,0.0,0.0001388836681144312,0.000577400797434772,0.003511146642267704,0.010104443257053694,0.100173386434714,0.1009804035226504
bert.encoder.layer.2.attention.self.key,2,K,sweep,12,0.0,0.012089464192589125,0.012089464192589125,32.61060778299967,0.9999998410542806,0.042904745787382126,0.2264960656563441,0.5973555048306783,0.0,7.679443175826843e-05,0.0003069535887334496,0.0011930438146616023,0.0031658600782975554,0.5998263855775198,0.6053523321946462
bert.encoder.layer.2.attention.output.dense,2,O,sweep,12,0.09980737417936325,0.10043918341398239,0.0007018376685058078,6.342164357503255,1.0,0.15996398528416952,0.45298758149147034,0.7608047922452291,0.0,0.00014709062331045666,0.0005499420900984356,0.003799211932346225,0.007704544502000014,0.09974896411101024,0.10046556343634923
bert.encoder.layer.2.attention.self.query,2,Q,sweep,12,0.0,0.1252621461947759,0.1252621461947759,28.970495223999023,0.9999998211860657,0.03795553743839264,0.1871019850174586,0.5143906871477762,0.0,5.3007279348094016e-05,0.0002050432910133774,0.0012629497408246,0.0035648439855625234,0.0,0.05477848773201307
bert.encoder.layer.2.attention.self.value,2,V,sweep,12,0.0,0.005898946740974982,0.005898946740974982,27.550676981608074,0.9999998609224955,0.04798467829823494,0.2546479304631551,0.6484952966372172,0.0,0.00013151811678350592,0.0004814101363687466,0.002747028445204099,0.004576993795732657,0.5998263855775198,0.6022870143254598
bert.encoder.layer.3.intermediate.dense,3,FFN1,sweep,12,0.00022840995613175133,0.1000004733602206,0.09979488203922908,294.84157307942706,0.9999993443489075,0.007835631569226583,0.05408208320538203,0.32691001892089844,0.0,0.0001335642252039785,0.0005527258811828991,0.003223737468943,0.006216730767240127,0.0002356635183483983,0.09491404891014099
bert.encoder.layer.3.output.dense,3,FFN2,sweep,12,0.10045755157868068,0.10104089727004369,0.0006484798310945431,6.464798927307129,1.0,0.15674869219462076,0.44582992792129517,0.755102535088857,0.0,0.00012423175697525343,0.000534737822211658,0.003619599932183822,0.008708131810029348,0.10020786027113597,0.10088659077882767
bert.encoder.layer.3.attention.self.key,3,K,sweep,12,0.0,0.0054720027061800165,0.0054720027061800165,28.24267578125,0.9999998410542806,0.04468852033217748,0.22614381710688272,0.587925374507904,0.0,8.263374911621213e-05,0.0002969072957057506,0.0014392848048980038,0.002259725627178947,0.5998263855775198,0.6020423074563345
bert.encoder.layer.3.attention.output.dense,3,O,sweep,12,0.09940199802319209,0.10057053963343303,0.0012975163214529555,10.155965805053711,0.9999998410542806,0.10897660752137502,0.37795911232630414,0.6960446437199911,0.0,0.0002028817495253558,0.001027131841207544,0.006921423754344384,0.01604283694177866,0.10001627604166667,0.101210984090964
bert.encoder.layer.3.attention.self.query,3,Q,sweep,12,0.0,0.0035324042352537313,0.0035324042352537313,17.79806963602702,0.9999998410542806,0.061002938697735466,0.250941663980484,0.6151622533798218,0.0,4.444375372258946e-05,0.0001769010656668494,0.0012109490926377475,0.002802541207832595,0.0,0.004412615826974313
bert.encoder.layer.3.attention.self.value,3,V,sweep,12,0.0,0.004509158122042815,0.004509158122042815,25.7850767771403,0.9999998410542806,0.05460593352715174,0.2647244930267334,0.6457700530687968,0.0,0.0001214431783106799,0.0005138335982337594,0.0031000852274398008,0.003810928746437033,0.5998263855775198,0.6016580065091451
bert.encoder.layer.4.intermediate.dense,4,FFN1,sweep,12,0.00013224415791531405,0.08767429490884145,0.08755362033843994,202.98694864908853,0.9999993840853373,0.008976705993215242,0.05969643717010816,0.3350377281506856,0.0,0.0001454299247901266,0.000553019781364128,0.003748144799222549,0.006897406652569771,0.00015908700394599387,0.07409837345282237
bert.encoder.layer.4.output.dense,4,FFN2,sweep,12,0.09994654605786006,0.10061053186655045,0.0007377320240872601,6.485705693562825,1.0,0.1561852196852366,0.44486626982688904,0.7554595271746317,0.0,0.00013430053756261864,0.0005208378618893524,0.004278554503495495,0.00892773705224196,0.09991568326950073,0.10059837251901627
bert.encoder.layer.4.attention.self.key,4,K,sweep,12,0.0,0.006858292346199353,0.006858292346199353,35.5574951171875,0.9999998211860657,0.03591462845603625,0.2016600618759791,0.5625946720441183,0.0,8.767578159070884e-05,0.00036457156723675627,0.0013831803031886618,0.0025370006915181875,0.5998263855775198,0.6027029653390249
bert.encoder.layer.4.attention.output.dense,4,O,sweep,12,0.09980233013629913,0.10070059696833293,0.0009979119058698416,8.596163431803385,0.999999980131785,0.1248728483915329,0.39916661381721497,0.7154105504353842,0.0,0.000180398104324316,0.0009308490552939475,0.00487851172996064,0.00987934973090887,0.09975348661343257,0.1006712739666303
bert.encoder.layer.4.attention.self.query,4,Q,sweep,12,0.0,0.004220812659089764,0.004220812659089764,21.913264592488606,0.9999998410542806,0.052302165577809014,0.23388801515102386,0.5952580769856771,0.0,4.736826546528997e-05,0.00019859005017982176,0.001166635154125591,0.0030797283786038556,0.0,0.0035688612454881272
bert.encoder.layer.4.attention.self.value,4,V,sweep,12,0.0,0.004572027673323949,0.004572027673323949,24.2027587890625,0.9999999205271403,0.05452090501785278,0.2732246120770772,0.6572197675704956,0.0,8.905582702330624e-05,0.0003931390237994492,0.0028749980653325715,0.004589292608822386,0.5998263855775198,0.6017224291960398
bert.encoder.layer.5.intermediate.dense,5,FFN1,sweep,12,5.364061871659942e-05,0.07651550819476445,0.07646596680084865,120.67365010579427,0.9999993642171224,0.010196169838309288,0.06524866571029027,0.34748126069704693,0.0,0.00013349765746776635,0.0005696675701377293,0.0038776762473086515,0.007358666819830735,3.221299933405438e-05,0.05513579770922661
bert.encoder.layer.5.output.dense,5,FFN2,sweep,12,0.09909096608559291,0.09977409243583679,0.0007582646212540567,6.305348714192708,1.0,0.16010481615861258,0.45010456442832947,0.7567211190859476,0.0,0.00013362938382973274,0.000537525008743008,0.0038100148861606917,0.009311630701025328,0.09956416487693787,0.10023385534683864
bert.encoder.layer.5.attention.self.key,5,K,sweep,12,0.0,0.008335998902718226,0.008335998902718226,37.45911153157552,0.9999998410542806,0.03502162670095762,0.20217980444431305,0.568792998790741,0.0,7.870584280074884e-05,0.0003958388018266608,0.0014471969722459714,0.003352951258420944,0.5998263855775198,0.6033246119817098
bert.encoder.layer.5.attention.output.dense,5,O,sweep,12,0.09996662040551503,0.10079022496938705,0.0009150995562473933,8.353423118591309,1.0,0.12613236904144287,0.39916159709294635,0.7177716493606567,0.0,0.00018300787390520176,0.0008701481856405735,0.004838636455436547,0.018787620589137077,0.10021294405062993,0.1010855237642924
bert.encoder.layer.5.attention.self.query,5,Q,sweep,12,0.0,0.0084119929621617,0.0084119929621617,28.215912501017254,0.9999998211860657,0.04280546804269155,0.21936739484469095,0.5770532091458639,0.0,4.820002504857257e-05,0.0002047311281785369,0.0011359702718133728,0.005264345556497574,0.0,0.007570619850109021
bert.encoder.layer.5.attention.self.value,5,V,sweep,12,0.0,0.005206343873093526,0.005206343873093526,25.089730580647785,0.9999999006589254,0.05350229640801748,0.2879396180311839,0.6860794027646383,0.0,8.3666743497209e-05,0.0003099965009217461,0.004123016881446044,0.006167550881703694,0.5998263855775198,0.6019835372765859
bert.encoder.layer.6.intermediate.dense,6,FFN1,sweep,12,2.7572493005815584e-05,0.06840028613805771,0.06837460150321324,110.76384735107422,0.9999994238217672,0.010191662547489008,0.06320838754375775,0.343519647916158,0.0,0.00013851162657374516,0.0006468923238571733,0.003977437037974596,0.007086391560733318,1.8932201480007887e-05,0.04881809403498968
bert.encoder.layer.6.output.dense,6,FFN2,sweep,12,0.09939011434714,0.10000464071830113,0.0006823448929935694,6.129303614298503,1.0,0.16461200018723807,0.4609713852405548,0.7696725924809774,0.0,0.0001275360191357322,0.0005048572299225876,0.004280426461870472,0.009092399229605993,0.09978004544973373,0.10040791829427083
bert.encoder.layer.6.attention.self.key,6,K,sweep,12,0.0,0.009707177989184856,0.009707177989184856,46.231091817220054,0.9999998211860657,0.031101825336615246,0.18262324730555216,0.5286417603492737,0.0,8.741481239364172e-05,0.00041507496886576217,0.0017956068428854148,0.003568933733428518,0.5998263855775198,0.6037411292394003
bert.encoder.layer.6.attention.output.dense,6,O,sweep,12,0.09990184009075165,0.10067067046960194,0.0008541806600987911,7.167675495147705,1.0,0.14381918807824454,0.4277219871679942,0.7392474810282389,0.0,0.00015358527404411385,0.0007066481727330635,0.005128907971084118,0.01552195381373167,0.09984164933363597,0.10054863741000493
bert.encoder.layer.6.attention.self.query,6,Q,sweep,12,0.0,0.008070483493308226,0.008070483493308226,32.34367116292318,0.9999998211860657,0.038995874424775444,0.2042603592077891,0.5639181137084961,0.0,5.10827909844617e-05,0.0002308608430515354,0.0014111534304295976,0.004303476695592205,0.0,0.0058644614182412624
bert.encoder.layer.6.attention.self.value,6,V,sweep,12,0.0,0.0051795005177458124,0.0051795005177458124,26.539684931437176,0.9999998410542806,0.05174124365051588,0.2784006694952647,0.673687199751536,0.0,8.379194089987625e-05,0.0003685462676609556,0.0034595958422869444,0.005550154019147158,0.5998263855775198,0.6019145945707957
bert.encoder.layer.7.intermediate.dense,7,FFN1,sweep,12,2.292039547076759e-05,0.05414954572916031,0.05412787074844042,110.6686782836914,0.9999992450078329,0.00984458439052105,0.05811835949619611,0.31282835205396015,0.0,0.00015567808683651188,0.0006264954378517965,0.004464283352717757,0.008331671046713987,2.3735893895112287e-05,0.03718764707446098
bert.encoder.layer.7.output.dense,7,FFN2,sweep,12,0.09965122242768605,0.10024383912483852,0.0006582079998527964,6.030708312988281,1.0,0.16735214988390604,0.4646855096022288,0.7709676424662272,0.0,0.00012759692617692053,0.000505084307709088,0.003408856689929962,0.009953256696462631,0.09988968322674434,0.1004994735121727
bert.encoder.layer.7.attention.self.key,7,K,sweep,12,0.0,0.012551838532090187,0.012551838532090187,56.29693730672201,0.9999998013178507,0.02457861726482709,0.17035367091496786,0.5224592884381613,0.0,6.92001643377201e-05,0.00036599581168654066,0.0016023278003558517,0.004370526953910788,0.5998263855775198,0.6049471398194631
bert.encoder.layer.7.attention.output.dense,7,O,sweep,12,0.10009122639894485,0.10073314855496089,0.0007133406664555272,6.574099540710449,1.0,0.15447707970937094,0.4428811768690745,0.7508898377418518,0.0,0.0001370408475243797,0.0005732460122089833,0.005714969631905357,0.01298927670965592,0.1002129465341568,0.1008577694495519
bert.encoder.layer.7.attention.self.query,7,Q,sweep,12,0.0,0.009778653581937155,0.009778653581937155,32.83580462137858,0.9999998211860657,0.03616092850764593,0.2176135927438736,0.5955270528793335,0.0,3.771209837092707e-05,0.00014892294954430932,0.0010389842985508342,0.003288715146481991,0.0,0.007406163960695267
bert.encoder.layer.7.attention.self.value,7,V,sweep,12,0.0,0.006991015747189522,0.006991015747189522,35.036614735921226,0.9999998410542806,0.038563103725512825,0.24716331561406454,0.6616249680519104,0.0,8.341770201999073e-05,0.0004098422747726242,0.003987293069561322,0.005018589397271474,0.5998263855775198,0.6026769578456879
bert.encoder.layer.8.intermediate.dense,8,FFN1,sweep,12,0.00010263197812795018,0.05105079710483551,0.05095349500576655,108.88911437988281,0.9999992847442627,0.010122733811537424,0.05636958529551824,0.31129251917203266,0.0,0.00012253170037486902,0.0005489842151291668,0.003513817675411701,0.00855990219861269,5.1710341116025425e-05,0.03097011459370454
bert.encoder.layer.8.output.dense,8,FFN2,sweep,12,0.09993339826663335,0.10058482736349106,0.0007237459261280795,6.014263312021892,1.0,0.16756488382816315,0.46481476227442425,0.7703652381896973,0.0,0.00010203968122368678,0.0004868604786073168,0.004133015560607116,0.01105713906387488,0.10005018611749013,0.100677490234375
bert.encoder.layer.8.attention.self.key,8,K,sweep,12,0.0,0.009682485833764076,0.009682485833764076,46.20887756347656,0.9999998211860657,0.028263460223873455,0.18279728790124258,0.5516285101572672,0.0,0.00010127904291342323,0.00042049921466968954,0.001537976359638075,0.002595870445171992,0.5998263855775198,0.6037495930989584
bert.encoder.layer.8.attention.output.dense,8,O,sweep,12,0.0993493249018987,0.10000484188397725,0.0007278301442662874,6.174404780069987,1.0,0.1634074697891871,0.45616015791893005,0.7616935769716898,0.0,0.00012256642852056152,0.0005619832954835147,0.005429436918348074,0.012481181261440119,0.09966306388378143,0.1003141055504481
bert.encoder.layer.8.attention.self.query,8,Q,sweep,12,0.0,0.009997902438044548,0.009997902438044548,36.63886642456055,0.9999998211860657,0.03707591071724892,0.19657033185164133,0.5459481080373129,0.0,5.211494499235414e-05,0.000275597480746607,0.0020335456744457283,0.00487510875488321,0.0,0.0072281450654069586
bert.encoder.layer.8.attention.self.value,8,V,sweep,12,0.0,0.004859237931668758,0.004859237931668758,25.982003529866535,0.9999998609224955,0.05109156916538874,0.26858097314834595,0.6663142045338949,0.0,8.671873365528882e-05,0.00038668296959561604,0.0027949868235737085,0.006369292736053467,0.5998263855775198,0.6017614205678304
bert.encoder.layer.9.intermediate.dense,9,FFN1,sweep,12,0.000867600222894301,0.04804274688164393,0.04721606895327568,99.52687072753906,0.9999992251396179,0.010984229855239391,0.058285498370726906,0.30641767382621765,0.0,9.01691479763637e-05,0.0003636636344405512,0.0036801006256913147,0.015513521619141102,0.0007899249127755562,0.028153596445918083
bert.encoder.layer.9.output.dense,9,FFN2,sweep,12,0.10014862567186356,0.10076654702425003,0.0006866800249554217,6.100241343180339,1.0,0.16545449197292328,0.460293173789978,0.7650613188743591,0.0,8.731749646055202e-05,0.00036584396730177104,0.0051160654208312435,0.014852880500257015,0.10027736922105153,0.1009120245774587
bert.encoder.layer.9.attention.self.key,9,K,sweep,12,0.0,0.012398043957849344,0.012398043957849344,49.18206787109375,0.9999998410542806,0.030765168368816376,0.2158359388510386,0.6181333859761556,0.0,7.99196617056926e-05,0.0004404301871545613,0.0018207516598825653,0.0032243527627239623,0.5998263855775198,0.6050092875957489
bert.encoder.layer.9.attention.output.dense,9,O,sweep,12,0.10008355975151062,0.10069790482521057,0.0006826209331241747,6.0293394724528,1.0,0.1672691802183787,0.4653744399547577,0.7715855836868286,0.0,9.898709928772102e-05,0.0004124953314506759,0.004972769180312753,0.012092201970517635,0.09983769059181213,0.1004610409339269
bert.encoder.layer.9.attention.self.query,9,Q,sweep,12,0.0,0.004676977793375651,0.004676977793375651,20.8333257039388,0.9999998211860657,0.056194464365641274,0.2553655008474986,0.6167740424474081,0.0,2.7931136476884905e-05,0.00013344180721711987,0.001227175157206754,0.004131104641904433,0.0,0.0038881655782461166
bert.encoder.layer.9.attention.self.value,9,V,sweep,12,0.0,0.00653937878087163,0.00653937878087163,31.720596313476562,0.9999998410542806,0.04683226595322291,0.2620943784713745,0.6610296765963236,0.0,9.379286348121241e-05,0.000584333281343182,0.003266635350883007,0.0068676830269396305,0.5998263855775198,0.6025503774483999
bert.encoder.layer.10.intermediate.dense,10,FFN1,sweep,12,0.0002948293307175239,0.03666785483558973,0.036383754263321556,76.46380869547527,0.9999993443489075,0.01379304596533378,0.06797729432582855,0.3382532199223836,0.0,5.726105640254294e-05,0.00018848677185208848,0.00563537059739853,0.01016593879709641,0.0003003720970203479,0.021213107431928318
bert.encoder.layer.10.output.dense,10,FFN2,sweep,12,0.09985352059205373,0.10050340741872787,0.0007219497153225044,6.03657070795695,1.0,0.16724218924840292,0.4643823703130086,0.7685114145278931,0.0,6.594058140763082e-05,0.00020234553570238253,0.005971744501342376,0.014717727589110533,0.09963876257340114,0.10029941300551097
bert.encoder.layer.10.attention.self.key,10,K,sweep,12,0.0,0.013323501994212469,0.013323501994212469,53.32829157511393,0.9999998410542806,0.027843045070767403,0.21279378235340118,0.6181256969769796,0.0,6.661378817322354e-05,0.00037202227395027876,0.0012527387201165159,0.002637628853941957,0.5998263855775198,0.6054563323656718
bert.encoder.layer.10.attention.output.dense,10,O,sweep,12,0.09993003805478413,0.10060884306828181,0.0007541727003020545,6.136623382568359,1.0,0.16422970592975616,0.456351379553477,0.7609768311182658,0.0,8.051177428569645e-05,0.00024632371302383643,0.005908320231052737,0.013088696325818697,0.09987894942363103,0.1005452498793602
bert.encoder.layer.10.attention.self.query,10,Q,sweep,12,0.0,0.004190192713091771,0.004190192713091771,21.60291798909505,0.9999998807907104,0.05388010044892629,0.24778651694456735,0.6176771124204,0.0,1.7790178389986977e-05,6.154508810141124e-05,0.0012763667133791994,0.0032771239057183266,0.0,0.00408822523119549
bert.encoder.layer.10.attention.self.value,10,V,sweep,12,0.0,0.007917515312631926,0.007917515312631926,36.73935635884603,0.9999998410542806,0.04090774059295654,0.24872669577598572,0.6538758476575216,0.0,9.121427137870342e-05,0.0006300978711806238,0.0030535527039319277,0.005122274160385132,0.5998263855775198,0.6032093167304993
bert.encoder.layer.11.intermediate.dense,11,FFN1,sweep,12,1.0193458668557772e-05,0.01789335037271182,0.017883338655034702,47.43499247233073,0.9999997218449911,0.021297072991728783,0.09789823989073436,0.4419866104920705,0.0,3.064025986532215e-05,4.2007678227188684e-05,0.005012326611904427,0.011428807862102985,6.357828776041667e-06,0.013193766276041666
bert.encoder.layer.11.output.dense,11,FFN2,sweep,12,0.10007718950510025,0.10074036320050557,0.000736913449751834,6.929313500722249,1.0,0.1453613042831421,0.40401792526245117,0.6954881151517233,0.0,4.689224806497805e-05,6.161992496345192e-05,0.0063625689993690076,0.012183268244067827,0.10001627604166667,0.1007724329829216
bert.encoder.layer.11.attention.self.key,11,K,sweep,12,0.0,0.0109296307588617,0.0109296307588617,41.62984085083008,0.9999998410542806,0.03385985270142555,0.23345906535784403,0.6471649607022604,0.0,6.265867826490042e-05,0.0002950073539977893,0.0007601721251072983,0.0018131613032892346,0.5998263855775198,0.6043480734030405
bert.encoder.layer.11.attention.output.dense,11,O,sweep,12,0.0998163769642512,0.10047662258148193,0.0007334872692202529,6.359167575836182,1.0,0.15809516608715057,0.4320111970106761,0.7285603483517965,0.0,5.009936163939225e-05,8.221834044282635e-05,0.007019434298854321,0.013709541720648607,0.09985803812742233,0.10052998860677083
bert.encoder.layer.11.attention.self.query,11,Q,sweep,12,0.0,0.005460419847319524,0.005460419847319524,26.90831247965495,0.9999998807907104,0.04438623910148939,0.2502402414878209,0.6427037715911865,0.0,7.937344586631903e-06,1.6861666457164876e-05,0.0008080841459256286,0.003429477491105596,0.0,0.0044719555880874395
bert.encoder.layer.11.attention.self.value,11,V,sweep,12,0.0,0.006698124576359987,0.006698124576359987,33.17763710021973,0.9999998807907104,0.04936400552590688,0.2818160057067871,0.6887046098709106,0.0,7.159322922234423e-05,0.0006246594712138176,0.0019359726769228776,0.004047354528059562,0.5998263855775198,0.602484812339147
