layer_idx,sublayer,bits,QZR_nonzero,WQZR_body,sign_agree_nonzero,raw_cosine_sim,raw_rel_l2_error,trimmed_rel_l2_p90,trimmed_cosine_p90,trimmed_rel_l2_p99,trimmed_cosine_p99,trimmed_rel_l2_p999,trimmed_cosine_p999
0,FFN1,4,0.9487058572890834,0.5555769205093384,0.051294142710916577,0.9466853141784668,0.32464832067489624,0.9985290169715881,0.01898951455950737,0.6026102900505066,0.8092535138130188,0.3946579694747925,0.9203872680664062
0,FFN1,5,0.8842138099374355,0.3835175931453705,0.11578619006256448,0.9765941500663757,0.21485863626003265,0.9218450784683228,0.3044733703136444,0.4093330502510071,0.9109758138656616,0.262381911277771,0.9645159244537354
0,FFN1,6,0.7626571762092484,0.2149365395307541,0.23734282379075156,0.9912496209144592,0.13056519627571106,0.6725184321403503,0.715864896774292,0.25524646043777466,0.9642889499664307,0.1607818603515625,0.9863448143005371
0,FFN1,7,0.6100400907068184,0.09792064875364304,0.38995990929318164,0.9972960948944092,0.07199754565954208,0.39228272438049316,0.9166372418403625,0.1428622007369995,0.9883040189743042,0.08913163095712662,0.9956854581832886
0,FFN1,8,0.466800978809702,0.03956292197108269,0.5331990211902979,0.9992427229881287,0.037930816411972046,0.21019260585308075,0.9743785858154297,0.07572069019079208,0.9966177344322205,0.04705582559108734,0.9987790584564209
0,FFN1,9,0.34992727588616296,0.015142587944865227,0.650072724113837,0.9997965097427368,0.019617822021245956,0.10979501903057098,0.9926375150680542,0.03929290920495987,0.9990749359130859,0.024364173412322998,0.9996700286865234
0,FFN1,10,0.25999514397192774,0.005647392012178898,0.7400048560280722,0.9999465942382812,0.010036220774054527,0.05647875368595123,0.9980111122131348,0.02013697475194931,0.9997552037239075,0.012471949681639671,0.999913215637207
0,FFN1,11,0.1928888305659294,0.00208466243930161,0.8071111694340706,0.9999861717224121,0.00509957130998373,0.028801897540688515,0.999477744102478,0.01024298369884491,0.9999363422393799,0.006339630112051964,0.9999774694442749
0,FFN1,12,0.14330175738645265,0.000771817984059453,0.8566982426135473,0.9999964833259583,0.0025803958997130394,0.014608753845095634,0.9998650550842285,0.0051846010610461235,0.9999836683273315,0.003208530368283391,0.9999942779541016
0,FFN2,4,0.201485699348991,0.03232317045331001,0.798514300651009,0.9894949197769165,0.14481587707996368,0.18913647532463074,0.982265830039978,0.15199869871139526,0.9884195923805237,0.14621707797050476,0.989284098148346
0,FFN2,5,0.094854096976676,0.007135646417737007,0.905145903023324,0.9976826310157776,0.06755601614713669,0.08830186724662781,0.9960383176803589,0.07090388983488083,0.9974420070648193,0.06820966303348541,0.9976352453231812
0,FFN2,6,0.04608493848441711,0.0016772968228906393,0.9539150615155829,0.9994553923606873,0.032700274139642715,0.04273261874914169,0.999066948890686,0.03432298079133034,0.9993984699249268,0.03301674872636795,0.9994442462921143
0,FFN2,7,0.022800857650503888,0.00040883285691961646,0.9771991423494961,0.9998681545257568,0.016089482232928276,0.0210250336676836,0.9997740387916565,0.016887526959180832,0.9998543858528137,0.016245100647211075,0.9998654723167419
0,FFN2,8,0.01131900854471404,0.0001009309125947766,0.988680991455286,0.9999675750732422,0.007978621870279312,0.010428022593259811,0.9999443292617798,0.008374614641070366,0.99996417760849,0.008055835030972958,0.9999668598175049
0,FFN2,9,0.0056121710073154625,2.4847458917065524e-05,0.9943878289926845,0.9999920129776001,0.003973925951868296,0.005194216500967741,0.9999861717224121,0.004171224310994148,0.9999910593032837,0.004012377467006445,0.999991774559021
0,FFN2,10,0.0028004337705184405,6.197279617481399e-06,0.9971995662294816,0.9999979734420776,0.001984494738280773,0.0025937510654330254,0.999996542930603,0.0020829197019338608,0.9999977946281433,0.0020036986097693443,0.9999979734420776
0,FFN2,11,0.0013913860522290788,1.5350910871347878e-06,0.9986086139477709,0.9999995231628418,0.0009941698517650366,0.0012961686588823795,0.9999990463256836,0.0010439190082252026,0.9999995231628418,0.001003787387162447,0.9999995231628418
0,FFN2,12,0.0007036407758416667,3.984949898949708e-07,0.9992963592241584,1.0,0.0005065457662567496,0.0006396722747012973,0.9999998807907104,0.0005328036495484412,1.0,0.0005114276427775621,1.0
0,K,4,0.5837043126424154,0.1825108379125595,0.41629568735758465,0.9674777984619141,0.25440752506256104,0.49008774757385254,0.8701375722885132,0.298561155796051,0.954770565032959,0.2640451192855835,0.964778482913971
0,K,5,0.36311817169189453,0.060594022274017334,0.6368818283081055,0.9915930032730103,0.12702885270118713,0.2531021237373352,0.9631098508834839,0.14982180297374725,0.9880176782608032,0.1319829821586609,0.9908365607261658
0,K,6,0.2057971954345703,0.017783205956220627,0.7942028045654297,0.9979182481765747,0.06270326673984528,0.12679892778396606,0.9900293350219727,0.0741138905286789,0.9969905614852905,0.06517920643091202,0.9977231025695801
0,K,7,0.11053021748860677,0.004873267374932766,0.8894697825113932,0.9994876384735107,0.03103339672088623,0.06315068900585175,0.997409462928772,0.0367080457508564,0.9992554783821106,0.03226316347718239,0.9994388818740845
0,K,8,0.05748589833577474,0.00128145981580019,0.9425141016642252,0.999873161315918,0.015423048287630081,0.03146705403923988,0.9993405938148499,0.018248265609145164,0.9998153448104858,0.016035277396440506,0.9998610615730286
0,K,9,0.029260635375976562,0.00032755950815044343,0.9707393646240234,0.9999685287475586,0.00768424104899168,0.01569514535367489,0.9998341202735901,0.00909285806119442,0.999954104423523,0.00798944104462862,0.9999655485153198
0,K,10,0.014808336893717447,8.291910489788279e-05,0.9851916631062826,0.9999921321868896,0.0038332599215209484,0.007829999551177025,0.9999586343765259,0.004535801708698273,0.9999886155128479,0.003985423594713211,0.9999914169311523
0,K,11,0.007490793863932292,2.1043028027634136e-05,0.9925092061360677,0.9999980926513672,0.0019162701210007071,0.003912115935236216,0.9999896883964539,0.002267818432301283,0.9999971389770508,0.001992336008697748,0.9999978542327881
0,K,12,0.0037778218587239585,5.343843895389e-06,0.996222178141276,0.9999995231628418,0.000957825337536633,0.001949375495314598,0.9999974370002747,0.0011324859224259853,0.9999992847442627,0.0009958237642422318,0.9999995231628418
0,O,4,0.20297210311418515,0.03341009095311165,0.7970278968858149,0.9891054630279541,0.14680439233779907,0.19153571128845215,0.9816313982009888,0.1541101634502411,0.9879770278930664,0.14833009243011475,0.9888603687286377
0,O,5,0.09534258438128981,0.007354134693741798,0.9046574156187102,0.9975934624671936,0.06848511099815369,0.08936364948749542,0.995897114276886,0.07189016044139862,0.997339129447937,0.0691966712474823,0.9975378513336182
0,O,6,0.04626583501179426,0.0017269031377509236,0.9537341649882057,0.9994348287582397,0.03313557803630829,0.04323822259902954,0.999033510684967,0.03478606417775154,0.9993747472763062,0.033479854464530945,0.9994217157363892
0,O,7,0.022888520881254672,0.00042073309305123985,0.9771114791187453,0.9998630285263062,0.016308210790157318,0.02128387615084648,0.9997655153274536,0.01712062582373619,0.9998484253883362,0.01647770218551159,0.9998598098754883
0,O,8,0.011360911302743493,0.00010401165491202846,0.9886390886972565,0.9999662637710571,0.008090052753686905,0.010558404959738255,0.9999423027038574,0.0084927873685956,0.9999626874923706,0.00817413441836834,0.9999655485153198
0,O,9,0.005606995394253783,2.5337452825624496e-05,0.9943930046057462,0.9999916553497314,0.004029080271720886,0.005258659832179546,0.9999856948852539,0.004229926969856024,0.9999907612800598,0.004070931579917669,0.9999914169311523
0,O,10,0.002813386577892771,6.342803771985928e-06,0.9971866134221072,0.9999979734420776,0.0020111380144953728,0.002624311950057745,0.9999964237213135,0.002111281268298626,0.9999977350234985,0.002032033633440733,0.9999978542327881
0,O,11,0.0014066932889463856,1.5944690403557615e-06,0.9985933067110536,0.9999995231628418,0.0010076111648231745,0.0013118172064423561,0.9999990463256836,0.001058229012414813,0.9999994039535522,0.001018080161884427,0.9999995231628418
0,O,12,0.0006950470481161152,3.8736820329177135e-07,0.9993049529518839,1.0,0.0005129892961122096,0.0006476187845692039,0.9999998807907104,0.000539532455150038,0.9999998807907104,0.0005182878230698407,1.0
0,Q,4,0.5202760825322994,0.17941339313983917,0.4797239174677006,0.9614642858505249,0.27758246660232544,0.4602268934249878,0.8993595242500305,0.3197742700576782,0.9488157629966736,0.288901150226593,0.9580272436141968
0,Q,5,0.2835485353778428,0.05020585283637047,0.7164514646221571,0.9907187223434448,0.13315552473068237,0.2221907675266266,0.9740501642227173,0.15363740921020508,0.9874649047851562,0.13867545127868652,0.9898285865783691
0,Q,6,0.14494142210732913,0.012849124148488045,0.8550585778926709,0.9977864027023315,0.06456556916236877,0.10781514644622803,0.9936225414276123,0.0745130181312561,0.9969894289970398,0.06724794209003448,0.9975681900978088
0,Q,7,0.07257466162024283,0.0031982180662453175,0.9274253383797572,0.9994618892669678,0.031775083392858505,0.05306057631969452,0.9984362125396729,0.036672502756118774,0.9992667436599731,0.0330958291888237,0.9994084239006042
0,Q,8,0.036232017664602705,0.0007961348746903241,0.9637679823353973,0.9998671412467957,0.015782225877046585,0.026354793459177017,0.9996131658554077,0.018214628100395203,0.9998188614845276,0.01643814705312252,0.9998539686203003
0,Q,9,0.017993302658909263,0.00019724498270079494,0.9820066973410907,0.999967098236084,0.007853474467992783,0.013113237917423248,0.9999041557312012,0.009063304401934147,0.9999551773071289,0.008179730735719204,0.9999638795852661
0,Q,10,0.008978849397563552,4.9193196900887415e-05,0.9910211506024365,0.9999918341636658,0.003919302020221949,0.006545479875057936,0.9999761581420898,0.004523350857198238,0.9999887943267822,0.004082155879586935,0.9999909996986389
0,Q,11,0.004475278520761185,1.2335425708442926e-05,0.9955247214792388,0.9999979734420776,0.0019598400685936213,0.0032717138528823853,0.9999940395355225,0.0022621117532253265,0.9999972581863403,0.0020412898156791925,0.9999977350234985
0,Q,12,0.0022163405204394786,3.0446849450527225e-06,0.9977836594795605,0.9999995231628418,0.0009771439945325255,0.0016272291541099548,0.9999985694885254,0.0011262614279985428,0.9999992847442627,0.0010177235817536712,0.9999995231628418
0,V,4,0.530452896897919,0.1617642641067505,0.46954710310208103,0.9681875705718994,0.2506973445415497,0.4501667618751526,0.892257571220398,0.28908318281173706,0.9572035670280457,0.2597966194152832,0.9655392169952393
0,V,5,0.3117282586823332,0.04960184171795845,0.6882717413176668,0.9920620918273926,0.12272471189498901,0.22590899467468262,0.9708715677261353,0.1421034336090088,0.9890663027763367,0.12733104825019836,0.9913339614868164
0,V,6,0.1704826896930344,0.013849418610334396,0.8295173103069656,0.998062252998352,0.060135290026664734,0.11184228956699371,0.992332935333252,0.06973791867494583,0.9972972869873047,0.062419380992650986,0.9978756308555603
0,V,7,0.0896632161659292,0.0036812364123761654,0.9103367838340708,0.9995250105857849,0.029708825051784515,0.05546947196125984,0.9980481266975403,0.034469131380319595,0.9993345737457275,0.03084011748433113,0.9994785785675049
0,V,8,0.04609427327927694,0.0009506536880508065,0.953905726720723,0.9998828172683716,0.014745477586984634,0.027570508420467377,0.9995117783546448,0.017110774293541908,0.999835729598999,0.015307272784411907,0.9998713731765747
0,V,9,0.023398088899640686,0.00024328086874447763,0.9766019111003593,0.9999709129333496,0.007347236853092909,0.013741538859903812,0.9998782873153687,0.008526260033249855,0.9999591708183289,0.007627365179359913,0.9999680519104004
0,V,10,0.011714303243733484,6.0574893723241985e-05,0.9882856967562665,0.9999927878379822,0.0036664349026978016,0.006857096217572689,0.9999697208404541,0.004254642408341169,0.9999898672103882,0.0038060981314629316,0.9999920725822449
0,V,11,0.00587590722271831,1.525944571767468e-05,0.9941240927772816,0.9999982118606567,0.001833585323765874,0.0034277692902833223,0.9999924302101135,0.002128218300640583,0.9999974966049194,0.0019034791039302945,0.9999979734420776
0,V,12,0.002907753915072732,3.7754859931737883e-06,0.9970922460849273,0.9999996423721313,0.0009160063927993178,0.0017051245085895061,0.999998152256012,0.001062216004356742,0.9999994039535522,0.0009508767398074269,0.9999995231628418
1,FFN1,4,0.9484200520462116,0.5843045711517334,0.051579947953788376,0.9364216327667236,0.3541976511478424,0.998893141746521,0.016337012872099876,0.6250830888748169,0.7884408235549927,0.43414390087127686,0.9018533229827881
1,FFN1,5,0.8738982327252675,0.39477017521858215,0.12610176727473252,0.971940279006958,0.2350953072309494,0.9134763479232788,0.34887516498565674,0.42446237802505493,0.9042667150497437,0.28973913192749023,0.9559453725814819
1,FFN1,6,0.7390927433619526,0.21334926784038544,0.2609072566380474,0.989749014377594,0.14058810472488403,0.6337931156158447,0.7640295028686523,0.25888580083847046,0.9631277918815613,0.17497730255126953,0.9833238124847412
1,FFN1,7,0.5800844915606596,0.0949929803609848,0.4199155084393404,0.9968708753585815,0.07681344449520111,0.36023712158203125,0.9294333457946777,0.14304539561271667,0.9881803393363953,0.09623739868402481,0.9947397112846375
1,FFN1,8,0.4363235185591611,0.038037266582250595,0.5636764814408389,0.9991254806518555,0.04035849869251251,0.1922791302204132,0.9783533811569214,0.07555946707725525,0.9965779781341553,0.05072920769453049,0.9984958171844482
1,FFN1,9,0.3208920499840425,0.014435391873121262,0.6791079500159575,0.9997658133506775,0.020817115902900696,0.10003288835287094,0.9938801527023315,0.03908735141158104,0.9990655183792114,0.02621394768357277,0.9995915293693542
1,FFN1,10,0.23315915953308888,0.00532747246325016,0.7668408404669111,0.9999387264251709,0.010634342208504677,0.05135532468557358,0.998350977897644,0.019999869167804718,0.9997527599334717,0.01340397447347641,0.9998922348022461
1,FFN1,11,0.16843777150804448,0.0019376009004190564,0.8315622284919555,0.9999841451644897,0.005396160297095776,0.02614094689488411,0.9995676875114441,0.010157980024814606,0.9999358654022217,0.006805554032325745,0.9999721050262451
1,FFN1,12,0.12130018894936669,0.00070030870847404,0.8786998110506333,0.9999959468841553,0.0027253811713308096,0.013234102167189121,0.9998887181282043,0.0051323119550943375,0.999983549118042,0.003438172861933708,0.999992847442627
1,FFN2,4,0.2045841169098521,0.0334167443215847,0.7954158830901479,0.9891525506973267,0.14698421955108643,0.19240808486938477,0.9815952777862549,0.1543920636177063,0.9880231618881226,0.14846989512443542,0.9889224767684937
1,FFN2,5,0.09651025278378657,0.007397391367703676,0.9034897472162134,0.9976048469543457,0.06856884062290192,0.08979308605194092,0.9958882331848145,0.07202617079019547,0.9973507523536682,0.06926195323467255,0.9975529313087463
1,FFN2,6,0.046899438933309216,0.0017402238445356488,0.9531005610666908,0.9994378685951233,0.03316744416952133,0.04343997314572334,0.9990323781967163,0.0348401814699173,0.9993780851364136,0.03350263461470604,0.9994257092475891
1,FFN2,7,0.02317667454599659,0.00042330846190452576,0.9768233254540034,0.9998637437820435,0.016324669122695923,0.021381031721830368,0.9997652769088745,0.017147473990917206,0.9998492002487183,0.016489677131175995,0.9998607635498047
1,FFN2,8,0.011524403080709676,0.0001041163777699694,0.9884755969192903,0.9999665021896362,0.008097044192254543,0.010606464929878712,0.9999421834945679,0.008505531586706638,0.9999629259109497,0.00817890278995037,0.9999657273292542
1,FFN2,9,0.005769266091988939,2.5761062715901062e-05,0.9942307339080111,0.9999917149543762,0.004031161777675152,0.005280819721519947,0.9999856948852539,0.004234489984810352,0.9999908208847046,0.004071907140314579,0.9999915361404419
1,FFN2,10,0.0029257840592631108,6.59959778204211e-06,0.9970742159407369,0.9999979734420776,0.002012379467487335,0.0026350715197622776,0.9999964237213135,0.002113808412104845,0.9999977350234985,0.0020327186211943626,0.9999978542327881
1,FFN2,11,0.0014641283261675232,1.6641924958094023e-06,0.9985358716738325,0.9999995231628418,0.0010086051188409328,0.0013179464731365442,0.9999990463256836,0.0010599511442705989,0.9999994039535522,0.0010187980951741338,0.9999995231628418
1,FFN2,12,0.0007283552734758584,4.131227058223885e-07,0.9992716447265242,1.0,0.0005135985556989908,0.0006503039039671421,0.9999998807907104,0.0005405271658673882,0.9999998807907104,0.0005187668721191585,1.0
1,K,4,0.6326106389363607,0.19979766011238098,0.36738936106363934,0.9666861295700073,0.25721803307533264,0.5302605628967285,0.8391789793968201,0.30562257766723633,0.9526002407073975,0.2683701515197754,0.9635008573532104
1,K,5,0.42388375600179035,0.07288125157356262,0.5761162439982096,0.9910255670547485,0.13139688968658447,0.284402072429657,0.9516282677650452,0.15705597400665283,0.9868941307067871,0.1372915506362915,0.9900946021080017
1,K,6,0.2597347895304362,0.02366400510072708,0.7402652104695638,0.9976996183395386,0.06592385470867157,0.14628180861473083,0.9857491254806519,0.07903866469860077,0.9965829849243164,0.06893523782491684,0.9974485039710999
1,K,7,0.1492147445678711,0.007083652541041374,0.8507852554321289,0.9994233846664429,0.032882705330848694,0.07392564415931702,0.9961175322532654,0.0394793301820755,0.9991363883018494,0.034396689385175705,0.9993590116500854
1,K,8,0.08171621958414714,0.00199301028624177,0.9182837804158529,0.9998564720153809,0.016380948945879936,0.037063710391521454,0.9989711046218872,0.019680388271808624,0.9997842311859131,0.01713789440691471,0.999840259552002
1,K,9,0.043345133463541664,0.0005416158237494528,0.9566548665364584,0.9999642372131348,0.008176671341061592,0.018555883318185806,0.999733567237854,0.009826124645769596,0.999946117401123,0.008555041626095772,0.99996018409729
1,K,10,0.022362709045410156,0.00014145561726763844,0.9776372909545898,0.9999911189079285,0.004080192651599646,0.009264928288757801,0.999933123588562,0.004903503693640232,0.9999865293502808,0.004269068129360676,0.9999901056289673
1,K,11,0.011348724365234375,3.593252768041566e-05,0.9886512756347656,0.9999977350234985,0.00204097805544734,0.004636160098016262,0.9999831914901733,0.002453284105286002,0.9999966621398926,0.0021354760974645615,0.9999974966049194
1,K,12,0.005733807881673177,9.109780876315199e-06,0.9942661921183268,0.999999463558197,0.0010200394317507744,0.002310225274413824,0.9999958276748657,0.0012246920960024,0.9999991655349731,0.0010672553908079863,0.9999994039535522
1,O,4,0.2027158349141014,0.033051811158657074,0.7972841650858986,0.9892328381538391,0.1463373750448227,0.19110018014907837,0.9818224310874939,0.1536385864019394,0.9881194829940796,0.14781251549720764,0.9890035390853882
1,O,5,0.09551078361806005,0.00731660146266222,0.9044892163819399,0.9976208209991455,0.06830437481403351,0.0892677754163742,0.9959334135055542,0.07170896232128143,0.9973709583282471,0.06899280101060867,0.9975690841674805
1,O,6,0.04623887926135962,0.0017176439287140965,0.9537611207386404,0.999441385269165,0.03304683044552803,0.04318583756685257,0.9990427494049072,0.03469346463680267,0.9993823766708374,0.033379845321178436,0.9994291663169861
1,O,7,0.022681076863492314,0.00041371877887286246,0.9773189231365077,0.9998646974563599,0.016259483993053436,0.02124459482729435,0.9997681379318237,0.017069745808839798,0.9998504519462585,0.016423316672444344,0.9998617172241211
1,O,8,0.011222510891044325,0.00010173033660976216,0.9887774891089557,0.9999666810035706,0.008067606948316097,0.010541971772909164,0.9999428987503052,0.008469782769680023,0.9999631643295288,0.008148916065692902,0.9999659657478333
1,O,9,0.005598887290059395,2.532002326915972e-05,0.9944011127099406,0.999991774559021,0.00401506619527936,0.005246153566986322,0.9999858140945435,0.0042153168469667435,0.9999909400939941,0.004055535886436701,0.9999915361404419
1,O,10,0.0027782410928078117,6.250068054214353e-06,0.9972217589071922,0.9999979734420776,0.00200416031293571,0.002619015984237194,0.999996542930603,0.002104181796312332,0.9999977350234985,0.002024359768256545,0.9999979734420776
1,O,11,0.0013820530289966105,1.5505034980378696e-06,0.9986179469710034,0.9999995231628418,0.001004540827125311,0.0013096417533233762,0.9999990463256836,0.0010551073355600238,0.9999994039535522,0.0010146615095436573,0.9999995231628418
1,O,12,0.0006866093161187456,3.753128510197712e-07,0.9993133906838813,1.0,0.0005116655956953764,0.0006462197052314878,0.9999998807907104,0.0005382176022976637,0.9999999403953552,0.0005167982308194041,1.0
1,Q,4,0.6155907560837366,0.2166675180196762,0.38440924391626347,0.9603427052497864,0.2813270390033722,0.5370994210243225,0.846551775932312,0.33923080563545227,0.9418717622756958,0.2949756979942322,0.9561105966567993
1,Q,5,0.388211231567433,0.07308334112167358,0.611788768432567,0.9896384477615356,0.1410638391971588,0.27792131900787354,0.9554519653320312,0.17118361592292786,0.9843346476554871,0.14810147881507874,0.9884443283081055
1,Q,6,0.22444887868385105,0.021856918931007385,0.7755511213161489,0.9974209070205688,0.06975055485963821,0.13946104049682617,0.9879540205001831,0.08486329764127731,0.9960304498672485,0.07326511293649673,0.9971121549606323
1,Q,7,0.12367903976287804,0.0061186146922409534,0.8763209602371219,0.9993631839752197,0.03455731272697449,0.06944870203733444,0.9968661069869995,0.04208206385374069,0.9990130662918091,0.036304861307144165,0.9992857575416565
1,Q,8,0.06673187690079514,0.001665135845541954,0.9332681230992048,0.9998421669006348,0.01718778721988201,0.03460567817091942,0.9992026090621948,0.020935464650392532,0.9997549653053284,0.018057921901345253,0.9998229146003723
1,Q,9,0.03558323476033967,0.00044427523971535265,0.9644167652396604,0.9999607801437378,0.008561663329601288,0.017240792512893677,0.999800443649292,0.010428515262901783,0.9999391436576843,0.008995328098535538,0.9999560117721558
1,Q,10,0.0189571681931308,0.0001194174838019535,0.9810428318068692,0.9999902248382568,0.004275634419173002,0.008614442311227322,0.9999499320983887,0.005208023823797703,0.9999848008155823,0.004492259584367275,0.9999890327453613
1,Q,11,0.010025676132323158,3.15567922370974e-05,0.9899743238676768,0.999997615814209,0.002138900337740779,0.004308936186134815,0.9999874830245972,0.0026055388152599335,0.9999961853027344,0.0022472944110631943,0.9999972581863403
1,Q,12,0.005306888114433471,8.384022294194438e-06,0.9946931118855665,0.9999994039535522,0.0010669397888705134,0.0021459569688886404,0.9999969005584717,0.0012983167544007301,0.9999990463256836,0.0011209837393835187,0.9999992847442627
1,V,4,0.5977755214535532,0.1925359070301056,0.40222447854644683,0.9655174612998962,0.2606363296508789,0.5068655014038086,0.8539508581161499,0.31116294860839844,0.9493935108184814,0.27284809947013855,0.9617308378219604
1,V,5,0.38530215282577057,0.06713957339525223,0.6146978471742294,0.9908910989761353,0.13118413090705872,0.26644229888916016,0.9552750587463379,0.15786266326904297,0.9860751628875732,0.13764551281929016,0.9897568821907043
1,V,6,0.23072066670778066,0.021323727443814278,0.7692793332922193,0.9976869225502014,0.0653812438249588,0.13616350293159485,0.9869287610054016,0.07904490828514099,0.9963452816009521,0.06869164109230042,0.9973734021186829
1,V,7,0.13162112656982838,0.006421641446650028,0.8683788734301716,0.9994204044342041,0.032567694783210754,0.0688696950674057,0.9963793754577637,0.039477620273828506,0.999064028263092,0.034240707755088806,0.9993383884429932
1,V,8,0.07201803335700567,0.0018344081472605467,0.9279819666429944,0.9998552799224854,0.016234826296567917,0.03459073230624199,0.9990167617797852,0.019704900681972504,0.9997632503509521,0.017074882984161377,0.9998342394828796
1,V,9,0.03829831333053165,0.0005059508257545531,0.9617016866694683,0.9999638795852661,0.008100388571619987,0.017317812889814377,0.9997431039810181,0.009838609956204891,0.9999405741691589,0.008520964533090591,0.9999586343765259
1,V,10,0.019794158804676568,0.00013349241635296494,0.9802058411953234,0.9999909996986389,0.00404404615983367,0.008655207231640816,0.9999344348907471,0.004912353120744228,0.9999852180480957,0.004254232160747051,0.9999896883964539
1,V,11,0.010086383874501467,3.450370786595158e-05,0.9899136161254986,0.9999977350234985,0.0020218808203935623,0.0043296245858073235,0.9999833703041077,0.002456423593685031,0.9999963045120239,0.0021269554272294044,0.9999974966049194
1,V,12,0.005152705607544967,9.026869520312175e-06,0.994847294392455,0.9999995231628418,0.0010102068772539496,0.002157548675313592,0.9999958276748657,0.0012262172531336546,0.9999991059303284,0.0010627100709825754,0.9999994039535522
2,FFN1,4,0.9381966028090879,0.5559452772140503,0.061803397190912074,0.9367896318435669,0.35344433784484863,0.9979904890060425,0.02945828065276146,0.5857678651809692,0.8191992044448853,0.41484835743904114,0.9113514423370361
2,FFN1,5,0.8451242232091628,0.35318294167518616,0.15487577679083725,0.9733260273933411,0.22942012548446655,0.8653570413589478,0.49558988213539124,0.3869674801826477,0.9220150113105774,0.27055269479751587,0.9620819091796875
2,FFN1,6,0.6910515491088598,0.17597785592079163,0.3089484508911402,0.9909250140190125,0.1322944462299347,0.5441464781761169,0.8446409106254578,0.2259058952331543,0.9725068807601929,0.15695267915725708,0.9867976903915405
2,FFN1,7,0.5252169755981508,0.07396546006202698,0.4747830244018492,0.9973414540290833,0.0709037333726883,0.2978805899620056,0.9527355432510376,0.12179207056760788,0.9916844367980957,0.0843876302242279,0.9960659742355347
2,FFN1,8,0.38283502063185965,0.028414348140358925,0.6171649793681404,0.9992731213569641,0.03688354790210724,0.1565985083580017,0.9860982894897461,0.06353270262479782,0.9976836442947388,0.04396078363060951,0.9989145994186401
2,FFN1,9,0.2725006224266286,0.010421521961688995,0.7274993775733714,0.9998079538345337,0.018915899097919464,0.08075518906116486,0.9961867332458496,0.032629575580358505,0.9993823170661926,0.022562066093087196,0.9997118711471558
2,FFN1,10,0.19087512141928342,0.0037024812772870064,0.8091248785807166,0.9999502897262573,0.009610883891582489,0.041170425713062286,0.9989951848983765,0.0165945366024971,0.9998392462730408,0.011469215154647827,0.9999251365661621
2,FFN1,11,0.13305894191801668,0.00129679124802351,0.8669410580819833,0.9999872446060181,0.0048574162647128105,0.020850880071520805,0.9997408390045166,0.008391335606575012,0.9999587535858154,0.005798226222395897,0.9999808073043823
2,FFN1,12,0.09255696385981782,0.0004523919487837702,0.9074430361401822,0.9999967813491821,0.002446490339934826,0.010514811612665653,0.9999339580535889,0.004225299693644047,0.9999895095825195,0.002920670434832573,0.9999951124191284
2,FFN2,4,0.24424743201382162,0.054378870874643326,0.7557525679861784,0.9830278754234314,0.1753690242767334,0.23334866762161255,0.9698065519332886,0.18702584505081177,0.9802626371383667,0.1796083152294159,0.981762170791626
2,FFN2,5,0.11673386690997403,0.012627084739506245,0.883266133090026,0.9961546063423157,0.08189769089221954,0.10901588946580887,0.9930182695388794,0.08737844228744507,0.9954805970191956,0.08391064405441284,0.9958324432373047
2,FFN2,6,0.056790708464405884,0.0029986947774887085,0.9432092915355941,0.9990890026092529,0.03966684639453888,0.05280736833810806,0.9983242154121399,0.04232412949204445,0.9989227056503296,0.04064217582345009,0.9990087747573853
2,FFN2,7,0.02790525560161902,0.0007292866939678788,0.972094744398381,0.9997791051864624,0.01950865425169468,0.025974052026867867,0.9995921850204468,0.020815525203943253,0.9997382164001465,0.01998845487833023,0.999759316444397
2,FFN2,8,0.013846698701980133,0.00017946219304576516,0.9861533012980198,0.9999456405639648,0.009678645059466362,0.012885985895991325,0.9998995065689087,0.010327760130167007,0.9999355673789978,0.009916520677506924,0.9999407529830933
2,FFN2,9,0.006918935638538843,4.49599938292522e-05,0.9930810643614612,0.9999865293502808,0.00481833890080452,0.006415599025785923,0.9999750852584839,0.005141172558069229,0.9999840259552002,0.0049367076717317104,0.9999853372573853
2,FFN2,10,0.003473415150615289,1.151279684563633e-05,0.9965265848493847,0.9999966621398926,0.00240565137937665,0.0032024907413870096,0.9999938011169434,0.002566705923527479,0.9999960660934448,0.002464733552187681,0.9999963045120239
2,FFN2,11,0.0016976903572388238,2.7580003916227724e-06,0.9983023096427611,0.9999991655349731,0.0012045360635966063,0.0016011095140129328,0.9999984502792358,0.0012855681125074625,0.9999990463256836,0.0012341185938566923,0.9999991655349731
2,FFN2,12,0.0008523761485803912,6.887920562803629e-07,0.9991476238514196,0.9999998807907104,0.0006075152195990086,0.0007909643463790417,0.9999997615814209,0.0006484288023784757,0.9999998807907104,0.0006222812808118761,0.9999998807907104
2,K,4,0.6512705712635395,0.200128972530365,0.3487294287364605,0.9674416780471802,0.25473153591156006,0.5483494997024536,0.8191782236099243,0.30582189559936523,0.9527282118797302,0.26595786213874817,0.9643595814704895
2,K,5,0.4532326714056059,0.07414291799068451,0.546767328594394,0.9911664724349976,0.13069124519824982,0.3007183372974396,0.9402040243148804,0.1580011397600174,0.9867845773696899,0.1366443932056427,0.990261435508728
2,K,6,0.2956549409656513,0.02492331713438034,0.7043450590343486,0.9977202415466309,0.06583811342716217,0.15812617540359497,0.9810390472412109,0.0799134373664856,0.996521532535553,0.06889348477125168,0.997475266456604
2,K,7,0.18648152993075334,0.00789310596883297,0.8135184700692467,0.9994233250617981,0.03299782797694206,0.08138351142406464,0.9941710233688354,0.04012627899646759,0.9991115927696228,0.03454265370965004,0.9993599653244019
2,K,8,0.11682192038620204,0.0024585381615906954,0.883178079613798,0.9998550415039062,0.016521859914064407,0.04146935045719147,0.9981553554534912,0.020109355449676514,0.9997755885124207,0.01729842647910118,0.9998389482498169
2,K,9,0.07346320116501484,0.0007738111889921129,0.9265367988349852,0.9999635815620422,0.008275941014289856,0.021047502756118774,0.9994722008705139,0.010077348910272121,0.9999434947967529,0.008665690198540688,0.9999595284461975
2,K,10,0.04637139266766718,0.0002467368030920625,0.9536286073323328,0.9999908804893494,0.004146140068769455,0.010636717081069946,0.9998455047607422,0.005049954168498516,0.9999858140945435,0.004341726657003164,0.9999898672103882
2,K,11,0.029156524550411657,7.898449257481843e-05,0.9708434754495884,0.9999977350234985,0.0020783753134310246,0.005344740115106106,0.9999589323997498,0.0025321156717836857,0.9999964237213135,0.0021764892153441906,0.9999974966049194
2,K,12,0.01813580459234812,2.5279709007008933e-05,0.9818641954076519,0.9999994039535522,0.0010400479659438133,0.002671732334420085,0.9999894499778748,0.0012655974132940173,0.9999991059303284,0.0010891425190493464,0.9999993443489075
2,O,4,0.21427243888495115,0.03795839473605156,0.7857275611150488,0.9878318309783936,0.15369725227355957,0.20199242234230042,0.9792004227638245,0.1619957834482193,0.986416220664978,0.1556711196899414,0.9874523282051086
2,O,5,0.10118707321227043,0.008460055105388165,0.8988129267877296,0.997296154499054,0.071710005402565,0.09429895877838135,0.9952943325042725,0.07558213919401169,0.9969689249992371,0.07263249158859253,0.9972057342529297
2,O,6,0.049117821857043824,0.0019984333775937557,0.9508821781429562,0.9993641376495361,0.034700825810432434,0.045624688267707825,0.9988882541656494,0.036574214696884155,0.999286413192749,0.035147007554769516,0.9993424415588379
2,O,7,0.024242143713734305,0.00048659523599781096,0.9757578562862657,0.9998459219932556,0.01707409881055355,0.022447211667895317,0.9997303485870361,0.017995290458202362,0.9998270869255066,0.017293620854616165,0.9998406767845154
2,O,8,0.012038920850243485,0.0001196403318317607,0.9879610791497565,0.9999620318412781,0.008473009802401066,0.011139429174363613,0.9999334812164307,0.00893065333366394,0.9999573826789856,0.008582053706049919,0.999960720539093
2,O,9,0.0060321805809860525,2.9847369660274126e-05,0.9939678194190139,0.9999905824661255,0.004218724090605974,0.005547347944229841,0.999983549118042,0.0044467030093073845,0.9999894499778748,0.004272965714335442,0.9999902844429016
2,O,10,0.0029906499787644065,7.399013611575356e-06,0.9970093500212356,0.999997615814209,0.002106316853314638,0.0027693891897797585,0.9999958872795105,0.0022200928069651127,0.9999973773956299,0.0021334257908165455,0.999997615814209
2,O,11,0.001485784872483971,1.8556914938017144e-06,0.998514215127516,0.9999994039535522,0.0010547140846028924,0.001383684342727065,0.999998927116394,0.0011121503775939345,0.9999993443489075,0.0010682732099667192,0.9999994039535522
2,O,12,0.0007367090271412792,4.586443367315951e-07,0.9992632909728587,0.9999998807907104,0.0005354834720492363,0.000682793848682195,0.9999998807907104,0.0005651677493005991,0.9999998807907104,0.0005423254915513098,0.9999998807907104
2,Q,4,0.6559546969654529,0.2253088504076004,0.34404530303454706,0.9563871026039124,0.29400405287742615,0.56166672706604,0.829903781414032,0.36258289217948914,0.9323829412460327,0.3133426606655121,0.9497449398040771
2,Q,5,0.45667551965694875,0.0739537924528122,0.5433244803430513,0.9887331128120422,0.14591097831726074,0.28532323241233826,0.9556870460510254,0.18106544017791748,0.98197340965271,0.1558886170387268,0.9868465065956116
2,Q,6,0.3212769695781376,0.021857796236872673,0.6787230304218624,0.9972180724143982,0.07174193859100342,0.141199991106987,0.9882978200912476,0.08918800950050354,0.9954614043235779,0.07670193910598755,0.9967280030250549
2,Q,7,0.2413454168587078,0.006419431418180466,0.7586545831412922,0.9993129968643188,0.0355544313788414,0.07009145617485046,0.9970243573188782,0.04421550780534744,0.9988723993301392,0.03801734000444412,0.9991903901100159
2,Q,8,0.19562222601353157,0.002038142643868923,0.8043777739864684,0.9998288750648499,0.01773010939359665,0.0349823459982872,0.999252200126648,0.022053595632314682,0.9997185468673706,0.01895875111222267,0.9997981786727905
2,Q,9,0.16816978643328045,0.0007529050926677883,0.8318302135667196,0.9999570250511169,0.008886256255209446,0.017545821145176888,0.999811589717865,0.011052804999053478,0.9999293088912964,0.009501765482127666,0.9999493360519409
2,Q,10,0.14920705047732302,0.0003244616382289678,0.850792949522677,0.9999891519546509,0.004467199556529522,0.00882622878998518,0.9999523162841797,0.005556649528443813,0.9999821186065674,0.0047765811905264854,0.9999872446060181
2,Q,11,0.13354795256562715,0.00015488063218072057,0.8664520474343729,0.9999972581863403,0.0022493565920740366,0.004445291124284267,0.9999879598617554,0.002797885099425912,0.9999955296516418,0.0024050320498645306,0.9999967217445374
2,Q,12,0.11882529391842857,7.800474850228056e-05,0.8811747060815714,0.9999992847442627,0.0011313739232718945,0.0022374321706593037,0.9999969005584717,0.0014056847430765629,0.9999988079071045,0.0012096029240638018,0.9999991655349731
2,V,4,0.6192496471396055,0.18067266047000885,0.38075035286039444,0.971312940120697,0.237977534532547,0.4906235337257385,0.8664236664772034,0.27911376953125,0.9599930047988892,0.24691088497638702,0.968873143196106
2,V,5,0.4147533791945882,0.06565402448177338,0.5852466208054118,0.9923304319381714,0.12123402208089828,0.26161623001098633,0.9595648050308228,0.14297367632389069,0.9890331029891968,0.12594538927078247,0.9916164875030518
2,V,6,0.2547350050226975,0.021269463002681732,0.7452649949773025,0.9980408549308777,0.06074812263250351,0.13412103056907654,0.9886117577552795,0.07185041904449463,0.9971498250961304,0.06316112726926804,0.9978461265563965
2,V,7,0.1474749818801419,0.006362004205584526,0.8525250181198581,0.9995094537734985,0.03028344362974167,0.06765422224998474,0.9968967437744141,0.03587264195084572,0.9992794394493103,0.031500883400440216,0.9994586706161499
2,V,8,0.08267423674071436,0.0018107134383171797,0.9173257632592856,0.9998776912689209,0.015094765461981297,0.03390558809041977,0.9991891384124756,0.01789276860654354,0.9998194575309753,0.015705309808254242,0.9998648166656494
2,V,9,0.04564582988950065,0.0005020168609917164,0.9543541701104994,0.9999695420265198,0.00752991670742631,0.01694689877331257,0.9997940063476562,0.008927150629460812,0.9999549984931946,0.00783517211675644,0.9999662637710571
2,V,10,0.025256539043525806,0.0001384335628245026,0.9747434609564742,0.9999924302101135,0.003763037733733654,0.00847696140408516,0.9999481439590454,0.004461932461708784,0.9999887347221375,0.003915737848728895,0.9999915957450867
2,V,11,0.014145251325610671,3.867368650389835e-05,0.9858547486743894,0.9999980926513672,0.001881971606053412,0.004237746819853783,0.999987006187439,0.0022319122217595577,0.9999971985816956,0.0019583101384341717,0.9999979138374329
2,V,12,0.007964472362448025,1.0926914001174737e-05,0.992035527637552,0.9999995231628418,0.0009428651537746191,0.002114922506734729,0.9999967813491821,0.0011177079286426306,0.9999992847442627,0.0009811215568333864,0.9999995231628418
3,FFN1,4,0.9315704578981091,0.5266888737678528,0.0684295421018909,0.9402078986167908,0.34396564960479736,0.9978753328323364,0.03477729111909866,0.5515870451927185,0.8408911824226379,0.3955312967300415,0.9198113679885864
3,FFN1,5,0.8312367634930579,0.3235340416431427,0.1687632365069421,0.9756469130516052,0.21936661005020142,0.8385218381881714,0.565001904964447,0.3573176860809326,0.9340453743934631,0.2532598376274109,0.9669506549835205
3,FFN1,6,0.672583076188508,0.15591326355934143,0.32741692381149207,0.9919939041137695,0.12445428967475891,0.5076324939727783,0.8664184212684631,0.20473366975784302,0.977574348449707,0.14433184266090393,0.9889193773269653
3,FFN1,7,0.5072814960030527,0.06412094831466675,0.4927185039969473,0.9976945519447327,0.06622150540351868,0.2766987085342407,0.9582455158233643,0.10947904735803604,0.9933509826660156,0.07699190825223923,0.9967609643936157
3,FFN1,8,0.36806875112160065,0.02430865727365017,0.6319312488783994,0.9993754625320435,0.034322984516620636,0.14505499601364136,0.987967848777771,0.056884221732616425,0.9981679916381836,0.03995274752378464,0.9991152286529541
3,FFN1,9,0.2613087305716098,0.008814218454062939,0.7386912694283903,0.9998358488082886,0.017559202387928963,0.07466043531894684,0.9966999888420105,0.029142023995518684,0.9995140433311462,0.020453494042158127,0.9997664093971252
3,FFN1,10,0.18328031172237041,0.0030953516252338886,0.8167196882776296,0.9999576807022095,0.008906370960175991,0.038035642355680466,0.9991248846054077,0.01479406375437975,0.9998741149902344,0.010378600098192692,0.9999395608901978
3,FFN1,11,0.12879408740742948,0.0010820815805345774,0.8712059125925705,0.9999891519546509,0.004499293863773346,0.019271496683359146,0.9997722506523132,0.0074777863919734955,0.9999676942825317,0.00524461455643177,0.9999845027923584
3,FFN1,12,0.09070201995007622,0.00037844476173631847,0.9092979800499238,0.9999972581863403,0.002265137853100896,0.009722847491502762,0.9999415874481201,0.0037630521692335606,0.999991774559021,0.0026406249962747097,0.9999960064888
3,FFN2,4,0.2203635693199711,0.04072535037994385,0.7796364306800289,0.9870200753211975,0.15788811445236206,0.20792508125305176,0.9777379631996155,0.166669100522995,0.9854470491409302,0.1601426899433136,0.9865502119064331
3,FFN2,5,0.10419876366086925,0.009129232726991177,0.8958012363391308,0.9971065521240234,0.07372888922691345,0.09715591371059418,0.9949414730072021,0.07782947272062302,0.9967422485351562,0.07478322833776474,0.9969949126243591
3,FFN2,6,0.050556606912394546,0.002149599604308605,0.9494433930876055,0.9993188381195068,0.035668857395648956,0.046992525458335876,0.9988029599189758,0.03765268623828888,0.9992318749427795,0.03617937117815018,0.9992918968200684
3,FFN2,7,0.02489455232331024,0.0005224751657806337,0.9751054476766897,0.9998351335525513,0.017545191571116447,0.023114372044801712,0.9997098445892334,0.018521640449762344,0.9998140335083008,0.017796138301491737,0.999828577041626
3,FFN2,8,0.01235173572774261,0.0001285268517676741,0.9876482642722574,0.9999592304229736,0.008714810945093632,0.011480964720249176,0.99992835521698,0.00920029915869236,0.9999539852142334,0.00883968360722065,0.9999576807022095
3,FFN2,9,0.006121651758120583,3.158183608320542e-05,0.9938783482418794,0.999989926815033,0.004335122182965279,0.005710942670702934,0.9999822974205017,0.004576142877340317,0.9999886155128479,0.004397141747176647,0.9999895095825195
3,FFN2,10,0.003083783839150174,8.053870260482654e-06,0.9969162161608498,0.9999974966049194,0.002164206001907587,0.0028516273014247417,0.9999955892562866,0.002284739399328828,0.9999971389770508,0.0021951859816908836,0.9999973773956299
3,FFN2,11,0.001528293743214157,1.976007752091391e-06,0.9984717062567858,0.9999994039535522,0.0010837476002052426,0.0014249435625970364,0.9999988675117493,0.0011444877600297332,0.9999992847442627,0.0010992508614435792,0.9999994039535522
3,FFN2,12,0.000755846686036121,4.703786942172883e-07,0.9992441533139639,0.9999998807907104,0.0005494826473295689,0.0007034617010504007,0.9999998807907104,0.0005807098350487649,0.9999998807907104,0.0005572807276621461,0.9999998807907104
3,K,4,0.6360063260456651,0.20255804061889648,0.36399367395433485,0.9664870500564575,0.2586858868598938,0.5312260389328003,0.842082142829895,0.3078456521034241,0.9522696733474731,0.2696467339992523,0.9634319543838501
3,K,5,0.42614309896764657,0.07392054796218872,0.5738569010323534,0.9909863471984863,0.13212043046951294,0.2839503288269043,0.9516720771789551,0.1580938696861267,0.9868333339691162,0.13788092136383057,0.9901012182235718
3,K,6,0.2604490220855288,0.024013493210077286,0.7395509779144712,0.9976904392242432,0.06631818413734436,0.1463077962398529,0.9857680201530457,0.07959519326686859,0.9965723752975464,0.06925499439239502,0.9974537491798401
3,K,7,0.14777292992871277,0.007085070013999939,0.8522270700712872,0.9994231462478638,0.03302761912345886,0.0738316997885704,0.9961132407188416,0.039688099175691605,0.9991375207901001,0.03450014442205429,0.9993628263473511
3,K,8,0.07993069960025113,0.0019725491292774677,0.9200693003997489,0.9998564720153809,0.016452040523290634,0.037030283361673355,0.9989601373672485,0.019781144335865974,0.9997847080230713,0.01718771457672119,0.9998413324356079
3,K,9,0.041684826232426545,0.00052314018830657,0.9583151737675735,0.9999642968177795,0.008205235935747623,0.018508873879909515,0.9997329711914062,0.009867625311017036,0.9999463558197021,0.008572513237595558,0.9999604821205139
3,K,10,0.021253606084447943,0.00013452958955895156,0.9787463939155521,0.9999911189079285,0.004094481468200684,0.009244780987501144,0.9999322891235352,0.004924205131828785,0.9999866485595703,0.004277829546481371,0.9999901056289673
3,K,11,0.010740926177590222,3.430106517043896e-05,0.9892590738224097,0.9999977350234985,0.002047640969976783,0.004620635882019997,0.9999830722808838,0.002462601289153099,0.9999966621398926,0.002139290561899543,0.9999974966049194
3,K,12,0.005318964626596413,8.420722224400379e-06,0.9946810353734036,0.9999994039535522,0.0010231046471744776,0.0023036436177790165,0.9999958276748657,0.001228925073519349,0.9999991655349731,0.0010688814800232649,0.9999994039535522
3,O,4,0.34092489931195474,0.12314312160015106,0.6590751006880453,0.9642852544784546,0.24434049427509308,0.34119802713394165,0.9222804307937622,0.2736421227455139,0.951151967048645,0.2623867988586426,0.9551819562911987
3,O,5,0.17145104888311427,0.03294675052165985,0.8285489511168858,0.991402268409729,0.11554892361164093,0.16270661354064941,0.9817047119140625,0.13004282116889954,0.9881306886672974,0.1246541440486908,0.9890576004981995
3,O,6,0.08485526744814932,0.00825031753629446,0.9151447325518507,0.9979285597801208,0.05596407130360603,0.07889033854007721,0.9954690337181091,0.0630129799246788,0.9970738887786865,0.06040213257074356,0.9973127245903015
3,O,7,0.041869482293352384,0.002025461057201028,0.9581305177066476,0.9994949102401733,0.027546539902687073,0.03882676362991333,0.9988735914230347,0.031018458306789398,0.9992796182632446,0.0297333262860775,0.9993388652801514
3,O,8,0.020790081013207347,0.0005012928158976138,0.9792099189867927,0.9998757839202881,0.013655779883265495,0.019247960299253464,0.9997214078903198,0.015375257469713688,0.9998224973678589,0.014738892205059528,0.9998371601104736
3,O,9,0.010381263351035211,0.00012502033496275544,0.9896187366489648,0.9999691247940063,0.006804030388593674,0.009591948240995407,0.9999305605888367,0.007662149146199226,0.9999557733535767,0.007344567216932774,0.9999594688415527
3,O,10,0.005158308348991601,3.079506495851092e-05,0.9948416916510084,0.999992311000824,0.0033941692672669888,0.004784818738698959,0.9999827742576599,0.0038217282854020596,0.9999890327453613,0.003663392271846533,0.9999899864196777
3,O,11,0.0025784476536974176,7.707390977884643e-06,0.9974215523463026,0.9999980926513672,0.0016986241098493338,0.0023923004046082497,0.9999957084655762,0.0019127584528177977,0.9999972581863403,0.0018333394546061754,0.9999974966049194
3,O,12,0.0012950526234353655,1.9649899059004383e-06,0.9987049473765647,0.9999996423721313,0.000849757925607264,0.0011863859836012125,0.9999990463256836,0.0009566175285726786,0.9999994039535522,0.000916855176910758,0.9999994039535522
3,Q,4,0.5485158120841382,0.17222091555595398,0.45148418791586176,0.9669737815856934,0.2560204565525055,0.4481823146343231,0.8991686105728149,0.2980261445045471,0.954582929611206,0.26564985513687134,0.9641988277435303
3,Q,5,0.3297857697123749,0.05425897240638733,0.6702142302876251,0.9917542338371277,0.1253654658794403,0.22236409783363342,0.9731944799423218,0.14639097452163696,0.9884146451950073,0.13019423186779022,0.9910027980804443
3,Q,6,0.18489239530321608,0.015567251481115818,0.8151076046967839,0.9979851245880127,0.06149034947156906,0.10951626300811768,0.9931479692459106,0.07188089936971664,0.9971362948417664,0.06387902796268463,0.9977945685386658
3,Q,7,0.10016222005278907,0.0042819613590836525,0.8998377799472109,0.9995052218437195,0.030404452234506607,0.054218802601099014,0.9982898235321045,0.035554323345422745,0.9992940425872803,0.031587980687618256,0.999457836151123
3,Q,8,0.0530630916160239,0.0011448186123743653,0.9469369083839762,0.9998776912689209,0.01510680466890335,0.026953205466270447,0.999575138092041,0.01766679808497429,0.9998253583908081,0.015695316717028618,0.9998659491539001
3,Q,9,0.027720460167077434,0.0003000318829435855,0.9722795398329226,0.9999696016311646,0.007531327195465565,0.013437952846288681,0.9998942017555237,0.008807793259620667,0.9999565482139587,0.007824820466339588,0.9999666810035706
3,Q,10,0.014381413263134404,7.823585474397987e-05,0.9856185867368656,0.9999924302101135,0.00375942955724895,0.006707363296300173,0.9999736547470093,0.004396605305373669,0.9999891519546509,0.003905915655195713,0.9999916553497314
3,Q,11,0.007393521433996021,2.0122452042414807e-05,0.9926064785660039,0.9999980926513672,0.0018796342192217708,0.0033526350744068623,0.9999934434890747,0.002198468893766403,0.9999972581863403,0.0019528619013726711,0.9999979734420776
3,Q,12,0.0037946713112739917,5.136840627528727e-06,0.996205328688726,0.9999996423721313,0.0009378906106576324,0.0016668146708980203,0.9999983906745911,0.001096023479476571,0.9999993443489075,0.0009744014823809266,0.9999995231628418
3,V,4,0.5879182815551758,0.17052847146987915,0.4120817184448242,0.9710643291473389,0.23905375599861145,0.4751344323158264,0.8671637773513794,0.2804843485355377,0.9592930674552917,0.24798908829689026,0.9685733914375305
3,V,5,0.3810059229532878,0.0596400611102581,0.6189940770467123,0.9923878908157349,0.12048693746328354,0.2512713670730591,0.9595040678977966,0.14232251048088074,0.988916277885437,0.12519234418869019,0.9916502237319946
3,V,6,0.22743097941080728,0.01892469823360443,0.7725690205891927,0.9980675578117371,0.06008130684494972,0.12888886034488678,0.9879775643348694,0.07125712186098099,0.9971107244491577,0.062496840953826904,0.9978635311126709
3,V,7,0.12760353088378906,0.005575100891292095,0.8723964691162109,0.9995157718658447,0.02992299385368824,0.06519288569688797,0.9966838359832764,0.035568077117204666,0.9992644190788269,0.031146246939897537,0.9994618892669678
3,V,8,0.06845283508300781,0.001543343299999833,0.9315471649169922,0.9998794794082642,0.014895902946591377,0.03270205482840538,0.9991033673286438,0.01772099733352661,0.9998155832290649,0.015508722513914108,0.9998658299446106
3,V,9,0.03569602966308594,0.0004109712317585945,0.9643039703369141,0.9999699592590332,0.007430274970829487,0.016360225155949593,0.9997669458389282,0.00884225219488144,0.9999539256095886,0.007736540399491787,0.999966561794281
3,V,10,0.01825237274169922,0.00010603295231703669,0.9817476272583008,0.9999925494194031,0.0037059742026031017,0.008166061714291573,0.9999411702156067,0.004410790279507637,0.9999885559082031,0.003858821466565132,0.9999917149543762
3,V,11,0.009243647257486979,2.695115836104378e-05,0.9907563527425131,0.9999980926513672,0.0018531796522438526,0.004081639461219311,0.9999852180480957,0.0022059171460568905,0.9999971389770508,0.001929526450112462,0.9999979734420776
3,V,12,0.004647254943847656,6.809431397414301e-06,0.9953527450561523,0.9999995827674866,0.000927804852835834,0.0020342618227005005,0.9999963045120239,0.0011037008371204138,0.9999992847442627,0.0009660148643888533,0.9999995231628418
4,FFN1,4,0.9222478549506473,0.5130157470703125,0.07775214504935271,0.9376369714736938,0.3514971435070038,0.9954245686531067,0.0664362907409668,0.5385551452636719,0.849576473236084,0.3992123007774353,0.9183892011642456
4,FFN1,5,0.8090461690594343,0.30259397625923157,0.1909538309405657,0.9754700660705566,0.2200419306755066,0.7881428599357605,0.6479713916778564,0.34152573347091675,0.9400216341018677,0.2508413791656494,0.9675424695014954
4,FFN1,6,0.6414798378425095,0.14022928476333618,0.35852016215749055,0.9921802878379822,0.12277285754680634,0.46134626865386963,0.8892661929130554,0.19207367300987244,0.9802742600440979,0.14051789045333862,0.9894578456878662
4,FFN1,7,0.47541537280344737,0.05603140965104103,0.5245846271965526,0.9977875351905823,0.0647435411810875,0.24824798107147217,0.9664482474327087,0.10169127583503723,0.9942758083343506,0.07426655292510986,0.9969732761383057
4,FFN1,8,0.34011323689906964,0.020809082314372063,0.6598867631009304,0.9994062781333923,0.033396895974874496,0.12926435470581055,0.9904189109802246,0.05255330353975296,0.9984426498413086,0.038349002599716187,0.9991815090179443
4,FFN1,9,0.2385660679220406,0.007402753923088312,0.7614339320779594,0.9998451471328735,0.01702314242720604,0.06625401973724365,0.9973999261856079,0.026816563680768013,0.9995907545089722,0.0195586197078228,0.9997855424880981
4,FFN1,10,0.16581097839173053,0.0025588548742234707,0.8341890216082695,0.99996018409729,0.008618265390396118,0.033659256994724274,0.9993177652359009,0.013584425672888756,0.9998944997787476,0.009904911741614342,0.999944806098938
4,FFN1,11,0.11564650953388766,0.0008854341576807201,0.8843534904661123,0.9999898672103882,0.0043486338108778,0.017029501497745514,0.9998232126235962,0.006857006810605526,0.9999730587005615,0.0049990094266831875,0.999985933303833
4,FFN1,12,0.08091353275408458,0.0003052025567740202,0.9190864672459154,0.9999974370002747,0.0021864089649170637,0.008576423861086369,0.999954879283905,0.0034453957341611385,0.9999932050704956,0.0025135953910648823,0.9999964237213135
4,FFN2,4,0.2159549257646333,0.037795476615428925,0.7840450742353667,0.9879138469696045,0.15406787395477295,0.20286566019058228,0.9792870879173279,0.16235816478729248,0.9865484833717346,0.15591086447238922,0.9875921010971069
4,FFN2,5,0.10234353668569014,0.008456753566861153,0.8976564633143098,0.9973194003105164,0.07190218567848206,0.0947398915886879,0.9953323602676392,0.0757732018828392,0.9970084428787231,0.07276247441768646,0.9972451329231262
4,FFN2,6,0.049673921067810926,0.001993094338104129,0.9503260789321891,0.9993689060211182,0.034820493310689926,0.04587380588054657,0.9988974928855896,0.03669413924217224,0.9992952346801758,0.03523721545934677,0.9993512034416199
4,FFN2,7,0.024309243559751233,0.0004788304795511067,0.9756907564402487,0.9998471140861511,0.017132144421339035,0.022563911974430084,0.9997328519821167,0.018053965643048286,0.9998292922973633,0.017337147146463394,0.9998428821563721
4,FFN2,8,0.012060487527123204,0.00011774432641686872,0.9879395124728768,0.9999624490737915,0.00849234126508236,0.011185833252966404,0.9999343156814575,0.008949543349444866,0.9999580383300781,0.008593950420618057,0.9999613761901855
4,FFN2,9,0.006023179279302509,2.9355314836720936e-05,0.9939768207206975,0.999990701675415,0.0042330981232225895,0.005576915107667446,0.9999836683273315,0.004461095668375492,0.9999895691871643,0.004283774644136429,0.9999904632568359
4,FFN2,10,0.003020067020762166,7.465243470505811e-06,0.9969799329792378,0.9999976754188538,0.0021127790678292513,0.002782966708764434,0.9999959468841553,0.0022265040315687656,0.9999974370002747,0.0021380637772381306,0.999997615814209
4,FFN2,11,0.0014831884701965305,1.8112093584932154e-06,0.9985168115298034,0.9999994039535522,0.0010581547394394875,0.0013905891682952642,0.999998927116394,0.0011155538959428668,0.9999994039535522,0.0010708109475672245,0.9999994039535522
4,FFN2,12,0.0007339999145197405,4.37984368772959e-07,0.9992660000854803,0.9999998807907104,0.0005365114193409681,0.0006853548111394048,0.9999998807907104,0.0005661016330122948,0.9999998807907104,0.0005428907461464405,0.9999999403953552
4,K,4,0.6912905609994516,0.23556460440158844,0.30870943900054837,0.9631001949310303,0.27103978395462036,0.5886182188987732,0.8017071485519409,0.33238840103149414,0.943984866142273,0.2859397232532501,0.9585962891578674
4,K,5,0.4946738828092093,0.09476879984140396,0.5053261171907907,0.9895690679550171,0.14201991260051727,0.3264501094818115,0.935141384601593,0.1753895878791809,0.9836922287940979,0.15009841322898865,0.9881873726844788
4,K,6,0.3223380937621693,0.03381343185901642,0.6776619062378307,0.997223973274231,0.07255500555038452,0.17255818843841553,0.9799822568893433,0.08997702598571777,0.995559573173523,0.07677755504846573,0.9968320727348328
4,K,7,0.19354107558670894,0.0108511783182621,0.806458924413291,0.9992885589599609,0.036551736295223236,0.08879046887159348,0.9938819408416748,0.045433104038238525,0.9988478422164917,0.038704559206962585,0.9991847276687622
4,K,8,0.10875076492700411,0.0031855024863034487,0.8912492350729959,0.999821662902832,0.01826322078704834,0.04495060443878174,0.9983118176460266,0.02272171527147293,0.9997096061706543,0.01934412308037281,0.9997953176498413
4,K,9,0.058342671403253624,0.0008794500026851892,0.9416573285967463,0.999955415725708,0.00912466086447239,0.022617004811763763,0.9995415210723877,0.011357552371919155,0.9999271631240845,0.009665971621870995,0.9999488592147827
4,K,10,0.03013677292198142,0.000229519690037705,0.9698632270780185,0.9999889135360718,0.00455603189766407,0.011318832635879517,0.9998795986175537,0.005671418737620115,0.9999818801879883,0.004826267249882221,0.9999872446060181
4,K,11,0.015348766977405845,5.877758303540759e-05,0.9846512330225942,0.9999972581863403,0.0022773421369493008,0.005658736918121576,0.999969482421875,0.0028348518535494804,0.9999954700469971,0.002412437926977873,0.9999967813491821
4,K,12,0.007729855597676211,1.4884951269777957e-05,0.9922701444023238,0.9999992847442627,0.0011372716398909688,0.0028252266347408295,0.9999922513961792,0.0014138722326606512,0.9999988079071045,0.0012047071941196918,0.9999991655349731
4,O,4,0.2952956856777189,0.08866577595472336,0.7047043143222811,0.9735770225524902,0.21109995245933533,0.2888088524341583,0.9466323852539062,0.23113174736499786,0.9665695428848267,0.22167494893074036,0.9691600799560547
4,O,5,0.14524872060355506,0.022381216287612915,0.8547512793964449,0.9937945008277893,0.09919335693120956,0.13621112704277039,0.9878617525100708,0.10879698395729065,0.9920364618301392,0.1043463945388794,0.9926609992980957
4,O,6,0.07110748908357875,0.005433585029095411,0.9288925109164212,0.9985213279724121,0.047979436814785004,0.06588266789913177,0.9969991445541382,0.052627287805080414,0.9980754256248474,0.05047079175710678,0.9982321262359619
4,O,7,0.034877087155096374,0.001318239257670939,0.9651229128449036,0.9996400475502014,0.023608669638633728,0.03241901099681854,0.9992616176605225,0.025898253545165062,0.9995287656784058,0.02483668178319931,0.9995673894882202
4,O,8,0.017372661769864423,0.0003280756645835936,0.9826273382301356,0.999911367893219,0.011710809543728828,0.016084184870123863,0.9998177289962769,0.012845801189541817,0.9998838901519775,0.012319509871304035,0.9998933672904968
4,O,9,0.00867061109703984,8.084745786618441e-05,0.9913293889029602,0.9999780654907227,0.005831707268953323,0.008008315227925777,0.9999548196792603,0.006396736018359661,0.9999712109565735,0.006134562660008669,0.9999735951423645
4,O,10,0.0043008633166209025,2.0082479750271887e-05,0.9956991366833791,0.9999945163726807,0.0029103378765285015,0.003996172919869423,0.9999887943267822,0.003191998228430748,0.999992847442627,0.0030613229610025883,0.9999934434890747
4,O,11,0.0021287065581895325,4.934181106364122e-06,0.9978712934418105,0.9999986886978149,0.001455558929592371,0.0019962098449468613,0.9999971389770508,0.0015967017970979214,0.9999982118606567,0.0015311187598854303,0.9999983310699463
4,O,12,0.0010615272498107444,1.2848033748014132e-06,0.9989384727501892,0.9999997615814209,0.0007313998066820204,0.0009899439755827188,0.9999994039535522,0.0008022862020879984,0.9999996423721313,0.0007691470091231167,0.9999996423721313
4,Q,4,0.6022759134139464,0.1964597851037979,0.39772408658605357,0.9643579721450806,0.26657813787460327,0.4969096779823303,0.8756271004676819,0.3149107098579407,0.9498471021652222,0.27820855379104614,0.960918664932251
4,Q,5,0.38561718344191454,0.06760717928409576,0.6143828165580855,0.9907169342041016,0.1335543990135193,0.25378188490867615,0.9652583599090576,0.15836083889007568,0.986655056476593,0.13953323662281036,0.9897512197494507
4,Q,6,0.2267308087226923,0.020931832492351532,0.7732691912773076,0.9976728558540344,0.06627447158098221,0.12699231505393982,0.9907400608062744,0.07872641086578369,0.9966093301773071,0.06927765160799026,0.9974198341369629
4,Q,7,0.12527791676706745,0.005994611419737339,0.8747220832329325,0.9994224309921265,0.03290962800383568,0.06325539946556091,0.9976401329040527,0.0391206331551075,0.9991540908813477,0.0344083309173584,0.999358594417572
4,Q,8,0.06638245034691515,0.001624099793843925,0.9336175496530849,0.9998571872711182,0.016351088881492615,0.03146004676818848,0.9994109272956848,0.019441120326519012,0.9997904300689697,0.017096668481826782,0.9998413324356079
4,Q,9,0.03414919163334632,0.00042298753396607935,0.9658508083666537,0.9999644756317139,0.00815278198570013,0.01569073647260666,0.9998530745506287,0.009694285690784454,0.9999477863311768,0.008524710312485695,0.9999605417251587
4,Q,10,0.01733335961237565,0.00010827054211404175,0.9826666403876243,0.9999911785125732,0.004068276379257441,0.00783025287091732,0.9999634027481079,0.004837342072278261,0.999987006187439,0.004253937862813473,0.9999901652336121
4,Q,11,0.008679713363465222,2.6922356482828036e-05,0.9913202866365348,0.9999977946281433,0.0020342261996120214,0.003914357163012028,0.9999908208847046,0.002419040072709322,0.9999967813491821,0.002127074170857668,0.9999975562095642
4,Q,12,0.004375460545514772,6.795887202315498e-06,0.9956245394544853,0.9999995231628418,0.0010151328751817346,0.0019484343938529491,0.9999977350234985,0.0012056543491780758,0.9999992251396179,0.001061423565261066,0.9999994039535522
4,V,4,0.5942394837438111,0.1644168347120285,0.405760516256189,0.9729452729225159,0.23208117485046387,0.4662192761898041,0.875208854675293,0.27026504278182983,0.9629768133163452,0.23967890441417694,0.9710190296173096
4,V,5,0.3935919382654237,0.05855468288064003,0.6064080617345763,0.9928929209709167,0.1172170341014862,0.2467789351940155,0.961470901966095,0.13717475533485413,0.9900450706481934,0.12116381525993347,0.9923444986343384
4,V,6,0.23903996693925883,0.018806172534823418,0.7609600330607411,0.9981967806816101,0.05859658122062683,0.12673363089561462,0.9883995056152344,0.06876156479120255,0.9974352121353149,0.06060414761304855,0.998050332069397
4,V,7,0.13551979273458423,0.0055436063557863235,0.8644802072654157,0.9995495676994324,0.029181018471717834,0.06415383517742157,0.9968072175979614,0.03429196774959564,0.9993540048599243,0.03018985316157341,0.9995119571685791
4,V,8,0.07309507347272887,0.0015252670273184776,0.9269049265272712,0.9998883008956909,0.014517540112137794,0.03216094896197319,0.9991344213485718,0.017068304121494293,0.9998393058776855,0.01502079889178276,0.9998788833618164
4,V,9,0.038361903853642645,0.00040652340976521373,0.9616380961463573,0.9999721646308899,0.0072433967143297195,0.0161304771900177,0.9997644424438477,0.008518464863300323,0.9999598860740662,0.007494934368878603,0.9999698400497437
4,V,10,0.019848206693210628,0.00010640300752129406,0.9801517933067894,0.999993085861206,0.0036155430134385824,0.008080985397100449,0.9999368786811829,0.004252336453646421,0.9999899864196777,0.003741171443834901,0.9999924898147583
4,V,11,0.010153144346692735,2.7704034437192604e-05,0.9898468556533072,0.9999982714653015,0.00180723425000906,0.004043343476951122,0.999983549118042,0.002126042963936925,0.9999974966049194,0.0018699901411309838,0.9999980926513672
4,V,12,0.005049392429408165,6.8240710788813885e-06,0.9949506075705918,0.9999996423721313,0.0009052248205989599,0.002016112208366394,0.9999958276748657,0.001064435695298016,0.9999994039535522,0.0009366688318550587,0.9999995231628418
5,FFN1,4,0.9109192936873908,0.49169236421585083,0.08908070631260924,0.9378532767295837,0.3507479429244995,0.990277886390686,0.12280809134244919,0.5147612690925598,0.862942099571228,0.3924095630645752,0.9210869073867798
5,FFN1,5,0.7842766410083076,0.2794819176197052,0.21572335899169234,0.9762800931930542,0.21616487205028534,0.7364392876625061,0.7148265838623047,0.3207350969314575,0.947153627872467,0.24261288344860077,0.9695984125137329
5,FFN1,6,0.6055854111045167,0.12393669784069061,0.39441458889548336,0.9926677942276001,0.11868321895599365,0.4168490171432495,0.9128471612930298,0.1771228313446045,0.9832401275634766,0.13363352417945862,0.9904460906982422
5,FFN1,7,0.43721222997431003,0.04767562076449394,0.56278777002569,0.9979676008224487,0.06195536255836487,0.22052127122879028,0.9738651514053345,0.09272921085357666,0.9952516555786133,0.06988810747861862,0.9973142743110657
5,FFN1,8,0.30520860479868595,0.017101803794503212,0.694791395201314,0.999461829662323,0.031754739582538605,0.11383402347564697,0.9927119016647339,0.04760012775659561,0.9987264275550842,0.03585345298051834,0.9992827773094177
5,FFN1,9,0.20959922125142214,0.005899487063288689,0.7904007787485778,0.9998608231544495,0.016122503206133842,0.05801292136311531,0.9980642199516296,0.024186380207538605,0.9996683597564697,0.018211960792541504,0.9998136758804321
5,FFN1,10,0.143459788042533,0.0019886447116732597,0.856540211957467,0.9999644756317139,0.008135245181620121,0.029343992471694946,0.9994970560073853,0.012209651060402393,0.9999151229858398,0.009192042052745819,0.9999523162841797
5,FFN1,11,0.0990812185202378,0.0006732999463565648,0.9009187814797622,0.9999909400939941,0.004095659591257572,0.014792414382100105,0.9998711347579956,0.006148229353129864,0.9999784231185913,0.004628476686775684,0.9999878406524658
5,FFN1,12,0.06905885587289468,0.0002294700243510306,0.9309411441271054,0.9999977350234985,0.002058184938505292,0.007442696485668421,0.9999672174453735,0.0030871182680130005,0.9999945163726807,0.002326258458197117,0.9999969005584717
5,FFN2,4,0.2111698854818121,0.03576630726456642,0.788830114518188,0.9885112047195435,0.1508200466632843,0.19809339940547943,0.9804028272628784,0.15868288278579712,0.9872657060623169,0.15246766805648804,0.9882420301437378
5,FFN2,5,0.09972357678779697,0.007936360314488411,0.900276423212203,0.9974601864814758,0.0703839361667633,0.09246711432933807,0.9956103563308716,0.07405045628547668,0.9971799850463867,0.07115261256694794,0.9973993301391602
5,FFN2,6,0.04832637860160796,0.001866909209638834,0.9516736213983921,0.9994031190872192,0.03406040370464325,0.04475698620080948,0.9989646077156067,0.03583691269159317,0.9993368983268738,0.034432388842105865,0.9993887543678284
5,FFN2,7,0.023734037495505386,0.0004502168740145862,0.9762659625044946,0.9998555183410645,0.016755979508161545,0.022017356008291245,0.9997491240501404,0.017629072070121765,0.9998394250869751,0.016938988119363785,0.9998519420623779
5,FFN2,8,0.011819865030874205,0.0001115582708735019,0.9881801349691258,0.9999644756317139,0.008314807899296284,0.010925432667136192,0.9999382495880127,0.008748194202780724,0.9999604821205139,0.008405623957514763,0.9999635219573975
5,FFN2,9,0.00587425816783615,2.771117760858033e-05,0.9941257418321638,0.9999911785125732,0.004141400568187237,0.005442391149699688,0.9999847412109375,0.0043573807924985886,0.9999902248382568,0.00418662466108799,0.9999909996986389
5,FFN2,10,0.00289138821248913,6.841663889645133e-06,0.9971086117875109,0.9999978542327881,0.0020666136406362057,0.002715114038437605,0.9999961853027344,0.0021744719706475735,0.999997615814209,0.0020891819149255753,0.9999977350234985
5,FFN2,11,0.0014276803267628956,1.6975142216324457e-06,0.9985723196732371,0.9999995231628418,0.0010356961283832788,0.001357687753625214,0.9999990463256836,0.0010901766363531351,0.9999994039535522,0.0010470020351931453,0.999999463558197
5,FFN2,12,0.0006862896771153652,3.996037492015603e-07,0.9993137103228846,1.0,0.0005258144810795784,0.0006689042784273624,0.9999998807907104,0.0005540975835174322,0.9999998807907104,0.0005315261660143733,0.9999998807907104
5,K,4,0.6929189251564744,0.22798074781894684,0.30708107484352565,0.9651428461074829,0.26399534940719604,0.5795624852180481,0.8138617277145386,0.32390648126602173,0.9471703767776489,0.2771601676940918,0.9614137411117554
5,K,5,0.5012243608226153,0.0918528214097023,0.49877563917738466,0.9902278780937195,0.1379568874835968,0.317366361618042,0.9427382946014404,0.1702849566936493,0.9848014116287231,0.1450149416923523,0.989112138748169
5,K,6,0.33265866066401906,0.03318029269576073,0.6673413393359809,0.9974080920219421,0.07050805538892746,0.1663619577884674,0.9828462600708008,0.08732549846172333,0.9958958625793457,0.07416963577270508,0.9970998764038086
5,K,7,0.20406246831014682,0.01084208581596613,0.7959375316898532,0.9993356466293335,0.03555544465780258,0.08505910634994507,0.9952608346939087,0.04411791265010834,0.9989375472068787,0.03741812705993652,0.9992548227310181
5,K,8,0.11748872993585259,0.003274277551099658,0.8825112700641474,0.9998326301574707,0.01781519688665867,0.04291742295026779,0.9987398386001587,0.022127602249383926,0.9997309446334839,0.018752489238977432,0.9998120069503784
5,K,9,0.06430286455609728,0.000927056884393096,0.9356971354439028,0.9999582171440125,0.008899766951799393,0.02150227129459381,0.9996769428253174,0.011058352887630463,0.9999326467514038,0.009368734434247017,0.999953031539917
5,K,10,0.03381766290293201,0.0002492608909960836,0.966182337097068,0.9999895691871643,0.004446079023182392,0.010758950375020504,0.99991774559021,0.005525584332644939,0.9999831914901733,0.004680543206632137,0.999988317489624
5,K,11,0.017353085443314622,6.4687235862948e-05,0.9826469145566854,0.9999973773956299,0.0022233319468796253,0.005379528738558292,0.9999794363975525,0.0027631630655378103,0.9999958276748657,0.0023405817337334156,0.999997079372406
5,K,12,0.008762691438502373,1.632602470635902e-05,0.9912373085614976,0.9999992847442627,0.0011101154377683997,0.0026817303150892258,0.9999948740005493,0.0013777650892734528,0.999998927116394,0.0011686384677886963,0.9999992847442627
5,O,4,0.2896516937040933,0.08307760953903198,0.7103483062959067,0.975173830986023,0.2066899538040161,0.28128522634506226,0.9520418047904968,0.22505712509155273,0.9689346551895142,0.21580623090267181,0.9714373350143433
5,O,5,0.14126740454127037,0.020538175478577614,0.8587325954587296,0.9942108988761902,0.09694124013185501,0.13235634565353394,0.9887686967849731,0.10573673248291016,0.992704451084137,0.10138284415006638,0.993283212184906
5,O,6,0.06920347267798746,0.004981408827006817,0.9307965273220126,0.9986213445663452,0.04690878838300705,0.06402479857206345,0.9972546100616455,0.05116334557533264,0.9982384443283081,0.04905937239527702,0.9983816146850586
5,O,7,0.03414006430204867,0.0012175593292340636,0.9658599356979514,0.9996643662452698,0.02309238165616989,0.03152505308389664,0.999326229095459,0.025187956169247627,0.9995691776275635,0.02415163815021515,0.999604344367981
5,O,8,0.0169621202862296,0.0003014146932400763,0.9830378797137704,0.9999173283576965,0.011452320963144302,0.01563415676355362,0.9998335838317871,0.012491499073803425,0.999893844127655,0.011977633461356163,0.9999024868011475
5,O,9,0.008413593150722674,7.451611600117758e-05,0.9915864068492773,0.9999794960021973,0.005704978480935097,0.007789501454681158,0.9999586343765259,0.006222352851182222,0.9999736547470093,0.0059663886204361916,0.999975860118866
5,O,10,0.004188605213538329,1.8723851098911837e-05,0.9958113947864616,0.9999949336051941,0.0028457879088819027,0.003885346930474043,0.9999897480010986,0.003104192204773426,0.9999934434890747,0.002976491115987301,0.9999940395355225
5,O,11,0.0020568601921431683,4.492644166020909e-06,0.9979431398078569,0.9999986886978149,0.0014246322680264711,0.001942978473380208,0.9999973773956299,0.0015541319735348225,0.9999983906745911,0.0014898685039952397,0.9999985098838806
5,O,12,0.0010568651373677417,1.171496819551976e-06,0.9989431348626323,0.9999997615814209,0.0007152010221034288,0.0009615449816919863,0.999999463558197,0.0007799835875630379,0.9999996423721313,0.0007477294420823455,0.9999997615814209
5,Q,4,0.6395686209061504,0.20092959702014923,0.3604313790938496,0.9651628732681274,0.2632112503051758,0.5189052820205688,0.8580637574195862,0.31693410873413086,0.9487594962120056,0.27628305554389954,0.9612772464752197
5,Q,5,0.44530783841562754,0.07516510039567947,0.5546921615843724,0.990656852722168,0.13382118940353394,0.27100688219070435,0.9592419862747192,0.161981463432312,0.9858684539794922,0.14068259298801422,0.9895205497741699
5,Q,6,0.2927404652345644,0.02632276527583599,0.7072595347654357,0.9975664019584656,0.06760810315608978,0.13886046409606934,0.9885583519935608,0.08207179605960846,0.9962538480758667,0.07114245742559433,0.9972528219223022
5,Q,7,0.18328239118168307,0.008715774863958359,0.8167176088183169,0.9993804693222046,0.03395511209964752,0.07023720443248749,0.9969546794891357,0.041280604898929596,0.9990372657775879,0.03574680909514427,0.9992983341217041
5,Q,8,0.10970030756026035,0.0027559087611734867,0.8902996924397396,0.9998434782028198,0.017034444957971573,0.0353521928191185,0.999214768409729,0.020723529160022736,0.999755859375,0.017937107011675835,0.9998224973678589
5,Q,9,0.06244252119940554,0.0008240603492595255,0.9375574788005945,0.9999606609344482,0.008526552468538284,0.017726071178913116,0.9998008012771606,0.010377001017332077,0.9999386072158813,0.008979744277894497,0.999955415725708
5,Q,10,0.03396863997965493,0.00023303205671254545,0.9660313600203451,0.9999901056289673,0.004263876937329769,0.008873440325260162,0.9999498724937439,0.0051904646679759026,0.999984622001648,0.004490788094699383,0.999988853931427
5,Q,11,0.017809249060232537,6.262782699195668e-05,0.9821907509397675,0.9999975562095642,0.002131627406924963,0.004433746915310621,0.9999874830245972,0.0025948560796678066,0.9999961853027344,0.0022450354881584644,0.9999971985816956
5,Q,12,0.009098061655103355,1.616990084585268e-05,0.9909019383448966,0.9999994039535522,0.0010644973954185843,0.0022099942434579134,0.9999969005584717,0.0012942341854795814,0.9999990463256836,0.0011211271630600095,0.9999992847442627
5,V,4,0.5888934983191474,0.1518198847770691,0.4111065016808526,0.9752893447875977,0.22214514017105103,0.43994244933128357,0.8938905000686646,0.2567704916000366,0.9667162299156189,0.22866114974021912,0.9737492799758911
5,V,5,0.39824841650176035,0.05483105406165123,0.6017515834982397,0.9935575127601624,0.11193321645259857,0.22929540276527405,0.9693007469177246,0.12988914549350739,0.9911552667617798,0.11528506129980087,0.9931306838989258
5,V,6,0.24963625237425394,0.018248602747917175,0.7503637476257461,0.9983590841293335,0.05612806975841522,0.11693564057350159,0.9913573861122131,0.06526689231395721,0.9977229833602905,0.05782929062843323,0.9982467889785767
5,V,7,0.1458143989064524,0.005585918202996254,0.8541856010935476,0.9995884895324707,0.028021471574902534,0.058910202234983444,0.9976965188980103,0.03261665254831314,0.9994258284568787,0.028876330703496933,0.9995598793029785
5,V,8,0.0804186634241709,0.001591000589542091,0.9195813365758291,0.9998974800109863,0.013972477056086063,0.029502224177122116,0.9994012117385864,0.0162714421749115,0.9998565316200256,0.014399859122931957,0.9998902678489685
5,V,9,0.04256252533199819,0.00043039224692620337,0.9574374746680018,0.9999744892120361,0.006969687528908253,0.0147459227591753,0.9998475313186646,0.00811777450144291,0.9999642372131348,0.007183084264397621,0.9999727010726929
5,V,10,0.021875720223477894,0.00011185884795850143,0.978124279776522,0.999993622303009,0.00348029937595129,0.007371209096163511,0.9999614357948303,0.0040541402995586395,0.9999910593032837,0.003586888313293457,0.9999932646751404
5,V,11,0.011079480882785368,2.8544898668769747e-05,0.9889205191172147,0.9999984502792358,0.0017398283816874027,0.003683810355141759,0.9999903440475464,0.0020272783003747463,0.9999977946281433,0.0017931032925844193,0.9999983310699463
5,V,12,0.005544985655135144,7.123381692508701e-06,0.9944550143448648,0.9999996423721313,0.0008712622802704573,0.0018327317666262388,0.999997615814209,0.0010148141300305724,0.9999995231628418,0.0008979248814284801,0.9999996423721313
6,FFN1,4,0.9138657721480081,0.49938061833381653,0.08613422785199185,0.9377371072769165,0.35139986872673035,0.9908616542816162,0.11121708154678345,0.5206888318061829,0.8603042364120483,0.3948940932750702,0.9204810857772827
6,FFN1,5,0.7906588226508231,0.289357990026474,0.2093411773491769,0.9757676124572754,0.2188149392604828,0.7530422210693359,0.6936092972755432,0.3280441164970398,0.9448307156562805,0.24673518538475037,0.9687235355377197
6,FFN1,6,0.6114818238464234,0.12986749410629272,0.3885181761535767,0.9924330711364746,0.12085454165935516,0.43015480041503906,0.9078541994094849,0.18245738744735718,0.9822876453399658,0.13674458861351013,0.9900790452957153
6,FFN1,7,0.4397721891061655,0.050017453730106354,0.5602278108938344,0.99789959192276,0.06316626071929932,0.22768664360046387,0.9724178910255432,0.09565609693527222,0.9949793815612793,0.07159008085727692,0.9972161650657654
6,FFN1,8,0.30466232909445495,0.017873331904411316,0.695337670905545,0.9994441866874695,0.032375700771808624,0.11739844083786011,0.9923452734947205,0.049096543341875076,0.9986574053764343,0.03671989589929581,0.9992592930793762
6,FFN1,9,0.2071588251694753,0.006148254964500666,0.7928411748305247,0.9998562932014465,0.01643669605255127,0.05980515480041504,0.9979772567749023,0.02494458109140396,0.9996511340141296,0.018649153411388397,0.9998080134391785
6,FFN1,10,0.13974777816894624,0.0020659007132053375,0.8602522218310538,0.9999633431434631,0.008292928338050842,0.030222617089748383,0.9994796514511108,0.012590514495968819,0.999910831451416,0.009411023929715157,0.9999509453773499
6,FFN1,11,0.09447272575499399,0.0006922963657416403,0.905527274245006,0.999990701675415,0.004174741916358471,0.015231908299028873,0.9998674392700195,0.0063393739983439445,0.9999773502349854,0.00473824143409729,0.9999874830245972
6,FFN1,12,0.0641651839267771,0.000232041857088916,0.9358348160732229,0.999997615814209,0.0020962045527994633,0.007653860375285149,0.9999665021896362,0.0031808014027774334,0.9999942779541016,0.0023794244043529034,0.9999968409538269
6,FFN2,4,0.20460170287667376,0.033273953944444656,0.7953982971233262,0.9892317056655884,0.14668896794319153,0.1919674575328827,0.9817563891410828,0.15403181314468384,0.9881268739700317,0.14814412593841553,0.989010751247406
6,FFN2,5,0.0965733661156584,0.007379903923720121,0.9034266338843416,0.9976220726966858,0.06845676898956299,0.08968613296747208,0.9959192276000977,0.07188522815704346,0.9973738193511963,0.0691358745098114,0.9975723624229431
6,FFN2,6,0.04682539878822225,0.001731331693008542,0.9531746012117778,0.9994415044784546,0.03312557935714722,0.04339534789323807,0.9990390539169312,0.03478480130434036,0.9993829727172852,0.03345426172018051,0.9994297027587891
6,FFN2,7,0.02305621104110498,0.00041946503915823996,0.976943788958895,0.9998646974563599,0.0162966251373291,0.021346675232052803,0.9997672438621521,0.01711360365152359,0.9998505115509033,0.016458339989185333,0.9998618960380554
6,FFN2,8,0.0114418982280515,0.00010338031279388815,0.9885581017719485,0.9999667406082153,0.008085950277745724,0.010591691359877586,0.9999426603317261,0.008491444401443005,0.9999632239341736,0.008166175335645676,0.9999659657478333
6,FFN2,9,0.005699573945188414,2.5667281079222448e-05,0.9943004260548116,0.999991774559021,0.004026766400784254,0.005274041555821896,0.9999857544898987,0.004228429868817329,0.9999908804893494,0.0040667192079126835,0.9999915957450867
6,FFN2,10,0.00284342741822938,6.426008440030273e-06,0.9971565725817706,0.9999979734420776,0.0020103110000491142,0.0026333550922572613,0.9999964833259583,0.002111018169671297,0.9999977350234985,0.0020302613265812397,0.9999978542327881
6,FFN2,11,0.0014206537833872188,1.5965420061547775e-06,0.9985793462166128,0.9999995231628418,0.0010072204750031233,0.0013161832466721535,0.9999990463256836,0.0010582257527858019,0.9999994039535522,0.0010172122856602073,0.9999995231628418
6,FFN2,12,0.0007115634717089924,4.032709739476559e-07,0.999288436528291,1.0,0.0005125780589878559,0.0006486911443062127,0.9999998807907104,0.0005393292522057891,1.0,0.0005176439881324768,1.0
6,K,4,0.7107577074417797,0.2518988847732544,0.28924229255822026,0.9612585306167603,0.27829718589782715,0.6189925670623779,0.7776932716369629,0.34726083278656006,0.9391793012619019,0.29481610655784607,0.9562622308731079
6,K,5,0.5172891726742889,0.10416408628225327,0.48271082732571113,0.9888454675674438,0.14719699323177338,0.34718045592308044,0.9288017749786377,0.1850391924381256,0.9819400906562805,0.15621304512023926,0.9872933030128479
6,K,6,0.3424325576989223,0.037966109812259674,0.6575674423010777,0.9970039129257202,0.07557415962219238,0.1843516081571579,0.9779863953590393,0.09544050693511963,0.9950319528579712,0.0803028792142868,0.9965634346008301
6,K,7,0.2086465890544822,0.012420106679201126,0.7913534109455178,0.9992290735244751,0.038157425820827484,0.09479576349258423,0.9936127662658691,0.04830120503902435,0.9987053871154785,0.04057199880480766,0.9991123676300049
6,K,8,0.11878974837605055,0.0037170457653701305,0.8812102516239494,0.9998058080673218,0.019107520580291748,0.04796889051795006,0.9982529282569885,0.02421552687883377,0.9996718168258667,0.02032315731048584,0.9997760057449341
6,K,9,0.06405548353543825,0.0010357517749071121,0.9359445164645618,0.9999514222145081,0.00954910833388567,0.024091199040412903,0.9995369911193848,0.012107430025935173,0.9999176859855652,0.010157879441976547,0.9999439120292664
6,K,10,0.03340373573540734,0.00027464848244562745,0.9665962642645927,0.9999878406524658,0.00476982444524765,0.01205185055732727,0.999880850315094,0.006048579700291157,0.9999793767929077,0.005074203480035067,0.9999859929084778
6,K,11,0.017180771624737818,7.159207598306239e-05,0.9828192283752621,0.9999970197677612,0.002384023740887642,0.006026625633239746,0.9999698400497437,0.0030235382728278637,0.9999948740005493,0.002536170883104205,0.999996542930603
6,K,12,0.008680031255106134,1.819129283830989e-05,0.9913199687448939,0.9999992251396179,0.0011904696002602577,0.003006858518347144,0.9999925494194031,0.0015076149720698595,0.9999986886978149,0.0012664194218814373,0.9999991655349731
6,O,4,0.24076458986985516,0.05070919543504715,0.7592354101301448,0.9841268062591553,0.172079935669899,0.22833818197250366,0.9726088047027588,0.18274147808551788,0.9819449186325073,0.17545466125011444,0.9833102226257324
6,O,5,0.11436360394018741,0.011487926356494427,0.8856363960598126,0.9964381456375122,0.08023327589035034,0.10652739554643631,0.9936632513999939,0.08520577847957611,0.9959176778793335,0.08180823177099228,0.9962371587753296
6,O,6,0.05569054803493835,0.002726868260651827,0.9443094519650617,0.9991580247879028,0.03885161131620407,0.05158714950084686,0.9984897375106812,0.04126304015517235,0.9990323781967163,0.03961498290300369,0.9991090297698975
6,O,7,0.027362726420407896,0.0006588395917788148,0.9726372735795921,0.99979567527771,0.01912071369588375,0.025386523455381393,0.999632716178894,0.02030719257891178,0.9997650384902954,0.019496463239192963,0.9997837543487549
6,O,8,0.013619389479297066,0.00016352394595742226,0.9863806105207029,0.9999496936798096,0.009485787712037563,0.01259362418204546,0.999909520149231,0.010074151679873466,0.9999421834945679,0.009672269225120544,0.9999467134475708
6,O,9,0.006732359998516868,4.010554766864516e-05,0.9932676400014832,0.9999876022338867,0.004722377751022577,0.006269431672990322,0.9999775886535645,0.0050149522721767426,0.9999856948852539,0.004815114662051201,0.9999868273735046
6,O,10,0.0033363407954884535,1.0046466741187032e-05,0.9966636592045115,0.9999969005584717,0.0023582270368933678,0.003130866214632988,0.9999943971633911,0.002504435833543539,0.9999964237213135,0.0024045270401984453,0.9999967217445374
6,O,11,0.00164945468413702,2.5067122351174476e-06,0.998350545315863,0.9999992847442627,0.0011802548542618752,0.0015637064352631569,0.9999985694885254,0.001253793714568019,0.9999991059303284,0.0012034119572490454,0.9999991655349731
6,O,12,0.0008157226119367409,6.20414255081414e-07,0.9991842773880633,0.9999998807907104,0.0005951892235316336,0.0007713623344898224,0.9999997615814209,0.0006323629058897495,0.9999998807907104,0.0006067668437026441,0.9999998807907104
6,Q,4,0.6526435082532643,0.22364990413188934,0.34735649174673566,0.9624263048171997,0.2737991213798523,0.5537452697753906,0.8268760442733765,0.3417363166809082,0.939782977104187,0.2884327173233032,0.9580057263374329
6,Q,5,0.4513716233936533,0.08525495231151581,0.5486283766063467,0.9897552728652954,0.1403331309556961,0.29545992612838745,0.9495412707328796,0.17677217721939087,0.9828275442123413,0.14811375737190247,0.9884390234947205
6,Q,6,0.29078161632056204,0.02976665459573269,0.709218383679438,0.9973210096359253,0.07099006325006485,0.1523139476776123,0.9855337142944336,0.08990907669067383,0.9953560829162598,0.07501008361577988,0.9969563484191895
6,Q,7,0.1765217875052651,0.009662454016506672,0.823478212494735,0.9993172287940979,0.03566249832510948,0.07728073000907898,0.9960650205612183,0.04528883099555969,0.9987950921058655,0.037703391164541245,0.9992215633392334
6,Q,8,0.10167735577649031,0.0029536422807723284,0.8983226442235097,0.9998279809951782,0.01785803772509098,0.03887996822595596,0.9989715814590454,0.02271086722612381,0.9996935725212097,0.01888570562005043,0.9998034238815308
6,Q,9,0.05551470646671276,0.0008417399949394166,0.9444852935332873,0.9999569654464722,0.00891850609332323,0.019460728392004967,0.9997383952140808,0.011349465698003769,0.9999231100082397,0.009432947263121605,0.9999508857727051
6,Q,10,0.02925557701324814,0.0002278267638757825,0.9707444229867519,0.9999892711639404,0.004453355446457863,0.009719295427203178,0.9999345541000366,0.0056680236011743546,0.9999808073043823,0.0047104377299547195,0.9999877214431763
6,Q,11,0.015006079679565125,5.9085181419504806e-05,0.9849939203204349,0.9999973773956299,0.0022256372030824423,0.00485767237842083,0.9999836683273315,0.0028327354229986668,0.999995231628418,0.002354105468839407,0.9999969005584717
6,Q,12,0.00758076437069356,1.5064116269059014e-05,0.9924192356293065,0.9999994039535522,0.0011118961265310645,0.0024242806248366833,0.9999959468841553,0.0014140353305265307,0.9999988079071045,0.001176080433651805,0.9999992847442627
6,V,4,0.5884927113850912,0.15676890313625336,0.4115072886149089,0.9744440913200378,0.22601333260536194,0.4486786723136902,0.8890093564987183,0.2616533637046814,0.9654682874679565,0.23270830512046814,0.9728447198867798
6,V,5,0.3907073338826497,0.05575918033719063,0.6092926661173502,0.9933468103408813,0.11379905045032501,0.2339615821838379,0.9680190086364746,0.13226401805877686,0.9908400177955627,0.11724010109901428,0.9929054975509644
6,V,6,0.23828697204589844,0.017983023077249527,0.7617130279541016,0.998316764831543,0.05686359107494354,0.11908181011676788,0.990858793258667,0.06622735410928726,0.9976564049720764,0.05860382318496704,0.9982012510299683
6,V,7,0.13510799407958984,0.005296626593917608,0.8648920059204102,0.9995801448822021,0.028320545330643654,0.059907782822847366,0.9975346326828003,0.03301586955785751,0.9994124174118042,0.029192283749580383,0.9995509386062622
6,V,8,0.07293224334716797,0.001463587279431522,0.927067756652832,0.9998959898948669,0.014082113280892372,0.029925944283604622,0.9993619322776794,0.016424231231212616,0.9998540878295898,0.014516551047563553,0.9998886585235596
6,V,9,0.03816827138264974,0.0003900346637237817,0.9618317286173502,0.9999740719795227,0.007023319602012634,0.014953933656215668,0.9998369216918945,0.008191833272576332,0.999963641166687,0.0072401342913508415,0.9999723434448242
6,V,10,0.019488970438639324,0.0001003880170173943,0.9805110295613607,0.9999935626983643,0.003506541484966874,0.007467753253877163,0.9999590516090393,0.004090253263711929,0.9999909400939941,0.0036148065701127052,0.999993085861206
6,V,11,0.009832064310709635,2.5384415494045243e-05,0.9901679356892904,0.9999983310699463,0.0017529218457639217,0.003733163932338357,0.9999896287918091,0.0020453613251447678,0.9999977350234985,0.0018070561345666647,0.9999982714653015
6,V,12,0.0049673716227213545,6.408522040146636e-06,0.9950326283772787,0.9999996423721313,0.0008779463823884726,0.0018587488448247313,0.9999973773956299,0.0010239288676530123,0.9999995231628418,0.0009050429798662663,0.9999996423721313
7,FFN1,4,0.9264758944405613,0.5574114918708801,0.07352410555943863,0.9270210266113281,0.37945935130119324,0.9937468767166138,0.07883326709270477,0.5850784182548523,0.8182238340377808,0.443511426448822,0.8978310823440552
7,FFN1,5,0.8149695250860748,0.347747266292572,0.18503047491392527,0.9694182872772217,0.2448941320180893,0.8130499124526978,0.5696064233779907,0.3836268186569214,0.9221980571746826,0.28780412673950195,0.9564311504364014
7,FFN1,6,0.6371841729235239,0.1685057282447815,0.362815827076476,0.9896496534347534,0.14023412764072418,0.49976420402526855,0.8678691387176514,0.2224721610546112,0.9726487398147583,0.16610348224639893,0.9847979545593262
7,FFN1,7,0.45403379134391636,0.06729075312614441,0.5459662086560836,0.9970163106918335,0.07435465604066849,0.2695894241333008,0.9602236747741699,0.11870665848255157,0.9918392896652222,0.08845147490501404,0.9955162405967712
7,FFN1,8,0.3062199121946636,0.02407687157392502,0.6937800878053364,0.9992024898529053,0.03821374475955963,0.13957829773426056,0.9886471033096313,0.061173245310783386,0.997774600982666,0.04553912207484245,0.9987869262695312
7,FFN1,9,0.20001952721137678,0.00811648741364479,0.7999804727886232,0.9997931122779846,0.019413745030760765,0.07116875052452087,0.9969639778137207,0.031114231795072556,0.9994178414344788,0.02315250225365162,0.9996837973594666
7,FFN1,10,0.12799703544332683,0.0026245389599353075,0.8720029645566731,0.9999473094940186,0.009785719215869904,0.035938363522291183,0.9992170333862305,0.01569419726729393,0.9998511075973511,0.011674982495605946,0.9999192357063293
7,FFN1,11,0.0814441315616304,0.00083292240742594,0.9185558684383696,0.9999866485595703,0.004918974824249744,0.018082667142152786,0.9998009204864502,0.007891486398875713,0.9999622106552124,0.005869870074093342,0.9999794960021973
7,FFN1,12,0.05176676519758758,0.00026209879433736205,0.9482332348024124,0.9999966621398926,0.0024660355411469936,0.00907205045223236,0.9999499320983887,0.003955238498747349,0.9999904036521912,0.002942869905382395,0.9999948740005493
7,FFN2,4,0.20112061953363325,0.03232501447200775,0.7988793804663668,0.9894522428512573,0.14513525366783142,0.18938100337982178,0.982239842414856,0.15227097272872925,0.9883853197097778,0.14654339849948883,0.9892403483390808
7,FFN2,5,0.0948740344952179,0.007162830792367458,0.9051259655047821,0.9976707696914673,0.06773801147937775,0.08843392133712769,0.9960300922393799,0.07107429206371307,0.9974313974380493,0.06839516758918762,0.9976232051849365
7,FFN2,6,0.046013638301396785,0.0016839083982631564,0.9539863616986032,0.9994534254074097,0.03276623785495758,0.04277077317237854,0.9990664124488831,0.03437957912683487,0.9993970394134521,0.03308415412902832,0.9994422197341919
7,FFN2,7,0.022627840091322297,0.0004079814243596047,0.9773721599086777,0.9998676180839539,0.016125017777085304,0.021050404757261276,0.9997737407684326,0.01691792905330658,0.9998539686203003,0.016281437128782272,0.999864935874939
7,FFN2,8,0.011173701325649677,9.99289914034307e-05,0.9888262986743503,0.9999673962593079,0.008001245558261871,0.010444683954119682,0.999944269657135,0.008394787088036537,0.9999640583992004,0.00807887315750122,0.9999667406082153
7,FFN2,9,0.0055575354140566975,2.470112121955026e-05,0.9944424645859433,0.9999919533729553,0.003982399124652147,0.005199540872126818,0.9999861717224121,0.004178554750978947,0.9999911189079285,0.00402102991938591,0.999991774559021
7,FFN2,10,0.0027545737969004247,6.104860858613392e-06,0.9972454262030995,0.9999979734420776,0.001988362055271864,0.0025955033488571644,0.999996542930603,0.002086277585476637,0.9999977350234985,0.002007649280130863,0.9999979734420776
7,FFN2,11,0.0013824082370904299,1.5348673514381517e-06,0.9986175917629095,0.9999995231628418,0.0009960024617612362,0.0012969064991921186,0.9999991655349731,0.0010455059818923473,0.9999994039535522,0.001005662837997079,0.9999995231628418
7,FFN2,12,0.0006830806158745251,3.8079514297351125e-07,0.9993169193841255,1.0,0.0005076059023849666,0.0006401794962584972,0.9999998807907104,0.0005336725153028965,1.0,0.0005125112365931273,1.0
7,K,4,0.754510801477687,0.26921337842941284,0.24548919852231296,0.9615087509155273,0.27703428268432617,0.6710294485092163,0.7294005155563354,0.35298871994018555,0.9372851848602295,0.295904278755188,0.955843985080719
7,K,5,0.5829787518115844,0.12011643499135971,0.41702124818841557,0.9885154962539673,0.14956700801849365,0.39009416103363037,0.9097999334335327,0.19209834933280945,0.980690598487854,0.16004019975662231,0.9867067933082581
7,K,6,0.41443106792166007,0.04802469164133072,0.5855689320783399,0.9967913627624512,0.07845581322908401,0.2138848602771759,0.970291018486023,0.10130038112401962,0.9944723844528198,0.0840626060962677,0.9962595105171204
7,K,7,0.27124953945463165,0.017247937619686127,0.7287504605453684,0.9991477131843567,0.040246568620204926,0.11275938153266907,0.9910638332366943,0.052143268287181854,0.9985082745552063,0.043163593858480453,0.9990016222000122
7,K,8,0.16425869123417258,0.005605392623692751,0.8357413087658274,0.9997808337211609,0.020349960774183273,0.05790555477142334,0.997466504573822,0.026417288929224014,0.9996126890182495,0.021838046610355377,0.9997424483299255
7,K,9,0.09324871484397725,0.0016755147371441126,0.9067512851560228,0.9999447464942932,0.01020355336368084,0.029269732534885406,0.9993130564689636,0.013257063925266266,0.9999018907546997,0.010952817276120186,0.99993497133255
7,K,10,0.05019125944495501,0.0004653306386899203,0.9498087405550449,0.9999861717224121,0.005106841679662466,0.014714663848280907,0.9998199939727783,0.006638320162892342,0.999975323677063,0.005482648964971304,0.9999836683273315
7,K,11,0.026173282042593015,0.00012402173888403922,0.9738267179574069,0.999996542930603,0.0025528392288833857,0.007361052557826042,0.9999544024467468,0.0033186674118041992,0.9999938011169434,0.0027407673187553883,0.9999959468841553
7,K,12,0.013287230582946327,3.1693369237473235e-05,0.9867127694170537,0.9999991655349731,0.0012753827031701803,0.0036763425450772047,0.9999885559082031,0.0016555632464587688,0.9999984502792358,0.0013692615320906043,0.9999989867210388
7,O,4,0.21747492379935648,0.03930968791246414,0.7825250762006435,0.9874088764190674,0.15625044703483582,0.2051869034767151,0.9786053895950317,0.1646530032157898,0.9859733581542969,0.158304825425148,0.9870195388793945
7,O,5,0.10267195777472579,0.008757399395108223,0.8973280422252742,0.9972018599510193,0.07291776686906815,0.09581026434898376,0.9951558113098145,0.07683991640806198,0.9968726634979248,0.07387640327215195,0.9971107244491577
7,O,6,0.04978053579002348,0.002059113932773471,0.9502194642099765,0.9993425011634827,0.03525712341070175,0.04633081704378128,0.9988565444946289,0.037150897085666656,0.999264657497406,0.035720858722925186,0.9993207454681396
7,O,7,0.024493681994611657,0.0004990943125449121,0.9755063180053883,0.9998403787612915,0.01736564002931118,0.02282004803419113,0.9997220635414124,0.018298935145139694,0.9998214244842529,0.01759403385221958,0.9998350143432617
7,O,8,0.012143721600229406,0.00012273158063180745,0.9878562783997706,0.9999607801437378,0.008609306067228317,0.01131448708474636,0.9999316930770874,0.009072097018361092,0.9999561309814453,0.00872247014194727,0.9999594688415527
7,O,9,0.006005645433841314,3.0237761166063137e-05,0.9939943545661587,0.9999902844429016,0.004289529286324978,0.005636831745505333,0.9999830722808838,0.004520007874816656,0.9999890923500061,0.004345928318798542,0.999989926815033
7,O,10,0.0030024695683005323,7.552863280579913e-06,0.9969975304316995,0.999997615814209,0.0021405022125691175,0.002812810707837343,0.9999958276748657,0.0022556534968316555,0.9999972581863403,0.0021686574909836054,0.9999974966049194
7,O,11,0.0014931123658873972,1.8999642179551302e-06,0.9985068876341125,0.9999994039535522,0.001072099432349205,0.0014055201318114996,0.999998927116394,0.001130132470279932,0.9999992847442627,0.0010861906921491027,0.9999994039535522
7,O,12,0.0007341959812393327,4.693252719789598e-07,0.9992658040187606,0.9999998807907104,0.0005436362698674202,0.0006934250704944134,0.9999998807907104,0.0005735135637223721,0.9999998807907104,0.0005507247406058013,0.9999998807907104
7,Q,4,0.6614002618155554,0.1982361376285553,0.33859973818444455,0.9679970741271973,0.2529757022857666,0.5056465864181519,0.8751932382583618,0.3024563491344452,0.9540233612060547,0.2641274929046631,0.9649362564086914
7,Q,5,0.4775056695974157,0.07682593166828156,0.5224943304025843,0.9914079904556274,0.1291355937719345,0.26391372084617615,0.9632292985916138,0.1548965871334076,0.9874166250228882,0.13493062555789948,0.9905333518981934
7,Q,6,0.32534842513302176,0.028052520006895065,0.6746515748669782,0.9977561235427856,0.06555601954460144,0.1355302929878235,0.9898216724395752,0.07876969873905182,0.9966775178909302,0.06852461397647858,0.9975199103355408
7,Q,7,0.20917746809480545,0.009654713794589043,0.7908225319051946,0.9994243383407593,0.03312791883945465,0.06891225278377533,0.9973033666610718,0.039843544363975525,0.9991434812545776,0.03463449329137802,0.9993630647659302
7,Q,8,0.12621665078268102,0.0030958685092628,0.873783349217319,0.9998540878295898,0.016652852296829224,0.03475447744131088,0.9993054270744324,0.020040743052959442,0.9997822046279907,0.017412856221199036,0.9998384118080139
7,Q,9,0.07165849791113403,0.0009238232159987092,0.928341502088866,0.9999634027481079,0.008336661383509636,0.017429228872060776,0.9998242855072021,0.01003599725663662,0.9999452829360962,0.008717745542526245,0.9999594688415527
7,Q,10,0.03850398922220181,0.0002564414171501994,0.9614960107777982,0.9999908804893494,0.004166167229413986,0.008716003969311714,0.999955952167511,0.005015948787331581,0.9999863505363464,0.00435671117156744,0.9999898672103882
7,Q,11,0.019859962374345383,6.715259951306507e-05,0.9801400376256546,0.9999977350234985,0.002083417261019349,0.004356375429779291,0.9999890327453613,0.002508437028154731,0.999996542930603,0.002178716938942671,0.9999974966049194
7,Q,12,0.010076847125274102,1.7168182239402086e-05,0.9899231528747259,0.9999994039535522,0.0010406955843791366,0.002171785570681095,0.9999972581863403,0.0012514919508248568,0.9999991655349731,0.0010882641654461622,0.9999994039535522
7,V,4,0.6480286738351254,0.17563077807426453,0.35197132616487453,0.9746683835983276,0.224766343832016,0.49762803316116333,0.858925461769104,0.2647002339363098,0.9646188616752625,0.23210139572620392,0.9729281663894653
7,V,5,0.4607414824881387,0.06912233680486679,0.5392585175118614,0.9930480122566223,0.11645805090665817,0.2711683511734009,0.9556241631507874,0.13784188032150269,0.9900858998298645,0.12034507095813751,0.9925419092178345
7,V,6,0.29799076524489587,0.024162016808986664,0.7020092347551041,0.9981825351715088,0.05918845906853676,0.14196205139160156,0.9867104291915894,0.07025925815105438,0.9973725080490112,0.061192676424980164,0.9980453252792358
7,V,7,0.17731302005102162,0.007578703574836254,0.8226869799489783,0.9995404481887817,0.0296713225543499,0.07237352430820465,0.9962088465690613,0.035274408757686615,0.9993309378623962,0.030683740973472595,0.9995051026344299
7,V,8,0.09926423956321674,0.0021973976399749517,0.9007357604367833,0.9998850226402283,0.014819182455539703,0.03646837919950485,0.9989917278289795,0.01763131469488144,0.9998319149017334,0.015326817519962788,0.999876081943512
7,V,9,0.053149909798218216,0.0006002839072607458,0.9468500902017818,0.9999713897705078,0.007395679596811533,0.018270116299390793,0.9997364282608032,0.008800927549600601,0.9999580979347229,0.007649325765669346,0.9999691247940063
7,V,10,0.027778016196584255,0.0001599554088898003,0.9722219838034157,0.999992847442627,0.0036946614272892475,0.009137668646872044,0.9999327063560486,0.0043968576937913895,0.9999895095825195,0.0038214458618313074,0.9999922513961792
7,V,11,0.014182740067869888,4.107935092179105e-05,0.9858172599321301,0.9999982118606567,0.001847165054641664,0.004569376818835735,0.9999830722808838,0.002199008595198393,0.9999973773956299,0.0019105378305539489,0.9999980926513672
7,V,12,0.007174498724459385,1.0427920642541721e-05,0.9928255012755406,0.9999996423721313,0.0009251157753169537,0.0022769737988710403,0.9999958276748657,0.0011008549481630325,0.9999994039535522,0.0009568351088091731,0.9999995231628418
8,FFN1,4,0.9276143158059844,0.5653778314590454,0.07238568419401561,0.9288482666015625,0.37447986006736755,0.9941400289535522,0.07347624748945236,0.5925962328910828,0.8096469044685364,0.4360872805118561,0.9009391069412231
8,FFN1,5,0.8090269721884003,0.34519147872924805,0.1909730278115998,0.9704347848892212,0.24124079942703247,0.8047666549682617,0.5958572626113892,0.3890630304813385,0.9193488359451294,0.28278815746307373,0.958031415939331
8,FFN1,6,0.6261718145704189,0.16207760572433472,0.3738281854295811,0.9903161525726318,0.1360727846622467,0.48372817039489746,0.8755878210067749,0.22240443527698517,0.9724822044372559,0.16076239943504333,0.9857932329177856
8,FFN1,7,0.44552086904106175,0.06424662470817566,0.5544791309589383,0.9972436428070068,0.07177285850048065,0.2598903775215149,0.9623826146125793,0.11815884709358215,0.9918134808540344,0.0851951539516449,0.9958369731903076
8,FFN1,8,0.3016481299305557,0.023241139948368073,0.6983518700694443,0.9992623329162598,0.03690241277217865,0.13478681445121765,0.9892956018447876,0.060986220836639404,0.9977434277534485,0.043913908302783966,0.9988641142845154
8,FFN1,9,0.19815417162838878,0.007969900965690613,0.8018458283716112,0.9998084306716919,0.018749769777059555,0.06879909336566925,0.9971141815185547,0.0310483630746603,0.9994048476219177,0.022339528426527977,0.999701976776123
8,FFN1,10,0.12751672984701304,0.002642168430611491,0.872483270152987,0.9999511241912842,0.009461501613259315,0.03480437397956848,0.9992496967315674,0.0156862810254097,0.9998467564582825,0.011280573904514313,0.9999234676361084
8,FFN1,11,0.08092150666535851,0.0008540524286217988,0.9190784933346415,0.9999876022338867,0.0047592222690582275,0.01752614602446556,0.9998084306716919,0.00789534579962492,0.9999609589576721,0.00567661365494132,0.9999805092811584
8,FFN1,12,0.050962521619904604,0.00027177523588761687,0.9490374783800954,0.9999969005584717,0.0023873960599303246,0.008799993433058262,0.9999516010284424,0.003959736321121454,0.9999901056289673,0.0028479851316660643,0.9999951124191284
8,FFN2,4,0.2000543908227848,0.03205782547593117,0.7999456091772152,0.9895236492156982,0.14458602666854858,0.18835344910621643,0.9824222326278687,0.15161283314228058,0.988479733467102,0.14598384499549866,0.9893130660057068
8,FFN2,5,0.09444330639692586,0.007100817281752825,0.9055566936030741,0.997687816619873,0.0674605444073677,0.08794444799423218,0.9960724115371704,0.0707392543554306,0.9974536895751953,0.0681125819683075,0.9976404905319214
8,FFN2,6,0.04589773112567812,0.001671509467996657,0.9541022688743219,0.999457597732544,0.03262725844979286,0.04253397881984711,0.9990763068199158,0.03421226888895035,0.9994024634361267,0.03294257074594498,0.9994463920593262
8,FFN2,7,0.02264565438517179,0.0004064945096615702,0.9773543456148283,0.9998686909675598,0.016049595549702644,0.02092212252318859,0.9997762441635132,0.01682955026626587,0.9998552799224854,0.016204725950956345,0.9998659491539001
8,FFN2,8,0.011206981803797469,9.974058775696903e-05,0.9887930181962026,0.9999676942825317,0.00796530768275261,0.0103832446038723,0.9999449253082275,0.008352570235729218,0.9999643564224243,0.008042292669415474,0.9999669790267944
8,FFN2,9,0.005549276672694394,2.4486482288921252e-05,0.9944507233273056,0.9999920129776001,0.003968595061451197,0.005173108074814081,0.9999863505363464,0.004161435645073652,0.9999911785125732,0.004006951116025448,0.999991774559021
8,FFN2,10,0.0027824084538878844,6.146374289528467e-06,0.9972175915461121,0.9999979734420776,0.00198034243658185,0.002581528853625059,0.9999966025352478,0.0020766158122569323,0.9999978542327881,0.0019994827453047037,0.9999979734420776
8,FFN2,11,0.0013940297242314647,1.5449037391590537e-06,0.9986059702757686,0.9999995231628418,0.0009922796161845326,0.0012902225134894252,0.9999991059303284,0.0010409493697807193,0.9999994039535522,0.001001870259642601,0.9999995231628418
8,FFN2,12,0.00069436595840868,3.777115864522784e-07,0.9993056340415913,1.0,0.0005058344686403871,0.0006369794718921185,0.9999998807907104,0.0005315032321959734,0.9999998807907104,0.0005107020260766149,1.0
8,K,4,0.7178456067782235,0.24521958827972412,0.2821543932217765,0.9637916684150696,0.2685708999633789,0.6188269853591919,0.7745682001113892,0.33407241106033325,0.9435768127441406,0.28372910618782043,0.9593578577041626
8,K,5,0.5318240238088502,0.10319636762142181,0.4681759761911498,0.9895249009132385,0.1426384598016739,0.3502751588821411,0.9272741079330444,0.1787111759185791,0.9831820130348206,0.15092939138412476,0.9881471991539001
8,K,6,0.3600208028620466,0.03862249478697777,0.6399791971379535,0.9971586465835571,0.07367558777332306,0.18766817450523376,0.9772453308105469,0.09272567927837372,0.9953388571739197,0.07804152369499207,0.9967663288116455
8,K,7,0.2238218201804928,0.0129221947863698,0.7761781798195072,0.9992649555206299,0.03731449693441391,0.09705359488725662,0.993424117565155,0.04707023501396179,0.9987802505493164,0.03954911231994629,0.9991607069969177
8,K,8,0.12937129516571877,0.003933879546821117,0.8706287048342812,0.9998139142990112,0.01873713545501232,0.049325574189424515,0.9981675148010254,0.023665569722652435,0.9996892213821411,0.019865209236741066,0.9997871518135071
8,K,9,0.07075293708501167,0.001116275554522872,0.9292470629149884,0.9999533891677856,0.009366940706968307,0.0247777309268713,0.9995210766792297,0.011836342513561249,0.999921977519989,0.00993246491998434,0.999946653842926
8,K,10,0.03710246395023589,0.0002985949395224452,0.9628975360497641,0.9999883770942688,0.00467957928776741,0.012403737753629684,0.9998772144317627,0.005914431065320969,0.9999805092811584,0.004962355829775333,0.9999866485595703
8,K,11,0.01903474592947054,7.751623343210667e-05,0.9809652540705295,0.999997079372406,0.0023393165320158005,0.006201426964253187,0.9999692440032959,0.0029567107558250427,0.9999951720237732,0.0024806270375847816,0.9999966621398926
8,K,12,0.009599707030598073,1.9600545783760026e-05,0.9904002929694019,0.9999992847442627,0.0011681191390380263,0.0030952072702348232,0.9999922513961792,0.0014744715299457312,0.9999988079071045,0.0012386792805045843,0.9999991655349731
8,O,4,0.20517306222047224,0.0340392179787159,0.7948269377795277,0.9889487624168396,0.14799025654792786,0.19332587718963623,0.9813562035560608,0.1553775519132614,0.9878101348876953,0.14954373240470886,0.9886995553970337
8,O,5,0.09677182413212868,0.0075345695950090885,0.9032281758678713,0.9975564479827881,0.06907205283641815,0.09028815478086472,0.9958244562149048,0.07252533733844757,0.9972995519638062,0.06979693472385406,0.9975000619888306
8,O,6,0.04702193139662792,0.0017753404099494219,0.9529780686033721,0.9994263052940369,0.03341381624341011,0.04367488622665405,0.9990170001983643,0.03508441150188446,0.9993656873703003,0.03376451134681702,0.9994129538536072
8,O,7,0.023122518129024626,0.0004309400974307209,0.9768774818709753,0.999860942363739,0.016445443034172058,0.021495649591088295,0.9997615814208984,0.0172676220536232,0.9998462200164795,0.016618093475699425,0.9998576641082764
8,O,8,0.011451434342649601,0.00010565720731392503,0.9885485656573504,0.9999657869338989,0.008156122639775276,0.010660373605787754,0.999941349029541,0.008563433773815632,0.9999622106552124,0.008241730742156506,0.9999649524688721
8,O,9,0.005710532402707126,2.615395533211995e-05,0.9942894675972929,0.9999915361404419,0.004062767140567303,0.005311470478773117,0.9999854564666748,0.004265868104994297,0.9999906420707703,0.004105431493371725,0.9999912977218628
8,O,10,0.0028716869395098853,6.56840256851865e-06,0.9971283130604901,0.9999978542327881,0.0020280717872083187,0.002650666516274214,0.9999964237213135,0.0021293358877301216,0.9999976754188538,0.002049359492957592,0.9999978542327881
8,O,11,0.0014482031651414215,1.6778193412392284e-06,0.9985517968348586,0.9999995231628418,0.0010162058752030134,0.0013250169577077031,0.9999990463256836,0.0010674321092665195,0.9999994039535522,0.001026869285851717,0.9999995231628418
8,O,12,0.0007165091982618737,4.0746559193394205e-07,0.9992834908017382,0.9999999403953552,0.0005170503281988204,0.0006536465371027589,0.9999998807907104,0.0005438466905616224,0.9999998807907104,0.0005224492633715272,1.0
8,Q,4,0.6419163652524091,0.23497051000595093,0.35808363474759086,0.9575925469398499,0.2891159653663635,0.5554201602935791,0.8269608020782471,0.3596080243587494,0.9321820735931396,0.30767524242401123,0.9513119459152222
8,Q,5,0.43567748748619556,0.08746673911809921,0.5643225125138045,0.9885041117668152,0.14722499251365662,0.2912769913673401,0.9527193903923035,0.18460002541542053,0.9808849692344666,0.15705516934394836,0.98663330078125
8,Q,6,0.27730736879181467,0.030058858916163445,0.7226926312081853,0.9970142841339111,0.07411881536245346,0.1485501229763031,0.9866372346878052,0.09330317378044128,0.9948928952217102,0.07916425913572311,0.9964984655380249
8,Q,7,0.16732576200215785,0.009726112708449364,0.8326742379978421,0.9992398023605347,0.037184350192546844,0.075055792927742,0.9964313507080078,0.04691348224878311,0.9986798763275146,0.03974413871765137,0.9991044402122498
8,Q,8,0.095724484586388,0.0029482729732990265,0.904275515413612,0.9998085498809814,0.01860877498984337,0.0376882441341877,0.9990814328193665,0.023505359888076782,0.9996652007102966,0.019897181540727615,0.9997739791870117
8,Q,9,0.0524438555678403,0.000849844072945416,0.9475561444321597,0.9999520778656006,0.009297596290707588,0.018857860937714577,0.9997681379318237,0.011749634519219398,0.9999160170555115,0.009943002834916115,0.9999433755874634
8,Q,10,0.02752432983673721,0.00022929871920496225,0.9724756701632628,0.9999880790710449,0.004644249565899372,0.009425063617527485,0.999941885471344,0.005870030261576176,0.9999790191650391,0.004966891370713711,0.9999858736991882
8,Q,11,0.014097222707890007,5.9725571190938354e-05,0.98590277729211,0.9999970197677612,0.0023217047564685345,0.004711650311946869,0.9999854564666748,0.002934864256531,0.9999947547912598,0.0024830379988998175,0.9999964833259583
8,Q,12,0.007146521979345944,1.5281491869245656e-05,0.992853478020654,0.9999992847442627,0.0011581692378968,0.00234774686396122,0.9999964237213135,0.0014629093930125237,0.9999986886978149,0.0012386083835735917,0.9999991655349731
8,V,4,0.5810216267903646,0.15622560679912567,0.41897837320963544,0.9742441773414612,0.22673478722572327,0.45448172092437744,0.8834018707275391,0.262830913066864,0.9650865793228149,0.23347342014312744,0.9726223349571228
8,V,5,0.37929217020670575,0.05443233251571655,0.6207078297932943,0.9933077096939087,0.11399828642606735,0.23805445432662964,0.9648646712303162,0.13276031613349915,0.9907335042953491,0.1174723207950592,0.9928576350212097
8,V,6,0.22745800018310547,0.017130455002188683,0.7725419998168945,0.9983128309249878,0.056822940707206726,0.12162332236766815,0.9897134304046631,0.06634551286697388,0.9976311922073364,0.05858031287789345,0.9981946349143982
8,V,7,0.12802918752034506,0.004997617565095425,0.8719708124796549,0.9995800256729126,0.02826196700334549,0.06134285032749176,0.997043251991272,0.0330381840467453,0.999406635761261,0.029142066836357117,0.9995501637458801
8,V,8,0.0686489741007487,0.00137063127476722,0.9313510258992513,0.9998958706855774,0.014060843735933304,0.03073381632566452,0.9992332458496094,0.016444947570562363,0.9998524188995361,0.014499872922897339,0.9998883008956909
8,V,9,0.03571923573811849,0.00036249481490813196,0.9642807642618815,0.9999741315841675,0.007006901316344738,0.0153649328276515,0.9997974634170532,0.008196597918868065,0.9999632835388184,0.007225926034152508,0.9999722242355347
8,V,10,0.01821104685465495,9.332396439276636e-05,0.9817889531453451,0.9999935626983643,0.0035008161794394255,0.007687736302614212,0.9999473094940186,0.004095360171049833,0.9999908804893494,0.0036102933809161186,0.999993085861206
8,V,11,0.009180704752604166,2.3719696400803514e-05,0.9908192952473959,0.9999983906745911,0.0017488922458142042,0.003840604331344366,0.9999865293502808,0.002046479843556881,0.9999977350234985,0.001803568098694086,0.9999983310699463
8,V,12,0.0045808156331380205,5.904931640543509e-06,0.9954191843668619,0.9999996423721313,0.0008760219207033515,0.001913280924782157,0.9999966621398926,0.001024708733893931,0.999999463558197,0.0009033973328769207,0.9999996423721313
9,FFN1,4,0.920808706993726,0.5783242583274841,0.07919129300627402,0.9214562177658081,0.39194852113723755,0.9864343404769897,0.11607286334037781,0.6148526668548584,0.7882770895957947,0.454224556684494,0.8909913301467896
9,FFN1,5,0.7817667396521434,0.3343084752559662,0.2182332603478566,0.9685465693473816,0.24779242277145386,0.759250283241272,0.6624555587768555,0.39653265476226807,0.9148656725883484,0.28958481550216675,0.9552552700042725
9,FFN1,6,0.5877319041347322,0.14873039722442627,0.4122680958652678,0.9900918006896973,0.13671641051769257,0.4390089809894562,0.8978147506713867,0.22147001326084137,0.9721131324768066,0.16098953783512115,0.9854331016540527
9,FFN1,7,0.4091622447652283,0.05689482018351555,0.5908377552347718,0.9972338080406189,0.0713801234960556,0.23232173919677734,0.9700523614883423,0.11629781126976013,0.9919008016586304,0.08435991406440735,0.9958335161209106
9,FFN1,8,0.27238582609471024,0.020118320360779762,0.7276141739052897,0.9992669820785522,0.03651721403002739,0.11960534751415253,0.9916256666183472,0.05967090651392937,0.9977969527244568,0.04323618859052658,0.9988796710968018
9,FFN1,9,0.17634374082155163,0.006797839421778917,0.8236562591784484,0.9998107552528381,0.01850154995918274,0.06082005426287651,0.9977731108665466,0.030282609164714813,0.9994232654571533,0.02192741632461548,0.9997084140777588
9,FFN1,10,0.11194678825017985,0.0022225959692150354,0.8880532117498201,0.9999517798423767,0.009322823956608772,0.030700378119945526,0.999426007270813,0.01527341641485691,0.9998520612716675,0.011055650189518929,0.9999253749847412
9,FFN1,11,0.07019797164081173,0.0007123163668438792,0.9298020283591882,0.999987781047821,0.0046844216994941235,0.01544029451906681,0.9998539686203003,0.007678818888962269,0.9999624490737915,0.0055570704862475395,0.9999810457229614
9,FFN1,12,0.043637080116448644,0.00022506911773234606,0.9563629198835514,0.9999969005584717,0.0023485622368752956,0.007746769115328789,0.9999632239341736,0.003848790656775236,0.9999905228614807,0.0027865932788699865,0.999995231628418
9,FFN2,4,0.19873292192202585,0.03145749866962433,0.8012670780779741,0.9897364377975464,0.1433892846107483,0.18656541407108307,0.9828211069107056,0.15026426315307617,0.9887299537658691,0.14472880959510803,0.9895398020744324
9,FFN2,5,0.0936153786931134,0.0069378516636788845,0.9063846213068866,0.9977360963821411,0.06691030412912369,0.08713888376951218,0.9961643815040588,0.07012267410755157,0.9975109100341797,0.06753537058830261,0.9976919889450073
9,FFN2,6,0.045479620024905056,0.001630579587072134,0.954520379975095,0.9994686841964722,0.032370425760746,0.042154595255851746,0.9990977048873901,0.03392218053340912,0.9994156956672668,0.03267281502485275,0.9994582533836365
9,FFN2,7,0.02257205760511719,0.00040027647628448904,0.9774279423948828,0.9998712539672852,0.015932723879814148,0.020751450210809708,0.9997812509536743,0.01669810339808464,0.9998584389686584,0.016081558540463448,0.9998687505722046
9,FFN2,8,0.011170544513719322,9.805953595787287e-05,0.9888294554862807,0.9999683499336243,0.007902131415903568,0.010291459038853645,0.9999462366104126,0.008281435817480087,0.9999651908874512,0.007975954562425613,0.9999676942825317
9,FFN2,9,0.005562669827239742,2.440643947920762e-05,0.9944373301727603,0.9999921321868896,0.003936552442610264,0.005126932170242071,0.9999866485595703,0.004125809296965599,0.9999912977218628,0.003973331302404404,0.9999920129776001
9,FFN2,10,0.0027864557765806337,6.0924639910808764e-06,0.9972135442234193,0.9999980926513672,0.0019640885293483734,0.002557894680649042,0.9999966621398926,0.0020584692247211933,0.9999978542327881,0.0019824414048343897,0.9999979734420776
9,FFN2,11,0.0013942873771787506,1.4955561482565827e-06,0.9986057126228213,0.9999995231628418,0.0009848406771197915,0.0012791408225893974,0.9999991655349731,0.0010326483752578497,0.9999995231628418,0.000994041794911027,0.9999995231628418
9,FFN2,12,0.000710210718213391,3.9165698240140046e-07,0.9992897892817866,1.0,0.0005022287950851023,0.0006310723256319761,0.9999998807907104,0.0005274958675727248,1.0,0.000506905373185873,1.0
9,K,4,0.7138303110797175,0.21802102029323578,0.2861696889202825,0.9691556096076965,0.24714694917201996,0.5886151790618896,0.7921240925788879,0.3015531003475189,0.9538408517837524,0.25916850566864014,0.9658924341201782
9,K,5,0.540628682581831,0.09231573343276978,0.459371317418169,0.9912002682685852,0.13059213757514954,0.3342614769935608,0.931727409362793,0.16035303473472595,0.9864816665649414,0.1371031254529953,0.9902068376541138
9,K,6,0.38003433870963127,0.035623155534267426,0.6199656612903687,0.9976040720939636,0.06770361959934235,0.1802050769329071,0.9786021709442139,0.08346422761678696,0.9962501525878906,0.07113508880138397,0.9973214864730835
9,K,7,0.24826105048731276,0.012505227699875832,0.7517389495126873,0.999373197555542,0.03450940549373627,0.09406070411205292,0.993718147277832,0.0426422543823719,0.9990081191062927,0.03627593070268631,0.9992974400520325
9,K,8,0.1519597573974297,0.004044045694172382,0.8480402426025703,0.9998400807380676,0.01739741861820221,0.048071280121803284,0.9982460737228394,0.021525699645280838,0.99974524974823,0.018293362110853195,0.9998204112052917
9,K,9,0.08794772327234361,0.0012194875162094831,0.9120522767276564,0.9999597072601318,0.008726539090275764,0.02429967001080513,0.9995318651199341,0.010804705321788788,0.9999356269836426,0.00917721539735794,0.9999547004699707
9,K,10,0.04863495522965959,0.00034716888330876827,0.9513650447703405,0.999989926815033,0.004364989697933197,0.0121952835470438,0.9998796582221985,0.005406079813838005,0.9999838471412659,0.0045907143503427505,0.9999886751174927
9,K,11,0.02588500378768492,9.381715790368617e-05,0.9741149962123151,0.9999974966049194,0.002184260403737426,0.006112460978329182,0.999969482421875,0.0027059181593358517,0.9999959468841553,0.0022972761653363705,0.9999971389770508
9,K,12,0.013576219887269087,2.4973413019324653e-05,0.9864237801127309,0.9999994039535522,0.0010922073852270842,0.003051704727113247,0.9999923706054688,0.00135144405066967,0.9999990463256836,0.0011486944276839495,0.9999992847442627
9,O,4,0.19700873608382913,0.030913833528757095,0.8029912639161709,0.9898720979690552,0.14250467717647552,0.18551364541053772,0.9830201864242554,0.1493292897939682,0.9888818860054016,0.14381453394889832,0.9896818995475769
9,O,5,0.09281449071996334,0.006824196316301823,0.9071855092800367,0.9977671504020691,0.06648997217416763,0.08661726862192154,0.9962146282196045,0.06967364251613617,0.9975457191467285,0.06710104644298553,0.9977245926856995
9,O,6,0.045134844160425305,0.0016057163011282682,0.9548651558395747,0.9994755387306213,0.032178230583667755,0.041913628578186035,0.999109148979187,0.03371758013963699,0.9994233846664429,0.03247398883104324,0.9994654655456543
9,O,7,0.02227752576140156,0.00038861201028339565,0.9777224742385985,0.9998730421066284,0.01582859829068184,0.020610660314559937,0.9997844099998474,0.016585679724812508,0.999860405921936,0.015974096953868866,0.9998705983161926
9,O,8,0.011113516124555842,9.655227040639147e-05,0.9888864838754442,0.9999687671661377,0.007851377129554749,0.010226413607597351,0.9999469518661499,0.008227149024605751,0.9999656677246094,0.007923530414700508,0.9999681711196899
9,O,9,0.005572647629082427,2.424192280159332e-05,0.9944273523709176,0.9999922513961792,0.0039123957976698875,0.005095948930829763,0.9999868273735046,0.0040998258627951145,0.9999914765357971,0.003948356490582228,0.9999921321868896
9,O,10,0.0027887955249330256,6.037849288986763e-06,0.997211204475067,0.9999980926513672,0.0019520348869264126,0.0025426666252315044,0.9999967813491821,0.002045474713668227,0.9999978542327881,0.0019699744880199432,0.9999980926513672
9,O,11,0.001398281878796503,1.5153370895859553e-06,0.9986017181212035,0.9999995231628418,0.0009783721761777997,0.0012712004827335477,0.9999991655349731,0.001025710254907608,0.9999995231628418,0.000987364212051034,0.9999995231628418
9,O,12,0.0006977285334600732,3.773791661387804e-07,0.9993022714665399,1.0,0.0004991663154214621,0.000627439992967993,0.9999998807907104,0.0005242868792265654,1.0,0.0005037407390773296,1.0
9,Q,4,0.5751816431681315,0.17485427856445312,0.42481835683186847,0.9673606157302856,0.255337655544281,0.4608796238899231,0.8945316672325134,0.29781007766723633,0.9552850723266602,0.2652282118797302,0.9646139144897461
9,Q,5,0.36705271402994794,0.058738213032484055,0.6329472859700521,0.9916574954986572,0.12674790620803833,0.2330053746700287,0.97066730260849,0.14829987287521362,0.9883400201797485,0.13176363706588745,0.9909034967422485
9,Q,6,0.21917088826497397,0.018290648236870766,0.780829111735026,0.9979146122932434,0.0628669261932373,0.11647811532020569,0.992256760597229,0.07366542518138885,0.9970540404319763,0.06538080424070358,0.9977192878723145
9,Q,7,0.12453873952229817,0.005388460122048855,0.8754612604777018,0.9994818568229675,0.031245157122612,0.05809333920478821,0.9980283975601196,0.03663390502333641,0.9992650747299194,0.03250045329332352,0.9994325637817383
9,Q,8,0.06803448994954427,0.0015154212014749646,0.9319655100504557,0.9998712539672852,0.015553067438304424,0.028963807970285416,0.9995051622390747,0.01824340783059597,0.9998170137405396,0.01617959514260292,0.9998589158058167
9,Q,9,0.03603712717692057,0.00041046447586268187,0.9639628728230795,0.9999679327011108,0.0077553195878863335,0.014451136812567711,0.9998763799667358,0.009097106754779816,0.9999544620513916,0.008067911490797997,0.9999649524688721
9,Q,10,0.01862621307373047,0.00010781605669762939,0.9813737869262695,0.9999920129776001,0.0038737310096621513,0.007220746949315071,0.9999691247940063,0.004544259048998356,0.9999886751174927,0.004029958043247461,0.999991238117218
9,Q,11,0.009406725565592447,2.7414509531809017e-05,0.9905932744344076,0.9999979734420776,0.0019369113724678755,0.0036082989536225796,0.9999922513961792,0.0022723753936588764,0.9999971389770508,0.0020150011405348778,0.9999978542327881
9,Q,12,0.004751841227213542,6.973853032832267e-06,0.9952481587727865,0.9999995231628418,0.0009668663260526955,0.0017959540709853172,0.9999980926513672,0.0011329526314511895,0.9999992847442627,0.0010058475891128182,0.9999995231628418
9,V,4,0.6133083428118025,0.16534000635147095,0.3866916571881976,0.9738919734954834,0.22797393798828125,0.48471274971961975,0.8585618138313293,0.26724112033843994,0.9638102054595947,0.23544350266456604,0.972068727016449
9,V,5,0.42087549901040333,0.060971781611442566,0.5791245009895967,0.9930431842803955,0.11614781618118286,0.26175233721733093,0.9555460810661316,0.13693004846572876,0.9901144504547119,0.12006288766860962,0.9925207495689392
9,V,6,0.26770449810314056,0.020565016195178032,0.7322955018968594,0.9982089996337891,0.05850929766893387,0.13614049553871155,0.987051784992218,0.06919966638088226,0.9974148273468018,0.06051480025053024,0.9980684518814087
9,V,7,0.15969318370385724,0.0064307041466236115,0.8403068162961428,0.9995471835136414,0.02931520901620388,0.06942838430404663,0.996317446231842,0.03472847491502762,0.999340832233429,0.030328787863254547,0.9995108842849731
9,V,8,0.09035593055466369,0.0018897713162004948,0.9096440694453363,0.9998867511749268,0.014634247869253159,0.03499200567603111,0.999005913734436,0.01735185645520687,0.999834418296814,0.015142509713768959,0.9998776316642761
9,V,9,0.04891112576238363,0.0005223283660598099,0.9510888742376163,0.9999717473983765,0.007307031191885471,0.01754327304661274,0.9997420907020569,0.00866609439253807,0.9999586343765259,0.007561223581433296,0.9999694228172302
9,V,10,0.025801675034634295,0.0001400840119458735,0.9741983249653657,0.9999929666519165,0.003650438506156206,0.00878177024424076,0.9999344348907471,0.004330119118094444,0.9999896287918091,0.0037775421515107155,0.9999923706054688
9,V,11,0.013374972899737611,3.687127900775522e-05,0.9866250271002623,0.9999982714653015,0.0018250825814902782,0.004391985945403576,0.9999834895133972,0.0021656067110598087,0.9999974370002747,0.0018886271864175797,0.9999980926513672
9,V,12,0.006825451422024677,9.490470802120399e-06,0.9931745485779753,0.9999996423721313,0.0009138402529060841,0.0021879025734961033,0.9999959468841553,0.0010837932350113988,0.9999994039535522,0.0009456448024138808,0.9999995231628418
10,FFN1,4,0.9071405706540696,0.5575103163719177,0.09285942934593037,0.9183329343795776,0.3986901044845581,0.9675290584564209,0.17779220640659332,0.5989927053451538,0.804458737373352,0.45225244760513306,0.8925162553787231
10,FFN1,5,0.7472534656820243,0.29838258028030396,0.2527465343179757,0.9695695042610168,0.24364817142486572,0.6955764293670654,0.7482354044914246,0.3709030747413635,0.9279481172561646,0.2779235541820526,0.9594953656196594
10,FFN1,6,0.5427331997887205,0.12254318594932556,0.4572668002112795,0.9910027980804443,0.1306094229221344,0.3807463049888611,0.9266971349716187,0.2000710815191269,0.9780707359313965,0.14950883388519287,0.9878160953521729
10,FFN1,7,0.3663405387628188,0.04399280250072479,0.6336594612371812,0.9975755214691162,0.06724642217159271,0.1976889669895172,0.9789415001869202,0.10326243937015533,0.9939407110214233,0.07708153128623962,0.9966800212860107
10,FFN1,8,0.2375285875165685,0.014801421202719212,0.7624714124834315,0.9993703961372375,0.034144893288612366,0.10076858848333359,0.9943104982376099,0.0524936281144619,0.9984064102172852,0.039163123816251755,0.9991329908370972
10,FFN1,9,0.1499187769705305,0.004769235383719206,0.8500812230294695,0.9998395442962646,0.01721598207950592,0.05090946704149246,0.9985275864601135,0.026482395827770233,0.9995916485786438,0.01975228264927864,0.9997785091400146
10,FFN1,10,0.09311192832441374,0.001493276678957045,0.9068880716755863,0.9999594688415527,0.008649853989481926,0.02560386061668396,0.9996256828308105,0.013309764675796032,0.9998965263366699,0.009925958700478077,0.9999439120292664
10,FFN1,11,0.05744052780020131,0.000459587958175689,0.9425594721997986,0.9999897480010986,0.004339082166552544,0.01284997258335352,0.9999054670333862,0.00667751207947731,0.9999739527702332,0.004979715682566166,0.9999858140945435
10,FFN1,12,0.03536133783797251,0.00014040239329915494,0.9646386621620275,0.9999974370002747,0.002172410022467375,0.00643510278314352,0.9999763369560242,0.0033408761955797672,0.9999934434890747,0.0024932227097451687,0.9999964237213135
10,FFN2,4,0.1978240016726495,0.031198009848594666,0.8021759983273505,0.9898110628128052,0.142833411693573,0.18584895133972168,0.9829366207122803,0.14964164793491364,0.9888185262680054,0.1441616714000702,0.9896162748336792
10,FFN2,5,0.09327069373985497,0.006899094209074974,0.906729306260145,0.9977487921714783,0.06669694930315018,0.08683696389198303,0.9961885809898376,0.06987839937210083,0.9975265264511108,0.06731723248958588,0.9977050423622131
10,FFN2,6,0.045292212149594765,0.0016251016641035676,0.9547077878504052,0.9994711875915527,0.03227795660495758,0.04202191159129143,0.9991027116775513,0.03381843864917755,0.9994188547134399,0.03257814422249794,0.9994609355926514
10,FFN2,7,0.02229963876986801,0.0003939624293707311,0.977700361230132,0.9998719692230225,0.01587742008268833,0.020666085183620453,0.9997828602790833,0.016634749248623848,0.9998593330383301,0.016025109216570854,0.9998694658279419
10,FFN2,8,0.011054108233419367,9.668805432738736e-05,0.9889458917665807,0.9999685287475586,0.007877487689256668,0.010256579145789146,0.9999464750289917,0.008253232575953007,0.9999653697013855,0.00795075111091137,0.9999679327011108
10,FFN2,9,0.0055109845322302885,2.3828455596230924e-05,0.9944890154677697,0.9999921917915344,0.003921195399016142,0.005105266813188791,0.9999867677688599,0.004108432214707136,0.9999914765357971,0.003957661800086498,0.9999920725822449
10,FFN2,10,0.0027932822779677875,6.10621918895049e-06,0.9972067177220322,0.9999980926513672,0.0019586384296417236,0.002549867145717144,0.9999967217445374,0.002052155090495944,0.9999978542327881,0.0019768509082496166,0.9999979734420776
10,FFN2,11,0.0013904605295687418,1.524435106148303e-06,0.9986095394704313,0.9999995231628418,0.0009813180658966303,0.0012743156403303146,0.9999991655349731,0.001028584549203515,0.9999995231628418,0.000990442931652069,0.9999995231628418
10,FFN2,12,0.0006947004982630722,3.801959849170089e-07,0.999305299501737,1.0,0.0005008789012208581,0.0006294631166383624,0.9999998807907104,0.0005259377649053931,1.0,0.0005055218935012817,1.0
10,K,4,0.7037481025836652,0.2038896530866623,0.29625189741633484,0.9718385338783264,0.23665255308151245,0.5756523013114929,0.7962960004806519,0.2861858308315277,0.9587042927742004,0.24665766954421997,0.9693172574043274
10,K,5,0.5308035508507578,0.0855909064412117,0.46919644914924225,0.9920206069946289,0.12477265298366547,0.3281901180744171,0.9302901029586792,0.15187674760818481,0.9879941940307617,0.13017290830612183,0.9912624359130859
10,K,6,0.3714949653895366,0.03275997191667557,0.6285050346104634,0.9978349208831787,0.06460020691156387,0.1784873902797699,0.9770113229751587,0.07895424962043762,0.996684193611145,0.06744416803121567,0.9976204037666321
10,K,7,0.24203101033942892,0.011435459367930889,0.7579689896605711,0.9994349479675293,0.032891061156988144,0.09388668835163116,0.9925789833068848,0.04030003398656845,0.9991252422332764,0.03435441851615906,0.9993776082992554
10,K,8,0.14808128491842104,0.003691587131470442,0.851918715081579,0.9998561143875122,0.016570813953876495,0.04829408973455429,0.997822642326355,0.020330723375082016,0.9997758865356445,0.017312075942754745,0.9998413324356079
10,K,9,0.08589466657129914,0.0011159406276419759,0.9141053334287008,0.9999637007713318,0.008314664475619793,0.02452809549868107,0.9993835687637329,0.01020723395049572,0.9999433755874634,0.00868762657046318,0.9999600052833557
10,K,10,0.04757281707714438,0.0003178862971253693,0.9524271829228557,0.9999909400939941,0.004158332943916321,0.012333808466792107,0.9998338222503662,0.005106392316520214,0.9999858140945435,0.004345111548900604,0.9999899864196777
10,K,11,0.025444055027060535,8.627569332020357e-05,0.9745559449729395,0.9999977350234985,0.0020813546143472195,0.006186231505125761,0.9999562501907349,0.0025564345996826887,0.9999964237213135,0.0021748545113950968,0.9999974966049194
10,K,12,0.013396911681726789,2.3208476704894565e-05,0.9866030883182733,0.9999994039535522,0.001042012358084321,0.0030923988670110703,0.9999889135360718,0.001278513576835394,0.9999991655349731,0.0010888166725635529,0.9999994039535522
10,O,4,0.21336545585660416,0.0368245430290699,0.7866345441433958,0.9880787134170532,0.15370392799377441,0.20130932331085205,0.9798136949539185,0.1617284119129181,0.9867902994155884,0.1554420441389084,0.9877934455871582
10,O,5,0.10057323306698761,0.008159710094332695,0.8994267669330124,0.9973651170730591,0.07167059183120728,0.09388629347085953,0.9954778552055359,0.07541575282812119,0.9970749616622925,0.07248122245073318,0.9973005056381226
10,O,6,0.04869443979463622,0.0019096698379144073,0.9513055602053638,0.9993801116943359,0.03470122814178467,0.04546196758747101,0.9989330768585205,0.03651335835456848,0.9993116855621338,0.03509368747472763,0.9993648529052734
10,O,7,0.024091539303122057,0.0004662930441554636,0.975908460696878,0.9998500347137451,0.017065729945898056,0.02235851250588894,0.9997416734695435,0.017956271767616272,0.9998334646224976,0.017258677631616592,0.999846339225769
10,O,8,0.01190645197972354,0.00011400516086723655,0.9880935480202765,0.9999630451202393,0.00846858136355877,0.011095019057393074,0.9999363422393799,0.00891057401895523,0.9999589920043945,0.008564341813325882,0.9999621510505676
10,O,9,0.005955874614801646,2.8458332963055e-05,0.9940441253851984,0.9999908208847046,0.0042158132418990135,0.005521238781511784,0.9999842643737793,0.004435822367668152,0.9999898672103882,0.004263482987880707,0.9999905824661255
10,O,10,0.0029943587820280555,7.096238277881639e-06,0.997005641217972,0.9999977350234985,0.0021051906514912844,0.002757767913863063,0.9999960660934448,0.0022151628509163857,0.9999974966049194,0.0021290008444339037,0.9999976754188538
10,O,11,0.001504065815857706,1.7855046507975203e-06,0.9984959341841423,0.9999994039535522,0.0010540727525949478,0.001377686858177185,0.9999990463256836,0.001109530683606863,0.9999994039535522,0.0010659899562597275,0.9999994039535522
10,O,12,0.0007656291826202175,4.560971831324423e-07,0.9992343708173798,1.0,0.0005346523830667138,0.000679158722050488,0.9999998807907104,0.0005631208186969161,0.9999998807907104,0.0005406646523624659,0.9999999403953552
10,Q,4,0.6103015296623007,0.19603392481803894,0.3896984703376994,0.9647290706634521,0.2651820182800293,0.4931791424751282,0.8800196647644043,0.311956524848938,0.9510211944580078,0.2768990099430084,0.961292028427124
10,Q,5,0.4002416611485994,0.06905253231525421,0.5997583388514006,0.990773618221283,0.13320408761501312,0.2526748776435852,0.9658153653144836,0.15721850097179413,0.9869245290756226,0.13921859860420227,0.9898061752319336
10,Q,6,0.24181119340616652,0.02210419997572899,0.7581888065938335,0.9976680278778076,0.06641852110624313,0.1271125078201294,0.9908509850502014,0.07851387560367584,0.9966582655906677,0.06944993138313293,0.9974136352539062
10,Q,7,0.13671847557019412,0.006553505547344685,0.8632815244298059,0.999417781829834,0.03307162970304489,0.06353718042373657,0.9976503849029541,0.039125993847846985,0.9991613030433655,0.034589529037475586,0.9993531107902527
10,Q,8,0.07300093110432024,0.0018038575071841478,0.9269990688956797,0.9998555183410645,0.0164536964148283,0.03165997564792633,0.9994102120399475,0.0194719061255455,0.9997915029525757,0.017210647463798523,0.9998393654823303
10,Q,9,0.03765997494378883,0.00047191386693157256,0.9623400250562112,0.9999641180038452,0.00820164941251278,0.015785276889801025,0.9998529553413391,0.009706595912575722,0.9999481439590454,0.00857914611697197,0.9999600648880005
10,Q,10,0.019063955645229228,0.00011973922664765269,0.9809360443547708,0.9999910593032837,0.004091477952897549,0.007875675335526466,0.9999634027481079,0.004842287395149469,0.9999871253967285,0.004279802553355694,0.9999901056289673
10,Q,11,0.009611450707578883,3.02891949104378e-05,0.9903885492924211,0.9999977350234985,0.0020462218672037125,0.003937132656574249,0.9999908804893494,0.00242189085111022,0.9999967813491821,0.002140424447134137,0.9999974966049194
10,Q,12,0.004857064837476361,7.708075827395078e-06,0.9951429351625236,0.999999463558197,0.00102134607732296,0.001960261957719922,0.9999977350234985,0.001207219436764717,0.9999992251396179,0.0010683119762688875,0.9999994039535522
10,V,4,0.6243573816393301,0.1676529049873352,0.3756426183606699,0.9741061925888062,0.22692885994911194,0.4947695732116699,0.850045919418335,0.2670343220233917,0.9637768268585205,0.23449161648750305,0.9722563028335571
10,V,5,0.4351068307327661,0.06329584866762161,0.5648931692672339,0.9930043816566467,0.11645425111055374,0.27059394121170044,0.9520263671875,0.13788551092147827,0.9899534583091736,0.1204531341791153,0.9924662113189697
10,V,6,0.2800601705680473,0.021733328700065613,0.7199398294319527,0.9981890916824341,0.05883202701807022,0.1415577232837677,0.9857414960861206,0.0698917806148529,0.9973546862602234,0.06088750809431076,0.9980430603027344
10,V,7,0.16830656472087188,0.006861187517642975,0.8316934352791281,0.9995414614677429,0.02949547953903675,0.0722077339887619,0.9959797859191895,0.03509938344359398,0.9993242025375366,0.03053598664700985,0.999503493309021
10,V,8,0.09599729664776693,0.0020357982721179724,0.9040027033522331,0.9998849630355835,0.014749119058251381,0.036439597606658936,0.9989147186279297,0.017566079273819923,0.9998296499252319,0.01527167297899723,0.9998753666877747
10,V,9,0.05232309001043957,0.0005717978347092867,0.9476769099895604,0.9999712705612183,0.007365045603364706,0.01827745884656906,0.999717652797699,0.008775027468800545,0.9999574422836304,0.007626610808074474,0.9999688863754272
10,V,10,0.02750114123171645,0.00015329539019148797,0.9724988587682836,0.999992847442627,0.0036805858835577965,0.009148112498223782,0.9999285340309143,0.004385396838188171,0.99998939037323,0.003811313770711422,0.9999922513961792
10,V,11,0.014081972862209144,3.96584982809145e-05,0.9859180271377909,0.9999982118606567,0.0018388505559414625,0.004568803124129772,0.9999821186065674,0.0021916364785283804,0.9999973773956299,0.0019041752675548196,0.9999980926513672
10,V,12,0.007104246907866043,1.0024170478573069e-05,0.992895753092134,0.9999996423721313,0.0009211197611875832,0.002278113504871726,0.9999955296516418,0.0010973347816616297,0.9999994039535522,0.0009538248414173722,0.9999995231628418
11,FFN1,4,0.8364218953291214,0.4106658399105072,0.1635781046708787,0.9398980140686035,0.34620121121406555,0.8803783655166626,0.5566983222961426,0.4543156623840332,0.8962913155555725,0.3688729405403137,0.9315800070762634
11,FFN1,5,0.6194667830252024,0.17687925696372986,0.38053321697479764,0.9817495346069336,0.1904398798942566,0.49404430389404297,0.8888266086578369,0.25071680545806885,0.9685115218162537,0.20306085050106049,0.9792102575302124
11,FFN1,6,0.4037793411795647,0.060872338712215424,0.5962206588204353,0.9952033758163452,0.09678502380847931,0.25369992852211,0.9680949449539185,0.12751877307891846,0.9916147589683533,0.1032179594039917,0.9945201277732849
11,FFN1,7,0.24728093612832913,0.019133174791932106,0.7527190638716709,0.9987822771072388,0.048615891486406326,0.1277628391981125,0.9916053414344788,0.06406958401203156,0.9978610277175903,0.051850154995918274,0.9986074566841125
11,FFN1,8,0.14645108458508418,0.0057694013230502605,0.8535489154149158,0.9996938705444336,0.02435600385069847,0.06408942490816116,0.9978643655776978,0.03210334852337837,0.9994611740112305,0.025977257639169693,0.999649703502655
11,FFN1,9,0.08446625502842217,0.0016793677350506186,0.9155337449715778,0.9999232888221741,0.012190536595880985,0.03209717944264412,0.999462902545929,0.016068831086158752,0.999864935874939,0.013002078048884869,0.9999122023582458
11,FFN1,10,0.048048185185406565,0.0004764468176290393,0.9519518148145935,0.9999808669090271,0.006092860829085112,0.01604554057121277,0.9998657703399658,0.008031392470002174,0.9999662637710571,0.006498496048152447,0.9999780654907227
11,FFN1,11,0.027342422847715767,0.00013509407290257514,0.9726575771522842,0.9999951720237732,0.00304826139472425,0.008026646450161934,0.9999664425849915,0.004017611965537071,0.9999915361404419,0.0032512880861759186,0.9999943971633911
11,FFN1,12,0.015527329312588042,3.799590558628552e-05,0.984472670687412,0.9999988079071045,0.0015248378040269017,0.004012172110378742,0.9999915957450867,0.0020054008346050978,0.9999978542327881,0.001626686193048954,0.9999985694885254
11,FFN2,4,0.21904968831090832,0.03658410534262657,0.7809503116890917,0.9883450269699097,0.15436211228370667,0.20451751351356506,0.9798831939697266,0.16265252232551575,0.9871058464050293,0.1559673696756363,0.9881065487861633
11,FFN2,5,0.10502535730751499,0.008401861414313316,0.8949746426924851,0.9974145889282227,0.07203350216150284,0.09458813071250916,0.9955589771270752,0.0757792741060257,0.997138500213623,0.07278255373239517,0.9973606467247009
11,FFN2,6,0.05121699178073481,0.0020010718144476414,0.9487830082192652,0.9993893504142761,0.03495527058839798,0.04597250372171402,0.9989444017410278,0.03677821904420853,0.9993239641189575,0.035318754613399506,0.9993765354156494
11,FFN2,7,0.024693477757816957,0.0004752497479785234,0.9753065222421831,0.9998522400856018,0.01719287969172001,0.02259676158428192,0.9997448325157166,0.018090318888425827,0.9998364448547363,0.017371641471982002,0.9998492002487183
11,FFN2,8,0.012043970330802019,0.00011418294889153913,0.9879560296691979,0.9999637603759766,0.008522149175405502,0.0112033411860466,0.9999372363090515,0.008967495523393154,0.9999598264694214,0.00861076358705759,0.9999629259109497
11,FFN2,9,0.00593878564022123,2.7847070668940432e-05,0.9940612143597788,0.9999909400939941,0.004249123390763998,0.005586192011833191,0.9999843835830688,0.004470976069569588,0.9999899864196777,0.004293304868042469,0.9999908208847046
11,FFN2,10,0.0029595007321911505,6.930195013410412e-06,0.9970404992678088,0.9999978542327881,0.0021219782065600157,0.002789551392197609,0.9999961853027344,0.0022325213067233562,0.9999974966049194,0.0021440419368445873,0.9999977350234985
11,FFN2,11,0.001484519765628174,1.7435646668673144e-06,0.9985154802343719,0.9999994039535522,0.0010621417313814163,0.0013920271303504705,0.9999990463256836,0.001118650659918785,0.9999992847442627,0.0010731869842857122,0.9999994039535522
11,FFN2,12,0.0007366072611458218,4.3045403685937345e-07,0.9992633927388542,1.0,0.0005369834834709764,0.0006803199648857117,0.9999998807907104,0.0005659338785335422,0.9999998807907104,0.0005425655981525779,1.0
11,K,4,0.6984466220028769,0.1963990330696106,0.30155337799712306,0.9732815027236938,0.23012301325798035,0.5588715076446533,0.8081164360046387,0.2782788574695587,0.960509717464447,0.23952828347682953,0.9709048271179199
11,K,5,0.527129993880584,0.08255713433027267,0.47287000611941604,0.9924458265304565,0.121069997549057,0.3162540793418884,0.9354022145271301,0.14731399714946747,0.9885518550872803,0.12614749372005463,0.9917261600494385
11,K,6,0.3697093674749064,0.03168696165084839,0.6302906325250935,0.9979579448699951,0.06257657706737518,0.17099535465240479,0.9793639779090881,0.07643632590770721,0.9968499541282654,0.06524726003408432,0.9977542161941528
11,K,7,0.24184091107773248,0.011151157319545746,0.7581590889222676,0.999465823173523,0.031889207661151886,0.08960285782814026,0.993706464767456,0.039049770683050156,0.9991661906242371,0.033266760408878326,0.9994108080863953
11,K,8,0.14835657916696468,0.0036193744745105505,0.8516434208330353,0.9998637437820435,0.0160779170691967,0.04603958502411842,0.9980409145355225,0.019714392721652985,0.9997860193252563,0.01677672192454338,0.9998494386672974
11,K,9,0.08615374834100248,0.0010936212493106723,0.9138462516589976,0.9999656677246094,0.00806770846247673,0.023411236703395844,0.9994573593139648,0.00990024022758007,0.9999457597732544,0.008419816382229328,0.9999619722366333
11,K,10,0.04801341503151102,0.0003138348401989788,0.951986584968489,0.9999914169311523,0.0040348852053284645,0.011782068759202957,0.9998483657836914,0.004952940158545971,0.999986469745636,0.004211255349218845,0.9999904632568359
11,K,11,0.025850638565036676,8.621390588814393e-05,0.9741493614349633,0.9999978542327881,0.0020205683540552855,0.005927175749093294,0.9999581575393677,0.0024812971241772175,0.9999966025352478,0.002108929678797722,0.999997615814209
11,K,12,0.0136124422827806,2.3046162823447958e-05,0.9863875577172194,0.9999995231628418,0.0010115562472492456,0.002960500307381153,0.9999890327453613,0.0012413209769874811,0.9999991655349731,0.0010557768400758505,0.9999994039535522
11,O,4,0.2132481507576199,0.03598342090845108,0.7867518492423801,0.98847895860672,0.15250536799430847,0.20121455192565918,0.9802238941192627,0.16067931056022644,0.9872230887413025,0.15408481657505035,0.9882389307022095
11,O,5,0.10048118266753545,0.007955732755362988,0.8995188173324645,0.9974536299705505,0.07118690013885498,0.09382452070713043,0.9955857992172241,0.07500310242176056,0.9971717596054077,0.07192417234182358,0.9973998069763184
11,O,6,0.04864624333186771,0.001862241537310183,0.9513537566681323,0.9994029998779297,0.034414418041706085,0.04535503685474396,0.9989625811576843,0.03626150265336037,0.9993366599082947,0.034770820289850235,0.9993903040885925
11,O,7,0.02396801768633247,0.0004512283194344491,0.9760319823136675,0.9998552799224854,0.016942350193858147,0.02233002334833145,0.9997483491897583,0.017850182950496674,0.999839186668396,0.017117798328399658,0.999852180480957
11,O,8,0.011908255681928544,0.00011105807061539963,0.9880917443180715,0.9999643564224243,0.008406491950154305,0.011080104857683182,0.9999380111694336,0.008857060223817825,0.9999604225158691,0.008493553847074509,0.9999635815620422
11,O,9,0.0059528917753962915,2.7730504370993003e-05,0.9940471082246037,0.9999911785125732,0.004186736419796944,0.005518928170204163,0.999984622001648,0.004411614965647459,0.9999901652336121,0.0042300960049033165,0.9999909400939941
11,O,10,0.0029605536161098193,6.9044340307300445e-06,0.9970394463838902,0.9999978542327881,0.002090261783450842,0.0027545057237148285,0.9999961853027344,0.0022023357450962067,0.999997615814209,0.002111908281221986,0.9999977350234985
11,O,11,0.001486810297485666,1.744730298014474e-06,0.9985131897025143,0.9999994039535522,0.0010469341650605202,0.001375958090648055,0.9999990463256836,0.0011037865187972784,0.9999994039535522,0.0010577761568129063,0.9999994039535522
11,O,12,0.0007317508162447268,4.2708762748588924e-07,0.9992682491837552,1.0,0.0005298170144669712,0.0006745938444510102,0.9999998807907104,0.0005592844681814313,0.9999998807907104,0.0005352941225282848,1.0
11,Q,4,0.6441126785994712,0.18699075281620026,0.35588732140052887,0.9709826111793518,0.24147771298885345,0.4896802306175232,0.8801217079162598,0.2869420647621155,0.9587858319282532,0.25024259090423584,0.9687787890434265
11,Q,5,0.45283155621309673,0.07198444753885269,0.5471684437869032,0.9921592473983765,0.12393160164356232,0.2582739591598511,0.9641647338867188,0.14789557456970215,0.9886261224746704,0.12850609421730042,0.9915317296981812
11,Q,6,0.29140681674119107,0.024922680109739304,0.7085931832588089,0.9979727268218994,0.06263121217489243,0.13226613402366638,0.9900782108306885,0.0748998150229454,0.9970254302024841,0.06496463716030121,0.9978058934211731
11,Q,7,0.17318545861909143,0.007821782492101192,0.8268145413809086,0.9994889497756958,0.031366631388664246,0.06661619246006012,0.9974154233932495,0.03754208981990814,0.9992467761039734,0.03254024684429169,0.9994463920593262
11,Q,8,0.0961196238960418,0.0022457612212747335,0.9038803761039582,0.9998725056648254,0.01565459743142128,0.03330867737531662,0.9993472099304199,0.018741291016340256,0.9998117685317993,0.016241073608398438,0.9998618364334106
11,Q,9,0.050972017270417065,0.0006083904881961644,0.9490279827295829,0.9999682903289795,0.007809143979102373,0.01662733219563961,0.999836802482605,0.00934987049549818,0.9999531507492065,0.008101843297481537,0.9999656081199646
11,Q,10,0.026273426229747918,0.00015867379261180758,0.9737265737702521,0.9999920725822449,0.0038986343424767256,0.008301392197608948,0.9999593496322632,0.004667718894779682,0.999988317489624,0.004044774919748306,0.9999914169311523
11,Q,11,0.013312984029759743,4.055552926729433e-05,0.9866870159702402,0.9999980330467224,0.0019489875994622707,0.004148639738559723,0.9999898076057434,0.0023339111357927322,0.999997079372406,0.0020220428705215454,0.9999978542327881
11,Q,12,0.006668412951414077,1.0177894182561431e-05,0.9933315870485859,0.9999995231628418,0.0009743766277097166,0.002067588735371828,0.9999974966049194,0.0011657050345093012,0.9999992847442627,0.0010108829010277987,0.999999463558197
11,V,4,0.6104811550416724,0.15723565220832825,0.38951884495832756,0.9757106900215149,0.2197350263595581,0.47553497552871704,0.8658324480056763,0.2570885121822357,0.9664745330810547,0.22632180154323578,0.9741781949996948
11,V,5,0.42166218120990984,0.0586286224424839,0.5783378187900902,0.9934896230697632,0.11238444596529007,0.2571171522140503,0.9578883051872253,0.13217243552207947,0.9908145666122437,0.11583565920591354,0.9930531978607178
11,V,6,0.2683692328819902,0.019766023382544518,0.7316307671180098,0.9983270168304443,0.05661424994468689,0.13361400365829468,0.987729549407959,0.06677421927452087,0.9976077079772949,0.05837740749120712,0.9982108473777771
11,V,7,0.15966223334420523,0.00611515436321497,0.8403377666557947,0.9995782971382141,0.028345143422484398,0.06808146834373474,0.9965441226959229,0.033478282392024994,0.9993931651115417,0.029234033077955246,0.9995484948158264
11,V,8,0.09060145810723262,0.0017842041561380029,0.9093985418927674,0.9998946785926819,0.014150340110063553,0.03433118760585785,0.9990644454956055,0.01672385446727276,0.9998480081558228,0.014595480635762215,0.9998871684074402
11,V,9,0.049535845824901246,0.0004946305998601019,0.9504641541750988,0.9999736547470093,0.0070678312331438065,0.017244689166545868,0.9997545480728149,0.008355904370546341,0.9999619722366333,0.007290482986718416,0.999971866607666
11,V,10,0.02657736443334789,0.0001342104224022478,0.9734226355666521,0.9999934434890747,0.0035281633026897907,0.008631478063762188,0.9999370574951172,0.004171498119831085,0.9999905824661255,0.0036393562331795692,0.9999929666519165
11,V,11,0.013992654150621066,3.580737393349409e-05,0.9860073458493789,0.9999983310699463,0.001765991561114788,0.004322553984820843,0.9999841451644897,0.002088808221742511,0.999997615814209,0.0018216522876173258,0.9999982118606567
11,V,12,0.0072209178051970265,9.331763976661023e-06,0.9927790821948029,0.9999996423721313,0.0008848072029650211,0.0021554187405854464,0.9999960064888,0.0010465225204825401,0.9999994039535522,0.0009126751683652401,0.9999996423721313
