step,mode,layer_idx,sublayer,module_name,dw_min,desired_bl,sto_round_update,update_bl_management,update_management,dw_zero_ratio,dw_1lsb_ratio,dw_absmean,min_nonzero_delta,dw_absmax,dw_q90,dw_q99,pulse_sat_ratio,bound_sat_ratio,grad_absmean,grad_deadzone_ratio,update_vs_grad_cosine,eff_lr_slope,BL_mean,BL_p99,BL_hit_ratio,pulse_under_frac,pulse_ok_frac,pulse_over_frac,dw_fast_zero_ratio,dw_fast_1lsb_ratio,dw_fast_absmean,dw_slow_zero_ratio,dw_slow_1lsb_ratio,dw_slow_absmean,dw_fast_vs_grad_cosine,dw_fast_eff_lr_slope,hidden_absmean,hidden_absmax,hidden_below1_ratio,hidden_trunc_nonzero_ratio,hidden_trunc_meanabs,is_transfer_step,transfer_duty,transfer_spike,transfer_efficiency,buffer_above_thresh_ratio,sign_mismatch_ratio,rel_update_error,BL_fp_mean,BL_fp_p99,BL_fp_hit_ratio,dw_p50,trace_every
0,single,0,Q,bert.encoder.layer.0.attention.self.query,0.001,31,0,1,1,0.9765625,0.0234375,4.3001518861274235e-06,7.431954145431519e-05,0.0003050784580409527,0.0,0.00018924035248346627,0.0,0.0,0.00014838212518952787,1.0,-0.021341316401958466,0.0,1.0,1.0,0.0,1.0,0.0,0.0,,,,,,,,,,,,,,,,,,,0.990234375,66935.78125,0.0234375,1.0,0.0,0.0,1
0,single,0,K,bert.encoder.layer.0.attention.self.key,0.001,31,0,1,1,0.9765625,0.0234375,3.244940671720542e-06,3.1635165214538574e-05,0.00020145997405052185,0.0,0.0001519227516837418,0.0,0.0,0.00015341481775976717,1.0,0.005613257177174091,0.0,1.0,1.0,0.0,1.0,0.0,0.0,,,,,,,,,,,,,,,,,,,0.9921875,51379.79296875,0.0234375,1.0,0.0,0.0,1
0,single,0,V,bert.encoder.layer.0.attention.self.value,0.001,31,0,1,1,0.921875,0.078125,7.218030987132806e-06,7.621943950653076e-06,0.00020489096641540527,0.0,0.00013231394405011088,0.0,0.0,0.00035999296233057976,1.0,-0.010869234800338745,0.0,1.0,1.0,0.0,1.0,0.0,0.0,,,,,,,,,,,,,,,,,,,0.953125,63802.42578125,0.078125,1.0,0.0,0.0,1
0,single,0,O,bert.encoder.layer.0.attention.output.dense,0.001,31,0,1,1,0.904296875,0.095703125,8.710683687240817e-06,1.240381971001625e-05,0.00014708098024129868,0.0,0.0001379180612275377,0.0,0.0,0.00044144841376692057,1.0,0.024190999567508698,0.0,1.0,1.0,0.0,1.0,0.0,0.0,,,,,,,,,,,,,,,,,,,0.947265625,67828.453125,0.095703125,1.0,0.0,0.0,1
0,single,0,FFN1,bert.encoder.layer.0.intermediate.dense,0.001,31,0,1,1,0.96484375,0.03515625,4.57037276646588e-06,3.5293400287628174e-05,0.0002045617438852787,0.0,0.0001501144579378888,0.0,0.0,0.0002497140085324645,1.0,0.17307166755199432,0.0,1.0,1.0,0.0,1.0,0.0,0.0,,,,,,,,,,,,,,,,,,,0.97265625,58165.3515625,0.03515625,1.0,0.0,0.0,1
0,single,0,FFN2,bert.encoder.layer.0.output.dense,0.001,31,0,1,1,0.974609375,0.025390625,2.825812771334313e-06,4.6312808990478516e-05,0.00018080510199069977,0.0,0.00013328120985534042,0.0,0.0,0.0002474063076078892,1.0,0.006532476749271154,0.0,1.0,1.0,0.0,1.0,0.0,0.0,,,,,,,,,,,,,,,,,,,0.994140625,43629.984375,0.025390625,1.0,0.0,0.0,1
0,single,1,Q,bert.encoder.layer.1.attention.self.query,0.001,31,0,1,1,0.978515625,0.021484375,3.468024260655511e-06,8.712336421012878e-05,0.00028304755687713623,0.0,0.000136909366119653,0.0,0.0,0.00028327599284239113,1.0,0.10232493281364441,0.0,1.0,1.0,0.0,1.0,0.0,0.0,,,,,,,,,,,,,,,,,,,0.982421875,56866.16015625,0.021484375,1.0,0.0,0.0,1
0,single,1,K,bert.encoder.layer.1.attention.self.key,0.001,31,0,1,1,0.978515625,0.021484375,2.5301005734945647e-06,5.862489342689514e-05,0.0001809690147638321,0.0,0.000103323494840879,0.0,0.0,0.0002368203131482005,1.0,-0.02421259693801403,0.0,1.0,1.0,0.0,1.0,0.0,0.0,,,,,,,,,,,,,,,,,,,0.98828125,41734.828125,0.021484375,1.0,0.0,0.0,1
0,single,1,V,bert.encoder.layer.1.attention.self.value,0.001,31,0,1,1,0.9375,0.0625,6.118524197518127e-06,2.831965684890747e-05,0.00037550926208496094,0.0,0.00012384292494971305,0.0,0.0,0.00042000983376055956,1.0,-0.017592469230294228,0.0,1.0,1.0,0.0,1.0,0.0,0.0,,,,,,,,,,,,,,,,,,,0.96875,66332.1484375,0.0625,1.0,0.0,0.0,1
0,single,1,O,bert.encoder.layer.1.attention.output.dense,0.001,31,0,1,1,0.900390625,0.099609375,9.147025593847502e-06,2.559274435043335e-06,0.00025187060236930847,0.0,0.00015073684335220605,0.0,0.0,0.0004698561388067901,1.0,0.09533057361841202,0.0,1.0,1.0,0.0,1.0,0.0,0.0,,,,,,,,,,,,,,,,,,,0.9375,73940.171875,0.099609375,1.0,0.0,0.0,1
0,single,1,FFN1,bert.encoder.layer.1.intermediate.dense,0.001,31,0,1,1,0.97265625,0.02734375,3.223206249458599e-06,6.825663149356842e-05,0.00018659420311450958,0.0,0.0001182740306830965,0.0,0.0,0.0002844551345333457,1.0,-0.02875944972038269,0.0,1.0,1.0,0.0,1.0,0.0,0.0,,,,,,,,,,,,,,,,,,,0.984375,45730.6640625,0.02734375,1.0,0.0,0.0,1
0,single,1,FFN2,bert.encoder.layer.1.output.dense,0.001,31,0,1,1,0.982421875,0.017578125,2.413039510429371e-06,8.122250437736511e-05,0.00020285695791244507,0.0,0.00010295480024069548,0.0,0.0,0.00023756481823511422,1.0,0.0987388864159584,0.0,1.0,1.0,0.0,1.0,0.0,0.0,,,,,,,,,,,,,,,,,,,0.98828125,43133.390625,0.017578125,1.0,0.0,0.0,1
0,single,2,Q,bert.encoder.layer.2.attention.self.query,0.001,31,0,1,1,0.974609375,0.025390625,3.301795914012473e-06,4.788488149642944e-05,0.00020845234394073486,0.0,0.0001400587207172066,0.0,0.0,0.0001985069684451446,1.0,0.07507149875164032,0.0,1.0,1.0,0.0,1.0,0.0,0.0,,,,,,,,,,,,,,,,,,,0.984375,49870.97265625,0.025390625,1.0,0.0,0.0,1
0,single,2,K,bert.encoder.layer.2.attention.self.key,0.001,31,0,1,1,0.974609375,0.025390625,3.424246642680373e-06,4.591047763824463e-05,0.0002970416098833084,0.0,0.00012237418559379876,0.0,0.0,0.00018846133025363088,1.0,0.0461113378405571,0.0,1.0,1.0,0.0,1.0,0.0,0.0,,,,,,,,,,,,,,,,,,,0.984375,53359.0078125,0.025390625,1.0,0.0,0.0,1
0,single,2,V,bert.encoder.layer.2.attention.self.value,0.001,31,0,1,1,0.880859375,0.119140625,9.44761632126756e-06,9.819865226745605e-06,0.00018237903714179993,5.091315324534662e-05,0.0001178698948933743,0.0,0.0,0.0005751193384639919,1.0,0.14552907645702362,0.0,1.0,1.0,0.0,1.0,0.0,0.0,,,,,,,,,,,,,,,,,,,0.92578125,67005.5546875,0.119140625,1.0,0.0,0.0,1
0,single,2,O,bert.encoder.layer.2.attention.output.dense,0.001,31,0,1,1,0.90625,0.09375,8.00792440713849e-06,2.8528273105621338e-05,0.00019527971744537354,0.0,0.00012173227150924504,0.0,0.0,0.0005934408400207758,1.0,0.004854806698858738,0.0,1.0,1.0,0.0,1.0,0.0,0.0,,,,,,,,,,,,,,,,,,,0.955078125,62700.37109375,0.09375,1.0,0.0,0.0,1
0,single,2,FFN1,bert.encoder.layer.2.intermediate.dense,0.001,31,0,1,1,0.970703125,0.029296875,3.487787125777686e-06,6.366521120071411e-05,0.0002308199182152748,0.0,0.00011916158837266266,0.0,0.0,0.0003309730382170528,1.0,0.1890753209590912,0.0,1.0,1.0,0.0,1.0,0.0,0.0,,,,,,,,,,,,,,,,,,,0.978515625,49984.21484375,0.029296875,1.0,0.0,0.0,1
0,single,2,FFN2,bert.encoder.layer.2.output.dense,0.001,31,0,1,1,0.974609375,0.025390625,3.257016942370683e-06,6.556883454322815e-05,0.00019911397248506546,0.0,0.0001377029111608863,0.0,0.0,0.0002654307463672012,1.0,-0.05073480308055878,0.0,1.0,1.0,0.0,1.0,0.0,0.0,,,,,,,,,,,,,,,,,,,0.990234375,47948.62890625,0.025390625,1.0,0.0,0.0,1
0,single,3,Q,bert.encoder.layer.3.attention.self.query,0.001,31,0,1,1,0.97265625,0.02734375,3.892991571774473e-06,3.469735383987427e-05,0.000348895788192749,0.0,0.00014230921806301922,0.0,0.0,0.00022359502327162772,1.0,0.022893011569976807,0.0,1.0,1.0,0.0,1.0,0.0,0.0,,,,,,,,,,,,,,,,,,,0.990234375,60042.5546875,0.02734375,1.0,0.0,0.0,1
0,single,3,K,bert.encoder.layer.3.attention.self.key,0.001,31,0,1,1,0.970703125,0.029296875,4.046361937071197e-06,5.4016709327697754e-05,0.0002643018960952759,0.0,0.00015482348680961877,0.0,0.0,0.0002075845404760912,1.0,0.028093133121728897,0.0,1.0,1.0,0.0,1.0,0.0,0.0,,,,,,,,,,,,,,,,,,,0.984375,56893.56640625,0.029296875,1.0,0.0,0.0,1
0,single,3,V,bert.encoder.layer.3.attention.self.value,0.001,31,0,1,1,0.919921875,0.080078125,8.515551598975435e-06,7.815659046173096e-06,0.00020438432693481445,0.0,0.00013918433978687972,0.0,0.0,0.0005936478264629841,1.0,0.14563323557376862,0.0,1.0,1.0,0.0,1.0,0.0,0.0,,,,,,,,,,,,,,,,,,,0.953125,71899.0546875,0.080078125,1.0,0.0,0.0,1
0,single,3,O,bert.encoder.layer.3.attention.output.dense,0.001,31,0,1,1,0.921875,0.078125,7.147543328756001e-06,1.7578713595867157e-05,0.00021792203187942505,0.0,0.00012121565669076517,0.0,0.0,0.0006419157143682241,1.0,0.1124221682548523,0.0,1.0,1.0,0.0,1.0,0.0,0.0,,,,,,,,,,,,,,,,,,,0.95703125,62966.203125,0.078125,1.0,0.0,0.0,1
0,single,3,FFN1,bert.encoder.layer.3.intermediate.dense,0.001,31,0,1,1,0.96875,0.03125,4.134067694394616e-06,1.8875114619731903e-05,0.0006023310124874115,0.0,0.0001164472705568187,0.0,0.0,0.00040110398549586535,1.0,-0.37083834409713745,0.0,1.0,1.0,0.0,1.0,0.0,0.0,,,,,,,,,,,,,,,,,,,0.982421875,73908.53125,0.03125,1.0,0.0,0.0,1
0,single,3,FFN2,bert.encoder.layer.3.output.dense,0.001,31,0,1,1,0.98046875,0.01953125,3.1305789889302105e-06,0.00011202692985534668,0.00022564269602298737,0.0,0.00014486450527328998,0.0,0.0,0.00024413489154540002,1.0,-0.06605716794729233,0.0,1.0,1.0,0.0,1.0,0.0,0.0,,,,,,,,,,,,,,,,,,,0.990234375,51894.703125,0.01953125,1.0,0.0,0.0,1
0,single,4,Q,bert.encoder.layer.4.attention.self.query,0.001,31,0,1,1,0.97265625,0.02734375,4.515839464147575e-06,5.459040403366089e-05,0.0002487003803253174,0.0,0.00017970862973015755,0.0,0.0,0.00027509703068062663,1.0,-0.08708126842975616,0.0,1.0,1.0,0.0,1.0,0.0,0.0,,,,,,,,,,,,,,,,,,,0.986328125,64945.85546875,0.02734375,1.0,0.0,0.0,1
0,single,4,K,bert.encoder.layer.4.attention.self.key,0.001,31,0,1,1,0.96484375,0.03515625,4.5956239773659036e-06,2.5741755962371826e-05,0.00021569430828094482,0.0,0.00016260490519925952,0.0,0.0,0.0002690814435482025,1.0,-0.04415018483996391,0.0,1.0,1.0,0.0,1.0,0.0,0.0,,,,,,,,,,,,,,,,,,,0.9765625,58681.53515625,0.03515625,1.0,0.0,0.0,1
0,single,4,V,bert.encoder.layer.4.attention.self.value,0.001,31,0,1,1,0.95703125,0.04296875,4.917151727568125e-06,4.978105425834656e-05,0.0001824796199798584,0.0,0.00013747482444159687,0.0,0.0,0.0004904838278889656,1.0,0.01486047264188528,0.0,1.0,1.0,0.0,1.0,0.0,0.0,,,,,,,,,,,,,,,,,,,0.98046875,55887.1484375,0.04296875,1.0,0.0,0.0,1
0,single,4,O,bert.encoder.layer.4.attention.output.dense,0.001,31,0,1,1,0.916015625,0.083984375,8.247081495937891e-06,3.018975257873535e-05,0.0003071427345275879,0.0,0.00013384247722569853,0.0,0.0,0.0005506720626726747,1.0,0.04383791983127594,0.0,1.0,1.0,0.0,1.0,0.0,0.0,,,,,,,,,,,,,,,,,,,0.958984375,71984.0,0.083984375,1.0,0.0,0.0,1
0,single,4,FFN1,bert.encoder.layer.4.intermediate.dense,0.001,31,0,1,1,0.966796875,0.033203125,3.849992026516702e-06,3.6872923374176025e-05,0.0001961439847946167,0.0,0.0001246868196176365,0.0,0.0,0.00032943757832981646,1.0,0.21837608516216278,0.0,1.0,1.0,0.0,1.0,0.0,0.0,,,,,,,,,,,,,,,,,,,0.9765625,50792.2265625,0.033203125,1.0,0.0,0.0,1
0,single,4,FFN2,bert.encoder.layer.4.output.dense,0.001,31,0,1,1,0.97265625,0.02734375,4.28424755227752e-06,5.85019588470459e-05,0.00028431881219148636,0.0,0.0001543862308608368,0.0,0.0,0.00027061987202614546,1.0,0.006177246570587158,0.0,1.0,1.0,0.0,1.0,0.0,0.0,,,,,,,,,,,,,,,,,,,0.984375,62532.26171875,0.02734375,1.0,0.0,0.0,1
0,single,5,Q,bert.encoder.layer.5.attention.self.query,0.001,31,0,1,1,0.974609375,0.025390625,4.144732884014957e-06,7.096678018569946e-05,0.0002915114164352417,0.0,0.00015593331772834063,0.0,0.0,0.0002361667575314641,1.0,0.043687853962183,0.0,1.0,1.0,0.0,1.0,0.0,0.0,,,,,,,,,,,,,,,,,,,0.98828125,62241.59375,0.025390625,1.0,0.0,0.0,1
0,single,5,K,bert.encoder.layer.5.attention.self.key,0.001,31,0,1,1,0.9609375,0.0390625,5.7789475249592215e-06,5.7950615882873535e-05,0.00029176753014326096,0.0,0.00019775403779931366,0.0,0.0,0.00022784271277487278,1.0,0.06379678845405579,0.0,1.0,1.0,0.0,1.0,0.0,0.0,,,,,,,,,,,,,,,,,,,0.978515625,72039.265625,0.0390625,1.0,0.0,0.0,1
0,single,5,V,bert.encoder.layer.5.attention.self.value,0.001,31,0,1,1,0.94140625,0.05859375,6.554631454491755e-06,3.091525286436081e-05,0.00020267441868782043,0.0,0.00015598694153595716,0.0,0.0,0.000504968804307282,1.0,0.05424070730805397,0.0,1.0,1.0,0.0,1.0,0.0,0.0,,,,,,,,,,,,,,,,,,,0.95703125,65487.5078125,0.05859375,1.0,0.0,0.0,1
0,single,5,O,bert.encoder.layer.5.attention.output.dense,0.001,31,0,1,1,0.919921875,0.080078125,7.310615274036536e-06,1.1002644896507263e-05,0.00019360333681106567,0.0,0.00012849342601839453,0.0,0.0,0.0005027558072470129,1.0,0.02060653083026409,0.0,1.0,1.0,0.0,1.0,0.0,0.0,,,,,,,,,,,,,,,,,,,0.955078125,63493.14453125,0.080078125,1.0,0.0,0.0,1
0,single,5,FFN1,bert.encoder.layer.5.intermediate.dense,0.001,31,0,1,1,0.97265625,0.02734375,3.523214218148496e-06,5.445629358291626e-05,0.00022321194410324097,0.0,0.00015041051665320992,0.0,0.0,0.00036780000664293766,1.0,0.01676887273788452,0.0,1.0,1.0,0.0,1.0,0.0,0.0,,,,,,,,,,,,,,,,,,,0.98046875,51754.3828125,0.02734375,1.0,0.0,0.0,1
0,single,5,FFN2,bert.encoder.layer.5.output.dense,0.001,31,0,1,1,0.97265625,0.02734375,3.660868969745934e-06,7.076561450958252e-05,0.00025871768593788147,0.0,0.00014434638433158398,0.0,0.0,0.00028321356512606144,1.0,0.16297854483127594,0.0,1.0,1.0,0.0,1.0,0.0,0.0,,,,,,,,,,,,,,,,,,,0.9765625,53458.0546875,0.02734375,1.0,0.0,0.0,1
0,single,6,Q,bert.encoder.layer.6.attention.self.query,0.001,31,0,1,1,0.98046875,0.01953125,2.798119567160029e-06,0.00010189041495323181,0.00022865086793899536,0.0,0.00012815659283660352,0.0,0.0,0.0002877983497455716,1.0,0.024165689945220947,0.0,1.0,1.0,0.0,1.0,0.0,0.0,,,,,,,,,,,,,,,,,,,0.98828125,46907.421875,0.01953125,1.0,0.0,0.0,1
0,single,6,K,bert.encoder.layer.6.attention.self.key,0.001,31,0,1,1,0.96875,0.03125,4.6068353185546584e-06,6.175786256790161e-05,0.0002459883689880371,0.0,0.00014341622591018677,0.0,0.0,0.00027159234741702676,1.0,-0.05076001584529877,0.0,1.0,1.0,0.0,1.0,0.0,0.0,,,,,,,,,,,,,,,,,,,0.982421875,62098.76171875,0.03125,1.0,0.0,0.0,1
0,single,6,V,bert.encoder.layer.6.attention.self.value,0.001,31,0,1,1,0.9296875,0.0703125,7.184264177340083e-06,1.49458646774292e-05,0.00020300596952438354,0.0,0.00013257638784125447,0.0,0.0,0.0006129079847596586,1.0,0.12748584151268005,0.0,1.0,1.0,0.0,1.0,0.0,0.0,,,,,,,,,,,,,,,,,,,0.955078125,65780.6796875,0.0703125,1.0,0.0,0.0,1
0,single,6,O,bert.encoder.layer.6.attention.output.dense,0.001,31,0,1,1,0.92578125,0.07421875,7.920042662590276e-06,1.5273690223693848e-06,0.00018559396266937256,0.0,0.00015240295033436269,0.0,0.0,0.0005806558765470982,1.0,0.1446889042854309,0.0,1.0,1.0,0.0,1.0,0.0,0.0,,,,,,,,,,,,,,,,,,,0.947265625,69667.0703125,0.07421875,1.0,0.0,0.0,1
0,single,6,FFN1,bert.encoder.layer.6.intermediate.dense,0.001,31,0,1,1,0.982421875,0.017578125,2.2097246983321384e-06,4.3977051973342896e-05,0.00026932358741760254,0.0,0.00011210180673515424,0.0,0.0,0.00039021740667521954,1.0,0.0702396035194397,0.0,1.0,1.0,0.0,1.0,0.0,0.0,,,,,,,,,,,,,,,,,,,0.98828125,42165.25390625,0.017578125,1.0,0.0,0.0,1
0,single,6,FFN2,bert.encoder.layer.6.output.dense,0.001,31,0,1,1,0.98046875,0.01953125,1.9370190784684382e-06,6.414949893951416e-06,0.00017356500029563904,0.0,9.61235782597214e-05,0.0,0.0,0.0003758054808713496,1.0,-0.05082719400525093,0.0,1.0,1.0,0.0,1.0,0.0,0.0,,,,,,,,,,,,,,,,,,,0.990234375,34824.1015625,0.01953125,1.0,0.0,0.0,1
0,single,7,Q,bert.encoder.layer.7.attention.self.query,0.001,31,0,1,1,0.982421875,0.017578125,2.398609467491042e-06,8.637085556983948e-05,0.0002089366316795349,0.0,0.00011953833745792508,0.0,0.0,0.0002600381849333644,1.0,0.002098717028275132,0.0,1.0,1.0,0.0,1.0,0.0,0.0,,,,,,,,,,,,,,,,,,,0.9921875,42423.7421875,0.017578125,1.0,0.0,0.0,1
0,single,7,K,bert.encoder.layer.7.attention.self.key,0.001,31,0,1,1,0.974609375,0.025390625,3.7654626794392243e-06,8.662417531013489e-05,0.00027351267635822296,0.0,0.0001511710142949596,0.0,0.0,0.00023150918423198164,1.0,-0.05594440549612045,0.0,1.0,1.0,0.0,1.0,0.0,0.0,,,,,,,,,,,,,,,,,,,0.986328125,55975.56640625,0.025390625,1.0,0.0,0.0,1
0,single,7,V,bert.encoder.layer.7.attention.self.value,0.001,31,0,1,1,0.94140625,0.05859375,6.1295090745261405e-06,4.565343260765076e-05,0.00019356608390808105,0.0,0.00012703612446784973,0.0,0.0,0.0005444635171443224,1.0,0.04404811933636665,0.0,1.0,1.0,0.0,1.0,0.0,0.0,,,,,,,,,,,,,,,,,,,0.962890625,60470.95703125,0.05859375,1.0,0.0,0.0,1
0,single,7,O,bert.encoder.layer.7.attention.output.dense,0.001,31,0,1,1,0.955078125,0.044921875,4.545890533336205e-06,5.5884942412376404e-05,0.00017665699124336243,0.0,0.00011750590783776715,0.0,0.0,0.0005602746969088912,1.0,-0.007206497248262167,0.0,1.0,1.0,0.0,1.0,0.0,0.0,,,,,,,,,,,,,,,,,,,0.97265625,50827.5,0.044921875,1.0,0.0,0.0,1
0,single,7,FFN1,bert.encoder.layer.7.intermediate.dense,0.001,31,0,1,1,0.962890625,0.037109375,4.677463039115537e-06,2.08243727684021e-05,0.00022561848163604736,0.0,0.0001628034224268049,0.0,0.0,0.00043784244917333126,1.0,0.13805103302001953,0.0,1.0,1.0,0.0,1.0,0.0,0.0,,,,,,,,,,,,,,,,,,,0.978515625,59262.91796875,0.037109375,1.0,0.0,0.0,1
0,single,7,FFN2,bert.encoder.layer.7.output.dense,0.001,31,0,1,1,0.978515625,0.021484375,2.7529731596587226e-06,2.734363079071045e-06,0.00021262839436531067,0.0,0.00013253532233648002,0.0,0.0,0.0003167284303344786,1.0,0.054130733013153076,0.0,1.0,1.0,0.0,1.0,0.0,0.0,,,,,,,,,,,,,,,,,,,0.984375,46655.46484375,0.021484375,1.0,0.0,0.0,1
0,single,8,Q,bert.encoder.layer.8.attention.self.query,0.001,31,0,1,1,0.958984375,0.041015625,6.179215688462136e-06,6.072968244552612e-05,0.00022927671670913696,0.0,0.00018097269639838487,0.0,0.0,0.00034224853152409196,1.0,-0.07819779962301254,0.0,1.0,1.0,0.0,1.0,0.0,0.0,,,,,,,,,,,,,,,,,,,0.98828125,71981.640625,0.041015625,1.0,0.0,0.0,1
0,single,8,K,bert.encoder.layer.8.attention.self.key,0.001,31,0,1,1,0.970703125,0.029296875,5.057015187048819e-06,8.513778448104858e-05,0.0002902224659919739,0.0,0.00019365656771697104,0.0,0.0,0.00027417170349508524,1.0,0.0907636433839798,0.0,1.0,1.0,0.0,1.0,0.0,0.0,,,,,,,,,,,,,,,,,,,0.98046875,70324.3046875,0.029296875,1.0,0.0,0.0,1
0,single,8,V,bert.encoder.layer.8.attention.self.value,0.001,31,0,1,1,0.94921875,0.05078125,5.736890670959838e-06,4.1544437408447266e-05,0.00018711388111114502,0.0,0.0001550660963403061,0.0,0.0,0.00044725724728778005,1.0,0.08954115211963654,0.0,1.0,1.0,0.0,1.0,0.0,0.0,,,,,,,,,,,,,,,,,,,0.97265625,61653.63671875,0.05078125,1.0,0.0,0.0,1
0,single,8,O,bert.encoder.layer.8.attention.output.dense,0.001,31,0,1,1,0.94140625,0.05859375,6.408686203940306e-06,3.0376017093658447e-05,0.0002964027225971222,0.0,0.00014275360445026308,0.0,0.0,0.000528898905031383,1.0,0.046501632779836655,0.0,1.0,1.0,0.0,1.0,0.0,0.0,,,,,,,,,,,,,,,,,,,0.96875,65630.2265625,0.05859375,1.0,0.0,0.0,1
0,single,8,FFN1,bert.encoder.layer.8.intermediate.dense,0.001,31,0,1,1,0.974609375,0.025390625,2.9046236704743933e-06,4.589185118675232e-05,0.00018388032913208008,0.0,0.00012271414743736386,0.0,0.0,0.0004337191639933735,1.0,0.11229987442493439,0.0,1.0,1.0,0.0,1.0,0.0,0.0,,,,,,,,,,,,,,,,,,,0.98046875,43481.6640625,0.025390625,1.0,0.0,0.0,1
0,single,8,FFN2,bert.encoder.layer.8.output.dense,0.001,31,0,1,1,0.9765625,0.0234375,2.798999958031345e-06,7.066130638122559e-05,0.0002320408821105957,0.0,9.550079266773537e-05,0.0,0.0,0.0003318559902254492,1.0,0.03909115865826607,0.0,1.0,1.0,0.0,1.0,0.0,0.0,,,,,,,,,,,,,,,,,,,0.984375,44540.21875,0.0234375,1.0,0.0,0.0,1
0,single,9,Q,bert.encoder.layer.9.attention.self.query,0.001,31,0,1,1,0.978515625,0.021484375,3.1826280064706225e-06,9.70698893070221e-05,0.00021823495626449585,0.0,0.00014022173127159476,0.0,0.0,0.00031209178268909454,1.0,0.03692435845732689,0.0,1.0,1.0,0.0,1.0,0.0,0.0,,,,,,,,,,,,,,,,,,,0.986328125,50556.1640625,0.021484375,1.0,0.0,0.0,1
0,single,9,K,bert.encoder.layer.9.attention.self.key,0.001,31,0,1,1,0.984375,0.015625,1.9552098819985986e-06,1.615285873413086e-05,0.00016265735030174255,0.0,0.00012201297067804262,0.0,0.0,0.0002760895004030317,1.0,0.041922710835933685,0.0,1.0,1.0,0.0,1.0,0.0,0.0,,,,,,,,,,,,,,,,,,,0.98828125,37532.4140625,0.015625,1.0,0.0,0.0,1
0,single,9,V,bert.encoder.layer.9.attention.self.value,0.001,31,0,1,1,0.9609375,0.0390625,4.307756171328947e-06,3.55839729309082e-05,0.00021446682512760162,0.0,0.00014493850176222622,0.0,0.0,0.0005823989631608129,1.0,-0.05291477590799332,0.0,1.0,1.0,0.0,1.0,0.0,0.0,,,,,,,,,,,,,,,,,,,0.98046875,53864.61328125,0.0390625,1.0,0.0,0.0,1
0,single,9,O,bert.encoder.layer.9.attention.output.dense,0.001,31,0,1,1,0.94140625,0.05859375,6.056544407329056e-06,3.664381802082062e-05,0.0001353733241558075,0.0,0.00012383614375721663,0.0,0.0,0.0006567540112882853,1.0,0.08178672939538956,0.0,1.0,1.0,0.0,1.0,0.0,0.0,,,,,,,,,,,,,,,,,,,0.966796875,57959.41796875,0.05859375,1.0,0.0,0.0,1
0,single,9,FFN1,bert.encoder.layer.9.intermediate.dense,0.001,31,0,1,1,0.974609375,0.025390625,3.31148476107046e-06,5.416572093963623e-05,0.0002145431935787201,0.0,0.00015214754967018962,0.0,0.0,0.0003955736174248159,1.0,0.3267762064933777,0.0,1.0,1.0,0.0,1.0,0.0,0.0,,,,,,,,,,,,,,,,,,,0.982421875,50707.05859375,0.025390625,1.0,0.0,0.0,1
0,single,9,FFN2,bert.encoder.layer.9.output.dense,0.001,31,0,1,1,0.982421875,0.017578125,2.337219939363422e-06,1.3709068298339844e-05,0.0002278462052345276,0.0,0.00012373478966765106,0.0,0.0,0.00030099303694441915,1.0,0.03169472888112068,0.0,1.0,1.0,0.0,1.0,0.0,0.0,,,,,,,,,,,,,,,,,,,0.98828125,44854.0625,0.017578125,1.0,0.0,0.0,1
0,single,10,Q,bert.encoder.layer.10.attention.self.query,0.001,31,0,1,1,0.990234375,0.009765625,1.5786499716341496e-06,0.00011779367923736572,0.00018648430705070496,0.0,0.0,0.0,0.0,0.000295299687422812,1.0,0.07805241644382477,0.0,1.0,1.0,0.0,1.0,0.0,0.0,,,,,,,,,,,,,,,,,,,0.99609375,36566.69140625,0.009765625,0.0,0.0,0.0,1
0,single,10,K,bert.encoder.layer.10.attention.self.key,0.001,31,0,1,1,0.97265625,0.02734375,3.1356066756416112e-06,4.536658525466919e-05,0.00019953027367591858,0.0,0.00012148380483267829,0.0,0.0,0.00025835965061560273,1.0,0.0432535782456398,0.0,1.0,1.0,0.0,1.0,0.0,0.0,,,,,,,,,,,,,,,,,,,0.990234375,45414.06640625,0.02734375,1.0,0.0,0.0,1
0,single,10,V,bert.encoder.layer.10.attention.self.value,0.001,31,0,1,1,0.953125,0.046875,4.566132702166215e-06,5.005626007914543e-06,0.00017529726028442383,0.0,0.0001348290388705209,0.0,0.0,0.0005404014373198152,1.0,0.0369919016957283,0.0,1.0,1.0,0.0,1.0,0.0,0.0,,,,,,,,,,,,,,,,,,,0.97265625,52680.4609375,0.046875,1.0,0.0,0.0,1
0,single,10,O,bert.encoder.layer.10.attention.output.dense,0.001,31,0,1,1,0.951171875,0.048828125,5.33359934706823e-06,1.0622665286064148e-05,0.0003543160855770111,0.0,0.00013126214616931975,0.0,0.0,0.0005655281711369753,1.0,0.07078190892934799,0.0,1.0,1.0,0.0,1.0,0.0,0.0,,,,,,,,,,,,,,,,,,,0.96875,62267.67578125,0.048828125,1.0,0.0,0.0,1
0,single,10,FFN1,bert.encoder.layer.10.intermediate.dense,0.001,31,0,1,1,0.974609375,0.025390625,3.5145926631230395e-06,4.895031452178955e-05,0.0002124258317053318,0.0,0.0001411585690220818,0.0,0.0,0.00034897075966000557,1.0,0.10502555221319199,0.0,1.0,1.0,0.0,1.0,0.0,0.0,,,,,,,,,,,,,,,,,,,0.982421875,51687.14453125,0.025390625,1.0,0.0,0.0,1
0,single,10,FFN2,bert.encoder.layer.10.output.dense,0.001,31,0,1,1,0.974609375,0.025390625,3.443608875386417e-06,4.343688488006592e-05,0.0002391412854194641,0.0,0.00015133271517697722,0.0,0.0,0.0003368348116055131,1.0,0.07137425243854523,0.0,1.0,1.0,0.0,1.0,0.0,0.0,,,,,,,,,,,,,,,,,,,0.982421875,53458.3828125,0.025390625,1.0,0.0,0.0,1
0,single,11,Q,bert.encoder.layer.11.attention.self.query,0.001,31,0,1,1,0.984375,0.015625,1.8903976979345316e-06,6.398558616638184e-05,0.00015764986164867878,0.0,0.00010226255835732445,0.0,0.0,0.0002523203438613564,1.0,0.06158658117055893,0.0,1.0,1.0,0.0,1.0,0.0,0.0,,,,,,,,,,,,,,,,,,,0.990234375,35262.625,0.015625,1.0,0.0,0.0,1
0,single,11,K,bert.encoder.layer.11.attention.self.key,0.001,31,0,1,1,0.984375,0.015625,2.3976344891707413e-06,8.61799344420433e-06,0.0002525150775909424,0.0,0.00010666907473932952,0.0,0.0,0.00024858114193193614,1.0,0.050137877464294434,0.0,1.0,1.0,0.0,1.0,0.0,0.0,,,,,,,,,,,,,,,,,,,0.9921875,48127.87890625,0.015625,1.0,0.0,0.0,1
0,single,11,V,bert.encoder.layer.11.attention.self.value,0.001,31,0,1,1,0.966796875,0.033203125,4.4625394366448745e-06,4.630535840988159e-05,0.00021220743656158447,0.0,0.00015693109889980406,0.0,0.0,0.0004923351807519794,1.0,0.047536786645650864,0.0,1.0,1.0,0.0,1.0,0.0,0.0,,,,,,,,,,,,,,,,,,,0.98046875,58292.73828125,0.033203125,1.0,0.0,0.0,1
0,single,11,O,bert.encoder.layer.11.attention.output.dense,0.001,31,0,1,1,0.966796875,0.033203125,3.924905286112335e-06,4.188716411590576e-05,0.0002043023705482483,0.0,0.00013630509783979505,0.0,0.0,0.0005143489106558263,1.0,0.05743227154016495,0.0,1.0,1.0,0.0,1.0,0.0,0.0,,,,,,,,,,,,,,,,,,,0.9765625,52086.90625,0.033203125,1.0,0.0,0.0,1
0,single,11,FFN1,bert.encoder.layer.11.intermediate.dense,0.001,31,0,1,1,0.990234375,0.009765625,1.2783420970663428e-06,6.644055247306824e-05,0.00017531588673591614,0.0,0.0,0.0,0.0,0.00047276023542508483,1.0,-0.030478181317448616,0.0,1.0,1.0,0.0,1.0,0.0,0.0,,,,,,,,,,,,,,,,,,,0.994140625,30595.521484375,0.009765625,0.0,0.0,0.0,1
0,single,11,FFN2,bert.encoder.layer.11.output.dense,0.001,31,0,1,1,0.96484375,0.03515625,4.232983883412089e-06,4.850327968597412e-05,0.000191517174243927,0.0,0.00013801184832118452,0.0,0.001953125,0.0003836950345430523,1.0,0.12543469667434692,0.0,1.0,1.0,0.0,1.0,0.0,0.0,,,,,,,,,,,,,,,,,,,0.982421875,53663.546875,0.03515625,1.0,0.0,0.0,1
1,single,0,Q,bert.encoder.layer.0.attention.self.query,0.001,31,0,1,1,0.98828125,0.01171875,2.482163836248219e-06,0.00012312829494476318,0.00031469762325286865,0.0,0.00010958598431898281,0.0,0.0,0.00019306303875055164,1.0,0.05257873237133026,0.0,1.0,1.0,0.0,1.0,0.0,0.0,,,,,,,,,,,,,,,,,,,0.9921875,54590.2578125,0.01171875,0.8900146484375,0.0,0.0,1
1,single,0,K,bert.encoder.layer.0.attention.self.key,0.001,31,0,1,1,0.982421875,0.017578125,2.0601491996785626e-06,2.911686897277832e-05,0.00018741562962532043,0.0,0.0001240443962160498,0.0,0.0,0.00015662371879443526,1.0,0.026491504162549973,0.0,1.0,1.0,0.0,1.0,0.0,0.0,,,,,,,,,,,,,,,,,,,0.98828125,37574.84375,0.017578125,1.0,0.0,0.0,1
1,single,0,V,bert.encoder.layer.0.attention.self.value,0.001,31,0,1,1,0.9296875,0.0703125,6.865900104457978e-06,2.926960587501526e-05,0.00025514140725135803,0.0,0.0001432738936273381,0.0,0.0,0.0003914633416570723,1.0,0.05580504983663559,0.0,1.0,1.0,0.0,1.0,0.0,0.0,,,,,,,,,,,,,,,,,,,0.95703125,65147.59765625,0.0703125,1.0,0.0,0.0,1
1,single,0,O,bert.encoder.layer.0.attention.output.dense,0.001,31,0,1,1,0.931640625,0.068359375,6.1226719481055625e-06,2.5294721126556396e-05,0.0002408921718597412,0.0,0.00010920639761025086,0.0,0.0,0.000451554951723665,1.0,0.03387945517897606,0.0,1.0,1.0,0.0,1.0,0.0,0.0,,,,,,,,,,,,,,,,,,,0.955078125,57243.7890625,0.068359375,1.0,0.0,0.0,1
1,single,0,FFN1,bert.encoder.layer.0.intermediate.dense,0.001,31,0,1,1,0.9765625,0.0234375,3.2354982977267355e-06,7.952237501740456e-05,0.00021061673760414124,0.0,0.00013573582691606134,0.0,0.0,0.00030308266286738217,1.0,0.17825092375278473,0.0,1.0,1.0,0.0,1.0,0.0,0.0,,,,,,,,,,,,,,,,,,,0.982421875,49882.0390625,0.0234375,1.0,0.0,0.0,1
1,single,0,FFN2,bert.encoder.layer.0.output.dense,0.001,31,0,1,1,0.982421875,0.017578125,2.6882235033554025e-06,7.110834121704102e-05,0.0002785767428576946,0.0,0.0001412822603015229,0.0,0.0,0.00021562771871685982,1.0,-0.003276175120845437,0.0,1.0,1.0,0.0,1.0,0.0,0.0,,,,,,,,,,,,,,,,,,,0.990234375,48574.5546875,0.017578125,1.0,0.0,0.0,1
1,single,1,Q,bert.encoder.layer.1.attention.self.query,0.001,31,0,1,1,0.978515625,0.021484375,3.2010680115490686e-06,3.2998621463775635e-05,0.00024157389998435974,0.0,0.0001474526070524007,0.0,0.0,0.0003565624065231532,1.0,0.12149816751480103,0.0,1.0,1.0,0.0,1.0,0.0,0.0,,,,,,,,,,,,,,,,,,,0.98046875,53273.10546875,0.021484375,1.0,0.0,0.0,1
1,single,1,K,bert.encoder.layer.1.attention.self.key,0.001,31,0,1,1,0.97265625,0.02734375,4.751829237648053e-06,7.056072354316711e-05,0.0003538457676768303,0.0,0.00017137249233201146,0.0,0.0,0.00022393098333850503,1.0,0.0007651621126569808,0.0,1.0,1.0,0.0,1.0,0.0,0.0,,,,,,,,,,,,,,,,,,,0.986328125,70186.5703125,0.02734375,1.0,0.0,0.0,1
1,single,1,V,bert.encoder.layer.1.attention.self.value,0.001,31,0,1,1,0.9375,0.0625,6.0215693338250276e-06,4.82313334941864e-05,0.00015769898891448975,0.0,0.00012499473814386874,0.0,0.0,0.0004575200437102467,1.0,0.11517773568630219,0.0,1.0,1.0,0.0,1.0,0.0,0.0,,,,,,,,,,,,,,,,,,,0.953125,56345.3671875,0.0625,1.0,0.0,0.0,1
1,single,1,O,bert.encoder.layer.1.attention.output.dense,0.001,31,0,1,1,0.908203125,0.091796875,7.608759005961474e-06,1.3776123523712158e-05,0.00016271322965621948,0.0,0.0001336362329311669,0.0,0.0,0.0005001607351005077,1.0,0.006087095942348242,0.0,1.0,1.0,0.0,1.0,0.0,0.0,,,,,,,,,,,,,,,,,,,0.953125,61545.08984375,0.091796875,1.0,0.0,0.0,1
1,single,1,FFN1,bert.encoder.layer.1.intermediate.dense,0.001,31,0,1,1,0.970703125,0.029296875,3.5551629480323754e-06,3.316253423690796e-05,0.00023336708545684814,0.0,0.00011969514889642596,0.0,0.0,0.00027789673185907304,1.0,0.13765321671962738,0.0,1.0,1.0,0.0,1.0,0.0,0.0,,,,,,,,,,,,,,,,,,,0.98046875,51469.75,0.029296875,1.0,0.0,0.0,1
1,single,1,FFN2,bert.encoder.layer.1.output.dense,0.001,31,0,1,1,0.974609375,0.025390625,3.07057166537561e-06,3.793835639953613e-05,0.00017622113227844238,0.0,0.00014424083929043263,0.0,0.0,0.00023673390387557447,1.0,-0.09595699608325958,0.0,1.0,1.0,0.0,1.0,0.0,0.0,,,,,,,,,,,,,,,,,,,0.984375,46135.59375,0.025390625,1.0,0.0,0.0,1
1,single,2,Q,bert.encoder.layer.2.attention.self.query,0.001,31,0,1,1,0.9765625,0.0234375,3.4269564821443055e-06,6.034970283508301e-05,0.0002180635929107666,0.0,0.00015151088882703334,0.0,0.0,0.00020971409685444087,1.0,-0.009133154526352882,0.0,1.0,1.0,0.0,1.0,0.0,0.0,,,,,,,,,,,,,,,,,,,0.98828125,53308.72265625,0.0234375,1.0,0.0,0.0,1
1,single,2,K,bert.encoder.layer.2.attention.self.key,0.001,31,0,1,1,0.982421875,0.017578125,2.0443394532776438e-06,1.4439225196838379e-05,0.0001663006842136383,0.0,0.00011101635755039752,0.0,0.0,0.00017952179769054055,1.0,-0.06345903873443604,0.0,1.0,1.0,0.0,1.0,0.0,0.0,,,,,,,,,,,,,,,,,,,0.98828125,37427.53515625,0.017578125,1.0,0.0,0.0,1
1,single,2,V,bert.encoder.layer.2.attention.self.value,0.001,31,0,1,1,0.919921875,0.080078125,6.646906513196882e-06,1.370161771774292e-05,0.00020295102149248123,0.0,0.00012209966371301562,0.0,0.0,0.0005455507198348641,1.0,0.12043846398591995,0.0,1.0,1.0,0.0,1.0,0.0,0.0,,,,,,,,,,,,,,,,,,,0.947265625,59125.7109375,0.080078125,1.0,0.0,0.0,1
1,single,2,O,bert.encoder.layer.2.attention.output.dense,0.001,31,0,1,1,0.9140625,0.0859375,7.2462835305486806e-06,1.6932375729084015e-05,0.00017038313671946526,0.0,0.00013086087710689753,0.0,0.0,0.000606333720497787,1.0,0.019520286470651627,0.0,1.0,1.0,0.0,1.0,0.0,0.0,,,,,,,,,,,,,,,,,,,0.958984375,60368.98046875,0.0859375,1.0,0.0,0.0,1
1,single,2,FFN1,bert.encoder.layer.2.intermediate.dense,0.001,31,0,1,1,0.96875,0.03125,3.6141168493486475e-06,3.985315561294556e-05,0.0002200976014137268,0.0,0.000134191956021823,0.0,0.0,0.0003067885700147599,1.0,0.1787920594215393,0.0,1.0,1.0,0.0,1.0,0.0,0.0,,,,,,,,,,,,,,,,,,,0.984375,49764.984375,0.03125,1.0,0.0,0.0,1
1,single,2,FFN2,bert.encoder.layer.2.output.dense,0.001,31,0,1,1,0.974609375,0.025390625,3.554355316737201e-06,4.494562745094299e-05,0.0003102533519268036,0.0,0.0001373231061734259,0.0,0.0,0.0002254870778415352,1.0,0.05735256150364876,0.0,1.0,1.0,0.0,1.0,0.0,0.0,,,,,,,,,,,,,,,,,,,0.98828125,56312.3515625,0.025390625,1.0,0.0,0.0,1
1,single,3,Q,bert.encoder.layer.3.attention.self.query,0.001,31,0,1,1,0.98046875,0.01953125,2.257064807054121e-06,3.979727625846863e-05,0.00015417765825986862,0.0,0.00011357227776898071,0.0,0.0,0.0002395256597083062,1.0,0.012046785093843937,0.0,1.0,1.0,0.0,1.0,0.0,0.0,,,,,,,,,,,,,,,,,,,0.98828125,37824.53125,0.01953125,1.0,0.0,0.0,1
1,single,3,K,bert.encoder.layer.3.attention.self.key,0.001,31,0,1,1,0.9765625,0.0234375,3.5529633350961376e-06,2.1323561668395996e-05,0.0002709925174713135,0.0,0.00014212712994776666,0.0,0.0,0.0002129462081938982,1.0,0.000547186762560159,0.0,1.0,1.0,0.0,1.0,0.0,0.0,,,,,,,,,,,,,,,,,,,0.98046875,55891.16015625,0.0234375,1.0,0.0,0.0,1
1,single,3,V,bert.encoder.layer.3.attention.self.value,0.001,31,0,1,1,0.94140625,0.05859375,6.042774657544214e-06,4.852563142776489e-05,0.00016472861170768738,0.0,0.0001244315062649548,0.0,0.0,0.0004838778986595571,1.0,0.0341557152569294,0.0,1.0,1.0,0.0,1.0,0.0,0.0,,,,,,,,,,,,,,,,,,,0.958984375,58815.97265625,0.05859375,1.0,0.0,0.0,1
1,single,3,O,bert.encoder.layer.3.attention.output.dense,0.001,31,0,1,1,0.9140625,0.0859375,7.056552476569777e-06,1.3140961527824402e-05,0.00017951428890228271,0.0,0.00011870639718836173,0.0,0.0,0.0004981204401701689,1.0,0.08392199873924255,0.0,1.0,1.0,0.0,1.0,0.0,0.0,,,,,,,,,,,,,,,,,,,0.9453125,59260.5,0.0859375,1.0,0.0,0.0,1
1,single,3,FFN1,bert.encoder.layer.3.intermediate.dense,0.001,31,0,1,1,0.98828125,0.01171875,8.911283657653257e-07,5.101785063743591e-06,0.00012069195508956909,0.0,4.5406632125377655e-06,0.0,0.0,0.0003493230324238539,1.0,0.05677485466003418,0.0,1.0,1.0,0.0,1.0,0.0,0.0,,,,,,,,,,,,,,,,,,,0.9921875,20933.396484375,0.01171875,0.8900146484375,0.0,0.0,1
1,single,3,FFN2,bert.encoder.layer.3.output.dense,0.001,31,0,1,1,0.982421875,0.017578125,2.406839485047385e-06,8.52774828672409e-05,0.00020403414964675903,0.0,0.0001135247657657601,0.0,0.0,0.0001897029287647456,1.0,0.02618604712188244,0.0,1.0,1.0,0.0,1.0,0.0,0.0,,,,,,,,,,,,,,,,,,,0.990234375,42477.1875,0.017578125,1.0,0.0,0.0,1
1,single,4,Q,bert.encoder.layer.4.attention.self.query,0.001,31,0,1,1,0.984375,0.015625,2.4933997337939218e-06,0.00011542718857526779,0.00024124234914779663,0.0,0.00013863462663721293,0.0,0.0,0.00023888669966254383,1.0,0.0251870546489954,0.0,1.0,1.0,0.0,1.0,0.0,0.0,,,,,,,,,,,,,,,,,,,0.990234375,46439.92578125,0.015625,1.0,0.0,0.0,1
1,single,4,K,bert.encoder.layer.4.attention.self.key,0.001,31,0,1,1,0.982421875,0.017578125,2.869823219953105e-06,6.356090307235718e-05,0.00023606792092323303,0.0,0.00013468129327520728,0.0,0.0,0.0001931335573317483,1.0,0.011608142405748367,0.0,1.0,1.0,0.0,1.0,0.0,0.0,,,,,,,,,,,,,,,,,,,0.98828125,51912.72265625,0.017578125,1.0,0.0,0.0,1
1,single,4,V,bert.encoder.layer.4.attention.self.value,0.001,31,0,1,1,0.96484375,0.03515625,3.733297944563674e-06,7.383525371551514e-06,0.00022750906646251678,0.0,0.00012539706949610263,0.0,0.0,0.00034206704003736377,1.0,0.07461622357368469,0.0,1.0,1.0,0.0,1.0,0.0,0.0,,,,,,,,,,,,,,,,,,,0.970703125,49382.14453125,0.03515625,1.0,0.0,0.0,1
1,single,4,O,bert.encoder.layer.4.attention.output.dense,0.001,31,0,1,1,0.947265625,0.052734375,5.209734354139073e-06,1.839548349380493e-05,0.00016199052333831787,0.0,0.00013850932009518147,0.0,0.0,0.00039334536995738745,1.0,0.0716148391366005,0.0,1.0,1.0,0.0,1.0,0.0,0.0,,,,,,,,,,,,,,,,,,,0.96875,55405.04296875,0.052734375,1.0,0.0,0.0,1
1,single,4,FFN1,bert.encoder.layer.4.intermediate.dense,0.001,31,0,1,1,0.9765625,0.0234375,2.7687106012308504e-06,4.501268267631531e-05,0.0002660118043422699,0.0,0.00010809639206854627,0.0,0.0,0.0002533381339162588,1.0,-0.03635285049676895,0.0,1.0,1.0,0.0,1.0,0.0,0.0,,,,,,,,,,,,,,,,,,,0.986328125,44648.921875,0.0234375,1.0,0.0,0.0,1
1,single,4,FFN2,bert.encoder.layer.4.output.dense,0.001,31,0,1,1,0.982421875,0.017578125,2.0971397134417202e-06,6.695836782455444e-05,0.00023315194994211197,0.0,9.227854752680287e-05,0.0,0.0,0.000203919320483692,1.0,-0.011369038373231888,0.0,1.0,1.0,0.0,1.0,0.0,0.0,,,,,,,,,,,,,,,,,,,0.9921875,38817.06640625,0.017578125,1.0,0.0,0.0,1
1,single,5,Q,bert.encoder.layer.5.attention.self.query,0.001,31,0,1,1,0.974609375,0.025390625,4.179680672677932e-06,0.0001067034900188446,0.0002619512379169464,0.0,0.0001618088426766917,0.0,0.0,0.00017207494238391519,1.0,0.09151431173086166,0.0,1.0,1.0,0.0,1.0,0.0,0.0,,,,,,,,,,,,,,,,,,,0.978515625,61272.3984375,0.025390625,1.0,0.0,0.0,1
1,single,5,K,bert.encoder.layer.5.attention.self.key,0.001,31,0,1,1,0.97265625,0.02734375,3.578384166758042e-06,3.7923455238342285e-05,0.00019887089729309082,0.0,0.00013364000187721103,0.0,0.0,0.0001381163892801851,1.0,0.00816945731639862,0.0,1.0,1.0,0.0,1.0,0.0,0.0,,,,,,,,,,,,,,,,,,,0.986328125,51477.3203125,0.02734375,1.0,0.0,0.0,1
1,single,5,V,bert.encoder.layer.5.attention.self.value,0.001,31,0,1,1,0.935546875,0.064453125,7.458348591171671e-06,2.2104941308498383e-05,0.0002195192500948906,0.0,0.0001557381183374673,0.0,0.0,0.00035193044459447265,1.0,0.030690092593431473,0.0,1.0,1.0,0.0,1.0,0.0,0.0,,,,,,,,,,,,,,,,,,,0.962890625,72273.0859375,0.064453125,1.0,0.0,0.0,1
1,single,5,O,bert.encoder.layer.5.attention.output.dense,0.001,31,0,1,1,0.966796875,0.033203125,3.411337729630759e-06,3.284774720668793e-05,0.00016573071479797363,0.0,0.00011469647870399058,0.0,0.0,0.00044400992919690907,1.0,0.04089360311627388,0.0,1.0,1.0,0.0,1.0,0.0,0.0,,,,,,,,,,,,,,,,,,,0.982421875,44865.45703125,0.033203125,1.0,0.0,0.0,1
1,single,5,FFN1,bert.encoder.layer.5.intermediate.dense,0.001,31,0,1,1,0.978515625,0.021484375,2.7694457003235584e-06,6.610527634620667e-05,0.00018195528537034988,0.0,0.0001309059007326141,0.0,0.0,0.00031886884244158864,1.0,0.16743142902851105,0.0,1.0,1.0,0.0,1.0,0.0,0.0,,,,,,,,,,,,,,,,,,,0.986328125,43786.86328125,0.021484375,1.0,0.0,0.0,1
1,single,5,FFN2,bert.encoder.layer.5.output.dense,0.001,31,0,1,1,0.982421875,0.017578125,2.901299922086764e-06,9.879469871520996e-05,0.00026966631412506104,0.0,0.0001583570265211165,0.0,0.0,0.00023744767531752586,1.0,0.0942147821187973,0.0,1.0,1.0,0.0,1.0,0.0,0.0,,,,,,,,,,,,,,,,,,,0.98828125,51537.015625,0.017578125,1.0,0.0,0.0,1
1,single,6,Q,bert.encoder.layer.6.attention.self.query,0.001,31,0,1,1,0.9765625,0.0234375,3.4817567211575806e-06,9.382888674736023e-05,0.00023593753576278687,0.0,0.00015692207671236247,0.0,0.0,0.0001773700350895524,1.0,0.01993236318230629,0.0,1.0,1.0,0.0,1.0,0.0,0.0,,,,,,,,,,,,,,,,,,,0.984375,53191.75390625,0.0234375,1.0,0.0,0.0,1
1,single,6,K,bert.encoder.layer.6.attention.self.key,0.001,31,0,1,1,0.982421875,0.017578125,2.6131510821869597e-06,0.00010429695248603821,0.00019068270921707153,0.0,0.00014357302279677242,0.0,0.0,0.00016890096594579518,1.0,0.006590570788830519,0.0,1.0,1.0,0.0,1.0,0.0,0.0,,,,,,,,,,,,,,,,,,,0.990234375,45363.83984375,0.017578125,1.0,0.0,0.0,1
1,single,6,V,bert.encoder.layer.6.attention.self.value,0.001,31,0,1,1,0.953125,0.046875,4.756027919938788e-06,4.589185118675232e-05,0.00017349887639284134,0.0,0.00011470160097815096,0.0,0.0,0.0004536356427706778,1.0,0.06093352660536766,0.0,1.0,1.0,0.0,1.0,0.0,0.0,,,,,,,,,,,,,,,,,,,0.970703125,51632.81640625,0.046875,1.0,0.0,0.0,1
1,single,6,O,bert.encoder.layer.6.attention.output.dense,0.001,31,0,1,1,0.9609375,0.0390625,3.8882449189259205e-06,4.266202449798584e-05,0.00018699094653129578,0.0,0.00012870402133557945,0.0,0.0,0.00044388382229954004,1.0,0.04356258362531662,0.0,1.0,1.0,0.0,1.0,0.0,0.0,,,,,,,,,,,,,,,,,,,0.978515625,48186.71484375,0.0390625,1.0,0.0,0.0,1
1,single,6,FFN1,bert.encoder.layer.6.intermediate.dense,0.001,31,0,1,1,0.984375,0.015625,1.6500607671332546e-06,2.8483569622039795e-05,0.00019044801592826843,0.0,5.976376633043401e-05,0.0,0.0,0.0002863549452740699,1.0,0.047123830765485764,0.0,1.0,1.0,0.0,1.0,0.0,0.0,,,,,,,,,,,,,,,,,,,0.986328125,33808.0859375,0.015625,1.0,0.0,0.0,1
1,single,6,FFN2,bert.encoder.layer.6.output.dense,0.001,31,0,1,1,0.978515625,0.021484375,3.465156623860821e-06,8.358433842658997e-05,0.0003345310688018799,0.0,0.00013759429566562176,0.0,0.0,0.0002646331849973649,1.0,-0.03694860637187958,0.0,1.0,1.0,0.0,1.0,0.0,0.0,,,,,,,,,,,,,,,,,,,0.990234375,58183.96484375,0.021484375,1.0,0.0,0.0,1
1,single,7,Q,bert.encoder.layer.7.attention.self.query,0.001,31,0,1,1,0.974609375,0.025390625,3.395849034859566e-06,6.604939699172974e-05,0.00019166246056556702,0.0,0.00013422938354779035,0.0,0.0,0.00017707794904708862,1.0,0.017829515039920807,0.0,1.0,1.0,0.0,1.0,0.0,0.0,,,,,,,,,,,,,,,,,,,0.982421875,49592.1953125,0.025390625,1.0,0.0,0.0,1
1,single,7,K,bert.encoder.layer.7.attention.self.key,0.001,31,0,1,1,0.982421875,0.017578125,2.195501792812138e-06,8.574873208999634e-05,0.00018363073468208313,0.0,0.00010925265814876184,0.0,0.0,0.0001671821519266814,1.0,0.07965385168790817,0.0,1.0,1.0,0.0,1.0,0.0,0.0,,,,,,,,,,,,,,,,,,,0.986328125,38580.5078125,0.017578125,1.0,0.0,0.0,1
1,single,7,V,bert.encoder.layer.7.attention.self.value,0.001,31,0,1,1,0.962890625,0.037109375,3.882611053995788e-06,2.2545456886291504e-05,0.00022616516798734665,0.0,0.00011395187902962789,0.0,0.0,0.00047421545605175197,1.0,0.3082335591316223,0.0,1.0,1.0,0.0,1.0,0.0,0.0,,,,,,,,,,,,,,,,,,,0.970703125,50315.44140625,0.037109375,1.0,0.0,0.0,1
1,single,7,O,bert.encoder.layer.7.attention.output.dense,0.001,31,0,1,1,0.908203125,0.091796875,8.748480468057096e-06,2.666562795639038e-05,0.00018087774515151978,0.0,0.00013132969615980983,0.0,0.0,0.0004797950969077647,1.0,0.009509350173175335,0.0,1.0,1.0,0.0,1.0,0.0,0.0,,,,,,,,,,,,,,,,,,,0.951171875,69367.671875,0.091796875,1.0,0.0,0.0,1
1,single,7,FFN1,bert.encoder.layer.7.intermediate.dense,0.001,31,0,1,1,0.966796875,0.033203125,4.607945811585523e-06,5.9451907873153687e-05,0.0002986881881952286,0.0,0.0001469952694606036,0.0,0.0,0.000324961612932384,1.0,0.19675779342651367,0.0,1.0,1.0,0.0,1.0,0.0,0.0,,,,,,,,,,,,,,,,,,,0.974609375,62625.17578125,0.033203125,1.0,0.0,0.0,1
1,single,7,FFN2,bert.encoder.layer.7.output.dense,0.001,31,0,1,1,0.994140625,0.005859375,7.652706699445844e-07,9.879469871520996e-05,0.0001892000436782837,0.0,0.0,0.0,0.0,0.0002943167928606272,1.0,0.009150096215307713,0.0,1.0,1.0,0.0,1.0,0.0,0.0,,,,,,,,,,,,,,,,,,,0.998046875,23735.298828125,0.005859375,0.0,0.0,0.0,1
1,single,8,Q,bert.encoder.layer.8.attention.self.query,0.001,31,0,1,1,0.984375,0.015625,2.3382872313959524e-06,4.744529724121094e-05,0.00023370608687400818,0.0,0.00011940611875616014,0.0,0.0,0.00022244903084356338,1.0,0.007620326709002256,0.0,1.0,1.0,0.0,1.0,0.0,0.0,,,,,,,,,,,,,,,,,,,0.98828125,45181.03515625,0.015625,1.0,0.0,0.0,1
1,single,8,K,bert.encoder.layer.8.attention.self.key,0.001,31,0,1,1,0.97265625,0.02734375,4.044615252496442e-06,7.214397192001343e-05,0.00022433698177337646,0.0,0.00015384286234620959,0.0,0.0,0.00021850423945579678,1.0,0.13628792762756348,0.0,1.0,1.0,0.0,1.0,0.0,0.0,,,,,,,,,,,,,,,,,,,0.978515625,57668.390625,0.02734375,1.0,0.0,0.0,1
1,single,8,V,bert.encoder.layer.8.attention.self.value,0.001,31,0,1,1,0.96875,0.03125,3.4983042951353127e-06,6.204843521118164e-05,0.00016111508011817932,0.0,0.0001358001318294555,0.0,0.0,0.000569026917219162,1.0,0.026996592059731483,0.0,1.0,1.0,0.0,1.0,0.0,0.0,,,,,,,,,,,,,,,,,,,0.982421875,47069.8984375,0.03125,1.0,0.0,0.0,1
1,single,8,O,bert.encoder.layer.8.attention.output.dense,0.001,31,0,1,1,0.939453125,0.060546875,6.13398742643767e-06,2.630520612001419e-05,0.0001816917210817337,0.0,0.00014015441411174834,0.0,0.0,0.0005779615603387356,1.0,0.07685388624668121,0.0,1.0,1.0,0.0,1.0,0.0,0.0,,,,,,,,,,,,,,,,,,,0.962890625,59553.88671875,0.060546875,1.0,0.0,0.0,1
1,single,8,FFN1,bert.encoder.layer.8.intermediate.dense,0.001,31,0,1,1,0.96484375,0.03515625,3.576095878088381e-06,2.658367156982422e-05,0.00019522756338119507,0.0,0.00012908231292385608,0.0,0.0,0.00032454123720526695,1.0,0.12404228001832962,0.0,1.0,1.0,0.0,1.0,0.0,0.0,,,,,,,,,,,,,,,,,,,0.978515625,46612.1640625,0.03515625,1.0,0.0,0.0,1
1,single,8,FFN2,bert.encoder.layer.8.output.dense,0.001,31,0,1,1,0.978515625,0.021484375,2.5556596483511385e-06,5.819648504257202e-05,0.00016708485782146454,0.0,0.00012255048204679042,0.0,0.0,0.0003179756458848715,1.0,0.05466523766517639,0.0,1.0,1.0,0.0,1.0,0.0,0.0,,,,,,,,,,,,,,,,,,,0.98828125,40631.15234375,0.021484375,1.0,0.0,0.0,1
1,single,9,Q,bert.encoder.layer.9.attention.self.query,0.001,31,0,1,1,0.986328125,0.013671875,2.226621290901676e-06,0.00010345876216888428,0.00025666505098342896,0.0,0.00012064664042554796,0.0,0.0,0.00024480241700075567,1.0,0.04580763354897499,0.0,1.0,1.0,0.0,1.0,0.0,0.0,,,,,,,,,,,,,,,,,,,0.98828125,45119.09765625,0.013671875,1.0,0.0,0.0,1
1,single,9,K,bert.encoder.layer.9.attention.self.key,0.001,31,0,1,1,0.982421875,0.017578125,2.3245693228091113e-06,6.684660911560059e-05,0.00021842867136001587,0.0,0.0001206662564072758,0.0,0.0,0.00023460551165044308,1.0,0.07462023198604584,0.0,1.0,1.0,0.0,1.0,0.0,0.0,,,,,,,,,,,,,,,,,,,0.986328125,41381.73046875,0.017578125,1.0,0.0,0.0,1
1,single,9,V,bert.encoder.layer.9.attention.self.value,0.001,31,0,1,1,0.95703125,0.04296875,4.949264621245675e-06,1.5190336853265762e-05,0.00020847469568252563,0.0,0.00014632660895586014,0.0,0.0,0.0007144808769226074,1.0,0.01420212909579277,0.0,1.0,1.0,0.0,1.0,0.0,0.0,,,,,,,,,,,,,,,,,,,0.9765625,57701.19140625,0.04296875,1.0,0.0,0.0,1
1,single,9,O,bert.encoder.layer.9.attention.output.dense,0.001,31,0,1,1,0.958984375,0.041015625,3.881222710333532e-06,9.88692045211792e-06,0.0002012699842453003,0.0,0.0001203266074298881,0.0,0.0,0.0006752939079888165,1.0,0.03189465031027794,0.0,1.0,1.0,0.0,1.0,0.0,0.0,,,,,,,,,,,,,,,,,,,0.974609375,47232.6953125,0.041015625,1.0,0.0,0.0,1
1,single,9,FFN1,bert.encoder.layer.9.intermediate.dense,0.001,31,0,1,1,0.982421875,0.017578125,1.729568793962244e-06,4.148110747337341e-05,0.00017245113849639893,0.0,8.673301636008546e-05,0.0,0.0,0.00035580983967520297,1.0,0.12101688981056213,0.0,1.0,1.0,0.0,1.0,0.0,0.0,,,,,,,,,,,,,,,,,,,0.990234375,31159.1484375,0.017578125,1.0,0.0,0.0,1
1,single,9,FFN2,bert.encoder.layer.9.output.dense,0.001,31,0,1,1,0.9765625,0.0234375,3.002330686285859e-06,3.737211227416992e-05,0.000177016481757164,0.0,0.00013885727094020694,0.0,0.0,0.00033411613549105823,1.0,0.28585442900657654,0.0,1.0,1.0,0.0,1.0,0.0,0.0,,,,,,,,,,,,,,,,,,,0.986328125,46198.6875,0.0234375,1.0,0.0,0.0,1
1,single,10,Q,bert.encoder.layer.10.attention.self.query,0.001,31,0,1,1,0.98828125,0.01171875,2.018298118855455e-06,0.00012072199024260044,0.00025459378957748413,0.0,0.00010744434257503599,0.0,0.0,0.0002954324008896947,1.0,0.03009955771267414,0.0,1.0,1.0,0.0,1.0,0.0,0.0,,,,,,,,,,,,,,,,,,,0.9921875,43417.578125,0.01171875,0.8900146484375,0.0,0.0,1
1,single,10,K,bert.encoder.layer.10.attention.self.key,0.001,31,0,1,1,0.98046875,0.01953125,2.612655634948169e-06,8.690729737281799e-05,0.00021704286336898804,0.0,0.00011915244976989925,0.0,0.0,0.00030962657183408737,1.0,0.042721446603536606,0.0,1.0,1.0,0.0,1.0,0.0,0.0,,,,,,,,,,,,,,,,,,,0.984375,43798.8125,0.01953125,1.0,0.0,0.0,1
1,single,10,V,bert.encoder.layer.10.attention.self.value,0.001,31,0,1,1,0.939453125,0.060546875,7.278971679625101e-06,7.377564907073975e-05,0.0001904502569232136,0.0,0.0001557419600430876,0.0,0.0,0.0006000589928589761,1.0,0.1050722673535347,0.0,1.0,1.0,0.0,1.0,0.0,0.0,,,,,,,,,,,,,,,,,,,0.96484375,69216.3046875,0.060546875,1.0,0.0,0.0,1
1,single,10,O,bert.encoder.layer.10.attention.output.dense,0.001,31,0,1,1,0.94921875,0.05078125,5.313484507496469e-06,4.7832727432250977e-05,0.00017046183347702026,0.0,0.00013142779062036425,0.0,0.0,0.0007276412798091769,1.0,0.1667710691690445,0.0,1.0,1.0,0.0,1.0,0.0,0.0,,,,,,,,,,,,,,,,,,,0.96484375,56436.96484375,0.05078125,1.0,0.0,0.0,1
1,single,10,FFN1,bert.encoder.layer.10.intermediate.dense,0.001,31,0,1,1,0.978515625,0.021484375,2.7311289159115404e-06,6.679445505142212e-05,0.000176306813955307,0.0,0.00012779889220837504,0.0,0.0,0.0003609509440138936,1.0,0.20734161138534546,0.0,1.0,1.0,0.0,1.0,0.0,0.0,,,,,,,,,,,,,,,,,,,0.984375,43746.296875,0.021484375,1.0,0.0,0.0,1
1,single,10,FFN2,bert.encoder.layer.10.output.dense,0.001,31,0,1,1,0.96875,0.03125,4.449900188774336e-06,6.767734885215759e-05,0.0002200677990913391,0.0,0.00016174391203094274,0.0,0.0,0.00035201243008486927,1.0,0.07745278626680374,0.0,1.0,1.0,0.0,1.0,0.0,0.0,,,,,,,,,,,,,,,,,,,0.982421875,59335.62109375,0.03125,1.0,0.0,0.0,1
1,single,11,Q,bert.encoder.layer.11.attention.self.query,0.001,31,0,1,1,0.994140625,0.005859375,6.036898412276059e-07,9.012967348098755e-05,0.00012823008000850677,0.0,0.0,0.0,0.0,0.00017905127606354654,1.0,0.03643135353922844,0.0,1.0,1.0,0.0,1.0,0.0,0.0,,,,,,,,,,,,,,,,,,,0.99609375,18110.259765625,0.005859375,0.0,0.0,0.0,1
1,single,11,K,bert.encoder.layer.11.attention.self.key,0.001,31,0,1,1,0.994140625,0.005859375,1.2376412996673025e-06,0.00016161100938916206,0.000269182026386261,0.0,0.0,0.0,0.0,0.00016696147213224322,1.0,0.11616884171962738,0.0,1.0,1.0,0.0,1.0,0.0,0.0,,,,,,,,,,,,,,,,,,,0.994140625,37381.42578125,0.005859375,0.0,0.0,0.0,1
1,single,11,V,bert.encoder.layer.11.attention.self.value,0.001,31,0,1,1,0.982421875,0.017578125,2.0889747247565538e-06,5.8144330978393555e-05,0.0001598931849002838,0.0,0.00011494946375023574,0.0,0.0,0.0004038570332340896,1.0,0.04273899272084236,0.0,1.0,1.0,0.0,1.0,0.0,0.0,,,,,,,,,,,,,,,,,,,0.994140625,36977.67578125,0.017578125,1.0,0.0,0.0,1
1,single,11,O,bert.encoder.layer.11.attention.output.dense,0.001,31,0,1,1,0.974609375,0.025390625,3.031097548955586e-06,5.1099807024002075e-05,0.00018458813428878784,0.0,0.00013740833674091846,0.0,0.0,0.00045453544589690864,1.0,0.07516578584909439,0.0,1.0,1.0,0.0,1.0,0.0,0.0,,,,,,,,,,,,,,,,,,,0.982421875,46171.1015625,0.025390625,1.0,0.0,0.0,1
1,single,11,FFN1,bert.encoder.layer.11.intermediate.dense,0.001,31,0,1,1,0.984375,0.015625,1.8670361896511167e-06,7.497519254684448e-05,0.00018104910850524902,0.0,8.812301530269906e-05,0.0,0.0,0.0004242353606969118,1.0,-0.012612859718501568,0.0,1.0,1.0,0.0,1.0,0.0,0.0,,,,,,,,,,,,,,,,,,,0.994140625,35415.5625,0.015625,1.0,0.0,0.0,1
1,single,11,FFN2,bert.encoder.layer.11.output.dense,0.001,31,0,1,1,0.96875,0.03125,5.2236541705497075e-06,4.720315337181091e-05,0.0005044788122177124,0.0,0.0001581315736984834,0.0,0.001953125,0.0003763139829970896,1.0,0.03926103934645653,0.0,1.0,1.0,0.0,1.0,0.0,0.0,,,,,,,,,,,,,,,,,,,0.984375,77232.671875,0.03125,1.0,0.0,0.0,1
2,single,0,Q,bert.encoder.layer.0.attention.self.query,0.001,31,0,1,1,0.986328125,0.013671875,2.235388819826767e-06,7.965043187141418e-05,0.00035703182220458984,0.0,9.087029320653528e-05,0.0,0.0,9.889698412735015e-05,1.0,0.06250548362731934,0.0,1.0,1.0,0.0,1.0,0.0,0.0,,,,,,,,,,,,,,,,,,,0.990234375,49330.68359375,0.013671875,1.0,0.0,0.0,1
2,single,0,K,bert.encoder.layer.0.attention.self.key,0.001,31,0,1,1,0.994140625,0.005859375,6.706486601615325e-07,8.601043373346329e-05,0.00015470758080482483,0.0,0.0,0.0,0.0,9.89085528999567e-05,1.0,0.018039561808109283,0.0,1.0,1.0,0.0,1.0,0.0,0.0,,,,,,,,,,,,,,,,,,,0.99609375,20462.18359375,0.005859375,0.0,0.0,0.0,1
2,single,0,V,bert.encoder.layer.0.attention.self.value,0.001,31,0,1,1,0.94921875,0.05078125,4.107754193682922e-06,2.1088868379592896e-05,0.00016199052333831787,0.0,0.00010647578164935112,0.0,0.0,0.0002522042777854949,1.0,-0.016215268522500992,0.0,1.0,1.0,0.0,1.0,0.0,0.0,,,,,,,,,,,,,,,,,,,0.970703125,45098.75390625,0.05078125,1.0,0.0,0.0,1
2,single,0,O,bert.encoder.layer.0.attention.output.dense,0.001,31,0,1,1,0.931640625,0.068359375,6.402129656635225e-06,3.939680755138397e-05,0.00016560498625040054,0.0,0.000132292669150047,0.0,0.0,0.00027491067885421216,1.0,0.060817502439022064,0.0,1.0,1.0,0.0,1.0,0.0,0.0,,,,,,,,,,,,,,,,,,,0.95703125,58633.9453125,0.068359375,1.0,0.0,0.0,1
2,single,0,FFN1,bert.encoder.layer.0.intermediate.dense,0.001,31,0,1,1,0.98046875,0.01953125,2.338014155611745e-06,4.305504262447357e-06,0.0002931490307673812,0.0,0.00010290461796103045,0.0,0.0,0.00023451115703210235,1.0,0.10312236845493317,0.0,1.0,1.0,0.0,1.0,0.0,0.0,,,,,,,,,,,,,,,,,,,0.984375,44499.73046875,0.01953125,1.0,0.0,0.0,1
2,single,0,FFN2,bert.encoder.layer.0.output.dense,0.001,31,0,1,1,0.986328125,0.013671875,1.6045516986196162e-06,6.990134716033936e-05,0.0001692250370979309,0.0,8.905866707209498e-05,0.0,0.0,0.0001471332652727142,1.0,0.024245401844382286,0.0,1.0,1.0,0.0,1.0,0.0,0.0,,,,,,,,,,,,,,,,,,,0.994140625,32153.3828125,0.013671875,1.0,0.0,0.0,1
2,single,1,Q,bert.encoder.layer.1.attention.self.query,0.001,31,0,1,1,0.966796875,0.033203125,4.520231414062437e-06,4.787743091583252e-05,0.0002084970474243164,0.0,0.00016110965225379914,0.0,0.0,0.00017856423801276833,1.0,-0.025667080655694008,0.0,1.0,1.0,0.0,1.0,0.0,0.0,,,,,,,,,,,,,,,,,,,0.98828125,58692.03125,0.033203125,1.0,0.0,0.0,1
2,single,1,K,bert.encoder.layer.1.attention.self.key,0.001,31,0,1,1,0.982421875,0.017578125,2.761310497589875e-06,7.709860801696777e-05,0.00027042627334594727,0.0,0.0001389551762258634,0.0,0.0,0.00015261548105627298,1.0,0.0872504934668541,0.0,1.0,1.0,0.0,1.0,0.0,0.0,,,,,,,,,,,,,,,,,,,0.986328125,50148.734375,0.017578125,1.0,0.0,0.0,1
2,single,1,V,bert.encoder.layer.1.attention.self.value,0.001,31,0,1,1,0.927734375,0.072265625,6.112872142693959e-06,9.150244295597076e-06,0.00017941370606422424,0.0,0.00011076035298174247,0.0,0.0,0.0003047180362045765,1.0,0.004976168740540743,0.0,1.0,1.0,0.0,1.0,0.0,0.0,,,,,,,,,,,,,,,,,,,0.96875,55519.82421875,0.072265625,1.0,0.0,0.0,1
2,single,1,O,bert.encoder.layer.1.attention.output.dense,0.001,31,0,1,1,0.939453125,0.060546875,5.532768227567431e-06,4.5008957386016846e-05,0.00017664581537246704,0.0,0.00012229775893501937,0.0,0.0,0.0003300101379863918,1.0,0.06512372940778732,0.0,1.0,1.0,0.0,1.0,0.0,0.0,,,,,,,,,,,,,,,,,,,0.9609375,54475.61328125,0.060546875,1.0,0.0,0.0,1
2,single,1,FFN1,bert.encoder.layer.1.intermediate.dense,0.001,31,0,1,1,0.970703125,0.029296875,3.830108653346542e-06,4.153698682785034e-05,0.00021499395370483398,0.0,0.00014057259249966592,0.0,0.0,0.00020226357446517795,1.0,-0.022373072803020477,0.0,1.0,1.0,0.0,1.0,0.0,0.0,,,,,,,,,,,,,,,,,,,0.98828125,53478.2265625,0.029296875,1.0,0.0,0.0,1
2,single,1,FFN2,bert.encoder.layer.1.output.dense,0.001,31,0,1,1,0.98046875,0.01953125,2.4019591364776716e-06,6.0535967350006104e-05,0.00020647794008255005,0.0,0.00011364375677658245,0.0,0.0,0.00018871555221267045,1.0,0.1032717376947403,0.0,1.0,1.0,0.0,1.0,0.0,0.0,,,,,,,,,,,,,,,,,,,0.986328125,41657.046875,0.01953125,1.0,0.0,0.0,1
2,single,2,Q,bert.encoder.layer.2.attention.self.query,0.001,31,0,1,1,0.978515625,0.021484375,2.7622768357105087e-06,6.029754877090454e-05,0.00022896379232406616,0.0,0.00010950389696517959,0.0,0.0,0.00015335806529037654,1.0,0.02669604867696762,0.0,1.0,1.0,0.0,1.0,0.0,0.0,,,,,,,,,,,,,,,,,,,0.990234375,45970.83984375,0.021484375,1.0,0.0,0.0,1
2,single,2,K,bert.encoder.layer.2.attention.self.key,0.001,31,0,1,1,0.974609375,0.025390625,4.041040483571123e-06,7.993727922439575e-05,0.00028818752616643906,0.0,0.00016155400953721255,0.0,0.0,0.0001326875644735992,1.0,0.06873323768377304,0.0,1.0,1.0,0.0,1.0,0.0,0.0,,,,,,,,,,,,,,,,,,,0.984375,60982.15234375,0.025390625,1.0,0.0,0.0,1
2,single,2,V,bert.encoder.layer.2.attention.self.value,0.001,31,0,1,1,0.927734375,0.072265625,6.069936716812663e-06,2.6032328605651855e-05,0.00016431137919425964,0.0,0.0001264861784875393,0.0,0.0,0.0003901963937096298,1.0,-0.011835342273116112,0.0,1.0,1.0,0.0,1.0,0.0,0.0,,,,,,,,,,,,,,,,,,,0.955078125,54819.8828125,0.072265625,1.0,0.0,0.0,1
2,single,2,O,bert.encoder.layer.2.attention.output.dense,0.001,31,0,1,1,0.91796875,0.08203125,7.494842975575011e-06,1.2572389096021652e-05,0.000239616259932518,0.0,0.00013111651060171425,0.0,0.0,0.00039010075852274895,1.0,0.03395190089941025,0.0,1.0,1.0,0.0,1.0,0.0,0.0,,,,,,,,,,,,,,,,,,,0.958984375,64686.57421875,0.08203125,1.0,0.0,0.0,1
2,single,2,FFN1,bert.encoder.layer.2.intermediate.dense,0.001,31,0,1,1,0.974609375,0.025390625,2.8564759304572362e-06,5.005672574043274e-05,0.00023011863231658936,0.0,0.00011441889364505187,0.0,0.0,0.00023517421504948288,1.0,-0.03974350914359093,0.0,1.0,1.0,0.0,1.0,0.0,0.0,,,,,,,,,,,,,,,,,,,0.98828125,43891.84765625,0.025390625,1.0,0.0,0.0,1
2,single,2,FFN2,bert.encoder.layer.2.output.dense,0.001,31,0,1,1,0.97265625,0.02734375,3.5238281270721927e-06,7.014721632003784e-05,0.0002052783966064453,0.0,0.00014157967234496027,0.0,0.0,0.00017130527703557163,1.0,0.12253021448850632,0.0,1.0,1.0,0.0,1.0,0.0,0.0,,,,,,,,,,,,,,,,,,,0.98046875,51012.49609375,0.02734375,1.0,0.0,0.0,1
2,single,3,Q,bert.encoder.layer.3.attention.self.query,0.001,31,0,1,1,0.978515625,0.021484375,3.586274033295922e-06,6.124377250671387e-05,0.00025954097509384155,0.0,0.0001631171617191285,0.0,0.0,0.0001760452869348228,1.0,0.16646531224250793,0.0,1.0,1.0,0.0,1.0,0.0,0.0,,,,,,,,,,,,,,,,,,,0.98046875,57528.359375,0.021484375,1.0,0.0,0.0,1
2,single,3,K,bert.encoder.layer.3.attention.self.key,0.001,31,0,1,1,0.970703125,0.029296875,4.619526407623198e-06,6.163492798805237e-05,0.0002869516611099243,0.0,0.0001736516715027392,0.0,0.0,0.00016230145411100239,1.0,-0.0015035667456686497,0.0,1.0,1.0,0.0,1.0,0.0,0.0,,,,,,,,,,,,,,,,,,,0.986328125,64569.13671875,0.029296875,1.0,0.0,0.0,1
2,single,3,V,bert.encoder.layer.3.attention.self.value,0.001,31,0,1,1,0.94140625,0.05859375,6.2195522332331166e-06,6.812252104282379e-05,0.0001890808343887329,0.0,0.00012854074884671718,0.0,0.0,0.0004290951765142381,1.0,0.09800959378480911,0.0,1.0,1.0,0.0,1.0,0.0,0.0,,,,,,,,,,,,,,,,,,,0.96875,60653.54296875,0.05859375,1.0,0.0,0.0,1
2,single,3,O,bert.encoder.layer.3.attention.output.dense,0.001,31,0,1,1,0.921875,0.078125,6.85032682667952e-06,3.395602107048035e-05,0.00023862160742282867,0.0,0.00011564915621420369,0.0,0.0,0.00041221734136343,1.0,0.02726219967007637,0.0,1.0,1.0,0.0,1.0,0.0,0.0,,,,,,,,,,,,,,,,,,,0.9609375,61135.4375,0.078125,1.0,0.0,0.0,1
2,single,3,FFN1,bert.encoder.layer.3.intermediate.dense,0.001,31,0,1,1,0.96484375,0.03515625,4.3970926526526455e-06,5.593523383140564e-06,0.00019785761833190918,0.0,0.00015101261669769883,0.0,0.0,0.0003223733219783753,1.0,-0.0019008854869753122,0.0,1.0,1.0,0.0,1.0,0.0,0.0,,,,,,,,,,,,,,,,,,,0.978515625,56230.5625,0.03515625,1.0,0.0,0.0,1
2,single,3,FFN2,bert.encoder.layer.3.output.dense,0.001,31,0,1,1,0.984375,0.015625,1.9169747247360647e-06,6.505101919174194e-05,0.00020281318575143814,0.0,8.544745651306584e-05,0.0,0.0,0.00018996467406395823,1.0,0.006647835019975901,0.0,1.0,1.0,0.0,1.0,0.0,0.0,,,,,,,,,,,,,,,,,,,0.9921875,37131.58203125,0.015625,1.0,0.0,0.0,1
2,single,4,Q,bert.encoder.layer.4.attention.self.query,0.001,31,0,1,1,0.9765625,0.0234375,3.801387720159255e-06,6.490200757980347e-05,0.00024844706058502197,0.0,0.00016318848065566272,0.0,0.0,0.0002240185858681798,1.0,0.03932395949959755,0.0,1.0,1.0,0.0,1.0,0.0,0.0,,,,,,,,,,,,,,,,,,,0.98828125,58396.3125,0.0234375,1.0,0.0,0.0,1
2,single,4,K,bert.encoder.layer.4.attention.self.key,0.001,31,0,1,1,0.96875,0.03125,3.9264878068934195e-06,3.7513673305511475e-05,0.00020011980086565018,0.0,0.00016593524196650833,0.0,0.0,0.0001751141098793596,1.0,0.05998077616095543,0.0,1.0,1.0,0.0,1.0,0.0,0.0,,,,,,,,,,,,,,,,,,,0.984375,54077.53125,0.03125,1.0,0.0,0.0,1
2,single,4,V,bert.encoder.layer.4.attention.self.value,0.001,31,0,1,1,0.9375,0.0625,7.995055966603104e-06,5.264207720756531e-05,0.00022194162011146545,0.0,0.0001620246039237827,0.0,0.0,0.00034048559609800577,1.0,0.08197034895420074,0.0,1.0,1.0,0.0,1.0,0.0,0.0,,,,,,,,,,,,,,,,,,,0.96484375,75589.625,0.0625,1.0,0.0,0.0,1
2,single,4,O,bert.encoder.layer.4.attention.output.dense,0.001,31,0,1,1,0.931640625,0.068359375,6.874046448501758e-06,2.866983413696289e-05,0.0002799276262521744,0.0,0.00014176697004586458,0.0,0.0,0.00041515222983434796,1.0,0.05920347198843956,0.0,1.0,1.0,0.0,1.0,0.0,0.0,,,,,,,,,,,,,,,,,,,0.96484375,66156.6640625,0.068359375,1.0,0.0,0.0,1
2,single,4,FFN1,bert.encoder.layer.4.intermediate.dense,0.001,31,0,1,1,0.9609375,0.0390625,4.041368811158463e-06,2.063065767288208e-05,0.00016749650239944458,0.0,0.00012651656288653612,0.0,0.0,0.0002339280617889017,1.0,0.06433231383562088,0.0,1.0,1.0,0.0,1.0,0.0,0.0,,,,,,,,,,,,,,,,,,,0.978515625,49225.9765625,0.0390625,1.0,0.0,0.0,1
2,single,4,FFN2,bert.encoder.layer.4.output.dense,0.001,31,0,1,1,0.978515625,0.021484375,3.5698928968486143e-06,8.765235543251038e-05,0.00022882968187332153,0.0,0.00017109823238570243,0.0,0.0,0.00020457810023799539,1.0,0.13745643198490143,0.0,1.0,1.0,0.0,1.0,0.0,0.0,,,,,,,,,,,,,,,,,,,0.990234375,56438.8515625,0.021484375,1.0,0.0,0.0,1
2,single,5,Q,bert.encoder.layer.5.attention.self.query,0.001,31,0,1,1,0.982421875,0.017578125,2.3581451387144625e-06,9.229220449924469e-05,0.0001852530986070633,0.0,0.00011634492693701759,0.0,0.0,0.00018570598331280053,1.0,0.1431625783443451,0.0,1.0,1.0,0.0,1.0,0.0,0.0,,,,,,,,,,,,,,,,,,,0.9921875,41195.09375,0.017578125,1.0,0.0,0.0,1
2,single,5,K,bert.encoder.layer.5.attention.self.key,0.001,31,0,1,1,0.96875,0.03125,3.8089372083049966e-06,3.789365291595459e-05,0.00021685659885406494,0.0,0.00013435585424304008,0.0,0.0,0.00018702387751545757,1.0,-0.04529086500406265,0.0,1.0,1.0,0.0,1.0,0.0,0.0,,,,,,,,,,,,,,,,,,,0.984375,51192.00390625,0.03125,1.0,0.0,0.0,1
2,single,5,V,bert.encoder.layer.5.attention.self.value,0.001,31,0,1,1,0.94140625,0.05859375,6.974894404265797e-06,1.9076280295848846e-05,0.00022798404097557068,0.0,0.00017962358833756298,0.0,0.0,0.0003794797230511904,1.0,0.10489849001169205,0.0,1.0,1.0,0.0,1.0,0.0,0.0,,,,,,,,,,,,,,,,,,,0.96484375,71355.46875,0.05859375,1.0,0.0,0.0,1
2,single,5,O,bert.encoder.layer.5.attention.output.dense,0.001,31,0,1,1,0.943359375,0.056640625,5.728296855522785e-06,5.117058753967285e-05,0.0002652779221534729,0.0,0.00011540089326445013,0.0,0.0,0.0003950549871660769,1.0,0.09699701517820358,0.0,1.0,1.0,0.0,1.0,0.0,0.0,,,,,,,,,,,,,,,,,,,0.958984375,58650.55859375,0.056640625,1.0,0.0,0.0,1
2,single,5,FFN1,bert.encoder.layer.5.intermediate.dense,0.001,31,0,1,1,0.96484375,0.03515625,4.223554697091458e-06,6.343424320220947e-05,0.00018983334302902222,0.0,0.00013542080705519766,0.0,0.0,0.00026658509159460664,1.0,0.008326374925673008,0.0,1.0,1.0,0.0,1.0,0.0,0.0,,,,,,,,,,,,,,,,,,,0.978515625,53299.96875,0.03515625,1.0,0.0,0.0,1
2,single,5,FFN2,bert.encoder.layer.5.output.dense,0.001,31,0,1,1,0.978515625,0.021484375,2.8349222702672705e-06,8.648540824651718e-05,0.00023499131202697754,0.0,0.00012807610619347543,0.0,0.0,0.00022206772700883448,1.0,0.03693338483572006,0.0,1.0,1.0,0.0,1.0,0.0,0.0,,,,,,,,,,,,,,,,,,,0.986328125,45870.1328125,0.021484375,1.0,0.0,0.0,1
2,single,6,Q,bert.encoder.layer.6.attention.self.query,0.001,31,0,1,1,0.978515625,0.021484375,2.7600308385444805e-06,1.2674834579229355e-05,0.0002607777714729309,0.0,0.00011608978093136102,0.0,0.0,0.00018513445684220642,1.0,-0.06816241145133972,0.0,1.0,1.0,0.0,1.0,0.0,0.0,,,,,,,,,,,,,,,,,,,0.99609375,48895.60546875,0.021484375,1.0,0.0,0.0,1
2,single,6,K,bert.encoder.layer.6.attention.self.key,0.001,31,0,1,1,0.978515625,0.021484375,3.3036094464478083e-06,2.781301736831665e-05,0.00036966241896152496,0.0,0.0001462835498386994,0.0,0.0,0.00020434820908121765,1.0,0.00028415382257662714,0.0,1.0,1.0,0.0,1.0,0.0,0.0,,,,,,,,,,,,,,,,,,,0.98828125,60531.96875,0.021484375,1.0,0.0,0.0,1
2,single,6,V,bert.encoder.layer.6.attention.self.value,0.001,31,0,1,1,0.931640625,0.068359375,6.653383024968207e-06,1.0423362255096436e-05,0.0002458570525050163,0.0,0.0001264630991499871,0.0,0.0,0.0005614005494862795,1.0,0.24767614901065826,0.0,1.0,1.0,0.0,1.0,0.0,0.0,,,,,,,,,,,,,,,,,,,0.95703125,63397.1015625,0.068359375,1.0,0.0,0.0,1
2,single,6,O,bert.encoder.layer.6.attention.output.dense,0.001,31,0,1,1,0.9453125,0.0546875,5.766196409240365e-06,3.789365291595459e-05,0.00019273720681667328,0.0,0.00013722397852689028,0.0,0.0,0.0004962041275575757,1.0,0.06107034534215927,0.0,1.0,1.0,0.0,1.0,0.0,0.0,,,,,,,,,,,,,,,,,,,0.9765625,59680.4765625,0.0546875,1.0,0.0,0.0,1
2,single,6,FFN1,bert.encoder.layer.6.intermediate.dense,0.001,31,0,1,1,0.962890625,0.037109375,4.638389327737968e-06,6.34416937828064e-05,0.00028291717171669006,0.0,0.00013488503464031965,0.0,0.0,0.00031406391644850373,1.0,0.2814931869506836,0.0,1.0,1.0,0.0,1.0,0.0,0.0,,,,,,,,,,,,,,,,,,,0.96875,58495.3046875,0.037109375,1.0,0.0,0.0,1
2,single,6,FFN2,bert.encoder.layer.6.output.dense,0.001,31,0,1,1,0.978515625,0.021484375,3.481807198113529e-06,0.0001006443053483963,0.0002693682909011841,0.0,0.0001633258070796728,0.0,0.0,0.00025429215747863054,1.0,0.0757562667131424,0.0,1.0,1.0,0.0,1.0,0.0,0.0,,,,,,,,,,,,,,,,,,,0.986328125,55424.78125,0.021484375,1.0,0.0,0.0,1
2,single,7,Q,bert.encoder.layer.7.attention.self.query,0.001,31,0,1,1,0.984375,0.015625,2.0728984964080155e-06,4.007667303085327e-05,0.00023642182350158691,0.0,0.00011511870252434164,0.0,0.0,0.00016790826339274645,1.0,0.003785034641623497,0.0,1.0,1.0,0.0,1.0,0.0,0.0,,,,,,,,,,,,,,,,,,,0.990234375,40310.2265625,0.015625,1.0,0.0,0.0,1
2,single,7,K,bert.encoder.layer.7.attention.self.key,0.001,31,0,1,1,0.984375,0.015625,2.3688990040682256e-06,9.796954691410065e-05,0.00022177398204803467,0.0,0.0001271311193704605,0.0,0.0,0.00019377670832909644,1.0,0.011506270617246628,0.0,1.0,1.0,0.0,1.0,0.0,0.0,,,,,,,,,,,,,,,,,,,0.9921875,44412.38671875,0.015625,1.0,0.0,0.0,1
2,single,7,V,bert.encoder.layer.7.attention.self.value,0.001,31,0,1,1,0.9375,0.0625,6.6092015913454816e-06,5.152076482772827e-05,0.00017392635345458984,0.0,0.00013514906459022313,0.0,0.0,0.0005022608675062656,1.0,0.01683085970580578,0.0,1.0,1.0,0.0,1.0,0.0,0.0,,,,,,,,,,,,,,,,,,,0.96875,62482.56640625,0.0625,1.0,0.0,0.0,1
2,single,7,O,bert.encoder.layer.7.attention.output.dense,0.001,31,0,1,1,0.951171875,0.048828125,5.041117219661828e-06,1.2539327144622803e-05,0.00018999353051185608,0.0,0.00011686086509143934,0.0,0.0,0.0005200881278142333,1.0,0.04523242264986038,0.0,1.0,1.0,0.0,1.0,0.0,0.0,,,,,,,,,,,,,,,,,,,0.974609375,54369.8046875,0.048828125,1.0,0.0,0.0,1
2,single,7,FFN1,bert.encoder.layer.7.intermediate.dense,0.001,31,0,1,1,0.9765625,0.0234375,2.6274121864844346e-06,6.695464253425598e-05,0.0001621246337890625,0.0,0.00012531812535598874,0.0,0.0,0.00032744271447882056,1.0,0.14474521577358246,0.0,1.0,1.0,0.0,1.0,0.0,0.0,,,,,,,,,,,,,,,,,,,0.984375,40635.06640625,0.0234375,1.0,0.0,0.0,1
2,single,7,FFN2,bert.encoder.layer.7.output.dense,0.001,31,0,1,1,0.970703125,0.029296875,4.154113412369043e-06,4.763901233673096e-05,0.00023608654737472534,0.0,0.00016074173618108034,0.0,0.0,0.0003045439370907843,1.0,0.051258236169815063,0.0,1.0,1.0,0.0,1.0,0.0,0.0,,,,,,,,,,,,,,,,,,,0.984375,58271.43359375,0.029296875,1.0,0.0,0.0,1
2,single,8,Q,bert.encoder.layer.8.attention.self.query,0.001,31,0,1,1,0.9765625,0.0234375,3.1966126243787585e-06,5.726516246795654e-05,0.00021427252795547247,0.0,0.00012997857993468642,0.0,0.0,0.0003054121043533087,1.0,0.0182229932397604,0.0,1.0,1.0,0.0,1.0,0.0,0.0,,,,,,,,,,,,,,,,,,,0.984375,49210.55078125,0.0234375,1.0,0.0,0.0,1
2,single,8,K,bert.encoder.layer.8.attention.self.key,0.001,31,0,1,1,0.958984375,0.041015625,5.694309948012233e-06,6.909668445587158e-05,0.00026473309844732285,0.0,0.00014988845214247704,0.0,0.0,0.00025887310039252043,1.0,0.21115314960479736,0.0,1.0,1.0,0.0,1.0,0.0,0.0,,,,,,,,,,,,,,,,,,,0.9765625,66945.265625,0.041015625,1.0,0.0,0.0,1
2,single,8,V,bert.encoder.layer.8.attention.self.value,0.001,31,0,1,1,0.962890625,0.037109375,4.600460670189932e-06,5.081295967102051e-06,0.00024155480787158012,0.0,0.00015259862993843853,0.0,0.0,0.00048704573418945074,1.0,0.07928959280252457,0.0,1.0,1.0,0.0,1.0,0.0,0.0,,,,,,,,,,,,,,,,,,,0.97265625,58889.546875,0.037109375,1.0,0.0,0.0,1
2,single,8,O,bert.encoder.layer.8.attention.output.dense,0.001,31,0,1,1,0.939453125,0.060546875,6.6099710238631815e-06,4.014931619167328e-05,0.00022492557764053345,0.0,0.00014076830120757222,0.0,0.0,0.0005240307655185461,1.0,0.25151538848876953,0.0,1.0,1.0,0.0,1.0,0.0,0.0,,,,,,,,,,,,,,,,,,,0.962890625,64711.65234375,0.060546875,1.0,0.0,0.0,1
2,single,8,FFN1,bert.encoder.layer.8.intermediate.dense,0.001,31,0,1,1,0.974609375,0.025390625,3.5535435927158687e-06,7.033348083496094e-06,0.00023495405912399292,0.0,0.0001484196982346475,0.0,0.0,0.000330807757563889,1.0,0.06749913841485977,0.0,1.0,1.0,0.0,1.0,0.0,0.0,,,,,,,,,,,,,,,,,,,0.98828125,54238.51171875,0.025390625,1.0,0.0,0.0,1
2,single,8,FFN2,bert.encoder.layer.8.output.dense,0.001,31,0,1,1,0.97265625,0.02734375,3.180272187819355e-06,3.364868462085724e-05,0.00019843131303787231,0.0,0.00012787595915142447,0.0,0.0,0.00029662204906344414,1.0,0.011034884490072727,0.0,1.0,1.0,0.0,1.0,0.0,0.0,,,,,,,,,,,,,,,,,,,0.986328125,46993.94140625,0.02734375,1.0,0.0,0.0,1
2,single,9,Q,bert.encoder.layer.9.attention.self.query,0.001,31,0,1,1,0.984375,0.015625,2.2275708033703268e-06,2.962350845336914e-05,0.00022130459547042847,0.0,0.00010941456275759265,0.0,0.0,0.00027626374503597617,1.0,0.06147770956158638,0.0,1.0,1.0,0.0,1.0,0.0,0.0,,,,,,,,,,,,,,,,,,,0.990234375,43804.46484375,0.015625,1.0,0.0,0.0,1
2,single,9,K,bert.encoder.layer.9.attention.self.key,0.001,31,0,1,1,0.96875,0.03125,4.371410796011332e-06,4.9345195293426514e-05,0.0003114782739430666,0.0,0.0001516075135441497,0.0,0.0,0.00022711293422617018,1.0,-0.001378171960823238,0.0,1.0,1.0,0.0,1.0,0.0,0.0,,,,,,,,,,,,,,,,,,,0.984375,61128.171875,0.03125,1.0,0.0,0.0,1
2,single,9,V,bert.encoder.layer.9.attention.self.value,0.001,31,0,1,1,0.96484375,0.03515625,4.4566318138095085e-06,6.609037518501282e-05,0.00018244236707687378,0.0,0.000143680430483073,0.0,0.0,0.0005414800252765417,1.0,-0.05162842944264412,0.0,1.0,1.0,0.0,1.0,0.0,0.0,,,,,,,,,,,,,,,,,,,0.982421875,55106.57421875,0.03515625,1.0,0.0,0.0,1
2,single,9,O,bert.encoder.layer.9.attention.output.dense,0.001,31,0,1,1,0.9609375,0.0390625,4.330945557740051e-06,3.586709499359131e-05,0.00024805963039398193,0.0,0.0001252344372915104,0.0,0.0,0.000585591362323612,1.0,0.018282758072018623,0.0,1.0,1.0,0.0,1.0,0.0,0.0,,,,,,,,,,,,,,,,,,,0.974609375,54125.5625,0.0390625,1.0,0.0,0.0,1
2,single,9,FFN1,bert.encoder.layer.9.intermediate.dense,0.001,31,0,1,1,0.986328125,0.013671875,1.7050006135832518e-06,5.4113566875457764e-05,0.00019408762454986572,0.0,6.169294647406787e-05,0.0,0.0,0.0002799600479193032,1.0,0.03259136900305748,0.0,1.0,1.0,0.0,1.0,0.0,0.0,,,,,,,,,,,,,,,,,,,0.994140625,35559.37890625,0.013671875,1.0,0.0,0.0,1
2,single,9,FFN2,bert.encoder.layer.9.output.dense,0.001,31,0,1,1,0.970703125,0.029296875,4.184657882433385e-06,9.277462959289551e-05,0.00021155178546905518,0.0,0.0001429355179425329,0.0,0.0,0.0002775687025859952,1.0,0.06561040133237839,0.0,1.0,1.0,0.0,1.0,0.0,0.0,,,,,,,,,,,,,,,,,,,0.982421875,56742.33984375,0.029296875,1.0,0.0,0.0,1
2,single,10,Q,bert.encoder.layer.10.attention.self.query,0.001,31,0,1,1,0.98046875,0.01953125,3.4279782994417474e-06,5.476921796798706e-05,0.0004148930311203003,0.0,0.00013344426406547427,0.0,0.0,0.0002456422371324152,1.0,0.10832124948501587,0.0,1.0,1.0,0.0,1.0,0.0,0.0,,,,,,,,,,,,,,,,,,,0.986328125,63658.109375,0.01953125,1.0,0.0,0.0,1
2,single,10,K,bert.encoder.layer.10.attention.self.key,0.001,31,0,1,1,0.984375,0.015625,2.6892121240962297e-06,0.00011664256453514099,0.00036288704723119736,0.0,0.00012230243009980768,0.0,0.0,0.00021173746790736914,1.0,0.22602608799934387,0.0,1.0,1.0,0.0,1.0,0.0,0.0,,,,,,,,,,,,,,,,,,,0.9921875,53468.28125,0.015625,1.0,0.0,0.0,1
2,single,10,V,bert.encoder.layer.10.attention.self.value,0.001,31,0,1,1,0.970703125,0.029296875,3.6072588045499288e-06,5.479389801621437e-05,0.00027901679277420044,0.0,0.00013355191913433373,0.0,0.0,0.0004202477284707129,1.0,0.07083466649055481,0.0,1.0,1.0,0.0,1.0,0.0,0.0,,,,,,,,,,,,,,,,,,,0.982421875,52071.484375,0.029296875,1.0,0.0,0.0,1
2,single,10,O,bert.encoder.layer.10.attention.output.dense,0.001,31,0,1,1,0.95703125,0.04296875,4.4301486923359334e-06,3.719888627529144e-05,0.00016205757856369019,0.0,0.00013189901073928922,0.0,0.0,0.000417236122302711,1.0,0.04831092804670334,0.0,1.0,1.0,0.0,1.0,0.0,0.0,,,,,,,,,,,,,,,,,,,0.97265625,50956.21875,0.04296875,1.0,0.0,0.0,1
2,single,10,FFN1,bert.encoder.layer.10.intermediate.dense,0.001,31,0,1,1,0.98828125,0.01171875,1.3026142369199079e-06,3.6463141441345215e-05,0.0002029314637184143,0.0,3.2452728191856295e-05,0.0,0.0,0.0002815389889292419,1.0,0.038122713565826416,0.0,1.0,1.0,0.0,1.0,0.0,0.0,,,,,,,,,,,,,,,,,,,0.9921875,30584.833984375,0.01171875,0.8900146484375,0.0,0.0,1
2,single,10,FFN2,bert.encoder.layer.10.output.dense,0.001,31,0,1,1,0.97265625,0.02734375,3.1208892323775217e-06,1.8487684428691864e-05,0.00023555755615234375,0.0,0.00012948493531439453,0.0,0.0,0.0002731525164563209,1.0,-0.08470834046602249,0.0,1.0,1.0,0.0,1.0,0.0,0.0,,,,,,,,,,,,,,,,,,,0.986328125,47912.11328125,0.02734375,1.0,0.0,0.0,1
2,single,11,Q,bert.encoder.layer.11.attention.self.query,0.001,31,0,1,1,0.9921875,0.0078125,1.547138253954472e-06,9.625032544136047e-05,0.00027353805489838123,0.0,0.0,0.0,0.0,0.00024501740699633956,1.0,0.021113146096467972,0.0,1.0,1.0,0.0,1.0,0.0,0.0,,,,,,,,,,,,,,,,,,,0.994140625,42176.8828125,0.0078125,0.0,0.0,0.0,1
2,single,11,K,bert.encoder.layer.11.attention.self.key,0.001,31,0,1,1,0.984375,0.015625,2.440873231535079e-06,0.00011509843170642853,0.00023075193166732788,0.0,0.00013318729179445654,0.0,0.0,0.00019124378741253167,1.0,0.039836764335632324,0.0,1.0,1.0,0.0,1.0,0.0,0.0,,,,,,,,,,,,,,,,,,,0.990234375,45354.1796875,0.015625,1.0,0.0,0.0,1
2,single,11,V,bert.encoder.layer.11.attention.self.value,0.001,31,0,1,1,0.966796875,0.033203125,3.88338139600819e-06,4.414469003677368e-05,0.0001920834183692932,0.0,0.00013081396173220128,0.0,0.0,0.00043017600546590984,1.0,-0.03245462104678154,0.0,1.0,1.0,0.0,1.0,0.0,0.0,,,,,,,,,,,,,,,,,,,0.986328125,50464.26171875,0.033203125,1.0,0.0,0.0,1
2,single,11,O,bert.encoder.layer.11.attention.output.dense,0.001,31,0,1,1,0.958984375,0.041015625,4.792332219949458e-06,5.3554773330688477e-05,0.00020919647067785263,0.0,0.0001383072667522356,0.0,0.0,0.00048211554531008005,1.0,0.06893907487392426,0.0,1.0,1.0,0.0,1.0,0.0,0.0,,,,,,,,,,,,,,,,,,,0.970703125,56227.7109375,0.041015625,1.0,0.0,0.0,1
2,single,11,FFN1,bert.encoder.layer.11.intermediate.dense,0.001,31,0,1,1,0.9765625,0.0234375,3.1946838134899735e-06,6.592273712158203e-05,0.00019568949937820435,0.0,0.00014211989764589816,0.0,0.0,0.00036690832348540425,1.0,0.15502534806728363,0.0,1.0,1.0,0.0,1.0,0.0,0.0,,,,,,,,,,,,,,,,,,,0.98046875,48592.7578125,0.0234375,1.0,0.0,0.0,1
2,single,11,FFN2,bert.encoder.layer.11.output.dense,0.001,31,0,1,1,0.970703125,0.029296875,3.641310286184307e-06,4.404783248901367e-05,0.0002671823604032397,0.0,0.00013511757424566895,0.0,0.001953125,0.0003252657479606569,1.0,0.13254377245903015,0.0,1.0,1.0,0.0,1.0,0.0,0.0,,,,,,,,,,,,,,,,,,,0.98046875,52426.46875,0.029296875,1.0,0.0,0.0,1
3,single,0,Q,bert.encoder.layer.0.attention.self.query,0.001,31,0,1,1,0.98046875,0.01953125,3.1389267860504333e-06,5.014240741729736e-05,0.00027408823370933533,0.0,0.00013636449875775725,0.0,0.0,0.00015293926117010415,1.0,0.045002833008766174,0.0,1.0,1.0,0.0,1.0,0.0,0.0,,,,,,,,,,,,,,,,,,,0.984375,55251.84765625,0.01953125,1.0,0.0,0.0,1
3,single,0,K,bert.encoder.layer.0.attention.self.key,0.001,31,0,1,1,0.98046875,0.01953125,3.0592873372370377e-06,8.880160748958588e-05,0.00027454644441604614,0.0,0.00013868737732991576,0.0,0.0,0.00014629424549639225,1.0,0.006945698522031307,0.0,1.0,1.0,0.0,1.0,0.0,0.0,,,,,,,,,,,,,,,,,,,0.98828125,52865.08203125,0.01953125,1.0,0.0,0.0,1
3,single,0,V,bert.encoder.layer.0.attention.self.value,0.001,31,0,1,1,0.9375,0.0625,5.7558490880182944e-06,3.556348383426666e-05,0.00017113983631134033,0.0,0.00011535569501575083,0.0,0.0,0.0003393293882254511,1.0,0.05119827017188072,0.0,1.0,1.0,0.0,1.0,0.0,0.0,,,,,,,,,,,,,,,,,,,0.958984375,54672.7734375,0.0625,1.0,0.0,0.0,1
3,single,0,O,bert.encoder.layer.0.attention.output.dense,0.001,31,0,1,1,0.923828125,0.076171875,6.908689101692289e-06,2.52649188041687e-05,0.00018125586211681366,0.0,0.00013082042278256267,0.0,0.0,0.0003880705335177481,1.0,-0.006887249182909727,0.0,1.0,1.0,0.0,1.0,0.0,0.0,,,,,,,,,,,,,,,,,,,0.9609375,60332.52734375,0.076171875,1.0,0.0,0.0,1
3,single,0,FFN1,bert.encoder.layer.0.intermediate.dense,0.001,31,0,1,1,0.97265625,0.02734375,3.2212356018135324e-06,1.996755599975586e-05,0.00017035286873579025,0.0,0.00013801873137708753,0.0,0.0,0.0002562044537626207,1.0,0.14921748638153076,0.0,1.0,1.0,0.0,1.0,0.0,0.0,,,,,,,,,,,,,,,,,,,0.982421875,46362.55859375,0.02734375,1.0,0.0,0.0,1
3,single,0,FFN2,bert.encoder.layer.0.output.dense,0.001,31,0,1,1,0.9765625,0.0234375,3.1222264169628033e-06,8.71066004037857e-05,0.00019356608390808105,0.0,0.0001317614660365507,0.0,0.0,0.0002198896836489439,1.0,-0.019048262387514114,0.0,1.0,1.0,0.0,1.0,0.0,0.0,,,,,,,,,,,,,,,,,,,0.986328125,47199.01953125,0.0234375,1.0,0.0,0.0,1
3,single,1,Q,bert.encoder.layer.1.attention.self.query,0.001,31,0,1,1,0.96875,0.03125,4.7251560317818075e-06,9.432435035705566e-06,0.0002774074673652649,0.0,0.00017273069533985108,0.0,0.0,0.0003538156161084771,1.0,-0.04773574694991112,0.0,1.0,1.0,0.0,1.0,0.0,0.0,,,,,,,,,,,,,,,,,,,0.982421875,66695.15625,0.03125,1.0,0.0,0.0,1
3,single,1,K,bert.encoder.layer.1.attention.self.key,0.001,31,0,1,1,0.98046875,0.01953125,2.980494173243642e-06,5.412846803665161e-05,0.00027938932180404663,0.0,0.00012549676466733217,0.0,0.0,0.00021106057101860642,1.0,0.0703655406832695,0.0,1.0,1.0,0.0,1.0,0.0,0.0,,,,,,,,,,,,,,,,,,,0.98828125,53494.85546875,0.01953125,1.0,0.0,0.0,1
3,single,1,V,bert.encoder.layer.1.attention.self.value,0.001,31,0,1,1,0.93359375,0.06640625,6.474023848568322e-06,4.838267341256142e-05,0.00018347427248954773,0.0,0.0001350025850115344,0.0,0.0,0.0003438573330640793,1.0,0.001289617270231247,0.0,1.0,1.0,0.0,1.0,0.0,0.0,,,,,,,,,,,,,,,,,,,0.9609375,60553.2421875,0.06640625,1.0,0.0,0.0,1
3,single,1,O,bert.encoder.layer.1.attention.output.dense,0.001,31,0,1,1,0.908203125,0.091796875,8.403226274822373e-06,2.1546147763729095e-06,0.00024020671844482422,0.0,0.00014111082418821752,0.0,0.0,0.00040162395453080535,1.0,0.03452629595994949,0.0,1.0,1.0,0.0,1.0,0.0,0.0,,,,,,,,,,,,,,,,,,,0.95703125,70070.4140625,0.091796875,1.0,0.0,0.0,1
3,single,1,FFN1,bert.encoder.layer.1.intermediate.dense,0.001,31,0,1,1,0.958984375,0.041015625,5.239741767582018e-06,3.802403807640076e-05,0.00021966546773910522,0.0,0.00015835613885428756,0.0,0.0,0.0003409908676985651,1.0,-0.2165023237466812,0.0,1.0,1.0,0.0,1.0,0.0,0.0,,,,,,,,,,,,,,,,,,,0.982421875,62830.97265625,0.041015625,1.0,0.0,0.0,1
3,single,1,FFN2,bert.encoder.layer.1.output.dense,0.001,31,0,1,1,0.98046875,0.01953125,3.23020140058361e-06,0.00013611000031232834,0.00021100789308547974,0.0,0.00016126365517266095,0.0,0.0,0.00020930814207531512,1.0,0.0028954860754311085,0.0,1.0,1.0,0.0,1.0,0.0,0.0,,,,,,,,,,,,,,,,,,,0.98828125,52790.85546875,0.01953125,1.0,0.0,0.0,1
3,single,2,Q,bert.encoder.layer.2.attention.self.query,0.001,31,0,1,1,0.98828125,0.01171875,1.2931686796946451e-06,2.425163984298706e-05,0.00019077584147453308,0.0,2.1584313799394295e-05,0.0,0.0,0.00017638198914937675,1.0,-0.06112859770655632,0.0,1.0,1.0,0.0,1.0,0.0,0.0,,,,,,,,,,,,,,,,,,,0.998046875,29607.798828125,0.01171875,0.8900146484375,0.0,0.0,1
3,single,2,K,bert.encoder.layer.2.attention.self.key,0.001,31,0,1,1,0.982421875,0.017578125,2.3186248654383235e-06,9.231269359588623e-05,0.00020279502496123314,0.0,0.00011472331243567169,0.0,0.0,0.00014161020226310939,1.0,0.06158670783042908,0.0,1.0,1.0,0.0,1.0,0.0,0.0,,,,,,,,,,,,,,,,,,,0.98828125,40781.80078125,0.017578125,1.0,0.0,0.0,1
3,single,2,V,bert.encoder.layer.2.attention.self.value,0.001,31,0,1,1,0.904296875,0.095703125,8.282504495582543e-06,7.633818313479424e-06,0.00015338510274887085,0.0,0.0001261494035134092,0.0,0.0,0.00043027414358220994,1.0,-0.020002709701657295,0.0,1.0,1.0,0.0,1.0,0.0,0.0,,,,,,,,,,,,,,,,,,,0.953125,64512.97265625,0.095703125,1.0,0.0,0.0,1
3,single,2,O,bert.encoder.layer.2.attention.output.dense,0.001,31,0,1,1,0.90234375,0.09765625,7.856580850784667e-06,1.2775999493896961e-06,0.00014652032405138016,0.0,0.00011299825564492494,0.0,0.0,0.0004800077877007425,1.0,0.006807917729020119,0.0,1.0,1.0,0.0,1.0,0.0,0.0,,,,,,,,,,,,,,,,,,,0.958984375,60108.33203125,0.09765625,1.0,0.0,0.0,1
3,single,2,FFN1,bert.encoder.layer.2.intermediate.dense,0.001,31,0,1,1,0.982421875,0.017578125,2.2211127088667126e-06,6.559118628501892e-05,0.00022555887699127197,0.0,0.0001119875450967811,0.0,0.0,0.0002539310953579843,1.0,0.007556569296866655,0.0,1.0,1.0,0.0,1.0,0.0,0.0,,,,,,,,,,,,,,,,,,,0.990234375,40057.69921875,0.017578125,1.0,0.0,0.0,1
3,single,2,FFN2,bert.encoder.layer.2.output.dense,0.001,31,0,1,1,0.974609375,0.025390625,3.610264002418262e-06,7.280334830284119e-05,0.00019308552145957947,0.0,0.00014565764286089689,0.0,0.0,0.00020145616144873202,1.0,0.013771593570709229,0.0,1.0,1.0,0.0,1.0,0.0,0.0,,,,,,,,,,,,,,,,,,,0.98828125,52779.59375,0.025390625,1.0,0.0,0.0,1
3,single,3,Q,bert.encoder.layer.3.attention.self.query,0.001,31,0,1,1,0.97265625,0.02734375,5.5722211982356384e-06,6.058812141418457e-05,0.0010446012020111084,0.0,0.0001521894446341321,0.0,0.0,0.00021003629080951214,1.0,0.1993788331747055,0.0,1.0,1.0,0.0,1.0,0.0,0.0,,,,,,,,,,,,,,,,,,,0.984375,117288.8671875,0.029296875,1.0,0.0,0.0,1
3,single,3,K,bert.encoder.layer.3.attention.self.key,0.001,31,0,1,1,0.970703125,0.029296875,4.469378836802207e-06,8.524954319000244e-05,0.00025011831894516945,0.0,0.00016745258471928537,0.0,0.0,0.00018073103274218738,1.0,-0.12146589905023575,0.0,1.0,1.0,0.0,1.0,0.0,0.0,,,,,,,,,,,,,,,,,,,0.98828125,61350.75390625,0.029296875,1.0,0.0,0.0,1
3,single,3,V,bert.encoder.layer.3.attention.self.value,0.001,31,0,1,1,0.958984375,0.041015625,4.831615115108434e-06,6.248801946640015e-05,0.00023598968982696533,0.0,0.00012996660370845348,0.0,0.0,0.0004688750777859241,1.0,0.062238361686468124,0.0,1.0,1.0,0.0,1.0,0.0,0.0,,,,,,,,,,,,,,,,,,,0.97265625,56335.5625,0.041015625,1.0,0.0,0.0,1
3,single,3,O,bert.encoder.layer.3.attention.output.dense,0.001,31,0,1,1,0.90234375,0.09765625,8.535198503523134e-06,2.848985604941845e-05,0.00018026679754257202,0.0,0.00011997135152341798,0.0,0.0,0.0005116558750160038,1.0,0.10012209415435791,0.0,1.0,1.0,0.0,1.0,0.0,0.0,,,,,,,,,,,,,,,,,,,0.94921875,65973.3515625,0.09765625,1.0,0.0,0.0,1
3,single,3,FFN1,bert.encoder.layer.3.intermediate.dense,0.001,31,0,1,1,0.96875,0.03125,3.573413323465502e-06,2.170354127883911e-05,0.00020436570048332214,0.0,0.00013382438919506967,0.0,0.0,0.0003111611003987491,1.0,-0.2152925282716751,0.0,1.0,1.0,0.0,1.0,0.0,0.0,,,,,,,,,,,,,,,,,,,0.974609375,50547.421875,0.03125,1.0,0.0,0.0,1
3,single,3,FFN2,bert.encoder.layer.3.output.dense,0.001,31,0,1,1,0.984375,0.015625,2.3932639123813715e-06,0.00010105222463607788,0.0002002120018005371,0.0,0.0001385851646773517,0.0,0.0,0.00022357335546985269,1.0,0.02033950947225094,0.0,1.0,1.0,0.0,1.0,0.0,0.0,,,,,,,,,,,,,,,,,,,0.994140625,44197.71875,0.015625,1.0,0.0,0.0,1
3,single,4,Q,bert.encoder.layer.4.attention.self.query,0.001,31,0,1,1,0.974609375,0.025390625,4.373736828711117e-06,0.00011037476360797882,0.0002924315631389618,0.0,0.00017011778254527599,0.0,0.0,0.00023591511126141995,1.0,0.07745612412691116,0.0,1.0,1.0,0.0,1.0,0.0,0.0,,,,,,,,,,,,,,,,,,,0.984375,64290.203125,0.025390625,1.0,0.0,0.0,1
3,single,4,K,bert.encoder.layer.4.attention.self.key,0.001,31,0,1,1,0.95703125,0.04296875,6.500991275970591e-06,3.287196159362793e-05,0.0003249936271458864,0.0,0.00017357578326482326,0.0,0.0,0.0001923801319207996,1.0,0.1479308009147644,0.0,1.0,1.0,0.0,1.0,0.0,0.0,,,,,,,,,,,,,,,,,,,0.970703125,76091.484375,0.04296875,1.0,0.0,0.0,1
3,single,4,V,bert.encoder.layer.4.attention.self.value,0.001,31,0,1,1,0.9453125,0.0546875,6.41795304545667e-06,2.323836088180542e-05,0.00019227713346481323,0.0,0.00016033966676332057,0.0,0.0,0.00042439240496605635,1.0,0.04209531471133232,0.0,1.0,1.0,0.0,1.0,0.0,0.0,,,,,,,,,,,,,,,,,,,0.962890625,66093.671875,0.0546875,1.0,0.0,0.0,1
3,single,4,O,bert.encoder.layer.4.attention.output.dense,0.001,31,0,1,1,0.927734375,0.072265625,7.371672381850658e-06,2.0567327737808228e-05,0.000189904123544693,0.0,0.00014127246686257422,0.0,0.0,0.0004523810639511794,1.0,-0.024897733703255653,0.0,1.0,1.0,0.0,1.0,0.0,0.0,,,,,,,,,,,,,,,,,,,0.958984375,66746.6640625,0.072265625,1.0,0.0,0.0,1
3,single,4,FFN1,bert.encoder.layer.4.intermediate.dense,0.001,31,0,1,1,0.978515625,0.021484375,2.9968209673825186e-06,8.187443017959595e-05,0.00021516531705856323,0.0,0.0001322117168456316,0.0,0.0,0.0002927074092440307,1.0,0.015958920121192932,0.0,1.0,1.0,0.0,1.0,0.0,0.0,,,,,,,,,,,,,,,,,,,0.990234375,48157.87890625,0.021484375,1.0,0.0,0.0,1
3,single,4,FFN2,bert.encoder.layer.4.output.dense,0.001,31,0,1,1,0.96484375,0.03515625,5.1263932618894614e-06,6.381422281265259e-05,0.0003958847373723984,0.0,0.0001579115487402305,0.0,0.0,0.00022494926815852523,1.0,0.08703982830047607,0.0,1.0,1.0,0.0,1.0,0.0,0.0,,,,,,,,,,,,,,,,,,,0.978515625,68252.7421875,0.03515625,1.0,0.0,0.0,1
3,single,5,Q,bert.encoder.layer.5.attention.self.query,0.001,31,0,1,1,0.984375,0.015625,1.6836384020280093e-06,4.6133995056152344e-05,0.00016266480088233948,0.0,6.650555587839335e-05,0.0,0.0,0.0002090718480758369,1.0,0.001827087253332138,0.0,1.0,1.0,0.0,1.0,0.0,0.0,,,,,,,,,,,,,,,,,,,0.990234375,32933.96875,0.015625,1.0,0.0,0.0,1
3,single,5,K,bert.encoder.layer.5.attention.self.key,0.001,31,0,1,1,0.984375,0.015625,2.2124204406281933e-06,5.58905303478241e-05,0.00021841749548912048,0.0,0.00011109102342743427,0.0,0.0,0.00020066581782884896,1.0,-0.10287030041217804,0.0,1.0,1.0,0.0,1.0,0.0,0.0,,,,,,,,,,,,,,,,,,,0.994140625,42491.84375,0.015625,1.0,0.0,0.0,1
3,single,5,V,bert.encoder.layer.5.attention.self.value,0.001,31,0,1,1,0.95703125,0.04296875,4.160782282269793e-06,2.592429518699646e-05,0.00017932802438735962,0.0,0.00013801903696730733,0.0,0.0,0.00047048035776242614,1.0,0.013919874094426632,0.0,1.0,1.0,0.0,1.0,0.0,0.0,,,,,,,,,,,,,,,,,,,0.97265625,49732.7890625,0.04296875,1.0,0.0,0.0,1
3,single,5,O,bert.encoder.layer.5.attention.output.dense,0.001,31,0,1,1,0.93359375,0.06640625,6.7360706452745944e-06,3.78340482711792e-05,0.00019139796495437622,0.0,0.0001382049231324345,0.0,0.0,0.0005238857120275497,1.0,0.05084061622619629,0.0,1.0,1.0,0.0,1.0,0.0,0.0,,,,,,,,,,,,,,,,,,,0.95703125,63251.71484375,0.06640625,1.0,0.0,0.0,1
3,single,5,FFN1,bert.encoder.layer.5.intermediate.dense,0.001,31,0,1,1,0.970703125,0.029296875,2.97105157187616e-06,3.6172568798065186e-05,0.00014745350927114487,0.0,0.00012062150926794857,0.0,0.0,0.0003574807196855545,1.0,-0.011982533149421215,0.0,1.0,1.0,0.0,1.0,0.0,0.0,,,,,,,,,,,,,,,,,,,0.98828125,41414.41015625,0.029296875,1.0,0.0,0.0,1
3,single,5,FFN2,bert.encoder.layer.5.output.dense,0.001,31,0,1,1,0.970703125,0.029296875,4.424592589202803e-06,8.974224328994751e-05,0.00031841546297073364,0.0,0.0001469060662202537,0.0,0.0,0.00026940242969430983,1.0,0.04349299147725105,0.0,1.0,1.0,0.0,1.0,0.0,0.0,,,,,,,,,,,,,,,,,,,0.978515625,62925.73046875,0.029296875,1.0,0.0,0.0,1
3,single,6,Q,bert.encoder.layer.6.attention.self.query,0.001,31,0,1,1,0.9765625,0.0234375,3.1233339541358873e-06,6.863102316856384e-05,0.00022980570793151855,0.0,0.00013443309580907226,0.0,0.0,0.0002501544659025967,1.0,0.05594417080283165,0.0,1.0,1.0,0.0,1.0,0.0,0.0,,,,,,,,,,,,,,,,,,,0.984375,48367.34765625,0.0234375,1.0,0.0,0.0,1
3,single,6,K,bert.encoder.layer.6.attention.self.key,0.001,31,0,1,1,0.974609375,0.025390625,3.846421805064892e-06,5.270540714263916e-05,0.0002453215420246124,0.0,0.00017314158321823925,0.0,0.0,0.00023569684708490968,1.0,0.08977016806602478,0.0,1.0,1.0,0.0,1.0,0.0,0.0,,,,,,,,,,,,,,,,,,,0.984375,57340.31640625,0.025390625,1.0,0.0,0.0,1
3,single,6,V,bert.encoder.layer.6.attention.self.value,0.001,31,0,1,1,0.923828125,0.076171875,7.371413630608004e-06,2.9180198907852173e-05,0.0001515112817287445,0.0,0.00013306991604622453,0.0,0.0,0.0005728466203436255,1.0,0.2062395066022873,0.0,1.0,1.0,0.0,1.0,0.0,0.0,,,,,,,,,,,,,,,,,,,0.9609375,63679.06640625,0.076171875,1.0,0.0,0.0,1
3,single,6,O,bert.encoder.layer.6.attention.output.dense,0.001,31,0,1,1,0.923828125,0.076171875,7.718384949839674e-06,5.9485435485839844e-05,0.00019236654043197632,0.0,0.0001433115394320339,0.0,0.0,0.0005442948313429952,1.0,0.053540509194135666,0.0,1.0,1.0,0.0,1.0,0.0,0.0,,,,,,,,,,,,,,,,,,,0.95703125,67017.890625,0.076171875,1.0,0.0,0.0,1
3,single,6,FFN1,bert.encoder.layer.6.intermediate.dense,0.001,31,0,1,1,0.94921875,0.05078125,6.362695785355754e-06,4.561617970466614e-05,0.00021935254335403442,0.0,0.00016717321705073118,0.0,0.0,0.00035487653804011643,1.0,0.029550520703196526,0.0,1.0,1.0,0.0,1.0,0.0,0.0,,,,,,,,,,,,,,,,,,,0.96875,67866.9140625,0.05078125,1.0,0.0,0.0,1
3,single,6,FFN2,bert.encoder.layer.6.output.dense,0.001,31,0,1,1,0.97265625,0.02734375,4.150477707298705e-06,4.73707914352417e-05,0.0002641584724187851,0.0,0.00016479691839776933,0.0,0.0,0.0003015318652614951,1.0,0.04954569414258003,0.0,1.0,1.0,0.0,1.0,0.0,0.0,,,,,,,,,,,,,,,,,,,0.984375,60070.52734375,0.02734375,1.0,0.0,0.0,1
3,single,7,Q,bert.encoder.layer.7.attention.self.query,0.001,31,0,1,1,0.97265625,0.02734375,3.5378388929530047e-06,3.4071505069732666e-05,0.00021828711032867432,0.0,0.00013707770267501473,0.0,0.0,0.00021069537615403533,1.0,0.05890530347824097,0.0,1.0,1.0,0.0,1.0,0.0,0.0,,,,,,,,,,,,,,,,,,,0.986328125,51590.46484375,0.02734375,1.0,0.0,0.0,1
3,single,7,K,bert.encoder.layer.7.attention.self.key,0.001,31,0,1,1,0.96484375,0.03515625,4.922815605823416e-06,7.356703281402588e-05,0.00021870434284210205,0.0,0.00014945934526622295,0.0,0.0,0.000200188864255324,1.0,0.08034628629684448,0.0,1.0,1.0,0.0,1.0,0.0,0.0,,,,,,,,,,,,,,,,,,,0.9765625,61533.0,0.03515625,1.0,0.0,0.0,1
3,single,7,V,bert.encoder.layer.7.attention.self.value,0.001,31,0,1,1,0.95703125,0.04296875,4.693038135883398e-06,3.35201621055603e-05,0.0001737065613269806,0.0,0.0001324102922808379,0.0,0.0,0.0004975544288754463,1.0,0.17203322052955627,0.0,1.0,1.0,0.0,1.0,0.0,0.0,,,,,,,,,,,,,,,,,,,0.96875,53780.3046875,0.04296875,1.0,0.0,0.0,1
3,single,7,O,bert.encoder.layer.7.attention.output.dense,0.001,31,0,1,1,0.94921875,0.05078125,5.079414222564083e-06,5.731359124183655e-05,0.00015130266547203064,0.0,0.00012301933020353317,0.0,0.0,0.0005240576574578881,1.0,0.08657868951559067,0.0,1.0,1.0,0.0,1.0,0.0,0.0,,,,,,,,,,,,,,,,,,,0.96875,53016.87109375,0.05078125,1.0,0.0,0.0,1
3,single,7,FFN1,bert.encoder.layer.7.intermediate.dense,0.001,31,0,1,1,0.951171875,0.048828125,5.761861757491715e-06,3.194063901901245e-05,0.00032191723585128784,0.0,0.00013720692368224263,0.0,0.0,0.00036769110010936856,1.0,0.031937554478645325,0.0,1.0,1.0,0.0,1.0,0.0,0.0,,,,,,,,,,,,,,,,,,,0.970703125,65397.6875,0.048828125,1.0,0.0,0.0,1
3,single,7,FFN2,bert.encoder.layer.7.output.dense,0.001,31,0,1,1,0.978515625,0.021484375,2.667196213224088e-06,5.3569674491882324e-05,0.00018741562962532043,0.0,0.0001263481826754287,0.0,0.0,0.000288579729385674,1.0,0.06121206656098366,0.0,1.0,1.0,0.0,1.0,0.0,0.0,,,,,,,,,,,,,,,,,,,0.986328125,42811.43359375,0.021484375,1.0,0.0,0.0,1
3,single,8,Q,bert.encoder.layer.8.attention.self.query,0.001,31,0,1,1,0.9765625,0.0234375,3.490070412226487e-06,5.6162476539611816e-05,0.00023486651480197906,0.0,0.0001673703663982451,0.0,0.0,0.0002608072245493531,1.0,0.02169184945523739,0.0,1.0,1.0,0.0,1.0,0.0,0.0,,,,,,,,,,,,,,,,,,,0.98828125,54862.390625,0.0234375,1.0,0.0,0.0,1
3,single,8,K,bert.encoder.layer.8.attention.self.key,0.001,31,0,1,1,0.962890625,0.037109375,5.675911779690068e-06,1.1043157428503036e-05,0.0002482756972312927,0.0,0.0001853026624303311,0.0,0.0,0.00026818958576768637,1.0,0.0686066746711731,0.0,1.0,1.0,0.0,1.0,0.0,0.0,,,,,,,,,,,,,,,,,,,0.982421875,71220.515625,0.037109375,1.0,0.0,0.0,1
3,single,8,V,bert.encoder.layer.8.attention.self.value,0.001,31,0,1,1,0.951171875,0.048828125,5.77828996028984e-06,3.238022327423096e-05,0.00021211151033639908,0.0,0.0001501242077210918,0.0,0.0,0.0005166365881450474,1.0,0.1421573907136917,0.0,1.0,1.0,0.0,1.0,0.0,0.0,,,,,,,,,,,,,,,,,,,0.970703125,63573.2421875,0.048828125,1.0,0.0,0.0,1
3,single,8,O,bert.encoder.layer.8.attention.output.dense,0.001,31,0,1,1,0.953125,0.046875,4.283753241907107e-06,1.0459218174219131e-05,0.00018071196973323822,0.0,0.00012235378380864859,0.0,0.0,0.0005407560383901,1.0,0.07329078018665314,0.0,1.0,1.0,0.0,1.0,0.0,0.0,,,,,,,,,,,,,,,,,,,0.978515625,49489.06640625,0.046875,1.0,0.0,0.0,1
3,single,8,FFN1,bert.encoder.layer.8.intermediate.dense,0.001,31,0,1,1,0.97265625,0.02734375,3.792069719565916e-06,8.910149335861206e-05,0.00017552450299263,0.0,0.00014966601156629622,0.0,0.0,0.00038527222932316363,1.0,0.1349812000989914,0.0,1.0,1.0,0.0,1.0,0.0,0.0,,,,,,,,,,,,,,,,,,,0.98046875,52700.1875,0.02734375,1.0,0.0,0.0,1
3,single,8,FFN2,bert.encoder.layer.8.output.dense,0.001,31,0,1,1,0.98046875,0.01953125,2.8356957955111284e-06,5.7213008403778076e-05,0.00022868067026138306,0.0,0.0001369691890431568,0.0,0.0,0.00032482261303812265,1.0,0.02092895284295082,0.0,1.0,1.0,0.0,1.0,0.0,0.0,,,,,,,,,,,,,,,,,,,0.990234375,49400.38671875,0.01953125,1.0,0.0,0.0,1
3,single,9,Q,bert.encoder.layer.9.attention.self.query,0.001,31,0,1,1,0.96484375,0.03515625,4.7506382543360814e-06,7.406994700431824e-05,0.00021416693925857544,0.0,0.00015672844892833382,0.0,0.0,0.0003537389566190541,1.0,0.04592423513531685,0.0,1.0,1.0,0.0,1.0,0.0,0.0,,,,,,,,,,,,,,,,,,,0.9765625,59954.54296875,0.03515625,1.0,0.0,0.0,1
3,single,9,K,bert.encoder.layer.9.attention.self.key,0.001,31,0,1,1,0.970703125,0.029296875,4.653407359000994e-06,7.139146327972412e-05,0.0003136098384857178,0.0,0.00016025184595491737,0.0,0.0,0.0003245691768825054,1.0,0.08444885909557343,0.0,1.0,1.0,0.0,1.0,0.0,0.0,,,,,,,,,,,,,,,,,,,0.978515625,65925.0859375,0.029296875,1.0,0.0,0.0,1
3,single,9,V,bert.encoder.layer.9.attention.self.value,0.001,31,0,1,1,0.94140625,0.05859375,7.062276381475385e-06,5.041062831878662e-05,0.00018889456987380981,0.0,0.0001497336634201929,0.0,0.0,0.0006685414118692279,1.0,0.10002395510673523,0.0,1.0,1.0,0.0,1.0,0.0,0.0,,,,,,,,,,,,,,,,,,,0.966796875,68252.734375,0.05859375,1.0,0.0,0.0,1
3,single,9,O,bert.encoder.layer.9.attention.output.dense,0.001,31,0,1,1,0.943359375,0.056640625,5.802456598757999e-06,4.3001025915145874e-05,0.00016878172755241394,0.0,0.00013546657282859087,0.0,0.0,0.0006540168542414904,1.0,0.13580487668514252,0.0,1.0,1.0,0.0,1.0,0.0,0.0,,,,,,,,,,,,,,,,,,,0.966796875,58059.9765625,0.056640625,1.0,0.0,0.0,1
3,single,9,FFN1,bert.encoder.layer.9.intermediate.dense,0.001,31,0,1,1,0.966796875,0.033203125,4.092557901458349e-06,4.451349377632141e-05,0.00022127479314804077,0.0,0.00014982827997300774,0.0,0.0,0.0003762716078199446,1.0,0.0011111705098301172,0.0,1.0,1.0,0.0,1.0,0.0,0.0,,,,,,,,,,,,,,,,,,,0.978515625,54485.5859375,0.033203125,1.0,0.0,0.0,1
3,single,9,FFN2,bert.encoder.layer.9.output.dense,0.001,31,0,1,1,0.974609375,0.025390625,3.876093160215532e-06,0.00010451674461364746,0.0002259090542793274,0.0,0.0001502130035078153,0.0,0.0,0.0003135568695142865,1.0,0.046211130917072296,0.0,1.0,1.0,0.0,1.0,0.0,0.0,,,,,,,,,,,,,,,,,,,0.982421875,56074.01171875,0.025390625,1.0,0.0,0.0,1
3,single,10,Q,bert.encoder.layer.10.attention.self.query,0.001,31,0,1,1,0.99609375,0.00390625,6.828486220911145e-07,0.00012251734733581543,0.0002271011471748352,0.0,0.0,0.0,0.0,0.0003136959858238697,1.0,0.023402785882353783,0.0,1.0,1.0,0.0,1.0,0.0,0.0,,,,,,,,,,,,,,,,,,,0.99609375,25804.15234375,0.00390625,0.0,0.0,0.0,1
3,single,10,K,bert.encoder.layer.10.attention.self.key,0.001,31,0,1,1,0.982421875,0.017578125,2.8019858291372657e-06,8.603185415267944e-05,0.00030120834708213806,0.0,0.00014230332453735173,0.0,0.0,0.00027028904878534377,1.0,-0.04910869896411896,0.0,1.0,1.0,0.0,1.0,0.0,0.0,,,,,,,,,,,,,,,,,,,0.9921875,51562.0390625,0.017578125,1.0,0.0,0.0,1
3,single,10,V,bert.encoder.layer.10.attention.self.value,0.001,31,0,1,1,0.9453125,0.0546875,6.043335361027857e-06,2.4966895580291748e-05,0.00018128566443920135,0.0,0.00014868791913613677,0.0,0.0,0.0005976097309030592,1.0,-0.06336595118045807,0.0,1.0,1.0,0.0,1.0,0.0,0.0,,,,,,,,,,,,,,,,,,,0.98046875,62448.53125,0.0546875,1.0,0.0,0.0,1
3,single,10,O,bert.encoder.layer.10.attention.output.dense,0.001,31,0,1,1,0.974609375,0.025390625,3.114692390226992e-06,4.3973326683044434e-05,0.00017598271369934082,0.0,0.00012965689529664814,0.0,0.0,0.0006975732394494116,1.0,-0.10247015208005905,0.0,1.0,1.0,0.0,1.0,0.0,0.0,,,,,,,,,,,,,,,,,,,0.9921875,45707.4375,0.025390625,1.0,0.0,0.0,1
3,single,10,FFN1,bert.encoder.layer.10.intermediate.dense,0.001,31,0,1,1,0.986328125,0.013671875,1.7176862456835806e-06,8.84421169757843e-05,0.0001921728253364563,0.0,0.00010074285819428042,0.0,0.0,0.00036101415753364563,1.0,-0.08344419300556183,0.0,1.0,1.0,0.0,1.0,0.0,0.0,,,,,,,,,,,,,,,,,,,0.99609375,34353.34765625,0.013671875,1.0,0.0,0.0,1
3,single,10,FFN2,bert.encoder.layer.10.output.dense,0.001,31,0,1,1,0.970703125,0.029296875,3.635831490100827e-06,6.633251905441284e-05,0.00023438036441802979,0.0,0.00012599975161720067,0.0,0.0,0.00038030039286240935,1.0,0.03451480716466904,0.0,1.0,1.0,0.0,1.0,0.0,0.0,,,,,,,,,,,,,,,,,,,0.984375,50463.21484375,0.029296875,1.0,0.0,0.0,1
3,single,11,Q,bert.encoder.layer.11.attention.self.query,0.001,31,0,1,1,0.990234375,0.009765625,1.6788744687801227e-06,0.00010176002979278564,0.0002794582396745682,0.0,0.0,0.0,0.0,0.0002972936490550637,1.0,0.03141385316848755,0.0,1.0,1.0,0.0,1.0,0.0,0.0,,,,,,,,,,,,,,,,,,,0.9921875,41316.23046875,0.009765625,0.0,0.0,0.0,1
3,single,11,K,bert.encoder.layer.11.attention.self.key,0.001,31,0,1,1,0.98046875,0.01953125,2.7980104277958162e-06,7.83093273639679e-05,0.00026543065905570984,0.0,0.00011595399701036513,0.0,0.0,0.0002619115402922034,1.0,-0.20591354370117188,0.0,1.0,1.0,0.0,1.0,0.0,0.0,,,,,,,,,,,,,,,,,,,0.99609375,48811.10546875,0.01953125,1.0,0.0,0.0,1
3,single,11,V,bert.encoder.layer.11.attention.self.value,0.001,31,0,1,1,0.97265625,0.02734375,2.9822977012372576e-06,4.6253204345703125e-05,0.0001621488481760025,0.0,0.00011953010107390583,0.0,0.0,0.00045304701779969037,1.0,0.025485631078481674,0.0,1.0,1.0,0.0,1.0,0.0,0.0,,,,,,,,,,,,,,,,,,,0.984375,42805.359375,0.02734375,1.0,0.0,0.0,1
3,single,11,O,bert.encoder.layer.11.attention.output.dense,0.001,31,0,1,1,0.955078125,0.044921875,5.352811513148481e-06,5.31710684299469e-05,0.00022385269403457642,0.0,0.00015161839837674052,0.0,0.0,0.0004933435702696443,1.0,0.21451331675052643,0.0,1.0,1.0,0.0,1.0,0.0,0.0,,,,,,,,,,,,,,,,,,,0.962890625,60425.37890625,0.044921875,1.0,0.0,0.0,1
3,single,11,FFN1,bert.encoder.layer.11.intermediate.dense,0.001,31,0,1,1,0.986328125,0.013671875,2.011314791161567e-06,9.22270119190216e-05,0.00020660459995269775,0.0,0.00010343858593842015,0.0,0.0,0.0004555537598207593,1.0,0.019984005019068718,0.0,1.0,1.0,0.0,1.0,0.0,0.0,,,,,,,,,,,,,,,,,,,0.990234375,40473.84375,0.013671875,1.0,0.0,0.0,1
3,single,11,FFN2,bert.encoder.layer.11.output.dense,0.001,31,0,1,1,0.994140625,0.005859375,9.119803507928737e-07,0.00012183422222733498,0.00020363181829452515,0.0,0.0,0.0,0.001953125,0.000340815051458776,1.0,0.07089383900165558,0.0,1.0,1.0,0.0,1.0,0.0,0.0,,,,,,,,,,,,,,,,,,,0.994140625,27626.55859375,0.005859375,0.0,0.0,0.0,1
4,single,0,Q,bert.encoder.layer.0.attention.self.query,0.001,31,0,1,1,0.984375,0.015625,1.8785599422699306e-06,3.2782554626464844e-07,0.0002497062087059021,0.0,5.383361713029444e-05,0.0,0.0,0.0001498256460763514,1.0,-0.026944003999233246,0.0,1.0,1.0,0.0,1.0,0.0,0.0,,,,,,,,,,,,,,,,,,,0.994140625,40886.1015625,0.015625,1.0,0.0,0.0,1
4,single,0,K,bert.encoder.layer.0.attention.self.key,0.001,31,0,1,1,0.984375,0.015625,3.3180558602907695e-06,0.00011721625924110413,0.0006435811519622803,0.0,0.00013878400204703212,0.0,0.0,0.00014218596334103495,1.0,0.07483812421560287,0.0,1.0,1.0,0.0,1.0,0.0,0.0,,,,,,,,,,,,,,,,,,,0.990234375,75982.8359375,0.015625,1.0,0.0,0.0,1
4,single,0,V,bert.encoder.layer.0.attention.self.value,0.001,31,0,1,1,0.943359375,0.056640625,4.697834810940549e-06,1.7682090401649475e-05,0.0001264559105038643,0.0,0.00010742229642346501,0.0,0.0,0.0003826156025752425,1.0,0.057603657245635986,0.0,1.0,1.0,0.0,1.0,0.0,0.0,,,,,,,,,,,,,,,,,,,0.962890625,46961.38671875,0.056640625,1.0,0.0,0.0,1
4,single,0,O,bert.encoder.layer.0.attention.output.dense,0.001,31,0,1,1,0.9375,0.0625,5.26157555214013e-06,8.478760719299316e-06,0.0002504214644432068,0.0,0.00010950062278425321,0.0,0.0,0.00041944225085899234,1.0,-0.02524915337562561,0.0,1.0,1.0,0.0,1.0,0.0,0.0,,,,,,,,,,,,,,,,,,,0.970703125,53340.0859375,0.0625,1.0,0.0,0.0,1
4,single,0,FFN1,bert.encoder.layer.0.intermediate.dense,0.001,31,0,1,1,0.966796875,0.033203125,3.3976220947806723e-06,3.159418702125549e-05,0.0001845620572566986,0.0,0.00014222541358321905,0.0,0.0,0.000292395445285365,1.0,0.3733281195163727,0.0,1.0,1.0,0.0,1.0,0.0,0.0,,,,,,,,,,,,,,,,,,,0.9765625,45919.546875,0.033203125,1.0,0.0,0.0,1
4,single,0,FFN2,bert.encoder.layer.0.output.dense,0.001,31,0,1,1,0.970703125,0.029296875,3.995703082182445e-06,9.268335998058319e-05,0.00017068767920136452,0.0,0.00015087777865119278,0.0,0.0,0.0002108657790813595,1.0,0.13401013612747192,0.0,1.0,1.0,0.0,1.0,0.0,0.0,,,,,,,,,,,,,,,,,,,0.984375,53964.5078125,0.029296875,1.0,0.0,0.0,1
4,single,1,Q,bert.encoder.layer.1.attention.self.query,0.001,31,0,1,1,0.982421875,0.017578125,2.556961362643051e-06,0.00011524930596351624,0.00020027905702590942,0.0,0.00013186664727982134,0.0,0.0,0.00020992261124774814,1.0,-0.003176354570314288,0.0,1.0,1.0,0.0,1.0,0.0,0.0,,,,,,,,,,,,,,,,,,,0.990234375,44336.3125,0.017578125,1.0,0.0,0.0,1
4,single,1,K,bert.encoder.layer.1.attention.self.key,0.001,31,0,1,1,0.98828125,0.01171875,1.6429185052402318e-06,1.6823410987854004e-05,0.0002176966518163681,0.0,1.4973082215874456e-05,0.0,0.0,0.00016394868725910783,1.0,-0.030249202623963356,0.0,1.0,1.0,0.0,1.0,0.0,0.0,,,,,,,,,,,,,,,,,,,0.9921875,37885.83203125,0.01171875,0.8900146484375,0.0,0.0,1
4,single,1,V,bert.encoder.layer.1.attention.self.value,0.001,31,0,1,1,0.912109375,0.087890625,7.848402674426325e-06,3.968924283981323e-05,0.00014973804354667664,0.0,0.0001274157257284969,0.0,0.0,0.00038920697988942266,1.0,0.11205017566680908,0.0,1.0,1.0,0.0,1.0,0.0,0.0,,,,,,,,,,,,,,,,,,,0.94140625,62900.46875,0.087890625,1.0,0.0,0.0,1
4,single,1,O,bert.encoder.layer.1.attention.output.dense,0.001,31,0,1,1,0.91796875,0.08203125,7.685728633077815e-06,2.4672597646713257e-05,0.00035445019602775574,0.0,0.0001421252964064479,0.0,0.0,0.0003991091507486999,1.0,0.08200360089540482,0.0,1.0,1.0,0.0,1.0,0.0,0.0,,,,,,,,,,,,,,,,,,,0.9453125,70253.3671875,0.08203125,1.0,0.0,0.0,1
4,single,1,FFN1,bert.encoder.layer.1.intermediate.dense,0.001,31,0,1,1,0.984375,0.015625,2.2385090687748743e-06,7.769465446472168e-05,0.0002597132697701454,0.0,0.00010569121513981372,0.0,0.0,0.00026113155763596296,1.0,0.014801311306655407,0.0,1.0,1.0,0.0,1.0,0.0,0.0,,,,,,,,,,,,,,,,,,,0.986328125,43503.50390625,0.015625,1.0,0.0,0.0,1
4,single,1,FFN2,bert.encoder.layer.1.output.dense,0.001,31,0,1,1,0.986328125,0.013671875,1.7627548913878854e-06,8.992478251457214e-05,0.0001625940203666687,0.0,0.00010501722863409668,0.0,0.0,0.00023870043514762074,1.0,-0.024539833888411522,0.0,1.0,1.0,0.0,1.0,0.0,0.0,,,,,,,,,,,,,,,,,,,0.9921875,34874.625,0.013671875,1.0,0.0,0.0,1
4,single,2,Q,bert.encoder.layer.2.attention.self.query,0.001,31,0,1,1,0.98828125,0.01171875,2.144807695003692e-06,0.00011173821985721588,0.0003310665488243103,0.0,9.944865450961515e-05,0.0,0.0,0.00017593606025911868,1.0,-0.03981064260005951,0.0,1.0,1.0,0.0,1.0,0.0,0.0,,,,,,,,,,,,,,,,,,,0.994140625,48423.72265625,0.01171875,0.8900146484375,0.0,0.0,1
4,single,2,K,bert.encoder.layer.2.attention.self.key,0.001,31,0,1,1,0.986328125,0.013671875,2.155205493181711e-06,8.893013000488281e-05,0.00034465640783309937,0.0,9.126096847467124e-05,0.0,0.0,0.00015311085735447705,1.0,0.10040120035409927,0.0,1.0,1.0,0.0,1.0,0.0,0.0,,,,,,,,,,,,,,,,,,,0.990234375,46988.83984375,0.013671875,1.0,0.0,0.0,1
4,single,2,V,bert.encoder.layer.2.attention.self.value,0.001,31,0,1,1,0.92578125,0.07421875,6.011897312419023e-06,3.027264028787613e-06,0.00018621701747179031,0.0,0.00010694121738197282,0.0,0.0,0.000475327018648386,1.0,-0.03229092061519623,0.0,1.0,1.0,0.0,1.0,0.0,0.0,,,,,,,,,,,,,,,,,,,0.953125,54516.61328125,0.07421875,1.0,0.0,0.0,1
4,single,2,O,bert.encoder.layer.2.attention.output.dense,0.001,31,0,1,1,0.921875,0.078125,6.847157237643842e-06,3.538653254508972e-05,0.00018055737018585205,0.0,0.0001334442204097286,0.0,0.0,0.0005690425168722868,1.0,0.0889621302485466,0.0,1.0,1.0,0.0,1.0,0.0,0.0,,,,,,,,,,,,,,,,,,,0.94921875,59769.9296875,0.078125,1.0,0.0,0.0,1
4,single,2,FFN1,bert.encoder.layer.2.intermediate.dense,0.001,31,0,1,1,0.978515625,0.021484375,2.5187264327541925e-06,4.5940279960632324e-05,0.00020222365856170654,0.0,0.00012007138866465539,0.0,0.0,0.000283318106085062,1.0,0.2377571016550064,0.0,1.0,1.0,0.0,1.0,0.0,0.0,,,,,,,,,,,,,,,,,,,0.982421875,41675.91796875,0.021484375,1.0,0.0,0.0,1
4,single,2,FFN2,bert.encoder.layer.2.output.dense,0.001,31,0,1,1,0.984375,0.015625,2.373170445935102e-06,9.115785360336304e-05,0.00019977055490016937,0.0,0.00012296823842916638,0.0,0.0,0.0002280568005517125,1.0,0.0833418220281601,0.0,1.0,1.0,0.0,1.0,0.0,0.0,,,,,,,,,,,,,,,,,,,0.990234375,44236.1484375,0.015625,1.0,0.0,0.0,1
4,single,3,Q,bert.encoder.layer.3.attention.self.query,0.001,31,0,1,1,0.974609375,0.025390625,2.889708412112668e-06,1.1593103408813477e-05,0.00017715245485305786,0.0,0.00014834538160357624,0.0,0.0,0.00019250044715590775,1.0,0.0004683536826632917,0.0,1.0,1.0,0.0,1.0,0.0,0.0,,,,,,,,,,,,,,,,,,,0.98828125,45550.28515625,0.025390625,1.0,0.0,0.0,1
4,single,3,K,bert.encoder.layer.3.attention.self.key,0.001,31,0,1,1,0.97265625,0.02734375,3.987744548794581e-06,8.041970431804657e-05,0.00019399449229240417,0.0,0.00016794567636679858,0.0,0.0,0.000168633705470711,1.0,0.01120789721608162,0.0,1.0,1.0,0.0,1.0,0.0,0.0,,,,,,,,,,,,,,,,,,,0.982421875,56008.5,0.02734375,1.0,0.0,0.0,1
4,single,3,V,bert.encoder.layer.3.attention.self.value,0.001,31,0,1,1,0.93359375,0.06640625,6.565109742950881e-06,3.596767783164978e-05,0.00022529158741235733,0.0,0.0001282425073441118,0.0,0.0,0.00046973515418358147,1.0,0.12617014348506927,0.0,1.0,1.0,0.0,1.0,0.0,0.0,,,,,,,,,,,,,,,,,,,0.958984375,62031.6640625,0.06640625,1.0,0.0,0.0,1
4,single,3,O,bert.encoder.layer.3.attention.output.dense,0.001,31,0,1,1,0.921875,0.078125,6.195451533130836e-06,1.2077391147613525e-05,0.0001777447760105133,0.0,0.00010841148468898609,0.0,0.0,0.0005041556432843208,1.0,0.06984922289848328,0.0,1.0,1.0,0.0,1.0,0.0,0.0,,,,,,,,,,,,,,,,,,,0.955078125,54319.55859375,0.078125,1.0,0.0,0.0,1
4,single,3,FFN1,bert.encoder.layer.3.intermediate.dense,0.001,31,0,1,1,0.96875,0.03125,3.504865617287578e-06,6.289035081863403e-05,0.00017242133617401123,0.0,0.00011276383156655356,0.0,0.0,0.00043743260903283954,1.0,0.35440006852149963,0.0,1.0,1.0,0.0,1.0,0.0,0.0,,,,,,,,,,,,,,,,,,,0.982421875,46933.78515625,0.03125,1.0,0.0,0.0,1
4,single,3,FFN2,bert.encoder.layer.3.output.dense,0.001,31,0,1,1,0.9765625,0.0234375,2.8049585125700105e-06,7.222220301628113e-05,0.00016187503933906555,0.0,0.00011947533494094387,0.0,0.0,0.00022900365001987666,1.0,0.0802583247423172,0.0,1.0,1.0,0.0,1.0,0.0,0.0,,,,,,,,,,,,,,,,,,,0.986328125,42167.34765625,0.0234375,1.0,0.0,0.0,1
4,single,4,Q,bert.encoder.layer.4.attention.self.query,0.001,31,0,1,1,0.9765625,0.0234375,2.9386319511104375e-06,8.694827556610107e-05,0.00020474940538406372,0.0,0.00012296960630919784,0.0,0.0,0.0002491368795745075,1.0,-0.07067853212356567,0.0,1.0,1.0,0.0,1.0,0.0,0.0,,,,,,,,,,,,,,,,,,,0.990234375,44768.3046875,0.0234375,1.0,0.0,0.0,1
4,single,4,K,bert.encoder.layer.4.attention.self.key,0.001,31,0,1,1,0.97265625,0.02734375,4.002044988737907e-06,6.350129842758179e-05,0.0002364814281463623,0.0,0.00014802292571403086,0.0,0.0,0.000213511724723503,1.0,0.038385357707738876,0.0,1.0,1.0,0.0,1.0,0.0,0.0,,,,,,,,,,,,,,,,,,,0.984375,57804.78125,0.02734375,1.0,0.0,0.0,1
4,single,4,V,bert.encoder.layer.4.attention.self.value,0.001,31,0,1,1,0.96484375,0.03515625,4.293346137274057e-06,3.1754374504089355e-05,0.00018556416034698486,0.0,0.00014989095507189631,0.0,0.0,0.0004218746325932443,1.0,-0.048053592443466187,0.0,1.0,1.0,0.0,1.0,0.0,0.0,,,,,,,,,,,,,,,,,,,0.98046875,54531.46875,0.03515625,1.0,0.0,0.0,1
4,single,4,O,bert.encoder.layer.4.attention.output.dense,0.001,31,0,1,1,0.935546875,0.064453125,5.924562174186576e-06,7.577240467071533e-06,0.0001995312049984932,0.0,0.00012063913163729012,0.0,0.0,0.00048072088975459337,1.0,-0.021250279620289803,0.0,1.0,1.0,0.0,1.0,0.0,0.0,,,,,,,,,,,,,,,,,,,0.97265625,57314.12890625,0.064453125,1.0,0.0,0.0,1
4,single,4,FFN1,bert.encoder.layer.4.intermediate.dense,0.001,31,0,1,1,0.974609375,0.025390625,2.6824391170521267e-06,6.907805800437927e-05,0.00014938414096832275,0.0,0.00010484465747140348,0.0,0.0,0.00031168811256065965,1.0,0.16214624047279358,0.0,1.0,1.0,0.0,1.0,0.0,0.0,,,,,,,,,,,,,,,,,,,0.98046875,38949.59375,0.025390625,1.0,0.0,0.0,1
4,single,4,FFN2,bert.encoder.layer.4.output.dense,0.001,31,0,1,1,0.98046875,0.01953125,2.7466207939141896e-06,1.7195940017700195e-05,0.00023642554879188538,0.0,0.00015199089830275625,0.0,0.0,0.0002495423541404307,1.0,0.03419946879148483,0.0,1.0,1.0,0.0,1.0,0.0,0.0,,,,,,,,,,,,,,,,,,,0.98828125,49249.3203125,0.01953125,1.0,0.0,0.0,1
4,single,5,Q,bert.encoder.layer.5.attention.self.query,0.001,31,0,1,1,0.9765625,0.0234375,3.7719300962635316e-06,7.920898497104645e-05,0.0003750212490558624,0.0,0.00015175527369137853,0.0,0.0,0.00022695701045449823,1.0,0.07012540102005005,0.0,1.0,1.0,0.0,1.0,0.0,0.0,,,,,,,,,,,,,,,,,,,0.982421875,61058.70703125,0.0234375,1.0,0.0,0.0,1
4,single,5,K,bert.encoder.layer.5.attention.self.key,0.001,31,0,1,1,0.96875,0.03125,4.698620614362881e-06,5.8203935623168945e-05,0.0002596229314804077,0.0,0.00017350813141092658,0.0,0.0,0.0002102197613567114,1.0,-0.0026402275543659925,0.0,1.0,1.0,0.0,1.0,0.0,0.0,,,,,,,,,,,,,,,,,,,0.98828125,64562.59765625,0.03125,1.0,0.0,0.0,1
4,single,5,V,bert.encoder.layer.5.attention.self.value,0.001,31,0,1,1,0.955078125,0.044921875,4.719198386737844e-06,1.5636906027793884e-05,0.00017303600907325745,0.0,0.0001344760094070807,0.0,0.0,0.0004338808939792216,1.0,0.1024496778845787,0.0,1.0,1.0,0.0,1.0,0.0,0.0,,,,,,,,,,,,,,,,,,,0.97265625,53363.48046875,0.044921875,1.0,0.0,0.0,1
4,single,5,O,bert.encoder.layer.5.attention.output.dense,0.001,31,0,1,1,0.919921875,0.080078125,7.97261600382626e-06,5.27501106262207e-06,0.000205114483833313,0.0,0.00013336283154785633,0.0,0.0,0.000471896433737129,1.0,0.21294967830181122,0.0,1.0,1.0,0.0,1.0,0.0,0.0,,,,,,,,,,,,,,,,,,,0.9296875,68834.296875,0.080078125,1.0,0.0,0.0,1
4,single,5,FFN1,bert.encoder.layer.5.intermediate.dense,0.001,31,0,1,1,0.962890625,0.037109375,4.6651125558128115e-06,7.48075544834137e-05,0.00020299479365348816,0.0,0.00013783099711872637,0.0,0.0,0.0003286290157120675,1.0,0.13020935654640198,0.0,1.0,1.0,0.0,1.0,0.0,0.0,,,,,,,,,,,,,,,,,,,0.978515625,56511.53125,0.037109375,1.0,0.0,0.0,1
4,single,5,FFN2,bert.encoder.layer.5.output.dense,0.001,31,0,1,1,0.98046875,0.01953125,2.9135462682461366e-06,8.952990174293518e-05,0.00022620335221290588,0.0,0.00012933483230881393,0.0,0.0,0.0002803090901579708,1.0,0.043749310076236725,0.0,1.0,1.0,0.0,1.0,0.0,0.0,,,,,,,,,,,,,,,,,,,0.98828125,49333.2578125,0.01953125,1.0,0.0,0.0,1
4,single,6,Q,bert.encoder.layer.6.attention.self.query,0.001,31,0,1,1,0.986328125,0.013671875,2.0810939531656913e-06,0.00010801106691360474,0.00021000951528549194,0.0,0.0001336159184575081,0.0,0.0,0.00024593877606093884,1.0,-0.026289021596312523,0.0,1.0,1.0,0.0,1.0,0.0,0.0,,,,,,,,,,,,,,,,,,,0.9921875,41034.46484375,0.013671875,1.0,0.0,0.0,1
4,single,6,K,bert.encoder.layer.6.attention.self.key,0.001,31,0,1,1,0.9765625,0.0234375,2.9799259664287092e-06,2.3774802684783936e-05,0.00023362040519714355,0.0,0.00013572371972259134,0.0,0.0,0.00021721210214309394,1.0,0.11764340847730637,0.0,1.0,1.0,0.0,1.0,0.0,0.0,,,,,,,,,,,,,,,,,,,0.982421875,47100.30078125,0.0234375,1.0,0.0,0.0,1
4,single,6,V,bert.encoder.layer.6.attention.self.value,0.001,31,0,1,1,0.943359375,0.056640625,5.251200946077006e-06,5.342066287994385e-06,0.0001955777406692505,0.0,0.00012499997683335096,0.0,0.0,0.00047442258801311255,1.0,0.04383845999836922,0.0,1.0,1.0,0.0,1.0,0.0,0.0,,,,,,,,,,,,,,,,,,,0.9609375,55541.33203125,0.056640625,1.0,0.0,0.0,1
4,single,6,O,bert.encoder.layer.6.attention.output.dense,0.001,31,0,1,1,0.94921875,0.05078125,4.993427864974365e-06,4.510954022407532e-05,0.0001711733639240265,0.0,0.00011272854317212477,0.0,0.0,0.0004952466115355492,1.0,-0.01127808541059494,0.0,1.0,1.0,0.0,1.0,0.0,0.0,,,,,,,,,,,,,,,,,,,0.96875,52155.5546875,0.05078125,1.0,0.0,0.0,1
4,single,6,FFN1,bert.encoder.layer.6.intermediate.dense,0.001,31,0,1,1,0.9609375,0.0390625,4.47769616584992e-06,2.1338462829589844e-05,0.00018733739852905273,0.0,0.0001388303644489497,0.0,0.0,0.000365822488674894,1.0,0.026677383109927177,0.0,1.0,1.0,0.0,1.0,0.0,0.0,,,,,,,,,,,,,,,,,,,0.978515625,54798.1484375,0.0390625,1.0,0.0,0.0,1
4,single,6,FFN2,bert.encoder.layer.6.output.dense,0.001,31,0,1,1,0.970703125,0.029296875,4.263171831553336e-06,3.3229589462280273e-05,0.0002267211675643921,0.0,0.0001615857909200713,0.0,0.0,0.00031161069637164474,1.0,0.04124043881893158,0.0,1.0,1.0,0.0,1.0,0.0,0.0,,,,,,,,,,,,,,,,,,,0.98046875,60196.19140625,0.029296875,1.0,0.0,0.0,1
4,single,7,Q,bert.encoder.layer.7.attention.self.query,0.001,31,0,1,1,0.97265625,0.02734375,3.2138905226020142e-06,2.866983413696289e-05,0.0001868903636932373,0.0,0.00013256030797492713,0.0,0.0,0.00021022805594839156,1.0,-0.029990090057253838,0.0,1.0,1.0,0.0,1.0,0.0,0.0,,,,,,,,,,,,,,,,,,,0.98828125,46736.22265625,0.02734375,1.0,0.0,0.0,1
4,single,7,K,bert.encoder.layer.7.attention.self.key,0.001,31,0,1,1,0.974609375,0.025390625,4.3086711229989305e-06,9.559094905853271e-06,0.0003539305180311203,0.0,0.00018558373267296702,0.0,0.0,0.00022018799791112542,1.0,0.15624620020389557,0.0,1.0,1.0,0.0,1.0,0.0,0.0,,,,,,,,,,,,,,,,,,,0.982421875,68081.765625,0.025390625,1.0,0.0,0.0,1
4,single,7,V,bert.encoder.layer.7.attention.self.value,0.001,31,0,1,1,0.9609375,0.0390625,4.5209853851702064e-06,5.883350968360901e-05,0.0001937530469149351,0.0,0.00013257643149700016,0.0,0.0,0.00048782670637592673,1.0,-0.10731598734855652,0.0,1.0,1.0,0.0,1.0,0.0,0.0,,,,,,,,,,,,,,,,,,,0.970703125,53992.51953125,0.0390625,1.0,0.0,0.0,1
4,single,7,O,bert.encoder.layer.7.attention.output.dense,0.001,31,0,1,1,0.95703125,0.04296875,3.993382961198222e-06,2.619624137878418e-05,0.00014927983283996582,0.0,0.00011939730757148936,0.0,0.0,0.0004658954276237637,1.0,0.11722926050424576,0.0,1.0,1.0,0.0,1.0,0.0,0.0,,,,,,,,,,,,,,,,,,,0.962890625,46252.43359375,0.04296875,1.0,0.0,0.0,1
4,single,7,FFN1,bert.encoder.layer.7.intermediate.dense,0.001,31,0,1,1,0.96875,0.03125,3.458754463281366e-06,3.7282705307006836e-05,0.0001572147011756897,0.0,0.00013423865311779082,0.0,0.0,0.0003707587020471692,1.0,-0.06493625789880753,0.0,1.0,1.0,0.0,1.0,0.0,0.0,,,,,,,,,,,,,,,,,,,0.98828125,46694.8828125,0.03125,1.0,0.0,0.0,1
4,single,7,FFN2,bert.encoder.layer.7.output.dense,0.001,31,0,1,1,0.97265625,0.02734375,3.7395584513433278e-06,5.202740430831909e-05,0.0002617388963699341,0.0,0.0001340202579740435,0.0,0.0,0.00034240668173879385,1.0,0.11276315152645111,0.0,1.0,1.0,0.0,1.0,0.0,0.0,,,,,,,,,,,,,,,,,,,0.978515625,54543.140625,0.02734375,1.0,0.0,0.0,1
4,single,8,Q,bert.encoder.layer.8.attention.self.query,0.001,31,0,1,1,0.96484375,0.03515625,6.074020348023623e-06,4.532933235168457e-05,0.00036516226828098297,0.0,0.00020124006550759077,0.0,0.0,0.000339111196808517,1.0,-0.32905545830726624,0.0,1.0,1.0,0.0,1.0,0.0,0.0,,,,,,,,,,,,,,,,,,,0.984375,80962.703125,0.03515625,1.0,0.0,0.0,1
4,single,8,K,bert.encoder.layer.8.attention.self.key,0.001,31,0,1,1,0.962890625,0.037109375,4.9129535000247415e-06,8.318200707435608e-05,0.0001951567828655243,0.0,0.00015402957797050476,0.0,0.0,0.0002967895707115531,1.0,0.02880030870437622,0.0,1.0,1.0,0.0,1.0,0.0,0.0,,,,,,,,,,,,,,,,,,,0.978515625,59350.25,0.037109375,1.0,0.0,0.0,1
4,single,8,V,bert.encoder.layer.8.attention.self.value,0.001,31,0,1,1,0.94921875,0.05078125,5.88317107030889e-06,3.1597912311553955e-05,0.00018806755542755127,0.0,0.00014859592192806304,0.0,0.0,0.0004462578217498958,1.0,0.33137238025665283,0.0,1.0,1.0,0.0,1.0,0.0,0.0,,,,,,,,,,,,,,,,,,,0.9609375,62688.2734375,0.05078125,1.0,0.0,0.0,1
4,single,8,O,bert.encoder.layer.8.attention.output.dense,0.001,31,0,1,1,0.93359375,0.06640625,7.284043476829538e-06,5.895271897315979e-05,0.00032629072666168213,0.0,0.00013357022544369102,0.0,0.0,0.0005511882482096553,1.0,0.13662445545196533,0.0,1.0,1.0,0.0,1.0,0.0,0.0,,,,,,,,,,,,,,,,,,,0.970703125,69250.53125,0.06640625,1.0,0.0,0.0,1
4,single,8,FFN1,bert.encoder.layer.8.intermediate.dense,0.001,31,0,1,1,0.96875,0.03125,3.6339417874842184e-06,4.244223237037659e-05,0.0002682628110051155,0.0,0.00012371683260425925,0.0,0.0,0.0004018513427581638,1.0,0.08524293452501297,0.0,1.0,1.0,0.0,1.0,0.0,0.0,,,,,,,,,,,,,,,,,,,0.9765625,53379.33984375,0.03125,1.0,0.0,0.0,1
4,single,8,FFN2,bert.encoder.layer.8.output.dense,0.001,31,0,1,1,0.974609375,0.025390625,3.483424734440632e-06,6.064027547836304e-05,0.00026398152112960815,0.0,0.0001378028537146747,0.0,0.0,0.0002953789080493152,1.0,-0.0014687487855553627,0.0,1.0,1.0,0.0,1.0,0.0,0.0,,,,,,,,,,,,,,,,,,,0.984375,51898.37109375,0.025390625,1.0,0.0,0.0,1
4,single,9,Q,bert.encoder.layer.9.attention.self.query,0.001,31,0,1,1,0.98828125,0.01171875,1.5941941455821507e-06,0.00011393241584300995,0.000178653746843338,0.0,0.00010140152153326198,0.0,0.0,0.0002881732943933457,1.0,0.12401891499757767,0.0,1.0,1.0,0.0,1.0,0.0,0.0,,,,,,,,,,,,,,,,,,,0.990234375,33733.125,0.01171875,0.8900146484375,0.0,0.0,1
4,single,9,K,bert.encoder.layer.9.attention.self.key,0.001,31,0,1,1,0.978515625,0.021484375,3.3216965675819665e-06,9.208545088768005e-05,0.0002701207995414734,0.0,0.00014489844033960253,0.0,0.0,0.0002742453361861408,1.0,0.1309981346130371,0.0,1.0,1.0,0.0,1.0,0.0,0.0,,,,,,,,,,,,,,,,,,,0.986328125,53361.21484375,0.021484375,1.0,0.0,0.0,1
4,single,9,V,bert.encoder.layer.9.attention.self.value,0.001,31,0,1,1,0.947265625,0.052734375,5.52025085198693e-06,2.036057412624359e-05,0.00016364827752113342,0.0,0.00013374732225202024,0.0,0.0,0.0005609297077171504,1.0,0.1815365105867386,0.0,1.0,1.0,0.0,1.0,0.0,0.0,,,,,,,,,,,,,,,,,,,0.966796875,56898.04296875,0.052734375,1.0,0.0,0.0,1
4,single,9,O,bert.encoder.layer.9.attention.output.dense,0.001,31,0,1,1,0.95703125,0.04296875,3.880214990203967e-06,4.8801302909851074e-05,0.00014906935393810272,0.0,0.00011338428157614544,0.0,0.0,0.000624955166131258,1.0,0.10989736020565033,0.0,1.0,1.0,0.0,1.0,0.0,0.0,,,,,,,,,,,,,,,,,,,0.974609375,44330.86328125,0.04296875,1.0,0.0,0.0,1
4,single,9,FFN1,bert.encoder.layer.9.intermediate.dense,0.001,31,0,1,1,0.97265625,0.02734375,3.467833266768139e-06,3.952533006668091e-05,0.0002210661768913269,0.0,0.0001392453268636018,0.0,0.0,0.0003366958408150822,1.0,0.01110592857003212,0.0,1.0,1.0,0.0,1.0,0.0,0.0,,,,,,,,,,,,,,,,,,,0.98828125,50877.3671875,0.02734375,1.0,0.0,0.0,1
4,single,9,FFN2,bert.encoder.layer.9.output.dense,0.001,31,0,1,1,0.982421875,0.017578125,2.4383043637499213e-06,8.461624383926392e-05,0.0001919195055961609,0.0,0.00010407113586552441,0.0,0.0,0.00031080571352504194,1.0,0.028714671730995178,0.0,1.0,1.0,0.0,1.0,0.0,0.0,,,,,,,,,,,,,,,,,,,0.98828125,43228.34765625,0.017578125,1.0,0.0,0.0,1
4,single,10,Q,bert.encoder.layer.10.attention.self.query,0.001,31,0,1,1,0.9921875,0.0078125,1.206950400955975e-06,6.69620931148529e-05,0.0002284608781337738,0.0,0.0,0.0,0.0,0.00024421862326562405,1.0,-0.05821823701262474,0.0,1.0,1.0,0.0,1.0,0.0,0.0,,,,,,,,,,,,,,,,,,,0.994140625,33084.140625,0.0078125,0.0,0.0,0.0,1
4,single,10,K,bert.encoder.layer.10.attention.self.key,0.001,31,0,1,1,0.984375,0.015625,2.681752448552288e-06,5.2794814109802246e-05,0.00024080462753772736,0.0,0.00015513556718360633,0.0,0.0,0.00023014833277557045,1.0,0.13228338956832886,0.0,1.0,1.0,0.0,1.0,0.0,0.0,,,,,,,,,,,,,,,,,,,0.98828125,51526.4765625,0.015625,1.0,0.0,0.0,1
4,single,10,V,bert.encoder.layer.10.attention.self.value,0.001,31,0,1,1,0.9765625,0.0234375,2.7331061573931947e-06,3.7863850593566895e-05,0.00016686320304870605,0.0,0.00012497544230427593,0.0,0.0,0.00046905752969905734,1.0,0.042090196162462234,0.0,1.0,1.0,0.0,1.0,0.0,0.0,,,,,,,,,,,,,,,,,,,0.986328125,42706.0859375,0.0234375,1.0,0.0,0.0,1
4,single,10,O,bert.encoder.layer.10.attention.output.dense,0.001,31,0,1,1,0.95703125,0.04296875,4.89932790515013e-06,4.2825937271118164e-05,0.0001700669527053833,0.0,0.00014129873306956142,0.0,0.0,0.0004928401904180646,1.0,0.1346130669116974,0.0,1.0,1.0,0.0,1.0,0.0,0.0,,,,,,,,,,,,,,,,,,,0.96875,55851.18359375,0.04296875,1.0,0.0,0.0,1
4,single,10,FFN1,bert.encoder.layer.10.intermediate.dense,0.001,31,0,1,1,0.978515625,0.021484375,2.47578282142058e-06,4.890561103820801e-05,0.00016003521159291267,0.0,0.00012433799565769732,0.0,0.0,0.0003168071270920336,1.0,0.1197190135717392,0.0,1.0,1.0,0.0,1.0,0.0,0.0,,,,,,,,,,,,,,,,,,,0.98828125,39515.1953125,0.021484375,1.0,0.0,0.0,1
4,single,10,FFN2,bert.encoder.layer.10.output.dense,0.001,31,0,1,1,0.974609375,0.025390625,2.5807376005104743e-06,4.071742296218872e-05,0.00017239898443222046,0.0,0.00010326468327548355,0.0,0.0,0.0002973680093418807,1.0,0.2509068548679352,0.0,1.0,1.0,0.0,1.0,0.0,0.0,,,,,,,,,,,,,,,,,,,0.98828125,38819.6171875,0.025390625,1.0,0.0,0.0,1
4,single,11,Q,bert.encoder.layer.11.attention.self.query,0.001,31,0,1,1,0.994140625,0.005859375,7.953167369123548e-07,0.00012869946658611298,0.00013970676809549332,0.0,0.0,0.0,0.0,0.0002385797124588862,1.0,0.01962652988731861,0.0,1.0,1.0,0.0,1.0,0.0,0.0,,,,,,,,,,,,,,,,,,,0.99609375,23525.697265625,0.005859375,0.0,0.0,0.0,1
4,single,11,K,bert.encoder.layer.11.attention.self.key,0.001,31,0,1,1,0.984375,0.015625,2.199969458160922e-06,6.659701466560364e-05,0.00021202117204666138,0.0,9.284639963880181e-05,0.0,0.0,0.00020738397142849863,1.0,0.11628980934619904,0.0,1.0,1.0,0.0,1.0,0.0,0.0,,,,,,,,,,,,,,,,,,,0.984375,42912.08203125,0.015625,1.0,0.0,0.0,1
4,single,11,V,bert.encoder.layer.11.attention.self.value,0.001,31,0,1,1,0.96875,0.03125,3.893533175869379e-06,3.60049307346344e-06,0.0002306625247001648,0.0,0.0001343317562714219,0.0,0.0,0.0004232074716128409,1.0,0.06209157407283783,0.0,1.0,1.0,0.0,1.0,0.0,0.0,,,,,,,,,,,,,,,,,,,0.9765625,54176.26953125,0.03125,1.0,0.0,0.0,1
4,single,11,O,bert.encoder.layer.11.attention.output.dense,0.001,31,0,1,1,0.96484375,0.03515625,4.405545041663572e-06,1.5832483768463135e-05,0.0001965351402759552,0.0,0.00015058669669087976,0.0,0.0,0.00046494315029121935,1.0,0.10335497558116913,0.0,1.0,1.0,0.0,1.0,0.0,0.0,,,,,,,,,,,,,,,,,,,0.974609375,56199.609375,0.03515625,1.0,0.0,0.0,1
4,single,11,FFN1,bert.encoder.layer.11.intermediate.dense,0.001,31,0,1,1,0.9765625,0.0234375,3.117867890978232e-06,6.585568189620972e-05,0.00023978203535079956,0.0,0.0001256779651157558,0.0,0.0,0.0004441212222445756,1.0,0.09099605679512024,0.0,1.0,1.0,0.0,1.0,0.0,0.0,,,,,,,,,,,,,,,,,,,0.984375,49425.1328125,0.0234375,1.0,0.0,0.0,1
4,single,11,FFN2,bert.encoder.layer.11.output.dense,0.001,31,0,1,1,0.9765625,0.0234375,2.7427402073954e-06,4.30569052696228e-05,0.00019123032689094543,0.0,0.00012381393753457814,0.0,0.001953125,0.0003400305286049843,1.0,-0.0254899300634861,0.0,1.0,1.0,0.0,1.0,0.0,0.0,,,,,,,,,,,,,,,,,,,0.986328125,44139.62890625,0.0234375,1.0,0.0,0.0,1
