step,mode,layer_idx,sublayer,module_name,dw_min,desired_bl,sto_round_update,update_bl_management,update_management,dw_zero_ratio,dw_1lsb_ratio,dw_absmean,min_nonzero_delta,grad_absmean,grad_deadzone_ratio,update_vs_grad_cosine,eff_lr_slope,x_absmax,x_p99,d_absmax,d_p99,BL_mean,BL_p99,BL_hit_ratio,dw_fast_zero_ratio,dw_fast_1lsb_ratio,dw_fast_absmean,dw_slow_zero_ratio,dw_slow_1lsb_ratio,dw_slow_absmean,dw_fast_vs_grad_cosine,dw_fast_eff_lr_slope,hidden_absmean,hidden_absmax,hidden_below1_ratio,hidden_trunc_nonzero_ratio,hidden_trunc_meanabs
0,tiki,0,Q,bert.encoder.layer.0.attention.self.query,0.001,31,0,0,0,1.0,0.0,0.0,0.0,0.0001509133435320109,1.0,0.0,0.0,12.348464012145996,1.59293794631958,0.0008391599985770881,2.948601104435511e-05,1.0,1.0,0.0,0.67578125,0.203125,0.0006744835409335792,1.0,0.0,0.0,-0.07813730090856552,0.0,0.00011873035691678524,0.190040722489357,0.99822998046875,0.0,0.0
0,tiki,0,K,bert.encoder.layer.0.attention.self.key,0.001,31,0,0,0,1.0,0.0,0.0,0.0,0.00014453203766606748,1.0,0.0,0.0,12.348464012145996,1.59293794631958,0.0006771007319912314,2.753376611508429e-05,1.0,1.0,0.0,0.703125,0.169921875,0.0006077527068555355,1.0,0.0,0.0,0.0383547879755497,0.0,0.00011953586363233626,0.23755088448524475,0.9981977674696181,0.0,0.0
0,tiki,0,V,bert.encoder.layer.0.attention.self.value,0.001,31,0,0,0,1.0,0.0,0.0,0.0,0.00036449890467338264,1.0,0.0,0.0,12.348464012145996,1.59293794631958,0.0017163401935249567,5.374157626647502e-05,1.0,1.0,0.0,0.306640625,0.3671875,0.0016653635539114475,1.0,0.0,0.0,-0.03427813947200775,0.0,0.00012710748706012964,0.190040722489357,0.9981214735243056,0.0,0.0
0,tiki,0,O,bert.encoder.layer.0.attention.output.dense,0.001,31,0,0,0,1.0,0.0,0.0,0.0,0.0004159494419582188,1.0,0.0,0.0,2.783843994140625,0.7105172872543335,0.003919390961527824,0.00021309772273525596,1.0,1.0,0.0,0.2109375,0.416015625,0.002012613695114851,1.0,0.0,0.0,0.0028064625803381205,0.0,0.00012541595788206905,0.23755088448524475,0.9981892903645834,0.0,0.0
0,tiki,0,FFN1,bert.encoder.layer.0.intermediate.dense,0.001,31,0,0,0,1.0,0.0,0.0,0.0,0.00028169818688184023,1.0,0.0,0.0,64.84825897216797,2.9288346767425537,0.0036220760084688663,2.430715539958328e-05,1.0,1.0,0.0,0.62109375,0.220703125,0.0009502190514467657,1.0,0.0,0.0,-0.01383637823164463,0.0,0.00012122745101805776,0.23755088448524475,0.9982024298773872,0.0,0.0
0,tiki,0,FFN2,bert.encoder.layer.0.output.dense,0.001,31,0,0,0,1.0,0.0,0.0,0.0,0.00023459584917873144,1.0,0.0,0.0,10.115874290466309,1.4161628484725952,0.002715167123824358,0.0001442919747205451,1.0,1.0,0.0,0.67578125,0.19140625,0.0007105841068550944,1.0,0.0,0.0,-0.005634515546262264,0.0,9.237047925125808e-05,0.23755088448524475,0.9986360337999132,0.0,0.0
0,tiki,1,Q,bert.encoder.layer.1.attention.self.query,0.001,31,0,0,0,1.0,0.0,0.0,0.0,0.00027818733360618353,1.0,0.0,0.0,9.831274032592773,1.682476282119751,0.0037822218146175146,3.949595702579245e-05,1.0,1.0,0.0,0.5703125,0.208984375,0.000994206522591412,1.0,0.0,0.0,-0.0398147813975811,0.0,0.00012436884571798146,0.190040722489357,0.9981757269965278,0.0,0.0
0,tiki,1,K,bert.encoder.layer.1.attention.self.key,0.001,31,0,0,0,1.0,0.0,0.0,0.0,0.00020074474741704762,1.0,0.0,0.0,9.831274032592773,1.682476282119751,0.0023316184524446726,3.776912490138784e-05,1.0,1.0,0.0,0.578125,0.26171875,0.0008906101575121284,1.0,0.0,0.0,0.015295184217393398,0.0,0.00012203292862977833,0.23755088448524475,0.9981875949435763,0.0,0.0
0,tiki,1,V,bert.encoder.layer.1.attention.self.value,0.001,31,0,0,0,1.0,0.0,0.0,0.0,0.0003812971117440611,1.0,0.0,0.0,9.831274032592773,1.682476282119751,0.0027595178689807653,5.373885505832732e-05,1.0,1.0,0.0,0.259765625,0.40625,0.0018624505028128624,1.0,0.0,0.0,0.02436082251369953,0.0,0.00012364389840513468,0.190040722489357,0.9981621636284722,0.0,0.0
0,tiki,1,O,bert.encoder.layer.1.attention.output.dense,0.001,31,0,0,0,1.0,0.0,0.0,0.0,0.0005013225600123405,1.0,0.0,0.0,3.2079808712005615,0.7887023687362671,0.004783251788467169,0.0002208948426414281,1.0,1.0,0.0,0.201171875,0.400390625,0.0022097420878708363,1.0,0.0,0.0,0.04091307893395424,0.0,0.00012106629583286121,0.23755088448524475,0.9981858995225694,0.0,0.0
0,tiki,1,FFN1,bert.encoder.layer.1.intermediate.dense,0.001,31,0,0,0,1.0,0.0,0.0,0.0,0.00024784449487924576,1.0,0.0,0.0,64.32942962646484,2.525996685028076,0.003705602139234543,2.5311746867373586e-05,1.0,1.0,0.0,0.6328125,0.23046875,0.0007809586822986603,1.0,0.0,0.0,0.031033717095851898,0.0,0.00012561731273308396,0.2850610911846161,0.9981714884440104,0.0,0.0
0,tiki,1,FFN2,bert.encoder.layer.1.output.dense,0.001,31,0,0,0,1.0,0.0,0.0,0.0,0.00026647609774954617,1.0,0.0,0.0,12.381211280822754,0.8665475845336914,0.004552287515252829,0.0001641884446144104,1.0,1.0,0.0,0.666015625,0.197265625,0.0007199071114882827,1.0,0.0,0.0,0.07044032216072083,0.0,9.15851051104255e-05,0.23755088448524475,0.9986589219835069,0.0,0.0
0,tiki,2,Q,bert.encoder.layer.2.attention.self.query,0.001,31,0,0,0,1.0,0.0,0.0,0.0,0.00022010687098372728,1.0,0.0,0.0,11.229047775268555,1.821307897567749,0.0016674816142767668,2.835255509126e-05,1.0,1.0,0.0,0.6640625,0.20703125,0.0006760989781469107,1.0,0.0,0.0,-0.011553976684808731,0.0,0.00012404662265907973,0.190040722489357,0.9981486002604166,0.0,0.0
0,tiki,2,K,bert.encoder.layer.2.attention.self.key,0.001,31,0,0,0,1.0,0.0,0.0,0.0,0.00019467413949314505,1.0,0.0,0.0,11.229047775268555,1.821307897567749,0.0013478952459990978,3.116064181085676e-05,1.0,1.0,0.0,0.609375,0.21875,0.0008322075009346008,1.0,0.0,0.0,-0.026884807273745537,0.0,0.0001246910251211375,0.23755088448524475,0.9981875949435763,0.0,0.0
0,tiki,2,V,bert.encoder.layer.2.attention.self.value,0.001,31,0,0,0,1.0,0.0,0.0,0.0,0.0005591054796241224,1.0,0.0,0.0,11.229047775268555,1.821307897567749,0.0034598626662045717,6.854426464997232e-05,1.0,1.0,0.0,0.296875,0.31640625,0.002106721280142665,1.0,0.0,0.0,0.015561291016638279,0.0,0.00012702698586508632,0.190040722489357,0.9981740315755209,0.0,0.0
0,tiki,2,O,bert.encoder.layer.2.attention.output.dense,0.001,31,0,0,0,1.0,0.0,0.0,0.0,0.0005675525171682239,1.0,0.0,0.0,3.151700019836426,1.0653059482574463,0.006013431120663881,0.0002079094701912254,1.0,1.0,0.0,0.23046875,0.376953125,0.002144715515896678,1.0,0.0,0.0,0.11206775158643723,0.0,0.000124288271763362,0.190040722489357,0.9982045491536459,0.0,0.0
0,tiki,2,FFN1,bert.encoder.layer.2.intermediate.dense,0.001,31,0,0,0,1.0,0.0,0.0,0.0,0.0002694587456062436,1.0,0.0,0.0,52.70153045654297,2.3636910915374756,0.0036223011557012796,2.67715186055284e-05,1.0,1.0,0.0,0.587890625,0.23828125,0.0009627254912629724,1.0,0.0,0.0,0.021235564723610878,0.0,0.00012328145385254174,0.23755088448524475,0.9981892903645834,0.0,0.0
0,tiki,2,FFN2,bert.encoder.layer.2.output.dense,0.001,31,0,0,0,1.0,0.0,0.0,0.0,0.0002457731170579791,1.0,0.0,0.0,61.96870422363281,0.6206538081169128,0.01051565445959568,0.00017481736722402275,1.0,1.0,0.0,0.6640625,0.20703125,0.000675045361276716,1.0,0.0,0.0,0.016622008755803108,0.0,9.305513231083751e-05,0.2850610911846161,0.9986296759711372,0.0,0.0
0,tiki,3,Q,bert.encoder.layer.3.attention.self.query,0.001,31,0,0,0,1.0,0.0,0.0,0.0,0.00024470817879773676,1.0,0.0,0.0,14.905170440673828,1.7828187942504883,0.0011395664187148213,3.0531358788721263e-05,1.0,1.0,0.0,0.57421875,0.259765625,0.0008691229159012437,1.0,0.0,0.0,0.014828545041382313,0.0,0.00012622150825336576,0.190040722489357,0.9981672498914931,0.0,0.0
0,tiki,3,K,bert.encoder.layer.3.attention.self.key,0.001,31,0,0,0,1.0,0.0,0.0,0.0,0.00021672580623999238,1.0,0.0,0.0,14.905170440673828,1.7828187942504883,0.001088871038518846,3.700666275108233e-05,1.0,1.0,0.0,0.5625,0.26171875,0.000923817977309227,1.0,0.0,0.0,0.03122320957481861,0.0,0.00012654367310460657,0.23755088448524475,0.9981553819444444,0.0,0.0
0,tiki,3,V,bert.encoder.layer.3.attention.self.value,0.001,31,0,0,0,1.0,0.0,0.0,0.0,0.0005674519343301654,1.0,0.0,0.0,14.905170440673828,1.7828187942504883,0.002688561100512743,8.621670713182539e-05,1.0,1.0,0.0,0.248046875,0.3828125,0.0019088806584477425,1.0,0.0,0.0,-0.19753126800060272,0.0,0.0001259798154933378,0.190040722489357,0.9981418185763888,0.0,0.0
0,tiki,3,O,bert.encoder.layer.3.attention.output.dense,0.001,31,0,0,0,1.0,0.0,0.0,0.0,0.0005938928807154298,1.0,0.0,0.0,3.5107834339141846,0.927318811416626,0.019276002421975136,0.0002222028560936451,1.0,1.0,0.0,0.201171875,0.41015625,0.0022180727683007717,1.0,0.0,0.0,-0.00036084005841985345,0.0,0.00012074410915374756,0.190040722489357,0.9981825086805556,0.0,0.0
0,tiki,3,FFN1,bert.encoder.layer.3.intermediate.dense,0.001,31,0,0,0,1.0,0.0,0.0,0.0,0.00034572993172332644,1.0,0.0,0.0,94.43846130371094,2.3152260780334473,0.003403652459383011,2.764681812550407e-05,1.0,1.0,0.0,0.578125,0.232421875,0.0009550622198730707,1.0,0.0,0.0,0.004980545490980148,0.0,0.00012154962314525619,0.23755088448524475,0.9981905619303385,0.0,0.0
0,tiki,3,FFN2,bert.encoder.layer.3.output.dense,0.001,31,0,0,0,1.0,0.0,0.0,0.0,0.0002575914259068668,1.0,0.0,0.0,7.1090850830078125,0.6771313548088074,0.004869676195085049,0.00017800118075683713,1.0,1.0,0.0,0.673828125,0.17578125,0.0007290482753887773,1.0,0.0,0.0,-0.0506182424724102,0.0,9.114210115512833e-05,0.23755088448524475,0.9986504448784722,0.0,0.0
0,tiki,4,Q,bert.encoder.layer.4.attention.self.query,0.001,31,0,0,0,1.0,0.0,0.0,0.0,0.0002625790366437286,1.0,0.0,0.0,13.214763641357422,1.770573616027832,0.0015962711768224835,3.1554744055029005e-05,1.0,1.0,0.0,0.5703125,0.23828125,0.0010141372913494706,1.0,0.0,0.0,0.03791336342692375,0.0,0.00012018024426652119,0.190040722489357,0.9981808132595487,0.0,0.0
0,tiki,4,K,bert.encoder.layer.4.attention.self.key,0.001,31,0,0,0,1.0,0.0,0.0,0.0,0.00024197128368541598,1.0,0.0,0.0,13.214763641357422,1.770573616027832,0.0018708716379478574,4.2692776332842186e-05,1.0,1.0,0.0,0.59375,0.2421875,0.0008520464762113988,1.0,0.0,0.0,0.0048026880249381065,0.0,0.00012114685523556545,0.190040722489357,0.998199462890625,0.0,0.0
0,tiki,4,V,bert.encoder.layer.4.attention.self.value,0.001,31,0,0,0,1.0,0.0,0.0,0.0,0.00045976522960700095,1.0,0.0,0.0,13.214763641357422,1.770573616027832,0.002894367091357708,7.380330498563126e-05,1.0,1.0,0.0,0.373046875,0.345703125,0.0014232462272047997,1.0,0.0,0.0,0.06401389837265015,0.0,0.00012042190064676106,0.190040722489357,0.9982113308376737,0.0,0.0
0,tiki,4,O,bert.encoder.layer.4.attention.output.dense,0.001,31,0,0,0,1.0,0.0,0.0,0.0,0.0005414871266111732,1.0,0.0,0.0,3.8073089122772217,0.8819209337234497,0.013511959463357925,0.0002244158531539142,1.0,1.0,0.0,0.236328125,0.4140625,0.0019206481520086527,1.0,0.0,0.0,0.04860183596611023,0.0,0.00012074410915374756,0.23755088448524475,0.9982147216796875,0.0,0.0
0,tiki,4,FFN1,bert.encoder.layer.4.intermediate.dense,0.001,31,0,0,0,1.0,0.0,0.0,0.0,0.0003503294719848782,1.0,0.0,0.0,102.24750518798828,2.1898317337036133,0.004656602628529072,2.8557466066558845e-05,1.0,1.0,0.0,0.5703125,0.228515625,0.0009732104954309762,1.0,0.0,0.0,-0.017271965742111206,0.0,0.00012436884571798146,0.23755088448524475,0.9981566535101997,0.0,0.0
0,tiki,4,FFN2,bert.encoder.layer.4.output.dense,0.001,31,0,0,0,1.0,0.0,0.0,0.0,0.0002693778369575739,1.0,0.0,0.0,10.846696853637695,0.6464836597442627,0.005266926717013121,0.00018266114057041705,1.0,1.0,0.0,0.6640625,0.18359375,0.0007368428050540388,1.0,0.0,0.0,-0.010192451998591423,0.0,9.283365943701938e-05,0.190040722489357,0.998626708984375,0.0,0.0
0,tiki,5,Q,bert.encoder.layer.5.attention.self.query,0.001,31,0,0,0,1.0,0.0,0.0,0.0,0.00025408249348402023,1.0,0.0,0.0,14.594983100891113,1.7867152690887451,0.0019399859011173248,2.7673198928823695e-05,1.0,1.0,0.0,0.646484375,0.19921875,0.0007690262282267213,1.0,0.0,0.0,-0.03931177034974098,0.0,0.00011800538777606562,0.190040722489357,0.9981875949435763,0.0,0.0
0,tiki,5,K,bert.encoder.layer.5.attention.self.key,0.001,31,0,0,0,1.0,0.0,0.0,0.0,0.00024906365433707833,1.0,0.0,0.0,14.594983100891113,1.7867152690887451,0.0016756204422563314,3.9866041333880275e-05,1.0,1.0,0.0,0.60546875,0.236328125,0.0008052446646615863,1.0,0.0,0.0,0.009540535509586334,0.0,0.00012356333900243044,0.190040722489357,0.9981757269965278,0.0,0.0
0,tiki,5,V,bert.encoder.layer.5.attention.self.value,0.001,31,0,0,0,1.0,0.0,0.0,0.0,0.00045210198732092977,1.0,0.0,0.0,14.594983100891113,1.7867152690887451,0.0028083203360438347,7.270880450960249e-05,1.0,1.0,0.0,0.37109375,0.3515625,0.001523987972177565,1.0,0.0,0.0,0.02939497120678425,0.0,0.0001195358345285058,0.23755088448524475,0.9982079399956597,0.0,0.0
0,tiki,5,O,bert.encoder.layer.5.attention.output.dense,0.001,31,0,0,0,1.0,0.0,0.0,0.0,0.0005012046312913299,1.0,0.0,0.0,3.4561331272125244,0.8888059854507446,0.008340449072420597,0.00024688587291166186,1.0,1.0,0.0,0.330078125,0.33203125,0.0017458123620599508,1.0,0.0,0.0,0.06603211909532547,0.0,0.00012154958676546812,0.190040722489357,0.9981943766276041,0.0,0.0
0,tiki,5,FFN1,bert.encoder.layer.5.intermediate.dense,0.001,31,0,0,0,1.0,0.0,0.0,0.0,0.00032806029776111245,1.0,0.0,0.0,93.70618438720703,2.1646060943603516,0.004322594963014126,2.988205051224213e-05,1.0,1.0,0.0,0.58203125,0.255859375,0.0009287642897106707,1.0,0.0,0.0,-0.015260759741067886,0.0,0.00012418761616572738,0.23755088448524475,0.9981939527723525,0.0,0.0
0,tiki,5,FFN2,bert.encoder.layer.5.output.dense,0.001,31,0,0,0,1.0,0.0,0.0,0.0,0.0002867062867153436,1.0,0.0,0.0,9.333067893981934,0.6214222311973572,0.0041887396946549416,0.0001920252398122102,1.0,1.0,0.0,0.59765625,0.224609375,0.000854067737236619,1.0,0.0,0.0,0.004273169673979282,0.0,9.18066143640317e-05,0.23755088448524475,0.9986436631944444,0.0,0.0
0,tiki,6,Q,bert.encoder.layer.6.attention.self.query,0.001,31,0,0,0,1.0,0.0,0.0,0.0,0.0002731445129029453,1.0,0.0,0.0,15.480400085449219,1.8364989757537842,0.0033265857491642237,2.756071262410842e-05,1.0,1.0,0.0,0.6484375,0.208984375,0.0007697276305407286,1.0,0.0,0.0,-0.0331248864531517,0.0,0.00012251618318259716,0.23755088448524475,0.9981892903645834,0.0,0.0
0,tiki,6,K,bert.encoder.layer.6.attention.self.key,0.001,31,0,0,0,1.0,0.0,0.0,0.0,0.0002747286926023662,1.0,0.0,0.0,15.480400085449219,1.8364989757537842,0.0014068721793591976,3.9803861000109464e-05,1.0,1.0,0.0,0.615234375,0.185546875,0.0008976656245067716,1.0,0.0,0.0,0.010346935130655766,0.0,0.00012356333900243044,0.190040722489357,0.9981842041015625,0.0,0.0
0,tiki,6,V,bert.encoder.layer.6.attention.self.value,0.001,31,0,0,0,1.0,0.0,0.0,0.0,0.0005486754816956818,1.0,0.0,0.0,15.480400085449219,1.8364989757537842,0.0029211831279098988,6.905881309648976e-05,1.0,1.0,0.0,0.376953125,0.326171875,0.001467026537284255,1.0,0.0,0.0,-0.006590540055185556,0.0,0.00012452992086764425,0.23755088448524475,0.9981960720486112,0.0,0.0
0,tiki,6,O,bert.encoder.layer.6.attention.output.dense,0.001,31,0,0,0,1.0,0.0,0.0,0.0,0.0006421706639230251,1.0,0.0,0.0,3.436501979827881,0.8640217781066895,0.008998529054224491,0.00023708169464953244,1.0,1.0,0.0,0.29296875,0.34765625,0.001857878640294075,1.0,0.0,0.0,0.025012219324707985,0.0,0.0001198580430354923,0.190040722489357,0.9981892903645834,0.0,0.0
0,tiki,6,FFN1,bert.encoder.layer.6.intermediate.dense,0.001,31,0,0,0,1.0,0.0,0.0,0.0,0.00042451932677067816,1.0,0.0,0.0,92.03523254394531,2.1650805473327637,0.005474626552313566,3.1593644962413236e-05,1.0,1.0,0.0,0.5546875,0.265625,0.00099556939676404,1.0,0.0,0.0,-0.03934837877750397,0.0,0.00012154965224908665,0.23755088448524475,0.9982032775878906,0.0,0.0
0,tiki,6,FFN2,bert.encoder.layer.6.output.dense,0.001,31,0,0,0,1.0,0.0,0.0,0.0,0.0003501644532661885,1.0,0.0,0.0,7.608242034912109,0.6095784306526184,0.005722757428884506,0.00019490698468871415,1.0,1.0,0.0,0.564453125,0.23046875,0.000992209417745471,1.0,0.0,0.0,-0.09756076335906982,0.0,9.20281745493412e-05,0.23755088448524475,0.9986445109049479,0.0,0.0
0,tiki,7,Q,bert.encoder.layer.7.attention.self.query,0.001,31,0,0,0,1.0,0.0,0.0,0.0,0.00023912386677693576,1.0,0.0,0.0,15.872673034667969,1.8845667839050293,0.0031300042755901814,2.0352425053715706e-05,1.0,1.0,0.0,0.7421875,0.162109375,0.0005287717212922871,1.0,0.0,0.0,0.015427472069859505,0.0,0.00012485212937463075,0.190040722489357,0.9981621636284722,0.0,0.0
0,tiki,7,K,bert.encoder.layer.7.attention.self.key,0.001,31,0,0,0,1.0,0.0,0.0,0.0,0.0002138257841579616,1.0,0.0,0.0,15.872673034667969,1.8845667839050293,0.0020381263457238674,3.319521783851087e-05,1.0,1.0,0.0,0.65234375,0.212890625,0.000705671263858676,1.0,0.0,0.0,-0.06819085031747818,0.0,0.0001238855329575017,0.190040722489357,0.9981740315755209,0.0,0.0
0,tiki,7,V,bert.encoder.layer.7.attention.self.value,0.001,31,0,0,0,1.0,0.0,0.0,0.0,0.0006577207241207361,1.0,0.0,0.0,15.872673034667969,1.8845667839050293,0.002765777986496687,7.252074283314869e-05,1.0,1.0,0.0,0.359375,0.353515625,0.0015462294686585665,1.0,0.0,0.0,0.012770230881869793,6.7394819259643555,0.00012299946683924645,0.23755088448524475,0.9982096354166666,0.0,0.0
0,tiki,7,O,bert.encoder.layer.7.attention.output.dense,0.001,31,0,0,0,1.0,0.0,0.0,0.0,0.0005724054062739015,1.0,0.0,0.0,3.0588955879211426,0.8781205415725708,0.0057633076794445515,0.00022676742810290307,1.0,1.0,0.0,0.337890625,0.34765625,0.0016145440749824047,1.0,0.0,0.0,0.03821270912885666,0.0,0.00012404663721099496,0.23755088448524475,0.9981825086805556,0.0,0.0
0,tiki,7,FFN1,bert.encoder.layer.7.intermediate.dense,0.001,31,0,0,0,1.0,0.0,0.0,0.0,0.00040537293534725904,1.0,0.0,0.0,92.23235321044922,2.1521692276000977,0.005772548262029886,2.9258548238431104e-05,1.0,1.0,0.0,0.587890625,0.21875,0.0009505844791419804,1.0,0.0,0.0,-0.00013986625708639622,0.0,0.0001236439129570499,0.23755088448524475,0.9981867472330729,0.0,0.0
0,tiki,7,FFN2,bert.encoder.layer.7.output.dense,0.001,31,0,0,0,1.0,0.0,0.0,0.0,0.000385698804166168,1.0,0.0,0.0,8.372437477111816,0.6146125197410583,0.00567605160176754,0.00019381048332434148,1.0,1.0,0.0,0.572265625,0.21484375,0.0009986694203689694,1.0,0.0,0.0,0.04652663320302963,0.0,9.19274752959609e-05,0.23755088448524475,0.9986309475368924,0.0,0.0
0,tiki,8,Q,bert.encoder.layer.8.attention.self.query,0.001,31,0,0,0,1.0,0.0,0.0,0.0,0.00032252719393000007,1.0,0.0,0.0,21.661157608032227,1.858436942100525,0.0038978811353445053,2.3792963474988937e-05,1.0,1.0,0.0,0.603515625,0.220703125,0.0008833783213049173,1.0,0.0,0.0,0.03925178572535515,0.0,0.00011905256542377174,0.190040722489357,0.9981926812065972,0.0,0.0
0,tiki,8,K,bert.encoder.layer.8.attention.self.key,0.001,31,0,0,0,1.0,0.0,0.0,0.0,0.0002451562031637877,1.0,0.0,0.0,21.661157608032227,1.858436942100525,0.002393373753875494,3.835956158582121e-05,1.0,1.0,0.0,0.619140625,0.224609375,0.0008153163944371045,1.0,0.0,0.0,-0.10731232166290283,0.0,0.00012332168989814818,0.23755088448524475,0.9981774224175347,0.0,0.0
0,tiki,8,V,bert.encoder.layer.8.attention.self.value,0.001,31,0,0,0,1.0,0.0,0.0,0.0,0.0004254472441971302,1.0,0.0,0.0,21.661157608032227,1.858436942100525,0.0032632581423968077,5.814783798996359e-05,1.0,1.0,0.0,0.443359375,0.322265625,0.0011912640184164047,1.0,0.0,0.0,-0.03452438861131668,0.0,0.00012364386930130422,0.190040722489357,0.9981757269965278,0.0,0.0
0,tiki,8,O,bert.encoder.layer.8.attention.output.dense,0.001,31,0,0,0,1.0,0.0,0.0,0.0,0.0004930265131406486,1.0,0.0,0.0,3.238530397415161,0.8615458011627197,0.006845154799520969,0.00020924335694871843,1.0,1.0,0.0,0.3828125,0.345703125,0.0014525727601721883,1.0,0.0,0.0,-0.04615611210465431,0.0,0.00012275784683879465,0.190040722489357,0.9982028537326388,0.0,0.0
0,tiki,8,FFN1,bert.encoder.layer.8.intermediate.dense,0.001,31,0,0,0,1.0,0.0,0.0,0.0,0.0004296384868212044,1.0,0.0,0.0,89.71092224121094,2.1113791465759277,0.0072623686864972115,2.3465094272978604e-05,1.0,1.0,0.0,0.6015625,0.208984375,0.0009724670089781284,1.0,0.0,0.0,0.06090515851974487,0.0,0.00012285860429983586,0.23755088448524475,0.9981943766276041,0.0,0.0
0,tiki,8,FFN2,bert.encoder.layer.8.output.dense,0.001,31,0,0,0,1.0,0.0,0.0,0.0,0.0003581009223125875,1.0,0.0,0.0,21.60350227355957,0.5833916664123535,0.0053923847153782845,0.00015617776080034673,1.0,1.0,0.0,0.61328125,0.23828125,0.0008462073164992034,1.0,0.0,0.0,-0.029837295413017273,0.0,9.104140917770565e-05,0.23755088448524475,0.9986546834309896,0.0,0.0
0,tiki,9,Q,bert.encoder.layer.9.attention.self.query,0.001,31,0,0,0,1.0,0.0,0.0,0.0,0.0003380105481483042,1.0,0.0,0.0,26.687387466430664,1.8843733072280884,0.0026848907582461834,1.9982649973826483e-05,1.0,1.0,0.0,0.673828125,0.201171875,0.000702191493473947,1.0,0.0,0.0,-0.09818653017282486,0.0,0.00012138848251197487,0.23755088448524475,0.9982062445746528,0.0,0.0
0,tiki,9,K,bert.encoder.layer.9.attention.self.key,0.001,31,0,0,0,1.0,0.0,0.0,0.0,0.0002878057712223381,1.0,0.0,0.0,26.687387466430664,1.8843733072280884,0.0024088637437671423,4.478549453779124e-05,1.0,1.0,0.0,0.65625,0.212890625,0.0007112127495929599,1.0,0.0,0.0,-0.03739398717880249,0.0,0.00012114684068365023,0.2850610911846161,0.9981858995225694,0.0,0.0
0,tiki,9,V,bert.encoder.layer.9.attention.self.value,0.001,31,0,0,0,1.0,0.0,0.0,0.0,0.0005800938233733177,1.0,0.0,0.0,26.687387466430664,1.8843733072280884,0.002899578772485256,7.425950025208294e-05,1.0,1.0,0.0,0.41796875,0.341796875,0.0012736902572214603,1.0,0.0,0.0,-0.04869043454527855,0.0,0.0001266242325073108,0.23755088448524475,0.9981943766276041,0.0,0.0
0,tiki,9,O,bert.encoder.layer.9.attention.output.dense,0.001,31,0,0,0,1.0,0.0,0.0,0.0,0.0007237458485178649,1.0,0.0,0.0,3.1922872066497803,0.8080671429634094,0.006934130098670721,0.00011909808381460607,1.0,1.0,0.0,0.318359375,0.36328125,0.001682851230725646,1.0,0.0,0.0,0.006000730209052563,0.0,0.00012308004079386592,0.190040722489357,0.9981825086805556,0.0,0.0
0,tiki,9,FFN1,bert.encoder.layer.9.intermediate.dense,0.001,31,0,0,0,1.0,0.0,0.0,0.0,0.0003301276592537761,1.0,0.0,0.0,55.8536262512207,2.0814781188964844,0.005834523122757673,1.5710329535068013e-05,1.0,1.0,0.0,0.640625,0.205078125,0.0008289275574497879,1.0,0.0,0.0,-0.034746039658784866,0.0,0.0001228182518389076,0.23755088448524475,0.9981757269965278,0.0,0.0
0,tiki,9,FFN2,bert.encoder.layer.9.output.dense,0.001,31,0,0,0,1.0,0.0,0.0,0.0,0.00036380169331096113,1.0,0.0,0.0,88.20249938964844,0.49547991156578064,0.006859261076897383,0.00010888517863349989,1.0,1.0,0.0,0.65234375,0.21875,0.0007759026484563947,1.0,0.0,0.0,0.08730515092611313,0.0,9.305513958679512e-05,0.23755088448524475,0.9986292521158854,0.0,0.0
0,tiki,10,Q,bert.encoder.layer.10.attention.self.query,0.001,31,0,0,0,1.0,0.0,0.0,0.0,0.0002990451466757804,1.0,0.0,0.0,27.268165588378906,1.8642425537109375,0.003590930486097932,1.1540116247488186e-05,1.0,1.0,0.0,0.765625,0.142578125,0.00048821402015164495,1.0,0.0,0.0,0.035875722765922546,0.0,0.00012050244549755007,0.190040722489357,0.9982028537326388,0.0,0.0
0,tiki,10,K,bert.encoder.layer.10.attention.self.key,0.001,31,0,0,0,1.0,0.0,0.0,0.0,0.00025435147108510137,1.0,0.0,0.0,27.268165588378906,1.8642425537109375,0.0021823111455887556,3.48755820596125e-05,1.0,1.0,0.0,0.693359375,0.169921875,0.0006728001753799617,1.0,0.0,0.0,-0.08597875386476517,0.0,0.0001261409342987463,0.23755088448524475,0.9981774224175347,0.0,0.0
0,tiki,10,V,bert.encoder.layer.10.attention.self.value,0.001,31,0,0,0,1.0,0.0,0.0,0.0,0.0005178406718187034,1.0,0.0,0.0,27.268165588378906,1.8642425537109375,0.00222818274050951,9.548701927997172e-05,1.0,1.0,0.0,0.4609375,0.279296875,0.0013447538949549198,1.0,0.0,0.0,0.022690340876579285,0.0,0.0001192136769532226,0.190040722489357,0.9982418484157987,0.0,0.0
0,tiki,10,O,bert.encoder.layer.10.attention.output.dense,0.001,31,0,0,0,1.0,0.0,0.0,0.0,0.0006010287324897945,1.0,0.0,0.0,2.749337911605835,0.7278808355331421,0.008095535449683666,8.27663898235187e-05,1.0,1.0,0.0,0.47265625,0.30859375,0.001163353445008397,1.0,0.0,0.0,0.12774085998535156,0.0,0.00011945530422963202,0.23755088448524475,0.9982113308376737,0.0,0.0
0,tiki,10,FFN1,bert.encoder.layer.10.intermediate.dense,0.001,31,0,0,0,1.0,0.0,0.0,0.0,0.0003379100817255676,1.0,0.0,0.0,51.22551727294922,2.0646512508392334,0.005175287835299969,1.1172214726684615e-05,1.0,1.0,0.0,0.650390625,0.212890625,0.0007561179809272289,1.0,0.0,0.0,-0.08460244536399841,0.0,0.00012054272519890219,0.23755088448524475,0.9982172648111979,0.0,0.0
0,tiki,10,FFN2,bert.encoder.layer.10.output.dense,0.001,31,0,0,0,1.0,0.0,0.0,0.0,0.000347883440554142,1.0,0.0,0.0,137.53245544433594,0.5359041094779968,0.007127006072551012,7.429365359712392e-05,1.0,1.0,0.0,0.615234375,0.234375,0.0008182061137631536,1.0,0.0,0.0,-0.01105450838804245,0.0,9.2269794549793e-05,0.23755088448524475,0.9986385769314237,0.0,0.0
0,tiki,11,Q,bert.encoder.layer.11.attention.self.query,0.001,31,0,0,0,1.0,0.0,0.0,0.0,0.00026124698342755437,1.0,0.0,0.0,31.800477981567383,1.8405804634094238,0.001950435689650476,3.5081452551821712e-06,1.0,1.0,0.0,0.806640625,0.12890625,0.0003800061531364918,1.0,0.0,0.0,-0.014246121980249882,0.0,0.00012670474825426936,0.23755088448524475,0.9981265597873263,0.0,0.0
0,tiki,11,K,bert.encoder.layer.11.attention.self.key,0.001,31,0,0,0,1.0,0.0,0.0,0.0,0.00027408229652792215,1.0,0.0,0.0,31.800477981567383,1.8405804634094238,0.0026004670653492212,3.5665354516822845e-05,1.0,1.0,0.0,0.67578125,0.19140625,0.0006829736521467566,1.0,0.0,0.0,0.026988092809915543,0.0,0.00011913310299860314,0.190040722489357,0.9982045491536459,0.0,0.0
0,tiki,11,V,bert.encoder.layer.11.attention.self.value,0.001,31,0,0,0,1.0,0.0,0.0,0.0,0.00044991483446210623,1.0,0.0,0.0,31.800477981567383,1.8405804634094238,0.002828227123245597,0.00011066377919632941,1.0,1.0,0.0,0.603515625,0.23828125,0.0008569133933633566,1.0,0.0,0.0,-0.04865409806370735,0.0,0.00012380497355479747,0.23755088448524475,0.9981909857855903,0.0,0.0
0,tiki,11,O,bert.encoder.layer.11.attention.output.dense,0.001,31,0,0,0,1.0,0.0,0.0,0.0,0.0004581614048220217,1.0,0.0,0.0,4.081592559814453,0.7882566452026367,0.007899894379079342,8.287787932204083e-05,1.0,1.0,0.0,0.6015625,0.234375,0.0008726778323762119,1.0,0.0,0.0,-0.0015806934097781777,0.0,0.00011800537322415039,0.190040722489357,0.9982333713107638,0.0,0.0
0,tiki,11,FFN1,bert.encoder.layer.11.intermediate.dense,0.001,31,0,0,0,1.0,0.0,0.0,0.0,0.00044444913510233164,1.0,0.0,0.0,41.74715042114258,1.921722412109375,0.004530704580247402,7.286141681106528e-06,1.0,1.0,0.0,0.68359375,0.181640625,0.0006859769346192479,1.0,0.0,0.0,0.04234560579061508,0.0,0.00012420772691257298,0.23755088448524475,0.99817869398329,0.0,0.0
0,tiki,11,FFN2,bert.encoder.layer.11.output.dense,0.001,31,0,0,0,1.0,0.0,0.0,0.0,0.0003434380632825196,1.0,0.0,0.0,9.677202224731445,0.5516123175621033,0.00583692966029048,1.7649750589043833e-05,1.0,1.0,0.0,0.611328125,0.193359375,0.0009695722255855799,1.0,0.0,0.0,-0.018010282889008522,0.0,9.299470548285171e-05,0.23755088448524475,0.9986305236816406,0.0,0.0
1,tiki,0,Q,bert.encoder.layer.0.attention.self.query,0.001,31,0,0,0,1.0,0.0,0.0,0.0,0.0002173855755245313,1.0,0.0,0.0,12.348464012145996,1.553436279296875,0.0010421335464343429,2.7030700948671438e-05,1.0,1.0,0.0,0.0,0.017578125,0.1408231407403946,1.0,0.0,0.0,-0.045573342591524124,0.0,0.00046098619350232184,0.7126526832580566,0.9959242078993056,0.0,0.0
1,tiki,0,K,bert.encoder.layer.0.attention.self.key,0.001,31,0,0,0,1.0,0.0,0.0,0.0,0.00018994594574905932,1.0,0.0,0.0,12.348464012145996,1.553436279296875,0.001090413541533053,2.9062677640467882e-05,1.0,1.0,0.0,0.0,0.009765625,0.14878733456134796,1.0,0.0,0.0,-0.05124696344137192,0.0,0.0005503159482032061,0.8076730370521545,0.9958462185329862,0.0,0.0
1,tiki,0,V,bert.encoder.layer.0.attention.self.value,0.001,31,0,0,0,1.0,0.0,0.0,0.0,0.0004244712181389332,1.0,0.0,0.0,12.348464012145996,1.553436279296875,0.0021197209134697914,5.7337987527716905e-05,1.0,1.0,0.0,0.0,0.015625,0.17633658647537231,1.0,0.0,0.0,-0.016913166269659996,0.0,0.0004766129713971168,0.9026933908462524,0.9958224826388888,0.0,0.0
1,tiki,0,O,bert.encoder.layer.0.attention.output.dense,0.001,31,0,0,0,1.0,0.0,0.0,0.0,0.0004898917977698147,1.0,0.0,0.0,2.4698996543884277,0.6490346193313599,0.005314966198056936,0.00019184396660421044,1.0,1.0,0.0,0.0,0.005859375,0.14534294605255127,1.0,0.0,0.0,-0.007453865837305784,0.0,0.00040661520324647427,0.5701221823692322,0.995941162109375,0.0,0.0
1,tiki,0,FFN1,bert.encoder.layer.0.intermediate.dense,0.001,31,0,0,0,1.0,0.0,0.0,0.0,0.00029454848845489323,1.0,0.0,0.0,64.250732421875,2.9654853343963623,0.006084976717829704,1.8683576854527928e-05,1.0,1.0,0.0,0.0,0.072265625,0.03307477384805679,1.0,0.0,0.0,0.015594355762004852,0.0,0.00027960832812823355,0.42759162187576294,0.996236589219835,0.0,0.0
1,tiki,0,FFN2,bert.encoder.layer.0.output.dense,0.001,31,0,0,0,1.0,0.0,0.0,0.0,0.0002452102489769459,1.0,0.0,0.0,10.582842826843262,1.3649718761444092,0.005117256660014391,0.00013098563067615032,1.0,1.0,0.0,0.0,0.052734375,0.04431851953268051,1.0,0.0,0.0,0.10429894179105759,0.0,0.000204596362891607,0.33257126808166504,0.9971902635362413,0.0,0.0
1,tiki,1,Q,bert.encoder.layer.1.attention.self.query,0.001,31,0,0,0,1.0,0.0,0.0,0.0,0.0003727136645466089,1.0,0.0,0.0,9.69743537902832,1.603452205657959,0.0054418970830738544,3.116709922323935e-05,1.0,1.0,0.0,0.0,0.017578125,0.10037410259246826,1.0,0.0,0.0,-0.044894084334373474,0.0,0.000424980535171926,0.6651425361633301,0.9958733452690972,0.0,0.0
1,tiki,1,K,bert.encoder.layer.1.attention.self.key,0.001,31,0,0,0,1.0,0.0,0.0,0.0,0.0002700196055229753,1.0,0.0,0.0,9.69743537902832,1.603452205657959,0.005473716650158167,3.2541203836444765e-05,1.0,1.0,0.0,0.0,0.01171875,0.11993634700775146,1.0,0.0,0.0,0.03913183882832527,0.0,0.0004575226630549878,0.8076730370521545,0.9959174262152778,0.0,0.0
1,tiki,1,V,bert.encoder.layer.1.attention.self.value,0.001,31,0,0,0,1.0,0.0,0.0,0.0,0.00048477412201464176,1.0,0.0,0.0,9.69743537902832,1.603452205657959,0.011634616181254387,4.836940570385195e-05,1.0,1.0,0.0,0.0,0.013671875,0.13827936351299286,1.0,0.0,0.0,-0.07630068063735962,0.0,0.00046453039976768196,0.7126526832580566,0.9958784315321181,0.0,0.0
1,tiki,1,O,bert.encoder.layer.1.attention.output.dense,0.001,31,0,0,0,1.0,0.0,0.0,0.0,0.0004893820150755346,1.0,0.0,0.0,2.9814109802246094,0.7608897686004639,0.00530338054522872,0.00019292788056191057,1.0,1.0,0.0,0.0,0.009765625,0.12393267452716827,1.0,0.0,0.0,-0.05815020576119423,0.0,0.0005895437207072973,0.9977138042449951,0.9959055582682291,0.0,0.0
1,tiki,1,FFN1,bert.encoder.layer.1.intermediate.dense,0.001,31,0,0,0,1.0,0.0,0.0,0.0,0.0002749495906755328,1.0,0.0,0.0,62.65934753417969,2.509615421295166,0.00666167214512825,2.1018582629039884e-05,1.0,1.0,0.0,0.0,0.072265625,0.03525950759649277,1.0,0.0,0.0,-0.053184762597084045,0.0,0.00029318092856556177,0.9977138042449951,0.9962035285101997,0.0,0.0
1,tiki,1,FFN2,bert.encoder.layer.1.output.dense,0.001,31,0,0,0,1.0,0.0,0.0,0.0,0.00025599339278414845,1.0,0.0,0.0,11.330891609191895,0.8740265965461731,0.0044242306612432,0.00014133800868876278,1.0,1.0,0.0,0.0,0.0390625,0.046936117112636566,1.0,0.0,0.0,0.002862332621589303,0.0,0.0002351649454794824,0.5701221823692322,0.9971478780110677,0.0,0.0
1,tiki,2,Q,bert.encoder.layer.2.attention.self.query,0.001,31,0,0,0,1.0,0.0,0.0,0.0,0.0002193180553149432,1.0,0.0,0.0,11.216606140136719,1.7045211791992188,0.002349165501073003,2.233576560684014e-05,1.0,1.0,0.0,0.0,0.0234375,0.09419079124927521,1.0,0.0,0.0,-0.013270975090563297,0.0,0.0004046820104122162,0.8551832437515259,0.9959513346354166,0.0,0.0
1,tiki,2,K,bert.encoder.layer.2.attention.self.key,0.001,31,0,0,0,1.0,0.0,0.0,0.0,0.00020778941689059138,1.0,0.0,0.0,11.216606140136719,1.7045211791992188,0.001310294377617538,2.6496169084566645e-05,1.0,1.0,0.0,0.0,0.01953125,0.11030124127864838,1.0,0.0,0.0,-0.02453322522342205,0.0,0.00041869754204526544,0.8076730370521545,0.9959564208984375,0.0,0.0
1,tiki,2,V,bert.encoder.layer.2.attention.self.value,0.001,31,0,0,0,1.0,0.0,0.0,0.0,0.0005346846301108599,1.0,0.0,0.0,11.216606140136719,1.7045211791992188,0.0037745905574411154,5.98277329117991e-05,1.0,1.0,0.0,0.0,0.029296875,0.09202931821346283,1.0,0.0,0.0,0.07255642861127853,0.0,0.00042659154860302806,0.6176323890686035,0.9959581163194444,0.0,0.0
1,tiki,2,O,bert.encoder.layer.2.attention.output.dense,0.001,31,0,0,0,1.0,0.0,0.0,0.0,0.0005664076888933778,1.0,0.0,0.0,3.2813339233398438,0.9994006156921387,0.0051955571398139,0.00017811944417189807,1.0,1.0,0.0,0.0,0.0234375,0.09940323233604431,1.0,0.0,0.0,0.006562349386513233,0.0,0.00042836362263187766,0.6176323890686035,0.9959479437934028,0.0,0.0
1,tiki,2,FFN1,bert.encoder.layer.2.intermediate.dense,0.001,31,0,0,0,1.0,0.0,0.0,0.0,0.0002605672343634069,1.0,0.0,0.0,52.12010192871094,2.319138526916504,0.0035194242373108864,2.1260570065351203e-05,1.0,1.0,0.0,0.0,0.064453125,0.03768489882349968,1.0,0.0,0.0,-0.011139251291751862,0.0,0.00029624183662235737,0.42759162187576294,0.9961895412868924,0.0,0.0
1,tiki,2,FFN2,bert.encoder.layer.2.output.dense,0.001,31,0,0,0,1.0,0.0,0.0,0.0,0.0002714949077926576,1.0,0.0,0.0,67.90599060058594,0.5260317325592041,0.008739328011870384,0.00015211477875709534,1.0,1.0,0.0,0.0,0.046875,0.052162546664476395,1.0,0.0,0.0,-0.020424330607056618,0.0,0.0002327887632418424,0.33257126808166504,0.9970817565917969,0.0,0.0
1,tiki,3,Q,bert.encoder.layer.3.attention.self.query,0.001,31,0,0,0,1.0,0.0,0.0,0.0,0.0002152533852495253,1.0,0.0,0.0,14.880796432495117,1.6615464687347412,0.002251902362331748,2.3811990104150027e-05,1.0,1.0,0.0,0.0,0.009765625,0.0960707813501358,1.0,0.0,0.0,0.06274637579917908,0.0,0.000424980535171926,0.760162889957428,0.9959632025824653,0.0,0.0
1,tiki,3,K,bert.encoder.layer.3.attention.self.key,0.001,31,0,0,0,1.0,0.0,0.0,0.0,0.00022350232757162303,1.0,0.0,0.0,14.880796432495117,1.6615464687347412,0.0016130133299157023,2.8922888304805383e-05,1.0,1.0,0.0,0.0,0.025390625,0.08968610316514969,1.0,0.0,0.0,-0.0259901974350214,0.0,0.0003851083747576922,0.6176323890686035,0.9960293240017362,0.0,0.0
1,tiki,3,V,bert.encoder.layer.3.attention.self.value,0.001,31,0,0,0,1.0,0.0,0.0,0.0,0.0005607868661172688,1.0,0.0,0.0,14.880796432495117,1.6615464687347412,0.0023335320875048637,6.423571903724223e-05,1.0,1.0,0.0,0.0,0.01171875,0.09531383216381073,1.0,0.0,0.0,-0.06483425945043564,0.0,0.0004675108357332647,0.760162889957428,0.9959394666883681,0.0,0.0
1,tiki,3,O,bert.encoder.layer.3.attention.output.dense,0.001,31,0,0,0,1.0,0.0,0.0,0.0,0.0005219309823587537,1.0,0.0,0.0,3.21860671043396,0.8025583624839783,0.015131116844713688,0.00018396512314211577,1.0,1.0,0.0,0.0,0.015625,0.08849320560693741,1.0,0.0,0.0,0.009880936704576015,0.0,0.0003548217355273664,0.5701221823692322,0.9960700141059028,0.0,0.0
1,tiki,3,FFN1,bert.encoder.layer.3.intermediate.dense,0.001,31,0,0,0,1.0,0.0,0.0,0.0,0.0002359092322876677,1.0,0.0,0.0,94.11702728271484,2.240711212158203,0.008985613472759724,2.1406609448604286e-05,1.0,1.0,0.0,0.001953125,0.046875,0.04097943753004074,1.0,0.0,0.0,-0.016261165961623192,0.0,0.00029680575244128704,0.5226119756698608,0.9962073432074653,0.0,0.0
1,tiki,3,FFN2,bert.encoder.layer.3.output.dense,0.001,31,0,0,0,1.0,0.0,0.0,0.0,0.0002114758244715631,1.0,0.0,0.0,43.761444091796875,0.5721567273139954,0.005218841135501862,0.0001515811018180102,1.0,1.0,0.0,0.0,0.0234375,0.0498124361038208,1.0,0.0,0.0,0.03340533748269081,0.0,0.00023478236107621342,0.380081444978714,0.9970915052625868,0.0,0.0
1,tiki,4,Q,bert.encoder.layer.4.attention.self.query,0.001,31,0,0,0,1.0,0.0,0.0,0.0,0.00021850847406312823,1.0,0.0,0.0,13.2555570602417,1.672766923904419,0.002322596497833729,2.433391273370944e-05,1.0,1.0,0.0,0.0,0.029296875,0.07921788096427917,1.0,0.0,0.0,0.1010206937789917,0.0,0.0003768923052120954,0.5701221823692322,0.9959801567925347,0.0,0.0
1,tiki,4,K,bert.encoder.layer.4.attention.self.key,0.001,31,0,0,0,1.0,0.0,0.0,0.0,0.00018501786689739674,1.0,0.0,0.0,13.2555570602417,1.672766923904419,0.0015978367300704122,3.079884481849149e-05,1.0,1.0,0.0,0.0,0.029296875,0.06450475007295609,1.0,0.0,0.0,-0.04024848714470863,0.0,0.0003660181537270546,0.7126526832580566,0.9960564507378472,0.0,0.0
1,tiki,4,V,bert.encoder.layer.4.attention.self.value,0.001,31,0,0,0,1.0,0.0,0.0,0.0,0.00030823267297819257,1.0,0.0,0.0,13.2555570602417,1.672766923904419,0.0023784253280609846,5.083085488877259e-05,1.0,1.0,0.0,0.0,0.029296875,0.10358566045761108,1.0,0.0,0.0,0.10736119747161865,0.0,0.0004205502918921411,0.6651425361633301,0.9960055881076388,0.0,0.0
1,tiki,4,O,bert.encoder.layer.4.attention.output.dense,0.001,31,0,0,0,1.0,0.0,0.0,0.0,0.0003856951370835304,1.0,0.0,0.0,3.205460786819458,0.7680018544197083,0.014066243544220924,0.00019683571008499712,1.0,1.0,0.0,0.0,0.01171875,0.10162793844938278,1.0,0.0,0.0,0.027694152668118477,0.0,0.00041483124368824065,0.6176323890686035,0.9959716796875,0.0,0.0
1,tiki,4,FFN1,bert.encoder.layer.4.intermediate.dense,0.001,31,0,0,0,1.0,0.0,0.0,0.0,0.0002975888201035559,1.0,0.0,0.0,102.4397964477539,2.0946974754333496,0.00436763558536768,2.3667827917961404e-05,1.0,1.0,0.0,0.001953125,0.087890625,0.03332003951072693,1.0,0.0,0.0,0.0012485578190535307,0.0,0.00029646343318745494,0.4751017689704895,0.9961768256293403,0.0,0.0
1,tiki,4,FFN2,bert.encoder.layer.4.output.dense,0.001,31,0,0,0,1.0,0.0,0.0,0.0,0.00024224941444117576,1.0,0.0,0.0,11.929831504821777,0.6148664951324463,0.007018588948994875,0.0001630606857361272,1.0,1.0,0.0,0.0,0.033203125,0.057447634637355804,1.0,0.0,0.0,0.045663416385650635,0.0,0.00022576081391889602,0.5226119756698608,0.9971016777886285,0.0,0.0
1,tiki,5,Q,bert.encoder.layer.5.attention.self.query,0.001,31,0,0,0,1.0,0.0,0.0,0.0,0.00016366425552405417,1.0,0.0,0.0,14.789740562438965,1.6681724786758423,0.001429051160812378,2.364435204071924e-05,1.0,1.0,0.0,0.0,0.0234375,0.07650553435087204,1.0,0.0,0.0,0.012149055488407612,0.0,0.000344511354342103,0.4751017689704895,0.9960784912109375,0.0,0.0
1,tiki,5,K,bert.encoder.layer.5.attention.self.key,0.001,31,0,0,0,1.0,0.0,0.0,0.0,0.00016215724463108927,1.0,0.0,0.0,14.789740562438965,1.6681724786758423,0.0010478160111233592,3.0468256227322854e-05,1.0,1.0,0.0,0.0,0.029296875,0.07150614261627197,1.0,0.0,0.0,-0.10515914857387543,0.0,0.000355143885826692,0.5701221823692322,0.9961123996310763,0.0,0.0
1,tiki,5,V,bert.encoder.layer.5.attention.self.value,0.001,31,0,0,0,1.0,0.0,0.0,0.0,0.0003924989141523838,1.0,0.0,0.0,14.789740562438965,1.6681724786758423,0.002678503515198827,6.126226799096912e-05,1.0,1.0,0.0,0.0,0.017578125,0.09344640374183655,1.0,0.0,0.0,-0.09014037251472473,0.0,0.0003547412052284926,0.8076730370521545,0.9961056179470487,0.0,0.0
1,tiki,5,O,bert.encoder.layer.5.attention.output.dense,0.001,31,0,0,0,1.0,0.0,0.0,0.0,0.00040515378350391984,1.0,0.0,0.0,3.0799741744995117,0.8111501932144165,0.018494265154004097,0.00021763311815448105,1.0,1.0,0.0,0.0,0.013671875,0.10802511870861053,1.0,0.0,0.0,-0.02048974670469761,0.0,0.00044181544217281044,0.8551832437515259,0.9959581163194444,0.0,0.0
1,tiki,5,FFN1,bert.encoder.layer.5.intermediate.dense,0.001,31,0,0,0,1.0,0.0,0.0,0.0,0.0002791538427118212,1.0,0.0,0.0,93.311767578125,2.0632972717285156,0.006386907305568457,2.561286419222597e-05,1.0,1.0,0.0,0.0,0.0546875,0.039738621562719345,1.0,0.0,0.0,-0.020762834697961807,0.0,0.00029668500064872205,0.5226119756698608,0.9962251451280382,0.0,0.0
1,tiki,5,FFN2,bert.encoder.layer.5.output.dense,0.001,31,0,0,0,1.0,0.0,0.0,0.0,0.00023854352184571326,1.0,0.0,0.0,9.335393905639648,0.5849758386611938,0.005203637760132551,0.00017459067748859525,1.0,1.0,0.0,0.0,0.033203125,0.06392192840576172,1.0,0.0,0.0,-0.014216848649084568,0.0,0.00024396496883127838,0.4751017689704895,0.9970809088812934,0.0,0.0
1,tiki,6,Q,bert.encoder.layer.6.attention.self.query,0.001,31,0,0,0,1.0,0.0,0.0,0.0,0.0001779448939487338,1.0,0.0,0.0,16.003307342529297,1.7208681106567383,0.0014292368432506919,2.3268892618943937e-05,1.0,1.0,0.0,0.0,0.037109375,0.06545647978782654,1.0,0.0,0.0,0.03291170299053192,0.0,0.0003371007042005658,0.42759162187576294,0.9960717095269097,0.0,0.0
1,tiki,6,K,bert.encoder.layer.6.attention.self.key,0.001,31,0,0,0,1.0,0.0,0.0,0.0,0.0001606314181117341,1.0,0.0,0.0,16.003307342529297,1.7208681106567383,0.00142294995021075,3.0250288546085358e-05,1.0,1.0,0.0,0.0,0.01953125,0.06679092347621918,1.0,0.0,0.0,-0.0295366533100605,0.0,0.00035538559313863516,0.5226119756698608,0.996063232421875,0.0,0.0
1,tiki,6,V,bert.encoder.layer.6.attention.self.value,0.001,31,0,0,0,1.0,0.0,0.0,0.0,0.00041721880552358925,1.0,0.0,0.0,16.003307342529297,1.7208681106567383,0.003061767900362611,5.865922867087647e-05,1.0,1.0,0.0,0.0,0.02734375,0.08854582160711288,1.0,0.0,0.0,0.03435421362519264,0.0,0.00041112597682513297,0.760162889957428,0.9960293240017362,0.0,0.0
1,tiki,6,O,bert.encoder.layer.6.attention.output.dense,0.001,31,0,0,0,1.0,0.0,0.0,0.0,0.0004376560100354254,1.0,0.0,0.0,2.8761799335479736,0.8047959804534912,0.01211334764957428,0.0002184598706662655,1.0,1.0,0.0,0.0,0.00390625,0.1352720558643341,1.0,0.0,0.0,-0.060904160141944885,0.0,0.0005892215413041413,0.9977138042449951,0.9958258734809028,0.0,0.0
1,tiki,6,FFN1,bert.encoder.layer.6.intermediate.dense,0.001,31,0,0,0,1.0,0.0,0.0,0.0,0.0003604799567256123,1.0,0.0,0.0,92.5964126586914,2.0553603172302246,0.0029057879000902176,2.7750626031775028e-05,1.0,1.0,0.0,0.0,0.068359375,0.04351360723376274,1.0,0.0,0.0,-0.11978039145469666,0.0,0.0002955369418486953,0.5226119756698608,0.9962196350097656,0.0,0.0
1,tiki,6,FFN2,bert.encoder.layer.6.output.dense,0.001,31,0,0,0,1.0,0.0,0.0,0.0,0.0002814684994518757,1.0,0.0,0.0,7.5867109298706055,0.5593606233596802,0.004344695247709751,0.00018581145559437573,1.0,1.0,0.0,0.0,0.0234375,0.08036774396896362,1.0,0.0,0.0,-0.03528614342212677,0.0,0.00027360740932635963,0.5701221823692322,0.9970139397515191,0.0,0.0
1,tiki,7,Q,bert.encoder.layer.7.attention.self.query,0.001,31,0,0,0,1.0,0.0,0.0,0.0,0.000199106041691266,1.0,0.0,0.0,16.31993865966797,1.767687201499939,0.001841394230723381,1.7733578715706244e-05,1.0,1.0,0.0,0.0,0.033203125,0.06521552801132202,1.0,0.0,0.0,-0.017689276486635208,0.0,0.00033975893165916204,0.42759162187576294,0.9960276285807291,0.0,0.0
1,tiki,7,K,bert.encoder.layer.7.attention.self.key,0.001,31,0,0,0,1.0,0.0,0.0,0.0,0.00017553844372741878,1.0,0.0,0.0,16.31993865966797,1.767687201499939,0.002084852661937475,2.726571256062016e-05,1.0,1.0,0.0,0.0,0.041015625,0.053490400314331055,1.0,0.0,0.0,-0.04971732199192047,0.0,0.0003291263128630817,0.5226119756698608,0.9960954454210069,0.0,0.0
1,tiki,7,V,bert.encoder.layer.7.attention.self.value,0.001,31,0,0,0,1.0,0.0,0.0,0.0,0.0004807387595064938,1.0,0.0,0.0,16.31993865966797,1.767687201499939,0.0028599051292985678,6.732541078235954e-05,1.0,1.0,0.0,0.0,0.029296875,0.07767920941114426,1.0,0.0,0.0,0.13050465285778046,0.0,0.00038148369640111923,0.6176323890686035,0.9960394965277778,0.0,0.0
1,tiki,7,O,bert.encoder.layer.7.attention.output.dense,0.001,31,0,0,0,1.0,0.0,0.0,0.0,0.0005088000907562673,1.0,0.0,0.0,4.029445171356201,0.8151602745056152,0.006407974753528833,0.00021639461920130998,1.0,1.0,0.0,0.0,0.021484375,0.13172414898872375,1.0,0.0,0.0,0.013152112253010273,0.0,0.0005139074055477977,0.950203537940979,0.9959275987413194,0.0,0.0
1,tiki,7,FFN1,bert.encoder.layer.7.intermediate.dense,0.001,31,0,0,0,1.0,0.0,0.0,0.0,0.00039862707490101457,1.0,0.0,0.0,92.10103607177734,2.0533695220947266,0.003939857706427574,2.659644997038413e-05,1.0,1.0,0.0,0.0,0.0625,0.04152119904756546,1.0,0.0,0.0,-0.03234101086854935,0.0,0.00029481222736649215,0.4751017689704895,0.9962009853786893,0.0,0.0
1,tiki,7,FFN2,bert.encoder.layer.7.output.dense,0.001,31,0,0,0,1.0,0.0,0.0,0.0,0.00032035430194810033,1.0,0.0,0.0,7.797016143798828,0.5809794664382935,0.005015193484723568,0.00018218750483356416,1.0,1.0,0.0,0.0,0.009765625,0.09171678125858307,1.0,0.0,0.0,0.001958234468474984,0.0,0.0002783396630547941,0.6176323890686035,0.9970071580674913,0.0,0.0
1,tiki,8,Q,bert.encoder.layer.8.attention.self.query,0.001,31,0,0,0,1.0,0.0,0.0,0.0,0.00022367475321516395,1.0,0.0,0.0,21.548206329345703,1.7694951295852661,0.0015142949996516109,2.3194763343781233e-05,1.0,1.0,0.0,0.0,0.021484375,0.0613706149160862,1.0,0.0,0.0,0.06186770647764206,0.0,0.00033557030837982893,0.4751017689704895,0.9960852728949653,0.0,0.0
1,tiki,8,K,bert.encoder.layer.8.attention.self.key,0.001,31,0,0,0,1.0,0.0,0.0,0.0,0.00019635219359770417,1.0,0.0,0.0,21.548206329345703,1.7694951295852661,0.0013979787472635508,3.9397567888954654e-05,1.0,1.0,0.0,0.0,0.01171875,0.06347862631082535,1.0,0.0,0.0,-0.010388024151325226,0.0,0.0003521635371726006,0.6651425361633301,0.99609375,0.0,0.0
1,tiki,8,V,bert.encoder.layer.8.attention.self.value,0.001,31,0,0,0,1.0,0.0,0.0,0.0,0.0005143674788996577,1.0,0.0,0.0,21.548206329345703,1.7694951295852661,0.0031526493839919567,6.489647785201669e-05,1.0,1.0,0.0,0.0,0.017578125,0.11344999074935913,1.0,0.0,0.0,-0.06206916645169258,0.0,0.00048217084258794785,0.7126526832580566,0.9958869086371528,0.0,0.0
1,tiki,8,O,bert.encoder.layer.8.attention.output.dense,0.001,31,0,0,0,1.0,0.0,0.0,0.0,0.00048565928591415286,1.0,0.0,0.0,3.751401662826538,0.8563718795776367,0.0063944715075194836,0.0002180163428420201,1.0,1.0,0.0,0.0,0.00390625,0.13541312515735626,1.0,0.0,0.0,-0.07255783677101135,0.0,0.0003792283241637051,0.42759162187576294,0.9960089789496528,0.0,0.0
1,tiki,8,FFN1,bert.encoder.layer.8.intermediate.dense,0.001,31,0,0,0,1.0,0.0,0.0,0.0,0.0003209039568901062,1.0,0.0,0.0,89.13762664794922,1.996049165725708,0.004788607824593782,2.2241803890210576e-05,1.0,1.0,0.0,0.0,0.064453125,0.043314848095178604,1.0,0.0,0.0,-0.048676714301109314,0.0,0.00028709956677630544,0.5226119756698608,0.9962556627061632,0.0,0.0
1,tiki,8,FFN2,bert.encoder.layer.8.output.dense,0.001,31,0,0,0,1.0,0.0,0.0,0.0,0.0003538223681971431,1.0,0.0,0.0,16.144264221191406,0.5778717398643494,0.005564386490732431,0.00016226022853516042,1.0,1.0,0.0,0.0,0.029296875,0.11799933761358261,1.0,0.0,0.0,-0.1185029000043869,0.0,0.0003840411955025047,0.9977138042449951,0.9969342549641927,0.0,0.0
1,tiki,9,Q,bert.encoder.layer.9.attention.self.query,0.001,31,0,0,0,1.0,0.0,0.0,0.0,0.0002615193370729685,1.0,0.0,0.0,26.084623336791992,1.8150076866149902,0.002799638081341982,2.0450308511499316e-05,1.0,1.0,0.0,0.0,0.0390625,0.08649691194295883,1.0,0.0,0.0,-0.01602376624941826,0.0,0.0003578825853765011,0.7126526832580566,0.9960598415798612,0.0,0.0
1,tiki,9,K,bert.encoder.layer.9.attention.self.key,0.001,31,0,0,0,1.0,0.0,0.0,0.0,0.00023911692551337183,1.0,0.0,0.0,26.084623336791992,1.8150076866149902,0.001347800949588418,4.550721132545732e-05,1.0,1.0,0.0,0.0,0.037109375,0.08807618916034698,1.0,0.0,0.0,-0.030634630471467972,0.0,0.0003873638343065977,0.8551832437515259,0.9960530598958334,0.0,0.0
1,tiki,9,V,bert.encoder.layer.9.attention.self.value,0.001,31,0,0,0,1.0,0.0,0.0,0.0,0.0006364021683111787,1.0,0.0,0.0,26.084623336791992,1.8150076866149902,0.0035371268168091774,8.242487092502415e-05,1.0,1.0,0.0,0.0,0.03515625,0.10618524998426437,1.0,0.0,0.0,-0.00830728467553854,0.0,0.00039856028161011636,0.5701221823692322,0.9959682888454862,0.0,0.0
1,tiki,9,O,bert.encoder.layer.9.attention.output.dense,0.001,31,0,0,0,1.0,0.0,0.0,0.0,0.0006933141266927123,1.0,0.0,0.0,2.71820330619812,0.8000950813293457,0.007398264482617378,0.00014043139526620507,1.0,1.0,0.0,0.0,0.009765625,0.2243354469537735,1.0,0.0,0.0,0.014091003686189651,0.0,0.000729619525372982,0.9977138042449951,0.9957953559027778,0.0,0.0
1,tiki,9,FFN1,bert.encoder.layer.9.intermediate.dense,0.001,31,0,0,0,1.0,0.0,0.0,0.0,0.0003687147400341928,1.0,0.0,0.0,57.2679328918457,1.968629240989685,0.005285790655761957,1.5840989362914115e-05,1.0,1.0,0.0,0.0,0.05078125,0.054866377264261246,1.0,0.0,0.0,0.027958020567893982,0.0,0.0003068745427299291,0.6176323890686035,0.9961526658799913,0.0,0.0
1,tiki,9,FFN2,bert.encoder.layer.9.output.dense,0.001,31,0,0,0,1.0,0.0,0.0,0.0,0.0003583292127586901,1.0,0.0,0.0,86.44026947021484,0.46469634771347046,0.006611795164644718,0.00012251819134689867,1.0,1.0,0.0,0.0,0.013671875,0.16977618634700775,1.0,0.0,0.0,0.010937459766864777,0.0,0.0004309613723307848,0.9977138042449951,0.9968588087293837,0.0,0.0
1,tiki,10,Q,bert.encoder.layer.10.attention.self.query,0.001,31,0,0,0,1.0,0.0,0.0,0.0,0.00030248603434301913,1.0,0.0,0.0,27.180843353271484,1.7933552265167236,0.003649624763056636,9.065698577614967e-06,1.0,1.0,0.0,0.0,0.0234375,0.08946103602647781,1.0,0.0,0.0,0.05703364685177803,0.0,0.0003533717826940119,0.760162889957428,0.99609375,0.0,0.0
1,tiki,10,K,bert.encoder.layer.10.attention.self.key,0.001,31,0,0,0,1.0,0.0,0.0,0.0,0.0002917950914707035,1.0,0.0,0.0,27.180843353271484,1.7933552265167236,0.002519811736419797,4.021233689854853e-05,1.0,1.0,0.0,0.0,0.03125,0.082999087870121,1.0,0.0,0.0,-0.07430239766836166,0.0,0.0003549827670212835,0.4751017689704895,0.9960259331597222,0.0,0.0
1,tiki,10,V,bert.encoder.layer.10.attention.self.value,0.001,31,0,0,0,1.0,0.0,0.0,0.0,0.000617504701949656,1.0,0.0,0.0,27.180843353271484,1.7933552265167236,0.004320795647799969,0.00011157064727740362,1.0,1.0,0.0,0.0,0.017578125,0.12749333679676056,1.0,0.0,0.0,0.017442401498556137,0.0,0.00041523404070176184,0.6176323890686035,0.9960072835286459,0.0,0.0
1,tiki,10,O,bert.encoder.layer.10.attention.output.dense,0.001,31,0,0,0,1.0,0.0,0.0,0.0,0.0006747343577444553,1.0,0.0,0.0,3.396305799484253,0.7635168433189392,0.008475285954773426,7.066920079523697e-05,1.0,1.0,0.0,0.0,0.01171875,0.23729224503040314,1.0,0.0,0.0,0.005287617444992065,0.0,0.000782138085924089,0.9977138042449951,0.9957970513237847,0.0,0.0
1,tiki,10,FFN1,bert.encoder.layer.10.intermediate.dense,0.001,31,0,0,0,1.0,0.0,0.0,0.0,0.00037000427255406976,1.0,0.0,0.0,47.12047576904297,1.9409233331680298,0.006257967092096806,9.489829608355649e-06,1.0,1.0,0.0,0.0,0.04296875,0.057180121541023254,1.0,0.0,0.0,-0.023097572848200798,0.0,0.00028544815722852945,0.5226119756698608,0.9962344699435763,0.0,0.0
1,tiki,10,FFN2,bert.encoder.layer.10.output.dense,0.001,31,0,0,0,1.0,0.0,0.0,0.0,0.00030594709096476436,1.0,0.0,0.0,138.2469482421875,0.4645863473415375,0.007552722934633493,6.27286935923621e-05,1.0,1.0,0.0,0.0,0.009765625,0.2603389024734497,1.0,0.0,0.0,-0.0187701229006052,0.0,0.000676618074066937,0.9977138042449951,0.9968282911512587,0.0,0.0
1,tiki,11,Q,bert.encoder.layer.11.attention.self.query,0.001,31,0,0,0,1.0,0.0,0.0,0.0,0.0001710975484456867,1.0,0.0,0.0,32.24393081665039,1.7730157375335693,0.002437109127640724,2.9143131996534066e-06,1.0,1.0,0.0,0.0,0.03125,0.0953332781791687,1.0,0.0,0.0,-0.06460238993167877,0.0,0.0003471695235930383,0.5226119756698608,0.9960242377387153,0.0,0.0
1,tiki,11,K,bert.encoder.layer.11.attention.self.key,0.001,31,0,0,0,1.0,0.0,0.0,0.0,0.00018979446031153202,1.0,0.0,0.0,32.24393081665039,1.7730157375335693,0.0011657624272629619,2.4703207600396127e-05,1.0,1.0,0.0,0.0,0.0390625,0.06570775806903839,1.0,0.0,0.0,-0.006456619594246149,0.0,0.0003256626660004258,0.42759162187576294,0.9960784912109375,0.0,0.0
1,tiki,11,V,bert.encoder.layer.11.attention.self.value,0.001,31,0,0,0,1.0,0.0,0.0,0.0,0.0003908891521859914,1.0,0.0,0.0,32.24393081665039,1.7730157375335693,0.0029011701699346304,0.00013563671382144094,1.0,1.0,0.0,0.0,0.02734375,0.10193569958209991,1.0,0.0,0.0,0.08612576872110367,0.0,0.00042683316860347986,0.6176323890686035,0.9960038926866319,0.0,0.0
1,tiki,11,O,bert.encoder.layer.11.attention.output.dense,0.001,31,0,0,0,1.0,0.0,0.0,0.0,0.0004034482117276639,1.0,0.0,0.0,3.7549655437469482,0.7171788215637207,0.008820196613669395,7.972634921316057e-05,1.0,1.0,0.0,0.0,0.005859375,0.2791667580604553,1.0,0.0,0.0,0.09959552437067032,0.0,0.0004126564599573612,0.4751017689704895,0.9959835476345487,0.0,0.0
1,tiki,11,FFN1,bert.encoder.layer.11.intermediate.dense,0.001,31,0,0,0,1.0,0.0,0.0,0.0,0.0004582999972626567,1.0,0.0,0.0,41.978267669677734,1.804781198501587,0.004699935670942068,6.812597803218523e-06,1.0,1.0,0.0,0.0,0.076171875,0.06457215547561646,1.0,0.0,0.0,0.046885013580322266,0.0,0.00030006805900484324,0.6651425361633301,0.9961984422471788,0.0,0.0
1,tiki,11,FFN2,bert.encoder.layer.11.output.dense,0.001,31,0,0,0,1.0,0.0,0.0,0.0,0.0003870651125907898,1.0,0.0,0.0,9.040152549743652,0.4771748483181,0.005855158437043428,1.6998274077195674e-05,1.0,1.0,0.0,0.0,0.0,0.45015329122543335,1.0,0.0,0.0,0.0440160296857357,0.0,0.0008281319751404226,0.9977138042449951,0.9968147277832031,0.0,0.0
2,tiki,0,Q,bert.encoder.layer.0.attention.self.query,0.001,31,0,0,0,1.0,0.0,0.0,0.0,0.00011150258796988055,1.0,0.0,0.0,12.348464012145996,1.593538761138916,0.0008611647645011544,1.8981116227223538e-05,1.0,1.0,0.0,0.0,0.01171875,0.12733806669712067,1.0,0.0,0.0,0.012889991514384747,0.0,0.0008539884584024549,0.7126526832580566,0.9935930040147569,0.0,0.0
2,tiki,0,K,bert.encoder.layer.0.attention.self.key,0.001,31,0,0,0,1.0,0.0,0.0,0.0,0.00010775955161079764,1.0,0.0,0.0,12.348464012145996,1.593538761138916,0.0005409427685663104,1.795417847461067e-05,1.0,1.0,0.0,0.0,0.005859375,0.144194096326828,1.0,0.0,0.0,0.06029818207025528,0.0,0.0009957561269402504,0.8551832437515259,0.9934844970703125,0.0,0.0
2,tiki,0,V,bert.encoder.layer.0.attention.self.value,0.001,31,0,0,0,1.0,0.0,0.0,0.0,0.0002717628376558423,1.0,0.0,0.0,12.348464012145996,1.593538761138916,0.0014263849006965756,3.454263787716627e-05,1.0,1.0,0.0,0.0,0.013671875,0.16452354192733765,1.0,0.0,0.0,-0.10781080275774002,0.0,0.0009629724081605673,0.9026933908462524,0.9934607611762153,0.0,0.0
2,tiki,0,O,bert.encoder.layer.0.attention.output.dense,0.001,31,0,0,0,1.0,0.0,0.0,0.0,0.0002912291092798114,1.0,0.0,0.0,3.1258344650268555,0.7438483238220215,0.0030428965110331774,0.00014375726459547877,1.0,1.0,0.0,0.0,0.009765625,0.1383945792913437,1.0,0.0,0.0,0.037494152784347534,0.0,0.000792287290096283,0.9026933908462524,0.9936167399088541,0.0,0.0
2,tiki,0,FFN1,bert.encoder.layer.0.intermediate.dense,0.001,31,0,0,0,1.0,0.0,0.0,0.0,0.0001618988171685487,1.0,0.0,0.0,66.69539642333984,2.8629956245422363,0.002107100561261177,1.6513986338395625e-05,1.0,1.0,0.0,0.0,0.0625,0.03054623305797577,1.0,0.0,0.0,-0.05388603359460831,0.0,0.0004517029447015375,0.5701221823692322,0.9942525227864584,0.0,0.0
2,tiki,0,FFN2,bert.encoder.layer.0.output.dense,0.001,31,0,0,0,1.0,0.0,0.0,0.0,0.00016009238606784493,1.0,0.0,0.0,11.839263916015625,1.212274193763733,0.0020534044597297907,9.362638229504228e-05,1.0,1.0,0.0,0.0,0.0546875,0.043843600898981094,1.0,0.0,0.0,-0.064048171043396,0.0,0.0003256827185396105,0.33257126808166504,0.9957038031684028,0.0,0.0
2,tiki,1,Q,bert.encoder.layer.1.attention.self.query,0.001,31,0,0,0,1.0,0.0,0.0,0.0,0.00020327040692791343,1.0,0.0,0.0,9.863616943359375,1.7196154594421387,0.0012272485764697194,2.803885581670329e-05,1.0,1.0,0.0,0.0,0.0078125,0.10345640033483505,1.0,0.0,0.0,0.07783334702253342,0.0,0.0008356230100616813,0.9977138042449951,0.9935116238064237,0.0,0.0
2,tiki,1,K,bert.encoder.layer.1.attention.self.key,0.001,31,0,0,0,1.0,0.0,0.0,0.0,0.00015029212227091193,1.0,0.0,0.0,9.863616943359375,1.7196154594421387,0.00126266002189368,2.7101455998490565e-05,1.0,1.0,0.0,0.0,0.0078125,0.10686831176280975,1.0,0.0,0.0,-0.045052096247673035,0.0,0.0008439199300482869,0.8076730370521545,0.9935946994357638,0.0,0.0
2,tiki,1,V,bert.encoder.layer.1.attention.self.value,0.001,31,0,0,0,1.0,0.0,0.0,0.0,0.00029450078727677464,1.0,0.0,0.0,9.863616943359375,1.7196154594421387,0.0026800527703016996,4.0674851334188133e-05,1.0,1.0,0.0,0.0,0.013671875,0.13480137288570404,1.0,0.0,0.0,-0.046691253781318665,0.0,0.0008961965795606375,0.8076730370521545,0.9935285780164931,0.0,0.0
2,tiki,1,O,bert.encoder.layer.1.attention.output.dense,0.001,31,0,0,0,1.0,0.0,0.0,0.0,0.00035997771192342043,1.0,0.0,0.0,3.6210179328918457,0.9369217157363892,0.0028330208733677864,0.00015386396262329072,1.0,1.0,0.0,0.0,0.005859375,0.11888094991445541,1.0,0.0,0.0,-0.10399466007947922,0.0,0.0009643418015912175,0.9977138042449951,0.9935980902777778,0.0,0.0
2,tiki,1,FFN1,bert.encoder.layer.1.intermediate.dense,0.001,31,0,0,0,1.0,0.0,0.0,0.0,0.00020854156173299998,1.0,0.0,0.0,63.91975021362305,2.5041656494140625,0.0024377801455557346,2.007924376812298e-05,1.0,1.0,0.0,0.0,0.080078125,0.035736773163080215,1.0,0.0,0.0,-0.02856854349374771,0.0,0.0004782641481142491,0.9977138042449951,0.9942147996690538,0.0,0.0
2,tiki,1,FFN2,bert.encoder.layer.1.output.dense,0.001,31,0,0,0,1.0,0.0,0.0,0.0,0.0001857117167674005,1.0,0.0,0.0,9.944826126098633,0.8184282183647156,0.0024538396392017603,0.00011757047468563542,1.0,1.0,0.0,0.0,0.044921875,0.047291673719882965,1.0,0.0,0.0,-0.1574242264032364,0.0,0.0004142875550314784,0.5701221823692322,0.9955245123969184,0.0,0.0
2,tiki,2,Q,bert.encoder.layer.2.attention.self.query,0.001,31,0,0,0,1.0,0.0,0.0,0.0,0.00014907756121829152,1.0,0.0,0.0,11.22242259979248,1.8716325759887695,0.000708702253177762,2.1418942196760327e-05,1.0,1.0,0.0,0.0,0.013671875,0.07985717803239822,1.0,0.0,0.0,0.0925571396946907,0.0,0.000695063907187432,0.8551832437515259,0.9937659369574653,0.0,0.0
2,tiki,2,K,bert.encoder.layer.2.attention.self.key,0.001,31,0,0,0,1.0,0.0,0.0,0.0,0.0001555928320158273,1.0,0.0,0.0,11.22242259979248,1.8716325759887695,0.001067695440724492,2.4955625121947378e-05,1.0,1.0,0.0,0.0,0.0234375,0.10664577037096024,1.0,0.0,0.0,0.013652627356350422,0.0,0.0007629672763869166,0.8076730370521545,0.993682861328125,0.0,0.0
2,tiki,2,V,bert.encoder.layer.2.attention.self.value,0.001,31,0,0,0,1.0,0.0,0.0,0.0,0.0004248187178745866,1.0,0.0,0.0,11.22242259979248,1.8716325759887695,0.0017284080386161804,5.242609768174589e-05,1.0,1.0,0.0,0.0,0.01171875,0.09833082556724548,1.0,0.0,0.0,0.03204730898141861,0.0,0.0007437963504344225,0.760162889957428,0.9937506781684028,0.0,0.0
2,tiki,2,O,bert.encoder.layer.2.attention.output.dense,0.001,31,0,0,0,1.0,0.0,0.0,0.0,0.00043332509812898934,1.0,0.0,0.0,3.481743335723877,1.1402204036712646,0.002862779423594475,0.00015305612760130316,1.0,1.0,0.0,0.0,0.01953125,0.10165639221668243,1.0,0.0,0.0,-0.06493926048278809,0.0,0.0008032420300878584,0.8076730370521545,0.9936065673828125,0.0,0.0
2,tiki,2,FFN1,bert.encoder.layer.2.intermediate.dense,0.001,31,0,0,0,1.0,0.0,0.0,0.0,0.00019612524192780256,1.0,0.0,0.0,53.25054168701172,2.3725905418395996,0.0024175287690013647,2.2000856915838085e-05,1.0,1.0,0.0,0.0,0.0703125,0.04117807745933533,1.0,0.0,0.0,0.027828039601445198,0.0,0.0004897022154182196,0.6651425361633301,0.994164784749349,0.0,0.0
2,tiki,2,FFN2,bert.encoder.layer.2.output.dense,0.001,31,0,0,0,1.0,0.0,0.0,0.0,0.00017243530601263046,1.0,0.0,0.0,60.814727783203125,0.6738170981407166,0.0030639059841632843,0.0001306678750552237,1.0,1.0,0.0,0.0,0.046875,0.05433247983455658,1.0,0.0,0.0,-0.06445638835430145,0.0,0.000464852579170838,0.9977138042449951,0.9954499138726128,0.0,0.0
2,tiki,3,Q,bert.encoder.layer.3.attention.self.query,0.001,31,0,0,0,1.0,0.0,0.0,0.0,0.00018195956363342702,1.0,0.0,0.0,14.863688468933105,1.8406057357788086,0.001393078244291246,2.431253597023897e-05,1.0,1.0,0.0,0.0,0.0078125,0.10347303003072739,1.0,0.0,0.0,-0.044615525752305984,0.0,0.000744038145057857,0.760162889957428,0.9937116834852431,0.0,0.0
2,tiki,3,K,bert.encoder.layer.3.attention.self.key,0.001,31,0,0,0,1.0,0.0,0.0,0.0,0.00018460839055478573,1.0,0.0,0.0,14.863688468933105,1.8406057357788086,0.0011870728339999914,2.990308348671533e-05,1.0,1.0,0.0,0.0,0.01171875,0.10224920511245728,1.0,0.0,0.0,-0.06248389184474945,0.0,0.0006949832895770669,0.6176323890686035,0.9937896728515625,0.0,0.0
2,tiki,3,V,bert.encoder.layer.3.attention.self.value,0.001,31,0,0,0,1.0,0.0,0.0,0.0,0.00044118124060332775,1.0,0.0,0.0,14.863688468933105,1.8406057357788086,0.0014246635837480426,6.251560989767313e-05,1.0,1.0,0.0,0.0,0.009765625,0.12021775543689728,1.0,0.0,0.0,0.010393048636615276,0.0,0.0008349788840860128,0.8076730370521545,0.9936692979600694,0.0,0.0
2,tiki,3,O,bert.encoder.layer.3.attention.output.dense,0.001,31,0,0,0,1.0,0.0,0.0,0.0,0.0004376360448077321,1.0,0.0,0.0,3.329713821411133,1.0018713474273682,0.004917508456856012,0.00016954622697085142,1.0,1.0,0.0,0.0,0.025390625,0.10038187354803085,1.0,0.0,0.0,0.031671568751335144,0.0,0.000717940041795373,0.950203537940979,0.9938184950086806,0.0,0.0
2,tiki,3,FFN1,bert.encoder.layer.3.intermediate.dense,0.001,31,0,0,0,1.0,0.0,0.0,0.0,0.00022386999626178294,1.0,0.0,0.0,94.29886627197266,2.3555288314819336,0.002265948336571455,2.259051507280674e-05,1.0,1.0,0.0,0.00390625,0.080078125,0.039703041315078735,1.0,0.0,0.0,0.06780236959457397,0.0,0.0004912728327326477,0.9977138042449951,0.9941758049858941,0.0,0.0
2,tiki,3,FFN2,bert.encoder.layer.3.output.dense,0.001,31,0,0,0,1.0,0.0,0.0,0.0,0.0001920500653795898,1.0,0.0,0.0,50.944210052490234,0.6806546449661255,0.003068522782996297,0.00013664290599990636,1.0,1.0,0.0,0.0,0.03515625,0.05647563934326172,1.0,0.0,0.0,-0.09052565693855286,0.0,0.00039900324190966785,0.6176323890686035,0.9955084058973525,0.0,0.0
2,tiki,4,Q,bert.encoder.layer.4.attention.self.query,0.001,31,0,0,0,1.0,0.0,0.0,0.0,0.00021037564147263765,1.0,0.0,0.0,13.17139720916748,1.8374583721160889,0.001515723648481071,2.704303005884867e-05,1.0,1.0,0.0,0.0,0.0234375,0.0856483206152916,1.0,0.0,0.0,0.00925840251147747,0.0,0.0007205980364233255,0.9026933908462524,0.9937354193793403,0.0,0.0
2,tiki,4,K,bert.encoder.layer.4.attention.self.key,0.001,31,0,0,0,1.0,0.0,0.0,0.0,0.00018535024719312787,1.0,0.0,0.0,13.17139720916748,1.8374583721160889,0.001208659028634429,3.4949400287587196e-05,1.0,1.0,0.0,0.0,0.0234375,0.07821666449308395,1.0,0.0,0.0,-0.05411979928612709,0.0,0.0006557556334882975,0.9026933908462524,0.9938574896918403,0.0,0.0
2,tiki,4,V,bert.encoder.layer.4.attention.self.value,0.001,31,0,0,0,1.0,0.0,0.0,0.0,0.0003802684659603983,1.0,0.0,0.0,13.17139720916748,1.8374583721160889,0.0023232116363942623,5.461848195409402e-05,1.0,1.0,0.0,0.0,0.0234375,0.11250998824834824,1.0,0.0,0.0,0.024665601551532745,0.0,0.0008707429515197873,0.9977138042449951,0.9937235514322916,0.0,0.0
2,tiki,4,O,bert.encoder.layer.4.attention.output.dense,0.001,31,0,0,0,1.0,0.0,0.0,0.0,0.0004401489859446883,1.0,0.0,0.0,3.150505781173706,0.9080322980880737,0.004530192818492651,0.00018513528630137444,1.0,1.0,0.0,0.0,0.01953125,0.110930435359478,1.0,0.0,0.0,0.02688060887157917,0.0,0.0008626878843642771,0.9977138042449951,0.9936133490668403,0.0,0.0
2,tiki,4,FFN1,bert.encoder.layer.4.intermediate.dense,0.001,31,0,0,0,1.0,0.0,0.0,0.0,0.00025501649361103773,1.0,0.0,0.0,102.3663330078125,2.251370906829834,0.0024209360126405954,2.48841770371655e-05,1.0,1.0,0.0,0.001953125,0.064453125,0.03782017529010773,1.0,0.0,0.0,0.045153629034757614,0.0,0.0004978778888471425,0.9026933908462524,0.9941389295789931,0.0,0.0
2,tiki,4,FFN2,bert.encoder.layer.4.output.dense,0.001,31,0,0,0,1.0,0.0,0.0,0.0,0.000210479847737588,1.0,0.0,0.0,11.694504737854004,0.6462329030036926,0.0037919736932963133,0.00015377371164504439,1.0,1.0,0.0,0.0,0.02734375,0.057943835854530334,1.0,0.0,0.0,0.04029412195086479,0.0,0.00043613676098175347,0.6651425361633301,0.995452880859375,0.0,0.0
2,tiki,5,Q,bert.encoder.layer.5.attention.self.query,0.001,31,0,0,0,1.0,0.0,0.0,0.0,0.0001991917088162154,1.0,0.0,0.0,14.673239707946777,1.8603746891021729,0.0022932509891688824,2.6330446416977793e-05,1.0,1.0,0.0,0.0,0.02734375,0.08443765342235565,1.0,0.0,0.0,0.0005111730424687266,0.0,0.0006253077299334109,0.9977138042449951,0.9938693576388888,0.0,0.0
2,tiki,5,K,bert.encoder.layer.5.attention.self.key,0.001,31,0,0,0,1.0,0.0,0.0,0.0,0.0002144550671800971,1.0,0.0,0.0,14.673239707946777,1.8603746891021729,0.002138241659849882,3.641763760242611e-05,1.0,1.0,0.0,0.0,0.0390625,0.07565499097108841,1.0,0.0,0.0,-0.0021424998994916677,0.0,0.0006323961424641311,0.7126526832580566,0.9939507378472222,0.0,0.0
2,tiki,5,V,bert.encoder.layer.5.attention.self.value,0.001,31,0,0,0,1.0,0.0,0.0,0.0,0.0003983663918916136,1.0,0.0,0.0,14.673239707946777,1.8603746891021729,0.0026729414239525795,6.590664270333946e-05,1.0,1.0,0.0,0.0,0.015625,0.1136792004108429,1.0,0.0,0.0,-0.00811825506389141,0.0,0.0007462130161002278,0.9977138042449951,0.9938557942708334,0.0,0.0
2,tiki,5,O,bert.encoder.layer.5.attention.output.dense,0.001,31,0,0,0,1.0,0.0,0.0,0.0,0.0004387745284475386,1.0,0.0,0.0,4.086496353149414,0.948202908039093,0.006975061725825071,0.00019866602087859064,1.0,1.0,0.0,0.0,0.01171875,0.1086670458316803,1.0,0.0,0.0,-0.027365708723664284,0.0,0.0007682029972784221,0.9026933908462524,0.9937642415364584,0.0,0.0
2,tiki,5,FFN1,bert.encoder.layer.5.intermediate.dense,0.001,31,0,0,0,1.0,0.0,0.0,0.0,0.0002728319959715009,1.0,0.0,0.0,93.30443572998047,2.2117066383361816,0.00243614730425179,2.6544621505308896e-05,1.0,1.0,0.0,0.0,0.048828125,0.04398997128009796,1.0,0.0,0.0,-0.044796064496040344,0.0,0.000512155587784946,0.8551832437515259,0.9941685994466146,0.0,0.0
2,tiki,5,FFN2,bert.encoder.layer.5.output.dense,0.001,31,0,0,0,1.0,0.0,0.0,0.0,0.00023977301316335797,1.0,0.0,0.0,9.929847717285156,0.6587890982627869,0.004031396936625242,0.00015976620488800108,1.0,1.0,0.0,0.001953125,0.0234375,0.06751395761966705,1.0,0.0,0.0,-0.08962712436914444,0.0,0.000550255470443517,0.9977138042449951,0.9954075283474393,0.0,0.0
2,tiki,6,Q,bert.encoder.layer.6.attention.self.query,0.001,31,0,0,0,1.0,0.0,0.0,0.0,0.00020627619232982397,1.0,0.0,0.0,15.392611503601074,1.891580581665039,0.001143063185736537,2.4855504307197407e-05,1.0,1.0,0.0,0.0,0.01953125,0.06982070952653885,1.0,0.0,0.0,0.002086258726194501,0.0,0.0005981624126434326,0.9977138042449951,0.9939253065321181,0.0,0.0
2,tiki,6,K,bert.encoder.layer.6.attention.self.key,0.001,31,0,0,0,1.0,0.0,0.0,0.0,0.0002285373630002141,1.0,0.0,0.0,15.392611503601074,1.891580581665039,0.0016006414080038667,3.639789792941883e-05,1.0,1.0,0.0,0.0,0.029296875,0.07842200994491577,1.0,0.0,0.0,0.020501872524619102,0.0,0.0006417400436475873,0.9977138042449951,0.9938795301649306,0.0,0.0
2,tiki,6,V,bert.encoder.layer.6.attention.self.value,0.001,31,0,0,0,1.0,0.0,0.0,0.0,0.0005125580937601626,1.0,0.0,0.0,15.392611503601074,1.891580581665039,0.002191689098253846,6.606342503800988e-05,1.0,1.0,0.0,0.0,0.037109375,0.0931667685508728,1.0,0.0,0.0,-0.10560618340969086,0.0,0.0008151634829118848,0.9977138042449951,0.9937693277994791,0.0,0.0
2,tiki,6,O,bert.encoder.layer.6.attention.output.dense,0.001,31,0,0,0,1.0,0.0,0.0,0.0,0.0005381406517699361,1.0,0.0,0.0,3.813187599182129,0.9276846647262573,0.007034037262201309,0.0001928072888404131,1.0,1.0,0.0,0.0,0.017578125,0.13807512819766998,1.0,0.0,0.0,-0.05194859579205513,0.0,0.0010688954498618841,0.9977138042449951,0.9935082329644097,0.0,0.0
2,tiki,6,FFN1,bert.encoder.layer.6.intermediate.dense,0.001,31,0,0,0,1.0,0.0,0.0,0.0,0.00036269077099859715,1.0,0.0,0.0,91.52723693847656,2.1972527503967285,0.003036560956388712,2.704271173570305e-05,1.0,1.0,0.0,0.0,0.04296875,0.04352865368127823,1.0,0.0,0.0,-0.06289349496364594,0.0,0.0005085307639092207,0.9977138042449951,0.9941605461968316,0.0,0.0
2,tiki,6,FFN2,bert.encoder.layer.6.output.dense,0.001,31,0,0,0,1.0,0.0,0.0,0.0,0.0002747071557678282,1.0,0.0,0.0,7.525277137756348,0.6555919647216797,0.0042727733962237835,0.00016505236271768808,1.0,1.0,0.0,0.0,0.02734375,0.08066615462303162,1.0,0.0,0.0,-0.0845586434006691,0.0,0.0005205326597206295,0.760162889957428,0.9952990214029948,0.0,0.0
2,tiki,7,Q,bert.encoder.layer.7.attention.self.query,0.001,31,0,0,0,1.0,0.0,0.0,0.0,0.00018345369608141482,1.0,0.0,0.0,16.020774841308594,1.930288553237915,0.001495622331276536,1.6948411939665675e-05,1.0,1.0,0.0,0.0,0.03125,0.070497527718544,1.0,0.0,0.0,-0.015824230387806892,0.0,0.000592282332945615,0.5701221823692322,0.9938846164279513,0.0,0.0
2,tiki,7,K,bert.encoder.layer.7.attention.self.key,0.001,31,0,0,0,1.0,0.0,0.0,0.0,0.00018408260075375438,1.0,0.0,0.0,16.020774841308594,1.930288553237915,0.0017734107095748186,2.7949623472522944e-05,1.0,1.0,0.0,0.0,0.037109375,0.06131252646446228,1.0,0.0,0.0,-0.0018849611515179276,0.0,0.0005773000884801149,0.6651425361633301,0.993988037109375,0.0,0.0
2,tiki,7,V,bert.encoder.layer.7.attention.self.value,0.001,31,0,0,0,1.0,0.0,0.0,0.0,0.000618611928075552,1.0,0.0,0.0,16.020774841308594,1.930288553237915,0.0029591431375592947,6.398819095920771e-05,1.0,1.0,0.0,0.0,0.03125,0.08362720161676407,1.0,0.0,0.0,0.03488175570964813,0.0,0.0007804464548826218,0.950203537940979,0.9938015407986112,0.0,0.0
2,tiki,7,O,bert.encoder.layer.7.attention.output.dense,0.001,31,0,0,0,1.0,0.0,0.0,0.0,0.00047285782056860626,1.0,0.0,0.0,3.1925160884857178,0.9076191186904907,0.006219368427991867,0.00017924615531228483,1.0,1.0,0.0,0.0,0.0078125,0.1317463517189026,1.0,0.0,0.0,0.011389586143195629,0.0,0.0009199586929753423,0.950203537940979,0.99359130859375,0.0,0.0
2,tiki,7,FFN1,bert.encoder.layer.7.intermediate.dense,0.001,31,0,0,0,1.0,0.0,0.0,0.0,0.0003585560480132699,1.0,0.0,0.0,92.18600463867188,2.1764302253723145,0.005669626407325268,2.4850538466125727e-05,1.0,1.0,0.0,0.0,0.0703125,0.04604189842939377,1.0,0.0,0.0,0.05331376940011978,0.0,0.000505067000631243,0.8551832437515259,0.994156731499566,0.0,0.0
2,tiki,7,FFN2,bert.encoder.layer.7.output.dense,0.001,31,0,0,0,1.0,0.0,0.0,0.0,0.00033178599551320076,1.0,0.0,0.0,7.825742721557617,0.6655721664428711,0.0077153462916612625,0.00015508919022977352,1.0,1.0,0.0,0.0,0.005859375,0.09440365433692932,1.0,0.0,0.0,0.009625867940485477,0.0,0.0006205553072504699,0.9977138042449951,0.9952278137207031,0.0,0.0
2,tiki,8,Q,bert.encoder.layer.8.attention.self.query,0.001,31,0,0,0,1.0,0.0,0.0,0.0,0.00028864454361610115,1.0,0.0,0.0,22.223957061767578,1.8983349800109863,0.004956848919391632,2.0640123693738133e-05,1.0,1.0,0.0,0.0,0.0234375,0.069032222032547,1.0,0.0,0.0,-0.1286095678806305,0.0,0.0005807636771351099,0.5701221823692322,0.9939693874782987,0.0,0.0
2,tiki,8,K,bert.encoder.layer.8.attention.self.key,0.001,31,0,0,0,1.0,0.0,0.0,0.0,0.00025297648971900344,1.0,0.0,0.0,22.223957061767578,1.8983349800109863,0.00210310029797256,4.0131533751264215e-05,1.0,1.0,0.0,0.0,0.033203125,0.07663945853710175,1.0,0.0,0.0,-0.08180825412273407,0.0,0.0006076674326322973,0.760162889957428,0.9939422607421875,0.0,0.0
2,tiki,8,V,bert.encoder.layer.8.attention.self.value,0.001,31,0,0,0,1.0,0.0,0.0,0.0,0.0005290568806231022,1.0,0.0,0.0,22.223957061767578,1.8983349800109863,0.004181793890893459,6.176049646455795e-05,1.0,1.0,0.0,0.0,0.0234375,0.1172298714518547,1.0,0.0,0.0,-0.07437214255332947,0.0,0.0009570922702550888,0.9977138042449951,0.9936150444878472,0.0,0.0
2,tiki,8,O,bert.encoder.layer.8.attention.output.dense,0.001,31,0,0,0,1.0,0.0,0.0,0.0,0.0004947327543050051,1.0,0.0,0.0,3.2655303478240967,0.8805376887321472,0.008188256062567234,0.00016944852541200817,1.0,1.0,0.0,0.0,0.009765625,0.13994958996772766,1.0,0.0,0.0,-0.04690608009696007,0.0,0.000742185628041625,0.760162889957428,0.9937049018012153,0.0,0.0
2,tiki,8,FFN1,bert.encoder.layer.8.intermediate.dense,0.001,31,0,0,0,1.0,0.0,0.0,0.0,0.00037686078576371074,1.0,0.0,0.0,87.22846984863281,2.1441991329193115,0.004557360429316759,1.9835344573948532e-05,1.0,1.0,0.0,0.0,0.072265625,0.041572559624910355,1.0,0.0,0.0,0.14786119759082794,0.0,0.0004918972845189273,0.8076730370521545,0.9942020840115018,0.0,0.0
2,tiki,8,FFN2,bert.encoder.layer.8.output.dense,0.001,31,0,0,0,1.0,0.0,0.0,0.0,0.000291151343844831,1.0,0.0,0.0,15.0272855758667,0.6360853910446167,0.0056596253998577595,0.0001271133660338819,1.0,1.0,0.0,0.0,0.01953125,0.11064809560775757,1.0,0.0,0.0,-0.0544283390045166,0.0,0.0008016108185984194,0.9977138042449951,0.9951239691840278,0.0,0.0
2,tiki,9,Q,bert.encoder.layer.9.attention.self.query,0.001,31,0,0,0,1.0,0.0,0.0,0.0,0.00024331444001290947,1.0,0.0,0.0,28.55023956298828,1.926969051361084,0.0016624504933133721,1.548906584503129e-05,1.0,1.0,0.0,0.0,0.01953125,0.08266322314739227,1.0,0.0,0.0,0.014504029415547848,0.0,0.000666065898258239,0.8076730370521545,0.9938286675347222,0.0,0.0
2,tiki,9,K,bert.encoder.layer.9.attention.self.key,0.001,31,0,0,0,1.0,0.0,0.0,0.0,0.00023844081442803144,1.0,0.0,0.0,28.55023956298828,1.926969051361084,0.0016826025675982237,3.642155206762254e-05,1.0,1.0,0.0,0.0,0.017578125,0.08220762014389038,1.0,0.0,0.0,0.033669084310531616,0.0,0.0006925668567419052,0.9977138042449951,0.9938557942708334,0.0,0.0
2,tiki,9,V,bert.encoder.layer.9.attention.self.value,0.001,31,0,0,0,1.0,0.0,0.0,0.0,0.000578146253246814,1.0,0.0,0.0,28.55023956298828,1.926969051361084,0.0033268139231950045,5.563323065871373e-05,1.0,1.0,0.0,0.0,0.015625,0.12323780357837677,1.0,0.0,0.0,0.102812759578228,0.0,0.0008477859664708376,0.9977138042449951,0.9936608208550347,0.0,0.0
2,tiki,9,O,bert.encoder.layer.9.attention.output.dense,0.001,31,0,0,0,1.0,0.0,0.0,0.0,0.0005989860510453582,1.0,0.0,0.0,3.4118645191192627,0.8316630125045776,0.007475828751921654,9.404912998434156e-05,1.0,1.0,0.0,0.01171875,0.001953125,0.20479007065296173,1.0,0.0,0.0,0.032404493540525436,0.0,0.0017103936988860369,0.9977138042449951,0.9933420817057291,0.0,0.0
2,tiki,9,FFN1,bert.encoder.layer.9.intermediate.dense,0.001,31,0,0,0,1.0,0.0,0.0,0.0,0.00028088424005545676,1.0,0.0,0.0,54.80916976928711,2.126744270324707,0.00710519403219223,1.2546096513688099e-05,1.0,1.0,0.0,0.0,0.052734375,0.048345133662223816,1.0,0.0,0.0,-0.07133625447750092,0.0,0.0005517458193935454,0.950203537940979,0.9940223693847656,0.0,0.0
2,tiki,9,FFN2,bert.encoder.layer.9.output.dense,0.001,31,0,0,0,1.0,0.0,0.0,0.0,0.00029215021640993655,1.0,0.0,0.0,87.43270874023438,0.5118076801300049,0.006994079332798719,8.064294524956495e-05,1.0,1.0,0.0,0.0,0.005859375,0.14072011411190033,1.0,0.0,0.0,0.01539138425141573,0.0,0.0009630934218876064,0.9977138042449951,0.995040045844184,0.0,0.0
2,tiki,10,Q,bert.encoder.layer.10.attention.self.query,0.001,31,0,0,0,1.0,0.0,0.0,0.0,0.00025772704975679517,1.0,0.0,0.0,28.445817947387695,1.9071478843688965,0.002322486601769924,8.019878805498593e-06,1.0,1.0,0.0,0.0,0.033203125,0.0929589718580246,1.0,0.0,0.0,0.05199131742119789,0.0,0.0007091600564308465,0.950203537940979,0.9938066270616319,0.0,0.0
2,tiki,10,K,bert.encoder.layer.10.attention.self.key,0.001,31,0,0,0,1.0,0.0,0.0,0.0,0.00020867653074674308,1.0,0.0,0.0,28.445817947387695,1.9071478843688965,0.0026360151823610067,2.8335522074485198e-05,1.0,1.0,0.0,0.0,0.033203125,0.08038955926895142,1.0,0.0,0.0,-0.05297370254993439,0.0,0.0006435118848457932,0.6651425361633301,0.9938337537977431,0.0,0.0
2,tiki,10,V,bert.encoder.layer.10.attention.self.value,0.001,31,0,0,0,1.0,0.0,0.0,0.0,0.0003983150818385184,1.0,0.0,0.0,28.445817947387695,1.9071478843688965,0.0023394746240228415,9.469637734582648e-05,1.0,1.0,0.0,0.0,0.01953125,0.10605744272470474,1.0,0.0,0.0,-0.060344014316797256,0.0,0.0008027587900869548,0.9977138042449951,0.9937422010633681,0.0,0.0
2,tiki,10,O,bert.encoder.layer.10.attention.output.dense,0.001,31,0,0,0,1.0,0.0,0.0,0.0,0.0004587356233969331,1.0,0.0,0.0,2.86570143699646,0.775018036365509,0.010693716816604137,5.699329631170258e-05,1.0,1.0,0.0,0.013671875,0.009765625,0.19738516211509705,1.0,0.0,0.0,-0.03142924979329109,0.0,0.0013122361851856112,0.9977138042449951,0.9933997260199653,0.0,0.0
2,tiki,10,FFN1,bert.encoder.layer.10.intermediate.dense,0.001,31,0,0,0,1.0,0.0,0.0,0.0,0.00031551034771837294,1.0,0.0,0.0,53.96807861328125,2.1350479125976562,0.004170915577560663,8.83729626366403e-06,1.0,1.0,0.0,0.0,0.052734375,0.04992697760462761,1.0,0.0,0.0,0.015175522305071354,0.0,0.0005699700559489429,0.9977138042449951,0.9940910339355469,0.0,0.0
2,tiki,10,FFN2,bert.encoder.layer.10.output.dense,0.001,31,0,0,0,1.0,0.0,0.0,0.0,0.0002633640542626381,1.0,0.0,0.0,137.41944885253906,0.5191478133201599,0.007129197008907795,5.1731149142142385e-05,1.0,1.0,0.0,0.01171875,0.0078125,0.18033467233181,1.0,0.0,0.0,0.01919678784906864,0.0,0.0013525717658922076,0.9977138042449951,0.9950845506456163,0.0,0.0
2,tiki,11,Q,bert.encoder.layer.11.attention.self.query,0.001,31,0,0,0,1.0,0.0,0.0,0.0,0.0002513561921659857,1.0,0.0,0.0,32.918296813964844,1.8967844247817993,0.006180225405842066,3.0072751542320475e-06,1.0,1.0,0.0,0.0,0.0234375,0.08063902705907822,1.0,0.0,0.0,-0.07951076328754425,0.0,0.000887416594196111,0.9977138042449951,0.9937472873263888,0.0,0.0
2,tiki,11,K,bert.encoder.layer.11.attention.self.key,0.001,31,0,0,0,1.0,0.0,0.0,0.0,0.00022001036268193275,1.0,0.0,0.0,32.918296813964844,1.8967844247817993,0.0013055464951321483,2.621382736833766e-05,1.0,1.0,0.0,0.0,0.03515625,0.07232652604579926,1.0,0.0,0.0,0.004411475732922554,0.0,0.0005716616287827492,0.7126526832580566,0.9939490424262153,0.0,0.0
2,tiki,11,V,bert.encoder.layer.11.attention.self.value,0.001,31,0,0,0,1.0,0.0,0.0,0.0,0.0004233911167830229,1.0,0.0,0.0,32.918296813964844,1.8967844247817993,0.005133954342454672,0.00010381599713582546,1.0,1.0,0.0,0.0,0.0390625,0.11041043698787689,1.0,0.0,0.0,0.0465916283428669,0.0,0.0007282503647729754,0.760162889957428,0.9937930636935763,0.0,0.0
2,tiki,11,O,bert.encoder.layer.11.attention.output.dense,0.001,31,0,0,0,1.0,0.0,0.0,0.0,0.0004695823881775141,1.0,0.0,0.0,5.125914096832275,0.7655971050262451,0.00812943372875452,7.343450852204114e-05,1.0,1.0,0.0,0.021484375,0.005859375,0.23155070841312408,1.0,0.0,0.0,0.10592518001794815,0.0,0.0011349457781761885,0.9977138042449951,0.9938337537977431,0.0,0.0
2,tiki,11,FFN1,bert.encoder.layer.11.intermediate.dense,0.001,31,0,0,0,1.0,0.0,0.0,0.0,0.0004055095778312534,1.0,0.0,0.0,41.74665069580078,1.973344087600708,0.005239679012447596,7.124403055058792e-06,1.0,1.0,0.0,0.0,0.06640625,0.06255772709846497,1.0,0.0,0.0,0.014848727732896805,0.0,0.0006875123362988234,0.9977138042449951,0.9940863715277778,0.0,0.0
2,tiki,11,FFN2,bert.encoder.layer.11.output.dense,0.001,31,0,0,0,1.0,0.0,0.0,0.0,0.00027755668270401657,1.0,0.0,0.0,9.196104049682617,0.6178326606750488,0.008605769835412502,1.728960887703579e-05,1.0,1.0,0.0,0.103515625,0.01171875,0.21626955270767212,1.0,0.0,0.0,0.036366868764162064,0.0,0.0018170808907598257,0.9977138042449951,0.9952714708116319,0.0,0.0
3,tiki,0,Q,bert.encoder.layer.0.attention.self.query,0.001,31,0,0,0,1.0,0.0,0.0,0.0,0.00014081741392146796,1.0,0.0,0.0,12.348464012145996,1.587096929550171,0.0010118153877556324,2.47309981205035e-05,1.0,1.0,0.0,0.0,0.01171875,0.13211871683597565,1.0,0.0,0.0,0.010214735753834248,0.0,0.0013081277720630169,0.950203537940979,0.9911990695529513,0.0,0.0
3,tiki,0,K,bert.encoder.layer.0.attention.self.key,0.001,31,0,0,0,1.0,0.0,0.0,0.0,0.0001360960304737091,1.0,0.0,0.0,12.348464012145996,1.587096929550171,0.0007495075115002692,2.3462405806640163e-05,1.0,1.0,0.0,0.0,0.01171875,0.163366436958313,1.0,0.0,0.0,0.019282346591353416,0.0,0.0015302038518711925,0.9977138042449951,0.9910803900824653,0.0,0.0
3,tiki,0,V,bert.encoder.layer.0.attention.self.value,0.001,31,0,0,0,1.0,0.0,0.0,0.0,0.00032098227529786527,1.0,0.0,0.0,12.348464012145996,1.587096929550171,0.0025025915820151567,4.751918822876178e-05,1.0,1.0,0.0,0.001953125,0.009765625,0.17326873540878296,1.0,0.0,0.0,0.052731819450855255,0.0,0.0015183629002422094,0.9977138042449951,0.9910346137152778,0.0,0.0
3,tiki,0,O,bert.encoder.layer.0.attention.output.dense,0.001,31,0,0,0,1.0,0.0,0.0,0.0,0.0004037108737975359,1.0,0.0,0.0,3.035141706466675,0.7336705923080444,0.00499635748565197,0.00018242470105178654,1.0,1.0,0.0,0.0,0.005859375,0.15230411291122437,1.0,0.0,0.0,0.041327103972435,0.0,0.0012869435595348477,0.9977138042449951,0.991241455078125,0.0,0.0
3,tiki,0,FFN1,bert.encoder.layer.0.intermediate.dense,0.001,31,0,0,0,1.0,0.0,0.0,0.0,0.0002825786068569869,1.0,0.0,0.0,65.91973876953125,2.983285903930664,0.006092628929764032,1.9799175788648427e-05,1.0,1.0,0.0,0.0,0.0546875,0.03716140240430832,1.0,0.0,0.0,-0.011306006461381912,0.0,0.0006436731200665236,0.5701221823692322,0.9922023349338107,0.0,0.0
3,tiki,0,FFN2,bert.encoder.layer.0.output.dense,0.001,31,0,0,0,1.0,0.0,0.0,0.0,0.00022162278764881194,1.0,0.0,0.0,11.318415641784668,1.3516747951507568,0.003984501119703054,0.00012140990293119103,1.0,1.0,0.0,0.0,0.033203125,0.04629770293831825,1.0,0.0,0.0,0.014199202880263329,0.0,0.0004946762346662581,0.8076730370521545,0.9941253662109375,0.0,0.0
3,tiki,1,Q,bert.encoder.layer.1.attention.self.query,0.001,31,0,0,0,1.0,0.0,0.0,0.0,0.0002623068867251277,1.0,0.0,0.0,9.75546932220459,1.6855697631835938,0.00709215784445405,3.324435601825826e-05,1.0,1.0,0.0,0.0,0.01171875,0.1038825511932373,1.0,0.0,0.0,-0.020588187500834465,0.0,0.0012437687255442142,0.9977138042449951,0.9911787245008681,0.0,0.0
3,tiki,1,K,bert.encoder.layer.1.attention.self.key,0.001,31,0,0,0,1.0,0.0,0.0,0.0,0.00020085141295567155,1.0,0.0,0.0,9.75546932220459,1.6855697631835938,0.003078276524320245,3.253874456277117e-05,1.0,1.0,0.0,0.0,0.015625,0.12758755683898926,1.0,0.0,0.0,0.0037762338761240244,0.0,0.0012922596652060747,0.950203537940979,0.9912363688151041,0.0,0.0
3,tiki,1,V,bert.encoder.layer.1.attention.self.value,0.001,31,0,0,0,1.0,0.0,0.0,0.0,0.0003971517435275018,1.0,0.0,0.0,9.75546932220459,1.6855697631835938,0.00897402036935091,4.8192450776696205e-05,1.0,1.0,0.0,0.0,0.009765625,0.14950703084468842,1.0,0.0,0.0,0.021492626518011093,0.0,0.0013567801797762513,0.8551832437515259,0.9911566840277778,0.0,0.0
3,tiki,1,O,bert.encoder.layer.1.attention.output.dense,0.001,31,0,0,0,1.0,0.0,0.0,0.0,0.00041636027162894607,1.0,0.0,0.0,3.224557638168335,0.8354582190513611,0.0053236293606460094,0.00018706146511249244,1.0,1.0,0.0,0.0,0.009765625,0.11066097021102905,1.0,0.0,0.0,0.028695175424218178,0.0,0.001499514328315854,0.9977138042449951,0.9912024603949653,0.0,0.0
3,tiki,1,FFN1,bert.encoder.layer.1.intermediate.dense,0.001,31,0,0,0,1.0,0.0,0.0,0.0,0.00025396081036888063,1.0,0.0,0.0,64.07440948486328,2.479440689086914,0.0037804478779435158,2.24474224523874e-05,1.0,1.0,0.0,0.0,0.068359375,0.037844590842723846,1.0,0.0,0.0,0.06196417286992073,0.0,0.0006909153889864683,0.9977138042449951,0.9921612209743924,0.0,0.0
3,tiki,1,FFN2,bert.encoder.layer.1.output.dense,0.001,31,0,0,0,1.0,0.0,0.0,0.0,0.00023645503097213805,1.0,0.0,0.0,10.868029594421387,0.8885015845298767,0.004007924813777208,0.00014083065616432577,1.0,1.0,0.0,0.0,0.046875,0.05140376836061478,1.0,0.0,0.0,0.01823379658162594,0.0,0.0006448411731980741,0.9026933908462524,0.9938405354817709,0.0,0.0
3,tiki,2,Q,bert.encoder.layer.2.attention.self.query,0.001,31,0,0,0,1.0,0.0,0.0,0.0,0.00018198153702542186,1.0,0.0,0.0,11.194759368896484,1.820223093032837,0.0006598639884032309,2.5425813873880543e-05,1.0,1.0,0.0,0.0,0.029296875,0.08636122196912766,1.0,0.0,0.0,0.010568036697804928,0.0,0.001083072042092681,0.9977138042449951,0.9915228949652778,0.0,0.0
3,tiki,2,K,bert.encoder.layer.2.attention.self.key,0.001,31,0,0,0,1.0,0.0,0.0,0.0,0.00015129914390854537,1.0,0.0,0.0,11.194759368896484,1.820223093032837,0.0007828225498087704,2.707985731831286e-05,1.0,1.0,0.0,0.0,0.02734375,0.10861555486917496,1.0,0.0,0.0,0.06636997312307358,0.0,0.001163702690973878,0.9977138042449951,0.9913770887586806,0.0,0.0
3,tiki,2,V,bert.encoder.layer.2.attention.self.value,0.001,31,0,0,0,1.0,0.0,0.0,0.0,0.00043019047006964684,1.0,0.0,0.0,11.194759368896484,1.820223093032837,0.0020347945392131805,6.169575499370694e-05,1.0,1.0,0.0,0.0,0.013671875,0.09705129265785217,1.0,0.0,0.0,-0.0028512850403785706,0.0,0.0011039343662559986,0.8076730370521545,0.9914889865451388,0.0,0.0
3,tiki,2,O,bert.encoder.layer.2.attention.output.dense,0.001,31,0,0,0,1.0,0.0,0.0,0.0,0.0005269041284918785,1.0,0.0,0.0,3.0805439949035645,1.0827693939208984,0.004641399718821049,0.00018247243133373559,1.0,1.0,0.0,0.0,0.015625,0.09690763056278229,1.0,0.0,0.0,-0.04268700256943703,0.0,0.0013357563875615597,0.950203537940979,0.9911872016059028,0.0,0.0
3,tiki,2,FFN1,bert.encoder.layer.2.intermediate.dense,0.001,31,0,0,0,1.0,0.0,0.0,0.0,0.00023963674902915955,1.0,0.0,0.0,51.807594299316406,2.339608669281006,0.0024140297900885344,2.3979328034329228e-05,1.0,1.0,0.0,0.0,0.078125,0.04113825038075447,1.0,0.0,0.0,0.007177658844739199,0.0,0.000705152633599937,0.9026933908462524,0.9920963711208768,0.0,0.0
3,tiki,2,FFN2,bert.encoder.layer.2.output.dense,0.001,31,0,0,0,1.0,0.0,0.0,0.0,0.00021120370365679264,1.0,0.0,0.0,64.33488464355469,0.6361258029937744,0.006935669109225273,0.00015790382167324424,1.0,1.0,0.0,0.0,0.0234375,0.05467518791556358,1.0,0.0,0.0,0.050074487924575806,0.0,0.000678148353472352,0.9977138042449951,0.9937981499565972,0.0,0.0
3,tiki,3,Q,bert.encoder.layer.3.attention.self.query,0.001,31,0,0,0,1.0,0.0,0.0,0.0,0.00020304316421970725,1.0,0.0,0.0,14.89818286895752,1.7825253009796143,0.001226159860379994,2.7663338187267072e-05,1.0,1.0,0.0,0.0,0.025390625,0.09827489405870438,1.0,0.0,0.0,0.004341848194599152,0.0,0.001161688705906272,0.9026933908462524,0.9913753933376737,0.0,0.0
3,tiki,3,K,bert.encoder.layer.3.attention.self.key,0.001,31,0,0,0,1.0,0.0,0.0,0.0,0.00018109034863300622,1.0,0.0,0.0,14.89818286895752,1.7825253009796143,0.0014537270180881023,3.217429912183434e-05,1.0,1.0,0.0,0.0,0.013671875,0.09187682718038559,1.0,0.0,0.0,0.027838915586471558,0.0,0.0011086061131209135,0.950203537940979,0.9914635552300347,0.0,0.0
3,tiki,3,V,bert.encoder.layer.3.attention.self.value,0.001,31,0,0,0,1.0,0.0,0.0,0.0,0.0004714950337074697,1.0,0.0,0.0,14.89818286895752,1.7825253009796143,0.002073747105896473,7.419990288326517e-05,1.0,1.0,0.0,0.0,0.015625,0.11027178168296814,1.0,0.0,0.0,-0.049225062131881714,0.0,0.0012541597243398428,0.9977138042449951,0.9913533528645834,0.0,0.0
3,tiki,3,O,bert.encoder.layer.3.attention.output.dense,0.001,31,0,0,0,1.0,0.0,0.0,0.0,0.0005018144147470593,1.0,0.0,0.0,3.4582669734954834,0.934933602809906,0.015060318633913994,0.00019673394854180515,1.0,1.0,0.0,0.0,0.025390625,0.09535039216279984,1.0,0.0,0.0,-0.04187098145484924,0.0,0.0010704256128519773,0.950203537940979,0.9915178087022569,0.0,0.0
3,tiki,3,FFN1,bert.encoder.layer.3.intermediate.dense,0.001,31,0,0,0,1.0,0.0,0.0,0.0,0.00025634380290284753,1.0,0.0,0.0,94.23287200927734,2.302125930786133,0.002423270372673869,2.482367926859297e-05,1.0,1.0,0.0,0.00390625,0.05859375,0.04158887639641762,1.0,0.0,0.0,-0.05932706966996193,0.0,0.0007109323632903397,0.9977138042449951,0.9921171400282118,0.0,0.0
3,tiki,3,FFN2,bert.encoder.layer.3.output.dense,0.001,31,0,0,0,1.0,0.0,0.0,0.0,0.00022066061501391232,1.0,0.0,0.0,7.279211521148682,0.7005204558372498,0.004625184927135706,0.000161824282258749,1.0,1.0,0.0,0.0,0.025390625,0.05766158550977707,1.0,0.0,0.0,0.009441880509257317,0.0,0.0006177761824801564,0.7126526832580566,0.993851555718316,0.0,0.0
3,tiki,4,Q,bert.encoder.layer.4.attention.self.query,0.001,31,0,0,0,1.0,0.0,0.0,0.0,0.0002300440100952983,1.0,0.0,0.0,13.36007308959961,1.7806950807571411,0.0016696993261575699,2.9626933610416017e-05,1.0,1.0,0.0,0.0,0.029296875,0.08495071530342102,1.0,0.0,0.0,0.002813242608681321,0.0,0.0010648678289726377,0.9026933908462524,0.9915059407552084,0.0,0.0
3,tiki,4,K,bert.encoder.layer.4.attention.self.key,0.001,31,0,0,0,1.0,0.0,0.0,0.0,0.00022303705918602645,1.0,0.0,0.0,13.36007308959961,1.7806950807571411,0.0017794867744669318,3.733079574885778e-05,1.0,1.0,0.0,0.0,0.033203125,0.08322075754404068,1.0,0.0,0.0,0.05626147985458374,0.0,0.0010031666606664658,0.9026933908462524,0.99163818359375,0.0,0.0
3,tiki,4,V,bert.encoder.layer.4.attention.self.value,0.001,31,0,0,0,1.0,0.0,0.0,0.0,0.0003581724304240197,1.0,0.0,0.0,13.36007308959961,1.7806950807571411,0.002455859212204814,6.133962597232312e-05,1.0,1.0,0.0,0.0,0.025390625,0.11389365792274475,1.0,0.0,0.0,-0.008415747433900833,0.0,0.001264470163732767,0.9977138042449951,0.9914279513888888,0.0,0.0
3,tiki,4,O,bert.encoder.layer.4.attention.output.dense,0.001,31,0,0,0,1.0,0.0,0.0,0.0,0.0005380750517360866,1.0,0.0,0.0,4.158874988555908,0.887747049331665,0.012623674236238003,0.00020717490406241268,1.0,1.0,0.0,0.0,0.0078125,0.11551107466220856,1.0,0.0,0.0,0.028036031872034073,0.0,0.001327218604274094,0.9977138042449951,0.9912618001302084,0.0,0.0
3,tiki,4,FFN1,bert.encoder.layer.4.intermediate.dense,0.001,31,0,0,0,1.0,0.0,0.0,0.0,0.0003082594776060432,1.0,0.0,0.0,102.39904022216797,2.203822612762451,0.0036860599648207426,2.713613139349036e-05,1.0,1.0,0.0,0.001953125,0.08203125,0.0372023805975914,1.0,0.0,0.0,0.06087935343384743,0.0,0.0007239006226882339,0.9026933908462524,0.9920552571614584,0.0,0.0
3,tiki,4,FFN2,bert.encoder.layer.4.output.dense,0.001,31,0,0,0,1.0,0.0,0.0,0.0,0.00026637452538125217,1.0,0.0,0.0,10.67133617401123,0.6832650303840637,0.005288178566843271,0.00017892385949380696,1.0,1.0,0.0,0.0,0.041015625,0.06006649136543274,1.0,0.0,0.0,0.10616271197795868,0.0,0.000682780344504863,0.8076730370521545,0.9937540690104166,0.0,0.0
3,tiki,5,Q,bert.encoder.layer.5.attention.self.query,0.001,31,0,0,0,1.0,0.0,0.0,0.0,0.00020716064318548888,1.0,0.0,0.0,14.636425971984863,1.8060762882232666,0.001435598824173212,2.9649081625393592e-05,1.0,1.0,0.0,0.0,0.0234375,0.08782283961772919,1.0,0.0,0.0,-0.008703537285327911,0.0,0.0009709469159133732,0.9977138042449951,0.9916144476996528,0.0,0.0
3,tiki,5,K,bert.encoder.layer.5.attention.self.key,0.001,31,0,0,0,1.0,0.0,0.0,0.0,0.0002066544839181006,1.0,0.0,0.0,14.636425971984863,1.8060762882232666,0.0012591589475050569,3.913336695404723e-05,1.0,1.0,0.0,0.0,0.025390625,0.08052906394004822,1.0,0.0,0.0,0.0026948542799800634,0.0,0.0009438014822080731,0.7126526832580566,0.9917263454861112,0.0,0.0
3,tiki,5,V,bert.encoder.layer.5.attention.self.value,0.001,31,0,0,0,1.0,0.0,0.0,0.0,0.00044225764577277005,1.0,0.0,0.0,14.636425971984863,1.8060762882232666,0.002603961154818535,7.54794164095074e-05,1.0,1.0,0.0,0.0,0.021484375,0.10390862822532654,1.0,0.0,0.0,-0.03737635537981987,0.0,0.0011296295560896397,0.9977138042449951,0.9915720621744791,0.0,0.0
3,tiki,5,O,bert.encoder.layer.5.attention.output.dense,0.001,31,0,0,0,1.0,0.0,0.0,0.0,0.0005076030502095819,1.0,0.0,0.0,3.7734763622283936,0.9304802417755127,0.005550537258386612,0.00023532574414275587,1.0,1.0,0.0,0.0,0.021484375,0.11610062420368195,1.0,0.0,0.0,-0.057677410542964935,0.0,0.0011978554539382458,0.9026933908462524,0.9914109971788194,0.0,0.0
3,tiki,5,FFN1,bert.encoder.layer.5.intermediate.dense,0.001,31,0,0,0,1.0,0.0,0.0,0.0,0.000335224496666342,1.0,0.0,0.0,92.9789047241211,2.1818273067474365,0.004437919706106186,2.993672387674451e-05,1.0,1.0,0.0,0.001953125,0.05859375,0.04427509754896164,1.0,0.0,0.0,0.05343429744243622,0.0,0.0007495151367038488,0.8551832437515259,0.9920692443847656,0.0,0.0
3,tiki,5,FFN2,bert.encoder.layer.5.output.dense,0.001,31,0,0,0,1.0,0.0,0.0,0.0,0.0002575950638856739,1.0,0.0,0.0,9.224946022033691,0.6381027102470398,0.005035670939832926,0.000192708132090047,1.0,1.0,0.0,0.001953125,0.03125,0.06500233709812164,1.0,0.0,0.0,0.043561361730098724,0.0,0.000851189368404448,0.9977138042449951,0.9936531914605035,0.0,0.0
3,tiki,6,Q,bert.encoder.layer.6.attention.self.query,0.001,31,0,0,0,1.0,0.0,0.0,0.0,0.00025008415104821324,1.0,0.0,0.0,15.649520874023438,1.859175443649292,0.002335761208087206,2.8099380870116875e-05,1.0,1.0,0.0,0.0,0.02734375,0.06963613629341125,1.0,0.0,0.0,-0.016421735286712646,0.0,0.0009330882458016276,0.9977138042449951,0.9917161729600694,0.0,0.0
3,tiki,6,K,bert.encoder.layer.6.attention.self.key,0.001,31,0,0,0,1.0,0.0,0.0,0.0,0.0002483078569639474,1.0,0.0,0.0,15.649520874023438,1.859175443649292,0.0011674922425299883,4.027332761324942e-05,1.0,1.0,0.0,0.0,0.0234375,0.07639391720294952,1.0,0.0,0.0,0.019681112840771675,0.0,0.0009727186989039183,0.9977138042449951,0.9916670057508681,0.0,0.0
3,tiki,6,V,bert.encoder.layer.6.attention.self.value,0.001,31,0,0,0,1.0,0.0,0.0,0.0,0.0005161206936463714,1.0,0.0,0.0,15.649520874023438,1.859175443649292,0.003285352373495698,7.519123755628243e-05,1.0,1.0,0.0,0.0,0.01953125,0.09993728250265121,1.0,0.0,0.0,0.0034969719126820564,0.0,0.0011943918652832508,0.9977138042449951,0.9915008544921875,0.0,0.0
3,tiki,6,O,bert.encoder.layer.6.attention.output.dense,0.001,31,0,0,0,1.0,0.0,0.0,0.0,0.0005680794129148126,1.0,0.0,0.0,3.695056676864624,0.8794708847999573,0.005781218409538269,0.00024261060752905905,1.0,1.0,0.0,0.0,0.013671875,0.14010223746299744,1.0,0.0,0.0,-0.05112753063440323,0.0,0.0017266642535105348,0.9977138042449951,0.9910973442925347,0.0,0.0
3,tiki,6,FFN1,bert.encoder.layer.6.intermediate.dense,0.001,31,0,0,0,1.0,0.0,0.0,0.0,0.0004267707117833197,1.0,0.0,0.0,91.71016693115234,2.1811957359313965,0.004809608682990074,3.147042298223823e-05,1.0,1.0,0.0,0.0,0.046875,0.04737626016139984,1.0,0.0,0.0,-0.048135560005903244,0.0,0.0007525562541559339,0.9977138042449951,0.9920455084906684,0.0,0.0
3,tiki,6,FFN2,bert.encoder.layer.6.output.dense,0.001,31,0,0,0,1.0,0.0,0.0,0.0,0.00030377390794456005,1.0,0.0,0.0,7.591486930847168,0.612474799156189,0.005594395101070404,0.00020809908164665103,1.0,1.0,0.0,0.0,0.03515625,0.0756189301609993,1.0,0.0,0.0,-0.06028693541884422,0.0,0.000871870550327003,0.9977138042449951,0.99352052476671,0.0,0.0
3,tiki,7,Q,bert.encoder.layer.7.attention.self.query,0.001,31,0,0,0,1.0,0.0,0.0,0.0,0.0002347832196392119,1.0,0.0,0.0,16.276872634887695,1.9095045328140259,0.002520275767892599,2.069113361358177e-05,1.0,1.0,0.0,0.0,0.021484375,0.07348276674747467,1.0,0.0,0.0,-0.009444220922887325,0.0,0.0009077152935788035,0.8076730370521545,0.9916314019097222,0.0,0.0
3,tiki,7,K,bert.encoder.layer.7.attention.self.key,0.001,31,0,0,0,1.0,0.0,0.0,0.0,0.00020930735627189279,1.0,0.0,0.0,16.276872634887695,1.9095045328140259,0.0016632209299132228,3.1543924706056714e-05,1.0,1.0,0.0,0.0,0.0234375,0.06396795064210892,1.0,0.0,0.0,-0.05087882652878761,0.0,0.00084835005691275,0.6651425361633301,0.9918467203776041,0.0,0.0
3,tiki,7,V,bert.encoder.layer.7.attention.self.value,0.001,31,0,0,0,1.0,0.0,0.0,0.0,0.0006823170697316527,1.0,0.0,0.0,16.276872634887695,1.9095045328140259,0.0029697453137487173,7.060215284582227e-05,1.0,1.0,0.0,0.0,0.0234375,0.09022338688373566,1.0,0.0,0.0,-0.10521464049816132,-2517.34326171875,0.0011504115536808968,0.9977138042449951,0.9915890163845487,0.0,0.0
3,tiki,7,O,bert.encoder.layer.7.attention.output.dense,0.001,31,0,0,0,1.0,0.0,0.0,0.0,0.0005061137489974499,1.0,0.0,0.0,3.0477919578552246,0.886460542678833,0.005973026156425476,0.00023099292593542486,1.0,1.0,0.0,0.0,0.0078125,0.13353882730007172,1.0,0.0,0.0,-0.03573337942361832,0.0,0.0016679437831044197,0.9977138042449951,0.9911753336588541,0.0,0.0
3,tiki,7,FFN1,bert.encoder.layer.7.intermediate.dense,0.001,31,0,0,0,1.0,0.0,0.0,0.0,0.00035257788840681314,1.0,0.0,0.0,90.02205657958984,2.178128242492676,0.004232639912515879,2.9468776119756512e-05,1.0,1.0,0.0,0.0,0.048828125,0.04501022771000862,1.0,0.0,0.0,0.007324764970690012,0.0,0.0007468775729648769,0.9977138042449951,0.9920548333062066,0.0,0.0
3,tiki,7,FFN2,bert.encoder.layer.7.output.dense,0.001,31,0,0,0,1.0,0.0,0.0,0.0,0.00033349328441545367,1.0,0.0,0.0,7.6100172996521,0.6198415756225586,0.005353845190256834,0.00020246414351277053,1.0,1.0,0.0,0.0,0.0234375,0.09011438488960266,1.0,0.0,0.0,0.00759411184117198,0.0,0.0010612434707581997,0.9977138042449951,0.9934048122829862,0.0,0.0
3,tiki,8,Q,bert.encoder.layer.8.attention.self.query,0.001,31,0,0,0,1.0,0.0,0.0,0.0,0.0002712606219574809,1.0,0.0,0.0,21.44516944885254,1.8912256956100464,0.003848880063742399,2.6646494006854482e-05,1.0,1.0,0.0,0.0,0.029296875,0.0723574161529541,1.0,0.0,0.0,-0.007379613816738129,0.0,0.0008642183966003358,0.950203537940979,0.9917500813802084,0.0,0.0
3,tiki,8,K,bert.encoder.layer.8.attention.self.key,0.001,31,0,0,0,1.0,0.0,0.0,0.0,0.00023510509345214814,1.0,0.0,0.0,21.44516944885254,1.8912256956100464,0.0017836866900324821,4.233321669744328e-05,1.0,1.0,0.0,0.0,0.025390625,0.0783066526055336,1.0,0.0,0.0,0.021948715671896935,0.0,0.0009559646714478731,0.9026933908462524,0.9917195638020834,0.0,0.0
3,tiki,8,V,bert.encoder.layer.8.attention.self.value,0.001,31,0,0,0,1.0,0.0,0.0,0.0,0.0006090764072723687,1.0,0.0,0.0,21.44516944885254,1.8912256956100464,0.0035072793252766132,6.809576007071882e-05,1.0,1.0,0.0,0.0,0.025390625,0.11405271291732788,1.0,0.0,0.0,-0.018184002488851547,0.0,0.0013860196340829134,0.9977138042449951,0.9913618299696181,0.0,0.0
3,tiki,8,O,bert.encoder.layer.8.attention.output.dense,0.001,31,0,0,0,1.0,0.0,0.0,0.0,0.0005225824424996972,1.0,0.0,0.0,3.0747992992401123,0.8560818433761597,0.007022941019386053,0.00023849454009905457,1.0,1.0,0.0,0.00390625,0.017578125,0.12240387499332428,1.0,0.0,0.0,0.0011254369746893644,0.0,0.0013107864651829004,0.9977138042449951,0.9913262261284722,0.0,0.0
3,tiki,8,FFN1,bert.encoder.layer.8.intermediate.dense,0.001,31,0,0,0,1.0,0.0,0.0,0.0,0.00038435347960330546,1.0,0.0,0.0,85.52215576171875,2.1427507400512695,0.005428371485322714,2.5140094294329174e-05,1.0,1.0,0.0,0.0,0.0390625,0.04975022375583649,1.0,0.0,0.0,-0.15366493165493011,0.0,0.0007454275619238615,0.9977138042449951,0.9921031528049045,0.0,0.0
3,tiki,8,FFN2,bert.encoder.layer.8.output.dense,0.001,31,0,0,0,1.0,0.0,0.0,0.0,0.0003095487190876156,1.0,0.0,0.0,22.774578094482422,0.6062740683555603,0.005311053711920977,0.00019017141312360764,1.0,1.0,0.0,0.001953125,0.013671875,0.10559667646884918,1.0,0.0,0.0,0.08492803573608398,0.0,0.0013943969970569015,0.9977138042449951,0.993292490641276,0.0,0.0
3,tiki,9,Q,bert.encoder.layer.9.attention.self.query,0.001,31,0,0,0,1.0,0.0,0.0,0.0,0.0003470427473075688,1.0,0.0,0.0,26.07001304626465,1.9188625812530518,0.0016783489845693111,2.1205312805250287e-05,1.0,1.0,0.0,0.0,0.03125,0.08580713719129562,1.0,0.0,0.0,-0.016196593642234802,0.0,0.0010122688254341483,0.9977138042449951,0.9915822347005209,0.0,0.0
3,tiki,9,K,bert.encoder.layer.9.attention.self.key,0.001,31,0,0,0,1.0,0.0,0.0,0.0,0.0003413959057070315,1.0,0.0,0.0,26.07001304626465,1.9188625812530518,0.002048222115263343,5.1693597924895585e-05,1.0,1.0,0.0,0.0,0.033203125,0.09123240411281586,1.0,0.0,0.0,-0.06306374073028564,0.0,0.0010916105238720775,0.9977138042449951,0.9916246202256944,0.0,0.0
3,tiki,9,V,bert.encoder.layer.9.attention.self.value,0.001,31,0,0,0,1.0,0.0,0.0,0.0,0.0006586691597476602,1.0,0.0,0.0,26.07001304626465,1.9188625812530518,0.0028533085715025663,8.347511175088584e-05,1.0,1.0,0.0,0.0,0.025390625,0.11921916902065277,1.0,0.0,0.0,0.029461177065968513,0.0,0.0012986230431124568,0.9977138042449951,0.9913652208116319,0.0,0.0
3,tiki,9,O,bert.encoder.layer.9.attention.output.dense,0.001,31,0,0,0,1.0,0.0,0.0,0.0,0.0007097329944372177,1.0,0.0,0.0,3.4912774562835693,0.8285281658172607,0.006490364205092192,0.000140617266879417,1.0,1.0,0.0,0.0234375,0.005859375,0.1805117428302765,1.0,0.0,0.0,-0.05863627418875694,0.0,0.0024055372923612595,0.9977138042449951,0.9908921983506944,0.0,0.0
3,tiki,9,FFN1,bert.encoder.layer.9.intermediate.dense,0.001,31,0,0,0,1.0,0.0,0.0,0.0,0.0003484185435809195,1.0,0.0,0.0,55.02948760986328,2.102349281311035,0.00542034488171339,1.6556365153519437e-05,1.0,1.0,0.0,0.0,0.048828125,0.05314797908067703,1.0,0.0,0.0,0.09861909598112106,0.0,0.0008385834516957402,0.9977138042449951,0.9918755425347222,0.0,0.0
3,tiki,9,FFN2,bert.encoder.layer.9.output.dense,0.001,31,0,0,0,1.0,0.0,0.0,0.0,0.0003243266837671399,1.0,0.0,0.0,87.5145263671875,0.5198407769203186,0.006413982715457678,0.00012803805293515325,1.0,1.0,0.0,0.01171875,0.015625,0.12282741069793701,1.0,0.0,0.0,0.058484792709350586,0.0,0.0016705618472769856,0.9977138042449951,0.9932526482476128,0.0,0.0
3,tiki,10,Q,bert.encoder.layer.10.attention.self.query,0.001,31,0,0,0,1.0,0.0,0.0,0.0,0.00030856538796797395,1.0,0.0,0.0,27.951053619384766,1.8998078107833862,0.002711818553507328,1.2175620213383809e-05,1.0,1.0,0.0,0.0,0.033203125,0.09574390202760696,1.0,0.0,0.0,-0.007645308505743742,0.0,0.0011185139883309603,0.9977138042449951,0.9916161431206597,0.0,0.0
3,tiki,10,K,bert.encoder.layer.10.attention.self.key,0.001,31,0,0,0,1.0,0.0,0.0,0.0,0.0002634079137351364,1.0,0.0,0.0,27.951053619384766,1.8998078107833862,0.003091393271461129,3.853795351460576e-05,1.0,1.0,0.0,0.0,0.029296875,0.09086741507053375,1.0,0.0,0.0,0.0315127857029438,0.0,0.0010192764457315207,0.950203537940979,0.9915788438585069,0.0,0.0
3,tiki,10,V,bert.encoder.layer.10.attention.self.value,0.001,31,0,0,0,1.0,0.0,0.0,0.0,0.0005422889953479171,1.0,0.0,0.0,27.951053619384766,1.8998078107833862,0.0035953877959400415,0.0001126909555750899,1.0,1.0,0.0,0.0,0.017578125,0.12596376240253448,1.0,0.0,0.0,-0.05312532186508179,0.0,0.0012783247511833906,0.9977138042449951,0.9914432101779513,0.0,0.0
3,tiki,10,O,bert.encoder.layer.10.attention.output.dense,0.001,31,0,0,0,1.0,0.0,0.0,0.0,0.0006075823912397027,1.0,0.0,0.0,3.413069725036621,0.7423537969589233,0.008111962117254734,0.00010263329022563994,1.0,1.0,0.0,0.025390625,0.009765625,0.1698625683784485,1.0,0.0,0.0,0.06673602014780045,0.0,0.002271986333653331,0.9977138042449951,0.9911295572916666,0.0,0.0
3,tiki,10,FFN1,bert.encoder.layer.10.intermediate.dense,0.001,31,0,0,0,1.0,0.0,0.0,0.0,0.0003090652753598988,1.0,0.0,0.0,46.65992736816406,2.098752975463867,0.009888173080980778,1.2120708561269566e-05,1.0,1.0,0.0,0.0,0.046875,0.048709720373153687,1.0,0.0,0.0,0.04977429285645485,0.0,0.0008467996376566589,0.9977138042449951,0.9919374254014757,0.0,0.0
3,tiki,10,FFN2,bert.encoder.layer.10.output.dense,0.001,31,0,0,0,1.0,0.0,0.0,0.0,0.0002853330224752426,1.0,0.0,0.0,139.25057983398438,0.5039368867874146,0.007132651749998331,9.330481407232583e-05,1.0,1.0,0.0,0.078125,0.009765625,0.11935089528560638,1.0,0.0,0.0,0.007345124147832394,0.0,0.002238236367702484,0.9977138042449951,0.9934107462565104,0.0,0.0
3,tiki,11,Q,bert.encoder.layer.11.attention.self.query,0.001,31,0,0,0,1.0,0.0,0.0,0.0,0.0002951363567262888,1.0,0.0,0.0,31.91162109375,1.879770278930664,0.0022445879876613617,3.4417250844853697e-06,1.0,1.0,0.0,0.0,0.021484375,0.09578842669725418,1.0,0.0,0.0,-0.028002528473734856,0.0,0.001380783854983747,0.9977138042449951,0.9914991590711806,0.0,0.0
3,tiki,11,K,bert.encoder.layer.11.attention.self.key,0.001,31,0,0,0,1.0,0.0,0.0,0.0,0.00027077883714810014,1.0,0.0,0.0,31.91162109375,1.879770278930664,0.0029604691080749035,3.508603185764514e-05,1.0,1.0,0.0,0.0,0.041015625,0.08168519288301468,1.0,0.0,0.0,0.04862716794013977,0.0,0.0009458151762373745,0.9977138042449951,0.9917127821180556,0.0,0.0
3,tiki,11,V,bert.encoder.layer.11.attention.self.value,0.001,31,0,0,0,1.0,0.0,0.0,0.0,0.00043984217336401343,1.0,0.0,0.0,31.91162109375,1.879770278930664,0.0033720822539180517,0.00012184109073132277,1.0,1.0,0.0,0.0,0.025390625,0.11197688430547714,1.0,0.0,0.0,-0.07270713895559311,0.0,0.0011323685757815838,0.9026933908462524,0.9915381537543403,0.0,0.0
3,tiki,11,O,bert.encoder.layer.11.attention.output.dense,0.001,31,0,0,0,1.0,0.0,0.0,0.0,0.0004284412134438753,1.0,0.0,0.0,5.4241251945495605,0.7543779015541077,0.007324457634240389,8.326488023158163e-05,1.0,1.0,0.0,0.03125,0.013671875,0.18158723413944244,1.0,0.0,0.0,-0.010197440162301064,0.0,0.002137307310476899,0.9977138042449951,0.9913363986545138,0.0,0.0
3,tiki,11,FFN1,bert.encoder.layer.11.intermediate.dense,0.001,31,0,0,0,1.0,0.0,0.0,0.0,0.00044997254735790193,1.0,0.0,0.0,41.46966552734375,1.9564273357391357,0.005786337424069643,7.659444236196578e-06,1.0,1.0,0.0,0.001953125,0.076171875,0.05374382063746452,1.0,0.0,0.0,0.03626306727528572,0.0,0.00098729832097888,0.9977138042449951,0.991988288031684,0.0,0.0
3,tiki,11,FFN2,bert.encoder.layer.11.output.dense,0.001,31,0,0,0,1.0,0.0,0.0,0.0,0.0003209206915926188,1.0,0.0,0.0,10.41912841796875,0.5906351208686829,0.006045275367796421,1.8155420548282564e-05,1.0,1.0,0.0,0.279296875,0.0234375,0.10858030617237091,1.0,0.0,0.0,0.005496267694979906,0.0,0.002832249738276005,0.9977138042449951,0.9937922159830729,0.0,0.0
4,tiki,0,Q,bert.encoder.layer.0.attention.self.query,0.001,31,0,0,0,1.0,0.0,0.0,0.0,0.00015508585784118623,1.0,0.0,0.0,12.348464012145996,1.572368860244751,0.0009677568450570107,2.4836836018948816e-05,1.0,1.0,0.0,0.0,0.005859375,0.14749032258987427,1.0,0.0,0.0,0.07685229927301407,0.0,0.0018486976623535156,0.950203537940979,0.9887881808810763,0.0,0.0
4,tiki,0,K,bert.encoder.layer.0.attention.self.key,0.001,31,0,0,0,1.0,0.0,0.0,0.0,0.00014315098815131932,1.0,0.0,0.0,12.348464012145996,1.572368860244751,0.0007996747735887766,2.4828790628816932e-05,1.0,1.0,0.0,0.0,0.009765625,0.164937362074852,1.0,0.0,0.0,-0.038943130522966385,0.0,0.0021150754764676094,0.9977138042449951,0.9886661105685763,0.0,0.0
4,tiki,0,V,bert.encoder.layer.0.attention.self.value,0.001,31,0,0,0,1.0,0.0,0.0,0.0,0.00034964774386025965,1.0,0.0,0.0,12.348464012145996,1.572368860244751,0.0015759295783936977,4.775951674673706e-05,1.0,1.0,0.0,0.0,0.01171875,0.17254365980625153,1.0,0.0,0.0,0.06550917029380798,0.0,0.002287452109158039,0.9977138042449951,0.9885898166232638,0.0,0.0
4,tiki,0,O,bert.encoder.layer.0.attention.output.dense,0.001,31,0,0,0,1.0,0.0,0.0,0.0,0.0004511816368903965,1.0,0.0,0.0,2.8363876342773438,0.711372971534729,0.0037664540577679873,0.00017977750394493341,1.0,1.0,0.0,0.0,0.013671875,0.1480185091495514,1.0,0.0,0.0,-0.0391969196498394,0.0,0.0017997235991060734,0.9977138042449951,0.988861083984375,0.0,0.0
4,tiki,0,FFN1,bert.encoder.layer.0.intermediate.dense,0.001,31,0,0,0,1.0,0.0,0.0,0.0,0.00026200892170891166,1.0,0.0,0.0,62.15902328491211,2.9411096572875977,0.005230627954006195,1.9225672076572664e-05,1.0,1.0,0.0,0.0,0.0546875,0.036447763442993164,1.0,0.0,0.0,0.06680576503276825,0.0,0.0008611978846602142,0.760162889957428,0.9901178148057725,0.0,0.0
4,tiki,0,FFN2,bert.encoder.layer.0.output.dense,0.001,31,0,0,0,1.0,0.0,0.0,0.0,0.00020394730381667614,1.0,0.0,0.0,13.629693984985352,1.451979398727417,0.002715880749747157,0.00011346771498210728,1.0,1.0,0.0,0.0,0.052734375,0.04534779489040375,1.0,0.0,0.0,-0.044282376766204834,0.0,0.0006490701925940812,0.8076730370521545,0.992545657687717,0.0,0.0
4,tiki,1,Q,bert.encoder.layer.1.attention.self.query,0.001,31,0,0,0,1.0,0.0,0.0,0.0,0.00022573347087018192,1.0,0.0,0.0,9.58937931060791,1.6620327234268188,0.0013793772086501122,3.1282936106435955e-05,1.0,1.0,0.0,0.0,0.0078125,0.11117076873779297,1.0,0.0,0.0,-0.01502992957830429,0.0,0.0016918671317398548,0.9977138042449951,0.9888390435112847,0.0,0.0
4,tiki,1,K,bert.encoder.layer.1.attention.self.key,0.001,31,0,0,0,1.0,0.0,0.0,0.0,0.00016688730102032423,1.0,0.0,0.0,9.58937931060791,1.6620327234268188,0.0008213312830775976,3.170104173477739e-05,1.0,1.0,0.0,0.0,0.0078125,0.12367270141839981,1.0,0.0,0.0,-0.07198663800954819,0.0,0.0018397561507299542,0.9977138042449951,0.9888068305121528,0.0,0.0
4,tiki,1,V,bert.encoder.layer.1.attention.self.value,0.001,31,0,0,0,1.0,0.0,0.0,0.0,0.0003693777252919972,1.0,0.0,0.0,9.58937931060791,1.6620327234268188,0.006828073877841234,4.7462475777138025e-05,1.0,1.0,0.0,0.0,0.01171875,0.13712850213050842,1.0,0.0,0.0,-0.01585218869149685,0.0,0.0018536914139986038,0.950203537940979,0.9887966579861112,0.0,0.0
4,tiki,1,O,bert.encoder.layer.1.attention.output.dense,0.001,31,0,0,0,1.0,0.0,0.0,0.0,0.00043379617272876203,1.0,0.0,0.0,3.6488194465637207,0.8126555681228638,0.0038143841084092855,0.00018559282761998475,1.0,1.0,0.0,0.0,0.0078125,0.12061606347560883,1.0,0.0,0.0,-0.09291555732488632,0.0,0.00206183223053813,0.9977138042449951,0.9888068305121528,0.0,0.0
4,tiki,1,FFN1,bert.encoder.layer.1.intermediate.dense,0.001,31,0,0,0,1.0,0.0,0.0,0.0,0.00023672101087868214,1.0,0.0,0.0,61.66975784301758,2.5231666564941406,0.0038838007021695375,2.1349165763240308e-05,1.0,1.0,0.0,0.0,0.091796875,0.033810485154390335,1.0,0.0,0.0,-0.004410353489220142,0.0,0.0009090841631405056,0.9977138042449951,0.990097893608941,0.0,0.0
4,tiki,1,FFN2,bert.encoder.layer.1.output.dense,0.001,31,0,0,0,1.0,0.0,0.0,0.0,0.000228949444135651,1.0,0.0,0.0,10.657866477966309,0.9007230997085571,0.003218374215066433,0.0001393297570757568,1.0,1.0,0.0,0.0,0.0390625,0.04934168606996536,1.0,0.0,0.0,-0.03594808652997017,0.0,0.0009084201301448047,0.9026933908462524,0.9921383327907987,0.0,0.0
4,tiki,2,Q,bert.encoder.layer.2.attention.self.query,0.001,31,0,0,0,1.0,0.0,0.0,0.0,0.00018628305406309664,1.0,0.0,0.0,11.158279418945312,1.7893190383911133,0.0015111559769138694,2.3397189579554833e-05,1.0,1.0,0.0,0.0,0.01953125,0.09234481304883957,1.0,0.0,0.0,0.04961203411221504,0.0,0.001569672953337431,0.9977138042449951,0.9891628689236112,0.0,0.0
4,tiki,2,K,bert.encoder.layer.2.attention.self.key,0.001,31,0,0,0,1.0,0.0,0.0,0.0,0.00016423131455667317,1.0,0.0,0.0,11.158279418945312,1.7893190383911133,0.0009757129591889679,2.559131280577276e-05,1.0,1.0,0.0,0.0,0.01171875,0.106948621571064,1.0,0.0,0.0,0.0676928460597992,0.0,0.0016122034285217524,0.9977138042449951,0.9890068901909722,0.0,0.0
4,tiki,2,V,bert.encoder.layer.2.attention.self.value,0.001,31,0,0,0,1.0,0.0,0.0,0.0,0.0004984114784747362,1.0,0.0,0.0,11.158279418945312,1.7893190383911133,0.0032046849373728037,5.8006757171824574e-05,1.0,1.0,0.0,0.0,0.017578125,0.09019532799720764,1.0,0.0,0.0,0.03558811917901039,0.0,0.0014927478041499853,0.9977138042449951,0.9892171223958334,0.0,0.0
4,tiki,2,O,bert.encoder.layer.2.attention.output.dense,0.001,31,0,0,0,1.0,0.0,0.0,0.0,0.0005270169931463897,1.0,0.0,0.0,3.2803544998168945,1.054534912109375,0.003714646678417921,0.0001787512592272833,1.0,1.0,0.0,0.0,0.021484375,0.10584954917430878,1.0,0.0,0.0,0.030534956604242325,0.0,0.0023643767926841974,0.9977138042449951,0.9887288411458334,0.0,0.0
4,tiki,2,FFN1,bert.encoder.layer.2.intermediate.dense,0.001,31,0,0,0,1.0,0.0,0.0,0.0,0.00026754121063277125,1.0,0.0,0.0,51.31277847290039,2.3409688472747803,0.0025023589842021465,2.366868284298107e-05,1.0,1.0,0.0,0.0,0.064453125,0.039371490478515625,1.0,0.0,0.0,-0.09517049044370651,0.0,0.0009411633363924921,0.9026933908462524,0.9899936252170138,0.0,0.0
4,tiki,2,FFN2,bert.encoder.layer.2.output.dense,0.001,31,0,0,0,1.0,0.0,0.0,0.0,0.0002562575973570347,1.0,0.0,0.0,65.9026107788086,0.6009812951087952,0.0041008018888533115,0.00015212700236588717,1.0,1.0,0.0,0.0,0.033203125,0.053037747740745544,1.0,0.0,0.0,0.09937038272619247,0.0,0.0009274099720641971,0.9977138042449951,0.9920845031738281,0.0,0.0
4,tiki,3,Q,bert.encoder.layer.3.attention.self.query,0.001,31,0,0,0,1.0,0.0,0.0,0.0,0.00019291817443445325,1.0,0.0,0.0,14.947250366210938,1.7428574562072754,0.0015490734949707985,2.7245008823229e-05,1.0,1.0,0.0,0.0,0.0078125,0.09696018695831299,1.0,0.0,0.0,0.06043706089258194,0.0,0.0015878773992881179,0.9026933908462524,0.9890238444010416,0.0,0.0
4,tiki,3,K,bert.encoder.layer.3.attention.self.key,0.001,31,0,0,0,1.0,0.0,0.0,0.0,0.0001883164222817868,1.0,0.0,0.0,14.947250366210938,1.7428574562072754,0.001266704173758626,3.144364382023923e-05,1.0,1.0,0.0,0.0,0.0234375,0.0961533859372139,1.0,0.0,0.0,0.04570390284061432,0.0,0.0015435749664902687,0.950203537940979,0.9891086154513888,0.0,0.0
4,tiki,3,V,bert.encoder.layer.3.attention.self.value,0.001,31,0,0,0,1.0,0.0,0.0,0.0,0.00045963103184476495,1.0,0.0,0.0,14.947250366210938,1.7428574562072754,0.002321431878954172,6.797962851123884e-05,1.0,1.0,0.0,0.0,0.0234375,0.11833667755126953,1.0,0.0,0.0,0.08487311005592346,0.0,0.0018233244773000479,0.9977138042449951,0.9889509412977431,0.0,0.0
4,tiki,3,O,bert.encoder.layer.3.attention.output.dense,0.001,31,0,0,0,1.0,0.0,0.0,0.0,0.0004989223671145737,1.0,0.0,0.0,4.458117485046387,0.8961759805679321,0.007959019392728806,0.00019553027232177556,1.0,1.0,0.0,0.0,0.013671875,0.0946337878704071,1.0,0.0,0.0,-0.0010834599379450083,0.0,0.0014312886632978916,0.950203537940979,0.9892137315538194,0.0,0.0
4,tiki,3,FFN1,bert.encoder.layer.3.intermediate.dense,0.001,31,0,0,0,1.0,0.0,0.0,0.0,0.00030808977317065,1.0,0.0,0.0,94.48664093017578,2.301157236099243,0.004866160452365875,2.4781407773843966e-05,1.0,1.0,0.0,0.001953125,0.0625,0.04129401221871376,1.0,0.0,0.0,0.04230782017111778,0.0,0.0009462384041398764,0.9977138042449951,0.9900131225585938,0.0,0.0
4,tiki,3,FFN2,bert.encoder.layer.3.output.dense,0.001,31,0,0,0,1.0,0.0,0.0,0.0,0.00025541719514876604,1.0,0.0,0.0,53.35032272338867,0.6424499750137329,0.0037708287127316,0.00016055197920650244,1.0,1.0,0.0,0.0,0.025390625,0.05688020959496498,1.0,0.0,0.0,-0.005094784777611494,0.0,0.0008913229685276747,0.9026933908462524,0.9921133253309462,0.0,0.0
4,tiki,4,Q,bert.encoder.layer.4.attention.self.query,0.001,31,0,0,0,1.0,0.0,0.0,0.0,0.0002483401622157544,1.0,0.0,0.0,13.13276481628418,1.742438793182373,0.0012330323224887252,2.8826169000240043e-05,1.0,1.0,0.0,0.0,0.021484375,0.08822068572044373,1.0,0.0,0.0,-0.04427800700068474,0.0,0.0014491708716377616,0.9026933908462524,0.9891611735026041,0.0,0.0
4,tiki,4,K,bert.encoder.layer.4.attention.self.key,0.001,31,0,0,0,1.0,0.0,0.0,0.0,0.00022057282330933958,1.0,0.0,0.0,13.13276481628418,1.742438793182373,0.0015892203664407134,3.750054747797549e-05,1.0,1.0,0.0,0.0,0.01953125,0.08532629162073135,1.0,0.0,0.0,0.034752242267131805,0.0,0.0013828782830387354,0.9026933908462524,0.9893374972873263,0.0,0.0
4,tiki,4,V,bert.encoder.layer.4.attention.self.value,0.001,31,0,0,0,1.0,0.0,0.0,0.0,0.00043707399163395166,1.0,0.0,0.0,13.13276481628418,1.742438793182373,0.0034659295342862606,5.9833109844475985e-05,1.0,1.0,0.0,0.0,0.009765625,0.12869088351726532,1.0,0.0,0.0,0.011237088590860367,0.0,0.0018433814402669668,0.9977138042449951,0.9890119764539931,0.0,0.0
4,tiki,4,O,bert.encoder.layer.4.attention.output.dense,0.001,31,0,0,0,1.0,0.0,0.0,0.0,0.0005139271961525083,1.0,0.0,0.0,3.018129587173462,0.8746809959411621,0.007118191570043564,0.00020136513921897858,1.0,1.0,0.0,0.0,0.009765625,0.11806125938892365,1.0,0.0,0.0,-0.0567810982465744,0.0,0.0019986818078905344,0.9977138042449951,0.9888526068793403,0.0,0.0
4,tiki,4,FFN1,bert.encoder.layer.4.intermediate.dense,0.001,31,0,0,0,1.0,0.0,0.0,0.0,0.0003415882820263505,1.0,0.0,0.0,102.02027893066406,2.156183958053589,0.002499102149158716,2.594577381387353e-05,1.0,1.0,0.0,0.001953125,0.0703125,0.03102736547589302,1.0,0.0,0.0,0.08861102908849716,0.0,0.0009631135617382824,0.9026933908462524,0.9899347093370225,0.0,0.0
4,tiki,4,FFN2,bert.encoder.layer.4.output.dense,0.001,31,0,0,0,1.0,0.0,0.0,0.0,0.00024874007795006037,1.0,0.0,0.0,43.61299133300781,0.6247438788414001,0.004378086421638727,0.00017224924522452056,1.0,1.0,0.0,0.0,0.01953125,0.05862419307231903,1.0,0.0,0.0,-0.04442917928099632,0.0,0.0009880228899419308,0.9977138042449951,0.9920247395833334,0.0,0.0
4,tiki,5,Q,bert.encoder.layer.5.attention.self.query,0.001,31,0,0,0,1.0,0.0,0.0,0.0,0.00022816145792603493,1.0,0.0,0.0,14.671034812927246,1.7485888004302979,0.0018916471162810922,2.796192347886972e-05,1.0,1.0,0.0,0.0,0.01953125,0.08483140915632248,1.0,0.0,0.0,0.08146888017654419,0.0,0.0013438923051580787,0.9977138042449951,0.9893001980251737,0.0,0.0
4,tiki,5,K,bert.encoder.layer.5.attention.self.key,0.001,31,0,0,0,1.0,0.0,0.0,0.0,0.0002243135095341131,1.0,0.0,0.0,14.671034812927246,1.7485888004302979,0.0013840305618941784,3.7580721254926175e-05,1.0,1.0,0.0,0.0,0.02734375,0.08430136740207672,1.0,0.0,0.0,0.11334791779518127,0.0,0.0012973344419151545,0.8551832437515259,0.9894205729166666,0.0,0.0
4,tiki,5,V,bert.encoder.layer.5.attention.self.value,0.001,31,0,0,0,1.0,0.0,0.0,0.0,0.00040054298005998135,1.0,0.0,0.0,14.671034812927246,1.7485888004302979,0.0026307289954274893,6.935057899681851e-05,1.0,1.0,0.0,0.0,0.025390625,0.10593438148498535,1.0,0.0,0.0,0.08725932240486145,0.0,0.0015890048816800117,0.9977138042449951,0.9892408582899306,0.0,0.0
4,tiki,5,O,bert.encoder.layer.5.attention.output.dense,0.001,31,0,0,0,1.0,0.0,0.0,0.0,0.0004829297249671072,1.0,0.0,0.0,3.965928077697754,0.8749716281890869,0.006355790421366692,0.00022061335039325058,1.0,1.0,0.0,0.001953125,0.017578125,0.10757045447826385,1.0,0.0,0.0,-0.011098294518887997,0.0,0.0017288393573835492,0.9977138042449951,0.9890374077690972,0.0,0.0
4,tiki,5,FFN1,bert.encoder.layer.5.intermediate.dense,0.001,31,0,0,0,1.0,0.0,0.0,0.0,0.00034166956902481616,1.0,0.0,0.0,93.15982818603516,2.1283178329467773,0.0035270489752292633,2.8010663299937733e-05,1.0,1.0,0.0,0.0,0.05859375,0.03985007852315903,1.0,0.0,0.0,0.0522506944835186,0.0,0.0010038713226094842,0.950203537940979,0.9899253845214844,0.0,0.0
4,tiki,5,FFN2,bert.encoder.layer.5.output.dense,0.001,31,0,0,0,1.0,0.0,0.0,0.0,0.0002886646834667772,1.0,0.0,0.0,10.268982887268066,0.6016900539398193,0.004733858164399862,0.00017673155525699258,1.0,1.0,0.0,0.001953125,0.029296875,0.06629997491836548,1.0,0.0,0.0,0.005421450361609459,0.0,0.0011840206570923328,0.9977138042449951,0.9919094509548612,0.0,0.0
4,tiki,6,Q,bert.encoder.layer.6.attention.self.query,0.001,31,0,0,0,1.0,0.0,0.0,0.0,0.0002375137119088322,1.0,0.0,0.0,15.46652603149414,1.791811227798462,0.0033018814865499735,2.5298706532339565e-05,1.0,1.0,0.0,0.0,0.03125,0.06865914165973663,1.0,0.0,0.0,0.0007862885249778628,0.0,0.0013151359744369984,0.9977138042449951,0.9894137912326388,0.0,0.0
4,tiki,6,K,bert.encoder.layer.6.attention.self.key,0.001,31,0,0,0,1.0,0.0,0.0,0.0,0.00020260020392015576,1.0,0.0,0.0,15.46652603149414,1.791811227798462,0.002051028423011303,3.4901830076705664e-05,1.0,1.0,0.0,0.0,0.021484375,0.07222066819667816,1.0,0.0,0.0,-0.02666577696800232,0.0,0.0013190022436901927,0.9977138042449951,0.9893764919704862,0.0,0.0
4,tiki,6,V,bert.encoder.layer.6.attention.self.value,0.001,31,0,0,0,1.0,0.0,0.0,0.0,0.000497369677759707,1.0,0.0,0.0,15.46652603149414,1.791811227798462,0.002706535393372178,6.28115376457572e-05,1.0,1.0,0.0,0.0,0.03125,0.08582822233438492,1.0,0.0,0.0,-0.009884842671453953,0.0,0.0016421678010374308,0.9977138042449951,0.9891272650824653,0.0,0.0
4,tiki,6,O,bert.encoder.layer.6.attention.output.dense,0.001,31,0,0,0,1.0,0.0,0.0,0.0,0.0004985604900866747,1.0,0.0,0.0,4.005560874938965,0.8447695374488831,0.005883305333554745,0.00022142831585370004,1.0,1.0,0.0,0.001953125,0.017578125,0.11781148612499237,1.0,0.0,0.0,0.05934486538171768,0.0,0.002470058389008045,0.9977138042449951,0.9886728922526041,0.0,0.0
4,tiki,6,FFN1,bert.encoder.layer.6.intermediate.dense,0.001,31,0,0,0,1.0,0.0,0.0,0.0,0.00038990151369944215,1.0,0.0,0.0,92.99546813964844,2.1202502250671387,0.003884410485625267,2.920299448305741e-05,1.0,1.0,0.0,0.0,0.0546875,0.0457831546664238,1.0,0.0,0.0,0.0023733323905617,0.0,0.0010139000369235873,0.9977138042449951,0.9898910522460938,0.0,0.0
4,tiki,6,FFN2,bert.encoder.layer.6.output.dense,0.001,31,0,0,0,1.0,0.0,0.0,0.0,0.00030853511998429894,1.0,0.0,0.0,7.771520614624023,0.5882282257080078,0.0052598752081394196,0.00018684750830288976,1.0,1.0,0.0,0.0,0.017578125,0.07591067254543304,1.0,0.0,0.0,0.05444153770804405,0.0,0.001258871634490788,0.9977138042449951,0.9917356703016493,0.0,0.0
4,tiki,7,Q,bert.encoder.layer.7.attention.self.query,0.001,31,0,0,0,1.0,0.0,0.0,0.0,0.0002352100855205208,1.0,0.0,0.0,16.40635108947754,1.8429094552993774,0.0023106769658625126,2.0879013391095214e-05,1.0,1.0,0.0,0.0,0.0390625,0.07022295892238617,1.0,0.0,0.0,-0.021544169634580612,0.0,0.0012837214162573218,0.950203537940979,0.9893341064453125,0.0,0.0
4,tiki,7,K,bert.encoder.layer.7.attention.self.key,0.001,31,0,0,0,1.0,0.0,0.0,0.0,0.00018409067706670612,1.0,0.0,0.0,16.40635108947754,1.8429094552993774,0.0017860615625977516,3.436476981732994e-05,1.0,1.0,0.0,0.0,0.044921875,0.0557204931974411,1.0,0.0,0.0,-0.006466730497777462,0.0,0.0011695019202306867,0.8076730370521545,0.9895985921223959,0.0,0.0
4,tiki,7,V,bert.encoder.layer.7.attention.self.value,0.001,31,0,0,0,1.0,0.0,0.0,0.0,0.0005923432763665915,1.0,0.0,0.0,16.40635108947754,1.8429094552993774,0.0027634636498987675,7.250841008499265e-05,1.0,1.0,0.0,0.00390625,0.025390625,0.0826437845826149,1.0,0.0,0.0,-0.2560312747955322,0.0,0.0016092233126983047,0.9977138042449951,0.9892662896050347,0.0,0.0
4,tiki,7,O,bert.encoder.layer.7.attention.output.dense,0.001,31,0,0,0,1.0,0.0,0.0,0.0,0.0005762267392128706,1.0,0.0,0.0,2.9351181983947754,0.8557075262069702,0.0062005771324038506,0.0002290469128638506,1.0,1.0,0.0,0.00390625,0.017578125,0.13042066991329193,1.0,0.0,0.0,0.03157096356153488,0.0,0.0023646994959563017,0.9977138042449951,0.9887542724609375,0.0,0.0
4,tiki,7,FFN1,bert.encoder.layer.7.intermediate.dense,0.001,31,0,0,0,1.0,0.0,0.0,0.0,0.0003577961470000446,1.0,0.0,0.0,91.92086029052734,2.1145012378692627,0.004281491041183472,2.869181116693653e-05,1.0,1.0,0.0,0.0,0.06640625,0.043810904026031494,1.0,0.0,0.0,-0.0003230307484045625,0.0,0.001025036326609552,0.9977138042449951,0.9898524814181857,0.0,0.0
4,tiki,7,FFN2,bert.encoder.layer.7.output.dense,0.001,31,0,0,0,1.0,0.0,0.0,0.0,0.00036112620728090405,1.0,0.0,0.0,7.688106536865234,0.6078621745109558,0.005692000966519117,0.0001923184609040618,1.0,1.0,0.0,0.001953125,0.013671875,0.08616255223751068,1.0,0.0,0.0,-0.005505384411662817,0.0,0.0015410175547003746,0.9977138042449951,0.9915902879503038,0.0,0.0
4,tiki,8,Q,bert.encoder.layer.8.attention.self.query,0.001,31,0,0,0,1.0,0.0,0.0,0.0,0.00033255177550017834,1.0,0.0,0.0,21.043344497680664,1.830284833908081,0.0033198329620063305,2.347689587622881e-05,1.0,1.0,0.0,0.0,0.029296875,0.06759454309940338,1.0,0.0,0.0,-0.08845510333776474,0.0,0.0012043800670653582,0.950203537940979,0.9894510904947916,0.0,0.0
4,tiki,8,K,bert.encoder.layer.8.attention.self.key,0.001,31,0,0,0,1.0,0.0,0.0,0.0,0.0002756138565018773,1.0,0.0,0.0,21.043344497680664,1.830284833908081,0.002372938673943281,4.334172626840882e-05,1.0,1.0,0.0,0.0,0.025390625,0.07363338768482208,1.0,0.0,0.0,-0.05391833558678627,0.0,0.0013425229117274284,0.9026933908462524,0.9894358317057291,0.0,0.0
4,tiki,8,V,bert.encoder.layer.8.attention.self.value,0.001,31,0,0,0,1.0,0.0,0.0,0.0,0.0005123718874529004,1.0,0.0,0.0,21.043344497680664,1.830284833908081,0.0034981905482709408,6.506401405204087e-05,1.0,1.0,0.0,0.0,0.025390625,0.10748022794723511,1.0,0.0,0.0,0.016206132248044014,0.0,0.001984101952984929,0.9977138042449951,0.9889509412977431,0.0,0.0
4,tiki,8,O,bert.encoder.layer.8.attention.output.dense,0.001,31,0,0,0,1.0,0.0,0.0,0.0,0.0005286156665533781,1.0,0.0,0.0,3.509645462036133,0.866813063621521,0.007370915729552507,0.00020225762273184955,1.0,1.0,0.0,0.005859375,0.021484375,0.12722910940647125,1.0,0.0,0.0,0.010971763171255589,0.0,0.002042902633547783,0.9977138042449951,0.9889272054036459,0.0,0.0
4,tiki,8,FFN1,bert.encoder.layer.8.intermediate.dense,0.001,31,0,0,0,1.0,0.0,0.0,0.0,0.00037922096089459956,1.0,0.0,0.0,87.64872741699219,2.077923059463501,0.005069032311439514,2.2201198589755222e-05,1.0,1.0,0.0,0.0,0.05859375,0.04485693946480751,1.0,0.0,0.0,-0.021242322400212288,0.0,0.0009998641908168793,0.9977138042449951,0.9899465772840712,0.0,0.0
4,tiki,8,FFN2,bert.encoder.layer.8.output.dense,0.001,31,0,0,0,1.0,0.0,0.0,0.0,0.0003348981845192611,1.0,0.0,0.0,22.356094360351562,0.5864453911781311,0.006557372398674488,0.0001553161273477599,1.0,1.0,0.0,0.0078125,0.0078125,0.09913930296897888,1.0,0.0,0.0,0.06148523837327957,0.0,0.002108108252286911,0.9977138042449951,0.9914830525716146,0.0,0.0
4,tiki,9,Q,bert.encoder.layer.9.attention.self.query,0.001,31,0,0,0,1.0,0.0,0.0,0.0,0.0003341935807839036,1.0,0.0,0.0,26.74677085876465,1.8545432090759277,0.00371610838919878,1.9271006749477237e-05,1.0,1.0,0.0,0.0,0.02734375,0.08804678916931152,1.0,0.0,0.0,0.06255371868610382,0.0,0.001389321987517178,0.9977138042449951,0.9893290201822916,0.0,0.0
4,tiki,9,K,bert.encoder.layer.9.attention.self.key,0.001,31,0,0,0,1.0,0.0,0.0,0.0,0.00031066604424268007,1.0,0.0,0.0,26.74677085876465,1.8545432090759277,0.0029096000362187624,4.549457662506029e-05,1.0,1.0,0.0,0.0,0.02734375,0.08486289530992508,1.0,0.0,0.0,0.00030993041582405567,0.0,0.001481632236391306,0.9977138042449951,0.9893120659722222,0.0,0.0
4,tiki,9,V,bert.encoder.layer.9.attention.self.value,0.001,31,0,0,0,1.0,0.0,0.0,0.0,0.0005302834906615317,1.0,0.0,0.0,26.74677085876465,1.8545432090759277,0.003019826952368021,7.637817179784179e-05,1.0,1.0,0.0,0.0,0.021484375,0.11397090554237366,1.0,0.0,0.0,-0.0006607878021895885,0.0,0.001909109647385776,0.9977138042449951,0.9889814588758681,0.0,0.0
4,tiki,9,O,bert.encoder.layer.9.attention.output.dense,0.001,31,0,0,0,1.0,0.0,0.0,0.0,0.0006110732210800052,1.0,0.0,0.0,3.0923609733581543,0.8450568318367004,0.008377347141504288,0.00012723336112685502,1.0,1.0,0.0,0.03515625,0.009765625,0.16778740286827087,1.0,0.0,0.0,-0.040048107504844666,0.0,0.003278374206274748,0.9977138042449951,0.9884202745225694,0.0,0.0
4,tiki,9,FFN1,bert.encoder.layer.9.intermediate.dense,0.001,31,0,0,0,1.0,0.0,0.0,0.0,0.0003479685401543975,1.0,0.0,0.0,56.249351501464844,2.0630669593811035,0.006118946708738804,1.4746223314432427e-05,1.0,1.0,0.0,0.0,0.05078125,0.05179368332028389,1.0,0.0,0.0,-0.02301885187625885,0.0,0.0011549432529136539,0.9977138042449951,0.9896532694498698,0.0,0.0
4,tiki,9,FFN2,bert.encoder.layer.9.output.dense,0.001,31,0,0,0,1.0,0.0,0.0,0.0,0.00038734482950530946,1.0,0.0,0.0,90.59884643554688,0.46751201152801514,0.008472585119307041,0.00011343692312948406,1.0,1.0,0.0,0.056640625,0.01953125,0.10170954465866089,1.0,0.0,0.0,-0.04302395135164261,0.0,0.0024437590036541224,0.9977138042449951,0.9914991590711806,0.0,0.0
4,tiki,10,Q,bert.encoder.layer.10.attention.self.query,0.001,31,0,0,0,1.0,0.0,0.0,0.0,0.000246602576225996,1.0,0.0,0.0,28.133756637573242,1.8372089862823486,0.002467038342729211,1.0940204447251745e-05,1.0,1.0,0.0,0.0,0.025390625,0.09222082793712616,1.0,0.0,0.0,-0.041708335280418396,0.0,0.001603664830327034,0.9977138042449951,0.9892951117621528,0.0,0.0
4,tiki,10,K,bert.encoder.layer.10.attention.self.key,0.001,31,0,0,0,1.0,0.0,0.0,0.0,0.0002129956556018442,1.0,0.0,0.0,28.133756637573242,1.8372089862823486,0.0015070640947669744,3.169888077536598e-05,1.0,1.0,0.0,0.0,0.025390625,0.08440166711807251,1.0,0.0,0.0,0.07330603897571564,0.0,0.0014395047910511494,0.9977138042449951,0.9892679850260416,0.0,0.0
4,tiki,10,V,bert.encoder.layer.10.attention.self.value,0.001,31,0,0,0,1.0,0.0,0.0,0.0,0.000454510300187394,1.0,0.0,0.0,28.133756637573242,1.8372089862823486,0.002007092582061887,0.00010140752419829369,1.0,1.0,0.0,0.001953125,0.017578125,0.11506035923957825,1.0,0.0,0.0,-0.04119054600596428,0.0,0.0019282805733382702,0.9977138042449951,0.989044189453125,0.0,0.0
4,tiki,10,O,bert.encoder.layer.10.attention.output.dense,0.001,31,0,0,0,1.0,0.0,0.0,0.0,0.0004874949809163809,1.0,0.0,0.0,3.3367292881011963,0.7832019925117493,0.009361940436065197,8.342217188328505e-05,1.0,1.0,0.0,0.037109375,0.015625,0.16679120063781738,1.0,0.0,0.0,-0.07402607053518295,0.0,0.0032467993441969156,0.9977138042449951,0.9887135823567709,0.0,0.0
4,tiki,10,FFN1,bert.encoder.layer.10.intermediate.dense,0.001,31,0,0,0,1.0,0.0,0.0,0.0,0.0003898957511410117,1.0,0.0,0.0,51.4804573059082,2.0443830490112305,0.006197770591825247,1.047972637024941e-05,1.0,1.0,0.0,0.0,0.04296875,0.05101165175437927,1.0,0.0,0.0,-0.030722275376319885,0.0,0.0011934259673580527,0.9977138042449951,0.9897062513563368,0.0,0.0
4,tiki,10,FFN2,bert.encoder.layer.10.output.dense,0.001,31,0,0,0,1.0,0.0,0.0,0.0,0.00026828888803720474,1.0,0.0,0.0,133.4261932373047,0.4645468592643738,0.008041506633162498,7.573684706585482e-05,1.0,1.0,0.0,0.16796875,0.013671875,0.09350263327360153,1.0,0.0,0.0,0.0684577077627182,0.0,0.003157168859615922,0.9977138042449951,0.9917030334472656,0.0,0.0
4,tiki,11,Q,bert.encoder.layer.11.attention.self.query,0.001,31,0,0,0,1.0,0.0,0.0,0.0,0.00026981584960594773,1.0,0.0,0.0,32.45100402832031,1.8125896453857422,0.0020706672221422195,3.045844550797483e-06,1.0,1.0,0.0,0.0,0.03125,0.08980967104434967,1.0,0.0,0.0,0.15588410198688507,0.0,0.001864082645624876,0.9977138042449951,0.9891696506076388,0.0,0.0
4,tiki,11,K,bert.encoder.layer.11.attention.self.key,0.001,31,0,0,0,1.0,0.0,0.0,0.0,0.00023858313215896487,1.0,0.0,0.0,32.45100402832031,1.8125896453857422,0.0010942290537059307,3.365985321579501e-05,1.0,1.0,0.0,0.0,0.044921875,0.07844426482915878,1.0,0.0,0.0,-0.04871678724884987,0.0,0.0013359177391976118,0.9977138042449951,0.9894205729166666,0.0,0.0
4,tiki,11,V,bert.encoder.layer.11.attention.self.value,0.001,31,0,0,0,1.0,0.0,0.0,0.0,0.0004891665885224938,1.0,0.0,0.0,32.45100402832031,1.8125896453857422,0.0026802606880664825,0.000125569524243474,1.0,1.0,0.0,0.0,0.037109375,0.11980802565813065,1.0,0.0,0.0,-0.043884046375751495,0.0,0.0017660531448200345,0.9977138042449951,0.9891526963975694,0.0,0.0
4,tiki,11,O,bert.encoder.layer.11.attention.output.dense,0.001,31,0,0,0,1.0,0.0,0.0,0.0,0.00046352879144251347,1.0,0.0,0.0,3.4769794940948486,0.7615280151367188,0.00896597933024168,7.816415745764971e-05,1.0,1.0,0.0,0.044921875,0.01171875,0.17536988854408264,1.0,0.0,0.0,-0.013055596500635147,0.0,0.0029784077778458595,0.9977138042449951,0.9890001085069444,0.0,0.0
4,tiki,11,FFN1,bert.encoder.layer.11.intermediate.dense,0.001,31,0,0,0,1.0,0.0,0.0,0.0,0.00043384000309742987,1.0,0.0,0.0,41.526058197021484,1.899505376815796,0.005933365784585476,7.184474270616192e-06,1.0,1.0,0.0,0.0,0.0859375,0.05424927547574043,1.0,0.0,0.0,-0.06512061506509781,0.0,0.001414010883308947,0.9977138042449951,0.9898240831163194,0.0,0.0
4,tiki,11,FFN2,bert.encoder.layer.11.output.dense,0.001,31,0,0,0,1.0,0.0,0.0,0.0,0.0003520321333780885,1.0,0.0,0.0,8.78312873840332,0.5376074314117432,0.0077669271267950535,1.7865124391391873e-05,1.0,1.0,0.0,0.3828125,0.02734375,0.06743104755878448,1.0,0.0,0.0,0.026602113619446754,0.0,0.003846290986984968,0.9977138042449951,0.9923934936523438,0.0,0.0
