figure_id,run_tag,layer_name,layer_idx,sublayer,variant,dac_bits,adc_bits,inp_bound,inp_res,res_ratio,step_size,nm_thres,sto_round,EZR,QZR_all,QZR_nonzero,ODR,cosine_sim,l2_retention,rel_l2_error,clip_rate_scaled,ratio_q50,ratio_q90,ratio_q99,p_clip,absmax_q50,absmax_q90,absmax_q99,absmax_q999,EZR_pad,QZR_all_pad,task,seed
D,glue_v1,bert.encoder.layer.0.intermediate.dense,0,FFN1,baseline,7,9,1.0,0.007936507936507936,0.007936507936507936,0.015873015873015872,0.0,False,0.0005802255142771173,0.5657011285424233,0.5654492869973182,197.3798751068115,0.9973963490128517,1.0020142143964768,0.07005019430071116,0.0,0.005757293517235667,0.04387130381539464,0.2891207091510296,0.0,9.03243204629689e-05,0.0002954280171979917,0.0008168819594720845,0.0012754639545164536,0.3590212417766452,0.7214187055826187,cola,43
D,glue_v1,bert.encoder.layer.0.output.dense,0,FFN2,baseline,7,9,1.0,0.007936507936507936,0.007936507936507936,0.015873015873015872,0.0,False,0.10003966841846705,0.12061087410897016,0.022857897439971565,6.102350928783417,0.9998674938082694,1.0001325365900993,0.016109184981323778,0.0,0.16552395783364773,0.4640937246382236,0.7701402175426483,0.0,7.889650740253274e-05,0.00022620892406848724,0.00043664829769113567,0.0006112785058212467,0.4228167597204447,0.4360056775808334,cola,43
D,glue_v1,bert.encoder.layer.0.attention.self.key,0,K,baseline,7,9,1.0,0.007936507936507936,0.007936507936507936,0.015873015873015872,0.0,False,0.0,0.10303287629038095,0.10303287629038095,20.9853316783905,0.9994589734077454,1.0005314886569976,0.031846342319622634,0.0,0.05556146139279008,0.2376530923694372,0.6023638191819191,0.0,5.3177343670540725e-05,0.00014963365600124235,0.000349115309654735,0.0004710381702534505,0.35864911451935766,0.42480771005153656,cola,43
D,glue_v1,bert.encoder.layer.0.attention.output.dense,0,O,baseline,7,9,1.0,0.007936507936507936,0.007936507936507936,0.015873015873015872,0.0,False,0.10015689361840487,0.12049019433557988,0.022596539380028844,6.066097214221954,0.9998672601580619,1.0001326474547385,0.01611715373583138,0.0,0.16636060535907746,0.46408535838127135,0.7686911818385124,0.0,0.00012213801099278499,0.00033215855022717734,0.0006442859979870263,0.0009514965167909395,0.42287744022905827,0.43591168865561486,cola,43
D,glue_v1,bert.encoder.layer.0.attention.self.query,0,Q,baseline,7,9,1.0,0.007936507936507936,0.007936507936507936,0.015873015873015872,0.0,False,7.939532224554569e-08,0.08983004339039326,0.08982997175306082,17.086376032829286,0.999503822028637,1.0004918438196182,0.03045002793893218,0.0,0.06616214925423264,0.2554702943563461,0.6037463834881782,0.0,3.880799412399938e-05,0.00012424936379829888,0.0002960045101644937,0.0004822998169765924,0.3586491623520851,0.41642065420746804,cola,43
D,glue_v1,bert.encoder.layer.0.attention.self.value,0,V,baseline,7,9,1.0,0.007936507936507936,0.007936507936507936,0.015873015873015872,0.0,False,0.0,0.07527784235775471,0.07527784235775471,14.9478520154953,0.9995765173435212,1.0004241329431534,0.028171595530584456,0.0,0.07273729655891657,0.2767108212411404,0.6411356109380723,0.0,0.00011420068320148857,0.0003197973752685357,0.0006629656910081394,0.0009517391577537637,0.35864911451935766,0.40693648509681224,cola,43
D,glue_v1,bert.encoder.layer.1.intermediate.dense,1,FFN1,baseline,7,9,1.0,0.007936507936507936,0.007936507936507936,0.015873015873015872,0.0,False,0.0007046738182543777,0.4771593864262104,0.4767909263074398,121.44698844909668,0.9975541895627975,1.0020825642347335,0.0679820016771555,0.0,0.008798338323831558,0.053481067568063735,0.31049890428781507,0.0,0.00010150290829187725,0.0003060517097037518,0.0006494580855360254,0.000974727118446026,0.35910148844122886,0.6645794451236725,cola,43
D,glue_v1,bert.encoder.layer.1.output.dense,1,FFN2,baseline,7,9,1.0,0.007936507936507936,0.007936507936507936,0.015873015873015872,0.0,False,0.10017669282853603,0.12114909816533327,0.023307151505723597,6.226682024002075,0.99986323595047,1.0001411324739455,0.016338620125316082,0.0,0.16239509373903274,0.45876907229423525,0.7673249012231826,0.0,9.811217767492054e-05,0.00027141375685459936,0.0005060784993838752,0.0006757987025775947,0.4228981614112854,0.43635296560823916,cola,43
D,glue_v1,bert.encoder.layer.1.attention.self.key,1,K,baseline,7,9,1.0,0.007936507936507936,0.007936507936507936,0.015873015873015872,0.0,False,0.0,0.133200848326087,0.133200848326087,23.546645669937135,0.9994116628170013,1.0005660718679428,0.033000228023156525,0.0,0.05113469572737813,0.23482666917145253,0.5865838012099266,0.0,4.976563924174115e-05,0.00014155061657220358,0.0003036924787738826,0.00040760173345915973,0.35864911451935766,0.44399514883756636,cola,43
D,glue_v1,bert.encoder.layer.1.attention.output.dense,1,O,baseline,7,9,1.0,0.007936507936507936,0.007936507936507936,0.015873015873015872,0.0,False,0.09991116333752871,0.12133979938924312,0.023807272668927907,6.388147494792938,0.9998528054356575,1.0001467528939247,0.016817721147090195,0.0,0.15886833615601062,0.4517022792994976,0.760629743039608,0.0,0.00013673474502866158,0.00042562358765280806,0.0010334759295801631,0.001603971301810816,0.42273491106927397,0.4364791207015514,cola,43
D,glue_v1,bert.encoder.layer.1.attention.self.query,1,Q,baseline,7,9,1.0,0.007936507936507936,0.007936507936507936,0.015873015873015872,0.0,False,0.0,0.14828269325196744,0.14828269325196744,24.55869143486023,0.999318253993988,1.0006627213954926,0.035603494308888914,0.0,0.046159541476517914,0.20843142293393613,0.5525407287478447,0.0,4.3804595097753915e-05,0.00013997673409903654,0.00031974516321497503,0.0004950261054909788,0.35864911451935766,0.4538817252218723,cola,43
D,glue_v1,bert.encoder.layer.1.attention.self.value,1,V,baseline,7,9,1.0,0.007936507936507936,0.007936507936507936,0.015873015873015872,0.0,False,7.07653998688329e-08,0.12398335672914981,0.12398329425603151,19.605705041885376,0.9994681704044343,1.0005218762159347,0.03106918073259294,0.0,0.05928909750655294,0.2549764260649681,0.6156195721030235,0.0,9.705540585855488e-05,0.00034582400796352887,0.0009780298308760392,0.001648006590839941,0.35864914998412134,0.4381472328305244,cola,43
D,glue_v1,bert.encoder.layer.2.intermediate.dense,2,FFN1,baseline,7,9,1.0,0.007936507936507936,0.007936507936507936,0.015873015873015872,0.0,False,0.0015812863211613149,0.45559541016817096,0.4547332227230072,110.765864944458,0.9975260517001152,1.0021226871013642,0.06767472680658101,0.0,0.009661078019998968,0.05699031189084053,0.3210313421487808,0.0,0.00011500460946990643,0.00035211802896810694,0.0007899952901061624,0.0011603266357269604,0.359663463011384,0.6507799130678177,cola,43
D,glue_v1,bert.encoder.layer.2.output.dense,2,FFN2,baseline,7,9,1.0,0.007936507936507936,0.007936507936507936,0.015873015873015872,0.0,False,0.10003630012273788,0.12479809023439885,0.027514339927583932,7.360946877002716,0.9997861284017563,1.0002143520116806,0.019056339571252464,0.0,0.1435726973414421,0.43069960743188856,0.7423315593600273,0.0,0.00012715913042484316,0.0003850869429152226,0.0009051542905217502,0.0015166047181992327,0.422786055803299,0.43866962552070615,cola,43
D,glue_v1,bert.encoder.layer.2.attention.self.key,2,K,baseline,7,9,1.0,0.007936507936507936,0.007936507936507936,0.015873015873015872,0.0,False,0.0,0.20069171585142612,0.20069171585142612,24.70272804260254,0.9994870936870575,1.0004942268133163,0.031104591907933354,0.0,0.04702903749421239,0.23499798320233822,0.5920376577973365,0.0,4.358319166385627e-05,0.00012223836460179883,0.000251464364300773,0.00032551530981436374,0.35864911451935766,0.4872699131071567,cola,43
D,glue_v1,bert.encoder.layer.2.attention.output.dense,2,O,baseline,7,9,1.0,0.007936507936507936,0.007936507936507936,0.015873015873015872,0.0,False,0.10007812771946192,0.12188631240278483,0.024233402535319328,6.503742711544037,0.999844124019146,1.000153014063835,0.017051364136859773,0.0,0.15746418729424477,0.4508647431433201,0.7598003524541855,0.0,0.00014587536054023076,0.0004494763629918452,0.0011213567074446474,0.0020426957949530333,0.4228280545771122,0.43681777849793435,cola,43
D,glue_v1,bert.encoder.layer.2.attention.self.query,2,Q,baseline,7,9,1.0,0.007936507936507936,0.007936507936507936,0.015873015873015872,0.0,False,0.0,0.24552485190331935,0.24552485190331935,29.46874610900879,0.9993832501769065,1.0005949425697327,0.03403892053291201,0.0,0.038202118296176195,0.20142268553376197,0.5406611280143261,0.0,3.993484128841374e-05,0.00012684866804193006,0.00029486196013749576,0.00043163757734873795,0.35864911451935766,0.5161715894937515,cola,43
D,glue_v1,bert.encoder.layer.2.attention.self.value,2,V,baseline,7,9,1.0,0.007936507936507936,0.007936507936507936,0.015873015873015872,0.0,False,0.0,0.11080737318843603,0.11080737318843603,19.323343114852904,0.9995714443922042,1.0004187959432602,0.028185061793774367,0.0,0.062420027535408734,0.2846343320608139,0.6572574868798255,0.0,0.0001122867453887011,0.0003385787599836476,0.0007852715294575319,0.0011358993884641676,0.35864911451935766,0.42976057790219785,cola,43
D,glue_v1,bert.encoder.layer.3.intermediate.dense,3,FFN1,baseline,7,9,1.0,0.007936507936507936,0.007936507936507936,0.015873015873015872,0.0,False,0.003219594698166475,0.49451198473572733,0.4928798805177212,410.8954730987549,0.9975979381799698,1.001920405626297,0.06579903168603778,0.0,0.008156137627083808,0.055590491611510515,0.33001359686255455,0.0,0.0001330062008855748,0.0004140020872000605,0.001227940689859679,0.0022485492000123486,0.3607157179713249,0.6759216892719269,cola,43
D,glue_v1,bert.encoder.layer.3.output.dense,3,FFN2,baseline,7,9,1.0,0.007936507936507936,0.007936507936507936,0.015873015873015872,0.0,False,0.10002583298832178,0.1217238899692893,0.024109506625682117,6.459957394599915,0.9998471650481224,1.0001614013314246,0.016961405044421552,0.0,0.1580979923158884,0.45066492214798926,0.7593926396965981,0.0,0.0001310127064061817,0.0003402761377219576,0.0006673248174774927,0.001083611468638992,0.4227882993966341,0.4367128986865282,cola,43
D,glue_v1,bert.encoder.layer.3.attention.self.key,3,K,baseline,7,9,1.0,0.007936507936507936,0.007936507936507936,0.015873015873015872,0.0,False,0.0,0.12337056271731854,0.12337056271731854,21.942730522155763,0.9994398936629295,1.0005665200948715,0.03249029795639217,0.0,0.051936715710908174,0.23213810041546823,0.5876957526803017,0.0,5.847288472068612e-05,0.0001568586315624998,0.000305383636514307,0.0004037502036226215,0.35864911451935766,0.4377823749929666,cola,43
D,glue_v1,bert.encoder.layer.3.attention.output.dense,3,O,baseline,7,9,1.0,0.007936507936507936,0.007936507936507936,0.015873015873015872,0.0,False,0.0998691488429904,0.13333240322768689,0.03717604302801192,9.989251914024353,0.9995914807915688,1.0004140466451645,0.024511632435023786,0.0,0.11456636872142553,0.39235327422618865,0.7127490410208702,0.0,0.00021787570407468592,0.0007662557980802376,0.0026529285189462824,0.0053237299504689875,0.4226914846152067,0.44418216317892073,cola,43
D,glue_v1,bert.encoder.layer.3.attention.self.query,3,Q,baseline,7,9,1.0,0.007936507936507936,0.007936507936507936,0.015873015873015872,0.0,False,0.0,0.1287165853008628,0.1287165853008628,23.058978309631346,0.9993664357066154,1.0006349605321885,0.03410701951012016,0.0,0.049425791278481485,0.22520184628665446,0.5869453355669976,0.0,4.429088975484774e-05,0.00014933880123862764,0.0003871902720129583,0.0005758645886089653,0.35864911451935766,0.44138936214149,cola,43
D,glue_v1,bert.encoder.layer.3.attention.self.value,3,V,baseline,7,9,1.0,0.007936507936507936,0.007936507936507936,0.015873015873015872,0.0,False,0.0,0.09125102758407592,0.09125102758407592,14.911895451545716,0.9996418696641922,1.0003424668312073,0.026043502166867256,0.0,0.07448818650096654,0.3040105052292347,0.673475658595562,0.0,0.00011386957716240431,0.0003885967837413773,0.0008781084029760677,0.001160391911107581,0.35864911451935766,0.41717592112720014,cola,43
D,glue_v1,bert.encoder.layer.4.intermediate.dense,4,FFN1,baseline,7,9,1.0,0.007936507936507936,0.007936507936507936,0.015873015873015872,0.0,False,0.001862842298578471,0.47725280582904817,0.4762776589393616,397.0533244323731,0.9977973732352257,1.001899660229683,0.06434092923998833,0.0,0.008850077087990939,0.05847922610118985,0.3221467965841293,0.0,0.00014497496405965648,0.00041295027200249023,0.0008749837325012777,0.001240049231564626,0.35984457571059464,0.664849568605423,cola,43
D,glue_v1,bert.encoder.layer.4.output.dense,4,FFN2,baseline,7,9,1.0,0.007936507936507936,0.007936507936507936,0.015873015873015872,0.0,False,0.09991470895707608,0.12116063799709081,0.023604216538369655,6.329775793552399,0.999855942428112,1.0001476880908013,0.016667621769011022,0.0,0.1601330391317606,0.4532660758495331,0.7613720312714577,0.0,0.00014254778718168383,0.0003686938320606714,0.0007072576205246151,0.0009876736991282088,0.42272843144834044,0.4363626981526613,cola,43
D,glue_v1,bert.encoder.layer.4.attention.self.key,4,K,baseline,7,9,1.0,0.007936507936507936,0.007936507936507936,0.015873015873015872,0.0,False,0.0,0.13764779195189475,0.13764779195189475,25.813150396347044,0.9993189775943756,1.0006816679239272,0.03554579757153988,0.0,0.04504946153610945,0.21104147434234619,0.558462583720684,0.0,7.488514747819864e-05,0.00019881375279510394,0.00040242886272608304,0.0005166481433116132,0.35864911451935766,0.44682803690433504,cola,43
D,glue_v1,bert.encoder.layer.4.attention.output.dense,4,O,baseline,7,9,1.0,0.007936507936507936,0.007936507936507936,0.015873015873015872,0.0,False,0.10010735340416431,0.12875802651047707,0.031838089302182196,8.536139948368072,0.9997036814689636,1.000294500887394,0.02164232576265931,0.0,0.1277328107878566,0.4094211257994175,0.7256202882528305,0.0,0.0002046220728516346,0.0006261200516019017,0.001779400828818325,0.0032213534985203298,0.42286260426044464,0.4412432538717985,cola,43
D,glue_v1,bert.encoder.layer.4.attention.self.query,4,Q,baseline,7,9,1.0,0.007936507936507936,0.007936507936507936,0.015873015873015872,0.0,False,0.0,0.13669651601463556,0.13669651601463556,25.324321603775026,0.999420377612114,1.0005620533227921,0.03291637064889073,0.0,0.048505428079515696,0.2306869039684534,0.5919069269299507,0.0,4.817707420443185e-05,0.00014785964925977167,0.00033424439483496825,0.0004851169754692819,0.35864911451935766,0.44648526214063167,cola,43
D,glue_v1,bert.encoder.layer.4.attention.self.value,4,V,baseline,7,9,1.0,0.007936507936507936,0.007936507936507936,0.015873015873015872,0.0,False,0.0,0.09958493877202272,0.09958493877202272,18.458376741409303,0.9995198610424996,1.0004857456684113,0.029359352122992278,0.0,0.06413231426849961,0.2829392885416746,0.6495574700832367,0.0,0.00011130223634609138,0.0004062621438788483,0.0011401798005681485,0.001653362805955112,0.35864911451935766,0.42249166131019594,cola,43
D,glue_v1,bert.encoder.layer.5.intermediate.dense,5,FFN1,baseline,7,9,1.0,0.007936507936507936,0.007936507936507936,0.015873015873015872,0.0,False,0.001841950371162966,0.45695856302976606,0.4559567852318287,188.52477394104005,0.9978106325864792,1.0018964606523513,0.06400964973494411,0.0,0.009678840022534132,0.06148920075967908,0.33269089460372925,0.0,0.00014909142151736887,0.0004535548070271034,0.001014397165272385,0.0014654333045473322,0.35983135376125575,0.651969103217125,cola,43
D,glue_v1,bert.encoder.layer.5.output.dense,5,FFN2,baseline,7,9,1.0,0.007936507936507936,0.007936507936507936,0.015873015873015872,0.0,False,0.10004780955612659,0.12100573495030403,0.02328781315125525,6.234293074607849,0.9998616740107537,1.0001357126235961,0.016447393270209432,0.0,0.16199769109487533,0.45496512472629547,0.7621354013681412,0.0,0.0001480663416077732,0.00037273047666531057,0.0006847501662559807,0.0008876414160476998,0.4228159254044294,0.4362633775174618,cola,43
D,glue_v1,bert.encoder.layer.5.attention.self.key,5,K,baseline,7,9,1.0,0.007936507936507936,0.007936507936507936,0.015873015873015872,0.0,False,0.0,0.13527568981051444,0.13527568981051444,23.37112811088562,0.999499017894268,1.0004900366067886,0.03094578114338219,0.0,0.049492479544132946,0.24146556064486505,0.6137307950854302,0.0,6.42498863999208e-05,0.0001680268067138968,0.0003293649203260429,0.0004389859129150864,0.35864911451935766,0.4454035144299269,cola,43
D,glue_v1,bert.encoder.layer.5.attention.output.dense,5,O,baseline,7,9,1.0,0.007936507936507936,0.007936507936507936,0.015873015873015872,0.0,False,0.09999592196196318,0.12822811294347047,0.0313688217010349,8.4129048037529,0.999714557826519,1.0002914708852768,0.02149328655563295,0.0,0.12783246893435718,0.40792621120810507,0.724100036919117,0.0,0.00021891104461246869,0.0006774843631137628,0.002013177027693018,0.00330517023045104,0.4227699402719736,0.44089035257697107,cola,43
D,glue_v1,bert.encoder.layer.5.attention.self.query,5,Q,baseline,7,9,1.0,0.007936507936507936,0.007936507936507936,0.015873015873015872,0.0,False,0.0,0.1410462472587824,0.1410462472587824,23.03151144981384,0.9994571715593338,1.000518937110901,0.03200059042312205,0.0,0.04932082647457719,0.23617727026343346,0.5977075600624084,0.0,4.640933014343318e-05,0.00014241505319660065,0.00030678304203320296,0.0004456097153160954,0.35864911451935766,0.4492309968173504,cola,43
D,glue_v1,bert.encoder.layer.5.attention.self.value,5,V,baseline,7,9,1.0,0.007936507936507936,0.007936507936507936,0.015873015873015872,0.0,False,0.0,0.09033190298825503,0.09033190298825503,15.258180508613586,0.9996746695041656,1.0003294777870178,0.024917412418872117,0.0,0.07625417932868003,0.32286197021603585,0.6928398621082306,0.0,8.873785896867048e-05,0.00030662858443974983,0.0011048886098433287,0.0015826071496121586,0.35864911451935766,0.41658056125044823,cola,43
D,glue_v1,bert.encoder.layer.6.intermediate.dense,6,FFN1,baseline,7,9,1.0,0.007936507936507936,0.007936507936507936,0.015873015873015872,0.0,False,0.0009854503284441307,0.443300766646862,0.44275174885988233,111.57739887237548,0.9975864771008491,1.0020668506622314,0.0671601266413927,0.0,0.010157530046999454,0.06028093125671148,0.3226563173532486,0.0,0.00016480766444146867,0.0004747059747751337,0.0010296931123593821,0.0014872116394690237,0.3592814880609512,0.6431536664068699,cola,43
D,glue_v1,bert.encoder.layer.6.output.dense,6,FFN2,baseline,7,9,1.0,0.007936507936507936,0.007936507936507936,0.015873015873015872,0.0,False,0.09990919254720211,0.12043497491627932,0.022804145105183124,6.112961187362671,0.9998663127422333,1.0001370745897293,0.016200972418300808,0.0,0.1650172981619835,0.4604243887960911,0.7663375428318977,0.0,0.000149591484987468,0.00037679055480111857,0.0007224348973250016,0.0009180440014461055,0.4227226432412863,0.4358887451142073,cola,43
D,glue_v1,bert.encoder.layer.6.attention.self.key,6,K,baseline,7,9,1.0,0.007936507936507936,0.007936507936507936,0.015873015873015872,0.0,False,0.0,0.1882199779897928,0.1882199779897928,37.25849886894226,0.9991375097632408,1.0008379322290422,0.039910370297729966,0.0,0.03392059347592294,0.18144142910838126,0.5213721936941147,0.0,8.81848097924376e-05,0.00025548814017383847,0.0005768734121375019,0.0007515621536003891,0.35864911451935766,0.479553856998682,cola,43
D,glue_v1,bert.encoder.layer.6.attention.output.dense,6,O,baseline,7,9,1.0,0.007936507936507936,0.007936507936507936,0.015873015873015872,0.0,False,0.1000202440842986,0.12481005363166332,0.027544905571267007,7.407699134349823,0.9997920393943787,1.0002066615223884,0.01926771178841591,0.0,0.13979217261075974,0.4202279818058014,0.7327117899060249,0.0,0.00020336961577413604,0.0005788641748949886,0.001269975434988737,0.001889427282148972,0.4227828986942768,0.43868307434022424,cola,43
D,glue_v1,bert.encoder.layer.6.attention.self.query,6,Q,baseline,7,9,1.0,0.007936507936507936,0.007936507936507936,0.015873015873015872,0.0,False,0.0,0.15739728823304178,0.15739728823304178,27.85351035118103,0.9994086265563965,1.0005682235956193,0.03325926262885332,0.0,0.04305512016639113,0.22446405507624148,0.6006237110495567,0.0,4.747623501316411e-05,0.00014383516361704096,0.00031439586797205266,0.0004967844265047461,0.35864911451935766,0.4597813915461302,cola,43
D,glue_v1,bert.encoder.layer.6.attention.self.value,6,V,baseline,7,9,1.0,0.007936507936507936,0.007936507936507936,0.015873015873015872,0.0,False,0.0,0.10652869079262019,0.10652869079262019,19.5391139793396,0.9996107402443886,1.000387378334999,0.027164560407400132,0.0,0.06119642876088619,0.29454541474580764,0.6790153482556343,0.0,0.00011288904803222976,0.00040524916657886935,0.0010602810650016182,0.0015316136460751294,0.35864911451935766,0.42707381553947926,cola,43
D,glue_v1,bert.encoder.layer.7.intermediate.dense,7,FFN1,baseline,7,9,1.0,0.007936507936507936,0.007936507936507936,0.015873015873015872,0.0,False,0.0008589679439319298,0.4314249201118946,0.43093647226691245,102.56357158660889,0.9972930264472961,1.0023495578765869,0.0708926959335804,0.0,0.010479693789966405,0.058240197096019984,0.31156344562768934,0.0,0.00018129715608665719,0.0005482862719509285,0.0012260543546290137,0.0017318841637461446,0.3591995706036687,0.6353813996911049,cola,43
D,glue_v1,bert.encoder.layer.7.output.dense,7,FFN2,baseline,7,9,1.0,0.007936507936507936,0.007936507936507936,0.015873015873015872,0.0,False,0.10000191051512956,0.12046668533235788,0.022738584373146294,6.100762677192688,0.9998653709888459,1.0001456010341645,0.01623798710294068,0.0,0.16541760608553888,0.4605456103384495,0.7650183540582657,0.0,0.00015271026546542999,0.000400743777572643,0.0007851553590444382,0.0010543249672628008,0.4227861502021551,0.43590675093233583,cola,43
D,glue_v1,bert.encoder.layer.7.attention.self.key,7,K,baseline,7,9,1.0,0.007936507936507936,0.007936507936507936,0.015873015873015872,0.0,False,0.0,0.17559666112065314,0.17559666112065314,31.975380992889406,0.9993428108096123,1.0006481927633286,0.03527735272422433,0.0,0.037454674914479257,0.20698821730911732,0.5617236426472664,0.0,5.863897042218014e-05,0.00016148792255989974,0.0003171152676804923,0.00040724016093008687,0.35864911451935766,0.47112904764711855,cola,43
D,glue_v1,bert.encoder.layer.7.attention.output.dense,7,O,baseline,7,9,1.0,0.007936507936507936,0.007936507936507936,0.015873015873015872,0.0,False,0.09998278521001339,0.12190305016934871,0.02435543613508344,6.532336874008179,0.9998440253734588,1.0001674661040305,0.01724644781090319,0.0,0.15551487043499945,0.4433292825520039,0.7508280923962594,0.0,0.0001909300865008845,0.0005671590087877121,0.0010979912680340932,0.0014539700257591903,0.4227814590930939,0.4368375929445028,cola,43
D,glue_v1,bert.encoder.layer.7.attention.self.query,7,Q,baseline,7,9,1.0,0.007936507936507936,0.007936507936507936,0.015873015873015872,0.0,False,0.0,0.15235336773097516,0.15235336773097516,25.12786117553711,0.9994723242521286,1.0005234080553054,0.031652720579877495,0.0,0.04523922298103571,0.23498761899769305,0.6112149822711944,0.0,3.792946077737724e-05,0.00010823241820617113,0.00024163240825146205,0.00035782170329184737,0.35864911451935766,0.45638728052377703,cola,43
D,glue_v1,bert.encoder.layer.7.attention.self.value,7,V,baseline,7,9,1.0,0.007936507936507936,0.007936507936507936,0.015873015873015872,0.0,False,0.0,0.11831707291305066,0.11831707291305066,20.886065607070922,0.9996263614296913,1.0003739345073699,0.026665386967360972,0.0,0.057842511478811504,0.3045592474937439,0.6881053766608238,0.0,9.943728453436051e-05,0.00042106078690267167,0.0010309561638860033,0.001401377363363281,0.35864911451935766,0.43448993034660816,cola,43
D,glue_v1,bert.encoder.layer.8.intermediate.dense,8,FFN1,baseline,7,9,1.0,0.007936507936507936,0.007936507936507936,0.015873015873015872,0.0,False,0.000541024178819498,0.4297222067415714,0.4294136328995228,102.45146312713624,0.9973709869384766,1.0022837859392166,0.07034139283001423,0.0,0.010547427884303033,0.05702503828331828,0.3104690730571747,0.0,0.0001750916640230571,0.0005270671682956163,0.0010696652394835838,0.0014824532566126436,0.35899594981223343,0.6344531840085983,cola,43
D,glue_v1,bert.encoder.layer.8.output.dense,8,FFN2,baseline,7,9,1.0,0.007936507936507936,0.007936507936507936,0.015873015873015872,0.0,False,0.10001822769641876,0.12156055353581906,0.023936433242633937,6.447690470218658,0.9998473650217057,1.0001544469594956,0.017150894831866027,0.0,0.15707606375217437,0.44270743042230604,0.7463023573160171,0.0,0.00015146086134336655,0.00043356276277336294,0.0010156411098432728,0.0014499357441673055,0.42281577438116075,0.43662499375641345,cola,43
D,glue_v1,bert.encoder.layer.8.attention.self.key,8,K,baseline,7,9,1.0,0.007936507936507936,0.007936507936507936,0.015873015873015872,0.0,False,0.0,0.17532200552523136,0.17532200552523136,31.692549772262574,0.99932052642107,1.0006600296497346,0.03584530467167497,0.0,0.03753908437676728,0.20300339184701444,0.5548148587346077,0.0,9.355380434499239e-05,0.00026157388980209363,0.000512563131051138,0.0006792594576108967,0.35864911451935766,0.47117923587560656,cola,43
D,glue_v1,bert.encoder.layer.8.attention.output.dense,8,O,baseline,7,9,1.0,0.007936507936507936,0.007936507936507936,0.015873015873015872,0.0,False,0.10006834581494331,0.12085844784975051,0.023101892899721862,6.200707347393036,0.9998609846830369,1.0001407253742218,0.016472210101783277,0.0,0.16288664229214192,0.4550549702346325,0.7602229273319244,0.0,0.00019362160332093482,0.0006162286238395609,0.0012610359356040135,0.0016784491427824831,0.42283973753452303,0.43617564931511876,cola,43
D,glue_v1,bert.encoder.layer.8.attention.self.query,8,Q,baseline,7,9,1.0,0.007936507936507936,0.007936507936507936,0.015873015873015872,0.0,False,0.0,0.1410066917911172,0.1410066917911172,24.89651921272278,0.9993502467870712,1.0006314885616303,0.0343500539381057,0.0,0.047465832326561215,0.22793750040233135,0.589718014895916,0.0,5.469248704685015e-05,0.00018210970116342651,0.0004852290609414922,0.0008027382053842302,0.35864911451935766,0.449386720508337,cola,43
D,glue_v1,bert.encoder.layer.8.attention.self.value,8,V,baseline,7,9,1.0,0.007936507936507936,0.007936507936507936,0.015873015873015872,0.0,False,0.0,0.09094008825719356,0.09094008825719356,16.456799545288085,0.999649865925312,1.0003458756208419,0.02585682070814073,0.0,0.06918338937684894,0.3097422432899475,0.6845152750611305,0.0,0.0001166486254078336,0.0004184495751542272,0.001520772083895281,0.0022517660219455136,0.35864911451935766,0.41694900117814543,cola,43
D,glue_v1,bert.encoder.layer.9.intermediate.dense,9,FFN1,baseline,7,9,1.0,0.007936507936507936,0.007936507936507936,0.015873015873015872,0.0,False,0.0014525073819095268,0.47105026111006737,0.470281362682581,124.69823612213135,0.996149745285511,1.0031945449113846,0.08474814042448997,0.0,0.008898954999167472,0.04679095176979899,0.24817436903715134,0.0,0.0001793506929971045,0.0005771052435738966,0.0011276572846691125,0.001451962394057773,0.35958057090640066,0.6608402231335639,cola,43
D,glue_v1,bert.encoder.layer.9.output.dense,9,FFN2,baseline,7,9,1.0,0.007936507936507936,0.007936507936507936,0.015873015873015872,0.0,False,0.10001784533262253,0.1212273545563221,0.02356646445579827,6.289915173053742,0.9998576703667641,1.00013878762722,0.01665198494680226,0.0,0.16061250261962415,0.45175838738679885,0.7569142776727676,0.0,0.00012584967560542282,0.00042499686795054,0.0009371625134372152,0.0012842782007646747,0.4227908791601658,0.43639654844999315,cola,43
D,glue_v1,bert.encoder.layer.9.attention.self.key,9,K,baseline,7,9,1.0,0.007936507936507936,0.007936507936507936,0.015873015873015872,0.0,False,0.0,0.17458588600158692,0.17458588600158692,30.959166316986085,0.9994005900621414,1.000578492283821,0.033709494909271595,0.0,0.038434619270265105,0.21701674051582814,0.5868427410721779,0.0,9.116801817071974e-05,0.00030488576579955405,0.0006451794243912445,0.0008439738884044346,0.35864911451935766,0.4707497474551201,cola,43
D,glue_v1,bert.encoder.layer.9.attention.output.dense,9,O,baseline,7,9,1.0,0.007936507936507936,0.007936507936507936,0.015873015873015872,0.0,False,0.10013869784772396,0.12030901040881872,0.022414863351732494,6.026181168556214,0.9998678511381149,1.0001317039132118,0.016101340614259243,0.0,0.1673318462818861,0.4637889003753662,0.7664801326394081,0.0,0.00015459342113899766,0.0005153336632065475,0.0012269233612460084,0.0016715127401403151,0.4228773491829634,0.43582197710871695,cola,43
D,glue_v1,bert.encoder.layer.9.attention.self.query,9,Q,baseline,7,9,1.0,0.007936507936507936,0.007936507936507936,0.015873015873015872,0.0,False,0.0,0.13682374253869056,0.13682374253869056,24.948710346221922,0.9994243675470352,1.0005753821134566,0.03300467574968934,0.0,0.04567470533773303,0.22718727327883242,0.5935515961050988,0.0,5.6922525309346384e-05,0.00021214489795966075,0.0005975416963337921,0.0010335459955967963,0.35864911451935766,0.44662332341074945,cola,43
D,glue_v1,bert.encoder.layer.9.attention.self.value,9,V,baseline,7,9,1.0,0.007936507936507936,0.007936507936507936,0.015873015873015872,0.0,False,0.0,0.09852816604077816,0.09852816604077816,18.167940888404846,0.9995321464538575,1.0004537284374238,0.02945651820860803,0.0,0.0622072485089302,0.2711336602270603,0.6329805514216423,0.0,0.0001499612252882798,0.0005574156461807434,0.0020037142449291423,0.00309535812062677,0.35864911451935766,0.4218173924088478,cola,43
D,glue_v1,bert.encoder.layer.10.intermediate.dense,10,FFN1,baseline,7,9,1.0,0.007936507936507936,0.007936507936507936,0.015873015873015872,0.0,False,0.0005168369245075155,0.5185630892217159,0.5183142051100731,146.31491641998292,0.9951311841607093,1.00400129199028,0.09502943597733975,0.0,0.0074335280479863285,0.040896732164546847,0.22574294671416284,0.0,0.00016539288008061704,0.0006002762213756796,0.0012931193242548033,0.0017795861369813792,0.35897983457893134,0.6912255889177322,cola,43
D,glue_v1,bert.encoder.layer.10.output.dense,10,FFN2,baseline,7,9,1.0,0.007936507936507936,0.007936507936507936,0.015873015873015872,0.0,False,0.09993873972445727,0.12020407665520906,0.022515533929690718,5.998784866333008,0.9998690593242645,1.0001271909475327,0.016000210721977055,0.0,0.16831950277090071,0.4675964410603046,0.7697970980405807,0.0,9.661621865234338e-05,0.0003467937963432632,0.0009280877726268955,0.0012303158428403549,0.4227365877479315,0.4357297842949629,cola,43
D,glue_v1,bert.encoder.layer.10.attention.self.key,10,K,baseline,7,9,1.0,0.007936507936507936,0.007936507936507936,0.015873015873015872,0.0,False,0.0,0.1658944647014141,0.1658944647014141,28.592330656051637,0.9994204822182655,1.0005630153417586,0.03317383141256869,0.0,0.042130951080471275,0.22338753715157508,0.5833207073807717,0.0,9.087257465580479e-05,0.00032121958669449667,0.0008064050305983983,0.0012022908314247615,0.35864911451935766,0.46498982459306715,cola,43
D,glue_v1,bert.encoder.layer.10.attention.output.dense,10,O,baseline,7,9,1.0,0.007936507936507936,0.007936507936507936,0.015873015873015872,0.0,False,0.09995501860976219,0.12058436080813408,0.022920510610565544,6.1484362459182735,0.9998619368672371,1.0001401713490485,0.016396302464418113,0.0,0.16439222626388073,0.45793204233050344,0.7614706081151962,0.0,0.00012192916750791482,0.00043661045187036506,0.0012305745086632668,0.0016948071520891971,0.42274875693023206,0.4359735509008169,cola,43
D,glue_v1,bert.encoder.layer.10.attention.self.query,10,Q,baseline,7,9,1.0,0.007936507936507936,0.007936507936507936,0.015873015873015872,0.0,False,0.0,0.17411319829523564,0.17411319829523564,29.12746258735657,0.9994414162635803,1.0005512064695359,0.03257687683217227,0.0,0.0417206134647131,0.22863902881741524,0.5925193545222283,0.0,4.859424746427976e-05,0.00021181099429668393,0.0004972251673461869,0.0007087036319717299,0.35864911451935766,0.47039983749389647,cola,43
D,glue_v1,bert.encoder.layer.10.attention.self.value,10,V,baseline,7,9,1.0,0.007936507936507936,0.007936507936507936,0.015873015873015872,0.0,False,0.0,0.12770328588783741,0.12770328588783741,23.221531162261964,0.9993576958775521,1.000649812221527,0.033987235901877286,0.0,0.05103213492780924,0.23561914667487144,0.6021125742793083,0.0,0.00017454258821089752,0.0007021397851349321,0.0021240653702989222,0.003316167757147923,0.35864911451935766,0.44047088399529455,cola,43
D,glue_v1,bert.encoder.layer.11.intermediate.dense,11,FFN1,baseline,7,9,1.0,0.007936507936507936,0.007936507936507936,0.015873015873015872,0.0,False,0.9104941725730896,0.9511938712000847,0.4548084436357021,10.098493769168854,0.08917537331581116,0.08990869238972664,0.008184032740537077,0.0,0.0,9.836243709287373e-05,0.038560449443757534,0.0,0.0,7.742748566670343e-06,0.0017738665535580367,0.002507543695974164,0.9422263062000275,0.9685220429301262,cola,43
D,glue_v1,bert.encoder.layer.11.output.dense,11,FFN2,baseline,7,9,1.0,0.007936507936507936,0.007936507936507936,0.015873015873015872,0.0,False,0.9193728733062744,0.9209435525536537,0.019481886005960406,0.46901082769036295,0.0895556277036667,0.08957505099475384,0.0012915347289526836,0.0,0.0,0.0004796358831663383,0.49262768611311913,0.0,0.0,6.413339142454788e-06,0.0009163318379432895,0.0011565338043146767,0.9479576158523559,0.9489717483520508,cola,43
D,glue_v1,bert.encoder.layer.11.attention.self.key,11,K,baseline,7,9,1.0,0.007936507936507936,0.007936507936507936,0.015873015873015872,0.0,False,0.0,0.3633784727752209,0.3633784727752209,79.89109523773193,0.9985367956757546,1.0013026070594788,0.053129676654934885,0.0,0.015210874578915536,0.10527128100395203,0.3351596044003963,0.0,0.00017062712631741306,0.0004389640927547589,0.0007919764102553017,0.0009828850548365153,0.35864911451935766,0.5914400145411491,cola,43
D,glue_v1,bert.encoder.layer.11.attention.output.dense,11,O,baseline,7,9,1.0,0.007936507936507936,0.007936507936507936,0.015873015873015872,0.0,False,0.919364201426506,0.9212587025761604,0.023499104483053087,0.5612984408438205,0.08955170754343271,0.08957766212522983,0.0015177539776777848,0.0,0.0,0.00037029900529887526,0.4289353390038013,0.0,0.0,8.055779180722312e-06,0.001471335189708043,0.001946118862251751,0.9479506841301918,0.9491709223389626,cola,43
D,glue_v1,bert.encoder.layer.11.attention.self.query,11,Q,baseline,7,9,1.0,0.007936507936507936,0.007936507936507936,0.015873015873015872,0.0,False,0.9104350143671036,0.9159662619233131,0.06158610191196203,1.1118613252043723,0.0895357470586896,0.08959807831794024,0.002249542802455835,0.0,0.0,0.0012586458199390904,0.2887696260213852,0.0,0.0,2.0913846674375234e-06,0.0004951184547826415,0.0006949553424783517,0.9421881410479546,0.9457597044110299,cola,43
D,glue_v1,bert.encoder.layer.11.attention.self.value,11,V,baseline,7,9,1.0,0.007936507936507936,0.007936507936507936,0.015873015873015872,0.0,False,0.09941505126655102,0.22197221256792546,0.1360828684270382,44.556257276535035,0.9993589094281197,1.0006079971790314,0.03431850196793675,0.0,0.03893582415767014,0.20924604259431362,0.5692867331206799,0.0,0.0002558425943425391,0.0006335751159349456,0.0010963896790053696,0.0013703333179000765,0.4224508322775364,0.5009057161211967,cola,43
D,glue_v1,bert.encoder.layer.0.intermediate.dense,0,FFN1,full_high,10,10,1.0,0.0009784735812133072,0.0009784735812133072,0.0019569471624266144,0.0,False,0.00017065065461792982,0.23320812448859216,0.23307730920612812,193.75178283691406,0.9999496626853943,1.000046112537384,0.009633195474743844,0.0,0.005842926567420363,0.04409798368811607,0.2903052395582199,0.0,0.0001263695913803531,0.00038244135415880007,0.0009825053055828902,0.001568188039236702,0.35875860158354045,0.5082126843929291,cola,43
D,glue_v1,bert.encoder.layer.0.output.dense,0,FFN2,full_high,10,10,1.0,0.0009784735812133072,0.0009784735812133072,0.0019569471624266144,0.0,False,0.10003966841846705,0.10260136596858502,0.0028464790375437587,6.096504111289978,0.9999979862570763,1.00000215113163,0.0019850055186543614,0.0,0.1657649888843298,0.46502031907439234,0.7712137827277183,0.0,0.00011191963316377951,0.0003001927455625264,0.0005676927955937572,0.0007520791803835891,0.4228167597204447,0.42445929743349553,cola,43
D,glue_v1,bert.encoder.layer.0.attention.self.key,0,K,full_high,10,10,1.0,0.0009784735812133072,0.0009784735812133072,0.0019569471624266144,0.0,False,0.0,0.012592657483182848,0.012592657483182848,19.870231285095215,0.9999919003248214,1.0000078454613686,0.003893872069893405,0.0,0.05692496946081519,0.2404875585436821,0.6047551617026329,0.0,7.266769629495685e-05,0.00018685162700421643,0.00040697455340705347,0.0005528198423417053,0.35864911451935766,0.3667332856357098,cola,43
D,glue_v1,bert.encoder.layer.0.attention.output.dense,0,O,full_high,10,10,1.0,0.0009784735812133072,0.0009784735812133072,0.0019569471624266144,0.0,False,0.10015689361840487,0.10265755396336317,0.0027789558563381432,6.042931709289551,0.9999980044364929,1.0000025725364685,0.0019792228523874654,0.0,0.1669970764219761,0.4655249887704849,0.7709863570332527,0.0,0.00017256414656003472,0.0004418716725194827,0.0008685446479648817,0.001171526255493518,0.42287744022905827,0.42448008716106417,cola,43
D,glue_v1,bert.encoder.layer.0.attention.self.query,0,Q,full_high,10,10,1.0,0.0009784735812133072,0.0009784735812133072,0.0019569471624266144,0.0,False,0.0,0.011835668846033513,0.011835668846033513,16.779320793151854,0.9999924620985985,1.0000090461969375,0.0037495612865313887,0.0,0.0667477154918015,0.2563147950172424,0.6036374628543854,0.0,5.3793354745721444e-05,0.00016133164339407813,0.0003779611776553793,0.0006012906059913803,0.35864911451935766,0.36626308608800173,cola,43
D,glue_v1,bert.encoder.layer.0.attention.self.value,0,V,full_high,10,10,1.0,0.0009784735812133072,0.0009784735812133072,0.0019569471624266144,0.0,False,7.31507498130668e-08,0.009373282631859183,0.00937321006320417,14.811671781539918,0.99999356508255,1.000006950199604,0.003466539535438642,0.0,0.07329581802710891,0.27816908463835716,0.64340181350708,0.0,0.0001575526881060796,0.00041507159097818656,0.000878819548379397,0.0012378237558004913,0.35864916548132897,0.36465116042643786,cola,43
D,glue_v1,bert.encoder.layer.1.intermediate.dense,1,FFN1,full_high,10,10,1.0,0.0009784735812133072,0.0009784735812133072,0.0019569471624266144,0.0,False,0.00019410251279623482,0.16073696404695512,0.16057408452033997,119.75662303924561,0.9999552443623543,1.0000431197881698,0.009119108077138663,0.0,0.008903802279382944,0.05332758905366063,0.3083684003353119,0.0,0.00014606949767767219,0.00041183671113685703,0.0008663724904181436,0.001379258125962224,0.3587729397416115,0.4616478938609362,cola,43
D,glue_v1,bert.encoder.layer.1.output.dense,1,FFN2,full_high,10,10,1.0,0.0009784735812133072,0.0009784735812133072,0.0019569471624266144,0.0,False,0.10017669282853603,0.10274036325514317,0.0028490599046926946,6.221162877082825,0.9999979296326638,1.000003218948841,0.002012545485049486,0.0,0.16263173185288907,0.4593375392258167,0.7676729762554169,0.0,0.000139497730488074,0.0003603146790555911,0.0006525921978754923,0.0008436660592269618,0.4228981614112854,0.4245438687503338,cola,43
D,glue_v1,bert.encoder.layer.1.attention.self.key,1,K,full_high,10,10,1.0,0.0009784735812133072,0.0009784735812133072,0.0019569471624266144,0.0,False,0.0,0.0221707485569641,0.0221707485569641,23.681532764434813,0.9999908748269081,1.000008119046688,0.004105433848453685,0.0,0.0506505917198956,0.23412727497518063,0.5846104452013969,0.0,6.888066309329588e-05,0.0001855057245484204,0.0003975410004204605,0.0005373118424176937,0.35864911451935766,0.37284829407930375,cola,43
D,glue_v1,bert.encoder.layer.1.attention.output.dense,1,O,full_high,10,10,1.0,0.0009784735812133072,0.0009784735812133072,0.0019569471624266144,0.0,False,0.09991116333752871,0.10253646500408649,0.0029166960087604822,6.3297293090820315,0.9999978148937225,1.0000017657876015,0.0020550657232524827,0.0,0.1601518452912569,0.4540941733121872,0.7620304876565933,0.0,0.00019286997248855187,0.000561692618066445,0.0012158220334094949,0.001689763418980874,0.42273491106927397,0.4244179325550795,cola,43
D,glue_v1,bert.encoder.layer.1.attention.self.query,1,Q,full_high,10,10,1.0,0.0009784735812133072,0.0009784735812133072,0.0019569471624266144,0.0,False,0.0,0.028085454143583776,0.028085454143583776,24.613024139404295,0.9999892905354499,1.0000106230378152,0.004454137021675706,0.0,0.045834902301430704,0.2074248620867729,0.5507061804831028,0.0,6.161263410831453e-05,0.00018706362599914427,0.0004092378152563469,0.0006168416310538305,0.35864911451935766,0.3766638840734959,cola,43
D,glue_v1,bert.encoder.layer.1.attention.self.value,1,V,full_high,10,10,1.0,0.0009784735812133072,0.0009784735812133072,0.0019569471624266144,0.0,False,0.0,0.02299535308033228,0.02299535308033228,20.0309108543396,0.9999915364384652,1.0000065392255784,0.0039016395946964624,0.0,0.05837749684229493,0.2536028125137091,0.6147018027305603,0.0,0.00013759658144408605,0.0004571446987392846,0.0012331836906378157,0.002255571538116783,0.35864911451935766,0.3733731359615922,cola,43
D,glue_v1,bert.encoder.layer.2.intermediate.dense,2,FFN1,full_high,10,10,1.0,0.0009784735812133072,0.0009784735812133072,0.0019569471624266144,0.0,False,0.0005055383362923748,0.1470812276750803,0.1466498616337776,109.59636806488037,0.9999555370211601,1.0000428348779677,0.00899093011394143,0.0,0.009828009833581746,0.05715564435347915,0.3198545901477337,0.0,0.0001643707000039285,0.0004870711115654558,0.0010568715145927853,0.0014960944320773705,0.3589735835790634,0.45289545454084873,cola,43
D,glue_v1,bert.encoder.layer.2.output.dense,2,FFN2,full_high,10,10,1.0,0.0009784735812133072,0.0009784735812133072,0.0019569471624266144,0.0,False,0.10003630012273788,0.10301325432956218,0.0033078906394075603,7.102833693027496,0.9999970600008965,1.0000027722120286,0.0022826140827964993,0.0,0.14636641956865787,0.434190993309021,0.7451856181025505,0.0,0.0001807629481481854,0.0004976951636490412,0.0010234212265640963,0.0015040730984765105,0.422786055803299,0.42469691902399065,cola,43
D,glue_v1,bert.encoder.layer.2.attention.self.key,2,K,full_high,10,10,1.0,0.0009784735812133072,0.0009784735812133072,0.0019569471624266144,0.0,False,6.445957296818961e-08,0.08084297271445394,0.08084291333332658,24.264420289993286,0.9999920099973678,1.0000073486566543,0.003881219606846571,0.0,0.04798422275111079,0.2402323680371046,0.5995256516337395,0.0,6.0461570246843624e-05,0.0001569673011181294,0.00031361176239443013,0.0004057787243073108,0.3586491483449936,0.4104196704924107,cola,43
D,glue_v1,bert.encoder.layer.2.attention.output.dense,2,O,full_high,10,10,1.0,0.0009784735812133072,0.0009784735812133072,0.0019569471624266144,0.0,False,0.10007812771946192,0.1027211396023631,0.002936943642562255,6.346215305328369,0.9999977964162826,1.000001264512539,0.0020561545254895465,0.0,0.160217622295022,0.45509355410933494,0.7632393935322761,0.0,0.00020649040132411756,0.0005987307155737653,0.0012795426393859089,0.0019167521767667495,0.4228280545771122,0.42452664755284786,cola,43
D,glue_v1,bert.encoder.layer.2.attention.self.query,2,Q,full_high,10,10,1.0,0.0009784735812133072,0.0009784735812133072,0.0019569471624266144,0.0,False,8.241033356171101e-08,0.13982490606606007,0.13982483468949794,30.13222887992859,0.9999901443719864,1.000008149445057,0.004296755568357184,0.0,0.037641209438443186,0.20042013801634312,0.5404856690764427,0.0,5.7351147497683996e-05,0.00017052310318831586,0.0003760823010816239,0.0005514624990610173,0.35864915534853936,0.44824376672506333,cola,43
D,glue_v1,bert.encoder.layer.2.attention.self.value,2,V,full_high,10,10,1.0,0.0009784735812133072,0.0009784735812133072,0.0019569471624266144,0.0,False,0.0,0.026853493042290212,0.026853493042290212,19.50748948097229,0.9999933567643166,1.0000059682130813,0.0035061272908933462,0.0,0.06163514392450452,0.2833621470630169,0.6572757959365845,0.0,0.00015941346591716866,0.0004547580875805579,0.0010146377483033575,0.0013769002287881448,0.35864911451935766,0.37592673249542713,cola,43
D,glue_v1,bert.encoder.layer.3.intermediate.dense,3,FFN1,full_high,10,10,1.0,0.0009784735812133072,0.0009784735812133072,0.0019569471624266144,0.0,False,0.0010872882881085388,0.19216884560883046,0.19128989301621913,566.9541084289551,0.9999561068415642,1.000043685734272,0.008772631050087512,0.0,0.008236304947640747,0.05592284861952066,0.33209958508610726,0.0,0.00018653589428140548,0.0005562006622494664,0.0017098030055058189,0.003033586577512324,0.359346900396049,0.48198212273418906,cola,43
D,glue_v1,bert.encoder.layer.3.output.dense,3,FFN2,full_high,10,10,1.0,0.0009784735812133072,0.0009784735812133072,0.0019569471624266144,0.0,False,0.10002583298832178,0.10264335200190544,0.0029084284685086457,6.3295798897743225,0.9999978065490722,1.0000011718273163,0.0020538840896915642,0.0,0.16038086578249933,0.4538535529375076,0.7612389305233955,0.0,0.00018390489061857805,0.00044131926188129,0.0008111597796960268,0.0011675297390320338,0.4227882993966341,0.4244676373898983,cola,43
D,glue_v1,bert.encoder.layer.3.attention.self.key,3,K,full_high,10,10,1.0,0.0009784735812133072,0.0009784735812133072,0.0019569471624266144,0.0,False,0.0,0.018157488596625627,0.018157488596625627,21.920969552993775,0.9999915033578872,1.0000088360905648,0.003989992734277621,0.0,0.052556074894964694,0.23544847682118417,0.5924825775623321,0.0,8.174152208084706e-05,0.0002071333305502776,0.0004076746407372411,0.000519891902586096,0.35864911451935766,0.37031526800245046,cola,43
D,glue_v1,bert.encoder.layer.3.attention.output.dense,3,O,full_high,10,10,1.0,0.0009784735812133072,0.0009784735812133072,0.0019569471624266144,0.0,False,0.0998691488429904,0.1037769315391779,0.004341325673740357,9.445281889438629,0.9999944579601288,1.000004991889,0.00291773897013627,0.0,0.11720125339925289,0.39369145333766936,0.7124171915650368,0.0,0.0002994378328003222,0.0010029610942001454,0.0028220095700817183,0.0048454074724577365,0.4226914846152067,0.4251990659534931,cola,43
D,glue_v1,bert.encoder.layer.3.attention.self.query,3,Q,full_high,10,10,1.0,0.0009784735812133072,0.0009784735812133072,0.0019569471624266144,0.0,False,7.483237368433038e-08,0.01896256716456264,0.018962493655271827,23.487440996170044,0.9999901586771012,1.000009296834469,0.004248051897156983,0.0,0.04840627711266279,0.2230364479869604,0.5849800401926041,0.0,6.322396227915306e-05,0.00020624158325517782,0.0005097799326176755,0.0008069938790868037,0.3586491687595844,0.37085239734500647,cola,43
D,glue_v1,bert.encoder.layer.3.attention.self.value,3,V,full_high,10,10,1.0,0.0009784735812133072,0.0009784735812133072,0.0019569471624266144,0.0,False,0.0,0.013978473581373692,0.013978473581373692,14.884135055541993,0.9999945563077927,1.0000063127279282,0.00321415288024582,0.0,0.0743649397417903,0.3041034536063671,0.6730299916863441,0.0,0.00016116373135446337,0.0005261448674718849,0.001156206963059958,0.0015389140509068965,0.35864911451935766,0.3676425860449672,cola,43
D,glue_v1,bert.encoder.layer.4.intermediate.dense,4,FFN1,full_high,10,10,1.0,0.0009784735812133072,0.0009784735812133072,0.0019569471624266144,0.0,False,0.0007134756550658494,0.19021322339773178,0.18963523656129838,604.1879878234863,0.999958501458168,1.0000385695695877,0.008783124554902315,0.0,0.008597147213295101,0.05733972391113639,0.31614156514406205,0.0,0.00021225250187853817,0.0005758471396984532,0.0012086981564061717,0.0016731820773566142,0.35910735573619607,0.48079907581210135,cola,43
D,glue_v1,bert.encoder.layer.4.output.dense,4,FFN2,full_high,10,10,1.0,0.0009784735812133072,0.0009784735812133072,0.0019569471624266144,0.0,False,0.09991464249789715,0.10248842742294073,0.0028594896150752904,6.227021594047546,0.9999979022145271,1.0000024726986885,0.0020260138995945452,0.0,0.16226727172732353,0.456113650649786,0.7637113597989083,0.0,0.0002020258170523448,0.0004837574560951907,0.0008898793678963557,0.001181929672602564,0.422728383615613,0.4243770258128643,cola,43
D,glue_v1,bert.encoder.layer.4.attention.self.key,4,K,full_high,10,10,1.0,0.0009784735812133072,0.0009784735812133072,0.0019569471624266144,0.0,False,0.0,0.01905352442059666,0.01905352442059666,26.1264213180542,0.9999895256757736,1.0000094160437585,0.004394597806967795,0.0,0.04497924923896789,0.21240101456642152,0.5630518156290054,0.0,0.00010923980349616613,0.00027855474058014807,0.0005376697359315585,0.0007043564309424255,0.35864911451935766,0.37085559729486706,cola,43
D,glue_v1,bert.encoder.layer.4.attention.output.dense,4,O,full_high,10,10,1.0,0.0009784735812133072,0.0009784735812133072,0.0019569471624266144,0.0,False,0.10010735340416431,0.10347088202834129,0.0037376556114759297,8.169772193431854,0.9999959474802017,1.0000029736757279,0.0025801858329214155,0.0,0.13090197868645193,0.41229239493608477,0.7273940545320511,0.0,0.00028805046145862433,0.0008209634898230433,0.001978570786304772,0.00335300920822192,0.42286260426044464,0.42501569725573063,cola,43
D,glue_v1,bert.encoder.layer.4.attention.self.query,4,Q,full_high,10,10,1.0,0.0009784735812133072,0.0009784735812133072,0.0019569471624266144,0.0,False,0.0,0.020195148196071388,0.020195148196071388,25.93502989768982,0.9999907857179642,1.0000101816654205,0.004132631738903001,0.0,0.04777493085712194,0.22762898236513138,0.5877406570315361,0.0,7.108992842404405e-05,0.00020908953905745875,0.0004614044581830967,0.000681909908525995,0.35864911451935766,0.3716427674144506,cola,43
D,glue_v1,bert.encoder.layer.4.attention.self.value,4,V,full_high,10,10,1.0,0.0009784735812133072,0.0009784735812133072,0.0019569471624266144,0.0,False,0.0,0.013676958945579827,0.013676958945579827,19.021765727996826,0.9999923089146614,1.000008144080639,0.003707552055129781,0.0,0.06254588194191456,0.2787608978897333,0.643184423148632,0.0,0.0001632389259248157,0.0005736583813268226,0.0014829956341418438,0.0021552396990591662,0.35864911451935766,0.36742131285369395,cola,43
D,glue_v1,bert.encoder.layer.5.intermediate.dense,5,FFN1,full_high,10,10,1.0,0.0009784735812133072,0.0009784735812133072,0.0019569471624266144,0.0,False,0.0005636545213928912,0.17165227808058262,0.17118533104658126,244.02489234924317,0.9999574637413025,1.0000404533743859,0.00878894679248333,0.0,0.009362904643639923,0.06027836786583066,0.32589283779263495,0.0,0.00022303106452454814,0.0006787392988917418,0.00145312171720434,0.0019551602326100693,0.3590111290663481,0.4689191017299891,cola,43
D,glue_v1,bert.encoder.layer.5.output.dense,5,FFN2,full_high,10,10,1.0,0.0009784735812133072,0.0009784735812133072,0.0019569471624266144,0.0,False,0.10004780955612659,0.10261516533792019,0.0028527739201672374,6.181668090820312,0.9999979269504548,1.0000025913119317,0.0020148897636681797,0.0,0.16335156589746475,0.4579985027015209,0.7648645877838135,0.0,0.00020812104274227749,0.0005032561879488639,0.0009164507311652415,0.0011910693522077054,0.4228159254044294,0.42446223258972166,cola,43
D,glue_v1,bert.encoder.layer.5.attention.self.key,5,K,full_high,10,10,1.0,0.0009784735812133072,0.0009784735812133072,0.0019569471624266144,0.0,False,0.0,0.01994519604835659,0.01994519604835659,23.851843395233153,0.9999922302365303,1.0000083491206169,0.0038496730069164185,0.0,0.04831371644511819,0.2397025306522846,0.6142386904358864,0.0,9.27628777026257e-05,0.00022962841132539324,0.00044400536469765936,0.0005509631351742428,0.35864911451935766,0.37143042527139186,cola,43
D,glue_v1,bert.encoder.layer.5.attention.output.dense,5,O,full_high,10,10,1.0,0.0009784735812133072,0.0009784735812133072,0.0019569471624266144,0.0,False,0.09999592196196318,0.10330157149583101,0.0036729564482811837,7.931668264865875,0.9999962338805198,1.0000043857097625,0.0025253925065044313,0.0,0.1329656956344843,0.41416783213615416,0.7297499054670333,0.0,0.00030263876309618356,0.0008909549239615444,0.0022256485631805844,0.0035541223071049897,0.4227699402719736,0.4248917987942696,cola,43
D,glue_v1,bert.encoder.layer.5.attention.self.query,5,Q,full_high,10,10,1.0,0.0009784735812133072,0.0009784735812133072,0.0019569471624266144,0.0,False,0.0,0.023150512455031275,0.023150512455031275,24.224430952072144,0.9999913010001182,1.0000090497732161,0.0040465498669072985,0.0,0.04692979134619236,0.2306706902384758,0.5920307752490044,0.0,6.723951759340707e-05,0.00020689821074483915,0.0004506304921960691,0.0006686990904563573,0.35864911451935766,0.3735266729071736,cola,43
D,glue_v1,bert.encoder.layer.5.attention.self.value,5,V,full_high,10,10,1.0,0.0009784735812133072,0.0009784735812133072,0.0019569471624266144,0.0,False,0.0,0.01246782396454364,0.01246782396454364,15.60602310180664,0.999994948208332,1.0000068280100822,0.0031037195213139057,0.0,0.07463602170348167,0.31992142572999,0.6888049244880676,0.0,0.00012558258767967346,0.00040185458106861916,0.0015140418021474034,0.0022289717581588774,0.35864911451935766,0.3666446414962411,cola,43
D,glue_v1,bert.encoder.layer.6.intermediate.dense,6,FFN1,full_high,10,10,1.0,0.0009784735812133072,0.0009784735812133072,0.0019569471624266144,0.0,False,0.00030059521290240807,0.14936812177300454,0.14911236777901649,133.47341552734375,0.9999513709545136,1.0000455927848817,0.009177477108314633,0.0,0.009928225772455335,0.06066627193242311,0.3228857633471489,0.0,0.00023665664957661647,0.0007109997450606897,0.0014836037723580376,0.002281886901764665,0.35884197261184453,0.45453953437507155,cola,43
D,glue_v1,bert.encoder.layer.6.output.dense,6,FFN2,full_high,10,10,1.0,0.0009784735812133072,0.0009784735812133072,0.0019569471624266144,0.0,False,0.09990919254720211,0.1024167875945568,0.0027859357977285983,6.083618037700653,0.9999979913234711,1.0000017991662025,0.0019890651636524127,0.0,0.16581804521381854,0.462065332531929,0.7678179544210434,0.0,0.0002134939942334313,0.0005298662676068488,0.0010231505753472447,0.001339300434337929,0.4227226432412863,0.42432999290525913,cola,43
D,glue_v1,bert.encoder.layer.6.attention.self.key,6,K,full_high,10,10,1.0,0.0009784735812133072,0.0009784735812133072,0.0019569471624266144,0.0,False,0.0,0.02898053186945617,0.02898053186945617,37.6043119430542,0.9999868834018707,1.0000101280212403,0.004910528066102415,0.0,0.03385781293734908,0.18330859407782554,0.52887930855155,0.0,0.00013037617183726978,0.00036896192708809396,0.000801719595619943,0.001028461699897889,0.35864911451935766,0.3772557624801993,cola,43
D,glue_v1,bert.encoder.layer.6.attention.output.dense,6,O,full_high,10,10,1.0,0.0009784735812133072,0.0009784735812133072,0.0019569471624266144,0.0,False,0.1000202440842986,0.10295309878885746,0.0032587939023505895,7.084578750133514,0.9999971440434456,1.000002458691597,0.002283530089771375,0.0,0.14511596992611886,0.4287907664477825,0.7401566761732101,0.0,0.00028119758622779044,0.0007956807051959913,0.0016736571441288107,0.0025632474571466446,0.4227828986942768,0.42466100834310055,cola,43
D,glue_v1,bert.encoder.layer.6.attention.self.query,6,Q,full_high,10,10,1.0,0.0009784735812133072,0.0009784735812133072,0.0019569471624266144,0.0,False,0.0,0.023200960531830787,0.023200960531830787,27.402564697265625,0.9999910435080528,1.000009281039238,0.004100120544899255,0.0,0.04307822173461318,0.22495468974113464,0.6020570087432862,0.0,6.902886767420568e-05,0.00020939904312399448,0.0004967503240186488,0.0008435796896810643,0.35864911451935766,0.37356668915599583,cola,43
D,glue_v1,bert.encoder.layer.6.attention.self.value,6,V,full_high,10,10,1.0,0.0009784735812133072,0.0009784735812133072,0.0019569471624266144,0.0,False,0.0,0.014181024469435215,0.014181024469435215,19.596143798828123,0.9999940857291222,1.0000056219100952,0.003347801186610013,0.0,0.06145450614392758,0.2955485016107559,0.6795118522644042,0.0,0.00016248539421212627,0.0005805130275257398,0.0014804191596340388,0.0021743337632506156,0.35864911451935766,0.36776269260793926,cola,43
D,glue_v1,bert.encoder.layer.7.intermediate.dense,7,FFN1,full_high,10,10,1.0,0.0009784735812133072,0.0009784735812133072,0.0019569471624266144,0.0,False,0.0002505388038844103,0.1285349140688777,0.12831659127026795,115.7453157043457,0.9999466699361801,1.0000522327423096,0.00978850936051458,0.0,0.009592441199347377,0.05530120879411697,0.2992949660122395,0.0,0.0002699347904854221,0.0008685056740068831,0.001983632077171933,0.002892377565149218,0.3588101314008236,0.44115905836224556,cola,43
D,glue_v1,bert.encoder.layer.7.output.dense,7,FFN2,full_high,10,10,1.0,0.0009784735812133072,0.0009784735812133072,0.0019569471624266144,0.0,False,0.10000191051512956,0.10249033451080322,0.002764936676248908,6.042116086483002,0.9999979934096337,1.0000008404254914,0.001984768802067265,0.0,0.16701678685843946,0.4643756549060345,0.768621199131012,0.0,0.0002191295828379225,0.0005843160304357298,0.0012027266647783108,0.0015793140814639628,0.4227861502021551,0.4243843529373407,cola,43
D,glue_v1,bert.encoder.layer.7.attention.self.key,7,K,full_high,10,10,1.0,0.0009784735812133072,0.0009784735812133072,0.0019569471624266144,0.0,False,0.0,0.024807433839887382,0.024807433839887382,31.221873598098753,0.9999901238083839,1.0000090256333352,0.004323741464177146,0.0,0.03818499743938446,0.20978103049099445,0.5661542132496834,0.0,8.650979756566813e-05,0.0002213204314466566,0.0004267679985787254,0.0005545434033410857,0.35864911451935766,0.3745349671691656,cola,43
D,glue_v1,bert.encoder.layer.7.attention.output.dense,7,O,full_high,10,10,1.0,0.0009784735812133072,0.0009784735812133072,0.0019569471624266144,0.0,False,0.09998278521001339,0.10264845963567495,0.002961803702637553,6.420167646408081,0.9999977168440819,1.0000029802322388,0.002092705722898245,0.0,0.15804374933242799,0.4486670142412186,0.7563679617643356,0.0,0.0002644069983944064,0.0008618395018856973,0.0017386516489204952,0.0025675453670555726,0.4227814590930939,0.42449074625968936,cola,43
D,glue_v1,bert.encoder.layer.7.attention.self.query,7,Q,full_high,10,10,1.0,0.0009784735812133072,0.0009784735812133072,0.0019569471624266144,0.0,False,0.0,0.02204366053454578,0.02204366053454578,24.793015947341917,0.9999918782711029,1.0000062584877014,0.003918078445130959,0.0,0.045717112217098475,0.23650910332798958,0.6138947945833206,0.0,5.5246407882805215e-05,0.00015889100061031058,0.00036001433007186277,0.0005315523213357665,0.35864911451935766,0.3727914430573583,cola,43
D,glue_v1,bert.encoder.layer.7.attention.self.value,7,V,full_high,10,10,1.0,0.0009784735812133072,0.0009784735812133072,0.0019569471624266144,0.0,False,0.0,0.015086131547577679,0.015086131547577679,20.412782506942747,0.9999943619966507,1.0000047779083252,0.0032751994102727623,0.0,0.05889823235571384,0.30544703438878057,0.6888686156272888,0.0,0.00013900517016736557,0.0006261246534995735,0.0014762421930208803,0.002182132129673846,0.35864911451935766,0.36831672813743355,cola,43
D,glue_v1,bert.encoder.layer.8.intermediate.dense,8,FFN1,full_high,10,10,1.0,0.0009784735812133072,0.0009784735812133072,0.0019569471624266144,0.0,False,0.00013141487012035213,0.12021101515740157,0.12009540155529976,108.9750431060791,0.9999516052007675,1.0000478732585907,0.009383832346647978,0.0,0.01024871442001313,0.05653979005292058,0.3071254390478134,0.0,0.00025193471359671095,0.000796882395807188,0.0017436672875192015,0.0028881646372610702,0.3587330296263099,0.43578087411820887,cola,43
D,glue_v1,bert.encoder.layer.8.output.dense,8,FFN2,full_high,10,10,1.0,0.0009784735812133072,0.0009784735812133072,0.0019569471624266144,0.0,False,0.10001822769641876,0.10258127588778734,0.0028478977596387268,6.15598001241684,0.9999978774785996,1.0000016695261003,0.002023205413133837,0.0,0.1645798332989216,0.4616692532598972,0.7660143956542015,0.0,0.00021000527507567313,0.000594963267503772,0.0017005198070546611,0.0022850770241348074,0.42281577438116075,0.42445910699665546,cola,43
D,glue_v1,bert.encoder.layer.8.attention.self.key,8,K,full_high,10,10,1.0,0.0009784735812133072,0.0009784735812133072,0.0019569471624266144,0.0,False,0.0,0.027014039494097232,0.027014039494097232,32.86422882080078,0.9999893736839295,1.0000094079971313,0.004474550462327897,0.0,0.03628122142516076,0.2011207389831543,0.5547517481446266,0.0,0.00013619153964100405,0.00037542318110354243,0.0007973302583559416,0.001052795018767938,0.35864911451935766,0.3759801552072167,cola,43
D,glue_v1,bert.encoder.layer.8.attention.output.dense,8,O,full_high,10,10,1.0,0.0009784735812133072,0.0009784735812133072,0.0019569471624266144,0.0,False,0.10006834581494331,0.10259866394102574,0.0028116866445634515,6.1170966649055485,0.9999979442358017,1.000001685321331,0.0020070031646173448,0.0,0.16496848374605178,0.45924281522631644,0.7637964990735054,0.0,0.0002740726328192977,0.0010140021750703453,0.0020725166029296814,0.00318177921930328,0.42283973753452303,0.4244623712450266,cola,43
D,glue_v1,bert.encoder.layer.8.attention.self.query,8,Q,full_high,10,10,1.0,0.0009784735812133072,0.0009784735812133072,0.0019569471624266144,0.0,False,0.0,0.024760525934398175,0.024760525934398175,29.07854803085327,0.9999884974956512,1.0000125887989997,0.004536753641441464,0.0,0.042142086345702406,0.21350542530417443,0.5718644332885742,0.0,8.466104602121049e-05,0.0003240999156696489,0.0009597305742499884,0.0015803486478398554,0.35864911451935766,0.3746033879742026,cola,43
D,glue_v1,bert.encoder.layer.8.attention.self.value,8,V,full_high,10,10,1.0,0.0009784735812133072,0.0009784735812133072,0.0019569471624266144,0.0,False,0.0,0.012392762871459127,0.012392762871459127,17.382043266296385,0.9999944964051246,1.0000054377317429,0.003239525050157681,0.0,0.06597197560593486,0.3040600322186947,0.6814956986904144,0.0,0.00015996254933270393,0.0005691368036787026,0.002570397455128841,0.004368943586014211,0.35864911451935766,0.3666011869162321,cola,43
D,glue_v1,bert.encoder.layer.9.intermediate.dense,9,FFN1,full_high,10,10,1.0,0.0009784735812133072,0.0009784735812133072,0.0019569471624266144,0.0,False,0.0007895360415568575,0.14148586172610522,0.1408076233789325,150.7003328704834,0.9999118682742119,1.000086944103241,0.012506024925969542,0.0,0.007635803055018186,0.04228280762210488,0.22729426369071007,0.0,0.0003201067623012932,0.0009474604151910171,0.0017962815955979749,0.0022875744110206144,0.35915452633053063,0.4493246567994356,cola,43
D,glue_v1,bert.encoder.layer.9.output.dense,9,FFN2,full_high,10,10,1.0,0.0009784735812133072,0.0009784735812133072,0.0019569471624266144,0.0,False,0.10001784533262253,0.10265705902129411,0.0029324900452047586,6.362261962890625,0.9999977850914001,1.0000026497244834,0.002072435086593032,0.0,0.15912667639553546,0.45030283749103545,0.7569487103819847,0.0,0.00019249628006946296,0.0006095099929370918,0.00160866870515747,0.002114844566094689,0.4227908791601658,0.42448454841971395,cola,43
D,glue_v1,bert.encoder.layer.9.attention.self.key,9,K,full_high,10,10,1.0,0.0009784735812133072,0.0009784735812133072,0.0019569471624266144,0.0,False,0.0,0.03076044755987823,0.03076044755987823,34.28753536224365,0.9999908041954041,1.0000097382068633,0.004172575667034835,0.0,0.035112586244940756,0.215423351675272,0.59860546708107,0.0,0.00013944822298071812,0.00047391819942276924,0.0009305868591764011,0.0011564565065782517,0.35864911451935766,0.378380059748888,cola,43
D,glue_v1,bert.encoder.layer.9.attention.output.dense,9,O,full_high,10,10,1.0,0.0009784735812133072,0.0009784735812133072,0.0019569471624266144,0.0,False,0.10013869784772396,0.10270749218761921,0.0028546201309654863,6.186353070735931,0.9999978914856911,1.0000019815564156,0.002031381477136165,0.0,0.16329863891005517,0.4560253545641899,0.7595267033576966,0.0,0.0002496622287435457,0.0008395705616567284,0.0019281120115192606,0.0027183993958169593,0.4228773491829634,0.4245254451781511,cola,43
D,glue_v1,bert.encoder.layer.9.attention.self.query,9,Q,full_high,10,10,1.0,0.0009784735812133072,0.0009784735812133072,0.0019569471624266144,0.0,False,0.0,0.024205198688432576,0.024205198688432576,29.4439786529541,0.9999906867742538,1.0000102996826172,0.004197588107781485,0.0,0.039288658369332555,0.2173353050649166,0.5896075576543808,0.0,0.00010076614702484222,0.00037021866977738683,0.001066084304911783,0.0016686736099654808,0.35864911451935766,0.3742022193595767,cola,43
D,glue_v1,bert.encoder.layer.9.attention.self.value,9,V,full_high,10,10,1.0,0.0009784735812133072,0.0009784735812133072,0.0019569471624266144,0.0,False,0.0,0.015215253001078963,0.015215253001078963,20.83944030761719,0.9999918419122696,1.000007500052452,0.0038744138774927704,0.0,0.05488692162558437,0.25255060583353045,0.6139880391955376,0.0,0.00022241820537601597,0.0008110734296496957,0.0029015992663335055,0.004284316544071771,0.35864911451935766,0.3683824919164181,cola,43
D,glue_v1,bert.encoder.layer.10.intermediate.dense,10,FFN1,full_high,10,10,1.0,0.0009784735812133072,0.0009784735812133072,0.0019569471624266144,0.0,False,0.00029302253598871173,0.1722517440468073,0.1720091523230076,194.76431602478027,0.9998828434944153,1.0001103729009628,0.014789487435482442,0.0,0.005542216070462018,0.03016182848252356,0.1676504835486412,0.0,0.00033781911995902194,0.0009211215277900919,0.001649373021791689,0.002130605054553598,0.35883650586009025,0.4690543956309557,cola,43
D,glue_v1,bert.encoder.layer.10.output.dense,10,FFN2,full_high,10,10,1.0,0.0009784735812133072,0.0009784735812133072,0.0019569471624266144,0.0,False,0.09993873972445727,0.1025581706315279,0.0029102724487893284,6.297333915233612,0.999997795522213,1.0000021055340766,0.002062642475357279,0.0,0.16095550000667572,0.453834235817194,0.758375172317028,0.0,0.0001448295836962643,0.0005018055818800348,0.0015859449791605583,0.002046468802727759,0.4227365877479315,0.42441641829907895,cola,43
D,glue_v1,bert.encoder.layer.10.attention.self.key,10,K,full_high,10,10,1.0,0.0009784735812133072,0.0009784735812133072,0.0019569471624266144,0.0,False,0.0,0.026611448237672447,0.026611448237672447,27.681750078201294,0.9999911543726921,1.0000094068050385,0.004090752121992409,0.0,0.043224138859659436,0.2264313017576933,0.5875696673989296,0.0,0.00015041133399790852,0.0005859437711478677,0.0014243227487895638,0.002040305339032784,0.35864911451935766,0.3756882525980473,cola,43
D,glue_v1,bert.encoder.layer.10.attention.output.dense,10,O,full_high,10,10,1.0,0.0009784735812133072,0.0009784735812133072,0.0019569471624266144,0.0,False,0.09995501860976219,0.10249556642025709,0.002822684672428295,6.142425899505615,0.9999979004263878,1.0000020071864129,0.0020198916830122472,0.0,0.16482416972517966,0.45990127459168434,0.7625619599223137,0.0,0.00018556793012976412,0.0006194200256140903,0.0013945597826386803,0.0018208530760603025,0.42274875693023206,0.42437982983887196,cola,43
D,glue_v1,bert.encoder.layer.10.attention.self.query,10,Q,full_high,10,10,1.0,0.0009784735812133072,0.0009784735812133072,0.0019569471624266144,0.0,False,0.0,0.024731273651123046,0.024731273651123046,27.116880578994753,0.999990818798542,1.0000096419453621,0.004155782064190134,0.0,0.04334484413266182,0.2264063284546137,0.5778072011470795,0.0,0.00010015426481913891,0.0003627045870234724,0.0007509464934992139,0.001039868597727036,0.35864911451935766,0.37452155355364086,cola,43
D,glue_v1,bert.encoder.layer.10.attention.self.value,10,V,full_high,10,10,1.0,0.0009784735812133072,0.0009784735812133072,0.0019569471624266144,0.0,False,0.0,0.021461804397404194,0.021461804397404194,28.588818340301515,0.9999864259362221,1.0000137856602669,0.004940955522470176,0.0,0.04155850809067488,0.19030414953827857,0.5411521703004837,0.0,0.0003064890486712102,0.0012183541947160847,0.003083295553806238,0.004266168506583199,0.35864911451935766,0.3723717001080513,cola,43
D,glue_v1,bert.encoder.layer.11.intermediate.dense,11,FFN1,full_high,10,10,1.0,0.0009784735812133072,0.0009784735812133072,0.0019569471624266144,0.0,False,0.9104420778155327,0.9178174829483032,0.08242623791098595,7.980251770019532,0.08956058777868747,0.08956903614103794,0.0008728511203662492,0.0,0.0,0.00012033147173497127,0.046582044027745725,0.0,0.0,9.880028374027461e-06,0.0015679697430459783,0.0019154237519251182,0.9421926689147949,0.9469488862156868,cola,43
D,glue_v1,bert.encoder.layer.11.output.dense,11,FFN2,full_high,10,10,1.0,0.0009784735812133072,0.0009784735812133072,0.0019569471624266144,0.0,False,0.9193728733062744,0.9196332424879075,0.003230143987457268,0.6131230944395065,0.0895647781714797,0.08956527851521968,0.00019473889871733264,0.0,0.0,0.0003377909087430453,0.40065217986702917,0.0,0.0,9.001667785923928e-06,0.0012103728970396333,0.001388466350035742,0.9479576158523559,0.948125139772892,cola,43
D,glue_v1,bert.encoder.layer.11.attention.self.key,11,K,full_high,10,10,1.0,0.0009784735812133072,0.0009784735812133072,0.0019569471624266144,0.0,False,0.0,0.09208878267556429,0.09208878267556429,73.95677368164063,0.9999779596924782,1.000018176138401,0.006503340771887451,0.0,0.016282261847518385,0.11233190633356571,0.36176214560866354,0.0,0.00023861296504037454,0.0005560272342700046,0.0009400808910140768,0.0012007355951936915,0.35864911451935766,0.41757157489657404,cola,43
D,glue_v1,bert.encoder.layer.11.attention.output.dense,11,O,full_high,10,10,1.0,0.0009784735812133072,0.0009784735812133072,0.0019569471624266144,0.0,False,0.919364201426506,0.9195861288905144,0.0027532023488311096,0.5466509760916233,0.08956481579691172,0.08956521540880204,0.00017692519177217036,0.0,0.0,0.0003474001301219687,0.44260056003928183,0.0,0.0,1.3174632913433015e-05,0.001736388166900724,0.0020592567266430706,0.9479506841301918,0.9480937996506691,cola,43
D,glue_v1,bert.encoder.layer.11.attention.self.query,11,Q,full_high,10,10,1.0,0.0009784735812133072,0.0009784735812133072,0.0019569471624266144,0.0,False,0.9104350909590722,0.9112414368987083,0.00898031473858282,1.256579471230507,0.08956449691206217,0.08956547126173973,0.0002922720552305691,0.0,0.0,0.0010827438073627604,0.2716493070870638,0.0,0.0,4.129404042032547e-06,0.0007661682319303509,0.0010841068453737535,0.9421881860494614,0.9427094769477844,cola,43
D,glue_v1,bert.encoder.layer.11.attention.self.value,11,V,full_high,10,10,1.0,0.0009784735812133072,0.0009784735812133072,0.0019569471624266144,0.0,False,0.09935065917670727,0.12205325227230787,0.0252092508552596,70.24297666549683,0.9999854257702827,1.0000131526589393,0.005196013618260622,0.0,0.029233901211991906,0.1594942207634449,0.47216334521770476,0.0,0.0004407520558743272,0.0010192473937058822,0.0016575391165679321,0.0019954526930814607,0.42240849234163763,0.4369195958971977,cola,43
D,glue_v1,bert.encoder.layer.0.intermediate.dense,0,FFN1,layerwise,10,10,1.0,0.0009784735812133072,0.0009784735812133072,0.0019569471624266144,0.0,False,0.0006118019830319099,0.23848908990621567,0.23802307642996312,207.64435241699218,0.999946611225605,1.0000519806146622,0.009867000402882695,0.0,0.005562250434886664,0.04300892367959022,0.28615806214511397,0.0,0.00015384707618068205,0.0005218887400405948,0.001628418066247832,0.0026984916589572095,0.3590419864282012,0.5116050751507282,cola,43
D,glue_v1,bert.encoder.layer.0.output.dense,0,FFN2,layerwise,7,9,1.0,0.007936507936507936,0.007936507936507936,0.015873015873015872,0.0,False,0.10003966841846705,0.12070067197084428,0.02295766013674438,6.132220973968506,0.9998658475279808,1.000135020017624,0.01618574032559991,0.0,0.16488893620669842,0.46280144065618517,0.7691070678830146,0.0,0.00013249593936052407,0.0003721820970531553,0.0007176308566704393,0.0009427091122779529,0.4228167597204447,0.4360701189190149,cola,43
D,glue_v1,bert.encoder.layer.0.attention.self.key,0,K,layerwise,7,9,1.0,0.007936507936507936,0.007936507936507936,0.015873015873015872,0.0,False,0.0,0.10812500711530447,0.10812500711530447,22.186171016693116,0.999450927078724,1.000535125732422,0.032112322421744464,0.0,0.05393126657232642,0.2349238686263561,0.600720940232277,0.0,9.48110474018904e-05,0.00027251362436800266,0.0006787427782546729,0.0009444044902920723,0.35864911451935766,0.4280766147375107,cola,43
D,glue_v1,bert.encoder.layer.0.attention.output.dense,0,O,layerwise,7,9,1.0,0.007936507936507936,0.007936507936507936,0.015873015873015872,0.0,False,0.10015689361840487,0.12057438187301159,0.022690058117732406,6.099127998352051,0.9998656937479973,1.0001395472884178,0.016195931369438768,0.0,0.16560546077787877,0.462495928555727,0.7677240034937859,0.0,0.00020526282693026588,0.0005548124875349458,0.0011112239054637029,0.0015778796878294088,0.42287744022905827,0.4359719590097666,cola,43
D,glue_v1,bert.encoder.layer.0.attention.self.query,0,Q,layerwise,7,9,1.0,0.007936507936507936,0.007936507936507936,0.015873015873015872,0.0,False,0.0,0.09179148241877556,0.09179148241877556,17.498259553909303,0.9994934597611427,1.0005015140771867,0.030728022577241065,0.0,0.06523995772004128,0.25418820209801196,0.6013159584999085,0.0,6.683149322270766e-05,0.00021743559278547764,0.0005854858604288893,0.0010074143402744084,0.35864911451935766,0.41768134616315367,cola,43
D,glue_v1,bert.encoder.layer.0.attention.self.value,0,V,layerwise,7,9,1.0,0.007936507936507936,0.007936507936507936,0.015873015873015872,0.0,False,0.0,0.07751903261989355,0.07751903261989355,15.447873406410217,0.9995598793029785,1.0004486495256424,0.028687300803139807,0.0,0.07091227278113366,0.2719030075520277,0.6358149859309197,0.0,0.00020137281433562748,0.0005536573371500708,0.0012203241963288747,0.0017495704177417793,0.35864911451935766,0.40835784561932087,cola,43
D,glue_v1,bert.encoder.layer.1.intermediate.dense,1,FFN1,layerwise,10,10,1.0,0.0009784735812133072,0.0009784735812133072,0.0019569471624266144,0.0,False,0.0007239205343648791,0.16507564000785352,0.1644709710031748,124.32761394500733,0.9999542993307113,1.0000455677509308,0.00920906356535852,0.0,0.008595608815085143,0.0521888217702508,0.30527205526828766,0.0,0.00017233933864190475,0.0005259382208168972,0.0011038719015778041,0.0016849190983339213,0.3591125827655196,0.46441969320178034,cola,43
D,glue_v1,bert.encoder.layer.1.output.dense,1,FFN2,layerwise,7,9,1.0,0.007936507936507936,0.007936507936507936,0.015873015873015872,0.0,False,0.10017669282853603,0.12116142492741347,0.023320888113230468,6.255567066669464,0.9998615542054177,1.000145500600338,0.016411034241318703,0.0,0.16183659344911575,0.45774800196290016,0.7654329952597618,0.0,0.00016456116638437378,0.00044512869586469604,0.0008212929197179619,0.0010577773186378182,0.4228981614112854,0.4363568914681673,cola,43
D,glue_v1,bert.encoder.layer.1.attention.self.key,1,K,layerwise,7,9,1.0,0.007936507936507936,0.007936507936507936,0.015873015873015872,0.0,False,0.0,0.13121832035481928,0.13121832035481928,23.226343574523927,0.9994154334068298,1.0005617892742158,0.03292672633193433,0.0,0.051452201660722494,0.23496123261749743,0.5864648225903512,0.0,8.320854760313523e-05,0.00023379724763799458,0.0004879079217062099,0.0006732574535999447,0.35864911451935766,0.442809933423996,cola,43
D,glue_v1,bert.encoder.layer.1.attention.output.dense,1,O,layerwise,7,9,1.0,0.007936507936507936,0.007936507936507936,0.015873015873015872,0.0,False,0.09991116333752871,0.12177261229604483,0.024288017703220248,6.516412374973297,0.9998453289270401,1.0001574662327766,0.01712901420891285,0.0,0.15625312939286232,0.44854618683457376,0.7577925682067871,0.0,0.00022823758474260102,0.0007464012558921241,0.0019198548683198168,0.0026787852443521843,0.42273491106927397,0.4367571421712637,cola,43
D,glue_v1,bert.encoder.layer.1.attention.self.query,1,Q,layerwise,7,9,1.0,0.007936507936507936,0.007936507936507936,0.015873015873015872,0.0,False,0.0,0.14913693077862264,0.14913693077862264,24.86612002372742,0.9993051669001579,1.0006854754686356,0.03591306595131755,0.0,0.0457150568626821,0.20676095083355903,0.549165110886097,0.0,7.420222536893561e-05,0.0002385748105007224,0.0005185847337270389,0.0007967304890917149,0.35864911451935766,0.45449180535972117,cola,43
D,glue_v1,bert.encoder.layer.1.attention.self.value,1,V,layerwise,7,9,1.0,0.007936507936507936,0.007936507936507936,0.015873015873015872,0.0,False,0.0,0.12244938798248768,0.12244938798248768,19.333272171020507,0.9994652232527733,1.0005382722616196,0.031160504771396518,0.0,0.059652799014002084,0.25436785727739336,0.613520093858242,0.0,0.0001689182057452854,0.0005700558265380096,0.0016633656626800074,0.0028411555191269144,0.35864911451935766,0.4371146384626627,cola,43
D,glue_v1,bert.encoder.layer.2.intermediate.dense,2,FFN1,layerwise,10,10,1.0,0.0009784735812133072,0.0009784735812133072,0.0019569471624266144,0.0,False,0.001562372229527682,0.1490301625430584,0.14769872970879078,112.23532241821289,0.9999544647336006,1.0000450295209884,0.009074341044761241,0.0,0.009616024354472756,0.05633699733763933,0.31803605511784555,0.0,0.00019407480125664732,0.0006044369442679454,0.0013901998073561116,0.002195470784208737,0.3596487608551979,0.4541515770554543,cola,43
D,glue_v1,bert.encoder.layer.2.output.dense,2,FFN2,layerwise,7,9,1.0,0.007936507936507936,0.007936507936507936,0.015873015873015872,0.0,False,0.10003630012273788,0.12409717697650194,0.026735474579036234,7.189962060451507,0.9998002070188522,1.0001962241530418,0.01872053535655141,0.0,0.14510339707136155,0.43210615038871764,0.743194220662117,0.0,0.0002116925508744316,0.0006205792239052243,0.0012943620260921307,0.0018965584112447687,0.422786055803299,0.4382018391042948,cola,43
D,glue_v1,bert.encoder.layer.2.attention.self.key,2,K,layerwise,7,9,1.0,0.007936507936507936,0.007936507936507936,0.015873015873015872,0.0,False,7.31507498130668e-08,0.20001149222254752,0.20001143358647824,24.464256649017333,0.9994841253757477,1.0005015456676483,0.031199653744697572,0.0,0.04724530577659607,0.23389160327613354,0.5898208594322205,0.0,7.356687432547914e-05,0.00020784887106856331,0.00042653165241063107,0.0005556685702322283,0.35864916250109674,0.4867933061718941,cola,43
D,glue_v1,bert.encoder.layer.2.attention.output.dense,2,O,layerwise,7,9,1.0,0.007936507936507936,0.007936507936507936,0.015873015873015872,0.0,False,0.10007812771946192,0.12173184331506491,0.024061952494084837,6.464176597595215,0.9998479744791985,1.000157317519188,0.016974715888500212,0.0,0.15770072869956495,0.45057921901345255,0.7590512153506279,0.0,0.00024330299282155466,0.0007615622588491533,0.0018232548210653477,0.0027499070746125655,0.4228280545771122,0.4367037664353848,cola,43
D,glue_v1,bert.encoder.layer.2.attention.self.query,2,Q,layerwise,7,9,1.0,0.007936507936507936,0.007936507936507936,0.015873015873015872,0.0,False,0.0,0.24969360925257206,0.24969360925257206,30.5032603931427,0.9993687671422958,1.0006254154443741,0.03441396676003933,0.0,0.03710452472791076,0.19845063596963883,0.5360406742990017,0.0,6.834714689830434e-05,0.00022247658263950144,0.0005332905441900949,0.0008007321495097131,0.35864911451935766,0.5188719947636128,cola,43
D,glue_v1,bert.encoder.layer.2.attention.self.value,2,V,layerwise,7,9,1.0,0.007936507936507936,0.007936507936507936,0.015873015873015872,0.0,False,0.0,0.11002831283956765,0.11002831283956765,19.178418917655947,0.999570147395134,1.0004282587766646,0.028233484644442797,0.0,0.062443802077323196,0.2831543008983135,0.6563686722517014,0.0,0.00018835925053281244,0.0005802483099978417,0.0013248101514182053,0.0018439224918256514,0.35864911451935766,0.4292825548350811,cola,43
D,glue_v1,bert.encoder.layer.3.intermediate.dense,3,FFN1,layerwise,10,10,1.0,0.0009784735812133072,0.0009784735812133072,0.0019569471624266144,0.0,False,0.003232058137655258,0.19533509284257888,0.19272636935114862,577.0958984375,0.9999542248249054,1.000044100880623,0.00891309740021825,0.0,0.00797974831191823,0.05502999905496836,0.32872686013579366,0.0,0.00022315817717753815,0.0006975767041149084,0.002408642596274149,0.004318307715002447,0.36071775931864974,0.4840229335427284,cola,43
D,glue_v1,bert.encoder.layer.3.output.dense,3,FFN2,layerwise,7,9,1.0,0.007936507936507936,0.007936507936507936,0.015873015873015872,0.0,False,0.10002583298832178,0.12164192467927933,0.024018515283241868,6.414609229564666,0.9998507660627365,1.0001456812024117,0.01687034490518272,0.0,0.15859049677848816,0.451359845995903,0.7598839113116265,0.0,0.00021631875108141685,0.000549396534479456,0.0010575895971851423,0.0015182576191728003,0.4227882993966341,0.4366596809029579,cola,43
D,glue_v1,bert.encoder.layer.3.attention.self.key,3,K,layerwise,7,9,1.0,0.007936507936507936,0.007936507936507936,0.015873015873015872,0.0,False,0.0,0.12582728762179612,0.12582728762179612,22.384772891998292,0.9994321486353874,1.0005627375841142,0.032691722540184855,0.0,0.0511415209248662,0.23042213186621666,0.5864387318491936,0.0,9.997928804295952e-05,0.0002643899169197539,0.0005074544293165673,0.000682374848111067,0.35864911451935766,0.43940859943628313,cola,43
D,glue_v1,bert.encoder.layer.3.attention.output.dense,3,O,layerwise,7,9,1.0,0.007936507936507936,0.007936507936507936,0.015873015873015872,0.0,False,0.0998691488429904,0.13223690286278725,0.03595891552045941,9.633066878318786,0.9996189931035042,1.0003759562969208,0.0240119890589267,0.0,0.11602688163518905,0.39273738086223603,0.7117177176475525,0.0,0.00035519908902642783,0.0012333807596587576,0.0035912635672139003,0.006520801747101359,0.4226914846152067,0.44343362107872963,cola,43
D,glue_v1,bert.encoder.layer.3.attention.self.query,3,Q,layerwise,7,9,1.0,0.007936507936507936,0.007936507936507936,0.015873015873015872,0.0,False,7.07653998688329e-08,0.1319785413891077,0.13197848021984102,23.648140487670897,0.9993545347452164,1.0006376177072525,0.03442070299759507,0.0,0.048547774571925405,0.22288257248699664,0.5841091874241829,0.0,7.37795021632337e-05,0.00026465053007996176,0.0007097221483127213,0.0010470585702569224,0.3586491551995277,0.4434871339797974,cola,43
D,glue_v1,bert.encoder.layer.3.attention.self.value,3,V,layerwise,7,9,1.0,0.007936507936507936,0.007936507936507936,0.015873015873015872,0.0,False,0.0,0.0908590905368328,0.0908590905368328,14.678896040916444,0.9996487054228783,1.000352126955986,0.02582701051607728,0.0,0.07523951679468155,0.3060766462981701,0.6759839284420014,0.0,0.00019059530106460443,0.0006504875785321929,0.0014199434508918784,0.0018575038318522274,0.35864911451935766,0.4169789646565914,cola,43
D,glue_v1,bert.encoder.layer.4.intermediate.dense,4,FFN1,layerwise,10,10,1.0,0.0009784735812133072,0.0009784735812133072,0.0019569471624266144,0.0,False,0.0018494730780366808,0.19110744789242745,0.18960894539952278,598.8147653198242,0.9999583175778389,1.000039578974247,0.00879850021097809,0.0,0.008531526161823422,0.05704027764499187,0.31531140506267546,0.0,0.0002473343038582243,0.0007086912714294158,0.0015168704016832635,0.0020310698155662976,0.3598353006318212,0.48136564999818804,cola,43
D,glue_v1,bert.encoder.layer.4.output.dense,4,FFN2,layerwise,7,9,1.0,0.007936507936507936,0.007936507936507936,0.015873015873015872,0.0,False,0.0999147117510438,0.12099810000509023,0.023423797702416777,6.275357193946839,0.999859065413475,1.000138923227787,0.01655173072591424,0.0,0.16114457219839096,0.45427751377224923,0.7619146332144737,0.0,0.00023684378440520958,0.000596587307372829,0.0010885305251576937,0.0013966960652032868,0.42272843144834044,0.4362509886920452,cola,43
D,glue_v1,bert.encoder.layer.4.attention.self.key,4,K,layerwise,7,9,1.0,0.007936507936507936,0.007936507936507936,0.015873015873015872,0.0,False,0.0,0.1393109406903386,0.1393109406903386,26.327246131896974,0.9993070006370545,1.0006697499752044,0.03583553470671177,0.0,0.04439312607049942,0.20923949301242828,0.5567730531096459,0.0,0.00013083359259326245,0.0003586596056993585,0.000676581235602498,0.0008697351207956671,0.35864911451935766,0.44797934271395207,cola,43
D,glue_v1,bert.encoder.layer.4.attention.output.dense,4,O,layerwise,7,9,1.0,0.007936507936507936,0.007936507936507936,0.015873015873015872,0.0,False,0.10010735340416431,0.12825236383825542,0.03127589866518974,8.38927808046341,0.999715162217617,1.0002896535396575,0.021417407235130668,0.0,0.12853882763534785,0.4093514142930508,0.7256080892682075,0.0,0.0003398282538546482,0.0010265081495163032,0.0025371631269808857,0.004256813582032919,0.42286260426044464,0.44091660596430304,cola,43
D,glue_v1,bert.encoder.layer.4.attention.self.query,4,Q,layerwise,7,9,1.0,0.007936507936507936,0.007936507936507936,0.015873015873015872,0.0,False,0.0,0.13699814077466727,0.13699814077466727,25.34845781326294,0.9994128367304802,1.0005757313966752,0.03309721845202148,0.0,0.048313176427036524,0.22935811445116996,0.5899808391928673,0.0,8.188414933101739e-05,0.0002560949668259127,0.0005649620445910841,0.0008192647893156391,0.35864911451935766,0.44667341642081737,cola,43
D,glue_v1,bert.encoder.layer.4.attention.self.value,4,V,layerwise,7,9,1.0,0.007936507936507936,0.007936507936507936,0.015873015873015872,0.0,False,0.0,0.10330454349517822,0.10330454349517822,19.327745337486267,0.9994834312796592,1.0005105799436569,0.03036094192415476,0.0,0.06194988319650292,0.2757436701655388,0.6395005828142166,0.0,0.00019792374161625047,0.0007008048142597545,0.0018466371280374005,0.0026267511153127998,0.35864911451935766,0.42495844155550005,cola,43
D,glue_v1,bert.encoder.layer.5.intermediate.dense,5,FFN1,layerwise,10,10,1.0,0.0009784735812133072,0.0009784735812133072,0.0019569471624266144,0.0,False,0.0018402849743142725,0.17258900567889213,0.17106380634009838,240.83608207702636,0.9999577668309212,1.0000400644540788,0.008778447126969695,0.0,0.009283982519991695,0.05981057206168771,0.32406402587890626,0.0,0.0002574913445278071,0.0008146289696742315,0.0017256371176335961,0.0023146926640765743,0.3598305222764611,0.46956773146986963,cola,43
D,glue_v1,bert.encoder.layer.5.output.dense,5,FFN2,layerwise,7,9,1.0,0.007936507936507936,0.007936507936507936,0.015873015873015872,0.0,False,0.10004780955612659,0.12090132016688586,0.02317175845615566,6.215003089904785,0.9998617935180664,1.0001356294751167,0.01642378338612616,0.0,0.16257960364222526,0.45674057215452196,0.7645024713873864,0.0,0.0002442517723829951,0.0006074853321479168,0.0011114679372985848,0.0013576424738857896,0.4228159254044294,0.4361895841360092,cola,43
D,glue_v1,bert.encoder.layer.5.attention.self.key,5,K,layerwise,7,9,1.0,0.007936507936507936,0.007936507936507936,0.015873015873015872,0.0,False,0.0,0.13816340420395135,0.13816340420395135,23.785434894561767,0.9994942978024483,1.0004923754930497,0.03108495437540114,0.0,0.04861111052334308,0.2398002552241087,0.6147598907351494,0.0,0.00010880038893446908,0.0002832201164710568,0.000532756512548076,0.0006652884975483175,0.35864911451935766,0.4472528870403767,cola,43
D,glue_v1,bert.encoder.layer.5.attention.output.dense,5,O,layerwise,7,9,1.0,0.007936507936507936,0.007936507936507936,0.015873015873015872,0.0,False,0.09999599121510983,0.12781573578715325,0.030910486197099088,8.283119814395905,0.9997264134883881,1.0002815103530884,0.02128599722869694,0.0,0.12841281600296497,0.4074718628823757,0.7239362144470215,0.0,0.0003670804658031557,0.001104739367729053,0.0028158926678588615,0.004517733288812451,0.42276998303830626,0.4406171187758446,cola,43
D,glue_v1,bert.encoder.layer.5.attention.self.query,5,Q,layerwise,7,9,1.0,0.007936507936507936,0.007936507936507936,0.015873015873015872,0.0,False,0.0,0.14628964774310588,0.14628964774310588,23.760362968444824,0.9994452178478241,1.000552396774292,0.03235503712669015,0.0,0.04781951414421201,0.2326623870432377,0.5952845585346221,0.0,7.817771955160425e-05,0.00024210334246163256,0.0005320897212368436,0.0007581848133122549,0.35864911451935766,0.4525656562298536,cola,43
D,glue_v1,bert.encoder.layer.5.attention.self.value,5,V,layerwise,7,9,1.0,0.007936507936507936,0.007936507936507936,0.015873015873015872,0.0,False,0.0,0.09189472701400518,0.09189472701400518,15.40953796863556,0.9996709206700325,1.0003340613842011,0.02506030583754182,0.0,0.07527703449130058,0.3204796527326107,0.6901098617911339,0.0,0.00015114422680198914,0.0004884410672821105,0.00190809331019409,0.00265091412817128,0.35864911451935766,0.4176004548370838,cola,43
D,glue_v1,bert.encoder.layer.6.intermediate.dense,6,FFN1,layerwise,10,10,1.0,0.0009784735812133072,0.0009784735812133072,0.0019569471624266144,0.0,False,0.0010138398333219812,0.15213957764208316,0.15127917796373366,137.1041407394409,0.9999496787786484,1.0000501173734664,0.009360426017083227,0.0,0.009601236153393984,0.058720067236572505,0.3158820073306561,0.0,0.00028369971012580207,0.000881428946449887,0.0018202928485698067,0.0028658194496529177,0.35929865911602976,0.4563261729478836,cola,43
D,glue_v1,bert.encoder.layer.6.output.dense,6,FFN2,layerwise,7,9,1.0,0.007936507936507936,0.007936507936507936,0.015873015873015872,0.0,False,0.09990919254720211,0.12036696415394545,0.022728511979803443,6.128712985515595,0.9998653194308281,1.0001316258311272,0.016245651673525572,0.0,0.16464422449469565,0.4600748002529144,0.7663109481334687,0.0,0.0002505224479682511,0.0006319985492154956,0.0011824880939093419,0.001516487143235281,0.4227226432412863,0.43584337703883647,cola,43
D,glue_v1,bert.encoder.layer.6.attention.self.key,6,K,layerwise,7,9,1.0,0.007936507936507936,0.007936507936507936,0.015873015873015872,0.0,False,0.0,0.19200046084821223,0.19200046084821223,38.259869985580444,0.9991524171829224,1.00081192612648,0.03969019718468189,0.0,0.0331935001257807,0.18080734439194202,0.5230980388820171,0.0,0.00014990336032496998,0.00045762258756440135,0.0009692761496989988,0.0012348823974025437,0.35864911451935766,0.48194337472319604,cola,43
D,glue_v1,bert.encoder.layer.6.attention.output.dense,6,O,layerwise,7,9,1.0,0.007936507936507936,0.007936507936507936,0.015873015873015872,0.0,False,0.1000202440842986,0.12494418554008008,0.027693783733993768,7.43710036277771,0.9997896698117256,1.0002108490467072,0.01937891626730561,0.0,0.13909756645560264,0.41895592674612997,0.7312631997466087,0.0,0.0003423064790695207,0.0009988079711911269,0.0021145691815763713,0.0031329966441262513,0.4227828986942768,0.4387704890221357,cola,43
D,glue_v1,bert.encoder.layer.6.attention.self.query,6,Q,layerwise,7,9,1.0,0.007936507936507936,0.007936507936507936,0.015873015873015872,0.0,False,0.0,0.15966398298740386,0.15966398298740386,28.32372953414917,0.999406807422638,1.0005811166763305,0.03332657777704298,0.0,0.04250405298545957,0.22387775242328645,0.6008127838373184,0.0,8.00488876484451e-05,0.00024893301429983693,0.0005996832464006729,0.000888992425025208,0.35864911451935766,0.46127218440175055,cola,43
D,glue_v1,bert.encoder.layer.6.attention.self.value,6,V,layerwise,7,9,1.0,0.007936507936507936,0.007936507936507936,0.015873015873015872,0.0,False,0.0,0.10643281050026417,0.10643281050026417,19.519756860733033,0.9996101525425911,1.0003987854719163,0.027167502613738178,0.0,0.06147579953074455,0.2951483216881752,0.6789621183276177,0.0,0.00019109119770291727,0.0006723507333663292,0.0018805434682872147,0.0027313462976599114,0.35864911451935766,0.42701230630278586,cola,43
D,glue_v1,bert.encoder.layer.7.intermediate.dense,7,FFN1,layerwise,10,10,1.0,0.0009784735812133072,0.0009784735812133072,0.0019569471624266144,0.0,False,0.0008798889198806136,0.13039094049483538,0.12962521772831678,118.38579895019531,0.999945433139801,1.000053505897522,0.009920280491933227,0.0,0.009335365630686283,0.053710706308484076,0.29332274705171585,0.0,0.0003211600900249323,0.001010638733569067,0.002263094603549689,0.003234194811084308,0.3592126303911209,0.44239464201033113,cola,43
D,glue_v1,bert.encoder.layer.7.output.dense,7,FFN2,layerwise,7,9,1.0,0.007936507936507936,0.007936507936507936,0.015873015873015872,0.0,False,0.10000191051512956,0.12045179419219494,0.022722171060740946,6.11634104013443,0.9998647862672806,1.0001411911845208,0.016271345061250032,0.0,0.16503661379218101,0.4598673160374165,0.764574775993824,0.0,0.0002574495328735793,0.00069088948861463,0.0013279575933120213,0.0017561059709987603,0.4227861502021551,0.4359014566242695,cola,43
D,glue_v1,bert.encoder.layer.7.attention.self.key,7,K,layerwise,7,9,1.0,0.007936507936507936,0.007936507936507936,0.015873015873015872,0.0,False,0.0,0.1715067484229803,0.1715067484229803,31.29988784790039,0.9993516790866852,1.0006157130002975,0.0350595622882247,0.0,0.038129110615700484,0.2083931191265583,0.5644178393483162,0.0,9.918792737153126e-05,0.00026920213938865347,0.0005115078213566448,0.0006551665166625753,0.35864911451935766,0.4684499428421259,cola,43
D,glue_v1,bert.encoder.layer.7.attention.output.dense,7,O,layerwise,7,9,1.0,0.007936507936507936,0.007936507936507936,0.015873015873015872,0.0,False,0.09998278521001339,0.12183996539562941,0.024285460049286486,6.529662697315216,0.9998438847064972,1.0001592788100242,0.017250797292217613,0.0,0.15556839056313038,0.44334204360842705,0.7513846158981323,0.0,0.00031482423277338965,0.0010220283537637443,0.0019884129386628048,0.0029892603150801734,0.4227814590930939,0.43678514756262304,cola,43
D,glue_v1,bert.encoder.layer.7.attention.self.query,7,Q,layerwise,7,9,1.0,0.007936507936507936,0.007936507936507936,0.015873015873015872,0.0,False,0.0,0.14671602692455055,0.14671602692455055,24.269466428756715,0.9994862243533135,1.0005052709579467,0.03127140814438462,0.0,0.04672963131219149,0.23833781994879247,0.6145460188388825,0.0,6.376146759066614e-05,0.00018231096608360532,0.0004107179577840725,0.0006136018040706403,0.35864911451935766,0.4528270020335913,cola,43
D,glue_v1,bert.encoder.layer.7.attention.self.value,7,V,layerwise,7,9,1.0,0.007936507936507936,0.007936507936507936,0.015873015873015872,0.0,False,0.0,0.11250404968857765,0.11250404968857765,20.086274633407594,0.9996323749423027,1.00036356985569,0.026448460882529615,0.0,0.05963449338451028,0.30734932273626325,0.6900453805923462,0.0,0.00016545327853236813,0.0007273272404563614,0.0018183802920975723,0.0026238215155899524,0.35864911451935766,0.4308094510436058,cola,43
D,glue_v1,bert.encoder.layer.8.intermediate.dense,8,FFN1,layerwise,10,10,1.0,0.0009784735812133072,0.0009784735812133072,0.0019569471624266144,0.0,False,0.0005596981837879866,0.12456580467522144,0.1240755845233798,115.7991261291504,0.9999483799934388,1.0000495490431787,0.009700893531553447,0.0,0.009646724234335125,0.05356829823926091,0.29569445714354514,0.0,0.0003081898936216021,0.0009831917073461227,0.0021747141089872458,0.003505581713397987,0.35900682244449855,0.43862886175513266,cola,43
D,glue_v1,bert.encoder.layer.8.output.dense,8,FFN2,layerwise,7,9,1.0,0.007936507936507936,0.007936507936507936,0.015873015873015872,0.0,False,0.10001822769641876,0.12155388090759515,0.023928943313658236,6.436388201713562,0.9998482364416122,1.0001579162478447,0.0171099850255996,0.0,0.1573096901923418,0.4437268616259098,0.7481870746612549,0.0,0.0002491766801540507,0.0007215456488484051,0.001727056957606692,0.0023505806626053526,0.42281577438116075,0.43662266932427884,cola,43
D,glue_v1,bert.encoder.layer.8.attention.self.key,8,K,layerwise,7,9,1.0,0.007936507936507936,0.007936507936507936,0.015873015873015872,0.0,False,0.0,0.17991151824593543,0.17991151824593543,32.60348072052002,0.9993195521831513,1.000672996044159,0.035869517493993044,0.0,0.03666893940418959,0.20221168704330922,0.5566664737462997,0.0,0.00015556659043795663,0.0004287150471645873,0.0009154121569008567,0.0012378772892407141,0.35864911451935766,0.4741126089543104,cola,43
D,glue_v1,bert.encoder.layer.8.attention.output.dense,8,O,layerwise,7,9,1.0,0.007936507936507936,0.007936507936507936,0.015873015873015872,0.0,False,0.10006841156631709,0.12078183278441429,0.023016687808558346,6.186357786655426,0.9998612469434738,1.0001491758227348,0.01645296897739172,0.0,0.16324180200695992,0.45593139097094537,0.7600524991750717,0.0,0.0003197791698039509,0.0011483373638475315,0.0024128193524666133,0.003974614319158718,0.42283978044986725,0.4361221759021282,cola,43
D,glue_v1,bert.encoder.layer.8.attention.self.query,8,Q,layerwise,7,9,1.0,0.007936507936507936,0.007936507936507936,0.015873015873015872,0.0,False,0.0,0.15834142059087752,0.15834142059087752,27.98107529640198,0.9992951855063439,1.000681182742119,0.03568131105974317,0.0,0.043319446686655286,0.21837912194430828,0.5787552109360695,0.0,9.687312023743289e-05,0.00034843622699554544,0.0009863332071108743,0.0016625023895176128,0.35864911451935766,0.46053945943713187,cola,43
D,glue_v1,bert.encoder.layer.8.attention.self.value,8,V,layerwise,7,9,1.0,0.007936507936507936,0.007936507936507936,0.015873015873015872,0.0,False,0.0,0.09567943785339594,0.09567943785339594,17.093031554222108,0.9996434745192527,1.0003482490777968,0.026106292698532343,0.0,0.06668626045808196,0.3046391732990742,0.6817575749754906,0.0,0.00019046165889449184,0.0006822028072201647,0.003277245170902461,0.005670718172332272,0.35864911451935766,0.4200058100372553,cola,43
D,glue_v1,bert.encoder.layer.9.intermediate.dense,9,FFN1,layerwise,10,10,1.0,0.0009784735812133072,0.0009784735812133072,0.0019569471624266144,0.0,False,0.0015351739013567567,0.14375297527760267,0.1424366521835327,154.2558392715454,0.9999119240045548,1.0000881111621858,0.012632858725264668,0.0,0.007351454454474151,0.03999563068151474,0.21655481360852719,0.0,0.00037590662381262516,0.0010544999837293289,0.0019391791860107332,0.0024499065586132927,0.3596337254345417,0.45090763822197916,cola,43
D,glue_v1,bert.encoder.layer.9.output.dense,9,FFN2,layerwise,7,9,1.0,0.007936507936507936,0.007936507936507936,0.015873015873015872,0.0,False,0.10001784533262253,0.12212900497019291,0.02456833243370056,6.566676478385926,0.9998463645577431,1.000155302286148,0.017279279939830302,0.0,0.15400196731090546,0.4365231740474701,0.7426400038599968,0.0,0.00022432394285715418,0.0006873133912449703,0.001535129499679897,0.002014118922816124,0.4227908791601658,0.4369688508659601,cola,43
D,glue_v1,bert.encoder.layer.9.attention.self.key,9,K,layerwise,7,9,1.0,0.007936507936507936,0.007936507936507936,0.015873015873015872,0.0,False,0.0,0.20356023102998733,0.20356023102998733,36.27562253952026,0.9993960288167,1.0005620485544204,0.03389323702082038,0.0,0.0334889570903033,0.21135319024324417,0.5929027438163758,0.0,0.00016344091465725797,0.000582806751190219,0.0011202635418158025,0.0014060838636942208,0.35864911451935766,0.4891782313585281,cola,43
D,glue_v1,bert.encoder.layer.9.attention.output.dense,9,O,layerwise,7,9,1.0,0.007936507936507936,0.007936507936507936,0.015873015873015872,0.0,False,0.10013869784772396,0.12094943892210722,0.023126591574400664,6.222510724067688,0.9998592746257782,1.00014462351799,0.016562967002391814,0.0,0.16239258885383606,0.4536051088571548,0.7580694618821144,0.0,0.0002801054035080597,0.0009327523940009996,0.0021259010391077027,0.0031489677069475876,0.4228773491829634,0.4362296052277088,cola,43
D,glue_v1,bert.encoder.layer.9.attention.self.query,9,Q,layerwise,7,9,1.0,0.007936507936507936,0.007936507936507936,0.015873015873015872,0.0,False,1.4713275959366e-07,0.17108789704740046,0.17108777359128,30.097957420349122,0.999390279352665,1.0005910915136338,0.034003287507221105,0.0,0.03865642077289522,0.21597000762820243,0.5885707572102546,0.0,0.00011819536135590169,0.0004347294354374753,0.0013200781455088872,0.0019614137581083924,0.3586491924524307,0.46867669351398944,cola,43
D,glue_v1,bert.encoder.layer.9.attention.self.value,9,V,layerwise,7,9,1.0,0.007936507936507936,0.007936507936507936,0.015873015873015872,0.0,False,0.0,0.11730129346251487,0.11730129346251487,21.066899061203003,0.999451893568039,1.0005443596839905,0.0318172274902463,0.0,0.05393094167113304,0.24799490079283715,0.6052302896976471,0.0,0.00026672632731788325,0.000993003524490632,0.0037613780284300445,0.00535740825231187,0.35864911451935766,0.4338813932985067,cola,43
D,glue_v1,bert.encoder.layer.10.intermediate.dense,10,FFN1,layerwise,10,10,1.0,0.0009784735812133072,0.0009784735812133072,0.0019569471624266144,0.0,False,0.0005324039289553184,0.1746393422782421,0.17419972606003284,199.0114483642578,0.9998797908425331,1.0001157706975936,0.015068176961503922,0.0,0.005354658546857536,0.02811016473919153,0.15632238425314426,0.0,0.00037320550727599767,0.0011392830190015957,0.0021834408066933974,0.0026790368958609177,0.3589900256693363,0.470700201690197,cola,43
D,glue_v1,bert.encoder.layer.10.output.dense,10,FFN2,layerwise,7,9,1.0,0.007936507936507936,0.007936507936507936,0.015873015873015872,0.0,False,0.09993873972445727,0.12086049292236567,0.023244847478345036,6.21595406293869,0.9998598644137382,1.0001390182971954,0.0165533693600446,0.0,0.16241264916956424,0.4530644701421261,0.7536066994071007,0.0,0.00015563318382191938,0.0005290068293106742,0.0013114264703472144,0.0016811437730211765,0.4227365877479315,0.4361559634655714,cola,43
D,glue_v1,bert.encoder.layer.10.attention.self.key,10,K,layerwise,7,9,1.0,0.007936507936507936,0.007936507936507936,0.015873015873015872,0.0,False,0.0,0.16476907193660736,0.16476907193660736,28.932846460342407,0.9994085419178009,1.0005807036161423,0.03348855962045491,0.0,0.04200856251642108,0.22190076537430287,0.5778070569038392,0.0,0.0001633144650622853,0.0006563139701029286,0.0016670472527039238,0.0023880742586334237,0.35864911451935766,0.46429973989725115,cola,43
D,glue_v1,bert.encoder.layer.10.attention.output.dense,10,O,layerwise,7,9,1.0,0.007936507936507936,0.007936507936507936,0.015873015873015872,0.0,False,0.09995501860976219,0.12107591725885868,0.023466488113626838,6.3071089720726015,0.9998547172546387,1.0001516115665436,0.01675388928502798,0.0,0.16077122896909712,0.45135891884565355,0.7544500145316124,0.0,0.00020265022583771498,0.0006652716365351807,0.0015055096484138631,0.0019173141429200769,0.42274875693023206,0.4362951065599918,cola,43
D,glue_v1,bert.encoder.layer.10.attention.self.query,10,Q,layerwise,7,9,1.0,0.007936507936507936,0.007936507936507936,0.015873015873015872,0.0,False,7.07653998688329e-08,0.1568620749935508,0.15686201486736537,26.529440612792968,0.9994206008315086,1.0005597001314164,0.03305177981965244,0.0,0.04424599170684815,0.230118463113904,0.5833023962378502,0.0,0.00010468928167028935,0.000391735287339543,0.0008180628175614401,0.0011233080661622807,0.3586491551995277,0.4593217208236456,cola,43
D,glue_v1,bert.encoder.layer.10.attention.self.value,10,V,layerwise,7,9,1.0,0.007936507936507936,0.007936507936507936,0.015873015873015872,0.0,False,0.0,0.14589854907244443,0.14589854907244443,27.81590892791748,0.9991252934932708,1.0008720761537553,0.03993261594325304,0.0,0.04209893113002181,0.18917311429977418,0.5291493254899978,0.0,0.00033054039820854084,0.0013236009184038266,0.0036022865446284414,0.005163797974237241,0.35864911451935766,0.4520947275310755,cola,43
D,glue_v1,bert.encoder.layer.11.intermediate.dense,11,FFN1,layerwise,10,10,1.0,0.0009784735812133072,0.0009784735812133072,0.0019569471624266144,0.0,False,0.9104639434814453,0.9167611503601074,0.07037070935592055,6.605747301578521,0.08956115294247866,0.08956907901912928,0.0008054707734845578,0.0,0.0,0.00014363762733410112,0.0567641644179821,0.0,0.0,8.2168509834446e-06,0.001266399501764681,0.0017303938916302286,0.9422069025039673,0.9462715402245522,cola,43
D,glue_v1,bert.encoder.layer.11.output.dense,11,FFN2,layerwise,7,9,1.0,0.007936507936507936,0.007936507936507936,0.015873015873015872,0.0,False,0.9193728733062744,0.9212979155778885,0.02384296502918005,0.5752581906318665,0.08955241367220879,0.08957580849528313,0.0014984384510898963,0.0,0.0,0.00035687677045643796,0.42542601495981214,0.0,0.0,1.0127672285307198e-05,0.0013199441487086005,0.001597233385546133,0.9479576158523559,0.9491998201608658,cola,43
D,glue_v1,bert.encoder.layer.11.attention.self.key,11,K,layerwise,7,9,1.0,0.007936507936507936,0.007936507936507936,0.015873015873015872,0.0,False,0.0,0.3623659631609917,0.3623659631609917,78.77598518371582,0.9986193588376046,1.0012158632278443,0.05164353363215923,0.0,0.015420052665285766,0.10875966504216195,0.34565446972846986,0.0,0.0002563377771002706,0.0006397922791074962,0.0010777799246716312,0.0013296562095638364,0.35864911451935766,0.5908426186442375,cola,43
D,glue_v1,bert.encoder.layer.11.attention.output.dense,11,O,layerwise,7,9,1.0,0.007936507936507936,0.007936507936507936,0.015873015873015872,0.0,False,0.919364201426506,0.9211550676822662,0.022246350711211563,0.5360098142921924,0.08955340426415205,0.08957344982773066,0.0014346847910201178,0.0,0.0,0.0003926238138228655,0.44220260173082354,0.0,0.0,1.2332907936070114e-05,0.001754506470169872,0.002158253203961067,0.9479506841301918,0.9491050082445145,cola,43
D,glue_v1,bert.encoder.layer.11.attention.self.query,11,Q,layerwise,7,9,1.0,0.007936507936507936,0.007936507936507936,0.015873015873015872,0.0,False,0.9104350143671036,0.9166345974802971,0.06902832243591547,1.2097703632712364,0.08953479740768672,0.08959387008100748,0.002290490087470971,0.0,0.0,0.0010774652661675432,0.28086279824376104,0.0,0.0,4.408763634273782e-06,0.0007965096541738603,0.001110666129970923,0.9421881410479546,0.9461883065104485,cola,43
D,glue_v1,bert.encoder.layer.11.attention.self.value,11,V,layerwise,7,9,1.0,0.007936507936507936,0.007936507936507936,0.015873015873015872,0.0,False,0.0994301088154316,0.2699371100217104,0.18930887892842294,70.98614349365235,0.9989483973383904,1.0010048365592956,0.04442110057920218,0.0,0.026017144331708552,0.14091696713119745,0.4466860371828079,0.0,0.0004711391845921753,0.0010970709100365638,0.0018276670476188883,0.002193972246022895,0.4224598467350006,0.5317413173615932,cola,43
