step,tile_name,subtype,actual_norm,lr,target_norm,residual_norm,cosine_sim,signed_bias,zero_frac,recovery_ratio
1,bert.encoder.layer.0.attention.self.query,query,0.012359902262687683,0.0,0.0,0.006604369264096022,0.0,0.0,0.9940049648284912,6604369264.096022
1,bert.encoder.layer.0.attention.self.key,key,0.012819158844649792,0.0,0.0,0.006854532286524773,0.0,0.0,0.9897189736366272,6854532286.524773
1,bert.encoder.layer.0.attention.self.value,value,0.01326396968215704,0.0,0.0,0.0066810897551476955,0.0,0.0,0.9961344599723816,6681089755.147696
1,bert.encoder.layer.0.attention.output.dense,dense,0.014534047804772854,0.0,0.0,0.0074745467863976955,0.0,0.0,0.9924723505973816,7474546786.397696
1,bert.encoder.layer.1.attention.self.query,query,0.013994095847010612,0.0,0.0,0.006512848660349846,0.0,0.0,0.9937947392463684,6512848660.349846
1,bert.encoder.layer.1.attention.self.key,key,0.013032888062298298,0.0,0.0,0.0062651485204696655,0.0,0.0,0.9939711093902588,6265148520.469666
1,bert.encoder.layer.1.attention.self.value,value,0.012622278183698654,0.0,0.0,0.006384737323969603,0.0,0.0,0.9966362714767456,6384737323.969603
1,bert.encoder.layer.1.attention.output.dense,dense,0.015076955780386925,0.0,0.0,0.007426619529724121,0.0,0.0,0.9930216670036316,7426619529.724121
1,bert.encoder.layer.2.attention.self.query,query,0.011855865828692913,0.0,0.0,0.006285496987402439,0.0,0.0,0.9940253496170044,6285496987.402439
1,bert.encoder.layer.2.attention.self.key,key,0.01232501957565546,0.0,0.0,0.006263552699238062,0.0,0.0,0.9942355751991272,6263552699.238062
1,bert.encoder.layer.2.attention.self.value,value,0.01322197262197733,0.0,0.0,0.006501365453004837,0.0,0.0,0.995849609375,6501365453.004837
1,bert.encoder.layer.2.attention.output.dense,dense,0.01488492451608181,0.0,0.0,0.007460653781890869,0.0,0.0,0.9912922978401184,7460653781.890869
1,bert.encoder.layer.3.attention.self.query,query,0.012026996351778507,0.0,0.0,0.005965501070022583,0.0,0.0,0.9960055947303772,5965501070.022583
1,bert.encoder.layer.3.attention.self.key,key,0.012479462660849094,0.0,0.0,0.006343348417431116,0.0,0.0,0.9946831464767456,6343348417.431116
1,bert.encoder.layer.3.attention.self.value,value,0.014293833635747433,0.0,0.0,0.007541529834270477,0.0,0.0,0.9916449785232544,7541529834.270477
1,bert.encoder.layer.3.attention.output.dense,dense,0.014559262432157993,0.0,0.0,0.007397900801151991,0.0,0.0,0.9937812089920044,7397900801.151991
1,bert.encoder.layer.4.attention.self.query,query,0.012115110643208027,0.0,0.0,0.006313272751867771,0.0,0.0,0.9943169355392456,6313272751.867771
1,bert.encoder.layer.4.attention.self.key,key,0.012556579895317554,0.0,0.0,0.00644118944182992,0.0,0.0,0.9928114414215088,6441189441.82992
1,bert.encoder.layer.4.attention.self.value,value,0.013622396625578403,0.0,0.0,0.0070910099893808365,0.0,0.0,0.9939168095588684,7091009989.3808365
1,bert.encoder.layer.4.attention.output.dense,dense,0.013939296826720238,0.0,0.0,0.0071284887380898,0.0,0.0,0.99444580078125,7128488738.0898
1,bert.encoder.layer.5.attention.self.query,query,0.011506009846925735,0.0,0.0,0.0061810011975467205,0.0,0.0,0.9943169355392456,6181001197.5467205
1,bert.encoder.layer.5.attention.self.key,key,0.012484460137784481,0.0,0.0,0.006494490895420313,0.0,0.0,0.9928181767463684,6494490895.420313
1,bert.encoder.layer.5.attention.self.value,value,0.013870583847165108,0.0,0.0,0.0069893295876681805,0.0,0.0,0.9946221113204956,6989329587.66818
1,bert.encoder.layer.5.attention.output.dense,dense,0.013880830258131027,0.0,0.0,0.006695926189422607,0.0,0.0,0.9969075322151184,6695926189.422607
1,bert.encoder.layer.6.attention.self.query,query,0.011590925976634026,0.0,0.0,0.005760196130722761,0.0,0.0,0.9961140751838684,5760196130.722761
1,bert.encoder.layer.6.attention.self.key,key,0.012500464916229248,0.0,0.0,0.006241266615688801,0.0,0.0,0.9933742880821228,6241266615.688801
1,bert.encoder.layer.6.attention.self.value,value,0.013690570369362831,0.0,0.0,0.006896797101944685,0.0,0.0,0.9953274130821228,6896797101.944685
1,bert.encoder.layer.6.attention.output.dense,dense,0.013895148411393166,0.0,0.0,0.0063292887061834335,0.0,0.0,0.9982231855392456,6329288706.183434
1,bert.encoder.layer.7.attention.self.query,query,0.010189780034124851,0.0,0.0,0.005322050303220749,0.0,0.0,0.9965277910232544,5322050303.220749
1,bert.encoder.layer.7.attention.self.key,key,0.011339114047586918,0.0,0.0,0.005876207258552313,0.0,0.0,0.9944390058517456,5876207258.552313
1,bert.encoder.layer.7.attention.self.value,value,0.013263416476547718,0.0,0.0,0.007353108376264572,0.0,0.0,0.9938015341758728,7353108376.264572
1,bert.encoder.layer.7.attention.output.dense,dense,0.013195887207984924,0.0,0.0,0.0069631775841116905,0.0,0.0,0.9954833984375,6963177584.1116905
1,bert.encoder.layer.8.attention.self.query,query,0.011556476354598999,0.0,0.0,0.005957765970379114,0.0,0.0,0.9952799677848816,5957765970.379114
1,bert.encoder.layer.8.attention.self.key,key,0.012811359018087387,0.0,0.0,0.006068412680178881,0.0,0.0,0.9944729208946228,6068412680.178881
1,bert.encoder.layer.8.attention.self.value,value,0.013871360570192337,0.0,0.0,0.006879475433379412,0.0,0.0,0.9953206181526184,6879475433.379412
1,bert.encoder.layer.8.attention.output.dense,dense,0.013126344420015812,0.0,0.0,0.0060814968310296535,0.0,0.0,0.9975043535232544,6081496831.029654
1,bert.encoder.layer.9.attention.self.query,query,0.010592414066195488,0.0,0.0,0.005240075755864382,0.0,0.0,0.9980807900428772,5240075755.864382
1,bert.encoder.layer.9.attention.self.key,key,0.012445596046745777,0.0,0.0,0.006452773232012987,0.0,0.0,0.99176025390625,6452773232.012987
1,bert.encoder.layer.9.attention.self.value,value,0.01351583655923605,0.0,0.0,0.007128666155040264,0.0,0.0,0.9941813349723816,7128666155.040264
1,bert.encoder.layer.9.attention.output.dense,dense,0.013207362033426762,0.0,0.0,0.006422776263207197,0.0,0.0,0.9975721836090088,6422776263.207197
1,bert.encoder.layer.10.attention.self.query,query,0.010219041258096695,0.0,0.0,0.005317745730280876,0.0,0.0,0.9968193769454956,5317745730.280876
1,bert.encoder.layer.10.attention.self.key,key,0.01103955041617155,0.0,0.0,0.005599583964794874,0.0,0.0,0.9968736171722412,5599583964.794874
1,bert.encoder.layer.10.attention.self.value,value,0.012726922519505024,0.0,0.0,0.006357012316584587,0.0,0.0,0.9952934980392456,6357012316.584587
1,bert.encoder.layer.10.attention.output.dense,dense,0.012838417664170265,0.0,0.0,0.006281006615608931,0.0,0.0,0.9965752363204956,6281006615.608931
1,bert.encoder.layer.11.attention.self.query,query,0.009282809682190418,0.0,0.0,0.0050561074167490005,0.0,0.0,0.9947373867034912,5056107416.749001
1,bert.encoder.layer.11.attention.self.key,key,0.011393632739782333,0.0,0.0,0.005617563147097826,0.0,0.0,0.9958360195159912,5617563147.097826
1,bert.encoder.layer.11.attention.self.value,value,0.012996536679565907,0.0,0.0,0.005988288205116987,0.0,0.0,0.99603271484375,5988288205.116987
1,bert.encoder.layer.11.attention.output.dense,dense,0.011020837351679802,0.0,0.0,0.00518201757222414,0.0,0.0,0.9987046718597412,5182017572.22414
2,bert.encoder.layer.0.attention.self.query,query,0.018851442262530327,0.008,3.142351800988763e-08,0.009991913102567196,0.1052403524518013,1.5661522638765746e-06,0.9730970859527588,382025.5537336966
2,bert.encoder.layer.0.attention.self.key,key,0.019942961633205414,0.008,3.794743008711521e-08,0.01062821876257658,0.12655813992023468,1.5893117506493581e-06,0.9607272744178772,332848.58904854977
2,bert.encoder.layer.0.attention.self.value,value,0.02070627734065056,0.008,8.118425398606632e-08,0.010477212257683277,0.28762972354888916,3.513186811687774e-06,0.96844482421875,154531.61003873034
2,bert.encoder.layer.0.attention.output.dense,dense,0.022192567586898804,0.008,5.88207882401548e-08,0.011460253037512302,0.19196273386478424,3.875341462844517e-06,0.9520195722579956,234386.1617256704
2,bert.encoder.layer.1.attention.self.query,query,0.02101626619696617,0.008,3.6548005510894654e-08,0.01038242969661951,0.12202171981334686,2.140487822543946e-06,0.9640570878982544,335562.8271921172
2,bert.encoder.layer.1.attention.self.key,key,0.019889170303940773,0.008,3.328532116597671e-08,0.0099245710298419,0.12259121239185333,1.683565415078192e-06,0.9700453281402588,353717.9092898537
2,bert.encoder.layer.1.attention.self.value,value,0.020461954176425934,0.008,1.1978495706443937e-07,0.010334424674510956,0.40816977620124817,4.063449068780756e-06,0.9771321415901184,102696.80645315518
2,bert.encoder.layer.1.attention.output.dense,dense,0.022852832451462746,0.008,5.993589979880198e-08,0.01124377828091383,0.19563733041286469,3.892183485731948e-06,0.9572482705116272,225021.03102654725
2,bert.encoder.layer.2.attention.self.query,query,0.018199197947978973,0.008,3.7847652123446096e-08,0.009619051590561867,0.13887013494968414,1.8563631556389737e-06,0.9744059443473816,303763.41374992055
2,bert.encoder.layer.2.attention.self.key,key,0.018818765878677368,0.008,3.604437992521525e-08,0.009509229101240635,0.1357385516166687,1.6101466826512478e-06,0.9745076298713684,315571.5970178573
2,bert.encoder.layer.2.attention.self.value,value,0.021160537376999855,0.008,1.5571633582567301e-07,0.01109648123383522,0.5122803449630737,4.550463017949369e-06,0.9724189043045044,83074.76220250799
2,bert.encoder.layer.2.attention.output.dense,dense,0.022612977772951126,0.008,6.350179404535083e-08,0.01139122061431408,0.20765918493270874,3.746959009731654e-06,0.9520670771598816,215093.02086866598
2,bert.encoder.layer.3.attention.self.query,query,0.01796715334057808,0.008,2.311323754611294e-08,0.008843830786645412,0.09526927769184113,1.546287990095152e-06,0.9807875156402588,462575.87134184
2,bert.encoder.layer.3.attention.self.key,key,0.01876133866608143,0.008,2.3069482324444834e-08,0.009710963815450668,0.0973789319396019,1.4388731415237999e-06,0.9732801914215088,503194.7053269725
2,bert.encoder.layer.3.attention.self.value,value,0.022360412403941154,0.008,1.2399434012877464e-07,0.01214103028178215,0.380649209022522,4.367226665635826e-06,0.95343017578125,115665.5615453222
2,bert.encoder.layer.3.attention.output.dense,dense,0.021809060126543045,0.008,6.357985427030144e-08,0.01129003893584013,0.20716221630573273,3.8065163607825525e-06,0.9554307460784912,212796.68071580582
2,bert.encoder.layer.4.attention.self.query,query,0.018480196595191956,0.008,2.928483588959807e-08,0.009684409946203232,0.12117882817983627,1.7295276393269887e-06,0.9718017578125,394794.12914250285
2,bert.encoder.layer.4.attention.self.key,key,0.0194480549544096,0.008,2.7513195277606428e-08,0.010173812508583069,0.08301673084497452,1.3957857163404697e-06,0.9679972529411316,436218.980674759
2,bert.encoder.layer.4.attention.self.value,value,0.022242261096835136,0.008,1.625661667503664e-07,0.012302093207836151,0.5102579593658447,4.336549409345025e-06,0.9611952304840088,88500.73800595949
2,bert.encoder.layer.4.attention.output.dense,dense,0.02146354503929615,0.008,5.3541274525059634e-08,0.011076143942773342,0.19050255417823792,3.5391265100770397e-06,0.9590996503829956,246654.91224203212
2,bert.encoder.layer.5.attention.self.query,query,0.016394907608628273,0.008,3.411084037452383e-08,0.008960438892245293,0.11473767459392548,1.5209500361379469e-06,0.9791395664215088,317973.0784269042
2,bert.encoder.layer.5.attention.self.key,key,0.017381923273205757,0.008,3.1906072450738066e-08,0.009141159243881702,0.13391602039337158,1.562089892104268e-06,0.9781494140625,350508.14408623055
2,bert.encoder.layer.5.attention.self.value,value,0.021601911634206772,0.008,1.8890399644533318e-07,0.011882140301167965,0.5893145203590393,3.382420572961564e-06,0.9755384922027588,74316.80071063302
2,bert.encoder.layer.5.attention.output.dense,dense,0.019579950720071793,0.008,3.574354678903546e-08,0.009317709133028984,0.14833027124404907,2.6710788461059565e-06,0.9815199375152588,321340.6389566594
2,bert.encoder.layer.6.attention.self.query,query,0.01779239811003208,0.008,2.376520136238014e-08,0.008526267483830452,0.10584796220064163,1.380856815558218e-06,0.9831407070159912,433923.4748220276
2,bert.encoder.layer.6.attention.self.key,key,0.019245631992816925,0.008,2.2459015980302866e-08,0.009333821013569832,0.09600786864757538,1.3433923413685989e-06,0.9764065146446228,499792.85284303105
2,bert.encoder.layer.6.attention.self.value,value,0.023253457620739937,0.008,2.0855647164808033e-07,0.01216456014662981,0.6054802536964417,3.815722720901249e-06,0.9747585654258728,68739.04292526154
2,bert.encoder.layer.6.attention.output.dense,dense,0.021177422255277634,0.008,4.07580635908289e-08,0.009695969521999359,0.15216724574565887,2.797060233206139e-06,0.97857666015625,283976.920059883
2,bert.encoder.layer.7.attention.self.query,query,0.01566188782453537,0.008,3.2702867969192084e-08,0.008352868258953094,0.14398440718650818,1.8224865243610111e-06,0.9834730625152588,302712.69816282147
2,bert.encoder.layer.7.attention.self.key,key,0.01713094301521778,0.008,2.995625436597038e-08,0.009030794724822044,0.11541764438152313,1.515139501861995e-06,0.9785834550857544,359031.22403965116
2,bert.encoder.layer.7.attention.self.value,value,0.022176774218678474,0.008,2.1745712786014337e-07,0.012972778640687466,0.6097778677940369,5.3903277148492634e-06,0.9628431797027588,70063.63400259505
2,bert.encoder.layer.7.attention.output.dense,dense,0.01980750821530819,0.008,6.44344595457369e-08,0.010503335855901241,0.22324863076210022,3.926321824110346e-06,0.9661390781402588,196590.64099024032
2,bert.encoder.layer.8.attention.self.query,query,0.018126262351870537,0.008,4.265368502842648e-08,0.009091331623494625,0.1661342978477478,2.1161049517104402e-06,0.9816487431526184,254480.1721693711
2,bert.encoder.layer.8.attention.self.key,key,0.020514512434601784,0.008,4.0116329813599805e-08,0.009514235891401768,0.16639435291290283,1.767683443176793e-06,0.9766574501991272,282714.7397825119
2,bert.encoder.layer.8.attention.self.value,value,0.023924754932522774,0.008,2.2823115841674735e-07,0.012335535138845444,0.6706949472427368,4.622237156581832e-06,0.9766099452972412,63600.35401292874
2,bert.encoder.layer.8.attention.output.dense,dense,0.020871330052614212,0.008,6.754790859986315e-08,0.009731385856866837,0.2714468240737915,3.815802301687654e-06,0.9767863154411316,170813.61260010625
2,bert.encoder.layer.9.attention.self.query,query,0.016528859734535217,0.008,3.7621575188495626e-08,0.007755350321531296,0.17561642825603485,1.932157829287462e-06,0.9895087480545044,248388.60484334908
2,bert.encoder.layer.9.attention.self.key,key,0.018599597737193108,0.008,3.5236269013694255e-08,0.009328076615929604,0.1351432055234909,1.723211880744202e-06,0.9753146767616272,322636.6872974416
2,bert.encoder.layer.9.attention.self.value,value,0.02139999531209469,0.008,1.8088495323809184e-07,0.011575049720704556,0.5743985772132874,5.349654202291276e-06,0.9731852412223816,76802.6505352847
2,bert.encoder.layer.9.attention.output.dense,dense,0.019377145916223526,0.008,5.696137250765787e-08,0.009528106078505516,0.23336078226566315,3.8124906041048234e-06,0.9786784052848816,201977.58047291992
2,bert.encoder.layer.10.attention.self.query,query,0.014846554026007652,0.008,4.473031012253159e-08,0.007657717913389206,0.21335162222385406,1.91180902220367e-06,0.9872233271598816,208083.54582162705
2,bert.encoder.layer.10.attention.self.key,key,0.015093652531504631,0.008,3.2588125975507864e-08,0.0076377433724701405,0.15581580996513367,1.6887629499251489e-06,0.98974609375,291371.54896540206
2,bert.encoder.layer.10.attention.self.value,value,0.017367063090205193,0.008,1.0136515271597091e-07,0.00872879009693861,0.39200931787490845,3.613301942095859e-06,0.9850870966911316,107524.91339046313
2,bert.encoder.layer.10.attention.output.dense,dense,0.01781710982322693,0.008,5.442219830342765e-08,0.008579371497035027,0.24099783599376678,3.170559239151771e-06,0.98406982421875,197250.65421513235
2,bert.encoder.layer.11.attention.self.query,query,0.014410562813282013,0.008,3.3101500207521894e-08,0.007543525658547878,0.16026748716831207,1.3596298913398641e-06,0.9848496913909912,276127.8358724962
2,bert.encoder.layer.11.attention.self.key,key,0.01673632301390171,0.008,2.374065033450279e-08,0.008136109448969364,0.11079417169094086,1.3751849792242865e-06,0.9846123456954956,417524.12827788346
2,bert.encoder.layer.11.attention.self.value,value,0.01951269432902336,0.008,1.0032456287945024e-07,0.009383213706314564,0.4149242639541626,3.731743163370993e-06,0.98138427734375,112674.34208937798
2,bert.encoder.layer.11.attention.output.dense,dense,0.017718924209475517,0.008,5.5505712026615583e-08,0.008376461453735828,0.24690714478492737,3.1743620638735592e-06,0.9843410849571228,177644.55333396187
3,bert.encoder.layer.0.attention.self.query,query,0.0217187087982893,0.016,7.853664385493175e-08,0.011639520525932312,0.1156017929315567,2.1510013539227657e-06,0.9540134072303772,191593.04472850915
3,bert.encoder.layer.0.attention.self.key,key,0.022918669506907463,0.016,7.713362748518193e-08,0.012416680343449116,0.09783736616373062,2.0493021111178678e-06,0.9367946982383728,182729.11795227823
3,bert.encoder.layer.0.attention.self.value,value,0.023552246391773224,0.016,1.652950345487625e-07,0.011991406790912151,0.25307339429855347,4.437952611624496e-06,0.9451701045036316,88980.30588569395
3,bert.encoder.layer.0.attention.output.dense,dense,0.025568164885044098,0.016,1.5263807995324896e-07,0.013273435644805431,0.21905720233917236,5.03746559843421e-06,0.9232448935508728,117713.3804670974
3,bert.encoder.layer.1.attention.self.query,query,0.02441893331706524,0.016,7.810123037188532e-08,0.011721624992787838,0.13347147405147552,2.4349542400159407e-06,0.9477878212928772,189678.74363920031
3,bert.encoder.layer.1.attention.self.key,key,0.023195752874016762,0.016,6.593712953417707e-08,0.011038713157176971,0.1175602376461029,1.908926606120076e-06,0.956298828125,213190.76216686552
3,bert.encoder.layer.1.attention.self.value,value,0.023120306432247162,0.016,2.8177433364362514e-07,0.011867628432810307,0.43758875131607056,5.19145487487549e-06,0.9598524570465088,60176.537422507856
3,bert.encoder.layer.1.attention.output.dense,dense,0.026429686695337296,0.016,1.4143010673706158e-07,0.012903695926070213,0.1926647424697876,4.430776698427508e-06,0.9309828281402588,122080.6167185558
3,bert.encoder.layer.2.attention.self.query,query,0.021023062989115715,0.016,8.86195437033166e-08,0.010762830264866352,0.16769488155841827,2.2179760890139733e-06,0.9621785283088684,170120.9592036534
3,bert.encoder.layer.2.attention.self.key,key,0.021348360925912857,0.016,7.541799362797974e-08,0.010163644328713417,0.12540468573570251,1.9247227101004682e-06,0.96820068359375,189235.3144988878
3,bert.encoder.layer.2.attention.self.value,value,0.025273185223340988,0.016,3.3595094350857835e-07,0.012723042629659176,0.47459885478019714,6.348085662466474e-06,0.9483303427696228,55005.12595055237
3,bert.encoder.layer.2.attention.output.dense,dense,0.02762666344642639,0.016,1.9723454158793174e-07,0.01392521895468235,0.2701627314090729,6.043016583134886e-06,0.9113362431526184,96151.51140916311
3,bert.encoder.layer.3.attention.self.query,query,0.02147338166832924,0.016,7.805007840033795e-08,0.01079616229981184,0.12693002820014954,2.2486046873382293e-06,0.9581366777420044,187609.15410832214
3,bert.encoder.layer.3.attention.self.key,key,0.02253393828868866,0.016,7.550284664148421e-08,0.011852817609906197,0.1264633983373642,2.174114342778921e-06,0.9464992880821228,211751.51938370286
3,bert.encoder.layer.3.attention.self.value,value,0.028212133795022964,0.016,4.673169371471886e-07,0.01600276678800583,0.5434252619743347,7.736174666206352e-06,0.9123467206954956,46208.260969626805
3,bert.encoder.layer.3.attention.output.dense,dense,0.026860106736421585,0.016,2.0938534817105392e-07,0.013949771411716938,0.25952374935150146,6.328668405330973e-06,0.9087117314338684,91482.61954750094
3,bert.encoder.layer.4.attention.self.query,query,0.022757085040211678,0.016,1.9399577411149949e-07,0.012146306224167347,0.27686190605163574,3.126729325231281e-06,0.9462416172027588,82815.79513750436
3,bert.encoder.layer.4.attention.self.key,key,0.024746358394622803,0.016,1.973120049569843e-07,0.013163563795387745,0.28033447265625,3.5323287193023134e-06,0.9359470009803772,88021.33105377304
3,bert.encoder.layer.4.attention.self.value,value,0.02862093225121498,0.016,5.237490086074104e-07,0.016101570799946785,0.5657868981361389,7.775503036100417e-06,0.9138319492340088,41175.89063136134
3,bert.encoder.layer.4.attention.output.dense,dense,0.02715027518570423,0.016,2.0029771974350297e-07,0.014127310365438461,0.2683592736721039,6.633712928305613e-06,0.9067925214767456,94516.98681778809
3,bert.encoder.layer.5.attention.self.query,query,0.019273269921541214,0.016,9.442525339409258e-08,0.010339440777897835,0.158508762717247,2.43140402744757e-06,0.9670138955116272,156064.42511991423
3,bert.encoder.layer.5.attention.self.key,key,0.021387971937656403,0.016,9.798483091572052e-08,0.011141921393573284,0.17016297578811646,2.693968781386502e-06,0.9583401083946228,164325.42874370003
3,bert.encoder.layer.5.attention.self.value,value,0.027043761685490608,0.016,5.118510557622358e-07,0.01502919476479292,0.6203840374946594,7.55253313400317e-06,0.9379069209098816,40137.3118456885
3,bert.encoder.layer.5.attention.output.dense,dense,0.024081578478217125,0.016,1.7565193388691114e-07,0.011619988828897476,0.2606147229671478,5.48607567907311e-06,0.95086669921875,92653.03797064802
3,bert.encoder.layer.6.attention.self.query,query,0.020235970616340637,0.016,1.0367334368766024e-07,0.009744073264300823,0.19897283613681793,2.44725015363656e-06,0.9722222089767456,135150.09824550667
3,bert.encoder.layer.6.attention.self.key,key,0.023003870621323586,0.016,1.0272576389525057e-07,0.011445638723671436,0.1493017077445984,2.679577846720349e-06,0.953857421875,152942.4205392499
3,bert.encoder.layer.6.attention.self.value,value,0.027413325384259224,0.016,4.778617039846722e-07,0.014641515910625458,0.6012836694717407,7.093539807101479e-06,0.9395616054534912,44032.25240049297
3,bert.encoder.layer.6.attention.output.dense,dense,0.025035586208105087,0.016,1.686866113459473e-07,0.011625547893345356,0.2526762783527374,5.358754151529865e-06,0.9505547285079956,96078.22622418897
3,bert.encoder.layer.7.attention.self.query,query,0.01703496277332306,0.016,8.886915736638912e-08,0.008971345610916615,0.17065919935703278,2.1728722003899748e-06,0.9778781533241272,154735.62821841467
3,bert.encoder.layer.7.attention.self.key,key,0.019075065851211548,0.016,8.331187473231694e-08,0.010137472301721573,0.15142622590065002,2.0231102553225355e-06,0.9679158329963684,182018.2831465763
3,bert.encoder.layer.7.attention.self.value,value,0.02449904941022396,0.016,4.7222360421983467e-07,0.014263215474784374,0.6158004999160767,7.44705721444916e-06,0.9446275234222412,48735.17265155449
3,bert.encoder.layer.7.attention.output.dense,dense,0.022643135860562325,0.016,2.029226777722215e-07,0.012203047052025795,0.29932597279548645,6.328902145469328e-06,0.9405924677848816,86776.46835886757
3,bert.encoder.layer.8.attention.self.query,query,0.01918158307671547,0.016,1.0465630850831076e-07,0.009876865893602371,0.18774095177650452,2.622117790451739e-06,0.9737684726715088,130995.306765429
3,bert.encoder.layer.8.attention.self.key,key,0.021996505558490753,0.016,9.950214518994471e-08,0.010766133666038513,0.1701515018939972,2.3155346298153745e-06,0.9628838300704956,154453.44881933258
3,bert.encoder.layer.8.attention.self.value,value,0.025744931772351265,0.016,4.4539066834659025e-07,0.013247095979750156,0.6282819509506226,6.24677340965718e-06,0.9609171748161316,48782.62398019864
3,bert.encoder.layer.8.attention.output.dense,dense,0.02432095631957054,0.016,1.8541956592343922e-07,0.011406494304537773,0.29488056898117065,5.367686753743328e-06,0.9549492597579956,90081.56298720639
3,bert.encoder.layer.9.attention.self.query,query,0.01750597357749939,0.016,7.918961131281321e-08,0.008160840719938278,0.1854236125946045,2.3190143565443577e-06,0.9853312373161316,142919.31744528358
3,bert.encoder.layer.9.attention.self.key,key,0.02003440074622631,0.016,6.978702771220924e-08,0.010038070380687714,0.11323002725839615,1.7021515077431104e-06,0.9685261845588684,209090.71275530302
3,bert.encoder.layer.9.attention.self.value,value,0.023311009630560875,0.016,3.9903639503791055e-07,0.01272815465927124,0.6065816283226013,7.813796401023865e-06,0.9596625566482544,51209.601640228895
3,bert.encoder.layer.9.attention.output.dense,dense,0.022345907986164093,0.016,1.5876838688200223e-07,0.01083986833691597,0.2718985676765442,4.251065547578037e-06,0.9618259072303772,97634.33129056814
3,bert.encoder.layer.10.attention.self.query,query,0.014599968679249287,0.016,6.470369129374376e-08,0.00755844172090292,0.15229052305221558,1.688821726020251e-06,0.9863552451133728,160561.919469255
3,bert.encoder.layer.10.attention.self.key,key,0.015115611255168915,0.016,5.0224258529851795e-08,0.00756067456677556,0.12734843790531158,1.4259361478252686e-06,0.9886271357536316,218450.50003696073
3,bert.encoder.layer.10.attention.self.value,value,0.018346333876252174,0.016,2.398591902874614e-07,0.009438768029212952,0.4594745635986328,5.256490112515166e-06,0.9761759638786316,66048.10357847367
3,bert.encoder.layer.10.attention.output.dense,dense,0.020298056304454803,0.016,1.5344106429893145e-07,0.010230571031570435,0.26613929867744446,3.873888545058435e-06,0.9656575322151184,98539.05068285858
3,bert.encoder.layer.11.attention.self.query,query,0.015610020607709885,0.016,8.624280667390849e-08,0.008435326628386974,0.18913006782531738,1.932078248501057e-06,0.9763929843902588,117922.67350652535
3,bert.encoder.layer.11.attention.self.key,key,0.01664728857576847,0.016,6.045036116120173e-08,0.008058889769017696,0.1399223953485489,1.7481984286860097e-06,0.9837917685508728,181135.54031329605
3,bert.encoder.layer.11.attention.self.value,value,0.019420083612203598,0.016,2.2827171619610453e-07,0.009189057163894176,0.44649380445480347,5.186532234802144e-06,0.9819200038909912,60839.28677956693
3,bert.encoder.layer.11.attention.output.dense,dense,0.019664401188492775,0.016,1.4904462375397998e-07,0.009515123441815376,0.3079890012741089,4.363890184322372e-06,0.9730699062347412,82965.75969209147
4,bert.encoder.layer.0.attention.self.query,query,0.01938634365797043,0.015833333333333335,3.9402227258733546e-08,0.01028971653431654,0.07116051018238068,1.321527520303789e-06,0.9697129726409912,200557.26246086354
4,bert.encoder.layer.0.attention.self.key,key,0.02079455554485321,0.015833333333333335,3.8321129380847196e-08,0.011055243201553822,0.05542910099029541,1.1984714092250215e-06,0.9558647871017456,193361.46262183614
4,bert.encoder.layer.0.attention.self.value,value,0.02105059288442135,0.015833333333333335,9.422848279427853e-08,0.010575066320598125,0.16539281606674194,2.7861067337653367e-06,0.9650743007659912,90841.50110997548
4,bert.encoder.layer.0.attention.output.dense,dense,0.023081837221980095,0.015833333333333335,9.81974821456788e-08,0.012006482109427452,0.15111233294010162,3.2602101782686077e-06,0.9438951015472412,118316.13093086377
4,bert.encoder.layer.1.attention.self.query,query,0.02146613411605358,0.015833333333333335,4.641160700202818e-08,0.010414987802505493,0.09323952347040176,1.483344590269553e-06,0.9628635048866272,197618.9592033005
4,bert.encoder.layer.1.attention.self.key,key,0.020778531208634377,0.015833333333333335,3.930965775111872e-08,0.00984141044318676,0.06343957781791687,1.1893035889443127e-06,0.96978759765625,229869.2778963609
4,bert.encoder.layer.1.attention.self.value,value,0.02008759416639805,0.015833333333333335,1.6016920767469855e-07,0.010005959309637547,0.28723278641700745,3.201170329703018e-06,0.9768744707107544,62047.71541265968
4,bert.encoder.layer.1.attention.output.dense,dense,0.023830503225326538,0.015833333333333335,9.162553027408649e-08,0.011676485650241375,0.14801400899887085,3.330759227537783e-06,0.9510362148284912,122133.92475958372
4,bert.encoder.layer.2.attention.self.query,query,0.018895260989665985,0.015833333333333335,4.9349662134545724e-08,0.009391534142196178,0.09832800179719925,1.4720563967784983e-06,0.9749552607536316,177611.9681239535
4,bert.encoder.layer.2.attention.self.key,key,0.018788252025842667,0.015833333333333335,4.04651245844434e-08,0.008761064149439335,0.08986415714025497,1.2707066616712837e-06,0.9806789755821228,196719.14901944585
4,bert.encoder.layer.2.attention.self.value,value,0.021921344101428986,0.015833333333333335,2.0688683832759125e-07,0.010678606107831001,0.3502846658229828,3.9524943531432655e-06,0.9670478105545044,54376.364391338124
4,bert.encoder.layer.2.attention.output.dense,dense,0.02492363192141056,0.015833333333333335,1.265579925302518e-07,0.0125867435708642,0.17539763450622559,3.815491254499648e-06,0.9326035976409912,96114.38507651321
4,bert.encoder.layer.3.attention.self.query,query,0.018876487389206886,0.015833333333333335,5.4931177828621e-08,0.009672697633504868,0.09352756291627884,1.5285653489627293e-06,0.9703640341758728,202117.68936429173
4,bert.encoder.layer.3.attention.self.key,key,0.01934412121772766,0.015833333333333335,5.863245888804158e-08,0.010471012443304062,0.10112166404724121,1.4627509017373086e-06,0.9625922441482544,209825.42045767853
4,bert.encoder.layer.3.attention.self.value,value,0.0226079523563385,0.015833333333333335,2.696556009595952e-07,0.012708931230008602,0.3876689076423645,4.633320259017637e-06,0.9471774697303772,48450.447344712324
4,bert.encoder.layer.3.attention.output.dense,dense,0.023244425654411316,0.015833333333333335,1.2474461641431844e-07,0.012049064971506596,0.1925356239080429,4.06909930461552e-06,0.9417317509651184,91376.33845137204
4,bert.encoder.layer.4.attention.self.query,query,0.019698072224855423,0.015833333333333335,7.120790002090871e-08,0.010364479385316372,0.11657366901636124,1.9714814243343426e-06,0.9640434980392456,88068.19540314564
4,bert.encoder.layer.4.attention.self.key,key,0.022151917219161987,0.015833333333333335,7.831588533235845e-08,0.011742040514945984,0.14246925711631775,1.8259179341839626e-06,0.9506632685661316,100546.91070536242
4,bert.encoder.layer.4.attention.self.value,value,0.024783600121736526,0.015833333333333335,2.559211225161562e-07,0.013040589168667793,0.3509831726551056,4.680386609834386e-06,0.9362318515777588,42902.5394158241
4,bert.encoder.layer.4.attention.output.dense,dense,0.025430802255868912,0.015833333333333335,1.3635305151638022e-07,0.013152352534234524,0.19066403806209564,4.4779799281968735e-06,0.9233601689338684,92311.06332237848
4,bert.encoder.layer.5.attention.self.query,query,0.016760768368840218,0.015833333333333335,5.618051801548063e-08,0.009051197208464146,0.11199153959751129,1.4314865666165133e-06,0.9779527187347412,155536.22676962582
4,bert.encoder.layer.5.attention.self.key,key,0.018263496458530426,0.015833333333333335,5.138142711302862e-08,0.00951332412660122,0.10368986427783966,1.4894566220391425e-06,0.97412109375,171494.6540404684
4,bert.encoder.layer.5.attention.self.value,value,0.02222515642642975,0.015833333333333335,2.9071938456581847e-07,0.011670959182083607,0.46088719367980957,3.849776021525031e-06,0.9662543535232544,40461.28617452596
4,bert.encoder.layer.5.attention.output.dense,dense,0.022124458104372025,0.015833333333333335,1.0191617150212551e-07,0.01080371905118227,0.18093964457511902,3.494936663628323e-06,0.9614732265472412,95261.22362972192
4,bert.encoder.layer.6.attention.self.query,query,0.018052998930215836,0.015833333333333335,5.622328203003235e-08,0.008448710665106773,0.12221057713031769,1.715275857350207e-06,0.9820285439491272,141038.95973578587
4,bert.encoder.layer.6.attention.self.key,key,0.020231202244758606,0.015833333333333335,5.586190354733844e-08,0.009702606126666069,0.09993742406368256,1.4658512554888148e-06,0.9730088710784912,157271.5801966446
4,bert.encoder.layer.6.attention.self.value,value,0.023545507341623306,0.015833333333333335,3.374448169779498e-07,0.01175327505916357,0.5178804993629456,4.381409326015273e-06,0.9691704511642456,39681.75935399608
4,bert.encoder.layer.6.attention.output.dense,dense,0.023540111258625984,0.015833333333333335,1.1840250380146244e-07,0.010605335235595703,0.2016967535018921,3.964381448895438e-06,0.9646131992340088,93279.09837619629
4,bert.encoder.layer.7.attention.self.query,query,0.015658311545848846,0.015833333333333335,6.401018026735983e-08,0.00807194598019123,0.13544557988643646,1.6671041294102906e-06,0.9832424521446228,144416.1132956377
4,bert.encoder.layer.7.attention.self.key,key,0.01753891259431839,0.015833333333333335,5.286334570087092e-08,0.009091455489397049,0.11829094588756561,1.4520167042064713e-06,0.9745212197303772,179924.4009639862
4,bert.encoder.layer.7.attention.self.value,value,0.021630212664604187,0.015833333333333335,3.586158925372729e-07,0.012310197576880455,0.5371208786964417,6.141458470665384e-06,0.9553086757659912,41527.33988398248
4,bert.encoder.layer.7.attention.output.dense,dense,0.021689394488930702,0.015833333333333335,1.6363719623768702e-07,0.011480255052447319,0.2655172049999237,5.147216143086553e-06,0.9490017294883728,79107.77894494642
4,bert.encoder.layer.8.attention.self.query,query,0.018589258193969727,0.015833333333333335,1.4975641704495501e-07,0.010332624427974224,0.21943199634552002,2.7093967673863517e-06,0.9703640341758728,96930.19408676951
4,bert.encoder.layer.8.attention.self.key,key,0.019675562158226967,0.015833333333333335,1.172599013443687e-07,0.010114509612321854,0.16018079221248627,1.9562344277801458e-06,0.9679158329963684,122605.00346780501
4,bert.encoder.layer.8.attention.self.value,value,0.023024562746286392,0.015833333333333335,4.040345231715037e-07,0.01249500922858715,0.6143516302108765,6.701073743897723e-06,0.9623277187347412,39198.60028050691
4,bert.encoder.layer.8.attention.output.dense,dense,0.023827368393540382,0.015833333333333335,1.987677649140096e-07,0.011780159547924995,0.32621094584465027,5.94569428358227e-06,0.9470893144607544,70196.36997769457
4,bert.encoder.layer.9.attention.self.query,query,0.01590987853705883,0.015833333333333335,5.191630592094043e-08,0.006095574237406254,0.14656656980514526,1.1097885135313845e-06,0.9937812089920044,129658.72158017015
4,bert.encoder.layer.9.attention.self.key,key,0.017227085307240486,0.015833333333333335,4.8335117242004344e-08,0.007152424659579992,0.11648373305797577,1.2111603382436442e-06,0.9872572422027588,179196.99685413876
4,bert.encoder.layer.9.attention.self.value,value,0.021417908370494843,0.015833333333333335,2.7814823511107534e-07,0.009562005288898945,0.5307138562202454,6.060320174583467e-06,0.9804755449295044,45853.167784748046
4,bert.encoder.layer.9.attention.output.dense,dense,0.022163430228829384,0.015833333333333335,1.8005168556101125e-07,0.009872779250144958,0.30998101830482483,4.788795649801614e-06,0.9683498740196228,72595.36418605671
4,bert.encoder.layer.10.attention.self.query,query,0.014237092807888985,0.015833333333333335,7.622591624567576e-08,0.00732782855629921,0.20144523680210114,1.692519163043471e-06,0.9870334267616272,122679.52407124249
4,bert.encoder.layer.10.attention.self.key,key,0.014070731587707996,0.015833333333333335,6.434372323838033e-08,0.007131361868232489,0.1674508899450302,1.549655962662655e-06,0.9889187216758728,160738.94009340688
4,bert.encoder.layer.10.attention.self.value,value,0.01631201058626175,0.015833333333333335,1.53484847942309e-07,0.008414383977651596,0.3238483965396881,3.733106268555275e-06,0.9835612177848816,62114.912354758075
4,bert.encoder.layer.10.attention.output.dense,dense,0.020514126867055893,0.015833333333333335,1.0764102853499935e-07,0.010171751491725445,0.17677438259124756,2.879634848795831e-06,0.9657931923866272,93333.41869250641
4,bert.encoder.layer.11.attention.self.query,query,0.01712062582373619,0.015833333333333335,6.26681995186118e-08,0.00874624215066433,0.12274926900863647,1.52589427671046e-06,0.9734632968902588,104207.25666391764
4,bert.encoder.layer.11.attention.self.key,key,0.015478397719562054,0.015833333333333335,4.6187402347186435e-08,0.0069761136546730995,0.110688716173172,1.195284198729496e-06,0.9886745810508728,149482.53925065222
4,bert.encoder.layer.11.attention.self.value,value,0.016461949795484543,0.015833333333333335,1.0749506174079215e-07,0.007151294965296984,0.27109795808792114,2.492403609721805e-06,0.9917738437652588,57642.903945791026
4,bert.encoder.layer.11.attention.output.dense,dense,0.019164949655532837,0.015833333333333335,9.204207884749849e-08,0.008812904357910156,0.16569304466247559,2.5086949335673125e-06,0.9774644374847412,76460.82824503571
5,bert.encoder.layer.0.attention.self.query,query,0.02230529673397541,0.015666666666666666,1.111574192691478e-07,0.011852693744003773,0.15137703716754913,3.016427172042313e-06,0.9525282382965088,154351.0203361148
5,bert.encoder.layer.0.attention.self.key,key,0.02518371120095253,0.015666666666666666,8.703023013367783e-08,0.013442203402519226,0.11725882440805435,2.7164201128471177e-06,0.9227702021598816,170496.59926081
5,bert.encoder.layer.0.attention.self.value,value,0.02561044506728649,0.015666666666666666,2.130520897480892e-07,0.012855030596256256,0.29006680846214294,5.766920821770327e-06,0.9318101406097412,80336.3349167946
5,bert.encoder.layer.0.attention.output.dense,dense,0.027501879259943962,0.015666666666666666,2.4369288098569086e-07,0.014392390847206116,0.3249295651912689,7.903845471446402e-06,0.90380859375,88575.97151141346
5,bert.encoder.layer.1.attention.self.query,query,0.025439929217100143,0.015666666666666666,1.3451249003537669e-07,0.011646278202533722,0.20391105115413666,3.7943816550978227e-06,0.9484049677848816,133337.9146566574
5,bert.encoder.layer.1.attention.self.key,key,0.025006696581840515,0.015666666666666666,1.1663920673754546e-07,0.011590894311666489,0.1658252477645874,3.110976422249223e-06,0.9487440586090088,148888.01213810372
5,bert.encoder.layer.1.attention.self.value,value,0.025512544438242912,0.015666666666666666,3.876484129250457e-07,0.012777941301465034,0.5195663571357727,7.29184193914989e-06,0.9528469443321228,47101.04146233113
5,bert.encoder.layer.1.attention.output.dense,dense,0.02775074914097786,0.015666666666666666,2.198696051891602e-07,0.013393544591963291,0.29132571816444397,6.9183483901724685e-06,0.9217868447303772,92126.05173768406
5,bert.encoder.layer.2.attention.self.query,query,0.021567832678556442,0.015666666666666666,2.0377817122607667e-07,0.010902578942477703,0.3271346092224121,3.798585794356768e-06,0.9601169228553772,96130.09222668395
5,bert.encoder.layer.2.attention.self.key,key,0.02216026559472084,0.015666666666666666,1.8162451453918038e-07,0.011050709523260593,0.319096177816391,3.183208491464029e-06,0.9593437910079956,107216.88811103394
5,bert.encoder.layer.2.attention.self.value,value,0.023234473541378975,0.015666666666666666,2.6854840484702436e-07,0.011667637154459953,0.4183516800403595,4.892768629360944e-06,0.9588962197303772,54860.721136360444
5,bert.encoder.layer.2.attention.output.dense,dense,0.025972386822104454,0.015666666666666666,1.5497364813654713e-07,0.013139004819095135,0.2118648737668991,4.517858542385511e-06,0.9234347939491272,93478.9253228111
5,bert.encoder.layer.3.attention.self.query,query,0.019098013639450073,0.015666666666666666,7.452035788446665e-08,0.010115575045347214,0.13613077998161316,2.011427113757236e-06,0.9640910029411316,179569.44187566554
5,bert.encoder.layer.3.attention.self.key,key,0.019549207761883736,0.015666666666666666,7.310401883842133e-08,0.010732444934546947,0.11845692992210388,1.6065413319665822e-06,0.9597100019454956,187275.94483828646
5,bert.encoder.layer.3.attention.self.value,value,0.022634897381067276,0.015666666666666666,3.2263966431855806e-07,0.013014312833547592,0.4602724313735962,5.2659179345937446e-06,0.9478352665901184,48587.369054235794
5,bert.encoder.layer.3.attention.output.dense,dense,0.02355288900434971,0.015666666666666666,1.3679489541118528e-07,0.012202579528093338,0.20573970675468445,4.469321083888644e-06,0.9391615390777588,89698.46937857587
5,bert.encoder.layer.4.attention.self.query,query,0.01984787918627262,0.015666666666666666,8.425054431882018e-08,0.010398748330771923,0.1272532343864441,2.083121216855943e-06,0.9626396894454956,111470.9059109319
5,bert.encoder.layer.4.attention.self.key,key,0.02287626452744007,0.015666666666666666,7.803971868725057e-08,0.01194077916443348,0.10327375680208206,1.6517195717824507e-06,0.9477064609527588,125136.49610743503
5,bert.encoder.layer.4.attention.self.value,value,0.02587125450372696,0.015666666666666666,2.758386017376324e-07,0.01349337212741375,0.3718261122703552,5.424290066002868e-06,0.9292128086090088,47450.45075812883
5,bert.encoder.layer.4.attention.output.dense,dense,0.026794953271746635,0.015666666666666666,1.562917901765104e-07,0.013917251490056515,0.18621478974819183,4.669564987125341e-06,0.9098374843597412,89499.08781123396
5,bert.encoder.layer.5.attention.self.query,query,0.016616420820355415,0.015666666666666666,6.463822899149818e-08,0.00894467905163765,0.13085825741291046,1.5402810049636173e-06,0.9788750410079956,147129.56150244814
5,bert.encoder.layer.5.attention.self.key,key,0.017705585807561874,0.015666666666666666,5.476615427824072e-08,0.009033305570483208,0.09851455688476562,1.3183203009248246e-06,0.97796630859375,166875.79154986198
5,bert.encoder.layer.5.attention.self.value,value,0.0218571275472641,0.015666666666666666,3.0652995519631077e-07,0.011511349119246006,0.490870863199234,4.034710400446784e-06,0.9687771201133728,40399.164729807024
5,bert.encoder.layer.5.attention.output.dense,dense,0.022823989391326904,0.015666666666666666,1.0996384247619062e-07,0.011410542763769627,0.17519442737102509,3.6411349810805405e-06,0.9521213173866272,95585.43572508822
5,bert.encoder.layer.6.attention.self.query,query,0.01808176003396511,0.015666666666666666,5.489493659638356e-08,0.00834344420582056,0.12315443903207779,1.6064165038187639e-06,0.9818793535232544,140052.201786487
5,bert.encoder.layer.6.attention.self.key,key,0.020044254139065742,0.015666666666666666,4.9458297013416086e-08,0.009059222415089607,0.09412956237792969,1.2791076642315602e-06,0.9777696132659912,156055.7463693449
5,bert.encoder.layer.6.attention.self.value,value,0.02310483530163765,0.015666666666666666,3.216142374640185e-07,0.011088952422142029,0.5145467519760132,4.1217908801627345e-06,0.97503662109375,37181.6731985
5,bert.encoder.layer.6.attention.output.dense,dense,0.024398325011134148,0.015666666666666666,1.164930338859449e-07,0.010975636541843414,0.2047007530927658,3.7053553114674287e-06,0.9578654170036316,88368.60993612622
5,bert.encoder.layer.7.attention.self.query,query,0.015970561653375626,0.015666666666666666,7.371077259676895e-08,0.008237534202635288,0.19764727354049683,2.0126622075622436e-06,0.9807468056678772,131703.61095983358
5,bert.encoder.layer.7.attention.self.key,key,0.018157310783863068,0.015666666666666666,5.609341613421748e-08,0.009261352010071278,0.11088917404413223,1.4519889646180673e-06,0.9697333574295044,177203.94774605238
5,bert.encoder.layer.7.attention.self.value,value,0.02129467763006687,0.015666666666666666,2.999212256327155e-07,0.011645372956991196,0.4567929804325104,5.401541784522124e-06,0.9535861611366272,38006.365200318396
5,bert.encoder.layer.7.attention.output.dense,dense,0.022305235266685486,0.015666666666666666,1.6421246584741311e-07,0.011728720739483833,0.2752732038497925,5.1162433010176755e-06,0.9439358115196228,70458.51265106318
5,bert.encoder.layer.8.attention.self.query,query,0.019191373139619827,0.015666666666666666,1.3313034230577614e-07,0.011196261271834373,0.21994386613368988,2.8348740670480765e-06,0.9612697958946228,89520.81878084208
5,bert.encoder.layer.8.attention.self.key,key,0.019153447821736336,0.015666666666666666,9.074353357618747e-08,0.010205352678894997,0.16940297186374664,2.067902642011177e-06,0.9649997353553772,120743.65934118174
5,bert.encoder.layer.8.attention.self.value,value,0.020774511620402336,0.015666666666666666,2.728577896959905e-07,0.010868918150663376,0.45614102482795715,5.204900844546501e-06,0.9665120244026184,36776.851311358114
5,bert.encoder.layer.8.attention.output.dense,dense,0.023970643058419228,0.015666666666666666,1.7867995438791695e-07,0.011997826397418976,0.25776228308677673,4.602401986630866e-06,0.9424099326133728,60500.73895754472
5,bert.encoder.layer.9.attention.self.query,query,0.012467586435377598,0.015666666666666666,3.505127921243911e-08,0.004598414059728384,0.13647133111953735,6.572594202225446e-07,0.9967176914215088,119311.12674039509
5,bert.encoder.layer.9.attention.self.key,key,0.01330980472266674,0.015666666666666666,3.224308287030908e-08,0.004926049616187811,0.09803945571184158,5.601172574642987e-07,0.9954698085784912,158865.4349294643
5,bert.encoder.layer.9.attention.self.value,value,0.015863563865423203,0.015666666666666666,2.1427540275453794e-07,0.007620158605277538,0.518953263759613,3.4179231533926213e-06,0.9919975996017456,41487.064072938716
5,bert.encoder.layer.9.attention.output.dense,dense,0.019689995795488358,0.015666666666666666,9.679681056695699e-08,0.009022226557135582,0.22119773924350739,3.3495857678644825e-06,0.9760606288909912,69674.25281907289
5,bert.encoder.layer.10.attention.self.query,query,0.009987998753786087,0.015666666666666666,4.488488514198252e-08,0.004770447034388781,0.18297013640403748,7.433840778503509e-07,0.9938083291053772,115391.62393287432
5,bert.encoder.layer.10.attention.self.key,key,0.008797039277851582,0.015666666666666666,2.927296449684036e-08,0.004056634847074747,0.15650607645511627,5.381447749641666e-07,0.9976738691329956,153798.89460858016
5,bert.encoder.layer.10.attention.self.value,value,0.012598631903529167,0.015666666666666666,1.5328188851526647e-07,0.006736422888934612,0.40987420082092285,2.713625917749596e-06,0.9910210371017456,53740.34720178488
5,bert.encoder.layer.10.attention.output.dense,dense,0.017045937478542328,0.015666666666666666,7.953865122090065e-08,0.008085537701845169,0.18474416434764862,2.0678835426224396e-06,0.9836561679840088,87488.77492795204
5,bert.encoder.layer.11.attention.self.query,query,0.014018281362950802,0.015666666666666666,4.018990651388776e-08,0.006040683016180992,0.11072605848312378,8.341314696735935e-07,0.9892374873161316,103447.95648835736
5,bert.encoder.layer.11.attention.self.key,key,0.010828099213540554,0.015666666666666666,2.8962718445768587e-08,0.00444630766287446,0.11042089760303497,6.310889943961229e-07,0.9973415732383728,140119.29405304263
5,bert.encoder.layer.11.attention.self.value,value,0.012385912239551544,0.015666666666666666,1.0748568968210748e-07,0.005440135486423969,0.3396466374397278,1.8517395119488356e-06,0.9970024824142456,53168.097183863945
5,bert.encoder.layer.11.attention.output.dense,dense,0.015183033421635628,0.015666666666666666,6.027116938867039e-08,0.007060644682496786,0.14719262719154358,1.6575634163018549e-06,0.9904378056526184,73769.3920282807
6,bert.encoder.layer.0.attention.self.query,query,0.03468737378716469,0.0155,2.09362042369321e-07,0.01875702664256096,0.21628794074058533,6.468814262916567e-06,0.8350965976715088,125921.70854237756
6,bert.encoder.layer.0.attention.self.key,key,0.03991294279694557,0.0155,2.3231167745052517e-07,0.02181892655789852,0.20116060972213745,6.828317964391317e-06,0.7810600996017456,137774.3866104615
6,bert.encoder.layer.0.attention.self.value,value,0.04102248698472977,0.0155,4.6568575839955884e-07,0.021052571013569832,0.41351866722106934,1.2586366210598499e-05,0.7757093906402588,62898.93623863763
6,bert.encoder.layer.0.attention.output.dense,dense,0.0422804020345211,0.0155,4.520252048223483e-07,0.022057490423321724,0.3557076156139374,1.3621627658721991e-05,0.7528076171875,66143.87866142852
6,bert.encoder.layer.1.attention.self.query,query,0.03665868192911148,0.0155,1.890670375814807e-07,0.01772000826895237,0.20255078375339508,6.031035809428431e-06,0.8447062373161316,113926.57619268479
6,bert.encoder.layer.1.attention.self.key,key,0.036323804408311844,0.0155,1.4050024788048177e-07,0.01734619215130806,0.1447654366493225,4.202237505523954e-06,0.8553127646446228,139293.07276577526
6,bert.encoder.layer.1.attention.self.value,value,0.040101539343595505,0.0155,6.655694733126438e-07,0.020505771040916443,0.5898500680923462,1.2403892469592392e-05,0.8323635458946228,37368.8947380368
6,bert.encoder.layer.1.attention.output.dense,dense,0.042969852685928345,0.0155,3.895071643000847e-07,0.020488446578383446,0.33283641934394836,1.2019683708786033e-05,0.7805379033088684,70681.672860006
6,bert.encoder.layer.2.attention.self.query,query,0.031270697712898254,0.0155,1.86537093327388e-07,0.015762608498334885,0.21030643582344055,5.112691724207252e-06,0.8910793662071228,90868.18633612577
6,bert.encoder.layer.2.attention.self.key,key,0.032903969287872314,0.0155,1.3683575161849149e-07,0.01547048706561327,0.15890973806381226,4.1288926695415284e-06,0.8863254189491272,109924.28992861671
6,bert.encoder.layer.2.attention.self.value,value,0.0451308973133564,0.0155,9.901250450639054e-07,0.025245247408747673,0.729542076587677,1.733118187985383e-05,0.8124592900276184,32092.420990141698
6,bert.encoder.layer.2.attention.output.dense,dense,0.045498233288526535,0.0155,5.411162078416965e-07,0.022970758378505707,0.43164822459220886,1.5612396964570507e-05,0.7485622763633728,58230.08515552321
6,bert.encoder.layer.3.attention.self.query,query,0.030643315985798836,0.0155,2.2587001069496182e-07,0.016403749585151672,0.24481052160263062,6.368419235514011e-06,0.86834716796875,100382.64695906492
6,bert.encoder.layer.3.attention.self.key,key,0.031767185777425766,0.0155,2.8724178946504253e-07,0.017905306071043015,0.27239862084388733,5.052698270446854e-06,0.8573405146598816,86134.75436411826
6,bert.encoder.layer.3.attention.self.value,value,0.046397607773542404,0.0155,1.1540358855199884e-06,0.02832203358411789,0.7524868845939636,1.7915992430062033e-05,0.7904595136642456,31815.052223445502
6,bert.encoder.layer.3.attention.output.dense,dense,0.04088674485683441,0.0155,5.378034870773263e-07,0.021673206239938736,0.3859318792819977,1.4929599274182692e-05,0.7652587890625,54711.85541683191
6,bert.encoder.layer.4.attention.self.query,query,0.031465981155633926,0.0155,1.7757209036517452e-07,0.016177920624613762,0.19685563445091248,5.1180254558858e-06,0.8769192099571228,101621.48083843116
6,bert.encoder.layer.4.attention.self.key,key,0.037103649228811264,0.0155,1.7909060545662214e-07,0.01925942488014698,0.16362746059894562,4.545983756543137e-06,0.8328315019607544,116141.16126388681
6,bert.encoder.layer.4.attention.self.value,value,0.04897676408290863,0.0155,9.695371545603848e-07,0.02715430222451687,0.640067994594574,1.8235012248624116e-05,0.7558797001838684,35105.897136370535
6,bert.encoder.layer.4.attention.output.dense,dense,0.048187822103500366,0.0155,6.634630267399189e-07,0.025960229337215424,0.4920567572116852,2.029873758147005e-05,0.7027519941329956,52721.37865503346
6,bert.encoder.layer.5.attention.self.query,query,0.02551278844475746,0.0155,1.7174048139168008e-07,0.013424529694020748,0.23970641195774078,3.858602212858386e-06,0.93359375,100906.94979184281
6,bert.encoder.layer.5.attention.self.key,key,0.02690514549612999,0.0155,1.6022649163005553e-07,0.013604138977825642,0.18162494897842407,3.2068610380520113e-06,0.9254421591758728,113520.10823569763
6,bert.encoder.layer.5.attention.self.value,value,0.0508890300989151,0.0155,1.4471596614384907e-06,0.03113837167620659,0.8623175621032715,1.5240156244544778e-05,0.8540378212928772,26007.29664374985
6,bert.encoder.layer.5.attention.output.dense,dense,0.03992326557636261,0.0155,4.6725381253054366e-07,0.020212803035974503,0.4262910485267639,1.4186508451530244e-05,0.8025105595588684,61016.20837750814
6,bert.encoder.layer.6.attention.self.query,query,0.03024410270154476,0.0155,1.458311800206502e-07,0.01282289158552885,0.19842955470085144,3.776230187213514e-06,0.9345160722732544,114013.92474813315
6,bert.encoder.layer.6.attention.self.key,key,0.03261915221810341,0.0155,1.3032203582952206e-07,0.01373741403222084,0.1667005866765976,3.2955058486550115e-06,0.9223090410232544,131900.08529485963
6,bert.encoder.layer.6.attention.self.value,value,0.05641461908817291,0.0155,1.6281555872410536e-06,0.03339141607284546,0.8898826241493225,1.6697005776222795e-05,0.8574015498161316,24471.89875995427
6,bert.encoder.layer.6.attention.output.dense,dense,0.0472874790430069,0.0155,5.421864557320077e-07,0.02049175649881363,0.48980215191841125,1.6846041035023518e-05,0.8012966513633728,53653.66570017221
6,bert.encoder.layer.7.attention.self.query,query,0.025096049532294273,0.0155,2.5819491611400736e-07,0.012775045819580555,0.4174624979496002,5.2804334700340405e-06,0.9347398281097412,82004.81867254204
6,bert.encoder.layer.7.attention.self.key,key,0.02804320864379406,0.0155,1.812697831837795e-07,0.014444636180996895,0.23566879332065582,3.5880580071534496e-06,0.904052734375,123223.78010966253
6,bert.encoder.layer.7.attention.self.value,value,0.053635500371456146,0.0155,1.5572610436720424e-06,0.03328769654035568,0.8612839579582214,2.6403762603877112e-05,0.7984076738357544,25627.60176119373
6,bert.encoder.layer.7.attention.output.dense,dense,0.04753489792346954,0.0155,9.374605269840686e-07,0.02589285746216774,0.6667783856391907,2.4526185370632447e-05,0.7635972499847412,37177.484019232295
6,bert.encoder.layer.8.attention.self.query,query,0.031621210277080536,0.0155,4.859440991822339e-07,0.018483586609363556,0.47807776927948,9.215440513798967e-06,0.8952500820159912,46726.71632021526
6,bert.encoder.layer.8.attention.self.key,key,0.030785787850618362,0.0155,3.6057213037565816e-07,0.017490476369857788,0.37824493646621704,7.367506896116538e-06,0.8776041865348816,61628.5790471006
6,bert.encoder.layer.8.attention.self.value,value,0.05668439716100693,0.0155,1.7898852320286096e-06,0.036751456558704376,0.8938913345336914,2.833717007888481e-05,0.7915717363357544,23831.0328050319
6,bert.encoder.layer.8.attention.output.dense,dense,0.05958062782883644,0.0155,1.2657382058023359e-06,0.031224725767970085,0.7473658919334412,3.013385685335379e-05,0.7466905117034912,31211.387049864235
6,bert.encoder.layer.9.attention.self.query,query,0.0172836072742939,0.0155,7.299490079049065e-08,0.005753607023507357,0.20740459859371185,1.322327989328187e-06,0.9928385615348816,106894.88479490169
6,bert.encoder.layer.9.attention.self.key,key,0.01813984289765358,0.0155,6.212088266011051e-08,0.006292975042015314,0.21385757625102997,9.867335393209942e-07,0.9906955361366272,146487.39730059987
6,bert.encoder.layer.9.attention.self.value,value,0.04799292981624603,0.0155,1.485519192101492e-06,0.02923460863530636,0.9276630282402039,2.007963485084474e-05,0.9017198085784912,24013.2452266278
6,bert.encoder.layer.9.attention.output.dense,dense,0.04775905981659889,0.0155,6.782269110772177e-07,0.02020346373319626,0.6351253390312195,1.9912175048375502e-05,0.8336724042892456,42871.95711394499
6,bert.encoder.layer.10.attention.self.query,query,0.016457151621580124,0.0155,1.4368006873155537e-07,0.007666987832635641,0.373967707157135,2.2448118670581607e-06,0.9777085781097412,83993.7951513758
6,bert.encoder.layer.10.attention.self.key,key,0.014234359376132488,0.0155,1.0908664904718535e-07,0.006621683016419411,0.2853828966617584,1.5127806136661093e-06,0.98663330078125,105567.76636774458
6,bert.encoder.layer.10.attention.self.value,value,0.027098381891846657,0.0155,6.691109888379287e-07,0.015233520418405533,0.7893755435943604,1.063581930793589e-05,0.9503987431526184,34546.53682975445
6,bert.encoder.layer.10.attention.output.dense,dense,0.03306659683585167,0.0155,3.686025706883811e-07,0.013989267870783806,0.43816235661506653,9.648126251704525e-06,0.9161648154258728,62977.193711218395
6,bert.encoder.layer.11.attention.self.query,query,0.01879843696951866,0.0155,1.363277846166966e-07,0.009574723429977894,0.3547532856464386,3.7419022191897966e-06,0.9655490517616272,84697.24435953061
6,bert.encoder.layer.11.attention.self.key,key,0.01535674650222063,0.0155,9.823093449767839e-08,0.00689981784671545,0.25395089387893677,2.141994855264784e-06,0.9887017011642456,110127.69429746771
6,bert.encoder.layer.11.attention.self.value,value,0.021268952637910843,0.0155,4.421688117872691e-07,0.011149674654006958,0.7379575967788696,6.077465513953939e-06,0.9806382656097412,39152.40637845229
6,bert.encoder.layer.11.attention.output.dense,dense,0.022482261061668396,0.0155,2.1089833524001733e-07,0.010213984176516533,0.35926854610443115,5.301536930346629e-06,0.9627346396446228,62978.898598202046
7,bert.encoder.layer.0.attention.self.query,query,0.021931473165750504,0.015333333333333334,6.029661392403796e-08,0.011470640078186989,0.08498139679431915,1.7836222241385258e-06,0.9561699628829956,129420.09919381455
7,bert.encoder.layer.0.attention.self.key,key,0.02461242489516735,0.015333333333333334,5.6886690913415805e-08,0.013041786849498749,0.087014339864254,1.980779643417918e-06,0.9270493984222412,142909.29894512377
7,bert.encoder.layer.0.attention.self.value,value,0.024498745799064636,0.015333333333333334,1.3081249505830783e-07,0.012322488240897655,0.18877819180488586,3.7650704598490847e-06,0.9390665888786316,64599.22392245696
7,bert.encoder.layer.0.attention.output.dense,dense,0.02640099637210369,0.015333333333333334,1.3421593791917985e-07,0.013688030652701855,0.18288379907608032,4.406786956678843e-06,0.9152628779411316,68199.68962257169
7,bert.encoder.layer.1.attention.self.query,query,0.02359943464398384,0.015333333333333334,6.500295057776384e-08,0.011593609116971493,0.09937537461519241,2.0340698938525748e-06,0.9490288496017456,118609.32489002722
7,bert.encoder.layer.1.attention.self.key,key,0.023159051313996315,0.015333333333333334,5.308691086725048e-08,0.01114208810031414,0.08052588254213333,1.6246722225332633e-06,0.95501708984375,146617.7815080947
7,bert.encoder.layer.1.attention.self.value,value,0.02274339832365513,0.015333333333333334,2.0388895904943638e-07,0.011508820578455925,0.31119000911712646,4.254326086083893e-06,0.9596218466758728,38420.01122034532
7,bert.encoder.layer.1.attention.output.dense,dense,0.026631439104676247,0.015333333333333334,1.2297998353005823e-07,0.01293093804270029,0.17525139451026917,4.148015250393655e-06,0.9299113154411316,72526.87605868524
7,bert.encoder.layer.2.attention.self.query,query,0.020840555429458618,0.015333333333333334,5.979524786425827e-08,0.010305228643119335,0.12216123193502426,1.875918769655982e-06,0.9677531123161316,97453.55910231762
7,bert.encoder.layer.2.attention.self.key,key,0.021747052669525146,0.015333333333333334,4.924443430809333e-08,0.010281212627887726,0.08568569272756577,1.378821025355137e-06,0.9680650234222412,115142.12776367602
7,bert.encoder.layer.2.attention.self.value,value,0.02527133747935295,0.015333333333333334,2.5191826580339693e-07,0.012439724057912827,0.36610811948776245,4.833217644772958e-06,0.9469333291053772,32599.379305627852
7,bert.encoder.layer.2.attention.output.dense,dense,0.028247015550732613,0.015333333333333334,1.6950500025814108e-07,0.014256959781050682,0.22116301953792572,5.090254489914514e-06,0.9034966230392456,58835.68817611711
7,bert.encoder.layer.3.attention.self.query,query,0.020769068971276283,0.015333333333333334,7.471031437944475e-08,0.010802497155964375,0.12697091698646545,2.0783700165338814e-06,0.9558783769607544,100645.17419054774
7,bert.encoder.layer.3.attention.self.key,key,0.021923257037997246,0.015333333333333334,7.566923443391715e-08,0.012101215310394764,0.11318030208349228,1.9712012999661965e-06,0.9412841796875,90207.023930067
7,bert.encoder.layer.3.attention.self.value,value,0.024370288476347923,0.015333333333333334,2.624492196900974e-07,0.013720497488975525,0.340644508600235,4.895945949101588e-06,0.9282158613204956,32268.22654659272
7,bert.encoder.layer.3.attention.output.dense,dense,0.025912733748555183,0.015333333333333334,1.5174960310559982e-07,0.01351179089397192,0.20638230443000793,4.660370905185118e-06,0.9163615107536316,55933.62920770739
7,bert.encoder.layer.4.attention.self.query,query,0.02162247709929943,0.015333333333333334,9.253485444560283e-08,0.011191044002771378,0.14019262790679932,2.1747700884588994e-06,0.9529622197151184,111146.8074928833
7,bert.encoder.layer.4.attention.self.key,key,0.025664879009127617,0.015333333333333334,9.299108683080703e-08,0.013416927307844162,0.12530003488063812,2.143368647011812e-06,0.9284871220588684,125139.79975595271
7,bert.encoder.layer.4.attention.self.value,value,0.028076961636543274,0.015333333333333334,2.6132090624741977e-07,0.014855812303721905,0.3125319182872772,5.811919891129946e-06,0.9089016318321228,36313.61737236152
7,bert.encoder.layer.4.attention.output.dense,dense,0.02940990775823593,0.015333333333333334,1.8247907007662434e-07,0.015516756102442741,0.2180434614419937,5.704509021597914e-06,0.8822699785232544,55070.990267598514
7,bert.encoder.layer.5.attention.self.query,query,0.016853267326951027,0.015333333333333334,6.426870413633878e-08,0.008981389924883842,0.128681480884552,1.4309994185168762e-06,0.9781494140625,99451.93920378313
7,bert.encoder.layer.5.attention.self.key,key,0.017965298146009445,0.015333333333333334,5.6018460981022145e-08,0.009020406752824783,0.10840094089508057,1.2977363894606242e-06,0.9766506552696228,111933.4829056966
7,bert.encoder.layer.5.attention.self.value,value,0.02196943759918213,0.015333333333333334,2.7292801973999303e-07,0.011284523643553257,0.45332759618759155,3.705300059664296e-06,0.9673597812652588,26530.656132910255
7,bert.encoder.layer.5.attention.output.dense,dense,0.024492796510457993,0.015333333333333334,1.0312567155779107e-07,0.012141200713813305,0.17456795275211334,3.6971703138988232e-06,0.940673828125,64884.62208930777
7,bert.encoder.layer.6.attention.self.query,query,0.018870830535888672,0.015333333333333334,6.267344332400171e-08,0.008572044782340527,0.14803841710090637,1.8408542246106663e-06,0.9794785976409912,111533.65078182345
7,bert.encoder.layer.6.attention.self.key,key,0.020627571269869804,0.015333333333333334,5.923415713482427e-08,0.008932381868362427,0.11268055438995361,1.3486810530594084e-06,0.9785088300704956,128392.56843847659
7,bert.encoder.layer.6.attention.self.value,value,0.022803954780101776,0.015333333333333334,2.780802503821178e-07,0.010435842908918858,0.4752980172634125,3.4430474897817476e-06,0.9794379472732544,25048.437305066935
7,bert.encoder.layer.6.attention.output.dense,dense,0.02598484605550766,0.015333333333333334,9.980763593375741e-08,0.01151310931891203,0.13626767694950104,2.626810555739212e-06,0.9490424394607544,57372.25385187888
7,bert.encoder.layer.7.attention.self.query,query,0.01633516699075699,0.015333333333333334,6.217048564849392e-08,0.008147217333316803,0.14595000445842743,1.7881288840726484e-06,0.9792751669883728,82887.77074428926
7,bert.encoder.layer.7.attention.self.key,key,0.01902051456272602,0.015333333333333334,5.356142551704579e-08,0.009819414466619492,0.1031377986073494,1.4422917047340889e-06,0.9614800214767456,123664.88508647792
7,bert.encoder.layer.7.attention.self.value,value,0.02174975350499153,0.015333333333333334,2.9563108228103374e-07,0.011961922980844975,0.4555305242538452,4.8926103772828355e-06,0.9502902626991272,26185.56531679127
7,bert.encoder.layer.7.attention.output.dense,dense,0.023702347651124,0.015333333333333334,1.349955027762917e-07,0.01250856090337038,0.19342152774333954,3.7707743558712536e-06,0.9328749179840088,38840.52655278257
7,bert.encoder.layer.8.attention.self.query,query,0.020233286544680595,0.015333333333333334,1.475646627113747e-07,0.012326601892709732,0.23244817554950714,3.2759189707576297e-06,0.9508056640625,48698.22937894311
7,bert.encoder.layer.8.attention.self.key,key,0.020229371264576912,0.015333333333333334,9.279519019855798e-08,0.011628957465291023,0.1578274667263031,2.128578671545256e-06,0.9479098916053772,65134.996162587784
7,bert.encoder.layer.8.attention.self.value,value,0.02107430063188076,0.015333333333333334,2.3805613125205127e-07,0.011370201595127583,0.3879726231098175,4.8790725486469455e-06,0.9572957158088684,24481.419701227453
7,bert.encoder.layer.8.attention.output.dense,dense,0.02552364394068718,0.015333333333333334,1.5980060652509565e-07,0.01341086532920599,0.222792848944664,4.476697085920023e-06,0.9237128496170044,32592.006388125603
7,bert.encoder.layer.9.attention.self.query,query,0.009674279019236565,0.015333333333333334,2.0316077709026104e-08,0.0025731329806149006,0.1367330700159073,3.6746541809407063e-07,0.9996473789215088,101751.14436109857
7,bert.encoder.layer.9.attention.self.key,key,0.010284687392413616,0.015333333333333334,1.88492084163272e-08,0.003186184912919998,0.08788619935512543,2.164236434509803e-07,0.99822998046875,135927.63345539468
7,bert.encoder.layer.9.attention.self.value,value,0.014867422170937061,0.015333333333333334,2.1714859599342162e-07,0.007290843408554792,0.5057686567306519,3.197138767063734e-06,0.99249267578125,24712.50372406299
7,bert.encoder.layer.9.attention.output.dense,dense,0.020274123176932335,0.015333333333333334,7.187733075397773e-08,0.009798524901270866,0.17060144245624542,2.534026180001092e-06,0.9674953818321228,45077.80128043853
7,bert.encoder.layer.10.attention.self.query,query,0.009260779246687889,0.015333333333333334,3.71358019890522e-08,0.0044282544404268265,0.19193212687969208,6.090323836360767e-07,0.9950968623161316,82369.64798543803
7,bert.encoder.layer.10.attention.self.key,key,0.00769483856856823,0.015333333333333334,2.229201179204665e-08,0.0036156002897769213,0.09024165570735931,3.8098707477729477e-07,0.9990166425704956,104166.97208026808
7,bert.encoder.layer.10.attention.self.value,value,0.012123416177928448,0.015333333333333334,1.3913572161072807e-07,0.00646427646279335,0.4161384403705597,2.2491485651698895e-06,0.9924587607383728,34671.936333974234
7,bert.encoder.layer.10.attention.output.dense,dense,0.016825255006551743,0.015333333333333334,5.095857247283675e-08,0.007982393726706505,0.12840236723423004,1.5771744301673607e-06,0.9843207597732544,65071.99225678267
7,bert.encoder.layer.11.attention.self.query,query,0.013959375210106373,0.015333333333333334,3.702208672962115e-08,0.006053328514099121,0.038547880947589874,4.859684281655063e-07,0.9879692792892456,81752.69056234832
7,bert.encoder.layer.11.attention.self.key,key,0.010416386649012566,0.015333333333333334,2.756641492851486e-08,0.004505164455622435,0.11024999618530273,6.174522013679962e-07,0.9968804121017456,104017.10385478288
7,bert.encoder.layer.11.attention.self.value,value,0.012615407817065716,0.015333333333333334,1.105738718365501e-07,0.005932826083153486,0.36016035079956055,2.3322238575929077e-06,0.9960055947303772,39645.69978190157
7,bert.encoder.layer.11.attention.output.dense,dense,0.01616135612130165,0.015333333333333334,6.571454491677287e-08,0.007710089907050133,0.14592920243740082,1.808996898944315e-06,0.9872029423713684,63529.85073230727
8,bert.encoder.layer.0.attention.self.query,query,0.023295147344470024,0.015166666666666667,6.781098704777833e-08,0.012140634469687939,0.10561121255159378,2.2776703190174885e-06,0.9471299648284912,135035.81624079513
8,bert.encoder.layer.0.attention.self.key,key,0.026145366951823235,0.015166666666666667,6.670529728580732e-08,0.01380386296659708,0.08000140637159348,2.021309910560376e-06,0.9143134355545044,149967.20251688975
8,bert.encoder.layer.0.attention.self.value,value,0.026187272742390633,0.015166666666666667,1.4279326876476262e-07,0.013292510993778706,0.1937643438577652,4.279523636796512e-06,0.9207289218902588,67313.13719497412
8,bert.encoder.layer.0.attention.output.dense,dense,0.028112195432186127,0.015166666666666667,1.5043150369820069e-07,0.014653748832643032,0.18356923758983612,4.803943738806993e-06,0.8967081904411316,70824.5968405292
8,bert.encoder.layer.1.attention.self.query,query,0.02494947612285614,0.015166666666666667,7.706366744741899e-08,0.012166013941168785,0.10773105919361115,2.285961954839877e-06,0.9407145380973816,122452.21857887495
8,bert.encoder.layer.1.attention.self.key,key,0.024781180545687675,0.015166666666666667,6.583032075013762e-08,0.011845550499856472,0.10367968678474426,1.991806811929564e-06,0.94549560546875,150217.2021327473
8,bert.encoder.layer.1.attention.self.value,value,0.02364986203610897,0.015166666666666667,2.0771504694039322e-07,0.011916304007172585,0.31317147612571716,4.375493517727591e-06,0.9538099765777588,38681.689617691816
8,bert.encoder.layer.1.attention.output.dense,dense,0.028069037944078445,0.015166666666666667,1.2252051817540632e-07,0.013654468581080437,0.16602270305156708,4.244082447257824e-06,0.9162868857383728,75164.43885343899
8,bert.encoder.layer.2.attention.self.query,query,0.022434145212173462,0.015166666666666667,7.34820275738457e-08,0.01093948632478714,0.12191174179315567,2.318646238563815e-06,0.9603813886642456,100727.50105049423
8,bert.encoder.layer.2.attention.self.key,key,0.0232824869453907,0.015166666666666667,5.994519369778573e-08,0.010757828131318092,0.08438125997781754,1.6185538243007613e-06,0.96160888671875,119468.00633179763
8,bert.encoder.layer.2.attention.self.value,value,0.02642204239964485,0.015166666666666667,2.3557352335501491e-07,0.012769845314323902,0.33030450344085693,4.896231985185295e-06,0.9400092363357544,33449.81718481506
8,bert.encoder.layer.2.attention.output.dense,dense,0.029629919677972794,0.015166666666666667,1.6391371104873542e-07,0.014805513434112072,0.19092905521392822,4.729890861199237e-06,0.8934665322303772,60533.449178963885
8,bert.encoder.layer.3.attention.self.query,query,0.022116968408226967,0.015166666666666667,8.770153669956926e-08,0.011522618122398853,0.1455237865447998,2.6618881747708656e-06,0.9457939863204956,101207.0254268242
8,bert.encoder.layer.3.attention.self.key,key,0.02356543205678463,0.015166666666666667,8.633266190827271e-08,0.012897403910756111,0.13584595918655396,2.3621860236744396e-06,0.9316270351409912,93502.30432753997
8,bert.encoder.layer.3.attention.self.value,value,0.02646181732416153,0.015166666666666667,2.923078454841743e-07,0.014781984500586987,0.3482344150543213,5.623735432891408e-06,0.9120212197303772,33625.098582717976
8,bert.encoder.layer.3.attention.output.dense,dense,0.02798691764473915,0.015166666666666667,1.8045693650492467e-07,0.0148789556697011,0.22429172694683075,5.5316431826213375e-06,0.8906589150428772,58398.190750431255
8,bert.encoder.layer.4.attention.self.query,query,0.023282786831259727,0.015166666666666667,9.41285733802033e-08,0.012136492878198624,0.14661754667758942,2.6707434699346777e-06,0.9398193359375,114706.13003741803
8,bert.encoder.layer.4.attention.self.key,key,0.026911117136478424,0.015166666666666667,9.36011019803118e-08,0.01407923549413681,0.13050775229930878,2.8443746487027965e-06,0.9184638261795044,130139.07399196476
8,bert.encoder.layer.4.attention.self.value,value,0.02962239272892475,0.015166666666666667,2.701104904190288e-07,0.015758730471134186,0.3150898516178131,6.095553089835448e-06,0.8946126103401184,37918.87105051873
8,bert.encoder.layer.4.attention.output.dense,dense,0.031202001497149467,0.015166666666666667,1.9914156723643828e-07,0.016508592292666435,0.22425073385238647,6.048462182661751e-06,0.8621351718902588,57283.57168467222
8,bert.encoder.layer.5.attention.self.query,query,0.01790180802345276,0.015166666666666667,6.253242901266276e-08,0.009496021084487438,0.09901226311922073,1.5931826737869415e-06,0.9742363691329956,99353.86124441585
8,bert.encoder.layer.5.attention.self.key,key,0.019172031432390213,0.015166666666666667,5.484401555122531e-08,0.00969911739230156,0.10174895823001862,1.2307542647249647e-06,0.9708659052848816,111585.48789077265
8,bert.encoder.layer.5.attention.self.value,value,0.02325134165585041,0.015166666666666667,3.066602971557586e-07,0.01201736368238926,0.47381752729415894,3.9084206946427e-06,0.96209716796875,26861.095199114716
8,bert.encoder.layer.5.attention.output.dense,dense,0.026202300563454628,0.015166666666666667,1.1703865254730772e-07,0.012912542559206486,0.1769597828388214,3.8107132240838837e-06,0.9283583164215088,66669.90332881379
8,bert.encoder.layer.6.attention.self.query,query,0.020213596522808075,0.015166666666666667,7.301230908751677e-08,0.00911287497729063,0.15228593349456787,2.070514483420993e-06,0.9740532636642456,109308.0114427986
8,bert.encoder.layer.6.attention.self.key,key,0.02195798046886921,0.015166666666666667,6.659781348616889e-08,0.009365848265588284,0.1268618404865265,1.7348858136756462e-06,0.9745212197303772,124660.77077484585
8,bert.encoder.layer.6.attention.self.value,value,0.024515816941857338,0.015166666666666667,3.049298982205073e-07,0.011157652363181114,0.49006229639053345,3.834719791484531e-06,0.9731784462928772,25212.674451439892
8,bert.encoder.layer.6.attention.output.dense,dense,0.028162363916635513,0.015166666666666667,1.201012338469809e-07,0.01237644162029028,0.20059999823570251,4.236341283103684e-06,0.9365708827972412,59477.66903169525
8,bert.encoder.layer.7.attention.self.query,query,0.01770513877272606,0.015166666666666667,7.14645906896294e-08,0.008870776742696762,0.15006282925605774,1.8401683519186918e-06,0.9726494550704956,82198.50173337238
8,bert.encoder.layer.7.attention.self.key,key,0.020639842376112938,0.015166666666666667,6.25576106472181e-08,0.010690334253013134,0.10121360421180725,1.697028551461699e-06,0.9523383378982544,122832.61619896282
8,bert.encoder.layer.7.attention.self.value,value,0.023077363148331642,0.015166666666666667,2.83863670347273e-07,0.012636070139706135,0.4285029470920563,5.7006795941560995e-06,0.9389716386795044,26837.98071809731
8,bert.encoder.layer.7.attention.output.dense,dense,0.02587960474193096,0.015166666666666667,1.6552814940951066e-07,0.013659129850566387,0.20375795662403107,4.478703431232134e-06,0.9126179814338684,40729.76158985195
8,bert.encoder.layer.8.attention.self.query,query,0.0208723284304142,0.015166666666666667,1.5868428704379767e-07,0.012608669698238373,0.17869752645492554,2.7523037715582177e-06,0.9481337070465088,48526.70586931254
8,bert.encoder.layer.8.attention.self.key,key,0.021411534398794174,0.015166666666666667,1.0671741534906687e-07,0.012343334965407848,0.15140821039676666,2.1602145352517255e-06,0.9386732578277588,63902.931991437705
8,bert.encoder.layer.8.attention.self.value,value,0.02254696749150753,0.015166666666666667,2.421435567612207e-07,0.01208287850022316,0.36186179518699646,5.350909304979723e-06,0.9467705488204956,25153.377562747173
8,bert.encoder.layer.8.attention.output.dense,dense,0.027286924421787262,0.015166666666666667,1.8214842611996573e-07,0.014321912080049515,0.22120824456214905,4.9359759941580705e-06,0.9097900390625,34093.10809895557
8,bert.encoder.layer.9.attention.self.query,query,0.010746639221906662,0.015166666666666667,1.0636744818270927e-08,0.0026068987790495157,0.09998615831136703,2.5603637254789646e-07,0.9997626543045044,100427.99298481426
8,bert.encoder.layer.9.attention.self.key,key,0.01126239262521267,0.015166666666666667,8.067410739442948e-09,0.0034925725776702166,-0.004902427550405264,1.1316124925997428e-07,0.9977484941482544,134301.80278984224
8,bert.encoder.layer.9.attention.self.value,value,0.015846502035856247,0.015166666666666667,2.072542741871075e-07,0.007751083001494408,0.48487281799316406,3.1029796900838846e-06,0.9906005859375,24956.141401271787
8,bert.encoder.layer.9.attention.output.dense,dense,0.021572064608335495,0.015166666666666667,7.54277706960238e-08,0.0102245407178998,0.09870569407939911,1.8125861060980242e-06,0.9620225429534912,47348.36742527432
8,bert.encoder.layer.10.attention.self.query,query,0.010205253958702087,0.015166666666666667,3.273602189324265e-08,0.005172414239495993,0.16093024611473083,6.35054334452434e-07,0.9922417402267456,83639.95073981248
8,bert.encoder.layer.10.attention.self.key,key,0.008470304310321808,0.015166666666666667,1.820119344131399e-08,0.0039296080358326435,0.06438617408275604,2.746749316884234e-07,0.9981757402420044,104962.83794701307
8,bert.encoder.layer.10.attention.self.value,value,0.012771036475896835,0.015166666666666667,1.3159355205516476e-07,0.006692375987768173,0.3794514536857605,2.207038960477803e-06,0.9917128086090088,35437.7555688023
8,bert.encoder.layer.10.attention.output.dense,dense,0.01782279647886753,0.015166666666666667,5.4459292186948005e-08,0.008363804779946804,0.12474778294563293,1.6937211739787017e-06,0.9809163212776184,68687.29715547473
8,bert.encoder.layer.11.attention.self.query,query,0.015972569584846497,0.015166666666666667,4.252487784128789e-08,0.007137170527130365,0.08686501532793045,8.599654393037781e-07,0.9819539189338684,82379.11368498094
8,bert.encoder.layer.11.attention.self.key,key,0.011898064985871315,0.015166666666666667,2.6688862675428027e-08,0.005044253543019295,0.09186921268701553,6.759436246284167e-07,0.9956190586090088,104022.7817153915
8,bert.encoder.layer.11.attention.self.value,value,0.013602834194898605,0.015166666666666667,9.76622516191128e-08,0.006015893071889877,0.29244524240493774,1.7459871060054866e-06,0.9955783486366272,40314.91723169061
8,bert.encoder.layer.11.attention.output.dense,dense,0.01743977703154087,0.015166666666666667,5.538253944337157e-08,0.008171381428837776,0.12827901542186737,1.6729570688767126e-06,0.9837104082107544,65458.30413909721
9,bert.encoder.layer.0.attention.self.query,query,0.02380910888314247,0.015,6.007976338651133e-08,0.012438211590051651,0.09046883881092072,2.128396545231226e-06,0.9415351152420044,140280.7960170856
9,bert.encoder.layer.0.attention.self.key,key,0.026321066543459892,0.015,5.936548674867481e-08,0.01406234223395586,0.07923723757266998,2.0709276213892736e-06,0.9120415449142456,156418.56062581888
9,bert.encoder.layer.0.attention.self.value,value,0.026926971971988678,0.015,1.4506343859466142e-07,0.013639310374855995,0.20342925190925598,4.433791673363885e-06,0.9146457314491272,69526.53024534513
9,bert.encoder.layer.0.attention.output.dense,dense,0.029197625815868378,0.015,1.6743044284339703e-07,0.015170605853199959,0.19735828042030334,5.17450052939239e-06,0.8866102695465088,72516.67043776005
9,bert.encoder.layer.1.attention.self.query,query,0.025885945186018944,0.015,7.812348457036933e-08,0.012818226590752602,0.12132953107357025,2.348585894651478e-06,0.9300740361213684,126238.5753246884
9,bert.encoder.layer.1.attention.self.key,key,0.02571585588157177,0.015,6.489233328466071e-08,0.012393846176564693,0.0962131917476654,1.8202439378001145e-06,0.9386257529258728,152702.24855641162
9,bert.encoder.layer.1.attention.self.value,value,0.0245656855404377,0.015,2.3556741268748738e-07,0.012586669996380806,0.3369870185852051,4.869450549449539e-06,0.9447970986366272,40952.89333885385
9,bert.encoder.layer.1.attention.output.dense,dense,0.029271302744746208,0.015,1.3978856827634445e-07,0.014393969438970089,0.16773755848407745,4.422345682542073e-06,0.9021674394607544,77251.46260625079
9,bert.encoder.layer.2.attention.self.query,query,0.02339836023747921,0.015,7.94209640275767e-08,0.01153829600661993,0.12744900584220886,2.3699278699496062e-06,0.9517551064491272,105147.81513117022
9,bert.encoder.layer.2.attention.self.key,key,0.024294819682836533,0.015,6.364516025314515e-08,0.011226984672248363,0.10059356689453125,1.8647816659722594e-06,0.9553493857383728,125006.47349507497
9,bert.encoder.layer.2.attention.self.value,value,0.02782158926129341,0.015,2.704772441575187e-07,0.013671262189745903,0.383575975894928,5.9928115661023185e-06,0.9285007119178772,34605.51533623283
9,bert.encoder.layer.2.attention.output.dense,dense,0.03146016597747803,0.015,1.8787211786275293e-07,0.015721118077635765,0.21112649142742157,5.575487648457056e-06,0.8741590976715088,62312.51056063007
9,bert.encoder.layer.3.attention.self.query,query,0.02383570559322834,0.015,1.0627869784229915e-07,0.012421693652868271,0.14917686581611633,2.988570713569061e-06,0.9330580234527588,100484.03705918512
9,bert.encoder.layer.3.attention.self.key,key,0.02581227384507656,0.015,1.0420498597341066e-07,0.014231769368052483,0.13818082213401794,2.7956841677223565e-06,0.9118788242340088,96986.59964301679
9,bert.encoder.layer.3.attention.self.value,value,0.028241494670510292,0.015,3.19743236332215e-07,0.015864942222833633,0.37043219804763794,6.485735866590403e-06,0.8945176601409912,35051.641279981355
9,bert.encoder.layer.3.attention.output.dense,dense,0.029809217900037766,0.015,1.992284381913123e-07,0.015714457258582115,0.22323276102542877,5.951622370048426e-06,0.8754543662071228,60738.914756639584
9,bert.encoder.layer.4.attention.self.query,query,0.02454245276749134,0.015,1.0539735484371704e-07,0.012806490994989872,0.1449715793132782,2.720706334002898e-06,0.92999267578125,116338.05657298534
9,bert.encoder.layer.4.attention.self.key,key,0.0283757783472538,0.015,1.017107464917899e-07,0.014932394959032536,0.11003441363573074,2.4583173399150837e-06,0.9065077304840088,132275.00351389387
9,bert.encoder.layer.4.attention.self.value,value,0.03077261708676815,0.015,2.9263279088809213e-07,0.016346048563718796,0.31932953000068665,6.7004270931647625e-06,0.8850300908088684,39241.18943862183
9,bert.encoder.layer.4.attention.output.dense,dense,0.032688405364751816,0.015,2.1132147765001719e-07,0.017454655840992928,0.22658078372478485,6.7054697865387425e-06,0.8444960117340088,58600.48176279106
9,bert.encoder.layer.5.attention.self.query,query,0.01896487921476364,0.015,7.952887415285659e-08,0.010155112482607365,0.15813003480434418,2.1614666820823913e-06,0.9688991904258728,99606.92164111887
9,bert.encoder.layer.5.attention.self.key,key,0.02004336193203926,0.015,6.810670782897432e-08,0.010122915729880333,0.11793391406536102,1.511845539425849e-06,0.9661458134651184,111152.53925957088
9,bert.encoder.layer.5.attention.self.value,value,0.02416054531931877,0.015,3.0105024961812887e-07,0.012197168543934822,0.4535963535308838,4.102959337615175e-06,0.9564344882965088,27550.924075215316
9,bert.encoder.layer.5.attention.output.dense,dense,0.027207037433981895,0.015,1.1567356494879277e-07,0.013178136199712753,0.14461791515350342,3.6174585602566367e-06,0.9233872890472412,69670.78315622908
9,bert.encoder.layer.6.attention.self.query,query,0.020670803263783455,0.015,6.432840393699735e-08,0.00903441570699215,0.1372091919183731,1.5957177765812958e-06,0.97393798828125,110325.50253423156
9,bert.encoder.layer.6.attention.self.key,key,0.022052256390452385,0.015,5.880774267552624e-08,0.009037002921104431,0.131785050034523,1.3580358881881693e-06,0.9762505292892456,123781.57152110687
9,bert.encoder.layer.6.attention.self.value,value,0.024702835828065872,0.015,2.982005469220894e-07,0.011142319068312645,0.5018747448921204,3.6809424273087643e-06,0.9746297001838684,25529.620731148327
9,bert.encoder.layer.6.attention.output.dense,dense,0.028685420751571655,0.015,1.0483249468506983e-07,0.01271713525056839,0.15298762917518616,3.474604909570189e-06,0.9317694902420044,61902.982054754975
9,bert.encoder.layer.7.attention.self.query,query,0.018864214420318604,0.015,7.188337747265905e-08,0.009330210275948048,0.15169373154640198,2.081792445096653e-06,0.9681667685508728,84467.4168302955
9,bert.encoder.layer.7.attention.self.key,key,0.021654298529028893,0.015,6.809448649391925e-08,0.011101074516773224,0.12178967893123627,1.8428485191179789e-06,0.9471299648284912,122668.78931258891
9,bert.encoder.layer.7.attention.self.value,value,0.02376042865216732,0.015,2.81169775462331e-07,0.013023404404520988,0.40943577885627747,5.66090784559492e-06,0.9339125156402588,27873.154749117366
9,bert.encoder.layer.7.attention.output.dense,dense,0.026752663776278496,0.015,1.6585029527504958e-07,0.013948183506727219,0.20091384649276733,4.372539478936233e-06,0.9104071855545044,42558.453916724466
9,bert.encoder.layer.8.attention.self.query,query,0.02143997512757778,0.015,1.5640345907286246e-07,0.0130220428109169,0.26393115520477295,3.4702543416642584e-06,0.9441460371017456,52291.76981916128
9,bert.encoder.layer.8.attention.self.key,key,0.02227814868092537,0.015,1.0023784113855072e-07,0.012867028824985027,0.15323348343372345,2.704704684219905e-06,0.9328952431678772,68563.07893594018
9,bert.encoder.layer.8.attention.self.value,value,0.023204460740089417,0.015,2.4170745405172056e-07,0.012615125626325607,0.36309805512428284,5.52776646145503e-06,0.9400770664215088,26060.36327467785
9,bert.encoder.layer.8.attention.output.dense,dense,0.028573567047715187,0.015,1.7637549376559036e-07,0.015010104514658451,0.21424652636051178,4.755947429657681e-06,0.8993937373161316,36131.571019052244
9,bert.encoder.layer.9.attention.self.query,query,0.010631967335939407,0.015,9.440021209172755e-09,0.0023347216192632914,0.05281450226902962,1.5020097521301068e-07,0.9998711347579956,99043.7317555149
9,bert.encoder.layer.9.attention.self.key,key,0.011530590243637562,0.015,7.270997137709401e-09,0.0033218844328075647,0.05954164266586304,1.6234380950663763e-07,0.9981825351715088,133402.76791951855
9,bert.encoder.layer.9.attention.self.value,value,0.016011174768209457,0.015,1.791168244835717e-07,0.0077191488817334175,0.4209054708480835,2.8107779144193046e-06,0.9904853105545044,25295.89796936245
9,bert.encoder.layer.9.attention.output.dense,dense,0.022140350192785263,0.015,7.292616288623321e-08,0.010495547205209732,0.11126162856817245,1.7787845081329579e-06,0.9584282636642456,49957.76760742063
9,bert.encoder.layer.10.attention.self.query,query,0.009714934043586254,0.015,2.2319316173025072e-08,0.004698239266872406,0.07909542322158813,3.1368088571070984e-07,0.9942355751991272,85737.89007527244
9,bert.encoder.layer.10.attention.self.key,key,0.008080745115876198,0.015,1.3331208137401518e-08,0.00356742599979043,0.07350830733776093,2.504883696019533e-07,0.9991726279258728,107659.39849320987
9,bert.encoder.layer.10.attention.self.value,value,0.01259275060147047,0.015,1.2727883813568042e-07,0.006568691693246365,0.3804244101047516,1.987337554965052e-06,0.9927300214767456,35701.94444626602
9,bert.encoder.layer.10.attention.output.dense,dense,0.017892001196742058,0.015,4.37535234709685e-08,0.008402970619499683,0.10043279081583023,1.2894605561086792e-06,0.9812079668045044,71249.71209108543
9,bert.encoder.layer.11.attention.self.query,query,0.016739336773753166,0.015,4.1120923555126865e-08,0.007352607790380716,0.1229059025645256,9.76945898401027e-07,0.9800822138786316,84285.15296356758
9,bert.encoder.layer.11.attention.self.key,key,0.0125529570505023,0.015,2.8761494519358166e-08,0.005238474812358618,0.11802296340465546,7.42240160889196e-07,0.9949408769607544,102530.07506260695
9,bert.encoder.layer.11.attention.self.value,value,0.014092991128563881,0.015,1.0826675378439177e-07,0.006352344993501902,0.3336658179759979,1.7741713236318901e-06,0.9949476718902588,40620.516506513115
9,bert.encoder.layer.11.attention.output.dense,dense,0.018074896186590195,0.015,5.39196030047151e-08,0.008400843478739262,0.0897042378783226,1.4694030596729135e-06,0.9806654453277588,68579.59505876823
10,bert.encoder.layer.0.attention.self.query,query,0.026198992505669594,0.014833333333333334,8.481548263716832e-08,0.013766120187938213,0.10459143668413162,2.7601113288255874e-06,0.9221665859222412,142869.64676546218
10,bert.encoder.layer.0.attention.self.key,key,0.028963664546608925,0.014833333333333334,8.241773485906378e-08,0.015332556329667568,0.10443608462810516,2.641435003170045e-06,0.8894856572151184,157511.77090167245
10,bert.encoder.layer.0.attention.self.value,value,0.029560286551713943,0.014833333333333334,1.8218726438590238e-07,0.014952432364225388,0.21952460706233978,5.6025692174443975e-06,0.8888888955116272,70049.10335729108
10,bert.encoder.layer.0.attention.output.dense,dense,0.03209587186574936,0.014833333333333334,1.9943597351357312e-07,0.01668589748442173,0.217105895280838,6.578686225111596e-06,0.8562214970588684,73272.51432485499
10,bert.encoder.layer.1.attention.self.query,query,0.02803099900484085,0.014833333333333334,9.180676130426946e-08,0.013686081394553185,0.12728582322597504,2.884013156290166e-06,0.9168633222579956,127166.19746351735
10,bert.encoder.layer.1.attention.self.key,key,0.027597662061452866,0.014833333333333334,7.990785633182895e-08,0.01320122741162777,0.10937338322401047,2.2104850359028205e-06,0.9253743290901184,154521.39958347502
10,bert.encoder.layer.1.attention.self.value,value,0.027107831090688705,0.014833333333333334,2.949501549665001e-07,0.013927810825407505,0.3830869197845459,6.4208957155642565e-06,0.9244655966758728,41593.92145859459
10,bert.encoder.layer.1.attention.output.dense,dense,0.032355017960071564,0.014833333333333334,1.724345963793894e-07,0.015906551852822304,0.19769155979156494,5.7464803830953315e-06,0.8719956874847412,78303.91869048857
10,bert.encoder.layer.2.attention.self.query,query,0.02557426132261753,0.014833333333333334,1.0827798746504413e-07,0.01269458793103695,0.15433810651302338,3.4007089197984897e-06,0.9371269941329956,107016.81655301557
10,bert.encoder.layer.2.attention.self.key,key,0.026487715542316437,0.014833333333333334,9.774248610483482e-08,0.012582428753376007,0.14038299024105072,2.8867445962532656e-06,0.9358723759651184,127498.14374460178
10,bert.encoder.layer.2.attention.self.value,value,0.03035302460193634,0.014833333333333334,3.280961493601353e-07,0.014877228066325188,0.39373907446861267,6.644915629294701e-06,0.9102919101715088,35795.28758317822
10,bert.encoder.layer.2.attention.output.dense,dense,0.03458699956536293,0.014833333333333334,2.179205438324061e-07,0.01734587550163269,0.24348899722099304,7.275188181665726e-06,0.8428141474723816,63421.43860222784
10,bert.encoder.layer.3.attention.self.query,query,0.026102004572749138,0.014833333333333334,1.7541229624384869e-07,0.013546687550842762,0.2399636209011078,4.32530214311555e-06,0.91815185546875,94873.71568553834
10,bert.encoder.layer.3.attention.self.key,key,0.02805936709046364,0.014833333333333334,1.770814037627133e-07,0.015373032540082932,0.2220500409603119,4.138346866966458e-06,0.8979424238204956,96707.87604996467
10,bert.encoder.layer.3.attention.self.value,value,0.030919192358851433,0.014833333333333334,3.600841012030287e-07,0.01708679087460041,0.37647393345832825,7.491220003430499e-06,0.8741997480392456,35343.390996571354
10,bert.encoder.layer.3.attention.output.dense,dense,0.032430171966552734,0.014833333333333334,2.3417521788360318e-07,0.017122827470302582,0.25690993666648865,7.282299065991538e-06,0.8474256992340088,61584.51096825352
10,bert.encoder.layer.4.attention.self.query,query,0.026700537651777267,0.014833333333333334,1.096327650884632e-07,0.01365345437079668,0.14256812632083893,3.2330435715266503e-06,0.9174668788909912,116212.13854819776
10,bert.encoder.layer.4.attention.self.key,key,0.030536914244294167,0.014833333333333334,1.1042556735674225e-07,0.01599188894033432,0.11771021038293839,2.8362328521325253e-06,0.891845703125,133016.03002430257
10,bert.encoder.layer.4.attention.self.value,value,0.03298439458012581,0.014833333333333334,3.2737824540163274e-07,0.017619797959923744,0.33791396021842957,7.592252586618997e-06,0.8697509765625,40506.227809850636
10,bert.encoder.layer.4.attention.output.dense,dense,0.034809090197086334,0.014833333333333334,2.5961816163544427e-07,0.01851479709148407,0.2514999508857727,7.845597792766057e-06,0.82318115234375,59275.829537772086
10,bert.encoder.layer.5.attention.self.query,query,0.020835893228650093,0.014833333333333334,9.76889964476868e-08,0.011241872794926167,0.14683914184570312,2.5611495857447153e-06,0.9574245810508728,96222.35341635883
10,bert.encoder.layer.5.attention.self.key,key,0.022132130339741707,0.014833333333333334,8.316384025874868e-08,0.011185955256223679,0.14232520759105682,2.333028305656626e-06,0.9545695185661316,107291.22523628628
10,bert.encoder.layer.5.attention.self.value,value,0.02639045938849449,0.014833333333333334,3.603484515224409e-07,0.0135059654712677,0.49064674973487854,4.930523573420942e-06,0.9436984658241272,27737.082581635994
10,bert.encoder.layer.5.attention.output.dense,dense,0.02932010218501091,0.014833333333333334,1.4420703564610449e-07,0.014286126010119915,0.20500357449054718,4.9445393415226135e-06,0.9050157070159912,71344.28396310104
10,bert.encoder.layer.6.attention.self.query,query,0.022571604698896408,0.014833333333333334,9.412059398528072e-08,0.009977087378501892,0.16839087009429932,2.340119863220025e-06,0.9668172001838684,105911.4603153721
10,bert.encoder.layer.6.attention.self.key,key,0.02398901805281639,0.014833333333333334,8.678945562223817e-08,0.009875018149614334,0.1441168487071991,1.7626350654609269e-06,0.9695976972579956,118805.89896866686
10,bert.encoder.layer.6.attention.self.value,value,0.027104994282126427,0.014833333333333334,4.3079438682980253e-07,0.012802460230886936,0.6242523789405823,4.5178367145126686e-06,0.9700046181678772,25922.814246613718
10,bert.encoder.layer.6.attention.output.dense,dense,0.03036469966173172,0.014833333333333334,1.4466111508681934e-07,0.013493138365447521,0.1744561642408371,3.916155492333928e-06,0.9187961220741272,64959.08823272603
10,bert.encoder.layer.7.attention.self.query,query,0.019673772156238556,0.014833333333333334,9.005770351677711e-08,0.009757179766893387,0.185599684715271,2.4456828668917296e-06,0.9629245400428772,90688.16593105215
10,bert.encoder.layer.7.attention.self.key,key,0.022800330072641373,0.014833333333333334,7.667259183108399e-08,0.011637873947620392,0.12309805303812027,1.8922481785921264e-06,0.9400634765625,130070.21318646403
10,bert.encoder.layer.7.attention.self.value,value,0.025128915905952454,0.014833333333333334,3.389923506347259e-07,0.013826294802129269,0.45485010743141174,6.478213435912039e-06,0.9257473349571228,28529.8144801387
10,bert.encoder.layer.7.attention.output.dense,dense,0.02807958610355854,0.014833333333333334,1.8587643069167825e-07,0.014592058025300503,0.23012742400169373,5.386994416767266e-06,0.9002753496170044,44432.48347818607
10,bert.encoder.layer.8.attention.self.query,query,0.021316571161150932,0.014833333333333334,1.4596908215480653e-07,0.012271225452423096,0.19638335704803467,3.0213141144486144e-06,0.9466552734375,54845.309457637035
10,bert.encoder.layer.8.attention.self.key,key,0.022437809035182,0.014833333333333334,9.133805178862531e-08,0.012740617617964745,0.1366889774799347,2.4296589344885433e-06,0.9332275390625,71294.4532423242
10,bert.encoder.layer.8.attention.self.value,value,0.02419261261820793,0.014833333333333334,2.8692474529634637e-07,0.013093697838485241,0.40160953998565674,6.396683147613658e-06,0.93402099609375,27156.66046223824
10,bert.encoder.layer.8.attention.output.dense,dense,0.029689118266105652,0.014833333333333334,2.1814962281041517e-07,0.01590140350162983,0.2807989716529846,6.811054845456965e-06,0.8867933750152588,38149.64992995678
10,bert.encoder.layer.9.attention.self.query,query,0.01146895531564951,0.014833333333333334,1.0300496455784014e-08,0.002442798810079694,0.09797906875610352,2.4059036718426796e-07,0.9998508095741272,97812.32643520166
10,bert.encoder.layer.9.attention.self.key,key,0.012256148271262646,0.014833333333333334,8.548155960852455e-09,0.0033007327001541853,0.034216247498989105,1.8622316133587447e-07,0.9979315996170044,131338.2003078977
10,bert.encoder.layer.9.attention.self.value,value,0.01699930988252163,0.014833333333333334,2.549765270032367e-07,0.008484425954520702,0.5510174036026001,3.897997430613032e-06,0.9880303144454956,25726.65091670654
10,bert.encoder.layer.9.attention.output.dense,dense,0.022855378687381744,0.014833333333333334,9.558442570778425e-08,0.0110555374994874,0.17174431681632996,2.7782921279140282e-06,0.9520263671875,52900.46025271503
10,bert.encoder.layer.10.attention.self.query,query,0.010028828866779804,0.014833333333333334,2.7455602236159393e-08,0.005051004700362682,0.11960811913013458,5.873131954103883e-07,0.9935709834098816,85781.72782456638
10,bert.encoder.layer.10.attention.self.key,key,0.00835199560970068,0.014833333333333334,1.7796404350178818e-08,0.003717286279425025,0.06762073934078217,3.2988680231937906e-07,0.9987996220588684,106950.90603784086
10,bert.encoder.layer.10.attention.self.value,value,0.013115235604345798,0.014833333333333334,1.4520404079121363e-07,0.006799471098929644,0.4075775742530823,2.35781544688507e-06,0.9923977255821228,36945.843388479705
10,bert.encoder.layer.10.attention.output.dense,dense,0.018612809479236603,0.014833333333333334,5.464866603688279e-08,0.00873254332691431,0.1085028350353241,1.7240922716155183e-06,0.977294921875,74210.07358606167
10,bert.encoder.layer.11.attention.self.query,query,0.01927814818918705,0.014833333333333334,6.212426484353273e-08,0.007999641820788383,0.154976025223732,1.2950462178196176e-06,0.9758571982383728,89961.66474928956
10,bert.encoder.layer.11.attention.self.key,key,0.013955405913293362,0.014833333333333334,4.3910876712516256e-08,0.005760977044701576,0.14245393872261047,9.1823375214517e-07,0.9930216670036316,108533.48008435391
10,bert.encoder.layer.11.attention.self.value,value,0.015059410594403744,0.014833333333333334,1.1674794819782619e-07,0.006517393048852682,0.3184148073196411,2.239392188130296e-06,0.9941745400428772,41420.70788548446
10,bert.encoder.layer.11.attention.output.dense,dense,0.019785230979323387,0.014833333333333334,7.114314826139889e-08,0.009031609632074833,0.14130371809005737,2.069420588668436e-06,0.9749077558517456,70457.67322458937
11,bert.encoder.layer.0.attention.self.query,query,0.026109101250767708,0.014666666666666666,7.891799924664156e-08,0.013833994045853615,0.10966407507658005,2.609935791042517e-06,0.9198947548866272,145505.3025333937
11,bert.encoder.layer.0.attention.self.key,key,0.029014993458986282,0.014666666666666666,7.968196769070346e-08,0.01553279161453247,0.08747430890798569,2.2934991648071446e-06,0.8877292275428772,159673.71324011884
11,bert.encoder.layer.0.attention.self.value,value,0.029421726241707802,0.014666666666666666,1.7615504077639343e-07,0.014919070526957512,0.2032475769519806,5.227556812315015e-06,0.8888278603553772,70840.37423526638
11,bert.encoder.layer.0.attention.output.dense,dense,0.03235567733645439,0.014666666666666666,1.9454613209290983e-07,0.016737373545765877,0.20886199176311493,6.282630693021929e-06,0.8557807207107544,74404.92442187939
11,bert.encoder.layer.1.attention.self.query,query,0.0282608475536108,0.014666666666666666,1.0562704488847885e-07,0.01396973617374897,0.14026878774166107,3.179824261678732e-06,0.9118449091911316,129435.70655130169
11,bert.encoder.layer.1.attention.self.key,key,0.02759428694844246,0.014666666666666666,9.516875820736459e-08,0.013344029895961285,0.13022135198116302,2.8092738375562476e-06,0.9229668378829956,152410.0664303648
11,bert.encoder.layer.1.attention.self.value,value,0.026541344821453094,0.014666666666666666,2.718169866966491e-07,0.013609804213047028,0.3434329032897949,5.84479403187288e-06,0.9262763261795044,42591.64165459323
11,bert.encoder.layer.1.attention.output.dense,dense,0.03257333114743233,0.014666666666666666,1.6981375949853827e-07,0.016112735494971275,0.18134459853172302,5.504313321580412e-06,0.8667534589767456,79726.5145689982
11,bert.encoder.layer.2.attention.self.query,query,0.02564896084368229,0.014666666666666666,9.773168585525127e-08,0.012427981942892075,0.13735553622245789,2.7927012524742167e-06,0.9405178427696228,109061.57908590311
11,bert.encoder.layer.2.attention.self.key,key,0.026622386649250984,0.014666666666666666,8.970178555500752e-08,0.012620212510228157,0.1313392072916031,2.8347631086944602e-06,0.9339125156402588,128340.32029586061
11,bert.encoder.layer.2.attention.self.value,value,0.030451087281107903,0.014666666666666666,3.132318511234189e-07,0.014740489423274994,0.3735101819038391,6.556564585480373e-06,0.9118855595588684,36209.51399206781
11,bert.encoder.layer.2.attention.output.dense,dense,0.03488975763320923,0.014666666666666666,2.140450447996045e-07,0.017425131052732468,0.22829817235469818,6.72834266879363e-06,0.8418647050857544,64410.55561352214
11,bert.encoder.layer.3.attention.self.query,query,0.026375655084848404,0.014666666666666666,1.0439746489510071e-07,0.013124524615705013,0.1446940302848816,3.1971774205885595e-06,0.9239841103553772,95156.91720926664
11,bert.encoder.layer.3.attention.self.key,key,0.02852281928062439,0.014666666666666666,1.0010663231696526e-07,0.01498967595398426,0.11137664318084717,2.859304913727101e-06,0.9004177451133728,99072.65291115458
11,bert.encoder.layer.3.attention.self.value,value,0.031849272549152374,0.014666666666666666,3.326568389638851e-07,0.01747799478471279,0.3497198224067688,7.775322956149466e-06,0.8641696572303772,37055.267545660616
11,bert.encoder.layer.3.attention.output.dense,dense,0.03359760344028473,0.014666666666666666,2.411968296200939e-07,0.01758461818099022,0.24081124365329742,7.240347258630209e-06,0.8370632529258728,62099.870187144224
11,bert.encoder.layer.4.attention.self.query,query,0.026850106194615364,0.014666666666666666,1.2226840340190392e-07,0.014018435031175613,0.1424432247877121,3.2281952826451743e-06,0.9112955927848816,116324.63009021556
11,bert.encoder.layer.4.attention.self.key,key,0.030166354030370712,0.014666666666666666,1.1906178087883745e-07,0.01595316268503666,0.14930517971515656,3.223652129236143e-06,0.89239501953125,131365.10862767545
11,bert.encoder.layer.4.attention.self.value,value,0.03257381543517113,0.014666666666666666,3.0120298788460786e-07,0.017648713663220406,0.31211236119270325,6.864966053399257e-06,0.86962890625,41368.14615864642
11,bert.encoder.layer.4.attention.output.dense,dense,0.03447095304727554,0.014666666666666666,2.512614400984603e-07,0.018478434532880783,0.22897419333457947,6.9093325691937935e-06,0.8267958164215088,60241.77765238767
11,bert.encoder.layer.5.attention.self.query,query,0.021646123379468918,0.014666666666666666,1.0951649898061078e-07,0.011491762474179268,0.17328529059886932,2.8531057978398167e-06,0.9550034999847412,95456.85764995826
11,bert.encoder.layer.5.attention.self.key,key,0.023265602067112923,0.014666666666666666,9.352910979032458e-08,0.011647727340459824,0.13502320647239685,2.1962309801892843e-06,0.9492526650428772,105942.90820268304
11,bert.encoder.layer.5.attention.self.value,value,0.026991089805960655,0.014666666666666666,3.3474748306616675e-07,0.013506368733942509,0.4348784387111664,4.51390269518015e-06,0.9388563632965088,28556.147961691928
11,bert.encoder.layer.5.attention.output.dense,dense,0.030210016295313835,0.014666666666666666,1.4376969659224414e-07,0.014540658332407475,0.19625172019004822,4.842936050408753e-06,0.8999362587928772,72214.25799209031
11,bert.encoder.layer.6.attention.self.query,query,0.02285928465425968,0.014666666666666666,9.762894848108772e-08,0.00997930858284235,0.1781097799539566,2.4909813873819076e-06,0.9669121503829956,104577.48652304793
11,bert.encoder.layer.6.attention.self.key,key,0.02433781325817108,0.014666666666666666,9.783840937416244e-08,0.010011509992182255,0.1912980079650879,2.050954662990989e-06,0.9681260585784912,114874.31344901437
11,bert.encoder.layer.6.attention.self.value,value,0.02684214524924755,0.014666666666666666,3.706511222389963e-07,0.012346257455646992,0.5588770508766174,4.209626240481157e-06,0.9673054814338684,26111.491538731003
11,bert.encoder.layer.6.attention.output.dense,dense,0.030804915353655815,0.014666666666666666,1.3209142935011187e-07,0.0136060556396842,0.19524039328098297,4.407787855598144e-06,0.9181857705116272,66391.13676963102
11,bert.encoder.layer.7.attention.self.query,query,0.02047598734498024,0.014666666666666666,9.821974344959017e-08,0.009962071664631367,0.18458741903305054,2.776050223474158e-06,0.9616835117340088,92764.56189999862
11,bert.encoder.layer.7.attention.self.key,key,0.02324013039469719,0.014666666666666666,8.817796270932377e-08,0.011998464353382587,0.12884704768657684,2.2311139673547586e-06,0.9363064169883728,131608.7991950737
11,bert.encoder.layer.7.attention.self.value,value,0.025115851312875748,0.014666666666666666,3.2592978982393106e-07,0.013625802472233772,0.43916526436805725,6.286333700700197e-06,0.9271647334098816,28811.768136576255
11,bert.encoder.layer.7.attention.output.dense,dense,0.028101464733481407,0.014666666666666666,1.7194899726291624e-07,0.014749392867088318,0.2309582680463791,5.184976544114761e-06,0.8974609375,46177.49433532701
11,bert.encoder.layer.8.attention.self.query,query,0.0209545586258173,0.014666666666666666,1.1941030209072778e-07,0.011866133660078049,0.19009029865264893,2.9458765311574098e-06,0.9514906406402588,55899.40066611194
11,bert.encoder.layer.8.attention.self.key,key,0.022385714575648308,0.014666666666666666,8.815312924070895e-08,0.012653404846787453,0.12761978805065155,2.1773007574665826e-06,0.9344618320465088,72343.38955333151
11,bert.encoder.layer.8.attention.self.value,value,0.023628253489732742,0.014666666666666666,2.3787382019690995e-07,0.012868051417171955,0.3454990088939667,5.527598204935202e-06,0.93524169921875,28005.616044776143
11,bert.encoder.layer.8.attention.output.dense,dense,0.029332520440220833,0.014666666666666666,1.7324532564089168e-07,0.015525574795901775,0.21768446266651154,5.183906068850774e-06,0.88958740234375,39937.9687011506
11,bert.encoder.layer.9.attention.self.query,query,0.011591278947889805,0.014666666666666666,1.6542781366979398e-08,0.002677211072295904,0.1254815310239792,3.3270822541453526e-07,0.9997287392616272,102629.3138734653
11,bert.encoder.layer.9.attention.self.key,key,0.012499597854912281,0.014666666666666666,1.3292885014948297e-08,0.003621427109465003,0.04499075561761856,2.120725071108609e-07,0.9974161982536316,139563.60765053367
11,bert.encoder.layer.9.attention.self.value,value,0.017284251749515533,0.014666666666666666,2.035213100270994e-07,0.008292235434055328,0.46998101472854614,3.296643399153254e-06,0.9885728359222412,26379.386850315936
11,bert.encoder.layer.9.attention.output.dense,dense,0.023007439449429512,0.014666666666666666,7.635737375721874e-08,0.01092844270169735,0.11070460081100464,1.8071627891913522e-06,0.9536268711090088,55470.0698696821
11,bert.encoder.layer.10.attention.self.query,query,0.010613689199090004,0.014666666666666666,3.3794776754803024e-08,0.005039383191615343,0.11993414908647537,6.639791081397561e-07,0.9937947392463684,83830.79804165511
11,bert.encoder.layer.10.attention.self.key,key,0.009199177846312523,0.014666666666666666,2.4048313562730073e-08,0.00393351074308157,0.10833682864904404,4.597917211413005e-07,0.99853515625,102232.72019333263
11,bert.encoder.layer.10.attention.self.value,value,0.013798047788441181,0.014666666666666666,1.4336551146243437e-07,0.006937975995242596,0.3846185803413391,2.1491068764589727e-06,0.9910481572151184,37477.691863510896
11,bert.encoder.layer.10.attention.output.dense,dense,0.019207017496228218,0.014666666666666666,5.50198642201849e-08,0.009059044532477856,0.14015904068946838,2.0009679246868473e-06,0.9748331904411316,77785.53305022407
11,bert.encoder.layer.11.attention.self.query,query,0.018385151401162148,0.014666666666666666,4.720019219917049e-08,0.007589281070977449,0.11278752982616425,1.1189570159331197e-06,0.9792412519454956,92886.69920482405
11,bert.encoder.layer.11.attention.self.key,key,0.014472846873104572,0.014666666666666666,3.781084600973372e-08,0.006251964718103409,0.10488172620534897,9.252250947611174e-07,0.9920993447303772,111043.87833414513
11,bert.encoder.layer.11.attention.self.value,value,0.01613011211156845,0.014666666666666666,1.2972617469131364e-07,0.007373371161520481,0.31603336334228516,3.0081332624831703e-06,0.9901530146598816,42322.67889354432
11,bert.encoder.layer.11.attention.output.dense,dense,0.020429516211152077,0.014666666666666666,9.87701866961288e-08,0.009456080384552479,0.17887941002845764,2.949712325062137e-06,0.9717203974723816,74308.74378178938
12,bert.encoder.layer.0.attention.self.query,query,0.02566283382475376,0.0145,7.06757035118244e-08,0.013601179234683514,0.09434358775615692,2.471771267664735e-06,0.9235026240348816,147695.5194152977
12,bert.encoder.layer.0.attention.self.key,key,0.027977026998996735,0.0145,6.854178025150759e-08,0.015014177188277245,0.0883951410651207,2.2676458684145473e-06,0.8935818076133728,162342.20561620014
12,bert.encoder.layer.0.attention.self.value,value,0.02856472134590149,0.0145,1.6057292384630273e-07,0.014589516445994377,0.2004687786102295,4.789367721969029e-06,0.8961384892463684,71934.76733125029
12,bert.encoder.layer.0.attention.output.dense,dense,0.031664326786994934,0.0145,1.776765827798954e-07,0.016527913510799408,0.2013564556837082,5.8586570048646536e-06,0.8606499433517456,74995.7130451335
12,bert.encoder.layer.1.attention.self.query,query,0.027876518666744232,0.0145,7.944763069644978e-08,0.013505775481462479,0.10305555164813995,2.396960780970403e-06,0.9195082187652588,129779.9637049069
12,bert.encoder.layer.1.attention.self.key,key,0.027360785752534866,0.0145,7.291122727792754e-08,0.012899603694677353,0.10253776609897614,2.1256735180941178e-06,0.9304131269454956,151515.66963980623
12,bert.encoder.layer.1.attention.self.value,value,0.026641778647899628,0.0145,3.146253675367916e-07,0.013919061981141567,0.4240058660507202,5.903705641685519e-06,0.9293484091758728,41694.966068586604
12,bert.encoder.layer.1.attention.output.dense,dense,0.0324154831469059,0.0145,1.594199119381301e-07,0.015902841463685036,0.19373655319213867,5.3644148465537e-06,0.8717312216758728,79839.73159216237
12,bert.encoder.layer.2.attention.self.query,query,0.025434652343392372,0.0145,8.744348178879591e-08,0.012330065481364727,0.12325960397720337,2.4506418867531465e-06,0.9428575038909912,110010.41965871572
12,bert.encoder.layer.2.attention.self.key,key,0.026120275259017944,0.0145,7.461400031161247e-08,0.012212252244353294,0.09859297424554825,2.192241709053633e-06,0.9424506425857544,129081.82360596045
12,bert.encoder.layer.2.attention.self.value,value,0.029835885390639305,0.0145,3.0187658239810844e-07,0.014573345892131329,0.3871593773365021,6.759317784599261e-06,0.91534423828125,36674.71301658839
12,bert.encoder.layer.2.attention.output.dense,dense,0.03456305339932442,0.0145,2.1943390038359212e-07,0.017256291583180428,0.23473934829235077,6.940734692761907e-06,0.8447197675704956,65301.417625515576
12,bert.encoder.layer.3.attention.self.query,query,0.026042280718684196,0.0145,1.2424180795278517e-07,0.013208719901740551,0.1683625727891922,3.1217653031490045e-06,0.9229872226715088,92571.06083327724
12,bert.encoder.layer.3.attention.self.key,key,0.028073007240891457,0.0145,1.1503563968062736e-07,0.015034624375402927,0.13794533908367157,3.1653403311793227e-06,0.9001736044883728,99493.50573862011
12,bert.encoder.layer.3.attention.self.value,value,0.03155732527375221,0.0145,3.576901690394152e-07,0.0177620779722929,0.3806111514568329,8.05362196842907e-06,0.8634779453277588,37957.73962659794
12,bert.encoder.layer.3.attention.output.dense,dense,0.0331769660115242,0.0145,2.394334899236128e-07,0.017529316246509552,0.24954695999622345,7.040217496978585e-06,0.8404269814491272,62715.72166617017
12,bert.encoder.layer.4.attention.self.query,query,0.02682073786854744,0.0145,1.1641588315569606e-07,0.014061324298381805,0.1784517467021942,3.5168138765584445e-06,0.9121907353401184,115741.67898293665
12,bert.encoder.layer.4.attention.self.key,key,0.029948696494102478,0.0145,1.1043066905358501e-07,0.01565534621477127,0.11709175258874893,2.700944378375425e-06,0.8960910439491272,129473.44503850793
12,bert.encoder.layer.4.attention.self.value,value,0.03282001614570618,0.0145,3.349415180764481e-07,0.017749320715665817,0.344577431678772,7.4422300713195e-06,0.8686726689338684,42342.181527552755
12,bert.encoder.layer.4.attention.output.dense,dense,0.0345466211438179,0.0145,2.55521598546693e-07,0.0186071265488863,0.25215083360671997,7.665382327104453e-06,0.8246663212776184,60699.79987129448
12,bert.encoder.layer.5.attention.self.query,query,0.02223762311041355,0.0145,1.2245550351508427e-07,0.012078970670700073,0.19540783762931824,3.4935558232973563e-06,0.9477810263633728,93531.21627431922
12,bert.encoder.layer.5.attention.self.key,key,0.024156907573342323,0.0145,1.1110175535122835e-07,0.01228965725749731,0.15267471969127655,2.532453891035402e-06,0.9410129189491272,101291.00288809475
12,bert.encoder.layer.5.attention.self.value,value,0.02794143371284008,0.0145,3.349399833041389e-07,0.013937238603830338,0.4326834976673126,5.729000804421958e-06,0.9300808310508728,29425.454287433226
12,bert.encoder.layer.5.attention.output.dense,dense,0.030677493661642075,0.0145,1.6633929078579968e-07,0.015172854997217655,0.21534794569015503,5.649236754834419e-06,0.8892754316329956,73160.87590855981
12,bert.encoder.layer.6.attention.self.query,query,0.022567570209503174,0.0145,9.471984441233872e-08,0.010042241774499416,0.16205132007598877,2.3526772565674037e-06,0.9648776650428772,103939.01623512055
12,bert.encoder.layer.6.attention.self.key,key,0.02375713922083378,0.0145,8.88050593061962e-08,0.010018943808972836,0.1732885092496872,2.1019136511313263e-06,0.9668036699295044,114572.72734259654
12,bert.encoder.layer.6.attention.self.value,value,0.026854228228330612,0.0145,3.8571135974052595e-07,0.012147561646997929,0.5674089193344116,4.1514945223752875e-06,0.9679904580116272,26597.851104874575
12,bert.encoder.layer.6.attention.output.dense,dense,0.03035256639122963,0.0145,1.3406906873569824e-07,0.01344812661409378,0.1798851042985916,4.1152543417410925e-06,0.9205593466758728,68854.40111211943
12,bert.encoder.layer.7.attention.self.query,query,0.019812418147921562,0.0145,9.786779031628612e-08,0.009767988696694374,0.16409501433372498,2.287673851242289e-06,0.9638535976409912,89541.31309502725
12,bert.encoder.layer.7.attention.self.key,key,0.022356098517775536,0.0145,8.722217614831607e-08,0.011498077772557735,0.1484251171350479,2.3945306111272657e-06,0.9419826865196228,128324.80477715668
12,bert.encoder.layer.7.attention.self.value,value,0.02521381713449955,0.0145,3.813221383097698e-07,0.013999278657138348,0.4975239634513855,6.987474989728071e-06,0.9250759482383728,28998.79309252599
12,bert.encoder.layer.7.attention.output.dense,dense,0.0275201965123415,0.0145,1.8249730260322394e-07,0.01455757673829794,0.22919878363609314,5.451066954265116e-06,0.9015706181526184,47153.91045550752
12,bert.encoder.layer.8.attention.self.query,query,0.020465128123760223,0.0145,1.2077417466116458e-07,0.011538632214069366,0.1908542811870575,2.5633971745264716e-06,0.9550713300704956,57308.8860797431
12,bert.encoder.layer.8.attention.self.key,key,0.021766996011137962,0.0145,8.978456378372357e-08,0.012384996749460697,0.1435166597366333,2.4848038719937904e-06,0.9377780556678772,75695.48887159108
12,bert.encoder.layer.8.attention.self.value,value,0.023279350250959396,0.0145,2.836416399532027e-07,0.012582249939441681,0.4055688679218292,5.922729087615153e-06,0.9414130449295044,28292.74542274738
12,bert.encoder.layer.8.attention.output.dense,dense,0.02869746834039688,0.0145,1.9292511410640145e-07,0.015076630748808384,0.2095431089401245,5.067536676506279e-06,0.8981459140777588,40853.88357203449
12,bert.encoder.layer.9.attention.self.query,query,0.011017587035894394,0.0145,8.131279649603584e-09,0.0023060450330376625,0.046432629227638245,1.023746847295115e-07,0.9998915195465088,101871.75653521961
12,bert.encoder.layer.9.attention.self.key,key,0.01172315888106823,0.0145,6.428109156075834e-09,0.0033824255224317312,0.008552861399948597,9.53661540847861e-08,0.9980129599571228,139461.331488477
12,bert.encoder.layer.9.attention.self.value,value,0.017057782039046288,0.0145,2.7336150765222555e-07,0.008518440648913383,0.5470220446586609,4.074093340022955e-06,0.9883490800857544,26205.295731258735
12,bert.encoder.layer.9.attention.output.dense,dense,0.02303144708275795,0.0145,8.626913938769576e-08,0.010964831337332726,0.18748456239700317,3.225518867111532e-06,0.9541354775428772,57129.58366053275
12,bert.encoder.layer.10.attention.self.query,query,0.010180948302149773,0.0145,2.2999619986308062e-08,0.004700533580034971,0.08279413729906082,4.0023965652835614e-07,0.9950222373008728,84205.21900728706
12,bert.encoder.layer.10.attention.self.key,key,0.009070227853953838,0.0145,1.3207421822869492e-08,0.003571193665266037,0.0644012987613678,2.852036971034977e-07,0.9991794228553772,102618.04393705551
12,bert.encoder.layer.10.attention.self.value,value,0.013720903545618057,0.0145,1.5581981926970911e-07,0.006810622289776802,0.4423777461051941,2.4359544568142155e-06,0.9920993447303772,38422.06874991412
12,bert.encoder.layer.10.attention.output.dense,dense,0.019198568537831306,0.0145,5.696338689631375e-08,0.00885863695293665,0.11689712107181549,1.5552673175989185e-06,0.9772406816482544,80988.88948028332
12,bert.encoder.layer.11.attention.self.query,query,0.017274372279644012,0.0145,3.957908845109159e-08,0.007274835370481014,0.12842266261577606,9.523955668555573e-07,0.9816623330116272,92087.95990180646
12,bert.encoder.layer.11.attention.self.key,key,0.013306868262588978,0.0145,2.9244327848232388e-08,0.005708602257072926,0.06856203079223633,6.060132022867037e-07,0.9937880039215088,110393.29289208687
12,bert.encoder.layer.11.attention.self.value,value,0.014666772447526455,0.0145,1.117143355600092e-07,0.006545986048877239,0.3159688413143158,1.8428769408274093e-06,0.99517822265625,43314.258254799635
12,bert.encoder.layer.11.attention.output.dense,dense,0.020364005118608475,0.0145,5.999991259386661e-08,0.009319710545241833,0.12343236058950424,1.795652224245714e-06,0.9726020097732544,76851.72900444143
13,bert.encoder.layer.0.attention.self.query,query,0.02859557792544365,0.014333333333333335,1.3895078154746443e-07,0.015117359347641468,0.16307887434959412,3.821851350949146e-06,0.8994140625,138115.1623921418
13,bert.encoder.layer.0.attention.self.key,key,0.03180122748017311,0.014333333333333335,1.1387382414795866e-07,0.016906585544347763,0.12190955132246017,3.6786586861126125e-06,0.8604261875152588,155680.2009753206
13,bert.encoder.layer.0.attention.self.value,value,0.03248210623860359,0.014333333333333335,2.450096872053109e-07,0.016705898568034172,0.27925440669059753,7.1564968493476044e-06,0.8551296591758728,69917.3796165742
13,bert.encoder.layer.0.attention.output.dense,dense,0.03528906777501106,0.014333333333333335,2.2194166149347438e-07,0.018282059580087662,0.21451644599437714,7.062639269861393e-06,0.8247138261795044,74675.36765073832
13,bert.encoder.layer.1.attention.self.query,query,0.030991539359092712,0.014333333333333335,1.5362968497356633e-07,0.015226895920932293,0.1944093257188797,4.554028237180319e-06,0.8912285566329956,125348.58728967783
13,bert.encoder.layer.1.attention.self.key,key,0.030467448756098747,0.014333333333333335,1.1514897835240845e-07,0.01488078385591507,0.14300353825092316,3.464960627752589e-06,0.89569091796875,147620.73373677823
13,bert.encoder.layer.1.attention.self.value,value,0.029814278706908226,0.014333333333333335,3.488578101951134e-07,0.015337035991251469,0.421618789434433,7.495878890040331e-06,0.9023911952972412,42260.012868837
13,bert.encoder.layer.1.attention.output.dense,dense,0.03627640753984451,0.014333333333333335,2.0858387017597124e-07,0.017902908846735954,0.2337910383939743,7.665800694667269e-06,0.8302341103553772,80462.46839428612
13,bert.encoder.layer.2.attention.self.query,query,0.027619173750281334,0.014333333333333335,1.0886223833495023e-07,0.013593487441539764,0.14169533550739288,3.3924759463843657e-06,0.9241400957107544,112726.48275643644
13,bert.encoder.layer.2.attention.self.key,key,0.029265468940138817,0.014333333333333335,1.0298114716533746e-07,0.01395692490041256,0.1334473192691803,3.114833134532091e-06,0.9130723476409912,131504.69910550938
13,bert.encoder.layer.2.attention.self.value,value,0.03277081996202469,0.014333333333333335,3.5110491580780945e-07,0.016166700050234795,0.394338995218277,7.697353794355877e-06,0.8882310390472412,37410.84861014068
13,bert.encoder.layer.2.attention.output.dense,dense,0.037964191287755966,0.014333333333333335,2.407987835795211e-07,0.01901405118405819,0.23076675832271576,7.566381555079715e-06,0.8107706904411316,65464.605889739665
13,bert.encoder.layer.3.attention.self.query,query,0.02796621434390545,0.014333333333333335,1.154075022213874e-07,0.01397848129272461,0.15887466073036194,3.6750918752659345e-06,0.9093492031097412,93745.60030773487
13,bert.encoder.layer.3.attention.self.key,key,0.030348187312483788,0.014333333333333335,1.1774640285011628e-07,0.015984518453478813,0.12484797090291977,3.0325625175464666e-06,0.8805745244026184,103722.90273240315
13,bert.encoder.layer.3.attention.self.value,value,0.035012517124414444,0.014333333333333335,3.8284414927147736e-07,0.019205285236239433,0.3594118058681488,8.914412319427356e-06,0.8338148593902588,38277.57391515597
13,bert.encoder.layer.3.attention.output.dense,dense,0.03684058040380478,0.014333333333333335,2.7019703452424437e-07,0.019388852640986443,0.242789164185524,8.022376277949661e-06,0.8038330078125,62458.90690573161
13,bert.encoder.layer.4.attention.self.query,query,0.028947418555617332,0.014333333333333335,1.4627597977323603e-07,0.015137799084186554,0.17630547285079956,4.031013759231428e-06,0.8936021327972412,113754.26672522201
13,bert.encoder.layer.4.attention.self.key,key,0.03258254751563072,0.014333333333333335,1.4237059531296836e-07,0.01739512011408806,0.1520952582359314,3.7422489640448475e-06,0.8739827275276184,127432.97522889626
13,bert.encoder.layer.4.attention.self.value,value,0.03496849909424782,0.014333333333333335,3.4103038615285186e-07,0.019000502303242683,0.34205275774002075,8.236552275775466e-06,0.8525661826133728,42775.721331019
13,bert.encoder.layer.4.attention.output.dense,dense,0.03667071461677551,0.014333333333333335,2.8317094802332576e-07,0.019911283627152443,0.2667456865310669,7.727571755822282e-06,0.8005913496017456,60740.18880734531
13,bert.encoder.layer.5.attention.self.query,query,0.024659568443894386,0.014333333333333335,1.2189734377443529e-07,0.013189024291932583,0.13991278409957886,2.9872635423089378e-06,0.9336479902267456,99239.43063349328
13,bert.encoder.layer.5.attention.self.key,key,0.027013789862394333,0.014333333333333335,1.0666880001508616e-07,0.013468925841152668,0.14186178147792816,2.7454404971649637e-06,0.9235500693321228,108932.84937958852
13,bert.encoder.layer.5.attention.self.value,value,0.02986452914774418,0.014333333333333335,3.3061988347071747e-07,0.014759402722120285,0.4043709933757782,5.7012202887563035e-06,0.9135538935661316,29666.406444184133
13,bert.encoder.layer.5.attention.output.dense,dense,0.03277408704161644,0.014333333333333335,1.7770609872513887e-07,0.016090674325823784,0.19996117055416107,5.454912297864212e-06,0.8734062910079956,73763.63296991684
13,bert.encoder.layer.6.attention.self.query,query,0.023846924304962158,0.014333333333333335,9.179860427366293e-08,0.010208611376583576,0.16583426296710968,2.2576466562895803e-06,0.9628024697303772,103281.12718439233
13,bert.encoder.layer.6.attention.self.key,key,0.025278035551309586,0.014333333333333335,8.845702836879354e-08,0.00984844472259283,0.1561979055404663,1.9021531443286221e-06,0.9675971269607544,111709.5278176306
13,bert.encoder.layer.6.attention.self.value,value,0.0276056919246912,0.014333333333333335,4.1215764667867916e-07,0.012593011371791363,0.5864946842193604,4.498329417401692e-06,0.9664170742034912,26412.60531997511
13,bert.encoder.layer.6.attention.output.dense,dense,0.032110851258039474,0.014333333333333335,1.4442042584050796e-07,0.01406069751828909,0.18796736001968384,4.211613941151882e-06,0.9101426601409912,69017.18521109132
13,bert.encoder.layer.7.attention.self.query,query,0.02030872367322445,0.014333333333333335,9.764472252982159e-08,0.010039381682872772,0.1733553558588028,2.573341589595657e-06,0.9591132402420044,87759.04328303885
13,bert.encoder.layer.7.attention.self.key,key,0.023388048633933067,0.014333333333333335,9.238280540557753e-08,0.012284968979656696,0.15260396897792816,2.2588508272747276e-06,0.9318101406097412,127020.10520741394
13,bert.encoder.layer.7.attention.self.value,value,0.0262837465852499,0.014333333333333335,3.889733761752723e-07,0.01448841579258442,0.4791889488697052,7.3702685767784715e-06,0.9164631962776184,28797.898156035644
13,bert.encoder.layer.7.attention.output.dense,dense,0.028483441099524498,0.014333333333333335,2.0746108475577785e-07,0.015006523579359055,0.25925061106681824,6.0537686294992454e-06,0.8942463994026184,47024.05925982525
13,bert.encoder.layer.8.attention.self.query,query,0.020644688978791237,0.014333333333333335,1.220983278926724e-07,0.011391335166990757,0.18173980712890625,2.479774366292986e-06,0.9543728232383728,58802.31012363411
13,bert.encoder.layer.8.attention.self.key,key,0.022524887695908546,0.014333333333333335,8.928067529723194e-08,0.012709212489426136,0.12417267262935638,2.6658944989321753e-06,0.9336276650428772,78318.87452879308
13,bert.encoder.layer.8.attention.self.value,value,0.024455711245536804,0.014333333333333335,3.029205402071966e-07,0.013210478238761425,0.40999844670295715,6.293496880971361e-06,0.93255615234375,28254.074199879185
13,bert.encoder.layer.8.attention.output.dense,dense,0.02964090369641781,0.014333333333333335,2.2113209752205876e-07,0.015876667574048042,0.24434304237365723,5.651821084029507e-06,0.8871052861213684,41014.41377758357
13,bert.encoder.layer.9.attention.self.query,query,0.01198701374232769,0.014333333333333335,1.1508719310882043e-08,0.002429367508739233,0.09796856343746185,2.2143545663766417e-07,0.9998440146446228,100754.6061784371
13,bert.encoder.layer.9.attention.self.key,key,0.01264279056340456,0.014333333333333335,9.405602519052536e-09,0.0036336462944746017,0.03924047201871872,1.2148289840752113e-07,0.9972466230392456,138057.77428898856
13,bert.encoder.layer.9.attention.self.value,value,0.01802775450050831,0.014333333333333335,2.2768782059756631e-07,0.008680444210767746,0.49727311730384827,3.74798810298671e-06,0.9865044355392456,26228.402802584103
13,bert.encoder.layer.9.attention.output.dense,dense,0.023971064016222954,0.014333333333333335,9.769027542461117e-08,0.01158143486827612,0.16155999898910522,2.594636498542968e-06,0.9457465410232544,58225.8294005455
13,bert.encoder.layer.10.attention.self.query,query,0.011300143785774708,0.014333333333333335,3.4961260553245666e-08,0.005272220820188522,0.10880278050899506,5.679950163539615e-07,0.9925537109375,84299.73482109362
13,bert.encoder.layer.10.attention.self.key,key,0.009794619865715504,0.014333333333333335,2.296829393344524e-08,0.003965586889535189,0.10732284188270569,4.2158595192631765e-07,0.9984062910079956,103061.18054453515
13,bert.encoder.layer.10.attention.self.value,value,0.01469938363879919,0.014333333333333335,1.509078941808184e-07,0.007089836057275534,0.39103618264198303,2.3891723230917705e-06,0.9911770224571228,38555.79986197452
13,bert.encoder.layer.10.attention.output.dense,dense,0.020343631505966187,0.014333333333333335,5.827738291941387e-08,0.009474098682403564,0.10628925263881683,1.7286885167777655e-06,0.9703165888786316,82770.81209172525
13,bert.encoder.layer.11.attention.self.query,query,0.01860201731324196,0.014333333333333335,7.744669261455783e-08,0.008512008935213089,0.16035187244415283,1.4786194242333295e-06,0.9722357988357544,99899.29248957832
13,bert.encoder.layer.11.attention.self.key,key,0.01494810450822115,0.014333333333333335,5.745261333345297e-08,0.006736518815159798,0.16766595840454102,1.0446315172885079e-06,0.9892442226409912,118105.23252904517
13,bert.encoder.layer.11.attention.self.value,value,0.0162219125777483,0.014333333333333335,1.281411670106536e-07,0.007411024067550898,0.3024641275405884,2.4304633825522615e-06,0.9901123046875,43863.42246707466
13,bert.encoder.layer.11.attention.output.dense,dense,0.022197270765900612,0.014333333333333335,7.890865560966631e-08,0.01025313138961792,0.1503729671239853,2.4037356070039095e-06,0.96197509765625,80703.29939770862
14,bert.encoder.layer.0.attention.self.query,query,0.0271658543497324,0.014166666666666666,7.638647048224811e-08,0.01443533692508936,0.11032005399465561,2.91592323264922e-06,0.9101223349571228,139567.27036436283
14,bert.encoder.layer.0.attention.self.key,key,0.02993796393275261,0.014166666666666666,7.522416467509174e-08,0.01588018238544464,0.08927258104085922,2.43038311964483e-06,0.8779636025428772,156020.8197761572
14,bert.encoder.layer.0.attention.self.value,value,0.030570002272725105,0.014166666666666666,1.826029887297409e-07,0.015501819550991058,0.20245179533958435,5.491663159773452e-06,0.8761460781097412,70429.05425579967
14,bert.encoder.layer.0.attention.output.dense,dense,0.0336514376103878,0.014166666666666666,1.990141669239165e-07,0.017526712268590927,0.21766050159931183,6.881922672619112e-06,0.8410305380821228,75295.88538224256
14,bert.encoder.layer.1.attention.self.query,query,0.029697686433792114,0.014166666666666666,1.136369363052836e-07,0.014619844034314156,0.13636891543865204,3.329993887746241e-06,0.9014418125152588,126460.61465308027
14,bert.encoder.layer.1.attention.self.key,key,0.029364902526140213,0.014166666666666666,1.0238728265221653e-07,0.014303131029009819,0.14049354195594788,2.756175490503665e-06,0.90692138671875,149834.88812509904
14,bert.encoder.layer.1.attention.self.value,value,0.028472747653722763,0.014166666666666666,3.1401151545651373e-07,0.014558788388967514,0.37758582830429077,6.723182650603121e-06,0.9126179814338684,43357.027483268255
14,bert.encoder.layer.1.attention.output.dense,dense,0.03494913503527641,0.014166666666666666,1.8987560679306625e-07,0.017217162996530533,0.2023332715034485,6.525107892230153e-06,0.8450385332107544,80635.10481846481
14,bert.encoder.layer.2.attention.self.query,query,0.026651903986930847,0.014166666666666666,9.399989409075715e-08,0.013040274381637573,0.13925592601299286,2.987160087286611e-06,0.9314236044883728,114686.89088265743
14,bert.encoder.layer.2.attention.self.key,key,0.027887718752026558,0.014166666666666666,8.119403815953774e-08,0.01303134299814701,0.10359719395637512,2.4043306439125445e-06,0.9289076328277588,135527.19463651572
14,bert.encoder.layer.2.attention.self.value,value,0.03172020614147186,0.014166666666666666,3.3472963423264446e-07,0.01555781438946724,0.3863862156867981,7.226680736494018e-06,0.8973931074142456,38497.108890152114
14,bert.encoder.layer.2.attention.output.dense,dense,0.03731055557727814,0.014166666666666666,2.3120102810025855e-07,0.018597174435853958,0.22607208788394928,7.214971446956042e-06,0.8186238408088684,66063.36341611067
14,bert.encoder.layer.3.attention.self.query,query,0.027854658663272858,0.014166666666666666,1.4393590674899315e-07,0.013950076885521412,0.19255869090557098,4.018551408080384e-06,0.9105021357536316,92734.88906435794
14,bert.encoder.layer.3.attention.self.key,key,0.030181415379047394,0.014166666666666666,1.429382336937124e-07,0.016096312552690506,0.167138934135437,3.716278570209397e-06,0.8825751543045044,103516.81784467083
14,bert.encoder.layer.3.attention.self.value,value,0.03400380536913872,0.014166666666666666,3.672358843687107e-07,0.018850794062018394,0.36522454023361206,9.075971320271492e-06,0.8416001796722412,39561.3059350817
14,bert.encoder.layer.3.attention.output.dense,dense,0.03612926974892616,0.014166666666666666,2.6117700713257364e-07,0.01907362975180149,0.24170657992362976,7.845996151445433e-06,0.8088243007659912,63559.15730702115
14,bert.encoder.layer.4.attention.self.query,query,0.028529617935419083,0.014166666666666666,1.4161958006297937e-07,0.01457782369107008,0.16292493045330048,3.618254822868039e-06,0.9027845859527588,113707.34059735597
14,bert.encoder.layer.4.attention.self.key,key,0.03208458051085472,0.014166666666666666,1.4762460409656342e-07,0.01718507893383503,0.1683836728334427,3.5405146263656206e-06,0.8804389238357544,129178.81394062337
14,bert.encoder.layer.4.attention.self.value,value,0.034344468265771866,0.014166666666666666,3.524729663695325e-07,0.018491258844733238,0.34170466661453247,7.772357093926985e-06,0.8612942099571228,44332.18628077147
14,bert.encoder.layer.4.attention.output.dense,dense,0.036484986543655396,0.014166666666666666,2.646121970428794e-07,0.01966768130660057,0.25995081663131714,8.06552816356998e-06,0.8061862587928772,61591.443591422496
14,bert.encoder.layer.5.attention.self.query,query,0.02537231147289276,0.014166666666666666,1.279520631669584e-07,0.013855470344424248,0.19356296956539154,3.8217808651097585e-06,0.9237399697303772,97579.13146181068
14,bert.encoder.layer.5.attention.self.key,key,0.027170004323124886,0.014166666666666666,1.1271404076751423e-07,0.013931045308709145,0.1572822630405426,3.1572626539855264e-06,0.9169718623161316,107616.90099267582
14,bert.encoder.layer.5.attention.self.value,value,0.029928499832749367,0.014166666666666666,3.102392724940728e-07,0.014840459451079369,0.3912450075149536,6.124560059106443e-06,0.9101833701133728,30933.569444235596
14,bert.encoder.layer.5.attention.output.dense,dense,0.033265501260757446,0.014166666666666666,1.8976373894474818e-07,0.01648946851491928,0.22857001423835754,6.176478564157151e-06,0.8674113154411316,76468.53041087033
14,bert.encoder.layer.6.attention.self.query,query,0.02323753573000431,0.014166666666666666,8.727327127644458e-08,0.009742723777890205,0.13288013637065887,1.9383007838769117e-06,0.9670817255973816,100319.03473049586
14,bert.encoder.layer.6.attention.self.key,key,0.024350641295313835,0.014166666666666666,7.945502744632904e-08,0.009390044026076794,0.1487446278333664,1.6114094023578218e-06,0.97174072265625,107075.43414962497
14,bert.encoder.layer.6.attention.self.value,value,0.02727976255118847,0.014166666666666666,4.1732641875569243e-07,0.012310713529586792,0.6026169657707214,4.347417416283861e-06,0.9705268144607544,27565.90177755071
14,bert.encoder.layer.6.attention.output.dense,dense,0.031805794686079025,0.014166666666666666,1.3850480229393725e-07,0.013737795874476433,0.19473575055599213,4.414927389007062e-06,0.91436767578125,71565.7368374761
14,bert.encoder.layer.7.attention.self.query,query,0.020114576444029808,0.014166666666666666,9.011504431555295e-08,0.009758567437529564,0.18233348429203033,2.4617711460450664e-06,0.9615885615348816,87297.48971520977
14,bert.encoder.layer.7.attention.self.key,key,0.022611310705542564,0.014166666666666666,8.651749539012599e-08,0.011752529069781303,0.13048234581947327,1.982325784410932e-06,0.9362996220588684,125387.32642689845
14,bert.encoder.layer.7.attention.self.value,value,0.025948386639356613,0.014166666666666666,3.7065683500259183e-07,0.014322401024401188,0.4904542863368988,6.8242316046962515e-06,0.9224582314491272,29760.592618273855
14,bert.encoder.layer.7.attention.output.dense,dense,0.02830781787633896,0.014166666666666666,1.9391470118534926e-07,0.01487111859023571,0.23999713361263275,5.537027391255833e-06,0.8943345546722412,48479.28889399921
14,bert.encoder.layer.8.attention.self.query,query,0.020418066531419754,0.014166666666666666,1.0683688600465757e-07,0.011349361389875412,0.1621391773223877,2.299535253769136e-06,0.9564141035079956,59709.495209697256
14,bert.encoder.layer.8.attention.self.key,key,0.022015171125531197,0.014166666666666666,8.189898181854005e-08,0.012487171217799187,0.12648218870162964,2.2154154066811316e-06,0.9357571005821228,79914.6955988605
14,bert.encoder.layer.8.attention.self.value,value,0.023887695744633675,0.014166666666666666,2.6065177394229977e-07,0.012903003953397274,0.37368836998939514,6.02431009610882e-06,0.9339938759803772,29003.010319320732
14,bert.encoder.layer.8.attention.output.dense,dense,0.030033161863684654,0.014166666666666666,1.9712940968474868e-07,0.015875888988375664,0.22235506772994995,5.114123268867843e-06,0.8870646357536316,42862.04331790377
14,bert.encoder.layer.9.attention.self.query,query,0.01216661836951971,0.014166666666666666,1.1429659885209276e-08,0.0027893127407878637,0.08877919614315033,1.9654538618851802e-07,0.9995320439338684,100741.49983996255
14,bert.encoder.layer.9.attention.self.key,key,0.013394549489021301,0.014166666666666666,8.706990684004268e-09,0.0036634623538702726,0.051004908978939056,2.0671080847023404e-07,0.9975993037223816,137596.94093619243
14,bert.encoder.layer.9.attention.self.value,value,0.018933545798063278,0.014166666666666666,2.43397977328641e-07,0.008768400177359581,0.4916588068008423,3.835247298411559e-06,0.9854736328125,27034.823512171835
14,bert.encoder.layer.9.attention.output.dense,dense,0.025167858228087425,0.014166666666666666,9.035769465981502e-08,0.011679449118673801,0.1617550253868103,2.8719468900817446e-06,0.9446343183517456,60676.09341944204
14,bert.encoder.layer.10.attention.self.query,query,0.014837604016065598,0.014166666666666666,3.3857538994652714e-08,0.006526184733957052,0.13853582739830017,9.267349696528981e-07,0.98760986328125,85028.57136966058
14,bert.encoder.layer.10.attention.self.key,key,0.013122618198394775,0.014166666666666666,2.162942180916616e-08,0.0048966435715556145,0.06824159622192383,4.900571752841643e-07,0.9960463047027588,103174.99663883295
14,bert.encoder.layer.10.attention.self.value,value,0.016171569004654884,0.014166666666666666,1.340971778063249e-07,0.007262608502060175,0.3492869436740875,2.2358981368597597e-06,0.9902004599571228,39127.57596652835
14,bert.encoder.layer.10.attention.output.dense,dense,0.022117678076028824,0.014166666666666666,5.884592013671863e-08,0.009942404925823212,0.16385462880134583,2.515609821784892e-06,0.9657456874847412,84747.05365865948
14,bert.encoder.layer.11.attention.self.query,query,0.02045428194105625,0.014166666666666666,5.435477845594505e-08,0.008489498868584633,0.11365457624197006,1.20377364964952e-06,0.9731242060661316,99313.52432549236
14,bert.encoder.layer.11.attention.self.key,key,0.016485560685396194,0.014166666666666666,4.440791201432148e-08,0.006767527665942907,0.09476713091135025,7.553207979071885e-07,0.9893052577972412,118321.60576614965
14,bert.encoder.layer.11.attention.self.value,value,0.01717923954129219,0.014166666666666666,1.1884370110237796e-07,0.007383633870631456,0.2910424768924713,2.2397312022803817e-06,0.99066162109375,45463.22018591667
14,bert.encoder.layer.11.attention.output.dense,dense,0.02380405180156231,0.014166666666666666,8.002319873412489e-08,0.010604818351566792,0.1527765393257141,2.4902858513087267e-06,0.9577365517616272,82843.51512496697
15,bert.encoder.layer.0.attention.self.query,query,0.029278304427862167,0.014,1.1483036388426626e-07,0.015642199665308,0.14432330429553986,3.693460712383967e-06,0.8900485634803772,140540.57798886928
15,bert.encoder.layer.0.attention.self.key,key,0.03224785998463631,0.014,1.1269936806002079e-07,0.017372455447912216,0.11962834745645523,3.5339476198714692e-06,0.8542073369026184,153702.51882474896
15,bert.encoder.layer.0.attention.self.value,value,0.03236090764403343,0.014,2.1217296364284266e-07,0.016519973054528236,0.23438993096351624,6.408292847481789e-06,0.8575032353401184,72184.2986254846
15,bert.encoder.layer.0.attention.output.dense,dense,0.036233674734830856,0.014,2.2416583078666008e-07,0.01889689266681671,0.216443732380867,7.2961338446475565e-06,0.8125746250152588,76403.0601554849
15,bert.encoder.layer.1.attention.self.query,query,0.03178676217794418,0.014,1.1188615189894335e-07,0.015437891706824303,0.14320717751979828,3.30726788888569e-06,0.8872748613357544,128401.1231566446
15,bert.encoder.layer.1.attention.self.key,key,0.03138226643204689,0.014,1.0258328586587595e-07,0.015078983269631863,0.1310071349143982,2.8907172691106098e-06,0.8941582441329956,147551.2018645397
15,bert.encoder.layer.1.attention.self.value,value,0.030483486130833626,0.014,3.702476476519223e-07,0.01564328745007515,0.4222052991390228,7.709116289333906e-06,0.8987765908241272,43520.26157006306
15,bert.encoder.layer.1.attention.output.dense,dense,0.03778420761227608,0.014,2.1390671633980674e-07,0.018539583310484886,0.2074010819196701,7.012767582637025e-06,0.8182576298713684,81222.44401008269
15,bert.encoder.layer.2.attention.self.query,query,0.02857852540910244,0.014,1.0941271710862566e-07,0.013963563367724419,0.14179927110671997,3.006201268362929e-06,0.91839599609375,114396.62968183281
15,bert.encoder.layer.2.attention.self.key,key,0.02960377000272274,0.014,1.0012774254164469e-07,0.014200002886354923,0.1299005150794983,2.927781451944611e-06,0.9098103642463684,135002.6633011062
15,bert.encoder.layer.2.attention.self.value,value,0.0346108078956604,0.014,4.2979976910828555e-07,0.0171109177172184,0.4496060907840729,9.11156166694127e-06,0.87823486328125,39463.91583741223
15,bert.encoder.layer.2.attention.output.dense,dense,0.04036009684205055,0.014,2.7335542540640745e-07,0.020084649324417114,0.2349102795124054,7.998492947081104e-06,0.7909138798713684,66684.10846045344
15,bert.encoder.layer.3.attention.self.query,query,0.029973438009619713,0.014,1.3083240446576383e-07,0.014727277681231499,0.1663360297679901,3.7889674331381684e-06,0.8972032070159912,95753.03721563319
15,bert.encoder.layer.3.attention.self.key,key,0.03280318155884743,0.014,1.2761969969687925e-07,0.01723277010023594,0.13254505395889282,3.3768167213565903e-06,0.8610568642616272,107475.07139464404
15,bert.encoder.layer.3.attention.self.value,value,0.03765573352575302,0.014,4.4093502538089524e-07,0.020634174346923828,0.3814919888973236,9.786942428036127e-06,0.8125339150428772,40870.58015840505
15,bert.encoder.layer.3.attention.output.dense,dense,0.039883460849523544,0.014,2.9458533390425146e-07,0.02072519063949585,0.25943267345428467,9.15540204005083e-06,0.7756483554840088,64357.82047809529
15,bert.encoder.layer.4.attention.self.query,query,0.030479852110147476,0.014,1.5111993434402393e-07,0.015689266845583916,0.17362011969089508,3.846847448585322e-06,0.8876206874847412,113289.75611188418
15,bert.encoder.layer.4.attention.self.key,key,0.03388496860861778,0.014,1.4924447100383986e-07,0.017690133303403854,0.14698158204555511,3.5580321764427936e-06,0.8729994297027588,131062.26423831788
15,bert.encoder.layer.4.attention.self.value,value,0.03660021722316742,0.014,3.824881389391521e-07,0.019733384251594543,0.3467034697532654,8.370773684873711e-06,0.8504299521446228,45063.04045634464
15,bert.encoder.layer.4.attention.output.dense,dense,0.03845847770571709,0.014,2.721424721130461e-07,0.02068338915705681,0.24649514257907867,8.016781066544354e-06,0.7877468466758728,62999.53653072376
15,bert.encoder.layer.5.attention.self.query,query,0.02805788815021515,0.014,1.4672461645659496e-07,0.015271428972482681,0.14756673574447632,3.648930714916787e-06,0.9014960527420044,96056.3854947303
15,bert.encoder.layer.5.attention.self.key,key,0.03050602786242962,0.014,1.269666825010063e-07,0.015600290149450302,0.14839614927768707,3.3954456739593297e-06,0.8890177607536316,106119.83107490264
15,bert.encoder.layer.5.attention.self.value,value,0.0333220511674881,0.014,3.342018999319407e-07,0.016626344993710518,0.381073921918869,6.90176420903299e-06,0.8772650957107544,31740.163247840577
15,bert.encoder.layer.5.attention.output.dense,dense,0.036409955471754074,0.014,2.2074584649089957e-07,0.01807841658592224,0.21588288247585297,6.470155767601682e-06,0.8349338173866272,76551.39063101157
15,bert.encoder.layer.6.attention.self.query,query,0.024807898327708244,0.014,1.1979400937889295e-07,0.010700926184654236,0.19133715331554413,2.810732439684216e-06,0.957275390625,99113.02296045428
15,bert.encoder.layer.6.attention.self.key,key,0.026181748136878014,0.014,1.0620577484132809e-07,0.010624718852341175,0.1843932569026947,2.2720469132764265e-06,0.9590590000152588,106849.94103397992
15,bert.encoder.layer.6.attention.self.value,value,0.02873860113322735,0.014,3.9593845713170595e-07,0.012663457542657852,0.5648356080055237,4.9248255891143344e-06,0.9612630009651184,27891.584485112846
15,bert.encoder.layer.6.attention.output.dense,dense,0.03376579284667969,0.014,1.8409637903005205e-07,0.014475835487246513,0.2205149233341217,4.751295364258112e-06,0.9047309160232544,70786.70292124439
15,bert.encoder.layer.7.attention.self.query,query,0.020649200305342674,0.014,1.0684166085184188e-07,0.009805561043322086,0.2038213461637497,2.7312896691000788e-06,0.9610053300857544,87140.89137170576
15,bert.encoder.layer.7.attention.self.key,key,0.023768583312630653,0.014,9.631899899886776e-08,0.012298152782022953,0.1579485982656479,2.4396124445047462e-06,0.9316135048866272,125143.72074147509
15,bert.encoder.layer.7.attention.self.value,value,0.027296537533402443,0.014,4.110263205348019e-07,0.014973623678088188,0.5013881325721741,7.290578196261777e-06,0.9151814579963684,29898.000387554635
15,bert.encoder.layer.7.attention.output.dense,dense,0.029352659359574318,0.014,2.2263974130964925e-07,0.015476435422897339,0.2346285730600357,5.739208518207306e-06,0.8865559697151184,49054.13514203621
15,bert.encoder.layer.8.attention.self.query,query,0.02136673964560032,0.014,1.3360988759814063e-07,0.012499749660491943,0.22684071958065033,3.2171415114135016e-06,0.9472927451133728,61919.29700245014
15,bert.encoder.layer.8.attention.self.key,key,0.022583678364753723,0.014,8.467111456411658e-08,0.012892044149339199,0.11791624128818512,2.191810381191317e-06,0.9326578974723816,83193.6339822963
15,bert.encoder.layer.8.attention.self.value,value,0.025082342326641083,0.014,3.3614708172535757e-07,0.013680964708328247,0.4451219141483307,6.818106612627162e-06,0.9291788935661316,29936.04340102611
15,bert.encoder.layer.8.attention.output.dense,dense,0.030822131782770157,0.014,2.2632397644883895e-07,0.016510389745235443,0.26838767528533936,6.356357062031748e-06,0.8777940273284912,44241.442453639065
15,bert.encoder.layer.9.attention.self.query,query,0.012995965778827667,0.014,1.4109567736397821e-08,0.003067552577704191,0.0636960044503212,2.171454980270937e-07,0.9993354082107544,104503.70242546605
15,bert.encoder.layer.9.attention.self.key,key,0.014098374173045158,0.014,1.0265841510204154e-08,0.0040529267862439156,0.07926695793867111,2.4798256959002174e-07,0.9967380166053772,143010.32634986547
15,bert.encoder.layer.9.attention.self.value,value,0.019941875711083412,0.014,2.699788694826566e-07,0.009314564988017082,0.5161672830581665,4.369209364085691e-06,0.9831950068473816,27354.715117519554
15,bert.encoder.layer.9.attention.output.dense,dense,0.026357019320130348,0.014,1.160136235967002e-07,0.012240327894687653,0.16318395733833313,3.2411726351710968e-06,0.9363742470741272,61757.36160436807
15,bert.encoder.layer.10.attention.self.query,query,0.015993930399417877,0.014,5.311738959790091e-08,0.007369016297161579,0.1230800598859787,1.2452942428353708e-06,0.9829643964767456,91902.59806577874
15,bert.encoder.layer.10.attention.self.key,key,0.014710510149598122,0.014,3.705315165802858e-08,0.005631363485008478,0.1276526153087616,9.575679769113776e-07,0.9938761591911316,111633.09685467844
15,bert.encoder.layer.10.attention.self.value,value,0.017613813281059265,0.014,1.5790065788223728e-07,0.008042879402637482,0.3419797122478485,2.5637227736297064e-06,0.9867214560508728,39338.3071400758
15,bert.encoder.layer.10.attention.output.dense,dense,0.023268207907676697,0.014,7.000964075132288e-08,0.01031884178519249,0.13419586420059204,2.130244411091553e-06,0.9616156816482544,87249.67709407177
15,bert.encoder.layer.11.attention.self.query,query,0.021186426281929016,0.014,6.977615640835211e-08,0.009817729704082012,0.10651376843452454,1.3287033198139397e-06,0.9618123173713684,98933.95965103518
15,bert.encoder.layer.11.attention.self.key,key,0.017925819382071495,0.014,5.109567169370166e-08,0.007740098517388105,0.10454029589891434,1.227992697749869e-06,0.9837104082107544,119679.54764063543
15,bert.encoder.layer.11.attention.self.value,value,0.018824178725481033,0.014,1.473684534403219e-07,0.008358149789273739,0.3456440269947052,3.1621120797353797e-06,0.9841850996017456,45915.377249163575
15,bert.encoder.layer.11.attention.output.dense,dense,0.025787610560655594,0.014,1.2112407432596228e-07,0.011464527808129787,0.15435051918029785,3.2199566248891642e-06,0.94598388671875,85504.77325111395
16,bert.encoder.layer.0.attention.self.query,query,0.028970682993531227,0.013833333333333335,9.44416385095792e-08,0.015266533009707928,0.09970814734697342,2.9491029636119492e-06,0.8959825038909912,141042.6086940073
16,bert.encoder.layer.0.attention.self.key,key,0.03160638362169266,0.013833333333333335,8.54879687040011e-08,0.01676991768181324,0.10190136730670929,3.0040403089515166e-06,0.8639323115348816,154431.9338257242
16,bert.encoder.layer.0.attention.self.value,value,0.03263602405786514,0.013833333333333335,2.1936789096344e-07,0.01668403297662735,0.2394554764032364,6.572860911546741e-06,0.8546549677848816,72424.81589202724
16,bert.encoder.layer.0.attention.output.dense,dense,0.03625358268618584,0.013833333333333335,2.3675391958022374e-07,0.018842432647943497,0.228690043091774,7.641488082299475e-06,0.8123372197151184,76889.27047977831
16,bert.encoder.layer.1.attention.self.query,query,0.03165944665670395,0.013833333333333335,1.1095908547531508e-07,0.015285732224583626,0.12452811747789383,3.0507592327921884e-06,0.8893703818321228,126439.3716754988
16,bert.encoder.layer.1.attention.self.key,key,0.03160564601421356,0.013833333333333335,1.0104243841624339e-07,0.014903188683092594,0.12516137957572937,2.8316294446995016e-06,0.8986952304840088,143006.256867491
16,bert.encoder.layer.1.attention.self.value,value,0.03093789704144001,0.013833333333333335,3.8704084204255196e-07,0.015927201136946678,0.44057098031044006,7.5173397817707155e-06,0.8952500820159912,42621.33366683675
16,bert.encoder.layer.1.attention.output.dense,dense,0.03726375102996826,0.013833333333333335,2.13427682638212e-07,0.018472475931048393,0.21842461824417114,7.465140697604511e-06,0.8197428584098816,81543.0732199429
16,bert.encoder.layer.2.attention.self.query,query,0.028040727600455284,0.013833333333333335,1.169452943372562e-07,0.013936878181993961,0.14234544336795807,3.5321511404617922e-06,0.91827392578125,114768.80840953963
16,bert.encoder.layer.2.attention.self.key,key,0.029373424127697945,0.013833333333333335,1.1470545047131964e-07,0.014160987921059132,0.1474207639694214,3.4170561775681563e-06,0.9098171591758728,133836.39303235395
16,bert.encoder.layer.2.attention.self.value,value,0.0340203195810318,0.013833333333333335,3.797077567924134e-07,0.016601230949163437,0.4197000563144684,8.466475264867768e-06,0.8842637538909912,40810.73024617251
16,bert.encoder.layer.2.attention.output.dense,dense,0.0398460328578949,0.013833333333333335,2.559536085300351e-07,0.019859829917550087,0.2340795248746872,8.044492460612673e-06,0.7916191816329956,67958.33407799939
16,bert.encoder.layer.3.attention.self.query,query,0.030082836747169495,0.013833333333333335,1.7655105466474197e-07,0.014922871254384518,0.22130566835403442,4.833168532059062e-06,0.8949177861213684,93230.1724102064
16,bert.encoder.layer.3.attention.self.key,key,0.03298226743936539,0.013833333333333335,1.679357666262149e-07,0.01724577136337757,0.17864710092544556,4.265236839273712e-06,0.8629896640777588,106830.76246478903
16,bert.encoder.layer.3.attention.self.value,value,0.036929674446582794,0.013833333333333335,3.6810575920753763e-07,0.020102476701140404,0.33227694034576416,8.958534635894466e-06,0.8170573115348816,41915.88521164344
16,bert.encoder.layer.3.attention.output.dense,dense,0.03970137611031532,0.013833333333333335,2.8636878823817824e-07,0.02053588442504406,0.24357809126377106,8.623870598967187e-06,0.7767605185508728,63695.82146890197
16,bert.encoder.layer.4.attention.self.query,query,0.029920846223831177,0.013833333333333335,1.338822528396122e-07,0.015302604995667934,0.1583540141582489,3.7267100196913816e-06,0.8905165195465088,114263.05713960338
16,bert.encoder.layer.4.attention.self.key,key,0.033078938722610474,0.013833333333333335,1.318052369470024e-07,0.01735861599445343,0.13913485407829285,3.3090607303165598e-06,0.8763359785079956,131266.20850649007
16,bert.encoder.layer.4.attention.self.value,value,0.03605351597070694,0.013833333333333335,3.714098966156598e-07,0.019583972170948982,0.3368605673313141,7.851947884773836e-06,0.8494126796722412,45227.65504230779
16,bert.encoder.layer.4.attention.output.dense,dense,0.037875887006521225,0.013833333333333335,2.625283173074422e-07,0.020371289923787117,0.23723304271697998,7.885027116572019e-06,0.7909274697303772,63553.159134234666
16,bert.encoder.layer.5.attention.self.query,query,0.027668770402669907,0.013833333333333335,1.6138257308284665e-07,0.014925846830010414,0.2056061178445816,4.421922767505748e-06,0.9058363437652588,92424.72159555764
16,bert.encoder.layer.5.attention.self.key,key,0.03057934157550335,0.013833333333333335,1.421990987182653e-07,0.015602776780724525,0.1552594006061554,3.4955073715536855e-06,0.8879055380821228,102461.76229025374
16,bert.encoder.layer.5.attention.self.value,value,0.03298672288656235,0.013833333333333335,3.0633887604381016e-07,0.01634359173476696,0.3309214413166046,6.462804776674602e-06,0.8775295615196228,32408.248551419296
16,bert.encoder.layer.5.attention.output.dense,dense,0.035872023552656174,0.013833333333333335,2.114746990855565e-07,0.017930330708622932,0.22650068998336792,7.027336323517375e-06,0.8389146327972412,76417.86380256724
16,bert.encoder.layer.6.attention.self.query,query,0.023846594616770744,0.013833333333333335,9.438265635708376e-08,0.010616103187203407,0.14567930996418,2.2084675492806127e-06,0.9581162929534912,100433.37384480714
16,bert.encoder.layer.6.attention.self.key,key,0.02530909888446331,0.013833333333333335,8.13938569876882e-08,0.010273758322000504,0.15003857016563416,1.7663793414612883e-06,0.9630805253982544,108002.96534516934
16,bert.encoder.layer.6.attention.self.value,value,0.027601798996329308,0.013833333333333335,3.5465444625515374e-07,0.012180523946881294,0.5194371342658997,4.3288619053782895e-06,0.9630466103553772,28049.520921409494
16,bert.encoder.layer.6.attention.output.dense,dense,0.03255227208137512,0.013833333333333335,1.374222478034426e-07,0.014515774324536324,0.1489182710647583,3.806932681982289e-06,0.9028049111366272,71791.9215556804
16,bert.encoder.layer.7.attention.self.query,query,0.020254921168088913,0.013833333333333335,1.2029089191401e-07,0.00989439431577921,0.23133626580238342,2.909560635089292e-06,0.9602186679840088,83144.8778642094
16,bert.encoder.layer.7.attention.self.key,key,0.023116283118724823,0.013833333333333335,1.0693551644180843e-07,0.012297437526285648,0.15435278415679932,2.457124764987384e-06,0.9317626953125,120272.55973477669
16,bert.encoder.layer.7.attention.self.value,value,0.025496477261185646,0.013833333333333335,3.26633056602077e-07,0.014021226204931736,0.42358526587486267,5.86515488976147e-06,0.9217054843902588,30011.75741803159
16,bert.encoder.layer.7.attention.output.dense,dense,0.028320658951997757,0.013833333333333335,1.6561224924771523e-07,0.014972222968935966,0.20017477869987488,4.870154953096062e-06,0.8937852382659912,50101.93365282873
16,bert.encoder.layer.8.attention.self.query,query,0.020646357908844948,0.013833333333333335,1.101420394888919e-07,0.01164260320365429,0.1431911140680313,2.6251559575030115e-06,0.9534844160079956,63191.374971056764
16,bert.encoder.layer.8.attention.self.key,key,0.02200131118297577,0.013833333333333335,7.617887121114109e-08,0.012517020106315613,0.10302227735519409,1.9714207155629992e-06,0.9355197548866272,85271.50375180034
16,bert.encoder.layer.8.attention.self.value,value,0.024380315095186234,0.013833333333333335,2.884852108309133e-07,0.013291261158883572,0.4059315323829651,6.430347184505081e-06,0.93243408203125,30813.05743442891
16,bert.encoder.layer.8.attention.output.dense,dense,0.030854158103466034,0.013833333333333335,1.9875696466442605e-07,0.01617331989109516,0.23905067145824432,5.7496322369843256e-06,0.8784925937652588,45912.34910678402
16,bert.encoder.layer.9.attention.self.query,query,0.012192188762128353,0.013833333333333335,8.726452449536737e-09,0.003003039164468646,0.04214966669678688,1.3891502703700098e-07,0.9993489384651184,105619.09065634344
16,bert.encoder.layer.9.attention.self.key,key,0.014041945338249207,0.013833333333333335,7.022881831630912e-09,0.004003481008112431,0.035300400108098984,1.6716757045287522e-07,0.9969075322151184,144367.36573640583
16,bert.encoder.layer.9.attention.self.value,value,0.019705655053257942,0.013833333333333335,2.3755831080052303e-07,0.008896717801690102,0.490138977766037,3.989367542089894e-06,0.98516845703125,27638.041339316067
16,bert.encoder.layer.9.attention.output.dense,dense,0.026324326172471046,0.013833333333333335,9.703578740527519e-08,0.012080679647624493,0.1305011808872223,2.4790726911305683e-06,0.9390055537223816,63059.26780026866
16,bert.encoder.layer.10.attention.self.query,query,0.015875214710831642,0.013833333333333335,5.346795717287023e-08,0.007605146151036024,0.15390674769878387,1.358290887765179e-06,0.9819471836090088,90091.59178688844
16,bert.encoder.layer.10.attention.self.key,key,0.014663792215287685,0.013833333333333335,3.545229887436108e-08,0.005812197923660278,0.09314768016338348,8.055272360252275e-07,0.9930148720741272,108848.21074661758
16,bert.encoder.layer.10.attention.self.value,value,0.018003378063440323,0.013833333333333335,1.5125242214253376e-07,0.008078644052147865,0.34408754110336304,2.727890205278527e-06,0.9842054843902588,40347.45201717337
16,bert.encoder.layer.10.attention.output.dense,dense,0.023852473124861717,0.013833333333333335,7.387514244783233e-08,0.010390323586761951,0.12380717694759369,2.2327196802507387e-06,0.9615614414215088,88883.25694627105
16,bert.encoder.layer.11.attention.self.query,query,0.02071068063378334,0.013833333333333335,6.9171797179024e-08,0.009544233791530132,0.1216137632727623,1.5650266504962929e-06,0.9657931923866272,98078.06630022047
16,bert.encoder.layer.11.attention.self.key,key,0.017469150945544243,0.013833333333333335,5.526456448023964e-08,0.007446711417287588,0.15682929754257202,1.47283572005108e-06,0.9854668378829956,114290.30098892485
16,bert.encoder.layer.11.attention.self.value,value,0.01806853897869587,0.013833333333333335,1.4515018165184301e-07,0.007921966724097729,0.3157269060611725,2.7228632006881526e-06,0.9873521327972412,48524.50180437776
16,bert.encoder.layer.11.attention.output.dense,dense,0.025952905416488647,0.013833333333333335,1.08820884747729e-07,0.011356792412698269,0.14953888952732086,2.8868646495538997e-06,0.9477335810661316,92050.02856954925
17,bert.encoder.layer.0.attention.self.query,query,0.028550682589411736,0.013666666666666666,1.0127261163006551e-07,0.01509814616292715,0.12307605892419815,3.324574663565727e-06,0.8981797695159912,143285.16339455108
17,bert.encoder.layer.0.attention.self.key,key,0.03159146383404732,0.013666666666666666,9.582007720609909e-08,0.016833743080496788,0.10713499039411545,3.131930952804396e-06,0.8638034462928772,159329.35889822262
17,bert.encoder.layer.0.attention.self.value,value,0.03281334042549133,0.013666666666666666,2.222334245516322e-07,0.016771558672189713,0.25187957286834717,6.849246801721165e-06,0.8528916835784912,73804.45400901226
17,bert.encoder.layer.0.attention.output.dense,dense,0.03587110713124275,0.013666666666666666,2.2736834637271386e-07,0.01871362514793873,0.225640669465065,7.754741091048345e-06,0.81689453125,77232.0109103903
17,bert.encoder.layer.1.attention.self.query,query,0.0314989872276783,0.013666666666666666,1.0532115624073413e-07,0.015111011452972889,0.13159070909023285,3.2007310437620617e-06,0.8913981318473816,125912.39969482282
17,bert.encoder.layer.1.attention.self.key,key,0.031843721866607666,0.013666666666666666,1.0051005006062042e-07,0.014892748557031155,0.11805394291877747,2.9603636448882753e-06,0.8975898027420044,138756.28540330112
17,bert.encoder.layer.1.attention.self.value,value,0.030809689313173294,0.013666666666666666,3.769390559682506e-07,0.015940262004733086,0.43612566590309143,7.617846677021589e-06,0.8944634199142456,42033.06130725288
17,bert.encoder.layer.1.attention.output.dense,dense,0.037160612642765045,0.013666666666666666,2.2399555632546253e-07,0.018461886793375015,0.2421247661113739,8.282719136332162e-06,0.8227064609527588,80939.62011370788
17,bert.encoder.layer.2.attention.self.query,query,0.027576981112360954,0.013666666666666666,1.1416784673201619e-07,0.013489682227373123,0.1460689753293991,3.2661378099874128e-06,0.9259711503982544,115199.67806077117
17,bert.encoder.layer.2.attention.self.key,key,0.029329238459467888,0.013666666666666666,1.0155974905501353e-07,0.013834705576300621,0.12385668605566025,2.9147167879273184e-06,0.9158935546875,133454.67380848643
17,bert.encoder.layer.2.attention.self.value,value,0.03388047218322754,0.013666666666666666,4.1866758238029433e-07,0.016829587519168854,0.44821426272392273,9.229148417944089e-06,0.8819105625152588,40915.35764943141
17,bert.encoder.layer.2.attention.output.dense,dense,0.03934217616915703,0.013666666666666666,2.8231551141288946e-07,0.019646355882287025,0.2518659830093384,8.678102858539205e-06,0.7985771894454956,67716.17317824399
17,bert.encoder.layer.3.attention.self.query,query,0.029858427122235298,0.013666666666666666,1.6789368828540319e-07,0.014967728406190872,0.1905171424150467,4.3952863961749244e-06,0.8924967646598816,89925.1365613444
17,bert.encoder.layer.3.attention.self.key,key,0.03325244411826134,0.013666666666666666,1.7058447099316254e-07,0.017422616481781006,0.18008387088775635,4.362505023891572e-06,0.8626912236213684,102370.24854540477
17,bert.encoder.layer.3.attention.self.value,value,0.037776410579681396,0.013666666666666666,4.901854708805331e-07,0.02066675014793873,0.42348021268844604,1.0634813406795729e-05,0.8149142861366272,41617.14589467136
17,bert.encoder.layer.3.attention.output.dense,dense,0.03942576050758362,0.013666666666666666,3.2085017664940096e-07,0.020424237474799156,0.28146985173225403,1.0187779480475001e-05,0.7812160849571228,61650.34687769653
17,bert.encoder.layer.4.attention.self.query,query,0.02957373671233654,0.013666666666666666,1.6199514618620015e-07,0.01530144177377224,0.19039809703826904,4.535913376457756e-06,0.8917100429534912,108748.56089880808
17,bert.encoder.layer.4.attention.self.key,key,0.0324859656393528,0.013666666666666666,1.5388668828109076e-07,0.017356084659695625,0.16009072959423065,4.180036739853676e-06,0.8744710087776184,126538.05558517047
17,bert.encoder.layer.4.attention.self.value,value,0.03602359816431999,0.013666666666666666,4.3244301650702255e-07,0.01995556242763996,0.4109955430030823,9.456900443183258e-06,0.8479953408241272,44732.98270717447
17,bert.encoder.layer.4.attention.output.dense,dense,0.0372404046356678,0.013666666666666666,2.966683041449869e-07,0.020284345373511314,0.26698997616767883,8.657935723022092e-06,0.7944471836090088,62975.60092657891
17,bert.encoder.layer.5.attention.self.query,query,0.02804478444159031,0.013666666666666666,1.5412442166962137e-07,0.015151934698224068,0.18557707965373993,4.75407978228759e-06,0.9014418125152588,88342.35472516612
17,bert.encoder.layer.5.attention.self.key,key,0.031436000019311905,0.013666666666666666,1.4350254673445306e-07,0.016106020659208298,0.15862508118152618,3.943377578252694e-06,0.8805270791053772,97490.3517806117
17,bert.encoder.layer.5.attention.self.value,value,0.033973924815654755,0.013666666666666666,3.125142029603012e-07,0.016719035804271698,0.32707127928733826,7.17150487616891e-06,0.8673570156097412,32842.77238157185
17,bert.encoder.layer.5.attention.output.dense,dense,0.03653892129659653,0.013666666666666666,2.3711707797247072e-07,0.018033467233181,0.2375829517841339,7.337401257245801e-06,0.8347100019454956,74397.71304189769
17,bert.encoder.layer.6.attention.self.query,query,0.024067334830760956,0.013666666666666666,1.0924909332743482e-07,0.01081482507288456,0.18737266957759857,2.8978811315027997e-06,0.9565226435661316,95350.49935374442
17,bert.encoder.layer.6.attention.self.key,key,0.02564067579805851,0.013666666666666666,1.0105599557164169e-07,0.010629217140376568,0.16153161227703094,1.8136134940505144e-06,0.9594794511795044,103061.89195564992
17,bert.encoder.layer.6.attention.self.value,value,0.02788781374692917,0.013666666666666666,3.7424220522552787e-07,0.012589648365974426,0.5445353984832764,4.4651228563452605e-06,0.9615749716758728,28317.032445262856
17,bert.encoder.layer.6.attention.output.dense,dense,0.032284945249557495,0.013666666666666666,1.457253517855861e-07,0.014458010904490948,0.17697924375534058,4.212684871163219e-06,0.9038357138633728,72966.06852974715
17,bert.encoder.layer.7.attention.self.query,query,0.019815633073449135,0.013666666666666666,1.0251271476136026e-07,0.009770832024514675,0.212929829955101,2.8498209303506883e-06,0.9613511562347412,81813.7941412608
17,bert.encoder.layer.7.attention.self.key,key,0.02295021526515484,0.013666666666666666,9.797196298677591e-08,0.012043890543282032,0.14625810086727142,2.537301043048501e-06,0.9342854619026184,117531.13013746793
17,bert.encoder.layer.7.attention.self.value,value,0.026058845221996307,0.013666666666666666,3.665035990252363e-07,0.01446870993822813,0.4661290645599365,6.6189791141368914e-06,0.9188435673713684,30131.965981491172
17,bert.encoder.layer.7.attention.output.dense,dense,0.028300011530518532,0.013666666666666666,1.8437016535699513e-07,0.014889740385115147,0.20743560791015625,4.7937710405676626e-06,0.8937242031097412,50877.71006934755
17,bert.encoder.layer.8.attention.self.query,query,0.020437434315681458,0.013666666666666666,1.1471654204342485e-07,0.011608696542680264,0.19408327341079712,2.8504941838036757e-06,0.9547255039215088,62644.961112995385
17,bert.encoder.layer.8.attention.self.key,key,0.022145835682749748,0.013666666666666666,8.39844815914148e-08,0.0125633105635643,0.1313984990119934,2.221112481493037e-06,0.9364895224571228,84759.45022223155
17,bert.encoder.layer.8.attention.self.value,value,0.0242413692176342,0.013666666666666666,2.9116404220985714e-07,0.013040524907410145,0.40415269136428833,5.9738345044024754e-06,0.9350043535232544,31102.933704321316
17,bert.encoder.layer.8.attention.output.dense,dense,0.03093135915696621,0.013666666666666666,2.0360691621590377e-07,0.01638162136077881,0.21473586559295654,5.760159183409996e-06,0.8763630986213684,46441.141719271545
17,bert.encoder.layer.9.attention.self.query,query,0.011903565376996994,0.013666666666666666,8.414823504665492e-09,0.0029391858261078596,0.03571523725986481,1.9817167640212574e-07,0.9995524287223816,106743.54658113296
17,bert.encoder.layer.9.attention.self.key,key,0.014064773917198181,0.013666666666666666,6.994232748525064e-09,0.004113943316042423,0.042760252952575684,1.7429346144126612e-07,0.9965142011642456,146921.2285874489
17,bert.encoder.layer.9.attention.self.value,value,0.020230798050761223,0.013666666666666666,2.2814656119862775e-07,0.008877405896782875,0.4641397297382355,3.838629709207453e-06,0.9834120273590088,27916.974941799872
17,bert.encoder.layer.9.attention.output.dense,dense,0.026817483827471733,0.013666666666666666,1.0269423711406489e-07,0.012411531060934067,0.17169292271137238,3.446708433330059e-06,0.9345363974571228,64584.8440625668
17,bert.encoder.layer.10.attention.self.query,query,0.015595227479934692,0.013666666666666666,5.530354485472344e-08,0.007575623225420713,0.11522974073886871,1.1551037459867075e-06,0.9820353388786316,94138.8112899522
17,bert.encoder.layer.10.attention.self.key,key,0.015028225257992744,0.013666666666666666,4.114155061074598e-08,0.005780116654932499,0.11466527730226517,8.021737585295341e-07,0.9928181767463684,111980.44800217086
17,bert.encoder.layer.10.attention.self.value,value,0.0181297454982996,0.013666666666666666,1.568062941714743e-07,0.008040125481784344,0.3591785430908203,2.8777358238585293e-06,0.9852362871170044,41060.74011088737
17,bert.encoder.layer.10.attention.output.dense,dense,0.024091096594929695,0.013666666666666666,7.943835811374811e-08,0.01046800334006548,0.09974304586648941,1.8857404029404279e-06,0.9599270224571228,90638.8515497553
17,bert.encoder.layer.11.attention.self.query,query,0.019695168361067772,0.013666666666666666,8.179508625971721e-08,0.009451759047806263,0.1588468700647354,1.9609651644714177e-06,0.9654473066329956,98153.1422699833
17,bert.encoder.layer.11.attention.self.key,key,0.01686045527458191,0.013666666666666666,6.566187948919833e-08,0.007471293210983276,0.13397656381130219,1.255563347513089e-06,0.9856160283088684,112678.3317166392
17,bert.encoder.layer.11.attention.self.value,value,0.018183117732405663,0.013666666666666666,1.466105175040866e-07,0.008461249992251396,0.3232177197933197,3.365163593116449e-06,0.9831407070159912,48831.270813445386
17,bert.encoder.layer.11.attention.output.dense,dense,0.026115596294403076,0.013666666666666666,1.238208966469756e-07,0.011567254550755024,0.1664382964372635,3.085122671109275e-06,0.9449394941329956,91374.33783873098
18,bert.encoder.layer.0.attention.self.query,query,0.029260272160172462,0.0135,8.419766572842491e-08,0.015349899418652058,0.0936247929930687,2.6019422421086347e-06,0.8930732011795044,144287.62159906505
18,bert.encoder.layer.0.attention.self.key,key,0.03177275508642197,0.0135,7.782546873613683e-08,0.01693701185286045,0.08401919156312943,2.647185056048329e-06,0.8600803017616272,160033.50508217834
18,bert.encoder.layer.0.attention.self.value,value,0.03290221095085144,0.0135,2.0604291250947426e-07,0.01674952358007431,0.22619317471981049,6.36836739431601e-06,0.8519423007965088,74285.93439636714
18,bert.encoder.layer.0.attention.output.dense,dense,0.03621431440114975,0.0135,2.222955970410112e-07,0.01895611174404621,0.20922857522964478,7.2590210038470104e-06,0.8108249306678772,78168.56038443343
18,bert.encoder.layer.1.attention.self.query,query,0.03222336992621422,0.0135,1.3192696712849283e-07,0.01599554717540741,0.1547398567199707,3.87002819479676e-06,0.8764851689338684,125264.53005520008
18,bert.encoder.layer.1.attention.self.key,key,0.03182988241314888,0.0135,1.1374875441561016e-07,0.015527650713920593,0.138644278049469,3.355257149451063e-06,0.8880547285079956,137711.66173335953
18,bert.encoder.layer.1.attention.self.value,value,0.03052109107375145,0.0135,3.6137558367954625e-07,0.01606178656220436,0.41722628474235535,7.384857781289611e-06,0.8902791142463684,41909.90986537482
18,bert.encoder.layer.1.attention.output.dense,dense,0.03741740435361862,0.0135,2.1036801456375542e-07,0.01858874037861824,0.2135455310344696,7.132596238079714e-06,0.8190850019454956,81357.18537910822
18,bert.encoder.layer.2.attention.self.query,query,0.02812129631638527,0.0135,1.0535812577927572e-07,0.014314998872578144,0.1421804279088974,3.284103286205209e-06,0.9128282070159912,115052.3555249722
18,bert.encoder.layer.2.attention.self.key,key,0.02972576767206192,0.0135,1.042878992052465e-07,0.014578946866095066,0.12337947636842728,3.0043577226024354e-06,0.9026963710784912,132822.66793307767
18,bert.encoder.layer.2.attention.self.value,value,0.03478411212563515,0.0135,4.085705711531773e-07,0.017381347715854645,0.4199076294898987,9.013931048684753e-06,0.8722127079963684,41675.904545634854
18,bert.encoder.layer.2.attention.output.dense,dense,0.04042387008666992,0.0135,2.6576560685498407e-07,0.02011694759130478,0.23192840814590454,8.174782124115154e-06,0.7879774570465088,68654.18547874513
18,bert.encoder.layer.3.attention.self.query,query,0.03034038655459881,0.0135,1.316233095849384e-07,0.014933804050087929,0.16455775499343872,4.1975636122515425e-06,0.8910251259803772,91112.45049449433
18,bert.encoder.layer.3.attention.self.key,key,0.0336652547121048,0.0135,1.3318421565600147e-07,0.0172639898955822,0.13605660200119019,3.6984774851589464e-06,0.855224609375,105138.57793780466
18,bert.encoder.layer.3.attention.self.value,value,0.038271643221378326,0.0135,4.157449779995659e-07,0.02050154097378254,0.36636242270469666,9.902244528348092e-06,0.8116047978401184,42640.711101031025
18,bert.encoder.layer.3.attention.output.dense,dense,0.04092235118150711,0.0135,3.045959715564095e-07,0.021005094051361084,0.2655118703842163,9.596242307452485e-06,0.7686699628829956,63353.83009364421
18,bert.encoder.layer.4.attention.self.query,query,0.03038434498012066,0.0135,1.5247884732616512e-07,0.016006173565983772,0.16570743918418884,4.010258180642268e-06,0.8802829384803772,107315.5745903087
18,bert.encoder.layer.4.attention.self.key,key,0.03307807072997093,0.0135,1.49082694633762e-07,0.017618268728256226,0.143893301486969,3.7688669181079604e-06,0.8687676191329956,125922.4567883735
18,bert.encoder.layer.4.attention.self.value,value,0.03642136603593826,0.0135,4.1440725340180506e-07,0.01974155753850937,0.3717016279697418,8.630969205114525e-06,0.8468695878982544,45270.67528441817
18,bert.encoder.layer.4.attention.output.dense,dense,0.03874089568853378,0.0135,3.009559463862388e-07,0.02101900242269039,0.2642448842525482,8.981032806332223e-06,0.7794121503829956,64133.20357553182
18,bert.encoder.layer.5.attention.self.query,query,0.02921120822429657,0.0135,1.5514810058903095e-07,0.015626510605216026,0.17608407139778137,4.265564712113701e-06,0.8932291865348816,89970.05607182923
18,bert.encoder.layer.5.attention.self.key,key,0.03284405171871185,0.0135,1.4273375370521535e-07,0.01662561297416687,0.15288491547107697,4.071642706549028e-06,0.8694932460784912,100251.59698823626
18,bert.encoder.layer.5.attention.self.value,value,0.0356217585504055,0.0135,3.6267428527025913e-07,0.0174978356808424,0.37519747018814087,7.779605766700115e-06,0.8569064736366272,33781.222999638856
18,bert.encoder.layer.5.attention.output.dense,dense,0.03788651153445244,0.0135,2.4061455405899324e-07,0.018691202625632286,0.24753642082214355,7.23373022992746e-06,0.8228352665901184,75408.4234535869
18,bert.encoder.layer.6.attention.self.query,query,0.025037506595253944,0.0135,1.5038575895687245e-07,0.011686580255627632,0.239120215177536,3.237098553654505e-06,0.94903564453125,96641.72169303132
18,bert.encoder.layer.6.attention.self.key,key,0.027111420407891273,0.0135,1.3707644086480286e-07,0.01153271459043026,0.216793030500412,2.519293957448099e-06,0.9514973759651184,105889.32127539674
18,bert.encoder.layer.6.attention.self.value,value,0.030000600963830948,0.0135,4.5610227061843034e-07,0.013842076063156128,0.6000756025314331,5.207132744544651e-06,0.9545762538909912,28873.566488037282
18,bert.encoder.layer.6.attention.output.dense,dense,0.03356601670384407,0.0135,1.842142012264958e-07,0.015248265117406845,0.20365434885025024,5.151774075784488e-06,0.8902316689491272,75898.12907200487
18,bert.encoder.layer.7.attention.self.query,query,0.020836973562836647,0.0135,1.1149083434247586e-07,0.010390287265181541,0.21081344783306122,2.9098207505739992e-06,0.9551730751991272,81718.02553724643
18,bert.encoder.layer.7.attention.self.key,key,0.02441774308681488,0.0135,1.0812919981617597e-07,0.012827846221625805,0.13485118746757507,2.2682447706756648e-06,0.9263576865196228,117730.26065103774
18,bert.encoder.layer.7.attention.self.value,value,0.02815542370080948,0.0135,4.5655846747649775e-07,0.015394935384392738,0.543819010257721,8.210359737859108e-06,0.9121907353401184,30834.150607288873
18,bert.encoder.layer.7.attention.output.dense,dense,0.029795439913868904,0.0135,2.475044027505646e-07,0.01568860560655594,0.3145569860935211,6.974751613597618e-06,0.8867933750152588,51893.15508337202
18,bert.encoder.layer.8.attention.self.query,query,0.020609335973858833,0.0135,1.015120076885978e-07,0.011368346400558949,0.14899933338165283,2.6227855869365158e-06,0.95697021484375,64144.11164189336
18,bert.encoder.layer.8.attention.self.key,key,0.0228356271982193,0.0135,7.721175165897876e-08,0.012491095811128616,0.09878936409950256,1.9420183434704086e-06,0.93572998046875,88076.52878486525
18,bert.encoder.layer.8.attention.self.value,value,0.025937680155038834,0.0135,3.657423803815618e-07,0.01387475524097681,0.4765978157520294,8.06760090199532e-06,0.92608642578125,32131.075196137328
18,bert.encoder.layer.8.attention.output.dense,dense,0.03319024294614792,0.0135,2.830985579294065e-07,0.017637841403484344,0.31124112010002136,8.020866516744718e-06,0.8576524257659912,48314.83986628446
18,bert.encoder.layer.9.attention.self.query,query,0.01264934428036213,0.0135,2.7012839964868363e-08,0.0032790491823107004,0.1751055270433426,4.532207071861194e-07,0.9987046718597412,112299.33273223629
18,bert.encoder.layer.9.attention.self.key,key,0.014798184856772423,0.0135,1.981189790001281e-08,0.004322709050029516,0.08118069916963577,3.849774827813235e-07,0.9962429404258728,154952.8240509537
18,bert.encoder.layer.9.attention.self.value,value,0.02042892575263977,0.0135,2.571472350609838e-07,0.00912866834551096,0.5008258819580078,4.468822226044722e-06,0.9826999306678772,28325.761575133332
18,bert.encoder.layer.9.attention.output.dense,dense,0.027746912091970444,0.0135,1.3705958679111063e-07,0.01300093624740839,0.19948674738407135,4.427650765137514e-06,0.9254353642463684,67291.88795267035
18,bert.encoder.layer.10.attention.self.query,query,0.01647096313536167,0.0135,1.226550239152857e-07,0.008663801476359367,0.3107343316078186,2.4926218884502305e-06,0.9753485918045044,90757.6788586637
18,bert.encoder.layer.10.attention.self.key,key,0.01593560352921486,0.0135,1.0163191888068468e-07,0.006745009683072567,0.27480337023735046,1.660179464124667e-06,0.9863349199295044,104701.54960202974
18,bert.encoder.layer.10.attention.self.value,value,0.01807241328060627,0.0135,1.62207967946415e-07,0.008218418806791306,0.35393083095550537,3.118785571132321e-06,0.9812350869178772,41873.0315556709
18,bert.encoder.layer.10.attention.output.dense,dense,0.0249085184186697,0.0135,9.706644021889588e-08,0.010963531211018562,0.16391679644584656,3.0294625048554735e-06,0.9530978798866272,92216.9004661751
18,bert.encoder.layer.11.attention.self.query,query,0.019489692524075508,0.0135,8.14580758401462e-08,0.009615312330424786,0.17987139523029327,2.243926019218634e-06,0.9636772871017456,100731.38014625596
18,bert.encoder.layer.11.attention.self.key,key,0.016495563089847565,0.0135,6.146673570128769e-08,0.007241576444357634,0.1485867202281952,1.494780462962808e-06,0.9864094853401184,117318.2354000939
18,bert.encoder.layer.11.attention.self.value,value,0.017291782423853874,0.0135,1.4094345601733949e-07,0.007764928974211216,0.3257434070110321,2.723941179283429e-06,0.9875691533088684,48633.83950214954
18,bert.encoder.layer.11.attention.output.dense,dense,0.02646070532500744,0.0135,1.0746493472879592e-07,0.011499146930873394,0.14887329936027527,2.507427552700392e-06,0.9455498456954956,89105.8118967312
19,bert.encoder.layer.0.attention.self.query,query,0.028900232166051865,0.013333333333333334,9.682097612540019e-08,0.01521682646125555,0.11102459579706192,3.0446792607108364e-06,0.8963080644607544,143088.68774938307
19,bert.encoder.layer.0.attention.self.key,key,0.03152671456336975,0.013333333333333334,9.838226588954058e-08,0.016665702685713768,0.09988448768854141,3.1007466532173567e-06,0.8634304404258728,154507.0867190425
19,bert.encoder.layer.0.attention.self.value,value,0.03199154883623123,0.013333333333333334,2.0515714993507572e-07,0.016234934329986572,0.23474186658859253,6.305186616373248e-06,0.8649427890777588,74219.35901716055
19,bert.encoder.layer.0.attention.output.dense,dense,0.035037752240896225,0.013333333333333334,2.1128809635229118e-07,0.018293848261237144,0.21134796738624573,6.780562671337975e-06,0.8251003623008728,78949.29756254592
19,bert.encoder.layer.1.attention.self.query,query,0.03095266968011856,0.013333333333333334,1.2430565732302057e-07,0.015100936405360699,0.15679596364498138,3.5611269595392514e-06,0.8921372890472412,124524.65374469159
19,bert.encoder.layer.1.attention.self.key,key,0.030773324891924858,0.013333333333333334,1.008831134186039e-07,0.014975320547819138,0.11206092685461044,2.90562479676737e-06,0.8964572548866272,138443.10253877201
19,bert.encoder.layer.1.attention.self.value,value,0.029645049944519997,0.013333333333333334,3.4647109714569524e-07,0.01548108458518982,0.40813785791397095,7.187080882431474e-06,0.8987969160079956,41942.81391153557
19,bert.encoder.layer.1.attention.output.dense,dense,0.036044783890247345,0.013333333333333334,2.063481616687568e-07,0.017976248636841774,0.2022298127412796,6.6771162892109714e-06,0.8307427167892456,81810.89310393024
19,bert.encoder.layer.2.attention.self.query,query,0.027051249518990517,0.013333333333333334,1.0737931432913683e-07,0.013484381139278412,0.13684909045696259,3.280568307673093e-06,0.9239909052848816,116320.79356294642
19,bert.encoder.layer.2.attention.self.key,key,0.02937418222427368,0.013333333333333334,1.1220917173204725e-07,0.013945920392870903,0.1492878943681717,3.3490359783172607e-06,0.9129164218902588,135530.031920603
19,bert.encoder.layer.2.attention.self.value,value,0.033549923449754715,0.013333333333333334,3.7815394193785323e-07,0.016536599025130272,0.4203103482723236,8.253598025476094e-06,0.884521484375,42685.837491629805
19,bert.encoder.layer.2.attention.output.dense,dense,0.038683004677295685,0.013333333333333334,2.498220510460669e-07,0.019266687333583832,0.2262919396162033,7.398486559395678e-06,0.8064168095588684,70472.544323992
19,bert.encoder.layer.3.attention.self.query,query,0.02937062457203865,0.013333333333333334,1.378065661583605e-07,0.014543498866260052,0.16692224144935608,3.9434580685338005e-06,0.8985053300857544,92743.69519448718
19,bert.encoder.layer.3.attention.self.key,key,0.03256627544760704,0.013333333333333334,1.3081634619993565e-07,0.01681654155254364,0.1399364173412323,3.945639491576003e-06,0.8638102412223816,106663.55090751327
19,bert.encoder.layer.3.attention.self.value,value,0.03712007403373718,0.013333333333333334,3.866212523462309e-07,0.019863873720169067,0.3596976697444916,9.680938092060387e-06,0.8190375566482544,44204.07174173483
19,bert.encoder.layer.3.attention.output.dense,dense,0.03972619026899338,0.013333333333333334,2.852217733106954e-07,0.020486382767558098,0.25784704089164734,9.213612429448403e-06,0.7782321572303772,64153.96276060756
19,bert.encoder.layer.4.attention.self.query,query,0.029265709221363068,0.013333333333333334,1.3500073237082688e-07,0.015217074193060398,0.17728951573371887,3.937665042030858e-06,0.8937920331954956,107218.01441142158
19,bert.encoder.layer.4.attention.self.key,key,0.03170046955347061,0.013333333333333334,1.279212114013717e-07,0.016480425372719765,0.1314886212348938,3.4608488022058737e-06,0.8842841386795044,125149.99969378255
19,bert.encoder.layer.4.attention.self.value,value,0.03442374989390373,0.013333333333333334,3.5644748663798964e-07,0.018467217683792114,0.3445998430252075,7.645282494195271e-06,0.8594834804534912,46123.720919062485
19,bert.encoder.layer.4.attention.output.dense,dense,0.03682057559490204,0.013333333333333334,2.45199544224306e-07,0.01984948106110096,0.21116724610328674,6.880150522192707e-06,0.7982313632965088,64737.60818046685
19,bert.encoder.layer.5.attention.self.query,query,0.0288202166557312,0.013333333333333334,1.419836337390734e-07,0.015189532190561295,0.17543189227581024,4.518244168139063e-06,0.8968098759651184,91229.26679439278
19,bert.encoder.layer.5.attention.self.key,key,0.03270795941352844,0.013333333333333334,1.3561151490648626e-07,0.016524245962500572,0.15504924952983856,4.425936367624672e-06,0.8699747920036316,102394.37054568515
19,bert.encoder.layer.5.attention.self.value,value,0.03481724485754967,0.013333333333333334,2.816375115344272e-07,0.017068414017558098,0.31185612082481384,6.919793122506235e-06,0.8620198369026184,34436.90614971905
19,bert.encoder.layer.5.attention.output.dense,dense,0.03703726828098297,0.013333333333333334,2.2279512279510527e-07,0.018282009288668633,0.21852882206439972,6.817928806412965e-06,0.8302883505821228,75464.72171838608
19,bert.encoder.layer.6.attention.self.query,query,0.023166615515947342,0.013333333333333334,8.986545907418986e-08,0.010441454127430916,0.15273961424827576,2.3474060526496032e-06,0.96136474609375,98154.7644704352
19,bert.encoder.layer.6.attention.self.key,key,0.02521597594022751,0.013333333333333334,8.347169710987146e-08,0.010507793165743351,0.1384303867816925,2.0301304175518453e-06,0.9617851972579956,106412.37282704387
19,bert.encoder.layer.6.attention.self.value,value,0.027160676196217537,0.013333333333333334,3.4034798090942786e-07,0.012396820820868015,0.5051529407501221,4.652409188565798e-06,0.9600083827972412,29469.904729999602
19,bert.encoder.layer.6.attention.output.dense,dense,0.03171080723404884,0.013333333333333334,1.4911434220721276e-07,0.014627235010266304,0.16849878430366516,4.108774646738311e-06,0.9004245400428772,77997.90625273796
19,bert.encoder.layer.7.attention.self.query,query,0.02012459933757782,0.013333333333333334,1.0004985284695067e-07,0.010052834637463093,0.18047884106636047,2.6425443593325326e-06,0.9596896767616272,83859.03293903625
19,bert.encoder.layer.7.attention.self.key,key,0.023911738768219948,0.013333333333333334,9.780816867532849e-08,0.012616492807865143,0.13598303496837616,2.3764544039295288e-06,0.9266493320465088,119718.75443721534
19,bert.encoder.layer.7.attention.self.value,value,0.025649890303611755,0.013333333333333334,3.1145933121479175e-07,0.014074426144361496,0.4077007472515106,5.772833446826553e-06,0.9188774824142456,31351.49213861134
19,bert.encoder.layer.7.attention.output.dense,dense,0.028339896351099014,0.013333333333333334,1.758792365080808e-07,0.015076608397066593,0.20475459098815918,4.833730599784758e-06,0.8924289345741272,52876.923328401135
19,bert.encoder.layer.8.attention.self.query,query,0.019645927473902702,0.013333333333333334,8.72508607585587e-08,0.010690516792237759,0.15071167051792145,2.246685880891164e-06,0.9632093906402588,65074.76758801659
19,bert.encoder.layer.8.attention.self.key,key,0.022561797872185707,0.013333333333333334,6.989476020180518e-08,0.012419753707945347,0.09900318086147308,1.8714492853177944e-06,0.9377034306526184,90624.01064304468
19,bert.encoder.layer.8.attention.self.value,value,0.024240950122475624,0.013333333333333334,2.5207438625329814e-07,0.012776867486536503,0.35546931624412537,5.865946150152013e-06,0.9354722499847412,32496.111714810784
19,bert.encoder.layer.8.attention.output.dense,dense,0.03185948356986046,0.013333333333333334,1.9837361264762876e-07,0.016607938334345818,0.2185967117547989,5.594751655735308e-06,0.8725450038909912,49547.44496284971
19,bert.encoder.layer.9.attention.self.query,query,0.011161929927766323,0.013333333333333334,6.98577551361268e-09,0.002757258014753461,0.0540371872484684,1.6406656300205213e-07,0.9996337890625,113248.98385566073
19,bert.encoder.layer.9.attention.self.key,key,0.013509190641343594,0.013333333333333334,5.682398107609288e-09,0.003956242930144072,0.021889032796025276,1.3534075549159752e-07,0.9969685673713684,156473.93400307134
19,bert.encoder.layer.9.attention.self.value,value,0.019655441865324974,0.013333333333333334,2.288388287752241e-07,0.008999754674732685,0.4744834899902344,4.256683496350888e-06,0.9821031093597412,28857.805332691834
19,bert.encoder.layer.9.attention.output.dense,dense,0.02695034258067608,0.013333333333333334,1.101489601751382e-07,0.012725877575576305,0.16012446582317352,2.9259460916364333e-06,0.9292466640472412,69685.83111983979
19,bert.encoder.layer.10.attention.self.query,query,0.014128915034234524,0.013333333333333334,2.8021728937233092e-08,0.005434303544461727,0.11665870994329453,6.917554742358334e-07,0.9935845136642456,93180.35486036292
19,bert.encoder.layer.10.attention.self.key,key,0.013421265408396721,0.013333333333333334,1.9987190569281665e-08,0.004405849613249302,0.07240590453147888,4.338144208304584e-07,0.9969889521598816,107182.06522511531
19,bert.encoder.layer.10.attention.self.value,value,0.01650531031191349,0.013333333333333334,1.3262679487979767e-07,0.007162526249885559,0.36088934540748596,2.146319957319065e-06,0.98919677734375,42141.76856604152
19,bert.encoder.layer.10.attention.output.dense,dense,0.02292676456272602,0.013333333333333334,5.993001650494989e-08,0.009911744855344296,0.1075957790017128,1.616133886273019e-06,0.96588134765625,94451.34233324499
19,bert.encoder.layer.11.attention.self.query,query,0.017177298665046692,0.013333333333333334,4.18333705454188e-08,0.008437421172857285,0.09483596682548523,1.122793605645711e-06,0.9720119833946228,103867.89765044126
19,bert.encoder.layer.11.attention.self.key,key,0.014383070170879364,0.013333333333333334,3.2990076448413674e-08,0.006062410771846771,0.08089413493871689,7.448758196915151e-07,0.9921875,118993.30766283165
19,bert.encoder.layer.11.attention.self.value,value,0.015577407553792,0.013333333333333334,1.0294253627307626e-07,0.00672150868922472,0.26218318939208984,1.7034749362210277e-06,0.9930962324142456,49949.00621522103
19,bert.encoder.layer.11.attention.output.dense,dense,0.02404610440135002,0.013333333333333334,7.233979459897455e-08,0.010589073412120342,0.125016987323761,1.944114046636969e-06,0.9561293125152588,93949.41057738438
20,bert.encoder.layer.0.attention.self.query,query,0.029310448095202446,0.013166666666666667,1.1341435168787939e-07,0.015418537892401218,0.11316017806529999,3.4654040064197034e-06,0.8926188349723816,145014.13012116792
20,bert.encoder.layer.0.attention.self.key,key,0.0322411023080349,0.013166666666666667,1.0242812464866802e-07,0.017215238884091377,0.11273211240768433,3.484661419861368e-06,0.8543362021446228,159538.5069401928
20,bert.encoder.layer.0.attention.self.value,value,0.03288378193974495,0.013166666666666667,2.1461961807744956e-07,0.01662525348365307,0.23384471237659454,6.6886514105135575e-06,0.8549668788909912,74704.37514138022
20,bert.encoder.layer.0.attention.output.dense,dense,0.03606490045785904,0.013166666666666667,2.25666568098859e-07,0.018804633989930153,0.22140246629714966,7.533560619776836e-06,0.8152601718902588,79657.6114244293
20,bert.encoder.layer.1.attention.self.query,query,0.03186505287885666,0.013166666666666667,1.0940606642861894e-07,0.015479251742362976,0.12142917513847351,3.081009481320507e-06,0.8851115107536316,123824.99314248565
20,bert.encoder.layer.1.attention.self.key,key,0.03121550939977169,0.013166666666666667,9.288517333061463e-08,0.014901066198945045,0.10425005108118057,2.6451511985214893e-06,0.8972642421722412,137400.54198833357
20,bert.encoder.layer.1.attention.self.value,value,0.030275922268629074,0.013166666666666667,3.432872972553014e-07,0.015668196603655815,0.38638654351234436,6.8741960603802e-06,0.8937920331954956,41693.56662607873
20,bert.encoder.layer.1.attention.output.dense,dense,0.036874789744615555,0.013166666666666667,2.035974091540993e-07,0.018300214782357216,0.20338115096092224,6.697902790619992e-06,0.8242594599723816,82371.49228478596
20,bert.encoder.layer.2.attention.self.query,query,0.027734849601984024,0.013166666666666667,1.150864932242257e-07,0.014124169945716858,0.16371995210647583,3.284190142949228e-06,0.9159477949142456,116457.59956295468
20,bert.encoder.layer.2.attention.self.key,key,0.029902607202529907,0.013166666666666667,9.691915181520017e-08,0.014559777453541756,0.11252937465906143,2.918412747021648e-06,0.9034559726715088,137613.76327289853
20,bert.encoder.layer.2.attention.self.value,value,0.034273840487003326,0.013166666666666667,3.7351546211539244e-07,0.016821136698126793,0.38942307233810425,7.907088729552925e-06,0.8768039345741272,43546.629086040564
20,bert.encoder.layer.2.attention.output.dense,dense,0.03943951427936554,0.013166666666666667,2.565331556070305e-07,0.019603444263339043,0.24339766800403595,8.384041393583175e-06,0.7977634072303772,72010.28900099649
20,bert.encoder.layer.3.attention.self.query,query,0.029998302459716797,0.013166666666666667,1.3349911398563563e-07,0.014785749837756157,0.14730171859264374,3.857481715385802e-06,0.8935343623161316,93256.52457595606
20,bert.encoder.layer.3.attention.self.key,key,0.03357790783047676,0.013166666666666667,1.281748183146192e-07,0.017277775332331657,0.13577085733413696,4.033665391034447e-06,0.85565185546875,107361.93959875287
20,bert.encoder.layer.3.attention.self.value,value,0.037447672337293625,0.013166666666666667,3.576231506485783e-07,0.01984599232673645,0.32138222455978394,8.904604328563437e-06,0.8160129189491272,44889.39188570641
20,bert.encoder.layer.3.attention.output.dense,dense,0.040787722915410995,0.013166666666666667,2.9824619218743464e-07,0.020744558423757553,0.25486478209495544,8.814845386950765e-06,0.7731730341911316,65834.01537375776
20,bert.encoder.layer.4.attention.self.query,query,0.029846027493476868,0.013166666666666667,1.4119021329861425e-07,0.015648918226361275,0.16426680982112885,3.764783286897e-06,0.8870103359222412,108022.15400643183
20,bert.encoder.layer.4.attention.self.key,key,0.03245963901281357,0.013166666666666667,1.3545501076350774e-07,0.017031146213412285,0.14475852251052856,3.320788209748571e-06,0.8757866621017456,124166.06482800872
20,bert.encoder.layer.4.attention.self.value,value,0.034949224442243576,0.013166666666666667,3.7387255247267603e-07,0.018685072660446167,0.36086180806159973,7.336404451052658e-06,0.8568318486213684,47269.69543836189
20,bert.encoder.layer.4.attention.output.dense,dense,0.0375983864068985,0.013166666666666667,2.5498098921161727e-07,0.02021055854856968,0.23946815729141235,7.899843694758601e-06,0.79364013671875,65530.95664612658
20,bert.encoder.layer.5.attention.self.query,query,0.0291966013610363,0.013166666666666667,1.4156667305087467e-07,0.015390587039291859,0.1646450310945511,4.454823283595033e-06,0.8964369297027588,90384.2270336818
20,bert.encoder.layer.5.attention.self.key,key,0.03337108716368675,0.013166666666666667,1.3326115322342957e-07,0.016825713217258453,0.13643121719360352,3.4888237223640317e-06,0.8673774003982544,102824.78799588613
20,bert.encoder.layer.5.attention.self.value,value,0.03559397906064987,0.013166666666666667,3.0007848295099393e-07,0.017324931919574738,0.3078959882259369,7.193123110482702e-06,0.8541123867034912,35654.10049325998
20,bert.encoder.layer.5.attention.output.dense,dense,0.03731564059853554,0.013166666666666667,2.3186987618828425e-07,0.01845271699130535,0.2191746085882187,6.556855623784941e-06,0.8258192539215088,76023.9159841977
20,bert.encoder.layer.6.attention.self.query,query,0.02299921028316021,0.013166666666666667,9.015343493956607e-08,0.01032120268791914,0.16004766523838043,2.2185170109878527e-06,0.963623046875,101068.9341446918
20,bert.encoder.layer.6.attention.self.key,key,0.02534349635243416,0.013166666666666667,7.98650461319994e-08,0.010352036915719509,0.1319991946220398,1.8053392523142975e-06,0.9636704921722412,108944.92411572205
20,bert.encoder.layer.6.attention.self.value,value,0.028420349583029747,0.013166666666666667,4.011247085600189e-07,0.013154171407222748,0.5625760555267334,4.884601821686374e-06,0.9591200351715088,29777.4122238187
20,bert.encoder.layer.6.attention.output.dense,dense,0.03168417140841484,0.013166666666666667,1.402554516971577e-07,0.014539096504449844,0.1655324548482895,4.333170181780588e-06,0.9011772871017456,79953.61304428361
20,bert.encoder.layer.7.attention.self.query,query,0.02043069899082184,0.013166666666666667,1.0817711881827563e-07,0.010232336819171906,0.20799520611763,2.8542337986436905e-06,0.9574856162071228,84250.41731335776
20,bert.encoder.layer.7.attention.self.key,key,0.024172235280275345,0.013166666666666667,9.994511174227227e-08,0.012740125879645348,0.14222820103168488,2.517843768146122e-06,0.9267103672027588,118232.82828771952
20,bert.encoder.layer.7.attention.self.value,value,0.026982348412275314,0.013166666666666667,3.8750485487071273e-07,0.014637664891779423,0.470224529504776,7.300551260414068e-06,0.9142388105392456,31919.376082999424
20,bert.encoder.layer.7.attention.output.dense,dense,0.02849981188774109,0.013166666666666667,2.0129178324168606e-07,0.015031631104648113,0.24384599924087524,5.773054908786435e-06,0.8922458291053772,53173.81423613234
20,bert.encoder.layer.8.attention.self.query,query,0.019644876942038536,0.013166666666666667,1.0015593687739965e-07,0.010847164317965508,0.19995321333408356,2.579083002274274e-06,0.9635552167892456,66079.48030123611
20,bert.encoder.layer.8.attention.self.key,key,0.02200734056532383,0.013166666666666667,7.973578419750993e-08,0.012194758281111717,0.13128753006458282,2.2910808183951303e-06,0.9407077431678772,91643.8843566044
20,bert.encoder.layer.8.attention.self.value,value,0.024290787056088448,0.013166666666666667,2.863678219000576e-07,0.012935272417962551,0.3941182792186737,5.934432920184918e-06,0.9361369013786316,32876.65896068426
20,bert.encoder.layer.8.attention.output.dense,dense,0.03158504143357277,0.013166666666666667,2.2425692236538453e-07,0.016542308032512665,0.21963119506835938,5.877704552403884e-06,0.87469482421875,50591.15192167901
20,bert.encoder.layer.9.attention.self.query,query,0.010978756472468376,0.013166666666666667,1.2328107423797974e-08,0.0027250354178249836,0.036955006420612335,1.9837403897327022e-07,0.9997151494026184,115828.43738316052
20,bert.encoder.layer.9.attention.self.key,key,0.013374725356698036,0.013166666666666667,1.0214885826087539e-08,0.003826980711892247,0.042718689888715744,1.7363269932957337e-07,0.9973890781402588,161113.03016485737
20,bert.encoder.layer.9.attention.self.value,value,0.0192775409668684,0.013166666666666667,2.1872176603210391e-07,0.00874827615916729,0.4417591094970703,4.096274551557144e-06,0.9828084111213684,29094.54214020284
20,bert.encoder.layer.9.attention.output.dense,dense,0.027024682611227036,0.013166666666666667,1.0943462314116914e-07,0.012692054733633995,0.18062014877796173,3.446459004408098e-06,0.92913818359375,71086.27844846169
20,bert.encoder.layer.10.attention.self.query,query,0.011778048239648342,0.013166666666666667,2.2256305243217867e-08,0.004415632225573063,0.10933471471071243,4.3568221030909626e-07,0.9962294101715088,94473.89422806926
20,bert.encoder.layer.10.attention.self.key,key,0.011117733083665371,0.013166666666666667,1.518107595188667e-08,0.0034414075780659914,0.07033324241638184,3.205604457434674e-07,0.9986708164215088,108214.09481726389
20,bert.encoder.layer.10.attention.self.value,value,0.015589763410389423,0.013166666666666667,1.5442277856436704e-07,0.006807276979088783,0.42001408338546753,2.3387710825772956e-06,0.9916042685508728,42503.52840797921
20,bert.encoder.layer.10.attention.output.dense,dense,0.02216499112546444,0.013166666666666667,6.328079393824737e-08,0.009898735210299492,0.14207451045513153,2.1177020244067535e-06,0.9666340947151184,96182.60937324367
20,bert.encoder.layer.11.attention.self.query,query,0.017589427530765533,0.013166666666666667,4.5601783682513997e-08,0.007897758856415749,0.12065064907073975,1.114992755901767e-06,0.9766981601715088,106827.16752066229
20,bert.encoder.layer.11.attention.self.key,key,0.014103615656495094,0.013166666666666667,3.357058275810232e-08,0.0056191436015069485,0.10722529888153076,6.918293138369336e-07,0.9930012822151184,123635.41605821361
20,bert.encoder.layer.11.attention.self.value,value,0.014821494929492474,0.013166666666666667,1.0891906754295633e-07,0.0066678221337497234,0.31925803422927856,1.934492047439562e-06,0.9931369423866272,51459.452283978935
20,bert.encoder.layer.11.attention.output.dense,dense,0.023376457393169403,0.013166666666666667,7.202025642527587e-08,0.010268288664519787,0.17226825654506683,2.8163694878458045e-06,0.9601101279258728,98113.41942223189
21,bert.encoder.layer.0.attention.self.query,query,0.028380341827869415,0.013000000000000001,8.699330322770038e-08,0.015062984079122543,0.11165791749954224,2.939448449978954e-06,0.8996446132659912,144166.46330649251
21,bert.encoder.layer.0.attention.self.key,key,0.030674031004309654,0.013000000000000001,8.239015159006158e-08,0.016317108646035194,0.09024312347173691,2.696166802707012e-06,0.8708021640777588,160185.3829038717
21,bert.encoder.layer.0.attention.self.value,value,0.03133989870548248,0.013000000000000001,1.916776568577916e-07,0.01595194637775421,0.21688449382781982,5.72114322494599e-06,0.8684963583946228,74316.87749870148
21,bert.encoder.layer.0.attention.output.dense,dense,0.03478890657424927,0.013000000000000001,2.0323726346305193e-07,0.018185509368777275,0.2031402587890625,6.653415766777471e-06,0.8264499306678772,79424.28186256418
21,bert.encoder.layer.1.attention.self.query,query,0.030937382951378822,0.013000000000000001,1.1379641762232495e-07,0.015140369534492493,0.13864544034004211,3.314938112453092e-06,0.8908352255821228,123271.58062937271
21,bert.encoder.layer.1.attention.self.key,key,0.030718011781573296,0.013000000000000001,1.0879313805389756e-07,0.015069585293531418,0.1330680549144745,3.1843567285250174e-06,0.8941379189491272,136253.0368062268
21,bert.encoder.layer.1.attention.self.value,value,0.029076941311359406,0.013000000000000001,3.1901834063319257e-07,0.015057254582643509,0.3694411814212799,6.515636869153241e-06,0.9023640751838684,40294.66588741405
21,bert.encoder.layer.1.attention.output.dense,dense,0.035663675516843796,0.013000000000000001,1.8989773309385782e-07,0.017656313255429268,0.19148918986320496,6.096039669500897e-06,0.8374226689338684,81881.64128218553
21,bert.encoder.layer.2.attention.self.query,query,0.027170341461896896,0.013000000000000001,9.754832319686102e-08,0.013861941173672676,0.1313590258359909,2.980187446155469e-06,0.9189724326133728,117684.10909270687
21,bert.encoder.layer.2.attention.self.key,key,0.029508495703339577,0.013000000000000001,9.119468558083099e-08,0.014557636342942715,0.1173161119222641,2.7441758447821485e-06,0.90411376953125,138903.46990471528
21,bert.encoder.layer.2.attention.self.value,value,0.03362513333559036,0.013000000000000001,3.81677949690129e-07,0.016784027218818665,0.41078153252601624,7.986528544279281e-06,0.8788994550704956,43131.32862981388
21,bert.encoder.layer.2.attention.output.dense,dense,0.03843154013156891,0.013000000000000001,2.511007721750502e-07,0.019267097115516663,0.2356947809457779,7.873935828683898e-06,0.8053249716758728,71830.90541441715
21,bert.encoder.layer.3.attention.self.query,query,0.029109230265021324,0.013000000000000001,1.1829781954020291e-07,0.014598336070775986,0.15091566741466522,3.6708293009724002e-06,0.8982408046722412,94982.82542906047
21,bert.encoder.layer.3.attention.self.key,key,0.0327146053314209,0.013000000000000001,1.1408790356881582e-07,0.016583455726504326,0.1235707476735115,3.3541248285473557e-06,0.8658447265625,110244.69666866484
21,bert.encoder.layer.3.attention.self.value,value,0.03654583543539047,0.013000000000000001,3.633320773133164e-07,0.019382977858185768,0.33657681941986084,9.055499504029285e-06,0.8271484375,45534.06212551321
21,bert.encoder.layer.3.attention.output.dense,dense,0.039689455181360245,0.013000000000000001,2.886914671762497e-07,0.020412912592291832,0.23798760771751404,8.151303518388886e-06,0.77984619140625,66916.25089358876
21,bert.encoder.layer.4.attention.self.query,query,0.02917500212788582,0.013000000000000001,1.287489794776775e-07,0.015084057115018368,0.1551668643951416,3.5103762456856202e-06,0.8949924111366272,107609.80127516387
21,bert.encoder.layer.4.attention.self.key,key,0.03131800889968872,0.013000000000000001,1.1797851584560703e-07,0.01630655862390995,0.1401039958000183,2.8973242933716392e-06,0.8858845829963684,124112.10786576106
21,bert.encoder.layer.4.attention.self.value,value,0.034035440534353256,0.013000000000000001,3.4261654491274385e-07,0.01816326007246971,0.35144859552383423,7.460217148036463e-06,0.8642103672027588,47844.61288162387
21,bert.encoder.layer.4.attention.output.dense,dense,0.03673446923494339,0.013000000000000001,2.515585322271363e-07,0.01977238804101944,0.22691740095615387,7.578274562547449e-06,0.7998860478401184,65930.54478348621
21,bert.encoder.layer.5.attention.self.query,query,0.028417451307177544,0.013000000000000001,1.3742601367994212e-07,0.014981737360358238,0.1712220162153244,4.131323294132017e-06,0.9011433720588684,90981.95966033996
21,bert.encoder.layer.5.attention.self.key,key,0.03289693966507912,0.013000000000000001,1.2569509522109001e-07,0.016512729227542877,0.13595961034297943,3.705030849232571e-06,0.8711683750152588,102960.04503222171
21,bert.encoder.layer.5.attention.self.value,value,0.03493103012442589,0.013000000000000001,2.8099174187445897e-07,0.017140718176960945,0.2915232181549072,6.799164111725986e-06,0.8558688759803772,36261.59770546689
21,bert.encoder.layer.5.attention.output.dense,dense,0.036780793219804764,0.013000000000000001,2.2801954457918328e-07,0.018255120143294334,0.23377445340156555,7.3196811172238085e-06,0.829833984375,75844.72178563353
21,bert.encoder.layer.6.attention.self.query,query,0.02260548621416092,0.013000000000000001,9.59514778742232e-08,0.010488937608897686,0.17074985802173615,2.582885826996062e-06,0.9613850712776184,101798.84007747716
21,bert.encoder.layer.6.attention.self.key,key,0.02502741478383541,0.013000000000000001,8.869769629882285e-08,0.010809616185724735,0.15179288387298584,2.1548369204538176e-06,0.9585639238357544,108292.96290443945
21,bert.encoder.layer.6.attention.self.value,value,0.027176732197403908,0.013000000000000001,3.501466210309445e-07,0.012522171251475811,0.4988110363483429,4.682917278842069e-06,0.95843505859375,30141.039394513387
21,bert.encoder.layer.6.attention.output.dense,dense,0.030885517597198486,0.013000000000000001,1.4776983903175278e-07,0.014475789852440357,0.17481793463230133,4.672805971495109e-06,0.9034355878829956,80714.79055559213
21,bert.encoder.layer.7.attention.self.query,query,0.01995333656668663,0.013000000000000001,1.0732828314985454e-07,0.010070528835058212,0.19259239733219147,2.4565970306866802e-06,0.9603542685508728,81114.62850290393
21,bert.encoder.layer.7.attention.self.key,key,0.023772800341248512,0.013000000000000001,9.537924938740616e-08,0.012480420060455799,0.15013223886489868,2.5817071218625642e-06,0.931396484375,114931.99619990992
21,bert.encoder.layer.7.attention.self.value,value,0.025923890992999077,0.013000000000000001,3.2489973023075436e-07,0.013992859050631523,0.4216357469558716,6.571921403519809e-06,0.9196709394454956,32108.238195604394
21,bert.encoder.layer.7.attention.output.dense,dense,0.02772647887468338,0.013000000000000001,1.818852553014949e-07,0.0145205557346344,0.2080661952495575,4.8845959099708125e-06,0.9010552167892456,53161.07483638768
21,bert.encoder.layer.8.attention.self.query,query,0.019550692290067673,0.013000000000000001,1.0241585357562144e-07,0.010796662420034409,0.18286310136318207,2.3793736545485444e-06,0.9624701738357544,67579.07261764148
21,bert.encoder.layer.8.attention.self.key,key,0.022164709866046906,0.013000000000000001,7.693591896895668e-08,0.012281263247132301,0.11255478858947754,1.8697870700634667e-06,0.9404432773590088,94211.08419615797
21,bert.encoder.layer.8.attention.self.value,value,0.0238060150295496,0.013000000000000001,2.66147878846823e-07,0.01267959363758564,0.38565322756767273,5.739261268900009e-06,0.9396633505821228,32988.0424055857
21,bert.encoder.layer.8.attention.output.dense,dense,0.030633527785539627,0.013000000000000001,2.0713673620775808e-07,0.015873201191425323,0.241998553276062,5.359391707315808e-06,0.8867119550704956,51272.35273962797
21,bert.encoder.layer.9.attention.self.query,query,0.010585837997496128,0.013000000000000001,7.70736807709227e-09,0.0027387517038732767,0.059251055121421814,1.9395973538394173e-07,0.9996405839920044,117902.99231593625
21,bert.encoder.layer.9.attention.self.key,key,0.01288133766502142,0.013000000000000001,5.8246731882150016e-09,0.0037295501679182053,0.04044950753450394,1.7338263091914996e-07,0.9977688193321228,164294.18418430554
21,bert.encoder.layer.9.attention.self.value,value,0.01873088628053665,0.013000000000000001,2.0530265487650468e-07,0.008515404537320137,0.4450224041938782,3.868549811159028e-06,0.9845241904258728,28964.914669003585
21,bert.encoder.layer.9.attention.output.dense,dense,0.026359466835856438,0.013000000000000001,1.0840959419056162e-07,0.012775936163961887,0.15039204061031342,3.368480975041166e-06,0.9298570156097412,72399.57242397877
21,bert.encoder.layer.10.attention.self.query,query,0.009300513193011284,0.013000000000000001,2.029828394256583e-08,0.003002420300617814,0.12309686839580536,3.748982635443099e-07,0.9990912675857544,97303.43664804898
21,bert.encoder.layer.10.attention.self.key,key,0.008766083978116512,0.013000000000000001,1.4406310810954892e-08,0.0025971869472414255,0.09673938155174255,2.7231286026108137e-07,0.9995930790901184,111462.11206658067
21,bert.encoder.layer.10.attention.self.value,value,0.013804133050143719,0.013000000000000001,1.2192565179702797e-07,0.00629827007651329,0.33397889137268066,1.7533280924908468e-06,0.9934556484222412,42746.89233805001
21,bert.encoder.layer.10.attention.output.dense,dense,0.020953074097633362,0.013000000000000001,5.2985690501827776e-08,0.009793216362595558,0.10852847993373871,1.497862172072928e-06,0.9666544795036316,98008.61766879543
21,bert.encoder.layer.11.attention.self.query,query,0.01374664343893528,0.013000000000000001,3.9261330186946e-08,0.0066872453317046165,0.10264727473258972,8.245082767643908e-07,0.9838392734527588,109896.53078477053
21,bert.encoder.layer.11.attention.self.key,key,0.011235157959163189,0.013000000000000001,2.7335769203773452e-08,0.004808098543435335,0.12482065707445145,6.557963843079051e-07,0.9956800937652588,127892.71959400168
21,bert.encoder.layer.11.attention.self.value,value,0.01348999235779047,0.013000000000000001,1.1372347330507182e-07,0.006314205937087536,0.33569303154945374,1.7392090967405238e-06,0.9944118857383728,51733.68327690408
21,bert.encoder.layer.11.attention.output.dense,dense,0.021819278597831726,0.013000000000000001,5.9295931720271255e-08,0.009959087707102299,0.08604322373867035,1.4830283134870115e-06,0.9637451171875,100057.93934157243
22,bert.encoder.layer.0.attention.self.query,query,0.02640451490879059,0.012833333333333334,6.868394564207847e-08,0.013882406055927277,0.09304694086313248,2.3312984467338538e-06,0.9207356572151184,146383.39172165506
22,bert.encoder.layer.0.attention.self.key,key,0.02841232530772686,0.012833333333333334,6.686636311314942e-08,0.015066849999129772,0.08949189633131027,2.3227057681651786e-06,0.8944973349571228,162276.28008602478
22,bert.encoder.layer.0.attention.self.value,value,0.029663309454917908,0.012833333333333334,1.755726231067456e-07,0.015121644362807274,0.21530675888061523,5.595344191533513e-06,0.8856947422027588,75029.94338704478
22,bert.encoder.layer.0.attention.output.dense,dense,0.03279998153448105,0.012833333333333334,1.9066438028403354e-07,0.017028244212269783,0.19484208524227142,5.937903551966883e-06,0.8497585654258728,79838.16538597536
22,bert.encoder.layer.1.attention.self.query,query,0.02906198799610138,0.012833333333333334,8.862640754614404e-08,0.014251661486923695,0.11862791329622269,2.7495852918946184e-06,0.9068942666053772,125571.68326031121
22,bert.encoder.layer.1.attention.self.key,key,0.028637731447815895,0.012833333333333334,7.888149866630556e-08,0.013756277970969677,0.11342678219079971,2.39310929828207e-06,0.9141845703125,139002.3079473983
22,bert.encoder.layer.1.attention.self.value,value,0.027471544221043587,0.012833333333333334,2.859553092093847e-07,0.014168741181492805,0.3620243966579437,5.8585769693308976e-06,0.9185994267463684,41026.31627446337
22,bert.encoder.layer.1.attention.output.dense,dense,0.03363968804478645,0.012833333333333334,1.7385525552526815e-07,0.016695672646164894,0.1916392296552658,5.742773282690905e-06,0.8557400107383728,82688.69900886461
22,bert.encoder.layer.2.attention.self.query,query,0.025629866868257523,0.012833333333333334,9.065766448657087e-08,0.013213218189775944,0.12603047490119934,2.634413249325007e-06,0.9271511435508728,118336.32556539506
22,bert.encoder.layer.2.attention.self.key,key,0.027426842600107193,0.012833333333333334,8.242926696766517e-08,0.01361674815416336,0.10946688055992126,2.465413672325667e-06,0.9195488691329956,139895.5479973208
22,bert.encoder.layer.2.attention.self.value,value,0.03188394382596016,0.012833333333333334,3.25725210359451e-07,0.015902139246463776,0.38123735785484314,7.2350489972450305e-06,0.8915269374847412,44307.32113233344
22,bert.encoder.layer.2.attention.output.dense,dense,0.036737360060214996,0.012833333333333334,2.3195295284494932e-07,0.018373385071754456,0.24117471277713776,7.81594371801475e-06,0.8215603232383728,72910.7178710598
22,bert.encoder.layer.3.attention.self.query,query,0.027450650930404663,0.012833333333333334,1.021568749592916e-07,0.013559544458985329,0.14572134613990784,3.4204770145151997e-06,0.9155341386795044,95349.99304700398
22,bert.encoder.layer.3.attention.self.key,key,0.030698038637638092,0.012833333333333334,1.025282259092819e-07,0.015589226968586445,0.11987079679965973,2.907324869738659e-06,0.8863593339920044,110015.4439489008
22,bert.encoder.layer.3.attention.self.value,value,0.035038284957408905,0.012833333333333334,3.414819502722821e-07,0.018590781837701797,0.33330774307250977,8.559976777178235e-06,0.8377549648284912,46344.05394301979
22,bert.encoder.layer.3.attention.output.dense,dense,0.038151029497385025,0.012833333333333334,2.757563208888314e-07,0.019387919455766678,0.24878324568271637,8.097316822386347e-06,0.7985568642616272,67583.10764007056
22,bert.encoder.layer.4.attention.self.query,query,0.028262149542570114,0.012833333333333334,1.306561756564406e-07,0.014637159183621407,0.1719679832458496,3.6586393434845377e-06,0.9047715663909912,106843.47589237007
22,bert.encoder.layer.4.attention.self.key,key,0.030121447518467903,0.012833333333333334,1.2041482477798127e-07,0.01555735245347023,0.14147460460662842,2.9943289518996608e-06,0.8977729082107544,123538.66544493072
22,bert.encoder.layer.4.attention.self.value,value,0.03298264369368553,0.012833333333333334,3.519299411891552e-07,0.017598923295736313,0.3555597960948944,7.647638994967565e-06,0.8722059726715088,47921.789341420124
22,bert.encoder.layer.4.attention.output.dense,dense,0.03533981740474701,0.012833333333333334,2.5222482236131327e-07,0.019013216719031334,0.2365887463092804,7.563366125395987e-06,0.8147447109222412,66335.01292335587
22,bert.encoder.layer.5.attention.self.query,query,0.02763804793357849,0.012833333333333334,1.3349729499623209e-07,0.014579112641513348,0.15848949551582336,4.057981641381048e-06,0.90423583984375,93565.42279701655
22,bert.encoder.layer.5.attention.self.key,key,0.03202711418271065,0.012833333333333334,1.2313759611970454e-07,0.016345340758562088,0.13228149712085724,3.6385147268447326e-06,0.8750203251838684,105924.43624794336
22,bert.encoder.layer.5.attention.self.value,value,0.03405116870999336,0.012833333333333334,2.832624943494011e-07,0.01677241176366806,0.3095538020133972,7.223612556117587e-06,0.8653632402420044,36936.73972069546
22,bert.encoder.layer.5.attention.output.dense,dense,0.0356215164065361,0.012833333333333334,2.3405054605518671e-07,0.01765718124806881,0.2338278740644455,6.8784115683229174e-06,0.84368896484375,74992.14365687872
22,bert.encoder.layer.6.attention.self.query,query,0.021739652380347252,0.012833333333333334,9.422114288781813e-08,0.010032103396952152,0.17833848297595978,2.451405862302636e-06,0.9667222499847412,102345.44808908537
22,bert.encoder.layer.6.attention.self.key,key,0.023727327585220337,0.012833333333333334,8.303995002734155e-08,0.01034591719508171,0.14327974617481232,1.95024495042162e-06,0.9632161259651184,111099.75025382369
22,bert.encoder.layer.6.attention.self.value,value,0.026195239275693893,0.012833333333333334,3.421158396577084e-07,0.012164796702563763,0.5146941542625427,4.47166303274571e-06,0.9638807773590088,30371.32260725781
22,bert.encoder.layer.6.attention.output.dense,dense,0.0298009030520916,0.012833333333333334,1.3205870175170276e-07,0.013814223930239677,0.1742129921913147,4.286945113562979e-06,0.9138590693473816,82149.49496510612
22,bert.encoder.layer.7.attention.self.query,query,0.019271578639745712,0.012833333333333334,9.340570272797777e-08,0.00956326350569725,0.16397535800933838,2.263287342429976e-06,0.9659966230392456,81073.82074864475
22,bert.encoder.layer.7.attention.self.key,key,0.022944997996091843,0.012833333333333334,8.714477672810972e-08,0.01202548760920763,0.13218910992145538,2.3897603114164667e-06,0.9363674521446228,113435.50114406679
22,bert.encoder.layer.7.attention.self.value,value,0.02530081942677498,0.012833333333333334,2.960057088330359e-07,0.013635944575071335,0.3966875672340393,6.075199053157121e-06,0.9243232011795044,32521.743105073474
22,bert.encoder.layer.7.attention.output.dense,dense,0.027271678671240807,0.012833333333333334,1.7581905353836191e-07,0.014302016235888004,0.2184639275074005,5.257937118585687e-06,0.9058159589767456,53671.64566517759
22,bert.encoder.layer.8.attention.self.query,query,0.018523788079619408,0.012833333333333334,9.492146091361064e-08,0.010246464051306248,0.13596400618553162,2.3513362066296395e-06,0.9665052890777588,68335.25833033971
22,bert.encoder.layer.8.attention.self.key,key,0.020765723660588264,0.012833333333333334,7.42773167416999e-08,0.011639587581157684,0.12080562114715576,1.8916216504294425e-06,0.9471164345741272,94294.98986741625
22,bert.encoder.layer.8.attention.self.value,value,0.022517407312989235,0.012833333333333334,2.510411150069558e-07,0.012092235498130322,0.37776362895965576,5.657030669681262e-06,0.9461330771446228,33476.58960374462
22,bert.encoder.layer.8.attention.output.dense,dense,0.029483119025826454,0.012833333333333334,2.043325508793714e-07,0.015434984117746353,0.21988894045352936,4.910371444566408e-06,0.8939073085784912,52487.81843266516
22,bert.encoder.layer.9.attention.self.query,query,0.009964770637452602,0.012833333333333334,6.303116251160645e-09,0.002520750742405653,0.04830504208803177,1.4499715916826972e-07,0.9997694492340088,118332.57534151994
22,bert.encoder.layer.9.attention.self.key,key,0.012361396104097366,0.012833333333333334,5.325955676482863e-09,0.00379736814647913,0.03217148035764694,2.0184519655686017e-07,0.9974636435508728,165451.0933873011
22,bert.encoder.layer.9.attention.self.value,value,0.0178938377648592,0.012833333333333334,1.8356379882789042e-07,0.00800296850502491,0.4151037335395813,3.3969897685892647e-06,0.9878947138786316,29329.34232043745
22,bert.encoder.layer.9.attention.output.dense,dense,0.025940872728824615,0.012833333333333334,1.0765886315766693e-07,0.012487734667956829,0.1605565845966339,3.2102516343002208e-06,0.9323391318321228,75179.19081284355
22,bert.encoder.layer.10.attention.self.query,query,0.008135472424328327,0.012833333333333334,6.845085387396921e-09,0.002388300374150276,0.03441102057695389,9.307606063657659e-08,0.9996337890625,97259.10966839641
22,bert.encoder.layer.10.attention.self.key,key,0.007872698828577995,0.012833333333333334,5.088077070780628e-09,0.0020943479612469673,0.03262428194284439,8.289741515454807e-08,0.9997965693473816,111743.88696652926
22,bert.encoder.layer.10.attention.self.value,value,0.012837340123951435,0.012833333333333334,1.312452724278046e-07,0.0061684404499828815,0.3822092115879059,1.9775641248998e-06,0.9937608242034912,43532.421688702845
22,bert.encoder.layer.10.attention.output.dense,dense,0.02049851603806019,0.012833333333333334,5.895231325325767e-08,0.009748240001499653,0.09656427800655365,1.4158727026369888e-06,0.9674072265625,100027.060269418
22,bert.encoder.layer.11.attention.self.query,query,0.011521898210048676,0.012833333333333334,2.8534650198253075e-08,0.005711251869797707,0.11226974427700043,5.052844471720164e-07,0.9887966513633728,110860.15251582945
22,bert.encoder.layer.11.attention.self.key,key,0.008830741979181767,0.012833333333333334,1.8466352003088105e-08,0.0040000551380217075,0.0768011063337326,3.1876507478045824e-07,0.9975382685661316,128985.45207589699
22,bert.encoder.layer.11.attention.self.value,value,0.012089818716049194,0.012833333333333334,1.2739397448058298e-07,0.005929399281740189,0.40740033984184265,1.8403911781206261e-06,0.9959309697151184,52646.99628231577
22,bert.encoder.layer.11.attention.output.dense,dense,0.020521972328424454,0.012833333333333334,6.366271776414578e-08,0.00967518799006939,0.10826766490936279,1.1908153965123347e-06,0.9666815996170044,101879.59677304422
23,bert.encoder.layer.0.attention.self.query,query,0.028112143278121948,0.012666666666666666,9.363625252944985e-08,0.014930183067917824,0.10494674742221832,2.9799764433846576e-06,0.9009806513786316,145384.9425424243
23,bert.encoder.layer.0.attention.self.key,key,0.030788404867053032,0.012666666666666666,9.362418751379664e-08,0.016521291807293892,0.10871312022209167,3.07955929201853e-06,0.8668280839920044,160370.48307692268
23,bert.encoder.layer.0.attention.self.value,value,0.03143829107284546,0.012666666666666666,2.2993287984718336e-07,0.016034549102187157,0.26423266530036926,6.444871360145044e-06,0.869140625,73899.71364714195
23,bert.encoder.layer.0.attention.output.dense,dense,0.03451889753341675,0.012666666666666666,2.139714752047439e-07,0.018030455335974693,0.2166433483362198,6.87697638568352e-06,0.83184814453125,80205.46490407677
23,bert.encoder.layer.1.attention.self.query,query,0.030848095193505287,0.012666666666666666,1.1487370699114763e-07,0.015234565362334251,0.13700427114963531,3.378226210770663e-06,0.88916015625,126705.75765689083
23,bert.encoder.layer.1.attention.self.key,key,0.030541421845555305,0.012666666666666666,1.0323684307422809e-07,0.015136457979679108,0.13340066373348236,3.1238732844940387e-06,0.8935072422027588,141653.17179638828
23,bert.encoder.layer.1.attention.self.value,value,0.029405197128653526,0.012666666666666666,3.6113681289862143e-07,0.01546732522547245,0.4060934782028198,6.908395789650967e-06,0.8994343876838684,42171.91544052096
23,bert.encoder.layer.1.attention.output.dense,dense,0.03551306948065758,0.012666666666666666,1.9761621672387264e-07,0.017583467066287994,0.19633501768112183,6.534920885314932e-06,0.8383857011795044,83998.63516238488
23,bert.encoder.layer.2.attention.self.query,query,0.02712128683924675,0.012666666666666666,1.1225473173226419e-07,0.01418192870914936,0.1407168060541153,3.2386542443418875e-06,0.9136216640472412,118066.25449429698
23,bert.encoder.layer.2.attention.self.key,key,0.02925507165491581,0.012666666666666666,9.78923111460972e-08,0.014904117211699486,0.1277690976858139,2.9311047455848893e-06,0.8974880576133728,140922.2612703971
23,bert.encoder.layer.2.attention.self.value,value,0.03368399292230606,0.012666666666666666,3.4451215924491407e-07,0.01666007749736309,0.3720282316207886,7.878431460994761e-06,0.8773125410079956,44574.671257433496
23,bert.encoder.layer.2.attention.output.dense,dense,0.038530535995960236,0.012666666666666666,2.3346598254647688e-07,0.019111311063170433,0.21244968473911285,7.041838216537144e-06,0.8070746660232544,73267.39713134874
23,bert.encoder.layer.3.attention.self.query,query,0.028832754120230675,0.012666666666666666,1.0800533090105091e-07,0.01438010111451149,0.13144582509994507,3.563914788173861e-06,0.9002956748008728,96812.12845442435
23,bert.encoder.layer.3.attention.self.key,key,0.03238131105899811,0.012666666666666666,1.0585192455891956e-07,0.016491809859871864,0.10927960276603699,3.0996493478596676e-06,0.8671942949295044,110758.65427988229
23,bert.encoder.layer.3.attention.self.value,value,0.03649422526359558,0.012666666666666666,3.800517447416496e-07,0.019262634217739105,0.3578875660896301,9.311081157648005e-06,0.8286336064338684,47016.38155334087
23,bert.encoder.layer.3.attention.output.dense,dense,0.03999270871281624,0.012666666666666666,2.8237178639756166e-07,0.020339947193861008,0.25794363021850586,9.486635462963022e-06,0.7810329794883728,68023.24743606852
23,bert.encoder.layer.4.attention.self.query,query,0.029599392786622047,0.012666666666666666,1.2407635097133607e-07,0.01509859599173069,0.1473119705915451,3.354948830747162e-06,0.8970811367034912,105633.4373953999
23,bert.encoder.layer.4.attention.self.key,key,0.03160597383975983,0.012666666666666666,1.1763755480842519e-07,0.01586494967341423,0.14136682450771332,3.1280869734473526e-06,0.8920559287071228,121968.22955030478
23,bert.encoder.layer.4.attention.self.value,value,0.03369789198040962,0.012666666666666666,3.318332630897203e-07,0.01752627082169056,0.34399834275245667,6.555349955306156e-06,0.8709580898284912,48165.54209231503
23,bert.encoder.layer.4.attention.output.dense,dense,0.03650845214724541,0.012666666666666666,2.2650942810287233e-07,0.019413433969020844,0.20610176026821136,6.62324646327761e-06,0.8075290322303772,66925.86566814754
23,bert.encoder.layer.5.attention.self.query,query,0.028987957164645195,0.012666666666666666,1.3321934488885745e-07,0.014953025616705418,0.1719430387020111,4.280068878870225e-06,0.8991902470588684,95343.90685853946
23,bert.encoder.layer.5.attention.self.key,key,0.03400817885994911,0.012666666666666666,1.2849015718074952e-07,0.016952721402049065,0.13925857841968536,3.6214280498825246e-06,0.8648274540901184,108552.78706650324
23,bert.encoder.layer.5.attention.self.value,value,0.03559282049536705,0.012666666666666666,2.684317053081031e-07,0.01728443242609501,0.27532199025154114,7.041663593554404e-06,0.8521525263786316,37651.753223576954
23,bert.encoder.layer.5.attention.output.dense,dense,0.037216074764728546,0.012666666666666666,2.2876204752719786e-07,0.018232593312859535,0.22707214951515198,7.047354301903397e-06,0.8306884765625,75638.73456436093
23,bert.encoder.layer.6.attention.self.query,query,0.02268250286579132,0.012666666666666666,9.572728743023617e-08,0.010503902100026608,0.1847350001335144,2.851410499715712e-06,0.9628974199295044,101430.47807788584
23,bert.encoder.layer.6.attention.self.key,key,0.02512335404753685,0.012666666666666666,9.331774464271803e-08,0.01084182970225811,0.14397333562374115,2.0196046079945518e-06,0.9590861201286316,109381.57812659066
23,bert.encoder.layer.6.attention.self.value,value,0.027644246816635132,0.012666666666666666,3.48031619523681e-07,0.01294719148427248,0.4954519271850586,5.025024620408658e-06,0.9526638388633728,30502.241265694356
23,bert.encoder.layer.6.attention.output.dense,dense,0.030940314754843712,0.012666666666666666,1.503976676531238e-07,0.014328635297715664,0.16654549539089203,4.176878064754419e-06,0.9041069746017456,82428.7125220438
23,bert.encoder.layer.7.attention.self.query,query,0.02005527727305889,0.012666666666666666,1.0333200606282844e-07,0.010072223842144012,0.1879843920469284,2.8517822556750616e-06,0.9608290195465088,84215.93139728908
23,bert.encoder.layer.7.attention.self.key,key,0.02411765791475773,0.012666666666666666,9.910702658544324e-08,0.012660189531743526,0.1413196176290512,2.4614137146272697e-06,0.9285075068473816,116219.51116381558
23,bert.encoder.layer.7.attention.self.value,value,0.026481885462999344,0.012666666666666666,3.1285023283089686e-07,0.01411715243011713,0.3982860743999481,6.18890271653072e-06,0.9176161289215088,32806.33718421484
23,bert.encoder.layer.7.attention.output.dense,dense,0.027981236577033997,0.012666666666666666,1.9180257027073822e-07,0.014563331380486488,0.2206145077943802,5.132417754794005e-06,0.9010823369026184,53885.799684262
23,bert.encoder.layer.8.attention.self.query,query,0.019060280174016953,0.012666666666666666,1.0700554042841759e-07,0.010617485269904137,0.1479155272245407,2.32333741223556e-06,0.9635891318321228,69043.53000221195
23,bert.encoder.layer.8.attention.self.key,key,0.02207033522427082,0.012666666666666666,9.174369353104339e-08,0.012197096832096577,0.12436985224485397,2.1747773644165136e-06,0.93939208984375,95699.4423981817
23,bert.encoder.layer.8.attention.self.value,value,0.02371479570865631,0.012666666666666666,2.5323447516711894e-07,0.012554123997688293,0.3637183904647827,5.289303771860432e-06,0.9403144121170044,33869.354844622496
23,bert.encoder.layer.8.attention.output.dense,dense,0.030400101095438004,0.012666666666666666,1.8868118445425353e-07,0.0158899687230587,0.21996594965457916,5.269559551379643e-06,0.8874647617340088,53205.59329839695
23,bert.encoder.layer.9.attention.self.query,query,0.01035752147436142,0.012666666666666666,7.805063262367185e-09,0.0027078818529844284,0.06221282109618187,1.9553162644569966e-07,0.99969482421875,118955.53560788067
23,bert.encoder.layer.9.attention.self.key,key,0.012971070595085621,0.012666666666666666,6.456562839929347e-09,0.003952146973460913,0.0004860764311160892,7.397829904220998e-08,0.9973415732383728,166045.230102227
23,bert.encoder.layer.9.attention.self.value,value,0.01854659430682659,0.012666666666666666,1.8536854895501165e-07,0.008411610499024391,0.4232078790664673,3.868447038257727e-06,0.9844496250152588,29787.665945152818
23,bert.encoder.layer.9.attention.output.dense,dense,0.026560893282294273,0.012666666666666666,1.0346588652510036e-07,0.012814992107450962,0.1380770355463028,3.0067194529692642e-06,0.9291449785232544,76800.17363621944
23,bert.encoder.layer.10.attention.self.query,query,0.006856146734207869,0.012666666666666666,6.098726412773203e-09,0.00219144718721509,0.07800567895174026,1.6111080469727312e-07,0.9997219443321228,97661.48596912368
23,bert.encoder.layer.10.attention.self.key,key,0.007108303252607584,0.012666666666666666,5.517580614622375e-09,0.0019773843232542276,0.05169675126671791,1.0643205428095825e-07,0.9998100996017456,112510.21909990849
23,bert.encoder.layer.10.attention.self.value,value,0.01262969896197319,0.012666666666666666,1.3107624852182198e-07,0.00628046365454793,0.41047564148902893,2.2649144284514477e-06,0.9930148720741272,44147.976286851335
23,bert.encoder.layer.10.attention.output.dense,dense,0.020448796451091766,0.012666666666666666,5.838660754875491e-08,0.010035622864961624,0.11964559555053711,1.8618005697135231e-06,0.9637112021446228,101274.84919483832
23,bert.encoder.layer.11.attention.self.query,query,0.010244200006127357,0.012666666666666666,2.479488259155005e-08,0.004688133951276541,0.11932838708162308,4.607897778896586e-07,0.9929538369178772,111855.79973551797
23,bert.encoder.layer.11.attention.self.key,key,0.00784016028046608,0.012666666666666666,2.1126133731286245e-08,0.003324278397485614,0.11992871016263962,3.541325099831738e-07,0.9986029863357544,129224.06601595935
23,bert.encoder.layer.11.attention.self.value,value,0.011702503077685833,0.012666666666666666,1.0412605888632243e-07,0.005512229632586241,0.34585797786712646,1.4648537671746453e-06,0.996826171875,52972.26044870207
23,bert.encoder.layer.11.attention.output.dense,dense,0.020411763340234756,0.012666666666666666,4.633961836475464e-08,0.009741950780153275,0.1041872575879097,1.290841737500159e-06,0.9658271074295044,104569.96345749756
24,bert.encoder.layer.0.attention.self.query,query,0.029035218060016632,0.0125,9.226108232951447e-08,0.015216026455163956,0.09862548857927322,2.725379545154283e-06,0.8970065712928772,142797.45880539546
24,bert.encoder.layer.0.attention.self.key,key,0.031365782022476196,0.0125,8.945762175471828e-08,0.01674726977944374,0.09578319638967514,2.737680006248411e-06,0.8651801347732544,159026.74451337612
24,bert.encoder.layer.0.attention.self.value,value,0.032141316682100296,0.0125,2.1392776261563995e-07,0.0164276584982872,0.24392332136631012,6.2226217778516e-06,0.8604261875152588,72606.94176127782
24,bert.encoder.layer.0.attention.output.dense,dense,0.03566904738545418,0.0125,2.1209427814028459e-07,0.018608393147587776,0.21748220920562744,7.108077170414617e-06,0.8173149824142456,80143.94665612589
24,bert.encoder.layer.1.attention.self.query,query,0.032157495617866516,0.0125,1.220181218286598e-07,0.015671677887439728,0.13117483258247375,3.470466026556096e-06,0.8809136152267456,127218.35026784668
24,bert.encoder.layer.1.attention.self.key,key,0.03209655359387398,0.0125,1.1236282659865537e-07,0.015770962461829185,0.13253313302993774,3.3976405120483832e-06,0.8829616904258728,141282.24344056848
24,bert.encoder.layer.1.attention.self.value,value,0.030536096543073654,0.0125,3.371806087670848e-07,0.015837490558624268,0.37528273463249207,7.07950994183193e-06,0.8898179531097412,43006.522286766514
24,bert.encoder.layer.1.attention.output.dense,dense,0.036877866834402084,0.0125,2.1592076393517345e-07,0.018478775396943092,0.21668489277362823,7.312329216802027e-06,0.8208075761795044,84380.90870127216
24,bert.encoder.layer.2.attention.self.query,query,0.02789728157222271,0.0125,1.0696398788923034e-07,0.014550326392054558,0.1410563588142395,3.0690264338772977e-06,0.9065890908241272,119189.42294864763
24,bert.encoder.layer.2.attention.self.key,key,0.03060321696102619,0.0125,9.548148227622733e-08,0.015219971537590027,0.12141592800617218,2.824745934049133e-06,0.8917778730392456,142873.68017126512
24,bert.encoder.layer.2.attention.self.value,value,0.034656427800655365,0.0125,3.6267036307435774e-07,0.01745917834341526,0.37647390365600586,8.38860978547018e-06,0.8642035722732544,44668.81474559554
24,bert.encoder.layer.2.attention.output.dense,dense,0.03953556716442108,0.0125,2.448643385832838e-07,0.01975080743432045,0.22737260162830353,7.694250598433428e-06,0.7948744297027588,72929.36934779277
24,bert.encoder.layer.3.attention.self.query,query,0.029225336387753487,0.0125,1.1400467059274888e-07,0.014502245001494884,0.1399567425251007,3.4513759601395577e-06,0.8983561396598816,97251.34329011403
24,bert.encoder.layer.3.attention.self.key,key,0.03340868651866913,0.0125,1.1353132833846757e-07,0.016976332291960716,0.12691915035247803,3.4721920201263856e-06,0.8595173954963684,111764.097763188
24,bert.encoder.layer.3.attention.self.value,value,0.03795161098241806,0.0125,3.9440277532776236e-07,0.02020307257771492,0.36375924944877625,9.758564374351408e-06,0.8117404580116272,47137.986994532956
24,bert.encoder.layer.3.attention.output.dense,dense,0.041422612965106964,0.0125,2.9253925504235667e-07,0.021023347973823547,0.23334409296512604,8.728693501325324e-06,0.7648383378982544,67717.54127604059
24,bert.encoder.layer.4.attention.self.query,query,0.030166439712047577,0.0125,1.2771954516210826e-07,0.015373549424111843,0.16545714437961578,3.50764184986474e-06,0.8939480185508728,105393.94284254691
24,bert.encoder.layer.4.attention.self.key,key,0.03250317648053169,0.0125,1.151899766682618e-07,0.016518864780664444,0.14071562886238098,3.254796183682629e-06,0.8862779140472412,123693.79114114052
24,bert.encoder.layer.4.attention.self.value,value,0.03481045365333557,0.0125,3.6766923017239606e-07,0.018344884738326073,0.3776276111602783,8.062586857704446e-06,0.8613417148590088,48894.58316819942
24,bert.encoder.layer.4.attention.output.dense,dense,0.037595659494400024,0.0125,2.3556545158953668e-07,0.019959522411227226,0.2310531884431839,7.632635060872417e-06,0.7964680790901184,67155.62591382767
24,bert.encoder.layer.5.attention.self.query,query,0.0298206377774477,0.0125,1.4447012119944702e-07,0.015540393069386482,0.16593049466609955,4.292028734198539e-06,0.8893025517463684,95833.48055202422
24,bert.encoder.layer.5.attention.self.key,key,0.035012971609830856,0.0125,1.4463464026448491e-07,0.01762615330517292,0.15620245039463043,4.295003236620687e-06,0.8518202304840088,109973.47532864744
24,bert.encoder.layer.5.attention.self.value,value,0.03681113198399544,0.0125,3.034133442270104e-07,0.018022596836090088,0.298225462436676,7.574426945211599e-06,0.8401150107383728,38414.530990323314
24,bert.encoder.layer.5.attention.output.dense,dense,0.038012973964214325,0.0125,2.3039972063543246e-07,0.018612384796142578,0.22788511216640472,7.356526566582033e-06,0.8198581337928772,75955.48468754321
24,bert.encoder.layer.6.attention.self.query,query,0.02338610216975212,0.0125,9.727929750624753e-08,0.011084701865911484,0.14237967133522034,2.6117659217561595e-06,0.9551594853401184,99968.02690997772
24,bert.encoder.layer.6.attention.self.key,key,0.026239832863211632,0.0125,9.336095985190696e-08,0.011592676863074303,0.15371231734752655,2.4777277758403216e-06,0.9491916298866272,106317.42964462031
24,bert.encoder.layer.6.attention.self.value,value,0.02850230410695076,0.0125,3.5249860275143874e-07,0.013271749019622803,0.4648340940475464,5.032083208789118e-06,0.9445529580116272,30405.044352318484
24,bert.encoder.layer.6.attention.output.dense,dense,0.03189540281891823,0.0125,1.5774334372054e-07,0.014989142306149006,0.18923617899417877,4.9809837037173565e-06,0.8934800624847412,83153.13497836173
24,bert.encoder.layer.7.attention.self.query,query,0.020656445994973183,0.0125,1.0111509141097486e-07,0.01011587493121624,0.1682610809803009,2.646408802320366e-06,0.9607883095741272,86139.05489095282
24,bert.encoder.layer.7.attention.self.key,key,0.02497274987399578,0.0125,9.430467429183409e-08,0.012921217828989029,0.1190437376499176,2.30729119721218e-06,0.9255778193473816,117570.59890349208
24,bert.encoder.layer.7.attention.self.value,value,0.026951782405376434,0.0125,3.050357122447167e-07,0.014271327294409275,0.38423478603363037,6.421310445148265e-06,0.9138929843902588,33109.89322724667
24,bert.encoder.layer.7.attention.output.dense,dense,0.028475262224674225,0.0125,2.030443795320025e-07,0.014935705810785294,0.25097399950027466,5.725368737330427e-06,0.8959553837776184,53900.747659474524
24,bert.encoder.layer.8.attention.self.query,query,0.019182497635483742,0.0125,9.07961350549158e-08,0.010770021006464958,0.16250376403331757,2.3921754745970247e-06,0.9623345136642456,68982.29240871263
24,bert.encoder.layer.8.attention.self.key,key,0.02173643745481968,0.0125,6.81209399999716e-08,0.012055049650371075,0.09415613114833832,1.7236473013326759e-06,0.94158935546875,95725.4511888676
24,bert.encoder.layer.8.attention.self.value,value,0.023473791778087616,0.0125,2.399106335815304e-07,0.012510102242231369,0.3643489480018616,5.3890980780124664e-06,0.9415486454963684,34266.52624109331
24,bert.encoder.layer.8.attention.output.dense,dense,0.02993866242468357,0.0125,1.868077248445843e-07,0.015518011525273323,0.19614385068416595,5.0478970479161944e-06,0.8891669511795044,54256.61044731142
24,bert.encoder.layer.9.attention.self.query,query,0.010295295156538486,0.0125,9.358495312028481e-09,0.002630187664180994,0.07601341605186462,2.110745214167764e-07,0.9998236894607544,120465.0501864362
24,bert.encoder.layer.9.attention.self.key,key,0.013021588325500488,0.0125,8.373788773496926e-09,0.004065433517098427,0.031151628121733665,2.0478084650221717e-07,0.9971991777420044,169987.063421569
24,bert.encoder.layer.9.attention.self.value,value,0.018597746267914772,0.0125,1.9946227780565096e-07,0.008649933151900768,0.45453059673309326,4.1909629544534255e-06,0.98284912109375,30427.049767542936
24,bert.encoder.layer.9.attention.output.dense,dense,0.026833636686205864,0.0125,1.09199760345291e-07,0.012890671379864216,0.1503099650144577,2.7489211333886487e-06,0.9277479648590088,77971.1483100819
24,bert.encoder.layer.10.attention.self.query,query,0.006890231743454933,0.0125,7.403140767081595e-09,0.0021227155812084675,0.07992153614759445,1.9716406995939906e-07,0.9998372197151184,97248.89749151169
24,bert.encoder.layer.10.attention.self.key,key,0.007067052181810141,0.0125,5.776306988281021e-09,0.0020070259924978018,0.06102261319756508,1.2300802154641133e-07,0.9998711347579956,112003.67493235802
24,bert.encoder.layer.10.attention.self.value,value,0.012432031333446503,0.0125,1.3314281943621609e-07,0.0061403848230838776,0.3988458216190338,2.000313770622597e-06,0.9932929277420044,44702.23379147421
24,bert.encoder.layer.10.attention.output.dense,dense,0.020468318834900856,0.0125,6.04942727022717e-08,0.00993332639336586,0.08472899347543716,1.3939238669991028e-06,0.9651896357536316,103397.54474270734
24,bert.encoder.layer.11.attention.self.query,query,0.009457482025027275,0.0125,2.8534525853274317e-08,0.004447063896805048,0.12134622782468796,6.557031611009734e-07,0.9943644404411316,113969.46164589864
24,bert.encoder.layer.11.attention.self.key,key,0.007415818981826305,0.0125,1.9632402370461932e-08,0.0035236445255577564,0.11310269683599472,4.4209556904206693e-07,0.99853515625,131631.189455625
24,bert.encoder.layer.11.attention.self.value,value,0.011574703268706799,0.0125,1.2669717364133248e-07,0.005870223511010408,0.41031110286712646,1.9374003841221565e-06,0.9961208701133728,53023.685347274666
24,bert.encoder.layer.11.attention.output.dense,dense,0.020237207412719727,0.0125,5.9379097194778296e-08,0.009756026789546013,0.075702004134655,1.3530877822631737e-06,0.9655558466911316,105362.21122033412
25,bert.encoder.layer.0.attention.self.query,query,0.03175627067685127,0.012333333333333335,1.2559119966226717e-07,0.016962409019470215,0.140306293964386,3.975539129896788e-06,0.8654310703277588,143569.2354900402
25,bert.encoder.layer.0.attention.self.key,key,0.03443155810236931,0.012333333333333335,1.1282580203442194e-07,0.018539685755968094,0.11922041326761246,3.8048860915296245e-06,0.8317057490348816,159138.02816573484
25,bert.encoder.layer.0.attention.self.value,value,0.03529471158981323,0.012333333333333335,2.6771175498652156e-07,0.018054058775305748,0.2712612748146057,7.752192686893977e-06,0.82769775390625,74848.72109667253
25,bert.encoder.layer.0.attention.output.dense,dense,0.039623647928237915,0.012333333333333335,2.7150198889103194e-07,0.02059723250567913,0.24154986441135406,8.956668352766428e-06,0.7781440019607544,80946.48755834307
25,bert.encoder.layer.1.attention.self.query,query,0.03558049723505974,0.012333333333333335,1.6906633959479223e-07,0.01709619350731373,0.17165127396583557,4.789662852999754e-06,0.8539835810661316,123592.65268954277
25,bert.encoder.layer.1.attention.self.key,key,0.03520091995596886,0.012333333333333335,1.395927711200784e-07,0.016888272017240524,0.1517101526260376,4.1252878872910514e-06,0.8627387285232544,137749.98436924495
25,bert.encoder.layer.1.attention.self.value,value,0.03385410085320473,0.012333333333333335,3.967683142036549e-07,0.01713733561336994,0.4313872456550598,8.563361916458234e-06,0.8706461787223816,43516.69368898205
25,bert.encoder.layer.1.attention.output.dense,dense,0.0401235856115818,0.012333333333333335,2.4755760819061834e-07,0.0197904109954834,0.2344941645860672,8.298310604004655e-06,0.7945963740348816,84381.75647912807
25,bert.encoder.layer.2.attention.self.query,query,0.03012898936867714,0.012333333333333335,1.5508585704537836e-07,0.015929415822029114,0.17450574040412903,4.475078185350867e-06,0.8827582597732544,117346.84818978519
25,bert.encoder.layer.2.attention.self.key,key,0.03352568671107292,0.012333333333333335,1.7375127470131702e-07,0.01737176440656185,0.188224658370018,4.685409294324927e-06,0.85205078125,138538.5182230943
25,bert.encoder.layer.2.attention.self.value,value,0.03729403018951416,0.012333333333333335,4.168867349108041e-07,0.018839742988348007,0.41146308183670044,9.53068501985399e-06,0.8429429531097412,44723.433515475204
25,bert.encoder.layer.2.attention.output.dense,dense,0.04209386929869652,0.012333333333333335,2.65606985294653e-07,0.020872144028544426,0.22818373143672943,8.256231012637727e-06,0.7717353105545044,73176.00222890542
25,bert.encoder.layer.3.attention.self.query,query,0.03117762692272663,0.012333333333333335,1.2709440966318652e-07,0.01518693845719099,0.14928746223449707,4.139742486586329e-06,0.8849961757659912,98160.8769867029
25,bert.encoder.layer.3.attention.self.key,key,0.03532099723815918,0.012333333333333335,1.259867303815554e-07,0.017873471602797508,0.1258791834115982,3.59894124812854e-06,0.8415052890777588,112525.03015311826
25,bert.encoder.layer.3.attention.self.value,value,0.04048779979348183,0.012333333333333335,4.18327545048669e-07,0.02167104370892048,0.3555048108100891,1.133690238930285e-05,0.7846543788909912,47116.49131058691
25,bert.encoder.layer.3.attention.output.dense,dense,0.044139664620161057,0.012333333333333335,3.1452901794182253e-07,0.02235478162765503,0.2421453446149826,9.649738785810769e-06,0.741455078125,67477.59474953069
25,bert.encoder.layer.4.attention.self.query,query,0.031997475773096085,0.012333333333333335,1.4995545427609613e-07,0.01627517119050026,0.168720543384552,3.8055175082263304e-06,0.8802354335784912,107329.35253002442
25,bert.encoder.layer.4.attention.self.key,key,0.034585628658533096,0.012333333333333335,1.3479073857070034e-07,0.01746332086622715,0.11889903247356415,3.020586973434547e-06,0.8708699345588684,124419.35660321104
25,bert.encoder.layer.4.attention.self.value,value,0.03745848312973976,0.012333333333333335,4.2944174083459075e-07,0.019760996103286743,0.3998435437679291,8.942994099925272e-06,0.8433837890625,48589.583262289074
25,bert.encoder.layer.4.attention.output.dense,dense,0.04048103839159012,0.012333333333333335,2.7368960786589014e-07,0.021626265719532967,0.23491419851779938,8.422437531407923e-06,0.7675306797027588,67798.17735931087
25,bert.encoder.layer.5.attention.self.query,query,0.03167509660124779,0.012333333333333335,1.5957688503931422e-07,0.016380392014980316,0.17769938707351685,4.805477146874182e-06,0.87420654296875,94955.74128119987
25,bert.encoder.layer.5.attention.self.key,key,0.0371163971722126,0.012333333333333335,1.5932415919905907e-07,0.018520714715123177,0.16965961456298828,4.944785814586794e-06,0.8354153037071228,108806.37888154463
25,bert.encoder.layer.5.attention.self.value,value,0.039272088557481766,0.012333333333333335,3.368710963513877e-07,0.019247546792030334,0.3265615701675415,9.113494343182538e-06,0.8168742060661316,38769.96137008574
25,bert.encoder.layer.5.attention.output.dense,dense,0.04013076052069664,0.012333333333333335,2.702099379803258e-07,0.01964784786105156,0.2446649670600891,7.950763574626762e-06,0.7992689609527588,75507.86263484164
25,bert.encoder.layer.6.attention.self.query,query,0.02499769628047943,0.012333333333333335,1.1305115776849561e-07,0.011853639967739582,0.1960887312889099,3.509255293465685e-06,0.9461534023284912,103560.62489198765
25,bert.encoder.layer.6.attention.self.key,key,0.028009966015815735,0.012333333333333335,1.0502774472342935e-07,0.012440638616681099,0.1496310979127884,2.686055950107402e-06,0.9384765625,111871.87284367638
25,bert.encoder.layer.6.attention.self.value,value,0.030272196978330612,0.012333333333333335,4.0328731643057836e-07,0.014520390890538692,0.49904224276542664,6.270054655033164e-06,0.9297756552696228,30900.860445742957
25,bert.encoder.layer.6.attention.output.dense,dense,0.03335198014974594,0.012333333333333335,1.7450999223456165e-07,0.01576888933777809,0.19993619620800018,5.433074420579942e-06,0.8805677890777588,83167.794233224
25,bert.encoder.layer.7.attention.self.query,query,0.021898236125707626,0.012333333333333335,1.6155523496763635e-07,0.011085161939263344,0.2795513868331909,3.911621206498239e-06,0.95001220703125,79867.08423956213
25,bert.encoder.layer.7.attention.self.key,key,0.026521217077970505,0.012333333333333335,1.4627291022861755e-07,0.013894626870751381,0.1901622712612152,3.6657261262007523e-06,0.9123874306678772,111033.93430695629
25,bert.encoder.layer.7.attention.self.value,value,0.027844861149787903,0.012333333333333335,3.4200380127913377e-07,0.015042295679450035,0.4124127924442291,7.581819318147609e-06,0.9019639492034912,33236.06775380951
25,bert.encoder.layer.7.attention.output.dense,dense,0.029077831655740738,0.012333333333333335,2.1639310432419734e-07,0.015446044504642487,0.2606862485408783,6.167189894767944e-06,0.888671875,53771.76638243562
25,bert.encoder.layer.8.attention.self.query,query,0.019687939435243607,0.012333333333333335,1.0127207872301369e-07,0.010906780138611794,0.18157808482646942,2.748599172264221e-06,0.9609442949295044,69496.8194438924
25,bert.encoder.layer.8.attention.self.key,key,0.022273123264312744,0.012333333333333335,8.281460139869523e-08,0.012380792759358883,0.11282751709222794,2.1078192276036134e-06,0.9382798671722412,95192.52871848765
25,bert.encoder.layer.8.attention.self.value,value,0.02392559126019478,0.012333333333333335,2.3257221926087368e-07,0.012487689964473248,0.32559719681739807,5.267375854600687e-06,0.9395751953125,34716.25281759355
25,bert.encoder.layer.8.attention.output.dense,dense,0.030613409355282784,0.012333333333333335,1.732604033577445e-07,0.015731211751699448,0.18301378190517426,4.3070613173767924e-06,0.88751220703125,54718.691859443185
25,bert.encoder.layer.9.attention.self.query,query,0.010609341785311699,0.012333333333333335,7.265797741240476e-09,0.002794539090245962,0.0721050351858139,2.1567721830706432e-07,0.9997151494026184,121301.85371889648
25,bert.encoder.layer.9.attention.self.key,key,0.012997017242014408,0.012333333333333335,5.875144371003671e-09,0.003978066146373749,0.013121532276272774,7.089436593332721e-08,0.9972670078277588,171702.71722210097
25,bert.encoder.layer.9.attention.self.value,value,0.018610019236803055,0.012333333333333335,2.062941319991296e-07,0.00850650854408741,0.4192785322666168,3.941100203519454e-06,0.9835137128829956,30407.126430334625
25,bert.encoder.layer.9.attention.output.dense,dense,0.027280012145638466,0.012333333333333335,1.178630384401913e-07,0.013261347077786922,0.21280913054943085,4.465574875212042e-06,0.9239909052848816,78669.93361959432
25,bert.encoder.layer.10.attention.self.query,query,0.00679060909897089,0.012333333333333335,5.913783684974305e-09,0.002020981628447771,0.02870350144803524,1.0005944517388343e-07,0.9998982548713684,97280.45510076865
25,bert.encoder.layer.10.attention.self.key,key,0.006936922669410706,0.012333333333333335,5.284148674178368e-09,0.0020279528107494116,0.07894229143857956,1.0911389836110175e-07,0.9998033046722412,112116.7275255005
25,bert.encoder.layer.10.attention.self.value,value,0.012392232194542885,0.012333333333333335,1.3307607105161878e-07,0.006123288068920374,0.3880901336669922,1.9005043441211456e-06,0.9938490390777588,45588.13119469631
25,bert.encoder.layer.10.attention.output.dense,dense,0.020982012152671814,0.012333333333333335,5.9586248823961796e-08,0.010220467112958431,0.16866301000118256,2.3264665287570097e-06,0.9614800214767456,104691.19026102092
25,bert.encoder.layer.11.attention.self.query,query,0.009143664501607418,0.012333333333333335,1.8040319460510545e-08,0.004174868576228619,0.057148829102516174,2.873983362405852e-07,0.9949204921722412,113953.35123991566
25,bert.encoder.layer.11.attention.self.key,key,0.006932307034730911,0.012333333333333335,1.3400795140228183e-08,0.003010910702869296,0.09100774675607681,2.788158326438861e-07,0.99908447265625,130899.42327286537
25,bert.encoder.layer.11.attention.self.value,value,0.011575525626540184,0.012333333333333335,1.4301009798600717e-07,0.005925092846155167,0.45289334654808044,1.8004385538006318e-06,0.9963718056678772,52362.361333705005
25,bert.encoder.layer.11.attention.output.dense,dense,0.020378287881612778,0.012333333333333335,5.451673601442053e-08,0.009902413003146648,0.09504788368940353,1.61783884777833e-06,0.9640774130821228,106810.98990255511
26,bert.encoder.layer.0.attention.self.query,query,0.030116410925984383,0.012166666666666666,9.346178586611131e-08,0.0158490389585495,0.09878081828355789,3.09706501866458e-06,0.8823649287223816,143769.0871800193
26,bert.encoder.layer.0.attention.self.key,key,0.03244345262646675,0.012166666666666666,9.340465112472884e-08,0.01738671213388443,0.09647968411445618,2.8917211238876916e-06,0.8510674238204956,157917.56331568645
26,bert.encoder.layer.0.attention.self.value,value,0.033483024686574936,0.012166666666666666,2.157925536039329e-07,0.017070170491933823,0.2292691320180893,6.491523890872486e-06,0.8465169072151184,74720.63058106416
26,bert.encoder.layer.0.attention.output.dense,dense,0.037253815680742264,0.012166666666666666,2.3412202665440418e-07,0.01927012763917446,0.21482965350151062,7.476997780031525e-06,0.8029513955116272,80847.3343738606
26,bert.encoder.layer.1.attention.self.query,query,0.03349709510803223,0.012166666666666666,1.1979159353359137e-07,0.016405455768108368,0.13514231145381927,3.5880580071534496e-06,0.8661702275276184,122418.69928434979
26,bert.encoder.layer.1.attention.self.key,key,0.03294908255338669,0.012166666666666666,1.0985914400407637e-07,0.01623550057411194,0.11018306761980057,2.9932771212770604e-06,0.8756374716758728,136444.16400722455
26,bert.encoder.layer.1.attention.self.value,value,0.03162447735667229,0.012166666666666666,3.7889591908424336e-07,0.016734760254621506,0.42632433772087097,7.607190582348267e-06,0.8793470859527588,43951.180982181155
26,bert.encoder.layer.1.attention.output.dense,dense,0.03807181864976883,0.012166666666666666,2.1988803666772583e-07,0.01886053755879402,0.1984289586544037,6.691594535368495e-06,0.8124592900276184,84159.97314529134
26,bert.encoder.layer.2.attention.self.query,query,0.029146218672394753,0.012166666666666666,1.2332168353168527e-07,0.015364240854978561,0.1546316146850586,3.3662563510006294e-06,0.8942124843597412,118423.95418609382
26,bert.encoder.layer.2.attention.self.key,key,0.0315190926194191,0.012166666666666666,1.0667711336509456e-07,0.015880918130278587,0.11584082990884781,3.0943469937483314e-06,0.87884521484375,138649.41984247146
26,bert.encoder.layer.2.attention.self.value,value,0.03649694845080376,0.012166666666666666,4.0301517856278224e-07,0.01834273897111416,0.40565618872642517,9.128278179559857e-06,0.8506062626838684,45142.63611169428
26,bert.encoder.layer.2.attention.output.dense,dense,0.04106622934341431,0.012166666666666666,2.761531447958987e-07,0.020467281341552734,0.25498175621032715,9.174993465421721e-06,0.7814534306526184,72997.34321727502
26,bert.encoder.layer.3.attention.self.query,query,0.030837345868349075,0.012166666666666666,1.3189053049700306e-07,0.015298707410693169,0.1553954780101776,4.047967649967177e-06,0.8824394941329956,98368.64650132977
26,bert.encoder.layer.3.attention.self.key,key,0.034970976412296295,0.012166666666666666,1.318856988063999e-07,0.017764987424016,0.12709355354309082,3.767459020309616e-06,0.8449842929840088,111518.41312089251
26,bert.encoder.layer.3.attention.self.value,value,0.040279123932123184,0.012166666666666666,4.5155286443332443e-07,0.021384529769420624,0.37749040126800537,1.1355691640346777e-05,0.7883029580116272,46770.138737196416
26,bert.encoder.layer.3.attention.output.dense,dense,0.04421153664588928,0.012166666666666666,3.474804373126972e-07,0.022428235039114952,0.27471527457237244,1.1179544344486203e-05,0.7391357421875,66861.85104500841
26,bert.encoder.layer.4.attention.self.query,query,0.03207724541425705,0.012166666666666666,1.520129302434725e-07,0.016433553770184517,0.1511153280735016,3.821062364295358e-06,0.8784382939338684,105886.1341103776
26,bert.encoder.layer.4.attention.self.key,key,0.03442678973078728,0.012166666666666666,1.4453415531079372e-07,0.017247729003429413,0.1541738659143448,3.5338748602953274e-06,0.8740573525428772,122143.93354561816
26,bert.encoder.layer.4.attention.self.value,value,0.037616293877363205,0.012166666666666666,4.60029809801199e-07,0.019550379365682602,0.4244450628757477,9.13119401957374e-06,0.8438991904258728,47703.16960009566
26,bert.encoder.layer.4.attention.output.dense,dense,0.040359750390052795,0.012166666666666666,2.969272259178979e-07,0.021153932437300682,0.26515939831733704,9.734770173963625e-06,0.7752821445465088,67496.65469356856
26,bert.encoder.layer.5.attention.self.query,query,0.03170105069875717,0.012166666666666666,1.8878905905239662e-07,0.01668347790837288,0.22100578248500824,5.691996648238273e-06,0.8704291582107544,96428.45330245598
26,bert.encoder.layer.5.attention.self.key,key,0.03720661252737045,0.012166666666666666,1.83656879926275e-07,0.018778976052999496,0.1787363439798355,5.30851957591949e-06,0.8304714560508728,110851.6199208853
26,bert.encoder.layer.5.attention.self.value,value,0.03955300524830818,0.012166666666666666,3.593316080241493e-07,0.019543295726180077,0.33932268619537354,9.452847734792158e-06,0.8112860918045044,39259.331078156625
26,bert.encoder.layer.5.attention.output.dense,dense,0.040217988193035126,0.012166666666666666,3.0313080401356274e-07,0.0200580433011055,0.2916484773159027,9.896356459648814e-06,0.7938029170036316,74584.55984679176
26,bert.encoder.layer.6.attention.self.query,query,0.024639587849378586,0.012166666666666666,1.380613952051135e-07,0.012042052112519741,0.2213214635848999,3.6527937936625676e-06,0.943359375,99208.67237576969
26,bert.encoder.layer.6.attention.self.key,key,0.027661915868520737,0.012166666666666666,1.2232554524871375e-07,0.012779805809259415,0.17490068078041077,3.06762967738905e-06,0.9338718056678772,107242.61673074831
26,bert.encoder.layer.6.attention.self.value,value,0.03115147352218628,0.012166666666666666,4.889915317107807e-07,0.01565047912299633,0.5813327431678772,7.049683517834637e-06,0.9262152910232544,30697.404373793794
26,bert.encoder.layer.6.attention.output.dense,dense,0.0336478054523468,0.012166666666666666,2.0635145858705073e-07,0.015853503718972206,0.24010494351387024,6.271658094192389e-06,0.8783298134803772,82660.79075175135
26,bert.encoder.layer.7.attention.self.query,query,0.02150377258658409,0.012166666666666666,1.2354058753771824e-07,0.010761840268969536,0.23906128108501434,3.5541779652703553e-06,0.9546372890472412,80197.80409974192
26,bert.encoder.layer.7.attention.self.key,key,0.026219964027404785,0.012166666666666666,1.0990966359258891e-07,0.013593553565442562,0.14754517376422882,2.864292810045299e-06,0.9169175624847412,111421.47184603318
26,bert.encoder.layer.7.attention.self.value,value,0.02892780862748623,0.012166666666666666,3.572365301351965e-07,0.015511438250541687,0.4275515377521515,7.562877726741135e-06,0.89959716796875,33243.728470294576
26,bert.encoder.layer.7.attention.output.dense,dense,0.029808057472109795,0.012166666666666666,2.3720173203400918e-07,0.01559443399310112,0.2384830266237259,6.348569513647817e-06,0.8845553994178772,53759.249482603744
26,bert.encoder.layer.8.attention.self.query,query,0.019784219563007355,0.012166666666666666,1.2571967999974731e-07,0.010876917280256748,0.210615873336792,2.511618276912486e-06,0.9626600742340088,69377.08255166582
26,bert.encoder.layer.8.attention.self.key,key,0.022217385470867157,0.012166666666666666,9.308723036838273e-08,0.01212514378130436,0.1206500455737114,2.1666428438038565e-06,0.9417182207107544,95397.59213878206
26,bert.encoder.layer.8.attention.self.value,value,0.02468809299170971,0.012166666666666666,3.1126020871852234e-07,0.012980678118765354,0.42910662293434143,6.789529834350105e-06,0.93701171875,35226.22997058814
26,bert.encoder.layer.8.attention.output.dense,dense,0.031168699264526367,0.012166666666666666,2.4641306595185597e-07,0.01631893217563629,0.29358983039855957,7.501572326873429e-06,0.8791911005973816,54977.28662671267
26,bert.encoder.layer.9.attention.self.query,query,0.010407092049717903,0.012166666666666666,9.529595779156352e-09,0.0028310378547757864,0.06827563047409058,2.597303705442755e-07,0.9998372197151184,121153.78123960344
26,bert.encoder.layer.9.attention.self.key,key,0.013119040057063103,0.012166666666666666,7.777299693145778e-09,0.004241115879267454,0.012798536568880081,2.1302697916780744e-07,0.9966498613357544,172179.78142427263
26,bert.encoder.layer.9.attention.self.value,value,0.020221473649144173,0.012166666666666666,2.72121070565845e-07,0.009270191192626953,0.515283465385437,5.130380486662034e-06,0.9809773564338684,30637.73202659158
26,bert.encoder.layer.9.attention.output.dense,dense,0.027905238792300224,0.012166666666666666,1.6944981950928195e-07,0.013680094853043556,0.24434621632099152,5.352899279387202e-06,0.9165581464767456,79046.88769141198
26,bert.encoder.layer.10.attention.self.query,query,0.006824455223977566,0.012166666666666666,3.1957752000266737e-09,0.0017818626947700977,0.025255590677261353,4.779517936981392e-08,0.9999253749847412,97426.198624585
26,bert.encoder.layer.10.attention.self.key,key,0.0067162709310650826,0.012166666666666666,3.078310717441468e-09,0.0019468646496534348,0.005429111421108246,1.6363062016466756e-08,0.99981689453125,112346.64947993982
26,bert.encoder.layer.10.attention.self.value,value,0.012424279004335403,0.012166666666666666,1.3451085578708444e-07,0.006150304339826107,0.3889937400817871,1.7808963548304746e-06,0.9933268427848816,45669.36238714215
26,bert.encoder.layer.10.attention.output.dense,dense,0.020766252651810646,0.012166666666666666,6.224084359018889e-08,0.009966855868697166,0.09506528079509735,1.7468365740569425e-06,0.9639621376991272,106904.20508347751
26,bert.encoder.layer.11.attention.self.query,query,0.007853015325963497,0.012166666666666666,1.9906186921048175e-08,0.00354176526889205,0.1008172556757927,3.3184826975229953e-07,0.9968125820159912,114490.69723911931
26,bert.encoder.layer.11.attention.self.key,key,0.0063993618823587894,0.012166666666666666,1.5418899934616093e-08,0.002745869103819132,0.1197739690542221,2.4573671453254065e-07,0.9992607831954956,130829.56619657151
26,bert.encoder.layer.11.attention.self.value,value,0.011408315040171146,0.012166666666666666,1.2829453055474005e-07,0.005552147515118122,0.3951064944267273,1.2990549294045195e-06,0.9970635175704956,52527.016372344784
26,bert.encoder.layer.11.attention.output.dense,dense,0.02020067349076271,0.012166666666666666,5.140809022918802e-08,0.009782896377146244,0.0973590612411499,1.366661877000297e-06,0.9654676914215088,108953.98535481542
27,bert.encoder.layer.0.attention.self.query,query,0.029535213485360146,0.012,9.123197486360368e-08,0.01565723493695259,0.10574259608983994,2.9991451810928993e-06,0.8897026777267456,142672.9342866007
27,bert.encoder.layer.0.attention.self.key,key,0.03155256062746048,0.012,8.759094782817556e-08,0.016759194433689117,0.09268838167190552,2.9129055292287376e-06,0.8653090000152588,155938.46852328116
27,bert.encoder.layer.0.attention.self.value,value,0.03253847733139992,0.012,2.0964947111679066e-07,0.01655159890651703,0.22643563151359558,6.187796316226013e-06,0.8575303554534912,74581.9218615481
27,bert.encoder.layer.0.attention.output.dense,dense,0.036139801144599915,0.012,2.2013409761711955e-07,0.018741710111498833,0.20228348672389984,7.044230642350158e-06,0.8157416582107544,80179.06890174339
27,bert.encoder.layer.1.attention.self.query,query,0.032864850014448166,0.012,1.2216045774948725e-07,0.015891917049884796,0.13958106935024261,3.5680427572515327e-06,0.8754136562347412,122087.37718004854
27,bert.encoder.layer.1.attention.self.key,key,0.03217269852757454,0.012,1.1042178016396065e-07,0.015799611806869507,0.12724728882312775,3.168129524055985e-06,0.8825141191482544,134601.24584847104
27,bert.encoder.layer.1.attention.self.value,value,0.030426256358623505,0.012,3.183023125075124e-07,0.01569223403930664,0.36776044964790344,6.866617241030326e-06,0.8904147744178772,44227.70078105178
27,bert.encoder.layer.1.attention.output.dense,dense,0.03677622228860855,0.012,2.0549185819618287e-07,0.01819034293293953,0.19446517527103424,6.459008091042051e-06,0.8247409462928772,84393.10944215533
27,bert.encoder.layer.2.attention.self.query,query,0.028233041986823082,0.012,1.0852012621853646e-07,0.014867141842842102,0.11849524080753326,3.1164931897365022e-06,0.9010891318321228,119905.72442920611
27,bert.encoder.layer.2.attention.self.key,key,0.030843088403344154,0.012,1.015194328601865e-07,0.015716657042503357,0.10390346497297287,3.0286084893305087e-06,0.8819919228553772,138998.95664097363
27,bert.encoder.layer.2.attention.self.value,value,0.03533764183521271,0.012,3.952618214952963e-07,0.01772393472492695,0.3971456289291382,8.656450518174097e-06,0.8599582314491272,44536.31726606763
27,bert.encoder.layer.2.attention.output.dense,dense,0.039802394807338715,0.012,2.616168046642997e-07,0.01959742233157158,0.2469199150800705,8.34188176668249e-06,0.7976345419883728,72545.78077343348
27,bert.encoder.layer.3.attention.self.query,query,0.029639629647135735,0.012,1.1228477347913213e-07,0.014624124392867088,0.13304506242275238,3.427230240049539e-06,0.8963351845741272,100070.10080509979
27,bert.encoder.layer.3.attention.self.key,key,0.03388954699039459,0.012,1.0970821762157357e-07,0.017114903777837753,0.12300238013267517,3.512805733407731e-06,0.8544853925704956,113734.87533794419
27,bert.encoder.layer.3.attention.self.value,value,0.039062559604644775,0.012,4.0478263940713077e-07,0.020691754296422005,0.3583777844905853,1.0357421160733793e-05,0.8009846806526184,47061.48616625948
27,bert.encoder.layer.3.attention.output.dense,dense,0.04345859959721565,0.012,3.4290388839508523e-07,0.021918440237641335,0.267611563205719,1.0457989446877036e-05,0.7496337890625,65662.34529368549
27,bert.encoder.layer.4.attention.self.query,query,0.03129154071211815,0.012,1.4005183857079828e-07,0.016093598678708076,0.15985536575317383,3.8235912143136375e-06,0.8826972246170044,106831.69039459064
27,bert.encoder.layer.4.attention.self.key,key,0.033500827848911285,0.012,1.4353685173773556e-07,0.016891200095415115,0.14995697140693665,3.114375431323424e-06,0.8789401650428772,123405.94719708562
27,bert.encoder.layer.4.attention.self.value,value,0.0366690568625927,0.012,4.7545174197693996e-07,0.0191825982183218,0.44527819752693176,8.901448381948285e-06,0.8516438603401184,47457.18926259938
27,bert.encoder.layer.4.attention.output.dense,dense,0.03974388167262077,0.012,2.860958829842275e-07,0.020786544308066368,0.23816585540771484,8.673682714288589e-06,0.7791340947151184,67261.5263488461
27,bert.encoder.layer.5.attention.self.query,query,0.030983198434114456,0.012,1.591619138707756e-07,0.016178982332348824,0.18523764610290527,4.98784402225283e-06,0.8796589970588684,95314.71925275693
27,bert.encoder.layer.5.attention.self.key,key,0.036637865006923676,0.012,1.6087496135241963e-07,0.01851857826113701,0.1587703973054886,4.844323484576307e-06,0.8342624306678772,108963.75226427661
27,bert.encoder.layer.5.attention.self.value,value,0.03925212100148201,0.012,3.7179714240664907e-07,0.019206488505005836,0.33664071559906006,9.100584065890871e-06,0.8186577558517456,39456.7952299845
27,bert.encoder.layer.5.attention.output.dense,dense,0.03996651619672775,0.012,2.931294034169696e-07,0.01950179412961006,0.2589402496814728,8.334503036167007e-06,0.80194091796875,73226.36196320219
27,bert.encoder.layer.6.attention.self.query,query,0.025005167350172997,0.012,1.1975140523645678e-07,0.0126050915569067,0.17845650017261505,3.5083576221950352e-06,0.9372694492340088,98648.92966164814
27,bert.encoder.layer.6.attention.self.key,key,0.028070002794265747,0.012,1.1262367394238026e-07,0.01348906010389328,0.15415462851524353,3.0951187000027858e-06,0.9231364130973816,104939.05724895335
27,bert.encoder.layer.6.attention.self.value,value,0.03171701729297638,0.012,4.849245556215465e-07,0.016014808788895607,0.5493837594985962,7.5924272096017376e-06,0.9131130576133728,30728.03100446325
27,bert.encoder.layer.6.attention.output.dense,dense,0.0340610034763813,0.012,2.108348269302951e-07,0.016320087015628815,0.23662985861301422,6.7028304329141974e-06,0.8691270351409912,81858.64880512873
27,bert.encoder.layer.7.attention.self.query,query,0.021633822470903397,0.012,1.3098079421069997e-07,0.010920225642621517,0.21947608888149261,3.6492576782620745e-06,0.9532809853553772,76391.12593879233
27,bert.encoder.layer.7.attention.self.key,key,0.02601160854101181,0.012,1.1407483668790519e-07,0.013448471203446388,0.15062598884105682,3.0457192679023137e-06,0.9180840253829956,106518.40537769016
27,bert.encoder.layer.7.attention.self.value,value,0.028827039524912834,0.012,3.813600812918594e-07,0.01572951301932335,0.44124796986579895,8.196722774300724e-06,0.8959486484527588,33311.84524345249
27,bert.encoder.layer.7.attention.output.dense,dense,0.0301195178180933,0.012,2.334661814984429e-07,0.01601586677134037,0.28428107500076294,6.998091976129217e-06,0.8785807490348816,53449.56327847429
27,bert.encoder.layer.8.attention.self.query,query,0.019846875220537186,0.012,1.0219182655646364e-07,0.01091713085770607,0.17297391593456268,2.586979007901391e-06,0.9634331464767456,69057.64478343927
27,bert.encoder.layer.8.attention.self.key,key,0.022340917959809303,0.012,7.921449451941953e-08,0.011991380713880062,0.14282797276973724,2.3911497919471003e-06,0.9437323808670044,95774.09549636564
27,bert.encoder.layer.8.attention.self.value,value,0.025383606553077698,0.012,3.024783552518784e-07,0.013187780044972897,0.3963939845561981,6.070783911127364e-06,0.9342448115348816,35639.46830250625
27,bert.encoder.layer.8.attention.output.dense,dense,0.03190226852893829,0.012,2.2803581600783218e-07,0.016394054517149925,0.2844386100769043,7.205944257293595e-06,0.8778889775276184,54989.222086419424
27,bert.encoder.layer.9.attention.self.query,query,0.010827239602804184,0.012,1.876358446395443e-08,0.003292068373411894,0.10026872158050537,4.3427857576716633e-07,0.9994913935661316,123554.31935622136
27,bert.encoder.layer.9.attention.self.key,key,0.01401741523295641,0.012,1.502720614610098e-08,0.00485325837507844,0.0539114736020565,1.916838385795927e-07,0.9954766035079956,177039.59408481792
27,bert.encoder.layer.9.attention.self.value,value,0.020533040165901184,0.012,2.524664921566e-07,0.00970352254807949,0.474376380443573,5.320737727743108e-06,0.9762098789215088,30815.046866963734
27,bert.encoder.layer.9.attention.output.dense,dense,0.028692565858364105,0.012,1.5141102949201013e-07,0.013964235782623291,0.190108522772789,4.42214923168649e-06,0.9128621220588684,78796.71346550628
27,bert.encoder.layer.10.attention.self.query,query,0.0070220595225691795,0.012,4.418009513784682e-09,0.0019087218679487705,0.03921373561024666,9.407455792143082e-08,0.9998847246170044,97919.5299659067
27,bert.encoder.layer.10.attention.self.key,key,0.0070288353599607944,0.012,5.195065710950075e-09,0.002068990608677268,0.036135848611593246,1.1059757554221505e-07,0.9997897744178772,113196.30874412437
27,bert.encoder.layer.10.attention.self.value,value,0.01280625443905592,0.012,1.5647199802515388e-07,0.00646038306877017,0.4410979449748993,2.299517745996127e-06,0.9928385615348816,46005.09362580885
27,bert.encoder.layer.10.attention.output.dense,dense,0.020738810300827026,0.012,7.147376379634807e-08,0.010026661679148674,0.08998184651136398,1.3637506981467595e-06,0.9624091386795044,107022.5975600961
27,bert.encoder.layer.11.attention.self.query,query,0.007685853634029627,0.012,1.9464952316639028e-08,0.0036470037885010242,0.13361701369285583,4.214712134853471e-07,0.9969482421875,115169.84230990599
27,bert.encoder.layer.11.attention.self.key,key,0.006510074250400066,0.012,1.4651338808846504e-08,0.002875751815736294,0.09572351723909378,2.850420059985481e-07,0.9993014931678772,131334.71444635486
27,bert.encoder.layer.11.attention.self.value,value,0.011973033659160137,0.012,1.5370301298389677e-07,0.006172346882522106,0.49291032552719116,1.823966158553958e-06,0.9963582158088684,52558.82372618326
27,bert.encoder.layer.11.attention.output.dense,dense,0.020719358697533607,0.012,6.166300181575934e-08,0.009968862868845463,0.06374000757932663,1.2768954320563353e-06,0.9634738564491272,111064.09674182137
28,bert.encoder.layer.0.attention.self.query,query,0.02978709526360035,0.011833333333333333,8.809747953364422e-08,0.015613960102200508,0.0916629508137703,2.8303986709943274e-06,0.8893839716911316,144006.7274496161
28,bert.encoder.layer.0.attention.self.key,key,0.03197083994746208,0.011833333333333333,8.391861427980984e-08,0.016990812495350838,0.09335516393184662,2.861301027223817e-06,0.8602634072303772,157391.43487352398
28,bert.encoder.layer.0.attention.self.value,value,0.032455895096063614,0.011833333333333333,2.0607335216027423e-07,0.016564376652240753,0.2243061363697052,6.0120810303487815e-06,0.8568318486213684,75096.69831418288
28,bert.encoder.layer.0.attention.output.dense,dense,0.03616071119904518,0.011833333333333333,2.2278751998783264e-07,0.01880301535129547,0.20862603187561035,6.920251507835928e-06,0.8133952021598816,80476.297701325
28,bert.encoder.layer.1.attention.self.query,query,0.03305196762084961,0.011833333333333333,1.4405540582629328e-07,0.01626470498740673,0.15300174057483673,4.174868536210852e-06,0.8709852695465088,121483.03820191308
28,bert.encoder.layer.1.attention.self.key,key,0.03226490318775177,0.011833333333333333,1.2770645696491556e-07,0.016105780377984047,0.13824506103992462,3.193823204128421e-06,0.8778212070465088,135857.8881849923
28,bert.encoder.layer.1.attention.self.value,value,0.030850373208522797,0.011833333333333333,3.6437825201574014e-07,0.01624307408928871,0.4095022678375244,7.353775799856521e-06,0.8872816562652588,45387.12288413406
28,bert.encoder.layer.1.attention.output.dense,dense,0.03739577904343605,0.011833333333333333,2.165483294902515e-07,0.01853233203291893,0.20696721971035004,7.008663942542626e-06,0.8190375566482544,84333.3277206226
28,bert.encoder.layer.2.attention.self.query,query,0.028584104031324387,0.011833333333333333,1.2033326868277072e-07,0.015006519854068756,0.12976402044296265,3.5797659165837104e-06,0.8999091386795044,119875.12342975648
28,bert.encoder.layer.2.attention.self.key,key,0.031131312251091003,0.011833333333333333,1.0699522334789435e-07,0.015735678374767303,0.13158969581127167,3.3173459996760357e-06,0.8829616904258728,137872.5005260385
28,bert.encoder.layer.2.attention.self.value,value,0.03556223213672638,0.011833333333333333,3.7089355942043767e-07,0.01789427362382412,0.3872912526130676,9.088771548704244e-06,0.8561943769454956,44647.67017084161
28,bert.encoder.layer.2.attention.output.dense,dense,0.03987034410238266,0.011833333333333333,2.5422940552743967e-07,0.01983628235757351,0.23800499737262726,8.23130085336743e-06,0.7925550937652588,72509.56766594367
28,bert.encoder.layer.3.attention.self.query,query,0.02983100898563862,0.011833333333333333,1.0925425186769644e-07,0.014581705443561077,0.14444325864315033,3.6545352486427873e-06,0.8972914218902588,100075.00434473457
28,bert.encoder.layer.3.attention.self.key,key,0.03427666053175926,0.011833333333333333,1.0717914733504585e-07,0.01703714020550251,0.11048589646816254,3.2950040349533083e-06,0.8556450605392456,113910.5169947574
28,bert.encoder.layer.3.attention.self.value,value,0.039281416684389114,0.011833333333333333,3.8947320035731536e-07,0.02068343199789524,0.3511257469654083,1.0451104571984615e-05,0.8017238974571228,47377.34210256445
28,bert.encoder.layer.3.attention.output.dense,dense,0.04326627776026726,0.011833333333333333,3.0688954666402424e-07,0.02181950956583023,0.24463360011577606,9.370547559228726e-06,0.7476670742034912,66214.83798255947
28,bert.encoder.layer.4.attention.self.query,query,0.031474899500608444,0.011833333333333333,1.7014164654938213e-07,0.01608165167272091,0.1785930097103119,4.210088718537008e-06,0.8829548954963684,104114.11351688429
28,bert.encoder.layer.4.attention.self.key,key,0.03394556790590286,0.011833333333333333,1.5332639691223449e-07,0.017141249030828476,0.16680410504341125,3.57171188625216e-06,0.8757527470588684,122914.89123129428
28,bert.encoder.layer.4.attention.self.value,value,0.037091780453920364,0.011833333333333333,4.3477001554492745e-07,0.01910220831632614,0.41922152042388916,8.57094710227102e-06,0.8511894941329956,47367.812960241245
28,bert.encoder.layer.4.attention.output.dense,dense,0.03954146057367325,0.011833333333333333,2.6780577400131733e-07,0.02063811384141445,0.24626760184764862,8.214557965402491e-06,0.7837998867034912,67258.45728303913
28,bert.encoder.layer.5.attention.self.query,query,0.030321385711431503,0.011833333333333333,1.4253895130877936e-07,0.015823952853679657,0.16927455365657806,4.648461526812753e-06,0.8833346962928772,94244.47403617582
28,bert.encoder.layer.5.attention.self.key,key,0.035707782953977585,0.011833333333333333,1.4145589943836967e-07,0.017938552424311638,0.1383485049009323,4.13847101299325e-06,0.8465915322303772,107801.61754255582
28,bert.encoder.layer.5.attention.self.value,value,0.038608353585004807,0.011833333333333333,3.2076181355478184e-07,0.01861894503235817,0.30915597081184387,8.060512300289702e-06,0.8271958827972412,39545.3071411878
28,bert.encoder.layer.5.attention.output.dense,dense,0.039655640721321106,0.011833333333333333,2.5219571853085654e-07,0.01915549300611019,0.23060794174671173,7.589585948153399e-06,0.8095703125,72080.64156042848
28,bert.encoder.layer.6.attention.self.query,query,0.025161493569612503,0.011833333333333333,1.2206969302042125e-07,0.012637689709663391,0.17023229598999023,3.3804733448050683e-06,0.9348686933517456,99549.39419091084
28,bert.encoder.layer.6.attention.self.key,key,0.028213318437337875,0.011833333333333333,1.089613874682982e-07,0.013487990014255047,0.1410539150238037,3.0635737857664935e-06,0.9226142168045044,106804.2134578468
28,bert.encoder.layer.6.attention.self.value,value,0.03095545433461666,0.011833333333333333,3.992276162989583e-07,0.015296663157641888,0.47112390398979187,6.599052994715748e-06,0.9137166142463684,30627.856317164893
28,bert.encoder.layer.6.attention.output.dense,dense,0.03380967304110527,0.011833333333333333,1.948119603412124e-07,0.01634722389280796,0.21788528561592102,6.178677722346038e-06,0.8673774003982544,80539.8232294033
28,bert.encoder.layer.7.attention.self.query,query,0.0216924287378788,0.011833333333333333,1.085490453078819e-07,0.010793962515890598,0.16827568411827087,2.8317931537458207e-06,0.9554511308670044,76252.70481230214
28,bert.encoder.layer.7.attention.self.key,key,0.02645137906074524,0.011833333333333333,9.987439852920943e-08,0.013607756234705448,0.12939541041851044,2.8160836791357724e-06,0.9158461093902588,106319.39154060847
28,bert.encoder.layer.7.attention.self.value,value,0.02818368189036846,0.011833333333333333,3.024868533429981e-07,0.015244895592331886,0.3669082224369049,6.802996267651906e-06,0.8968777060508728,33397.277633882215
28,bert.encoder.layer.7.attention.output.dense,dense,0.02957630343735218,0.011833333333333333,2.093523363555505e-07,0.015518278814852238,0.23412972688674927,5.460656211653259e-06,0.8847181797027588,53523.85737358771
28,bert.encoder.layer.8.attention.self.query,query,0.019521480426192284,0.011833333333333333,9.379790810726263e-08,0.010757621377706528,0.13140757381916046,2.397527168795932e-06,0.9621310830116272,69499.79208762497
28,bert.encoder.layer.8.attention.self.key,key,0.0219409242272377,0.011833333333333333,7.303111004830498e-08,0.01194483507424593,0.1017138659954071,1.6612892750345054e-06,0.9439697265625,96640.4852328679
28,bert.encoder.layer.8.attention.self.value,value,0.023607295006513596,0.011833333333333333,2.391333282503183e-07,0.012367756105959415,0.35429421067237854,5.18252409165143e-06,0.9438340663909912,35892.229031196395
28,bert.encoder.layer.8.attention.output.dense,dense,0.03048515133559704,0.011833333333333333,1.659243622498252e-07,0.015497997403144836,0.14656122028827667,3.8095085983513854e-06,0.8908623456954956,54992.632159668065
28,bert.encoder.layer.9.attention.self.query,query,0.010675310157239437,0.011833333333333333,1.819746309195125e-08,0.0031749699264764786,0.11599147319793701,3.835485529180005e-07,0.9995795488357544,125760.41939359505
28,bert.encoder.layer.9.attention.self.key,key,0.01357430499047041,0.011833333333333333,1.7118710005092908e-08,0.004529012832790613,0.05088622868061066,3.673211494970019e-07,0.9963310956954956,182560.355770532
28,bert.encoder.layer.9.attention.self.value,value,0.018759051337838173,0.011833333333333333,1.743697310985226e-07,0.008633742108941078,0.3823142349720001,3.887838829541579e-06,0.9825642704963684,30836.773478811385
28,bert.encoder.layer.9.attention.output.dense,dense,0.027588652446866035,0.011833333333333333,1.053207583368021e-07,0.013208764605224133,0.1706078052520752,3.155079639327596e-06,0.9239366054534912,79429.66659371702
28,bert.encoder.layer.10.attention.self.query,query,0.007150797173380852,0.011833333333333333,4.457296309823278e-09,0.002359135542064905,0.042795661836862564,8.562097519870804e-08,0.9996744990348816,98235.74574818688
28,bert.encoder.layer.10.attention.self.key,key,0.006976844742894173,0.011833333333333333,4.7109924850019524e-09,0.00222022645175457,0.04874748736619949,1.0083361701163085e-07,0.9997219443321228,113361.49668836629
28,bert.encoder.layer.10.attention.self.value,value,0.012403084896504879,0.011833333333333333,1.473137700713778e-07,0.006172933615744114,0.41597023606300354,2.110780087605235e-06,0.9935370683670044,46242.23833609117
28,bert.encoder.layer.10.attention.output.dense,dense,0.020789075642824173,0.011833333333333333,6.223395843107937e-08,0.01012552808970213,0.11675379425287247,1.7977114339373657e-06,0.9617784023284912,108254.21561039625
28,bert.encoder.layer.11.attention.self.query,query,0.006688842549920082,0.011833333333333333,1.2148475114770463e-08,0.0030762949027121067,0.04900728538632393,1.9726495281702228e-07,0.9985554814338684,115663.95249383693
28,bert.encoder.layer.11.attention.self.key,key,0.006038472522050142,0.011833333333333333,1.0133208938611915e-08,0.002755141817033291,0.0758245661854744,1.901163528827965e-07,0.9993896484375,131924.7806922643
28,bert.encoder.layer.11.attention.self.value,value,0.011404243297874928,0.011833333333333333,1.1556620194141942e-07,0.005670060403645039,0.3737466335296631,1.5192368891803198e-06,0.9965956211090088,52522.81069794168
28,bert.encoder.layer.11.attention.output.dense,dense,0.020517582073807716,0.011833333333333333,4.651147378353926e-08,0.01000453531742096,0.06827789545059204,1.3031872185820248e-06,0.9627549648284912,112826.90199488767
29,bert.encoder.layer.0.attention.self.query,query,0.029578959569334984,0.011666666666666669,1.0904555836077634e-07,0.015617749653756618,0.11250021308660507,3.289404048700817e-06,0.8891262412071228,145049.0697469495
29,bert.encoder.layer.0.attention.self.key,key,0.03179597109556198,0.011666666666666669,1.0188671950572825e-07,0.016869621351361275,0.10893475264310837,3.178945917170495e-06,0.8620334267616272,158509.44423762406
29,bert.encoder.layer.0.attention.self.value,value,0.03303283452987671,0.011666666666666669,2.8008815888824756e-07,0.016892148181796074,0.2982819676399231,7.797787475283258e-06,0.8536919355392456,75494.16803273106
29,bert.encoder.layer.0.attention.output.dense,dense,0.036716531962156296,0.011666666666666669,2.785432684504485e-07,0.019061733037233353,0.2684316039085388,9.150217010756023e-06,0.8091294765472412,80328.8938612834
29,bert.encoder.layer.1.attention.self.query,query,0.032897431403398514,0.011666666666666669,1.2358752599084255e-07,0.015697749331593513,0.1445489227771759,3.6853291476290906e-06,0.8797539472579956,121720.14308276237
29,bert.encoder.layer.1.attention.self.key,key,0.03191034868359566,0.011666666666666669,1.0981833042933431e-07,0.015428471378982067,0.11767323315143585,3.044303639399004e-06,0.8889906406402588,135248.7280040894
29,bert.encoder.layer.1.attention.self.value,value,0.031884659081697464,0.011666666666666669,4.5428174644257524e-07,0.01674759015440941,0.475944459438324,8.483444617013447e-06,0.8845350742340088,45119.05430990897
29,bert.encoder.layer.1.attention.output.dense,dense,0.03789282590150833,0.011666666666666669,2.619774477352621e-07,0.01884877309203148,0.2612663805484772,8.685909961059224e-06,0.8141615390777588,83958.06435464406
29,bert.encoder.layer.2.attention.self.query,query,0.028475455939769745,0.011666666666666669,1.374744300619568e-07,0.014894556254148483,0.15175268054008484,3.766272584471153e-06,0.901123046875,116657.20627125536
29,bert.encoder.layer.2.attention.self.key,key,0.030821826308965683,0.011666666666666669,1.2121674330956012e-07,0.01556806918233633,0.14557845890522003,3.6035899029229768e-06,0.8880615234375,136630.02723088325
29,bert.encoder.layer.2.attention.self.value,value,0.03732546418905258,0.011666666666666669,5.388546924223192e-07,0.019397251307964325,0.523518979549408,1.2536362191895023e-05,0.8448147177696228,44352.55371466601
29,bert.encoder.layer.2.attention.output.dense,dense,0.040803343057632446,0.011666666666666669,3.662267999970936e-07,0.020372841507196426,0.3123440146446228,1.0632797057041898e-05,0.7873603105545044,71939.63924903877
29,bert.encoder.layer.3.attention.self.query,query,0.0299075897783041,0.011666666666666669,1.4054089092496724e-07,0.014670844189822674,0.18186259269714355,4.2858446249738336e-06,0.8955078125,99126.72053461663
29,bert.encoder.layer.3.attention.self.key,key,0.034512054175138474,0.011666666666666669,1.3538688392600307e-07,0.017180712893605232,0.1447938084602356,4.087256456841715e-06,0.8540242314338684,113228.37595066104
29,bert.encoder.layer.3.attention.self.value,value,0.041438519954681396,0.011666666666666669,5.276870069792494e-07,0.021785851567983627,0.4358134865760803,1.4147802176012192e-05,0.7831081748008728,47177.21319609623
29,bert.encoder.layer.3.attention.output.dense,dense,0.04526491090655327,0.011666666666666669,5.128072757543123e-07,0.02273155003786087,0.2995624542236328,1.396058542013634e-05,0.7376437783241272,64715.68009728011
29,bert.encoder.layer.4.attention.self.query,query,0.03153332695364952,0.011666666666666669,1.9308785681459995e-07,0.016257893294095993,0.2044270783662796,4.931799139740178e-06,0.8811713457107544,102919.02729511877
29,bert.encoder.layer.4.attention.self.key,key,0.03415796905755997,0.011666666666666669,1.8632297837939404e-07,0.017575962468981743,0.19777700304985046,4.106468168174615e-06,0.8703138828277588,122233.90565057001
29,bert.encoder.layer.4.attention.self.value,value,0.03980729728937149,0.011666666666666669,6.902313884893374e-07,0.021025167778134346,0.556601881980896,1.2290837730688509e-05,0.8356526494026184,46487.99877946274
29,bert.encoder.layer.4.attention.output.dense,dense,0.04125666245818138,0.011666666666666669,4.71712581884276e-07,0.02169511467218399,0.31670939922332764,1.1386418918846175e-05,0.7674831748008728,66967.17664035942
29,bert.encoder.layer.5.attention.self.query,query,0.03054247796535492,0.011666666666666669,2.0195500383124454e-07,0.015836400911211967,0.22517114877700806,5.915848760196241e-06,0.8844672441482544,94461.35358517052
29,bert.encoder.layer.5.attention.self.key,key,0.03620199114084244,0.011666666666666669,1.9745603196952288e-07,0.018039235845208168,0.1884002685546875,5.380717993830331e-06,0.8433973789215088,108057.4384597942
29,bert.encoder.layer.5.attention.self.value,value,0.04250945895910263,0.011666666666666669,6.193574790813727e-07,0.02116871066391468,0.5181355476379395,1.4241250937629957e-05,0.8041178584098816,39754.701756768154
29,bert.encoder.layer.5.attention.output.dense,dense,0.04164984077215195,0.011666666666666669,4.908645223622443e-07,0.019879190251231194,0.3231792449951172,1.1949834515689872e-05,0.7995131015777588,70296.92362753299
29,bert.encoder.layer.6.attention.self.query,query,0.025983836501836777,0.011666666666666669,1.7323817758096993e-07,0.012708300724625587,0.24741828441619873,4.687043656304013e-06,0.9344550371170044,94969.68217263822
29,bert.encoder.layer.6.attention.self.key,key,0.028705067932605743,0.011666666666666669,1.6251161127911473e-07,0.01384164672344923,0.2143729031085968,4.13017096434487e-06,0.9190741777420044,99994.2248123871
29,bert.encoder.layer.6.attention.self.value,value,0.03595906123518944,0.011666666666666669,7.242230708470743e-07,0.01852354407310486,0.6732975244522095,1.0121765626536217e-05,0.9000786542892456,30614.73107461874
29,bert.encoder.layer.6.attention.output.dense,dense,0.03609083220362663,0.011666666666666669,4.3650743464240804e-07,0.017497515305876732,0.3579826354980469,1.0491854482097551e-05,0.8506876826286316,77858.0489458174
29,bert.encoder.layer.7.attention.self.query,query,0.023185666650533676,0.011666666666666669,2.0537029854494904e-07,0.011471101082861423,0.3249991834163666,5.2620453061535954e-06,0.9473944902420044,72300.55764872086
29,bert.encoder.layer.7.attention.self.key,key,0.02705077826976776,0.011666666666666669,1.762442849440049e-07,0.0137186823412776,0.21742036938667297,4.552272457658546e-06,0.9142252802848816,101446.55560105544
29,bert.encoder.layer.7.attention.self.value,value,0.033865418285131454,0.011666666666666669,6.497255640169897e-07,0.018988382071256638,0.6358010768890381,1.4310277038021013e-05,0.8658921718597412,33588.242542123546
29,bert.encoder.layer.7.attention.output.dense,dense,0.03367616608738899,0.011666666666666669,4.890147806690948e-07,0.018279720097780228,0.4981721043586731,1.3457111890602391e-05,0.8459811806678772,52286.319799893725
29,bert.encoder.layer.8.attention.self.query,query,0.020695125684142113,0.011666666666666669,2.2839233793092717e-07,0.011864157393574715,0.39933323860168457,4.983051439921837e-06,0.9567463994026184,67840.00126746352
29,bert.encoder.layer.8.attention.self.key,key,0.023216156288981438,0.011666666666666669,1.7085503145608527e-07,0.012737334705889225,0.23096033930778503,3.67950906365877e-06,0.9365370273590088,94622.31031039615
29,bert.encoder.layer.8.attention.self.value,value,0.032696738839149475,0.011666666666666669,7.057911943775252e-07,0.018097523599863052,0.7001613974571228,1.4203558748704381e-05,0.8967759609222412,35288.99647132991
29,bert.encoder.layer.8.attention.output.dense,dense,0.03668007254600525,0.011666666666666669,5.070767201686976e-07,0.018826110288500786,0.5081872344017029,1.4805384125793353e-05,0.8436550498008728,54644.4678284199
29,bert.encoder.layer.9.attention.self.query,query,0.013984940946102142,0.011666666666666669,1.668195359627589e-08,0.003198502818122506,0.09679467976093292,4.2567495484036044e-07,0.9994574785232544,125903.91467907107
29,bert.encoder.layer.9.attention.self.key,key,0.017450841143727303,0.011666666666666669,1.2888235367825018e-08,0.004558813292533159,0.03563426062464714,1.6605777375389152e-07,0.9961073398590088,182377.52148053248
29,bert.encoder.layer.9.attention.self.value,value,0.02874162793159485,0.011666666666666669,4.3542632965909434e-07,0.01178521104156971,0.6672929525375366,8.803889613773208e-06,0.9626057744026184,31233.84569124343
29,bert.encoder.layer.9.attention.output.dense,dense,0.03185929358005524,0.011666666666666669,3.246077255880664e-07,0.014979117549955845,0.4386787712574005,1.0198677955486346e-05,0.8983357548713684,79495.06918868424
29,bert.encoder.layer.10.attention.self.query,query,0.00682062515988946,0.011666666666666669,6.846107680757996e-09,0.0023325521033257246,0.043189339339733124,8.798950545951811e-08,0.9997355341911316,98837.47218426161
29,bert.encoder.layer.10.attention.self.key,key,0.006943536922335625,0.011666666666666669,6.699083954231355e-09,0.0023124765139073133,0.049237918108701706,9.185762195329517e-08,0.9995863437652588,114497.93769518832
29,bert.encoder.layer.10.attention.self.value,value,0.012597217224538326,0.011666666666666669,1.475291497854414e-07,0.0064391870982944965,0.4380907714366913,2.2032902506907703e-06,0.9929877519607544,46309.1506807432
29,bert.encoder.layer.10.attention.output.dense,dense,0.020160412415862083,0.011666666666666669,7.319683703599367e-08,0.009704449214041233,0.117092065513134,1.4288566489994992e-06,0.9667426347732544,108104.50258987038
29,bert.encoder.layer.11.attention.self.query,query,0.004799194168299437,0.011666666666666669,5.032871008836537e-09,0.002312461845576763,0.04837492108345032,1.0608885503415877e-07,0.9992946982383728,115617.61126653267
29,bert.encoder.layer.11.attention.self.key,key,0.00496898777782917,0.011666666666666669,4.599268521587874e-09,0.002367574954405427,0.0484590157866478,1.4077834009640355e-07,0.9995863437652588,131926.208206116
29,bert.encoder.layer.11.attention.self.value,value,0.011242873966693878,0.011666666666666669,1.404383880299065e-07,0.005856485106050968,0.4709893465042114,1.6577515680182842e-06,0.9966905117034912,52450.83387267022
29,bert.encoder.layer.11.attention.output.dense,dense,0.01992151141166687,0.011666666666666669,5.6688513438984955e-08,0.00995143037289381,0.10597880184650421,1.5223581613099668e-06,0.9633246660232544,114123.2830195255
30,bert.encoder.layer.0.attention.self.query,query,0.026982342824339867,0.0115,7.189860440348639e-08,0.014265498146414757,0.099967360496521,2.5766712496988475e-06,0.9134114384651184,145864.78448749508
30,bert.encoder.layer.0.attention.self.key,key,0.028800707310438156,0.0115,6.899819737782309e-08,0.015386260114610195,0.08718297630548477,2.3545494514110032e-06,0.8880547285079956,157653.38597197374
30,bert.encoder.layer.0.attention.self.value,value,0.029849711805582047,0.0115,1.775720619434651e-07,0.015196921303868294,0.2084212452173233,5.313991550792707e-06,0.8836601972579956,76071.77705321388
30,bert.encoder.layer.0.attention.output.dense,dense,0.033174846321344376,0.0115,1.956526318735996e-07,0.017260149121284485,0.21625031530857086,6.510700586659368e-06,0.8448689579963684,80808.56164263749
30,bert.encoder.layer.1.attention.self.query,query,0.03025347925722599,0.0115,9.235760956016748e-08,0.014510441571474075,0.11598127335309982,2.84784687210049e-06,0.90185546875,122399.01049673003
30,bert.encoder.layer.1.attention.self.key,key,0.029584253206849098,0.0115,8.132953865924719e-08,0.014252189546823502,0.09360584616661072,2.451268528602668e-06,0.9087998867034912,135825.03399243052
30,bert.encoder.layer.1.attention.self.value,value,0.02783326804637909,0.0115,2.788496828998177e-07,0.014305636286735535,0.34966182708740234,5.784744644188322e-06,0.9150051474571228,45558.336752034935
30,bert.encoder.layer.1.attention.output.dense,dense,0.03398746997117996,0.0115,1.7717127320793224e-07,0.01674768514931202,0.19057132303714752,5.473924375110073e-06,0.8551296591758728,84151.6411376157
30,bert.encoder.layer.2.attention.self.query,query,0.02624209225177765,0.0115,8.631402437231372e-08,0.01358718890696764,0.11578667163848877,2.6530021841608686e-06,0.9212510585784912,117254.92748815827
30,bert.encoder.layer.2.attention.self.key,key,0.02855837345123291,0.0115,8.199680223697214e-08,0.014139621518552303,0.10242628306150436,2.53333519140142e-06,0.9101494550704956,136516.2389198626
30,bert.encoder.layer.2.attention.self.value,value,0.03219585865736008,0.0115,2.9630507469846634e-07,0.01587974652647972,0.3371478021144867,6.9168181653367355e-06,0.8866780400276184,43997.3481922408
30,bert.encoder.layer.2.attention.output.dense,dense,0.035888150334358215,0.0115,2.0556802837745636e-07,0.017823653295636177,0.21473652124404907,6.4831865529413335e-06,0.8313462734222412,72205.59224464443
30,bert.encoder.layer.3.attention.self.query,query,0.02723042666912079,0.0115,9.463754935268298e-08,0.013425257988274097,0.12708128988742828,2.8115723580413032e-06,0.9176296591758728,101003.05553717059
30,bert.encoder.layer.3.attention.self.key,key,0.03121153824031353,0.0115,9.248492460756097e-08,0.015601753257215023,0.11334089189767838,2.842522917489987e-06,0.8842570185661316,115149.99865990866
30,bert.encoder.layer.3.attention.self.value,value,0.03586244583129883,0.0115,3.4897757927865314e-07,0.0187610425055027,0.33375033736228943,8.445486855634954e-06,0.8346489667892456,47238.11281394066
30,bert.encoder.layer.3.attention.output.dense,dense,0.039423856884241104,0.0115,2.664109501893108e-07,0.01993260718882084,0.23746994137763977,8.421873644692823e-06,0.7886894941329956,64448.5403363973
30,bert.encoder.layer.4.attention.self.query,query,0.028722018003463745,0.0115,1.2854629005687457e-07,0.01472720317542553,0.1552891880273819,3.371480033820262e-06,0.9045546054840088,102704.79673517885
30,bert.encoder.layer.4.attention.self.key,key,0.03099699318408966,0.0115,1.3144908450613002e-07,0.015639886260032654,0.14103323221206665,3.1106194455787772e-06,0.8978813886642456,122063.3445106728
30,bert.encoder.layer.4.attention.self.value,value,0.033634085208177567,0.0115,3.561232517768076e-07,0.01730414293706417,0.36792367696762085,7.5315306276024785e-06,0.8736843466758728,45997.46068561017
30,bert.encoder.layer.4.attention.output.dense,dense,0.03612678870558739,0.0115,2.2131443699890951e-07,0.019004764035344124,0.21711084246635437,6.749474778189324e-06,0.8115776777267456,67075.46424956473
30,bert.encoder.layer.5.attention.self.query,query,0.027861572802066803,0.0115,1.399341584829017e-07,0.014684571884572506,0.18336032330989838,4.050422830914613e-06,0.9057888388633728,94940.784608815
30,bert.encoder.layer.5.attention.self.key,key,0.03240012377500534,0.0115,1.3553045619119075e-07,0.01629597879946232,0.14810483157634735,3.519487336234306e-06,0.8790622353553772,109813.41401614175
30,bert.encoder.layer.5.attention.self.value,value,0.034934815019369125,0.0115,2.919632606790401e-07,0.016994351521134377,0.3146061897277832,7.075468602124602e-06,0.8616943359375,40287.52335917313
30,bert.encoder.layer.5.attention.output.dense,dense,0.036006081849336624,0.0115,2.221837007709837e-07,0.01749889738857746,0.22738851606845856,6.5569888647587504e-06,0.8447672724723816,70459.19881598491
30,bert.encoder.layer.6.attention.self.query,query,0.02367495372891426,0.0115,1.2007865279883845e-07,0.01202988252043724,0.19075219333171844,3.4417089409544133e-06,0.9443698525428772,94162.05844063191
30,bert.encoder.layer.6.attention.self.key,key,0.026302771642804146,0.0115,1.0805405281644198e-07,0.012715774588286877,0.13745863735675812,2.5840702164714457e-06,0.9353095293045044,99640.91802948658
30,bert.encoder.layer.6.attention.self.value,value,0.028642047196626663,0.0115,3.402582819944655e-07,0.013884250074625015,0.4407685399055481,5.309519110596739e-06,0.9333428144454956,31113.22004852488
30,bert.encoder.layer.6.attention.output.dense,dense,0.031509701162576675,0.0115,1.6027979654609226e-07,0.015116160735487938,0.20676018297672272,5.1294287004566286e-06,0.8911200761795044,78454.57797731952
30,bert.encoder.layer.7.attention.self.query,query,0.020018108189105988,0.0115,1.0702234476411832e-07,0.01006782241165638,0.17884398996829987,2.9903276299592108e-06,0.9629313349723816,71849.0769519014
30,bert.encoder.layer.7.attention.self.key,key,0.02440357767045498,0.0115,9.576677939548972e-08,0.01258191466331482,0.14286881685256958,2.819454266500543e-06,0.9307658076286316,101035.8574868176
30,bert.encoder.layer.7.attention.self.value,value,0.02649099938571453,0.0115,3.0103302606221405e-07,0.014218339696526527,0.36794933676719666,6.542993105540518e-06,0.9136488437652588,33464.616093348544
30,bert.encoder.layer.7.attention.output.dense,dense,0.027536531910300255,0.0115,2.0060696215296048e-07,0.014680558815598488,0.25615599751472473,5.705566763936076e-06,0.9013603925704956,52204.95348854326
30,bert.encoder.layer.8.attention.self.query,query,0.018719926476478577,0.0115,1.0268426819948218e-07,0.01013630349189043,0.14100052416324615,2.001669599849265e-06,0.9693467617034912,67444.09059660899
30,bert.encoder.layer.8.attention.self.key,key,0.019846392795443535,0.0115,7.104956267767193e-08,0.010650556534528732,0.10444428771734238,1.388675286762009e-06,0.9593980312347412,94076.5725356243
30,bert.encoder.layer.8.attention.self.value,value,0.021779697388410568,0.0115,2.5229735456377966e-07,0.011227455921471119,0.37312355637550354,4.642621206585318e-06,0.9582926630973816,35284.03582946485
30,bert.encoder.layer.8.attention.output.dense,dense,0.028110245242714882,0.0115,1.6859999618645816e-07,0.014300284907221794,0.20107966661453247,4.660424565372523e-06,0.90985107421875,54883.191280298626
30,bert.encoder.layer.9.attention.self.query,query,0.009481769055128098,0.0115,8.157242881168258e-09,0.0026870016008615494,0.041152555495500565,1.828621236654726e-07,0.9998576045036316,126919.7848505201
30,bert.encoder.layer.9.attention.self.key,key,0.012490743771195412,0.0115,6.693439136284951e-09,0.004115876741707325,0.03569654002785683,2.1989201570704608e-07,0.9968329668045044,184387.8187780542
30,bert.encoder.layer.9.attention.self.value,value,0.01794563978910446,0.0115,1.8712843541379698e-07,0.008225293830037117,0.42098015546798706,3.7887002690695226e-06,0.9853041172027588,31440.557159177068
30,bert.encoder.layer.9.attention.output.dense,dense,0.02592683956027031,0.0115,1.041355659481269e-07,0.012430357746779919,0.1428804099559784,2.3461525415768847e-06,0.9349704384803772,80573.79933492796
30,bert.encoder.layer.10.attention.self.query,query,0.006345091853290796,0.0115,3.944961246560297e-09,0.0018211150309070945,0.02542279288172722,5.152055848611781e-08,0.9999253749847412,98958.6839092912
30,bert.encoder.layer.10.attention.self.key,key,0.006747424136847258,0.0115,3.926777569773776e-09,0.001849313615821302,0.050454407930374146,6.727454859856152e-08,0.9998711347579956,114849.51275421357
30,bert.encoder.layer.10.attention.self.value,value,0.0123086953535676,0.0115,1.399031361870584e-07,0.006190603598952293,0.41124892234802246,1.999592996071442e-06,0.9932318925857544,46801.740607181644
30,bert.encoder.layer.10.attention.output.dense,dense,0.020173678174614906,0.0115,6.414772713014827e-08,0.009822579100728035,0.13341039419174194,1.8835794435290154e-06,0.9652031660079956,110132.37266567753
30,bert.encoder.layer.11.attention.self.query,query,0.005249025300145149,0.0115,5.67729596667732e-09,0.0024123776238411665,0.04065844044089317,1.5496640060064237e-07,0.9991115927696228,115790.60665229471
30,bert.encoder.layer.11.attention.self.key,key,0.00469646230340004,0.0115,4.436524037032541e-09,0.002089084591716528,0.047287341207265854,8.367960901978222e-08,0.9997422695159912,131990.0078831349
30,bert.encoder.layer.11.attention.self.value,value,0.010596211068332195,0.0115,1.3645403384998644e-07,0.005430150311440229,0.4552549719810486,1.4991966281741043e-06,0.9970635175704956,52776.61827797083
30,bert.encoder.layer.11.attention.output.dense,dense,0.019385790452361107,0.0115,4.7033118732997536e-08,0.009419886395335197,0.11089012026786804,1.710840820123849e-06,0.9688178300857544,115992.9709913435
31,bert.encoder.layer.0.attention.self.query,query,0.026636511087417603,0.011333333333333332,7.165278503862282e-08,0.014035413041710854,0.09292362630367279,2.3365400920738466e-06,0.9168972373008728,145429.5962828562
31,bert.encoder.layer.0.attention.self.key,key,0.028127972036600113,0.011333333333333332,6.774281047228214e-08,0.015105584636330605,0.08182261884212494,2.0845545805059373e-06,0.8923068642616272,157295.78999452226
31,bert.encoder.layer.0.attention.self.value,value,0.029201248660683632,0.011333333333333332,1.58716105147505e-07,0.014804412610828876,0.1902613490819931,4.787985744769685e-06,0.8913845419883728,76470.456231428
31,bert.encoder.layer.0.attention.output.dense,dense,0.03279875963926315,0.011333333333333332,1.7736395818701567e-07,0.016934463754296303,0.1893112063407898,5.679456535290228e-06,0.8509114384651184,80975.94732045944
31,bert.encoder.layer.1.attention.self.query,query,0.030144140124320984,0.011333333333333332,8.625401903827878e-08,0.014289462007582188,0.10634847730398178,2.4227208541560685e-06,0.9047715663909912,123817.8739855292
31,bert.encoder.layer.1.attention.self.key,key,0.029179632663726807,0.011333333333333332,7.659642875523787e-08,0.01400683168321848,0.11162753403186798,2.30910200116341e-06,0.9118788242340088,137152.73082728297
31,bert.encoder.layer.1.attention.self.value,value,0.02728256955742836,0.011333333333333332,2.498661331173935e-07,0.013932539150118828,0.32044366002082825,5.306771527102683e-06,0.9199150800704956,45812.06480400643
31,bert.encoder.layer.1.attention.output.dense,dense,0.033675678074359894,0.011333333333333332,1.6375996381157165e-07,0.016716353595256805,0.17219199240207672,5.193270681047579e-06,0.8547024130821228,84413.2042931312
31,bert.encoder.layer.2.attention.self.query,query,0.02610272727906704,0.011333333333333332,9.55512362565969e-08,0.013450455851852894,0.12609568238258362,2.6788613922690274e-06,0.9242621660232544,117282.18910010843
31,bert.encoder.layer.2.attention.self.key,key,0.027913134545087814,0.011333333333333332,8.39292795262736e-08,0.013924889266490936,0.12057263404130936,2.7484259135235334e-06,0.9135538935661316,137199.61531595097
31,bert.encoder.layer.2.attention.self.value,value,0.0317082442343235,0.011333333333333332,3.0482823376587476e-07,0.015766330063343048,0.35893622040748596,6.675560143776238e-06,0.8920356035232544,44036.68903677623
31,bert.encoder.layer.2.attention.output.dense,dense,0.035753533244132996,0.011333333333333332,1.9973690257302223e-07,0.017633600160479546,0.20803263783454895,6.264097919483902e-06,0.8360595703125,72485.71619994339
31,bert.encoder.layer.3.attention.self.query,query,0.027422061190009117,0.011333333333333332,1.0217070212092949e-07,0.013947637751698494,0.14610998332500458,3.377491111677955e-06,0.9088066816329956,102460.20887616085
31,bert.encoder.layer.3.attention.self.key,key,0.03131461516022682,0.011333333333333332,9.558466018688705e-08,0.01607811637222767,0.11706294119358063,3.0472729122266173e-06,0.8776177167892456,116998.39640625312
31,bert.encoder.layer.3.attention.self.value,value,0.035727500915527344,0.011333333333333332,3.4260054349033453e-07,0.018911918625235558,0.31485921144485474,8.5894553194521e-06,0.8307834267616272,47968.28189671744
31,bert.encoder.layer.3.attention.output.dense,dense,0.03980113938450813,0.011333333333333332,2.6241022510475887e-07,0.02000492997467518,0.24087540805339813,8.748230357014108e-06,0.7850477695465088,64692.91557261468
31,bert.encoder.layer.4.attention.self.query,query,0.028580470010638237,0.011333333333333332,1.460080483184356e-07,0.014947296120226383,0.17968028783798218,3.594302825149498e-06,0.90045166015625,101153.46171124124
31,bert.encoder.layer.4.attention.self.key,key,0.031210141256451607,0.011333333333333332,1.381802974265156e-07,0.01631465181708336,0.16880729794502258,3.508504732963047e-06,0.8910725712776184,120800.94475867227
31,bert.encoder.layer.4.attention.self.value,value,0.03328751027584076,0.011333333333333332,3.4247736380166316e-07,0.017260784283280373,0.34319019317626953,6.820818271080498e-06,0.8743354082107544,46062.8486478903
31,bert.encoder.layer.4.attention.output.dense,dense,0.03593898192048073,0.011333333333333332,2.1790084758777084e-07,0.018803570419549942,0.20601560175418854,6.3336478888231795e-06,0.8188002109527588,67471.03205539296
31,bert.encoder.layer.5.attention.self.query,query,0.027522876858711243,0.011333333333333332,1.372469000671117e-07,0.014465905725955963,0.15908947587013245,3.7741435789939715e-06,0.9090237021446228,95724.39987964153
31,bert.encoder.layer.5.attention.self.key,key,0.032027311623096466,0.011333333333333332,1.2947452887601685e-07,0.01614965684711933,0.15566453337669373,3.631047320595826e-06,0.8795369267463684,110872.6615993675
31,bert.encoder.layer.5.attention.self.value,value,0.03467616066336632,0.011333333333333332,2.7587464046519017e-07,0.01668435148894787,0.29263490438461304,6.915738595125731e-06,0.8651869297027588,40543.74816593997
31,bert.encoder.layer.5.attention.output.dense,dense,0.03572457283735275,0.011333333333333332,1.9058792588566575e-07,0.017340153455734253,0.19859111309051514,5.980808964523021e-06,0.8461032509803772,70345.91147900095
31,bert.encoder.layer.6.attention.self.query,query,0.023593833670020103,0.011333333333333332,1.2954428996181377e-07,0.012193773873150349,0.187397301197052,3.0980404517322313e-06,0.9423624873161316,96074.41783431837
31,bert.encoder.layer.6.attention.self.key,key,0.026488957926630974,0.011333333333333332,1.1721795800667678e-07,0.012604847550392151,0.16716742515563965,2.610075398479239e-06,0.9373711347579956,102979.47109491362
31,bert.encoder.layer.6.attention.self.value,value,0.028136666864156723,0.011333333333333332,3.234806627006037e-07,0.013519417494535446,0.4183264672756195,5.041341410105815e-06,0.9354994297027588,31635.873634243315
31,bert.encoder.layer.6.attention.output.dense,dense,0.03115088678896427,0.011333333333333332,1.4861670649679581e-07,0.014887113124132156,0.16334758698940277,4.026830538350623e-06,0.8947279453277588,79169.57473891623
31,bert.encoder.layer.7.attention.self.query,query,0.019970141351222992,0.011333333333333332,1.0359288893369012e-07,0.009912111796438694,0.19314058125019073,2.901606194427586e-06,0.9648166298866272,71028.22877083758
31,bert.encoder.layer.7.attention.self.key,key,0.024203769862651825,0.011333333333333332,9.650622700974054e-08,0.012511612847447395,0.14197756350040436,2.7721898732124828e-06,0.9309149980545044,101029.00263707197
31,bert.encoder.layer.7.attention.self.value,value,0.02631310746073723,0.011333333333333332,2.8403002261256916e-07,0.014218169264495373,0.3524700403213501,6.1529640333901625e-06,0.9143540859222412,33921.04822194805
31,bert.encoder.layer.7.attention.output.dense,dense,0.027159394696354866,0.011333333333333332,1.8486274200313346e-07,0.014341074042022228,0.20548410713672638,4.822868504561484e-06,0.90496826171875,52905.38015765168
31,bert.encoder.layer.8.attention.self.query,query,0.018070900812745094,0.011333333333333332,1.246908283292214e-07,0.01029440388083458,0.2809486389160156,2.585517904662993e-06,0.9711846113204956,66953.7152251325
31,bert.encoder.layer.8.attention.self.key,key,0.01889452338218689,0.011333333333333332,9.520717725308714e-08,0.010171407833695412,0.12806788086891174,1.71775513990724e-06,0.9623684287071228,92955.27663954115
31,bert.encoder.layer.8.attention.self.value,value,0.021403184160590172,0.011333333333333332,2.5167989292640414e-07,0.011068726889789104,0.4190855622291565,4.757240276376251e-06,0.9627211093902588,35233.627063715336
31,bert.encoder.layer.8.attention.output.dense,dense,0.027113839983940125,0.011333333333333332,1.6502453092925862e-07,0.013847480528056622,0.21362733840942383,4.540340796665987e-06,0.9156358242034912,55677.7485615017
31,bert.encoder.layer.9.attention.self.query,query,0.008995861746370792,0.011333333333333332,6.893288606590886e-09,0.002314792014658451,0.04424348846077919,1.7821732001266355e-07,0.9998915195465088,127024.92170501553
31,bert.encoder.layer.9.attention.self.key,key,0.011886637657880783,0.011333333333333332,6.181411826844396e-09,0.00374460406601429,0.005689105950295925,1.871569565992104e-07,0.9977281093597412,184673.40784314802
31,bert.encoder.layer.9.attention.self.value,value,0.01739802211523056,0.011333333333333332,1.7679438713003037e-07,0.008058946579694748,0.42341065406799316,3.91045205105911e-06,0.9864773154258728,31832.855892865235
31,bert.encoder.layer.9.attention.output.dense,dense,0.024997606873512268,0.011333333333333332,1.0849917941868625e-07,0.011983136646449566,0.16892269253730774,2.974673861899646e-06,0.9402194619178772,81874.3684080907
31,bert.encoder.layer.10.attention.self.query,query,0.006171775050461292,0.011333333333333332,3.252484948035317e-09,0.0016319872811436653,0.029968107119202614,8.388574457285358e-08,0.9999525547027588,99008.24597215129
31,bert.encoder.layer.10.attention.self.key,key,0.006261216476559639,0.011333333333333332,4.028965161495535e-09,0.001768480520695448,0.005042216740548611,6.738746805012852e-08,0.9998982548713684,115147.72676713334
31,bert.encoder.layer.10.attention.self.value,value,0.011874777264893055,0.011333333333333332,1.2909941915495438e-07,0.00590106938034296,0.3835415244102478,1.8784471649269108e-06,0.9941067099571228,46881.390197471475
31,bert.encoder.layer.10.attention.output.dense,dense,0.01979033835232258,0.011333333333333332,5.955887516506664e-08,0.009796625934541225,0.11328905820846558,1.660276211623568e-06,0.9656440019607544,110943.36624078942
31,bert.encoder.layer.11.attention.self.query,query,0.005058464594185352,0.011333333333333332,1.516759340347562e-08,0.0023519452661275864,0.0777294710278511,1.5551167109606467e-07,0.99920654296875,115850.57417978282
31,bert.encoder.layer.11.attention.self.key,key,0.0045851427130401134,0.011333333333333332,1.063768539921739e-08,0.0021280806977301836,0.1169881597161293,2.0683447132796573e-07,0.9996541142463684,132897.86650153535
31,bert.encoder.layer.11.attention.self.value,value,0.010279109701514244,0.011333333333333332,1.2480727207275777e-07,0.00526853185147047,0.44412052631378174,1.4869806364004035e-06,0.9972262978553772,52828.73045449528
31,bert.encoder.layer.11.attention.output.dense,dense,0.019083358347415924,0.011333333333333332,4.688961041665607e-08,0.009322530589997768,0.10591957718133926,1.600127347956004e-06,0.9704318642616272,117029.01725832389
32,bert.encoder.layer.0.attention.self.query,query,0.02871537022292614,0.011166666666666668,8.87284556938539e-08,0.01515454426407814,0.10657695680856705,2.8122306048317114e-06,0.8981662392616272,146143.7628903755
32,bert.encoder.layer.0.attention.self.key,key,0.03050737828016281,0.011166666666666668,8.399844375617249e-08,0.016282634809613228,0.09495372325181961,2.5766964881768217e-06,0.8720703125,156167.5001154483
32,bert.encoder.layer.0.attention.self.value,value,0.031061559915542603,0.011166666666666668,1.9144607676935266e-07,0.015755774453282356,0.21369607746601105,5.6277308431162965e-06,0.8733723759651184,76520.43614263278
32,bert.encoder.layer.0.attention.output.dense,dense,0.03490259498357773,0.011166666666666668,1.962444571290689e-07,0.01818610355257988,0.20543314516544342,6.873081474623177e-06,0.8251478672027588,80929.1425454298
32,bert.encoder.layer.1.attention.self.query,query,0.032665740698575974,0.011166666666666668,1.0200390931913716e-07,0.015209085308015347,0.12026570737361908,3.1970839700079523e-06,0.8883124589920044,124176.97284039579
32,bert.encoder.layer.1.attention.self.key,key,0.03211706876754761,0.011166666666666668,9.769568976025766e-08,0.01519808080047369,0.11847055703401566,2.4083001335384324e-06,0.8930392861366272,136484.56684725816
32,bert.encoder.layer.1.attention.self.value,value,0.0297776497900486,0.011166666666666668,3.2198212807088566e-07,0.015383810736238956,0.39306220412254333,6.5346271185262594e-06,0.9003227949142456,45978.96893312189
32,bert.encoder.layer.1.attention.output.dense,dense,0.036111265420913696,0.011166666666666668,1.9865929345996847e-07,0.018030911684036255,0.20699457824230194,6.808400485169841e-06,0.83056640625,84924.24670739219
32,bert.encoder.layer.2.attention.self.query,query,0.027997996658086777,0.011166666666666668,1.070890789378609e-07,0.014320926740765572,0.13812808692455292,3.3891669772856403e-06,0.9090779423713684,117486.67883513395
32,bert.encoder.layer.2.attention.self.key,key,0.030517173931002617,0.011166666666666668,9.72049107872408e-08,0.015097955241799355,0.11568254232406616,3.128446223854553e-06,0.8929172158241272,138435.11687518455
32,bert.encoder.layer.2.attention.self.value,value,0.03394916281104088,0.011166666666666668,3.3319813041998714e-07,0.016818754374980927,0.3614048957824707,7.778978215355892e-06,0.8724568486213684,44503.597317460975
32,bert.encoder.layer.2.attention.output.dense,dense,0.03799115866422653,0.011166666666666668,2.2553273026915122e-07,0.01871219277381897,0.2075977474451065,6.567901436937973e-06,0.81396484375,72901.27932995837
32,bert.encoder.layer.3.attention.self.query,query,0.0290062315762043,0.011166666666666668,1.2311218711147376e-07,0.014784208498895168,0.14818482100963593,3.6575563626684016e-06,0.8948228359222412,102021.02167305957
32,bert.encoder.layer.3.attention.self.key,key,0.03345663845539093,0.011166666666666668,1.1867052052139115e-07,0.01731693744659424,0.13279250264167786,3.511534032440977e-06,0.8553670048713684,116291.60073171636
32,bert.encoder.layer.3.attention.self.value,value,0.037794213742017746,0.011166666666666668,3.462820359345642e-07,0.01975996047258377,0.33022311329841614,9.307146683568135e-06,0.8151516318321228,48372.656576813926
32,bert.encoder.layer.3.attention.output.dense,dense,0.04145253449678421,0.011166666666666668,2.8197175083732873e-07,0.02094881795346737,0.2344895303249359,8.69450559548568e-06,0.7668524980545044,65427.89571293426
32,bert.encoder.layer.4.attention.self.query,query,0.030017774552106857,0.011166666666666668,1.4857656083222537e-07,0.015768853947520256,0.16469572484493256,3.846560503006913e-06,0.8910454511642456,100136.81781340914
32,bert.encoder.layer.4.attention.self.key,key,0.03247096762061119,0.011166666666666668,1.3841014379067929e-07,0.01670144684612751,0.1510443538427353,3.4079380384355318e-06,0.8855319619178772,121687.52145458621
32,bert.encoder.layer.4.attention.self.value,value,0.03470983728766441,0.011166666666666668,3.2534617844248714e-07,0.01780526340007782,0.329392671585083,6.821115675847977e-06,0.8665635585784912,46454.70824488119
32,bert.encoder.layer.4.attention.output.dense,dense,0.03751489520072937,0.011166666666666668,2.2701163970850757e-07,0.019543776288628578,0.22414836287498474,7.21828928362811e-06,0.8051283359527588,67715.72815641826
32,bert.encoder.layer.5.attention.self.query,query,0.028691446408629417,0.011166666666666668,1.5930496033433883e-07,0.015209213830530643,0.2028152048587799,4.612065367837204e-06,0.8974338173866272,96254.71834101602
32,bert.encoder.layer.5.attention.self.key,key,0.03374350816011429,0.011166666666666668,1.4460805175531277e-07,0.017153766006231308,0.16114571690559387,4.07497827836778e-06,0.8640475869178772,112080.63653483098
32,bert.encoder.layer.5.attention.self.value,value,0.0361347496509552,0.011166666666666668,2.836393946381577e-07,0.01761467009782791,0.29485681653022766,7.400051345030079e-06,0.8476833701133728,41242.41124294562
32,bert.encoder.layer.5.attention.output.dense,dense,0.03705010563135147,0.011166666666666668,2.2246551623084088e-07,0.01795780472457409,0.20383991301059723,6.774138000764651e-06,0.8325669765472412,70738.64878868793
32,bert.encoder.layer.6.attention.self.query,query,0.024400321766734123,0.011166666666666668,1.2738203736262221e-07,0.01259301882237196,0.1826668083667755,3.411177203815896e-06,0.9370185136795044,97753.0940027833
32,bert.encoder.layer.6.attention.self.key,key,0.02747824788093567,0.011166666666666668,1.2678688676714955e-07,0.013307670131325722,0.184902161359787,3.0888950277585536e-06,0.9287041425704956,102912.46184227736
32,bert.encoder.layer.6.attention.self.value,value,0.02972826175391674,0.011166666666666668,3.181958447839861e-07,0.014122447930276394,0.3995232880115509,5.645509190799203e-06,0.9240790605545044,32125.59626500779
32,bert.encoder.layer.6.attention.output.dense,dense,0.03269890323281288,0.011166666666666668,1.7667183271896647e-07,0.015669409185647964,0.21507370471954346,5.924850029259687e-06,0.8805270791053772,79724.3266146939
32,bert.encoder.layer.7.attention.self.query,query,0.020292233675718307,0.011166666666666668,1.1099448471441065e-07,0.01000160351395607,0.20667067170143127,3.35135678142251e-06,0.9621378779411316,72820.88818386976
32,bert.encoder.layer.7.attention.self.key,key,0.025324391201138496,0.011166666666666668,1.109474681015854e-07,0.013222303241491318,0.16598835587501526,2.929228003267781e-06,0.9215359091758728,103044.7888212233
32,bert.encoder.layer.7.attention.self.value,value,0.027363736182451248,0.011166666666666668,3.2197800692301826e-07,0.014718241058290005,0.383217453956604,6.852294973214157e-06,0.906982421875,34123.302241708996
32,bert.encoder.layer.7.attention.output.dense,dense,0.027520503848791122,0.011166666666666668,2.1744307332483004e-07,0.01462751254439354,0.24002638459205627,5.533976036531385e-06,0.9028659462928772,52636.268523753795
32,bert.encoder.layer.8.attention.self.query,query,0.017867492511868477,0.011166666666666668,1.122482942150782e-07,0.00978661049157381,0.19160613417625427,2.167831098631723e-06,0.9739719033241272,66950.24495711125
32,bert.encoder.layer.8.attention.self.key,key,0.018671780824661255,0.011166666666666668,7.738549356872682e-08,0.009880129247903824,0.14736820757389069,1.790661031009222e-06,0.9663560390472412,92468.61077794578
32,bert.encoder.layer.8.attention.self.value,value,0.021013475954532623,0.011166666666666668,2.559455651862663e-07,0.010916126891970634,0.4175357222557068,4.839448592974804e-06,0.96441650390625,35281.06836673468
32,bert.encoder.layer.8.attention.output.dense,dense,0.026289772242307663,0.011166666666666668,1.5036404477086762e-07,0.013357804156839848,0.22112275660037994,4.546336640487425e-06,0.9209865927696228,55997.6152540491
32,bert.encoder.layer.9.attention.self.query,query,0.009270749054849148,0.011166666666666668,6.345504566240834e-09,0.0021672325674444437,0.04539234936237335,1.6959258175575087e-07,0.9999660849571228,127639.61425384777
32,bert.encoder.layer.9.attention.self.key,key,0.012050864286720753,0.011166666666666668,5.479952491782569e-09,0.003481667721644044,0.03971756994724274,2.3512146185566962e-07,0.99798583984375,186198.52779748096
32,bert.encoder.layer.9.attention.self.value,value,0.01725858449935913,0.011166666666666668,1.7948134711787134e-07,0.007873349823057652,0.40560340881347656,3.4587546906550415e-06,0.9871554970741272,32073.30068367559
32,bert.encoder.layer.9.attention.output.dense,dense,0.024666085839271545,0.011166666666666668,9.000098799560874e-08,0.012023327872157097,0.11466287821531296,2.3076124762155814e-06,0.9407145380973816,82818.15057732882
32,bert.encoder.layer.10.attention.self.query,query,0.006290866062045097,0.011166666666666668,4.845913892381759e-09,0.0016254937509074807,0.050817906856536865,7.666837120723358e-08,0.9999186396598816,98712.21458102496
32,bert.encoder.layer.10.attention.self.key,key,0.006775693967938423,0.011166666666666668,4.161031963434425e-09,0.001749918214045465,0.04649301990866661,7.87017242487309e-08,0.9998982548713684,114836.13905910819
32,bert.encoder.layer.10.attention.self.value,value,0.012052920646965504,0.011166666666666668,1.2348601785561186e-07,0.0057755266316235065,0.3628776967525482,1.6535900613234844e-06,0.9942966103553772,46931.61180126519
32,bert.encoder.layer.10.attention.output.dense,dense,0.019674338400363922,0.011166666666666668,5.59158728208331e-08,0.009488748386502266,0.09391280263662338,1.1391273346816888e-06,0.9687296748161316,112383.33821735736
32,bert.encoder.layer.11.attention.self.query,query,0.005293673370033503,0.011166666666666668,9.493727581855183e-09,0.0021808738820254803,0.07067226618528366,1.827035731594151e-07,0.9993693232536316,115760.01670829994
32,bert.encoder.layer.11.attention.self.key,key,0.004536012187600136,0.011166666666666668,7.1113195332372925e-09,0.0019654198549687862,0.08490867167711258,1.1727988180609827e-07,0.9998372197151184,132531.2896490441
32,bert.encoder.layer.11.attention.self.value,value,0.010520251467823982,0.011166666666666668,1.228143986509167e-07,0.005478829611092806,0.43435558676719666,1.36923097215913e-06,0.9967176914215088,52219.693805473245
32,bert.encoder.layer.11.attention.output.dense,dense,0.01895642653107643,0.011166666666666668,4.702435063563826e-08,0.009443939663469791,0.06947903335094452,1.402250290993834e-06,0.9700114130973816,118159.95621326401
33,bert.encoder.layer.0.attention.self.query,query,0.03008492849767208,0.011,9.807260425986897e-08,0.015869105234742165,0.10860752314329147,3.159552534270915e-06,0.8846774697303772,146584.99809840115
33,bert.encoder.layer.0.attention.self.key,key,0.03194604814052582,0.011,9.009869472720311e-08,0.017099866643548012,0.10196516662836075,3.1029344427224714e-06,0.8570692539215088,155132.74627089355
33,bert.encoder.layer.0.attention.self.value,value,0.03304353356361389,0.011,2.2235984431517863e-07,0.016845762729644775,0.2312062680721283,6.664178272330901e-06,0.8527696132659912,76004.47460359184
33,bert.encoder.layer.0.attention.output.dense,dense,0.03696533665060997,0.011,2.3481130995151034e-07,0.01918419823050499,0.22567510604858398,7.730616744083818e-06,0.8069118857383728,80779.18595197334
33,bert.encoder.layer.1.attention.self.query,query,0.03433842957019806,0.011,1.2541056548798224e-07,0.01607036218047142,0.13507772982120514,3.652850864455104e-06,0.8723686933517456,124429.64672430488
33,bert.encoder.layer.1.attention.self.key,key,0.03346346318721771,0.011,1.1408253186573347e-07,0.015881752595305443,0.1290142983198166,3.23392578138737e-06,0.881103515625,138025.3196657723
33,bert.encoder.layer.1.attention.self.value,value,0.0314786434173584,0.011,3.1978123615772347e-07,0.016094530001282692,0.3740590810775757,7.0272049015329685e-06,0.8854302167892456,46106.603887389014
33,bert.encoder.layer.1.attention.output.dense,dense,0.038103505969047546,0.011,2.1854940257526323e-07,0.01899206079542637,0.21727213263511658,7.433884093188681e-06,0.8106825351715088,85069.49791964027
33,bert.encoder.layer.2.attention.self.query,query,0.029463933780789375,0.011,1.1223102092117188e-07,0.015315372496843338,0.14308813214302063,3.484078206383856e-06,0.8934122920036316,117555.20533435282
33,bert.encoder.layer.2.attention.self.key,key,0.031840477138757706,0.011,1.0138870720766135e-07,0.015780964866280556,0.11721930652856827,3.1490999390371144e-06,0.8804999589920044,138759.83123767524
33,bert.encoder.layer.2.attention.self.value,value,0.03580324724316597,0.011,3.309448288746353e-07,0.017499620094895363,0.3348318040370941,7.942493539303541e-06,0.8581746220588684,44780.72676681142
33,bert.encoder.layer.2.attention.output.dense,dense,0.039685823023319244,0.011,2.357597139734935e-07,0.019803447648882866,0.23351411521434784,7.873887625464704e-06,0.7929213047027588,73245.99357385146
33,bert.encoder.layer.3.attention.self.query,query,0.03027407079935074,0.011,1.5068415848418226e-07,0.01529280748218298,0.18455159664154053,4.448644176591188e-06,0.8836873173713684,102350.45529167347
33,bert.encoder.layer.3.attention.self.key,key,0.03492904454469681,0.011,1.6249781253918627e-07,0.018034499138593674,0.1605164110660553,4.355981673143106e-06,0.8411118984222412,115460.1962635215
33,bert.encoder.layer.3.attention.self.value,value,0.03932337835431099,0.011,3.602111462441826e-07,0.02061093971133232,0.302115261554718,9.16615408641519e-06,0.7981024980545044,48507.92776051469
33,bert.encoder.layer.3.attention.output.dense,dense,0.04353062063455582,0.011,3.0065584155636316e-07,0.021984755992889404,0.25451162457466125,1.000709380605258e-05,0.7471720576286316,65511.62507129037
33,bert.encoder.layer.4.attention.self.query,query,0.0310797318816185,0.011,1.6110715250761132e-07,0.016264084726572037,0.1829938292503357,4.159246145718498e-06,0.8838093876838684,98661.9894954304
33,bert.encoder.layer.4.attention.self.key,key,0.03381901979446411,0.011,1.5184124890765816e-07,0.017341678962111473,0.16582590341567993,3.5745154036703752e-06,0.8744710087776184,120643.8085361754
33,bert.encoder.layer.4.attention.self.value,value,0.036701757460832596,0.011,3.703161439716496e-07,0.01890646293759346,0.35357168316841125,8.296051419165451e-06,0.8482530117034912,46450.94802483816
33,bert.encoder.layer.4.attention.output.dense,dense,0.039371900260448456,0.011,2.677147676877212e-07,0.020742418244481087,0.2420886605978012,8.374291610380169e-06,0.7841660976409912,68003.3859999681
33,bert.encoder.layer.5.attention.self.query,query,0.029697129502892494,0.011,1.5812227616152086e-07,0.015490801073610783,0.18802566826343536,4.352988980826922e-06,0.8921372890472412,97557.62188723561
33,bert.encoder.layer.5.attention.self.key,key,0.035261452198028564,0.011,1.5623704996414745e-07,0.017867308109998703,0.1732158064842224,4.0491586332791485e-06,0.8528916835784912,114589.9871719362
33,bert.encoder.layer.5.attention.self.value,value,0.03813909739255905,0.011,3.0610374324169243e-07,0.018426625058054924,0.30205169320106506,8.170114597305655e-06,0.8328043818473816,41463.19358056994
33,bert.encoder.layer.5.attention.output.dense,dense,0.03885387256741524,0.011,2.2609951599861233e-07,0.018834730610251427,0.23221711814403534,7.64317883295007e-06,0.8166368007659912,70663.16342977213
33,bert.encoder.layer.6.attention.self.query,query,0.025536607950925827,0.011,1.4185431496116507e-07,0.013205409049987793,0.2002321183681488,3.7539898585237097e-06,0.9288194179534912,97006.98508310011
33,bert.encoder.layer.6.attention.self.key,key,0.02937481738626957,0.011,1.2425365980561764e-07,0.014225156977772713,0.16298924386501312,3.4128509014408337e-06,0.9143269658088684,102588.57939715614
33,bert.encoder.layer.6.attention.self.value,value,0.031267959624528885,0.011,3.2575235309195705e-07,0.014953660778701305,0.4040682911872864,6.3385318753717e-06,0.9088948369026184,32425.096101579988
33,bert.encoder.layer.6.attention.output.dense,dense,0.03414778411388397,0.011,1.8536955792569643e-07,0.016321077942848206,0.2182503193616867,6.26687233307166e-06,0.8678452968597412,79947.70786278638
33,bert.encoder.layer.7.attention.self.query,query,0.021400999277830124,0.011,1.241445204414049e-07,0.010624250397086143,0.20815561711788177,3.536478061505477e-06,0.9558647871017456,71425.95699329146
33,bert.encoder.layer.7.attention.self.key,key,0.02662079967558384,0.011,1.1771899721679802e-07,0.013741683214902878,0.15893931686878204,3.0023236377019202e-06,0.9160563349723816,101196.74959174263
33,bert.encoder.layer.7.attention.self.value,value,0.02838343009352684,0.011,3.05257344734855e-07,0.015321747399866581,0.3834187686443329,7.69231246522395e-06,0.8972100019454956,34395.887432791525
33,bert.encoder.layer.7.attention.output.dense,dense,0.028690658509731293,0.011,2.127346334646063e-07,0.015244672074913979,0.24589452147483826,5.8574241847964e-06,0.8912150263786316,52800.428891336465
33,bert.encoder.layer.8.attention.self.query,query,0.01853485219180584,0.011,1.178953823455231e-07,0.010383418761193752,0.2064112424850464,2.4278688215417787e-06,0.96856689453125,66208.36004613913
33,bert.encoder.layer.8.attention.self.key,key,0.019439738243818283,0.011,8.587058886178056e-08,0.010232063941657543,0.13798224925994873,1.5401469681819435e-06,0.9624362587928772,91089.39598607627
33,bert.encoder.layer.8.attention.self.value,value,0.02127424068748951,0.011,2.4908536033763085e-07,0.011008058674633503,0.38677504658699036,4.542284386843676e-06,0.9635213017463684,35689.67505366312
33,bert.encoder.layer.8.attention.output.dense,dense,0.027046946808695793,0.011,1.4885991106439178e-07,0.013850350864231586,0.19263726472854614,3.819921857939335e-06,0.9150933027267456,56373.22651238099
33,bert.encoder.layer.9.attention.self.query,query,0.009462804533541203,0.011,7.138481361579352e-09,0.0022296563256531954,0.07217229157686234,1.6870683339220705e-07,0.9999592900276184,127129.87878482576
33,bert.encoder.layer.9.attention.self.key,key,0.01210319995880127,0.011,6.322178780493459e-09,0.003681913251057267,0.02159120887517929,1.547963961456844e-07,0.99786376953125,186042.85400486158
33,bert.encoder.layer.9.attention.self.value,value,0.0173756405711174,0.011,1.684226020870483e-07,0.007928713224828243,0.38895368576049805,3.4010890885838307e-06,0.9876708984375,31991.668669131734
33,bert.encoder.layer.9.attention.output.dense,dense,0.024931058287620544,0.011,9.962531066776137e-08,0.012137272395193577,0.13030682504177094,2.412910134808044e-06,0.9389784336090088,83189.38551731512
33,bert.encoder.layer.10.attention.self.query,query,0.006635269150137901,0.011,5.004678005349206e-09,0.0017144364537671208,0.05364922434091568,1.114271128699329e-07,0.99993896484375,99054.83045469322
33,bert.encoder.layer.10.attention.self.key,key,0.006782785058021545,0.011,3.8176302119552474e-09,0.0018568706000223756,0.024378672242164612,6.961253973258863e-08,0.9998372197151184,115237.90999044188
33,bert.encoder.layer.10.attention.self.value,value,0.012079406529664993,0.011,1.0610886391759777e-07,0.005931974388659,0.33708223700523376,1.7903075786307454e-06,0.9939643144607544,46786.721181154455
33,bert.encoder.layer.10.attention.output.dense,dense,0.01983972080051899,0.011,5.426830540500305e-08,0.009696575812995434,0.08473028987646103,1.494460320827784e-06,0.9665256142616272,113080.03794946182
33,bert.encoder.layer.11.attention.self.query,query,0.005641513038426638,0.011,1.5087133320434987e-08,0.002461507683619857,0.11221238225698471,3.834428241589194e-07,0.9992133378982544,116798.3257627912
33,bert.encoder.layer.11.attention.self.key,key,0.004973278846591711,0.011,1.1035612423881958e-08,0.0022916062735021114,0.09706756472587585,2.364991473768896e-07,0.99969482421875,133074.99863054467
33,bert.encoder.layer.11.attention.self.value,value,0.010702531784772873,0.011,1.3115611352532142e-07,0.005436615087091923,0.4281882643699646,1.5427950756929931e-06,0.9972059726715088,52502.86678160701
33,bert.encoder.layer.11.attention.output.dense,dense,0.019113091751933098,0.011,5.309837902700565e-08,0.009351932443678379,0.12176842987537384,1.7842152146840817e-06,0.9697536826133728,119229.11027251497
34,bert.encoder.layer.0.attention.self.query,query,0.02901494689285755,0.010833333333333332,7.871932439229568e-08,0.015334718860685825,0.09215240180492401,2.622279453134979e-06,0.8944905400276184,147503.40018921136
34,bert.encoder.layer.0.attention.self.key,key,0.03056410141289234,0.010833333333333332,7.674736224316803e-08,0.016344791278243065,0.0874837338924408,2.5256688331865007e-06,0.8707682490348816,155008.8194524495
34,bert.encoder.layer.0.attention.self.value,value,0.031347088515758514,0.010833333333333332,1.8022143422058434e-07,0.015991410240530968,0.19968323409557343,5.398223493102705e-06,0.8688896894454956,76483.03348556139
34,bert.encoder.layer.0.attention.output.dense,dense,0.03542910888791084,0.010833333333333332,1.9970435971572442e-07,0.018493682146072388,0.19171619415283203,6.132938779046526e-06,0.8205159306526184,81407.37309653785
34,bert.encoder.layer.1.attention.self.query,query,0.033546239137649536,0.010833333333333332,9.579084547794992e-08,0.015409788116812706,0.11815881729125977,2.967607997561572e-06,0.8846367597579956,125688.19197665754
34,bert.encoder.layer.1.attention.self.key,key,0.03268125653266907,0.010833333333333332,8.580007460068373e-08,0.015132620930671692,0.11137662827968597,2.4943799417087575e-06,0.8928968906402588,138016.7617389497
34,bert.encoder.layer.1.attention.self.value,value,0.030051670968532562,0.010833333333333332,2.7793606705017737e-07,0.015066458843648434,0.32303449511528015,5.824480922456132e-06,0.8989732265472412,46764.26523808975
34,bert.encoder.layer.1.attention.output.dense,dense,0.03679218515753746,0.010833333333333332,1.8718289140906563e-07,0.018342770636081696,0.19314666092395782,6.238411970116431e-06,0.8242051601409912,85804.84574128142
34,bert.encoder.layer.2.attention.self.query,query,0.02889135852456093,0.010833333333333332,1.012369850172945e-07,0.014827486127614975,0.11868607252836227,3.0658341074740747e-06,0.9020114541053772,118940.06411025897
34,bert.encoder.layer.2.attention.self.key,key,0.031240658834576607,0.010833333333333332,9.423594349300402e-08,0.015253407880663872,0.1047138124704361,2.9727743822149932e-06,0.889892578125,139500.43420173708
34,bert.encoder.layer.2.attention.self.value,value,0.03467253968119621,0.010833333333333332,3.225282512175909e-07,0.017023399472236633,0.33989453315734863,7.705943971814122e-06,0.8688828945159912,45221.28704810513
34,bert.encoder.layer.2.attention.output.dense,dense,0.038751352578401566,0.010833333333333332,2.2784554687405034e-07,0.01926829107105732,0.21168704330921173,6.8889212343492545e-06,0.8016018271446228,73374.07598373409
34,bert.encoder.layer.3.attention.self.query,query,0.030361589044332504,0.010833333333333332,1.4120529101546708e-07,0.01558278314769268,0.17510350048542023,4.08953701480641e-06,0.8830905556678772,104064.46642247797
34,bert.encoder.layer.3.attention.self.key,key,0.034620415419340134,0.010833333333333332,1.4028624661932554e-07,0.017835628241300583,0.14531289041042328,3.827789896604372e-06,0.8491753339767456,117713.65157462409
34,bert.encoder.layer.3.attention.self.value,value,0.038673676550388336,0.010833333333333332,3.97006971297742e-07,0.020475056022405624,0.3511948585510254,9.372077329317108e-06,0.8091498613357544,48059.74952174938
34,bert.encoder.layer.3.attention.output.dense,dense,0.042776938527822495,0.010833333333333332,2.874584481560305e-07,0.021751154214143753,0.23610985279083252,8.985146450868342e-06,0.7541978359222412,65913.74532589086
34,bert.encoder.layer.4.attention.self.query,query,0.030620187520980835,0.010833333333333332,1.496083399388226e-07,0.016030699014663696,0.15912064909934998,3.9335009205387905e-06,0.88653564453125,97348.30984181221
34,bert.encoder.layer.4.attention.self.key,key,0.03333368897438049,0.010833333333333332,1.462482686065414e-07,0.01725461333990097,0.14535237848758698,3.3981170872721123e-06,0.8772108554840088,118372.02712709615
34,bert.encoder.layer.4.attention.self.value,value,0.03598244488239288,0.010833333333333332,3.813564717347617e-07,0.01873360387980938,0.37651753425598145,8.21183857624419e-06,0.8550347089767456,46044.23842636057
34,bert.encoder.layer.4.attention.output.dense,dense,0.03866664692759514,0.010833333333333332,2.3829819895127002e-07,0.02022768184542656,0.19656161963939667,7.215228379209293e-06,0.7914631962776184,68157.22603474415
34,bert.encoder.layer.5.attention.self.query,query,0.029124708846211433,0.010833333333333332,1.3517075103663956e-07,0.015163926407694817,0.1533447951078415,3.699313992910902e-06,0.8990614414215088,98106.17968627017
34,bert.encoder.layer.5.attention.self.key,key,0.03435656055808067,0.010833333333333332,1.360278218953681e-07,0.01724979840219021,0.15379908680915833,4.003561116405763e-06,0.86187744140625,115432.4631863609
34,bert.encoder.layer.5.attention.self.value,value,0.037552185356616974,0.010833333333333332,3.127392176338617e-07,0.018098214641213417,0.3077968657016754,7.53760014049476e-06,0.8405829668045044,42120.415950953946
34,bert.encoder.layer.5.attention.output.dense,dense,0.038444634526968,0.010833333333333332,2.086083128460814e-07,0.018613316118717194,0.23495814204216003,7.646857739018742e-06,0.8220146894454956,70897.33389231678
34,bert.encoder.layer.6.attention.self.query,query,0.02548552304506302,0.010833333333333332,1.362613346600483e-07,0.013207972049713135,0.1968955248594284,3.6916276258125436e-06,0.9286702275276184,94989.85451140354
34,bert.encoder.layer.6.attention.self.key,key,0.029059642925858498,0.010833333333333332,1.259420514543308e-07,0.014166351407766342,0.16002720594406128,3.035313966393005e-06,0.9151611328125,100707.484572016
34,bert.encoder.layer.6.attention.self.value,value,0.031480822712183,0.010833333333333332,3.7652171158697456e-07,0.015306107699871063,0.4472755193710327,6.6800557760871015e-06,0.9091389775276184,32443.127687113963
34,bert.encoder.layer.6.attention.output.dense,dense,0.0337357260286808,0.010833333333333332,1.8550325364685705e-07,0.016170915216207504,0.19315646588802338,5.4164579523785505e-06,0.8692152500152588,80200.68556682166
34,bert.encoder.layer.7.attention.self.query,query,0.020870814099907875,0.010833333333333332,1.1283233902759093e-07,0.010307146236300468,0.2008001208305359,3.177244934704504e-06,0.9596286416053772,72506.58980237968
34,bert.encoder.layer.7.attention.self.key,key,0.026125673204660416,0.010833333333333332,1.0555860541217044e-07,0.01381183136254549,0.1482292264699936,3.082725925196428e-06,0.9143202304840088,102513.3877292658
34,bert.encoder.layer.7.attention.self.value,value,0.028516298159956932,0.010833333333333332,3.087713764671207e-07,0.015648556873202324,0.37228262424468994,7.015171831881162e-06,0.8936225175857544,34516.30932862162
34,bert.encoder.layer.7.attention.output.dense,dense,0.028837066143751144,0.010833333333333332,2.0850910686931456e-07,0.01533728837966919,0.2322235405445099,5.845298801432364e-06,0.8892754316329956,52796.90397552776
34,bert.encoder.layer.8.attention.self.query,query,0.01920248009264469,0.010833333333333332,1.143025656347163e-07,0.01061090175062418,0.22796903550624847,2.282361265315558e-06,0.96728515625,67701.01534786118
34,bert.encoder.layer.8.attention.self.key,key,0.019866544753313065,0.010833333333333332,7.797749645988006e-08,0.010462797246873379,0.13965344429016113,1.7409734027751256e-06,0.9606526494026184,92813.02393503426
34,bert.encoder.layer.8.attention.self.value,value,0.021388454362750053,0.010833333333333332,2.4170753931684885e-07,0.010880790650844574,0.3707846999168396,4.528850240603788e-06,0.9636501669883728,35850.09167773768
34,bert.encoder.layer.8.attention.output.dense,dense,0.026889434084296227,0.010833333333333332,1.381641254738497e-07,0.013664092868566513,0.20090247690677643,4.258617536834208e-06,0.9181450605392456,56909.89271325101
34,bert.encoder.layer.9.attention.self.query,query,0.009652625769376755,0.010833333333333332,8.224613878837772e-09,0.0022746629547327757,0.05997972562909126,1.5066758862758434e-07,0.9999050498008728,127928.35696988017
34,bert.encoder.layer.9.attention.self.key,key,0.01205776259303093,0.010833333333333332,7.189117301464876e-09,0.003641468705609441,0.009251137264072895,4.9833328574777624e-08,0.9977484941482544,187473.2448788055
34,bert.encoder.layer.9.attention.self.value,value,0.0172409750521183,0.010833333333333332,1.6749545750371908e-07,0.007871055975556374,0.39330747723579407,3.378069777681958e-06,0.9878947138786316,32002.029837056696
34,bert.encoder.layer.9.attention.output.dense,dense,0.02464407868683338,0.010833333333333332,9.326615213467448e-08,0.011913488619029522,0.12830330431461334,2.855263119272422e-06,0.9415215253829956,84407.71273575007
34,bert.encoder.layer.10.attention.self.query,query,0.006712963804602623,0.010833333333333332,5.314014117629995e-09,0.001907459576614201,0.024775924161076546,6.907823291157911e-08,0.9998643398284912,99038.4797535267
34,bert.encoder.layer.10.attention.self.key,key,0.0070146918296813965,0.010833333333333332,4.138795528518813e-09,0.002054536947980523,0.03325658664107323,1.1052024007085492e-07,0.9998236894607544,115525.57093658629
34,bert.encoder.layer.10.attention.self.value,value,0.012237452901899815,0.010833333333333332,1.2109418889849621e-07,0.005953964311629534,0.3769582211971283,1.9125279777654214e-06,0.9939507246017456,47661.63283910704
34,bert.encoder.layer.10.attention.output.dense,dense,0.019834574311971664,0.010833333333333332,5.931774538225909e-08,0.00962815061211586,0.09200501441955566,1.435088620382885e-06,0.9676649570465088,113780.19080827586
34,bert.encoder.layer.11.attention.self.query,query,0.005976207088679075,0.010833333333333332,2.9636893827955646e-08,0.002607539528980851,0.2235221117734909,4.641413227091107e-07,0.9984944462776184,117162.34069453776
34,bert.encoder.layer.11.attention.self.key,key,0.005024161655455828,0.010833333333333332,2.275583987909613e-08,0.0023000198416411877,0.18502558767795563,3.6617655041482067e-07,0.9996134638786316,134515.95101279567
34,bert.encoder.layer.11.attention.self.value,value,0.010520554147660732,0.010833333333333332,1.3432483569886244e-07,0.005314626730978489,0.43532589077949524,1.5635362160537625e-06,0.99700927734375,51775.890375609924
34,bert.encoder.layer.11.attention.output.dense,dense,0.018985576927661896,0.010833333333333332,4.9460759043995495e-08,0.009372446686029434,0.09144985675811768,1.138456696025969e-06,0.9699978232383728,119109.92072611267
35,bert.encoder.layer.0.attention.self.query,query,0.030966458842158318,0.010666666666666668,9.491095198654875e-08,0.016262123361229897,0.10660804063081741,3.1246145226759836e-06,0.8755289912223816,148067.1960792318
35,bert.encoder.layer.0.attention.self.key,key,0.03235802426934242,0.010666666666666668,8.493176295587546e-08,0.017264263704419136,0.08348140120506287,2.7074534045823384e-06,0.8538818359375,155883.38693792585
35,bert.encoder.layer.0.attention.self.value,value,0.03319066762924194,0.010666666666666668,2.136215613290915e-07,0.016999930143356323,0.2372910976409912,6.576433861482656e-06,0.85015869140625,77158.99039186128
35,bert.encoder.layer.0.attention.output.dense,dense,0.037629950791597366,0.010666666666666668,2.2902807472746645e-07,0.019532565027475357,0.21856287121772766,7.701020876993425e-06,0.7994045615196228,81599.48991365382
35,bert.encoder.layer.1.attention.self.query,query,0.035750191658735275,0.010666666666666668,1.2115506820009614e-07,0.01651703752577305,0.14274519681930542,3.767892621908686e-06,0.86474609375,125357.93673568059
35,bert.encoder.layer.1.attention.self.key,key,0.03553665801882744,0.010666666666666668,1.1477281702809705e-07,0.016571905463933945,0.12786352634429932,3.228919922548812e-06,0.8694593906402588,137369.02607207352
35,bert.encoder.layer.1.attention.self.value,value,0.032938115298748016,0.010666666666666668,3.4864442000070994e-07,0.016461849212646484,0.37367311120033264,7.3054907261393964e-06,0.8772447109222412,47699.058268744324
35,bert.encoder.layer.1.attention.output.dense,dense,0.03961830586194992,0.010666666666666668,2.42004176698174e-07,0.019811004400253296,0.21633130311965942,7.704739800828975e-06,0.7935519814491272,85690.58004320758
35,bert.encoder.layer.2.attention.self.query,query,0.03056970424950123,0.010666666666666668,1.2961169204572798e-07,0.015781333670020103,0.1648882031440735,4.062535026605474e-06,0.8858642578125,119015.5351021159
35,bert.encoder.layer.2.attention.self.key,key,0.03324441239237785,0.010666666666666668,1.185092628475104e-07,0.01649123802781105,0.1424655318260193,3.4791207781381672e-06,0.8692559003829956,139084.13688083182
35,bert.encoder.layer.2.attention.self.value,value,0.03784229978919029,0.010666666666666668,4.218269680222875e-07,0.018715782091021538,0.4174952208995819,9.908112588163931e-06,0.8440280556678772,45750.7055206838
35,bert.encoder.layer.2.attention.output.dense,dense,0.041475098580121994,0.010666666666666668,2.678969792668795e-07,0.02057948336005211,0.2524886429309845,9.270325790566858e-06,0.7777235507965088,73688.11018343532
35,bert.encoder.layer.3.attention.self.query,query,0.03208400681614876,0.010666666666666668,1.5150688170706417e-07,0.016399459913372993,0.1759282648563385,4.662021183321485e-06,0.8656752109527588,103531.77592911372
35,bert.encoder.layer.3.attention.self.key,key,0.036706775426864624,0.010666666666666668,1.498407300459803e-07,0.018918272107839584,0.1341385394334793,4.313385943532921e-06,0.8273518681526184,117272.456306111
35,bert.encoder.layer.3.attention.self.value,value,0.0422930009663105,0.010666666666666668,5.750491709477501e-07,0.023017970845103264,0.47343435883522034,1.1629111213551369e-05,0.7840847373008728,49053.619107509185
35,bert.encoder.layer.3.attention.output.dense,dense,0.04499755799770355,0.010666666666666668,3.4862580378103303e-07,0.022778941318392754,0.27480214834213257,1.1278830243099947e-05,0.7309299111366272,66864.8427812342
35,bert.encoder.layer.4.attention.self.query,query,0.03256981074810028,0.010666666666666668,1.87791130201731e-07,0.017137659713625908,0.20246732234954834,4.732635261461837e-06,0.8697984218597412,95910.4720039004
35,bert.encoder.layer.4.attention.self.key,key,0.0356258787214756,0.010666666666666668,1.7028098397986469e-07,0.01843741536140442,0.17342372238636017,3.884921625285642e-06,0.8641425371170044,116415.80692148766
35,bert.encoder.layer.4.attention.self.value,value,0.03853299468755722,0.010666666666666668,4.46694116362778e-07,0.020489471033215523,0.413440465927124,9.65762410487514e-06,0.8362630009651184,46523.06740973695
35,bert.encoder.layer.4.attention.output.dense,dense,0.04090147092938423,0.010666666666666668,2.892688826250378e-07,0.021550003439188004,0.25028663873672485,8.850660378811881e-06,0.7692192792892456,69090.15103080781
35,bert.encoder.layer.5.attention.self.query,query,0.030151575803756714,0.010666666666666668,1.4767194045361975e-07,0.01582365483045578,0.17784130573272705,4.270126737537794e-06,0.8852674961090088,98449.61424708512
35,bert.encoder.layer.5.attention.self.key,key,0.035742200911045074,0.010666666666666668,1.4239684276162734e-07,0.0177625585347414,0.13225115835666656,3.894318979291711e-06,0.8518947958946228,114848.16753610325
35,bert.encoder.layer.5.attention.self.value,value,0.038938313722610474,0.010666666666666668,3.487861874873488e-07,0.019068552181124687,0.3226858377456665,8.653839358885307e-06,0.8221842646598816,42488.05761966659
35,bert.encoder.layer.5.attention.output.dense,dense,0.039702534675598145,0.010666666666666668,2.4243610141638783e-07,0.01919412985444069,0.23850995302200317,8.097008503682446e-06,0.8076239824295044,70936.95298921078
35,bert.encoder.layer.6.attention.self.query,query,0.026964126154780388,0.010666666666666668,1.7228003912350687e-07,0.014123956672847271,0.22110116481781006,4.203789103485178e-06,0.9173583984375,98819.46404401286
35,bert.encoder.layer.6.attention.self.key,key,0.030712362378835678,0.010666666666666668,1.5389602481263864e-07,0.015166685916483402,0.21172937750816345,3.894689143635333e-06,0.9035915732383728,107171.80483699565
35,bert.encoder.layer.6.attention.self.value,value,0.03257378563284874,0.010666666666666668,4.145884417994239e-07,0.015879500657320023,0.46472233533859253,7.22207005310338e-06,0.8991563320159912,32619.71039330074
35,bert.encoder.layer.6.attention.output.dense,dense,0.03498813137412071,0.010666666666666668,1.8809424773280625e-07,0.016846248880028725,0.2171773910522461,6.55822987027932e-06,0.8593003749847412,81244.27508995878
35,bert.encoder.layer.7.attention.self.query,query,0.022191809490323067,0.010666666666666668,1.6987989681638282e-07,0.011025534942746162,0.25769126415252686,3.984136583312647e-06,0.9505208134651184,69460.62830549585
35,bert.encoder.layer.7.attention.self.key,key,0.02759021334350109,0.010666666666666668,1.4770726863844175e-07,0.014488105662167072,0.17971262335777283,3.5377463518670993e-06,0.9039238691329956,99372.0541630549
35,bert.encoder.layer.7.attention.self.value,value,0.02940150909125805,0.010666666666666668,3.490169717679237e-07,0.016109948977828026,0.4175540506839752,8.326253919221926e-06,0.8880344033241272,34828.277034515006
35,bert.encoder.layer.7.attention.output.dense,dense,0.02915220893919468,0.010666666666666668,2.463733892454911e-07,0.015751998871564865,0.28525152802467346,6.812771061959211e-06,0.8841959834098816,52520.4588572252
35,bert.encoder.layer.8.attention.self.query,query,0.01942526549100876,0.010666666666666668,1.2102474045150302e-07,0.010867895558476448,0.16311968863010406,2.327974470972549e-06,0.9669121503829956,67053.90190623439
35,bert.encoder.layer.8.attention.self.key,key,0.01967901550233364,0.010666666666666668,7.48915667259098e-08,0.01036061905324459,0.12916603684425354,1.700630832601746e-06,0.96234130859375,92142.87941398496
35,bert.encoder.layer.8.attention.self.value,value,0.021030863747000694,0.010666666666666668,2.2259985144046368e-07,0.010721839033067226,0.355098158121109,4.182466000202112e-06,0.9643825888633728,36500.84256302569
35,bert.encoder.layer.8.attention.output.dense,dense,0.026794135570526123,0.010666666666666668,1.438533132613884e-07,0.013641346246004105,0.21417222917079926,4.548850483843125e-06,0.9182468056678772,57627.20094415724
35,bert.encoder.layer.9.attention.self.query,query,0.009735089726746082,0.010666666666666668,4.573086798131953e-09,0.0020719447638839483,0.04825055971741676,1.3198075521358987e-07,0.9999321699142456,128544.30430215718
35,bert.encoder.layer.9.attention.self.key,key,0.01201851200312376,0.010666666666666668,4.714735268862569e-09,0.0035392828285694122,0.020018601790070534,1.1924332454782416e-07,0.997802734375,189305.00712967545
35,bert.encoder.layer.9.attention.self.value,value,0.017008434981107712,0.010666666666666668,1.992051608112888e-07,0.008026027120649815,0.4671310484409332,3.7771906136185862e-06,0.9874403476715088,32472.81114572111
35,bert.encoder.layer.9.attention.output.dense,dense,0.02469703182578087,0.010666666666666668,1.1354789108963814e-07,0.012191922403872013,0.16020025312900543,2.879121211663005e-06,0.9376220703125,85668.33466104974
35,bert.encoder.layer.10.attention.self.query,query,0.007199456449598074,0.010666666666666668,5.600242047876236e-09,0.0017848174320533872,0.06698518991470337,1.3880841720492754e-07,0.9999050498008728,98578.55137212972
35,bert.encoder.layer.10.attention.self.key,key,0.007041946053504944,0.010666666666666668,4.721766089232915e-09,0.0018313225591555238,0.05206946283578873,6.731924884206819e-08,0.9998236894607544,115177.68967652811
35,bert.encoder.layer.10.attention.self.value,value,0.012001908384263515,0.010666666666666668,1.3166207679660147e-07,0.005973322782665491,0.43447548151016235,2.0061697796336375e-06,0.9941813349723816,48183.625668510365
35,bert.encoder.layer.10.attention.output.dense,dense,0.01977970451116562,0.010666666666666668,6.206284552945363e-08,0.009443610906600952,0.08778604120016098,1.3554819133787532e-06,0.9686686396598816,115664.60807798916
35,bert.encoder.layer.11.attention.self.query,query,0.005201296415179968,0.010666666666666668,9.665394706814823e-09,0.00195230171084404,0.11695487052202225,2.0143869505773182e-07,0.9995049238204956,117092.37050943203
35,bert.encoder.layer.11.attention.self.key,key,0.004081955179572105,0.010666666666666668,7.198786899920151e-09,0.0017005575355142355,0.09096551686525345,1.0131409311497919e-07,0.9998711347579956,134244.76153848562
35,bert.encoder.layer.11.attention.self.value,value,0.009951384738087654,0.010666666666666668,1.261317237322146e-07,0.005014941096305847,0.4194224178791046,1.3171243153919932e-06,0.9975993037223816,51110.76198362342
35,bert.encoder.layer.11.attention.output.dense,dense,0.018936974927783012,0.010666666666666668,4.689455934681064e-08,0.009325327351689339,0.09578624367713928,1.501638053014176e-06,0.9698960781097412,120343.19452904776
36,bert.encoder.layer.0.attention.self.query,query,0.029526416212320328,0.0105,8.013829955189067e-08,0.015531634911894798,0.09118301421403885,2.6219820483674994e-06,0.8909912109375,148433.73083894595
36,bert.encoder.layer.0.attention.self.key,key,0.031159987673163414,0.0105,7.895086895359782e-08,0.016663020476698875,0.08228772133588791,2.3081095150701003e-06,0.8661906123161316,154810.10850622857
36,bert.encoder.layer.0.attention.self.value,value,0.0319676473736763,0.0105,2.1487349499693664e-07,0.01627727597951889,0.24134321510791779,6.313011908787303e-06,0.8648749589920044,75968.08647344538
36,bert.encoder.layer.0.attention.output.dense,dense,0.03601041063666344,0.0105,2.1118424342603248e-07,0.01868830807507038,0.20613332092761993,6.819203008490149e-06,0.8146701455116272,81329.28563201289
36,bert.encoder.layer.1.attention.self.query,query,0.03408578038215637,0.0105,1.0702797226258554e-07,0.015724007040262222,0.11595313996076584,3.1727333862363594e-06,0.87762451171875,125745.3237194162
36,bert.encoder.layer.1.attention.self.key,key,0.03334725275635719,0.0105,9.534048217574309e-08,0.015615811571478844,0.11686746031045914,2.8222586934134597e-06,0.8856743574142456,136958.4801458263
36,bert.encoder.layer.1.attention.self.value,value,0.031170500442385674,0.0105,3.058057131966052e-07,0.015639709308743477,0.33768555521965027,6.5166418607987e-06,0.8896687626838684,47505.16447338887
36,bert.encoder.layer.1.attention.output.dense,dense,0.0377424992620945,0.0105,2.081211931681537e-07,0.01883755438029766,0.1986573040485382,6.777344424335752e-06,0.8130289912223816,86109.82465029857
36,bert.encoder.layer.2.attention.self.query,query,0.02973318286240101,0.0105,1.1770637087238356e-07,0.015239506959915161,0.15469682216644287,3.89243587051169e-06,0.8944566249847412,118798.15909519061
36,bert.encoder.layer.2.attention.self.key,key,0.032328058034181595,0.0105,1.0445072007314593e-07,0.015922440215945244,0.1277795284986496,3.275144081271719e-06,0.87969970703125,139246.86894199293
36,bert.encoder.layer.2.attention.self.value,value,0.0359424389898777,0.0105,3.5472410786496766e-07,0.017602838575839996,0.3608418405056,8.336114660778549e-06,0.8592461347579956,46030.37886455861
36,bert.encoder.layer.2.attention.output.dense,dense,0.03980419039726257,0.0105,2.452482590342697e-07,0.01980953849852085,0.22412073612213135,7.763304893160239e-06,0.79345703125,73711.25446036438
36,bert.encoder.layer.3.attention.self.query,query,0.030711861327290535,0.0105,1.4302401041277335e-07,0.015520930290222168,0.1787368804216385,4.650638402381446e-06,0.881591796875,102113.8430365489
36,bert.encoder.layer.3.attention.self.key,key,0.03531698137521744,0.0105,1.3809761867378256e-07,0.01821735128760338,0.13500329852104187,3.923164968000492e-06,0.8399794101715088,115568.71282535537
36,bert.encoder.layer.3.attention.self.value,value,0.03971361741423607,0.0105,3.9303264998125087e-07,0.020898090675473213,0.31746402382850647,1.0167899745283648e-05,0.7940131425857544,48594.09324733893
36,bert.encoder.layer.3.attention.output.dense,dense,0.043397195637226105,0.0105,3.0538828355020087e-07,0.02184401825070381,0.24870645999908447,9.429212695977185e-06,0.7488810420036316,66679.04447068849
36,bert.encoder.layer.4.attention.self.query,query,0.031113585457205772,0.0105,1.504579643096804e-07,0.016145579516887665,0.17084194719791412,4.183483724773396e-06,0.8826633095741272,96005.99642923838
36,bert.encoder.layer.4.attention.self.key,key,0.034163396805524826,0.0105,1.3961873435164307e-07,0.017544180154800415,0.12926478683948517,3.203669166396139e-06,0.8730672001838684,116324.77324952304
36,bert.encoder.layer.4.attention.self.value,value,0.03692610189318657,0.0105,3.734054985216062e-07,0.01915838196873665,0.3605422079563141,8.352306394954212e-06,0.8445909023284912,46159.58211461327
36,bert.encoder.layer.4.attention.output.dense,dense,0.03961392119526863,0.0105,2.612078446873056e-07,0.020968353375792503,0.2284996658563614,8.14131271908991e-06,0.7799343466758728,68848.2714262333
36,bert.encoder.layer.5.attention.self.query,query,0.029213519766926765,0.0105,1.38932890081378e-07,0.015301079489290714,0.16808530688285828,4.1515704651828855e-06,0.8957655429840088,98063.83794192955
36,bert.encoder.layer.5.attention.self.key,key,0.034715622663497925,0.0105,1.3302816626037384e-07,0.017456458881497383,0.13296090066432953,3.5161460800736677e-06,0.8594021201133728,113865.81578329005
36,bert.encoder.layer.5.attention.self.value,value,0.03827820345759392,0.0105,3.1944620104695787e-07,0.018534447997808456,0.3230743706226349,8.157045158441179e-06,0.8348863124847412,42592.15981306956
36,bert.encoder.layer.5.attention.output.dense,dense,0.03884279727935791,0.0105,2.2139550992505974e-07,0.01866980269551277,0.21329258382320404,6.7987693910254166e-06,0.82080078125,70319.54270698859
36,bert.encoder.layer.6.attention.self.query,query,0.026336215436458588,0.0105,1.3576365631706722e-07,0.013891089707612991,0.18968205153942108,3.8820967347419355e-06,0.9182332158088684,97125.00351968085
36,bert.encoder.layer.6.attention.self.key,key,0.030205827206373215,0.0105,1.1917978071096513e-07,0.015063871629536152,0.13329604268074036,2.9326515686989296e-06,0.9018283486366272,105838.34853227084
36,bert.encoder.layer.6.attention.self.value,value,0.032050780951976776,0.0105,3.411425950616831e-07,0.01551012508571148,0.3900050222873688,6.623423814744456e-06,0.8975287675857544,32534.22893014067
36,bert.encoder.layer.6.attention.output.dense,dense,0.034538350999355316,0.0105,2.0412035439676401e-07,0.01658560521900654,0.20290392637252808,5.871629127796041e-06,0.8628811240196228,81278.43262707267
36,bert.encoder.layer.7.attention.self.query,query,0.021693015471100807,0.0105,1.6826749060783186e-07,0.011165671981871128,0.3029715418815613,4.115091542189475e-06,0.9524468183517456,65412.98244654414
36,bert.encoder.layer.7.attention.self.key,key,0.0267472006380558,0.0105,1.3843879287378513e-07,0.014166449196636677,0.1710904836654663,3.1644444788980763e-06,0.9079928994178772,95333.87395750203
36,bert.encoder.layer.7.attention.self.value,value,0.028760872781276703,0.0105,3.174419020979258e-07,0.015508661046624184,0.368590384721756,6.986692369537195e-06,0.8943142294883728,35011.00723364622
36,bert.encoder.layer.7.attention.output.dense,dense,0.028983306139707565,0.0105,2.2607287064602133e-07,0.015623403713107109,0.2701966464519501,6.832088729424868e-06,0.8839518427848816,52043.38873972802
36,bert.encoder.layer.8.attention.self.query,query,0.020083840936422348,0.0105,1.3208270388531673e-07,0.010869808495044708,0.2142014056444168,2.7250387120147934e-06,0.9657796025276184,67400.42834800879
36,bert.encoder.layer.8.attention.self.key,key,0.0208111684769392,0.0105,9.326124228437038e-08,0.01080623921006918,0.15276305377483368,2.0138400032010395e-06,0.9579264521598816,92051.16706996602
36,bert.encoder.layer.8.attention.self.value,value,0.022296853363513947,0.0105,2.7399042323850153e-07,0.011391122825443745,0.43632471561431885,5.286547548166709e-06,0.9599338173866272,36790.36313412722
36,bert.encoder.layer.8.attention.output.dense,dense,0.027257202193140984,0.0105,1.685425559116993e-07,0.013702250085771084,0.22870545089244843,4.7270868890336715e-06,0.9179348349571228,57916.3716840293
36,bert.encoder.layer.9.attention.self.query,query,0.008983233943581581,0.0105,4.636340644736947e-09,0.002059218008071184,0.03614452853798866,8.928406458608151e-08,0.9999050498008728,128852.81141781116
36,bert.encoder.layer.9.attention.self.key,key,0.011539256200194359,0.0105,4.228426497832061e-09,0.0034049234818667173,0.025411926209926605,1.7877100333407725e-07,0.9978840947151184,190799.53096920237
36,bert.encoder.layer.9.attention.self.value,value,0.016888130456209183,0.0105,1.8329102147163212e-07,0.007800804451107979,0.41801154613494873,3.6668332086264854e-06,0.9885796308517456,32434.166638536797
36,bert.encoder.layer.9.attention.output.dense,dense,0.024432729929685593,0.0105,1.052440552484768e-07,0.011833014898002148,0.13632038235664368,2.8190770535729825e-06,0.94171142578125,85422.13880931765
36,bert.encoder.layer.10.attention.self.query,query,0.007144911680370569,0.0105,1.1110039999095989e-08,0.001872350345365703,0.11178863048553467,1.9365789682979084e-07,0.9998440146446228,99445.2373487007
36,bert.encoder.layer.10.attention.self.key,key,0.007198568433523178,0.0105,7.593444095732593e-09,0.0019298121333122253,0.066386379301548,1.0870121514017228e-07,0.9998440146446228,116236.35777871532
36,bert.encoder.layer.10.attention.self.value,value,0.011967604979872704,0.0105,1.243711125198388e-07,0.005655408371239901,0.35288748145103455,1.9129979591525625e-06,0.9947102665901184,48080.35777504605
36,bert.encoder.layer.10.attention.output.dense,dense,0.019755754619836807,0.0105,6.197870305868491e-08,0.009620006196200848,0.07475891709327698,1.527290123704006e-06,0.9674479365348816,116466.11034227442
36,bert.encoder.layer.11.attention.self.query,query,0.005291891284286976,0.0105,1.8369597398759652e-08,0.002188477199524641,0.1188056617975235,2.5131168968073325e-07,0.9993489384651184,118089.41326431459
36,bert.encoder.layer.11.attention.self.key,key,0.004629151429980993,0.0105,1.2709609364947028e-08,0.002111103618517518,0.09769273549318314,2.222032264853624e-07,0.9997422695159912,135958.46309187045
36,bert.encoder.layer.11.attention.self.value,value,0.010357706807553768,0.0105,1.3082828331789642e-07,0.005255416966974735,0.4443610608577728,1.351265837001847e-06,0.9972330927848816,49826.77102983227
36,bert.encoder.layer.11.attention.output.dense,dense,0.018877895548939705,0.0105,4.768408246036415e-08,0.009240458719432354,0.08236704021692276,1.2640136901609367e-06,0.9713405966758728,120689.66923505312
37,bert.encoder.layer.0.attention.self.query,query,0.029361579567193985,0.010333333333333332,8.684345687015593e-08,0.015500983223319054,0.10357869416475296,2.788166057143826e-06,0.8908555507659912,149201.99350545526
37,bert.encoder.layer.0.attention.self.key,key,0.03047226183116436,0.010333333333333332,7.815094704710646e-08,0.0161493681371212,0.08926081657409668,2.5508088583592325e-06,0.8722466230392456,156953.9011132443
37,bert.encoder.layer.0.attention.self.value,value,0.03148871287703514,0.010333333333333332,1.8895003961461043e-07,0.016041139140725136,0.21212469041347504,5.6894928093242925e-06,0.8685370683670044,76894.98323127959
37,bert.encoder.layer.0.attention.output.dense,dense,0.035498544573783875,0.010333333333333332,1.9450445165603014e-07,0.018349645659327507,0.19702710211277008,6.357501206366578e-06,0.82244873046875,81890.89926991418
37,bert.encoder.layer.1.attention.self.query,query,0.03398238867521286,0.010333333333333332,1.0667128691466132e-07,0.015473631210625172,0.13445253670215607,3.307611223135609e-06,0.8839043378829956,125199.51086986961
37,bert.encoder.layer.1.attention.self.key,key,0.03294680640101433,0.010333333333333332,1.0072960776597029e-07,0.015484673902392387,0.11649762094020844,2.8314109385974007e-06,0.8876613974571228,136490.22701822227
37,bert.encoder.layer.1.attention.self.value,value,0.030593646690249443,0.010333333333333332,3.015200036315946e-07,0.015543600544333458,0.3523254692554474,6.627733910136158e-06,0.8928629755973816,47802.8486604748
37,bert.encoder.layer.1.attention.output.dense,dense,0.03713645786046982,0.010333333333333332,2.0204899442433089e-07,0.01860516332089901,0.19491654634475708,6.633687917201314e-06,0.8182508945465088,86334.31142408578
37,bert.encoder.layer.2.attention.self.query,query,0.02893458679318428,0.010333333333333332,9.955442692444194e-08,0.014852605760097504,0.12811198830604553,2.926931301772129e-06,0.9022895097732544,119712.99282829213
37,bert.encoder.layer.2.attention.self.key,key,0.03137588873505592,0.010333333333333332,9.029648850855665e-08,0.015417639166116714,0.1137075126171112,2.59222633758327e-06,0.8897773027420044,140317.548736144
37,bert.encoder.layer.2.attention.self.value,value,0.03510935232043266,0.010333333333333332,3.4938562976094545e-07,0.01731017231941223,0.3685894012451172,8.265828000730835e-06,0.8639662265777588,46422.14586241583
37,bert.encoder.layer.2.attention.output.dense,dense,0.039146821945905685,0.010333333333333332,2.405236614322348e-07,0.019534876570105553,0.23254315555095673,7.750125405436847e-06,0.7995266318321228,73904.95093224428
37,bert.encoder.layer.3.attention.self.query,query,0.03035394474864006,0.010333333333333332,1.2886407319001592e-07,0.015216317027807236,0.16074475646018982,3.919953996955883e-06,0.8867729902267456,102568.86274780556
37,bert.encoder.layer.3.attention.self.key,key,0.034927114844322205,0.010333333333333332,1.2544317939955363e-07,0.017781341448426247,0.11674802750349045,3.410812951187836e-06,0.8485175371170044,116856.55311927269
37,bert.encoder.layer.3.attention.self.value,value,0.03900535777211189,0.010333333333333332,3.9171635535240057e-07,0.020630449056625366,0.35534560680389404,1.0264058801112697e-05,0.8029853105545044,48721.40198155342
37,bert.encoder.layer.3.attention.output.dense,dense,0.04253872483968735,0.010333333333333332,2.9466460205185285e-07,0.021522555500268936,0.24729318916797638,9.550441063765902e-06,0.7556491494178772,66832.92720993052
37,bert.encoder.layer.4.attention.self.query,query,0.0309856366366148,0.010333333333333332,1.4030075590198976e-07,0.015852652490139008,0.13851331174373627,3.4181632599938894e-06,0.8870307207107544,94856.60489293582
37,bert.encoder.layer.4.attention.self.key,key,0.033818818628787994,0.010333333333333332,1.3649220420575148e-07,0.017106181010603905,0.1465528905391693,3.3248390991502674e-06,0.8782551884651184,114477.58724335858
37,bert.encoder.layer.4.attention.self.value,value,0.03652562201023102,0.010333333333333332,4.0423427094538056e-07,0.018587728962302208,0.3799486458301544,8.394165888603311e-06,0.8531290888786316,46026.75635606246
37,bert.encoder.layer.4.attention.output.dense,dense,0.03900301828980446,0.010333333333333332,2.455746539453685e-07,0.020049111917614937,0.21195122599601746,7.126381660782499e-06,0.7956407070159912,68861.45920421208
37,bert.encoder.layer.5.attention.self.query,query,0.029080770909786224,0.010333333333333332,1.3246666696886678e-07,0.015058008953928947,0.1520669311285019,3.7039696962892776e-06,0.8983018398284912,98060.49289383336
37,bert.encoder.layer.5.attention.self.key,key,0.03468237444758415,0.010333333333333332,1.3175836954815168e-07,0.017172979190945625,0.13843730092048645,3.7393401726149023e-06,0.8637356162071228,113045.29689359604
37,bert.encoder.layer.5.attention.self.value,value,0.03753458335995674,0.010333333333333332,3.2072705380414845e-07,0.018071187660098076,0.3149857819080353,7.729152457613964e-06,0.8414238691329956,43212.74635118677
37,bert.encoder.layer.5.attention.output.dense,dense,0.03823905810713768,0.010333333333333332,2.1915501235980628e-07,0.018421079963445663,0.21886755526065826,6.811285857111216e-06,0.8251478672027588,70184.83871856023
37,bert.encoder.layer.6.attention.self.query,query,0.026168309152126312,0.010333333333333332,1.5475134773623722e-07,0.013816911727190018,0.18460839986801147,3.916977675544331e-06,0.9193115234375,96772.28439653628
37,bert.encoder.layer.6.attention.self.key,key,0.030393313616514206,0.010333333333333332,1.4094774769546348e-07,0.015274194069206715,0.15469127893447876,3.5095990824629553e-06,0.8980373740196228,105812.64235354593
37,bert.encoder.layer.6.attention.self.value,value,0.03228560462594032,0.010333333333333332,3.509104260501772e-07,0.015817023813724518,0.40972793102264404,7.142696176742902e-06,0.8941786289215088,32852.122320296454
37,bert.encoder.layer.6.attention.output.dense,dense,0.03464841470122337,0.010333333333333332,1.9269177187197783e-07,0.01680172234773636,0.21330946683883667,6.415638836188009e-06,0.8562825322151184,80868.52228925425
37,bert.encoder.layer.7.attention.self.query,query,0.021539613604545593,0.010333333333333332,1.4140303505882912e-07,0.01079487707465887,0.24358119070529938,3.882768851326546e-06,0.9537692666053772,65548.42517949229
37,bert.encoder.layer.7.attention.self.key,key,0.027066562324762344,0.010333333333333332,1.3178930657886667e-07,0.014224078506231308,0.16717632114887238,3.4423642318870407e-06,0.9082234501838684,95290.36847848799
37,bert.encoder.layer.7.attention.self.value,value,0.028448384255170822,0.010333333333333332,3.2635537650094193e-07,0.015518220141530037,0.3705146610736847,7.7199374572956e-06,0.8941853642463684,35191.91872140726
37,bert.encoder.layer.7.attention.output.dense,dense,0.028637167066335678,0.010333333333333332,2.2489979301099083e-07,0.01540240179747343,0.26776787638664246,6.601485893042991e-06,0.8889567255973816,51631.375835441446
37,bert.encoder.layer.8.attention.self.query,query,0.020067503675818443,0.010333333333333332,1.405079501637374e-07,0.010993782430887222,0.2670096457004547,2.580585032774252e-06,0.9658067226409912,68195.48154357224
37,bert.encoder.layer.8.attention.self.key,key,0.02066553384065628,0.010333333333333332,1.0927593763199184e-07,0.010449915193021297,0.20029635727405548,2.02554406314448e-06,0.9614529013633728,92452.95833456745
37,bert.encoder.layer.8.attention.self.value,value,0.022108187898993492,0.010333333333333332,2.5205673637174186e-07,0.010932031087577343,0.4202128052711487,5.2908071666024625e-06,0.9624701738357544,37222.62661902707
37,bert.encoder.layer.8.attention.output.dense,dense,0.02734268456697464,0.010333333333333332,1.6446726647245669e-07,0.013514178805053234,0.21112407743930817,4.44735269411467e-06,0.9194200038909912,58426.89830366859
37,bert.encoder.layer.9.attention.self.query,query,0.00847895722836256,0.010333333333333332,5.198181440846383e-09,0.0019978282507508993,0.05474518984556198,1.6084824494555505e-07,0.9999592900276184,128844.63791133062
37,bert.encoder.layer.9.attention.self.key,key,0.01098418328911066,0.010333333333333332,4.927980246094421e-09,0.003463952336460352,0.03276831656694412,1.3734774029217078e-07,0.9978840947151184,191390.45496048577
37,bert.encoder.layer.9.attention.self.value,value,0.016504507511854172,0.010333333333333332,1.8039109761502914e-07,0.007565987296402454,0.44035324454307556,3.4882202726294054e-06,0.9895290732383728,32759.584667435745
37,bert.encoder.layer.9.attention.output.dense,dense,0.024537168443202972,0.010333333333333332,9.878045403866054e-08,0.011858548037707806,0.12496631592512131,2.5934884888556553e-06,0.9410197138786316,86721.34910151555
37,bert.encoder.layer.10.attention.self.query,query,0.0064917695708572865,0.010333333333333332,3.0895850322565366e-09,0.0018419894622638822,0.018284568563103676,4.386910390508092e-08,0.9998576045036316,99434.51751396465
37,bert.encoder.layer.10.attention.self.key,key,0.006489363964647055,0.010333333333333332,2.568964818649988e-09,0.0018726590787991881,0.03656437247991562,4.0104154663822555e-08,0.9997829794883728,116407.08963101785
37,bert.encoder.layer.10.attention.self.value,value,0.011602086946368217,0.010333333333333332,1.2291327777802508e-07,0.005562154110521078,0.3868260979652405,1.7197523902723333e-06,0.9948459267616272,48230.0113315232
37,bert.encoder.layer.10.attention.output.dense,dense,0.01980455033481121,0.010333333333333332,5.956097837156449e-08,0.009581641294062138,0.13916248083114624,2.1011155695305206e-06,0.9677463173866272,118169.76200531324
37,bert.encoder.layer.11.attention.self.query,query,0.004640019498765469,0.010333333333333332,4.833990985275705e-09,0.0016914152074605227,0.050155505537986755,9.26754637475824e-08,0.9995524287223816,118165.24323220411
37,bert.encoder.layer.11.attention.self.key,key,0.00401752395555377,0.010333333333333332,3.846666540852084e-09,0.0017836185870692134,0.05305659770965576,7.835562598756951e-08,0.9997829794883728,136120.5522022023
37,bert.encoder.layer.11.attention.self.value,value,0.0099145183339715,0.010333333333333332,1.2253254055849538e-07,0.005261158104985952,0.4649936854839325,1.5528689800703432e-06,0.9974839687347412,49473.72902372635
37,bert.encoder.layer.11.attention.output.dense,dense,0.01891578547656536,0.010333333333333332,4.6915154428006645e-08,0.009308495558798313,0.07184091955423355,1.0281178219884168e-06,0.9705132246017456,121283.2588532835
38,bert.encoder.layer.0.attention.self.query,query,0.029129987582564354,0.010166666666666668,7.998662709951532e-08,0.01538184192031622,0.09388316422700882,2.646513621584745e-06,0.8951958417892456,149437.30887905988
38,bert.encoder.layer.0.attention.self.key,key,0.030392536893486977,0.010166666666666668,7.504747401299028e-08,0.016309261322021484,0.08120115846395493,2.2385440843208926e-06,0.8718940019607544,156971.12456586232
38,bert.encoder.layer.0.attention.self.value,value,0.030918050557374954,0.010166666666666668,1.7219693404513237e-07,0.015718938782811165,0.20019365847110748,5.211330062593333e-06,0.8748779296875,76783.9792237949
38,bert.encoder.layer.0.attention.output.dense,dense,0.03526436164975166,0.010166666666666668,1.8947186219975265e-07,0.018326744437217712,0.1928960680961609,6.354959623422474e-06,0.8226454257965088,82272.59756729276
38,bert.encoder.layer.1.attention.self.query,query,0.033203527331352234,0.010166666666666668,1.0162047203721158e-07,0.015461067669093609,0.11701440811157227,3.1300182854465675e-06,0.8839857578277588,125911.83033818942
38,bert.encoder.layer.1.attention.self.key,key,0.03265031427145004,0.010166666666666668,9.229039221736457e-08,0.01527496613562107,0.10344826430082321,2.491177610863815e-06,0.8922187089920044,136597.74455849733
38,bert.encoder.layer.1.attention.self.value,value,0.03027047961950302,0.010166666666666668,3.1372752573588514e-07,0.015537249855697155,0.37978994846343994,6.391791885107523e-06,0.8959079384803772,48377.23401959188
38,bert.encoder.layer.1.attention.output.dense,dense,0.0369592010974884,0.010166666666666668,1.914808933634049e-07,0.01830742135643959,0.17822721600532532,5.692173090210417e-06,0.8235270380973816,86536.71037336455
38,bert.encoder.layer.2.attention.self.query,query,0.02887829765677452,0.010166666666666668,1.0890921231521133e-07,0.014829854480922222,0.1337146759033203,3.3333990359096788e-06,0.9033881425857544,119481.47205041249
38,bert.encoder.layer.2.attention.self.key,key,0.03116021119058132,0.010166666666666668,1.0575602971130138e-07,0.015275880694389343,0.12302941828966141,3.1958072668203386e-06,0.8900960087776184,141174.52304994565
38,bert.encoder.layer.2.attention.self.value,value,0.03439854830503464,0.010166666666666668,3.2078838785309927e-07,0.016951734200119972,0.3587345778942108,7.746622031845618e-06,0.8708767294883728,46018.49530225681
38,bert.encoder.layer.2.attention.output.dense,dense,0.03836311399936676,0.010166666666666668,2.2242063835165027e-07,0.019153548404574394,0.2093508392572403,7.061028099997202e-06,0.8064439296722412,74017.22845548173
38,bert.encoder.layer.3.attention.self.query,query,0.029846904799342155,0.010166666666666668,1.1493565921227855e-07,0.01483073178678751,0.1479923278093338,3.677650511235697e-06,0.8936360478401184,102122.57920047022
38,bert.encoder.layer.3.attention.self.key,key,0.03423740342259407,0.010166666666666668,1.1771724217624069e-07,0.017534444108605385,0.11747542023658752,3.1816466616874095e-06,0.8538343906402588,117177.08315904411
38,bert.encoder.layer.3.attention.self.value,value,0.038275282829999924,0.010166666666666668,3.4413886851325515e-07,0.020180989056825638,0.31905239820480347,8.999692909128498e-06,0.8105807900428772,48542.58393477168
38,bert.encoder.layer.3.attention.output.dense,dense,0.04235870763659477,0.010166666666666668,2.7475465458337567e-07,0.021387364715337753,0.22519271075725555,8.805760444374755e-06,0.7579684853553772,66361.81930988906
38,bert.encoder.layer.4.attention.self.query,query,0.0305804330855608,0.010166666666666668,1.5245490203597e-07,0.015884103253483772,0.20568378269672394,3.6662422644440085e-06,0.8886650800704956,95633.73262637726
38,bert.encoder.layer.4.attention.self.key,key,0.03353562951087952,0.010166666666666668,1.480094482531058e-07,0.016916930675506592,0.14225074648857117,3.1219935863191495e-06,0.8819172978401184,115028.72764539615
38,bert.encoder.layer.4.attention.self.value,value,0.03584302216768265,0.010166666666666668,3.7748782233393285e-07,0.018230225890874863,0.3649727702140808,7.576260486530373e-06,0.8577812910079956,45537.30972179909
38,bert.encoder.layer.4.attention.output.dense,dense,0.03878385201096535,0.010166666666666668,2.3225332768106455e-07,0.020152924582362175,0.2117442935705185,7.161504981922917e-06,0.7944675087928772,68445.81068264313
38,bert.encoder.layer.5.attention.self.query,query,0.029104160144925117,0.010166666666666668,1.4143913062980573e-07,0.014989049173891544,0.181195929646492,4.064848781126784e-06,0.8994683027267456,97760.89870526864
38,bert.encoder.layer.5.attention.self.key,key,0.03498329594731331,0.010166666666666668,1.3781713903426862e-07,0.017303401604294777,0.1507294625043869,4.203509433864383e-06,0.8615858554840088,111773.94610797547
38,bert.encoder.layer.5.attention.self.value,value,0.03783693537116051,0.010166666666666668,3.10340055875713e-07,0.01806575618684292,0.32097816467285156,8.135848474921659e-06,0.8428208827972412,43415.27555378642
38,bert.encoder.layer.5.attention.output.dense,dense,0.03835173323750496,0.010166666666666668,2.066957165425265e-07,0.018208123743534088,0.20824696123600006,6.9626030381186865e-06,0.8287760615348816,70108.08669093062
38,bert.encoder.layer.6.attention.self.query,query,0.02598460018634796,0.010166666666666668,1.4975394435623457e-07,0.013675978407263756,0.17247885465621948,3.592597067836323e-06,0.9221530556678772,96796.34444332555
38,bert.encoder.layer.6.attention.self.key,key,0.030323967337608337,0.010166666666666668,1.3751542837781017e-07,0.014955135993659496,0.1559099555015564,3.4087124731740914e-06,0.9020046591758728,106191.27860062526
38,bert.encoder.layer.6.attention.self.value,value,0.03223735839128494,0.010166666666666668,3.3093630236180616e-07,0.01569940522313118,0.40271565318107605,6.953529009479098e-06,0.8937852382659912,33261.67417001627
38,bert.encoder.layer.6.attention.output.dense,dense,0.03477447107434273,0.010166666666666668,1.83213785476255e-07,0.016914954409003258,0.20816484093666077,6.4985670178430155e-06,0.8529731035232544,80379.38777745437
38,bert.encoder.layer.7.attention.self.query,query,0.02125616930425167,0.010166666666666668,1.2399330273638043e-07,0.010674630291759968,0.2135622352361679,3.2715215638745576e-06,0.9554104208946228,65280.132512047276
38,bert.encoder.layer.7.attention.self.key,key,0.027098510414361954,0.010166666666666668,1.2859160847256135e-07,0.014262054115533829,0.15592683851718903,3.2232990179181797e-06,0.9054158329963684,94558.9888319839
38,bert.encoder.layer.7.attention.self.value,value,0.02862527221441269,0.010166666666666668,3.1162815616880835e-07,0.015519506298005581,0.36627283692359924,7.5656080298358575e-06,0.8937513828277588,35250.165388420646
38,bert.encoder.layer.7.attention.output.dense,dense,0.028654830530285835,0.010166666666666668,2.381996608846748e-07,0.015356700867414474,0.2847021222114563,6.479600415332243e-06,0.8904826045036316,51112.11566667778
38,bert.encoder.layer.8.attention.self.query,query,0.019517071545124054,0.010166666666666668,1.302454251117524e-07,0.010764646343886852,0.1864473968744278,2.4967575882328674e-06,0.9660305380821228,68391.47708158451
38,bert.encoder.layer.8.attention.self.key,key,0.02077586017549038,0.010166666666666668,9.691062530237105e-08,0.010655621066689491,0.1719551533460617,2.0070424397999886e-06,0.9601101279258728,92085.88418553403
38,bert.encoder.layer.8.attention.self.value,value,0.022044310346245766,0.010166666666666668,2.3617867839220708e-07,0.010983525775372982,0.3856004774570465,4.730221007775981e-06,0.9627346396446228,37381.65663341716
38,bert.encoder.layer.8.attention.output.dense,dense,0.02666548453271389,0.010166666666666668,1.5511754725139326e-07,0.013514643535017967,0.1787528097629547,4.581849225360202e-06,0.9196234941482544,58913.66136882526
38,bert.encoder.layer.9.attention.self.query,query,0.00810482632368803,0.010166666666666668,9.456913474537032e-09,0.0019658433739095926,0.10312999039888382,2.062667476820934e-07,0.9999796748161316,129623.2557447668
38,bert.encoder.layer.9.attention.self.key,key,0.010366414673626423,0.010166666666666668,8.085491387532784e-09,0.003283495781943202,0.01785404421389103,1.777353730858522e-07,0.9984198808670044,192787.1404328032
38,bert.encoder.layer.9.attention.self.value,value,0.0161274503916502,0.010166666666666668,1.5951576415318414e-07,0.007446271367371082,0.40599510073661804,3.113177626801189e-06,0.9900919795036316,32763.229830332228
38,bert.encoder.layer.9.attention.output.dense,dense,0.02384352497756481,0.010166666666666668,9.001874445857538e-08,0.011695503257215023,0.1332104355096817,2.0864620182692306e-06,0.9441325068473816,87305.93642386074
38,bert.encoder.layer.10.attention.self.query,query,0.0063364505767822266,0.010166666666666668,5.272040581871806e-09,0.0016507281688973308,0.03986474871635437,8.397558559636309e-08,0.9999457597732544,100032.97515711872
38,bert.encoder.layer.10.attention.self.key,key,0.006348566152155399,0.010166666666666668,3.686742688913114e-09,0.0017865104600787163,0.042207904160022736,7.661298440098108e-08,0.9998779296875,117116.55934054182
38,bert.encoder.layer.10.attention.self.value,value,0.01162195485085249,0.010166666666666668,1.1944246125494828e-07,0.005822588223963976,0.42823848128318787,2.0666147975134663e-06,0.9941135048866272,48266.063127767666
38,bert.encoder.layer.10.attention.output.dense,dense,0.019559083506464958,0.010166666666666668,5.979615025353269e-08,0.009509132243692875,0.07543759793043137,1.6583710475970292e-06,0.9683837890625,118733.56545160984
38,bert.encoder.layer.11.attention.self.query,query,0.0038799454923719168,0.010166666666666668,3.721372099363407e-09,0.0014526903396472335,0.05105016008019447,6.878659775111373e-08,0.9997829794883728,118158.01515023186
38,bert.encoder.layer.11.attention.self.key,key,0.0037029017694294453,0.010166666666666668,2.91950641440053e-09,0.0016395911807194352,0.03406956419348717,3.008761950695771e-08,0.9998372197151184,136065.95708281512
38,bert.encoder.layer.11.attention.self.value,value,0.009784332476556301,0.010166666666666668,1.1719095027729054e-07,0.005035121459513903,0.4279590845108032,1.2179257282696199e-06,0.9975246787071228,48788.058683146344
38,bert.encoder.layer.11.attention.output.dense,dense,0.018737075850367546,0.010166666666666668,4.430114231013249e-08,0.009219737723469734,0.1277475208044052,1.6690165693944436e-06,0.970947265625,121431.00451968526
39,bert.encoder.layer.0.attention.self.query,query,0.027849167585372925,0.01,7.530083934170761e-08,0.014776955358684063,0.09312708675861359,2.567154979260522e-06,0.9057210087776184,149912.95242333235
39,bert.encoder.layer.0.attention.self.key,key,0.029170194640755653,0.01,7.54963807025888e-08,0.015556554310023785,0.0958419144153595,2.488078052920173e-06,0.8846435546875,157251.5978628808
39,bert.encoder.layer.0.attention.self.value,value,0.029552318155765533,0.01,1.6029487426294509e-07,0.015048318542540073,0.19939658045768738,4.959632406098535e-06,0.8884684443473816,77240.66255729174
39,bert.encoder.layer.0.attention.output.dense,dense,0.033773183822631836,0.01,1.705613357216862e-07,0.017502296715974808,0.17897287011146545,5.8635955610952806e-06,0.8398640751838684,82671.06602498595
39,bert.encoder.layer.1.attention.self.query,query,0.031895775347948074,0.01,8.884078539495022e-08,0.014672018587589264,0.11416587233543396,2.7127175599162e-06,0.8974338173866272,126424.71233356159
39,bert.encoder.layer.1.attention.self.key,key,0.031133079901337624,0.01,8.05314144258773e-08,0.014560914598405361,0.10845546424388885,2.4493147066095844e-06,0.9017605185508728,136751.5527048966
39,bert.encoder.layer.1.attention.self.value,value,0.028624264523386955,0.01,2.59786929746042e-07,0.014415066689252853,0.32307541370391846,5.400939244282199e-06,0.9111802577972412,47878.000582057706
39,bert.encoder.layer.1.attention.output.dense,dense,0.03521552309393883,0.01,1.7440471822283143e-07,0.017568418756127357,0.18510489165782928,5.963850526313763e-06,0.8397080898284912,86775.04011625143
39,bert.encoder.layer.2.attention.self.query,query,0.02753092721104622,0.01,9.469611939039169e-08,0.014165578410029411,0.11531081795692444,2.739431920417701e-06,0.9139404296875,118345.7969363069
39,bert.encoder.layer.2.attention.self.key,key,0.030040809884667397,0.01,9.006909351683134e-08,0.014650925062596798,0.11769280582666397,2.8468118671298726e-06,0.9014553427696228,140312.59238109892
39,bert.encoder.layer.2.attention.self.value,value,0.03258289769291878,0.01,2.6065205815939407e-07,0.015896540135145187,0.3031299114227295,6.479103831225075e-06,0.8846909999847412,46118.3423926701
39,bert.encoder.layer.2.attention.output.dense,dense,0.036648333072662354,0.01,1.9334495959810738e-07,0.018203476443886757,0.19155432283878326,6.040836524334736e-06,0.8255208134651184,73888.92184910513
39,bert.encoder.layer.3.attention.self.query,query,0.028580117970705032,0.01,1.0218639090453507e-07,0.014389929361641407,0.1345599889755249,3.236990323784994e-06,0.9024590253829956,103223.03150049692
39,bert.encoder.layer.3.attention.self.key,key,0.03302738815546036,0.01,1.0659879023933172e-07,0.01703774370253086,0.11097200214862823,3.1069814667716855e-06,0.8622368574142456,118967.94744469618
39,bert.encoder.layer.3.attention.self.value,value,0.03670516237616539,0.01,3.2656981829859433e-07,0.0191519632935524,0.28768831491470337,7.945156539790332e-06,0.8269924521446228,48539.50049202366
39,bert.encoder.layer.3.attention.output.dense,dense,0.04020864889025688,0.01,2.495558248938323e-07,0.020365923643112183,0.2218029648065567,7.885188097134233e-06,0.7785373330116272,66332.77545064452
39,bert.encoder.layer.4.attention.self.query,query,0.029323389753699303,0.01,1.370287066038145e-07,0.015216294676065445,0.16104358434677124,3.4052245609927922e-06,0.8962673544883728,95096.28575037865
39,bert.encoder.layer.4.attention.self.key,key,0.031753379851579666,0.01,1.3201852766542288e-07,0.016235539689660072,0.14983400702476501,3.1869560643826844e-06,0.889404296875,114503.8744522298
39,bert.encoder.layer.4.attention.self.value,value,0.03425984084606171,0.01,3.223499049909151e-07,0.017203975468873978,0.3256584107875824,6.62069669488119e-06,0.8707953691482544,45431.001413629434
39,bert.encoder.layer.4.attention.output.dense,dense,0.037009015679359436,0.01,2.1820544304773648e-07,0.01928268000483513,0.18806780874729156,6.1769519561494235e-06,0.8085869550704956,68276.2604301422
39,bert.encoder.layer.5.attention.self.query,query,0.027515560388565063,0.01,1.222196885919402e-07,0.014480107463896275,0.12401575595140457,3.4087295261997497e-06,0.9100816249847412,97581.31452215931
39,bert.encoder.layer.5.attention.self.key,key,0.03323381394147873,0.01,1.203821398121363e-07,0.01660848781466484,0.13428863883018494,3.582038743843441e-06,0.8737860918045044,111955.39185284356
39,bert.encoder.layer.5.attention.self.value,value,0.03589612618088722,0.01,3.003461017669906e-07,0.017194082960486412,0.3167576193809509,7.4514682637527585e-06,0.8570895791053772,43311.978375018974
39,bert.encoder.layer.5.attention.output.dense,dense,0.036508768796920776,0.01,2.016776221580585e-07,0.017529483884572983,0.20839296281337738,6.485550784418592e-06,0.8407321572303772,70183.1322909322
39,bert.encoder.layer.6.attention.self.query,query,0.02464296668767929,0.01,1.2941806915023335e-07,0.013270970433950424,0.1753600388765335,3.4475087886676192e-06,0.9273749589920044,95835.93856965416
39,bert.encoder.layer.6.attention.self.key,key,0.028632188215851784,0.01,1.1715867032080496e-07,0.014466674067080021,0.15173380076885223,2.943236722785514e-06,0.9108005166053772,105398.35005929966
39,bert.encoder.layer.6.attention.self.value,value,0.03072623535990715,0.01,3.4963775874530256e-07,0.015109594911336899,0.4099481999874115,6.072848464100389e-06,0.9090372920036316,33838.970645924855
39,bert.encoder.layer.6.attention.output.dense,dense,0.033160481601953506,0.01,1.7725075451835437e-07,0.015943560749292374,0.1789616495370865,5.045756552135572e-06,0.87298583984375,80848.28787783238
39,bert.encoder.layer.7.attention.self.query,query,0.02016071230173111,0.01,1.0680192730205817e-07,0.010078410618007183,0.1760464459657669,2.6151783458772115e-06,0.9623005986213684,64223.403685646415
39,bert.encoder.layer.7.attention.self.key,key,0.02555903047323227,0.01,9.590141303306154e-08,0.013431861996650696,0.1285812109708786,2.6760721993923653e-06,0.9177585244178772,94464.01811585657
39,bert.encoder.layer.7.attention.self.value,value,0.02753225341439247,0.01,3.0865746225572366e-07,0.015059715136885643,0.37765660881996155,7.307708074222319e-06,0.9010484218597412,35249.471566939974
39,bert.encoder.layer.7.attention.output.dense,dense,0.028122812509536743,0.01,2.1473353228884662e-07,0.015016637742519379,0.2509835362434387,6.367574769683415e-06,0.8921440839767456,51057.33422810908
39,bert.encoder.layer.8.attention.self.query,query,0.01992703415453434,0.01,1.3672541854248266e-07,0.01082850806415081,0.22907963395118713,2.7325140763423406e-06,0.9666680097579956,69484.61562523578
39,bert.encoder.layer.8.attention.self.key,key,0.021082216873764992,0.01,1.0182930054725148e-07,0.010770292952656746,0.170053631067276,2.3676179807807785e-06,0.9587199091911316,93011.87447657879
39,bert.encoder.layer.8.attention.self.value,value,0.02172527089715004,0.01,2.134021741539982e-07,0.01082394365221262,0.35700690746307373,4.589344371197512e-06,0.9627685546875,37404.94739592024
39,bert.encoder.layer.8.attention.output.dense,dense,0.026077184826135635,0.01,1.5636804562291218e-07,0.013108322396874428,0.20256763696670532,3.666618567876867e-06,0.9269070029258728,58916.22602519593
39,bert.encoder.layer.9.attention.self.query,query,0.007662247400730848,0.01,2.898575823806482e-09,0.0018250496359542012,0.036619048565626144,1.0099146408037996e-07,0.9999932050704956,129913.79940468971
39,bert.encoder.layer.9.attention.self.key,key,0.01004786416888237,0.01,3.6541050185689983e-09,0.003123924834653735,0.02800661139190197,1.2178884389868472e-07,0.99835205078125,193795.28583559644
39,bert.encoder.layer.9.attention.self.value,value,0.015030925162136555,0.01,1.3781976804239093e-07,0.006981379818171263,0.36443111300468445,2.573675146777532e-06,0.9918348789215088,33045.88627976479
39,bert.encoder.layer.9.attention.output.dense,dense,0.023191280663013458,0.01,8.03962905138178e-08,0.011304739862680435,0.11548064649105072,1.8232406091556186e-06,0.9493272304534912,88000.1420263924
39,bert.encoder.layer.10.attention.self.query,query,0.006359292194247246,0.01,3.5970235678917106e-09,0.0015581813640892506,0.11065369844436646,1.2704514062988892e-07,0.99993896484375,100194.28210471878
39,bert.encoder.layer.10.attention.self.key,key,0.0057519907131791115,0.01,2.9973930004700833e-09,0.0017006524140015244,0.04248802363872528,7.818844949269987e-08,0.9999186396598816,117346.55296059948
39,bert.encoder.layer.10.attention.self.value,value,0.01065649650990963,0.01,9.113993826304068e-08,0.0052622221410274506,0.2936534881591797,1.3780386325379368e-06,0.9958360195159912,48395.8111431288
39,bert.encoder.layer.10.attention.output.dense,dense,0.019058097153902054,0.01,5.0199858492305793e-08,0.009392973966896534,0.10128291696310043,1.2697383908744087e-06,0.9701877236366272,120029.91155166576
39,bert.encoder.layer.11.attention.self.query,query,0.0029413241427391768,0.01,8.190819578146602e-09,0.0012789942556992173,0.1349467784166336,1.2921043435198953e-07,0.9998779296875,118173.28145094105
39,bert.encoder.layer.11.attention.self.key,key,0.003304443322122097,0.01,5.725174112569675e-09,0.0016221064142882824,0.03194859251379967,4.9247887545789126e-08,0.9998440146446228,136338.472096439
39,bert.encoder.layer.11.attention.self.value,value,0.009530281648039818,0.01,1.3427447242975177e-07,0.005161810666322708,0.49132734537124634,1.4292390915215947e-06,0.99761962890625,48990.83957658224
39,bert.encoder.layer.11.attention.output.dense,dense,0.01865801215171814,0.01,4.611722204117541e-08,0.009312034584581852,0.08876512944698334,1.1758324944821652e-06,0.9707438349723816,122381.66727253521
40,bert.encoder.layer.0.attention.self.query,query,0.02701663225889206,0.009833333333333333,7.554778846952104e-08,0.014244871214032173,0.09045204520225525,2.369006324443035e-06,0.91314697265625,150431.4737125429
40,bert.encoder.layer.0.attention.self.key,key,0.02828105539083481,0.009833333333333333,6.797521479029456e-08,0.015059048309922218,0.0898473858833313,2.2942419946048176e-06,0.8934733271598816,158367.9148226644
40,bert.encoder.layer.0.attention.self.value,value,0.02924414724111557,0.009833333333333333,1.693383353540412e-07,0.014820925891399384,0.20602911710739136,5.131068519403925e-06,0.8920016884803772,77178.55116523053
40,bert.encoder.layer.0.attention.output.dense,dense,0.03306403383612633,0.009833333333333333,1.734007213372024e-07,0.01721109077334404,0.19381678104400635,5.9123804021510296e-06,0.8472629189491272,82912.76743576601
40,bert.encoder.layer.1.attention.self.query,query,0.03163789585232735,0.009833333333333333,9.243223786370436e-08,0.014147482812404633,0.11619861423969269,2.435752094243071e-06,0.9061279296875,127122.36537491133
40,bert.encoder.layer.1.attention.self.key,key,0.03051234781742096,0.009833333333333333,7.941627444552068e-08,0.013980915769934654,0.10491830110549927,2.129255335603375e-06,0.9115871787071228,136896.31368411196
40,bert.encoder.layer.1.attention.self.value,value,0.028587277978658676,0.009833333333333333,2.9029027359683823e-07,0.014172707684338093,0.36263418197631836,5.730399607273284e-06,0.9173244833946228,48621.150858007466
40,bert.encoder.layer.1.attention.output.dense,dense,0.03457077220082283,0.009833333333333333,1.8394263179288828e-07,0.01734801009297371,0.18942783772945404,5.964737738395343e-06,0.8433973789215088,86886.03909512541
40,bert.encoder.layer.2.attention.self.query,query,0.027321403846144676,0.009833333333333333,8.675979756844754e-08,0.013811984099447727,0.10571088641881943,2.5526355784677435e-06,0.9191691279411316,118793.37803925895
40,bert.encoder.layer.2.attention.self.key,key,0.02938493900001049,0.009833333333333333,8.037814325234649e-08,0.01405323762446642,0.08772852271795273,2.2860633634991245e-06,0.9130859375,139475.93384800944
40,bert.encoder.layer.2.attention.self.value,value,0.032568033784627914,0.009833333333333333,3.402702191124263e-07,0.015939461067318916,0.39130333065986633,7.487093171221204e-06,0.8923611044883728,46413.927566536746
40,bert.encoder.layer.2.attention.output.dense,dense,0.03599269688129425,0.009833333333333333,2.0759786423241167e-07,0.01788277179002762,0.20286433398723602,6.476544967881637e-06,0.8314073085784912,74085.00373471683
40,bert.encoder.layer.3.attention.self.query,query,0.028229283168911934,0.009833333333333333,1.3058864567483397e-07,0.014210181310772896,0.16972067952156067,3.2791774629004067e-06,0.9077216386795044,101843.06275208216
40,bert.encoder.layer.3.attention.self.key,key,0.032185912132263184,0.009833333333333333,1.26129009458964e-07,0.016455549746751785,0.12790046632289886,2.9705533961532637e-06,0.8734877109527588,116564.71823928453
40,bert.encoder.layer.3.attention.self.value,value,0.03740108758211136,0.009833333333333333,5.504817295332032e-07,0.020228249952197075,0.46587634086608887,9.807183232624084e-06,0.8312174677848816,48405.01843286718
40,bert.encoder.layer.3.attention.output.dense,dense,0.03988155722618103,0.009833333333333333,2.962264886718913e-07,0.02012491039931774,0.2700169086456299,9.715300620882772e-06,0.7853325605392456,66631.58834933795
40,bert.encoder.layer.4.attention.self.query,query,0.02876993641257286,0.009833333333333333,1.5351531601481838e-07,0.01498343888670206,0.1960393339395523,3.350201041030232e-06,0.9023573398590088,94421.07889413102
40,bert.encoder.layer.4.attention.self.key,key,0.031154368072748184,0.009833333333333333,1.4268722736687778e-07,0.015808438882231712,0.165887713432312,3.073631205552374e-06,0.8952704668045044,113283.72962949744
40,bert.encoder.layer.4.attention.self.value,value,0.035296302288770676,0.009833333333333333,4.966866526956437e-07,0.018433673307299614,0.4910919964313507,8.939086001191754e-06,0.8691067099571228,46024.06869035458
40,bert.encoder.layer.4.attention.output.dense,dense,0.03667914867401123,0.009833333333333333,2.576655049324472e-07,0.019243769347667694,0.24139955639839172,8.245942808571272e-06,0.8110487461090088,68571.31771155316
40,bert.encoder.layer.5.attention.self.query,query,0.02674718387424946,0.009833333333333333,1.2397221382798307e-07,0.014035522937774658,0.17068186402320862,3.539144699971075e-06,0.9163343906402588,97511.26035375606
40,bert.encoder.layer.5.attention.self.key,key,0.03182743489742279,0.009833333333333333,1.237101230344706e-07,0.015773164108395576,0.1357075572013855,3.07045638692216e-06,0.88995361328125,112365.81212526062
40,bert.encoder.layer.5.attention.self.value,value,0.034964580088853836,0.009833333333333333,3.4309536545151786e-07,0.016873497515916824,0.3627866804599762,7.798049409757368e-06,0.8693983554840088,43366.26583781701
40,bert.encoder.layer.5.attention.output.dense,dense,0.03543645143508911,0.009833333333333333,2.0562552549563407e-07,0.01685992069542408,0.22155483067035675,6.46591252007056e-06,0.8549262285232544,70323.88475441822
40,bert.encoder.layer.6.attention.self.query,query,0.023936638608574867,0.009833333333333333,1.3242431862181547e-07,0.012707517482340336,0.19649091362953186,3.5568377825256903e-06,0.9354790449142456,97417.28645364806
40,bert.encoder.layer.6.attention.self.key,key,0.02752768248319626,0.009833333333333333,1.1979970793163375e-07,0.013666297309100628,0.14886997640132904,2.820964482452837e-06,0.9222819209098816,107815.56560029527
40,bert.encoder.layer.6.attention.self.value,value,0.030145201832056046,0.009833333333333333,3.7304994293663185e-07,0.014713641256093979,0.4532094895839691,6.686863798677223e-06,0.9173991084098816,34442.53580965046
40,bert.encoder.layer.6.attention.output.dense,dense,0.03244444355368614,0.009833333333333333,1.8156146097680903e-07,0.01566554792225361,0.1945590078830719,5.250809408607893e-06,0.8799709677696228,81201.47592554214
40,bert.encoder.layer.7.attention.self.query,query,0.019798519089818,0.009833333333333333,1.0967588082166912e-07,0.009901235811412334,0.18853922188282013,2.8377601211104775e-06,0.9643690586090088,66128.70506460214
40,bert.encoder.layer.7.attention.self.key,key,0.024628205224871635,0.009833333333333333,9.506036491302439e-08,0.012986627407371998,0.12970058619976044,2.519647978260764e-06,0.9250962734222412,95693.91296367253
40,bert.encoder.layer.7.attention.self.value,value,0.027088498696684837,0.009833333333333333,3.2274510886054486e-07,0.014906033873558044,0.39929959177970886,7.639287105121184e-06,0.9044867753982544,35329.886423592776
40,bert.encoder.layer.7.attention.output.dense,dense,0.027335796505212784,0.009833333333333333,2.0739730643981602e-07,0.01448596641421318,0.25217410922050476,5.849045464856317e-06,0.9026082158088684,50941.26358194691
40,bert.encoder.layer.8.attention.self.query,query,0.018953464925289154,0.009833333333333333,1.1708485203598684e-07,0.01028937753289938,0.2228790670633316,2.719435542530846e-06,0.9700181484222412,69536.96310445426
40,bert.encoder.layer.8.attention.self.key,key,0.020130785182118416,0.009833333333333333,9.755231644703599e-08,0.010337593965232372,0.17443391680717468,1.7684074009594042e-06,0.9629991054534912,92040.85629099498
40,bert.encoder.layer.8.attention.self.value,value,0.021685931831598282,0.009833333333333333,2.613204515000689e-07,0.010894136503338814,0.45610547065734863,5.17137141287094e-06,0.9649794101715088,37525.3986477637
40,bert.encoder.layer.8.attention.output.dense,dense,0.025756213814020157,0.009833333333333333,1.565715734841433e-07,0.013008465059101582,0.18651016056537628,4.106133474124363e-06,0.9283447265625,59634.75231873134
40,bert.encoder.layer.9.attention.self.query,query,0.007175837643444538,0.009833333333333333,3.4850702324007443e-09,0.001669284887611866,0.035313863307237625,1.0161428320998311e-07,0.9999864101409912,129942.6459208944
40,bert.encoder.layer.9.attention.self.key,key,0.009024536237120628,0.009833333333333333,3.579295970723706e-09,0.002865137066692114,0.008889607153832912,3.8256416701187845e-08,0.9988810420036316,194302.57108320424
40,bert.encoder.layer.9.attention.self.value,value,0.014860871247947216,0.009833333333333333,1.6778868427991256e-07,0.007126064505428076,0.44730350375175476,3.1841177587921266e-06,0.9920722246170044,33384.4837925797
40,bert.encoder.layer.9.attention.output.dense,dense,0.022682201117277145,0.009833333333333333,9.414876700475361e-08,0.011126215569674969,0.13574765622615814,2.1927032776147826e-06,0.9511650800704956,88874.49799301533
40,bert.encoder.layer.10.attention.self.query,query,0.006296428851783276,0.009833333333333333,3.399867720688121e-09,0.001475303084589541,0.022778639569878578,4.698971878269731e-08,0.9999525547027588,100104.30001502908
40,bert.encoder.layer.10.attention.self.key,key,0.00576989259570837,0.009833333333333333,2.8042574928832664e-09,0.0016647339798510075,0.04316794127225876,5.2946532491660037e-08,0.99993896484375,117455.60362213907
40,bert.encoder.layer.10.attention.self.value,value,0.010657559148967266,0.009833333333333333,9.479675355805739e-08,0.005343615543097258,0.3151814937591553,1.5555706340819597e-06,0.9956529140472412,48225.24000803894
40,bert.encoder.layer.10.attention.output.dense,dense,0.018865510821342468,0.009833333333333333,5.108732636927016e-08,0.009385587647557259,0.0934094786643982,1.5862511872910545e-06,0.96923828125,121281.2193899572
40,bert.encoder.layer.11.attention.self.query,query,0.002733175177127123,0.009833333333333333,4.3794066151292554e-09,0.0010986095294356346,0.05030926316976547,4.6434919909188466e-08,0.9999660849571228,118344.08293693315
40,bert.encoder.layer.11.attention.self.key,key,0.003235694719478488,0.009833333333333333,3.490702171760063e-09,0.0015204419614747167,0.023346107453107834,3.2920379311462966e-08,0.9998440146446228,136548.0968344674
40,bert.encoder.layer.11.attention.self.value,value,0.009579473175108433,0.009833333333333333,1.4015017768542748e-07,0.005009333603084087,0.4974216818809509,1.3798889995086938e-06,0.9974297285079956,48922.050627372766
40,bert.encoder.layer.11.attention.output.dense,dense,0.018270103260874748,0.009833333333333333,5.0488427660866364e-08,0.009134485386312008,0.09696599841117859,1.2580170505316346e-06,0.9718356728553772,122947.74964186062
41,bert.encoder.layer.0.attention.self.query,query,0.02739909663796425,0.009666666666666669,6.707418975793189e-08,0.014519987627863884,0.07756402343511581,2.1841999569005566e-06,0.9102715253829956,151464.86817601675
41,bert.encoder.layer.0.attention.self.key,key,0.028101114556193352,0.009666666666666669,5.8934208624350504e-08,0.01501928549259901,0.07181654125452042,1.9579706531658303e-06,0.8944227695465088,159611.52279334416
41,bert.encoder.layer.0.attention.self.value,value,0.029143763706088066,0.009666666666666669,1.5316334156523226e-07,0.014791504479944706,0.19595375657081604,4.447733317647362e-06,0.8939276933670044,77435.87089460582
41,bert.encoder.layer.0.attention.output.dense,dense,0.033618006855249405,0.009666666666666669,1.592091081192848e-07,0.017440930008888245,0.16915185749530792,5.419195076683536e-06,0.8409220576286316,83228.5790671199
41,bert.encoder.layer.1.attention.self.query,query,0.0317840576171875,0.009666666666666669,7.893645204148925e-08,0.014297271147370338,0.09886650741100311,2.3526920358563075e-06,0.9029066562652588,127751.58325096633
41,bert.encoder.layer.1.attention.self.key,key,0.030548829585313797,0.009666666666666669,7.006848079527117e-08,0.01409701444208622,0.0857829824090004,2.011864808082464e-06,0.9093356728553772,136658.72769147708
41,bert.encoder.layer.1.attention.self.value,value,0.028129760175943375,0.009666666666666669,2.3524775372152362e-07,0.013998736627399921,0.3072457015514374,4.9934806156670675e-06,0.9173448085784912,48844.2213239391
41,bert.encoder.layer.1.attention.output.dense,dense,0.03518960624933243,0.009666666666666669,1.5961924759722024e-07,0.017443854361772537,0.16383016109466553,5.201462045079097e-06,0.8422512412071228,86977.25368366153
41,bert.encoder.layer.2.attention.self.query,query,0.027607982978224754,0.009666666666666669,8.421839226002703e-08,0.013931574299931526,0.09910287708044052,2.4017606392590096e-06,0.9167209267616272,119773.39097734155
41,bert.encoder.layer.2.attention.self.key,key,0.02979297563433647,0.009666666666666669,8.069576296065861e-08,0.014461539685726166,0.1119743064045906,2.5285105493821902e-06,0.9047309160232544,140337.29808807894
41,bert.encoder.layer.2.attention.self.value,value,0.03243885189294815,0.009666666666666669,2.668739114142227e-07,0.01578162983059883,0.3146125078201294,6.236388344404986e-06,0.8894314169883728,46772.60211661932
41,bert.encoder.layer.2.attention.output.dense,dense,0.036403656005859375,0.009666666666666669,1.8192804418504238e-07,0.017998958006501198,0.18438716232776642,5.651372703141533e-06,0.8290134072303772,74298.84927899051
41,bert.encoder.layer.3.attention.self.query,query,0.028559794649481773,0.009666666666666669,9.76163150312459e-08,0.014259337447583675,0.12067976593971252,3.1159761419985443e-06,0.9042222499847412,101676.44292768996
41,bert.encoder.layer.3.attention.self.key,key,0.03254599869251251,0.009666666666666669,9.964406899598544e-08,0.016520367935299873,0.1081337258219719,3.066277031393838e-06,0.8689982295036316,116812.96709078226
41,bert.encoder.layer.3.attention.self.value,value,0.03659924492239952,0.009666666666666669,3.412527291857259e-07,0.01937284879386425,0.32856491208076477,8.8381530076731e-06,0.8264973759651184,48289.869274128076
41,bert.encoder.layer.3.attention.output.dense,dense,0.04013749957084656,0.009666666666666669,2.4455923153254844e-07,0.020353304222226143,0.21985654532909393,7.734214705124032e-06,0.7791205644607544,66834.46534785652
41,bert.encoder.layer.4.attention.self.query,query,0.029261913150548935,0.009666666666666669,1.2098325896658935e-07,0.015010708011686802,0.132803276181221,3.009558213307173e-06,0.8993869423866272,94339.7366852607
41,bert.encoder.layer.4.attention.self.key,key,0.03202744945883751,0.009666666666666669,1.1997981630429422e-07,0.016209477558732033,0.13935571908950806,2.9588197776320158e-06,0.8886515498161316,113070.12864497156
41,bert.encoder.layer.4.attention.self.value,value,0.03446333110332489,0.009666666666666669,3.2769600011306466e-07,0.017260562628507614,0.3500228226184845,7.086538516887231e-06,0.8697916865348816,45605.69948409514
41,bert.encoder.layer.4.attention.output.dense,dense,0.03714559227228165,0.009666666666666669,2.1220022006218642e-07,0.01921495981514454,0.18572641909122467,6.088152076699771e-06,0.8088853359222412,68599.40440463966
41,bert.encoder.layer.5.attention.self.query,query,0.027480056509375572,0.009666666666666669,1.20397572800357e-07,0.01421025674790144,0.1571933776140213,3.4352524380665272e-06,0.9145846962928772,97025.84195212364
41,bert.encoder.layer.5.attention.self.key,key,0.032466839998960495,0.009666666666666669,1.1674466549038698e-07,0.015862179920077324,0.12585921585559845,3.239551233491511e-06,0.8864406943321228,111725.87579172784
41,bert.encoder.layer.5.attention.self.value,value,0.035181429237127304,0.009666666666666669,2.8076635771867586e-07,0.016914743930101395,0.3069443106651306,6.904484507685993e-06,0.8640000820159912,43717.14757239932
41,bert.encoder.layer.5.attention.output.dense,dense,0.035887133330106735,0.009666666666666669,1.8028923420843057e-07,0.017035743221640587,0.1973443180322647,6.173760084493551e-06,0.8517524003982544,70395.84415052806
41,bert.encoder.layer.6.attention.self.query,query,0.024284332990646362,0.009666666666666669,1.2811860017336585e-07,0.01301639899611473,0.18297821283340454,3.6225246731191874e-06,0.9306504726409912,97797.93086326934
41,bert.encoder.layer.6.attention.self.key,key,0.02819208614528179,0.009666666666666669,1.2325102716204128e-07,0.01416865922510624,0.16103090345859528,3.1641193345421925e-06,0.9141777753829956,109687.898738159
41,bert.encoder.layer.6.attention.self.value,value,0.030437981709837914,0.009666666666666669,3.1250985443875834e-07,0.014757621102035046,0.3790530562400818,6.0967213357798755e-06,0.9089694619178772,34518.12441943851
41,bert.encoder.layer.6.attention.output.dense,dense,0.032805848866701126,0.009666666666666669,1.6530267998859927e-07,0.01594471000134945,0.1940869390964508,5.515323664440075e-06,0.8737928867340088,81071.89619471374
41,bert.encoder.layer.7.attention.self.query,query,0.020555367693305016,0.009666666666666669,1.0010720075115387e-07,0.01032267976552248,0.16481107473373413,2.6727061595011037e-06,0.9603813886642456,66067.88075351756
41,bert.encoder.layer.7.attention.self.key,key,0.0256268959492445,0.009666666666666669,9.927102695428403e-08,0.013581077568233013,0.12054812163114548,2.6704863103077514e-06,0.9171549677848816,96239.3472123052
41,bert.encoder.layer.7.attention.self.value,value,0.027529988437891006,0.009666666666666669,3.007148450251407e-07,0.01505586039274931,0.3445623517036438,6.774057965230895e-06,0.900146484375,35471.688416993566
41,bert.encoder.layer.7.attention.output.dense,dense,0.02770853228867054,0.009666666666666669,2.1043798881237308e-07,0.014727272093296051,0.2531924545764923,5.524218977370765e-06,0.8985188603401184,50554.85760969101
41,bert.encoder.layer.8.attention.self.query,query,0.018367506563663483,0.009666666666666669,1.0345648604470625e-07,0.009922808967530727,0.1719622164964676,2.189696942878072e-06,0.9721747636795044,69858.563055938
41,bert.encoder.layer.8.attention.self.key,key,0.019997980445623398,0.009666666666666669,7.502583798668638e-08,0.010166055522859097,0.12003748118877411,1.6023462876546546e-06,0.96221923828125,92133.65671668717
41,bert.encoder.layer.8.attention.self.value,value,0.021498218178749084,0.009666666666666669,2.1219136669969885e-07,0.010524599812924862,0.36041027307510376,4.109685050934786e-06,0.9657863974571228,37635.25783757282
41,bert.encoder.layer.8.attention.output.dense,dense,0.025512702763080597,0.009666666666666669,1.3646889840401855e-07,0.012733981013298035,0.18778946995735168,3.91577668779064e-06,0.9316542148590088,59905.2712491884
41,bert.encoder.layer.9.attention.self.query,query,0.007144658360630274,0.009666666666666669,4.421338850590928e-09,0.0017753271386027336,0.045797403901815414,9.646441867516842e-08,0.9999457597732544,130522.38182518624
41,bert.encoder.layer.9.attention.self.key,key,0.009359857067465782,0.009666666666666669,4.27368629374314e-09,0.0033037594985216856,0.016491269692778587,1.2601701371295349e-07,0.99810791015625,196074.38015752973
41,bert.encoder.layer.9.attention.self.value,value,0.01495589129626751,0.009666666666666669,1.6103015809676435e-07,0.007143114693462849,0.3973286747932434,2.980433237098623e-06,0.9917941689491272,33596.809933684206
41,bert.encoder.layer.9.attention.output.dense,dense,0.022773748263716698,0.009666666666666669,8.381648797239905e-08,0.011179865337908268,0.1580241322517395,2.282622972415993e-06,0.9505683183670044,89394.44045618935
41,bert.encoder.layer.10.attention.self.query,query,0.006413321476429701,0.009666666666666669,4.636235395594213e-09,0.0015860632993280888,0.059489089995622635,9.687376234523981e-08,0.9999321699142456,99962.297862217
41,bert.encoder.layer.10.attention.self.key,key,0.006105612963438034,0.009666666666666669,3.520708391491212e-09,0.0016232813941314816,0.027507754042744637,5.041266959437962e-08,0.9999253749847412,117552.89669446339
41,bert.encoder.layer.10.attention.self.value,value,0.01108655147254467,0.009666666666666669,1.04034192816016e-07,0.005503242835402489,0.3522494435310364,1.7028703496180242e-06,0.9951035976409912,48390.7268802794
41,bert.encoder.layer.10.attention.output.dense,dense,0.018910285085439682,0.009666666666666669,5.92914162211855e-08,0.009259854443371296,0.10395070165395737,1.5906350654404378e-06,0.9702622890472412,121658.34880294742
41,bert.encoder.layer.11.attention.self.query,query,0.003081941744312644,0.009666666666666669,3.024127837036872e-09,0.0012770509347319603,0.03082512691617012,4.6199836845062237e-08,0.9998440146446228,118465.00595485656
41,bert.encoder.layer.11.attention.self.key,key,0.003278392134234309,0.009666666666666669,2.4338451254379834e-09,0.0014986920868977904,0.04088112711906433,3.12691774695395e-08,0.9999118447303772,136649.2878029164
41,bert.encoder.layer.11.attention.self.value,value,0.009316935203969479,0.009666666666666669,1.037915140500445e-07,0.004762696567922831,0.36156362295150757,1.0538939250182011e-06,0.9977891445159912,48330.542459895914
41,bert.encoder.layer.11.attention.output.dense,dense,0.01844048500061035,0.009666666666666669,3.808132831295552e-08,0.008999641984701157,0.04694312810897827,8.171052741090534e-07,0.9735988974571228,123603.66694990142
42,bert.encoder.layer.0.attention.self.query,query,0.028098328039050102,0.0095,7.231277265873359e-08,0.014794203452765942,0.08650744706392288,2.3293987396755256e-06,0.9033745527267456,151602.45632397442
42,bert.encoder.layer.0.attention.self.key,key,0.02906072326004505,0.0095,6.570842714381797e-08,0.015483144670724869,0.06099709868431091,1.876630562946957e-06,0.88592529296875,159689.9368243156
42,bert.encoder.layer.0.attention.self.value,value,0.030160430818796158,0.0095,1.684725390305175e-07,0.015282295644283295,0.20140059292316437,5.148336185811786e-06,0.8841281533241272,77604.12440764387
42,bert.encoder.layer.0.attention.output.dense,dense,0.03419407084584236,0.0095,1.7765472648534342e-07,0.017640002071857452,0.1723478138446808,5.567185326071922e-06,0.83636474609375,83607.31914369056
42,bert.encoder.layer.1.attention.self.query,query,0.03260544314980507,0.0095,9.151381163974293e-08,0.014661748893558979,0.11243937164545059,2.833899088727776e-06,0.8963894248008728,127997.78012060109
42,bert.encoder.layer.1.attention.self.key,key,0.031363118439912796,0.0095,8.253832106674963e-08,0.014634760096669197,0.10358192026615143,2.3982624952623155e-06,0.9024997353553772,136685.91886684904
42,bert.encoder.layer.1.attention.self.value,value,0.0291679035872221,0.0095,2.71903815018959e-07,0.014413492754101753,0.32361847162246704,5.6235653573821764e-06,0.9104953408241272,49486.947747696686
42,bert.encoder.layer.1.attention.output.dense,dense,0.03574313223361969,0.0095,1.7891831305405503e-07,0.017755404114723206,0.18460196256637573,6.06212233833503e-06,0.8354628086090088,87477.82202391914
42,bert.encoder.layer.2.attention.self.query,query,0.028008757159113884,0.0095,9.053157157268288e-08,0.014191214926540852,0.12681110203266144,2.5638712486397708e-06,0.9128146767616272,120324.90902258646
42,bert.encoder.layer.2.attention.self.key,key,0.030399801209568977,0.0095,7.99953099317463e-08,0.014618555083870888,0.10314194858074188,2.4665503133292077e-06,0.9021742343902588,140087.8364898135
42,bert.encoder.layer.2.attention.self.value,value,0.03351736068725586,0.0095,3.089197946337663e-07,0.016253890469670296,0.34365203976631165,7.114141226338688e-06,0.8817274570465088,47255.92098010286
42,bert.encoder.layer.2.attention.output.dense,dense,0.037133924663066864,0.0095,2.0679037504578446e-07,0.018299248069524765,0.18992118537425995,6.125007985247066e-06,0.8227471113204956,74425.55881525268
42,bert.encoder.layer.3.attention.self.query,query,0.02857450395822525,0.0095,1.1799767207776313e-07,0.014248345047235489,0.163410022854805,3.5642224247567356e-06,0.9036458134651184,101498.45755436039
42,bert.encoder.layer.3.attention.self.key,key,0.033051203936338425,0.0095,1.1154021706261119e-07,0.01676618680357933,0.11316686868667603,3.1691652111476287e-06,0.8667263388633728,116861.4429938623
42,bert.encoder.layer.3.attention.self.value,value,0.03742953762412071,0.0095,3.5840068335346587e-07,0.019733134657144547,0.33776524662971497,9.275714546674863e-06,0.8180609941482544,48530.929399675115
42,bert.encoder.layer.3.attention.output.dense,dense,0.04084700345993042,0.0095,2.6909322059509577e-07,0.020647434517741203,0.24659742414951324,9.09140635485528e-06,0.7727254033088684,67060.05729042448
42,bert.encoder.layer.4.attention.self.query,query,0.029634598642587662,0.0095,1.5467762182197475e-07,0.015293081291019917,0.19495266675949097,3.6960891520720907e-06,0.8971828818321228,93992.16878112292
42,bert.encoder.layer.4.attention.self.key,key,0.032046735286712646,0.0095,1.38057728804597e-07,0.0159157682210207,0.1593325138092041,2.95458721666364e-06,0.8928425908088684,112541.71951185039
42,bert.encoder.layer.4.attention.self.value,value,0.03500213846564293,0.0095,3.69715650094804e-07,0.017595874145627022,0.373701810836792,7.231566996779293e-06,0.8646240234375,45534.04359583783
42,bert.encoder.layer.4.attention.output.dense,dense,0.03775736689567566,0.0095,2.359055599754356e-07,0.0195537768304348,0.21613642573356628,7.24953042663401e-06,0.8025851845741272,68622.93527187468
42,bert.encoder.layer.5.attention.self.query,query,0.027972882613539696,0.0095,1.3895585482259776e-07,0.014503628015518188,0.17180462181568146,4.001370598416543e-06,0.9089558720588684,97145.15943931001
42,bert.encoder.layer.5.attention.self.key,key,0.03343446925282478,0.0095,1.3747586535828304e-07,0.01647762581706047,0.15925197303295135,4.0961890590551775e-06,0.8783976435661316,111212.87930463692
42,bert.encoder.layer.5.attention.self.value,value,0.035974591970443726,0.0095,3.143592266496853e-07,0.017303919419646263,0.323517769575119,7.349861789407441e-06,0.8587307333946228,43713.04302021021
42,bert.encoder.layer.5.attention.output.dense,dense,0.03676941990852356,0.0095,2.1048776943644043e-07,0.017562152817845345,0.22751545906066895,7.266323336807545e-06,0.8404676914215088,70369.90933645844
42,bert.encoder.layer.6.attention.self.query,query,0.024185625836253166,0.0095,1.4746973420187715e-07,0.012890084646642208,0.19302427768707275,3.827582531812368e-06,0.9319865107536316,97712.47989895214
42,bert.encoder.layer.6.attention.self.key,key,0.028209568932652473,0.0095,1.3599498061012127e-07,0.014140747487545013,0.15799927711486816,3.012211891473271e-06,0.91558837890625,109472.67726830256
42,bert.encoder.layer.6.attention.self.value,value,0.03078606352210045,0.0095,3.398171486423962e-07,0.014928597025573254,0.4020466208457947,6.600778306165012e-06,0.9071044921875,34945.82885393361
42,bert.encoder.layer.6.attention.output.dense,dense,0.03348647058010101,0.0095,1.7848330458036799e-07,0.01609668880701065,0.20309805870056152,6.252842467802111e-06,0.8689982295036316,81468.48357743467
42,bert.encoder.layer.7.attention.self.query,query,0.020664263516664505,0.0095,1.1803913935182209e-07,0.010473016649484634,0.1985161304473877,3.292464043624932e-06,0.9580078125,64189.99397299125
42,bert.encoder.layer.7.attention.self.key,key,0.025971941649913788,0.0095,1.1318679327132486e-07,0.013698813505470753,0.1648189127445221,3.4095364753738977e-06,0.9144287109375,94306.99315944927
42,bert.encoder.layer.7.attention.self.value,value,0.02800086699426174,0.0095,3.188980883805925e-07,0.015295781195163727,0.3765334486961365,7.405201358778868e-06,0.8984307050704956,35548.16347295765
42,bert.encoder.layer.7.attention.output.dense,dense,0.028099939227104187,0.0095,2.1893593782351672e-07,0.014946209266781807,0.25832968950271606,6.335993020911701e-06,0.8936496376991272,49977.78842925604
42,bert.encoder.layer.8.attention.self.query,query,0.01851932518184185,0.0095,1.1141860767338585e-07,0.010186559520661831,0.1943119913339615,2.4108614979923004e-06,0.9707370400428772,69729.10891147323
42,bert.encoder.layer.8.attention.self.key,key,0.020492661744356155,0.0095,9.213820817421947e-08,0.010448727756738663,0.16145503520965576,1.7932850369106745e-06,0.96124267578125,91696.56037085093
42,bert.encoder.layer.8.attention.self.value,value,0.02165350131690502,0.0095,1.9324059508107894e-07,0.010484287515282631,0.34028926491737366,4.038542556372704e-06,0.9660983681678772,37991.86765294066
42,bert.encoder.layer.8.attention.output.dense,dense,0.025964243337512016,0.0095,1.2447780761704053e-07,0.012979801744222641,0.17183896899223328,3.5644839044834953e-06,0.9287855625152588,60662.68712402581
42,bert.encoder.layer.9.attention.self.query,query,0.00716302078217268,0.0095,5.003786274215827e-09,0.0019007469527423382,0.05217692255973816,1.468688139993901e-07,0.9999932050704956,130970.2132164828
42,bert.encoder.layer.9.attention.self.key,key,0.009490814059972763,0.0095,4.686296239952981e-09,0.003294179914519191,0.026867210865020752,1.187886766729207e-07,0.9983181357383728,197114.63654350053
42,bert.encoder.layer.9.attention.self.value,value,0.01505285780876875,0.0095,1.5007252329723997e-07,0.007185396738350391,0.3666788637638092,2.7370588213671e-06,0.9908854365348816,34059.5985858945
42,bert.encoder.layer.9.attention.output.dense,dense,0.022586455568671227,0.0095,7.68742793866295e-08,0.011050316505134106,0.11481085419654846,2.2062990865379106e-06,0.9523586630821228,90393.71029121698
42,bert.encoder.layer.10.attention.self.query,query,0.006205636542290449,0.0095,9.429420799733634e-09,0.0017414422472938895,0.13616284728050232,1.7641089300468593e-07,0.9999050498008728,99205.9048272697
42,bert.encoder.layer.10.attention.self.key,key,0.005987911950796843,0.0095,6.665403340377907e-09,0.0018185635562986135,0.06727629154920578,1.2077738631433022e-07,0.9998982548713684,116837.74504578018
42,bert.encoder.layer.10.attention.self.value,value,0.010936220176517963,0.0095,9.418875634992219e-08,0.005317132454365492,0.30721500515937805,1.5476343833142892e-06,0.9953206181526184,48027.64007776655
42,bert.encoder.layer.10.attention.output.dense,dense,0.018902810290455818,0.0095,5.55824293257956e-08,0.009189079515635967,0.11440829932689667,1.3153648978914134e-06,0.9715508222579956,122842.41530732263
42,bert.encoder.layer.11.attention.self.query,query,0.0037759337574243546,0.0095,5.500199851127263e-09,0.001472960808314383,0.07205069810152054,1.007002268238466e-07,0.9997355341911316,118554.80709789466
42,bert.encoder.layer.11.attention.self.key,key,0.003577615600079298,0.0095,4.456309099509781e-09,0.0015078817959874868,0.056698478758335114,9.42496711786589e-08,0.9999050498008728,136654.52592465084
42,bert.encoder.layer.11.attention.self.value,value,0.0094596641138196,0.0095,1.1750934447718464e-07,0.00489045400172472,0.42174282670021057,1.2471281252146582e-06,0.9977688193321228,47989.15735076878
42,bert.encoder.layer.11.attention.output.dense,dense,0.018363377079367638,0.0095,4.221639571255764e-08,0.009069696068763733,0.05850338190793991,1.0758861890280969e-06,0.9731852412223816,124737.60623288978
43,bert.encoder.layer.0.attention.self.query,query,0.028928473591804504,0.009333333333333332,8.23409109784734e-08,0.015219995751976967,0.10112716257572174,2.8451106572902063e-06,0.8954264521598816,152344.1236608775
43,bert.encoder.layer.0.attention.self.key,key,0.029929354786872864,0.009333333333333332,7.336609542107908e-08,0.015865882858633995,0.08518161624670029,2.328688424313441e-06,0.8792995810508728,160084.11366093156
43,bert.encoder.layer.0.attention.self.value,value,0.031092213466763496,0.009333333333333332,1.8841852522655245e-07,0.015771912410855293,0.20545174181461334,5.190218416828429e-06,0.8736301064491272,77827.0212158268
43,bert.encoder.layer.0.attention.output.dense,dense,0.03527962043881416,0.009333333333333332,1.9287509189780394e-07,0.018300063908100128,0.19017209112644196,6.334041245281696e-06,0.8230522871017456,83879.94376605224
43,bert.encoder.layer.1.attention.self.query,query,0.03307219222187996,0.009333333333333332,8.636106230142104e-08,0.0151189174503088,0.10429761558771133,2.6337490908190375e-06,0.8896416425704956,127803.86257352468
43,bert.encoder.layer.1.attention.self.key,key,0.03208174183964729,0.009333333333333332,7.684977276767313e-08,0.014694612473249435,0.09841500222682953,2.3434176910086535e-06,0.9005873203277588,136014.3902178885
43,bert.encoder.layer.1.attention.self.value,value,0.029777947813272476,0.009333333333333332,2.8544027941279637e-07,0.014702413231134415,0.3438262939453125,5.9929875533271115e-06,0.9073825478553772,49326.81232559989
43,bert.encoder.layer.1.attention.output.dense,dense,0.036523450165987015,0.009333333333333332,1.8976778903834202e-07,0.018213283270597458,0.18269971013069153,6.063337423256598e-06,0.8243815302848816,87679.7977060551
43,bert.encoder.layer.2.attention.self.query,query,0.028957214206457138,0.009333333333333332,9.820526969406274e-08,0.014584830030798912,0.11393612623214722,2.6251991585013457e-06,0.9073283076286316,119575.605057482
43,bert.encoder.layer.2.attention.self.key,key,0.031363196671009064,0.009333333333333332,8.494837544503753e-08,0.01490429975092411,0.10725569725036621,2.7632268029265106e-06,0.8956027626991272,139771.68948949256
43,bert.encoder.layer.2.attention.self.value,value,0.034200262278318405,0.009333333333333332,3.3546953659424616e-07,0.016766086220741272,0.38214004039764404,7.941471267258748e-06,0.8766750693321228,47159.18157655053
43,bert.encoder.layer.2.attention.output.dense,dense,0.03785382956266403,0.009333333333333332,2.1410480144368194e-07,0.018618030473589897,0.2159298062324524,6.954019227123354e-06,0.8152804970741272,74758.20320785859
43,bert.encoder.layer.3.attention.self.query,query,0.02907944843173027,0.009333333333333332,1.2717245567728241e-07,0.014601137489080429,0.16511014103889465,3.8508756006194744e-06,0.8978745937347412,100981.46137647165
43,bert.encoder.layer.3.attention.self.key,key,0.03347700089216232,0.009333333333333332,1.1581145997752174e-07,0.017120836302638054,0.1203947439789772,3.3072944916057168e-06,0.8596733808517456,116985.1647671641
43,bert.encoder.layer.3.attention.self.value,value,0.03814457729458809,0.009333333333333332,4.4327504156171926e-07,0.020354587584733963,0.39612504839897156,9.126577424467541e-06,0.8189900517463684,48125.195702700286
43,bert.encoder.layer.3.attention.output.dense,dense,0.041367147117853165,0.009333333333333332,2.7805680247183773e-07,0.020933015272021294,0.2523684799671173,9.141231203102507e-06,0.7690226435661316,66839.88982303979
43,bert.encoder.layer.4.attention.self.query,query,0.029639843851327896,0.009333333333333332,1.5611148285188392e-07,0.015172957442700863,0.18826913833618164,3.873146852129139e-06,0.8978000283241272,92792.91834295011
43,bert.encoder.layer.4.attention.self.key,key,0.032748688012361526,0.009333333333333332,1.4276173487814958e-07,0.01626700349152088,0.15783017873764038,3.076469511142932e-06,0.8848334550857544,111503.10634071688
43,bert.encoder.layer.4.attention.self.value,value,0.03560255467891693,0.009333333333333332,4.197165708319517e-07,0.01814737170934677,0.4236471951007843,8.528528269380331e-06,0.861328125,44893.216001162415
43,bert.encoder.layer.4.attention.output.dense,dense,0.03786037489771843,0.009333333333333332,2.500795517335064e-07,0.01964140124619007,0.2312561720609665,7.87221870268695e-06,0.80023193359375,68266.26694618337
43,bert.encoder.layer.5.attention.self.query,query,0.02745073288679123,0.009333333333333332,1.3963310152576014e-07,0.01419634185731411,0.1530110388994217,3.6908293168380624e-06,0.9136013388633728,96367.08399179619
43,bert.encoder.layer.5.attention.self.key,key,0.03274587169289589,0.009333333333333332,1.302989716123193e-07,0.016113555058836937,0.14292877912521362,3.5766506698564626e-06,0.8837754726409912,110443.77336503622
43,bert.encoder.layer.5.attention.self.value,value,0.035606950521469116,0.009333333333333332,3.0695210284648056e-07,0.017034726217389107,0.3280089199542999,6.963381565583404e-06,0.8635457158088684,43735.62629734344
43,bert.encoder.layer.5.attention.output.dense,dense,0.036267634481191635,0.009333333333333332,2.0640933939830575e-07,0.017077015712857246,0.19733886420726776,5.9838234847120475e-06,0.85009765625,69935.86123439761
43,bert.encoder.layer.6.attention.self.query,query,0.02335534058511257,0.009333333333333332,1.1618686102110587e-07,0.01227981224656105,0.16727285087108612,3.191517862433102e-06,0.940673828125,97937.01378381786
43,bert.encoder.layer.6.attention.self.key,key,0.02722397819161415,0.009333333333333332,1.0838211750296978e-07,0.013390791602432728,0.15021072328090668,2.9847260520909913e-06,0.92718505859375,108720.29520716371
43,bert.encoder.layer.6.attention.self.value,value,0.029979996383190155,0.009333333333333332,3.4772000390148605e-07,0.014541536569595337,0.41854581236839294,5.777912519988604e-06,0.91705322265625,35294.79551718962
43,bert.encoder.layer.6.attention.output.dense,dense,0.032714053988456726,0.009333333333333332,1.559401994200016e-07,0.015787160024046898,0.18815207481384277,5.116360171086853e-06,0.8778212070465088,81106.36274898962
43,bert.encoder.layer.7.attention.self.query,query,0.020246922969818115,0.009333333333333332,1.0871227118514071e-07,0.010373703204095364,0.19291721284389496,2.853155137927388e-06,0.9598049521446228,64184.42331122901
43,bert.encoder.layer.7.attention.self.key,key,0.02459019422531128,0.009333333333333332,1.0055781274331821e-07,0.013149508275091648,0.1354975700378418,2.7608284653979354e-06,0.9220445156097412,94004.29610408643
43,bert.encoder.layer.7.attention.self.value,value,0.027238789945840836,0.009333333333333332,2.850039209079114e-07,0.014964498579502106,0.33915483951568604,6.426290383387823e-06,0.9014553427696228,35680.2782811087
43,bert.encoder.layer.7.attention.output.dense,dense,0.027770232409238815,0.009333333333333332,2.018210096821349e-07,0.014809789136052132,0.22503745555877686,5.24845836480381e-06,0.8966471552848816,49553.2663593066
43,bert.encoder.layer.8.attention.self.query,query,0.017894655466079712,0.009333333333333332,9.577557591455843e-08,0.009959866292774677,0.18883390724658966,2.157413291570265e-06,0.9740668535232544,69654.82920222805
43,bert.encoder.layer.8.attention.self.key,key,0.019817106425762177,0.009333333333333332,6.951971442958893e-08,0.010087484493851662,0.1134086549282074,1.396782863594126e-06,0.9651760458946228,91094.14947306512
43,bert.encoder.layer.8.attention.self.value,value,0.021556291729211807,0.009333333333333332,2.1650050996413484e-07,0.010759610682725906,0.3765760660171509,3.990608092863113e-06,0.9650810956954956,38094.14518480623
43,bert.encoder.layer.8.attention.output.dense,dense,0.025513822212815285,0.009333333333333332,1.2459729248348594e-07,0.01294349692761898,0.161820188164711,3.68529026673059e-06,0.9267985224723816,60980.41071003516
43,bert.encoder.layer.9.attention.self.query,query,0.007118916139006615,0.009333333333333332,4.975870826484652e-09,0.0019788339268416166,0.02973702736198902,6.239758931769757e-08,0.9999660849571228,131073.22973611584
43,bert.encoder.layer.9.attention.self.key,key,0.00905099231749773,0.009333333333333332,4.432506806040237e-09,0.0032160733826458454,0.036393266171216965,1.5812850051588612e-07,0.9984605312347412,197599.73058271597
43,bert.encoder.layer.9.attention.self.value,value,0.014936776831746101,0.009333333333333332,1.529478055317668e-07,0.0072494265623390675,0.3873669505119324,2.9426785204123007e-06,0.9913465976715088,34344.22095464785
43,bert.encoder.layer.9.attention.output.dense,dense,0.02222621627151966,0.009333333333333332,7.048212324889391e-08,0.010974431410431862,0.12585414946079254,1.87404918960965e-06,0.9529011845588684,91111.13307659874
43,bert.encoder.layer.10.attention.self.query,query,0.006569208577275276,0.009333333333333332,5.315031526009761e-09,0.0018671511206775904,0.030259324237704277,1.1227868412788666e-07,0.9998236894607544,99098.18908718639
43,bert.encoder.layer.10.attention.self.key,key,0.006517891306430101,0.009333333333333332,3.5909115680965442e-09,0.0018641474889591336,0.034042686223983765,7.45469961316303e-08,0.9999186396598816,116889.62539835574
43,bert.encoder.layer.10.attention.self.value,value,0.01085151918232441,0.009333333333333332,8.770145853986833e-08,0.005209012422710657,0.3053901493549347,1.3739497717324411e-06,0.9960734248161316,48334.660955470856
43,bert.encoder.layer.10.attention.output.dense,dense,0.01870102807879448,0.009333333333333332,4.691692367941869e-08,0.009088045917451382,0.04326029494404793,7.556616310466779e-07,0.9725205898284912,124257.5275650365
43,bert.encoder.layer.11.attention.self.query,query,0.003944360185414553,0.009333333333333332,3.0425988395421655e-09,0.001539713004603982,0.029726644977927208,6.433825205931498e-08,0.9997355341911316,118637.3540777435
43,bert.encoder.layer.11.attention.self.key,key,0.0037952999118715525,0.009333333333333332,2.5977113793373974e-09,0.001688578398898244,0.0436147004365921,6.007011421615971e-08,0.9998779296875,136766.6906839514
43,bert.encoder.layer.11.attention.self.value,value,0.009524781256914139,0.009333333333333332,1.0843888276212965e-07,0.004893956705927849,0.37562233209609985,1.0549473472565296e-06,0.9976467490196228,48218.09196246703
43,bert.encoder.layer.11.attention.output.dense,dense,0.01833602972328663,0.009333333333333332,4.1311874809935034e-08,0.009054820984601974,0.0998639464378357,1.2180994417576585e-06,0.9730970859527588,125520.44697288012
44,bert.encoder.layer.0.attention.self.query,query,0.03054739534854889,0.009166666666666668,9.807811096607111e-08,0.016366686671972275,0.10266117751598358,3.1875849799689604e-06,0.8767157793045044,152833.7430384157
44,bert.encoder.layer.0.attention.self.key,key,0.031545497477054596,0.009166666666666668,9.010743440285296e-08,0.017013801261782646,0.09756357967853546,2.7248033802607097e-06,0.85821533203125,161976.611913971
44,bert.encoder.layer.0.attention.self.value,value,0.032703425735235214,0.009166666666666668,2.0079059481759032e-07,0.016610827296972275,0.22896522283554077,5.83136397835915e-06,0.8600667119026184,77391.35530950518
44,bert.encoder.layer.0.attention.output.dense,dense,0.03699731081724167,0.009166666666666668,1.9897747449704184e-07,0.01907140202820301,0.19078533351421356,6.646979727520375e-06,0.8086005449295044,84100.64725396434
44,bert.encoder.layer.1.attention.self.query,query,0.03556586802005768,0.009166666666666668,1.0451032750324885e-07,0.015972351655364037,0.11076073348522186,2.8964709599677008e-06,0.8745591640472412,128380.42783012085
44,bert.encoder.layer.1.attention.self.key,key,0.03454182296991348,0.009166666666666668,9.68847402305073e-08,0.015780091285705566,0.11665893346071243,3.0044304821785772e-06,0.8824191689491272,135605.42589565288
44,bert.encoder.layer.1.attention.self.value,value,0.031974561512470245,0.009166666666666668,2.7791145384981064e-07,0.015583440661430359,0.3174453675746918,6.172022040118463e-06,0.8895127773284912,50197.450276083975
44,bert.encoder.layer.1.attention.output.dense,dense,0.03876219689846039,0.009166666666666668,2.1149008944121306e-07,0.01945859007537365,0.20142494142055511,7.03433124726871e-06,0.8016289472579956,87862.64059487745
44,bert.encoder.layer.2.attention.self.query,query,0.030549002811312675,0.009166666666666668,1.236457194409013e-07,0.015472520142793655,0.14413604140281677,3.5442224088910734e-06,0.8920695185661316,119875.32587826204
44,bert.encoder.layer.2.attention.self.key,key,0.03326892480254173,0.009166666666666668,1.105529392475546e-07,0.01616501994431019,0.1224752888083458,3.3514961614855565e-06,0.87396240234375,140030.8345487224
44,bert.encoder.layer.2.attention.self.value,value,0.03624904900789261,0.009166666666666668,3.3384819175807934e-07,0.017545942217111588,0.3392605483531952,7.744154572719708e-06,0.8602091670036316,47681.58473127897
44,bert.encoder.layer.2.attention.output.dense,dense,0.039690371602773666,0.009166666666666668,2.247789865350569e-07,0.019747832790017128,0.2124214917421341,7.605290193168912e-06,0.7942233681678772,75349.68188130349
44,bert.encoder.layer.3.attention.self.query,query,0.031127793714404106,0.009166666666666668,1.3218351568866638e-07,0.01571674458682537,0.14962974190711975,4.089525646122638e-06,0.8788520097732544,100334.26360650097
44,bert.encoder.layer.3.attention.self.key,key,0.035509347915649414,0.009166666666666668,1.2599051046890963e-07,0.018309615552425385,0.12832897901535034,3.7826730476808734e-06,0.8406032919883728,115932.03967978
44,bert.encoder.layer.3.attention.self.value,value,0.03926509618759155,0.009166666666666668,3.7709006051045435e-07,0.02064886875450611,0.32481396198272705,9.47394801187329e-06,0.8042738437652588,48182.29429008557
44,bert.encoder.layer.3.attention.output.dense,dense,0.04307827353477478,0.009166666666666668,2.8469168000810896e-07,0.02161598950624466,0.2362377643585205,9.175636478175875e-06,0.7546589970588684,66927.97731059154
44,bert.encoder.layer.4.attention.self.query,query,0.0315982811152935,0.009166666666666668,1.5645862561086687e-07,0.01655876822769642,0.19186462461948395,4.171556156506995e-06,0.8779703974723816,94054.77446648355
44,bert.encoder.layer.4.attention.self.key,key,0.03442772850394249,0.009166666666666668,1.4701544159834157e-07,0.01732758991420269,0.15551923215389252,3.368596480868291e-06,0.87091064453125,111834.70971902681
44,bert.encoder.layer.4.attention.self.value,value,0.03715945780277252,0.009166666666666668,3.9419410313712433e-07,0.018677053973078728,0.3702167272567749,8.258258276327979e-06,0.8461574912071228,44776.53108827213
44,bert.encoder.layer.4.attention.output.dense,dense,0.03993363678455353,0.009166666666666668,2.4847551571838267e-07,0.020667314529418945,0.2123202234506607,7.209144314401783e-06,0.7804972529411316,68578.21753039958
44,bert.encoder.layer.5.attention.self.query,query,0.02871827594935894,0.009166666666666668,1.388015675729548e-07,0.014676631428301334,0.1536218672990799,3.868006388074718e-06,0.9040595293045044,96681.49749429939
44,bert.encoder.layer.5.attention.self.key,key,0.034591782838106155,0.009166666666666668,1.3971833823234192e-07,0.016978168860077858,0.15107737481594086,4.000420631200541e-06,0.86810302734375,110487.92990658653
44,bert.encoder.layer.5.attention.self.value,value,0.037337277084589005,0.009166666666666668,3.2416321005257487e-07,0.017896337434649467,0.3370247483253479,8.041718501772266e-06,0.8467881679534912,43818.219888567175
44,bert.encoder.layer.5.attention.output.dense,dense,0.037823986262083054,0.009166666666666668,2.17154365600436e-07,0.018207887187600136,0.21369785070419312,7.070487754390342e-06,0.8272637128829956,69738.0775528124
44,bert.encoder.layer.6.attention.self.query,query,0.024762272834777832,0.009166666666666668,1.4046685237190104e-07,0.013060199096798897,0.1921321302652359,3.6503288356470875e-06,0.9301554560661316,97059.62640791011
44,bert.encoder.layer.6.attention.self.key,key,0.028760042041540146,0.009166666666666668,1.2860925835411763e-07,0.014174395240843296,0.15303000807762146,3.0258165679697413e-06,0.9139404296875,108063.89575759534
44,bert.encoder.layer.6.attention.self.value,value,0.03153147175908089,0.009166666666666668,3.645544950359181e-07,0.015285451896488667,0.4354228675365448,6.628651135542896e-06,0.906982421875,35319.32938892687
44,bert.encoder.layer.6.attention.output.dense,dense,0.03367181867361069,0.009166666666666668,1.7303737820384413e-07,0.016229288652539253,0.20202940702438354,5.791489911644021e-06,0.8694661259651184,81081.91240984919
44,bert.encoder.layer.7.attention.self.query,query,0.02108258754014969,0.009166666666666668,1.3821774302869017e-07,0.010911308228969574,0.24430549144744873,3.719100959642674e-06,0.95233154296875,62707.82743924938
44,bert.encoder.layer.7.attention.self.key,key,0.026326071470975876,0.009166666666666668,1.1924862519663293e-07,0.014025352895259857,0.1465362310409546,3.0021349175513024e-06,0.9102715253829956,92929.225980794
44,bert.encoder.layer.7.attention.self.value,value,0.02861213870346546,0.009166666666666668,3.3185304459948384e-07,0.015758411958813667,0.3854503929615021,7.870747140259482e-06,0.8909233808517456,36031.58137249972
44,bert.encoder.layer.7.attention.output.dense,dense,0.028540831059217453,0.009166666666666668,2.2585393821827893e-07,0.015194663777947426,0.2714735269546509,6.409598881873535e-06,0.8898789882659912,49334.697461979435
44,bert.encoder.layer.8.attention.self.query,query,0.017701882869005203,0.009166666666666668,1.0997118948807838e-07,0.009519984014332294,0.19680514931678772,2.1586813545582118e-06,0.9754570722579956,69837.06059447596
44,bert.encoder.layer.8.attention.self.key,key,0.020073017105460167,0.009166666666666668,8.356810354825939e-08,0.010230980813503265,0.1463238149881363,1.723945388221182e-06,0.9620158076286316,90598.70212740597
44,bert.encoder.layer.8.attention.self.value,value,0.021414468064904213,0.009166666666666668,2.0009677825783e-07,0.010446809232234955,0.3423885107040405,4.3677573557943106e-06,0.9657728672027588,38052.97652383857
44,bert.encoder.layer.8.attention.output.dense,dense,0.025460146367549896,0.009166666666666668,1.312462956093441e-07,0.012839779257774353,0.21882611513137817,4.188026650808752e-06,0.9304606318473816,61290.041017081705
44,bert.encoder.layer.9.attention.self.query,query,0.007493811193853617,0.009166666666666668,6.801830654268315e-09,0.001840546727180481,0.04660238325595856,1.304501324739249e-07,0.9999796748161316,131164.16036168468
44,bert.encoder.layer.9.attention.self.key,key,0.009662274271249771,0.009166666666666668,5.6045710294938544e-09,0.003201936837285757,0.025669453665614128,7.213438379949366e-08,0.9986436367034912,198385.09702642527
44,bert.encoder.layer.9.attention.self.value,value,0.015033003874123096,0.009166666666666668,1.591373148812636e-07,0.0072020567022264,0.3999572694301605,2.9120933504600544e-06,0.9910956621170044,34251.89552262128
44,bert.encoder.layer.9.attention.output.dense,dense,0.021685929968953133,0.009166666666666668,7.850417915733487e-08,0.010547411628067493,0.12575581669807434,2.0055661025253357e-06,0.9574110507965088,90842.83532838596
44,bert.encoder.layer.10.attention.self.query,query,0.006523979362100363,0.009166666666666668,4.78181805263489e-09,0.0018806844018399715,0.028699737042188644,7.497071408124611e-08,0.9999186396598816,99395.60254212374
44,bert.encoder.layer.10.attention.self.key,key,0.006421481259167194,0.009166666666666668,3.456949171365409e-09,0.0018548903753980994,0.03438928723335266,7.990254857759282e-08,0.9999321699142456,117444.01953813621
44,bert.encoder.layer.10.attention.self.value,value,0.01090142223984003,0.009166666666666668,8.115963368027224e-08,0.005158106796443462,0.2754392623901367,1.1364362535459804e-06,0.9959784746170044,48369.4721044837
44,bert.encoder.layer.10.attention.output.dense,dense,0.018433980643749237,0.009166666666666668,4.667945674441398e-08,0.009030584245920181,0.11185421794652939,1.0671237760107033e-06,0.9733547568321228,124757.23314120727
44,bert.encoder.layer.11.attention.self.query,query,0.004075187258422375,0.009166666666666668,9.826365499066014e-09,0.0014992267824709415,0.06838852912187576,9.948647061719385e-08,0.9998440146446228,118709.63265502194
44,bert.encoder.layer.11.attention.self.key,key,0.004095139447599649,0.009166666666666668,9.74137126519281e-09,0.0018022750737145543,0.12716351449489594,1.9177126375780063e-07,0.9998304843902588,137015.83675007036
44,bert.encoder.layer.11.attention.self.value,value,0.009572156704962254,0.009166666666666668,1.2790053460776107e-07,0.004936180077493191,0.458435982465744,1.2556160982057918e-06,0.9976332187652588,47724.879799543385
44,bert.encoder.layer.11.attention.output.dense,dense,0.018168548122048378,0.009166666666666668,4.348267168552411e-08,0.009006130509078503,0.08720497041940689,1.3446515367832035e-06,0.9735446572303772,126236.07552696085
45,bert.encoder.layer.0.attention.self.query,query,0.029216915369033813,0.009000000000000001,8.113645577623174e-08,0.015494895167648792,0.09481015056371689,2.4686335109436186e-06,0.8923068642616272,151689.45185463724
45,bert.encoder.layer.0.attention.self.key,key,0.02983161434531212,0.009000000000000001,7.406117674690904e-08,0.015912417322397232,0.08594900369644165,2.3675991087657167e-06,0.8765869140625,162300.15979451154
45,bert.encoder.layer.0.attention.self.value,value,0.03146232292056084,0.009000000000000001,2.1763263191587612e-07,0.01611252874135971,0.2441081404685974,5.865264029125683e-06,0.8703206181526184,77061.58073179045
45,bert.encoder.layer.0.attention.output.dense,dense,0.03559565171599388,0.009000000000000001,1.9139429241477046e-07,0.01840377040207386,0.1877111792564392,6.087736437621061e-06,0.822998046875,84205.91882021641
45,bert.encoder.layer.1.attention.self.query,query,0.03401476889848709,0.009000000000000001,8.976443410801949e-08,0.015105733647942543,0.09911663830280304,2.4812954961817013e-06,0.8892619013786316,128746.35154648463
45,bert.encoder.layer.1.attention.self.key,key,0.032917436212301254,0.009000000000000001,8.332409606737201e-08,0.01488445047289133,0.09981255978345871,2.4558057702961378e-06,0.8971625566482544,135779.69019886048
45,bert.encoder.layer.1.attention.self.value,value,0.03106888197362423,0.009000000000000001,3.215035633274965e-07,0.015091734938323498,0.37063002586364746,5.985310508549446e-06,0.9035508632659912,50352.39489435313
45,bert.encoder.layer.1.attention.output.dense,dense,0.037285130470991135,0.009000000000000001,2.0047561122282787e-07,0.018696404993534088,0.21367768943309784,7.037995601422153e-06,0.8183932900428772,87946.27878383301
45,bert.encoder.layer.2.attention.self.query,query,0.029738618060946465,0.009000000000000001,1.0480708567683905e-07,0.01509235892444849,0.13186296820640564,3.1301892704505008e-06,0.8971218466758728,118928.30690774746
45,bert.encoder.layer.2.attention.self.key,key,0.03178517147898674,0.009000000000000001,9.1409795288655e-08,0.015123297460377216,0.10650718957185745,2.751029114733683e-06,0.8939480185508728,139201.73058262374
45,bert.encoder.layer.2.attention.self.value,value,0.03528396785259247,0.009000000000000001,3.5736127301788656e-07,0.017099972814321518,0.3804486095905304,8.039749445742927e-06,0.8704494833946228,48116.88304124315
45,bert.encoder.layer.2.attention.output.dense,dense,0.038683000952005386,0.009000000000000001,2.2089103879352479e-07,0.019118888303637505,0.20815716683864594,7.034227564872708e-06,0.8073594570159912,75548.27773501894
45,bert.encoder.layer.3.attention.self.query,query,0.030176689848303795,0.009000000000000001,1.210880924418234e-07,0.015145626850426197,0.15267309546470642,3.6045337310497416e-06,0.8890516757965088,100274.03757274814
45,bert.encoder.layer.3.attention.self.key,key,0.03414509445428848,0.009000000000000001,1.1901199314934274e-07,0.01728881150484085,0.10225152224302292,3.0695430268679047e-06,0.8580051064491272,116425.92724546458
45,bert.encoder.layer.3.attention.self.value,value,0.03832877799868584,0.009000000000000001,3.67214113339287e-07,0.020166492089629173,0.32414278388023376,9.319590390077792e-06,0.8087971806526184,47951.78825648157
45,bert.encoder.layer.3.attention.output.dense,dense,0.0417756624519825,0.009000000000000001,2.7347965669832774e-07,0.020966561511158943,0.23873263597488403,9.197578037856147e-06,0.7654215693473816,66917.03454413911
45,bert.encoder.layer.4.attention.self.query,query,0.030737243592739105,0.009000000000000001,1.3112732233366842e-07,0.015672948211431503,0.15649306774139404,3.5179000406060368e-06,0.8887668251991272,94491.23155834197
45,bert.encoder.layer.4.attention.self.key,key,0.033421989530324936,0.009000000000000001,1.2039909336181154e-07,0.016595494002103806,0.1315957009792328,3.0841174520901404e-06,0.8802286982536316,111966.88562094475
45,bert.encoder.layer.4.attention.self.value,value,0.036286499351263046,0.009000000000000001,3.849077643280907e-07,0.01850884221494198,0.3893519341945648,8.662736945552751e-06,0.8507080078125,43937.878692442966
45,bert.encoder.layer.4.attention.output.dense,dense,0.03904476389288902,0.009000000000000001,2.4918978169807815e-07,0.020359503105282784,0.23791514337062836,8.764538506511599e-06,0.7878825068473816,68378.03112021647
45,bert.encoder.layer.5.attention.self.query,query,0.028506116941571236,0.009000000000000001,1.299131895393657e-07,0.014765802770853043,0.1523934155702591,3.5175269204046344e-06,0.9053955078125,96023.71542327071
45,bert.encoder.layer.5.attention.self.key,key,0.03359890356659889,0.009000000000000001,1.2127728155064688e-07,0.01651144213974476,0.11774173378944397,3.026299054909032e-06,0.8746405839920044,111013.89389337914
45,bert.encoder.layer.5.attention.self.value,value,0.03680040314793587,0.009000000000000001,3.2929943927229033e-07,0.017656030133366585,0.3350321650505066,8.099614206003025e-06,0.8504299521446228,43810.88163253562
45,bert.encoder.layer.5.attention.output.dense,dense,0.03749736025929451,0.009000000000000001,2.1142555794995133e-07,0.01786632277071476,0.22238333523273468,6.989242137933616e-06,0.8350083827972412,69520.64715151883
45,bert.encoder.layer.6.attention.self.query,query,0.024083232507109642,0.009000000000000001,1.6850043493832345e-07,0.012690693140029907,0.22989344596862793,4.102619186596712e-06,0.9352756142616272,93581.44986309845
45,bert.encoder.layer.6.attention.self.key,key,0.027821524068713188,0.009000000000000001,1.4919633883891947e-07,0.013831892050802708,0.1674598902463913,3.097198941759416e-06,0.9200168251991272,103892.62684137373
45,bert.encoder.layer.6.attention.self.value,value,0.030819203704595566,0.009000000000000001,3.611753243148996e-07,0.014988663606345654,0.421048104763031,6.3114748627413064e-06,0.9105767011642456,35414.85805720381
45,bert.encoder.layer.6.attention.output.dense,dense,0.0330328606069088,0.009000000000000001,1.741910864438978e-07,0.01596531830728054,0.21491460502147675,5.9208596212556586e-06,0.8751356601715088,81003.75898145119
45,bert.encoder.layer.7.attention.self.query,query,0.020606227219104767,0.009000000000000001,1.182277529210296e-07,0.010503646917641163,0.22031038999557495,3.369506885064766e-06,0.9571940302848816,62186.63247122284
45,bert.encoder.layer.7.attention.self.key,key,0.025669777765870094,0.009000000000000001,1.1490213580600539e-07,0.013856496661901474,0.15462316572666168,2.924595719377976e-06,0.9121025800704956,91463.06066677952
45,bert.encoder.layer.7.attention.self.value,value,0.028434714302420616,0.009000000000000001,3.536718224950164e-07,0.015767084434628487,0.407082736492157,8.307816642627586e-06,0.8920830488204956,36310.660364081945
45,bert.encoder.layer.7.attention.output.dense,dense,0.028785252943634987,0.009000000000000001,2.529963296638016e-07,0.015477364882826805,0.3024064302444458,6.9241868914105e-06,0.8859660029411316,48794.27425665685
45,bert.encoder.layer.8.attention.self.query,query,0.01809089258313179,0.009000000000000001,1.2161557094714226e-07,0.010076536796987057,0.21743237972259521,2.350575641685282e-06,0.9730021357536316,69752.01314639354
45,bert.encoder.layer.8.attention.self.key,key,0.020224908366799355,0.009000000000000001,9.069469086853132e-08,0.010350910946726799,0.14009608328342438,1.940697075042408e-06,0.9622666835784912,90680.79854891013
45,bert.encoder.layer.8.attention.self.value,value,0.021815892308950424,0.009000000000000001,2.4441817458864534e-07,0.010716893710196018,0.4023944139480591,4.66965184386936e-06,0.9660508632659912,38178.68120347976
45,bert.encoder.layer.8.attention.output.dense,dense,0.025563441216945648,0.009000000000000001,1.4961055683215818e-07,0.012838371098041534,0.23263633251190186,4.4180965232953895e-06,0.93060302734375,61323.055246467535
45,bert.encoder.layer.9.attention.self.query,query,0.00763474078848958,0.009000000000000001,8.50066417257267e-09,0.002002815715968609,0.009303661063313484,1.1732369387118524e-07,0.9999321699142456,131858.29310123133
45,bert.encoder.layer.9.attention.self.key,key,0.009327404201030731,0.009000000000000001,7.342310759383963e-09,0.003312076907604933,0.05029052495956421,1.6955571879861964e-07,0.9982571005821228,199844.6994302056
45,bert.encoder.layer.9.attention.self.value,value,0.01488776970654726,0.009000000000000001,1.4717825536081364e-07,0.007135340943932533,0.38824212551116943,2.63971128333651e-06,0.9923366904258728,34373.50569725206
45,bert.encoder.layer.9.attention.output.dense,dense,0.02181922271847725,0.009000000000000001,7.206995178421494e-08,0.010573675855994225,0.08691555261611938,1.429880967407371e-06,0.9580214023590088,91393.47652739547
45,bert.encoder.layer.10.attention.self.query,query,0.006693464238196611,0.009000000000000001,6.63071109130442e-09,0.002167987171560526,0.07050113379955292,1.4539487835918408e-07,0.9995795488357544,99795.44391911982
45,bert.encoder.layer.10.attention.self.key,key,0.0065309456549584866,0.009000000000000001,4.111773144188646e-09,0.002027828712016344,0.03323051333427429,7.825538972383583e-08,0.9999050498008728,117985.10656150822
45,bert.encoder.layer.10.attention.self.value,value,0.011013573035597801,0.009000000000000001,9.570825199034516e-08,0.005247076041996479,0.33283156156539917,1.3719652542931726e-06,0.9954969882965088,47921.45841715931
45,bert.encoder.layer.10.attention.output.dense,dense,0.01834445632994175,0.009000000000000001,4.795082730879585e-08,0.008675586432218552,0.12864232063293457,1.7707586721371626e-06,0.976806640625,124677.88959326367
45,bert.encoder.layer.11.attention.self.query,query,0.005027838051319122,0.009000000000000001,1.0312544596047246e-08,0.0019824502523988485,0.12598198652267456,2.2462775461917772e-07,0.9992336630821228,118646.85757111297
45,bert.encoder.layer.11.attention.self.key,key,0.004744951147586107,0.009000000000000001,7.83454900954439e-09,0.001904572593048215,0.08156880736351013,1.3690585376480158e-07,0.9997761845588684,137385.42495830348
45,bert.encoder.layer.11.attention.self.value,value,0.009759936481714249,0.009000000000000001,1.1141067801645477e-07,0.00486296322196722,0.4332873523235321,1.216055693475937e-06,0.9974636435508728,48096.67958471404
45,bert.encoder.layer.11.attention.output.dense,dense,0.018264032900333405,0.009000000000000001,4.244730789082496e-08,0.008972194977104664,0.09288886934518814,1.0860776455956511e-06,0.9734293818473816,127874.40993804089
46,bert.encoder.layer.0.attention.self.query,query,0.029394058510661125,0.008833333333333332,7.914073307802028e-08,0.015564444474875927,0.0950908437371254,2.7636988306767307e-06,0.89239501953125,151088.14008670792
46,bert.encoder.layer.0.attention.self.key,key,0.029673639684915543,0.008833333333333332,6.936152630032666e-08,0.015897171571850777,0.08149683475494385,2.2853764676256105e-06,0.8792656660079956,161328.7633089654
46,bert.encoder.layer.0.attention.self.value,value,0.03075568564236164,0.008833333333333332,1.7005228869493294e-07,0.015634620562195778,0.18812929093837738,4.7952094064385165e-06,0.8782755732536316,76872.31932271723
46,bert.encoder.layer.0.attention.output.dense,dense,0.03532000631093979,0.008833333333333332,1.7159406695554935e-07,0.018251290544867516,0.17776943743228912,5.752795004809741e-06,0.82427978515625,84309.63805943464
46,bert.encoder.layer.1.attention.self.query,query,0.03378397226333618,0.008833333333333332,8.89970266371165e-08,0.014951815828680992,0.11306428164243698,2.6474465357750887e-06,0.8918796181678772,128293.37855774563
46,bert.encoder.layer.1.attention.self.key,key,0.032496362924575806,0.008833333333333332,8.022833952736619e-08,0.014707249589264393,0.11257711052894592,2.5314977847301634e-06,0.9016249179840088,136649.643272701
46,bert.encoder.layer.1.attention.self.value,value,0.029809704050421715,0.008833333333333332,2.569889829828753e-07,0.014557890594005585,0.328649640083313,5.421140940597979e-06,0.9091593623161316,50743.17473298164
46,bert.encoder.layer.1.attention.output.dense,dense,0.036768678575754166,0.008833333333333332,1.7303915456068353e-07,0.018280591815710068,0.1711069643497467,5.4180991355679e-06,0.82489013671875,88221.42936373179
46,bert.encoder.layer.2.attention.self.query,query,0.029356731101870537,0.008833333333333332,8.824192576639689e-08,0.0147777758538723,0.09341578930616379,2.3785653411323437e-06,0.9045884609222412,119101.93050005053
46,bert.encoder.layer.2.attention.self.key,key,0.031442318111658096,0.008833333333333332,7.886110608978925e-08,0.015012235380709171,0.11026398837566376,2.598230821604375e-06,0.8959486484527588,139707.5108067186
46,bert.encoder.layer.2.attention.self.value,value,0.034935109317302704,0.008833333333333332,3.213529282675154e-07,0.016736073419451714,0.33693698048591614,7.246342647704296e-06,0.8741455078125,48321.41046814096
46,bert.encoder.layer.2.attention.output.dense,dense,0.038760848343372345,0.008833333333333332,2.1827793261763873e-07,0.01922144554555416,0.21150384843349457,6.903886060172226e-06,0.8054606318473816,75866.70563601435
46,bert.encoder.layer.3.attention.self.query,query,0.02992388978600502,0.008833333333333332,1.2084838374448736e-07,0.014996293000876904,0.14149026572704315,3.2822799767018296e-06,0.8914048671722412,100125.71533083521
46,bert.encoder.layer.3.attention.self.key,key,0.033925414085388184,0.008833333333333332,1.1678121580871448e-07,0.017261063680052757,0.11393564194440842,3.1475929063162766e-06,0.8602837324142456,115471.1607643249
46,bert.encoder.layer.3.attention.self.value,value,0.038337428122758865,0.008833333333333332,4.2134317368436314e-07,0.020340709015727043,0.3675013780593872,9.035313269123435e-06,0.8159857988357544,47504.66562546183
46,bert.encoder.layer.3.attention.output.dense,dense,0.04196419194340706,0.008833333333333332,2.8592896228474274e-07,0.02103743888437748,0.24878843128681183,9.272039278584998e-06,0.76483154296875,66536.30906019702
46,bert.encoder.layer.4.attention.self.query,query,0.03083251416683197,0.008833333333333332,1.6201684616135026e-07,0.016027269884943962,0.1871982365846634,3.993800419266336e-06,0.8865559697151184,92179.95346749575
46,bert.encoder.layer.4.attention.self.key,key,0.03345032408833504,0.008833333333333332,1.47325536659082e-07,0.016552310436964035,0.1628066897392273,3.301062861282844e-06,0.8832261562347412,109917.84894406021
46,bert.encoder.layer.4.attention.self.value,value,0.036445632576942444,0.008833333333333332,3.9275099084079557e-07,0.018269583582878113,0.40086600184440613,8.640208761789836e-06,0.8571234941482544,43893.206443666335
46,bert.encoder.layer.4.attention.output.dense,dense,0.03918580338358879,0.008833333333333332,2.572378150489385e-07,0.020307401195168495,0.23965543508529663,8.227608304878231e-06,0.7893473505973816,68468.09912307971
46,bert.encoder.layer.5.attention.self.query,query,0.028975341469049454,0.008833333333333332,1.4483451593605423e-07,0.015184888616204262,0.16459393501281738,3.7845243241463322e-06,0.8973659873008728,94758.2089971572
46,bert.encoder.layer.5.attention.self.key,key,0.03495517000555992,0.008833333333333332,1.411215464486304e-07,0.01743767410516739,0.1481027901172638,3.8842877074785065e-06,0.8602702021598816,110717.50645912385
46,bert.encoder.layer.5.attention.self.value,value,0.03698257356882095,0.008833333333333332,2.8277506203266967e-07,0.017869822680950165,0.29759812355041504,7.5923794611298945e-06,0.8425360918045044,43671.05944898603
46,bert.encoder.layer.5.attention.output.dense,dense,0.037802621722221375,0.008833333333333332,2.0438346837181598e-07,0.01812237873673439,0.1934831440448761,6.14509326624102e-06,0.8292236328125,69012.2498465357
46,bert.encoder.layer.6.attention.self.query,query,0.024388913065195084,0.008833333333333332,1.1334975624777144e-07,0.012769155204296112,0.17479068040847778,3.53928317053942e-06,0.9338514804840088,92329.3853549743
46,bert.encoder.layer.6.attention.self.key,key,0.028449811041355133,0.008833333333333332,1.0691066165691154e-07,0.01406326238065958,0.14525136351585388,2.991138899233192e-06,0.9152289628982544,101525.69233156131
46,bert.encoder.layer.6.attention.self.value,value,0.030575841665267944,0.008833333333333332,3.249894007240073e-07,0.015061610378324986,0.3989306688308716,6.2909521147958e-06,0.9056938886642456,35413.87857752012
46,bert.encoder.layer.6.attention.output.dense,dense,0.033252403140068054,0.008833333333333332,1.6561921256652568e-07,0.015912482514977455,0.18504087626934052,5.347728347260272e-06,0.8736504316329956,80395.8228956262
46,bert.encoder.layer.7.attention.self.query,query,0.02046629972755909,0.008833333333333332,1.3087299066683045e-07,0.010529746301472187,0.21062815189361572,3.4176409826613963e-06,0.9568549394607544,63603.53765995766
46,bert.encoder.layer.7.attention.self.key,key,0.025864746421575546,0.008833333333333332,1.1231498575625665e-07,0.013913559727370739,0.14267872273921967,3.057560661545722e-06,0.9133979082107544,92491.2491192753
46,bert.encoder.layer.7.attention.self.value,value,0.02792234532535076,0.008833333333333332,3.0960592312112567e-07,0.015145490877330303,0.3543051481246948,7.368469596258365e-06,0.8974406123161316,36497.35644750146
46,bert.encoder.layer.7.attention.output.dense,dense,0.02836950495839119,0.008833333333333332,2.080186618513835e-07,0.015225352719426155,0.26858463883399963,6.122463219071506e-06,0.8906724452972412,48538.28710380631
46,bert.encoder.layer.8.attention.self.query,query,0.018238117918372154,0.008833333333333332,1.0725006660550207e-07,0.009897907264530659,0.18561069667339325,2.0625864181056386e-06,0.9730767011642456,69731.61964384455
46,bert.encoder.layer.8.attention.self.key,key,0.02011888287961483,0.008833333333333332,8.958983244156116e-08,0.009854944422841072,0.1663011759519577,1.7202637536684051e-06,0.96661376953125,89939.73692466918
46,bert.encoder.layer.8.attention.self.value,value,0.02146908827126026,0.008833333333333332,2.0856100491073448e-07,0.010291504673659801,0.37604978680610657,4.089737558388151e-06,0.9696248173713684,38536.056482685315
46,bert.encoder.layer.8.attention.output.dense,dense,0.02526618354022503,0.008833333333333332,1.273279934821403e-07,0.012535395100712776,0.16770976781845093,3.26067311107181e-06,0.9331936240196228,61741.35549835535
46,bert.encoder.layer.9.attention.self.query,query,0.007731665391474962,0.008833333333333332,5.626897614519066e-09,0.0019465223886072636,0.043084241449832916,1.1831418333940746e-07,0.9999660849571228,132321.92547273642
46,bert.encoder.layer.9.attention.self.key,key,0.009201508946716785,0.008833333333333332,4.773105466426841e-09,0.0030950899235904217,0.0311210248619318,9.80193917143879e-08,0.9986436367034912,200710.09163390944
46,bert.encoder.layer.9.attention.self.value,value,0.014916801825165749,0.008833333333333332,1.6432919380804378e-07,0.0070763276889920235,0.4322609305381775,2.877152383007342e-06,0.9917466640472412,34462.60160258832
46,bert.encoder.layer.9.attention.output.dense,dense,0.022030791267752647,0.008833333333333332,8.154803765592078e-08,0.010857752524316311,0.13165687024593353,2.081166030620807e-06,0.9544338583946228,91674.62710350039
46,bert.encoder.layer.10.attention.self.query,query,0.006772585213184357,0.008833333333333332,8.394934525313147e-09,0.002472792286425829,0.037121355533599854,1.348642797438515e-07,0.9993828535079956,99455.50662958779
46,bert.encoder.layer.10.attention.self.key,key,0.006620524916797876,0.008833333333333332,5.714716255766916e-09,0.002086109481751919,0.04841605946421623,9.181951554637635e-08,0.9998576045036316,117464.39848461724
46,bert.encoder.layer.10.attention.self.value,value,0.010984200984239578,0.008833333333333332,9.20636438195288e-08,0.00518221827223897,0.3534066081047058,1.4518211628455902e-06,0.9957953691482544,47979.310247826324
46,bert.encoder.layer.10.attention.output.dense,dense,0.018335770815610886,0.008833333333333332,4.791970198425588e-08,0.008659083396196365,0.09144531190395355,1.0542299833105062e-06,0.9777899980545044,125380.20056486836
46,bert.encoder.layer.11.attention.self.query,query,0.005391985177993774,0.008833333333333332,7.88619924918521e-09,0.0019960044883191586,0.08066347241401672,1.6389783752401854e-07,0.9992811679840088,118865.92472261404
46,bert.encoder.layer.11.attention.self.key,key,0.004534357227385044,0.008833333333333332,5.863750374146548e-09,0.0018300049705430865,0.06024004891514778,7.960434800224903e-08,0.9998304843902588,137428.99539648395
46,bert.encoder.layer.11.attention.self.value,value,0.009405055083334446,0.008833333333333332,1.1286036993851667e-07,0.004697330296039581,0.4452149271965027,1.1603705161178368e-06,0.9978908896446228,48090.60986300816
46,bert.encoder.layer.11.attention.output.dense,dense,0.017988935112953186,0.008833333333333332,4.110152929115429e-08,0.008904766291379929,0.08265981823205948,1.3839115808877978e-06,0.9742431640625,128880.10131353204
47,bert.encoder.layer.0.attention.self.query,query,0.03052186220884323,0.008666666666666668,8.730969369707964e-08,0.01603083126246929,0.09573528170585632,2.7355838483344996e-06,0.8819783329963684,150406.95550840578
47,bert.encoder.layer.0.attention.self.key,key,0.03129451721906662,0.008666666666666668,7.860261774794708e-08,0.016627846285700798,0.08788290619850159,2.723067609622376e-06,0.8661838173866272,160601.86052032973
47,bert.encoder.layer.0.attention.self.value,value,0.03261759877204895,0.008666666666666668,1.9188409794423933e-07,0.016468752175569534,0.20342391729354858,5.5118007367127575e-06,0.8603786826133728,76407.87760465236
47,bert.encoder.layer.0.attention.output.dense,dense,0.03730914741754532,0.008666666666666668,1.981775312742684e-07,0.019146306440234184,0.1798156052827835,6.339334959193366e-06,0.8046196699142456,84156.39234913941
47,bert.encoder.layer.1.attention.self.query,query,0.03574381023645401,0.008666666666666668,9.759860830627076e-08,0.015795152634382248,0.10449186712503433,2.70507916866336e-06,0.8781331181526184,127963.44335476743
47,bert.encoder.layer.1.attention.self.key,key,0.03430422395467758,0.008666666666666668,8.738415147035994e-08,0.015187524259090424,0.09791995584964752,2.434108409943292e-06,0.8939005732536316,135518.01750059886
47,bert.encoder.layer.1.attention.self.value,value,0.03231265768408775,0.008666666666666668,3.1498271368946007e-07,0.01575874350965023,0.378373920917511,6.698663128190674e-06,0.8938666582107544,50512.6095797692
47,bert.encoder.layer.1.attention.output.dense,dense,0.03867388144135475,0.008666666666666668,1.9082561664163222e-07,0.019184334203600883,0.17858509719371796,6.3253733060264494e-06,0.8069254755973816,88227.73975519747
47,bert.encoder.layer.2.attention.self.query,query,0.03091820515692234,0.008666666666666668,1.1227148632997341e-07,0.015406806953251362,0.12390634417533875,3.1088288778846618e-06,0.8934394121170044,118279.79580479498
47,bert.encoder.layer.2.attention.self.key,key,0.03364202380180359,0.008666666666666668,8.852445176898982e-08,0.01565675064921379,0.09264402836561203,2.542335096222814e-06,0.8826972246170044,140176.86800442988
47,bert.encoder.layer.2.attention.self.value,value,0.03732679411768913,0.008666666666666668,4.2459319615772984e-07,0.018314573913812637,0.4191787540912628,9.082621545530856e-06,0.8552788496017456,48172.61149526835
47,bert.encoder.layer.2.attention.output.dense,dense,0.04030890390276909,0.008666666666666668,2.3423127970545465e-07,0.019824355840682983,0.221025750041008,7.96739368524868e-06,0.7931789755821228,75921.4342304086
47,bert.encoder.layer.3.attention.self.query,query,0.030915986746549606,0.008666666666666668,1.5278679654784355e-07,0.015496131032705307,0.17748938500881195,3.866163297061576e-06,0.8820258378982544,100007.47017212864
47,bert.encoder.layer.3.attention.self.key,key,0.03578663244843483,0.008666666666666668,1.5352078719388373e-07,0.01840820722281933,0.14582593739032745,3.873910372931277e-06,0.8426039218902588,115146.74301680173
47,bert.encoder.layer.3.attention.self.value,value,0.03983427956700325,0.008666666666666668,4.288260413431999e-07,0.020935745909810066,0.38036444783210754,9.706518540042453e-06,0.8038601279258728,46990.89744044462
47,bert.encoder.layer.3.attention.output.dense,dense,0.04312996193766594,0.008666666666666668,2.9406800194919924e-07,0.021765979006886482,0.24560321867465973,9.10648304852657e-06,0.7523125410079956,66110.96612857752
47,bert.encoder.layer.4.attention.self.query,query,0.03167026489973068,0.008666666666666668,1.5207314163490082e-07,0.01644432172179222,0.16935542225837708,3.7745226109109353e-06,0.8783976435661316,89040.22646586945
47,bert.encoder.layer.4.attention.self.key,key,0.034841157495975494,0.008666666666666668,1.4032990236501064e-07,0.017259778454899788,0.14835545420646667,3.265359737270046e-06,0.8711954951286316,106871.7137111402
47,bert.encoder.layer.4.attention.self.value,value,0.03772379085421562,0.008666666666666668,3.943077615531365e-07,0.01868310384452343,0.35886532068252563,7.864853614591993e-06,0.8456013798713684,42949.86219372795
47,bert.encoder.layer.4.attention.output.dense,dense,0.04046136140823364,0.008666666666666668,2.468657953613729e-07,0.02079545333981514,0.2154862880706787,8.002213689906057e-06,0.7788221836090088,68318.34102147046
47,bert.encoder.layer.5.attention.self.query,query,0.0295341107994318,0.008666666666666668,1.371134885630454e-07,0.015311460942029953,0.1618170589208603,3.989537617599126e-06,0.8940904140472412,94252.26605029906
47,bert.encoder.layer.5.attention.self.key,key,0.03624621033668518,0.008666666666666668,1.3833600576163008e-07,0.017827315255999565,0.11820322275161743,3.558977368811611e-06,0.8529934287071228,109375.80240420542
47,bert.encoder.layer.5.attention.self.value,value,0.03801853582262993,0.008666666666666668,2.9133298085071146e-07,0.018328014761209488,0.28900524973869324,7.677012945350725e-06,0.8336249589920044,44047.474262964446
47,bert.encoder.layer.5.attention.output.dense,dense,0.03853054717183113,0.008666666666666668,2.0084222285277065e-07,0.018486008048057556,0.19187533855438232,6.52998505756841e-06,0.8206244707107544,69126.96000489661
47,bert.encoder.layer.6.attention.self.query,query,0.025259047746658325,0.008666666666666668,1.3021937661505945e-07,0.013408825732767582,0.16937102377414703,3.3888691177708097e-06,0.9243977665901184,91995.4883026702
47,bert.encoder.layer.6.attention.self.key,key,0.029615450650453568,0.008666666666666668,1.2281660133339756e-07,0.014831837266683578,0.1528695970773697,3.309788326077978e-06,0.9020521640777588,100536.75136613385
47,bert.encoder.layer.6.attention.self.value,value,0.0317046158015728,0.008666666666666668,3.187597314990853e-07,0.015604727901518345,0.36335834860801697,6.651875537500018e-06,0.8916761875152588,35201.26898155318
47,bert.encoder.layer.6.attention.output.dense,dense,0.03426220268011093,0.008666666666666668,1.725033058619374e-07,0.016729062423110008,0.17501933872699738,5.261981641524471e-06,0.8579440712928772,79798.89681791968
47,bert.encoder.layer.7.attention.self.query,query,0.02072262205183506,0.008666666666666668,1.1293468560324982e-07,0.010671562515199184,0.17182381451129913,2.978477596116136e-06,0.9559868574142456,63172.26833320767
47,bert.encoder.layer.7.attention.self.key,key,0.02604743465781212,0.008666666666666668,1.097412933859232e-07,0.014137046411633492,0.14560140669345856,3.2043074043031083e-06,0.9092000126838684,92088.22347913324
47,bert.encoder.layer.7.attention.self.value,value,0.028319519013166428,0.008666666666666668,2.849697295914666e-07,0.015522516332566738,0.3170356750488281,6.4503747125854716e-06,0.8930732011795044,36553.464922347666
47,bert.encoder.layer.7.attention.output.dense,dense,0.028770357370376587,0.008666666666666668,1.9189653244211513e-07,0.015248170122504234,0.24336528778076172,5.688795226888033e-06,0.8881903886795044,48482.89194252654
47,bert.encoder.layer.8.attention.self.query,query,0.018314179033041,0.008666666666666668,1.2574683694310806e-07,0.01018230989575386,0.2416597157716751,2.324791694263695e-06,0.9729750156402588,69280.1293811064
47,bert.encoder.layer.8.attention.self.key,key,0.020727824419736862,0.008666666666666668,8.402002293905753e-08,0.01041251327842474,0.14710624516010284,1.8849259504349902e-06,0.9611680507659912,89331.00002772937
47,bert.encoder.layer.8.attention.self.value,value,0.022267581894993782,0.008666666666666668,2.2170739555349428e-07,0.01070003118366003,0.3731003701686859,4.562717549561057e-06,0.9647759199142456,38489.45219653328
47,bert.encoder.layer.8.attention.output.dense,dense,0.025528443977236748,0.008666666666666668,1.3704223533750337e-07,0.012590098194777966,0.17533856630325317,3.3981730211962713e-06,0.9326850175857544,61653.36221621834
47,bert.encoder.layer.9.attention.self.query,query,0.007587358355522156,0.008666666666666668,7.438953009142324e-09,0.0020389778073877096,0.061981212347745895,1.737154633474347e-07,0.9999253749847412,132647.13057547325
47,bert.encoder.layer.9.attention.self.key,key,0.00918740313500166,0.008666666666666668,6.1895324421357145e-09,0.0033152904361486435,0.03490576148033142,9.50674348132452e-08,0.9982028603553772,201482.1630554343
47,bert.encoder.layer.9.attention.self.value,value,0.014821388758718967,0.008666666666666668,1.6179755846223998e-07,0.007223432883620262,0.40330737829208374,2.9693001124542207e-06,0.9910617470741272,34382.61214332082
47,bert.encoder.layer.9.attention.output.dense,dense,0.021897776052355766,0.008666666666666668,8.271238272072878e-08,0.010848491452634335,0.14694543182849884,2.359718109801179e-06,0.9548000693321228,91629.08062517786
47,bert.encoder.layer.10.attention.self.query,query,0.007230428047478199,0.008666666666666668,1.742700383999818e-08,0.0026992077473551035,0.0838562399148941,2.2454767645285756e-07,0.9990912675857544,101107.8221308298
47,bert.encoder.layer.10.attention.self.key,key,0.007108250632882118,0.008666666666666668,1.1560213231120997e-08,0.0022314826492220163,0.07928753644227982,1.8482793961993593e-07,0.9998779296875,119306.76938382267
47,bert.encoder.layer.10.attention.self.value,value,0.011250491254031658,0.008666666666666668,9.230603836840601e-08,0.005316750146448612,0.2981679141521454,1.4433323940465925e-06,0.9957682490348816,48196.09905248998
47,bert.encoder.layer.10.attention.output.dense,dense,0.018593674525618553,0.008666666666666668,5.189643204062122e-08,0.008958161808550358,0.08909005671739578,1.4231229670258472e-06,0.9736260175704956,125518.86685720565
47,bert.encoder.layer.11.attention.self.query,query,0.006112844217568636,0.008666666666666668,1.1230216756530353e-08,0.0021593989804387093,0.10112963616847992,1.9004897922059172e-07,0.9990234375,119267.41308356
47,bert.encoder.layer.11.attention.self.key,key,0.005470883566886187,0.008666666666666668,8.327704748012366e-09,0.002176438458263874,0.04884370416402817,1.496955519542098e-07,0.9996744990348816,138156.67129869192
47,bert.encoder.layer.11.attention.self.value,value,0.010027612559497356,0.008666666666666668,1.2086947265288472e-07,0.004986162763088942,0.46204614639282227,1.3722850553676835e-06,0.9977349042892456,47697.49651002338
47,bert.encoder.layer.11.attention.output.dense,dense,0.018200891092419624,0.008666666666666668,4.624905969308202e-08,0.008995532989501953,0.12134205549955368,1.5373376527350047e-06,0.9731377363204956,129493.3098696753
48,bert.encoder.layer.0.attention.self.query,query,0.029461845755577087,0.0085,7.888993280857903e-08,0.015643363818526268,0.07891307026147842,2.2926533347344957e-06,0.8908488154411316,150088.81285590594
48,bert.encoder.layer.0.attention.self.key,key,0.029851948842406273,0.0085,7.222680409313398e-08,0.016075151041150093,0.08374297618865967,2.2090066522650886e-06,0.8760443925857544,159650.65835496088
48,bert.encoder.layer.0.attention.self.value,value,0.031108662486076355,0.0085,1.854564573022799e-07,0.01586366444826126,0.1992843598127365,5.126241831021616e-06,0.8724365234375,75859.51262580513
48,bert.encoder.layer.0.attention.output.dense,dense,0.03580204024910927,0.0085,1.8221835773601924e-07,0.018450837582349777,0.17529888451099396,5.7378329074708745e-06,0.82122802734375,84021.55615350358
48,bert.encoder.layer.1.attention.self.query,query,0.034507449716329575,0.0085,1.0576778208815085e-07,0.015521664172410965,0.14048682153224945,3.210916020179866e-06,0.8825141191482544,128065.88364149161
48,bert.encoder.layer.1.attention.self.key,key,0.03357093781232834,0.0085,9.130387468303525e-08,0.014914685860276222,0.10101628303527832,2.35434254136635e-06,0.8967149257659912,135581.48920744623
48,bert.encoder.layer.1.attention.self.value,value,0.030638569965958595,0.0085,2.6716517709246546e-07,0.014734640717506409,0.3314577639102936,5.529486315936083e-06,0.9064059853553772,51351.74727606372
48,bert.encoder.layer.1.attention.output.dense,dense,0.03723835200071335,0.0085,1.7318956224698923e-07,0.018529031425714493,0.16831260919570923,5.654528649756685e-06,0.8211873173713684,88332.19733104557
48,bert.encoder.layer.2.attention.self.query,query,0.030266450718045235,0.0085,1.0883274370598883e-07,0.015109874308109283,0.13213679194450378,3.0686637728649657e-06,0.8994954228401184,117501.01823024938
48,bert.encoder.layer.2.attention.self.key,key,0.032430000603199005,0.0085,9.106925347168726e-08,0.0152382617816329,0.11359164118766785,2.7924465939577203e-06,0.8912082314491272,139549.51237129502
48,bert.encoder.layer.2.attention.self.value,value,0.03526470065116882,0.0085,3.349429107402102e-07,0.016878776252269745,0.35774025321006775,7.634603207407054e-06,0.8724161982536316,48188.901638256095
48,bert.encoder.layer.2.attention.output.dense,dense,0.039014771580696106,0.0085,2.1558378193731187e-07,0.019192589446902275,0.20844872295856476,6.798750291636679e-06,0.80584716796875,75970.83948509178
48,bert.encoder.layer.3.attention.self.query,query,0.03045261837542057,0.0085,1.29016157757178e-07,0.015334651805460453,0.14930348098278046,3.5444656987237977e-06,0.8867865800857544,98688.97346724352
48,bert.encoder.layer.3.attention.self.key,key,0.03445108234882355,0.0085,1.3262511799894128e-07,0.017769893631339073,0.13031594455242157,3.550975634425413e-06,0.8528171181678772,113127.90589469452
48,bert.encoder.layer.3.attention.self.value,value,0.03749421238899231,0.0085,3.4216867561553954e-07,0.019719984382390976,0.3062787353992462,8.097430509224068e-06,0.8201565146446228,46386.69614733775
48,bert.encoder.layer.3.attention.output.dense,dense,0.041642941534519196,0.0085,2.509433443265152e-07,0.020984817296266556,0.2159404307603836,8.2309779827483e-06,0.7660793662071228,65775.49825423578
48,bert.encoder.layer.4.attention.self.query,query,0.031038882210850716,0.0085,1.3458488012929593e-07,0.016040630638599396,0.1552983969449997,3.4219815461256076e-06,0.88482666015625,88051.5362288272
48,bert.encoder.layer.4.attention.self.key,key,0.033953893929719925,0.0085,1.277025631907236e-07,0.016893967986106873,0.13108056783676147,3.006490032930742e-06,0.8762885332107544,105637.5728557267
48,bert.encoder.layer.4.attention.self.value,value,0.036080826073884964,0.0085,3.2178513720282353e-07,0.017794519662857056,0.3215756118297577,7.051936336210929e-06,0.8573744297027588,42727.84103629455
48,bert.encoder.layer.4.attention.output.dense,dense,0.03873885050415993,0.0085,2.2280082134784607e-07,0.02004644274711609,0.20771662890911102,7.387194273178466e-06,0.7933281660079956,68420.62270467229
48,bert.encoder.layer.5.attention.self.query,query,0.02859414555132389,0.0085,1.268760172479233e-07,0.0149264857172966,0.16300997138023376,4.0077916310110595e-06,0.9014350175857544,93772.47788313315
48,bert.encoder.layer.5.attention.self.key,key,0.03519183397293091,0.0085,1.2429619289378024e-07,0.01733795553445816,0.12961037456989288,3.501384526316542e-06,0.8604872226715088,109301.8453233675
48,bert.encoder.layer.5.attention.self.value,value,0.03704734519124031,0.0085,2.699487708923698e-07,0.017751554027199745,0.28261804580688477,7.346676738961833e-06,0.8445298671722412,44167.70667740236
48,bert.encoder.layer.5.attention.output.dense,dense,0.037772029638290405,0.0085,2.002907280029831e-07,0.018189653754234314,0.19580459594726562,6.069276423659176e-06,0.8280097246170044,69178.24020643787
48,bert.encoder.layer.6.attention.self.query,query,0.024288808926939964,0.0085,1.3983678570639313e-07,0.012890065088868141,0.17164459824562073,3.4558013339847093e-06,0.93109130859375,89264.38024833181
48,bert.encoder.layer.6.attention.self.key,key,0.028679635375738144,0.0085,1.365168031952635e-07,0.01445601787418127,0.1928776353597641,3.131839093839517e-06,0.9108615517616272,96438.17474801934
48,bert.encoder.layer.6.attention.self.value,value,0.03085756115615368,0.0085,3.151055807393277e-07,0.015280274674296379,0.36760929226875305,6.257717814150965e-06,0.8983154296875,35405.25371765087
48,bert.encoder.layer.6.attention.output.dense,dense,0.0329781100153923,0.0085,1.7464201107486588e-07,0.016187740489840508,0.20465664565563202,6.106620730861323e-06,0.8686997890472412,79209.00039557471
48,bert.encoder.layer.7.attention.self.query,query,0.020386746153235435,0.0085,1.2165061491486995e-07,0.010616544634103775,0.19684801995754242,3.0970213629188947e-06,0.95635986328125,63683.281175377015
48,bert.encoder.layer.7.attention.self.key,key,0.025767838582396507,0.0085,1.1370724450898706e-07,0.013813837431371212,0.13708318769931793,2.720734528338653e-06,0.9124009609222412,91756.5420623834
48,bert.encoder.layer.7.attention.self.value,value,0.027498282492160797,0.0085,2.7992214768346457e-07,0.015055573545396328,0.3335101306438446,6.8040408223168924e-06,0.8990681767463684,36408.36333453843
48,bert.encoder.layer.7.attention.output.dense,dense,0.02776082418859005,0.0085,1.9531060502231412e-07,0.01488442998379469,0.23084169626235962,5.630982286675135e-06,0.8955078125,48239.02634695368
48,bert.encoder.layer.8.attention.self.query,query,0.017891282215714455,0.0085,1.1213965223078048e-07,0.009924188256263733,0.19262291491031647,2.094002184094279e-06,0.97314453125,69102.7839108562
48,bert.encoder.layer.8.attention.self.key,key,0.020573096349835396,0.0085,8.393922712457424e-08,0.010193707421422005,0.15678220987319946,1.6646412177578895e-06,0.963623046875,88471.76001391499
48,bert.encoder.layer.8.attention.self.value,value,0.021816937252879143,0.0085,2.2183786541063455e-07,0.010461254045367241,0.3790288269519806,4.065421762788901e-06,0.9681803584098816,38130.81982956155
48,bert.encoder.layer.8.attention.output.dense,dense,0.024763701483607292,0.0085,1.2819646144635044e-07,0.012281223200261593,0.18876367807388306,3.525166675899527e-06,0.9373643398284912,61482.53333597579
48,bert.encoder.layer.9.attention.self.query,query,0.007308699190616608,0.0085,5.8371694144909725e-09,0.0018146935617551208,0.08196090906858444,1.516164616077731e-07,0.9999796748161316,132800.3596275082
48,bert.encoder.layer.9.attention.self.key,key,0.00887009222060442,0.0085,4.927699137624586e-09,0.0029808110557496548,0.039045803248882294,1.2284642991744477e-07,0.9986233115196228,202081.996759987
48,bert.encoder.layer.9.attention.self.value,value,0.014593221247196198,0.0085,1.6358760035473097e-07,0.006993792951107025,0.4044543504714966,2.7723790481104515e-06,0.9925944209098816,34546.68663033279
48,bert.encoder.layer.9.attention.output.dense,dense,0.02091655693948269,0.0085,8.330098211217773e-08,0.010276291519403458,0.16437193751335144,2.341421350138262e-06,0.96124267578125,92392.17641409031
48,bert.encoder.layer.10.attention.self.query,query,0.007021645549684763,0.0085,1.2331121013176016e-08,0.0025131353177130222,0.04759414494037628,1.7317171341346693e-07,0.9992404580116272,102047.77911080375
48,bert.encoder.layer.10.attention.self.key,key,0.006811691913753748,0.0085,7.49855733062077e-09,0.0022231116890907288,0.062266089022159576,1.420002604390902e-07,0.9998304843902588,120145.7605656471
48,bert.encoder.layer.10.attention.self.value,value,0.011066654697060585,0.0085,1.0500878744323927e-07,0.0051885247230529785,0.3666483461856842,1.594303853380552e-06,0.99560546875,47765.52675530811
48,bert.encoder.layer.10.attention.output.dense,dense,0.017831087112426758,0.0085,5.119522938912269e-08,0.00853195320814848,0.1268358677625656,1.344797965430189e-06,0.9782240390777588,125761.77961807561
48,bert.encoder.layer.11.attention.self.query,query,0.005541416350752115,0.0085,1.897571166864509e-08,0.002315250225365162,0.1322847306728363,2.519626320918178e-07,0.9987928867340088,119021.29271887214
48,bert.encoder.layer.11.attention.self.key,key,0.005016867537051439,0.0085,1.341300759349906e-08,0.002180652227252722,0.12886878848075867,1.6074972108981456e-07,0.9997084140777588,138317.4386688955
48,bert.encoder.layer.11.attention.self.value,value,0.009598719887435436,0.0085,9.208922335801617e-08,0.004805433098226786,0.383425772190094,1.1361378255969612e-06,0.9977891445159912,47744.04279289811
48,bert.encoder.layer.11.attention.output.dense,dense,0.01756928861141205,0.0085,3.872279918937238e-08,0.008633063174784184,0.07732806354761124,9.909593927659444e-07,0.97662353515625,130247.01009021731
49,bert.encoder.layer.0.attention.self.query,query,0.029966704547405243,0.008333333333333331,7.985711647506832e-08,0.015850355848670006,0.0934382826089859,2.645304448378738e-06,0.8863932490348816,150287.72259668744
49,bert.encoder.layer.0.attention.self.key,key,0.03038475662469864,0.008333333333333331,7.275379942939253e-08,0.01622582972049713,0.07704769819974899,2.3033255729387747e-06,0.8729044795036316,158265.15017716828
49,bert.encoder.layer.0.attention.self.value,value,0.03131970390677452,0.008333333333333331,1.6912531464186031e-07,0.015940042212605476,0.18952684104442596,4.908660230285022e-06,0.8718804121017456,75332.70981974428
49,bert.encoder.layer.0.attention.output.dense,dense,0.03606714308261871,0.008333333333333331,1.7515530714717897e-07,0.018579361960291862,0.17372243106365204,5.555003554036375e-06,0.8196614384651184,84062.50455442508
49,bert.encoder.layer.1.attention.self.query,query,0.03496887534856796,0.008333333333333331,8.986580013470302e-08,0.015564318746328354,0.10834719985723495,2.693538817766239e-06,0.8816867470741272,128084.66476908098
49,bert.encoder.layer.1.attention.self.key,key,0.03362848237156868,0.008333333333333331,8.481522684178344e-08,0.015029499307274818,0.09426075965166092,2.2595638711209176e-06,0.8968234658241272,135746.48942689353
49,bert.encoder.layer.1.attention.self.value,value,0.030262373387813568,0.008333333333333331,2.55167321938643e-07,0.014670334756374359,0.31289225816726685,5.227332621871028e-06,0.9073554277420044,50671.09875395257
49,bert.encoder.layer.1.attention.output.dense,dense,0.037594910711050034,0.008333333333333331,1.7420704523374297e-07,0.018756037577986717,0.17013408243656158,5.752675861003809e-06,0.8168674111366272,88157.78127747282
49,bert.encoder.layer.2.attention.self.query,query,0.03053305856883526,0.008333333333333331,9.858651139893482e-08,0.015244980342686176,0.10661709308624268,2.8519211809907574e-06,0.8970472812652588,116848.84511943972
49,bert.encoder.layer.2.attention.self.key,key,0.03259303420782089,0.008333333333333331,8.201804035934401e-08,0.015246132388710976,0.09188590943813324,2.524483534216415e-06,0.8904283046722412,139207.13190103206
49,bert.encoder.layer.2.attention.self.value,value,0.035427432507276535,0.008333333333333331,3.131131620648375e-07,0.017158281058073044,0.3453916013240814,7.42986685509095e-06,0.8678317666053772,47481.54428396979
49,bert.encoder.layer.2.attention.output.dense,dense,0.03935842588543892,0.008333333333333331,2.02449768949009e-07,0.01947065256536007,0.1939842253923416,6.723050773871364e-06,0.8002997636795044,76046.2306254828
49,bert.encoder.layer.3.attention.self.query,query,0.030573420226573944,0.008333333333333331,1.2058634979439375e-07,0.01551336795091629,0.1460043042898178,3.2700625069992384e-06,0.8840060830116272,98681.86238097196
49,bert.encoder.layer.3.attention.self.key,key,0.035115353763103485,0.008333333333333331,1.2165426710453175e-07,0.01818023808300495,0.1292428821325302,3.5454859244055115e-06,0.8476698398590088,113392.96230482051
49,bert.encoder.layer.3.attention.self.value,value,0.03828706964850426,0.008333333333333331,3.470772753644269e-07,0.02029421739280224,0.3111773729324341,8.762044672039337e-06,0.8103230595588684,45713.25622945646
49,bert.encoder.layer.3.attention.output.dense,dense,0.04181777685880661,0.008333333333333331,2.5496069611108396e-07,0.02117539942264557,0.21735768020153046,8.386366971535608e-06,0.7620646357536316,65658.4000847624
49,bert.encoder.layer.4.attention.self.query,query,0.03142746537923813,0.008333333333333331,1.315121664902108e-07,0.016249291598796844,0.14169789850711823,3.300438947917428e-06,0.8802558183670044,86666.63973123825
49,bert.encoder.layer.4.attention.self.key,key,0.034186843782663345,0.008333333333333331,1.207829711802333e-07,0.01713463105261326,0.12371888756752014,3.0583196348743513e-06,0.8737318515777588,104070.30032513602
49,bert.encoder.layer.4.attention.self.value,value,0.03672289103269577,0.008333333333333331,3.569570878880768e-07,0.01827293448150158,0.3447455167770386,7.363751137745567e-06,0.8507351279258728,42444.8025951963
49,bert.encoder.layer.4.attention.output.dense,dense,0.039307598024606705,0.008333333333333331,2.3069380006290885e-07,0.020483775064349174,0.21420805156230927,7.201490006991662e-06,0.7854953408241272,67932.5634270658
49,bert.encoder.layer.5.attention.self.query,query,0.029361478984355927,0.008333333333333331,1.1920581499680338e-07,0.015320160426199436,0.14099323749542236,3.667005785246147e-06,0.8930324912071228,94150.4029486029
49,bert.encoder.layer.5.attention.self.key,key,0.036189209669828415,0.008333333333333331,1.2029673257529794e-07,0.01773734763264656,0.11459636688232422,3.3625562991801417e-06,0.8532918095588684,109429.5197949293
49,bert.encoder.layer.5.attention.self.value,value,0.0373874194920063,0.008333333333333331,2.64836558017123e-07,0.01802544854581356,0.27073293924331665,7.212239779619267e-06,0.8369818925857544,43953.258509228464
49,bert.encoder.layer.5.attention.output.dense,dense,0.03824514150619507,0.008333333333333331,2.0911949150104192e-07,0.01845494471490383,0.20631125569343567,6.456549726863159e-06,0.8202446699142456,69272.92823210817
49,bert.encoder.layer.6.attention.self.query,query,0.02512531913816929,0.008333333333333331,1.1400550192774972e-07,0.013332211412489414,0.16250070929527283,3.442225988692371e-06,0.9259304404258728,87964.33850751471
49,bert.encoder.layer.6.attention.self.key,key,0.029528487473726273,0.008333333333333331,1.0351634216476668e-07,0.014889313839375973,0.1447490006685257,2.917685378633905e-06,0.9026150107383728,94986.2655813334
49,bert.encoder.layer.6.attention.self.value,value,0.031373798847198486,0.008333333333333331,3.1026317515170376e-07,0.0155090456828475,0.3702189326286316,6.345377641991945e-06,0.8931342363357544,35376.94942391782
49,bert.encoder.layer.6.attention.output.dense,dense,0.033899422734975815,0.008333333333333331,1.8310990412828687e-07,0.016503270715475082,0.20660357177257538,6.108388333814219e-06,0.8603041172027588,78208.03436562912
49,bert.encoder.layer.7.attention.self.query,query,0.020179135724902153,0.008333333333333331,1.2454422915197938e-07,0.010556783527135849,0.19614511728286743,2.8209797164890915e-06,0.9568549394607544,64621.27360989031
49,bert.encoder.layer.7.attention.self.key,key,0.025801632553339005,0.008333333333333331,1.1810050892790969e-07,0.013910838402807713,0.1703202873468399,3.385063337191241e-06,0.9129706621170044,91921.97862650409
49,bert.encoder.layer.7.attention.self.value,value,0.02761491946876049,0.008333333333333331,2.7909462119168893e-07,0.015015504322946072,0.3270185589790344,6.865351679152809e-06,0.8996242880821228,36223.02655363435
49,bert.encoder.layer.7.attention.output.dense,dense,0.028192708268761635,0.008333333333333331,2.147471604985185e-07,0.015228302218019962,0.25408056378364563,6.015223789290758e-06,0.88983154296875,47927.342528047484
49,bert.encoder.layer.8.attention.self.query,query,0.018772559240460396,0.008333333333333331,1.11588278173258e-07,0.010505324229598045,0.19906847178936005,2.0642619347199798e-06,0.9715237021446228,69316.72705789737
49,bert.encoder.layer.8.attention.self.key,key,0.021048249676823616,0.008333333333333331,9.007189305521024e-08,0.01029942650347948,0.17665354907512665,1.8856620727092377e-06,0.9623955488204956,87307.58926471912
49,bert.encoder.layer.8.attention.self.value,value,0.021940911188721657,0.008333333333333331,1.9784481253282138e-07,0.010234851390123367,0.3521307408809662,3.926026693079621e-06,0.9697943925857544,37919.84965030934
49,bert.encoder.layer.8.attention.output.dense,dense,0.02508687786757946,0.008333333333333331,1.3327236558779987e-07,0.01239114347845316,0.20193755626678467,3.816383923549438e-06,0.9360419511795044,61368.5760047113
49,bert.encoder.layer.9.attention.self.query,query,0.007327647414058447,0.008333333333333331,4.429213440459989e-09,0.0018432170618325472,0.03667968139052391,1.078366764772909e-07,0.9999321699142456,133247.90830637104
49,bert.encoder.layer.9.attention.self.key,key,0.008854534476995468,0.008333333333333331,4.0382688304418934e-09,0.0029720275197178125,0.013219469226896763,1.1747518868787665e-07,0.9987385869026184,202551.6569444438
49,bert.encoder.layer.9.attention.self.value,value,0.014632855542004108,0.008333333333333331,1.790992598671437e-07,0.007106251083314419,0.4570324420928955,2.9772056677757064e-06,0.9919365644454956,34654.94017730158
49,bert.encoder.layer.9.attention.output.dense,dense,0.021543391048908234,0.008333333333333331,8.598351541877491e-08,0.010481183417141438,0.13131745159626007,2.4043106350291055e-06,0.9592353105545044,92422.56270860076
49,bert.encoder.layer.10.attention.self.query,query,0.007511330768465996,0.008333333333333331,1.127625459673709e-08,0.0028054267168045044,0.08716771006584167,2.0342902473657887e-07,0.9988539218902588,102151.76014323374
49,bert.encoder.layer.10.attention.self.key,key,0.0073471046052873135,0.008333333333333331,7.625094333718607e-09,0.002169415820389986,0.06558387726545334,8.559936048868622e-08,0.9998915195465088,120117.58813306937
49,bert.encoder.layer.10.attention.self.value,value,0.011135286651551723,0.008333333333333331,8.603196022249904e-08,0.0050657750107347965,0.33012881875038147,1.4724987522640731e-06,0.9958360195159912,48028.62623179017
49,bert.encoder.layer.10.attention.output.dense,dense,0.01843639276921749,0.008333333333333331,4.716460821896362e-08,0.008628923445940018,0.08515193313360214,1.1426174069129047e-06,0.9769355058670044,126659.7098125266
49,bert.encoder.layer.11.attention.self.query,query,0.006600586697459221,0.008333333333333331,1.1063318261506083e-08,0.002167843049392104,0.14633311331272125,2.2024330803560588e-07,0.9990912675857544,119403.64492928963
49,bert.encoder.layer.11.attention.self.key,key,0.00530873192474246,0.008333333333333331,8.981051458079037e-09,0.001984028145670891,0.07229232043027878,1.5196563651898032e-07,0.9997490644454956,138521.91966200597
49,bert.encoder.layer.11.attention.self.value,value,0.009496176615357399,0.008333333333333331,1.0597513266930036e-07,0.004729011561721563,0.4299911856651306,1.3050907909928355e-06,0.9976738691329956,47652.66401299239
49,bert.encoder.layer.11.attention.output.dense,dense,0.01797809824347496,0.008333333333333331,4.136288112022157e-08,0.008750823326408863,0.1006285771727562,1.375153715343913e-06,0.9758097529411316,131323.45314562236
50,bert.encoder.layer.0.attention.self.query,query,0.03086666762828827,0.008166666666666668,8.245267224538111e-08,0.016253141686320305,0.08309664577245712,2.3678267098148353e-06,0.87762451171875,150251.71720303406
50,bert.encoder.layer.0.attention.self.key,key,0.031287435442209244,0.008166666666666668,7.84700375788816e-08,0.016795314848423004,0.0813804492354393,2.5635335987317376e-06,0.8631659746170044,158292.84679109717
50,bert.encoder.layer.0.attention.self.value,value,0.032179638743400574,0.008166666666666668,1.9839919218611612e-07,0.016271254047751427,0.21821583807468414,5.401465841714526e-06,0.8669636845588684,74752.02132288007
50,bert.encoder.layer.0.attention.output.dense,dense,0.03731609135866165,0.008166666666666668,1.911947435928596e-07,0.019068783149123192,0.18019455671310425,6.428757842513733e-06,0.8094211220741272,84096.43410301281
50,bert.encoder.layer.1.attention.self.query,query,0.035795800387859344,0.008166666666666668,9.511069265499827e-08,0.016017857939004898,0.11298544704914093,2.8602562451851554e-06,0.8739488124847412,127950.87932358173
50,bert.encoder.layer.1.attention.self.key,key,0.0344465970993042,0.008166666666666668,8.412460772433406e-08,0.015441618859767914,0.0985899344086647,2.560379016358638e-06,0.8885430097579956,135386.52921331135
50,bert.encoder.layer.1.attention.self.value,value,0.03170429915189743,0.008166666666666668,3.000953654463956e-07,0.01546217780560255,0.3484490215778351,6.13634711044142e-06,0.8946940302848816,50363.88546187805
50,bert.encoder.layer.1.attention.output.dense,dense,0.03864609822630882,0.008166666666666668,2.0207824036333477e-07,0.01921440288424492,0.18626154959201813,6.329019925033208e-06,0.8068034052848816,88246.49335938689
50,bert.encoder.layer.2.attention.self.query,query,0.0313919298350811,0.008166666666666668,1.0311173781474281e-07,0.0157663282006979,0.11724474281072617,2.980429144372465e-06,0.8862982988357544,116492.25348087019
50,bert.encoder.layer.2.attention.self.key,key,0.03373716399073601,0.008166666666666668,9.248861232435956e-08,0.015799138695001602,0.10704757273197174,2.9032776183157694e-06,0.88128662109375,138386.73890380294
50,bert.encoder.layer.2.attention.self.value,value,0.03735008463263512,0.008166666666666668,3.627550029250415e-07,0.017844853922724724,0.3696829378604889,8.62304113979917e-06,0.8567708134651184,47347.64295066508
50,bert.encoder.layer.2.attention.output.dense,dense,0.04077008739113808,0.008166666666666668,2.372147491769283e-07,0.02011764422059059,0.20517602562904358,7.086807727318956e-06,0.7879774570465088,75690.45954745573
50,bert.encoder.layer.3.attention.self.query,query,0.03199898079037666,0.008166666666666668,1.4801248937601486e-07,0.01609259843826294,0.1658361703157425,4.111820089747198e-06,0.8731621503829956,96294.04138335281
50,bert.encoder.layer.3.attention.self.key,key,0.036615923047065735,0.008166666666666668,1.421668400780618e-07,0.018862862139940262,0.1430315524339676,3.9993642531044316e-06,0.8343234658241272,110724.71450663958
50,bert.encoder.layer.3.attention.self.value,value,0.03975247964262962,0.008166666666666668,3.855523118545534e-07,0.02078806608915329,0.3305376172065735,9.456350198888686e-06,0.8020765781402588,45637.6135418879
50,bert.encoder.layer.3.attention.output.dense,dense,0.04383618384599686,0.008166666666666668,2.908476517404779e-07,0.022108685225248337,0.2524845600128174,9.721644346427638e-06,0.7460598349571228,65292.85877523582
50,bert.encoder.layer.4.attention.self.query,query,0.03275942802429199,0.008166666666666668,1.5884189963344397e-07,0.016984840855002403,0.1692303866147995,4.163742232776713e-06,0.8706461787223816,85960.02773070171
50,bert.encoder.layer.4.attention.self.key,key,0.0358319990336895,0.008166666666666668,1.442918318161901e-07,0.01773267425596714,0.1398797333240509,3.3889871247083647e-06,0.8634507656097412,103532.71616653075
50,bert.encoder.layer.4.attention.self.value,value,0.038678739219903946,0.008166666666666668,4.3371304059292015e-07,0.019346462562680244,0.4003070294857025,8.847718163451646e-06,0.8384535312652588,41482.295142023024
50,bert.encoder.layer.4.attention.output.dense,dense,0.041062131524086,0.008166666666666668,2.5892146027217677e-07,0.021148059517145157,0.23319868743419647,8.275374966615345e-06,0.7725626826286316,67546.40308910992
50,bert.encoder.layer.5.attention.self.query,query,0.03028183802962303,0.008166666666666668,1.5619463056282257e-07,0.016075553372502327,0.16926605999469757,4.283452653908171e-06,0.8811442255973816,92782.89099573164
50,bert.encoder.layer.5.attention.self.key,key,0.03817829489707947,0.008166666666666668,1.584187288017347e-07,0.019084401428699493,0.15794365108013153,4.651778453990119e-06,0.8313259482383728,108464.4414357416
50,bert.encoder.layer.5.attention.self.value,value,0.04006959870457649,0.008166666666666668,3.463879636456113e-07,0.019460216164588928,0.33268511295318604,9.299846169597004e-06,0.8118422031402588,44109.48908765795
50,bert.encoder.layer.5.attention.output.dense,dense,0.040073592215776443,0.008166666666666668,2.503981306745118e-07,0.01954866573214531,0.21101383864879608,7.522076430177549e-06,0.8004421591758728,68405.35904083107
50,bert.encoder.layer.6.attention.self.query,query,0.026417577639222145,0.008166666666666668,1.8576113802737382e-07,0.014337762258946896,0.2207205444574356,4.776039077114547e-06,0.9099256992340088,83482.78548398899
50,bert.encoder.layer.6.attention.self.key,key,0.0314527302980423,0.008166666666666668,1.7154462739199516e-07,0.016231676563620567,0.18886907398700714,4.107080258108908e-06,0.88140869140625,89761.41815278884
50,bert.encoder.layer.6.attention.self.value,value,0.03268967568874359,0.008166666666666668,3.3107090757766855e-07,0.016332052648067474,0.3551451563835144,7.795981218805537e-06,0.8739895224571228,35526.380961835246
50,bert.encoder.layer.6.attention.output.dense,dense,0.034953370690345764,0.008166666666666668,2.013119058119628e-07,0.017333941534161568,0.23615294694900513,7.205479505500989e-06,0.8446587324142456,78038.85798504626
50,bert.encoder.layer.7.attention.self.query,query,0.020755760371685028,0.008166666666666668,1.1767828311803896e-07,0.01084526814520359,0.20609405636787415,3.458054152361001e-06,0.9550442099571228,64439.62609903196
50,bert.encoder.layer.7.attention.self.key,key,0.026672329753637314,0.008166666666666668,1.2255242154424195e-07,0.01461848709732294,0.1367100030183792,2.8835481771238847e-06,0.9047648310661316,90252.10168045413
50,bert.encoder.layer.7.attention.self.value,value,0.028330428525805473,0.008166666666666668,3.0968806186137954e-07,0.015375296585261822,0.36643505096435547,7.536704288213514e-06,0.8935410976409912,36175.64810465058
50,bert.encoder.layer.7.attention.output.dense,dense,0.0285524670034647,0.008166666666666668,2.1612270018067647e-07,0.015268909744918346,0.24855779111385345,5.821306331199594e-06,0.8897501826286316,47413.55623352632
50,bert.encoder.layer.8.attention.self.query,query,0.01899593137204647,0.008166666666666668,1.578987962602696e-07,0.010766351595520973,0.2341013252735138,2.7253429379925365e-06,0.9681057333946228,69471.09594775521
50,bert.encoder.layer.8.attention.self.key,key,0.021761270239949226,0.008166666666666668,1.2443695140973432e-07,0.010853392072021961,0.21278023719787598,2.3185052668850403e-06,0.9582790732383728,87265.90705420311
50,bert.encoder.layer.8.attention.self.value,value,0.022548072040081024,0.008166666666666668,1.8353954089889157e-07,0.010563415475189686,0.32032036781311035,4.193210315861506e-06,0.9647352695465088,38000.873176887
50,bert.encoder.layer.8.attention.output.dense,dense,0.025470415130257607,0.008166666666666668,1.3958326405827393e-07,0.01296183466911316,0.2097465544939041,4.22753100792761e-06,0.9295993447303772,61306.798901732196
50,bert.encoder.layer.9.attention.self.query,query,0.007351788692176342,0.008166666666666668,4.697888300597697e-09,0.001866594422608614,0.04043357074260712,1.289700577444819e-07,0.9999660849571228,133780.5755229702
50,bert.encoder.layer.9.attention.self.key,key,0.009086946956813335,0.008166666666666668,4.514406182209996e-09,0.003120070556178689,0.019125647842884064,1.1320074122522783e-07,0.9986843466758728,203868.02818407258
50,bert.encoder.layer.9.attention.self.value,value,0.014390289783477783,0.008166666666666668,1.5247933049522544e-07,0.006925282999873161,0.39146316051483154,2.6746456569526345e-06,0.9926011562347412,35008.04917804262
50,bert.encoder.layer.9.attention.output.dense,dense,0.02096129022538662,0.008166666666666668,7.282297787014613e-08,0.010151832364499569,0.13803327083587646,1.8335443883188418e-06,0.9619615077972412,92686.52588278223
50,bert.encoder.layer.10.attention.self.query,query,0.007252638228237629,0.008166666666666668,1.2876211208379118e-08,0.0027385237626731396,0.07293351739645004,2.52526120902985e-07,0.9990302324295044,101890.8661986953
50,bert.encoder.layer.10.attention.self.key,key,0.0069313859567046165,0.008166666666666668,7.308877503220401e-09,0.002194697270169854,0.04236721247434616,8.519477034951706e-08,0.9998643398284912,120140.94936163105
50,bert.encoder.layer.10.attention.self.value,value,0.010879548266530037,0.008166666666666668,8.047138777556029e-08,0.004992165137082338,0.30436989665031433,1.3030110039835563e-06,0.9963039755821228,48308.29270110789
50,bert.encoder.layer.10.attention.output.dense,dense,0.017754273489117622,0.008166666666666668,4.3303703733954535e-08,0.008387897163629532,0.1024622991681099,9.777991181181278e-07,0.979248046875,127191.92988732753
50,bert.encoder.layer.11.attention.self.query,query,0.007062891032546759,0.008166666666666668,1.6330726992919153e-08,0.0025979462079703808,0.13484062254428864,2.911859837695374e-07,0.9985622763633728,119912.44566818663
50,bert.encoder.layer.11.attention.self.key,key,0.0057550519704818726,0.008166666666666668,1.336277666297292e-08,0.0022530322894454002,0.09654761850833893,2.1547197093241266e-07,0.9997761845588684,138554.97930775606
50,bert.encoder.layer.11.attention.self.value,value,0.009653951972723007,0.008166666666666668,1.1002923372416262e-07,0.004779631271958351,0.3897179365158081,1.3140434020897374e-06,0.9977077841758728,47344.57114085817
50,bert.encoder.layer.11.attention.output.dense,dense,0.017637955024838448,0.008166666666666668,4.6917016049974336e-08,0.008721152320504189,0.09549185633659363,1.336330115009332e-06,0.9762030839920044,131023.1982620545
