step,mode,layer_idx,sublayer,module_name,dw_min,desired_bl,sto_round_update,update_bl_management,update_management,dw_zero_ratio,dw_1lsb_ratio,dw_absmean,min_nonzero_delta,dw_absmax,dw_q90,dw_q99,pulse_sat_ratio,bound_sat_ratio,grad_absmean,grad_deadzone_ratio,update_vs_grad_cosine,eff_lr_slope,BL_mean,BL_p99,BL_hit_ratio,pulse_under_frac,pulse_ok_frac,pulse_over_frac,dw_fast_zero_ratio,dw_fast_1lsb_ratio,dw_fast_absmean,dw_slow_zero_ratio,dw_slow_1lsb_ratio,dw_slow_absmean,dw_fast_vs_grad_cosine,dw_fast_eff_lr_slope,hidden_absmean,hidden_absmax,hidden_below1_ratio,hidden_trunc_nonzero_ratio,hidden_trunc_meanabs,is_transfer_step,transfer_duty,transfer_spike,transfer_efficiency,buffer_above_thresh_ratio,sign_mismatch_ratio,rel_update_error,BL_fp_mean,BL_fp_p99,BL_fp_hit_ratio,dw_p50,trace_every
0,single,0,Q,bert.encoder.layer.0.attention.self.query,0.001,31,0,1,1,0.982421875,0.017578125,2.979208147735335e-06,0.00010879524052143097,0.0002822577953338623,0.0,0.00014893533079884946,0.0,0.0,0.00019749501370824873,1.0,0.0542212538421154,0.0,1.0,1.0,0.0,1.0,0.0,0.0,,,,,,,,,,,,,,,,,,,0.98828125,53326.5703125,0.017578125,1.0,0.0,0.0,1
0,single,0,K,bert.encoder.layer.0.attention.self.key,0.001,31,0,1,1,0.98046875,0.01953125,2.619838596729096e-06,0.00010259449481964111,0.00019973982125520706,0.0,0.0001180509862024337,0.0,0.0,0.00017145329911727458,1.0,-0.023038174957036972,0.0,1.0,1.0,0.0,1.0,0.0,0.0,,,,,,,,,,,,,,,,,,,0.990234375,43526.22265625,0.01953125,1.0,0.0,0.0,1
0,single,0,V,bert.encoder.layer.0.attention.self.value,0.001,31,0,1,1,0.927734375,0.072265625,6.189984560478479e-06,7.621943950653076e-06,0.00018533319234848022,0.0,0.00012228220293764025,0.0,0.0,0.000386546365916729,1.0,0.042190589010715485,0.0,1.0,1.0,0.0,1.0,0.0,0.0,,,,,,,,,,,,,,,,,,,0.966796875,57196.17578125,0.072265625,1.0,0.0,0.0,1
0,single,0,O,bert.encoder.layer.0.attention.output.dense,0.001,31,0,1,1,0.8984375,0.1015625,1.0389237104391214e-05,8.405186235904694e-06,0.0006079133599996567,7.564616225863574e-06,0.0001348955847788602,0.0,0.0,0.0005497203674167395,1.0,0.06656400114297867,0.0,1.0,1.0,0.0,1.0,0.0,0.0,,,,,,,,,,,,,,,,,,,0.955078125,94251.125,0.1015625,1.0,0.0,0.0,1
0,single,0,FFN1,bert.encoder.layer.0.intermediate.dense,0.001,31,0,1,1,0.98046875,0.01953125,1.7881206986203324e-06,5.421927198767662e-06,0.00022801849991083145,0.0,8.175271068466827e-05,0.0,0.0,0.0003515418793540448,1.0,0.009122779592871666,0.0,1.0,1.0,0.0,1.0,0.0,0.0,,,,,,,,,,,,,,,,,,,0.9921875,34402.5859375,0.01953125,1.0,0.0,0.0,1
0,single,0,FFN2,bert.encoder.layer.0.output.dense,0.001,31,0,1,1,0.966796875,0.033203125,4.456758688320406e-06,8.521974086761475e-05,0.0003029182553291321,0.0,0.00013928607222624123,0.0,0.0,0.0002638627483975142,1.0,0.027142738923430443,0.0,1.0,1.0,0.0,1.0,0.0,0.0,,,,,,,,,,,,,,,,,,,0.978515625,59504.00390625,0.033203125,1.0,0.0,0.0,1
0,single,1,Q,bert.encoder.layer.1.attention.self.query,0.001,31,0,1,1,0.970703125,0.029296875,3.680623649415793e-06,2.5703338906168938e-06,0.0002246759831905365,0.0,0.00014745109365321696,0.0,0.0,0.00045742429210804403,1.0,0.16102860867977142,0.0,1.0,1.0,0.0,1.0,0.0,0.0,,,,,,,,,,,,,,,,,,,0.978515625,53475.296875,0.029296875,1.0,0.0,0.0,1
0,single,1,K,bert.encoder.layer.1.attention.self.key,0.001,31,0,1,1,0.96875,0.03125,5.2090549615968484e-06,9.238533675670624e-05,0.0003538457676768303,0.0,0.000167320147738792,0.0,0.0,0.00029691681265830994,1.0,0.05650350823998451,0.0,1.0,1.0,0.0,1.0,0.0,0.0,,,,,,,,,,,,,,,,,,,0.9765625,71547.140625,0.03125,1.0,0.0,0.0,1
0,single,1,V,bert.encoder.layer.1.attention.self.value,0.001,31,0,1,1,0.94921875,0.05078125,4.074400749232154e-06,1.8201768398284912e-05,0.00014052540063858032,0.0,0.000101548655948136,0.0,0.0,0.0004721333971247077,1.0,0.1464008390903473,0.0,1.0,1.0,0.0,1.0,0.0,0.0,,,,,,,,,,,,,,,,,,,0.96875,43641.8671875,0.05078125,1.0,0.0,0.0,1
0,single,1,O,bert.encoder.layer.1.attention.output.dense,0.001,31,0,1,1,0.904296875,0.095703125,7.617966275574872e-06,5.520880222320557e-06,0.0001913486048579216,0.0,0.00011990466009592637,0.0,0.0,0.000547751085832715,1.0,0.09735160320997238,0.0,1.0,1.0,0.0,1.0,0.0,0.0,,,,,,,,,,,,,,,,,,,0.943359375,60838.56640625,0.095703125,1.0,0.0,0.0,1
0,single,1,FFN1,bert.encoder.layer.1.intermediate.dense,0.001,31,0,1,1,0.982421875,0.017578125,2.0655566004279535e-06,5.180388689041138e-05,0.00017347931861877441,0.0,9.314026101492345e-05,0.0,0.0,0.00027103780303150415,1.0,-0.022723698988556862,0.0,1.0,1.0,0.0,1.0,0.0,0.0,,,,,,,,,,,,,,,,,,,0.990234375,37319.47265625,0.017578125,1.0,0.0,0.0,1
0,single,1,FFN2,bert.encoder.layer.1.output.dense,0.001,31,0,1,1,0.974609375,0.025390625,3.2803598060127115e-06,6.566941738128662e-05,0.0002019144594669342,0.0,0.00012978570885024965,0.0,0.0,0.00027217587921768427,1.0,0.06746883690357208,0.0,1.0,1.0,0.0,1.0,0.0,0.0,,,,,,,,,,,,,,,,,,,0.990234375,47952.87890625,0.025390625,1.0,0.0,0.0,1
0,single,2,Q,bert.encoder.layer.2.attention.self.query,0.001,31,0,1,1,0.97265625,0.02734375,3.67223992725485e-06,7.368624210357666e-05,0.0001990869641304016,0.0,0.0001295694528380409,0.0,0.0,0.0002078203106066212,1.0,-0.027597462758421898,0.0,1.0,1.0,0.0,1.0,0.0,0.0,,,,,,,,,,,,,,,,,,,0.98828125,52151.3125,0.02734375,1.0,0.0,0.0,1
0,single,2,K,bert.encoder.layer.2.attention.self.key,0.001,31,0,1,1,0.986328125,0.013671875,1.9874041754519567e-06,1.139054074883461e-05,0.0003733634948730469,0.0,7.703661685809493e-05,0.0,0.0,0.00018424323934596032,1.0,-0.03458765149116516,0.0,1.0,1.0,0.0,1.0,0.0,0.0,,,,,,,,,,,,,,,,,,,0.99609375,47292.81640625,0.013671875,1.0,0.0,0.0,1
0,single,2,V,bert.encoder.layer.2.attention.self.value,0.001,31,0,1,1,0.888671875,0.111328125,9.464205504627898e-06,2.0936131477355957e-05,0.0002688094973564148,4.1624709410825744e-05,0.00013205564755480736,0.0,0.0,0.0007056607282720506,1.0,0.3421265780925751,0.0,1.0,1.0,0.0,1.0,0.0,0.0,,,,,,,,,,,,,,,,,,,0.943359375,70777.09375,0.111328125,1.0,0.0,0.0,1
0,single,2,O,bert.encoder.layer.2.attention.output.dense,0.001,31,0,1,1,0.892578125,0.107421875,8.989027264760807e-06,6.44405372440815e-06,0.00019527971744537354,2.427945946692489e-05,0.00013126108387950808,0.0,0.0,0.0005857176147401333,1.0,0.10760533809661865,0.0,1.0,1.0,0.0,1.0,0.0,0.0,,,,,,,,,,,,,,,,,,,0.9375,68396.828125,0.107421875,1.0,0.0,0.0,1
0,single,2,FFN1,bert.encoder.layer.2.intermediate.dense,0.001,31,0,1,1,0.982421875,0.017578125,2.732709845076897e-06,5.887448787689209e-05,0.0003863871097564697,0.0,0.0001207076566061005,0.0,0.0,0.00029923213878646493,1.0,0.15141978859901428,0.0,1.0,1.0,0.0,1.0,0.0,0.0,,,,,,,,,,,,,,,,,,,0.984375,54105.8828125,0.017578125,1.0,0.0,0.0,1
0,single,2,FFN2,bert.encoder.layer.2.output.dense,0.001,31,0,1,1,0.974609375,0.025390625,3.1951742585079046e-06,6.220117211341858e-05,0.00018724054098129272,0.0,0.00013836182188242674,0.0,0.0,0.000283356785075739,1.0,0.04845716059207916,0.0,1.0,1.0,0.0,1.0,0.0,0.0,,,,,,,,,,,,,,,,,,,0.982421875,47323.83984375,0.025390625,1.0,0.0,0.0,1
0,single,3,Q,bert.encoder.layer.3.attention.self.query,0.001,31,0,1,1,0.970703125,0.029296875,4.300585715100169e-06,2.4884939193725586e-06,0.00029101036489009857,0.0,0.00016386866627726704,0.0,0.0,0.000260927714407444,1.0,0.22391939163208008,0.0,1.0,1.0,0.0,1.0,0.0,0.0,,,,,,,,,,,,,,,,,,,0.982421875,62262.40234375,0.029296875,1.0,0.0,0.0,1
0,single,3,K,bert.encoder.layer.3.attention.self.key,0.001,31,0,1,1,0.9765625,0.0234375,3.467029046078096e-06,9.408406913280487e-05,0.00019759777933359146,0.0,0.00014941573317628354,0.0,0.0,0.0002192601386923343,1.0,-0.029214981943368912,0.0,1.0,1.0,0.0,1.0,0.0,0.0,,,,,,,,,,,,,,,,,,,0.9921875,52451.18359375,0.0234375,1.0,0.0,0.0,1
0,single,3,V,bert.encoder.layer.3.attention.self.value,0.001,31,0,1,1,0.94921875,0.05078125,4.909594281343743e-06,1.9799335859715939e-07,0.00019324198365211487,0.0,0.00012457407137844712,0.0,0.0,0.0006081693572923541,1.0,0.07735379785299301,0.0,1.0,1.0,0.0,1.0,0.0,0.0,,,,,,,,,,,,,,,,,,,0.962890625,53562.41015625,0.05078125,1.0,0.0,0.0,1
0,single,3,O,bert.encoder.layer.3.attention.output.dense,0.001,31,0,1,1,0.8984375,0.1015625,8.46267994347727e-06,1.2077391147613525e-05,0.00017951428890228271,1.086957854568027e-05,0.00013997395581100136,0.0,0.0,0.0006143416394479573,1.0,-0.02026808075606823,0.0,1.0,1.0,0.0,1.0,0.0,0.0,,,,,,,,,,,,,,,,,,,0.935546875,66248.2890625,0.1015625,1.0,0.0,0.0,1
0,single,3,FFN1,bert.encoder.layer.3.intermediate.dense,0.001,31,0,1,1,0.966796875,0.033203125,4.002820332971169e-06,6.977096199989319e-05,0.000288449227809906,0.0,0.0001233818184118718,0.0,0.0,0.0004658785182982683,1.0,0.5321108102798462,0.0,1.0,1.0,0.0,1.0,0.0,0.0,,,,,,,,,,,,,,,,,,,0.970703125,53960.125,0.033203125,1.0,0.0,0.0,1
0,single,3,FFN2,bert.encoder.layer.3.output.dense,0.001,31,0,1,1,0.966796875,0.033203125,5.131507350597531e-06,6.252899765968323e-05,0.00023417454212903976,0.0,0.00018391147023066878,0.0,0.0,0.0002664144558366388,1.0,0.01384449191391468,0.0,1.0,1.0,0.0,1.0,0.0,0.0,,,,,,,,,,,,,,,,,,,0.982421875,67282.25,0.033203125,1.0,0.0,0.0,1
0,single,4,Q,bert.encoder.layer.4.attention.self.query,0.001,31,0,1,1,0.978515625,0.021484375,3.111503247055225e-06,5.459040403366089e-05,0.00021194666624069214,0.0,0.00013978361675981432,0.0,0.0,0.000306863512378186,1.0,-0.02023070864379406,0.0,1.0,1.0,0.0,1.0,0.0,0.0,,,,,,,,,,,,,,,,,,,0.986328125,50766.06640625,0.021484375,1.0,0.0,0.0,1
0,single,4,K,bert.encoder.layer.4.attention.self.key,0.001,31,0,1,1,0.95703125,0.04296875,6.297228082985384e-06,5.0380825996398926e-05,0.000413697212934494,0.0,0.0001657325919950381,0.0,0.0,0.0002558940614107996,1.0,0.007188873831182718,0.0,1.0,1.0,0.0,1.0,0.0,0.0,,,,,,,,,,,,,,,,,,,0.9765625,76182.453125,0.04296875,1.0,0.0,0.0,1
0,single,4,V,bert.encoder.layer.4.attention.self.value,0.001,31,0,1,1,0.955078125,0.044921875,5.262327249511145e-06,4.3392181396484375e-05,0.0001719556748867035,0.0,0.00015566156071145087,0.0,0.0,0.0005217771395109594,1.0,0.009599428623914719,0.0,1.0,1.0,0.0,1.0,0.0,0.0,,,,,,,,,,,,,,,,,,,0.974609375,59278.61328125,0.044921875,1.0,0.0,0.0,1
0,single,4,O,bert.encoder.layer.4.attention.output.dense,0.001,31,0,1,1,0.91796875,0.08203125,7.839693353162147e-06,2.123415470123291e-05,0.00020276475697755814,0.0,0.00012957758735865355,0.0,0.0,0.0006080324528738856,1.0,0.009497163817286491,0.0,1.0,1.0,0.0,1.0,0.0,0.0,,,,,,,,,,,,,,,,,,,0.94921875,65465.55078125,0.08203125,1.0,0.0,0.0,1
0,single,4,FFN1,bert.encoder.layer.4.intermediate.dense,0.001,31,0,1,1,0.978515625,0.021484375,2.5326978629891528e-06,7.538218051195145e-05,0.00018723122775554657,0.0,0.00010702290455810726,0.0,0.0,0.00031730649061501026,1.0,0.04938408359885216,0.0,1.0,1.0,0.0,1.0,0.0,0.0,,,,,,,,,,,,,,,,,,,0.986328125,40511.09375,0.021484375,1.0,0.0,0.0,1
0,single,4,FFN2,bert.encoder.layer.4.output.dense,0.001,31,0,1,1,0.96484375,0.03515625,5.8064761105924845e-06,9.273551404476166e-05,0.0003061741590499878,0.0,0.0001842189085436985,0.0,0.0,0.00026527856243774295,1.0,0.012802280485630035,0.0,1.0,1.0,0.0,1.0,0.0,0.0,,,,,,,,,,,,,,,,,,,0.98046875,73794.9921875,0.03515625,1.0,0.0,0.0,1
0,single,5,Q,bert.encoder.layer.5.attention.self.query,0.001,31,0,1,1,0.98046875,0.01953125,3.0697635793330846e-06,3.881007432937622e-05,0.0006319824606180191,0.0,0.00010660096450010315,0.0,0.0,0.0002321945212315768,1.0,-0.0802948921918869,0.0,1.0,1.0,0.0,1.0,0.0,0.0,,,,,,,,,,,,,,,,,,,0.990234375,71739.171875,0.01953125,1.0,0.0,0.0,1
0,single,5,K,bert.encoder.layer.5.attention.self.key,0.001,31,0,1,1,0.962890625,0.037109375,5.763119588664267e-06,7.002800703048706e-05,0.00023351609706878662,0.0,0.0001918166090035811,0.0,0.0,0.00021193697466515005,1.0,-0.027336278930306435,0.0,1.0,1.0,0.0,1.0,0.0,0.0,,,,,,,,,,,,,,,,,,,0.984375,70873.0,0.037109375,1.0,0.0,0.0,1
0,single,5,V,bert.encoder.layer.5.attention.self.value,0.001,31,0,1,1,0.947265625,0.052734375,6.27714234724408e-06,3.3099204301834106e-05,0.00021240860223770142,0.0,0.0001474917953601107,0.0,0.0,0.0004177542286925018,1.0,0.07663007825613022,0.0,1.0,1.0,0.0,1.0,0.0,0.0,,,,,,,,,,,,,,,,,,,0.96875,64983.08984375,0.052734375,1.0,0.0,0.0,1
0,single,5,O,bert.encoder.layer.5.attention.output.dense,0.001,31,0,1,1,0.919921875,0.080078125,6.878564818180166e-06,3.248453140258789e-06,0.00014272890985012054,0.0,0.00012574216816574335,0.0,0.0,0.0004623943823389709,1.0,0.05047420784831047,0.0,1.0,1.0,0.0,1.0,0.0,0.0,,,,,,,,,,,,,,,,,,,0.9453125,59263.35546875,0.080078125,1.0,0.0,0.0,1
0,single,5,FFN1,bert.encoder.layer.5.intermediate.dense,0.001,31,0,1,1,0.96484375,0.03515625,4.1404396142752375e-06,3.392808139324188e-05,0.00020910799503326416,0.0,0.00013892714923713356,0.0,0.0,0.0003341027768328786,1.0,0.011061223223805428,0.0,1.0,1.0,0.0,1.0,0.0,0.0,,,,,,,,,,,,,,,,,,,0.9765625,53316.54296875,0.03515625,1.0,0.0,0.0,1
0,single,5,FFN2,bert.encoder.layer.5.output.dense,0.001,31,0,1,1,0.9765625,0.0234375,3.423037924221717e-06,8.2407146692276e-05,0.00021283328533172607,0.0,0.00014442921383306384,0.0,0.0,0.0002774559543468058,1.0,-0.012636633589863777,0.0,1.0,1.0,0.0,1.0,0.0,0.0,,,,,,,,,,,,,,,,,,,0.990234375,51794.86328125,0.0234375,1.0,0.0,0.0,1
0,single,6,Q,bert.encoder.layer.6.attention.self.query,0.001,31,0,1,1,0.974609375,0.025390625,3.8131406654429156e-06,8.104182779788971e-05,0.0002579782158136368,0.0,0.00013799717999063432,0.0,0.0,0.00024187593953683972,1.0,0.14707669615745544,0.0,1.0,1.0,0.0,1.0,0.0,0.0,,,,,,,,,,,,,,,,,,,0.984375,57554.21484375,0.025390625,1.0,0.0,0.0,1
0,single,6,K,bert.encoder.layer.6.attention.self.key,0.001,31,0,1,1,0.974609375,0.025390625,3.844501407002099e-06,0.00010352581739425659,0.00023327069357037544,0.0,0.0001487845875089988,0.0,0.0,0.00023844809038564563,1.0,0.026791850104928017,0.0,1.0,1.0,0.0,1.0,0.0,0.0,,,,,,,,,,,,,,,,,,,0.982421875,56467.10546875,0.025390625,1.0,0.0,0.0,1
0,single,6,V,bert.encoder.layer.6.attention.self.value,0.001,31,0,1,1,0.947265625,0.052734375,4.964025720255449e-06,2.157595008611679e-05,0.0001933276653289795,0.0,0.00012502309982664883,0.0,0.0,0.0006906795315444469,1.0,0.050523001700639725,0.21808648109436035,1.0,1.0,0.0,1.0,0.0,0.0,,,,,,,,,,,,,,,,,,,0.97265625,19.760395050048828,0.052734375,1.0,0.0,0.0,1
0,single,6,O,bert.encoder.layer.6.attention.output.dense,0.001,31,0,1,1,0.9453125,0.0546875,4.482120857574046e-06,8.717179298400879e-07,0.00017968565225601196,0.0,0.00010799700248753652,0.0,0.0,0.0006203569937497377,1.0,-0.028196102008223534,0.0,1.0,1.0,0.0,1.0,0.0,0.0,,,,,,,,,,,,,,,,,,,0.97265625,47369.61328125,0.0546875,1.0,0.0,0.0,1
0,single,6,FFN1,bert.encoder.layer.6.intermediate.dense,0.001,31,0,1,1,0.974609375,0.025390625,2.5258068490074947e-06,1.103617250919342e-05,0.0001927390694618225,0.0,9.908633364830166e-05,0.0,0.0,0.00037903792690485716,1.0,0.004182152450084686,0.0,1.0,1.0,0.0,1.0,0.0,0.0,,,,,,,,,,,,,,,,,,,0.986328125,38712.8359375,0.025390625,1.0,0.0,0.0,1
0,single,6,FFN2,bert.encoder.layer.6.output.dense,0.001,31,0,1,1,0.98828125,0.01171875,1.6720796338631772e-06,9.9952332675457e-05,0.00018439814448356628,0.0,8.895903738448396e-05,0.0,0.0,0.0003934402484446764,1.0,0.01702045276761055,0.0,1.0,1.0,0.0,1.0,0.0,0.0,,,,,,,,,,,,,,,,,,,0.9921875,35722.01953125,0.01171875,0.8900146484375,0.0,0.0,1
0,single,7,Q,bert.encoder.layer.7.attention.self.query,0.001,31,0,1,1,0.982421875,0.017578125,2.6715970307122916e-06,0.00010372325778007507,0.00023727118968963623,0.0,0.00013980158837512136,0.0,0.0,0.00021564873168244958,1.0,0.09940412640571594,0.0,1.0,1.0,0.0,1.0,0.0,0.0,,,,,,,,,,,,,,,,,,,0.986328125,46981.4765625,0.017578125,1.0,0.0,0.0,1
0,single,7,K,bert.encoder.layer.7.attention.self.key,0.001,31,0,1,1,0.978515625,0.021484375,3.0330256777233444e-06,8.641928434371948e-05,0.0002339240163564682,0.0,0.00012199967750348151,0.0,0.0,0.00020860909717157483,1.0,0.03366708755493164,0.0,1.0,1.0,0.0,1.0,0.0,0.0,,,,,,,,,,,,,,,,,,,0.986328125,49401.25,0.021484375,1.0,0.0,0.0,1
0,single,7,V,bert.encoder.layer.7.attention.self.value,0.001,31,0,1,1,0.962890625,0.037109375,3.5850348467647564e-06,2.2552907466888428e-05,0.0002666804939508438,0.0,0.00011237232683924958,0.0,0.0,0.00047571322647854686,1.0,-0.06261353939771652,0.0,1.0,1.0,0.0,1.0,0.0,0.0,,,,,,,,,,,,,,,,,,,0.984375,47451.59375,0.037109375,1.0,0.0,0.0,1
0,single,7,O,bert.encoder.layer.7.attention.output.dense,0.001,31,0,1,1,0.958984375,0.041015625,4.4436305870476644e-06,4.017539322376251e-05,0.0001804344356060028,0.0,0.00012552159023471177,0.0,0.0,0.0005583925521932542,1.0,0.030340148136019707,0.0,1.0,1.0,0.0,1.0,0.0,0.0,,,,,,,,,,,,,,,,,,,0.98046875,52237.125,0.041015625,1.0,0.0,0.0,1
0,single,7,FFN1,bert.encoder.layer.7.intermediate.dense,0.001,31,0,1,1,0.966796875,0.033203125,3.942246621591039e-06,4.1151419281959534e-05,0.00019135326147079468,0.0,0.00014308512618299574,0.0,0.0,0.0004476787871681154,1.0,-0.022953640669584274,0.0,1.0,1.0,0.0,1.0,0.0,0.0,,,,,,,,,,,,,,,,,,,0.984375,52219.98046875,0.033203125,1.0,0.0,0.0,1
0,single,7,FFN2,bert.encoder.layer.7.output.dense,0.001,31,0,1,1,0.98046875,0.01953125,2.3398015400744043e-06,5.036592483520508e-05,0.00021316856145858765,0.0,0.00011305807129247114,0.0,0.0,0.00036202711635269225,1.0,0.033352501690387726,0.0,1.0,1.0,0.0,1.0,0.0,0.0,,,,,,,,,,,,,,,,,,,0.990234375,40957.90625,0.01953125,1.0,0.0,0.0,1
0,single,8,Q,bert.encoder.layer.8.attention.self.query,0.001,31,0,1,1,0.9765625,0.0234375,2.977385520352982e-06,3.089010715484619e-05,0.0001911735162138939,0.0,0.0001337621797574684,0.0,0.0,0.00032049446599557996,1.0,0.19913247227668762,0.0,1.0,1.0,0.0,1.0,0.0,0.0,,,,,,,,,,,,,,,,,,,0.986328125,46839.6328125,0.0234375,1.0,0.0,0.0,1
0,single,8,K,bert.encoder.layer.8.attention.self.key,0.001,31,0,1,1,0.962890625,0.037109375,5.018926913180621e-06,7.870793342590332e-05,0.00019875168800354004,0.0,0.00014953607751522213,0.0,0.0,0.00025741453282535076,1.0,0.1108020469546318,0.0,1.0,1.0,0.0,1.0,0.0,0.0,,,,,,,,,,,,,,,,,,,0.974609375,60697.21875,0.037109375,1.0,0.0,0.0,1
0,single,8,V,bert.encoder.layer.8.attention.self.value,0.001,31,0,1,1,0.966796875,0.033203125,3.850546363537433e-06,6.037205457687378e-05,0.0001712888479232788,0.0,0.00012131802941439673,0.0,0.0,0.000539376400411129,1.0,0.1668456345796585,0.0,1.0,1.0,0.0,1.0,0.0,0.0,,,,,,,,,,,,,,,,,,,0.984375,50029.83984375,0.033203125,1.0,0.0,0.0,1
0,single,8,O,bert.encoder.layer.8.attention.output.dense,0.001,31,0,1,1,0.939453125,0.060546875,6.18996455159504e-06,3.714859485626221e-05,0.00017433986067771912,0.0,0.00014397497579921037,0.0,0.0,0.0005151411751285195,1.0,0.0531013198196888,0.0,1.0,1.0,0.0,1.0,0.0,0.0,,,,,,,,,,,,,,,,,,,0.96484375,60108.0703125,0.060546875,1.0,0.0,0.0,1
0,single,8,FFN1,bert.encoder.layer.8.intermediate.dense,0.001,31,0,1,1,0.990234375,0.009765625,1.474778400734067e-06,0.0001223292201757431,0.00020068511366844177,0.0,0.0,0.0,0.0,0.0003838633419945836,1.0,0.13952375948429108,0.0,1.0,1.0,0.0,1.0,0.0,0.0,,,,,,,,,,,,,,,,,,,0.99609375,34293.3046875,0.009765625,0.0,0.0,0.0,1
0,single,8,FFN2,bert.encoder.layer.8.output.dense,0.001,31,0,1,1,0.96484375,0.03515625,4.3709296733140945e-06,4.823505878448486e-05,0.00018359720706939697,0.0,0.00015135908324737102,0.0,0.0,0.0003462971653789282,1.0,0.028503527864813805,0.0,1.0,1.0,0.0,1.0,0.0,0.0,,,,,,,,,,,,,,,,,,,0.978515625,55335.10546875,0.03515625,1.0,0.0,0.0,1
0,single,9,Q,bert.encoder.layer.9.attention.self.query,0.001,31,0,1,1,0.974609375,0.025390625,4.105169864487834e-06,4.6990811824798584e-05,0.00024245679378509521,0.0,0.00017352185386698693,0.0,0.0,0.00035490788286551833,1.0,0.15489137172698975,0.0,1.0,1.0,0.0,1.0,0.0,0.0,,,,,,,,,,,,,,,,,,,0.984375,61511.1328125,0.025390625,1.0,0.0,0.0,1
0,single,9,K,bert.encoder.layer.9.attention.self.key,0.001,31,0,1,1,0.98046875,0.01953125,3.2637713047733996e-06,0.0001074671745300293,0.00023078173398971558,0.0,0.00015078326396178454,0.0,0.0,0.0003044093318749219,1.0,0.05209833011031151,0.0,1.0,1.0,0.0,1.0,0.0,0.0,,,,,,,,,,,,,,,,,,,0.98828125,54078.390625,0.01953125,1.0,0.0,0.0,1
0,single,9,V,bert.encoder.layer.9.attention.self.value,0.001,31,0,1,1,0.9609375,0.0390625,4.41331076217466e-06,4.665553569793701e-05,0.00021641142666339874,0.0,0.0001398482418153435,0.0,0.0,0.0005983468145132065,1.0,0.1375269889831543,0.0,1.0,1.0,0.0,1.0,0.0,0.0,,,,,,,,,,,,,,,,,,,0.978515625,54571.71484375,0.0390625,1.0,0.0,0.0,1
0,single,9,O,bert.encoder.layer.9.attention.output.dense,0.001,31,0,1,1,0.947265625,0.052734375,6.332782504614443e-06,2.726912498474121e-06,0.00020301342010498047,0.0,0.0001489187852712348,0.0,0.0,0.0006523748743347824,1.0,0.030860405415296555,0.0,1.0,1.0,0.0,1.0,0.0,0.0,,,,,,,,,,,,,,,,,,,0.96875,65565.0625,0.052734375,1.0,0.0,0.0,1
0,single,9,FFN1,bert.encoder.layer.9.intermediate.dense,0.001,31,0,1,1,0.978515625,0.021484375,2.4699888854229357e-06,5.416572093963623e-05,0.00018120184540748596,0.0,0.00010839723108801991,0.0,0.0,0.00040576234459877014,1.0,0.26706206798553467,0.0,1.0,1.0,0.0,1.0,0.0,0.0,,,,,,,,,,,,,,,,,,,0.984375,39893.59375,0.021484375,1.0,0.0,0.0,1
0,single,9,FFN2,bert.encoder.layer.9.output.dense,0.001,31,0,1,1,0.966796875,0.033203125,4.416530828166287e-06,7.111206650733948e-05,0.000204525887966156,0.0,0.0001534158072900027,0.0,0.0,0.00029647606424987316,1.0,0.10246796905994415,0.0,1.0,1.0,0.0,1.0,0.0,0.0,,,,,,,,,,,,,,,,,,,0.9765625,56553.4453125,0.033203125,1.0,0.0,0.0,1
0,single,10,Q,bert.encoder.layer.10.attention.self.query,0.001,31,0,1,1,0.986328125,0.013671875,2.883528850361472e-06,0.00011824071407318115,0.0005003102123737335,0.0,0.00012489008076954633,0.0,0.0,0.00027006107848137617,1.0,0.22590672969818115,0.0,1.0,1.0,0.0,1.0,0.0,0.0,,,,,,,,,,,,,,,,,,,0.990234375,65032.78125,0.013671875,1.0,0.0,0.0,1
0,single,10,K,bert.encoder.layer.10.attention.self.key,0.001,31,0,1,1,0.9765625,0.0234375,3.1655936254537664e-06,7.838010787963867e-06,0.0002912357449531555,0.0,0.00013633485650643706,0.0,0.0,0.00024236057652160525,1.0,-0.11214185506105423,0.0,1.0,1.0,0.0,1.0,0.0,0.0,,,,,,,,,,,,,,,,,,,0.990234375,53156.09765625,0.0234375,1.0,0.0,0.0,1
0,single,10,V,bert.encoder.layer.10.attention.self.value,0.001,31,0,1,1,0.962890625,0.037109375,4.733351488539483e-06,4.530325531959534e-05,0.00025609880685806274,0.0,0.00014748267130926251,0.0,0.0,0.0005728614632971585,1.0,0.08581838011741638,0.0,1.0,1.0,0.0,1.0,0.0,0.0,,,,,,,,,,,,,,,,,,,0.97265625,60224.61328125,0.037109375,1.0,0.0,0.0,1
0,single,10,O,bert.encoder.layer.10.attention.output.dense,0.001,31,0,1,1,0.962890625,0.037109375,4.082729901710991e-06,2.6732683181762695e-05,0.00016352906823158264,0.0,0.00013278608093969524,0.0,0.0,0.000620759732555598,1.0,0.04107718542218208,0.0,1.0,1.0,0.0,1.0,0.0,0.0,,,,,,,,,,,,,,,,,,,0.9765625,50740.28125,0.037109375,1.0,0.0,0.0,1
0,single,10,FFN1,bert.encoder.layer.10.intermediate.dense,0.001,31,0,1,1,0.978515625,0.021484375,2.614163349790033e-06,3.7997961044311523e-05,0.00016288459300994873,0.0,0.00012088379298802465,0.0,0.0,0.00044155854266136885,1.0,0.04317241534590721,0.0,1.0,1.0,0.0,1.0,0.0,0.0,,,,,,,,,,,,,,,,,,,0.990234375,42044.34765625,0.021484375,1.0,0.0,0.0,1
0,single,10,FFN2,bert.encoder.layer.10.output.dense,0.001,31,0,1,1,0.9765625,0.0234375,2.945171218016185e-06,4.6797096729278564e-05,0.00018887966871261597,0.0,0.0001242674479726702,0.0,0.0,0.0003778550890274346,1.0,0.09926647692918777,0.0,1.0,1.0,0.0,1.0,0.0,0.0,,,,,,,,,,,,,,,,,,,0.986328125,45518.0078125,0.0234375,1.0,0.0,0.0,1
0,single,11,Q,bert.encoder.layer.11.attention.self.query,0.001,31,0,1,1,0.990234375,0.009765625,1.51611675391905e-06,0.0001147054135799408,0.00017739459872245789,0.0,0.0,0.0,0.0,0.0002386832347838208,1.0,0.043876662850379944,0.0,1.0,1.0,0.0,1.0,0.0,0.0,,,,,,,,,,,,,,,,,,,0.994140625,35063.30078125,0.009765625,0.0,0.0,0.0,1
0,single,11,K,bert.encoder.layer.11.attention.self.key,0.001,31,0,1,1,0.9921875,0.0078125,1.0206013030256145e-06,4.824995994567871e-05,0.00019337749108672142,0.0,0.0,0.0,0.0,0.0002163438475690782,1.0,0.011438773944973946,0.0,1.0,1.0,0.0,1.0,0.0,0.0,,,,,,,,,,,,,,,,,,,0.994140625,28289.51953125,0.0078125,0.0,0.0,0.0,1
0,single,11,V,bert.encoder.layer.11.attention.self.value,0.001,31,0,1,1,0.970703125,0.029296875,3.452339569776086e-06,6.141886115074158e-05,0.00018618162721395493,0.0,0.00012374988000374287,0.0,0.0,0.00038049224531278014,1.0,0.0162059236317873,0.0,1.0,1.0,0.0,1.0,0.0,0.0,,,,,,,,,,,,,,,,,,,0.986328125,47974.4921875,0.029296875,1.0,0.0,0.0,1
0,single,11,O,bert.encoder.layer.11.attention.output.dense,0.001,31,0,1,1,0.966796875,0.033203125,3.6624246604333166e-06,2.79843807220459e-05,0.00018575787544250488,0.0,0.00013747707998845726,0.0,0.0,0.00047380157047882676,1.0,0.31178292632102966,0.0,1.0,1.0,0.0,1.0,0.0,0.0,,,,,,,,,,,,,,,,,,,0.9765625,49322.97265625,0.033203125,1.0,0.0,0.0,1
0,single,11,FFN1,bert.encoder.layer.11.intermediate.dense,0.001,31,0,1,1,0.982421875,0.017578125,1.9783487914537545e-06,3.2432377338409424e-05,0.00019000470638275146,0.0,8.446648280369118e-05,0.0,0.0,0.0004558857763186097,1.0,0.004636747762560844,0.0,1.0,1.0,0.0,1.0,0.0,0.0,,,,,,,,,,,,,,,,,,,0.990234375,37819.86328125,0.017578125,1.0,0.0,0.0,1
0,single,11,FFN2,bert.encoder.layer.11.output.dense,0.001,31,0,1,1,0.986328125,0.013671875,1.6380813576688524e-06,8.474849164485931e-05,0.00016851723194122314,0.0,9.439843415748328e-05,0.0,0.001953125,0.0003889390209224075,1.0,0.051451176404953,0.0,1.0,1.0,0.0,1.0,0.0,0.0,,,,,,,,,,,,,,,,,,,0.990234375,32541.8203125,0.013671875,1.0,0.0,0.0,1
1,single,0,Q,bert.encoder.layer.0.attention.self.query,0.001,31,0,1,1,0.98828125,0.01171875,1.335557499260176e-06,4.9095600843429565e-05,0.00015532039105892181,0.0,4.369580346974544e-05,0.0,0.0,0.00021153624402359128,1.0,-0.031051574274897575,0.0,1.0,1.0,0.0,1.0,0.0,0.0,,,,,,,,,,,,,,,,,,,0.998046875,29131.81640625,0.01171875,0.8900146484375,0.0,0.0,1
1,single,0,K,bert.encoder.layer.0.attention.self.key,0.001,31,0,1,1,0.986328125,0.013671875,1.4658289728686213e-06,2.3052096366882324e-05,0.0002072565257549286,0.0,5.316072201821953e-05,0.0,0.0,0.00018300976080354303,1.0,0.10690931975841522,0.0,1.0,1.0,0.0,1.0,0.0,0.0,,,,,,,,,,,,,,,,,,,0.98828125,31708.3203125,0.013671875,1.0,0.0,0.0,1
1,single,0,V,bert.encoder.layer.0.attention.self.value,0.001,31,0,1,1,0.931640625,0.068359375,6.461953489633743e-06,1.8209218978881836e-05,0.00018515437841415405,0.0,0.00014370573626365513,0.0,0.0,0.0004039944615215063,1.0,0.020963173359632492,0.0,1.0,1.0,0.0,1.0,0.0,0.0,,,,,,,,,,,,,,,,,,,0.962890625,60635.94921875,0.068359375,1.0,0.0,0.0,1
1,single,0,O,bert.encoder.layer.0.attention.output.dense,0.001,31,0,1,1,0.927734375,0.072265625,7.1211134127224796e-06,3.632158041000366e-05,0.00024436041712760925,0.0,0.0001157443766715005,0.0,0.0,0.0004596104263328016,1.0,-0.024451518431305885,0.0,1.0,1.0,0.0,1.0,0.0,0.0,,,,,,,,,,,,,,,,,,,0.970703125,64366.59765625,0.072265625,1.0,0.0,0.0,1
1,single,0,FFN1,bert.encoder.layer.0.intermediate.dense,0.001,31,0,1,1,0.982421875,0.017578125,2.472327196301194e-06,7.347017526626587e-05,0.0003050006926059723,0.0,0.00012024825264234096,0.0,0.0,0.00025375664699822664,1.0,0.128442645072937,0.0,1.0,1.0,0.0,1.0,0.0,0.0,,,,,,,,,,,,,,,,,,,0.984375,46606.609375,0.017578125,1.0,0.0,0.0,1
1,single,0,FFN2,bert.encoder.layer.0.output.dense,0.001,31,0,1,1,0.98828125,0.01171875,1.5869527487666346e-06,9.618699550628662e-05,0.00018296018242835999,0.0,8.560783317079768e-05,0.0,0.0,0.0002256145526189357,1.0,-0.024788113310933113,0.0,1.0,1.0,0.0,1.0,0.0,0.0,,,,,,,,,,,,,,,,,,,0.99609375,33941.89453125,0.01171875,0.8900146484375,0.0,0.0,1
1,single,1,Q,bert.encoder.layer.1.attention.self.query,0.001,31,0,1,1,0.970703125,0.029296875,4.205720870231744e-06,7.419660687446594e-05,0.00036551011726260185,0.0,0.00014043133705854416,0.0,0.0,0.000252158468356356,1.0,-0.10527452826499939,0.0,1.0,1.0,0.0,1.0,0.0,0.0,,,,,,,,,,,,,,,,,,,0.986328125,62133.6875,0.029296875,1.0,0.0,0.0,1
1,single,1,K,bert.encoder.layer.1.attention.self.key,0.001,31,0,1,1,0.9765625,0.0234375,3.507597284624353e-06,5.2034854888916016e-05,0.00024650245904922485,0.0,0.00016896896704565734,0.0,0.0,0.00020929287711624056,1.0,0.12202054262161255,0.0,1.0,1.0,0.0,1.0,0.0,0.0,,,,,,,,,,,,,,,,,,,0.98046875,55476.5,0.0234375,1.0,0.0,0.0,1
1,single,1,V,bert.encoder.layer.1.attention.self.value,0.001,31,0,1,1,0.923828125,0.076171875,7.512655429309234e-06,3.006681799888611e-05,0.00016203522682189941,0.0,0.00012966206122655421,0.0,0.0,0.0004672391223721206,1.0,0.20957964658737183,0.0,1.0,1.0,0.0,1.0,0.0,0.0,,,,,,,,,,,,,,,,,,,0.953125,63744.046875,0.076171875,1.0,0.0,0.0,1
1,single,1,O,bert.encoder.layer.1.attention.output.dense,0.001,31,0,1,1,0.912109375,0.087890625,7.513061063946225e-06,4.102848470211029e-05,0.0002414323389530182,0.0,0.00011353597801644355,0.0,0.0,0.0004975260235369205,1.0,0.09388513118028641,0.0,1.0,1.0,0.0,1.0,0.0,0.0,,,,,,,,,,,,,,,,,,,0.947265625,61671.28515625,0.087890625,1.0,0.0,0.0,1
1,single,1,FFN1,bert.encoder.layer.1.intermediate.dense,0.001,31,0,1,1,0.984375,0.015625,1.9135186448693275e-06,6.456300616264343e-05,0.00018905755132436752,0.0,9.649019921198487e-05,0.0,0.0,0.0003273723414167762,1.0,0.24761945009231567,0.0,1.0,1.0,0.0,1.0,0.0,0.0,,,,,,,,,,,,,,,,,,,0.986328125,36299.02734375,0.015625,1.0,0.0,0.0,1
1,single,1,FFN2,bert.encoder.layer.1.output.dense,0.001,31,0,1,1,0.978515625,0.021484375,3.3810229069786146e-06,5.3165480494499207e-05,0.0003264099359512329,0.0,0.0001474967721151188,0.0,0.0,0.00027902561123482883,1.0,0.013500618748366833,0.0,1.0,1.0,0.0,1.0,0.0,0.0,,,,,,,,,,,,,,,,,,,0.990234375,56723.91796875,0.021484375,1.0,0.0,0.0,1
1,single,2,Q,bert.encoder.layer.2.attention.self.query,0.001,31,0,1,1,0.98046875,0.01953125,2.3223374228109606e-06,7.25872814655304e-05,0.0001899823546409607,0.0,0.00012079253065166995,0.0,0.0,0.00019307088223285973,1.0,0.03851506486535072,0.0,1.0,1.0,0.0,1.0,0.0,0.0,,,,,,,,,,,,,,,,,,,0.990234375,39418.28125,0.01953125,1.0,0.0,0.0,1
1,single,2,K,bert.encoder.layer.2.attention.self.key,0.001,31,0,1,1,0.9921875,0.0078125,1.3496367046172963e-06,0.00011802371591329575,0.00026746466755867004,0.0,0.0,0.0,0.0,0.00017514207866042852,1.0,0.02111625298857689,0.0,1.0,1.0,0.0,1.0,0.0,0.0,,,,,,,,,,,,,,,,,,,0.9921875,36594.23828125,0.0078125,0.0,0.0,0.0,1
1,single,2,V,bert.encoder.layer.2.attention.self.value,0.001,31,0,1,1,0.90625,0.09375,7.895616363384761e-06,3.410317003726959e-05,0.00015730783343315125,0.0,0.0001309063663939014,0.0,0.0,0.0005878264200873673,1.0,0.07222593575716019,0.0,1.0,1.0,0.0,1.0,0.0,0.0,,,,,,,,,,,,,,,,,,,0.94921875,62356.5625,0.09375,1.0,0.0,0.0,1
1,single,2,O,bert.encoder.layer.2.attention.output.dense,0.001,31,0,1,1,0.923828125,0.076171875,6.029922587913461e-06,3.443565219640732e-06,0.00012722238898277283,0.0,0.00010840706090675667,0.0,0.0,0.0006077909492887557,1.0,0.08456836640834808,0.0,1.0,1.0,0.0,1.0,0.0,0.0,,,,,,,,,,,,,,,,,,,0.953125,52207.01171875,0.076171875,1.0,0.0,0.0,1
1,single,2,FFN1,bert.encoder.layer.2.intermediate.dense,0.001,31,0,1,1,0.974609375,0.025390625,2.949789632111788e-06,7.914751768112183e-05,0.00016753096133470535,0.0,0.00012206613610032946,0.0,0.0,0.00029761658515781164,1.0,0.17764148116111755,0.0,1.0,1.0,0.0,1.0,0.0,0.0,,,,,,,,,,,,,,,,,,,0.990234375,42730.62890625,0.025390625,1.0,0.0,0.0,1
1,single,2,FFN2,bert.encoder.layer.2.output.dense,0.001,31,0,1,1,0.986328125,0.013671875,1.7038619262166321e-06,7.509812712669373e-05,0.00016202405095100403,0.0,8.575103129260242e-05,0.0,0.0,0.0002533106307964772,1.0,0.07212527841329575,0.0,1.0,1.0,0.0,1.0,0.0,0.0,,,,,,,,,,,,,,,,,,,0.98828125,34176.98046875,0.013671875,1.0,0.0,0.0,1
1,single,3,Q,bert.encoder.layer.3.attention.self.query,0.001,31,0,1,1,0.978515625,0.021484375,3.1804374884814024e-06,6.749853491783142e-05,0.0003460794687271118,0.0,0.0001237537944689393,0.0,0.0,0.00023675488773733377,1.0,0.026452230289578438,0.0,1.0,1.0,0.0,1.0,0.0,0.0,,,,,,,,,,,,,,,,,,,0.9921875,55104.10546875,0.021484375,1.0,0.0,0.0,1
1,single,3,K,bert.encoder.layer.3.attention.self.key,0.001,31,0,1,1,0.990234375,0.009765625,1.7698189367365558e-06,7.281079888343811e-05,0.000276416540145874,0.0,0.0,0.0,0.0,0.00017700188618618995,1.0,0.13563284277915955,0.0,1.0,1.0,0.0,1.0,0.0,0.0,,,,,,,,,,,,,,,,,,,0.99609375,43749.0546875,0.009765625,0.0,0.0,0.0,1
1,single,3,V,bert.encoder.layer.3.attention.self.value,0.001,31,0,1,1,0.923828125,0.076171875,7.388626272586407e-06,4.182197153568268e-05,0.0001917332410812378,0.0,0.00012467213673517108,0.0,0.0,0.0005598857533186674,1.0,-0.007126634940505028,0.0,1.0,1.0,0.0,1.0,0.0,0.0,,,,,,,,,,,,,,,,,,,0.955078125,63196.03515625,0.076171875,1.0,0.0,0.0,1
1,single,3,O,bert.encoder.layer.3.attention.output.dense,0.001,31,0,1,1,0.93359375,0.06640625,6.062152806407539e-06,1.4104880392551422e-05,0.00019414536654949188,0.0,0.0001367842050967738,0.0,0.0,0.0005807973793707788,1.0,0.04048401862382889,0.0,1.0,1.0,0.0,1.0,0.0,0.0,,,,,,,,,,,,,,,,,,,0.955078125,58672.6953125,0.06640625,1.0,0.0,0.0,1
1,single,3,FFN1,bert.encoder.layer.3.intermediate.dense,0.001,31,0,1,1,0.966796875,0.033203125,4.682649887399748e-06,1.983542460948229e-06,0.0006678719073534012,0.0,0.00014201759768184274,0.0,0.0,0.00042098385165445507,1.0,0.7967142462730408,6.200064659118652,1.0,1.0,0.0,1.0,0.0,0.0,,,,,,,,,,,,,,,,,,,0.97265625,0.7585492134094238,0.033203125,1.0,0.0,0.0,1
1,single,3,FFN2,bert.encoder.layer.3.output.dense,0.001,31,0,1,1,0.990234375,0.009765625,1.2720556696876884e-06,0.00010676169767975807,0.00017979182302951813,0.0,0.0,0.0,0.0,0.000221997092012316,1.0,0.0410340279340744,0.0,1.0,1.0,0.0,1.0,0.0,0.0,,,,,,,,,,,,,,,,,,,0.994140625,29705.24609375,0.009765625,0.0,0.0,0.0,1
1,single,4,Q,bert.encoder.layer.4.attention.self.query,0.001,31,0,1,1,0.982421875,0.017578125,3.5688817661139183e-06,0.00011153891682624817,0.0005127377808094025,0.0,0.00013654066424351186,0.0,0.0,0.0002232040133094415,1.0,0.20628976821899414,0.0,1.0,1.0,0.0,1.0,0.0,0.0,,,,,,,,,,,,,,,,,,,0.984375,71282.828125,0.017578125,1.0,0.0,0.0,1
1,single,4,K,bert.encoder.layer.4.attention.self.key,0.001,31,0,1,1,0.9765625,0.0234375,3.1779372875462286e-06,0.00010631605982780457,0.00019082054495811462,0.0,0.000133854613522999,0.0,0.0,0.0001825991494115442,1.0,0.038155198097229004,0.0,1.0,1.0,0.0,1.0,0.0,0.0,,,,,,,,,,,,,,,,,,,0.982421875,47743.578125,0.0234375,1.0,0.0,0.0,1
1,single,4,V,bert.encoder.layer.4.attention.self.value,0.001,31,0,1,1,0.958984375,0.041015625,5.274156592349755e-06,4.111975431442261e-05,0.00019957870244979858,0.0,0.00015741160314064473,0.0,0.0,0.00039002890116535127,1.0,-0.06739329546689987,0.0,1.0,1.0,0.0,1.0,0.0,0.0,,,,,,,,,,,,,,,,,,,0.974609375,62694.5703125,0.041015625,1.0,0.0,0.0,1
1,single,4,O,bert.encoder.layer.4.attention.output.dense,0.001,31,0,1,1,0.94921875,0.05078125,5.250008598522982e-06,2.12155282497406e-05,0.00019024312496185303,0.0,0.00012935766426380724,0.0,0.0,0.00042750436114147305,1.0,0.09160444140434265,0.0,1.0,1.0,0.0,1.0,0.0,0.0,,,,,,,,,,,,,,,,,,,0.9765625,55607.75390625,0.05078125,1.0,0.0,0.0,1
1,single,4,FFN1,bert.encoder.layer.4.intermediate.dense,0.001,31,0,1,1,0.962890625,0.037109375,4.237430403009057e-06,6.190314888954163e-05,0.00018704310059547424,0.0,0.00013708003098145127,0.0,0.0,0.00030513867386616766,1.0,0.24242058396339417,0.0,1.0,1.0,0.0,1.0,0.0,0.0,,,,,,,,,,,,,,,,,,,0.974609375,51678.43359375,0.037109375,1.0,0.0,0.0,1
1,single,4,FFN2,bert.encoder.layer.4.output.dense,0.001,31,0,1,1,0.98828125,0.01171875,1.768646825439646e-06,5.85019588470459e-05,0.0003175007877871394,0.0,5.206760033615865e-05,0.0,0.0,0.00025437440490350127,1.0,0.0856819674372673,0.0,1.0,1.0,0.0,1.0,0.0,0.0,,,,,,,,,,,,,,,,,,,0.9921875,41879.96875,0.01171875,0.8900146484375,0.0,0.0,1
1,single,5,Q,bert.encoder.layer.5.attention.self.query,0.001,31,0,1,1,0.984375,0.015625,1.6738449630793184e-06,1.1682510375976562e-05,0.00020696967840194702,0.0,3.7459620216395706e-05,0.0,0.0,0.00021783937700092793,1.0,-0.007099277805536985,0.0,1.0,1.0,0.0,1.0,0.0,0.0,,,,,,,,,,,,,,,,,,,0.990234375,35826.87109375,0.015625,1.0,0.0,0.0,1
1,single,5,K,bert.encoder.layer.5.attention.self.key,0.001,31,0,1,1,0.974609375,0.025390625,3.7590991723845946e-06,4.7169625759124756e-05,0.00023327767848968506,0.0,0.0001346928911516443,0.0,0.0,0.00018068999634124339,1.0,-0.003162885783240199,0.0,1.0,1.0,0.0,1.0,0.0,0.0,,,,,,,,,,,,,,,,,,,0.98828125,57696.83203125,0.025390625,1.0,0.0,0.0,1
1,single,5,V,bert.encoder.layer.5.attention.self.value,0.001,31,0,1,1,0.953125,0.046875,5.864155355084222e-06,6.428360939025879e-05,0.0002061566337943077,0.0,0.00015308838919736445,0.0,0.0,0.0004470513667911291,1.0,0.12293066084384918,0.0,1.0,1.0,0.0,1.0,0.0,0.0,,,,,,,,,,,,,,,,,,,0.962890625,63684.453125,0.046875,1.0,0.0,0.0,1
1,single,5,O,bert.encoder.layer.5.attention.output.dense,0.001,31,0,1,1,0.91796875,0.08203125,8.68177812662907e-06,3.2339245080947876e-05,0.0001974441111087799,0.0,0.00014047478907741606,0.0,0.0,0.0004872134595643729,1.0,0.1988382339477539,0.0,1.0,1.0,0.0,1.0,0.0,0.0,,,,,,,,,,,,,,,,,,,0.939453125,72455.78125,0.08203125,1.0,0.0,0.0,1
1,single,5,FFN1,bert.encoder.layer.5.intermediate.dense,0.001,31,0,1,1,0.97265625,0.02734375,4.150841050432064e-06,7.595028728246689e-05,0.0002387259155511856,0.0,0.0001652023202041164,0.0,0.0,0.0003120285691693425,1.0,-0.04294593632221222,0.0,1.0,1.0,0.0,1.0,0.0,0.0,,,,,,,,,,,,,,,,,,,0.984375,59058.890625,0.02734375,1.0,0.0,0.0,1
1,single,5,FFN2,bert.encoder.layer.5.output.dense,0.001,31,0,1,1,0.98046875,0.01953125,2.988096184708411e-06,9.292922914028168e-05,0.00019421428442001343,0.0,0.00014084870053920895,0.0,0.0,0.00027061437140218914,1.0,0.10722245275974274,0.0,1.0,1.0,0.0,1.0,0.0,0.0,,,,,,,,,,,,,,,,,,,0.984375,49533.9765625,0.01953125,1.0,0.0,0.0,1
1,single,6,Q,bert.encoder.layer.6.attention.self.query,0.001,31,0,1,1,0.978515625,0.021484375,2.8538106562336907e-06,7.438287138938904e-05,0.00018693506717681885,0.0,0.00014713620475959033,0.0,0.0,0.0002195123233832419,1.0,0.01537360716611147,0.0,1.0,1.0,0.0,1.0,0.0,0.0,,,,,,,,,,,,,,,,,,,0.984375,46086.83984375,0.021484375,1.0,0.0,0.0,1
1,single,6,K,bert.encoder.layer.6.attention.self.key,0.001,31,0,1,1,0.986328125,0.013671875,1.5666773833800107e-06,5.75333833694458e-05,0.00017692521214485168,0.0,8.337487815879285e-05,0.0,0.0,0.0002404937840765342,1.0,-0.02013467438519001,0.0,1.0,1.0,0.0,1.0,0.0,0.0,,,,,,,,,,,,,,,,,,,0.994140625,32062.49609375,0.013671875,1.0,0.0,0.0,1
1,single,6,V,bert.encoder.layer.6.attention.self.value,0.001,31,0,1,1,0.951171875,0.048828125,5.332770342647564e-06,7.913680747151375e-06,0.00018265843391418457,0.0,0.00014137904508970678,0.0,0.0,0.0004641429986804724,1.0,-0.005207311362028122,0.0,1.0,1.0,0.0,1.0,0.0,0.0,,,,,,,,,,,,,,,,,,,0.96875,58714.8671875,0.048828125,1.0,0.0,0.0,1
1,single,6,O,bert.encoder.layer.6.attention.output.dense,0.001,31,0,1,1,0.931640625,0.068359375,6.494071385532152e-06,9.968876838684082e-06,0.00021700933575630188,0.0,0.000133616485982202,0.0,0.0,0.0005071396590210497,1.0,0.03534865379333496,0.0,1.0,1.0,0.0,1.0,0.0,0.0,,,,,,,,,,,,,,,,,,,0.958984375,60852.84375,0.068359375,1.0,0.0,0.0,1
1,single,6,FFN1,bert.encoder.layer.6.intermediate.dense,0.001,31,0,1,1,0.984375,0.015625,2.0571742425090633e-06,7.889419794082642e-05,0.0002170279622077942,0.0,9.92965287878178e-05,0.0,0.0,0.0003340081893838942,1.0,0.09761602431535721,0.0,1.0,1.0,0.0,1.0,0.0,0.0,,,,,,,,,,,,,,,,,,,0.98828125,39443.93359375,0.015625,1.0,0.0,0.0,1
1,single,6,FFN2,bert.encoder.layer.6.output.dense,0.001,31,0,1,1,0.978515625,0.021484375,3.8059752114349976e-06,0.00011470727622509003,0.00032829539850354195,0.0,0.00015665686805732548,0.0,0.0,0.0002826351555995643,1.0,0.006811859551817179,0.0,1.0,1.0,0.0,1.0,0.0,0.0,,,,,,,,,,,,,,,,,,,0.9921875,61792.734375,0.021484375,1.0,0.0,0.0,1
1,single,7,Q,bert.encoder.layer.7.attention.self.query,0.001,31,0,1,1,0.98046875,0.01953125,2.6341112970840186e-06,9.135529398918152e-05,0.0001717209815979004,0.0,0.00013231916818767786,0.0,0.0,0.00021011776698287576,1.0,0.06800079345703125,0.0,1.0,1.0,0.0,1.0,0.0,0.0,,,,,,,,,,,,,,,,,,,0.98828125,43244.86328125,0.01953125,1.0,0.0,0.0,1
1,single,7,K,bert.encoder.layer.7.attention.self.key,0.001,31,0,1,1,0.986328125,0.013671875,1.532206624688115e-06,6.621330976486206e-05,0.0001977682113647461,0.0,8.416708442382514e-05,0.0,0.0,0.00018989907403010875,1.0,0.03907686844468117,0.0,1.0,1.0,0.0,1.0,0.0,0.0,,,,,,,,,,,,,,,,,,,0.994140625,31330.724609375,0.013671875,1.0,0.0,0.0,1
1,single,7,V,bert.encoder.layer.7.attention.self.value,0.001,31,0,1,1,0.962890625,0.037109375,3.5313669286551885e-06,2.2526830434799194e-05,0.00015023350715637207,0.0,0.00011683188495226204,0.0,0.0,0.00047880515921860933,1.0,0.03384149447083473,0.0,1.0,1.0,0.0,1.0,0.0,0.0,,,,,,,,,,,,,,,,,,,0.974609375,43727.3828125,0.037109375,1.0,0.0,0.0,1
1,single,7,O,bert.encoder.layer.7.attention.output.dense,0.001,31,0,1,1,0.94140625,0.05859375,6.2511544456356205e-06,3.276020288467407e-05,0.0002626180648803711,0.0,0.00014286150690168142,0.0,0.0,0.0005652792751789093,1.0,0.08639239519834518,0.0,1.0,1.0,0.0,1.0,0.0,0.0,,,,,,,,,,,,,,,,,,,0.9609375,63491.6171875,0.05859375,1.0,0.0,0.0,1
1,single,7,FFN1,bert.encoder.layer.7.intermediate.dense,0.001,31,0,1,1,0.970703125,0.029296875,3.5358002605789807e-06,4.9229711294174194e-05,0.00021658837795257568,0.0,0.0001406832889188081,0.0,0.0,0.0004289335338398814,1.0,0.025878680869936943,0.0,1.0,1.0,0.0,1.0,0.0,0.0,,,,,,,,,,,,,,,,,,,0.990234375,50160.45703125,0.029296875,1.0,0.0,0.0,1
1,single,7,FFN2,bert.encoder.layer.7.output.dense,0.001,31,0,1,1,0.974609375,0.025390625,3.858297532133292e-06,9.093619883060455e-05,0.0002605840563774109,0.0,0.00015988088853191584,0.0,0.0,0.00032833940349519253,1.0,0.0504792183637619,0.0,1.0,1.0,0.0,1.0,0.0,0.0,,,,,,,,,,,,,,,,,,,0.986328125,57182.0234375,0.025390625,1.0,0.0,0.0,1
1,single,8,Q,bert.encoder.layer.8.attention.self.query,0.001,31,0,1,1,0.978515625,0.021484375,3.086218384851236e-06,2.8930604457855225e-05,0.00029854848980903625,0.0,0.00012659654021263123,0.0,0.0,0.0003041906747967005,1.0,0.015895837917923927,0.0,1.0,1.0,0.0,1.0,0.0,0.0,,,,,,,,,,,,,,,,,,,0.9921875,53970.71875,0.021484375,1.0,0.0,0.0,1
1,single,8,K,bert.encoder.layer.8.attention.self.key,0.001,31,0,1,1,0.978515625,0.021484375,3.2658153941156343e-06,6.354227662086487e-05,0.0002674199640750885,0.0,0.00013267753820400685,0.0,0.0,0.0002808059216476977,1.0,-0.09406207501888275,0.0,1.0,1.0,0.0,1.0,0.0,0.0,,,,,,,,,,,,,,,,,,,0.98828125,54346.875,0.021484375,1.0,0.0,0.0,1
1,single,8,V,bert.encoder.layer.8.attention.self.value,0.001,31,0,1,1,0.953125,0.046875,5.413240614871029e-06,6.228312849998474e-05,0.00019211694598197937,0.0,0.0001443441433366388,0.0,0.0,0.00048364917165599763,1.0,0.043201811611652374,0.0,1.0,1.0,0.0,1.0,0.0,0.0,,,,,,,,,,,,,,,,,,,0.97265625,59111.8125,0.046875,1.0,0.0,0.0,1
1,single,8,O,bert.encoder.layer.8.attention.output.dense,0.001,31,0,1,1,0.953125,0.046875,4.780900781042874e-06,4.309043288230896e-05,0.00020653908723033965,0.0,0.00012332889309618622,0.0,0.0,0.0006076927529647946,1.0,0.16554439067840576,0.0,1.0,1.0,0.0,1.0,0.0,0.0,,,,,,,,,,,,,,,,,,,0.96484375,52804.47265625,0.046875,1.0,0.0,0.0,1
1,single,8,FFN1,bert.encoder.layer.8.intermediate.dense,0.001,31,0,1,1,0.958984375,0.041015625,4.529503712547012e-06,5.182996392250061e-05,0.00024721771478652954,0.0,0.00013032264541834593,0.0,0.0,0.00034786292235367,1.0,0.007290754467248917,0.0,1.0,1.0,0.0,1.0,0.0,0.0,,,,,,,,,,,,,,,,,,,0.982421875,53910.7421875,0.041015625,1.0,0.0,0.0,1
1,single,8,FFN2,bert.encoder.layer.8.output.dense,0.001,31,0,1,1,0.96875,0.03125,4.395244104671292e-06,4.3645501136779785e-05,0.00026585988234728575,0.0,0.00014418210776057094,0.0,0.0,0.0003538809542078525,1.0,-0.013581069186329842,0.0,1.0,1.0,0.0,1.0,0.0,0.0,,,,,,,,,,,,,,,,,,,0.982421875,59979.19921875,0.03125,1.0,0.0,0.0,1
1,single,9,Q,bert.encoder.layer.9.attention.self.query,0.001,31,0,1,1,0.986328125,0.013671875,1.8310697669221554e-06,7.153302431106567e-05,0.00023204460740089417,0.0,8.430457091890275e-05,0.0,0.0,0.0003728566225618124,1.0,0.25396302342414856,0.0,1.0,1.0,0.0,1.0,0.0,0.0,,,,,,,,,,,,,,,,,,,0.990234375,37867.30078125,0.013671875,1.0,0.0,0.0,1
1,single,9,K,bert.encoder.layer.9.attention.self.key,0.001,31,0,1,1,0.96875,0.03125,4.858338797930628e-06,7.905066013336182e-05,0.00029626861214637756,0.0,0.00016522359510418028,0.0,0.0,0.00033675291342660785,1.0,-0.04985114187002182,0.0,1.0,1.0,0.0,1.0,0.0,0.0,,,,,,,,,,,,,,,,,,,0.982421875,65714.0625,0.03125,1.0,0.0,0.0,1
1,single,9,V,bert.encoder.layer.9.attention.self.value,0.001,31,0,1,1,0.953125,0.046875,4.484594683162868e-06,4.208460450172424e-05,0.00014810264110565186,0.0,0.00011260127212153748,0.0,0.0,0.0006946369539946318,1.0,0.06218166649341583,0.0,1.0,1.0,0.0,1.0,0.0,0.0,,,,,,,,,,,,,,,,,,,0.96875,48528.546875,0.046875,1.0,0.0,0.0,1
1,single,9,O,bert.encoder.layer.9.attention.output.dense,0.001,31,0,1,1,0.943359375,0.056640625,6.5415679273428395e-06,5.7656317949295044e-05,0.0002034604549407959,0.0,0.0001460597268305719,0.0,0.0,0.0008030018070712686,1.0,-0.050639331340789795,0.0,1.0,1.0,0.0,1.0,0.0,0.0,,,,,,,,,,,,,,,,,,,0.97265625,64855.52734375,0.056640625,1.0,0.0,0.0,1
1,single,9,FFN1,bert.encoder.layer.9.intermediate.dense,0.001,31,0,1,1,0.986328125,0.013671875,1.4082288544159383e-06,4.900991916656494e-05,0.00019922852516174316,0.0,6.644149107160047e-05,0.0,0.0,0.0003671790473163128,1.0,-0.21056117117404938,0.0,1.0,1.0,0.0,1.0,0.0,0.0,,,,,,,,,,,,,,,,,,,0.998046875,29837.8671875,0.013671875,1.0,0.0,0.0,1
1,single,9,FFN2,bert.encoder.layer.9.output.dense,0.001,31,0,1,1,0.97265625,0.02734375,4.183775672572665e-06,7.245317101478577e-05,0.00028568506240844727,0.0,0.00015473477833438665,0.0,0.0,0.00031005142955109477,1.0,-0.017320768907666206,0.0,1.0,1.0,0.0,1.0,0.0,0.0,,,,,,,,,,,,,,,,,,,0.98828125,61411.78515625,0.02734375,1.0,0.0,0.0,1
1,single,10,Q,bert.encoder.layer.10.attention.self.query,0.001,31,0,1,1,0.986328125,0.013671875,2.4707469492568634e-06,0.00011123344302177429,0.00028480589389801025,0.0,0.0001325193588854745,0.0,0.0,0.00032833166187629104,1.0,0.05937661603093147,0.0,1.0,1.0,0.0,1.0,0.0,0.0,,,,,,,,,,,,,,,,,,,0.98828125,50574.296875,0.013671875,1.0,0.0,0.0,1
1,single,10,K,bert.encoder.layer.10.attention.self.key,0.001,31,0,1,1,0.986328125,0.013671875,1.7844138255895814e-06,5.461275577545166e-05,0.0002418309450149536,0.0,6.824303272878751e-05,0.0,0.0,0.00031869509257376194,1.0,-0.0037622961681336164,0.0,1.0,1.0,0.0,1.0,0.0,0.0,,,,,,,,,,,,,,,,,,,0.994140625,38036.27734375,0.013671875,1.0,0.0,0.0,1
1,single,10,V,bert.encoder.layer.10.attention.self.value,0.001,31,0,1,1,0.96875,0.03125,3.4622985367604997e-06,4.369765520095825e-05,0.0002131536602973938,0.0,0.00011673792323563248,0.0,0.0,0.0006635952740907669,1.0,0.11537014693021774,0.0,1.0,1.0,0.0,1.0,0.0,0.0,,,,,,,,,,,,,,,,,,,0.978515625,46862.94921875,0.03125,1.0,0.0,0.0,1
1,single,10,O,bert.encoder.layer.10.attention.output.dense,0.001,31,0,1,1,0.94140625,0.05859375,5.9337808124837466e-06,1.5754252672195435e-05,0.00015478208661079407,0.0,0.00013329382636584342,0.0,0.0,0.0007906428654678166,1.0,0.0509619414806366,0.0,1.0,1.0,0.0,1.0,0.0,0.0,,,,,,,,,,,,,,,,,,,0.9609375,58984.4140625,0.05859375,1.0,0.0,0.0,1
1,single,10,FFN1,bert.encoder.layer.10.intermediate.dense,0.001,31,0,1,1,0.974609375,0.025390625,3.3154369702970143e-06,6.818771362304688e-05,0.00018725916743278503,0.0,0.00016496394528076053,0.0,0.0,0.0003687687567435205,1.0,0.20108607411384583,0.0,1.0,1.0,0.0,1.0,0.0,0.0,,,,,,,,,,,,,,,,,,,0.982421875,49844.8203125,0.025390625,1.0,0.0,0.0,1
1,single,10,FFN2,bert.encoder.layer.10.output.dense,0.001,31,0,1,1,0.98828125,0.01171875,1.288214662054088e-06,2.9206275939941406e-05,0.0001767575740814209,0.0,2.5994013412855566e-05,0.0,0.0,0.0003557712188921869,1.0,0.017196863889694214,0.0,1.0,1.0,0.0,1.0,0.0,0.0,,,,,,,,,,,,,,,,,,,0.9921875,29194.95703125,0.01171875,0.8900146484375,0.0,0.0,1
1,single,11,Q,bert.encoder.layer.11.attention.self.query,0.001,31,0,1,1,0.99609375,0.00390625,4.774192348122597e-07,9.530782699584961e-05,0.00014913082122802734,0.0,0.0,0.0,0.0,0.00020994749502278864,1.0,-0.018083566799759865,0.0,1.0,1.0,0.0,1.0,0.0,0.0,,,,,,,,,,,,,,,,,,,1.0,17698.470703125,0.00390625,0.0,0.0,0.0,1
1,single,11,K,bert.encoder.layer.11.attention.self.key,0.001,31,0,1,1,0.9765625,0.0234375,3.2246198315988295e-06,6.082653999328613e-05,0.00020424649119377136,0.0,0.0001368905941490084,0.0,0.0,0.00019700359553098679,1.0,-0.018161525949835777,0.0,1.0,1.0,0.0,1.0,0.0,0.0,,,,,,,,,,,,,,,,,,,0.98828125,50343.5390625,0.0234375,1.0,0.0,0.0,1
1,single,11,V,bert.encoder.layer.11.attention.self.value,0.001,31,0,1,1,0.97265625,0.02734375,3.3758410609152634e-06,6.551295518875122e-05,0.00024147331714630127,0.0,0.0001345956843579188,0.0,0.0,0.0003991718403995037,1.0,-0.03526544198393822,0.0,1.0,1.0,0.0,1.0,0.0,0.0,,,,,,,,,,,,,,,,,,,0.984375,49251.9921875,0.02734375,1.0,0.0,0.0,1
1,single,11,O,bert.encoder.layer.11.attention.output.dense,0.001,31,0,1,1,0.986328125,0.013671875,1.6319299902534112e-06,4.7672539949417114e-05,0.0001729615032672882,0.0,9.088095976039767e-05,0.0,0.0,0.0004015432787127793,1.0,0.07064303755760193,0.0,1.0,1.0,0.0,1.0,0.0,0.0,,,,,,,,,,,,,,,,,,,0.990234375,32978.80859375,0.013671875,1.0,0.0,0.0,1
1,single,11,FFN1,bert.encoder.layer.11.intermediate.dense,0.001,31,0,1,1,0.97265625,0.02734375,3.059891696466366e-06,4.054605960845947e-05,0.00019546598196029663,0.0,0.00012127167428843677,0.0,0.0,0.0005016096984036267,1.0,0.05089196562767029,0.0,1.0,1.0,0.0,1.0,0.0,0.0,,,,,,,,,,,,,,,,,,,0.98046875,44189.01953125,0.02734375,1.0,0.0,0.0,1
1,single,11,FFN2,bert.encoder.layer.11.output.dense,0.001,31,0,1,1,0.970703125,0.029296875,3.3588385122129694e-06,8.252449333667755e-06,0.00020805001258850098,0.0,0.000134896909003146,0.0,0.001953125,0.00033221259946003556,1.0,0.07717705518007278,0.0,1.0,1.0,0.0,1.0,0.0,0.0,,,,,,,,,,,,,,,,,,,0.978515625,48187.17578125,0.029296875,1.0,0.0,0.0,1
2,single,0,Q,bert.encoder.layer.0.attention.self.query,0.001,31,0,1,1,0.986328125,0.013671875,1.8835788750948268e-06,9.395182132720947e-05,0.00020788609981536865,0.0,0.00011739238834707066,0.0,0.0,0.00011135002569062635,1.0,-0.006905038841068745,0.0,1.0,1.0,0.0,1.0,0.0,0.0,,,,,,,,,,,,,,,,,,,0.994140625,37476.171875,0.013671875,1.0,0.0,0.0,1
2,single,0,K,bert.encoder.layer.0.attention.self.key,0.001,31,0,1,1,0.990234375,0.009765625,1.6098542801046278e-06,0.00010361149907112122,0.00023545324802398682,0.0,0.0,0.0,0.0,0.00010212107736151665,1.0,-0.019569793716073036,0.0,1.0,1.0,0.0,1.0,0.0,0.0,,,,,,,,,,,,,,,,,,,0.99609375,39016.6875,0.009765625,0.0,0.0,0.0,1
2,single,0,V,bert.encoder.layer.0.attention.self.value,0.001,31,0,1,1,0.939453125,0.060546875,6.024726644682232e-06,1.5690922737121582e-05,0.00016182288527488708,0.0,0.0001303737226407975,0.0,0.0,0.0002757900219876319,1.0,-0.0010479834163561463,0.0,1.0,1.0,0.0,1.0,0.0,0.0,,,,,,,,,,,,,,,,,,,0.96484375,58533.09375,0.060546875,1.0,0.0,0.0,1
2,single,0,O,bert.encoder.layer.0.attention.output.dense,0.001,31,0,1,1,0.94140625,0.05859375,5.635303750750609e-06,1.5068799257278442e-05,0.00044912099838256836,0.0,0.00011939791875192896,0.0,0.0,0.00029719644226133823,1.0,-0.005557369440793991,0.0,1.0,1.0,0.0,1.0,0.0,0.0,,,,,,,,,,,,,,,,,,,0.96875,65991.0625,0.05859375,1.0,0.0,0.0,1
2,single,0,FFN1,bert.encoder.layer.0.intermediate.dense,0.001,31,0,1,1,0.9765625,0.0234375,2.465695388309541e-06,4.6838074922561646e-05,0.0001546815037727356,0.0,0.00010785795166157186,0.0,0.0,0.00024415121879428625,1.0,0.04551294818520546,0.0,1.0,1.0,0.0,1.0,0.0,0.0,,,,,,,,,,,,,,,,,,,0.98046875,37971.93359375,0.0234375,1.0,0.0,0.0,1
2,single,0,FFN2,bert.encoder.layer.0.output.dense,0.001,31,0,1,1,0.978515625,0.021484375,2.9679595172638074e-06,9.268335998058319e-05,0.00020790845155715942,0.0,0.0001313744724029675,0.0,0.0,0.00017308608221355826,1.0,0.03435024619102478,0.0,1.0,1.0,0.0,1.0,0.0,0.0,,,,,,,,,,,,,,,,,,,0.990234375,47347.31640625,0.021484375,1.0,0.0,0.0,1
2,single,1,Q,bert.encoder.layer.1.attention.self.query,0.001,31,0,1,1,0.974609375,0.025390625,3.652553459687624e-06,6.293505430221558e-05,0.00036766030825674534,0.0,0.0001278765848837793,0.0,0.0,0.00017159845447167754,1.0,0.018329022452235222,0.0,1.0,1.0,0.0,1.0,0.0,0.0,,,,,,,,,,,,,,,,,,,0.986328125,58748.48046875,0.025390625,1.0,0.0,0.0,1
2,single,1,K,bert.encoder.layer.1.attention.self.key,0.001,31,0,1,1,0.98046875,0.01953125,3.218642177671427e-06,9.936466813087463e-05,0.00023040175437927246,0.0,0.00016624115232843906,0.0,0.0,0.0001467354886699468,1.0,-0.02443334273993969,0.0,1.0,1.0,0.0,1.0,0.0,0.0,,,,,,,,,,,,,,,,,,,0.990234375,53400.02734375,0.01953125,1.0,0.0,0.0,1
2,single,1,V,bert.encoder.layer.1.attention.self.value,0.001,31,0,1,1,0.947265625,0.052734375,4.822436494578142e-06,3.244727849960327e-05,0.00018793344497680664,0.0,0.00012071552919223905,0.0,0.0,0.00028749427292495966,1.0,0.03632787987589836,0.0,1.0,1.0,0.0,1.0,0.0,0.0,,,,,,,,,,,,,,,,,,,0.96484375,50513.19140625,0.052734375,1.0,0.0,0.0,1
2,single,1,O,bert.encoder.layer.1.attention.output.dense,0.001,31,0,1,1,0.90625,0.09375,8.298953616758808e-06,3.734976053237915e-05,0.0002956762909889221,0.0,0.0001288911880692467,0.0,0.0,0.0003050272644031793,1.0,-0.09660456329584122,0.0,1.0,1.0,0.0,1.0,0.0,0.0,,,,,,,,,,,,,,,,,,,0.958984375,68323.3671875,0.09375,1.0,0.0,0.0,1
2,single,1,FFN1,bert.encoder.layer.1.intermediate.dense,0.001,31,0,1,1,0.9765625,0.0234375,2.7510407107911306e-06,3.802403807640076e-05,0.00019304826855659485,0.0,0.0001240996498381719,0.0,0.0,0.00022920817718841136,1.0,0.08432101458311081,0.0,1.0,1.0,0.0,1.0,0.0,0.0,,,,,,,,,,,,,,,,,,,0.982421875,43999.140625,0.0234375,1.0,0.0,0.0,1
2,single,1,FFN2,bert.encoder.layer.1.output.dense,0.001,31,0,1,1,0.986328125,0.013671875,1.896582034532912e-06,9.693950414657593e-05,0.00020976737141609192,0.0,9.786205919226632e-05,0.0,0.0,0.000187545403605327,1.0,0.013365225866436958,0.0,1.0,1.0,0.0,1.0,0.0,0.0,,,,,,,,,,,,,,,,,,,0.9921875,38115.0703125,0.013671875,1.0,0.0,0.0,1
2,single,2,Q,bert.encoder.layer.2.attention.self.query,0.001,31,0,1,1,0.974609375,0.025390625,4.412237103679217e-06,0.00010133534669876099,0.00033082813024520874,0.0,0.00017170504725072533,0.0,0.0,0.00015589920803904533,1.0,-0.0024891484063118696,0.0,1.0,1.0,0.0,1.0,0.0,0.0,,,,,,,,,,,,,,,,,,,0.984375,66404.0390625,0.025390625,1.0,0.0,0.0,1
2,single,2,K,bert.encoder.layer.2.attention.self.key,0.001,31,0,1,1,0.984375,0.015625,2.5755307433428243e-06,6.884336471557617e-05,0.00032144784927368164,0.0,0.00012359894753899425,0.0,0.0,0.00015360051474999636,1.0,-0.3140224814414978,0.0,1.0,1.0,0.0,1.0,0.0,0.0,,,,,,,,,,,,,,,,,,,0.99609375,51463.359375,0.015625,1.0,0.0,0.0,1
2,single,2,V,bert.encoder.layer.2.attention.self.value,0.001,31,0,1,1,0.921875,0.078125,6.212749212863855e-06,1.341104507446289e-07,0.00017993320943787694,0.0,0.00011228176299482584,0.0,0.0,0.0004068323178216815,1.0,0.034835152328014374,0.0,1.0,1.0,0.0,1.0,0.0,0.0,,,,,,,,,,,,,,,,,,,0.95703125,55935.79296875,0.078125,1.0,0.0,0.0,1
2,single,2,O,bert.encoder.layer.2.attention.output.dense,0.001,31,0,1,1,0.896484375,0.103515625,8.17411273601465e-06,1.8050894141197205e-05,0.00017245206981897354,2.1029802155680954e-05,0.00011086167069151998,0.0,0.0,0.0004417496675159782,1.0,0.13461440801620483,0.0,1.0,1.0,0.0,1.0,0.0,0.0,,,,,,,,,,,,,,,,,,,0.935546875,61127.28125,0.103515625,1.0,0.0,0.0,1
2,single,2,FFN1,bert.encoder.layer.2.intermediate.dense,0.001,31,0,1,1,0.98046875,0.01953125,2.4554065021220595e-06,6.575882434844971e-05,0.00019234418869018555,0.0,0.00011773940059356391,0.0,0.0,0.0002293107972946018,1.0,0.13533446192741394,0.0,1.0,1.0,0.0,1.0,0.0,0.0,,,,,,,,,,,,,,,,,,,0.982421875,42129.59765625,0.01953125,1.0,0.0,0.0,1
2,single,2,FFN2,bert.encoder.layer.2.output.dense,0.001,31,0,1,1,0.98828125,0.01171875,1.7051947907020804e-06,8.06078314781189e-05,0.00020437687635421753,0.0,7.174214988481253e-05,0.0,0.0,0.00018747017020359635,1.0,-0.032960548996925354,0.0,1.0,1.0,0.0,1.0,0.0,0.0,,,,,,,,,,,,,,,,,,,0.99609375,37267.4375,0.01171875,0.8900146484375,0.0,0.0,1
2,single,3,Q,bert.encoder.layer.3.attention.self.query,0.001,31,0,1,1,0.97265625,0.02734375,4.371124305180274e-06,7.63963907957077e-05,0.00034855306148529053,0.0,0.0001680957939242944,0.0,0.0,0.00018908697529695928,1.0,0.03399064019322395,0.0,1.0,1.0,0.0,1.0,0.0,0.0,,,,,,,,,,,,,,,,,,,0.984375,65485.7890625,0.02734375,1.0,0.0,0.0,1
2,single,3,K,bert.encoder.layer.3.attention.self.key,0.001,31,0,1,1,0.9765625,0.0234375,2.7814003260573372e-06,5.980581045150757e-05,0.00018733739852905273,0.0,0.00014564426965080202,0.0,0.0,0.0001580987882334739,1.0,-0.010840913280844688,0.0,1.0,1.0,0.0,1.0,0.0,0.0,,,,,,,,,,,,,,,,,,,0.98828125,44399.91796875,0.0234375,1.0,0.0,0.0,1
2,single,3,V,bert.encoder.layer.3.attention.self.value,0.001,31,0,1,1,0.9375,0.0625,6.700769063172629e-06,5.072541534900665e-05,0.00019679218530654907,0.0,0.0001365596108371392,0.0,0.0,0.0004321085871197283,1.0,0.04224778711795807,0.0,1.0,1.0,0.0,1.0,0.0,0.0,,,,,,,,,,,,,,,,,,,0.966796875,63763.625,0.0625,1.0,0.0,0.0,1
2,single,3,O,bert.encoder.layer.3.attention.output.dense,0.001,31,0,1,1,0.921875,0.078125,6.501149073301349e-06,1.6948208212852478e-05,0.00021769851446151733,0.0,0.00012158630124758929,0.0,0.0,0.00048401899402961135,1.0,0.06490322202444077,0.0,1.0,1.0,0.0,1.0,0.0,0.0,,,,,,,,,,,,,,,,,,,0.951171875,59053.5,0.078125,1.0,0.0,0.0,1
2,single,3,FFN1,bert.encoder.layer.3.intermediate.dense,0.001,31,0,1,1,0.96875,0.03125,3.619125436671311e-06,5.8595091104507446e-05,0.00017288140952587128,0.0,0.00013706341269426048,0.0,0.0,0.0002834307379089296,1.0,0.12638230621814728,0.0,1.0,1.0,0.0,1.0,0.0,0.0,,,,,,,,,,,,,,,,,,,0.982421875,48670.046875,0.03125,1.0,0.0,0.0,1
2,single,3,FFN2,bert.encoder.layer.3.output.dense,0.001,31,0,1,1,0.974609375,0.025390625,3.6199921851221006e-06,6.817653775215149e-05,0.0002161506563425064,0.0,0.00015017541591078043,0.0,0.0,0.00021688564447686076,1.0,-0.041549619287252426,0.0,1.0,1.0,0.0,1.0,0.0,0.0,,,,,,,,,,,,,,,,,,,0.984375,54009.7421875,0.025390625,1.0,0.0,0.0,1
2,single,4,Q,bert.encoder.layer.4.attention.self.query,0.001,31,0,1,1,0.98046875,0.01953125,3.1584595490130596e-06,0.00011056847870349884,0.00021242350339889526,0.0,0.00013330683577805758,0.0,0.0,0.000211147460504435,1.0,-0.2409975826740265,0.0,1.0,1.0,0.0,1.0,0.0,0.0,,,,,,,,,,,,,,,,,,,0.998046875,52595.8125,0.01953125,1.0,0.0,0.0,1
2,single,4,K,bert.encoder.layer.4.attention.self.key,0.001,31,0,1,1,0.962890625,0.037109375,4.387858552945545e-06,8.367002010345459e-06,0.00022179633378982544,0.0,0.00015480733418371528,0.0,0.0,0.00017455295892432332,1.0,0.007742462679743767,0.0,1.0,1.0,0.0,1.0,0.0,0.0,,,,,,,,,,,,,,,,,,,0.984375,56854.01953125,0.037109375,1.0,0.0,0.0,1
2,single,4,V,bert.encoder.layer.4.attention.self.value,0.001,31,0,1,1,0.955078125,0.044921875,5.486717327585211e-06,6.569549441337585e-05,0.00018968433141708374,0.0,0.00013832392869517207,0.0,0.0,0.000409255619160831,1.0,0.020030979067087173,0.0,1.0,1.0,0.0,1.0,0.0,0.0,,,,,,,,,,,,,,,,,,,0.974609375,60221.578125,0.044921875,1.0,0.0,0.0,1
2,single,4,O,bert.encoder.layer.4.attention.output.dense,0.001,31,0,1,1,0.93359375,0.06640625,7.03078103470034e-06,3.948807716369629e-05,0.00017984723672270775,0.0,0.00014125040615908802,0.0,0.0,0.0004505716497078538,1.0,0.05563927814364433,0.0,1.0,1.0,0.0,1.0,0.0,0.0,,,,,,,,,,,,,,,,,,,0.9609375,64704.76953125,0.06640625,1.0,0.0,0.0,1
2,single,4,FFN1,bert.encoder.layer.4.intermediate.dense,0.001,31,0,1,1,0.982421875,0.017578125,2.2911963242222555e-06,6.548687815666199e-05,0.00018490105867385864,0.0,0.00012460765719879419,0.0,0.0,0.0002564543392509222,1.0,-0.007720222696661949,0.0,1.0,1.0,0.0,1.0,0.0,0.0,,,,,,,,,,,,,,,,,,,0.98828125,40697.375,0.017578125,1.0,0.0,0.0,1
2,single,4,FFN2,bert.encoder.layer.4.output.dense,0.001,31,0,1,1,0.984375,0.015625,2.2936710593057796e-06,7.80150294303894e-05,0.00023223459720611572,0.0,0.00010713769734138623,0.0,0.0,0.00025661272229626775,1.0,0.016370758414268494,0.0,1.0,1.0,0.0,1.0,0.0,0.0,,,,,,,,,,,,,,,,,,,0.98828125,43933.0546875,0.015625,1.0,0.0,0.0,1
2,single,5,Q,bert.encoder.layer.5.attention.self.query,0.001,31,0,1,1,0.984375,0.015625,2.0841262085014023e-06,7.49826431274414e-05,0.000243455171585083,0.0,0.00010570821905275807,0.0,0.0,0.00019605564011726528,1.0,0.001814284478314221,0.0,1.0,1.0,0.0,1.0,0.0,0.0,,,,,,,,,,,,,,,,,,,0.9921875,40401.09765625,0.015625,1.0,0.0,0.0,1
2,single,5,K,bert.encoder.layer.5.attention.self.key,0.001,31,0,1,1,0.974609375,0.025390625,3.4348913686699234e-06,4.712492227554321e-05,0.0002347007393836975,0.0,0.00013688381295651197,0.0,0.0,0.00020911538740620017,1.0,0.049841150641441345,0.0,1.0,1.0,0.0,1.0,0.0,0.0,,,,,,,,,,,,,,,,,,,0.984375,51080.87109375,0.025390625,1.0,0.0,0.0,1
2,single,5,V,bert.encoder.layer.5.attention.self.value,0.001,31,0,1,1,0.95703125,0.04296875,4.9890986701939255e-06,4.333816468715668e-05,0.000255080230999738,0.0,0.00013763630704488605,0.0,0.0,0.00037873766268603504,1.0,-0.01897822692990303,0.0,1.0,1.0,0.0,1.0,0.0,0.0,,,,,,,,,,,,,,,,,,,0.982421875,58722.30859375,0.04296875,1.0,0.0,0.0,1
2,single,5,O,bert.encoder.layer.5.attention.output.dense,0.001,31,0,1,1,0.95703125,0.04296875,3.980626388511155e-06,5.626119673252106e-06,0.00017604976892471313,0.0,0.00011594511306611821,0.0,0.0,0.0004734839894808829,1.0,0.06274417787790298,0.0,1.0,1.0,0.0,1.0,0.0,0.0,,,,,,,,,,,,,,,,,,,0.9765625,46484.421875,0.04296875,1.0,0.0,0.0,1
2,single,5,FFN1,bert.encoder.layer.5.intermediate.dense,0.001,31,0,1,1,0.9765625,0.0234375,2.698851858440321e-06,5.885213613510132e-05,0.0001802295446395874,0.0,0.0001215191077790223,0.0,0.0,0.0003209920250810683,1.0,0.026502449065446854,0.0,1.0,1.0,0.0,1.0,0.0,0.0,,,,,,,,,,,,,,,,,,,0.986328125,41702.9375,0.0234375,1.0,0.0,0.0,1
2,single,5,FFN2,bert.encoder.layer.5.output.dense,0.001,31,0,1,1,0.98046875,0.01953125,2.8464721708587604e-06,7.13244080543518e-05,0.00019787997007369995,0.0,0.00013239559484645724,0.0,0.0,0.00024201959604397416,1.0,0.01656654104590416,0.0,1.0,1.0,0.0,1.0,0.0,0.0,,,,,,,,,,,,,,,,,,,0.98828125,47996.7890625,0.01953125,1.0,0.0,0.0,1
2,single,6,Q,bert.encoder.layer.6.attention.self.query,0.001,31,0,1,1,0.966796875,0.033203125,5.069598046247847e-06,3.265589475631714e-05,0.00029976852238178253,0.0,0.0001829039683798328,0.0,0.0,0.00020608371414709836,1.0,-0.10046020895242691,0.0,1.0,1.0,0.0,1.0,0.0,0.0,,,,,,,,,,,,,,,,,,,0.9765625,68641.2734375,0.033203125,1.0,0.0,0.0,1
2,single,6,K,bert.encoder.layer.6.attention.self.key,0.001,31,0,1,1,0.974609375,0.025390625,3.7332927149691386e-06,7.652491331100464e-05,0.00021215900778770447,0.0,0.0001617662637727335,0.0,0.0,0.000246372859692201,1.0,0.02708631195127964,0.0,1.0,1.0,0.0,1.0,0.0,0.0,,,,,,,,,,,,,,,,,,,0.98828125,55277.453125,0.025390625,1.0,0.0,0.0,1
2,single,6,V,bert.encoder.layer.6.attention.self.value,0.001,31,0,1,1,0.931640625,0.068359375,7.446841209457489e-06,3.316998481750488e-05,0.0003056265413761139,0.0,0.00015454583626706153,0.0,0.0,0.000505652220454067,1.0,0.12754899263381958,0.0,1.0,1.0,0.0,1.0,0.0,0.0,,,,,,,,,,,,,,,,,,,0.958984375,71740.8203125,0.068359375,1.0,0.0,0.0,1
2,single,6,O,bert.encoder.layer.6.attention.output.dense,0.001,31,0,1,1,0.939453125,0.060546875,6.4996725086530205e-06,2.1710991859436035e-05,0.00026010721921920776,0.0,0.00014491495676338673,0.0,0.0,0.0005411164020188153,1.0,-0.00937139242887497,0.0,1.0,1.0,0.0,1.0,0.0,0.0,,,,,,,,,,,,,,,,,,,0.962890625,66171.578125,0.060546875,1.0,0.0,0.0,1
2,single,6,FFN1,bert.encoder.layer.6.intermediate.dense,0.001,31,0,1,1,0.95703125,0.04296875,4.807950517715653e-06,4.344061017036438e-05,0.00018721818923950195,0.0,0.00014045703574083745,0.0,0.0,0.00033718434860929847,1.0,-0.054999906569719315,0.0,1.0,1.0,0.0,1.0,0.0,0.0,,,,,,,,,,,,,,,,,,,0.9765625,55448.24609375,0.04296875,1.0,0.0,0.0,1
2,single,6,FFN2,bert.encoder.layer.6.output.dense,0.001,31,0,1,1,0.978515625,0.021484375,3.2241041481029242e-06,3.431178629398346e-05,0.0002267584204673767,0.0,0.00016935062012635171,0.0,0.0,0.00027572637191042304,1.0,-0.0014588710619136691,0.0,1.0,1.0,0.0,1.0,0.0,0.0,,,,,,,,,,,,,,,,,,,0.98828125,53165.6328125,0.021484375,1.0,0.0,0.0,1
2,single,7,Q,bert.encoder.layer.7.attention.self.query,0.001,31,0,1,1,0.982421875,0.017578125,2.3171464818005916e-06,5.509704351425171e-05,0.00023698806762695312,0.0,0.0001310978550463915,0.0,0.0,0.00021313074103090912,1.0,0.04647861793637276,0.0,1.0,1.0,0.0,1.0,0.0,0.0,,,,,,,,,,,,,,,,,,,0.98828125,42742.49609375,0.017578125,1.0,0.0,0.0,1
2,single,7,K,bert.encoder.layer.7.attention.self.key,0.001,31,0,1,1,0.974609375,0.025390625,3.1944191505317576e-06,4.7653913497924805e-05,0.0001924671232700348,0.0,0.00014920490502845496,0.0,0.0,0.0002193006657762453,1.0,0.06540916860103607,0.0,1.0,1.0,0.0,1.0,0.0,0.0,,,,,,,,,,,,,,,,,,,0.982421875,47939.15234375,0.025390625,1.0,0.0,0.0,1
2,single,7,V,bert.encoder.layer.7.attention.self.value,0.001,31,0,1,1,0.95703125,0.04296875,4.590988282870967e-06,3.35201621055603e-05,0.00022730231285095215,0.0,0.00013198753003962338,0.0,0.0,0.0005015202332288027,1.0,0.017314765602350235,0.0,1.0,1.0,0.0,1.0,0.0,0.0,,,,,,,,,,,,,,,,,,,0.97265625,54489.81640625,0.04296875,1.0,0.0,0.0,1
2,single,7,O,bert.encoder.layer.7.attention.output.dense,0.001,31,0,1,1,0.9609375,0.0390625,4.235449523548596e-06,2.2848136723041534e-05,0.00018831714987754822,0.0,0.00013059480988886207,0.0,0.0,0.0005301713827066123,1.0,0.025457577779889107,0.0,1.0,1.0,0.0,1.0,0.0,0.0,,,,,,,,,,,,,,,,,,,0.978515625,51758.08984375,0.0390625,1.0,0.0,0.0,1
2,single,7,FFN1,bert.encoder.layer.7.intermediate.dense,0.001,31,0,1,1,0.955078125,0.044921875,5.1850429372279905e-06,4.201382398605347e-05,0.00020909681916236877,0.0,0.0001478970516473055,0.0,0.0,0.0003540939942467958,1.0,0.11410638689994812,0.0,1.0,1.0,0.0,1.0,0.0,0.0,,,,,,,,,,,,,,,,,,,0.966796875,58745.734375,0.044921875,1.0,0.0,0.0,1
2,single,7,FFN2,bert.encoder.layer.7.output.dense,0.001,31,0,1,1,0.974609375,0.025390625,3.563571226550266e-06,7.701665163040161e-05,0.00022611767053604126,0.0,0.0001457936887163669,0.0,0.0,0.00032859586644917727,1.0,0.18267425894737244,0.0,1.0,1.0,0.0,1.0,0.0,0.0,,,,,,,,,,,,,,,,,,,0.978515625,52613.47265625,0.025390625,1.0,0.0,0.0,1
2,single,8,Q,bert.encoder.layer.8.attention.self.query,0.001,31,0,1,1,0.982421875,0.017578125,2.399718141532503e-06,8.155405521392822e-05,0.00022331438958644867,0.0,0.00012178999895695597,0.0,0.0,0.00030153203988447785,1.0,-0.015882693231105804,0.0,1.0,1.0,0.0,1.0,0.0,0.0,,,,,,,,,,,,,,,,,,,0.986328125,42834.0390625,0.017578125,1.0,0.0,0.0,1
2,single,8,K,bert.encoder.layer.8.attention.self.key,0.001,31,0,1,1,0.9765625,0.0234375,3.3954624996113125e-06,3.618001937866211e-05,0.00037025660276412964,0.0,0.00012656742183025926,0.0,0.0,0.0002577236737124622,1.0,-0.10331916064023972,0.0,1.0,1.0,0.0,1.0,0.0,0.0,,,,,,,,,,,,,,,,,,,0.9921875,56914.046875,0.0234375,1.0,0.0,0.0,1
2,single,8,V,bert.encoder.layer.8.attention.self.value,0.001,31,0,1,1,0.947265625,0.052734375,6.846262294857297e-06,3.993511199951172e-05,0.00030074315145611763,0.0,0.00015746461576782167,0.0,0.0,0.0004988243454135954,1.0,0.18884874880313873,0.0,1.0,1.0,0.0,1.0,0.0,0.0,,,,,,,,,,,,,,,,,,,0.97265625,72166.5078125,0.052734375,1.0,0.0,0.0,1
2,single,8,O,bert.encoder.layer.8.attention.output.dense,0.001,31,0,1,1,0.9140625,0.0859375,8.288992830784991e-06,3.127008676528931e-05,0.00016339123249053955,0.0,0.00013857384328730404,0.0,0.0,0.0005939020775258541,1.0,0.008052801713347435,0.0,1.0,1.0,0.0,1.0,0.0,0.0,,,,,,,,,,,,,,,,,,,0.947265625,67559.5859375,0.0859375,1.0,0.0,0.0,1
2,single,8,FFN1,bert.encoder.layer.8.intermediate.dense,0.001,31,0,1,1,0.974609375,0.025390625,3.1130393836065196e-06,6.11916184425354e-05,0.00018841028213500977,0.0,0.0001294304965995252,0.0,0.0,0.0003864251193590462,1.0,0.2936744689941406,0.0,1.0,1.0,0.0,1.0,0.0,0.0,,,,,,,,,,,,,,,,,,,0.978515625,46033.50390625,0.025390625,1.0,0.0,0.0,1
2,single,8,FFN2,bert.encoder.layer.8.output.dense,0.001,31,0,1,1,0.96484375,0.03515625,4.644046384782996e-06,8.550472557544708e-05,0.00017651915550231934,0.0,0.00015063543105497956,0.0,0.0,0.0003024805337190628,1.0,0.0365370437502861,0.0,1.0,1.0,0.0,1.0,0.0,0.0,,,,,,,,,,,,,,,,,,,0.98046875,57303.38671875,0.03515625,1.0,0.0,0.0,1
2,single,9,Q,bert.encoder.layer.9.attention.self.query,0.001,31,0,1,1,0.98046875,0.01953125,2.394526745774783e-06,4.748255014419556e-05,0.0001831240952014923,0.0,0.00011424011609051377,0.0,0.0,0.0002631833194755018,1.0,0.01958361268043518,0.0,1.0,1.0,0.0,1.0,0.0,0.0,,,,,,,,,,,,,,,,,,,0.986328125,41234.90234375,0.01953125,1.0,0.0,0.0,1
2,single,9,K,bert.encoder.layer.9.attention.self.key,0.001,31,0,1,1,0.974609375,0.025390625,4.2362908061477356e-06,7.31535255908966e-05,0.000280061736702919,0.0,0.0001798346929717809,0.0,0.0,0.00023838873312342912,1.0,0.048576321452856064,0.0,1.0,1.0,0.0,1.0,0.0,0.0,,,,,,,,,,,,,,,,,,,0.984375,63261.12109375,0.025390625,1.0,0.0,0.0,1
2,single,9,V,bert.encoder.layer.9.attention.self.value,0.001,31,0,1,1,0.96484375,0.03515625,4.285044724383624e-06,7.439404726028442e-05,0.00018621236085891724,0.0,0.00014039213419891894,0.0,0.0,0.0005912368651479483,1.0,-0.007210437208414078,0.0,1.0,1.0,0.0,1.0,0.0,0.0,,,,,,,,,,,,,,,,,,,0.98046875,53639.22265625,0.03515625,1.0,0.0,0.0,1
2,single,9,O,bert.encoder.layer.9.attention.output.dense,0.001,31,0,1,1,0.94921875,0.05078125,5.025037353334483e-06,2.9101967811584473e-05,0.0002012699842453003,0.0,0.00013057068281341344,0.0,0.0,0.0006071667303331196,1.0,0.07752057164907455,0.0,1.0,1.0,0.0,1.0,0.0,0.0,,,,,,,,,,,,,,,,,,,0.96875,53960.01953125,0.05078125,1.0,0.0,0.0,1
2,single,9,FFN1,bert.encoder.layer.9.intermediate.dense,0.001,31,0,1,1,0.974609375,0.025390625,3.488884431135375e-06,5.982816219329834e-05,0.00026108045130968094,0.0,0.00014603963063564152,0.0,0.0,0.00034921051701530814,1.0,-0.10992283374071121,0.0,1.0,1.0,0.0,1.0,0.0,0.0,,,,,,,,,,,,,,,,,,,0.984375,52861.9453125,0.025390625,1.0,0.0,0.0,1
2,single,9,FFN2,bert.encoder.layer.9.output.dense,0.001,31,0,1,1,0.978515625,0.021484375,2.699676315387478e-06,4.557520151138306e-05,0.00022599846124649048,0.0,0.0001205566295539029,0.0,0.0,0.00029621232533827424,1.0,0.07900044322013855,0.0,1.0,1.0,0.0,1.0,0.0,0.0,,,,,,,,,,,,,,,,,,,0.986328125,44990.31640625,0.021484375,1.0,0.0,0.0,1
2,single,10,Q,bert.encoder.layer.10.attention.self.query,0.001,31,0,1,1,0.978515625,0.021484375,3.4275008147233166e-06,9.164959192276001e-05,0.00024058669805526733,0.0,0.0001517800847068429,0.0,0.0,0.00028192950412631035,1.0,0.06427910178899765,0.0,1.0,1.0,0.0,1.0,0.0,0.0,,,,,,,,,,,,,,,,,,,0.982421875,54552.390625,0.021484375,1.0,0.0,0.0,1
2,single,10,K,bert.encoder.layer.10.attention.self.key,0.001,31,0,1,1,0.978515625,0.021484375,3.1003310141386464e-06,5.112215876579285e-05,0.00019638612866401672,0.0,0.0001562541292514652,0.0,0.0,0.0002687356900423765,1.0,0.04059712216258049,0.0,1.0,1.0,0.0,1.0,0.0,0.0,,,,,,,,,,,,,,,,,,,0.986328125,50062.859375,0.021484375,1.0,0.0,0.0,1
2,single,10,V,bert.encoder.layer.10.attention.self.value,0.001,31,0,1,1,0.962890625,0.037109375,4.162005552643677e-06,5.866214632987976e-05,0.00021144747734069824,0.0,0.00012953413533978164,0.0,0.0,0.00046604889212176204,1.0,0.11279318481683731,0.0,1.0,1.0,0.0,1.0,0.0,0.0,,,,,,,,,,,,,,,,,,,0.974609375,52321.87109375,0.037109375,1.0,0.0,0.0,1
2,single,10,O,bert.encoder.layer.10.attention.output.dense,0.001,31,0,1,1,0.95703125,0.04296875,4.881635504716542e-06,2.0459294319152832e-05,0.00016763806343078613,0.0,0.000146012898767367,0.0,0.0,0.0004983865655958652,1.0,0.13100694119930267,0.0,1.0,1.0,0.0,1.0,0.0,0.0,,,,,,,,,,,,,,,,,,,0.97265625,56053.984375,0.04296875,1.0,0.0,0.0,1
2,single,10,FFN1,bert.encoder.layer.10.intermediate.dense,0.001,31,0,1,1,0.97265625,0.02734375,3.7190839066170156e-06,5.333125591278076e-05,0.0001948326826095581,0.0,0.000147159633343108,0.0,0.0,0.0003578542382456362,1.0,0.14294463396072388,0.0,1.0,1.0,0.0,1.0,0.0,0.0,,,,,,,,,,,,,,,,,,,0.982421875,52426.1796875,0.02734375,1.0,0.0,0.0,1
2,single,10,FFN2,bert.encoder.layer.10.output.dense,0.001,31,0,1,1,0.978515625,0.021484375,2.629019036248792e-06,2.917647361755371e-05,0.00016612932085990906,0.0,0.00012428998888935894,0.0,0.0,0.0002913178177550435,1.0,0.08371128886938095,0.0,1.0,1.0,0.0,1.0,0.0,0.0,,,,,,,,,,,,,,,,,,,0.990234375,42360.875,0.021484375,1.0,0.0,0.0,1
2,single,11,Q,bert.encoder.layer.11.attention.self.query,0.001,31,0,1,1,0.994140625,0.005859375,7.823546184226871e-07,7.846206426620483e-05,0.0001661144196987152,0.0,0.0,0.0,0.0,0.00021830349578522146,1.0,0.02231524884700775,0.0,1.0,1.0,0.0,1.0,0.0,0.0,,,,,,,,,,,,,,,,,,,0.99609375,24100.392578125,0.005859375,0.0,0.0,0.0,1
2,single,11,K,bert.encoder.layer.11.attention.self.key,0.001,31,0,1,1,0.984375,0.015625,1.855863956734538e-06,6.023794412612915e-05,0.0001797713339328766,0.0,9.702774696052074e-05,0.0,0.0,0.00018266435654368252,1.0,-0.010335268452763557,0.0,1.0,1.0,0.0,1.0,0.0,0.0,,,,,,,,,,,,,,,,,,,0.994140625,35321.5859375,0.015625,1.0,0.0,0.0,1
2,single,11,V,bert.encoder.layer.11.attention.self.value,0.001,31,0,1,1,0.974609375,0.025390625,3.551744157448411e-06,6.502121686935425e-05,0.0001945197582244873,0.0,0.00015906330372672528,0.0,0.0,0.00038228731136769056,1.0,0.018470562994480133,0.0,1.0,1.0,0.0,1.0,0.0,0.0,,,,,,,,,,,,,,,,,,,0.990234375,51971.9453125,0.025390625,1.0,0.0,0.0,1
2,single,11,O,bert.encoder.layer.11.attention.output.dense,0.001,31,0,1,1,0.9609375,0.0390625,4.259787601768039e-06,3.986060619354248e-05,0.00017446652054786682,0.0,0.00014232484681997448,0.0,0.0,0.0004977260832674801,1.0,-0.03798366338014603,0.0,1.0,1.0,0.0,1.0,0.0,0.0,,,,,,,,,,,,,,,,,,,0.9765625,51728.38671875,0.0390625,1.0,0.0,0.0,1
2,single,11,FFN1,bert.encoder.layer.11.intermediate.dense,0.001,31,0,1,1,0.98828125,0.01171875,1.4106444723438472e-06,3.764033317565918e-05,0.00019335001707077026,0.0,3.350044789840467e-05,0.0,0.0,0.00040645734407007694,1.0,0.24464847147464752,0.0,1.0,1.0,0.0,1.0,0.0,0.0,,,,,,,,,,,,,,,,,,,0.9921875,32567.689453125,0.01171875,0.8900146484375,0.0,0.0,1
2,single,11,FFN2,bert.encoder.layer.11.output.dense,0.001,31,0,1,1,0.96875,0.03125,3.7798902212671237e-06,5.062296986579895e-05,0.00020637363195419312,0.0,0.00013033172581344843,0.0,0.001953125,0.0003348470199853182,1.0,0.12433400005102158,0.0,1.0,1.0,0.0,1.0,0.0,0.0,,,,,,,,,,,,,,,,,,,0.982421875,50801.18359375,0.03125,1.0,0.0,0.0,1
3,single,0,Q,bert.encoder.layer.0.attention.self.query,0.001,31,0,1,1,0.984375,0.015625,2.2312774490274023e-06,8.724629878997803e-06,0.00034915655851364136,0.0,8.985978638520464e-05,0.0,0.0,0.00013915720046497881,1.0,-0.014130019582808018,0.0,1.0,1.0,0.0,1.0,0.0,0.0,,,,,,,,,,,,,,,,,,,0.994140625,48349.15234375,0.015625,1.0,0.0,0.0,1
3,single,0,K,bert.encoder.layer.0.attention.self.key,0.001,31,0,1,1,0.98828125,0.01171875,2.5313502192148007e-06,2.911686897277832e-05,0.0004975534975528717,0.0,2.591443990240805e-05,0.0,0.0,0.00013728132762480527,1.0,0.08214534819126129,0.0,1.0,1.0,0.0,1.0,0.0,0.0,,,,,,,,,,,,,,,,,,,0.9921875,63739.62890625,0.01171875,0.8900146484375,0.0,0.0,1
3,single,0,V,bert.encoder.layer.0.attention.self.value,0.001,31,0,1,1,0.9296875,0.0703125,6.35711739960243e-06,1.9975006580352783e-05,0.00017170608043670654,0.0,0.00012033688108203933,0.0,0.0,0.00035693251993507147,1.0,0.08744395524263382,0.0,1.0,1.0,0.0,1.0,0.0,0.0,,,,,,,,,,,,,,,,,,,0.962890625,57836.3828125,0.0703125,1.0,0.0,0.0,1
3,single,0,O,bert.encoder.layer.0.attention.output.dense,0.001,31,0,1,1,0.92578125,0.07421875,6.993588613113388e-06,3.038346767425537e-05,0.00020939484238624573,0.0,0.00012706649431493133,0.0,0.0,0.00040859432192519307,1.0,0.024812204763293266,0.0,1.0,1.0,0.0,1.0,0.0,0.0,,,,,,,,,,,,,,,,,,,0.966796875,62890.03125,0.07421875,1.0,0.0,0.0,1
3,single,0,FFN1,bert.encoder.layer.0.intermediate.dense,0.001,31,0,1,1,0.970703125,0.029296875,3.953886334784329e-06,5.7056546211242676e-05,0.00034053530544042587,0.0,0.0001498745259596035,0.0,0.0,0.0002500941336620599,1.0,-0.07590741664171219,0.0,1.0,1.0,0.0,1.0,0.0,0.0,,,,,,,,,,,,,,,,,,,0.98828125,58894.96484375,0.029296875,1.0,0.0,0.0,1
3,single,0,FFN2,bert.encoder.layer.0.output.dense,0.001,31,0,1,1,0.982421875,0.017578125,2.9967977752676234e-06,9.108707308769226e-05,0.0003023110330104828,0.0,0.00014820195792708546,0.0,0.0,0.0002305319649167359,1.0,-0.1337786614894867,0.0,1.0,1.0,0.0,1.0,0.0,0.0,,,,,,,,,,,,,,,,,,,0.9921875,53649.6875,0.017578125,1.0,0.0,0.0,1
3,single,1,Q,bert.encoder.layer.1.attention.self.query,0.001,31,0,1,1,0.9765625,0.0234375,3.591188033169601e-06,3.3192336559295654e-05,0.0003672924358397722,0.0,0.0001521888916613534,0.0,0.0,0.00031373166712000966,1.0,-0.07328594475984573,0.0,1.0,1.0,0.0,1.0,0.0,0.0,,,,,,,,,,,,,,,,,,,0.98828125,61506.8671875,0.0234375,1.0,0.0,0.0,1
3,single,1,K,bert.encoder.layer.1.attention.self.key,0.001,31,0,1,1,0.984375,0.015625,2.5251902115996927e-06,7.614865899085999e-05,0.0002669394016265869,0.0,0.0001105709234252572,0.0,0.0,0.00020911061437800527,1.0,0.01214574184268713,0.0,1.0,1.0,0.0,1.0,0.0,0.0,,,,,,,,,,,,,,,,,,,0.9921875,49488.984375,0.015625,1.0,0.0,0.0,1
3,single,1,V,bert.encoder.layer.1.attention.self.value,0.001,31,0,1,1,0.9453125,0.0546875,4.856971827393863e-06,3.528408706188202e-05,0.00016687065362930298,0.0,0.00012322810653131455,0.0,0.0,0.00041037495248019695,1.0,0.05800636112689972,0.0,1.0,1.0,0.0,1.0,0.0,0.0,,,,,,,,,,,,,,,,,,,0.96484375,50790.80078125,0.0546875,1.0,0.0,0.0,1
3,single,1,O,bert.encoder.layer.1.attention.output.dense,0.001,31,0,1,1,0.912109375,0.087890625,8.593659913458396e-06,2.226792275905609e-05,0.0002690330147743225,0.0,0.0001468437840230763,0.0,0.0,0.0004685632302425802,1.0,0.10602781176567078,0.0,1.0,1.0,0.0,1.0,0.0,0.0,,,,,,,,,,,,,,,,,,,0.953125,71160.625,0.087890625,1.0,0.0,0.0,1
3,single,1,FFN1,bert.encoder.layer.1.intermediate.dense,0.001,31,0,1,1,0.966796875,0.033203125,3.4050979138555704e-06,4.519522190093994e-05,0.00026518278173170984,0.0,9.838043479248881e-05,0.0,0.0,0.00031800748547539115,1.0,0.4874180555343628,0.0,1.0,1.0,0.0,1.0,0.0,0.0,,,,,,,,,,,,,,,,,,,0.978515625,47696.578125,0.033203125,1.0,0.0,0.0,1
3,single,1,FFN2,bert.encoder.layer.1.output.dense,0.001,31,0,1,1,0.9765625,0.0234375,2.9841735340596642e-06,7.107481360435486e-05,0.00019257329404354095,0.0,0.00012385706941131502,0.0,0.0,0.0002446439175400883,1.0,0.08737660199403763,0.0,1.0,1.0,0.0,1.0,0.0,0.0,,,,,,,,,,,,,,,,,,,0.984375,45468.44140625,0.0234375,1.0,0.0,0.0,1
3,single,2,Q,bert.encoder.layer.2.attention.self.query,0.001,31,0,1,1,0.96875,0.03125,3.8725684134988114e-06,7.019191980361938e-05,0.0002147294580936432,0.0,0.00012706624693237245,0.0,0.0,0.00019888690439984202,1.0,0.07649804651737213,0.0,1.0,1.0,0.0,1.0,0.0,0.0,,,,,,,,,,,,,,,,,,,0.978515625,52281.7265625,0.03125,1.0,0.0,0.0,1
3,single,2,K,bert.encoder.layer.2.attention.self.key,0.001,31,0,1,1,0.982421875,0.017578125,2.627822141221259e-06,0.00011642556637525558,0.00020791590213775635,0.0,0.0001281184668187052,0.0,0.0,0.0001767538778949529,1.0,0.07855091243982315,0.0,1.0,1.0,0.0,1.0,0.0,0.0,,,,,,,,,,,,,,,,,,,0.990234375,45932.8671875,0.017578125,1.0,0.0,0.0,1
3,single,2,V,bert.encoder.layer.2.attention.self.value,0.001,31,0,1,1,0.900390625,0.099609375,7.758580068184528e-06,3.501772880554199e-07,0.0001412220299243927,0.0,0.00011798154446296394,0.0,0.0,0.000519059132784605,1.0,0.04220905154943466,0.0,1.0,1.0,0.0,1.0,0.0,0.0,,,,,,,,,,,,,,,,,,,0.943359375,59323.83203125,0.099609375,1.0,0.0,0.0,1
3,single,2,O,bert.encoder.layer.2.attention.output.dense,0.001,31,0,1,1,0.91015625,0.08984375,6.786502126487903e-06,5.40073961019516e-06,0.00011957064270973206,0.0,0.00010618544911267236,0.0,0.0,0.0005106098251417279,1.0,0.003983908798545599,0.0,1.0,1.0,0.0,1.0,0.0,0.0,,,,,,,,,,,,,,,,,,,0.951171875,54438.84765625,0.08984375,1.0,0.0,0.0,1
3,single,2,FFN1,bert.encoder.layer.2.intermediate.dense,0.001,31,0,1,1,0.970703125,0.029296875,3.3109606647485634e-06,2.0284205675125122e-05,0.00018354877829551697,0.0,0.00012570933904498816,0.0,0.0,0.00026573892682790756,1.0,0.14630888402462006,0.0,1.0,1.0,0.0,1.0,0.0,0.0,,,,,,,,,,,,,,,,,,,0.990234375,46381.5390625,0.029296875,1.0,0.0,0.0,1
3,single,2,FFN2,bert.encoder.layer.2.output.dense,0.001,31,0,1,1,0.978515625,0.021484375,3.079632733715698e-06,9.063445031642914e-05,0.0003102533519268036,0.0,0.00011939197429455817,0.0,0.0,0.00023993654758669436,1.0,0.07717426866292953,0.0,1.0,1.0,0.0,1.0,0.0,0.0,,,,,,,,,,,,,,,,,,,0.982421875,51302.41796875,0.021484375,1.0,0.0,0.0,1
3,single,3,Q,bert.encoder.layer.3.attention.self.query,0.001,31,0,1,1,0.98046875,0.01953125,2.4474247766193002e-06,7.31293112039566e-05,0.00015828385949134827,0.0,0.00011659524170681834,0.0,0.0,0.00022003211779519916,1.0,0.009610838256776333,0.0,1.0,1.0,0.0,1.0,0.0,0.0,,,,,,,,,,,,,,,,,,,0.98828125,40475.01171875,0.01953125,1.0,0.0,0.0,1
3,single,3,K,bert.encoder.layer.3.attention.self.key,0.001,31,0,1,1,0.984375,0.015625,1.985960807360243e-06,8.396990597248077e-05,0.00016992166638374329,0.0,0.00010507585102459416,0.0,0.0,0.00021745378035120666,1.0,0.04787983372807503,0.0,1.0,1.0,0.0,1.0,0.0,0.0,,,,,,,,,,,,,,,,,,,0.990234375,36696.8828125,0.015625,1.0,0.0,0.0,1
3,single,3,V,bert.encoder.layer.3.attention.self.value,0.001,31,0,1,1,0.953125,0.046875,5.116852662467863e-06,4.246830940246582e-06,0.0001658126711845398,0.0,0.00014363859372679144,0.0,0.0,0.0005032675107941031,1.0,-0.020490702241659164,0.0,1.0,1.0,0.0,1.0,0.0,0.0,,,,,,,,,,,,,,,,,,,0.9765625,56729.30859375,0.046875,1.0,0.0,0.0,1
3,single,3,O,bert.encoder.layer.3.attention.output.dense,0.001,31,0,1,1,0.88671875,0.11328125,1.1296835509710945e-05,1.2993812561035156e-05,0.00024701282382011414,4.976798300049268e-05,0.00015303643885999918,0.0,0.0,0.000616959878243506,1.0,0.09791787713766098,0.0,1.0,1.0,0.0,1.0,0.0,0.0,,,,,,,,,,,,,,,,,,,0.93359375,84165.0546875,0.11328125,1.0,0.0,0.0,1
3,single,3,FFN1,bert.encoder.layer.3.intermediate.dense,0.001,31,0,1,1,0.96484375,0.03515625,4.1676639739307575e-06,3.6247074604034424e-05,0.0003906507045030594,0.0,0.00012342898116912693,0.0,0.0,0.0006104767671786249,1.0,0.6460485458374023,1.3270851373672485,1.0,1.0,0.0,1.0,0.0,0.0,,,,,,,,,,,,,,,,,,,0.98046875,1.1814539432525635,0.03515625,1.0,0.0,0.0,1
3,single,3,FFN2,bert.encoder.layer.3.output.dense,0.001,31,0,1,1,0.978515625,0.021484375,2.7313599275657907e-06,7.132627069950104e-05,0.0001768115907907486,0.0,0.00012449821224436164,0.0,0.0,0.00023958685051184148,1.0,0.019134407863020897,0.0,1.0,1.0,0.0,1.0,0.0,0.0,,,,,,,,,,,,,,,,,,,0.990234375,43587.01171875,0.021484375,1.0,0.0,0.0,1
3,single,4,Q,bert.encoder.layer.4.attention.self.query,0.001,31,0,1,1,0.9765625,0.0234375,3.3361104669893393e-06,2.934783697128296e-05,0.0002663843333721161,0.0,0.000129717867821455,0.0,0.0,0.00026924771373160183,1.0,0.09206131100654602,0.0,1.0,1.0,0.0,1.0,0.0,0.0,,,,,,,,,,,,,,,,,,,0.98046875,53575.671875,0.0234375,1.0,0.0,0.0,1
3,single,4,K,bert.encoder.layer.4.attention.self.key,0.001,31,0,1,1,0.984375,0.015625,2.531705376895843e-06,8.146464824676514e-05,0.00023886561393737793,0.0,0.00010567464778432623,0.0,0.0,0.00022452996927313507,1.0,0.03393686190247536,0.0,1.0,1.0,0.0,1.0,0.0,0.0,,,,,,,,,,,,,,,,,,,0.9921875,48337.0,0.015625,1.0,0.0,0.0,1
3,single,4,V,bert.encoder.layer.4.attention.self.value,0.001,31,0,1,1,0.953125,0.046875,5.630941359413555e-06,1.6704201698303223e-05,0.00026525557041168213,0.0,0.00014338783512357622,0.0,0.0,0.0004288933123461902,1.0,0.009917881339788437,0.0,1.0,1.0,0.0,1.0,0.0,0.0,,,,,,,,,,,,,,,,,,,0.97265625,64127.34375,0.046875,1.0,0.0,0.0,1
3,single,4,O,bert.encoder.layer.4.attention.output.dense,0.001,31,0,1,1,0.935546875,0.064453125,6.123439561633859e-06,2.24430114030838e-05,0.00016589835286140442,0.0,0.0001244925952050835,0.0,0.0,0.00046848010970279574,1.0,0.031024297699332237,0.0,1.0,1.0,0.0,1.0,0.0,0.0,,,,,,,,,,,,,,,,,,,0.962890625,58102.31640625,0.064453125,1.0,0.0,0.0,1
3,single,4,FFN1,bert.encoder.layer.4.intermediate.dense,0.001,31,0,1,1,0.974609375,0.025390625,2.8113317966926843e-06,5.5732205510139465e-05,0.00019256025552749634,0.0,0.00011481904948595911,0.0,0.0,0.0003230413713026792,1.0,0.0432032085955143,0.0,1.0,1.0,0.0,1.0,0.0,0.0,,,,,,,,,,,,,,,,,,,0.982421875,42297.08203125,0.025390625,1.0,0.0,0.0,1
3,single,4,FFN2,bert.encoder.layer.4.output.dense,0.001,31,0,1,1,0.984375,0.015625,2.1267337615427095e-06,0.00010859500616788864,0.00018145889043807983,0.0,0.00012228640844114125,0.0,0.0,0.00028421563911251724,1.0,-0.026011059060692787,0.0,1.0,1.0,0.0,1.0,0.0,0.0,,,,,,,,,,,,,,,,,,,0.9921875,38950.87890625,0.015625,1.0,0.0,0.0,1
3,single,5,Q,bert.encoder.layer.5.attention.self.query,0.001,31,0,1,1,0.970703125,0.029296875,4.0480972529621795e-06,1.1828728020191193e-05,0.0002253316342830658,0.0,0.00015843646542634815,0.0,0.0,0.0002313445438630879,1.0,0.03026081807911396,0.0,1.0,1.0,0.0,1.0,0.0,0.0,,,,,,,,,,,,,,,,,,,0.978515625,56558.90625,0.029296875,1.0,0.0,0.0,1
3,single,5,K,bert.encoder.layer.5.attention.self.key,0.001,31,0,1,1,0.966796875,0.033203125,4.4921389417140745e-06,8.920207619667053e-05,0.00023502111434936523,0.0,0.0001392627600580454,0.0,0.0,0.00021921229199506342,1.0,0.060300201177597046,0.0,1.0,1.0,0.0,1.0,0.0,0.0,,,,,,,,,,,,,,,,,,,0.978515625,58210.94921875,0.033203125,1.0,0.0,0.0,1
3,single,5,V,bert.encoder.layer.5.attention.self.value,0.001,31,0,1,1,0.951171875,0.048828125,5.875935585208936e-06,3.306567668914795e-05,0.00019979197531938553,0.0,0.00015966496721375734,0.0,0.0,0.0004784428747370839,1.0,0.05493878573179245,0.0,1.0,1.0,0.0,1.0,0.0,0.0,,,,,,,,,,,,,,,,,,,0.970703125,63798.06640625,0.048828125,1.0,0.0,0.0,1
3,single,5,O,bert.encoder.layer.5.attention.output.dense,0.001,31,0,1,1,0.91015625,0.08984375,9.985171345761046e-06,3.4984201192855835e-05,0.00026563555002212524,0.0,0.00017603526066523045,0.0,0.0,0.000577057187911123,1.0,0.07309885323047638,0.0,1.0,1.0,0.0,1.0,0.0,0.0,,,,,,,,,,,,,,,,,,,0.94921875,82106.1875,0.08984375,1.0,0.0,0.0,1
3,single,5,FFN1,bert.encoder.layer.5.intermediate.dense,0.001,31,0,1,1,0.962890625,0.037109375,4.895453002973227e-06,5.676969885826111e-05,0.00026508700102567673,0.0,0.00015540880849584937,0.0,0.0,0.00038362876512110233,1.0,0.06953316181898117,0.0,1.0,1.0,0.0,1.0,0.0,0.0,,,,,,,,,,,,,,,,,,,0.97265625,61368.67578125,0.037109375,1.0,0.0,0.0,1
3,single,5,FFN2,bert.encoder.layer.5.output.dense,0.001,31,0,1,1,0.984375,0.015625,1.7885918168758508e-06,6.245076656341553e-05,0.0001652538776397705,0.0,7.048244879115373e-05,0.0,0.0,0.00030529333162121475,1.0,0.07270580530166626,0.0,1.0,1.0,0.0,1.0,0.0,0.0,,,,,,,,,,,,,,,,,,,0.986328125,34226.40234375,0.015625,1.0,0.0,0.0,1
3,single,6,Q,bert.encoder.layer.6.attention.self.query,0.001,31,0,1,1,0.9609375,0.0390625,4.784016709891148e-06,1.0887626558542252e-05,0.00020901113748550415,0.0,0.00017121480777859688,0.0,0.0,0.00022578857897315174,1.0,0.1139100193977356,0.0,1.0,1.0,0.0,1.0,0.0,0.0,,,,,,,,,,,,,,,,,,,0.97265625,60097.4375,0.0390625,1.0,0.0,0.0,1
3,single,6,K,bert.encoder.layer.6.attention.self.key,0.001,31,0,1,1,0.970703125,0.029296875,4.805733169632731e-06,5.846470594406128e-05,0.00025585293769836426,0.0,0.00018214235024061054,0.0,0.0,0.00027087097987532616,1.0,0.11277220398187637,0.0,1.0,1.0,0.0,1.0,0.0,0.0,,,,,,,,,,,,,,,,,,,0.986328125,67393.6015625,0.029296875,1.0,0.0,0.0,1
3,single,6,V,bert.encoder.layer.6.attention.self.value,0.001,31,0,1,1,0.94140625,0.05859375,6.719449174852343e-06,1.7651473172008991e-06,0.0002453533234074712,0.0,0.0001527899585198611,0.0,0.0,0.0006317626102827489,1.0,0.1306602507829666,0.0,1.0,1.0,0.0,1.0,0.0,0.0,,,,,,,,,,,,,,,,,,,0.9609375,68986.5859375,0.05859375,1.0,0.0,0.0,1
3,single,6,O,bert.encoder.layer.6.attention.output.dense,0.001,31,0,1,1,0.9140625,0.0859375,8.809334758552723e-06,1.5273690223693848e-06,0.000245116651058197,0.0,0.00015676426119171083,0.0,0.0,0.0005949781043455005,1.0,0.11303403973579407,0.0,1.0,1.0,0.0,1.0,0.0,0.0,,,,,,,,,,,,,,,,,,,0.94921875,74514.1484375,0.0859375,1.0,0.0,0.0,1
3,single,6,FFN1,bert.encoder.layer.6.intermediate.dense,0.001,31,0,1,1,0.966796875,0.033203125,4.0770114537735935e-06,3.410130739212036e-05,0.00019627809524536133,0.0,0.00015400114352814853,0.0,0.0,0.0003949152887798846,1.0,-0.04130801558494568,0.0,1.0,1.0,0.0,1.0,0.0,0.0,,,,,,,,,,,,,,,,,,,0.982421875,53904.08984375,0.033203125,1.0,0.0,0.0,1
3,single,6,FFN2,bert.encoder.layer.6.output.dense,0.001,31,0,1,1,0.978515625,0.021484375,3.4051554393954575e-06,9.315460920333862e-05,0.00020620226860046387,0.0,0.00017280523024965078,0.0,0.0,0.0003010959771927446,1.0,0.04712585359811783,0.0,1.0,1.0,0.0,1.0,0.0,0.0,,,,,,,,,,,,,,,,,,,0.986328125,54455.0703125,0.021484375,1.0,0.0,0.0,1
3,single,7,Q,bert.encoder.layer.7.attention.self.query,0.001,31,0,1,1,0.98046875,0.01953125,2.346266683161957e-06,3.3386051654815674e-05,0.000170193612575531,0.0,0.00011300599726382643,0.0,0.0,0.00021342055697459728,1.0,0.037004683166742325,0.0,1.0,1.0,0.0,1.0,0.0,0.0,,,,,,,,,,,,,,,,,,,0.98828125,40101.84375,0.01953125,1.0,0.0,0.0,1
3,single,7,K,bert.encoder.layer.7.attention.self.key,0.001,31,0,1,1,0.970703125,0.029296875,3.473407559795305e-06,5.809217691421509e-05,0.00019227713346481323,0.0,0.00012783634883817285,0.0,0.0,0.00023898646759334952,1.0,0.11606311053037643,0.0,1.0,1.0,0.0,1.0,0.0,0.0,,,,,,,,,,,,,,,,,,,0.9765625,47924.01171875,0.029296875,1.0,0.0,0.0,1
3,single,7,V,bert.encoder.layer.7.attention.self.value,0.001,31,0,1,1,0.9375,0.0625,6.6911306930705905e-06,5.279760807752609e-05,0.00017668679356575012,0.0,0.00013762166781816632,0.0,0.0,0.0006074244156479836,1.0,0.07251826673746109,0.0,1.0,1.0,0.0,1.0,0.0,0.0,,,,,,,,,,,,,,,,,,,0.96875,63107.25,0.0625,1.0,0.0,0.0,1
3,single,7,O,bert.encoder.layer.7.attention.output.dense,0.001,31,0,1,1,0.939453125,0.060546875,6.369304173858836e-06,4.5903027057647705e-05,0.00017938390374183655,0.0,0.0001323660690104589,0.0,0.0,0.0005796278128400445,1.0,0.07870271056890488,0.0,1.0,1.0,0.0,1.0,0.0,0.0,,,,,,,,,,,,,,,,,,,0.96484375,61190.19140625,0.060546875,1.0,0.0,0.0,1
3,single,7,FFN1,bert.encoder.layer.7.intermediate.dense,0.001,31,0,1,1,0.982421875,0.017578125,1.6383464753744192e-06,5.398690700531006e-05,0.00014871172606945038,0.0,7.685190939810127e-05,0.0,0.0,0.00038174205110408366,1.0,0.07100845873355865,0.0,1.0,1.0,0.0,1.0,0.0,0.0,,,,,,,,,,,,,,,,,,,0.98828125,29315.51953125,0.017578125,1.0,0.0,0.0,1
3,single,7,FFN2,bert.encoder.layer.7.output.dense,0.001,31,0,1,1,0.96875,0.03125,4.14110763813369e-06,6.255507469177246e-05,0.00022685527801513672,0.0,0.00014381333312485367,0.0,0.0,0.0002903803251683712,1.0,0.023212740197777748,0.0,1.0,1.0,0.0,1.0,0.0,0.0,,,,,,,,,,,,,,,,,,,0.98046875,55534.3046875,0.03125,1.0,0.0,0.0,1
3,single,8,Q,bert.encoder.layer.8.attention.self.query,0.001,31,0,1,1,0.984375,0.015625,2.0781526473001577e-06,8.904561400413513e-05,0.0001623239368200302,0.0,0.00011657945287879556,0.0,0.0,0.00029804237419739366,1.0,-0.014170592650771141,0.0,1.0,1.0,0.0,1.0,0.0,0.0,,,,,,,,,,,,,,,,,,,0.990234375,38182.62109375,0.015625,1.0,0.0,0.0,1
3,single,8,K,bert.encoder.layer.8.attention.self.key,0.001,31,0,1,1,0.955078125,0.044921875,7.401510629279073e-06,5.552172660827637e-05,0.00031625479459762573,0.0,0.0001803937047952786,0.0,0.0,0.0003027449129149318,1.0,-0.12083893269300461,0.0,1.0,1.0,0.0,1.0,0.0,0.0,,,,,,,,,,,,,,,,,,,0.974609375,83933.359375,0.044921875,1.0,0.0,0.0,1
3,single,8,V,bert.encoder.layer.8.attention.self.value,0.001,31,0,1,1,0.943359375,0.056640625,6.2209101088228635e-06,5.0984323024749756e-05,0.00018119066953659058,0.0,0.00013211047917138785,0.0,0.0,0.000510206155013293,1.0,-0.08250343054533005,0.0,1.0,1.0,0.0,1.0,0.0,0.0,,,,,,,,,,,,,,,,,,,0.9609375,61287.40625,0.056640625,1.0,0.0,0.0,1
3,single,8,O,bert.encoder.layer.8.attention.output.dense,0.001,31,0,1,1,0.921875,0.078125,8.272306331491563e-06,2.911081537604332e-06,0.0001787319779396057,0.0,0.0001530736917629838,0.0,0.0,0.000563705456443131,1.0,0.0637984648346901,0.0,1.0,1.0,0.0,1.0,0.0,0.0,,,,,,,,,,,,,,,,,,,0.951171875,71687.1640625,0.078125,1.0,0.0,0.0,1
3,single,8,FFN1,bert.encoder.layer.8.intermediate.dense,0.001,31,0,1,1,0.9765625,0.0234375,3.0588194022129755e-06,5.9604644775390625e-05,0.00021053850650787354,0.0,0.00012846305617131293,0.0,0.0,0.0003666307311505079,1.0,0.01686543971300125,0.0,1.0,1.0,0.0,1.0,0.0,0.0,,,,,,,,,,,,,,,,,,,0.986328125,48015.625,0.0234375,1.0,0.0,0.0,1
3,single,8,FFN2,bert.encoder.layer.8.output.dense,0.001,31,0,1,1,0.962890625,0.037109375,5.686051281372784e-06,1.4561228454113007e-05,0.00044436194002628326,0.0,0.0001577775547048077,0.0,0.0,0.000304193701595068,1.0,0.0753319039940834,0.0,1.0,1.0,0.0,1.0,0.0,0.0,,,,,,,,,,,,,,,,,,,0.970703125,76608.140625,0.037109375,1.0,0.0,0.0,1
3,single,9,Q,bert.encoder.layer.9.attention.self.query,0.001,31,0,1,1,0.982421875,0.017578125,2.695639068406308e-06,8.652731776237488e-05,0.00020609050989151,0.0,0.0001410491968272254,0.0,0.0,0.00029696273850277066,1.0,0.03374745696783066,0.0,1.0,1.0,0.0,1.0,0.0,0.0,,,,,,,,,,,,,,,,,,,0.990234375,47158.6640625,0.017578125,1.0,0.0,0.0,1
3,single,9,K,bert.encoder.layer.9.attention.self.key,0.001,31,0,1,1,0.96875,0.03125,5.1918559620389715e-06,8.479133248329163e-05,0.00030115433037281036,0.0,0.0001741577434586361,0.0,0.0,0.0003091524704359472,1.0,0.055058203637599945,0.0,1.0,1.0,0.0,1.0,0.0,0.0,,,,,,,,,,,,,,,,,,,0.974609375,69922.9140625,0.03125,1.0,0.0,0.0,1
3,single,9,V,bert.encoder.layer.9.attention.self.value,0.001,31,0,1,1,0.962890625,0.037109375,4.365176209830679e-06,4.9676746129989624e-05,0.0003760680556297302,0.0,0.0001187339803436771,0.0,0.0,0.0006411451613530517,1.0,0.08241958916187286,0.0,1.0,1.0,0.0,1.0,0.0,0.0,,,,,,,,,,,,,,,,,,,0.97265625,59879.890625,0.037109375,1.0,0.0,0.0,1
3,single,9,O,bert.encoder.layer.9.attention.output.dense,0.001,31,0,1,1,0.9453125,0.0546875,6.2089702623779885e-06,9.88692045211792e-06,0.00018702074885368347,0.0,0.00014626621850766242,0.0,0.0,0.0007155891507863998,1.0,0.08855853229761124,0.0,1.0,1.0,0.0,1.0,0.0,0.0,,,,,,,,,,,,,,,,,,,0.96484375,64180.6640625,0.0546875,1.0,0.0,0.0,1
3,single,9,FFN1,bert.encoder.layer.9.intermediate.dense,0.001,31,0,1,1,0.9765625,0.0234375,3.0411283660214394e-06,3.9987266063690186e-05,0.0003136415034532547,0.0,0.00011531099153216928,0.0,0.0,0.00035874228342436254,1.0,0.2198251336812973,0.0,1.0,1.0,0.0,1.0,0.0,0.0,,,,,,,,,,,,,,,,,,,0.982421875,51187.515625,0.0234375,1.0,0.0,0.0,1
3,single,9,FFN2,bert.encoder.layer.9.output.dense,0.001,31,0,1,1,0.984375,0.015625,2.326116373296827e-06,9.68296080827713e-05,0.00023230910301208496,0.0,0.00012373088975436985,0.0,0.0,0.00030682538636028767,1.0,0.02740984410047531,0.0,1.0,1.0,0.0,1.0,0.0,0.0,,,,,,,,,,,,,,,,,,,0.990234375,43544.3125,0.015625,1.0,0.0,0.0,1
3,single,10,Q,bert.encoder.layer.10.attention.self.query,0.001,31,0,1,1,0.984375,0.015625,2.4165901777450927e-06,6.783008575439453e-05,0.00021721422672271729,0.0,0.00014349480625241995,0.0,0.0,0.000310150149744004,1.0,0.01102069579064846,0.0,1.0,1.0,0.0,1.0,0.0,0.0,,,,,,,,,,,,,,,,,,,0.9921875,45172.328125,0.015625,1.0,0.0,0.0,1
3,single,10,K,bert.encoder.layer.10.attention.self.key,0.001,31,0,1,1,0.98828125,0.01171875,1.3927847248851322e-06,6.336718797683716e-05,0.00018314272165298462,0.0,5.63977264391724e-05,0.0,0.0,0.0002916489611379802,1.0,0.1104896068572998,0.0,1.0,1.0,0.0,1.0,0.0,0.0,,,,,,,,,,,,,,,,,,,0.990234375,30466.65234375,0.01171875,0.8900146484375,0.0,0.0,1
3,single,10,V,bert.encoder.layer.10.attention.self.value,0.001,31,0,1,1,0.96484375,0.03515625,3.729038780875271e-06,6.949761882424355e-05,0.00019113346934318542,0.0,0.00010817850125022233,0.0,0.0,0.0005527446046471596,1.0,-0.10256671905517578,0.0,1.0,1.0,0.0,1.0,0.0,0.0,,,,,,,,,,,,,,,,,,,0.974609375,47352.79296875,0.03515625,1.0,0.0,0.0,1
3,single,10,O,bert.encoder.layer.10.attention.output.dense,0.001,31,0,1,1,0.953125,0.046875,5.270417204883415e-06,1.1004507541656494e-05,0.00018888339400291443,0.0,0.00014180061407387257,0.0,0.0,0.0006083279149606824,1.0,0.0009039898286573589,0.0,1.0,1.0,0.0,1.0,0.0,0.0,,,,,,,,,,,,,,,,,,,0.9765625,58076.10546875,0.046875,1.0,0.0,0.0,1
3,single,10,FFN1,bert.encoder.layer.10.intermediate.dense,0.001,31,0,1,1,0.978515625,0.021484375,2.4845207917678636e-06,4.0728598833084106e-05,0.00018393248319625854,0.0,0.00010002139606513083,0.0,0.0,0.00033365163835696876,1.0,0.09090831130743027,0.0,1.0,1.0,0.0,1.0,0.0,0.0,,,,,,,,,,,,,,,,,,,0.982421875,40893.453125,0.021484375,1.0,0.0,0.0,1
3,single,10,FFN2,bert.encoder.layer.10.output.dense,0.001,31,0,1,1,0.96875,0.03125,3.3850974432425573e-06,4.158914089202881e-05,0.0001855306327342987,0.0,0.00011962582357227802,0.0,0.0,0.00029677554266527295,1.0,0.14409829676151276,0.0,1.0,1.0,0.0,1.0,0.0,0.0,,,,,,,,,,,,,,,,,,,0.978515625,46045.01171875,0.03125,1.0,0.0,0.0,1
3,single,11,Q,bert.encoder.layer.11.attention.self.query,0.001,31,0,1,1,0.990234375,0.009765625,1.838345269788988e-06,0.00012822914868593216,0.00035747140645980835,0.0,0.0,0.0,0.0,0.00022502084902953357,1.0,0.05794476717710495,0.0,1.0,1.0,0.0,1.0,0.0,0.0,,,,,,,,,,,,,,,,,,,0.994140625,46293.80078125,0.009765625,0.0,0.0,0.0,1
3,single,11,K,bert.encoder.layer.11.attention.self.key,0.001,31,0,1,1,0.98046875,0.01953125,2.8412914616637863e-06,0.000107521191239357,0.00020686909556388855,0.0,0.0001350934326183051,0.0,0.0,0.00019336392870172858,1.0,0.025162886828184128,0.0,1.0,1.0,0.0,1.0,0.0,0.0,,,,,,,,,,,,,,,,,,,0.990234375,47188.3984375,0.01953125,1.0,0.0,0.0,1
3,single,11,V,bert.encoder.layer.11.attention.self.value,0.001,31,0,1,1,0.970703125,0.029296875,4.047907168569509e-06,3.4578144550323486e-05,0.0003002230077981949,0.0,0.0001532046007923782,0.0,0.0,0.00045058951945975423,1.0,0.12001509964466095,0.0,1.0,1.0,0.0,1.0,0.0,0.0,,,,,,,,,,,,,,,,,,,0.98046875,57876.12109375,0.029296875,1.0,0.0,0.0,1
3,single,11,O,bert.encoder.layer.11.attention.output.dense,0.001,31,0,1,1,0.9765625,0.0234375,3.176826339768013e-06,9.230896830558777e-05,0.00017774850130081177,0.0,0.00013411298277787864,0.0,0.0,0.0005281746853142977,1.0,0.08893787860870361,0.0,1.0,1.0,0.0,1.0,0.0,0.0,,,,,,,,,,,,,,,,,,,0.982421875,47676.046875,0.0234375,1.0,0.0,0.0,1
3,single,11,FFN1,bert.encoder.layer.11.intermediate.dense,0.001,31,0,1,1,0.966796875,0.033203125,3.5426783142611384e-06,5.5653974413871765e-05,0.00018109381198883057,0.0,0.00011181754234712571,0.0,0.0,0.0004394211864564568,1.0,-0.10492313653230667,0.0,1.0,1.0,0.0,1.0,0.0,0.0,,,,,,,,,,,,,,,,,,,0.982421875,46556.4375,0.033203125,1.0,0.0,0.0,1
3,single,11,FFN2,bert.encoder.layer.11.output.dense,0.001,31,0,1,1,0.96875,0.03125,3.698503405757947e-06,5.534663796424866e-05,0.00020723557099699974,0.0,0.00013125772238709033,0.0,0.001953125,0.0003951190155930817,1.0,0.04743443801999092,0.0,1.0,1.0,0.0,1.0,0.0,0.0,,,,,,,,,,,,,,,,,,,0.978515625,50060.13671875,0.03125,1.0,0.0,0.0,1
4,single,0,Q,bert.encoder.layer.0.attention.self.query,0.001,31,0,1,1,0.984375,0.015625,2.204924385296181e-06,8.842954412102699e-05,0.00020348094403743744,0.0,0.00010336966079194099,0.0,0.0,0.00021903151355218142,1.0,0.08964760601520538,0.0,1.0,1.0,0.0,1.0,0.0,0.0,,,,,,,,,,,,,,,,,,,0.984375,41285.1015625,0.015625,1.0,0.0,0.0,1
4,single,0,K,bert.encoder.layer.0.attention.self.key,0.001,31,0,1,1,0.98828125,0.01171875,1.353220795863308e-06,9.162724018096924e-05,0.00017558783292770386,0.0,8.154958777595311e-05,0.0,0.0,0.0001853388675954193,1.0,0.10228714346885681,0.0,1.0,1.0,0.0,1.0,0.0,0.0,,,,,,,,,,,,,,,,,,,0.990234375,29205.69921875,0.01171875,0.8900146484375,0.0,0.0,1
4,single,0,V,bert.encoder.layer.0.attention.self.value,0.001,31,0,1,1,0.93359375,0.06640625,5.679268724634312e-06,1.4263670891523361e-05,0.0001647360622882843,0.0,0.00011965329031227157,0.0,0.0,0.00044956564670428634,1.0,0.10536374151706696,0.0,1.0,1.0,0.0,1.0,0.0,0.0,,,,,,,,,,,,,,,,,,,0.958984375,54442.89453125,0.06640625,1.0,0.0,0.0,1
4,single,0,O,bert.encoder.layer.0.attention.output.dense,0.001,31,0,1,1,0.916015625,0.083984375,8.100503691821359e-06,8.503906428813934e-06,0.000273329671472311,0.0,0.00012021260045003146,0.0,0.0,0.0005106951575726271,1.0,-0.037754837423563004,0.0,1.0,1.0,0.0,1.0,0.0,0.0,,,,,,,,,,,,,,,,,,,0.953125,70531.1953125,0.083984375,1.0,0.0,0.0,1
4,single,0,FFN1,bert.encoder.layer.0.intermediate.dense,0.001,31,0,1,1,0.966796875,0.033203125,4.169846306467662e-06,6.66491687297821e-05,0.00018692947924137115,0.0,0.00014507163723465055,0.0,0.0,0.00039682319038547575,1.0,0.27706536650657654,0.0,1.0,1.0,0.0,1.0,0.0,0.0,,,,,,,,,,,,,,,,,,,0.974609375,53485.609375,0.033203125,1.0,0.0,0.0,1
4,single,0,FFN2,bert.encoder.layer.0.output.dense,0.001,31,0,1,1,0.978515625,0.021484375,2.2985491341387387e-06,4.488229751586914e-05,0.0001560412347316742,0.0,0.00011251914838794619,0.0,0.0,0.0002790252910926938,1.0,0.09226766973733902,0.0,1.0,1.0,0.0,1.0,0.0,0.0,,,,,,,,,,,,,,,,,,,0.984375,36851.23828125,0.021484375,1.0,0.0,0.0,1
4,single,1,Q,bert.encoder.layer.1.attention.self.query,0.001,31,0,1,1,0.978515625,0.021484375,3.791755261772778e-06,9.678862988948822e-05,0.00028073787689208984,0.0,0.0001556349016027525,0.0,0.0,0.00044216716196388006,1.0,0.17658303678035736,0.0,1.0,1.0,0.0,1.0,0.0,0.0,,,,,,,,,,,,,,,,,,,0.986328125,61425.13671875,0.021484375,1.0,0.0,0.0,1
4,single,1,K,bert.encoder.layer.1.attention.self.key,0.001,31,0,1,1,0.9765625,0.0234375,2.9091509077261435e-06,6.884336471557617e-05,0.00017174147069454193,0.0,0.00012346547737251967,0.0,0.0,0.0002397512726020068,1.0,0.01239532046020031,0.0,1.0,1.0,0.0,1.0,0.0,0.0,,,,,,,,,,,,,,,,,,,0.984375,44421.07421875,0.0234375,1.0,0.0,0.0,1
4,single,1,V,bert.encoder.layer.1.attention.self.value,0.001,31,0,1,1,0.921875,0.078125,6.679333637293894e-06,3.589782863855362e-06,0.00024444865994155407,0.0,0.0001161370673798956,0.0,0.0,0.0004910170682705939,1.0,0.10670430958271027,0.0,1.0,1.0,0.0,1.0,0.0,0.0,,,,,,,,,,,,,,,,,,,0.951171875,59355.52734375,0.078125,1.0,0.0,0.0,1
4,single,1,O,bert.encoder.layer.1.attention.output.dense,0.001,31,0,1,1,0.876953125,0.123046875,1.0888572433032095e-05,1.6526319086551666e-05,0.0005842633545398712,4.999302473152056e-05,0.00013070579734630883,0.0,0.0,0.0004687652981374413,1.0,-0.03955526277422905,0.0,1.0,1.0,0.0,1.0,0.0,0.0,,,,,,,,,,,,,,,,,,,0.94140625,90114.328125,0.123046875,1.0,0.0,0.0,1
4,single,1,FFN1,bert.encoder.layer.1.intermediate.dense,0.001,31,0,1,1,0.966796875,0.033203125,4.111726411792915e-06,4.228949546813965e-05,0.00019870325922966003,0.0,0.00013990045408718288,0.0,0.0,0.00031376772676594555,1.0,0.09323431551456451,0.0,1.0,1.0,0.0,1.0,0.0,0.0,,,,,,,,,,,,,,,,,,,0.986328125,54230.53125,0.033203125,1.0,0.0,0.0,1
4,single,1,FFN2,bert.encoder.layer.1.output.dense,0.001,31,0,1,1,0.97265625,0.02734375,3.5698867577593774e-06,8.122250437736511e-05,0.00018355250358581543,0.0,0.00013613438932225108,0.0,0.0,0.00029027240816503763,1.0,0.07218840718269348,0.0,1.0,1.0,0.0,1.0,0.0,0.0,,,,,,,,,,,,,,,,,,,0.984375,49639.6171875,0.02734375,1.0,0.0,0.0,1
4,single,2,Q,bert.encoder.layer.2.attention.self.query,0.001,31,0,1,1,0.97265625,0.02734375,4.000736680609407e-06,9.390898048877716e-05,0.00019057095050811768,0.0,0.00015518785221502185,0.0,0.0,0.00019498604524414986,1.0,-0.11016076803207397,0.0,1.0,1.0,0.0,1.0,0.0,0.0,,,,,,,,,,,,,,,,,,,0.986328125,55684.6953125,0.02734375,1.0,0.0,0.0,1
4,single,2,K,bert.encoder.layer.2.attention.self.key,0.001,31,0,1,1,0.982421875,0.017578125,2.353664967813529e-06,6.988644599914551e-05,0.0002787783741950989,0.0,9.617415344109759e-05,0.0,0.0,0.000169416525750421,1.0,0.012309428304433823,0.0,1.0,1.0,0.0,1.0,0.0,0.0,,,,,,,,,,,,,,,,,,,0.98828125,43905.23828125,0.017578125,1.0,0.0,0.0,1
4,single,2,V,bert.encoder.layer.2.attention.self.value,0.001,31,0,1,1,0.908203125,0.091796875,7.560569883935386e-06,7.509952411055565e-06,0.00014815106987953186,0.0,0.00012305876589380205,0.0,0.0,0.0006885146140120924,1.0,0.19372986257076263,0.0,1.0,1.0,0.0,1.0,0.0,0.0,,,,,,,,,,,,,,,,,,,0.953125,60631.16015625,0.091796875,1.0,0.0,0.0,1
4,single,2,O,bert.encoder.layer.2.attention.output.dense,0.001,31,0,1,1,0.908203125,0.091796875,7.994030056579504e-06,1.0579242371022701e-07,0.00022306852042675018,0.0,0.00012138704914832488,0.0,0.0,0.0005892204353585839,1.0,0.016220437362790108,0.0,1.0,1.0,0.0,1.0,0.0,0.0,,,,,,,,,,,,,,,,,,,0.951171875,65258.890625,0.091796875,1.0,0.0,0.0,1
4,single,2,FFN1,bert.encoder.layer.2.intermediate.dense,0.001,31,0,1,1,0.962890625,0.037109375,5.522038918570615e-06,3.727525472640991e-05,0.00030617788434028625,0.0,0.00019271245400886983,0.0,0.0,0.00036874262150377035,1.0,0.09142503887414932,0.0,1.0,1.0,0.0,1.0,0.0,0.0,,,,,,,,,,,,,,,,,,,0.96875,72666.921875,0.037109375,1.0,0.0,0.0,1
4,single,2,FFN2,bert.encoder.layer.2.output.dense,0.001,31,0,1,1,0.97265625,0.02734375,4.564833034237381e-06,8.6979940533638e-05,0.000330459326505661,0.0,0.00017805291281547397,0.0,0.0,0.00030296656768769026,1.0,0.059401534497737885,0.0,1.0,1.0,0.0,1.0,0.0,0.0,,,,,,,,,,,,,,,,,,,0.98046875,66308.6328125,0.02734375,1.0,0.0,0.0,1
4,single,3,Q,bert.encoder.layer.3.attention.self.query,0.001,31,0,1,1,0.974609375,0.025390625,3.8654825402772985e-06,2.9928982257843018e-05,0.0002671554684638977,0.0,0.0001633192878216505,0.0,0.0,0.00025473276036791503,1.0,0.11791138350963593,0.0,1.0,1.0,0.0,1.0,0.0,0.0,,,,,,,,,,,,,,,,,,,0.984375,58823.56640625,0.025390625,1.0,0.0,0.0,1
4,single,3,K,bert.encoder.layer.3.attention.self.key,0.001,31,0,1,1,0.97265625,0.02734375,4.146894752921071e-06,5.708262324333191e-05,0.00022692978382110596,0.0,0.00017239412409253418,0.0,0.0,0.00021737514180131257,1.0,-0.009613160975277424,0.0,1.0,1.0,0.0,1.0,0.0,0.0,,,,,,,,,,,,,,,,,,,0.98828125,59425.34375,0.02734375,1.0,0.0,0.0,1
4,single,3,V,bert.encoder.layer.3.attention.self.value,0.001,31,0,1,1,0.943359375,0.056640625,5.945207249169471e-06,4.900805652141571e-05,0.0001729968935251236,0.0,0.00012563347991090268,0.0,0.0,0.0005424877745099366,1.0,0.050449393689632416,0.0,1.0,1.0,0.0,1.0,0.0,0.0,,,,,,,,,,,,,,,,,,,0.970703125,59143.8515625,0.056640625,1.0,0.0,0.0,1
4,single,3,O,bert.encoder.layer.3.attention.output.dense,0.001,31,0,1,1,0.8984375,0.1015625,8.46466537041124e-06,9.003793820738792e-06,0.00024252384901046753,8.103359505184926e-06,0.0001235924573848024,0.0,0.0,0.000574866367969662,1.0,-0.010394211858510971,0.0,1.0,1.0,0.0,1.0,0.0,0.0,,,,,,,,,,,,,,,,,,,0.95703125,66366.4140625,0.1015625,1.0,0.0,0.0,1
4,single,3,FFN1,bert.encoder.layer.3.intermediate.dense,0.001,31,0,1,1,0.966796875,0.033203125,4.548831384454388e-06,2.134242095053196e-06,0.000523742288351059,0.0,0.0001559943048050627,0.0,0.0,0.0006352694472298026,1.0,0.7162560820579529,2.055986166000366,1.0,1.0,0.0,1.0,0.0,0.0,,,,,,,,,,,,,,,,,,,0.974609375,0.9742662906646729,0.033203125,1.0,0.0,0.0,1
4,single,3,FFN2,bert.encoder.layer.3.output.dense,0.001,31,0,1,1,0.9765625,0.0234375,3.489572918624617e-06,7.787346839904785e-05,0.0002556927502155304,0.0,0.0001349222002318129,0.0,0.0,0.0002535197709221393,1.0,0.04602530226111412,0.0,1.0,1.0,0.0,1.0,0.0,0.0,,,,,,,,,,,,,,,,,,,0.984375,54764.74609375,0.0234375,1.0,0.0,0.0,1
4,single,4,Q,bert.encoder.layer.4.attention.self.query,0.001,31,0,1,1,0.970703125,0.029296875,3.987155650975183e-06,5.772709846496582e-05,0.00021220743656158447,0.0,0.00015038282435853034,0.0,0.0,0.0002688185195438564,1.0,-0.0008978461264632642,0.0,1.0,1.0,0.0,1.0,0.0,0.0,,,,,,,,,,,,,,,,,,,0.982421875,55369.6953125,0.029296875,1.0,0.0,0.0,1
4,single,4,K,bert.encoder.layer.4.attention.self.key,0.001,31,0,1,1,0.97265625,0.02734375,3.641415787569713e-06,5.120038986206055e-05,0.00020992103964090347,0.0,0.00015089982480276376,0.0,0.0,0.00026005745166912675,1.0,0.07154227048158646,0.0,1.0,1.0,0.0,1.0,0.0,0.0,,,,,,,,,,,,,,,,,,,0.982421875,52534.6953125,0.02734375,1.0,0.0,0.0,1
4,single,4,V,bert.encoder.layer.4.attention.self.value,0.001,31,0,1,1,0.939453125,0.060546875,6.8331510192365386e-06,5.9120357036590576e-05,0.0002298932522535324,0.0,0.0001423277863068506,0.0,0.0,0.00048812845489010215,1.0,0.11854275315999985,0.0,1.0,1.0,0.0,1.0,0.0,0.0,,,,,,,,,,,,,,,,,,,0.9609375,66672.140625,0.060546875,1.0,0.0,0.0,1
4,single,4,O,bert.encoder.layer.4.attention.output.dense,0.001,31,0,1,1,0.9453125,0.0546875,5.584366590483114e-06,4.188716411590576e-05,0.0002495385706424713,0.0,0.00011996819375781342,0.0,0.0,0.0005280970362946391,1.0,0.005699581000953913,0.0,1.0,1.0,0.0,1.0,0.0,0.0,,,,,,,,,,,,,,,,,,,0.970703125,59161.265625,0.0546875,1.0,0.0,0.0,1
4,single,4,FFN1,bert.encoder.layer.4.intermediate.dense,0.001,31,0,1,1,0.9609375,0.0390625,4.727192390419077e-06,4.229694604873657e-05,0.00018589943647384644,0.0,0.0001516805205028504,0.0,0.0,0.0003532325499691069,1.0,0.08499826490879059,0.0,1.0,1.0,0.0,1.0,0.0,0.0,,,,,,,,,,,,,,,,,,,0.9765625,57052.4375,0.0390625,1.0,0.0,0.0,1
4,single,4,FFN2,bert.encoder.layer.4.output.dense,0.001,31,0,1,1,0.9765625,0.0234375,3.414514139876701e-06,7.883459329605103e-05,0.00021400069817900658,0.0,0.00015717105998191983,0.0,0.0,0.00029747444204986095,1.0,-0.015428993850946426,0.0,1.0,1.0,0.0,1.0,0.0,0.0,,,,,,,,,,,,,,,,,,,0.98828125,52963.5,0.0234375,1.0,0.0,0.0,1
4,single,5,Q,bert.encoder.layer.5.attention.self.query,0.001,31,0,1,1,0.990234375,0.009765625,1.6517951735295355e-06,0.00012008659541606903,0.00024465471506118774,0.0,0.0,0.0,0.0,0.00030233999132178724,1.0,0.22047792375087738,0.0,1.0,1.0,0.0,1.0,0.0,0.0,,,,,,,,,,,,,,,,,,,0.9921875,39091.76953125,0.009765625,0.0,0.0,0.0,1
4,single,5,K,bert.encoder.layer.5.attention.self.key,0.001,31,0,1,1,0.984375,0.015625,1.95723168872064e-06,8.025765419006348e-05,0.00017610937356948853,0.0,8.936258382163942e-05,0.0,0.0,0.00025820021983236074,1.0,-0.008676152676343918,0.0,1.0,1.0,0.0,1.0,0.0,0.0,,,,,,,,,,,,,,,,,,,0.9921875,36701.71875,0.015625,1.0,0.0,0.0,1
4,single,5,V,bert.encoder.layer.5.attention.self.value,0.001,31,0,1,1,0.94921875,0.05078125,5.2817354116996285e-06,4.08366322517395e-05,0.0002025514841079712,0.0,0.00012165962834842503,0.0,0.0,0.0005802053492516279,1.0,0.009158572182059288,0.0,1.0,1.0,0.0,1.0,0.0,0.0,,,,,,,,,,,,,,,,,,,0.97265625,55538.22265625,0.05078125,1.0,0.0,0.0,1
4,single,5,O,bert.encoder.layer.5.attention.output.dense,0.001,31,0,1,1,0.93359375,0.06640625,7.004695362411439e-06,2.4314038455486298e-05,0.00017502903938293457,0.0,0.0001343459152849391,0.0,0.0,0.0006298313965089619,1.0,0.01688351482152939,0.0,1.0,1.0,0.0,1.0,0.0,0.0,,,,,,,,,,,,,,,,,,,0.96484375,63971.78515625,0.06640625,1.0,0.0,0.0,1
4,single,5,FFN1,bert.encoder.layer.5.intermediate.dense,0.001,31,0,1,1,0.974609375,0.025390625,3.3064115996239707e-06,5.058199167251587e-05,0.00019418448209762573,0.0,0.00013120658695697784,0.0,0.0,0.0003756723599508405,1.0,-0.0058412617072463036,0.0,1.0,1.0,0.0,1.0,0.0,0.0,,,,,,,,,,,,,,,,,,,0.98046875,48802.37890625,0.025390625,1.0,0.0,0.0,1
4,single,5,FFN2,bert.encoder.layer.5.output.dense,0.001,31,0,1,1,0.978515625,0.021484375,3.242877937736921e-06,4.4248998165130615e-05,0.00021594390273094177,0.0,0.00015487241034861654,0.0,0.0,0.0003329094033688307,1.0,-0.0024025964085012674,0.0,1.0,1.0,0.0,1.0,0.0,0.0,,,,,,,,,,,,,,,,,,,0.990234375,52850.04296875,0.021484375,1.0,0.0,0.0,1
4,single,6,Q,bert.encoder.layer.6.attention.self.query,0.001,31,0,1,1,0.984375,0.015625,2.2469539544545114e-06,7.847696542739868e-05,0.0002577211707830429,0.0,0.00010183668928220868,0.0,0.0,0.0002393704780843109,1.0,-0.10144589841365814,0.0,1.0,1.0,0.0,1.0,0.0,0.0,,,,,,,,,,,,,,,,,,,0.994140625,43499.0234375,0.015625,1.0,0.0,0.0,1
4,single,6,K,bert.encoder.layer.6.attention.self.key,0.001,31,0,1,1,0.978515625,0.021484375,3.2547754926781636e-06,8.188188076019287e-05,0.00026054680347442627,0.0,0.00014859630027785897,0.0,0.0,0.00023344451619777828,1.0,0.006445033475756645,0.0,1.0,1.0,0.0,1.0,0.0,0.0,,,,,,,,,,,,,,,,,,,0.98828125,52438.6875,0.021484375,1.0,0.0,0.0,1
4,single,6,V,bert.encoder.layer.6.attention.self.value,0.001,31,0,1,1,0.92578125,0.07421875,7.656237357878126e-06,4.417449235916138e-05,0.00017264485359191895,0.0,0.0001331149396719411,0.0,0.0,0.0005505651351995766,1.0,0.18136273324489594,0.0,1.0,1.0,0.0,1.0,0.0,0.0,,,,,,,,,,,,,,,,,,,0.947265625,65944.8359375,0.07421875,1.0,0.0,0.0,1
4,single,6,O,bert.encoder.layer.6.attention.output.dense,0.001,31,0,1,1,0.935546875,0.064453125,6.2228928072727285e-06,1.886766403913498e-05,0.00019119121134281158,0.0,0.000132297383970581,0.0,0.0,0.0005903556011617184,1.0,0.1257275491952896,0.0,1.0,1.0,0.0,1.0,0.0,0.0,,,,,,,,,,,,,,,,,,,0.953125,60048.7421875,0.064453125,1.0,0.0,0.0,1
4,single,6,FFN1,bert.encoder.layer.6.intermediate.dense,0.001,31,0,1,1,0.96875,0.03125,4.109273049834883e-06,4.5008957386016846e-05,0.00037005171179771423,0.0,0.00015471513324882835,0.0,0.0,0.0004196066875010729,1.0,0.38044488430023193,0.0,1.0,1.0,0.0,1.0,0.0,0.0,,,,,,,,,,,,,,,,,,,0.9765625,60640.69921875,0.03125,1.0,0.0,0.0,1
4,single,6,FFN2,bert.encoder.layer.6.output.dense,0.001,31,0,1,1,0.974609375,0.025390625,3.2277439458994195e-06,6.550922989845276e-05,0.0001967102289199829,0.0,0.00012903170136269182,0.0,0.0,0.0003685335395857692,1.0,0.14377440512180328,0.0,1.0,1.0,0.0,1.0,0.0,0.0,,,,,,,,,,,,,,,,,,,0.986328125,47538.30859375,0.025390625,1.0,0.0,0.0,1
4,single,7,Q,bert.encoder.layer.7.attention.self.query,0.001,31,0,1,1,0.990234375,0.009765625,1.1908714441233315e-06,5.0187110900878906e-05,0.00017141923308372498,0.0,0.0,0.0,0.0,0.00029259768780320883,1.0,-0.03449532389640808,0.0,1.0,1.0,0.0,1.0,0.0,0.0,,,,,,,,,,,,,,,,,,,0.994140625,28998.701171875,0.009765625,0.0,0.0,0.0,1
4,single,7,K,bert.encoder.layer.7.attention.self.key,0.001,31,0,1,1,0.9765625,0.0234375,3.3557489587110467e-06,8.557923138141632e-05,0.00021870434284210205,0.0,0.0001395213621435687,0.0,0.0,0.00030224499641917646,1.0,0.05267677828669548,0.0,1.0,1.0,0.0,1.0,0.0,0.0,,,,,,,,,,,,,,,,,,,0.982421875,51382.2734375,0.0234375,1.0,0.0,0.0,1
4,single,7,V,bert.encoder.layer.7.attention.self.value,0.001,31,0,1,1,0.947265625,0.052734375,5.035606591263786e-06,3.584474325180054e-05,0.00021401606500148773,0.0,0.00012240876094438136,0.0,0.0,0.0005476120859384537,1.0,0.07265043258666992,0.0,1.0,1.0,0.0,1.0,0.0,0.0,,,,,,,,,,,,,,,,,,,0.966796875,53371.640625,0.052734375,1.0,0.0,0.0,1
4,single,7,O,bert.encoder.layer.7.attention.output.dense,0.001,31,0,1,1,0.94140625,0.05859375,5.559292731049936e-06,2.2292137145996094e-05,0.0001895129680633545,0.0,0.00012641845387406647,0.0,0.0,0.0006197792245075107,1.0,-0.02433040738105774,0.0,1.0,1.0,0.0,1.0,0.0,0.0,,,,,,,,,,,,,,,,,,,0.966796875,56498.421875,0.05859375,1.0,0.0,0.0,1
4,single,7,FFN1,bert.encoder.layer.7.intermediate.dense,0.001,31,0,1,1,0.958984375,0.041015625,4.843623628403293e-06,4.591792821884155e-05,0.00018430128693580627,0.0,0.0001398561435053125,0.0,0.0,0.0004661571001634002,1.0,0.17678405344486237,0.0,1.0,1.0,0.0,1.0,0.0,0.0,,,,,,,,,,,,,,,,,,,0.974609375,56404.04296875,0.041015625,1.0,0.0,0.0,1
4,single,7,FFN2,bert.encoder.layer.7.output.dense,0.001,31,0,1,1,0.966796875,0.033203125,4.787375473824795e-06,6.720051169395447e-05,0.00020510738249868155,0.0,0.00016221949772443622,0.0,0.0,0.00037976098246872425,1.0,0.0676959753036499,0.0,1.0,1.0,0.0,1.0,0.0,0.0,,,,,,,,,,,,,,,,,,,0.986328125,60903.67578125,0.033203125,1.0,0.0,0.0,1
4,single,8,Q,bert.encoder.layer.8.attention.self.query,0.001,31,0,1,1,0.978515625,0.021484375,3.1799138469068566e-06,6.0789287090301514e-05,0.0002146586775779724,0.0,0.00016540809883736074,0.0,0.0,0.0003105302166659385,1.0,0.02050294168293476,0.0,1.0,1.0,0.0,1.0,0.0,0.0,,,,,,,,,,,,,,,,,,,0.9921875,51292.43359375,0.021484375,1.0,0.0,0.0,1
4,single,8,K,bert.encoder.layer.8.attention.self.key,0.001,31,0,1,1,0.982421875,0.017578125,2.147764462279156e-06,7.473304867744446e-05,0.0001894533634185791,0.0,0.0001095456100301817,0.0,0.0,0.0002769831335172057,1.0,0.0335405133664608,0.0,1.0,1.0,0.0,1.0,0.0,0.0,,,,,,,,,,,,,,,,,,,0.990234375,38295.4609375,0.017578125,1.0,0.0,0.0,1
4,single,8,V,bert.encoder.layer.8.attention.self.value,0.001,31,0,1,1,0.96875,0.03125,3.487656385914306e-06,3.5412609577178955e-05,0.00018600374460220337,0.0,0.00012696113844867796,0.0,0.0,0.0004874470760114491,1.0,-0.15334653854370117,0.0,1.0,1.0,0.0,1.0,0.0,0.0,,,,,,,,,,,,,,,,,,,0.986328125,47952.515625,0.03125,1.0,0.0,0.0,1
4,single,8,O,bert.encoder.layer.8.attention.output.dense,0.001,31,0,1,1,0.931640625,0.068359375,6.301776465988951e-06,1.1778436601161957e-05,0.00018233805894851685,0.0,0.00013291228970047086,0.0,0.0,0.0005317722680047154,1.0,0.030442507937550545,0.0,1.0,1.0,0.0,1.0,0.0,0.0,,,,,,,,,,,,,,,,,,,0.962890625,58891.18359375,0.068359375,1.0,0.0,0.0,1
4,single,8,FFN1,bert.encoder.layer.8.intermediate.dense,0.001,31,0,1,1,0.970703125,0.029296875,3.930835191567894e-06,3.280118107795715e-05,0.00029383832588791847,0.0,0.00013879772450309247,0.0,0.0,0.0004913263255730271,1.0,0.44804847240448,0.0,1.0,1.0,0.0,1.0,0.0,0.0,,,,,,,,,,,,,,,,,,,0.978515625,56779.84375,0.029296875,1.0,0.0,0.0,1
4,single,8,FFN2,bert.encoder.layer.8.output.dense,0.001,31,0,1,1,0.98046875,0.01953125,2.5402582650713157e-06,5.699321627616882e-05,0.00020550191402435303,0.0,0.00012249290011823177,0.0,0.0,0.0003265421255491674,1.0,-0.04811714589595795,0.0,1.0,1.0,0.0,1.0,0.0,0.0,,,,,,,,,,,,,,,,,,,0.98828125,43794.6484375,0.01953125,1.0,0.0,0.0,1
4,single,9,Q,bert.encoder.layer.9.attention.self.query,0.001,31,0,1,1,0.978515625,0.021484375,2.908056558226235e-06,4.68716025352478e-05,0.00018715206533670425,0.0,0.000139087118441239,0.0,0.0,0.0003170681302435696,1.0,0.05872311443090439,0.0,1.0,1.0,0.0,1.0,0.0,0.0,,,,,,,,,,,,,,,,,,,0.98828125,46689.73828125,0.021484375,1.0,0.0,0.0,1
4,single,9,K,bert.encoder.layer.9.attention.self.key,0.001,31,0,1,1,0.982421875,0.017578125,2.507693352526985e-06,9.291619062423706e-05,0.00022023916244506836,0.0,0.00013429734099190682,0.0,0.0,0.0002777315676212311,1.0,0.08827459067106247,0.0,1.0,1.0,0.0,1.0,0.0,0.0,,,,,,,,,,,,,,,,,,,0.986328125,44502.07421875,0.017578125,1.0,0.0,0.0,1
4,single,9,V,bert.encoder.layer.9.attention.self.value,0.001,31,0,1,1,0.939453125,0.060546875,7.135237865441013e-06,3.007054328918457e-05,0.0002094060182571411,0.0,0.00015209369303192943,0.0,0.0,0.0005140986759215593,1.0,0.09585987776517868,0.0,1.0,1.0,0.0,1.0,0.0,0.0,,,,,,,,,,,,,,,,,,,0.9609375,68322.6640625,0.060546875,1.0,0.0,0.0,1
4,single,9,O,bert.encoder.layer.9.attention.output.dense,0.001,31,0,1,1,0.953125,0.046875,5.059454906586325e-06,2.726726233959198e-05,0.00018790364265441895,0.0,0.00012782409612555057,0.0,0.0,0.0006202341755852103,1.0,0.18708939850330353,0.0,1.0,1.0,0.0,1.0,0.0,0.0,,,,,,,,,,,,,,,,,,,0.970703125,56899.35546875,0.046875,1.0,0.0,0.0,1
4,single,9,FFN1,bert.encoder.layer.9.intermediate.dense,0.001,31,0,1,1,0.9765625,0.0234375,3.005406597367255e-06,8.988473564386368e-05,0.00017653033137321472,0.0,0.00012910067744087428,0.0,0.0,0.0003533631097525358,1.0,0.06230320781469345,0.0,1.0,1.0,0.0,1.0,0.0,0.0,,,,,,,,,,,,,,,,,,,0.984375,45380.765625,0.0234375,1.0,0.0,0.0,1
4,single,9,FFN2,bert.encoder.layer.9.output.dense,0.001,31,0,1,1,0.98828125,0.01171875,1.454328298677865e-06,3.230571746826172e-05,0.00016784010222181678,0.0,2.8752561775036156e-05,0.0,0.0,0.00030717806657776237,1.0,0.02553393878042698,0.0,1.0,1.0,0.0,1.0,0.0,0.0,,,,,,,,,,,,,,,,,,,0.9921875,32334.08203125,0.01171875,0.8900146484375,0.0,0.0,1
4,single,10,Q,bert.encoder.layer.10.attention.self.query,0.001,31,0,1,1,0.9921875,0.0078125,1.5164550859481096e-06,0.00018142536282539368,0.00022883713245391846,0.0,0.0,0.0,0.0,0.0002973338996525854,1.0,0.09436143189668655,0.0,1.0,1.0,0.0,1.0,0.0,0.0,,,,,,,,,,,,,,,,,,,0.994140625,39028.7734375,0.0078125,0.0,0.0,0.0,1
4,single,10,K,bert.encoder.layer.10.attention.self.key,0.001,31,0,1,1,0.984375,0.015625,2.4677337933098897e-06,7.838010787963867e-06,0.0002861097455024719,0.0,0.00014150382776279002,0.0,0.0,0.00025386997731402516,1.0,0.004763520788401365,0.0,1.0,1.0,0.0,1.0,0.0,0.0,,,,,,,,,,,,,,,,,,,0.990234375,50266.15625,0.015625,1.0,0.0,0.0,1
4,single,10,V,bert.encoder.layer.10.attention.self.value,0.001,31,0,1,1,0.9609375,0.0390625,3.6591577554645482e-06,2.7018599212169647e-05,0.00023375637829303741,0.0,0.00010837557056220248,0.0,0.0,0.0005276096053421497,1.0,0.10530754923820496,0.0,1.0,1.0,0.0,1.0,0.0,0.0,,,,,,,,,,,,,,,,,,,0.978515625,46774.765625,0.0390625,1.0,0.0,0.0,1
4,single,10,O,bert.encoder.layer.10.attention.output.dense,0.001,31,0,1,1,0.95703125,0.04296875,4.838132554141339e-06,5.270913243293762e-05,0.00016349554061889648,0.0,0.00013062506332062185,0.0,0.0,0.0005753124714829028,1.0,0.08732765167951584,0.0,1.0,1.0,0.0,1.0,0.0,0.0,,,,,,,,,,,,,,,,,,,0.974609375,54298.1953125,0.04296875,1.0,0.0,0.0,1
4,single,10,FFN1,bert.encoder.layer.10.intermediate.dense,0.001,31,0,1,1,0.98046875,0.01953125,2.3900670385046396e-06,7.60108232498169e-05,0.00016557425260543823,0.0,0.000125192673294805,0.0,0.0,0.000347398454323411,1.0,0.09003115445375443,0.0,1.0,1.0,0.0,1.0,0.0,0.0,,,,,,,,,,,,,,,,,,,0.98828125,40150.421875,0.01953125,1.0,0.0,0.0,1
4,single,10,FFN2,bert.encoder.layer.10.output.dense,0.001,31,0,1,1,0.982421875,0.017578125,1.8350656318943948e-06,3.994256258010864e-05,0.00019058212637901306,0.0,8.376181358471513e-05,0.0,0.0,0.0003069904923904687,1.0,0.08632424473762512,0.0,1.0,1.0,0.0,1.0,0.0,0.0,,,,,,,,,,,,,,,,,,,0.98828125,33929.375,0.017578125,1.0,0.0,0.0,1
4,single,11,Q,bert.encoder.layer.11.attention.self.query,0.001,31,0,1,1,0.990234375,0.009765625,1.2697801139438525e-06,5.225837230682373e-05,0.00016968324780464172,0.0,0.0,0.0,0.0,0.00027004018193110824,1.0,0.017868448048830032,0.0,1.0,1.0,0.0,1.0,0.0,0.0,,,,,,,,,,,,,,,,,,,0.9921875,30823.28515625,0.009765625,0.0,0.0,0.0,1
4,single,11,K,bert.encoder.layer.11.attention.self.key,0.001,31,0,1,1,0.98828125,0.01171875,1.8481705410522409e-06,8.149445056915283e-05,0.00023496150970458984,0.0,7.253125659190118e-05,0.0,0.0,0.00024438078980892897,1.0,0.05045991390943527,0.0,1.0,1.0,0.0,1.0,0.0,0.0,,,,,,,,,,,,,,,,,,,0.9921875,41160.640625,0.01171875,0.8900146484375,0.0,0.0,1
4,single,11,V,bert.encoder.layer.11.attention.self.value,0.001,31,0,1,1,0.9765625,0.0234375,2.756684807536658e-06,3.847479820251465e-05,0.00022570043802261353,0.0,0.00011991635255981237,0.0,0.0,0.0004614144272636622,1.0,-0.0022292647045105696,0.0,1.0,1.0,0.0,1.0,0.0,0.0,,,,,,,,,,,,,,,,,,,0.984375,44616.61328125,0.0234375,1.0,0.0,0.0,1
4,single,11,O,bert.encoder.layer.11.attention.output.dense,0.001,31,0,1,1,0.966796875,0.033203125,4.42804366684868e-06,5.860254168510437e-05,0.00017010606825351715,0.0,0.0001578818482812494,0.0,0.0,0.00046041066525503993,1.0,0.2128642052412033,0.0,1.0,1.0,0.0,1.0,0.0,0.0,,,,,,,,,,,,,,,,,,,0.9765625,56860.5390625,0.033203125,1.0,0.0,0.0,1
4,single,11,FFN1,bert.encoder.layer.11.intermediate.dense,0.001,31,0,1,1,0.98046875,0.01953125,2.0315828805905767e-06,5.5704265832901e-05,0.00015790946781635284,0.0,9.613471775082871e-05,0.0,0.0,0.0005069419858045876,1.0,0.08327633887529373,0.0,1.0,1.0,0.0,1.0,0.0,0.0,,,,,,,,,,,,,,,,,,,0.984375,34226.984375,0.01953125,1.0,0.0,0.0,1
4,single,11,FFN2,bert.encoder.layer.11.output.dense,0.001,31,0,1,1,0.96484375,0.03515625,4.366942448541522e-06,6.568431854248047e-05,0.0002151280641555786,0.0,0.00014098371320869774,0.0,0.001953125,0.0003897488350048661,1.0,0.27938205003738403,0.0,1.0,1.0,0.0,1.0,0.0,0.0,,,,,,,,,,,,,,,,,,,0.974609375,55119.69921875,0.03515625,1.0,0.0,0.0,1
