{"op_code":0,"worker_id":"ae33553a-b09b-4626-ae27-0bc242816151-140737350539072","study_name":"mobilebert_rte_lrtt_bs32_sgd_hybrid_nowd_nomom_nonest_set_noio_encanalog_embedanalog_headanalog_qkvo_21ep","directions":[2]}
{"op_code":4,"worker_id":"ae33553a-b09b-4626-ae27-0bc242816151-140737350539072","study_id":0,"datetime_start":"2026-02-21T20:38:31.751480"}
{"op_code":5,"worker_id":"ae33553a-b09b-4626-ae27-0bc242816151-140737350539072","trial_id":0,"param_name":"learning_rate","param_value_internal":0.7911220636703504,"distribution":"{\"name\": \"FloatDistribution\", \"attributes\": {\"step\": null, \"low\": 0.001, \"high\": 10.0, \"log\": true}}"}
{"op_code":5,"worker_id":"ae33553a-b09b-4626-ae27-0bc242816151-140737350539072","trial_id":0,"param_name":"transfer_lr","param_value_internal":10.210694520944916,"distribution":"{\"name\": \"FloatDistribution\", \"attributes\": {\"step\": null, \"low\": 0.0001, \"high\": 100.0, \"log\": true}}"}
{"op_code":5,"worker_id":"ae33553a-b09b-4626-ae27-0bc242816151-140737350539072","trial_id":0,"param_name":"transfer_every","param_value_internal":523.0,"distribution":"{\"name\": \"IntDistribution\", \"attributes\": {\"log\": true, \"step\": 1, \"low\": 64, \"high\": 32000}}"}
{"op_code":5,"worker_id":"ae33553a-b09b-4626-ae27-0bc242816151-140737350539072","trial_id":0,"param_name":"rank_exp","param_value_internal":5.0,"distribution":"{\"name\": \"IntDistribution\", \"attributes\": {\"log\": false, \"step\": 1, \"low\": 0, \"high\": 5}}"}
{"op_code":5,"worker_id":"ae33553a-b09b-4626-ae27-0bc242816151-140737350539072","trial_id":0,"param_name":"lora_alpha","param_value_internal":0.0005405033404489847,"distribution":"{\"name\": \"FloatDistribution\", \"attributes\": {\"step\": null, \"low\": 0.0001, \"high\": 100.0, \"log\": true}}"}
{"op_code":5,"worker_id":"ae33553a-b09b-4626-ae27-0bc242816151-140737350539072","trial_id":0,"param_name":"tau_sec","param_value_internal":0.0,"distribution":"{\"name\": \"FloatDistribution\", \"attributes\": {\"step\": null, \"low\": 0.0, \"high\": 0.0, \"log\": false}}"}
{"op_code":5,"worker_id":"ae33553a-b09b-4626-ae27-0bc242816151-140737350539072","trial_id":0,"param_name":"out_noise","param_value_internal":0.0,"distribution":"{\"name\": \"FloatDistribution\", \"attributes\": {\"step\": null, \"low\": 0.0, \"high\": 0.0, \"log\": false}}"}
{"op_code":5,"worker_id":"ae33553a-b09b-4626-ae27-0bc242816151-140737350539072","trial_id":0,"param_name":"ab_weight_scaling_omega","param_value_internal":0.0,"distribution":"{\"name\": \"FloatDistribution\", \"attributes\": {\"step\": null, \"low\": 0.0, \"high\": 0.0, \"log\": false}}"}
{"op_code":5,"worker_id":"ae33553a-b09b-4626-ae27-0bc242816151-140737350539072","trial_id":0,"param_name":"min_lr_rate","param_value_internal":0.0,"distribution":"{\"name\": \"FloatDistribution\", \"attributes\": {\"step\": null, \"low\": 0.0, \"high\": 0.0, \"log\": false}}"}
{"op_code":7,"worker_id":"ae33553a-b09b-4626-ae27-0bc242816151-140737350539072","trial_id":0,"step":1,"intermediate_value":47.292418772563174}
{"op_code":8,"worker_id":"ae33553a-b09b-4626-ae27-0bc242816151-140737350539072","trial_id":0,"user_attr":{"train_loss_epoch_1":12682289.198517628}}
{"op_code":8,"worker_id":"ae33553a-b09b-4626-ae27-0bc242816151-140737350539072","trial_id":0,"user_attr":{"val_loss_epoch_1":48881062.0}}
{"op_code":7,"worker_id":"ae33553a-b09b-4626-ae27-0bc242816151-140737350539072","trial_id":0,"step":2,"intermediate_value":52.707581227436826}
{"op_code":8,"worker_id":"ae33553a-b09b-4626-ae27-0bc242816151-140737350539072","trial_id":0,"user_attr":{"train_loss_epoch_2":14634560.698517628}}
{"op_code":8,"worker_id":"ae33553a-b09b-4626-ae27-0bc242816151-140737350539072","trial_id":0,"user_attr":{"val_loss_epoch_2":10383125.5}}
{"op_code":7,"worker_id":"ae33553a-b09b-4626-ae27-0bc242816151-140737350539072","trial_id":0,"step":3,"intermediate_value":52.707581227436826}
{"op_code":8,"worker_id":"ae33553a-b09b-4626-ae27-0bc242816151-140737350539072","trial_id":0,"user_attr":{"train_loss_epoch_3":13180991.157051282}}
{"op_code":8,"worker_id":"ae33553a-b09b-4626-ae27-0bc242816151-140737350539072","trial_id":0,"user_attr":{"val_loss_epoch_3":4250914.75}}
{"op_code":7,"worker_id":"ae33553a-b09b-4626-ae27-0bc242816151-140737350539072","trial_id":0,"step":4,"intermediate_value":52.707581227436826}
{"op_code":8,"worker_id":"ae33553a-b09b-4626-ae27-0bc242816151-140737350539072","trial_id":0,"user_attr":{"train_loss_epoch_4":12524866.549078526}}
{"op_code":8,"worker_id":"ae33553a-b09b-4626-ae27-0bc242816151-140737350539072","trial_id":0,"user_attr":{"val_loss_epoch_4":43096866.0}}
{"op_code":7,"worker_id":"ae33553a-b09b-4626-ae27-0bc242816151-140737350539072","trial_id":0,"step":5,"intermediate_value":52.707581227436826}
{"op_code":8,"worker_id":"ae33553a-b09b-4626-ae27-0bc242816151-140737350539072","trial_id":0,"user_attr":{"train_loss_epoch_5":12825154.110176282}}
{"op_code":8,"worker_id":"ae33553a-b09b-4626-ae27-0bc242816151-140737350539072","trial_id":0,"user_attr":{"val_loss_epoch_5":2696371.375}}
{"op_code":7,"worker_id":"ae33553a-b09b-4626-ae27-0bc242816151-140737350539072","trial_id":0,"step":6,"intermediate_value":52.707581227436826}
{"op_code":8,"worker_id":"ae33553a-b09b-4626-ae27-0bc242816151-140737350539072","trial_id":0,"user_attr":{"train_loss_epoch_6":11744059.94951923}}
{"op_code":8,"worker_id":"ae33553a-b09b-4626-ae27-0bc242816151-140737350539072","trial_id":0,"user_attr":{"val_loss_epoch_6":4379627.5}}
{"op_code":7,"worker_id":"ae33553a-b09b-4626-ae27-0bc242816151-140737350539072","trial_id":0,"step":7,"intermediate_value":52.707581227436826}
{"op_code":8,"worker_id":"ae33553a-b09b-4626-ae27-0bc242816151-140737350539072","trial_id":0,"user_attr":{"train_loss_epoch_7":12475273.774639424}}
{"op_code":8,"worker_id":"ae33553a-b09b-4626-ae27-0bc242816151-140737350539072","trial_id":0,"user_attr":{"val_loss_epoch_7":15775843.5}}
{"op_code":6,"worker_id":"ae33553a-b09b-4626-ae27-0bc242816151-140737350539072","trial_id":0,"state":1,"values":[52.707581227436826],"datetime_complete":"2026-02-21T20:41:08.326526"}
{"op_code":4,"worker_id":"ae33553a-b09b-4626-ae27-0bc242816151-140737350539072","study_id":0,"datetime_start":"2026-02-21T20:41:08.334731"}
{"op_code":5,"worker_id":"ae33553a-b09b-4626-ae27-0bc242816151-140737350539072","trial_id":1,"param_name":"learning_rate","param_value_internal":4.405703011289759,"distribution":"{\"name\": \"FloatDistribution\", \"attributes\": {\"step\": null, \"low\": 0.001, \"high\": 10.0, \"log\": true}}"}
{"op_code":5,"worker_id":"ae33553a-b09b-4626-ae27-0bc242816151-140737350539072","trial_id":1,"param_name":"transfer_lr","param_value_internal":0.004599129001269074,"distribution":"{\"name\": \"FloatDistribution\", \"attributes\": {\"step\": null, \"low\": 0.0001, \"high\": 100.0, \"log\": true}}"}
{"op_code":5,"worker_id":"ae33553a-b09b-4626-ae27-0bc242816151-140737350539072","trial_id":1,"param_name":"transfer_every","param_value_internal":1086.0,"distribution":"{\"name\": \"IntDistribution\", \"attributes\": {\"log\": true, \"step\": 1, \"low\": 64, \"high\": 32000}}"}
{"op_code":5,"worker_id":"ae33553a-b09b-4626-ae27-0bc242816151-140737350539072","trial_id":1,"param_name":"rank_exp","param_value_internal":2.0,"distribution":"{\"name\": \"IntDistribution\", \"attributes\": {\"log\": false, \"step\": 1, \"low\": 0, \"high\": 5}}"}
{"op_code":5,"worker_id":"ae33553a-b09b-4626-ae27-0bc242816151-140737350539072","trial_id":1,"param_name":"lora_alpha","param_value_internal":0.0006975525351127996,"distribution":"{\"name\": \"FloatDistribution\", \"attributes\": {\"step\": null, \"low\": 0.0001, \"high\": 100.0, \"log\": true}}"}
{"op_code":5,"worker_id":"ae33553a-b09b-4626-ae27-0bc242816151-140737350539072","trial_id":1,"param_name":"tau_sec","param_value_internal":0.0,"distribution":"{\"name\": \"FloatDistribution\", \"attributes\": {\"step\": null, \"low\": 0.0, \"high\": 0.0, \"log\": false}}"}
{"op_code":5,"worker_id":"ae33553a-b09b-4626-ae27-0bc242816151-140737350539072","trial_id":1,"param_name":"out_noise","param_value_internal":0.0,"distribution":"{\"name\": \"FloatDistribution\", \"attributes\": {\"step\": null, \"low\": 0.0, \"high\": 0.0, \"log\": false}}"}
{"op_code":5,"worker_id":"ae33553a-b09b-4626-ae27-0bc242816151-140737350539072","trial_id":1,"param_name":"ab_weight_scaling_omega","param_value_internal":0.0,"distribution":"{\"name\": \"FloatDistribution\", \"attributes\": {\"step\": null, \"low\": 0.0, \"high\": 0.0, \"log\": false}}"}
{"op_code":5,"worker_id":"ae33553a-b09b-4626-ae27-0bc242816151-140737350539072","trial_id":1,"param_name":"min_lr_rate","param_value_internal":0.0,"distribution":"{\"name\": \"FloatDistribution\", \"attributes\": {\"step\": null, \"low\": 0.0, \"high\": 0.0, \"log\": false}}"}
{"op_code":7,"worker_id":"ae33553a-b09b-4626-ae27-0bc242816151-140737350539072","trial_id":1,"step":1,"intermediate_value":47.292418772563174}
{"op_code":8,"worker_id":"ae33553a-b09b-4626-ae27-0bc242816151-140737350539072","trial_id":1,"user_attr":{"train_loss_epoch_1":41154314.37257111}}
{"op_code":8,"worker_id":"ae33553a-b09b-4626-ae27-0bc242816151-140737350539072","trial_id":1,"user_attr":{"val_loss_epoch_1":227505224.0}}
{"op_code":7,"worker_id":"ae33553a-b09b-4626-ae27-0bc242816151-140737350539072","trial_id":1,"step":2,"intermediate_value":47.292418772563174}
{"op_code":8,"worker_id":"ae33553a-b09b-4626-ae27-0bc242816151-140737350539072","trial_id":1,"user_attr":{"train_loss_epoch_2":87014889.74278846}}
{"op_code":8,"worker_id":"ae33553a-b09b-4626-ae27-0bc242816151-140737350539072","trial_id":1,"user_attr":{"val_loss_epoch_2":68542544.0}}
{"op_code":7,"worker_id":"ae33553a-b09b-4626-ae27-0bc242816151-140737350539072","trial_id":1,"step":3,"intermediate_value":47.292418772563174}
{"op_code":8,"worker_id":"ae33553a-b09b-4626-ae27-0bc242816151-140737350539072","trial_id":1,"user_attr":{"train_loss_epoch_3":79447910.3349359}}
{"op_code":8,"worker_id":"ae33553a-b09b-4626-ae27-0bc242816151-140737350539072","trial_id":1,"user_attr":{"val_loss_epoch_3":19659212.0}}
{"op_code":7,"worker_id":"ae33553a-b09b-4626-ae27-0bc242816151-140737350539072","trial_id":1,"step":4,"intermediate_value":52.707581227436826}
{"op_code":8,"worker_id":"ae33553a-b09b-4626-ae27-0bc242816151-140737350539072","trial_id":1,"user_attr":{"train_loss_epoch_4":45912770.28044872}}
{"op_code":8,"worker_id":"ae33553a-b09b-4626-ae27-0bc242816151-140737350539072","trial_id":1,"user_attr":{"val_loss_epoch_4":36341332.0}}
{"op_code":7,"worker_id":"ae33553a-b09b-4626-ae27-0bc242816151-140737350539072","trial_id":1,"step":5,"intermediate_value":52.707581227436826}
{"op_code":8,"worker_id":"ae33553a-b09b-4626-ae27-0bc242816151-140737350539072","trial_id":1,"user_attr":{"train_loss_epoch_5":41723332.66245993}}
{"op_code":8,"worker_id":"ae33553a-b09b-4626-ae27-0bc242816151-140737350539072","trial_id":1,"user_attr":{"val_loss_epoch_5":17839674.0}}
{"op_code":7,"worker_id":"ae33553a-b09b-4626-ae27-0bc242816151-140737350539072","trial_id":1,"step":6,"intermediate_value":52.707581227436826}
{"op_code":8,"worker_id":"ae33553a-b09b-4626-ae27-0bc242816151-140737350539072","trial_id":1,"user_attr":{"train_loss_epoch_6":38529127.08012821}}
{"op_code":8,"worker_id":"ae33553a-b09b-4626-ae27-0bc242816151-140737350539072","trial_id":1,"user_attr":{"val_loss_epoch_6":26659011.0}}
{"op_code":7,"worker_id":"ae33553a-b09b-4626-ae27-0bc242816151-140737350539072","trial_id":1,"step":7,"intermediate_value":52.707581227436826}
{"op_code":8,"worker_id":"ae33553a-b09b-4626-ae27-0bc242816151-140737350539072","trial_id":1,"user_attr":{"train_loss_epoch_7":37302642.56089743}}
{"op_code":8,"worker_id":"ae33553a-b09b-4626-ae27-0bc242816151-140737350539072","trial_id":1,"user_attr":{"val_loss_epoch_7":9936576.0}}
{"op_code":7,"worker_id":"ae33553a-b09b-4626-ae27-0bc242816151-140737350539072","trial_id":1,"step":8,"intermediate_value":52.707581227436826}
{"op_code":8,"worker_id":"ae33553a-b09b-4626-ae27-0bc242816151-140737350539072","trial_id":1,"user_attr":{"train_loss_epoch_8":57054448.421875}}
{"op_code":8,"worker_id":"ae33553a-b09b-4626-ae27-0bc242816151-140737350539072","trial_id":1,"user_attr":{"val_loss_epoch_8":18717065.0}}
{"op_code":7,"worker_id":"ae33553a-b09b-4626-ae27-0bc242816151-140737350539072","trial_id":1,"step":9,"intermediate_value":52.707581227436826}
{"op_code":8,"worker_id":"ae33553a-b09b-4626-ae27-0bc242816151-140737350539072","trial_id":1,"user_attr":{"train_loss_epoch_9":47332154.05849359}}
{"op_code":8,"worker_id":"ae33553a-b09b-4626-ae27-0bc242816151-140737350539072","trial_id":1,"user_attr":{"val_loss_epoch_9":37182926.0}}
{"op_code":6,"worker_id":"ae33553a-b09b-4626-ae27-0bc242816151-140737350539072","trial_id":1,"state":1,"values":[52.707581227436826],"datetime_complete":"2026-02-21T20:45:33.352441"}
{"op_code":4,"worker_id":"ae33553a-b09b-4626-ae27-0bc242816151-140737350539072","study_id":0,"datetime_start":"2026-02-21T20:45:33.361045"}
{"op_code":5,"worker_id":"ae33553a-b09b-4626-ae27-0bc242816151-140737350539072","trial_id":2,"param_name":"learning_rate","param_value_internal":0.613837355486786,"distribution":"{\"name\": \"FloatDistribution\", \"attributes\": {\"step\": null, \"low\": 0.001, \"high\": 10.0, \"log\": true}}"}
{"op_code":5,"worker_id":"ae33553a-b09b-4626-ae27-0bc242816151-140737350539072","trial_id":2,"param_name":"transfer_lr","param_value_internal":87.60694235036621,"distribution":"{\"name\": \"FloatDistribution\", \"attributes\": {\"step\": null, \"low\": 0.0001, \"high\": 100.0, \"log\": true}}"}
{"op_code":5,"worker_id":"ae33553a-b09b-4626-ae27-0bc242816151-140737350539072","trial_id":2,"param_name":"transfer_every","param_value_internal":6591.0,"distribution":"{\"name\": \"IntDistribution\", \"attributes\": {\"log\": true, \"step\": 1, \"low\": 64, \"high\": 32000}}"}
{"op_code":5,"worker_id":"ae33553a-b09b-4626-ae27-0bc242816151-140737350539072","trial_id":2,"param_name":"rank_exp","param_value_internal":2.0,"distribution":"{\"name\": \"IntDistribution\", \"attributes\": {\"log\": false, \"step\": 1, \"low\": 0, \"high\": 5}}"}
{"op_code":5,"worker_id":"ae33553a-b09b-4626-ae27-0bc242816151-140737350539072","trial_id":2,"param_name":"lora_alpha","param_value_internal":4.360576222395295,"distribution":"{\"name\": \"FloatDistribution\", \"attributes\": {\"step\": null, \"low\": 0.0001, \"high\": 100.0, \"log\": true}}"}
{"op_code":5,"worker_id":"ae33553a-b09b-4626-ae27-0bc242816151-140737350539072","trial_id":2,"param_name":"tau_sec","param_value_internal":0.0,"distribution":"{\"name\": \"FloatDistribution\", \"attributes\": {\"step\": null, \"low\": 0.0, \"high\": 0.0, \"log\": false}}"}
{"op_code":5,"worker_id":"ae33553a-b09b-4626-ae27-0bc242816151-140737350539072","trial_id":2,"param_name":"out_noise","param_value_internal":0.0,"distribution":"{\"name\": \"FloatDistribution\", \"attributes\": {\"step\": null, \"low\": 0.0, \"high\": 0.0, \"log\": false}}"}
{"op_code":5,"worker_id":"ae33553a-b09b-4626-ae27-0bc242816151-140737350539072","trial_id":2,"param_name":"ab_weight_scaling_omega","param_value_internal":0.0,"distribution":"{\"name\": \"FloatDistribution\", \"attributes\": {\"step\": null, \"low\": 0.0, \"high\": 0.0, \"log\": false}}"}
{"op_code":5,"worker_id":"ae33553a-b09b-4626-ae27-0bc242816151-140737350539072","trial_id":2,"param_name":"min_lr_rate","param_value_internal":0.0,"distribution":"{\"name\": \"FloatDistribution\", \"attributes\": {\"step\": null, \"low\": 0.0, \"high\": 0.0, \"log\": false}}"}
{"op_code":7,"worker_id":"ae33553a-b09b-4626-ae27-0bc242816151-140737350539072","trial_id":2,"step":1,"intermediate_value":47.292418772563174}
{"op_code":8,"worker_id":"ae33553a-b09b-4626-ae27-0bc242816151-140737350539072","trial_id":2,"user_attr":{"train_loss_epoch_1":10508902.185471755}}
{"op_code":8,"worker_id":"ae33553a-b09b-4626-ae27-0bc242816151-140737350539072","trial_id":2,"user_attr":{"val_loss_epoch_1":4239322.5}}
{"op_code":7,"worker_id":"ae33553a-b09b-4626-ae27-0bc242816151-140737350539072","trial_id":2,"step":2,"intermediate_value":52.707581227436826}
{"op_code":8,"worker_id":"ae33553a-b09b-4626-ae27-0bc242816151-140737350539072","trial_id":2,"user_attr":{"train_loss_epoch_2":6417722.802483974}}
{"op_code":8,"worker_id":"ae33553a-b09b-4626-ae27-0bc242816151-140737350539072","trial_id":2,"user_attr":{"val_loss_epoch_2":5716515.5}}
{"op_code":7,"worker_id":"ae33553a-b09b-4626-ae27-0bc242816151-140737350539072","trial_id":2,"step":3,"intermediate_value":52.707581227436826}
{"op_code":8,"worker_id":"ae33553a-b09b-4626-ae27-0bc242816151-140737350539072","trial_id":2,"user_attr":{"train_loss_epoch_3":6852698.153044872}}
{"op_code":8,"worker_id":"ae33553a-b09b-4626-ae27-0bc242816151-140737350539072","trial_id":2,"user_attr":{"val_loss_epoch_3":7878948.5}}
{"op_code":6,"worker_id":"ae33553a-b09b-4626-ae27-0bc242816151-140737350539072","trial_id":2,"state":1,"values":[52.707581227436826],"datetime_complete":"2026-02-21T20:46:41.117537"}
{"op_code":4,"worker_id":"ae33553a-b09b-4626-ae27-0bc242816151-140737350539072","study_id":0,"datetime_start":"2026-02-21T20:46:41.125069"}
{"op_code":5,"worker_id":"ae33553a-b09b-4626-ae27-0bc242816151-140737350539072","trial_id":3,"param_name":"learning_rate","param_value_internal":0.2339552184465281,"distribution":"{\"name\": \"FloatDistribution\", \"attributes\": {\"step\": null, \"low\": 0.001, \"high\": 10.0, \"log\": true}}"}
{"op_code":5,"worker_id":"ae33553a-b09b-4626-ae27-0bc242816151-140737350539072","trial_id":3,"param_name":"transfer_lr","param_value_internal":0.007128752076145342,"distribution":"{\"name\": \"FloatDistribution\", \"attributes\": {\"step\": null, \"low\": 0.0001, \"high\": 100.0, \"log\": true}}"}
{"op_code":5,"worker_id":"ae33553a-b09b-4626-ae27-0bc242816151-140737350539072","trial_id":3,"param_name":"transfer_every","param_value_internal":942.0,"distribution":"{\"name\": \"IntDistribution\", \"attributes\": {\"log\": true, \"step\": 1, \"low\": 64, \"high\": 32000}}"}
{"op_code":5,"worker_id":"ae33553a-b09b-4626-ae27-0bc242816151-140737350539072","trial_id":3,"param_name":"rank_exp","param_value_internal":2.0,"distribution":"{\"name\": \"IntDistribution\", \"attributes\": {\"log\": false, \"step\": 1, \"low\": 0, \"high\": 5}}"}
{"op_code":5,"worker_id":"ae33553a-b09b-4626-ae27-0bc242816151-140737350539072","trial_id":3,"param_name":"lora_alpha","param_value_internal":0.00022678136224431152,"distribution":"{\"name\": \"FloatDistribution\", \"attributes\": {\"step\": null, \"low\": 0.0001, \"high\": 100.0, \"log\": true}}"}
{"op_code":5,"worker_id":"ae33553a-b09b-4626-ae27-0bc242816151-140737350539072","trial_id":3,"param_name":"tau_sec","param_value_internal":0.0,"distribution":"{\"name\": \"FloatDistribution\", \"attributes\": {\"step\": null, \"low\": 0.0, \"high\": 0.0, \"log\": false}}"}
{"op_code":5,"worker_id":"ae33553a-b09b-4626-ae27-0bc242816151-140737350539072","trial_id":3,"param_name":"out_noise","param_value_internal":0.0,"distribution":"{\"name\": \"FloatDistribution\", \"attributes\": {\"step\": null, \"low\": 0.0, \"high\": 0.0, \"log\": false}}"}
{"op_code":5,"worker_id":"ae33553a-b09b-4626-ae27-0bc242816151-140737350539072","trial_id":3,"param_name":"ab_weight_scaling_omega","param_value_internal":0.0,"distribution":"{\"name\": \"FloatDistribution\", \"attributes\": {\"step\": null, \"low\": 0.0, \"high\": 0.0, \"log\": false}}"}
{"op_code":5,"worker_id":"ae33553a-b09b-4626-ae27-0bc242816151-140737350539072","trial_id":3,"param_name":"min_lr_rate","param_value_internal":0.0,"distribution":"{\"name\": \"FloatDistribution\", \"attributes\": {\"step\": null, \"low\": 0.0, \"high\": 0.0, \"log\": false}}"}
{"op_code":7,"worker_id":"ae33553a-b09b-4626-ae27-0bc242816151-140737350539072","trial_id":3,"step":1,"intermediate_value":52.707581227436826}
{"op_code":8,"worker_id":"ae33553a-b09b-4626-ae27-0bc242816151-140737350539072","trial_id":3,"user_attr":{"train_loss_epoch_1":11168043.497145433}}
{"op_code":8,"worker_id":"ae33553a-b09b-4626-ae27-0bc242816151-140737350539072","trial_id":3,"user_attr":{"val_loss_epoch_1":2216148.6875}}
{"op_code":7,"worker_id":"ae33553a-b09b-4626-ae27-0bc242816151-140737350539072","trial_id":3,"step":2,"intermediate_value":52.707581227436826}
{"op_code":8,"worker_id":"ae33553a-b09b-4626-ae27-0bc242816151-140737350539072","trial_id":3,"user_attr":{"train_loss_epoch_2":4408271.672375801}}
{"op_code":8,"worker_id":"ae33553a-b09b-4626-ae27-0bc242816151-140737350539072","trial_id":3,"user_attr":{"val_loss_epoch_2":7921761.75}}
{"op_code":7,"worker_id":"ae33553a-b09b-4626-ae27-0bc242816151-140737350539072","trial_id":3,"step":3,"intermediate_value":52.707581227436826}
{"op_code":8,"worker_id":"ae33553a-b09b-4626-ae27-0bc242816151-140737350539072","trial_id":3,"user_attr":{"train_loss_epoch_3":4070047.2194010415}}
{"op_code":8,"worker_id":"ae33553a-b09b-4626-ae27-0bc242816151-140737350539072","trial_id":3,"user_attr":{"val_loss_epoch_3":932788.53125}}
{"op_code":7,"worker_id":"ae33553a-b09b-4626-ae27-0bc242816151-140737350539072","trial_id":3,"step":4,"intermediate_value":52.707581227436826}
{"op_code":8,"worker_id":"ae33553a-b09b-4626-ae27-0bc242816151-140737350539072","trial_id":3,"user_attr":{"train_loss_epoch_4":3720729.2143429485}}
{"op_code":8,"worker_id":"ae33553a-b09b-4626-ae27-0bc242816151-140737350539072","trial_id":3,"user_attr":{"val_loss_epoch_4":10092267.5}}
{"op_code":7,"worker_id":"ae33553a-b09b-4626-ae27-0bc242816151-140737350539072","trial_id":3,"step":5,"intermediate_value":52.707581227436826}
{"op_code":8,"worker_id":"ae33553a-b09b-4626-ae27-0bc242816151-140737350539072","trial_id":3,"user_attr":{"train_loss_epoch_5":3913756.469901843}}
{"op_code":8,"worker_id":"ae33553a-b09b-4626-ae27-0bc242816151-140737350539072","trial_id":3,"user_attr":{"val_loss_epoch_5":864030.4375}}
{"op_code":7,"worker_id":"ae33553a-b09b-4626-ae27-0bc242816151-140737350539072","trial_id":3,"step":6,"intermediate_value":52.707581227436826}
{"op_code":8,"worker_id":"ae33553a-b09b-4626-ae27-0bc242816151-140737350539072","trial_id":3,"user_attr":{"train_loss_epoch_6":3533856.4193209135}}
{"op_code":8,"worker_id":"ae33553a-b09b-4626-ae27-0bc242816151-140737350539072","trial_id":3,"user_attr":{"val_loss_epoch_6":697147.3125}}
{"op_code":7,"worker_id":"ae33553a-b09b-4626-ae27-0bc242816151-140737350539072","trial_id":3,"step":7,"intermediate_value":52.707581227436826}
{"op_code":8,"worker_id":"ae33553a-b09b-4626-ae27-0bc242816151-140737350539072","trial_id":3,"user_attr":{"train_loss_epoch_7":2794528.6747796475}}
{"op_code":8,"worker_id":"ae33553a-b09b-4626-ae27-0bc242816151-140737350539072","trial_id":3,"user_attr":{"val_loss_epoch_7":1679845.6875}}
{"op_code":7,"worker_id":"ae33553a-b09b-4626-ae27-0bc242816151-140737350539072","trial_id":3,"step":8,"intermediate_value":52.707581227436826}
{"op_code":8,"worker_id":"ae33553a-b09b-4626-ae27-0bc242816151-140737350539072","trial_id":3,"user_attr":{"train_loss_epoch_8":3018514.077724359}}
{"op_code":8,"worker_id":"ae33553a-b09b-4626-ae27-0bc242816151-140737350539072","trial_id":3,"user_attr":{"val_loss_epoch_8":111474.921875}}
{"op_code":7,"worker_id":"ae33553a-b09b-4626-ae27-0bc242816151-140737350539072","trial_id":3,"step":9,"intermediate_value":52.707581227436826}
{"op_code":8,"worker_id":"ae33553a-b09b-4626-ae27-0bc242816151-140737350539072","trial_id":3,"user_attr":{"train_loss_epoch_9":2912799.8052383815}}
{"op_code":8,"worker_id":"ae33553a-b09b-4626-ae27-0bc242816151-140737350539072","trial_id":3,"user_attr":{"val_loss_epoch_9":1472469.875}}
{"op_code":7,"worker_id":"ae33553a-b09b-4626-ae27-0bc242816151-140737350539072","trial_id":3,"step":10,"intermediate_value":52.707581227436826}
{"op_code":8,"worker_id":"ae33553a-b09b-4626-ae27-0bc242816151-140737350539072","trial_id":3,"user_attr":{"train_loss_epoch_10":2463169.841421274}}
{"op_code":8,"worker_id":"ae33553a-b09b-4626-ae27-0bc242816151-140737350539072","trial_id":3,"user_attr":{"val_loss_epoch_10":3413025.125}}
{"op_code":6,"worker_id":"ae33553a-b09b-4626-ae27-0bc242816151-140737350539072","trial_id":3,"state":1,"values":[52.707581227436826],"datetime_complete":"2026-02-21T20:49:59.164019"}
{"op_code":4,"worker_id":"ae33553a-b09b-4626-ae27-0bc242816151-140737350539072","study_id":0,"datetime_start":"2026-02-21T20:49:59.171407"}
{"op_code":5,"worker_id":"ae33553a-b09b-4626-ae27-0bc242816151-140737350539072","trial_id":4,"param_name":"learning_rate","param_value_internal":0.004548218648410298,"distribution":"{\"name\": \"FloatDistribution\", \"attributes\": {\"step\": null, \"low\": 0.001, \"high\": 10.0, \"log\": true}}"}
{"op_code":5,"worker_id":"ae33553a-b09b-4626-ae27-0bc242816151-140737350539072","trial_id":4,"param_name":"transfer_lr","param_value_internal":41.57176755101267,"distribution":"{\"name\": \"FloatDistribution\", \"attributes\": {\"step\": null, \"low\": 0.0001, \"high\": 100.0, \"log\": true}}"}
{"op_code":5,"worker_id":"ae33553a-b09b-4626-ae27-0bc242816151-140737350539072","trial_id":4,"param_name":"transfer_every","param_value_internal":1359.0,"distribution":"{\"name\": \"IntDistribution\", \"attributes\": {\"log\": true, \"step\": 1, \"low\": 64, \"high\": 32000}}"}
{"op_code":5,"worker_id":"ae33553a-b09b-4626-ae27-0bc242816151-140737350539072","trial_id":4,"param_name":"rank_exp","param_value_internal":5.0,"distribution":"{\"name\": \"IntDistribution\", \"attributes\": {\"log\": false, \"step\": 1, \"low\": 0, \"high\": 5}}"}
{"op_code":5,"worker_id":"ae33553a-b09b-4626-ae27-0bc242816151-140737350539072","trial_id":4,"param_name":"lora_alpha","param_value_internal":2.5681038237544653,"distribution":"{\"name\": \"FloatDistribution\", \"attributes\": {\"step\": null, \"low\": 0.0001, \"high\": 100.0, \"log\": true}}"}
{"op_code":5,"worker_id":"ae33553a-b09b-4626-ae27-0bc242816151-140737350539072","trial_id":4,"param_name":"tau_sec","param_value_internal":0.0,"distribution":"{\"name\": \"FloatDistribution\", \"attributes\": {\"step\": null, \"low\": 0.0, \"high\": 0.0, \"log\": false}}"}
{"op_code":5,"worker_id":"ae33553a-b09b-4626-ae27-0bc242816151-140737350539072","trial_id":4,"param_name":"out_noise","param_value_internal":0.0,"distribution":"{\"name\": \"FloatDistribution\", \"attributes\": {\"step\": null, \"low\": 0.0, \"high\": 0.0, \"log\": false}}"}
{"op_code":5,"worker_id":"ae33553a-b09b-4626-ae27-0bc242816151-140737350539072","trial_id":4,"param_name":"ab_weight_scaling_omega","param_value_internal":0.0,"distribution":"{\"name\": \"FloatDistribution\", \"attributes\": {\"step\": null, \"low\": 0.0, \"high\": 0.0, \"log\": false}}"}
{"op_code":5,"worker_id":"ae33553a-b09b-4626-ae27-0bc242816151-140737350539072","trial_id":4,"param_name":"min_lr_rate","param_value_internal":0.0,"distribution":"{\"name\": \"FloatDistribution\", \"attributes\": {\"step\": null, \"low\": 0.0, \"high\": 0.0, \"log\": false}}"}
{"op_code":7,"worker_id":"ae33553a-b09b-4626-ae27-0bc242816151-140737350539072","trial_id":4,"step":1,"intermediate_value":47.292418772563174}
{"op_code":8,"worker_id":"ae33553a-b09b-4626-ae27-0bc242816151-140737350539072","trial_id":4,"user_attr":{"train_loss_epoch_1":31225384.022435896}}
{"op_code":8,"worker_id":"ae33553a-b09b-4626-ae27-0bc242816151-140737350539072","trial_id":4,"user_attr":{"val_loss_epoch_1":901586.875}}
{"op_code":7,"worker_id":"ae33553a-b09b-4626-ae27-0bc242816151-140737350539072","trial_id":4,"step":2,"intermediate_value":47.292418772563174}
{"op_code":8,"worker_id":"ae33553a-b09b-4626-ae27-0bc242816151-140737350539072","trial_id":4,"user_attr":{"train_loss_epoch_2":24278209.669070512}}
{"op_code":8,"worker_id":"ae33553a-b09b-4626-ae27-0bc242816151-140737350539072","trial_id":4,"user_attr":{"val_loss_epoch_2":1096403.6875}}
{"op_code":7,"worker_id":"ae33553a-b09b-4626-ae27-0bc242816151-140737350539072","trial_id":4,"step":3,"intermediate_value":52.707581227436826}
{"op_code":8,"worker_id":"ae33553a-b09b-4626-ae27-0bc242816151-140737350539072","trial_id":4,"user_attr":{"train_loss_epoch_3":17498508.619391024}}
{"op_code":8,"worker_id":"ae33553a-b09b-4626-ae27-0bc242816151-140737350539072","trial_id":4,"user_attr":{"val_loss_epoch_3":11754190.0}}
{"op_code":6,"worker_id":"ae33553a-b09b-4626-ae27-0bc242816151-140737350539072","trial_id":4,"state":1,"values":[52.707581227436826],"datetime_complete":"2026-02-21T20:52:02.098765"}
{"op_code":4,"worker_id":"ae33553a-b09b-4626-ae27-0bc242816151-140737350539072","study_id":0,"datetime_start":"2026-02-21T20:52:02.110574"}
{"op_code":5,"worker_id":"ae33553a-b09b-4626-ae27-0bc242816151-140737350539072","trial_id":5,"param_name":"learning_rate","param_value_internal":1.584813103322454,"distribution":"{\"name\": \"FloatDistribution\", \"attributes\": {\"step\": null, \"low\": 0.001, \"high\": 10.0, \"log\": true}}"}
{"op_code":5,"worker_id":"ae33553a-b09b-4626-ae27-0bc242816151-140737350539072","trial_id":5,"param_name":"transfer_lr","param_value_internal":0.008383083347606441,"distribution":"{\"name\": \"FloatDistribution\", \"attributes\": {\"step\": null, \"low\": 0.0001, \"high\": 100.0, \"log\": true}}"}
{"op_code":5,"worker_id":"ae33553a-b09b-4626-ae27-0bc242816151-140737350539072","trial_id":5,"param_name":"transfer_every","param_value_internal":3649.0,"distribution":"{\"name\": \"IntDistribution\", \"attributes\": {\"log\": true, \"step\": 1, \"low\": 64, \"high\": 32000}}"}
{"op_code":5,"worker_id":"ae33553a-b09b-4626-ae27-0bc242816151-140737350539072","trial_id":5,"param_name":"rank_exp","param_value_internal":4.0,"distribution":"{\"name\": \"IntDistribution\", \"attributes\": {\"log\": false, \"step\": 1, \"low\": 0, \"high\": 5}}"}
{"op_code":5,"worker_id":"ae33553a-b09b-4626-ae27-0bc242816151-140737350539072","trial_id":5,"param_name":"lora_alpha","param_value_internal":16.831952008229422,"distribution":"{\"name\": \"FloatDistribution\", \"attributes\": {\"step\": null, \"low\": 0.0001, \"high\": 100.0, \"log\": true}}"}
{"op_code":5,"worker_id":"ae33553a-b09b-4626-ae27-0bc242816151-140737350539072","trial_id":5,"param_name":"tau_sec","param_value_internal":0.0,"distribution":"{\"name\": \"FloatDistribution\", \"attributes\": {\"step\": null, \"low\": 0.0, \"high\": 0.0, \"log\": false}}"}
{"op_code":5,"worker_id":"ae33553a-b09b-4626-ae27-0bc242816151-140737350539072","trial_id":5,"param_name":"out_noise","param_value_internal":0.0,"distribution":"{\"name\": \"FloatDistribution\", \"attributes\": {\"step\": null, \"low\": 0.0, \"high\": 0.0, \"log\": false}}"}
{"op_code":5,"worker_id":"ae33553a-b09b-4626-ae27-0bc242816151-140737350539072","trial_id":5,"param_name":"ab_weight_scaling_omega","param_value_internal":0.0,"distribution":"{\"name\": \"FloatDistribution\", \"attributes\": {\"step\": null, \"low\": 0.0, \"high\": 0.0, \"log\": false}}"}
{"op_code":5,"worker_id":"ae33553a-b09b-4626-ae27-0bc242816151-140737350539072","trial_id":5,"param_name":"min_lr_rate","param_value_internal":0.0,"distribution":"{\"name\": \"FloatDistribution\", \"attributes\": {\"step\": null, \"low\": 0.0, \"high\": 0.0, \"log\": false}}"}
{"op_code":7,"worker_id":"ae33553a-b09b-4626-ae27-0bc242816151-140737350539072","trial_id":5,"step":1,"intermediate_value":47.292418772563174}
{"op_code":8,"worker_id":"ae33553a-b09b-4626-ae27-0bc242816151-140737350539072","trial_id":5,"user_attr":{"train_loss_epoch_1":12251876.349158654}}
{"op_code":8,"worker_id":"ae33553a-b09b-4626-ae27-0bc242816151-140737350539072","trial_id":5,"user_attr":{"val_loss_epoch_1":19702527.0}}
{"op_code":7,"worker_id":"ae33553a-b09b-4626-ae27-0bc242816151-140737350539072","trial_id":5,"step":2,"intermediate_value":52.707581227436826}
{"op_code":8,"worker_id":"ae33553a-b09b-4626-ae27-0bc242816151-140737350539072","trial_id":5,"user_attr":{"train_loss_epoch_2":26430940.129006412}}
{"op_code":8,"worker_id":"ae33553a-b09b-4626-ae27-0bc242816151-140737350539072","trial_id":5,"user_attr":{"val_loss_epoch_2":53088194.0}}
{"op_code":7,"worker_id":"ae33553a-b09b-4626-ae27-0bc242816151-140737350539072","trial_id":5,"step":3,"intermediate_value":52.707581227436826}
{"op_code":8,"worker_id":"ae33553a-b09b-4626-ae27-0bc242816151-140737350539072","trial_id":5,"user_attr":{"train_loss_epoch_3":29546584.46854968}}
{"op_code":8,"worker_id":"ae33553a-b09b-4626-ae27-0bc242816151-140737350539072","trial_id":5,"user_attr":{"val_loss_epoch_3":22529336.0}}
{"op_code":6,"worker_id":"ae33553a-b09b-4626-ae27-0bc242816151-140737350539072","trial_id":5,"state":1,"values":[52.707581227436826],"datetime_complete":"2026-02-21T20:54:29.348975"}
{"op_code":4,"worker_id":"ae33553a-b09b-4626-ae27-0bc242816151-140737350539072","study_id":0,"datetime_start":"2026-02-21T20:54:29.358742"}
{"op_code":5,"worker_id":"ae33553a-b09b-4626-ae27-0bc242816151-140737350539072","trial_id":6,"param_name":"learning_rate","param_value_internal":3.6212262661488586,"distribution":"{\"name\": \"FloatDistribution\", \"attributes\": {\"step\": null, \"low\": 0.001, \"high\": 10.0, \"log\": true}}"}
{"op_code":5,"worker_id":"ae33553a-b09b-4626-ae27-0bc242816151-140737350539072","trial_id":6,"param_name":"transfer_lr","param_value_internal":0.01617651831866136,"distribution":"{\"name\": \"FloatDistribution\", \"attributes\": {\"step\": null, \"low\": 0.0001, \"high\": 100.0, \"log\": true}}"}
{"op_code":5,"worker_id":"ae33553a-b09b-4626-ae27-0bc242816151-140737350539072","trial_id":6,"param_name":"transfer_every","param_value_internal":1012.0,"distribution":"{\"name\": \"IntDistribution\", \"attributes\": {\"log\": true, \"step\": 1, \"low\": 64, \"high\": 32000}}"}
{"op_code":5,"worker_id":"ae33553a-b09b-4626-ae27-0bc242816151-140737350539072","trial_id":6,"param_name":"rank_exp","param_value_internal":5.0,"distribution":"{\"name\": \"IntDistribution\", \"attributes\": {\"log\": false, \"step\": 1, \"low\": 0, \"high\": 5}}"}
{"op_code":5,"worker_id":"ae33553a-b09b-4626-ae27-0bc242816151-140737350539072","trial_id":6,"param_name":"lora_alpha","param_value_internal":0.590561958169626,"distribution":"{\"name\": \"FloatDistribution\", \"attributes\": {\"step\": null, \"low\": 0.0001, \"high\": 100.0, \"log\": true}}"}
{"op_code":5,"worker_id":"ae33553a-b09b-4626-ae27-0bc242816151-140737350539072","trial_id":6,"param_name":"tau_sec","param_value_internal":0.0,"distribution":"{\"name\": \"FloatDistribution\", \"attributes\": {\"step\": null, \"low\": 0.0, \"high\": 0.0, \"log\": false}}"}
{"op_code":5,"worker_id":"ae33553a-b09b-4626-ae27-0bc242816151-140737350539072","trial_id":6,"param_name":"out_noise","param_value_internal":0.0,"distribution":"{\"name\": \"FloatDistribution\", \"attributes\": {\"step\": null, \"low\": 0.0, \"high\": 0.0, \"log\": false}}"}
{"op_code":5,"worker_id":"ae33553a-b09b-4626-ae27-0bc242816151-140737350539072","trial_id":6,"param_name":"ab_weight_scaling_omega","param_value_internal":0.0,"distribution":"{\"name\": \"FloatDistribution\", \"attributes\": {\"step\": null, \"low\": 0.0, \"high\": 0.0, \"log\": false}}"}
{"op_code":5,"worker_id":"ae33553a-b09b-4626-ae27-0bc242816151-140737350539072","trial_id":6,"param_name":"min_lr_rate","param_value_internal":0.0,"distribution":"{\"name\": \"FloatDistribution\", \"attributes\": {\"step\": null, \"low\": 0.0, \"high\": 0.0, \"log\": false}}"}
{"op_code":7,"worker_id":"ae33553a-b09b-4626-ae27-0bc242816151-140737350539072","trial_id":6,"step":1,"intermediate_value":52.707581227436826}
{"op_code":8,"worker_id":"ae33553a-b09b-4626-ae27-0bc242816151-140737350539072","trial_id":6,"user_attr":{"train_loss_epoch_1":34804138.11378205}}
{"op_code":8,"worker_id":"ae33553a-b09b-4626-ae27-0bc242816151-140737350539072","trial_id":6,"user_attr":{"val_loss_epoch_1":53350668.0}}
{"op_code":7,"worker_id":"ae33553a-b09b-4626-ae27-0bc242816151-140737350539072","trial_id":6,"step":2,"intermediate_value":52.707581227436826}
{"op_code":8,"worker_id":"ae33553a-b09b-4626-ae27-0bc242816151-140737350539072","trial_id":6,"user_attr":{"train_loss_epoch_2":69236572.03485577}}
{"op_code":8,"worker_id":"ae33553a-b09b-4626-ae27-0bc242816151-140737350539072","trial_id":6,"user_attr":{"val_loss_epoch_2":202197048.0}}
{"op_code":7,"worker_id":"ae33553a-b09b-4626-ae27-0bc242816151-140737350539072","trial_id":6,"step":3,"intermediate_value":52.707581227436826}
{"op_code":8,"worker_id":"ae33553a-b09b-4626-ae27-0bc242816151-140737350539072","trial_id":6,"user_attr":{"train_loss_epoch_3":55871193.33052885}}
{"op_code":8,"worker_id":"ae33553a-b09b-4626-ae27-0bc242816151-140737350539072","trial_id":6,"user_attr":{"val_loss_epoch_3":30619209.0}}
{"op_code":7,"worker_id":"ae33553a-b09b-4626-ae27-0bc242816151-140737350539072","trial_id":6,"step":4,"intermediate_value":52.707581227436826}
{"op_code":8,"worker_id":"ae33553a-b09b-4626-ae27-0bc242816151-140737350539072","trial_id":6,"user_attr":{"train_loss_epoch_4":70668163.99559295}}
{"op_code":8,"worker_id":"ae33553a-b09b-4626-ae27-0bc242816151-140737350539072","trial_id":6,"user_attr":{"val_loss_epoch_4":25373575.0}}
{"op_code":7,"worker_id":"ae33553a-b09b-4626-ae27-0bc242816151-140737350539072","trial_id":6,"step":5,"intermediate_value":52.707581227436826}
{"op_code":8,"worker_id":"ae33553a-b09b-4626-ae27-0bc242816151-140737350539072","trial_id":6,"user_attr":{"train_loss_epoch_5":62550464.740384616}}
{"op_code":8,"worker_id":"ae33553a-b09b-4626-ae27-0bc242816151-140737350539072","trial_id":6,"user_attr":{"val_loss_epoch_5":5023525.0}}
{"op_code":7,"worker_id":"ae33553a-b09b-4626-ae27-0bc242816151-140737350539072","trial_id":6,"step":6,"intermediate_value":52.707581227436826}
{"op_code":8,"worker_id":"ae33553a-b09b-4626-ae27-0bc242816151-140737350539072","trial_id":6,"user_attr":{"train_loss_epoch_6":60249645.80929487}}
{"op_code":8,"worker_id":"ae33553a-b09b-4626-ae27-0bc242816151-140737350539072","trial_id":6,"user_attr":{"val_loss_epoch_6":8059825.0}}
{"op_code":7,"worker_id":"ae33553a-b09b-4626-ae27-0bc242816151-140737350539072","trial_id":6,"step":7,"intermediate_value":52.707581227436826}
{"op_code":8,"worker_id":"ae33553a-b09b-4626-ae27-0bc242816151-140737350539072","trial_id":6,"user_attr":{"train_loss_epoch_7":37625606.90504808}}
{"op_code":8,"worker_id":"ae33553a-b09b-4626-ae27-0bc242816151-140737350539072","trial_id":6,"user_attr":{"val_loss_epoch_7":41537948.0}}
{"op_code":6,"worker_id":"ae33553a-b09b-4626-ae27-0bc242816151-140737350539072","trial_id":6,"state":1,"values":[52.707581227436826],"datetime_complete":"2026-02-21T20:58:32.613888"}
{"op_code":4,"worker_id":"ae33553a-b09b-4626-ae27-0bc242816151-140737350539072","study_id":0,"datetime_start":"2026-02-21T20:58:32.621039"}
{"op_code":5,"worker_id":"ae33553a-b09b-4626-ae27-0bc242816151-140737350539072","trial_id":7,"param_name":"learning_rate","param_value_internal":0.0015117259193941867,"distribution":"{\"name\": \"FloatDistribution\", \"attributes\": {\"step\": null, \"low\": 0.001, \"high\": 10.0, \"log\": true}}"}
{"op_code":5,"worker_id":"ae33553a-b09b-4626-ae27-0bc242816151-140737350539072","trial_id":7,"param_name":"transfer_lr","param_value_internal":8.86125820529592,"distribution":"{\"name\": \"FloatDistribution\", \"attributes\": {\"step\": null, \"low\": 0.0001, \"high\": 100.0, \"log\": true}}"}
{"op_code":5,"worker_id":"ae33553a-b09b-4626-ae27-0bc242816151-140737350539072","trial_id":7,"param_name":"transfer_every","param_value_internal":5293.0,"distribution":"{\"name\": \"IntDistribution\", \"attributes\": {\"log\": true, \"step\": 1, \"low\": 64, \"high\": 32000}}"}
{"op_code":5,"worker_id":"ae33553a-b09b-4626-ae27-0bc242816151-140737350539072","trial_id":7,"param_name":"rank_exp","param_value_internal":2.0,"distribution":"{\"name\": \"IntDistribution\", \"attributes\": {\"log\": false, \"step\": 1, \"low\": 0, \"high\": 5}}"}
{"op_code":5,"worker_id":"ae33553a-b09b-4626-ae27-0bc242816151-140737350539072","trial_id":7,"param_name":"lora_alpha","param_value_internal":0.07611563881884932,"distribution":"{\"name\": \"FloatDistribution\", \"attributes\": {\"step\": null, \"low\": 0.0001, \"high\": 100.0, \"log\": true}}"}
{"op_code":5,"worker_id":"ae33553a-b09b-4626-ae27-0bc242816151-140737350539072","trial_id":7,"param_name":"tau_sec","param_value_internal":0.0,"distribution":"{\"name\": \"FloatDistribution\", \"attributes\": {\"step\": null, \"low\": 0.0, \"high\": 0.0, \"log\": false}}"}
{"op_code":5,"worker_id":"ae33553a-b09b-4626-ae27-0bc242816151-140737350539072","trial_id":7,"param_name":"out_noise","param_value_internal":0.0,"distribution":"{\"name\": \"FloatDistribution\", \"attributes\": {\"step\": null, \"low\": 0.0, \"high\": 0.0, \"log\": false}}"}
{"op_code":5,"worker_id":"ae33553a-b09b-4626-ae27-0bc242816151-140737350539072","trial_id":7,"param_name":"ab_weight_scaling_omega","param_value_internal":0.0,"distribution":"{\"name\": \"FloatDistribution\", \"attributes\": {\"step\": null, \"low\": 0.0, \"high\": 0.0, \"log\": false}}"}
{"op_code":5,"worker_id":"ae33553a-b09b-4626-ae27-0bc242816151-140737350539072","trial_id":7,"param_name":"min_lr_rate","param_value_internal":0.0,"distribution":"{\"name\": \"FloatDistribution\", \"attributes\": {\"step\": null, \"low\": 0.0, \"high\": 0.0, \"log\": false}}"}
{"op_code":7,"worker_id":"ae33553a-b09b-4626-ae27-0bc242816151-140737350539072","trial_id":7,"step":1,"intermediate_value":47.292418772563174}
{"op_code":8,"worker_id":"ae33553a-b09b-4626-ae27-0bc242816151-140737350539072","trial_id":7,"user_attr":{"train_loss_epoch_1":32835463.496794872}}
{"op_code":8,"worker_id":"ae33553a-b09b-4626-ae27-0bc242816151-140737350539072","trial_id":7,"user_attr":{"val_loss_epoch_1":15138583.5}}
{"op_code":7,"worker_id":"ae33553a-b09b-4626-ae27-0bc242816151-140737350539072","trial_id":7,"step":2,"intermediate_value":47.292418772563174}
{"op_code":8,"worker_id":"ae33553a-b09b-4626-ae27-0bc242816151-140737350539072","trial_id":7,"user_attr":{"train_loss_epoch_2":30187743.115384616}}
{"op_code":8,"worker_id":"ae33553a-b09b-4626-ae27-0bc242816151-140737350539072","trial_id":7,"user_attr":{"val_loss_epoch_2":22160595.0}}
{"op_code":7,"worker_id":"ae33553a-b09b-4626-ae27-0bc242816151-140737350539072","trial_id":7,"step":3,"intermediate_value":47.292418772563174}
{"op_code":8,"worker_id":"ae33553a-b09b-4626-ae27-0bc242816151-140737350539072","trial_id":7,"user_attr":{"train_loss_epoch_3":26330932.83573718}}
{"op_code":8,"worker_id":"ae33553a-b09b-4626-ae27-0bc242816151-140737350539072","trial_id":7,"user_attr":{"val_loss_epoch_3":29090334.0}}
{"op_code":6,"worker_id":"ae33553a-b09b-4626-ae27-0bc242816151-140737350539072","trial_id":7,"state":1,"values":[47.292418772563174],"datetime_complete":"2026-02-21T20:59:39.586548"}
{"op_code":4,"worker_id":"ae33553a-b09b-4626-ae27-0bc242816151-140737350539072","study_id":0,"datetime_start":"2026-02-21T20:59:39.597777"}
{"op_code":5,"worker_id":"ae33553a-b09b-4626-ae27-0bc242816151-140737350539072","trial_id":8,"param_name":"learning_rate","param_value_internal":0.001272917776594865,"distribution":"{\"name\": \"FloatDistribution\", \"attributes\": {\"step\": null, \"low\": 0.001, \"high\": 10.0, \"log\": true}}"}
{"op_code":5,"worker_id":"ae33553a-b09b-4626-ae27-0bc242816151-140737350539072","trial_id":8,"param_name":"transfer_lr","param_value_internal":0.005303725596596104,"distribution":"{\"name\": \"FloatDistribution\", \"attributes\": {\"step\": null, \"low\": 0.0001, \"high\": 100.0, \"log\": true}}"}
{"op_code":5,"worker_id":"ae33553a-b09b-4626-ae27-0bc242816151-140737350539072","trial_id":8,"param_name":"transfer_every","param_value_internal":4759.0,"distribution":"{\"name\": \"IntDistribution\", \"attributes\": {\"log\": true, \"step\": 1, \"low\": 64, \"high\": 32000}}"}
{"op_code":5,"worker_id":"ae33553a-b09b-4626-ae27-0bc242816151-140737350539072","trial_id":8,"param_name":"rank_exp","param_value_internal":4.0,"distribution":"{\"name\": \"IntDistribution\", \"attributes\": {\"log\": false, \"step\": 1, \"low\": 0, \"high\": 5}}"}
{"op_code":5,"worker_id":"ae33553a-b09b-4626-ae27-0bc242816151-140737350539072","trial_id":8,"param_name":"lora_alpha","param_value_internal":0.218349357842456,"distribution":"{\"name\": \"FloatDistribution\", \"attributes\": {\"step\": null, \"low\": 0.0001, \"high\": 100.0, \"log\": true}}"}
{"op_code":5,"worker_id":"ae33553a-b09b-4626-ae27-0bc242816151-140737350539072","trial_id":8,"param_name":"tau_sec","param_value_internal":0.0,"distribution":"{\"name\": \"FloatDistribution\", \"attributes\": {\"step\": null, \"low\": 0.0, \"high\": 0.0, \"log\": false}}"}
{"op_code":5,"worker_id":"ae33553a-b09b-4626-ae27-0bc242816151-140737350539072","trial_id":8,"param_name":"out_noise","param_value_internal":0.0,"distribution":"{\"name\": \"FloatDistribution\", \"attributes\": {\"step\": null, \"low\": 0.0, \"high\": 0.0, \"log\": false}}"}
{"op_code":5,"worker_id":"ae33553a-b09b-4626-ae27-0bc242816151-140737350539072","trial_id":8,"param_name":"ab_weight_scaling_omega","param_value_internal":0.0,"distribution":"{\"name\": \"FloatDistribution\", \"attributes\": {\"step\": null, \"low\": 0.0, \"high\": 0.0, \"log\": false}}"}
{"op_code":5,"worker_id":"ae33553a-b09b-4626-ae27-0bc242816151-140737350539072","trial_id":8,"param_name":"min_lr_rate","param_value_internal":0.0,"distribution":"{\"name\": \"FloatDistribution\", \"attributes\": {\"step\": null, \"low\": 0.0, \"high\": 0.0, \"log\": false}}"}
{"op_code":7,"worker_id":"ae33553a-b09b-4626-ae27-0bc242816151-140737350539072","trial_id":8,"step":1,"intermediate_value":47.292418772563174}
{"op_code":8,"worker_id":"ae33553a-b09b-4626-ae27-0bc242816151-140737350539072","trial_id":8,"user_attr":{"train_loss_epoch_1":30950181.301282052}}
{"op_code":8,"worker_id":"ae33553a-b09b-4626-ae27-0bc242816151-140737350539072","trial_id":8,"user_attr":{"val_loss_epoch_1":25791704.0}}
{"op_code":7,"worker_id":"ae33553a-b09b-4626-ae27-0bc242816151-140737350539072","trial_id":8,"step":2,"intermediate_value":47.292418772563174}
{"op_code":8,"worker_id":"ae33553a-b09b-4626-ae27-0bc242816151-140737350539072","trial_id":8,"user_attr":{"train_loss_epoch_2":29584139.87950721}}
{"op_code":8,"worker_id":"ae33553a-b09b-4626-ae27-0bc242816151-140737350539072","trial_id":8,"user_attr":{"val_loss_epoch_2":16861996.0}}
{"op_code":7,"worker_id":"ae33553a-b09b-4626-ae27-0bc242816151-140737350539072","trial_id":8,"step":3,"intermediate_value":52.707581227436826}
{"op_code":8,"worker_id":"ae33553a-b09b-4626-ae27-0bc242816151-140737350539072","trial_id":8,"user_attr":{"train_loss_epoch_3":28923429.365384616}}
{"op_code":8,"worker_id":"ae33553a-b09b-4626-ae27-0bc242816151-140737350539072","trial_id":8,"user_attr":{"val_loss_epoch_3":30460300.0}}
{"op_code":7,"worker_id":"ae33553a-b09b-4626-ae27-0bc242816151-140737350539072","trial_id":8,"step":4,"intermediate_value":52.707581227436826}
{"op_code":8,"worker_id":"ae33553a-b09b-4626-ae27-0bc242816151-140737350539072","trial_id":8,"user_attr":{"train_loss_epoch_4":26411007.477564104}}
{"op_code":8,"worker_id":"ae33553a-b09b-4626-ae27-0bc242816151-140737350539072","trial_id":8,"user_attr":{"val_loss_epoch_4":32856287.0}}
{"op_code":6,"worker_id":"ae33553a-b09b-4626-ae27-0bc242816151-140737350539072","trial_id":8,"state":1,"values":[52.707581227436826],"datetime_complete":"2026-02-21T21:03:19.776917"}
{"op_code":4,"worker_id":"ae33553a-b09b-4626-ae27-0bc242816151-140737350539072","study_id":0,"datetime_start":"2026-02-21T21:03:19.785065"}
{"op_code":5,"worker_id":"ae33553a-b09b-4626-ae27-0bc242816151-140737350539072","trial_id":9,"param_name":"learning_rate","param_value_internal":1.7159487662224222,"distribution":"{\"name\": \"FloatDistribution\", \"attributes\": {\"step\": null, \"low\": 0.001, \"high\": 10.0, \"log\": true}}"}
{"op_code":5,"worker_id":"ae33553a-b09b-4626-ae27-0bc242816151-140737350539072","trial_id":9,"param_name":"transfer_lr","param_value_internal":0.06039604988483511,"distribution":"{\"name\": \"FloatDistribution\", \"attributes\": {\"step\": null, \"low\": 0.0001, \"high\": 100.0, \"log\": true}}"}
{"op_code":5,"worker_id":"ae33553a-b09b-4626-ae27-0bc242816151-140737350539072","trial_id":9,"param_name":"transfer_every","param_value_internal":1002.0,"distribution":"{\"name\": \"IntDistribution\", \"attributes\": {\"log\": true, \"step\": 1, \"low\": 64, \"high\": 32000}}"}
{"op_code":5,"worker_id":"ae33553a-b09b-4626-ae27-0bc242816151-140737350539072","trial_id":9,"param_name":"rank_exp","param_value_internal":4.0,"distribution":"{\"name\": \"IntDistribution\", \"attributes\": {\"log\": false, \"step\": 1, \"low\": 0, \"high\": 5}}"}
{"op_code":5,"worker_id":"ae33553a-b09b-4626-ae27-0bc242816151-140737350539072","trial_id":9,"param_name":"lora_alpha","param_value_internal":9.354923574373347,"distribution":"{\"name\": \"FloatDistribution\", \"attributes\": {\"step\": null, \"low\": 0.0001, \"high\": 100.0, \"log\": true}}"}
{"op_code":5,"worker_id":"ae33553a-b09b-4626-ae27-0bc242816151-140737350539072","trial_id":9,"param_name":"tau_sec","param_value_internal":0.0,"distribution":"{\"name\": \"FloatDistribution\", \"attributes\": {\"step\": null, \"low\": 0.0, \"high\": 0.0, \"log\": false}}"}
{"op_code":5,"worker_id":"ae33553a-b09b-4626-ae27-0bc242816151-140737350539072","trial_id":9,"param_name":"out_noise","param_value_internal":0.0,"distribution":"{\"name\": \"FloatDistribution\", \"attributes\": {\"step\": null, \"low\": 0.0, \"high\": 0.0, \"log\": false}}"}
{"op_code":5,"worker_id":"ae33553a-b09b-4626-ae27-0bc242816151-140737350539072","trial_id":9,"param_name":"ab_weight_scaling_omega","param_value_internal":0.0,"distribution":"{\"name\": \"FloatDistribution\", \"attributes\": {\"step\": null, \"low\": 0.0, \"high\": 0.0, \"log\": false}}"}
{"op_code":5,"worker_id":"ae33553a-b09b-4626-ae27-0bc242816151-140737350539072","trial_id":9,"param_name":"min_lr_rate","param_value_internal":0.0,"distribution":"{\"name\": \"FloatDistribution\", \"attributes\": {\"step\": null, \"low\": 0.0, \"high\": 0.0, \"log\": false}}"}
{"op_code":7,"worker_id":"ae33553a-b09b-4626-ae27-0bc242816151-140737350539072","trial_id":9,"step":1,"intermediate_value":52.707581227436826}
{"op_code":8,"worker_id":"ae33553a-b09b-4626-ae27-0bc242816151-140737350539072","trial_id":9,"user_attr":{"train_loss_epoch_1":13087736.430288462}}
{"op_code":8,"worker_id":"ae33553a-b09b-4626-ae27-0bc242816151-140737350539072","trial_id":9,"user_attr":{"val_loss_epoch_1":3242553.625}}
{"op_code":7,"worker_id":"ae33553a-b09b-4626-ae27-0bc242816151-140737350539072","trial_id":9,"step":2,"intermediate_value":52.707581227436826}
{"op_code":8,"worker_id":"ae33553a-b09b-4626-ae27-0bc242816151-140737350539072","trial_id":9,"user_attr":{"train_loss_epoch_2":19145932.712139424}}
{"op_code":8,"worker_id":"ae33553a-b09b-4626-ae27-0bc242816151-140737350539072","trial_id":9,"user_attr":{"val_loss_epoch_2":11359721.5}}
{"op_code":7,"worker_id":"ae33553a-b09b-4626-ae27-0bc242816151-140737350539072","trial_id":9,"step":3,"intermediate_value":52.707581227436826}
{"op_code":8,"worker_id":"ae33553a-b09b-4626-ae27-0bc242816151-140737350539072","trial_id":9,"user_attr":{"train_loss_epoch_3":18451430.400641024}}
{"op_code":8,"worker_id":"ae33553a-b09b-4626-ae27-0bc242816151-140737350539072","trial_id":9,"user_attr":{"val_loss_epoch_3":15980921.5}}
{"op_code":6,"worker_id":"ae33553a-b09b-4626-ae27-0bc242816151-140737350539072","trial_id":9,"state":1,"values":[52.707581227436826],"datetime_complete":"2026-02-21T21:05:39.203036"}
{"op_code":4,"worker_id":"ae33553a-b09b-4626-ae27-0bc242816151-140737350539072","study_id":0,"datetime_start":"2026-02-21T21:05:39.211771"}
{"op_code":5,"worker_id":"ae33553a-b09b-4626-ae27-0bc242816151-140737350539072","trial_id":10,"param_name":"learning_rate","param_value_internal":0.024930298465804208,"distribution":"{\"name\": \"FloatDistribution\", \"attributes\": {\"step\": null, \"low\": 0.001, \"high\": 10.0, \"log\": true}}"}
{"op_code":5,"worker_id":"ae33553a-b09b-4626-ae27-0bc242816151-140737350539072","trial_id":10,"param_name":"transfer_lr","param_value_internal":0.0001,"distribution":"{\"name\": \"FloatDistribution\", \"attributes\": {\"step\": null, \"low\": 0.0001, \"high\": 100.0, \"log\": true}}"}
{"op_code":5,"worker_id":"ae33553a-b09b-4626-ae27-0bc242816151-140737350539072","trial_id":10,"param_name":"transfer_every","param_value_internal":2041.0,"distribution":"{\"name\": \"IntDistribution\", \"attributes\": {\"log\": true, \"step\": 1, \"low\": 64, \"high\": 32000}}"}
{"op_code":5,"worker_id":"ae33553a-b09b-4626-ae27-0bc242816151-140737350539072","trial_id":10,"param_name":"rank_exp","param_value_internal":4.0,"distribution":"{\"name\": \"IntDistribution\", \"attributes\": {\"log\": false, \"step\": 1, \"low\": 0, \"high\": 5}}"}
{"op_code":5,"worker_id":"ae33553a-b09b-4626-ae27-0bc242816151-140737350539072","trial_id":10,"param_name":"lora_alpha","param_value_internal":0.0002740035290534384,"distribution":"{\"name\": \"FloatDistribution\", \"attributes\": {\"step\": null, \"low\": 0.0001, \"high\": 100.0, \"log\": true}}"}
{"op_code":5,"worker_id":"ae33553a-b09b-4626-ae27-0bc242816151-140737350539072","trial_id":10,"param_name":"tau_sec","param_value_internal":0.0,"distribution":"{\"name\": \"FloatDistribution\", \"attributes\": {\"step\": null, \"low\": 0.0, \"high\": 0.0, \"log\": false}}"}
{"op_code":5,"worker_id":"ae33553a-b09b-4626-ae27-0bc242816151-140737350539072","trial_id":10,"param_name":"out_noise","param_value_internal":0.0,"distribution":"{\"name\": \"FloatDistribution\", \"attributes\": {\"step\": null, \"low\": 0.0, \"high\": 0.0, \"log\": false}}"}
{"op_code":5,"worker_id":"ae33553a-b09b-4626-ae27-0bc242816151-140737350539072","trial_id":10,"param_name":"ab_weight_scaling_omega","param_value_internal":0.0,"distribution":"{\"name\": \"FloatDistribution\", \"attributes\": {\"step\": null, \"low\": 0.0, \"high\": 0.0, \"log\": false}}"}
{"op_code":5,"worker_id":"ae33553a-b09b-4626-ae27-0bc242816151-140737350539072","trial_id":10,"param_name":"min_lr_rate","param_value_internal":0.0,"distribution":"{\"name\": \"FloatDistribution\", \"attributes\": {\"step\": null, \"low\": 0.0, \"high\": 0.0, \"log\": false}}"}
{"op_code":7,"worker_id":"ae33553a-b09b-4626-ae27-0bc242816151-140737350539072","trial_id":10,"step":1,"intermediate_value":52.707581227436826}
{"op_code":8,"worker_id":"ae33553a-b09b-4626-ae27-0bc242816151-140737350539072","trial_id":10,"user_attr":{"train_loss_epoch_1":26683858.381410256}}
{"op_code":8,"worker_id":"ae33553a-b09b-4626-ae27-0bc242816151-140737350539072","trial_id":10,"user_attr":{"val_loss_epoch_1":8284374.0}}
{"op_code":7,"worker_id":"ae33553a-b09b-4626-ae27-0bc242816151-140737350539072","trial_id":10,"step":2,"intermediate_value":52.707581227436826}
{"op_code":8,"worker_id":"ae33553a-b09b-4626-ae27-0bc242816151-140737350539072","trial_id":10,"user_attr":{"train_loss_epoch_2":1920143.4092673277}}
{"op_code":8,"worker_id":"ae33553a-b09b-4626-ae27-0bc242816151-140737350539072","trial_id":10,"user_attr":{"val_loss_epoch_2":368976.734375}}
{"op_code":7,"worker_id":"ae33553a-b09b-4626-ae27-0bc242816151-140737350539072","trial_id":10,"step":3,"intermediate_value":52.707581227436826}
{"op_code":8,"worker_id":"ae33553a-b09b-4626-ae27-0bc242816151-140737350539072","trial_id":10,"user_attr":{"train_loss_epoch_3":492906.6090463492}}
{"op_code":8,"worker_id":"ae33553a-b09b-4626-ae27-0bc242816151-140737350539072","trial_id":10,"user_attr":{"val_loss_epoch_3":205730.34375}}
{"op_code":7,"worker_id":"ae33553a-b09b-4626-ae27-0bc242816151-140737350539072","trial_id":10,"step":4,"intermediate_value":52.707581227436826}
{"op_code":8,"worker_id":"ae33553a-b09b-4626-ae27-0bc242816151-140737350539072","trial_id":10,"user_attr":{"train_loss_epoch_4":398929.42840732675}}
{"op_code":8,"worker_id":"ae33553a-b09b-4626-ae27-0bc242816151-140737350539072","trial_id":10,"user_attr":{"val_loss_epoch_4":78121.109375}}
{"op_code":7,"worker_id":"ae33553a-b09b-4626-ae27-0bc242816151-140737350539072","trial_id":10,"step":5,"intermediate_value":52.707581227436826}
{"op_code":8,"worker_id":"ae33553a-b09b-4626-ae27-0bc242816151-140737350539072","trial_id":10,"user_attr":{"train_loss_epoch_5":232597.12607174195}}
{"op_code":8,"worker_id":"ae33553a-b09b-4626-ae27-0bc242816151-140737350539072","trial_id":10,"user_attr":{"val_loss_epoch_5":395266.0}}
{"op_code":7,"worker_id":"ae33553a-b09b-4626-ae27-0bc242816151-140737350539072","trial_id":10,"step":6,"intermediate_value":52.707581227436826}
{"op_code":8,"worker_id":"ae33553a-b09b-4626-ae27-0bc242816151-140737350539072","trial_id":10,"user_attr":{"train_loss_epoch_6":277484.6033779046}}
{"op_code":8,"worker_id":"ae33553a-b09b-4626-ae27-0bc242816151-140737350539072","trial_id":10,"user_attr":{"val_loss_epoch_6":239073.859375}}
{"op_code":6,"worker_id":"ae33553a-b09b-4626-ae27-0bc242816151-140737350539072","trial_id":10,"state":1,"values":[52.707581227436826],"datetime_complete":"2026-02-21T21:08:20.523900"}
{"op_code":4,"worker_id":"ae33553a-b09b-4626-ae27-0bc242816151-140737350539072","study_id":0,"datetime_start":"2026-02-21T21:08:20.533032"}
{"op_code":5,"worker_id":"ae33553a-b09b-4626-ae27-0bc242816151-140737350539072","trial_id":11,"param_name":"learning_rate","param_value_internal":0.7951323976615846,"distribution":"{\"name\": \"FloatDistribution\", \"attributes\": {\"step\": null, \"low\": 0.001, \"high\": 10.0, \"log\": true}}"}
{"op_code":5,"worker_id":"ae33553a-b09b-4626-ae27-0bc242816151-140737350539072","trial_id":11,"param_name":"transfer_lr","param_value_internal":0.0001,"distribution":"{\"name\": \"FloatDistribution\", \"attributes\": {\"step\": null, \"low\": 0.0001, \"high\": 100.0, \"log\": true}}"}
{"op_code":5,"worker_id":"ae33553a-b09b-4626-ae27-0bc242816151-140737350539072","trial_id":11,"param_name":"transfer_every","param_value_internal":64.0,"distribution":"{\"name\": \"IntDistribution\", \"attributes\": {\"log\": true, \"step\": 1, \"low\": 64, \"high\": 32000}}"}
{"op_code":5,"worker_id":"ae33553a-b09b-4626-ae27-0bc242816151-140737350539072","trial_id":11,"param_name":"rank_exp","param_value_internal":3.0,"distribution":"{\"name\": \"IntDistribution\", \"attributes\": {\"log\": false, \"step\": 1, \"low\": 0, \"high\": 5}}"}
{"op_code":5,"worker_id":"ae33553a-b09b-4626-ae27-0bc242816151-140737350539072","trial_id":11,"param_name":"lora_alpha","param_value_internal":0.0001,"distribution":"{\"name\": \"FloatDistribution\", \"attributes\": {\"step\": null, \"low\": 0.0001, \"high\": 100.0, \"log\": true}}"}
{"op_code":5,"worker_id":"ae33553a-b09b-4626-ae27-0bc242816151-140737350539072","trial_id":11,"param_name":"tau_sec","param_value_internal":0.0,"distribution":"{\"name\": \"FloatDistribution\", \"attributes\": {\"step\": null, \"low\": 0.0, \"high\": 0.0, \"log\": false}}"}
{"op_code":5,"worker_id":"ae33553a-b09b-4626-ae27-0bc242816151-140737350539072","trial_id":11,"param_name":"out_noise","param_value_internal":0.0,"distribution":"{\"name\": \"FloatDistribution\", \"attributes\": {\"step\": null, \"low\": 0.0, \"high\": 0.0, \"log\": false}}"}
{"op_code":5,"worker_id":"ae33553a-b09b-4626-ae27-0bc242816151-140737350539072","trial_id":11,"param_name":"ab_weight_scaling_omega","param_value_internal":0.0,"distribution":"{\"name\": \"FloatDistribution\", \"attributes\": {\"step\": null, \"low\": 0.0, \"high\": 0.0, \"log\": false}}"}
{"op_code":5,"worker_id":"ae33553a-b09b-4626-ae27-0bc242816151-140737350539072","trial_id":11,"param_name":"min_lr_rate","param_value_internal":0.0,"distribution":"{\"name\": \"FloatDistribution\", \"attributes\": {\"step\": null, \"low\": 0.0, \"high\": 0.0, \"log\": false}}"}
{"op_code":7,"worker_id":"ae33553a-b09b-4626-ae27-0bc242816151-140737350539072","trial_id":11,"step":1,"intermediate_value":47.292418772563174}
{"op_code":8,"worker_id":"ae33553a-b09b-4626-ae27-0bc242816151-140737350539072","trial_id":11,"user_attr":{"train_loss_epoch_1":11549203.473908253}}
{"op_code":8,"worker_id":"ae33553a-b09b-4626-ae27-0bc242816151-140737350539072","trial_id":11,"user_attr":{"val_loss_epoch_1":2234663.75}}
{"op_code":7,"worker_id":"ae33553a-b09b-4626-ae27-0bc242816151-140737350539072","trial_id":11,"step":2,"intermediate_value":52.707581227436826}
{"op_code":8,"worker_id":"ae33553a-b09b-4626-ae27-0bc242816151-140737350539072","trial_id":11,"user_attr":{"train_loss_epoch_2":14032090.646734776}}
{"op_code":8,"worker_id":"ae33553a-b09b-4626-ae27-0bc242816151-140737350539072","trial_id":11,"user_attr":{"val_loss_epoch_2":2064306.1875}}
{"op_code":7,"worker_id":"ae33553a-b09b-4626-ae27-0bc242816151-140737350539072","trial_id":11,"step":3,"intermediate_value":52.707581227436826}
{"op_code":8,"worker_id":"ae33553a-b09b-4626-ae27-0bc242816151-140737350539072","trial_id":11,"user_attr":{"train_loss_epoch_3":12981140.428435497}}
{"op_code":8,"worker_id":"ae33553a-b09b-4626-ae27-0bc242816151-140737350539072","trial_id":11,"user_attr":{"val_loss_epoch_3":3036225.625}}
{"op_code":7,"worker_id":"ae33553a-b09b-4626-ae27-0bc242816151-140737350539072","trial_id":11,"step":4,"intermediate_value":52.707581227436826}
{"op_code":8,"worker_id":"ae33553a-b09b-4626-ae27-0bc242816151-140737350539072","trial_id":11,"user_attr":{"train_loss_epoch_4":12713340.228565706}}
{"op_code":8,"worker_id":"ae33553a-b09b-4626-ae27-0bc242816151-140737350539072","trial_id":11,"user_attr":{"val_loss_epoch_4":8842519.75}}
{"op_code":6,"worker_id":"ae33553a-b09b-4626-ae27-0bc242816151-140737350539072","trial_id":11,"state":1,"values":[52.707581227436826],"datetime_complete":"2026-02-21T21:11:38.264235"}
{"op_code":4,"worker_id":"ae33553a-b09b-4626-ae27-0bc242816151-140737350539072","study_id":0,"datetime_start":"2026-02-21T21:11:38.272495"}
{"op_code":5,"worker_id":"ae33553a-b09b-4626-ae27-0bc242816151-140737350539072","trial_id":12,"param_name":"learning_rate","param_value_internal":0.001027885359691577,"distribution":"{\"name\": \"FloatDistribution\", \"attributes\": {\"step\": null, \"low\": 0.001, \"high\": 10.0, \"log\": true}}"}
{"op_code":5,"worker_id":"ae33553a-b09b-4626-ae27-0bc242816151-140737350539072","trial_id":12,"param_name":"transfer_lr","param_value_internal":0.0001,"distribution":"{\"name\": \"FloatDistribution\", \"attributes\": {\"step\": null, \"low\": 0.0001, \"high\": 100.0, \"log\": true}}"}
{"op_code":5,"worker_id":"ae33553a-b09b-4626-ae27-0bc242816151-140737350539072","trial_id":12,"param_name":"transfer_every","param_value_internal":32000.0,"distribution":"{\"name\": \"IntDistribution\", \"attributes\": {\"log\": true, \"step\": 1, \"low\": 64, \"high\": 32000}}"}
{"op_code":5,"worker_id":"ae33553a-b09b-4626-ae27-0bc242816151-140737350539072","trial_id":12,"param_name":"rank_exp","param_value_internal":5.0,"distribution":"{\"name\": \"IntDistribution\", \"attributes\": {\"log\": false, \"step\": 1, \"low\": 0, \"high\": 5}}"}
{"op_code":5,"worker_id":"ae33553a-b09b-4626-ae27-0bc242816151-140737350539072","trial_id":12,"param_name":"lora_alpha","param_value_internal":0.0001,"distribution":"{\"name\": \"FloatDistribution\", \"attributes\": {\"step\": null, \"low\": 0.0001, \"high\": 100.0, \"log\": true}}"}
{"op_code":5,"worker_id":"ae33553a-b09b-4626-ae27-0bc242816151-140737350539072","trial_id":12,"param_name":"tau_sec","param_value_internal":0.0,"distribution":"{\"name\": \"FloatDistribution\", \"attributes\": {\"step\": null, \"low\": 0.0, \"high\": 0.0, \"log\": false}}"}
{"op_code":5,"worker_id":"ae33553a-b09b-4626-ae27-0bc242816151-140737350539072","trial_id":12,"param_name":"out_noise","param_value_internal":0.0,"distribution":"{\"name\": \"FloatDistribution\", \"attributes\": {\"step\": null, \"low\": 0.0, \"high\": 0.0, \"log\": false}}"}
{"op_code":5,"worker_id":"ae33553a-b09b-4626-ae27-0bc242816151-140737350539072","trial_id":12,"param_name":"ab_weight_scaling_omega","param_value_internal":0.0,"distribution":"{\"name\": \"FloatDistribution\", \"attributes\": {\"step\": null, \"low\": 0.0, \"high\": 0.0, \"log\": false}}"}
{"op_code":5,"worker_id":"ae33553a-b09b-4626-ae27-0bc242816151-140737350539072","trial_id":12,"param_name":"min_lr_rate","param_value_internal":0.0,"distribution":"{\"name\": \"FloatDistribution\", \"attributes\": {\"step\": null, \"low\": 0.0, \"high\": 0.0, \"log\": false}}"}
{"op_code":7,"worker_id":"ae33553a-b09b-4626-ae27-0bc242816151-140737350539072","trial_id":12,"step":1,"intermediate_value":47.292418772563174}
{"op_code":8,"worker_id":"ae33553a-b09b-4626-ae27-0bc242816151-140737350539072","trial_id":12,"user_attr":{"train_loss_epoch_1":33113296.439102564}}
{"op_code":8,"worker_id":"ae33553a-b09b-4626-ae27-0bc242816151-140737350539072","trial_id":12,"user_attr":{"val_loss_epoch_1":24289447.0}}
{"op_code":7,"worker_id":"ae33553a-b09b-4626-ae27-0bc242816151-140737350539072","trial_id":12,"step":2,"intermediate_value":52.707581227436826}
{"op_code":8,"worker_id":"ae33553a-b09b-4626-ae27-0bc242816151-140737350539072","trial_id":12,"user_attr":{"train_loss_epoch_2":32385998.548878204}}
{"op_code":8,"worker_id":"ae33553a-b09b-4626-ae27-0bc242816151-140737350539072","trial_id":12,"user_attr":{"val_loss_epoch_2":31798597.0}}
{"op_code":7,"worker_id":"ae33553a-b09b-4626-ae27-0bc242816151-140737350539072","trial_id":12,"step":3,"intermediate_value":52.707581227436826}
{"op_code":8,"worker_id":"ae33553a-b09b-4626-ae27-0bc242816151-140737350539072","trial_id":12,"user_attr":{"train_loss_epoch_3":30260991.474358976}}
{"op_code":8,"worker_id":"ae33553a-b09b-4626-ae27-0bc242816151-140737350539072","trial_id":12,"user_attr":{"val_loss_epoch_3":18629198.0}}
{"op_code":7,"worker_id":"ae33553a-b09b-4626-ae27-0bc242816151-140737350539072","trial_id":12,"step":4,"intermediate_value":52.707581227436826}
{"op_code":8,"worker_id":"ae33553a-b09b-4626-ae27-0bc242816151-140737350539072","trial_id":12,"user_attr":{"train_loss_epoch_4":28229255.673878204}}
{"op_code":8,"worker_id":"ae33553a-b09b-4626-ae27-0bc242816151-140737350539072","trial_id":12,"user_attr":{"val_loss_epoch_4":20857480.0}}
{"op_code":7,"worker_id":"ae33553a-b09b-4626-ae27-0bc242816151-140737350539072","trial_id":12,"step":5,"intermediate_value":52.707581227436826}
{"op_code":8,"worker_id":"ae33553a-b09b-4626-ae27-0bc242816151-140737350539072","trial_id":12,"user_attr":{"train_loss_epoch_5":23767172.00783754}}
{"op_code":8,"worker_id":"ae33553a-b09b-4626-ae27-0bc242816151-140737350539072","trial_id":12,"user_attr":{"val_loss_epoch_5":949418.125}}
{"op_code":7,"worker_id":"ae33553a-b09b-4626-ae27-0bc242816151-140737350539072","trial_id":12,"step":6,"intermediate_value":52.707581227436826}
{"op_code":8,"worker_id":"ae33553a-b09b-4626-ae27-0bc242816151-140737350539072","trial_id":12,"user_attr":{"train_loss_epoch_6":23957301.384014424}}
{"op_code":8,"worker_id":"ae33553a-b09b-4626-ae27-0bc242816151-140737350539072","trial_id":12,"user_attr":{"val_loss_epoch_6":24123231.0}}
{"op_code":7,"worker_id":"ae33553a-b09b-4626-ae27-0bc242816151-140737350539072","trial_id":12,"step":7,"intermediate_value":52.707581227436826}
{"op_code":8,"worker_id":"ae33553a-b09b-4626-ae27-0bc242816151-140737350539072","trial_id":12,"user_attr":{"train_loss_epoch_7":22729767.71153846}}
{"op_code":8,"worker_id":"ae33553a-b09b-4626-ae27-0bc242816151-140737350539072","trial_id":12,"user_attr":{"val_loss_epoch_7":7465097.75}}
{"op_code":6,"worker_id":"ae33553a-b09b-4626-ae27-0bc242816151-140737350539072","trial_id":12,"state":1,"values":[52.707581227436826],"datetime_complete":"2026-02-21T21:15:29.171139"}
{"op_code":4,"worker_id":"ae33553a-b09b-4626-ae27-0bc242816151-140737350539072","study_id":0,"datetime_start":"2026-02-21T21:15:29.180860"}
{"op_code":5,"worker_id":"ae33553a-b09b-4626-ae27-0bc242816151-140737350539072","trial_id":13,"param_name":"learning_rate","param_value_internal":0.9081168339767602,"distribution":"{\"name\": \"FloatDistribution\", \"attributes\": {\"step\": null, \"low\": 0.001, \"high\": 10.0, \"log\": true}}"}
{"op_code":5,"worker_id":"ae33553a-b09b-4626-ae27-0bc242816151-140737350539072","trial_id":13,"param_name":"transfer_lr","param_value_internal":0.0001,"distribution":"{\"name\": \"FloatDistribution\", \"attributes\": {\"step\": null, \"low\": 0.0001, \"high\": 100.0, \"log\": true}}"}
{"op_code":5,"worker_id":"ae33553a-b09b-4626-ae27-0bc242816151-140737350539072","trial_id":13,"param_name":"transfer_every","param_value_internal":64.0,"distribution":"{\"name\": \"IntDistribution\", \"attributes\": {\"log\": true, \"step\": 1, \"low\": 64, \"high\": 32000}}"}
{"op_code":5,"worker_id":"ae33553a-b09b-4626-ae27-0bc242816151-140737350539072","trial_id":13,"param_name":"rank_exp","param_value_internal":2.0,"distribution":"{\"name\": \"IntDistribution\", \"attributes\": {\"log\": false, \"step\": 1, \"low\": 0, \"high\": 5}}"}
{"op_code":5,"worker_id":"ae33553a-b09b-4626-ae27-0bc242816151-140737350539072","trial_id":13,"param_name":"lora_alpha","param_value_internal":0.0001,"distribution":"{\"name\": \"FloatDistribution\", \"attributes\": {\"step\": null, \"low\": 0.0001, \"high\": 100.0, \"log\": true}}"}
{"op_code":5,"worker_id":"ae33553a-b09b-4626-ae27-0bc242816151-140737350539072","trial_id":13,"param_name":"tau_sec","param_value_internal":0.0,"distribution":"{\"name\": \"FloatDistribution\", \"attributes\": {\"step\": null, \"low\": 0.0, \"high\": 0.0, \"log\": false}}"}
{"op_code":5,"worker_id":"ae33553a-b09b-4626-ae27-0bc242816151-140737350539072","trial_id":13,"param_name":"out_noise","param_value_internal":0.0,"distribution":"{\"name\": \"FloatDistribution\", \"attributes\": {\"step\": null, \"low\": 0.0, \"high\": 0.0, \"log\": false}}"}
{"op_code":5,"worker_id":"ae33553a-b09b-4626-ae27-0bc242816151-140737350539072","trial_id":13,"param_name":"ab_weight_scaling_omega","param_value_internal":0.0,"distribution":"{\"name\": \"FloatDistribution\", \"attributes\": {\"step\": null, \"low\": 0.0, \"high\": 0.0, \"log\": false}}"}
{"op_code":5,"worker_id":"ae33553a-b09b-4626-ae27-0bc242816151-140737350539072","trial_id":13,"param_name":"min_lr_rate","param_value_internal":0.0,"distribution":"{\"name\": \"FloatDistribution\", \"attributes\": {\"step\": null, \"low\": 0.0, \"high\": 0.0, \"log\": false}}"}
{"op_code":7,"worker_id":"ae33553a-b09b-4626-ae27-0bc242816151-140737350539072","trial_id":13,"step":1,"intermediate_value":52.707581227436826}
{"op_code":8,"worker_id":"ae33553a-b09b-4626-ae27-0bc242816151-140737350539072","trial_id":13,"user_attr":{"train_loss_epoch_1":8963872.937099358}}
{"op_code":8,"worker_id":"ae33553a-b09b-4626-ae27-0bc242816151-140737350539072","trial_id":13,"user_attr":{"val_loss_epoch_1":1988993.0625}}
{"op_code":7,"worker_id":"ae33553a-b09b-4626-ae27-0bc242816151-140737350539072","trial_id":13,"step":2,"intermediate_value":52.707581227436826}
{"op_code":8,"worker_id":"ae33553a-b09b-4626-ae27-0bc242816151-140737350539072","trial_id":13,"user_attr":{"train_loss_epoch_2":10189299.077323718}}
{"op_code":8,"worker_id":"ae33553a-b09b-4626-ae27-0bc242816151-140737350539072","trial_id":13,"user_attr":{"val_loss_epoch_2":9130520.5}}
{"op_code":7,"worker_id":"ae33553a-b09b-4626-ae27-0bc242816151-140737350539072","trial_id":13,"step":3,"intermediate_value":52.707581227436826}
{"op_code":8,"worker_id":"ae33553a-b09b-4626-ae27-0bc242816151-140737350539072","trial_id":13,"user_attr":{"train_loss_epoch_3":9654258.528846154}}
{"op_code":8,"worker_id":"ae33553a-b09b-4626-ae27-0bc242816151-140737350539072","trial_id":13,"user_attr":{"val_loss_epoch_3":2420508.125}}
{"op_code":6,"worker_id":"ae33553a-b09b-4626-ae27-0bc242816151-140737350539072","trial_id":13,"state":1,"values":[52.707581227436826],"datetime_complete":"2026-02-21T21:16:39.921701"}
{"op_code":4,"worker_id":"ae33553a-b09b-4626-ae27-0bc242816151-140737350539072","study_id":0,"datetime_start":"2026-02-21T21:16:39.932829"}
{"op_code":5,"worker_id":"ae33553a-b09b-4626-ae27-0bc242816151-140737350539072","trial_id":14,"param_name":"learning_rate","param_value_internal":0.0012069930408858233,"distribution":"{\"name\": \"FloatDistribution\", \"attributes\": {\"step\": null, \"low\": 0.001, \"high\": 10.0, \"log\": true}}"}
{"op_code":5,"worker_id":"ae33553a-b09b-4626-ae27-0bc242816151-140737350539072","trial_id":14,"param_name":"transfer_lr","param_value_internal":0.0001,"distribution":"{\"name\": \"FloatDistribution\", \"attributes\": {\"step\": null, \"low\": 0.0001, \"high\": 100.0, \"log\": true}}"}
{"op_code":5,"worker_id":"ae33553a-b09b-4626-ae27-0bc242816151-140737350539072","trial_id":14,"param_name":"transfer_every","param_value_internal":64.0,"distribution":"{\"name\": \"IntDistribution\", \"attributes\": {\"log\": true, \"step\": 1, \"low\": 64, \"high\": 32000}}"}
{"op_code":5,"worker_id":"ae33553a-b09b-4626-ae27-0bc242816151-140737350539072","trial_id":14,"param_name":"rank_exp","param_value_internal":5.0,"distribution":"{\"name\": \"IntDistribution\", \"attributes\": {\"log\": false, \"step\": 1, \"low\": 0, \"high\": 5}}"}
{"op_code":5,"worker_id":"ae33553a-b09b-4626-ae27-0bc242816151-140737350539072","trial_id":14,"param_name":"lora_alpha","param_value_internal":90.50021510445333,"distribution":"{\"name\": \"FloatDistribution\", \"attributes\": {\"step\": null, \"low\": 0.0001, \"high\": 100.0, \"log\": true}}"}
{"op_code":5,"worker_id":"ae33553a-b09b-4626-ae27-0bc242816151-140737350539072","trial_id":14,"param_name":"tau_sec","param_value_internal":0.0,"distribution":"{\"name\": \"FloatDistribution\", \"attributes\": {\"step\": null, \"low\": 0.0, \"high\": 0.0, \"log\": false}}"}
{"op_code":5,"worker_id":"ae33553a-b09b-4626-ae27-0bc242816151-140737350539072","trial_id":14,"param_name":"out_noise","param_value_internal":0.0,"distribution":"{\"name\": \"FloatDistribution\", \"attributes\": {\"step\": null, \"low\": 0.0, \"high\": 0.0, \"log\": false}}"}
{"op_code":5,"worker_id":"ae33553a-b09b-4626-ae27-0bc242816151-140737350539072","trial_id":14,"param_name":"ab_weight_scaling_omega","param_value_internal":0.0,"distribution":"{\"name\": \"FloatDistribution\", \"attributes\": {\"step\": null, \"low\": 0.0, \"high\": 0.0, \"log\": false}}"}
{"op_code":5,"worker_id":"ae33553a-b09b-4626-ae27-0bc242816151-140737350539072","trial_id":14,"param_name":"min_lr_rate","param_value_internal":0.0,"distribution":"{\"name\": \"FloatDistribution\", \"attributes\": {\"step\": null, \"low\": 0.0, \"high\": 0.0, \"log\": false}}"}
{"op_code":7,"worker_id":"ae33553a-b09b-4626-ae27-0bc242816151-140737350539072","trial_id":14,"step":1,"intermediate_value":47.292418772563174}
{"op_code":8,"worker_id":"ae33553a-b09b-4626-ae27-0bc242816151-140737350539072","trial_id":14,"user_attr":{"train_loss_epoch_1":33718516.963141024}}
{"op_code":8,"worker_id":"ae33553a-b09b-4626-ae27-0bc242816151-140737350539072","trial_id":14,"user_attr":{"val_loss_epoch_1":27064142.0}}
{"op_code":7,"worker_id":"ae33553a-b09b-4626-ae27-0bc242816151-140737350539072","trial_id":14,"step":2,"intermediate_value":52.707581227436826}
{"op_code":8,"worker_id":"ae33553a-b09b-4626-ae27-0bc242816151-140737350539072","trial_id":14,"user_attr":{"train_loss_epoch_2":30969366.269230768}}
{"op_code":8,"worker_id":"ae33553a-b09b-4626-ae27-0bc242816151-140737350539072","trial_id":14,"user_attr":{"val_loss_epoch_2":25022151.0}}
{"op_code":7,"worker_id":"ae33553a-b09b-4626-ae27-0bc242816151-140737350539072","trial_id":14,"step":3,"intermediate_value":52.707581227436826}
{"op_code":8,"worker_id":"ae33553a-b09b-4626-ae27-0bc242816151-140737350539072","trial_id":14,"user_attr":{"train_loss_epoch_3":29143129.36698718}}
{"op_code":8,"worker_id":"ae33553a-b09b-4626-ae27-0bc242816151-140737350539072","trial_id":14,"user_attr":{"val_loss_epoch_3":11227346.5}}
{"op_code":7,"worker_id":"ae33553a-b09b-4626-ae27-0bc242816151-140737350539072","trial_id":14,"step":4,"intermediate_value":52.707581227436826}
{"op_code":8,"worker_id":"ae33553a-b09b-4626-ae27-0bc242816151-140737350539072","trial_id":14,"user_attr":{"train_loss_epoch_4":26085200.086939104}}
{"op_code":8,"worker_id":"ae33553a-b09b-4626-ae27-0bc242816151-140737350539072","trial_id":14,"user_attr":{"val_loss_epoch_4":17086198.0}}
{"op_code":7,"worker_id":"ae33553a-b09b-4626-ae27-0bc242816151-140737350539072","trial_id":14,"step":5,"intermediate_value":52.707581227436826}
{"op_code":8,"worker_id":"ae33553a-b09b-4626-ae27-0bc242816151-140737350539072","trial_id":14,"user_attr":{"train_loss_epoch_5":24965234.966746796}}
{"op_code":8,"worker_id":"ae33553a-b09b-4626-ae27-0bc242816151-140737350539072","trial_id":14,"user_attr":{"val_loss_epoch_5":17695428.0}}
{"op_code":6,"worker_id":"ae33553a-b09b-4626-ae27-0bc242816151-140737350539072","trial_id":14,"state":1,"values":[52.707581227436826],"datetime_complete":"2026-02-21T21:20:03.685233"}
{"op_code":4,"worker_id":"ae33553a-b09b-4626-ae27-0bc242816151-140737350539072","study_id":0,"datetime_start":"2026-02-21T21:20:03.691479"}
{"op_code":5,"worker_id":"ae33553a-b09b-4626-ae27-0bc242816151-140737350539072","trial_id":15,"param_name":"learning_rate","param_value_internal":0.00229248377985855,"distribution":"{\"name\": \"FloatDistribution\", \"attributes\": {\"step\": null, \"low\": 0.001, \"high\": 10.0, \"log\": true}}"}
{"op_code":5,"worker_id":"ae33553a-b09b-4626-ae27-0bc242816151-140737350539072","trial_id":15,"param_name":"transfer_lr","param_value_internal":0.0001,"distribution":"{\"name\": \"FloatDistribution\", \"attributes\": {\"step\": null, \"low\": 0.0001, \"high\": 100.0, \"log\": true}}"}
{"op_code":5,"worker_id":"ae33553a-b09b-4626-ae27-0bc242816151-140737350539072","trial_id":15,"param_name":"transfer_every","param_value_internal":32000.0,"distribution":"{\"name\": \"IntDistribution\", \"attributes\": {\"log\": true, \"step\": 1, \"low\": 64, \"high\": 32000}}"}
{"op_code":5,"worker_id":"ae33553a-b09b-4626-ae27-0bc242816151-140737350539072","trial_id":15,"param_name":"rank_exp","param_value_internal":4.0,"distribution":"{\"name\": \"IntDistribution\", \"attributes\": {\"log\": false, \"step\": 1, \"low\": 0, \"high\": 5}}"}
{"op_code":5,"worker_id":"ae33553a-b09b-4626-ae27-0bc242816151-140737350539072","trial_id":15,"param_name":"lora_alpha","param_value_internal":90.50021510445333,"distribution":"{\"name\": \"FloatDistribution\", \"attributes\": {\"step\": null, \"low\": 0.0001, \"high\": 100.0, \"log\": true}}"}
{"op_code":5,"worker_id":"ae33553a-b09b-4626-ae27-0bc242816151-140737350539072","trial_id":15,"param_name":"tau_sec","param_value_internal":0.0,"distribution":"{\"name\": \"FloatDistribution\", \"attributes\": {\"step\": null, \"low\": 0.0, \"high\": 0.0, \"log\": false}}"}
{"op_code":5,"worker_id":"ae33553a-b09b-4626-ae27-0bc242816151-140737350539072","trial_id":15,"param_name":"out_noise","param_value_internal":0.0,"distribution":"{\"name\": \"FloatDistribution\", \"attributes\": {\"step\": null, \"low\": 0.0, \"high\": 0.0, \"log\": false}}"}
{"op_code":5,"worker_id":"ae33553a-b09b-4626-ae27-0bc242816151-140737350539072","trial_id":15,"param_name":"ab_weight_scaling_omega","param_value_internal":0.0,"distribution":"{\"name\": \"FloatDistribution\", \"attributes\": {\"step\": null, \"low\": 0.0, \"high\": 0.0, \"log\": false}}"}
{"op_code":5,"worker_id":"ae33553a-b09b-4626-ae27-0bc242816151-140737350539072","trial_id":15,"param_name":"min_lr_rate","param_value_internal":0.0,"distribution":"{\"name\": \"FloatDistribution\", \"attributes\": {\"step\": null, \"low\": 0.0, \"high\": 0.0, \"log\": false}}"}
{"op_code":7,"worker_id":"ae33553a-b09b-4626-ae27-0bc242816151-140737350539072","trial_id":15,"step":1,"intermediate_value":47.292418772563174}
{"op_code":8,"worker_id":"ae33553a-b09b-4626-ae27-0bc242816151-140737350539072","trial_id":15,"user_attr":{"train_loss_epoch_1":27405663.032051284}}
{"op_code":8,"worker_id":"ae33553a-b09b-4626-ae27-0bc242816151-140737350539072","trial_id":15,"user_attr":{"val_loss_epoch_1":1911305.5}}
{"op_code":7,"worker_id":"ae33553a-b09b-4626-ae27-0bc242816151-140737350539072","trial_id":15,"step":2,"intermediate_value":47.292418772563174}
{"op_code":8,"worker_id":"ae33553a-b09b-4626-ae27-0bc242816151-140737350539072","trial_id":15,"user_attr":{"train_loss_epoch_2":29419359.283653848}}
{"op_code":8,"worker_id":"ae33553a-b09b-4626-ae27-0bc242816151-140737350539072","trial_id":15,"user_attr":{"val_loss_epoch_2":2114743.1875}}
{"op_code":7,"worker_id":"ae33553a-b09b-4626-ae27-0bc242816151-140737350539072","trial_id":15,"step":3,"intermediate_value":52.707581227436826}
{"op_code":8,"worker_id":"ae33553a-b09b-4626-ae27-0bc242816151-140737350539072","trial_id":15,"user_attr":{"train_loss_epoch_3":25432693.134615384}}
{"op_code":8,"worker_id":"ae33553a-b09b-4626-ae27-0bc242816151-140737350539072","trial_id":15,"user_attr":{"val_loss_epoch_3":5861547.75}}
{"op_code":6,"worker_id":"ae33553a-b09b-4626-ae27-0bc242816151-140737350539072","trial_id":15,"state":1,"values":[52.707581227436826],"datetime_complete":"2026-02-21T21:22:44.371431"}
{"op_code":4,"worker_id":"ae33553a-b09b-4626-ae27-0bc242816151-140737350539072","study_id":0,"datetime_start":"2026-02-21T21:22:44.383898"}
{"op_code":5,"worker_id":"ae33553a-b09b-4626-ae27-0bc242816151-140737350539072","trial_id":16,"param_name":"learning_rate","param_value_internal":0.0018967466890524687,"distribution":"{\"name\": \"FloatDistribution\", \"attributes\": {\"step\": null, \"low\": 0.001, \"high\": 10.0, \"log\": true}}"}
{"op_code":5,"worker_id":"ae33553a-b09b-4626-ae27-0bc242816151-140737350539072","trial_id":16,"param_name":"transfer_lr","param_value_internal":95.50058636738237,"distribution":"{\"name\": \"FloatDistribution\", \"attributes\": {\"step\": null, \"low\": 0.0001, \"high\": 100.0, \"log\": true}}"}
{"op_code":5,"worker_id":"ae33553a-b09b-4626-ae27-0bc242816151-140737350539072","trial_id":16,"param_name":"transfer_every","param_value_internal":208.0,"distribution":"{\"name\": \"IntDistribution\", \"attributes\": {\"log\": true, \"step\": 1, \"low\": 64, \"high\": 32000}}"}
{"op_code":5,"worker_id":"ae33553a-b09b-4626-ae27-0bc242816151-140737350539072","trial_id":16,"param_name":"rank_exp","param_value_internal":4.0,"distribution":"{\"name\": \"IntDistribution\", \"attributes\": {\"log\": false, \"step\": 1, \"low\": 0, \"high\": 5}}"}
{"op_code":5,"worker_id":"ae33553a-b09b-4626-ae27-0bc242816151-140737350539072","trial_id":16,"param_name":"lora_alpha","param_value_internal":0.0001,"distribution":"{\"name\": \"FloatDistribution\", \"attributes\": {\"step\": null, \"low\": 0.0001, \"high\": 100.0, \"log\": true}}"}
{"op_code":5,"worker_id":"ae33553a-b09b-4626-ae27-0bc242816151-140737350539072","trial_id":16,"param_name":"tau_sec","param_value_internal":0.0,"distribution":"{\"name\": \"FloatDistribution\", \"attributes\": {\"step\": null, \"low\": 0.0, \"high\": 0.0, \"log\": false}}"}
{"op_code":5,"worker_id":"ae33553a-b09b-4626-ae27-0bc242816151-140737350539072","trial_id":16,"param_name":"out_noise","param_value_internal":0.0,"distribution":"{\"name\": \"FloatDistribution\", \"attributes\": {\"step\": null, \"low\": 0.0, \"high\": 0.0, \"log\": false}}"}
{"op_code":5,"worker_id":"ae33553a-b09b-4626-ae27-0bc242816151-140737350539072","trial_id":16,"param_name":"ab_weight_scaling_omega","param_value_internal":0.0,"distribution":"{\"name\": \"FloatDistribution\", \"attributes\": {\"step\": null, \"low\": 0.0, \"high\": 0.0, \"log\": false}}"}
{"op_code":5,"worker_id":"ae33553a-b09b-4626-ae27-0bc242816151-140737350539072","trial_id":16,"param_name":"min_lr_rate","param_value_internal":0.0,"distribution":"{\"name\": \"FloatDistribution\", \"attributes\": {\"step\": null, \"low\": 0.0, \"high\": 0.0, \"log\": false}}"}
{"op_code":7,"worker_id":"ae33553a-b09b-4626-ae27-0bc242816151-140737350539072","trial_id":16,"step":1,"intermediate_value":47.292418772563174}
{"op_code":8,"worker_id":"ae33553a-b09b-4626-ae27-0bc242816151-140737350539072","trial_id":16,"user_attr":{"train_loss_epoch_1":29252372.360176284}}
{"op_code":8,"worker_id":"ae33553a-b09b-4626-ae27-0bc242816151-140737350539072","trial_id":16,"user_attr":{"val_loss_epoch_1":26955563.0}}
{"op_code":7,"worker_id":"ae33553a-b09b-4626-ae27-0bc242816151-140737350539072","trial_id":16,"step":2,"intermediate_value":47.292418772563174}
{"op_code":8,"worker_id":"ae33553a-b09b-4626-ae27-0bc242816151-140737350539072","trial_id":16,"user_attr":{"train_loss_epoch_2":29184353.596153848}}
{"op_code":8,"worker_id":"ae33553a-b09b-4626-ae27-0bc242816151-140737350539072","trial_id":16,"user_attr":{"val_loss_epoch_2":2658889.625}}
{"op_code":7,"worker_id":"ae33553a-b09b-4626-ae27-0bc242816151-140737350539072","trial_id":16,"step":3,"intermediate_value":52.707581227436826}
{"op_code":8,"worker_id":"ae33553a-b09b-4626-ae27-0bc242816151-140737350539072","trial_id":16,"user_attr":{"train_loss_epoch_3":26801130.254807692}}
{"op_code":8,"worker_id":"ae33553a-b09b-4626-ae27-0bc242816151-140737350539072","trial_id":16,"user_attr":{"val_loss_epoch_3":813337.1875}}
{"op_code":7,"worker_id":"ae33553a-b09b-4626-ae27-0bc242816151-140737350539072","trial_id":16,"step":4,"intermediate_value":52.707581227436826}
{"op_code":8,"worker_id":"ae33553a-b09b-4626-ae27-0bc242816151-140737350539072","trial_id":16,"user_attr":{"train_loss_epoch_4":22673641.661858976}}
{"op_code":8,"worker_id":"ae33553a-b09b-4626-ae27-0bc242816151-140737350539072","trial_id":16,"user_attr":{"val_loss_epoch_4":8198079.75}}
{"op_code":7,"worker_id":"ae33553a-b09b-4626-ae27-0bc242816151-140737350539072","trial_id":16,"step":5,"intermediate_value":52.707581227436826}
{"op_code":8,"worker_id":"ae33553a-b09b-4626-ae27-0bc242816151-140737350539072","trial_id":16,"user_attr":{"train_loss_epoch_5":20144347.584935896}}
{"op_code":8,"worker_id":"ae33553a-b09b-4626-ae27-0bc242816151-140737350539072","trial_id":16,"user_attr":{"val_loss_epoch_5":13720003.5}}
{"op_code":6,"worker_id":"ae33553a-b09b-4626-ae27-0bc242816151-140737350539072","trial_id":16,"state":1,"values":[52.707581227436826],"datetime_complete":"2026-02-21T21:26:11.197987"}
{"op_code":4,"worker_id":"ae33553a-b09b-4626-ae27-0bc242816151-140737350539072","study_id":0,"datetime_start":"2026-02-21T21:26:11.205136"}
{"op_code":5,"worker_id":"ae33553a-b09b-4626-ae27-0bc242816151-140737350539072","trial_id":17,"param_name":"learning_rate","param_value_internal":0.0017941089725525088,"distribution":"{\"name\": \"FloatDistribution\", \"attributes\": {\"step\": null, \"low\": 0.001, \"high\": 10.0, \"log\": true}}"}
{"op_code":5,"worker_id":"ae33553a-b09b-4626-ae27-0bc242816151-140737350539072","trial_id":17,"param_name":"transfer_lr","param_value_internal":0.40307801740000787,"distribution":"{\"name\": \"FloatDistribution\", \"attributes\": {\"step\": null, \"low\": 0.0001, \"high\": 100.0, \"log\": true}}"}
{"op_code":5,"worker_id":"ae33553a-b09b-4626-ae27-0bc242816151-140737350539072","trial_id":17,"param_name":"transfer_every","param_value_internal":4284.0,"distribution":"{\"name\": \"IntDistribution\", \"attributes\": {\"log\": true, \"step\": 1, \"low\": 64, \"high\": 32000}}"}
{"op_code":5,"worker_id":"ae33553a-b09b-4626-ae27-0bc242816151-140737350539072","trial_id":17,"param_name":"rank_exp","param_value_internal":4.0,"distribution":"{\"name\": \"IntDistribution\", \"attributes\": {\"log\": false, \"step\": 1, \"low\": 0, \"high\": 5}}"}
{"op_code":5,"worker_id":"ae33553a-b09b-4626-ae27-0bc242816151-140737350539072","trial_id":17,"param_name":"lora_alpha","param_value_internal":0.002179510891989951,"distribution":"{\"name\": \"FloatDistribution\", \"attributes\": {\"step\": null, \"low\": 0.0001, \"high\": 100.0, \"log\": true}}"}
{"op_code":5,"worker_id":"ae33553a-b09b-4626-ae27-0bc242816151-140737350539072","trial_id":17,"param_name":"tau_sec","param_value_internal":0.0,"distribution":"{\"name\": \"FloatDistribution\", \"attributes\": {\"step\": null, \"low\": 0.0, \"high\": 0.0, \"log\": false}}"}
{"op_code":5,"worker_id":"ae33553a-b09b-4626-ae27-0bc242816151-140737350539072","trial_id":17,"param_name":"out_noise","param_value_internal":0.0,"distribution":"{\"name\": \"FloatDistribution\", \"attributes\": {\"step\": null, \"low\": 0.0, \"high\": 0.0, \"log\": false}}"}
{"op_code":5,"worker_id":"ae33553a-b09b-4626-ae27-0bc242816151-140737350539072","trial_id":17,"param_name":"ab_weight_scaling_omega","param_value_internal":0.0,"distribution":"{\"name\": \"FloatDistribution\", \"attributes\": {\"step\": null, \"low\": 0.0, \"high\": 0.0, \"log\": false}}"}
{"op_code":5,"worker_id":"ae33553a-b09b-4626-ae27-0bc242816151-140737350539072","trial_id":17,"param_name":"min_lr_rate","param_value_internal":0.0,"distribution":"{\"name\": \"FloatDistribution\", \"attributes\": {\"step\": null, \"low\": 0.0, \"high\": 0.0, \"log\": false}}"}
{"op_code":7,"worker_id":"ae33553a-b09b-4626-ae27-0bc242816151-140737350539072","trial_id":17,"step":1,"intermediate_value":52.707581227436826}
{"op_code":8,"worker_id":"ae33553a-b09b-4626-ae27-0bc242816151-140737350539072","trial_id":17,"user_attr":{"train_loss_epoch_1":30855984.260216348}}
{"op_code":8,"worker_id":"ae33553a-b09b-4626-ae27-0bc242816151-140737350539072","trial_id":17,"user_attr":{"val_loss_epoch_1":27950695.0}}
{"op_code":7,"worker_id":"ae33553a-b09b-4626-ae27-0bc242816151-140737350539072","trial_id":17,"step":2,"intermediate_value":52.707581227436826}
{"op_code":8,"worker_id":"ae33553a-b09b-4626-ae27-0bc242816151-140737350539072","trial_id":17,"user_attr":{"train_loss_epoch_2":29837312.338141024}}
{"op_code":8,"worker_id":"ae33553a-b09b-4626-ae27-0bc242816151-140737350539072","trial_id":17,"user_attr":{"val_loss_epoch_2":33825247.0}}
{"op_code":7,"worker_id":"ae33553a-b09b-4626-ae27-0bc242816151-140737350539072","trial_id":17,"step":3,"intermediate_value":52.707581227436826}
{"op_code":8,"worker_id":"ae33553a-b09b-4626-ae27-0bc242816151-140737350539072","trial_id":17,"user_attr":{"train_loss_epoch_3":27109445.871794872}}
{"op_code":8,"worker_id":"ae33553a-b09b-4626-ae27-0bc242816151-140737350539072","trial_id":17,"user_attr":{"val_loss_epoch_3":3999932.875}}
{"op_code":7,"worker_id":"ae33553a-b09b-4626-ae27-0bc242816151-140737350539072","trial_id":17,"step":4,"intermediate_value":52.707581227436826}
{"op_code":8,"worker_id":"ae33553a-b09b-4626-ae27-0bc242816151-140737350539072","trial_id":17,"user_attr":{"train_loss_epoch_4":23641216.442307692}}
{"op_code":8,"worker_id":"ae33553a-b09b-4626-ae27-0bc242816151-140737350539072","trial_id":17,"user_attr":{"val_loss_epoch_4":15021524.5}}
{"op_code":7,"worker_id":"ae33553a-b09b-4626-ae27-0bc242816151-140737350539072","trial_id":17,"step":5,"intermediate_value":52.707581227436826}
{"op_code":8,"worker_id":"ae33553a-b09b-4626-ae27-0bc242816151-140737350539072","trial_id":17,"user_attr":{"train_loss_epoch_5":20888501.201923076}}
{"op_code":8,"worker_id":"ae33553a-b09b-4626-ae27-0bc242816151-140737350539072","trial_id":17,"user_attr":{"val_loss_epoch_5":25318664.0}}
{"op_code":6,"worker_id":"ae33553a-b09b-4626-ae27-0bc242816151-140737350539072","trial_id":17,"state":1,"values":[52.707581227436826],"datetime_complete":"2026-02-21T21:29:52.839788"}
{"op_code":4,"worker_id":"ae33553a-b09b-4626-ae27-0bc242816151-140737350539072","study_id":0,"datetime_start":"2026-02-21T21:29:52.852699"}
{"op_code":5,"worker_id":"ae33553a-b09b-4626-ae27-0bc242816151-140737350539072","trial_id":18,"param_name":"learning_rate","param_value_internal":0.0017380063944634882,"distribution":"{\"name\": \"FloatDistribution\", \"attributes\": {\"step\": null, \"low\": 0.001, \"high\": 10.0, \"log\": true}}"}
{"op_code":5,"worker_id":"ae33553a-b09b-4626-ae27-0bc242816151-140737350539072","trial_id":18,"param_name":"transfer_lr","param_value_internal":0.2566367889471471,"distribution":"{\"name\": \"FloatDistribution\", \"attributes\": {\"step\": null, \"low\": 0.0001, \"high\": 100.0, \"log\": true}}"}
{"op_code":5,"worker_id":"ae33553a-b09b-4626-ae27-0bc242816151-140737350539072","trial_id":18,"param_name":"transfer_every","param_value_internal":4095.0,"distribution":"{\"name\": \"IntDistribution\", \"attributes\": {\"log\": true, \"step\": 1, \"low\": 64, \"high\": 32000}}"}
{"op_code":5,"worker_id":"ae33553a-b09b-4626-ae27-0bc242816151-140737350539072","trial_id":18,"param_name":"rank_exp","param_value_internal":4.0,"distribution":"{\"name\": \"IntDistribution\", \"attributes\": {\"log\": false, \"step\": 1, \"low\": 0, \"high\": 5}}"}
{"op_code":5,"worker_id":"ae33553a-b09b-4626-ae27-0bc242816151-140737350539072","trial_id":18,"param_name":"lora_alpha","param_value_internal":0.0018331934867039826,"distribution":"{\"name\": \"FloatDistribution\", \"attributes\": {\"step\": null, \"low\": 0.0001, \"high\": 100.0, \"log\": true}}"}
{"op_code":5,"worker_id":"ae33553a-b09b-4626-ae27-0bc242816151-140737350539072","trial_id":18,"param_name":"tau_sec","param_value_internal":0.0,"distribution":"{\"name\": \"FloatDistribution\", \"attributes\": {\"step\": null, \"low\": 0.0, \"high\": 0.0, \"log\": false}}"}
{"op_code":5,"worker_id":"ae33553a-b09b-4626-ae27-0bc242816151-140737350539072","trial_id":18,"param_name":"out_noise","param_value_internal":0.0,"distribution":"{\"name\": \"FloatDistribution\", \"attributes\": {\"step\": null, \"low\": 0.0, \"high\": 0.0, \"log\": false}}"}
{"op_code":5,"worker_id":"ae33553a-b09b-4626-ae27-0bc242816151-140737350539072","trial_id":18,"param_name":"ab_weight_scaling_omega","param_value_internal":0.0,"distribution":"{\"name\": \"FloatDistribution\", \"attributes\": {\"step\": null, \"low\": 0.0, \"high\": 0.0, \"log\": false}}"}
{"op_code":5,"worker_id":"ae33553a-b09b-4626-ae27-0bc242816151-140737350539072","trial_id":18,"param_name":"min_lr_rate","param_value_internal":0.0,"distribution":"{\"name\": \"FloatDistribution\", \"attributes\": {\"step\": null, \"low\": 0.0, \"high\": 0.0, \"log\": false}}"}
{"op_code":7,"worker_id":"ae33553a-b09b-4626-ae27-0bc242816151-140737350539072","trial_id":18,"step":1,"intermediate_value":47.292418772563174}
{"op_code":8,"worker_id":"ae33553a-b09b-4626-ae27-0bc242816151-140737350539072","trial_id":18,"user_attr":{"train_loss_epoch_1":34231441.804487176}}
{"op_code":8,"worker_id":"ae33553a-b09b-4626-ae27-0bc242816151-140737350539072","trial_id":18,"user_attr":{"val_loss_epoch_1":15855267.5}}
{"op_code":7,"worker_id":"ae33553a-b09b-4626-ae27-0bc242816151-140737350539072","trial_id":18,"step":2,"intermediate_value":52.707581227436826}
{"op_code":8,"worker_id":"ae33553a-b09b-4626-ae27-0bc242816151-140737350539072","trial_id":18,"user_attr":{"train_loss_epoch_2":28764684.13221154}}
{"op_code":8,"worker_id":"ae33553a-b09b-4626-ae27-0bc242816151-140737350539072","trial_id":18,"user_attr":{"val_loss_epoch_2":32397212.0}}
{"op_code":7,"worker_id":"ae33553a-b09b-4626-ae27-0bc242816151-140737350539072","trial_id":18,"step":3,"intermediate_value":52.707581227436826}
{"op_code":8,"worker_id":"ae33553a-b09b-4626-ae27-0bc242816151-140737350539072","trial_id":18,"user_attr":{"train_loss_epoch_3":27034751.28846154}}
{"op_code":8,"worker_id":"ae33553a-b09b-4626-ae27-0bc242816151-140737350539072","trial_id":18,"user_attr":{"val_loss_epoch_3":43243064.0}}
{"op_code":6,"worker_id":"ae33553a-b09b-4626-ae27-0bc242816151-140737350539072","trial_id":18,"state":1,"values":[52.707581227436826],"datetime_complete":"2026-02-21T21:31:54.789530"}
{"op_code":4,"worker_id":"ae33553a-b09b-4626-ae27-0bc242816151-140737350539072","study_id":0,"datetime_start":"2026-02-21T21:31:54.797996"}
{"op_code":5,"worker_id":"ae33553a-b09b-4626-ae27-0bc242816151-140737350539072","trial_id":19,"param_name":"learning_rate","param_value_internal":0.0016924604178016642,"distribution":"{\"name\": \"FloatDistribution\", \"attributes\": {\"step\": null, \"low\": 0.001, \"high\": 10.0, \"log\": true}}"}
{"op_code":5,"worker_id":"ae33553a-b09b-4626-ae27-0bc242816151-140737350539072","trial_id":19,"param_name":"transfer_lr","param_value_internal":0.22682896081957457,"distribution":"{\"name\": \"FloatDistribution\", \"attributes\": {\"step\": null, \"low\": 0.0001, \"high\": 100.0, \"log\": true}}"}
{"op_code":5,"worker_id":"ae33553a-b09b-4626-ae27-0bc242816151-140737350539072","trial_id":19,"param_name":"transfer_every","param_value_internal":5080.0,"distribution":"{\"name\": \"IntDistribution\", \"attributes\": {\"log\": true, \"step\": 1, \"low\": 64, \"high\": 32000}}"}
{"op_code":5,"worker_id":"ae33553a-b09b-4626-ae27-0bc242816151-140737350539072","trial_id":19,"param_name":"rank_exp","param_value_internal":4.0,"distribution":"{\"name\": \"IntDistribution\", \"attributes\": {\"log\": false, \"step\": 1, \"low\": 0, \"high\": 5}}"}
{"op_code":5,"worker_id":"ae33553a-b09b-4626-ae27-0bc242816151-140737350539072","trial_id":19,"param_name":"lora_alpha","param_value_internal":0.001819592936004457,"distribution":"{\"name\": \"FloatDistribution\", \"attributes\": {\"step\": null, \"low\": 0.0001, \"high\": 100.0, \"log\": true}}"}
{"op_code":5,"worker_id":"ae33553a-b09b-4626-ae27-0bc242816151-140737350539072","trial_id":19,"param_name":"tau_sec","param_value_internal":0.0,"distribution":"{\"name\": \"FloatDistribution\", \"attributes\": {\"step\": null, \"low\": 0.0, \"high\": 0.0, \"log\": false}}"}
{"op_code":5,"worker_id":"ae33553a-b09b-4626-ae27-0bc242816151-140737350539072","trial_id":19,"param_name":"out_noise","param_value_internal":0.0,"distribution":"{\"name\": \"FloatDistribution\", \"attributes\": {\"step\": null, \"low\": 0.0, \"high\": 0.0, \"log\": false}}"}
{"op_code":5,"worker_id":"ae33553a-b09b-4626-ae27-0bc242816151-140737350539072","trial_id":19,"param_name":"ab_weight_scaling_omega","param_value_internal":0.0,"distribution":"{\"name\": \"FloatDistribution\", \"attributes\": {\"step\": null, \"low\": 0.0, \"high\": 0.0, \"log\": false}}"}
{"op_code":5,"worker_id":"ae33553a-b09b-4626-ae27-0bc242816151-140737350539072","trial_id":19,"param_name":"min_lr_rate","param_value_internal":0.0,"distribution":"{\"name\": \"FloatDistribution\", \"attributes\": {\"step\": null, \"low\": 0.0, \"high\": 0.0, \"log\": false}}"}
{"op_code":7,"worker_id":"ae33553a-b09b-4626-ae27-0bc242816151-140737350539072","trial_id":19,"step":1,"intermediate_value":52.707581227436826}
{"op_code":8,"worker_id":"ae33553a-b09b-4626-ae27-0bc242816151-140737350539072","trial_id":19,"user_attr":{"train_loss_epoch_1":29674146.610576924}}
{"op_code":8,"worker_id":"ae33553a-b09b-4626-ae27-0bc242816151-140737350539072","trial_id":19,"user_attr":{"val_loss_epoch_1":47884564.0}}
{"op_code":7,"worker_id":"ae33553a-b09b-4626-ae27-0bc242816151-140737350539072","trial_id":19,"step":2,"intermediate_value":52.707581227436826}
{"op_code":8,"worker_id":"ae33553a-b09b-4626-ae27-0bc242816151-140737350539072","trial_id":19,"user_attr":{"train_loss_epoch_2":32032455.022435896}}
{"op_code":8,"worker_id":"ae33553a-b09b-4626-ae27-0bc242816151-140737350539072","trial_id":19,"user_attr":{"val_loss_epoch_2":16740101.0}}
{"op_code":7,"worker_id":"ae33553a-b09b-4626-ae27-0bc242816151-140737350539072","trial_id":19,"step":3,"intermediate_value":52.707581227436826}
{"op_code":8,"worker_id":"ae33553a-b09b-4626-ae27-0bc242816151-140737350539072","trial_id":19,"user_attr":{"train_loss_epoch_3":27544923.512820512}}
{"op_code":8,"worker_id":"ae33553a-b09b-4626-ae27-0bc242816151-140737350539072","trial_id":19,"user_attr":{"val_loss_epoch_3":18558016.0}}
{"op_code":7,"worker_id":"ae33553a-b09b-4626-ae27-0bc242816151-140737350539072","trial_id":19,"step":4,"intermediate_value":52.707581227436826}
{"op_code":8,"worker_id":"ae33553a-b09b-4626-ae27-0bc242816151-140737350539072","trial_id":19,"user_attr":{"train_loss_epoch_4":23963217.806089744}}
{"op_code":8,"worker_id":"ae33553a-b09b-4626-ae27-0bc242816151-140737350539072","trial_id":19,"user_attr":{"val_loss_epoch_4":10367420.5}}
{"op_code":7,"worker_id":"ae33553a-b09b-4626-ae27-0bc242816151-140737350539072","trial_id":19,"step":5,"intermediate_value":52.707581227436826}
{"op_code":8,"worker_id":"ae33553a-b09b-4626-ae27-0bc242816151-140737350539072","trial_id":19,"user_attr":{"train_loss_epoch_5":21912808.764423076}}
{"op_code":8,"worker_id":"ae33553a-b09b-4626-ae27-0bc242816151-140737350539072","trial_id":19,"user_attr":{"val_loss_epoch_5":6972552.25}}
{"op_code":7,"worker_id":"ae33553a-b09b-4626-ae27-0bc242816151-140737350539072","trial_id":19,"step":6,"intermediate_value":52.707581227436826}
{"op_code":8,"worker_id":"ae33553a-b09b-4626-ae27-0bc242816151-140737350539072","trial_id":19,"user_attr":{"train_loss_epoch_6":20163912.821314104}}
{"op_code":8,"worker_id":"ae33553a-b09b-4626-ae27-0bc242816151-140737350539072","trial_id":19,"user_attr":{"val_loss_epoch_6":4060749.5}}
{"op_code":7,"worker_id":"ae33553a-b09b-4626-ae27-0bc242816151-140737350539072","trial_id":19,"step":7,"intermediate_value":52.707581227436826}
{"op_code":8,"worker_id":"ae33553a-b09b-4626-ae27-0bc242816151-140737350539072","trial_id":19,"user_attr":{"train_loss_epoch_7":16768333.823116988}}
{"op_code":8,"worker_id":"ae33553a-b09b-4626-ae27-0bc242816151-140737350539072","trial_id":19,"user_attr":{"val_loss_epoch_7":5661677.75}}
{"op_code":7,"worker_id":"ae33553a-b09b-4626-ae27-0bc242816151-140737350539072","trial_id":19,"step":8,"intermediate_value":52.707581227436826}
{"op_code":8,"worker_id":"ae33553a-b09b-4626-ae27-0bc242816151-140737350539072","trial_id":19,"user_attr":{"train_loss_epoch_8":15678810.971354166}}
{"op_code":8,"worker_id":"ae33553a-b09b-4626-ae27-0bc242816151-140737350539072","trial_id":19,"user_attr":{"val_loss_epoch_8":12667400.0}}
{"op_code":6,"worker_id":"ae33553a-b09b-4626-ae27-0bc242816151-140737350539072","trial_id":19,"state":1,"values":[52.707581227436826],"datetime_complete":"2026-02-21T21:36:12.274637"}
{"op_code":4,"worker_id":"ae33553a-b09b-4626-ae27-0bc242816151-140737350539072","study_id":0,"datetime_start":"2026-02-21T21:36:12.283094"}
{"op_code":5,"worker_id":"ae33553a-b09b-4626-ae27-0bc242816151-140737350539072","trial_id":20,"param_name":"learning_rate","param_value_internal":0.001658719865522804,"distribution":"{\"name\": \"FloatDistribution\", \"attributes\": {\"step\": null, \"low\": 0.001, \"high\": 10.0, \"log\": true}}"}
{"op_code":5,"worker_id":"ae33553a-b09b-4626-ae27-0bc242816151-140737350539072","trial_id":20,"param_name":"transfer_lr","param_value_internal":0.1657993543492418,"distribution":"{\"name\": \"FloatDistribution\", \"attributes\": {\"step\": null, \"low\": 0.0001, \"high\": 100.0, \"log\": true}}"}
{"op_code":5,"worker_id":"ae33553a-b09b-4626-ae27-0bc242816151-140737350539072","trial_id":20,"param_name":"transfer_every","param_value_internal":6493.0,"distribution":"{\"name\": \"IntDistribution\", \"attributes\": {\"log\": true, \"step\": 1, \"low\": 64, \"high\": 32000}}"}
{"op_code":5,"worker_id":"ae33553a-b09b-4626-ae27-0bc242816151-140737350539072","trial_id":20,"param_name":"rank_exp","param_value_internal":4.0,"distribution":"{\"name\": \"IntDistribution\", \"attributes\": {\"log\": false, \"step\": 1, \"low\": 0, \"high\": 5}}"}
{"op_code":5,"worker_id":"ae33553a-b09b-4626-ae27-0bc242816151-140737350539072","trial_id":20,"param_name":"lora_alpha","param_value_internal":0.0017171340072981989,"distribution":"{\"name\": \"FloatDistribution\", \"attributes\": {\"step\": null, \"low\": 0.0001, \"high\": 100.0, \"log\": true}}"}
{"op_code":5,"worker_id":"ae33553a-b09b-4626-ae27-0bc242816151-140737350539072","trial_id":20,"param_name":"tau_sec","param_value_internal":0.0,"distribution":"{\"name\": \"FloatDistribution\", \"attributes\": {\"step\": null, \"low\": 0.0, \"high\": 0.0, \"log\": false}}"}
{"op_code":5,"worker_id":"ae33553a-b09b-4626-ae27-0bc242816151-140737350539072","trial_id":20,"param_name":"out_noise","param_value_internal":0.0,"distribution":"{\"name\": \"FloatDistribution\", \"attributes\": {\"step\": null, \"low\": 0.0, \"high\": 0.0, \"log\": false}}"}
{"op_code":5,"worker_id":"ae33553a-b09b-4626-ae27-0bc242816151-140737350539072","trial_id":20,"param_name":"ab_weight_scaling_omega","param_value_internal":0.0,"distribution":"{\"name\": \"FloatDistribution\", \"attributes\": {\"step\": null, \"low\": 0.0, \"high\": 0.0, \"log\": false}}"}
{"op_code":5,"worker_id":"ae33553a-b09b-4626-ae27-0bc242816151-140737350539072","trial_id":20,"param_name":"min_lr_rate","param_value_internal":0.0,"distribution":"{\"name\": \"FloatDistribution\", \"attributes\": {\"step\": null, \"low\": 0.0, \"high\": 0.0, \"log\": false}}"}
{"op_code":7,"worker_id":"ae33553a-b09b-4626-ae27-0bc242816151-140737350539072","trial_id":20,"step":1,"intermediate_value":47.292418772563174}
{"op_code":8,"worker_id":"ae33553a-b09b-4626-ae27-0bc242816151-140737350539072","trial_id":20,"user_attr":{"train_loss_epoch_1":30741215.370993588}}
{"op_code":8,"worker_id":"ae33553a-b09b-4626-ae27-0bc242816151-140737350539072","trial_id":20,"user_attr":{"val_loss_epoch_1":21320901.0}}
{"op_code":7,"worker_id":"ae33553a-b09b-4626-ae27-0bc242816151-140737350539072","trial_id":20,"step":2,"intermediate_value":47.292418772563174}
{"op_code":8,"worker_id":"ae33553a-b09b-4626-ae27-0bc242816151-140737350539072","trial_id":20,"user_attr":{"train_loss_epoch_2":30363106.916666668}}
{"op_code":8,"worker_id":"ae33553a-b09b-4626-ae27-0bc242816151-140737350539072","trial_id":20,"user_attr":{"val_loss_epoch_2":25091974.0}}
{"op_code":7,"worker_id":"ae33553a-b09b-4626-ae27-0bc242816151-140737350539072","trial_id":20,"step":3,"intermediate_value":52.707581227436826}
{"op_code":8,"worker_id":"ae33553a-b09b-4626-ae27-0bc242816151-140737350539072","trial_id":20,"user_attr":{"train_loss_epoch_3":27305276.128205128}}
{"op_code":8,"worker_id":"ae33553a-b09b-4626-ae27-0bc242816151-140737350539072","trial_id":20,"user_attr":{"val_loss_epoch_3":12615700.5}}
{"op_code":7,"worker_id":"ae33553a-b09b-4626-ae27-0bc242816151-140737350539072","trial_id":20,"step":4,"intermediate_value":52.707581227436826}
{"op_code":8,"worker_id":"ae33553a-b09b-4626-ae27-0bc242816151-140737350539072","trial_id":20,"user_attr":{"train_loss_epoch_4":24410166.165064104}}
{"op_code":8,"worker_id":"ae33553a-b09b-4626-ae27-0bc242816151-140737350539072","trial_id":20,"user_attr":{"val_loss_epoch_4":12087960.5}}
{"op_code":7,"worker_id":"ae33553a-b09b-4626-ae27-0bc242816151-140737350539072","trial_id":20,"step":5,"intermediate_value":52.707581227436826}
{"op_code":8,"worker_id":"ae33553a-b09b-4626-ae27-0bc242816151-140737350539072","trial_id":20,"user_attr":{"train_loss_epoch_5":21693291.168269232}}
{"op_code":8,"worker_id":"ae33553a-b09b-4626-ae27-0bc242816151-140737350539072","trial_id":20,"user_attr":{"val_loss_epoch_5":13043087.0}}
{"op_code":7,"worker_id":"ae33553a-b09b-4626-ae27-0bc242816151-140737350539072","trial_id":20,"step":6,"intermediate_value":52.707581227436826}
{"op_code":8,"worker_id":"ae33553a-b09b-4626-ae27-0bc242816151-140737350539072","trial_id":20,"user_attr":{"train_loss_epoch_6":19500451.076923076}}
{"op_code":8,"worker_id":"ae33553a-b09b-4626-ae27-0bc242816151-140737350539072","trial_id":20,"user_attr":{"val_loss_epoch_6":13422306.0}}
{"op_code":6,"worker_id":"ae33553a-b09b-4626-ae27-0bc242816151-140737350539072","trial_id":20,"state":1,"values":[52.707581227436826],"datetime_complete":"2026-02-21T21:39:48.621629"}
{"op_code":4,"worker_id":"ae33553a-b09b-4626-ae27-0bc242816151-140737350539072","study_id":0,"datetime_start":"2026-02-21T21:39:48.633357"}
{"op_code":5,"worker_id":"ae33553a-b09b-4626-ae27-0bc242816151-140737350539072","trial_id":21,"param_name":"learning_rate","param_value_internal":0.0016305764748111614,"distribution":"{\"name\": \"FloatDistribution\", \"attributes\": {\"step\": null, \"low\": 0.001, \"high\": 10.0, \"log\": true}}"}
{"op_code":5,"worker_id":"ae33553a-b09b-4626-ae27-0bc242816151-140737350539072","trial_id":21,"param_name":"transfer_lr","param_value_internal":0.15203372961150405,"distribution":"{\"name\": \"FloatDistribution\", \"attributes\": {\"step\": null, \"low\": 0.0001, \"high\": 100.0, \"log\": true}}"}
{"op_code":5,"worker_id":"ae33553a-b09b-4626-ae27-0bc242816151-140737350539072","trial_id":21,"param_name":"transfer_every","param_value_internal":8130.0,"distribution":"{\"name\": \"IntDistribution\", \"attributes\": {\"log\": true, \"step\": 1, \"low\": 64, \"high\": 32000}}"}
{"op_code":5,"worker_id":"ae33553a-b09b-4626-ae27-0bc242816151-140737350539072","trial_id":21,"param_name":"rank_exp","param_value_internal":4.0,"distribution":"{\"name\": \"IntDistribution\", \"attributes\": {\"log\": false, \"step\": 1, \"low\": 0, \"high\": 5}}"}
{"op_code":5,"worker_id":"ae33553a-b09b-4626-ae27-0bc242816151-140737350539072","trial_id":21,"param_name":"lora_alpha","param_value_internal":0.0012967472641740676,"distribution":"{\"name\": \"FloatDistribution\", \"attributes\": {\"step\": null, \"low\": 0.0001, \"high\": 100.0, \"log\": true}}"}
{"op_code":5,"worker_id":"ae33553a-b09b-4626-ae27-0bc242816151-140737350539072","trial_id":21,"param_name":"tau_sec","param_value_internal":0.0,"distribution":"{\"name\": \"FloatDistribution\", \"attributes\": {\"step\": null, \"low\": 0.0, \"high\": 0.0, \"log\": false}}"}
{"op_code":5,"worker_id":"ae33553a-b09b-4626-ae27-0bc242816151-140737350539072","trial_id":21,"param_name":"out_noise","param_value_internal":0.0,"distribution":"{\"name\": \"FloatDistribution\", \"attributes\": {\"step\": null, \"low\": 0.0, \"high\": 0.0, \"log\": false}}"}
{"op_code":5,"worker_id":"ae33553a-b09b-4626-ae27-0bc242816151-140737350539072","trial_id":21,"param_name":"ab_weight_scaling_omega","param_value_internal":0.0,"distribution":"{\"name\": \"FloatDistribution\", \"attributes\": {\"step\": null, \"low\": 0.0, \"high\": 0.0, \"log\": false}}"}
{"op_code":5,"worker_id":"ae33553a-b09b-4626-ae27-0bc242816151-140737350539072","trial_id":21,"param_name":"min_lr_rate","param_value_internal":0.0,"distribution":"{\"name\": \"FloatDistribution\", \"attributes\": {\"step\": null, \"low\": 0.0, \"high\": 0.0, \"log\": false}}"}
{"op_code":7,"worker_id":"ae33553a-b09b-4626-ae27-0bc242816151-140737350539072","trial_id":21,"step":1,"intermediate_value":52.707581227436826}
{"op_code":8,"worker_id":"ae33553a-b09b-4626-ae27-0bc242816151-140737350539072","trial_id":21,"user_attr":{"train_loss_epoch_1":32165037.11698718}}
{"op_code":8,"worker_id":"ae33553a-b09b-4626-ae27-0bc242816151-140737350539072","trial_id":21,"user_attr":{"val_loss_epoch_1":7376220.25}}
{"op_code":7,"worker_id":"ae33553a-b09b-4626-ae27-0bc242816151-140737350539072","trial_id":21,"step":2,"intermediate_value":52.707581227436826}
{"op_code":8,"worker_id":"ae33553a-b09b-4626-ae27-0bc242816151-140737350539072","trial_id":21,"user_attr":{"train_loss_epoch_2":31008750.339743588}}
{"op_code":8,"worker_id":"ae33553a-b09b-4626-ae27-0bc242816151-140737350539072","trial_id":21,"user_attr":{"val_loss_epoch_2":11753695.0}}
{"op_code":7,"worker_id":"ae33553a-b09b-4626-ae27-0bc242816151-140737350539072","trial_id":21,"step":3,"intermediate_value":52.707581227436826}
{"op_code":8,"worker_id":"ae33553a-b09b-4626-ae27-0bc242816151-140737350539072","trial_id":21,"user_attr":{"train_loss_epoch_3":25681403.900641024}}
{"op_code":8,"worker_id":"ae33553a-b09b-4626-ae27-0bc242816151-140737350539072","trial_id":21,"user_attr":{"val_loss_epoch_3":25999883.0}}
{"op_code":6,"worker_id":"ae33553a-b09b-4626-ae27-0bc242816151-140737350539072","trial_id":21,"state":1,"values":[52.707581227436826],"datetime_complete":"2026-02-21T21:43:11.355027"}
{"op_code":4,"worker_id":"ae33553a-b09b-4626-ae27-0bc242816151-140737350539072","study_id":0,"datetime_start":"2026-02-21T21:43:11.362642"}
{"op_code":5,"worker_id":"ae33553a-b09b-4626-ae27-0bc242816151-140737350539072","trial_id":22,"param_name":"learning_rate","param_value_internal":0.0016044127300785978,"distribution":"{\"name\": \"FloatDistribution\", \"attributes\": {\"step\": null, \"low\": 0.001, \"high\": 10.0, \"log\": true}}"}
{"op_code":5,"worker_id":"ae33553a-b09b-4626-ae27-0bc242816151-140737350539072","trial_id":22,"param_name":"transfer_lr","param_value_internal":0.16584503461577096,"distribution":"{\"name\": \"FloatDistribution\", \"attributes\": {\"step\": null, \"low\": 0.0001, \"high\": 100.0, \"log\": true}}"}
{"op_code":5,"worker_id":"ae33553a-b09b-4626-ae27-0bc242816151-140737350539072","trial_id":22,"param_name":"transfer_every","param_value_internal":11121.0,"distribution":"{\"name\": \"IntDistribution\", \"attributes\": {\"log\": true, \"step\": 1, \"low\": 64, \"high\": 32000}}"}
{"op_code":5,"worker_id":"ae33553a-b09b-4626-ae27-0bc242816151-140737350539072","trial_id":22,"param_name":"rank_exp","param_value_internal":4.0,"distribution":"{\"name\": \"IntDistribution\", \"attributes\": {\"log\": false, \"step\": 1, \"low\": 0, \"high\": 5}}"}
{"op_code":5,"worker_id":"ae33553a-b09b-4626-ae27-0bc242816151-140737350539072","trial_id":22,"param_name":"lora_alpha","param_value_internal":0.0006481903215823573,"distribution":"{\"name\": \"FloatDistribution\", \"attributes\": {\"step\": null, \"low\": 0.0001, \"high\": 100.0, \"log\": true}}"}
{"op_code":5,"worker_id":"ae33553a-b09b-4626-ae27-0bc242816151-140737350539072","trial_id":22,"param_name":"tau_sec","param_value_internal":0.0,"distribution":"{\"name\": \"FloatDistribution\", \"attributes\": {\"step\": null, \"low\": 0.0, \"high\": 0.0, \"log\": false}}"}
{"op_code":5,"worker_id":"ae33553a-b09b-4626-ae27-0bc242816151-140737350539072","trial_id":22,"param_name":"out_noise","param_value_internal":0.0,"distribution":"{\"name\": \"FloatDistribution\", \"attributes\": {\"step\": null, \"low\": 0.0, \"high\": 0.0, \"log\": false}}"}
{"op_code":5,"worker_id":"ae33553a-b09b-4626-ae27-0bc242816151-140737350539072","trial_id":22,"param_name":"ab_weight_scaling_omega","param_value_internal":0.0,"distribution":"{\"name\": \"FloatDistribution\", \"attributes\": {\"step\": null, \"low\": 0.0, \"high\": 0.0, \"log\": false}}"}
{"op_code":5,"worker_id":"ae33553a-b09b-4626-ae27-0bc242816151-140737350539072","trial_id":22,"param_name":"min_lr_rate","param_value_internal":0.0,"distribution":"{\"name\": \"FloatDistribution\", \"attributes\": {\"step\": null, \"low\": 0.0, \"high\": 0.0, \"log\": false}}"}
{"op_code":7,"worker_id":"ae33553a-b09b-4626-ae27-0bc242816151-140737350539072","trial_id":22,"step":1,"intermediate_value":47.292418772563174}
{"op_code":8,"worker_id":"ae33553a-b09b-4626-ae27-0bc242816151-140737350539072","trial_id":22,"user_attr":{"train_loss_epoch_1":31234891.778345354}}
{"op_code":8,"worker_id":"ae33553a-b09b-4626-ae27-0bc242816151-140737350539072","trial_id":22,"user_attr":{"val_loss_epoch_1":33532857.0}}
{"op_code":7,"worker_id":"ae33553a-b09b-4626-ae27-0bc242816151-140737350539072","trial_id":22,"step":2,"intermediate_value":52.707581227436826}
{"op_code":8,"worker_id":"ae33553a-b09b-4626-ae27-0bc242816151-140737350539072","trial_id":22,"user_attr":{"train_loss_epoch_2":32203397.782051284}}
{"op_code":8,"worker_id":"ae33553a-b09b-4626-ae27-0bc242816151-140737350539072","trial_id":22,"user_attr":{"val_loss_epoch_2":3294221.0}}
{"op_code":7,"worker_id":"ae33553a-b09b-4626-ae27-0bc242816151-140737350539072","trial_id":22,"step":3,"intermediate_value":52.707581227436826}
{"op_code":8,"worker_id":"ae33553a-b09b-4626-ae27-0bc242816151-140737350539072","trial_id":22,"user_attr":{"train_loss_epoch_3":27948390.394230768}}
{"op_code":8,"worker_id":"ae33553a-b09b-4626-ae27-0bc242816151-140737350539072","trial_id":22,"user_attr":{"val_loss_epoch_3":16415243.5}}
{"op_code":7,"worker_id":"ae33553a-b09b-4626-ae27-0bc242816151-140737350539072","trial_id":22,"step":4,"intermediate_value":52.707581227436826}
{"op_code":8,"worker_id":"ae33553a-b09b-4626-ae27-0bc242816151-140737350539072","trial_id":22,"user_attr":{"train_loss_epoch_4":25358809.337339744}}
{"op_code":8,"worker_id":"ae33553a-b09b-4626-ae27-0bc242816151-140737350539072","trial_id":22,"user_attr":{"val_loss_epoch_4":17795767.0}}
{"op_code":6,"worker_id":"ae33553a-b09b-4626-ae27-0bc242816151-140737350539072","trial_id":22,"state":1,"values":[52.707581227436826],"datetime_complete":"2026-02-21T21:46:35.076394"}
{"op_code":4,"worker_id":"ae33553a-b09b-4626-ae27-0bc242816151-140737350539072","study_id":0,"datetime_start":"2026-02-21T21:46:35.087684"}
{"op_code":5,"worker_id":"ae33553a-b09b-4626-ae27-0bc242816151-140737350539072","trial_id":23,"param_name":"learning_rate","param_value_internal":0.0015899528631695152,"distribution":"{\"name\": \"FloatDistribution\", \"attributes\": {\"step\": null, \"low\": 0.001, \"high\": 10.0, \"log\": true}}"}
{"op_code":5,"worker_id":"ae33553a-b09b-4626-ae27-0bc242816151-140737350539072","trial_id":23,"param_name":"transfer_lr","param_value_internal":0.057961253487761426,"distribution":"{\"name\": \"FloatDistribution\", \"attributes\": {\"step\": null, \"low\": 0.0001, \"high\": 100.0, \"log\": true}}"}
{"op_code":5,"worker_id":"ae33553a-b09b-4626-ae27-0bc242816151-140737350539072","trial_id":23,"param_name":"transfer_every","param_value_internal":17721.0,"distribution":"{\"name\": \"IntDistribution\", \"attributes\": {\"log\": true, \"step\": 1, \"low\": 64, \"high\": 32000}}"}
{"op_code":5,"worker_id":"ae33553a-b09b-4626-ae27-0bc242816151-140737350539072","trial_id":23,"param_name":"rank_exp","param_value_internal":4.0,"distribution":"{\"name\": \"IntDistribution\", \"attributes\": {\"log\": false, \"step\": 1, \"low\": 0, \"high\": 5}}"}
{"op_code":5,"worker_id":"ae33553a-b09b-4626-ae27-0bc242816151-140737350539072","trial_id":23,"param_name":"lora_alpha","param_value_internal":0.0015280124411128615,"distribution":"{\"name\": \"FloatDistribution\", \"attributes\": {\"step\": null, \"low\": 0.0001, \"high\": 100.0, \"log\": true}}"}
{"op_code":5,"worker_id":"ae33553a-b09b-4626-ae27-0bc242816151-140737350539072","trial_id":23,"param_name":"tau_sec","param_value_internal":0.0,"distribution":"{\"name\": \"FloatDistribution\", \"attributes\": {\"step\": null, \"low\": 0.0, \"high\": 0.0, \"log\": false}}"}
{"op_code":5,"worker_id":"ae33553a-b09b-4626-ae27-0bc242816151-140737350539072","trial_id":23,"param_name":"out_noise","param_value_internal":0.0,"distribution":"{\"name\": \"FloatDistribution\", \"attributes\": {\"step\": null, \"low\": 0.0, \"high\": 0.0, \"log\": false}}"}
{"op_code":5,"worker_id":"ae33553a-b09b-4626-ae27-0bc242816151-140737350539072","trial_id":23,"param_name":"ab_weight_scaling_omega","param_value_internal":0.0,"distribution":"{\"name\": \"FloatDistribution\", \"attributes\": {\"step\": null, \"low\": 0.0, \"high\": 0.0, \"log\": false}}"}
{"op_code":5,"worker_id":"ae33553a-b09b-4626-ae27-0bc242816151-140737350539072","trial_id":23,"param_name":"min_lr_rate","param_value_internal":0.0,"distribution":"{\"name\": \"FloatDistribution\", \"attributes\": {\"step\": null, \"low\": 0.0, \"high\": 0.0, \"log\": false}}"}
{"op_code":7,"worker_id":"ae33553a-b09b-4626-ae27-0bc242816151-140737350539072","trial_id":23,"step":1,"intermediate_value":52.707581227436826}
{"op_code":8,"worker_id":"ae33553a-b09b-4626-ae27-0bc242816151-140737350539072","trial_id":23,"user_attr":{"train_loss_epoch_1":31676504.9140625}}
{"op_code":8,"worker_id":"ae33553a-b09b-4626-ae27-0bc242816151-140737350539072","trial_id":23,"user_attr":{"val_loss_epoch_1":21688969.0}}
{"op_code":7,"worker_id":"ae33553a-b09b-4626-ae27-0bc242816151-140737350539072","trial_id":23,"step":2,"intermediate_value":52.707581227436826}
{"op_code":8,"worker_id":"ae33553a-b09b-4626-ae27-0bc242816151-140737350539072","trial_id":23,"user_attr":{"train_loss_epoch_2":29648023.052083332}}
{"op_code":8,"worker_id":"ae33553a-b09b-4626-ae27-0bc242816151-140737350539072","trial_id":23,"user_attr":{"val_loss_epoch_2":20259770.0}}
{"op_code":7,"worker_id":"ae33553a-b09b-4626-ae27-0bc242816151-140737350539072","trial_id":23,"step":3,"intermediate_value":52.707581227436826}
{"op_code":8,"worker_id":"ae33553a-b09b-4626-ae27-0bc242816151-140737350539072","trial_id":23,"user_attr":{"train_loss_epoch_3":27912484.28846154}}
{"op_code":8,"worker_id":"ae33553a-b09b-4626-ae27-0bc242816151-140737350539072","trial_id":23,"user_attr":{"val_loss_epoch_3":12147506.5}}
{"op_code":7,"worker_id":"ae33553a-b09b-4626-ae27-0bc242816151-140737350539072","trial_id":23,"step":4,"intermediate_value":52.707581227436826}
{"op_code":8,"worker_id":"ae33553a-b09b-4626-ae27-0bc242816151-140737350539072","trial_id":23,"user_attr":{"train_loss_epoch_4":25487440.589743588}}
{"op_code":8,"worker_id":"ae33553a-b09b-4626-ae27-0bc242816151-140737350539072","trial_id":23,"user_attr":{"val_loss_epoch_4":27108980.0}}
{"op_code":7,"worker_id":"ae33553a-b09b-4626-ae27-0bc242816151-140737350539072","trial_id":23,"step":5,"intermediate_value":52.707581227436826}
{"op_code":8,"worker_id":"ae33553a-b09b-4626-ae27-0bc242816151-140737350539072","trial_id":23,"user_attr":{"train_loss_epoch_5":21717091.061398238}}
{"op_code":8,"worker_id":"ae33553a-b09b-4626-ae27-0bc242816151-140737350539072","trial_id":23,"user_attr":{"val_loss_epoch_5":21026395.0}}
{"op_code":6,"worker_id":"ae33553a-b09b-4626-ae27-0bc242816151-140737350539072","trial_id":23,"state":1,"values":[52.707581227436826],"datetime_complete":"2026-02-21T21:48:30.130727"}
{"op_code":4,"worker_id":"ae33553a-b09b-4626-ae27-0bc242816151-140737350539072","study_id":0,"datetime_start":"2026-02-21T21:48:30.138902"}
{"op_code":5,"worker_id":"ae33553a-b09b-4626-ae27-0bc242816151-140737350539072","trial_id":24,"param_name":"learning_rate","param_value_internal":0.0015757013302387956,"distribution":"{\"name\": \"FloatDistribution\", \"attributes\": {\"step\": null, \"low\": 0.001, \"high\": 10.0, \"log\": true}}"}
{"op_code":5,"worker_id":"ae33553a-b09b-4626-ae27-0bc242816151-140737350539072","trial_id":24,"param_name":"transfer_lr","param_value_internal":0.012458376468182285,"distribution":"{\"name\": \"FloatDistribution\", \"attributes\": {\"step\": null, \"low\": 0.0001, \"high\": 100.0, \"log\": true}}"}
{"op_code":5,"worker_id":"ae33553a-b09b-4626-ae27-0bc242816151-140737350539072","trial_id":24,"param_name":"transfer_every","param_value_internal":24512.0,"distribution":"{\"name\": \"IntDistribution\", \"attributes\": {\"log\": true, \"step\": 1, \"low\": 64, \"high\": 32000}}"}
{"op_code":5,"worker_id":"ae33553a-b09b-4626-ae27-0bc242816151-140737350539072","trial_id":24,"param_name":"rank_exp","param_value_internal":4.0,"distribution":"{\"name\": \"IntDistribution\", \"attributes\": {\"log\": false, \"step\": 1, \"low\": 0, \"high\": 5}}"}
{"op_code":5,"worker_id":"ae33553a-b09b-4626-ae27-0bc242816151-140737350539072","trial_id":24,"param_name":"lora_alpha","param_value_internal":0.00959413217262686,"distribution":"{\"name\": \"FloatDistribution\", \"attributes\": {\"step\": null, \"low\": 0.0001, \"high\": 100.0, \"log\": true}}"}
{"op_code":5,"worker_id":"ae33553a-b09b-4626-ae27-0bc242816151-140737350539072","trial_id":24,"param_name":"tau_sec","param_value_internal":0.0,"distribution":"{\"name\": \"FloatDistribution\", \"attributes\": {\"step\": null, \"low\": 0.0, \"high\": 0.0, \"log\": false}}"}
{"op_code":5,"worker_id":"ae33553a-b09b-4626-ae27-0bc242816151-140737350539072","trial_id":24,"param_name":"out_noise","param_value_internal":0.0,"distribution":"{\"name\": \"FloatDistribution\", \"attributes\": {\"step\": null, \"low\": 0.0, \"high\": 0.0, \"log\": false}}"}
{"op_code":5,"worker_id":"ae33553a-b09b-4626-ae27-0bc242816151-140737350539072","trial_id":24,"param_name":"ab_weight_scaling_omega","param_value_internal":0.0,"distribution":"{\"name\": \"FloatDistribution\", \"attributes\": {\"step\": null, \"low\": 0.0, \"high\": 0.0, \"log\": false}}"}
{"op_code":5,"worker_id":"ae33553a-b09b-4626-ae27-0bc242816151-140737350539072","trial_id":24,"param_name":"min_lr_rate","param_value_internal":0.0,"distribution":"{\"name\": \"FloatDistribution\", \"attributes\": {\"step\": null, \"low\": 0.0, \"high\": 0.0, \"log\": false}}"}
{"op_code":7,"worker_id":"ae33553a-b09b-4626-ae27-0bc242816151-140737350539072","trial_id":24,"step":1,"intermediate_value":52.707581227436826}
{"op_code":8,"worker_id":"ae33553a-b09b-4626-ae27-0bc242816151-140737350539072","trial_id":24,"user_attr":{"train_loss_epoch_1":32730540.92948718}}
{"op_code":8,"worker_id":"ae33553a-b09b-4626-ae27-0bc242816151-140737350539072","trial_id":24,"user_attr":{"val_loss_epoch_1":15447904.5}}
{"op_code":7,"worker_id":"ae33553a-b09b-4626-ae27-0bc242816151-140737350539072","trial_id":24,"step":2,"intermediate_value":52.707581227436826}
{"op_code":8,"worker_id":"ae33553a-b09b-4626-ae27-0bc242816151-140737350539072","trial_id":24,"user_attr":{"train_loss_epoch_2":29846070.894230768}}
{"op_code":8,"worker_id":"ae33553a-b09b-4626-ae27-0bc242816151-140737350539072","trial_id":24,"user_attr":{"val_loss_epoch_2":23720884.0}}
{"op_code":7,"worker_id":"ae33553a-b09b-4626-ae27-0bc242816151-140737350539072","trial_id":24,"step":3,"intermediate_value":52.707581227436826}
{"op_code":8,"worker_id":"ae33553a-b09b-4626-ae27-0bc242816151-140737350539072","trial_id":24,"user_attr":{"train_loss_epoch_3":28584165.737179488}}
{"op_code":8,"worker_id":"ae33553a-b09b-4626-ae27-0bc242816151-140737350539072","trial_id":24,"user_attr":{"val_loss_epoch_3":9172269.0}}
{"op_code":7,"worker_id":"ae33553a-b09b-4626-ae27-0bc242816151-140737350539072","trial_id":24,"step":4,"intermediate_value":52.707581227436826}
{"op_code":8,"worker_id":"ae33553a-b09b-4626-ae27-0bc242816151-140737350539072","trial_id":24,"user_attr":{"train_loss_epoch_4":25502762.681089744}}
{"op_code":8,"worker_id":"ae33553a-b09b-4626-ae27-0bc242816151-140737350539072","trial_id":24,"user_attr":{"val_loss_epoch_4":7196434.25}}
{"op_code":7,"worker_id":"ae33553a-b09b-4626-ae27-0bc242816151-140737350539072","trial_id":24,"step":5,"intermediate_value":52.707581227436826}
{"op_code":8,"worker_id":"ae33553a-b09b-4626-ae27-0bc242816151-140737350539072","trial_id":24,"user_attr":{"train_loss_epoch_5":21074172.965945512}}
{"op_code":8,"worker_id":"ae33553a-b09b-4626-ae27-0bc242816151-140737350539072","trial_id":24,"user_attr":{"val_loss_epoch_5":2235018.125}}
{"op_code":7,"worker_id":"ae33553a-b09b-4626-ae27-0bc242816151-140737350539072","trial_id":24,"step":6,"intermediate_value":52.707581227436826}
{"op_code":8,"worker_id":"ae33553a-b09b-4626-ae27-0bc242816151-140737350539072","trial_id":24,"user_attr":{"train_loss_epoch_6":21875720.705128204}}
{"op_code":8,"worker_id":"ae33553a-b09b-4626-ae27-0bc242816151-140737350539072","trial_id":24,"user_attr":{"val_loss_epoch_6":12320300.5}}
{"op_code":7,"worker_id":"ae33553a-b09b-4626-ae27-0bc242816151-140737350539072","trial_id":24,"step":7,"intermediate_value":52.707581227436826}
{"op_code":8,"worker_id":"ae33553a-b09b-4626-ae27-0bc242816151-140737350539072","trial_id":24,"user_attr":{"train_loss_epoch_7":18630310.139623396}}
{"op_code":8,"worker_id":"ae33553a-b09b-4626-ae27-0bc242816151-140737350539072","trial_id":24,"user_attr":{"val_loss_epoch_7":19458283.0}}
{"op_code":6,"worker_id":"ae33553a-b09b-4626-ae27-0bc242816151-140737350539072","trial_id":24,"state":1,"values":[52.707581227436826],"datetime_complete":"2026-02-21T21:52:36.827929"}
{"op_code":4,"worker_id":"ae33553a-b09b-4626-ae27-0bc242816151-140737350539072","study_id":0,"datetime_start":"2026-02-21T21:52:36.839781"}
{"op_code":5,"worker_id":"ae33553a-b09b-4626-ae27-0bc242816151-140737350539072","trial_id":25,"param_name":"learning_rate","param_value_internal":0.001554903159497264,"distribution":"{\"name\": \"FloatDistribution\", \"attributes\": {\"step\": null, \"low\": 0.001, \"high\": 10.0, \"log\": true}}"}
{"op_code":5,"worker_id":"ae33553a-b09b-4626-ae27-0bc242816151-140737350539072","trial_id":25,"param_name":"transfer_lr","param_value_internal":0.20023400926043425,"distribution":"{\"name\": \"FloatDistribution\", \"attributes\": {\"step\": null, \"low\": 0.0001, \"high\": 100.0, \"log\": true}}"}
{"op_code":5,"worker_id":"ae33553a-b09b-4626-ae27-0bc242816151-140737350539072","trial_id":25,"param_name":"transfer_every","param_value_internal":17321.0,"distribution":"{\"name\": \"IntDistribution\", \"attributes\": {\"log\": true, \"step\": 1, \"low\": 64, \"high\": 32000}}"}
{"op_code":5,"worker_id":"ae33553a-b09b-4626-ae27-0bc242816151-140737350539072","trial_id":25,"param_name":"rank_exp","param_value_internal":4.0,"distribution":"{\"name\": \"IntDistribution\", \"attributes\": {\"log\": false, \"step\": 1, \"low\": 0, \"high\": 5}}"}
{"op_code":5,"worker_id":"ae33553a-b09b-4626-ae27-0bc242816151-140737350539072","trial_id":25,"param_name":"lora_alpha","param_value_internal":0.0005498325219237134,"distribution":"{\"name\": \"FloatDistribution\", \"attributes\": {\"step\": null, \"low\": 0.0001, \"high\": 100.0, \"log\": true}}"}
{"op_code":5,"worker_id":"ae33553a-b09b-4626-ae27-0bc242816151-140737350539072","trial_id":25,"param_name":"tau_sec","param_value_internal":0.0,"distribution":"{\"name\": \"FloatDistribution\", \"attributes\": {\"step\": null, \"low\": 0.0, \"high\": 0.0, \"log\": false}}"}
{"op_code":5,"worker_id":"ae33553a-b09b-4626-ae27-0bc242816151-140737350539072","trial_id":25,"param_name":"out_noise","param_value_internal":0.0,"distribution":"{\"name\": \"FloatDistribution\", \"attributes\": {\"step\": null, \"low\": 0.0, \"high\": 0.0, \"log\": false}}"}
{"op_code":5,"worker_id":"ae33553a-b09b-4626-ae27-0bc242816151-140737350539072","trial_id":25,"param_name":"ab_weight_scaling_omega","param_value_internal":0.0,"distribution":"{\"name\": \"FloatDistribution\", \"attributes\": {\"step\": null, \"low\": 0.0, \"high\": 0.0, \"log\": false}}"}
{"op_code":5,"worker_id":"ae33553a-b09b-4626-ae27-0bc242816151-140737350539072","trial_id":25,"param_name":"min_lr_rate","param_value_internal":0.0,"distribution":"{\"name\": \"FloatDistribution\", \"attributes\": {\"step\": null, \"low\": 0.0, \"high\": 0.0, \"log\": false}}"}
{"op_code":7,"worker_id":"ae33553a-b09b-4626-ae27-0bc242816151-140737350539072","trial_id":25,"step":1,"intermediate_value":52.707581227436826}
{"op_code":8,"worker_id":"ae33553a-b09b-4626-ae27-0bc242816151-140737350539072","trial_id":25,"user_attr":{"train_loss_epoch_1":31521128.644230768}}
{"op_code":8,"worker_id":"ae33553a-b09b-4626-ae27-0bc242816151-140737350539072","trial_id":25,"user_attr":{"val_loss_epoch_1":32596414.0}}
{"op_code":7,"worker_id":"ae33553a-b09b-4626-ae27-0bc242816151-140737350539072","trial_id":25,"step":2,"intermediate_value":52.707581227436826}
{"op_code":8,"worker_id":"ae33553a-b09b-4626-ae27-0bc242816151-140737350539072","trial_id":25,"user_attr":{"train_loss_epoch_2":29084206.557692308}}
{"op_code":8,"worker_id":"ae33553a-b09b-4626-ae27-0bc242816151-140737350539072","trial_id":25,"user_attr":{"val_loss_epoch_2":9214536.0}}
{"op_code":7,"worker_id":"ae33553a-b09b-4626-ae27-0bc242816151-140737350539072","trial_id":25,"step":3,"intermediate_value":52.707581227436826}
{"op_code":8,"worker_id":"ae33553a-b09b-4626-ae27-0bc242816151-140737350539072","trial_id":25,"user_attr":{"train_loss_epoch_3":27832420.121794872}}
{"op_code":8,"worker_id":"ae33553a-b09b-4626-ae27-0bc242816151-140737350539072","trial_id":25,"user_attr":{"val_loss_epoch_3":14239719.0}}
{"op_code":7,"worker_id":"ae33553a-b09b-4626-ae27-0bc242816151-140737350539072","trial_id":25,"step":4,"intermediate_value":52.707581227436826}
{"op_code":8,"worker_id":"ae33553a-b09b-4626-ae27-0bc242816151-140737350539072","trial_id":25,"user_attr":{"train_loss_epoch_4":23182314.006410256}}
{"op_code":8,"worker_id":"ae33553a-b09b-4626-ae27-0bc242816151-140737350539072","trial_id":25,"user_attr":{"val_loss_epoch_4":14471751.0}}
{"op_code":6,"worker_id":"ae33553a-b09b-4626-ae27-0bc242816151-140737350539072","trial_id":25,"state":1,"values":[52.707581227436826],"datetime_complete":"2026-02-21T21:56:30.285127"}
{"op_code":4,"worker_id":"ae33553a-b09b-4626-ae27-0bc242816151-140737350539072","study_id":0,"datetime_start":"2026-02-21T21:56:30.292912"}
{"op_code":5,"worker_id":"ae33553a-b09b-4626-ae27-0bc242816151-140737350539072","trial_id":26,"param_name":"learning_rate","param_value_internal":0.001545893444379264,"distribution":"{\"name\": \"FloatDistribution\", \"attributes\": {\"step\": null, \"low\": 0.001, \"high\": 10.0, \"log\": true}}"}
{"op_code":5,"worker_id":"ae33553a-b09b-4626-ae27-0bc242816151-140737350539072","trial_id":26,"param_name":"transfer_lr","param_value_internal":0.7428256573297624,"distribution":"{\"name\": \"FloatDistribution\", \"attributes\": {\"step\": null, \"low\": 0.0001, \"high\": 100.0, \"log\": true}}"}
{"op_code":5,"worker_id":"ae33553a-b09b-4626-ae27-0bc242816151-140737350539072","trial_id":26,"param_name":"transfer_every","param_value_internal":32000.0,"distribution":"{\"name\": \"IntDistribution\", \"attributes\": {\"log\": true, \"step\": 1, \"low\": 64, \"high\": 32000}}"}
{"op_code":5,"worker_id":"ae33553a-b09b-4626-ae27-0bc242816151-140737350539072","trial_id":26,"param_name":"rank_exp","param_value_internal":4.0,"distribution":"{\"name\": \"IntDistribution\", \"attributes\": {\"log\": false, \"step\": 1, \"low\": 0, \"high\": 5}}"}
{"op_code":5,"worker_id":"ae33553a-b09b-4626-ae27-0bc242816151-140737350539072","trial_id":26,"param_name":"lora_alpha","param_value_internal":0.0011680237977326519,"distribution":"{\"name\": \"FloatDistribution\", \"attributes\": {\"step\": null, \"low\": 0.0001, \"high\": 100.0, \"log\": true}}"}
{"op_code":5,"worker_id":"ae33553a-b09b-4626-ae27-0bc242816151-140737350539072","trial_id":26,"param_name":"tau_sec","param_value_internal":0.0,"distribution":"{\"name\": \"FloatDistribution\", \"attributes\": {\"step\": null, \"low\": 0.0, \"high\": 0.0, \"log\": false}}"}
{"op_code":5,"worker_id":"ae33553a-b09b-4626-ae27-0bc242816151-140737350539072","trial_id":26,"param_name":"out_noise","param_value_internal":0.0,"distribution":"{\"name\": \"FloatDistribution\", \"attributes\": {\"step\": null, \"low\": 0.0, \"high\": 0.0, \"log\": false}}"}
{"op_code":5,"worker_id":"ae33553a-b09b-4626-ae27-0bc242816151-140737350539072","trial_id":26,"param_name":"ab_weight_scaling_omega","param_value_internal":0.0,"distribution":"{\"name\": \"FloatDistribution\", \"attributes\": {\"step\": null, \"low\": 0.0, \"high\": 0.0, \"log\": false}}"}
{"op_code":5,"worker_id":"ae33553a-b09b-4626-ae27-0bc242816151-140737350539072","trial_id":26,"param_name":"min_lr_rate","param_value_internal":0.0,"distribution":"{\"name\": \"FloatDistribution\", \"attributes\": {\"step\": null, \"low\": 0.0, \"high\": 0.0, \"log\": false}}"}
{"op_code":7,"worker_id":"ae33553a-b09b-4626-ae27-0bc242816151-140737350539072","trial_id":26,"step":1,"intermediate_value":52.707581227436826}
{"op_code":8,"worker_id":"ae33553a-b09b-4626-ae27-0bc242816151-140737350539072","trial_id":26,"user_attr":{"train_loss_epoch_1":30441234.592948716}}
{"op_code":8,"worker_id":"ae33553a-b09b-4626-ae27-0bc242816151-140737350539072","trial_id":26,"user_attr":{"val_loss_epoch_1":41323234.0}}
{"op_code":7,"worker_id":"ae33553a-b09b-4626-ae27-0bc242816151-140737350539072","trial_id":26,"step":2,"intermediate_value":52.707581227436826}
{"op_code":8,"worker_id":"ae33553a-b09b-4626-ae27-0bc242816151-140737350539072","trial_id":26,"user_attr":{"train_loss_epoch_2":29518514.28846154}}
{"op_code":8,"worker_id":"ae33553a-b09b-4626-ae27-0bc242816151-140737350539072","trial_id":26,"user_attr":{"val_loss_epoch_2":29973575.0}}
{"op_code":7,"worker_id":"ae33553a-b09b-4626-ae27-0bc242816151-140737350539072","trial_id":26,"step":3,"intermediate_value":52.707581227436826}
{"op_code":8,"worker_id":"ae33553a-b09b-4626-ae27-0bc242816151-140737350539072","trial_id":26,"user_attr":{"train_loss_epoch_3":26352578.59415064}}
{"op_code":8,"worker_id":"ae33553a-b09b-4626-ae27-0bc242816151-140737350539072","trial_id":26,"user_attr":{"val_loss_epoch_3":10436041.5}}
{"op_code":7,"worker_id":"ae33553a-b09b-4626-ae27-0bc242816151-140737350539072","trial_id":26,"step":4,"intermediate_value":52.707581227436826}
{"op_code":8,"worker_id":"ae33553a-b09b-4626-ae27-0bc242816151-140737350539072","trial_id":26,"user_attr":{"train_loss_epoch_4":27251601.387019232}}
{"op_code":8,"worker_id":"ae33553a-b09b-4626-ae27-0bc242816151-140737350539072","trial_id":26,"user_attr":{"val_loss_epoch_4":22211575.0}}
{"op_code":7,"worker_id":"ae33553a-b09b-4626-ae27-0bc242816151-140737350539072","trial_id":26,"step":5,"intermediate_value":52.707581227436826}
{"op_code":8,"worker_id":"ae33553a-b09b-4626-ae27-0bc242816151-140737350539072","trial_id":26,"user_attr":{"train_loss_epoch_5":23630536.53125}}
{"op_code":8,"worker_id":"ae33553a-b09b-4626-ae27-0bc242816151-140737350539072","trial_id":26,"user_attr":{"val_loss_epoch_5":5834155.75}}
{"op_code":7,"worker_id":"ae33553a-b09b-4626-ae27-0bc242816151-140737350539072","trial_id":26,"step":6,"intermediate_value":52.707581227436826}
{"op_code":8,"worker_id":"ae33553a-b09b-4626-ae27-0bc242816151-140737350539072","trial_id":26,"user_attr":{"train_loss_epoch_6":20146431.626602564}}
{"op_code":8,"worker_id":"ae33553a-b09b-4626-ae27-0bc242816151-140737350539072","trial_id":26,"user_attr":{"val_loss_epoch_6":28559559.0}}
{"op_code":7,"worker_id":"ae33553a-b09b-4626-ae27-0bc242816151-140737350539072","trial_id":26,"step":7,"intermediate_value":52.707581227436826}
{"op_code":8,"worker_id":"ae33553a-b09b-4626-ae27-0bc242816151-140737350539072","trial_id":26,"user_attr":{"train_loss_epoch_7":18555984.076522436}}
{"op_code":8,"worker_id":"ae33553a-b09b-4626-ae27-0bc242816151-140737350539072","trial_id":26,"user_attr":{"val_loss_epoch_7":15212184.0}}
{"op_code":6,"worker_id":"ae33553a-b09b-4626-ae27-0bc242816151-140737350539072","trial_id":26,"state":1,"values":[52.707581227436826],"datetime_complete":"2026-02-21T21:59:53.931560"}
{"op_code":4,"worker_id":"ae33553a-b09b-4626-ae27-0bc242816151-140737350539072","study_id":0,"datetime_start":"2026-02-21T21:59:53.939693"}
{"op_code":5,"worker_id":"ae33553a-b09b-4626-ae27-0bc242816151-140737350539072","trial_id":27,"param_name":"learning_rate","param_value_internal":0.001525200526029611,"distribution":"{\"name\": \"FloatDistribution\", \"attributes\": {\"step\": null, \"low\": 0.001, \"high\": 10.0, \"log\": true}}"}
{"op_code":5,"worker_id":"ae33553a-b09b-4626-ae27-0bc242816151-140737350539072","trial_id":27,"param_name":"transfer_lr","param_value_internal":3.4067633251441327,"distribution":"{\"name\": \"FloatDistribution\", \"attributes\": {\"step\": null, \"low\": 0.0001, \"high\": 100.0, \"log\": true}}"}
{"op_code":5,"worker_id":"ae33553a-b09b-4626-ae27-0bc242816151-140737350539072","trial_id":27,"param_name":"transfer_every","param_value_internal":32000.0,"distribution":"{\"name\": \"IntDistribution\", \"attributes\": {\"log\": true, \"step\": 1, \"low\": 64, \"high\": 32000}}"}
{"op_code":5,"worker_id":"ae33553a-b09b-4626-ae27-0bc242816151-140737350539072","trial_id":27,"param_name":"rank_exp","param_value_internal":4.0,"distribution":"{\"name\": \"IntDistribution\", \"attributes\": {\"log\": false, \"step\": 1, \"low\": 0, \"high\": 5}}"}
{"op_code":5,"worker_id":"ae33553a-b09b-4626-ae27-0bc242816151-140737350539072","trial_id":27,"param_name":"lora_alpha","param_value_internal":0.00022407382113384436,"distribution":"{\"name\": \"FloatDistribution\", \"attributes\": {\"step\": null, \"low\": 0.0001, \"high\": 100.0, \"log\": true}}"}
{"op_code":5,"worker_id":"ae33553a-b09b-4626-ae27-0bc242816151-140737350539072","trial_id":27,"param_name":"tau_sec","param_value_internal":0.0,"distribution":"{\"name\": \"FloatDistribution\", \"attributes\": {\"step\": null, \"low\": 0.0, \"high\": 0.0, \"log\": false}}"}
{"op_code":5,"worker_id":"ae33553a-b09b-4626-ae27-0bc242816151-140737350539072","trial_id":27,"param_name":"out_noise","param_value_internal":0.0,"distribution":"{\"name\": \"FloatDistribution\", \"attributes\": {\"step\": null, \"low\": 0.0, \"high\": 0.0, \"log\": false}}"}
{"op_code":5,"worker_id":"ae33553a-b09b-4626-ae27-0bc242816151-140737350539072","trial_id":27,"param_name":"ab_weight_scaling_omega","param_value_internal":0.0,"distribution":"{\"name\": \"FloatDistribution\", \"attributes\": {\"step\": null, \"low\": 0.0, \"high\": 0.0, \"log\": false}}"}
{"op_code":5,"worker_id":"ae33553a-b09b-4626-ae27-0bc242816151-140737350539072","trial_id":27,"param_name":"min_lr_rate","param_value_internal":0.0,"distribution":"{\"name\": \"FloatDistribution\", \"attributes\": {\"step\": null, \"low\": 0.0, \"high\": 0.0, \"log\": false}}"}
{"op_code":7,"worker_id":"ae33553a-b09b-4626-ae27-0bc242816151-140737350539072","trial_id":27,"step":1,"intermediate_value":52.707581227436826}
{"op_code":8,"worker_id":"ae33553a-b09b-4626-ae27-0bc242816151-140737350539072","trial_id":27,"user_attr":{"train_loss_epoch_1":28328564.061698716}}
{"op_code":8,"worker_id":"ae33553a-b09b-4626-ae27-0bc242816151-140737350539072","trial_id":27,"user_attr":{"val_loss_epoch_1":23257021.0}}
{"op_code":7,"worker_id":"ae33553a-b09b-4626-ae27-0bc242816151-140737350539072","trial_id":27,"step":2,"intermediate_value":52.707581227436826}
{"op_code":8,"worker_id":"ae33553a-b09b-4626-ae27-0bc242816151-140737350539072","trial_id":27,"user_attr":{"train_loss_epoch_2":31779701.019431088}}
{"op_code":8,"worker_id":"ae33553a-b09b-4626-ae27-0bc242816151-140737350539072","trial_id":27,"user_attr":{"val_loss_epoch_2":6891922.5}}
{"op_code":7,"worker_id":"ae33553a-b09b-4626-ae27-0bc242816151-140737350539072","trial_id":27,"step":3,"intermediate_value":52.707581227436826}
{"op_code":8,"worker_id":"ae33553a-b09b-4626-ae27-0bc242816151-140737350539072","trial_id":27,"user_attr":{"train_loss_epoch_3":28498590.947115384}}
{"op_code":8,"worker_id":"ae33553a-b09b-4626-ae27-0bc242816151-140737350539072","trial_id":27,"user_attr":{"val_loss_epoch_3":6214011.25}}
{"op_code":7,"worker_id":"ae33553a-b09b-4626-ae27-0bc242816151-140737350539072","trial_id":27,"step":4,"intermediate_value":52.707581227436826}
{"op_code":8,"worker_id":"ae33553a-b09b-4626-ae27-0bc242816151-140737350539072","trial_id":27,"user_attr":{"train_loss_epoch_4":25097918.802884616}}
{"op_code":8,"worker_id":"ae33553a-b09b-4626-ae27-0bc242816151-140737350539072","trial_id":27,"user_attr":{"val_loss_epoch_4":6657168.75}}
{"op_code":7,"worker_id":"ae33553a-b09b-4626-ae27-0bc242816151-140737350539072","trial_id":27,"step":5,"intermediate_value":52.707581227436826}
{"op_code":8,"worker_id":"ae33553a-b09b-4626-ae27-0bc242816151-140737350539072","trial_id":27,"user_attr":{"train_loss_epoch_5":23103675.769230768}}
{"op_code":8,"worker_id":"ae33553a-b09b-4626-ae27-0bc242816151-140737350539072","trial_id":27,"user_attr":{"val_loss_epoch_5":34865792.0}}
{"op_code":6,"worker_id":"ae33553a-b09b-4626-ae27-0bc242816151-140737350539072","trial_id":27,"state":1,"values":[52.707581227436826],"datetime_complete":"2026-02-21T22:03:27.380790"}
{"op_code":4,"worker_id":"ae33553a-b09b-4626-ae27-0bc242816151-140737350539072","study_id":0,"datetime_start":"2026-02-21T22:03:27.426339"}
{"op_code":5,"worker_id":"ae33553a-b09b-4626-ae27-0bc242816151-140737350539072","trial_id":28,"param_name":"learning_rate","param_value_internal":0.0015325659865056077,"distribution":"{\"name\": \"FloatDistribution\", \"attributes\": {\"step\": null, \"low\": 0.001, \"high\": 10.0, \"log\": true}}"}
{"op_code":5,"worker_id":"ae33553a-b09b-4626-ae27-0bc242816151-140737350539072","trial_id":28,"param_name":"transfer_lr","param_value_internal":40.16621101395389,"distribution":"{\"name\": \"FloatDistribution\", \"attributes\": {\"step\": null, \"low\": 0.0001, \"high\": 100.0, \"log\": true}}"}
{"op_code":5,"worker_id":"ae33553a-b09b-4626-ae27-0bc242816151-140737350539072","trial_id":28,"param_name":"transfer_every","param_value_internal":32000.0,"distribution":"{\"name\": \"IntDistribution\", \"attributes\": {\"log\": true, \"step\": 1, \"low\": 64, \"high\": 32000}}"}
{"op_code":5,"worker_id":"ae33553a-b09b-4626-ae27-0bc242816151-140737350539072","trial_id":28,"param_name":"rank_exp","param_value_internal":4.0,"distribution":"{\"name\": \"IntDistribution\", \"attributes\": {\"log\": false, \"step\": 1, \"low\": 0, \"high\": 5}}"}
{"op_code":5,"worker_id":"ae33553a-b09b-4626-ae27-0bc242816151-140737350539072","trial_id":28,"param_name":"lora_alpha","param_value_internal":0.0020724210536198296,"distribution":"{\"name\": \"FloatDistribution\", \"attributes\": {\"step\": null, \"low\": 0.0001, \"high\": 100.0, \"log\": true}}"}
{"op_code":5,"worker_id":"ae33553a-b09b-4626-ae27-0bc242816151-140737350539072","trial_id":28,"param_name":"tau_sec","param_value_internal":0.0,"distribution":"{\"name\": \"FloatDistribution\", \"attributes\": {\"step\": null, \"low\": 0.0, \"high\": 0.0, \"log\": false}}"}
{"op_code":5,"worker_id":"ae33553a-b09b-4626-ae27-0bc242816151-140737350539072","trial_id":28,"param_name":"out_noise","param_value_internal":0.0,"distribution":"{\"name\": \"FloatDistribution\", \"attributes\": {\"step\": null, \"low\": 0.0, \"high\": 0.0, \"log\": false}}"}
{"op_code":5,"worker_id":"ae33553a-b09b-4626-ae27-0bc242816151-140737350539072","trial_id":28,"param_name":"ab_weight_scaling_omega","param_value_internal":0.0,"distribution":"{\"name\": \"FloatDistribution\", \"attributes\": {\"step\": null, \"low\": 0.0, \"high\": 0.0, \"log\": false}}"}
{"op_code":5,"worker_id":"ae33553a-b09b-4626-ae27-0bc242816151-140737350539072","trial_id":28,"param_name":"min_lr_rate","param_value_internal":0.0,"distribution":"{\"name\": \"FloatDistribution\", \"attributes\": {\"step\": null, \"low\": 0.0, \"high\": 0.0, \"log\": false}}"}
{"op_code":6,"worker_id":"ae33553a-b09b-4626-ae27-0bc242816151-140737350539072","trial_id":28,"state":3,"values":null,"datetime_complete":"2026-02-21T22:04:02.651750"}
