{"op_code":0,"worker_id":"216b5736-33fb-4286-b563-f4d8b151491a-139878542315520","study_name":"mlp_mnist_lrtt_bs64_sgd_gauss_b_zero_nowd_nomom_nonest_onehot_ascaledideal_bscaledideal_cconstantstepideal_perfect_no-stlr_af10_unr10_split-reset_std_linear1_30ep","directions":[2]}
{"op_code":4,"worker_id":"216b5736-33fb-4286-b563-f4d8b151491a-139878542315520","study_id":0,"datetime_start":null,"state":4,"value":null,"values":null,"distributions":{},"params":{},"user_attrs":{},"system_attrs":{"fixed_params":{"learning_rate":0.21672176086292363,"transfer_lr":0.0010888764350326036,"transfer_every":10,"rank_exp":3,"fast_lr":0.25522228973009226,"tau_sec":0.0,"ab_dw_min":0.001981,"ab_desired_bl":31,"a_reset_std":1e-30,"b_reset_std":624.2781655785943,"c_dw_min":0.001,"c_desired_bl":31,"ab_weight_scaling_omega":0.0,"out_noise":0.0}},"intermediate_values":{}}
{"op_code":4,"worker_id":"216b5736-33fb-4286-b563-f4d8b151491a-139878542315520","study_id":0,"datetime_start":null,"state":4,"value":null,"values":null,"distributions":{},"params":{},"user_attrs":{},"system_attrs":{"fixed_params":{"learning_rate":0.554049774081419,"transfer_lr":1.1930847062506549,"transfer_every":10,"rank_exp":3,"fast_lr":297.4908055212885,"tau_sec":0.0,"ab_dw_min":0.001981,"ab_desired_bl":31,"a_reset_std":1e-30,"b_reset_std":0.001,"c_dw_min":0.001,"c_desired_bl":31,"ab_weight_scaling_omega":0.0,"out_noise":0.0}},"intermediate_values":{}}
{"op_code":4,"worker_id":"216b5736-33fb-4286-b563-f4d8b151491a-139878542315520","study_id":0,"datetime_start":null,"state":4,"value":null,"values":null,"distributions":{},"params":{},"user_attrs":{},"system_attrs":{"fixed_params":{"learning_rate":0.09540612738467026,"transfer_lr":0.005692595002638588,"transfer_every":10,"rank_exp":3,"fast_lr":0.020772655796114085,"tau_sec":0.0,"ab_dw_min":0.001981,"ab_desired_bl":31,"a_reset_std":1e-30,"b_reset_std":2389.078489442162,"c_dw_min":0.001,"c_desired_bl":31,"ab_weight_scaling_omega":0.0,"out_noise":0.0}},"intermediate_values":{}}
{"op_code":4,"worker_id":"216b5736-33fb-4286-b563-f4d8b151491a-139878542315520","study_id":0,"datetime_start":null,"state":4,"value":null,"values":null,"distributions":{},"params":{},"user_attrs":{},"system_attrs":{"fixed_params":{"learning_rate":1.6127679700146282,"transfer_lr":3.989917928686659,"transfer_every":10,"rank_exp":3,"fast_lr":1411.1553958256793,"tau_sec":0.0,"ab_dw_min":0.001981,"ab_desired_bl":31,"a_reset_std":1e-30,"b_reset_std":0.000283914233366138,"c_dw_min":0.001,"c_desired_bl":31,"ab_weight_scaling_omega":0.0,"out_noise":0.0}},"intermediate_values":{}}
{"op_code":4,"worker_id":"216b5736-33fb-4286-b563-f4d8b151491a-139878542315520","study_id":0,"datetime_start":null,"state":4,"value":null,"values":null,"distributions":{},"params":{},"user_attrs":{},"system_attrs":{"fixed_params":{"learning_rate":0.5630175422156701,"transfer_lr":1.2162479296254864,"transfer_every":10,"rank_exp":3,"fast_lr":235.82104035472494,"tau_sec":0.0,"ab_dw_min":0.001981,"ab_desired_bl":31,"a_reset_std":1e-30,"b_reset_std":0.0010859659899596728,"c_dw_min":0.001,"c_desired_bl":31,"ab_weight_scaling_omega":0.0,"out_noise":0.0}},"intermediate_values":{}}
{"op_code":4,"worker_id":"216b5736-33fb-4286-b563-f4d8b151491a-139878542315520","study_id":0,"datetime_start":null,"state":4,"value":null,"values":null,"distributions":{},"params":{},"user_attrs":{},"system_attrs":{"fixed_params":{"learning_rate":0.6017851555771269,"transfer_lr":0.5196694838948631,"transfer_every":10,"rank_exp":3,"fast_lr":228.10914201884154,"tau_sec":0.0,"ab_dw_min":0.001981,"ab_desired_bl":31,"a_reset_std":1e-30,"b_reset_std":0.001,"c_dw_min":0.001,"c_desired_bl":31,"ab_weight_scaling_omega":0.0,"out_noise":0.0}},"intermediate_values":{}}
{"op_code":4,"worker_id":"216b5736-33fb-4286-b563-f4d8b151491a-139878542315520","study_id":0,"datetime_start":null,"state":4,"value":null,"values":null,"distributions":{},"params":{},"user_attrs":{},"system_attrs":{"fixed_params":{"learning_rate":0.6586086678635814,"transfer_lr":0.0012253917810527064,"transfer_every":10,"rank_exp":3,"fast_lr":0.6491898258574643,"tau_sec":0.0,"ab_dw_min":0.001981,"ab_desired_bl":31,"a_reset_std":1e-30,"b_reset_std":494.82838841968186,"c_dw_min":0.001,"c_desired_bl":31,"ab_weight_scaling_omega":0.0,"out_noise":0.0}},"intermediate_values":{}}
{"op_code":4,"worker_id":"216b5736-33fb-4286-b563-f4d8b151491a-139878542315520","study_id":0,"datetime_start":null,"state":4,"value":null,"values":null,"distributions":{},"params":{},"user_attrs":{},"system_attrs":{"fixed_params":{"learning_rate":0.682170653492497,"transfer_lr":0.535340770680857,"transfer_every":10,"rank_exp":3,"fast_lr":209.10401367313796,"tau_sec":0.0,"ab_dw_min":0.001981,"ab_desired_bl":31,"a_reset_std":1e-30,"b_reset_std":0.001052229420496937,"c_dw_min":0.001,"c_desired_bl":31,"ab_weight_scaling_omega":0.0,"out_noise":0.0}},"intermediate_values":{}}
{"op_code":4,"worker_id":"216b5736-33fb-4286-b563-f4d8b151491a-139878542315520","study_id":0,"datetime_start":null,"state":4,"value":null,"values":null,"distributions":{},"params":{},"user_attrs":{},"system_attrs":{"fixed_params":{"learning_rate":0.6352154448159675,"transfer_lr":0.5253232634811095,"transfer_every":10,"rank_exp":3,"fast_lr":212.7531548266818,"tau_sec":0.0,"ab_dw_min":0.001981,"ab_desired_bl":31,"a_reset_std":1e-30,"b_reset_std":0.0010851279098268672,"c_dw_min":0.001,"c_desired_bl":31,"ab_weight_scaling_omega":0.0,"out_noise":0.0}},"intermediate_values":{}}
{"op_code":4,"worker_id":"216b5736-33fb-4286-b563-f4d8b151491a-139878542315520","study_id":0,"datetime_start":null,"state":4,"value":null,"values":null,"distributions":{},"params":{},"user_attrs":{},"system_attrs":{"fixed_params":{"learning_rate":0.4289301720092013,"transfer_lr":1.7607228956954117,"transfer_every":10,"rank_exp":3,"fast_lr":292.9475453718173,"tau_sec":0.0,"ab_dw_min":0.001981,"ab_desired_bl":31,"a_reset_std":1e-30,"b_reset_std":0.001,"c_dw_min":0.001,"c_desired_bl":31,"ab_weight_scaling_omega":0.0,"out_noise":0.0}},"intermediate_values":{}}
{"op_code":0,"worker_id":"ca27d457-fadf-483a-a30a-465ef41f328f-139754024333312","study_name":"mlp_mnist_lrtt_bs64_sgd_gauss_b_zero_nowd_nomom_nonest_onehot_ascaledideal_bscaledideal_cconstantstepideal_perfect_no-stlr_af10_unr10_split-reset_std_linear1_30ep","directions":[2]}
{"op_code":6,"worker_id":"ca27d457-fadf-483a-a30a-465ef41f328f-139754024333312","trial_id":0,"state":0,"values":null,"datetime_start":"2026-05-07T21:31:10.427160"}
{"op_code":5,"worker_id":"ca27d457-fadf-483a-a30a-465ef41f328f-139754024333312","trial_id":0,"param_name":"learning_rate","param_value_internal":0.21672176086292363,"distribution":"{\"name\": \"FloatDistribution\", \"attributes\": {\"step\": null, \"low\": 0.006, \"high\": 5.0, \"log\": true}}"}
{"op_code":5,"worker_id":"ca27d457-fadf-483a-a30a-465ef41f328f-139754024333312","trial_id":0,"param_name":"transfer_lr","param_value_internal":0.0010888764350326036,"distribution":"{\"name\": \"FloatDistribution\", \"attributes\": {\"step\": null, \"low\": 1e-05, \"high\": 0.03, \"log\": true}}"}
{"op_code":5,"worker_id":"ca27d457-fadf-483a-a30a-465ef41f328f-139754024333312","trial_id":0,"param_name":"transfer_every","param_value_internal":10.0,"distribution":"{\"name\": \"IntDistribution\", \"attributes\": {\"log\": true, \"step\": 1, \"low\": 10, \"high\": 10}}"}
{"op_code":5,"worker_id":"ca27d457-fadf-483a-a30a-465ef41f328f-139754024333312","trial_id":0,"param_name":"rank_exp","param_value_internal":3.0,"distribution":"{\"name\": \"IntDistribution\", \"attributes\": {\"log\": false, \"step\": 1, \"low\": 3, \"high\": 3}}"}
{"op_code":5,"worker_id":"ca27d457-fadf-483a-a30a-465ef41f328f-139754024333312","trial_id":0,"param_name":"fast_lr","param_value_internal":0.25522228973009226,"distribution":"{\"name\": \"FloatDistribution\", \"attributes\": {\"step\": null, \"low\": 0.0007, \"high\": 20000.0, \"log\": true}}"}
{"op_code":5,"worker_id":"ca27d457-fadf-483a-a30a-465ef41f328f-139754024333312","trial_id":0,"param_name":"tau_sec","param_value_internal":0.0,"distribution":"{\"name\": \"FloatDistribution\", \"attributes\": {\"step\": null, \"low\": 0.0, \"high\": 0.0, \"log\": false}}"}
{"op_code":5,"worker_id":"ca27d457-fadf-483a-a30a-465ef41f328f-139754024333312","trial_id":0,"param_name":"ab_dw_min","param_value_internal":0.001981,"distribution":"{\"name\": \"FloatDistribution\", \"attributes\": {\"step\": null, \"low\": 0.001981, \"high\": 0.001981, \"log\": true}}"}
{"op_code":5,"worker_id":"ca27d457-fadf-483a-a30a-465ef41f328f-139754024333312","trial_id":0,"param_name":"ab_desired_bl","param_value_internal":31.0,"distribution":"{\"name\": \"IntDistribution\", \"attributes\": {\"log\": false, \"step\": 1, \"low\": 31, \"high\": 31}}"}
{"op_code":5,"worker_id":"ca27d457-fadf-483a-a30a-465ef41f328f-139754024333312","trial_id":0,"param_name":"a_reset_std","param_value_internal":1e-30,"distribution":"{\"name\": \"FloatDistribution\", \"attributes\": {\"step\": null, \"low\": 1e-30, \"high\": 1e-30, \"log\": true}}"}
{"op_code":5,"worker_id":"ca27d457-fadf-483a-a30a-465ef41f328f-139754024333312","trial_id":0,"param_name":"b_reset_std","param_value_internal":624.2781655785943,"distribution":"{\"name\": \"FloatDistribution\", \"attributes\": {\"step\": null, \"low\": 2e-05, \"high\": 30000.0, \"log\": true}}"}
{"op_code":5,"worker_id":"ca27d457-fadf-483a-a30a-465ef41f328f-139754024333312","trial_id":0,"param_name":"c_dw_min","param_value_internal":0.001,"distribution":"{\"name\": \"FloatDistribution\", \"attributes\": {\"step\": null, \"low\": 0.001, \"high\": 0.001, \"log\": true}}"}
{"op_code":5,"worker_id":"ca27d457-fadf-483a-a30a-465ef41f328f-139754024333312","trial_id":0,"param_name":"c_desired_bl","param_value_internal":31.0,"distribution":"{\"name\": \"IntDistribution\", \"attributes\": {\"log\": false, \"step\": 1, \"low\": 31, \"high\": 31}}"}
{"op_code":5,"worker_id":"ca27d457-fadf-483a-a30a-465ef41f328f-139754024333312","trial_id":0,"param_name":"out_noise","param_value_internal":0.0,"distribution":"{\"name\": \"FloatDistribution\", \"attributes\": {\"step\": null, \"low\": 0.0, \"high\": 0.0, \"log\": false}}"}
{"op_code":5,"worker_id":"ca27d457-fadf-483a-a30a-465ef41f328f-139754024333312","trial_id":0,"param_name":"ab_weight_scaling_omega","param_value_internal":0.0,"distribution":"{\"name\": \"FloatDistribution\", \"attributes\": {\"step\": null, \"low\": 0.0, \"high\": 0.0, \"log\": false}}"}
{"op_code":8,"worker_id":"ca27d457-fadf-483a-a30a-465ef41f328f-139754024333312","trial_id":0,"user_attr":{"grad_accum_steps":1}}
{"op_code":7,"worker_id":"ca27d457-fadf-483a-a30a-465ef41f328f-139754024333312","trial_id":0,"step":1,"intermediate_value":92.07}
{"op_code":8,"worker_id":"ca27d457-fadf-483a-a30a-465ef41f328f-139754024333312","trial_id":0,"user_attr":{"train_loss_epoch_1":0.4342295922466051}}
{"op_code":7,"worker_id":"ca27d457-fadf-483a-a30a-465ef41f328f-139754024333312","trial_id":0,"step":2,"intermediate_value":93.29}
{"op_code":8,"worker_id":"ca27d457-fadf-483a-a30a-465ef41f328f-139754024333312","trial_id":0,"user_attr":{"train_loss_epoch_2":0.25814905993020865}}
{"op_code":7,"worker_id":"ca27d457-fadf-483a-a30a-465ef41f328f-139754024333312","trial_id":0,"step":3,"intermediate_value":94.02}
{"op_code":8,"worker_id":"ca27d457-fadf-483a-a30a-465ef41f328f-139754024333312","trial_id":0,"user_attr":{"train_loss_epoch_3":0.21248263858163408}}
{"op_code":7,"worker_id":"ca27d457-fadf-483a-a30a-465ef41f328f-139754024333312","trial_id":0,"step":4,"intermediate_value":94.6}
{"op_code":8,"worker_id":"ca27d457-fadf-483a-a30a-465ef41f328f-139754024333312","trial_id":0,"user_attr":{"train_loss_epoch_4":0.18280542525313875}}
{"op_code":7,"worker_id":"ca27d457-fadf-483a-a30a-465ef41f328f-139754024333312","trial_id":0,"step":5,"intermediate_value":94.94}
{"op_code":8,"worker_id":"ca27d457-fadf-483a-a30a-465ef41f328f-139754024333312","trial_id":0,"user_attr":{"train_loss_epoch_5":0.1622112783363093}}
{"op_code":7,"worker_id":"ca27d457-fadf-483a-a30a-465ef41f328f-139754024333312","trial_id":0,"step":6,"intermediate_value":95.69}
{"op_code":8,"worker_id":"ca27d457-fadf-483a-a30a-465ef41f328f-139754024333312","trial_id":0,"user_attr":{"train_loss_epoch_6":0.1472801604191028}}
{"op_code":7,"worker_id":"ca27d457-fadf-483a-a30a-465ef41f328f-139754024333312","trial_id":0,"step":7,"intermediate_value":95.85}
{"op_code":8,"worker_id":"ca27d457-fadf-483a-a30a-465ef41f328f-139754024333312","trial_id":0,"user_attr":{"train_loss_epoch_7":0.13645542894742255}}
{"op_code":7,"worker_id":"ca27d457-fadf-483a-a30a-465ef41f328f-139754024333312","trial_id":0,"step":8,"intermediate_value":95.85}
{"op_code":8,"worker_id":"ca27d457-fadf-483a-a30a-465ef41f328f-139754024333312","trial_id":0,"user_attr":{"train_loss_epoch_8":0.1261538570560118}}
{"op_code":7,"worker_id":"ca27d457-fadf-483a-a30a-465ef41f328f-139754024333312","trial_id":0,"step":9,"intermediate_value":96.21}
{"op_code":8,"worker_id":"ca27d457-fadf-483a-a30a-465ef41f328f-139754024333312","trial_id":0,"user_attr":{"train_loss_epoch_9":0.1163883489995464}}
{"op_code":7,"worker_id":"ca27d457-fadf-483a-a30a-465ef41f328f-139754024333312","trial_id":0,"step":10,"intermediate_value":96.25}
{"op_code":8,"worker_id":"ca27d457-fadf-483a-a30a-465ef41f328f-139754024333312","trial_id":0,"user_attr":{"train_loss_epoch_10":0.11010233430005213}}
{"op_code":7,"worker_id":"ca27d457-fadf-483a-a30a-465ef41f328f-139754024333312","trial_id":0,"step":11,"intermediate_value":96.25}
{"op_code":8,"worker_id":"ca27d457-fadf-483a-a30a-465ef41f328f-139754024333312","trial_id":0,"user_attr":{"train_loss_epoch_11":0.10272020715147828}}
{"op_code":7,"worker_id":"ca27d457-fadf-483a-a30a-465ef41f328f-139754024333312","trial_id":0,"step":12,"intermediate_value":96.25}
{"op_code":8,"worker_id":"ca27d457-fadf-483a-a30a-465ef41f328f-139754024333312","trial_id":0,"user_attr":{"train_loss_epoch_12":0.09955342762472072}}
{"op_code":7,"worker_id":"ca27d457-fadf-483a-a30a-465ef41f328f-139754024333312","trial_id":0,"step":13,"intermediate_value":96.25}
{"op_code":8,"worker_id":"ca27d457-fadf-483a-a30a-465ef41f328f-139754024333312","trial_id":0,"user_attr":{"train_loss_epoch_13":0.09639337049550943}}
{"op_code":7,"worker_id":"ca27d457-fadf-483a-a30a-465ef41f328f-139754024333312","trial_id":0,"step":14,"intermediate_value":96.27}
{"op_code":8,"worker_id":"ca27d457-fadf-483a-a30a-465ef41f328f-139754024333312","trial_id":0,"user_attr":{"train_loss_epoch_14":0.0938083918592426}}
{"op_code":7,"worker_id":"ca27d457-fadf-483a-a30a-465ef41f328f-139754024333312","trial_id":0,"step":15,"intermediate_value":96.27}
{"op_code":8,"worker_id":"ca27d457-fadf-483a-a30a-465ef41f328f-139754024333312","trial_id":0,"user_attr":{"train_loss_epoch_15":0.09195049400371846}}
{"op_code":7,"worker_id":"ca27d457-fadf-483a-a30a-465ef41f328f-139754024333312","trial_id":0,"step":16,"intermediate_value":96.38}
{"op_code":8,"worker_id":"ca27d457-fadf-483a-a30a-465ef41f328f-139754024333312","trial_id":0,"user_attr":{"train_loss_epoch_16":0.08872081000935723}}
{"op_code":7,"worker_id":"ca27d457-fadf-483a-a30a-465ef41f328f-139754024333312","trial_id":0,"step":17,"intermediate_value":96.38}
{"op_code":8,"worker_id":"ca27d457-fadf-483a-a30a-465ef41f328f-139754024333312","trial_id":0,"user_attr":{"train_loss_epoch_17":0.08511389881026929}}
{"op_code":7,"worker_id":"ca27d457-fadf-483a-a30a-465ef41f328f-139754024333312","trial_id":0,"step":18,"intermediate_value":96.57}
{"op_code":8,"worker_id":"ca27d457-fadf-483a-a30a-465ef41f328f-139754024333312","trial_id":0,"user_attr":{"train_loss_epoch_18":0.08176726259058838}}
{"op_code":7,"worker_id":"ca27d457-fadf-483a-a30a-465ef41f328f-139754024333312","trial_id":0,"step":19,"intermediate_value":96.57}
{"op_code":8,"worker_id":"ca27d457-fadf-483a-a30a-465ef41f328f-139754024333312","trial_id":0,"user_attr":{"train_loss_epoch_19":0.07923352046569845}}
{"op_code":7,"worker_id":"ca27d457-fadf-483a-a30a-465ef41f328f-139754024333312","trial_id":0,"step":20,"intermediate_value":96.57}
{"op_code":8,"worker_id":"ca27d457-fadf-483a-a30a-465ef41f328f-139754024333312","trial_id":0,"user_attr":{"train_loss_epoch_20":0.07735321570067669}}
{"op_code":7,"worker_id":"ca27d457-fadf-483a-a30a-465ef41f328f-139754024333312","trial_id":0,"step":21,"intermediate_value":96.71}
{"op_code":8,"worker_id":"ca27d457-fadf-483a-a30a-465ef41f328f-139754024333312","trial_id":0,"user_attr":{"train_loss_epoch_21":0.07497208054958861}}
{"op_code":7,"worker_id":"ca27d457-fadf-483a-a30a-465ef41f328f-139754024333312","trial_id":0,"step":22,"intermediate_value":96.71}
{"op_code":8,"worker_id":"ca27d457-fadf-483a-a30a-465ef41f328f-139754024333312","trial_id":0,"user_attr":{"train_loss_epoch_22":0.07322058928976538}}
{"op_code":7,"worker_id":"ca27d457-fadf-483a-a30a-465ef41f328f-139754024333312","trial_id":0,"step":23,"intermediate_value":96.71}
{"op_code":8,"worker_id":"ca27d457-fadf-483a-a30a-465ef41f328f-139754024333312","trial_id":0,"user_attr":{"train_loss_epoch_23":0.07136394735028558}}
{"op_code":7,"worker_id":"ca27d457-fadf-483a-a30a-465ef41f328f-139754024333312","trial_id":0,"step":24,"intermediate_value":96.73}
{"op_code":8,"worker_id":"ca27d457-fadf-483a-a30a-465ef41f328f-139754024333312","trial_id":0,"user_attr":{"train_loss_epoch_24":0.06978011802176455}}
{"op_code":7,"worker_id":"ca27d457-fadf-483a-a30a-465ef41f328f-139754024333312","trial_id":0,"step":25,"intermediate_value":96.79}
{"op_code":8,"worker_id":"ca27d457-fadf-483a-a30a-465ef41f328f-139754024333312","trial_id":0,"user_attr":{"train_loss_epoch_25":0.06824137247465392}}
{"op_code":7,"worker_id":"ca27d457-fadf-483a-a30a-465ef41f328f-139754024333312","trial_id":0,"step":26,"intermediate_value":96.79}
{"op_code":8,"worker_id":"ca27d457-fadf-483a-a30a-465ef41f328f-139754024333312","trial_id":0,"user_attr":{"train_loss_epoch_26":0.06660302494913697}}
{"op_code":7,"worker_id":"ca27d457-fadf-483a-a30a-465ef41f328f-139754024333312","trial_id":0,"step":27,"intermediate_value":96.79}
{"op_code":8,"worker_id":"ca27d457-fadf-483a-a30a-465ef41f328f-139754024333312","trial_id":0,"user_attr":{"train_loss_epoch_27":0.06516134679796043}}
{"op_code":7,"worker_id":"ca27d457-fadf-483a-a30a-465ef41f328f-139754024333312","trial_id":0,"step":28,"intermediate_value":96.79}
{"op_code":8,"worker_id":"ca27d457-fadf-483a-a30a-465ef41f328f-139754024333312","trial_id":0,"user_attr":{"train_loss_epoch_28":0.06362709492893774}}
{"op_code":7,"worker_id":"ca27d457-fadf-483a-a30a-465ef41f328f-139754024333312","trial_id":0,"step":29,"intermediate_value":96.79}
{"op_code":8,"worker_id":"ca27d457-fadf-483a-a30a-465ef41f328f-139754024333312","trial_id":0,"user_attr":{"train_loss_epoch_29":0.06246061446587009}}
{"op_code":7,"worker_id":"ca27d457-fadf-483a-a30a-465ef41f328f-139754024333312","trial_id":0,"step":30,"intermediate_value":96.86}
{"op_code":8,"worker_id":"ca27d457-fadf-483a-a30a-465ef41f328f-139754024333312","trial_id":0,"user_attr":{"train_loss_epoch_30":0.06099190789588622}}
{"op_code":6,"worker_id":"ca27d457-fadf-483a-a30a-465ef41f328f-139754024333312","trial_id":0,"state":1,"values":[96.86],"datetime_complete":"2026-05-07T21:36:53.902006"}
{"op_code":6,"worker_id":"ca27d457-fadf-483a-a30a-465ef41f328f-139754024333312","trial_id":1,"state":0,"values":null,"datetime_start":"2026-05-07T21:36:53.904398"}
{"op_code":5,"worker_id":"ca27d457-fadf-483a-a30a-465ef41f328f-139754024333312","trial_id":1,"param_name":"learning_rate","param_value_internal":0.554049774081419,"distribution":"{\"name\": \"FloatDistribution\", \"attributes\": {\"step\": null, \"low\": 0.006, \"high\": 5.0, \"log\": true}}"}
{"op_code":5,"worker_id":"ca27d457-fadf-483a-a30a-465ef41f328f-139754024333312","trial_id":1,"param_name":"transfer_lr","param_value_internal":1.1930847062506549,"distribution":"{\"name\": \"FloatDistribution\", \"attributes\": {\"step\": null, \"low\": 1e-05, \"high\": 0.03, \"log\": true}}"}
{"op_code":5,"worker_id":"ca27d457-fadf-483a-a30a-465ef41f328f-139754024333312","trial_id":1,"param_name":"transfer_every","param_value_internal":10.0,"distribution":"{\"name\": \"IntDistribution\", \"attributes\": {\"log\": true, \"step\": 1, \"low\": 10, \"high\": 10}}"}
{"op_code":5,"worker_id":"ca27d457-fadf-483a-a30a-465ef41f328f-139754024333312","trial_id":1,"param_name":"rank_exp","param_value_internal":3.0,"distribution":"{\"name\": \"IntDistribution\", \"attributes\": {\"log\": false, \"step\": 1, \"low\": 3, \"high\": 3}}"}
{"op_code":5,"worker_id":"ca27d457-fadf-483a-a30a-465ef41f328f-139754024333312","trial_id":1,"param_name":"fast_lr","param_value_internal":297.4908055212885,"distribution":"{\"name\": \"FloatDistribution\", \"attributes\": {\"step\": null, \"low\": 0.0007, \"high\": 20000.0, \"log\": true}}"}
{"op_code":5,"worker_id":"ca27d457-fadf-483a-a30a-465ef41f328f-139754024333312","trial_id":1,"param_name":"tau_sec","param_value_internal":0.0,"distribution":"{\"name\": \"FloatDistribution\", \"attributes\": {\"step\": null, \"low\": 0.0, \"high\": 0.0, \"log\": false}}"}
{"op_code":5,"worker_id":"ca27d457-fadf-483a-a30a-465ef41f328f-139754024333312","trial_id":1,"param_name":"ab_dw_min","param_value_internal":0.001981,"distribution":"{\"name\": \"FloatDistribution\", \"attributes\": {\"step\": null, \"low\": 0.001981, \"high\": 0.001981, \"log\": true}}"}
{"op_code":5,"worker_id":"ca27d457-fadf-483a-a30a-465ef41f328f-139754024333312","trial_id":1,"param_name":"ab_desired_bl","param_value_internal":31.0,"distribution":"{\"name\": \"IntDistribution\", \"attributes\": {\"log\": false, \"step\": 1, \"low\": 31, \"high\": 31}}"}
{"op_code":5,"worker_id":"ca27d457-fadf-483a-a30a-465ef41f328f-139754024333312","trial_id":1,"param_name":"a_reset_std","param_value_internal":1e-30,"distribution":"{\"name\": \"FloatDistribution\", \"attributes\": {\"step\": null, \"low\": 1e-30, \"high\": 1e-30, \"log\": true}}"}
{"op_code":5,"worker_id":"ca27d457-fadf-483a-a30a-465ef41f328f-139754024333312","trial_id":1,"param_name":"b_reset_std","param_value_internal":0.001,"distribution":"{\"name\": \"FloatDistribution\", \"attributes\": {\"step\": null, \"low\": 2e-05, \"high\": 30000.0, \"log\": true}}"}
{"op_code":5,"worker_id":"ca27d457-fadf-483a-a30a-465ef41f328f-139754024333312","trial_id":1,"param_name":"c_dw_min","param_value_internal":0.001,"distribution":"{\"name\": \"FloatDistribution\", \"attributes\": {\"step\": null, \"low\": 0.001, \"high\": 0.001, \"log\": true}}"}
{"op_code":5,"worker_id":"ca27d457-fadf-483a-a30a-465ef41f328f-139754024333312","trial_id":1,"param_name":"c_desired_bl","param_value_internal":31.0,"distribution":"{\"name\": \"IntDistribution\", \"attributes\": {\"log\": false, \"step\": 1, \"low\": 31, \"high\": 31}}"}
{"op_code":5,"worker_id":"ca27d457-fadf-483a-a30a-465ef41f328f-139754024333312","trial_id":1,"param_name":"out_noise","param_value_internal":0.0,"distribution":"{\"name\": \"FloatDistribution\", \"attributes\": {\"step\": null, \"low\": 0.0, \"high\": 0.0, \"log\": false}}"}
{"op_code":5,"worker_id":"ca27d457-fadf-483a-a30a-465ef41f328f-139754024333312","trial_id":1,"param_name":"ab_weight_scaling_omega","param_value_internal":0.0,"distribution":"{\"name\": \"FloatDistribution\", \"attributes\": {\"step\": null, \"low\": 0.0, \"high\": 0.0, \"log\": false}}"}
{"op_code":8,"worker_id":"ca27d457-fadf-483a-a30a-465ef41f328f-139754024333312","trial_id":1,"user_attr":{"grad_accum_steps":1}}
{"op_code":7,"worker_id":"ca27d457-fadf-483a-a30a-465ef41f328f-139754024333312","trial_id":1,"step":1,"intermediate_value":91.62}
{"op_code":8,"worker_id":"ca27d457-fadf-483a-a30a-465ef41f328f-139754024333312","trial_id":1,"user_attr":{"train_loss_epoch_1":0.3672577074722949}}
{"op_code":7,"worker_id":"ca27d457-fadf-483a-a30a-465ef41f328f-139754024333312","trial_id":1,"step":2,"intermediate_value":93.83}
{"op_code":8,"worker_id":"ca27d457-fadf-483a-a30a-465ef41f328f-139754024333312","trial_id":1,"user_attr":{"train_loss_epoch_2":0.22503039778978712}}
{"op_code":7,"worker_id":"ca27d457-fadf-483a-a30a-465ef41f328f-139754024333312","trial_id":1,"step":3,"intermediate_value":94.64}
{"op_code":8,"worker_id":"ca27d457-fadf-483a-a30a-465ef41f328f-139754024333312","trial_id":1,"user_attr":{"train_loss_epoch_3":0.18417911463454842}}
{"op_code":7,"worker_id":"ca27d457-fadf-483a-a30a-465ef41f328f-139754024333312","trial_id":1,"step":4,"intermediate_value":94.8}
{"op_code":8,"worker_id":"ca27d457-fadf-483a-a30a-465ef41f328f-139754024333312","trial_id":1,"user_attr":{"train_loss_epoch_4":0.1603621502440653}}
{"op_code":7,"worker_id":"ca27d457-fadf-483a-a30a-465ef41f328f-139754024333312","trial_id":1,"step":5,"intermediate_value":95.81}
{"op_code":8,"worker_id":"ca27d457-fadf-483a-a30a-465ef41f328f-139754024333312","trial_id":1,"user_attr":{"train_loss_epoch_5":0.1460513820919369}}
{"op_code":7,"worker_id":"ca27d457-fadf-483a-a30a-465ef41f328f-139754024333312","trial_id":1,"step":6,"intermediate_value":95.81}
{"op_code":8,"worker_id":"ca27d457-fadf-483a-a30a-465ef41f328f-139754024333312","trial_id":1,"user_attr":{"train_loss_epoch_6":0.13386229969966196}}
{"op_code":7,"worker_id":"ca27d457-fadf-483a-a30a-465ef41f328f-139754024333312","trial_id":1,"step":7,"intermediate_value":95.81}
{"op_code":8,"worker_id":"ca27d457-fadf-483a-a30a-465ef41f328f-139754024333312","trial_id":1,"user_attr":{"train_loss_epoch_7":0.12581686687413485}}
{"op_code":7,"worker_id":"ca27d457-fadf-483a-a30a-465ef41f328f-139754024333312","trial_id":1,"step":8,"intermediate_value":95.81}
{"op_code":8,"worker_id":"ca27d457-fadf-483a-a30a-465ef41f328f-139754024333312","trial_id":1,"user_attr":{"train_loss_epoch_8":0.11811140317793514}}
{"op_code":7,"worker_id":"ca27d457-fadf-483a-a30a-465ef41f328f-139754024333312","trial_id":1,"step":9,"intermediate_value":95.92}
{"op_code":8,"worker_id":"ca27d457-fadf-483a-a30a-465ef41f328f-139754024333312","trial_id":1,"user_attr":{"train_loss_epoch_9":0.11034050438978048}}
{"op_code":7,"worker_id":"ca27d457-fadf-483a-a30a-465ef41f328f-139754024333312","trial_id":1,"step":10,"intermediate_value":96.3}
{"op_code":8,"worker_id":"ca27d457-fadf-483a-a30a-465ef41f328f-139754024333312","trial_id":1,"user_attr":{"train_loss_epoch_10":0.10387703992261577}}
{"op_code":7,"worker_id":"ca27d457-fadf-483a-a30a-465ef41f328f-139754024333312","trial_id":1,"step":11,"intermediate_value":96.54}
{"op_code":8,"worker_id":"ca27d457-fadf-483a-a30a-465ef41f328f-139754024333312","trial_id":1,"user_attr":{"train_loss_epoch_11":0.09564734986454033}}
{"op_code":7,"worker_id":"ca27d457-fadf-483a-a30a-465ef41f328f-139754024333312","trial_id":1,"step":12,"intermediate_value":96.54}
{"op_code":8,"worker_id":"ca27d457-fadf-483a-a30a-465ef41f328f-139754024333312","trial_id":1,"user_attr":{"train_loss_epoch_12":0.09243649798435474}}
{"op_code":7,"worker_id":"ca27d457-fadf-483a-a30a-465ef41f328f-139754024333312","trial_id":1,"step":13,"intermediate_value":96.54}
{"op_code":8,"worker_id":"ca27d457-fadf-483a-a30a-465ef41f328f-139754024333312","trial_id":1,"user_attr":{"train_loss_epoch_13":0.08945882455138032}}
{"op_code":7,"worker_id":"ca27d457-fadf-483a-a30a-465ef41f328f-139754024333312","trial_id":1,"step":14,"intermediate_value":96.57}
{"op_code":8,"worker_id":"ca27d457-fadf-483a-a30a-465ef41f328f-139754024333312","trial_id":1,"user_attr":{"train_loss_epoch_14":0.0863984296796347}}
{"op_code":7,"worker_id":"ca27d457-fadf-483a-a30a-465ef41f328f-139754024333312","trial_id":1,"step":15,"intermediate_value":96.6}
{"op_code":8,"worker_id":"ca27d457-fadf-483a-a30a-465ef41f328f-139754024333312","trial_id":1,"user_attr":{"train_loss_epoch_15":0.08263937965966761}}
{"op_code":7,"worker_id":"ca27d457-fadf-483a-a30a-465ef41f328f-139754024333312","trial_id":1,"step":16,"intermediate_value":96.66}
{"op_code":8,"worker_id":"ca27d457-fadf-483a-a30a-465ef41f328f-139754024333312","trial_id":1,"user_attr":{"train_loss_epoch_16":0.07942116859533799}}
{"op_code":7,"worker_id":"ca27d457-fadf-483a-a30a-465ef41f328f-139754024333312","trial_id":1,"step":17,"intermediate_value":96.66}
{"op_code":8,"worker_id":"ca27d457-fadf-483a-a30a-465ef41f328f-139754024333312","trial_id":1,"user_attr":{"train_loss_epoch_17":0.07751351056758489}}
{"op_code":7,"worker_id":"ca27d457-fadf-483a-a30a-465ef41f328f-139754024333312","trial_id":1,"step":18,"intermediate_value":96.78}
{"op_code":8,"worker_id":"ca27d457-fadf-483a-a30a-465ef41f328f-139754024333312","trial_id":1,"user_attr":{"train_loss_epoch_18":0.07491618034038652}}
{"op_code":7,"worker_id":"ca27d457-fadf-483a-a30a-465ef41f328f-139754024333312","trial_id":1,"step":19,"intermediate_value":96.78}
{"op_code":8,"worker_id":"ca27d457-fadf-483a-a30a-465ef41f328f-139754024333312","trial_id":1,"user_attr":{"train_loss_epoch_19":0.07336498993207644}}
{"op_code":7,"worker_id":"ca27d457-fadf-483a-a30a-465ef41f328f-139754024333312","trial_id":1,"step":20,"intermediate_value":96.91}
{"op_code":8,"worker_id":"ca27d457-fadf-483a-a30a-465ef41f328f-139754024333312","trial_id":1,"user_attr":{"train_loss_epoch_20":0.07112515567993519}}
{"op_code":7,"worker_id":"ca27d457-fadf-483a-a30a-465ef41f328f-139754024333312","trial_id":1,"step":21,"intermediate_value":96.95}
{"op_code":8,"worker_id":"ca27d457-fadf-483a-a30a-465ef41f328f-139754024333312","trial_id":1,"user_attr":{"train_loss_epoch_21":0.06714265462237476}}
{"op_code":7,"worker_id":"ca27d457-fadf-483a-a30a-465ef41f328f-139754024333312","trial_id":1,"step":22,"intermediate_value":96.99}
{"op_code":8,"worker_id":"ca27d457-fadf-483a-a30a-465ef41f328f-139754024333312","trial_id":1,"user_attr":{"train_loss_epoch_22":0.0668198538369247}}
{"op_code":7,"worker_id":"ca27d457-fadf-483a-a30a-465ef41f328f-139754024333312","trial_id":1,"step":23,"intermediate_value":97.1}
{"op_code":8,"worker_id":"ca27d457-fadf-483a-a30a-465ef41f328f-139754024333312","trial_id":1,"user_attr":{"train_loss_epoch_23":0.0658896679140832}}
{"op_code":7,"worker_id":"ca27d457-fadf-483a-a30a-465ef41f328f-139754024333312","trial_id":1,"step":24,"intermediate_value":97.1}
{"op_code":8,"worker_id":"ca27d457-fadf-483a-a30a-465ef41f328f-139754024333312","trial_id":1,"user_attr":{"train_loss_epoch_24":0.06400268380855346}}
{"op_code":7,"worker_id":"ca27d457-fadf-483a-a30a-465ef41f328f-139754024333312","trial_id":1,"step":25,"intermediate_value":97.1}
{"op_code":8,"worker_id":"ca27d457-fadf-483a-a30a-465ef41f328f-139754024333312","trial_id":1,"user_attr":{"train_loss_epoch_25":0.06124623702280025}}
{"op_code":7,"worker_id":"ca27d457-fadf-483a-a30a-465ef41f328f-139754024333312","trial_id":1,"step":26,"intermediate_value":97.1}
{"op_code":8,"worker_id":"ca27d457-fadf-483a-a30a-465ef41f328f-139754024333312","trial_id":1,"user_attr":{"train_loss_epoch_26":0.06064598417013332}}
{"op_code":7,"worker_id":"ca27d457-fadf-483a-a30a-465ef41f328f-139754024333312","trial_id":1,"step":27,"intermediate_value":97.1}
{"op_code":8,"worker_id":"ca27d457-fadf-483a-a30a-465ef41f328f-139754024333312","trial_id":1,"user_attr":{"train_loss_epoch_27":0.05933824878460023}}
{"op_code":7,"worker_id":"ca27d457-fadf-483a-a30a-465ef41f328f-139754024333312","trial_id":1,"step":28,"intermediate_value":97.1}
{"op_code":8,"worker_id":"ca27d457-fadf-483a-a30a-465ef41f328f-139754024333312","trial_id":1,"user_attr":{"train_loss_epoch_28":0.05840520125834633}}
{"op_code":6,"worker_id":"ca27d457-fadf-483a-a30a-465ef41f328f-139754024333312","trial_id":1,"state":1,"values":[97.1],"datetime_complete":"2026-05-07T21:42:11.058909"}
{"op_code":6,"worker_id":"ca27d457-fadf-483a-a30a-465ef41f328f-139754024333312","trial_id":2,"state":0,"values":null,"datetime_start":"2026-05-07T21:42:11.061181"}
{"op_code":5,"worker_id":"ca27d457-fadf-483a-a30a-465ef41f328f-139754024333312","trial_id":2,"param_name":"learning_rate","param_value_internal":0.09540612738467026,"distribution":"{\"name\": \"FloatDistribution\", \"attributes\": {\"step\": null, \"low\": 0.006, \"high\": 5.0, \"log\": true}}"}
{"op_code":5,"worker_id":"ca27d457-fadf-483a-a30a-465ef41f328f-139754024333312","trial_id":2,"param_name":"transfer_lr","param_value_internal":0.005692595002638588,"distribution":"{\"name\": \"FloatDistribution\", \"attributes\": {\"step\": null, \"low\": 1e-05, \"high\": 0.03, \"log\": true}}"}
{"op_code":5,"worker_id":"ca27d457-fadf-483a-a30a-465ef41f328f-139754024333312","trial_id":2,"param_name":"transfer_every","param_value_internal":10.0,"distribution":"{\"name\": \"IntDistribution\", \"attributes\": {\"log\": true, \"step\": 1, \"low\": 10, \"high\": 10}}"}
{"op_code":5,"worker_id":"ca27d457-fadf-483a-a30a-465ef41f328f-139754024333312","trial_id":2,"param_name":"rank_exp","param_value_internal":3.0,"distribution":"{\"name\": \"IntDistribution\", \"attributes\": {\"log\": false, \"step\": 1, \"low\": 3, \"high\": 3}}"}
{"op_code":5,"worker_id":"ca27d457-fadf-483a-a30a-465ef41f328f-139754024333312","trial_id":2,"param_name":"fast_lr","param_value_internal":0.020772655796114085,"distribution":"{\"name\": \"FloatDistribution\", \"attributes\": {\"step\": null, \"low\": 0.0007, \"high\": 20000.0, \"log\": true}}"}
{"op_code":5,"worker_id":"ca27d457-fadf-483a-a30a-465ef41f328f-139754024333312","trial_id":2,"param_name":"tau_sec","param_value_internal":0.0,"distribution":"{\"name\": \"FloatDistribution\", \"attributes\": {\"step\": null, \"low\": 0.0, \"high\": 0.0, \"log\": false}}"}
{"op_code":5,"worker_id":"ca27d457-fadf-483a-a30a-465ef41f328f-139754024333312","trial_id":2,"param_name":"ab_dw_min","param_value_internal":0.001981,"distribution":"{\"name\": \"FloatDistribution\", \"attributes\": {\"step\": null, \"low\": 0.001981, \"high\": 0.001981, \"log\": true}}"}
{"op_code":5,"worker_id":"ca27d457-fadf-483a-a30a-465ef41f328f-139754024333312","trial_id":2,"param_name":"ab_desired_bl","param_value_internal":31.0,"distribution":"{\"name\": \"IntDistribution\", \"attributes\": {\"log\": false, \"step\": 1, \"low\": 31, \"high\": 31}}"}
{"op_code":5,"worker_id":"ca27d457-fadf-483a-a30a-465ef41f328f-139754024333312","trial_id":2,"param_name":"a_reset_std","param_value_internal":1e-30,"distribution":"{\"name\": \"FloatDistribution\", \"attributes\": {\"step\": null, \"low\": 1e-30, \"high\": 1e-30, \"log\": true}}"}
{"op_code":5,"worker_id":"ca27d457-fadf-483a-a30a-465ef41f328f-139754024333312","trial_id":2,"param_name":"b_reset_std","param_value_internal":2389.078489442162,"distribution":"{\"name\": \"FloatDistribution\", \"attributes\": {\"step\": null, \"low\": 2e-05, \"high\": 30000.0, \"log\": true}}"}
{"op_code":5,"worker_id":"ca27d457-fadf-483a-a30a-465ef41f328f-139754024333312","trial_id":2,"param_name":"c_dw_min","param_value_internal":0.001,"distribution":"{\"name\": \"FloatDistribution\", \"attributes\": {\"step\": null, \"low\": 0.001, \"high\": 0.001, \"log\": true}}"}
{"op_code":5,"worker_id":"ca27d457-fadf-483a-a30a-465ef41f328f-139754024333312","trial_id":2,"param_name":"c_desired_bl","param_value_internal":31.0,"distribution":"{\"name\": \"IntDistribution\", \"attributes\": {\"log\": false, \"step\": 1, \"low\": 31, \"high\": 31}}"}
{"op_code":5,"worker_id":"ca27d457-fadf-483a-a30a-465ef41f328f-139754024333312","trial_id":2,"param_name":"out_noise","param_value_internal":0.0,"distribution":"{\"name\": \"FloatDistribution\", \"attributes\": {\"step\": null, \"low\": 0.0, \"high\": 0.0, \"log\": false}}"}
{"op_code":5,"worker_id":"ca27d457-fadf-483a-a30a-465ef41f328f-139754024333312","trial_id":2,"param_name":"ab_weight_scaling_omega","param_value_internal":0.0,"distribution":"{\"name\": \"FloatDistribution\", \"attributes\": {\"step\": null, \"low\": 0.0, \"high\": 0.0, \"log\": false}}"}
{"op_code":8,"worker_id":"ca27d457-fadf-483a-a30a-465ef41f328f-139754024333312","trial_id":2,"user_attr":{"grad_accum_steps":1}}
{"op_code":7,"worker_id":"ca27d457-fadf-483a-a30a-465ef41f328f-139754024333312","trial_id":2,"step":1,"intermediate_value":90.28}
{"op_code":8,"worker_id":"ca27d457-fadf-483a-a30a-465ef41f328f-139754024333312","trial_id":2,"user_attr":{"train_loss_epoch_1":0.5319792189752497}}
{"op_code":7,"worker_id":"ca27d457-fadf-483a-a30a-465ef41f328f-139754024333312","trial_id":2,"step":2,"intermediate_value":91.81}
{"op_code":8,"worker_id":"ca27d457-fadf-483a-a30a-465ef41f328f-139754024333312","trial_id":2,"user_attr":{"train_loss_epoch_2":0.3058792041864858}}
{"op_code":7,"worker_id":"ca27d457-fadf-483a-a30a-465ef41f328f-139754024333312","trial_id":2,"step":3,"intermediate_value":92.73}
{"op_code":8,"worker_id":"ca27d457-fadf-483a-a30a-465ef41f328f-139754024333312","trial_id":2,"user_attr":{"train_loss_epoch_3":0.26416883724076407}}
{"op_code":7,"worker_id":"ca27d457-fadf-483a-a30a-465ef41f328f-139754024333312","trial_id":2,"step":4,"intermediate_value":93.32}
{"op_code":8,"worker_id":"ca27d457-fadf-483a-a30a-465ef41f328f-139754024333312","trial_id":2,"user_attr":{"train_loss_epoch_4":0.23675923204736543}}
{"op_code":7,"worker_id":"ca27d457-fadf-483a-a30a-465ef41f328f-139754024333312","trial_id":2,"step":5,"intermediate_value":93.75}
{"op_code":8,"worker_id":"ca27d457-fadf-483a-a30a-465ef41f328f-139754024333312","trial_id":2,"user_attr":{"train_loss_epoch_5":0.21428686549176157}}
{"op_code":7,"worker_id":"ca27d457-fadf-483a-a30a-465ef41f328f-139754024333312","trial_id":2,"step":6,"intermediate_value":94.3}
{"op_code":8,"worker_id":"ca27d457-fadf-483a-a30a-465ef41f328f-139754024333312","trial_id":2,"user_attr":{"train_loss_epoch_6":0.197335546359674}}
{"op_code":7,"worker_id":"ca27d457-fadf-483a-a30a-465ef41f328f-139754024333312","trial_id":2,"step":7,"intermediate_value":94.51}
{"op_code":8,"worker_id":"ca27d457-fadf-483a-a30a-465ef41f328f-139754024333312","trial_id":2,"user_attr":{"train_loss_epoch_7":0.18244831926667932}}
{"op_code":7,"worker_id":"ca27d457-fadf-483a-a30a-465ef41f328f-139754024333312","trial_id":2,"step":8,"intermediate_value":94.76}
{"op_code":8,"worker_id":"ca27d457-fadf-483a-a30a-465ef41f328f-139754024333312","trial_id":2,"user_attr":{"train_loss_epoch_8":0.17107212685270987}}
{"op_code":7,"worker_id":"ca27d457-fadf-483a-a30a-465ef41f328f-139754024333312","trial_id":2,"step":9,"intermediate_value":95.02}
{"op_code":8,"worker_id":"ca27d457-fadf-483a-a30a-465ef41f328f-139754024333312","trial_id":2,"user_attr":{"train_loss_epoch_9":0.16119103676585883}}
{"op_code":7,"worker_id":"ca27d457-fadf-483a-a30a-465ef41f328f-139754024333312","trial_id":2,"step":10,"intermediate_value":95.31}
{"op_code":8,"worker_id":"ca27d457-fadf-483a-a30a-465ef41f328f-139754024333312","trial_id":2,"user_attr":{"train_loss_epoch_10":0.15208395311176015}}
{"op_code":7,"worker_id":"ca27d457-fadf-483a-a30a-465ef41f328f-139754024333312","trial_id":2,"step":11,"intermediate_value":95.37}
{"op_code":8,"worker_id":"ca27d457-fadf-483a-a30a-465ef41f328f-139754024333312","trial_id":2,"user_attr":{"train_loss_epoch_11":0.14525866634381224}}
{"op_code":7,"worker_id":"ca27d457-fadf-483a-a30a-465ef41f328f-139754024333312","trial_id":2,"step":12,"intermediate_value":95.37}
{"op_code":8,"worker_id":"ca27d457-fadf-483a-a30a-465ef41f328f-139754024333312","trial_id":2,"user_attr":{"train_loss_epoch_12":0.1423560775387516}}
{"op_code":7,"worker_id":"ca27d457-fadf-483a-a30a-465ef41f328f-139754024333312","trial_id":2,"step":13,"intermediate_value":95.52}
{"op_code":8,"worker_id":"ca27d457-fadf-483a-a30a-465ef41f328f-139754024333312","trial_id":2,"user_attr":{"train_loss_epoch_13":0.1390451920200894}}
{"op_code":7,"worker_id":"ca27d457-fadf-483a-a30a-465ef41f328f-139754024333312","trial_id":2,"step":14,"intermediate_value":95.52}
{"op_code":8,"worker_id":"ca27d457-fadf-483a-a30a-465ef41f328f-139754024333312","trial_id":2,"user_attr":{"train_loss_epoch_14":0.13445255742160114}}
{"op_code":7,"worker_id":"ca27d457-fadf-483a-a30a-465ef41f328f-139754024333312","trial_id":2,"step":15,"intermediate_value":95.57}
{"op_code":8,"worker_id":"ca27d457-fadf-483a-a30a-465ef41f328f-139754024333312","trial_id":2,"user_attr":{"train_loss_epoch_15":0.13083455658186155}}
{"op_code":7,"worker_id":"ca27d457-fadf-483a-a30a-465ef41f328f-139754024333312","trial_id":2,"step":16,"intermediate_value":95.85}
{"op_code":8,"worker_id":"ca27d457-fadf-483a-a30a-465ef41f328f-139754024333312","trial_id":2,"user_attr":{"train_loss_epoch_16":0.12644920852789873}}
{"op_code":7,"worker_id":"ca27d457-fadf-483a-a30a-465ef41f328f-139754024333312","trial_id":2,"step":17,"intermediate_value":95.88}
{"op_code":8,"worker_id":"ca27d457-fadf-483a-a30a-465ef41f328f-139754024333312","trial_id":2,"user_attr":{"train_loss_epoch_17":0.12320489343057182}}
{"op_code":7,"worker_id":"ca27d457-fadf-483a-a30a-465ef41f328f-139754024333312","trial_id":2,"step":18,"intermediate_value":96.06}
{"op_code":8,"worker_id":"ca27d457-fadf-483a-a30a-465ef41f328f-139754024333312","trial_id":2,"user_attr":{"train_loss_epoch_18":0.1184243181728319}}
{"op_code":7,"worker_id":"ca27d457-fadf-483a-a30a-465ef41f328f-139754024333312","trial_id":2,"step":19,"intermediate_value":96.06}
{"op_code":8,"worker_id":"ca27d457-fadf-483a-a30a-465ef41f328f-139754024333312","trial_id":2,"user_attr":{"train_loss_epoch_19":0.11489560512273805}}
{"op_code":7,"worker_id":"ca27d457-fadf-483a-a30a-465ef41f328f-139754024333312","trial_id":2,"step":20,"intermediate_value":96.08}
{"op_code":8,"worker_id":"ca27d457-fadf-483a-a30a-465ef41f328f-139754024333312","trial_id":2,"user_attr":{"train_loss_epoch_20":0.11222241722297535}}
{"op_code":7,"worker_id":"ca27d457-fadf-483a-a30a-465ef41f328f-139754024333312","trial_id":2,"step":21,"intermediate_value":96.14}
{"op_code":8,"worker_id":"ca27d457-fadf-483a-a30a-465ef41f328f-139754024333312","trial_id":2,"user_attr":{"train_loss_epoch_21":0.1093495097686487}}
{"op_code":7,"worker_id":"ca27d457-fadf-483a-a30a-465ef41f328f-139754024333312","trial_id":2,"step":22,"intermediate_value":96.14}
{"op_code":8,"worker_id":"ca27d457-fadf-483a-a30a-465ef41f328f-139754024333312","trial_id":2,"user_attr":{"train_loss_epoch_22":0.10829835412487673}}
{"op_code":7,"worker_id":"ca27d457-fadf-483a-a30a-465ef41f328f-139754024333312","trial_id":2,"step":23,"intermediate_value":96.14}
{"op_code":8,"worker_id":"ca27d457-fadf-483a-a30a-465ef41f328f-139754024333312","trial_id":2,"user_attr":{"train_loss_epoch_23":0.10676192192992232}}
{"op_code":7,"worker_id":"ca27d457-fadf-483a-a30a-465ef41f328f-139754024333312","trial_id":2,"step":24,"intermediate_value":96.14}
{"op_code":8,"worker_id":"ca27d457-fadf-483a-a30a-465ef41f328f-139754024333312","trial_id":2,"user_attr":{"train_loss_epoch_24":0.1054656497959389}}
{"op_code":7,"worker_id":"ca27d457-fadf-483a-a30a-465ef41f328f-139754024333312","trial_id":2,"step":25,"intermediate_value":96.16}
{"op_code":8,"worker_id":"ca27d457-fadf-483a-a30a-465ef41f328f-139754024333312","trial_id":2,"user_attr":{"train_loss_epoch_25":0.10355138824954788}}
{"op_code":7,"worker_id":"ca27d457-fadf-483a-a30a-465ef41f328f-139754024333312","trial_id":2,"step":26,"intermediate_value":96.17}
{"op_code":8,"worker_id":"ca27d457-fadf-483a-a30a-465ef41f328f-139754024333312","trial_id":2,"user_attr":{"train_loss_epoch_26":0.10116199672377027}}
{"op_code":7,"worker_id":"ca27d457-fadf-483a-a30a-465ef41f328f-139754024333312","trial_id":2,"step":27,"intermediate_value":96.29}
{"op_code":8,"worker_id":"ca27d457-fadf-483a-a30a-465ef41f328f-139754024333312","trial_id":2,"user_attr":{"train_loss_epoch_27":0.09978864503615319}}
{"op_code":7,"worker_id":"ca27d457-fadf-483a-a30a-465ef41f328f-139754024333312","trial_id":2,"step":28,"intermediate_value":96.29}
{"op_code":8,"worker_id":"ca27d457-fadf-483a-a30a-465ef41f328f-139754024333312","trial_id":2,"user_attr":{"train_loss_epoch_28":0.09937606179721352}}
{"op_code":7,"worker_id":"ca27d457-fadf-483a-a30a-465ef41f328f-139754024333312","trial_id":2,"step":29,"intermediate_value":96.31}
{"op_code":8,"worker_id":"ca27d457-fadf-483a-a30a-465ef41f328f-139754024333312","trial_id":2,"user_attr":{"train_loss_epoch_29":0.09784639405031036}}
{"op_code":7,"worker_id":"ca27d457-fadf-483a-a30a-465ef41f328f-139754024333312","trial_id":2,"step":30,"intermediate_value":96.49}
{"op_code":8,"worker_id":"ca27d457-fadf-483a-a30a-465ef41f328f-139754024333312","trial_id":2,"user_attr":{"train_loss_epoch_30":0.09530793209729005}}
{"op_code":6,"worker_id":"ca27d457-fadf-483a-a30a-465ef41f328f-139754024333312","trial_id":2,"state":1,"values":[96.49],"datetime_complete":"2026-05-07T21:47:55.863107"}
{"op_code":6,"worker_id":"ca27d457-fadf-483a-a30a-465ef41f328f-139754024333312","trial_id":3,"state":0,"values":null,"datetime_start":"2026-05-07T21:47:55.864945"}
{"op_code":5,"worker_id":"ca27d457-fadf-483a-a30a-465ef41f328f-139754024333312","trial_id":3,"param_name":"learning_rate","param_value_internal":1.6127679700146282,"distribution":"{\"name\": \"FloatDistribution\", \"attributes\": {\"step\": null, \"low\": 0.006, \"high\": 5.0, \"log\": true}}"}
{"op_code":5,"worker_id":"ca27d457-fadf-483a-a30a-465ef41f328f-139754024333312","trial_id":3,"param_name":"transfer_lr","param_value_internal":3.989917928686659,"distribution":"{\"name\": \"FloatDistribution\", \"attributes\": {\"step\": null, \"low\": 1e-05, \"high\": 0.03, \"log\": true}}"}
{"op_code":5,"worker_id":"ca27d457-fadf-483a-a30a-465ef41f328f-139754024333312","trial_id":3,"param_name":"transfer_every","param_value_internal":10.0,"distribution":"{\"name\": \"IntDistribution\", \"attributes\": {\"log\": true, \"step\": 1, \"low\": 10, \"high\": 10}}"}
{"op_code":5,"worker_id":"ca27d457-fadf-483a-a30a-465ef41f328f-139754024333312","trial_id":3,"param_name":"rank_exp","param_value_internal":3.0,"distribution":"{\"name\": \"IntDistribution\", \"attributes\": {\"log\": false, \"step\": 1, \"low\": 3, \"high\": 3}}"}
{"op_code":5,"worker_id":"ca27d457-fadf-483a-a30a-465ef41f328f-139754024333312","trial_id":3,"param_name":"fast_lr","param_value_internal":1411.1553958256793,"distribution":"{\"name\": \"FloatDistribution\", \"attributes\": {\"step\": null, \"low\": 0.0007, \"high\": 20000.0, \"log\": true}}"}
{"op_code":5,"worker_id":"ca27d457-fadf-483a-a30a-465ef41f328f-139754024333312","trial_id":3,"param_name":"tau_sec","param_value_internal":0.0,"distribution":"{\"name\": \"FloatDistribution\", \"attributes\": {\"step\": null, \"low\": 0.0, \"high\": 0.0, \"log\": false}}"}
{"op_code":5,"worker_id":"ca27d457-fadf-483a-a30a-465ef41f328f-139754024333312","trial_id":3,"param_name":"ab_dw_min","param_value_internal":0.001981,"distribution":"{\"name\": \"FloatDistribution\", \"attributes\": {\"step\": null, \"low\": 0.001981, \"high\": 0.001981, \"log\": true}}"}
{"op_code":5,"worker_id":"ca27d457-fadf-483a-a30a-465ef41f328f-139754024333312","trial_id":3,"param_name":"ab_desired_bl","param_value_internal":31.0,"distribution":"{\"name\": \"IntDistribution\", \"attributes\": {\"log\": false, \"step\": 1, \"low\": 31, \"high\": 31}}"}
{"op_code":5,"worker_id":"ca27d457-fadf-483a-a30a-465ef41f328f-139754024333312","trial_id":3,"param_name":"a_reset_std","param_value_internal":1e-30,"distribution":"{\"name\": \"FloatDistribution\", \"attributes\": {\"step\": null, \"low\": 1e-30, \"high\": 1e-30, \"log\": true}}"}
{"op_code":5,"worker_id":"ca27d457-fadf-483a-a30a-465ef41f328f-139754024333312","trial_id":3,"param_name":"b_reset_std","param_value_internal":0.000283914233366138,"distribution":"{\"name\": \"FloatDistribution\", \"attributes\": {\"step\": null, \"low\": 2e-05, \"high\": 30000.0, \"log\": true}}"}
{"op_code":5,"worker_id":"ca27d457-fadf-483a-a30a-465ef41f328f-139754024333312","trial_id":3,"param_name":"c_dw_min","param_value_internal":0.001,"distribution":"{\"name\": \"FloatDistribution\", \"attributes\": {\"step\": null, \"low\": 0.001, \"high\": 0.001, \"log\": true}}"}
{"op_code":5,"worker_id":"ca27d457-fadf-483a-a30a-465ef41f328f-139754024333312","trial_id":3,"param_name":"c_desired_bl","param_value_internal":31.0,"distribution":"{\"name\": \"IntDistribution\", \"attributes\": {\"log\": false, \"step\": 1, \"low\": 31, \"high\": 31}}"}
{"op_code":5,"worker_id":"ca27d457-fadf-483a-a30a-465ef41f328f-139754024333312","trial_id":3,"param_name":"out_noise","param_value_internal":0.0,"distribution":"{\"name\": \"FloatDistribution\", \"attributes\": {\"step\": null, \"low\": 0.0, \"high\": 0.0, \"log\": false}}"}
{"op_code":5,"worker_id":"ca27d457-fadf-483a-a30a-465ef41f328f-139754024333312","trial_id":3,"param_name":"ab_weight_scaling_omega","param_value_internal":0.0,"distribution":"{\"name\": \"FloatDistribution\", \"attributes\": {\"step\": null, \"low\": 0.0, \"high\": 0.0, \"log\": false}}"}
{"op_code":8,"worker_id":"ca27d457-fadf-483a-a30a-465ef41f328f-139754024333312","trial_id":3,"user_attr":{"grad_accum_steps":1}}
{"op_code":7,"worker_id":"ca27d457-fadf-483a-a30a-465ef41f328f-139754024333312","trial_id":3,"step":1,"intermediate_value":93.12}
{"op_code":8,"worker_id":"ca27d457-fadf-483a-a30a-465ef41f328f-139754024333312","trial_id":3,"user_attr":{"train_loss_epoch_1":0.3510156158866214}}
{"op_code":7,"worker_id":"ca27d457-fadf-483a-a30a-465ef41f328f-139754024333312","trial_id":3,"step":2,"intermediate_value":94.14}
{"op_code":8,"worker_id":"ca27d457-fadf-483a-a30a-465ef41f328f-139754024333312","trial_id":3,"user_attr":{"train_loss_epoch_2":0.2171318891412541}}
{"op_code":7,"worker_id":"ca27d457-fadf-483a-a30a-465ef41f328f-139754024333312","trial_id":3,"step":3,"intermediate_value":94.14}
{"op_code":8,"worker_id":"ca27d457-fadf-483a-a30a-465ef41f328f-139754024333312","trial_id":3,"user_attr":{"train_loss_epoch_3":0.18210389481972594}}
{"op_code":7,"worker_id":"ca27d457-fadf-483a-a30a-465ef41f328f-139754024333312","trial_id":3,"step":4,"intermediate_value":94.67}
{"op_code":8,"worker_id":"ca27d457-fadf-483a-a30a-465ef41f328f-139754024333312","trial_id":3,"user_attr":{"train_loss_epoch_4":0.16051459793390624}}
{"op_code":7,"worker_id":"ca27d457-fadf-483a-a30a-465ef41f328f-139754024333312","trial_id":3,"step":5,"intermediate_value":95.21}
{"op_code":8,"worker_id":"ca27d457-fadf-483a-a30a-465ef41f328f-139754024333312","trial_id":3,"user_attr":{"train_loss_epoch_5":0.14924604640896322}}
{"op_code":7,"worker_id":"ca27d457-fadf-483a-a30a-465ef41f328f-139754024333312","trial_id":3,"step":6,"intermediate_value":95.29}
{"op_code":8,"worker_id":"ca27d457-fadf-483a-a30a-465ef41f328f-139754024333312","trial_id":3,"user_attr":{"train_loss_epoch_6":0.13662456230286246}}
{"op_code":7,"worker_id":"ca27d457-fadf-483a-a30a-465ef41f328f-139754024333312","trial_id":3,"step":7,"intermediate_value":95.44}
{"op_code":8,"worker_id":"ca27d457-fadf-483a-a30a-465ef41f328f-139754024333312","trial_id":3,"user_attr":{"train_loss_epoch_7":0.1289078110609569}}
{"op_code":7,"worker_id":"ca27d457-fadf-483a-a30a-465ef41f328f-139754024333312","trial_id":3,"step":8,"intermediate_value":95.72}
{"op_code":8,"worker_id":"ca27d457-fadf-483a-a30a-465ef41f328f-139754024333312","trial_id":3,"user_attr":{"train_loss_epoch_8":0.12331845407693912}}
{"op_code":7,"worker_id":"ca27d457-fadf-483a-a30a-465ef41f328f-139754024333312","trial_id":3,"step":9,"intermediate_value":95.78}
{"op_code":8,"worker_id":"ca27d457-fadf-483a-a30a-465ef41f328f-139754024333312","trial_id":3,"user_attr":{"train_loss_epoch_9":0.11918180343607611}}
{"op_code":7,"worker_id":"ca27d457-fadf-483a-a30a-465ef41f328f-139754024333312","trial_id":3,"step":10,"intermediate_value":96.0}
{"op_code":8,"worker_id":"ca27d457-fadf-483a-a30a-465ef41f328f-139754024333312","trial_id":3,"user_attr":{"train_loss_epoch_10":0.1144033742682345}}
{"op_code":7,"worker_id":"ca27d457-fadf-483a-a30a-465ef41f328f-139754024333312","trial_id":3,"step":11,"intermediate_value":96.28}
{"op_code":8,"worker_id":"ca27d457-fadf-483a-a30a-465ef41f328f-139754024333312","trial_id":3,"user_attr":{"train_loss_epoch_11":0.10045352075963832}}
{"op_code":7,"worker_id":"ca27d457-fadf-483a-a30a-465ef41f328f-139754024333312","trial_id":3,"step":12,"intermediate_value":96.43}
{"op_code":8,"worker_id":"ca27d457-fadf-483a-a30a-465ef41f328f-139754024333312","trial_id":3,"user_attr":{"train_loss_epoch_12":0.09800590974078185}}
{"op_code":7,"worker_id":"ca27d457-fadf-483a-a30a-465ef41f328f-139754024333312","trial_id":3,"step":13,"intermediate_value":96.43}
{"op_code":8,"worker_id":"ca27d457-fadf-483a-a30a-465ef41f328f-139754024333312","trial_id":3,"user_attr":{"train_loss_epoch_13":0.09542173410116482}}
{"op_code":7,"worker_id":"ca27d457-fadf-483a-a30a-465ef41f328f-139754024333312","trial_id":3,"step":14,"intermediate_value":96.46}
{"op_code":8,"worker_id":"ca27d457-fadf-483a-a30a-465ef41f328f-139754024333312","trial_id":3,"user_attr":{"train_loss_epoch_14":0.09161201326587577}}
{"op_code":7,"worker_id":"ca27d457-fadf-483a-a30a-465ef41f328f-139754024333312","trial_id":3,"step":15,"intermediate_value":96.46}
{"op_code":8,"worker_id":"ca27d457-fadf-483a-a30a-465ef41f328f-139754024333312","trial_id":3,"user_attr":{"train_loss_epoch_15":0.08870463695939082}}
{"op_code":7,"worker_id":"ca27d457-fadf-483a-a30a-465ef41f328f-139754024333312","trial_id":3,"step":16,"intermediate_value":96.59}
{"op_code":8,"worker_id":"ca27d457-fadf-483a-a30a-465ef41f328f-139754024333312","trial_id":3,"user_attr":{"train_loss_epoch_16":0.08602216871115746}}
{"op_code":7,"worker_id":"ca27d457-fadf-483a-a30a-465ef41f328f-139754024333312","trial_id":3,"step":17,"intermediate_value":96.59}
{"op_code":8,"worker_id":"ca27d457-fadf-483a-a30a-465ef41f328f-139754024333312","trial_id":3,"user_attr":{"train_loss_epoch_17":0.08457306788356574}}
{"op_code":7,"worker_id":"ca27d457-fadf-483a-a30a-465ef41f328f-139754024333312","trial_id":3,"step":18,"intermediate_value":96.63}
{"op_code":8,"worker_id":"ca27d457-fadf-483a-a30a-465ef41f328f-139754024333312","trial_id":3,"user_attr":{"train_loss_epoch_18":0.08202532789697732}}
{"op_code":7,"worker_id":"ca27d457-fadf-483a-a30a-465ef41f328f-139754024333312","trial_id":3,"step":19,"intermediate_value":96.63}
{"op_code":8,"worker_id":"ca27d457-fadf-483a-a30a-465ef41f328f-139754024333312","trial_id":3,"user_attr":{"train_loss_epoch_19":0.08005361551039619}}
{"op_code":7,"worker_id":"ca27d457-fadf-483a-a30a-465ef41f328f-139754024333312","trial_id":3,"step":20,"intermediate_value":96.7}
{"op_code":8,"worker_id":"ca27d457-fadf-483a-a30a-465ef41f328f-139754024333312","trial_id":3,"user_attr":{"train_loss_epoch_20":0.07995051038980203}}
{"op_code":7,"worker_id":"ca27d457-fadf-483a-a30a-465ef41f328f-139754024333312","trial_id":3,"step":21,"intermediate_value":96.71}
{"op_code":8,"worker_id":"ca27d457-fadf-483a-a30a-465ef41f328f-139754024333312","trial_id":3,"user_attr":{"train_loss_epoch_21":0.07325843251672691}}
{"op_code":7,"worker_id":"ca27d457-fadf-483a-a30a-465ef41f328f-139754024333312","trial_id":3,"step":22,"intermediate_value":96.71}
{"op_code":8,"worker_id":"ca27d457-fadf-483a-a30a-465ef41f328f-139754024333312","trial_id":3,"user_attr":{"train_loss_epoch_22":0.07156655324031232}}
{"op_code":7,"worker_id":"ca27d457-fadf-483a-a30a-465ef41f328f-139754024333312","trial_id":3,"step":23,"intermediate_value":96.72}
{"op_code":8,"worker_id":"ca27d457-fadf-483a-a30a-465ef41f328f-139754024333312","trial_id":3,"user_attr":{"train_loss_epoch_23":0.07066949653470996}}
{"op_code":7,"worker_id":"ca27d457-fadf-483a-a30a-465ef41f328f-139754024333312","trial_id":3,"step":24,"intermediate_value":96.76}
{"op_code":8,"worker_id":"ca27d457-fadf-483a-a30a-465ef41f328f-139754024333312","trial_id":3,"user_attr":{"train_loss_epoch_24":0.06977179908823632}}
{"op_code":7,"worker_id":"ca27d457-fadf-483a-a30a-465ef41f328f-139754024333312","trial_id":3,"step":25,"intermediate_value":96.76}
{"op_code":8,"worker_id":"ca27d457-fadf-483a-a30a-465ef41f328f-139754024333312","trial_id":3,"user_attr":{"train_loss_epoch_25":0.06843050787109199}}
{"op_code":7,"worker_id":"ca27d457-fadf-483a-a30a-465ef41f328f-139754024333312","trial_id":3,"step":26,"intermediate_value":96.76}
{"op_code":8,"worker_id":"ca27d457-fadf-483a-a30a-465ef41f328f-139754024333312","trial_id":3,"user_attr":{"train_loss_epoch_26":0.06681882057225765}}
{"op_code":7,"worker_id":"ca27d457-fadf-483a-a30a-465ef41f328f-139754024333312","trial_id":3,"step":27,"intermediate_value":96.76}
{"op_code":8,"worker_id":"ca27d457-fadf-483a-a30a-465ef41f328f-139754024333312","trial_id":3,"user_attr":{"train_loss_epoch_27":0.06502608434661532}}
{"op_code":7,"worker_id":"ca27d457-fadf-483a-a30a-465ef41f328f-139754024333312","trial_id":3,"step":28,"intermediate_value":96.76}
{"op_code":8,"worker_id":"ca27d457-fadf-483a-a30a-465ef41f328f-139754024333312","trial_id":3,"user_attr":{"train_loss_epoch_28":0.06372339302040478}}
{"op_code":7,"worker_id":"ca27d457-fadf-483a-a30a-465ef41f328f-139754024333312","trial_id":3,"step":29,"intermediate_value":96.83}
{"op_code":8,"worker_id":"ca27d457-fadf-483a-a30a-465ef41f328f-139754024333312","trial_id":3,"user_attr":{"train_loss_epoch_29":0.06375799227435427}}
{"op_code":7,"worker_id":"ca27d457-fadf-483a-a30a-465ef41f328f-139754024333312","trial_id":3,"step":30,"intermediate_value":96.83}
{"op_code":8,"worker_id":"ca27d457-fadf-483a-a30a-465ef41f328f-139754024333312","trial_id":3,"user_attr":{"train_loss_epoch_30":0.06170130716817978}}
{"op_code":6,"worker_id":"ca27d457-fadf-483a-a30a-465ef41f328f-139754024333312","trial_id":3,"state":1,"values":[96.83],"datetime_complete":"2026-05-07T21:53:37.652383"}
{"op_code":6,"worker_id":"ca27d457-fadf-483a-a30a-465ef41f328f-139754024333312","trial_id":4,"state":0,"values":null,"datetime_start":"2026-05-07T21:53:37.654406"}
{"op_code":5,"worker_id":"ca27d457-fadf-483a-a30a-465ef41f328f-139754024333312","trial_id":4,"param_name":"learning_rate","param_value_internal":0.5630175422156701,"distribution":"{\"name\": \"FloatDistribution\", \"attributes\": {\"step\": null, \"low\": 0.006, \"high\": 5.0, \"log\": true}}"}
{"op_code":5,"worker_id":"ca27d457-fadf-483a-a30a-465ef41f328f-139754024333312","trial_id":4,"param_name":"transfer_lr","param_value_internal":1.2162479296254864,"distribution":"{\"name\": \"FloatDistribution\", \"attributes\": {\"step\": null, \"low\": 1e-05, \"high\": 0.03, \"log\": true}}"}
{"op_code":5,"worker_id":"ca27d457-fadf-483a-a30a-465ef41f328f-139754024333312","trial_id":4,"param_name":"transfer_every","param_value_internal":10.0,"distribution":"{\"name\": \"IntDistribution\", \"attributes\": {\"log\": true, \"step\": 1, \"low\": 10, \"high\": 10}}"}
{"op_code":5,"worker_id":"ca27d457-fadf-483a-a30a-465ef41f328f-139754024333312","trial_id":4,"param_name":"rank_exp","param_value_internal":3.0,"distribution":"{\"name\": \"IntDistribution\", \"attributes\": {\"log\": false, \"step\": 1, \"low\": 3, \"high\": 3}}"}
{"op_code":5,"worker_id":"ca27d457-fadf-483a-a30a-465ef41f328f-139754024333312","trial_id":4,"param_name":"fast_lr","param_value_internal":235.82104035472494,"distribution":"{\"name\": \"FloatDistribution\", \"attributes\": {\"step\": null, \"low\": 0.0007, \"high\": 20000.0, \"log\": true}}"}
{"op_code":5,"worker_id":"ca27d457-fadf-483a-a30a-465ef41f328f-139754024333312","trial_id":4,"param_name":"tau_sec","param_value_internal":0.0,"distribution":"{\"name\": \"FloatDistribution\", \"attributes\": {\"step\": null, \"low\": 0.0, \"high\": 0.0, \"log\": false}}"}
{"op_code":5,"worker_id":"ca27d457-fadf-483a-a30a-465ef41f328f-139754024333312","trial_id":4,"param_name":"ab_dw_min","param_value_internal":0.001981,"distribution":"{\"name\": \"FloatDistribution\", \"attributes\": {\"step\": null, \"low\": 0.001981, \"high\": 0.001981, \"log\": true}}"}
{"op_code":5,"worker_id":"ca27d457-fadf-483a-a30a-465ef41f328f-139754024333312","trial_id":4,"param_name":"ab_desired_bl","param_value_internal":31.0,"distribution":"{\"name\": \"IntDistribution\", \"attributes\": {\"log\": false, \"step\": 1, \"low\": 31, \"high\": 31}}"}
{"op_code":5,"worker_id":"ca27d457-fadf-483a-a30a-465ef41f328f-139754024333312","trial_id":4,"param_name":"a_reset_std","param_value_internal":1e-30,"distribution":"{\"name\": \"FloatDistribution\", \"attributes\": {\"step\": null, \"low\": 1e-30, \"high\": 1e-30, \"log\": true}}"}
{"op_code":5,"worker_id":"ca27d457-fadf-483a-a30a-465ef41f328f-139754024333312","trial_id":4,"param_name":"b_reset_std","param_value_internal":0.0010859659899596728,"distribution":"{\"name\": \"FloatDistribution\", \"attributes\": {\"step\": null, \"low\": 2e-05, \"high\": 30000.0, \"log\": true}}"}
{"op_code":5,"worker_id":"ca27d457-fadf-483a-a30a-465ef41f328f-139754024333312","trial_id":4,"param_name":"c_dw_min","param_value_internal":0.001,"distribution":"{\"name\": \"FloatDistribution\", \"attributes\": {\"step\": null, \"low\": 0.001, \"high\": 0.001, \"log\": true}}"}
{"op_code":5,"worker_id":"ca27d457-fadf-483a-a30a-465ef41f328f-139754024333312","trial_id":4,"param_name":"c_desired_bl","param_value_internal":31.0,"distribution":"{\"name\": \"IntDistribution\", \"attributes\": {\"log\": false, \"step\": 1, \"low\": 31, \"high\": 31}}"}
{"op_code":5,"worker_id":"ca27d457-fadf-483a-a30a-465ef41f328f-139754024333312","trial_id":4,"param_name":"out_noise","param_value_internal":0.0,"distribution":"{\"name\": \"FloatDistribution\", \"attributes\": {\"step\": null, \"low\": 0.0, \"high\": 0.0, \"log\": false}}"}
{"op_code":5,"worker_id":"ca27d457-fadf-483a-a30a-465ef41f328f-139754024333312","trial_id":4,"param_name":"ab_weight_scaling_omega","param_value_internal":0.0,"distribution":"{\"name\": \"FloatDistribution\", \"attributes\": {\"step\": null, \"low\": 0.0, \"high\": 0.0, \"log\": false}}"}
{"op_code":8,"worker_id":"ca27d457-fadf-483a-a30a-465ef41f328f-139754024333312","trial_id":4,"user_attr":{"grad_accum_steps":1}}
{"op_code":7,"worker_id":"ca27d457-fadf-483a-a30a-465ef41f328f-139754024333312","trial_id":4,"step":1,"intermediate_value":92.86}
{"op_code":8,"worker_id":"ca27d457-fadf-483a-a30a-465ef41f328f-139754024333312","trial_id":4,"user_attr":{"train_loss_epoch_1":0.36309142383351634}}
{"op_code":7,"worker_id":"ca27d457-fadf-483a-a30a-465ef41f328f-139754024333312","trial_id":4,"step":2,"intermediate_value":93.74}
{"op_code":8,"worker_id":"ca27d457-fadf-483a-a30a-465ef41f328f-139754024333312","trial_id":4,"user_attr":{"train_loss_epoch_2":0.2201606091191329}}
{"op_code":7,"worker_id":"ca27d457-fadf-483a-a30a-465ef41f328f-139754024333312","trial_id":4,"step":3,"intermediate_value":94.29}
{"op_code":8,"worker_id":"ca27d457-fadf-483a-a30a-465ef41f328f-139754024333312","trial_id":4,"user_attr":{"train_loss_epoch_3":0.1801540652838057}}
{"op_code":7,"worker_id":"ca27d457-fadf-483a-a30a-465ef41f328f-139754024333312","trial_id":4,"step":4,"intermediate_value":95.43}
{"op_code":8,"worker_id":"ca27d457-fadf-483a-a30a-465ef41f328f-139754024333312","trial_id":4,"user_attr":{"train_loss_epoch_4":0.15726801656536074}}
{"op_code":7,"worker_id":"ca27d457-fadf-483a-a30a-465ef41f328f-139754024333312","trial_id":4,"step":5,"intermediate_value":95.47}
{"op_code":8,"worker_id":"ca27d457-fadf-483a-a30a-465ef41f328f-139754024333312","trial_id":4,"user_attr":{"train_loss_epoch_5":0.14328653321885415}}
{"op_code":7,"worker_id":"ca27d457-fadf-483a-a30a-465ef41f328f-139754024333312","trial_id":4,"step":6,"intermediate_value":95.49}
{"op_code":8,"worker_id":"ca27d457-fadf-483a-a30a-465ef41f328f-139754024333312","trial_id":4,"user_attr":{"train_loss_epoch_6":0.13235756677629024}}
{"op_code":7,"worker_id":"ca27d457-fadf-483a-a30a-465ef41f328f-139754024333312","trial_id":4,"step":7,"intermediate_value":95.88}
{"op_code":8,"worker_id":"ca27d457-fadf-483a-a30a-465ef41f328f-139754024333312","trial_id":4,"user_attr":{"train_loss_epoch_7":0.12113093720999227}}
{"op_code":7,"worker_id":"ca27d457-fadf-483a-a30a-465ef41f328f-139754024333312","trial_id":4,"step":8,"intermediate_value":96.16}
{"op_code":8,"worker_id":"ca27d457-fadf-483a-a30a-465ef41f328f-139754024333312","trial_id":4,"user_attr":{"train_loss_epoch_8":0.11278740473802505}}
{"op_code":7,"worker_id":"ca27d457-fadf-483a-a30a-465ef41f328f-139754024333312","trial_id":4,"step":9,"intermediate_value":96.16}
{"op_code":8,"worker_id":"ca27d457-fadf-483a-a30a-465ef41f328f-139754024333312","trial_id":4,"user_attr":{"train_loss_epoch_9":0.10631660794489768}}
{"op_code":7,"worker_id":"ca27d457-fadf-483a-a30a-465ef41f328f-139754024333312","trial_id":4,"step":10,"intermediate_value":96.4}
{"op_code":8,"worker_id":"ca27d457-fadf-483a-a30a-465ef41f328f-139754024333312","trial_id":4,"user_attr":{"train_loss_epoch_10":0.1012402619825982}}
{"op_code":7,"worker_id":"ca27d457-fadf-483a-a30a-465ef41f328f-139754024333312","trial_id":4,"step":11,"intermediate_value":96.4}
{"op_code":8,"worker_id":"ca27d457-fadf-483a-a30a-465ef41f328f-139754024333312","trial_id":4,"user_attr":{"train_loss_epoch_11":0.0918979832072502}}
{"op_code":7,"worker_id":"ca27d457-fadf-483a-a30a-465ef41f328f-139754024333312","trial_id":4,"step":12,"intermediate_value":96.4}
{"op_code":8,"worker_id":"ca27d457-fadf-483a-a30a-465ef41f328f-139754024333312","trial_id":4,"user_attr":{"train_loss_epoch_12":0.08866242600628721}}
{"op_code":7,"worker_id":"ca27d457-fadf-483a-a30a-465ef41f328f-139754024333312","trial_id":4,"step":13,"intermediate_value":96.4}
{"op_code":8,"worker_id":"ca27d457-fadf-483a-a30a-465ef41f328f-139754024333312","trial_id":4,"user_attr":{"train_loss_epoch_13":0.08708016253036778}}
{"op_code":7,"worker_id":"ca27d457-fadf-483a-a30a-465ef41f328f-139754024333312","trial_id":4,"step":14,"intermediate_value":96.4}
{"op_code":8,"worker_id":"ca27d457-fadf-483a-a30a-465ef41f328f-139754024333312","trial_id":4,"user_attr":{"train_loss_epoch_14":0.0841067707789605}}
{"op_code":7,"worker_id":"ca27d457-fadf-483a-a30a-465ef41f328f-139754024333312","trial_id":4,"step":15,"intermediate_value":96.48}
{"op_code":8,"worker_id":"ca27d457-fadf-483a-a30a-465ef41f328f-139754024333312","trial_id":4,"user_attr":{"train_loss_epoch_15":0.08155721718761157}}
{"op_code":7,"worker_id":"ca27d457-fadf-483a-a30a-465ef41f328f-139754024333312","trial_id":4,"step":16,"intermediate_value":96.58}
{"op_code":8,"worker_id":"ca27d457-fadf-483a-a30a-465ef41f328f-139754024333312","trial_id":4,"user_attr":{"train_loss_epoch_16":0.0788006108866802}}
{"op_code":7,"worker_id":"ca27d457-fadf-483a-a30a-465ef41f328f-139754024333312","trial_id":4,"step":17,"intermediate_value":96.6}
{"op_code":8,"worker_id":"ca27d457-fadf-483a-a30a-465ef41f328f-139754024333312","trial_id":4,"user_attr":{"train_loss_epoch_17":0.0743224388782753}}
{"op_code":7,"worker_id":"ca27d457-fadf-483a-a30a-465ef41f328f-139754024333312","trial_id":4,"step":18,"intermediate_value":96.68}
{"op_code":8,"worker_id":"ca27d457-fadf-483a-a30a-465ef41f328f-139754024333312","trial_id":4,"user_attr":{"train_loss_epoch_18":0.07207383054655109}}
{"op_code":7,"worker_id":"ca27d457-fadf-483a-a30a-465ef41f328f-139754024333312","trial_id":4,"step":19,"intermediate_value":96.73}
{"op_code":8,"worker_id":"ca27d457-fadf-483a-a30a-465ef41f328f-139754024333312","trial_id":4,"user_attr":{"train_loss_epoch_19":0.07071704373631411}}
{"op_code":7,"worker_id":"ca27d457-fadf-483a-a30a-465ef41f328f-139754024333312","trial_id":4,"step":20,"intermediate_value":96.73}
{"op_code":8,"worker_id":"ca27d457-fadf-483a-a30a-465ef41f328f-139754024333312","trial_id":4,"user_attr":{"train_loss_epoch_20":0.0692510251554031}}
{"op_code":7,"worker_id":"ca27d457-fadf-483a-a30a-465ef41f328f-139754024333312","trial_id":4,"step":21,"intermediate_value":96.73}
{"op_code":8,"worker_id":"ca27d457-fadf-483a-a30a-465ef41f328f-139754024333312","trial_id":4,"user_attr":{"train_loss_epoch_21":0.06572902389342335}}
{"op_code":7,"worker_id":"ca27d457-fadf-483a-a30a-465ef41f328f-139754024333312","trial_id":4,"step":22,"intermediate_value":96.75}
{"op_code":8,"worker_id":"ca27d457-fadf-483a-a30a-465ef41f328f-139754024333312","trial_id":4,"user_attr":{"train_loss_epoch_22":0.06433842005977618}}
{"op_code":7,"worker_id":"ca27d457-fadf-483a-a30a-465ef41f328f-139754024333312","trial_id":4,"step":23,"intermediate_value":96.89}
{"op_code":8,"worker_id":"ca27d457-fadf-483a-a30a-465ef41f328f-139754024333312","trial_id":4,"user_attr":{"train_loss_epoch_23":0.06306102695248858}}
{"op_code":7,"worker_id":"ca27d457-fadf-483a-a30a-465ef41f328f-139754024333312","trial_id":4,"step":24,"intermediate_value":96.89}
{"op_code":8,"worker_id":"ca27d457-fadf-483a-a30a-465ef41f328f-139754024333312","trial_id":4,"user_attr":{"train_loss_epoch_24":0.06155129867334808}}
{"op_code":7,"worker_id":"ca27d457-fadf-483a-a30a-465ef41f328f-139754024333312","trial_id":4,"step":25,"intermediate_value":96.89}
{"op_code":8,"worker_id":"ca27d457-fadf-483a-a30a-465ef41f328f-139754024333312","trial_id":4,"user_attr":{"train_loss_epoch_25":0.06023495801305498}}
{"op_code":7,"worker_id":"ca27d457-fadf-483a-a30a-465ef41f328f-139754024333312","trial_id":4,"step":26,"intermediate_value":96.89}
{"op_code":8,"worker_id":"ca27d457-fadf-483a-a30a-465ef41f328f-139754024333312","trial_id":4,"user_attr":{"train_loss_epoch_26":0.059678120257855176}}
{"op_code":7,"worker_id":"ca27d457-fadf-483a-a30a-465ef41f328f-139754024333312","trial_id":4,"step":27,"intermediate_value":96.89}
{"op_code":8,"worker_id":"ca27d457-fadf-483a-a30a-465ef41f328f-139754024333312","trial_id":4,"user_attr":{"train_loss_epoch_27":0.058240892171714784}}
{"op_code":7,"worker_id":"ca27d457-fadf-483a-a30a-465ef41f328f-139754024333312","trial_id":4,"step":28,"intermediate_value":96.89}
{"op_code":8,"worker_id":"ca27d457-fadf-483a-a30a-465ef41f328f-139754024333312","trial_id":4,"user_attr":{"train_loss_epoch_28":0.057023648311372105}}
{"op_code":6,"worker_id":"ca27d457-fadf-483a-a30a-465ef41f328f-139754024333312","trial_id":4,"state":1,"values":[96.89],"datetime_complete":"2026-05-07T21:58:58.769551"}
{"op_code":6,"worker_id":"ca27d457-fadf-483a-a30a-465ef41f328f-139754024333312","trial_id":5,"state":0,"values":null,"datetime_start":"2026-05-07T21:58:58.777438"}
{"op_code":5,"worker_id":"ca27d457-fadf-483a-a30a-465ef41f328f-139754024333312","trial_id":5,"param_name":"learning_rate","param_value_internal":0.6017851555771269,"distribution":"{\"name\": \"FloatDistribution\", \"attributes\": {\"step\": null, \"low\": 0.006, \"high\": 5.0, \"log\": true}}"}
{"op_code":5,"worker_id":"ca27d457-fadf-483a-a30a-465ef41f328f-139754024333312","trial_id":5,"param_name":"transfer_lr","param_value_internal":0.5196694838948631,"distribution":"{\"name\": \"FloatDistribution\", \"attributes\": {\"step\": null, \"low\": 1e-05, \"high\": 0.03, \"log\": true}}"}
{"op_code":5,"worker_id":"ca27d457-fadf-483a-a30a-465ef41f328f-139754024333312","trial_id":5,"param_name":"transfer_every","param_value_internal":10.0,"distribution":"{\"name\": \"IntDistribution\", \"attributes\": {\"log\": true, \"step\": 1, \"low\": 10, \"high\": 10}}"}
{"op_code":5,"worker_id":"ca27d457-fadf-483a-a30a-465ef41f328f-139754024333312","trial_id":5,"param_name":"rank_exp","param_value_internal":3.0,"distribution":"{\"name\": \"IntDistribution\", \"attributes\": {\"log\": false, \"step\": 1, \"low\": 3, \"high\": 3}}"}
{"op_code":5,"worker_id":"ca27d457-fadf-483a-a30a-465ef41f328f-139754024333312","trial_id":5,"param_name":"fast_lr","param_value_internal":228.10914201884154,"distribution":"{\"name\": \"FloatDistribution\", \"attributes\": {\"step\": null, \"low\": 0.0007, \"high\": 20000.0, \"log\": true}}"}
{"op_code":5,"worker_id":"ca27d457-fadf-483a-a30a-465ef41f328f-139754024333312","trial_id":5,"param_name":"tau_sec","param_value_internal":0.0,"distribution":"{\"name\": \"FloatDistribution\", \"attributes\": {\"step\": null, \"low\": 0.0, \"high\": 0.0, \"log\": false}}"}
{"op_code":5,"worker_id":"ca27d457-fadf-483a-a30a-465ef41f328f-139754024333312","trial_id":5,"param_name":"ab_dw_min","param_value_internal":0.001981,"distribution":"{\"name\": \"FloatDistribution\", \"attributes\": {\"step\": null, \"low\": 0.001981, \"high\": 0.001981, \"log\": true}}"}
{"op_code":5,"worker_id":"ca27d457-fadf-483a-a30a-465ef41f328f-139754024333312","trial_id":5,"param_name":"ab_desired_bl","param_value_internal":31.0,"distribution":"{\"name\": \"IntDistribution\", \"attributes\": {\"log\": false, \"step\": 1, \"low\": 31, \"high\": 31}}"}
{"op_code":5,"worker_id":"ca27d457-fadf-483a-a30a-465ef41f328f-139754024333312","trial_id":5,"param_name":"a_reset_std","param_value_internal":1e-30,"distribution":"{\"name\": \"FloatDistribution\", \"attributes\": {\"step\": null, \"low\": 1e-30, \"high\": 1e-30, \"log\": true}}"}
{"op_code":5,"worker_id":"ca27d457-fadf-483a-a30a-465ef41f328f-139754024333312","trial_id":5,"param_name":"b_reset_std","param_value_internal":0.001,"distribution":"{\"name\": \"FloatDistribution\", \"attributes\": {\"step\": null, \"low\": 2e-05, \"high\": 30000.0, \"log\": true}}"}
{"op_code":5,"worker_id":"ca27d457-fadf-483a-a30a-465ef41f328f-139754024333312","trial_id":5,"param_name":"c_dw_min","param_value_internal":0.001,"distribution":"{\"name\": \"FloatDistribution\", \"attributes\": {\"step\": null, \"low\": 0.001, \"high\": 0.001, \"log\": true}}"}
{"op_code":5,"worker_id":"ca27d457-fadf-483a-a30a-465ef41f328f-139754024333312","trial_id":5,"param_name":"c_desired_bl","param_value_internal":31.0,"distribution":"{\"name\": \"IntDistribution\", \"attributes\": {\"log\": false, \"step\": 1, \"low\": 31, \"high\": 31}}"}
{"op_code":5,"worker_id":"ca27d457-fadf-483a-a30a-465ef41f328f-139754024333312","trial_id":5,"param_name":"out_noise","param_value_internal":0.0,"distribution":"{\"name\": \"FloatDistribution\", \"attributes\": {\"step\": null, \"low\": 0.0, \"high\": 0.0, \"log\": false}}"}
{"op_code":5,"worker_id":"ca27d457-fadf-483a-a30a-465ef41f328f-139754024333312","trial_id":5,"param_name":"ab_weight_scaling_omega","param_value_internal":0.0,"distribution":"{\"name\": \"FloatDistribution\", \"attributes\": {\"step\": null, \"low\": 0.0, \"high\": 0.0, \"log\": false}}"}
{"op_code":8,"worker_id":"ca27d457-fadf-483a-a30a-465ef41f328f-139754024333312","trial_id":5,"user_attr":{"grad_accum_steps":1}}
{"op_code":7,"worker_id":"ca27d457-fadf-483a-a30a-465ef41f328f-139754024333312","trial_id":5,"step":1,"intermediate_value":92.26}
{"op_code":8,"worker_id":"ca27d457-fadf-483a-a30a-465ef41f328f-139754024333312","trial_id":5,"user_attr":{"train_loss_epoch_1":0.3801284887706801}}
{"op_code":7,"worker_id":"ca27d457-fadf-483a-a30a-465ef41f328f-139754024333312","trial_id":5,"step":2,"intermediate_value":93.08}
{"op_code":8,"worker_id":"ca27d457-fadf-483a-a30a-465ef41f328f-139754024333312","trial_id":5,"user_attr":{"train_loss_epoch_2":0.24803311185541946}}
{"op_code":7,"worker_id":"ca27d457-fadf-483a-a30a-465ef41f328f-139754024333312","trial_id":5,"step":3,"intermediate_value":93.95}
{"op_code":8,"worker_id":"ca27d457-fadf-483a-a30a-465ef41f328f-139754024333312","trial_id":5,"user_attr":{"train_loss_epoch_3":0.206934702886479}}
{"op_code":7,"worker_id":"ca27d457-fadf-483a-a30a-465ef41f328f-139754024333312","trial_id":5,"step":4,"intermediate_value":94.27}
{"op_code":8,"worker_id":"ca27d457-fadf-483a-a30a-465ef41f328f-139754024333312","trial_id":5,"user_attr":{"train_loss_epoch_4":0.18380936047336313}}
{"op_code":7,"worker_id":"ca27d457-fadf-483a-a30a-465ef41f328f-139754024333312","trial_id":5,"step":5,"intermediate_value":94.91}
{"op_code":8,"worker_id":"ca27d457-fadf-483a-a30a-465ef41f328f-139754024333312","trial_id":5,"user_attr":{"train_loss_epoch_5":0.1658607468094383}}
{"op_code":7,"worker_id":"ca27d457-fadf-483a-a30a-465ef41f328f-139754024333312","trial_id":5,"step":6,"intermediate_value":94.92}
{"op_code":8,"worker_id":"ca27d457-fadf-483a-a30a-465ef41f328f-139754024333312","trial_id":5,"user_attr":{"train_loss_epoch_6":0.1522484185344883}}
{"op_code":7,"worker_id":"ca27d457-fadf-483a-a30a-465ef41f328f-139754024333312","trial_id":5,"step":7,"intermediate_value":95.36}
{"op_code":8,"worker_id":"ca27d457-fadf-483a-a30a-465ef41f328f-139754024333312","trial_id":5,"user_attr":{"train_loss_epoch_7":0.14160658625552236}}
{"op_code":7,"worker_id":"ca27d457-fadf-483a-a30a-465ef41f328f-139754024333312","trial_id":5,"step":8,"intermediate_value":95.69}
{"op_code":8,"worker_id":"ca27d457-fadf-483a-a30a-465ef41f328f-139754024333312","trial_id":5,"user_attr":{"train_loss_epoch_8":0.13350069122329386}}
{"op_code":7,"worker_id":"ca27d457-fadf-483a-a30a-465ef41f328f-139754024333312","trial_id":5,"step":9,"intermediate_value":95.69}
{"op_code":8,"worker_id":"ca27d457-fadf-483a-a30a-465ef41f328f-139754024333312","trial_id":5,"user_attr":{"train_loss_epoch_9":0.12579633826528913}}
{"op_code":7,"worker_id":"ca27d457-fadf-483a-a30a-465ef41f328f-139754024333312","trial_id":5,"step":10,"intermediate_value":95.69}
{"op_code":8,"worker_id":"ca27d457-fadf-483a-a30a-465ef41f328f-139754024333312","trial_id":5,"user_attr":{"train_loss_epoch_10":0.12072633610946983}}
{"op_code":7,"worker_id":"ca27d457-fadf-483a-a30a-465ef41f328f-139754024333312","trial_id":5,"step":11,"intermediate_value":95.83}
{"op_code":8,"worker_id":"ca27d457-fadf-483a-a30a-465ef41f328f-139754024333312","trial_id":5,"user_attr":{"train_loss_epoch_11":0.11033226487272457}}
{"op_code":7,"worker_id":"ca27d457-fadf-483a-a30a-465ef41f328f-139754024333312","trial_id":5,"step":12,"intermediate_value":96.13}
{"op_code":8,"worker_id":"ca27d457-fadf-483a-a30a-465ef41f328f-139754024333312","trial_id":5,"user_attr":{"train_loss_epoch_12":0.10671086340888476}}
{"op_code":7,"worker_id":"ca27d457-fadf-483a-a30a-465ef41f328f-139754024333312","trial_id":5,"step":13,"intermediate_value":96.13}
{"op_code":8,"worker_id":"ca27d457-fadf-483a-a30a-465ef41f328f-139754024333312","trial_id":5,"user_attr":{"train_loss_epoch_13":0.10303584053747054}}
{"op_code":7,"worker_id":"ca27d457-fadf-483a-a30a-465ef41f328f-139754024333312","trial_id":5,"step":14,"intermediate_value":96.22}
{"op_code":8,"worker_id":"ca27d457-fadf-483a-a30a-465ef41f328f-139754024333312","trial_id":5,"user_attr":{"train_loss_epoch_14":0.0989314605177108}}
{"op_code":7,"worker_id":"ca27d457-fadf-483a-a30a-465ef41f328f-139754024333312","trial_id":5,"step":15,"intermediate_value":96.22}
{"op_code":8,"worker_id":"ca27d457-fadf-483a-a30a-465ef41f328f-139754024333312","trial_id":5,"user_attr":{"train_loss_epoch_15":0.09570442252943336}}
{"op_code":7,"worker_id":"ca27d457-fadf-483a-a30a-465ef41f328f-139754024333312","trial_id":5,"step":16,"intermediate_value":96.38}
{"op_code":8,"worker_id":"ca27d457-fadf-483a-a30a-465ef41f328f-139754024333312","trial_id":5,"user_attr":{"train_loss_epoch_16":0.09325836121396565}}
{"op_code":7,"worker_id":"ca27d457-fadf-483a-a30a-465ef41f328f-139754024333312","trial_id":5,"step":17,"intermediate_value":96.47}
{"op_code":8,"worker_id":"ca27d457-fadf-483a-a30a-465ef41f328f-139754024333312","trial_id":5,"user_attr":{"train_loss_epoch_17":0.09075836792512774}}
{"op_code":7,"worker_id":"ca27d457-fadf-483a-a30a-465ef41f328f-139754024333312","trial_id":5,"step":18,"intermediate_value":96.47}
{"op_code":8,"worker_id":"ca27d457-fadf-483a-a30a-465ef41f328f-139754024333312","trial_id":5,"user_attr":{"train_loss_epoch_18":0.08862592699304064}}
{"op_code":7,"worker_id":"ca27d457-fadf-483a-a30a-465ef41f328f-139754024333312","trial_id":5,"step":19,"intermediate_value":96.54}
{"op_code":8,"worker_id":"ca27d457-fadf-483a-a30a-465ef41f328f-139754024333312","trial_id":5,"user_attr":{"train_loss_epoch_19":0.08695419522713242}}
{"op_code":7,"worker_id":"ca27d457-fadf-483a-a30a-465ef41f328f-139754024333312","trial_id":5,"step":20,"intermediate_value":96.54}
{"op_code":8,"worker_id":"ca27d457-fadf-483a-a30a-465ef41f328f-139754024333312","trial_id":5,"user_attr":{"train_loss_epoch_20":0.08519575752462866}}
{"op_code":7,"worker_id":"ca27d457-fadf-483a-a30a-465ef41f328f-139754024333312","trial_id":5,"step":21,"intermediate_value":96.54}
{"op_code":8,"worker_id":"ca27d457-fadf-483a-a30a-465ef41f328f-139754024333312","trial_id":5,"user_attr":{"train_loss_epoch_21":0.0803925822293366}}
{"op_code":7,"worker_id":"ca27d457-fadf-483a-a30a-465ef41f328f-139754024333312","trial_id":5,"step":22,"intermediate_value":96.6}
{"op_code":8,"worker_id":"ca27d457-fadf-483a-a30a-465ef41f328f-139754024333312","trial_id":5,"user_attr":{"train_loss_epoch_22":0.07967972005012511}}
{"op_code":7,"worker_id":"ca27d457-fadf-483a-a30a-465ef41f328f-139754024333312","trial_id":5,"step":23,"intermediate_value":96.6}
{"op_code":8,"worker_id":"ca27d457-fadf-483a-a30a-465ef41f328f-139754024333312","trial_id":5,"user_attr":{"train_loss_epoch_23":0.07809159752906862}}
{"op_code":7,"worker_id":"ca27d457-fadf-483a-a30a-465ef41f328f-139754024333312","trial_id":5,"step":24,"intermediate_value":96.6}
{"op_code":8,"worker_id":"ca27d457-fadf-483a-a30a-465ef41f328f-139754024333312","trial_id":5,"user_attr":{"train_loss_epoch_24":0.07648683676539834}}
{"op_code":7,"worker_id":"ca27d457-fadf-483a-a30a-465ef41f328f-139754024333312","trial_id":5,"step":25,"intermediate_value":96.73}
{"op_code":8,"worker_id":"ca27d457-fadf-483a-a30a-465ef41f328f-139754024333312","trial_id":5,"user_attr":{"train_loss_epoch_25":0.07514976630824358}}
{"op_code":7,"worker_id":"ca27d457-fadf-483a-a30a-465ef41f328f-139754024333312","trial_id":5,"step":26,"intermediate_value":96.73}
{"op_code":8,"worker_id":"ca27d457-fadf-483a-a30a-465ef41f328f-139754024333312","trial_id":5,"user_attr":{"train_loss_epoch_26":0.07405072094118997}}
{"op_code":7,"worker_id":"ca27d457-fadf-483a-a30a-465ef41f328f-139754024333312","trial_id":5,"step":27,"intermediate_value":96.76}
{"op_code":8,"worker_id":"ca27d457-fadf-483a-a30a-465ef41f328f-139754024333312","trial_id":5,"user_attr":{"train_loss_epoch_27":0.07290055347916319}}
{"op_code":7,"worker_id":"ca27d457-fadf-483a-a30a-465ef41f328f-139754024333312","trial_id":5,"step":28,"intermediate_value":96.76}
{"op_code":8,"worker_id":"ca27d457-fadf-483a-a30a-465ef41f328f-139754024333312","trial_id":5,"user_attr":{"train_loss_epoch_28":0.07067224353294708}}
{"op_code":7,"worker_id":"ca27d457-fadf-483a-a30a-465ef41f328f-139754024333312","trial_id":5,"step":29,"intermediate_value":96.76}
{"op_code":8,"worker_id":"ca27d457-fadf-483a-a30a-465ef41f328f-139754024333312","trial_id":5,"user_attr":{"train_loss_epoch_29":0.07004595517706094}}
{"op_code":7,"worker_id":"ca27d457-fadf-483a-a30a-465ef41f328f-139754024333312","trial_id":5,"step":30,"intermediate_value":96.76}
{"op_code":8,"worker_id":"ca27d457-fadf-483a-a30a-465ef41f328f-139754024333312","trial_id":5,"user_attr":{"train_loss_epoch_30":0.06887431316269335}}
{"op_code":6,"worker_id":"ca27d457-fadf-483a-a30a-465ef41f328f-139754024333312","trial_id":5,"state":1,"values":[96.76],"datetime_complete":"2026-05-07T22:04:41.993925"}
{"op_code":6,"worker_id":"ca27d457-fadf-483a-a30a-465ef41f328f-139754024333312","trial_id":6,"state":0,"values":null,"datetime_start":"2026-05-07T22:04:41.996418"}
{"op_code":5,"worker_id":"ca27d457-fadf-483a-a30a-465ef41f328f-139754024333312","trial_id":6,"param_name":"learning_rate","param_value_internal":0.6586086678635814,"distribution":"{\"name\": \"FloatDistribution\", \"attributes\": {\"step\": null, \"low\": 0.006, \"high\": 5.0, \"log\": true}}"}
{"op_code":5,"worker_id":"ca27d457-fadf-483a-a30a-465ef41f328f-139754024333312","trial_id":6,"param_name":"transfer_lr","param_value_internal":0.0012253917810527064,"distribution":"{\"name\": \"FloatDistribution\", \"attributes\": {\"step\": null, \"low\": 1e-05, \"high\": 0.03, \"log\": true}}"}
{"op_code":5,"worker_id":"ca27d457-fadf-483a-a30a-465ef41f328f-139754024333312","trial_id":6,"param_name":"transfer_every","param_value_internal":10.0,"distribution":"{\"name\": \"IntDistribution\", \"attributes\": {\"log\": true, \"step\": 1, \"low\": 10, \"high\": 10}}"}
{"op_code":5,"worker_id":"ca27d457-fadf-483a-a30a-465ef41f328f-139754024333312","trial_id":6,"param_name":"rank_exp","param_value_internal":3.0,"distribution":"{\"name\": \"IntDistribution\", \"attributes\": {\"log\": false, \"step\": 1, \"low\": 3, \"high\": 3}}"}
{"op_code":5,"worker_id":"ca27d457-fadf-483a-a30a-465ef41f328f-139754024333312","trial_id":6,"param_name":"fast_lr","param_value_internal":0.6491898258574643,"distribution":"{\"name\": \"FloatDistribution\", \"attributes\": {\"step\": null, \"low\": 0.0007, \"high\": 20000.0, \"log\": true}}"}
{"op_code":5,"worker_id":"ca27d457-fadf-483a-a30a-465ef41f328f-139754024333312","trial_id":6,"param_name":"tau_sec","param_value_internal":0.0,"distribution":"{\"name\": \"FloatDistribution\", \"attributes\": {\"step\": null, \"low\": 0.0, \"high\": 0.0, \"log\": false}}"}
{"op_code":5,"worker_id":"ca27d457-fadf-483a-a30a-465ef41f328f-139754024333312","trial_id":6,"param_name":"ab_dw_min","param_value_internal":0.001981,"distribution":"{\"name\": \"FloatDistribution\", \"attributes\": {\"step\": null, \"low\": 0.001981, \"high\": 0.001981, \"log\": true}}"}
{"op_code":5,"worker_id":"ca27d457-fadf-483a-a30a-465ef41f328f-139754024333312","trial_id":6,"param_name":"ab_desired_bl","param_value_internal":31.0,"distribution":"{\"name\": \"IntDistribution\", \"attributes\": {\"log\": false, \"step\": 1, \"low\": 31, \"high\": 31}}"}
{"op_code":5,"worker_id":"ca27d457-fadf-483a-a30a-465ef41f328f-139754024333312","trial_id":6,"param_name":"a_reset_std","param_value_internal":1e-30,"distribution":"{\"name\": \"FloatDistribution\", \"attributes\": {\"step\": null, \"low\": 1e-30, \"high\": 1e-30, \"log\": true}}"}
{"op_code":5,"worker_id":"ca27d457-fadf-483a-a30a-465ef41f328f-139754024333312","trial_id":6,"param_name":"b_reset_std","param_value_internal":494.82838841968186,"distribution":"{\"name\": \"FloatDistribution\", \"attributes\": {\"step\": null, \"low\": 2e-05, \"high\": 30000.0, \"log\": true}}"}
{"op_code":5,"worker_id":"ca27d457-fadf-483a-a30a-465ef41f328f-139754024333312","trial_id":6,"param_name":"c_dw_min","param_value_internal":0.001,"distribution":"{\"name\": \"FloatDistribution\", \"attributes\": {\"step\": null, \"low\": 0.001, \"high\": 0.001, \"log\": true}}"}
{"op_code":5,"worker_id":"ca27d457-fadf-483a-a30a-465ef41f328f-139754024333312","trial_id":6,"param_name":"c_desired_bl","param_value_internal":31.0,"distribution":"{\"name\": \"IntDistribution\", \"attributes\": {\"log\": false, \"step\": 1, \"low\": 31, \"high\": 31}}"}
{"op_code":5,"worker_id":"ca27d457-fadf-483a-a30a-465ef41f328f-139754024333312","trial_id":6,"param_name":"out_noise","param_value_internal":0.0,"distribution":"{\"name\": \"FloatDistribution\", \"attributes\": {\"step\": null, \"low\": 0.0, \"high\": 0.0, \"log\": false}}"}
{"op_code":5,"worker_id":"ca27d457-fadf-483a-a30a-465ef41f328f-139754024333312","trial_id":6,"param_name":"ab_weight_scaling_omega","param_value_internal":0.0,"distribution":"{\"name\": \"FloatDistribution\", \"attributes\": {\"step\": null, \"low\": 0.0, \"high\": 0.0, \"log\": false}}"}
{"op_code":8,"worker_id":"ca27d457-fadf-483a-a30a-465ef41f328f-139754024333312","trial_id":6,"user_attr":{"grad_accum_steps":1}}
{"op_code":7,"worker_id":"ca27d457-fadf-483a-a30a-465ef41f328f-139754024333312","trial_id":6,"step":1,"intermediate_value":92.39}
{"op_code":8,"worker_id":"ca27d457-fadf-483a-a30a-465ef41f328f-139754024333312","trial_id":6,"user_attr":{"train_loss_epoch_1":0.36116291400688544}}
{"op_code":7,"worker_id":"ca27d457-fadf-483a-a30a-465ef41f328f-139754024333312","trial_id":6,"step":2,"intermediate_value":94.09}
{"op_code":8,"worker_id":"ca27d457-fadf-483a-a30a-465ef41f328f-139754024333312","trial_id":6,"user_attr":{"train_loss_epoch_2":0.22257870763762674}}
{"op_code":7,"worker_id":"ca27d457-fadf-483a-a30a-465ef41f328f-139754024333312","trial_id":6,"step":3,"intermediate_value":94.82}
{"op_code":8,"worker_id":"ca27d457-fadf-483a-a30a-465ef41f328f-139754024333312","trial_id":6,"user_attr":{"train_loss_epoch_3":0.1853784027972074}}
{"op_code":7,"worker_id":"ca27d457-fadf-483a-a30a-465ef41f328f-139754024333312","trial_id":6,"step":4,"intermediate_value":95.08}
{"op_code":8,"worker_id":"ca27d457-fadf-483a-a30a-465ef41f328f-139754024333312","trial_id":6,"user_attr":{"train_loss_epoch_4":0.166309512204437}}
{"op_code":7,"worker_id":"ca27d457-fadf-483a-a30a-465ef41f328f-139754024333312","trial_id":6,"step":5,"intermediate_value":95.08}
{"op_code":8,"worker_id":"ca27d457-fadf-483a-a30a-465ef41f328f-139754024333312","trial_id":6,"user_attr":{"train_loss_epoch_5":0.15189565718471845}}
{"op_code":7,"worker_id":"ca27d457-fadf-483a-a30a-465ef41f328f-139754024333312","trial_id":6,"step":6,"intermediate_value":95.76}
{"op_code":8,"worker_id":"ca27d457-fadf-483a-a30a-465ef41f328f-139754024333312","trial_id":6,"user_attr":{"train_loss_epoch_6":0.14117278288434276}}
{"op_code":7,"worker_id":"ca27d457-fadf-483a-a30a-465ef41f328f-139754024333312","trial_id":6,"step":7,"intermediate_value":95.79}
{"op_code":8,"worker_id":"ca27d457-fadf-483a-a30a-465ef41f328f-139754024333312","trial_id":6,"user_attr":{"train_loss_epoch_7":0.13358603836273525}}
{"op_code":7,"worker_id":"ca27d457-fadf-483a-a30a-465ef41f328f-139754024333312","trial_id":6,"step":8,"intermediate_value":96.01}
{"op_code":8,"worker_id":"ca27d457-fadf-483a-a30a-465ef41f328f-139754024333312","trial_id":6,"user_attr":{"train_loss_epoch_8":0.1269750976130795}}
{"op_code":7,"worker_id":"ca27d457-fadf-483a-a30a-465ef41f328f-139754024333312","trial_id":6,"step":9,"intermediate_value":96.01}
{"op_code":8,"worker_id":"ca27d457-fadf-483a-a30a-465ef41f328f-139754024333312","trial_id":6,"user_attr":{"train_loss_epoch_9":0.1211779894940714}}
{"op_code":7,"worker_id":"ca27d457-fadf-483a-a30a-465ef41f328f-139754024333312","trial_id":6,"step":10,"intermediate_value":96.24}
{"op_code":8,"worker_id":"ca27d457-fadf-483a-a30a-465ef41f328f-139754024333312","trial_id":6,"user_attr":{"train_loss_epoch_10":0.11834080073027325}}
{"op_code":7,"worker_id":"ca27d457-fadf-483a-a30a-465ef41f328f-139754024333312","trial_id":6,"step":11,"intermediate_value":96.27}
{"op_code":8,"worker_id":"ca27d457-fadf-483a-a30a-465ef41f328f-139754024333312","trial_id":6,"user_attr":{"train_loss_epoch_11":0.10606785852368722}}
{"op_code":7,"worker_id":"ca27d457-fadf-483a-a30a-465ef41f328f-139754024333312","trial_id":6,"step":12,"intermediate_value":96.36}
{"op_code":8,"worker_id":"ca27d457-fadf-483a-a30a-465ef41f328f-139754024333312","trial_id":6,"user_attr":{"train_loss_epoch_12":0.10240179701432237}}
{"op_code":7,"worker_id":"ca27d457-fadf-483a-a30a-465ef41f328f-139754024333312","trial_id":6,"step":13,"intermediate_value":96.36}
{"op_code":8,"worker_id":"ca27d457-fadf-483a-a30a-465ef41f328f-139754024333312","trial_id":6,"user_attr":{"train_loss_epoch_13":0.09912163122042791}}
{"op_code":7,"worker_id":"ca27d457-fadf-483a-a30a-465ef41f328f-139754024333312","trial_id":6,"step":14,"intermediate_value":96.36}
{"op_code":8,"worker_id":"ca27d457-fadf-483a-a30a-465ef41f328f-139754024333312","trial_id":6,"user_attr":{"train_loss_epoch_14":0.09671489615787639}}
{"op_code":7,"worker_id":"ca27d457-fadf-483a-a30a-465ef41f328f-139754024333312","trial_id":6,"step":15,"intermediate_value":96.38}
{"op_code":8,"worker_id":"ca27d457-fadf-483a-a30a-465ef41f328f-139754024333312","trial_id":6,"user_attr":{"train_loss_epoch_15":0.09438488257478979}}
{"op_code":7,"worker_id":"ca27d457-fadf-483a-a30a-465ef41f328f-139754024333312","trial_id":6,"step":16,"intermediate_value":96.56}
{"op_code":8,"worker_id":"ca27d457-fadf-483a-a30a-465ef41f328f-139754024333312","trial_id":6,"user_attr":{"train_loss_epoch_16":0.09105402842285171}}
{"op_code":7,"worker_id":"ca27d457-fadf-483a-a30a-465ef41f328f-139754024333312","trial_id":6,"step":17,"intermediate_value":96.56}
{"op_code":8,"worker_id":"ca27d457-fadf-483a-a30a-465ef41f328f-139754024333312","trial_id":6,"user_attr":{"train_loss_epoch_17":0.08882268602182386}}
{"op_code":7,"worker_id":"ca27d457-fadf-483a-a30a-465ef41f328f-139754024333312","trial_id":6,"step":18,"intermediate_value":96.56}
{"op_code":8,"worker_id":"ca27d457-fadf-483a-a30a-465ef41f328f-139754024333312","trial_id":6,"user_attr":{"train_loss_epoch_18":0.0870790650779163}}
{"op_code":7,"worker_id":"ca27d457-fadf-483a-a30a-465ef41f328f-139754024333312","trial_id":6,"step":19,"intermediate_value":96.58}
{"op_code":8,"worker_id":"ca27d457-fadf-483a-a30a-465ef41f328f-139754024333312","trial_id":6,"user_attr":{"train_loss_epoch_19":0.08532159112648034}}
{"op_code":7,"worker_id":"ca27d457-fadf-483a-a30a-465ef41f328f-139754024333312","trial_id":6,"step":20,"intermediate_value":96.58}
{"op_code":8,"worker_id":"ca27d457-fadf-483a-a30a-465ef41f328f-139754024333312","trial_id":6,"user_attr":{"train_loss_epoch_20":0.08326893588796115}}
{"op_code":7,"worker_id":"ca27d457-fadf-483a-a30a-465ef41f328f-139754024333312","trial_id":6,"step":21,"intermediate_value":96.65}
{"op_code":8,"worker_id":"ca27d457-fadf-483a-a30a-465ef41f328f-139754024333312","trial_id":6,"user_attr":{"train_loss_epoch_21":0.08025547456163079}}
{"op_code":7,"worker_id":"ca27d457-fadf-483a-a30a-465ef41f328f-139754024333312","trial_id":6,"step":22,"intermediate_value":96.65}
{"op_code":8,"worker_id":"ca27d457-fadf-483a-a30a-465ef41f328f-139754024333312","trial_id":6,"user_attr":{"train_loss_epoch_22":0.07934060030212717}}
{"op_code":7,"worker_id":"ca27d457-fadf-483a-a30a-465ef41f328f-139754024333312","trial_id":6,"step":23,"intermediate_value":96.65}
{"op_code":8,"worker_id":"ca27d457-fadf-483a-a30a-465ef41f328f-139754024333312","trial_id":6,"user_attr":{"train_loss_epoch_23":0.07884435973855963}}
{"op_code":7,"worker_id":"ca27d457-fadf-483a-a30a-465ef41f328f-139754024333312","trial_id":6,"step":24,"intermediate_value":96.7}
{"op_code":8,"worker_id":"ca27d457-fadf-483a-a30a-465ef41f328f-139754024333312","trial_id":6,"user_attr":{"train_loss_epoch_24":0.07850386592574907}}
{"op_code":7,"worker_id":"ca27d457-fadf-483a-a30a-465ef41f328f-139754024333312","trial_id":6,"step":25,"intermediate_value":96.73}
{"op_code":8,"worker_id":"ca27d457-fadf-483a-a30a-465ef41f328f-139754024333312","trial_id":6,"user_attr":{"train_loss_epoch_25":0.07737773769859796}}
{"op_code":7,"worker_id":"ca27d457-fadf-483a-a30a-465ef41f328f-139754024333312","trial_id":6,"step":26,"intermediate_value":96.73}
{"op_code":8,"worker_id":"ca27d457-fadf-483a-a30a-465ef41f328f-139754024333312","trial_id":6,"user_attr":{"train_loss_epoch_26":0.07591604037078292}}
{"op_code":7,"worker_id":"ca27d457-fadf-483a-a30a-465ef41f328f-139754024333312","trial_id":6,"step":27,"intermediate_value":96.73}
{"op_code":8,"worker_id":"ca27d457-fadf-483a-a30a-465ef41f328f-139754024333312","trial_id":6,"user_attr":{"train_loss_epoch_27":0.07357452097468015}}
{"op_code":7,"worker_id":"ca27d457-fadf-483a-a30a-465ef41f328f-139754024333312","trial_id":6,"step":28,"intermediate_value":96.73}
{"op_code":8,"worker_id":"ca27d457-fadf-483a-a30a-465ef41f328f-139754024333312","trial_id":6,"user_attr":{"train_loss_epoch_28":0.07358520329996411}}
{"op_code":7,"worker_id":"ca27d457-fadf-483a-a30a-465ef41f328f-139754024333312","trial_id":6,"step":29,"intermediate_value":96.73}
{"op_code":8,"worker_id":"ca27d457-fadf-483a-a30a-465ef41f328f-139754024333312","trial_id":6,"user_attr":{"train_loss_epoch_29":0.07307981454984727}}
{"op_code":7,"worker_id":"ca27d457-fadf-483a-a30a-465ef41f328f-139754024333312","trial_id":6,"step":30,"intermediate_value":96.82}
{"op_code":8,"worker_id":"ca27d457-fadf-483a-a30a-465ef41f328f-139754024333312","trial_id":6,"user_attr":{"train_loss_epoch_30":0.0719023246500792}}
{"op_code":6,"worker_id":"ca27d457-fadf-483a-a30a-465ef41f328f-139754024333312","trial_id":6,"state":1,"values":[96.82],"datetime_complete":"2026-05-07T22:10:31.291743"}
{"op_code":6,"worker_id":"ca27d457-fadf-483a-a30a-465ef41f328f-139754024333312","trial_id":7,"state":0,"values":null,"datetime_start":"2026-05-07T22:10:31.294186"}
{"op_code":5,"worker_id":"ca27d457-fadf-483a-a30a-465ef41f328f-139754024333312","trial_id":7,"param_name":"learning_rate","param_value_internal":0.682170653492497,"distribution":"{\"name\": \"FloatDistribution\", \"attributes\": {\"step\": null, \"low\": 0.006, \"high\": 5.0, \"log\": true}}"}
{"op_code":5,"worker_id":"ca27d457-fadf-483a-a30a-465ef41f328f-139754024333312","trial_id":7,"param_name":"transfer_lr","param_value_internal":0.535340770680857,"distribution":"{\"name\": \"FloatDistribution\", \"attributes\": {\"step\": null, \"low\": 1e-05, \"high\": 0.03, \"log\": true}}"}
{"op_code":5,"worker_id":"ca27d457-fadf-483a-a30a-465ef41f328f-139754024333312","trial_id":7,"param_name":"transfer_every","param_value_internal":10.0,"distribution":"{\"name\": \"IntDistribution\", \"attributes\": {\"log\": true, \"step\": 1, \"low\": 10, \"high\": 10}}"}
{"op_code":5,"worker_id":"ca27d457-fadf-483a-a30a-465ef41f328f-139754024333312","trial_id":7,"param_name":"rank_exp","param_value_internal":3.0,"distribution":"{\"name\": \"IntDistribution\", \"attributes\": {\"log\": false, \"step\": 1, \"low\": 3, \"high\": 3}}"}
{"op_code":5,"worker_id":"ca27d457-fadf-483a-a30a-465ef41f328f-139754024333312","trial_id":7,"param_name":"fast_lr","param_value_internal":209.10401367313796,"distribution":"{\"name\": \"FloatDistribution\", \"attributes\": {\"step\": null, \"low\": 0.0007, \"high\": 20000.0, \"log\": true}}"}
{"op_code":5,"worker_id":"ca27d457-fadf-483a-a30a-465ef41f328f-139754024333312","trial_id":7,"param_name":"tau_sec","param_value_internal":0.0,"distribution":"{\"name\": \"FloatDistribution\", \"attributes\": {\"step\": null, \"low\": 0.0, \"high\": 0.0, \"log\": false}}"}
{"op_code":5,"worker_id":"ca27d457-fadf-483a-a30a-465ef41f328f-139754024333312","trial_id":7,"param_name":"ab_dw_min","param_value_internal":0.001981,"distribution":"{\"name\": \"FloatDistribution\", \"attributes\": {\"step\": null, \"low\": 0.001981, \"high\": 0.001981, \"log\": true}}"}
{"op_code":5,"worker_id":"ca27d457-fadf-483a-a30a-465ef41f328f-139754024333312","trial_id":7,"param_name":"ab_desired_bl","param_value_internal":31.0,"distribution":"{\"name\": \"IntDistribution\", \"attributes\": {\"log\": false, \"step\": 1, \"low\": 31, \"high\": 31}}"}
{"op_code":5,"worker_id":"ca27d457-fadf-483a-a30a-465ef41f328f-139754024333312","trial_id":7,"param_name":"a_reset_std","param_value_internal":1e-30,"distribution":"{\"name\": \"FloatDistribution\", \"attributes\": {\"step\": null, \"low\": 1e-30, \"high\": 1e-30, \"log\": true}}"}
{"op_code":5,"worker_id":"ca27d457-fadf-483a-a30a-465ef41f328f-139754024333312","trial_id":7,"param_name":"b_reset_std","param_value_internal":0.001052229420496937,"distribution":"{\"name\": \"FloatDistribution\", \"attributes\": {\"step\": null, \"low\": 2e-05, \"high\": 30000.0, \"log\": true}}"}
{"op_code":5,"worker_id":"ca27d457-fadf-483a-a30a-465ef41f328f-139754024333312","trial_id":7,"param_name":"c_dw_min","param_value_internal":0.001,"distribution":"{\"name\": \"FloatDistribution\", \"attributes\": {\"step\": null, \"low\": 0.001, \"high\": 0.001, \"log\": true}}"}
{"op_code":5,"worker_id":"ca27d457-fadf-483a-a30a-465ef41f328f-139754024333312","trial_id":7,"param_name":"c_desired_bl","param_value_internal":31.0,"distribution":"{\"name\": \"IntDistribution\", \"attributes\": {\"log\": false, \"step\": 1, \"low\": 31, \"high\": 31}}"}
{"op_code":5,"worker_id":"ca27d457-fadf-483a-a30a-465ef41f328f-139754024333312","trial_id":7,"param_name":"out_noise","param_value_internal":0.0,"distribution":"{\"name\": \"FloatDistribution\", \"attributes\": {\"step\": null, \"low\": 0.0, \"high\": 0.0, \"log\": false}}"}
{"op_code":5,"worker_id":"ca27d457-fadf-483a-a30a-465ef41f328f-139754024333312","trial_id":7,"param_name":"ab_weight_scaling_omega","param_value_internal":0.0,"distribution":"{\"name\": \"FloatDistribution\", \"attributes\": {\"step\": null, \"low\": 0.0, \"high\": 0.0, \"log\": false}}"}
{"op_code":8,"worker_id":"ca27d457-fadf-483a-a30a-465ef41f328f-139754024333312","trial_id":7,"user_attr":{"grad_accum_steps":1}}
{"op_code":7,"worker_id":"ca27d457-fadf-483a-a30a-465ef41f328f-139754024333312","trial_id":7,"step":1,"intermediate_value":91.14}
{"op_code":8,"worker_id":"ca27d457-fadf-483a-a30a-465ef41f328f-139754024333312","trial_id":7,"user_attr":{"train_loss_epoch_1":0.3745143934290038}}
{"op_code":7,"worker_id":"ca27d457-fadf-483a-a30a-465ef41f328f-139754024333312","trial_id":7,"step":2,"intermediate_value":93.52}
{"op_code":8,"worker_id":"ca27d457-fadf-483a-a30a-465ef41f328f-139754024333312","trial_id":7,"user_attr":{"train_loss_epoch_2":0.24347516334752664}}
{"op_code":7,"worker_id":"ca27d457-fadf-483a-a30a-465ef41f328f-139754024333312","trial_id":7,"step":3,"intermediate_value":93.77}
{"op_code":8,"worker_id":"ca27d457-fadf-483a-a30a-465ef41f328f-139754024333312","trial_id":7,"user_attr":{"train_loss_epoch_3":0.20756073965669186}}
{"op_code":7,"worker_id":"ca27d457-fadf-483a-a30a-465ef41f328f-139754024333312","trial_id":7,"step":4,"intermediate_value":94.48}
{"op_code":8,"worker_id":"ca27d457-fadf-483a-a30a-465ef41f328f-139754024333312","trial_id":7,"user_attr":{"train_loss_epoch_4":0.18222636017185856}}
{"op_code":7,"worker_id":"ca27d457-fadf-483a-a30a-465ef41f328f-139754024333312","trial_id":7,"step":5,"intermediate_value":94.94}
{"op_code":8,"worker_id":"ca27d457-fadf-483a-a30a-465ef41f328f-139754024333312","trial_id":7,"user_attr":{"train_loss_epoch_5":0.16357953890935698}}
{"op_code":7,"worker_id":"ca27d457-fadf-483a-a30a-465ef41f328f-139754024333312","trial_id":7,"step":6,"intermediate_value":95.42}
{"op_code":8,"worker_id":"ca27d457-fadf-483a-a30a-465ef41f328f-139754024333312","trial_id":7,"user_attr":{"train_loss_epoch_6":0.15166387140854146}}
{"op_code":7,"worker_id":"ca27d457-fadf-483a-a30a-465ef41f328f-139754024333312","trial_id":7,"step":7,"intermediate_value":95.64}
{"op_code":8,"worker_id":"ca27d457-fadf-483a-a30a-465ef41f328f-139754024333312","trial_id":7,"user_attr":{"train_loss_epoch_7":0.14096718532110708}}
{"op_code":7,"worker_id":"ca27d457-fadf-483a-a30a-465ef41f328f-139754024333312","trial_id":7,"step":8,"intermediate_value":95.72}
{"op_code":8,"worker_id":"ca27d457-fadf-483a-a30a-465ef41f328f-139754024333312","trial_id":7,"user_attr":{"train_loss_epoch_8":0.1326266154200077}}
{"op_code":7,"worker_id":"ca27d457-fadf-483a-a30a-465ef41f328f-139754024333312","trial_id":7,"step":9,"intermediate_value":95.72}
{"op_code":8,"worker_id":"ca27d457-fadf-483a-a30a-465ef41f328f-139754024333312","trial_id":7,"user_attr":{"train_loss_epoch_9":0.1257942379427466}}
{"op_code":7,"worker_id":"ca27d457-fadf-483a-a30a-465ef41f328f-139754024333312","trial_id":7,"step":10,"intermediate_value":95.81}
{"op_code":8,"worker_id":"ca27d457-fadf-483a-a30a-465ef41f328f-139754024333312","trial_id":7,"user_attr":{"train_loss_epoch_10":0.11988564322132673}}
{"op_code":7,"worker_id":"ca27d457-fadf-483a-a30a-465ef41f328f-139754024333312","trial_id":7,"step":11,"intermediate_value":95.92}
{"op_code":8,"worker_id":"ca27d457-fadf-483a-a30a-465ef41f328f-139754024333312","trial_id":7,"user_attr":{"train_loss_epoch_11":0.10800741971837782}}
{"op_code":7,"worker_id":"ca27d457-fadf-483a-a30a-465ef41f328f-139754024333312","trial_id":7,"step":12,"intermediate_value":96.15}
{"op_code":8,"worker_id":"ca27d457-fadf-483a-a30a-465ef41f328f-139754024333312","trial_id":7,"user_attr":{"train_loss_epoch_12":0.10516543783642637}}
{"op_code":7,"worker_id":"ca27d457-fadf-483a-a30a-465ef41f328f-139754024333312","trial_id":7,"step":13,"intermediate_value":96.15}
{"op_code":8,"worker_id":"ca27d457-fadf-483a-a30a-465ef41f328f-139754024333312","trial_id":7,"user_attr":{"train_loss_epoch_13":0.10143195472256557}}
{"op_code":7,"worker_id":"ca27d457-fadf-483a-a30a-465ef41f328f-139754024333312","trial_id":7,"step":14,"intermediate_value":96.15}
{"op_code":8,"worker_id":"ca27d457-fadf-483a-a30a-465ef41f328f-139754024333312","trial_id":7,"user_attr":{"train_loss_epoch_14":0.09803267991069013}}
{"op_code":7,"worker_id":"ca27d457-fadf-483a-a30a-465ef41f328f-139754024333312","trial_id":7,"step":15,"intermediate_value":96.17}
{"op_code":8,"worker_id":"ca27d457-fadf-483a-a30a-465ef41f328f-139754024333312","trial_id":7,"user_attr":{"train_loss_epoch_15":0.09456889942757038}}
{"op_code":7,"worker_id":"ca27d457-fadf-483a-a30a-465ef41f328f-139754024333312","trial_id":7,"step":16,"intermediate_value":96.18}
{"op_code":8,"worker_id":"ca27d457-fadf-483a-a30a-465ef41f328f-139754024333312","trial_id":7,"user_attr":{"train_loss_epoch_16":0.09179311888967591}}
{"op_code":7,"worker_id":"ca27d457-fadf-483a-a30a-465ef41f328f-139754024333312","trial_id":7,"step":17,"intermediate_value":96.42}
{"op_code":8,"worker_id":"ca27d457-fadf-483a-a30a-465ef41f328f-139754024333312","trial_id":7,"user_attr":{"train_loss_epoch_17":0.08974660955580956}}
{"op_code":7,"worker_id":"ca27d457-fadf-483a-a30a-465ef41f328f-139754024333312","trial_id":7,"step":18,"intermediate_value":96.47}
{"op_code":8,"worker_id":"ca27d457-fadf-483a-a30a-465ef41f328f-139754024333312","trial_id":7,"user_attr":{"train_loss_epoch_18":0.08744543830631797}}
{"op_code":7,"worker_id":"ca27d457-fadf-483a-a30a-465ef41f328f-139754024333312","trial_id":7,"step":19,"intermediate_value":96.47}
{"op_code":8,"worker_id":"ca27d457-fadf-483a-a30a-465ef41f328f-139754024333312","trial_id":7,"user_attr":{"train_loss_epoch_19":0.08489635105042267}}
{"op_code":7,"worker_id":"ca27d457-fadf-483a-a30a-465ef41f328f-139754024333312","trial_id":7,"step":20,"intermediate_value":96.52}
{"op_code":8,"worker_id":"ca27d457-fadf-483a-a30a-465ef41f328f-139754024333312","trial_id":7,"user_attr":{"train_loss_epoch_20":0.08265383833292514}}
{"op_code":7,"worker_id":"ca27d457-fadf-483a-a30a-465ef41f328f-139754024333312","trial_id":7,"step":21,"intermediate_value":96.53}
{"op_code":8,"worker_id":"ca27d457-fadf-483a-a30a-465ef41f328f-139754024333312","trial_id":7,"user_attr":{"train_loss_epoch_21":0.07789094302890652}}
{"op_code":7,"worker_id":"ca27d457-fadf-483a-a30a-465ef41f328f-139754024333312","trial_id":7,"step":22,"intermediate_value":96.55}
{"op_code":8,"worker_id":"ca27d457-fadf-483a-a30a-465ef41f328f-139754024333312","trial_id":7,"user_attr":{"train_loss_epoch_22":0.07609602639219289}}
{"op_code":7,"worker_id":"ca27d457-fadf-483a-a30a-465ef41f328f-139754024333312","trial_id":7,"step":23,"intermediate_value":96.55}
{"op_code":8,"worker_id":"ca27d457-fadf-483a-a30a-465ef41f328f-139754024333312","trial_id":7,"user_attr":{"train_loss_epoch_23":0.07541453060798291}}
{"op_code":7,"worker_id":"ca27d457-fadf-483a-a30a-465ef41f328f-139754024333312","trial_id":7,"step":24,"intermediate_value":96.73}
{"op_code":8,"worker_id":"ca27d457-fadf-483a-a30a-465ef41f328f-139754024333312","trial_id":7,"user_attr":{"train_loss_epoch_24":0.07320651847934688}}
{"op_code":7,"worker_id":"ca27d457-fadf-483a-a30a-465ef41f328f-139754024333312","trial_id":7,"step":25,"intermediate_value":96.73}
{"op_code":8,"worker_id":"ca27d457-fadf-483a-a30a-465ef41f328f-139754024333312","trial_id":7,"user_attr":{"train_loss_epoch_25":0.0715187166730361}}
{"op_code":7,"worker_id":"ca27d457-fadf-483a-a30a-465ef41f328f-139754024333312","trial_id":7,"step":26,"intermediate_value":96.73}
{"op_code":8,"worker_id":"ca27d457-fadf-483a-a30a-465ef41f328f-139754024333312","trial_id":7,"user_attr":{"train_loss_epoch_26":0.0693151150137059}}
{"op_code":7,"worker_id":"ca27d457-fadf-483a-a30a-465ef41f328f-139754024333312","trial_id":7,"step":27,"intermediate_value":96.73}
{"op_code":8,"worker_id":"ca27d457-fadf-483a-a30a-465ef41f328f-139754024333312","trial_id":7,"user_attr":{"train_loss_epoch_27":0.06767541993541448}}
{"op_code":7,"worker_id":"ca27d457-fadf-483a-a30a-465ef41f328f-139754024333312","trial_id":7,"step":28,"intermediate_value":96.73}
{"op_code":8,"worker_id":"ca27d457-fadf-483a-a30a-465ef41f328f-139754024333312","trial_id":7,"user_attr":{"train_loss_epoch_28":0.06696867702557628}}
{"op_code":7,"worker_id":"ca27d457-fadf-483a-a30a-465ef41f328f-139754024333312","trial_id":7,"step":29,"intermediate_value":96.73}
{"op_code":8,"worker_id":"ca27d457-fadf-483a-a30a-465ef41f328f-139754024333312","trial_id":7,"user_attr":{"train_loss_epoch_29":0.0652719127147822}}
{"op_code":6,"worker_id":"ca27d457-fadf-483a-a30a-465ef41f328f-139754024333312","trial_id":7,"state":1,"values":[96.73],"datetime_complete":"2026-05-07T22:16:17.683999"}
{"op_code":6,"worker_id":"ca27d457-fadf-483a-a30a-465ef41f328f-139754024333312","trial_id":8,"state":0,"values":null,"datetime_start":"2026-05-07T22:16:17.686501"}
{"op_code":5,"worker_id":"ca27d457-fadf-483a-a30a-465ef41f328f-139754024333312","trial_id":8,"param_name":"learning_rate","param_value_internal":0.6352154448159675,"distribution":"{\"name\": \"FloatDistribution\", \"attributes\": {\"step\": null, \"low\": 0.006, \"high\": 5.0, \"log\": true}}"}
{"op_code":5,"worker_id":"ca27d457-fadf-483a-a30a-465ef41f328f-139754024333312","trial_id":8,"param_name":"transfer_lr","param_value_internal":0.5253232634811095,"distribution":"{\"name\": \"FloatDistribution\", \"attributes\": {\"step\": null, \"low\": 1e-05, \"high\": 0.03, \"log\": true}}"}
{"op_code":5,"worker_id":"ca27d457-fadf-483a-a30a-465ef41f328f-139754024333312","trial_id":8,"param_name":"transfer_every","param_value_internal":10.0,"distribution":"{\"name\": \"IntDistribution\", \"attributes\": {\"log\": true, \"step\": 1, \"low\": 10, \"high\": 10}}"}
{"op_code":5,"worker_id":"ca27d457-fadf-483a-a30a-465ef41f328f-139754024333312","trial_id":8,"param_name":"rank_exp","param_value_internal":3.0,"distribution":"{\"name\": \"IntDistribution\", \"attributes\": {\"log\": false, \"step\": 1, \"low\": 3, \"high\": 3}}"}
{"op_code":5,"worker_id":"ca27d457-fadf-483a-a30a-465ef41f328f-139754024333312","trial_id":8,"param_name":"fast_lr","param_value_internal":212.7531548266818,"distribution":"{\"name\": \"FloatDistribution\", \"attributes\": {\"step\": null, \"low\": 0.0007, \"high\": 20000.0, \"log\": true}}"}
{"op_code":5,"worker_id":"ca27d457-fadf-483a-a30a-465ef41f328f-139754024333312","trial_id":8,"param_name":"tau_sec","param_value_internal":0.0,"distribution":"{\"name\": \"FloatDistribution\", \"attributes\": {\"step\": null, \"low\": 0.0, \"high\": 0.0, \"log\": false}}"}
{"op_code":5,"worker_id":"ca27d457-fadf-483a-a30a-465ef41f328f-139754024333312","trial_id":8,"param_name":"ab_dw_min","param_value_internal":0.001981,"distribution":"{\"name\": \"FloatDistribution\", \"attributes\": {\"step\": null, \"low\": 0.001981, \"high\": 0.001981, \"log\": true}}"}
{"op_code":5,"worker_id":"ca27d457-fadf-483a-a30a-465ef41f328f-139754024333312","trial_id":8,"param_name":"ab_desired_bl","param_value_internal":31.0,"distribution":"{\"name\": \"IntDistribution\", \"attributes\": {\"log\": false, \"step\": 1, \"low\": 31, \"high\": 31}}"}
{"op_code":5,"worker_id":"ca27d457-fadf-483a-a30a-465ef41f328f-139754024333312","trial_id":8,"param_name":"a_reset_std","param_value_internal":1e-30,"distribution":"{\"name\": \"FloatDistribution\", \"attributes\": {\"step\": null, \"low\": 1e-30, \"high\": 1e-30, \"log\": true}}"}
{"op_code":5,"worker_id":"ca27d457-fadf-483a-a30a-465ef41f328f-139754024333312","trial_id":8,"param_name":"b_reset_std","param_value_internal":0.0010851279098268672,"distribution":"{\"name\": \"FloatDistribution\", \"attributes\": {\"step\": null, \"low\": 2e-05, \"high\": 30000.0, \"log\": true}}"}
{"op_code":5,"worker_id":"ca27d457-fadf-483a-a30a-465ef41f328f-139754024333312","trial_id":8,"param_name":"c_dw_min","param_value_internal":0.001,"distribution":"{\"name\": \"FloatDistribution\", \"attributes\": {\"step\": null, \"low\": 0.001, \"high\": 0.001, \"log\": true}}"}
{"op_code":5,"worker_id":"ca27d457-fadf-483a-a30a-465ef41f328f-139754024333312","trial_id":8,"param_name":"c_desired_bl","param_value_internal":31.0,"distribution":"{\"name\": \"IntDistribution\", \"attributes\": {\"log\": false, \"step\": 1, \"low\": 31, \"high\": 31}}"}
{"op_code":5,"worker_id":"ca27d457-fadf-483a-a30a-465ef41f328f-139754024333312","trial_id":8,"param_name":"out_noise","param_value_internal":0.0,"distribution":"{\"name\": \"FloatDistribution\", \"attributes\": {\"step\": null, \"low\": 0.0, \"high\": 0.0, \"log\": false}}"}
{"op_code":5,"worker_id":"ca27d457-fadf-483a-a30a-465ef41f328f-139754024333312","trial_id":8,"param_name":"ab_weight_scaling_omega","param_value_internal":0.0,"distribution":"{\"name\": \"FloatDistribution\", \"attributes\": {\"step\": null, \"low\": 0.0, \"high\": 0.0, \"log\": false}}"}
{"op_code":8,"worker_id":"ca27d457-fadf-483a-a30a-465ef41f328f-139754024333312","trial_id":8,"user_attr":{"grad_accum_steps":1}}
{"op_code":7,"worker_id":"ca27d457-fadf-483a-a30a-465ef41f328f-139754024333312","trial_id":8,"step":1,"intermediate_value":92.25}
{"op_code":8,"worker_id":"ca27d457-fadf-483a-a30a-465ef41f328f-139754024333312","trial_id":8,"user_attr":{"train_loss_epoch_1":0.3773047306866788}}
{"op_code":7,"worker_id":"ca27d457-fadf-483a-a30a-465ef41f328f-139754024333312","trial_id":8,"step":2,"intermediate_value":93.05}
{"op_code":8,"worker_id":"ca27d457-fadf-483a-a30a-465ef41f328f-139754024333312","trial_id":8,"user_attr":{"train_loss_epoch_2":0.2436231469302607}}
{"op_code":7,"worker_id":"ca27d457-fadf-483a-a30a-465ef41f328f-139754024333312","trial_id":8,"step":3,"intermediate_value":93.46}
{"op_code":8,"worker_id":"ca27d457-fadf-483a-a30a-465ef41f328f-139754024333312","trial_id":8,"user_attr":{"train_loss_epoch_3":0.20480617663380243}}
{"op_code":7,"worker_id":"ca27d457-fadf-483a-a30a-465ef41f328f-139754024333312","trial_id":8,"step":4,"intermediate_value":94.27}
{"op_code":8,"worker_id":"ca27d457-fadf-483a-a30a-465ef41f328f-139754024333312","trial_id":8,"user_attr":{"train_loss_epoch_4":0.1813521184511721}}
{"op_code":7,"worker_id":"ca27d457-fadf-483a-a30a-465ef41f328f-139754024333312","trial_id":8,"step":5,"intermediate_value":95.08}
{"op_code":8,"worker_id":"ca27d457-fadf-483a-a30a-465ef41f328f-139754024333312","trial_id":8,"user_attr":{"train_loss_epoch_5":0.16492368073772584}}
{"op_code":7,"worker_id":"ca27d457-fadf-483a-a30a-465ef41f328f-139754024333312","trial_id":8,"step":6,"intermediate_value":95.09}
{"op_code":8,"worker_id":"ca27d457-fadf-483a-a30a-465ef41f328f-139754024333312","trial_id":8,"user_attr":{"train_loss_epoch_6":0.15345037776404924}}
{"op_code":7,"worker_id":"ca27d457-fadf-483a-a30a-465ef41f328f-139754024333312","trial_id":8,"step":7,"intermediate_value":95.44}
{"op_code":8,"worker_id":"ca27d457-fadf-483a-a30a-465ef41f328f-139754024333312","trial_id":8,"user_attr":{"train_loss_epoch_7":0.1415815105292398}}
{"op_code":7,"worker_id":"ca27d457-fadf-483a-a30a-465ef41f328f-139754024333312","trial_id":8,"step":8,"intermediate_value":95.44}
{"op_code":8,"worker_id":"ca27d457-fadf-483a-a30a-465ef41f328f-139754024333312","trial_id":8,"user_attr":{"train_loss_epoch_8":0.13371778816790947}}
{"op_code":7,"worker_id":"ca27d457-fadf-483a-a30a-465ef41f328f-139754024333312","trial_id":8,"step":9,"intermediate_value":95.66}
{"op_code":8,"worker_id":"ca27d457-fadf-483a-a30a-465ef41f328f-139754024333312","trial_id":8,"user_attr":{"train_loss_epoch_9":0.12600438832553593}}
{"op_code":7,"worker_id":"ca27d457-fadf-483a-a30a-465ef41f328f-139754024333312","trial_id":8,"step":10,"intermediate_value":95.79}
{"op_code":8,"worker_id":"ca27d457-fadf-483a-a30a-465ef41f328f-139754024333312","trial_id":8,"user_attr":{"train_loss_epoch_10":0.11949304897767077}}
{"op_code":7,"worker_id":"ca27d457-fadf-483a-a30a-465ef41f328f-139754024333312","trial_id":8,"step":11,"intermediate_value":95.79}
{"op_code":8,"worker_id":"ca27d457-fadf-483a-a30a-465ef41f328f-139754024333312","trial_id":8,"user_attr":{"train_loss_epoch_11":0.10839541426409027}}
{"op_code":7,"worker_id":"ca27d457-fadf-483a-a30a-465ef41f328f-139754024333312","trial_id":8,"step":12,"intermediate_value":96.06}
{"op_code":8,"worker_id":"ca27d457-fadf-483a-a30a-465ef41f328f-139754024333312","trial_id":8,"user_attr":{"train_loss_epoch_12":0.10503249219171941}}
{"op_code":7,"worker_id":"ca27d457-fadf-483a-a30a-465ef41f328f-139754024333312","trial_id":8,"step":13,"intermediate_value":96.06}
{"op_code":8,"worker_id":"ca27d457-fadf-483a-a30a-465ef41f328f-139754024333312","trial_id":8,"user_attr":{"train_loss_epoch_13":0.10258237207169409}}
{"op_code":7,"worker_id":"ca27d457-fadf-483a-a30a-465ef41f328f-139754024333312","trial_id":8,"step":14,"intermediate_value":96.3}
{"op_code":8,"worker_id":"ca27d457-fadf-483a-a30a-465ef41f328f-139754024333312","trial_id":8,"user_attr":{"train_loss_epoch_14":0.10002105508142634}}
{"op_code":7,"worker_id":"ca27d457-fadf-483a-a30a-465ef41f328f-139754024333312","trial_id":8,"step":15,"intermediate_value":96.3}
{"op_code":8,"worker_id":"ca27d457-fadf-483a-a30a-465ef41f328f-139754024333312","trial_id":8,"user_attr":{"train_loss_epoch_15":0.09674994678133285}}
{"op_code":7,"worker_id":"ca27d457-fadf-483a-a30a-465ef41f328f-139754024333312","trial_id":8,"step":16,"intermediate_value":96.3}
{"op_code":8,"worker_id":"ca27d457-fadf-483a-a30a-465ef41f328f-139754024333312","trial_id":8,"user_attr":{"train_loss_epoch_16":0.0933559190165172}}
{"op_code":7,"worker_id":"ca27d457-fadf-483a-a30a-465ef41f328f-139754024333312","trial_id":8,"step":17,"intermediate_value":96.37}
{"op_code":8,"worker_id":"ca27d457-fadf-483a-a30a-465ef41f328f-139754024333312","trial_id":8,"user_attr":{"train_loss_epoch_17":0.09184306464306931}}
{"op_code":7,"worker_id":"ca27d457-fadf-483a-a30a-465ef41f328f-139754024333312","trial_id":8,"step":18,"intermediate_value":96.5}
{"op_code":8,"worker_id":"ca27d457-fadf-483a-a30a-465ef41f328f-139754024333312","trial_id":8,"user_attr":{"train_loss_epoch_18":0.08870799593510292}}
{"op_code":7,"worker_id":"ca27d457-fadf-483a-a30a-465ef41f328f-139754024333312","trial_id":8,"step":19,"intermediate_value":96.5}
{"op_code":8,"worker_id":"ca27d457-fadf-483a-a30a-465ef41f328f-139754024333312","trial_id":8,"user_attr":{"train_loss_epoch_19":0.08599374867650046}}
{"op_code":7,"worker_id":"ca27d457-fadf-483a-a30a-465ef41f328f-139754024333312","trial_id":8,"step":20,"intermediate_value":96.61}
{"op_code":8,"worker_id":"ca27d457-fadf-483a-a30a-465ef41f328f-139754024333312","trial_id":8,"user_attr":{"train_loss_epoch_20":0.08332926127960337}}
{"op_code":7,"worker_id":"ca27d457-fadf-483a-a30a-465ef41f328f-139754024333312","trial_id":8,"step":21,"intermediate_value":96.61}
{"op_code":8,"worker_id":"ca27d457-fadf-483a-a30a-465ef41f328f-139754024333312","trial_id":8,"user_attr":{"train_loss_epoch_21":0.07870657175621971}}
{"op_code":7,"worker_id":"ca27d457-fadf-483a-a30a-465ef41f328f-139754024333312","trial_id":8,"step":22,"intermediate_value":96.72}
{"op_code":8,"worker_id":"ca27d457-fadf-483a-a30a-465ef41f328f-139754024333312","trial_id":8,"user_attr":{"train_loss_epoch_22":0.07668213344497808}}
{"op_code":7,"worker_id":"ca27d457-fadf-483a-a30a-465ef41f328f-139754024333312","trial_id":8,"step":23,"intermediate_value":96.72}
{"op_code":8,"worker_id":"ca27d457-fadf-483a-a30a-465ef41f328f-139754024333312","trial_id":8,"user_attr":{"train_loss_epoch_23":0.07491639707444002}}
{"op_code":7,"worker_id":"ca27d457-fadf-483a-a30a-465ef41f328f-139754024333312","trial_id":8,"step":24,"intermediate_value":96.72}
{"op_code":8,"worker_id":"ca27d457-fadf-483a-a30a-465ef41f328f-139754024333312","trial_id":8,"user_attr":{"train_loss_epoch_24":0.0735805927364251}}
{"op_code":7,"worker_id":"ca27d457-fadf-483a-a30a-465ef41f328f-139754024333312","trial_id":8,"step":25,"intermediate_value":96.72}
{"op_code":8,"worker_id":"ca27d457-fadf-483a-a30a-465ef41f328f-139754024333312","trial_id":8,"user_attr":{"train_loss_epoch_25":0.07204697857340818}}
{"op_code":7,"worker_id":"ca27d457-fadf-483a-a30a-465ef41f328f-139754024333312","trial_id":8,"step":26,"intermediate_value":96.72}
{"op_code":8,"worker_id":"ca27d457-fadf-483a-a30a-465ef41f328f-139754024333312","trial_id":8,"user_attr":{"train_loss_epoch_26":0.0699899578387581}}
{"op_code":7,"worker_id":"ca27d457-fadf-483a-a30a-465ef41f328f-139754024333312","trial_id":8,"step":27,"intermediate_value":96.72}
{"op_code":8,"worker_id":"ca27d457-fadf-483a-a30a-465ef41f328f-139754024333312","trial_id":8,"user_attr":{"train_loss_epoch_27":0.06862246947609253}}
{"op_code":6,"worker_id":"ca27d457-fadf-483a-a30a-465ef41f328f-139754024333312","trial_id":8,"state":1,"values":[96.72],"datetime_complete":"2026-05-07T22:21:50.752458"}
{"op_code":6,"worker_id":"ca27d457-fadf-483a-a30a-465ef41f328f-139754024333312","trial_id":9,"state":0,"values":null,"datetime_start":"2026-05-07T22:21:50.754809"}
{"op_code":5,"worker_id":"ca27d457-fadf-483a-a30a-465ef41f328f-139754024333312","trial_id":9,"param_name":"learning_rate","param_value_internal":0.4289301720092013,"distribution":"{\"name\": \"FloatDistribution\", \"attributes\": {\"step\": null, \"low\": 0.006, \"high\": 5.0, \"log\": true}}"}
{"op_code":5,"worker_id":"ca27d457-fadf-483a-a30a-465ef41f328f-139754024333312","trial_id":9,"param_name":"transfer_lr","param_value_internal":1.7607228956954117,"distribution":"{\"name\": \"FloatDistribution\", \"attributes\": {\"step\": null, \"low\": 1e-05, \"high\": 0.03, \"log\": true}}"}
{"op_code":5,"worker_id":"ca27d457-fadf-483a-a30a-465ef41f328f-139754024333312","trial_id":9,"param_name":"transfer_every","param_value_internal":10.0,"distribution":"{\"name\": \"IntDistribution\", \"attributes\": {\"log\": true, \"step\": 1, \"low\": 10, \"high\": 10}}"}
{"op_code":5,"worker_id":"ca27d457-fadf-483a-a30a-465ef41f328f-139754024333312","trial_id":9,"param_name":"rank_exp","param_value_internal":3.0,"distribution":"{\"name\": \"IntDistribution\", \"attributes\": {\"log\": false, \"step\": 1, \"low\": 3, \"high\": 3}}"}
{"op_code":5,"worker_id":"ca27d457-fadf-483a-a30a-465ef41f328f-139754024333312","trial_id":9,"param_name":"fast_lr","param_value_internal":292.9475453718173,"distribution":"{\"name\": \"FloatDistribution\", \"attributes\": {\"step\": null, \"low\": 0.0007, \"high\": 20000.0, \"log\": true}}"}
{"op_code":5,"worker_id":"ca27d457-fadf-483a-a30a-465ef41f328f-139754024333312","trial_id":9,"param_name":"tau_sec","param_value_internal":0.0,"distribution":"{\"name\": \"FloatDistribution\", \"attributes\": {\"step\": null, \"low\": 0.0, \"high\": 0.0, \"log\": false}}"}
{"op_code":5,"worker_id":"ca27d457-fadf-483a-a30a-465ef41f328f-139754024333312","trial_id":9,"param_name":"ab_dw_min","param_value_internal":0.001981,"distribution":"{\"name\": \"FloatDistribution\", \"attributes\": {\"step\": null, \"low\": 0.001981, \"high\": 0.001981, \"log\": true}}"}
{"op_code":5,"worker_id":"ca27d457-fadf-483a-a30a-465ef41f328f-139754024333312","trial_id":9,"param_name":"ab_desired_bl","param_value_internal":31.0,"distribution":"{\"name\": \"IntDistribution\", \"attributes\": {\"log\": false, \"step\": 1, \"low\": 31, \"high\": 31}}"}
{"op_code":5,"worker_id":"ca27d457-fadf-483a-a30a-465ef41f328f-139754024333312","trial_id":9,"param_name":"a_reset_std","param_value_internal":1e-30,"distribution":"{\"name\": \"FloatDistribution\", \"attributes\": {\"step\": null, \"low\": 1e-30, \"high\": 1e-30, \"log\": true}}"}
{"op_code":5,"worker_id":"ca27d457-fadf-483a-a30a-465ef41f328f-139754024333312","trial_id":9,"param_name":"b_reset_std","param_value_internal":0.001,"distribution":"{\"name\": \"FloatDistribution\", \"attributes\": {\"step\": null, \"low\": 2e-05, \"high\": 30000.0, \"log\": true}}"}
{"op_code":5,"worker_id":"ca27d457-fadf-483a-a30a-465ef41f328f-139754024333312","trial_id":9,"param_name":"c_dw_min","param_value_internal":0.001,"distribution":"{\"name\": \"FloatDistribution\", \"attributes\": {\"step\": null, \"low\": 0.001, \"high\": 0.001, \"log\": true}}"}
{"op_code":5,"worker_id":"ca27d457-fadf-483a-a30a-465ef41f328f-139754024333312","trial_id":9,"param_name":"c_desired_bl","param_value_internal":31.0,"distribution":"{\"name\": \"IntDistribution\", \"attributes\": {\"log\": false, \"step\": 1, \"low\": 31, \"high\": 31}}"}
{"op_code":5,"worker_id":"ca27d457-fadf-483a-a30a-465ef41f328f-139754024333312","trial_id":9,"param_name":"out_noise","param_value_internal":0.0,"distribution":"{\"name\": \"FloatDistribution\", \"attributes\": {\"step\": null, \"low\": 0.0, \"high\": 0.0, \"log\": false}}"}
{"op_code":5,"worker_id":"ca27d457-fadf-483a-a30a-465ef41f328f-139754024333312","trial_id":9,"param_name":"ab_weight_scaling_omega","param_value_internal":0.0,"distribution":"{\"name\": \"FloatDistribution\", \"attributes\": {\"step\": null, \"low\": 0.0, \"high\": 0.0, \"log\": false}}"}
{"op_code":8,"worker_id":"ca27d457-fadf-483a-a30a-465ef41f328f-139754024333312","trial_id":9,"user_attr":{"grad_accum_steps":1}}
{"op_code":7,"worker_id":"ca27d457-fadf-483a-a30a-465ef41f328f-139754024333312","trial_id":9,"step":1,"intermediate_value":92.48}
{"op_code":8,"worker_id":"ca27d457-fadf-483a-a30a-465ef41f328f-139754024333312","trial_id":9,"user_attr":{"train_loss_epoch_1":0.37426593780978273}}
{"op_code":7,"worker_id":"ca27d457-fadf-483a-a30a-465ef41f328f-139754024333312","trial_id":9,"step":2,"intermediate_value":93.96}
{"op_code":8,"worker_id":"ca27d457-fadf-483a-a30a-465ef41f328f-139754024333312","trial_id":9,"user_attr":{"train_loss_epoch_2":0.2274004101260766}}
{"op_code":7,"worker_id":"ca27d457-fadf-483a-a30a-465ef41f328f-139754024333312","trial_id":9,"step":3,"intermediate_value":94.85}
{"op_code":8,"worker_id":"ca27d457-fadf-483a-a30a-465ef41f328f-139754024333312","trial_id":9,"user_attr":{"train_loss_epoch_3":0.18300274352052573}}
{"op_code":7,"worker_id":"ca27d457-fadf-483a-a30a-465ef41f328f-139754024333312","trial_id":9,"step":4,"intermediate_value":95.14}
{"op_code":8,"worker_id":"ca27d457-fadf-483a-a30a-465ef41f328f-139754024333312","trial_id":9,"user_attr":{"train_loss_epoch_4":0.15861316118985097}}
{"op_code":7,"worker_id":"ca27d457-fadf-483a-a30a-465ef41f328f-139754024333312","trial_id":9,"step":5,"intermediate_value":95.73}
{"op_code":8,"worker_id":"ca27d457-fadf-483a-a30a-465ef41f328f-139754024333312","trial_id":9,"user_attr":{"train_loss_epoch_5":0.141305572724641}}
{"op_code":7,"worker_id":"ca27d457-fadf-483a-a30a-465ef41f328f-139754024333312","trial_id":9,"step":6,"intermediate_value":95.73}
{"op_code":8,"worker_id":"ca27d457-fadf-483a-a30a-465ef41f328f-139754024333312","trial_id":9,"user_attr":{"train_loss_epoch_6":0.1295528550491309}}
{"op_code":7,"worker_id":"ca27d457-fadf-483a-a30a-465ef41f328f-139754024333312","trial_id":9,"step":7,"intermediate_value":95.97}
{"op_code":8,"worker_id":"ca27d457-fadf-483a-a30a-465ef41f328f-139754024333312","trial_id":9,"user_attr":{"train_loss_epoch_7":0.1208151584939916}}
{"op_code":7,"worker_id":"ca27d457-fadf-483a-a30a-465ef41f328f-139754024333312","trial_id":9,"step":8,"intermediate_value":96.39}
{"op_code":8,"worker_id":"ca27d457-fadf-483a-a30a-465ef41f328f-139754024333312","trial_id":9,"user_attr":{"train_loss_epoch_8":0.11501629063502145}}
{"op_code":7,"worker_id":"ca27d457-fadf-483a-a30a-465ef41f328f-139754024333312","trial_id":9,"step":9,"intermediate_value":96.39}
{"op_code":8,"worker_id":"ca27d457-fadf-483a-a30a-465ef41f328f-139754024333312","trial_id":9,"user_attr":{"train_loss_epoch_9":0.1079040863620701}}
{"op_code":7,"worker_id":"ca27d457-fadf-483a-a30a-465ef41f328f-139754024333312","trial_id":9,"step":10,"intermediate_value":96.39}
{"op_code":8,"worker_id":"ca27d457-fadf-483a-a30a-465ef41f328f-139754024333312","trial_id":9,"user_attr":{"train_loss_epoch_10":0.10250778536377812}}
{"op_code":7,"worker_id":"ca27d457-fadf-483a-a30a-465ef41f328f-139754024333312","trial_id":9,"step":11,"intermediate_value":96.39}
{"op_code":8,"worker_id":"ca27d457-fadf-483a-a30a-465ef41f328f-139754024333312","trial_id":9,"user_attr":{"train_loss_epoch_11":0.0937817217454489}}
{"op_code":7,"worker_id":"ca27d457-fadf-483a-a30a-465ef41f328f-139754024333312","trial_id":9,"step":12,"intermediate_value":96.39}
{"op_code":8,"worker_id":"ca27d457-fadf-483a-a30a-465ef41f328f-139754024333312","trial_id":9,"user_attr":{"train_loss_epoch_12":0.0906976262007707}}
{"op_code":7,"worker_id":"ca27d457-fadf-483a-a30a-465ef41f328f-139754024333312","trial_id":9,"step":13,"intermediate_value":96.66}
{"op_code":8,"worker_id":"ca27d457-fadf-483a-a30a-465ef41f328f-139754024333312","trial_id":9,"user_attr":{"train_loss_epoch_13":0.08718339949925698}}
{"op_code":7,"worker_id":"ca27d457-fadf-483a-a30a-465ef41f328f-139754024333312","trial_id":9,"step":14,"intermediate_value":96.66}
{"op_code":8,"worker_id":"ca27d457-fadf-483a-a30a-465ef41f328f-139754024333312","trial_id":9,"user_attr":{"train_loss_epoch_14":0.08307326501031825}}
{"op_code":7,"worker_id":"ca27d457-fadf-483a-a30a-465ef41f328f-139754024333312","trial_id":9,"step":15,"intermediate_value":96.66}
{"op_code":8,"worker_id":"ca27d457-fadf-483a-a30a-465ef41f328f-139754024333312","trial_id":9,"user_attr":{"train_loss_epoch_15":0.08069435029309481}}
{"op_code":7,"worker_id":"ca27d457-fadf-483a-a30a-465ef41f328f-139754024333312","trial_id":9,"step":16,"intermediate_value":96.66}
{"op_code":8,"worker_id":"ca27d457-fadf-483a-a30a-465ef41f328f-139754024333312","trial_id":9,"user_attr":{"train_loss_epoch_16":0.0790314779518597}}
{"op_code":7,"worker_id":"ca27d457-fadf-483a-a30a-465ef41f328f-139754024333312","trial_id":9,"step":17,"intermediate_value":96.73}
{"op_code":8,"worker_id":"ca27d457-fadf-483a-a30a-465ef41f328f-139754024333312","trial_id":9,"user_attr":{"train_loss_epoch_17":0.07671676582789846}}
{"op_code":7,"worker_id":"ca27d457-fadf-483a-a30a-465ef41f328f-139754024333312","trial_id":9,"step":18,"intermediate_value":96.79}
{"op_code":8,"worker_id":"ca27d457-fadf-483a-a30a-465ef41f328f-139754024333312","trial_id":9,"user_attr":{"train_loss_epoch_18":0.07421656104940563}}
{"op_code":7,"worker_id":"ca27d457-fadf-483a-a30a-465ef41f328f-139754024333312","trial_id":9,"step":19,"intermediate_value":96.79}
{"op_code":8,"worker_id":"ca27d457-fadf-483a-a30a-465ef41f328f-139754024333312","trial_id":9,"user_attr":{"train_loss_epoch_19":0.07151797453541237}}
{"op_code":7,"worker_id":"ca27d457-fadf-483a-a30a-465ef41f328f-139754024333312","trial_id":9,"step":20,"intermediate_value":96.79}
{"op_code":8,"worker_id":"ca27d457-fadf-483a-a30a-465ef41f328f-139754024333312","trial_id":9,"user_attr":{"train_loss_epoch_20":0.07048837378966624}}
{"op_code":7,"worker_id":"ca27d457-fadf-483a-a30a-465ef41f328f-139754024333312","trial_id":9,"step":21,"intermediate_value":96.79}
{"op_code":8,"worker_id":"ca27d457-fadf-483a-a30a-465ef41f328f-139754024333312","trial_id":9,"user_attr":{"train_loss_epoch_21":0.06662635593106653}}
{"op_code":7,"worker_id":"ca27d457-fadf-483a-a30a-465ef41f328f-139754024333312","trial_id":9,"step":22,"intermediate_value":96.79}
{"op_code":8,"worker_id":"ca27d457-fadf-483a-a30a-465ef41f328f-139754024333312","trial_id":9,"user_attr":{"train_loss_epoch_22":0.06564018951564121}}
{"op_code":7,"worker_id":"ca27d457-fadf-483a-a30a-465ef41f328f-139754024333312","trial_id":9,"step":23,"intermediate_value":96.79}
{"op_code":8,"worker_id":"ca27d457-fadf-483a-a30a-465ef41f328f-139754024333312","trial_id":9,"user_attr":{"train_loss_epoch_23":0.06387608884292632}}
{"op_code":6,"worker_id":"ca27d457-fadf-483a-a30a-465ef41f328f-139754024333312","trial_id":9,"state":1,"values":[96.79],"datetime_complete":"2026-05-07T22:26:41.322805"}
{"op_code":4,"worker_id":"ca27d457-fadf-483a-a30a-465ef41f328f-139754024333312","study_id":0,"datetime_start":"2026-05-07T22:26:41.331083"}
{"op_code":5,"worker_id":"ca27d457-fadf-483a-a30a-465ef41f328f-139754024333312","trial_id":10,"param_name":"learning_rate","param_value_internal":0.39797529098281087,"distribution":"{\"name\": \"FloatDistribution\", \"attributes\": {\"step\": null, \"low\": 0.006, \"high\": 5.0, \"log\": true}}"}
{"op_code":5,"worker_id":"ca27d457-fadf-483a-a30a-465ef41f328f-139754024333312","trial_id":10,"param_name":"transfer_lr","param_value_internal":0.000590576985091153,"distribution":"{\"name\": \"FloatDistribution\", \"attributes\": {\"step\": null, \"low\": 1e-05, \"high\": 0.03, \"log\": true}}"}
{"op_code":5,"worker_id":"ca27d457-fadf-483a-a30a-465ef41f328f-139754024333312","trial_id":10,"param_name":"transfer_every","param_value_internal":10.0,"distribution":"{\"name\": \"IntDistribution\", \"attributes\": {\"log\": true, \"step\": 1, \"low\": 10, \"high\": 10}}"}
{"op_code":5,"worker_id":"ca27d457-fadf-483a-a30a-465ef41f328f-139754024333312","trial_id":10,"param_name":"rank_exp","param_value_internal":3.0,"distribution":"{\"name\": \"IntDistribution\", \"attributes\": {\"log\": false, \"step\": 1, \"low\": 3, \"high\": 3}}"}
{"op_code":5,"worker_id":"ca27d457-fadf-483a-a30a-465ef41f328f-139754024333312","trial_id":10,"param_name":"fast_lr","param_value_internal":0.9716631257522054,"distribution":"{\"name\": \"FloatDistribution\", \"attributes\": {\"step\": null, \"low\": 0.0007, \"high\": 20000.0, \"log\": true}}"}
{"op_code":5,"worker_id":"ca27d457-fadf-483a-a30a-465ef41f328f-139754024333312","trial_id":10,"param_name":"tau_sec","param_value_internal":0.0,"distribution":"{\"name\": \"FloatDistribution\", \"attributes\": {\"step\": null, \"low\": 0.0, \"high\": 0.0, \"log\": false}}"}
{"op_code":5,"worker_id":"ca27d457-fadf-483a-a30a-465ef41f328f-139754024333312","trial_id":10,"param_name":"ab_dw_min","param_value_internal":0.001981,"distribution":"{\"name\": \"FloatDistribution\", \"attributes\": {\"step\": null, \"low\": 0.001981, \"high\": 0.001981, \"log\": true}}"}
{"op_code":5,"worker_id":"ca27d457-fadf-483a-a30a-465ef41f328f-139754024333312","trial_id":10,"param_name":"ab_desired_bl","param_value_internal":31.0,"distribution":"{\"name\": \"IntDistribution\", \"attributes\": {\"log\": false, \"step\": 1, \"low\": 31, \"high\": 31}}"}
{"op_code":5,"worker_id":"ca27d457-fadf-483a-a30a-465ef41f328f-139754024333312","trial_id":10,"param_name":"a_reset_std","param_value_internal":1e-30,"distribution":"{\"name\": \"FloatDistribution\", \"attributes\": {\"step\": null, \"low\": 1e-30, \"high\": 1e-30, \"log\": true}}"}
{"op_code":5,"worker_id":"ca27d457-fadf-483a-a30a-465ef41f328f-139754024333312","trial_id":10,"param_name":"b_reset_std","param_value_internal":340.2794008851444,"distribution":"{\"name\": \"FloatDistribution\", \"attributes\": {\"step\": null, \"low\": 2e-05, \"high\": 30000.0, \"log\": true}}"}
{"op_code":5,"worker_id":"ca27d457-fadf-483a-a30a-465ef41f328f-139754024333312","trial_id":10,"param_name":"c_dw_min","param_value_internal":0.001,"distribution":"{\"name\": \"FloatDistribution\", \"attributes\": {\"step\": null, \"low\": 0.001, \"high\": 0.001, \"log\": true}}"}
{"op_code":5,"worker_id":"ca27d457-fadf-483a-a30a-465ef41f328f-139754024333312","trial_id":10,"param_name":"c_desired_bl","param_value_internal":31.0,"distribution":"{\"name\": \"IntDistribution\", \"attributes\": {\"log\": false, \"step\": 1, \"low\": 31, \"high\": 31}}"}
{"op_code":5,"worker_id":"ca27d457-fadf-483a-a30a-465ef41f328f-139754024333312","trial_id":10,"param_name":"out_noise","param_value_internal":0.0,"distribution":"{\"name\": \"FloatDistribution\", \"attributes\": {\"step\": null, \"low\": 0.0, \"high\": 0.0, \"log\": false}}"}
{"op_code":5,"worker_id":"ca27d457-fadf-483a-a30a-465ef41f328f-139754024333312","trial_id":10,"param_name":"ab_weight_scaling_omega","param_value_internal":0.0,"distribution":"{\"name\": \"FloatDistribution\", \"attributes\": {\"step\": null, \"low\": 0.0, \"high\": 0.0, \"log\": false}}"}
{"op_code":8,"worker_id":"ca27d457-fadf-483a-a30a-465ef41f328f-139754024333312","trial_id":10,"user_attr":{"grad_accum_steps":1}}
{"op_code":7,"worker_id":"ca27d457-fadf-483a-a30a-465ef41f328f-139754024333312","trial_id":10,"step":1,"intermediate_value":92.04}
{"op_code":8,"worker_id":"ca27d457-fadf-483a-a30a-465ef41f328f-139754024333312","trial_id":10,"user_attr":{"train_loss_epoch_1":0.3972395396451833}}
{"op_code":7,"worker_id":"ca27d457-fadf-483a-a30a-465ef41f328f-139754024333312","trial_id":10,"step":2,"intermediate_value":93.24}
{"op_code":8,"worker_id":"ca27d457-fadf-483a-a30a-465ef41f328f-139754024333312","trial_id":10,"user_attr":{"train_loss_epoch_2":0.2485195745044807}}
{"op_code":7,"worker_id":"ca27d457-fadf-483a-a30a-465ef41f328f-139754024333312","trial_id":10,"step":3,"intermediate_value":93.52}
{"op_code":8,"worker_id":"ca27d457-fadf-483a-a30a-465ef41f328f-139754024333312","trial_id":10,"user_attr":{"train_loss_epoch_3":0.20863170831648906}}
{"op_code":7,"worker_id":"ca27d457-fadf-483a-a30a-465ef41f328f-139754024333312","trial_id":10,"step":4,"intermediate_value":94.36}
{"op_code":8,"worker_id":"ca27d457-fadf-483a-a30a-465ef41f328f-139754024333312","trial_id":10,"user_attr":{"train_loss_epoch_4":0.1859012368574008}}
{"op_code":7,"worker_id":"ca27d457-fadf-483a-a30a-465ef41f328f-139754024333312","trial_id":10,"step":5,"intermediate_value":95.06}
{"op_code":8,"worker_id":"ca27d457-fadf-483a-a30a-465ef41f328f-139754024333312","trial_id":10,"user_attr":{"train_loss_epoch_5":0.16958593712178374}}
{"op_code":7,"worker_id":"ca27d457-fadf-483a-a30a-465ef41f328f-139754024333312","trial_id":10,"step":6,"intermediate_value":95.06}
{"op_code":8,"worker_id":"ca27d457-fadf-483a-a30a-465ef41f328f-139754024333312","trial_id":10,"user_attr":{"train_loss_epoch_6":0.15702886699534047}}
{"op_code":7,"worker_id":"ca27d457-fadf-483a-a30a-465ef41f328f-139754024333312","trial_id":10,"step":7,"intermediate_value":95.48}
{"op_code":8,"worker_id":"ca27d457-fadf-483a-a30a-465ef41f328f-139754024333312","trial_id":10,"user_attr":{"train_loss_epoch_7":0.14824430152638826}}
{"op_code":7,"worker_id":"ca27d457-fadf-483a-a30a-465ef41f328f-139754024333312","trial_id":10,"step":8,"intermediate_value":95.64}
{"op_code":8,"worker_id":"ca27d457-fadf-483a-a30a-465ef41f328f-139754024333312","trial_id":10,"user_attr":{"train_loss_epoch_8":0.139570667489823}}
{"op_code":7,"worker_id":"ca27d457-fadf-483a-a30a-465ef41f328f-139754024333312","trial_id":10,"step":9,"intermediate_value":95.73}
{"op_code":8,"worker_id":"ca27d457-fadf-483a-a30a-465ef41f328f-139754024333312","trial_id":10,"user_attr":{"train_loss_epoch_9":0.1347437900389785}}
{"op_code":7,"worker_id":"ca27d457-fadf-483a-a30a-465ef41f328f-139754024333312","trial_id":10,"step":10,"intermediate_value":95.73}
{"op_code":8,"worker_id":"ca27d457-fadf-483a-a30a-465ef41f328f-139754024333312","trial_id":10,"user_attr":{"train_loss_epoch_10":0.13113650789103115}}
{"op_code":7,"worker_id":"ca27d457-fadf-483a-a30a-465ef41f328f-139754024333312","trial_id":10,"step":11,"intermediate_value":95.9}
{"op_code":8,"worker_id":"ca27d457-fadf-483a-a30a-465ef41f328f-139754024333312","trial_id":10,"user_attr":{"train_loss_epoch_11":0.12163193834754926}}
{"op_code":7,"worker_id":"ca27d457-fadf-483a-a30a-465ef41f328f-139754024333312","trial_id":10,"step":12,"intermediate_value":95.9}
{"op_code":8,"worker_id":"ca27d457-fadf-483a-a30a-465ef41f328f-139754024333312","trial_id":10,"user_attr":{"train_loss_epoch_12":0.11857117539041363}}
{"op_code":7,"worker_id":"ca27d457-fadf-483a-a30a-465ef41f328f-139754024333312","trial_id":10,"step":13,"intermediate_value":96.1}
{"op_code":8,"worker_id":"ca27d457-fadf-483a-a30a-465ef41f328f-139754024333312","trial_id":10,"user_attr":{"train_loss_epoch_13":0.11676294475035277}}
{"op_code":7,"worker_id":"ca27d457-fadf-483a-a30a-465ef41f328f-139754024333312","trial_id":10,"step":14,"intermediate_value":96.1}
{"op_code":8,"worker_id":"ca27d457-fadf-483a-a30a-465ef41f328f-139754024333312","trial_id":10,"user_attr":{"train_loss_epoch_14":0.11432402020296467}}
{"op_code":7,"worker_id":"ca27d457-fadf-483a-a30a-465ef41f328f-139754024333312","trial_id":10,"step":15,"intermediate_value":96.1}
{"op_code":8,"worker_id":"ca27d457-fadf-483a-a30a-465ef41f328f-139754024333312","trial_id":10,"user_attr":{"train_loss_epoch_15":0.11201465695893872}}
{"op_code":7,"worker_id":"ca27d457-fadf-483a-a30a-465ef41f328f-139754024333312","trial_id":10,"step":16,"intermediate_value":96.14}
{"op_code":8,"worker_id":"ca27d457-fadf-483a-a30a-465ef41f328f-139754024333312","trial_id":10,"user_attr":{"train_loss_epoch_16":0.10894074375782885}}
{"op_code":7,"worker_id":"ca27d457-fadf-483a-a30a-465ef41f328f-139754024333312","trial_id":10,"step":17,"intermediate_value":96.26}
{"op_code":8,"worker_id":"ca27d457-fadf-483a-a30a-465ef41f328f-139754024333312","trial_id":10,"user_attr":{"train_loss_epoch_17":0.10635302064052697}}
{"op_code":7,"worker_id":"ca27d457-fadf-483a-a30a-465ef41f328f-139754024333312","trial_id":10,"step":18,"intermediate_value":96.26}
{"op_code":8,"worker_id":"ca27d457-fadf-483a-a30a-465ef41f328f-139754024333312","trial_id":10,"user_attr":{"train_loss_epoch_18":0.10544906651922889}}
{"op_code":7,"worker_id":"ca27d457-fadf-483a-a30a-465ef41f328f-139754024333312","trial_id":10,"step":19,"intermediate_value":96.26}
{"op_code":8,"worker_id":"ca27d457-fadf-483a-a30a-465ef41f328f-139754024333312","trial_id":10,"user_attr":{"train_loss_epoch_19":0.10477106042230117}}
{"op_code":7,"worker_id":"ca27d457-fadf-483a-a30a-465ef41f328f-139754024333312","trial_id":10,"step":20,"intermediate_value":96.26}
{"op_code":8,"worker_id":"ca27d457-fadf-483a-a30a-465ef41f328f-139754024333312","trial_id":10,"user_attr":{"train_loss_epoch_20":0.10292942277086314}}
{"op_code":7,"worker_id":"ca27d457-fadf-483a-a30a-465ef41f328f-139754024333312","trial_id":10,"step":21,"intermediate_value":96.26}
{"op_code":8,"worker_id":"ca27d457-fadf-483a-a30a-465ef41f328f-139754024333312","trial_id":10,"user_attr":{"train_loss_epoch_21":0.09780932016976511}}
{"op_code":7,"worker_id":"ca27d457-fadf-483a-a30a-465ef41f328f-139754024333312","trial_id":10,"step":22,"intermediate_value":96.26}
{"op_code":8,"worker_id":"ca27d457-fadf-483a-a30a-465ef41f328f-139754024333312","trial_id":10,"user_attr":{"train_loss_epoch_22":0.09742127759143837}}
{"op_code":6,"worker_id":"ca27d457-fadf-483a-a30a-465ef41f328f-139754024333312","trial_id":10,"state":1,"values":[96.26],"datetime_complete":"2026-05-07T22:31:29.213663"}
{"op_code":4,"worker_id":"ca27d457-fadf-483a-a30a-465ef41f328f-139754024333312","study_id":0,"datetime_start":"2026-05-07T22:31:29.217386"}
{"op_code":5,"worker_id":"ca27d457-fadf-483a-a30a-465ef41f328f-139754024333312","trial_id":11,"param_name":"learning_rate","param_value_internal":4.645981003072711,"distribution":"{\"name\": \"FloatDistribution\", \"attributes\": {\"step\": null, \"low\": 0.006, \"high\": 5.0, \"log\": true}}"}
{"op_code":5,"worker_id":"ca27d457-fadf-483a-a30a-465ef41f328f-139754024333312","trial_id":11,"param_name":"transfer_lr","param_value_internal":0.03,"distribution":"{\"name\": \"FloatDistribution\", \"attributes\": {\"step\": null, \"low\": 1e-05, \"high\": 0.03, \"log\": true}}"}
{"op_code":5,"worker_id":"ca27d457-fadf-483a-a30a-465ef41f328f-139754024333312","trial_id":11,"param_name":"transfer_every","param_value_internal":10.0,"distribution":"{\"name\": \"IntDistribution\", \"attributes\": {\"log\": true, \"step\": 1, \"low\": 10, \"high\": 10}}"}
{"op_code":5,"worker_id":"ca27d457-fadf-483a-a30a-465ef41f328f-139754024333312","trial_id":11,"param_name":"rank_exp","param_value_internal":3.0,"distribution":"{\"name\": \"IntDistribution\", \"attributes\": {\"log\": false, \"step\": 1, \"low\": 3, \"high\": 3}}"}
{"op_code":5,"worker_id":"ca27d457-fadf-483a-a30a-465ef41f328f-139754024333312","trial_id":11,"param_name":"fast_lr","param_value_internal":0.0007,"distribution":"{\"name\": \"FloatDistribution\", \"attributes\": {\"step\": null, \"low\": 0.0007, \"high\": 20000.0, \"log\": true}}"}
{"op_code":5,"worker_id":"ca27d457-fadf-483a-a30a-465ef41f328f-139754024333312","trial_id":11,"param_name":"tau_sec","param_value_internal":0.0,"distribution":"{\"name\": \"FloatDistribution\", \"attributes\": {\"step\": null, \"low\": 0.0, \"high\": 0.0, \"log\": false}}"}
{"op_code":5,"worker_id":"ca27d457-fadf-483a-a30a-465ef41f328f-139754024333312","trial_id":11,"param_name":"ab_dw_min","param_value_internal":0.001981,"distribution":"{\"name\": \"FloatDistribution\", \"attributes\": {\"step\": null, \"low\": 0.001981, \"high\": 0.001981, \"log\": true}}"}
{"op_code":5,"worker_id":"ca27d457-fadf-483a-a30a-465ef41f328f-139754024333312","trial_id":11,"param_name":"ab_desired_bl","param_value_internal":31.0,"distribution":"{\"name\": \"IntDistribution\", \"attributes\": {\"log\": false, \"step\": 1, \"low\": 31, \"high\": 31}}"}
{"op_code":5,"worker_id":"ca27d457-fadf-483a-a30a-465ef41f328f-139754024333312","trial_id":11,"param_name":"a_reset_std","param_value_internal":1e-30,"distribution":"{\"name\": \"FloatDistribution\", \"attributes\": {\"step\": null, \"low\": 1e-30, \"high\": 1e-30, \"log\": true}}"}
{"op_code":5,"worker_id":"ca27d457-fadf-483a-a30a-465ef41f328f-139754024333312","trial_id":11,"param_name":"b_reset_std","param_value_internal":2.132150282869018e-05,"distribution":"{\"name\": \"FloatDistribution\", \"attributes\": {\"step\": null, \"low\": 2e-05, \"high\": 30000.0, \"log\": true}}"}
{"op_code":5,"worker_id":"ca27d457-fadf-483a-a30a-465ef41f328f-139754024333312","trial_id":11,"param_name":"c_dw_min","param_value_internal":0.001,"distribution":"{\"name\": \"FloatDistribution\", \"attributes\": {\"step\": null, \"low\": 0.001, \"high\": 0.001, \"log\": true}}"}
{"op_code":5,"worker_id":"ca27d457-fadf-483a-a30a-465ef41f328f-139754024333312","trial_id":11,"param_name":"c_desired_bl","param_value_internal":31.0,"distribution":"{\"name\": \"IntDistribution\", \"attributes\": {\"log\": false, \"step\": 1, \"low\": 31, \"high\": 31}}"}
{"op_code":5,"worker_id":"ca27d457-fadf-483a-a30a-465ef41f328f-139754024333312","trial_id":11,"param_name":"out_noise","param_value_internal":0.0,"distribution":"{\"name\": \"FloatDistribution\", \"attributes\": {\"step\": null, \"low\": 0.0, \"high\": 0.0, \"log\": false}}"}
{"op_code":5,"worker_id":"ca27d457-fadf-483a-a30a-465ef41f328f-139754024333312","trial_id":11,"param_name":"ab_weight_scaling_omega","param_value_internal":0.0,"distribution":"{\"name\": \"FloatDistribution\", \"attributes\": {\"step\": null, \"low\": 0.0, \"high\": 0.0, \"log\": false}}"}
{"op_code":8,"worker_id":"ca27d457-fadf-483a-a30a-465ef41f328f-139754024333312","trial_id":11,"user_attr":{"grad_accum_steps":1}}
{"op_code":7,"worker_id":"ca27d457-fadf-483a-a30a-465ef41f328f-139754024333312","trial_id":11,"step":1,"intermediate_value":88.03}
{"op_code":8,"worker_id":"ca27d457-fadf-483a-a30a-465ef41f328f-139754024333312","trial_id":11,"user_attr":{"train_loss_epoch_1":0.49325411880353115}}
{"op_code":7,"worker_id":"ca27d457-fadf-483a-a30a-465ef41f328f-139754024333312","trial_id":11,"step":2,"intermediate_value":89.7}
{"op_code":8,"worker_id":"ca27d457-fadf-483a-a30a-465ef41f328f-139754024333312","trial_id":11,"user_attr":{"train_loss_epoch_2":0.40894127842078587}}
{"op_code":7,"worker_id":"ca27d457-fadf-483a-a30a-465ef41f328f-139754024333312","trial_id":11,"step":3,"intermediate_value":89.7}
{"op_code":8,"worker_id":"ca27d457-fadf-483a-a30a-465ef41f328f-139754024333312","trial_id":11,"user_attr":{"train_loss_epoch_3":0.38613030456626085}}
{"op_code":7,"worker_id":"ca27d457-fadf-483a-a30a-465ef41f328f-139754024333312","trial_id":11,"step":4,"intermediate_value":89.7}
{"op_code":8,"worker_id":"ca27d457-fadf-483a-a30a-465ef41f328f-139754024333312","trial_id":11,"user_attr":{"train_loss_epoch_4":0.37949774005631015}}
{"op_code":7,"worker_id":"ca27d457-fadf-483a-a30a-465ef41f328f-139754024333312","trial_id":11,"step":5,"intermediate_value":89.7}
{"op_code":8,"worker_id":"ca27d457-fadf-483a-a30a-465ef41f328f-139754024333312","trial_id":11,"user_attr":{"train_loss_epoch_5":0.3749573778972697}}
{"op_code":7,"worker_id":"ca27d457-fadf-483a-a30a-465ef41f328f-139754024333312","trial_id":11,"step":6,"intermediate_value":89.7}
{"op_code":8,"worker_id":"ca27d457-fadf-483a-a30a-465ef41f328f-139754024333312","trial_id":11,"user_attr":{"train_loss_epoch_6":0.3779983815274386}}
{"op_code":7,"worker_id":"ca27d457-fadf-483a-a30a-465ef41f328f-139754024333312","trial_id":11,"step":7,"intermediate_value":89.7}
{"op_code":8,"worker_id":"ca27d457-fadf-483a-a30a-465ef41f328f-139754024333312","trial_id":11,"user_attr":{"train_loss_epoch_7":0.37951730088447966}}
{"op_code":6,"worker_id":"ca27d457-fadf-483a-a30a-465ef41f328f-139754024333312","trial_id":11,"state":1,"values":[89.7],"datetime_complete":"2026-05-07T22:33:01.620214"}
{"op_code":4,"worker_id":"ca27d457-fadf-483a-a30a-465ef41f328f-139754024333312","study_id":0,"datetime_start":"2026-05-07T22:33:01.624226"}
{"op_code":5,"worker_id":"ca27d457-fadf-483a-a30a-465ef41f328f-139754024333312","trial_id":12,"param_name":"learning_rate","param_value_internal":4.93434376720268,"distribution":"{\"name\": \"FloatDistribution\", \"attributes\": {\"step\": null, \"low\": 0.006, \"high\": 5.0, \"log\": true}}"}
{"op_code":5,"worker_id":"ca27d457-fadf-483a-a30a-465ef41f328f-139754024333312","trial_id":12,"param_name":"transfer_lr","param_value_internal":0.0015596310755026292,"distribution":"{\"name\": \"FloatDistribution\", \"attributes\": {\"step\": null, \"low\": 1e-05, \"high\": 0.03, \"log\": true}}"}
{"op_code":5,"worker_id":"ca27d457-fadf-483a-a30a-465ef41f328f-139754024333312","trial_id":12,"param_name":"transfer_every","param_value_internal":10.0,"distribution":"{\"name\": \"IntDistribution\", \"attributes\": {\"log\": true, \"step\": 1, \"low\": 10, \"high\": 10}}"}
{"op_code":5,"worker_id":"ca27d457-fadf-483a-a30a-465ef41f328f-139754024333312","trial_id":12,"param_name":"rank_exp","param_value_internal":3.0,"distribution":"{\"name\": \"IntDistribution\", \"attributes\": {\"log\": false, \"step\": 1, \"low\": 3, \"high\": 3}}"}
{"op_code":5,"worker_id":"ca27d457-fadf-483a-a30a-465ef41f328f-139754024333312","trial_id":12,"param_name":"fast_lr","param_value_internal":0.22798793742503226,"distribution":"{\"name\": \"FloatDistribution\", \"attributes\": {\"step\": null, \"low\": 0.0007, \"high\": 20000.0, \"log\": true}}"}
{"op_code":5,"worker_id":"ca27d457-fadf-483a-a30a-465ef41f328f-139754024333312","trial_id":12,"param_name":"tau_sec","param_value_internal":0.0,"distribution":"{\"name\": \"FloatDistribution\", \"attributes\": {\"step\": null, \"low\": 0.0, \"high\": 0.0, \"log\": false}}"}
{"op_code":5,"worker_id":"ca27d457-fadf-483a-a30a-465ef41f328f-139754024333312","trial_id":12,"param_name":"ab_dw_min","param_value_internal":0.001981,"distribution":"{\"name\": \"FloatDistribution\", \"attributes\": {\"step\": null, \"low\": 0.001981, \"high\": 0.001981, \"log\": true}}"}
{"op_code":5,"worker_id":"ca27d457-fadf-483a-a30a-465ef41f328f-139754024333312","trial_id":12,"param_name":"ab_desired_bl","param_value_internal":31.0,"distribution":"{\"name\": \"IntDistribution\", \"attributes\": {\"log\": false, \"step\": 1, \"low\": 31, \"high\": 31}}"}
{"op_code":5,"worker_id":"ca27d457-fadf-483a-a30a-465ef41f328f-139754024333312","trial_id":12,"param_name":"a_reset_std","param_value_internal":1e-30,"distribution":"{\"name\": \"FloatDistribution\", \"attributes\": {\"step\": null, \"low\": 1e-30, \"high\": 1e-30, \"log\": true}}"}
{"op_code":5,"worker_id":"ca27d457-fadf-483a-a30a-465ef41f328f-139754024333312","trial_id":12,"param_name":"b_reset_std","param_value_internal":27246.727387009752,"distribution":"{\"name\": \"FloatDistribution\", \"attributes\": {\"step\": null, \"low\": 2e-05, \"high\": 30000.0, \"log\": true}}"}
{"op_code":5,"worker_id":"ca27d457-fadf-483a-a30a-465ef41f328f-139754024333312","trial_id":12,"param_name":"c_dw_min","param_value_internal":0.001,"distribution":"{\"name\": \"FloatDistribution\", \"attributes\": {\"step\": null, \"low\": 0.001, \"high\": 0.001, \"log\": true}}"}
{"op_code":5,"worker_id":"ca27d457-fadf-483a-a30a-465ef41f328f-139754024333312","trial_id":12,"param_name":"c_desired_bl","param_value_internal":31.0,"distribution":"{\"name\": \"IntDistribution\", \"attributes\": {\"log\": false, \"step\": 1, \"low\": 31, \"high\": 31}}"}
{"op_code":5,"worker_id":"ca27d457-fadf-483a-a30a-465ef41f328f-139754024333312","trial_id":12,"param_name":"out_noise","param_value_internal":0.0,"distribution":"{\"name\": \"FloatDistribution\", \"attributes\": {\"step\": null, \"low\": 0.0, \"high\": 0.0, \"log\": false}}"}
{"op_code":5,"worker_id":"ca27d457-fadf-483a-a30a-465ef41f328f-139754024333312","trial_id":12,"param_name":"ab_weight_scaling_omega","param_value_internal":0.0,"distribution":"{\"name\": \"FloatDistribution\", \"attributes\": {\"step\": null, \"low\": 0.0, \"high\": 0.0, \"log\": false}}"}
{"op_code":8,"worker_id":"ca27d457-fadf-483a-a30a-465ef41f328f-139754024333312","trial_id":12,"user_attr":{"grad_accum_steps":1}}
{"op_code":7,"worker_id":"ca27d457-fadf-483a-a30a-465ef41f328f-139754024333312","trial_id":12,"step":1,"intermediate_value":91.89}
{"op_code":8,"worker_id":"ca27d457-fadf-483a-a30a-465ef41f328f-139754024333312","trial_id":12,"user_attr":{"train_loss_epoch_1":0.40032394587405834}}
{"op_code":7,"worker_id":"ca27d457-fadf-483a-a30a-465ef41f328f-139754024333312","trial_id":12,"step":2,"intermediate_value":92.41}
{"op_code":8,"worker_id":"ca27d457-fadf-483a-a30a-465ef41f328f-139754024333312","trial_id":12,"user_attr":{"train_loss_epoch_2":0.25248538650699387}}
{"op_code":7,"worker_id":"ca27d457-fadf-483a-a30a-465ef41f328f-139754024333312","trial_id":12,"step":3,"intermediate_value":94.31}
{"op_code":8,"worker_id":"ca27d457-fadf-483a-a30a-465ef41f328f-139754024333312","trial_id":12,"user_attr":{"train_loss_epoch_3":0.21370900338138343}}
{"op_code":7,"worker_id":"ca27d457-fadf-483a-a30a-465ef41f328f-139754024333312","trial_id":12,"step":4,"intermediate_value":94.67}
{"op_code":8,"worker_id":"ca27d457-fadf-483a-a30a-465ef41f328f-139754024333312","trial_id":12,"user_attr":{"train_loss_epoch_4":0.19676441436550066}}
{"op_code":7,"worker_id":"ca27d457-fadf-483a-a30a-465ef41f328f-139754024333312","trial_id":12,"step":5,"intermediate_value":94.67}
{"op_code":8,"worker_id":"ca27d457-fadf-483a-a30a-465ef41f328f-139754024333312","trial_id":12,"user_attr":{"train_loss_epoch_5":0.1853865116312385}}
{"op_code":7,"worker_id":"ca27d457-fadf-483a-a30a-465ef41f328f-139754024333312","trial_id":12,"step":6,"intermediate_value":95.06}
{"op_code":8,"worker_id":"ca27d457-fadf-483a-a30a-465ef41f328f-139754024333312","trial_id":12,"user_attr":{"train_loss_epoch_6":0.1721034295686177}}
{"op_code":7,"worker_id":"ca27d457-fadf-483a-a30a-465ef41f328f-139754024333312","trial_id":12,"step":7,"intermediate_value":95.06}
{"op_code":8,"worker_id":"ca27d457-fadf-483a-a30a-465ef41f328f-139754024333312","trial_id":12,"user_attr":{"train_loss_epoch_7":0.16352450772266047}}
{"op_code":7,"worker_id":"ca27d457-fadf-483a-a30a-465ef41f328f-139754024333312","trial_id":12,"step":8,"intermediate_value":95.06}
{"op_code":8,"worker_id":"ca27d457-fadf-483a-a30a-465ef41f328f-139754024333312","trial_id":12,"user_attr":{"train_loss_epoch_8":0.15717515593785833}}
{"op_code":7,"worker_id":"ca27d457-fadf-483a-a30a-465ef41f328f-139754024333312","trial_id":12,"step":9,"intermediate_value":95.85}
{"op_code":8,"worker_id":"ca27d457-fadf-483a-a30a-465ef41f328f-139754024333312","trial_id":12,"user_attr":{"train_loss_epoch_9":0.1508605650850514}}
{"op_code":7,"worker_id":"ca27d457-fadf-483a-a30a-465ef41f328f-139754024333312","trial_id":12,"step":10,"intermediate_value":95.85}
{"op_code":8,"worker_id":"ca27d457-fadf-483a-a30a-465ef41f328f-139754024333312","trial_id":12,"user_attr":{"train_loss_epoch_10":0.14878612174900738}}
{"op_code":7,"worker_id":"ca27d457-fadf-483a-a30a-465ef41f328f-139754024333312","trial_id":12,"step":11,"intermediate_value":96.08}
{"op_code":8,"worker_id":"ca27d457-fadf-483a-a30a-465ef41f328f-139754024333312","trial_id":12,"user_attr":{"train_loss_epoch_11":0.11108335383585903}}
{"op_code":7,"worker_id":"ca27d457-fadf-483a-a30a-465ef41f328f-139754024333312","trial_id":12,"step":12,"intermediate_value":96.08}
{"op_code":8,"worker_id":"ca27d457-fadf-483a-a30a-465ef41f328f-139754024333312","trial_id":12,"user_attr":{"train_loss_epoch_12":0.1051233696437546}}
{"op_code":7,"worker_id":"ca27d457-fadf-483a-a30a-465ef41f328f-139754024333312","trial_id":12,"step":13,"intermediate_value":96.3}
{"op_code":8,"worker_id":"ca27d457-fadf-483a-a30a-465ef41f328f-139754024333312","trial_id":12,"user_attr":{"train_loss_epoch_13":0.10287335252008045}}
{"op_code":7,"worker_id":"ca27d457-fadf-483a-a30a-465ef41f328f-139754024333312","trial_id":12,"step":14,"intermediate_value":96.3}
{"op_code":8,"worker_id":"ca27d457-fadf-483a-a30a-465ef41f328f-139754024333312","trial_id":12,"user_attr":{"train_loss_epoch_14":0.10050824783625267}}
{"op_code":7,"worker_id":"ca27d457-fadf-483a-a30a-465ef41f328f-139754024333312","trial_id":12,"step":15,"intermediate_value":96.3}
{"op_code":8,"worker_id":"ca27d457-fadf-483a-a30a-465ef41f328f-139754024333312","trial_id":12,"user_attr":{"train_loss_epoch_15":0.09832827745577388}}
{"op_code":7,"worker_id":"ca27d457-fadf-483a-a30a-465ef41f328f-139754024333312","trial_id":12,"step":16,"intermediate_value":96.3}
{"op_code":8,"worker_id":"ca27d457-fadf-483a-a30a-465ef41f328f-139754024333312","trial_id":12,"user_attr":{"train_loss_epoch_16":0.0952593100139065}}
{"op_code":7,"worker_id":"ca27d457-fadf-483a-a30a-465ef41f328f-139754024333312","trial_id":12,"step":17,"intermediate_value":96.3}
{"op_code":8,"worker_id":"ca27d457-fadf-483a-a30a-465ef41f328f-139754024333312","trial_id":12,"user_attr":{"train_loss_epoch_17":0.0937261926645695}}
{"op_code":7,"worker_id":"ca27d457-fadf-483a-a30a-465ef41f328f-139754024333312","trial_id":12,"step":18,"intermediate_value":96.3}
{"op_code":8,"worker_id":"ca27d457-fadf-483a-a30a-465ef41f328f-139754024333312","trial_id":12,"user_attr":{"train_loss_epoch_18":0.09201589539554765}}
{"op_code":6,"worker_id":"ca27d457-fadf-483a-a30a-465ef41f328f-139754024333312","trial_id":12,"state":1,"values":[96.3],"datetime_complete":"2026-05-07T22:36:54.760390"}
{"op_code":4,"worker_id":"ca27d457-fadf-483a-a30a-465ef41f328f-139754024333312","study_id":0,"datetime_start":"2026-05-07T22:36:54.762531"}
{"op_code":5,"worker_id":"ca27d457-fadf-483a-a30a-465ef41f328f-139754024333312","trial_id":13,"param_name":"learning_rate","param_value_internal":0.00643328575497276,"distribution":"{\"name\": \"FloatDistribution\", \"attributes\": {\"step\": null, \"low\": 0.006, \"high\": 5.0, \"log\": true}}"}
{"op_code":5,"worker_id":"ca27d457-fadf-483a-a30a-465ef41f328f-139754024333312","trial_id":13,"param_name":"transfer_lr","param_value_internal":0.003984970037300788,"distribution":"{\"name\": \"FloatDistribution\", \"attributes\": {\"step\": null, \"low\": 1e-05, \"high\": 0.03, \"log\": true}}"}
{"op_code":5,"worker_id":"ca27d457-fadf-483a-a30a-465ef41f328f-139754024333312","trial_id":13,"param_name":"transfer_every","param_value_internal":10.0,"distribution":"{\"name\": \"IntDistribution\", \"attributes\": {\"log\": true, \"step\": 1, \"low\": 10, \"high\": 10}}"}
{"op_code":5,"worker_id":"ca27d457-fadf-483a-a30a-465ef41f328f-139754024333312","trial_id":13,"param_name":"rank_exp","param_value_internal":3.0,"distribution":"{\"name\": \"IntDistribution\", \"attributes\": {\"log\": false, \"step\": 1, \"low\": 3, \"high\": 3}}"}
{"op_code":5,"worker_id":"ca27d457-fadf-483a-a30a-465ef41f328f-139754024333312","trial_id":13,"param_name":"fast_lr","param_value_internal":3.565830170053166,"distribution":"{\"name\": \"FloatDistribution\", \"attributes\": {\"step\": null, \"low\": 0.0007, \"high\": 20000.0, \"log\": true}}"}
{"op_code":5,"worker_id":"ca27d457-fadf-483a-a30a-465ef41f328f-139754024333312","trial_id":13,"param_name":"tau_sec","param_value_internal":0.0,"distribution":"{\"name\": \"FloatDistribution\", \"attributes\": {\"step\": null, \"low\": 0.0, \"high\": 0.0, \"log\": false}}"}
{"op_code":5,"worker_id":"ca27d457-fadf-483a-a30a-465ef41f328f-139754024333312","trial_id":13,"param_name":"ab_dw_min","param_value_internal":0.001981,"distribution":"{\"name\": \"FloatDistribution\", \"attributes\": {\"step\": null, \"low\": 0.001981, \"high\": 0.001981, \"log\": true}}"}
{"op_code":5,"worker_id":"ca27d457-fadf-483a-a30a-465ef41f328f-139754024333312","trial_id":13,"param_name":"ab_desired_bl","param_value_internal":31.0,"distribution":"{\"name\": \"IntDistribution\", \"attributes\": {\"log\": false, \"step\": 1, \"low\": 31, \"high\": 31}}"}
{"op_code":5,"worker_id":"ca27d457-fadf-483a-a30a-465ef41f328f-139754024333312","trial_id":13,"param_name":"a_reset_std","param_value_internal":1e-30,"distribution":"{\"name\": \"FloatDistribution\", \"attributes\": {\"step\": null, \"low\": 1e-30, \"high\": 1e-30, \"log\": true}}"}
{"op_code":5,"worker_id":"ca27d457-fadf-483a-a30a-465ef41f328f-139754024333312","trial_id":13,"param_name":"b_reset_std","param_value_internal":1191.9936334094116,"distribution":"{\"name\": \"FloatDistribution\", \"attributes\": {\"step\": null, \"low\": 2e-05, \"high\": 30000.0, \"log\": true}}"}
{"op_code":5,"worker_id":"ca27d457-fadf-483a-a30a-465ef41f328f-139754024333312","trial_id":13,"param_name":"c_dw_min","param_value_internal":0.001,"distribution":"{\"name\": \"FloatDistribution\", \"attributes\": {\"step\": null, \"low\": 0.001, \"high\": 0.001, \"log\": true}}"}
{"op_code":5,"worker_id":"ca27d457-fadf-483a-a30a-465ef41f328f-139754024333312","trial_id":13,"param_name":"c_desired_bl","param_value_internal":31.0,"distribution":"{\"name\": \"IntDistribution\", \"attributes\": {\"log\": false, \"step\": 1, \"low\": 31, \"high\": 31}}"}
{"op_code":5,"worker_id":"ca27d457-fadf-483a-a30a-465ef41f328f-139754024333312","trial_id":13,"param_name":"out_noise","param_value_internal":0.0,"distribution":"{\"name\": \"FloatDistribution\", \"attributes\": {\"step\": null, \"low\": 0.0, \"high\": 0.0, \"log\": false}}"}
{"op_code":5,"worker_id":"ca27d457-fadf-483a-a30a-465ef41f328f-139754024333312","trial_id":13,"param_name":"ab_weight_scaling_omega","param_value_internal":0.0,"distribution":"{\"name\": \"FloatDistribution\", \"attributes\": {\"step\": null, \"low\": 0.0, \"high\": 0.0, \"log\": false}}"}
{"op_code":8,"worker_id":"ca27d457-fadf-483a-a30a-465ef41f328f-139754024333312","trial_id":13,"user_attr":{"grad_accum_steps":1}}
{"op_code":7,"worker_id":"ca27d457-fadf-483a-a30a-465ef41f328f-139754024333312","trial_id":13,"step":1,"intermediate_value":88.48}
{"op_code":8,"worker_id":"ca27d457-fadf-483a-a30a-465ef41f328f-139754024333312","trial_id":13,"user_attr":{"train_loss_epoch_1":0.7733280582786369}}
{"op_code":7,"worker_id":"ca27d457-fadf-483a-a30a-465ef41f328f-139754024333312","trial_id":13,"step":2,"intermediate_value":90.41}
{"op_code":8,"worker_id":"ca27d457-fadf-483a-a30a-465ef41f328f-139754024333312","trial_id":13,"user_attr":{"train_loss_epoch_2":0.37247913383217507}}
{"op_code":7,"worker_id":"ca27d457-fadf-483a-a30a-465ef41f328f-139754024333312","trial_id":13,"step":3,"intermediate_value":91.19}
{"op_code":8,"worker_id":"ca27d457-fadf-483a-a30a-465ef41f328f-139754024333312","trial_id":13,"user_attr":{"train_loss_epoch_3":0.3210611176420885}}
{"op_code":7,"worker_id":"ca27d457-fadf-483a-a30a-465ef41f328f-139754024333312","trial_id":13,"step":4,"intermediate_value":92.28}
{"op_code":8,"worker_id":"ca27d457-fadf-483a-a30a-465ef41f328f-139754024333312","trial_id":13,"user_attr":{"train_loss_epoch_4":0.2892516346485503}}
{"op_code":7,"worker_id":"ca27d457-fadf-483a-a30a-465ef41f328f-139754024333312","trial_id":13,"step":5,"intermediate_value":92.73}
{"op_code":8,"worker_id":"ca27d457-fadf-483a-a30a-465ef41f328f-139754024333312","trial_id":13,"user_attr":{"train_loss_epoch_5":0.2653536023313938}}
{"op_code":7,"worker_id":"ca27d457-fadf-483a-a30a-465ef41f328f-139754024333312","trial_id":13,"step":6,"intermediate_value":92.91}
{"op_code":8,"worker_id":"ca27d457-fadf-483a-a30a-465ef41f328f-139754024333312","trial_id":13,"user_attr":{"train_loss_epoch_6":0.24695226407921644}}
{"op_code":7,"worker_id":"ca27d457-fadf-483a-a30a-465ef41f328f-139754024333312","trial_id":13,"step":7,"intermediate_value":93.6}
{"op_code":8,"worker_id":"ca27d457-fadf-483a-a30a-465ef41f328f-139754024333312","trial_id":13,"user_attr":{"train_loss_epoch_7":0.23062304243334195}}
{"op_code":7,"worker_id":"ca27d457-fadf-483a-a30a-465ef41f328f-139754024333312","trial_id":13,"step":8,"intermediate_value":93.83}
{"op_code":8,"worker_id":"ca27d457-fadf-483a-a30a-465ef41f328f-139754024333312","trial_id":13,"user_attr":{"train_loss_epoch_8":0.21858065642877175}}
{"op_code":7,"worker_id":"ca27d457-fadf-483a-a30a-465ef41f328f-139754024333312","trial_id":13,"step":9,"intermediate_value":94.29}
{"op_code":8,"worker_id":"ca27d457-fadf-483a-a30a-465ef41f328f-139754024333312","trial_id":13,"user_attr":{"train_loss_epoch_9":0.20686716019416224}}
{"op_code":7,"worker_id":"ca27d457-fadf-483a-a30a-465ef41f328f-139754024333312","trial_id":13,"step":10,"intermediate_value":94.29}
{"op_code":8,"worker_id":"ca27d457-fadf-483a-a30a-465ef41f328f-139754024333312","trial_id":13,"user_attr":{"train_loss_epoch_10":0.19934822613798353}}
{"op_code":7,"worker_id":"ca27d457-fadf-483a-a30a-465ef41f328f-139754024333312","trial_id":13,"step":11,"intermediate_value":94.4}
{"op_code":8,"worker_id":"ca27d457-fadf-483a-a30a-465ef41f328f-139754024333312","trial_id":13,"user_attr":{"train_loss_epoch_11":0.1925530699131363}}
{"op_code":7,"worker_id":"ca27d457-fadf-483a-a30a-465ef41f328f-139754024333312","trial_id":13,"step":12,"intermediate_value":94.42}
{"op_code":8,"worker_id":"ca27d457-fadf-483a-a30a-465ef41f328f-139754024333312","trial_id":13,"user_attr":{"train_loss_epoch_12":0.18760846780021306}}
{"op_code":7,"worker_id":"ca27d457-fadf-483a-a30a-465ef41f328f-139754024333312","trial_id":13,"step":13,"intermediate_value":94.58}
{"op_code":8,"worker_id":"ca27d457-fadf-483a-a30a-465ef41f328f-139754024333312","trial_id":13,"user_attr":{"train_loss_epoch_13":0.1842643158144947}}
{"op_code":7,"worker_id":"ca27d457-fadf-483a-a30a-465ef41f328f-139754024333312","trial_id":13,"step":14,"intermediate_value":94.75}
{"op_code":8,"worker_id":"ca27d457-fadf-483a-a30a-465ef41f328f-139754024333312","trial_id":13,"user_attr":{"train_loss_epoch_14":0.18273317890523721}}
{"op_code":7,"worker_id":"ca27d457-fadf-483a-a30a-465ef41f328f-139754024333312","trial_id":13,"step":15,"intermediate_value":94.75}
{"op_code":8,"worker_id":"ca27d457-fadf-483a-a30a-465ef41f328f-139754024333312","trial_id":13,"user_attr":{"train_loss_epoch_15":0.17976242577684903}}
{"op_code":7,"worker_id":"ca27d457-fadf-483a-a30a-465ef41f328f-139754024333312","trial_id":13,"step":16,"intermediate_value":94.86}
{"op_code":8,"worker_id":"ca27d457-fadf-483a-a30a-465ef41f328f-139754024333312","trial_id":13,"user_attr":{"train_loss_epoch_16":0.17587586938103697}}
{"op_code":7,"worker_id":"ca27d457-fadf-483a-a30a-465ef41f328f-139754024333312","trial_id":13,"step":17,"intermediate_value":94.86}
{"op_code":8,"worker_id":"ca27d457-fadf-483a-a30a-465ef41f328f-139754024333312","trial_id":13,"user_attr":{"train_loss_epoch_17":0.1738580157702316}}
{"op_code":7,"worker_id":"ca27d457-fadf-483a-a30a-465ef41f328f-139754024333312","trial_id":13,"step":18,"intermediate_value":94.86}
{"op_code":8,"worker_id":"ca27d457-fadf-483a-a30a-465ef41f328f-139754024333312","trial_id":13,"user_attr":{"train_loss_epoch_18":0.1714418577447311}}
{"op_code":7,"worker_id":"ca27d457-fadf-483a-a30a-465ef41f328f-139754024333312","trial_id":13,"step":19,"intermediate_value":94.91}
{"op_code":8,"worker_id":"ca27d457-fadf-483a-a30a-465ef41f328f-139754024333312","trial_id":13,"user_attr":{"train_loss_epoch_19":0.1690741451238709}}
{"op_code":7,"worker_id":"ca27d457-fadf-483a-a30a-465ef41f328f-139754024333312","trial_id":13,"step":20,"intermediate_value":95.21}
{"op_code":8,"worker_id":"ca27d457-fadf-483a-a30a-465ef41f328f-139754024333312","trial_id":13,"user_attr":{"train_loss_epoch_20":0.16656550165734438}}
{"op_code":7,"worker_id":"ca27d457-fadf-483a-a30a-465ef41f328f-139754024333312","trial_id":13,"step":21,"intermediate_value":95.21}
{"op_code":8,"worker_id":"ca27d457-fadf-483a-a30a-465ef41f328f-139754024333312","trial_id":13,"user_attr":{"train_loss_epoch_21":0.1648596598367606}}
{"op_code":7,"worker_id":"ca27d457-fadf-483a-a30a-465ef41f328f-139754024333312","trial_id":13,"step":22,"intermediate_value":95.21}
{"op_code":8,"worker_id":"ca27d457-fadf-483a-a30a-465ef41f328f-139754024333312","trial_id":13,"user_attr":{"train_loss_epoch_22":0.16571484084950008}}
{"op_code":7,"worker_id":"ca27d457-fadf-483a-a30a-465ef41f328f-139754024333312","trial_id":13,"step":23,"intermediate_value":95.21}
{"op_code":8,"worker_id":"ca27d457-fadf-483a-a30a-465ef41f328f-139754024333312","trial_id":13,"user_attr":{"train_loss_epoch_23":0.16284968766735305}}
{"op_code":7,"worker_id":"ca27d457-fadf-483a-a30a-465ef41f328f-139754024333312","trial_id":13,"step":24,"intermediate_value":95.21}
{"op_code":8,"worker_id":"ca27d457-fadf-483a-a30a-465ef41f328f-139754024333312","trial_id":13,"user_attr":{"train_loss_epoch_24":0.16333429196845495}}
{"op_code":7,"worker_id":"ca27d457-fadf-483a-a30a-465ef41f328f-139754024333312","trial_id":13,"step":25,"intermediate_value":95.33}
{"op_code":8,"worker_id":"ca27d457-fadf-483a-a30a-465ef41f328f-139754024333312","trial_id":13,"user_attr":{"train_loss_epoch_25":0.16043604033461004}}
{"op_code":7,"worker_id":"ca27d457-fadf-483a-a30a-465ef41f328f-139754024333312","trial_id":13,"step":26,"intermediate_value":95.37}
{"op_code":8,"worker_id":"ca27d457-fadf-483a-a30a-465ef41f328f-139754024333312","trial_id":13,"user_attr":{"train_loss_epoch_26":0.15867926660917206}}
{"op_code":7,"worker_id":"ca27d457-fadf-483a-a30a-465ef41f328f-139754024333312","trial_id":13,"step":27,"intermediate_value":95.37}
{"op_code":8,"worker_id":"ca27d457-fadf-483a-a30a-465ef41f328f-139754024333312","trial_id":13,"user_attr":{"train_loss_epoch_27":0.15853383485823552}}
{"op_code":7,"worker_id":"ca27d457-fadf-483a-a30a-465ef41f328f-139754024333312","trial_id":13,"step":28,"intermediate_value":95.37}
{"op_code":8,"worker_id":"ca27d457-fadf-483a-a30a-465ef41f328f-139754024333312","trial_id":13,"user_attr":{"train_loss_epoch_28":0.15827781707842722}}
{"op_code":7,"worker_id":"ca27d457-fadf-483a-a30a-465ef41f328f-139754024333312","trial_id":13,"step":29,"intermediate_value":95.43}
{"op_code":8,"worker_id":"ca27d457-fadf-483a-a30a-465ef41f328f-139754024333312","trial_id":13,"user_attr":{"train_loss_epoch_29":0.15819530435470439}}
{"op_code":7,"worker_id":"ca27d457-fadf-483a-a30a-465ef41f328f-139754024333312","trial_id":13,"step":30,"intermediate_value":95.5}
{"op_code":8,"worker_id":"ca27d457-fadf-483a-a30a-465ef41f328f-139754024333312","trial_id":13,"user_attr":{"train_loss_epoch_30":0.15725210197031625}}
{"op_code":6,"worker_id":"ca27d457-fadf-483a-a30a-465ef41f328f-139754024333312","trial_id":13,"state":1,"values":[95.5],"datetime_complete":"2026-05-07T22:43:40.156948"}
{"op_code":4,"worker_id":"ca27d457-fadf-483a-a30a-465ef41f328f-139754024333312","study_id":0,"datetime_start":"2026-05-07T22:43:40.159359"}
{"op_code":5,"worker_id":"ca27d457-fadf-483a-a30a-465ef41f328f-139754024333312","trial_id":14,"param_name":"learning_rate","param_value_internal":5.0,"distribution":"{\"name\": \"FloatDistribution\", \"attributes\": {\"step\": null, \"low\": 0.006, \"high\": 5.0, \"log\": true}}"}
{"op_code":5,"worker_id":"ca27d457-fadf-483a-a30a-465ef41f328f-139754024333312","trial_id":14,"param_name":"transfer_lr","param_value_internal":0.0020202645107960868,"distribution":"{\"name\": \"FloatDistribution\", \"attributes\": {\"step\": null, \"low\": 1e-05, \"high\": 0.03, \"log\": true}}"}
{"op_code":5,"worker_id":"ca27d457-fadf-483a-a30a-465ef41f328f-139754024333312","trial_id":14,"param_name":"transfer_every","param_value_internal":10.0,"distribution":"{\"name\": \"IntDistribution\", \"attributes\": {\"log\": true, \"step\": 1, \"low\": 10, \"high\": 10}}"}
{"op_code":5,"worker_id":"ca27d457-fadf-483a-a30a-465ef41f328f-139754024333312","trial_id":14,"param_name":"rank_exp","param_value_internal":3.0,"distribution":"{\"name\": \"IntDistribution\", \"attributes\": {\"log\": false, \"step\": 1, \"low\": 3, \"high\": 3}}"}
{"op_code":5,"worker_id":"ca27d457-fadf-483a-a30a-465ef41f328f-139754024333312","trial_id":14,"param_name":"fast_lr","param_value_internal":0.023799115854762822,"distribution":"{\"name\": \"FloatDistribution\", \"attributes\": {\"step\": null, \"low\": 0.0007, \"high\": 20000.0, \"log\": true}}"}
{"op_code":5,"worker_id":"ca27d457-fadf-483a-a30a-465ef41f328f-139754024333312","trial_id":14,"param_name":"tau_sec","param_value_internal":0.0,"distribution":"{\"name\": \"FloatDistribution\", \"attributes\": {\"step\": null, \"low\": 0.0, \"high\": 0.0, \"log\": false}}"}
{"op_code":5,"worker_id":"ca27d457-fadf-483a-a30a-465ef41f328f-139754024333312","trial_id":14,"param_name":"ab_dw_min","param_value_internal":0.001981,"distribution":"{\"name\": \"FloatDistribution\", \"attributes\": {\"step\": null, \"low\": 0.001981, \"high\": 0.001981, \"log\": true}}"}
{"op_code":5,"worker_id":"ca27d457-fadf-483a-a30a-465ef41f328f-139754024333312","trial_id":14,"param_name":"ab_desired_bl","param_value_internal":31.0,"distribution":"{\"name\": \"IntDistribution\", \"attributes\": {\"log\": false, \"step\": 1, \"low\": 31, \"high\": 31}}"}
{"op_code":5,"worker_id":"ca27d457-fadf-483a-a30a-465ef41f328f-139754024333312","trial_id":14,"param_name":"a_reset_std","param_value_internal":1e-30,"distribution":"{\"name\": \"FloatDistribution\", \"attributes\": {\"step\": null, \"low\": 1e-30, \"high\": 1e-30, \"log\": true}}"}
{"op_code":5,"worker_id":"ca27d457-fadf-483a-a30a-465ef41f328f-139754024333312","trial_id":14,"param_name":"b_reset_std","param_value_internal":187.86339210389875,"distribution":"{\"name\": \"FloatDistribution\", \"attributes\": {\"step\": null, \"low\": 2e-05, \"high\": 30000.0, \"log\": true}}"}
{"op_code":5,"worker_id":"ca27d457-fadf-483a-a30a-465ef41f328f-139754024333312","trial_id":14,"param_name":"c_dw_min","param_value_internal":0.001,"distribution":"{\"name\": \"FloatDistribution\", \"attributes\": {\"step\": null, \"low\": 0.001, \"high\": 0.001, \"log\": true}}"}
{"op_code":5,"worker_id":"ca27d457-fadf-483a-a30a-465ef41f328f-139754024333312","trial_id":14,"param_name":"c_desired_bl","param_value_internal":31.0,"distribution":"{\"name\": \"IntDistribution\", \"attributes\": {\"log\": false, \"step\": 1, \"low\": 31, \"high\": 31}}"}
{"op_code":5,"worker_id":"ca27d457-fadf-483a-a30a-465ef41f328f-139754024333312","trial_id":14,"param_name":"out_noise","param_value_internal":0.0,"distribution":"{\"name\": \"FloatDistribution\", \"attributes\": {\"step\": null, \"low\": 0.0, \"high\": 0.0, \"log\": false}}"}
{"op_code":5,"worker_id":"ca27d457-fadf-483a-a30a-465ef41f328f-139754024333312","trial_id":14,"param_name":"ab_weight_scaling_omega","param_value_internal":0.0,"distribution":"{\"name\": \"FloatDistribution\", \"attributes\": {\"step\": null, \"low\": 0.0, \"high\": 0.0, \"log\": false}}"}
{"op_code":8,"worker_id":"ca27d457-fadf-483a-a30a-465ef41f328f-139754024333312","trial_id":14,"user_attr":{"grad_accum_steps":1}}
{"op_code":7,"worker_id":"ca27d457-fadf-483a-a30a-465ef41f328f-139754024333312","trial_id":14,"step":1,"intermediate_value":91.53}
{"op_code":8,"worker_id":"ca27d457-fadf-483a-a30a-465ef41f328f-139754024333312","trial_id":14,"user_attr":{"train_loss_epoch_1":0.42429133843003053}}
{"op_code":7,"worker_id":"ca27d457-fadf-483a-a30a-465ef41f328f-139754024333312","trial_id":14,"step":2,"intermediate_value":91.53}
{"op_code":8,"worker_id":"ca27d457-fadf-483a-a30a-465ef41f328f-139754024333312","trial_id":14,"user_attr":{"train_loss_epoch_2":0.2726989737284908}}
{"op_code":7,"worker_id":"ca27d457-fadf-483a-a30a-465ef41f328f-139754024333312","trial_id":14,"step":3,"intermediate_value":93.19}
{"op_code":8,"worker_id":"ca27d457-fadf-483a-a30a-465ef41f328f-139754024333312","trial_id":14,"user_attr":{"train_loss_epoch_3":0.22785679652476742}}
{"op_code":7,"worker_id":"ca27d457-fadf-483a-a30a-465ef41f328f-139754024333312","trial_id":14,"step":4,"intermediate_value":93.19}
{"op_code":8,"worker_id":"ca27d457-fadf-483a-a30a-465ef41f328f-139754024333312","trial_id":14,"user_attr":{"train_loss_epoch_4":0.20060004617399307}}
{"op_code":7,"worker_id":"ca27d457-fadf-483a-a30a-465ef41f328f-139754024333312","trial_id":14,"step":5,"intermediate_value":93.68}
{"op_code":8,"worker_id":"ca27d457-fadf-483a-a30a-465ef41f328f-139754024333312","trial_id":14,"user_attr":{"train_loss_epoch_5":0.18080644934043003}}
{"op_code":7,"worker_id":"ca27d457-fadf-483a-a30a-465ef41f328f-139754024333312","trial_id":14,"step":6,"intermediate_value":94.73}
{"op_code":8,"worker_id":"ca27d457-fadf-483a-a30a-465ef41f328f-139754024333312","trial_id":14,"user_attr":{"train_loss_epoch_6":0.167839757884656}}
{"op_code":7,"worker_id":"ca27d457-fadf-483a-a30a-465ef41f328f-139754024333312","trial_id":14,"step":7,"intermediate_value":95.14}
{"op_code":8,"worker_id":"ca27d457-fadf-483a-a30a-465ef41f328f-139754024333312","trial_id":14,"user_attr":{"train_loss_epoch_7":0.155073933714409}}
{"op_code":7,"worker_id":"ca27d457-fadf-483a-a30a-465ef41f328f-139754024333312","trial_id":14,"step":8,"intermediate_value":95.14}
{"op_code":8,"worker_id":"ca27d457-fadf-483a-a30a-465ef41f328f-139754024333312","trial_id":14,"user_attr":{"train_loss_epoch_8":0.1438141280744495}}
{"op_code":7,"worker_id":"ca27d457-fadf-483a-a30a-465ef41f328f-139754024333312","trial_id":14,"step":9,"intermediate_value":95.14}
{"op_code":8,"worker_id":"ca27d457-fadf-483a-a30a-465ef41f328f-139754024333312","trial_id":14,"user_attr":{"train_loss_epoch_9":0.13569754098645295}}
{"op_code":7,"worker_id":"ca27d457-fadf-483a-a30a-465ef41f328f-139754024333312","trial_id":14,"step":10,"intermediate_value":95.15}
{"op_code":8,"worker_id":"ca27d457-fadf-483a-a30a-465ef41f328f-139754024333312","trial_id":14,"user_attr":{"train_loss_epoch_10":0.13011863554861627}}
{"op_code":7,"worker_id":"ca27d457-fadf-483a-a30a-465ef41f328f-139754024333312","trial_id":14,"step":11,"intermediate_value":95.73}
{"op_code":8,"worker_id":"ca27d457-fadf-483a-a30a-465ef41f328f-139754024333312","trial_id":14,"user_attr":{"train_loss_epoch_11":0.10206163538568246}}
{"op_code":7,"worker_id":"ca27d457-fadf-483a-a30a-465ef41f328f-139754024333312","trial_id":14,"step":12,"intermediate_value":95.96}
{"op_code":8,"worker_id":"ca27d457-fadf-483a-a30a-465ef41f328f-139754024333312","trial_id":14,"user_attr":{"train_loss_epoch_12":0.09585942546559025}}
{"op_code":7,"worker_id":"ca27d457-fadf-483a-a30a-465ef41f328f-139754024333312","trial_id":14,"step":13,"intermediate_value":96.15}
{"op_code":8,"worker_id":"ca27d457-fadf-483a-a30a-465ef41f328f-139754024333312","trial_id":14,"user_attr":{"train_loss_epoch_13":0.09129440557382414}}
{"op_code":7,"worker_id":"ca27d457-fadf-483a-a30a-465ef41f328f-139754024333312","trial_id":14,"step":14,"intermediate_value":96.15}
{"op_code":8,"worker_id":"ca27d457-fadf-483a-a30a-465ef41f328f-139754024333312","trial_id":14,"user_attr":{"train_loss_epoch_14":0.08711284734378222}}
{"op_code":7,"worker_id":"ca27d457-fadf-483a-a30a-465ef41f328f-139754024333312","trial_id":14,"step":15,"intermediate_value":96.15}
{"op_code":8,"worker_id":"ca27d457-fadf-483a-a30a-465ef41f328f-139754024333312","trial_id":14,"user_attr":{"train_loss_epoch_15":0.08194451528747301}}
{"op_code":7,"worker_id":"ca27d457-fadf-483a-a30a-465ef41f328f-139754024333312","trial_id":14,"step":16,"intermediate_value":96.15}
{"op_code":8,"worker_id":"ca27d457-fadf-483a-a30a-465ef41f328f-139754024333312","trial_id":14,"user_attr":{"train_loss_epoch_16":0.07803211900701465}}
{"op_code":7,"worker_id":"ca27d457-fadf-483a-a30a-465ef41f328f-139754024333312","trial_id":14,"step":17,"intermediate_value":96.15}
{"op_code":8,"worker_id":"ca27d457-fadf-483a-a30a-465ef41f328f-139754024333312","trial_id":14,"user_attr":{"train_loss_epoch_17":0.07456254554308776}}
{"op_code":7,"worker_id":"ca27d457-fadf-483a-a30a-465ef41f328f-139754024333312","trial_id":14,"step":18,"intermediate_value":96.15}
{"op_code":8,"worker_id":"ca27d457-fadf-483a-a30a-465ef41f328f-139754024333312","trial_id":14,"user_attr":{"train_loss_epoch_18":0.07444296241998534}}
{"op_code":6,"worker_id":"ca27d457-fadf-483a-a30a-465ef41f328f-139754024333312","trial_id":14,"state":1,"values":[96.15],"datetime_complete":"2026-05-07T22:47:28.580397"}
{"op_code":4,"worker_id":"ca27d457-fadf-483a-a30a-465ef41f328f-139754024333312","study_id":0,"datetime_start":"2026-05-07T22:47:28.584652"}
{"op_code":5,"worker_id":"ca27d457-fadf-483a-a30a-465ef41f328f-139754024333312","trial_id":15,"param_name":"learning_rate","param_value_internal":1.6435376291441937,"distribution":"{\"name\": \"FloatDistribution\", \"attributes\": {\"step\": null, \"low\": 0.006, \"high\": 5.0, \"log\": true}}"}
{"op_code":5,"worker_id":"ca27d457-fadf-483a-a30a-465ef41f328f-139754024333312","trial_id":15,"param_name":"transfer_lr","param_value_internal":0.009139570807808126,"distribution":"{\"name\": \"FloatDistribution\", \"attributes\": {\"step\": null, \"low\": 1e-05, \"high\": 0.03, \"log\": true}}"}
{"op_code":5,"worker_id":"ca27d457-fadf-483a-a30a-465ef41f328f-139754024333312","trial_id":15,"param_name":"transfer_every","param_value_internal":10.0,"distribution":"{\"name\": \"IntDistribution\", \"attributes\": {\"log\": true, \"step\": 1, \"low\": 10, \"high\": 10}}"}
{"op_code":5,"worker_id":"ca27d457-fadf-483a-a30a-465ef41f328f-139754024333312","trial_id":15,"param_name":"rank_exp","param_value_internal":3.0,"distribution":"{\"name\": \"IntDistribution\", \"attributes\": {\"log\": false, \"step\": 1, \"low\": 3, \"high\": 3}}"}
{"op_code":5,"worker_id":"ca27d457-fadf-483a-a30a-465ef41f328f-139754024333312","trial_id":15,"param_name":"fast_lr","param_value_internal":4.201280239969416,"distribution":"{\"name\": \"FloatDistribution\", \"attributes\": {\"step\": null, \"low\": 0.0007, \"high\": 20000.0, \"log\": true}}"}
{"op_code":5,"worker_id":"ca27d457-fadf-483a-a30a-465ef41f328f-139754024333312","trial_id":15,"param_name":"tau_sec","param_value_internal":0.0,"distribution":"{\"name\": \"FloatDistribution\", \"attributes\": {\"step\": null, \"low\": 0.0, \"high\": 0.0, \"log\": false}}"}
{"op_code":5,"worker_id":"ca27d457-fadf-483a-a30a-465ef41f328f-139754024333312","trial_id":15,"param_name":"ab_dw_min","param_value_internal":0.001981,"distribution":"{\"name\": \"FloatDistribution\", \"attributes\": {\"step\": null, \"low\": 0.001981, \"high\": 0.001981, \"log\": true}}"}
{"op_code":5,"worker_id":"ca27d457-fadf-483a-a30a-465ef41f328f-139754024333312","trial_id":15,"param_name":"ab_desired_bl","param_value_internal":31.0,"distribution":"{\"name\": \"IntDistribution\", \"attributes\": {\"log\": false, \"step\": 1, \"low\": 31, \"high\": 31}}"}
{"op_code":5,"worker_id":"ca27d457-fadf-483a-a30a-465ef41f328f-139754024333312","trial_id":15,"param_name":"a_reset_std","param_value_internal":1e-30,"distribution":"{\"name\": \"FloatDistribution\", \"attributes\": {\"step\": null, \"low\": 1e-30, \"high\": 1e-30, \"log\": true}}"}
{"op_code":5,"worker_id":"ca27d457-fadf-483a-a30a-465ef41f328f-139754024333312","trial_id":15,"param_name":"b_reset_std","param_value_internal":1449.718231460435,"distribution":"{\"name\": \"FloatDistribution\", \"attributes\": {\"step\": null, \"low\": 2e-05, \"high\": 30000.0, \"log\": true}}"}
{"op_code":5,"worker_id":"ca27d457-fadf-483a-a30a-465ef41f328f-139754024333312","trial_id":15,"param_name":"c_dw_min","param_value_internal":0.001,"distribution":"{\"name\": \"FloatDistribution\", \"attributes\": {\"step\": null, \"low\": 0.001, \"high\": 0.001, \"log\": true}}"}
{"op_code":5,"worker_id":"ca27d457-fadf-483a-a30a-465ef41f328f-139754024333312","trial_id":15,"param_name":"c_desired_bl","param_value_internal":31.0,"distribution":"{\"name\": \"IntDistribution\", \"attributes\": {\"log\": false, \"step\": 1, \"low\": 31, \"high\": 31}}"}
{"op_code":5,"worker_id":"ca27d457-fadf-483a-a30a-465ef41f328f-139754024333312","trial_id":15,"param_name":"out_noise","param_value_internal":0.0,"distribution":"{\"name\": \"FloatDistribution\", \"attributes\": {\"step\": null, \"low\": 0.0, \"high\": 0.0, \"log\": false}}"}
{"op_code":5,"worker_id":"ca27d457-fadf-483a-a30a-465ef41f328f-139754024333312","trial_id":15,"param_name":"ab_weight_scaling_omega","param_value_internal":0.0,"distribution":"{\"name\": \"FloatDistribution\", \"attributes\": {\"step\": null, \"low\": 0.0, \"high\": 0.0, \"log\": false}}"}
{"op_code":8,"worker_id":"ca27d457-fadf-483a-a30a-465ef41f328f-139754024333312","trial_id":15,"user_attr":{"grad_accum_steps":1}}
{"op_code":7,"worker_id":"ca27d457-fadf-483a-a30a-465ef41f328f-139754024333312","trial_id":15,"step":1,"intermediate_value":90.76}
{"op_code":8,"worker_id":"ca27d457-fadf-483a-a30a-465ef41f328f-139754024333312","trial_id":15,"user_attr":{"train_loss_epoch_1":0.41623344203270574}}
{"op_code":7,"worker_id":"ca27d457-fadf-483a-a30a-465ef41f328f-139754024333312","trial_id":15,"step":2,"intermediate_value":92.44}
{"op_code":8,"worker_id":"ca27d457-fadf-483a-a30a-465ef41f328f-139754024333312","trial_id":15,"user_attr":{"train_loss_epoch_2":0.2844190908901727}}
{"op_code":7,"worker_id":"ca27d457-fadf-483a-a30a-465ef41f328f-139754024333312","trial_id":15,"step":3,"intermediate_value":92.44}
{"op_code":8,"worker_id":"ca27d457-fadf-483a-a30a-465ef41f328f-139754024333312","trial_id":15,"user_attr":{"train_loss_epoch_3":0.2650653345824114}}
{"op_code":7,"worker_id":"ca27d457-fadf-483a-a30a-465ef41f328f-139754024333312","trial_id":15,"step":4,"intermediate_value":92.44}
{"op_code":8,"worker_id":"ca27d457-fadf-483a-a30a-465ef41f328f-139754024333312","trial_id":15,"user_attr":{"train_loss_epoch_4":0.24647615533441242}}
{"op_code":7,"worker_id":"ca27d457-fadf-483a-a30a-465ef41f328f-139754024333312","trial_id":15,"step":5,"intermediate_value":93.78}
{"op_code":8,"worker_id":"ca27d457-fadf-483a-a30a-465ef41f328f-139754024333312","trial_id":15,"user_attr":{"train_loss_epoch_5":0.24389836400636097}}
{"op_code":7,"worker_id":"ca27d457-fadf-483a-a30a-465ef41f328f-139754024333312","trial_id":15,"step":6,"intermediate_value":93.78}
{"op_code":8,"worker_id":"ca27d457-fadf-483a-a30a-465ef41f328f-139754024333312","trial_id":15,"user_attr":{"train_loss_epoch_6":0.24538273870476338}}
{"op_code":7,"worker_id":"ca27d457-fadf-483a-a30a-465ef41f328f-139754024333312","trial_id":15,"step":7,"intermediate_value":93.78}
{"op_code":8,"worker_id":"ca27d457-fadf-483a-a30a-465ef41f328f-139754024333312","trial_id":15,"user_attr":{"train_loss_epoch_7":0.2423951118858829}}
{"op_code":7,"worker_id":"ca27d457-fadf-483a-a30a-465ef41f328f-139754024333312","trial_id":15,"step":8,"intermediate_value":93.78}
{"op_code":8,"worker_id":"ca27d457-fadf-483a-a30a-465ef41f328f-139754024333312","trial_id":15,"user_attr":{"train_loss_epoch_8":0.23291899306552688}}
{"op_code":7,"worker_id":"ca27d457-fadf-483a-a30a-465ef41f328f-139754024333312","trial_id":15,"step":9,"intermediate_value":93.78}
{"op_code":8,"worker_id":"ca27d457-fadf-483a-a30a-465ef41f328f-139754024333312","trial_id":15,"user_attr":{"train_loss_epoch_9":0.24815908486226093}}
{"op_code":7,"worker_id":"ca27d457-fadf-483a-a30a-465ef41f328f-139754024333312","trial_id":15,"step":10,"intermediate_value":93.78}
{"op_code":8,"worker_id":"ca27d457-fadf-483a-a30a-465ef41f328f-139754024333312","trial_id":15,"user_attr":{"train_loss_epoch_10":0.24744643730474813}}
{"op_code":6,"worker_id":"ca27d457-fadf-483a-a30a-465ef41f328f-139754024333312","trial_id":15,"state":1,"values":[93.78],"datetime_complete":"2026-05-07T22:49:44.071692"}
{"op_code":4,"worker_id":"ca27d457-fadf-483a-a30a-465ef41f328f-139754024333312","study_id":0,"datetime_start":"2026-05-07T22:49:44.073769"}
{"op_code":5,"worker_id":"ca27d457-fadf-483a-a30a-465ef41f328f-139754024333312","trial_id":16,"param_name":"learning_rate","param_value_internal":0.006,"distribution":"{\"name\": \"FloatDistribution\", \"attributes\": {\"step\": null, \"low\": 0.006, \"high\": 5.0, \"log\": true}}"}
{"op_code":5,"worker_id":"ca27d457-fadf-483a-a30a-465ef41f328f-139754024333312","trial_id":16,"param_name":"transfer_lr","param_value_internal":0.0021515946789903723,"distribution":"{\"name\": \"FloatDistribution\", \"attributes\": {\"step\": null, \"low\": 1e-05, \"high\": 0.03, \"log\": true}}"}
{"op_code":5,"worker_id":"ca27d457-fadf-483a-a30a-465ef41f328f-139754024333312","trial_id":16,"param_name":"transfer_every","param_value_internal":10.0,"distribution":"{\"name\": \"IntDistribution\", \"attributes\": {\"log\": true, \"step\": 1, \"low\": 10, \"high\": 10}}"}
{"op_code":5,"worker_id":"ca27d457-fadf-483a-a30a-465ef41f328f-139754024333312","trial_id":16,"param_name":"rank_exp","param_value_internal":3.0,"distribution":"{\"name\": \"IntDistribution\", \"attributes\": {\"log\": false, \"step\": 1, \"low\": 3, \"high\": 3}}"}
{"op_code":5,"worker_id":"ca27d457-fadf-483a-a30a-465ef41f328f-139754024333312","trial_id":16,"param_name":"fast_lr","param_value_internal":0.1646558001997138,"distribution":"{\"name\": \"FloatDistribution\", \"attributes\": {\"step\": null, \"low\": 0.0007, \"high\": 20000.0, \"log\": true}}"}
{"op_code":5,"worker_id":"ca27d457-fadf-483a-a30a-465ef41f328f-139754024333312","trial_id":16,"param_name":"tau_sec","param_value_internal":0.0,"distribution":"{\"name\": \"FloatDistribution\", \"attributes\": {\"step\": null, \"low\": 0.0, \"high\": 0.0, \"log\": false}}"}
{"op_code":5,"worker_id":"ca27d457-fadf-483a-a30a-465ef41f328f-139754024333312","trial_id":16,"param_name":"ab_dw_min","param_value_internal":0.001981,"distribution":"{\"name\": \"FloatDistribution\", \"attributes\": {\"step\": null, \"low\": 0.001981, \"high\": 0.001981, \"log\": true}}"}
{"op_code":5,"worker_id":"ca27d457-fadf-483a-a30a-465ef41f328f-139754024333312","trial_id":16,"param_name":"ab_desired_bl","param_value_internal":31.0,"distribution":"{\"name\": \"IntDistribution\", \"attributes\": {\"log\": false, \"step\": 1, \"low\": 31, \"high\": 31}}"}
{"op_code":5,"worker_id":"ca27d457-fadf-483a-a30a-465ef41f328f-139754024333312","trial_id":16,"param_name":"a_reset_std","param_value_internal":1e-30,"distribution":"{\"name\": \"FloatDistribution\", \"attributes\": {\"step\": null, \"low\": 1e-30, \"high\": 1e-30, \"log\": true}}"}
{"op_code":5,"worker_id":"ca27d457-fadf-483a-a30a-465ef41f328f-139754024333312","trial_id":16,"param_name":"b_reset_std","param_value_internal":465.795227937387,"distribution":"{\"name\": \"FloatDistribution\", \"attributes\": {\"step\": null, \"low\": 2e-05, \"high\": 30000.0, \"log\": true}}"}
{"op_code":5,"worker_id":"ca27d457-fadf-483a-a30a-465ef41f328f-139754024333312","trial_id":16,"param_name":"c_dw_min","param_value_internal":0.001,"distribution":"{\"name\": \"FloatDistribution\", \"attributes\": {\"step\": null, \"low\": 0.001, \"high\": 0.001, \"log\": true}}"}
{"op_code":5,"worker_id":"ca27d457-fadf-483a-a30a-465ef41f328f-139754024333312","trial_id":16,"param_name":"c_desired_bl","param_value_internal":31.0,"distribution":"{\"name\": \"IntDistribution\", \"attributes\": {\"log\": false, \"step\": 1, \"low\": 31, \"high\": 31}}"}
{"op_code":5,"worker_id":"ca27d457-fadf-483a-a30a-465ef41f328f-139754024333312","trial_id":16,"param_name":"out_noise","param_value_internal":0.0,"distribution":"{\"name\": \"FloatDistribution\", \"attributes\": {\"step\": null, \"low\": 0.0, \"high\": 0.0, \"log\": false}}"}
{"op_code":5,"worker_id":"ca27d457-fadf-483a-a30a-465ef41f328f-139754024333312","trial_id":16,"param_name":"ab_weight_scaling_omega","param_value_internal":0.0,"distribution":"{\"name\": \"FloatDistribution\", \"attributes\": {\"step\": null, \"low\": 0.0, \"high\": 0.0, \"log\": false}}"}
{"op_code":8,"worker_id":"ca27d457-fadf-483a-a30a-465ef41f328f-139754024333312","trial_id":16,"user_attr":{"grad_accum_steps":1}}
{"op_code":7,"worker_id":"ca27d457-fadf-483a-a30a-465ef41f328f-139754024333312","trial_id":16,"step":1,"intermediate_value":87.2}
{"op_code":8,"worker_id":"ca27d457-fadf-483a-a30a-465ef41f328f-139754024333312","trial_id":16,"user_attr":{"train_loss_epoch_1":1.0205705077536324}}
{"op_code":7,"worker_id":"ca27d457-fadf-483a-a30a-465ef41f328f-139754024333312","trial_id":16,"step":2,"intermediate_value":89.62}
{"op_code":8,"worker_id":"ca27d457-fadf-483a-a30a-465ef41f328f-139754024333312","trial_id":16,"user_attr":{"train_loss_epoch_2":0.4383155177397006}}
{"op_code":7,"worker_id":"ca27d457-fadf-483a-a30a-465ef41f328f-139754024333312","trial_id":16,"step":3,"intermediate_value":90.7}
{"op_code":8,"worker_id":"ca27d457-fadf-483a-a30a-465ef41f328f-139754024333312","trial_id":16,"user_attr":{"train_loss_epoch_3":0.36245629795070394}}
{"op_code":7,"worker_id":"ca27d457-fadf-483a-a30a-465ef41f328f-139754024333312","trial_id":16,"step":4,"intermediate_value":91.63}
{"op_code":8,"worker_id":"ca27d457-fadf-483a-a30a-465ef41f328f-139754024333312","trial_id":16,"user_attr":{"train_loss_epoch_4":0.32545546467688036}}
{"op_code":7,"worker_id":"ca27d457-fadf-483a-a30a-465ef41f328f-139754024333312","trial_id":16,"step":5,"intermediate_value":91.97}
{"op_code":8,"worker_id":"ca27d457-fadf-483a-a30a-465ef41f328f-139754024333312","trial_id":16,"user_attr":{"train_loss_epoch_5":0.30103284910893136}}
{"op_code":7,"worker_id":"ca27d457-fadf-483a-a30a-465ef41f328f-139754024333312","trial_id":16,"step":6,"intermediate_value":92.46}
{"op_code":8,"worker_id":"ca27d457-fadf-483a-a30a-465ef41f328f-139754024333312","trial_id":16,"user_attr":{"train_loss_epoch_6":0.2818999526533745}}
{"op_code":7,"worker_id":"ca27d457-fadf-483a-a30a-465ef41f328f-139754024333312","trial_id":16,"step":7,"intermediate_value":92.69}
{"op_code":8,"worker_id":"ca27d457-fadf-483a-a30a-465ef41f328f-139754024333312","trial_id":16,"user_attr":{"train_loss_epoch_7":0.26528393485938817}}
{"op_code":7,"worker_id":"ca27d457-fadf-483a-a30a-465ef41f328f-139754024333312","trial_id":16,"step":8,"intermediate_value":92.98}
{"op_code":8,"worker_id":"ca27d457-fadf-483a-a30a-465ef41f328f-139754024333312","trial_id":16,"user_attr":{"train_loss_epoch_8":0.250988946310175}}
{"op_code":7,"worker_id":"ca27d457-fadf-483a-a30a-465ef41f328f-139754024333312","trial_id":16,"step":9,"intermediate_value":93.31}
{"op_code":8,"worker_id":"ca27d457-fadf-483a-a30a-465ef41f328f-139754024333312","trial_id":16,"user_attr":{"train_loss_epoch_9":0.2374421651921928}}
{"op_code":7,"worker_id":"ca27d457-fadf-483a-a30a-465ef41f328f-139754024333312","trial_id":16,"step":10,"intermediate_value":93.55}
{"op_code":8,"worker_id":"ca27d457-fadf-483a-a30a-465ef41f328f-139754024333312","trial_id":16,"user_attr":{"train_loss_epoch_10":0.22611754205324122}}
{"op_code":7,"worker_id":"ca27d457-fadf-483a-a30a-465ef41f328f-139754024333312","trial_id":16,"step":11,"intermediate_value":93.85}
{"op_code":8,"worker_id":"ca27d457-fadf-483a-a30a-465ef41f328f-139754024333312","trial_id":16,"user_attr":{"train_loss_epoch_11":0.21700951683003383}}
{"op_code":7,"worker_id":"ca27d457-fadf-483a-a30a-465ef41f328f-139754024333312","trial_id":16,"step":12,"intermediate_value":93.92}
{"op_code":8,"worker_id":"ca27d457-fadf-483a-a30a-465ef41f328f-139754024333312","trial_id":16,"user_attr":{"train_loss_epoch_12":0.20918787908214115}}
{"op_code":7,"worker_id":"ca27d457-fadf-483a-a30a-465ef41f328f-139754024333312","trial_id":16,"step":13,"intermediate_value":94.16}
{"op_code":8,"worker_id":"ca27d457-fadf-483a-a30a-465ef41f328f-139754024333312","trial_id":16,"user_attr":{"train_loss_epoch_13":0.20204885023584498}}
{"op_code":7,"worker_id":"ca27d457-fadf-483a-a30a-465ef41f328f-139754024333312","trial_id":16,"step":14,"intermediate_value":94.36}
{"op_code":8,"worker_id":"ca27d457-fadf-483a-a30a-465ef41f328f-139754024333312","trial_id":16,"user_attr":{"train_loss_epoch_14":0.1961552543498115}}
{"op_code":7,"worker_id":"ca27d457-fadf-483a-a30a-465ef41f328f-139754024333312","trial_id":16,"step":15,"intermediate_value":94.61}
{"op_code":8,"worker_id":"ca27d457-fadf-483a-a30a-465ef41f328f-139754024333312","trial_id":16,"user_attr":{"train_loss_epoch_15":0.1907938333081284}}
{"op_code":7,"worker_id":"ca27d457-fadf-483a-a30a-465ef41f328f-139754024333312","trial_id":16,"step":16,"intermediate_value":94.69}
{"op_code":8,"worker_id":"ca27d457-fadf-483a-a30a-465ef41f328f-139754024333312","trial_id":16,"user_attr":{"train_loss_epoch_16":0.1852365888234204}}
{"op_code":7,"worker_id":"ca27d457-fadf-483a-a30a-465ef41f328f-139754024333312","trial_id":16,"step":17,"intermediate_value":94.85}
{"op_code":8,"worker_id":"ca27d457-fadf-483a-a30a-465ef41f328f-139754024333312","trial_id":16,"user_attr":{"train_loss_epoch_17":0.17997031128689298}}
{"op_code":7,"worker_id":"ca27d457-fadf-483a-a30a-465ef41f328f-139754024333312","trial_id":16,"step":18,"intermediate_value":95.05}
{"op_code":8,"worker_id":"ca27d457-fadf-483a-a30a-465ef41f328f-139754024333312","trial_id":16,"user_attr":{"train_loss_epoch_18":0.17576682417472797}}
{"op_code":7,"worker_id":"ca27d457-fadf-483a-a30a-465ef41f328f-139754024333312","trial_id":16,"step":19,"intermediate_value":95.05}
{"op_code":8,"worker_id":"ca27d457-fadf-483a-a30a-465ef41f328f-139754024333312","trial_id":16,"user_attr":{"train_loss_epoch_19":0.17007515554838598}}
{"op_code":7,"worker_id":"ca27d457-fadf-483a-a30a-465ef41f328f-139754024333312","trial_id":16,"step":20,"intermediate_value":95.26}
{"op_code":8,"worker_id":"ca27d457-fadf-483a-a30a-465ef41f328f-139754024333312","trial_id":16,"user_attr":{"train_loss_epoch_20":0.16553685968237392}}
{"op_code":7,"worker_id":"ca27d457-fadf-483a-a30a-465ef41f328f-139754024333312","trial_id":16,"step":21,"intermediate_value":95.26}
{"op_code":8,"worker_id":"ca27d457-fadf-483a-a30a-465ef41f328f-139754024333312","trial_id":16,"user_attr":{"train_loss_epoch_21":0.16217751793070898}}
{"op_code":7,"worker_id":"ca27d457-fadf-483a-a30a-465ef41f328f-139754024333312","trial_id":16,"step":22,"intermediate_value":95.27}
{"op_code":8,"worker_id":"ca27d457-fadf-483a-a30a-465ef41f328f-139754024333312","trial_id":16,"user_attr":{"train_loss_epoch_22":0.1590238229008213}}
{"op_code":7,"worker_id":"ca27d457-fadf-483a-a30a-465ef41f328f-139754024333312","trial_id":16,"step":23,"intermediate_value":95.33}
{"op_code":8,"worker_id":"ca27d457-fadf-483a-a30a-465ef41f328f-139754024333312","trial_id":16,"user_attr":{"train_loss_epoch_23":0.15595453408663906}}
{"op_code":7,"worker_id":"ca27d457-fadf-483a-a30a-465ef41f328f-139754024333312","trial_id":16,"step":24,"intermediate_value":95.4}
{"op_code":8,"worker_id":"ca27d457-fadf-483a-a30a-465ef41f328f-139754024333312","trial_id":16,"user_attr":{"train_loss_epoch_24":0.15316603946358537}}
{"op_code":7,"worker_id":"ca27d457-fadf-483a-a30a-465ef41f328f-139754024333312","trial_id":16,"step":25,"intermediate_value":95.46}
{"op_code":8,"worker_id":"ca27d457-fadf-483a-a30a-465ef41f328f-139754024333312","trial_id":16,"user_attr":{"train_loss_epoch_25":0.15006565430692073}}
{"op_code":7,"worker_id":"ca27d457-fadf-483a-a30a-465ef41f328f-139754024333312","trial_id":16,"step":26,"intermediate_value":95.59}
{"op_code":8,"worker_id":"ca27d457-fadf-483a-a30a-465ef41f328f-139754024333312","trial_id":16,"user_attr":{"train_loss_epoch_26":0.14767546355049174}}
{"op_code":7,"worker_id":"ca27d457-fadf-483a-a30a-465ef41f328f-139754024333312","trial_id":16,"step":27,"intermediate_value":95.59}
{"op_code":8,"worker_id":"ca27d457-fadf-483a-a30a-465ef41f328f-139754024333312","trial_id":16,"user_attr":{"train_loss_epoch_27":0.1455001538551883}}
{"op_code":7,"worker_id":"ca27d457-fadf-483a-a30a-465ef41f328f-139754024333312","trial_id":16,"step":28,"intermediate_value":95.59}
{"op_code":8,"worker_id":"ca27d457-fadf-483a-a30a-465ef41f328f-139754024333312","trial_id":16,"user_attr":{"train_loss_epoch_28":0.1431992110242245}}
{"op_code":7,"worker_id":"ca27d457-fadf-483a-a30a-465ef41f328f-139754024333312","trial_id":16,"step":29,"intermediate_value":95.71}
{"op_code":8,"worker_id":"ca27d457-fadf-483a-a30a-465ef41f328f-139754024333312","trial_id":16,"user_attr":{"train_loss_epoch_29":0.14019702520888688}}
{"op_code":7,"worker_id":"ca27d457-fadf-483a-a30a-465ef41f328f-139754024333312","trial_id":16,"step":30,"intermediate_value":95.8}
{"op_code":8,"worker_id":"ca27d457-fadf-483a-a30a-465ef41f328f-139754024333312","trial_id":16,"user_attr":{"train_loss_epoch_30":0.13782355430990711}}
{"op_code":6,"worker_id":"ca27d457-fadf-483a-a30a-465ef41f328f-139754024333312","trial_id":16,"state":1,"values":[95.8],"datetime_complete":"2026-05-07T22:57:01.365726"}
{"op_code":4,"worker_id":"ca27d457-fadf-483a-a30a-465ef41f328f-139754024333312","study_id":0,"datetime_start":"2026-05-07T22:57:01.369252"}
{"op_code":5,"worker_id":"ca27d457-fadf-483a-a30a-465ef41f328f-139754024333312","trial_id":17,"param_name":"learning_rate","param_value_internal":0.17331857557046693,"distribution":"{\"name\": \"FloatDistribution\", \"attributes\": {\"step\": null, \"low\": 0.006, \"high\": 5.0, \"log\": true}}"}
{"op_code":5,"worker_id":"ca27d457-fadf-483a-a30a-465ef41f328f-139754024333312","trial_id":17,"param_name":"transfer_lr","param_value_internal":0.0021773582852179147,"distribution":"{\"name\": \"FloatDistribution\", \"attributes\": {\"step\": null, \"low\": 1e-05, \"high\": 0.03, \"log\": true}}"}
{"op_code":5,"worker_id":"ca27d457-fadf-483a-a30a-465ef41f328f-139754024333312","trial_id":17,"param_name":"transfer_every","param_value_internal":10.0,"distribution":"{\"name\": \"IntDistribution\", \"attributes\": {\"log\": true, \"step\": 1, \"low\": 10, \"high\": 10}}"}
{"op_code":5,"worker_id":"ca27d457-fadf-483a-a30a-465ef41f328f-139754024333312","trial_id":17,"param_name":"rank_exp","param_value_internal":3.0,"distribution":"{\"name\": \"IntDistribution\", \"attributes\": {\"log\": false, \"step\": 1, \"low\": 3, \"high\": 3}}"}
{"op_code":5,"worker_id":"ca27d457-fadf-483a-a30a-465ef41f328f-139754024333312","trial_id":17,"param_name":"fast_lr","param_value_internal":0.0007,"distribution":"{\"name\": \"FloatDistribution\", \"attributes\": {\"step\": null, \"low\": 0.0007, \"high\": 20000.0, \"log\": true}}"}
{"op_code":5,"worker_id":"ca27d457-fadf-483a-a30a-465ef41f328f-139754024333312","trial_id":17,"param_name":"tau_sec","param_value_internal":0.0,"distribution":"{\"name\": \"FloatDistribution\", \"attributes\": {\"step\": null, \"low\": 0.0, \"high\": 0.0, \"log\": false}}"}
{"op_code":5,"worker_id":"ca27d457-fadf-483a-a30a-465ef41f328f-139754024333312","trial_id":17,"param_name":"ab_dw_min","param_value_internal":0.001981,"distribution":"{\"name\": \"FloatDistribution\", \"attributes\": {\"step\": null, \"low\": 0.001981, \"high\": 0.001981, \"log\": true}}"}
{"op_code":5,"worker_id":"ca27d457-fadf-483a-a30a-465ef41f328f-139754024333312","trial_id":17,"param_name":"ab_desired_bl","param_value_internal":31.0,"distribution":"{\"name\": \"IntDistribution\", \"attributes\": {\"log\": false, \"step\": 1, \"low\": 31, \"high\": 31}}"}
{"op_code":5,"worker_id":"ca27d457-fadf-483a-a30a-465ef41f328f-139754024333312","trial_id":17,"param_name":"a_reset_std","param_value_internal":1e-30,"distribution":"{\"name\": \"FloatDistribution\", \"attributes\": {\"step\": null, \"low\": 1e-30, \"high\": 1e-30, \"log\": true}}"}
{"op_code":5,"worker_id":"ca27d457-fadf-483a-a30a-465ef41f328f-139754024333312","trial_id":17,"param_name":"b_reset_std","param_value_internal":30000.0,"distribution":"{\"name\": \"FloatDistribution\", \"attributes\": {\"step\": null, \"low\": 2e-05, \"high\": 30000.0, \"log\": true}}"}
{"op_code":5,"worker_id":"ca27d457-fadf-483a-a30a-465ef41f328f-139754024333312","trial_id":17,"param_name":"c_dw_min","param_value_internal":0.001,"distribution":"{\"name\": \"FloatDistribution\", \"attributes\": {\"step\": null, \"low\": 0.001, \"high\": 0.001, \"log\": true}}"}
{"op_code":5,"worker_id":"ca27d457-fadf-483a-a30a-465ef41f328f-139754024333312","trial_id":17,"param_name":"c_desired_bl","param_value_internal":31.0,"distribution":"{\"name\": \"IntDistribution\", \"attributes\": {\"log\": false, \"step\": 1, \"low\": 31, \"high\": 31}}"}
{"op_code":5,"worker_id":"ca27d457-fadf-483a-a30a-465ef41f328f-139754024333312","trial_id":17,"param_name":"out_noise","param_value_internal":0.0,"distribution":"{\"name\": \"FloatDistribution\", \"attributes\": {\"step\": null, \"low\": 0.0, \"high\": 0.0, \"log\": false}}"}
{"op_code":5,"worker_id":"ca27d457-fadf-483a-a30a-465ef41f328f-139754024333312","trial_id":17,"param_name":"ab_weight_scaling_omega","param_value_internal":0.0,"distribution":"{\"name\": \"FloatDistribution\", \"attributes\": {\"step\": null, \"low\": 0.0, \"high\": 0.0, \"log\": false}}"}
{"op_code":8,"worker_id":"ca27d457-fadf-483a-a30a-465ef41f328f-139754024333312","trial_id":17,"user_attr":{"grad_accum_steps":1}}
{"op_code":7,"worker_id":"ca27d457-fadf-483a-a30a-465ef41f328f-139754024333312","trial_id":17,"step":1,"intermediate_value":90.1}
{"op_code":8,"worker_id":"ca27d457-fadf-483a-a30a-465ef41f328f-139754024333312","trial_id":17,"user_attr":{"train_loss_epoch_1":0.5228235616978171}}
{"op_code":7,"worker_id":"ca27d457-fadf-483a-a30a-465ef41f328f-139754024333312","trial_id":17,"step":2,"intermediate_value":90.49}
{"op_code":8,"worker_id":"ca27d457-fadf-483a-a30a-465ef41f328f-139754024333312","trial_id":17,"user_attr":{"train_loss_epoch_2":0.33871143881573096}}
{"op_code":7,"worker_id":"ca27d457-fadf-483a-a30a-465ef41f328f-139754024333312","trial_id":17,"step":3,"intermediate_value":91.65}
{"op_code":8,"worker_id":"ca27d457-fadf-483a-a30a-465ef41f328f-139754024333312","trial_id":17,"user_attr":{"train_loss_epoch_3":0.3047736119042073}}
{"op_code":7,"worker_id":"ca27d457-fadf-483a-a30a-465ef41f328f-139754024333312","trial_id":17,"step":4,"intermediate_value":91.7}
{"op_code":8,"worker_id":"ca27d457-fadf-483a-a30a-465ef41f328f-139754024333312","trial_id":17,"user_attr":{"train_loss_epoch_4":0.2856322944021301}}
{"op_code":7,"worker_id":"ca27d457-fadf-483a-a30a-465ef41f328f-139754024333312","trial_id":17,"step":5,"intermediate_value":92.08}
{"op_code":8,"worker_id":"ca27d457-fadf-483a-a30a-465ef41f328f-139754024333312","trial_id":17,"user_attr":{"train_loss_epoch_5":0.272579435934263}}
{"op_code":7,"worker_id":"ca27d457-fadf-483a-a30a-465ef41f328f-139754024333312","trial_id":17,"step":6,"intermediate_value":92.32}
{"op_code":8,"worker_id":"ca27d457-fadf-483a-a30a-465ef41f328f-139754024333312","trial_id":17,"user_attr":{"train_loss_epoch_6":0.26227419937788043}}
{"op_code":7,"worker_id":"ca27d457-fadf-483a-a30a-465ef41f328f-139754024333312","trial_id":17,"step":7,"intermediate_value":92.32}
{"op_code":8,"worker_id":"ca27d457-fadf-483a-a30a-465ef41f328f-139754024333312","trial_id":17,"user_attr":{"train_loss_epoch_7":0.2540556252487242}}
{"op_code":7,"worker_id":"ca27d457-fadf-483a-a30a-465ef41f328f-139754024333312","trial_id":17,"step":8,"intermediate_value":92.52}
{"op_code":8,"worker_id":"ca27d457-fadf-483a-a30a-465ef41f328f-139754024333312","trial_id":17,"user_attr":{"train_loss_epoch_8":0.24714441456075417}}
{"op_code":7,"worker_id":"ca27d457-fadf-483a-a30a-465ef41f328f-139754024333312","trial_id":17,"step":9,"intermediate_value":92.52}
{"op_code":8,"worker_id":"ca27d457-fadf-483a-a30a-465ef41f328f-139754024333312","trial_id":17,"user_attr":{"train_loss_epoch_9":0.24217065938436655}}
{"op_code":7,"worker_id":"ca27d457-fadf-483a-a30a-465ef41f328f-139754024333312","trial_id":17,"step":10,"intermediate_value":92.75}
{"op_code":8,"worker_id":"ca27d457-fadf-483a-a30a-465ef41f328f-139754024333312","trial_id":17,"user_attr":{"train_loss_epoch_10":0.23765952530493742}}
{"op_code":7,"worker_id":"ca27d457-fadf-483a-a30a-465ef41f328f-139754024333312","trial_id":17,"step":11,"intermediate_value":92.82}
{"op_code":8,"worker_id":"ca27d457-fadf-483a-a30a-465ef41f328f-139754024333312","trial_id":17,"user_attr":{"train_loss_epoch_11":0.229817015803985}}
{"op_code":7,"worker_id":"ca27d457-fadf-483a-a30a-465ef41f328f-139754024333312","trial_id":17,"step":12,"intermediate_value":92.83}
{"op_code":8,"worker_id":"ca27d457-fadf-483a-a30a-465ef41f328f-139754024333312","trial_id":17,"user_attr":{"train_loss_epoch_12":0.2273209973343654}}
{"op_code":7,"worker_id":"ca27d457-fadf-483a-a30a-465ef41f328f-139754024333312","trial_id":17,"step":13,"intermediate_value":92.95}
{"op_code":8,"worker_id":"ca27d457-fadf-483a-a30a-465ef41f328f-139754024333312","trial_id":17,"user_attr":{"train_loss_epoch_13":0.22527399275110346}}
{"op_code":7,"worker_id":"ca27d457-fadf-483a-a30a-465ef41f328f-139754024333312","trial_id":17,"step":14,"intermediate_value":93.12}
{"op_code":8,"worker_id":"ca27d457-fadf-483a-a30a-465ef41f328f-139754024333312","trial_id":17,"user_attr":{"train_loss_epoch_14":0.22326054868858253}}
{"op_code":7,"worker_id":"ca27d457-fadf-483a-a30a-465ef41f328f-139754024333312","trial_id":17,"step":15,"intermediate_value":93.12}
{"op_code":8,"worker_id":"ca27d457-fadf-483a-a30a-465ef41f328f-139754024333312","trial_id":17,"user_attr":{"train_loss_epoch_15":0.22098563576160846}}
{"op_code":7,"worker_id":"ca27d457-fadf-483a-a30a-465ef41f328f-139754024333312","trial_id":17,"step":16,"intermediate_value":93.14}
{"op_code":8,"worker_id":"ca27d457-fadf-483a-a30a-465ef41f328f-139754024333312","trial_id":17,"user_attr":{"train_loss_epoch_16":0.21837564885044403}}
{"op_code":7,"worker_id":"ca27d457-fadf-483a-a30a-465ef41f328f-139754024333312","trial_id":17,"step":17,"intermediate_value":93.14}
{"op_code":8,"worker_id":"ca27d457-fadf-483a-a30a-465ef41f328f-139754024333312","trial_id":17,"user_attr":{"train_loss_epoch_17":0.21686645668706914}}
{"op_code":7,"worker_id":"ca27d457-fadf-483a-a30a-465ef41f328f-139754024333312","trial_id":17,"step":18,"intermediate_value":93.14}
{"op_code":8,"worker_id":"ca27d457-fadf-483a-a30a-465ef41f328f-139754024333312","trial_id":17,"user_attr":{"train_loss_epoch_18":0.21466172694254404}}
{"op_code":7,"worker_id":"ca27d457-fadf-483a-a30a-465ef41f328f-139754024333312","trial_id":17,"step":19,"intermediate_value":93.2}
{"op_code":8,"worker_id":"ca27d457-fadf-483a-a30a-465ef41f328f-139754024333312","trial_id":17,"user_attr":{"train_loss_epoch_19":0.212798923488333}}
{"op_code":7,"worker_id":"ca27d457-fadf-483a-a30a-465ef41f328f-139754024333312","trial_id":17,"step":20,"intermediate_value":93.38}
{"op_code":8,"worker_id":"ca27d457-fadf-483a-a30a-465ef41f328f-139754024333312","trial_id":17,"user_attr":{"train_loss_epoch_20":0.21091014360869997}}
{"op_code":7,"worker_id":"ca27d457-fadf-483a-a30a-465ef41f328f-139754024333312","trial_id":17,"step":21,"intermediate_value":93.38}
{"op_code":8,"worker_id":"ca27d457-fadf-483a-a30a-465ef41f328f-139754024333312","trial_id":17,"user_attr":{"train_loss_epoch_21":0.20686598216245042}}
{"op_code":7,"worker_id":"ca27d457-fadf-483a-a30a-465ef41f328f-139754024333312","trial_id":17,"step":22,"intermediate_value":93.43}
{"op_code":8,"worker_id":"ca27d457-fadf-483a-a30a-465ef41f328f-139754024333312","trial_id":17,"user_attr":{"train_loss_epoch_22":0.20603826638462067}}
{"op_code":7,"worker_id":"ca27d457-fadf-483a-a30a-465ef41f328f-139754024333312","trial_id":17,"step":23,"intermediate_value":93.43}
{"op_code":8,"worker_id":"ca27d457-fadf-483a-a30a-465ef41f328f-139754024333312","trial_id":17,"user_attr":{"train_loss_epoch_23":0.2047737737430502}}
{"op_code":7,"worker_id":"ca27d457-fadf-483a-a30a-465ef41f328f-139754024333312","trial_id":17,"step":24,"intermediate_value":93.43}
{"op_code":8,"worker_id":"ca27d457-fadf-483a-a30a-465ef41f328f-139754024333312","trial_id":17,"user_attr":{"train_loss_epoch_24":0.20329930508997776}}
{"op_code":7,"worker_id":"ca27d457-fadf-483a-a30a-465ef41f328f-139754024333312","trial_id":17,"step":25,"intermediate_value":93.61}
{"op_code":8,"worker_id":"ca27d457-fadf-483a-a30a-465ef41f328f-139754024333312","trial_id":17,"user_attr":{"train_loss_epoch_25":0.20180575148081348}}
{"op_code":7,"worker_id":"ca27d457-fadf-483a-a30a-465ef41f328f-139754024333312","trial_id":17,"step":26,"intermediate_value":93.63}
{"op_code":8,"worker_id":"ca27d457-fadf-483a-a30a-465ef41f328f-139754024333312","trial_id":17,"user_attr":{"train_loss_epoch_26":0.20008227572655246}}
{"op_code":7,"worker_id":"ca27d457-fadf-483a-a30a-465ef41f328f-139754024333312","trial_id":17,"step":27,"intermediate_value":93.63}
{"op_code":8,"worker_id":"ca27d457-fadf-483a-a30a-465ef41f328f-139754024333312","trial_id":17,"user_attr":{"train_loss_epoch_27":0.19911605728539958}}
{"op_code":7,"worker_id":"ca27d457-fadf-483a-a30a-465ef41f328f-139754024333312","trial_id":17,"step":28,"intermediate_value":93.73}
{"op_code":8,"worker_id":"ca27d457-fadf-483a-a30a-465ef41f328f-139754024333312","trial_id":17,"user_attr":{"train_loss_epoch_28":0.19749106846447947}}
{"op_code":7,"worker_id":"ca27d457-fadf-483a-a30a-465ef41f328f-139754024333312","trial_id":17,"step":29,"intermediate_value":93.73}
{"op_code":8,"worker_id":"ca27d457-fadf-483a-a30a-465ef41f328f-139754024333312","trial_id":17,"user_attr":{"train_loss_epoch_29":0.19632700119000762}}
{"op_code":7,"worker_id":"ca27d457-fadf-483a-a30a-465ef41f328f-139754024333312","trial_id":17,"step":30,"intermediate_value":93.73}
{"op_code":8,"worker_id":"ca27d457-fadf-483a-a30a-465ef41f328f-139754024333312","trial_id":17,"user_attr":{"train_loss_epoch_30":0.1951210030567036}}
{"op_code":6,"worker_id":"ca27d457-fadf-483a-a30a-465ef41f328f-139754024333312","trial_id":17,"state":1,"values":[93.73],"datetime_complete":"2026-05-07T23:07:52.004994"}
{"op_code":4,"worker_id":"ca27d457-fadf-483a-a30a-465ef41f328f-139754024333312","study_id":0,"datetime_start":"2026-05-07T23:07:52.007735"}
{"op_code":5,"worker_id":"ca27d457-fadf-483a-a30a-465ef41f328f-139754024333312","trial_id":18,"param_name":"learning_rate","param_value_internal":0.33088615160394486,"distribution":"{\"name\": \"FloatDistribution\", \"attributes\": {\"step\": null, \"low\": 0.006, \"high\": 5.0, \"log\": true}}"}
{"op_code":5,"worker_id":"ca27d457-fadf-483a-a30a-465ef41f328f-139754024333312","trial_id":18,"param_name":"transfer_lr","param_value_internal":0.002734463276040965,"distribution":"{\"name\": \"FloatDistribution\", \"attributes\": {\"step\": null, \"low\": 1e-05, \"high\": 0.03, \"log\": true}}"}
{"op_code":5,"worker_id":"ca27d457-fadf-483a-a30a-465ef41f328f-139754024333312","trial_id":18,"param_name":"transfer_every","param_value_internal":10.0,"distribution":"{\"name\": \"IntDistribution\", \"attributes\": {\"log\": true, \"step\": 1, \"low\": 10, \"high\": 10}}"}
{"op_code":5,"worker_id":"ca27d457-fadf-483a-a30a-465ef41f328f-139754024333312","trial_id":18,"param_name":"rank_exp","param_value_internal":3.0,"distribution":"{\"name\": \"IntDistribution\", \"attributes\": {\"log\": false, \"step\": 1, \"low\": 3, \"high\": 3}}"}
{"op_code":5,"worker_id":"ca27d457-fadf-483a-a30a-465ef41f328f-139754024333312","trial_id":18,"param_name":"fast_lr","param_value_internal":0.14814822073596942,"distribution":"{\"name\": \"FloatDistribution\", \"attributes\": {\"step\": null, \"low\": 0.0007, \"high\": 20000.0, \"log\": true}}"}
{"op_code":5,"worker_id":"ca27d457-fadf-483a-a30a-465ef41f328f-139754024333312","trial_id":18,"param_name":"tau_sec","param_value_internal":0.0,"distribution":"{\"name\": \"FloatDistribution\", \"attributes\": {\"step\": null, \"low\": 0.0, \"high\": 0.0, \"log\": false}}"}
{"op_code":5,"worker_id":"ca27d457-fadf-483a-a30a-465ef41f328f-139754024333312","trial_id":18,"param_name":"ab_dw_min","param_value_internal":0.001981,"distribution":"{\"name\": \"FloatDistribution\", \"attributes\": {\"step\": null, \"low\": 0.001981, \"high\": 0.001981, \"log\": true}}"}
{"op_code":5,"worker_id":"ca27d457-fadf-483a-a30a-465ef41f328f-139754024333312","trial_id":18,"param_name":"ab_desired_bl","param_value_internal":31.0,"distribution":"{\"name\": \"IntDistribution\", \"attributes\": {\"log\": false, \"step\": 1, \"low\": 31, \"high\": 31}}"}
{"op_code":5,"worker_id":"ca27d457-fadf-483a-a30a-465ef41f328f-139754024333312","trial_id":18,"param_name":"a_reset_std","param_value_internal":1e-30,"distribution":"{\"name\": \"FloatDistribution\", \"attributes\": {\"step\": null, \"low\": 1e-30, \"high\": 1e-30, \"log\": true}}"}
{"op_code":5,"worker_id":"ca27d457-fadf-483a-a30a-465ef41f328f-139754024333312","trial_id":18,"param_name":"b_reset_std","param_value_internal":590.0113887237343,"distribution":"{\"name\": \"FloatDistribution\", \"attributes\": {\"step\": null, \"low\": 2e-05, \"high\": 30000.0, \"log\": true}}"}
{"op_code":5,"worker_id":"ca27d457-fadf-483a-a30a-465ef41f328f-139754024333312","trial_id":18,"param_name":"c_dw_min","param_value_internal":0.001,"distribution":"{\"name\": \"FloatDistribution\", \"attributes\": {\"step\": null, \"low\": 0.001, \"high\": 0.001, \"log\": true}}"}
{"op_code":5,"worker_id":"ca27d457-fadf-483a-a30a-465ef41f328f-139754024333312","trial_id":18,"param_name":"c_desired_bl","param_value_internal":31.0,"distribution":"{\"name\": \"IntDistribution\", \"attributes\": {\"log\": false, \"step\": 1, \"low\": 31, \"high\": 31}}"}
{"op_code":5,"worker_id":"ca27d457-fadf-483a-a30a-465ef41f328f-139754024333312","trial_id":18,"param_name":"out_noise","param_value_internal":0.0,"distribution":"{\"name\": \"FloatDistribution\", \"attributes\": {\"step\": null, \"low\": 0.0, \"high\": 0.0, \"log\": false}}"}
{"op_code":5,"worker_id":"ca27d457-fadf-483a-a30a-465ef41f328f-139754024333312","trial_id":18,"param_name":"ab_weight_scaling_omega","param_value_internal":0.0,"distribution":"{\"name\": \"FloatDistribution\", \"attributes\": {\"step\": null, \"low\": 0.0, \"high\": 0.0, \"log\": false}}"}
{"op_code":8,"worker_id":"ca27d457-fadf-483a-a30a-465ef41f328f-139754024333312","trial_id":18,"user_attr":{"grad_accum_steps":1}}
{"op_code":7,"worker_id":"ca27d457-fadf-483a-a30a-465ef41f328f-139754024333312","trial_id":18,"step":1,"intermediate_value":92.58}
{"op_code":8,"worker_id":"ca27d457-fadf-483a-a30a-465ef41f328f-139754024333312","trial_id":18,"user_attr":{"train_loss_epoch_1":0.3862638239349638}}
{"op_code":7,"worker_id":"ca27d457-fadf-483a-a30a-465ef41f328f-139754024333312","trial_id":18,"step":2,"intermediate_value":94.18}
{"op_code":8,"worker_id":"ca27d457-fadf-483a-a30a-465ef41f328f-139754024333312","trial_id":18,"user_attr":{"train_loss_epoch_2":0.227642868170892}}
{"op_code":7,"worker_id":"ca27d457-fadf-483a-a30a-465ef41f328f-139754024333312","trial_id":18,"step":3,"intermediate_value":94.77}
{"op_code":8,"worker_id":"ca27d457-fadf-483a-a30a-465ef41f328f-139754024333312","trial_id":18,"user_attr":{"train_loss_epoch_3":0.18226756878308395}}
{"op_code":7,"worker_id":"ca27d457-fadf-483a-a30a-465ef41f328f-139754024333312","trial_id":18,"step":4,"intermediate_value":94.94}
{"op_code":8,"worker_id":"ca27d457-fadf-483a-a30a-465ef41f328f-139754024333312","trial_id":18,"user_attr":{"train_loss_epoch_4":0.1573035129542544}}
{"op_code":7,"worker_id":"ca27d457-fadf-483a-a30a-465ef41f328f-139754024333312","trial_id":18,"step":5,"intermediate_value":95.77}
{"op_code":8,"worker_id":"ca27d457-fadf-483a-a30a-465ef41f328f-139754024333312","trial_id":18,"user_attr":{"train_loss_epoch_5":0.1414555547975385}}
{"op_code":7,"worker_id":"ca27d457-fadf-483a-a30a-465ef41f328f-139754024333312","trial_id":18,"step":6,"intermediate_value":95.8}
{"op_code":8,"worker_id":"ca27d457-fadf-483a-a30a-465ef41f328f-139754024333312","trial_id":18,"user_attr":{"train_loss_epoch_6":0.1272992705886584}}
{"op_code":7,"worker_id":"ca27d457-fadf-483a-a30a-465ef41f328f-139754024333312","trial_id":18,"step":7,"intermediate_value":95.97}
{"op_code":8,"worker_id":"ca27d457-fadf-483a-a30a-465ef41f328f-139754024333312","trial_id":18,"user_attr":{"train_loss_epoch_7":0.11712862871118637}}
{"op_code":7,"worker_id":"ca27d457-fadf-483a-a30a-465ef41f328f-139754024333312","trial_id":18,"step":8,"intermediate_value":95.97}
{"op_code":8,"worker_id":"ca27d457-fadf-483a-a30a-465ef41f328f-139754024333312","trial_id":18,"user_attr":{"train_loss_epoch_8":0.10832252264219418}}
{"op_code":7,"worker_id":"ca27d457-fadf-483a-a30a-465ef41f328f-139754024333312","trial_id":18,"step":9,"intermediate_value":96.19}
{"op_code":8,"worker_id":"ca27d457-fadf-483a-a30a-465ef41f328f-139754024333312","trial_id":18,"user_attr":{"train_loss_epoch_9":0.10199791692924112}}
{"op_code":7,"worker_id":"ca27d457-fadf-483a-a30a-465ef41f328f-139754024333312","trial_id":18,"step":10,"intermediate_value":96.19}
{"op_code":8,"worker_id":"ca27d457-fadf-483a-a30a-465ef41f328f-139754024333312","trial_id":18,"user_attr":{"train_loss_epoch_10":0.09712819304954666}}
{"op_code":7,"worker_id":"ca27d457-fadf-483a-a30a-465ef41f328f-139754024333312","trial_id":18,"step":11,"intermediate_value":96.29}
{"op_code":8,"worker_id":"ca27d457-fadf-483a-a30a-465ef41f328f-139754024333312","trial_id":18,"user_attr":{"train_loss_epoch_11":0.08933535156829128}}
{"op_code":7,"worker_id":"ca27d457-fadf-483a-a30a-465ef41f328f-139754024333312","trial_id":18,"step":12,"intermediate_value":96.37}
{"op_code":8,"worker_id":"ca27d457-fadf-483a-a30a-465ef41f328f-139754024333312","trial_id":18,"user_attr":{"train_loss_epoch_12":0.08729252457392336}}
{"op_code":7,"worker_id":"ca27d457-fadf-483a-a30a-465ef41f328f-139754024333312","trial_id":18,"step":13,"intermediate_value":96.37}
{"op_code":8,"worker_id":"ca27d457-fadf-483a-a30a-465ef41f328f-139754024333312","trial_id":18,"user_attr":{"train_loss_epoch_13":0.08476552833517048}}
{"op_code":7,"worker_id":"ca27d457-fadf-483a-a30a-465ef41f328f-139754024333312","trial_id":18,"step":14,"intermediate_value":96.48}
{"op_code":8,"worker_id":"ca27d457-fadf-483a-a30a-465ef41f328f-139754024333312","trial_id":18,"user_attr":{"train_loss_epoch_14":0.08113142422714166}}
{"op_code":7,"worker_id":"ca27d457-fadf-483a-a30a-465ef41f328f-139754024333312","trial_id":18,"step":15,"intermediate_value":96.72}
{"op_code":8,"worker_id":"ca27d457-fadf-483a-a30a-465ef41f328f-139754024333312","trial_id":18,"user_attr":{"train_loss_epoch_15":0.07721106727013806}}
{"op_code":7,"worker_id":"ca27d457-fadf-483a-a30a-465ef41f328f-139754024333312","trial_id":18,"step":16,"intermediate_value":96.72}
{"op_code":8,"worker_id":"ca27d457-fadf-483a-a30a-465ef41f328f-139754024333312","trial_id":18,"user_attr":{"train_loss_epoch_16":0.07543442818223993}}
{"op_code":7,"worker_id":"ca27d457-fadf-483a-a30a-465ef41f328f-139754024333312","trial_id":18,"step":17,"intermediate_value":96.72}
{"op_code":8,"worker_id":"ca27d457-fadf-483a-a30a-465ef41f328f-139754024333312","trial_id":18,"user_attr":{"train_loss_epoch_17":0.07386984066369492}}
{"op_code":7,"worker_id":"ca27d457-fadf-483a-a30a-465ef41f328f-139754024333312","trial_id":18,"step":18,"intermediate_value":96.72}
{"op_code":8,"worker_id":"ca27d457-fadf-483a-a30a-465ef41f328f-139754024333312","trial_id":18,"user_attr":{"train_loss_epoch_18":0.07257571934075999}}
{"op_code":7,"worker_id":"ca27d457-fadf-483a-a30a-465ef41f328f-139754024333312","trial_id":18,"step":19,"intermediate_value":96.72}
{"op_code":8,"worker_id":"ca27d457-fadf-483a-a30a-465ef41f328f-139754024333312","trial_id":18,"user_attr":{"train_loss_epoch_19":0.07024113072960107}}
{"op_code":7,"worker_id":"ca27d457-fadf-483a-a30a-465ef41f328f-139754024333312","trial_id":18,"step":20,"intermediate_value":96.76}
{"op_code":8,"worker_id":"ca27d457-fadf-483a-a30a-465ef41f328f-139754024333312","trial_id":18,"user_attr":{"train_loss_epoch_20":0.06773114459428277}}
{"op_code":7,"worker_id":"ca27d457-fadf-483a-a30a-465ef41f328f-139754024333312","trial_id":18,"step":21,"intermediate_value":96.76}
{"op_code":8,"worker_id":"ca27d457-fadf-483a-a30a-465ef41f328f-139754024333312","trial_id":18,"user_attr":{"train_loss_epoch_21":0.06482463483058258}}
{"op_code":7,"worker_id":"ca27d457-fadf-483a-a30a-465ef41f328f-139754024333312","trial_id":18,"step":22,"intermediate_value":96.81}
{"op_code":8,"worker_id":"ca27d457-fadf-483a-a30a-465ef41f328f-139754024333312","trial_id":18,"user_attr":{"train_loss_epoch_22":0.06395724689193777}}
{"op_code":7,"worker_id":"ca27d457-fadf-483a-a30a-465ef41f328f-139754024333312","trial_id":18,"step":23,"intermediate_value":96.81}
{"op_code":8,"worker_id":"ca27d457-fadf-483a-a30a-465ef41f328f-139754024333312","trial_id":18,"user_attr":{"train_loss_epoch_23":0.06226186240131635}}
{"op_code":7,"worker_id":"ca27d457-fadf-483a-a30a-465ef41f328f-139754024333312","trial_id":18,"step":24,"intermediate_value":96.81}
{"op_code":8,"worker_id":"ca27d457-fadf-483a-a30a-465ef41f328f-139754024333312","trial_id":18,"user_attr":{"train_loss_epoch_24":0.060349268457993294}}
{"op_code":7,"worker_id":"ca27d457-fadf-483a-a30a-465ef41f328f-139754024333312","trial_id":18,"step":25,"intermediate_value":96.85}
{"op_code":8,"worker_id":"ca27d457-fadf-483a-a30a-465ef41f328f-139754024333312","trial_id":18,"user_attr":{"train_loss_epoch_25":0.05942776074895123}}
{"op_code":7,"worker_id":"ca27d457-fadf-483a-a30a-465ef41f328f-139754024333312","trial_id":18,"step":26,"intermediate_value":96.85}
{"op_code":8,"worker_id":"ca27d457-fadf-483a-a30a-465ef41f328f-139754024333312","trial_id":18,"user_attr":{"train_loss_epoch_26":0.05832775466060683}}
{"op_code":7,"worker_id":"ca27d457-fadf-483a-a30a-465ef41f328f-139754024333312","trial_id":18,"step":27,"intermediate_value":96.85}
{"op_code":8,"worker_id":"ca27d457-fadf-483a-a30a-465ef41f328f-139754024333312","trial_id":18,"user_attr":{"train_loss_epoch_27":0.05728469515936191}}
{"op_code":7,"worker_id":"ca27d457-fadf-483a-a30a-465ef41f328f-139754024333312","trial_id":18,"step":28,"intermediate_value":96.88}
{"op_code":8,"worker_id":"ca27d457-fadf-483a-a30a-465ef41f328f-139754024333312","trial_id":18,"user_attr":{"train_loss_epoch_28":0.05639224199663554}}
{"op_code":7,"worker_id":"ca27d457-fadf-483a-a30a-465ef41f328f-139754024333312","trial_id":18,"step":29,"intermediate_value":97.0}
{"op_code":8,"worker_id":"ca27d457-fadf-483a-a30a-465ef41f328f-139754024333312","trial_id":18,"user_attr":{"train_loss_epoch_29":0.056144527778692686}}
{"op_code":7,"worker_id":"ca27d457-fadf-483a-a30a-465ef41f328f-139754024333312","trial_id":18,"step":30,"intermediate_value":97.0}
{"op_code":8,"worker_id":"ca27d457-fadf-483a-a30a-465ef41f328f-139754024333312","trial_id":18,"user_attr":{"train_loss_epoch_30":0.05459468504205457}}
{"op_code":6,"worker_id":"ca27d457-fadf-483a-a30a-465ef41f328f-139754024333312","trial_id":18,"state":1,"values":[97.0],"datetime_complete":"2026-05-07T23:17:17.371019"}
{"op_code":4,"worker_id":"ca27d457-fadf-483a-a30a-465ef41f328f-139754024333312","study_id":0,"datetime_start":"2026-05-07T23:17:17.373393"}
{"op_code":5,"worker_id":"ca27d457-fadf-483a-a30a-465ef41f328f-139754024333312","trial_id":19,"param_name":"learning_rate","param_value_internal":0.11654789976635009,"distribution":"{\"name\": \"FloatDistribution\", \"attributes\": {\"step\": null, \"low\": 0.006, \"high\": 5.0, \"log\": true}}"}
{"op_code":5,"worker_id":"ca27d457-fadf-483a-a30a-465ef41f328f-139754024333312","trial_id":19,"param_name":"transfer_lr","param_value_internal":0.0026230599824022885,"distribution":"{\"name\": \"FloatDistribution\", \"attributes\": {\"step\": null, \"low\": 1e-05, \"high\": 0.03, \"log\": true}}"}
{"op_code":5,"worker_id":"ca27d457-fadf-483a-a30a-465ef41f328f-139754024333312","trial_id":19,"param_name":"transfer_every","param_value_internal":10.0,"distribution":"{\"name\": \"IntDistribution\", \"attributes\": {\"log\": true, \"step\": 1, \"low\": 10, \"high\": 10}}"}
{"op_code":5,"worker_id":"ca27d457-fadf-483a-a30a-465ef41f328f-139754024333312","trial_id":19,"param_name":"rank_exp","param_value_internal":3.0,"distribution":"{\"name\": \"IntDistribution\", \"attributes\": {\"log\": false, \"step\": 1, \"low\": 3, \"high\": 3}}"}
{"op_code":5,"worker_id":"ca27d457-fadf-483a-a30a-465ef41f328f-139754024333312","trial_id":19,"param_name":"fast_lr","param_value_internal":0.2029535629259799,"distribution":"{\"name\": \"FloatDistribution\", \"attributes\": {\"step\": null, \"low\": 0.0007, \"high\": 20000.0, \"log\": true}}"}
{"op_code":5,"worker_id":"ca27d457-fadf-483a-a30a-465ef41f328f-139754024333312","trial_id":19,"param_name":"tau_sec","param_value_internal":0.0,"distribution":"{\"name\": \"FloatDistribution\", \"attributes\": {\"step\": null, \"low\": 0.0, \"high\": 0.0, \"log\": false}}"}
{"op_code":5,"worker_id":"ca27d457-fadf-483a-a30a-465ef41f328f-139754024333312","trial_id":19,"param_name":"ab_dw_min","param_value_internal":0.001981,"distribution":"{\"name\": \"FloatDistribution\", \"attributes\": {\"step\": null, \"low\": 0.001981, \"high\": 0.001981, \"log\": true}}"}
{"op_code":5,"worker_id":"ca27d457-fadf-483a-a30a-465ef41f328f-139754024333312","trial_id":19,"param_name":"ab_desired_bl","param_value_internal":31.0,"distribution":"{\"name\": \"IntDistribution\", \"attributes\": {\"log\": false, \"step\": 1, \"low\": 31, \"high\": 31}}"}
{"op_code":5,"worker_id":"ca27d457-fadf-483a-a30a-465ef41f328f-139754024333312","trial_id":19,"param_name":"a_reset_std","param_value_internal":1e-30,"distribution":"{\"name\": \"FloatDistribution\", \"attributes\": {\"step\": null, \"low\": 1e-30, \"high\": 1e-30, \"log\": true}}"}
{"op_code":5,"worker_id":"ca27d457-fadf-483a-a30a-465ef41f328f-139754024333312","trial_id":19,"param_name":"b_reset_std","param_value_internal":28602.739293077393,"distribution":"{\"name\": \"FloatDistribution\", \"attributes\": {\"step\": null, \"low\": 2e-05, \"high\": 30000.0, \"log\": true}}"}
{"op_code":5,"worker_id":"ca27d457-fadf-483a-a30a-465ef41f328f-139754024333312","trial_id":19,"param_name":"c_dw_min","param_value_internal":0.001,"distribution":"{\"name\": \"FloatDistribution\", \"attributes\": {\"step\": null, \"low\": 0.001, \"high\": 0.001, \"log\": true}}"}
{"op_code":5,"worker_id":"ca27d457-fadf-483a-a30a-465ef41f328f-139754024333312","trial_id":19,"param_name":"c_desired_bl","param_value_internal":31.0,"distribution":"{\"name\": \"IntDistribution\", \"attributes\": {\"log\": false, \"step\": 1, \"low\": 31, \"high\": 31}}"}
{"op_code":5,"worker_id":"ca27d457-fadf-483a-a30a-465ef41f328f-139754024333312","trial_id":19,"param_name":"out_noise","param_value_internal":0.0,"distribution":"{\"name\": \"FloatDistribution\", \"attributes\": {\"step\": null, \"low\": 0.0, \"high\": 0.0, \"log\": false}}"}
{"op_code":5,"worker_id":"ca27d457-fadf-483a-a30a-465ef41f328f-139754024333312","trial_id":19,"param_name":"ab_weight_scaling_omega","param_value_internal":0.0,"distribution":"{\"name\": \"FloatDistribution\", \"attributes\": {\"step\": null, \"low\": 0.0, \"high\": 0.0, \"log\": false}}"}
{"op_code":8,"worker_id":"ca27d457-fadf-483a-a30a-465ef41f328f-139754024333312","trial_id":19,"user_attr":{"grad_accum_steps":1}}
{"op_code":7,"worker_id":"ca27d457-fadf-483a-a30a-465ef41f328f-139754024333312","trial_id":19,"step":1,"intermediate_value":91.72}
{"op_code":8,"worker_id":"ca27d457-fadf-483a-a30a-465ef41f328f-139754024333312","trial_id":19,"user_attr":{"train_loss_epoch_1":0.4674927677983033}}
{"op_code":7,"worker_id":"ca27d457-fadf-483a-a30a-465ef41f328f-139754024333312","trial_id":19,"step":2,"intermediate_value":93.25}
{"op_code":8,"worker_id":"ca27d457-fadf-483a-a30a-465ef41f328f-139754024333312","trial_id":19,"user_attr":{"train_loss_epoch_2":0.26634304673432796}}
{"op_code":7,"worker_id":"ca27d457-fadf-483a-a30a-465ef41f328f-139754024333312","trial_id":19,"step":3,"intermediate_value":94.03}
{"op_code":8,"worker_id":"ca27d457-fadf-483a-a30a-465ef41f328f-139754024333312","trial_id":19,"user_attr":{"train_loss_epoch_3":0.21697787635091906}}
{"op_code":7,"worker_id":"ca27d457-fadf-483a-a30a-465ef41f328f-139754024333312","trial_id":19,"step":4,"intermediate_value":94.95}
{"op_code":8,"worker_id":"ca27d457-fadf-483a-a30a-465ef41f328f-139754024333312","trial_id":19,"user_attr":{"train_loss_epoch_4":0.18469515961727925}}
{"op_code":7,"worker_id":"ca27d457-fadf-483a-a30a-465ef41f328f-139754024333312","trial_id":19,"step":5,"intermediate_value":94.98}
{"op_code":8,"worker_id":"ca27d457-fadf-483a-a30a-465ef41f328f-139754024333312","trial_id":19,"user_attr":{"train_loss_epoch_5":0.1623485518395027}}
{"op_code":7,"worker_id":"ca27d457-fadf-483a-a30a-465ef41f328f-139754024333312","trial_id":19,"step":6,"intermediate_value":95.36}
{"op_code":8,"worker_id":"ca27d457-fadf-483a-a30a-465ef41f328f-139754024333312","trial_id":19,"user_attr":{"train_loss_epoch_6":0.1478263656618689}}
{"op_code":7,"worker_id":"ca27d457-fadf-483a-a30a-465ef41f328f-139754024333312","trial_id":19,"step":7,"intermediate_value":95.81}
{"op_code":8,"worker_id":"ca27d457-fadf-483a-a30a-465ef41f328f-139754024333312","trial_id":19,"user_attr":{"train_loss_epoch_7":0.13535956531834564}}
{"op_code":7,"worker_id":"ca27d457-fadf-483a-a30a-465ef41f328f-139754024333312","trial_id":19,"step":8,"intermediate_value":95.84}
{"op_code":8,"worker_id":"ca27d457-fadf-483a-a30a-465ef41f328f-139754024333312","trial_id":19,"user_attr":{"train_loss_epoch_8":0.12518496188456252}}
{"op_code":7,"worker_id":"ca27d457-fadf-483a-a30a-465ef41f328f-139754024333312","trial_id":19,"step":9,"intermediate_value":96.09}
{"op_code":8,"worker_id":"ca27d457-fadf-483a-a30a-465ef41f328f-139754024333312","trial_id":19,"user_attr":{"train_loss_epoch_9":0.11821474729459296}}
{"op_code":7,"worker_id":"ca27d457-fadf-483a-a30a-465ef41f328f-139754024333312","trial_id":19,"step":10,"intermediate_value":96.09}
{"op_code":8,"worker_id":"ca27d457-fadf-483a-a30a-465ef41f328f-139754024333312","trial_id":19,"user_attr":{"train_loss_epoch_10":0.11130716899501235}}
{"op_code":7,"worker_id":"ca27d457-fadf-483a-a30a-465ef41f328f-139754024333312","trial_id":19,"step":11,"intermediate_value":96.26}
{"op_code":8,"worker_id":"ca27d457-fadf-483a-a30a-465ef41f328f-139754024333312","trial_id":19,"user_attr":{"train_loss_epoch_11":0.1039420963137913}}
{"op_code":7,"worker_id":"ca27d457-fadf-483a-a30a-465ef41f328f-139754024333312","trial_id":19,"step":12,"intermediate_value":96.32}
{"op_code":8,"worker_id":"ca27d457-fadf-483a-a30a-465ef41f328f-139754024333312","trial_id":19,"user_attr":{"train_loss_epoch_12":0.10176652981621671}}
{"op_code":7,"worker_id":"ca27d457-fadf-483a-a30a-465ef41f328f-139754024333312","trial_id":19,"step":13,"intermediate_value":96.39}
{"op_code":8,"worker_id":"ca27d457-fadf-483a-a30a-465ef41f328f-139754024333312","trial_id":19,"user_attr":{"train_loss_epoch_13":0.09855792729327006}}
{"op_code":7,"worker_id":"ca27d457-fadf-483a-a30a-465ef41f328f-139754024333312","trial_id":19,"step":14,"intermediate_value":96.61}
{"op_code":8,"worker_id":"ca27d457-fadf-483a-a30a-465ef41f328f-139754024333312","trial_id":19,"user_attr":{"train_loss_epoch_14":0.09474060195845677}}
{"op_code":7,"worker_id":"ca27d457-fadf-483a-a30a-465ef41f328f-139754024333312","trial_id":19,"step":15,"intermediate_value":96.61}
{"op_code":8,"worker_id":"ca27d457-fadf-483a-a30a-465ef41f328f-139754024333312","trial_id":19,"user_attr":{"train_loss_epoch_15":0.09125162013617755}}
{"op_code":7,"worker_id":"ca27d457-fadf-483a-a30a-465ef41f328f-139754024333312","trial_id":19,"step":16,"intermediate_value":96.61}
{"op_code":8,"worker_id":"ca27d457-fadf-483a-a30a-465ef41f328f-139754024333312","trial_id":19,"user_attr":{"train_loss_epoch_16":0.08943630218891098}}
{"op_code":7,"worker_id":"ca27d457-fadf-483a-a30a-465ef41f328f-139754024333312","trial_id":19,"step":17,"intermediate_value":96.61}
{"op_code":8,"worker_id":"ca27d457-fadf-483a-a30a-465ef41f328f-139754024333312","trial_id":19,"user_attr":{"train_loss_epoch_17":0.08628827018607686}}
{"op_code":7,"worker_id":"ca27d457-fadf-483a-a30a-465ef41f328f-139754024333312","trial_id":19,"step":18,"intermediate_value":96.72}
{"op_code":8,"worker_id":"ca27d457-fadf-483a-a30a-465ef41f328f-139754024333312","trial_id":19,"user_attr":{"train_loss_epoch_18":0.08399655116495611}}
{"op_code":7,"worker_id":"ca27d457-fadf-483a-a30a-465ef41f328f-139754024333312","trial_id":19,"step":19,"intermediate_value":96.97}
{"op_code":8,"worker_id":"ca27d457-fadf-483a-a30a-465ef41f328f-139754024333312","trial_id":19,"user_attr":{"train_loss_epoch_19":0.0811596353687763}}
{"op_code":7,"worker_id":"ca27d457-fadf-483a-a30a-465ef41f328f-139754024333312","trial_id":19,"step":20,"intermediate_value":96.97}
{"op_code":8,"worker_id":"ca27d457-fadf-483a-a30a-465ef41f328f-139754024333312","trial_id":19,"user_attr":{"train_loss_epoch_20":0.0784732751684315}}
{"op_code":7,"worker_id":"ca27d457-fadf-483a-a30a-465ef41f328f-139754024333312","trial_id":19,"step":21,"intermediate_value":96.97}
{"op_code":8,"worker_id":"ca27d457-fadf-483a-a30a-465ef41f328f-139754024333312","trial_id":19,"user_attr":{"train_loss_epoch_21":0.07477499308563006}}
{"op_code":7,"worker_id":"ca27d457-fadf-483a-a30a-465ef41f328f-139754024333312","trial_id":19,"step":22,"intermediate_value":96.97}
{"op_code":8,"worker_id":"ca27d457-fadf-483a-a30a-465ef41f328f-139754024333312","trial_id":19,"user_attr":{"train_loss_epoch_22":0.07426090087932247}}
{"op_code":7,"worker_id":"ca27d457-fadf-483a-a30a-465ef41f328f-139754024333312","trial_id":19,"step":23,"intermediate_value":96.97}
{"op_code":8,"worker_id":"ca27d457-fadf-483a-a30a-465ef41f328f-139754024333312","trial_id":19,"user_attr":{"train_loss_epoch_23":0.07285304138683148}}
{"op_code":7,"worker_id":"ca27d457-fadf-483a-a30a-465ef41f328f-139754024333312","trial_id":19,"step":24,"intermediate_value":96.97}
{"op_code":8,"worker_id":"ca27d457-fadf-483a-a30a-465ef41f328f-139754024333312","trial_id":19,"user_attr":{"train_loss_epoch_24":0.07123977974055212}}
{"op_code":6,"worker_id":"ca27d457-fadf-483a-a30a-465ef41f328f-139754024333312","trial_id":19,"state":1,"values":[96.97],"datetime_complete":"2026-05-07T23:25:00.491717"}
{"op_code":4,"worker_id":"ca27d457-fadf-483a-a30a-465ef41f328f-139754024333312","study_id":0,"datetime_start":"2026-05-07T23:25:00.498971"}
{"op_code":5,"worker_id":"ca27d457-fadf-483a-a30a-465ef41f328f-139754024333312","trial_id":20,"param_name":"learning_rate","param_value_internal":4.556337551062136,"distribution":"{\"name\": \"FloatDistribution\", \"attributes\": {\"step\": null, \"low\": 0.006, \"high\": 5.0, \"log\": true}}"}
{"op_code":5,"worker_id":"ca27d457-fadf-483a-a30a-465ef41f328f-139754024333312","trial_id":20,"param_name":"transfer_lr","param_value_internal":0.0006376506273084177,"distribution":"{\"name\": \"FloatDistribution\", \"attributes\": {\"step\": null, \"low\": 1e-05, \"high\": 0.03, \"log\": true}}"}
{"op_code":5,"worker_id":"ca27d457-fadf-483a-a30a-465ef41f328f-139754024333312","trial_id":20,"param_name":"transfer_every","param_value_internal":10.0,"distribution":"{\"name\": \"IntDistribution\", \"attributes\": {\"log\": true, \"step\": 1, \"low\": 10, \"high\": 10}}"}
{"op_code":5,"worker_id":"ca27d457-fadf-483a-a30a-465ef41f328f-139754024333312","trial_id":20,"param_name":"rank_exp","param_value_internal":3.0,"distribution":"{\"name\": \"IntDistribution\", \"attributes\": {\"log\": false, \"step\": 1, \"low\": 3, \"high\": 3}}"}
{"op_code":5,"worker_id":"ca27d457-fadf-483a-a30a-465ef41f328f-139754024333312","trial_id":20,"param_name":"fast_lr","param_value_internal":0.2208470125733744,"distribution":"{\"name\": \"FloatDistribution\", \"attributes\": {\"step\": null, \"low\": 0.0007, \"high\": 20000.0, \"log\": true}}"}
{"op_code":5,"worker_id":"ca27d457-fadf-483a-a30a-465ef41f328f-139754024333312","trial_id":20,"param_name":"tau_sec","param_value_internal":0.0,"distribution":"{\"name\": \"FloatDistribution\", \"attributes\": {\"step\": null, \"low\": 0.0, \"high\": 0.0, \"log\": false}}"}
{"op_code":5,"worker_id":"ca27d457-fadf-483a-a30a-465ef41f328f-139754024333312","trial_id":20,"param_name":"ab_dw_min","param_value_internal":0.001981,"distribution":"{\"name\": \"FloatDistribution\", \"attributes\": {\"step\": null, \"low\": 0.001981, \"high\": 0.001981, \"log\": true}}"}
{"op_code":5,"worker_id":"ca27d457-fadf-483a-a30a-465ef41f328f-139754024333312","trial_id":20,"param_name":"ab_desired_bl","param_value_internal":31.0,"distribution":"{\"name\": \"IntDistribution\", \"attributes\": {\"log\": false, \"step\": 1, \"low\": 31, \"high\": 31}}"}
{"op_code":5,"worker_id":"ca27d457-fadf-483a-a30a-465ef41f328f-139754024333312","trial_id":20,"param_name":"a_reset_std","param_value_internal":1e-30,"distribution":"{\"name\": \"FloatDistribution\", \"attributes\": {\"step\": null, \"low\": 1e-30, \"high\": 1e-30, \"log\": true}}"}
{"op_code":5,"worker_id":"ca27d457-fadf-483a-a30a-465ef41f328f-139754024333312","trial_id":20,"param_name":"b_reset_std","param_value_internal":0.2783903826783897,"distribution":"{\"name\": \"FloatDistribution\", \"attributes\": {\"step\": null, \"low\": 2e-05, \"high\": 30000.0, \"log\": true}}"}
{"op_code":5,"worker_id":"ca27d457-fadf-483a-a30a-465ef41f328f-139754024333312","trial_id":20,"param_name":"c_dw_min","param_value_internal":0.001,"distribution":"{\"name\": \"FloatDistribution\", \"attributes\": {\"step\": null, \"low\": 0.001, \"high\": 0.001, \"log\": true}}"}
{"op_code":5,"worker_id":"ca27d457-fadf-483a-a30a-465ef41f328f-139754024333312","trial_id":20,"param_name":"c_desired_bl","param_value_internal":31.0,"distribution":"{\"name\": \"IntDistribution\", \"attributes\": {\"log\": false, \"step\": 1, \"low\": 31, \"high\": 31}}"}
{"op_code":5,"worker_id":"ca27d457-fadf-483a-a30a-465ef41f328f-139754024333312","trial_id":20,"param_name":"out_noise","param_value_internal":0.0,"distribution":"{\"name\": \"FloatDistribution\", \"attributes\": {\"step\": null, \"low\": 0.0, \"high\": 0.0, \"log\": false}}"}
{"op_code":5,"worker_id":"ca27d457-fadf-483a-a30a-465ef41f328f-139754024333312","trial_id":20,"param_name":"ab_weight_scaling_omega","param_value_internal":0.0,"distribution":"{\"name\": \"FloatDistribution\", \"attributes\": {\"step\": null, \"low\": 0.0, \"high\": 0.0, \"log\": false}}"}
{"op_code":8,"worker_id":"ca27d457-fadf-483a-a30a-465ef41f328f-139754024333312","trial_id":20,"user_attr":{"grad_accum_steps":1}}
{"op_code":7,"worker_id":"ca27d457-fadf-483a-a30a-465ef41f328f-139754024333312","trial_id":20,"step":1,"intermediate_value":89.1}
{"op_code":8,"worker_id":"ca27d457-fadf-483a-a30a-465ef41f328f-139754024333312","trial_id":20,"user_attr":{"train_loss_epoch_1":0.4694345175648041}}
{"op_code":7,"worker_id":"ca27d457-fadf-483a-a30a-465ef41f328f-139754024333312","trial_id":20,"step":2,"intermediate_value":89.76}
{"op_code":8,"worker_id":"ca27d457-fadf-483a-a30a-465ef41f328f-139754024333312","trial_id":20,"user_attr":{"train_loss_epoch_2":0.35757865934277266}}
{"op_code":7,"worker_id":"ca27d457-fadf-483a-a30a-465ef41f328f-139754024333312","trial_id":20,"step":3,"intermediate_value":91.82}
{"op_code":8,"worker_id":"ca27d457-fadf-483a-a30a-465ef41f328f-139754024333312","trial_id":20,"user_attr":{"train_loss_epoch_3":0.32600300452475356}}
{"op_code":7,"worker_id":"ca27d457-fadf-483a-a30a-465ef41f328f-139754024333312","trial_id":20,"step":4,"intermediate_value":91.82}
{"op_code":8,"worker_id":"ca27d457-fadf-483a-a30a-465ef41f328f-139754024333312","trial_id":20,"user_attr":{"train_loss_epoch_4":0.3066628325794107}}
{"op_code":7,"worker_id":"ca27d457-fadf-483a-a30a-465ef41f328f-139754024333312","trial_id":20,"step":5,"intermediate_value":91.82}
{"op_code":8,"worker_id":"ca27d457-fadf-483a-a30a-465ef41f328f-139754024333312","trial_id":20,"user_attr":{"train_loss_epoch_5":0.2881530971963332}}
{"op_code":7,"worker_id":"ca27d457-fadf-483a-a30a-465ef41f328f-139754024333312","trial_id":20,"step":6,"intermediate_value":91.82}
{"op_code":8,"worker_id":"ca27d457-fadf-483a-a30a-465ef41f328f-139754024333312","trial_id":20,"user_attr":{"train_loss_epoch_6":0.272823136371336}}
{"op_code":7,"worker_id":"ca27d457-fadf-483a-a30a-465ef41f328f-139754024333312","trial_id":20,"step":7,"intermediate_value":91.82}
{"op_code":8,"worker_id":"ca27d457-fadf-483a-a30a-465ef41f328f-139754024333312","trial_id":20,"user_attr":{"train_loss_epoch_7":0.25975864935022935}}
{"op_code":7,"worker_id":"ca27d457-fadf-483a-a30a-465ef41f328f-139754024333312","trial_id":20,"step":8,"intermediate_value":92.75}
{"op_code":8,"worker_id":"ca27d457-fadf-483a-a30a-465ef41f328f-139754024333312","trial_id":20,"user_attr":{"train_loss_epoch_8":0.24731250094778057}}
{"op_code":7,"worker_id":"ca27d457-fadf-483a-a30a-465ef41f328f-139754024333312","trial_id":20,"step":9,"intermediate_value":92.75}
{"op_code":8,"worker_id":"ca27d457-fadf-483a-a30a-465ef41f328f-139754024333312","trial_id":20,"user_attr":{"train_loss_epoch_9":0.24116629990997282}}
{"op_code":7,"worker_id":"ca27d457-fadf-483a-a30a-465ef41f328f-139754024333312","trial_id":20,"step":10,"intermediate_value":92.75}
{"op_code":8,"worker_id":"ca27d457-fadf-483a-a30a-465ef41f328f-139754024333312","trial_id":20,"user_attr":{"train_loss_epoch_10":0.22929277773827378}}
{"op_code":7,"worker_id":"ca27d457-fadf-483a-a30a-465ef41f328f-139754024333312","trial_id":20,"step":11,"intermediate_value":93.59}
{"op_code":8,"worker_id":"ca27d457-fadf-483a-a30a-465ef41f328f-139754024333312","trial_id":20,"user_attr":{"train_loss_epoch_11":0.18029836461599322}}
{"op_code":7,"worker_id":"ca27d457-fadf-483a-a30a-465ef41f328f-139754024333312","trial_id":20,"step":12,"intermediate_value":94.03}
{"op_code":8,"worker_id":"ca27d457-fadf-483a-a30a-465ef41f328f-139754024333312","trial_id":20,"user_attr":{"train_loss_epoch_12":0.17179648707440096}}
{"op_code":7,"worker_id":"ca27d457-fadf-483a-a30a-465ef41f328f-139754024333312","trial_id":20,"step":13,"intermediate_value":94.03}
{"op_code":8,"worker_id":"ca27d457-fadf-483a-a30a-465ef41f328f-139754024333312","trial_id":20,"user_attr":{"train_loss_epoch_13":0.1661566282624502}}
{"op_code":7,"worker_id":"ca27d457-fadf-483a-a30a-465ef41f328f-139754024333312","trial_id":20,"step":14,"intermediate_value":94.46}
{"op_code":8,"worker_id":"ca27d457-fadf-483a-a30a-465ef41f328f-139754024333312","trial_id":20,"user_attr":{"train_loss_epoch_14":0.16282508263130113}}
{"op_code":7,"worker_id":"ca27d457-fadf-483a-a30a-465ef41f328f-139754024333312","trial_id":20,"step":15,"intermediate_value":94.46}
{"op_code":8,"worker_id":"ca27d457-fadf-483a-a30a-465ef41f328f-139754024333312","trial_id":20,"user_attr":{"train_loss_epoch_15":0.15758904932674442}}
{"op_code":7,"worker_id":"ca27d457-fadf-483a-a30a-465ef41f328f-139754024333312","trial_id":20,"step":16,"intermediate_value":94.66}
{"op_code":8,"worker_id":"ca27d457-fadf-483a-a30a-465ef41f328f-139754024333312","trial_id":20,"user_attr":{"train_loss_epoch_16":0.1531026919296921}}
{"op_code":7,"worker_id":"ca27d457-fadf-483a-a30a-465ef41f328f-139754024333312","trial_id":20,"step":17,"intermediate_value":94.66}
{"op_code":8,"worker_id":"ca27d457-fadf-483a-a30a-465ef41f328f-139754024333312","trial_id":20,"user_attr":{"train_loss_epoch_17":0.15062825403003488}}
{"op_code":7,"worker_id":"ca27d457-fadf-483a-a30a-465ef41f328f-139754024333312","trial_id":20,"step":18,"intermediate_value":94.77}
{"op_code":8,"worker_id":"ca27d457-fadf-483a-a30a-465ef41f328f-139754024333312","trial_id":20,"user_attr":{"train_loss_epoch_18":0.146743107312071}}
{"op_code":7,"worker_id":"ca27d457-fadf-483a-a30a-465ef41f328f-139754024333312","trial_id":20,"step":19,"intermediate_value":94.91}
{"op_code":8,"worker_id":"ca27d457-fadf-483a-a30a-465ef41f328f-139754024333312","trial_id":20,"user_attr":{"train_loss_epoch_19":0.14283472992209736}}
{"op_code":7,"worker_id":"ca27d457-fadf-483a-a30a-465ef41f328f-139754024333312","trial_id":20,"step":20,"intermediate_value":95.18}
{"op_code":8,"worker_id":"ca27d457-fadf-483a-a30a-465ef41f328f-139754024333312","trial_id":20,"user_attr":{"train_loss_epoch_20":0.13951642372047723}}
{"op_code":7,"worker_id":"ca27d457-fadf-483a-a30a-465ef41f328f-139754024333312","trial_id":20,"step":21,"intermediate_value":95.22}
{"op_code":8,"worker_id":"ca27d457-fadf-483a-a30a-465ef41f328f-139754024333312","trial_id":20,"user_attr":{"train_loss_epoch_21":0.12360501796283177}}
{"op_code":7,"worker_id":"ca27d457-fadf-483a-a30a-465ef41f328f-139754024333312","trial_id":20,"step":22,"intermediate_value":95.45}
{"op_code":8,"worker_id":"ca27d457-fadf-483a-a30a-465ef41f328f-139754024333312","trial_id":20,"user_attr":{"train_loss_epoch_22":0.12017188056894361}}
{"op_code":7,"worker_id":"ca27d457-fadf-483a-a30a-465ef41f328f-139754024333312","trial_id":20,"step":23,"intermediate_value":95.45}
{"op_code":8,"worker_id":"ca27d457-fadf-483a-a30a-465ef41f328f-139754024333312","trial_id":20,"user_attr":{"train_loss_epoch_23":0.11808404268355353}}
{"op_code":7,"worker_id":"ca27d457-fadf-483a-a30a-465ef41f328f-139754024333312","trial_id":20,"step":24,"intermediate_value":95.45}
{"op_code":8,"worker_id":"ca27d457-fadf-483a-a30a-465ef41f328f-139754024333312","trial_id":20,"user_attr":{"train_loss_epoch_24":0.11624611034167251}}
{"op_code":7,"worker_id":"ca27d457-fadf-483a-a30a-465ef41f328f-139754024333312","trial_id":20,"step":25,"intermediate_value":95.45}
{"op_code":8,"worker_id":"ca27d457-fadf-483a-a30a-465ef41f328f-139754024333312","trial_id":20,"user_attr":{"train_loss_epoch_25":0.11309011696256015}}
{"op_code":7,"worker_id":"ca27d457-fadf-483a-a30a-465ef41f328f-139754024333312","trial_id":20,"step":26,"intermediate_value":95.45}
{"op_code":8,"worker_id":"ca27d457-fadf-483a-a30a-465ef41f328f-139754024333312","trial_id":20,"user_attr":{"train_loss_epoch_26":0.11101194029487273}}
{"op_code":7,"worker_id":"ca27d457-fadf-483a-a30a-465ef41f328f-139754024333312","trial_id":20,"step":27,"intermediate_value":95.45}
{"op_code":8,"worker_id":"ca27d457-fadf-483a-a30a-465ef41f328f-139754024333312","trial_id":20,"user_attr":{"train_loss_epoch_27":0.1092104181703895}}
{"op_code":6,"worker_id":"ca27d457-fadf-483a-a30a-465ef41f328f-139754024333312","trial_id":20,"state":1,"values":[95.45],"datetime_complete":"2026-05-07T23:33:49.207950"}
{"op_code":4,"worker_id":"ca27d457-fadf-483a-a30a-465ef41f328f-139754024333312","study_id":0,"datetime_start":"2026-05-07T23:33:49.210692"}
{"op_code":5,"worker_id":"ca27d457-fadf-483a-a30a-465ef41f328f-139754024333312","trial_id":21,"param_name":"learning_rate","param_value_internal":0.9363063778200664,"distribution":"{\"name\": \"FloatDistribution\", \"attributes\": {\"step\": null, \"low\": 0.006, \"high\": 5.0, \"log\": true}}"}
{"op_code":5,"worker_id":"ca27d457-fadf-483a-a30a-465ef41f328f-139754024333312","trial_id":21,"param_name":"transfer_lr","param_value_internal":0.03,"distribution":"{\"name\": \"FloatDistribution\", \"attributes\": {\"step\": null, \"low\": 1e-05, \"high\": 0.03, \"log\": true}}"}
{"op_code":5,"worker_id":"ca27d457-fadf-483a-a30a-465ef41f328f-139754024333312","trial_id":21,"param_name":"transfer_every","param_value_internal":10.0,"distribution":"{\"name\": \"IntDistribution\", \"attributes\": {\"log\": true, \"step\": 1, \"low\": 10, \"high\": 10}}"}
{"op_code":5,"worker_id":"ca27d457-fadf-483a-a30a-465ef41f328f-139754024333312","trial_id":21,"param_name":"rank_exp","param_value_internal":3.0,"distribution":"{\"name\": \"IntDistribution\", \"attributes\": {\"log\": false, \"step\": 1, \"low\": 3, \"high\": 3}}"}
{"op_code":5,"worker_id":"ca27d457-fadf-483a-a30a-465ef41f328f-139754024333312","trial_id":21,"param_name":"fast_lr","param_value_internal":19252.689387030423,"distribution":"{\"name\": \"FloatDistribution\", \"attributes\": {\"step\": null, \"low\": 0.0007, \"high\": 20000.0, \"log\": true}}"}
{"op_code":5,"worker_id":"ca27d457-fadf-483a-a30a-465ef41f328f-139754024333312","trial_id":21,"param_name":"tau_sec","param_value_internal":0.0,"distribution":"{\"name\": \"FloatDistribution\", \"attributes\": {\"step\": null, \"low\": 0.0, \"high\": 0.0, \"log\": false}}"}
{"op_code":5,"worker_id":"ca27d457-fadf-483a-a30a-465ef41f328f-139754024333312","trial_id":21,"param_name":"ab_dw_min","param_value_internal":0.001981,"distribution":"{\"name\": \"FloatDistribution\", \"attributes\": {\"step\": null, \"low\": 0.001981, \"high\": 0.001981, \"log\": true}}"}
{"op_code":5,"worker_id":"ca27d457-fadf-483a-a30a-465ef41f328f-139754024333312","trial_id":21,"param_name":"ab_desired_bl","param_value_internal":31.0,"distribution":"{\"name\": \"IntDistribution\", \"attributes\": {\"log\": false, \"step\": 1, \"low\": 31, \"high\": 31}}"}
{"op_code":5,"worker_id":"ca27d457-fadf-483a-a30a-465ef41f328f-139754024333312","trial_id":21,"param_name":"a_reset_std","param_value_internal":1e-30,"distribution":"{\"name\": \"FloatDistribution\", \"attributes\": {\"step\": null, \"low\": 1e-30, \"high\": 1e-30, \"log\": true}}"}
{"op_code":5,"worker_id":"ca27d457-fadf-483a-a30a-465ef41f328f-139754024333312","trial_id":21,"param_name":"b_reset_std","param_value_internal":2.0659438964743362e-05,"distribution":"{\"name\": \"FloatDistribution\", \"attributes\": {\"step\": null, \"low\": 2e-05, \"high\": 30000.0, \"log\": true}}"}
{"op_code":5,"worker_id":"ca27d457-fadf-483a-a30a-465ef41f328f-139754024333312","trial_id":21,"param_name":"c_dw_min","param_value_internal":0.001,"distribution":"{\"name\": \"FloatDistribution\", \"attributes\": {\"step\": null, \"low\": 0.001, \"high\": 0.001, \"log\": true}}"}
{"op_code":5,"worker_id":"ca27d457-fadf-483a-a30a-465ef41f328f-139754024333312","trial_id":21,"param_name":"c_desired_bl","param_value_internal":31.0,"distribution":"{\"name\": \"IntDistribution\", \"attributes\": {\"log\": false, \"step\": 1, \"low\": 31, \"high\": 31}}"}
{"op_code":5,"worker_id":"ca27d457-fadf-483a-a30a-465ef41f328f-139754024333312","trial_id":21,"param_name":"out_noise","param_value_internal":0.0,"distribution":"{\"name\": \"FloatDistribution\", \"attributes\": {\"step\": null, \"low\": 0.0, \"high\": 0.0, \"log\": false}}"}
{"op_code":5,"worker_id":"ca27d457-fadf-483a-a30a-465ef41f328f-139754024333312","trial_id":21,"param_name":"ab_weight_scaling_omega","param_value_internal":0.0,"distribution":"{\"name\": \"FloatDistribution\", \"attributes\": {\"step\": null, \"low\": 0.0, \"high\": 0.0, \"log\": false}}"}
{"op_code":8,"worker_id":"ca27d457-fadf-483a-a30a-465ef41f328f-139754024333312","trial_id":21,"user_attr":{"grad_accum_steps":1}}
{"op_code":7,"worker_id":"ca27d457-fadf-483a-a30a-465ef41f328f-139754024333312","trial_id":21,"step":1,"intermediate_value":87.96}
{"op_code":8,"worker_id":"ca27d457-fadf-483a-a30a-465ef41f328f-139754024333312","trial_id":21,"user_attr":{"train_loss_epoch_1":0.39555318907761117}}
{"op_code":7,"worker_id":"ca27d457-fadf-483a-a30a-465ef41f328f-139754024333312","trial_id":21,"step":2,"intermediate_value":90.9}
{"op_code":8,"worker_id":"ca27d457-fadf-483a-a30a-465ef41f328f-139754024333312","trial_id":21,"user_attr":{"train_loss_epoch_2":0.28955104417288735}}
{"op_code":7,"worker_id":"ca27d457-fadf-483a-a30a-465ef41f328f-139754024333312","trial_id":21,"step":3,"intermediate_value":91.49}
{"op_code":8,"worker_id":"ca27d457-fadf-483a-a30a-465ef41f328f-139754024333312","trial_id":21,"user_attr":{"train_loss_epoch_3":0.2728596786652674}}
{"op_code":7,"worker_id":"ca27d457-fadf-483a-a30a-465ef41f328f-139754024333312","trial_id":21,"step":4,"intermediate_value":91.49}
{"op_code":8,"worker_id":"ca27d457-fadf-483a-a30a-465ef41f328f-139754024333312","trial_id":21,"user_attr":{"train_loss_epoch_4":0.26436938068617}}
{"op_code":7,"worker_id":"ca27d457-fadf-483a-a30a-465ef41f328f-139754024333312","trial_id":21,"step":5,"intermediate_value":91.49}
{"op_code":8,"worker_id":"ca27d457-fadf-483a-a30a-465ef41f328f-139754024333312","trial_id":21,"user_attr":{"train_loss_epoch_5":0.2603991555848292}}
{"op_code":7,"worker_id":"ca27d457-fadf-483a-a30a-465ef41f328f-139754024333312","trial_id":21,"step":6,"intermediate_value":91.85}
{"op_code":8,"worker_id":"ca27d457-fadf-483a-a30a-465ef41f328f-139754024333312","trial_id":21,"user_attr":{"train_loss_epoch_6":0.25631080138912077}}
{"op_code":7,"worker_id":"ca27d457-fadf-483a-a30a-465ef41f328f-139754024333312","trial_id":21,"step":7,"intermediate_value":92.02}
{"op_code":8,"worker_id":"ca27d457-fadf-483a-a30a-465ef41f328f-139754024333312","trial_id":21,"user_attr":{"train_loss_epoch_7":0.2532419314556348}}
{"op_code":7,"worker_id":"ca27d457-fadf-483a-a30a-465ef41f328f-139754024333312","trial_id":21,"step":8,"intermediate_value":92.26}
{"op_code":8,"worker_id":"ca27d457-fadf-483a-a30a-465ef41f328f-139754024333312","trial_id":21,"user_attr":{"train_loss_epoch_8":0.2528147818739099}}
{"op_code":7,"worker_id":"ca27d457-fadf-483a-a30a-465ef41f328f-139754024333312","trial_id":21,"step":9,"intermediate_value":92.26}
{"op_code":8,"worker_id":"ca27d457-fadf-483a-a30a-465ef41f328f-139754024333312","trial_id":21,"user_attr":{"train_loss_epoch_9":0.25112432260503137}}
{"op_code":7,"worker_id":"ca27d457-fadf-483a-a30a-465ef41f328f-139754024333312","trial_id":21,"step":10,"intermediate_value":92.26}
{"op_code":8,"worker_id":"ca27d457-fadf-483a-a30a-465ef41f328f-139754024333312","trial_id":21,"user_attr":{"train_loss_epoch_10":0.2505337657140834}}
{"op_code":7,"worker_id":"ca27d457-fadf-483a-a30a-465ef41f328f-139754024333312","trial_id":21,"step":11,"intermediate_value":92.47}
{"op_code":8,"worker_id":"ca27d457-fadf-483a-a30a-465ef41f328f-139754024333312","trial_id":21,"user_attr":{"train_loss_epoch_11":0.2336710403754767}}
{"op_code":7,"worker_id":"ca27d457-fadf-483a-a30a-465ef41f328f-139754024333312","trial_id":21,"step":12,"intermediate_value":92.47}
{"op_code":8,"worker_id":"ca27d457-fadf-483a-a30a-465ef41f328f-139754024333312","trial_id":21,"user_attr":{"train_loss_epoch_12":0.2325280808261844}}
{"op_code":7,"worker_id":"ca27d457-fadf-483a-a30a-465ef41f328f-139754024333312","trial_id":21,"step":13,"intermediate_value":92.47}
{"op_code":8,"worker_id":"ca27d457-fadf-483a-a30a-465ef41f328f-139754024333312","trial_id":21,"user_attr":{"train_loss_epoch_13":0.23129548402086123}}
{"op_code":7,"worker_id":"ca27d457-fadf-483a-a30a-465ef41f328f-139754024333312","trial_id":21,"step":14,"intermediate_value":92.47}
{"op_code":8,"worker_id":"ca27d457-fadf-483a-a30a-465ef41f328f-139754024333312","trial_id":21,"user_attr":{"train_loss_epoch_14":0.23149157871506107}}
{"op_code":7,"worker_id":"ca27d457-fadf-483a-a30a-465ef41f328f-139754024333312","trial_id":21,"step":15,"intermediate_value":92.47}
{"op_code":8,"worker_id":"ca27d457-fadf-483a-a30a-465ef41f328f-139754024333312","trial_id":21,"user_attr":{"train_loss_epoch_15":0.23137057283079066}}
{"op_code":7,"worker_id":"ca27d457-fadf-483a-a30a-465ef41f328f-139754024333312","trial_id":21,"step":16,"intermediate_value":92.47}
{"op_code":8,"worker_id":"ca27d457-fadf-483a-a30a-465ef41f328f-139754024333312","trial_id":21,"user_attr":{"train_loss_epoch_16":0.230012564485007}}
{"op_code":6,"worker_id":"ca27d457-fadf-483a-a30a-465ef41f328f-139754024333312","trial_id":21,"state":1,"values":[92.47],"datetime_complete":"2026-05-07T23:39:41.097627"}
{"op_code":4,"worker_id":"ca27d457-fadf-483a-a30a-465ef41f328f-139754024333312","study_id":0,"datetime_start":"2026-05-07T23:39:41.100418"}
{"op_code":5,"worker_id":"ca27d457-fadf-483a-a30a-465ef41f328f-139754024333312","trial_id":22,"param_name":"learning_rate","param_value_internal":0.30751092191115614,"distribution":"{\"name\": \"FloatDistribution\", \"attributes\": {\"step\": null, \"low\": 0.006, \"high\": 5.0, \"log\": true}}"}
{"op_code":5,"worker_id":"ca27d457-fadf-483a-a30a-465ef41f328f-139754024333312","trial_id":22,"param_name":"transfer_lr","param_value_internal":0.0020011291645512306,"distribution":"{\"name\": \"FloatDistribution\", \"attributes\": {\"step\": null, \"low\": 1e-05, \"high\": 0.03, \"log\": true}}"}
{"op_code":5,"worker_id":"ca27d457-fadf-483a-a30a-465ef41f328f-139754024333312","trial_id":22,"param_name":"transfer_every","param_value_internal":10.0,"distribution":"{\"name\": \"IntDistribution\", \"attributes\": {\"log\": true, \"step\": 1, \"low\": 10, \"high\": 10}}"}
{"op_code":5,"worker_id":"ca27d457-fadf-483a-a30a-465ef41f328f-139754024333312","trial_id":22,"param_name":"rank_exp","param_value_internal":3.0,"distribution":"{\"name\": \"IntDistribution\", \"attributes\": {\"log\": false, \"step\": 1, \"low\": 3, \"high\": 3}}"}
{"op_code":5,"worker_id":"ca27d457-fadf-483a-a30a-465ef41f328f-139754024333312","trial_id":22,"param_name":"fast_lr","param_value_internal":0.12857437331807353,"distribution":"{\"name\": \"FloatDistribution\", \"attributes\": {\"step\": null, \"low\": 0.0007, \"high\": 20000.0, \"log\": true}}"}
{"op_code":5,"worker_id":"ca27d457-fadf-483a-a30a-465ef41f328f-139754024333312","trial_id":22,"param_name":"tau_sec","param_value_internal":0.0,"distribution":"{\"name\": \"FloatDistribution\", \"attributes\": {\"step\": null, \"low\": 0.0, \"high\": 0.0, \"log\": false}}"}
{"op_code":5,"worker_id":"ca27d457-fadf-483a-a30a-465ef41f328f-139754024333312","trial_id":22,"param_name":"ab_dw_min","param_value_internal":0.001981,"distribution":"{\"name\": \"FloatDistribution\", \"attributes\": {\"step\": null, \"low\": 0.001981, \"high\": 0.001981, \"log\": true}}"}
{"op_code":5,"worker_id":"ca27d457-fadf-483a-a30a-465ef41f328f-139754024333312","trial_id":22,"param_name":"ab_desired_bl","param_value_internal":31.0,"distribution":"{\"name\": \"IntDistribution\", \"attributes\": {\"log\": false, \"step\": 1, \"low\": 31, \"high\": 31}}"}
{"op_code":5,"worker_id":"ca27d457-fadf-483a-a30a-465ef41f328f-139754024333312","trial_id":22,"param_name":"a_reset_std","param_value_internal":1e-30,"distribution":"{\"name\": \"FloatDistribution\", \"attributes\": {\"step\": null, \"low\": 1e-30, \"high\": 1e-30, \"log\": true}}"}
{"op_code":5,"worker_id":"ca27d457-fadf-483a-a30a-465ef41f328f-139754024333312","trial_id":22,"param_name":"b_reset_std","param_value_internal":3272.04090694944,"distribution":"{\"name\": \"FloatDistribution\", \"attributes\": {\"step\": null, \"low\": 2e-05, \"high\": 30000.0, \"log\": true}}"}
{"op_code":5,"worker_id":"ca27d457-fadf-483a-a30a-465ef41f328f-139754024333312","trial_id":22,"param_name":"c_dw_min","param_value_internal":0.001,"distribution":"{\"name\": \"FloatDistribution\", \"attributes\": {\"step\": null, \"low\": 0.001, \"high\": 0.001, \"log\": true}}"}
{"op_code":5,"worker_id":"ca27d457-fadf-483a-a30a-465ef41f328f-139754024333312","trial_id":22,"param_name":"c_desired_bl","param_value_internal":31.0,"distribution":"{\"name\": \"IntDistribution\", \"attributes\": {\"log\": false, \"step\": 1, \"low\": 31, \"high\": 31}}"}
{"op_code":5,"worker_id":"ca27d457-fadf-483a-a30a-465ef41f328f-139754024333312","trial_id":22,"param_name":"out_noise","param_value_internal":0.0,"distribution":"{\"name\": \"FloatDistribution\", \"attributes\": {\"step\": null, \"low\": 0.0, \"high\": 0.0, \"log\": false}}"}
{"op_code":5,"worker_id":"ca27d457-fadf-483a-a30a-465ef41f328f-139754024333312","trial_id":22,"param_name":"ab_weight_scaling_omega","param_value_internal":0.0,"distribution":"{\"name\": \"FloatDistribution\", \"attributes\": {\"step\": null, \"low\": 0.0, \"high\": 0.0, \"log\": false}}"}
{"op_code":8,"worker_id":"ca27d457-fadf-483a-a30a-465ef41f328f-139754024333312","trial_id":22,"user_attr":{"grad_accum_steps":1}}
{"op_code":7,"worker_id":"ca27d457-fadf-483a-a30a-465ef41f328f-139754024333312","trial_id":22,"step":1,"intermediate_value":92.62}
{"op_code":8,"worker_id":"ca27d457-fadf-483a-a30a-465ef41f328f-139754024333312","trial_id":22,"user_attr":{"train_loss_epoch_1":0.397381335584276}}
{"op_code":7,"worker_id":"ca27d457-fadf-483a-a30a-465ef41f328f-139754024333312","trial_id":22,"step":2,"intermediate_value":93.39}
{"op_code":8,"worker_id":"ca27d457-fadf-483a-a30a-465ef41f328f-139754024333312","trial_id":22,"user_attr":{"train_loss_epoch_2":0.24026332910794185}}
{"op_code":7,"worker_id":"ca27d457-fadf-483a-a30a-465ef41f328f-139754024333312","trial_id":22,"step":3,"intermediate_value":94.61}
{"op_code":8,"worker_id":"ca27d457-fadf-483a-a30a-465ef41f328f-139754024333312","trial_id":22,"user_attr":{"train_loss_epoch_3":0.19311343124315047}}
{"op_code":7,"worker_id":"ca27d457-fadf-483a-a30a-465ef41f328f-139754024333312","trial_id":22,"step":4,"intermediate_value":95.12}
{"op_code":8,"worker_id":"ca27d457-fadf-483a-a30a-465ef41f328f-139754024333312","trial_id":22,"user_attr":{"train_loss_epoch_4":0.1629811187308512}}
{"op_code":7,"worker_id":"ca27d457-fadf-483a-a30a-465ef41f328f-139754024333312","trial_id":22,"step":5,"intermediate_value":95.51}
{"op_code":8,"worker_id":"ca27d457-fadf-483a-a30a-465ef41f328f-139754024333312","trial_id":22,"user_attr":{"train_loss_epoch_5":0.14492303566701376}}
{"op_code":7,"worker_id":"ca27d457-fadf-483a-a30a-465ef41f328f-139754024333312","trial_id":22,"step":6,"intermediate_value":95.51}
{"op_code":8,"worker_id":"ca27d457-fadf-483a-a30a-465ef41f328f-139754024333312","trial_id":22,"user_attr":{"train_loss_epoch_6":0.13181930209106918}}
{"op_code":7,"worker_id":"ca27d457-fadf-483a-a30a-465ef41f328f-139754024333312","trial_id":22,"step":7,"intermediate_value":95.51}
{"op_code":8,"worker_id":"ca27d457-fadf-483a-a30a-465ef41f328f-139754024333312","trial_id":22,"user_attr":{"train_loss_epoch_7":0.12301494644136667}}
{"op_code":7,"worker_id":"ca27d457-fadf-483a-a30a-465ef41f328f-139754024333312","trial_id":22,"step":8,"intermediate_value":95.77}
{"op_code":8,"worker_id":"ca27d457-fadf-483a-a30a-465ef41f328f-139754024333312","trial_id":22,"user_attr":{"train_loss_epoch_8":0.11411925349166112}}
{"op_code":7,"worker_id":"ca27d457-fadf-483a-a30a-465ef41f328f-139754024333312","trial_id":22,"step":9,"intermediate_value":96.08}
{"op_code":8,"worker_id":"ca27d457-fadf-483a-a30a-465ef41f328f-139754024333312","trial_id":22,"user_attr":{"train_loss_epoch_9":0.10674788818102894}}
{"op_code":7,"worker_id":"ca27d457-fadf-483a-a30a-465ef41f328f-139754024333312","trial_id":22,"step":10,"intermediate_value":96.08}
{"op_code":8,"worker_id":"ca27d457-fadf-483a-a30a-465ef41f328f-139754024333312","trial_id":22,"user_attr":{"train_loss_epoch_10":0.1014746704301648}}
{"op_code":7,"worker_id":"ca27d457-fadf-483a-a30a-465ef41f328f-139754024333312","trial_id":22,"step":11,"intermediate_value":96.16}
{"op_code":8,"worker_id":"ca27d457-fadf-483a-a30a-465ef41f328f-139754024333312","trial_id":22,"user_attr":{"train_loss_epoch_11":0.09384302681049844}}
{"op_code":7,"worker_id":"ca27d457-fadf-483a-a30a-465ef41f328f-139754024333312","trial_id":22,"step":12,"intermediate_value":96.24}
{"op_code":8,"worker_id":"ca27d457-fadf-483a-a30a-465ef41f328f-139754024333312","trial_id":22,"user_attr":{"train_loss_epoch_12":0.0904578453134388}}
{"op_code":7,"worker_id":"ca27d457-fadf-483a-a30a-465ef41f328f-139754024333312","trial_id":22,"step":13,"intermediate_value":96.24}
{"op_code":8,"worker_id":"ca27d457-fadf-483a-a30a-465ef41f328f-139754024333312","trial_id":22,"user_attr":{"train_loss_epoch_13":0.08722124094747181}}
{"op_code":7,"worker_id":"ca27d457-fadf-483a-a30a-465ef41f328f-139754024333312","trial_id":22,"step":14,"intermediate_value":96.43}
{"op_code":8,"worker_id":"ca27d457-fadf-483a-a30a-465ef41f328f-139754024333312","trial_id":22,"user_attr":{"train_loss_epoch_14":0.08444048998220119}}
{"op_code":7,"worker_id":"ca27d457-fadf-483a-a30a-465ef41f328f-139754024333312","trial_id":22,"step":15,"intermediate_value":96.47}
{"op_code":8,"worker_id":"ca27d457-fadf-483a-a30a-465ef41f328f-139754024333312","trial_id":22,"user_attr":{"train_loss_epoch_15":0.08225092731976211}}
{"op_code":7,"worker_id":"ca27d457-fadf-483a-a30a-465ef41f328f-139754024333312","trial_id":22,"step":16,"intermediate_value":96.47}
{"op_code":8,"worker_id":"ca27d457-fadf-483a-a30a-465ef41f328f-139754024333312","trial_id":22,"user_attr":{"train_loss_epoch_16":0.07946605424904056}}
{"op_code":7,"worker_id":"ca27d457-fadf-483a-a30a-465ef41f328f-139754024333312","trial_id":22,"step":17,"intermediate_value":96.64}
{"op_code":8,"worker_id":"ca27d457-fadf-483a-a30a-465ef41f328f-139754024333312","trial_id":22,"user_attr":{"train_loss_epoch_17":0.07583620382357699}}
{"op_code":7,"worker_id":"ca27d457-fadf-483a-a30a-465ef41f328f-139754024333312","trial_id":22,"step":18,"intermediate_value":96.64}
{"op_code":8,"worker_id":"ca27d457-fadf-483a-a30a-465ef41f328f-139754024333312","trial_id":22,"user_attr":{"train_loss_epoch_18":0.07249248502597308}}
{"op_code":7,"worker_id":"ca27d457-fadf-483a-a30a-465ef41f328f-139754024333312","trial_id":22,"step":19,"intermediate_value":96.64}
{"op_code":8,"worker_id":"ca27d457-fadf-483a-a30a-465ef41f328f-139754024333312","trial_id":22,"user_attr":{"train_loss_epoch_19":0.07012549955556706}}
{"op_code":7,"worker_id":"ca27d457-fadf-483a-a30a-465ef41f328f-139754024333312","trial_id":22,"step":20,"intermediate_value":96.69}
{"op_code":8,"worker_id":"ca27d457-fadf-483a-a30a-465ef41f328f-139754024333312","trial_id":22,"user_attr":{"train_loss_epoch_20":0.06705643920781913}}
{"op_code":7,"worker_id":"ca27d457-fadf-483a-a30a-465ef41f328f-139754024333312","trial_id":22,"step":21,"intermediate_value":96.69}
{"op_code":8,"worker_id":"ca27d457-fadf-483a-a30a-465ef41f328f-139754024333312","trial_id":22,"user_attr":{"train_loss_epoch_21":0.06496475368757039}}
{"op_code":7,"worker_id":"ca27d457-fadf-483a-a30a-465ef41f328f-139754024333312","trial_id":22,"step":22,"intermediate_value":96.69}
{"op_code":8,"worker_id":"ca27d457-fadf-483a-a30a-465ef41f328f-139754024333312","trial_id":22,"user_attr":{"train_loss_epoch_22":0.063078890399221}}
{"op_code":7,"worker_id":"ca27d457-fadf-483a-a30a-465ef41f328f-139754024333312","trial_id":22,"step":23,"intermediate_value":96.69}
{"op_code":8,"worker_id":"ca27d457-fadf-483a-a30a-465ef41f328f-139754024333312","trial_id":22,"user_attr":{"train_loss_epoch_23":0.06180439500097455}}
{"op_code":7,"worker_id":"ca27d457-fadf-483a-a30a-465ef41f328f-139754024333312","trial_id":22,"step":24,"intermediate_value":96.69}
{"op_code":8,"worker_id":"ca27d457-fadf-483a-a30a-465ef41f328f-139754024333312","trial_id":22,"user_attr":{"train_loss_epoch_24":0.060176981911649}}
{"op_code":7,"worker_id":"ca27d457-fadf-483a-a30a-465ef41f328f-139754024333312","trial_id":22,"step":25,"intermediate_value":96.71}
{"op_code":8,"worker_id":"ca27d457-fadf-483a-a30a-465ef41f328f-139754024333312","trial_id":22,"user_attr":{"train_loss_epoch_25":0.058986781437549665}}
{"op_code":7,"worker_id":"ca27d457-fadf-483a-a30a-465ef41f328f-139754024333312","trial_id":22,"step":26,"intermediate_value":96.77}
{"op_code":8,"worker_id":"ca27d457-fadf-483a-a30a-465ef41f328f-139754024333312","trial_id":22,"user_attr":{"train_loss_epoch_26":0.056871907529123286}}
{"op_code":7,"worker_id":"ca27d457-fadf-483a-a30a-465ef41f328f-139754024333312","trial_id":22,"step":27,"intermediate_value":96.77}
{"op_code":8,"worker_id":"ca27d457-fadf-483a-a30a-465ef41f328f-139754024333312","trial_id":22,"user_attr":{"train_loss_epoch_27":0.056083041305186106}}
{"op_code":7,"worker_id":"ca27d457-fadf-483a-a30a-465ef41f328f-139754024333312","trial_id":22,"step":28,"intermediate_value":96.77}
{"op_code":8,"worker_id":"ca27d457-fadf-483a-a30a-465ef41f328f-139754024333312","trial_id":22,"user_attr":{"train_loss_epoch_28":0.054465760048210764}}
{"op_code":7,"worker_id":"ca27d457-fadf-483a-a30a-465ef41f328f-139754024333312","trial_id":22,"step":29,"intermediate_value":96.89}
{"op_code":8,"worker_id":"ca27d457-fadf-483a-a30a-465ef41f328f-139754024333312","trial_id":22,"user_attr":{"train_loss_epoch_29":0.05246917476931186}}
{"op_code":7,"worker_id":"ca27d457-fadf-483a-a30a-465ef41f328f-139754024333312","trial_id":22,"step":30,"intermediate_value":96.89}
{"op_code":8,"worker_id":"ca27d457-fadf-483a-a30a-465ef41f328f-139754024333312","trial_id":22,"user_attr":{"train_loss_epoch_30":0.0521108855572549}}
{"op_code":6,"worker_id":"ca27d457-fadf-483a-a30a-465ef41f328f-139754024333312","trial_id":22,"state":1,"values":[96.89],"datetime_complete":"2026-05-07T23:49:30.658663"}
{"op_code":4,"worker_id":"ca27d457-fadf-483a-a30a-465ef41f328f-139754024333312","study_id":0,"datetime_start":"2026-05-07T23:49:30.663025"}
{"op_code":5,"worker_id":"ca27d457-fadf-483a-a30a-465ef41f328f-139754024333312","trial_id":23,"param_name":"learning_rate","param_value_internal":0.006,"distribution":"{\"name\": \"FloatDistribution\", \"attributes\": {\"step\": null, \"low\": 0.006, \"high\": 5.0, \"log\": true}}"}
{"op_code":5,"worker_id":"ca27d457-fadf-483a-a30a-465ef41f328f-139754024333312","trial_id":23,"param_name":"transfer_lr","param_value_internal":0.029493748753981596,"distribution":"{\"name\": \"FloatDistribution\", \"attributes\": {\"step\": null, \"low\": 1e-05, \"high\": 0.03, \"log\": true}}"}
{"op_code":5,"worker_id":"ca27d457-fadf-483a-a30a-465ef41f328f-139754024333312","trial_id":23,"param_name":"transfer_every","param_value_internal":10.0,"distribution":"{\"name\": \"IntDistribution\", \"attributes\": {\"log\": true, \"step\": 1, \"low\": 10, \"high\": 10}}"}
{"op_code":5,"worker_id":"ca27d457-fadf-483a-a30a-465ef41f328f-139754024333312","trial_id":23,"param_name":"rank_exp","param_value_internal":3.0,"distribution":"{\"name\": \"IntDistribution\", \"attributes\": {\"log\": false, \"step\": 1, \"low\": 3, \"high\": 3}}"}
{"op_code":5,"worker_id":"ca27d457-fadf-483a-a30a-465ef41f328f-139754024333312","trial_id":23,"param_name":"fast_lr","param_value_internal":0.05505095423212934,"distribution":"{\"name\": \"FloatDistribution\", \"attributes\": {\"step\": null, \"low\": 0.0007, \"high\": 20000.0, \"log\": true}}"}
{"op_code":5,"worker_id":"ca27d457-fadf-483a-a30a-465ef41f328f-139754024333312","trial_id":23,"param_name":"tau_sec","param_value_internal":0.0,"distribution":"{\"name\": \"FloatDistribution\", \"attributes\": {\"step\": null, \"low\": 0.0, \"high\": 0.0, \"log\": false}}"}
{"op_code":5,"worker_id":"ca27d457-fadf-483a-a30a-465ef41f328f-139754024333312","trial_id":23,"param_name":"ab_dw_min","param_value_internal":0.001981,"distribution":"{\"name\": \"FloatDistribution\", \"attributes\": {\"step\": null, \"low\": 0.001981, \"high\": 0.001981, \"log\": true}}"}
{"op_code":5,"worker_id":"ca27d457-fadf-483a-a30a-465ef41f328f-139754024333312","trial_id":23,"param_name":"ab_desired_bl","param_value_internal":31.0,"distribution":"{\"name\": \"IntDistribution\", \"attributes\": {\"log\": false, \"step\": 1, \"low\": 31, \"high\": 31}}"}
{"op_code":5,"worker_id":"ca27d457-fadf-483a-a30a-465ef41f328f-139754024333312","trial_id":23,"param_name":"a_reset_std","param_value_internal":1e-30,"distribution":"{\"name\": \"FloatDistribution\", \"attributes\": {\"step\": null, \"low\": 1e-30, \"high\": 1e-30, \"log\": true}}"}
{"op_code":5,"worker_id":"ca27d457-fadf-483a-a30a-465ef41f328f-139754024333312","trial_id":23,"param_name":"b_reset_std","param_value_internal":29119.55248778993,"distribution":"{\"name\": \"FloatDistribution\", \"attributes\": {\"step\": null, \"low\": 2e-05, \"high\": 30000.0, \"log\": true}}"}
{"op_code":5,"worker_id":"ca27d457-fadf-483a-a30a-465ef41f328f-139754024333312","trial_id":23,"param_name":"c_dw_min","param_value_internal":0.001,"distribution":"{\"name\": \"FloatDistribution\", \"attributes\": {\"step\": null, \"low\": 0.001, \"high\": 0.001, \"log\": true}}"}
{"op_code":5,"worker_id":"ca27d457-fadf-483a-a30a-465ef41f328f-139754024333312","trial_id":23,"param_name":"c_desired_bl","param_value_internal":31.0,"distribution":"{\"name\": \"IntDistribution\", \"attributes\": {\"log\": false, \"step\": 1, \"low\": 31, \"high\": 31}}"}
{"op_code":5,"worker_id":"ca27d457-fadf-483a-a30a-465ef41f328f-139754024333312","trial_id":23,"param_name":"out_noise","param_value_internal":0.0,"distribution":"{\"name\": \"FloatDistribution\", \"attributes\": {\"step\": null, \"low\": 0.0, \"high\": 0.0, \"log\": false}}"}
{"op_code":5,"worker_id":"ca27d457-fadf-483a-a30a-465ef41f328f-139754024333312","trial_id":23,"param_name":"ab_weight_scaling_omega","param_value_internal":0.0,"distribution":"{\"name\": \"FloatDistribution\", \"attributes\": {\"step\": null, \"low\": 0.0, \"high\": 0.0, \"log\": false}}"}
{"op_code":8,"worker_id":"ca27d457-fadf-483a-a30a-465ef41f328f-139754024333312","trial_id":23,"user_attr":{"grad_accum_steps":1}}
{"op_code":7,"worker_id":"ca27d457-fadf-483a-a30a-465ef41f328f-139754024333312","trial_id":23,"step":1,"intermediate_value":89.06}
{"op_code":8,"worker_id":"ca27d457-fadf-483a-a30a-465ef41f328f-139754024333312","trial_id":23,"user_attr":{"train_loss_epoch_1":0.711751644640589}}
{"op_code":7,"worker_id":"ca27d457-fadf-483a-a30a-465ef41f328f-139754024333312","trial_id":23,"step":2,"intermediate_value":90.26}
{"op_code":8,"worker_id":"ca27d457-fadf-483a-a30a-465ef41f328f-139754024333312","trial_id":23,"user_attr":{"train_loss_epoch_2":0.37923709230064584}}
{"op_code":7,"worker_id":"ca27d457-fadf-483a-a30a-465ef41f328f-139754024333312","trial_id":23,"step":3,"intermediate_value":91.14}
{"op_code":8,"worker_id":"ca27d457-fadf-483a-a30a-465ef41f328f-139754024333312","trial_id":23,"user_attr":{"train_loss_epoch_3":0.34150347231960754}}
{"op_code":7,"worker_id":"ca27d457-fadf-483a-a30a-465ef41f328f-139754024333312","trial_id":23,"step":4,"intermediate_value":91.49}
{"op_code":8,"worker_id":"ca27d457-fadf-483a-a30a-465ef41f328f-139754024333312","trial_id":23,"user_attr":{"train_loss_epoch_4":0.318251840357206}}
{"op_code":7,"worker_id":"ca27d457-fadf-483a-a30a-465ef41f328f-139754024333312","trial_id":23,"step":5,"intermediate_value":91.74}
{"op_code":8,"worker_id":"ca27d457-fadf-483a-a30a-465ef41f328f-139754024333312","trial_id":23,"user_attr":{"train_loss_epoch_5":0.30631496752503073}}
{"op_code":7,"worker_id":"ca27d457-fadf-483a-a30a-465ef41f328f-139754024333312","trial_id":23,"step":6,"intermediate_value":91.92}
{"op_code":8,"worker_id":"ca27d457-fadf-483a-a30a-465ef41f328f-139754024333312","trial_id":23,"user_attr":{"train_loss_epoch_6":0.2952084415661755}}
{"op_code":7,"worker_id":"ca27d457-fadf-483a-a30a-465ef41f328f-139754024333312","trial_id":23,"step":7,"intermediate_value":91.92}
{"op_code":8,"worker_id":"ca27d457-fadf-483a-a30a-465ef41f328f-139754024333312","trial_id":23,"user_attr":{"train_loss_epoch_7":0.28435926754941054}}
{"op_code":7,"worker_id":"ca27d457-fadf-483a-a30a-465ef41f328f-139754024333312","trial_id":23,"step":8,"intermediate_value":92.32}
{"op_code":8,"worker_id":"ca27d457-fadf-483a-a30a-465ef41f328f-139754024333312","trial_id":23,"user_attr":{"train_loss_epoch_8":0.28013047224073523}}
{"op_code":7,"worker_id":"ca27d457-fadf-483a-a30a-465ef41f328f-139754024333312","trial_id":23,"step":9,"intermediate_value":92.71}
{"op_code":8,"worker_id":"ca27d457-fadf-483a-a30a-465ef41f328f-139754024333312","trial_id":23,"user_attr":{"train_loss_epoch_9":0.27281955772562066}}
{"op_code":7,"worker_id":"ca27d457-fadf-483a-a30a-465ef41f328f-139754024333312","trial_id":23,"step":10,"intermediate_value":92.71}
{"op_code":8,"worker_id":"ca27d457-fadf-483a-a30a-465ef41f328f-139754024333312","trial_id":23,"user_attr":{"train_loss_epoch_10":0.26754307030424124}}
{"op_code":7,"worker_id":"ca27d457-fadf-483a-a30a-465ef41f328f-139754024333312","trial_id":23,"step":11,"intermediate_value":92.77}
{"op_code":8,"worker_id":"ca27d457-fadf-483a-a30a-465ef41f328f-139754024333312","trial_id":23,"user_attr":{"train_loss_epoch_11":0.26146957078086797}}
{"op_code":7,"worker_id":"ca27d457-fadf-483a-a30a-465ef41f328f-139754024333312","trial_id":23,"step":12,"intermediate_value":92.77}
{"op_code":8,"worker_id":"ca27d457-fadf-483a-a30a-465ef41f328f-139754024333312","trial_id":23,"user_attr":{"train_loss_epoch_12":0.26582302992690854}}
{"op_code":7,"worker_id":"ca27d457-fadf-483a-a30a-465ef41f328f-139754024333312","trial_id":23,"step":13,"intermediate_value":92.8}
{"op_code":8,"worker_id":"ca27d457-fadf-483a-a30a-465ef41f328f-139754024333312","trial_id":23,"user_attr":{"train_loss_epoch_13":0.2587215469272406}}
{"op_code":7,"worker_id":"ca27d457-fadf-483a-a30a-465ef41f328f-139754024333312","trial_id":23,"step":14,"intermediate_value":93.13}
{"op_code":8,"worker_id":"ca27d457-fadf-483a-a30a-465ef41f328f-139754024333312","trial_id":23,"user_attr":{"train_loss_epoch_14":0.25946857997857686}}
{"op_code":7,"worker_id":"ca27d457-fadf-483a-a30a-465ef41f328f-139754024333312","trial_id":23,"step":15,"intermediate_value":93.13}
{"op_code":8,"worker_id":"ca27d457-fadf-483a-a30a-465ef41f328f-139754024333312","trial_id":23,"user_attr":{"train_loss_epoch_15":0.25889481697032957}}
{"op_code":7,"worker_id":"ca27d457-fadf-483a-a30a-465ef41f328f-139754024333312","trial_id":23,"step":16,"intermediate_value":93.13}
{"op_code":8,"worker_id":"ca27d457-fadf-483a-a30a-465ef41f328f-139754024333312","trial_id":23,"user_attr":{"train_loss_epoch_16":0.26208216801031564}}
{"op_code":7,"worker_id":"ca27d457-fadf-483a-a30a-465ef41f328f-139754024333312","trial_id":23,"step":17,"intermediate_value":93.13}
{"op_code":8,"worker_id":"ca27d457-fadf-483a-a30a-465ef41f328f-139754024333312","trial_id":23,"user_attr":{"train_loss_epoch_17":0.25726569814881534}}
{"op_code":7,"worker_id":"ca27d457-fadf-483a-a30a-465ef41f328f-139754024333312","trial_id":23,"step":18,"intermediate_value":93.13}
{"op_code":8,"worker_id":"ca27d457-fadf-483a-a30a-465ef41f328f-139754024333312","trial_id":23,"user_attr":{"train_loss_epoch_18":0.2538247644297604}}
{"op_code":7,"worker_id":"ca27d457-fadf-483a-a30a-465ef41f328f-139754024333312","trial_id":23,"step":19,"intermediate_value":93.14}
{"op_code":8,"worker_id":"ca27d457-fadf-483a-a30a-465ef41f328f-139754024333312","trial_id":23,"user_attr":{"train_loss_epoch_19":0.24913375995465434}}
{"op_code":7,"worker_id":"ca27d457-fadf-483a-a30a-465ef41f328f-139754024333312","trial_id":23,"step":20,"intermediate_value":93.14}
{"op_code":8,"worker_id":"ca27d457-fadf-483a-a30a-465ef41f328f-139754024333312","trial_id":23,"user_attr":{"train_loss_epoch_20":0.24716661773574378}}
{"op_code":7,"worker_id":"ca27d457-fadf-483a-a30a-465ef41f328f-139754024333312","trial_id":23,"step":21,"intermediate_value":93.14}
{"op_code":8,"worker_id":"ca27d457-fadf-483a-a30a-465ef41f328f-139754024333312","trial_id":23,"user_attr":{"train_loss_epoch_21":0.2554636081493994}}
{"op_code":7,"worker_id":"ca27d457-fadf-483a-a30a-465ef41f328f-139754024333312","trial_id":23,"step":22,"intermediate_value":93.14}
{"op_code":8,"worker_id":"ca27d457-fadf-483a-a30a-465ef41f328f-139754024333312","trial_id":23,"user_attr":{"train_loss_epoch_22":0.25733129221842743}}
{"op_code":7,"worker_id":"ca27d457-fadf-483a-a30a-465ef41f328f-139754024333312","trial_id":23,"step":23,"intermediate_value":93.15}
{"op_code":8,"worker_id":"ca27d457-fadf-483a-a30a-465ef41f328f-139754024333312","trial_id":23,"user_attr":{"train_loss_epoch_23":0.2546678402943652}}
{"op_code":7,"worker_id":"ca27d457-fadf-483a-a30a-465ef41f328f-139754024333312","trial_id":23,"step":24,"intermediate_value":93.15}
{"op_code":8,"worker_id":"ca27d457-fadf-483a-a30a-465ef41f328f-139754024333312","trial_id":23,"user_attr":{"train_loss_epoch_24":0.2552341085110011}}
{"op_code":7,"worker_id":"ca27d457-fadf-483a-a30a-465ef41f328f-139754024333312","trial_id":23,"step":25,"intermediate_value":93.15}
{"op_code":8,"worker_id":"ca27d457-fadf-483a-a30a-465ef41f328f-139754024333312","trial_id":23,"user_attr":{"train_loss_epoch_25":0.2604013186162596}}
{"op_code":7,"worker_id":"ca27d457-fadf-483a-a30a-465ef41f328f-139754024333312","trial_id":23,"step":26,"intermediate_value":93.34}
{"op_code":8,"worker_id":"ca27d457-fadf-483a-a30a-465ef41f328f-139754024333312","trial_id":23,"user_attr":{"train_loss_epoch_26":0.2604143672318919}}
{"op_code":7,"worker_id":"ca27d457-fadf-483a-a30a-465ef41f328f-139754024333312","trial_id":23,"step":27,"intermediate_value":93.34}
{"op_code":8,"worker_id":"ca27d457-fadf-483a-a30a-465ef41f328f-139754024333312","trial_id":23,"user_attr":{"train_loss_epoch_27":0.2519215497055224}}
{"op_code":7,"worker_id":"ca27d457-fadf-483a-a30a-465ef41f328f-139754024333312","trial_id":23,"step":28,"intermediate_value":93.34}
{"op_code":8,"worker_id":"ca27d457-fadf-483a-a30a-465ef41f328f-139754024333312","trial_id":23,"user_attr":{"train_loss_epoch_28":0.2484121266037607}}
{"op_code":7,"worker_id":"ca27d457-fadf-483a-a30a-465ef41f328f-139754024333312","trial_id":23,"step":29,"intermediate_value":93.34}
{"op_code":8,"worker_id":"ca27d457-fadf-483a-a30a-465ef41f328f-139754024333312","trial_id":23,"user_attr":{"train_loss_epoch_29":0.24928421689582658}}
{"op_code":7,"worker_id":"ca27d457-fadf-483a-a30a-465ef41f328f-139754024333312","trial_id":23,"step":30,"intermediate_value":93.34}
{"op_code":8,"worker_id":"ca27d457-fadf-483a-a30a-465ef41f328f-139754024333312","trial_id":23,"user_attr":{"train_loss_epoch_30":0.25020403113923095}}
{"op_code":6,"worker_id":"ca27d457-fadf-483a-a30a-465ef41f328f-139754024333312","trial_id":23,"state":1,"values":[93.34],"datetime_complete":"2026-05-07T23:59:19.713203"}
{"op_code":4,"worker_id":"ca27d457-fadf-483a-a30a-465ef41f328f-139754024333312","study_id":0,"datetime_start":"2026-05-07T23:59:19.716533"}
{"op_code":5,"worker_id":"ca27d457-fadf-483a-a30a-465ef41f328f-139754024333312","trial_id":24,"param_name":"learning_rate","param_value_internal":0.07333585965968058,"distribution":"{\"name\": \"FloatDistribution\", \"attributes\": {\"step\": null, \"low\": 0.006, \"high\": 5.0, \"log\": true}}"}
{"op_code":5,"worker_id":"ca27d457-fadf-483a-a30a-465ef41f328f-139754024333312","trial_id":24,"param_name":"transfer_lr","param_value_internal":0.0011930482991722707,"distribution":"{\"name\": \"FloatDistribution\", \"attributes\": {\"step\": null, \"low\": 1e-05, \"high\": 0.03, \"log\": true}}"}
{"op_code":5,"worker_id":"ca27d457-fadf-483a-a30a-465ef41f328f-139754024333312","trial_id":24,"param_name":"transfer_every","param_value_internal":10.0,"distribution":"{\"name\": \"IntDistribution\", \"attributes\": {\"log\": true, \"step\": 1, \"low\": 10, \"high\": 10}}"}
{"op_code":5,"worker_id":"ca27d457-fadf-483a-a30a-465ef41f328f-139754024333312","trial_id":24,"param_name":"rank_exp","param_value_internal":3.0,"distribution":"{\"name\": \"IntDistribution\", \"attributes\": {\"log\": false, \"step\": 1, \"low\": 3, \"high\": 3}}"}
{"op_code":5,"worker_id":"ca27d457-fadf-483a-a30a-465ef41f328f-139754024333312","trial_id":24,"param_name":"fast_lr","param_value_internal":2.0275866982332995,"distribution":"{\"name\": \"FloatDistribution\", \"attributes\": {\"step\": null, \"low\": 0.0007, \"high\": 20000.0, \"log\": true}}"}
{"op_code":5,"worker_id":"ca27d457-fadf-483a-a30a-465ef41f328f-139754024333312","trial_id":24,"param_name":"tau_sec","param_value_internal":0.0,"distribution":"{\"name\": \"FloatDistribution\", \"attributes\": {\"step\": null, \"low\": 0.0, \"high\": 0.0, \"log\": false}}"}
{"op_code":5,"worker_id":"ca27d457-fadf-483a-a30a-465ef41f328f-139754024333312","trial_id":24,"param_name":"ab_dw_min","param_value_internal":0.001981,"distribution":"{\"name\": \"FloatDistribution\", \"attributes\": {\"step\": null, \"low\": 0.001981, \"high\": 0.001981, \"log\": true}}"}
{"op_code":5,"worker_id":"ca27d457-fadf-483a-a30a-465ef41f328f-139754024333312","trial_id":24,"param_name":"ab_desired_bl","param_value_internal":31.0,"distribution":"{\"name\": \"IntDistribution\", \"attributes\": {\"log\": false, \"step\": 1, \"low\": 31, \"high\": 31}}"}
{"op_code":5,"worker_id":"ca27d457-fadf-483a-a30a-465ef41f328f-139754024333312","trial_id":24,"param_name":"a_reset_std","param_value_internal":1e-30,"distribution":"{\"name\": \"FloatDistribution\", \"attributes\": {\"step\": null, \"low\": 1e-30, \"high\": 1e-30, \"log\": true}}"}
{"op_code":5,"worker_id":"ca27d457-fadf-483a-a30a-465ef41f328f-139754024333312","trial_id":24,"param_name":"b_reset_std","param_value_internal":28521.38765028871,"distribution":"{\"name\": \"FloatDistribution\", \"attributes\": {\"step\": null, \"low\": 2e-05, \"high\": 30000.0, \"log\": true}}"}
{"op_code":5,"worker_id":"ca27d457-fadf-483a-a30a-465ef41f328f-139754024333312","trial_id":24,"param_name":"c_dw_min","param_value_internal":0.001,"distribution":"{\"name\": \"FloatDistribution\", \"attributes\": {\"step\": null, \"low\": 0.001, \"high\": 0.001, \"log\": true}}"}
{"op_code":5,"worker_id":"ca27d457-fadf-483a-a30a-465ef41f328f-139754024333312","trial_id":24,"param_name":"c_desired_bl","param_value_internal":31.0,"distribution":"{\"name\": \"IntDistribution\", \"attributes\": {\"log\": false, \"step\": 1, \"low\": 31, \"high\": 31}}"}
{"op_code":5,"worker_id":"ca27d457-fadf-483a-a30a-465ef41f328f-139754024333312","trial_id":24,"param_name":"out_noise","param_value_internal":0.0,"distribution":"{\"name\": \"FloatDistribution\", \"attributes\": {\"step\": null, \"low\": 0.0, \"high\": 0.0, \"log\": false}}"}
{"op_code":5,"worker_id":"ca27d457-fadf-483a-a30a-465ef41f328f-139754024333312","trial_id":24,"param_name":"ab_weight_scaling_omega","param_value_internal":0.0,"distribution":"{\"name\": \"FloatDistribution\", \"attributes\": {\"step\": null, \"low\": 0.0, \"high\": 0.0, \"log\": false}}"}
{"op_code":8,"worker_id":"ca27d457-fadf-483a-a30a-465ef41f328f-139754024333312","trial_id":24,"user_attr":{"grad_accum_steps":1}}
{"op_code":7,"worker_id":"ca27d457-fadf-483a-a30a-465ef41f328f-139754024333312","trial_id":24,"step":1,"intermediate_value":90.95}
{"op_code":8,"worker_id":"ca27d457-fadf-483a-a30a-465ef41f328f-139754024333312","trial_id":24,"user_attr":{"train_loss_epoch_1":0.5466812680493286}}
{"op_code":7,"worker_id":"ca27d457-fadf-483a-a30a-465ef41f328f-139754024333312","trial_id":24,"step":2,"intermediate_value":92.42}
{"op_code":8,"worker_id":"ca27d457-fadf-483a-a30a-465ef41f328f-139754024333312","trial_id":24,"user_attr":{"train_loss_epoch_2":0.2960063797523027}}
{"op_code":7,"worker_id":"ca27d457-fadf-483a-a30a-465ef41f328f-139754024333312","trial_id":24,"step":3,"intermediate_value":93.3}
{"op_code":8,"worker_id":"ca27d457-fadf-483a-a30a-465ef41f328f-139754024333312","trial_id":24,"user_attr":{"train_loss_epoch_3":0.25094416519916896}}
{"op_code":7,"worker_id":"ca27d457-fadf-483a-a30a-465ef41f328f-139754024333312","trial_id":24,"step":4,"intermediate_value":93.95}
{"op_code":8,"worker_id":"ca27d457-fadf-483a-a30a-465ef41f328f-139754024333312","trial_id":24,"user_attr":{"train_loss_epoch_4":0.22293888538408635}}
{"op_code":7,"worker_id":"ca27d457-fadf-483a-a30a-465ef41f328f-139754024333312","trial_id":24,"step":5,"intermediate_value":94.5}
{"op_code":8,"worker_id":"ca27d457-fadf-483a-a30a-465ef41f328f-139754024333312","trial_id":24,"user_attr":{"train_loss_epoch_5":0.20263261753898948}}
{"op_code":7,"worker_id":"ca27d457-fadf-483a-a30a-465ef41f328f-139754024333312","trial_id":24,"step":6,"intermediate_value":94.87}
{"op_code":8,"worker_id":"ca27d457-fadf-483a-a30a-465ef41f328f-139754024333312","trial_id":24,"user_attr":{"train_loss_epoch_6":0.18690570543951063}}
{"op_code":7,"worker_id":"ca27d457-fadf-483a-a30a-465ef41f328f-139754024333312","trial_id":24,"step":7,"intermediate_value":95.09}
{"op_code":8,"worker_id":"ca27d457-fadf-483a-a30a-465ef41f328f-139754024333312","trial_id":24,"user_attr":{"train_loss_epoch_7":0.1734803402716957}}
{"op_code":7,"worker_id":"ca27d457-fadf-483a-a30a-465ef41f328f-139754024333312","trial_id":24,"step":8,"intermediate_value":95.26}
{"op_code":8,"worker_id":"ca27d457-fadf-483a-a30a-465ef41f328f-139754024333312","trial_id":24,"user_attr":{"train_loss_epoch_8":0.16381572499505873}}
{"op_code":7,"worker_id":"ca27d457-fadf-483a-a30a-465ef41f328f-139754024333312","trial_id":24,"step":9,"intermediate_value":95.66}
{"op_code":8,"worker_id":"ca27d457-fadf-483a-a30a-465ef41f328f-139754024333312","trial_id":24,"user_attr":{"train_loss_epoch_9":0.15493245524511154}}
{"op_code":7,"worker_id":"ca27d457-fadf-483a-a30a-465ef41f328f-139754024333312","trial_id":24,"step":10,"intermediate_value":95.66}
{"op_code":8,"worker_id":"ca27d457-fadf-483a-a30a-465ef41f328f-139754024333312","trial_id":24,"user_attr":{"train_loss_epoch_10":0.14771185917601085}}
{"op_code":7,"worker_id":"ca27d457-fadf-483a-a30a-465ef41f328f-139754024333312","trial_id":24,"step":11,"intermediate_value":95.66}
{"op_code":8,"worker_id":"ca27d457-fadf-483a-a30a-465ef41f328f-139754024333312","trial_id":24,"user_attr":{"train_loss_epoch_11":0.139739385096114}}
{"op_code":7,"worker_id":"ca27d457-fadf-483a-a30a-465ef41f328f-139754024333312","trial_id":24,"step":12,"intermediate_value":95.66}
{"op_code":8,"worker_id":"ca27d457-fadf-483a-a30a-465ef41f328f-139754024333312","trial_id":24,"user_attr":{"train_loss_epoch_12":0.13648361932120914}}
{"op_code":7,"worker_id":"ca27d457-fadf-483a-a30a-465ef41f328f-139754024333312","trial_id":24,"step":13,"intermediate_value":95.85}
{"op_code":8,"worker_id":"ca27d457-fadf-483a-a30a-465ef41f328f-139754024333312","trial_id":24,"user_attr":{"train_loss_epoch_13":0.13295494965009536}}
{"op_code":7,"worker_id":"ca27d457-fadf-483a-a30a-465ef41f328f-139754024333312","trial_id":24,"step":14,"intermediate_value":95.89}
{"op_code":8,"worker_id":"ca27d457-fadf-483a-a30a-465ef41f328f-139754024333312","trial_id":24,"user_attr":{"train_loss_epoch_14":0.13098263827962742}}
{"op_code":7,"worker_id":"ca27d457-fadf-483a-a30a-465ef41f328f-139754024333312","trial_id":24,"step":15,"intermediate_value":95.89}
{"op_code":8,"worker_id":"ca27d457-fadf-483a-a30a-465ef41f328f-139754024333312","trial_id":24,"user_attr":{"train_loss_epoch_15":0.12824164379114059}}
{"op_code":7,"worker_id":"ca27d457-fadf-483a-a30a-465ef41f328f-139754024333312","trial_id":24,"step":16,"intermediate_value":96.18}
{"op_code":8,"worker_id":"ca27d457-fadf-483a-a30a-465ef41f328f-139754024333312","trial_id":24,"user_attr":{"train_loss_epoch_16":0.1249493611043196}}
{"op_code":7,"worker_id":"ca27d457-fadf-483a-a30a-465ef41f328f-139754024333312","trial_id":24,"step":17,"intermediate_value":96.18}
{"op_code":8,"worker_id":"ca27d457-fadf-483a-a30a-465ef41f328f-139754024333312","trial_id":24,"user_attr":{"train_loss_epoch_17":0.12182016190745111}}
{"op_code":7,"worker_id":"ca27d457-fadf-483a-a30a-465ef41f328f-139754024333312","trial_id":24,"step":18,"intermediate_value":96.18}
{"op_code":8,"worker_id":"ca27d457-fadf-483a-a30a-465ef41f328f-139754024333312","trial_id":24,"user_attr":{"train_loss_epoch_18":0.12029347335919738}}
{"op_code":7,"worker_id":"ca27d457-fadf-483a-a30a-465ef41f328f-139754024333312","trial_id":24,"step":19,"intermediate_value":96.3}
{"op_code":8,"worker_id":"ca27d457-fadf-483a-a30a-465ef41f328f-139754024333312","trial_id":24,"user_attr":{"train_loss_epoch_19":0.11818779448468263}}
{"op_code":7,"worker_id":"ca27d457-fadf-483a-a30a-465ef41f328f-139754024333312","trial_id":24,"step":20,"intermediate_value":96.33}
{"op_code":8,"worker_id":"ca27d457-fadf-483a-a30a-465ef41f328f-139754024333312","trial_id":24,"user_attr":{"train_loss_epoch_20":0.11543272918205398}}
{"op_code":7,"worker_id":"ca27d457-fadf-483a-a30a-465ef41f328f-139754024333312","trial_id":24,"step":21,"intermediate_value":96.34}
{"op_code":8,"worker_id":"ca27d457-fadf-483a-a30a-465ef41f328f-139754024333312","trial_id":24,"user_attr":{"train_loss_epoch_21":0.11256515874571081}}
{"op_code":7,"worker_id":"ca27d457-fadf-483a-a30a-465ef41f328f-139754024333312","trial_id":24,"step":22,"intermediate_value":96.43}
{"op_code":8,"worker_id":"ca27d457-fadf-483a-a30a-465ef41f328f-139754024333312","trial_id":24,"user_attr":{"train_loss_epoch_22":0.11052752949837555}}
{"op_code":7,"worker_id":"ca27d457-fadf-483a-a30a-465ef41f328f-139754024333312","trial_id":24,"step":23,"intermediate_value":96.59}
{"op_code":8,"worker_id":"ca27d457-fadf-483a-a30a-465ef41f328f-139754024333312","trial_id":24,"user_attr":{"train_loss_epoch_23":0.10884992514294126}}
{"op_code":7,"worker_id":"ca27d457-fadf-483a-a30a-465ef41f328f-139754024333312","trial_id":24,"step":24,"intermediate_value":96.59}
{"op_code":8,"worker_id":"ca27d457-fadf-483a-a30a-465ef41f328f-139754024333312","trial_id":24,"user_attr":{"train_loss_epoch_24":0.10810605425939662}}
{"op_code":7,"worker_id":"ca27d457-fadf-483a-a30a-465ef41f328f-139754024333312","trial_id":24,"step":25,"intermediate_value":96.59}
{"op_code":8,"worker_id":"ca27d457-fadf-483a-a30a-465ef41f328f-139754024333312","trial_id":24,"user_attr":{"train_loss_epoch_25":0.10705818075672793}}
{"op_code":7,"worker_id":"ca27d457-fadf-483a-a30a-465ef41f328f-139754024333312","trial_id":24,"step":26,"intermediate_value":96.63}
{"op_code":8,"worker_id":"ca27d457-fadf-483a-a30a-465ef41f328f-139754024333312","trial_id":24,"user_attr":{"train_loss_epoch_26":0.10553922160649731}}
{"op_code":7,"worker_id":"ca27d457-fadf-483a-a30a-465ef41f328f-139754024333312","trial_id":24,"step":27,"intermediate_value":96.67}
{"op_code":8,"worker_id":"ca27d457-fadf-483a-a30a-465ef41f328f-139754024333312","trial_id":24,"user_attr":{"train_loss_epoch_27":0.10442047703292356}}
{"op_code":7,"worker_id":"ca27d457-fadf-483a-a30a-465ef41f328f-139754024333312","trial_id":24,"step":28,"intermediate_value":96.69}
{"op_code":8,"worker_id":"ca27d457-fadf-483a-a30a-465ef41f328f-139754024333312","trial_id":24,"user_attr":{"train_loss_epoch_28":0.10257277746937041}}
{"op_code":7,"worker_id":"ca27d457-fadf-483a-a30a-465ef41f328f-139754024333312","trial_id":24,"step":29,"intermediate_value":96.69}
{"op_code":8,"worker_id":"ca27d457-fadf-483a-a30a-465ef41f328f-139754024333312","trial_id":24,"user_attr":{"train_loss_epoch_29":0.10175439809709153}}
{"op_code":7,"worker_id":"ca27d457-fadf-483a-a30a-465ef41f328f-139754024333312","trial_id":24,"step":30,"intermediate_value":96.78}
{"op_code":8,"worker_id":"ca27d457-fadf-483a-a30a-465ef41f328f-139754024333312","trial_id":24,"user_attr":{"train_loss_epoch_30":0.10071876879159941}}
{"op_code":6,"worker_id":"ca27d457-fadf-483a-a30a-465ef41f328f-139754024333312","trial_id":24,"state":1,"values":[96.78],"datetime_complete":"2026-05-08T00:08:51.612953"}
{"op_code":4,"worker_id":"ca27d457-fadf-483a-a30a-465ef41f328f-139754024333312","study_id":0,"datetime_start":"2026-05-08T00:08:51.617652"}
{"op_code":5,"worker_id":"ca27d457-fadf-483a-a30a-465ef41f328f-139754024333312","trial_id":25,"param_name":"learning_rate","param_value_internal":0.025606672601388804,"distribution":"{\"name\": \"FloatDistribution\", \"attributes\": {\"step\": null, \"low\": 0.006, \"high\": 5.0, \"log\": true}}"}
{"op_code":5,"worker_id":"ca27d457-fadf-483a-a30a-465ef41f328f-139754024333312","trial_id":25,"param_name":"transfer_lr","param_value_internal":0.0009417168545493284,"distribution":"{\"name\": \"FloatDistribution\", \"attributes\": {\"step\": null, \"low\": 1e-05, \"high\": 0.03, \"log\": true}}"}
{"op_code":5,"worker_id":"ca27d457-fadf-483a-a30a-465ef41f328f-139754024333312","trial_id":25,"param_name":"transfer_every","param_value_internal":10.0,"distribution":"{\"name\": \"IntDistribution\", \"attributes\": {\"log\": true, \"step\": 1, \"low\": 10, \"high\": 10}}"}
{"op_code":5,"worker_id":"ca27d457-fadf-483a-a30a-465ef41f328f-139754024333312","trial_id":25,"param_name":"rank_exp","param_value_internal":3.0,"distribution":"{\"name\": \"IntDistribution\", \"attributes\": {\"log\": false, \"step\": 1, \"low\": 3, \"high\": 3}}"}
{"op_code":5,"worker_id":"ca27d457-fadf-483a-a30a-465ef41f328f-139754024333312","trial_id":25,"param_name":"fast_lr","param_value_internal":7.959547778181416,"distribution":"{\"name\": \"FloatDistribution\", \"attributes\": {\"step\": null, \"low\": 0.0007, \"high\": 20000.0, \"log\": true}}"}
{"op_code":5,"worker_id":"ca27d457-fadf-483a-a30a-465ef41f328f-139754024333312","trial_id":25,"param_name":"tau_sec","param_value_internal":0.0,"distribution":"{\"name\": \"FloatDistribution\", \"attributes\": {\"step\": null, \"low\": 0.0, \"high\": 0.0, \"log\": false}}"}
{"op_code":5,"worker_id":"ca27d457-fadf-483a-a30a-465ef41f328f-139754024333312","trial_id":25,"param_name":"ab_dw_min","param_value_internal":0.001981,"distribution":"{\"name\": \"FloatDistribution\", \"attributes\": {\"step\": null, \"low\": 0.001981, \"high\": 0.001981, \"log\": true}}"}
{"op_code":5,"worker_id":"ca27d457-fadf-483a-a30a-465ef41f328f-139754024333312","trial_id":25,"param_name":"ab_desired_bl","param_value_internal":31.0,"distribution":"{\"name\": \"IntDistribution\", \"attributes\": {\"log\": false, \"step\": 1, \"low\": 31, \"high\": 31}}"}
{"op_code":5,"worker_id":"ca27d457-fadf-483a-a30a-465ef41f328f-139754024333312","trial_id":25,"param_name":"a_reset_std","param_value_internal":1e-30,"distribution":"{\"name\": \"FloatDistribution\", \"attributes\": {\"step\": null, \"low\": 1e-30, \"high\": 1e-30, \"log\": true}}"}
{"op_code":5,"worker_id":"ca27d457-fadf-483a-a30a-465ef41f328f-139754024333312","trial_id":25,"param_name":"b_reset_std","param_value_internal":0.07713800251840341,"distribution":"{\"name\": \"FloatDistribution\", \"attributes\": {\"step\": null, \"low\": 2e-05, \"high\": 30000.0, \"log\": true}}"}
{"op_code":5,"worker_id":"ca27d457-fadf-483a-a30a-465ef41f328f-139754024333312","trial_id":25,"param_name":"c_dw_min","param_value_internal":0.001,"distribution":"{\"name\": \"FloatDistribution\", \"attributes\": {\"step\": null, \"low\": 0.001, \"high\": 0.001, \"log\": true}}"}
{"op_code":5,"worker_id":"ca27d457-fadf-483a-a30a-465ef41f328f-139754024333312","trial_id":25,"param_name":"c_desired_bl","param_value_internal":31.0,"distribution":"{\"name\": \"IntDistribution\", \"attributes\": {\"log\": false, \"step\": 1, \"low\": 31, \"high\": 31}}"}
{"op_code":5,"worker_id":"ca27d457-fadf-483a-a30a-465ef41f328f-139754024333312","trial_id":25,"param_name":"out_noise","param_value_internal":0.0,"distribution":"{\"name\": \"FloatDistribution\", \"attributes\": {\"step\": null, \"low\": 0.0, \"high\": 0.0, \"log\": false}}"}
{"op_code":5,"worker_id":"ca27d457-fadf-483a-a30a-465ef41f328f-139754024333312","trial_id":25,"param_name":"ab_weight_scaling_omega","param_value_internal":0.0,"distribution":"{\"name\": \"FloatDistribution\", \"attributes\": {\"step\": null, \"low\": 0.0, \"high\": 0.0, \"log\": false}}"}
{"op_code":8,"worker_id":"ca27d457-fadf-483a-a30a-465ef41f328f-139754024333312","trial_id":25,"user_attr":{"grad_accum_steps":1}}
{"op_code":7,"worker_id":"ca27d457-fadf-483a-a30a-465ef41f328f-139754024333312","trial_id":25,"step":1,"intermediate_value":86.34}
{"op_code":8,"worker_id":"ca27d457-fadf-483a-a30a-465ef41f328f-139754024333312","trial_id":25,"user_attr":{"train_loss_epoch_1":0.9529705415529482}}
{"op_code":7,"worker_id":"ca27d457-fadf-483a-a30a-465ef41f328f-139754024333312","trial_id":25,"step":2,"intermediate_value":88.88}
{"op_code":8,"worker_id":"ca27d457-fadf-483a-a30a-465ef41f328f-139754024333312","trial_id":25,"user_attr":{"train_loss_epoch_2":0.5005226247568628}}
{"op_code":7,"worker_id":"ca27d457-fadf-483a-a30a-465ef41f328f-139754024333312","trial_id":25,"step":3,"intermediate_value":89.71}
{"op_code":8,"worker_id":"ca27d457-fadf-483a-a30a-465ef41f328f-139754024333312","trial_id":25,"user_attr":{"train_loss_epoch_3":0.4146495491488656}}
{"op_code":7,"worker_id":"ca27d457-fadf-483a-a30a-465ef41f328f-139754024333312","trial_id":25,"step":4,"intermediate_value":90.35}
{"op_code":8,"worker_id":"ca27d457-fadf-483a-a30a-465ef41f328f-139754024333312","trial_id":25,"user_attr":{"train_loss_epoch_4":0.3714534630462813}}
{"op_code":7,"worker_id":"ca27d457-fadf-483a-a30a-465ef41f328f-139754024333312","trial_id":25,"step":5,"intermediate_value":90.94}
{"op_code":8,"worker_id":"ca27d457-fadf-483a-a30a-465ef41f328f-139754024333312","trial_id":25,"user_attr":{"train_loss_epoch_5":0.34348067954214395}}
{"op_code":7,"worker_id":"ca27d457-fadf-483a-a30a-465ef41f328f-139754024333312","trial_id":25,"step":6,"intermediate_value":91.26}
{"op_code":8,"worker_id":"ca27d457-fadf-483a-a30a-465ef41f328f-139754024333312","trial_id":25,"user_attr":{"train_loss_epoch_6":0.32331342312858813}}
{"op_code":7,"worker_id":"ca27d457-fadf-483a-a30a-465ef41f328f-139754024333312","trial_id":25,"step":7,"intermediate_value":91.76}
{"op_code":8,"worker_id":"ca27d457-fadf-483a-a30a-465ef41f328f-139754024333312","trial_id":25,"user_attr":{"train_loss_epoch_7":0.3076133299658675}}
{"op_code":7,"worker_id":"ca27d457-fadf-483a-a30a-465ef41f328f-139754024333312","trial_id":25,"step":8,"intermediate_value":92.03}
{"op_code":8,"worker_id":"ca27d457-fadf-483a-a30a-465ef41f328f-139754024333312","trial_id":25,"user_attr":{"train_loss_epoch_8":0.29528111248001104}}
{"op_code":7,"worker_id":"ca27d457-fadf-483a-a30a-465ef41f328f-139754024333312","trial_id":25,"step":9,"intermediate_value":92.19}
{"op_code":8,"worker_id":"ca27d457-fadf-483a-a30a-465ef41f328f-139754024333312","trial_id":25,"user_attr":{"train_loss_epoch_9":0.2843123583524212}}
{"op_code":7,"worker_id":"ca27d457-fadf-483a-a30a-465ef41f328f-139754024333312","trial_id":25,"step":10,"intermediate_value":92.38}
{"op_code":8,"worker_id":"ca27d457-fadf-483a-a30a-465ef41f328f-139754024333312","trial_id":25,"user_attr":{"train_loss_epoch_10":0.27477836519924564}}
{"op_code":7,"worker_id":"ca27d457-fadf-483a-a30a-465ef41f328f-139754024333312","trial_id":25,"step":11,"intermediate_value":92.54}
{"op_code":8,"worker_id":"ca27d457-fadf-483a-a30a-465ef41f328f-139754024333312","trial_id":25,"user_attr":{"train_loss_epoch_11":0.2670411789563419}}
{"op_code":7,"worker_id":"ca27d457-fadf-483a-a30a-465ef41f328f-139754024333312","trial_id":25,"step":12,"intermediate_value":92.65}
{"op_code":8,"worker_id":"ca27d457-fadf-483a-a30a-465ef41f328f-139754024333312","trial_id":25,"user_attr":{"train_loss_epoch_12":0.26180979920062686}}
{"op_code":7,"worker_id":"ca27d457-fadf-483a-a30a-465ef41f328f-139754024333312","trial_id":25,"step":13,"intermediate_value":92.83}
{"op_code":8,"worker_id":"ca27d457-fadf-483a-a30a-465ef41f328f-139754024333312","trial_id":25,"user_attr":{"train_loss_epoch_13":0.25686077154013137}}
{"op_code":7,"worker_id":"ca27d457-fadf-483a-a30a-465ef41f328f-139754024333312","trial_id":25,"step":14,"intermediate_value":92.89}
{"op_code":8,"worker_id":"ca27d457-fadf-483a-a30a-465ef41f328f-139754024333312","trial_id":25,"user_attr":{"train_loss_epoch_14":0.2520534814849718}}
{"op_code":7,"worker_id":"ca27d457-fadf-483a-a30a-465ef41f328f-139754024333312","trial_id":25,"step":15,"intermediate_value":93.09}
{"op_code":8,"worker_id":"ca27d457-fadf-483a-a30a-465ef41f328f-139754024333312","trial_id":25,"user_attr":{"train_loss_epoch_15":0.24746760515881372}}
{"op_code":7,"worker_id":"ca27d457-fadf-483a-a30a-465ef41f328f-139754024333312","trial_id":25,"step":16,"intermediate_value":93.16}
{"op_code":8,"worker_id":"ca27d457-fadf-483a-a30a-465ef41f328f-139754024333312","trial_id":25,"user_attr":{"train_loss_epoch_16":0.24318111239910634}}
{"op_code":7,"worker_id":"ca27d457-fadf-483a-a30a-465ef41f328f-139754024333312","trial_id":25,"step":17,"intermediate_value":93.18}
{"op_code":8,"worker_id":"ca27d457-fadf-483a-a30a-465ef41f328f-139754024333312","trial_id":25,"user_attr":{"train_loss_epoch_17":0.23950154105149735}}
{"op_code":7,"worker_id":"ca27d457-fadf-483a-a30a-465ef41f328f-139754024333312","trial_id":25,"step":18,"intermediate_value":93.28}
{"op_code":8,"worker_id":"ca27d457-fadf-483a-a30a-465ef41f328f-139754024333312","trial_id":25,"user_attr":{"train_loss_epoch_18":0.23571672817187778}}
{"op_code":7,"worker_id":"ca27d457-fadf-483a-a30a-465ef41f328f-139754024333312","trial_id":25,"step":19,"intermediate_value":93.33}
{"op_code":8,"worker_id":"ca27d457-fadf-483a-a30a-465ef41f328f-139754024333312","trial_id":25,"user_attr":{"train_loss_epoch_19":0.2317218800613494}}
{"op_code":7,"worker_id":"ca27d457-fadf-483a-a30a-465ef41f328f-139754024333312","trial_id":25,"step":20,"intermediate_value":93.49}
{"op_code":8,"worker_id":"ca27d457-fadf-483a-a30a-465ef41f328f-139754024333312","trial_id":25,"user_attr":{"train_loss_epoch_20":0.22819308649851824}}
{"op_code":7,"worker_id":"ca27d457-fadf-483a-a30a-465ef41f328f-139754024333312","trial_id":25,"step":21,"intermediate_value":93.55}
{"op_code":8,"worker_id":"ca27d457-fadf-483a-a30a-465ef41f328f-139754024333312","trial_id":25,"user_attr":{"train_loss_epoch_21":0.22500007793799773}}
{"op_code":7,"worker_id":"ca27d457-fadf-483a-a30a-465ef41f328f-139754024333312","trial_id":25,"step":22,"intermediate_value":93.55}
{"op_code":8,"worker_id":"ca27d457-fadf-483a-a30a-465ef41f328f-139754024333312","trial_id":25,"user_attr":{"train_loss_epoch_22":0.22262474362339293}}
{"op_code":7,"worker_id":"ca27d457-fadf-483a-a30a-465ef41f328f-139754024333312","trial_id":25,"step":23,"intermediate_value":93.65}
{"op_code":8,"worker_id":"ca27d457-fadf-483a-a30a-465ef41f328f-139754024333312","trial_id":25,"user_attr":{"train_loss_epoch_23":0.2203842183626664}}
{"op_code":7,"worker_id":"ca27d457-fadf-483a-a30a-465ef41f328f-139754024333312","trial_id":25,"step":24,"intermediate_value":93.66}
{"op_code":8,"worker_id":"ca27d457-fadf-483a-a30a-465ef41f328f-139754024333312","trial_id":25,"user_attr":{"train_loss_epoch_24":0.21807248727170261}}
{"op_code":7,"worker_id":"ca27d457-fadf-483a-a30a-465ef41f328f-139754024333312","trial_id":25,"step":25,"intermediate_value":93.78}
{"op_code":8,"worker_id":"ca27d457-fadf-483a-a30a-465ef41f328f-139754024333312","trial_id":25,"user_attr":{"train_loss_epoch_25":0.21589101693316945}}
{"op_code":7,"worker_id":"ca27d457-fadf-483a-a30a-465ef41f328f-139754024333312","trial_id":25,"step":26,"intermediate_value":93.78}
{"op_code":8,"worker_id":"ca27d457-fadf-483a-a30a-465ef41f328f-139754024333312","trial_id":25,"user_attr":{"train_loss_epoch_26":0.2135760575008672}}
{"op_code":7,"worker_id":"ca27d457-fadf-483a-a30a-465ef41f328f-139754024333312","trial_id":25,"step":27,"intermediate_value":93.85}
{"op_code":8,"worker_id":"ca27d457-fadf-483a-a30a-465ef41f328f-139754024333312","trial_id":25,"user_attr":{"train_loss_epoch_27":0.21113588840071199}}
{"op_code":7,"worker_id":"ca27d457-fadf-483a-a30a-465ef41f328f-139754024333312","trial_id":25,"step":28,"intermediate_value":93.96}
{"op_code":8,"worker_id":"ca27d457-fadf-483a-a30a-465ef41f328f-139754024333312","trial_id":25,"user_attr":{"train_loss_epoch_28":0.20889020222685992}}
{"op_code":7,"worker_id":"ca27d457-fadf-483a-a30a-465ef41f328f-139754024333312","trial_id":25,"step":29,"intermediate_value":93.97}
{"op_code":8,"worker_id":"ca27d457-fadf-483a-a30a-465ef41f328f-139754024333312","trial_id":25,"user_attr":{"train_loss_epoch_29":0.20704389657618713}}
{"op_code":7,"worker_id":"ca27d457-fadf-483a-a30a-465ef41f328f-139754024333312","trial_id":25,"step":30,"intermediate_value":94.04}
{"op_code":8,"worker_id":"ca27d457-fadf-483a-a30a-465ef41f328f-139754024333312","trial_id":25,"user_attr":{"train_loss_epoch_30":0.20462896900454056}}
{"op_code":6,"worker_id":"ca27d457-fadf-483a-a30a-465ef41f328f-139754024333312","trial_id":25,"state":1,"values":[94.04],"datetime_complete":"2026-05-08T00:19:03.865761"}
{"op_code":4,"worker_id":"ca27d457-fadf-483a-a30a-465ef41f328f-139754024333312","study_id":0,"datetime_start":"2026-05-08T00:19:03.869834"}
{"op_code":5,"worker_id":"ca27d457-fadf-483a-a30a-465ef41f328f-139754024333312","trial_id":26,"param_name":"learning_rate","param_value_internal":5.0,"distribution":"{\"name\": \"FloatDistribution\", \"attributes\": {\"step\": null, \"low\": 0.006, \"high\": 5.0, \"log\": true}}"}
{"op_code":5,"worker_id":"ca27d457-fadf-483a-a30a-465ef41f328f-139754024333312","trial_id":26,"param_name":"transfer_lr","param_value_internal":0.01122548626235539,"distribution":"{\"name\": \"FloatDistribution\", \"attributes\": {\"step\": null, \"low\": 1e-05, \"high\": 0.03, \"log\": true}}"}
{"op_code":5,"worker_id":"ca27d457-fadf-483a-a30a-465ef41f328f-139754024333312","trial_id":26,"param_name":"transfer_every","param_value_internal":10.0,"distribution":"{\"name\": \"IntDistribution\", \"attributes\": {\"log\": true, \"step\": 1, \"low\": 10, \"high\": 10}}"}
{"op_code":5,"worker_id":"ca27d457-fadf-483a-a30a-465ef41f328f-139754024333312","trial_id":26,"param_name":"rank_exp","param_value_internal":3.0,"distribution":"{\"name\": \"IntDistribution\", \"attributes\": {\"log\": false, \"step\": 1, \"low\": 3, \"high\": 3}}"}
{"op_code":5,"worker_id":"ca27d457-fadf-483a-a30a-465ef41f328f-139754024333312","trial_id":26,"param_name":"fast_lr","param_value_internal":0.008612678566285541,"distribution":"{\"name\": \"FloatDistribution\", \"attributes\": {\"step\": null, \"low\": 0.0007, \"high\": 20000.0, \"log\": true}}"}
{"op_code":5,"worker_id":"ca27d457-fadf-483a-a30a-465ef41f328f-139754024333312","trial_id":26,"param_name":"tau_sec","param_value_internal":0.0,"distribution":"{\"name\": \"FloatDistribution\", \"attributes\": {\"step\": null, \"low\": 0.0, \"high\": 0.0, \"log\": false}}"}
{"op_code":5,"worker_id":"ca27d457-fadf-483a-a30a-465ef41f328f-139754024333312","trial_id":26,"param_name":"ab_dw_min","param_value_internal":0.001981,"distribution":"{\"name\": \"FloatDistribution\", \"attributes\": {\"step\": null, \"low\": 0.001981, \"high\": 0.001981, \"log\": true}}"}
{"op_code":5,"worker_id":"ca27d457-fadf-483a-a30a-465ef41f328f-139754024333312","trial_id":26,"param_name":"ab_desired_bl","param_value_internal":31.0,"distribution":"{\"name\": \"IntDistribution\", \"attributes\": {\"log\": false, \"step\": 1, \"low\": 31, \"high\": 31}}"}
{"op_code":5,"worker_id":"ca27d457-fadf-483a-a30a-465ef41f328f-139754024333312","trial_id":26,"param_name":"a_reset_std","param_value_internal":1e-30,"distribution":"{\"name\": \"FloatDistribution\", \"attributes\": {\"step\": null, \"low\": 1e-30, \"high\": 1e-30, \"log\": true}}"}
{"op_code":5,"worker_id":"ca27d457-fadf-483a-a30a-465ef41f328f-139754024333312","trial_id":26,"param_name":"b_reset_std","param_value_internal":29859.13749879277,"distribution":"{\"name\": \"FloatDistribution\", \"attributes\": {\"step\": null, \"low\": 2e-05, \"high\": 30000.0, \"log\": true}}"}
{"op_code":5,"worker_id":"ca27d457-fadf-483a-a30a-465ef41f328f-139754024333312","trial_id":26,"param_name":"c_dw_min","param_value_internal":0.001,"distribution":"{\"name\": \"FloatDistribution\", \"attributes\": {\"step\": null, \"low\": 0.001, \"high\": 0.001, \"log\": true}}"}
{"op_code":5,"worker_id":"ca27d457-fadf-483a-a30a-465ef41f328f-139754024333312","trial_id":26,"param_name":"c_desired_bl","param_value_internal":31.0,"distribution":"{\"name\": \"IntDistribution\", \"attributes\": {\"log\": false, \"step\": 1, \"low\": 31, \"high\": 31}}"}
{"op_code":5,"worker_id":"ca27d457-fadf-483a-a30a-465ef41f328f-139754024333312","trial_id":26,"param_name":"out_noise","param_value_internal":0.0,"distribution":"{\"name\": \"FloatDistribution\", \"attributes\": {\"step\": null, \"low\": 0.0, \"high\": 0.0, \"log\": false}}"}
{"op_code":5,"worker_id":"ca27d457-fadf-483a-a30a-465ef41f328f-139754024333312","trial_id":26,"param_name":"ab_weight_scaling_omega","param_value_internal":0.0,"distribution":"{\"name\": \"FloatDistribution\", \"attributes\": {\"step\": null, \"low\": 0.0, \"high\": 0.0, \"log\": false}}"}
{"op_code":8,"worker_id":"ca27d457-fadf-483a-a30a-465ef41f328f-139754024333312","trial_id":26,"user_attr":{"grad_accum_steps":1}}
{"op_code":7,"worker_id":"ca27d457-fadf-483a-a30a-465ef41f328f-139754024333312","trial_id":26,"step":1,"intermediate_value":91.84}
{"op_code":8,"worker_id":"ca27d457-fadf-483a-a30a-465ef41f328f-139754024333312","trial_id":26,"user_attr":{"train_loss_epoch_1":0.41173614976184963}}
{"op_code":7,"worker_id":"ca27d457-fadf-483a-a30a-465ef41f328f-139754024333312","trial_id":26,"step":2,"intermediate_value":92.59}
{"op_code":8,"worker_id":"ca27d457-fadf-483a-a30a-465ef41f328f-139754024333312","trial_id":26,"user_attr":{"train_loss_epoch_2":0.2672969991845617}}
{"op_code":7,"worker_id":"ca27d457-fadf-483a-a30a-465ef41f328f-139754024333312","trial_id":26,"step":3,"intermediate_value":93.28}
{"op_code":8,"worker_id":"ca27d457-fadf-483a-a30a-465ef41f328f-139754024333312","trial_id":26,"user_attr":{"train_loss_epoch_3":0.230864417735241}}
{"op_code":7,"worker_id":"ca27d457-fadf-483a-a30a-465ef41f328f-139754024333312","trial_id":26,"step":4,"intermediate_value":94.08}
{"op_code":8,"worker_id":"ca27d457-fadf-483a-a30a-465ef41f328f-139754024333312","trial_id":26,"user_attr":{"train_loss_epoch_4":0.21106056186920608}}
{"op_code":7,"worker_id":"ca27d457-fadf-483a-a30a-465ef41f328f-139754024333312","trial_id":26,"step":5,"intermediate_value":94.08}
{"op_code":8,"worker_id":"ca27d457-fadf-483a-a30a-465ef41f328f-139754024333312","trial_id":26,"user_attr":{"train_loss_epoch_5":0.19645617328294274}}
{"op_code":7,"worker_id":"ca27d457-fadf-483a-a30a-465ef41f328f-139754024333312","trial_id":26,"step":6,"intermediate_value":94.08}
{"op_code":8,"worker_id":"ca27d457-fadf-483a-a30a-465ef41f328f-139754024333312","trial_id":26,"user_attr":{"train_loss_epoch_6":0.18874819762309764}}
{"op_code":7,"worker_id":"ca27d457-fadf-483a-a30a-465ef41f328f-139754024333312","trial_id":26,"step":7,"intermediate_value":94.53}
{"op_code":8,"worker_id":"ca27d457-fadf-483a-a30a-465ef41f328f-139754024333312","trial_id":26,"user_attr":{"train_loss_epoch_7":0.18342606073864964}}
{"op_code":7,"worker_id":"ca27d457-fadf-483a-a30a-465ef41f328f-139754024333312","trial_id":26,"step":8,"intermediate_value":94.53}
{"op_code":8,"worker_id":"ca27d457-fadf-483a-a30a-465ef41f328f-139754024333312","trial_id":26,"user_attr":{"train_loss_epoch_8":0.1741062925665824}}
{"op_code":7,"worker_id":"ca27d457-fadf-483a-a30a-465ef41f328f-139754024333312","trial_id":26,"step":9,"intermediate_value":94.53}
{"op_code":8,"worker_id":"ca27d457-fadf-483a-a30a-465ef41f328f-139754024333312","trial_id":26,"user_attr":{"train_loss_epoch_9":0.17006122925852948}}
{"op_code":7,"worker_id":"ca27d457-fadf-483a-a30a-465ef41f328f-139754024333312","trial_id":26,"step":10,"intermediate_value":94.53}
{"op_code":8,"worker_id":"ca27d457-fadf-483a-a30a-465ef41f328f-139754024333312","trial_id":26,"user_attr":{"train_loss_epoch_10":0.1671809265469469}}
{"op_code":7,"worker_id":"ca27d457-fadf-483a-a30a-465ef41f328f-139754024333312","trial_id":26,"step":11,"intermediate_value":94.6}
{"op_code":8,"worker_id":"ca27d457-fadf-483a-a30a-465ef41f328f-139754024333312","trial_id":26,"user_attr":{"train_loss_epoch_11":0.1347955179267696}}
{"op_code":7,"worker_id":"ca27d457-fadf-483a-a30a-465ef41f328f-139754024333312","trial_id":26,"step":12,"intermediate_value":94.99}
{"op_code":8,"worker_id":"ca27d457-fadf-483a-a30a-465ef41f328f-139754024333312","trial_id":26,"user_attr":{"train_loss_epoch_12":0.1308237845961775}}
{"op_code":7,"worker_id":"ca27d457-fadf-483a-a30a-465ef41f328f-139754024333312","trial_id":26,"step":13,"intermediate_value":94.99}
{"op_code":8,"worker_id":"ca27d457-fadf-483a-a30a-465ef41f328f-139754024333312","trial_id":26,"user_attr":{"train_loss_epoch_13":0.12890979941429964}}
{"op_code":7,"worker_id":"ca27d457-fadf-483a-a30a-465ef41f328f-139754024333312","trial_id":26,"step":14,"intermediate_value":95.09}
{"op_code":8,"worker_id":"ca27d457-fadf-483a-a30a-465ef41f328f-139754024333312","trial_id":26,"user_attr":{"train_loss_epoch_14":0.1291566962343472}}
{"op_code":7,"worker_id":"ca27d457-fadf-483a-a30a-465ef41f328f-139754024333312","trial_id":26,"step":15,"intermediate_value":95.09}
{"op_code":8,"worker_id":"ca27d457-fadf-483a-a30a-465ef41f328f-139754024333312","trial_id":26,"user_attr":{"train_loss_epoch_15":0.12489388323526011}}
{"op_code":7,"worker_id":"ca27d457-fadf-483a-a30a-465ef41f328f-139754024333312","trial_id":26,"step":16,"intermediate_value":95.17}
{"op_code":8,"worker_id":"ca27d457-fadf-483a-a30a-465ef41f328f-139754024333312","trial_id":26,"user_attr":{"train_loss_epoch_16":0.12177346070914634}}
{"op_code":7,"worker_id":"ca27d457-fadf-483a-a30a-465ef41f328f-139754024333312","trial_id":26,"step":17,"intermediate_value":95.17}
{"op_code":8,"worker_id":"ca27d457-fadf-483a-a30a-465ef41f328f-139754024333312","trial_id":26,"user_attr":{"train_loss_epoch_17":0.11896185792619184}}
{"op_code":7,"worker_id":"ca27d457-fadf-483a-a30a-465ef41f328f-139754024333312","trial_id":26,"step":18,"intermediate_value":95.17}
{"op_code":8,"worker_id":"ca27d457-fadf-483a-a30a-465ef41f328f-139754024333312","trial_id":26,"user_attr":{"train_loss_epoch_18":0.11612879732566109}}
{"op_code":7,"worker_id":"ca27d457-fadf-483a-a30a-465ef41f328f-139754024333312","trial_id":26,"step":19,"intermediate_value":95.17}
{"op_code":8,"worker_id":"ca27d457-fadf-483a-a30a-465ef41f328f-139754024333312","trial_id":26,"user_attr":{"train_loss_epoch_19":0.1157646351126529}}
{"op_code":7,"worker_id":"ca27d457-fadf-483a-a30a-465ef41f328f-139754024333312","trial_id":26,"step":20,"intermediate_value":95.22}
{"op_code":8,"worker_id":"ca27d457-fadf-483a-a30a-465ef41f328f-139754024333312","trial_id":26,"user_attr":{"train_loss_epoch_20":0.11230682749311124}}
{"op_code":7,"worker_id":"ca27d457-fadf-483a-a30a-465ef41f328f-139754024333312","trial_id":26,"step":21,"intermediate_value":95.83}
{"op_code":8,"worker_id":"ca27d457-fadf-483a-a30a-465ef41f328f-139754024333312","trial_id":26,"user_attr":{"train_loss_epoch_21":0.0972605633985267}}
{"op_code":7,"worker_id":"ca27d457-fadf-483a-a30a-465ef41f328f-139754024333312","trial_id":26,"step":22,"intermediate_value":95.83}
{"op_code":8,"worker_id":"ca27d457-fadf-483a-a30a-465ef41f328f-139754024333312","trial_id":26,"user_attr":{"train_loss_epoch_22":0.0983885967526148}}
{"op_code":7,"worker_id":"ca27d457-fadf-483a-a30a-465ef41f328f-139754024333312","trial_id":26,"step":23,"intermediate_value":95.83}
{"op_code":8,"worker_id":"ca27d457-fadf-483a-a30a-465ef41f328f-139754024333312","trial_id":26,"user_attr":{"train_loss_epoch_23":0.09492324059978048}}
{"op_code":7,"worker_id":"ca27d457-fadf-483a-a30a-465ef41f328f-139754024333312","trial_id":26,"step":24,"intermediate_value":95.83}
{"op_code":8,"worker_id":"ca27d457-fadf-483a-a30a-465ef41f328f-139754024333312","trial_id":26,"user_attr":{"train_loss_epoch_24":0.09584206058484897}}
{"op_code":7,"worker_id":"ca27d457-fadf-483a-a30a-465ef41f328f-139754024333312","trial_id":26,"step":25,"intermediate_value":95.83}
{"op_code":8,"worker_id":"ca27d457-fadf-483a-a30a-465ef41f328f-139754024333312","trial_id":26,"user_attr":{"train_loss_epoch_25":0.09324580306576481}}
{"op_code":7,"worker_id":"ca27d457-fadf-483a-a30a-465ef41f328f-139754024333312","trial_id":26,"step":26,"intermediate_value":95.83}
{"op_code":8,"worker_id":"ca27d457-fadf-483a-a30a-465ef41f328f-139754024333312","trial_id":26,"user_attr":{"train_loss_epoch_26":0.09305620420764366}}
{"op_code":6,"worker_id":"ca27d457-fadf-483a-a30a-465ef41f328f-139754024333312","trial_id":26,"state":1,"values":[95.83],"datetime_complete":"2026-05-08T00:27:36.052913"}
{"op_code":4,"worker_id":"ca27d457-fadf-483a-a30a-465ef41f328f-139754024333312","study_id":0,"datetime_start":"2026-05-08T00:27:36.055815"}
{"op_code":5,"worker_id":"ca27d457-fadf-483a-a30a-465ef41f328f-139754024333312","trial_id":27,"param_name":"learning_rate","param_value_internal":0.006078203519103292,"distribution":"{\"name\": \"FloatDistribution\", \"attributes\": {\"step\": null, \"low\": 0.006, \"high\": 5.0, \"log\": true}}"}
{"op_code":5,"worker_id":"ca27d457-fadf-483a-a30a-465ef41f328f-139754024333312","trial_id":27,"param_name":"transfer_lr","param_value_internal":0.0009961502898781817,"distribution":"{\"name\": \"FloatDistribution\", \"attributes\": {\"step\": null, \"low\": 1e-05, \"high\": 0.03, \"log\": true}}"}
{"op_code":5,"worker_id":"ca27d457-fadf-483a-a30a-465ef41f328f-139754024333312","trial_id":27,"param_name":"transfer_every","param_value_internal":10.0,"distribution":"{\"name\": \"IntDistribution\", \"attributes\": {\"log\": true, \"step\": 1, \"low\": 10, \"high\": 10}}"}
{"op_code":5,"worker_id":"ca27d457-fadf-483a-a30a-465ef41f328f-139754024333312","trial_id":27,"param_name":"rank_exp","param_value_internal":3.0,"distribution":"{\"name\": \"IntDistribution\", \"attributes\": {\"log\": false, \"step\": 1, \"low\": 3, \"high\": 3}}"}
{"op_code":5,"worker_id":"ca27d457-fadf-483a-a30a-465ef41f328f-139754024333312","trial_id":27,"param_name":"fast_lr","param_value_internal":1665.275029924971,"distribution":"{\"name\": \"FloatDistribution\", \"attributes\": {\"step\": null, \"low\": 0.0007, \"high\": 20000.0, \"log\": true}}"}
{"op_code":5,"worker_id":"ca27d457-fadf-483a-a30a-465ef41f328f-139754024333312","trial_id":27,"param_name":"tau_sec","param_value_internal":0.0,"distribution":"{\"name\": \"FloatDistribution\", \"attributes\": {\"step\": null, \"low\": 0.0, \"high\": 0.0, \"log\": false}}"}
{"op_code":5,"worker_id":"ca27d457-fadf-483a-a30a-465ef41f328f-139754024333312","trial_id":27,"param_name":"ab_dw_min","param_value_internal":0.001981,"distribution":"{\"name\": \"FloatDistribution\", \"attributes\": {\"step\": null, \"low\": 0.001981, \"high\": 0.001981, \"log\": true}}"}
{"op_code":5,"worker_id":"ca27d457-fadf-483a-a30a-465ef41f328f-139754024333312","trial_id":27,"param_name":"ab_desired_bl","param_value_internal":31.0,"distribution":"{\"name\": \"IntDistribution\", \"attributes\": {\"log\": false, \"step\": 1, \"low\": 31, \"high\": 31}}"}
{"op_code":5,"worker_id":"ca27d457-fadf-483a-a30a-465ef41f328f-139754024333312","trial_id":27,"param_name":"a_reset_std","param_value_internal":1e-30,"distribution":"{\"name\": \"FloatDistribution\", \"attributes\": {\"step\": null, \"low\": 1e-30, \"high\": 1e-30, \"log\": true}}"}
{"op_code":5,"worker_id":"ca27d457-fadf-483a-a30a-465ef41f328f-139754024333312","trial_id":27,"param_name":"b_reset_std","param_value_internal":30000.0,"distribution":"{\"name\": \"FloatDistribution\", \"attributes\": {\"step\": null, \"low\": 2e-05, \"high\": 30000.0, \"log\": true}}"}
{"op_code":5,"worker_id":"ca27d457-fadf-483a-a30a-465ef41f328f-139754024333312","trial_id":27,"param_name":"c_dw_min","param_value_internal":0.001,"distribution":"{\"name\": \"FloatDistribution\", \"attributes\": {\"step\": null, \"low\": 0.001, \"high\": 0.001, \"log\": true}}"}
{"op_code":5,"worker_id":"ca27d457-fadf-483a-a30a-465ef41f328f-139754024333312","trial_id":27,"param_name":"c_desired_bl","param_value_internal":31.0,"distribution":"{\"name\": \"IntDistribution\", \"attributes\": {\"log\": false, \"step\": 1, \"low\": 31, \"high\": 31}}"}
{"op_code":5,"worker_id":"ca27d457-fadf-483a-a30a-465ef41f328f-139754024333312","trial_id":27,"param_name":"out_noise","param_value_internal":0.0,"distribution":"{\"name\": \"FloatDistribution\", \"attributes\": {\"step\": null, \"low\": 0.0, \"high\": 0.0, \"log\": false}}"}
{"op_code":5,"worker_id":"ca27d457-fadf-483a-a30a-465ef41f328f-139754024333312","trial_id":27,"param_name":"ab_weight_scaling_omega","param_value_internal":0.0,"distribution":"{\"name\": \"FloatDistribution\", \"attributes\": {\"step\": null, \"low\": 0.0, \"high\": 0.0, \"log\": false}}"}
{"op_code":8,"worker_id":"ca27d457-fadf-483a-a30a-465ef41f328f-139754024333312","trial_id":27,"user_attr":{"grad_accum_steps":1}}
{"op_code":7,"worker_id":"ca27d457-fadf-483a-a30a-465ef41f328f-139754024333312","trial_id":27,"step":1,"intermediate_value":84.38}
{"op_code":8,"worker_id":"ca27d457-fadf-483a-a30a-465ef41f328f-139754024333312","trial_id":27,"user_attr":{"train_loss_epoch_1":1.153637128725235}}
{"op_code":7,"worker_id":"ca27d457-fadf-483a-a30a-465ef41f328f-139754024333312","trial_id":27,"step":2,"intermediate_value":87.42}
{"op_code":8,"worker_id":"ca27d457-fadf-483a-a30a-465ef41f328f-139754024333312","trial_id":27,"user_attr":{"train_loss_epoch_2":0.5070524381072536}}
{"op_code":7,"worker_id":"ca27d457-fadf-483a-a30a-465ef41f328f-139754024333312","trial_id":27,"step":3,"intermediate_value":88.33}
{"op_code":8,"worker_id":"ca27d457-fadf-483a-a30a-465ef41f328f-139754024333312","trial_id":27,"user_attr":{"train_loss_epoch_3":0.42991669525279164}}
{"op_code":7,"worker_id":"ca27d457-fadf-483a-a30a-465ef41f328f-139754024333312","trial_id":27,"step":4,"intermediate_value":88.99}
{"op_code":8,"worker_id":"ca27d457-fadf-483a-a30a-465ef41f328f-139754024333312","trial_id":27,"user_attr":{"train_loss_epoch_4":0.4024105140331712}}
{"op_code":7,"worker_id":"ca27d457-fadf-483a-a30a-465ef41f328f-139754024333312","trial_id":27,"step":5,"intermediate_value":89.32}
{"op_code":8,"worker_id":"ca27d457-fadf-483a-a30a-465ef41f328f-139754024333312","trial_id":27,"user_attr":{"train_loss_epoch_5":0.3840813660132351}}
{"op_code":7,"worker_id":"ca27d457-fadf-483a-a30a-465ef41f328f-139754024333312","trial_id":27,"step":6,"intermediate_value":89.66}
{"op_code":8,"worker_id":"ca27d457-fadf-483a-a30a-465ef41f328f-139754024333312","trial_id":27,"user_attr":{"train_loss_epoch_6":0.36899265873311426}}
{"op_code":7,"worker_id":"ca27d457-fadf-483a-a30a-465ef41f328f-139754024333312","trial_id":27,"step":7,"intermediate_value":89.96}
{"op_code":8,"worker_id":"ca27d457-fadf-483a-a30a-465ef41f328f-139754024333312","trial_id":27,"user_attr":{"train_loss_epoch_7":0.3585027656170414}}
{"op_code":7,"worker_id":"ca27d457-fadf-483a-a30a-465ef41f328f-139754024333312","trial_id":27,"step":8,"intermediate_value":90.14}
{"op_code":8,"worker_id":"ca27d457-fadf-483a-a30a-465ef41f328f-139754024333312","trial_id":27,"user_attr":{"train_loss_epoch_8":0.34976650060398745}}
{"op_code":7,"worker_id":"ca27d457-fadf-483a-a30a-465ef41f328f-139754024333312","trial_id":27,"step":9,"intermediate_value":90.5}
{"op_code":8,"worker_id":"ca27d457-fadf-483a-a30a-465ef41f328f-139754024333312","trial_id":27,"user_attr":{"train_loss_epoch_9":0.3418919411120511}}
{"op_code":7,"worker_id":"ca27d457-fadf-483a-a30a-465ef41f328f-139754024333312","trial_id":27,"step":10,"intermediate_value":90.65}
{"op_code":8,"worker_id":"ca27d457-fadf-483a-a30a-465ef41f328f-139754024333312","trial_id":27,"user_attr":{"train_loss_epoch_10":0.33536666804062787}}
{"op_code":7,"worker_id":"ca27d457-fadf-483a-a30a-465ef41f328f-139754024333312","trial_id":27,"step":11,"intermediate_value":90.7}
{"op_code":8,"worker_id":"ca27d457-fadf-483a-a30a-465ef41f328f-139754024333312","trial_id":27,"user_attr":{"train_loss_epoch_11":0.33253310217277837}}
{"op_code":7,"worker_id":"ca27d457-fadf-483a-a30a-465ef41f328f-139754024333312","trial_id":27,"step":12,"intermediate_value":90.7}
{"op_code":8,"worker_id":"ca27d457-fadf-483a-a30a-465ef41f328f-139754024333312","trial_id":27,"user_attr":{"train_loss_epoch_12":0.33266869242162084}}
{"op_code":7,"worker_id":"ca27d457-fadf-483a-a30a-465ef41f328f-139754024333312","trial_id":27,"step":13,"intermediate_value":90.7}
{"op_code":8,"worker_id":"ca27d457-fadf-483a-a30a-465ef41f328f-139754024333312","trial_id":27,"user_attr":{"train_loss_epoch_13":0.33106683791557484}}
{"op_code":7,"worker_id":"ca27d457-fadf-483a-a30a-465ef41f328f-139754024333312","trial_id":27,"step":14,"intermediate_value":90.75}
{"op_code":8,"worker_id":"ca27d457-fadf-483a-a30a-465ef41f328f-139754024333312","trial_id":27,"user_attr":{"train_loss_epoch_14":0.3322488397502823}}
{"op_code":7,"worker_id":"ca27d457-fadf-483a-a30a-465ef41f328f-139754024333312","trial_id":27,"step":15,"intermediate_value":90.75}
{"op_code":8,"worker_id":"ca27d457-fadf-483a-a30a-465ef41f328f-139754024333312","trial_id":27,"user_attr":{"train_loss_epoch_15":0.3313589345401665}}
{"op_code":7,"worker_id":"ca27d457-fadf-483a-a30a-465ef41f328f-139754024333312","trial_id":27,"step":16,"intermediate_value":90.83}
{"op_code":8,"worker_id":"ca27d457-fadf-483a-a30a-465ef41f328f-139754024333312","trial_id":27,"user_attr":{"train_loss_epoch_16":0.32882391373867165}}
{"op_code":7,"worker_id":"ca27d457-fadf-483a-a30a-465ef41f328f-139754024333312","trial_id":27,"step":17,"intermediate_value":90.83}
{"op_code":8,"worker_id":"ca27d457-fadf-483a-a30a-465ef41f328f-139754024333312","trial_id":27,"user_attr":{"train_loss_epoch_17":0.32492422698530304}}
{"op_code":7,"worker_id":"ca27d457-fadf-483a-a30a-465ef41f328f-139754024333312","trial_id":27,"step":18,"intermediate_value":90.83}
{"op_code":8,"worker_id":"ca27d457-fadf-483a-a30a-465ef41f328f-139754024333312","trial_id":27,"user_attr":{"train_loss_epoch_18":0.3234333539091702}}
{"op_code":7,"worker_id":"ca27d457-fadf-483a-a30a-465ef41f328f-139754024333312","trial_id":27,"step":19,"intermediate_value":90.95}
{"op_code":8,"worker_id":"ca27d457-fadf-483a-a30a-465ef41f328f-139754024333312","trial_id":27,"user_attr":{"train_loss_epoch_19":0.3205541935540847}}
{"op_code":7,"worker_id":"ca27d457-fadf-483a-a30a-465ef41f328f-139754024333312","trial_id":27,"step":20,"intermediate_value":91.04}
{"op_code":8,"worker_id":"ca27d457-fadf-483a-a30a-465ef41f328f-139754024333312","trial_id":27,"user_attr":{"train_loss_epoch_20":0.31763911227792946}}
{"op_code":7,"worker_id":"ca27d457-fadf-483a-a30a-465ef41f328f-139754024333312","trial_id":27,"step":21,"intermediate_value":91.04}
{"op_code":8,"worker_id":"ca27d457-fadf-483a-a30a-465ef41f328f-139754024333312","trial_id":27,"user_attr":{"train_loss_epoch_21":0.3161681153452091}}
{"op_code":7,"worker_id":"ca27d457-fadf-483a-a30a-465ef41f328f-139754024333312","trial_id":27,"step":22,"intermediate_value":91.04}
{"op_code":8,"worker_id":"ca27d457-fadf-483a-a30a-465ef41f328f-139754024333312","trial_id":27,"user_attr":{"train_loss_epoch_22":0.31725910809566216}}
{"op_code":7,"worker_id":"ca27d457-fadf-483a-a30a-465ef41f328f-139754024333312","trial_id":27,"step":23,"intermediate_value":91.04}
{"op_code":8,"worker_id":"ca27d457-fadf-483a-a30a-465ef41f328f-139754024333312","trial_id":27,"user_attr":{"train_loss_epoch_23":0.31974831069789844}}
{"op_code":7,"worker_id":"ca27d457-fadf-483a-a30a-465ef41f328f-139754024333312","trial_id":27,"step":24,"intermediate_value":91.04}
{"op_code":8,"worker_id":"ca27d457-fadf-483a-a30a-465ef41f328f-139754024333312","trial_id":27,"user_attr":{"train_loss_epoch_24":0.3197496252607054}}
{"op_code":7,"worker_id":"ca27d457-fadf-483a-a30a-465ef41f328f-139754024333312","trial_id":27,"step":25,"intermediate_value":91.04}
{"op_code":8,"worker_id":"ca27d457-fadf-483a-a30a-465ef41f328f-139754024333312","trial_id":27,"user_attr":{"train_loss_epoch_25":0.31907016080198514}}
{"op_code":6,"worker_id":"ca27d457-fadf-483a-a30a-465ef41f328f-139754024333312","trial_id":27,"state":1,"values":[91.04],"datetime_complete":"2026-05-08T00:36:25.453698"}
{"op_code":4,"worker_id":"ca27d457-fadf-483a-a30a-465ef41f328f-139754024333312","study_id":0,"datetime_start":"2026-05-08T00:36:25.457195"}
{"op_code":5,"worker_id":"ca27d457-fadf-483a-a30a-465ef41f328f-139754024333312","trial_id":28,"param_name":"learning_rate","param_value_internal":5.0,"distribution":"{\"name\": \"FloatDistribution\", \"attributes\": {\"step\": null, \"low\": 0.006, \"high\": 5.0, \"log\": true}}"}
{"op_code":5,"worker_id":"ca27d457-fadf-483a-a30a-465ef41f328f-139754024333312","trial_id":28,"param_name":"transfer_lr","param_value_internal":1.052000808249628e-05,"distribution":"{\"name\": \"FloatDistribution\", \"attributes\": {\"step\": null, \"low\": 1e-05, \"high\": 0.03, \"log\": true}}"}
{"op_code":5,"worker_id":"ca27d457-fadf-483a-a30a-465ef41f328f-139754024333312","trial_id":28,"param_name":"transfer_every","param_value_internal":10.0,"distribution":"{\"name\": \"IntDistribution\", \"attributes\": {\"log\": true, \"step\": 1, \"low\": 10, \"high\": 10}}"}
{"op_code":5,"worker_id":"ca27d457-fadf-483a-a30a-465ef41f328f-139754024333312","trial_id":28,"param_name":"rank_exp","param_value_internal":3.0,"distribution":"{\"name\": \"IntDistribution\", \"attributes\": {\"log\": false, \"step\": 1, \"low\": 3, \"high\": 3}}"}
{"op_code":5,"worker_id":"ca27d457-fadf-483a-a30a-465ef41f328f-139754024333312","trial_id":28,"param_name":"fast_lr","param_value_internal":0.0016688826462893176,"distribution":"{\"name\": \"FloatDistribution\", \"attributes\": {\"step\": null, \"low\": 0.0007, \"high\": 20000.0, \"log\": true}}"}
{"op_code":5,"worker_id":"ca27d457-fadf-483a-a30a-465ef41f328f-139754024333312","trial_id":28,"param_name":"tau_sec","param_value_internal":0.0,"distribution":"{\"name\": \"FloatDistribution\", \"attributes\": {\"step\": null, \"low\": 0.0, \"high\": 0.0, \"log\": false}}"}
{"op_code":5,"worker_id":"ca27d457-fadf-483a-a30a-465ef41f328f-139754024333312","trial_id":28,"param_name":"ab_dw_min","param_value_internal":0.001981,"distribution":"{\"name\": \"FloatDistribution\", \"attributes\": {\"step\": null, \"low\": 0.001981, \"high\": 0.001981, \"log\": true}}"}
{"op_code":5,"worker_id":"ca27d457-fadf-483a-a30a-465ef41f328f-139754024333312","trial_id":28,"param_name":"ab_desired_bl","param_value_internal":31.0,"distribution":"{\"name\": \"IntDistribution\", \"attributes\": {\"log\": false, \"step\": 1, \"low\": 31, \"high\": 31}}"}
{"op_code":5,"worker_id":"ca27d457-fadf-483a-a30a-465ef41f328f-139754024333312","trial_id":28,"param_name":"a_reset_std","param_value_internal":1e-30,"distribution":"{\"name\": \"FloatDistribution\", \"attributes\": {\"step\": null, \"low\": 1e-30, \"high\": 1e-30, \"log\": true}}"}
{"op_code":5,"worker_id":"ca27d457-fadf-483a-a30a-465ef41f328f-139754024333312","trial_id":28,"param_name":"b_reset_std","param_value_internal":2.112722290122342e-05,"distribution":"{\"name\": \"FloatDistribution\", \"attributes\": {\"step\": null, \"low\": 2e-05, \"high\": 30000.0, \"log\": true}}"}
{"op_code":5,"worker_id":"ca27d457-fadf-483a-a30a-465ef41f328f-139754024333312","trial_id":28,"param_name":"c_dw_min","param_value_internal":0.001,"distribution":"{\"name\": \"FloatDistribution\", \"attributes\": {\"step\": null, \"low\": 0.001, \"high\": 0.001, \"log\": true}}"}
{"op_code":5,"worker_id":"ca27d457-fadf-483a-a30a-465ef41f328f-139754024333312","trial_id":28,"param_name":"c_desired_bl","param_value_internal":31.0,"distribution":"{\"name\": \"IntDistribution\", \"attributes\": {\"log\": false, \"step\": 1, \"low\": 31, \"high\": 31}}"}
{"op_code":5,"worker_id":"ca27d457-fadf-483a-a30a-465ef41f328f-139754024333312","trial_id":28,"param_name":"out_noise","param_value_internal":0.0,"distribution":"{\"name\": \"FloatDistribution\", \"attributes\": {\"step\": null, \"low\": 0.0, \"high\": 0.0, \"log\": false}}"}
{"op_code":5,"worker_id":"ca27d457-fadf-483a-a30a-465ef41f328f-139754024333312","trial_id":28,"param_name":"ab_weight_scaling_omega","param_value_internal":0.0,"distribution":"{\"name\": \"FloatDistribution\", \"attributes\": {\"step\": null, \"low\": 0.0, \"high\": 0.0, \"log\": false}}"}
{"op_code":8,"worker_id":"ca27d457-fadf-483a-a30a-465ef41f328f-139754024333312","trial_id":28,"user_attr":{"grad_accum_steps":1}}
{"op_code":7,"worker_id":"ca27d457-fadf-483a-a30a-465ef41f328f-139754024333312","trial_id":28,"step":1,"intermediate_value":88.56}
{"op_code":8,"worker_id":"ca27d457-fadf-483a-a30a-465ef41f328f-139754024333312","trial_id":28,"user_attr":{"train_loss_epoch_1":0.5075336281678824}}
{"op_code":7,"worker_id":"ca27d457-fadf-483a-a30a-465ef41f328f-139754024333312","trial_id":28,"step":2,"intermediate_value":88.56}
{"op_code":8,"worker_id":"ca27d457-fadf-483a-a30a-465ef41f328f-139754024333312","trial_id":28,"user_attr":{"train_loss_epoch_2":0.41508037380890045}}
{"op_code":7,"worker_id":"ca27d457-fadf-483a-a30a-465ef41f328f-139754024333312","trial_id":28,"step":3,"intermediate_value":88.56}
{"op_code":8,"worker_id":"ca27d457-fadf-483a-a30a-465ef41f328f-139754024333312","trial_id":28,"user_attr":{"train_loss_epoch_3":0.40302032109167274}}
{"op_code":7,"worker_id":"ca27d457-fadf-483a-a30a-465ef41f328f-139754024333312","trial_id":28,"step":4,"intermediate_value":89.21}
{"op_code":8,"worker_id":"ca27d457-fadf-483a-a30a-465ef41f328f-139754024333312","trial_id":28,"user_attr":{"train_loss_epoch_4":0.39417240271436127}}
{"op_code":7,"worker_id":"ca27d457-fadf-483a-a30a-465ef41f328f-139754024333312","trial_id":28,"step":5,"intermediate_value":89.21}
{"op_code":8,"worker_id":"ca27d457-fadf-483a-a30a-465ef41f328f-139754024333312","trial_id":28,"user_attr":{"train_loss_epoch_5":0.39344190687798997}}
{"op_code":7,"worker_id":"ca27d457-fadf-483a-a30a-465ef41f328f-139754024333312","trial_id":28,"step":6,"intermediate_value":89.21}
{"op_code":8,"worker_id":"ca27d457-fadf-483a-a30a-465ef41f328f-139754024333312","trial_id":28,"user_attr":{"train_loss_epoch_6":0.391906906173491}}
{"op_code":7,"worker_id":"ca27d457-fadf-483a-a30a-465ef41f328f-139754024333312","trial_id":28,"step":7,"intermediate_value":89.21}
{"op_code":8,"worker_id":"ca27d457-fadf-483a-a30a-465ef41f328f-139754024333312","trial_id":28,"user_attr":{"train_loss_epoch_7":0.3913232846292796}}
{"op_code":7,"worker_id":"ca27d457-fadf-483a-a30a-465ef41f328f-139754024333312","trial_id":28,"step":8,"intermediate_value":89.21}
{"op_code":8,"worker_id":"ca27d457-fadf-483a-a30a-465ef41f328f-139754024333312","trial_id":28,"user_attr":{"train_loss_epoch_8":0.3894312232415051}}
{"op_code":7,"worker_id":"ca27d457-fadf-483a-a30a-465ef41f328f-139754024333312","trial_id":28,"step":9,"intermediate_value":89.21}
{"op_code":8,"worker_id":"ca27d457-fadf-483a-a30a-465ef41f328f-139754024333312","trial_id":28,"user_attr":{"train_loss_epoch_9":0.3929674339129218}}
{"op_code":6,"worker_id":"ca27d457-fadf-483a-a30a-465ef41f328f-139754024333312","trial_id":28,"state":1,"values":[89.21],"datetime_complete":"2026-05-08T00:40:02.029453"}
{"op_code":4,"worker_id":"ca27d457-fadf-483a-a30a-465ef41f328f-139754024333312","study_id":0,"datetime_start":"2026-05-08T00:40:02.031760"}
{"op_code":5,"worker_id":"ca27d457-fadf-483a-a30a-465ef41f328f-139754024333312","trial_id":29,"param_name":"learning_rate","param_value_internal":0.18947504633891146,"distribution":"{\"name\": \"FloatDistribution\", \"attributes\": {\"step\": null, \"low\": 0.006, \"high\": 5.0, \"log\": true}}"}
{"op_code":5,"worker_id":"ca27d457-fadf-483a-a30a-465ef41f328f-139754024333312","trial_id":29,"param_name":"transfer_lr","param_value_internal":0.0019676243716703415,"distribution":"{\"name\": \"FloatDistribution\", \"attributes\": {\"step\": null, \"low\": 1e-05, \"high\": 0.03, \"log\": true}}"}
{"op_code":5,"worker_id":"ca27d457-fadf-483a-a30a-465ef41f328f-139754024333312","trial_id":29,"param_name":"transfer_every","param_value_internal":10.0,"distribution":"{\"name\": \"IntDistribution\", \"attributes\": {\"log\": true, \"step\": 1, \"low\": 10, \"high\": 10}}"}
{"op_code":5,"worker_id":"ca27d457-fadf-483a-a30a-465ef41f328f-139754024333312","trial_id":29,"param_name":"rank_exp","param_value_internal":3.0,"distribution":"{\"name\": \"IntDistribution\", \"attributes\": {\"log\": false, \"step\": 1, \"low\": 3, \"high\": 3}}"}
{"op_code":5,"worker_id":"ca27d457-fadf-483a-a30a-465ef41f328f-139754024333312","trial_id":29,"param_name":"fast_lr","param_value_internal":0.396872577355289,"distribution":"{\"name\": \"FloatDistribution\", \"attributes\": {\"step\": null, \"low\": 0.0007, \"high\": 20000.0, \"log\": true}}"}
{"op_code":5,"worker_id":"ca27d457-fadf-483a-a30a-465ef41f328f-139754024333312","trial_id":29,"param_name":"tau_sec","param_value_internal":0.0,"distribution":"{\"name\": \"FloatDistribution\", \"attributes\": {\"step\": null, \"low\": 0.0, \"high\": 0.0, \"log\": false}}"}
{"op_code":5,"worker_id":"ca27d457-fadf-483a-a30a-465ef41f328f-139754024333312","trial_id":29,"param_name":"ab_dw_min","param_value_internal":0.001981,"distribution":"{\"name\": \"FloatDistribution\", \"attributes\": {\"step\": null, \"low\": 0.001981, \"high\": 0.001981, \"log\": true}}"}
{"op_code":5,"worker_id":"ca27d457-fadf-483a-a30a-465ef41f328f-139754024333312","trial_id":29,"param_name":"ab_desired_bl","param_value_internal":31.0,"distribution":"{\"name\": \"IntDistribution\", \"attributes\": {\"log\": false, \"step\": 1, \"low\": 31, \"high\": 31}}"}
{"op_code":5,"worker_id":"ca27d457-fadf-483a-a30a-465ef41f328f-139754024333312","trial_id":29,"param_name":"a_reset_std","param_value_internal":1e-30,"distribution":"{\"name\": \"FloatDistribution\", \"attributes\": {\"step\": null, \"low\": 1e-30, \"high\": 1e-30, \"log\": true}}"}
{"op_code":5,"worker_id":"ca27d457-fadf-483a-a30a-465ef41f328f-139754024333312","trial_id":29,"param_name":"b_reset_std","param_value_internal":7670.506933751263,"distribution":"{\"name\": \"FloatDistribution\", \"attributes\": {\"step\": null, \"low\": 2e-05, \"high\": 30000.0, \"log\": true}}"}
{"op_code":5,"worker_id":"ca27d457-fadf-483a-a30a-465ef41f328f-139754024333312","trial_id":29,"param_name":"c_dw_min","param_value_internal":0.001,"distribution":"{\"name\": \"FloatDistribution\", \"attributes\": {\"step\": null, \"low\": 0.001, \"high\": 0.001, \"log\": true}}"}
{"op_code":5,"worker_id":"ca27d457-fadf-483a-a30a-465ef41f328f-139754024333312","trial_id":29,"param_name":"c_desired_bl","param_value_internal":31.0,"distribution":"{\"name\": \"IntDistribution\", \"attributes\": {\"log\": false, \"step\": 1, \"low\": 31, \"high\": 31}}"}
{"op_code":5,"worker_id":"ca27d457-fadf-483a-a30a-465ef41f328f-139754024333312","trial_id":29,"param_name":"out_noise","param_value_internal":0.0,"distribution":"{\"name\": \"FloatDistribution\", \"attributes\": {\"step\": null, \"low\": 0.0, \"high\": 0.0, \"log\": false}}"}
{"op_code":5,"worker_id":"ca27d457-fadf-483a-a30a-465ef41f328f-139754024333312","trial_id":29,"param_name":"ab_weight_scaling_omega","param_value_internal":0.0,"distribution":"{\"name\": \"FloatDistribution\", \"attributes\": {\"step\": null, \"low\": 0.0, \"high\": 0.0, \"log\": false}}"}
{"op_code":8,"worker_id":"ca27d457-fadf-483a-a30a-465ef41f328f-139754024333312","trial_id":29,"user_attr":{"grad_accum_steps":1}}
{"op_code":7,"worker_id":"ca27d457-fadf-483a-a30a-465ef41f328f-139754024333312","trial_id":29,"step":1,"intermediate_value":92.21}
{"op_code":8,"worker_id":"ca27d457-fadf-483a-a30a-465ef41f328f-139754024333312","trial_id":29,"user_attr":{"train_loss_epoch_1":0.4235704481395196}}
{"op_code":7,"worker_id":"ca27d457-fadf-483a-a30a-465ef41f328f-139754024333312","trial_id":29,"step":2,"intermediate_value":93.83}
{"op_code":8,"worker_id":"ca27d457-fadf-483a-a30a-465ef41f328f-139754024333312","trial_id":29,"user_attr":{"train_loss_epoch_2":0.242976985577899}}
{"op_code":7,"worker_id":"ca27d457-fadf-483a-a30a-465ef41f328f-139754024333312","trial_id":29,"step":3,"intermediate_value":94.88}
{"op_code":8,"worker_id":"ca27d457-fadf-483a-a30a-465ef41f328f-139754024333312","trial_id":29,"user_attr":{"train_loss_epoch_3":0.19675151988673312}}
{"op_code":7,"worker_id":"ca27d457-fadf-483a-a30a-465ef41f328f-139754024333312","trial_id":29,"step":4,"intermediate_value":95.32}
{"op_code":8,"worker_id":"ca27d457-fadf-483a-a30a-465ef41f328f-139754024333312","trial_id":29,"user_attr":{"train_loss_epoch_4":0.1670340088777927}}
{"op_code":7,"worker_id":"ca27d457-fadf-483a-a30a-465ef41f328f-139754024333312","trial_id":29,"step":5,"intermediate_value":95.72}
{"op_code":8,"worker_id":"ca27d457-fadf-483a-a30a-465ef41f328f-139754024333312","trial_id":29,"user_attr":{"train_loss_epoch_5":0.1479754719887175}}
{"op_code":7,"worker_id":"ca27d457-fadf-483a-a30a-465ef41f328f-139754024333312","trial_id":29,"step":6,"intermediate_value":95.87}
{"op_code":8,"worker_id":"ca27d457-fadf-483a-a30a-465ef41f328f-139754024333312","trial_id":29,"user_attr":{"train_loss_epoch_6":0.1350295903470947}}
{"op_code":7,"worker_id":"ca27d457-fadf-483a-a30a-465ef41f328f-139754024333312","trial_id":29,"step":7,"intermediate_value":95.88}
{"op_code":8,"worker_id":"ca27d457-fadf-483a-a30a-465ef41f328f-139754024333312","trial_id":29,"user_attr":{"train_loss_epoch_7":0.12634310548080566}}
{"op_code":7,"worker_id":"ca27d457-fadf-483a-a30a-465ef41f328f-139754024333312","trial_id":29,"step":8,"intermediate_value":96.41}
{"op_code":8,"worker_id":"ca27d457-fadf-483a-a30a-465ef41f328f-139754024333312","trial_id":29,"user_attr":{"train_loss_epoch_8":0.11715220288385444}}
{"op_code":7,"worker_id":"ca27d457-fadf-483a-a30a-465ef41f328f-139754024333312","trial_id":29,"step":9,"intermediate_value":96.45}
{"op_code":8,"worker_id":"ca27d457-fadf-483a-a30a-465ef41f328f-139754024333312","trial_id":29,"user_attr":{"train_loss_epoch_9":0.11082145540035769}}
{"op_code":7,"worker_id":"ca27d457-fadf-483a-a30a-465ef41f328f-139754024333312","trial_id":29,"step":10,"intermediate_value":96.49}
{"op_code":8,"worker_id":"ca27d457-fadf-483a-a30a-465ef41f328f-139754024333312","trial_id":29,"user_attr":{"train_loss_epoch_10":0.10507212366972334}}
{"op_code":7,"worker_id":"ca27d457-fadf-483a-a30a-465ef41f328f-139754024333312","trial_id":29,"step":11,"intermediate_value":96.49}
{"op_code":8,"worker_id":"ca27d457-fadf-483a-a30a-465ef41f328f-139754024333312","trial_id":29,"user_attr":{"train_loss_epoch_11":0.0979888938582822}}
{"op_code":7,"worker_id":"ca27d457-fadf-483a-a30a-465ef41f328f-139754024333312","trial_id":29,"step":12,"intermediate_value":96.49}
{"op_code":8,"worker_id":"ca27d457-fadf-483a-a30a-465ef41f328f-139754024333312","trial_id":29,"user_attr":{"train_loss_epoch_12":0.09544745622389415}}
{"op_code":7,"worker_id":"ca27d457-fadf-483a-a30a-465ef41f328f-139754024333312","trial_id":29,"step":13,"intermediate_value":96.49}
{"op_code":8,"worker_id":"ca27d457-fadf-483a-a30a-465ef41f328f-139754024333312","trial_id":29,"user_attr":{"train_loss_epoch_13":0.0934332463699681}}
{"op_code":7,"worker_id":"ca27d457-fadf-483a-a30a-465ef41f328f-139754024333312","trial_id":29,"step":14,"intermediate_value":96.63}
{"op_code":8,"worker_id":"ca27d457-fadf-483a-a30a-465ef41f328f-139754024333312","trial_id":29,"user_attr":{"train_loss_epoch_14":0.09126836561244418}}
{"op_code":7,"worker_id":"ca27d457-fadf-483a-a30a-465ef41f328f-139754024333312","trial_id":29,"step":15,"intermediate_value":96.63}
{"op_code":8,"worker_id":"ca27d457-fadf-483a-a30a-465ef41f328f-139754024333312","trial_id":29,"user_attr":{"train_loss_epoch_15":0.08902910273365264}}
{"op_code":7,"worker_id":"ca27d457-fadf-483a-a30a-465ef41f328f-139754024333312","trial_id":29,"step":16,"intermediate_value":96.63}
{"op_code":8,"worker_id":"ca27d457-fadf-483a-a30a-465ef41f328f-139754024333312","trial_id":29,"user_attr":{"train_loss_epoch_16":0.08547084795848242}}
{"op_code":7,"worker_id":"ca27d457-fadf-483a-a30a-465ef41f328f-139754024333312","trial_id":29,"step":17,"intermediate_value":96.63}
{"op_code":8,"worker_id":"ca27d457-fadf-483a-a30a-465ef41f328f-139754024333312","trial_id":29,"user_attr":{"train_loss_epoch_17":0.08348346613883686}}
{"op_code":7,"worker_id":"ca27d457-fadf-483a-a30a-465ef41f328f-139754024333312","trial_id":29,"step":18,"intermediate_value":96.72}
{"op_code":8,"worker_id":"ca27d457-fadf-483a-a30a-465ef41f328f-139754024333312","trial_id":29,"user_attr":{"train_loss_epoch_18":0.08129656921698848}}
{"op_code":7,"worker_id":"ca27d457-fadf-483a-a30a-465ef41f328f-139754024333312","trial_id":29,"step":19,"intermediate_value":96.72}
{"op_code":8,"worker_id":"ca27d457-fadf-483a-a30a-465ef41f328f-139754024333312","trial_id":29,"user_attr":{"train_loss_epoch_19":0.07868835987867728}}
{"op_code":7,"worker_id":"ca27d457-fadf-483a-a30a-465ef41f328f-139754024333312","trial_id":29,"step":20,"intermediate_value":96.74}
{"op_code":8,"worker_id":"ca27d457-fadf-483a-a30a-465ef41f328f-139754024333312","trial_id":29,"user_attr":{"train_loss_epoch_20":0.07559005745442342}}
{"op_code":7,"worker_id":"ca27d457-fadf-483a-a30a-465ef41f328f-139754024333312","trial_id":29,"step":21,"intermediate_value":96.89}
{"op_code":8,"worker_id":"ca27d457-fadf-483a-a30a-465ef41f328f-139754024333312","trial_id":29,"user_attr":{"train_loss_epoch_21":0.07231619283914376}}
{"op_code":7,"worker_id":"ca27d457-fadf-483a-a30a-465ef41f328f-139754024333312","trial_id":29,"step":22,"intermediate_value":96.89}
{"op_code":8,"worker_id":"ca27d457-fadf-483a-a30a-465ef41f328f-139754024333312","trial_id":29,"user_attr":{"train_loss_epoch_22":0.07121760805181142}}
{"op_code":7,"worker_id":"ca27d457-fadf-483a-a30a-465ef41f328f-139754024333312","trial_id":29,"step":23,"intermediate_value":96.99}
{"op_code":8,"worker_id":"ca27d457-fadf-483a-a30a-465ef41f328f-139754024333312","trial_id":29,"user_attr":{"train_loss_epoch_23":0.0711395291538079}}
{"op_code":7,"worker_id":"ca27d457-fadf-483a-a30a-465ef41f328f-139754024333312","trial_id":29,"step":24,"intermediate_value":96.99}
{"op_code":8,"worker_id":"ca27d457-fadf-483a-a30a-465ef41f328f-139754024333312","trial_id":29,"user_attr":{"train_loss_epoch_24":0.06940240774855716}}
{"op_code":7,"worker_id":"ca27d457-fadf-483a-a30a-465ef41f328f-139754024333312","trial_id":29,"step":25,"intermediate_value":96.99}
{"op_code":8,"worker_id":"ca27d457-fadf-483a-a30a-465ef41f328f-139754024333312","trial_id":29,"user_attr":{"train_loss_epoch_25":0.06782374838848652}}
{"op_code":7,"worker_id":"ca27d457-fadf-483a-a30a-465ef41f328f-139754024333312","trial_id":29,"step":26,"intermediate_value":97.01}
{"op_code":8,"worker_id":"ca27d457-fadf-483a-a30a-465ef41f328f-139754024333312","trial_id":29,"user_attr":{"train_loss_epoch_26":0.06686231999773222}}
{"op_code":7,"worker_id":"ca27d457-fadf-483a-a30a-465ef41f328f-139754024333312","trial_id":29,"step":27,"intermediate_value":97.01}
{"op_code":8,"worker_id":"ca27d457-fadf-483a-a30a-465ef41f328f-139754024333312","trial_id":29,"user_attr":{"train_loss_epoch_27":0.06581194042813962}}
{"op_code":7,"worker_id":"ca27d457-fadf-483a-a30a-465ef41f328f-139754024333312","trial_id":29,"step":28,"intermediate_value":97.01}
{"op_code":8,"worker_id":"ca27d457-fadf-483a-a30a-465ef41f328f-139754024333312","trial_id":29,"user_attr":{"train_loss_epoch_28":0.06404659744036366}}
{"op_code":7,"worker_id":"ca27d457-fadf-483a-a30a-465ef41f328f-139754024333312","trial_id":29,"step":29,"intermediate_value":97.01}
{"op_code":8,"worker_id":"ca27d457-fadf-483a-a30a-465ef41f328f-139754024333312","trial_id":29,"user_attr":{"train_loss_epoch_29":0.06302450979669601}}
{"op_code":7,"worker_id":"ca27d457-fadf-483a-a30a-465ef41f328f-139754024333312","trial_id":29,"step":30,"intermediate_value":97.01}
{"op_code":8,"worker_id":"ca27d457-fadf-483a-a30a-465ef41f328f-139754024333312","trial_id":29,"user_attr":{"train_loss_epoch_30":0.06198470548603501}}
{"op_code":6,"worker_id":"ca27d457-fadf-483a-a30a-465ef41f328f-139754024333312","trial_id":29,"state":1,"values":[97.01],"datetime_complete":"2026-05-08T00:49:19.485820"}
{"op_code":4,"worker_id":"ca27d457-fadf-483a-a30a-465ef41f328f-139754024333312","study_id":0,"datetime_start":"2026-05-08T00:49:19.488429"}
{"op_code":5,"worker_id":"ca27d457-fadf-483a-a30a-465ef41f328f-139754024333312","trial_id":30,"param_name":"learning_rate","param_value_internal":5.0,"distribution":"{\"name\": \"FloatDistribution\", \"attributes\": {\"step\": null, \"low\": 0.006, \"high\": 5.0, \"log\": true}}"}
{"op_code":5,"worker_id":"ca27d457-fadf-483a-a30a-465ef41f328f-139754024333312","trial_id":30,"param_name":"transfer_lr","param_value_internal":1e-05,"distribution":"{\"name\": \"FloatDistribution\", \"attributes\": {\"step\": null, \"low\": 1e-05, \"high\": 0.03, \"log\": true}}"}
{"op_code":5,"worker_id":"ca27d457-fadf-483a-a30a-465ef41f328f-139754024333312","trial_id":30,"param_name":"transfer_every","param_value_internal":10.0,"distribution":"{\"name\": \"IntDistribution\", \"attributes\": {\"log\": true, \"step\": 1, \"low\": 10, \"high\": 10}}"}
{"op_code":5,"worker_id":"ca27d457-fadf-483a-a30a-465ef41f328f-139754024333312","trial_id":30,"param_name":"rank_exp","param_value_internal":3.0,"distribution":"{\"name\": \"IntDistribution\", \"attributes\": {\"log\": false, \"step\": 1, \"low\": 3, \"high\": 3}}"}
{"op_code":5,"worker_id":"ca27d457-fadf-483a-a30a-465ef41f328f-139754024333312","trial_id":30,"param_name":"fast_lr","param_value_internal":20000.0,"distribution":"{\"name\": \"FloatDistribution\", \"attributes\": {\"step\": null, \"low\": 0.0007, \"high\": 20000.0, \"log\": true}}"}
{"op_code":5,"worker_id":"ca27d457-fadf-483a-a30a-465ef41f328f-139754024333312","trial_id":30,"param_name":"tau_sec","param_value_internal":0.0,"distribution":"{\"name\": \"FloatDistribution\", \"attributes\": {\"step\": null, \"low\": 0.0, \"high\": 0.0, \"log\": false}}"}
{"op_code":5,"worker_id":"ca27d457-fadf-483a-a30a-465ef41f328f-139754024333312","trial_id":30,"param_name":"ab_dw_min","param_value_internal":0.001981,"distribution":"{\"name\": \"FloatDistribution\", \"attributes\": {\"step\": null, \"low\": 0.001981, \"high\": 0.001981, \"log\": true}}"}
{"op_code":5,"worker_id":"ca27d457-fadf-483a-a30a-465ef41f328f-139754024333312","trial_id":30,"param_name":"ab_desired_bl","param_value_internal":31.0,"distribution":"{\"name\": \"IntDistribution\", \"attributes\": {\"log\": false, \"step\": 1, \"low\": 31, \"high\": 31}}"}
{"op_code":5,"worker_id":"ca27d457-fadf-483a-a30a-465ef41f328f-139754024333312","trial_id":30,"param_name":"a_reset_std","param_value_internal":1e-30,"distribution":"{\"name\": \"FloatDistribution\", \"attributes\": {\"step\": null, \"low\": 1e-30, \"high\": 1e-30, \"log\": true}}"}
{"op_code":5,"worker_id":"ca27d457-fadf-483a-a30a-465ef41f328f-139754024333312","trial_id":30,"param_name":"b_reset_std","param_value_internal":2e-05,"distribution":"{\"name\": \"FloatDistribution\", \"attributes\": {\"step\": null, \"low\": 2e-05, \"high\": 30000.0, \"log\": true}}"}
{"op_code":5,"worker_id":"ca27d457-fadf-483a-a30a-465ef41f328f-139754024333312","trial_id":30,"param_name":"c_dw_min","param_value_internal":0.001,"distribution":"{\"name\": \"FloatDistribution\", \"attributes\": {\"step\": null, \"low\": 0.001, \"high\": 0.001, \"log\": true}}"}
{"op_code":5,"worker_id":"ca27d457-fadf-483a-a30a-465ef41f328f-139754024333312","trial_id":30,"param_name":"c_desired_bl","param_value_internal":31.0,"distribution":"{\"name\": \"IntDistribution\", \"attributes\": {\"log\": false, \"step\": 1, \"low\": 31, \"high\": 31}}"}
{"op_code":5,"worker_id":"ca27d457-fadf-483a-a30a-465ef41f328f-139754024333312","trial_id":30,"param_name":"out_noise","param_value_internal":0.0,"distribution":"{\"name\": \"FloatDistribution\", \"attributes\": {\"step\": null, \"low\": 0.0, \"high\": 0.0, \"log\": false}}"}
{"op_code":5,"worker_id":"ca27d457-fadf-483a-a30a-465ef41f328f-139754024333312","trial_id":30,"param_name":"ab_weight_scaling_omega","param_value_internal":0.0,"distribution":"{\"name\": \"FloatDistribution\", \"attributes\": {\"step\": null, \"low\": 0.0, \"high\": 0.0, \"log\": false}}"}
{"op_code":8,"worker_id":"ca27d457-fadf-483a-a30a-465ef41f328f-139754024333312","trial_id":30,"user_attr":{"grad_accum_steps":1}}
{"op_code":7,"worker_id":"ca27d457-fadf-483a-a30a-465ef41f328f-139754024333312","trial_id":30,"step":1,"intermediate_value":88.09}
{"op_code":8,"worker_id":"ca27d457-fadf-483a-a30a-465ef41f328f-139754024333312","trial_id":30,"user_attr":{"train_loss_epoch_1":0.5057660788535945}}
{"op_code":7,"worker_id":"ca27d457-fadf-483a-a30a-465ef41f328f-139754024333312","trial_id":30,"step":2,"intermediate_value":88.09}
{"op_code":8,"worker_id":"ca27d457-fadf-483a-a30a-465ef41f328f-139754024333312","trial_id":30,"user_attr":{"train_loss_epoch_2":0.4114357714872879}}
{"op_code":7,"worker_id":"ca27d457-fadf-483a-a30a-465ef41f328f-139754024333312","trial_id":30,"step":3,"intermediate_value":88.09}
{"op_code":8,"worker_id":"ca27d457-fadf-483a-a30a-465ef41f328f-139754024333312","trial_id":30,"user_attr":{"train_loss_epoch_3":0.4057971103978691}}
{"op_code":7,"worker_id":"ca27d457-fadf-483a-a30a-465ef41f328f-139754024333312","trial_id":30,"step":4,"intermediate_value":88.86}
{"op_code":8,"worker_id":"ca27d457-fadf-483a-a30a-465ef41f328f-139754024333312","trial_id":30,"user_attr":{"train_loss_epoch_4":0.39966116917095207}}
{"op_code":7,"worker_id":"ca27d457-fadf-483a-a30a-465ef41f328f-139754024333312","trial_id":30,"step":5,"intermediate_value":88.86}
{"op_code":8,"worker_id":"ca27d457-fadf-483a-a30a-465ef41f328f-139754024333312","trial_id":30,"user_attr":{"train_loss_epoch_5":0.3977340574441815}}
{"op_code":7,"worker_id":"ca27d457-fadf-483a-a30a-465ef41f328f-139754024333312","trial_id":30,"step":6,"intermediate_value":88.86}
{"op_code":8,"worker_id":"ca27d457-fadf-483a-a30a-465ef41f328f-139754024333312","trial_id":30,"user_attr":{"train_loss_epoch_6":0.3924225122014533}}
{"op_code":7,"worker_id":"ca27d457-fadf-483a-a30a-465ef41f328f-139754024333312","trial_id":30,"step":7,"intermediate_value":88.93}
{"op_code":8,"worker_id":"ca27d457-fadf-483a-a30a-465ef41f328f-139754024333312","trial_id":30,"user_attr":{"train_loss_epoch_7":0.3954924662579606}}
{"op_code":7,"worker_id":"ca27d457-fadf-483a-a30a-465ef41f328f-139754024333312","trial_id":30,"step":8,"intermediate_value":88.93}
{"op_code":8,"worker_id":"ca27d457-fadf-483a-a30a-465ef41f328f-139754024333312","trial_id":30,"user_attr":{"train_loss_epoch_8":0.39605933334876986}}
{"op_code":7,"worker_id":"ca27d457-fadf-483a-a30a-465ef41f328f-139754024333312","trial_id":30,"step":9,"intermediate_value":88.93}
{"op_code":8,"worker_id":"ca27d457-fadf-483a-a30a-465ef41f328f-139754024333312","trial_id":30,"user_attr":{"train_loss_epoch_9":0.39732237253139524}}
{"op_code":7,"worker_id":"ca27d457-fadf-483a-a30a-465ef41f328f-139754024333312","trial_id":30,"step":10,"intermediate_value":88.93}
{"op_code":8,"worker_id":"ca27d457-fadf-483a-a30a-465ef41f328f-139754024333312","trial_id":30,"user_attr":{"train_loss_epoch_10":0.3893300037521289}}
{"op_code":7,"worker_id":"ca27d457-fadf-483a-a30a-465ef41f328f-139754024333312","trial_id":30,"step":11,"intermediate_value":89.8}
{"op_code":8,"worker_id":"ca27d457-fadf-483a-a30a-465ef41f328f-139754024333312","trial_id":30,"user_attr":{"train_loss_epoch_11":0.307335621945417}}
{"op_code":7,"worker_id":"ca27d457-fadf-483a-a30a-465ef41f328f-139754024333312","trial_id":30,"step":12,"intermediate_value":90.57}
{"op_code":8,"worker_id":"ca27d457-fadf-483a-a30a-465ef41f328f-139754024333312","trial_id":30,"user_attr":{"train_loss_epoch_12":0.3020248173046976}}
{"op_code":7,"worker_id":"ca27d457-fadf-483a-a30a-465ef41f328f-139754024333312","trial_id":30,"step":13,"intermediate_value":90.57}
{"op_code":8,"worker_id":"ca27d457-fadf-483a-a30a-465ef41f328f-139754024333312","trial_id":30,"user_attr":{"train_loss_epoch_13":0.30332960770614364}}
{"op_code":7,"worker_id":"ca27d457-fadf-483a-a30a-465ef41f328f-139754024333312","trial_id":30,"step":14,"intermediate_value":90.76}
{"op_code":8,"worker_id":"ca27d457-fadf-483a-a30a-465ef41f328f-139754024333312","trial_id":30,"user_attr":{"train_loss_epoch_14":0.3017483889452938}}
{"op_code":7,"worker_id":"ca27d457-fadf-483a-a30a-465ef41f328f-139754024333312","trial_id":30,"step":15,"intermediate_value":90.76}
{"op_code":8,"worker_id":"ca27d457-fadf-483a-a30a-465ef41f328f-139754024333312","trial_id":30,"user_attr":{"train_loss_epoch_15":0.3024075813909202}}
{"op_code":7,"worker_id":"ca27d457-fadf-483a-a30a-465ef41f328f-139754024333312","trial_id":30,"step":16,"intermediate_value":90.76}
{"op_code":8,"worker_id":"ca27d457-fadf-483a-a30a-465ef41f328f-139754024333312","trial_id":30,"user_attr":{"train_loss_epoch_16":0.30402344172157203}}
{"op_code":7,"worker_id":"ca27d457-fadf-483a-a30a-465ef41f328f-139754024333312","trial_id":30,"step":17,"intermediate_value":90.76}
{"op_code":8,"worker_id":"ca27d457-fadf-483a-a30a-465ef41f328f-139754024333312","trial_id":30,"user_attr":{"train_loss_epoch_17":0.3021048992506858}}
{"op_code":7,"worker_id":"ca27d457-fadf-483a-a30a-465ef41f328f-139754024333312","trial_id":30,"step":18,"intermediate_value":90.76}
{"op_code":8,"worker_id":"ca27d457-fadf-483a-a30a-465ef41f328f-139754024333312","trial_id":30,"user_attr":{"train_loss_epoch_18":0.3017037321191861}}
{"op_code":7,"worker_id":"ca27d457-fadf-483a-a30a-465ef41f328f-139754024333312","trial_id":30,"step":19,"intermediate_value":90.76}
{"op_code":8,"worker_id":"ca27d457-fadf-483a-a30a-465ef41f328f-139754024333312","trial_id":30,"user_attr":{"train_loss_epoch_19":0.30303871441386276}}
{"op_code":6,"worker_id":"ca27d457-fadf-483a-a30a-465ef41f328f-139754024333312","trial_id":30,"state":1,"values":[90.76],"datetime_complete":"2026-05-08T00:55:29.579583"}
{"op_code":4,"worker_id":"ca27d457-fadf-483a-a30a-465ef41f328f-139754024333312","study_id":0,"datetime_start":"2026-05-08T00:55:29.627106"}
{"op_code":5,"worker_id":"ca27d457-fadf-483a-a30a-465ef41f328f-139754024333312","trial_id":31,"param_name":"learning_rate","param_value_internal":0.15213658894195245,"distribution":"{\"name\": \"FloatDistribution\", \"attributes\": {\"step\": null, \"low\": 0.006, \"high\": 5.0, \"log\": true}}"}
{"op_code":5,"worker_id":"ca27d457-fadf-483a-a30a-465ef41f328f-139754024333312","trial_id":31,"param_name":"transfer_lr","param_value_internal":0.0015101501250833784,"distribution":"{\"name\": \"FloatDistribution\", \"attributes\": {\"step\": null, \"low\": 1e-05, \"high\": 0.03, \"log\": true}}"}
{"op_code":5,"worker_id":"ca27d457-fadf-483a-a30a-465ef41f328f-139754024333312","trial_id":31,"param_name":"transfer_every","param_value_internal":10.0,"distribution":"{\"name\": \"IntDistribution\", \"attributes\": {\"log\": true, \"step\": 1, \"low\": 10, \"high\": 10}}"}
{"op_code":5,"worker_id":"ca27d457-fadf-483a-a30a-465ef41f328f-139754024333312","trial_id":31,"param_name":"rank_exp","param_value_internal":3.0,"distribution":"{\"name\": \"IntDistribution\", \"attributes\": {\"log\": false, \"step\": 1, \"low\": 3, \"high\": 3}}"}
{"op_code":5,"worker_id":"ca27d457-fadf-483a-a30a-465ef41f328f-139754024333312","trial_id":31,"param_name":"fast_lr","param_value_internal":0.4334249528629334,"distribution":"{\"name\": \"FloatDistribution\", \"attributes\": {\"step\": null, \"low\": 0.0007, \"high\": 20000.0, \"log\": true}}"}
{"op_code":5,"worker_id":"ca27d457-fadf-483a-a30a-465ef41f328f-139754024333312","trial_id":31,"param_name":"tau_sec","param_value_internal":0.0,"distribution":"{\"name\": \"FloatDistribution\", \"attributes\": {\"step\": null, \"low\": 0.0, \"high\": 0.0, \"log\": false}}"}
{"op_code":5,"worker_id":"ca27d457-fadf-483a-a30a-465ef41f328f-139754024333312","trial_id":31,"param_name":"ab_dw_min","param_value_internal":0.001981,"distribution":"{\"name\": \"FloatDistribution\", \"attributes\": {\"step\": null, \"low\": 0.001981, \"high\": 0.001981, \"log\": true}}"}
{"op_code":5,"worker_id":"ca27d457-fadf-483a-a30a-465ef41f328f-139754024333312","trial_id":31,"param_name":"ab_desired_bl","param_value_internal":31.0,"distribution":"{\"name\": \"IntDistribution\", \"attributes\": {\"log\": false, \"step\": 1, \"low\": 31, \"high\": 31}}"}
{"op_code":5,"worker_id":"ca27d457-fadf-483a-a30a-465ef41f328f-139754024333312","trial_id":31,"param_name":"a_reset_std","param_value_internal":1e-30,"distribution":"{\"name\": \"FloatDistribution\", \"attributes\": {\"step\": null, \"low\": 1e-30, \"high\": 1e-30, \"log\": true}}"}
{"op_code":5,"worker_id":"ca27d457-fadf-483a-a30a-465ef41f328f-139754024333312","trial_id":31,"param_name":"b_reset_std","param_value_internal":28797.16740810022,"distribution":"{\"name\": \"FloatDistribution\", \"attributes\": {\"step\": null, \"low\": 2e-05, \"high\": 30000.0, \"log\": true}}"}
{"op_code":5,"worker_id":"ca27d457-fadf-483a-a30a-465ef41f328f-139754024333312","trial_id":31,"param_name":"c_dw_min","param_value_internal":0.001,"distribution":"{\"name\": \"FloatDistribution\", \"attributes\": {\"step\": null, \"low\": 0.001, \"high\": 0.001, \"log\": true}}"}
{"op_code":5,"worker_id":"ca27d457-fadf-483a-a30a-465ef41f328f-139754024333312","trial_id":31,"param_name":"c_desired_bl","param_value_internal":31.0,"distribution":"{\"name\": \"IntDistribution\", \"attributes\": {\"log\": false, \"step\": 1, \"low\": 31, \"high\": 31}}"}
{"op_code":5,"worker_id":"ca27d457-fadf-483a-a30a-465ef41f328f-139754024333312","trial_id":31,"param_name":"out_noise","param_value_internal":0.0,"distribution":"{\"name\": \"FloatDistribution\", \"attributes\": {\"step\": null, \"low\": 0.0, \"high\": 0.0, \"log\": false}}"}
{"op_code":5,"worker_id":"ca27d457-fadf-483a-a30a-465ef41f328f-139754024333312","trial_id":31,"param_name":"ab_weight_scaling_omega","param_value_internal":0.0,"distribution":"{\"name\": \"FloatDistribution\", \"attributes\": {\"step\": null, \"low\": 0.0, \"high\": 0.0, \"log\": false}}"}
{"op_code":8,"worker_id":"ca27d457-fadf-483a-a30a-465ef41f328f-139754024333312","trial_id":31,"user_attr":{"grad_accum_steps":1}}
{"op_code":7,"worker_id":"ca27d457-fadf-483a-a30a-465ef41f328f-139754024333312","trial_id":31,"step":1,"intermediate_value":91.94}
{"op_code":8,"worker_id":"ca27d457-fadf-483a-a30a-465ef41f328f-139754024333312","trial_id":31,"user_attr":{"train_loss_epoch_1":0.4535637148090009}}
{"op_code":7,"worker_id":"ca27d457-fadf-483a-a30a-465ef41f328f-139754024333312","trial_id":31,"step":2,"intermediate_value":93.43}
{"op_code":8,"worker_id":"ca27d457-fadf-483a-a30a-465ef41f328f-139754024333312","trial_id":31,"user_attr":{"train_loss_epoch_2":0.25740530530511063}}
{"op_code":7,"worker_id":"ca27d457-fadf-483a-a30a-465ef41f328f-139754024333312","trial_id":31,"step":3,"intermediate_value":94.52}
{"op_code":8,"worker_id":"ca27d457-fadf-483a-a30a-465ef41f328f-139754024333312","trial_id":31,"user_attr":{"train_loss_epoch_3":0.21171617252565522}}
{"op_code":7,"worker_id":"ca27d457-fadf-483a-a30a-465ef41f328f-139754024333312","trial_id":31,"step":4,"intermediate_value":95.0}
{"op_code":8,"worker_id":"ca27d457-fadf-483a-a30a-465ef41f328f-139754024333312","trial_id":31,"user_attr":{"train_loss_epoch_4":0.18144241574285888}}
{"op_code":7,"worker_id":"ca27d457-fadf-483a-a30a-465ef41f328f-139754024333312","trial_id":31,"step":5,"intermediate_value":95.56}
{"op_code":8,"worker_id":"ca27d457-fadf-483a-a30a-465ef41f328f-139754024333312","trial_id":31,"user_attr":{"train_loss_epoch_5":0.16143392124918224}}
{"op_code":7,"worker_id":"ca27d457-fadf-483a-a30a-465ef41f328f-139754024333312","trial_id":31,"step":6,"intermediate_value":95.87}
{"op_code":8,"worker_id":"ca27d457-fadf-483a-a30a-465ef41f328f-139754024333312","trial_id":31,"user_attr":{"train_loss_epoch_6":0.14648687719270143}}
{"op_code":7,"worker_id":"ca27d457-fadf-483a-a30a-465ef41f328f-139754024333312","trial_id":31,"step":7,"intermediate_value":95.87}
{"op_code":8,"worker_id":"ca27d457-fadf-483a-a30a-465ef41f328f-139754024333312","trial_id":31,"user_attr":{"train_loss_epoch_7":0.13651997738603208}}
{"op_code":7,"worker_id":"ca27d457-fadf-483a-a30a-465ef41f328f-139754024333312","trial_id":31,"step":8,"intermediate_value":96.32}
{"op_code":8,"worker_id":"ca27d457-fadf-483a-a30a-465ef41f328f-139754024333312","trial_id":31,"user_attr":{"train_loss_epoch_8":0.12535249872077533}}
{"op_code":7,"worker_id":"ca27d457-fadf-483a-a30a-465ef41f328f-139754024333312","trial_id":31,"step":9,"intermediate_value":96.32}
{"op_code":8,"worker_id":"ca27d457-fadf-483a-a30a-465ef41f328f-139754024333312","trial_id":31,"user_attr":{"train_loss_epoch_9":0.1187029596714021}}
{"op_code":7,"worker_id":"ca27d457-fadf-483a-a30a-465ef41f328f-139754024333312","trial_id":31,"step":10,"intermediate_value":96.47}
{"op_code":8,"worker_id":"ca27d457-fadf-483a-a30a-465ef41f328f-139754024333312","trial_id":31,"user_attr":{"train_loss_epoch_10":0.11277668224647641}}
{"op_code":7,"worker_id":"ca27d457-fadf-483a-a30a-465ef41f328f-139754024333312","trial_id":31,"step":11,"intermediate_value":96.47}
{"op_code":8,"worker_id":"ca27d457-fadf-483a-a30a-465ef41f328f-139754024333312","trial_id":31,"user_attr":{"train_loss_epoch_11":0.1054662637063054}}
{"op_code":7,"worker_id":"ca27d457-fadf-483a-a30a-465ef41f328f-139754024333312","trial_id":31,"step":12,"intermediate_value":96.47}
{"op_code":8,"worker_id":"ca27d457-fadf-483a-a30a-465ef41f328f-139754024333312","trial_id":31,"user_attr":{"train_loss_epoch_12":0.10526812930545731}}
{"op_code":7,"worker_id":"ca27d457-fadf-483a-a30a-465ef41f328f-139754024333312","trial_id":31,"step":13,"intermediate_value":96.51}
{"op_code":8,"worker_id":"ca27d457-fadf-483a-a30a-465ef41f328f-139754024333312","trial_id":31,"user_attr":{"train_loss_epoch_13":0.10075656276073124}}
{"op_code":7,"worker_id":"ca27d457-fadf-483a-a30a-465ef41f328f-139754024333312","trial_id":31,"step":14,"intermediate_value":96.58}
{"op_code":8,"worker_id":"ca27d457-fadf-483a-a30a-465ef41f328f-139754024333312","trial_id":31,"user_attr":{"train_loss_epoch_14":0.09724073091557603}}
{"op_code":7,"worker_id":"ca27d457-fadf-483a-a30a-465ef41f328f-139754024333312","trial_id":31,"step":15,"intermediate_value":96.58}
{"op_code":8,"worker_id":"ca27d457-fadf-483a-a30a-465ef41f328f-139754024333312","trial_id":31,"user_attr":{"train_loss_epoch_15":0.09474937489895678}}
{"op_code":7,"worker_id":"ca27d457-fadf-483a-a30a-465ef41f328f-139754024333312","trial_id":31,"step":16,"intermediate_value":96.66}
{"op_code":8,"worker_id":"ca27d457-fadf-483a-a30a-465ef41f328f-139754024333312","trial_id":31,"user_attr":{"train_loss_epoch_16":0.09273174439352364}}
{"op_code":7,"worker_id":"ca27d457-fadf-483a-a30a-465ef41f328f-139754024333312","trial_id":31,"step":17,"intermediate_value":96.89}
{"op_code":8,"worker_id":"ca27d457-fadf-483a-a30a-465ef41f328f-139754024333312","trial_id":31,"user_attr":{"train_loss_epoch_17":0.08845401800342842}}
{"op_code":7,"worker_id":"ca27d457-fadf-483a-a30a-465ef41f328f-139754024333312","trial_id":31,"step":18,"intermediate_value":96.9}
{"op_code":8,"worker_id":"ca27d457-fadf-483a-a30a-465ef41f328f-139754024333312","trial_id":31,"user_attr":{"train_loss_epoch_18":0.0859000619053086}}
{"op_code":7,"worker_id":"ca27d457-fadf-483a-a30a-465ef41f328f-139754024333312","trial_id":31,"step":19,"intermediate_value":96.9}
{"op_code":8,"worker_id":"ca27d457-fadf-483a-a30a-465ef41f328f-139754024333312","trial_id":31,"user_attr":{"train_loss_epoch_19":0.0841244397365224}}
{"op_code":7,"worker_id":"ca27d457-fadf-483a-a30a-465ef41f328f-139754024333312","trial_id":31,"step":20,"intermediate_value":96.9}
{"op_code":8,"worker_id":"ca27d457-fadf-483a-a30a-465ef41f328f-139754024333312","trial_id":31,"user_attr":{"train_loss_epoch_20":0.08089628858245544}}
{"op_code":7,"worker_id":"ca27d457-fadf-483a-a30a-465ef41f328f-139754024333312","trial_id":31,"step":21,"intermediate_value":96.93}
{"op_code":8,"worker_id":"ca27d457-fadf-483a-a30a-465ef41f328f-139754024333312","trial_id":31,"user_attr":{"train_loss_epoch_21":0.07766093334544506}}
{"op_code":7,"worker_id":"ca27d457-fadf-483a-a30a-465ef41f328f-139754024333312","trial_id":31,"step":22,"intermediate_value":96.93}
{"op_code":8,"worker_id":"ca27d457-fadf-483a-a30a-465ef41f328f-139754024333312","trial_id":31,"user_attr":{"train_loss_epoch_22":0.0762724976223121}}
{"op_code":7,"worker_id":"ca27d457-fadf-483a-a30a-465ef41f328f-139754024333312","trial_id":31,"step":23,"intermediate_value":96.93}
{"op_code":8,"worker_id":"ca27d457-fadf-483a-a30a-465ef41f328f-139754024333312","trial_id":31,"user_attr":{"train_loss_epoch_23":0.07574839855401294}}
{"op_code":7,"worker_id":"ca27d457-fadf-483a-a30a-465ef41f328f-139754024333312","trial_id":31,"step":24,"intermediate_value":96.93}
{"op_code":8,"worker_id":"ca27d457-fadf-483a-a30a-465ef41f328f-139754024333312","trial_id":31,"user_attr":{"train_loss_epoch_24":0.07369804749566156}}
{"op_code":7,"worker_id":"ca27d457-fadf-483a-a30a-465ef41f328f-139754024333312","trial_id":31,"step":25,"intermediate_value":96.93}
{"op_code":8,"worker_id":"ca27d457-fadf-483a-a30a-465ef41f328f-139754024333312","trial_id":31,"user_attr":{"train_loss_epoch_25":0.07310668373706816}}
{"op_code":7,"worker_id":"ca27d457-fadf-483a-a30a-465ef41f328f-139754024333312","trial_id":31,"step":26,"intermediate_value":96.93}
{"op_code":8,"worker_id":"ca27d457-fadf-483a-a30a-465ef41f328f-139754024333312","trial_id":31,"user_attr":{"train_loss_epoch_26":0.07091231936308891}}
{"op_code":6,"worker_id":"ca27d457-fadf-483a-a30a-465ef41f328f-139754024333312","trial_id":31,"state":1,"values":[96.93],"datetime_complete":"2026-05-08T01:03:24.295495"}
{"op_code":4,"worker_id":"ca27d457-fadf-483a-a30a-465ef41f328f-139754024333312","study_id":0,"datetime_start":"2026-05-08T01:03:24.304348"}
{"op_code":5,"worker_id":"ca27d457-fadf-483a-a30a-465ef41f328f-139754024333312","trial_id":32,"param_name":"learning_rate","param_value_internal":0.24753054856986262,"distribution":"{\"name\": \"FloatDistribution\", \"attributes\": {\"step\": null, \"low\": 0.006, \"high\": 5.0, \"log\": true}}"}
{"op_code":5,"worker_id":"ca27d457-fadf-483a-a30a-465ef41f328f-139754024333312","trial_id":32,"param_name":"transfer_lr","param_value_internal":0.0022134582235302596,"distribution":"{\"name\": \"FloatDistribution\", \"attributes\": {\"step\": null, \"low\": 1e-05, \"high\": 0.03, \"log\": true}}"}
{"op_code":5,"worker_id":"ca27d457-fadf-483a-a30a-465ef41f328f-139754024333312","trial_id":32,"param_name":"transfer_every","param_value_internal":10.0,"distribution":"{\"name\": \"IntDistribution\", \"attributes\": {\"log\": true, \"step\": 1, \"low\": 10, \"high\": 10}}"}
{"op_code":5,"worker_id":"ca27d457-fadf-483a-a30a-465ef41f328f-139754024333312","trial_id":32,"param_name":"rank_exp","param_value_internal":3.0,"distribution":"{\"name\": \"IntDistribution\", \"attributes\": {\"log\": false, \"step\": 1, \"low\": 3, \"high\": 3}}"}
{"op_code":5,"worker_id":"ca27d457-fadf-483a-a30a-465ef41f328f-139754024333312","trial_id":32,"param_name":"fast_lr","param_value_internal":0.28607827252365614,"distribution":"{\"name\": \"FloatDistribution\", \"attributes\": {\"step\": null, \"low\": 0.0007, \"high\": 20000.0, \"log\": true}}"}
{"op_code":5,"worker_id":"ca27d457-fadf-483a-a30a-465ef41f328f-139754024333312","trial_id":32,"param_name":"tau_sec","param_value_internal":0.0,"distribution":"{\"name\": \"FloatDistribution\", \"attributes\": {\"step\": null, \"low\": 0.0, \"high\": 0.0, \"log\": false}}"}
{"op_code":5,"worker_id":"ca27d457-fadf-483a-a30a-465ef41f328f-139754024333312","trial_id":32,"param_name":"ab_dw_min","param_value_internal":0.001981,"distribution":"{\"name\": \"FloatDistribution\", \"attributes\": {\"step\": null, \"low\": 0.001981, \"high\": 0.001981, \"log\": true}}"}
{"op_code":5,"worker_id":"ca27d457-fadf-483a-a30a-465ef41f328f-139754024333312","trial_id":32,"param_name":"ab_desired_bl","param_value_internal":31.0,"distribution":"{\"name\": \"IntDistribution\", \"attributes\": {\"log\": false, \"step\": 1, \"low\": 31, \"high\": 31}}"}
{"op_code":5,"worker_id":"ca27d457-fadf-483a-a30a-465ef41f328f-139754024333312","trial_id":32,"param_name":"a_reset_std","param_value_internal":1e-30,"distribution":"{\"name\": \"FloatDistribution\", \"attributes\": {\"step\": null, \"low\": 1e-30, \"high\": 1e-30, \"log\": true}}"}
{"op_code":5,"worker_id":"ca27d457-fadf-483a-a30a-465ef41f328f-139754024333312","trial_id":32,"param_name":"b_reset_std","param_value_internal":1617.735437496423,"distribution":"{\"name\": \"FloatDistribution\", \"attributes\": {\"step\": null, \"low\": 2e-05, \"high\": 30000.0, \"log\": true}}"}
{"op_code":5,"worker_id":"ca27d457-fadf-483a-a30a-465ef41f328f-139754024333312","trial_id":32,"param_name":"c_dw_min","param_value_internal":0.001,"distribution":"{\"name\": \"FloatDistribution\", \"attributes\": {\"step\": null, \"low\": 0.001, \"high\": 0.001, \"log\": true}}"}
{"op_code":5,"worker_id":"ca27d457-fadf-483a-a30a-465ef41f328f-139754024333312","trial_id":32,"param_name":"c_desired_bl","param_value_internal":31.0,"distribution":"{\"name\": \"IntDistribution\", \"attributes\": {\"log\": false, \"step\": 1, \"low\": 31, \"high\": 31}}"}
{"op_code":5,"worker_id":"ca27d457-fadf-483a-a30a-465ef41f328f-139754024333312","trial_id":32,"param_name":"out_noise","param_value_internal":0.0,"distribution":"{\"name\": \"FloatDistribution\", \"attributes\": {\"step\": null, \"low\": 0.0, \"high\": 0.0, \"log\": false}}"}
{"op_code":5,"worker_id":"ca27d457-fadf-483a-a30a-465ef41f328f-139754024333312","trial_id":32,"param_name":"ab_weight_scaling_omega","param_value_internal":0.0,"distribution":"{\"name\": \"FloatDistribution\", \"attributes\": {\"step\": null, \"low\": 0.0, \"high\": 0.0, \"log\": false}}"}
{"op_code":8,"worker_id":"ca27d457-fadf-483a-a30a-465ef41f328f-139754024333312","trial_id":32,"user_attr":{"grad_accum_steps":1}}
{"op_code":7,"worker_id":"ca27d457-fadf-483a-a30a-465ef41f328f-139754024333312","trial_id":32,"step":1,"intermediate_value":92.24}
{"op_code":8,"worker_id":"ca27d457-fadf-483a-a30a-465ef41f328f-139754024333312","trial_id":32,"user_attr":{"train_loss_epoch_1":0.40211326179346807}}
{"op_code":7,"worker_id":"ca27d457-fadf-483a-a30a-465ef41f328f-139754024333312","trial_id":32,"step":2,"intermediate_value":93.76}
{"op_code":8,"worker_id":"ca27d457-fadf-483a-a30a-465ef41f328f-139754024333312","trial_id":32,"user_attr":{"train_loss_epoch_2":0.23524885328371387}}
{"op_code":7,"worker_id":"ca27d457-fadf-483a-a30a-465ef41f328f-139754024333312","trial_id":32,"step":3,"intermediate_value":94.3}
{"op_code":8,"worker_id":"ca27d457-fadf-483a-a30a-465ef41f328f-139754024333312","trial_id":32,"user_attr":{"train_loss_epoch_3":0.19002699644874727}}
{"op_code":7,"worker_id":"ca27d457-fadf-483a-a30a-465ef41f328f-139754024333312","trial_id":32,"step":4,"intermediate_value":95.26}
{"op_code":8,"worker_id":"ca27d457-fadf-483a-a30a-465ef41f328f-139754024333312","trial_id":32,"user_attr":{"train_loss_epoch_4":0.16381117193175276}}
{"op_code":7,"worker_id":"ca27d457-fadf-483a-a30a-465ef41f328f-139754024333312","trial_id":32,"step":5,"intermediate_value":95.95}
{"op_code":8,"worker_id":"ca27d457-fadf-483a-a30a-465ef41f328f-139754024333312","trial_id":32,"user_attr":{"train_loss_epoch_5":0.14542926520879654}}
{"op_code":7,"worker_id":"ca27d457-fadf-483a-a30a-465ef41f328f-139754024333312","trial_id":32,"step":6,"intermediate_value":95.95}
{"op_code":8,"worker_id":"ca27d457-fadf-483a-a30a-465ef41f328f-139754024333312","trial_id":32,"user_attr":{"train_loss_epoch_6":0.13183446614039954}}
{"op_code":7,"worker_id":"ca27d457-fadf-483a-a30a-465ef41f328f-139754024333312","trial_id":32,"step":7,"intermediate_value":95.98}
{"op_code":8,"worker_id":"ca27d457-fadf-483a-a30a-465ef41f328f-139754024333312","trial_id":32,"user_attr":{"train_loss_epoch_7":0.11923163464423944}}
{"op_code":7,"worker_id":"ca27d457-fadf-483a-a30a-465ef41f328f-139754024333312","trial_id":32,"step":8,"intermediate_value":96.21}
{"op_code":8,"worker_id":"ca27d457-fadf-483a-a30a-465ef41f328f-139754024333312","trial_id":32,"user_attr":{"train_loss_epoch_8":0.11099920040175223}}
{"op_code":7,"worker_id":"ca27d457-fadf-483a-a30a-465ef41f328f-139754024333312","trial_id":32,"step":9,"intermediate_value":96.21}
{"op_code":8,"worker_id":"ca27d457-fadf-483a-a30a-465ef41f328f-139754024333312","trial_id":32,"user_attr":{"train_loss_epoch_9":0.10406163226870666}}
{"op_code":7,"worker_id":"ca27d457-fadf-483a-a30a-465ef41f328f-139754024333312","trial_id":32,"step":10,"intermediate_value":96.21}
{"op_code":8,"worker_id":"ca27d457-fadf-483a-a30a-465ef41f328f-139754024333312","trial_id":32,"user_attr":{"train_loss_epoch_10":0.09975146077650744}}
{"op_code":7,"worker_id":"ca27d457-fadf-483a-a30a-465ef41f328f-139754024333312","trial_id":32,"step":11,"intermediate_value":96.39}
{"op_code":8,"worker_id":"ca27d457-fadf-483a-a30a-465ef41f328f-139754024333312","trial_id":32,"user_attr":{"train_loss_epoch_11":0.09420765322972653}}
{"op_code":7,"worker_id":"ca27d457-fadf-483a-a30a-465ef41f328f-139754024333312","trial_id":32,"step":12,"intermediate_value":96.56}
{"op_code":8,"worker_id":"ca27d457-fadf-483a-a30a-465ef41f328f-139754024333312","trial_id":32,"user_attr":{"train_loss_epoch_12":0.08983050110434164}}
{"op_code":7,"worker_id":"ca27d457-fadf-483a-a30a-465ef41f328f-139754024333312","trial_id":32,"step":13,"intermediate_value":96.73}
{"op_code":8,"worker_id":"ca27d457-fadf-483a-a30a-465ef41f328f-139754024333312","trial_id":32,"user_attr":{"train_loss_epoch_13":0.08733869146164466}}
{"op_code":7,"worker_id":"ca27d457-fadf-483a-a30a-465ef41f328f-139754024333312","trial_id":32,"step":14,"intermediate_value":96.73}
{"op_code":8,"worker_id":"ca27d457-fadf-483a-a30a-465ef41f328f-139754024333312","trial_id":32,"user_attr":{"train_loss_epoch_14":0.08488632338806622}}
{"op_code":7,"worker_id":"ca27d457-fadf-483a-a30a-465ef41f328f-139754024333312","trial_id":32,"step":15,"intermediate_value":96.76}
{"op_code":8,"worker_id":"ca27d457-fadf-483a-a30a-465ef41f328f-139754024333312","trial_id":32,"user_attr":{"train_loss_epoch_15":0.08192014623073929}}
{"op_code":7,"worker_id":"ca27d457-fadf-483a-a30a-465ef41f328f-139754024333312","trial_id":32,"step":16,"intermediate_value":96.76}
{"op_code":8,"worker_id":"ca27d457-fadf-483a-a30a-465ef41f328f-139754024333312","trial_id":32,"user_attr":{"train_loss_epoch_16":0.07952920758356052}}
{"op_code":7,"worker_id":"ca27d457-fadf-483a-a30a-465ef41f328f-139754024333312","trial_id":32,"step":17,"intermediate_value":96.78}
{"op_code":8,"worker_id":"ca27d457-fadf-483a-a30a-465ef41f328f-139754024333312","trial_id":32,"user_attr":{"train_loss_epoch_17":0.07599812030106155}}
{"op_code":7,"worker_id":"ca27d457-fadf-483a-a30a-465ef41f328f-139754024333312","trial_id":32,"step":18,"intermediate_value":96.83}
{"op_code":8,"worker_id":"ca27d457-fadf-483a-a30a-465ef41f328f-139754024333312","trial_id":32,"user_attr":{"train_loss_epoch_18":0.0728922916557898}}
{"op_code":7,"worker_id":"ca27d457-fadf-483a-a30a-465ef41f328f-139754024333312","trial_id":32,"step":19,"intermediate_value":96.83}
{"op_code":8,"worker_id":"ca27d457-fadf-483a-a30a-465ef41f328f-139754024333312","trial_id":32,"user_attr":{"train_loss_epoch_19":0.07308655873790923}}
{"op_code":7,"worker_id":"ca27d457-fadf-483a-a30a-465ef41f328f-139754024333312","trial_id":32,"step":20,"intermediate_value":96.83}
{"op_code":8,"worker_id":"ca27d457-fadf-483a-a30a-465ef41f328f-139754024333312","trial_id":32,"user_attr":{"train_loss_epoch_20":0.07134428011429216}}
{"op_code":7,"worker_id":"ca27d457-fadf-483a-a30a-465ef41f328f-139754024333312","trial_id":32,"step":21,"intermediate_value":96.92}
{"op_code":8,"worker_id":"ca27d457-fadf-483a-a30a-465ef41f328f-139754024333312","trial_id":32,"user_attr":{"train_loss_epoch_21":0.06919008617061995}}
{"op_code":7,"worker_id":"ca27d457-fadf-483a-a30a-465ef41f328f-139754024333312","trial_id":32,"step":22,"intermediate_value":97.03}
{"op_code":8,"worker_id":"ca27d457-fadf-483a-a30a-465ef41f328f-139754024333312","trial_id":32,"user_attr":{"train_loss_epoch_22":0.06815791449500626}}
{"op_code":7,"worker_id":"ca27d457-fadf-483a-a30a-465ef41f328f-139754024333312","trial_id":32,"step":23,"intermediate_value":97.03}
{"op_code":8,"worker_id":"ca27d457-fadf-483a-a30a-465ef41f328f-139754024333312","trial_id":32,"user_attr":{"train_loss_epoch_23":0.06702118416253262}}
{"op_code":7,"worker_id":"ca27d457-fadf-483a-a30a-465ef41f328f-139754024333312","trial_id":32,"step":24,"intermediate_value":97.03}
{"op_code":8,"worker_id":"ca27d457-fadf-483a-a30a-465ef41f328f-139754024333312","trial_id":32,"user_attr":{"train_loss_epoch_24":0.06563018912946912}}
{"op_code":7,"worker_id":"ca27d457-fadf-483a-a30a-465ef41f328f-139754024333312","trial_id":32,"step":25,"intermediate_value":97.03}
{"op_code":8,"worker_id":"ca27d457-fadf-483a-a30a-465ef41f328f-139754024333312","trial_id":32,"user_attr":{"train_loss_epoch_25":0.06402294001237217}}
{"op_code":7,"worker_id":"ca27d457-fadf-483a-a30a-465ef41f328f-139754024333312","trial_id":32,"step":26,"intermediate_value":97.03}
{"op_code":8,"worker_id":"ca27d457-fadf-483a-a30a-465ef41f328f-139754024333312","trial_id":32,"user_attr":{"train_loss_epoch_26":0.06272665364220976}}
{"op_code":7,"worker_id":"ca27d457-fadf-483a-a30a-465ef41f328f-139754024333312","trial_id":32,"step":27,"intermediate_value":97.03}
{"op_code":8,"worker_id":"ca27d457-fadf-483a-a30a-465ef41f328f-139754024333312","trial_id":32,"user_attr":{"train_loss_epoch_27":0.061262495141835814}}
{"op_code":6,"worker_id":"ca27d457-fadf-483a-a30a-465ef41f328f-139754024333312","trial_id":32,"state":1,"values":[97.03],"datetime_complete":"2026-05-08T01:12:39.576836"}
{"op_code":4,"worker_id":"ca27d457-fadf-483a-a30a-465ef41f328f-139754024333312","study_id":0,"datetime_start":"2026-05-08T01:12:39.604227"}
{"op_code":5,"worker_id":"ca27d457-fadf-483a-a30a-465ef41f328f-139754024333312","trial_id":33,"param_name":"learning_rate","param_value_internal":0.006481032130803603,"distribution":"{\"name\": \"FloatDistribution\", \"attributes\": {\"step\": null, \"low\": 0.006, \"high\": 5.0, \"log\": true}}"}
{"op_code":5,"worker_id":"ca27d457-fadf-483a-a30a-465ef41f328f-139754024333312","trial_id":33,"param_name":"transfer_lr","param_value_internal":1.0932548819492834e-05,"distribution":"{\"name\": \"FloatDistribution\", \"attributes\": {\"step\": null, \"low\": 1e-05, \"high\": 0.03, \"log\": true}}"}
{"op_code":5,"worker_id":"ca27d457-fadf-483a-a30a-465ef41f328f-139754024333312","trial_id":33,"param_name":"transfer_every","param_value_internal":10.0,"distribution":"{\"name\": \"IntDistribution\", \"attributes\": {\"log\": true, \"step\": 1, \"low\": 10, \"high\": 10}}"}
{"op_code":5,"worker_id":"ca27d457-fadf-483a-a30a-465ef41f328f-139754024333312","trial_id":33,"param_name":"rank_exp","param_value_internal":3.0,"distribution":"{\"name\": \"IntDistribution\", \"attributes\": {\"log\": false, \"step\": 1, \"low\": 3, \"high\": 3}}"}
{"op_code":5,"worker_id":"ca27d457-fadf-483a-a30a-465ef41f328f-139754024333312","trial_id":33,"param_name":"fast_lr","param_value_internal":7.388747023737413,"distribution":"{\"name\": \"FloatDistribution\", \"attributes\": {\"step\": null, \"low\": 0.0007, \"high\": 20000.0, \"log\": true}}"}
{"op_code":5,"worker_id":"ca27d457-fadf-483a-a30a-465ef41f328f-139754024333312","trial_id":33,"param_name":"tau_sec","param_value_internal":0.0,"distribution":"{\"name\": \"FloatDistribution\", \"attributes\": {\"step\": null, \"low\": 0.0, \"high\": 0.0, \"log\": false}}"}
{"op_code":5,"worker_id":"ca27d457-fadf-483a-a30a-465ef41f328f-139754024333312","trial_id":33,"param_name":"ab_dw_min","param_value_internal":0.001981,"distribution":"{\"name\": \"FloatDistribution\", \"attributes\": {\"step\": null, \"low\": 0.001981, \"high\": 0.001981, \"log\": true}}"}
{"op_code":5,"worker_id":"ca27d457-fadf-483a-a30a-465ef41f328f-139754024333312","trial_id":33,"param_name":"ab_desired_bl","param_value_internal":31.0,"distribution":"{\"name\": \"IntDistribution\", \"attributes\": {\"log\": false, \"step\": 1, \"low\": 31, \"high\": 31}}"}
{"op_code":5,"worker_id":"ca27d457-fadf-483a-a30a-465ef41f328f-139754024333312","trial_id":33,"param_name":"a_reset_std","param_value_internal":1e-30,"distribution":"{\"name\": \"FloatDistribution\", \"attributes\": {\"step\": null, \"low\": 1e-30, \"high\": 1e-30, \"log\": true}}"}
{"op_code":5,"worker_id":"ca27d457-fadf-483a-a30a-465ef41f328f-139754024333312","trial_id":33,"param_name":"b_reset_std","param_value_internal":27253.493912161535,"distribution":"{\"name\": \"FloatDistribution\", \"attributes\": {\"step\": null, \"low\": 2e-05, \"high\": 30000.0, \"log\": true}}"}
{"op_code":5,"worker_id":"ca27d457-fadf-483a-a30a-465ef41f328f-139754024333312","trial_id":33,"param_name":"c_dw_min","param_value_internal":0.001,"distribution":"{\"name\": \"FloatDistribution\", \"attributes\": {\"step\": null, \"low\": 0.001, \"high\": 0.001, \"log\": true}}"}
{"op_code":5,"worker_id":"ca27d457-fadf-483a-a30a-465ef41f328f-139754024333312","trial_id":33,"param_name":"c_desired_bl","param_value_internal":31.0,"distribution":"{\"name\": \"IntDistribution\", \"attributes\": {\"log\": false, \"step\": 1, \"low\": 31, \"high\": 31}}"}
{"op_code":5,"worker_id":"ca27d457-fadf-483a-a30a-465ef41f328f-139754024333312","trial_id":33,"param_name":"out_noise","param_value_internal":0.0,"distribution":"{\"name\": \"FloatDistribution\", \"attributes\": {\"step\": null, \"low\": 0.0, \"high\": 0.0, \"log\": false}}"}
{"op_code":5,"worker_id":"ca27d457-fadf-483a-a30a-465ef41f328f-139754024333312","trial_id":33,"param_name":"ab_weight_scaling_omega","param_value_internal":0.0,"distribution":"{\"name\": \"FloatDistribution\", \"attributes\": {\"step\": null, \"low\": 0.0, \"high\": 0.0, \"log\": false}}"}
{"op_code":8,"worker_id":"ca27d457-fadf-483a-a30a-465ef41f328f-139754024333312","trial_id":33,"user_attr":{"grad_accum_steps":1}}
{"op_code":7,"worker_id":"ca27d457-fadf-483a-a30a-465ef41f328f-139754024333312","trial_id":33,"step":1,"intermediate_value":79.04}
{"op_code":8,"worker_id":"ca27d457-fadf-483a-a30a-465ef41f328f-139754024333312","trial_id":33,"user_attr":{"train_loss_epoch_1":1.5510949289112457}}
{"op_code":7,"worker_id":"ca27d457-fadf-483a-a30a-465ef41f328f-139754024333312","trial_id":33,"step":2,"intermediate_value":83.08}
{"op_code":8,"worker_id":"ca27d457-fadf-483a-a30a-465ef41f328f-139754024333312","trial_id":33,"user_attr":{"train_loss_epoch_2":0.9339796426072557}}
{"op_code":7,"worker_id":"ca27d457-fadf-483a-a30a-465ef41f328f-139754024333312","trial_id":33,"step":3,"intermediate_value":85.17}
{"op_code":8,"worker_id":"ca27d457-fadf-483a-a30a-465ef41f328f-139754024333312","trial_id":33,"user_attr":{"train_loss_epoch_3":0.7351491779470241}}
{"op_code":7,"worker_id":"ca27d457-fadf-483a-a30a-465ef41f328f-139754024333312","trial_id":33,"step":4,"intermediate_value":86.07}
{"op_code":8,"worker_id":"ca27d457-fadf-483a-a30a-465ef41f328f-139754024333312","trial_id":33,"user_attr":{"train_loss_epoch_4":0.6352414253042705}}
{"op_code":7,"worker_id":"ca27d457-fadf-483a-a30a-465ef41f328f-139754024333312","trial_id":33,"step":5,"intermediate_value":86.96}
{"op_code":8,"worker_id":"ca27d457-fadf-483a-a30a-465ef41f328f-139754024333312","trial_id":33,"user_attr":{"train_loss_epoch_5":0.5732131597520446}}
{"op_code":7,"worker_id":"ca27d457-fadf-483a-a30a-465ef41f328f-139754024333312","trial_id":33,"step":6,"intermediate_value":87.31}
{"op_code":8,"worker_id":"ca27d457-fadf-483a-a30a-465ef41f328f-139754024333312","trial_id":33,"user_attr":{"train_loss_epoch_6":0.5305453454062883}}
{"op_code":7,"worker_id":"ca27d457-fadf-483a-a30a-465ef41f328f-139754024333312","trial_id":33,"step":7,"intermediate_value":87.89}
{"op_code":8,"worker_id":"ca27d457-fadf-483a-a30a-465ef41f328f-139754024333312","trial_id":33,"user_attr":{"train_loss_epoch_7":0.498370476194155}}
{"op_code":7,"worker_id":"ca27d457-fadf-483a-a30a-465ef41f328f-139754024333312","trial_id":33,"step":8,"intermediate_value":88.32}
{"op_code":8,"worker_id":"ca27d457-fadf-483a-a30a-465ef41f328f-139754024333312","trial_id":33,"user_attr":{"train_loss_epoch_8":0.4737327061355241}}
{"op_code":7,"worker_id":"ca27d457-fadf-483a-a30a-465ef41f328f-139754024333312","trial_id":33,"step":9,"intermediate_value":88.56}
{"op_code":8,"worker_id":"ca27d457-fadf-483a-a30a-465ef41f328f-139754024333312","trial_id":33,"user_attr":{"train_loss_epoch_9":0.4538245771262946}}
{"op_code":7,"worker_id":"ca27d457-fadf-483a-a30a-465ef41f328f-139754024333312","trial_id":33,"step":10,"intermediate_value":88.88}
{"op_code":8,"worker_id":"ca27d457-fadf-483a-a30a-465ef41f328f-139754024333312","trial_id":33,"user_attr":{"train_loss_epoch_10":0.4373574269923574}}
{"op_code":7,"worker_id":"ca27d457-fadf-483a-a30a-465ef41f328f-139754024333312","trial_id":33,"step":11,"intermediate_value":89.02}
{"op_code":8,"worker_id":"ca27d457-fadf-483a-a30a-465ef41f328f-139754024333312","trial_id":33,"user_attr":{"train_loss_epoch_11":0.4259186370858251}}
{"op_code":7,"worker_id":"ca27d457-fadf-483a-a30a-465ef41f328f-139754024333312","trial_id":33,"step":12,"intermediate_value":89.25}
{"op_code":8,"worker_id":"ca27d457-fadf-483a-a30a-465ef41f328f-139754024333312","trial_id":33,"user_attr":{"train_loss_epoch_12":0.4184138076042316}}
{"op_code":7,"worker_id":"ca27d457-fadf-483a-a30a-465ef41f328f-139754024333312","trial_id":33,"step":13,"intermediate_value":89.31}
{"op_code":8,"worker_id":"ca27d457-fadf-483a-a30a-465ef41f328f-139754024333312","trial_id":33,"user_attr":{"train_loss_epoch_13":0.4114947013541071}}
{"op_code":7,"worker_id":"ca27d457-fadf-483a-a30a-465ef41f328f-139754024333312","trial_id":33,"step":14,"intermediate_value":89.46}
{"op_code":8,"worker_id":"ca27d457-fadf-483a-a30a-465ef41f328f-139754024333312","trial_id":33,"user_attr":{"train_loss_epoch_14":0.40532080041192997}}
{"op_code":7,"worker_id":"ca27d457-fadf-483a-a30a-465ef41f328f-139754024333312","trial_id":33,"step":15,"intermediate_value":89.52}
{"op_code":8,"worker_id":"ca27d457-fadf-483a-a30a-465ef41f328f-139754024333312","trial_id":33,"user_attr":{"train_loss_epoch_15":0.39912159459740876}}
{"op_code":7,"worker_id":"ca27d457-fadf-483a-a30a-465ef41f328f-139754024333312","trial_id":33,"step":16,"intermediate_value":89.65}
{"op_code":8,"worker_id":"ca27d457-fadf-483a-a30a-465ef41f328f-139754024333312","trial_id":33,"user_attr":{"train_loss_epoch_16":0.39341315344325517}}
{"op_code":7,"worker_id":"ca27d457-fadf-483a-a30a-465ef41f328f-139754024333312","trial_id":33,"step":17,"intermediate_value":89.73}
{"op_code":8,"worker_id":"ca27d457-fadf-483a-a30a-465ef41f328f-139754024333312","trial_id":33,"user_attr":{"train_loss_epoch_17":0.38792297458534303}}
{"op_code":7,"worker_id":"ca27d457-fadf-483a-a30a-465ef41f328f-139754024333312","trial_id":33,"step":18,"intermediate_value":89.79}
{"op_code":8,"worker_id":"ca27d457-fadf-483a-a30a-465ef41f328f-139754024333312","trial_id":33,"user_attr":{"train_loss_epoch_18":0.3829234490103559}}
{"op_code":7,"worker_id":"ca27d457-fadf-483a-a30a-465ef41f328f-139754024333312","trial_id":33,"step":19,"intermediate_value":89.94}
{"op_code":8,"worker_id":"ca27d457-fadf-483a-a30a-465ef41f328f-139754024333312","trial_id":33,"user_attr":{"train_loss_epoch_19":0.37836289667943396}}
{"op_code":7,"worker_id":"ca27d457-fadf-483a-a30a-465ef41f328f-139754024333312","trial_id":33,"step":20,"intermediate_value":89.96}
{"op_code":8,"worker_id":"ca27d457-fadf-483a-a30a-465ef41f328f-139754024333312","trial_id":33,"user_attr":{"train_loss_epoch_20":0.3739016940281081}}
{"op_code":7,"worker_id":"ca27d457-fadf-483a-a30a-465ef41f328f-139754024333312","trial_id":33,"step":21,"intermediate_value":89.96}
{"op_code":8,"worker_id":"ca27d457-fadf-483a-a30a-465ef41f328f-139754024333312","trial_id":33,"user_attr":{"train_loss_epoch_21":0.37031988804337823}}
{"op_code":7,"worker_id":"ca27d457-fadf-483a-a30a-465ef41f328f-139754024333312","trial_id":33,"step":22,"intermediate_value":90.02}
{"op_code":8,"worker_id":"ca27d457-fadf-483a-a30a-465ef41f328f-139754024333312","trial_id":33,"user_attr":{"train_loss_epoch_22":0.367618635042644}}
{"op_code":7,"worker_id":"ca27d457-fadf-483a-a30a-465ef41f328f-139754024333312","trial_id":33,"step":23,"intermediate_value":90.08}
{"op_code":8,"worker_id":"ca27d457-fadf-483a-a30a-465ef41f328f-139754024333312","trial_id":33,"user_attr":{"train_loss_epoch_23":0.36522112308598276}}
{"op_code":7,"worker_id":"ca27d457-fadf-483a-a30a-465ef41f328f-139754024333312","trial_id":33,"step":24,"intermediate_value":90.08}
{"op_code":8,"worker_id":"ca27d457-fadf-483a-a30a-465ef41f328f-139754024333312","trial_id":33,"user_attr":{"train_loss_epoch_24":0.36273079163738403}}
{"op_code":7,"worker_id":"ca27d457-fadf-483a-a30a-465ef41f328f-139754024333312","trial_id":33,"step":25,"intermediate_value":90.21}
{"op_code":8,"worker_id":"ca27d457-fadf-483a-a30a-465ef41f328f-139754024333312","trial_id":33,"user_attr":{"train_loss_epoch_25":0.36026937601122777}}
{"op_code":7,"worker_id":"ca27d457-fadf-483a-a30a-465ef41f328f-139754024333312","trial_id":33,"step":26,"intermediate_value":90.31}
{"op_code":8,"worker_id":"ca27d457-fadf-483a-a30a-465ef41f328f-139754024333312","trial_id":33,"user_attr":{"train_loss_epoch_26":0.35793294590800556}}
{"op_code":7,"worker_id":"ca27d457-fadf-483a-a30a-465ef41f328f-139754024333312","trial_id":33,"step":27,"intermediate_value":90.31}
{"op_code":8,"worker_id":"ca27d457-fadf-483a-a30a-465ef41f328f-139754024333312","trial_id":33,"user_attr":{"train_loss_epoch_27":0.3558063426775846}}
{"op_code":7,"worker_id":"ca27d457-fadf-483a-a30a-465ef41f328f-139754024333312","trial_id":33,"step":28,"intermediate_value":90.31}
{"op_code":8,"worker_id":"ca27d457-fadf-483a-a30a-465ef41f328f-139754024333312","trial_id":33,"user_attr":{"train_loss_epoch_28":0.35379660669674495}}
{"op_code":7,"worker_id":"ca27d457-fadf-483a-a30a-465ef41f328f-139754024333312","trial_id":33,"step":29,"intermediate_value":90.36}
{"op_code":8,"worker_id":"ca27d457-fadf-483a-a30a-465ef41f328f-139754024333312","trial_id":33,"user_attr":{"train_loss_epoch_29":0.3514897791799833}}
{"op_code":7,"worker_id":"ca27d457-fadf-483a-a30a-465ef41f328f-139754024333312","trial_id":33,"step":30,"intermediate_value":90.4}
{"op_code":8,"worker_id":"ca27d457-fadf-483a-a30a-465ef41f328f-139754024333312","trial_id":33,"user_attr":{"train_loss_epoch_30":0.34960374287736695}}
{"op_code":6,"worker_id":"ca27d457-fadf-483a-a30a-465ef41f328f-139754024333312","trial_id":33,"state":1,"values":[90.4],"datetime_complete":"2026-05-08T01:23:06.239593"}
{"op_code":4,"worker_id":"ca27d457-fadf-483a-a30a-465ef41f328f-139754024333312","study_id":0,"datetime_start":"2026-05-08T01:23:06.243978"}
{"op_code":5,"worker_id":"ca27d457-fadf-483a-a30a-465ef41f328f-139754024333312","trial_id":34,"param_name":"learning_rate","param_value_internal":0.006187294336807647,"distribution":"{\"name\": \"FloatDistribution\", \"attributes\": {\"step\": null, \"low\": 0.006, \"high\": 5.0, \"log\": true}}"}
{"op_code":5,"worker_id":"ca27d457-fadf-483a-a30a-465ef41f328f-139754024333312","trial_id":34,"param_name":"transfer_lr","param_value_internal":0.027537548374774484,"distribution":"{\"name\": \"FloatDistribution\", \"attributes\": {\"step\": null, \"low\": 1e-05, \"high\": 0.03, \"log\": true}}"}
{"op_code":5,"worker_id":"ca27d457-fadf-483a-a30a-465ef41f328f-139754024333312","trial_id":34,"param_name":"transfer_every","param_value_internal":10.0,"distribution":"{\"name\": \"IntDistribution\", \"attributes\": {\"log\": true, \"step\": 1, \"low\": 10, \"high\": 10}}"}
{"op_code":5,"worker_id":"ca27d457-fadf-483a-a30a-465ef41f328f-139754024333312","trial_id":34,"param_name":"rank_exp","param_value_internal":3.0,"distribution":"{\"name\": \"IntDistribution\", \"attributes\": {\"log\": false, \"step\": 1, \"low\": 3, \"high\": 3}}"}
{"op_code":5,"worker_id":"ca27d457-fadf-483a-a30a-465ef41f328f-139754024333312","trial_id":34,"param_name":"fast_lr","param_value_internal":19421.714383014994,"distribution":"{\"name\": \"FloatDistribution\", \"attributes\": {\"step\": null, \"low\": 0.0007, \"high\": 20000.0, \"log\": true}}"}
{"op_code":5,"worker_id":"ca27d457-fadf-483a-a30a-465ef41f328f-139754024333312","trial_id":34,"param_name":"tau_sec","param_value_internal":0.0,"distribution":"{\"name\": \"FloatDistribution\", \"attributes\": {\"step\": null, \"low\": 0.0, \"high\": 0.0, \"log\": false}}"}
{"op_code":5,"worker_id":"ca27d457-fadf-483a-a30a-465ef41f328f-139754024333312","trial_id":34,"param_name":"ab_dw_min","param_value_internal":0.001981,"distribution":"{\"name\": \"FloatDistribution\", \"attributes\": {\"step\": null, \"low\": 0.001981, \"high\": 0.001981, \"log\": true}}"}
{"op_code":5,"worker_id":"ca27d457-fadf-483a-a30a-465ef41f328f-139754024333312","trial_id":34,"param_name":"ab_desired_bl","param_value_internal":31.0,"distribution":"{\"name\": \"IntDistribution\", \"attributes\": {\"log\": false, \"step\": 1, \"low\": 31, \"high\": 31}}"}
{"op_code":5,"worker_id":"ca27d457-fadf-483a-a30a-465ef41f328f-139754024333312","trial_id":34,"param_name":"a_reset_std","param_value_internal":1e-30,"distribution":"{\"name\": \"FloatDistribution\", \"attributes\": {\"step\": null, \"low\": 1e-30, \"high\": 1e-30, \"log\": true}}"}
{"op_code":5,"worker_id":"ca27d457-fadf-483a-a30a-465ef41f328f-139754024333312","trial_id":34,"param_name":"b_reset_std","param_value_internal":30000.0,"distribution":"{\"name\": \"FloatDistribution\", \"attributes\": {\"step\": null, \"low\": 2e-05, \"high\": 30000.0, \"log\": true}}"}
{"op_code":5,"worker_id":"ca27d457-fadf-483a-a30a-465ef41f328f-139754024333312","trial_id":34,"param_name":"c_dw_min","param_value_internal":0.001,"distribution":"{\"name\": \"FloatDistribution\", \"attributes\": {\"step\": null, \"low\": 0.001, \"high\": 0.001, \"log\": true}}"}
{"op_code":5,"worker_id":"ca27d457-fadf-483a-a30a-465ef41f328f-139754024333312","trial_id":34,"param_name":"c_desired_bl","param_value_internal":31.0,"distribution":"{\"name\": \"IntDistribution\", \"attributes\": {\"log\": false, \"step\": 1, \"low\": 31, \"high\": 31}}"}
{"op_code":5,"worker_id":"ca27d457-fadf-483a-a30a-465ef41f328f-139754024333312","trial_id":34,"param_name":"out_noise","param_value_internal":0.0,"distribution":"{\"name\": \"FloatDistribution\", \"attributes\": {\"step\": null, \"low\": 0.0, \"high\": 0.0, \"log\": false}}"}
{"op_code":5,"worker_id":"ca27d457-fadf-483a-a30a-465ef41f328f-139754024333312","trial_id":34,"param_name":"ab_weight_scaling_omega","param_value_internal":0.0,"distribution":"{\"name\": \"FloatDistribution\", \"attributes\": {\"step\": null, \"low\": 0.0, \"high\": 0.0, \"log\": false}}"}
{"op_code":8,"worker_id":"ca27d457-fadf-483a-a30a-465ef41f328f-139754024333312","trial_id":34,"user_attr":{"grad_accum_steps":1}}
{"op_code":7,"worker_id":"ca27d457-fadf-483a-a30a-465ef41f328f-139754024333312","trial_id":34,"step":1,"intermediate_value":84.23}
{"op_code":8,"worker_id":"ca27d457-fadf-483a-a30a-465ef41f328f-139754024333312","trial_id":34,"user_attr":{"train_loss_epoch_1":0.7791138398113535}}
{"op_code":7,"worker_id":"ca27d457-fadf-483a-a30a-465ef41f328f-139754024333312","trial_id":34,"step":2,"intermediate_value":85.53}
{"op_code":8,"worker_id":"ca27d457-fadf-483a-a30a-465ef41f328f-139754024333312","trial_id":34,"user_attr":{"train_loss_epoch_2":0.5134205096311915}}
{"op_code":7,"worker_id":"ca27d457-fadf-483a-a30a-465ef41f328f-139754024333312","trial_id":34,"step":3,"intermediate_value":86.57}
{"op_code":8,"worker_id":"ca27d457-fadf-483a-a30a-465ef41f328f-139754024333312","trial_id":34,"user_attr":{"train_loss_epoch_3":0.4720298974657618}}
{"op_code":7,"worker_id":"ca27d457-fadf-483a-a30a-465ef41f328f-139754024333312","trial_id":34,"step":4,"intermediate_value":86.92}
{"op_code":8,"worker_id":"ca27d457-fadf-483a-a30a-465ef41f328f-139754024333312","trial_id":34,"user_attr":{"train_loss_epoch_4":0.46588910142305306}}
{"op_code":7,"worker_id":"ca27d457-fadf-483a-a30a-465ef41f328f-139754024333312","trial_id":34,"step":5,"intermediate_value":86.92}
{"op_code":8,"worker_id":"ca27d457-fadf-483a-a30a-465ef41f328f-139754024333312","trial_id":34,"user_attr":{"train_loss_epoch_5":0.45455864826435727}}
{"op_code":7,"worker_id":"ca27d457-fadf-483a-a30a-465ef41f328f-139754024333312","trial_id":34,"step":6,"intermediate_value":87.13}
{"op_code":8,"worker_id":"ca27d457-fadf-483a-a30a-465ef41f328f-139754024333312","trial_id":34,"user_attr":{"train_loss_epoch_6":0.4485747440855132}}
{"op_code":7,"worker_id":"ca27d457-fadf-483a-a30a-465ef41f328f-139754024333312","trial_id":34,"step":7,"intermediate_value":87.13}
{"op_code":8,"worker_id":"ca27d457-fadf-483a-a30a-465ef41f328f-139754024333312","trial_id":34,"user_attr":{"train_loss_epoch_7":0.43989202929839394}}
{"op_code":7,"worker_id":"ca27d457-fadf-483a-a30a-465ef41f328f-139754024333312","trial_id":34,"step":8,"intermediate_value":87.13}
{"op_code":8,"worker_id":"ca27d457-fadf-483a-a30a-465ef41f328f-139754024333312","trial_id":34,"user_attr":{"train_loss_epoch_8":0.4469285854366797}}
{"op_code":7,"worker_id":"ca27d457-fadf-483a-a30a-465ef41f328f-139754024333312","trial_id":34,"step":9,"intermediate_value":87.13}
{"op_code":8,"worker_id":"ca27d457-fadf-483a-a30a-465ef41f328f-139754024333312","trial_id":34,"user_attr":{"train_loss_epoch_9":0.4454883833143757}}
{"op_code":7,"worker_id":"ca27d457-fadf-483a-a30a-465ef41f328f-139754024333312","trial_id":34,"step":10,"intermediate_value":87.13}
{"op_code":8,"worker_id":"ca27d457-fadf-483a-a30a-465ef41f328f-139754024333312","trial_id":34,"user_attr":{"train_loss_epoch_10":0.4589070873156285}}
{"op_code":7,"worker_id":"ca27d457-fadf-483a-a30a-465ef41f328f-139754024333312","trial_id":34,"step":11,"intermediate_value":87.16}
{"op_code":8,"worker_id":"ca27d457-fadf-483a-a30a-465ef41f328f-139754024333312","trial_id":34,"user_attr":{"train_loss_epoch_11":0.45904816194638004}}
{"op_code":7,"worker_id":"ca27d457-fadf-483a-a30a-465ef41f328f-139754024333312","trial_id":34,"step":12,"intermediate_value":87.16}
{"op_code":8,"worker_id":"ca27d457-fadf-483a-a30a-465ef41f328f-139754024333312","trial_id":34,"user_attr":{"train_loss_epoch_12":0.4472690217498777}}
{"op_code":7,"worker_id":"ca27d457-fadf-483a-a30a-465ef41f328f-139754024333312","trial_id":34,"step":13,"intermediate_value":87.16}
{"op_code":8,"worker_id":"ca27d457-fadf-483a-a30a-465ef41f328f-139754024333312","trial_id":34,"user_attr":{"train_loss_epoch_13":0.4553620504227274}}
{"op_code":7,"worker_id":"ca27d457-fadf-483a-a30a-465ef41f328f-139754024333312","trial_id":34,"step":14,"intermediate_value":87.16}
{"op_code":8,"worker_id":"ca27d457-fadf-483a-a30a-465ef41f328f-139754024333312","trial_id":34,"user_attr":{"train_loss_epoch_14":0.4527912882408862}}
{"op_code":7,"worker_id":"ca27d457-fadf-483a-a30a-465ef41f328f-139754024333312","trial_id":34,"step":15,"intermediate_value":87.35}
{"op_code":8,"worker_id":"ca27d457-fadf-483a-a30a-465ef41f328f-139754024333312","trial_id":34,"user_attr":{"train_loss_epoch_15":0.44108981372260336}}
{"op_code":7,"worker_id":"ca27d457-fadf-483a-a30a-465ef41f328f-139754024333312","trial_id":34,"step":16,"intermediate_value":87.58}
{"op_code":8,"worker_id":"ca27d457-fadf-483a-a30a-465ef41f328f-139754024333312","trial_id":34,"user_attr":{"train_loss_epoch_16":0.43496031107615307}}
{"op_code":7,"worker_id":"ca27d457-fadf-483a-a30a-465ef41f328f-139754024333312","trial_id":34,"step":17,"intermediate_value":87.58}
{"op_code":8,"worker_id":"ca27d457-fadf-483a-a30a-465ef41f328f-139754024333312","trial_id":34,"user_attr":{"train_loss_epoch_17":0.446268141460317}}
{"op_code":7,"worker_id":"ca27d457-fadf-483a-a30a-465ef41f328f-139754024333312","trial_id":34,"step":18,"intermediate_value":87.58}
{"op_code":8,"worker_id":"ca27d457-fadf-483a-a30a-465ef41f328f-139754024333312","trial_id":34,"user_attr":{"train_loss_epoch_18":0.4460464180596093}}
{"op_code":7,"worker_id":"ca27d457-fadf-483a-a30a-465ef41f328f-139754024333312","trial_id":34,"step":19,"intermediate_value":87.58}
{"op_code":8,"worker_id":"ca27d457-fadf-483a-a30a-465ef41f328f-139754024333312","trial_id":34,"user_attr":{"train_loss_epoch_19":0.4392173738876131}}
{"op_code":7,"worker_id":"ca27d457-fadf-483a-a30a-465ef41f328f-139754024333312","trial_id":34,"step":20,"intermediate_value":87.58}
{"op_code":8,"worker_id":"ca27d457-fadf-483a-a30a-465ef41f328f-139754024333312","trial_id":34,"user_attr":{"train_loss_epoch_20":0.43276967233749847}}
{"op_code":7,"worker_id":"ca27d457-fadf-483a-a30a-465ef41f328f-139754024333312","trial_id":34,"step":21,"intermediate_value":87.58}
{"op_code":8,"worker_id":"ca27d457-fadf-483a-a30a-465ef41f328f-139754024333312","trial_id":34,"user_attr":{"train_loss_epoch_21":0.4495774220301907}}
{"op_code":6,"worker_id":"ca27d457-fadf-483a-a30a-465ef41f328f-139754024333312","trial_id":34,"state":1,"values":[87.58],"datetime_complete":"2026-05-08T01:29:47.579580"}
{"op_code":4,"worker_id":"ca27d457-fadf-483a-a30a-465ef41f328f-139754024333312","study_id":0,"datetime_start":"2026-05-08T01:29:47.581828"}
{"op_code":5,"worker_id":"ca27d457-fadf-483a-a30a-465ef41f328f-139754024333312","trial_id":35,"param_name":"learning_rate","param_value_internal":4.7810152461806465,"distribution":"{\"name\": \"FloatDistribution\", \"attributes\": {\"step\": null, \"low\": 0.006, \"high\": 5.0, \"log\": true}}"}
{"op_code":5,"worker_id":"ca27d457-fadf-483a-a30a-465ef41f328f-139754024333312","trial_id":35,"param_name":"transfer_lr","param_value_internal":1.0043331655350612e-05,"distribution":"{\"name\": \"FloatDistribution\", \"attributes\": {\"step\": null, \"low\": 1e-05, \"high\": 0.03, \"log\": true}}"}
{"op_code":5,"worker_id":"ca27d457-fadf-483a-a30a-465ef41f328f-139754024333312","trial_id":35,"param_name":"transfer_every","param_value_internal":10.0,"distribution":"{\"name\": \"IntDistribution\", \"attributes\": {\"log\": true, \"step\": 1, \"low\": 10, \"high\": 10}}"}
{"op_code":5,"worker_id":"ca27d457-fadf-483a-a30a-465ef41f328f-139754024333312","trial_id":35,"param_name":"rank_exp","param_value_internal":3.0,"distribution":"{\"name\": \"IntDistribution\", \"attributes\": {\"log\": false, \"step\": 1, \"low\": 3, \"high\": 3}}"}
{"op_code":5,"worker_id":"ca27d457-fadf-483a-a30a-465ef41f328f-139754024333312","trial_id":35,"param_name":"fast_lr","param_value_internal":20000.0,"distribution":"{\"name\": \"FloatDistribution\", \"attributes\": {\"step\": null, \"low\": 0.0007, \"high\": 20000.0, \"log\": true}}"}
{"op_code":5,"worker_id":"ca27d457-fadf-483a-a30a-465ef41f328f-139754024333312","trial_id":35,"param_name":"tau_sec","param_value_internal":0.0,"distribution":"{\"name\": \"FloatDistribution\", \"attributes\": {\"step\": null, \"low\": 0.0, \"high\": 0.0, \"log\": false}}"}
{"op_code":5,"worker_id":"ca27d457-fadf-483a-a30a-465ef41f328f-139754024333312","trial_id":35,"param_name":"ab_dw_min","param_value_internal":0.001981,"distribution":"{\"name\": \"FloatDistribution\", \"attributes\": {\"step\": null, \"low\": 0.001981, \"high\": 0.001981, \"log\": true}}"}
{"op_code":5,"worker_id":"ca27d457-fadf-483a-a30a-465ef41f328f-139754024333312","trial_id":35,"param_name":"ab_desired_bl","param_value_internal":31.0,"distribution":"{\"name\": \"IntDistribution\", \"attributes\": {\"log\": false, \"step\": 1, \"low\": 31, \"high\": 31}}"}
{"op_code":5,"worker_id":"ca27d457-fadf-483a-a30a-465ef41f328f-139754024333312","trial_id":35,"param_name":"a_reset_std","param_value_internal":1e-30,"distribution":"{\"name\": \"FloatDistribution\", \"attributes\": {\"step\": null, \"low\": 1e-30, \"high\": 1e-30, \"log\": true}}"}
{"op_code":5,"worker_id":"ca27d457-fadf-483a-a30a-465ef41f328f-139754024333312","trial_id":35,"param_name":"b_reset_std","param_value_internal":30000.0,"distribution":"{\"name\": \"FloatDistribution\", \"attributes\": {\"step\": null, \"low\": 2e-05, \"high\": 30000.0, \"log\": true}}"}
{"op_code":5,"worker_id":"ca27d457-fadf-483a-a30a-465ef41f328f-139754024333312","trial_id":35,"param_name":"c_dw_min","param_value_internal":0.001,"distribution":"{\"name\": \"FloatDistribution\", \"attributes\": {\"step\": null, \"low\": 0.001, \"high\": 0.001, \"log\": true}}"}
{"op_code":5,"worker_id":"ca27d457-fadf-483a-a30a-465ef41f328f-139754024333312","trial_id":35,"param_name":"c_desired_bl","param_value_internal":31.0,"distribution":"{\"name\": \"IntDistribution\", \"attributes\": {\"log\": false, \"step\": 1, \"low\": 31, \"high\": 31}}"}
{"op_code":5,"worker_id":"ca27d457-fadf-483a-a30a-465ef41f328f-139754024333312","trial_id":35,"param_name":"out_noise","param_value_internal":0.0,"distribution":"{\"name\": \"FloatDistribution\", \"attributes\": {\"step\": null, \"low\": 0.0, \"high\": 0.0, \"log\": false}}"}
{"op_code":5,"worker_id":"ca27d457-fadf-483a-a30a-465ef41f328f-139754024333312","trial_id":35,"param_name":"ab_weight_scaling_omega","param_value_internal":0.0,"distribution":"{\"name\": \"FloatDistribution\", \"attributes\": {\"step\": null, \"low\": 0.0, \"high\": 0.0, \"log\": false}}"}
{"op_code":8,"worker_id":"ca27d457-fadf-483a-a30a-465ef41f328f-139754024333312","trial_id":35,"user_attr":{"grad_accum_steps":1}}
{"op_code":7,"worker_id":"ca27d457-fadf-483a-a30a-465ef41f328f-139754024333312","trial_id":35,"step":1,"intermediate_value":81.63}
{"op_code":8,"worker_id":"ca27d457-fadf-483a-a30a-465ef41f328f-139754024333312","trial_id":35,"user_attr":{"train_loss_epoch_1":0.48896550900265096}}
{"op_code":7,"worker_id":"ca27d457-fadf-483a-a30a-465ef41f328f-139754024333312","trial_id":35,"step":2,"intermediate_value":86.9}
{"op_code":8,"worker_id":"ca27d457-fadf-483a-a30a-465ef41f328f-139754024333312","trial_id":35,"user_attr":{"train_loss_epoch_2":0.4058784935345401}}
{"op_code":7,"worker_id":"ca27d457-fadf-483a-a30a-465ef41f328f-139754024333312","trial_id":35,"step":3,"intermediate_value":89.86}
{"op_code":8,"worker_id":"ca27d457-fadf-483a-a30a-465ef41f328f-139754024333312","trial_id":35,"user_attr":{"train_loss_epoch_3":0.3909311667720138}}
{"op_code":7,"worker_id":"ca27d457-fadf-483a-a30a-465ef41f328f-139754024333312","trial_id":35,"step":4,"intermediate_value":89.86}
{"op_code":8,"worker_id":"ca27d457-fadf-483a-a30a-465ef41f328f-139754024333312","trial_id":35,"user_attr":{"train_loss_epoch_4":0.3847262711524328}}
{"op_code":7,"worker_id":"ca27d457-fadf-483a-a30a-465ef41f328f-139754024333312","trial_id":35,"step":5,"intermediate_value":89.86}
{"op_code":8,"worker_id":"ca27d457-fadf-483a-a30a-465ef41f328f-139754024333312","trial_id":35,"user_attr":{"train_loss_epoch_5":0.3781389089932701}}
{"op_code":7,"worker_id":"ca27d457-fadf-483a-a30a-465ef41f328f-139754024333312","trial_id":35,"step":6,"intermediate_value":89.86}
{"op_code":8,"worker_id":"ca27d457-fadf-483a-a30a-465ef41f328f-139754024333312","trial_id":35,"user_attr":{"train_loss_epoch_6":0.37387560804817344}}
{"op_code":7,"worker_id":"ca27d457-fadf-483a-a30a-465ef41f328f-139754024333312","trial_id":35,"step":7,"intermediate_value":89.86}
{"op_code":8,"worker_id":"ca27d457-fadf-483a-a30a-465ef41f328f-139754024333312","trial_id":35,"user_attr":{"train_loss_epoch_7":0.38473133160583756}}
{"op_code":7,"worker_id":"ca27d457-fadf-483a-a30a-465ef41f328f-139754024333312","trial_id":35,"step":8,"intermediate_value":89.86}
{"op_code":8,"worker_id":"ca27d457-fadf-483a-a30a-465ef41f328f-139754024333312","trial_id":35,"user_attr":{"train_loss_epoch_8":0.37728074105627246}}
{"op_code":6,"worker_id":"ca27d457-fadf-483a-a30a-465ef41f328f-139754024333312","trial_id":35,"state":1,"values":[89.86],"datetime_complete":"2026-05-08T01:33:54.295519"}
{"op_code":4,"worker_id":"ca27d457-fadf-483a-a30a-465ef41f328f-139754024333312","study_id":0,"datetime_start":"2026-05-08T01:33:54.306303"}
{"op_code":5,"worker_id":"ca27d457-fadf-483a-a30a-465ef41f328f-139754024333312","trial_id":36,"param_name":"learning_rate","param_value_internal":0.006219514365884449,"distribution":"{\"name\": \"FloatDistribution\", \"attributes\": {\"step\": null, \"low\": 0.006, \"high\": 5.0, \"log\": true}}"}
{"op_code":5,"worker_id":"ca27d457-fadf-483a-a30a-465ef41f328f-139754024333312","trial_id":36,"param_name":"transfer_lr","param_value_internal":0.02843117515143325,"distribution":"{\"name\": \"FloatDistribution\", \"attributes\": {\"step\": null, \"low\": 1e-05, \"high\": 0.03, \"log\": true}}"}
{"op_code":5,"worker_id":"ca27d457-fadf-483a-a30a-465ef41f328f-139754024333312","trial_id":36,"param_name":"transfer_every","param_value_internal":10.0,"distribution":"{\"name\": \"IntDistribution\", \"attributes\": {\"log\": true, \"step\": 1, \"low\": 10, \"high\": 10}}"}
{"op_code":5,"worker_id":"ca27d457-fadf-483a-a30a-465ef41f328f-139754024333312","trial_id":36,"param_name":"rank_exp","param_value_internal":3.0,"distribution":"{\"name\": \"IntDistribution\", \"attributes\": {\"log\": false, \"step\": 1, \"low\": 3, \"high\": 3}}"}
{"op_code":5,"worker_id":"ca27d457-fadf-483a-a30a-465ef41f328f-139754024333312","trial_id":36,"param_name":"fast_lr","param_value_internal":19.972172031639317,"distribution":"{\"name\": \"FloatDistribution\", \"attributes\": {\"step\": null, \"low\": 0.0007, \"high\": 20000.0, \"log\": true}}"}
{"op_code":5,"worker_id":"ca27d457-fadf-483a-a30a-465ef41f328f-139754024333312","trial_id":36,"param_name":"tau_sec","param_value_internal":0.0,"distribution":"{\"name\": \"FloatDistribution\", \"attributes\": {\"step\": null, \"low\": 0.0, \"high\": 0.0, \"log\": false}}"}
{"op_code":5,"worker_id":"ca27d457-fadf-483a-a30a-465ef41f328f-139754024333312","trial_id":36,"param_name":"ab_dw_min","param_value_internal":0.001981,"distribution":"{\"name\": \"FloatDistribution\", \"attributes\": {\"step\": null, \"low\": 0.001981, \"high\": 0.001981, \"log\": true}}"}
{"op_code":5,"worker_id":"ca27d457-fadf-483a-a30a-465ef41f328f-139754024333312","trial_id":36,"param_name":"ab_desired_bl","param_value_internal":31.0,"distribution":"{\"name\": \"IntDistribution\", \"attributes\": {\"log\": false, \"step\": 1, \"low\": 31, \"high\": 31}}"}
{"op_code":5,"worker_id":"ca27d457-fadf-483a-a30a-465ef41f328f-139754024333312","trial_id":36,"param_name":"a_reset_std","param_value_internal":1e-30,"distribution":"{\"name\": \"FloatDistribution\", \"attributes\": {\"step\": null, \"low\": 1e-30, \"high\": 1e-30, \"log\": true}}"}
{"op_code":5,"worker_id":"ca27d457-fadf-483a-a30a-465ef41f328f-139754024333312","trial_id":36,"param_name":"b_reset_std","param_value_internal":2e-05,"distribution":"{\"name\": \"FloatDistribution\", \"attributes\": {\"step\": null, \"low\": 2e-05, \"high\": 30000.0, \"log\": true}}"}
{"op_code":5,"worker_id":"ca27d457-fadf-483a-a30a-465ef41f328f-139754024333312","trial_id":36,"param_name":"c_dw_min","param_value_internal":0.001,"distribution":"{\"name\": \"FloatDistribution\", \"attributes\": {\"step\": null, \"low\": 0.001, \"high\": 0.001, \"log\": true}}"}
{"op_code":5,"worker_id":"ca27d457-fadf-483a-a30a-465ef41f328f-139754024333312","trial_id":36,"param_name":"c_desired_bl","param_value_internal":31.0,"distribution":"{\"name\": \"IntDistribution\", \"attributes\": {\"log\": false, \"step\": 1, \"low\": 31, \"high\": 31}}"}
{"op_code":5,"worker_id":"ca27d457-fadf-483a-a30a-465ef41f328f-139754024333312","trial_id":36,"param_name":"out_noise","param_value_internal":0.0,"distribution":"{\"name\": \"FloatDistribution\", \"attributes\": {\"step\": null, \"low\": 0.0, \"high\": 0.0, \"log\": false}}"}
{"op_code":5,"worker_id":"ca27d457-fadf-483a-a30a-465ef41f328f-139754024333312","trial_id":36,"param_name":"ab_weight_scaling_omega","param_value_internal":0.0,"distribution":"{\"name\": \"FloatDistribution\", \"attributes\": {\"step\": null, \"low\": 0.0, \"high\": 0.0, \"log\": false}}"}
{"op_code":8,"worker_id":"ca27d457-fadf-483a-a30a-465ef41f328f-139754024333312","trial_id":36,"user_attr":{"grad_accum_steps":1}}
{"op_code":7,"worker_id":"ca27d457-fadf-483a-a30a-465ef41f328f-139754024333312","trial_id":36,"step":1,"intermediate_value":78.95}
{"op_code":8,"worker_id":"ca27d457-fadf-483a-a30a-465ef41f328f-139754024333312","trial_id":36,"user_attr":{"train_loss_epoch_1":1.578301836813945}}
{"op_code":7,"worker_id":"ca27d457-fadf-483a-a30a-465ef41f328f-139754024333312","trial_id":36,"step":2,"intermediate_value":82.73}
{"op_code":8,"worker_id":"ca27d457-fadf-483a-a30a-465ef41f328f-139754024333312","trial_id":36,"user_attr":{"train_loss_epoch_2":0.9702428289567993}}
{"op_code":7,"worker_id":"ca27d457-fadf-483a-a30a-465ef41f328f-139754024333312","trial_id":36,"step":3,"intermediate_value":84.6}
{"op_code":8,"worker_id":"ca27d457-fadf-483a-a30a-465ef41f328f-139754024333312","trial_id":36,"user_attr":{"train_loss_epoch_3":0.7722736520172436}}
{"op_code":7,"worker_id":"ca27d457-fadf-483a-a30a-465ef41f328f-139754024333312","trial_id":36,"step":4,"intermediate_value":85.63}
{"op_code":8,"worker_id":"ca27d457-fadf-483a-a30a-465ef41f328f-139754024333312","trial_id":36,"user_attr":{"train_loss_epoch_4":0.6721333004772536}}
{"op_code":7,"worker_id":"ca27d457-fadf-483a-a30a-465ef41f328f-139754024333312","trial_id":36,"step":5,"intermediate_value":86.37}
{"op_code":8,"worker_id":"ca27d457-fadf-483a-a30a-465ef41f328f-139754024333312","trial_id":36,"user_attr":{"train_loss_epoch_5":0.6102813339627373}}
{"op_code":7,"worker_id":"ca27d457-fadf-483a-a30a-465ef41f328f-139754024333312","trial_id":36,"step":6,"intermediate_value":86.81}
{"op_code":8,"worker_id":"ca27d457-fadf-483a-a30a-465ef41f328f-139754024333312","trial_id":36,"user_attr":{"train_loss_epoch_6":0.5675939482602992}}
{"op_code":7,"worker_id":"ca27d457-fadf-483a-a30a-465ef41f328f-139754024333312","trial_id":36,"step":7,"intermediate_value":87.21}
{"op_code":8,"worker_id":"ca27d457-fadf-483a-a30a-465ef41f328f-139754024333312","trial_id":36,"user_attr":{"train_loss_epoch_7":0.5357816401384533}}
{"op_code":7,"worker_id":"ca27d457-fadf-483a-a30a-465ef41f328f-139754024333312","trial_id":36,"step":8,"intermediate_value":87.58}
{"op_code":8,"worker_id":"ca27d457-fadf-483a-a30a-465ef41f328f-139754024333312","trial_id":36,"user_attr":{"train_loss_epoch_8":0.5113964690836762}}
{"op_code":7,"worker_id":"ca27d457-fadf-483a-a30a-465ef41f328f-139754024333312","trial_id":36,"step":9,"intermediate_value":87.95}
{"op_code":8,"worker_id":"ca27d457-fadf-483a-a30a-465ef41f328f-139754024333312","trial_id":36,"user_attr":{"train_loss_epoch_9":0.4915597007345797}}
{"op_code":7,"worker_id":"ca27d457-fadf-483a-a30a-465ef41f328f-139754024333312","trial_id":36,"step":10,"intermediate_value":88.25}
{"op_code":8,"worker_id":"ca27d457-fadf-483a-a30a-465ef41f328f-139754024333312","trial_id":36,"user_attr":{"train_loss_epoch_10":0.4752570918119792}}
{"op_code":7,"worker_id":"ca27d457-fadf-483a-a30a-465ef41f328f-139754024333312","trial_id":36,"step":11,"intermediate_value":88.4}
{"op_code":8,"worker_id":"ca27d457-fadf-483a-a30a-465ef41f328f-139754024333312","trial_id":36,"user_attr":{"train_loss_epoch_11":0.4644744295332986}}
{"op_code":7,"worker_id":"ca27d457-fadf-483a-a30a-465ef41f328f-139754024333312","trial_id":36,"step":12,"intermediate_value":88.53}
{"op_code":8,"worker_id":"ca27d457-fadf-483a-a30a-465ef41f328f-139754024333312","trial_id":36,"user_attr":{"train_loss_epoch_12":0.458097116477581}}
{"op_code":7,"worker_id":"ca27d457-fadf-483a-a30a-465ef41f328f-139754024333312","trial_id":36,"step":13,"intermediate_value":88.53}
{"op_code":8,"worker_id":"ca27d457-fadf-483a-a30a-465ef41f328f-139754024333312","trial_id":36,"user_attr":{"train_loss_epoch_13":0.45221549633151686}}
{"op_code":7,"worker_id":"ca27d457-fadf-483a-a30a-465ef41f328f-139754024333312","trial_id":36,"step":14,"intermediate_value":88.6}
{"op_code":8,"worker_id":"ca27d457-fadf-483a-a30a-465ef41f328f-139754024333312","trial_id":36,"user_attr":{"train_loss_epoch_14":0.4467267710834678}}
{"op_code":7,"worker_id":"ca27d457-fadf-483a-a30a-465ef41f328f-139754024333312","trial_id":36,"step":15,"intermediate_value":88.68}
{"op_code":8,"worker_id":"ca27d457-fadf-483a-a30a-465ef41f328f-139754024333312","trial_id":36,"user_attr":{"train_loss_epoch_15":0.4414825143495094}}
{"op_code":7,"worker_id":"ca27d457-fadf-483a-a30a-465ef41f328f-139754024333312","trial_id":36,"step":16,"intermediate_value":88.79}
{"op_code":8,"worker_id":"ca27d457-fadf-483a-a30a-465ef41f328f-139754024333312","trial_id":36,"user_attr":{"train_loss_epoch_16":0.43674557085738763}}
{"op_code":7,"worker_id":"ca27d457-fadf-483a-a30a-465ef41f328f-139754024333312","trial_id":36,"step":17,"intermediate_value":88.94}
{"op_code":8,"worker_id":"ca27d457-fadf-483a-a30a-465ef41f328f-139754024333312","trial_id":36,"user_attr":{"train_loss_epoch_17":0.4321492163579601}}
{"op_code":7,"worker_id":"ca27d457-fadf-483a-a30a-465ef41f328f-139754024333312","trial_id":36,"step":18,"intermediate_value":89.02}
{"op_code":8,"worker_id":"ca27d457-fadf-483a-a30a-465ef41f328f-139754024333312","trial_id":36,"user_attr":{"train_loss_epoch_18":0.42796983561917407}}
{"op_code":7,"worker_id":"ca27d457-fadf-483a-a30a-465ef41f328f-139754024333312","trial_id":36,"step":19,"intermediate_value":89.08}
{"op_code":8,"worker_id":"ca27d457-fadf-483a-a30a-465ef41f328f-139754024333312","trial_id":36,"user_attr":{"train_loss_epoch_19":0.42401822376797704}}
{"op_code":7,"worker_id":"ca27d457-fadf-483a-a30a-465ef41f328f-139754024333312","trial_id":36,"step":20,"intermediate_value":89.18}
{"op_code":8,"worker_id":"ca27d457-fadf-483a-a30a-465ef41f328f-139754024333312","trial_id":36,"user_attr":{"train_loss_epoch_20":0.420084384649293}}
{"op_code":7,"worker_id":"ca27d457-fadf-483a-a30a-465ef41f328f-139754024333312","trial_id":36,"step":21,"intermediate_value":89.19}
{"op_code":8,"worker_id":"ca27d457-fadf-483a-a30a-465ef41f328f-139754024333312","trial_id":36,"user_attr":{"train_loss_epoch_21":0.41716035932048295}}
{"op_code":7,"worker_id":"ca27d457-fadf-483a-a30a-465ef41f328f-139754024333312","trial_id":36,"step":22,"intermediate_value":89.25}
{"op_code":8,"worker_id":"ca27d457-fadf-483a-a30a-465ef41f328f-139754024333312","trial_id":36,"user_attr":{"train_loss_epoch_22":0.4155370388616885}}
{"op_code":7,"worker_id":"ca27d457-fadf-483a-a30a-465ef41f328f-139754024333312","trial_id":36,"step":23,"intermediate_value":89.29}
{"op_code":8,"worker_id":"ca27d457-fadf-483a-a30a-465ef41f328f-139754024333312","trial_id":36,"user_attr":{"train_loss_epoch_23":0.4136618242970408}}
{"op_code":7,"worker_id":"ca27d457-fadf-483a-a30a-465ef41f328f-139754024333312","trial_id":36,"step":24,"intermediate_value":89.3}
{"op_code":8,"worker_id":"ca27d457-fadf-483a-a30a-465ef41f328f-139754024333312","trial_id":36,"user_attr":{"train_loss_epoch_24":0.4120560204391795}}
{"op_code":7,"worker_id":"ca27d457-fadf-483a-a30a-465ef41f328f-139754024333312","trial_id":36,"step":25,"intermediate_value":89.33}
{"op_code":8,"worker_id":"ca27d457-fadf-483a-a30a-465ef41f328f-139754024333312","trial_id":36,"user_attr":{"train_loss_epoch_25":0.4104702293014984}}
{"op_code":7,"worker_id":"ca27d457-fadf-483a-a30a-465ef41f328f-139754024333312","trial_id":36,"step":26,"intermediate_value":89.37}
{"op_code":8,"worker_id":"ca27d457-fadf-483a-a30a-465ef41f328f-139754024333312","trial_id":36,"user_attr":{"train_loss_epoch_26":0.4086815724050058}}
{"op_code":7,"worker_id":"ca27d457-fadf-483a-a30a-465ef41f328f-139754024333312","trial_id":36,"step":27,"intermediate_value":89.4}
{"op_code":8,"worker_id":"ca27d457-fadf-483a-a30a-465ef41f328f-139754024333312","trial_id":36,"user_attr":{"train_loss_epoch_27":0.4072441142250988}}
{"op_code":7,"worker_id":"ca27d457-fadf-483a-a30a-465ef41f328f-139754024333312","trial_id":36,"step":28,"intermediate_value":89.42}
{"op_code":8,"worker_id":"ca27d457-fadf-483a-a30a-465ef41f328f-139754024333312","trial_id":36,"user_attr":{"train_loss_epoch_28":0.40564121018404137}}
{"op_code":7,"worker_id":"ca27d457-fadf-483a-a30a-465ef41f328f-139754024333312","trial_id":36,"step":29,"intermediate_value":89.43}
{"op_code":8,"worker_id":"ca27d457-fadf-483a-a30a-465ef41f328f-139754024333312","trial_id":36,"user_attr":{"train_loss_epoch_29":0.40428207795630133}}
{"op_code":7,"worker_id":"ca27d457-fadf-483a-a30a-465ef41f328f-139754024333312","trial_id":36,"step":30,"intermediate_value":89.45}
{"op_code":8,"worker_id":"ca27d457-fadf-483a-a30a-465ef41f328f-139754024333312","trial_id":36,"user_attr":{"train_loss_epoch_30":0.40272997788338266}}
{"op_code":6,"worker_id":"ca27d457-fadf-483a-a30a-465ef41f328f-139754024333312","trial_id":36,"state":1,"values":[89.45],"datetime_complete":"2026-05-08T01:43:23.647210"}
{"op_code":4,"worker_id":"ca27d457-fadf-483a-a30a-465ef41f328f-139754024333312","study_id":0,"datetime_start":"2026-05-08T01:43:23.652221"}
{"op_code":5,"worker_id":"ca27d457-fadf-483a-a30a-465ef41f328f-139754024333312","trial_id":37,"param_name":"learning_rate","param_value_internal":0.18122279591384108,"distribution":"{\"name\": \"FloatDistribution\", \"attributes\": {\"step\": null, \"low\": 0.006, \"high\": 5.0, \"log\": true}}"}
{"op_code":5,"worker_id":"ca27d457-fadf-483a-a30a-465ef41f328f-139754024333312","trial_id":37,"param_name":"transfer_lr","param_value_internal":0.0018949748644919793,"distribution":"{\"name\": \"FloatDistribution\", \"attributes\": {\"step\": null, \"low\": 1e-05, \"high\": 0.03, \"log\": true}}"}
{"op_code":5,"worker_id":"ca27d457-fadf-483a-a30a-465ef41f328f-139754024333312","trial_id":37,"param_name":"transfer_every","param_value_internal":10.0,"distribution":"{\"name\": \"IntDistribution\", \"attributes\": {\"log\": true, \"step\": 1, \"low\": 10, \"high\": 10}}"}
{"op_code":5,"worker_id":"ca27d457-fadf-483a-a30a-465ef41f328f-139754024333312","trial_id":37,"param_name":"rank_exp","param_value_internal":3.0,"distribution":"{\"name\": \"IntDistribution\", \"attributes\": {\"log\": false, \"step\": 1, \"low\": 3, \"high\": 3}}"}
{"op_code":5,"worker_id":"ca27d457-fadf-483a-a30a-465ef41f328f-139754024333312","trial_id":37,"param_name":"fast_lr","param_value_internal":0.39910616434769086,"distribution":"{\"name\": \"FloatDistribution\", \"attributes\": {\"step\": null, \"low\": 0.0007, \"high\": 20000.0, \"log\": true}}"}
{"op_code":5,"worker_id":"ca27d457-fadf-483a-a30a-465ef41f328f-139754024333312","trial_id":37,"param_name":"tau_sec","param_value_internal":0.0,"distribution":"{\"name\": \"FloatDistribution\", \"attributes\": {\"step\": null, \"low\": 0.0, \"high\": 0.0, \"log\": false}}"}
{"op_code":5,"worker_id":"ca27d457-fadf-483a-a30a-465ef41f328f-139754024333312","trial_id":37,"param_name":"ab_dw_min","param_value_internal":0.001981,"distribution":"{\"name\": \"FloatDistribution\", \"attributes\": {\"step\": null, \"low\": 0.001981, \"high\": 0.001981, \"log\": true}}"}
{"op_code":5,"worker_id":"ca27d457-fadf-483a-a30a-465ef41f328f-139754024333312","trial_id":37,"param_name":"ab_desired_bl","param_value_internal":31.0,"distribution":"{\"name\": \"IntDistribution\", \"attributes\": {\"log\": false, \"step\": 1, \"low\": 31, \"high\": 31}}"}
{"op_code":5,"worker_id":"ca27d457-fadf-483a-a30a-465ef41f328f-139754024333312","trial_id":37,"param_name":"a_reset_std","param_value_internal":1e-30,"distribution":"{\"name\": \"FloatDistribution\", \"attributes\": {\"step\": null, \"low\": 1e-30, \"high\": 1e-30, \"log\": true}}"}
{"op_code":5,"worker_id":"ca27d457-fadf-483a-a30a-465ef41f328f-139754024333312","trial_id":37,"param_name":"b_reset_std","param_value_internal":3246.537021110229,"distribution":"{\"name\": \"FloatDistribution\", \"attributes\": {\"step\": null, \"low\": 2e-05, \"high\": 30000.0, \"log\": true}}"}
{"op_code":5,"worker_id":"ca27d457-fadf-483a-a30a-465ef41f328f-139754024333312","trial_id":37,"param_name":"c_dw_min","param_value_internal":0.001,"distribution":"{\"name\": \"FloatDistribution\", \"attributes\": {\"step\": null, \"low\": 0.001, \"high\": 0.001, \"log\": true}}"}
{"op_code":5,"worker_id":"ca27d457-fadf-483a-a30a-465ef41f328f-139754024333312","trial_id":37,"param_name":"c_desired_bl","param_value_internal":31.0,"distribution":"{\"name\": \"IntDistribution\", \"attributes\": {\"log\": false, \"step\": 1, \"low\": 31, \"high\": 31}}"}
{"op_code":5,"worker_id":"ca27d457-fadf-483a-a30a-465ef41f328f-139754024333312","trial_id":37,"param_name":"out_noise","param_value_internal":0.0,"distribution":"{\"name\": \"FloatDistribution\", \"attributes\": {\"step\": null, \"low\": 0.0, \"high\": 0.0, \"log\": false}}"}
{"op_code":5,"worker_id":"ca27d457-fadf-483a-a30a-465ef41f328f-139754024333312","trial_id":37,"param_name":"ab_weight_scaling_omega","param_value_internal":0.0,"distribution":"{\"name\": \"FloatDistribution\", \"attributes\": {\"step\": null, \"low\": 0.0, \"high\": 0.0, \"log\": false}}"}
{"op_code":8,"worker_id":"ca27d457-fadf-483a-a30a-465ef41f328f-139754024333312","trial_id":37,"user_attr":{"grad_accum_steps":1}}
{"op_code":7,"worker_id":"ca27d457-fadf-483a-a30a-465ef41f328f-139754024333312","trial_id":37,"step":1,"intermediate_value":92.61}
{"op_code":8,"worker_id":"ca27d457-fadf-483a-a30a-465ef41f328f-139754024333312","trial_id":37,"user_attr":{"train_loss_epoch_1":0.4281767460185963}}
{"op_code":7,"worker_id":"ca27d457-fadf-483a-a30a-465ef41f328f-139754024333312","trial_id":37,"step":2,"intermediate_value":93.53}
{"op_code":8,"worker_id":"ca27d457-fadf-483a-a30a-465ef41f328f-139754024333312","trial_id":37,"user_attr":{"train_loss_epoch_2":0.2480122669895829}}
{"op_code":7,"worker_id":"ca27d457-fadf-483a-a30a-465ef41f328f-139754024333312","trial_id":37,"step":3,"intermediate_value":93.95}
{"op_code":8,"worker_id":"ca27d457-fadf-483a-a30a-465ef41f328f-139754024333312","trial_id":37,"user_attr":{"train_loss_epoch_3":0.2015624951992208}}
{"op_code":7,"worker_id":"ca27d457-fadf-483a-a30a-465ef41f328f-139754024333312","trial_id":37,"step":4,"intermediate_value":94.95}
{"op_code":8,"worker_id":"ca27d457-fadf-483a-a30a-465ef41f328f-139754024333312","trial_id":37,"user_attr":{"train_loss_epoch_4":0.17309302265154147}}
{"op_code":7,"worker_id":"ca27d457-fadf-483a-a30a-465ef41f328f-139754024333312","trial_id":37,"step":5,"intermediate_value":95.32}
{"op_code":8,"worker_id":"ca27d457-fadf-483a-a30a-465ef41f328f-139754024333312","trial_id":37,"user_attr":{"train_loss_epoch_5":0.15187469807101975}}
{"op_code":7,"worker_id":"ca27d457-fadf-483a-a30a-465ef41f328f-139754024333312","trial_id":37,"step":6,"intermediate_value":95.77}
{"op_code":8,"worker_id":"ca27d457-fadf-483a-a30a-465ef41f328f-139754024333312","trial_id":37,"user_attr":{"train_loss_epoch_6":0.13854601820295395}}
{"op_code":7,"worker_id":"ca27d457-fadf-483a-a30a-465ef41f328f-139754024333312","trial_id":37,"step":7,"intermediate_value":95.94}
{"op_code":8,"worker_id":"ca27d457-fadf-483a-a30a-465ef41f328f-139754024333312","trial_id":37,"user_attr":{"train_loss_epoch_7":0.12778015250860375}}
{"op_code":7,"worker_id":"ca27d457-fadf-483a-a30a-465ef41f328f-139754024333312","trial_id":37,"step":8,"intermediate_value":96.1}
{"op_code":8,"worker_id":"ca27d457-fadf-483a-a30a-465ef41f328f-139754024333312","trial_id":37,"user_attr":{"train_loss_epoch_8":0.11809403280209281}}
{"op_code":7,"worker_id":"ca27d457-fadf-483a-a30a-465ef41f328f-139754024333312","trial_id":37,"step":9,"intermediate_value":96.43}
{"op_code":8,"worker_id":"ca27d457-fadf-483a-a30a-465ef41f328f-139754024333312","trial_id":37,"user_attr":{"train_loss_epoch_9":0.11066036430874597}}
{"op_code":7,"worker_id":"ca27d457-fadf-483a-a30a-465ef41f328f-139754024333312","trial_id":37,"step":10,"intermediate_value":96.47}
{"op_code":8,"worker_id":"ca27d457-fadf-483a-a30a-465ef41f328f-139754024333312","trial_id":37,"user_attr":{"train_loss_epoch_10":0.10584903318238363}}
{"op_code":7,"worker_id":"ca27d457-fadf-483a-a30a-465ef41f328f-139754024333312","trial_id":37,"step":11,"intermediate_value":96.47}
{"op_code":8,"worker_id":"ca27d457-fadf-483a-a30a-465ef41f328f-139754024333312","trial_id":37,"user_attr":{"train_loss_epoch_11":0.10009419108365676}}
{"op_code":7,"worker_id":"ca27d457-fadf-483a-a30a-465ef41f328f-139754024333312","trial_id":37,"step":12,"intermediate_value":96.47}
{"op_code":8,"worker_id":"ca27d457-fadf-483a-a30a-465ef41f328f-139754024333312","trial_id":37,"user_attr":{"train_loss_epoch_12":0.09795093860254804}}
{"op_code":7,"worker_id":"ca27d457-fadf-483a-a30a-465ef41f328f-139754024333312","trial_id":37,"step":13,"intermediate_value":96.51}
{"op_code":8,"worker_id":"ca27d457-fadf-483a-a30a-465ef41f328f-139754024333312","trial_id":37,"user_attr":{"train_loss_epoch_13":0.09509698629204526}}
{"op_code":7,"worker_id":"ca27d457-fadf-483a-a30a-465ef41f328f-139754024333312","trial_id":37,"step":14,"intermediate_value":96.6}
{"op_code":8,"worker_id":"ca27d457-fadf-483a-a30a-465ef41f328f-139754024333312","trial_id":37,"user_attr":{"train_loss_epoch_14":0.09146122188905059}}
{"op_code":7,"worker_id":"ca27d457-fadf-483a-a30a-465ef41f328f-139754024333312","trial_id":37,"step":15,"intermediate_value":96.72}
{"op_code":8,"worker_id":"ca27d457-fadf-483a-a30a-465ef41f328f-139754024333312","trial_id":37,"user_attr":{"train_loss_epoch_15":0.08836886390491622}}
{"op_code":7,"worker_id":"ca27d457-fadf-483a-a30a-465ef41f328f-139754024333312","trial_id":37,"step":16,"intermediate_value":96.85}
{"op_code":8,"worker_id":"ca27d457-fadf-483a-a30a-465ef41f328f-139754024333312","trial_id":37,"user_attr":{"train_loss_epoch_16":0.0855950782177791}}
{"op_code":7,"worker_id":"ca27d457-fadf-483a-a30a-465ef41f328f-139754024333312","trial_id":37,"step":17,"intermediate_value":96.85}
{"op_code":8,"worker_id":"ca27d457-fadf-483a-a30a-465ef41f328f-139754024333312","trial_id":37,"user_attr":{"train_loss_epoch_17":0.08305990699428453}}
{"op_code":7,"worker_id":"ca27d457-fadf-483a-a30a-465ef41f328f-139754024333312","trial_id":37,"step":18,"intermediate_value":96.85}
{"op_code":8,"worker_id":"ca27d457-fadf-483a-a30a-465ef41f328f-139754024333312","trial_id":37,"user_attr":{"train_loss_epoch_18":0.08116936907127524}}
{"op_code":7,"worker_id":"ca27d457-fadf-483a-a30a-465ef41f328f-139754024333312","trial_id":37,"step":19,"intermediate_value":96.85}
{"op_code":8,"worker_id":"ca27d457-fadf-483a-a30a-465ef41f328f-139754024333312","trial_id":37,"user_attr":{"train_loss_epoch_19":0.07935830234472495}}
{"op_code":7,"worker_id":"ca27d457-fadf-483a-a30a-465ef41f328f-139754024333312","trial_id":37,"step":20,"intermediate_value":96.85}
{"op_code":8,"worker_id":"ca27d457-fadf-483a-a30a-465ef41f328f-139754024333312","trial_id":37,"user_attr":{"train_loss_epoch_20":0.07753497532366324}}
{"op_code":7,"worker_id":"ca27d457-fadf-483a-a30a-465ef41f328f-139754024333312","trial_id":37,"step":21,"intermediate_value":96.9}
{"op_code":8,"worker_id":"ca27d457-fadf-483a-a30a-465ef41f328f-139754024333312","trial_id":37,"user_attr":{"train_loss_epoch_21":0.07509198793764117}}
{"op_code":7,"worker_id":"ca27d457-fadf-483a-a30a-465ef41f328f-139754024333312","trial_id":37,"step":22,"intermediate_value":96.9}
{"op_code":8,"worker_id":"ca27d457-fadf-483a-a30a-465ef41f328f-139754024333312","trial_id":37,"user_attr":{"train_loss_epoch_22":0.07442696968531375}}
{"op_code":7,"worker_id":"ca27d457-fadf-483a-a30a-465ef41f328f-139754024333312","trial_id":37,"step":23,"intermediate_value":97.0}
{"op_code":8,"worker_id":"ca27d457-fadf-483a-a30a-465ef41f328f-139754024333312","trial_id":37,"user_attr":{"train_loss_epoch_23":0.07249408754269912}}
{"op_code":7,"worker_id":"ca27d457-fadf-483a-a30a-465ef41f328f-139754024333312","trial_id":37,"step":24,"intermediate_value":97.0}
{"op_code":8,"worker_id":"ca27d457-fadf-483a-a30a-465ef41f328f-139754024333312","trial_id":37,"user_attr":{"train_loss_epoch_24":0.07045218039617769}}
{"op_code":7,"worker_id":"ca27d457-fadf-483a-a30a-465ef41f328f-139754024333312","trial_id":37,"step":25,"intermediate_value":97.0}
{"op_code":8,"worker_id":"ca27d457-fadf-483a-a30a-465ef41f328f-139754024333312","trial_id":37,"user_attr":{"train_loss_epoch_25":0.06822045703035301}}
{"op_code":7,"worker_id":"ca27d457-fadf-483a-a30a-465ef41f328f-139754024333312","trial_id":37,"step":26,"intermediate_value":97.0}
{"op_code":8,"worker_id":"ca27d457-fadf-483a-a30a-465ef41f328f-139754024333312","trial_id":37,"user_attr":{"train_loss_epoch_26":0.06750001221287574}}
{"op_code":7,"worker_id":"ca27d457-fadf-483a-a30a-465ef41f328f-139754024333312","trial_id":37,"step":27,"intermediate_value":97.0}
{"op_code":8,"worker_id":"ca27d457-fadf-483a-a30a-465ef41f328f-139754024333312","trial_id":37,"user_attr":{"train_loss_epoch_27":0.06680585640390267}}
{"op_code":7,"worker_id":"ca27d457-fadf-483a-a30a-465ef41f328f-139754024333312","trial_id":37,"step":28,"intermediate_value":97.0}
{"op_code":8,"worker_id":"ca27d457-fadf-483a-a30a-465ef41f328f-139754024333312","trial_id":37,"user_attr":{"train_loss_epoch_28":0.06565974069399827}}
{"op_code":6,"worker_id":"ca27d457-fadf-483a-a30a-465ef41f328f-139754024333312","trial_id":37,"state":1,"values":[97.0],"datetime_complete":"2026-05-08T01:52:14.892516"}
{"op_code":4,"worker_id":"ca27d457-fadf-483a-a30a-465ef41f328f-139754024333312","study_id":0,"datetime_start":"2026-05-08T01:52:14.911087"}
{"op_code":5,"worker_id":"ca27d457-fadf-483a-a30a-465ef41f328f-139754024333312","trial_id":38,"param_name":"learning_rate","param_value_internal":0.00645340929722638,"distribution":"{\"name\": \"FloatDistribution\", \"attributes\": {\"step\": null, \"low\": 0.006, \"high\": 5.0, \"log\": true}}"}
{"op_code":5,"worker_id":"ca27d457-fadf-483a-a30a-465ef41f328f-139754024333312","trial_id":38,"param_name":"transfer_lr","param_value_internal":0.0007443855799364077,"distribution":"{\"name\": \"FloatDistribution\", \"attributes\": {\"step\": null, \"low\": 1e-05, \"high\": 0.03, \"log\": true}}"}
{"op_code":5,"worker_id":"ca27d457-fadf-483a-a30a-465ef41f328f-139754024333312","trial_id":38,"param_name":"transfer_every","param_value_internal":10.0,"distribution":"{\"name\": \"IntDistribution\", \"attributes\": {\"log\": true, \"step\": 1, \"low\": 10, \"high\": 10}}"}
{"op_code":5,"worker_id":"ca27d457-fadf-483a-a30a-465ef41f328f-139754024333312","trial_id":38,"param_name":"rank_exp","param_value_internal":3.0,"distribution":"{\"name\": \"IntDistribution\", \"attributes\": {\"log\": false, \"step\": 1, \"low\": 3, \"high\": 3}}"}
{"op_code":5,"worker_id":"ca27d457-fadf-483a-a30a-465ef41f328f-139754024333312","trial_id":38,"param_name":"fast_lr","param_value_internal":0.0007027615789196383,"distribution":"{\"name\": \"FloatDistribution\", \"attributes\": {\"step\": null, \"low\": 0.0007, \"high\": 20000.0, \"log\": true}}"}
{"op_code":5,"worker_id":"ca27d457-fadf-483a-a30a-465ef41f328f-139754024333312","trial_id":38,"param_name":"tau_sec","param_value_internal":0.0,"distribution":"{\"name\": \"FloatDistribution\", \"attributes\": {\"step\": null, \"low\": 0.0, \"high\": 0.0, \"log\": false}}"}
{"op_code":5,"worker_id":"ca27d457-fadf-483a-a30a-465ef41f328f-139754024333312","trial_id":38,"param_name":"ab_dw_min","param_value_internal":0.001981,"distribution":"{\"name\": \"FloatDistribution\", \"attributes\": {\"step\": null, \"low\": 0.001981, \"high\": 0.001981, \"log\": true}}"}
{"op_code":5,"worker_id":"ca27d457-fadf-483a-a30a-465ef41f328f-139754024333312","trial_id":38,"param_name":"ab_desired_bl","param_value_internal":31.0,"distribution":"{\"name\": \"IntDistribution\", \"attributes\": {\"log\": false, \"step\": 1, \"low\": 31, \"high\": 31}}"}
{"op_code":5,"worker_id":"ca27d457-fadf-483a-a30a-465ef41f328f-139754024333312","trial_id":38,"param_name":"a_reset_std","param_value_internal":1e-30,"distribution":"{\"name\": \"FloatDistribution\", \"attributes\": {\"step\": null, \"low\": 1e-30, \"high\": 1e-30, \"log\": true}}"}
{"op_code":5,"worker_id":"ca27d457-fadf-483a-a30a-465ef41f328f-139754024333312","trial_id":38,"param_name":"b_reset_std","param_value_internal":2.1499748048937262e-05,"distribution":"{\"name\": \"FloatDistribution\", \"attributes\": {\"step\": null, \"low\": 2e-05, \"high\": 30000.0, \"log\": true}}"}
{"op_code":5,"worker_id":"ca27d457-fadf-483a-a30a-465ef41f328f-139754024333312","trial_id":38,"param_name":"c_dw_min","param_value_internal":0.001,"distribution":"{\"name\": \"FloatDistribution\", \"attributes\": {\"step\": null, \"low\": 0.001, \"high\": 0.001, \"log\": true}}"}
{"op_code":5,"worker_id":"ca27d457-fadf-483a-a30a-465ef41f328f-139754024333312","trial_id":38,"param_name":"c_desired_bl","param_value_internal":31.0,"distribution":"{\"name\": \"IntDistribution\", \"attributes\": {\"log\": false, \"step\": 1, \"low\": 31, \"high\": 31}}"}
{"op_code":5,"worker_id":"ca27d457-fadf-483a-a30a-465ef41f328f-139754024333312","trial_id":38,"param_name":"out_noise","param_value_internal":0.0,"distribution":"{\"name\": \"FloatDistribution\", \"attributes\": {\"step\": null, \"low\": 0.0, \"high\": 0.0, \"log\": false}}"}
{"op_code":5,"worker_id":"ca27d457-fadf-483a-a30a-465ef41f328f-139754024333312","trial_id":38,"param_name":"ab_weight_scaling_omega","param_value_internal":0.0,"distribution":"{\"name\": \"FloatDistribution\", \"attributes\": {\"step\": null, \"low\": 0.0, \"high\": 0.0, \"log\": false}}"}
{"op_code":8,"worker_id":"ca27d457-fadf-483a-a30a-465ef41f328f-139754024333312","trial_id":38,"user_attr":{"grad_accum_steps":1}}
{"op_code":7,"worker_id":"ca27d457-fadf-483a-a30a-465ef41f328f-139754024333312","trial_id":38,"step":1,"intermediate_value":79.08}
{"op_code":8,"worker_id":"ca27d457-fadf-483a-a30a-465ef41f328f-139754024333312","trial_id":38,"user_attr":{"train_loss_epoch_1":1.5607707328252447}}
{"op_code":7,"worker_id":"ca27d457-fadf-483a-a30a-465ef41f328f-139754024333312","trial_id":38,"step":2,"intermediate_value":82.89}
{"op_code":8,"worker_id":"ca27d457-fadf-483a-a30a-465ef41f328f-139754024333312","trial_id":38,"user_attr":{"train_loss_epoch_2":0.9540585112342956}}
{"op_code":7,"worker_id":"ca27d457-fadf-483a-a30a-465ef41f328f-139754024333312","trial_id":38,"step":3,"intermediate_value":84.67}
{"op_code":8,"worker_id":"ca27d457-fadf-483a-a30a-465ef41f328f-139754024333312","trial_id":38,"user_attr":{"train_loss_epoch_3":0.7603281997859097}}
{"op_code":7,"worker_id":"ca27d457-fadf-483a-a30a-465ef41f328f-139754024333312","trial_id":38,"step":4,"intermediate_value":85.8}
{"op_code":8,"worker_id":"ca27d457-fadf-483a-a30a-465ef41f328f-139754024333312","trial_id":38,"user_attr":{"train_loss_epoch_4":0.6623434767222354}}
{"op_code":7,"worker_id":"ca27d457-fadf-483a-a30a-465ef41f328f-139754024333312","trial_id":38,"step":5,"intermediate_value":86.31}
{"op_code":8,"worker_id":"ca27d457-fadf-483a-a30a-465ef41f328f-139754024333312","trial_id":38,"user_attr":{"train_loss_epoch_5":0.6019530572108368}}
{"op_code":7,"worker_id":"ca27d457-fadf-483a-a30a-465ef41f328f-139754024333312","trial_id":38,"step":6,"intermediate_value":86.94}
{"op_code":8,"worker_id":"ca27d457-fadf-483a-a30a-465ef41f328f-139754024333312","trial_id":38,"user_attr":{"train_loss_epoch_6":0.5602511320032799}}
{"op_code":7,"worker_id":"ca27d457-fadf-483a-a30a-465ef41f328f-139754024333312","trial_id":38,"step":7,"intermediate_value":87.34}
{"op_code":8,"worker_id":"ca27d457-fadf-483a-a30a-465ef41f328f-139754024333312","trial_id":38,"user_attr":{"train_loss_epoch_7":0.5292603108229668}}
{"op_code":7,"worker_id":"ca27d457-fadf-483a-a30a-465ef41f328f-139754024333312","trial_id":38,"step":8,"intermediate_value":87.83}
{"op_code":8,"worker_id":"ca27d457-fadf-483a-a30a-465ef41f328f-139754024333312","trial_id":38,"user_attr":{"train_loss_epoch_8":0.5055426795726646}}
{"op_code":7,"worker_id":"ca27d457-fadf-483a-a30a-465ef41f328f-139754024333312","trial_id":38,"step":9,"intermediate_value":88.05}
{"op_code":8,"worker_id":"ca27d457-fadf-483a-a30a-465ef41f328f-139754024333312","trial_id":38,"user_attr":{"train_loss_epoch_9":0.48621482695979096}}
{"op_code":7,"worker_id":"ca27d457-fadf-483a-a30a-465ef41f328f-139754024333312","trial_id":38,"step":10,"intermediate_value":88.32}
{"op_code":8,"worker_id":"ca27d457-fadf-483a-a30a-465ef41f328f-139754024333312","trial_id":38,"user_attr":{"train_loss_epoch_10":0.47009105348129515}}
{"op_code":7,"worker_id":"ca27d457-fadf-483a-a30a-465ef41f328f-139754024333312","trial_id":38,"step":11,"intermediate_value":88.47}
{"op_code":8,"worker_id":"ca27d457-fadf-483a-a30a-465ef41f328f-139754024333312","trial_id":38,"user_attr":{"train_loss_epoch_11":0.4594772779452267}}
{"op_code":7,"worker_id":"ca27d457-fadf-483a-a30a-465ef41f328f-139754024333312","trial_id":38,"step":12,"intermediate_value":88.54}
{"op_code":8,"worker_id":"ca27d457-fadf-483a-a30a-465ef41f328f-139754024333312","trial_id":38,"user_attr":{"train_loss_epoch_12":0.4534718129458204}}
{"op_code":7,"worker_id":"ca27d457-fadf-483a-a30a-465ef41f328f-139754024333312","trial_id":38,"step":13,"intermediate_value":88.59}
{"op_code":8,"worker_id":"ca27d457-fadf-483a-a30a-465ef41f328f-139754024333312","trial_id":38,"user_attr":{"train_loss_epoch_13":0.4475981984088924}}
{"op_code":7,"worker_id":"ca27d457-fadf-483a-a30a-465ef41f328f-139754024333312","trial_id":38,"step":14,"intermediate_value":88.78}
{"op_code":8,"worker_id":"ca27d457-fadf-483a-a30a-465ef41f328f-139754024333312","trial_id":38,"user_attr":{"train_loss_epoch_14":0.4423245174417109}}
{"op_code":7,"worker_id":"ca27d457-fadf-483a-a30a-465ef41f328f-139754024333312","trial_id":38,"step":15,"intermediate_value":88.81}
{"op_code":8,"worker_id":"ca27d457-fadf-483a-a30a-465ef41f328f-139754024333312","trial_id":38,"user_attr":{"train_loss_epoch_15":0.43712482280504983}}
{"op_code":7,"worker_id":"ca27d457-fadf-483a-a30a-465ef41f328f-139754024333312","trial_id":38,"step":16,"intermediate_value":88.97}
{"op_code":8,"worker_id":"ca27d457-fadf-483a-a30a-465ef41f328f-139754024333312","trial_id":38,"user_attr":{"train_loss_epoch_16":0.4324764856047976}}
{"op_code":7,"worker_id":"ca27d457-fadf-483a-a30a-465ef41f328f-139754024333312","trial_id":38,"step":17,"intermediate_value":89.04}
{"op_code":8,"worker_id":"ca27d457-fadf-483a-a30a-465ef41f328f-139754024333312","trial_id":38,"user_attr":{"train_loss_epoch_17":0.42794396308884186}}
{"op_code":7,"worker_id":"ca27d457-fadf-483a-a30a-465ef41f328f-139754024333312","trial_id":38,"step":18,"intermediate_value":89.09}
{"op_code":8,"worker_id":"ca27d457-fadf-483a-a30a-465ef41f328f-139754024333312","trial_id":38,"user_attr":{"train_loss_epoch_18":0.4237825814594846}}
{"op_code":7,"worker_id":"ca27d457-fadf-483a-a30a-465ef41f328f-139754024333312","trial_id":38,"step":19,"intermediate_value":89.16}
{"op_code":8,"worker_id":"ca27d457-fadf-483a-a30a-465ef41f328f-139754024333312","trial_id":38,"user_attr":{"train_loss_epoch_19":0.419837171176095}}
{"op_code":7,"worker_id":"ca27d457-fadf-483a-a30a-465ef41f328f-139754024333312","trial_id":38,"step":20,"intermediate_value":89.28}
{"op_code":8,"worker_id":"ca27d457-fadf-483a-a30a-465ef41f328f-139754024333312","trial_id":38,"user_attr":{"train_loss_epoch_20":0.4161537563336938}}
{"op_code":7,"worker_id":"ca27d457-fadf-483a-a30a-465ef41f328f-139754024333312","trial_id":38,"step":21,"intermediate_value":89.3}
{"op_code":8,"worker_id":"ca27d457-fadf-483a-a30a-465ef41f328f-139754024333312","trial_id":38,"user_attr":{"train_loss_epoch_21":0.4134237551803528}}
{"op_code":7,"worker_id":"ca27d457-fadf-483a-a30a-465ef41f328f-139754024333312","trial_id":38,"step":22,"intermediate_value":89.36}
{"op_code":8,"worker_id":"ca27d457-fadf-483a-a30a-465ef41f328f-139754024333312","trial_id":38,"user_attr":{"train_loss_epoch_22":0.4115358125140418}}
{"op_code":7,"worker_id":"ca27d457-fadf-483a-a30a-465ef41f328f-139754024333312","trial_id":38,"step":23,"intermediate_value":89.36}
{"op_code":8,"worker_id":"ca27d457-fadf-483a-a30a-465ef41f328f-139754024333312","trial_id":38,"user_attr":{"train_loss_epoch_23":0.4099502503744829}}
{"op_code":7,"worker_id":"ca27d457-fadf-483a-a30a-465ef41f328f-139754024333312","trial_id":38,"step":24,"intermediate_value":89.36}
{"op_code":8,"worker_id":"ca27d457-fadf-483a-a30a-465ef41f328f-139754024333312","trial_id":38,"user_attr":{"train_loss_epoch_24":0.40820294380315075}}
{"op_code":7,"worker_id":"ca27d457-fadf-483a-a30a-465ef41f328f-139754024333312","trial_id":38,"step":25,"intermediate_value":89.39}
{"op_code":8,"worker_id":"ca27d457-fadf-483a-a30a-465ef41f328f-139754024333312","trial_id":38,"user_attr":{"train_loss_epoch_25":0.40660570708037946}}
{"op_code":7,"worker_id":"ca27d457-fadf-483a-a30a-465ef41f328f-139754024333312","trial_id":38,"step":26,"intermediate_value":89.44}
{"op_code":8,"worker_id":"ca27d457-fadf-483a-a30a-465ef41f328f-139754024333312","trial_id":38,"user_attr":{"train_loss_epoch_26":0.405021292886246}}
{"op_code":7,"worker_id":"ca27d457-fadf-483a-a30a-465ef41f328f-139754024333312","trial_id":38,"step":27,"intermediate_value":89.47}
{"op_code":8,"worker_id":"ca27d457-fadf-483a-a30a-465ef41f328f-139754024333312","trial_id":38,"user_attr":{"train_loss_epoch_27":0.40346225535373953}}
{"op_code":7,"worker_id":"ca27d457-fadf-483a-a30a-465ef41f328f-139754024333312","trial_id":38,"step":28,"intermediate_value":89.47}
{"op_code":8,"worker_id":"ca27d457-fadf-483a-a30a-465ef41f328f-139754024333312","trial_id":38,"user_attr":{"train_loss_epoch_28":0.40214269298480265}}
{"op_code":7,"worker_id":"ca27d457-fadf-483a-a30a-465ef41f328f-139754024333312","trial_id":38,"step":29,"intermediate_value":89.47}
{"op_code":8,"worker_id":"ca27d457-fadf-483a-a30a-465ef41f328f-139754024333312","trial_id":38,"user_attr":{"train_loss_epoch_29":0.400587619685415}}
{"op_code":7,"worker_id":"ca27d457-fadf-483a-a30a-465ef41f328f-139754024333312","trial_id":38,"step":30,"intermediate_value":89.5}
{"op_code":8,"worker_id":"ca27d457-fadf-483a-a30a-465ef41f328f-139754024333312","trial_id":38,"user_attr":{"train_loss_epoch_30":0.3992330374907075}}
{"op_code":6,"worker_id":"ca27d457-fadf-483a-a30a-465ef41f328f-139754024333312","trial_id":38,"state":1,"values":[89.5],"datetime_complete":"2026-05-08T02:02:34.390612"}
{"op_code":4,"worker_id":"ca27d457-fadf-483a-a30a-465ef41f328f-139754024333312","study_id":0,"datetime_start":"2026-05-08T02:02:34.401151"}
{"op_code":5,"worker_id":"ca27d457-fadf-483a-a30a-465ef41f328f-139754024333312","trial_id":39,"param_name":"learning_rate","param_value_internal":0.15435951574257828,"distribution":"{\"name\": \"FloatDistribution\", \"attributes\": {\"step\": null, \"low\": 0.006, \"high\": 5.0, \"log\": true}}"}
{"op_code":5,"worker_id":"ca27d457-fadf-483a-a30a-465ef41f328f-139754024333312","trial_id":39,"param_name":"transfer_lr","param_value_internal":0.0289111908533648,"distribution":"{\"name\": \"FloatDistribution\", \"attributes\": {\"step\": null, \"low\": 1e-05, \"high\": 0.03, \"log\": true}}"}
{"op_code":5,"worker_id":"ca27d457-fadf-483a-a30a-465ef41f328f-139754024333312","trial_id":39,"param_name":"transfer_every","param_value_internal":10.0,"distribution":"{\"name\": \"IntDistribution\", \"attributes\": {\"log\": true, \"step\": 1, \"low\": 10, \"high\": 10}}"}
{"op_code":5,"worker_id":"ca27d457-fadf-483a-a30a-465ef41f328f-139754024333312","trial_id":39,"param_name":"rank_exp","param_value_internal":3.0,"distribution":"{\"name\": \"IntDistribution\", \"attributes\": {\"log\": false, \"step\": 1, \"low\": 3, \"high\": 3}}"}
{"op_code":5,"worker_id":"ca27d457-fadf-483a-a30a-465ef41f328f-139754024333312","trial_id":39,"param_name":"fast_lr","param_value_internal":0.0007519157556684507,"distribution":"{\"name\": \"FloatDistribution\", \"attributes\": {\"step\": null, \"low\": 0.0007, \"high\": 20000.0, \"log\": true}}"}
{"op_code":5,"worker_id":"ca27d457-fadf-483a-a30a-465ef41f328f-139754024333312","trial_id":39,"param_name":"tau_sec","param_value_internal":0.0,"distribution":"{\"name\": \"FloatDistribution\", \"attributes\": {\"step\": null, \"low\": 0.0, \"high\": 0.0, \"log\": false}}"}
{"op_code":5,"worker_id":"ca27d457-fadf-483a-a30a-465ef41f328f-139754024333312","trial_id":39,"param_name":"ab_dw_min","param_value_internal":0.001981,"distribution":"{\"name\": \"FloatDistribution\", \"attributes\": {\"step\": null, \"low\": 0.001981, \"high\": 0.001981, \"log\": true}}"}
{"op_code":5,"worker_id":"ca27d457-fadf-483a-a30a-465ef41f328f-139754024333312","trial_id":39,"param_name":"ab_desired_bl","param_value_internal":31.0,"distribution":"{\"name\": \"IntDistribution\", \"attributes\": {\"log\": false, \"step\": 1, \"low\": 31, \"high\": 31}}"}
{"op_code":5,"worker_id":"ca27d457-fadf-483a-a30a-465ef41f328f-139754024333312","trial_id":39,"param_name":"a_reset_std","param_value_internal":1e-30,"distribution":"{\"name\": \"FloatDistribution\", \"attributes\": {\"step\": null, \"low\": 1e-30, \"high\": 1e-30, \"log\": true}}"}
{"op_code":5,"worker_id":"ca27d457-fadf-483a-a30a-465ef41f328f-139754024333312","trial_id":39,"param_name":"b_reset_std","param_value_internal":27443.902968538092,"distribution":"{\"name\": \"FloatDistribution\", \"attributes\": {\"step\": null, \"low\": 2e-05, \"high\": 30000.0, \"log\": true}}"}
{"op_code":5,"worker_id":"ca27d457-fadf-483a-a30a-465ef41f328f-139754024333312","trial_id":39,"param_name":"c_dw_min","param_value_internal":0.001,"distribution":"{\"name\": \"FloatDistribution\", \"attributes\": {\"step\": null, \"low\": 0.001, \"high\": 0.001, \"log\": true}}"}
{"op_code":5,"worker_id":"ca27d457-fadf-483a-a30a-465ef41f328f-139754024333312","trial_id":39,"param_name":"c_desired_bl","param_value_internal":31.0,"distribution":"{\"name\": \"IntDistribution\", \"attributes\": {\"log\": false, \"step\": 1, \"low\": 31, \"high\": 31}}"}
{"op_code":5,"worker_id":"ca27d457-fadf-483a-a30a-465ef41f328f-139754024333312","trial_id":39,"param_name":"out_noise","param_value_internal":0.0,"distribution":"{\"name\": \"FloatDistribution\", \"attributes\": {\"step\": null, \"low\": 0.0, \"high\": 0.0, \"log\": false}}"}
{"op_code":5,"worker_id":"ca27d457-fadf-483a-a30a-465ef41f328f-139754024333312","trial_id":39,"param_name":"ab_weight_scaling_omega","param_value_internal":0.0,"distribution":"{\"name\": \"FloatDistribution\", \"attributes\": {\"step\": null, \"low\": 0.0, \"high\": 0.0, \"log\": false}}"}
{"op_code":8,"worker_id":"ca27d457-fadf-483a-a30a-465ef41f328f-139754024333312","trial_id":39,"user_attr":{"grad_accum_steps":1}}
{"op_code":7,"worker_id":"ca27d457-fadf-483a-a30a-465ef41f328f-139754024333312","trial_id":39,"step":1,"intermediate_value":89.93}
{"op_code":8,"worker_id":"ca27d457-fadf-483a-a30a-465ef41f328f-139754024333312","trial_id":39,"user_attr":{"train_loss_epoch_1":0.5216117419127716}}
{"op_code":7,"worker_id":"ca27d457-fadf-483a-a30a-465ef41f328f-139754024333312","trial_id":39,"step":2,"intermediate_value":91.14}
{"op_code":8,"worker_id":"ca27d457-fadf-483a-a30a-465ef41f328f-139754024333312","trial_id":39,"user_attr":{"train_loss_epoch_2":0.33120251072844714}}
{"op_code":7,"worker_id":"ca27d457-fadf-483a-a30a-465ef41f328f-139754024333312","trial_id":39,"step":3,"intermediate_value":91.56}
{"op_code":8,"worker_id":"ca27d457-fadf-483a-a30a-465ef41f328f-139754024333312","trial_id":39,"user_attr":{"train_loss_epoch_3":0.2962771505196847}}
{"op_code":7,"worker_id":"ca27d457-fadf-483a-a30a-465ef41f328f-139754024333312","trial_id":39,"step":4,"intermediate_value":92.14}
{"op_code":8,"worker_id":"ca27d457-fadf-483a-a30a-465ef41f328f-139754024333312","trial_id":39,"user_attr":{"train_loss_epoch_4":0.2761279876345892}}
{"op_code":7,"worker_id":"ca27d457-fadf-483a-a30a-465ef41f328f-139754024333312","trial_id":39,"step":5,"intermediate_value":92.45}
{"op_code":8,"worker_id":"ca27d457-fadf-483a-a30a-465ef41f328f-139754024333312","trial_id":39,"user_attr":{"train_loss_epoch_5":0.26118398653561753}}
{"op_code":7,"worker_id":"ca27d457-fadf-483a-a30a-465ef41f328f-139754024333312","trial_id":39,"step":6,"intermediate_value":92.96}
{"op_code":8,"worker_id":"ca27d457-fadf-483a-a30a-465ef41f328f-139754024333312","trial_id":39,"user_attr":{"train_loss_epoch_6":0.2494061525140617}}
{"op_code":7,"worker_id":"ca27d457-fadf-483a-a30a-465ef41f328f-139754024333312","trial_id":39,"step":7,"intermediate_value":92.96}
{"op_code":8,"worker_id":"ca27d457-fadf-483a-a30a-465ef41f328f-139754024333312","trial_id":39,"user_attr":{"train_loss_epoch_7":0.23567488740708656}}
{"op_code":7,"worker_id":"ca27d457-fadf-483a-a30a-465ef41f328f-139754024333312","trial_id":39,"step":8,"intermediate_value":93.15}
{"op_code":8,"worker_id":"ca27d457-fadf-483a-a30a-465ef41f328f-139754024333312","trial_id":39,"user_attr":{"train_loss_epoch_8":0.2288711847566656}}
{"op_code":7,"worker_id":"ca27d457-fadf-483a-a30a-465ef41f328f-139754024333312","trial_id":39,"step":9,"intermediate_value":93.53}
{"op_code":8,"worker_id":"ca27d457-fadf-483a-a30a-465ef41f328f-139754024333312","trial_id":39,"user_attr":{"train_loss_epoch_9":0.22572904434015376}}
{"op_code":7,"worker_id":"ca27d457-fadf-483a-a30a-465ef41f328f-139754024333312","trial_id":39,"step":10,"intermediate_value":93.54}
{"op_code":8,"worker_id":"ca27d457-fadf-483a-a30a-465ef41f328f-139754024333312","trial_id":39,"user_attr":{"train_loss_epoch_10":0.2208703463829593}}
{"op_code":7,"worker_id":"ca27d457-fadf-483a-a30a-465ef41f328f-139754024333312","trial_id":39,"step":11,"intermediate_value":93.67}
{"op_code":8,"worker_id":"ca27d457-fadf-483a-a30a-465ef41f328f-139754024333312","trial_id":39,"user_attr":{"train_loss_epoch_11":0.21449605995880516}}
{"op_code":7,"worker_id":"ca27d457-fadf-483a-a30a-465ef41f328f-139754024333312","trial_id":39,"step":12,"intermediate_value":93.67}
{"op_code":8,"worker_id":"ca27d457-fadf-483a-a30a-465ef41f328f-139754024333312","trial_id":39,"user_attr":{"train_loss_epoch_12":0.21413621109630318}}
{"op_code":7,"worker_id":"ca27d457-fadf-483a-a30a-465ef41f328f-139754024333312","trial_id":39,"step":13,"intermediate_value":93.67}
{"op_code":8,"worker_id":"ca27d457-fadf-483a-a30a-465ef41f328f-139754024333312","trial_id":39,"user_attr":{"train_loss_epoch_13":0.2146891233628429}}
{"op_code":7,"worker_id":"ca27d457-fadf-483a-a30a-465ef41f328f-139754024333312","trial_id":39,"step":14,"intermediate_value":93.67}
{"op_code":8,"worker_id":"ca27d457-fadf-483a-a30a-465ef41f328f-139754024333312","trial_id":39,"user_attr":{"train_loss_epoch_14":0.2136206007771083}}
{"op_code":7,"worker_id":"ca27d457-fadf-483a-a30a-465ef41f328f-139754024333312","trial_id":39,"step":15,"intermediate_value":93.67}
{"op_code":8,"worker_id":"ca27d457-fadf-483a-a30a-465ef41f328f-139754024333312","trial_id":39,"user_attr":{"train_loss_epoch_15":0.21343740789509658}}
{"op_code":7,"worker_id":"ca27d457-fadf-483a-a30a-465ef41f328f-139754024333312","trial_id":39,"step":16,"intermediate_value":93.67}
{"op_code":8,"worker_id":"ca27d457-fadf-483a-a30a-465ef41f328f-139754024333312","trial_id":39,"user_attr":{"train_loss_epoch_16":0.21191697634820109}}
{"op_code":6,"worker_id":"ca27d457-fadf-483a-a30a-465ef41f328f-139754024333312","trial_id":39,"state":1,"values":[93.67],"datetime_complete":"2026-05-08T02:07:30.482746"}
{"op_code":4,"worker_id":"ca27d457-fadf-483a-a30a-465ef41f328f-139754024333312","study_id":0,"datetime_start":"2026-05-08T02:07:30.485684"}
{"op_code":5,"worker_id":"ca27d457-fadf-483a-a30a-465ef41f328f-139754024333312","trial_id":40,"param_name":"learning_rate","param_value_internal":0.006,"distribution":"{\"name\": \"FloatDistribution\", \"attributes\": {\"step\": null, \"low\": 0.006, \"high\": 5.0, \"log\": true}}"}
{"op_code":5,"worker_id":"ca27d457-fadf-483a-a30a-465ef41f328f-139754024333312","trial_id":40,"param_name":"transfer_lr","param_value_internal":1e-05,"distribution":"{\"name\": \"FloatDistribution\", \"attributes\": {\"step\": null, \"low\": 1e-05, \"high\": 0.03, \"log\": true}}"}
{"op_code":5,"worker_id":"ca27d457-fadf-483a-a30a-465ef41f328f-139754024333312","trial_id":40,"param_name":"transfer_every","param_value_internal":10.0,"distribution":"{\"name\": \"IntDistribution\", \"attributes\": {\"log\": true, \"step\": 1, \"low\": 10, \"high\": 10}}"}
{"op_code":5,"worker_id":"ca27d457-fadf-483a-a30a-465ef41f328f-139754024333312","trial_id":40,"param_name":"rank_exp","param_value_internal":3.0,"distribution":"{\"name\": \"IntDistribution\", \"attributes\": {\"log\": false, \"step\": 1, \"low\": 3, \"high\": 3}}"}
{"op_code":5,"worker_id":"ca27d457-fadf-483a-a30a-465ef41f328f-139754024333312","trial_id":40,"param_name":"fast_lr","param_value_internal":0.0007,"distribution":"{\"name\": \"FloatDistribution\", \"attributes\": {\"step\": null, \"low\": 0.0007, \"high\": 20000.0, \"log\": true}}"}
{"op_code":5,"worker_id":"ca27d457-fadf-483a-a30a-465ef41f328f-139754024333312","trial_id":40,"param_name":"tau_sec","param_value_internal":0.0,"distribution":"{\"name\": \"FloatDistribution\", \"attributes\": {\"step\": null, \"low\": 0.0, \"high\": 0.0, \"log\": false}}"}
{"op_code":5,"worker_id":"ca27d457-fadf-483a-a30a-465ef41f328f-139754024333312","trial_id":40,"param_name":"ab_dw_min","param_value_internal":0.001981,"distribution":"{\"name\": \"FloatDistribution\", \"attributes\": {\"step\": null, \"low\": 0.001981, \"high\": 0.001981, \"log\": true}}"}
{"op_code":5,"worker_id":"ca27d457-fadf-483a-a30a-465ef41f328f-139754024333312","trial_id":40,"param_name":"ab_desired_bl","param_value_internal":31.0,"distribution":"{\"name\": \"IntDistribution\", \"attributes\": {\"log\": false, \"step\": 1, \"low\": 31, \"high\": 31}}"}
{"op_code":5,"worker_id":"ca27d457-fadf-483a-a30a-465ef41f328f-139754024333312","trial_id":40,"param_name":"a_reset_std","param_value_internal":1e-30,"distribution":"{\"name\": \"FloatDistribution\", \"attributes\": {\"step\": null, \"low\": 1e-30, \"high\": 1e-30, \"log\": true}}"}
{"op_code":5,"worker_id":"ca27d457-fadf-483a-a30a-465ef41f328f-139754024333312","trial_id":40,"param_name":"b_reset_std","param_value_internal":29551.404681064094,"distribution":"{\"name\": \"FloatDistribution\", \"attributes\": {\"step\": null, \"low\": 2e-05, \"high\": 30000.0, \"log\": true}}"}
{"op_code":5,"worker_id":"ca27d457-fadf-483a-a30a-465ef41f328f-139754024333312","trial_id":40,"param_name":"c_dw_min","param_value_internal":0.001,"distribution":"{\"name\": \"FloatDistribution\", \"attributes\": {\"step\": null, \"low\": 0.001, \"high\": 0.001, \"log\": true}}"}
{"op_code":5,"worker_id":"ca27d457-fadf-483a-a30a-465ef41f328f-139754024333312","trial_id":40,"param_name":"c_desired_bl","param_value_internal":31.0,"distribution":"{\"name\": \"IntDistribution\", \"attributes\": {\"log\": false, \"step\": 1, \"low\": 31, \"high\": 31}}"}
{"op_code":5,"worker_id":"ca27d457-fadf-483a-a30a-465ef41f328f-139754024333312","trial_id":40,"param_name":"out_noise","param_value_internal":0.0,"distribution":"{\"name\": \"FloatDistribution\", \"attributes\": {\"step\": null, \"low\": 0.0, \"high\": 0.0, \"log\": false}}"}
{"op_code":5,"worker_id":"ca27d457-fadf-483a-a30a-465ef41f328f-139754024333312","trial_id":40,"param_name":"ab_weight_scaling_omega","param_value_internal":0.0,"distribution":"{\"name\": \"FloatDistribution\", \"attributes\": {\"step\": null, \"low\": 0.0, \"high\": 0.0, \"log\": false}}"}
{"op_code":8,"worker_id":"ca27d457-fadf-483a-a30a-465ef41f328f-139754024333312","trial_id":40,"user_attr":{"grad_accum_steps":1}}
{"op_code":7,"worker_id":"ca27d457-fadf-483a-a30a-465ef41f328f-139754024333312","trial_id":40,"step":1,"intermediate_value":78.52}
{"op_code":8,"worker_id":"ca27d457-fadf-483a-a30a-465ef41f328f-139754024333312","trial_id":40,"user_attr":{"train_loss_epoch_1":1.5919438439772835}}
{"op_code":7,"worker_id":"ca27d457-fadf-483a-a30a-465ef41f328f-139754024333312","trial_id":40,"step":2,"intermediate_value":82.41}
{"op_code":8,"worker_id":"ca27d457-fadf-483a-a30a-465ef41f328f-139754024333312","trial_id":40,"user_attr":{"train_loss_epoch_2":0.9848673550177739}}
{"op_code":7,"worker_id":"ca27d457-fadf-483a-a30a-465ef41f328f-139754024333312","trial_id":40,"step":3,"intermediate_value":84.38}
{"op_code":8,"worker_id":"ca27d457-fadf-483a-a30a-465ef41f328f-139754024333312","trial_id":40,"user_attr":{"train_loss_epoch_3":0.7837202659547965}}
{"op_code":7,"worker_id":"ca27d457-fadf-483a-a30a-465ef41f328f-139754024333312","trial_id":40,"step":4,"intermediate_value":85.46}
{"op_code":8,"worker_id":"ca27d457-fadf-483a-a30a-465ef41f328f-139754024333312","trial_id":40,"user_attr":{"train_loss_epoch_4":0.6815626639038769}}
{"op_code":7,"worker_id":"ca27d457-fadf-483a-a30a-465ef41f328f-139754024333312","trial_id":40,"step":5,"intermediate_value":86.17}
{"op_code":8,"worker_id":"ca27d457-fadf-483a-a30a-465ef41f328f-139754024333312","trial_id":40,"user_attr":{"train_loss_epoch_5":0.6182843572549475}}
{"op_code":7,"worker_id":"ca27d457-fadf-483a-a30a-465ef41f328f-139754024333312","trial_id":40,"step":6,"intermediate_value":86.73}
{"op_code":8,"worker_id":"ca27d457-fadf-483a-a30a-465ef41f328f-139754024333312","trial_id":40,"user_attr":{"train_loss_epoch_6":0.5745995908276613}}
{"op_code":7,"worker_id":"ca27d457-fadf-483a-a30a-465ef41f328f-139754024333312","trial_id":40,"step":7,"intermediate_value":87.08}
{"op_code":8,"worker_id":"ca27d457-fadf-483a-a30a-465ef41f328f-139754024333312","trial_id":40,"user_attr":{"train_loss_epoch_7":0.5422485290623423}}
{"op_code":7,"worker_id":"ca27d457-fadf-483a-a30a-465ef41f328f-139754024333312","trial_id":40,"step":8,"intermediate_value":87.57}
{"op_code":8,"worker_id":"ca27d457-fadf-483a-a30a-465ef41f328f-139754024333312","trial_id":40,"user_attr":{"train_loss_epoch_8":0.5171881234531464}}
{"op_code":7,"worker_id":"ca27d457-fadf-483a-a30a-465ef41f328f-139754024333312","trial_id":40,"step":9,"intermediate_value":87.86}
{"op_code":8,"worker_id":"ca27d457-fadf-483a-a30a-465ef41f328f-139754024333312","trial_id":40,"user_attr":{"train_loss_epoch_9":0.49693128806568665}}
{"op_code":7,"worker_id":"ca27d457-fadf-483a-a30a-465ef41f328f-139754024333312","trial_id":40,"step":10,"intermediate_value":88.16}
{"op_code":8,"worker_id":"ca27d457-fadf-483a-a30a-465ef41f328f-139754024333312","trial_id":40,"user_attr":{"train_loss_epoch_10":0.4804688826807018}}
{"op_code":7,"worker_id":"ca27d457-fadf-483a-a30a-465ef41f328f-139754024333312","trial_id":40,"step":11,"intermediate_value":88.23}
{"op_code":8,"worker_id":"ca27d457-fadf-483a-a30a-465ef41f328f-139754024333312","trial_id":40,"user_attr":{"train_loss_epoch_11":0.4694242177964019}}
{"op_code":7,"worker_id":"ca27d457-fadf-483a-a30a-465ef41f328f-139754024333312","trial_id":40,"step":12,"intermediate_value":88.37}
{"op_code":8,"worker_id":"ca27d457-fadf-483a-a30a-465ef41f328f-139754024333312","trial_id":40,"user_attr":{"train_loss_epoch_12":0.46305932639949104}}
{"op_code":7,"worker_id":"ca27d457-fadf-483a-a30a-465ef41f328f-139754024333312","trial_id":40,"step":13,"intermediate_value":88.51}
{"op_code":8,"worker_id":"ca27d457-fadf-483a-a30a-465ef41f328f-139754024333312","trial_id":40,"user_attr":{"train_loss_epoch_13":0.45683387755902843}}
{"op_code":7,"worker_id":"ca27d457-fadf-483a-a30a-465ef41f328f-139754024333312","trial_id":40,"step":14,"intermediate_value":88.6}
{"op_code":8,"worker_id":"ca27d457-fadf-483a-a30a-465ef41f328f-139754024333312","trial_id":40,"user_attr":{"train_loss_epoch_14":0.45126380974740615}}
{"op_code":7,"worker_id":"ca27d457-fadf-483a-a30a-465ef41f328f-139754024333312","trial_id":40,"step":15,"intermediate_value":88.65}
{"op_code":8,"worker_id":"ca27d457-fadf-483a-a30a-465ef41f328f-139754024333312","trial_id":40,"user_attr":{"train_loss_epoch_15":0.4458384378187692}}
{"op_code":7,"worker_id":"ca27d457-fadf-483a-a30a-465ef41f328f-139754024333312","trial_id":40,"step":16,"intermediate_value":88.73}
{"op_code":8,"worker_id":"ca27d457-fadf-483a-a30a-465ef41f328f-139754024333312","trial_id":40,"user_attr":{"train_loss_epoch_16":0.4410084936060885}}
{"op_code":7,"worker_id":"ca27d457-fadf-483a-a30a-465ef41f328f-139754024333312","trial_id":40,"step":17,"intermediate_value":88.78}
{"op_code":8,"worker_id":"ca27d457-fadf-483a-a30a-465ef41f328f-139754024333312","trial_id":40,"user_attr":{"train_loss_epoch_17":0.43649522199241847}}
{"op_code":7,"worker_id":"ca27d457-fadf-483a-a30a-465ef41f328f-139754024333312","trial_id":40,"step":18,"intermediate_value":88.93}
{"op_code":8,"worker_id":"ca27d457-fadf-483a-a30a-465ef41f328f-139754024333312","trial_id":40,"user_attr":{"train_loss_epoch_18":0.4319574486758155}}
{"op_code":7,"worker_id":"ca27d457-fadf-483a-a30a-465ef41f328f-139754024333312","trial_id":40,"step":19,"intermediate_value":89.07}
{"op_code":8,"worker_id":"ca27d457-fadf-483a-a30a-465ef41f328f-139754024333312","trial_id":40,"user_attr":{"train_loss_epoch_19":0.4278217986829754}}
{"op_code":7,"worker_id":"ca27d457-fadf-483a-a30a-465ef41f328f-139754024333312","trial_id":40,"step":20,"intermediate_value":89.11}
{"op_code":8,"worker_id":"ca27d457-fadf-483a-a30a-465ef41f328f-139754024333312","trial_id":40,"user_attr":{"train_loss_epoch_20":0.42388063357837164}}
{"op_code":7,"worker_id":"ca27d457-fadf-483a-a30a-465ef41f328f-139754024333312","trial_id":40,"step":21,"intermediate_value":89.14}
{"op_code":8,"worker_id":"ca27d457-fadf-483a-a30a-465ef41f328f-139754024333312","trial_id":40,"user_attr":{"train_loss_epoch_21":0.4209573761677183}}
{"op_code":7,"worker_id":"ca27d457-fadf-483a-a30a-465ef41f328f-139754024333312","trial_id":40,"step":22,"intermediate_value":89.19}
{"op_code":8,"worker_id":"ca27d457-fadf-483a-a30a-465ef41f328f-139754024333312","trial_id":40,"user_attr":{"train_loss_epoch_22":0.4192842572037853}}
{"op_code":7,"worker_id":"ca27d457-fadf-483a-a30a-465ef41f328f-139754024333312","trial_id":40,"step":23,"intermediate_value":89.19}
{"op_code":8,"worker_id":"ca27d457-fadf-483a-a30a-465ef41f328f-139754024333312","trial_id":40,"user_attr":{"train_loss_epoch_23":0.4176396707704326}}
{"op_code":7,"worker_id":"ca27d457-fadf-483a-a30a-465ef41f328f-139754024333312","trial_id":40,"step":24,"intermediate_value":89.25}
{"op_code":8,"worker_id":"ca27d457-fadf-483a-a30a-465ef41f328f-139754024333312","trial_id":40,"user_attr":{"train_loss_epoch_24":0.41590889915029633}}
{"op_code":7,"worker_id":"ca27d457-fadf-483a-a30a-465ef41f328f-139754024333312","trial_id":40,"step":25,"intermediate_value":89.28}
{"op_code":8,"worker_id":"ca27d457-fadf-483a-a30a-465ef41f328f-139754024333312","trial_id":40,"user_attr":{"train_loss_epoch_25":0.4141128734866185}}
{"op_code":7,"worker_id":"ca27d457-fadf-483a-a30a-465ef41f328f-139754024333312","trial_id":40,"step":26,"intermediate_value":89.3}
{"op_code":8,"worker_id":"ca27d457-fadf-483a-a30a-465ef41f328f-139754024333312","trial_id":40,"user_attr":{"train_loss_epoch_26":0.4125962978137582}}
{"op_code":7,"worker_id":"ca27d457-fadf-483a-a30a-465ef41f328f-139754024333312","trial_id":40,"step":27,"intermediate_value":89.3}
{"op_code":8,"worker_id":"ca27d457-fadf-483a-a30a-465ef41f328f-139754024333312","trial_id":40,"user_attr":{"train_loss_epoch_27":0.41087610849630096}}
{"op_code":7,"worker_id":"ca27d457-fadf-483a-a30a-465ef41f328f-139754024333312","trial_id":40,"step":28,"intermediate_value":89.31}
{"op_code":8,"worker_id":"ca27d457-fadf-483a-a30a-465ef41f328f-139754024333312","trial_id":40,"user_attr":{"train_loss_epoch_28":0.4093743157126248}}
{"op_code":7,"worker_id":"ca27d457-fadf-483a-a30a-465ef41f328f-139754024333312","trial_id":40,"step":29,"intermediate_value":89.31}
{"op_code":8,"worker_id":"ca27d457-fadf-483a-a30a-465ef41f328f-139754024333312","trial_id":40,"user_attr":{"train_loss_epoch_29":0.4079864283265081}}
{"op_code":7,"worker_id":"ca27d457-fadf-483a-a30a-465ef41f328f-139754024333312","trial_id":40,"step":30,"intermediate_value":89.35}
{"op_code":8,"worker_id":"ca27d457-fadf-483a-a30a-465ef41f328f-139754024333312","trial_id":40,"user_attr":{"train_loss_epoch_30":0.40635108652272456}}
{"op_code":6,"worker_id":"ca27d457-fadf-483a-a30a-465ef41f328f-139754024333312","trial_id":40,"state":1,"values":[89.35],"datetime_complete":"2026-05-08T02:17:39.309714"}
{"op_code":4,"worker_id":"ca27d457-fadf-483a-a30a-465ef41f328f-139754024333312","study_id":0,"datetime_start":"2026-05-08T02:17:39.312893"}
{"op_code":5,"worker_id":"ca27d457-fadf-483a-a30a-465ef41f328f-139754024333312","trial_id":41,"param_name":"learning_rate","param_value_internal":0.006,"distribution":"{\"name\": \"FloatDistribution\", \"attributes\": {\"step\": null, \"low\": 0.006, \"high\": 5.0, \"log\": true}}"}
{"op_code":5,"worker_id":"ca27d457-fadf-483a-a30a-465ef41f328f-139754024333312","trial_id":41,"param_name":"transfer_lr","param_value_internal":0.0008649213744198786,"distribution":"{\"name\": \"FloatDistribution\", \"attributes\": {\"step\": null, \"low\": 1e-05, \"high\": 0.03, \"log\": true}}"}
{"op_code":5,"worker_id":"ca27d457-fadf-483a-a30a-465ef41f328f-139754024333312","trial_id":41,"param_name":"transfer_every","param_value_internal":10.0,"distribution":"{\"name\": \"IntDistribution\", \"attributes\": {\"log\": true, \"step\": 1, \"low\": 10, \"high\": 10}}"}
{"op_code":5,"worker_id":"ca27d457-fadf-483a-a30a-465ef41f328f-139754024333312","trial_id":41,"param_name":"rank_exp","param_value_internal":3.0,"distribution":"{\"name\": \"IntDistribution\", \"attributes\": {\"log\": false, \"step\": 1, \"low\": 3, \"high\": 3}}"}
{"op_code":5,"worker_id":"ca27d457-fadf-483a-a30a-465ef41f328f-139754024333312","trial_id":41,"param_name":"fast_lr","param_value_internal":2.5023716946909054,"distribution":"{\"name\": \"FloatDistribution\", \"attributes\": {\"step\": null, \"low\": 0.0007, \"high\": 20000.0, \"log\": true}}"}
{"op_code":5,"worker_id":"ca27d457-fadf-483a-a30a-465ef41f328f-139754024333312","trial_id":41,"param_name":"tau_sec","param_value_internal":0.0,"distribution":"{\"name\": \"FloatDistribution\", \"attributes\": {\"step\": null, \"low\": 0.0, \"high\": 0.0, \"log\": false}}"}
{"op_code":5,"worker_id":"ca27d457-fadf-483a-a30a-465ef41f328f-139754024333312","trial_id":41,"param_name":"ab_dw_min","param_value_internal":0.001981,"distribution":"{\"name\": \"FloatDistribution\", \"attributes\": {\"step\": null, \"low\": 0.001981, \"high\": 0.001981, \"log\": true}}"}
{"op_code":5,"worker_id":"ca27d457-fadf-483a-a30a-465ef41f328f-139754024333312","trial_id":41,"param_name":"ab_desired_bl","param_value_internal":31.0,"distribution":"{\"name\": \"IntDistribution\", \"attributes\": {\"log\": false, \"step\": 1, \"low\": 31, \"high\": 31}}"}
{"op_code":5,"worker_id":"ca27d457-fadf-483a-a30a-465ef41f328f-139754024333312","trial_id":41,"param_name":"a_reset_std","param_value_internal":1e-30,"distribution":"{\"name\": \"FloatDistribution\", \"attributes\": {\"step\": null, \"low\": 1e-30, \"high\": 1e-30, \"log\": true}}"}
{"op_code":5,"worker_id":"ca27d457-fadf-483a-a30a-465ef41f328f-139754024333312","trial_id":41,"param_name":"b_reset_std","param_value_internal":28094.18189670469,"distribution":"{\"name\": \"FloatDistribution\", \"attributes\": {\"step\": null, \"low\": 2e-05, \"high\": 30000.0, \"log\": true}}"}
{"op_code":5,"worker_id":"ca27d457-fadf-483a-a30a-465ef41f328f-139754024333312","trial_id":41,"param_name":"c_dw_min","param_value_internal":0.001,"distribution":"{\"name\": \"FloatDistribution\", \"attributes\": {\"step\": null, \"low\": 0.001, \"high\": 0.001, \"log\": true}}"}
{"op_code":5,"worker_id":"ca27d457-fadf-483a-a30a-465ef41f328f-139754024333312","trial_id":41,"param_name":"c_desired_bl","param_value_internal":31.0,"distribution":"{\"name\": \"IntDistribution\", \"attributes\": {\"log\": false, \"step\": 1, \"low\": 31, \"high\": 31}}"}
{"op_code":5,"worker_id":"ca27d457-fadf-483a-a30a-465ef41f328f-139754024333312","trial_id":41,"param_name":"out_noise","param_value_internal":0.0,"distribution":"{\"name\": \"FloatDistribution\", \"attributes\": {\"step\": null, \"low\": 0.0, \"high\": 0.0, \"log\": false}}"}
{"op_code":5,"worker_id":"ca27d457-fadf-483a-a30a-465ef41f328f-139754024333312","trial_id":41,"param_name":"ab_weight_scaling_omega","param_value_internal":0.0,"distribution":"{\"name\": \"FloatDistribution\", \"attributes\": {\"step\": null, \"low\": 0.0, \"high\": 0.0, \"log\": false}}"}
{"op_code":8,"worker_id":"ca27d457-fadf-483a-a30a-465ef41f328f-139754024333312","trial_id":41,"user_attr":{"grad_accum_steps":1}}
{"op_code":7,"worker_id":"ca27d457-fadf-483a-a30a-465ef41f328f-139754024333312","trial_id":41,"step":1,"intermediate_value":85.56}
{"op_code":8,"worker_id":"ca27d457-fadf-483a-a30a-465ef41f328f-139754024333312","trial_id":41,"user_attr":{"train_loss_epoch_1":1.1425372546733314}}
{"op_code":7,"worker_id":"ca27d457-fadf-483a-a30a-465ef41f328f-139754024333312","trial_id":41,"step":2,"intermediate_value":88.9}
{"op_code":8,"worker_id":"ca27d457-fadf-483a-a30a-465ef41f328f-139754024333312","trial_id":41,"user_attr":{"train_loss_epoch_2":0.48395528525177606}}
{"op_code":7,"worker_id":"ca27d457-fadf-483a-a30a-465ef41f328f-139754024333312","trial_id":41,"step":3,"intermediate_value":90.17}
{"op_code":8,"worker_id":"ca27d457-fadf-483a-a30a-465ef41f328f-139754024333312","trial_id":41,"user_attr":{"train_loss_epoch_3":0.3823185144329884}}
{"op_code":7,"worker_id":"ca27d457-fadf-483a-a30a-465ef41f328f-139754024333312","trial_id":41,"step":4,"intermediate_value":90.94}
{"op_code":8,"worker_id":"ca27d457-fadf-483a-a30a-465ef41f328f-139754024333312","trial_id":41,"user_attr":{"train_loss_epoch_4":0.3400637271132932}}
{"op_code":7,"worker_id":"ca27d457-fadf-483a-a30a-465ef41f328f-139754024333312","trial_id":41,"step":5,"intermediate_value":91.69}
{"op_code":8,"worker_id":"ca27d457-fadf-483a-a30a-465ef41f328f-139754024333312","trial_id":41,"user_attr":{"train_loss_epoch_5":0.3135610563335007}}
{"op_code":7,"worker_id":"ca27d457-fadf-483a-a30a-465ef41f328f-139754024333312","trial_id":41,"step":6,"intermediate_value":91.95}
{"op_code":8,"worker_id":"ca27d457-fadf-483a-a30a-465ef41f328f-139754024333312","trial_id":41,"user_attr":{"train_loss_epoch_6":0.2935754821649683}}
{"op_code":7,"worker_id":"ca27d457-fadf-483a-a30a-465ef41f328f-139754024333312","trial_id":41,"step":7,"intermediate_value":92.36}
{"op_code":8,"worker_id":"ca27d457-fadf-483a-a30a-465ef41f328f-139754024333312","trial_id":41,"user_attr":{"train_loss_epoch_7":0.27835557354030327}}
{"op_code":7,"worker_id":"ca27d457-fadf-483a-a30a-465ef41f328f-139754024333312","trial_id":41,"step":8,"intermediate_value":92.59}
{"op_code":8,"worker_id":"ca27d457-fadf-483a-a30a-465ef41f328f-139754024333312","trial_id":41,"user_attr":{"train_loss_epoch_8":0.26464941554359284}}
{"op_code":7,"worker_id":"ca27d457-fadf-483a-a30a-465ef41f328f-139754024333312","trial_id":41,"step":9,"intermediate_value":93.01}
{"op_code":8,"worker_id":"ca27d457-fadf-483a-a30a-465ef41f328f-139754024333312","trial_id":41,"user_attr":{"train_loss_epoch_9":0.25064388310699576}}
{"op_code":7,"worker_id":"ca27d457-fadf-483a-a30a-465ef41f328f-139754024333312","trial_id":41,"step":10,"intermediate_value":93.12}
{"op_code":8,"worker_id":"ca27d457-fadf-483a-a30a-465ef41f328f-139754024333312","trial_id":41,"user_attr":{"train_loss_epoch_10":0.23968008205469357}}
{"op_code":7,"worker_id":"ca27d457-fadf-483a-a30a-465ef41f328f-139754024333312","trial_id":41,"step":11,"intermediate_value":93.44}
{"op_code":8,"worker_id":"ca27d457-fadf-483a-a30a-465ef41f328f-139754024333312","trial_id":41,"user_attr":{"train_loss_epoch_11":0.23015448651604178}}
{"op_code":7,"worker_id":"ca27d457-fadf-483a-a30a-465ef41f328f-139754024333312","trial_id":41,"step":12,"intermediate_value":93.7}
{"op_code":8,"worker_id":"ca27d457-fadf-483a-a30a-465ef41f328f-139754024333312","trial_id":41,"user_attr":{"train_loss_epoch_12":0.2229394445906697}}
{"op_code":7,"worker_id":"ca27d457-fadf-483a-a30a-465ef41f328f-139754024333312","trial_id":41,"step":13,"intermediate_value":93.81}
{"op_code":8,"worker_id":"ca27d457-fadf-483a-a30a-465ef41f328f-139754024333312","trial_id":41,"user_attr":{"train_loss_epoch_13":0.2160964707480565}}
{"op_code":7,"worker_id":"ca27d457-fadf-483a-a30a-465ef41f328f-139754024333312","trial_id":41,"step":14,"intermediate_value":94.13}
{"op_code":8,"worker_id":"ca27d457-fadf-483a-a30a-465ef41f328f-139754024333312","trial_id":41,"user_attr":{"train_loss_epoch_14":0.2098804163033647}}
{"op_code":7,"worker_id":"ca27d457-fadf-483a-a30a-465ef41f328f-139754024333312","trial_id":41,"step":15,"intermediate_value":94.29}
{"op_code":8,"worker_id":"ca27d457-fadf-483a-a30a-465ef41f328f-139754024333312","trial_id":41,"user_attr":{"train_loss_epoch_15":0.20365359656798687}}
{"op_code":7,"worker_id":"ca27d457-fadf-483a-a30a-465ef41f328f-139754024333312","trial_id":41,"step":16,"intermediate_value":94.43}
{"op_code":8,"worker_id":"ca27d457-fadf-483a-a30a-465ef41f328f-139754024333312","trial_id":41,"user_attr":{"train_loss_epoch_16":0.19841324335246135}}
{"op_code":7,"worker_id":"ca27d457-fadf-483a-a30a-465ef41f328f-139754024333312","trial_id":41,"step":17,"intermediate_value":94.55}
{"op_code":8,"worker_id":"ca27d457-fadf-483a-a30a-465ef41f328f-139754024333312","trial_id":41,"user_attr":{"train_loss_epoch_17":0.19302598255942624}}
{"op_code":7,"worker_id":"ca27d457-fadf-483a-a30a-465ef41f328f-139754024333312","trial_id":41,"step":18,"intermediate_value":94.79}
{"op_code":8,"worker_id":"ca27d457-fadf-483a-a30a-465ef41f328f-139754024333312","trial_id":41,"user_attr":{"train_loss_epoch_18":0.1877563348981236}}
{"op_code":7,"worker_id":"ca27d457-fadf-483a-a30a-465ef41f328f-139754024333312","trial_id":41,"step":19,"intermediate_value":94.88}
{"op_code":8,"worker_id":"ca27d457-fadf-483a-a30a-465ef41f328f-139754024333312","trial_id":41,"user_attr":{"train_loss_epoch_19":0.18303049937970856}}
{"op_code":7,"worker_id":"ca27d457-fadf-483a-a30a-465ef41f328f-139754024333312","trial_id":41,"step":20,"intermediate_value":94.9}
{"op_code":8,"worker_id":"ca27d457-fadf-483a-a30a-465ef41f328f-139754024333312","trial_id":41,"user_attr":{"train_loss_epoch_20":0.178759464926557}}
{"op_code":7,"worker_id":"ca27d457-fadf-483a-a30a-465ef41f328f-139754024333312","trial_id":41,"step":21,"intermediate_value":94.97}
{"op_code":8,"worker_id":"ca27d457-fadf-483a-a30a-465ef41f328f-139754024333312","trial_id":41,"user_attr":{"train_loss_epoch_21":0.1755645132647442}}
{"op_code":7,"worker_id":"ca27d457-fadf-483a-a30a-465ef41f328f-139754024333312","trial_id":41,"step":22,"intermediate_value":95.06}
{"op_code":8,"worker_id":"ca27d457-fadf-483a-a30a-465ef41f328f-139754024333312","trial_id":41,"user_attr":{"train_loss_epoch_22":0.17266670210676185}}
{"op_code":7,"worker_id":"ca27d457-fadf-483a-a30a-465ef41f328f-139754024333312","trial_id":41,"step":23,"intermediate_value":95.06}
{"op_code":8,"worker_id":"ca27d457-fadf-483a-a30a-465ef41f328f-139754024333312","trial_id":41,"user_attr":{"train_loss_epoch_23":0.16980838286342906}}
{"op_code":7,"worker_id":"ca27d457-fadf-483a-a30a-465ef41f328f-139754024333312","trial_id":41,"step":24,"intermediate_value":95.14}
{"op_code":8,"worker_id":"ca27d457-fadf-483a-a30a-465ef41f328f-139754024333312","trial_id":41,"user_attr":{"train_loss_epoch_24":0.16678261581156997}}
{"op_code":7,"worker_id":"ca27d457-fadf-483a-a30a-465ef41f328f-139754024333312","trial_id":41,"step":25,"intermediate_value":95.25}
{"op_code":8,"worker_id":"ca27d457-fadf-483a-a30a-465ef41f328f-139754024333312","trial_id":41,"user_attr":{"train_loss_epoch_25":0.16372422042237258}}
{"op_code":7,"worker_id":"ca27d457-fadf-483a-a30a-465ef41f328f-139754024333312","trial_id":41,"step":26,"intermediate_value":95.29}
{"op_code":8,"worker_id":"ca27d457-fadf-483a-a30a-465ef41f328f-139754024333312","trial_id":41,"user_attr":{"train_loss_epoch_26":0.16102467166549805}}
{"op_code":7,"worker_id":"ca27d457-fadf-483a-a30a-465ef41f328f-139754024333312","trial_id":41,"step":27,"intermediate_value":95.44}
{"op_code":8,"worker_id":"ca27d457-fadf-483a-a30a-465ef41f328f-139754024333312","trial_id":41,"user_attr":{"train_loss_epoch_27":0.15899129652344723}}
{"op_code":7,"worker_id":"ca27d457-fadf-483a-a30a-465ef41f328f-139754024333312","trial_id":41,"step":28,"intermediate_value":95.44}
{"op_code":8,"worker_id":"ca27d457-fadf-483a-a30a-465ef41f328f-139754024333312","trial_id":41,"user_attr":{"train_loss_epoch_28":0.15645899574186947}}
{"op_code":7,"worker_id":"ca27d457-fadf-483a-a30a-465ef41f328f-139754024333312","trial_id":41,"step":29,"intermediate_value":95.51}
{"op_code":8,"worker_id":"ca27d457-fadf-483a-a30a-465ef41f328f-139754024333312","trial_id":41,"user_attr":{"train_loss_epoch_29":0.15448512130780323}}
{"op_code":7,"worker_id":"ca27d457-fadf-483a-a30a-465ef41f328f-139754024333312","trial_id":41,"step":30,"intermediate_value":95.67}
{"op_code":8,"worker_id":"ca27d457-fadf-483a-a30a-465ef41f328f-139754024333312","trial_id":41,"user_attr":{"train_loss_epoch_30":0.15180333534569374}}
{"op_code":6,"worker_id":"ca27d457-fadf-483a-a30a-465ef41f328f-139754024333312","trial_id":41,"state":1,"values":[95.67],"datetime_complete":"2026-05-08T02:28:50.689227"}
{"op_code":4,"worker_id":"ca27d457-fadf-483a-a30a-465ef41f328f-139754024333312","study_id":0,"datetime_start":"2026-05-08T02:28:50.695677"}
{"op_code":5,"worker_id":"ca27d457-fadf-483a-a30a-465ef41f328f-139754024333312","trial_id":42,"param_name":"learning_rate","param_value_internal":5.0,"distribution":"{\"name\": \"FloatDistribution\", \"attributes\": {\"step\": null, \"low\": 0.006, \"high\": 5.0, \"log\": true}}"}
{"op_code":5,"worker_id":"ca27d457-fadf-483a-a30a-465ef41f328f-139754024333312","trial_id":42,"param_name":"transfer_lr","param_value_internal":0.00039752983666333815,"distribution":"{\"name\": \"FloatDistribution\", \"attributes\": {\"step\": null, \"low\": 1e-05, \"high\": 0.03, \"log\": true}}"}
{"op_code":5,"worker_id":"ca27d457-fadf-483a-a30a-465ef41f328f-139754024333312","trial_id":42,"param_name":"transfer_every","param_value_internal":10.0,"distribution":"{\"name\": \"IntDistribution\", \"attributes\": {\"log\": true, \"step\": 1, \"low\": 10, \"high\": 10}}"}
{"op_code":5,"worker_id":"ca27d457-fadf-483a-a30a-465ef41f328f-139754024333312","trial_id":42,"param_name":"rank_exp","param_value_internal":3.0,"distribution":"{\"name\": \"IntDistribution\", \"attributes\": {\"log\": false, \"step\": 1, \"low\": 3, \"high\": 3}}"}
{"op_code":5,"worker_id":"ca27d457-fadf-483a-a30a-465ef41f328f-139754024333312","trial_id":42,"param_name":"fast_lr","param_value_internal":20000.0,"distribution":"{\"name\": \"FloatDistribution\", \"attributes\": {\"step\": null, \"low\": 0.0007, \"high\": 20000.0, \"log\": true}}"}
{"op_code":5,"worker_id":"ca27d457-fadf-483a-a30a-465ef41f328f-139754024333312","trial_id":42,"param_name":"tau_sec","param_value_internal":0.0,"distribution":"{\"name\": \"FloatDistribution\", \"attributes\": {\"step\": null, \"low\": 0.0, \"high\": 0.0, \"log\": false}}"}
{"op_code":5,"worker_id":"ca27d457-fadf-483a-a30a-465ef41f328f-139754024333312","trial_id":42,"param_name":"ab_dw_min","param_value_internal":0.001981,"distribution":"{\"name\": \"FloatDistribution\", \"attributes\": {\"step\": null, \"low\": 0.001981, \"high\": 0.001981, \"log\": true}}"}
{"op_code":5,"worker_id":"ca27d457-fadf-483a-a30a-465ef41f328f-139754024333312","trial_id":42,"param_name":"ab_desired_bl","param_value_internal":31.0,"distribution":"{\"name\": \"IntDistribution\", \"attributes\": {\"log\": false, \"step\": 1, \"low\": 31, \"high\": 31}}"}
{"op_code":5,"worker_id":"ca27d457-fadf-483a-a30a-465ef41f328f-139754024333312","trial_id":42,"param_name":"a_reset_std","param_value_internal":1e-30,"distribution":"{\"name\": \"FloatDistribution\", \"attributes\": {\"step\": null, \"low\": 1e-30, \"high\": 1e-30, \"log\": true}}"}
{"op_code":5,"worker_id":"ca27d457-fadf-483a-a30a-465ef41f328f-139754024333312","trial_id":42,"param_name":"b_reset_std","param_value_internal":2.164132128129924e-05,"distribution":"{\"name\": \"FloatDistribution\", \"attributes\": {\"step\": null, \"low\": 2e-05, \"high\": 30000.0, \"log\": true}}"}
{"op_code":5,"worker_id":"ca27d457-fadf-483a-a30a-465ef41f328f-139754024333312","trial_id":42,"param_name":"c_dw_min","param_value_internal":0.001,"distribution":"{\"name\": \"FloatDistribution\", \"attributes\": {\"step\": null, \"low\": 0.001, \"high\": 0.001, \"log\": true}}"}
{"op_code":5,"worker_id":"ca27d457-fadf-483a-a30a-465ef41f328f-139754024333312","trial_id":42,"param_name":"c_desired_bl","param_value_internal":31.0,"distribution":"{\"name\": \"IntDistribution\", \"attributes\": {\"log\": false, \"step\": 1, \"low\": 31, \"high\": 31}}"}
{"op_code":5,"worker_id":"ca27d457-fadf-483a-a30a-465ef41f328f-139754024333312","trial_id":42,"param_name":"out_noise","param_value_internal":0.0,"distribution":"{\"name\": \"FloatDistribution\", \"attributes\": {\"step\": null, \"low\": 0.0, \"high\": 0.0, \"log\": false}}"}
{"op_code":5,"worker_id":"ca27d457-fadf-483a-a30a-465ef41f328f-139754024333312","trial_id":42,"param_name":"ab_weight_scaling_omega","param_value_internal":0.0,"distribution":"{\"name\": \"FloatDistribution\", \"attributes\": {\"step\": null, \"low\": 0.0, \"high\": 0.0, \"log\": false}}"}
{"op_code":8,"worker_id":"ca27d457-fadf-483a-a30a-465ef41f328f-139754024333312","trial_id":42,"user_attr":{"grad_accum_steps":1}}
{"op_code":7,"worker_id":"ca27d457-fadf-483a-a30a-465ef41f328f-139754024333312","trial_id":42,"step":1,"intermediate_value":85.47}
{"op_code":8,"worker_id":"ca27d457-fadf-483a-a30a-465ef41f328f-139754024333312","trial_id":42,"user_attr":{"train_loss_epoch_1":0.5077969797336852}}
{"op_code":7,"worker_id":"ca27d457-fadf-483a-a30a-465ef41f328f-139754024333312","trial_id":42,"step":2,"intermediate_value":87.19}
{"op_code":8,"worker_id":"ca27d457-fadf-483a-a30a-465ef41f328f-139754024333312","trial_id":42,"user_attr":{"train_loss_epoch_2":0.4151054944898655}}
{"op_code":7,"worker_id":"ca27d457-fadf-483a-a30a-465ef41f328f-139754024333312","trial_id":42,"step":3,"intermediate_value":88.49}
{"op_code":8,"worker_id":"ca27d457-fadf-483a-a30a-465ef41f328f-139754024333312","trial_id":42,"user_attr":{"train_loss_epoch_3":0.40493358790810935}}
{"op_code":7,"worker_id":"ca27d457-fadf-483a-a30a-465ef41f328f-139754024333312","trial_id":42,"step":4,"intermediate_value":88.49}
{"op_code":8,"worker_id":"ca27d457-fadf-483a-a30a-465ef41f328f-139754024333312","trial_id":42,"user_attr":{"train_loss_epoch_4":0.39641562935068153}}
{"op_code":7,"worker_id":"ca27d457-fadf-483a-a30a-465ef41f328f-139754024333312","trial_id":42,"step":5,"intermediate_value":88.96}
{"op_code":8,"worker_id":"ca27d457-fadf-483a-a30a-465ef41f328f-139754024333312","trial_id":42,"user_attr":{"train_loss_epoch_5":0.39446796051887817}}
{"op_code":7,"worker_id":"ca27d457-fadf-483a-a30a-465ef41f328f-139754024333312","trial_id":42,"step":6,"intermediate_value":88.96}
{"op_code":8,"worker_id":"ca27d457-fadf-483a-a30a-465ef41f328f-139754024333312","trial_id":42,"user_attr":{"train_loss_epoch_6":0.3870690839647103}}
{"op_code":7,"worker_id":"ca27d457-fadf-483a-a30a-465ef41f328f-139754024333312","trial_id":42,"step":7,"intermediate_value":88.96}
{"op_code":8,"worker_id":"ca27d457-fadf-483a-a30a-465ef41f328f-139754024333312","trial_id":42,"user_attr":{"train_loss_epoch_7":0.3884254691324064}}
{"op_code":7,"worker_id":"ca27d457-fadf-483a-a30a-465ef41f328f-139754024333312","trial_id":42,"step":8,"intermediate_value":88.96}
{"op_code":8,"worker_id":"ca27d457-fadf-483a-a30a-465ef41f328f-139754024333312","trial_id":42,"user_attr":{"train_loss_epoch_8":0.3903968265609764}}
{"op_code":7,"worker_id":"ca27d457-fadf-483a-a30a-465ef41f328f-139754024333312","trial_id":42,"step":9,"intermediate_value":88.96}
{"op_code":8,"worker_id":"ca27d457-fadf-483a-a30a-465ef41f328f-139754024333312","trial_id":42,"user_attr":{"train_loss_epoch_9":0.3977923107379154}}
{"op_code":7,"worker_id":"ca27d457-fadf-483a-a30a-465ef41f328f-139754024333312","trial_id":42,"step":10,"intermediate_value":88.96}
{"op_code":8,"worker_id":"ca27d457-fadf-483a-a30a-465ef41f328f-139754024333312","trial_id":42,"user_attr":{"train_loss_epoch_10":0.3921055952623201}}
{"op_code":6,"worker_id":"ca27d457-fadf-483a-a30a-465ef41f328f-139754024333312","trial_id":42,"state":1,"values":[88.96],"datetime_complete":"2026-05-08T02:34:01.761268"}
{"op_code":4,"worker_id":"ca27d457-fadf-483a-a30a-465ef41f328f-139754024333312","study_id":0,"datetime_start":"2026-05-08T02:34:01.774216"}
{"op_code":5,"worker_id":"ca27d457-fadf-483a-a30a-465ef41f328f-139754024333312","trial_id":43,"param_name":"learning_rate","param_value_internal":0.20180707470840936,"distribution":"{\"name\": \"FloatDistribution\", \"attributes\": {\"step\": null, \"low\": 0.006, \"high\": 5.0, \"log\": true}}"}
{"op_code":5,"worker_id":"ca27d457-fadf-483a-a30a-465ef41f328f-139754024333312","trial_id":43,"param_name":"transfer_lr","param_value_internal":0.0022204746433256723,"distribution":"{\"name\": \"FloatDistribution\", \"attributes\": {\"step\": null, \"low\": 1e-05, \"high\": 0.03, \"log\": true}}"}
{"op_code":5,"worker_id":"ca27d457-fadf-483a-a30a-465ef41f328f-139754024333312","trial_id":43,"param_name":"transfer_every","param_value_internal":10.0,"distribution":"{\"name\": \"IntDistribution\", \"attributes\": {\"log\": true, \"step\": 1, \"low\": 10, \"high\": 10}}"}
{"op_code":5,"worker_id":"ca27d457-fadf-483a-a30a-465ef41f328f-139754024333312","trial_id":43,"param_name":"rank_exp","param_value_internal":3.0,"distribution":"{\"name\": \"IntDistribution\", \"attributes\": {\"log\": false, \"step\": 1, \"low\": 3, \"high\": 3}}"}
{"op_code":5,"worker_id":"ca27d457-fadf-483a-a30a-465ef41f328f-139754024333312","trial_id":43,"param_name":"fast_lr","param_value_internal":0.35547741598974225,"distribution":"{\"name\": \"FloatDistribution\", \"attributes\": {\"step\": null, \"low\": 0.0007, \"high\": 20000.0, \"log\": true}}"}
{"op_code":5,"worker_id":"ca27d457-fadf-483a-a30a-465ef41f328f-139754024333312","trial_id":43,"param_name":"tau_sec","param_value_internal":0.0,"distribution":"{\"name\": \"FloatDistribution\", \"attributes\": {\"step\": null, \"low\": 0.0, \"high\": 0.0, \"log\": false}}"}
{"op_code":5,"worker_id":"ca27d457-fadf-483a-a30a-465ef41f328f-139754024333312","trial_id":43,"param_name":"ab_dw_min","param_value_internal":0.001981,"distribution":"{\"name\": \"FloatDistribution\", \"attributes\": {\"step\": null, \"low\": 0.001981, \"high\": 0.001981, \"log\": true}}"}
{"op_code":5,"worker_id":"ca27d457-fadf-483a-a30a-465ef41f328f-139754024333312","trial_id":43,"param_name":"ab_desired_bl","param_value_internal":31.0,"distribution":"{\"name\": \"IntDistribution\", \"attributes\": {\"log\": false, \"step\": 1, \"low\": 31, \"high\": 31}}"}
{"op_code":5,"worker_id":"ca27d457-fadf-483a-a30a-465ef41f328f-139754024333312","trial_id":43,"param_name":"a_reset_std","param_value_internal":1e-30,"distribution":"{\"name\": \"FloatDistribution\", \"attributes\": {\"step\": null, \"low\": 1e-30, \"high\": 1e-30, \"log\": true}}"}
{"op_code":5,"worker_id":"ca27d457-fadf-483a-a30a-465ef41f328f-139754024333312","trial_id":43,"param_name":"b_reset_std","param_value_internal":4552.958326424391,"distribution":"{\"name\": \"FloatDistribution\", \"attributes\": {\"step\": null, \"low\": 2e-05, \"high\": 30000.0, \"log\": true}}"}
{"op_code":5,"worker_id":"ca27d457-fadf-483a-a30a-465ef41f328f-139754024333312","trial_id":43,"param_name":"c_dw_min","param_value_internal":0.001,"distribution":"{\"name\": \"FloatDistribution\", \"attributes\": {\"step\": null, \"low\": 0.001, \"high\": 0.001, \"log\": true}}"}
{"op_code":5,"worker_id":"ca27d457-fadf-483a-a30a-465ef41f328f-139754024333312","trial_id":43,"param_name":"c_desired_bl","param_value_internal":31.0,"distribution":"{\"name\": \"IntDistribution\", \"attributes\": {\"log\": false, \"step\": 1, \"low\": 31, \"high\": 31}}"}
{"op_code":5,"worker_id":"ca27d457-fadf-483a-a30a-465ef41f328f-139754024333312","trial_id":43,"param_name":"out_noise","param_value_internal":0.0,"distribution":"{\"name\": \"FloatDistribution\", \"attributes\": {\"step\": null, \"low\": 0.0, \"high\": 0.0, \"log\": false}}"}
{"op_code":5,"worker_id":"ca27d457-fadf-483a-a30a-465ef41f328f-139754024333312","trial_id":43,"param_name":"ab_weight_scaling_omega","param_value_internal":0.0,"distribution":"{\"name\": \"FloatDistribution\", \"attributes\": {\"step\": null, \"low\": 0.0, \"high\": 0.0, \"log\": false}}"}
{"op_code":8,"worker_id":"ca27d457-fadf-483a-a30a-465ef41f328f-139754024333312","trial_id":43,"user_attr":{"grad_accum_steps":1}}
{"op_code":7,"worker_id":"ca27d457-fadf-483a-a30a-465ef41f328f-139754024333312","trial_id":43,"step":1,"intermediate_value":92.39}
{"op_code":8,"worker_id":"ca27d457-fadf-483a-a30a-465ef41f328f-139754024333312","trial_id":43,"user_attr":{"train_loss_epoch_1":0.41578092627020785}}
{"op_code":7,"worker_id":"ca27d457-fadf-483a-a30a-465ef41f328f-139754024333312","trial_id":43,"step":2,"intermediate_value":93.73}
{"op_code":8,"worker_id":"ca27d457-fadf-483a-a30a-465ef41f328f-139754024333312","trial_id":43,"user_attr":{"train_loss_epoch_2":0.241744636234317}}
{"op_code":7,"worker_id":"ca27d457-fadf-483a-a30a-465ef41f328f-139754024333312","trial_id":43,"step":3,"intermediate_value":94.64}
{"op_code":8,"worker_id":"ca27d457-fadf-483a-a30a-465ef41f328f-139754024333312","trial_id":43,"user_attr":{"train_loss_epoch_3":0.19439741151570195}}
{"op_code":7,"worker_id":"ca27d457-fadf-483a-a30a-465ef41f328f-139754024333312","trial_id":43,"step":4,"intermediate_value":95.21}
{"op_code":8,"worker_id":"ca27d457-fadf-483a-a30a-465ef41f328f-139754024333312","trial_id":43,"user_attr":{"train_loss_epoch_4":0.16607498967928735}}
{"op_code":7,"worker_id":"ca27d457-fadf-483a-a30a-465ef41f328f-139754024333312","trial_id":43,"step":5,"intermediate_value":95.63}
{"op_code":8,"worker_id":"ca27d457-fadf-483a-a30a-465ef41f328f-139754024333312","trial_id":43,"user_attr":{"train_loss_epoch_5":0.14629899981969804}}
{"op_code":7,"worker_id":"ca27d457-fadf-483a-a30a-465ef41f328f-139754024333312","trial_id":43,"step":6,"intermediate_value":95.68}
{"op_code":8,"worker_id":"ca27d457-fadf-483a-a30a-465ef41f328f-139754024333312","trial_id":43,"user_attr":{"train_loss_epoch_6":0.13378248255608527}}
{"op_code":7,"worker_id":"ca27d457-fadf-483a-a30a-465ef41f328f-139754024333312","trial_id":43,"step":7,"intermediate_value":96.02}
{"op_code":8,"worker_id":"ca27d457-fadf-483a-a30a-465ef41f328f-139754024333312","trial_id":43,"user_attr":{"train_loss_epoch_7":0.12377746004774086}}
{"op_code":7,"worker_id":"ca27d457-fadf-483a-a30a-465ef41f328f-139754024333312","trial_id":43,"step":8,"intermediate_value":96.02}
{"op_code":8,"worker_id":"ca27d457-fadf-483a-a30a-465ef41f328f-139754024333312","trial_id":43,"user_attr":{"train_loss_epoch_8":0.11382791074787153}}
{"op_code":7,"worker_id":"ca27d457-fadf-483a-a30a-465ef41f328f-139754024333312","trial_id":43,"step":9,"intermediate_value":96.14}
{"op_code":8,"worker_id":"ca27d457-fadf-483a-a30a-465ef41f328f-139754024333312","trial_id":43,"user_attr":{"train_loss_epoch_9":0.10812987382116634}}
{"op_code":7,"worker_id":"ca27d457-fadf-483a-a30a-465ef41f328f-139754024333312","trial_id":43,"step":10,"intermediate_value":96.32}
{"op_code":8,"worker_id":"ca27d457-fadf-483a-a30a-465ef41f328f-139754024333312","trial_id":43,"user_attr":{"train_loss_epoch_10":0.10280060496375855}}
{"op_code":7,"worker_id":"ca27d457-fadf-483a-a30a-465ef41f328f-139754024333312","trial_id":43,"step":11,"intermediate_value":96.32}
{"op_code":8,"worker_id":"ca27d457-fadf-483a-a30a-465ef41f328f-139754024333312","trial_id":43,"user_attr":{"train_loss_epoch_11":0.09549899138202433}}
{"op_code":7,"worker_id":"ca27d457-fadf-483a-a30a-465ef41f328f-139754024333312","trial_id":43,"step":12,"intermediate_value":96.46}
{"op_code":8,"worker_id":"ca27d457-fadf-483a-a30a-465ef41f328f-139754024333312","trial_id":43,"user_attr":{"train_loss_epoch_12":0.09305781037606267}}
{"op_code":7,"worker_id":"ca27d457-fadf-483a-a30a-465ef41f328f-139754024333312","trial_id":43,"step":13,"intermediate_value":96.46}
{"op_code":8,"worker_id":"ca27d457-fadf-483a-a30a-465ef41f328f-139754024333312","trial_id":43,"user_attr":{"train_loss_epoch_13":0.08964774650392501}}
{"op_code":7,"worker_id":"ca27d457-fadf-483a-a30a-465ef41f328f-139754024333312","trial_id":43,"step":14,"intermediate_value":96.46}
{"op_code":8,"worker_id":"ca27d457-fadf-483a-a30a-465ef41f328f-139754024333312","trial_id":43,"user_attr":{"train_loss_epoch_14":0.08836572147907812}}
{"op_code":7,"worker_id":"ca27d457-fadf-483a-a30a-465ef41f328f-139754024333312","trial_id":43,"step":15,"intermediate_value":96.57}
{"op_code":8,"worker_id":"ca27d457-fadf-483a-a30a-465ef41f328f-139754024333312","trial_id":43,"user_attr":{"train_loss_epoch_15":0.0867404438041921}}
{"op_code":7,"worker_id":"ca27d457-fadf-483a-a30a-465ef41f328f-139754024333312","trial_id":43,"step":16,"intermediate_value":96.57}
{"op_code":8,"worker_id":"ca27d457-fadf-483a-a30a-465ef41f328f-139754024333312","trial_id":43,"user_attr":{"train_loss_epoch_16":0.0824242722707739}}
{"op_code":7,"worker_id":"ca27d457-fadf-483a-a30a-465ef41f328f-139754024333312","trial_id":43,"step":17,"intermediate_value":96.61}
{"op_code":8,"worker_id":"ca27d457-fadf-483a-a30a-465ef41f328f-139754024333312","trial_id":43,"user_attr":{"train_loss_epoch_17":0.08032171076276838}}
{"op_code":7,"worker_id":"ca27d457-fadf-483a-a30a-465ef41f328f-139754024333312","trial_id":43,"step":18,"intermediate_value":96.61}
{"op_code":8,"worker_id":"ca27d457-fadf-483a-a30a-465ef41f328f-139754024333312","trial_id":43,"user_attr":{"train_loss_epoch_18":0.07863260216580065}}
{"op_code":7,"worker_id":"ca27d457-fadf-483a-a30a-465ef41f328f-139754024333312","trial_id":43,"step":19,"intermediate_value":96.68}
{"op_code":8,"worker_id":"ca27d457-fadf-483a-a30a-465ef41f328f-139754024333312","trial_id":43,"user_attr":{"train_loss_epoch_19":0.07667027501913626}}
{"op_code":7,"worker_id":"ca27d457-fadf-483a-a30a-465ef41f328f-139754024333312","trial_id":43,"step":20,"intermediate_value":96.68}
{"op_code":8,"worker_id":"ca27d457-fadf-483a-a30a-465ef41f328f-139754024333312","trial_id":43,"user_attr":{"train_loss_epoch_20":0.07501527969713019}}
{"op_code":7,"worker_id":"ca27d457-fadf-483a-a30a-465ef41f328f-139754024333312","trial_id":43,"step":21,"intermediate_value":96.79}
{"op_code":8,"worker_id":"ca27d457-fadf-483a-a30a-465ef41f328f-139754024333312","trial_id":43,"user_attr":{"train_loss_epoch_21":0.07257907817027033}}
{"op_code":7,"worker_id":"ca27d457-fadf-483a-a30a-465ef41f328f-139754024333312","trial_id":43,"step":22,"intermediate_value":96.79}
{"op_code":8,"worker_id":"ca27d457-fadf-483a-a30a-465ef41f328f-139754024333312","trial_id":43,"user_attr":{"train_loss_epoch_22":0.07129157586559368}}
{"op_code":7,"worker_id":"ca27d457-fadf-483a-a30a-465ef41f328f-139754024333312","trial_id":43,"step":23,"intermediate_value":96.8}
{"op_code":8,"worker_id":"ca27d457-fadf-483a-a30a-465ef41f328f-139754024333312","trial_id":43,"user_attr":{"train_loss_epoch_23":0.0700369224122076}}
{"op_code":7,"worker_id":"ca27d457-fadf-483a-a30a-465ef41f328f-139754024333312","trial_id":43,"step":24,"intermediate_value":96.82}
{"op_code":8,"worker_id":"ca27d457-fadf-483a-a30a-465ef41f328f-139754024333312","trial_id":43,"user_attr":{"train_loss_epoch_24":0.06963308773630027}}
{"op_code":7,"worker_id":"ca27d457-fadf-483a-a30a-465ef41f328f-139754024333312","trial_id":43,"step":25,"intermediate_value":96.82}
{"op_code":8,"worker_id":"ca27d457-fadf-483a-a30a-465ef41f328f-139754024333312","trial_id":43,"user_attr":{"train_loss_epoch_25":0.06846276558746994}}
{"op_code":7,"worker_id":"ca27d457-fadf-483a-a30a-465ef41f328f-139754024333312","trial_id":43,"step":26,"intermediate_value":96.91}
{"op_code":8,"worker_id":"ca27d457-fadf-483a-a30a-465ef41f328f-139754024333312","trial_id":43,"user_attr":{"train_loss_epoch_26":0.06728405257794204}}
{"op_code":7,"worker_id":"ca27d457-fadf-483a-a30a-465ef41f328f-139754024333312","trial_id":43,"step":27,"intermediate_value":96.91}
{"op_code":8,"worker_id":"ca27d457-fadf-483a-a30a-465ef41f328f-139754024333312","trial_id":43,"user_attr":{"train_loss_epoch_27":0.0655717236267379}}
{"op_code":7,"worker_id":"ca27d457-fadf-483a-a30a-465ef41f328f-139754024333312","trial_id":43,"step":28,"intermediate_value":96.91}
{"op_code":8,"worker_id":"ca27d457-fadf-483a-a30a-465ef41f328f-139754024333312","trial_id":43,"user_attr":{"train_loss_epoch_28":0.06388815953237399}}
{"op_code":7,"worker_id":"ca27d457-fadf-483a-a30a-465ef41f328f-139754024333312","trial_id":43,"step":29,"intermediate_value":96.91}
{"op_code":8,"worker_id":"ca27d457-fadf-483a-a30a-465ef41f328f-139754024333312","trial_id":43,"user_attr":{"train_loss_epoch_29":0.06268880316026525}}
{"op_code":7,"worker_id":"ca27d457-fadf-483a-a30a-465ef41f328f-139754024333312","trial_id":43,"step":30,"intermediate_value":96.94}
{"op_code":8,"worker_id":"ca27d457-fadf-483a-a30a-465ef41f328f-139754024333312","trial_id":43,"user_attr":{"train_loss_epoch_30":0.06181691501955829}}
{"op_code":6,"worker_id":"ca27d457-fadf-483a-a30a-465ef41f328f-139754024333312","trial_id":43,"state":1,"values":[96.94],"datetime_complete":"2026-05-08T02:44:30.000043"}
{"op_code":4,"worker_id":"ca27d457-fadf-483a-a30a-465ef41f328f-139754024333312","study_id":0,"datetime_start":"2026-05-08T02:44:30.002733"}
{"op_code":5,"worker_id":"ca27d457-fadf-483a-a30a-465ef41f328f-139754024333312","trial_id":44,"param_name":"learning_rate","param_value_internal":4.6804383978148785,"distribution":"{\"name\": \"FloatDistribution\", \"attributes\": {\"step\": null, \"low\": 0.006, \"high\": 5.0, \"log\": true}}"}
{"op_code":5,"worker_id":"ca27d457-fadf-483a-a30a-465ef41f328f-139754024333312","trial_id":44,"param_name":"transfer_lr","param_value_internal":1.0913214222944028e-05,"distribution":"{\"name\": \"FloatDistribution\", \"attributes\": {\"step\": null, \"low\": 1e-05, \"high\": 0.03, \"log\": true}}"}
{"op_code":5,"worker_id":"ca27d457-fadf-483a-a30a-465ef41f328f-139754024333312","trial_id":44,"param_name":"transfer_every","param_value_internal":10.0,"distribution":"{\"name\": \"IntDistribution\", \"attributes\": {\"log\": true, \"step\": 1, \"low\": 10, \"high\": 10}}"}
{"op_code":5,"worker_id":"ca27d457-fadf-483a-a30a-465ef41f328f-139754024333312","trial_id":44,"param_name":"rank_exp","param_value_internal":3.0,"distribution":"{\"name\": \"IntDistribution\", \"attributes\": {\"log\": false, \"step\": 1, \"low\": 3, \"high\": 3}}"}
{"op_code":5,"worker_id":"ca27d457-fadf-483a-a30a-465ef41f328f-139754024333312","trial_id":44,"param_name":"fast_lr","param_value_internal":8.2818507758571,"distribution":"{\"name\": \"FloatDistribution\", \"attributes\": {\"step\": null, \"low\": 0.0007, \"high\": 20000.0, \"log\": true}}"}
{"op_code":5,"worker_id":"ca27d457-fadf-483a-a30a-465ef41f328f-139754024333312","trial_id":44,"param_name":"tau_sec","param_value_internal":0.0,"distribution":"{\"name\": \"FloatDistribution\", \"attributes\": {\"step\": null, \"low\": 0.0, \"high\": 0.0, \"log\": false}}"}
{"op_code":5,"worker_id":"ca27d457-fadf-483a-a30a-465ef41f328f-139754024333312","trial_id":44,"param_name":"ab_dw_min","param_value_internal":0.001981,"distribution":"{\"name\": \"FloatDistribution\", \"attributes\": {\"step\": null, \"low\": 0.001981, \"high\": 0.001981, \"log\": true}}"}
{"op_code":5,"worker_id":"ca27d457-fadf-483a-a30a-465ef41f328f-139754024333312","trial_id":44,"param_name":"ab_desired_bl","param_value_internal":31.0,"distribution":"{\"name\": \"IntDistribution\", \"attributes\": {\"log\": false, \"step\": 1, \"low\": 31, \"high\": 31}}"}
{"op_code":5,"worker_id":"ca27d457-fadf-483a-a30a-465ef41f328f-139754024333312","trial_id":44,"param_name":"a_reset_std","param_value_internal":1e-30,"distribution":"{\"name\": \"FloatDistribution\", \"attributes\": {\"step\": null, \"low\": 1e-30, \"high\": 1e-30, \"log\": true}}"}
{"op_code":5,"worker_id":"ca27d457-fadf-483a-a30a-465ef41f328f-139754024333312","trial_id":44,"param_name":"b_reset_std","param_value_internal":2e-05,"distribution":"{\"name\": \"FloatDistribution\", \"attributes\": {\"step\": null, \"low\": 2e-05, \"high\": 30000.0, \"log\": true}}"}
{"op_code":5,"worker_id":"ca27d457-fadf-483a-a30a-465ef41f328f-139754024333312","trial_id":44,"param_name":"c_dw_min","param_value_internal":0.001,"distribution":"{\"name\": \"FloatDistribution\", \"attributes\": {\"step\": null, \"low\": 0.001, \"high\": 0.001, \"log\": true}}"}
{"op_code":5,"worker_id":"ca27d457-fadf-483a-a30a-465ef41f328f-139754024333312","trial_id":44,"param_name":"c_desired_bl","param_value_internal":31.0,"distribution":"{\"name\": \"IntDistribution\", \"attributes\": {\"log\": false, \"step\": 1, \"low\": 31, \"high\": 31}}"}
{"op_code":5,"worker_id":"ca27d457-fadf-483a-a30a-465ef41f328f-139754024333312","trial_id":44,"param_name":"out_noise","param_value_internal":0.0,"distribution":"{\"name\": \"FloatDistribution\", \"attributes\": {\"step\": null, \"low\": 0.0, \"high\": 0.0, \"log\": false}}"}
{"op_code":5,"worker_id":"ca27d457-fadf-483a-a30a-465ef41f328f-139754024333312","trial_id":44,"param_name":"ab_weight_scaling_omega","param_value_internal":0.0,"distribution":"{\"name\": \"FloatDistribution\", \"attributes\": {\"step\": null, \"low\": 0.0, \"high\": 0.0, \"log\": false}}"}
{"op_code":8,"worker_id":"ca27d457-fadf-483a-a30a-465ef41f328f-139754024333312","trial_id":44,"user_attr":{"grad_accum_steps":1}}
{"op_code":7,"worker_id":"ca27d457-fadf-483a-a30a-465ef41f328f-139754024333312","trial_id":44,"step":1,"intermediate_value":86.89}
{"op_code":8,"worker_id":"ca27d457-fadf-483a-a30a-465ef41f328f-139754024333312","trial_id":44,"user_attr":{"train_loss_epoch_1":0.5001026484678422}}
{"op_code":7,"worker_id":"ca27d457-fadf-483a-a30a-465ef41f328f-139754024333312","trial_id":44,"step":2,"intermediate_value":86.89}
{"op_code":8,"worker_id":"ca27d457-fadf-483a-a30a-465ef41f328f-139754024333312","trial_id":44,"user_attr":{"train_loss_epoch_2":0.4038076840722358}}
{"op_code":7,"worker_id":"ca27d457-fadf-483a-a30a-465ef41f328f-139754024333312","trial_id":44,"step":3,"intermediate_value":86.89}
{"op_code":8,"worker_id":"ca27d457-fadf-483a-a30a-465ef41f328f-139754024333312","trial_id":44,"user_attr":{"train_loss_epoch_3":0.40207726004789635}}
{"op_code":7,"worker_id":"ca27d457-fadf-483a-a30a-465ef41f328f-139754024333312","trial_id":44,"step":4,"intermediate_value":86.89}
{"op_code":8,"worker_id":"ca27d457-fadf-483a-a30a-465ef41f328f-139754024333312","trial_id":44,"user_attr":{"train_loss_epoch_4":0.3911408878910516}}
{"op_code":7,"worker_id":"ca27d457-fadf-483a-a30a-465ef41f328f-139754024333312","trial_id":44,"step":5,"intermediate_value":88.2}
{"op_code":8,"worker_id":"ca27d457-fadf-483a-a30a-465ef41f328f-139754024333312","trial_id":44,"user_attr":{"train_loss_epoch_5":0.386482987195444}}
{"op_code":7,"worker_id":"ca27d457-fadf-483a-a30a-465ef41f328f-139754024333312","trial_id":44,"step":6,"intermediate_value":88.2}
{"op_code":8,"worker_id":"ca27d457-fadf-483a-a30a-465ef41f328f-139754024333312","trial_id":44,"user_attr":{"train_loss_epoch_6":0.38330227340748313}}
{"op_code":7,"worker_id":"ca27d457-fadf-483a-a30a-465ef41f328f-139754024333312","trial_id":44,"step":7,"intermediate_value":88.2}
{"op_code":8,"worker_id":"ca27d457-fadf-483a-a30a-465ef41f328f-139754024333312","trial_id":44,"user_attr":{"train_loss_epoch_7":0.3786518344604003}}
{"op_code":7,"worker_id":"ca27d457-fadf-483a-a30a-465ef41f328f-139754024333312","trial_id":44,"step":8,"intermediate_value":88.86}
{"op_code":8,"worker_id":"ca27d457-fadf-483a-a30a-465ef41f328f-139754024333312","trial_id":44,"user_attr":{"train_loss_epoch_8":0.38481567261506244}}
{"op_code":7,"worker_id":"ca27d457-fadf-483a-a30a-465ef41f328f-139754024333312","trial_id":44,"step":9,"intermediate_value":88.86}
{"op_code":8,"worker_id":"ca27d457-fadf-483a-a30a-465ef41f328f-139754024333312","trial_id":44,"user_attr":{"train_loss_epoch_9":0.38304458950151765}}
{"op_code":7,"worker_id":"ca27d457-fadf-483a-a30a-465ef41f328f-139754024333312","trial_id":44,"step":10,"intermediate_value":88.98}
{"op_code":8,"worker_id":"ca27d457-fadf-483a-a30a-465ef41f328f-139754024333312","trial_id":44,"user_attr":{"train_loss_epoch_10":0.38436754260744366}}
{"op_code":7,"worker_id":"ca27d457-fadf-483a-a30a-465ef41f328f-139754024333312","trial_id":44,"step":11,"intermediate_value":90.08}
{"op_code":8,"worker_id":"ca27d457-fadf-483a-a30a-465ef41f328f-139754024333312","trial_id":44,"user_attr":{"train_loss_epoch_11":0.30083132858501316}}
{"op_code":7,"worker_id":"ca27d457-fadf-483a-a30a-465ef41f328f-139754024333312","trial_id":44,"step":12,"intermediate_value":90.43}
{"op_code":8,"worker_id":"ca27d457-fadf-483a-a30a-465ef41f328f-139754024333312","trial_id":44,"user_attr":{"train_loss_epoch_12":0.2973204645266665}}
{"op_code":7,"worker_id":"ca27d457-fadf-483a-a30a-465ef41f328f-139754024333312","trial_id":44,"step":13,"intermediate_value":90.43}
{"op_code":8,"worker_id":"ca27d457-fadf-483a-a30a-465ef41f328f-139754024333312","trial_id":44,"user_attr":{"train_loss_epoch_13":0.2965364011087969}}
{"op_code":7,"worker_id":"ca27d457-fadf-483a-a30a-465ef41f328f-139754024333312","trial_id":44,"step":14,"intermediate_value":90.68}
{"op_code":8,"worker_id":"ca27d457-fadf-483a-a30a-465ef41f328f-139754024333312","trial_id":44,"user_attr":{"train_loss_epoch_14":0.29592116410210567}}
{"op_code":7,"worker_id":"ca27d457-fadf-483a-a30a-465ef41f328f-139754024333312","trial_id":44,"step":15,"intermediate_value":90.68}
{"op_code":8,"worker_id":"ca27d457-fadf-483a-a30a-465ef41f328f-139754024333312","trial_id":44,"user_attr":{"train_loss_epoch_15":0.2956200005419092}}
{"op_code":7,"worker_id":"ca27d457-fadf-483a-a30a-465ef41f328f-139754024333312","trial_id":44,"step":16,"intermediate_value":90.69}
{"op_code":8,"worker_id":"ca27d457-fadf-483a-a30a-465ef41f328f-139754024333312","trial_id":44,"user_attr":{"train_loss_epoch_16":0.29626718081676884}}
{"op_code":7,"worker_id":"ca27d457-fadf-483a-a30a-465ef41f328f-139754024333312","trial_id":44,"step":17,"intermediate_value":90.69}
{"op_code":8,"worker_id":"ca27d457-fadf-483a-a30a-465ef41f328f-139754024333312","trial_id":44,"user_attr":{"train_loss_epoch_17":0.2954059044864259}}
{"op_code":7,"worker_id":"ca27d457-fadf-483a-a30a-465ef41f328f-139754024333312","trial_id":44,"step":18,"intermediate_value":90.69}
{"op_code":8,"worker_id":"ca27d457-fadf-483a-a30a-465ef41f328f-139754024333312","trial_id":44,"user_attr":{"train_loss_epoch_18":0.29457976587259693}}
{"op_code":7,"worker_id":"ca27d457-fadf-483a-a30a-465ef41f328f-139754024333312","trial_id":44,"step":19,"intermediate_value":90.69}
{"op_code":8,"worker_id":"ca27d457-fadf-483a-a30a-465ef41f328f-139754024333312","trial_id":44,"user_attr":{"train_loss_epoch_19":0.2953636825783675}}
{"op_code":7,"worker_id":"ca27d457-fadf-483a-a30a-465ef41f328f-139754024333312","trial_id":44,"step":20,"intermediate_value":90.69}
{"op_code":8,"worker_id":"ca27d457-fadf-483a-a30a-465ef41f328f-139754024333312","trial_id":44,"user_attr":{"train_loss_epoch_20":0.2955077079925011}}
{"op_code":7,"worker_id":"ca27d457-fadf-483a-a30a-465ef41f328f-139754024333312","trial_id":44,"step":21,"intermediate_value":90.82}
{"op_code":8,"worker_id":"ca27d457-fadf-483a-a30a-465ef41f328f-139754024333312","trial_id":44,"user_attr":{"train_loss_epoch_21":0.2687753302408561}}
{"op_code":7,"worker_id":"ca27d457-fadf-483a-a30a-465ef41f328f-139754024333312","trial_id":44,"step":22,"intermediate_value":91.05}
{"op_code":8,"worker_id":"ca27d457-fadf-483a-a30a-465ef41f328f-139754024333312","trial_id":44,"user_attr":{"train_loss_epoch_22":0.2668969019341952}}
{"op_code":7,"worker_id":"ca27d457-fadf-483a-a30a-465ef41f328f-139754024333312","trial_id":44,"step":23,"intermediate_value":91.12}
{"op_code":8,"worker_id":"ca27d457-fadf-483a-a30a-465ef41f328f-139754024333312","trial_id":44,"user_attr":{"train_loss_epoch_23":0.2665584672854018}}
{"op_code":7,"worker_id":"ca27d457-fadf-483a-a30a-465ef41f328f-139754024333312","trial_id":44,"step":24,"intermediate_value":91.12}
{"op_code":8,"worker_id":"ca27d457-fadf-483a-a30a-465ef41f328f-139754024333312","trial_id":44,"user_attr":{"train_loss_epoch_24":0.2672345991025983}}
{"op_code":7,"worker_id":"ca27d457-fadf-483a-a30a-465ef41f328f-139754024333312","trial_id":44,"step":25,"intermediate_value":91.12}
{"op_code":8,"worker_id":"ca27d457-fadf-483a-a30a-465ef41f328f-139754024333312","trial_id":44,"user_attr":{"train_loss_epoch_25":0.2666601404976616}}
{"op_code":7,"worker_id":"ca27d457-fadf-483a-a30a-465ef41f328f-139754024333312","trial_id":44,"step":26,"intermediate_value":91.19}
{"op_code":8,"worker_id":"ca27d457-fadf-483a-a30a-465ef41f328f-139754024333312","trial_id":44,"user_attr":{"train_loss_epoch_26":0.2654042356391388}}
{"op_code":7,"worker_id":"ca27d457-fadf-483a-a30a-465ef41f328f-139754024333312","trial_id":44,"step":27,"intermediate_value":91.19}
{"op_code":8,"worker_id":"ca27d457-fadf-483a-a30a-465ef41f328f-139754024333312","trial_id":44,"user_attr":{"train_loss_epoch_27":0.2665322124799177}}
{"op_code":7,"worker_id":"ca27d457-fadf-483a-a30a-465ef41f328f-139754024333312","trial_id":44,"step":28,"intermediate_value":91.19}
{"op_code":8,"worker_id":"ca27d457-fadf-483a-a30a-465ef41f328f-139754024333312","trial_id":44,"user_attr":{"train_loss_epoch_28":0.2668955039534805}}
{"op_code":7,"worker_id":"ca27d457-fadf-483a-a30a-465ef41f328f-139754024333312","trial_id":44,"step":29,"intermediate_value":91.43}
{"op_code":8,"worker_id":"ca27d457-fadf-483a-a30a-465ef41f328f-139754024333312","trial_id":44,"user_attr":{"train_loss_epoch_29":0.2665675082512057}}
{"op_code":7,"worker_id":"ca27d457-fadf-483a-a30a-465ef41f328f-139754024333312","trial_id":44,"step":30,"intermediate_value":91.43}
{"op_code":8,"worker_id":"ca27d457-fadf-483a-a30a-465ef41f328f-139754024333312","trial_id":44,"user_attr":{"train_loss_epoch_30":0.2662042795356784}}
{"op_code":6,"worker_id":"ca27d457-fadf-483a-a30a-465ef41f328f-139754024333312","trial_id":44,"state":1,"values":[91.43],"datetime_complete":"2026-05-08T02:55:09.420106"}
{"op_code":4,"worker_id":"ca27d457-fadf-483a-a30a-465ef41f328f-139754024333312","study_id":0,"datetime_start":"2026-05-08T02:55:09.426113"}
{"op_code":5,"worker_id":"ca27d457-fadf-483a-a30a-465ef41f328f-139754024333312","trial_id":45,"param_name":"learning_rate","param_value_internal":5.0,"distribution":"{\"name\": \"FloatDistribution\", \"attributes\": {\"step\": null, \"low\": 0.006, \"high\": 5.0, \"log\": true}}"}
{"op_code":5,"worker_id":"ca27d457-fadf-483a-a30a-465ef41f328f-139754024333312","trial_id":45,"param_name":"transfer_lr","param_value_internal":1.0214087670239538e-05,"distribution":"{\"name\": \"FloatDistribution\", \"attributes\": {\"step\": null, \"low\": 1e-05, \"high\": 0.03, \"log\": true}}"}
{"op_code":5,"worker_id":"ca27d457-fadf-483a-a30a-465ef41f328f-139754024333312","trial_id":45,"param_name":"transfer_every","param_value_internal":10.0,"distribution":"{\"name\": \"IntDistribution\", \"attributes\": {\"log\": true, \"step\": 1, \"low\": 10, \"high\": 10}}"}
{"op_code":5,"worker_id":"ca27d457-fadf-483a-a30a-465ef41f328f-139754024333312","trial_id":45,"param_name":"rank_exp","param_value_internal":3.0,"distribution":"{\"name\": \"IntDistribution\", \"attributes\": {\"log\": false, \"step\": 1, \"low\": 3, \"high\": 3}}"}
{"op_code":5,"worker_id":"ca27d457-fadf-483a-a30a-465ef41f328f-139754024333312","trial_id":45,"param_name":"fast_lr","param_value_internal":0.19174951274440943,"distribution":"{\"name\": \"FloatDistribution\", \"attributes\": {\"step\": null, \"low\": 0.0007, \"high\": 20000.0, \"log\": true}}"}
{"op_code":5,"worker_id":"ca27d457-fadf-483a-a30a-465ef41f328f-139754024333312","trial_id":45,"param_name":"tau_sec","param_value_internal":0.0,"distribution":"{\"name\": \"FloatDistribution\", \"attributes\": {\"step\": null, \"low\": 0.0, \"high\": 0.0, \"log\": false}}"}
{"op_code":5,"worker_id":"ca27d457-fadf-483a-a30a-465ef41f328f-139754024333312","trial_id":45,"param_name":"ab_dw_min","param_value_internal":0.001981,"distribution":"{\"name\": \"FloatDistribution\", \"attributes\": {\"step\": null, \"low\": 0.001981, \"high\": 0.001981, \"log\": true}}"}
{"op_code":5,"worker_id":"ca27d457-fadf-483a-a30a-465ef41f328f-139754024333312","trial_id":45,"param_name":"ab_desired_bl","param_value_internal":31.0,"distribution":"{\"name\": \"IntDistribution\", \"attributes\": {\"log\": false, \"step\": 1, \"low\": 31, \"high\": 31}}"}
{"op_code":5,"worker_id":"ca27d457-fadf-483a-a30a-465ef41f328f-139754024333312","trial_id":45,"param_name":"a_reset_std","param_value_internal":1e-30,"distribution":"{\"name\": \"FloatDistribution\", \"attributes\": {\"step\": null, \"low\": 1e-30, \"high\": 1e-30, \"log\": true}}"}
{"op_code":5,"worker_id":"ca27d457-fadf-483a-a30a-465ef41f328f-139754024333312","trial_id":45,"param_name":"b_reset_std","param_value_internal":29327.750168415747,"distribution":"{\"name\": \"FloatDistribution\", \"attributes\": {\"step\": null, \"low\": 2e-05, \"high\": 30000.0, \"log\": true}}"}
{"op_code":5,"worker_id":"ca27d457-fadf-483a-a30a-465ef41f328f-139754024333312","trial_id":45,"param_name":"c_dw_min","param_value_internal":0.001,"distribution":"{\"name\": \"FloatDistribution\", \"attributes\": {\"step\": null, \"low\": 0.001, \"high\": 0.001, \"log\": true}}"}
{"op_code":5,"worker_id":"ca27d457-fadf-483a-a30a-465ef41f328f-139754024333312","trial_id":45,"param_name":"c_desired_bl","param_value_internal":31.0,"distribution":"{\"name\": \"IntDistribution\", \"attributes\": {\"log\": false, \"step\": 1, \"low\": 31, \"high\": 31}}"}
{"op_code":5,"worker_id":"ca27d457-fadf-483a-a30a-465ef41f328f-139754024333312","trial_id":45,"param_name":"out_noise","param_value_internal":0.0,"distribution":"{\"name\": \"FloatDistribution\", \"attributes\": {\"step\": null, \"low\": 0.0, \"high\": 0.0, \"log\": false}}"}
{"op_code":5,"worker_id":"ca27d457-fadf-483a-a30a-465ef41f328f-139754024333312","trial_id":45,"param_name":"ab_weight_scaling_omega","param_value_internal":0.0,"distribution":"{\"name\": \"FloatDistribution\", \"attributes\": {\"step\": null, \"low\": 0.0, \"high\": 0.0, \"log\": false}}"}
{"op_code":8,"worker_id":"ca27d457-fadf-483a-a30a-465ef41f328f-139754024333312","trial_id":45,"user_attr":{"grad_accum_steps":1}}
{"op_code":7,"worker_id":"ca27d457-fadf-483a-a30a-465ef41f328f-139754024333312","trial_id":45,"step":1,"intermediate_value":85.21}
{"op_code":8,"worker_id":"ca27d457-fadf-483a-a30a-465ef41f328f-139754024333312","trial_id":45,"user_attr":{"train_loss_epoch_1":0.5021527306929326}}
{"op_code":7,"worker_id":"ca27d457-fadf-483a-a30a-465ef41f328f-139754024333312","trial_id":45,"step":2,"intermediate_value":85.21}
{"op_code":8,"worker_id":"ca27d457-fadf-483a-a30a-465ef41f328f-139754024333312","trial_id":45,"user_attr":{"train_loss_epoch_2":0.4049326072830254}}
{"op_code":7,"worker_id":"ca27d457-fadf-483a-a30a-465ef41f328f-139754024333312","trial_id":45,"step":3,"intermediate_value":87.85}
{"op_code":8,"worker_id":"ca27d457-fadf-483a-a30a-465ef41f328f-139754024333312","trial_id":45,"user_attr":{"train_loss_epoch_3":0.39851215813777596}}
{"op_code":7,"worker_id":"ca27d457-fadf-483a-a30a-465ef41f328f-139754024333312","trial_id":45,"step":4,"intermediate_value":87.85}
{"op_code":8,"worker_id":"ca27d457-fadf-483a-a30a-465ef41f328f-139754024333312","trial_id":45,"user_attr":{"train_loss_epoch_4":0.389422496522604}}
{"op_code":7,"worker_id":"ca27d457-fadf-483a-a30a-465ef41f328f-139754024333312","trial_id":45,"step":5,"intermediate_value":88.29}
{"op_code":8,"worker_id":"ca27d457-fadf-483a-a30a-465ef41f328f-139754024333312","trial_id":45,"user_attr":{"train_loss_epoch_5":0.38349549718963694}}
{"op_code":7,"worker_id":"ca27d457-fadf-483a-a30a-465ef41f328f-139754024333312","trial_id":45,"step":6,"intermediate_value":88.29}
{"op_code":8,"worker_id":"ca27d457-fadf-483a-a30a-465ef41f328f-139754024333312","trial_id":45,"user_attr":{"train_loss_epoch_6":0.38528729633672404}}
{"op_code":7,"worker_id":"ca27d457-fadf-483a-a30a-465ef41f328f-139754024333312","trial_id":45,"step":7,"intermediate_value":88.29}
{"op_code":8,"worker_id":"ca27d457-fadf-483a-a30a-465ef41f328f-139754024333312","trial_id":45,"user_attr":{"train_loss_epoch_7":0.3884680075034785}}
{"op_code":7,"worker_id":"ca27d457-fadf-483a-a30a-465ef41f328f-139754024333312","trial_id":45,"step":8,"intermediate_value":88.29}
{"op_code":8,"worker_id":"ca27d457-fadf-483a-a30a-465ef41f328f-139754024333312","trial_id":45,"user_attr":{"train_loss_epoch_8":0.373287975156644}}
{"op_code":7,"worker_id":"ca27d457-fadf-483a-a30a-465ef41f328f-139754024333312","trial_id":45,"step":9,"intermediate_value":88.29}
{"op_code":8,"worker_id":"ca27d457-fadf-483a-a30a-465ef41f328f-139754024333312","trial_id":45,"user_attr":{"train_loss_epoch_9":0.3730948543720154}}
{"op_code":7,"worker_id":"ca27d457-fadf-483a-a30a-465ef41f328f-139754024333312","trial_id":45,"step":10,"intermediate_value":88.65}
{"op_code":8,"worker_id":"ca27d457-fadf-483a-a30a-465ef41f328f-139754024333312","trial_id":45,"user_attr":{"train_loss_epoch_10":0.372066914423633}}
{"op_code":7,"worker_id":"ca27d457-fadf-483a-a30a-465ef41f328f-139754024333312","trial_id":45,"step":11,"intermediate_value":91.61}
{"op_code":8,"worker_id":"ca27d457-fadf-483a-a30a-465ef41f328f-139754024333312","trial_id":45,"user_attr":{"train_loss_epoch_11":0.28883505639220985}}
{"op_code":7,"worker_id":"ca27d457-fadf-483a-a30a-465ef41f328f-139754024333312","trial_id":45,"step":12,"intermediate_value":91.61}
{"op_code":8,"worker_id":"ca27d457-fadf-483a-a30a-465ef41f328f-139754024333312","trial_id":45,"user_attr":{"train_loss_epoch_12":0.2809128262110547}}
{"op_code":7,"worker_id":"ca27d457-fadf-483a-a30a-465ef41f328f-139754024333312","trial_id":45,"step":13,"intermediate_value":91.61}
{"op_code":8,"worker_id":"ca27d457-fadf-483a-a30a-465ef41f328f-139754024333312","trial_id":45,"user_attr":{"train_loss_epoch_13":0.2784566079804511}}
{"op_code":7,"worker_id":"ca27d457-fadf-483a-a30a-465ef41f328f-139754024333312","trial_id":45,"step":14,"intermediate_value":91.61}
{"op_code":8,"worker_id":"ca27d457-fadf-483a-a30a-465ef41f328f-139754024333312","trial_id":45,"user_attr":{"train_loss_epoch_14":0.27705379694040966}}
{"op_code":7,"worker_id":"ca27d457-fadf-483a-a30a-465ef41f328f-139754024333312","trial_id":45,"step":15,"intermediate_value":91.61}
{"op_code":8,"worker_id":"ca27d457-fadf-483a-a30a-465ef41f328f-139754024333312","trial_id":45,"user_attr":{"train_loss_epoch_15":0.27541228133970613}}
{"op_code":7,"worker_id":"ca27d457-fadf-483a-a30a-465ef41f328f-139754024333312","trial_id":45,"step":16,"intermediate_value":91.61}
{"op_code":8,"worker_id":"ca27d457-fadf-483a-a30a-465ef41f328f-139754024333312","trial_id":45,"user_attr":{"train_loss_epoch_16":0.27480793281642996}}
{"op_code":6,"worker_id":"ca27d457-fadf-483a-a30a-465ef41f328f-139754024333312","trial_id":45,"state":1,"values":[91.61],"datetime_complete":"2026-05-08T03:01:30.751179"}
{"op_code":4,"worker_id":"ca27d457-fadf-483a-a30a-465ef41f328f-139754024333312","study_id":0,"datetime_start":"2026-05-08T03:01:30.756642"}
{"op_code":5,"worker_id":"ca27d457-fadf-483a-a30a-465ef41f328f-139754024333312","trial_id":46,"param_name":"learning_rate","param_value_internal":4.945224222337506,"distribution":"{\"name\": \"FloatDistribution\", \"attributes\": {\"step\": null, \"low\": 0.006, \"high\": 5.0, \"log\": true}}"}
{"op_code":5,"worker_id":"ca27d457-fadf-483a-a30a-465ef41f328f-139754024333312","trial_id":46,"param_name":"transfer_lr","param_value_internal":0.0002994373139916068,"distribution":"{\"name\": \"FloatDistribution\", \"attributes\": {\"step\": null, \"low\": 1e-05, \"high\": 0.03, \"log\": true}}"}
{"op_code":5,"worker_id":"ca27d457-fadf-483a-a30a-465ef41f328f-139754024333312","trial_id":46,"param_name":"transfer_every","param_value_internal":10.0,"distribution":"{\"name\": \"IntDistribution\", \"attributes\": {\"log\": true, \"step\": 1, \"low\": 10, \"high\": 10}}"}
{"op_code":5,"worker_id":"ca27d457-fadf-483a-a30a-465ef41f328f-139754024333312","trial_id":46,"param_name":"rank_exp","param_value_internal":3.0,"distribution":"{\"name\": \"IntDistribution\", \"attributes\": {\"log\": false, \"step\": 1, \"low\": 3, \"high\": 3}}"}
{"op_code":5,"worker_id":"ca27d457-fadf-483a-a30a-465ef41f328f-139754024333312","trial_id":46,"param_name":"fast_lr","param_value_internal":25.374918410573333,"distribution":"{\"name\": \"FloatDistribution\", \"attributes\": {\"step\": null, \"low\": 0.0007, \"high\": 20000.0, \"log\": true}}"}
{"op_code":5,"worker_id":"ca27d457-fadf-483a-a30a-465ef41f328f-139754024333312","trial_id":46,"param_name":"tau_sec","param_value_internal":0.0,"distribution":"{\"name\": \"FloatDistribution\", \"attributes\": {\"step\": null, \"low\": 0.0, \"high\": 0.0, \"log\": false}}"}
{"op_code":5,"worker_id":"ca27d457-fadf-483a-a30a-465ef41f328f-139754024333312","trial_id":46,"param_name":"ab_dw_min","param_value_internal":0.001981,"distribution":"{\"name\": \"FloatDistribution\", \"attributes\": {\"step\": null, \"low\": 0.001981, \"high\": 0.001981, \"log\": true}}"}
{"op_code":5,"worker_id":"ca27d457-fadf-483a-a30a-465ef41f328f-139754024333312","trial_id":46,"param_name":"ab_desired_bl","param_value_internal":31.0,"distribution":"{\"name\": \"IntDistribution\", \"attributes\": {\"log\": false, \"step\": 1, \"low\": 31, \"high\": 31}}"}
{"op_code":5,"worker_id":"ca27d457-fadf-483a-a30a-465ef41f328f-139754024333312","trial_id":46,"param_name":"a_reset_std","param_value_internal":1e-30,"distribution":"{\"name\": \"FloatDistribution\", \"attributes\": {\"step\": null, \"low\": 1e-30, \"high\": 1e-30, \"log\": true}}"}
{"op_code":5,"worker_id":"ca27d457-fadf-483a-a30a-465ef41f328f-139754024333312","trial_id":46,"param_name":"b_reset_std","param_value_internal":30000.0,"distribution":"{\"name\": \"FloatDistribution\", \"attributes\": {\"step\": null, \"low\": 2e-05, \"high\": 30000.0, \"log\": true}}"}
{"op_code":5,"worker_id":"ca27d457-fadf-483a-a30a-465ef41f328f-139754024333312","trial_id":46,"param_name":"c_dw_min","param_value_internal":0.001,"distribution":"{\"name\": \"FloatDistribution\", \"attributes\": {\"step\": null, \"low\": 0.001, \"high\": 0.001, \"log\": true}}"}
{"op_code":5,"worker_id":"ca27d457-fadf-483a-a30a-465ef41f328f-139754024333312","trial_id":46,"param_name":"c_desired_bl","param_value_internal":31.0,"distribution":"{\"name\": \"IntDistribution\", \"attributes\": {\"log\": false, \"step\": 1, \"low\": 31, \"high\": 31}}"}
{"op_code":5,"worker_id":"ca27d457-fadf-483a-a30a-465ef41f328f-139754024333312","trial_id":46,"param_name":"out_noise","param_value_internal":0.0,"distribution":"{\"name\": \"FloatDistribution\", \"attributes\": {\"step\": null, \"low\": 0.0, \"high\": 0.0, \"log\": false}}"}
{"op_code":5,"worker_id":"ca27d457-fadf-483a-a30a-465ef41f328f-139754024333312","trial_id":46,"param_name":"ab_weight_scaling_omega","param_value_internal":0.0,"distribution":"{\"name\": \"FloatDistribution\", \"attributes\": {\"step\": null, \"low\": 0.0, \"high\": 0.0, \"log\": false}}"}
{"op_code":8,"worker_id":"ca27d457-fadf-483a-a30a-465ef41f328f-139754024333312","trial_id":46,"user_attr":{"grad_accum_steps":1}}
{"op_code":7,"worker_id":"ca27d457-fadf-483a-a30a-465ef41f328f-139754024333312","trial_id":46,"step":1,"intermediate_value":90.96}
{"op_code":8,"worker_id":"ca27d457-fadf-483a-a30a-465ef41f328f-139754024333312","trial_id":46,"user_attr":{"train_loss_epoch_1":0.47412212730160974}}
{"op_code":7,"worker_id":"ca27d457-fadf-483a-a30a-465ef41f328f-139754024333312","trial_id":46,"step":2,"intermediate_value":90.96}
{"op_code":8,"worker_id":"ca27d457-fadf-483a-a30a-465ef41f328f-139754024333312","trial_id":46,"user_attr":{"train_loss_epoch_2":0.3721221560544805}}
{"op_code":7,"worker_id":"ca27d457-fadf-483a-a30a-465ef41f328f-139754024333312","trial_id":46,"step":3,"intermediate_value":90.96}
{"op_code":8,"worker_id":"ca27d457-fadf-483a-a30a-465ef41f328f-139754024333312","trial_id":46,"user_attr":{"train_loss_epoch_3":0.36236818012858885}}
{"op_code":7,"worker_id":"ca27d457-fadf-483a-a30a-465ef41f328f-139754024333312","trial_id":46,"step":4,"intermediate_value":91.14}
{"op_code":8,"worker_id":"ca27d457-fadf-483a-a30a-465ef41f328f-139754024333312","trial_id":46,"user_attr":{"train_loss_epoch_4":0.3475575786826612}}
{"op_code":7,"worker_id":"ca27d457-fadf-483a-a30a-465ef41f328f-139754024333312","trial_id":46,"step":5,"intermediate_value":91.14}
{"op_code":8,"worker_id":"ca27d457-fadf-483a-a30a-465ef41f328f-139754024333312","trial_id":46,"user_attr":{"train_loss_epoch_5":0.3488092414522444}}
{"op_code":7,"worker_id":"ca27d457-fadf-483a-a30a-465ef41f328f-139754024333312","trial_id":46,"step":6,"intermediate_value":91.14}
{"op_code":8,"worker_id":"ca27d457-fadf-483a-a30a-465ef41f328f-139754024333312","trial_id":46,"user_attr":{"train_loss_epoch_6":0.3534013357386787}}
{"op_code":7,"worker_id":"ca27d457-fadf-483a-a30a-465ef41f328f-139754024333312","trial_id":46,"step":7,"intermediate_value":91.14}
{"op_code":8,"worker_id":"ca27d457-fadf-483a-a30a-465ef41f328f-139754024333312","trial_id":46,"user_attr":{"train_loss_epoch_7":0.36472292668196055}}
{"op_code":7,"worker_id":"ca27d457-fadf-483a-a30a-465ef41f328f-139754024333312","trial_id":46,"step":8,"intermediate_value":92.2}
{"op_code":8,"worker_id":"ca27d457-fadf-483a-a30a-465ef41f328f-139754024333312","trial_id":46,"user_attr":{"train_loss_epoch_8":0.3568790271095852}}
{"op_code":7,"worker_id":"ca27d457-fadf-483a-a30a-465ef41f328f-139754024333312","trial_id":46,"step":9,"intermediate_value":92.2}
{"op_code":8,"worker_id":"ca27d457-fadf-483a-a30a-465ef41f328f-139754024333312","trial_id":46,"user_attr":{"train_loss_epoch_9":0.35441157873521356}}
{"op_code":7,"worker_id":"ca27d457-fadf-483a-a30a-465ef41f328f-139754024333312","trial_id":46,"step":10,"intermediate_value":92.2}
{"op_code":8,"worker_id":"ca27d457-fadf-483a-a30a-465ef41f328f-139754024333312","trial_id":46,"user_attr":{"train_loss_epoch_10":0.35513901290322925}}
{"op_code":7,"worker_id":"ca27d457-fadf-483a-a30a-465ef41f328f-139754024333312","trial_id":46,"step":11,"intermediate_value":92.53}
{"op_code":8,"worker_id":"ca27d457-fadf-483a-a30a-465ef41f328f-139754024333312","trial_id":46,"user_attr":{"train_loss_epoch_11":0.23188345353883594}}
{"op_code":7,"worker_id":"ca27d457-fadf-483a-a30a-465ef41f328f-139754024333312","trial_id":46,"step":12,"intermediate_value":93.65}
{"op_code":8,"worker_id":"ca27d457-fadf-483a-a30a-465ef41f328f-139754024333312","trial_id":46,"user_attr":{"train_loss_epoch_12":0.2255060137636753}}
{"op_code":7,"worker_id":"ca27d457-fadf-483a-a30a-465ef41f328f-139754024333312","trial_id":46,"step":13,"intermediate_value":93.65}
{"op_code":8,"worker_id":"ca27d457-fadf-483a-a30a-465ef41f328f-139754024333312","trial_id":46,"user_attr":{"train_loss_epoch_13":0.23179569306658276}}
{"op_code":7,"worker_id":"ca27d457-fadf-483a-a30a-465ef41f328f-139754024333312","trial_id":46,"step":14,"intermediate_value":93.65}
{"op_code":8,"worker_id":"ca27d457-fadf-483a-a30a-465ef41f328f-139754024333312","trial_id":46,"user_attr":{"train_loss_epoch_14":0.23139021710864008}}
{"op_code":7,"worker_id":"ca27d457-fadf-483a-a30a-465ef41f328f-139754024333312","trial_id":46,"step":15,"intermediate_value":93.65}
{"op_code":8,"worker_id":"ca27d457-fadf-483a-a30a-465ef41f328f-139754024333312","trial_id":46,"user_attr":{"train_loss_epoch_15":0.23107235732355288}}
{"op_code":7,"worker_id":"ca27d457-fadf-483a-a30a-465ef41f328f-139754024333312","trial_id":46,"step":16,"intermediate_value":93.65}
{"op_code":8,"worker_id":"ca27d457-fadf-483a-a30a-465ef41f328f-139754024333312","trial_id":46,"user_attr":{"train_loss_epoch_16":0.23224648497482417}}
{"op_code":7,"worker_id":"ca27d457-fadf-483a-a30a-465ef41f328f-139754024333312","trial_id":46,"step":17,"intermediate_value":93.65}
{"op_code":8,"worker_id":"ca27d457-fadf-483a-a30a-465ef41f328f-139754024333312","trial_id":46,"user_attr":{"train_loss_epoch_17":0.23230139148046278}}
{"op_code":6,"worker_id":"ca27d457-fadf-483a-a30a-465ef41f328f-139754024333312","trial_id":46,"state":1,"values":[93.65],"datetime_complete":"2026-05-08T03:08:15.348389"}
{"op_code":4,"worker_id":"ca27d457-fadf-483a-a30a-465ef41f328f-139754024333312","study_id":0,"datetime_start":"2026-05-08T03:08:15.355700"}
{"op_code":5,"worker_id":"ca27d457-fadf-483a-a30a-465ef41f328f-139754024333312","trial_id":47,"param_name":"learning_rate","param_value_internal":0.006429557550781717,"distribution":"{\"name\": \"FloatDistribution\", \"attributes\": {\"step\": null, \"low\": 0.006, \"high\": 5.0, \"log\": true}}"}
{"op_code":5,"worker_id":"ca27d457-fadf-483a-a30a-465ef41f328f-139754024333312","trial_id":47,"param_name":"transfer_lr","param_value_internal":1.084491794802278e-05,"distribution":"{\"name\": \"FloatDistribution\", \"attributes\": {\"step\": null, \"low\": 1e-05, \"high\": 0.03, \"log\": true}}"}
{"op_code":5,"worker_id":"ca27d457-fadf-483a-a30a-465ef41f328f-139754024333312","trial_id":47,"param_name":"transfer_every","param_value_internal":10.0,"distribution":"{\"name\": \"IntDistribution\", \"attributes\": {\"log\": true, \"step\": 1, \"low\": 10, \"high\": 10}}"}
{"op_code":5,"worker_id":"ca27d457-fadf-483a-a30a-465ef41f328f-139754024333312","trial_id":47,"param_name":"rank_exp","param_value_internal":3.0,"distribution":"{\"name\": \"IntDistribution\", \"attributes\": {\"log\": false, \"step\": 1, \"low\": 3, \"high\": 3}}"}
{"op_code":5,"worker_id":"ca27d457-fadf-483a-a30a-465ef41f328f-139754024333312","trial_id":47,"param_name":"fast_lr","param_value_internal":20000.0,"distribution":"{\"name\": \"FloatDistribution\", \"attributes\": {\"step\": null, \"low\": 0.0007, \"high\": 20000.0, \"log\": true}}"}
{"op_code":5,"worker_id":"ca27d457-fadf-483a-a30a-465ef41f328f-139754024333312","trial_id":47,"param_name":"tau_sec","param_value_internal":0.0,"distribution":"{\"name\": \"FloatDistribution\", \"attributes\": {\"step\": null, \"low\": 0.0, \"high\": 0.0, \"log\": false}}"}
{"op_code":5,"worker_id":"ca27d457-fadf-483a-a30a-465ef41f328f-139754024333312","trial_id":47,"param_name":"ab_dw_min","param_value_internal":0.001981,"distribution":"{\"name\": \"FloatDistribution\", \"attributes\": {\"step\": null, \"low\": 0.001981, \"high\": 0.001981, \"log\": true}}"}
{"op_code":5,"worker_id":"ca27d457-fadf-483a-a30a-465ef41f328f-139754024333312","trial_id":47,"param_name":"ab_desired_bl","param_value_internal":31.0,"distribution":"{\"name\": \"IntDistribution\", \"attributes\": {\"log\": false, \"step\": 1, \"low\": 31, \"high\": 31}}"}
{"op_code":5,"worker_id":"ca27d457-fadf-483a-a30a-465ef41f328f-139754024333312","trial_id":47,"param_name":"a_reset_std","param_value_internal":1e-30,"distribution":"{\"name\": \"FloatDistribution\", \"attributes\": {\"step\": null, \"low\": 1e-30, \"high\": 1e-30, \"log\": true}}"}
{"op_code":5,"worker_id":"ca27d457-fadf-483a-a30a-465ef41f328f-139754024333312","trial_id":47,"param_name":"b_reset_std","param_value_internal":2e-05,"distribution":"{\"name\": \"FloatDistribution\", \"attributes\": {\"step\": null, \"low\": 2e-05, \"high\": 30000.0, \"log\": true}}"}
{"op_code":5,"worker_id":"ca27d457-fadf-483a-a30a-465ef41f328f-139754024333312","trial_id":47,"param_name":"c_dw_min","param_value_internal":0.001,"distribution":"{\"name\": \"FloatDistribution\", \"attributes\": {\"step\": null, \"low\": 0.001, \"high\": 0.001, \"log\": true}}"}
{"op_code":5,"worker_id":"ca27d457-fadf-483a-a30a-465ef41f328f-139754024333312","trial_id":47,"param_name":"c_desired_bl","param_value_internal":31.0,"distribution":"{\"name\": \"IntDistribution\", \"attributes\": {\"log\": false, \"step\": 1, \"low\": 31, \"high\": 31}}"}
{"op_code":5,"worker_id":"ca27d457-fadf-483a-a30a-465ef41f328f-139754024333312","trial_id":47,"param_name":"out_noise","param_value_internal":0.0,"distribution":"{\"name\": \"FloatDistribution\", \"attributes\": {\"step\": null, \"low\": 0.0, \"high\": 0.0, \"log\": false}}"}
{"op_code":5,"worker_id":"ca27d457-fadf-483a-a30a-465ef41f328f-139754024333312","trial_id":47,"param_name":"ab_weight_scaling_omega","param_value_internal":0.0,"distribution":"{\"name\": \"FloatDistribution\", \"attributes\": {\"step\": null, \"low\": 0.0, \"high\": 0.0, \"log\": false}}"}
{"op_code":8,"worker_id":"ca27d457-fadf-483a-a30a-465ef41f328f-139754024333312","trial_id":47,"user_attr":{"grad_accum_steps":1}}
{"op_code":7,"worker_id":"ca27d457-fadf-483a-a30a-465ef41f328f-139754024333312","trial_id":47,"step":1,"intermediate_value":78.99}
{"op_code":8,"worker_id":"ca27d457-fadf-483a-a30a-465ef41f328f-139754024333312","trial_id":47,"user_attr":{"train_loss_epoch_1":1.5630374245806289}}
{"op_code":7,"worker_id":"ca27d457-fadf-483a-a30a-465ef41f328f-139754024333312","trial_id":47,"step":2,"intermediate_value":82.95}
{"op_code":8,"worker_id":"ca27d457-fadf-483a-a30a-465ef41f328f-139754024333312","trial_id":47,"user_attr":{"train_loss_epoch_2":0.9560711892174759}}
{"op_code":7,"worker_id":"ca27d457-fadf-483a-a30a-465ef41f328f-139754024333312","trial_id":47,"step":3,"intermediate_value":84.79}
{"op_code":8,"worker_id":"ca27d457-fadf-483a-a30a-465ef41f328f-139754024333312","trial_id":47,"user_attr":{"train_loss_epoch_3":0.7615497611097689}}
{"op_code":7,"worker_id":"ca27d457-fadf-483a-a30a-465ef41f328f-139754024333312","trial_id":47,"step":4,"intermediate_value":85.8}
{"op_code":8,"worker_id":"ca27d457-fadf-483a-a30a-465ef41f328f-139754024333312","trial_id":47,"user_attr":{"train_loss_epoch_4":0.6633595640916051}}
{"op_code":7,"worker_id":"ca27d457-fadf-483a-a30a-465ef41f328f-139754024333312","trial_id":47,"step":5,"intermediate_value":86.37}
{"op_code":8,"worker_id":"ca27d457-fadf-483a-a30a-465ef41f328f-139754024333312","trial_id":47,"user_attr":{"train_loss_epoch_5":0.6027726491631221}}
{"op_code":7,"worker_id":"ca27d457-fadf-483a-a30a-465ef41f328f-139754024333312","trial_id":47,"step":6,"intermediate_value":86.9}
{"op_code":8,"worker_id":"ca27d457-fadf-483a-a30a-465ef41f328f-139754024333312","trial_id":47,"user_attr":{"train_loss_epoch_6":0.5609143405580825}}
{"op_code":7,"worker_id":"ca27d457-fadf-483a-a30a-465ef41f328f-139754024333312","trial_id":47,"step":7,"intermediate_value":87.35}
{"op_code":8,"worker_id":"ca27d457-fadf-483a-a30a-465ef41f328f-139754024333312","trial_id":47,"user_attr":{"train_loss_epoch_7":0.5298527658684675}}
{"op_code":7,"worker_id":"ca27d457-fadf-483a-a30a-465ef41f328f-139754024333312","trial_id":47,"step":8,"intermediate_value":87.76}
{"op_code":8,"worker_id":"ca27d457-fadf-483a-a30a-465ef41f328f-139754024333312","trial_id":47,"user_attr":{"train_loss_epoch_8":0.505959676812961}}
{"op_code":7,"worker_id":"ca27d457-fadf-483a-a30a-465ef41f328f-139754024333312","trial_id":47,"step":9,"intermediate_value":88.09}
{"op_code":8,"worker_id":"ca27d457-fadf-483a-a30a-465ef41f328f-139754024333312","trial_id":47,"user_attr":{"train_loss_epoch_9":0.4867141033921923}}
{"op_code":7,"worker_id":"ca27d457-fadf-483a-a30a-465ef41f328f-139754024333312","trial_id":47,"step":10,"intermediate_value":88.3}
{"op_code":8,"worker_id":"ca27d457-fadf-483a-a30a-465ef41f328f-139754024333312","trial_id":47,"user_attr":{"train_loss_epoch_10":0.4706495897983437}}
{"op_code":7,"worker_id":"ca27d457-fadf-483a-a30a-465ef41f328f-139754024333312","trial_id":47,"step":11,"intermediate_value":88.5}
{"op_code":8,"worker_id":"ca27d457-fadf-483a-a30a-465ef41f328f-139754024333312","trial_id":47,"user_attr":{"train_loss_epoch_11":0.4599777575431348}}
{"op_code":7,"worker_id":"ca27d457-fadf-483a-a30a-465ef41f328f-139754024333312","trial_id":47,"step":12,"intermediate_value":88.5}
{"op_code":8,"worker_id":"ca27d457-fadf-483a-a30a-465ef41f328f-139754024333312","trial_id":47,"user_attr":{"train_loss_epoch_12":0.4537364004422098}}
{"op_code":7,"worker_id":"ca27d457-fadf-483a-a30a-465ef41f328f-139754024333312","trial_id":47,"step":13,"intermediate_value":88.64}
{"op_code":8,"worker_id":"ca27d457-fadf-483a-a30a-465ef41f328f-139754024333312","trial_id":47,"user_attr":{"train_loss_epoch_13":0.44799819262996154}}
{"op_code":7,"worker_id":"ca27d457-fadf-483a-a30a-465ef41f328f-139754024333312","trial_id":47,"step":14,"intermediate_value":88.72}
{"op_code":8,"worker_id":"ca27d457-fadf-483a-a30a-465ef41f328f-139754024333312","trial_id":47,"user_attr":{"train_loss_epoch_14":0.4425699644442052}}
{"op_code":7,"worker_id":"ca27d457-fadf-483a-a30a-465ef41f328f-139754024333312","trial_id":47,"step":15,"intermediate_value":88.77}
{"op_code":8,"worker_id":"ca27d457-fadf-483a-a30a-465ef41f328f-139754024333312","trial_id":47,"user_attr":{"train_loss_epoch_15":0.43759604529150004}}
{"op_code":7,"worker_id":"ca27d457-fadf-483a-a30a-465ef41f328f-139754024333312","trial_id":47,"step":16,"intermediate_value":88.85}
{"op_code":8,"worker_id":"ca27d457-fadf-483a-a30a-465ef41f328f-139754024333312","trial_id":47,"user_attr":{"train_loss_epoch_16":0.4327982424545898}}
{"op_code":7,"worker_id":"ca27d457-fadf-483a-a30a-465ef41f328f-139754024333312","trial_id":47,"step":17,"intermediate_value":89.03}
{"op_code":8,"worker_id":"ca27d457-fadf-483a-a30a-465ef41f328f-139754024333312","trial_id":47,"user_attr":{"train_loss_epoch_17":0.42843515236875906}}
{"op_code":7,"worker_id":"ca27d457-fadf-483a-a30a-465ef41f328f-139754024333312","trial_id":47,"step":18,"intermediate_value":89.1}
{"op_code":8,"worker_id":"ca27d457-fadf-483a-a30a-465ef41f328f-139754024333312","trial_id":47,"user_attr":{"train_loss_epoch_18":0.42414105337248176}}
{"op_code":7,"worker_id":"ca27d457-fadf-483a-a30a-465ef41f328f-139754024333312","trial_id":47,"step":19,"intermediate_value":89.12}
{"op_code":8,"worker_id":"ca27d457-fadf-483a-a30a-465ef41f328f-139754024333312","trial_id":47,"user_attr":{"train_loss_epoch_19":0.42017049447242133}}
{"op_code":7,"worker_id":"ca27d457-fadf-483a-a30a-465ef41f328f-139754024333312","trial_id":47,"step":20,"intermediate_value":89.24}
{"op_code":8,"worker_id":"ca27d457-fadf-483a-a30a-465ef41f328f-139754024333312","trial_id":47,"user_attr":{"train_loss_epoch_20":0.41655421180765767}}
{"op_code":7,"worker_id":"ca27d457-fadf-483a-a30a-465ef41f328f-139754024333312","trial_id":47,"step":21,"intermediate_value":89.29}
{"op_code":8,"worker_id":"ca27d457-fadf-483a-a30a-465ef41f328f-139754024333312","trial_id":47,"user_attr":{"train_loss_epoch_21":0.41372327754365357}}
{"op_code":7,"worker_id":"ca27d457-fadf-483a-a30a-465ef41f328f-139754024333312","trial_id":47,"step":22,"intermediate_value":89.29}
{"op_code":8,"worker_id":"ca27d457-fadf-483a-a30a-465ef41f328f-139754024333312","trial_id":47,"user_attr":{"train_loss_epoch_22":0.4119490105936776}}
{"op_code":7,"worker_id":"ca27d457-fadf-483a-a30a-465ef41f328f-139754024333312","trial_id":47,"step":23,"intermediate_value":89.33}
{"op_code":8,"worker_id":"ca27d457-fadf-483a-a30a-465ef41f328f-139754024333312","trial_id":47,"user_attr":{"train_loss_epoch_23":0.4101919908640481}}
{"op_code":7,"worker_id":"ca27d457-fadf-483a-a30a-465ef41f328f-139754024333312","trial_id":47,"step":24,"intermediate_value":89.35}
{"op_code":8,"worker_id":"ca27d457-fadf-483a-a30a-465ef41f328f-139754024333312","trial_id":47,"user_attr":{"train_loss_epoch_24":0.4085460087733228}}
{"op_code":7,"worker_id":"ca27d457-fadf-483a-a30a-465ef41f328f-139754024333312","trial_id":47,"step":25,"intermediate_value":89.39}
{"op_code":8,"worker_id":"ca27d457-fadf-483a-a30a-465ef41f328f-139754024333312","trial_id":47,"user_attr":{"train_loss_epoch_25":0.40696297393742403}}
{"op_code":7,"worker_id":"ca27d457-fadf-483a-a30a-465ef41f328f-139754024333312","trial_id":47,"step":26,"intermediate_value":89.44}
{"op_code":8,"worker_id":"ca27d457-fadf-483a-a30a-465ef41f328f-139754024333312","trial_id":47,"user_attr":{"train_loss_epoch_26":0.4053669326436291}}
{"op_code":7,"worker_id":"ca27d457-fadf-483a-a30a-465ef41f328f-139754024333312","trial_id":47,"step":27,"intermediate_value":89.44}
{"op_code":8,"worker_id":"ca27d457-fadf-483a-a30a-465ef41f328f-139754024333312","trial_id":47,"user_attr":{"train_loss_epoch_27":0.4037792410677684}}
{"op_code":7,"worker_id":"ca27d457-fadf-483a-a30a-465ef41f328f-139754024333312","trial_id":47,"step":28,"intermediate_value":89.47}
{"op_code":8,"worker_id":"ca27d457-fadf-483a-a30a-465ef41f328f-139754024333312","trial_id":47,"user_attr":{"train_loss_epoch_28":0.40242083724945593}}
{"op_code":7,"worker_id":"ca27d457-fadf-483a-a30a-465ef41f328f-139754024333312","trial_id":47,"step":29,"intermediate_value":89.48}
{"op_code":8,"worker_id":"ca27d457-fadf-483a-a30a-465ef41f328f-139754024333312","trial_id":47,"user_attr":{"train_loss_epoch_29":0.4008702704393025}}
{"op_code":7,"worker_id":"ca27d457-fadf-483a-a30a-465ef41f328f-139754024333312","trial_id":47,"step":30,"intermediate_value":89.54}
{"op_code":8,"worker_id":"ca27d457-fadf-483a-a30a-465ef41f328f-139754024333312","trial_id":47,"user_attr":{"train_loss_epoch_30":0.3994444531640773}}
{"op_code":6,"worker_id":"ca27d457-fadf-483a-a30a-465ef41f328f-139754024333312","trial_id":47,"state":1,"values":[89.54],"datetime_complete":"2026-05-08T03:19:52.023018"}
{"op_code":4,"worker_id":"ca27d457-fadf-483a-a30a-465ef41f328f-139754024333312","study_id":0,"datetime_start":"2026-05-08T03:19:52.033126"}
{"op_code":5,"worker_id":"ca27d457-fadf-483a-a30a-465ef41f328f-139754024333312","trial_id":48,"param_name":"learning_rate","param_value_internal":0.19049163768494484,"distribution":"{\"name\": \"FloatDistribution\", \"attributes\": {\"step\": null, \"low\": 0.006, \"high\": 5.0, \"log\": true}}"}
{"op_code":5,"worker_id":"ca27d457-fadf-483a-a30a-465ef41f328f-139754024333312","trial_id":48,"param_name":"transfer_lr","param_value_internal":0.0024907223133971736,"distribution":"{\"name\": \"FloatDistribution\", \"attributes\": {\"step\": null, \"low\": 1e-05, \"high\": 0.03, \"log\": true}}"}
{"op_code":5,"worker_id":"ca27d457-fadf-483a-a30a-465ef41f328f-139754024333312","trial_id":48,"param_name":"transfer_every","param_value_internal":10.0,"distribution":"{\"name\": \"IntDistribution\", \"attributes\": {\"log\": true, \"step\": 1, \"low\": 10, \"high\": 10}}"}
{"op_code":5,"worker_id":"ca27d457-fadf-483a-a30a-465ef41f328f-139754024333312","trial_id":48,"param_name":"rank_exp","param_value_internal":3.0,"distribution":"{\"name\": \"IntDistribution\", \"attributes\": {\"log\": false, \"step\": 1, \"low\": 3, \"high\": 3}}"}
{"op_code":5,"worker_id":"ca27d457-fadf-483a-a30a-465ef41f328f-139754024333312","trial_id":48,"param_name":"fast_lr","param_value_internal":0.4124819293450852,"distribution":"{\"name\": \"FloatDistribution\", \"attributes\": {\"step\": null, \"low\": 0.0007, \"high\": 20000.0, \"log\": true}}"}
{"op_code":5,"worker_id":"ca27d457-fadf-483a-a30a-465ef41f328f-139754024333312","trial_id":48,"param_name":"tau_sec","param_value_internal":0.0,"distribution":"{\"name\": \"FloatDistribution\", \"attributes\": {\"step\": null, \"low\": 0.0, \"high\": 0.0, \"log\": false}}"}
{"op_code":5,"worker_id":"ca27d457-fadf-483a-a30a-465ef41f328f-139754024333312","trial_id":48,"param_name":"ab_dw_min","param_value_internal":0.001981,"distribution":"{\"name\": \"FloatDistribution\", \"attributes\": {\"step\": null, \"low\": 0.001981, \"high\": 0.001981, \"log\": true}}"}
{"op_code":5,"worker_id":"ca27d457-fadf-483a-a30a-465ef41f328f-139754024333312","trial_id":48,"param_name":"ab_desired_bl","param_value_internal":31.0,"distribution":"{\"name\": \"IntDistribution\", \"attributes\": {\"log\": false, \"step\": 1, \"low\": 31, \"high\": 31}}"}
{"op_code":5,"worker_id":"ca27d457-fadf-483a-a30a-465ef41f328f-139754024333312","trial_id":48,"param_name":"a_reset_std","param_value_internal":1e-30,"distribution":"{\"name\": \"FloatDistribution\", \"attributes\": {\"step\": null, \"low\": 1e-30, \"high\": 1e-30, \"log\": true}}"}
{"op_code":5,"worker_id":"ca27d457-fadf-483a-a30a-465ef41f328f-139754024333312","trial_id":48,"param_name":"b_reset_std","param_value_internal":28691.419846740497,"distribution":"{\"name\": \"FloatDistribution\", \"attributes\": {\"step\": null, \"low\": 2e-05, \"high\": 30000.0, \"log\": true}}"}
{"op_code":5,"worker_id":"ca27d457-fadf-483a-a30a-465ef41f328f-139754024333312","trial_id":48,"param_name":"c_dw_min","param_value_internal":0.001,"distribution":"{\"name\": \"FloatDistribution\", \"attributes\": {\"step\": null, \"low\": 0.001, \"high\": 0.001, \"log\": true}}"}
{"op_code":5,"worker_id":"ca27d457-fadf-483a-a30a-465ef41f328f-139754024333312","trial_id":48,"param_name":"c_desired_bl","param_value_internal":31.0,"distribution":"{\"name\": \"IntDistribution\", \"attributes\": {\"log\": false, \"step\": 1, \"low\": 31, \"high\": 31}}"}
{"op_code":5,"worker_id":"ca27d457-fadf-483a-a30a-465ef41f328f-139754024333312","trial_id":48,"param_name":"out_noise","param_value_internal":0.0,"distribution":"{\"name\": \"FloatDistribution\", \"attributes\": {\"step\": null, \"low\": 0.0, \"high\": 0.0, \"log\": false}}"}
{"op_code":5,"worker_id":"ca27d457-fadf-483a-a30a-465ef41f328f-139754024333312","trial_id":48,"param_name":"ab_weight_scaling_omega","param_value_internal":0.0,"distribution":"{\"name\": \"FloatDistribution\", \"attributes\": {\"step\": null, \"low\": 0.0, \"high\": 0.0, \"log\": false}}"}
{"op_code":8,"worker_id":"ca27d457-fadf-483a-a30a-465ef41f328f-139754024333312","trial_id":48,"user_attr":{"grad_accum_steps":1}}
{"op_code":7,"worker_id":"ca27d457-fadf-483a-a30a-465ef41f328f-139754024333312","trial_id":48,"step":1,"intermediate_value":92.24}
{"op_code":8,"worker_id":"ca27d457-fadf-483a-a30a-465ef41f328f-139754024333312","trial_id":48,"user_attr":{"train_loss_epoch_1":0.4130185472288493}}
{"op_code":7,"worker_id":"ca27d457-fadf-483a-a30a-465ef41f328f-139754024333312","trial_id":48,"step":2,"intermediate_value":93.97}
{"op_code":8,"worker_id":"ca27d457-fadf-483a-a30a-465ef41f328f-139754024333312","trial_id":48,"user_attr":{"train_loss_epoch_2":0.2362317872414393}}
{"op_code":7,"worker_id":"ca27d457-fadf-483a-a30a-465ef41f328f-139754024333312","trial_id":48,"step":3,"intermediate_value":94.66}
{"op_code":8,"worker_id":"ca27d457-fadf-483a-a30a-465ef41f328f-139754024333312","trial_id":48,"user_attr":{"train_loss_epoch_3":0.192337596483195}}
{"op_code":7,"worker_id":"ca27d457-fadf-483a-a30a-465ef41f328f-139754024333312","trial_id":48,"step":4,"intermediate_value":95.24}
{"op_code":8,"worker_id":"ca27d457-fadf-483a-a30a-465ef41f328f-139754024333312","trial_id":48,"user_attr":{"train_loss_epoch_4":0.16242229138244826}}
{"op_code":7,"worker_id":"ca27d457-fadf-483a-a30a-465ef41f328f-139754024333312","trial_id":48,"step":5,"intermediate_value":95.29}
{"op_code":8,"worker_id":"ca27d457-fadf-483a-a30a-465ef41f328f-139754024333312","trial_id":48,"user_attr":{"train_loss_epoch_5":0.14404129052856393}}
{"op_code":7,"worker_id":"ca27d457-fadf-483a-a30a-465ef41f328f-139754024333312","trial_id":48,"step":6,"intermediate_value":95.92}
{"op_code":8,"worker_id":"ca27d457-fadf-483a-a30a-465ef41f328f-139754024333312","trial_id":48,"user_attr":{"train_loss_epoch_6":0.13163261739775411}}
{"op_code":7,"worker_id":"ca27d457-fadf-483a-a30a-465ef41f328f-139754024333312","trial_id":48,"step":7,"intermediate_value":95.92}
{"op_code":8,"worker_id":"ca27d457-fadf-483a-a30a-465ef41f328f-139754024333312","trial_id":48,"user_attr":{"train_loss_epoch_7":0.12223162711945487}}
{"op_code":7,"worker_id":"ca27d457-fadf-483a-a30a-465ef41f328f-139754024333312","trial_id":48,"step":8,"intermediate_value":95.92}
{"op_code":8,"worker_id":"ca27d457-fadf-483a-a30a-465ef41f328f-139754024333312","trial_id":48,"user_attr":{"train_loss_epoch_8":0.11382020853443948}}
{"op_code":7,"worker_id":"ca27d457-fadf-483a-a30a-465ef41f328f-139754024333312","trial_id":48,"step":9,"intermediate_value":96.3}
{"op_code":8,"worker_id":"ca27d457-fadf-483a-a30a-465ef41f328f-139754024333312","trial_id":48,"user_attr":{"train_loss_epoch_9":0.10733313501667557}}
{"op_code":7,"worker_id":"ca27d457-fadf-483a-a30a-465ef41f328f-139754024333312","trial_id":48,"step":10,"intermediate_value":96.3}
{"op_code":8,"worker_id":"ca27d457-fadf-483a-a30a-465ef41f328f-139754024333312","trial_id":48,"user_attr":{"train_loss_epoch_10":0.10319903663008102}}
{"op_code":7,"worker_id":"ca27d457-fadf-483a-a30a-465ef41f328f-139754024333312","trial_id":48,"step":11,"intermediate_value":96.38}
{"op_code":8,"worker_id":"ca27d457-fadf-483a-a30a-465ef41f328f-139754024333312","trial_id":48,"user_attr":{"train_loss_epoch_11":0.09779722469676135}}
{"op_code":7,"worker_id":"ca27d457-fadf-483a-a30a-465ef41f328f-139754024333312","trial_id":48,"step":12,"intermediate_value":96.4}
{"op_code":8,"worker_id":"ca27d457-fadf-483a-a30a-465ef41f328f-139754024333312","trial_id":48,"user_attr":{"train_loss_epoch_12":0.09456899353384432}}
{"op_code":7,"worker_id":"ca27d457-fadf-483a-a30a-465ef41f328f-139754024333312","trial_id":48,"step":13,"intermediate_value":96.45}
{"op_code":8,"worker_id":"ca27d457-fadf-483a-a30a-465ef41f328f-139754024333312","trial_id":48,"user_attr":{"train_loss_epoch_13":0.09109249813601311}}
{"op_code":7,"worker_id":"ca27d457-fadf-483a-a30a-465ef41f328f-139754024333312","trial_id":48,"step":14,"intermediate_value":96.56}
{"op_code":8,"worker_id":"ca27d457-fadf-483a-a30a-465ef41f328f-139754024333312","trial_id":48,"user_attr":{"train_loss_epoch_14":0.088315823127323}}
{"op_code":7,"worker_id":"ca27d457-fadf-483a-a30a-465ef41f328f-139754024333312","trial_id":48,"step":15,"intermediate_value":96.6}
{"op_code":8,"worker_id":"ca27d457-fadf-483a-a30a-465ef41f328f-139754024333312","trial_id":48,"user_attr":{"train_loss_epoch_15":0.08701873264476054}}
{"op_code":7,"worker_id":"ca27d457-fadf-483a-a30a-465ef41f328f-139754024333312","trial_id":48,"step":16,"intermediate_value":96.6}
{"op_code":8,"worker_id":"ca27d457-fadf-483a-a30a-465ef41f328f-139754024333312","trial_id":48,"user_attr":{"train_loss_epoch_16":0.08441256504676649}}
{"op_code":7,"worker_id":"ca27d457-fadf-483a-a30a-465ef41f328f-139754024333312","trial_id":48,"step":17,"intermediate_value":96.63}
{"op_code":8,"worker_id":"ca27d457-fadf-483a-a30a-465ef41f328f-139754024333312","trial_id":48,"user_attr":{"train_loss_epoch_17":0.08263406244221765}}
{"op_code":7,"worker_id":"ca27d457-fadf-483a-a30a-465ef41f328f-139754024333312","trial_id":48,"step":18,"intermediate_value":96.63}
{"op_code":8,"worker_id":"ca27d457-fadf-483a-a30a-465ef41f328f-139754024333312","trial_id":48,"user_attr":{"train_loss_epoch_18":0.08160283893191897}}
{"op_code":7,"worker_id":"ca27d457-fadf-483a-a30a-465ef41f328f-139754024333312","trial_id":48,"step":19,"intermediate_value":96.73}
{"op_code":8,"worker_id":"ca27d457-fadf-483a-a30a-465ef41f328f-139754024333312","trial_id":48,"user_attr":{"train_loss_epoch_19":0.08024240366549594}}
{"op_code":7,"worker_id":"ca27d457-fadf-483a-a30a-465ef41f328f-139754024333312","trial_id":48,"step":20,"intermediate_value":96.77}
{"op_code":8,"worker_id":"ca27d457-fadf-483a-a30a-465ef41f328f-139754024333312","trial_id":48,"user_attr":{"train_loss_epoch_20":0.07738228002563119}}
{"op_code":7,"worker_id":"ca27d457-fadf-483a-a30a-465ef41f328f-139754024333312","trial_id":48,"step":21,"intermediate_value":96.77}
{"op_code":8,"worker_id":"ca27d457-fadf-483a-a30a-465ef41f328f-139754024333312","trial_id":48,"user_attr":{"train_loss_epoch_21":0.07564066203563277}}
{"op_code":7,"worker_id":"ca27d457-fadf-483a-a30a-465ef41f328f-139754024333312","trial_id":48,"step":22,"intermediate_value":96.77}
{"op_code":8,"worker_id":"ca27d457-fadf-483a-a30a-465ef41f328f-139754024333312","trial_id":48,"user_attr":{"train_loss_epoch_22":0.07407450304974292}}
{"op_code":7,"worker_id":"ca27d457-fadf-483a-a30a-465ef41f328f-139754024333312","trial_id":48,"step":23,"intermediate_value":96.77}
{"op_code":8,"worker_id":"ca27d457-fadf-483a-a30a-465ef41f328f-139754024333312","trial_id":48,"user_attr":{"train_loss_epoch_23":0.07316069499696734}}
{"op_code":7,"worker_id":"ca27d457-fadf-483a-a30a-465ef41f328f-139754024333312","trial_id":48,"step":24,"intermediate_value":96.83}
{"op_code":8,"worker_id":"ca27d457-fadf-483a-a30a-465ef41f328f-139754024333312","trial_id":48,"user_attr":{"train_loss_epoch_24":0.07279281468360997}}
{"op_code":7,"worker_id":"ca27d457-fadf-483a-a30a-465ef41f328f-139754024333312","trial_id":48,"step":25,"intermediate_value":96.89}
{"op_code":8,"worker_id":"ca27d457-fadf-483a-a30a-465ef41f328f-139754024333312","trial_id":48,"user_attr":{"train_loss_epoch_25":0.07113349233924755}}
{"op_code":7,"worker_id":"ca27d457-fadf-483a-a30a-465ef41f328f-139754024333312","trial_id":48,"step":26,"intermediate_value":96.98}
{"op_code":8,"worker_id":"ca27d457-fadf-483a-a30a-465ef41f328f-139754024333312","trial_id":48,"user_attr":{"train_loss_epoch_26":0.06905258700687454}}
{"op_code":7,"worker_id":"ca27d457-fadf-483a-a30a-465ef41f328f-139754024333312","trial_id":48,"step":27,"intermediate_value":96.98}
{"op_code":8,"worker_id":"ca27d457-fadf-483a-a30a-465ef41f328f-139754024333312","trial_id":48,"user_attr":{"train_loss_epoch_27":0.06913186242378978}}
{"op_code":7,"worker_id":"ca27d457-fadf-483a-a30a-465ef41f328f-139754024333312","trial_id":48,"step":28,"intermediate_value":97.06}
{"op_code":8,"worker_id":"ca27d457-fadf-483a-a30a-465ef41f328f-139754024333312","trial_id":48,"user_attr":{"train_loss_epoch_28":0.06931640088572097}}
{"op_code":7,"worker_id":"ca27d457-fadf-483a-a30a-465ef41f328f-139754024333312","trial_id":48,"step":29,"intermediate_value":97.06}
{"op_code":8,"worker_id":"ca27d457-fadf-483a-a30a-465ef41f328f-139754024333312","trial_id":48,"user_attr":{"train_loss_epoch_29":0.06822254582777866}}
{"op_code":7,"worker_id":"ca27d457-fadf-483a-a30a-465ef41f328f-139754024333312","trial_id":48,"step":30,"intermediate_value":97.06}
{"op_code":8,"worker_id":"ca27d457-fadf-483a-a30a-465ef41f328f-139754024333312","trial_id":48,"user_attr":{"train_loss_epoch_30":0.0666802851706624}}
{"op_code":6,"worker_id":"ca27d457-fadf-483a-a30a-465ef41f328f-139754024333312","trial_id":48,"state":1,"values":[97.06],"datetime_complete":"2026-05-08T03:31:59.336929"}
{"op_code":4,"worker_id":"ca27d457-fadf-483a-a30a-465ef41f328f-139754024333312","study_id":0,"datetime_start":"2026-05-08T03:31:59.342577"}
{"op_code":5,"worker_id":"ca27d457-fadf-483a-a30a-465ef41f328f-139754024333312","trial_id":49,"param_name":"learning_rate","param_value_internal":0.19818907248712755,"distribution":"{\"name\": \"FloatDistribution\", \"attributes\": {\"step\": null, \"low\": 0.006, \"high\": 5.0, \"log\": true}}"}
{"op_code":5,"worker_id":"ca27d457-fadf-483a-a30a-465ef41f328f-139754024333312","trial_id":49,"param_name":"transfer_lr","param_value_internal":0.0023787425439533985,"distribution":"{\"name\": \"FloatDistribution\", \"attributes\": {\"step\": null, \"low\": 1e-05, \"high\": 0.03, \"log\": true}}"}
{"op_code":5,"worker_id":"ca27d457-fadf-483a-a30a-465ef41f328f-139754024333312","trial_id":49,"param_name":"transfer_every","param_value_internal":10.0,"distribution":"{\"name\": \"IntDistribution\", \"attributes\": {\"log\": true, \"step\": 1, \"low\": 10, \"high\": 10}}"}
{"op_code":5,"worker_id":"ca27d457-fadf-483a-a30a-465ef41f328f-139754024333312","trial_id":49,"param_name":"rank_exp","param_value_internal":3.0,"distribution":"{\"name\": \"IntDistribution\", \"attributes\": {\"log\": false, \"step\": 1, \"low\": 3, \"high\": 3}}"}
{"op_code":5,"worker_id":"ca27d457-fadf-483a-a30a-465ef41f328f-139754024333312","trial_id":49,"param_name":"fast_lr","param_value_internal":0.33038422196245937,"distribution":"{\"name\": \"FloatDistribution\", \"attributes\": {\"step\": null, \"low\": 0.0007, \"high\": 20000.0, \"log\": true}}"}
{"op_code":5,"worker_id":"ca27d457-fadf-483a-a30a-465ef41f328f-139754024333312","trial_id":49,"param_name":"tau_sec","param_value_internal":0.0,"distribution":"{\"name\": \"FloatDistribution\", \"attributes\": {\"step\": null, \"low\": 0.0, \"high\": 0.0, \"log\": false}}"}
{"op_code":5,"worker_id":"ca27d457-fadf-483a-a30a-465ef41f328f-139754024333312","trial_id":49,"param_name":"ab_dw_min","param_value_internal":0.001981,"distribution":"{\"name\": \"FloatDistribution\", \"attributes\": {\"step\": null, \"low\": 0.001981, \"high\": 0.001981, \"log\": true}}"}
{"op_code":5,"worker_id":"ca27d457-fadf-483a-a30a-465ef41f328f-139754024333312","trial_id":49,"param_name":"ab_desired_bl","param_value_internal":31.0,"distribution":"{\"name\": \"IntDistribution\", \"attributes\": {\"log\": false, \"step\": 1, \"low\": 31, \"high\": 31}}"}
{"op_code":5,"worker_id":"ca27d457-fadf-483a-a30a-465ef41f328f-139754024333312","trial_id":49,"param_name":"a_reset_std","param_value_internal":1e-30,"distribution":"{\"name\": \"FloatDistribution\", \"attributes\": {\"step\": null, \"low\": 1e-30, \"high\": 1e-30, \"log\": true}}"}
{"op_code":5,"worker_id":"ca27d457-fadf-483a-a30a-465ef41f328f-139754024333312","trial_id":49,"param_name":"b_reset_std","param_value_internal":5150.924565311839,"distribution":"{\"name\": \"FloatDistribution\", \"attributes\": {\"step\": null, \"low\": 2e-05, \"high\": 30000.0, \"log\": true}}"}
{"op_code":5,"worker_id":"ca27d457-fadf-483a-a30a-465ef41f328f-139754024333312","trial_id":49,"param_name":"c_dw_min","param_value_internal":0.001,"distribution":"{\"name\": \"FloatDistribution\", \"attributes\": {\"step\": null, \"low\": 0.001, \"high\": 0.001, \"log\": true}}"}
{"op_code":5,"worker_id":"ca27d457-fadf-483a-a30a-465ef41f328f-139754024333312","trial_id":49,"param_name":"c_desired_bl","param_value_internal":31.0,"distribution":"{\"name\": \"IntDistribution\", \"attributes\": {\"log\": false, \"step\": 1, \"low\": 31, \"high\": 31}}"}
{"op_code":5,"worker_id":"ca27d457-fadf-483a-a30a-465ef41f328f-139754024333312","trial_id":49,"param_name":"out_noise","param_value_internal":0.0,"distribution":"{\"name\": \"FloatDistribution\", \"attributes\": {\"step\": null, \"low\": 0.0, \"high\": 0.0, \"log\": false}}"}
{"op_code":5,"worker_id":"ca27d457-fadf-483a-a30a-465ef41f328f-139754024333312","trial_id":49,"param_name":"ab_weight_scaling_omega","param_value_internal":0.0,"distribution":"{\"name\": \"FloatDistribution\", \"attributes\": {\"step\": null, \"low\": 0.0, \"high\": 0.0, \"log\": false}}"}
{"op_code":8,"worker_id":"ca27d457-fadf-483a-a30a-465ef41f328f-139754024333312","trial_id":49,"user_attr":{"grad_accum_steps":1}}
{"op_code":7,"worker_id":"ca27d457-fadf-483a-a30a-465ef41f328f-139754024333312","trial_id":49,"step":1,"intermediate_value":92.6}
{"op_code":8,"worker_id":"ca27d457-fadf-483a-a30a-465ef41f328f-139754024333312","trial_id":49,"user_attr":{"train_loss_epoch_1":0.4133183445408146}}
{"op_code":7,"worker_id":"ca27d457-fadf-483a-a30a-465ef41f328f-139754024333312","trial_id":49,"step":2,"intermediate_value":94.04}
{"op_code":8,"worker_id":"ca27d457-fadf-483a-a30a-465ef41f328f-139754024333312","trial_id":49,"user_attr":{"train_loss_epoch_2":0.23704088587305946}}
{"op_code":7,"worker_id":"ca27d457-fadf-483a-a30a-465ef41f328f-139754024333312","trial_id":49,"step":3,"intermediate_value":94.82}
{"op_code":8,"worker_id":"ca27d457-fadf-483a-a30a-465ef41f328f-139754024333312","trial_id":49,"user_attr":{"train_loss_epoch_3":0.19138795333995876}}
{"op_code":7,"worker_id":"ca27d457-fadf-483a-a30a-465ef41f328f-139754024333312","trial_id":49,"step":4,"intermediate_value":95.38}
{"op_code":8,"worker_id":"ca27d457-fadf-483a-a30a-465ef41f328f-139754024333312","trial_id":49,"user_attr":{"train_loss_epoch_4":0.16330656082407116}}
{"op_code":7,"worker_id":"ca27d457-fadf-483a-a30a-465ef41f328f-139754024333312","trial_id":49,"step":5,"intermediate_value":95.93}
{"op_code":8,"worker_id":"ca27d457-fadf-483a-a30a-465ef41f328f-139754024333312","trial_id":49,"user_attr":{"train_loss_epoch_5":0.14475131431804983}}
{"op_code":7,"worker_id":"ca27d457-fadf-483a-a30a-465ef41f328f-139754024333312","trial_id":49,"step":6,"intermediate_value":96.13}
{"op_code":8,"worker_id":"ca27d457-fadf-483a-a30a-465ef41f328f-139754024333312","trial_id":49,"user_attr":{"train_loss_epoch_6":0.13153401776147422}}
{"op_code":7,"worker_id":"ca27d457-fadf-483a-a30a-465ef41f328f-139754024333312","trial_id":49,"step":7,"intermediate_value":96.22}
{"op_code":8,"worker_id":"ca27d457-fadf-483a-a30a-465ef41f328f-139754024333312","trial_id":49,"user_attr":{"train_loss_epoch_7":0.12170317005624236}}
{"op_code":7,"worker_id":"ca27d457-fadf-483a-a30a-465ef41f328f-139754024333312","trial_id":49,"step":8,"intermediate_value":96.22}
{"op_code":8,"worker_id":"ca27d457-fadf-483a-a30a-465ef41f328f-139754024333312","trial_id":49,"user_attr":{"train_loss_epoch_8":0.11469320984366638}}
{"op_code":7,"worker_id":"ca27d457-fadf-483a-a30a-465ef41f328f-139754024333312","trial_id":49,"step":9,"intermediate_value":96.22}
{"op_code":8,"worker_id":"ca27d457-fadf-483a-a30a-465ef41f328f-139754024333312","trial_id":49,"user_attr":{"train_loss_epoch_9":0.1083211201950034}}
{"op_code":7,"worker_id":"ca27d457-fadf-483a-a30a-465ef41f328f-139754024333312","trial_id":49,"step":10,"intermediate_value":96.26}
{"op_code":8,"worker_id":"ca27d457-fadf-483a-a30a-465ef41f328f-139754024333312","trial_id":49,"user_attr":{"train_loss_epoch_10":0.10328698586394537}}
{"op_code":7,"worker_id":"ca27d457-fadf-483a-a30a-465ef41f328f-139754024333312","trial_id":49,"step":11,"intermediate_value":96.59}
{"op_code":8,"worker_id":"ca27d457-fadf-483a-a30a-465ef41f328f-139754024333312","trial_id":49,"user_attr":{"train_loss_epoch_11":0.09547190204052243}}
{"op_code":7,"worker_id":"ca27d457-fadf-483a-a30a-465ef41f328f-139754024333312","trial_id":49,"step":12,"intermediate_value":96.59}
{"op_code":8,"worker_id":"ca27d457-fadf-483a-a30a-465ef41f328f-139754024333312","trial_id":49,"user_attr":{"train_loss_epoch_12":0.09442317900337231}}
{"op_code":7,"worker_id":"ca27d457-fadf-483a-a30a-465ef41f328f-139754024333312","trial_id":49,"step":13,"intermediate_value":96.6}
{"op_code":8,"worker_id":"ca27d457-fadf-483a-a30a-465ef41f328f-139754024333312","trial_id":49,"user_attr":{"train_loss_epoch_13":0.09127505971982615}}
{"op_code":7,"worker_id":"ca27d457-fadf-483a-a30a-465ef41f328f-139754024333312","trial_id":49,"step":14,"intermediate_value":96.7}
{"op_code":8,"worker_id":"ca27d457-fadf-483a-a30a-465ef41f328f-139754024333312","trial_id":49,"user_attr":{"train_loss_epoch_14":0.08699216013615414}}
{"op_code":7,"worker_id":"ca27d457-fadf-483a-a30a-465ef41f328f-139754024333312","trial_id":49,"step":15,"intermediate_value":96.7}
{"op_code":8,"worker_id":"ca27d457-fadf-483a-a30a-465ef41f328f-139754024333312","trial_id":49,"user_attr":{"train_loss_epoch_15":0.08469240149276565}}
{"op_code":7,"worker_id":"ca27d457-fadf-483a-a30a-465ef41f328f-139754024333312","trial_id":49,"step":16,"intermediate_value":96.89}
{"op_code":8,"worker_id":"ca27d457-fadf-483a-a30a-465ef41f328f-139754024333312","trial_id":49,"user_attr":{"train_loss_epoch_16":0.08177292738099898}}
{"op_code":7,"worker_id":"ca27d457-fadf-483a-a30a-465ef41f328f-139754024333312","trial_id":49,"step":17,"intermediate_value":96.89}
{"op_code":8,"worker_id":"ca27d457-fadf-483a-a30a-465ef41f328f-139754024333312","trial_id":49,"user_attr":{"train_loss_epoch_17":0.0790285883284708}}
{"op_code":7,"worker_id":"ca27d457-fadf-483a-a30a-465ef41f328f-139754024333312","trial_id":49,"step":18,"intermediate_value":96.89}
{"op_code":8,"worker_id":"ca27d457-fadf-483a-a30a-465ef41f328f-139754024333312","trial_id":49,"user_attr":{"train_loss_epoch_18":0.0763381499134854}}
{"op_code":7,"worker_id":"ca27d457-fadf-483a-a30a-465ef41f328f-139754024333312","trial_id":49,"step":19,"intermediate_value":96.89}
{"op_code":8,"worker_id":"ca27d457-fadf-483a-a30a-465ef41f328f-139754024333312","trial_id":49,"user_attr":{"train_loss_epoch_19":0.07528996848310632}}
{"op_code":7,"worker_id":"ca27d457-fadf-483a-a30a-465ef41f328f-139754024333312","trial_id":49,"step":20,"intermediate_value":96.93}
{"op_code":8,"worker_id":"ca27d457-fadf-483a-a30a-465ef41f328f-139754024333312","trial_id":49,"user_attr":{"train_loss_epoch_20":0.07274357974628555}}
{"op_code":7,"worker_id":"ca27d457-fadf-483a-a30a-465ef41f328f-139754024333312","trial_id":49,"step":21,"intermediate_value":96.93}
{"op_code":8,"worker_id":"ca27d457-fadf-483a-a30a-465ef41f328f-139754024333312","trial_id":49,"user_attr":{"train_loss_epoch_21":0.07062286032544476}}
{"op_code":7,"worker_id":"ca27d457-fadf-483a-a30a-465ef41f328f-139754024333312","trial_id":49,"step":22,"intermediate_value":96.93}
{"op_code":8,"worker_id":"ca27d457-fadf-483a-a30a-465ef41f328f-139754024333312","trial_id":49,"user_attr":{"train_loss_epoch_22":0.06877079097055662}}
{"op_code":7,"worker_id":"ca27d457-fadf-483a-a30a-465ef41f328f-139754024333312","trial_id":49,"step":23,"intermediate_value":96.93}
{"op_code":8,"worker_id":"ca27d457-fadf-483a-a30a-465ef41f328f-139754024333312","trial_id":49,"user_attr":{"train_loss_epoch_23":0.06707150041153516}}
{"op_code":7,"worker_id":"ca27d457-fadf-483a-a30a-465ef41f328f-139754024333312","trial_id":49,"step":24,"intermediate_value":97.04}
{"op_code":8,"worker_id":"ca27d457-fadf-483a-a30a-465ef41f328f-139754024333312","trial_id":49,"user_attr":{"train_loss_epoch_24":0.06570302291131859}}
{"op_code":7,"worker_id":"ca27d457-fadf-483a-a30a-465ef41f328f-139754024333312","trial_id":49,"step":25,"intermediate_value":97.04}
{"op_code":8,"worker_id":"ca27d457-fadf-483a-a30a-465ef41f328f-139754024333312","trial_id":49,"user_attr":{"train_loss_epoch_25":0.06556678856579043}}
{"op_code":7,"worker_id":"ca27d457-fadf-483a-a30a-465ef41f328f-139754024333312","trial_id":49,"step":26,"intermediate_value":97.04}
{"op_code":8,"worker_id":"ca27d457-fadf-483a-a30a-465ef41f328f-139754024333312","trial_id":49,"user_attr":{"train_loss_epoch_26":0.06444950629351363}}
{"op_code":7,"worker_id":"ca27d457-fadf-483a-a30a-465ef41f328f-139754024333312","trial_id":49,"step":27,"intermediate_value":97.09}
{"op_code":8,"worker_id":"ca27d457-fadf-483a-a30a-465ef41f328f-139754024333312","trial_id":49,"user_attr":{"train_loss_epoch_27":0.06250026892435782}}
{"op_code":7,"worker_id":"ca27d457-fadf-483a-a30a-465ef41f328f-139754024333312","trial_id":49,"step":28,"intermediate_value":97.09}
{"op_code":8,"worker_id":"ca27d457-fadf-483a-a30a-465ef41f328f-139754024333312","trial_id":49,"user_attr":{"train_loss_epoch_28":0.061224815391524356}}
{"op_code":7,"worker_id":"ca27d457-fadf-483a-a30a-465ef41f328f-139754024333312","trial_id":49,"step":29,"intermediate_value":97.13}
{"op_code":8,"worker_id":"ca27d457-fadf-483a-a30a-465ef41f328f-139754024333312","trial_id":49,"user_attr":{"train_loss_epoch_29":0.06091483784487038}}
{"op_code":7,"worker_id":"ca27d457-fadf-483a-a30a-465ef41f328f-139754024333312","trial_id":49,"step":30,"intermediate_value":97.13}
{"op_code":8,"worker_id":"ca27d457-fadf-483a-a30a-465ef41f328f-139754024333312","trial_id":49,"user_attr":{"train_loss_epoch_30":0.05978412960997538}}
{"op_code":6,"worker_id":"ca27d457-fadf-483a-a30a-465ef41f328f-139754024333312","trial_id":49,"state":1,"values":[97.13],"datetime_complete":"2026-05-08T03:44:08.365764"}
{"op_code":4,"worker_id":"ca27d457-fadf-483a-a30a-465ef41f328f-139754024333312","study_id":0,"datetime_start":"2026-05-08T03:44:08.373629"}
{"op_code":5,"worker_id":"ca27d457-fadf-483a-a30a-465ef41f328f-139754024333312","trial_id":50,"param_name":"learning_rate","param_value_internal":0.19416058871458208,"distribution":"{\"name\": \"FloatDistribution\", \"attributes\": {\"step\": null, \"low\": 0.006, \"high\": 5.0, \"log\": true}}"}
{"op_code":5,"worker_id":"ca27d457-fadf-483a-a30a-465ef41f328f-139754024333312","trial_id":50,"param_name":"transfer_lr","param_value_internal":0.0027138615482257085,"distribution":"{\"name\": \"FloatDistribution\", \"attributes\": {\"step\": null, \"low\": 1e-05, \"high\": 0.03, \"log\": true}}"}
{"op_code":5,"worker_id":"ca27d457-fadf-483a-a30a-465ef41f328f-139754024333312","trial_id":50,"param_name":"transfer_every","param_value_internal":10.0,"distribution":"{\"name\": \"IntDistribution\", \"attributes\": {\"log\": true, \"step\": 1, \"low\": 10, \"high\": 10}}"}
{"op_code":5,"worker_id":"ca27d457-fadf-483a-a30a-465ef41f328f-139754024333312","trial_id":50,"param_name":"rank_exp","param_value_internal":3.0,"distribution":"{\"name\": \"IntDistribution\", \"attributes\": {\"log\": false, \"step\": 1, \"low\": 3, \"high\": 3}}"}
{"op_code":5,"worker_id":"ca27d457-fadf-483a-a30a-465ef41f328f-139754024333312","trial_id":50,"param_name":"fast_lr","param_value_internal":0.2188792730282749,"distribution":"{\"name\": \"FloatDistribution\", \"attributes\": {\"step\": null, \"low\": 0.0007, \"high\": 20000.0, \"log\": true}}"}
{"op_code":5,"worker_id":"ca27d457-fadf-483a-a30a-465ef41f328f-139754024333312","trial_id":50,"param_name":"tau_sec","param_value_internal":0.0,"distribution":"{\"name\": \"FloatDistribution\", \"attributes\": {\"step\": null, \"low\": 0.0, \"high\": 0.0, \"log\": false}}"}
{"op_code":5,"worker_id":"ca27d457-fadf-483a-a30a-465ef41f328f-139754024333312","trial_id":50,"param_name":"ab_dw_min","param_value_internal":0.001981,"distribution":"{\"name\": \"FloatDistribution\", \"attributes\": {\"step\": null, \"low\": 0.001981, \"high\": 0.001981, \"log\": true}}"}
{"op_code":5,"worker_id":"ca27d457-fadf-483a-a30a-465ef41f328f-139754024333312","trial_id":50,"param_name":"ab_desired_bl","param_value_internal":31.0,"distribution":"{\"name\": \"IntDistribution\", \"attributes\": {\"log\": false, \"step\": 1, \"low\": 31, \"high\": 31}}"}
{"op_code":5,"worker_id":"ca27d457-fadf-483a-a30a-465ef41f328f-139754024333312","trial_id":50,"param_name":"a_reset_std","param_value_internal":1e-30,"distribution":"{\"name\": \"FloatDistribution\", \"attributes\": {\"step\": null, \"low\": 1e-30, \"high\": 1e-30, \"log\": true}}"}
{"op_code":5,"worker_id":"ca27d457-fadf-483a-a30a-465ef41f328f-139754024333312","trial_id":50,"param_name":"b_reset_std","param_value_internal":29427.294792555313,"distribution":"{\"name\": \"FloatDistribution\", \"attributes\": {\"step\": null, \"low\": 2e-05, \"high\": 30000.0, \"log\": true}}"}
{"op_code":5,"worker_id":"ca27d457-fadf-483a-a30a-465ef41f328f-139754024333312","trial_id":50,"param_name":"c_dw_min","param_value_internal":0.001,"distribution":"{\"name\": \"FloatDistribution\", \"attributes\": {\"step\": null, \"low\": 0.001, \"high\": 0.001, \"log\": true}}"}
{"op_code":5,"worker_id":"ca27d457-fadf-483a-a30a-465ef41f328f-139754024333312","trial_id":50,"param_name":"c_desired_bl","param_value_internal":31.0,"distribution":"{\"name\": \"IntDistribution\", \"attributes\": {\"log\": false, \"step\": 1, \"low\": 31, \"high\": 31}}"}
{"op_code":5,"worker_id":"ca27d457-fadf-483a-a30a-465ef41f328f-139754024333312","trial_id":50,"param_name":"out_noise","param_value_internal":0.0,"distribution":"{\"name\": \"FloatDistribution\", \"attributes\": {\"step\": null, \"low\": 0.0, \"high\": 0.0, \"log\": false}}"}
{"op_code":5,"worker_id":"ca27d457-fadf-483a-a30a-465ef41f328f-139754024333312","trial_id":50,"param_name":"ab_weight_scaling_omega","param_value_internal":0.0,"distribution":"{\"name\": \"FloatDistribution\", \"attributes\": {\"step\": null, \"low\": 0.0, \"high\": 0.0, \"log\": false}}"}
{"op_code":8,"worker_id":"ca27d457-fadf-483a-a30a-465ef41f328f-139754024333312","trial_id":50,"user_attr":{"grad_accum_steps":1}}
{"op_code":7,"worker_id":"ca27d457-fadf-483a-a30a-465ef41f328f-139754024333312","trial_id":50,"step":1,"intermediate_value":91.94}
{"op_code":8,"worker_id":"ca27d457-fadf-483a-a30a-465ef41f328f-139754024333312","trial_id":50,"user_attr":{"train_loss_epoch_1":0.4170023419264791}}
{"op_code":7,"worker_id":"ca27d457-fadf-483a-a30a-465ef41f328f-139754024333312","trial_id":50,"step":2,"intermediate_value":93.74}
{"op_code":8,"worker_id":"ca27d457-fadf-483a-a30a-465ef41f328f-139754024333312","trial_id":50,"user_attr":{"train_loss_epoch_2":0.2412493318867391}}
{"op_code":7,"worker_id":"ca27d457-fadf-483a-a30a-465ef41f328f-139754024333312","trial_id":50,"step":3,"intermediate_value":94.5}
{"op_code":8,"worker_id":"ca27d457-fadf-483a-a30a-465ef41f328f-139754024333312","trial_id":50,"user_attr":{"train_loss_epoch_3":0.1964437117986778}}
{"op_code":7,"worker_id":"ca27d457-fadf-483a-a30a-465ef41f328f-139754024333312","trial_id":50,"step":4,"intermediate_value":95.29}
{"op_code":8,"worker_id":"ca27d457-fadf-483a-a30a-465ef41f328f-139754024333312","trial_id":50,"user_attr":{"train_loss_epoch_4":0.1668985424352798}}
{"op_code":7,"worker_id":"ca27d457-fadf-483a-a30a-465ef41f328f-139754024333312","trial_id":50,"step":5,"intermediate_value":95.63}
{"op_code":8,"worker_id":"ca27d457-fadf-483a-a30a-465ef41f328f-139754024333312","trial_id":50,"user_attr":{"train_loss_epoch_5":0.14538603437258235}}
{"op_code":7,"worker_id":"ca27d457-fadf-483a-a30a-465ef41f328f-139754024333312","trial_id":50,"step":6,"intermediate_value":95.96}
{"op_code":8,"worker_id":"ca27d457-fadf-483a-a30a-465ef41f328f-139754024333312","trial_id":50,"user_attr":{"train_loss_epoch_6":0.13027249888650008}}
{"op_code":7,"worker_id":"ca27d457-fadf-483a-a30a-465ef41f328f-139754024333312","trial_id":50,"step":7,"intermediate_value":96.47}
{"op_code":8,"worker_id":"ca27d457-fadf-483a-a30a-465ef41f328f-139754024333312","trial_id":50,"user_attr":{"train_loss_epoch_7":0.12176772225092151}}
{"op_code":7,"worker_id":"ca27d457-fadf-483a-a30a-465ef41f328f-139754024333312","trial_id":50,"step":8,"intermediate_value":96.58}
{"op_code":8,"worker_id":"ca27d457-fadf-483a-a30a-465ef41f328f-139754024333312","trial_id":50,"user_attr":{"train_loss_epoch_8":0.11338528363641773}}
{"op_code":7,"worker_id":"ca27d457-fadf-483a-a30a-465ef41f328f-139754024333312","trial_id":50,"step":9,"intermediate_value":96.58}
{"op_code":8,"worker_id":"ca27d457-fadf-483a-a30a-465ef41f328f-139754024333312","trial_id":50,"user_attr":{"train_loss_epoch_9":0.10757968961290999}}
{"op_code":7,"worker_id":"ca27d457-fadf-483a-a30a-465ef41f328f-139754024333312","trial_id":50,"step":10,"intermediate_value":96.58}
{"op_code":8,"worker_id":"ca27d457-fadf-483a-a30a-465ef41f328f-139754024333312","trial_id":50,"user_attr":{"train_loss_epoch_10":0.10104827994286124}}
{"op_code":7,"worker_id":"ca27d457-fadf-483a-a30a-465ef41f328f-139754024333312","trial_id":50,"step":11,"intermediate_value":96.58}
{"op_code":8,"worker_id":"ca27d457-fadf-483a-a30a-465ef41f328f-139754024333312","trial_id":50,"user_attr":{"train_loss_epoch_11":0.09658440760870986}}
{"op_code":7,"worker_id":"ca27d457-fadf-483a-a30a-465ef41f328f-139754024333312","trial_id":50,"step":12,"intermediate_value":96.77}
{"op_code":8,"worker_id":"ca27d457-fadf-483a-a30a-465ef41f328f-139754024333312","trial_id":50,"user_attr":{"train_loss_epoch_12":0.09224980955184904}}
{"op_code":7,"worker_id":"ca27d457-fadf-483a-a30a-465ef41f328f-139754024333312","trial_id":50,"step":13,"intermediate_value":96.9}
{"op_code":8,"worker_id":"ca27d457-fadf-483a-a30a-465ef41f328f-139754024333312","trial_id":50,"user_attr":{"train_loss_epoch_13":0.08902262827740914}}
{"op_code":7,"worker_id":"ca27d457-fadf-483a-a30a-465ef41f328f-139754024333312","trial_id":50,"step":14,"intermediate_value":96.9}
{"op_code":8,"worker_id":"ca27d457-fadf-483a-a30a-465ef41f328f-139754024333312","trial_id":50,"user_attr":{"train_loss_epoch_14":0.08456638912116286}}
{"op_code":7,"worker_id":"ca27d457-fadf-483a-a30a-465ef41f328f-139754024333312","trial_id":50,"step":15,"intermediate_value":96.9}
{"op_code":8,"worker_id":"ca27d457-fadf-483a-a30a-465ef41f328f-139754024333312","trial_id":50,"user_attr":{"train_loss_epoch_15":0.08168387378373348}}
{"op_code":7,"worker_id":"ca27d457-fadf-483a-a30a-465ef41f328f-139754024333312","trial_id":50,"step":16,"intermediate_value":96.9}
{"op_code":8,"worker_id":"ca27d457-fadf-483a-a30a-465ef41f328f-139754024333312","trial_id":50,"user_attr":{"train_loss_epoch_16":0.08022981532303287}}
{"op_code":7,"worker_id":"ca27d457-fadf-483a-a30a-465ef41f328f-139754024333312","trial_id":50,"step":17,"intermediate_value":96.92}
{"op_code":8,"worker_id":"ca27d457-fadf-483a-a30a-465ef41f328f-139754024333312","trial_id":50,"user_attr":{"train_loss_epoch_17":0.07803096630965978}}
{"op_code":7,"worker_id":"ca27d457-fadf-483a-a30a-465ef41f328f-139754024333312","trial_id":50,"step":18,"intermediate_value":96.92}
{"op_code":8,"worker_id":"ca27d457-fadf-483a-a30a-465ef41f328f-139754024333312","trial_id":50,"user_attr":{"train_loss_epoch_18":0.07576514255734029}}
{"op_code":7,"worker_id":"ca27d457-fadf-483a-a30a-465ef41f328f-139754024333312","trial_id":50,"step":19,"intermediate_value":96.92}
{"op_code":8,"worker_id":"ca27d457-fadf-483a-a30a-465ef41f328f-139754024333312","trial_id":50,"user_attr":{"train_loss_epoch_19":0.07224736298208059}}
{"op_code":7,"worker_id":"ca27d457-fadf-483a-a30a-465ef41f328f-139754024333312","trial_id":50,"step":20,"intermediate_value":96.95}
{"op_code":8,"worker_id":"ca27d457-fadf-483a-a30a-465ef41f328f-139754024333312","trial_id":50,"user_attr":{"train_loss_epoch_20":0.06967839292649712}}
{"op_code":7,"worker_id":"ca27d457-fadf-483a-a30a-465ef41f328f-139754024333312","trial_id":50,"step":21,"intermediate_value":97.07}
{"op_code":8,"worker_id":"ca27d457-fadf-483a-a30a-465ef41f328f-139754024333312","trial_id":50,"user_attr":{"train_loss_epoch_21":0.06780354759327249}}
{"op_code":7,"worker_id":"ca27d457-fadf-483a-a30a-465ef41f328f-139754024333312","trial_id":50,"step":22,"intermediate_value":97.07}
{"op_code":8,"worker_id":"ca27d457-fadf-483a-a30a-465ef41f328f-139754024333312","trial_id":50,"user_attr":{"train_loss_epoch_22":0.06593544871957381}}
{"op_code":7,"worker_id":"ca27d457-fadf-483a-a30a-465ef41f328f-139754024333312","trial_id":50,"step":23,"intermediate_value":97.07}
{"op_code":8,"worker_id":"ca27d457-fadf-483a-a30a-465ef41f328f-139754024333312","trial_id":50,"user_attr":{"train_loss_epoch_23":0.06515323123418049}}
{"op_code":7,"worker_id":"ca27d457-fadf-483a-a30a-465ef41f328f-139754024333312","trial_id":50,"step":24,"intermediate_value":97.13}
{"op_code":8,"worker_id":"ca27d457-fadf-483a-a30a-465ef41f328f-139754024333312","trial_id":50,"user_attr":{"train_loss_epoch_24":0.06446854344535388}}
{"op_code":7,"worker_id":"ca27d457-fadf-483a-a30a-465ef41f328f-139754024333312","trial_id":50,"step":25,"intermediate_value":97.13}
{"op_code":8,"worker_id":"ca27d457-fadf-483a-a30a-465ef41f328f-139754024333312","trial_id":50,"user_attr":{"train_loss_epoch_25":0.06346800988281905}}
{"op_code":7,"worker_id":"ca27d457-fadf-483a-a30a-465ef41f328f-139754024333312","trial_id":50,"step":26,"intermediate_value":97.13}
{"op_code":8,"worker_id":"ca27d457-fadf-483a-a30a-465ef41f328f-139754024333312","trial_id":50,"user_attr":{"train_loss_epoch_26":0.062084550566192886}}
{"op_code":7,"worker_id":"ca27d457-fadf-483a-a30a-465ef41f328f-139754024333312","trial_id":50,"step":27,"intermediate_value":97.25}
{"op_code":8,"worker_id":"ca27d457-fadf-483a-a30a-465ef41f328f-139754024333312","trial_id":50,"user_attr":{"train_loss_epoch_27":0.062060576792099455}}
{"op_code":7,"worker_id":"ca27d457-fadf-483a-a30a-465ef41f328f-139754024333312","trial_id":50,"step":28,"intermediate_value":97.25}
{"op_code":8,"worker_id":"ca27d457-fadf-483a-a30a-465ef41f328f-139754024333312","trial_id":50,"user_attr":{"train_loss_epoch_28":0.06046136653697146}}
{"op_code":7,"worker_id":"ca27d457-fadf-483a-a30a-465ef41f328f-139754024333312","trial_id":50,"step":29,"intermediate_value":97.25}
{"op_code":8,"worker_id":"ca27d457-fadf-483a-a30a-465ef41f328f-139754024333312","trial_id":50,"user_attr":{"train_loss_epoch_29":0.05935143984989253}}
{"op_code":7,"worker_id":"ca27d457-fadf-483a-a30a-465ef41f328f-139754024333312","trial_id":50,"step":30,"intermediate_value":97.25}
{"op_code":8,"worker_id":"ca27d457-fadf-483a-a30a-465ef41f328f-139754024333312","trial_id":50,"user_attr":{"train_loss_epoch_30":0.05771084884673095}}
{"op_code":6,"worker_id":"ca27d457-fadf-483a-a30a-465ef41f328f-139754024333312","trial_id":50,"state":1,"values":[97.25],"datetime_complete":"2026-05-08T03:55:22.711760"}
{"op_code":4,"worker_id":"ca27d457-fadf-483a-a30a-465ef41f328f-139754024333312","study_id":0,"datetime_start":"2026-05-08T03:55:22.720187"}
{"op_code":5,"worker_id":"ca27d457-fadf-483a-a30a-465ef41f328f-139754024333312","trial_id":51,"param_name":"learning_rate","param_value_internal":0.0063761966847933164,"distribution":"{\"name\": \"FloatDistribution\", \"attributes\": {\"step\": null, \"low\": 0.006, \"high\": 5.0, \"log\": true}}"}
{"op_code":5,"worker_id":"ca27d457-fadf-483a-a30a-465ef41f328f-139754024333312","trial_id":51,"param_name":"transfer_lr","param_value_internal":4.0949495174314235e-05,"distribution":"{\"name\": \"FloatDistribution\", \"attributes\": {\"step\": null, \"low\": 1e-05, \"high\": 0.03, \"log\": true}}"}
{"op_code":5,"worker_id":"ca27d457-fadf-483a-a30a-465ef41f328f-139754024333312","trial_id":51,"param_name":"transfer_every","param_value_internal":10.0,"distribution":"{\"name\": \"IntDistribution\", \"attributes\": {\"log\": true, \"step\": 1, \"low\": 10, \"high\": 10}}"}
{"op_code":5,"worker_id":"ca27d457-fadf-483a-a30a-465ef41f328f-139754024333312","trial_id":51,"param_name":"rank_exp","param_value_internal":3.0,"distribution":"{\"name\": \"IntDistribution\", \"attributes\": {\"log\": false, \"step\": 1, \"low\": 3, \"high\": 3}}"}
{"op_code":5,"worker_id":"ca27d457-fadf-483a-a30a-465ef41f328f-139754024333312","trial_id":51,"param_name":"fast_lr","param_value_internal":0.3286008440075334,"distribution":"{\"name\": \"FloatDistribution\", \"attributes\": {\"step\": null, \"low\": 0.0007, \"high\": 20000.0, \"log\": true}}"}
{"op_code":5,"worker_id":"ca27d457-fadf-483a-a30a-465ef41f328f-139754024333312","trial_id":51,"param_name":"tau_sec","param_value_internal":0.0,"distribution":"{\"name\": \"FloatDistribution\", \"attributes\": {\"step\": null, \"low\": 0.0, \"high\": 0.0, \"log\": false}}"}
{"op_code":5,"worker_id":"ca27d457-fadf-483a-a30a-465ef41f328f-139754024333312","trial_id":51,"param_name":"ab_dw_min","param_value_internal":0.001981,"distribution":"{\"name\": \"FloatDistribution\", \"attributes\": {\"step\": null, \"low\": 0.001981, \"high\": 0.001981, \"log\": true}}"}
{"op_code":5,"worker_id":"ca27d457-fadf-483a-a30a-465ef41f328f-139754024333312","trial_id":51,"param_name":"ab_desired_bl","param_value_internal":31.0,"distribution":"{\"name\": \"IntDistribution\", \"attributes\": {\"log\": false, \"step\": 1, \"low\": 31, \"high\": 31}}"}
{"op_code":5,"worker_id":"ca27d457-fadf-483a-a30a-465ef41f328f-139754024333312","trial_id":51,"param_name":"a_reset_std","param_value_internal":1e-30,"distribution":"{\"name\": \"FloatDistribution\", \"attributes\": {\"step\": null, \"low\": 1e-30, \"high\": 1e-30, \"log\": true}}"}
{"op_code":5,"worker_id":"ca27d457-fadf-483a-a30a-465ef41f328f-139754024333312","trial_id":51,"param_name":"b_reset_std","param_value_internal":2.0490862777401652e-05,"distribution":"{\"name\": \"FloatDistribution\", \"attributes\": {\"step\": null, \"low\": 2e-05, \"high\": 30000.0, \"log\": true}}"}
{"op_code":5,"worker_id":"ca27d457-fadf-483a-a30a-465ef41f328f-139754024333312","trial_id":51,"param_name":"c_dw_min","param_value_internal":0.001,"distribution":"{\"name\": \"FloatDistribution\", \"attributes\": {\"step\": null, \"low\": 0.001, \"high\": 0.001, \"log\": true}}"}
{"op_code":5,"worker_id":"ca27d457-fadf-483a-a30a-465ef41f328f-139754024333312","trial_id":51,"param_name":"c_desired_bl","param_value_internal":31.0,"distribution":"{\"name\": \"IntDistribution\", \"attributes\": {\"log\": false, \"step\": 1, \"low\": 31, \"high\": 31}}"}
{"op_code":5,"worker_id":"ca27d457-fadf-483a-a30a-465ef41f328f-139754024333312","trial_id":51,"param_name":"out_noise","param_value_internal":0.0,"distribution":"{\"name\": \"FloatDistribution\", \"attributes\": {\"step\": null, \"low\": 0.0, \"high\": 0.0, \"log\": false}}"}
{"op_code":5,"worker_id":"ca27d457-fadf-483a-a30a-465ef41f328f-139754024333312","trial_id":51,"param_name":"ab_weight_scaling_omega","param_value_internal":0.0,"distribution":"{\"name\": \"FloatDistribution\", \"attributes\": {\"step\": null, \"low\": 0.0, \"high\": 0.0, \"log\": false}}"}
{"op_code":8,"worker_id":"ca27d457-fadf-483a-a30a-465ef41f328f-139754024333312","trial_id":51,"user_attr":{"grad_accum_steps":1}}
{"op_code":7,"worker_id":"ca27d457-fadf-483a-a30a-465ef41f328f-139754024333312","trial_id":51,"step":1,"intermediate_value":79.0}
{"op_code":8,"worker_id":"ca27d457-fadf-483a-a30a-465ef41f328f-139754024333312","trial_id":51,"user_attr":{"train_loss_epoch_1":1.5667108080026184}}
{"op_code":7,"worker_id":"ca27d457-fadf-483a-a30a-465ef41f328f-139754024333312","trial_id":51,"step":2,"intermediate_value":82.62}
{"op_code":8,"worker_id":"ca27d457-fadf-483a-a30a-465ef41f328f-139754024333312","trial_id":51,"user_attr":{"train_loss_epoch_2":0.9594585382099599}}
{"op_code":7,"worker_id":"ca27d457-fadf-483a-a30a-465ef41f328f-139754024333312","trial_id":51,"step":3,"intermediate_value":84.67}
{"op_code":8,"worker_id":"ca27d457-fadf-483a-a30a-465ef41f328f-139754024333312","trial_id":51,"user_attr":{"train_loss_epoch_3":0.7641288502765363}}
{"op_code":7,"worker_id":"ca27d457-fadf-483a-a30a-465ef41f328f-139754024333312","trial_id":51,"step":4,"intermediate_value":85.75}
{"op_code":8,"worker_id":"ca27d457-fadf-483a-a30a-465ef41f328f-139754024333312","trial_id":51,"user_attr":{"train_loss_epoch_4":0.6655141344266151}}
{"op_code":7,"worker_id":"ca27d457-fadf-483a-a30a-465ef41f328f-139754024333312","trial_id":51,"step":5,"intermediate_value":86.35}
{"op_code":8,"worker_id":"ca27d457-fadf-483a-a30a-465ef41f328f-139754024333312","trial_id":51,"user_attr":{"train_loss_epoch_5":0.6045637891363742}}
{"op_code":7,"worker_id":"ca27d457-fadf-483a-a30a-465ef41f328f-139754024333312","trial_id":51,"step":6,"intermediate_value":86.93}
{"op_code":8,"worker_id":"ca27d457-fadf-483a-a30a-465ef41f328f-139754024333312","trial_id":51,"user_attr":{"train_loss_epoch_6":0.5625480486195225}}
{"op_code":7,"worker_id":"ca27d457-fadf-483a-a30a-465ef41f328f-139754024333312","trial_id":51,"step":7,"intermediate_value":87.37}
{"op_code":8,"worker_id":"ca27d457-fadf-483a-a30a-465ef41f328f-139754024333312","trial_id":51,"user_attr":{"train_loss_epoch_7":0.531561222507247}}
{"op_code":7,"worker_id":"ca27d457-fadf-483a-a30a-465ef41f328f-139754024333312","trial_id":51,"step":8,"intermediate_value":87.66}
{"op_code":8,"worker_id":"ca27d457-fadf-483a-a30a-465ef41f328f-139754024333312","trial_id":51,"user_attr":{"train_loss_epoch_8":0.5074148552377087}}
{"op_code":7,"worker_id":"ca27d457-fadf-483a-a30a-465ef41f328f-139754024333312","trial_id":51,"step":9,"intermediate_value":88.06}
{"op_code":8,"worker_id":"ca27d457-fadf-483a-a30a-465ef41f328f-139754024333312","trial_id":51,"user_attr":{"train_loss_epoch_9":0.4878742824008724}}
{"op_code":7,"worker_id":"ca27d457-fadf-483a-a30a-465ef41f328f-139754024333312","trial_id":51,"step":10,"intermediate_value":88.33}
{"op_code":8,"worker_id":"ca27d457-fadf-483a-a30a-465ef41f328f-139754024333312","trial_id":51,"user_attr":{"train_loss_epoch_10":0.4718692487141471}}
{"op_code":7,"worker_id":"ca27d457-fadf-483a-a30a-465ef41f328f-139754024333312","trial_id":51,"step":11,"intermediate_value":88.45}
{"op_code":8,"worker_id":"ca27d457-fadf-483a-a30a-465ef41f328f-139754024333312","trial_id":51,"user_attr":{"train_loss_epoch_11":0.4611988000111031}}
{"op_code":7,"worker_id":"ca27d457-fadf-483a-a30a-465ef41f328f-139754024333312","trial_id":51,"step":12,"intermediate_value":88.51}
{"op_code":8,"worker_id":"ca27d457-fadf-483a-a30a-465ef41f328f-139754024333312","trial_id":51,"user_attr":{"train_loss_epoch_12":0.454945097933573}}
{"op_code":7,"worker_id":"ca27d457-fadf-483a-a30a-465ef41f328f-139754024333312","trial_id":51,"step":13,"intermediate_value":88.6}
{"op_code":8,"worker_id":"ca27d457-fadf-483a-a30a-465ef41f328f-139754024333312","trial_id":51,"user_attr":{"train_loss_epoch_13":0.4491228601857543}}
{"op_code":7,"worker_id":"ca27d457-fadf-483a-a30a-465ef41f328f-139754024333312","trial_id":51,"step":14,"intermediate_value":88.64}
{"op_code":8,"worker_id":"ca27d457-fadf-483a-a30a-465ef41f328f-139754024333312","trial_id":51,"user_attr":{"train_loss_epoch_14":0.44362046520338894}}
{"op_code":7,"worker_id":"ca27d457-fadf-483a-a30a-465ef41f328f-139754024333312","trial_id":51,"step":15,"intermediate_value":88.75}
{"op_code":8,"worker_id":"ca27d457-fadf-483a-a30a-465ef41f328f-139754024333312","trial_id":51,"user_attr":{"train_loss_epoch_15":0.43863192874231316}}
{"op_code":7,"worker_id":"ca27d457-fadf-483a-a30a-465ef41f328f-139754024333312","trial_id":51,"step":16,"intermediate_value":88.93}
{"op_code":8,"worker_id":"ca27d457-fadf-483a-a30a-465ef41f328f-139754024333312","trial_id":51,"user_attr":{"train_loss_epoch_16":0.4339637869774406}}
{"op_code":7,"worker_id":"ca27d457-fadf-483a-a30a-465ef41f328f-139754024333312","trial_id":51,"step":17,"intermediate_value":89.01}
{"op_code":8,"worker_id":"ca27d457-fadf-483a-a30a-465ef41f328f-139754024333312","trial_id":51,"user_attr":{"train_loss_epoch_17":0.42946576709940487}}
{"op_code":7,"worker_id":"ca27d457-fadf-483a-a30a-465ef41f328f-139754024333312","trial_id":51,"step":18,"intermediate_value":89.07}
{"op_code":8,"worker_id":"ca27d457-fadf-483a-a30a-465ef41f328f-139754024333312","trial_id":51,"user_attr":{"train_loss_epoch_18":0.42514508792649963}}
{"op_code":7,"worker_id":"ca27d457-fadf-483a-a30a-465ef41f328f-139754024333312","trial_id":51,"step":19,"intermediate_value":89.14}
{"op_code":8,"worker_id":"ca27d457-fadf-483a-a30a-465ef41f328f-139754024333312","trial_id":51,"user_attr":{"train_loss_epoch_19":0.42114157127990903}}
{"op_code":7,"worker_id":"ca27d457-fadf-483a-a30a-465ef41f328f-139754024333312","trial_id":51,"step":20,"intermediate_value":89.18}
{"op_code":8,"worker_id":"ca27d457-fadf-483a-a30a-465ef41f328f-139754024333312","trial_id":51,"user_attr":{"train_loss_epoch_20":0.41740878239305795}}
{"op_code":7,"worker_id":"ca27d457-fadf-483a-a30a-465ef41f328f-139754024333312","trial_id":51,"step":21,"intermediate_value":89.3}
{"op_code":8,"worker_id":"ca27d457-fadf-483a-a30a-465ef41f328f-139754024333312","trial_id":51,"user_attr":{"train_loss_epoch_21":0.4147150680136833}}
{"op_code":7,"worker_id":"ca27d457-fadf-483a-a30a-465ef41f328f-139754024333312","trial_id":51,"step":22,"intermediate_value":89.35}
{"op_code":8,"worker_id":"ca27d457-fadf-483a-a30a-465ef41f328f-139754024333312","trial_id":51,"user_attr":{"train_loss_epoch_22":0.4128938851707271}}
{"op_code":7,"worker_id":"ca27d457-fadf-483a-a30a-465ef41f328f-139754024333312","trial_id":51,"step":23,"intermediate_value":89.36}
{"op_code":8,"worker_id":"ca27d457-fadf-483a-a30a-465ef41f328f-139754024333312","trial_id":51,"user_attr":{"train_loss_epoch_23":0.411134899599847}}
{"op_code":7,"worker_id":"ca27d457-fadf-483a-a30a-465ef41f328f-139754024333312","trial_id":51,"step":24,"intermediate_value":89.38}
{"op_code":8,"worker_id":"ca27d457-fadf-483a-a30a-465ef41f328f-139754024333312","trial_id":51,"user_attr":{"train_loss_epoch_24":0.4094024209071324}}
{"op_code":7,"worker_id":"ca27d457-fadf-483a-a30a-465ef41f328f-139754024333312","trial_id":51,"step":25,"intermediate_value":89.39}
{"op_code":8,"worker_id":"ca27d457-fadf-483a-a30a-465ef41f328f-139754024333312","trial_id":51,"user_attr":{"train_loss_epoch_25":0.4080189748772426}}
{"op_code":7,"worker_id":"ca27d457-fadf-483a-a30a-465ef41f328f-139754024333312","trial_id":51,"step":26,"intermediate_value":89.4}
{"op_code":8,"worker_id":"ca27d457-fadf-483a-a30a-465ef41f328f-139754024333312","trial_id":51,"user_attr":{"train_loss_epoch_26":0.4063940558161563}}
{"op_code":7,"worker_id":"ca27d457-fadf-483a-a30a-465ef41f328f-139754024333312","trial_id":51,"step":27,"intermediate_value":89.41}
{"op_code":8,"worker_id":"ca27d457-fadf-483a-a30a-465ef41f328f-139754024333312","trial_id":51,"user_attr":{"train_loss_epoch_27":0.4046791438132461}}
{"op_code":7,"worker_id":"ca27d457-fadf-483a-a30a-465ef41f328f-139754024333312","trial_id":51,"step":28,"intermediate_value":89.45}
{"op_code":8,"worker_id":"ca27d457-fadf-483a-a30a-465ef41f328f-139754024333312","trial_id":51,"user_attr":{"train_loss_epoch_28":0.4031306896954457}}
{"op_code":7,"worker_id":"ca27d457-fadf-483a-a30a-465ef41f328f-139754024333312","trial_id":51,"step":29,"intermediate_value":89.46}
{"op_code":8,"worker_id":"ca27d457-fadf-483a-a30a-465ef41f328f-139754024333312","trial_id":51,"user_attr":{"train_loss_epoch_29":0.4017382855259025}}
{"op_code":7,"worker_id":"ca27d457-fadf-483a-a30a-465ef41f328f-139754024333312","trial_id":51,"step":30,"intermediate_value":89.53}
{"op_code":8,"worker_id":"ca27d457-fadf-483a-a30a-465ef41f328f-139754024333312","trial_id":51,"user_attr":{"train_loss_epoch_30":0.40027745273003956}}
{"op_code":6,"worker_id":"ca27d457-fadf-483a-a30a-465ef41f328f-139754024333312","trial_id":51,"state":1,"values":[89.53],"datetime_complete":"2026-05-08T04:05:43.595200"}
{"op_code":4,"worker_id":"ca27d457-fadf-483a-a30a-465ef41f328f-139754024333312","study_id":0,"datetime_start":"2026-05-08T04:05:43.597248"}
{"op_code":5,"worker_id":"ca27d457-fadf-483a-a30a-465ef41f328f-139754024333312","trial_id":52,"param_name":"learning_rate","param_value_internal":4.648739237628194,"distribution":"{\"name\": \"FloatDistribution\", \"attributes\": {\"step\": null, \"low\": 0.006, \"high\": 5.0, \"log\": true}}"}
{"op_code":5,"worker_id":"ca27d457-fadf-483a-a30a-465ef41f328f-139754024333312","trial_id":52,"param_name":"transfer_lr","param_value_internal":8.867669221905606e-05,"distribution":"{\"name\": \"FloatDistribution\", \"attributes\": {\"step\": null, \"low\": 1e-05, \"high\": 0.03, \"log\": true}}"}
{"op_code":5,"worker_id":"ca27d457-fadf-483a-a30a-465ef41f328f-139754024333312","trial_id":52,"param_name":"transfer_every","param_value_internal":10.0,"distribution":"{\"name\": \"IntDistribution\", \"attributes\": {\"log\": true, \"step\": 1, \"low\": 10, \"high\": 10}}"}
{"op_code":5,"worker_id":"ca27d457-fadf-483a-a30a-465ef41f328f-139754024333312","trial_id":52,"param_name":"rank_exp","param_value_internal":3.0,"distribution":"{\"name\": \"IntDistribution\", \"attributes\": {\"log\": false, \"step\": 1, \"low\": 3, \"high\": 3}}"}
{"op_code":5,"worker_id":"ca27d457-fadf-483a-a30a-465ef41f328f-139754024333312","trial_id":52,"param_name":"fast_lr","param_value_internal":0.0007,"distribution":"{\"name\": \"FloatDistribution\", \"attributes\": {\"step\": null, \"low\": 0.0007, \"high\": 20000.0, \"log\": true}}"}
{"op_code":5,"worker_id":"ca27d457-fadf-483a-a30a-465ef41f328f-139754024333312","trial_id":52,"param_name":"tau_sec","param_value_internal":0.0,"distribution":"{\"name\": \"FloatDistribution\", \"attributes\": {\"step\": null, \"low\": 0.0, \"high\": 0.0, \"log\": false}}"}
{"op_code":5,"worker_id":"ca27d457-fadf-483a-a30a-465ef41f328f-139754024333312","trial_id":52,"param_name":"ab_dw_min","param_value_internal":0.001981,"distribution":"{\"name\": \"FloatDistribution\", \"attributes\": {\"step\": null, \"low\": 0.001981, \"high\": 0.001981, \"log\": true}}"}
{"op_code":5,"worker_id":"ca27d457-fadf-483a-a30a-465ef41f328f-139754024333312","trial_id":52,"param_name":"ab_desired_bl","param_value_internal":31.0,"distribution":"{\"name\": \"IntDistribution\", \"attributes\": {\"log\": false, \"step\": 1, \"low\": 31, \"high\": 31}}"}
{"op_code":5,"worker_id":"ca27d457-fadf-483a-a30a-465ef41f328f-139754024333312","trial_id":52,"param_name":"a_reset_std","param_value_internal":1e-30,"distribution":"{\"name\": \"FloatDistribution\", \"attributes\": {\"step\": null, \"low\": 1e-30, \"high\": 1e-30, \"log\": true}}"}
{"op_code":5,"worker_id":"ca27d457-fadf-483a-a30a-465ef41f328f-139754024333312","trial_id":52,"param_name":"b_reset_std","param_value_internal":30000.0,"distribution":"{\"name\": \"FloatDistribution\", \"attributes\": {\"step\": null, \"low\": 2e-05, \"high\": 30000.0, \"log\": true}}"}
{"op_code":5,"worker_id":"ca27d457-fadf-483a-a30a-465ef41f328f-139754024333312","trial_id":52,"param_name":"c_dw_min","param_value_internal":0.001,"distribution":"{\"name\": \"FloatDistribution\", \"attributes\": {\"step\": null, \"low\": 0.001, \"high\": 0.001, \"log\": true}}"}
{"op_code":5,"worker_id":"ca27d457-fadf-483a-a30a-465ef41f328f-139754024333312","trial_id":52,"param_name":"c_desired_bl","param_value_internal":31.0,"distribution":"{\"name\": \"IntDistribution\", \"attributes\": {\"log\": false, \"step\": 1, \"low\": 31, \"high\": 31}}"}
{"op_code":5,"worker_id":"ca27d457-fadf-483a-a30a-465ef41f328f-139754024333312","trial_id":52,"param_name":"out_noise","param_value_internal":0.0,"distribution":"{\"name\": \"FloatDistribution\", \"attributes\": {\"step\": null, \"low\": 0.0, \"high\": 0.0, \"log\": false}}"}
{"op_code":5,"worker_id":"ca27d457-fadf-483a-a30a-465ef41f328f-139754024333312","trial_id":52,"param_name":"ab_weight_scaling_omega","param_value_internal":0.0,"distribution":"{\"name\": \"FloatDistribution\", \"attributes\": {\"step\": null, \"low\": 0.0, \"high\": 0.0, \"log\": false}}"}
{"op_code":8,"worker_id":"ca27d457-fadf-483a-a30a-465ef41f328f-139754024333312","trial_id":52,"user_attr":{"grad_accum_steps":1}}
{"op_code":7,"worker_id":"ca27d457-fadf-483a-a30a-465ef41f328f-139754024333312","trial_id":52,"step":1,"intermediate_value":88.46}
{"op_code":8,"worker_id":"ca27d457-fadf-483a-a30a-465ef41f328f-139754024333312","trial_id":52,"user_attr":{"train_loss_epoch_1":0.493125120420128}}
{"op_code":7,"worker_id":"ca27d457-fadf-483a-a30a-465ef41f328f-139754024333312","trial_id":52,"step":2,"intermediate_value":88.46}
{"op_code":8,"worker_id":"ca27d457-fadf-483a-a30a-465ef41f328f-139754024333312","trial_id":52,"user_attr":{"train_loss_epoch_2":0.39159269060598}}
{"op_code":7,"worker_id":"ca27d457-fadf-483a-a30a-465ef41f328f-139754024333312","trial_id":52,"step":3,"intermediate_value":88.46}
{"op_code":8,"worker_id":"ca27d457-fadf-483a-a30a-465ef41f328f-139754024333312","trial_id":52,"user_attr":{"train_loss_epoch_3":0.3881451108340007}}
{"op_code":7,"worker_id":"ca27d457-fadf-483a-a30a-465ef41f328f-139754024333312","trial_id":52,"step":4,"intermediate_value":88.46}
{"op_code":8,"worker_id":"ca27d457-fadf-483a-a30a-465ef41f328f-139754024333312","trial_id":52,"user_attr":{"train_loss_epoch_4":0.38205576749212705}}
{"op_code":7,"worker_id":"ca27d457-fadf-483a-a30a-465ef41f328f-139754024333312","trial_id":52,"step":5,"intermediate_value":88.46}
{"op_code":8,"worker_id":"ca27d457-fadf-483a-a30a-465ef41f328f-139754024333312","trial_id":52,"user_attr":{"train_loss_epoch_5":0.3828445139692536}}
{"op_code":7,"worker_id":"ca27d457-fadf-483a-a30a-465ef41f328f-139754024333312","trial_id":52,"step":6,"intermediate_value":88.46}
{"op_code":8,"worker_id":"ca27d457-fadf-483a-a30a-465ef41f328f-139754024333312","trial_id":52,"user_attr":{"train_loss_epoch_6":0.38200202660917093}}
{"op_code":6,"worker_id":"ca27d457-fadf-483a-a30a-465ef41f328f-139754024333312","trial_id":52,"state":1,"values":[88.46],"datetime_complete":"2026-05-08T04:09:30.935141"}
{"op_code":4,"worker_id":"ca27d457-fadf-483a-a30a-465ef41f328f-139754024333312","study_id":0,"datetime_start":"2026-05-08T04:09:30.940027"}
{"op_code":5,"worker_id":"ca27d457-fadf-483a-a30a-465ef41f328f-139754024333312","trial_id":53,"param_name":"learning_rate","param_value_internal":5.0,"distribution":"{\"name\": \"FloatDistribution\", \"attributes\": {\"step\": null, \"low\": 0.006, \"high\": 5.0, \"log\": true}}"}
{"op_code":5,"worker_id":"ca27d457-fadf-483a-a30a-465ef41f328f-139754024333312","trial_id":53,"param_name":"transfer_lr","param_value_internal":0.0034626179094239414,"distribution":"{\"name\": \"FloatDistribution\", \"attributes\": {\"step\": null, \"low\": 1e-05, \"high\": 0.03, \"log\": true}}"}
{"op_code":5,"worker_id":"ca27d457-fadf-483a-a30a-465ef41f328f-139754024333312","trial_id":53,"param_name":"transfer_every","param_value_internal":10.0,"distribution":"{\"name\": \"IntDistribution\", \"attributes\": {\"log\": true, \"step\": 1, \"low\": 10, \"high\": 10}}"}
{"op_code":5,"worker_id":"ca27d457-fadf-483a-a30a-465ef41f328f-139754024333312","trial_id":53,"param_name":"rank_exp","param_value_internal":3.0,"distribution":"{\"name\": \"IntDistribution\", \"attributes\": {\"log\": false, \"step\": 1, \"low\": 3, \"high\": 3}}"}
{"op_code":5,"worker_id":"ca27d457-fadf-483a-a30a-465ef41f328f-139754024333312","trial_id":53,"param_name":"fast_lr","param_value_internal":0.22965520306406656,"distribution":"{\"name\": \"FloatDistribution\", \"attributes\": {\"step\": null, \"low\": 0.0007, \"high\": 20000.0, \"log\": true}}"}
{"op_code":5,"worker_id":"ca27d457-fadf-483a-a30a-465ef41f328f-139754024333312","trial_id":53,"param_name":"tau_sec","param_value_internal":0.0,"distribution":"{\"name\": \"FloatDistribution\", \"attributes\": {\"step\": null, \"low\": 0.0, \"high\": 0.0, \"log\": false}}"}
{"op_code":5,"worker_id":"ca27d457-fadf-483a-a30a-465ef41f328f-139754024333312","trial_id":53,"param_name":"ab_dw_min","param_value_internal":0.001981,"distribution":"{\"name\": \"FloatDistribution\", \"attributes\": {\"step\": null, \"low\": 0.001981, \"high\": 0.001981, \"log\": true}}"}
{"op_code":5,"worker_id":"ca27d457-fadf-483a-a30a-465ef41f328f-139754024333312","trial_id":53,"param_name":"ab_desired_bl","param_value_internal":31.0,"distribution":"{\"name\": \"IntDistribution\", \"attributes\": {\"log\": false, \"step\": 1, \"low\": 31, \"high\": 31}}"}
{"op_code":5,"worker_id":"ca27d457-fadf-483a-a30a-465ef41f328f-139754024333312","trial_id":53,"param_name":"a_reset_std","param_value_internal":1e-30,"distribution":"{\"name\": \"FloatDistribution\", \"attributes\": {\"step\": null, \"low\": 1e-30, \"high\": 1e-30, \"log\": true}}"}
{"op_code":5,"worker_id":"ca27d457-fadf-483a-a30a-465ef41f328f-139754024333312","trial_id":53,"param_name":"b_reset_std","param_value_internal":2e-05,"distribution":"{\"name\": \"FloatDistribution\", \"attributes\": {\"step\": null, \"low\": 2e-05, \"high\": 30000.0, \"log\": true}}"}
{"op_code":5,"worker_id":"ca27d457-fadf-483a-a30a-465ef41f328f-139754024333312","trial_id":53,"param_name":"c_dw_min","param_value_internal":0.001,"distribution":"{\"name\": \"FloatDistribution\", \"attributes\": {\"step\": null, \"low\": 0.001, \"high\": 0.001, \"log\": true}}"}
{"op_code":5,"worker_id":"ca27d457-fadf-483a-a30a-465ef41f328f-139754024333312","trial_id":53,"param_name":"c_desired_bl","param_value_internal":31.0,"distribution":"{\"name\": \"IntDistribution\", \"attributes\": {\"log\": false, \"step\": 1, \"low\": 31, \"high\": 31}}"}
{"op_code":5,"worker_id":"ca27d457-fadf-483a-a30a-465ef41f328f-139754024333312","trial_id":53,"param_name":"out_noise","param_value_internal":0.0,"distribution":"{\"name\": \"FloatDistribution\", \"attributes\": {\"step\": null, \"low\": 0.0, \"high\": 0.0, \"log\": false}}"}
{"op_code":5,"worker_id":"ca27d457-fadf-483a-a30a-465ef41f328f-139754024333312","trial_id":53,"param_name":"ab_weight_scaling_omega","param_value_internal":0.0,"distribution":"{\"name\": \"FloatDistribution\", \"attributes\": {\"step\": null, \"low\": 0.0, \"high\": 0.0, \"log\": false}}"}
{"op_code":8,"worker_id":"ca27d457-fadf-483a-a30a-465ef41f328f-139754024333312","trial_id":53,"user_attr":{"grad_accum_steps":1}}
{"op_code":7,"worker_id":"ca27d457-fadf-483a-a30a-465ef41f328f-139754024333312","trial_id":53,"step":1,"intermediate_value":77.02}
{"op_code":8,"worker_id":"ca27d457-fadf-483a-a30a-465ef41f328f-139754024333312","trial_id":53,"user_attr":{"train_loss_epoch_1":0.5053756745941222}}
{"op_code":7,"worker_id":"ca27d457-fadf-483a-a30a-465ef41f328f-139754024333312","trial_id":53,"step":2,"intermediate_value":84.67}
{"op_code":8,"worker_id":"ca27d457-fadf-483a-a30a-465ef41f328f-139754024333312","trial_id":53,"user_attr":{"train_loss_epoch_2":0.41606337312601016}}
{"op_code":7,"worker_id":"ca27d457-fadf-483a-a30a-465ef41f328f-139754024333312","trial_id":53,"step":3,"intermediate_value":88.97}
{"op_code":8,"worker_id":"ca27d457-fadf-483a-a30a-465ef41f328f-139754024333312","trial_id":53,"user_attr":{"train_loss_epoch_3":0.40739203047460076}}
{"op_code":7,"worker_id":"ca27d457-fadf-483a-a30a-465ef41f328f-139754024333312","trial_id":53,"step":4,"intermediate_value":88.97}
{"op_code":8,"worker_id":"ca27d457-fadf-483a-a30a-465ef41f328f-139754024333312","trial_id":53,"user_attr":{"train_loss_epoch_4":0.3976670369775946}}
{"op_code":7,"worker_id":"ca27d457-fadf-483a-a30a-465ef41f328f-139754024333312","trial_id":53,"step":5,"intermediate_value":88.97}
{"op_code":8,"worker_id":"ca27d457-fadf-483a-a30a-465ef41f328f-139754024333312","trial_id":53,"user_attr":{"train_loss_epoch_5":0.3998237412605586}}
{"op_code":7,"worker_id":"ca27d457-fadf-483a-a30a-465ef41f328f-139754024333312","trial_id":53,"step":6,"intermediate_value":88.97}
{"op_code":8,"worker_id":"ca27d457-fadf-483a-a30a-465ef41f328f-139754024333312","trial_id":53,"user_attr":{"train_loss_epoch_6":0.39915873144449454}}
{"op_code":7,"worker_id":"ca27d457-fadf-483a-a30a-465ef41f328f-139754024333312","trial_id":53,"step":7,"intermediate_value":88.97}
{"op_code":8,"worker_id":"ca27d457-fadf-483a-a30a-465ef41f328f-139754024333312","trial_id":53,"user_attr":{"train_loss_epoch_7":0.3983685594202994}}
{"op_code":7,"worker_id":"ca27d457-fadf-483a-a30a-465ef41f328f-139754024333312","trial_id":53,"step":8,"intermediate_value":88.97}
{"op_code":8,"worker_id":"ca27d457-fadf-483a-a30a-465ef41f328f-139754024333312","trial_id":53,"user_attr":{"train_loss_epoch_8":0.3963275075848423}}
{"op_code":6,"worker_id":"ca27d457-fadf-483a-a30a-465ef41f328f-139754024333312","trial_id":53,"state":1,"values":[88.97],"datetime_complete":"2026-05-08T04:13:36.595555"}
{"op_code":4,"worker_id":"ca27d457-fadf-483a-a30a-465ef41f328f-139754024333312","study_id":0,"datetime_start":"2026-05-08T04:13:36.599712"}
{"op_code":5,"worker_id":"ca27d457-fadf-483a-a30a-465ef41f328f-139754024333312","trial_id":54,"param_name":"learning_rate","param_value_internal":4.82674142760613,"distribution":"{\"name\": \"FloatDistribution\", \"attributes\": {\"step\": null, \"low\": 0.006, \"high\": 5.0, \"log\": true}}"}
{"op_code":5,"worker_id":"ca27d457-fadf-483a-a30a-465ef41f328f-139754024333312","trial_id":54,"param_name":"transfer_lr","param_value_internal":0.013324938569854556,"distribution":"{\"name\": \"FloatDistribution\", \"attributes\": {\"step\": null, \"low\": 1e-05, \"high\": 0.03, \"log\": true}}"}
{"op_code":5,"worker_id":"ca27d457-fadf-483a-a30a-465ef41f328f-139754024333312","trial_id":54,"param_name":"transfer_every","param_value_internal":10.0,"distribution":"{\"name\": \"IntDistribution\", \"attributes\": {\"log\": true, \"step\": 1, \"low\": 10, \"high\": 10}}"}
{"op_code":5,"worker_id":"ca27d457-fadf-483a-a30a-465ef41f328f-139754024333312","trial_id":54,"param_name":"rank_exp","param_value_internal":3.0,"distribution":"{\"name\": \"IntDistribution\", \"attributes\": {\"log\": false, \"step\": 1, \"low\": 3, \"high\": 3}}"}
{"op_code":5,"worker_id":"ca27d457-fadf-483a-a30a-465ef41f328f-139754024333312","trial_id":54,"param_name":"fast_lr","param_value_internal":0.0007574546281067606,"distribution":"{\"name\": \"FloatDistribution\", \"attributes\": {\"step\": null, \"low\": 0.0007, \"high\": 20000.0, \"log\": true}}"}
{"op_code":5,"worker_id":"ca27d457-fadf-483a-a30a-465ef41f328f-139754024333312","trial_id":54,"param_name":"tau_sec","param_value_internal":0.0,"distribution":"{\"name\": \"FloatDistribution\", \"attributes\": {\"step\": null, \"low\": 0.0, \"high\": 0.0, \"log\": false}}"}
{"op_code":5,"worker_id":"ca27d457-fadf-483a-a30a-465ef41f328f-139754024333312","trial_id":54,"param_name":"ab_dw_min","param_value_internal":0.001981,"distribution":"{\"name\": \"FloatDistribution\", \"attributes\": {\"step\": null, \"low\": 0.001981, \"high\": 0.001981, \"log\": true}}"}
{"op_code":5,"worker_id":"ca27d457-fadf-483a-a30a-465ef41f328f-139754024333312","trial_id":54,"param_name":"ab_desired_bl","param_value_internal":31.0,"distribution":"{\"name\": \"IntDistribution\", \"attributes\": {\"log\": false, \"step\": 1, \"low\": 31, \"high\": 31}}"}
{"op_code":5,"worker_id":"ca27d457-fadf-483a-a30a-465ef41f328f-139754024333312","trial_id":54,"param_name":"a_reset_std","param_value_internal":1e-30,"distribution":"{\"name\": \"FloatDistribution\", \"attributes\": {\"step\": null, \"low\": 1e-30, \"high\": 1e-30, \"log\": true}}"}
{"op_code":5,"worker_id":"ca27d457-fadf-483a-a30a-465ef41f328f-139754024333312","trial_id":54,"param_name":"b_reset_std","param_value_internal":14.7943899698068,"distribution":"{\"name\": \"FloatDistribution\", \"attributes\": {\"step\": null, \"low\": 2e-05, \"high\": 30000.0, \"log\": true}}"}
{"op_code":5,"worker_id":"ca27d457-fadf-483a-a30a-465ef41f328f-139754024333312","trial_id":54,"param_name":"c_dw_min","param_value_internal":0.001,"distribution":"{\"name\": \"FloatDistribution\", \"attributes\": {\"step\": null, \"low\": 0.001, \"high\": 0.001, \"log\": true}}"}
{"op_code":5,"worker_id":"ca27d457-fadf-483a-a30a-465ef41f328f-139754024333312","trial_id":54,"param_name":"c_desired_bl","param_value_internal":31.0,"distribution":"{\"name\": \"IntDistribution\", \"attributes\": {\"log\": false, \"step\": 1, \"low\": 31, \"high\": 31}}"}
{"op_code":5,"worker_id":"ca27d457-fadf-483a-a30a-465ef41f328f-139754024333312","trial_id":54,"param_name":"out_noise","param_value_internal":0.0,"distribution":"{\"name\": \"FloatDistribution\", \"attributes\": {\"step\": null, \"low\": 0.0, \"high\": 0.0, \"log\": false}}"}
{"op_code":5,"worker_id":"ca27d457-fadf-483a-a30a-465ef41f328f-139754024333312","trial_id":54,"param_name":"ab_weight_scaling_omega","param_value_internal":0.0,"distribution":"{\"name\": \"FloatDistribution\", \"attributes\": {\"step\": null, \"low\": 0.0, \"high\": 0.0, \"log\": false}}"}
{"op_code":8,"worker_id":"ca27d457-fadf-483a-a30a-465ef41f328f-139754024333312","trial_id":54,"user_attr":{"grad_accum_steps":1}}
{"op_code":7,"worker_id":"ca27d457-fadf-483a-a30a-465ef41f328f-139754024333312","trial_id":54,"step":1,"intermediate_value":88.43}
{"op_code":8,"worker_id":"ca27d457-fadf-483a-a30a-465ef41f328f-139754024333312","trial_id":54,"user_attr":{"train_loss_epoch_1":0.4790330630248544}}
{"op_code":7,"worker_id":"ca27d457-fadf-483a-a30a-465ef41f328f-139754024333312","trial_id":54,"step":2,"intermediate_value":90.62}
{"op_code":8,"worker_id":"ca27d457-fadf-483a-a30a-465ef41f328f-139754024333312","trial_id":54,"user_attr":{"train_loss_epoch_2":0.35155074082330856}}
{"op_code":7,"worker_id":"ca27d457-fadf-483a-a30a-465ef41f328f-139754024333312","trial_id":54,"step":3,"intermediate_value":90.62}
{"op_code":8,"worker_id":"ca27d457-fadf-483a-a30a-465ef41f328f-139754024333312","trial_id":54,"user_attr":{"train_loss_epoch_3":0.31940550189505}}
{"op_code":7,"worker_id":"ca27d457-fadf-483a-a30a-465ef41f328f-139754024333312","trial_id":54,"step":4,"intermediate_value":91.7}
{"op_code":8,"worker_id":"ca27d457-fadf-483a-a30a-465ef41f328f-139754024333312","trial_id":54,"user_attr":{"train_loss_epoch_4":0.29909553651267023}}
{"op_code":7,"worker_id":"ca27d457-fadf-483a-a30a-465ef41f328f-139754024333312","trial_id":54,"step":5,"intermediate_value":91.7}
{"op_code":8,"worker_id":"ca27d457-fadf-483a-a30a-465ef41f328f-139754024333312","trial_id":54,"user_attr":{"train_loss_epoch_5":0.2912072975144807}}
{"op_code":7,"worker_id":"ca27d457-fadf-483a-a30a-465ef41f328f-139754024333312","trial_id":54,"step":6,"intermediate_value":91.7}
{"op_code":8,"worker_id":"ca27d457-fadf-483a-a30a-465ef41f328f-139754024333312","trial_id":54,"user_attr":{"train_loss_epoch_6":0.2822984023643201}}
{"op_code":7,"worker_id":"ca27d457-fadf-483a-a30a-465ef41f328f-139754024333312","trial_id":54,"step":7,"intermediate_value":91.7}
{"op_code":8,"worker_id":"ca27d457-fadf-483a-a30a-465ef41f328f-139754024333312","trial_id":54,"user_attr":{"train_loss_epoch_7":0.2752857478792225}}
{"op_code":7,"worker_id":"ca27d457-fadf-483a-a30a-465ef41f328f-139754024333312","trial_id":54,"step":8,"intermediate_value":91.7}
{"op_code":8,"worker_id":"ca27d457-fadf-483a-a30a-465ef41f328f-139754024333312","trial_id":54,"user_attr":{"train_loss_epoch_8":0.2645514979879104}}
{"op_code":7,"worker_id":"ca27d457-fadf-483a-a30a-465ef41f328f-139754024333312","trial_id":54,"step":9,"intermediate_value":92.27}
{"op_code":8,"worker_id":"ca27d457-fadf-483a-a30a-465ef41f328f-139754024333312","trial_id":54,"user_attr":{"train_loss_epoch_9":0.25987492880222}}
{"op_code":7,"worker_id":"ca27d457-fadf-483a-a30a-465ef41f328f-139754024333312","trial_id":54,"step":10,"intermediate_value":92.27}
{"op_code":8,"worker_id":"ca27d457-fadf-483a-a30a-465ef41f328f-139754024333312","trial_id":54,"user_attr":{"train_loss_epoch_10":0.2548248411050992}}
{"op_code":7,"worker_id":"ca27d457-fadf-483a-a30a-465ef41f328f-139754024333312","trial_id":54,"step":11,"intermediate_value":93.63}
{"op_code":8,"worker_id":"ca27d457-fadf-483a-a30a-465ef41f328f-139754024333312","trial_id":54,"user_attr":{"train_loss_epoch_11":0.20813178668803434}}
{"op_code":7,"worker_id":"ca27d457-fadf-483a-a30a-465ef41f328f-139754024333312","trial_id":54,"step":12,"intermediate_value":93.63}
{"op_code":8,"worker_id":"ca27d457-fadf-483a-a30a-465ef41f328f-139754024333312","trial_id":54,"user_attr":{"train_loss_epoch_12":0.20076629729357673}}
{"op_code":7,"worker_id":"ca27d457-fadf-483a-a30a-465ef41f328f-139754024333312","trial_id":54,"step":13,"intermediate_value":93.63}
{"op_code":8,"worker_id":"ca27d457-fadf-483a-a30a-465ef41f328f-139754024333312","trial_id":54,"user_attr":{"train_loss_epoch_13":0.19677069263338154}}
{"op_code":7,"worker_id":"ca27d457-fadf-483a-a30a-465ef41f328f-139754024333312","trial_id":54,"step":14,"intermediate_value":93.69}
{"op_code":8,"worker_id":"ca27d457-fadf-483a-a30a-465ef41f328f-139754024333312","trial_id":54,"user_attr":{"train_loss_epoch_14":0.1928191582011039}}
{"op_code":7,"worker_id":"ca27d457-fadf-483a-a30a-465ef41f328f-139754024333312","trial_id":54,"step":15,"intermediate_value":93.76}
{"op_code":8,"worker_id":"ca27d457-fadf-483a-a30a-465ef41f328f-139754024333312","trial_id":54,"user_attr":{"train_loss_epoch_15":0.18823396929823705}}
{"op_code":7,"worker_id":"ca27d457-fadf-483a-a30a-465ef41f328f-139754024333312","trial_id":54,"step":16,"intermediate_value":93.76}
{"op_code":8,"worker_id":"ca27d457-fadf-483a-a30a-465ef41f328f-139754024333312","trial_id":54,"user_attr":{"train_loss_epoch_16":0.18684239252043494}}
{"op_code":7,"worker_id":"ca27d457-fadf-483a-a30a-465ef41f328f-139754024333312","trial_id":54,"step":17,"intermediate_value":93.86}
{"op_code":8,"worker_id":"ca27d457-fadf-483a-a30a-465ef41f328f-139754024333312","trial_id":54,"user_attr":{"train_loss_epoch_17":0.18467698119548973}}
{"op_code":7,"worker_id":"ca27d457-fadf-483a-a30a-465ef41f328f-139754024333312","trial_id":54,"step":18,"intermediate_value":93.86}
{"op_code":8,"worker_id":"ca27d457-fadf-483a-a30a-465ef41f328f-139754024333312","trial_id":54,"user_attr":{"train_loss_epoch_18":0.1824020334183852}}
{"op_code":7,"worker_id":"ca27d457-fadf-483a-a30a-465ef41f328f-139754024333312","trial_id":54,"step":19,"intermediate_value":93.86}
{"op_code":8,"worker_id":"ca27d457-fadf-483a-a30a-465ef41f328f-139754024333312","trial_id":54,"user_attr":{"train_loss_epoch_19":0.1809487045327547}}
{"op_code":7,"worker_id":"ca27d457-fadf-483a-a30a-465ef41f328f-139754024333312","trial_id":54,"step":20,"intermediate_value":94.02}
{"op_code":8,"worker_id":"ca27d457-fadf-483a-a30a-465ef41f328f-139754024333312","trial_id":54,"user_attr":{"train_loss_epoch_20":0.17891636850244835}}
{"op_code":7,"worker_id":"ca27d457-fadf-483a-a30a-465ef41f328f-139754024333312","trial_id":54,"step":21,"intermediate_value":94.35}
{"op_code":8,"worker_id":"ca27d457-fadf-483a-a30a-465ef41f328f-139754024333312","trial_id":54,"user_attr":{"train_loss_epoch_21":0.1615024517818507}}
{"op_code":7,"worker_id":"ca27d457-fadf-483a-a30a-465ef41f328f-139754024333312","trial_id":54,"step":22,"intermediate_value":94.51}
{"op_code":8,"worker_id":"ca27d457-fadf-483a-a30a-465ef41f328f-139754024333312","trial_id":54,"user_attr":{"train_loss_epoch_22":0.15837130009699096}}
{"op_code":7,"worker_id":"ca27d457-fadf-483a-a30a-465ef41f328f-139754024333312","trial_id":54,"step":23,"intermediate_value":94.51}
{"op_code":8,"worker_id":"ca27d457-fadf-483a-a30a-465ef41f328f-139754024333312","trial_id":54,"user_attr":{"train_loss_epoch_23":0.15742063088648356}}
{"op_code":7,"worker_id":"ca27d457-fadf-483a-a30a-465ef41f328f-139754024333312","trial_id":54,"step":24,"intermediate_value":94.51}
{"op_code":8,"worker_id":"ca27d457-fadf-483a-a30a-465ef41f328f-139754024333312","trial_id":54,"user_attr":{"train_loss_epoch_24":0.15579259200597495}}
{"op_code":7,"worker_id":"ca27d457-fadf-483a-a30a-465ef41f328f-139754024333312","trial_id":54,"step":25,"intermediate_value":94.51}
{"op_code":8,"worker_id":"ca27d457-fadf-483a-a30a-465ef41f328f-139754024333312","trial_id":54,"user_attr":{"train_loss_epoch_25":0.15536297588293424}}
{"op_code":7,"worker_id":"ca27d457-fadf-483a-a30a-465ef41f328f-139754024333312","trial_id":54,"step":26,"intermediate_value":94.51}
{"op_code":8,"worker_id":"ca27d457-fadf-483a-a30a-465ef41f328f-139754024333312","trial_id":54,"user_attr":{"train_loss_epoch_26":0.15319724481747443}}
{"op_code":7,"worker_id":"ca27d457-fadf-483a-a30a-465ef41f328f-139754024333312","trial_id":54,"step":27,"intermediate_value":94.51}
{"op_code":8,"worker_id":"ca27d457-fadf-483a-a30a-465ef41f328f-139754024333312","trial_id":54,"user_attr":{"train_loss_epoch_27":0.15094172097504266}}
{"op_code":6,"worker_id":"ca27d457-fadf-483a-a30a-465ef41f328f-139754024333312","trial_id":54,"state":1,"values":[94.51],"datetime_complete":"2026-05-08T04:24:16.857823"}
{"op_code":4,"worker_id":"ca27d457-fadf-483a-a30a-465ef41f328f-139754024333312","study_id":0,"datetime_start":"2026-05-08T04:24:16.862964"}
{"op_code":5,"worker_id":"ca27d457-fadf-483a-a30a-465ef41f328f-139754024333312","trial_id":55,"param_name":"learning_rate","param_value_internal":5.0,"distribution":"{\"name\": \"FloatDistribution\", \"attributes\": {\"step\": null, \"low\": 0.006, \"high\": 5.0, \"log\": true}}"}
{"op_code":5,"worker_id":"ca27d457-fadf-483a-a30a-465ef41f328f-139754024333312","trial_id":55,"param_name":"transfer_lr","param_value_internal":7.767567485738191e-05,"distribution":"{\"name\": \"FloatDistribution\", \"attributes\": {\"step\": null, \"low\": 1e-05, \"high\": 0.03, \"log\": true}}"}
{"op_code":5,"worker_id":"ca27d457-fadf-483a-a30a-465ef41f328f-139754024333312","trial_id":55,"param_name":"transfer_every","param_value_internal":10.0,"distribution":"{\"name\": \"IntDistribution\", \"attributes\": {\"log\": true, \"step\": 1, \"low\": 10, \"high\": 10}}"}
{"op_code":5,"worker_id":"ca27d457-fadf-483a-a30a-465ef41f328f-139754024333312","trial_id":55,"param_name":"rank_exp","param_value_internal":3.0,"distribution":"{\"name\": \"IntDistribution\", \"attributes\": {\"log\": false, \"step\": 1, \"low\": 3, \"high\": 3}}"}
{"op_code":5,"worker_id":"ca27d457-fadf-483a-a30a-465ef41f328f-139754024333312","trial_id":55,"param_name":"fast_lr","param_value_internal":12.570514050828537,"distribution":"{\"name\": \"FloatDistribution\", \"attributes\": {\"step\": null, \"low\": 0.0007, \"high\": 20000.0, \"log\": true}}"}
{"op_code":5,"worker_id":"ca27d457-fadf-483a-a30a-465ef41f328f-139754024333312","trial_id":55,"param_name":"tau_sec","param_value_internal":0.0,"distribution":"{\"name\": \"FloatDistribution\", \"attributes\": {\"step\": null, \"low\": 0.0, \"high\": 0.0, \"log\": false}}"}
{"op_code":5,"worker_id":"ca27d457-fadf-483a-a30a-465ef41f328f-139754024333312","trial_id":55,"param_name":"ab_dw_min","param_value_internal":0.001981,"distribution":"{\"name\": \"FloatDistribution\", \"attributes\": {\"step\": null, \"low\": 0.001981, \"high\": 0.001981, \"log\": true}}"}
{"op_code":5,"worker_id":"ca27d457-fadf-483a-a30a-465ef41f328f-139754024333312","trial_id":55,"param_name":"ab_desired_bl","param_value_internal":31.0,"distribution":"{\"name\": \"IntDistribution\", \"attributes\": {\"log\": false, \"step\": 1, \"low\": 31, \"high\": 31}}"}
{"op_code":5,"worker_id":"ca27d457-fadf-483a-a30a-465ef41f328f-139754024333312","trial_id":55,"param_name":"a_reset_std","param_value_internal":1e-30,"distribution":"{\"name\": \"FloatDistribution\", \"attributes\": {\"step\": null, \"low\": 1e-30, \"high\": 1e-30, \"log\": true}}"}
{"op_code":5,"worker_id":"ca27d457-fadf-483a-a30a-465ef41f328f-139754024333312","trial_id":55,"param_name":"b_reset_std","param_value_internal":0.26075511148356517,"distribution":"{\"name\": \"FloatDistribution\", \"attributes\": {\"step\": null, \"low\": 2e-05, \"high\": 30000.0, \"log\": true}}"}
{"op_code":5,"worker_id":"ca27d457-fadf-483a-a30a-465ef41f328f-139754024333312","trial_id":55,"param_name":"c_dw_min","param_value_internal":0.001,"distribution":"{\"name\": \"FloatDistribution\", \"attributes\": {\"step\": null, \"low\": 0.001, \"high\": 0.001, \"log\": true}}"}
{"op_code":5,"worker_id":"ca27d457-fadf-483a-a30a-465ef41f328f-139754024333312","trial_id":55,"param_name":"c_desired_bl","param_value_internal":31.0,"distribution":"{\"name\": \"IntDistribution\", \"attributes\": {\"log\": false, \"step\": 1, \"low\": 31, \"high\": 31}}"}
{"op_code":5,"worker_id":"ca27d457-fadf-483a-a30a-465ef41f328f-139754024333312","trial_id":55,"param_name":"out_noise","param_value_internal":0.0,"distribution":"{\"name\": \"FloatDistribution\", \"attributes\": {\"step\": null, \"low\": 0.0, \"high\": 0.0, \"log\": false}}"}
{"op_code":5,"worker_id":"ca27d457-fadf-483a-a30a-465ef41f328f-139754024333312","trial_id":55,"param_name":"ab_weight_scaling_omega","param_value_internal":0.0,"distribution":"{\"name\": \"FloatDistribution\", \"attributes\": {\"step\": null, \"low\": 0.0, \"high\": 0.0, \"log\": false}}"}
{"op_code":8,"worker_id":"ca27d457-fadf-483a-a30a-465ef41f328f-139754024333312","trial_id":55,"user_attr":{"grad_accum_steps":1}}
{"op_code":7,"worker_id":"ca27d457-fadf-483a-a30a-465ef41f328f-139754024333312","trial_id":55,"step":1,"intermediate_value":80.86}
{"op_code":8,"worker_id":"ca27d457-fadf-483a-a30a-465ef41f328f-139754024333312","trial_id":55,"user_attr":{"train_loss_epoch_1":0.5060218492074053}}
{"op_code":7,"worker_id":"ca27d457-fadf-483a-a30a-465ef41f328f-139754024333312","trial_id":55,"step":2,"intermediate_value":87.77}
{"op_code":8,"worker_id":"ca27d457-fadf-483a-a30a-465ef41f328f-139754024333312","trial_id":55,"user_attr":{"train_loss_epoch_2":0.408316595722109}}
{"op_code":7,"worker_id":"ca27d457-fadf-483a-a30a-465ef41f328f-139754024333312","trial_id":55,"step":3,"intermediate_value":87.77}
{"op_code":8,"worker_id":"ca27d457-fadf-483a-a30a-465ef41f328f-139754024333312","trial_id":55,"user_attr":{"train_loss_epoch_3":0.39110014113440694}}
{"op_code":7,"worker_id":"ca27d457-fadf-483a-a30a-465ef41f328f-139754024333312","trial_id":55,"step":4,"intermediate_value":87.77}
{"op_code":8,"worker_id":"ca27d457-fadf-483a-a30a-465ef41f328f-139754024333312","trial_id":55,"user_attr":{"train_loss_epoch_4":0.38004453987407405}}
{"op_code":7,"worker_id":"ca27d457-fadf-483a-a30a-465ef41f328f-139754024333312","trial_id":55,"step":5,"intermediate_value":89.16}
{"op_code":8,"worker_id":"ca27d457-fadf-483a-a30a-465ef41f328f-139754024333312","trial_id":55,"user_attr":{"train_loss_epoch_5":0.37028944544764214}}
{"op_code":7,"worker_id":"ca27d457-fadf-483a-a30a-465ef41f328f-139754024333312","trial_id":55,"step":6,"intermediate_value":89.54}
{"op_code":8,"worker_id":"ca27d457-fadf-483a-a30a-465ef41f328f-139754024333312","trial_id":55,"user_attr":{"train_loss_epoch_6":0.36254196401153294}}
{"op_code":7,"worker_id":"ca27d457-fadf-483a-a30a-465ef41f328f-139754024333312","trial_id":55,"step":7,"intermediate_value":90.06}
{"op_code":8,"worker_id":"ca27d457-fadf-483a-a30a-465ef41f328f-139754024333312","trial_id":55,"user_attr":{"train_loss_epoch_7":0.36098383672074724}}
{"op_code":7,"worker_id":"ca27d457-fadf-483a-a30a-465ef41f328f-139754024333312","trial_id":55,"step":8,"intermediate_value":90.06}
{"op_code":8,"worker_id":"ca27d457-fadf-483a-a30a-465ef41f328f-139754024333312","trial_id":55,"user_attr":{"train_loss_epoch_8":0.36291620654782764}}
{"op_code":7,"worker_id":"ca27d457-fadf-483a-a30a-465ef41f328f-139754024333312","trial_id":55,"step":9,"intermediate_value":90.06}
{"op_code":8,"worker_id":"ca27d457-fadf-483a-a30a-465ef41f328f-139754024333312","trial_id":55,"user_attr":{"train_loss_epoch_9":0.359827903208575}}
{"op_code":7,"worker_id":"ca27d457-fadf-483a-a30a-465ef41f328f-139754024333312","trial_id":55,"step":10,"intermediate_value":90.06}
{"op_code":8,"worker_id":"ca27d457-fadf-483a-a30a-465ef41f328f-139754024333312","trial_id":55,"user_attr":{"train_loss_epoch_10":0.35079079411272557}}
{"op_code":7,"worker_id":"ca27d457-fadf-483a-a30a-465ef41f328f-139754024333312","trial_id":55,"step":11,"intermediate_value":90.54}
{"op_code":8,"worker_id":"ca27d457-fadf-483a-a30a-465ef41f328f-139754024333312","trial_id":55,"user_attr":{"train_loss_epoch_11":0.27278945959214845}}
{"op_code":7,"worker_id":"ca27d457-fadf-483a-a30a-465ef41f328f-139754024333312","trial_id":55,"step":12,"intermediate_value":91.22}
{"op_code":8,"worker_id":"ca27d457-fadf-483a-a30a-465ef41f328f-139754024333312","trial_id":55,"user_attr":{"train_loss_epoch_12":0.262357778283261}}
{"op_code":7,"worker_id":"ca27d457-fadf-483a-a30a-465ef41f328f-139754024333312","trial_id":55,"step":13,"intermediate_value":91.47}
{"op_code":8,"worker_id":"ca27d457-fadf-483a-a30a-465ef41f328f-139754024333312","trial_id":55,"user_attr":{"train_loss_epoch_13":0.26177176633782223}}
{"op_code":7,"worker_id":"ca27d457-fadf-483a-a30a-465ef41f328f-139754024333312","trial_id":55,"step":14,"intermediate_value":91.47}
{"op_code":8,"worker_id":"ca27d457-fadf-483a-a30a-465ef41f328f-139754024333312","trial_id":55,"user_attr":{"train_loss_epoch_14":0.2572526162279758}}
{"op_code":7,"worker_id":"ca27d457-fadf-483a-a30a-465ef41f328f-139754024333312","trial_id":55,"step":15,"intermediate_value":91.87}
{"op_code":8,"worker_id":"ca27d457-fadf-483a-a30a-465ef41f328f-139754024333312","trial_id":55,"user_attr":{"train_loss_epoch_15":0.2579297855027767}}
{"op_code":7,"worker_id":"ca27d457-fadf-483a-a30a-465ef41f328f-139754024333312","trial_id":55,"step":16,"intermediate_value":91.88}
{"op_code":8,"worker_id":"ca27d457-fadf-483a-a30a-465ef41f328f-139754024333312","trial_id":55,"user_attr":{"train_loss_epoch_16":0.2539395623798691}}
{"op_code":7,"worker_id":"ca27d457-fadf-483a-a30a-465ef41f328f-139754024333312","trial_id":55,"step":17,"intermediate_value":91.88}
{"op_code":8,"worker_id":"ca27d457-fadf-483a-a30a-465ef41f328f-139754024333312","trial_id":55,"user_attr":{"train_loss_epoch_17":0.25370818338414497}}
{"op_code":7,"worker_id":"ca27d457-fadf-483a-a30a-465ef41f328f-139754024333312","trial_id":55,"step":18,"intermediate_value":91.88}
{"op_code":8,"worker_id":"ca27d457-fadf-483a-a30a-465ef41f328f-139754024333312","trial_id":55,"user_attr":{"train_loss_epoch_18":0.2492622478422262}}
{"op_code":7,"worker_id":"ca27d457-fadf-483a-a30a-465ef41f328f-139754024333312","trial_id":55,"step":19,"intermediate_value":91.88}
{"op_code":8,"worker_id":"ca27d457-fadf-483a-a30a-465ef41f328f-139754024333312","trial_id":55,"user_attr":{"train_loss_epoch_19":0.24549862850052334}}
{"op_code":7,"worker_id":"ca27d457-fadf-483a-a30a-465ef41f328f-139754024333312","trial_id":55,"step":20,"intermediate_value":91.88}
{"op_code":8,"worker_id":"ca27d457-fadf-483a-a30a-465ef41f328f-139754024333312","trial_id":55,"user_attr":{"train_loss_epoch_20":0.24606641647276847}}
{"op_code":7,"worker_id":"ca27d457-fadf-483a-a30a-465ef41f328f-139754024333312","trial_id":55,"step":21,"intermediate_value":93.01}
{"op_code":8,"worker_id":"ca27d457-fadf-483a-a30a-465ef41f328f-139754024333312","trial_id":55,"user_attr":{"train_loss_epoch_21":0.21818959900835302}}
{"op_code":7,"worker_id":"ca27d457-fadf-483a-a30a-465ef41f328f-139754024333312","trial_id":55,"step":22,"intermediate_value":93.01}
{"op_code":8,"worker_id":"ca27d457-fadf-483a-a30a-465ef41f328f-139754024333312","trial_id":55,"user_attr":{"train_loss_epoch_22":0.21574746436481154}}
{"op_code":7,"worker_id":"ca27d457-fadf-483a-a30a-465ef41f328f-139754024333312","trial_id":55,"step":23,"intermediate_value":93.06}
{"op_code":8,"worker_id":"ca27d457-fadf-483a-a30a-465ef41f328f-139754024333312","trial_id":55,"user_attr":{"train_loss_epoch_23":0.2141120651665368}}
{"op_code":7,"worker_id":"ca27d457-fadf-483a-a30a-465ef41f328f-139754024333312","trial_id":55,"step":24,"intermediate_value":93.06}
{"op_code":8,"worker_id":"ca27d457-fadf-483a-a30a-465ef41f328f-139754024333312","trial_id":55,"user_attr":{"train_loss_epoch_24":0.21223705947232335}}
{"op_code":7,"worker_id":"ca27d457-fadf-483a-a30a-465ef41f328f-139754024333312","trial_id":55,"step":25,"intermediate_value":93.06}
{"op_code":8,"worker_id":"ca27d457-fadf-483a-a30a-465ef41f328f-139754024333312","trial_id":55,"user_attr":{"train_loss_epoch_25":0.21090449661072067}}
{"op_code":7,"worker_id":"ca27d457-fadf-483a-a30a-465ef41f328f-139754024333312","trial_id":55,"step":26,"intermediate_value":93.06}
{"op_code":8,"worker_id":"ca27d457-fadf-483a-a30a-465ef41f328f-139754024333312","trial_id":55,"user_attr":{"train_loss_epoch_26":0.20973415183884375}}
{"op_code":7,"worker_id":"ca27d457-fadf-483a-a30a-465ef41f328f-139754024333312","trial_id":55,"step":27,"intermediate_value":93.06}
{"op_code":8,"worker_id":"ca27d457-fadf-483a-a30a-465ef41f328f-139754024333312","trial_id":55,"user_attr":{"train_loss_epoch_27":0.2079427118208617}}
{"op_code":7,"worker_id":"ca27d457-fadf-483a-a30a-465ef41f328f-139754024333312","trial_id":55,"step":28,"intermediate_value":93.06}
{"op_code":8,"worker_id":"ca27d457-fadf-483a-a30a-465ef41f328f-139754024333312","trial_id":55,"user_attr":{"train_loss_epoch_28":0.2056967136916766}}
{"op_code":6,"worker_id":"ca27d457-fadf-483a-a30a-465ef41f328f-139754024333312","trial_id":55,"state":1,"values":[93.06],"datetime_complete":"2026-05-08T04:32:37.783551"}
{"op_code":4,"worker_id":"ca27d457-fadf-483a-a30a-465ef41f328f-139754024333312","study_id":0,"datetime_start":"2026-05-08T04:32:37.789960"}
{"op_code":5,"worker_id":"ca27d457-fadf-483a-a30a-465ef41f328f-139754024333312","trial_id":56,"param_name":"learning_rate","param_value_internal":0.006258651969563698,"distribution":"{\"name\": \"FloatDistribution\", \"attributes\": {\"step\": null, \"low\": 0.006, \"high\": 5.0, \"log\": true}}"}
{"op_code":5,"worker_id":"ca27d457-fadf-483a-a30a-465ef41f328f-139754024333312","trial_id":56,"param_name":"transfer_lr","param_value_internal":0.03,"distribution":"{\"name\": \"FloatDistribution\", \"attributes\": {\"step\": null, \"low\": 1e-05, \"high\": 0.03, \"log\": true}}"}
{"op_code":5,"worker_id":"ca27d457-fadf-483a-a30a-465ef41f328f-139754024333312","trial_id":56,"param_name":"transfer_every","param_value_internal":10.0,"distribution":"{\"name\": \"IntDistribution\", \"attributes\": {\"log\": true, \"step\": 1, \"low\": 10, \"high\": 10}}"}
{"op_code":5,"worker_id":"ca27d457-fadf-483a-a30a-465ef41f328f-139754024333312","trial_id":56,"param_name":"rank_exp","param_value_internal":3.0,"distribution":"{\"name\": \"IntDistribution\", \"attributes\": {\"log\": false, \"step\": 1, \"low\": 3, \"high\": 3}}"}
{"op_code":5,"worker_id":"ca27d457-fadf-483a-a30a-465ef41f328f-139754024333312","trial_id":56,"param_name":"fast_lr","param_value_internal":18689.441057022046,"distribution":"{\"name\": \"FloatDistribution\", \"attributes\": {\"step\": null, \"low\": 0.0007, \"high\": 20000.0, \"log\": true}}"}
{"op_code":5,"worker_id":"ca27d457-fadf-483a-a30a-465ef41f328f-139754024333312","trial_id":56,"param_name":"tau_sec","param_value_internal":0.0,"distribution":"{\"name\": \"FloatDistribution\", \"attributes\": {\"step\": null, \"low\": 0.0, \"high\": 0.0, \"log\": false}}"}
{"op_code":5,"worker_id":"ca27d457-fadf-483a-a30a-465ef41f328f-139754024333312","trial_id":56,"param_name":"ab_dw_min","param_value_internal":0.001981,"distribution":"{\"name\": \"FloatDistribution\", \"attributes\": {\"step\": null, \"low\": 0.001981, \"high\": 0.001981, \"log\": true}}"}
{"op_code":5,"worker_id":"ca27d457-fadf-483a-a30a-465ef41f328f-139754024333312","trial_id":56,"param_name":"ab_desired_bl","param_value_internal":31.0,"distribution":"{\"name\": \"IntDistribution\", \"attributes\": {\"log\": false, \"step\": 1, \"low\": 31, \"high\": 31}}"}
{"op_code":5,"worker_id":"ca27d457-fadf-483a-a30a-465ef41f328f-139754024333312","trial_id":56,"param_name":"a_reset_std","param_value_internal":1e-30,"distribution":"{\"name\": \"FloatDistribution\", \"attributes\": {\"step\": null, \"low\": 1e-30, \"high\": 1e-30, \"log\": true}}"}
{"op_code":5,"worker_id":"ca27d457-fadf-483a-a30a-465ef41f328f-139754024333312","trial_id":56,"param_name":"b_reset_std","param_value_internal":2e-05,"distribution":"{\"name\": \"FloatDistribution\", \"attributes\": {\"step\": null, \"low\": 2e-05, \"high\": 30000.0, \"log\": true}}"}
{"op_code":5,"worker_id":"ca27d457-fadf-483a-a30a-465ef41f328f-139754024333312","trial_id":56,"param_name":"c_dw_min","param_value_internal":0.001,"distribution":"{\"name\": \"FloatDistribution\", \"attributes\": {\"step\": null, \"low\": 0.001, \"high\": 0.001, \"log\": true}}"}
{"op_code":5,"worker_id":"ca27d457-fadf-483a-a30a-465ef41f328f-139754024333312","trial_id":56,"param_name":"c_desired_bl","param_value_internal":31.0,"distribution":"{\"name\": \"IntDistribution\", \"attributes\": {\"log\": false, \"step\": 1, \"low\": 31, \"high\": 31}}"}
{"op_code":5,"worker_id":"ca27d457-fadf-483a-a30a-465ef41f328f-139754024333312","trial_id":56,"param_name":"out_noise","param_value_internal":0.0,"distribution":"{\"name\": \"FloatDistribution\", \"attributes\": {\"step\": null, \"low\": 0.0, \"high\": 0.0, \"log\": false}}"}
{"op_code":5,"worker_id":"ca27d457-fadf-483a-a30a-465ef41f328f-139754024333312","trial_id":56,"param_name":"ab_weight_scaling_omega","param_value_internal":0.0,"distribution":"{\"name\": \"FloatDistribution\", \"attributes\": {\"step\": null, \"low\": 0.0, \"high\": 0.0, \"log\": false}}"}
{"op_code":8,"worker_id":"ca27d457-fadf-483a-a30a-465ef41f328f-139754024333312","trial_id":56,"user_attr":{"grad_accum_steps":1}}
{"op_code":7,"worker_id":"ca27d457-fadf-483a-a30a-465ef41f328f-139754024333312","trial_id":56,"step":1,"intermediate_value":78.67}
{"op_code":8,"worker_id":"ca27d457-fadf-483a-a30a-465ef41f328f-139754024333312","trial_id":56,"user_attr":{"train_loss_epoch_1":1.5747795453203766}}
{"op_code":7,"worker_id":"ca27d457-fadf-483a-a30a-465ef41f328f-139754024333312","trial_id":56,"step":2,"intermediate_value":82.8}
{"op_code":8,"worker_id":"ca27d457-fadf-483a-a30a-465ef41f328f-139754024333312","trial_id":56,"user_attr":{"train_loss_epoch_2":0.9663108389006495}}
{"op_code":7,"worker_id":"ca27d457-fadf-483a-a30a-465ef41f328f-139754024333312","trial_id":56,"step":3,"intermediate_value":84.6}
{"op_code":8,"worker_id":"ca27d457-fadf-483a-a30a-465ef41f328f-139754024333312","trial_id":56,"user_attr":{"train_loss_epoch_3":0.7687121315805643}}
{"op_code":7,"worker_id":"ca27d457-fadf-483a-a30a-465ef41f328f-139754024333312","trial_id":56,"step":4,"intermediate_value":85.69}
{"op_code":8,"worker_id":"ca27d457-fadf-483a-a30a-465ef41f328f-139754024333312","trial_id":56,"user_attr":{"train_loss_epoch_4":0.6687523203173171}}
{"op_code":7,"worker_id":"ca27d457-fadf-483a-a30a-465ef41f328f-139754024333312","trial_id":56,"step":5,"intermediate_value":86.28}
{"op_code":8,"worker_id":"ca27d457-fadf-483a-a30a-465ef41f328f-139754024333312","trial_id":56,"user_attr":{"train_loss_epoch_5":0.6068649681519344}}
{"op_code":7,"worker_id":"ca27d457-fadf-483a-a30a-465ef41f328f-139754024333312","trial_id":56,"step":6,"intermediate_value":86.74}
{"op_code":8,"worker_id":"ca27d457-fadf-483a-a30a-465ef41f328f-139754024333312","trial_id":56,"user_attr":{"train_loss_epoch_6":0.5642394558198924}}
{"op_code":7,"worker_id":"ca27d457-fadf-483a-a30a-465ef41f328f-139754024333312","trial_id":56,"step":7,"intermediate_value":87.31}
{"op_code":8,"worker_id":"ca27d457-fadf-483a-a30a-465ef41f328f-139754024333312","trial_id":56,"user_attr":{"train_loss_epoch_7":0.5326060167571375}}
{"op_code":7,"worker_id":"ca27d457-fadf-483a-a30a-465ef41f328f-139754024333312","trial_id":56,"step":8,"intermediate_value":87.69}
{"op_code":8,"worker_id":"ca27d457-fadf-483a-a30a-465ef41f328f-139754024333312","trial_id":56,"user_attr":{"train_loss_epoch_8":0.5080856210959237}}
{"op_code":7,"worker_id":"ca27d457-fadf-483a-a30a-465ef41f328f-139754024333312","trial_id":56,"step":9,"intermediate_value":88.0}
{"op_code":8,"worker_id":"ca27d457-fadf-483a-a30a-465ef41f328f-139754024333312","trial_id":56,"user_attr":{"train_loss_epoch_9":0.48841780671941193}}
{"op_code":7,"worker_id":"ca27d457-fadf-483a-a30a-465ef41f328f-139754024333312","trial_id":56,"step":10,"intermediate_value":88.32}
{"op_code":8,"worker_id":"ca27d457-fadf-483a-a30a-465ef41f328f-139754024333312","trial_id":56,"user_attr":{"train_loss_epoch_10":0.4720598521835006}}
{"op_code":7,"worker_id":"ca27d457-fadf-483a-a30a-465ef41f328f-139754024333312","trial_id":56,"step":11,"intermediate_value":88.39}
{"op_code":8,"worker_id":"ca27d457-fadf-483a-a30a-465ef41f328f-139754024333312","trial_id":56,"user_attr":{"train_loss_epoch_11":0.4613923664445054}}
{"op_code":7,"worker_id":"ca27d457-fadf-483a-a30a-465ef41f328f-139754024333312","trial_id":56,"step":12,"intermediate_value":88.52}
{"op_code":8,"worker_id":"ca27d457-fadf-483a-a30a-465ef41f328f-139754024333312","trial_id":56,"user_attr":{"train_loss_epoch_12":0.45489641199551667}}
{"op_code":7,"worker_id":"ca27d457-fadf-483a-a30a-465ef41f328f-139754024333312","trial_id":56,"step":13,"intermediate_value":88.6}
{"op_code":8,"worker_id":"ca27d457-fadf-483a-a30a-465ef41f328f-139754024333312","trial_id":56,"user_attr":{"train_loss_epoch_13":0.4487082375201589}}
{"op_code":7,"worker_id":"ca27d457-fadf-483a-a30a-465ef41f328f-139754024333312","trial_id":56,"step":14,"intermediate_value":88.73}
{"op_code":8,"worker_id":"ca27d457-fadf-483a-a30a-465ef41f328f-139754024333312","trial_id":56,"user_attr":{"train_loss_epoch_14":0.4432021803470817}}
{"op_code":7,"worker_id":"ca27d457-fadf-483a-a30a-465ef41f328f-139754024333312","trial_id":56,"step":15,"intermediate_value":88.83}
{"op_code":8,"worker_id":"ca27d457-fadf-483a-a30a-465ef41f328f-139754024333312","trial_id":56,"user_attr":{"train_loss_epoch_15":0.4380705533886769}}
{"op_code":7,"worker_id":"ca27d457-fadf-483a-a30a-465ef41f328f-139754024333312","trial_id":56,"step":16,"intermediate_value":88.97}
{"op_code":8,"worker_id":"ca27d457-fadf-483a-a30a-465ef41f328f-139754024333312","trial_id":56,"user_attr":{"train_loss_epoch_16":0.43305094870550037}}
{"op_code":7,"worker_id":"ca27d457-fadf-483a-a30a-465ef41f328f-139754024333312","trial_id":56,"step":17,"intermediate_value":89.04}
{"op_code":8,"worker_id":"ca27d457-fadf-483a-a30a-465ef41f328f-139754024333312","trial_id":56,"user_attr":{"train_loss_epoch_17":0.42841835151603225}}
{"op_code":7,"worker_id":"ca27d457-fadf-483a-a30a-465ef41f328f-139754024333312","trial_id":56,"step":18,"intermediate_value":89.07}
{"op_code":8,"worker_id":"ca27d457-fadf-483a-a30a-465ef41f328f-139754024333312","trial_id":56,"user_attr":{"train_loss_epoch_18":0.42412944530436736}}
{"op_code":7,"worker_id":"ca27d457-fadf-483a-a30a-465ef41f328f-139754024333312","trial_id":56,"step":19,"intermediate_value":89.18}
{"op_code":8,"worker_id":"ca27d457-fadf-483a-a30a-465ef41f328f-139754024333312","trial_id":56,"user_attr":{"train_loss_epoch_19":0.42004082637872775}}
{"op_code":7,"worker_id":"ca27d457-fadf-483a-a30a-465ef41f328f-139754024333312","trial_id":56,"step":20,"intermediate_value":89.23}
{"op_code":8,"worker_id":"ca27d457-fadf-483a-a30a-465ef41f328f-139754024333312","trial_id":56,"user_attr":{"train_loss_epoch_20":0.41610013113728467}}
{"op_code":7,"worker_id":"ca27d457-fadf-483a-a30a-465ef41f328f-139754024333312","trial_id":56,"step":21,"intermediate_value":89.26}
{"op_code":8,"worker_id":"ca27d457-fadf-483a-a30a-465ef41f328f-139754024333312","trial_id":56,"user_attr":{"train_loss_epoch_21":0.4132043254941003}}
{"op_code":7,"worker_id":"ca27d457-fadf-483a-a30a-465ef41f328f-139754024333312","trial_id":56,"step":22,"intermediate_value":89.36}
{"op_code":8,"worker_id":"ca27d457-fadf-483a-a30a-465ef41f328f-139754024333312","trial_id":56,"user_attr":{"train_loss_epoch_22":0.4112897897675348}}
{"op_code":7,"worker_id":"ca27d457-fadf-483a-a30a-465ef41f328f-139754024333312","trial_id":56,"step":23,"intermediate_value":89.39}
{"op_code":8,"worker_id":"ca27d457-fadf-483a-a30a-465ef41f328f-139754024333312","trial_id":56,"user_attr":{"train_loss_epoch_23":0.40948622715053784}}
{"op_code":7,"worker_id":"ca27d457-fadf-483a-a30a-465ef41f328f-139754024333312","trial_id":56,"step":24,"intermediate_value":89.39}
{"op_code":8,"worker_id":"ca27d457-fadf-483a-a30a-465ef41f328f-139754024333312","trial_id":56,"user_attr":{"train_loss_epoch_24":0.4076388299878218}}
{"op_code":7,"worker_id":"ca27d457-fadf-483a-a30a-465ef41f328f-139754024333312","trial_id":56,"step":25,"intermediate_value":89.44}
{"op_code":8,"worker_id":"ca27d457-fadf-483a-a30a-465ef41f328f-139754024333312","trial_id":56,"user_attr":{"train_loss_epoch_25":0.40592835902341645}}
{"op_code":7,"worker_id":"ca27d457-fadf-483a-a30a-465ef41f328f-139754024333312","trial_id":56,"step":26,"intermediate_value":89.44}
{"op_code":8,"worker_id":"ca27d457-fadf-483a-a30a-465ef41f328f-139754024333312","trial_id":56,"user_attr":{"train_loss_epoch_26":0.40431631010160773}}
{"op_code":7,"worker_id":"ca27d457-fadf-483a-a30a-465ef41f328f-139754024333312","trial_id":56,"step":27,"intermediate_value":89.45}
{"op_code":8,"worker_id":"ca27d457-fadf-483a-a30a-465ef41f328f-139754024333312","trial_id":56,"user_attr":{"train_loss_epoch_27":0.4025886546828345}}
{"op_code":7,"worker_id":"ca27d457-fadf-483a-a30a-465ef41f328f-139754024333312","trial_id":56,"step":28,"intermediate_value":89.52}
{"op_code":8,"worker_id":"ca27d457-fadf-483a-a30a-465ef41f328f-139754024333312","trial_id":56,"user_attr":{"train_loss_epoch_28":0.40091810208648}}
{"op_code":7,"worker_id":"ca27d457-fadf-483a-a30a-465ef41f328f-139754024333312","trial_id":56,"step":29,"intermediate_value":89.54}
{"op_code":8,"worker_id":"ca27d457-fadf-483a-a30a-465ef41f328f-139754024333312","trial_id":56,"user_attr":{"train_loss_epoch_29":0.3994003325732532}}
{"op_code":7,"worker_id":"ca27d457-fadf-483a-a30a-465ef41f328f-139754024333312","trial_id":56,"step":30,"intermediate_value":89.59}
{"op_code":8,"worker_id":"ca27d457-fadf-483a-a30a-465ef41f328f-139754024333312","trial_id":56,"user_attr":{"train_loss_epoch_30":0.3977811071696058}}
{"op_code":6,"worker_id":"ca27d457-fadf-483a-a30a-465ef41f328f-139754024333312","trial_id":56,"state":1,"values":[89.59],"datetime_complete":"2026-05-08T04:39:54.654948"}
{"op_code":4,"worker_id":"ca27d457-fadf-483a-a30a-465ef41f328f-139754024333312","study_id":0,"datetime_start":"2026-05-08T04:39:54.658902"}
{"op_code":5,"worker_id":"ca27d457-fadf-483a-a30a-465ef41f328f-139754024333312","trial_id":57,"param_name":"learning_rate","param_value_internal":0.24804672340638212,"distribution":"{\"name\": \"FloatDistribution\", \"attributes\": {\"step\": null, \"low\": 0.006, \"high\": 5.0, \"log\": true}}"}
{"op_code":5,"worker_id":"ca27d457-fadf-483a-a30a-465ef41f328f-139754024333312","trial_id":57,"param_name":"transfer_lr","param_value_internal":0.003179200503078093,"distribution":"{\"name\": \"FloatDistribution\", \"attributes\": {\"step\": null, \"low\": 1e-05, \"high\": 0.03, \"log\": true}}"}
{"op_code":5,"worker_id":"ca27d457-fadf-483a-a30a-465ef41f328f-139754024333312","trial_id":57,"param_name":"transfer_every","param_value_internal":10.0,"distribution":"{\"name\": \"IntDistribution\", \"attributes\": {\"log\": true, \"step\": 1, \"low\": 10, \"high\": 10}}"}
{"op_code":5,"worker_id":"ca27d457-fadf-483a-a30a-465ef41f328f-139754024333312","trial_id":57,"param_name":"rank_exp","param_value_internal":3.0,"distribution":"{\"name\": \"IntDistribution\", \"attributes\": {\"log\": false, \"step\": 1, \"low\": 3, \"high\": 3}}"}
{"op_code":5,"worker_id":"ca27d457-fadf-483a-a30a-465ef41f328f-139754024333312","trial_id":57,"param_name":"fast_lr","param_value_internal":0.27750783538298873,"distribution":"{\"name\": \"FloatDistribution\", \"attributes\": {\"step\": null, \"low\": 0.0007, \"high\": 20000.0, \"log\": true}}"}
{"op_code":5,"worker_id":"ca27d457-fadf-483a-a30a-465ef41f328f-139754024333312","trial_id":57,"param_name":"tau_sec","param_value_internal":0.0,"distribution":"{\"name\": \"FloatDistribution\", \"attributes\": {\"step\": null, \"low\": 0.0, \"high\": 0.0, \"log\": false}}"}
{"op_code":5,"worker_id":"ca27d457-fadf-483a-a30a-465ef41f328f-139754024333312","trial_id":57,"param_name":"ab_dw_min","param_value_internal":0.001981,"distribution":"{\"name\": \"FloatDistribution\", \"attributes\": {\"step\": null, \"low\": 0.001981, \"high\": 0.001981, \"log\": true}}"}
{"op_code":5,"worker_id":"ca27d457-fadf-483a-a30a-465ef41f328f-139754024333312","trial_id":57,"param_name":"ab_desired_bl","param_value_internal":31.0,"distribution":"{\"name\": \"IntDistribution\", \"attributes\": {\"log\": false, \"step\": 1, \"low\": 31, \"high\": 31}}"}
{"op_code":5,"worker_id":"ca27d457-fadf-483a-a30a-465ef41f328f-139754024333312","trial_id":57,"param_name":"a_reset_std","param_value_internal":1e-30,"distribution":"{\"name\": \"FloatDistribution\", \"attributes\": {\"step\": null, \"low\": 1e-30, \"high\": 1e-30, \"log\": true}}"}
{"op_code":5,"worker_id":"ca27d457-fadf-483a-a30a-465ef41f328f-139754024333312","trial_id":57,"param_name":"b_reset_std","param_value_internal":28168.515457910704,"distribution":"{\"name\": \"FloatDistribution\", \"attributes\": {\"step\": null, \"low\": 2e-05, \"high\": 30000.0, \"log\": true}}"}
{"op_code":5,"worker_id":"ca27d457-fadf-483a-a30a-465ef41f328f-139754024333312","trial_id":57,"param_name":"c_dw_min","param_value_internal":0.001,"distribution":"{\"name\": \"FloatDistribution\", \"attributes\": {\"step\": null, \"low\": 0.001, \"high\": 0.001, \"log\": true}}"}
{"op_code":5,"worker_id":"ca27d457-fadf-483a-a30a-465ef41f328f-139754024333312","trial_id":57,"param_name":"c_desired_bl","param_value_internal":31.0,"distribution":"{\"name\": \"IntDistribution\", \"attributes\": {\"log\": false, \"step\": 1, \"low\": 31, \"high\": 31}}"}
{"op_code":5,"worker_id":"ca27d457-fadf-483a-a30a-465ef41f328f-139754024333312","trial_id":57,"param_name":"out_noise","param_value_internal":0.0,"distribution":"{\"name\": \"FloatDistribution\", \"attributes\": {\"step\": null, \"low\": 0.0, \"high\": 0.0, \"log\": false}}"}
{"op_code":5,"worker_id":"ca27d457-fadf-483a-a30a-465ef41f328f-139754024333312","trial_id":57,"param_name":"ab_weight_scaling_omega","param_value_internal":0.0,"distribution":"{\"name\": \"FloatDistribution\", \"attributes\": {\"step\": null, \"low\": 0.0, \"high\": 0.0, \"log\": false}}"}
{"op_code":8,"worker_id":"ca27d457-fadf-483a-a30a-465ef41f328f-139754024333312","trial_id":57,"user_attr":{"grad_accum_steps":1}}
{"op_code":7,"worker_id":"ca27d457-fadf-483a-a30a-465ef41f328f-139754024333312","trial_id":57,"step":1,"intermediate_value":92.29}
{"op_code":8,"worker_id":"ca27d457-fadf-483a-a30a-465ef41f328f-139754024333312","trial_id":57,"user_attr":{"train_loss_epoch_1":0.39827955633338324}}
{"op_code":7,"worker_id":"ca27d457-fadf-483a-a30a-465ef41f328f-139754024333312","trial_id":57,"step":2,"intermediate_value":93.97}
{"op_code":8,"worker_id":"ca27d457-fadf-483a-a30a-465ef41f328f-139754024333312","trial_id":57,"user_attr":{"train_loss_epoch_2":0.22915879851465287}}
{"op_code":7,"worker_id":"ca27d457-fadf-483a-a30a-465ef41f328f-139754024333312","trial_id":57,"step":3,"intermediate_value":94.68}
{"op_code":8,"worker_id":"ca27d457-fadf-483a-a30a-465ef41f328f-139754024333312","trial_id":57,"user_attr":{"train_loss_epoch_3":0.1830819900205204}}
{"op_code":7,"worker_id":"ca27d457-fadf-483a-a30a-465ef41f328f-139754024333312","trial_id":57,"step":4,"intermediate_value":95.46}
{"op_code":8,"worker_id":"ca27d457-fadf-483a-a30a-465ef41f328f-139754024333312","trial_id":57,"user_attr":{"train_loss_epoch_4":0.1569257669522167}}
{"op_code":7,"worker_id":"ca27d457-fadf-483a-a30a-465ef41f328f-139754024333312","trial_id":57,"step":5,"intermediate_value":95.46}
{"op_code":8,"worker_id":"ca27d457-fadf-483a-a30a-465ef41f328f-139754024333312","trial_id":57,"user_attr":{"train_loss_epoch_5":0.14042888381190774}}
{"op_code":7,"worker_id":"ca27d457-fadf-483a-a30a-465ef41f328f-139754024333312","trial_id":57,"step":6,"intermediate_value":95.62}
{"op_code":8,"worker_id":"ca27d457-fadf-483a-a30a-465ef41f328f-139754024333312","trial_id":57,"user_attr":{"train_loss_epoch_6":0.12906420985157332}}
{"op_code":7,"worker_id":"ca27d457-fadf-483a-a30a-465ef41f328f-139754024333312","trial_id":57,"step":7,"intermediate_value":95.81}
{"op_code":8,"worker_id":"ca27d457-fadf-483a-a30a-465ef41f328f-139754024333312","trial_id":57,"user_attr":{"train_loss_epoch_7":0.12070262457267927}}
{"op_code":7,"worker_id":"ca27d457-fadf-483a-a30a-465ef41f328f-139754024333312","trial_id":57,"step":8,"intermediate_value":95.88}
{"op_code":8,"worker_id":"ca27d457-fadf-483a-a30a-465ef41f328f-139754024333312","trial_id":57,"user_attr":{"train_loss_epoch_8":0.11588219742673928}}
{"op_code":7,"worker_id":"ca27d457-fadf-483a-a30a-465ef41f328f-139754024333312","trial_id":57,"step":9,"intermediate_value":95.88}
{"op_code":8,"worker_id":"ca27d457-fadf-483a-a30a-465ef41f328f-139754024333312","trial_id":57,"user_attr":{"train_loss_epoch_9":0.10908821799994897}}
{"op_code":7,"worker_id":"ca27d457-fadf-483a-a30a-465ef41f328f-139754024333312","trial_id":57,"step":10,"intermediate_value":96.18}
{"op_code":8,"worker_id":"ca27d457-fadf-483a-a30a-465ef41f328f-139754024333312","trial_id":57,"user_attr":{"train_loss_epoch_10":0.10415960120797745}}
{"op_code":7,"worker_id":"ca27d457-fadf-483a-a30a-465ef41f328f-139754024333312","trial_id":57,"step":11,"intermediate_value":96.5}
{"op_code":8,"worker_id":"ca27d457-fadf-483a-a30a-465ef41f328f-139754024333312","trial_id":57,"user_attr":{"train_loss_epoch_11":0.09926773697239107}}
{"op_code":7,"worker_id":"ca27d457-fadf-483a-a30a-465ef41f328f-139754024333312","trial_id":57,"step":12,"intermediate_value":96.5}
{"op_code":8,"worker_id":"ca27d457-fadf-483a-a30a-465ef41f328f-139754024333312","trial_id":57,"user_attr":{"train_loss_epoch_12":0.09593082005594934}}
{"op_code":7,"worker_id":"ca27d457-fadf-483a-a30a-465ef41f328f-139754024333312","trial_id":57,"step":13,"intermediate_value":96.52}
{"op_code":8,"worker_id":"ca27d457-fadf-483a-a30a-465ef41f328f-139754024333312","trial_id":57,"user_attr":{"train_loss_epoch_13":0.09175441801391129}}
{"op_code":7,"worker_id":"ca27d457-fadf-483a-a30a-465ef41f328f-139754024333312","trial_id":57,"step":14,"intermediate_value":96.66}
{"op_code":8,"worker_id":"ca27d457-fadf-483a-a30a-465ef41f328f-139754024333312","trial_id":57,"user_attr":{"train_loss_epoch_14":0.09026292706283727}}
{"op_code":7,"worker_id":"ca27d457-fadf-483a-a30a-465ef41f328f-139754024333312","trial_id":57,"step":15,"intermediate_value":96.66}
{"op_code":8,"worker_id":"ca27d457-fadf-483a-a30a-465ef41f328f-139754024333312","trial_id":57,"user_attr":{"train_loss_epoch_15":0.08705990430342951}}
{"op_code":7,"worker_id":"ca27d457-fadf-483a-a30a-465ef41f328f-139754024333312","trial_id":57,"step":16,"intermediate_value":96.66}
{"op_code":8,"worker_id":"ca27d457-fadf-483a-a30a-465ef41f328f-139754024333312","trial_id":57,"user_attr":{"train_loss_epoch_16":0.08513759961302109}}
{"op_code":7,"worker_id":"ca27d457-fadf-483a-a30a-465ef41f328f-139754024333312","trial_id":57,"step":17,"intermediate_value":96.66}
{"op_code":8,"worker_id":"ca27d457-fadf-483a-a30a-465ef41f328f-139754024333312","trial_id":57,"user_attr":{"train_loss_epoch_17":0.08123271500489224}}
{"op_code":7,"worker_id":"ca27d457-fadf-483a-a30a-465ef41f328f-139754024333312","trial_id":57,"step":18,"intermediate_value":96.85}
{"op_code":8,"worker_id":"ca27d457-fadf-483a-a30a-465ef41f328f-139754024333312","trial_id":57,"user_attr":{"train_loss_epoch_18":0.07884515835784439}}
{"op_code":7,"worker_id":"ca27d457-fadf-483a-a30a-465ef41f328f-139754024333312","trial_id":57,"step":19,"intermediate_value":97.04}
{"op_code":8,"worker_id":"ca27d457-fadf-483a-a30a-465ef41f328f-139754024333312","trial_id":57,"user_attr":{"train_loss_epoch_19":0.07758921348223728}}
{"op_code":7,"worker_id":"ca27d457-fadf-483a-a30a-465ef41f328f-139754024333312","trial_id":57,"step":20,"intermediate_value":97.04}
{"op_code":8,"worker_id":"ca27d457-fadf-483a-a30a-465ef41f328f-139754024333312","trial_id":57,"user_attr":{"train_loss_epoch_20":0.07696110511427995}}
{"op_code":7,"worker_id":"ca27d457-fadf-483a-a30a-465ef41f328f-139754024333312","trial_id":57,"step":21,"intermediate_value":97.04}
{"op_code":8,"worker_id":"ca27d457-fadf-483a-a30a-465ef41f328f-139754024333312","trial_id":57,"user_attr":{"train_loss_epoch_21":0.07393624416134481}}
{"op_code":7,"worker_id":"ca27d457-fadf-483a-a30a-465ef41f328f-139754024333312","trial_id":57,"step":22,"intermediate_value":97.04}
{"op_code":8,"worker_id":"ca27d457-fadf-483a-a30a-465ef41f328f-139754024333312","trial_id":57,"user_attr":{"train_loss_epoch_22":0.07371277102221574}}
{"op_code":7,"worker_id":"ca27d457-fadf-483a-a30a-465ef41f328f-139754024333312","trial_id":57,"step":23,"intermediate_value":97.04}
{"op_code":8,"worker_id":"ca27d457-fadf-483a-a30a-465ef41f328f-139754024333312","trial_id":57,"user_attr":{"train_loss_epoch_23":0.07152985884988708}}
{"op_code":7,"worker_id":"ca27d457-fadf-483a-a30a-465ef41f328f-139754024333312","trial_id":57,"step":24,"intermediate_value":97.04}
{"op_code":8,"worker_id":"ca27d457-fadf-483a-a30a-465ef41f328f-139754024333312","trial_id":57,"user_attr":{"train_loss_epoch_24":0.06988319537680802}}
{"op_code":6,"worker_id":"ca27d457-fadf-483a-a30a-465ef41f328f-139754024333312","trial_id":57,"state":1,"values":[97.04],"datetime_complete":"2026-05-08T04:45:25.309780"}
{"op_code":4,"worker_id":"ca27d457-fadf-483a-a30a-465ef41f328f-139754024333312","study_id":0,"datetime_start":"2026-05-08T04:45:25.312166"}
{"op_code":5,"worker_id":"ca27d457-fadf-483a-a30a-465ef41f328f-139754024333312","trial_id":58,"param_name":"learning_rate","param_value_internal":0.006,"distribution":"{\"name\": \"FloatDistribution\", \"attributes\": {\"step\": null, \"low\": 0.006, \"high\": 5.0, \"log\": true}}"}
{"op_code":5,"worker_id":"ca27d457-fadf-483a-a30a-465ef41f328f-139754024333312","trial_id":58,"param_name":"transfer_lr","param_value_internal":0.028698218334217516,"distribution":"{\"name\": \"FloatDistribution\", \"attributes\": {\"step\": null, \"low\": 1e-05, \"high\": 0.03, \"log\": true}}"}
{"op_code":5,"worker_id":"ca27d457-fadf-483a-a30a-465ef41f328f-139754024333312","trial_id":58,"param_name":"transfer_every","param_value_internal":10.0,"distribution":"{\"name\": \"IntDistribution\", \"attributes\": {\"log\": true, \"step\": 1, \"low\": 10, \"high\": 10}}"}
{"op_code":5,"worker_id":"ca27d457-fadf-483a-a30a-465ef41f328f-139754024333312","trial_id":58,"param_name":"rank_exp","param_value_internal":3.0,"distribution":"{\"name\": \"IntDistribution\", \"attributes\": {\"log\": false, \"step\": 1, \"low\": 3, \"high\": 3}}"}
{"op_code":5,"worker_id":"ca27d457-fadf-483a-a30a-465ef41f328f-139754024333312","trial_id":58,"param_name":"fast_lr","param_value_internal":0.0007685495522154594,"distribution":"{\"name\": \"FloatDistribution\", \"attributes\": {\"step\": null, \"low\": 0.0007, \"high\": 20000.0, \"log\": true}}"}
{"op_code":5,"worker_id":"ca27d457-fadf-483a-a30a-465ef41f328f-139754024333312","trial_id":58,"param_name":"tau_sec","param_value_internal":0.0,"distribution":"{\"name\": \"FloatDistribution\", \"attributes\": {\"step\": null, \"low\": 0.0, \"high\": 0.0, \"log\": false}}"}
{"op_code":5,"worker_id":"ca27d457-fadf-483a-a30a-465ef41f328f-139754024333312","trial_id":58,"param_name":"ab_dw_min","param_value_internal":0.001981,"distribution":"{\"name\": \"FloatDistribution\", \"attributes\": {\"step\": null, \"low\": 0.001981, \"high\": 0.001981, \"log\": true}}"}
{"op_code":5,"worker_id":"ca27d457-fadf-483a-a30a-465ef41f328f-139754024333312","trial_id":58,"param_name":"ab_desired_bl","param_value_internal":31.0,"distribution":"{\"name\": \"IntDistribution\", \"attributes\": {\"log\": false, \"step\": 1, \"low\": 31, \"high\": 31}}"}
{"op_code":5,"worker_id":"ca27d457-fadf-483a-a30a-465ef41f328f-139754024333312","trial_id":58,"param_name":"a_reset_std","param_value_internal":1e-30,"distribution":"{\"name\": \"FloatDistribution\", \"attributes\": {\"step\": null, \"low\": 1e-30, \"high\": 1e-30, \"log\": true}}"}
{"op_code":5,"worker_id":"ca27d457-fadf-483a-a30a-465ef41f328f-139754024333312","trial_id":58,"param_name":"b_reset_std","param_value_internal":0.021510755942145417,"distribution":"{\"name\": \"FloatDistribution\", \"attributes\": {\"step\": null, \"low\": 2e-05, \"high\": 30000.0, \"log\": true}}"}
{"op_code":5,"worker_id":"ca27d457-fadf-483a-a30a-465ef41f328f-139754024333312","trial_id":58,"param_name":"c_dw_min","param_value_internal":0.001,"distribution":"{\"name\": \"FloatDistribution\", \"attributes\": {\"step\": null, \"low\": 0.001, \"high\": 0.001, \"log\": true}}"}
{"op_code":5,"worker_id":"ca27d457-fadf-483a-a30a-465ef41f328f-139754024333312","trial_id":58,"param_name":"c_desired_bl","param_value_internal":31.0,"distribution":"{\"name\": \"IntDistribution\", \"attributes\": {\"log\": false, \"step\": 1, \"low\": 31, \"high\": 31}}"}
{"op_code":5,"worker_id":"ca27d457-fadf-483a-a30a-465ef41f328f-139754024333312","trial_id":58,"param_name":"out_noise","param_value_internal":0.0,"distribution":"{\"name\": \"FloatDistribution\", \"attributes\": {\"step\": null, \"low\": 0.0, \"high\": 0.0, \"log\": false}}"}
{"op_code":5,"worker_id":"ca27d457-fadf-483a-a30a-465ef41f328f-139754024333312","trial_id":58,"param_name":"ab_weight_scaling_omega","param_value_internal":0.0,"distribution":"{\"name\": \"FloatDistribution\", \"attributes\": {\"step\": null, \"low\": 0.0, \"high\": 0.0, \"log\": false}}"}
{"op_code":8,"worker_id":"ca27d457-fadf-483a-a30a-465ef41f328f-139754024333312","trial_id":58,"user_attr":{"grad_accum_steps":1}}
{"op_code":7,"worker_id":"ca27d457-fadf-483a-a30a-465ef41f328f-139754024333312","trial_id":58,"step":1,"intermediate_value":78.76}
{"op_code":8,"worker_id":"ca27d457-fadf-483a-a30a-465ef41f328f-139754024333312","trial_id":58,"user_attr":{"train_loss_epoch_1":1.592775946741165}}
{"op_code":7,"worker_id":"ca27d457-fadf-483a-a30a-465ef41f328f-139754024333312","trial_id":58,"step":2,"intermediate_value":82.57}
{"op_code":8,"worker_id":"ca27d457-fadf-483a-a30a-465ef41f328f-139754024333312","trial_id":58,"user_attr":{"train_loss_epoch_2":0.9847722830675812}}
{"op_code":7,"worker_id":"ca27d457-fadf-483a-a30a-465ef41f328f-139754024333312","trial_id":58,"step":3,"intermediate_value":84.44}
{"op_code":8,"worker_id":"ca27d457-fadf-483a-a30a-465ef41f328f-139754024333312","trial_id":58,"user_attr":{"train_loss_epoch_3":0.7835197728008095}}
{"op_code":7,"worker_id":"ca27d457-fadf-483a-a30a-465ef41f328f-139754024333312","trial_id":58,"step":4,"intermediate_value":85.61}
{"op_code":8,"worker_id":"ca27d457-fadf-483a-a30a-465ef41f328f-139754024333312","trial_id":58,"user_attr":{"train_loss_epoch_4":0.6811454805420406}}
{"op_code":7,"worker_id":"ca27d457-fadf-483a-a30a-465ef41f328f-139754024333312","trial_id":58,"step":5,"intermediate_value":86.08}
{"op_code":8,"worker_id":"ca27d457-fadf-483a-a30a-465ef41f328f-139754024333312","trial_id":58,"user_attr":{"train_loss_epoch_5":0.6178268529077583}}
{"op_code":7,"worker_id":"ca27d457-fadf-483a-a30a-465ef41f328f-139754024333312","trial_id":58,"step":6,"intermediate_value":86.7}
{"op_code":8,"worker_id":"ca27d457-fadf-483a-a30a-465ef41f328f-139754024333312","trial_id":58,"user_attr":{"train_loss_epoch_6":0.5742173357876633}}
{"op_code":7,"worker_id":"ca27d457-fadf-483a-a30a-465ef41f328f-139754024333312","trial_id":58,"step":7,"intermediate_value":87.12}
{"op_code":8,"worker_id":"ca27d457-fadf-483a-a30a-465ef41f328f-139754024333312","trial_id":58,"user_attr":{"train_loss_epoch_7":0.5419322361569923}}
{"op_code":7,"worker_id":"ca27d457-fadf-483a-a30a-465ef41f328f-139754024333312","trial_id":58,"step":8,"intermediate_value":87.65}
{"op_code":8,"worker_id":"ca27d457-fadf-483a-a30a-465ef41f328f-139754024333312","trial_id":58,"user_attr":{"train_loss_epoch_8":0.5169690446113981}}
{"op_code":7,"worker_id":"ca27d457-fadf-483a-a30a-465ef41f328f-139754024333312","trial_id":58,"step":9,"intermediate_value":87.84}
{"op_code":8,"worker_id":"ca27d457-fadf-483a-a30a-465ef41f328f-139754024333312","trial_id":58,"user_attr":{"train_loss_epoch_9":0.496893298683136}}
{"op_code":7,"worker_id":"ca27d457-fadf-483a-a30a-465ef41f328f-139754024333312","trial_id":58,"step":10,"intermediate_value":88.15}
{"op_code":8,"worker_id":"ca27d457-fadf-483a-a30a-465ef41f328f-139754024333312","trial_id":58,"user_attr":{"train_loss_epoch_10":0.4801229437721818}}
{"op_code":7,"worker_id":"ca27d457-fadf-483a-a30a-465ef41f328f-139754024333312","trial_id":58,"step":11,"intermediate_value":88.2}
{"op_code":8,"worker_id":"ca27d457-fadf-483a-a30a-465ef41f328f-139754024333312","trial_id":58,"user_attr":{"train_loss_epoch_11":0.469052302478346}}
{"op_code":7,"worker_id":"ca27d457-fadf-483a-a30a-465ef41f328f-139754024333312","trial_id":58,"step":12,"intermediate_value":88.42}
{"op_code":8,"worker_id":"ca27d457-fadf-483a-a30a-465ef41f328f-139754024333312","trial_id":58,"user_attr":{"train_loss_epoch_12":0.4626246122027765}}
{"op_code":7,"worker_id":"ca27d457-fadf-483a-a30a-465ef41f328f-139754024333312","trial_id":58,"step":13,"intermediate_value":88.51}
{"op_code":8,"worker_id":"ca27d457-fadf-483a-a30a-465ef41f328f-139754024333312","trial_id":58,"user_attr":{"train_loss_epoch_13":0.4565811725790058}}
{"op_code":7,"worker_id":"ca27d457-fadf-483a-a30a-465ef41f328f-139754024333312","trial_id":58,"step":14,"intermediate_value":88.59}
{"op_code":8,"worker_id":"ca27d457-fadf-483a-a30a-465ef41f328f-139754024333312","trial_id":58,"user_attr":{"train_loss_epoch_14":0.45106957616137544}}
{"op_code":7,"worker_id":"ca27d457-fadf-483a-a30a-465ef41f328f-139754024333312","trial_id":58,"step":15,"intermediate_value":88.61}
{"op_code":8,"worker_id":"ca27d457-fadf-483a-a30a-465ef41f328f-139754024333312","trial_id":58,"user_attr":{"train_loss_epoch_15":0.4459087328075854}}
{"op_code":7,"worker_id":"ca27d457-fadf-483a-a30a-465ef41f328f-139754024333312","trial_id":58,"step":16,"intermediate_value":88.77}
{"op_code":8,"worker_id":"ca27d457-fadf-483a-a30a-465ef41f328f-139754024333312","trial_id":58,"user_attr":{"train_loss_epoch_16":0.441043190419801}}
{"op_code":7,"worker_id":"ca27d457-fadf-483a-a30a-465ef41f328f-139754024333312","trial_id":58,"step":17,"intermediate_value":88.88}
{"op_code":8,"worker_id":"ca27d457-fadf-483a-a30a-465ef41f328f-139754024333312","trial_id":58,"user_attr":{"train_loss_epoch_17":0.4362297415860426}}
{"op_code":7,"worker_id":"ca27d457-fadf-483a-a30a-465ef41f328f-139754024333312","trial_id":58,"step":18,"intermediate_value":88.93}
{"op_code":8,"worker_id":"ca27d457-fadf-483a-a30a-465ef41f328f-139754024333312","trial_id":58,"user_attr":{"train_loss_epoch_18":0.43190677400463934}}
{"op_code":7,"worker_id":"ca27d457-fadf-483a-a30a-465ef41f328f-139754024333312","trial_id":58,"step":19,"intermediate_value":89.0}
{"op_code":8,"worker_id":"ca27d457-fadf-483a-a30a-465ef41f328f-139754024333312","trial_id":58,"user_attr":{"train_loss_epoch_19":0.4277273884841374}}
{"op_code":7,"worker_id":"ca27d457-fadf-483a-a30a-465ef41f328f-139754024333312","trial_id":58,"step":20,"intermediate_value":89.08}
{"op_code":8,"worker_id":"ca27d457-fadf-483a-a30a-465ef41f328f-139754024333312","trial_id":58,"user_attr":{"train_loss_epoch_20":0.4237820181860598}}
{"op_code":7,"worker_id":"ca27d457-fadf-483a-a30a-465ef41f328f-139754024333312","trial_id":58,"step":21,"intermediate_value":89.16}
{"op_code":8,"worker_id":"ca27d457-fadf-483a-a30a-465ef41f328f-139754024333312","trial_id":58,"user_attr":{"train_loss_epoch_21":0.42092376215053773}}
{"op_code":7,"worker_id":"ca27d457-fadf-483a-a30a-465ef41f328f-139754024333312","trial_id":58,"step":22,"intermediate_value":89.22}
{"op_code":8,"worker_id":"ca27d457-fadf-483a-a30a-465ef41f328f-139754024333312","trial_id":58,"user_attr":{"train_loss_epoch_22":0.4191614508724162}}
{"op_code":7,"worker_id":"ca27d457-fadf-483a-a30a-465ef41f328f-139754024333312","trial_id":58,"step":23,"intermediate_value":89.22}
{"op_code":8,"worker_id":"ca27d457-fadf-483a-a30a-465ef41f328f-139754024333312","trial_id":58,"user_attr":{"train_loss_epoch_23":0.41730682208721065}}
{"op_code":7,"worker_id":"ca27d457-fadf-483a-a30a-465ef41f328f-139754024333312","trial_id":58,"step":24,"intermediate_value":89.28}
{"op_code":8,"worker_id":"ca27d457-fadf-483a-a30a-465ef41f328f-139754024333312","trial_id":58,"user_attr":{"train_loss_epoch_24":0.41555711495151904}}
{"op_code":7,"worker_id":"ca27d457-fadf-483a-a30a-465ef41f328f-139754024333312","trial_id":58,"step":25,"intermediate_value":89.29}
{"op_code":8,"worker_id":"ca27d457-fadf-483a-a30a-465ef41f328f-139754024333312","trial_id":58,"user_attr":{"train_loss_epoch_25":0.4139482684925929}}
{"op_code":7,"worker_id":"ca27d457-fadf-483a-a30a-465ef41f328f-139754024333312","trial_id":58,"step":26,"intermediate_value":89.35}
{"op_code":8,"worker_id":"ca27d457-fadf-483a-a30a-465ef41f328f-139754024333312","trial_id":58,"user_attr":{"train_loss_epoch_26":0.412209038684236}}
{"op_code":7,"worker_id":"ca27d457-fadf-483a-a30a-465ef41f328f-139754024333312","trial_id":58,"step":27,"intermediate_value":89.35}
{"op_code":8,"worker_id":"ca27d457-fadf-483a-a30a-465ef41f328f-139754024333312","trial_id":58,"user_attr":{"train_loss_epoch_27":0.4105599250461755}}
{"op_code":7,"worker_id":"ca27d457-fadf-483a-a30a-465ef41f328f-139754024333312","trial_id":58,"step":28,"intermediate_value":89.35}
{"op_code":8,"worker_id":"ca27d457-fadf-483a-a30a-465ef41f328f-139754024333312","trial_id":58,"user_attr":{"train_loss_epoch_28":0.40914285654770033}}
{"op_code":7,"worker_id":"ca27d457-fadf-483a-a30a-465ef41f328f-139754024333312","trial_id":58,"step":29,"intermediate_value":89.42}
{"op_code":8,"worker_id":"ca27d457-fadf-483a-a30a-465ef41f328f-139754024333312","trial_id":58,"user_attr":{"train_loss_epoch_29":0.40758668496283385}}
{"op_code":7,"worker_id":"ca27d457-fadf-483a-a30a-465ef41f328f-139754024333312","trial_id":58,"step":30,"intermediate_value":89.45}
{"op_code":8,"worker_id":"ca27d457-fadf-483a-a30a-465ef41f328f-139754024333312","trial_id":58,"user_attr":{"train_loss_epoch_30":0.4061280749182203}}
{"op_code":6,"worker_id":"ca27d457-fadf-483a-a30a-465ef41f328f-139754024333312","trial_id":58,"state":1,"values":[89.45],"datetime_complete":"2026-05-08T04:50:19.474916"}
{"op_code":4,"worker_id":"ca27d457-fadf-483a-a30a-465ef41f328f-139754024333312","study_id":0,"datetime_start":"2026-05-08T04:50:19.477071"}
{"op_code":5,"worker_id":"ca27d457-fadf-483a-a30a-465ef41f328f-139754024333312","trial_id":59,"param_name":"learning_rate","param_value_internal":0.08742056294358377,"distribution":"{\"name\": \"FloatDistribution\", \"attributes\": {\"step\": null, \"low\": 0.006, \"high\": 5.0, \"log\": true}}"}
{"op_code":5,"worker_id":"ca27d457-fadf-483a-a30a-465ef41f328f-139754024333312","trial_id":59,"param_name":"transfer_lr","param_value_internal":0.0029277615001138363,"distribution":"{\"name\": \"FloatDistribution\", \"attributes\": {\"step\": null, \"low\": 1e-05, \"high\": 0.03, \"log\": true}}"}
{"op_code":5,"worker_id":"ca27d457-fadf-483a-a30a-465ef41f328f-139754024333312","trial_id":59,"param_name":"transfer_every","param_value_internal":10.0,"distribution":"{\"name\": \"IntDistribution\", \"attributes\": {\"log\": true, \"step\": 1, \"low\": 10, \"high\": 10}}"}
{"op_code":5,"worker_id":"ca27d457-fadf-483a-a30a-465ef41f328f-139754024333312","trial_id":59,"param_name":"rank_exp","param_value_internal":3.0,"distribution":"{\"name\": \"IntDistribution\", \"attributes\": {\"log\": false, \"step\": 1, \"low\": 3, \"high\": 3}}"}
{"op_code":5,"worker_id":"ca27d457-fadf-483a-a30a-465ef41f328f-139754024333312","trial_id":59,"param_name":"fast_lr","param_value_internal":0.23825656811876444,"distribution":"{\"name\": \"FloatDistribution\", \"attributes\": {\"step\": null, \"low\": 0.0007, \"high\": 20000.0, \"log\": true}}"}
{"op_code":5,"worker_id":"ca27d457-fadf-483a-a30a-465ef41f328f-139754024333312","trial_id":59,"param_name":"tau_sec","param_value_internal":0.0,"distribution":"{\"name\": \"FloatDistribution\", \"attributes\": {\"step\": null, \"low\": 0.0, \"high\": 0.0, \"log\": false}}"}
{"op_code":5,"worker_id":"ca27d457-fadf-483a-a30a-465ef41f328f-139754024333312","trial_id":59,"param_name":"ab_dw_min","param_value_internal":0.001981,"distribution":"{\"name\": \"FloatDistribution\", \"attributes\": {\"step\": null, \"low\": 0.001981, \"high\": 0.001981, \"log\": true}}"}
{"op_code":5,"worker_id":"ca27d457-fadf-483a-a30a-465ef41f328f-139754024333312","trial_id":59,"param_name":"ab_desired_bl","param_value_internal":31.0,"distribution":"{\"name\": \"IntDistribution\", \"attributes\": {\"log\": false, \"step\": 1, \"low\": 31, \"high\": 31}}"}
{"op_code":5,"worker_id":"ca27d457-fadf-483a-a30a-465ef41f328f-139754024333312","trial_id":59,"param_name":"a_reset_std","param_value_internal":1e-30,"distribution":"{\"name\": \"FloatDistribution\", \"attributes\": {\"step\": null, \"low\": 1e-30, \"high\": 1e-30, \"log\": true}}"}
{"op_code":5,"worker_id":"ca27d457-fadf-483a-a30a-465ef41f328f-139754024333312","trial_id":59,"param_name":"b_reset_std","param_value_internal":27233.868904934818,"distribution":"{\"name\": \"FloatDistribution\", \"attributes\": {\"step\": null, \"low\": 2e-05, \"high\": 30000.0, \"log\": true}}"}
{"op_code":5,"worker_id":"ca27d457-fadf-483a-a30a-465ef41f328f-139754024333312","trial_id":59,"param_name":"c_dw_min","param_value_internal":0.001,"distribution":"{\"name\": \"FloatDistribution\", \"attributes\": {\"step\": null, \"low\": 0.001, \"high\": 0.001, \"log\": true}}"}
{"op_code":5,"worker_id":"ca27d457-fadf-483a-a30a-465ef41f328f-139754024333312","trial_id":59,"param_name":"c_desired_bl","param_value_internal":31.0,"distribution":"{\"name\": \"IntDistribution\", \"attributes\": {\"log\": false, \"step\": 1, \"low\": 31, \"high\": 31}}"}
{"op_code":5,"worker_id":"ca27d457-fadf-483a-a30a-465ef41f328f-139754024333312","trial_id":59,"param_name":"out_noise","param_value_internal":0.0,"distribution":"{\"name\": \"FloatDistribution\", \"attributes\": {\"step\": null, \"low\": 0.0, \"high\": 0.0, \"log\": false}}"}
{"op_code":5,"worker_id":"ca27d457-fadf-483a-a30a-465ef41f328f-139754024333312","trial_id":59,"param_name":"ab_weight_scaling_omega","param_value_internal":0.0,"distribution":"{\"name\": \"FloatDistribution\", \"attributes\": {\"step\": null, \"low\": 0.0, \"high\": 0.0, \"log\": false}}"}
{"op_code":8,"worker_id":"ca27d457-fadf-483a-a30a-465ef41f328f-139754024333312","trial_id":59,"user_attr":{"grad_accum_steps":1}}
{"op_code":7,"worker_id":"ca27d457-fadf-483a-a30a-465ef41f328f-139754024333312","trial_id":59,"step":1,"intermediate_value":91.49}
{"op_code":8,"worker_id":"ca27d457-fadf-483a-a30a-465ef41f328f-139754024333312","trial_id":59,"user_attr":{"train_loss_epoch_1":0.4877677751518389}}
{"op_code":7,"worker_id":"ca27d457-fadf-483a-a30a-465ef41f328f-139754024333312","trial_id":59,"step":2,"intermediate_value":93.06}
{"op_code":8,"worker_id":"ca27d457-fadf-483a-a30a-465ef41f328f-139754024333312","trial_id":59,"user_attr":{"train_loss_epoch_2":0.2715898579610055}}
{"op_code":7,"worker_id":"ca27d457-fadf-483a-a30a-465ef41f328f-139754024333312","trial_id":59,"step":3,"intermediate_value":94.09}
{"op_code":8,"worker_id":"ca27d457-fadf-483a-a30a-465ef41f328f-139754024333312","trial_id":59,"user_attr":{"train_loss_epoch_3":0.22242594518259898}}
{"op_code":7,"worker_id":"ca27d457-fadf-483a-a30a-465ef41f328f-139754024333312","trial_id":59,"step":4,"intermediate_value":94.67}
{"op_code":8,"worker_id":"ca27d457-fadf-483a-a30a-465ef41f328f-139754024333312","trial_id":59,"user_attr":{"train_loss_epoch_4":0.18817904469237398}}
{"op_code":7,"worker_id":"ca27d457-fadf-483a-a30a-465ef41f328f-139754024333312","trial_id":59,"step":5,"intermediate_value":95.3}
{"op_code":8,"worker_id":"ca27d457-fadf-483a-a30a-465ef41f328f-139754024333312","trial_id":59,"user_attr":{"train_loss_epoch_5":0.1647181019091657}}
{"op_code":7,"worker_id":"ca27d457-fadf-483a-a30a-465ef41f328f-139754024333312","trial_id":59,"step":6,"intermediate_value":95.3}
{"op_code":8,"worker_id":"ca27d457-fadf-483a-a30a-465ef41f328f-139754024333312","trial_id":59,"user_attr":{"train_loss_epoch_6":0.14914810329056116}}
{"op_code":7,"worker_id":"ca27d457-fadf-483a-a30a-465ef41f328f-139754024333312","trial_id":59,"step":7,"intermediate_value":95.42}
{"op_code":8,"worker_id":"ca27d457-fadf-483a-a30a-465ef41f328f-139754024333312","trial_id":59,"user_attr":{"train_loss_epoch_7":0.13881930925929026}}
{"op_code":7,"worker_id":"ca27d457-fadf-483a-a30a-465ef41f328f-139754024333312","trial_id":59,"step":8,"intermediate_value":95.9}
{"op_code":8,"worker_id":"ca27d457-fadf-483a-a30a-465ef41f328f-139754024333312","trial_id":59,"user_attr":{"train_loss_epoch_8":0.12814059535831784}}
{"op_code":7,"worker_id":"ca27d457-fadf-483a-a30a-465ef41f328f-139754024333312","trial_id":59,"step":9,"intermediate_value":95.9}
{"op_code":8,"worker_id":"ca27d457-fadf-483a-a30a-465ef41f328f-139754024333312","trial_id":59,"user_attr":{"train_loss_epoch_9":0.12187736095296645}}
{"op_code":7,"worker_id":"ca27d457-fadf-483a-a30a-465ef41f328f-139754024333312","trial_id":59,"step":10,"intermediate_value":96.05}
{"op_code":8,"worker_id":"ca27d457-fadf-483a-a30a-465ef41f328f-139754024333312","trial_id":59,"user_attr":{"train_loss_epoch_10":0.11499524195499813}}
{"op_code":7,"worker_id":"ca27d457-fadf-483a-a30a-465ef41f328f-139754024333312","trial_id":59,"step":11,"intermediate_value":96.24}
{"op_code":8,"worker_id":"ca27d457-fadf-483a-a30a-465ef41f328f-139754024333312","trial_id":59,"user_attr":{"train_loss_epoch_11":0.10796748744303993}}
{"op_code":7,"worker_id":"ca27d457-fadf-483a-a30a-465ef41f328f-139754024333312","trial_id":59,"step":12,"intermediate_value":96.3}
{"op_code":8,"worker_id":"ca27d457-fadf-483a-a30a-465ef41f328f-139754024333312","trial_id":59,"user_attr":{"train_loss_epoch_12":0.10483992123591111}}
{"op_code":7,"worker_id":"ca27d457-fadf-483a-a30a-465ef41f328f-139754024333312","trial_id":59,"step":13,"intermediate_value":96.35}
{"op_code":8,"worker_id":"ca27d457-fadf-483a-a30a-465ef41f328f-139754024333312","trial_id":59,"user_attr":{"train_loss_epoch_13":0.10111269534134598}}
{"op_code":7,"worker_id":"ca27d457-fadf-483a-a30a-465ef41f328f-139754024333312","trial_id":59,"step":14,"intermediate_value":96.35}
{"op_code":8,"worker_id":"ca27d457-fadf-483a-a30a-465ef41f328f-139754024333312","trial_id":59,"user_attr":{"train_loss_epoch_14":0.0980268803987104}}
{"op_code":7,"worker_id":"ca27d457-fadf-483a-a30a-465ef41f328f-139754024333312","trial_id":59,"step":15,"intermediate_value":96.61}
{"op_code":8,"worker_id":"ca27d457-fadf-483a-a30a-465ef41f328f-139754024333312","trial_id":59,"user_attr":{"train_loss_epoch_15":0.09473003101731732}}
{"op_code":7,"worker_id":"ca27d457-fadf-483a-a30a-465ef41f328f-139754024333312","trial_id":59,"step":16,"intermediate_value":96.7}
{"op_code":8,"worker_id":"ca27d457-fadf-483a-a30a-465ef41f328f-139754024333312","trial_id":59,"user_attr":{"train_loss_epoch_16":0.09136355394171848}}
{"op_code":7,"worker_id":"ca27d457-fadf-483a-a30a-465ef41f328f-139754024333312","trial_id":59,"step":17,"intermediate_value":96.7}
{"op_code":8,"worker_id":"ca27d457-fadf-483a-a30a-465ef41f328f-139754024333312","trial_id":59,"user_attr":{"train_loss_epoch_17":0.08710058415725605}}
{"op_code":7,"worker_id":"ca27d457-fadf-483a-a30a-465ef41f328f-139754024333312","trial_id":59,"step":18,"intermediate_value":96.79}
{"op_code":8,"worker_id":"ca27d457-fadf-483a-a30a-465ef41f328f-139754024333312","trial_id":59,"user_attr":{"train_loss_epoch_18":0.08528991222484851}}
{"op_code":7,"worker_id":"ca27d457-fadf-483a-a30a-465ef41f328f-139754024333312","trial_id":59,"step":19,"intermediate_value":96.79}
{"op_code":8,"worker_id":"ca27d457-fadf-483a-a30a-465ef41f328f-139754024333312","trial_id":59,"user_attr":{"train_loss_epoch_19":0.08370616835609539}}
{"op_code":7,"worker_id":"ca27d457-fadf-483a-a30a-465ef41f328f-139754024333312","trial_id":59,"step":20,"intermediate_value":96.79}
{"op_code":8,"worker_id":"ca27d457-fadf-483a-a30a-465ef41f328f-139754024333312","trial_id":59,"user_attr":{"train_loss_epoch_20":0.08122632600245938}}
{"op_code":7,"worker_id":"ca27d457-fadf-483a-a30a-465ef41f328f-139754024333312","trial_id":59,"step":21,"intermediate_value":96.87}
{"op_code":8,"worker_id":"ca27d457-fadf-483a-a30a-465ef41f328f-139754024333312","trial_id":59,"user_attr":{"train_loss_epoch_21":0.07980610053342924}}
{"op_code":7,"worker_id":"ca27d457-fadf-483a-a30a-465ef41f328f-139754024333312","trial_id":59,"step":22,"intermediate_value":96.91}
{"op_code":8,"worker_id":"ca27d457-fadf-483a-a30a-465ef41f328f-139754024333312","trial_id":59,"user_attr":{"train_loss_epoch_22":0.078354173602024}}
{"op_code":7,"worker_id":"ca27d457-fadf-483a-a30a-465ef41f328f-139754024333312","trial_id":59,"step":23,"intermediate_value":96.91}
{"op_code":8,"worker_id":"ca27d457-fadf-483a-a30a-465ef41f328f-139754024333312","trial_id":59,"user_attr":{"train_loss_epoch_23":0.07685690663624872}}
{"op_code":7,"worker_id":"ca27d457-fadf-483a-a30a-465ef41f328f-139754024333312","trial_id":59,"step":24,"intermediate_value":96.98}
{"op_code":8,"worker_id":"ca27d457-fadf-483a-a30a-465ef41f328f-139754024333312","trial_id":59,"user_attr":{"train_loss_epoch_24":0.07539371277755702}}
{"op_code":7,"worker_id":"ca27d457-fadf-483a-a30a-465ef41f328f-139754024333312","trial_id":59,"step":25,"intermediate_value":97.08}
{"op_code":8,"worker_id":"ca27d457-fadf-483a-a30a-465ef41f328f-139754024333312","trial_id":59,"user_attr":{"train_loss_epoch_25":0.07409804824269069}}
{"op_code":7,"worker_id":"ca27d457-fadf-483a-a30a-465ef41f328f-139754024333312","trial_id":59,"step":26,"intermediate_value":97.08}
{"op_code":8,"worker_id":"ca27d457-fadf-483a-a30a-465ef41f328f-139754024333312","trial_id":59,"user_attr":{"train_loss_epoch_26":0.07186189549726876}}
{"op_code":7,"worker_id":"ca27d457-fadf-483a-a30a-465ef41f328f-139754024333312","trial_id":59,"step":27,"intermediate_value":97.08}
{"op_code":8,"worker_id":"ca27d457-fadf-483a-a30a-465ef41f328f-139754024333312","trial_id":59,"user_attr":{"train_loss_epoch_27":0.07115381213574251}}
{"op_code":7,"worker_id":"ca27d457-fadf-483a-a30a-465ef41f328f-139754024333312","trial_id":59,"step":28,"intermediate_value":97.08}
{"op_code":8,"worker_id":"ca27d457-fadf-483a-a30a-465ef41f328f-139754024333312","trial_id":59,"user_attr":{"train_loss_epoch_28":0.06939107353991664}}
{"op_code":7,"worker_id":"ca27d457-fadf-483a-a30a-465ef41f328f-139754024333312","trial_id":59,"step":29,"intermediate_value":97.08}
{"op_code":8,"worker_id":"ca27d457-fadf-483a-a30a-465ef41f328f-139754024333312","trial_id":59,"user_attr":{"train_loss_epoch_29":0.06869223786851586}}
{"op_code":7,"worker_id":"ca27d457-fadf-483a-a30a-465ef41f328f-139754024333312","trial_id":59,"step":30,"intermediate_value":97.08}
{"op_code":8,"worker_id":"ca27d457-fadf-483a-a30a-465ef41f328f-139754024333312","trial_id":59,"user_attr":{"train_loss_epoch_30":0.06745423964395532}}
{"op_code":6,"worker_id":"ca27d457-fadf-483a-a30a-465ef41f328f-139754024333312","trial_id":59,"state":1,"values":[97.08],"datetime_complete":"2026-05-08T04:54:46.937288"}
